[2026-07-26 23:43:36] 🚀 程序启动
[2026-07-26 23:43:36] 关键词: 105 个
[2026-07-26 23:43:36] 已加载黑名单: 9560 个
[2026-07-26 23:43:36] 加载 SHA 缓存 190439 条 (1 分片)
[2026-07-26 23:43:36] 🚀 程序启动 | 配额上限 4800/小时
[2026-07-26 23:43:36] 🔵 种子仓库: 38 个 → 队列
[2026-07-26 23:43:37] 仓库 https://github.com/mahdibland/V2RayAggregator (分支: master, size: 4513094KB, pushed: 2026-07-26T14:22:54Z)
[2026-07-26 23:43:37] ⏱️ Code [1/97] vmess:// extension:yaml | 1s | +0 节点 | 配额 4798/4800
[2026-07-26 23:43:38] 仓库 https://github.com/mahdibland/V2RayAggregator 候选文件较多 (1531 个)，先通过 commits API 过滤
[2026-07-26 23:43:39] 仓库 https://github.com/gfpcom/free-proxy-list (分支: main, size: 37091KB, pushed: 2026-07-26T15:32:20Z)
[2026-07-26 23:43:39] ⏱️ Code [2/97] vless:// extension:yaml | 1s | +0 节点 | 配额 4795/4800
[2026-07-26 23:43:40] ⏱️ Code [3/97] trojan:// extension:yaml | 2s | +0 节点 | 配额 4793/4800
[2026-07-26 23:43:42] 仓库 https://github.com/ninjastrikers/nexus-nodes (分支: main, size: 983122KB, pushed: 2026-07-26T13:50:43Z)[2026-07-26 23:43:42] 仓库 https://github.com/gfpcom/free-proxy-list 候选文件 2 个

[2026-07-26 23:43:42] 🔗 递归发现仓库 wiki/gfpcom (来源 https://raw.githubusercontent.com/gfpcom/free-proxy-list/main/README.md)
[2026-07-26 23:43:44] ⏱️ Code [4/97] ss:// extension:yaml | 3s | +2 节点 | 配额 4789/4800
[2026-07-26 23:43:44] repo info (wiki/gfpcom) 404，跳过
[2026-07-26 23:43:44] 🔗 查子仓库: gfpcom/free-proxy-list
[2026-07-26 23:43:45] 仓库 https://github.com/ninjastrikers/nexus-nodes 候选文件较多 (517 个)，先通过 commits API 过滤
[2026-07-26 23:43:45] 仓库 https://github.com/ermaozi/get_subscribe (分支: main, size: 223KB, pushed: 2026-07-26T12:29:03Z)[2026-07-26 23:43:45]   Compare API 返回 24 个变更文件 (3 次 API 调用)

[2026-07-26 23:43:45]   commits 过滤: 1531 → 24 (变更文件 24 个)[2026-07-26 23:43:45] ⏱️ Code [5/97] ssr:// extension:yaml | 2s | +0 节点 | 配额 4784/4800

[2026-07-26 23:43:45] 仓库 https://github.com/mahdibland/V2RayAggregator 候选文件 24 个
[2026-07-26 23:43:46] 🔗 递归发现仓库 mianfeifq/share (来源 https://raw.githubusercontent.com/mahdibland/V2RayAggregator/master/sub/sub_list.json)
[2026-07-26 23:43:47] 🔗 递归发现仓库 mahdibland/ShadowsocksAggregator (来源 https://raw.githubusercontent.com/mahdibland/V2RayAggregator/master/README.md)
[2026-07-26 23:43:48] ⏱️ Code [6/97] hysteria2:// extension:yaml | 2s | +2767 节点 | 配额 4782/4800
[2026-07-26 23:43:50] repo info (mianfeifq/share) 404，跳过[2026-07-26 23:43:50] 仓库 https://github.com/ermaozi/get_subscribe 候选文件 2 个
[2026-07-26 23:43:50]   🍴 子仓库: 30 个 → 发现队列 (队列: 0/600)[2026-07-26 23:43:50] 仓库 https://github.com/mahdibland/ShadowsocksAggregator (分支: master, size: 4513094KB, pushed: 2026-07-26T14:22:54Z)


[2026-07-26 23:43:51] 🔗 递归发现仓库 vpei/Free-Node-Merge (来源 https://raw.githubusercontent.com/mahdibland/V2RayAggregator/master/sub/sub_list.json)[2026-07-26 23:43:51] 🔗 开始 Fork 链追踪 (gfpcom/free-proxy-list)

[2026-07-26 23:43:52] ⏱️ Code [7/97] hy2:// extension:yaml | 5s | +0 节点 | 配额 4774/4800
[2026-07-26 23:43:53] repo info (vpei/Free-Node-Merge) 返回 403 (尝试 1/2)[2026-07-26 23:43:53] ⏱️ Code [8/97] tuic:// extension:yaml | 0s | +1135 节点 | 配额 4771/4800
[2026-07-26 23:43:53] 👤 遍历用户仓库: gfpcom
[2026-07-26 23:43:53] repo info (vpei/Free-Node-Merge) 403（访问被拒，配额剩余 4979），跳过

[2026-07-26 23:43:54] 📦 批次 0001 已持久化: /home/runner/work/test-college/test-college/batches/no_batch_0001.txt (5001 个节点, 累计 5001 个) | 主队列 2/200, 发现队列 0/600[2026-07-26 23:43:54] 🔗 查子仓库: ermaozi/get_subscribe

[2026-07-26 23:43:54] 🔗 递归发现仓库 ssrsub/ssr (来源 https://raw.githubusercontent.com/mahdibland/V2RayAggregator/master/sub/sub_list.json)
[2026-07-26 23:43:56] ⏱️ Code [9/97] vmess:// extension:yml | 2s | +1 节点 | 配额 4767/4800
[2026-07-26 23:43:59] 仓库 https://github.com/ssrsub/ssr (分支: master, size: 22956KB, pushed: 2026-07-26T02:52:18Z)
[2026-07-26 23:44:00] SHA 缓存已保存: 190461 条, 1 分片
[2026-07-26 23:44:00] 仓库 https://github.com/mahdibland/ShadowsocksAggregator 候选文件较多 (1512 个)，先通过 commits API 过滤
[2026-07-26 23:44:01]   Compare API 返回 300 个变更文件 (3 次 API 调用)
[2026-07-26 23:44:01]   commits 过滤: 517 → 290 (变更文件 300 个)
[2026-07-26 23:44:01] 仓库 https://github.com/ninjastrikers/nexus-nodes 候选文件 290 个
[2026-07-26 23:44:01] ⏱️ Code [10/97] vless:// extension:yml | 4s | +0 节点 | 配额 4762/4800
[2026-07-26 23:44:01] Code搜索第1页 返回 403 (尝试 1/2)
[2026-07-26 23:44:01] 触发限流，等待 41s ...
[2026-07-26 23:44:01]   👤 用户仓库: 4 个 → 发现队列 (队列: 0/600)
[2026-07-26 23:44:01]   用户 gfpcom 共查 4 个仓库
[2026-07-26 23:44:01] 仓库 https://github.com/pawdroid/Free-servers (分支: main, size: 84KB, pushed: 2026-07-26T15:00:46Z)
[2026-07-26 23:44:03] 仓库 https://github.com/ssrsub/ssr 候选文件 3 个
[2026-07-26 23:44:03]   🍴 子仓库: 30 个 → 发现队列 (队列: 0/600)
[2026-07-26 23:44:03] 🔗 开始 Fork 链追踪 (ermaozi/get_subscribe)
[2026-07-26 23:44:04] 🔗 查子仓库: ssrsub/ssr
[2026-07-26 23:44:05] 仓库 https://github.com/pawdroid/Free-servers 候选文件 32 个
[2026-07-26 23:44:05] 👤 遍历用户仓库: ermaozi
[2026-07-26 23:44:06] 🔗 发现仓库链接 2dust/v2ray (来源 https://raw.githubusercontent.com/pawdroid/Free-servers/main/static/README-en.md)
[2026-07-26 23:44:06] 🔗 发现仓库链接 Cenmrev/V2Ray (来源 https://raw.githubusercontent.com/pawdroid/Free-servers/main/static/README-pt-BR.md)
[2026-07-26 23:44:06] 🔗 发现仓库链接 Fndroid/clash_for_windows_pk (来源 https://raw.githubusercontent.com/pawdroid/Free-servers/main/static/README-pl.md)
[2026-07-26 23:44:06] 🔗 发现仓库链接 Shinlor/V2Ray (来源 https://raw.githubusercontent.com/pawdroid/Free-servers/main/static/README-id.md)[2026-07-26 23:44:06] 🔗 发现仓库链接 mellow-io/mello (来源 https://raw.githubusercontent.com/pawdroid/Free-servers/main/static/README-de.md)
[2026-07-26 23:44:06] 🔗 发现仓库链接 Pawdroid/shadowrocket_for_androi (来源 https://raw.githubusercontent.com/pawdroid/Free-servers/main/static/README-ko-KR.md)
[2026-07-26 23:44:07] 🔗 发现仓库链接 2dust/v2rayN (来源 https://raw.githubusercontent.com/pawdroid/Free-servers/main/README.md)[2026-07-26 23:44:07] 🔗 发现仓库链接 Kr328/ClashForAndroi (来源 https://raw.githubusercontent.com/pawdroid/Free-servers/main/static/README-fr.md)

[2026-07-26 23:44:07] 🔗 发现仓库链接 yichenchen/clash (来源 https://raw.githubusercontent.com/pawdroid/Free-servers/main/static/README-vi.md)[2026-07-26 23:44:07] 🔗 发现仓库链接 yanue/V2ray (来源 https://raw.githubusercontent.com/pawdroid/Free-servers/main/static/README-hi.md)
[2026-07-26 23:44:07] 🔗 发现仓库链接 yichengchen/clash (来源 https://raw.githubusercontent.com/pawdroid/Free-servers/main/static/README-es.md)


[2026-07-26 23:44:07] 🔗 发现仓库链接 shadowsocksrr/shadowsocksr-cshar (来源 https://raw.githubusercontent.com/pawdroid/Free-servers/main/static/README-ru.md)[2026-07-26 23:44:07] 🔗 发现仓库链接 shadowsocksrr/shadowsocksr-androi (来源 https://raw.githubusercontent.com/pawdroid/Free-servers/main/static/README-ar.md)
[2026-07-26 23:44:07] 🔗 发现仓库链接 qinyuhang/ShadowsocksX-NG- (来源 https://raw.githubusercontent.com/pawdroid/Free-servers/main/static/README-ur-PK.md)

[2026-07-26 23:44:09] repo info (2dust/v2ray) 404，跳过
[2026-07-26 23:44:09] repo info (yichengchen/clash) 404，跳过[2026-07-26 23:44:09] repo info (Shinlor/V2Ray) 404，跳过[2026-07-26 23:44:09] repo info (Cenmrev/V2Ray) 404，跳过[2026-07-26 23:44:09] repo info (Pawdroid/shadowrocket_for_androi) 404，跳过
[2026-07-26 23:44:09] repo info (mellow-io/mello) 404，跳过[2026-07-26 23:44:09] repo info (Fndroid/clash_for_windows_pk) 404，跳过[2026-07-26 23:44:10] repo info (yichenchen/clash) 404，跳过[2026-07-26 23:44:10]   👤 用户仓库: 21 个 → 发现队列 (队列: 0/600)[2026-07-26 23:44:10] repo info (Kr328/ClashForAndroi) 404，跳过[2026-07-26 23:44:10] repo info (shadowsocksrr/shadowsocksr-androi) 404，跳过[2026-07-26 23:44:10] repo info (qinyuhang/ShadowsocksX-NG-) 404，跳过
[2026-07-26 23:44:10] 仓库 https://github.com/2dust/v2rayN (分支: master, size: 49109KB, pushed: 2026-07-26T13:28:23Z)[2026-07-26 23:44:10] repo info (yanue/V2ray) 404，跳过

[2026-07-26 23:44:10] repo info (shadowsocksrr/shadowsocksr-cshar) 404，跳过








[2026-07-26 23:44:11]   用户 ermaozi 共查 21 个仓库

[2026-07-26 23:44:13]   🍴 子仓库: 30 个 → 发现队列 (队列: 0/600)
[2026-07-26 23:44:13] 🔗 开始 Fork 链追踪 (ssrsub/ssr)[2026-07-26 23:44:13] ⏭️ 仓库 https://github.com/sevcator/5ubscrpt10n 26h 未更新，跳过解析（追踪 fork 链）

[2026-07-26 23:44:13] 🔗 查子仓库: sevcator/5ubscrpt10n
[2026-07-26 23:44:16] 🔗 查子仓库: ninjastrikers/nexus-nodes
[2026-07-26 23:44:21] 仓库 https://github.com/2dust/v2rayN 候选文件 1 个
[2026-07-26 23:44:21]   Compare API 返回 24 个变更文件 (3 次 API 调用)
[2026-07-26 23:44:21]   commits 过滤: 1512 → 5 (变更文件 24 个)
[2026-07-26 23:44:21] 👤 遍历用户仓库: ssrsub
[2026-07-26 23:44:21] 仓库 https://github.com/mahdibland/ShadowsocksAggregator 候选文件 5 个
[2026-07-26 23:44:21] 仓库 https://github.com/2dust/v2rayN 未提取到节点，加入黑名单
[2026-07-26 23:44:21] 🔗 查子仓库: pawdroid/Free-servers
[2026-07-26 23:44:23]   🍴 子仓库: 22 个 → 发现队列 (队列: 0/600)
[2026-07-26 23:44:23] 🔗 开始 Fork 链追踪 (sevcator/5ubscrpt10n)
[2026-07-26 23:44:25]   🍴 子仓库: 6 个 → 发现队列 (队列: 0/600)
[2026-07-26 23:44:25] 🔗 开始 Fork 链追踪 (ninjastrikers/nexus-nodes)
[2026-07-26 23:44:27] 👤 遍历用户仓库: sevcator
[2026-07-26 23:44:27]   👤 用户仓库: 5 个 → 发现队列 (队列: 0/600)
[2026-07-26 23:44:27]   用户 ssrsub 共查 5 个仓库
[2026-07-26 23:44:27] 🔗 递归发现仓库 mahdibland/ShadowsocksAggregator (来源 https://raw.githubusercontent.com/mahdibland/V2RayAggregator/master/sub/sub_list.json)
[2026-07-26 23:44:27] 👤 遍历用户仓库: ninjastrikers
[2026-07-26 23:44:29]   🍴 子仓库: 30 个 → 发现队列 (队列: 0/600)
[2026-07-26 23:44:29] 🔗 开始 Fork 链追踪 (pawdroid/Free-servers)
[2026-07-26 23:44:29]   👤 用户仓库: 30 个 → 发现队列 (队列: 0/600)
[2026-07-26 23:44:29]   用户 sevcator 共查 30 个仓库
[2026-07-26 23:44:29] 仓库 https://github.com/roosterkid/openproxylist (分支: main, size: 1074243KB, pushed: 2026-07-26T15:00:26Z)
[2026-07-26 23:44:29] 👤 遍历用户仓库: pawdroid
[2026-07-26 23:44:32] 仓库 https://github.com/mahdibland/ShadowsocksAggregator (分支: master, size: 4513094KB, pushed: 2026-07-26T14:22:54Z)[2026-07-26 23:44:32] 仓库 https://github.com/roosterkid/openproxylist 候选文件 9 个

[2026-07-26 23:44:34] 🔗 查子仓库: mahdibland/ShadowsocksAggregator
[2026-07-26 23:44:34] 🔗 查子仓库: roosterkid/openproxylist
[2026-07-26 23:44:36]   👤 用户仓库: 30 个 → 发现队列 (队列: 0/600)
[2026-07-26 23:44:36]   用户 ninjastrikers 共查 30 个仓库
[2026-07-26 23:44:36] 仓库 https://github.com/V2RayRoot/V2RayConfig (分支: main, size: 508365KB, pushed: 2026-07-26T15:38:10Z)
[2026-07-26 23:44:36] 仓库 https://github.com/mahdibland/ShadowsocksAggregator 候选文件较多 (1507 个)，先通过 commits API 过滤
[2026-07-26 23:44:36]   👤 用户仓库: 15 个 → 发现队列 (队列: 0/600)
[2026-07-26 23:44:36]   用户 pawdroid 共查 15 个仓库
[2026-07-26 23:44:36] 仓库 https://github.com/Farid-Karimi/Config-Collector (分支: main, size: 338462KB, pushed: 2026-07-26T15:05:43Z)
[2026-07-26 23:44:36] 仓库 https://github.com/V2RayRoot/V2RayConfig 无候选文件 (总计 19 blob, 扩展名过滤 2, processed_shas 跳过 0, SHA 缓存跳过 17)
[2026-07-26 23:44:36] 🔗 查子仓库: V2RayRoot/V2RayConfig
[2026-07-26 23:44:38] 仓库 https://github.com/Farid-Karimi/Config-Collector 候选文件 5 个
[2026-07-26 23:44:40] 📦 批次 0002 已持久化: /home/runner/work/test-college/test-college/batches/no_batch_0002.txt (5192 个节点, 累计 10193 个) | 主队列 7/200, 发现队列 0/600
[2026-07-26 23:44:40] SHA 缓存已保存: 190741 条, 1 分片
[2026-07-26 23:44:42] 🔗 查子仓库: Farid-Karimi/Config-Collector
[2026-07-26 23:44:42]   🍴 子仓库: 30 个 → 发现队列 (队列: 0/600)
[2026-07-26 23:44:42] 🔗 开始 Fork 链追踪 (mahdibland/ShadowsocksAggregator)
[2026-07-26 23:44:42]   🍴 子仓库: 19 个 → 发现队列 (队列: 0/600)
[2026-07-26 23:44:42] 🔗 开始 Fork 链追踪 (V2RayRoot/V2RayConfig)
[2026-07-26 23:44:44] 👤 遍历用户仓库: mahdibland
[2026-07-26 23:44:44]   🍴 子仓库: 30 个 → 发现队列 (队列: 0/600)[2026-07-26 23:44:44]   Compare API 返回 24 个变更文件 (3 次 API 调用)
[2026-07-26 23:44:44] ⏱️ Code [11/97] trojan:// extension:yml | 44s | +5812 节点 | 配额 4688/4800

[2026-07-26 23:44:44] 🔗 开始 Fork 链追踪 (roosterkid/openproxylist)[2026-07-26 23:44:44]   commits 过滤: 1507 → 0 (变更文件 24 个)

[2026-07-26 23:44:44] 仓库 https://github.com/mahdibland/ShadowsocksAggregator 候选文件经时间过滤后为空
[2026-07-26 23:44:44] 🔗 查子仓库: mahdibland/ShadowsocksAggregator
[2026-07-26 23:44:46] 👤 遍历用户仓库: V2RayRoot
[2026-07-26 23:44:48]   🍴 子仓库: 2 个 → 发现队列 (队列: 0/600)[2026-07-26 23:44:48] 👤 遍历用户仓库: roosterkid

[2026-07-26 23:44:48] 🔗 开始 Fork 链追踪 (Farid-Karimi/Config-Collector)
[2026-07-26 23:44:50] ⏱️ Code [12/97] ss:// extension:yml | 6s | +0 节点 | 配额 4680/4800
[2026-07-26 23:44:52]   👤 用户仓库: 19 个 → 发现队列 (队列: 0/600)
[2026-07-26 23:44:52]   父仓库: mrvcoder/V2rayCollector[2026-07-26 23:44:52]   用户 mahdibland 共查 19 个仓库
[2026-07-26 23:44:52] 仓库在黑名单中: https://github.com/mrvcoder/V2rayCollector

[2026-07-26 23:44:52] 🔗 发现仓库链接 mahdibland/SSAggregator (来源 https://raw.githubusercontent.com/mahdibland/V2RayAggregator/master/README.md)
[2026-07-26 23:44:52]   父仓库 +0 个节点
[2026-07-26 23:44:54]   👤 用户仓库: 7 个 → 发现队列 (队列: 0/600)
[2026-07-26 23:44:54]   用户 V2RayRoot 共查 7 个仓库
[2026-07-26 23:44:54] 仓库在黑名单中: https://github.com/ehsanghaffar/config-sub-platform
[2026-07-26 23:44:54]   🍴 子仓库: 23 个 → 发现队列 (队列: 0/600)
[2026-07-26 23:44:54] 仓库在黑名单中: https://github.com/Airuop/config-fetcher[2026-07-26 23:44:54] 🔗 开始 Fork 链追踪 (mahdibland/ShadowsocksAggregator)

[2026-07-26 23:44:54] 仓库 https://github.com/free-nodes/v2rayfree (分支: main, size: 21400KB, pushed: 2026-07-26T13:37:43Z)
[2026-07-26 23:44:56]   👤 用户仓库: 11 个 → 发现队列 (队列: 0/600)
[2026-07-26 23:44:56] 仓库 https://github.com/mahdibland/SSAggregator (分支: master, size: 4513094KB, pushed: 2026-07-26T14:22:54Z)
[2026-07-26 23:44:56] ⏱️ Code [13/97] hysteria2:// extension:yml | 4s | +0 节点 | 配额 4670/4800[2026-07-26 23:44:56]   用户 roosterkid 共查 11 个仓库

[2026-07-26 23:44:56] 仓库在黑名单中: https://github.com/crashgfw/free-airport-nodes
[2026-07-26 23:44:56] 仓库在黑名单中: https://github.com/lza6/free-VPN
[2026-07-26 23:44:56] 仓库在黑名单中: https://github.com/guying23/AutoMergePublicNodes
[2026-07-26 23:44:56] 仓库 https://github.com/rtwo2/FastNodes (分支: main, size: 1832414KB, pushed: 2026-07-26T13:37:16Z)
[2026-07-26 23:44:58] 仓库 https://github.com/free-nodes/v2rayfree 候选文件 3 个
[2026-07-26 23:44:58] 👤 遍历用户仓库: mahdibland
[2026-07-26 23:44:59] 🔗 发现仓库链接 clashbk/clas (来源 https://raw.githubusercontent.com/free-nodes/v2rayfree/main/README.md)
[2026-07-26 23:45:00] 仓库 https://github.com/rtwo2/FastNodes 候选文件较多 (181 个)，先通过 commits API 过滤[2026-07-26 23:45:00]   🍴 兄弟仓库: 30 个 → 发现队列 (队列: 0/600)[2026-07-26 23:45:00] 仓库 https://github.com/mahdibland/SSAggregator 候选文件较多 (1507 个)，先通过 commits API 过滤


[2026-07-26 23:45:00] 👤 遍历用户仓库: Farid-Karimi
[2026-07-26 23:45:00] ⏱️ Code [14/97] tuic:// extension:yml | 4s | +457 节点 | 配额 4664/4800
[2026-07-26 23:45:04] repo info (clashbk/clas) 404，跳过
[2026-07-26 23:45:04] 🔗 发现仓库链接 free-nodes/clashfree (来源 https://raw.githubusercontent.com/free-nodes/v2rayfree/main/README.md)
[2026-07-26 23:45:06]   用户 mahdibland 共查 0 个仓库
[2026-07-26 23:45:06] 🔗 递归发现仓库 anaer/Sub (来源 https://raw.githubusercontent.com/mahdibland/V2RayAggregator/master/sub/sub_list.json)
[2026-07-26 23:45:06] ⏱️ Code [15/97] vmess:// extension:json | 4s | +0 节点 | 配额 4656/4800
[2026-07-26 23:45:06]   👤 用户仓库: 29 个 → 发现队列 (队列: 0/600)
[2026-07-26 23:45:06]   用户 Farid-Karimi 共查 29 个仓库
[2026-07-26 23:45:06] ⏭️ 仓库 https://github.com/wzdnzd/aggregator 87h 未更新，跳过解析（追踪 fork 链）
[2026-07-26 23:45:06] 🔗 查子仓库: wzdnzd/aggregator
[2026-07-26 23:45:08] 仓库 https://github.com/free-nodes/clashfree (分支: main, size: 18572KB, pushed: 2026-07-26T14:13:47Z)
[2026-07-26 23:45:08] ⏱️ Code [16/97] vless:// extension:json | 2s | +0 节点 | 配额 4650/4800
[2026-07-26 23:45:13] 仓库 https://github.com/free-nodes/clashfree 候选文件 2 个
[2026-07-26 23:45:13] 仓库 https://github.com/anaer/Sub (分支: main, size: 96KB, pushed: 2026-07-26T11:20:22Z)
[2026-07-26 23:45:13]   Compare API 返回 24 个变更文件 (3 次 API 调用)[2026-07-26 23:45:13]   Compare API 返回 184 个变更文件 (3 次 API 调用)

[2026-07-26 23:45:13]   commits 过滤: 181 → 181 (变更文件 184 个)[2026-07-26 23:45:13]   commits 过滤: 1507 → 0 (变更文件 24 个)

[2026-07-26 23:45:13] 仓库 https://github.com/rtwo2/FastNodes 候选文件 181 个
[2026-07-26 23:45:13] 仓库 https://github.com/mahdibland/SSAggregator 候选文件经时间过滤后为空
[2026-07-26 23:45:13] 🔗 查子仓库: mahdibland/SSAggregator
[2026-07-26 23:45:15]   🍴 子仓库: 30 个 → 发现队列 (队列: 0/600)[2026-07-26 23:45:15] 🔗 发现仓库链接 free-nodes/clashfre (来源 https://raw.githubusercontent.com/free-nodes/clashfree/main/README.md)[2026-07-26 23:45:15] 仓库 https://github.com/anaer/Sub 候选文件 1 个[2026-07-26 23:45:15] ⏱️ Code [17/97] trojan:// extension:json | 4s | +404 节点 | 配额 4642/4800



[2026-07-26 23:45:15] 🔗 开始 Fork 链追踪 (wzdnzd/aggregator)
[2026-07-26 23:45:18] ⏱️ Code [18/97] ss:// extension:json | 3s | +1207 节点 | 配额 4638/4800[2026-07-26 23:45:18] repo info (free-nodes/clashfre) 404，跳过

[2026-07-26 23:45:20] 👤 遍历用户仓库: wzdnzd
[2026-07-26 23:45:20] 🔗 开始 Fork 链追踪 (mahdibland/SSAggregator)
[2026-07-26 23:45:22] 📦 批次 0003 已持久化: /home/runner/work/test-college/test-college/batches/no_batch_0003.txt (5091 个节点, 累计 15284 个) | 主队列 8/200, 发现队列 0/600
[2026-07-26 23:45:22] ⏱️ Code [19/97] hysteria2:// extension:json | 5s | +2134 节点 | 配额 4632/4800
[2026-07-26 23:45:23] 👤 遍历用户仓库: mahdibland[2026-07-26 23:45:24] ⏱️ Code [20/97] hy2:// extension:json | 1s | +0 节点 | 配额 4630/4800

[2026-07-26 23:45:24] Code搜索第1页 返回 403 (尝试 1/2)
[2026-07-26 23:45:24] 触发限流，等待 23s ...
[2026-07-26 23:45:32] SHA 缓存已保存: 190875 条, 1 分片
[2026-07-26 23:45:34]   用户 mahdibland 共查 0 个仓库
[2026-07-26 23:45:34] 🔗 发现仓库链接 ldir92664/Vmess-Actions (来源 https://raw.githubusercontent.com/mahdibland/V2RayAggregator/master/README.md)
[2026-07-26 23:45:34]   👤 用户仓库: 30 个 → 发现队列 (队列: 0/600)
[2026-07-26 23:45:34]   用户 wzdnzd 共查 30 个仓库
[2026-07-26 23:45:34] 仓库 https://github.com/aiboboxx/v2rayfree (分支: main, size: 21400KB, pushed: 2026-07-26T13:37:43Z)
[2026-07-26 23:45:35] 🔗 查子仓库: free-nodes/clashfree
[2026-07-26 23:45:35] 🔗 发现仓库链接 xishang0128/geoi (来源 https://raw.githubusercontent.com/anaer/Sub/main/clash.yaml)
[2026-07-26 23:45:35] repo info (xishang0128/geoi) 404，跳过[2026-07-26 23:45:35] repo info (ldir92664/Vmess-Actions) 404，跳过
[2026-07-26 23:45:35] 仓库 https://github.com/aiboboxx/v2rayfree 候选文件 2 个

[2026-07-26 23:45:36] 🔗 发现仓库链接 anaer/Sub (来源 https://raw.githubusercontent.com/mahdibland/V2RayAggregator/master/README.md)
[2026-07-26 23:45:37] 🔗 查子仓库: anaer/Sub
[2026-07-26 23:45:40] 仓库 https://github.com/anaer/Sub (分支: main, size: 96KB, pushed: 2026-07-26T11:20:22Z)
[2026-07-26 23:45:41] 仓库 https://github.com/anaer/Sub 无候选文件 (总计 3 blob, 扩展名过滤 0, processed_shas 跳过 1, SHA 缓存跳过 2)
[2026-07-26 23:45:41] 🔗 查子仓库: anaer/Sub
[2026-07-26 23:45:42]   🍴 子仓库: 30 个 → 发现队列 (队列: 0/600)
[2026-07-26 23:45:42] 🔗 开始 Fork 链追踪 (free-nodes/clashfree)
[2026-07-26 23:45:43] 👤 遍历用户仓库: free-nodes
[2026-07-26 23:45:43] 📦 批次 0004 已持久化: /home/runner/work/test-college/test-college/batches/no_batch_0004.txt (5543 个节点, 累计 20827 个) | 主队列 15/200, 发现队列 0/600[2026-07-26 23:45:43] repo info (alanbobs999/TopFreeProxies) 返回 403 (尝试 1/2)

[2026-07-26 23:45:45] repo info (alanbobs999/TopFreeProxies) 403（访问被拒，配额剩余 4874），跳过
[2026-07-26 23:45:49] ⏱️ Code [21/97] tuic:// extension:json | 25s | +5815 节点 | 配额 4601/4800
[2026-07-26 23:45:49] ⏱️ Code [22/97] vmess:// extension:txt | 0s | +0 节点 | 配额 4600/4800
[2026-07-26 23:45:50] ⏱️ Code [23/97] vless:// extension:txt | 0s | +0 节点 | 配额 4599/4800
[2026-07-26 23:45:51] ⏱️ Code [24/97] trojan:// extension:txt | 1s | +0 节点 | 配额 4598/4800
[2026-07-26 23:45:52] ⏱️ Code [25/97] ss:// extension:txt | 1s | +0 节点 | 配额 4597/4800
[2026-07-26 23:45:53] ⏱️ Code [26/97] ssr:// extension:txt | 1s | +0 节点 | 配额 4596/4800
[2026-07-26 23:45:54] ⏱️ Code [27/97] hysteria2:// extension:txt | 1s | +0 节点 | 配额 4595/4800
[2026-07-26 23:45:55] ⏱️ Code [28/97] hy2:// extension:txt | 0s | +0 节点 | 配额 4594/4800
[2026-07-26 23:45:55] ⏱️ Code [29/97] tuic:// extension:txt | 1s | +0 节点 | 配额 4593/4800
[2026-07-26 23:45:56] ⏱️ Code [30/97] vmess:// extension:conf | 0s | +0 节点 | 配额 4592/4800
[2026-07-26 23:45:56] Code搜索第1页 返回 403 (尝试 1/2)
[2026-07-26 23:45:56] 触发限流，等待 57s ...
[2026-07-26 23:45:56] SHA 缓存已保存: 190900 条, 1 分片
[2026-07-26 23:45:56]   👤 用户仓库: 10 个 → 发现队列 (队列: 0/600)
[2026-07-26 23:45:56]   用户 free-nodes 共查 10 个仓库
[2026-07-26 23:45:56]   🍴 子仓库: 26 个 → 发现队列 (队列: 0/600)
[2026-07-26 23:45:56] 🔗 开始 Fork 链追踪 (anaer/Sub)
[2026-07-26 23:45:56]   🍴 子仓库: 30 个 → 发现队列 (队列: 0/600)
[2026-07-26 23:45:56] 🔗 开始 Fork 链追踪 (anaer/Sub)
[2026-07-26 23:45:56] 👤 遍历用户仓库: anaer
[2026-07-26 23:45:56] 👤 遍历用户仓库: anaer
[2026-07-26 23:45:57] 📦 批次 0005 已持久化: /home/runner/work/test-college/test-college/batches/no_batch_0005.txt (5149 个节点, 累计 25976 个) | 主队列 17/200, 发现队列 0/600
[2026-07-26 23:46:01] SHA 缓存已保存: 190917 条, 1 分片
[2026-07-26 23:46:02] 🔵 关键词: 147 个
[2026-07-26 23:46:12]   👤 用户仓库: 30 个 → 发现队列 (队列: 0/600)
[2026-07-26 23:46:12]   用户 anaer 共查 30 个仓库
[2026-07-26 23:46:12]   👤 用户仓库: 30 个 → 发现队列 (队列: 0/600)
[2026-07-26 23:46:12]   用户 anaer 共查 30 个仓库
[2026-07-26 23:46:12] 🔗 递归发现仓库 kxswa/k (来源 https://raw.githubusercontent.com/mahdibland/V2RayAggregator/master/sub/sub_list.json)
[2026-07-26 23:46:12] 🔗 发现仓库链接 peasoft/NoMoreWalls (来源 https://raw.githubusercontent.com/mahdibland/V2RayAggregator/master/README.md)
[2026-07-26 23:46:13] ⚠️ 仓库 https://github.com/kxswa/k 大小为 0，跳过
[2026-07-26 23:46:13] 🔗 递归发现仓库 Rokate/Proxy-Sub (来源 https://raw.githubusercontent.com/mahdibland/V2RayAggregator/master/sub/sub_list.json)
[2026-07-26 23:46:13] 仓库 https://github.com/peasoft/NoMoreWalls (分支: master, size: 5044372KB, pushed: 2026-07-26T13:42:46Z)
[2026-07-26 23:46:14] repo info (Rokate/Proxy-Sub) 404，跳过
[2026-07-26 23:46:14] 🔗 递归发现仓库 vveg26/SubAutoConv (来源 https://raw.githubusercontent.com/mahdibland/V2RayAggregator/master/sub/sub_list.json)
[2026-07-26 23:46:14] 仓库 https://github.com/peasoft/NoMoreWalls 候选文件 25 个
[2026-07-26 23:46:15] repo info (vveg26/SubAutoConv) 404，跳过
[2026-07-26 23:46:15] 🔗 递归发现仓库 tbbatbb/Proxy (来源 https://raw.githubusercontent.com/mahdibland/V2RayAggregator/master/sub/sub_list.json)
[2026-07-26 23:46:16] repo info (tbbatbb/Proxy) 404，跳过
[2026-07-26 23:46:18] 🔗 递归发现仓库 paimonhub/Paimonnode (来源 https://raw.githubusercontent.com/mahdibland/V2RayAggregator/master/sub/sub_list.json)
[2026-07-26 23:46:19] repo info (paimonhub/Paimonnode) 返回 403 (尝试 1/2)
[2026-07-26 23:46:19] repo info (paimonhub/Paimonnode) 403（访问被拒，配额剩余 4860），跳过
[2026-07-26 23:46:21] 🔗 递归发现仓库 vveg26/get_proxy (来源 https://raw.githubusercontent.com/mahdibland/V2RayAggregator/master/sub/sub_list.json)
[2026-07-26 23:46:22] repo info (vveg26/get_proxy) 404，跳过
[2026-07-26 23:46:22] 🔗 递归发现仓库 ew732e8d8h1hi/q832yqwdu21u (来源 https://raw.githubusercontent.com/mahdibland/V2RayAggregator/master/sub/sub_list.json)
[2026-07-26 23:46:23] repo info (ew732e8d8h1hi/q832yqwdu21u) 404，跳过
[2026-07-26 23:46:31] 🔗 递归发现仓库 lisylva-lee/v2dyku (来源 https://raw.githubusercontent.com/mahdibland/V2RayAggregator/master/sub/sub_list.json)
[2026-07-26 23:46:32] repo info (lisylva-lee/v2dyku) 404，跳过
[2026-07-26 23:46:32] 🔗 递归发现仓库 budamu/clashconfig (来源 https://raw.githubusercontent.com/mahdibland/V2RayAggregator/master/sub/sub_list.json)
[2026-07-26 23:46:32] repo info (budamu/clashconfig) 404，跳过
[2026-07-26 23:46:33] 🔗 查子仓库: peasoft/NoMoreWalls
[2026-07-26 23:46:33] 🔗 递归发现仓库 songtao1873/clash (来源 https://raw.githubusercontent.com/mahdibland/V2RayAggregator/master/sub/sub_list.json)
[2026-07-26 23:46:34] repo info (songtao1873/clash) 404，跳过
[2026-07-26 23:46:34] 🔗 递归发现仓库 SnapdragonLee/SystemProxy (来源 https://raw.githubusercontent.com/mahdibland/V2RayAggregator/master/sub/sub_list.json)
[2026-07-26 23:46:35] 🔗 查子仓库: aiboboxx/v2rayfree
[2026-07-26 23:46:35] 🔗 查子仓库: free-nodes/v2rayfree
[2026-07-26 23:46:35] ⏱️ [1/147] free nodes pushed:>2026-07-25T15:43:36Z fork:true -language: | 33s | +4951 | 配额 4566/4800
[2026-07-26 23:46:35] 📦 批次 0006 已持久化: /home/runner/work/test-college/test-college/batches/no_batch_0006.txt (5252 个节点, 累计 31250 个) | 主队列 79/200, 发现队列 0/600
[2026-07-26 23:46:35] 仓库 https://github.com/SnapdragonLee/SystemProxy (分支: master, size: 10032KB, pushed: 2026-07-26T03:15:16Z)
[2026-07-26 23:46:35] SHA 缓存已保存: 190945 条, 1 分片
[2026-07-26 23:46:35]   🍴 子仓库: 30 个 → 发现队列 (队列: 0/600)
[2026-07-26 23:46:35] 🔗 开始 Fork 链追踪 (peasoft/NoMoreWalls)
[2026-07-26 23:46:35] 仓库 https://github.com/SnapdragonLee/SystemProxy 候选文件 2 个
[2026-07-26 23:46:36] 👤 遍历用户仓库: peasoft
[2026-07-26 23:46:36] 📦 批次 0007 已持久化: /home/runner/work/test-college/test-college/batches/no_batch_0007.txt (5119 个节点, 累计 36357 个) | 主队列 79/200, 发现队列 0/600
[2026-07-26 23:46:36] SHA 缓存已保存: 190949 条, 1 分片
[2026-07-26 23:46:36]   🍴 子仓库: 30 个 → 发现队列 (队列: 0/600)
[2026-07-26 23:46:36] 🔗 开始 Fork 链追踪 (free-nodes/v2rayfree)
[2026-07-26 23:46:36]   🍴 子仓库: 16 个 → 发现队列 (队列: 0/600)
[2026-07-26 23:46:36] 🔗 开始 Fork 链追踪 (aiboboxx/v2rayfree)
[2026-07-26 23:46:36] 👤 遍历用户仓库: free-nodes
[2026-07-26 23:46:37] 🔗 查子仓库: SnapdragonLee/SystemProxy
[2026-07-26 23:46:37] 👤 遍历用户仓库: aiboboxx
[2026-07-26 23:46:37]   用户 free-nodes 共查 0 个仓库[2026-07-26 23:46:37]   用户 aiboboxx 共查 0 个仓库

[2026-07-26 23:46:37] 仓库在黑名单中: https://github.com/bruceblink/free-v2ray
[2026-07-26 23:46:37] 仓库 https://github.com/Mr-Meshky/vify (分支: main, size: 178125KB, pushed: 2026-07-26T15:01:41Z)
[2026-07-26 23:46:37] 仓库 https://github.com/awesome-vpn/awesome-vpn (分支: master, size: 3190KB, pushed: 2026-07-26T02:03:31Z)
[2026-07-26 23:46:37] 🔗 查子仓库: rtwo2/FastNodes
[2026-07-26 23:46:38]   🍴 子仓库: 17 个 → 发现队列 (队列: 0/600)
[2026-07-26 23:46:38] 🔗 开始 Fork 链追踪 (SnapdragonLee/SystemProxy)
[2026-07-26 23:46:38] 仓库 https://github.com/awesome-vpn/awesome-vpn 候选文件 3 个
[2026-07-26 23:46:38]   👤 用户仓库: 30 个 → 发现队列 (队列: 0/600)
[2026-07-26 23:46:38]   用户 peasoft 共查 30 个仓库
[2026-07-26 23:46:38] 🔗 发现仓库链接 SnapdragonLee/SystemProxy (来源 https://raw.githubusercontent.com/mahdibland/V2RayAggregator/master/README.md)
[2026-07-26 23:46:38] 仓库 https://github.com/Mr-Meshky/vify 候选文件 63 个
[2026-07-26 23:46:38] 👤 遍历用户仓库: SnapdragonLee
[2026-07-26 23:46:38] ⏱️ [2/147] free proxy nodes pushed:>2026-07-25T15:43:36Z fork:true -lan | 3s | +7664 | 配额 4544/4800
[2026-07-26 23:46:38]   🍴 子仓库: 3 个 → 发现队列 (队列: 0/600)
[2026-07-26 23:46:38] 🔗 开始 Fork 链追踪 (rtwo2/FastNodes)
[2026-07-26 23:46:38] 👤 遍历用户仓库: rtwo2
[2026-07-26 23:46:38] 仓库 https://github.com/SnapdragonLee/SystemProxy (分支: master, size: 10032KB, pushed: 2026-07-26T03:15:16Z)
[2026-07-26 23:46:39]   用户 rtwo2 共查 0 个仓库
[2026-07-26 23:46:39] 仓库 https://github.com/pog7x/vpn-configs (分支: master, size: 745210KB, pushed: 2026-07-26T15:07:46Z)
[2026-07-26 23:46:39] 🔗 递归发现仓库 MrAbolfazlNorouzi/iran-configs (来源 https://raw.githubusercontent.com/Mr-Meshky/vify/main/configs/stats.json)
[2026-07-26 23:46:39] 仓库 https://github.com/SnapdragonLee/SystemProxy 无候选文件 (总计 13 blob, 扩展名过滤 3, processed_shas 跳过 2, SHA 缓存跳过 8)
[2026-07-26 23:46:39] 🔗 查子仓库: SnapdragonLee/SystemProxy
[2026-07-26 23:46:39]   👤 用户仓库: 22 个 → 发现队列 (队列: 0/600)
[2026-07-26 23:46:39]   用户 SnapdragonLee 共查 22 个仓库
[2026-07-26 23:46:39] 🔗 发现仓库链接 Fukki-Z/nodefree (来源 https://raw.githubusercontent.com/mahdibland/V2RayAggregator/master/sub/sub_list.json)
[2026-07-26 23:46:39] 仓库 https://github.com/pog7x/vpn-configs 候选文件 22 个
[2026-07-26 23:46:39] 🔗 开始 Fork 链追踪 (SnapdragonLee/SystemProxy)
[2026-07-26 23:46:39] 🔗 递归发现仓库 shabane/kamaji (来源 https://raw.githubusercontent.com/pog7x/vpn-configs/master/urls.json)[2026-07-26 23:46:39] 🔗 发现仓库链接 pog7x/vpn-configs.git (来源 https://raw.githubusercontent.com/pog7x/vpn-configs/master/README.md)

[2026-07-26 23:46:39] 仓库 https://github.com/MrAbolfazlNorouzi/iran-configs (分支: main, size: 753754KB, pushed: 2026-07-26T15:45:04Z)
[2026-07-26 23:46:40] 👤 遍历用户仓库: SnapdragonLee[2026-07-26 23:46:40] 🔗 查子仓库: awesome-vpn/awesome-vpn

[2026-07-26 23:46:40] 仓库 https://github.com/MrAbolfazlNorouzi/iran-configs 候选文件 1 个
[2026-07-26 23:46:40] repo info (Fukki-Z/nodefree) 404，跳过
[2026-07-26 23:46:40] 🔗 发现仓库链接 FiFier/v2rayShare (来源 https://raw.githubusercontent.com/mahdibland/V2RayAggregator/master/sub/sub_list.json)
[2026-07-26 23:46:40] 仓库 https://github.com/shabane/kamaji (分支: master, size: 1288416KB, pushed: 2026-07-26T02:20:40Z)
[2026-07-26 23:46:40] repo info (pog7x/vpn-configs.git) 404，跳过
[2026-07-26 23:46:41] 🔗 查子仓库: MrAbolfazlNorouzi/iran-configs[2026-07-26 23:46:41]   用户 SnapdragonLee 共查 0 个仓库

[2026-07-26 23:46:41] 仓库 https://github.com/shabane/kamaji 候选文件较多 (177 个)，先通过 commits API 过滤[2026-07-26 23:46:41] repo info (FiFier/v2rayShare) 404，跳过

[2026-07-26 23:46:41] 🔗 发现仓库链接 Qv2ray/Qv2ra (来源 https://raw.githubusercontent.com/mahdibland/V2RayAggregator/master/README.md)
[2026-07-26 23:46:42] 🔗 发现仓库链接 RenaLio/Mux2sub (来源 https://raw.githubusercontent.com/mahdibland/V2RayAggregator/master/sub/sub_list.json)
[2026-07-26 23:46:42]   🍴 子仓库: 4 个 → 发现队列 (队列: 0/600)
[2026-07-26 23:46:42] 🔗 开始 Fork 链追踪 (MrAbolfazlNorouzi/iran-configs)
[2026-07-26 23:46:43] 👤 遍历用户仓库: MrAbolfazlNorouzi
[2026-07-26 23:46:43] repo info (Qv2ray/Qv2ra) 404，跳过
[2026-07-26 23:46:43] 🔗 发现仓库链接 TheMRLL/winxra (来源 https://raw.githubusercontent.com/mahdibland/V2RayAggregator/master/README.md)[2026-07-26 23:46:43] repo info (RenaLio/Mux2sub) 返回 403 (尝试 1/2)

[2026-07-26 23:46:43] repo info (RenaLio/Mux2sub) 403（访问被拒，配额剩余 4830），跳过
[2026-07-26 23:46:43] 🔗 发现仓库链接 colatiger/v2ray-nodes (来源 https://raw.githubusercontent.com/mahdibland/V2RayAggregator/master/sub/sub_list.json)
[2026-07-26 23:46:43] ⏱️ [3/147] free v2ray nodes pushed:>2026-07-25T15:43:36Z fork:true -lan | 5s | +999 | 配额 4511/4800
[2026-07-26 23:46:43]   👤 用户仓库: 5 个 → 发现队列 (队列: 0/600)
[2026-07-26 23:46:44]   用户 MrAbolfazlNorouzi 共查 5 个仓库
[2026-07-26 23:46:44] 🔗 递归发现仓库 4n0nymou3/multi-proxy-config-fetcher (来源 https://raw.githubusercontent.com/Mr-Meshky/vify/main/configs/stats.json)
[2026-07-26 23:46:44] repo info (colatiger/v2ray-nodes) 404，跳过[2026-07-26 23:46:44] repo info (TheMRLL/winxra) 404，跳过[2026-07-26 23:46:44]   🍴 子仓库: 30 个 → 发现队列 (队列: 0/600)


[2026-07-26 23:46:44] 🔗 发现仓库链接 shadowsocks/shadowsocks-window (来源 https://raw.githubusercontent.com/mahdibland/V2RayAggregator/master/README.md)[2026-07-26 23:46:44] 🔗 发现仓库链接 GreenFishStudio/GreenFish (来源 https://raw.githubusercontent.com/mahdibland/V2RayAggregator/master/sub/sub_list.json)

[2026-07-26 23:46:45] 🔗 开始 Fork 链追踪 (awesome-vpn/awesome-vpn)
[2026-07-26 23:46:45] 👤 遍历用户仓库: awesome-vpn
[2026-07-26 23:46:46] repo info (shadowsocks/shadowsocks-window) 404，跳过
[2026-07-26 23:46:46] repo info (GreenFishStudio/GreenFish) 404，跳过[2026-07-26 23:46:46]   👤 用户仓库: 2 个 → 发现队列 (队列: 0/600)

[2026-07-26 23:46:46] 🔗 发现仓库链接 HMBSbige/ShadowsocksR-Window (来源 https://raw.githubusercontent.com/mahdibland/V2RayAggregator/master/README.md)[2026-07-26 23:46:46] 仓库 https://github.com/4n0nymou3/multi-proxy-config-fetcher (分支: main, size: 79870KB, pushed: 2026-07-26T14:57:28Z)[2026-07-26 23:46:46] 🔗 发现仓库链接 songtao1873/providers (来源 https://raw.githubusercontent.com/mahdibland/V2RayAggregator/master/sub/sub_list.json)


[2026-07-26 23:46:46]   用户 awesome-vpn 共查 2 个仓库
[2026-07-26 23:46:46] 仓库 https://github.com/mheidari98/.proxy (分支: main, size: 40376KB, pushed: 2026-07-26T15:07:54Z)
[2026-07-26 23:46:46] 仓库 https://github.com/4n0nymou3/multi-proxy-config-fetcher 候选文件 12 个
[2026-07-26 23:46:46] 仓库 https://github.com/mheidari98/.proxy 候选文件 6 个
[2026-07-26 23:46:47] repo info (HMBSbige/ShadowsocksR-Window) 404，跳过
[2026-07-26 23:46:47] 🔗 发现仓库链接 v2rayA/v2ray (来源 https://raw.githubusercontent.com/mahdibland/V2RayAggregator/master/README.md)
[2026-07-26 23:46:47] repo info (songtao1873/providers) 404，跳过
[2026-07-26 23:46:47] 🔗 递归发现仓库 mahsanet/MahsaFreeConfig (来源 https://raw.githubusercontent.com/4n0nymou3/multi-proxy-config-fetcher/main/configs/channel_stats.json)
[2026-07-26 23:46:48] repo info (v2rayA/v2ray) 404，跳过
[2026-07-26 23:46:48] 🔗 发现仓库链接 SagerNet/SagerNe (来源 https://raw.githubusercontent.com/mahdibland/V2RayAggregator/master/README.md)
[2026-07-26 23:46:48] 仓库 https://github.com/mahsanet/MahsaFreeConfig (分支: main, size: 1350609KB, pushed: 2026-07-26T15:30:34Z)
[2026-07-26 23:46:48] ⏱️ [4/147] free clash nodes pushed:>2026-07-25T15:43:36Z fork:true -lan | 5s | +1147 | 配额 4493/4800
[2026-07-26 23:46:50] 仓库 https://github.com/mahsanet/MahsaFreeConfig 候选文件 6 个
[2026-07-26 23:46:51] repo info (SagerNet/SagerNe) 404，跳过
[2026-07-26 23:46:51] 🔗 发现仓库链接 shadowsocks/shadowsocks-androi (来源 https://raw.githubusercontent.com/mahdibland/V2RayAggregator/master/README.md)
[2026-07-26 23:46:53]   Compare API 返回 73 个变更文件 (3 次 API 调用)[2026-07-26 23:46:53] repo info (shadowsocks/shadowsocks-androi) 404，跳过

[2026-07-26 23:46:53]   commits 过滤: 177 → 73 (变更文件 73 个)[2026-07-26 23:46:54] 🔗 发现仓库链接 HMBSbige/ShadowsocksR-Androi (来源 https://raw.githubusercontent.com/mahdibland/V2RayAggregator/master/README.md)

[2026-07-26 23:46:54] 仓库 https://github.com/shabane/kamaji 候选文件 73 个
[2026-07-26 23:46:55] ⏱️ Code [31/97] vless:// extension:conf | 60s | +19645 节点 | 配额 4487/4800
[2026-07-26 23:46:57] 📦 批次 0008 已持久化: /home/runner/work/test-college/test-college/batches/no_batch_0008.txt (6959 个节点, 累计 43306 个) | 主队列 74/200, 发现队列 0/600
[2026-07-26 23:46:57] repo info (HMBSbige/ShadowsocksR-Androi) 404，跳过
[2026-07-26 23:46:57] ⏱️ [5/147] free trojan nodes pushed:>2026-07-25T15:43:36Z fork:true -la | 9s | +2567 | 配额 4485/4800
[2026-07-26 23:46:59] ⏱️ Code [32/97] trojan:// extension:conf | 3s | +2562 节点 | 配额 4484/4800
[2026-07-26 23:47:00] ⏱️ [6/147] free hysteria nodes pushed:>2026-07-25T15:43:36Z fork:true - | 2s | +0 | 配额 4483/4800[2026-07-26 23:47:00] ⏱️ Code [33/97] ss:// extension:conf | 1s | +0 节点 | 配额 4482/4800

[2026-07-26 23:47:02] ⏱️ Code [34/97] hysteria2:// extension:conf | 1s | +0 节点 | 配额 4481/4800
[2026-07-26 23:47:02] ⏱️ Code [35/97] tuic:// extension:conf | 1s | +0 节点 | 配额 4480/4800
[2026-07-26 23:47:03] ⏱️ Code [36/97] vmess:// extension:list | 0s | +0 节点 | 配额 4479/4800
[2026-07-26 23:47:04] ⏱️ Code [37/97] vless:// extension:list | 0s | +0 节点 | 配额 4477/4800
[2026-07-26 23:47:06] ⏱️ Code [38/97] trojan:// extension:list | 2s | +0 节点 | 配额 4476/4800
[2026-07-26 23:47:08] ⏱️ Code [39/97] ss:// extension:list | 2s | +0 节点 | 配额 4475/4800
[2026-07-26 23:47:08] Code搜索第1页 返回 403 (尝试 1/2)
[2026-07-26 23:47:08] 触发限流，等待 52s ...
[2026-07-26 23:47:10] SHA 缓存已保存: 191048 条, 1 分片
[2026-07-26 23:47:11] 🔗 查子仓库: mahdibland/V2RayAggregator
[2026-07-26 23:47:11] 👤 遍历用户仓库: mahsanet
[2026-07-26 23:47:14] ⏱️ [7/147] free vless nodes pushed:>2026-07-25T15:43:36Z fork:true -lan | 13s | +84 | 配额 4471/4800
[2026-07-26 23:47:23] ⏱️ [8/147] free hysteria2 nodes pushed:>2026-07-25T15:43:36Z fork:true  | 8s | +159 | 配额 4467/4800
[2026-07-26 23:47:23] ⏱️ [9/147] free tuic nodes pushed:>2026-07-25T15:43:36Z fork:true -lang | 0s | +6 | 配额 4466/4800
[2026-07-26 23:47:23]   👤 用户仓库: 16 个 → 发现队列 (队列: 0/600)
[2026-07-26 23:47:23]   用户 mahsanet 共查 16 个仓库
[2026-07-26 23:47:23] 🔗 开始 Fork 链追踪 (mahdibland/V2RayAggregator)
[2026-07-26 23:47:23] 👤 遍历用户仓库: mahdibland
[2026-07-26 23:47:23] 🔗 递归发现仓库 MahsaNetConfigTopic/config (来源 https://raw.githubusercontent.com/4n0nymou3/multi-proxy-config-fetcher/main/configs/channel_stats.json)
[2026-07-26 23:47:24]   用户 mahdibland 共查 0 个仓库
[2026-07-26 23:47:24] 仓库 https://github.com/yitong2333/proxy-minging (分支: main, size: 1851732KB, pushed: 2026-07-26T15:08:51Z)
[2026-07-26 23:47:24] 仓库 https://github.com/MahsaNetConfigTopic/config (分支: main, size: 1616KB, pushed: 2026-07-25T19:42:41Z)
[2026-07-26 23:47:24] 仓库 https://github.com/yitong2333/proxy-minging 候选文件 3 个
[2026-07-26 23:47:24] 仓库 https://github.com/MahsaNetConfigTopic/config 候选文件 1 个
[2026-07-26 23:47:25] 🔗 递归发现仓库 go4sharing/sub (来源 https://raw.githubusercontent.com/yitong2333/proxy-minging/main/latest.yaml)
[2026-07-26 23:47:26] ⏭️ 仓库 https://github.com/go4sharing/sub 47h 未更新，跳过解析（追踪 fork 链）
[2026-07-26 23:47:26] 🔗 查子仓库: go4sharing/sub
[2026-07-26 23:47:26] ⏱️ [10/147] free reality nodes pushed:>2026-07-25T15:43:36Z fork:true -l | 3s | +1515 | 配额 4457/4800
[2026-07-26 23:47:29] ⏱️ [11/147] free singbox nodes pushed:>2026-07-25T15:43:36Z fork:true -l | 3s | +64 | 配额 4454/4800
[2026-07-26 23:47:38]   🍴 子仓库: 25 个 → 发现队列 (队列: 0/600)
[2026-07-26 23:47:38] 🔗 开始 Fork 链追踪 (go4sharing/sub)
[2026-07-26 23:47:39] 👤 遍历用户仓库: go4sharing
[2026-07-26 23:47:41] 👤 遍历用户仓库: MahsaNetConfigTopic
[2026-07-26 23:47:42] ⏱️ [12/147] free shadowsocks nodes pushed:>2026-07-25T15:43:36Z fork:tru | 12s | +116 | 配额 4447/4800
[2026-07-26 23:47:42] ⏱️ [13/147] free wireguard nodes pushed:>2026-07-25T15:43:36Z fork:true  | 0s | +2 | 配额 4446/4800
[2026-07-26 23:47:42]   👤 用户仓库: 12 个 → 发现队列 (队列: 0/600)
[2026-07-26 23:47:42]   用户 go4sharing 共查 12 个仓库
[2026-07-26 23:47:42]   👤 用户仓库: 2 个 → 发现队列 (队列: 0/600)
[2026-07-26 23:47:42]   用户 MahsaNetConfigTopic 共查 2 个仓库
[2026-07-26 23:47:43] 🔗 递归发现仓库 Diversan313/apex-parser (来源 https://raw.githubusercontent.com/yitong2333/proxy-minging/main/latest.yaml)
[2026-07-26 23:47:43] 🔗 递归发现仓库 Mahdi0024/ProxyCollector (来源 https://raw.githubusercontent.com/4n0nymou3/multi-proxy-config-fetcher/main/configs/channel_stats.json)
[2026-07-26 23:47:43] 仓库 https://github.com/Diversan313/apex-parser (分支: main, size: 1888KB, pushed: 2026-07-26T15:10:59Z)
[2026-07-26 23:47:43] 仓库 https://github.com/Mahdi0024/ProxyCollector (分支: master, size: 43595KB, pushed: 2026-07-26T13:43:08Z)
[2026-07-26 23:47:47] 仓库 https://github.com/Mahdi0024/ProxyCollector 候选文件 2 个
[2026-07-26 23:47:48] 仓库 https://github.com/Diversan313/apex-parser 候选文件 8 个
[2026-07-26 23:47:48] 🔗 递归发现仓库 Diversan313/apex-sources (来源 https://raw.githubusercontent.com/Diversan313/apex-parser/main/.github/workflows/update.yml)
[2026-07-26 23:47:49] repo info (Diversan313/apex-sources) 404，跳过
[2026-07-26 23:47:49] 🔗 发现仓库链接 XTLS/Xray-cor (来源 https://raw.githubusercontent.com/Diversan313/apex-parser/main/.github/workflows/update.yml)
[2026-07-26 23:47:50] repo info (XTLS/Xray-cor) 404，跳过
[2026-07-26 23:47:50] 🔗 发现仓库链接 P3TERX/GeoLite.mmd (来源 https://raw.githubusercontent.com/Diversan313/apex-parser/main/.github/workflows/update.yml)
[2026-07-26 23:47:51] repo info (P3TERX/GeoLite.mmd) 404，跳过
[2026-07-26 23:47:52] 🔗 递归发现仓库 Diversan313/apex-parser (来源 https://raw.githubusercontent.com/Diversan313/apex-parser/main/README.md)
[2026-07-26 23:47:53] 仓库 https://github.com/Diversan313/apex-parser (分支: main, size: 1888KB, pushed: 2026-07-26T15:10:59Z)
[2026-07-26 23:47:54] 仓库 https://github.com/Diversan313/apex-parser 候选文件 6 个
[2026-07-26 23:47:57] 📦 批次 0009 已持久化: /home/runner/work/test-college/test-college/batches/no_batch_0009.txt (5164 个节点, 累计 48471 个) | 主队列 91/200, 发现队列 0/600
[2026-07-26 23:47:57] SHA 缓存已保存: 191132 条, 1 分片
[2026-07-26 23:47:57] 👤 遍历用户仓库: Mahdi0024
[2026-07-26 23:47:58]   👤 用户仓库: 20 个 → 发现队列 (队列: 0/600)
[2026-07-26 23:47:58]   用户 Mahdi0024 共查 20 个仓库
[2026-07-26 23:47:58] 🔗 递归发现仓库 zieng2/wl (来源 https://raw.githubusercontent.com/4n0nymou3/multi-proxy-config-fetcher/main/configs/channel_stats.json)
[2026-07-26 23:47:59] 🔗 查子仓库: shabane/kamaji
[2026-07-26 23:47:59] 🔗 递归发现仓库 ts-sf/fly (来源 https://raw.githubusercontent.com/mheidari98/.proxy/main/nodes.md)
[2026-07-26 23:47:59]   🍴 子仓库: 16 个 → 发现队列 (队列: 0/600)
[2026-07-26 23:47:59] 🔗 开始 Fork 链追踪 (shabane/kamaji)
[2026-07-26 23:47:59] 仓库 https://github.com/zieng2/wl (分支: main, size: 92697KB, pushed: 2026-07-26T14:59:41Z)
[2026-07-26 23:47:59] 👤 遍历用户仓库: Diversan313
[2026-07-26 23:48:00] 仓库 https://github.com/zieng2/wl 候选文件 2 个
[2026-07-26 23:48:00] 👤 遍历用户仓库: shabane
[2026-07-26 23:48:00]   👤 用户仓库: 14 个 → 发现队列 (队列: 0/600)
[2026-07-26 23:48:00]   用户 Diversan313 共查 14 个仓库
[2026-07-26 23:48:00] 仓库 https://github.com/ts-sf/fly (分支: main, size: 13459023KB, pushed: 2026-07-26T10:15:14Z)
[2026-07-26 23:48:00] ⏱️ [14/147] free proxy list pushed:>2026-07-25T15:43:36Z fork:true -lang | 18s | +4858 | 配额 4423/4800
[2026-07-26 23:48:00] 仓库 https://github.com/ts-sf/fly 候选文件 3 个
[2026-07-26 23:48:00] 👤 遍历用户仓库: zieng2
[2026-07-26 23:48:00] 🔗 递归发现仓库 ts-sf/fly (来源 https://raw.githubusercontent.com/ts-sf/fly/main/README.md)
[2026-07-26 23:48:00]   👤 用户仓库: 1 个 → 发现队列 (队列: 0/600)
[2026-07-26 23:48:01]   用户 zieng2 共查 1 个仓库
[2026-07-26 23:48:01] 🔗 递归发现仓库 Ashkan-m/v2ray (来源 https://raw.githubusercontent.com/4n0nymou3/multi-proxy-config-fetcher/main/configs/channel_stats.json)
[2026-07-26 23:48:01] ⏱️ Code [40/97] hysteria2:// extension:list | 53s | +6810 节点 | 配额 4418/4800
[2026-07-26 23:48:01] 🔗 查子仓库: Diversan313/apex-parser
[2026-07-26 23:48:01] ⏱️ Code [41/97] tuic:// extension:list | 0s | +0 节点 | 配额 4417/4800
[2026-07-26 23:48:01] 🔗 开始 Fork 链追踪 (Diversan313/apex-parser)
[2026-07-26 23:48:01] 仓库 https://github.com/ts-sf/fly (分支: main, size: 13459023KB, pushed: 2026-07-26T10:15:14Z)
[2026-07-26 23:48:01]   👤 用户仓库: 30 个 → 发现队列 (队列: 0/600)
[2026-07-26 23:48:01]   用户 shabane 共查 30 个仓库
[2026-07-26 23:48:01] 🔗 递归发现仓库 expressalaki/ExpressVPN (来源 https://raw.githubusercontent.com/pog7x/vpn-configs/master/urls.json)
[2026-07-26 23:48:01] 仓库 https://github.com/Ashkan-m/v2ray (分支: main, size: 5283KB, pushed: 2026-07-26T09:17:56Z)
[2026-07-26 23:48:01] 👤 遍历用户仓库: Diversan313
[2026-07-26 23:48:01] ⏱️ Code [42/97] vmess:// | 0s | +0 节点 | 配额 4410/4800
[2026-07-26 23:48:01] 仓库 https://github.com/ts-sf/fly 候选文件 2 个
[2026-07-26 23:48:01] 仓库 https://github.com/Ashkan-m/v2ray 候选文件 1 个
[2026-07-26 23:48:01] ⏱️ Code [43/97] vless:// | 0s | +0 节点 | 配额 4407/4800
[2026-07-26 23:48:02] ⏱️ Code [44/97] trojan:// | 0s | +0 节点 | 配额 4405/4800
[2026-07-26 23:48:02]   用户 Diversan313 共查 0 个仓库
[2026-07-26 23:48:02] 👤 遍历用户仓库: Ashkan-m
[2026-07-26 23:48:02] ⏱️ Code [45/97] ss:// | 0s | +0 节点 | 配额 4403/4800
[2026-07-26 23:48:02] repo info (expressalaki/ExpressVPN) 404，跳过
[2026-07-26 23:48:02] 🔗 递归发现仓库 miladtahanian/Config-Collector (来源 https://raw.githubusercontent.com/pog7x/vpn-configs/master/urls.json)
[2026-07-26 23:48:02] ⏱️ Code [46/97] hysteria2:// | 0s | +0 节点 | 配额 4400/4800
[2026-07-26 23:48:02] 🔗 递归发现仓库 m3hdio1/v2ray_sub (来源 https://raw.githubusercontent.com/yitong2333/proxy-minging/main/url.txt)
[2026-07-26 23:48:02]   👤 用户仓库: 3 个 → 发现队列 (队列: 0/600)
[2026-07-26 23:48:02]   用户 Ashkan-m 共查 3 个仓库
[2026-07-26 23:48:02] 🔗 查子仓库: 4n0nymou3/multi-proxy-config-fetcher
[2026-07-26 23:48:02] ⏱️ Code [47/97] tuic:// | 0s | +0 节点 | 配额 4398/4800
[2026-07-26 23:48:02] ⏱️ Code [48/97] "type: vmess" extension:yaml | 0s | +0 节点 | 配额 4397/4800
[2026-07-26 23:48:02] ⏱️ Code [49/97] "type: vless" extension:yaml | 0s | +0 节点 | 配额 4396/4800
[2026-07-26 23:48:03] Code搜索第1页 返回 403 (尝试 1/2)[2026-07-26 23:48:03] 🔗 发现仓库链接 ts-sf/fly (来源 https://raw.githubusercontent.com/ts-sf/fly/main/clash)

[2026-07-26 23:48:03] 触发限流，等待 63s ...
[2026-07-26 23:48:03] 仓库 https://github.com/miladtahanian/Config-Collector (分支: main, size: 145837KB, pushed: 2026-07-26T15:20:42Z)
[2026-07-26 23:48:03] ⏱️ [15/147] free proxy subscription pushed:>2026-07-25T15:43:36Z fork:tr | 3s | +0 | 配额 4392/4800
[2026-07-26 23:48:03] 仓库 https://github.com/miladtahanian/Config-Collector 候选文件 1 个
[2026-07-26 23:48:03] repo info (m3hdio1/v2ray_sub) 404，跳过
[2026-07-26 23:48:03] 🔗 递归发现仓库 igareck/vpn-configs-for-russia (来源 https://raw.githubusercontent.com/yitong2333/proxy-minging/main/url.txt)
[2026-07-26 23:48:03]   🍴 子仓库: 30 个 → 发现队列 (队列: 0/600)
[2026-07-26 23:48:03] 🔗 开始 Fork 链追踪 (4n0nymou3/multi-proxy-config-fetcher)
[2026-07-26 23:48:03] 🔗 查子仓库: miladtahanian/Config-Collector
[2026-07-26 23:48:03] 👤 遍历用户仓库: 4n0nymou3
[2026-07-26 23:48:03] 仓库 https://github.com/ts-sf/fly (分支: main, size: 13459023KB, pushed: 2026-07-26T10:15:14Z)
[2026-07-26 23:48:03] 仓库 https://github.com/ts-sf/fly 候选文件 1 个
[2026-07-26 23:48:03]   🍴 子仓库: 8 个 → 发现队列 (队列: 0/600)
[2026-07-26 23:48:03] 🔗 开始 Fork 链追踪 (miladtahanian/Config-Collector)
[2026-07-26 23:48:03] 仓库 https://github.com/igareck/vpn-configs-for-russia (分支: main, size: 116685KB, pushed: 2026-07-26T14:41:09Z)
[2026-07-26 23:48:04]   👤 用户仓库: 9 个 → 发现队列 (队列: 0/600)
[2026-07-26 23:48:04]   用户 4n0nymou3 共查 9 个仓库
[2026-07-26 23:48:04] 🔗 查子仓库: Mr-Meshky/vify
[2026-07-26 23:48:04] 👤 遍历用户仓库: miladtahanian
[2026-07-26 23:48:04] 仓库 https://github.com/igareck/vpn-configs-for-russia 候选文件 27 个
[2026-07-26 23:48:04] 👤 遍历用户仓库: ts-sf
[2026-07-26 23:48:04]   🍴 子仓库: 2 个 → 发现队列 (队列: 0/600)
[2026-07-26 23:48:04] 🔗 开始 Fork 链追踪 (Mr-Meshky/vify)
[2026-07-26 23:48:04]   👤 用户仓库: 5 个 → 发现队列 (队列: 0/600)
[2026-07-26 23:48:04]   用户 ts-sf 共查 5 个仓库
[2026-07-26 23:48:04] 👤 遍历用户仓库: Mr-Meshky[2026-07-26 23:48:04] 🔗 发现仓库链接 ALIILAPRO/v2rayNG-Config (来源 https://raw.githubusercontent.com/ts-sf/fly/main/clash)

[2026-07-26 23:48:05] 仓库 https://github.com/ALIILAPRO/v2rayNG-Config (分支: main, size: 118455KB, pushed: 2026-07-26T15:17:36Z)
[2026-07-26 23:48:06]   👤 用户仓库: 18 个 → 发现队列 (队列: 0/600)
[2026-07-26 23:48:06] 仓库 https://github.com/ALIILAPRO/v2rayNG-Config 候选文件 2 个
[2026-07-26 23:48:06]   用户 Mr-Meshky 共查 18 个仓库
[2026-07-26 23:48:06] 仓库 https://github.com/MhdiTaheri/V2rayCollector_Py (分支: main, size: 31751KB, pushed: 2026-07-26T15:09:53Z)
[2026-07-26 23:48:06] 🔗 查子仓库: igareck/vpn-configs-for-russia
[2026-07-26 23:48:07] 👤 遍历用户仓库: ALIILAPRO
[2026-07-26 23:48:08] ⏱️ [16/147] free proxy config pushed:>2026-07-25T15:43:36Z fork:true -la | 5s | +22 | 配额 4367/4800
[2026-07-26 23:48:08]   👤 用户仓库: 30 个 → 发现队列 (队列: 0/600)
[2026-07-26 23:48:08]   用户 miladtahanian 共查 30 个仓库
[2026-07-26 23:48:08] 🔗 发现仓库链接 Mr-Meshky/vif (来源 https://raw.githubusercontent.com/pog7x/vpn-configs/master/urls.json)
[2026-07-26 23:48:08] 仓库 https://github.com/MhdiTaheri/V2rayCollector_Py 候选文件 2 个
[2026-07-26 23:48:13] 🔗 发现仓库链接 MhdiTaheri/V2rayCollector_P (来源 https://raw.githubusercontent.com/MhdiTaheri/V2rayCollector_Py/main/README.md)
[2026-07-26 23:48:13]   👤 用户仓库: 30 个 → 发现队列 (队列: 0/600)
[2026-07-26 23:48:13]   用户 ALIILAPRO 共查 30 个仓库
[2026-07-26 23:48:13] repo info (Mr-Meshky/vif) 404，跳过
[2026-07-26 23:48:13] 🔗 发现仓库链接 Argh94/Proxy-Lis (来源 https://raw.githubusercontent.com/pog7x/vpn-configs/master/urls.json)
[2026-07-26 23:48:13] 👤 遍历用户仓库: ts-sf
[2026-07-26 23:48:13] ⏱️ [17/147] free proxy yaml pushed:>2026-07-25T15:43:36Z fork:true -lang | 5s | +0 | 配额 4359/4800
[2026-07-26 23:48:13]   用户 ts-sf 共查 0 个仓库
[2026-07-26 23:48:13] 🔗 发现仓库链接 2dust/clash (来源 https://raw.githubusercontent.com/ts-sf/fly/main/README.md)
[2026-07-26 23:48:14] repo info (MhdiTaheri/V2rayCollector_P) 404，跳过
[2026-07-26 23:48:14] 🔗 查子仓库: MhdiTaheri/V2rayCollector_Py
[2026-07-26 23:48:16]   🍴 子仓库: 30 个 → 发现队列 (队列: 0/600)
[2026-07-26 23:48:16] 🔗 开始 Fork 链追踪 (igareck/vpn-configs-for-russia)
[2026-07-26 23:48:16] repo info (Argh94/Proxy-Lis) 404，跳过
[2026-07-26 23:48:16] 🔗 发现仓库链接 MhdiTaheri/V2rayCollecto (来源 https://raw.githubusercontent.com/pog7x/vpn-configs/master/urls.json)
[2026-07-26 23:48:16] repo info (2dust/clash) 404，跳过
[2026-07-26 23:48:16] ⏱️ [18/147] free proxy json pushed:>2026-07-25T15:43:36Z fork:true -lang | 3s | +0 | 配额 4351/4800
[2026-07-26 23:48:16] 🔗 查子仓库: ts-sf/fly
[2026-07-26 23:48:18] 👤 遍历用户仓库: igareck
[2026-07-26 23:48:20] repo info (MhdiTaheri/V2rayCollecto) 404，跳过
[2026-07-26 23:48:20] 🔗 发现仓库链接 sakha1370/OpenRa (来源 https://raw.githubusercontent.com/pog7x/vpn-configs/master/urls.json)[2026-07-26 23:48:20] ⏱️ [19/147] free proxy base64 pushed:>2026-07-25T15:43:36Z fork:true -la | 4s | +0 | 配额 4346/4800

[2026-07-26 23:48:22]   🍴 子仓库: 30 个 → 发现队列 (队列: 0/600)
[2026-07-26 23:48:22] 🔗 开始 Fork 链追踪 (MhdiTaheri/V2rayCollector_Py)
[2026-07-26 23:48:22]   👤 用户仓库: 3 个 → 发现队列 (队列: 0/600)
[2026-07-26 23:48:22]   用户 igareck 共查 3 个仓库
[2026-07-26 23:48:22] 🔗 递归发现仓库 fitexgit/v2raysub (来源 https://raw.githubusercontent.com/yitong2333/proxy-minging/main/url.txt)
[2026-07-26 23:48:22] repo info (sakha1370/OpenRa) 404，跳过
[2026-07-26 23:48:22] 🔗 发现仓库链接 igareck/vpn-configs-for-russi (来源 https://raw.githubusercontent.com/pog7x/vpn-configs/master/urls.json)
[2026-07-26 23:48:22] 👤 遍历用户仓库: MhdiTaheri
[2026-07-26 23:48:24]   🍴 子仓库: 30 个 → 发现队列 (队列: 0/600)
[2026-07-26 23:48:24] 🔗 开始 Fork 链追踪 (ts-sf/fly)
[2026-07-26 23:48:26] repo info (igareck/vpn-configs-for-russi) 404，跳过[2026-07-26 23:48:26] ⚠️ 仓库 https://github.com/fitexgit/v2raysub 270h 未更新，废弃 → 加入黑名单

[2026-07-26 23:48:26] 🔗 发现仓库链接 LalatinaHub/Minera (来源 https://raw.githubusercontent.com/pog7x/vpn-configs/master/urls.json)
[2026-07-26 23:48:26] 🔗 递归发现仓库 mahdibland/ShadowsocksAggregator (来源 https://raw.githubusercontent.com/yitong2333/proxy-minging/main/url.txt)
[2026-07-26 23:48:28] 👤 遍历用户仓库: ts-sf
[2026-07-26 23:48:28]   👤 用户仓库: 12 个 → 发现队列 (队列: 0/600)
[2026-07-26 23:48:28]   用户 MhdiTaheri 共查 12 个仓库
[2026-07-26 23:48:28] 仓库 https://github.com/mohamadfg-dev/telegram-v2ray-configs-collector (分支: main, size: 55189KB, pushed: 2026-07-26T14:17:33Z)
[2026-07-26 23:48:28] repo info (LalatinaHub/Minera) 404，跳过
[2026-07-26 23:48:28] 🔗 发现仓库链接 Epodonios/v2ray-config (来源 https://raw.githubusercontent.com/pog7x/vpn-configs/master/urls.json)
[2026-07-26 23:48:28] ⏱️ [20/147] ACL4SSR pushed:>2026-07-25T15:43:36Z fork:true -language:HTM | 8s | +0 | 配额 4332/4800
[2026-07-26 23:48:30] 仓库 https://github.com/mahdibland/ShadowsocksAggregator (分支: master, size: 4513094KB, pushed: 2026-07-26T14:22:54Z)[2026-07-26 23:48:30] 仓库 https://github.com/mohamadfg-dev/telegram-v2ray-configs-collector 候选文件 39 个

[2026-07-26 23:48:31] 🔗 查子仓库: mohamadfg-dev/telegram-v2ray-configs-collector
[2026-07-26 23:48:32]   用户 ts-sf 共查 0 个仓库
[2026-07-26 23:48:32] 🔗 递归发现仓库 yebekhe/TelegramV2rayCollector (来源 https://raw.githubusercontent.com/mheidari98/.proxy/main/nodes.md)
[2026-07-26 23:48:32] repo info (Epodonios/v2ray-config) 404，跳过
[2026-07-26 23:48:32] 🔗 查子仓库: pog7x/vpn-configs
[2026-07-26 23:48:34] 仓库 https://github.com/mahdibland/ShadowsocksAggregator 候选文件较多 (1507 个)，先通过 commits API 过滤
[2026-07-26 23:48:35]   🍴 子仓库: 8 个 → 发现队列 (队列: 0/600)
[2026-07-26 23:48:35] 🔗 开始 Fork 链追踪 (mohamadfg-dev/telegram-v2ray-configs-collector)
[2026-07-26 23:48:35] repo info (yebekhe/TelegramV2rayCollector) 404，跳过
[2026-07-26 23:48:35] 🔗 递归发现仓库 sashalsk/V2Ray (来源 https://raw.githubusercontent.com/mheidari98/.proxy/main/nodes.md)
[2026-07-26 23:48:35] ⏱️ [21/147] subconverter pushed:>2026-07-25T15:43:36Z fork:true -languag | 6s | +4 | 配额 4321/4800
[2026-07-26 23:48:37] 👤 遍历用户仓库: mohamadfg-dev
[2026-07-26 23:48:39]   🍴 子仓库: 7 个 → 发现队列 (队列: 0/600)
[2026-07-26 23:48:39] 🔗 开始 Fork 链追踪 (pog7x/vpn-configs)
[2026-07-26 23:48:39] repo info (sashalsk/V2Ray) 404，跳过
[2026-07-26 23:48:39] 🔗 递归发现仓库 soroushmirzaei/telegram-configs-collector (来源 https://raw.githubusercontent.com/mheidari98/.proxy/main/nodes.md)
[2026-07-26 23:48:41] 👤 遍历用户仓库: pog7x[2026-07-26 23:48:41] ⏸️  主队列 180/200 ≥ 180，搜索暂停等待

[2026-07-26 23:48:43]   用户 mohamadfg-dev 共查 0 个仓库
[2026-07-26 23:48:43] 仓库 https://github.com/free18/v2ray (分支: main, size: 18085KB, pushed: 2026-07-26T04:39:00Z)
[2026-07-26 23:48:43] repo info (soroushmirzaei/telegram-configs-collector) 404，跳过
[2026-07-26 23:48:43] 🔗 发现仓库链接 ALIILAPRO/v2rayNG-Confi (来源 https://raw.githubusercontent.com/mheidari98/.proxy/main/nodes.md)
[2026-07-26 23:48:45] 仓库 https://github.com/free18/v2ray 候选文件 1 个
[2026-07-26 23:48:45]   Compare API 返回 24 个变更文件 (3 次 API 调用)
[2026-07-26 23:48:45]   commits 过滤: 1507 → 0 (变更文件 24 个)
[2026-07-26 23:48:45] 仓库 https://github.com/mahdibland/ShadowsocksAggregator 候选文件经时间过滤后为空
[2026-07-26 23:48:45] 🔗 查子仓库: mahdibland/ShadowsocksAggregator
[2026-07-26 23:48:45]   👤 用户仓库: 15 个 → 发现队列 (队列: 0/600)
[2026-07-26 23:48:45]   用户 pog7x 共查 15 个仓库
[2026-07-26 23:48:45] 仓库 https://github.com/Epodonios/v2ray-configs (分支: main, size: 25289887KB, pushed: 2026-07-26T14:26:13Z)
[2026-07-26 23:48:45] repo info (ALIILAPRO/v2rayNG-Confi) 404，跳过
[2026-07-26 23:48:46] 🔗 查子仓库: free18/v2ray
[2026-07-26 23:48:48] 仓库 https://github.com/Epodonios/v2ray-configs 候选文件较多 (990 个)，先通过 commits API 过滤
[2026-07-26 23:48:50] 🔗 开始 Fork 链追踪 (mahdibland/ShadowsocksAggregator)
[2026-07-26 23:48:50] 👤 遍历用户仓库: mahdibland
[2026-07-26 23:48:52]   🍴 子仓库: 30 个 → 发现队列 (队列: 0/600)[2026-07-26 23:48:52]   Compare API 返回 20 个变更文件 (3 次 API 调用)

[2026-07-26 23:48:52] 🔗 开始 Fork 链追踪 (free18/v2ray)[2026-07-26 23:48:52]   commits 过滤: 990 → 20 (变更文件 20 个)

[2026-07-26 23:48:52] 仓库 https://github.com/Epodonios/v2ray-configs 候选文件 20 个
[2026-07-26 23:48:53] 👤 遍历用户仓库: free18
[2026-07-26 23:48:55]   👤 用户仓库: 2 个 → 发现队列 (队列: 0/600)
[2026-07-26 23:48:55]   用户 free18 共查 2 个仓库[2026-07-26 23:48:55]   用户 mahdibland 共查 0 个仓库

[2026-07-26 23:48:55] 🔗 递归发现仓库 v2rayCrow/Sub-Link-Output (来源 https://raw.githubusercontent.com/yitong2333/proxy-minging/main/url.txt)
[2026-07-26 23:48:56] 仓库 https://github.com/acymz/AutoVPN (分支: main, size: 155064KB, pushed: 2026-07-26T14:40:09Z)
[2026-07-26 23:48:56] 仓库 https://github.com/v2rayCrow/Sub-Link-Output (分支: main, size: 11254KB, pushed: 2026-07-26T12:49:57Z)
[2026-07-26 23:48:57] 仓库 https://github.com/v2rayCrow/Sub-Link-Output 候选文件 41 个
[2026-07-26 23:49:00] 🔗 查子仓库: mheidari98/.proxy
[2026-07-26 23:49:01] 🔗 查子仓库: v2rayCrow/Sub-Link-Output
[2026-07-26 23:49:01]   🍴 子仓库: 24 个 → 发现队列 (队列: 0/600)
[2026-07-26 23:49:01] 🔗 开始 Fork 链追踪 (mheidari98/.proxy)
[2026-07-26 23:49:01]   🍴 子仓库: 1 个 → 发现队列 (队列: 0/600)
[2026-07-26 23:49:01] 🔗 开始 Fork 链追踪 (v2rayCrow/Sub-Link-Output)
[2026-07-26 23:49:01] 👤 遍历用户仓库: mheidari98
[2026-07-26 23:49:02] 👤 遍历用户仓库: v2rayCrow
[2026-07-26 23:49:02]   👤 用户仓库: 3 个 → 发现队列 (队列: 0/600)
[2026-07-26 23:49:02]   用户 v2rayCrow 共查 3 个仓库
[2026-07-26 23:49:02] 🔗 递归发现仓库 flaafix/AetrisVPN-black-list (来源 https://raw.githubusercontent.com/yitong2333/proxy-minging/main/url.txt)
[2026-07-26 23:49:02] 🔗 查子仓库: Epodonios/v2ray-configs
[2026-07-26 23:49:02]   👤 用户仓库: 30 个 → 发现队列 (队列: 0/600)
[2026-07-26 23:49:02]   用户 mheidari98 共查 30 个仓库
[2026-07-26 23:49:02] 仓库 https://github.com/snakem982/proxypool (分支: main, size: 49511KB, pushed: 2026-07-26T14:15:05Z)
[2026-07-26 23:49:04] 仓库 https://github.com/acymz/AutoVPN 候选文件较多 (14920 个)，先通过 commits API 过滤
[2026-07-26 23:49:04] 仓库 https://github.com/flaafix/AetrisVPN-black-list (分支: main, size: 4862KB, pushed: 2026-07-26T14:22:41Z)
[2026-07-26 23:49:06] 仓库 https://github.com/snakem982/proxypool 候选文件 2 个[2026-07-26 23:49:06]   🍴 子仓库: 30 个 → 发现队列 (队列: 0/600)

[2026-07-26 23:49:06] 🔗 开始 Fork 链追踪 (Epodonios/v2ray-configs)
[2026-07-26 23:49:08] 🔗 查子仓库: snakem982/proxypool
[2026-07-26 23:49:08] 仓库 https://github.com/flaafix/AetrisVPN-black-list 候选文件 1 个
[2026-07-26 23:49:09] 👤 遍历用户仓库: Epodonios
[2026-07-26 23:49:09] ⏱️ Code [50/97] "type: trojan" extension:yaml | 66s | +104 节点 | 配额 4268/4800
[2026-07-26 23:49:09] 🔗 查子仓库: flaafix/AetrisVPN-black-list
[2026-07-26 23:49:11]   Compare API 返回 11 个变更文件 (3 次 API 调用)
[2026-07-26 23:49:11]   commits 过滤: 14920 → 9 (变更文件 11 个)
[2026-07-26 23:49:11] 仓库 https://github.com/acymz/AutoVPN 候选文件 9 个
[2026-07-26 23:49:11] ⏱️ Code [51/97] "type: ss" extension:yaml | 2s | +20 节点 | 配额 4263/4800
[2026-07-26 23:49:13]   🍴 子仓库: 30 个 → 发现队列 (队列: 0/600)
[2026-07-26 23:49:13] 🔗 开始 Fork 链追踪 (snakem982/proxypool)
[2026-07-26 23:49:13]   👤 用户仓库: 7 个 → 发现队列 (队列: 0/600)
[2026-07-26 23:49:13]   用户 Epodonios 共查 7 个仓库
[2026-07-26 23:49:13] 仓库在黑名单中: https://github.com/Leon406/SubCrawler
[2026-07-26 23:49:13] 仓库 https://github.com/603711936/SmartSub (分支: main, size: 245562KB, pushed: 2026-07-25T20:49:33Z)
[2026-07-26 23:49:13] 🔗 查子仓库: acymz/AutoVPN
[2026-07-26 23:49:15]   🍴 子仓库: 1 个 → 发现队列 (队列: 0/600)
[2026-07-26 23:49:15] 🔗 开始 Fork 链追踪 (flaafix/AetrisVPN-black-list)
[2026-07-26 23:49:15] 👤 遍历用户仓库: snakem982
[2026-07-26 23:49:15] ⏱️ Code [52/97] "type: ssr" extension:yaml | 2s | +1 节点 | 配额 4258/4800
[2026-07-26 23:49:17] 仓库 https://github.com/603711936/SmartSub 候选文件较多 (193 个)，先通过 commits API 过滤
[2026-07-26 23:49:17] ⏱️ Code [53/97] "type: hysteria2" extension:yaml | 0s | +0 节点 | 配额 4256/4800
[2026-07-26 23:49:19] 👤 遍历用户仓库: flaafix
[2026-07-26 23:49:19] ⏱️ Code [54/97] "type: tuic" extension:yaml | 2s | +0 节点 | 配额 4250/4800
[2026-07-26 23:49:21]   👤 用户仓库: 7 个 → 发现队列 (队列: 0/600)
[2026-07-26 23:49:21]   用户 snakem982 共查 7 个仓库
[2026-07-26 23:49:21] ⏭️ 仓库 https://github.com/Triton-ix/v2ray-Finder 38h 未更新，跳过解析（追踪 fork 链）
[2026-07-26 23:49:21] 🔗 查子仓库: Triton-ix/v2ray-Finder
[2026-07-26 23:49:21]   🍴 子仓库: 19 个 → 发现队列 (队列: 0/600)
[2026-07-26 23:49:21] 🔗 开始 Fork 链追踪 (acymz/AutoVPN)
[2026-07-26 23:49:21] ⏱️ Code [55/97] "type: vmess" extension:yml | 2s | +0 节点 | 配额 4247/4800
[2026-07-26 23:49:23] 🔗 开始 Fork 链追踪 (Triton-ix/v2ray-Finder)[2026-07-26 23:49:23] 👤 遍历用户仓库: acymz
[2026-07-26 23:49:23]   Compare API 返回 11 个变更文件 (3 次 API 调用)

[2026-07-26 23:49:23]   commits 过滤: 193 → 10 (变更文件 11 个)
[2026-07-26 23:49:23] 仓库 https://github.com/603711936/SmartSub 候选文件 10 个
[2026-07-26 23:49:24] 🔗 递归发现仓库 barry-far/V2ray-Configs (来源 https://raw.githubusercontent.com/603711936/SmartSub/main/blacklist.txt)
[2026-07-26 23:49:25] ⏱️ Code [56/97] "type: vless" extension:yml | 4s | +0 节点 | 配额 4242/4800
[2026-07-26 23:49:25]   👤 用户仓库: 7 个 → 发现队列 (队列: 0/600)
[2026-07-26 23:49:25]   用户 flaafix 共查 7 个仓库
[2026-07-26 23:49:25] 🔗 递归发现仓库 ByeWhiteLists/ByeWhiteLists2 (来源 https://raw.githubusercontent.com/yitong2333/proxy-minging/main/url.txt)
[2026-07-26 23:49:26] ⏱️ Code [57/97] "type: trojan" extension:yml | 0s | +0 节点 | 配额 4240/4800
[2026-07-26 23:49:28] repo info (barry-far/V2ray-Configs) 返回 403 (尝试 1/2)
[2026-07-26 23:49:28] 👤 遍历用户仓库: Triton-ix[2026-07-26 23:49:28] repo info (barry-far/V2ray-Configs) 403（访问被拒，配额剩余 4717），跳过

[2026-07-26 23:49:28] 🔗 递归发现仓库 shirkerboy/scp (来源 https://raw.githubusercontent.com/603711936/SmartSub/main/blacklist.txt)
[2026-07-26 23:49:30] ⏱️ Code [58/97] "type: hysteria2" extension:yml | 4s | +0 节点 | 配额 4236/4800
[2026-07-26 23:49:30]   👤 用户仓库: 4 个 → 发现队列 (队列: 0/600)
[2026-07-26 23:49:30]   用户 acymz 共查 4 个仓库
[2026-07-26 23:49:30] 仓库在黑名单中: https://github.com/wrfree/free
[2026-07-26 23:49:30] 仓库 https://github.com/barry-far/V2ray-Config (分支: main, size: 9746638KB, pushed: 2026-07-26T14:52:19Z)
[2026-07-26 23:49:30] repo info (shirkerboy/scp) 404，跳过
[2026-07-26 23:49:30] 🔗 递归发现仓库 rxsweet/proxies (来源 https://raw.githubusercontent.com/603711936/SmartSub/main/blacklist.txt)
[2026-07-26 23:49:30] ⏱️ Code [59/97] "type: hysteria2" extension:json | 0s | +0 节点 | 配额 4233/4800
[2026-07-26 23:49:32] ⚠️ 仓库 https://github.com/ByeWhiteLists/ByeWhiteLists2 2896h 未更新，废弃 → 加入黑名单[2026-07-26 23:49:32] 仓库 https://github.com/barry-far/V2ray-Config 候选文件 34 个

[2026-07-26 23:49:32] 🔗 递归发现仓库 op30mmd/vpn_proxy66 (来源 https://raw.githubusercontent.com/yitong2333/proxy-minging/main/url.txt)
[2026-07-26 23:49:34] Code搜索第1页 返回 403 (尝试 1/2)
[2026-07-26 23:49:34] 触发限流，等待 40s ...
[2026-07-26 23:49:34]   👤 用户仓库: 4 个 → 发现队列 (队列: 0/600)
[2026-07-26 23:49:34]   用户 Triton-ix 共查 4 个仓库
[2026-07-26 23:49:34] repo info (op30mmd/vpn_proxy66) 404，跳过
[2026-07-26 23:49:34] repo info (rxsweet/proxies) 404，跳过[2026-07-26 23:49:34] 仓库 https://github.com/Ruk1ng001/freeSub (分支: main, size: 547KB, pushed: 2026-07-26T14:00:07Z)

[2026-07-26 23:49:37] 仓库 https://github.com/Ruk1ng001/freeSub 候选文件 4 个
[2026-07-26 23:49:38] 🔗 查子仓库: yitong2333/proxy-minging
[2026-07-26 23:49:38]   🍴 子仓库: 7 个 → 发现队列 (队列: 0/600)
[2026-07-26 23:49:38] 🔗 开始 Fork 链追踪 (yitong2333/proxy-minging)
[2026-07-26 23:49:39]   父仓库: anaer/proxy-minging
[2026-07-26 23:49:39] 仓库在黑名单中: https://github.com/anaer/proxy-minging
[2026-07-26 23:49:39]   父仓库 +0 个节点
[2026-07-26 23:49:40]   🍴 兄弟仓库: 4 个 → 发现队列 (队列: 0/600)
[2026-07-26 23:49:40] 👤 遍历用户仓库: yitong2333
[2026-07-26 23:49:40] 🔗 查子仓库: barry-far/V2ray-Config
[2026-07-26 23:49:40] 🔗 查子仓库: Ruk1ng001/freeSub
[2026-07-26 23:49:41]   👤 用户仓库: 30 个 → 发现队列 (队列: 0/600)
[2026-07-26 23:49:41]   用户 yitong2333 共查 30 个仓库
[2026-07-26 23:49:41] 仓库在黑名单中: https://github.com/learnhard-cn/free_proxy_ss
[2026-07-26 23:49:41] 仓库 https://github.com/FreeFolksOn/abc-configs-free-vpn-proxy-list (分支: main, size: 5291KB, pushed: 2026-07-26T15:37:06Z)
[2026-07-26 23:49:43]   🍴 子仓库: 30 个 → 发现队列 (队列: 0/600)[2026-07-26 23:49:43]   🍴 子仓库: 30 个 → 发现队列 (队列: 0/600)

[2026-07-26 23:49:43] 🔗 开始 Fork 链追踪 (Ruk1ng001/freeSub)[2026-07-26 23:49:43] 🔗 开始 Fork 链追踪 (barry-far/V2ray-Config)

[2026-07-26 23:49:43] 👤 遍历用户仓库: barry-far
[2026-07-26 23:49:43] 👤 遍历用户仓库: Ruk1ng001
[2026-07-26 23:49:45] 仓库 https://github.com/FreeFolksOn/abc-configs-free-vpn-proxy-list 候选文件 1 个
[2026-07-26 23:49:45]   👤 用户仓库: 6 个 → 发现队列 (队列: 0/600)
[2026-07-26 23:49:45]   用户 barry-far 共查 6 个仓库
[2026-07-26 23:49:45] 仓库 https://github.com/akshayrai005/Diet-Maker (分支: main, size: 4172KB, pushed: 2026-07-26T15:35:50Z)
[2026-07-26 23:49:46] 🔗 查子仓库: FreeFolksOn/abc-configs-free-vpn-proxy-list
[2026-07-26 23:49:48]   👤 用户仓库: 16 个 → 发现队列 (队列: 0/600)
[2026-07-26 23:49:48]   用户 Ruk1ng001 共查 16 个仓库
[2026-07-26 23:49:48] ⚠️ 仓库 https://github.com/zkena/Local-Video-Library 大小为 0，跳过
[2026-07-26 23:49:48] 仓库 https://github.com/cazala/synaptic (分支: master, size: 4066KB, pushed: 2026-07-26T15:14:24Z)
[2026-07-26 23:49:48]   🍴 子仓库: 2 个 → 发现队列 (队列: 0/600)
[2026-07-26 23:49:48] 🔗 开始 Fork 链追踪 (FreeFolksOn/abc-configs-free-vpn-proxy-list)
[2026-07-26 23:49:50] 仓库 https://github.com/akshayrai005/Diet-Maker 候选文件 20 个[2026-07-26 23:49:50] 仓库 https://github.com/cazala/synaptic 候选文件 36 个

[2026-07-26 23:49:50] 👤 遍历用户仓库: FreeFolksOn
[2026-07-26 23:49:53] 仓库 https://github.com/akshayrai005/Diet-Maker 未提取到节点，加入黑名单
[2026-07-26 23:49:53]   用户 FreeFolksOn 共查 0 个仓库
[2026-07-26 23:49:53] 仓库 https://github.com/ServesYouRice/memoria (分支: main, size: 3615KB, pushed: 2026-07-26T15:13:48Z)
[2026-07-26 23:49:53] 仓库 https://github.com/XHegit/FreeNodes (分支: main, size: 18070KB, pushed: 2026-07-26T15:11:03Z)
[2026-07-26 23:49:53] 仓库 https://github.com/XHegit/FreeNodes 无候选文件 (总计 39 blob, 扩展名过滤 15, processed_shas 跳过 0, SHA 缓存跳过 24)
[2026-07-26 23:49:53] 🔗 查子仓库: XHegit/FreeNodes
[2026-07-26 23:49:54] 仓库 https://github.com/cazala/synaptic 未提取到节点，加入黑名单
[2026-07-26 23:49:54] 🔗 开始 Fork 链追踪 (XHegit/FreeNodes)
[2026-07-26 23:49:54] 仓库 https://github.com/ServesYouRice/memoria 候选文件 82 个
[2026-07-26 23:49:54] 仓库 https://github.com/wanvfx/FreeNodes (分支: main, size: 22319KB, pushed: 2026-07-26T15:10:40Z)
[2026-07-26 23:49:54]   父仓库: Barabama/FreeNodes
[2026-07-26 23:49:54] 仓库 https://github.com/wanvfx/FreeNodes 无候选文件 (总计 41 blob, 扩展名过滤 15, processed_shas 跳过 0, SHA 缓存跳过 26)
[2026-07-26 23:49:54] 🔗 查子仓库: wanvfx/FreeNodes
[2026-07-26 23:49:56] 🔗 开始 Fork 链追踪 (wanvfx/FreeNodes)
[2026-07-26 23:49:56] 仓库 https://github.com/ServesYouRice/memoria 未提取到节点，加入黑名单
[2026-07-26 23:49:56] 仓库 https://github.com/luochen1975/FreeNodes (分支: main, size: 22348KB, pushed: 2026-07-26T15:04:45Z)
[2026-07-26 23:49:57]   父仓库: Barabama/FreeNodes
[2026-07-26 23:49:57]   🍴 兄弟仓库: 30 个 → 发现队列 (队列: 0/600)
[2026-07-26 23:49:57] 👤 遍历用户仓库: XHegit
[2026-07-26 23:49:59] 仓库 https://github.com/luochen1975/FreeNodes 无候选文件 (总计 41 blob, 扩展名过滤 15, processed_shas 跳过 0, SHA 缓存跳过 26)
[2026-07-26 23:49:59] 🔗 查子仓库: luochen1975/FreeNodes
[2026-07-26 23:49:59] 🔗 开始 Fork 链追踪 (luochen1975/FreeNodes)
[2026-07-26 23:49:59]   🍴 兄弟仓库: 22 个 → 发现队列 (队列: 0/600)
[2026-07-26 23:49:59] 👤 遍历用户仓库: wanvfx
[2026-07-26 23:50:01]   父仓库: Barabama/FreeNodes
[2026-07-26 23:50:02] 👤 遍历用户仓库: luochen1975
[2026-07-26 23:50:03] 📦 批次 0010 已持久化: /home/runner/work/test-college/test-college/batches/no_batch_0010.txt (16330 个节点, 累计 64800 个) | 主队列 200/200, 发现队列 0/600
[2026-07-26 23:50:04] SHA 缓存已保存: 191491 条, 1 分片
[2026-07-26 23:50:04] 🔗 查子仓库: 603711936/SmartSub
[2026-07-26 23:50:05]   👤 用户仓库: 30 个 → 发现队列 (队列: 0/600)
[2026-07-26 23:50:05]   用户 wanvfx 共查 30 个仓库
[2026-07-26 23:50:05] 仓库 https://github.com/yangfh158/FreeNodes (分支: main, size: 20851KB, pushed: 2026-07-26T15:02:38Z)
[2026-07-26 23:50:05]   👤 用户仓库: 30 个 → 发现队列 (队列: 0/600)
[2026-07-26 23:50:05]   用户 XHegit 共查 30 个仓库
[2026-07-26 23:50:05] 仓库 https://github.com/wenxig/free-nodes-sub (分支: main, size: 13755KB, pushed: 2026-07-26T15:01:01Z)
[2026-07-26 23:50:07] 🔗 开始 Fork 链追踪 (603711936/SmartSub)
[2026-07-26 23:50:07] 仓库 https://github.com/yangfh158/FreeNodes 无候选文件 (总计 41 blob, 扩展名过滤 15, processed_shas 跳过 0, SHA 缓存跳过 26)
[2026-07-26 23:50:07] 🔗 查子仓库: yangfh158/FreeNodes
[2026-07-26 23:50:09] 仓库 https://github.com/wenxig/free-nodes-sub 候选文件 3 个
[2026-07-26 23:50:09]   👤 用户仓库: 30 个 → 发现队列 (队列: 0/600)
[2026-07-26 23:50:09]   用户 luochen1975 共查 30 个仓库
[2026-07-26 23:50:09] 仓库 https://github.com/gwcctv/FreeNodes (分支: main, size: 20604KB, pushed: 2026-07-26T15:00:09Z)
[2026-07-26 23:50:09] 🔗 开始 Fork 链追踪 (yangfh158/FreeNodes)
[2026-07-26 23:50:11] 🔗 查子仓库: wenxig/free-nodes-sub
[2026-07-26 23:50:11]   父仓库: noxenys/SmartSub
[2026-07-26 23:50:11] 仓库 https://github.com/noxenys/SmartSub (分支: main, size: 239810KB, pushed: 2026-07-25T21:14:43Z)
[2026-07-26 23:50:11] 仓库 https://github.com/gwcctv/FreeNodes 无候选文件 (总计 41 blob, 扩展名过滤 15, processed_shas 跳过 0, SHA 缓存跳过 26)
[2026-07-26 23:50:11] 🔗 查子仓库: gwcctv/FreeNodes
[2026-07-26 23:50:11] 🔗 开始 Fork 链追踪 (gwcctv/FreeNodes)
[2026-07-26 23:50:11] 仓库 https://github.com/noxenys/SmartSub 候选文件较多 (191 个)，先通过 commits API 过滤
[2026-07-26 23:50:13]   父仓库: Barabama/FreeNodes
[2026-07-26 23:50:13]   父仓库: Barabama/FreeNodes
[2026-07-26 23:50:15]   🍴 子仓库: 8 个 → 发现队列 (队列: 0/600)
[2026-07-26 23:50:15] 🔗 开始 Fork 链追踪 (wenxig/free-nodes-sub)
[2026-07-26 23:50:15] ⏱️ Code [60/97] "type: tuic" extension:json | 46s | +14537 节点 | 配额 4161/4800
[2026-07-26 23:50:17] 👤 遍历用户仓库: wenxig
[2026-07-26 23:50:17]   Compare API 返回 10 个变更文件 (3 次 API 调用)
[2026-07-26 23:50:17]   commits 过滤: 191 → 9 (变更文件 10 个)
[2026-07-26 23:50:17] 仓库 https://github.com/noxenys/SmartSub 候选文件 9 个
[2026-07-26 23:50:19] ⏱️ Code [61/97] "server:" extension:yaml | 4s | +0 节点 | 配额 4156/4800
[2026-07-26 23:50:20] ⏱️ Code [62/97] "port:" extension:yaml | 0s | +1193 节点 | 配额 4155/4800
[2026-07-26 23:50:22] 👤 遍历用户仓库: gwcctv
[2026-07-26 23:50:22] 👤 遍历用户仓库: yangfh158
[2026-07-26 23:50:22] ⏱️ Code [63/97] "uuid:" extension:yaml | 2s | +12 节点 | 配额 4151/4800[2026-07-26 23:50:24]   👤 用户仓库: 14 个 → 发现队列 (队列: 0/600)

[2026-07-26 23:50:24]   用户 wenxig 共查 14 个仓库
[2026-07-26 23:50:24] 仓库 https://github.com/chengege666/FreeNodes (分支: main, size: 22433KB, pushed: 2026-07-26T15:00:02Z)
[2026-07-26 23:50:24] ⏱️ Code [64/97] "password:" extension:yaml | 0s | +0 节点 | 配额 4149/4800
[2026-07-26 23:50:24] ⏱️ Code [65/97] "cipher:" extension:yaml | 0s | +0 节点 | 配额 4147/4800
[2026-07-26 23:50:26]   👤 用户仓库: 4 个 → 发现队列 (队列: 0/600)[2026-07-26 23:50:26] 仓库 https://github.com/chengege666/FreeNodes 无候选文件 (总计 41 blob, 扩展名过滤 15, processed_shas 跳过 0, SHA 缓存跳过 26)

[2026-07-26 23:50:26]   用户 yangfh158 共查 4 个仓库
[2026-07-26 23:50:26] 🔗 查子仓库: chengege666/FreeNodes
[2026-07-26 23:50:26] 仓库 https://github.com/junjun266/FreeProxyGo (分支: main, size: 1579KB, pushed: 2026-07-26T15:00:01Z)
[2026-07-26 23:50:28] ⏱️ Code [66/97] "network:" extension:yaml | 4s | +1 节点 | 配额 4143/4800
[2026-07-26 23:50:28] 🔗 开始 Fork 链追踪 (chengege666/FreeNodes)
[2026-07-26 23:50:28] ⏱️ Code [67/97] "sni:" extension:yaml | 0s | +0 节点 | 配额 4141/4800
[2026-07-26 23:50:28] ⏱️ Code [68/97] "alterId:" extension:yaml | 0s | +0 节点 | 配额 4140/4800
[2026-07-26 23:50:30] 仓库 https://github.com/junjun266/FreeProxyGo 候选文件 1 个[2026-07-26 23:50:30]   父仓库: Barabama/FreeNodes

[2026-07-26 23:50:31] 🔗 查子仓库: junjun266/FreeProxyGo
[2026-07-26 23:50:33] ⏱️ Code [69/97] "server:" extension:yml | 4s | +0 节点 | 配额 4136/4800
[2026-07-26 23:50:33] Code搜索第1页 返回 403 (尝试 1/2)
[2026-07-26 23:50:33] 触发限流，等待 47s ...
[2026-07-26 23:50:33]   👤 用户仓库: 30 个 → 发现队列 (队列: 0/600)
[2026-07-26 23:50:33]   用户 gwcctv 共查 30 个仓库
[2026-07-26 23:50:33] 仓库 https://github.com/DXFH/clash-free-cleaner (分支: main, size: 2411682KB, pushed: 2026-07-26T14:53:18Z)
[2026-07-26 23:50:35] 仓库 https://github.com/DXFH/clash-free-cleaner 候选文件较多 (181 个)，先通过 commits API 过滤
[2026-07-26 23:50:35]   🍴 子仓库: 3 个 → 发现队列 (队列: 0/600)
[2026-07-26 23:50:36] 🔗 开始 Fork 链追踪 (junjun266/FreeProxyGo)
[2026-07-26 23:50:37] 🔗 查子仓库: noxenys/SmartSub
[2026-07-26 23:50:38] 👤 遍历用户仓库: junjun266[2026-07-26 23:50:38] 👤 遍历用户仓库: chengege666

[2026-07-26 23:50:40]   用户 junjun266 共查 0 个仓库
[2026-07-26 23:50:40] 仓库 https://github.com/mfuu/v2ray (分支: master, size: 26KB, pushed: 2026-07-26T14:24:19Z)
[2026-07-26 23:50:42]   Compare API 返回 166 个变更文件 (3 次 API 调用)
[2026-07-26 23:50:42]   commits 过滤: 181 → 159 (变更文件 166 个)
[2026-07-26 23:50:42] 仓库 https://github.com/DXFH/clash-free-cleaner 候选文件 159 个
[2026-07-26 23:50:42]   👤 用户仓库: 24 个 → 发现队列 (队列: 0/600)
[2026-07-26 23:50:42]   用户 chengege666 共查 24 个仓库
[2026-07-26 23:50:42] 仓库 https://github.com/LingQingOutAt11/free-vpn-subscriptions (分支: main, size: 56164KB, pushed: 2026-07-26T14:02:41Z)
[2026-07-26 23:50:42]   🍴 子仓库: 6 个 → 发现队列 (队列: 0/600)
[2026-07-26 23:50:42] 🔗 开始 Fork 链追踪 (noxenys/SmartSub)
[2026-07-26 23:50:42] ⚠️ 并行下载异常: sub/countries/BH.json: 'utf-8' codec can't encode characters in position 0-3: surrogates not allowed
[2026-07-26 23:50:42] 仓库 https://github.com/mfuu/v2ray 候选文件 3 个
[2026-07-26 23:50:42] 👤 遍历用户仓库: noxenys
[2026-07-26 23:50:42] ⚠️ 并行下载异常: sub/countries/BY.json: 'utf-8' codec can't encode characters in position 0-3: surrogates not allowed
[2026-07-26 23:50:42] ⚠️ 并行下载异常: sub/countries/HR.json: 'utf-8' codec can't encode characters in position 0-3: surrogates not allowed
[2026-07-26 23:50:42] ⚠️ 并行下载异常: sub/countries/AZ.json: 'utf-8' codec can't encode characters in position 0-3: surrogates not allowed
[2026-07-26 23:50:42] ⚠️ 并行下载异常: sub/countries/OM.json: 'utf-8' codec can't encode characters in position 0-3: surrogates not allowed
[2026-07-26 23:50:42] ⚠️ 并行下载异常: sub/countries/TH.json: 'utf-8' codec can't encode characters in position 0-3: surrogates not allowed
[2026-07-26 23:50:43] ⚠️ 并行下载异常: sub/countries/MX.json: 'utf-8' codec can't encode characters in position 0-3: surrogates not allowed
[2026-07-26 23:50:43] ⚠️ 并行下载异常: sub/countries/GE.json: 'utf-8' codec can't encode characters in position 0-3: surrogates not allowed
[2026-07-26 23:50:43] ⚠️ 并行下载异常: sub/countries/DK.json: 'utf-8' codec can't encode characters in position 0-3: surrogates not allowed
[2026-07-26 23:50:43] ⚠️ 并行下载异常: sub/countries/ID.json: 'utf-8' codec can't encode characters in position 0-3: surrogates not allowed
[2026-07-26 23:50:43] ⚠️ 并行下载异常: sub/countries/IL.json: 'utf-8' codec can't encode characters in position 0-3: surrogates not allowed
[2026-07-26 23:50:43] ⚠️ 并行下载异常: sub/countries/HU.json: 'utf-8' codec can't encode characters in position 0-3: surrogates not allowed
[2026-07-26 23:50:43] ⚠️ 并行下载异常: sub/countries/BE.json: 'utf-8' codec can't encode characters in position 0-3: surrogates not allowed
[2026-07-26 23:50:43] ⚠️ 并行下载异常: sub/countries/GR.json: 'utf-8' codec can't encode characters in position 0-3: surrogates not allowed
[2026-07-26 23:50:44] ⚠️ 并行下载异常: sub/countries/ZA.json: 'utf-8' codec can't encode characters in position 0-3: surrogates not allowed
[2026-07-26 23:50:44] ⚠️ 并行下载异常: sub/countries/VN.json: 'utf-8' codec can't encode characters in position 0-3: surrogates not allowed
[2026-07-26 23:50:44] ⚠️ 并行下载异常: sub/countries/LU.json: 'utf-8' codec can't encode characters in position 0-3: surrogates not allowed
[2026-07-26 23:50:44] ⚠️ 并行下载异常: sub/countries/IN.json: 'utf-8' codec can't encode characters in position 0-3: surrogates not allowed
[2026-07-26 23:50:44] 🔗 查子仓库: mfuu/v2ray
[2026-07-26 23:50:44] 仓库 https://github.com/LingQingOutAt11/free-vpn-subscriptions 候选文件 21 个
[2026-07-26 23:50:45] ⚠️ 并行下载异常: sub/countries/AU.json: 'utf-8' codec can't encode characters in position 0-3: surrogates not allowed
[2026-07-26 23:50:45] ⚠️ 并行下载异常: sub/countries/BG.json: 'utf-8' codec can't encode characters in position 0-3: surrogates not allowed
[2026-07-26 23:50:45] ⚠️ 并行下载异常: sub/countries/TW.json: 'utf-8' codec can't encode characters in position 0-3: surrogates not allowed
[2026-07-26 23:50:46] ⚠️ 并行下载异常: sub/countries/KZ.json: 'utf-8' codec can't encode characters in position 0-3: surrogates not allowed
[2026-07-26 23:50:46] ⚠️ 并行下载异常: sub/countries/CZ.json: 'utf-8' codec can't encode characters in position 0-3: surrogates not allowed
[2026-07-26 23:50:46] ⚠️ 并行下载异常: sub/protocols/vmess.json: 'utf-8' codec can't encode characters in position 0-3: surrogates not allowed
[2026-07-26 23:50:46] ⚠️ 并行下载异常: sub/countries/ES.json: 'utf-8' codec can't encode characters in position 0-3: surrogates not allowed
[2026-07-26 23:50:46]   👤 用户仓库: 30 个 → 发现队列 (队列: 0/600)
[2026-07-26 23:50:46]   用户 noxenys 共查 30 个仓库
[2026-07-26 23:50:46]   父仓库 +4192 个节点
[2026-07-26 23:50:46]   🍴 子仓库: 30 个 → 发现队列 (队列: 0/600)
[2026-07-26 23:50:46] 🔗 开始 Fork 链追踪 (mfuu/v2ray)
[2026-07-26 23:50:47] 👤 遍历用户仓库: mfuu
[2026-07-26 23:50:47] 📦 批次 0011 已持久化: /home/runner/work/test-college/test-college/batches/no_batch_0011.txt (5071 个节点, 累计 70298 个) | 主队列 200/200, 发现队列 0/600
[2026-07-26 23:50:51] SHA 缓存已保存: 191598 条, 1 分片
[2026-07-26 23:50:51] ⚠️ 并行下载异常: sub/countries/IE.json: 'utf-8' codec can't encode characters in position 0-3: surrogates not allowed
[2026-07-26 23:50:51] ⚠️ 并行下载异常: sub/countries/AE.json: 'utf-8' codec can't encode characters in position 0-3: surrogates not allowed
[2026-07-26 23:50:51] ⚠️ 并行下载异常: sub/countries/TR.json: 'utf-8' codec can't encode characters in position 0-3: surrogates not allowed
[2026-07-26 23:50:51] 🔗 查子仓库: LingQingOutAt11/free-vpn-subscriptions
[2026-07-26 23:50:51] ⚠️ 并行下载异常: sub/countries/CN.json: 'utf-8' codec can't encode characters in position 0-3: surrogates not allowed
[2026-07-26 23:50:51] ⚠️ 并行下载异常: sub/countries/CY.json: 'utf-8' codec can't encode characters in position 0-3: surrogates not allowed
[2026-07-26 23:50:51] ⚠️ 并行下载异常: sub/countries/RO.json: 'utf-8' codec can't encode characters in position 0-3: surrogates not allowed
[2026-07-26 23:50:51] ⚠️ 并行下载异常: sub/countries/MD.json: 'utf-8' codec can't encode characters in position 0-3: surrogates not allowed
[2026-07-26 23:50:51] ⚠️ 并行下载异常: sub/countries/PL.json: 'utf-8' codec can't encode characters in position 0-3: surrogates not allowed
[2026-07-26 23:50:51] 👤 遍历用户仓库: 603711936
[2026-07-26 23:50:51]   👤 用户仓库: 30 个 → 发现队列 (队列: 0/600)
[2026-07-26 23:50:51]   用户 mfuu 共查 30 个仓库
[2026-07-26 23:50:51] 仓库 https://github.com/Matrixstar2000/FastNodes (分支: main, size: 1864420KB, pushed: 2026-07-26T14:02:11Z)
[2026-07-26 23:50:51] 🔗 开始 Fork 链追踪 (LingQingOutAt11/free-vpn-subscriptions)
[2026-07-26 23:50:51]   父仓库: Au1rxx/free-vpn-subscriptions
[2026-07-26 23:50:52]   👤 用户仓库: 10 个 → 发现队列 (队列: 0/600)
[2026-07-26 23:50:52]   用户 603711936 共查 10 个仓库
[2026-07-26 23:50:52] 仓库 https://github.com/Matrixstar2000/FastNodes 候选文件较多 (131 个)，先通过 commits API 过滤
[2026-07-26 23:50:52] 仓库 https://github.com/PENZA84/free-node (分支: main, size: 25395KB, pushed: 2026-07-26T13:44:15Z)
[2026-07-26 23:50:55] ⚠️ 并行下载异常: sub/countries/LT.json: 'utf-8' codec can't encode characters in position 0-3: surrogates not allowed
[2026-07-26 23:50:56]   🍴 兄弟仓库: 30 个 → 发现队列 (队列: 0/600)
[2026-07-26 23:50:56] 👤 遍历用户仓库: LingQingOutAt11[2026-07-26 23:50:56] 📦 批次 0012 已持久化: /home/runner/work/test-college/test-college/batches/no_batch_0012.txt (5799 个节点, 累计 75841 个) | 主队列 200/200, 发现队列 0/600

[2026-07-26 23:50:56] ⚠️ 并行下载异常: sub/countries/CH.json: 'utf-8' codec can't encode characters in position 0-3: surrogates not allowed
[2026-07-26 23:51:09] SHA 缓存已保存: 191620 条, 1 分片
[2026-07-26 23:51:10]   👤 用户仓库: 1 个 → 发现队列 (队列: 0/600)
[2026-07-26 23:51:10]   用户 LingQingOutAt11 共查 1 个仓库
[2026-07-26 23:51:10] 仓库 https://github.com/HakurouKen/free-node (分支: main, size: 25384KB, pushed: 2026-07-26T13:26:50Z)
[2026-07-26 23:51:10]   Compare API 返回 166 个变更文件 (3 次 API 调用)
[2026-07-26 23:51:10]   commits 过滤: 131 → 120 (变更文件 166 个)
[2026-07-26 23:51:10] 仓库 https://github.com/Matrixstar2000/FastNodes 候选文件 120 个
[2026-07-26 23:51:10] 仓库 https://github.com/PENZA84/free-node 候选文件 1 个
[2026-07-26 23:51:10] ⚠️ 并行下载异常: sub/countries/GB.json: 'utf-8' codec can't encode characters in position 0-3: surrogates not allowed
[2026-07-26 23:51:10] ⚠️ 并行下载异常: sub/countries/CA.json: 'utf-8' codec can't encode characters in position 0-3: surrogates not allowed
[2026-07-26 23:51:10] ⚠️ 并行下载异常: sub/countries/LV.json: 'utf-8' codec can't encode characters in position 0-3: surrogates not allowed
[2026-07-26 23:51:10] ⚠️ 并行下载异常: sub/countries/SE.json: 'utf-8' codec can't encode characters in position 0-3: surrogates not allowed
[2026-07-26 23:51:10] ⚠️ 并行下载异常: sub/countries/IR.json: 'utf-8' codec can't encode characters in position 0-3: surrogates not allowed
[2026-07-26 23:51:10] ⚠️ 并行下载异常: sub/countries/FI.json: 'utf-8' codec can't encode characters in position 0-3: surrogates not allowed
[2026-07-26 23:51:10] ⚠️ 并行下载异常: sub/countries/HK.json: 'utf-8' codec can't encode characters in position 0-3: surrogates not allowed
[2026-07-26 23:51:10] ⚠️ 并行下载异常: sub/countries/SG.json: 'utf-8' codec can't encode characters in position 0-3: surrogates not allowed
[2026-07-26 23:51:10] ⚠️ 并行下载异常: sub/countries/SC.json: 'utf-8' codec can't encode characters in position 0-3: surrogates not allowed
[2026-07-26 23:51:11] 仓库 https://github.com/HakurouKen/free-node 候选文件 1 个
[2026-07-26 23:51:11] ⚠️ 并行下载异常: sub/countries/BY.json: 'utf-8' codec can't encode characters in position 0-3: surrogates not allowed
[2026-07-26 23:51:11] ⚠️ 并行下载异常: sub/countries/TH.json: 'utf-8' codec can't encode characters in position 0-3: surrogates not allowed
[2026-07-26 23:51:11] ⚠️ 并行下载异常: sub/countries/MX.json: 'utf-8' codec can't encode characters in position 0-3: surrogates not allowed
[2026-07-26 23:51:11] 📦 批次 0013 已持久化: /home/runner/work/test-college/test-college/batches/no_batch_0013.txt (5044 个节点, 累计 80730 个) | 主队列 200/200, 发现队列 0/600
[2026-07-26 23:51:15] SHA 缓存已保存: 191633 条, 1 分片
[2026-07-26 23:51:20] 🔗 查子仓库: HakurouKen/free-node
[2026-07-26 23:51:20] 🔗 查子仓库: PENZA84/free-node
[2026-07-26 23:51:20] 🔗 开始 Fork 链追踪 (PENZA84/free-node)[2026-07-26 23:51:20] ⏱️ Code [70/97] "uuid:" extension:yml | 48s | +14755 节点 | 配额 4091/4800

[2026-07-26 23:51:21] ⏱️ Code [71/97] "server:" extension:json | 0s | +2 节点 | 配额 4089/4800
[2026-07-26 23:51:21]   父仓库: HakurouKen/free-node
[2026-07-26 23:51:21] ⏱️ Code [72/97] "server_port" extension:json | 0s | +0 节点 | 配额 4087/4800
[2026-07-26 23:51:21] ⏱️ Code [73/97] "method:" extension:json | 0s | +2 节点 | 配额 4086/4800
[2026-07-26 23:51:22] ⏱️ Code [74/97] proxy-groups extension:yaml | 0s | +0 节点 | 配额 4085/4800
[2026-07-26 23:51:22] ⏱️ Code [75/97] proxy-groups extension:yml | 0s | +4 节点 | 配额 4084/4800
[2026-07-26 23:51:23] ⏱️ Code [76/97] outbounds extension:json | 0s | +0 节点 | 配额 4082/4800
[2026-07-26 23:51:24] ⏱️ Code [77/97] "outbounds" extension:json | 0s | +0 节点 | 配额 4081/4800
[2026-07-26 23:51:24] ⏱️ Code [78/97] hysteria2 config extension:yaml | 0s | +0 节点 | 配额 4080/4800
[2026-07-26 23:51:24] ⏱️ Code [79/97] hy2 outbound extension:json | 1s | +0 节点 | 配额 4079/4800
[2026-07-26 23:51:25] Code搜索第1页 返回 403 (尝试 1/2)
[2026-07-26 23:51:25] 触发限流，等待 60s ...
[2026-07-26 23:51:50] ⚠️ 并行下载异常: sub/countries/ID.json: 'utf-8' codec can't encode characters in position 0-3: surrogates not allowed
[2026-07-26 23:52:07] ⚠️ 并行下载异常: sub/Best-Results/top50.json: 'utf-8' codec can't encode characters in position 0-3: surrogates not allowed
[2026-07-26 23:52:08] ⚠️ 并行下载异常: sub/countries/BE.json: 'utf-8' codec can't encode characters in position 0-3: surrogates not allowed
[2026-07-26 23:52:09]   🍴 子仓库: 15 个 → 发现队列 (队列: 0/600)
[2026-07-26 23:52:09] 🔗 开始 Fork 链追踪 (HakurouKen/free-node)
[2026-07-26 23:52:09]   🍴 兄弟仓库: 2 个 → 发现队列 (队列: 0/600)
[2026-07-26 23:52:09] 👤 遍历用户仓库: PENZA84
[2026-07-26 23:52:09] ⚠️ 并行下载异常: sub/countries/HU.json: 'utf-8' codec can't encode characters in position 0-3: surrogates not allowed
[2026-07-26 23:52:09] ⚠️ 并行下载异常: sub/countries/ZA.json: 'utf-8' codec can't encode characters in position 0-3: surrogates not allowed
[2026-07-26 23:52:09] ⚠️ 并行下载异常: sub/Best-Results/top100.json: 'utf-8' codec can't encode characters in position 0-3: surrogates not allowed
[2026-07-26 23:52:09] ⚠️ 并行下载异常: sub/countries/LU.json: 'utf-8' codec can't encode characters in position 0-3: surrogates not allowed
[2026-07-26 23:52:09] ⚠️ 并行下载异常: sub/countries/FR.json: 'utf-8' codec can't encode characters in position 0-3: surrogates not allowed
[2026-07-26 23:52:09] ⚠️ 并行下载异常: sub/protocols/trojan.json: 'utf-8' codec can't encode characters in position 0-1: surrogates not allowed
[2026-07-26 23:52:09] ⚠️ 并行下载异常: sub/protocols/ss.json: 'utf-8' codec can't encode characters in position 0-3: surrogates not allowed
[2026-07-26 23:52:09] 👤 遍历用户仓库: HakurouKen
[2026-07-26 23:52:10] ⚠️ 主队列超时 60s 无空间，搜索中断
[2026-07-26 23:52:10] ⏱️ [22/147] v2rayN pushed:>2026-07-25T15:43:36Z fork:true -language:HTML | 216s | +31481 | 配额 4075/4800
[2026-07-26 23:52:10] ⚠️ 并行下载异常: sub/Best-Results/top150.json: 'utf-8' codec can't encode characters in position 0-3: surrogates not allowed
[2026-07-26 23:52:11] ⚠️ 并行下载异常: sub/countries/IN.json: 'utf-8' codec can't encode characters in position 0-3: surrogates not allowed
[2026-07-26 23:52:11] ⚠️ 并行下载异常: sub/countries/BG.json: 'utf-8' codec can't encode characters in position 0-3: surrogates not allowed
[2026-07-26 23:52:11] ⚠️ 并行下载异常: sub/countries/ES.json: 'utf-8' codec can't encode characters in position 0-3: surrogates not allowed
[2026-07-26 23:52:11] ⚠️ 并行下载异常: sub/countries/NL.json: 'utf-8' codec can't encode characters in position 0-3: surrogates not allowed
[2026-07-26 23:52:14] ⚠️ 并行下载异常: sub/protocols/vmess.json: 'utf-8' codec can't encode characters in position 0-3: surrogates not allowed
[2026-07-26 23:52:16]   👤 用户仓库: 30 个 → 发现队列 (队列: 0/600)
[2026-07-26 23:52:16]   用户 PENZA84 共查 30 个仓库
[2026-07-26 23:52:16] 仓库 https://github.com/davidchim/proxypool (分支: main, size: 49494KB, pushed: 2026-07-26T13:25:05Z)
[2026-07-26 23:52:17] 仓库 https://github.com/davidchim/proxypool 候选文件 2 个
[2026-07-26 23:52:28] ⏱️ Code [80/97] tuic server extension:yaml | 64s | +1405 节点 | 配额 4067/4800
[2026-07-26 23:52:29] ⏱️ Code [81/97] vless reality extension:json | 0s | +0 节点 | 配额 4066/4800
[2026-07-26 23:52:29] ⏱️ Code [82/97] trojan password extension:yaml | 0s | +2 节点 | 配额 4065/4800
[2026-07-26 23:52:29] ⏱️ Code [83/97] vmess uuid extension:json | 0s | +0 节点 | 配额 4064/4800
[2026-07-26 23:52:30] ⏱️ Code [84/97] shadowsocks method extension:yaml | 0s | +2 节点 | 配额 4063/4800
[2026-07-26 23:52:31] ⏱️ Code [85/97] ssr protocol extension:yaml | 1s | +5 节点 | 配额 4062/4800
[2026-07-26 23:52:32] ⏱️ Code [86/97] hysteria2 server extension:json | 1s | +5 节点 | 配额 4061/4800
[2026-07-26 23:52:33] ⏱️ Code [87/97] tuic congestion extension:json | 1s | +5 节点 | 配额 4060/4800
[2026-07-26 23:52:33] ⏱️ Code [88/97] vless flow extension:yaml | 0s | +4 节点 | 配额 4059/4800
[2026-07-26 23:52:33] Code搜索第1页 返回 403 (尝试 1/2)
[2026-07-26 23:52:33] 触发限流，等待 60s ...
[2026-07-26 23:52:35]   👤 用户仓库: 30 个 → 发现队列 (队列: 0/600)
[2026-07-26 23:52:35]   用户 HakurouKen 共查 30 个仓库
[2026-07-26 23:52:35] 仓库 https://github.com/hansenlandun-prog/freeproxy-node-sub (分支: main, size: 81155KB, pushed: 2026-07-26T12:55:00Z)
[2026-07-26 23:52:39] ⚠️ 并行下载异常: sub/countries/DE.json: 'utf-8' codec can't encode characters in position 0-3: surrogates not allowed
[2026-07-26 23:52:56] 仓库 https://github.com/hansenlandun-prog/freeproxy-node-sub 候选文件 4 个
[2026-07-26 23:53:34] ⏱️ Code [89/97] subscription-userinfo extension:txt | 61s | +257 节点 | 配额 4056/4800
[2026-07-26 23:53:35] ⏱️ Code [90/97] subscription-userinfo extension:yml | 0s | +0 节点 | 配额 4055/4800
[2026-07-26 23:53:35] ⏱️ Code [91/97] raw.githubusercontent.com extension:yaml | 0s | +1 节点 | 配额 4054/4800
[2026-07-26 23:53:36] ⏱️ Code [92/97] raw.githubusercontent.com extension:json | 1s | +3 节点 | 配额 4053/4800
[2026-07-26 23:53:37] ⚠️ 主队列超时 60s 无空间，搜索中断
[2026-07-26 23:53:37] ⏱️ [23/147] v2rayNG pushed:>2026-07-25T15:43:36Z fork:true -language:HTM | 86s | +848 | 配额 4053/4800
[2026-07-26 23:53:37] ⏱️ Code [93/97] raw.githubusercontent.com extension:txt | 1s | +4 节点 | 配额 4052/4800
[2026-07-26 23:53:37] ⏱️ Code [94/97] raw.githubusercontent.com extension:yml | 1s | +0 节点 | 配额 4051/4800
[2026-07-26 23:53:38] ⏱️ Code [95/97] v2ray aggregator extension:py | 0s | +0 节点 | 配额 4050/4800
[2026-07-26 23:53:38] ⏱️ Code [96/97] proxy collector extension:py | 0s | +0 节点 | 配额 4049/4800
[2026-07-26 23:53:39] ⏱️ Code [97/97] vmess:// raw.githubusercontent extension:py | 0s | +3 节点 | 配额 4048/4800
[2026-07-26 23:53:58] ⚠️ 并行下载异常: sub/countries/US.json: 'utf-8' codec can't encode characters in position 0-3: surrogates not allowed
[2026-07-26 23:54:03] 🔗 查子仓库: davidchim/proxypool
[2026-07-26 23:54:05] 🔗 开始 Fork 链追踪 (davidchim/proxypool)
[2026-07-26 23:54:05]   父仓库: snakem982/proxypool
[2026-07-26 23:54:09] ⚠️ 并行下载异常: sub/countries/KZ.json: 'utf-8' codec can't encode characters in position 0-3: surrogates not allowed
[2026-07-26 23:54:16] ⚠️ 并行下载异常: sub/countries/IE.json: 'utf-8' codec can't encode characters in position 0-3: surrogates not allowed
[2026-07-26 23:54:16] ⚠️ 并行下载异常: sub/countries/CY.json: 'utf-8' codec can't encode characters in position 0-3: surrogates not allowed
[2026-07-26 23:54:16]   🍴 兄弟仓库: 19 个 → 发现队列 (队列: 0/600)
[2026-07-26 23:54:16] 👤 遍历用户仓库: davidchim
[2026-07-26 23:54:16] ⚠️ 并行下载异常: sub/countries/RO.json: 'utf-8' codec can't encode characters in position 0-3: surrogates not allowed
[2026-07-26 23:54:16] ⚠️ 并行下载异常: sub/countries/CN.json: 'utf-8' codec can't encode characters in position 0-3: surrogates not allowed
[2026-07-26 23:54:16] ⚠️ 并行下载异常: sub/countries/AE.json: 'utf-8' codec can't encode characters in position 0-3: surrogates not allowed
[2026-07-26 23:54:22] ⚠️ 并行下载异常: sub/countries/TR.json: 'utf-8' codec can't encode characters in position 0-3: surrogates not allowed
[2026-07-26 23:54:22] ⚠️ 并行下载异常: sub/countries/MD.json: 'utf-8' codec can't encode characters in position 0-3: surrogates not allowed
[2026-07-26 23:54:22] ⚠️ 并行下载异常: sub/countries/PL.json: 'utf-8' codec can't encode characters in position 0-3: surrogates not allowed
[2026-07-26 23:54:22] ⚠️ 并行下载异常: sub/countries/CH.json: 'utf-8' codec can't encode characters in position 0-3: surrogates not allowed
[2026-07-26 23:54:22] ⚠️ 并行下载异常: sub/countries/CA.json: 'utf-8' codec can't encode characters in position 0-3: surrogates not allowed
[2026-07-26 23:54:22] ⚠️ 并行下载异常: sub/countries/LV.json: 'utf-8' codec can't encode characters in position 0-3: surrogates not allowed
[2026-07-26 23:54:22] ⚠️ 并行下载异常: sub/countries/LT.json: 'utf-8' codec can't encode characters in position 0-3: surrogates not allowed
[2026-07-26 23:54:22] 📦 批次 0014 已持久化: /home/runner/work/test-college/test-college/batches/no_batch_0014.txt (5616 个节点, 累计 86337 个) | 主队列 200/200, 发现队列 0/600
[2026-07-26 23:54:25] SHA 缓存已保存: 191684 条, 1 分片
[2026-07-26 23:54:27] ⚠️ 并行下载异常: sub/countries/HK.json: 'utf-8' codec can't encode characters in position 0-3: surrogates not allowed
[2026-07-26 23:54:27] ⚠️ 并行下载异常: sub/countries/RU.json: 'utf-8' codec can't encode characters in position 0-3: surrogates not allowed
[2026-07-26 23:54:27] ⚠️ 并行下载异常: sub/countries/FI.json: 'utf-8' codec can't encode characters in position 0-3: surrogates not allowed
[2026-07-26 23:54:44]   👤 用户仓库: 30 个 → 发现队列 (队列: 0/600)
[2026-07-26 23:54:44]   用户 davidchim 共查 30 个仓库
[2026-07-26 23:54:44] 仓库 https://github.com/xcai413/fanqiang-navigation (分支: master, size: 255KB, pushed: 2026-07-26T12:51:20Z)
[2026-07-26 23:54:44] ⚠️ 并行下载异常: sub/protocols/vless.json: 'utf-8' codec can't encode characters in position 0-3: surrogates not allowed
[2026-07-26 23:54:45] ⚠️ 并行下载异常: sub/countries/SE.json: 'utf-8' codec can't encode characters in position 0-3: surrogates not allowed
[2026-07-26 23:54:45] 仓库 https://github.com/xcai413/fanqiang-navigation 候选文件 4 个
[2026-07-26 23:54:45] ⚠️ 并行下载异常: sub/countries/SC.json: 'utf-8' codec can't encode characters in position 0-3: surrogates not allowed
[2026-07-26 23:54:45] 📦 批次 0015 已持久化: /home/runner/work/test-college/test-college/batches/no_batch_0015.txt (5703 个节点, 累计 92033 个) | 主队列 200/200, 发现队列 0/600
[2026-07-26 23:54:49] SHA 缓存已保存: 191699 条, 1 分片
[2026-07-26 23:55:24] 🔗 查子仓库: xcai413/fanqiang-navigation
[2026-07-26 23:55:25] 🔗 开始 Fork 链追踪 (xcai413/fanqiang-navigation)
[2026-07-26 23:55:25] ⚠️ 并行下载异常: sub/countries/GB.json: 'utf-8' codec can't encode characters in position 0-3: surrogates not allowed
[2026-07-26 23:55:25] ⚠️ 并行下载异常: sub/countries/IR.json: 'utf-8' codec can't encode characters in position 0-3: surrogates not allowed
[2026-07-26 23:55:25] ⚠️ 并行下载异常: sub/protocols/ss.json: 'utf-8' codec can't encode characters in position 0-3: surrogates not allowed
[2026-07-26 23:55:25] ⚠️ 并行下载异常: sub/countries/NL.json: 'utf-8' codec can't encode characters in position 0-3: surrogates not allowed
[2026-07-26 23:55:25] 👤 遍历用户仓库: xcai413
[2026-07-26 23:55:25] ⚠️ 并行下载异常: sub/countries/RU.json: 'utf-8' codec can't encode characters in position 0-3: surrogates not allowed
[2026-07-26 23:55:25] ⚠️ 并行下载异常: sub/countries/FR.json: 'utf-8' codec can't encode characters in position 0-3: surrogates not allowed
[2026-07-26 23:55:25]   👤 用户仓库: 7 个 → 发现队列 (队列: 0/600)
[2026-07-26 23:55:25]   用户 xcai413 共查 7 个仓库
[2026-07-26 23:55:25] 仓库 https://github.com/birhantprkc/free-vpn-subscriptions (分支: main, size: 214536KB, pushed: 2026-07-26T12:41:22Z)
[2026-07-26 23:55:25] 📦 批次 0016 已持久化: /home/runner/work/test-college/test-college/batches/no_batch_0016.txt (5048 个节点, 累计 97086 个) | 主队列 200/200, 发现队列 0/600
[2026-07-26 23:55:26] SHA 缓存已保存: 191705 条, 1 分片
[2026-07-26 23:56:25] ⚠️ 主队列超时 60s 无空间，搜索中断
[2026-07-26 23:56:26] ⏱️ [24/147] Clash.Meta pushed:>2026-07-25T15:43:36Z fork:true -language: | 169s | +15763 | 配额 4033/4800
[2026-07-26 23:57:29] 仓库 https://github.com/birhantprkc/free-vpn-subscriptions 候选文件较多 (256 个)，先通过 commits API 过滤
[2026-07-26 23:57:32]   Compare API 返回 300 个变更文件 (3 次 API 调用)
[2026-07-26 23:57:32]   commits 过滤: 256 → 17 (变更文件 300 个)
[2026-07-26 23:57:32] 仓库 https://github.com/birhantprkc/free-vpn-subscriptions 候选文件 17 个
[2026-07-26 23:57:33] 仓库 https://github.com/birhantprkc/free-vpn-subscriptions 未提取到节点，加入黑名单
[2026-07-26 23:57:33] 仓库 https://github.com/arvindg4u/tor-proxy-toolkit (分支: main, size: 45KB, pushed: 2026-07-26T12:09:42Z)
[2026-07-26 23:57:35] 仓库 https://github.com/arvindg4u/tor-proxy-toolkit 候选文件 10 个
[2026-07-26 23:57:41] 仓库 https://github.com/arvindg4u/tor-proxy-toolkit 未提取到节点，加入黑名单
[2026-07-26 23:57:41] 仓库 https://github.com/lerjtl/Testfree (分支: main, size: 705KB, pushed: 2026-07-26T12:00:03Z)
[2026-07-26 23:57:41] ⚠️ 并行下载异常: sub/countries/DE.json: 'utf-8' codec can't encode characters in position 0-3: surrogates not allowed
[2026-07-26 23:57:41] 仓库 https://github.com/lerjtl/Testfree 候选文件 2 个
[2026-07-26 23:57:42] 📦 批次 0017 已持久化: /home/runner/work/test-college/test-college/batches/no_batch_0017.txt (6644 个节点, 累计 103727 个) | 主队列 200/200, 发现队列 0/600
[2026-07-26 23:57:42] SHA 缓存已保存: 191737 条, 1 分片
[2026-07-26 23:57:42] ⚠️ 并行下载异常: sub/countries/US.json: 'utf-8' codec can't encode characters in position 0-3: surrogates not allowed
[2026-07-26 23:57:42] 🔗 查子仓库: lerjtl/Testfree
[2026-07-26 23:57:43] ⚠️ 并行下载异常: sub/protocols/trojan.json: 'utf-8' codec can't encode characters in position 0-1: surrogates not allowed
[2026-07-26 23:57:43]   🍴 子仓库: 1 个 → 发现队列 (队列: 0/600)
[2026-07-26 23:57:43] 🔗 开始 Fork 链追踪 (lerjtl/Testfree)
[2026-07-26 23:57:43] 👤 遍历用户仓库: lerjtl
[2026-07-26 23:57:44]   👤 用户仓库: 7 个 → 发现队列 (队列: 0/600)
[2026-07-26 23:57:44]   用户 lerjtl 共查 7 个仓库
[2026-07-26 23:57:44] 仓库 https://github.com/DuChen212/Free-servers (分支: main, size: 82KB, pushed: 2026-07-26T11:46:56Z)
[2026-07-26 23:57:44] 仓库 https://github.com/DuChen212/Free-servers 候选文件 32 个
[2026-07-26 23:57:44] 🔗 查子仓库: hansenlandun-prog/freeproxy-node-sub
[2026-07-26 23:57:45] 🔗 开始 Fork 链追踪 (hansenlandun-prog/freeproxy-node-sub)
[2026-07-26 23:57:45] 👤 遍历用户仓库: hansenlandun-prog
[2026-07-26 23:57:45] 🔗 查子仓库: DuChen212/Free-servers
[2026-07-26 23:57:45]   👤 用户仓库: 1 个 → 发现队列 (队列: 0/600)
[2026-07-26 23:57:45]   用户 hansenlandun-prog 共查 1 个仓库
[2026-07-26 23:57:45] 仓库 https://github.com/DuChen212/proxypool (分支: main, size: 49494KB, pushed: 2026-07-26T11:45:45Z)
[2026-07-26 23:57:45] 🔗 开始 Fork 链追踪 (DuChen212/Free-servers)
[2026-07-26 23:57:45]   父仓库: Pawdroid/Free-servers
[2026-07-26 23:57:45] 仓库 https://github.com/DuChen212/proxypool 无候选文件 (总计 4 blob, 扩展名过滤 0, processed_shas 跳过 2, SHA 缓存跳过 2)
[2026-07-26 23:57:45] 🔗 查子仓库: DuChen212/proxypool
[2026-07-26 23:57:46] 🔗 开始 Fork 链追踪 (DuChen212/proxypool)
[2026-07-26 23:57:46] ⚠️ 并行下载异常: sub/everything.json: 'utf-8' codec can't encode characters in position 0-1: surrogates not allowed
[2026-07-26 23:57:46]   父仓库: snakem982/proxypool
[2026-07-26 23:57:47]   🍴 兄弟仓库: 25 个 → 发现队列 (队列: 0/600)
[2026-07-26 23:57:47] 👤 遍历用户仓库: DuChen212
[2026-07-26 23:57:47] ⚠️ 并行下载异常: sub/protocols/vless.json: 'utf-8' codec can't encode characters in position 0-3: surrogates not allowed
[2026-07-26 23:57:47] 👤 遍历用户仓库: DuChen212
[2026-07-26 23:57:47] 📦 批次 0018 已持久化: /home/runner/work/test-college/test-college/batches/no_batch_0018.txt (8959 个节点, 累计 112684 个) | 主队列 200/200, 发现队列 0/600
[2026-07-26 23:57:48] SHA 缓存已保存: 191777 条, 1 分片
[2026-07-26 23:57:48]   👤 用户仓库: 14 个 → 发现队列 (队列: 0/600)
[2026-07-26 23:57:48]   用户 DuChen212 共查 14 个仓库
[2026-07-26 23:57:48] 仓库 https://github.com/githubwubian/proxypool (分支: main, size: 49494KB, pushed: 2026-07-26T11:38:06Z)
[2026-07-26 23:57:48]   👤 用户仓库: 26 个 → 发现队列 (队列: 0/600)
[2026-07-26 23:57:48]   用户 DuChen212 共查 26 个仓库
[2026-07-26 23:57:48] 仓库 https://github.com/wang1680/proxypool (分支: main, size: 49494KB, pushed: 2026-07-26T10:19:06Z)
[2026-07-26 23:57:48] ⚠️ 并行下载异常: sub/everything.json: 'utf-8' codec can't encode characters in position 0-1: surrogates not allowed
[2026-07-26 23:57:48] 仓库 https://github.com/githubwubian/proxypool 无候选文件 (总计 4 blob, 扩展名过滤 0, processed_shas 跳过 2, SHA 缓存跳过 2)
[2026-07-26 23:57:48] 🔗 查子仓库: githubwubian/proxypool
[2026-07-26 23:57:48] 仓库 https://github.com/wang1680/proxypool 无候选文件 (总计 4 blob, 扩展名过滤 0, processed_shas 跳过 2, SHA 缓存跳过 2)
[2026-07-26 23:57:48] 🔗 查子仓库: wang1680/proxypool
[2026-07-26 23:57:49] 🔗 开始 Fork 链追踪 (wang1680/proxypool)
[2026-07-26 23:57:49] 🔗 开始 Fork 链追踪 (githubwubian/proxypool)
[2026-07-26 23:57:49] 🔗 查子仓库: DXFH/clash-free-cleaner[2026-07-26 23:57:49] 🔗 查子仓库: Matrixstar2000/FastNodes

[2026-07-26 23:57:49]   父仓库: snakem982/proxypool
[2026-07-26 23:57:49]   父仓库: snakem982/proxypool
[2026-07-26 23:57:49] 🔗 开始 Fork 链追踪 (Matrixstar2000/FastNodes)
[2026-07-26 23:57:49] 🔗 开始 Fork 链追踪 (DXFH/clash-free-cleaner)
[2026-07-26 23:57:49]   父仓库: rtwo2/FastNodes
[2026-07-26 23:57:50]   父仓库: rtwo2/FastNodes
[2026-07-26 23:57:50] 👤 遍历用户仓库: githubwubian
[2026-07-26 23:57:50] 👤 遍历用户仓库: wang1680
[2026-07-26 23:57:50] 👤 遍历用户仓库: Matrixstar2000
[2026-07-26 23:57:50] 👤 遍历用户仓库: DXFH
[2026-07-26 23:57:50]   用户 Matrixstar2000 共查 0 个仓库
[2026-07-26 23:57:50] 仓库 https://github.com/yeabsiradaniel/Portfolio (分支: main, size: 22540KB, pushed: 2026-07-26T09:47:24Z)
[2026-07-26 23:57:50] 仓库 https://github.com/yeabsiradaniel/Portfolio 候选文件 9 个
[2026-07-26 23:57:51]   👤 用户仓库: 30 个 → 发现队列 (队列: 0/600)
[2026-07-26 23:57:51]   用户 githubwubian 共查 30 个仓库
[2026-07-26 23:57:51] 仓库 https://github.com/twj0/subseek (分支: master, size: 65346KB, pushed: 2026-07-26T09:45:31Z)
[2026-07-26 23:57:51]   👤 用户仓库: 30 个 → 发现队列 (队列: 0/600)
[2026-07-26 23:57:51]   用户 wang1680 共查 30 个仓库
[2026-07-26 23:57:51] 仓库 https://github.com/yafeisun/v2raynode (分支: main, size: 66045KB, pushed: 2026-07-26T09:16:57Z)
[2026-07-26 23:57:51]   👤 用户仓库: 30 个 → 发现队列 (队列: 0/600)
[2026-07-26 23:57:51]   用户 DXFH 共查 30 个仓库
[2026-07-26 23:57:51] ⚠️ 仓库 https://github.com/huluma1314/web-crawler-daily 大小为 0，跳过
[2026-07-26 23:57:51] 仓库 https://github.com/sdistherealog/rag_lore (分支: main, size: 2KB, pushed: 2026-07-26T06:51:11Z)
[2026-07-26 23:57:51] 仓库 https://github.com/sdistherealog/rag_lore 无候选文件 (总计 1 blob, 扩展名过滤 1, processed_shas 跳过 0, SHA 缓存跳过 0)
[2026-07-26 23:57:51] 仓库 https://github.com/twj0/subseek 候选文件较多 (201 个)，先通过 commits API 过滤
[2026-07-26 23:57:51] 仓库 https://github.com/yafeisun/v2raynode 候选文件较多 (2123 个)，先通过 commits API 过滤
[2026-07-26 23:57:52] README (sdistherealog/rag_lore) 404，跳过
[2026-07-26 23:57:52] 仓库 https://github.com/sdistherealog/rag_lore 未提取到节点，加入黑名单
[2026-07-26 23:57:52] 仓库 https://github.com/rrzt/FreeNodes (分支: main, size: 22856KB, pushed: 2026-07-26T06:40:30Z)
[2026-07-26 23:57:52]   Compare API 返回 5 个变更文件 (3 次 API 调用)
[2026-07-26 23:57:52]   commits 过滤: 201 → 4 (变更文件 5 个)
[2026-07-26 23:57:52] 仓库 https://github.com/twj0/subseek 候选文件 4 个
[2026-07-26 23:57:52]   Compare API 返回 11 个变更文件 (3 次 API 调用)
[2026-07-26 23:57:52]   commits 过滤: 2123 → 11 (变更文件 11 个)
[2026-07-26 23:57:52] 仓库 https://github.com/yafeisun/v2raynode 候选文件 11 个
[2026-07-26 23:57:52] 仓库 https://github.com/rrzt/FreeNodes 无候选文件 (总计 44 blob, 扩展名过滤 16, processed_shas 跳过 0, SHA 缓存跳过 28)
[2026-07-26 23:57:52] 🔗 查子仓库: rrzt/FreeNodes
[2026-07-26 23:57:52] 🔗 开始 Fork 链追踪 (rrzt/FreeNodes)
[2026-07-26 23:57:53]   父仓库: Barabama/FreeNodes
[2026-07-26 23:57:54] 👤 遍历用户仓库: rrzt
[2026-07-26 23:57:54] 🔗 查子仓库: yafeisun/v2raynode
[2026-07-26 23:57:54] 🔗 开始 Fork 链追踪 (yafeisun/v2raynode)
[2026-07-26 23:57:54] 👤 遍历用户仓库: yafeisun
[2026-07-26 23:57:55]   👤 用户仓库: 2 个 → 发现队列 (队列: 0/600)
[2026-07-26 23:57:55]   用户 yafeisun 共查 2 个仓库
[2026-07-26 23:57:55] 仓库 https://github.com/viereck-lan/FreeNodes (分支: main, size: 27336KB, pushed: 2026-07-26T06:38:53Z)
[2026-07-26 23:57:55]   👤 用户仓库: 30 个 → 发现队列 (队列: 0/600)
[2026-07-26 23:57:55] 仓库 https://github.com/viereck-lan/FreeNodes 候选文件 7 个
[2026-07-26 23:57:55]   用户 rrzt 共查 30 个仓库
[2026-07-26 23:57:55] 仓库 https://github.com/cyj4215/FreeNodes (分支: main, size: 22842KB, pushed: 2026-07-26T06:38:24Z)
[2026-07-26 23:57:56] 仓库 https://github.com/cyj4215/FreeNodes 无候选文件 (总计 43 blob, 扩展名过滤 16, processed_shas 跳过 0, SHA 缓存跳过 27)
[2026-07-26 23:57:56] 🔗 查子仓库: cyj4215/FreeNodes
[2026-07-26 23:57:56] 🔗 开始 Fork 链追踪 (cyj4215/FreeNodes)
[2026-07-26 23:57:56]   父仓库: Barabama/FreeNodes
[2026-07-26 23:57:57] 👤 遍历用户仓库: cyj4215
[2026-07-26 23:57:57]   👤 用户仓库: 3 个 → 发现队列 (队列: 0/600)
[2026-07-26 23:57:57]   用户 cyj4215 共查 3 个仓库
[2026-07-26 23:57:57] 仓库 https://github.com/shenguidao/FreeNodes (分支: main, size: 21759KB, pushed: 2026-07-26T06:37:04Z)
[2026-07-26 23:57:58] 仓库 https://github.com/shenguidao/FreeNodes 无候选文件 (总计 41 blob, 扩展名过滤 15, processed_shas 跳过 0, SHA 缓存跳过 26)
[2026-07-26 23:57:58] 仓库 https://github.com/yeabsiradaniel/Portfolio 未提取到节点，加入黑名单[2026-07-26 23:57:58] 🔗 查子仓库: shenguidao/FreeNodes

[2026-07-26 23:57:58] 仓库 https://github.com/4258806/FreeNodes (分支: main, size: 20695KB, pushed: 2026-07-26T06:36:42Z)[2026-07-26 23:57:58] 🔗 开始 Fork 链追踪 (shenguidao/FreeNodes)

[2026-07-26 23:57:59]   父仓库: Barabama/FreeNodes
[2026-07-26 23:57:59] 仓库 https://github.com/4258806/FreeNodes 无候选文件 (总计 41 blob, 扩展名过滤 15, processed_shas 跳过 0, SHA 缓存跳过 26)
[2026-07-26 23:57:59] 🔗 查子仓库: 4258806/FreeNodes
[2026-07-26 23:57:59] 🔗 开始 Fork 链追踪 (4258806/FreeNodes)
[2026-07-26 23:57:59]   父仓库: Barabama/FreeNodes
[2026-07-26 23:58:00] 👤 遍历用户仓库: shenguidao
[2026-07-26 23:58:02] 👤 遍历用户仓库: 4258806
[2026-07-26 23:58:02]   👤 用户仓库: 30 个 → 发现队列 (队列: 0/600)
[2026-07-26 23:58:02]   用户 shenguidao 共查 30 个仓库
[2026-07-26 23:58:02] 仓库 https://github.com/jiayou88/FreeNodes- (分支: main, size: 22766KB, pushed: 2026-07-26T06:36:42Z)
[2026-07-26 23:58:02]   👤 用户仓库: 11 个 → 发现队列 (队列: 0/600)
[2026-07-26 23:58:02]   用户 4258806 共查 11 个仓库
[2026-07-26 23:58:02] 仓库 https://github.com/Barabama/FreeNodes (分支: feat/ai-crawler-v2, size: 43522KB, pushed: 2026-07-26T06:36:06Z)
[2026-07-26 23:58:03] 仓库 https://github.com/jiayou88/FreeNodes- 无候选文件 (总计 43 blob, 扩展名过滤 16, processed_shas 跳过 0, SHA 缓存跳过 27)
[2026-07-26 23:58:03] 🔗 查子仓库: jiayou88/FreeNodes-
[2026-07-26 23:58:03] 🔗 开始 Fork 链追踪 (jiayou88/FreeNodes-)
[2026-07-26 23:58:03] 仓库 https://github.com/Barabama/FreeNodes 候选文件 13 个
[2026-07-26 23:58:03]   父仓库: Barabama/FreeNodes
[2026-07-26 23:58:04] 👤 遍历用户仓库: jiayou88
[2026-07-26 23:58:06]   👤 用户仓库: 30 个 → 发现队列 (队列: 0/600)
[2026-07-26 23:58:06]   用户 jiayou88 共查 30 个仓库
[2026-07-26 23:58:06] 仓库 https://github.com/hank66zxc/FreeNodes (分支: main, size: 22857KB, pushed: 2026-07-26T06:27:59Z)
[2026-07-26 23:58:07] 仓库 https://github.com/hank66zxc/FreeNodes 无候选文件 (总计 43 blob, 扩展名过滤 16, processed_shas 跳过 0, SHA 缓存跳过 27)
[2026-07-26 23:58:07] 🔗 查子仓库: hank66zxc/FreeNodes
[2026-07-26 23:58:07] 🔗 开始 Fork 链追踪 (hank66zxc/FreeNodes)
[2026-07-26 23:58:07]   父仓库: Barabama/FreeNodes
[2026-07-26 23:58:10] 👤 遍历用户仓库: hank66zxc
[2026-07-26 23:58:11]   👤 用户仓库: 10 个 → 发现队列 (队列: 0/600)
[2026-07-26 23:58:12]   用户 hank66zxc 共查 10 个仓库
[2026-07-26 23:58:12] 仓库 https://github.com/perfectweiwei-rgb/FreeNodes (分支: main, size: 22872KB, pushed: 2026-07-26T06:27:59Z)
[2026-07-26 23:58:14] 仓库 https://github.com/perfectweiwei-rgb/FreeNodes 无候选文件 (总计 43 blob, 扩展名过滤 16, processed_shas 跳过 0, SHA 缓存跳过 27)
[2026-07-26 23:58:15] 🔗 查子仓库: perfectweiwei-rgb/FreeNodes
[2026-07-26 23:58:15] 🔗 开始 Fork 链追踪 (perfectweiwei-rgb/FreeNodes)
[2026-07-26 23:58:15]   父仓库: Barabama/FreeNodes
[2026-07-26 23:58:18] 🔗 查子仓库: Barabama/FreeNodes
[2026-07-26 23:58:18] 👤 遍历用户仓库: perfectweiwei-rgb
[2026-07-26 23:58:19]   👤 用户仓库: 2 个 → 发现队列 (队列: 0/600)
[2026-07-26 23:58:19]   用户 perfectweiwei-rgb 共查 2 个仓库
[2026-07-26 23:58:19] 仓库 https://github.com/fushuain-collab/free-nodes (分支: main, size: 88KB, pushed: 2026-07-26T05:36:29Z)
[2026-07-26 23:58:19] 🔗 开始 Fork 链追踪 (Barabama/FreeNodes)
[2026-07-26 23:58:20] 👤 遍历用户仓库: Barabama[2026-07-26 23:58:20] 仓库 https://github.com/fushuain-collab/free-nodes 候选文件 1 个

[2026-07-26 23:58:21]   👤 用户仓库: 10 个 → 发现队列 (队列: 0/600)[2026-07-26 23:58:21] 🔗 查子仓库: fushuain-collab/free-nodes
[2026-07-26 23:58:21]   用户 Barabama 共查 10 个仓库

[2026-07-26 23:58:21] 仓库 https://github.com/hamzaMissewi/aws-services (分支: master, size: 32KB, pushed: 2026-07-26T04:43:28Z)
[2026-07-26 23:58:21] 🔗 开始 Fork 链追踪 (fushuain-collab/free-nodes)
[2026-07-26 23:58:21] 👤 遍历用户仓库: fushuain-collab
[2026-07-26 23:58:21] 仓库 https://github.com/hamzaMissewi/aws-services 候选文件 5 个
[2026-07-26 23:58:22] 🔗 查子仓库: twj0/subseek
[2026-07-26 23:58:22]   👤 用户仓库: 8 个 → 发现队列 (队列: 0/600)
[2026-07-26 23:58:22]   用户 fushuain-collab 共查 8 个仓库
[2026-07-26 23:58:22] 仓库 https://github.com/2OTT/Free-Nodes (分支: main, size: 3412KB, pushed: 2026-07-26T04:27:14Z)
[2026-07-26 23:58:22]   🍴 子仓库: 1 个 → 发现队列 (队列: 0/600)
[2026-07-26 23:58:22] 🔗 开始 Fork 链追踪 (twj0/subseek)
[2026-07-26 23:58:22] 👤 遍历用户仓库: twj0
[2026-07-26 23:58:22] 仓库 https://github.com/2OTT/Free-Nodes 候选文件 2 个
[2026-07-26 23:58:23] 🔗 查子仓库: viereck-lan/FreeNodes
[2026-07-26 23:58:23] 🔗 开始 Fork 链追踪 (viereck-lan/FreeNodes)
[2026-07-26 23:58:24]   父仓库: Barabama/FreeNodes
[2026-07-26 23:58:24]   👤 用户仓库: 30 个 → 发现队列 (队列: 0/600)
[2026-07-26 23:58:24]   用户 twj0 共查 30 个仓库
[2026-07-26 23:58:24] 仓库 https://github.com/PENZA84/subseek (分支: master, size: 67565KB, pushed: 2026-07-26T04:17:02Z)
[2026-07-26 23:58:24] 🔗 查子仓库: 2OTT/Free-Nodes
[2026-07-26 23:58:24] 🔗 开始 Fork 链追踪 (2OTT/Free-Nodes)
[2026-07-26 23:58:24] 仓库 https://github.com/hamzaMissewi/aws-services 未提取到节点，加入黑名单
[2026-07-26 23:58:24] 仓库 https://github.com/yudhamarten-jpg/freelance-baru (分支: main, size: 39KB, pushed: 2026-07-26T03:45:31Z)
[2026-07-26 23:58:25] 👤 遍历用户仓库: viereck-lan
[2026-07-26 23:58:25] 👤 遍历用户仓库: 2OTT
[2026-07-26 23:58:25] 仓库 https://github.com/PENZA84/subseek 候选文件较多 (147 个)，先通过 commits API 过滤
[2026-07-26 23:58:25] 仓库 https://github.com/yudhamarten-jpg/freelance-baru 候选文件 2 个
[2026-07-26 23:58:25]   👤 用户仓库: 1 个 → 发现队列 (队列: 0/600)
[2026-07-26 23:58:25]   用户 viereck-lan 共查 1 个仓库
[2026-07-26 23:58:25] 仓库 https://github.com/muxd93/awesome-vpn (分支: master, size: 3186KB, pushed: 2026-07-26T03:09:36Z)
[2026-07-26 23:58:25]   👤 用户仓库: 1 个 → 发现队列 (队列: 0/600)
[2026-07-26 23:58:25]   用户 2OTT 共查 1 个仓库
[2026-07-26 23:58:25] 仓库 https://github.com/way-fu/free-nodes-auto (分支: main, size: 496KB, pushed: 2026-07-26T01:49:06Z)
[2026-07-26 23:58:25] 仓库 https://github.com/muxd93/awesome-vpn 无候选文件 (总计 44 blob, 扩展名过滤 27, processed_shas 跳过 3, SHA 缓存跳过 14)
[2026-07-26 23:58:25] 🔗 查子仓库: muxd93/awesome-vpn
[2026-07-26 23:58:25] 仓库 https://github.com/way-fu/free-nodes-auto 候选文件 2 个
[2026-07-26 23:58:25] 🔗 开始 Fork 链追踪 (muxd93/awesome-vpn)
[2026-07-26 23:58:25]   Compare API 返回 2 个变更文件 (3 次 API 调用)
[2026-07-26 23:58:25]   commits 过滤: 147 → 2 (变更文件 2 个)
[2026-07-26 23:58:25] 仓库 https://github.com/PENZA84/subseek 候选文件 2 个
[2026-07-26 23:58:26]   父仓库: awesome-vpn/awesome-vpn
[2026-07-26 23:58:26] 🔗 查子仓库: way-fu/free-nodes-auto
[2026-07-26 23:58:26] README (yudhamarten-jpg/freelance-baru) 404，跳过
[2026-07-26 23:58:26] 仓库 https://github.com/yudhamarten-jpg/freelance-baru 未提取到节点，加入黑名单
[2026-07-26 23:58:26] 仓库 https://github.com/adehasanudin/free-vpn-subscriptions (分支: main, size: 178439KB, pushed: 2026-07-25T22:25:04Z)
[2026-07-26 23:58:26] 🔗 开始 Fork 链追踪 (way-fu/free-nodes-auto)
[2026-07-26 23:58:26] 👤 遍历用户仓库: way-fu
[2026-07-26 23:58:26] 🔗 查子仓库: PENZA84/subseek
[2026-07-26 23:58:26] 🔗 开始 Fork 链追踪 (PENZA84/subseek)
[2026-07-26 23:58:26]   父仓库: twj0/subseek
[2026-07-26 23:58:27]   👤 用户仓库: 19 个 → 发现队列 (队列: 0/600)
[2026-07-26 23:58:27]   用户 way-fu 共查 19 个仓库
[2026-07-26 23:58:27] 仓库 https://github.com/856668/free-vpn-subscriptions (分支: main, size: 174465KB, pushed: 2026-07-25T20:13:07Z)
[2026-07-26 23:58:27] 👤 遍历用户仓库: PENZA84
[2026-07-26 23:58:27]   🍴 兄弟仓库: 27 个 → 发现队列 (队列: 0/600)
[2026-07-26 23:58:27] 👤 遍历用户仓库: muxd93
[2026-07-26 23:58:27] 仓库 https://github.com/adehasanudin/free-vpn-subscriptions 候选文件较多 (240 个)，先通过 commits API 过滤
[2026-07-26 23:58:27] 仓库 https://github.com/856668/free-vpn-subscriptions 候选文件较多 (253 个)，先通过 commits API 过滤
[2026-07-26 23:58:27]   👤 用户仓库: 21 个 → 发现队列 (队列: 0/600)
[2026-07-26 23:58:27]   用户 muxd93 共查 21 个仓库
[2026-07-26 23:58:27] 仓库 https://github.com/Hn-T66n/abc-configs-free-vpn-proxy-list (分支: main, size: 5137KB, pushed: 2026-07-25T19:57:06Z)
[2026-07-26 23:58:28] 仓库 https://github.com/Hn-T66n/abc-configs-free-vpn-proxy-list 候选文件 1 个
[2026-07-26 23:58:28]   Compare API 返回 300 个变更文件 (3 次 API 调用)
[2026-07-26 23:58:28]   commits 过滤: 240 → 7 (变更文件 300 个)
[2026-07-26 23:58:28] 仓库 https://github.com/adehasanudin/free-vpn-subscriptions 候选文件 7 个
[2026-07-26 23:58:28] 🔗 查子仓库: Hn-T66n/abc-configs-free-vpn-proxy-list
[2026-07-26 23:58:28] 🔗 开始 Fork 链追踪 (Hn-T66n/abc-configs-free-vpn-proxy-list)
[2026-07-26 23:58:28]   Compare API 返回 300 个变更文件 (3 次 API 调用)
[2026-07-26 23:58:28]   commits 过滤: 253 → 7 (变更文件 300 个)
[2026-07-26 23:58:28] 仓库 https://github.com/856668/free-vpn-subscriptions 候选文件 7 个
[2026-07-26 23:58:29]   父仓库: FreeFolksOn/abc-configs-free-vpn-proxy-list
[2026-07-26 23:58:29] 👤 遍历用户仓库: Hn-T66n
[2026-07-26 23:58:29]   👤 用户仓库: 9 个 → 发现队列 (队列: 0/600)
[2026-07-26 23:58:29]   用户 Hn-T66n 共查 9 个仓库
[2026-07-26 23:58:29] 仓库 https://github.com/Raad63/tamame-url-free-config-aliii-V2RAY-and-CLASH-Subscription-Links (分支: main, size: 2292KB, pushed: 2026-07-25T19:26:10Z)
[2026-07-26 23:58:30]   👤 用户仓库: 30 个 → 发现队列 (队列: 0/600)
[2026-07-26 23:58:30]   用户 PENZA84 共查 30 个仓库
[2026-07-26 23:58:30] 仓库 https://github.com/jdencker/node-hub (分支: main, size: 951KB, pushed: 2026-07-25T19:14:00Z)
[2026-07-26 23:58:30] 仓库 https://github.com/Raad63/tamame-url-free-config-aliii-V2RAY-and-CLASH-Subscription-Links 候选文件 1 个
[2026-07-26 23:58:30] 仓库 https://github.com/adehasanudin/free-vpn-subscriptions 未提取到节点，加入黑名单
[2026-07-26 23:58:30] 仓库 https://github.com/Yannik666/nodes (分支: main, size: 1434851KB, pushed: 2026-07-25T18:12:25Z)
[2026-07-26 23:58:30] 仓库 https://github.com/jdencker/node-hub 候选文件 19 个
[2026-07-26 23:58:31] 仓库 https://github.com/Raad63/tamame-url-free-config-aliii-V2RAY-and-CLASH-Subscription-Links 未提取到节点，加入黑名单
[2026-07-26 23:58:31] 仓库 https://github.com/parhelia512/V2RAY-CLASH-BASE64-Subscription.Links (分支: main, size: 2292KB, pushed: 2026-07-25T18:06:09Z)
[2026-07-26 23:58:31] 仓库 https://github.com/parhelia512/V2RAY-CLASH-BASE64-Subscription.Links 无候选文件 (总计 4 blob, 扩展名过滤 1, processed_shas 跳过 1, SHA 缓存跳过 2)
[2026-07-26 23:58:31] 🔗 查子仓库: parhelia512/V2RAY-CLASH-BASE64-Subscription.Links
[2026-07-26 23:58:31] 仓库 https://github.com/856668/free-vpn-subscriptions 未提取到节点，加入黑名单
[2026-07-26 23:58:31] 🔗 开始 Fork 链追踪 (parhelia512/V2RAY-CLASH-BASE64-Subscription.Links)
[2026-07-26 23:58:31] 仓库 https://github.com/superokde/free-nodes (分支: master, size: 817KB, pushed: 2026-07-25T16:53:42Z)
[2026-07-26 23:58:31] 仓库 https://github.com/Yannik666/nodes 候选文件较多 (1132 个)，先通过 commits API 过滤
[2026-07-26 23:58:31]   父仓库: mermeroo/V2RAY-CLASH-BASE64-Subscription.Links
[2026-07-26 23:58:31] 仓库在黑名单中: https://github.com/mermeroo/V2RAY-CLASH-BASE64-Subscription.Links
[2026-07-26 23:58:31]   父仓库 +0 个节点
[2026-07-26 23:58:32] 仓库 https://github.com/jdencker/node-hub 未提取到节点，加入黑名单
[2026-07-26 23:58:32] 仓库 https://github.com/Pradeep-dhangar37/scalable-url-shortener (分支: main, size: 22KB, pushed: 2026-07-25T16:48:41Z)
[2026-07-26 23:58:32] 仓库 https://github.com/superokde/free-nodes 候选文件 4 个
[2026-07-26 23:58:32] 仓库 https://github.com/Pradeep-dhangar37/scalable-url-shortener 候选文件 4 个
[2026-07-26 23:58:32]   Compare API 返回 3 个变更文件 (3 次 API 调用)
[2026-07-26 23:58:32]   commits 过滤: 1132 → 0 (变更文件 3 个)
[2026-07-26 23:58:32] 仓库 https://github.com/Yannik666/nodes 候选文件经时间过滤后为空
[2026-07-26 23:58:32] 🔗 查子仓库: Yannik666/nodes
[2026-07-26 23:58:32] 🔗 开始 Fork 链追踪 (Yannik666/nodes)
[2026-07-26 23:58:32]   父仓库: imyaoxp/nodes
[2026-07-26 23:58:32] 仓库在黑名单中: https://github.com/imyaoxp/nodes
[2026-07-26 23:58:32]   父仓库 +0 个节点
[2026-07-26 23:58:33]   🍴 兄弟仓库: 30 个 → 发现队列 (队列: 0/600)
[2026-07-26 23:58:33] 👤 遍历用户仓库: parhelia512
[2026-07-26 23:58:33]   🍴 兄弟仓库: 5 个 → 发现队列 (队列: 0/600)
[2026-07-26 23:58:33] 👤 遍历用户仓库: Yannik666
[2026-07-26 23:58:33]   用户 Yannik666 共查 0 个仓库
[2026-07-26 23:58:33] 仓库 https://github.com/deryalundberg41509/free-migration-guide (分支: main, size: 5KB, pushed: 2026-07-25T16:06:31Z)
[2026-07-26 23:58:34] 🔗 查子仓库: superokde/free-nodes
[2026-07-26 23:58:34] 仓库 https://github.com/Pradeep-dhangar37/scalable-url-shortener 未提取到节点，加入黑名单
[2026-07-26 23:58:34] 仓库 https://github.com/FreeFolksOn/abc-configs-free-vpn-proxy-list-for-romania (分支: main, size: 1057KB, pushed: 2026-07-26T15:47:07Z)
[2026-07-26 23:58:34] 仓库 https://github.com/deryalundberg41509/free-migration-guide 候选文件 2 个
[2026-07-26 23:58:34] 🔗 开始 Fork 链追踪 (superokde/free-nodes)
[2026-07-26 23:58:34] 👤 遍历用户仓库: superokde
[2026-07-26 23:58:34] 仓库 https://github.com/FreeFolksOn/abc-configs-free-vpn-proxy-list-for-romania 候选文件 1 个
[2026-07-26 23:58:34]   👤 用户仓库: 2 个 → 发现队列 (队列: 0/600)
[2026-07-26 23:58:34]   用户 superokde 共查 2 个仓库
[2026-07-26 23:58:34] 仓库 https://github.com/FreeFolksOn/abc-configs-free-vpn-proxy-list-for-arab (分支: main, size: 1093KB, pushed: 2026-07-26T15:47:07Z)
[2026-07-26 23:58:34] 🔗 查子仓库: FreeFolksOn/abc-configs-free-vpn-proxy-list-for-romania
[2026-07-26 23:58:34] 仓库 https://github.com/deryalundberg41509/free-migration-guide 未提取到节点，加入黑名单
[2026-07-26 23:58:34] 仓库 https://github.com/FreeFolksOn/abc-configs-free-vpn-proxy-list-for-china (分支: main, size: 1033KB, pushed: 2026-07-26T15:47:07Z)
[2026-07-26 23:58:34] 🔗 开始 Fork 链追踪 (FreeFolksOn/abc-configs-free-vpn-proxy-list-for-romania)
[2026-07-26 23:58:35] 仓库 https://github.com/FreeFolksOn/abc-configs-free-vpn-proxy-list-for-arab 候选文件 1 个
[2026-07-26 23:58:35] 👤 遍历用户仓库: FreeFolksOn
[2026-07-26 23:58:35] 仓库 https://github.com/FreeFolksOn/abc-configs-free-vpn-proxy-list-for-china 候选文件 1 个
[2026-07-26 23:58:35] 🔗 查子仓库: FreeFolksOn/abc-configs-free-vpn-proxy-list-for-arab
[2026-07-26 23:58:35] 🔗 开始 Fork 链追踪 (FreeFolksOn/abc-configs-free-vpn-proxy-list-for-arab)
[2026-07-26 23:58:35] 🔗 查子仓库: FreeFolksOn/abc-configs-free-vpn-proxy-list-for-china
[2026-07-26 23:58:35]   用户 FreeFolksOn 共查 0 个仓库
[2026-07-26 23:58:35] 仓库 https://github.com/FreeFolksOn/abc-configs-free-vpn-proxy-list-for-iran (分支: main, size: 1094KB, pushed: 2026-07-26T15:47:06Z)
[2026-07-26 23:58:35] 👤 遍历用户仓库: FreeFolksOn
[2026-07-26 23:58:35]   🍴 子仓库: 1 个 → 发现队列 (队列: 0/600)
[2026-07-26 23:58:35] 🔗 开始 Fork 链追踪 (FreeFolksOn/abc-configs-free-vpn-proxy-list-for-china)
[2026-07-26 23:58:35] 仓库 https://github.com/FreeFolksOn/abc-configs-free-vpn-proxy-list-for-iran 候选文件 1 个
[2026-07-26 23:58:35]   用户 FreeFolksOn 共查 0 个仓库
[2026-07-26 23:58:35] 仓库 https://github.com/FreeFolksOn/abc-configs-free-vpn-proxy-list-for-russia (分支: main, size: 1106KB, pushed: 2026-07-26T15:47:06Z)
[2026-07-26 23:58:35] 👤 遍历用户仓库: FreeFolksOn
[2026-07-26 23:58:36] 🔗 查子仓库: FreeFolksOn/abc-configs-free-vpn-proxy-list-for-iran
[2026-07-26 23:58:36] 仓库 https://github.com/FreeFolksOn/abc-configs-free-vpn-proxy-list-for-russia 候选文件 1 个
[2026-07-26 23:58:36]   用户 FreeFolksOn 共查 0 个仓库
[2026-07-26 23:58:36] 仓库 https://github.com/ebrasha/free-v2ray-public-list (分支: main, size: 38319KB, pushed: 2026-07-26T15:44:57Z)
[2026-07-26 23:58:36] 🔗 开始 Fork 链追踪 (FreeFolksOn/abc-configs-free-vpn-proxy-list-for-iran)
[2026-07-26 23:58:36] 👤 遍历用户仓库: FreeFolksOn
[2026-07-26 23:58:36] 🔗 查子仓库: FreeFolksOn/abc-configs-free-vpn-proxy-list-for-russia
[2026-07-26 23:58:36] 仓库 https://github.com/ebrasha/free-v2ray-public-list 候选文件较多 (663 个)，先通过 commits API 过滤
[2026-07-26 23:58:36] 🔗 开始 Fork 链追踪 (FreeFolksOn/abc-configs-free-vpn-proxy-list-for-russia)
[2026-07-26 23:58:36]   用户 FreeFolksOn 共查 0 个仓库
[2026-07-26 23:58:36] 仓库 https://github.com/fenwehome/free-proxy-list (分支: main, size: 37035KB, pushed: 2026-07-26T15:41:33Z)
[2026-07-26 23:58:36] 👤 遍历用户仓库: FreeFolksOn
[2026-07-26 23:58:37]   仓库无 24h 前 commit（新仓库/新分支），不跳过任何文件
[2026-07-26 23:58:37]   commits API 失败，降级为直接下载
[2026-07-26 23:58:37] 仓库 https://github.com/ebrasha/free-v2ray-public-list 候选文件 663 个
[2026-07-26 23:58:37] 仓库 https://github.com/fenwehome/free-proxy-list 候选文件 1 个
[2026-07-26 23:58:37]   用户 FreeFolksOn 共查 0 个仓库
[2026-07-26 23:58:37] 仓库 https://github.com/changsongyang/free-proxy-list (分支: main, size: 37084KB, pushed: 2026-07-26T15:40:38Z)
[2026-07-26 23:58:37] 🔗 查子仓库: fenwehome/free-proxy-list
[2026-07-26 23:58:37] 🔗 开始 Fork 链追踪 (fenwehome/free-proxy-list)
[2026-07-26 23:58:37] 仓库 https://github.com/changsongyang/free-proxy-list 候选文件 1 个
[2026-07-26 23:58:38]   父仓库: gfpcom/free-proxy-list
[2026-07-26 23:58:38] 🔗 查子仓库: changsongyang/free-proxy-list
[2026-07-26 23:58:38] 🔗 开始 Fork 链追踪 (changsongyang/free-proxy-list)
[2026-07-26 23:58:39]   父仓库: gfpcom/free-proxy-list
[2026-07-26 23:58:39]   🍴 兄弟仓库: 16 个 → 发现队列 (队列: 0/600)
[2026-07-26 23:58:39] 👤 遍历用户仓库: fenwehome
[2026-07-26 23:58:40] 👤 遍历用户仓库: changsongyang
[2026-07-26 23:58:42]   👤 用户仓库: 30 个 → 发现队列 (队列: 0/600)
[2026-07-26 23:58:42]   用户 parhelia512 共查 30 个仓库
[2026-07-26 23:58:42] 仓库 https://github.com/Cuarentas/free-proxy-list (分支: main, size: 36927KB, pushed: 2026-07-26T15:39:00Z)
[2026-07-26 23:58:43] 仓库 https://github.com/Cuarentas/free-proxy-list 候选文件 1 个
[2026-07-26 23:58:44] 🔗 查子仓库: Cuarentas/free-proxy-list
[2026-07-26 23:58:44] 🔗 开始 Fork 链追踪 (Cuarentas/free-proxy-list)
[2026-07-26 23:58:44]   父仓库: gfpcom/free-proxy-list
[2026-07-26 23:58:45]   👤 用户仓库: 30 个 → 发现队列 (队列: 0/600)
[2026-07-26 23:58:45]   用户 fenwehome 共查 30 个仓库
[2026-07-26 23:58:45] 仓库 https://github.com/gavinhomework/free-proxy-list (分支: main, size: 37097KB, pushed: 2026-07-26T15:37:51Z)
[2026-07-26 23:58:45] 仓库 https://github.com/gavinhomework/free-proxy-list 候选文件 1 个
[2026-07-26 23:58:46] 👤 遍历用户仓库: Cuarentas
[2026-07-26 23:58:46] 🔗 查子仓库: gavinhomework/free-proxy-list
[2026-07-26 23:58:46] 🔗 开始 Fork 链追踪 (gavinhomework/free-proxy-list)
[2026-07-26 23:58:47]   父仓库: gfpcom/free-proxy-list
[2026-07-26 23:58:48]   👤 用户仓库: 30 个 → 发现队列 (队列: 0/600)
[2026-07-26 23:58:48]   用户 Cuarentas 共查 30 个仓库
[2026-07-26 23:58:48] 仓库 https://github.com/slxkware/Vless-list (分支: main, size: 1561KB, pushed: 2026-07-26T14:57:13Z)
[2026-07-26 23:58:49] 仓库 https://github.com/slxkware/Vless-list 候选文件 2 个
[2026-07-26 23:58:49] 👤 遍历用户仓库: gavinhomework
[2026-07-26 23:58:50] 🔗 查子仓库: slxkware/Vless-list
[2026-07-26 23:58:50] 🔗 开始 Fork 链追踪 (slxkware/Vless-list)
[2026-07-26 23:58:51] 👤 遍历用户仓库: slxkware
[2026-07-26 23:58:51]   用户 slxkware 共查 0 个仓库
[2026-07-26 23:58:51] 仓库 https://github.com/nikita29a/FreeProxyList (分支: main, size: 1626112KB, pushed: 2026-07-26T14:36:18Z)
[2026-07-26 23:58:52] 仓库 https://github.com/nikita29a/FreeProxyList 候选文件 1 个
[2026-07-26 23:58:54]   👤 用户仓库: 30 个 → 发现队列 (队列: 0/600)
[2026-07-26 23:58:54]   用户 gavinhomework 共查 30 个仓库
[2026-07-26 23:58:55] 仓库 https://github.com/Chm0kes/ssclprlist (分支: main, size: 1128KB, pushed: 2026-07-26T14:22:20Z)
[2026-07-26 23:58:55] 仓库 https://github.com/Chm0kes/ssclprlist 候选文件 1 个
[2026-07-26 23:58:56] 🔗 查子仓库: Chm0kes/ssclprlist
[2026-07-26 23:58:56]   👤 用户仓库: 30 个 → 发现队列 (队列: 0/600)
[2026-07-26 23:58:56]   用户 changsongyang 共查 30 个仓库
[2026-07-26 23:58:56] 仓库 https://github.com/Andyworldclub/openproxylist (分支: main, size: 1074153KB, pushed: 2026-07-26T13:30:23Z)
[2026-07-26 23:58:56] 🔗 开始 Fork 链追踪 (Chm0kes/ssclprlist)
[2026-07-26 23:58:57] 👤 遍历用户仓库: Chm0kes
[2026-07-26 23:58:57] 仓库 https://github.com/Andyworldclub/openproxylist 候选文件 9 个
[2026-07-26 23:58:57]   用户 Chm0kes 共查 0 个仓库
[2026-07-26 23:58:57] 仓库 https://github.com/joy-deploy/free-proxy-list (分支: main, size: 2631KB, pushed: 2026-07-26T13:24:40Z)
[2026-07-26 23:59:02] 仓库 https://github.com/joy-deploy/free-proxy-list 候选文件较多 (1425 个)，先通过 commits API 过滤
[2026-07-26 23:59:03]   Compare API 返回 6 个变更文件 (3 次 API 调用)
[2026-07-26 23:59:03]   commits 过滤: 1425 → 0 (变更文件 6 个)
[2026-07-26 23:59:03] 仓库 https://github.com/joy-deploy/free-proxy-list 候选文件经时间过滤后为空
[2026-07-26 23:59:03] 🔗 查子仓库: joy-deploy/free-proxy-list
[2026-07-26 23:59:03] 🔗 开始 Fork 链追踪 (joy-deploy/free-proxy-list)
[2026-07-26 23:59:03] 🔗 查子仓库: nikita29a/FreeProxyList
[2026-07-26 23:59:04] 👤 遍历用户仓库: joy-deploy
[2026-07-26 23:59:04]   🍴 子仓库: 8 个 → 发现队列 (队列: 0/600)
[2026-07-26 23:59:04] 🔗 开始 Fork 链追踪 (nikita29a/FreeProxyList)
[2026-07-26 23:59:04]   👤 用户仓库: 7 个 → 发现队列 (队列: 0/600)
[2026-07-26 23:59:04]   用户 joy-deploy 共查 7 个仓库
[2026-07-26 23:59:04] 仓库 https://github.com/q13467982/free-proxy-list (分支: main, size: 5441069KB, pushed: 2026-07-26T11:45:41Z)
[2026-07-26 23:59:04] 👤 遍历用户仓库: nikita29a
[2026-07-26 23:59:05] 🔗 查子仓库: Andyworldclub/openproxylist
[2026-07-26 23:59:05]   👤 用户仓库: 1 个 → 发现队列 (队列: 0/600)
[2026-07-26 23:59:05]   用户 nikita29a 共查 1 个仓库
[2026-07-26 23:59:05] 🔗 开始 Fork 链追踪 (Andyworldclub/openproxylist)[2026-07-26 23:59:05] 仓库 https://github.com/ws94666ws/awesome-vpn (分支: master, size: 9141KB, pushed: 2026-07-26T03:36:54Z)

[2026-07-26 23:59:06] 仓库 https://github.com/q13467982/free-proxy-list 候选文件较多 (110 个)，先通过 commits API 过滤
[2026-07-26 23:59:06]   父仓库: roosterkid/openproxylist
[2026-07-26 23:59:06] 仓库 https://github.com/ws94666ws/awesome-vpn 候选文件 3 个
[2026-07-26 23:59:09]   🍴 兄弟仓库: 22 个 → 发现队列 (队列: 0/600)
[2026-07-26 23:59:09] 👤 遍历用户仓库: Andyworldclub
[2026-07-26 23:59:10] 📦 批次 0019 已持久化: /home/runner/work/test-college/test-college/batches/no_batch_0019.txt (5021 个节点, 累计 117705 个) | 主队列 200/200, 发现队列 0/600
[2026-07-26 23:59:11]   Compare API 返回 252 个变更文件 (3 次 API 调用)
[2026-07-26 23:59:11]   commits 过滤: 110 → 110 (变更文件 252 个)
[2026-07-26 23:59:11] 仓库 https://github.com/q13467982/free-proxy-list 候选文件 110 个
[2026-07-26 23:59:12] SHA 缓存已保存: 192146 条, 1 分片
[2026-07-26 23:59:12]   👤 用户仓库: 30 个 → 发现队列 (队列: 0/600)
[2026-07-26 23:59:12]   用户 Andyworldclub 共查 30 个仓库
[2026-07-26 23:59:12] 仓库 https://github.com/worldmarketing02-design/proxy-master-list (分支: main, size: 6259KB, pushed: 2026-07-26T03:28:45Z)
[2026-07-26 23:59:13] 仓库 https://github.com/worldmarketing02-design/proxy-master-list 候选文件 2 个
[2026-07-26 23:59:14] 🔗 查子仓库: ws94666ws/awesome-vpn
[2026-07-26 23:59:14] 🔗 开始 Fork 链追踪 (ws94666ws/awesome-vpn)
[2026-07-26 23:59:15]   父仓库: awesome-vpn/awesome-vpn
[2026-07-26 23:59:18] 🔗 查子仓库: worldmarketing02-design/proxy-master-list
[2026-07-26 23:59:19] 🔗 开始 Fork 链追踪 (worldmarketing02-design/proxy-master-list)
[2026-07-26 23:59:19] 👤 遍历用户仓库: worldmarketing02-design
[2026-07-26 23:59:20]   用户 worldmarketing02-design 共查 0 个仓库
[2026-07-26 23:59:20] 仓库 https://github.com/chancat87/awesome-vpn (分支: master, size: 9210KB, pushed: 2026-07-26T01:55:36Z)
[2026-07-26 23:59:20] 👤 遍历用户仓库: ws94666ws
[2026-07-26 23:59:22] 仓库 https://github.com/chancat87/awesome-vpn 候选文件 3 个
[2026-07-26 23:59:27]   👤 用户仓库: 30 个 → 发现队列 (队列: 0/600)
[2026-07-26 23:59:27]   用户 ws94666ws 共查 30 个仓库
[2026-07-26 23:59:28] 仓库 https://github.com/Alirewa/V2ray-Configs (分支: main, size: 31254KB, pushed: 2026-07-26T15:44:21Z)
[2026-07-26 23:59:29] 仓库 https://github.com/Alirewa/V2ray-Configs 候选文件 4 个
[2026-07-26 23:59:30] 仓库 https://github.com/q13467982/free-proxy-list 未提取到节点，加入黑名单
[2026-07-26 23:59:30] 仓库 https://github.com/sunmiao4458/free-proxy-airport (分支: main, size: 372KB, pushed: 2026-07-26T15:38:20Z)
[2026-07-26 23:59:31] 仓库 https://github.com/sunmiao4458/free-proxy-airport 候选文件 2 个
[2026-07-26 23:59:32] 🔗 查子仓库: chancat87/awesome-vpn
[2026-07-26 23:59:32] 🔗 开始 Fork 链追踪 (chancat87/awesome-vpn)
[2026-07-26 23:59:33]   父仓库: awesome-vpn/awesome-vpn
[2026-07-26 23:59:34] 🔗 查子仓库: sunmiao4458/free-proxy-airport
[2026-07-26 23:59:34] 🔗 开始 Fork 链追踪 (sunmiao4458/free-proxy-airport)
[2026-07-26 23:59:35] 👤 遍历用户仓库: sunmiao4458
[2026-07-26 23:59:35] 👤 遍历用户仓库: chancat87
[2026-07-26 23:59:35]   👤 用户仓库: 1 个 → 发现队列 (队列: 0/600)
[2026-07-26 23:59:35]   用户 sunmiao4458 共查 1 个仓库
[2026-07-26 23:59:35] 🔗 查子仓库: Alirewa/V2ray-Configs
[2026-07-26 23:59:36] 仓库 https://github.com/cautonwong/free-proxy-sub (分支: master, size: 2664KB, pushed: 2026-07-26T14:48:19Z)
[2026-07-26 23:59:36] 🔗 开始 Fork 链追踪 (Alirewa/V2ray-Configs)
[2026-07-26 23:59:36] 👤 遍历用户仓库: Alirewa
[2026-07-26 23:59:36] 仓库 https://github.com/cautonwong/free-proxy-sub 候选文件 2 个
[2026-07-26 23:59:37] 🔗 查子仓库: cautonwong/free-proxy-sub
[2026-07-26 23:59:38] 🔗 开始 Fork 链追踪 (cautonwong/free-proxy-sub)
[2026-07-26 23:59:38]   👤 用户仓库: 21 个 → 发现队列 (队列: 0/600)
[2026-07-26 23:59:38]   用户 Alirewa 共查 21 个仓库
[2026-07-26 23:59:38] 仓库 https://github.com/F0rc3Run/F0rc3Run (分支: main, size: 453324KB, pushed: 2026-07-26T13:22:39Z)
[2026-07-26 23:59:38]   父仓库: steam-100/free-proxy-sub
[2026-07-26 23:59:38] 仓库在黑名单中: https://github.com/steam-100/free-proxy-sub
[2026-07-26 23:59:38]   父仓库 +0 个节点
[2026-07-26 23:59:38] 仓库 https://github.com/F0rc3Run/F0rc3Run 候选文件 51 个
[2026-07-26 23:59:39]   🍴 兄弟仓库: 1 个 → 发现队列 (队列: 0/600)
[2026-07-26 23:59:39] 👤 遍历用户仓库: cautonwong
[2026-07-26 23:59:46] 🔗 查子仓库: F0rc3Run/F0rc3Run
[2026-07-26 23:59:47] 📦 批次 0020 已持久化: /home/runner/work/test-college/test-college/batches/no_batch_0020.txt (5061 个节点, 累计 122766 个) | 主队列 200/200, 发现队列 0/600
[2026-07-26 23:59:48] SHA 缓存已保存: 192468 条, 1 分片
[2026-07-26 23:59:48]   👤 用户仓库: 30 个 → 发现队列 (队列: 0/600)
[2026-07-26 23:59:48]   用户 chancat87 共查 30 个仓库
[2026-07-26 23:59:48] 仓库 https://github.com/asgharkapk/Sub-Config-Extractor (分支: main, size: 779747KB, pushed: 2026-07-26T08:34:54Z)
[2026-07-26 23:59:49]   🍴 子仓库: 16 个 → 发现队列 (队列: 0/600)
[2026-07-26 23:59:49] 🔗 开始 Fork 链追踪 (F0rc3Run/F0rc3Run)
[2026-07-26 23:59:49] 👤 遍历用户仓库: F0rc3Run
[2026-07-26 23:59:49]   👤 用户仓库: 2 个 → 发现队列 (队列: 0/600)
[2026-07-26 23:59:49]   用户 F0rc3Run 共查 2 个仓库
[2026-07-26 23:59:49] 仓库 https://github.com/vorz1k/v2box (分支: main, size: 230KB, pushed: 2026-07-25T20:58:25Z)
[2026-07-26 23:59:50] 仓库 https://github.com/vorz1k/v2box 候选文件 3 个
[2026-07-26 23:59:51]   👤 用户仓库: 30 个 → 发现队列 (队列: 0/600)
[2026-07-26 23:59:51]   用户 cautonwong 共查 30 个仓库
[2026-07-26 23:59:51] 仓库 https://github.com/MohammadBahemmat/V2ray-Collector (分支: main, size: 25592759KB, pushed: 2026-07-26T15:45:53Z)
[2026-07-26 23:59:51] 仓库 https://github.com/MohammadBahemmat/V2ray-Collector 候选文件 12 个
[2026-07-26 23:59:52] 🔗 查子仓库: vorz1k/v2box
[2026-07-26 23:59:53]   🍴 子仓库: 14 个 → 发现队列 (队列: 0/600)
[2026-07-26 23:59:53] 🔗 开始 Fork 链追踪 (vorz1k/v2box)
[2026-07-26 23:59:53] 仓库 https://github.com/asgharkapk/Sub-Config-Extractor 候选文件较多 (923 个)，先通过 commits API 过滤
[2026-07-26 23:59:54] 👤 遍历用户仓库: vorz1k
[2026-07-26 23:59:54]   用户 vorz1k 共查 0 个仓库
[2026-07-26 23:59:54] 仓库 https://github.com/iboxz/free-v2ray-collector (分支: main, size: 32295KB, pushed: 2026-07-26T15:45:46Z)
[2026-07-26 23:59:55] 仓库 https://github.com/iboxz/free-v2ray-collector 候选文件 2 个
[2026-07-26 23:59:59] 🔗 查子仓库: iboxz/free-v2ray-collector
[2026-07-27 00:00:01]   🍴 子仓库: 13 个 → 发现队列 (队列: 0/600)
[2026-07-27 00:00:01] 🔗 开始 Fork 链追踪 (iboxz/free-v2ray-collector)
[2026-07-27 00:00:01] 👤 遍历用户仓库: iboxz
[2026-07-27 00:00:02]   👤 用户仓库: 4 个 → 发现队列 (队列: 0/600)
[2026-07-27 00:00:02]   用户 iboxz 共查 4 个仓库
[2026-07-27 00:00:02] 仓库 https://github.com/kort0881/vpn-vless-configs-russia (分支: main, size: 2384903KB, pushed: 2026-07-26T15:21:18Z)
[2026-07-27 00:00:04]   Compare API 返回 300 个变更文件 (3 次 API 调用)
[2026-07-27 00:00:04]   commits 过滤: 923 → 294 (变更文件 300 个)
[2026-07-27 00:00:04] 仓库 https://github.com/asgharkapk/Sub-Config-Extractor 候选文件 294 个
[2026-07-27 00:00:05] 仓库 https://github.com/kort0881/vpn-vless-configs-russia 候选文件较多 (1083 个)，先通过 commits API 过滤
[2026-07-27 00:00:16]   Compare API 返回 300 个变更文件 (3 次 API 调用)
[2026-07-27 00:00:17]   commits 过滤: 1083 → 299 (变更文件 300 个)
[2026-07-27 00:00:17] 仓库 https://github.com/kort0881/vpn-vless-configs-russia 候选文件 299 个
[2026-07-27 00:00:35] 📦 批次 0021 已持久化: /home/runner/work/test-college/test-college/batches/no_batch_0021.txt (5011 个节点, 累计 127777 个) | 主队列 200/200, 发现队列 0/600
[2026-07-27 00:00:41] SHA 缓存已保存: 192830 条, 1 分片
[2026-07-27 00:01:16] ⚠️ 主队列超时 60s 无空间，搜索中断
[2026-07-27 00:01:16] ⏱️ [25/147] mihomo pushed:>2026-07-25T15:43:36Z fork:true -language:HTML | 290s | +30581 | 配额 3653/4800
[2026-07-27 00:02:21] ⚠️ 主队列超时 60s 无空间，搜索中断
[2026-07-27 00:02:21] ⏱️ [26/147] Hiddify pushed:>2026-07-25T15:43:36Z fork:true -language:HTM | 65s | +357 | 配额 3652/4800
[2026-07-27 00:02:30] 🔗 查子仓库: MohammadBahemmat/V2ray-Collector
[2026-07-27 00:03:00]   🍴 子仓库: 30 个 → 发现队列 (队列: 0/600)
[2026-07-27 00:03:00] 🔗 开始 Fork 链追踪 (MohammadBahemmat/V2ray-Collector)
[2026-07-27 00:03:00] 👤 遍历用户仓库: MohammadBahemmat
[2026-07-27 00:03:02]   👤 用户仓库: 2 个 → 发现队列 (队列: 0/600)
[2026-07-27 00:03:02]   用户 MohammadBahemmat 共查 2 个仓库
[2026-07-27 00:03:02] 仓库 https://github.com/lm705/vair (分支: main, size: 11536KB, pushed: 2026-07-26T14:57:35Z)
[2026-07-27 00:03:08] 仓库 https://github.com/lm705/vair 候选文件 1 个
[2026-07-27 00:03:15] 🔗 查子仓库: lm705/vair
[2026-07-27 00:03:16]   🍴 子仓库: 4 个 → 发现队列 (队列: 0/600)
[2026-07-27 00:03:16] 🔗 开始 Fork 链追踪 (lm705/vair)
[2026-07-27 00:03:17] 👤 遍历用户仓库: lm705
[2026-07-27 00:03:21]   👤 用户仓库: 2 个 → 发现队列 (队列: 0/600)
[2026-07-27 00:03:21]   用户 lm705 共查 2 个仓库
[2026-07-27 00:03:21] 仓库 https://github.com/sasabuzovkin9-lgtm/vpn-vless-configs-russia (分支: main, size: 1615876KB, pushed: 2026-07-26T14:41:45Z)
[2026-07-27 00:03:27] 仓库 https://github.com/sasabuzovkin9-lgtm/vpn-vless-configs-russia 候选文件 3 个
[2026-07-27 00:03:32] 🔗 查子仓库: sasabuzovkin9-lgtm/vpn-vless-configs-russia
[2026-07-27 00:03:33] 🔗 开始 Fork 链追踪 (sasabuzovkin9-lgtm/vpn-vless-configs-russia)
[2026-07-27 00:03:33]   父仓库: kort0881/vpn-vless-configs-russia
[2026-07-27 00:03:39]   🍴 兄弟仓库: 30 个 → 发现队列 (队列: 0/600)
[2026-07-27 00:03:39] 👤 遍历用户仓库: sasabuzovkin9-lgtm
[2026-07-27 00:03:40] ⚠️ GitHub 搜索线程超时未完成，跳过
[2026-07-27 00:03:40] ⏳ 等待队列清空 (主队列 200, 发现队列 0)...
[2026-07-27 00:03:40]   ... 主队列 200, 发现队列 0
[2026-07-27 00:03:41]   👤 用户仓库: 2 个 → 发现队列 (队列: 0/600)
[2026-07-27 00:03:41]   用户 sasabuzovkin9-lgtm 共查 2 个仓库
[2026-07-27 00:03:41] 仓库 https://github.com/Freedom-Guard-Builder/Freedom-Finder (分支: main, size: 7562KB, pushed: 2026-07-26T06:10:54Z)
[2026-07-27 00:03:48] 仓库 https://github.com/Freedom-Guard-Builder/Freedom-Finder 候选文件 10 个
[2026-07-27 00:03:53] 📦 批次 0022 已持久化: /home/runner/work/test-college/test-college/batches/no_batch_0022.txt (5083 个节点, 累计 132911 个) | 主队列 200/200, 发现队列 0/600
[2026-07-27 00:03:55] SHA 缓存已保存: 193223 条, 1 分片
[2026-07-27 00:03:56] 📦 批次 0023 已持久化: /home/runner/work/test-college/test-college/batches/no_batch_0023.txt (9949 个节点, 累计 142809 个) | 主队列 200/200, 发现队列 0/600
[2026-07-27 00:03:56] 🔗 查子仓库: asgharkapk/Sub-Config-Extractor
[2026-07-27 00:03:58] SHA 缓存已保存: 193234 条, 1 分片
[2026-07-27 00:03:58] 🔗 查子仓库: kort0881/vpn-vless-configs-russia
[2026-07-27 00:03:58]   🍴 子仓库: 4 个 → 发现队列 (队列: 0/600)
[2026-07-27 00:03:58] 🔗 开始 Fork 链追踪 (asgharkapk/Sub-Config-Extractor)
[2026-07-27 00:03:58] 👤 遍历用户仓库: asgharkapk
[2026-07-27 00:03:59]   👤 用户仓库: 12 个 → 发现队列 (队列: 0/600)
[2026-07-27 00:03:59]   用户 asgharkapk 共查 12 个仓库
[2026-07-27 00:03:59] 仓库 https://github.com/liMilCo/v2r (分支: main, size: 1196412KB, pushed: 2026-07-26T03:41:04Z)
[2026-07-27 00:04:00] 🔗 开始 Fork 链追踪 (kort0881/vpn-vless-configs-russia)
[2026-07-27 00:04:00] 👤 遍历用户仓库: kort0881
[2026-07-27 00:04:00] 仓库 https://github.com/liMilCo/v2r 候选文件 38 个
[2026-07-27 00:04:01] 🔗 查子仓库: Freedom-Guard-Builder/Freedom-Finder
[2026-07-27 00:04:01]   👤 用户仓库: 24 个 → 发现队列 (队列: 0/600)
[2026-07-27 00:04:01]   用户 kort0881 共查 24 个仓库
[2026-07-27 00:04:01] 仓库 https://github.com/PENZA84/v2r (分支: main, size: 1191573KB, pushed: 2026-07-26T03:33:55Z)
[2026-07-27 00:04:02]   🍴 子仓库: 1 个 → 发现队列 (队列: 0/600)
[2026-07-27 00:04:02] 🔗 开始 Fork 链追踪 (Freedom-Guard-Builder/Freedom-Finder)
[2026-07-27 00:04:02] 👤 遍历用户仓库: Freedom-Guard-Builder
[2026-07-27 00:04:03] 仓库 https://github.com/PENZA84/v2r 候选文件 38 个
[2026-07-27 00:04:04]   👤 用户仓库: 3 个 → 发现队列 (队列: 0/600)
[2026-07-27 00:04:04]   用户 Freedom-Guard-Builder 共查 3 个仓库
[2026-07-27 00:04:04] 仓库 https://github.com/DuskWander87/shadowrocket-config (分支: main, size: 62KB, pushed: 2026-07-26T12:55:39Z)
[2026-07-27 00:04:05] 仓库 https://github.com/DuskWander87/shadowrocket-config 候选文件 10 个
[2026-07-27 00:04:17] 仓库 https://github.com/DuskWander87/shadowrocket-config 未提取到节点，加入黑名单
[2026-07-27 00:04:17] 仓库 https://github.com/birhantprkc/ACL4SSR (分支: master, size: 33676KB, pushed: 2026-07-26T12:42:02Z)
[2026-07-27 00:04:19] 仓库 https://github.com/birhantprkc/ACL4SSR 候选文件较多 (311 个)，先通过 commits API 过滤
[2026-07-27 00:04:20]   commits 过滤: 311 → 0 (变更文件 0 个)
[2026-07-27 00:04:20] 仓库 https://github.com/birhantprkc/ACL4SSR 候选文件经时间过滤后为空
[2026-07-27 00:04:20] 🔗 查子仓库: birhantprkc/ACL4SSR
[2026-07-27 00:04:20] 🔗 开始 Fork 链追踪 (birhantprkc/ACL4SSR)
[2026-07-27 00:04:21]   父仓库: ACL4SSR/ACL4SSR
[2026-07-27 00:04:21] 仓库在黑名单中: https://github.com/ACL4SSR/ACL4SSR
[2026-07-27 00:04:21]   父仓库 +0 个节点
[2026-07-27 00:04:24]   🍴 兄弟仓库: 30 个 → 发现队列 (队列: 0/600)
[2026-07-27 00:04:24] 👤 遍历用户仓库: birhantprkc
[2026-07-27 00:04:35] 🔗 查子仓库: liMilCo/v2r
[2026-07-27 00:04:36]   🍴 子仓库: 15 个 → 发现队列 (队列: 0/600)
[2026-07-27 00:04:36] 🔗 开始 Fork 链追踪 (liMilCo/v2r)
[2026-07-27 00:04:37]   👤 用户仓库: 30 个 → 发现队列 (队列: 0/600)
[2026-07-27 00:04:37]   用户 birhantprkc 共查 30 个仓库
[2026-07-27 00:04:37] 仓库 https://github.com/er1czhang/acl4SSR (分支: main, size: 70KB, pushed: 2026-07-26T10:57:28Z)
[2026-07-27 00:04:37] 👤 遍历用户仓库: liMilCo
[2026-07-27 00:04:37] 🔗 查子仓库: PENZA84/v2r
[2026-07-27 00:04:37] 仓库 https://github.com/er1czhang/acl4SSR 候选文件 11 个
[2026-07-27 00:04:37] 🔗 开始 Fork 链追踪 (PENZA84/v2r)
[2026-07-27 00:04:38]   👤 用户仓库: 18 个 → 发现队列 (队列: 0/600)
[2026-07-27 00:04:38]   用户 liMilCo 共查 18 个仓库
[2026-07-27 00:04:38]   父仓库: liMilCo/v2r
[2026-07-27 00:04:38] 仓库 https://github.com/PatrickStarVv/acl4ssr-mini-custom (分支: main, size: 13KB, pushed: 2026-07-26T09:01:33Z)
[2026-07-27 00:04:38] 仓库 https://github.com/er1czhang/acl4SSR 未提取到节点，加入黑名单
[2026-07-27 00:04:38] 仓库 https://github.com/hhzol/ACL4SSR (分支: main, size: 65010KB, pushed: 2026-07-26T02:04:40Z)
[2026-07-27 00:04:38] 👤 遍历用户仓库: PENZA84
[2026-07-27 00:04:38] 仓库 https://github.com/PatrickStarVv/acl4ssr-mini-custom 候选文件 1 个
[2026-07-27 00:04:39] 仓库 https://github.com/hhzol/ACL4SSR 候选文件 27 个
[2026-07-27 00:04:39] 仓库 https://github.com/PatrickStarVv/acl4ssr-mini-custom 未提取到节点，加入黑名单
[2026-07-27 00:04:39] 仓库 https://github.com/Cucosai/ACL4SSR_ (分支: master, size: 33676KB, pushed: 2026-07-26T00:12:40Z)
[2026-07-27 00:04:40] 仓库 https://github.com/Cucosai/ACL4SSR_ 候选文件较多 (311 个)，先通过 commits API 过滤
[2026-07-27 00:04:41]   commits 过滤: 311 → 0 (变更文件 0 个)
[2026-07-27 00:04:41] 仓库 https://github.com/Cucosai/ACL4SSR_ 候选文件经时间过滤后为空
[2026-07-27 00:04:41] 🔗 查子仓库: Cucosai/ACL4SSR_
[2026-07-27 00:04:41] 🔗 开始 Fork 链追踪 (Cucosai/ACL4SSR_)
[2026-07-27 00:04:41]   父仓库: ACL4SSR/ACL4SSR
[2026-07-27 00:04:41] 仓库在黑名单中: https://github.com/ACL4SSR/ACL4SSR
[2026-07-27 00:04:41]   父仓库 +0 个节点
[2026-07-27 00:04:43]   👤 用户仓库: 30 个 → 发现队列 (队列: 0/600)
[2026-07-27 00:04:43]   用户 PENZA84 共查 30 个仓库
[2026-07-27 00:04:43] 仓库 https://github.com/yxymeng/subconverter (分支: master, size: 7295KB, pushed: 2026-07-26T14:51:32Z)
[2026-07-27 00:04:43] 仓库 https://github.com/yxymeng/subconverter 候选文件较多 (305 个)，先通过 commits API 过滤
[2026-07-27 00:04:44]   🍴 兄弟仓库: 13 个 → 发现队列 (队列: 0/600)
[2026-07-27 00:04:44] 👤 遍历用户仓库: Cucosai
[2026-07-27 00:04:44]   commits 过滤: 305 → 0 (变更文件 0 个)
[2026-07-27 00:04:44] 仓库 https://github.com/yxymeng/subconverter 候选文件经时间过滤后为空
[2026-07-27 00:04:44] 🔗 查子仓库: yxymeng/subconverter
[2026-07-27 00:04:44] 🔗 开始 Fork 链追踪 (yxymeng/subconverter)
[2026-07-27 00:04:44]   👤 用户仓库: 17 个 → 发现队列 (队列: 0/600)
[2026-07-27 00:04:44]   用户 Cucosai 共查 17 个仓库
[2026-07-27 00:04:44] 仓库 https://github.com/vincentlin7/SubConverter-Extended (分支: master, size: 3808KB, pushed: 2026-07-26T14:23:34Z)
[2026-07-27 00:04:44]   父仓库: tindy2013/subconverter
[2026-07-27 00:04:44] 仓库在黑名单中: https://github.com/tindy2013/subconverter
[2026-07-27 00:04:44]   父仓库 +0 个节点
[2026-07-27 00:04:45] 仓库 https://github.com/vincentlin7/SubConverter-Extended 候选文件 4 个
[2026-07-27 00:04:48]   🍴 兄弟仓库: 30 个 → 发现队列 (队列: 0/600)
[2026-07-27 00:04:48] 👤 遍历用户仓库: yxymeng
[2026-07-27 00:04:48] 仓库 https://github.com/vincentlin7/SubConverter-Extended README 含广告词，加入黑名单
[2026-07-27 00:04:48] 仓库 https://github.com/lanzm/MetaFetch (分支: master, size: 10787KB, pushed: 2026-07-26T13:39:29Z)
[2026-07-27 00:04:49] 仓库 https://github.com/lanzm/MetaFetch 候选文件 4 个
[2026-07-27 00:04:50]   👤 用户仓库: 30 个 → 发现队列 (队列: 0/600)
[2026-07-27 00:04:50]   用户 yxymeng 共查 30 个仓库
[2026-07-27 00:04:50] 仓库 https://github.com/John-Robertt/subconverter (分支: main, size: 1673KB, pushed: 2026-07-26T07:59:34Z)
[2026-07-27 00:04:51] 仓库 https://github.com/John-Robertt/subconverter 候选文件 21 个
[2026-07-27 00:04:55] 🔗 查子仓库: John-Robertt/subconverter
[2026-07-27 00:04:56] 🔗 开始 Fork 链追踪 (John-Robertt/subconverter)
[2026-07-27 00:04:56] 👤 遍历用户仓库: John-Robertt
[2026-07-27 00:04:57]   👤 用户仓库: 8 个 → 发现队列 (队列: 0/600)
[2026-07-27 00:04:57]   用户 John-Robertt 共查 8 个仓库
[2026-07-27 00:04:57] 仓库 https://github.com/10ium/subconverter (分支: main, size: 86451KB, pushed: 2026-07-26T07:55:00Z)
[2026-07-27 00:04:57] 仓库 https://github.com/10ium/subconverter 候选文件 52 个
[2026-07-27 00:05:15] 🔗 查子仓库: 10ium/subconverter
[2026-07-27 00:05:16]   🍴 子仓库: 1 个 → 发现队列 (队列: 0/600)
[2026-07-27 00:05:16] 🔗 开始 Fork 链追踪 (10ium/subconverter)
[2026-07-27 00:05:20]   父仓库: vpnclashfa-backup/subconverter
[2026-07-27 00:05:20] 仓库在黑名单中: https://github.com/vpnclashfa-backup/subconverter
[2026-07-27 00:05:20]   父仓库 +0 个节点
[2026-07-27 00:05:20]   🍴 兄弟仓库: 1 个 → 发现队列 (队列: 0/600)
[2026-07-27 00:05:20] 👤 遍历用户仓库: 10ium
[2026-07-27 00:05:20] 🔗 查子仓库: lanzm/MetaFetch
[2026-07-27 00:05:21]   🍴 子仓库: 3 个 → 发现队列 (队列: 0/600)
[2026-07-27 00:05:21] 🔗 开始 Fork 链追踪 (lanzm/MetaFetch)
[2026-07-27 00:05:21] 👤 遍历用户仓库: lanzm
[2026-07-27 00:05:22]   👤 用户仓库: 4 个 → 发现队列 (队列: 0/600)
[2026-07-27 00:05:22]   用户 lanzm 共查 4 个仓库
[2026-07-27 00:05:22] 仓库 https://github.com/imlxaaron/sub-web-modify (分支: master, size: 1811KB, pushed: 2026-07-26T06:40:23Z)
[2026-07-27 00:05:22] 仓库 https://github.com/imlxaaron/sub-web-modify 候选文件 1 个
[2026-07-27 00:05:23] 仓库 https://github.com/imlxaaron/sub-web-modify 未提取到节点，加入黑名单
[2026-07-27 00:05:23] 仓库 https://github.com/stone6689/SubConverter-Extended (分支: master, size: 10203KB, pushed: 2026-07-26T05:43:44Z)
[2026-07-27 00:05:23]   👤 用户仓库: 30 个 → 发现队列 (队列: 0/600)
[2026-07-27 00:05:23]   用户 10ium 共查 30 个仓库
[2026-07-27 00:05:23] 仓库 https://github.com/sivdead/subconverter (分支: master, size: 7499KB, pushed: 2026-07-26T03:02:18Z)
[2026-07-27 00:05:23] 仓库 https://github.com/stone6689/SubConverter-Extended 无候选文件 (总计 316 blob, 扩展名过滤 257, processed_shas 跳过 0, SHA 缓存跳过 59)
[2026-07-27 00:05:23] 🔗 查子仓库: stone6689/SubConverter-Extended
[2026-07-27 00:05:24] 🔗 开始 Fork 链追踪 (stone6689/SubConverter-Extended)
[2026-07-27 00:05:24] 仓库 https://github.com/sivdead/subconverter 候选文件较多 (306 个)，先通过 commits API 过滤
[2026-07-27 00:05:24]   父仓库: Aethersailor/SubConverter-Extended
[2026-07-27 00:05:25]   Compare API 返回 3 个变更文件 (3 次 API 调用)
[2026-07-27 00:05:25]   commits 过滤: 306 → 1 (变更文件 3 个)
[2026-07-27 00:05:25] 仓库 https://github.com/sivdead/subconverter 候选文件 1 个
[2026-07-27 00:05:25] 仓库 https://github.com/sivdead/subconverter 未提取到节点，加入黑名单
[2026-07-27 00:05:25] 仓库 https://github.com/Baobei321/v2rayN (分支: master, size: 48660KB, pushed: 2026-07-26T15:45:12Z)
[2026-07-27 00:05:25]   🍴 兄弟仓库: 30 个 → 发现队列 (队列: 0/600)
[2026-07-27 00:05:25] 👤 遍历用户仓库: stone6689
[2026-07-27 00:05:26] 仓库 https://github.com/Baobei321/v2rayN 无候选文件 (总计 423 blob, 扩展名过滤 373, processed_shas 跳过 1, SHA 缓存跳过 49)
[2026-07-27 00:05:26] 🔗 查子仓库: Baobei321/v2rayN
[2026-07-27 00:05:26] 🔗 开始 Fork 链追踪 (Baobei321/v2rayN)
[2026-07-27 00:05:27]   父仓库: 2dust/v2rayN
[2026-07-27 00:05:27]   👤 用户仓库: 30 个 → 发现队列 (队列: 0/600)
[2026-07-27 00:05:27]   用户 stone6689 共查 30 个仓库
[2026-07-27 00:05:27] 仓库 https://github.com/tagma067001068/v2rayNG (分支: master, size: 82832KB, pushed: 2026-07-26T15:41:05Z)
[2026-07-27 00:05:28] 仓库 https://github.com/tagma067001068/v2rayNG 无候选文件 (总计 353 blob, 扩展名过滤 330, processed_shas 跳过 0, SHA 缓存跳过 23)
[2026-07-27 00:05:28] 🔗 查子仓库: tagma067001068/v2rayNG
[2026-07-27 00:05:28] 🔗 开始 Fork 链追踪 (tagma067001068/v2rayNG)
[2026-07-27 00:05:29]   父仓库: 2dust/v2rayNG
[2026-07-27 00:05:29] ⏭️ 仓库 https://github.com/2dust/v2rayNG 57h 未更新，跳过解析（追踪 fork 链）
[2026-07-27 00:05:29] 🔗 查子仓库: 2dust/v2rayNG
[2026-07-27 00:05:31]   🍴 兄弟仓库: 30 个 → 发现队列 (队列: 0/600)
[2026-07-27 00:05:31] 👤 遍历用户仓库: Baobei321
[2026-07-27 00:05:31]   🍴 子仓库: 30 个 → 发现队列 (队列: 0/600)
[2026-07-27 00:05:31] 🔗 开始 Fork 链追踪 (2dust/v2rayNG)
[2026-07-27 00:05:31] 👤 遍历用户仓库: 2dust
[2026-07-27 00:05:32]   👤 用户仓库: 13 个 → 发现队列 (队列: 0/600)
[2026-07-27 00:05:32]   用户 2dust 共查 13 个仓库
[2026-07-27 00:05:32]   父仓库 +0 个节点
[2026-07-27 00:05:34]   👤 用户仓库: 30 个 → 发现队列 (队列: 0/600)
[2026-07-27 00:05:34]   用户 Baobei321 共查 30 个仓库
[2026-07-27 00:05:34] 仓库 https://github.com/barreler126/v2rayN (分支: master, size: 48660KB, pushed: 2026-07-26T15:40:07Z)
[2026-07-27 00:05:35]   🍴 兄弟仓库: 27 个 → 发现队列 (队列: 0/600)
[2026-07-27 00:05:35] 👤 遍历用户仓库: tagma067001068
[2026-07-27 00:05:36] 仓库 https://github.com/barreler126/v2rayN 无候选文件 (总计 423 blob, 扩展名过滤 373, processed_shas 跳过 1, SHA 缓存跳过 49)
[2026-07-27 00:05:36] 🔗 查子仓库: barreler126/v2rayN
[2026-07-27 00:05:36] 🔗 开始 Fork 链追踪 (barreler126/v2rayN)
[2026-07-27 00:05:37]   父仓库: 2dust/v2rayN
[2026-07-27 00:05:41]   ... 主队列 200, 发现队列 0
[2026-07-27 00:05:42]   🍴 兄弟仓库: 25 个 → 发现队列 (队列: 0/600)
[2026-07-27 00:05:42] 👤 遍历用户仓库: barreler126
[2026-07-27 00:05:44]   👤 用户仓库: 30 个 → 发现队列 (队列: 0/600)
[2026-07-27 00:05:44]   用户 barreler126 共查 30 个仓库
[2026-07-27 00:05:44] 仓库 https://github.com/0xRadikal/Free-v2ray-Configs (分支: main, size: 3584708KB, pushed: 2026-07-26T15:38:26Z)
[2026-07-27 00:05:45] 仓库 https://github.com/0xRadikal/Free-v2ray-Configs 候选文件 33 个
[2026-07-27 00:05:54]   👤 用户仓库: 30 个 → 发现队列 (队列: 0/600)
[2026-07-27 00:05:55]   用户 tagma067001068 共查 30 个仓库
[2026-07-27 00:05:55] 仓库 https://github.com/Delta-Kronecker/V2ray-Config (分支: main, size: 925197KB, pushed: 2026-07-26T15:36:37Z)
[2026-07-27 00:05:59] 仓库 https://github.com/Delta-Kronecker/V2ray-Config 候选文件较多 (269 个)，先通过 commits API 过滤
[2026-07-27 00:06:13]   Compare API 返回 279 个变更文件 (3 次 API 调用)
[2026-07-27 00:06:13]   commits 过滤: 269 → 269 (变更文件 279 个)
[2026-07-27 00:06:13] 仓库 https://github.com/Delta-Kronecker/V2ray-Config 候选文件 269 个
[2026-07-27 00:06:22] 🔗 查子仓库: 0xRadikal/Free-v2ray-Configs
[2026-07-27 00:06:26]   🍴 子仓库: 1 个 → 发现队列 (队列: 0/600)
[2026-07-27 00:06:26] 🔗 开始 Fork 链追踪 (0xRadikal/Free-v2ray-Configs)
[2026-07-27 00:06:26] 👤 遍历用户仓库: 0xRadikal
[2026-07-27 00:06:27] README (hhzol/ACL4SSR) 404，跳过
[2026-07-27 00:06:27] 仓库 https://github.com/hhzol/ACL4SSR 未提取到节点，加入黑名单
[2026-07-27 00:06:28] 仓库 https://github.com/dannysl/v2rayN (分支: master, size: 48660KB, pushed: 2026-07-26T15:29:04Z)
[2026-07-27 00:06:28]   👤 用户仓库: 26 个 → 发现队列 (队列: 0/600)
[2026-07-27 00:06:28]   用户 0xRadikal 共查 26 个仓库
[2026-07-27 00:06:28] 仓库 https://github.com/Super-Zoe/v2rayN (分支: master, size: 49060KB, pushed: 2026-07-26T15:10:08Z)
[2026-07-27 00:06:30] 仓库 https://github.com/dannysl/v2rayN 无候选文件 (总计 423 blob, 扩展名过滤 373, processed_shas 跳过 1, SHA 缓存跳过 49)
[2026-07-27 00:06:30] 🔗 查子仓库: dannysl/v2rayN
[2026-07-27 00:06:30] 🔗 开始 Fork 链追踪 (dannysl/v2rayN)
[2026-07-27 00:06:34] 仓库 https://github.com/Super-Zoe/v2rayN 无候选文件 (总计 423 blob, 扩展名过滤 373, processed_shas 跳过 1, SHA 缓存跳过 49)
[2026-07-27 00:06:34] 🔗 查子仓库: Super-Zoe/v2rayN
[2026-07-27 00:06:34]   父仓库: 2dust/v2rayN
[2026-07-27 00:06:34] 🔗 开始 Fork 链追踪 (Super-Zoe/v2rayN)
[2026-07-27 00:06:35]   父仓库: 2dust/v2rayN
[2026-07-27 00:06:38] 👤 遍历用户仓库: dannysl
[2026-07-27 00:06:42]   👤 用户仓库: 30 个 → 发现队列 (队列: 0/600)
[2026-07-27 00:06:42]   用户 dannysl 共查 30 个仓库
[2026-07-27 00:06:42] 仓库 https://github.com/AvetGR8/EasyV2raySub (分支: main, size: 14848KB, pushed: 2026-07-26T15:06:31Z)
[2026-07-27 00:06:44] 仓库 https://github.com/AvetGR8/EasyV2raySub 候选文件 1 个
[2026-07-27 00:06:45] 👤 遍历用户仓库: Super-Zoe
[2026-07-27 00:06:55]   👤 用户仓库: 30 个 → 发现队列 (队列: 0/600)
[2026-07-27 00:06:56]   用户 Super-Zoe 共查 30 个仓库
[2026-07-27 00:06:56] 仓库 https://github.com/freekof/v2rayN (分支: master, size: 48642KB, pushed: 2026-07-26T15:03:23Z)
[2026-07-27 00:06:59] 🔗 查子仓库: AvetGR8/EasyV2raySub
[2026-07-27 00:07:00] 仓库 https://github.com/freekof/v2rayN 无候选文件 (总计 436 blob, 扩展名过滤 386, processed_shas 跳过 0, SHA 缓存跳过 50)
[2026-07-27 00:07:02] 🔗 查子仓库: freekof/v2rayN
[2026-07-27 00:07:02] 🔗 开始 Fork 链追踪 (AvetGR8/EasyV2raySub)
[2026-07-27 00:07:04] 🔗 开始 Fork 链追踪 (freekof/v2rayN)
[2026-07-27 00:07:05]   父仓库: Devindan/EasyV2raySub[2026-07-27 00:07:05]   父仓库: 2dust/v2rayN

[2026-07-27 00:07:10]   🍴 兄弟仓库: 9 个 → 发现队列 (队列: 0/600)
[2026-07-27 00:07:10] 👤 遍历用户仓库: AvetGR8
[2026-07-27 00:07:14]   用户 AvetGR8 共查 0 个仓库
[2026-07-27 00:07:15] 仓库 https://github.com/Raad63/v2rayN-windows (分支: master, size: 48660KB, pushed: 2026-07-26T15:03:10Z)
[2026-07-27 00:07:17] 👤 遍历用户仓库: freekof
[2026-07-27 00:07:25]   👤 用户仓库: 10 个 → 发现队列 (队列: 0/600)
[2026-07-27 00:07:25]   用户 freekof 共查 10 个仓库
[2026-07-27 00:07:25] 仓库 https://github.com/persianata/crow-v2ray (分支: main, size: 322641KB, pushed: 2026-07-26T15:02:24Z)
[2026-07-27 00:07:26] 仓库 https://github.com/Raad63/v2rayN-windows 无候选文件 (总计 423 blob, 扩展名过滤 373, processed_shas 跳过 1, SHA 缓存跳过 49)
[2026-07-27 00:07:26] 🔗 查子仓库: Raad63/v2rayN-windows
[2026-07-27 00:07:27] 🔗 开始 Fork 链追踪 (Raad63/v2rayN-windows)
[2026-07-27 00:07:28] 仓库 https://github.com/persianata/crow-v2ray 候选文件 4 个
[2026-07-27 00:07:28]   父仓库: 2dust/v2rayN
[2026-07-27 00:07:41] 👤 遍历用户仓库: Raad63
[2026-07-27 00:07:43]   ... 主队列 200, 发现队列 0
[2026-07-27 00:07:46]   👤 用户仓库: 30 个 → 发现队列 (队列: 0/600)
[2026-07-27 00:07:46]   用户 Raad63 共查 30 个仓库
[2026-07-27 00:07:46] 仓库 https://github.com/Surfboardv2ray/TGParse (分支: main, size: 3830712KB, pushed: 2026-07-26T15:02:20Z)
[2026-07-27 00:07:54] 📦 批次 0024 已持久化: /home/runner/work/test-college/test-college/batches/no_batch_0024.txt (5319 个节点, 累计 148128 个) | 主队列 200/200, 发现队列 0/600
[2026-07-27 00:07:57] ⚠️ 文件处理超时，跳过 https://raw.githubusercontent.com/ebrasha/free-v2ray-public-list/main/all_extracted_configs.txt
[2026-07-27 00:08:09] SHA 缓存已保存: 193766 条, 1 分片
[2026-07-27 00:08:23] ⚠️ 文件处理超时，跳过 https://raw.githubusercontent.com/ebrasha/free-v2ray-public-list/main/separated-protocols/vless_configs.txt
[2026-07-27 00:08:32] ⚠️ 文件处理超时，跳过 https://raw.githubusercontent.com/ebrasha/free-v2ray-public-list/main/vless_configs.txt
[2026-07-27 00:08:32] 🔗 查子仓库: ebrasha/free-v2ray-public-list
[2026-07-27 00:08:40]   🍴 子仓库: 30 个 → 发现队列 (队列: 0/600)
[2026-07-27 00:08:40] 🔗 开始 Fork 链追踪 (ebrasha/free-v2ray-public-list)
[2026-07-27 00:08:40] 👤 遍历用户仓库: ebrasha
[2026-07-27 00:08:45]   👤 用户仓库: 30 个 → 发现队列 (队列: 0/600)
[2026-07-27 00:08:45]   用户 ebrasha 共查 30 个仓库
[2026-07-27 00:08:45] 仓库 https://github.com/jing5460/v2rayN (分支: master, size: 49059KB, pushed: 2026-07-26T14:57:21Z)
[2026-07-27 00:08:48] 仓库 https://github.com/jing5460/v2rayN 无候选文件 (总计 423 blob, 扩展名过滤 373, processed_shas 跳过 1, SHA 缓存跳过 49)
[2026-07-27 00:08:48] 🔗 查子仓库: jing5460/v2rayN
[2026-07-27 00:08:48] 🔗 开始 Fork 链追踪 (jing5460/v2rayN)
[2026-07-27 00:08:49] 📦 批次 0025 已持久化: /home/runner/work/test-college/test-college/batches/no_batch_0025.txt (7581 个节点, 累计 155722 个) | 主队列 200/200, 发现队列 0/600
[2026-07-27 00:08:49]   父仓库: 2dust/v2rayN
[2026-07-27 00:08:49] SHA 缓存已保存: 193779 条, 1 分片
[2026-07-27 00:08:49] 📦 批次 0026 已持久化: /home/runner/work/test-college/test-college/batches/no_batch_0026.txt (5587 个节点, 累计 161308 个) | 主队列 200/200, 发现队列 0/600
[2026-07-27 00:08:50] SHA 缓存已保存: 193781 条, 1 分片
[2026-07-27 00:08:51] 👤 遍历用户仓库: jing5460
[2026-07-27 00:08:59]   👤 用户仓库: 30 个 → 发现队列 (队列: 0/600)
[2026-07-27 00:08:59]   用户 jing5460 共查 30 个仓库
[2026-07-27 00:08:59] 仓库 https://github.com/Mokafela/Co-Killer (分支: master, size: 39848KB, pushed: 2026-07-26T14:56:17Z)
[2026-07-27 00:08:59] 📦 批次 0027 已持久化: /home/runner/work/test-college/test-college/batches/no_batch_0027.txt (11246 个节点, 累计 172557 个) | 主队列 200/200, 发现队列 0/600
[2026-07-27 00:09:00] SHA 缓存已保存: 193787 条, 1 分片
[2026-07-27 00:09:00] 仓库 https://github.com/Mokafela/Co-Killer 候选文件 33 个
[2026-07-27 00:09:04] 🔗 查子仓库: Mokafela/Co-Killer
[2026-07-27 00:09:04] 🔗 开始 Fork 链追踪 (Mokafela/Co-Killer)
[2026-07-27 00:09:04] 📦 批次 0028 已持久化: /home/runner/work/test-college/test-college/batches/no_batch_0028.txt (6210 个节点, 累计 178762 个) | 主队列 200/200, 发现队列 0/600
[2026-07-27 00:09:04] 👤 遍历用户仓库: Mokafela
[2026-07-27 00:09:05] SHA 缓存已保存: 193827 条, 1 分片
[2026-07-27 00:09:06]   👤 用户仓库: 15 个 → 发现队列 (队列: 0/600)
[2026-07-27 00:09:06]   用户 Mokafela 共查 15 个仓库
[2026-07-27 00:09:06] 仓库 https://github.com/cyzzc/v2rayN (分支: master, size: 49060KB, pushed: 2026-07-26T14:56:12Z)
[2026-07-27 00:09:07] 仓库 https://github.com/cyzzc/v2rayN 无候选文件 (总计 423 blob, 扩展名过滤 373, processed_shas 跳过 1, SHA 缓存跳过 49)
[2026-07-27 00:09:07] 🔗 查子仓库: cyzzc/v2rayN
[2026-07-27 00:09:07] 🔗 开始 Fork 链追踪 (cyzzc/v2rayN)
[2026-07-27 00:09:07]   父仓库: 2dust/v2rayN
[2026-07-27 00:09:07] 📦 批次 0029 已持久化: /home/runner/work/test-college/test-college/batches/no_batch_0029.txt (5383 个节点, 累计 184136 个) | 主队列 200/200, 发现队列 0/600
[2026-07-27 00:09:08] SHA 缓存已保存: 193836 条, 1 分片
[2026-07-27 00:09:08] 🔗 查子仓库: persianata/crow-v2ray
[2026-07-27 00:09:08] 仓库 https://github.com/Surfboardv2ray/TGParse 候选文件较多 (8094 个)，先通过 commits API 过滤
[2026-07-27 00:09:08] 🔗 查子仓库: Delta-Kronecker/V2ray-Config
[2026-07-27 00:09:09] 👤 遍历用户仓库: cyzzc
[2026-07-27 00:09:09] 🔗 开始 Fork 链追踪 (persianata/crow-v2ray)
[2026-07-27 00:09:09] 👤 遍历用户仓库: persianata
[2026-07-27 00:09:09]   用户 persianata 共查 0 个仓库
[2026-07-27 00:09:09] 仓库 https://github.com/Devindan/EasyV2raySub (分支: main, size: 15355KB, pushed: 2026-07-26T14:55:10Z)
[2026-07-27 00:09:09]   🍴 子仓库: 30 个 → 发现队列 (队列: 0/600)
[2026-07-27 00:09:09] 🔗 开始 Fork 链追踪 (Delta-Kronecker/V2ray-Config)
[2026-07-27 00:09:10] 仓库 https://github.com/Devindan/EasyV2raySub 候选文件 1 个
[2026-07-27 00:09:10] 👤 遍历用户仓库: Delta-Kronecker
[2026-07-27 00:09:10]   Compare API 返回 45 个变更文件 (3 次 API 调用)
[2026-07-27 00:09:10]   commits 过滤: 8094 → 39 (变更文件 45 个)
[2026-07-27 00:09:10] 仓库 https://github.com/Surfboardv2ray/TGParse 候选文件 39 个
[2026-07-27 00:09:10]   👤 用户仓库: 23 个 → 发现队列 (队列: 0/600)
[2026-07-27 00:09:10]   用户 Delta-Kronecker 共查 23 个仓库
[2026-07-27 00:09:10] 仓库 https://github.com/crackbest/V2ray-Config (分支: main, size: 101510KB, pushed: 2026-07-26T15:47:56Z)
[2026-07-27 00:09:11]   👤 用户仓库: 30 个 → 发现队列 (队列: 0/600)
[2026-07-27 00:09:11] 仓库 https://github.com/crackbest/V2ray-Config 候选文件 1 个
[2026-07-27 00:09:11]   用户 cyzzc 共查 30 个仓库
[2026-07-27 00:09:11] 仓库 https://github.com/Arui66/v2rayN (分支: master, size: 49067KB, pushed: 2026-07-26T14:40:17Z)
[2026-07-27 00:09:11] 🔗 查子仓库: Devindan/EasyV2raySub
[2026-07-27 00:09:12] 🔗 开始 Fork 链追踪 (Devindan/EasyV2raySub)
[2026-07-27 00:09:12] 仓库 https://github.com/Arui66/v2rayN 无候选文件 (总计 423 blob, 扩展名过滤 373, processed_shas 跳过 1, SHA 缓存跳过 49)
[2026-07-27 00:09:12] 🔗 查子仓库: Arui66/v2rayN
[2026-07-27 00:09:12] 👤 遍历用户仓库: Devindan
[2026-07-27 00:09:12] 🔗 开始 Fork 链追踪 (Arui66/v2rayN)
[2026-07-27 00:09:12]   👤 用户仓库: 5 个 → 发现队列 (队列: 0/600)
[2026-07-27 00:09:12]   用户 Devindan 共查 5 个仓库
[2026-07-27 00:09:12] 仓库 https://github.com/957057/v2rayN (分支: master, size: 48668KB, pushed: 2026-07-26T14:39:10Z)
[2026-07-27 00:09:14]   父仓库: 2dust/v2rayN
[2026-07-27 00:09:14] 🔗 查子仓库: crackbest/V2ray-Config
[2026-07-27 00:09:15] ⏱️ [27/147] Shadowrocket pushed:>2026-07-25T15:43:36Z fork:true -languag | 414s | +56281 | 配额 3408/4800
[2026-07-27 00:09:15]   🍴 子仓库: 5 个 → 发现队列 (队列: 0/600)
[2026-07-27 00:09:15] 🔗 开始 Fork 链追踪 (crackbest/V2ray-Config)
[2026-07-27 00:09:17] 👤 遍历用户仓库: crackbest
[2026-07-27 00:09:18] 仓库 https://github.com/957057/v2rayN 无候选文件 (总计 423 blob, 扩展名过滤 373, processed_shas 跳过 1, SHA 缓存跳过 49)
[2026-07-27 00:09:18] 🔗 查子仓库: 957057/v2rayN[2026-07-27 00:09:18]   👤 用户仓库: 1 个 → 发现队列 (队列: 0/600)

[2026-07-27 00:09:19]   用户 crackbest 共查 1 个仓库
[2026-07-27 00:09:19] 仓库 https://github.com/q7451647-ship-it/v2rayN (分支: master, size: 48668KB, pushed: 2026-07-26T14:32:30Z)
[2026-07-27 00:09:19] 🔗 开始 Fork 链追踪 (957057/v2rayN)
[2026-07-27 00:09:21]   父仓库: 2dust/v2rayN
[2026-07-27 00:09:22] 👤 遍历用户仓库: Arui66
[2026-07-27 00:09:24] 仓库 https://github.com/q7451647-ship-it/v2rayN 无候选文件 (总计 423 blob, 扩展名过滤 373, processed_shas 跳过 1, SHA 缓存跳过 49)
[2026-07-27 00:09:24] 🔗 查子仓库: q7451647-ship-it/v2rayN
[2026-07-27 00:09:25] 🔗 开始 Fork 链追踪 (q7451647-ship-it/v2rayN)
[2026-07-27 00:09:26]   父仓库: 2dust/v2rayN
[2026-07-27 00:09:29] 👤 遍历用户仓库: 957057
[2026-07-27 00:09:30]   👤 用户仓库: 30 个 → 发现队列 (队列: 0/600)
[2026-07-27 00:09:30]   用户 Arui66 共查 30 个仓库
[2026-07-27 00:09:31] 仓库 https://github.com/linG5821/v2rayN (分支: master, size: 49067KB, pushed: 2026-07-26T14:24:28Z)
[2026-07-27 00:09:34] 👤 遍历用户仓库: q7451647-ship-it
[2026-07-27 00:09:35] 仓库 https://github.com/linG5821/v2rayN 无候选文件 (总计 423 blob, 扩展名过滤 373, processed_shas 跳过 1, SHA 缓存跳过 49)
[2026-07-27 00:09:35] 🔗 查子仓库: linG5821/v2rayN
[2026-07-27 00:09:35] 🔗 开始 Fork 链追踪 (linG5821/v2rayN)
[2026-07-27 00:09:36]   👤 用户仓库: 12 个 → 发现队列 (队列: 0/600)
[2026-07-27 00:09:36]   父仓库: 2dust/v2rayN[2026-07-27 00:09:36]   用户 q7451647-ship-it 共查 12 个仓库

[2026-07-27 00:09:36] 仓库 https://github.com/teamy/v2rayN (分支: master, size: 49067KB, pushed: 2026-07-26T14:24:15Z)
[2026-07-27 00:09:38] 仓库 https://github.com/teamy/v2rayN 无候选文件 (总计 423 blob, 扩展名过滤 373, processed_shas 跳过 1, SHA 缓存跳过 49)
[2026-07-27 00:09:38] 🔗 查子仓库: teamy/v2rayN
[2026-07-27 00:09:38] 🔗 开始 Fork 链追踪 (teamy/v2rayN)[2026-07-27 00:09:38]   👤 用户仓库: 30 个 → 发现队列 (队列: 0/600)

[2026-07-27 00:09:38]   用户 957057 共查 30 个仓库
[2026-07-27 00:09:38] 仓库 https://github.com/WANGjs6736/v2rayN (分支: master, size: 49067KB, pushed: 2026-07-26T14:23:16Z)
[2026-07-27 00:09:39] 🔗 查子仓库: Surfboardv2ray/TGParse
[2026-07-27 00:09:39]   父仓库: 2dust/v2rayN
[2026-07-27 00:09:39] 仓库 https://github.com/WANGjs6736/v2rayN 无候选文件 (总计 423 blob, 扩展名过滤 373, processed_shas 跳过 1, SHA 缓存跳过 49)
[2026-07-27 00:09:39] 🔗 查子仓库: WANGjs6736/v2rayN
[2026-07-27 00:09:39] 🔗 开始 Fork 链追踪 (WANGjs6736/v2rayN)
[2026-07-27 00:09:39]   父仓库: 2dust/v2rayN
[2026-07-27 00:09:39]   🍴 子仓库: 29 个 → 发现队列 (队列: 0/600)
[2026-07-27 00:09:39] 🔗 开始 Fork 链追踪 (Surfboardv2ray/TGParse)
[2026-07-27 00:09:40] 👤 遍历用户仓库: Surfboardv2ray
[2026-07-27 00:09:40] 👤 遍历用户仓库: linG5821
[2026-07-27 00:09:41]   👤 用户仓库: 30 个 → 发现队列 (队列: 0/600)
[2026-07-27 00:09:41]   用户 Surfboardv2ray 共查 30 个仓库
[2026-07-27 00:09:41] 仓库 https://github.com/qaz-t/v2rayN (分支: master, size: 49067KB, pushed: 2026-07-26T14:23:07Z)
[2026-07-27 00:09:41] 仓库 https://github.com/qaz-t/v2rayN 无候选文件 (总计 423 blob, 扩展名过滤 373, processed_shas 跳过 1, SHA 缓存跳过 49)
[2026-07-27 00:09:41] 🔗 查子仓库: qaz-t/v2rayN
[2026-07-27 00:09:41] 🔗 开始 Fork 链追踪 (qaz-t/v2rayN)
[2026-07-27 00:09:41]   👤 用户仓库: 30 个 → 发现队列 (队列: 0/600)
[2026-07-27 00:09:41]   用户 linG5821 共查 30 个仓库
[2026-07-27 00:09:41] 仓库 https://github.com/limeihui110/v2ray-speed-sub (分支: main, size: 302KB, pushed: 2026-07-26T14:21:17Z)
[2026-07-27 00:09:41]   父仓库: 2dust/v2rayN
[2026-07-27 00:09:42] 👤 遍历用户仓库: teamy
[2026-07-27 00:09:42] 👤 遍历用户仓库: WANGjs6736
[2026-07-27 00:09:42] 仓库 https://github.com/limeihui110/v2ray-speed-sub 候选文件 2 个
[2026-07-27 00:09:42] 🔗 查子仓库: limeihui110/v2ray-speed-sub
[2026-07-27 00:09:42]   👤 用户仓库: 29 个 → 发现队列 (队列: 0/600)
[2026-07-27 00:09:42]   用户 WANGjs6736 共查 29 个仓库
[2026-07-27 00:09:42] 仓库 https://github.com/GH6324/v2rayN (分支: master, size: 49067KB, pushed: 2026-07-26T14:17:14Z)
[2026-07-27 00:09:42] 🔗 开始 Fork 链追踪 (limeihui110/v2ray-speed-sub)
[2026-07-27 00:09:43] 👤 遍历用户仓库: limeihui110
[2026-07-27 00:09:43]   👤 用户仓库: 30 个 → 发现队列 (队列: 0/600)
[2026-07-27 00:09:43]   用户 teamy 共查 30 个仓库
[2026-07-27 00:09:43] 仓库 https://github.com/aleksandr-miheichev/v2rayN (分支: master, size: 48668KB, pushed: 2026-07-26T14:39:57Z)
[2026-07-27 00:09:43] 仓库 https://github.com/GH6324/v2rayN 无候选文件 (总计 423 blob, 扩展名过滤 373, processed_shas 跳过 1, SHA 缓存跳过 49)
[2026-07-27 00:09:43] 🔗 查子仓库: GH6324/v2rayN
[2026-07-27 00:09:43] 🔗 开始 Fork 链追踪 (GH6324/v2rayN)
[2026-07-27 00:09:43] 仓库 https://github.com/aleksandr-miheichev/v2rayN 无候选文件 (总计 423 blob, 扩展名过滤 373, processed_shas 跳过 1, SHA 缓存跳过 49)
[2026-07-27 00:09:43] 🔗 查子仓库: aleksandr-miheichev/v2rayN
[2026-07-27 00:09:43]   父仓库: 2dust/v2rayN
[2026-07-27 00:09:43] 🔗 开始 Fork 链追踪 (aleksandr-miheichev/v2rayN)
[2026-07-27 00:09:43]   👤 用户仓库: 16 个 → 发现队列 (队列: 0/600)
[2026-07-27 00:09:43]   用户 limeihui110 共查 16 个仓库
[2026-07-27 00:09:43] 仓库 https://github.com/dumpmemory/v2rayN (分支: master, size: 49067KB, pushed: 2026-07-26T14:12:26Z)
[2026-07-27 00:09:44] 👤 遍历用户仓库: qaz-t
[2026-07-27 00:09:44]   父仓库: 2dust/v2rayN
[2026-07-27 00:09:44] 仓库 https://github.com/dumpmemory/v2rayN 无候选文件 (总计 423 blob, 扩展名过滤 373, processed_shas 跳过 1, SHA 缓存跳过 49)
[2026-07-27 00:09:44] 🔗 查子仓库: dumpmemory/v2rayN
[2026-07-27 00:09:44] 🔗 开始 Fork 链追踪 (dumpmemory/v2rayN)
[2026-07-27 00:09:44]   👤 用户仓库: 30 个 → 发现队列 (队列: 0/600)
[2026-07-27 00:09:44]   用户 qaz-t 共查 30 个仓库
[2026-07-27 00:09:44] 仓库 https://github.com/windzyyy/v2rayN (分支: master, size: 48668KB, pushed: 2026-07-26T14:10:07Z)
[2026-07-27 00:09:44]   父仓库: 2dust/v2rayN
[2026-07-27 00:09:45] 仓库 https://github.com/windzyyy/v2rayN 无候选文件 (总计 423 blob, 扩展名过滤 373, processed_shas 跳过 1, SHA 缓存跳过 49)
[2026-07-27 00:09:45] 🔗 查子仓库: windzyyy/v2rayN
[2026-07-27 00:09:45] ⏱️ [28/147] Quantumult X pushed:>2026-07-25T15:43:36Z fork:true -languag | 30s | +11 | 配额 3335/4800
[2026-07-27 00:09:45] 🔗 开始 Fork 链追踪 (windzyyy/v2rayN)
[2026-07-27 00:09:45]   父仓库: 2dust/v2rayN
[2026-07-27 00:09:45]   ... 主队列 197, 发现队列 0
[2026-07-27 00:09:46] 👤 遍历用户仓库: aleksandr-miheichev
[2026-07-27 00:09:46]   👤 用户仓库: 15 个 → 发现队列 (队列: 0/600)
[2026-07-27 00:09:46]   用户 aleksandr-miheichev 共查 15 个仓库
[2026-07-27 00:09:46] 仓库 https://github.com/woyin/v2rayN (分支: master, size: 48668KB, pushed: 2026-07-26T14:09:10Z)
[2026-07-27 00:09:46] 👤 遍历用户仓库: dumpmemory
[2026-07-27 00:09:46] 👤 遍历用户仓库: GH6324
[2026-07-27 00:09:47] 仓库 https://github.com/woyin/v2rayN 无候选文件 (总计 423 blob, 扩展名过滤 373, processed_shas 跳过 1, SHA 缓存跳过 49)
[2026-07-27 00:09:47] 🔗 查子仓库: woyin/v2rayN
[2026-07-27 00:09:47] 🔗 开始 Fork 链追踪 (woyin/v2rayN)
[2026-07-27 00:09:47]   父仓库: 2dust/v2rayN
[2026-07-27 00:09:47] 👤 遍历用户仓库: windzyyy
[2026-07-27 00:09:48]   👤 用户仓库: 14 个 → 发现队列 (队列: 0/600)
[2026-07-27 00:09:48]   用户 windzyyy 共查 14 个仓库
[2026-07-27 00:09:48] 仓库 https://github.com/ppker/v2rayN (分支: master, size: 49067KB, pushed: 2026-07-26T13:58:14Z)
[2026-07-27 00:09:48] 仓库 https://github.com/ppker/v2rayN 无候选文件 (总计 423 blob, 扩展名过滤 373, processed_shas 跳过 1, SHA 缓存跳过 49)
[2026-07-27 00:09:48] 🔗 查子仓库: ppker/v2rayN
[2026-07-27 00:09:48] 🔗 开始 Fork 链追踪 (ppker/v2rayN)
[2026-07-27 00:09:48]   父仓库: 2dust/v2rayN
[2026-07-27 00:09:49] 👤 遍历用户仓库: woyin
[2026-07-27 00:09:51] 👤 遍历用户仓库: ppker
[2026-07-27 00:09:51]   👤 用户仓库: 30 个 → 发现队列 (队列: 0/600)
[2026-07-27 00:09:51]   用户 woyin 共查 30 个仓库
[2026-07-27 00:09:51] 仓库 https://github.com/chenlong622/v2rayN (分支: master, size: 48668KB, pushed: 2026-07-26T13:53:04Z)
[2026-07-27 00:09:52] 仓库 https://github.com/chenlong622/v2rayN 无候选文件 (总计 423 blob, 扩展名过滤 373, processed_shas 跳过 1, SHA 缓存跳过 49)
[2026-07-27 00:09:52] 🔗 查子仓库: chenlong622/v2rayN
[2026-07-27 00:09:52] 🔗 开始 Fork 链追踪 (chenlong622/v2rayN)
[2026-07-27 00:09:52]   父仓库: 2dust/v2rayN
[2026-07-27 00:09:53]   👤 用户仓库: 30 个 → 发现队列 (队列: 0/600)
[2026-07-27 00:09:53]   用户 dumpmemory 共查 30 个仓库
[2026-07-27 00:09:53] 仓库 https://github.com/ethanjiang7/v2rayN (分支: master, size: 48668KB, pushed: 2026-07-26T13:46:05Z)
[2026-07-27 00:09:53] 仓库 https://github.com/ethanjiang7/v2rayN 无候选文件 (总计 423 blob, 扩展名过滤 373, processed_shas 跳过 1, SHA 缓存跳过 49)
[2026-07-27 00:09:53] 🔗 查子仓库: ethanjiang7/v2rayN
[2026-07-27 00:09:53] 🔗 开始 Fork 链追踪 (ethanjiang7/v2rayN)
[2026-07-27 00:09:54] 👤 遍历用户仓库: chenlong622
[2026-07-27 00:09:54]   父仓库: 2dust/v2rayN
[2026-07-27 00:09:54]   👤 用户仓库: 30 个 → 发现队列 (队列: 0/600)
[2026-07-27 00:09:54]   用户 GH6324 共查 30 个仓库
[2026-07-27 00:09:54] 仓库 https://github.com/sincalaway/v2rayN (分支: master, size: 48668KB, pushed: 2026-07-26T13:44:49Z)
[2026-07-27 00:09:54] 仓库 https://github.com/sincalaway/v2rayN 无候选文件 (总计 423 blob, 扩展名过滤 373, processed_shas 跳过 1, SHA 缓存跳过 49)
[2026-07-27 00:09:54] 🔗 查子仓库: sincalaway/v2rayN
[2026-07-27 00:09:55] 🔗 开始 Fork 链追踪 (sincalaway/v2rayN)
[2026-07-27 00:09:55]   父仓库: 2dust/v2rayN
[2026-07-27 00:09:55]   👤 用户仓库: 30 个 → 发现队列 (队列: 0/600)
[2026-07-27 00:09:55]   用户 chenlong622 共查 30 个仓库
[2026-07-27 00:09:55] 仓库 https://github.com/linyanghao/v2rayN (分支: master, size: 49067KB, pushed: 2026-07-26T13:43:15Z)
[2026-07-27 00:09:55] 仓库 https://github.com/linyanghao/v2rayN 无候选文件 (总计 423 blob, 扩展名过滤 373, processed_shas 跳过 1, SHA 缓存跳过 49)
[2026-07-27 00:09:55] 🔗 查子仓库: linyanghao/v2rayN
[2026-07-27 00:09:55] 🔗 开始 Fork 链追踪 (linyanghao/v2rayN)
[2026-07-27 00:09:56] 👤 遍历用户仓库: ethanjiang7
[2026-07-27 00:09:56]   父仓库: 2dust/v2rayN
[2026-07-27 00:09:57]   👤 用户仓库: 30 个 → 发现队列 (队列: 0/600)
[2026-07-27 00:09:57]   用户 ethanjiang7 共查 30 个仓库
[2026-07-27 00:09:57] 仓库 https://github.com/youzhijichang/airport-clients-download (分支: main, size: 67KB, pushed: 2026-07-26T13:38:49Z)
[2026-07-27 00:09:57] 👤 遍历用户仓库: sincalaway
[2026-07-27 00:09:57] 仓库 https://github.com/youzhijichang/airport-clients-download 候选文件 1 个
[2026-07-27 00:09:58] 仓库 https://github.com/youzhijichang/airport-clients-download 未提取到节点，加入黑名单
[2026-07-27 00:09:58] 仓库 https://github.com/dxyzx0/v2rayN (分支: master, size: 49080KB, pushed: 2026-07-26T13:36:18Z)
[2026-07-27 00:09:58] 👤 遍历用户仓库: linyanghao
[2026-07-27 00:09:58]   👤 用户仓库: 30 个 → 发现队列 (队列: 0/600)
[2026-07-27 00:09:58]   用户 ppker 共查 30 个仓库
[2026-07-27 00:09:58] 仓库 https://github.com/rsoorajs/v2rayN (分支: master, size: 49080KB, pushed: 2026-07-26T13:35:23Z)
[2026-07-27 00:09:58] 仓库 https://github.com/dxyzx0/v2rayN 无候选文件 (总计 423 blob, 扩展名过滤 373, processed_shas 跳过 1, SHA 缓存跳过 49)
[2026-07-27 00:09:58] 🔗 查子仓库: dxyzx0/v2rayN
[2026-07-27 00:09:58] 🔗 开始 Fork 链追踪 (dxyzx0/v2rayN)
[2026-07-27 00:09:58] 仓库 https://github.com/rsoorajs/v2rayN 无候选文件 (总计 423 blob, 扩展名过滤 373, processed_shas 跳过 1, SHA 缓存跳过 49)
[2026-07-27 00:09:58] 🔗 查子仓库: rsoorajs/v2rayN
[2026-07-27 00:09:58]   👤 用户仓库: 30 个 → 发现队列 (队列: 0/600)
[2026-07-27 00:09:58]   用户 sincalaway 共查 30 个仓库
[2026-07-27 00:09:58] 仓库 https://github.com/tianhm/v2rayN (分支: master, size: 48680KB, pushed: 2026-07-26T13:31:11Z)
[2026-07-27 00:09:59] 🔗 开始 Fork 链追踪 (rsoorajs/v2rayN)
[2026-07-27 00:09:59]   父仓库: 2dust/v2rayN
[2026-07-27 00:09:59]   父仓库: 2dust/v2rayN
[2026-07-27 00:09:59]   👤 用户仓库: 30 个 → 发现队列 (队列: 0/600)
[2026-07-27 00:09:59]   用户 linyanghao 共查 30 个仓库
[2026-07-27 00:09:59] 仓库 https://github.com/qdshow3011/v2rayN (分支: master, size: 49109KB, pushed: 2026-07-26T13:28:23Z)
[2026-07-27 00:09:59] 仓库 https://github.com/tianhm/v2rayN 无候选文件 (总计 423 blob, 扩展名过滤 373, processed_shas 跳过 1, SHA 缓存跳过 49)
[2026-07-27 00:09:59] 🔗 查子仓库: tianhm/v2rayN
[2026-07-27 00:09:59] 🔗 开始 Fork 链追踪 (tianhm/v2rayN)
[2026-07-27 00:09:59] 仓库 https://github.com/qdshow3011/v2rayN 无候选文件 (总计 423 blob, 扩展名过滤 373, processed_shas 跳过 1, SHA 缓存跳过 49)
[2026-07-27 00:09:59] 🔗 查子仓库: qdshow3011/v2rayN
[2026-07-27 00:09:59]   父仓库: 2dust/v2rayN
[2026-07-27 00:09:59] 🔗 开始 Fork 链追踪 (qdshow3011/v2rayN)
[2026-07-27 00:10:00]   父仓库: 2dust/v2rayN
[2026-07-27 00:10:00] 👤 遍历用户仓库: dxyzx0
[2026-07-27 00:10:00] 👤 遍历用户仓库: rsoorajs
[2026-07-27 00:10:01]   👤 用户仓库: 30 个 → 发现队列 (队列: 0/600)
[2026-07-27 00:10:01]   用户 dxyzx0 共查 30 个仓库
[2026-07-27 00:10:01] 仓库 https://github.com/catcat0921/v2rayN (分支: master, size: 49080KB, pushed: 2026-07-26T13:28:17Z)
[2026-07-27 00:10:01] 仓库 https://github.com/catcat0921/v2rayN 无候选文件 (总计 423 blob, 扩展名过滤 373, processed_shas 跳过 1, SHA 缓存跳过 49)
[2026-07-27 00:10:01] 🔗 查子仓库: catcat0921/v2rayN
[2026-07-27 00:10:01] 🔗 开始 Fork 链追踪 (catcat0921/v2rayN)
[2026-07-27 00:10:01]   父仓库: 2dust/v2rayN
[2026-07-27 00:10:01] 👤 遍历用户仓库: tianhm
[2026-07-27 00:10:02] 👤 遍历用户仓库: qdshow3011
[2026-07-27 00:10:05] 👤 遍历用户仓库: catcat0921
[2026-07-27 00:10:06]   👤 用户仓库: 30 个 → 发现队列 (队列: 0/600)
[2026-07-27 00:10:06]   用户 qdshow3011 共查 30 个仓库
[2026-07-27 00:10:06] 仓库 https://github.com/ofepo/v2rayN (分支: master, size: 49078KB, pushed: 2026-07-26T13:27:17Z)
[2026-07-27 00:10:06] 仓库 https://github.com/ofepo/v2rayN 无候选文件 (总计 423 blob, 扩展名过滤 373, processed_shas 跳过 1, SHA 缓存跳过 49)
[2026-07-27 00:10:06] 🔗 查子仓库: ofepo/v2rayN
[2026-07-27 00:10:06] 🔗 开始 Fork 链追踪 (ofepo/v2rayN)
[2026-07-27 00:10:07]   父仓库: 2dust/v2rayN
[2026-07-27 00:10:08]   👤 用户仓库: 30 个 → 发现队列 (队列: 0/600)
[2026-07-27 00:10:08]   用户 catcat0921 共查 30 个仓库
[2026-07-27 00:10:08] 仓库 https://github.com/uvswifft/v2rayN (分支: master, size: 49078KB, pushed: 2026-07-26T13:24:20Z)
[2026-07-27 00:10:08] 仓库 https://github.com/uvswifft/v2rayN 无候选文件 (总计 423 blob, 扩展名过滤 373, processed_shas 跳过 1, SHA 缓存跳过 49)
[2026-07-27 00:10:08] 🔗 查子仓库: uvswifft/v2rayN
[2026-07-27 00:10:09] 🔗 开始 Fork 链追踪 (uvswifft/v2rayN)
[2026-07-27 00:10:09]   父仓库: 2dust/v2rayN
[2026-07-27 00:10:09] 👤 遍历用户仓库: ofepo
[2026-07-27 00:10:10]   👤 用户仓库: 30 个 → 发现队列 (队列: 0/600)
[2026-07-27 00:10:10]   用户 ofepo 共查 30 个仓库
[2026-07-27 00:10:10] 仓库 https://github.com/xwcyg6/v2raynode (分支: main, size: 862KB, pushed: 2026-07-26T13:23:50Z)
[2026-07-27 00:10:11] 👤 遍历用户仓库: uvswifft
[2026-07-27 00:10:11] 仓库 https://github.com/xwcyg6/v2raynode 无候选文件 (总计 115 blob, 扩展名过滤 95, processed_shas 跳过 0, SHA 缓存跳过 20)
[2026-07-27 00:10:11] 🔗 查子仓库: xwcyg6/v2raynode
[2026-07-27 00:10:11] 🔗 开始 Fork 链追踪 (xwcyg6/v2raynode)
[2026-07-27 00:10:11]   父仓库: nodesfree/v2raynode
[2026-07-27 00:10:11]   👤 用户仓库: 30 个 → 发现队列 (队列: 0/600)
[2026-07-27 00:10:11]   用户 tianhm 共查 30 个仓库
[2026-07-27 00:10:11] 仓库 https://github.com/lidebyte/v2rayN (分支: master, size: 48675KB, pushed: 2026-07-26T13:17:41Z)
[2026-07-27 00:10:12] 仓库 https://github.com/lidebyte/v2rayN 无候选文件 (总计 422 blob, 扩展名过滤 372, processed_shas 跳过 1, SHA 缓存跳过 49)
[2026-07-27 00:10:12] 🔗 查子仓库: lidebyte/v2rayN
[2026-07-27 00:10:12]   🍴 兄弟仓库: 9 个 → 发现队列 (队列: 0/600)
[2026-07-27 00:10:12] 👤 遍历用户仓库: xwcyg6
[2026-07-27 00:10:12] 🔗 开始 Fork 链追踪 (lidebyte/v2rayN)
[2026-07-27 00:10:12]   父仓库: 2dust/v2rayN
[2026-07-27 00:10:12]   👤 用户仓库: 30 个 → 发现队列 (队列: 0/600)
[2026-07-27 00:10:12]   用户 rsoorajs 共查 30 个仓库
[2026-07-27 00:10:12] 仓库 https://github.com/selenologist99/v2rayN (分支: master, size: 48665KB, pushed: 2026-07-26T12:58:07Z)
[2026-07-27 00:10:13] 仓库 https://github.com/selenologist99/v2rayN 无候选文件 (总计 422 blob, 扩展名过滤 372, processed_shas 跳过 1, SHA 缓存跳过 49)
[2026-07-27 00:10:13] 🔗 查子仓库: selenologist99/v2rayN
[2026-07-27 00:10:13] 🔗 开始 Fork 链追踪 (selenologist99/v2rayN)
[2026-07-27 00:10:13]   👤 用户仓库: 30 个 → 发现队列 (队列: 0/600)
[2026-07-27 00:10:13]   用户 uvswifft 共查 30 个仓库
[2026-07-27 00:10:13] 仓库 https://github.com/sec-js/v2rayN (分支: master, size: 49063KB, pushed: 2026-07-26T12:45:04Z)
[2026-07-27 00:10:13]   父仓库: 2dust/v2rayN
[2026-07-27 00:10:13] 👤 遍历用户仓库: lidebyte
[2026-07-27 00:10:13] 仓库 https://github.com/sec-js/v2rayN 无候选文件 (总计 422 blob, 扩展名过滤 372, processed_shas 跳过 1, SHA 缓存跳过 49)
[2026-07-27 00:10:13] 🔗 查子仓库: sec-js/v2rayN
[2026-07-27 00:10:14]   👤 用户仓库: 30 个 → 发现队列 (队列: 0/600)
[2026-07-27 00:10:14]   用户 xwcyg6 共查 30 个仓库
[2026-07-27 00:10:14] 仓库 https://github.com/birhantprkc/v2rayNG (分支: master, size: 36188KB, pushed: 2026-07-26T12:41:16Z)
[2026-07-27 00:10:14] 🔗 开始 Fork 链追踪 (sec-js/v2rayN)
[2026-07-27 00:10:14]   父仓库: 2dust/v2rayN
[2026-07-27 00:10:14] 仓库 https://github.com/birhantprkc/v2rayNG 无候选文件 (总计 353 blob, 扩展名过滤 330, processed_shas 跳过 0, SHA 缓存跳过 23)
[2026-07-27 00:10:14] 🔗 查子仓库: birhantprkc/v2rayNG
[2026-07-27 00:10:14] 🔗 开始 Fork 链追踪 (birhantprkc/v2rayNG)
[2026-07-27 00:10:14] 👤 遍历用户仓库: selenologist99
[2026-07-27 00:10:14]   父仓库: 2dust/v2rayNG
[2026-07-27 00:10:15]   👤 用户仓库: 30 个 → 发现队列 (队列: 0/600)
[2026-07-27 00:10:15]   用户 selenologist99 共查 30 个仓库
[2026-07-27 00:10:15] 仓库 https://github.com/lwhx/v2rayN (分支: master, size: 48663KB, pushed: 2026-07-26T12:30:10Z)
[2026-07-27 00:10:15] 👤 遍历用户仓库: sec-js
[2026-07-27 00:10:15] 仓库 https://github.com/lwhx/v2rayN 无候选文件 (总计 422 blob, 扩展名过滤 372, processed_shas 跳过 1, SHA 缓存跳过 49)
[2026-07-27 00:10:15] 🔗 查子仓库: lwhx/v2rayN
[2026-07-27 00:10:15] 🔗 开始 Fork 链追踪 (lwhx/v2rayN)
[2026-07-27 00:10:16]   父仓库: 2dust/v2rayN
[2026-07-27 00:10:16]   👤 用户仓库: 30 个 → 发现队列 (队列: 0/600)
[2026-07-27 00:10:16]   用户 lidebyte 共查 30 个仓库
[2026-07-27 00:10:16] 仓库 https://github.com/Little-Star888/v2rayN (分支: master, size: 49117KB, pushed: 2026-07-26T11:45:07Z)
[2026-07-27 00:10:16] 👤 遍历用户仓库: birhantprkc
[2026-07-27 00:10:17] 仓库 https://github.com/Little-Star888/v2rayN 无候选文件 (总计 422 blob, 扩展名过滤 372, processed_shas 跳过 1, SHA 缓存跳过 49)
[2026-07-27 00:10:17] 🔗 查子仓库: Little-Star888/v2rayN
[2026-07-27 00:10:17] 👤 遍历用户仓库: lwhx
[2026-07-27 00:10:17] 🔗 开始 Fork 链追踪 (Little-Star888/v2rayN)
[2026-07-27 00:10:17]   父仓库: 2dust/v2rayN
[2026-07-27 00:10:18] 👤 遍历用户仓库: Little-Star888
[2026-07-27 00:10:20]   👤 用户仓库: 30 个 → 发现队列 (队列: 0/600)
[2026-07-27 00:10:20]   用户 birhantprkc 共查 30 个仓库
[2026-07-27 00:10:20] 仓库 https://github.com/timeflysoon/v2rayN (分支: master, size: 48663KB, pushed: 2026-07-26T11:31:47Z)
[2026-07-27 00:10:20] 仓库 https://github.com/timeflysoon/v2rayN 无候选文件 (总计 422 blob, 扩展名过滤 372, processed_shas 跳过 1, SHA 缓存跳过 49)
[2026-07-27 00:10:20] 🔗 查子仓库: timeflysoon/v2rayN
[2026-07-27 00:10:20] 🔗 开始 Fork 链追踪 (timeflysoon/v2rayN)
[2026-07-27 00:10:20]   父仓库: 2dust/v2rayN
[2026-07-27 00:10:21]   👤 用户仓库: 30 个 → 发现队列 (队列: 0/600)
[2026-07-27 00:10:21]   用户 Little-Star888 共查 30 个仓库
[2026-07-27 00:10:21] 仓库 https://github.com/88alt/v2rayN (分支: master, size: 48663KB, pushed: 2026-07-26T11:31:47Z)
[2026-07-27 00:10:21]   👤 用户仓库: 30 个 → 发现队列 (队列: 0/600)
[2026-07-27 00:10:21]   用户 lwhx 共查 30 个仓库
[2026-07-27 00:10:21] 仓库 https://github.com/satan791/v2rayN (分支: master, size: 48663KB, pushed: 2026-07-26T11:10:48Z)
[2026-07-27 00:10:21] 👤 遍历用户仓库: timeflysoon
[2026-07-27 00:10:22] 仓库 https://github.com/88alt/v2rayN 无候选文件 (总计 422 blob, 扩展名过滤 372, processed_shas 跳过 1, SHA 缓存跳过 49)
[2026-07-27 00:10:22] 🔗 查子仓库: 88alt/v2rayN
[2026-07-27 00:10:22] 仓库 https://github.com/satan791/v2rayN 无候选文件 (总计 422 blob, 扩展名过滤 372, processed_shas 跳过 1, SHA 缓存跳过 49)
[2026-07-27 00:10:22] 🔗 查子仓库: satan791/v2rayN
[2026-07-27 00:10:22] 🔗 开始 Fork 链追踪 (88alt/v2rayN)
[2026-07-27 00:10:22] 🔗 开始 Fork 链追踪 (satan791/v2rayN)
[2026-07-27 00:10:22]   父仓库: 2dust/v2rayN
[2026-07-27 00:10:22]   父仓库: 2dust/v2rayN
[2026-07-27 00:10:22]   👤 用户仓库: 30 个 → 发现队列 (队列: 0/600)
[2026-07-27 00:10:22]   用户 sec-js 共查 30 个仓库
[2026-07-27 00:10:22] 仓库 https://github.com/huanjk1/V2rayN_Clash_Node_Getter (分支: main, size: 21317KB, pushed: 2026-07-26T10:42:28Z)
[2026-07-27 00:10:23] 仓库 https://github.com/huanjk1/V2rayN_Clash_Node_Getter 候选文件 4 个
[2026-07-27 00:10:23] 👤 遍历用户仓库: 88alt
[2026-07-27 00:10:23] 👤 遍历用户仓库: satan791
[2026-07-27 00:10:24]   👤 用户仓库: 30 个 → 发现队列 (队列: 0/600)
[2026-07-27 00:10:24]   用户 timeflysoon 共查 30 个仓库
[2026-07-27 00:10:24] 仓库 https://github.com/ZSZ7/v2rayN (分支: master, size: 48663KB, pushed: 2026-07-26T10:14:38Z)
[2026-07-27 00:10:24] 仓库 https://github.com/ZSZ7/v2rayN 无候选文件 (总计 422 blob, 扩展名过滤 372, processed_shas 跳过 1, SHA 缓存跳过 49)
[2026-07-27 00:10:24] 🔗 查子仓库: ZSZ7/v2rayN
[2026-07-27 00:10:24] 🔗 开始 Fork 链追踪 (ZSZ7/v2rayN)
[2026-07-27 00:10:25]   父仓库: 2dust/v2rayN
[2026-07-27 00:10:25]   👤 用户仓库: 30 个 → 发现队列 (队列: 0/600)
[2026-07-27 00:10:25]   用户 88alt 共查 30 个仓库
[2026-07-27 00:10:25] 仓库 https://github.com/cor233/v2rayNG (分支: master, size: 36206KB, pushed: 2026-07-26T09:50:20Z)
[2026-07-27 00:10:25]   👤 用户仓库: 30 个 → 发现队列 (队列: 0/600)
[2026-07-27 00:10:25]   用户 satan791 共查 30 个仓库
[2026-07-27 00:10:25] 仓库 https://github.com/2024JinFeng/v2rayN (分支: main, size: 4KB, pushed: 2026-07-26T09:42:34Z)
[2026-07-27 00:10:25] 仓库 https://github.com/2024JinFeng/v2rayN 候选文件 2 个
[2026-07-27 00:10:25] 仓库 https://github.com/cor233/v2rayNG 候选文件 1 个
[2026-07-27 00:10:26] 👤 遍历用户仓库: ZSZ7
[2026-07-27 00:10:26] 仓库 https://github.com/2024JinFeng/v2rayN 未提取到节点，加入黑名单
[2026-07-27 00:10:26] 仓库 https://github.com/cor233/v2rayN (分支: master, size: 48674KB, pushed: 2026-07-26T09:48:48Z)
[2026-07-27 00:10:26] 🔗 查子仓库: huanjk1/V2rayN_Clash_Node_Getter
[2026-07-27 00:10:26] 仓库 https://github.com/cor233/v2rayNG 未提取到节点，加入黑名单
[2026-07-27 00:10:26] 仓库 https://github.com/smehrabs/v2rayng-android-st (分支: main, size: 753KB, pushed: 2026-07-26T09:21:39Z)
[2026-07-27 00:10:27] 仓库 https://github.com/cor233/v2rayN 候选文件 1 个
[2026-07-27 00:10:27] 🔗 开始 Fork 链追踪 (huanjk1/V2rayN_Clash_Node_Getter)
[2026-07-27 00:10:27] 仓库 https://github.com/smehrabs/v2rayng-android-st 候选文件 4 个
[2026-07-27 00:10:27]   父仓库: Q3dlaXpoaQ/V2rayN_Clash_Node_Getter
[2026-07-27 00:10:27] 仓库在黑名单中: https://github.com/Q3dlaXpoaQ/V2rayN_Clash_Node_Getter
[2026-07-27 00:10:27]   父仓库 +0 个节点
[2026-07-27 00:10:27] 仓库 https://github.com/cor233/v2rayN 未提取到节点，加入黑名单
[2026-07-27 00:10:27] 仓库 https://github.com/PENZA84/Sub-Config-Extractor (分支: main, size: 777478KB, pushed: 2026-07-26T08:35:20Z)
[2026-07-27 00:10:28] 仓库 https://github.com/PENZA84/Sub-Config-Extractor 候选文件较多 (638 个)，先通过 commits API 过滤
[2026-07-27 00:10:28]   🍴 兄弟仓库: 30 个 → 发现队列 (队列: 0/600)
[2026-07-27 00:10:28] 👤 遍历用户仓库: huanjk1
[2026-07-27 00:10:29]   👤 用户仓库: 21 个 → 发现队列 (队列: 0/600)
[2026-07-27 00:10:29]   用户 huanjk1 共查 21 个仓库
[2026-07-27 00:10:29] 仓库 https://github.com/Wangjiangnan2024/EdgeTunnel-v2rayN-Guide (分支: main, size: 9KB, pushed: 2026-07-26T08:28:58Z)
[2026-07-27 00:10:29] README (smehrabs/v2rayng-android-st) 404，跳过
[2026-07-27 00:10:29] 仓库 https://github.com/smehrabs/v2rayng-android-st 未提取到节点，加入黑名单
[2026-07-27 00:10:29] 仓库 https://github.com/ttincc1122/v2rayN (分支: master, size: 48663KB, pushed: 2026-07-26T08:17:39Z)
[2026-07-27 00:10:29]   Compare API 返回 300 个变更文件 (3 次 API 调用)
[2026-07-27 00:10:29]   commits 过滤: 638 → 23 (变更文件 300 个)
[2026-07-27 00:10:29] 仓库 https://github.com/PENZA84/Sub-Config-Extractor 候选文件 23 个
[2026-07-27 00:10:29] 仓库 https://github.com/Wangjiangnan2024/EdgeTunnel-v2rayN-Guide 候选文件 2 个
[2026-07-27 00:10:30] 仓库 https://github.com/ttincc1122/v2rayN 无候选文件 (总计 422 blob, 扩展名过滤 372, processed_shas 跳过 1, SHA 缓存跳过 49)
[2026-07-27 00:10:30] 🔗 查子仓库: ttincc1122/v2rayN
[2026-07-27 00:10:30] 🔗 开始 Fork 链追踪 (ttincc1122/v2rayN)
[2026-07-27 00:10:31]   父仓库: 2dust/v2rayN[2026-07-27 00:10:31] 仓库 https://github.com/Wangjiangnan2024/EdgeTunnel-v2rayN-Guide 未提取到节点，加入黑名单

[2026-07-27 00:10:32] 仓库 https://github.com/SiChenRan/panda-vpn-pro (分支: main, size: 2612KB, pushed: 2026-07-26T08:15:30Z)
[2026-07-27 00:10:32] 🔗 查子仓库: PENZA84/Sub-Config-Extractor
[2026-07-27 00:10:32] 仓库 https://github.com/SiChenRan/panda-vpn-pro 候选文件 1 个
[2026-07-27 00:10:32] 🔗 开始 Fork 链追踪 (PENZA84/Sub-Config-Extractor)
[2026-07-27 00:10:33]   父仓库: asgharkapk/Sub-Config-Extractor
[2026-07-27 00:10:33] 仓库 https://github.com/SiChenRan/panda-vpn-pro README 含广告词，加入黑名单
[2026-07-27 00:10:33] 仓库 https://github.com/A-Archives-and-Forks/v2rayN (分支: master, size: 49063KB, pushed: 2026-07-26T08:12:09Z)
[2026-07-27 00:10:33] 👤 遍历用户仓库: ttincc1122
[2026-07-27 00:10:33]   👤 用户仓库: 30 个 → 发现队列 (队列: 0/600)
[2026-07-27 00:10:33]   用户 ZSZ7 共查 30 个仓库
[2026-07-27 00:10:33] 仓库 https://github.com/kafeixiang/v2rayN (分支: master, size: 48692KB, pushed: 2026-07-26T14:40:29Z)
[2026-07-27 00:10:33] 👤 遍历用户仓库: PENZA84
[2026-07-27 00:10:33] 仓库 https://github.com/A-Archives-and-Forks/v2rayN 无候选文件 (总计 422 blob, 扩展名过滤 372, processed_shas 跳过 1, SHA 缓存跳过 49)
[2026-07-27 00:10:33] 🔗 查子仓库: A-Archives-and-Forks/v2rayN
[2026-07-27 00:10:33] 仓库 https://github.com/kafeixiang/v2rayN 无候选文件 (总计 422 blob, 扩展名过滤 372, processed_shas 跳过 1, SHA 缓存跳过 49)
[2026-07-27 00:10:33] 🔗 查子仓库: kafeixiang/v2rayN
[2026-07-27 00:10:33] 🔗 开始 Fork 链追踪 (A-Archives-and-Forks/v2rayN)
[2026-07-27 00:10:33]   👤 用户仓库: 13 个 → 发现队列 (队列: 0/600)
[2026-07-27 00:10:33]   用户 ttincc1122 共查 13 个仓库
[2026-07-27 00:10:33] 仓库 https://github.com/chizee/v2rayN (分支: master, size: 48663KB, pushed: 2026-07-26T06:37:33Z)
[2026-07-27 00:10:33] 🔗 开始 Fork 链追踪 (kafeixiang/v2rayN)
[2026-07-27 00:10:34]   父仓库: 2dust/v2rayN
[2026-07-27 00:10:34]   父仓库: 2dust/v2rayN
[2026-07-27 00:10:34] 仓库 https://github.com/chizee/v2rayN 无候选文件 (总计 422 blob, 扩展名过滤 372, processed_shas 跳过 1, SHA 缓存跳过 49)
[2026-07-27 00:10:34] 🔗 查子仓库: chizee/v2rayN
[2026-07-27 00:10:34] 🔗 开始 Fork 链追踪 (chizee/v2rayN)
[2026-07-27 00:10:34]   父仓库: 2dust/v2rayN
[2026-07-27 00:10:35]   👤 用户仓库: 30 个 → 发现队列 (队列: 0/600)
[2026-07-27 00:10:35]   用户 PENZA84 共查 30 个仓库
[2026-07-27 00:10:35] 仓库 https://github.com/Orynomnix/v2rayN (分支: master, size: 49063KB, pushed: 2026-07-26T06:37:31Z)
[2026-07-27 00:10:35] 👤 遍历用户仓库: kafeixiang
[2026-07-27 00:10:35] 仓库 https://github.com/Orynomnix/v2rayN 无候选文件 (总计 422 blob, 扩展名过滤 372, processed_shas 跳过 1, SHA 缓存跳过 49)
[2026-07-27 00:10:35] 🔗 查子仓库: Orynomnix/v2rayN
[2026-07-27 00:10:35] ⏱️ [29/147] Stash pushed:>2026-07-25T15:43:36Z fork:true -language:HTML | 50s | +34 | 配额 3075/4800
[2026-07-27 00:10:35] 🔗 开始 Fork 链追踪 (Orynomnix/v2rayN)
[2026-07-27 00:10:35]   👤 用户仓库: 18 个 → 发现队列 (队列: 0/600)
[2026-07-27 00:10:35]   用户 kafeixiang 共查 18 个仓库
[2026-07-27 00:10:35] 仓库 https://github.com/Kiterepo/v2rayN-2 (分支: master, size: 49063KB, pushed: 2026-07-26T06:14:25Z)
[2026-07-27 00:10:35] 👤 遍历用户仓库: chizee
[2026-07-27 00:10:35]   父仓库: 2dust/v2rayN
[2026-07-27 00:10:36] 👤 遍历用户仓库: A-Archives-and-Forks
[2026-07-27 00:10:36] 仓库 https://github.com/Kiterepo/v2rayN-2 无候选文件 (总计 422 blob, 扩展名过滤 372, processed_shas 跳过 1, SHA 缓存跳过 49)
[2026-07-27 00:10:36] 🔗 查子仓库: Kiterepo/v2rayN-2
[2026-07-27 00:10:36] 🔗 开始 Fork 链追踪 (Kiterepo/v2rayN-2)
[2026-07-27 00:10:36]   父仓库: 2dust/v2rayN
[2026-07-27 00:10:36] 👤 遍历用户仓库: Orynomnix
[2026-07-27 00:10:37]   👤 用户仓库: 30 个 → 发现队列 (队列: 0/600)
[2026-07-27 00:10:37]   用户 Orynomnix 共查 30 个仓库
[2026-07-27 00:10:37] 仓库 https://github.com/Alistair-X/v2rayN (分支: master, size: 48663KB, pushed: 2026-07-26T06:13:30Z)
[2026-07-27 00:10:38] 仓库 https://github.com/Alistair-X/v2rayN 无候选文件 (总计 422 blob, 扩展名过滤 372, processed_shas 跳过 1, SHA 缓存跳过 49)
[2026-07-27 00:10:38] 🔗 查子仓库: Alistair-X/v2rayN
[2026-07-27 00:10:38] 🔗 开始 Fork 链追踪 (Alistair-X/v2rayN)
[2026-07-27 00:10:38]   父仓库: 2dust/v2rayN
[2026-07-27 00:10:38] 👤 遍历用户仓库: Kiterepo
[2026-07-27 00:10:39] 👤 遍历用户仓库: Alistair-X
[2026-07-27 00:10:40]   👤 用户仓库: 23 个 → 发现队列 (队列: 0/600)
[2026-07-27 00:10:40]   用户 Alistair-X 共查 23 个仓库
[2026-07-27 00:10:40] 仓库 https://github.com/soitun/v2rayN (分支: master, size: 49063KB, pushed: 2026-07-26T06:05:14Z)
[2026-07-27 00:10:40] 仓库 https://github.com/soitun/v2rayN 无候选文件 (总计 422 blob, 扩展名过滤 372, processed_shas 跳过 1, SHA 缓存跳过 49)
[2026-07-27 00:10:40] 🔗 查子仓库: soitun/v2rayN
[2026-07-27 00:10:40] 🔗 开始 Fork 链追踪 (soitun/v2rayN)
[2026-07-27 00:10:41]   父仓库: 2dust/v2rayN
[2026-07-27 00:10:41]   👤 用户仓库: 30 个 → 发现队列 (队列: 0/600)
[2026-07-27 00:10:41]   用户 A-Archives-and-Forks 共查 30 个仓库
[2026-07-27 00:10:41] 仓库 https://github.com/ceo1st/v2rayN (分支: master, size: 48663KB, pushed: 2026-07-26T05:56:16Z)
[2026-07-27 00:10:41]   👤 用户仓库: 30 个 → 发现队列 (队列: 0/600)
[2026-07-27 00:10:41]   用户 chizee 共查 30 个仓库
[2026-07-27 00:10:41] 仓库 https://github.com/LHONG1008/v2rayN (分支: master, size: 49063KB, pushed: 2026-07-26T05:55:12Z)
[2026-07-27 00:10:41] 仓库 https://github.com/ceo1st/v2rayN 无候选文件 (总计 422 blob, 扩展名过滤 372, processed_shas 跳过 1, SHA 缓存跳过 49)
[2026-07-27 00:10:41] 🔗 查子仓库: ceo1st/v2rayN
[2026-07-27 00:10:41] 仓库 https://github.com/LHONG1008/v2rayN 无候选文件 (总计 422 blob, 扩展名过滤 372, processed_shas 跳过 1, SHA 缓存跳过 49)
[2026-07-27 00:10:41] 🔗 查子仓库: LHONG1008/v2rayN
[2026-07-27 00:10:41] 🔗 开始 Fork 链追踪 (ceo1st/v2rayN)
[2026-07-27 00:10:41] 🔗 开始 Fork 链追踪 (LHONG1008/v2rayN)
[2026-07-27 00:10:42]   父仓库: 2dust/v2rayN
[2026-07-27 00:10:42]   父仓库: 2dust/v2rayN
[2026-07-27 00:10:42] 👤 遍历用户仓库: soitun
[2026-07-27 00:10:44] 👤 遍历用户仓库: LHONG1008
[2026-07-27 00:10:44]   👤 用户仓库: 30 个 → 发现队列 (队列: 0/600)
[2026-07-27 00:10:44]   用户 Kiterepo 共查 30 个仓库
[2026-07-27 00:10:44] 仓库 https://github.com/fenwehome/v2rayN (分支: master, size: 48663KB, pushed: 2026-07-26T05:47:12Z)
[2026-07-27 00:10:44] 仓库 https://github.com/fenwehome/v2rayN 无候选文件 (总计 422 blob, 扩展名过滤 372, processed_shas 跳过 1, SHA 缓存跳过 49)
[2026-07-27 00:10:44] 🔗 查子仓库: fenwehome/v2rayN
[2026-07-27 00:10:44] 🔗 开始 Fork 链追踪 (fenwehome/v2rayN)
[2026-07-27 00:10:45] 👤 遍历用户仓库: ceo1st
[2026-07-27 00:10:45]   父仓库: 2dust/v2rayN
[2026-07-27 00:10:45]   👤 用户仓库: 30 个 → 发现队列 (队列: 0/600)
[2026-07-27 00:10:45]   用户 LHONG1008 共查 30 个仓库
[2026-07-27 00:10:45] 仓库 https://github.com/Mu-L/v2rayN (分支: master, size: 49063KB, pushed: 2026-07-26T05:46:31Z)
[2026-07-27 00:10:46] 仓库 https://github.com/Mu-L/v2rayN 无候选文件 (总计 422 blob, 扩展名过滤 372, processed_shas 跳过 1, SHA 缓存跳过 49)
[2026-07-27 00:10:46] 🔗 查子仓库: Mu-L/v2rayN
[2026-07-27 00:10:46] 🔗 开始 Fork 链追踪 (Mu-L/v2rayN)
[2026-07-27 00:10:46]   父仓库: 2dust/v2rayN
[2026-07-27 00:10:48] 👤 遍历用户仓库: fenwehome
[2026-07-27 00:10:48]   👤 用户仓库: 30 个 → 发现队列 (队列: 0/600)
[2026-07-27 00:10:48]   用户 soitun 共查 30 个仓库
[2026-07-27 00:10:48] 仓库 https://github.com/ipx2001/v2rayN (分支: master, size: 49063KB, pushed: 2026-07-26T05:46:08Z)
[2026-07-27 00:10:49] 仓库 https://github.com/ipx2001/v2rayN 无候选文件 (总计 422 blob, 扩展名过滤 372, processed_shas 跳过 1, SHA 缓存跳过 49)
[2026-07-27 00:10:49] 🔗 查子仓库: ipx2001/v2rayN
[2026-07-27 00:10:49] 🔗 开始 Fork 链追踪 (ipx2001/v2rayN)
[2026-07-27 00:10:49] 👤 遍历用户仓库: Mu-L
[2026-07-27 00:10:49]   父仓库: 2dust/v2rayN
[2026-07-27 00:10:51]   👤 用户仓库: 30 个 → 发现队列 (队列: 0/600)
[2026-07-27 00:10:51]   用户 ceo1st 共查 30 个仓库
[2026-07-27 00:10:51] 仓库 https://github.com/kwei1202/sing-box (分支: main, size: 583KB, pushed: 2026-07-26T05:39:24Z)
[2026-07-27 00:10:51]   👤 用户仓库: 30 个 → 发现队列 (队列: 0/600)
[2026-07-27 00:10:51]   用户 fenwehome 共查 30 个仓库
[2026-07-27 00:10:51] 仓库 https://github.com/pthis/v2rayN (分支: master, size: 49063KB, pushed: 2026-07-26T05:38:25Z)
[2026-07-27 00:10:51] 👤 遍历用户仓库: ipx2001
[2026-07-27 00:10:51] 仓库 https://github.com/kwei1202/sing-box 无候选文件 (总计 9 blob, 扩展名过滤 2, processed_shas 跳过 0, SHA 缓存跳过 7)
[2026-07-27 00:10:51] 🔗 查子仓库: kwei1202/sing-box
[2026-07-27 00:10:51] 仓库 https://github.com/pthis/v2rayN 无候选文件 (总计 422 blob, 扩展名过滤 372, processed_shas 跳过 1, SHA 缓存跳过 49)
[2026-07-27 00:10:51] 🔗 查子仓库: pthis/v2rayN
[2026-07-27 00:10:52] 🔗 开始 Fork 链追踪 (kwei1202/sing-box)
[2026-07-27 00:10:52] 🔗 开始 Fork 链追踪 (pthis/v2rayN)
[2026-07-27 00:10:52]   👤 用户仓库: 30 个 → 发现队列 (队列: 0/600)
[2026-07-27 00:10:52]   用户 ipx2001 共查 30 个仓库
[2026-07-27 00:10:52] 仓库 https://github.com/a1wjun/v2rayN (分支: master, size: 48663KB, pushed: 2026-07-26T05:36:31Z)
[2026-07-27 00:10:52]   父仓库: fscarmen/sing-box
[2026-07-27 00:10:52] 仓库在黑名单中: https://github.com/fscarmen/sing-box
[2026-07-27 00:10:52]   父仓库 +0 个节点
[2026-07-27 00:10:52]   父仓库: 2dust/v2rayN
[2026-07-27 00:10:52] 仓库 https://github.com/a1wjun/v2rayN 无候选文件 (总计 422 blob, 扩展名过滤 372, processed_shas 跳过 1, SHA 缓存跳过 49)
[2026-07-27 00:10:52] 🔗 查子仓库: a1wjun/v2rayN
[2026-07-27 00:10:52] 🔗 开始 Fork 链追踪 (a1wjun/v2rayN)
[2026-07-27 00:10:53]   父仓库: 2dust/v2rayN
[2026-07-27 00:10:53] 👤 遍历用户仓库: pthis
[2026-07-27 00:10:53]   🍴 兄弟仓库: 30 个 → 发现队列 (队列: 0/600)
[2026-07-27 00:10:53] 👤 遍历用户仓库: kwei1202
[2026-07-27 00:10:53]   👤 用户仓库: 7 个 → 发现队列 (队列: 0/600)
[2026-07-27 00:10:53]   用户 kwei1202 共查 7 个仓库
[2026-07-27 00:10:53] 仓库 https://github.com/RepoBackup/v2rayN (分支: master, size: 49063KB, pushed: 2026-07-26T05:20:28Z)
[2026-07-27 00:10:54] 仓库 https://github.com/RepoBackup/v2rayN 无候选文件 (总计 422 blob, 扩展名过滤 372, processed_shas 跳过 1, SHA 缓存跳过 49)
[2026-07-27 00:10:54] 🔗 查子仓库: RepoBackup/v2rayN
[2026-07-27 00:10:54] 🔗 开始 Fork 链追踪 (RepoBackup/v2rayN)
[2026-07-27 00:10:54]   👤 用户仓库: 30 个 → 发现队列 (队列: 0/600)
[2026-07-27 00:10:54]   用户 Mu-L 共查 30 个仓库
[2026-07-27 00:10:54] 仓库 https://github.com/ysm827/v2rayN (分支: master, size: 48663KB, pushed: 2026-07-26T05:19:20Z)
[2026-07-27 00:10:54]   父仓库: 2dust/v2rayN
[2026-07-27 00:10:55] 仓库 https://github.com/ysm827/v2rayN 无候选文件 (总计 422 blob, 扩展名过滤 372, processed_shas 跳过 1, SHA 缓存跳过 49)
[2026-07-27 00:10:55] 🔗 查子仓库: ysm827/v2rayN
[2026-07-27 00:10:55] 👤 遍历用户仓库: a1wjun
[2026-07-27 00:10:55] 🔗 开始 Fork 链追踪 (ysm827/v2rayN)
[2026-07-27 00:10:55]   👤 用户仓库: 30 个 → 发现队列 (队列: 0/600)
[2026-07-27 00:10:55]   用户 pthis 共查 30 个仓库
[2026-07-27 00:10:55] 仓库 https://github.com/phpmooc/v2rayN (分支: master, size: 48663KB, pushed: 2026-07-26T05:19:05Z)
[2026-07-27 00:10:55]   父仓库: 2dust/v2rayN
[2026-07-27 00:10:55] 仓库 https://github.com/phpmooc/v2rayN 无候选文件 (总计 422 blob, 扩展名过滤 372, processed_shas 跳过 1, SHA 缓存跳过 49)
[2026-07-27 00:10:55] 🔗 查子仓库: phpmooc/v2rayN
[2026-07-27 00:10:55] 🔗 开始 Fork 链追踪 (phpmooc/v2rayN)
[2026-07-27 00:10:56]   父仓库: 2dust/v2rayN
[2026-07-27 00:10:56]   👤 用户仓库: 30 个 → 发现队列 (队列: 0/600)
[2026-07-27 00:10:56]   用户 a1wjun 共查 30 个仓库
[2026-07-27 00:10:56] 仓库 https://github.com/FairyWorld/fq_v2rayN (分支: master, size: 49063KB, pushed: 2026-07-26T05:11:23Z)
[2026-07-27 00:10:56] 仓库 https://github.com/FairyWorld/fq_v2rayN 无候选文件 (总计 422 blob, 扩展名过滤 372, processed_shas 跳过 1, SHA 缓存跳过 49)
[2026-07-27 00:10:56] 🔗 查子仓库: FairyWorld/fq_v2rayN
[2026-07-27 00:10:56] 👤 遍历用户仓库: RepoBackup
[2026-07-27 00:10:56] 🔗 开始 Fork 链追踪 (FairyWorld/fq_v2rayN)
[2026-07-27 00:10:57]   父仓库: 2dust/v2rayN
[2026-07-27 00:10:57] 👤 遍历用户仓库: phpmooc
[2026-07-27 00:10:58] 👤 遍历用户仓库: ysm827
[2026-07-27 00:10:58]   👤 用户仓库: 30 个 → 发现队列 (队列: 0/600)
[2026-07-27 00:10:58]   用户 phpmooc 共查 30 个仓库
[2026-07-27 00:10:58] 仓库 https://github.com/Corey01327/v2rayN (分支: master, size: 48663KB, pushed: 2026-07-26T05:11:12Z)
[2026-07-27 00:10:59] 👤 遍历用户仓库: FairyWorld
[2026-07-27 00:10:59] 仓库 https://github.com/Corey01327/v2rayN 无候选文件 (总计 422 blob, 扩展名过滤 372, processed_shas 跳过 1, SHA 缓存跳过 49)
[2026-07-27 00:10:59] 🔗 查子仓库: Corey01327/v2rayN
[2026-07-27 00:10:59] 🔗 开始 Fork 链追踪 (Corey01327/v2rayN)
[2026-07-27 00:10:59]   父仓库: 2dust/v2rayN
[2026-07-27 00:11:00] 👤 遍历用户仓库: Corey01327
[2026-07-27 00:11:00]   👤 用户仓库: 30 个 → 发现队列 (队列: 0/600)
[2026-07-27 00:11:00]   用户 RepoBackup 共查 30 个仓库
[2026-07-27 00:11:00] 仓库 https://github.com/symantes/v2rayN (分支: master, size: 48663KB, pushed: 2026-07-26T05:03:37Z)
[2026-07-27 00:11:00]   👤 用户仓库: 14 个 → 发现队列 (队列: 0/600)
[2026-07-27 00:11:00]   用户 Corey01327 共查 14 个仓库
[2026-07-27 00:11:00] 仓库 https://github.com/gowing520/v2rayN (分支: master, size: 48663KB, pushed: 2026-07-26T05:00:06Z)
[2026-07-27 00:11:00] 仓库 https://github.com/symantes/v2rayN 无候选文件 (总计 422 blob, 扩展名过滤 372, processed_shas 跳过 1, SHA 缓存跳过 49)
[2026-07-27 00:11:00] 🔗 查子仓库: symantes/v2rayN
[2026-07-27 00:11:01] 🔗 开始 Fork 链追踪 (symantes/v2rayN)
[2026-07-27 00:11:01] 仓库 https://github.com/gowing520/v2rayN 无候选文件 (总计 422 blob, 扩展名过滤 372, processed_shas 跳过 1, SHA 缓存跳过 49)
[2026-07-27 00:11:01] 🔗 查子仓库: gowing520/v2rayN
[2026-07-27 00:11:01]   父仓库: 2dust/v2rayN
[2026-07-27 00:11:01] 🔗 开始 Fork 链追踪 (gowing520/v2rayN)
[2026-07-27 00:11:01]   父仓库: 2dust/v2rayN
[2026-07-27 00:11:02] 👤 遍历用户仓库: gowing520
[2026-07-27 00:11:03] 👤 遍历用户仓库: symantes
[2026-07-27 00:11:03]   👤 用户仓库: 8 个 → 发现队列 (队列: 0/600)
[2026-07-27 00:11:03]   用户 symantes 共查 8 个仓库
[2026-07-27 00:11:03] 仓库 https://github.com/juzi1994/v2rayN (分支: master, size: 49063KB, pushed: 2026-07-26T04:45:06Z)
[2026-07-27 00:11:03]   👤 用户仓库: 30 个 → 发现队列 (队列: 0/600)
[2026-07-27 00:11:03]   用户 FairyWorld 共查 30 个仓库
[2026-07-27 00:11:03] 仓库 https://github.com/kimikkorow/v2rayN (分支: master, size: 49063KB, pushed: 2026-07-26T04:44:11Z)
[2026-07-27 00:11:03]   👤 用户仓库: 30 个 → 发现队列 (队列: 0/600)
[2026-07-27 00:11:03]   用户 gowing520 共查 30 个仓库
[2026-07-27 00:11:03] 仓库 https://github.com/xiechangan123/v2rayN (分支: master, size: 48663KB, pushed: 2026-07-26T04:42:11Z)
[2026-07-27 00:11:03] 仓库 https://github.com/juzi1994/v2rayN 无候选文件 (总计 422 blob, 扩展名过滤 372, processed_shas 跳过 1, SHA 缓存跳过 49)
[2026-07-27 00:11:03] 🔗 查子仓库: juzi1994/v2rayN
[2026-07-27 00:11:03] 🔗 开始 Fork 链追踪 (juzi1994/v2rayN)
[2026-07-27 00:11:04] 仓库 https://github.com/kimikkorow/v2rayN 无候选文件 (总计 422 blob, 扩展名过滤 372, processed_shas 跳过 1, SHA 缓存跳过 49)
[2026-07-27 00:11:04] 🔗 查子仓库: kimikkorow/v2rayN
[2026-07-27 00:11:04] 仓库 https://github.com/xiechangan123/v2rayN 无候选文件 (总计 422 blob, 扩展名过滤 372, processed_shas 跳过 1, SHA 缓存跳过 49)
[2026-07-27 00:11:04] 🔗 查子仓库: xiechangan123/v2rayN
[2026-07-27 00:11:04] 🔗 开始 Fork 链追踪 (kimikkorow/v2rayN)
[2026-07-27 00:11:04]   父仓库: 2dust/v2rayN
[2026-07-27 00:11:04] 🔗 开始 Fork 链追踪 (xiechangan123/v2rayN)
[2026-07-27 00:11:04]   父仓库: 2dust/v2rayN
[2026-07-27 00:11:04]   👤 用户仓库: 30 个 → 发现队列 (队列: 0/600)
[2026-07-27 00:11:04]   用户 ysm827 共查 30 个仓库
[2026-07-27 00:11:04] 仓库 https://github.com/utenkekkou/v2rayN (分支: master, size: 49063KB, pushed: 2026-07-26T04:27:18Z)
[2026-07-27 00:11:04]   父仓库: 2dust/v2rayN
[2026-07-27 00:11:04] 仓库 https://github.com/utenkekkou/v2rayN 无候选文件 (总计 422 blob, 扩展名过滤 372, processed_shas 跳过 1, SHA 缓存跳过 49)
[2026-07-27 00:11:04] 🔗 查子仓库: utenkekkou/v2rayN
[2026-07-27 00:11:05] 🔗 开始 Fork 链追踪 (utenkekkou/v2rayN)
[2026-07-27 00:11:05]   父仓库: 2dust/v2rayN
[2026-07-27 00:11:05] 👤 遍历用户仓库: xiechangan123
[2026-07-27 00:11:05] 👤 遍历用户仓库: kimikkorow
[2026-07-27 00:11:05] ⏱️ [30/147] clash verge pushed:>2026-07-25T15:43:36Z fork:true -language | 30s | +0 | 配额 2893/4800
[2026-07-27 00:11:06] 👤 遍历用户仓库: juzi1994
[2026-07-27 00:11:06] 👤 遍历用户仓库: utenkekkou
[2026-07-27 00:11:06]   👤 用户仓库: 8 个 → 发现队列 (队列: 0/600)
[2026-07-27 00:11:06]   用户 juzi1994 共查 8 个仓库
[2026-07-27 00:11:06] 仓库 https://github.com/TZ0385/v2rayN (分支: master, size: 48663KB, pushed: 2026-07-26T04:12:11Z)
[2026-07-27 00:11:06]   👤 用户仓库: 4 个 → 发现队列 (队列: 0/600)
[2026-07-27 00:11:06]   用户 utenkekkou 共查 4 个仓库
[2026-07-27 00:11:06] 仓库 https://github.com/mengzhisuoliu/v2rayN (分支: master, size: 49060KB, pushed: 2026-07-26T04:11:19Z)
[2026-07-27 00:11:07]   👤 用户仓库: 30 个 → 发现队列 (队列: 0/600)
[2026-07-27 00:11:07]   用户 xiechangan123 共查 30 个仓库
[2026-07-27 00:11:07] 仓库 https://github.com/onekr-billy/v2rayN (分支: master, size: 49114KB, pushed: 2026-07-26T04:11:11Z)
[2026-07-27 00:11:07] 仓库 https://github.com/TZ0385/v2rayN 无候选文件 (总计 422 blob, 扩展名过滤 372, processed_shas 跳过 1, SHA 缓存跳过 49)
[2026-07-27 00:11:07] 🔗 查子仓库: TZ0385/v2rayN
[2026-07-27 00:11:07] 仓库 https://github.com/mengzhisuoliu/v2rayN 无候选文件 (总计 422 blob, 扩展名过滤 372, processed_shas 跳过 1, SHA 缓存跳过 49)
[2026-07-27 00:11:07] 🔗 查子仓库: mengzhisuoliu/v2rayN
[2026-07-27 00:11:07] 🔗 开始 Fork 链追踪 (TZ0385/v2rayN)
[2026-07-27 00:11:07] 🔗 开始 Fork 链追踪 (mengzhisuoliu/v2rayN)
[2026-07-27 00:11:07]   父仓库: 2dust/v2rayN
[2026-07-27 00:11:07] 仓库 https://github.com/onekr-billy/v2rayN 无候选文件 (总计 422 blob, 扩展名过滤 372, processed_shas 跳过 1, SHA 缓存跳过 49)
[2026-07-27 00:11:07] 🔗 查子仓库: onekr-billy/v2rayN
[2026-07-27 00:11:07]   父仓库: 2dust/v2rayN
[2026-07-27 00:11:07] 🔗 开始 Fork 链追踪 (onekr-billy/v2rayN)
[2026-07-27 00:11:07]   父仓库: 2dust/v2rayN
[2026-07-27 00:11:07]   👤 用户仓库: 30 个 → 发现队列 (队列: 0/600)
[2026-07-27 00:11:07]   用户 kimikkorow 共查 30 个仓库
[2026-07-27 00:11:07] 仓库 https://github.com/noaai/v2rayN (分支: master, size: 48660KB, pushed: 2026-07-26T04:11:07Z)
[2026-07-27 00:11:08] 仓库 https://github.com/noaai/v2rayN 无候选文件 (总计 423 blob, 扩展名过滤 373, processed_shas 跳过 1, SHA 缓存跳过 49)
[2026-07-27 00:11:08] 🔗 查子仓库: noaai/v2rayN
[2026-07-27 00:11:08] 🔗 开始 Fork 链追踪 (noaai/v2rayN)
[2026-07-27 00:11:08] 👤 遍历用户仓库: mengzhisuoliu
[2026-07-27 00:11:08]   父仓库: 2dust/v2rayN
[2026-07-27 00:11:08] 👤 遍历用户仓库: onekr-billy
[2026-07-27 00:11:09] ⏱️ [31/147] clash verge rev pushed:>2026-07-25T15:43:36Z fork:true -lang | 3s | +0 | 配额 2862/4800
[2026-07-27 00:11:09] 👤 遍历用户仓库: TZ0385
[2026-07-27 00:11:10] 👤 遍历用户仓库: noaai
[2026-07-27 00:11:10]   👤 用户仓库: 30 个 → 发现队列 (队列: 0/600)
[2026-07-27 00:11:10]   用户 onekr-billy 共查 30 个仓库
[2026-07-27 00:11:10] 仓库 https://github.com/chaoduzj/v2rayN (分支: master, size: 49060KB, pushed: 2026-07-26T04:01:09Z)
[2026-07-27 00:11:10] 仓库 https://github.com/chaoduzj/v2rayN 无候选文件 (总计 423 blob, 扩展名过滤 373, processed_shas 跳过 1, SHA 缓存跳过 49)
[2026-07-27 00:11:10] 🔗 查子仓库: chaoduzj/v2rayN
[2026-07-27 00:11:10] 🔗 开始 Fork 链追踪 (chaoduzj/v2rayN)
[2026-07-27 00:11:10]   👤 用户仓库: 30 个 → 发现队列 (队列: 0/600)
[2026-07-27 00:11:10]   用户 noaai 共查 30 个仓库
[2026-07-27 00:11:10] 仓库 https://github.com/txwdzxq/v2rayN (分支: master, size: 49060KB, pushed: 2026-07-26T03:59:05Z)
[2026-07-27 00:11:10]   父仓库: 2dust/v2rayN
[2026-07-27 00:11:11] 仓库 https://github.com/txwdzxq/v2rayN 无候选文件 (总计 423 blob, 扩展名过滤 373, processed_shas 跳过 1, SHA 缓存跳过 49)
[2026-07-27 00:11:11] 🔗 查子仓库: txwdzxq/v2rayN
[2026-07-27 00:11:11] 🔗 开始 Fork 链追踪 (txwdzxq/v2rayN)
[2026-07-27 00:11:11]   父仓库: 2dust/v2rayN
[2026-07-27 00:11:11] 👤 遍历用户仓库: chaoduzj
[2026-07-27 00:11:13] 👤 遍历用户仓库: txwdzxq
[2026-07-27 00:11:14]   👤 用户仓库: 30 个 → 发现队列 (队列: 0/600)
[2026-07-27 00:11:14]   用户 chaoduzj 共查 30 个仓库
[2026-07-27 00:11:14] 仓库 https://github.com/kany2000/v2rayN (分支: master, size: 48660KB, pushed: 2026-07-26T03:58:31Z)
[2026-07-27 00:11:15]   👤 用户仓库: 30 个 → 发现队列 (队列: 0/600)
[2026-07-27 00:11:15]   用户 mengzhisuoliu 共查 30 个仓库
[2026-07-27 00:11:15] 仓库 https://github.com/checkvip/v2rayN (分支: master, size: 48660KB, pushed: 2026-07-26T03:56:14Z)
[2026-07-27 00:11:15] 仓库 https://github.com/kany2000/v2rayN 无候选文件 (总计 423 blob, 扩展名过滤 373, processed_shas 跳过 1, SHA 缓存跳过 49)
[2026-07-27 00:11:15] 🔗 查子仓库: kany2000/v2rayN
[2026-07-27 00:11:15] 🔗 开始 Fork 链追踪 (kany2000/v2rayN)
[2026-07-27 00:11:15] 仓库 https://github.com/checkvip/v2rayN 无候选文件 (总计 423 blob, 扩展名过滤 373, processed_shas 跳过 1, SHA 缓存跳过 49)
[2026-07-27 00:11:15] 🔗 查子仓库: checkvip/v2rayN
[2026-07-27 00:11:15]   父仓库: 2dust/v2rayN
[2026-07-27 00:11:15] 🔗 开始 Fork 链追踪 (checkvip/v2rayN)
[2026-07-27 00:11:15]   父仓库: 2dust/v2rayN
[2026-07-27 00:11:16]   👤 用户仓库: 30 个 → 发现队列 (队列: 0/600)
[2026-07-27 00:11:16]   用户 TZ0385 共查 30 个仓库
[2026-07-27 00:11:16] 仓库 https://github.com/Neonity2020/v2rayN (分支: master, size: 48660KB, pushed: 2026-07-26T03:55:32Z)
[2026-07-27 00:11:16] 仓库 https://github.com/Neonity2020/v2rayN 无候选文件 (总计 423 blob, 扩展名过滤 373, processed_shas 跳过 1, SHA 缓存跳过 49)
[2026-07-27 00:11:16] 🔗 查子仓库: Neonity2020/v2rayN
[2026-07-27 00:11:16]   👤 用户仓库: 30 个 → 发现队列 (队列: 0/600)
[2026-07-27 00:11:16]   用户 txwdzxq 共查 30 个仓库
[2026-07-27 00:11:16] 仓库 https://github.com/niceQVQ/v2rayNG (分支: master, size: 234977KB, pushed: 2026-07-26T03:54:46Z)
[2026-07-27 00:11:16] 👤 遍历用户仓库: kany2000
[2026-07-27 00:11:16] 🔗 开始 Fork 链追踪 (Neonity2020/v2rayN)
[2026-07-27 00:11:16] 👤 遍历用户仓库: checkvip
[2026-07-27 00:11:17]   父仓库: 2dust/v2rayN
[2026-07-27 00:11:17] 仓库 https://github.com/niceQVQ/v2rayNG 无候选文件 (总计 353 blob, 扩展名过滤 330, processed_shas 跳过 0, SHA 缓存跳过 23)
[2026-07-27 00:11:17] 🔗 查子仓库: niceQVQ/v2rayNG
[2026-07-27 00:11:17] 🔗 开始 Fork 链追踪 (niceQVQ/v2rayNG)
[2026-07-27 00:11:17]   👤 用户仓库: 30 个 → 发现队列 (队列: 0/600)
[2026-07-27 00:11:17]   用户 checkvip 共查 30 个仓库
[2026-07-27 00:11:17] 仓库 https://github.com/jasonperter/v2rayN (分支: master, size: 48660KB, pushed: 2026-07-26T03:53:09Z)
[2026-07-27 00:11:17]   父仓库: 2dust/v2rayNG
[2026-07-27 00:11:17] 仓库 https://github.com/jasonperter/v2rayN 无候选文件 (总计 423 blob, 扩展名过滤 373, processed_shas 跳过 1, SHA 缓存跳过 49)
[2026-07-27 00:11:17] 🔗 查子仓库: jasonperter/v2rayN
[2026-07-27 00:11:18] 👤 遍历用户仓库: Neonity2020
[2026-07-27 00:11:18] 🔗 开始 Fork 链追踪 (jasonperter/v2rayN)
[2026-07-27 00:11:18]   👤 用户仓库: 30 个 → 发现队列 (队列: 0/600)
[2026-07-27 00:11:18]   用户 kany2000 共查 30 个仓库
[2026-07-27 00:11:18] 仓库 https://github.com/cysk003/v2rayN (分支: master, size: 48660KB, pushed: 2026-07-26T03:43:39Z)
[2026-07-27 00:11:18]   父仓库: 2dust/v2rayN
[2026-07-27 00:11:18] 仓库 https://github.com/cysk003/v2rayN 无候选文件 (总计 422 blob, 扩展名过滤 372, processed_shas 跳过 1, SHA 缓存跳过 49)
[2026-07-27 00:11:18] 🔗 查子仓库: cysk003/v2rayN
[2026-07-27 00:11:18] 🔗 开始 Fork 链追踪 (cysk003/v2rayN)
[2026-07-27 00:11:19] 👤 遍历用户仓库: niceQVQ
[2026-07-27 00:11:19]   父仓库: 2dust/v2rayN
[2026-07-27 00:11:19]   👤 用户仓库: 8 个 → 发现队列 (队列: 0/600)
[2026-07-27 00:11:19]   用户 niceQVQ 共查 8 个仓库
[2026-07-27 00:11:19] 仓库 https://github.com/luochen1975/V2rayN_Clash_Node_Getter (分支: main, size: 26560KB, pushed: 2026-07-26T03:40:26Z)
[2026-07-27 00:11:19] 👤 遍历用户仓库: jasonperter
[2026-07-27 00:11:19]   👤 用户仓库: 3 个 → 发现队列 (队列: 0/600)
[2026-07-27 00:11:19]   用户 jasonperter 共查 3 个仓库
[2026-07-27 00:11:19] 仓库 https://github.com/jianzou/v2rayN_free (分支: main, size: 13KB, pushed: 2026-07-26T03:12:30Z)
[2026-07-27 00:11:19] 仓库 https://github.com/luochen1975/V2rayN_Clash_Node_Getter 候选文件 2 个
[2026-07-27 00:11:20] 👤 遍历用户仓库: cysk003
[2026-07-27 00:11:20] 仓库 https://github.com/jianzou/v2rayN_free 候选文件 1 个
[2026-07-27 00:11:20] 🔗 查子仓库: jianzou/v2rayN_free
[2026-07-27 00:11:20] 🔗 开始 Fork 链追踪 (jianzou/v2rayN_free)
[2026-07-27 00:11:20] 👤 遍历用户仓库: jianzou
[2026-07-27 00:11:21]   👤 用户仓库: 1 个 → 发现队列 (队列: 0/600)
[2026-07-27 00:11:21]   用户 jianzou 共查 1 个仓库
[2026-07-27 00:11:21] 仓库 https://github.com/CloudEngineHub/v2rayN (分支: master, size: 49060KB, pushed: 2026-07-26T02:39:52Z)
[2026-07-27 00:11:21] 仓库 https://github.com/CloudEngineHub/v2rayN 无候选文件 (总计 422 blob, 扩展名过滤 372, processed_shas 跳过 1, SHA 缓存跳过 49)
[2026-07-27 00:11:21] 🔗 查子仓库: CloudEngineHub/v2rayN
[2026-07-27 00:11:22] 🔗 开始 Fork 链追踪 (CloudEngineHub/v2rayN)
[2026-07-27 00:11:22] 🔗 查子仓库: luochen1975/V2rayN_Clash_Node_Getter
[2026-07-27 00:11:22] 🔗 开始 Fork 链追踪 (luochen1975/V2rayN_Clash_Node_Getter)
[2026-07-27 00:11:22]   父仓库: 2dust/v2rayN
[2026-07-27 00:11:22]   父仓库: huanjk1/V2rayN_Clash_Node_Getter
[2026-07-27 00:11:22] 👤 遍历用户仓库: luochen1975
[2026-07-27 00:11:23] 👤 遍历用户仓库: CloudEngineHub
[2026-07-27 00:11:23]   👤 用户仓库: 30 个 → 发现队列 (队列: 0/600)
[2026-07-27 00:11:23]   用户 Neonity2020 共查 30 个仓库
[2026-07-27 00:11:23] 仓库 https://github.com/Jiayi1483/v2rayN (分支: master, size: 49089KB, pushed: 2026-07-26T02:30:49Z)
[2026-07-27 00:11:24] 仓库 https://github.com/Jiayi1483/v2rayN 无候选文件 (总计 422 blob, 扩展名过滤 372, processed_shas 跳过 1, SHA 缓存跳过 49)
[2026-07-27 00:11:24] 🔗 查子仓库: Jiayi1483/v2rayN
[2026-07-27 00:11:24] 🔗 开始 Fork 链追踪 (Jiayi1483/v2rayN)
[2026-07-27 00:11:24]   👤 用户仓库: 30 个 → 发现队列 (队列: 0/600)
[2026-07-27 00:11:24]   用户 luochen1975 共查 30 个仓库
[2026-07-27 00:11:24] 仓库 https://github.com/wangxingxing454-afk/v2rayN (分支: master, size: 49089KB, pushed: 2026-07-26T02:30:49Z)
[2026-07-27 00:11:24]   父仓库: 2dust/v2rayN
[2026-07-27 00:11:24] 仓库 https://github.com/wangxingxing454-afk/v2rayN 无候选文件 (总计 422 blob, 扩展名过滤 372, processed_shas 跳过 1, SHA 缓存跳过 49)
[2026-07-27 00:11:24] 🔗 查子仓库: wangxingxing454-afk/v2rayN
[2026-07-27 00:11:24] 🔗 开始 Fork 链追踪 (wangxingxing454-afk/v2rayN)
[2026-07-27 00:11:25]   父仓库: 2dust/v2rayN
[2026-07-27 00:11:25] 👤 遍历用户仓库: Jiayi1483
[2026-07-27 00:11:25]   👤 用户仓库: 30 个 → 发现队列 (队列: 0/600)
[2026-07-27 00:11:25]   用户 cysk003 共查 30 个仓库
[2026-07-27 00:11:25] 仓库 https://github.com/Johnsoon92/v2rayN (分支: master, size: 49089KB, pushed: 2026-07-26T02:30:49Z)
[2026-07-27 00:11:25]   👤 用户仓库: 3 个 → 发现队列 (队列: 0/600)
[2026-07-27 00:11:25]   用户 Jiayi1483 共查 3 个仓库
[2026-07-27 00:11:25] 仓库 https://github.com/youmaihuiguorou/v2rayN (分支: master, size: 49089KB, pushed: 2026-07-26T02:30:49Z)
[2026-07-27 00:11:25] 仓库 https://github.com/Johnsoon92/v2rayN 无候选文件 (总计 422 blob, 扩展名过滤 372, processed_shas 跳过 1, SHA 缓存跳过 49)
[2026-07-27 00:11:25] 🔗 查子仓库: Johnsoon92/v2rayN
[2026-07-27 00:11:26] 🔗 开始 Fork 链追踪 (Johnsoon92/v2rayN)
[2026-07-27 00:11:26] 👤 遍历用户仓库: wangxingxing454-afk
[2026-07-27 00:11:26] 仓库 https://github.com/youmaihuiguorou/v2rayN 无候选文件 (总计 422 blob, 扩展名过滤 372, processed_shas 跳过 1, SHA 缓存跳过 49)
[2026-07-27 00:11:26] 🔗 查子仓库: youmaihuiguorou/v2rayN
[2026-07-27 00:11:26]   父仓库: 2dust/v2rayN
[2026-07-27 00:11:26] 🔗 开始 Fork 链追踪 (youmaihuiguorou/v2rayN)
[2026-07-27 00:11:26]   👤 用户仓库: 1 个 → 发现队列 (队列: 0/600)
[2026-07-27 00:11:26]   用户 wangxingxing454-afk 共查 1 个仓库
[2026-07-27 00:11:26] 仓库 https://github.com/hyjhyj111/v2rayN (分支: master, size: 49101KB, pushed: 2026-07-26T13:51:56Z)
[2026-07-27 00:11:26]   父仓库: 2dust/v2rayN
[2026-07-27 00:11:26] 仓库 https://github.com/hyjhyj111/v2rayN 无候选文件 (总计 422 blob, 扩展名过滤 372, processed_shas 跳过 1, SHA 缓存跳过 49)
[2026-07-27 00:11:26] 🔗 查子仓库: hyjhyj111/v2rayN
[2026-07-27 00:11:26] 🔗 开始 Fork 链追踪 (hyjhyj111/v2rayN)
[2026-07-27 00:11:27]   父仓库: 2dust/v2rayN
[2026-07-27 00:11:27]   👤 用户仓库: 30 个 → 发现队列 (队列: 0/600)
[2026-07-27 00:11:27]   用户 CloudEngineHub 共查 30 个仓库
[2026-07-27 00:11:27] 仓库 https://github.com/deshill1987/v2rayN (分支: master, size: 49089KB, pushed: 2026-07-26T02:30:49Z)
[2026-07-27 00:11:27] 👤 遍历用户仓库: Johnsoon92
[2026-07-27 00:11:27] 👤 遍历用户仓库: youmaihuiguorou
[2026-07-27 00:11:27] 仓库 https://github.com/deshill1987/v2rayN 无候选文件 (总计 422 blob, 扩展名过滤 372, processed_shas 跳过 1, SHA 缓存跳过 49)
[2026-07-27 00:11:27] 🔗 查子仓库: deshill1987/v2rayN
[2026-07-27 00:11:27] 🔗 开始 Fork 链追踪 (deshill1987/v2rayN)
[2026-07-27 00:11:27]   👤 用户仓库: 15 个 → 发现队列 (队列: 0/600)
[2026-07-27 00:11:27]   用户 Johnsoon92 共查 15 个仓库
[2026-07-27 00:11:27] 仓库 https://github.com/hotseo123/airport-clients-for-beginners (分支: main, size: 62KB, pushed: 2026-07-26T02:20:31Z)
[2026-07-27 00:11:28] 👤 遍历用户仓库: hyjhyj111
[2026-07-27 00:11:28]   👤 用户仓库: 11 个 → 发现队列 (队列: 0/600)
[2026-07-27 00:11:28]   用户 youmaihuiguorou 共查 11 个仓库
[2026-07-27 00:11:28] 仓库 https://github.com/eliotcougar/v2rayNG (分支: master, size: 37060KB, pushed: 2026-07-25T22:37:20Z)
[2026-07-27 00:11:28]   父仓库: 2dust/v2rayN
[2026-07-27 00:11:28] 仓库 https://github.com/hotseo123/airport-clients-for-beginners 候选文件 1 个
[2026-07-27 00:11:28] 仓库 https://github.com/eliotcougar/v2rayNG 无候选文件 (总计 353 blob, 扩展名过滤 330, processed_shas 跳过 0, SHA 缓存跳过 23)
[2026-07-27 00:11:28] 🔗 查子仓库: eliotcougar/v2rayNG
[2026-07-27 00:11:28] 仓库 https://github.com/hotseo123/airport-clients-for-beginners 未提取到节点，加入黑名单
[2026-07-27 00:11:28] 仓库 https://github.com/cbusifabcap/daily_free_vpn (分支: main, size: 31KB, pushed: 2026-07-26T15:50:06Z)
[2026-07-27 00:11:28]   👤 用户仓库: 14 个 → 发现队列 (队列: 0/600)
[2026-07-27 00:11:28]   用户 hyjhyj111 共查 14 个仓库
[2026-07-27 00:11:28] 仓库 https://github.com/AvenCores/goida-vpn-configs (分支: main, size: 9065532KB, pushed: 2026-07-26T15:46:49Z)
[2026-07-27 00:11:28] 🔗 开始 Fork 链追踪 (eliotcougar/v2rayNG)
[2026-07-27 00:11:28]   父仓库: 2dust/v2rayNG
[2026-07-27 00:11:28] 仓库 https://github.com/cbusifabcap/daily_free_vpn 候选文件 13 个
[2026-07-27 00:11:28] 仓库 https://github.com/AvenCores/goida-vpn-configs 候选文件 25 个
[2026-07-27 00:11:29] 👤 遍历用户仓库: deshill1987
[2026-07-27 00:11:30]   👤 用户仓库: 22 个 → 发现队列 (队列: 0/600)
[2026-07-27 00:11:30]   用户 deshill1987 共查 22 个仓库
[2026-07-27 00:11:30] 仓库 https://github.com/mycum/ClashMetaForAndroid (分支: main, size: 24812KB, pushed: 2026-07-26T15:50:33Z)
[2026-07-27 00:11:30] ⏱️ [32/147] v2rayA pushed:>2026-07-25T15:43:36Z fork:true -language:HTML | 22s | +0 | 配额 2711/4800
[2026-07-27 00:11:33] 👤 遍历用户仓库: eliotcougar
[2026-07-27 00:11:34] 仓库 https://github.com/mycum/ClashMetaForAndroid 候选文件 4 个
[2026-07-27 00:11:35]   👤 用户仓库: 4 个 → 发现队列 (队列: 0/600)
[2026-07-27 00:11:35]   用户 eliotcougar 共查 4 个仓库
[2026-07-27 00:11:36] ⚠️ 仓库 https://github.com/yzhiheng05/fenliu-lab 大小为 0，跳过
[2026-07-27 00:11:36] 仓库 https://github.com/ovmvo/FreeSub (分支: main, size: 37KB, pushed: 2026-07-26T15:52:31Z)
[2026-07-27 00:11:37] 仓库 https://github.com/ovmvo/FreeSub 候选文件 3 个
[2026-07-27 00:11:38] ⏱️ [33/147] Nekoray pushed:>2026-07-25T15:43:36Z fork:true -language:HTM | 8s | +154 | 配额 2704/4800
[2026-07-27 00:11:46]   ... 主队列 200, 发现队列 0
[2026-07-27 00:12:06] 🔗 查子仓库: ovmvo/FreeSub
[2026-07-27 00:12:08]   🍴 子仓库: 17 个 → 发现队列 (队列: 0/600)
[2026-07-27 00:12:08] 🔗 开始 Fork 链追踪 (ovmvo/FreeSub)
[2026-07-27 00:12:09] 🔗 查子仓库: mycum/ClashMetaForAndroid[2026-07-27 00:12:09] 👤 遍历用户仓库: ovmvo

[2026-07-27 00:12:10] 🔗 开始 Fork 链追踪 (mycum/ClashMetaForAndroid)
[2026-07-27 00:12:10] 🔗 查子仓库: cbusifabcap/daily_free_vpn
[2026-07-27 00:12:10]   父仓库: MetaCubeX/ClashMetaForAndroid
[2026-07-27 00:12:10] 仓库在黑名单中: https://github.com/MetaCubeX/ClashMetaForAndroid
[2026-07-27 00:12:10]   父仓库 +0 个节点
[2026-07-27 00:12:10]   用户 ovmvo 共查 0 个仓库
[2026-07-27 00:12:10] 仓库 https://github.com/Solismuchengxue/local_aurora_api (分支: main, size: 102KB, pushed: 2026-07-26T15:49:39Z)
[2026-07-27 00:12:11]   🍴 子仓库: 10 个 → 发现队列 (队列: 0/600)
[2026-07-27 00:12:11] 🔗 开始 Fork 链追踪 (cbusifabcap/daily_free_vpn)
[2026-07-27 00:12:11] 仓库 https://github.com/Solismuchengxue/local_aurora_api 候选文件 9 个
[2026-07-27 00:12:11] 👤 遍历用户仓库: cbusifabcap
[2026-07-27 00:12:11]   👤 用户仓库: 2 个 → 发现队列 (队列: 0/600)
[2026-07-27 00:12:11]   用户 cbusifabcap 共查 2 个仓库
[2026-07-27 00:12:11] 仓库 https://github.com/kotetsyy/xttp-stack (分支: main, size: 148KB, pushed: 2026-07-26T15:46:10Z)
[2026-07-27 00:12:12] 仓库 https://github.com/kotetsyy/xttp-stack 候选文件 8 个
[2026-07-27 00:12:12]   🍴 兄弟仓库: 30 个 → 发现队列 (队列: 0/600)
[2026-07-27 00:12:12] 👤 遍历用户仓库: mycum
[2026-07-27 00:12:13]   👤 用户仓库: 7 个 → 发现队列 (队列: 0/600)
[2026-07-27 00:12:13]   用户 mycum 共查 7 个仓库
[2026-07-27 00:12:13] 仓库 https://github.com/zzzhhe999/Mihomo-Script-Rules (分支: main, size: 264KB, pushed: 2026-07-26T15:47:00Z)
[2026-07-27 00:12:13] 仓库 https://github.com/zzzhhe999/Mihomo-Script-Rules 候选文件 1 个
[2026-07-27 00:12:13] 仓库 https://github.com/Solismuchengxue/local_aurora_api 未提取到节点，加入黑名单
[2026-07-27 00:12:13] 仓库 https://github.com/TWO666/mihomo (分支: main, size: 12672KB, pushed: 2026-07-26T15:43:52Z)
[2026-07-27 00:12:14] 🔗 查子仓库: zzzhhe999/Mihomo-Script-Rules
[2026-07-27 00:12:14] 仓库 https://github.com/TWO666/mihomo 无候选文件 (总计 30 blob, 扩展名过滤 20, processed_shas 跳过 0, SHA 缓存跳过 10)
[2026-07-27 00:12:14] 🔗 查子仓库: TWO666/mihomo
[2026-07-27 00:12:14] 🔗 查子仓库: AvenCores/goida-vpn-configs
[2026-07-27 00:12:14] 🔗 开始 Fork 链追踪 (TWO666/mihomo)
[2026-07-27 00:12:14] 🔗 开始 Fork 链追踪 (zzzhhe999/Mihomo-Script-Rules)
[2026-07-27 00:12:14] 👤 遍历用户仓库: zzzhhe999
[2026-07-27 00:12:14]   父仓库: MetaCubeX/mihomo
[2026-07-27 00:12:15]   用户 zzzhhe999 共查 0 个仓库
[2026-07-27 00:12:15] 仓库 https://github.com/tagma067001068/Pandora-Box (分支: v3, size: 65350KB, pushed: 2026-07-26T15:41:24Z)
[2026-07-27 00:12:15] 仓库 https://github.com/tagma067001068/Pandora-Box 候选文件 1 个
[2026-07-27 00:12:15] 仓库 https://github.com/kotetsyy/xttp-stack 未提取到节点，加入黑名单
[2026-07-27 00:12:15] 仓库 https://github.com/yeDaChai/tun-ui (分支: main, size: 393KB, pushed: 2026-07-26T15:36:26Z)
[2026-07-27 00:12:16]   🍴 子仓库: 30 个 → 发现队列 (队列: 0/600)
[2026-07-27 00:12:16] 🔗 开始 Fork 链追踪 (AvenCores/goida-vpn-configs)
[2026-07-27 00:12:16] 仓库 https://github.com/tagma067001068/Pandora-Box 未提取到节点，加入黑名单
[2026-07-27 00:12:16] 仓库 https://github.com/hvwin8/autojiedian (分支: master, size: 162306KB, pushed: 2026-07-26T15:35:02Z)
[2026-07-27 00:12:16] 仓库 https://github.com/yeDaChai/tun-ui 候选文件 9 个
[2026-07-27 00:12:16] 👤 遍历用户仓库: AvenCores
[2026-07-27 00:12:16] 仓库 https://github.com/hvwin8/autojiedian 候选文件 9 个
[2026-07-27 00:12:17]   👤 用户仓库: 30 个 → 发现队列 (队列: 0/600)
[2026-07-27 00:12:17]   用户 AvenCores 共查 30 个仓库
[2026-07-27 00:12:17] 仓库 https://github.com/gogyt/Mihomo (分支: main, size: 49923KB, pushed: 2026-07-26T15:33:32Z)
[2026-07-27 00:12:17] 仓库 https://github.com/gogyt/Mihomo 候选文件 60 个
[2026-07-27 00:12:18]   🍴 兄弟仓库: 30 个 → 发现队列 (队列: 0/600)
[2026-07-27 00:12:18] 👤 遍历用户仓库: TWO666
[2026-07-27 00:12:18] ⏱️ [34/147] Nekobox pushed:>2026-07-25T15:43:36Z fork:true -language:HTM | 39s | +56 | 配额 2665/4800
[2026-07-27 00:12:18] 仓库 https://github.com/yeDaChai/tun-ui 未提取到节点，加入黑名单
[2026-07-27 00:12:18] 仓库 https://github.com/fly2016git/mihomo_client_ohos (分支: main, size: 47255KB, pushed: 2026-07-26T15:22:26Z)
[2026-07-27 00:12:18]   👤 用户仓库: 5 个 → 发现队列 (队列: 0/600)
[2026-07-27 00:12:18]   用户 TWO666 共查 5 个仓库
[2026-07-27 00:12:18] 仓库 https://github.com/sammimk830/Loyalsoldier_geoip (分支: master, size: 8807KB, pushed: 2026-07-26T14:58:53Z)
[2026-07-27 00:12:19] 仓库 https://github.com/sammimk830/Loyalsoldier_geoip 候选文件 2 个
[2026-07-27 00:12:21] 仓库 https://github.com/sammimk830/Loyalsoldier_geoip 未提取到节点，加入黑名单
[2026-07-27 00:12:21] 仓库 https://github.com/richerfu/Paws (分支: main, size: 851KB, pushed: 2026-07-26T14:52:05Z)
[2026-07-27 00:12:21] 仓库 https://github.com/fly2016git/mihomo_client_ohos 候选文件较多 (155 个)，先通过 commits API 过滤
[2026-07-27 00:12:21] 仓库 https://github.com/richerfu/Paws 候选文件 15 个
[2026-07-27 00:12:24] 仓库 https://github.com/richerfu/Paws 未提取到节点，加入黑名单
[2026-07-27 00:12:25] 仓库 https://github.com/HGrover2022/clash-js (分支: main, size: 4807KB, pushed: 2026-07-26T14:35:48Z)
[2026-07-27 00:12:25]   Compare API 返回 50 个变更文件 (3 次 API 调用)
[2026-07-27 00:12:25]   commits 过滤: 155 → 14 (变更文件 50 个)
[2026-07-27 00:12:25] 仓库 https://github.com/fly2016git/mihomo_client_ohos 候选文件 14 个
[2026-07-27 00:12:26] 仓库 https://github.com/HGrover2022/clash-js 候选文件 2 个
[2026-07-27 00:12:27] 仓库 https://github.com/HGrover2022/clash-js README 含广告词，加入黑名单
[2026-07-27 00:12:27] 仓库 https://github.com/wonta/sparkle (分支: master, size: 10545KB, pushed: 2026-07-26T14:01:41Z)
[2026-07-27 00:12:28] README (fly2016git/mihomo_client_ohos) 404，跳过
[2026-07-27 00:12:28] 仓库 https://github.com/fly2016git/mihomo_client_ohos 未提取到节点，加入黑名单
[2026-07-27 00:12:28] 仓库 https://github.com/riddler310/MyClash (分支: main, size: 6673KB, pushed: 2026-07-26T14:00:47Z)
[2026-07-27 00:12:29] 仓库 https://github.com/wonta/sparkle 候选文件 2 个
[2026-07-27 00:12:29] 仓库 https://github.com/riddler310/MyClash 无候选文件 (总计 15 blob, 扩展名过滤 9, processed_shas 跳过 0, SHA 缓存跳过 6)
[2026-07-27 00:12:29] 🔗 查子仓库: riddler310/MyClash
[2026-07-27 00:12:30] 🔗 开始 Fork 链追踪 (riddler310/MyClash)
[2026-07-27 00:12:30]   父仓库: AIsouler/MyClash
[2026-07-27 00:12:32]   🍴 兄弟仓库: 25 个 → 发现队列 (队列: 0/600)
[2026-07-27 00:12:32] 👤 遍历用户仓库: riddler310
[2026-07-27 00:12:34]   👤 用户仓库: 9 个 → 发现队列 (队列: 0/600)
[2026-07-27 00:12:35]   用户 riddler310 共查 9 个仓库
[2026-07-27 00:12:35] 仓库 https://github.com/Elegying/SSRVPN (分支: main, size: 5463KB, pushed: 2026-07-26T14:21:12Z)
[2026-07-27 00:12:38] 仓库 https://github.com/wonta/sparkle 未提取到节点，加入黑名单
[2026-07-27 00:12:38] 仓库 https://github.com/Wh1zd/override-rules (分支: main, size: 3815KB, pushed: 2026-07-26T13:44:33Z)
[2026-07-27 00:12:38] 仓库 https://github.com/Elegying/SSRVPN 候选文件 14 个
[2026-07-27 00:12:38] 仓库 https://github.com/Wh1zd/override-rules 候选文件 3 个
[2026-07-27 00:12:40] 仓库 https://github.com/Elegying/SSRVPN 未提取到节点，加入黑名单
[2026-07-27 00:12:40] 仓库 https://github.com/Make120/custom_mihomo_ruleset (分支: main, size: 37KB, pushed: 2026-07-26T13:43:41Z)
[2026-07-27 00:12:41] 仓库 https://github.com/Make120/custom_mihomo_ruleset 候选文件 1 个
[2026-07-27 00:12:41] 仓库 https://github.com/Wh1zd/override-rules README 含广告词，加入黑名单
[2026-07-27 00:12:42] 仓库 https://github.com/appshubcc/Bettbox (分支: main, size: 113013KB, pushed: 2026-07-26T13:42:45Z)
[2026-07-27 00:12:42] 仓库 https://github.com/Make120/custom_mihomo_ruleset 未提取到节点，加入黑名单
[2026-07-27 00:12:42] 仓库 https://github.com/SkyR0ver/sparkle-rpm (分支: main, size: 10KB, pushed: 2026-07-26T13:42:36Z)
[2026-07-27 00:12:43] 🔗 查子仓库: hvwin8/autojiedian
[2026-07-27 00:12:43] 🔗 开始 Fork 链追踪 (hvwin8/autojiedian)
[2026-07-27 00:12:43] 仓库 https://github.com/SkyR0ver/sparkle-rpm 候选文件 1 个
[2026-07-27 00:12:43] 👤 遍历用户仓库: hvwin8
[2026-07-27 00:12:43]   👤 用户仓库: 2 个 → 发现队列 (队列: 0/600)
[2026-07-27 00:12:43]   用户 hvwin8 共查 2 个仓库
[2026-07-27 00:12:43] 仓库 https://github.com/liwp914/BestClash (分支: main, size: 307174KB, pushed: 2026-07-26T13:34:26Z)
[2026-07-27 00:12:44] README (SkyR0ver/sparkle-rpm) 404，跳过
[2026-07-27 00:12:44] 仓库 https://github.com/SkyR0ver/sparkle-rpm 未提取到节点，加入黑名单
[2026-07-27 00:12:44] 仓库 https://github.com/Aman9690/clash-config-editor (分支: main, size: 1953KB, pushed: 2026-07-26T13:30:18Z)
[2026-07-27 00:12:44] 仓库 https://github.com/appshubcc/Bettbox 候选文件较多 (185 个)，先通过 commits API 过滤
[2026-07-27 00:12:44] 仓库 https://github.com/liwp914/BestClash 候选文件 1 个
[2026-07-27 00:12:44] 仓库 https://github.com/Aman9690/clash-config-editor 无候选文件 (总计 36 blob, 扩展名过滤 20, processed_shas 跳过 0, SHA 缓存跳过 16)
[2026-07-27 00:12:44] 🔗 查子仓库: Aman9690/clash-config-editor
[2026-07-27 00:12:44] 🔗 开始 Fork 链追踪 (Aman9690/clash-config-editor)
[2026-07-27 00:12:45] ⏱️ [35/147] FlClash pushed:>2026-07-25T15:43:36Z fork:true -language:HTM | 27s | +7 | 配额 2632/4800
[2026-07-27 00:12:45] 👤 遍历用户仓库: Aman9690
[2026-07-27 00:12:45]   Compare API 返回 30 个变更文件 (3 次 API 调用)
[2026-07-27 00:12:45]   commits 过滤: 185 → 2 (变更文件 30 个)
[2026-07-27 00:12:45] 仓库 https://github.com/appshubcc/Bettbox 候选文件 2 个
[2026-07-27 00:12:45]   用户 Aman9690 共查 0 个仓库
[2026-07-27 00:12:45] 仓库 https://github.com/10Dream/mihomo_converter (分支: main, size: 55449KB, pushed: 2026-07-26T13:23:20Z)
[2026-07-27 00:12:46] 仓库 https://github.com/10Dream/mihomo_converter 候选文件 25 个
[2026-07-27 00:12:47] 仓库 https://github.com/gogyt/Mihomo 未提取到节点，加入黑名单
[2026-07-27 00:12:47] 仓库 https://github.com/hyird/GuardDNS (分支: main, size: 164KB, pushed: 2026-07-26T13:04:54Z)[2026-07-27 00:12:47] 仓库 https://github.com/appshubcc/Bettbox README 含广告词，加入黑名单

[2026-07-27 00:12:48] ⏱️ [36/147] free subscription github pushed:>2026-07-25T15:43:36Z fork:t | 3s | +0 | 配额 2625/4800[2026-07-27 00:12:48] 仓库 https://github.com/xiaen-8/jsnzkpg (分支: Jsnzkpg, size: 16662KB, pushed: 2026-07-26T12:59:05Z)

[2026-07-27 00:12:49] 仓库 https://github.com/hyird/GuardDNS 候选文件 14 个
[2026-07-27 00:12:50] 仓库 https://github.com/xiaen-8/jsnzkpg 候选文件 1 个
[2026-07-27 00:12:53] ⏱️ [37/147] daily subscription pushed:>2026-07-25T15:43:36Z fork:true -l | 5s | +26 | 配额 2621/4800
[2026-07-27 00:12:54] 🔗 查子仓库: xiaen-8/jsnzkpg
[2026-07-27 00:12:55] 🔗 开始 Fork 链追踪 (xiaen-8/jsnzkpg)
[2026-07-27 00:12:56]   父仓库: Wanone1188/jsnzkpg
[2026-07-27 00:12:56] 仓库在黑名单中: https://github.com/Wanone1188/jsnzkpg
[2026-07-27 00:12:56]   父仓库 +0 个节点
[2026-07-27 00:12:56] ⏱️ [38/147] base64 subscription pushed:>2026-07-25T15:43:36Z fork:true - | 3s | +20 | 配额 2617/4800
[2026-07-27 00:12:56] 仓库 https://github.com/hyird/GuardDNS 未提取到节点，加入黑名单
[2026-07-27 00:12:56] 仓库 https://github.com/Truth98K/yaml (分支: main, size: 59KB, pushed: 2026-07-26T12:51:49Z)
[2026-07-27 00:12:56] 👤 遍历用户仓库: xiaen-8
[2026-07-27 00:12:57]   👤 用户仓库: 6 个 → 发现队列 (队列: 0/600)
[2026-07-27 00:12:57]   用户 xiaen-8 共查 6 个仓库
[2026-07-27 00:12:57] 仓库 https://github.com/lynn5713/mihomo-ruleset (分支: main, size: 12658KB, pushed: 2026-07-26T12:52:59Z)
[2026-07-27 00:12:58] 仓库 https://github.com/Truth98K/yaml 候选文件 21 个
[2026-07-27 00:12:58] 🔗 查子仓库: 10Dream/mihomo_converter
[2026-07-27 00:12:58] 仓库 https://github.com/lynn5713/mihomo-ruleset 候选文件 1 个
[2026-07-27 00:12:58] 🔗 开始 Fork 链追踪 (10Dream/mihomo_converter)
[2026-07-27 00:12:59] 👤 遍历用户仓库: 10Dream
[2026-07-27 00:12:59] 🔗 查子仓库: liwp914/BestClash
[2026-07-27 00:12:59] 🔗 查子仓库: Truth98K/yaml
[2026-07-27 00:12:59]   👤 用户仓库: 5 个 → 发现队列 (队列: 0/600)
[2026-07-27 00:12:59]   用户 10Dream 共查 5 个仓库
[2026-07-27 00:12:59] 仓库 https://github.com/obkj/mihomo-tool (分支: main, size: 546KB, pushed: 2026-07-26T12:54:35Z)
[2026-07-27 00:12:59] 🔗 开始 Fork 链追踪 (Truth98K/yaml)
[2026-07-27 00:12:59] 🔗 开始 Fork 链追踪 (liwp914/BestClash)
[2026-07-27 00:12:59] 仓库 https://github.com/lynn5713/mihomo-ruleset 未提取到节点，加入黑名单
[2026-07-27 00:12:59] 仓库 https://github.com/clone-fan/mihomo-config (分支: main, size: 227268KB, pushed: 2026-07-26T12:15:14Z)
[2026-07-27 00:13:00]   父仓库: qichiyuhub/rule
[2026-07-27 00:13:00] 仓库在黑名单中: https://github.com/qichiyuhub/rule
[2026-07-27 00:13:00]   父仓库 +0 个节点
[2026-07-27 00:13:00]   父仓库: PuddinCat/BestClash
[2026-07-27 00:13:00] 仓库 https://github.com/obkj/mihomo-tool 候选文件 5 个
[2026-07-27 00:13:01]   🍴 兄弟仓库: 30 个 → 发现队列 (队列: 0/600)
[2026-07-27 00:13:01] 👤 遍历用户仓库: liwp914
[2026-07-27 00:13:01] 仓库 https://github.com/obkj/mihomo-tool 未提取到节点，加入黑名单
[2026-07-27 00:13:01] 仓库 https://github.com/kafeixiang/mihomo (分支: Alpha, size: 12738KB, pushed: 2026-07-26T12:46:26Z)
[2026-07-27 00:13:01]   🍴 兄弟仓库: 30 个 → 发现队列 (队列: 0/600)
[2026-07-27 00:13:01] 👤 遍历用户仓库: Truth98K
[2026-07-27 00:13:01] 仓库 https://github.com/kafeixiang/mihomo 候选文件 1 个
[2026-07-27 00:13:02] 🔗 查子仓库: kafeixiang/mihomo
[2026-07-27 00:13:02]   👤 用户仓库: 24 个 → 发现队列 (队列: 0/600)
[2026-07-27 00:13:02]   用户 Truth98K 共查 24 个仓库
[2026-07-27 00:13:02] 仓库 https://github.com/99BA339/rule-set (分支: master, size: 11268KB, pushed: 2026-07-26T12:07:03Z)
[2026-07-27 00:13:02] 🔗 开始 Fork 链追踪 (kafeixiang/mihomo)
[2026-07-27 00:13:02]   父仓库: MetaCubeX/mihomo
[2026-07-27 00:13:02] 仓库 https://github.com/99BA339/rule-set 无候选文件 (总计 18 blob, 扩展名过滤 1, processed_shas 跳过 0, SHA 缓存跳过 17)
[2026-07-27 00:13:02] 🔗 查子仓库: 99BA339/rule-set
[2026-07-27 00:13:02] 🔗 开始 Fork 链追踪 (99BA339/rule-set)
[2026-07-27 00:13:02]   父仓库: QuixoticHeart/rule-set
[2026-07-27 00:13:03] 仓库 https://github.com/clone-fan/mihomo-config 候选文件较多 (2406 个)，先通过 commits API 过滤
[2026-07-27 00:13:03]   🍴 兄弟仓库: 21 个 → 发现队列 (队列: 0/600)
[2026-07-27 00:13:03] 👤 遍历用户仓库: kafeixiang
[2026-07-27 00:13:03]   👤 用户仓库: 30 个 → 发现队列 (队列: 0/600)
[2026-07-27 00:13:03]   用户 liwp914 共查 30 个仓库
[2026-07-27 00:13:03] 仓库 https://github.com/xiaoxizi-lyx/clashmeta (分支: Meta, size: 12676KB, pushed: 2026-07-26T11:57:44Z)
[2026-07-27 00:13:04]   🍴 兄弟仓库: 30 个 → 发现队列 (队列: 0/600)
[2026-07-27 00:13:04] 👤 遍历用户仓库: 99BA339
[2026-07-27 00:13:04]   用户 kafeixiang 共查 0 个仓库
[2026-07-27 00:13:04] 仓库 https://github.com/MetaCubeX/mihomo (分支: main, size: 12672KB, pushed: 2026-07-26T11:51:10Z)
[2026-07-27 00:13:04] 仓库 https://github.com/xiaoxizi-lyx/clashmeta 候选文件 3 个
[2026-07-27 00:13:04]   Compare API 返回 2 个变更文件 (3 次 API 调用)
[2026-07-27 00:13:04]   commits 过滤: 2406 → 1 (变更文件 2 个)
[2026-07-27 00:13:04] 仓库 https://github.com/clone-fan/mihomo-config 候选文件 1 个
[2026-07-27 00:13:04]   👤 用户仓库: 17 个 → 发现队列 (队列: 0/600)
[2026-07-27 00:13:04]   用户 99BA339 共查 17 个仓库
[2026-07-27 00:13:04] 仓库 https://github.com/hallfay0/OpenSurge-for-Mac (分支: master, size: 3754KB, pushed: 2026-07-26T11:34:35Z)
[2026-07-27 00:13:04] 仓库 https://github.com/MetaCubeX/mihomo 无候选文件 (总计 30 blob, 扩展名过滤 20, processed_shas 跳过 0, SHA 缓存跳过 10)
[2026-07-27 00:13:04] 🔗 查子仓库: MetaCubeX/mihomo
[2026-07-27 00:13:04] 仓库 https://github.com/hallfay0/OpenSurge-for-Mac 候选文件 11 个
[2026-07-27 00:13:04] 仓库 https://github.com/clone-fan/mihomo-config 未提取到节点，加入黑名单
[2026-07-27 00:13:04] 仓库 https://github.com/bI4ckb34rd/meow (分支: main, size: 2601KB, pushed: 2026-07-26T11:33:17Z)
[2026-07-27 00:13:05] 仓库 https://github.com/hallfay0/OpenSurge-for-Mac 未提取到节点，加入黑名单
[2026-07-27 00:13:05] 仓库 https://github.com/blindlight86/fluxo.click (分支: main, size: 777KB, pushed: 2026-07-26T11:10:37Z)
[2026-07-27 00:13:05] 🔗 查子仓库: xiaoxizi-lyx/clashmeta
[2026-07-27 00:13:05] 仓库 https://github.com/bI4ckb34rd/meow 候选文件 38 个
[2026-07-27 00:13:05] 🔗 开始 Fork 链追踪 (MetaCubeX/mihomo)
[2026-07-27 00:13:05] 🔗 开始 Fork 链追踪 (xiaoxizi-lyx/clashmeta)
[2026-07-27 00:13:05] 仓库 https://github.com/blindlight86/fluxo.click 候选文件 28 个
[2026-07-27 00:13:05] 👤 遍历用户仓库: MetaCubeX
[2026-07-27 00:13:05]   父仓库: MetaCubeX/mihomo
[2026-07-27 00:13:06] 仓库 https://github.com/bI4ckb34rd/meow 未提取到节点，加入黑名单
[2026-07-27 00:13:06] ⚠️ 仓库 https://github.com/mihomo-party/mihomoparty 大小为 0，跳过
[2026-07-27 00:13:06] 仓库 https://github.com/kagtua/mihomoctl (分支: main, size: 26KB, pushed: 2026-07-26T10:20:49Z)
[2026-07-27 00:13:06] 👤 遍历用户仓库: xiaoxizi-lyx
[2026-07-27 00:13:07]   👤 用户仓库: 30 个 → 发现队列 (队列: 0/600)
[2026-07-27 00:13:07]   用户 MetaCubeX 共查 30 个仓库
[2026-07-27 00:13:07] 仓库 https://github.com/bvvbjvo/0702i (分支: main, size: 65238KB, pushed: 2026-07-26T10:18:05Z)
[2026-07-27 00:13:07] ⏱️ [39/147] free sub pushed:>2026-07-25T15:43:36Z fork:true -language:HT | 11s | +2006 | 配额 2559/4800
[2026-07-27 00:13:07] 仓库 https://github.com/kagtua/mihomoctl 候选文件 3 个
[2026-07-27 00:13:07]   👤 用户仓库: 8 个 → 发现队列 (队列: 0/600)
[2026-07-27 00:13:07]   用户 xiaoxizi-lyx 共查 8 个仓库
[2026-07-27 00:13:07] 仓库 https://github.com/Dkbiniran/Nova-Proxy (分支: main, size: 8891KB, pushed: 2026-07-26T10:14:57Z)
[2026-07-27 00:13:07] 仓库 https://github.com/bvvbjvo/0702i 无候选文件 (总计 130 blob, 扩展名过滤 70, processed_shas 跳过 0, SHA 缓存跳过 60)
[2026-07-27 00:13:07] 🔗 查子仓库: bvvbjvo/0702i
[2026-07-27 00:13:07] 🔗 开始 Fork 链追踪 (bvvbjvo/0702i)
[2026-07-27 00:13:07] 仓库 https://github.com/Dkbiniran/Nova-Proxy 候选文件 8 个
[2026-07-27 00:13:08]   父仓库: bia-pain-bache/BPB-Worker-Panel
[2026-07-27 00:13:08] ⏭️ 仓库 https://github.com/bia-pain-bache/BPB-Worker-Panel 147h 未更新，跳过解析（追踪 fork 链）
[2026-07-27 00:13:08] 🔗 查子仓库: bia-pain-bache/BPB-Worker-Panel
[2026-07-27 00:13:08] 仓库 https://github.com/kagtua/mihomoctl 未提取到节点，加入黑名单
[2026-07-27 00:13:08] 仓库 https://github.com/zjxlooou/MyClash (分支: main, size: 6616KB, pushed: 2026-07-26T09:24:57Z)
[2026-07-27 00:13:08] 仓库 https://github.com/blindlight86/fluxo.click 未提取到节点，加入黑名单
[2026-07-27 00:13:08] 仓库 https://github.com/AschoofAlpha/claude-shield (分支: main, size: 176KB, pushed: 2026-07-26T09:19:18Z)
[2026-07-27 00:13:08] 仓库 https://github.com/zjxlooou/MyClash 候选文件 2 个
[2026-07-27 00:13:08] 仓库 https://github.com/AschoofAlpha/claude-shield 候选文件 15 个
[2026-07-27 00:13:09] 仓库 https://github.com/AschoofAlpha/claude-shield 未提取到节点，加入黑名单
[2026-07-27 00:13:09] 仓库 https://github.com/wwts17/mullvadctl (分支: master, size: 41KB, pushed: 2026-07-26T09:31:14Z)
[2026-07-27 00:13:09] 仓库 https://github.com/zjxlooou/MyClash README 含广告词，加入黑名单
[2026-07-27 00:13:09] 仓库 https://github.com/jairwen/OpenSurge-for-Mac (分支: master, size: 3755KB, pushed: 2026-07-26T09:09:42Z)
[2026-07-27 00:13:09] 仓库 https://github.com/wwts17/mullvadctl 候选文件 5 个
[2026-07-27 00:13:09] 仓库 https://github.com/jairwen/OpenSurge-for-Mac 无候选文件 (总计 257 blob, 扩展名过滤 188, processed_shas 跳过 11, SHA 缓存跳过 58)
[2026-07-27 00:13:09] 🔗 查子仓库: jairwen/OpenSurge-for-Mac
[2026-07-27 00:13:09] 🔗 开始 Fork 链追踪 (jairwen/OpenSurge-for-Mac)
[2026-07-27 00:13:10]   父仓库: YTwsy/OpenSurge-for-Mac
[2026-07-27 00:13:10]   🍴 兄弟仓库: 25 个 → 发现队列 (队列: 0/600)
[2026-07-27 00:13:10] 👤 遍历用户仓库: jairwen
[2026-07-27 00:13:10] 仓库 https://github.com/wwts17/mullvadctl 未提取到节点，加入黑名单
[2026-07-27 00:13:10] 仓库 https://github.com/Jessica-Luo888/OpenSurge-for-Mac (分支: master, size: 3755KB, pushed: 2026-07-26T09:09:42Z)
[2026-07-27 00:13:10] 仓库 https://github.com/Jessica-Luo888/OpenSurge-for-Mac 无候选文件 (总计 257 blob, 扩展名过滤 188, processed_shas 跳过 11, SHA 缓存跳过 58)
[2026-07-27 00:13:10] 🔗 查子仓库: Jessica-Luo888/OpenSurge-for-Mac
[2026-07-27 00:13:11] 🔗 开始 Fork 链追踪 (Jessica-Luo888/OpenSurge-for-Mac)
[2026-07-27 00:13:11]   父仓库: YTwsy/OpenSurge-for-Mac
[2026-07-27 00:13:12]   👤 用户仓库: 30 个 → 发现队列 (队列: 0/600)
[2026-07-27 00:13:12]   用户 jairwen 共查 30 个仓库
[2026-07-27 00:13:12] 仓库 https://github.com/MuskGolang/OpenSurge-for-Mac (分支: master, size: 3755KB, pushed: 2026-07-26T09:09:42Z)
[2026-07-27 00:13:12] 👤 遍历用户仓库: Jessica-Luo888
[2026-07-27 00:13:12]   👤 用户仓库: 1 个 → 发现队列 (队列: 0/600)
[2026-07-27 00:13:12]   用户 Jessica-Luo888 共查 1 个仓库
[2026-07-27 00:13:12] 仓库 https://github.com/mscorp/OpenSurge-for-Mac (分支: master, size: 3755KB, pushed: 2026-07-26T09:09:42Z)
[2026-07-27 00:13:12] 🔗 查子仓库: Dkbiniran/Nova-Proxy
[2026-07-27 00:13:12] 仓库 https://github.com/MuskGolang/OpenSurge-for-Mac 无候选文件 (总计 257 blob, 扩展名过滤 188, processed_shas 跳过 11, SHA 缓存跳过 58)
[2026-07-27 00:13:12] 🔗 查子仓库: MuskGolang/OpenSurge-for-Mac
[2026-07-27 00:13:12] 🔗 开始 Fork 链追踪 (Dkbiniran/Nova-Proxy)
[2026-07-27 00:13:12] 🔗 开始 Fork 链追踪 (MuskGolang/OpenSurge-for-Mac)
[2026-07-27 00:13:12] 仓库 https://github.com/mscorp/OpenSurge-for-Mac 无候选文件 (总计 257 blob, 扩展名过滤 188, processed_shas 跳过 11, SHA 缓存跳过 58)
[2026-07-27 00:13:12] 🔗 查子仓库: mscorp/OpenSurge-for-Mac
[2026-07-27 00:13:12]   父仓库: IRNova/Nova-Proxy
[2026-07-27 00:13:12] 仓库在黑名单中: https://github.com/IRNova/Nova-Proxy
[2026-07-27 00:13:12]   父仓库 +0 个节点
[2026-07-27 00:13:12]   父仓库: YTwsy/OpenSurge-for-Mac
[2026-07-27 00:13:12] 🔗 开始 Fork 链追踪 (mscorp/OpenSurge-for-Mac)
[2026-07-27 00:13:13]   父仓库: YTwsy/OpenSurge-for-Mac
[2026-07-27 00:13:13] 👤 遍历用户仓库: MuskGolang
[2026-07-27 00:13:13]   🍴 子仓库: 30 个 → 发现队列 (队列: 0/600)
[2026-07-27 00:13:13] 🔗 开始 Fork 链追踪 (bia-pain-bache/BPB-Worker-Panel)
[2026-07-27 00:13:13] 👤 遍历用户仓库: mscorp
[2026-07-27 00:13:13] 👤 遍历用户仓库: bia-pain-bache
[2026-07-27 00:13:13]   👤 用户仓库: 7 个 → 发现队列 (队列: 0/600)
[2026-07-27 00:13:13]   用户 bia-pain-bache 共查 7 个仓库
[2026-07-27 00:13:13]   父仓库 +105 个节点
[2026-07-27 00:13:14]   🍴 兄弟仓库: 30 个 → 发现队列 (队列: 0/600)
[2026-07-27 00:13:14] 👤 遍历用户仓库: Dkbiniran
[2026-07-27 00:13:14]   👤 用户仓库: 16 个 → 发现队列 (队列: 0/600)
[2026-07-27 00:13:14]   用户 Dkbiniran 共查 16 个仓库
[2026-07-27 00:13:14] 仓库 https://github.com/chironsoong-xxx/OpenSurge-for-Mac (分支: master, size: 3755KB, pushed: 2026-07-26T09:09:42Z)
[2026-07-27 00:13:14] 仓库 https://github.com/chironsoong-xxx/OpenSurge-for-Mac 无候选文件 (总计 257 blob, 扩展名过滤 188, processed_shas 跳过 11, SHA 缓存跳过 58)
[2026-07-27 00:13:14] 🔗 查子仓库: chironsoong-xxx/OpenSurge-for-Mac
[2026-07-27 00:13:15] 🔗 开始 Fork 链追踪 (chironsoong-xxx/OpenSurge-for-Mac)
[2026-07-27 00:13:15]   父仓库: YTwsy/OpenSurge-for-Mac
[2026-07-27 00:13:15]   👤 用户仓库: 30 个 → 发现队列 (队列: 0/600)
[2026-07-27 00:13:15]   用户 mscorp 共查 30 个仓库
[2026-07-27 00:13:15] 仓库 https://github.com/BitionSong/OpenSurge-for-Mac (分支: master, size: 3755KB, pushed: 2026-07-26T09:09:42Z)
[2026-07-27 00:13:15] 👤 遍历用户仓库: chironsoong-xxx
[2026-07-27 00:13:15] 仓库 https://github.com/BitionSong/OpenSurge-for-Mac 无候选文件 (总计 257 blob, 扩展名过滤 188, processed_shas 跳过 11, SHA 缓存跳过 58)
[2026-07-27 00:13:15] 🔗 查子仓库: BitionSong/OpenSurge-for-Mac
[2026-07-27 00:13:16]   👤 用户仓库: 2 个 → 发现队列 (队列: 0/600)
[2026-07-27 00:13:16]   用户 chironsoong-xxx 共查 2 个仓库
[2026-07-27 00:13:16] 仓库 https://github.com/hxhlb/OpenSurge-for-Mac (分支: master, size: 3755KB, pushed: 2026-07-26T09:09:42Z)
[2026-07-27 00:13:16] 🔗 开始 Fork 链追踪 (BitionSong/OpenSurge-for-Mac)
[2026-07-27 00:13:16]   父仓库: YTwsy/OpenSurge-for-Mac
[2026-07-27 00:13:16] 仓库 https://github.com/hxhlb/OpenSurge-for-Mac 无候选文件 (总计 257 blob, 扩展名过滤 188, processed_shas 跳过 11, SHA 缓存跳过 58)
[2026-07-27 00:13:16] 🔗 查子仓库: hxhlb/OpenSurge-for-Mac
[2026-07-27 00:13:16] 🔗 开始 Fork 链追踪 (hxhlb/OpenSurge-for-Mac)
[2026-07-27 00:13:16]   👤 用户仓库: 30 个 → 发现队列 (队列: 0/600)
[2026-07-27 00:13:16]   用户 MuskGolang 共查 30 个仓库
[2026-07-27 00:13:16] 仓库 https://github.com/gwailam/OpenSurge-for-Mac (分支: master, size: 3755KB, pushed: 2026-07-26T09:09:42Z)
[2026-07-27 00:13:16]   父仓库: YTwsy/OpenSurge-for-Mac
[2026-07-27 00:13:16] 👤 遍历用户仓库: BitionSong
[2026-07-27 00:13:17] 仓库 https://github.com/gwailam/OpenSurge-for-Mac 无候选文件 (总计 257 blob, 扩展名过滤 188, processed_shas 跳过 11, SHA 缓存跳过 58)
[2026-07-27 00:13:17] 🔗 查子仓库: gwailam/OpenSurge-for-Mac
[2026-07-27 00:13:17] 🔗 开始 Fork 链追踪 (gwailam/OpenSurge-for-Mac)
[2026-07-27 00:13:17] 👤 遍历用户仓库: hxhlb
[2026-07-27 00:13:17]   父仓库: YTwsy/OpenSurge-for-Mac
[2026-07-27 00:13:17] 👤 遍历用户仓库: gwailam
[2026-07-27 00:13:17]   👤 用户仓库: 30 个 → 发现队列 (队列: 0/600)
[2026-07-27 00:13:17]   用户 BitionSong 共查 30 个仓库
[2026-07-27 00:13:17] 仓库 https://github.com/ArchdevilForge/mm (分支: main, size: 28KB, pushed: 2026-07-26T08:32:46Z)
[2026-07-27 00:13:18] 仓库 https://github.com/ArchdevilForge/mm 候选文件 3 个
[2026-07-27 00:13:18]   🍴 兄弟仓库: 27 个 → 发现队列 (队列: 0/600)
[2026-07-27 00:13:18] 👤 遍历用户仓库: bvvbjvo
[2026-07-27 00:13:19]   👤 用户仓库: 16 个 → 发现队列 (队列: 0/600)
[2026-07-27 00:13:19]   用户 bvvbjvo 共查 16 个仓库
[2026-07-27 00:13:19] 仓库 https://github.com/saymer-alt/amnezia-mihomo-gateway (分支: main, size: 85KB, pushed: 2026-07-26T08:31:19Z)
[2026-07-27 00:13:19] 仓库 https://github.com/ArchdevilForge/mm 未提取到节点，加入黑名单
[2026-07-27 00:13:19] 仓库 https://github.com/OCote5721/Clash-Subscription-Converter-Script (分支: main, size: 92KB, pushed: 2026-07-26T08:25:02Z)
[2026-07-27 00:13:19] 仓库 https://github.com/saymer-alt/amnezia-mihomo-gateway 候选文件 3 个
[2026-07-27 00:13:19] 仓库 https://github.com/OCote5721/Clash-Subscription-Converter-Script 候选文件 4 个
[2026-07-27 00:13:20] 仓库 https://github.com/saymer-alt/amnezia-mihomo-gateway 未提取到节点，加入黑名单
[2026-07-27 00:13:20] 仓库 https://github.com/ajingzai/override-rules (分支: main, size: 4272KB, pushed: 2026-07-26T08:09:37Z)
[2026-07-27 00:13:20] 仓库 https://github.com/OCote5721/Clash-Subscription-Converter-Script README 含广告词，加入黑名单
[2026-07-27 00:13:20] 仓库 https://github.com/Starlordzz/sparklechameleon (分支: master, size: 10794KB, pushed: 2026-07-26T08:16:47Z)
[2026-07-27 00:13:20] 仓库 https://github.com/ajingzai/override-rules 候选文件较多 (132 个)，先通过 commits API 过滤
[2026-07-27 00:13:21] 仓库 https://github.com/Starlordzz/sparklechameleon 候选文件 6 个
[2026-07-27 00:13:21]   Compare API 返回 1 个变更文件 (3 次 API 调用)
[2026-07-27 00:13:21]   commits 过滤: 132 → 0 (变更文件 1 个)
[2026-07-27 00:13:21] 仓库 https://github.com/ajingzai/override-rules 候选文件经时间过滤后为空
[2026-07-27 00:13:21] 🔗 查子仓库: ajingzai/override-rules
[2026-07-27 00:13:21] 🔗 开始 Fork 链追踪 (ajingzai/override-rules)
[2026-07-27 00:13:21]   父仓库: powerfullz/override-rules
[2026-07-27 00:13:21] 仓库在黑名单中: https://github.com/powerfullz/override-rules
[2026-07-27 00:13:21]   父仓库 +0 个节点
[2026-07-27 00:13:22] 仓库 https://github.com/Starlordzz/sparklechameleon 未提取到节点，加入黑名单
[2026-07-27 00:13:22] 仓库 https://github.com/gogyt/MIHOMO_YAMLS (分支: main, size: 597540KB, pushed: 2026-07-26T08:05:07Z)
[2026-07-27 00:13:23]   🍴 兄弟仓库: 30 个 → 发现队列 (队列: 0/600)
[2026-07-27 00:13:23] 👤 遍历用户仓库: ajingzai
[2026-07-27 00:13:23] 仓库 https://github.com/gogyt/MIHOMO_YAMLS 候选文件较多 (474 个)，先通过 commits API 过滤
[2026-07-27 00:13:23]   👤 用户仓库: 30 个 → 发现队列 (队列: 0/600)
[2026-07-27 00:13:23]   用户 gwailam 共查 30 个仓库
[2026-07-27 00:13:23] 仓库 https://github.com/rmoyulong/small (分支: master, size: 88106KB, pushed: 2026-07-26T07:58:58Z)
[2026-07-27 00:13:23]   👤 用户仓库: 10 个 → 发现队列 (队列: 0/600)
[2026-07-27 00:13:23]   用户 ajingzai 共查 10 个仓库
[2026-07-27 00:13:23] 仓库 https://github.com/13bit-X/mihomo_rules_13bit (分支: main, size: 38KB, pushed: 2026-07-26T07:26:58Z)
[2026-07-27 00:13:24] 仓库 https://github.com/rmoyulong/small 候选文件较多 (143 个)，先通过 commits API 过滤
[2026-07-27 00:13:24]   Compare API 返回 300 个变更文件 (3 次 API 调用)
[2026-07-27 00:13:24]   commits 过滤: 474 → 292 (变更文件 300 个)
[2026-07-27 00:13:24] 仓库 https://github.com/gogyt/MIHOMO_YAMLS 候选文件 292 个
[2026-07-27 00:13:24] 仓库 https://github.com/13bit-X/mihomo_rules_13bit 候选文件 4 个
[2026-07-27 00:13:24]   Compare API 返回 6 个变更文件 (3 次 API 调用)
[2026-07-27 00:13:24]   commits 过滤: 143 → 2 (变更文件 6 个)
[2026-07-27 00:13:24] 仓库 https://github.com/rmoyulong/small 候选文件 2 个
[2026-07-27 00:13:25]   👤 用户仓库: 30 个 → 发现队列 (队列: 0/600)
[2026-07-27 00:13:25]   用户 hxhlb 共查 30 个仓库
[2026-07-27 00:13:25] 仓库 https://github.com/hmjz100/Yacd-Meta-Classic (分支: main, size: 6166KB, pushed: 2026-07-26T07:12:59Z)
[2026-07-27 00:13:25] 仓库 https://github.com/hmjz100/Yacd-Meta-Classic 候选文件 20 个
[2026-07-27 00:13:25] 仓库 https://github.com/13bit-X/mihomo_rules_13bit 未提取到节点，加入黑名单
[2026-07-27 00:13:25] 仓库 https://github.com/plum939/BPB-Worker-Panel (分支: main, size: 65958KB, pushed: 2026-07-26T07:08:02Z)
[2026-07-27 00:13:25] 仓库 https://github.com/plum939/BPB-Worker-Panel 无候选文件 (总计 130 blob, 扩展名过滤 70, processed_shas 跳过 0, SHA 缓存跳过 60)
[2026-07-27 00:13:25] 🔗 查子仓库: plum939/BPB-Worker-Panel
[2026-07-27 00:13:25] 仓库 https://github.com/rmoyulong/small 未提取到节点，加入黑名单
[2026-07-27 00:13:25] 仓库 https://github.com/hmjz100/Dashboards (分支: main, size: 9876KB, pushed: 2026-07-26T07:01:48Z)
[2026-07-27 00:13:26] 🔗 开始 Fork 链追踪 (plum939/BPB-Worker-Panel)
[2026-07-27 00:13:26]   父仓库: bia-pain-bache/BPB-Worker-Panel
[2026-07-27 00:13:26] 仓库 https://github.com/hmjz100/Dashboards 候选文件 7 个
[2026-07-27 00:13:27] 仓库 https://github.com/hmjz100/Yacd-Meta-Classic 未提取到节点，加入黑名单
[2026-07-27 00:13:27] 仓库 https://github.com/RichardMoor75/dostup_vpn (分支: master, size: 1028KB, pushed: 2026-07-26T06:27:41Z)
[2026-07-27 00:13:27] 仓库 https://github.com/RichardMoor75/dostup_vpn 候选文件 7 个
[2026-07-27 00:13:28] 仓库 https://github.com/hmjz100/Dashboards 未提取到节点，加入黑名单
[2026-07-27 00:13:28] 仓库 https://github.com/Jeffrey-done/CATVPN (分支: main, size: 17539KB, pushed: 2026-07-26T06:16:21Z)
[2026-07-27 00:13:29] 仓库 https://github.com/Jeffrey-done/CATVPN 候选文件 3 个
[2026-07-27 00:13:31] 👤 遍历用户仓库: plum939
[2026-07-27 00:13:32] 仓库 https://github.com/RichardMoor75/dostup_vpn 未提取到节点，加入黑名单
[2026-07-27 00:13:32] 仓库 https://github.com/Zaker120/roscomvpn-routing (分支: main, size: 404KB, pushed: 2026-07-26T06:14:12Z)
[2026-07-27 00:13:32] 🔗 查子仓库: Jeffrey-done/CATVPN
[2026-07-27 00:13:32] 仓库 https://github.com/gogyt/MIHOMO_YAMLS 未提取到节点，加入黑名单
[2026-07-27 00:13:32] 仓库 https://github.com/Van426326/Shadowrocket-ADBlock-Rules-Forever (分支: release, size: 356360KB, pushed: 2026-07-26T16:01:13Z)
[2026-07-27 00:13:32]   👤 用户仓库: 10 个 → 发现队列 (队列: 0/600)
[2026-07-27 00:13:32]   用户 plum939 共查 10 个仓库
[2026-07-27 00:13:32] 仓库 https://github.com/Feng00168/My-Shadowrocket-configuration (分支: main, size: 52KB, pushed: 2026-07-26T15:59:18Z)
[2026-07-27 00:13:32] 🔗 开始 Fork 链追踪 (Jeffrey-done/CATVPN)
[2026-07-27 00:13:32] 仓库 https://github.com/Van426326/Shadowrocket-ADBlock-Rules-Forever 候选文件 16 个
[2026-07-27 00:13:32] 仓库 https://github.com/Zaker120/roscomvpn-routing 候选文件 6 个
[2026-07-27 00:13:32] 👤 遍历用户仓库: Jeffrey-done
[2026-07-27 00:13:32] 仓库 https://github.com/Feng00168/My-Shadowrocket-configuration 候选文件 3 个
[2026-07-27 00:13:36]   👤 用户仓库: 30 个 → 发现队列 (队列: 0/600)
[2026-07-27 00:13:36]   用户 Jeffrey-done 共查 30 个仓库
[2026-07-27 00:13:36] 仓库 https://github.com/Feng00168/My-Shadowrocket-configuration 未提取到节点，加入黑名单
[2026-07-27 00:13:37] 仓库 https://github.com/notCorwin/clashjs2shadowrocket (分支: main, size: 10KB, pushed: 2026-07-26T15:46:06Z)
[2026-07-27 00:13:37] 仓库 https://github.com/kongjie0325-art/shadowrocket-anywhere-config (分支: master, size: 304KB, pushed: 2026-07-26T15:40:37Z)
[2026-07-27 00:13:39] 仓库 https://github.com/kongjie0325-art/shadowrocket-anywhere-config 候选文件 3 个
[2026-07-27 00:13:39] 仓库 https://github.com/notCorwin/clashjs2shadowrocket 候选文件 3 个
[2026-07-27 00:13:40] ⏱️ [40/147] v2ray sub pushed:>2026-07-25T15:43:36Z fork:true -language:H | 33s | +105 | 配额 2428/4800
[2026-07-27 00:13:40] README (Van426326/Shadowrocket-ADBlock-Rules-Forever) 404，跳过
[2026-07-27 00:13:40] 仓库 https://github.com/Van426326/Shadowrocket-ADBlock-Rules-Forever 未提取到节点，加入黑名单
[2026-07-27 00:13:40] 仓库 https://github.com/ilyasyakubov/shadowrocket-configuration-ru (分支: main, size: 4556KB, pushed: 2026-07-26T15:34:50Z)
[2026-07-27 00:13:40] 仓库 https://github.com/Zaker120/roscomvpn-routing 未提取到节点，加入黑名单
[2026-07-27 00:13:40] 仓库 https://github.com/Nar101/deploy-private-vpn-node (分支: main, size: 30KB, pushed: 2026-07-26T15:03:12Z)
[2026-07-27 00:13:41] 仓库 https://github.com/kongjie0325-art/shadowrocket-anywhere-config 未提取到节点，加入黑名单
[2026-07-27 00:13:41] 仓库 https://github.com/fuguanyi-lgtm/shadowrocket-sub (分支: main, size: 855KB, pushed: 2026-07-26T13:58:40Z)
[2026-07-27 00:13:41] 仓库 https://github.com/ilyasyakubov/shadowrocket-configuration-ru 候选文件 10 个
[2026-07-27 00:13:41] 仓库 https://github.com/Nar101/deploy-private-vpn-node 候选文件 10 个
[2026-07-27 00:13:41] 仓库 https://github.com/fuguanyi-lgtm/shadowrocket-sub 候选文件 1 个
[2026-07-27 00:13:41] 仓库 https://github.com/notCorwin/clashjs2shadowrocket 未提取到节点，加入黑名单
[2026-07-27 00:13:41] 仓库 https://github.com/YanbingJiang/Shadowrocket_diy_rules (分支: main, size: 1425KB, pushed: 2026-07-26T13:26:56Z)
[2026-07-27 00:13:41] 🔗 查子仓库: fuguanyi-lgtm/shadowrocket-sub
[2026-07-27 00:13:41] 🔗 开始 Fork 链追踪 (fuguanyi-lgtm/shadowrocket-sub)
[2026-07-27 00:13:42] 仓库 https://github.com/YanbingJiang/Shadowrocket_diy_rules 候选文件较多 (108 个)，先通过 commits API 过滤
[2026-07-27 00:13:42] 👤 遍历用户仓库: fuguanyi-lgtm
[2026-07-27 00:13:42]   用户 fuguanyi-lgtm 共查 0 个仓库
[2026-07-27 00:13:42] ⚠️ 仓库 https://github.com/kele156/shadowrocket-location- 大小为 0，跳过
[2026-07-27 00:13:42] 仓库 https://github.com/99BA339/wool_scripts (分支: main, size: 49536KB, pushed: 2026-07-26T12:05:54Z)
[2026-07-27 00:13:42]   Compare API 返回 1 个变更文件 (3 次 API 调用)
[2026-07-27 00:13:42]   commits 过滤: 108 → 0 (变更文件 1 个)
[2026-07-27 00:13:42] 仓库 https://github.com/YanbingJiang/Shadowrocket_diy_rules 候选文件经时间过滤后为空
[2026-07-27 00:13:42] 🔗 查子仓库: YanbingJiang/Shadowrocket_diy_rules
[2026-07-27 00:13:43] 仓库 https://github.com/99BA339/wool_scripts 候选文件 66 个
[2026-07-27 00:13:43] 仓库 https://github.com/Nar101/deploy-private-vpn-node README 含广告词，加入黑名单
[2026-07-27 00:13:43] 仓库 https://github.com/kkk-dollars/My-Shadowrocket (分支: main, size: 201KB, pushed: 2026-07-26T12:05:46Z)
[2026-07-27 00:13:43]   🍴 子仓库: 26 个 → 发现队列 (队列: 0/600)
[2026-07-27 00:13:43] 🔗 开始 Fork 链追踪 (YanbingJiang/Shadowrocket_diy_rules)
[2026-07-27 00:13:43] 仓库 https://github.com/kkk-dollars/My-Shadowrocket 候选文件 6 个
[2026-07-27 00:13:43] 👤 遍历用户仓库: YanbingJiang
[2026-07-27 00:13:44]   👤 用户仓库: 13 个 → 发现队列 (队列: 0/600)
[2026-07-27 00:13:44]   用户 YanbingJiang 共查 13 个仓库
[2026-07-27 00:13:44] ⚠️ 仓库 https://github.com/shadow-rocket/Shadowrocket 大小为 0，跳过
[2026-07-27 00:13:44] 仓库 https://github.com/bbylw/v2ray- (分支: main, size: 18085KB, pushed: 2026-07-26T08:39:05Z)
[2026-07-27 00:13:44] 仓库 https://github.com/ilyasyakubov/shadowrocket-configuration-ru 未提取到节点，加入黑名单
[2026-07-27 00:13:44] 仓库 https://github.com/kinlay0/roscomvpn-shadowrocket (分支: main, size: 2313KB, pushed: 2026-07-26T08:14:23Z)
[2026-07-27 00:13:44] 仓库 https://github.com/bbylw/v2ray- 无候选文件 (总计 6 blob, 扩展名过滤 1, processed_shas 跳过 2, SHA 缓存跳过 3)
[2026-07-27 00:13:45] 🔗 查子仓库: bbylw/v2ray-
[2026-07-27 00:13:45] 🔗 开始 Fork 链追踪 (bbylw/v2ray-)
[2026-07-27 00:13:45] README (kkk-dollars/My-Shadowrocket) 404，跳过[2026-07-27 00:13:45]   父仓库: free18/v2ray
[2026-07-27 00:13:45] 仓库 https://github.com/kinlay0/roscomvpn-shadowrocket 候选文件 3 个
[2026-07-27 00:13:45] 仓库 https://github.com/kkk-dollars/My-Shadowrocket 未提取到节点，加入黑名单

[2026-07-27 00:13:46] 仓库 https://github.com/assez/socks5-proxy (分支: main, size: 53KB, pushed: 2026-07-26T07:22:59Z)
[2026-07-27 00:13:46] 仓库 https://github.com/99BA339/wool_scripts README 含广告词，加入黑名单
[2026-07-27 00:13:46] 仓库 https://github.com/chen-jie/shadowrocket-config (分支: main, size: 910KB, pushed: 2026-07-26T06:45:54Z)
[2026-07-27 00:13:46] 仓库 https://github.com/assez/socks5-proxy 候选文件 1 个
[2026-07-27 00:13:47] 仓库 https://github.com/chen-jie/shadowrocket-config 候选文件 4 个
[2026-07-27 00:13:47] 仓库 https://github.com/assez/socks5-proxy README 含广告词，加入黑名单
[2026-07-27 00:13:47] 仓库 https://github.com/Wabbalubbadubdub123/Shadowrocket-Rules (分支: main, size: 134KB, pushed: 2026-07-26T05:36:49Z)
[2026-07-27 00:13:47]   🍴 兄弟仓库: 24 个 → 发现队列 (队列: 0/600)
[2026-07-27 00:13:47] 👤 遍历用户仓库: bbylw
[2026-07-27 00:13:47] 仓库 https://github.com/Wabbalubbadubdub123/Shadowrocket-Rules 候选文件 8 个
[2026-07-27 00:13:48]   ... 主队列 200, 发现队列 0
[2026-07-27 00:13:49] 仓库 https://github.com/kinlay0/roscomvpn-shadowrocket 未提取到节点，加入黑名单
[2026-07-27 00:13:49] 仓库 https://github.com/jichangyyds/jichang-tuijian (分支: main, size: 11KB, pushed: 2026-07-26T05:15:47Z)
[2026-07-27 00:13:49] 仓库 https://github.com/jichangyyds/jichang-tuijian 候选文件 1 个
[2026-07-27 00:13:50] 仓库 https://github.com/jichangyyds/jichang-tuijian README 含广告词，加入黑名单
[2026-07-27 00:13:50] 仓库 https://github.com/gs002143/shadowrocket (分支: main, size: 30KB, pushed: 2026-07-26T04:20:56Z)
[2026-07-27 00:13:50] README (chen-jie/shadowrocket-config) 404，跳过
[2026-07-27 00:13:50] 仓库 https://github.com/chen-jie/shadowrocket-config 未提取到节点，加入黑名单
[2026-07-27 00:13:50] 仓库 https://github.com/L1bT0rch/Adblock4limbo (分支: main, size: 204195KB, pushed: 2026-07-26T01:58:18Z)
[2026-07-27 00:13:50] 仓库 https://github.com/gs002143/shadowrocket 无候选文件 (总计 1 blob, 扩展名过滤 1, processed_shas 跳过 0, SHA 缓存跳过 0)
[2026-07-27 00:13:50] README (gs002143/shadowrocket) 404，跳过
[2026-07-27 00:13:50] 仓库 https://github.com/gs002143/shadowrocket 未提取到节点，加入黑名单
[2026-07-27 00:13:50] 仓库 https://github.com/aiocy/clash2shadowrocket (分支: main, size: 47KB, pushed: 2026-07-26T01:42:06Z)
[2026-07-27 00:13:51] 仓库 https://github.com/L1bT0rch/Adblock4limbo 无候选文件 (总计 1212 blob, 扩展名过滤 1148, processed_shas 跳过 0, SHA 缓存跳过 64)
[2026-07-27 00:13:51] 🔗 查子仓库: L1bT0rch/Adblock4limbo
[2026-07-27 00:13:51] 仓库 https://github.com/aiocy/clash2shadowrocket 候选文件 8 个
[2026-07-27 00:13:51] 仓库 https://github.com/Wabbalubbadubdub123/Shadowrocket-Rules 未提取到节点，加入黑名单
[2026-07-27 00:13:51] ⚠️ 仓库 https://github.com/monparadis30-source/onphone-bypass 大小为 0，跳过
[2026-07-27 00:13:51] 仓库 https://github.com/DDD7ddd/Sub-Store (分支: master, size: 12117KB, pushed: 2026-07-26T00:53:04Z)
[2026-07-27 00:13:51] 🔗 开始 Fork 链追踪 (L1bT0rch/Adblock4limbo)
[2026-07-27 00:13:51] 仓库 https://github.com/DDD7ddd/Sub-Store 无候选文件 (总计 173 blob, 扩展名过滤 153, processed_shas 跳过 0, SHA 缓存跳过 20)
[2026-07-27 00:13:51] 🔗 查子仓库: DDD7ddd/Sub-Store
[2026-07-27 00:13:51]   父仓库: limbopro/Adblock4limbo
[2026-07-27 00:13:51] 仓库在黑名单中: https://github.com/limbopro/Adblock4limbo
[2026-07-27 00:13:51]   父仓库 +0 个节点
[2026-07-27 00:13:51]   👤 用户仓库: 30 个 → 发现队列 (队列: 0/600)
[2026-07-27 00:13:51]   用户 bbylw 共查 30 个仓库
[2026-07-27 00:13:51] 仓库 https://github.com/liuzifi/Sub-Store (分支: master, size: 12117KB, pushed: 2026-07-26T00:53:04Z)
[2026-07-27 00:13:51] 🔗 开始 Fork 链追踪 (DDD7ddd/Sub-Store)
[2026-07-27 00:13:51] 仓库 https://github.com/liuzifi/Sub-Store 无候选文件 (总计 173 blob, 扩展名过滤 153, processed_shas 跳过 0, SHA 缓存跳过 20)
[2026-07-27 00:13:51] 🔗 查子仓库: liuzifi/Sub-Store
[2026-07-27 00:13:51]   父仓库: sub-store-org/Sub-Store
[2026-07-27 00:13:52]   🍴 兄弟仓库: 30 个 → 发现队列 (队列: 0/600)
[2026-07-27 00:13:52] 👤 遍历用户仓库: L1bT0rch
[2026-07-27 00:13:52]   👤 用户仓库: 1 个 → 发现队列 (队列: 0/600)
[2026-07-27 00:13:52]   用户 L1bT0rch 共查 1 个仓库
[2026-07-27 00:13:52] 仓库 https://github.com/leitianya/shadowrocket-rules (分支: master, size: 1203090KB, pushed: 2026-07-25T23:29:44Z)
[2026-07-27 00:13:52] 🔗 开始 Fork 链追踪 (liuzifi/Sub-Store)
[2026-07-27 00:13:52] 仓库 https://github.com/aiocy/clash2shadowrocket 未提取到节点，加入黑名单
[2026-07-27 00:13:52] 仓库 https://github.com/huoben9789/Shadowrocket-ADBlock-Rules-Forever (分支: release, size: 351691KB, pushed: 2026-07-25T23:18:07Z)
[2026-07-27 00:13:52]   父仓库: sub-store-org/Sub-Store
[2026-07-27 00:13:52] ⏱️ [41/147] clash sub pushed:>2026-07-25T15:43:36Z fork:true -language:H | 12s | +0 | 配额 2378/4800
[2026-07-27 00:13:53] 仓库 https://github.com/leitianya/shadowrocket-rules 候选文件 2 个
[2026-07-27 00:13:53] 仓库 https://github.com/huoben9789/Shadowrocket-ADBlock-Rules-Forever 候选文件 14 个
[2026-07-27 00:13:53] 仓库 https://github.com/leitianya/shadowrocket-rules 未提取到节点，加入黑名单
[2026-07-27 00:13:53] 仓库 https://github.com/EricArcha/Shadowrocket-ADBlock-Rules-Forever (分支: release, size: 351661KB, pushed: 2026-07-25T23:18:07Z)
[2026-07-27 00:13:53]   🍴 兄弟仓库: 30 个 → 发现队列 (队列: 0/600)
[2026-07-27 00:13:53] 👤 遍历用户仓库: DDD7ddd
[2026-07-27 00:13:54] 仓库 https://github.com/EricArcha/Shadowrocket-ADBlock-Rules-Forever 候选文件 9 个
[2026-07-27 00:13:54]   👤 用户仓库: 1 个 → 发现队列 (队列: 0/600)
[2026-07-27 00:13:54]   用户 DDD7ddd 共查 1 个仓库
[2026-07-27 00:13:54] 仓库 https://github.com/yuanjianhon/Shadowrocket-ADBlock-Rules-Forever (分支: release, size: 351661KB, pushed: 2026-07-25T23:18:07Z)
[2026-07-27 00:13:54]   🍴 兄弟仓库: 19 个 → 发现队列 (队列: 0/600)
[2026-07-27 00:13:54] 👤 遍历用户仓库: liuzifi
[2026-07-27 00:13:56]   👤 用户仓库: 30 个 → 发现队列 (队列: 0/600)
[2026-07-27 00:13:56] 仓库 https://github.com/yuanjianhon/Shadowrocket-ADBlock-Rules-Forever 候选文件 6 个[2026-07-27 00:13:56]   用户 liuzifi 共查 30 个仓库

[2026-07-27 00:13:57] 仓库 https://github.com/weilessL5/Shadowrocket-ADBlock-Rules-Forever (分支: release, size: 351661KB, pushed: 2026-07-25T23:18:07Z)
[2026-07-27 00:13:59] 仓库 https://github.com/weilessL5/Shadowrocket-ADBlock-Rules-Forever 候选文件 2 个
[2026-07-27 00:14:02] README (huoben9789/Shadowrocket-ADBlock-Rules-Forever) 404，跳过
[2026-07-27 00:14:02] 仓库 https://github.com/huoben9789/Shadowrocket-ADBlock-Rules-Forever 未提取到节点，加入黑名单
[2026-07-27 00:14:02] 仓库 https://github.com/iftoif/futu-ftnn-rules (分支: main, size: 26KB, pushed: 2026-07-25T20:10:38Z)
[2026-07-27 00:14:05] 仓库 https://github.com/iftoif/futu-ftnn-rules 候选文件 11 个
[2026-07-27 00:14:08] README (weilessL5/Shadowrocket-ADBlock-Rules-Forever) 404，跳过
[2026-07-27 00:14:08] 仓库 https://github.com/weilessL5/Shadowrocket-ADBlock-Rules-Forever 未提取到节点，加入黑名单
[2026-07-27 00:14:08] 仓库 https://github.com/C018/MySelf (分支: main, size: 22026KB, pushed: 2026-07-25T20:03:22Z)
[2026-07-27 00:14:08] 仓库 https://github.com/iftoif/futu-ftnn-rules 未提取到节点，加入黑名单
[2026-07-27 00:14:08] 仓库 https://github.com/gragragrab/shadowrocket-conf (分支: main, size: 26KB, pushed: 2026-07-25T18:27:37Z)
[2026-07-27 00:14:10] 仓库 https://github.com/C018/MySelf 候选文件 8 个
[2026-07-27 00:14:11] 仓库 https://github.com/gragragrab/shadowrocket-conf 候选文件 6 个
[2026-07-27 00:14:14] README (yuanjianhon/Shadowrocket-ADBlock-Rules-Forever) 404，跳过
[2026-07-27 00:14:14] 仓库 https://github.com/yuanjianhon/Shadowrocket-ADBlock-Rules-Forever 未提取到节点，加入黑名单
[2026-07-27 00:14:14] 仓库 https://github.com/qqizai/ios-location-spoofer (分支: main, size: 6778KB, pushed: 2026-07-25T17:21:22Z)
[2026-07-27 00:14:14] 仓库 https://github.com/gragragrab/shadowrocket-conf 未提取到节点，加入黑名单
[2026-07-27 00:14:14] 仓库 https://github.com/alfredfenglq/ios-location-spoofer (分支: main, size: 6778KB, pushed: 2026-07-25T16:49:42Z)
[2026-07-27 00:14:14] 仓库 https://github.com/qqizai/ios-location-spoofer 无候选文件 (总计 30 blob, 扩展名过滤 15, processed_shas 跳过 0, SHA 缓存跳过 15)
[2026-07-27 00:14:14] 🔗 查子仓库: qqizai/ios-location-spoofer
[2026-07-27 00:14:15] 🔗 开始 Fork 链追踪 (qqizai/ios-location-spoofer)
[2026-07-27 00:14:16] 仓库 https://github.com/alfredfenglq/ios-location-spoofer 无候选文件 (总计 30 blob, 扩展名过滤 15, processed_shas 跳过 0, SHA 缓存跳过 15)
[2026-07-27 00:14:16] 🔗 查子仓库: alfredfenglq/ios-location-spoofer
[2026-07-27 00:14:16]   父仓库: mekos2772/ios-location-spoofer
[2026-07-27 00:14:16] 仓库在黑名单中: https://github.com/mekos2772/ios-location-spoofer
[2026-07-27 00:14:16]   父仓库 +0 个节点
[2026-07-27 00:14:16] 🔗 开始 Fork 链追踪 (alfredfenglq/ios-location-spoofer)
[2026-07-27 00:14:16]   父仓库: mekos2772/ios-location-spoofer
[2026-07-27 00:14:16] 仓库在黑名单中: https://github.com/mekos2772/ios-location-spoofer
[2026-07-27 00:14:16]   父仓库 +0 个节点
[2026-07-27 00:14:17]   🍴 兄弟仓库: 20 个 → 发现队列 (队列: 0/600)
[2026-07-27 00:14:17] 👤 遍历用户仓库: alfredfenglq
[2026-07-27 00:14:17]   🍴 兄弟仓库: 30 个 → 发现队列 (队列: 0/600)
[2026-07-27 00:14:17] 👤 遍历用户仓库: qqizai
[2026-07-27 00:14:19]   👤 用户仓库: 30 个 → 发现队列 (队列: 0/600)
[2026-07-27 00:14:19]   用户 alfredfenglq 共查 30 个仓库
[2026-07-27 00:14:19] 仓库 https://github.com/wwj-git-rgb/Shadowrocket (分支: main, size: 1090KB, pushed: 2026-07-25T16:47:19Z)
[2026-07-27 00:14:20] 仓库 https://github.com/wwj-git-rgb/Shadowrocket 候选文件 1 个
[2026-07-27 00:14:21] 仓库 https://github.com/wwj-git-rgb/Shadowrocket README 含广告词，加入黑名单
[2026-07-27 00:14:21] 仓库 https://github.com/7alva7/Shadowrocket (分支: main, size: 1090KB, pushed: 2026-07-25T16:14:23Z)
[2026-07-27 00:14:22] README (EricArcha/Shadowrocket-ADBlock-Rules-Forever) 404，跳过
[2026-07-27 00:14:22] 仓库 https://github.com/EricArcha/Shadowrocket-ADBlock-Rules-Forever 未提取到节点，加入黑名单
[2026-07-27 00:14:22] ⏭️ 仓库 https://github.com/luke029/fscarmen-sing-box 24h 未更新，跳过解析（追踪 fork 链）
[2026-07-27 00:14:22] 🔗 查子仓库: luke029/fscarmen-sing-box
[2026-07-27 00:14:22] 仓库 https://github.com/7alva7/Shadowrocket 无候选文件 (总计 3 blob, 扩展名过滤 0, processed_shas 跳过 3, SHA 缓存跳过 0)
[2026-07-27 00:14:22] 🔗 查子仓库: 7alva7/Shadowrocket
[2026-07-27 00:14:22] 仓库 https://github.com/C018/MySelf 未提取到节点，加入黑名单
[2026-07-27 00:14:22] ⚠️ 仓库 https://github.com/sbc2fjbdn5-prog/WeatherKit 大小为 0，跳过
[2026-07-27 00:14:22] 仓库 https://github.com/monkey6468/Quantumult-X (分支: master, size: 13892KB, pushed: 2026-07-26T16:00:03Z)
[2026-07-27 00:14:22] 🔗 开始 Fork 链追踪 (7alva7/Shadowrocket)
[2026-07-27 00:14:22] 🔗 开始 Fork 链追踪 (luke029/fscarmen-sing-box)
[2026-07-27 00:14:22]   父仓库: LOWERTOP/Shadowrocket
[2026-07-27 00:14:22] ⏭️ 仓库 https://github.com/LOWERTOP/Shadowrocket 27h 未更新，跳过解析（追踪 fork 链）
[2026-07-27 00:14:22] 🔗 查子仓库: LOWERTOP/Shadowrocket
[2026-07-27 00:14:22]   父仓库: fscarmen/sing-box
[2026-07-27 00:14:22] 仓库在黑名单中: https://github.com/fscarmen/sing-box
[2026-07-27 00:14:22]   父仓库 +0 个节点
[2026-07-27 00:14:22] 仓库 https://github.com/monkey6468/Quantumult-X 候选文件较多 (115 个)，先通过 commits API 过滤
[2026-07-27 00:14:23]   Compare API 返回 0 个变更文件 (3 次 API 调用)
[2026-07-27 00:14:23]   commits 过滤: 115 → 0 (变更文件 0 个)
[2026-07-27 00:14:23] 仓库 https://github.com/monkey6468/Quantumult-X 候选文件经时间过滤后为空
[2026-07-27 00:14:23] 🔗 查子仓库: monkey6468/Quantumult-X
[2026-07-27 00:14:24]   🍴 子仓库: 30 个 → 发现队列 (队列: 0/600)
[2026-07-27 00:14:24] 🔗 开始 Fork 链追踪 (LOWERTOP/Shadowrocket)
[2026-07-27 00:14:24]   🍴 子仓库: 4 个 → 发现队列 (队列: 0/600)
[2026-07-27 00:14:24] 🔗 开始 Fork 链追踪 (monkey6468/Quantumult-X)
[2026-07-27 00:14:24] 👤 遍历用户仓库: LOWERTOP
[2026-07-27 00:14:24] 👤 遍历用户仓库: monkey6468
[2026-07-27 00:14:24]   🍴 兄弟仓库: 21 个 → 发现队列 (队列: 0/600)
[2026-07-27 00:14:24] 👤 遍历用户仓库: luke029
[2026-07-27 00:14:24]   👤 用户仓库: 2 个 → 发现队列 (队列: 0/600)
[2026-07-27 00:14:24]   用户 LOWERTOP 共查 2 个仓库
[2026-07-27 00:14:24]   父仓库 +0 个节点
[2026-07-27 00:14:24]   👤 用户仓库: 1 个 → 发现队列 (队列: 0/600)
[2026-07-27 00:14:24]   用户 luke029 共查 1 个仓库
[2026-07-27 00:14:24] 仓库 https://github.com/olslso/wloc (分支: main, size: 51KB, pushed: 2026-07-26T13:14:45Z)
[2026-07-27 00:14:25] 仓库 https://github.com/olslso/wloc 候选文件 1 个
[2026-07-27 00:14:25]   🍴 兄弟仓库: 18 个 → 发现队列 (队列: 0/600)
[2026-07-27 00:14:25] 👤 遍历用户仓库: 7alva7
[2026-07-27 00:14:25] 仓库 https://github.com/olslso/wloc 未提取到节点，加入黑名单
[2026-07-27 00:14:25] 仓库 https://github.com/Ezrea7/QuantumultX-Rewrite (分支: main, size: 17272KB, pushed: 2026-07-26T12:29:49Z)
[2026-07-27 00:14:25]   👤 用户仓库: 30 个 → 发现队列 (队列: 0/600)
[2026-07-27 00:14:25]   用户 monkey6468 共查 30 个仓库
[2026-07-27 00:14:25] 仓库 https://github.com/sqyh2823/-Quantumult-X-Loon- (分支: main, size: 1727KB, pushed: 2026-07-26T12:11:38Z)
[2026-07-27 00:14:26] 仓库 https://github.com/Ezrea7/QuantumultX-Rewrite 候选文件较多 (1039 个)，先通过 commits API 过滤
[2026-07-27 00:14:26] 仓库 https://github.com/sqyh2823/-Quantumult-X-Loon- 候选文件 1 个
[2026-07-27 00:14:26] 🔗 查子仓库: sqyh2823/-Quantumult-X-Loon-
[2026-07-27 00:14:26] 🔗 开始 Fork 链追踪 (sqyh2823/-Quantumult-X-Loon-)
[2026-07-27 00:14:27]   父仓库: fanmingming/Rules
[2026-07-27 00:14:27] 仓库在黑名单中: https://github.com/fanmingming/Rules
[2026-07-27 00:14:27]   父仓库 +0 个节点
[2026-07-27 00:14:27]   Compare API 返回 300 个变更文件 (3 次 API 调用)
[2026-07-27 00:14:27]   commits 过滤: 1039 → 181 (变更文件 300 个)
[2026-07-27 00:14:27] 仓库 https://github.com/Ezrea7/QuantumultX-Rewrite 候选文件 181 个
[2026-07-27 00:14:27]   🍴 兄弟仓库: 10 个 → 发现队列 (队列: 0/600)
[2026-07-27 00:14:27] 👤 遍历用户仓库: sqyh2823
[2026-07-27 00:14:27]   👤 用户仓库: 30 个 → 发现队列 (队列: 0/600)
[2026-07-27 00:14:27]   用户 qqizai 共查 30 个仓库
[2026-07-27 00:14:27] 仓库 https://github.com/Zane-E/Qure (分支: master, size: 170509KB, pushed: 2026-07-26T09:46:05Z)
[2026-07-27 00:14:27]   👤 用户仓库: 6 个 → 发现队列 (队列: 0/600)
[2026-07-27 00:14:27]   用户 sqyh2823 共查 6 个仓库
[2026-07-27 00:14:27] 仓库 https://github.com/659287/am-cf-tunnel (分支: main, size: 10229KB, pushed: 2026-07-26T07:28:21Z)
[2026-07-27 00:14:28] 仓库 https://github.com/Zane-E/Qure 无候选文件 (总计 1374 blob, 扩展名过滤 1358, processed_shas 跳过 0, SHA 缓存跳过 16)
[2026-07-27 00:14:28] 🔗 查子仓库: Zane-E/Qure
[2026-07-27 00:14:28] 🔗 开始 Fork 链追踪 (Zane-E/Qure)
[2026-07-27 00:14:28] 仓库 https://github.com/659287/am-cf-tunnel 无候选文件 (总计 23 blob, 扩展名过滤 8, processed_shas 跳过 0, SHA 缓存跳过 15)
[2026-07-27 00:14:28] 🔗 查子仓库: 659287/am-cf-tunnel
[2026-07-27 00:14:28] 🔗 开始 Fork 链追踪 (659287/am-cf-tunnel)
[2026-07-27 00:14:28]   父仓库: Koolson/Qure
[2026-07-27 00:14:28] ⚠️ 仓库 https://github.com/Koolson/Qure 633h 未更新，废弃 → 加入黑名单
[2026-07-27 00:14:28]   父仓库 +0 个节点
[2026-07-27 00:14:28]   父仓库: amclubs/am-cf-tunnel
[2026-07-27 00:14:28] 仓库在黑名单中: https://github.com/amclubs/am-cf-tunnel
[2026-07-27 00:14:28]   父仓库 +0 个节点
[2026-07-27 00:14:28] 下载 Rule/QuanX/Adblock/Applet/Wechat/#/通用类/rewrite/wechatAppletGeneral.conf 404，跳过
[2026-07-27 00:14:29] 下载 Rule/QuanX/Adblock/App/#/广告联盟/rewrite/adunion.conf 404，跳过
[2026-07-27 00:14:30]   🍴 兄弟仓库: 30 个 → 发现队列 (队列: 0/600)
[2026-07-27 00:14:30] 👤 遍历用户仓库: Zane-E
[2026-07-27 00:14:30]   👤 用户仓库: 30 个 → 发现队列 (队列: 0/600)
[2026-07-27 00:14:30]   用户 7alva7 共查 30 个仓库
[2026-07-27 00:14:30] 仓库 https://github.com/cuyl/wloc (分支: main, size: 38KB, pushed: 2026-07-25T16:25:19Z)
[2026-07-27 00:14:30] 仓库 https://github.com/Ezrea7/QuantumultX-Rewrite README 含广告词，加入黑名单
[2026-07-27 00:14:30] 仓库 https://github.com/skier233/Stash-AIServer (分支: main, size: 12037KB, pushed: 2026-07-26T16:09:07Z)
[2026-07-27 00:14:30] 仓库 https://github.com/cuyl/wloc 无候选文件 (总计 21 blob, 扩展名过滤 14, processed_shas 跳过 0, SHA 缓存跳过 7)
[2026-07-27 00:14:30] 🔗 查子仓库: cuyl/wloc
[2026-07-27 00:14:30] 仓库 https://github.com/skier233/Stash-AIServer 候选文件 27 个
[2026-07-27 00:14:30]   👤 用户仓库: 6 个 → 发现队列 (队列: 0/600)
[2026-07-27 00:14:30]   用户 Zane-E 共查 6 个仓库
[2026-07-27 00:14:30] ⚠️ 仓库 https://github.com/ordureconnoisseur/forage 大小为 0，跳过
[2026-07-27 00:14:30] 仓库 https://github.com/mister-nikitos/zieng2-wl-stash (分支: main, size: 18500KB, pushed: 2026-07-26T15:51:59Z)
[2026-07-27 00:14:30] 🔗 开始 Fork 链追踪 (cuyl/wloc)
[2026-07-27 00:14:30]   🍴 兄弟仓库: 30 个 → 发现队列 (队列: 0/600)
[2026-07-27 00:14:30] 👤 遍历用户仓库: 659287
[2026-07-27 00:14:30] 仓库 https://github.com/mister-nikitos/zieng2-wl-stash 候选文件 6 个
[2026-07-27 00:14:31]   父仓库: Yu9191/wloc
[2026-07-27 00:14:31] 仓库在黑名单中: https://github.com/Yu9191/wloc
[2026-07-27 00:14:31]   父仓库 +0 个节点
[2026-07-27 00:14:31] 仓库 https://github.com/skier233/Stash-AIServer 未提取到节点，加入黑名单
[2026-07-27 00:14:31] 仓库 https://github.com/witold-gren/stashcast (分支: main, size: 17133KB, pushed: 2026-07-26T15:26:34Z)
[2026-07-27 00:14:31] 仓库 https://github.com/witold-gren/stashcast 候选文件 30 个
[2026-07-27 00:14:32]   🍴 兄弟仓库: 30 个 → 发现队列 (队列: 0/600)
[2026-07-27 00:14:32] 👤 遍历用户仓库: cuyl
[2026-07-27 00:14:32] 仓库 https://github.com/witold-gren/stashcast 未提取到节点，加入黑名单
[2026-07-27 00:14:33] 仓库 https://github.com/tanishq-khandelwal/lazystash (分支: develop, size: 435KB, pushed: 2026-07-26T15:20:44Z)
[2026-07-27 00:14:33]   👤 用户仓库: 30 个 → 发现队列 (队列: 0/600)
[2026-07-27 00:14:33]   用户 659287 共查 30 个仓库
[2026-07-27 00:14:33] ⚠️ 仓库 https://github.com/Ahnaf-Jamil-52/CS_L2T2 大小为 0，跳过
[2026-07-27 00:14:33] 仓库 https://github.com/Yahigod/home-stash-tv (分支: main, size: 101KB, pushed: 2026-07-26T15:42:38Z)
[2026-07-27 00:14:33] 🔗 查子仓库: mister-nikitos/zieng2-wl-stash
[2026-07-27 00:14:33] 🔗 开始 Fork 链追踪 (mister-nikitos/zieng2-wl-stash)
[2026-07-27 00:14:33] 仓库 https://github.com/tanishq-khandelwal/lazystash 候选文件 8 个
[2026-07-27 00:14:33] 仓库 https://github.com/Yahigod/home-stash-tv 候选文件 7 个
[2026-07-27 00:14:33] 👤 遍历用户仓库: mister-nikitos
[2026-07-27 00:14:33]   👤 用户仓库: 1 个 → 发现队列 (队列: 0/600)
[2026-07-27 00:14:33]   用户 mister-nikitos 共查 1 个仓库
[2026-07-27 00:14:33] 仓库 https://github.com/stlim0727/stash (分支: main, size: 9430KB, pushed: 2026-07-26T13:59:53Z)
[2026-07-27 00:14:34]   👤 用户仓库: 30 个 → 发现队列 (队列: 0/600)
[2026-07-27 00:14:34]   用户 cuyl 共查 30 个仓库
[2026-07-27 00:14:34] 仓库 https://github.com/morfah/FontStashSharp (分支: main, size: 10858KB, pushed: 2026-07-26T13:41:15Z)
[2026-07-27 00:14:34] 仓库 https://github.com/stlim0727/stash 候选文件较多 (141 个)，先通过 commits API 过滤
[2026-07-27 00:14:34] 仓库 https://github.com/morfah/FontStashSharp 候选文件 29 个
[2026-07-27 00:14:34] 仓库 https://github.com/Yahigod/home-stash-tv 未提取到节点，加入黑名单
[2026-07-27 00:14:34] 仓库 https://github.com/VeryGreenCat/Stash (分支: main, size: 1466KB, pushed: 2026-07-26T13:03:37Z)
[2026-07-27 00:14:35] 仓库 https://github.com/tanishq-khandelwal/lazystash 未提取到节点，加入黑名单
[2026-07-27 00:14:35] 仓库 https://github.com/amadeus05/stashly_app_bot (分支: main, size: 265KB, pushed: 2026-07-26T13:01:28Z)
[2026-07-27 00:14:35]   Compare API 返回 28 个变更文件 (3 次 API 调用)
[2026-07-27 00:14:35]   commits 过滤: 141 → 7 (变更文件 28 个)
[2026-07-27 00:14:35] 仓库 https://github.com/stlim0727/stash 候选文件 7 个
[2026-07-27 00:14:35] 仓库 https://github.com/VeryGreenCat/Stash 候选文件 9 个
[2026-07-27 00:14:35] 仓库 https://github.com/morfah/FontStashSharp 未提取到节点，加入黑名单
[2026-07-27 00:14:35] 仓库 https://github.com/byteofhoney/StashSnip (分支: main, size: 476KB, pushed: 2026-07-26T12:40:44Z)
[2026-07-27 00:14:35] 仓库 https://github.com/amadeus05/stashly_app_bot 候选文件 6 个
[2026-07-27 00:14:35] 仓库 https://github.com/byteofhoney/StashSnip 候选文件 10 个
[2026-07-27 00:14:36] 仓库 https://github.com/amadeus05/stashly_app_bot 未提取到节点，加入黑名单
[2026-07-27 00:14:36] 仓库 https://github.com/x45fh56/stash_v1 (分支: main, size: 2988KB, pushed: 2026-07-26T12:38:42Z)
[2026-07-27 00:14:37] 仓库 https://github.com/stlim0727/stash 未提取到节点，加入黑名单
[2026-07-27 00:14:37] 仓库 https://github.com/ordureconnoisseur/binge (分支: main, size: 3862KB, pushed: 2026-07-26T11:11:51Z)
[2026-07-27 00:14:37] 仓库 https://github.com/x45fh56/stash_v1 候选文件 7 个
[2026-07-27 00:14:37] 仓库 https://github.com/ordureconnoisseur/binge 候选文件 5 个
[2026-07-27 00:14:38] 仓库 https://github.com/byteofhoney/StashSnip 未提取到节点，加入黑名单
[2026-07-27 00:14:38] 仓库 https://github.com/ordureconnoisseur/stash-multiview (分支: main, size: 11060KB, pushed: 2026-07-26T11:04:47Z)
[2026-07-27 00:14:38] README (VeryGreenCat/Stash) 404，跳过
[2026-07-27 00:14:38] 仓库 https://github.com/VeryGreenCat/Stash 未提取到节点，加入黑名单
[2026-07-27 00:14:38] 仓库 https://github.com/cocode32/gem-stash (分支: main, size: 165KB, pushed: 2026-07-26T10:56:36Z)
[2026-07-27 00:14:38] 仓库 https://github.com/ordureconnoisseur/stash-multiview 候选文件 3 个
[2026-07-27 00:14:38] 仓库 https://github.com/cocode32/gem-stash 候选文件 8 个
[2026-07-27 00:14:38] 仓库 https://github.com/ordureconnoisseur/binge 未提取到节点，加入黑名单
[2026-07-27 00:14:38] 仓库 https://github.com/richa0610/devStash (分支: feature/initial-cleanup, size: 126KB, pushed: 2026-07-26T15:47:13Z)
[2026-07-27 00:14:39] 仓库 https://github.com/ordureconnoisseur/stash-multiview 未提取到节点，加入黑名单
[2026-07-27 00:14:39] 仓库 https://github.com/larsmikki/stashr (分支: master, size: 2217KB, pushed: 2026-07-26T10:39:53Z)
[2026-07-27 00:14:39] 仓库 https://github.com/richa0610/devStash 候选文件 4 个
[2026-07-27 00:14:39] 仓库 https://github.com/larsmikki/stashr 候选文件 14 个
[2026-07-27 00:14:39] 🔗 查子仓库: x45fh56/stash_v1
[2026-07-27 00:14:40] 🔗 开始 Fork 链追踪 (x45fh56/stash_v1)
[2026-07-27 00:14:40] 👤 遍历用户仓库: x45fh56
[2026-07-27 00:14:40]   👤 用户仓库: 8 个 → 发现队列 (队列: 0/600)
[2026-07-27 00:14:40]   用户 x45fh56 共查 8 个仓库
[2026-07-27 00:14:40] 仓库 https://github.com/Harshit26042004/Stash-and-Story (分支: main, size: 103KB, pushed: 2026-07-26T09:07:32Z)
[2026-07-27 00:14:40] 仓库 https://github.com/cocode32/gem-stash 未提取到节点，加入黑名单
[2026-07-27 00:14:40] 仓库 https://github.com/DuwainevanDriel/stashly (分支: main, size: 290KB, pushed: 2026-07-26T08:04:55Z)
[2026-07-27 00:14:41] 仓库 https://github.com/larsmikki/stashr 未提取到节点，加入黑名单
[2026-07-27 00:14:41] 仓库 https://github.com/patriziofilloramo/vscode-ref-haven (分支: master, size: 1506KB, pushed: 2026-07-26T07:16:35Z)
[2026-07-27 00:14:41] 仓库 https://github.com/Harshit26042004/Stash-and-Story 候选文件 9 个
[2026-07-27 00:14:41] 仓库 https://github.com/DuwainevanDriel/stashly 候选文件 9 个
[2026-07-27 00:14:41] 仓库 https://github.com/patriziofilloramo/vscode-ref-haven 候选文件 27 个
[2026-07-27 00:14:41] 仓库 https://github.com/richa0610/devStash 未提取到节点，加入黑名单
[2026-07-27 00:14:41] 仓库 https://github.com/kislay-aidev/Stash (分支: master, size: 1088KB, pushed: 2026-07-26T06:55:39Z)
[2026-07-27 00:14:42] 仓库 https://github.com/kislay-aidev/Stash 候选文件 4 个
[2026-07-27 00:14:42] 仓库 https://github.com/patriziofilloramo/vscode-ref-haven 未提取到节点，加入黑名单
[2026-07-27 00:14:42] 仓库 https://github.com/kp4ws/Stashmatic (分支: master, size: 269KB, pushed: 2026-07-26T06:20:00Z)
[2026-07-27 00:14:43] 仓库 https://github.com/kislay-aidev/Stash 未提取到节点，加入黑名单
[2026-07-27 00:14:43] 仓库 https://github.com/LanrenwenStudio/side-stash (分支: main, size: 15692KB, pushed: 2026-07-26T06:11:23Z)
[2026-07-27 00:14:43] 仓库 https://github.com/kp4ws/Stashmatic 候选文件 13 个
[2026-07-27 00:14:43] 仓库 https://github.com/LanrenwenStudio/side-stash 候选文件 2 个
[2026-07-27 00:14:43] 仓库 https://github.com/Harshit26042004/Stash-and-Story 未提取到节点，加入黑名单
[2026-07-27 00:14:43] 仓库 https://github.com/tj2222/CommunityScrapers (分支: master, size: 6318KB, pushed: 2026-07-26T05:18:36Z)
[2026-07-27 00:14:44] 仓库 https://github.com/LanrenwenStudio/side-stash 未提取到节点，加入黑名单
[2026-07-27 00:14:44] 仓库 https://github.com/vedantvaibhav/SarvamStash (分支: main, size: 4154KB, pushed: 2026-07-26T05:15:11Z)
[2026-07-27 00:14:44] README (DuwainevanDriel/stashly) 404，跳过
[2026-07-27 00:14:44] 仓库 https://github.com/DuwainevanDriel/stashly 未提取到节点，加入黑名单
[2026-07-27 00:14:44] 仓库 https://github.com/tj2222/CommunityScrapers 候选文件较多 (849 个)，先通过 commits API 过滤
[2026-07-27 00:14:44] 仓库 https://github.com/devmacp/stash (分支: main, size: 17KB, pushed: 2026-07-26T03:29:04Z)
[2026-07-27 00:14:44] 仓库 https://github.com/vedantvaibhav/SarvamStash 候选文件 24 个
[2026-07-27 00:14:44]   commits 过滤: 849 → 0 (变更文件 0 个)
[2026-07-27 00:14:44] 仓库 https://github.com/tj2222/CommunityScrapers 候选文件经时间过滤后为空
[2026-07-27 00:14:44] 🔗 查子仓库: tj2222/CommunityScrapers
[2026-07-27 00:14:44] 仓库 https://github.com/devmacp/stash 候选文件 1 个
[2026-07-27 00:14:44] 仓库 https://github.com/kp4ws/Stashmatic 未提取到节点，加入黑名单
[2026-07-27 00:14:44] 仓库 https://github.com/therealdeex/StashAppAndroidTV-1 (分支: main, size: 6203KB, pushed: 2026-07-26T03:10:13Z)
[2026-07-27 00:14:44] 🔗 开始 Fork 链追踪 (tj2222/CommunityScrapers)
[2026-07-27 00:14:45] 仓库 https://github.com/devmacp/stash 未提取到节点，加入黑名单
[2026-07-27 00:14:45] 仓库 https://github.com/nub555/git-tui (分支: main, size: 64KB, pushed: 2026-07-26T02:14:10Z)
[2026-07-27 00:14:45]   父仓库: stashapp/CommunityScrapers
[2026-07-27 00:14:45] 仓库在黑名单中: https://github.com/stashapp/CommunityScrapers
[2026-07-27 00:14:45]   父仓库 +0 个节点
[2026-07-27 00:14:45] 仓库 https://github.com/therealdeex/StashAppAndroidTV-1 无候选文件 (总计 599 blob, 扩展名过滤 560, processed_shas 跳过 0, SHA 缓存跳过 39)
[2026-07-27 00:14:45] 🔗 查子仓库: therealdeex/StashAppAndroidTV-1
[2026-07-27 00:14:45] 仓库 https://github.com/nub555/git-tui 候选文件 6 个
[2026-07-27 00:14:45] 🔗 开始 Fork 链追踪 (therealdeex/StashAppAndroidTV-1)
[2026-07-27 00:14:45] README (vedantvaibhav/SarvamStash) 404，跳过
[2026-07-27 00:14:45] 仓库 https://github.com/vedantvaibhav/SarvamStash 未提取到节点，加入黑名单
[2026-07-27 00:14:45] 仓库 https://github.com/grooverLab/stash (分支: main, size: 1123KB, pushed: 2026-07-26T02:05:51Z)
[2026-07-27 00:14:45]   父仓库: damontecres/StashAppAndroidTV
[2026-07-27 00:14:46] 仓库 https://github.com/grooverLab/stash 候选文件 11 个
[2026-07-27 00:14:46] 仓库 https://github.com/grooverLab/stash 未提取到节点，加入黑名单
[2026-07-27 00:14:46] 仓库 https://github.com/Gitoffthelawn/tab-stash (分支: master, size: 44542KB, pushed: 2026-07-25T23:32:48Z)
[2026-07-27 00:14:46]   🍴 兄弟仓库: 30 个 → 发现队列 (队列: 0/600)
[2026-07-27 00:14:46] 👤 遍历用户仓库: tj2222
[2026-07-27 00:14:46]   🍴 兄弟仓库: 30 个 → 发现队列 (队列: 0/600)
[2026-07-27 00:14:46] 👤 遍历用户仓库: therealdeex
[2026-07-27 00:14:46] 仓库 https://github.com/Gitoffthelawn/tab-stash 无候选文件 (总计 217 blob, 扩展名过滤 182, processed_shas 跳过 0, SHA 缓存跳过 35)
[2026-07-27 00:14:46] 🔗 查子仓库: Gitoffthelawn/tab-stash
[2026-07-27 00:14:47] 🔗 开始 Fork 链追踪 (Gitoffthelawn/tab-stash)
[2026-07-27 00:14:47]   👤 用户仓库: 9 个 → 发现队列 (队列: 0/600)
[2026-07-27 00:14:47]   用户 tj2222 共查 9 个仓库
[2026-07-27 00:14:47] 仓库 https://github.com/dwaipayanray95/devD (分支: main, size: 257KB, pushed: 2026-07-25T22:36:18Z)
[2026-07-27 00:14:47]   👤 用户仓库: 1 个 → 发现队列 (队列: 0/600)
[2026-07-27 00:14:47]   用户 therealdeex 共查 1 个仓库
[2026-07-27 00:14:47] 仓库 https://github.com/kinnrai/Sparkle (分支: master, size: 5170KB, pushed: 2026-07-25T20:39:42Z)
[2026-07-27 00:14:47]   父仓库: josh-berry/tab-stash
[2026-07-27 00:14:47] 仓库在黑名单中: https://github.com/josh-berry/tab-stash
[2026-07-27 00:14:47]   父仓库 +0 个节点
[2026-07-27 00:14:47] 仓库 https://github.com/nub555/git-tui 未提取到节点，加入黑名单
[2026-07-27 00:14:47] 仓库 https://github.com/Yahigod/stash (分支: home-v0.31.1, size: 72210KB, pushed: 2026-07-26T12:37:45Z)
[2026-07-27 00:14:47] 仓库 https://github.com/dwaipayanray95/devD 候选文件 7 个
[2026-07-27 00:14:47] 仓库 https://github.com/kinnrai/Sparkle 候选文件 13 个
[2026-07-27 00:14:47] 仓库 https://github.com/Yahigod/stash 候选文件较多 (177 个)，先通过 commits API 过滤
[2026-07-27 00:14:48] README (kinnrai/Sparkle) 404，跳过
[2026-07-27 00:14:48] 仓库 https://github.com/kinnrai/Sparkle 未提取到节点，加入黑名单
[2026-07-27 00:14:48] 仓库 https://github.com/Regncreative/Stash-Website (分支: main, size: 1416KB, pushed: 2026-07-25T18:11:01Z)
[2026-07-27 00:14:48] 仓库 https://github.com/Regncreative/Stash-Website 候选文件 5 个
[2026-07-27 00:14:48]   Compare API 返回 5 个变更文件 (3 次 API 调用)
[2026-07-27 00:14:48]   commits 过滤: 177 → 5 (变更文件 5 个)
[2026-07-27 00:14:48] 仓库 https://github.com/Yahigod/stash 候选文件 5 个
[2026-07-27 00:14:48]   🍴 兄弟仓库: 30 个 → 发现队列 (队列: 0/600)
[2026-07-27 00:14:48] 👤 遍历用户仓库: Gitoffthelawn
[2026-07-27 00:14:49] 仓库 https://github.com/dwaipayanray95/devD 未提取到节点，加入黑名单
[2026-07-27 00:14:49] ⚠️ 仓库 https://github.com/tessaothuaidh/stash-braids-ads 大小为 0，跳过
[2026-07-27 00:14:49] 仓库 https://github.com/PepegaSan/Stash-Folder-Sidebar-Plugin (分支: main, size: 177KB, pushed: 2026-07-25T16:44:36Z)
[2026-07-27 00:14:49] 仓库 https://github.com/PepegaSan/Stash-Folder-Sidebar-Plugin 候选文件 6 个
[2026-07-27 00:14:49] 仓库 https://github.com/Yahigod/stash 未提取到节点，加入黑名单
[2026-07-27 00:14:49] 仓库 https://github.com/unkn0w7n/Stash (分支: master, size: 22106KB, pushed: 2026-07-25T16:15:54Z)
[2026-07-27 00:14:50] 仓库 https://github.com/unkn0w7n/Stash 候选文件较多 (254 个)，先通过 commits API 过滤
[2026-07-27 00:14:50] 仓库 https://github.com/Regncreative/Stash-Website 未提取到节点，加入黑名单
[2026-07-27 00:14:50] 仓库 https://github.com/minshurui/clash-verge-rev (分支: dev, size: 77706KB, pushed: 2026-07-26T16:03:04Z)
[2026-07-27 00:14:50] 仓库 https://github.com/minshurui/clash-verge-rev 候选文件较多 (107 个)，先通过 commits API 过滤
[2026-07-27 00:14:51]   Compare API 返回 3 个变更文件 (3 次 API 调用)
[2026-07-27 00:14:51]   commits 过滤: 254 → 0 (变更文件 3 个)
[2026-07-27 00:14:51] 仓库 https://github.com/unkn0w7n/Stash 候选文件经时间过滤后为空
[2026-07-27 00:14:51] 🔗 查子仓库: unkn0w7n/Stash
[2026-07-27 00:14:51] 仓库 https://github.com/PepegaSan/Stash-Folder-Sidebar-Plugin 未提取到节点，加入黑名单
[2026-07-27 00:14:51] 仓库 https://github.com/wonta/clash-verge (分支: main, size: 9950KB, pushed: 2026-07-26T14:38:30Z)
[2026-07-27 00:14:51] 🔗 开始 Fork 链追踪 (unkn0w7n/Stash)
[2026-07-27 00:14:51]   父仓库: rawnaldclark/Stash
[2026-07-27 00:14:51] 仓库 https://github.com/wonta/clash-verge 候选文件 12 个
[2026-07-27 00:14:51]   Compare API 返回 43 个变更文件 (3 次 API 调用)
[2026-07-27 00:14:51]   commits 过滤: 107 → 20 (变更文件 43 个)
[2026-07-27 00:14:51] 仓库 https://github.com/minshurui/clash-verge-rev 候选文件 20 个
[2026-07-27 00:14:52]   🍴 兄弟仓库: 24 个 → 发现队列 (队列: 0/600)
[2026-07-27 00:14:52] 👤 遍历用户仓库: unkn0w7n
[2026-07-27 00:14:52]   👤 用户仓库: 8 个 → 发现队列 (队列: 0/600)
[2026-07-27 00:14:52]   用户 unkn0w7n 共查 8 个仓库
[2026-07-27 00:14:52] 仓库 https://github.com/hsuhsuehi/clash-verge-cli (分支: cli-dev, size: 181KB, pushed: 2026-07-26T14:17:33Z)
[2026-07-27 00:14:52] 仓库 https://github.com/wonta/clash-verge README 含广告词，加入黑名单
[2026-07-27 00:14:52] 仓库 https://github.com/Thincher/clash-verge-rev (分支: dev, size: 77682KB, pushed: 2026-07-26T12:59:00Z)
[2026-07-27 00:14:53] 仓库 https://github.com/minshurui/clash-verge-rev README 含广告词，加入黑名单
[2026-07-27 00:14:53] 仓库 https://github.com/KimberlyWay/clash-verge-rev (分支: dev, size: 76254KB, pushed: 2026-07-26T11:16:30Z)
[2026-07-27 00:14:53] 仓库 https://github.com/hsuhsuehi/clash-verge-cli 候选文件 2 个
[2026-07-27 00:14:53] 仓库 https://github.com/Thincher/clash-verge-rev 候选文件 90 个
[2026-07-27 00:14:53] 仓库 https://github.com/KimberlyWay/clash-verge-rev 候选文件较多 (103 个)，先通过 commits API 过滤
[2026-07-27 00:14:53] 仓库 https://github.com/hsuhsuehi/clash-verge-cli 未提取到节点，加入黑名单
[2026-07-27 00:14:53] 仓库 https://github.com/feifeilong233/ffl-guide (分支: main, size: 720KB, pushed: 2026-07-26T08:52:19Z)
[2026-07-27 00:14:54] 仓库 https://github.com/feifeilong233/ffl-guide 候选文件 3 个
[2026-07-27 00:14:54]   Compare API 返回 51 个变更文件 (3 次 API 调用)
[2026-07-27 00:14:54]   commits 过滤: 103 → 13 (变更文件 51 个)
[2026-07-27 00:14:54] 仓库 https://github.com/KimberlyWay/clash-verge-rev 候选文件 13 个
[2026-07-27 00:14:55] README (feifeilong233/ffl-guide) 404，跳过
[2026-07-27 00:14:55] 仓库 https://github.com/feifeilong233/ffl-guide 未提取到节点，加入黑名单
[2026-07-27 00:14:55] 仓库 https://github.com/2500486123/clash-widget (分支: main, size: 1272KB, pushed: 2026-07-26T06:48:24Z)
[2026-07-27 00:14:56] 仓库 https://github.com/2500486123/clash-widget 候选文件 5 个
[2026-07-27 00:14:56] 仓库 https://github.com/KimberlyWay/clash-verge-rev README 含广告词，加入黑名单
[2026-07-27 00:14:56] 仓库 https://github.com/yanghuaqvan/clash-verge-rev (分支: dev, size: 76223KB, pushed: 2026-07-26T11:22:50Z)
[2026-07-27 00:14:56] 仓库 https://github.com/Thincher/clash-verge-rev README 含广告词，加入黑名单
[2026-07-27 00:14:56] 仓库 https://github.com/ayayime/clash-verge-rev (分支: dev, size: 76255KB, pushed: 2026-07-26T04:06:31Z)
[2026-07-27 00:14:56]   👤 用户仓库: 30 个 → 发现队列 (队列: 0/600)
[2026-07-27 00:14:56]   用户 Gitoffthelawn 共查 30 个仓库
[2026-07-27 00:14:56] 仓库 https://github.com/Link-Start/clash-verge-rev_clash-verge-rev (分支: dev, size: 77916KB, pushed: 2026-07-26T02:09:33Z)
[2026-07-27 00:14:56] 仓库 https://github.com/yanghuaqvan/clash-verge-rev 无候选文件 (总计 651 blob, 扩展名过滤 446, processed_shas 跳过 104, SHA 缓存跳过 101)
[2026-07-27 00:14:56] 🔗 查子仓库: yanghuaqvan/clash-verge-rev
[2026-07-27 00:14:56] 🔗 开始 Fork 链追踪 (yanghuaqvan/clash-verge-rev)
[2026-07-27 00:14:57] 仓库 https://github.com/ayayime/clash-verge-rev 无候选文件 (总计 651 blob, 扩展名过滤 446, processed_shas 跳过 104, SHA 缓存跳过 101)
[2026-07-27 00:14:57] 🔗 查子仓库: ayayime/clash-verge-rev
[2026-07-27 00:14:57] 仓库 https://github.com/Link-Start/clash-verge-rev_clash-verge-rev 无候选文件 (总计 651 blob, 扩展名过滤 446, processed_shas 跳过 104, SHA 缓存跳过 101)
[2026-07-27 00:14:57] 🔗 查子仓库: Link-Start/clash-verge-rev_clash-verge-rev
[2026-07-27 00:14:57]   父仓库: clash-verge-rev/clash-verge-rev
[2026-07-27 00:14:57] 🔗 开始 Fork 链追踪 (ayayime/clash-verge-rev)
[2026-07-27 00:14:57] 🔗 开始 Fork 链追踪 (Link-Start/clash-verge-rev_clash-verge-rev)
[2026-07-27 00:14:57] 仓库 https://github.com/2500486123/clash-widget 未提取到节点，加入黑名单
[2026-07-27 00:14:57] 仓库 https://github.com/CloudEngineHub/clash-verge-rev (分支: dev, size: 77605KB, pushed: 2026-07-26T01:55:18Z)
[2026-07-27 00:14:57]   父仓库: clash-verge-rev/clash-verge-rev
[2026-07-27 00:14:57]   父仓库: clash-verge-rev/clash-verge-rev
[2026-07-27 00:14:57] 仓库 https://github.com/CloudEngineHub/clash-verge-rev 无候选文件 (总计 651 blob, 扩展名过滤 446, processed_shas 跳过 104, SHA 缓存跳过 101)
[2026-07-27 00:14:57] 🔗 查子仓库: CloudEngineHub/clash-verge-rev
[2026-07-27 00:14:58] 🔗 开始 Fork 链追踪 (CloudEngineHub/clash-verge-rev)
[2026-07-27 00:14:58]   父仓库: clash-verge-rev/clash-verge-rev
[2026-07-27 00:14:59]   🍴 兄弟仓库: 24 个 → 发现队列 (队列: 0/600)
[2026-07-27 00:14:59] 👤 遍历用户仓库: Link-Start
[2026-07-27 00:14:59] 👤 遍历用户仓库: ayayime
[2026-07-27 00:14:59]   🍴 兄弟仓库: 29 个 → 发现队列 (队列: 0/600)
[2026-07-27 00:14:59] 👤 遍历用户仓库: yanghuaqvan
[2026-07-27 00:14:59] 👤 遍历用户仓库: CloudEngineHub
[2026-07-27 00:15:00]   👤 用户仓库: 17 个 → 发现队列 (队列: 0/600)
[2026-07-27 00:15:00]   用户 yanghuaqvan 共查 17 个仓库
[2026-07-27 00:15:00] 仓库 https://github.com/xiaoqinglee/clash-verge-rev (分支: dev, size: 77703KB, pushed: 2026-07-26T01:03:33Z)
[2026-07-27 00:15:00] 仓库 https://github.com/xiaoqinglee/clash-verge-rev 无候选文件 (总计 651 blob, 扩展名过滤 446, processed_shas 跳过 104, SHA 缓存跳过 101)
[2026-07-27 00:15:00] 🔗 查子仓库: xiaoqinglee/clash-verge-rev
[2026-07-27 00:15:00]   👤 用户仓库: 24 个 → 发现队列 (队列: 0/600)
[2026-07-27 00:15:00]   用户 ayayime 共查 24 个仓库
[2026-07-27 00:15:00] 仓库 https://github.com/lucienlmy/clash-verge-rev (分支: dev, size: 76255KB, pushed: 2026-07-26T00:29:33Z)
[2026-07-27 00:15:00] 🔗 开始 Fork 链追踪 (xiaoqinglee/clash-verge-rev)
[2026-07-27 00:15:00]   父仓库: clash-verge-rev/clash-verge-rev
[2026-07-27 00:15:00] 仓库 https://github.com/lucienlmy/clash-verge-rev 无候选文件 (总计 651 blob, 扩展名过滤 446, processed_shas 跳过 104, SHA 缓存跳过 101)
[2026-07-27 00:15:00] 🔗 查子仓库: lucienlmy/clash-verge-rev
[2026-07-27 00:15:01] 🔗 开始 Fork 链追踪 (lucienlmy/clash-verge-rev)
[2026-07-27 00:15:01]   父仓库: clash-verge-rev/clash-verge-rev
[2026-07-27 00:15:02] 👤 遍历用户仓库: xiaoqinglee
[2026-07-27 00:15:03] 👤 遍历用户仓库: lucienlmy
[2026-07-27 00:15:04]   👤 用户仓库: 30 个 → 发现队列 (队列: 0/600)
[2026-07-27 00:15:04]   用户 CloudEngineHub 共查 30 个仓库
[2026-07-27 00:15:04] 仓库 https://github.com/fucheng-guo-sun/clash-verge-rev (分支: dev, size: 76230KB, pushed: 2026-07-25T23:56:33Z)
[2026-07-27 00:15:05] 仓库 https://github.com/fucheng-guo-sun/clash-verge-rev 无候选文件 (总计 651 blob, 扩展名过滤 446, processed_shas 跳过 104, SHA 缓存跳过 101)
[2026-07-27 00:15:05] 🔗 查子仓库: fucheng-guo-sun/clash-verge-rev
[2026-07-27 00:15:05] 🔗 开始 Fork 链追踪 (fucheng-guo-sun/clash-verge-rev)
[2026-07-27 00:15:05]   👤 用户仓库: 30 个 → 发现队列 (队列: 0/600)
[2026-07-27 00:15:05]   用户 xiaoqinglee 共查 30 个仓库
[2026-07-27 00:15:05] 仓库 https://github.com/zdl411437734/clash-verge-rev (分支: dev, size: 77596KB, pushed: 2026-07-25T22:34:59Z)
[2026-07-27 00:15:05]   父仓库: clash-verge-rev/clash-verge-rev
[2026-07-27 00:15:06] 仓库 https://github.com/zdl411437734/clash-verge-rev 无候选文件 (总计 651 blob, 扩展名过滤 446, processed_shas 跳过 104, SHA 缓存跳过 101)
[2026-07-27 00:15:06] 🔗 查子仓库: zdl411437734/clash-verge-rev
[2026-07-27 00:15:06]   👤 用户仓库: 30 个 → 发现队列 (队列: 0/600)
[2026-07-27 00:15:06]   用户 Link-Start 共查 30 个仓库
[2026-07-27 00:15:06] 仓库 https://github.com/Daronsu/clash-verge-rev (分支: dev, size: 77596KB, pushed: 2026-07-25T22:34:59Z)
[2026-07-27 00:15:06] 🔗 开始 Fork 链追踪 (zdl411437734/clash-verge-rev)
[2026-07-27 00:15:06]   父仓库: clash-verge-rev/clash-verge-rev
[2026-07-27 00:15:06] 仓库 https://github.com/Daronsu/clash-verge-rev 无候选文件 (总计 651 blob, 扩展名过滤 446, processed_shas 跳过 104, SHA 缓存跳过 101)
[2026-07-27 00:15:06] 🔗 查子仓库: Daronsu/clash-verge-rev
[2026-07-27 00:15:06] 👤 遍历用户仓库: fucheng-guo-sun
[2026-07-27 00:15:06] 🔗 开始 Fork 链追踪 (Daronsu/clash-verge-rev)
[2026-07-27 00:15:06]   父仓库: clash-verge-rev/clash-verge-rev
[2026-07-27 00:15:07] 👤 遍历用户仓库: zdl411437734
[2026-07-27 00:15:08] 👤 遍历用户仓库: Daronsu
[2026-07-27 00:15:08]   👤 用户仓库: 30 个 → 发现队列 (队列: 0/600)
[2026-07-27 00:15:08]   用户 fucheng-guo-sun 共查 30 个仓库
[2026-07-27 00:15:08] 仓库 https://github.com/AnnAngela/clash-verge-rev (分支: dev, size: 76320KB, pushed: 2026-07-26T08:33:31Z)
[2026-07-27 00:15:08]   👤 用户仓库: 3 个 → 发现队列 (队列: 0/600)
[2026-07-27 00:15:08]   用户 Daronsu 共查 3 个仓库
[2026-07-27 00:15:08] 仓库 https://github.com/CainX07/clash-verge-rev (分支: dev, size: 77596KB, pushed: 2026-07-25T22:34:59Z)
[2026-07-27 00:15:08] 仓库 https://github.com/AnnAngela/clash-verge-rev 无候选文件 (总计 651 blob, 扩展名过滤 446, processed_shas 跳过 104, SHA 缓存跳过 101)
[2026-07-27 00:15:08] 🔗 查子仓库: AnnAngela/clash-verge-rev
[2026-07-27 00:15:08] 🔗 开始 Fork 链追踪 (AnnAngela/clash-verge-rev)
[2026-07-27 00:15:09] 仓库 https://github.com/CainX07/clash-verge-rev 无候选文件 (总计 651 blob, 扩展名过滤 446, processed_shas 跳过 104, SHA 缓存跳过 101)
[2026-07-27 00:15:09] 🔗 查子仓库: CainX07/clash-verge-rev
[2026-07-27 00:15:09]   父仓库: clash-verge-rev/clash-verge-rev
[2026-07-27 00:15:09] 🔗 开始 Fork 链追踪 (CainX07/clash-verge-rev)
[2026-07-27 00:15:09]   父仓库: clash-verge-rev/clash-verge-rev
[2026-07-27 00:15:10] 👤 遍历用户仓库: AnnAngela
[2026-07-27 00:15:10] 👤 遍历用户仓库: CainX07
[2026-07-27 00:15:10]   👤 用户仓库: 30 个 → 发现队列 (队列: 0/600)
[2026-07-27 00:15:10]   用户 lucienlmy 共查 30 个仓库
[2026-07-27 00:15:10] 仓库 https://github.com/sshivanising/clash-verge-rev (分支: dev, size: 77596KB, pushed: 2026-07-25T22:34:59Z)
[2026-07-27 00:15:10]   👤 用户仓库: 30 个 → 发现队列 (队列: 0/600)
[2026-07-27 00:15:10]   用户 AnnAngela 共查 30 个仓库
[2026-07-27 00:15:10] 仓库 https://github.com/QinyouYang/clash-verge-rev (分支: dev, size: 77596KB, pushed: 2026-07-25T22:34:59Z)
[2026-07-27 00:15:11]   👤 用户仓库: 2 个 → 发现队列 (队列: 0/600)
[2026-07-27 00:15:11]   用户 CainX07 共查 2 个仓库
[2026-07-27 00:15:11] 仓库 https://github.com/liswordsman2026/clash-verge-rev (分支: dev, size: 77596KB, pushed: 2026-07-25T22:34:59Z)
[2026-07-27 00:15:11] 仓库 https://github.com/sshivanising/clash-verge-rev 无候选文件 (总计 651 blob, 扩展名过滤 446, processed_shas 跳过 104, SHA 缓存跳过 101)
[2026-07-27 00:15:11] 🔗 查子仓库: sshivanising/clash-verge-rev
[2026-07-27 00:15:11] 仓库 https://github.com/QinyouYang/clash-verge-rev 无候选文件 (总计 651 blob, 扩展名过滤 446, processed_shas 跳过 104, SHA 缓存跳过 101)
[2026-07-27 00:15:11] 🔗 查子仓库: QinyouYang/clash-verge-rev
[2026-07-27 00:15:11] 🔗 开始 Fork 链追踪 (sshivanising/clash-verge-rev)
[2026-07-27 00:15:11] 仓库 https://github.com/liswordsman2026/clash-verge-rev 无候选文件 (总计 651 blob, 扩展名过滤 446, processed_shas 跳过 104, SHA 缓存跳过 101)
[2026-07-27 00:15:11] 🔗 查子仓库: liswordsman2026/clash-verge-rev
[2026-07-27 00:15:11] 🔗 开始 Fork 链追踪 (QinyouYang/clash-verge-rev)
[2026-07-27 00:15:11] 🔗 开始 Fork 链追踪 (liswordsman2026/clash-verge-rev)
[2026-07-27 00:15:11]   父仓库: clash-verge-rev/clash-verge-rev
[2026-07-27 00:15:11]   父仓库: clash-verge-rev/clash-verge-rev
[2026-07-27 00:15:11]   父仓库: clash-verge-rev/clash-verge-rev
[2026-07-27 00:15:12] 👤 遍历用户仓库: QinyouYang
[2026-07-27 00:15:13] ⏱️ [42/147] trojan sub pushed:>2026-07-25T15:43:36Z fork:true -language: | 80s | +3 | 配额 2090/4800
[2026-07-27 00:15:13] 👤 遍历用户仓库: sshivanising
[2026-07-27 00:15:13] 👤 遍历用户仓库: liswordsman2026
[2026-07-27 00:15:13]   👤 用户仓库: 2 个 → 发现队列 (队列: 0/600)
[2026-07-27 00:15:13]   用户 sshivanising 共查 2 个仓库
[2026-07-27 00:15:13]   👤 用户仓库: 3 个 → 发现队列 (队列: 0/600)
[2026-07-27 00:15:13]   用户 liswordsman2026 共查 3 个仓库
[2026-07-27 00:15:13] 仓库 https://github.com/tuke-code/clash-verge-rev (分支: dev, size: 77671KB, pushed: 2026-07-25T19:01:32Z)
[2026-07-27 00:15:13] 仓库 https://github.com/maxbirdman/auto_meta_yml (分支: main, size: 865KB, pushed: 2026-07-25T18:01:33Z)
[2026-07-27 00:15:13]   👤 用户仓库: 30 个 → 发现队列 (队列: 0/600)
[2026-07-27 00:15:13]   用户 zdl411437734 共查 30 个仓库
[2026-07-27 00:15:13] 仓库 https://github.com/wheakerd/clash-verge-rev (分支: dev, size: 77498KB, pushed: 2026-07-25T16:52:40Z)
[2026-07-27 00:15:14] 仓库 https://github.com/maxbirdman/auto_meta_yml 候选文件 1 个
[2026-07-27 00:15:14] 仓库 https://github.com/tuke-code/clash-verge-rev 无候选文件 (总计 651 blob, 扩展名过滤 446, processed_shas 跳过 104, SHA 缓存跳过 101)
[2026-07-27 00:15:14] 🔗 查子仓库: tuke-code/clash-verge-rev
[2026-07-27 00:15:14] 🔗 开始 Fork 链追踪 (tuke-code/clash-verge-rev)
[2026-07-27 00:15:14]   👤 用户仓库: 30 个 → 发现队列 (队列: 0/600)
[2026-07-27 00:15:14]   用户 QinyouYang 共查 30 个仓库
[2026-07-27 00:15:14] 仓库 https://github.com/Argh94/V2RayAutoConfig (分支: main, size: 12676433KB, pushed: 2026-07-26T15:58:16Z)
[2026-07-27 00:15:14] 仓库 https://github.com/wheakerd/clash-verge-rev 候选文件 14 个
[2026-07-27 00:15:14]   父仓库: clash-verge-rev/clash-verge-rev
[2026-07-27 00:15:14] 🔗 查子仓库: maxbirdman/auto_meta_yml
[2026-07-27 00:15:14] 仓库 https://github.com/Argh94/V2RayAutoConfig 候选文件 86 个
[2026-07-27 00:15:14] 仓库 https://github.com/wheakerd/clash-verge-rev README 含广告词，加入黑名单
[2026-07-27 00:15:14] 仓库 https://github.com/mahdi225/V2RayAutoConfig (分支: main, size: 12725908KB, pushed: 2026-07-26T15:57:12Z)
[2026-07-27 00:15:15]   🍴 子仓库: 1 个 → 发现队列 (队列: 0/600)
[2026-07-27 00:15:15] 🔗 开始 Fork 链追踪 (maxbirdman/auto_meta_yml)
[2026-07-27 00:15:15] 仓库 https://github.com/mahdi225/V2RayAutoConfig 候选文件 59 个
[2026-07-27 00:15:15] 👤 遍历用户仓库: maxbirdman
[2026-07-27 00:15:15] 👤 遍历用户仓库: tuke-code
[2026-07-27 00:15:16]   👤 用户仓库: 30 个 → 发现队列 (队列: 0/600)
[2026-07-27 00:15:16]   用户 maxbirdman 共查 30 个仓库
[2026-07-27 00:15:17] 仓库 https://github.com/HoomanGS/V2RayAutoConfig (分支: main, size: 18945719KB, pushed: 2026-07-26T15:26:43Z)
[2026-07-27 00:15:18] 仓库 https://github.com/HoomanGS/V2RayAutoConfig 候选文件 51 个
[2026-07-27 00:15:32]   👤 用户仓库: 30 个 → 发现队列 (队列: 0/600)
[2026-07-27 00:15:32]   用户 tuke-code 共查 30 个仓库
[2026-07-27 00:15:32] 仓库 https://github.com/chaoduzj/V2RayAutoConfig (分支: main, size: 12673271KB, pushed: 2026-07-26T15:04:26Z)
[2026-07-27 00:15:33] 仓库 https://github.com/chaoduzj/V2RayAutoConfig 候选文件 22 个
[2026-07-27 00:15:51]   ... 主队列 200, 发现队列 0
[2026-07-27 00:16:32] ⚠️ 主队列超时 60s 无空间，搜索中断
[2026-07-27 00:16:32] ⏱️ [43/147] ss sub pushed:>2026-07-25T15:43:36Z fork:true -language:HTML | 79s | +144 | 配额 2059/4800
[2026-07-27 00:16:36] ⏱️ [44/147] ssr sub pushed:>2026-07-25T15:43:36Z fork:true -language:HTM | 4s | +0 | 配额 2057/4800
[2026-07-27 00:17:39] ⚠️ 主队列超时 60s 无空间，搜索中断
[2026-07-27 00:17:41] ⏱️ [45/147] sing-box sub pushed:>2026-07-25T15:43:36Z fork:true -languag | 64s | +0 | 配额 2056/4800
[2026-07-27 00:17:52] ⏱️ [46/147] hysteria sub pushed:>2026-07-25T15:43:36Z fork:true -languag | 8s | +0 | 配额 2054/4800
[2026-07-27 00:17:54]   ... 主队列 200, 发现队列 0
[2026-07-27 00:17:56] ⏱️ [47/147] tuic sub pushed:>2026-07-25T15:43:36Z fork:true -language:HT | 4s | +7 | 配额 2052/4800
[2026-07-27 00:18:12] 📦 批次 0030 已持久化: /home/runner/work/test-college/test-college/batches/no_batch_0030.txt (44781 个节点, 累计 228916 个) | 主队列 200/200, 发现队列 0/600
[2026-07-27 00:18:21] SHA 缓存已保存: 195656 条, 1 分片
[2026-07-27 00:18:22] 🔗 查子仓库: HoomanGS/V2RayAutoConfig
[2026-07-27 00:18:23] 🔗 开始 Fork 链追踪 (HoomanGS/V2RayAutoConfig)
[2026-07-27 00:18:23]   父仓库: Argh94/V2RayAutoConfig
[2026-07-27 00:18:26]   🍴 兄弟仓库: 30 个 → 发现队列 (队列: 0/600)
[2026-07-27 00:18:26] 👤 遍历用户仓库: HoomanGS
[2026-07-27 00:18:32]   👤 用户仓库: 21 个 → 发现队列 (队列: 0/600)
[2026-07-27 00:18:32]   用户 HoomanGS 共查 21 个仓库
[2026-07-27 00:18:32] 仓库 https://github.com/g4384631-cmyk/V2RayAggregator (分支: master, size: 4511180KB, pushed: 2026-07-26T14:21:59Z)
[2026-07-27 00:18:35] 仓库 https://github.com/g4384631-cmyk/V2RayAggregator 候选文件较多 (1525 个)，先通过 commits API 过滤
[2026-07-27 00:18:36]   Compare API 返回 24 个变更文件 (3 次 API 调用)
[2026-07-27 00:18:36]   commits 过滤: 1525 → 15 (变更文件 24 个)
[2026-07-27 00:18:36] 仓库 https://github.com/g4384631-cmyk/V2RayAggregator 候选文件 15 个
[2026-07-27 00:18:49] 🔗 查子仓库: g4384631-cmyk/V2RayAggregator
[2026-07-27 00:18:49] 🔗 开始 Fork 链追踪 (g4384631-cmyk/V2RayAggregator)
[2026-07-27 00:18:50]   父仓库: mahdibland/V2RayAggregator
[2026-07-27 00:18:50] 🔗 查子仓库: Argh94/V2RayAutoConfig
[2026-07-27 00:18:51] 👤 遍历用户仓库: g4384631-cmyk
[2026-07-27 00:18:52] 🔗 查子仓库: mahdi225/V2RayAutoConfig
[2026-07-27 00:18:52] 🔗 查子仓库: chaoduzj/V2RayAutoConfig
[2026-07-27 00:18:52]   🍴 子仓库: 26 个 → 发现队列 (队列: 0/600)
[2026-07-27 00:18:52] 🔗 开始 Fork 链追踪 (Argh94/V2RayAutoConfig)
[2026-07-27 00:18:52]   用户 g4384631-cmyk 共查 0 个仓库
[2026-07-27 00:18:52] 仓库 https://github.com/chennijy/V2RayAggregator (分支: master, size: 4510209KB, pushed: 2026-07-26T14:21:45Z)
[2026-07-27 00:18:52] 👤 遍历用户仓库: Argh94
[2026-07-27 00:18:52] 🔗 开始 Fork 链追踪 (mahdi225/V2RayAutoConfig)
[2026-07-27 00:18:52] 🔗 开始 Fork 链追踪 (chaoduzj/V2RayAutoConfig)
[2026-07-27 00:18:52]   父仓库: Argh94/V2RayAutoConfig
[2026-07-27 00:18:52]   父仓库: Argh94/V2RayAutoConfig
[2026-07-27 00:18:52] 仓库 https://github.com/chennijy/V2RayAggregator 候选文件较多 (1523 个)，先通过 commits API 过滤
[2026-07-27 00:18:53] 👤 遍历用户仓库: chaoduzj
[2026-07-27 00:18:53] 👤 遍历用户仓库: mahdi225
[2026-07-27 00:18:53]   👤 用户仓库: 1 个 → 发现队列 (队列: 0/600)
[2026-07-27 00:18:53]   用户 mahdi225 共查 1 个仓库
[2026-07-27 00:18:53] 仓库 https://github.com/happyzhoujay/V2RayAggregator (分支: master, size: 4508095KB, pushed: 2026-07-26T14:21:36Z)
[2026-07-27 00:18:54]   👤 用户仓库: 30 个 → 发现队列 (队列: 0/600)
[2026-07-27 00:18:54]   用户 Argh94 共查 30 个仓库
[2026-07-27 00:18:54] 仓库 https://github.com/rostamimohammadamin8-dot/V2RayAggregator (分支: master, size: 4510386KB, pushed: 2026-07-26T14:21:05Z)
[2026-07-27 00:18:54] 仓库 https://github.com/happyzhoujay/V2RayAggregator 候选文件较多 (1523 个)，先通过 commits API 过滤
[2026-07-27 00:18:54]   Compare API 返回 24 个变更文件 (3 次 API 调用)
[2026-07-27 00:18:54]   commits 过滤: 1523 → 13 (变更文件 24 个)
[2026-07-27 00:18:54] 仓库 https://github.com/chennijy/V2RayAggregator 候选文件 13 个
[2026-07-27 00:18:54] ⏱️ [48/147] sub list pushed:>2026-07-25T15:43:36Z fork:true -language:HT | 57s | +41093 | 配额 2012/4800
[2026-07-27 00:18:54] 仓库 https://github.com/rostamimohammadamin8-dot/V2RayAggregator 候选文件较多 (1523 个)，先通过 commits API 过滤
[2026-07-27 00:18:56]   👤 用户仓库: 30 个 → 发现队列 (队列: 0/600)
[2026-07-27 00:18:56]   用户 chaoduzj 共查 30 个仓库
[2026-07-27 00:18:57] 仓库 https://github.com/lzban8/V2RayAggregator (分支: master, size: 4514317KB, pushed: 2026-07-26T14:17:57Z)
[2026-07-27 00:18:59]   Compare API 返回 24 个变更文件 (3 次 API 调用)
[2026-07-27 00:18:59]   commits 过滤: 1523 → 13 (变更文件 24 个)
[2026-07-27 00:18:59] 仓库 https://github.com/happyzhoujay/V2RayAggregator 候选文件 13 个
[2026-07-27 00:19:02]   Compare API 返回 24 个变更文件 (3 次 API 调用)
[2026-07-27 00:19:02]   commits 过滤: 1523 → 13 (变更文件 24 个)
[2026-07-27 00:19:02] 仓库 https://github.com/rostamimohammadamin8-dot/V2RayAggregator 候选文件 13 个
[2026-07-27 00:19:30] 仓库 https://github.com/lzban8/V2RayAggregator 候选文件较多 (1524 个)，先通过 commits API 过滤
[2026-07-27 00:19:31] 🔗 查子仓库: rostamimohammadamin8-dot/V2RayAggregator
[2026-07-27 00:19:31] 🔗 查子仓库: chennijy/V2RayAggregator
[2026-07-27 00:19:31] 🔗 查子仓库: happyzhoujay/V2RayAggregator
[2026-07-27 00:19:31] 🔗 开始 Fork 链追踪 (chennijy/V2RayAggregator)
[2026-07-27 00:19:31] 🔗 开始 Fork 链追踪 (rostamimohammadamin8-dot/V2RayAggregator)
[2026-07-27 00:19:31] 🔗 开始 Fork 链追踪 (happyzhoujay/V2RayAggregator)
[2026-07-27 00:19:31]   父仓库: mahdibland/V2RayAggregator
[2026-07-27 00:19:31]   父仓库: mahdibland/V2RayAggregator
[2026-07-27 00:19:31]   父仓库: mahdibland/V2RayAggregator
[2026-07-27 00:19:32]   Compare API 返回 24 个变更文件 (3 次 API 调用)
[2026-07-27 00:19:32]   commits 过滤: 1524 → 13 (变更文件 24 个)
[2026-07-27 00:19:32] 仓库 https://github.com/lzban8/V2RayAggregator 候选文件 13 个
[2026-07-27 00:19:32] 👤 遍历用户仓库: happyzhoujay
[2026-07-27 00:19:32] 👤 遍历用户仓库: rostamimohammadamin8-dot
[2026-07-27 00:19:32] 👤 遍历用户仓库: chennijy
[2026-07-27 00:19:33]   👤 用户仓库: 6 个 → 发现队列 (队列: 0/600)
[2026-07-27 00:19:33]   用户 rostamimohammadamin8-dot 共查 6 个仓库
[2026-07-27 00:19:33] 仓库 https://github.com/georip/V2RayAggregator (分支: master, size: 4508046KB, pushed: 2026-07-26T13:59:55Z)
[2026-07-27 00:19:33]   👤 用户仓库: 20 个 → 发现队列 (队列: 0/600)[2026-07-27 00:19:34]   👤 用户仓库: 30 个 → 发现队列 (队列: 0/600)

[2026-07-27 00:19:34]   用户 happyzhoujay 共查 30 个仓库[2026-07-27 00:19:34]   用户 chennijy 共查 20 个仓库

[2026-07-27 00:19:34] 仓库 https://github.com/tonnyinfo/V2RayAggregator (分支: master, size: 4515483KB, pushed: 2026-07-26T13:55:16Z)[2026-07-27 00:19:34] 仓库 https://github.com/Bulichrun/V2RayAggregator (分支: master, size: 4515678KB, pushed: 2026-07-26T13:57:15Z)

[2026-07-27 00:19:37] 仓库 https://github.com/georip/V2RayAggregator 候选文件较多 (1524 个)，先通过 commits API 过滤
[2026-07-27 00:19:38] 仓库 https://github.com/Bulichrun/V2RayAggregator 候选文件较多 (1525 个)，先通过 commits API 过滤
[2026-07-27 00:19:38] 仓库 https://github.com/tonnyinfo/V2RayAggregator 候选文件较多 (1525 个)，先通过 commits API 过滤
[2026-07-27 00:19:41]   Compare API 返回 24 个变更文件 (3 次 API 调用)
[2026-07-27 00:19:41]   commits 过滤: 1524 → 13 (变更文件 24 个)
[2026-07-27 00:19:41] 仓库 https://github.com/georip/V2RayAggregator 候选文件 13 个
[2026-07-27 00:19:42]   Compare API 返回 24 个变更文件 (3 次 API 调用)
[2026-07-27 00:19:42]   commits 过滤: 1525 → 14 (变更文件 24 个)
[2026-07-27 00:19:42] 仓库 https://github.com/tonnyinfo/V2RayAggregator 候选文件 14 个
[2026-07-27 00:19:42]   Compare API 返回 24 个变更文件 (3 次 API 调用)
[2026-07-27 00:19:42]   commits 过滤: 1525 → 14 (变更文件 24 个)
[2026-07-27 00:19:42] 仓库 https://github.com/Bulichrun/V2RayAggregator 候选文件 14 个
[2026-07-27 00:19:54] 🔗 查子仓库: lzban8/V2RayAggregator[2026-07-27 00:19:54]   ... 主队列 200, 发现队列 0

[2026-07-27 00:19:56] 🔗 开始 Fork 链追踪 (lzban8/V2RayAggregator)
[2026-07-27 00:19:58]   父仓库: mahdibland/V2RayAggregator
[2026-07-27 00:20:15] 👤 遍历用户仓库: lzban8
[2026-07-27 00:20:20]   👤 用户仓库: 30 个 → 发现队列 (队列: 0/600)
[2026-07-27 00:20:20]   用户 lzban8 共查 30 个仓库
[2026-07-27 00:20:20] 仓库 https://github.com/cysk003/V2RayAggregator (分支: master, size: 4512527KB, pushed: 2026-07-26T13:53:26Z)
[2026-07-27 00:20:21] 🔗 查子仓库: georip/V2RayAggregator
[2026-07-27 00:20:21] 🔗 查子仓库: tonnyinfo/V2RayAggregator
[2026-07-27 00:20:21] 仓库 https://github.com/cysk003/V2RayAggregator 候选文件较多 (1518 个)，先通过 commits API 过滤
[2026-07-27 00:20:21] 🔗 查子仓库: Bulichrun/V2RayAggregator
[2026-07-27 00:20:21] 🔗 开始 Fork 链追踪 (georip/V2RayAggregator)
[2026-07-27 00:20:21] 🔗 开始 Fork 链追踪 (tonnyinfo/V2RayAggregator)
[2026-07-27 00:20:21] 🔗 开始 Fork 链追踪 (Bulichrun/V2RayAggregator)
[2026-07-27 00:20:21]   父仓库: mahdibland/V2RayAggregator
[2026-07-27 00:20:21]   父仓库: mahdibland/V2RayAggregator
[2026-07-27 00:20:21]   父仓库: mahdibland/V2RayAggregator
[2026-07-27 00:20:22]   Compare API 返回 23 个变更文件 (3 次 API 调用)
[2026-07-27 00:20:22]   commits 过滤: 1518 → 11 (变更文件 23 个)
[2026-07-27 00:20:22] 仓库 https://github.com/cysk003/V2RayAggregator 候选文件 11 个
[2026-07-27 00:20:22] 👤 遍历用户仓库: georip
[2026-07-27 00:20:22] 👤 遍历用户仓库: Bulichrun
[2026-07-27 00:20:22] 👤 遍历用户仓库: tonnyinfo
[2026-07-27 00:20:22]   用户 Bulichrun 共查 0 个仓库
[2026-07-27 00:20:22] 仓库 https://github.com/lingsha2024/V2RayAggregator (分支: master, size: 4526237KB, pushed: 2026-07-26T13:47:01Z)
[2026-07-27 00:20:23] 仓库 https://github.com/lingsha2024/V2RayAggregator 候选文件较多 (1524 个)，先通过 commits API 过滤
[2026-07-27 00:20:24]   👤 用户仓库: 30 个 → 发现队列 (队列: 0/600)
[2026-07-27 00:20:24]   用户 tonnyinfo 共查 30 个仓库
[2026-07-27 00:20:24] 仓库 https://github.com/teddy4556/V2RayAggregator (分支: master, size: 4516750KB, pushed: 2026-07-26T13:46:42Z)
[2026-07-27 00:20:26] 仓库 https://github.com/teddy4556/V2RayAggregator 候选文件较多 (1524 个)，先通过 commits API 过滤
[2026-07-27 00:20:26]   Compare API 返回 24 个变更文件 (3 次 API 调用)
[2026-07-27 00:20:26]   commits 过滤: 1524 → 13 (变更文件 24 个)
[2026-07-27 00:20:26] 仓库 https://github.com/lingsha2024/V2RayAggregator 候选文件 13 个
[2026-07-27 00:20:28]   👤 用户仓库: 30 个 → 发现队列 (队列: 0/600)
[2026-07-27 00:20:28]   用户 georip 共查 30 个仓库
[2026-07-27 00:20:28] 仓库 https://github.com/jansonlily501-beep/V2RayAggregator (分支: master, size: 4369303KB, pushed: 2026-07-26T13:46:08Z)
[2026-07-27 00:20:29]   Compare API 返回 24 个变更文件 (3 次 API 调用)
[2026-07-27 00:20:29]   commits 过滤: 1524 → 13 (变更文件 24 个)
[2026-07-27 00:20:29] 仓库 https://github.com/teddy4556/V2RayAggregator 候选文件 13 个
[2026-07-27 00:20:32] 仓库 https://github.com/jansonlily501-beep/V2RayAggregator 候选文件较多 (1427 个)，先通过 commits API 过滤
[2026-07-27 00:20:36]   Compare API 返回 11 个变更文件 (3 次 API 调用)
[2026-07-27 00:20:36]   commits 过滤: 1427 → 2 (变更文件 11 个)
[2026-07-27 00:20:36] 仓库 https://github.com/jansonlily501-beep/V2RayAggregator 候选文件 2 个
[2026-07-27 00:20:54] 🔗 查子仓库: cysk003/V2RayAggregator
[2026-07-27 00:20:54] 🔗 查子仓库: teddy4556/V2RayAggregator
[2026-07-27 00:20:54] 🔗 查子仓库: lingsha2024/V2RayAggregator
[2026-07-27 00:20:54] 🔗 开始 Fork 链追踪 (teddy4556/V2RayAggregator)[2026-07-27 00:20:54] 🔗 开始 Fork 链追踪 (lingsha2024/V2RayAggregator)

[2026-07-27 00:20:55] 🔗 开始 Fork 链追踪 (cysk003/V2RayAggregator)
[2026-07-27 00:20:55]   父仓库: mahdibland/V2RayAggregator
[2026-07-27 00:20:55]   父仓库: mahdibland/V2RayAggregator
[2026-07-27 00:20:55]   父仓库: mahdibland/V2RayAggregator
[2026-07-27 00:20:56] 👤 遍历用户仓库: teddy4556
[2026-07-27 00:20:56] 👤 遍历用户仓库: lingsha2024
[2026-07-27 00:20:56] 👤 遍历用户仓库: cysk003
[2026-07-27 00:20:56]   👤 用户仓库: 9 个 → 发现队列 (队列: 0/600)
[2026-07-27 00:20:56]   用户 lingsha2024 共查 9 个仓库
[2026-07-27 00:20:56] 仓库 https://github.com/PoliakovaAN/V2RayAggregator (分支: master, size: 4543565KB, pushed: 2026-07-26T13:39:18Z)
[2026-07-27 00:20:57] 仓库 https://github.com/PoliakovaAN/V2RayAggregator 候选文件较多 (1524 个)，先通过 commits API 过滤
[2026-07-27 00:20:58] 🔗 查子仓库: jansonlily501-beep/V2RayAggregator
[2026-07-27 00:20:58] 🔗 开始 Fork 链追踪 (jansonlily501-beep/V2RayAggregator)
[2026-07-27 00:20:58]   父仓库: mahdibland/V2RayAggregator
[2026-07-27 00:20:59]   👤 用户仓库: 30 个 → 发现队列 (队列: 0/600)
[2026-07-27 00:20:59]   用户 teddy4556 共查 30 个仓库
[2026-07-27 00:20:59] 仓库 https://github.com/googva/V2RayAggregator (分支: master, size: 4530862KB, pushed: 2026-07-26T13:31:49Z)
[2026-07-27 00:20:59]   Compare API 返回 24 个变更文件 (3 次 API 调用)
[2026-07-27 00:20:59]   commits 过滤: 1524 → 13 (变更文件 24 个)
[2026-07-27 00:20:59] 仓库 https://github.com/PoliakovaAN/V2RayAggregator 候选文件 13 个
[2026-07-27 00:20:59] 👤 遍历用户仓库: jansonlily501-beep
[2026-07-27 00:20:59] 仓库 https://github.com/googva/V2RayAggregator 候选文件较多 (1526 个)，先通过 commits API 过滤
[2026-07-27 00:20:59]   👤 用户仓库: 1 个 → 发现队列 (队列: 0/600)
[2026-07-27 00:20:59]   用户 jansonlily501-beep 共查 1 个仓库
[2026-07-27 00:20:59] 仓库 https://github.com/reza-ghaderi/V2RayAggregator (分支: master, size: 4536959KB, pushed: 2026-07-26T13:30:13Z)
[2026-07-27 00:21:01] 仓库 https://github.com/reza-ghaderi/V2RayAggregator 候选文件较多 (1510 个)，先通过 commits API 过滤
[2026-07-27 00:21:04]   Compare API 返回 24 个变更文件 (3 次 API 调用)
[2026-07-27 00:21:04]   commits 过滤: 1526 → 14 (变更文件 24 个)
[2026-07-27 00:21:04] 仓库 https://github.com/googva/V2RayAggregator 候选文件 14 个
[2026-07-27 00:21:08]   Compare API 返回 24 个变更文件 (3 次 API 调用)
[2026-07-27 00:21:08]   commits 过滤: 1510 → 14 (变更文件 24 个)
[2026-07-27 00:21:08] 仓库 https://github.com/reza-ghaderi/V2RayAggregator 候选文件 14 个
[2026-07-27 00:21:09]   👤 用户仓库: 30 个 → 发现队列 (队列: 0/600)
[2026-07-27 00:21:09]   用户 cysk003 共查 30 个仓库
[2026-07-27 00:21:09] 仓库 https://github.com/redgame3/V2RayAggregator (分支: master, size: 4529933KB, pushed: 2026-07-26T13:26:20Z)
[2026-07-27 00:21:13] 仓库 https://github.com/redgame3/V2RayAggregator 候选文件较多 (1524 个)，先通过 commits API 过滤
[2026-07-27 00:21:26]   Compare API 返回 24 个变更文件 (3 次 API 调用)
[2026-07-27 00:21:26]   commits 过滤: 1524 → 13 (变更文件 24 个)
[2026-07-27 00:21:26] 仓库 https://github.com/redgame3/V2RayAggregator 候选文件 13 个
[2026-07-27 00:21:27] 🔗 查子仓库: PoliakovaAN/V2RayAggregator
[2026-07-27 00:21:28] 🔗 开始 Fork 链追踪 (PoliakovaAN/V2RayAggregator)
[2026-07-27 00:21:29]   父仓库: mahdibland/V2RayAggregator
[2026-07-27 00:21:33] 👤 遍历用户仓库: PoliakovaAN
[2026-07-27 00:21:35] 🔗 查子仓库: googva/V2RayAggregator[2026-07-27 00:21:35]   👤 用户仓库: 17 个 → 发现队列 (队列: 0/600)

[2026-07-27 00:21:35]   用户 PoliakovaAN 共查 17 个仓库
[2026-07-27 00:21:35] 仓库 https://github.com/xihaoduo/V2RayAggregator (分支: master, size: 4546082KB, pushed: 2026-07-26T13:24:09Z)
[2026-07-27 00:21:36] 🔗 开始 Fork 链追踪 (googva/V2RayAggregator)
[2026-07-27 00:21:38]   父仓库: mahdibland/V2RayAggregator
[2026-07-27 00:21:41] 仓库 https://github.com/xihaoduo/V2RayAggregator 候选文件较多 (1525 个)，先通过 commits API 过滤
[2026-07-27 00:21:41] 👤 遍历用户仓库: googva
[2026-07-27 00:21:42] 🔗 查子仓库: reza-ghaderi/V2RayAggregator
[2026-07-27 00:21:42]   👤 用户仓库: 2 个 → 发现队列 (队列: 0/600)
[2026-07-27 00:21:42]   用户 googva 共查 2 个仓库
[2026-07-27 00:21:42] 仓库 https://github.com/bbylw/V2RayAggregator (分支: master, size: 4511720KB, pushed: 2026-07-26T07:29:07Z)
[2026-07-27 00:21:43] 🔗 开始 Fork 链追踪 (reza-ghaderi/V2RayAggregator)
[2026-07-27 00:21:44]   父仓库: mahdibland/V2RayAggregator
[2026-07-27 00:21:44] 仓库 https://github.com/bbylw/V2RayAggregator 候选文件较多 (1513 个)，先通过 commits API 过滤
[2026-07-27 00:21:45]   Compare API 返回 24 个变更文件 (3 次 API 调用)
[2026-07-27 00:21:45]   commits 过滤: 1525 → 14 (变更文件 24 个)
[2026-07-27 00:21:45] 仓库 https://github.com/xihaoduo/V2RayAggregator 候选文件 14 个
[2026-07-27 00:21:45] 👤 遍历用户仓库: reza-ghaderi
[2026-07-27 00:21:46]   👤 用户仓库: 2 个 → 发现队列 (队列: 0/600)
[2026-07-27 00:21:46]   用户 reza-ghaderi 共查 2 个仓库
[2026-07-27 00:21:46] 仓库 https://github.com/hyqzj2000/V2RayAggregator (分支: master, size: 4511720KB, pushed: 2026-07-26T06:08:09Z)
[2026-07-27 00:21:48] 仓库 https://github.com/hyqzj2000/V2RayAggregator 候选文件较多 (1513 个)，先通过 commits API 过滤
[2026-07-27 00:21:48]   Compare API 返回 22 个变更文件 (3 次 API 调用)
[2026-07-27 00:21:48]   commits 过滤: 1513 → 6 (变更文件 22 个)
[2026-07-27 00:21:48] 仓库 https://github.com/bbylw/V2RayAggregator 候选文件 6 个
[2026-07-27 00:21:49] 🔗 查子仓库: redgame3/V2RayAggregator
[2026-07-27 00:21:50] 🔗 开始 Fork 链追踪 (redgame3/V2RayAggregator)
[2026-07-27 00:21:52]   父仓库: mahdibland/V2RayAggregator
[2026-07-27 00:21:54] 👤 遍历用户仓库: redgame3
[2026-07-27 00:21:55]   👤 用户仓库: 2 个 → 发现队列 (队列: 0/600)
[2026-07-27 00:21:55]   用户 redgame3 共查 2 个仓库
[2026-07-27 00:21:55] 仓库 https://github.com/googbad/V2RayAggregator (分支: master, size: 4511720KB, pushed: 2026-07-26T05:40:19Z)
[2026-07-27 00:21:55]   Compare API 返回 22 个变更文件 (3 次 API 调用)
[2026-07-27 00:21:55]   commits 过滤: 1513 → 6 (变更文件 22 个)
[2026-07-27 00:21:55] 仓库 https://github.com/hyqzj2000/V2RayAggregator 候选文件 6 个
[2026-07-27 00:21:56]   ... 主队列 200, 发现队列 0
[2026-07-27 00:21:57] 仓库 https://github.com/googbad/V2RayAggregator 候选文件较多 (1508 个)，先通过 commits API 过滤
[2026-07-27 00:22:00] 🔗 查子仓库: xihaoduo/V2RayAggregator
[2026-07-27 00:22:01] 🔗 开始 Fork 链追踪 (xihaoduo/V2RayAggregator)
[2026-07-27 00:22:01]   父仓库: mahdibland/V2RayAggregator
[2026-07-27 00:22:01]   Compare API 返回 22 个变更文件 (3 次 API 调用)
[2026-07-27 00:22:01]   commits 过滤: 1508 → 1 (变更文件 22 个)
[2026-07-27 00:22:01] 仓库 https://github.com/googbad/V2RayAggregator 候选文件 1 个
[2026-07-27 00:22:03] 👤 遍历用户仓库: xihaoduo
[2026-07-27 00:22:04]   👤 用户仓库: 7 个 → 发现队列 (队列: 0/600)
[2026-07-27 00:22:04]   用户 xihaoduo 共查 7 个仓库
[2026-07-27 00:22:05] 仓库 https://github.com/samling-jackyjyo/V2RayAggregator (分支: master, size: 4511720KB, pushed: 2026-07-26T04:50:08Z)
[2026-07-27 00:22:08] 🔗 查子仓库: bbylw/V2RayAggregator
[2026-07-27 00:22:08] 🔗 开始 Fork 链追踪 (bbylw/V2RayAggregator)
[2026-07-27 00:22:09]   父仓库: mahdibland/V2RayAggregator
[2026-07-27 00:22:10] 仓库 https://github.com/samling-jackyjyo/V2RayAggregator 候选文件较多 (1507 个)，先通过 commits API 过滤
[2026-07-27 00:22:10] 🔗 查子仓库: hyqzj2000/V2RayAggregator
[2026-07-27 00:22:10] 🔗 开始 Fork 链追踪 (hyqzj2000/V2RayAggregator)
[2026-07-27 00:22:11] 👤 遍历用户仓库: bbylw
[2026-07-27 00:22:11]   父仓库: mahdibland/V2RayAggregator
[2026-07-27 00:22:12] 👤 遍历用户仓库: hyqzj2000
[2026-07-27 00:22:12] 🔗 查子仓库: googbad/V2RayAggregator
[2026-07-27 00:22:12]   Compare API 返回 22 个变更文件 (3 次 API 调用)
[2026-07-27 00:22:12]   commits 过滤: 1507 → 0 (变更文件 22 个)
[2026-07-27 00:22:12] 仓库 https://github.com/samling-jackyjyo/V2RayAggregator 候选文件经时间过滤后为空
[2026-07-27 00:22:12] 🔗 查子仓库: samling-jackyjyo/V2RayAggregator
[2026-07-27 00:22:12] 🔗 开始 Fork 链追踪 (googbad/V2RayAggregator)
[2026-07-27 00:22:12] 🔗 开始 Fork 链追踪 (samling-jackyjyo/V2RayAggregator)
[2026-07-27 00:22:13]   父仓库: mahdibland/V2RayAggregator
[2026-07-27 00:22:13]   父仓库: mahdibland/V2RayAggregator
[2026-07-27 00:22:13]   👤 用户仓库: 30 个 → 发现队列 (队列: 0/600)
[2026-07-27 00:22:13]   用户 hyqzj2000 共查 30 个仓库
[2026-07-27 00:22:13] 仓库 https://github.com/mrdevmohamed/V2RayAggregator (分支: master, size: 4478735KB, pushed: 2026-07-26T02:02:48Z)
[2026-07-27 00:22:13] 👤 遍历用户仓库: samling-jackyjyo
[2026-07-27 00:22:13] 👤 遍历用户仓库: googbad
[2026-07-27 00:22:13] 仓库 https://github.com/mrdevmohamed/V2RayAggregator 候选文件较多 (237 个)，先通过 commits API 过滤
[2026-07-27 00:22:14]   👤 用户仓库: 26 个 → 发现队列 (队列: 0/600)
[2026-07-27 00:22:14]   用户 googbad 共查 26 个仓库
[2026-07-27 00:22:14] 仓库 https://github.com/Firmfox/Proxify (分支: main, size: 717186KB, pushed: 2026-07-26T15:02:59Z)
[2026-07-27 00:22:14]   👤 用户仓库: 30 个 → 发现队列 (队列: 0/600)
[2026-07-27 00:22:14]   用户 bbylw 共查 30 个仓库
[2026-07-27 00:22:14] 仓库 https://github.com/Mdrzxsony/nekome (分支: main, size: 870KB, pushed: 2026-07-26T06:40:45Z)
[2026-07-27 00:22:14] 仓库 https://github.com/Firmfox/Proxify 候选文件较多 (128 个)，先通过 commits API 过滤
[2026-07-27 00:22:14] 仓库 https://github.com/Mdrzxsony/nekome 候选文件 2 个
[2026-07-27 00:22:15]   Compare API 返回 49 个变更文件 (3 次 API 调用)
[2026-07-27 00:22:15]   commits 过滤: 237 → 27 (变更文件 49 个)
[2026-07-27 00:22:15] 仓库 https://github.com/mrdevmohamed/V2RayAggregator 候选文件 27 个
[2026-07-27 00:22:15] 🔗 查子仓库: Mdrzxsony/nekome
[2026-07-27 00:22:16]   🍴 子仓库: 1 个 → 发现队列 (队列: 0/600)
[2026-07-27 00:22:16] 🔗 开始 Fork 链追踪 (Mdrzxsony/nekome)
[2026-07-27 00:22:16] 👤 遍历用户仓库: Mdrzxsony
[2026-07-27 00:22:17]   👤 用户仓库: 13 个 → 发现队列 (队列: 0/600)
[2026-07-27 00:22:17]   用户 Mdrzxsony 共查 13 个仓库
[2026-07-27 00:22:17] 仓库 https://github.com/SpartanDav/NekoBox (分支: main, size: 563KB, pushed: 2026-07-26T11:50:02Z)
[2026-07-27 00:22:18] 仓库 https://github.com/SpartanDav/NekoBox 候选文件 2 个
[2026-07-27 00:22:18]   👤 用户仓库: 30 个 → 发现队列 (队列: 0/600)
[2026-07-27 00:22:18]   用户 samling-jackyjyo 共查 30 个仓库
[2026-07-27 00:22:18] 仓库 https://github.com/nekoboxforandroid/nekoboxforandroid (分支: main, size: 1KB, pushed: 2026-07-26T10:32:52Z)
[2026-07-27 00:22:19] 仓库 https://github.com/nekoboxforandroid/nekoboxforandroid 候选文件 1 个
[2026-07-27 00:22:19] 🔗 查子仓库: SpartanDav/NekoBox
[2026-07-27 00:22:19] 🔗 开始 Fork 链追踪 (SpartanDav/NekoBox)
[2026-07-27 00:22:20] 👤 遍历用户仓库: SpartanDav
[2026-07-27 00:22:20] 仓库 https://github.com/nekoboxforandroid/nekoboxforandroid 未提取到节点，加入黑名单
[2026-07-27 00:22:20] 仓库 https://github.com/Night-Days/NekoBoxForAndroid (分支: main, size: 6730KB, pushed: 2026-07-26T09:42:32Z)
[2026-07-27 00:22:21]   👤 用户仓库: 3 个 → 发现队列 (队列: 0/600)
[2026-07-27 00:22:21]   用户 SpartanDav 共查 3 个仓库
[2026-07-27 00:22:21] 仓库 https://github.com/1molchuan/chuanbox (分支: main, size: 35956KB, pushed: 2026-07-26T09:03:19Z)
[2026-07-27 00:22:23] 仓库 https://github.com/Night-Days/NekoBoxForAndroid 无候选文件 (总计 579 blob, 扩展名过滤 538, processed_shas 跳过 0, SHA 缓存跳过 41)
[2026-07-27 00:22:23] 🔗 查子仓库: Night-Days/NekoBoxForAndroid
[2026-07-27 00:22:23] 仓库 https://github.com/1molchuan/chuanbox 候选文件 6 个
[2026-07-27 00:22:23] 🔗 开始 Fork 链追踪 (Night-Days/NekoBoxForAndroid)
[2026-07-27 00:22:25]   父仓库: starifly/NekoBoxForAndroid
[2026-07-27 00:22:26]   Compare API 返回 125 个变更文件 (3 次 API 调用)
[2026-07-27 00:22:26]   commits 过滤: 128 → 125 (变更文件 125 个)
[2026-07-27 00:22:26] 仓库 https://github.com/Firmfox/Proxify 候选文件 125 个
[2026-07-27 00:22:28]   🍴 兄弟仓库: 30 个 → 发现队列 (队列: 0/600)
[2026-07-27 00:22:28] 👤 遍历用户仓库: Night-Days
[2026-07-27 00:22:29]   👤 用户仓库: 9 个 → 发现队列 (队列: 0/600)
[2026-07-27 00:22:29]   用户 Night-Days 共查 9 个仓库
[2026-07-27 00:22:29] 仓库 https://github.com/starifly/NekoBoxForAndroid (分支: main, size: 6662KB, pushed: 2026-07-26T06:37:21Z)
[2026-07-27 00:22:30] 仓库 https://github.com/1molchuan/chuanbox 未提取到节点，加入黑名单
[2026-07-27 00:22:31] 仓库 https://github.com/lion-lef/nekobox-void (分支: main, size: 40KB, pushed: 2026-07-26T03:13:20Z)
[2026-07-27 00:22:31] 仓库 https://github.com/starifly/NekoBoxForAndroid 无候选文件 (总计 579 blob, 扩展名过滤 538, processed_shas 跳过 0, SHA 缓存跳过 41)
[2026-07-27 00:22:31] 🔗 查子仓库: starifly/NekoBoxForAndroid
[2026-07-27 00:22:31] 仓库 https://github.com/lion-lef/nekobox-void 候选文件 1 个
[2026-07-27 00:22:32]   🍴 子仓库: 20 个 → 发现队列 (队列: 0/600)
[2026-07-27 00:22:33] 🔗 开始 Fork 链追踪 (starifly/NekoBoxForAndroid)
[2026-07-27 00:22:33] README (lion-lef/nekobox-void) 404，跳过
[2026-07-27 00:22:33] 仓库 https://github.com/lion-lef/nekobox-void 未提取到节点，加入黑名单
[2026-07-27 00:22:33]   父仓库: MatsuriDayo/NekoBoxForAndroid
[2026-07-27 00:22:33] 仓库 https://github.com/lizzy-0323/panda-vpn-pro (分支: main, size: 2568KB, pushed: 2026-07-25T18:17:56Z)
[2026-07-27 00:22:33] 仓库在黑名单中: https://github.com/MatsuriDayo/NekoBoxForAndroid
[2026-07-27 00:22:33]   父仓库 +0 个节点
[2026-07-27 00:22:33] 🔗 查子仓库: mrdevmohamed/V2RayAggregator
[2026-07-27 00:22:33] ⏱️ [49/147] sub store pushed:>2026-07-25T15:43:36Z fork:true -language:H | 219s | +151 | 配额 1774/4800
[2026-07-27 00:22:33] 🔗 开始 Fork 链追踪 (mrdevmohamed/V2RayAggregator)
[2026-07-27 00:22:33] 仓库 https://github.com/lizzy-0323/panda-vpn-pro 候选文件 1 个
[2026-07-27 00:22:34]   父仓库: mahdibland/V2RayAggregator
[2026-07-27 00:22:35] 👤 遍历用户仓库: mrdevmohamed[2026-07-27 00:22:35]   🍴 兄弟仓库: 30 个 → 发现队列 (队列: 0/600)

[2026-07-27 00:22:35] 👤 遍历用户仓库: starifly
[2026-07-27 00:22:35] 仓库 https://github.com/lizzy-0323/panda-vpn-pro README 含广告词，加入黑名单
[2026-07-27 00:22:35] 仓库 https://github.com/LM-Firefly/FlClash (分支: main, size: 54980KB, pushed: 2026-07-26T16:07:44Z)
[2026-07-27 00:22:36]   👤 用户仓库: 30 个 → 发现队列 (队列: 0/600)
[2026-07-27 00:22:36]   用户 mrdevmohamed 共查 30 个仓库
[2026-07-27 00:22:36] ⚠️ 仓库 https://github.com/annabeautiful1/flclash-bbxy-builds 大小为 0，跳过
[2026-07-27 00:22:36] 仓库 https://github.com/q13467982/FlClash (分支: main, size: 54679KB, pushed: 2026-07-26T11:48:06Z)
[2026-07-27 00:22:36] 仓库 https://github.com/LM-Firefly/FlClash 候选文件 18 个
[2026-07-27 00:22:37] 🔗 查子仓库: Firmfox/Proxify
[2026-07-27 00:22:37] 仓库 https://github.com/q13467982/FlClash 无候选文件 (总计 686 blob, 扩展名过滤 577, processed_shas 跳过 0, SHA 缓存跳过 109)
[2026-07-27 00:22:37] 🔗 查子仓库: q13467982/FlClash
[2026-07-27 00:22:37] 仓库 https://github.com/LM-Firefly/FlClash 未提取到节点，加入黑名单
[2026-07-27 00:22:37] 仓库 https://github.com/50lovelace/flclash-nodes (分支: main, size: 435KB, pushed: 2026-07-26T11:19:12Z)
[2026-07-27 00:22:37] 🔗 开始 Fork 链追踪 (q13467982/FlClash)
[2026-07-27 00:22:38]   父仓库: chen08209/FlClash
[2026-07-27 00:22:38] 仓库 https://github.com/50lovelace/flclash-nodes 候选文件 2 个
[2026-07-27 00:22:38]   👤 用户仓库: 30 个 → 发现队列 (队列: 0/600)
[2026-07-27 00:22:38]   用户 starifly 共查 30 个仓库
[2026-07-27 00:22:38] 仓库 https://github.com/chen08209/FlClash (分支: main, size: 56477KB, pushed: 2026-07-26T10:40:12Z)
[2026-07-27 00:22:38]   🍴 子仓库: 17 个 → 发现队列 (队列: 0/600)
[2026-07-27 00:22:38] 🔗 开始 Fork 链追踪 (Firmfox/Proxify)
[2026-07-27 00:22:38] 👤 遍历用户仓库: Firmfox
[2026-07-27 00:22:38]   用户 Firmfox 共查 0 个仓库
[2026-07-27 00:22:38] 仓库 https://github.com/chen08209/FlClash 无候选文件 (总计 686 blob, 扩展名过滤 577, processed_shas 跳过 0, SHA 缓存跳过 109)
[2026-07-27 00:22:38] 🔗 查子仓库: chen08209/FlClash
[2026-07-27 00:22:38] 仓库 https://github.com/Fluxmux/FlClash (分支: main, size: 56477KB, pushed: 2026-07-26T10:40:12Z)
[2026-07-27 00:22:39] 仓库 https://github.com/Fluxmux/FlClash 无候选文件 (总计 686 blob, 扩展名过滤 577, processed_shas 跳过 0, SHA 缓存跳过 109)
[2026-07-27 00:22:39] 🔗 查子仓库: Fluxmux/FlClash
[2026-07-27 00:22:39] 🔗 开始 Fork 链追踪 (Fluxmux/FlClash)
[2026-07-27 00:22:39]   🍴 兄弟仓库: 30 个 → 发现队列 (队列: 0/600)
[2026-07-27 00:22:39] 👤 遍历用户仓库: q13467982
[2026-07-27 00:22:39]   🍴 子仓库: 19 个 → 发现队列 (队列: 0/600)
[2026-07-27 00:22:39] 🔗 开始 Fork 链追踪 (chen08209/FlClash)
[2026-07-27 00:22:40] 🔗 查子仓库: 50lovelace/flclash-nodes
[2026-07-27 00:22:40]   父仓库: chen08209/FlClash
[2026-07-27 00:22:40] 👤 遍历用户仓库: chen08209
[2026-07-27 00:22:40] 🔗 开始 Fork 链追踪 (50lovelace/flclash-nodes)
[2026-07-27 00:22:40] 👤 遍历用户仓库: 50lovelace
[2026-07-27 00:22:40]   👤 用户仓库: 30 个 → 发现队列 (队列: 0/600)
[2026-07-27 00:22:40]   用户 q13467982 共查 30 个仓库
[2026-07-27 00:22:40] 仓库 https://github.com/h1j9/FlClash-SafeGate (分支: main, size: 56477KB, pushed: 2026-07-26T10:40:12Z)
[2026-07-27 00:22:40]   👤 用户仓库: 11 个 → 发现队列 (队列: 0/600)
[2026-07-27 00:22:40]   用户 chen08209 共查 11 个仓库
[2026-07-27 00:22:40] 仓库 https://github.com/lightfeather721/FlClash-liu21 (分支: main, size: 21213KB, pushed: 2026-07-26T09:25:34Z)
[2026-07-27 00:22:40]   用户 50lovelace 共查 0 个仓库
[2026-07-27 00:22:40] 仓库 https://github.com/1013446386/FlClash (分支: main, size: 56484KB, pushed: 2026-07-26T07:18:58Z)
[2026-07-27 00:22:40] 仓库 https://github.com/h1j9/FlClash-SafeGate 无候选文件 (总计 686 blob, 扩展名过滤 577, processed_shas 跳过 0, SHA 缓存跳过 109)
[2026-07-27 00:22:40] 🔗 查子仓库: h1j9/FlClash-SafeGate
[2026-07-27 00:22:41] 仓库 https://github.com/lightfeather721/FlClash-liu21 候选文件 9 个
[2026-07-27 00:22:41] 👤 遍历用户仓库: Fluxmux
[2026-07-27 00:22:41] 🔗 开始 Fork 链追踪 (h1j9/FlClash-SafeGate)
[2026-07-27 00:22:41] 仓库 https://github.com/1013446386/FlClash 无候选文件 (总计 686 blob, 扩展名过滤 577, processed_shas 跳过 0, SHA 缓存跳过 109)
[2026-07-27 00:22:41] 🔗 查子仓库: 1013446386/FlClash
[2026-07-27 00:22:41] 🔗 开始 Fork 链追踪 (1013446386/FlClash)
[2026-07-27 00:22:41]   父仓库: chen08209/FlClash
[2026-07-27 00:22:41]   👤 用户仓库: 17 个 → 发现队列 (队列: 0/600)
[2026-07-27 00:22:41]   用户 Fluxmux 共查 17 个仓库
[2026-07-27 00:22:41] 仓库 https://github.com/AlgoBoyz/FlClash (分支: main, size: 56484KB, pushed: 2026-07-26T07:18:58Z)
[2026-07-27 00:22:41]   父仓库: chen08209/FlClash
[2026-07-27 00:22:41] 仓库 https://github.com/AlgoBoyz/FlClash 无候选文件 (总计 686 blob, 扩展名过滤 577, processed_shas 跳过 0, SHA 缓存跳过 109)
[2026-07-27 00:22:41] 🔗 查子仓库: AlgoBoyz/FlClash
[2026-07-27 00:22:42] 🔗 开始 Fork 链追踪 (AlgoBoyz/FlClash)
[2026-07-27 00:22:42] 👤 遍历用户仓库: h1j9
[2026-07-27 00:22:42]   父仓库: chen08209/FlClash
[2026-07-27 00:22:42] 👤 遍历用户仓库: 1013446386
[2026-07-27 00:22:42]   👤 用户仓库: 1 个 → 发现队列 (队列: 0/600)
[2026-07-27 00:22:42]   用户 h1j9 共查 1 个仓库
[2026-07-27 00:22:42] 仓库 https://github.com/tljk/FlClash-ohos (分支: main, size: 56871KB, pushed: 2026-07-26T04:30:50Z)
[2026-07-27 00:22:42] 仓库 https://github.com/lightfeather721/FlClash-liu21 未提取到节点，加入黑名单
[2026-07-27 00:22:42] 仓库 https://github.com/aoyooo/FlClash (分支: main, size: 56065KB, pushed: 2026-07-26T02:55:30Z)
[2026-07-27 00:22:43] 仓库 https://github.com/tljk/FlClash-ohos 无候选文件 (总计 686 blob, 扩展名过滤 577, processed_shas 跳过 0, SHA 缓存跳过 109)
[2026-07-27 00:22:43] 🔗 查子仓库: tljk/FlClash-ohos
[2026-07-27 00:22:43]   👤 用户仓库: 8 个 → 发现队列 (队列: 0/600)
[2026-07-27 00:22:43]   用户 1013446386 共查 8 个仓库
[2026-07-27 00:22:43] 仓库 https://github.com/SarinV/flclash-ai-rules (分支: main, size: 10KB, pushed: 2026-07-26T02:18:28Z)
[2026-07-27 00:22:43] 🔗 开始 Fork 链追踪 (tljk/FlClash-ohos)
[2026-07-27 00:22:43] 👤 遍历用户仓库: AlgoBoyz
[2026-07-27 00:22:43] 仓库 https://github.com/aoyooo/FlClash 无候选文件 (总计 686 blob, 扩展名过滤 577, processed_shas 跳过 0, SHA 缓存跳过 109)
[2026-07-27 00:22:43] 🔗 查子仓库: aoyooo/FlClash
[2026-07-27 00:22:43] 仓库 https://github.com/SarinV/flclash-ai-rules 候选文件 9 个
[2026-07-27 00:22:43]   父仓库: chen08209/FlClash
[2026-07-27 00:22:43] 🔗 开始 Fork 链追踪 (aoyooo/FlClash)
[2026-07-27 00:22:43] ⏱️ [50/147] sub collection pushed:>2026-07-25T15:43:36Z fork:true -langu | 10s | +13 | 配额 1703/4800
[2026-07-27 00:22:43]   父仓库: chen08209/FlClash
[2026-07-27 00:22:43]   👤 用户仓库: 20 个 → 发现队列 (队列: 0/600)
[2026-07-27 00:22:43]   用户 AlgoBoyz 共查 20 个仓库
[2026-07-27 00:22:43] 仓库 https://github.com/daehyub71/cheongyak-newsletter (分支: main, size: 111KB, pushed: 2026-07-26T14:06:56Z)
[2026-07-27 00:22:44] 仓库 https://github.com/daehyub71/cheongyak-newsletter 候选文件 10 个
[2026-07-27 00:22:44] 👤 遍历用户仓库: tljk
[2026-07-27 00:22:44] 👤 遍历用户仓库: aoyooo
[2026-07-27 00:22:45]   👤 用户仓库: 25 个 → 发现队列 (队列: 0/600)
[2026-07-27 00:22:45]   用户 tljk 共查 25 个仓库
[2026-07-27 00:22:45] 仓库 https://github.com/agntdev/tradebeacon (分支: main, size: 55KB, pushed: 2026-07-26T13:22:32Z)
[2026-07-27 00:22:45] 仓库 https://github.com/agntdev/tradebeacon 候选文件 17 个
[2026-07-27 00:22:45]   👤 用户仓库: 15 个 → 发现队列 (队列: 0/600)
[2026-07-27 00:22:45]   用户 aoyooo 共查 15 个仓库
[2026-07-27 00:22:45] 仓库 https://github.com/ziyaguner/DiyetGPT (分支: main, size: 6801KB, pushed: 2026-07-26T12:13:04Z)
[2026-07-27 00:22:45] 仓库 https://github.com/daehyub71/cheongyak-newsletter 未提取到节点，加入黑名单
[2026-07-27 00:22:45] 仓库 https://github.com/ziyaguner/DiyetGPT 候选文件 20 个
[2026-07-27 00:22:45] 仓库 https://github.com/SilenceSik/astrbot_plugin_flysheep6 (分支: main, size: 19KB, pushed: 2026-07-26T11:53:47Z)
[2026-07-27 00:22:46] 仓库 https://github.com/agntdev/tradebeacon 未提取到节点，加入黑名单
[2026-07-27 00:22:46] 仓库 https://github.com/SilenceSik/astrbot_plugin_flysheep6 候选文件 4 个
[2026-07-27 00:22:46] 仓库 https://github.com/mehrtat/vless-collector (分支: main, size: 9541KB, pushed: 2026-07-26T16:03:47Z)[2026-07-27 00:22:46] 仓库 https://github.com/SarinV/flclash-ai-rules 未提取到节点，加入黑名单

[2026-07-27 00:22:47] 仓库 https://github.com/Bors6656/free-vpn-sub (分支: master, size: 326KB, pushed: 2026-07-26T16:06:08Z)
[2026-07-27 00:22:47] 仓库 https://github.com/mehrtat/vless-collector 候选文件 3 个
[2026-07-27 00:22:47] 仓库 https://github.com/Bors6656/free-vpn-sub 候选文件 1 个
[2026-07-27 00:22:47] 仓库 https://github.com/SilenceSik/astrbot_plugin_flysheep6 未提取到节点，加入黑名单
[2026-07-27 00:22:47] 仓库 https://github.com/2982136527/free-proxy-sub (分支: main, size: 62270KB, pushed: 2026-07-26T16:05:03Z)
[2026-07-27 00:22:47] 仓库 https://github.com/ziyaguner/DiyetGPT 未提取到节点，加入黑名单
[2026-07-27 00:22:47] 仓库 https://github.com/dgshsh031-code/free-vpn-sub (分支: main, size: 5227KB, pushed: 2026-07-26T16:01:44Z)
[2026-07-27 00:22:48] 🔗 查子仓库: Bors6656/free-vpn-sub
[2026-07-27 00:22:48] 仓库 https://github.com/2982136527/free-proxy-sub 候选文件 13 个
[2026-07-27 00:22:48] 仓库 https://github.com/dgshsh031-code/free-vpn-sub 候选文件 1 个
[2026-07-27 00:22:48] 🔗 查子仓库: dgshsh031-code/free-vpn-sub
[2026-07-27 00:22:48] 🔗 开始 Fork 链追踪 (Bors6656/free-vpn-sub)
[2026-07-27 00:22:48] 🔗 开始 Fork 链追踪 (dgshsh031-code/free-vpn-sub)
[2026-07-27 00:22:48] 👤 遍历用户仓库: Bors6656
[2026-07-27 00:22:48] 👤 遍历用户仓库: dgshsh031-code
[2026-07-27 00:22:49] 🔗 查子仓库: mehrtat/vless-collector
[2026-07-27 00:22:49] 🔗 开始 Fork 链追踪 (mehrtat/vless-collector)[2026-07-27 00:22:49]   👤 用户仓库: 1 个 → 发现队列 (队列: 0/600)[2026-07-27 00:22:49]   👤 用户仓库: 2 个 → 发现队列 (队列: 0/600)


[2026-07-27 00:22:49]   用户 Bors6656 共查 2 个仓库
[2026-07-27 00:22:49]   用户 dgshsh031-code 共查 1 个仓库
[2026-07-27 00:22:49] 仓库 https://github.com/kooker/FreeSubsCheck (分支: main, size: 12875KB, pushed: 2026-07-26T16:00:39Z)[2026-07-27 00:22:49] 仓库 https://github.com/monomono98/FREE-sub (分支: main, size: 146KB, pushed: 2026-07-26T15:48:59Z)

[2026-07-27 00:22:49] 👤 遍历用户仓库: mehrtat
[2026-07-27 00:22:50] 仓库 https://github.com/kooker/FreeSubsCheck 候选文件 6 个
[2026-07-27 00:22:50] 仓库 https://github.com/monomono98/FREE-sub 候选文件 1 个
[2026-07-27 00:22:50]   👤 用户仓库: 1 个 → 发现队列 (队列: 0/600)
[2026-07-27 00:22:50]   用户 mehrtat 共查 1 个仓库
[2026-07-27 00:22:50] 仓库 https://github.com/UIRAN23/free-vpn-subscriptions (分支: main, size: 6922KB, pushed: 2026-07-26T15:35:22Z)
[2026-07-27 00:22:51] 仓库 https://github.com/UIRAN23/free-vpn-subscriptions 候选文件 25 个
[2026-07-27 00:22:51] 🔗 查子仓库: monomono98/FREE-sub
[2026-07-27 00:22:51] 🔗 开始 Fork 链追踪 (monomono98/FREE-sub)
[2026-07-27 00:22:52] 👤 遍历用户仓库: monomono98
[2026-07-27 00:22:53]   用户 monomono98 共查 0 个仓库
[2026-07-27 00:22:54] 仓库 https://github.com/Akash-x1i/Embed-System-books (分支: main, size: 213327KB, pushed: 2026-07-26T14:59:09Z)
[2026-07-27 00:22:55] 仓库 https://github.com/Akash-x1i/Embed-System-books 无候选文件 (总计 17 blob, 扩展名过滤 17, processed_shas 跳过 0, SHA 缓存跳过 0)
[2026-07-27 00:22:56] README (Akash-x1i/Embed-System-books) 404，跳过
[2026-07-27 00:22:56] 仓库 https://github.com/Akash-x1i/Embed-System-books 未提取到节点，加入黑名单
[2026-07-27 00:22:57] 仓库 https://github.com/efti74/Sub-Domain-Enumeration-Tool-for-Linux (分支: main, size: 37KB, pushed: 2026-07-26T06:16:18Z)
[2026-07-27 00:23:00] 仓库 https://github.com/efti74/Sub-Domain-Enumeration-Tool-for-Linux 候选文件 7 个
[2026-07-27 00:23:07] 🔗 查子仓库: kooker/FreeSubsCheck
[2026-07-27 00:23:08] 🔗 查子仓库: UIRAN23/free-vpn-subscriptions
[2026-07-27 00:23:08]   🍴 子仓库: 5 个 → 发现队列 (队列: 0/600)
[2026-07-27 00:23:08] 🔗 开始 Fork 链追踪 (kooker/FreeSubsCheck)
[2026-07-27 00:23:08] 🔗 开始 Fork 链追踪 (UIRAN23/free-vpn-subscriptions)
[2026-07-27 00:23:08] 👤 遍历用户仓库: kooker
[2026-07-27 00:23:09] 👤 遍历用户仓库: UIRAN23
[2026-07-27 00:23:09]   👤 用户仓库: 1 个 → 发现队列 (队列: 0/600)
[2026-07-27 00:23:09]   用户 kooker 共查 1 个仓库
[2026-07-27 00:23:09] 仓库 https://github.com/DavidGlint/free-sub (分支: master, size: 344KB, pushed: 2026-07-26T02:21:14Z)
[2026-07-27 00:23:09]   👤 用户仓库: 4 个 → 发现队列 (队列: 0/600)
[2026-07-27 00:23:09]   用户 UIRAN23 共查 4 个仓库
[2026-07-27 00:23:09] 仓库 https://github.com/flavion-fdo/SubTrack (分支: main, size: 150KB, pushed: 2026-07-25T18:29:12Z)
[2026-07-27 00:23:09] 🔗 查子仓库: 2982136527/free-proxy-sub
[2026-07-27 00:23:10] 🔗 开始 Fork 链追踪 (2982136527/free-proxy-sub)
[2026-07-27 00:23:10] 仓库 https://github.com/flavion-fdo/SubTrack 候选文件 10 个
[2026-07-27 00:23:10] 仓库 https://github.com/DavidGlint/free-sub 候选文件 3 个
[2026-07-27 00:23:10] 仓库 https://github.com/efti74/Sub-Domain-Enumeration-Tool-for-Linux 未提取到节点，加入黑名单
[2026-07-27 00:23:10] 仓库 https://github.com/akafshdouz/v2ray-sub (分支: main, size: 795KB, pushed: 2026-07-26T16:07:23Z)
[2026-07-27 00:23:10] 👤 遍历用户仓库: 2982136527
[2026-07-27 00:23:10] 仓库 https://github.com/akafshdouz/v2ray-sub 候选文件 1 个
[2026-07-27 00:23:10]   👤 用户仓库: 18 个 → 发现队列 (队列: 0/600)
[2026-07-27 00:23:10]   用户 2982136527 共查 18 个仓库
[2026-07-27 00:23:10] 仓库 https://github.com/YG-Blue/v2ray-subscription (分支: main, size: 5695KB, pushed: 2026-07-26T16:07:02Z)
[2026-07-27 00:23:10] 🔗 查子仓库: akafshdouz/v2ray-sub
[2026-07-27 00:23:11] 🔗 开始 Fork 链追踪 (akafshdouz/v2ray-sub)
[2026-07-27 00:23:11] 👤 遍历用户仓库: akafshdouz
[2026-07-27 00:23:11] 🔗 查子仓库: DavidGlint/free-sub
[2026-07-27 00:23:11] 仓库 https://github.com/YG-Blue/v2ray-subscription 候选文件较多 (2215 个)，先通过 commits API 过滤
[2026-07-27 00:23:11] 🔗 开始 Fork 链追踪 (DavidGlint/free-sub)
[2026-07-27 00:23:11]   👤 用户仓库: 1 个 → 发现队列 (队列: 0/600)
[2026-07-27 00:23:11]   用户 akafshdouz 共查 1 个仓库
[2026-07-27 00:23:11] 仓库 https://github.com/Mehrdad-GH/V2ray-sub (分支: master, size: 811KB, pushed: 2026-07-26T16:04:52Z)
[2026-07-27 00:23:11]   父仓库: Bors6656/free-vpn-sub
[2026-07-27 00:23:11] 仓库 https://github.com/Mehrdad-GH/V2ray-sub 候选文件 1 个
[2026-07-27 00:23:12]   Compare API 返回 21 个变更文件 (3 次 API 调用)
[2026-07-27 00:23:12]   commits 过滤: 2215 → 9 (变更文件 21 个)
[2026-07-27 00:23:12] 仓库 https://github.com/YG-Blue/v2ray-subscription 候选文件 9 个
[2026-07-27 00:23:12] 👤 遍历用户仓库: DavidGlint
[2026-07-27 00:23:12] 🔗 查子仓库: Mehrdad-GH/V2ray-sub
[2026-07-27 00:23:12] 🔗 开始 Fork 链追踪 (Mehrdad-GH/V2ray-sub)
[2026-07-27 00:23:12] 仓库 https://github.com/flavion-fdo/SubTrack 未提取到节点，加入黑名单
[2026-07-27 00:23:12] 仓库 https://github.com/fifthidea/sub (分支: main, size: 519081KB, pushed: 2026-07-26T16:04:32Z)
[2026-07-27 00:23:12] 👤 遍历用户仓库: Mehrdad-GH
[2026-07-27 00:23:12]   👤 用户仓库: 6 个 → 发现队列 (队列: 0/600)
[2026-07-27 00:23:12]   用户 DavidGlint 共查 6 个仓库
[2026-07-27 00:23:12] 仓库 https://github.com/benqsr/SubCrawler (分支: main, size: 2198045KB, pushed: 2026-07-26T16:04:10Z)
[2026-07-27 00:23:12] 仓库 https://github.com/fifthidea/sub 候选文件 42 个
[2026-07-27 00:23:13] 仓库 https://github.com/benqsr/SubCrawler 候选文件 5 个
[2026-07-27 00:23:13]   👤 用户仓库: 7 个 → 发现队列 (队列: 0/600)
[2026-07-27 00:23:13]   用户 Mehrdad-GH 共查 7 个仓库
[2026-07-27 00:23:13] 仓库 https://github.com/YawStar/Proxy-Hunter (分支: main, size: 35973KB, pushed: 2026-07-26T15:56:35Z)
[2026-07-27 00:23:14] 仓库 https://github.com/YawStar/Proxy-Hunter 候选文件 10 个
[2026-07-27 00:23:19] 🔗 查子仓库: YG-Blue/v2ray-subscription
[2026-07-27 00:23:19] 🔗 开始 Fork 链追踪 (YG-Blue/v2ray-subscription)
[2026-07-27 00:23:20] 👤 遍历用户仓库: YG-Blue
[2026-07-27 00:23:21]   👤 用户仓库: 1 个 → 发现队列 (队列: 0/600)
[2026-07-27 00:23:21]   用户 YG-Blue 共查 1 个仓库
[2026-07-27 00:23:21] 仓库 https://github.com/googledslz/V2ray-Configs_SUBS (分支: main, size: 5303796KB, pushed: 2026-07-26T15:55:30Z)
[2026-07-27 00:23:22] 仓库 https://github.com/googledslz/V2ray-Configs_SUBS 候选文件 11 个
[2026-07-27 00:23:40] 🔗 查子仓库: googledslz/V2ray-Configs_SUBS
[2026-07-27 00:23:41] 🔗 开始 Fork 链追踪 (googledslz/V2ray-Configs_SUBS)
[2026-07-27 00:23:41]   父仓库: nyeinkokoaung404/V2ray-Configs
[2026-07-27 00:23:41] 仓库 https://github.com/nyeinkokoaung404/V2ray-Configs (分支: main, size: 5360379KB, pushed: 2026-07-26T15:18:00Z)
[2026-07-27 00:23:41] 仓库 https://github.com/nyeinkokoaung404/V2ray-Configs 候选文件 22 个
[2026-07-27 00:23:59]   ... 主队列 200, 发现队列 0
[2026-07-27 00:23:59] 🔗 查子仓库: fifthidea/sub
[2026-07-27 00:23:59] 🔗 查子仓库: nyeinkokoaung404/V2ray-Configs
[2026-07-27 00:23:59] 🔗 开始 Fork 链追踪 (fifthidea/sub)
[2026-07-27 00:24:00] 👤 遍历用户仓库: fifthidea
[2026-07-27 00:24:00]   🍴 子仓库: 10 个 → 发现队列 (队列: 0/600)
[2026-07-27 00:24:00] 🔗 开始 Fork 链追踪 (nyeinkokoaung404/V2ray-Configs)
[2026-07-27 00:24:00] 👤 遍历用户仓库: nyeinkokoaung404
[2026-07-27 00:24:00]   👤 用户仓库: 5 个 → 发现队列 (队列: 0/600)
[2026-07-27 00:24:00]   用户 fifthidea 共查 5 个仓库
[2026-07-27 00:24:00] 仓库 https://github.com/prhom-jpg/SubCrawler (分支: main, size: 2377398KB, pushed: 2026-07-26T15:54:55Z)
[2026-07-27 00:24:01] 仓库 https://github.com/prhom-jpg/SubCrawler 候选文件 5 个
[2026-07-27 00:24:07]   👤 用户仓库: 30 个 → 发现队列 (队列: 0/600)
[2026-07-27 00:24:07]   用户 nyeinkokoaung404 共查 30 个仓库
[2026-07-27 00:24:07]   父仓库 +3 个节点
[2026-07-27 00:24:08] 🔗 查子仓库: YawStar/Proxy-Hunter
[2026-07-27 00:24:08] 👤 遍历用户仓库: googledslz
[2026-07-27 00:24:09]   🍴 子仓库: 3 个 → 发现队列 (队列: 0/600)
[2026-07-27 00:24:09] 🔗 开始 Fork 链追踪 (YawStar/Proxy-Hunter)
[2026-07-27 00:24:09] 👤 遍历用户仓库: YawStar
[2026-07-27 00:24:10]   👤 用户仓库: 5 个 → 发现队列 (队列: 0/600)
[2026-07-27 00:24:10]   用户 YawStar 共查 5 个仓库
[2026-07-27 00:24:10] 仓库 https://github.com/le45tx1m/SubCrawler (分支: main, size: 2342006KB, pushed: 2026-07-26T15:54:39Z)
[2026-07-27 00:24:10] 仓库 https://github.com/le45tx1m/SubCrawler 候选文件 5 个
[2026-07-27 00:24:14]   👤 用户仓库: 30 个 → 发现队列 (队列: 0/600)
[2026-07-27 00:24:14]   用户 googledslz 共查 30 个仓库
[2026-07-27 00:24:14] 仓库 https://github.com/shervinofpersia/Subscrip (分支: main, size: 23239KB, pushed: 2026-07-26T15:52:47Z)
[2026-07-27 00:24:15] 仓库 https://github.com/shervinofpersia/Subscrip 候选文件 3 个
[2026-07-27 00:24:22] 🔗 查子仓库: shervinofpersia/Subscrip
[2026-07-27 00:24:23]   🍴 子仓库: 1 个 → 发现队列 (队列: 0/600)
[2026-07-27 00:24:23] 🔗 开始 Fork 链追踪 (shervinofpersia/Subscrip)
[2026-07-27 00:24:23] 👤 遍历用户仓库: shervinofpersia
[2026-07-27 00:24:28]   👤 用户仓库: 30 个 → 发现队列 (队列: 0/600)
[2026-07-27 00:24:28]   用户 shervinofpersia 共查 30 个仓库
[2026-07-27 00:24:28] 仓库 https://github.com/theholystitch/v2ray-sub (分支: main, size: 831KB, pushed: 2026-07-26T15:47:47Z)
[2026-07-27 00:24:29] 仓库 https://github.com/theholystitch/v2ray-sub 候选文件 3 个
[2026-07-27 00:24:30] 🔗 查子仓库: theholystitch/v2ray-sub
[2026-07-27 00:24:30] 🔗 开始 Fork 链追踪 (theholystitch/v2ray-sub)
[2026-07-27 00:24:31] 👤 遍历用户仓库: theholystitch
[2026-07-27 00:24:31]   👤 用户仓库: 1 个 → 发现队列 (队列: 0/600)
[2026-07-27 00:24:31]   用户 theholystitch 共查 1 个仓库
[2026-07-27 00:24:31] 仓库 https://github.com/fjnpzh/sublink-worker (分支: main, size: 3416KB, pushed: 2026-07-26T15:45:53Z)
[2026-07-27 00:24:32] 仓库 https://github.com/fjnpzh/sublink-worker 无候选文件 (总计 119 blob, 扩展名过滤 99, processed_shas 跳过 0, SHA 缓存跳过 20)
[2026-07-27 00:24:32] 🔗 查子仓库: fjnpzh/sublink-worker
[2026-07-27 00:24:32] 🔗 开始 Fork 链追踪 (fjnpzh/sublink-worker)
[2026-07-27 00:24:32]   父仓库: 7Sageer/sublink-worker
[2026-07-27 00:24:32] 仓库在黑名单中: https://github.com/7Sageer/sublink-worker
[2026-07-27 00:24:32]   父仓库 +0 个节点
[2026-07-27 00:24:35]   🍴 兄弟仓库: 30 个 → 发现队列 (队列: 0/600)
[2026-07-27 00:24:35] 👤 遍历用户仓库: fjnpzh
[2026-07-27 00:24:40]   👤 用户仓库: 30 个 → 发现队列 (队列: 0/600)
[2026-07-27 00:24:40]   用户 fjnpzh 共查 30 个仓库
[2026-07-27 00:24:40] 仓库 https://github.com/rasool083/v2ray-sub (分支: main, size: 273957KB, pushed: 2026-07-26T15:40:37Z)
[2026-07-27 00:24:41] 仓库 https://github.com/rasool083/v2ray-sub 候选文件 1 个
[2026-07-27 00:25:28] 🔗 查子仓库: rasool083/v2ray-sub
[2026-07-27 00:25:30] 🔗 开始 Fork 链追踪 (rasool083/v2ray-sub)[2026-07-27 00:25:30] 🔗 查子仓库: benqsr/SubCrawler

[2026-07-27 00:25:30] 👤 遍历用户仓库: rasool083
[2026-07-27 00:25:30] 🔗 开始 Fork 链追踪 (benqsr/SubCrawler)
[2026-07-27 00:25:31]   👤 用户仓库: 1 个 → 发现队列 (队列: 0/600)
[2026-07-27 00:25:31]   用户 rasool083 共查 1 个仓库[2026-07-27 00:25:31]   父仓库: Leon406/SubCrawler

[2026-07-27 00:25:31] 仓库 https://github.com/onlymeoneme/v2ray_subs (分支: main, size: 2844KB, pushed: 2026-07-26T15:37:19Z)
[2026-07-27 00:25:31] 仓库 https://github.com/onlymeoneme/v2ray_subs 无候选文件 (总计 1 blob, 扩展名过滤 0, processed_shas 跳过 0, SHA 缓存跳过 1)
[2026-07-27 00:25:31] 🔗 查子仓库: onlymeoneme/v2ray_subs
[2026-07-27 00:25:32] 🔗 开始 Fork 链追踪 (onlymeoneme/v2ray_subs)
[2026-07-27 00:25:32] 👤 遍历用户仓库: onlymeoneme
[2026-07-27 00:25:33]   🍴 兄弟仓库: 30 个 → 发现队列 (队列: 0/600)
[2026-07-27 00:25:33] 👤 遍历用户仓库: benqsr
[2026-07-27 00:25:33]   👤 用户仓库: 11 个 → 发现队列 (队列: 0/600)
[2026-07-27 00:25:33]   用户 onlymeoneme 共查 11 个仓库
[2026-07-27 00:25:33] 仓库 https://github.com/mehrdadmb2/V2ray_Sub (分支: main, size: 2521KB, pushed: 2026-07-26T14:27:58Z)
[2026-07-27 00:25:34] 仓库 https://github.com/mehrdadmb2/V2ray_Sub 候选文件 1 个
[2026-07-27 00:25:34] 🔗 查子仓库: mehrdadmb2/V2ray_Sub
[2026-07-27 00:25:35] 🔗 开始 Fork 链追踪 (mehrdadmb2/V2ray_Sub)
[2026-07-27 00:25:35] 👤 遍历用户仓库: mehrdadmb2
[2026-07-27 00:25:36]   👤 用户仓库: 30 个 → 发现队列 (队列: 0/600)
[2026-07-27 00:25:36]   用户 benqsr 共查 30 个仓库
[2026-07-27 00:25:36] 仓库 https://github.com/ParsaPanahi/vpn-kral (分支: main, size: 3467KB, pushed: 2026-07-26T13:45:20Z)
[2026-07-27 00:25:36]   👤 用户仓库: 24 个 → 发现队列 (队列: 0/600)
[2026-07-27 00:25:36]   用户 mehrdadmb2 共查 24 个仓库
[2026-07-27 00:25:36] 仓库 https://github.com/wanghz/clash-get_subscribe (分支: main, size: 216KB, pushed: 2026-07-26T13:41:55Z)
[2026-07-27 00:25:37] 仓库 https://github.com/ParsaPanahi/vpn-kral 候选文件 1 个
[2026-07-27 00:25:37] 仓库 https://github.com/wanghz/clash-get_subscribe 无候选文件 (总计 60 blob, 扩展名过滤 51, processed_shas 跳过 0, SHA 缓存跳过 9)
[2026-07-27 00:25:37] 🔗 查子仓库: wanghz/clash-get_subscribe
[2026-07-27 00:25:37] 🔗 开始 Fork 链追踪 (wanghz/clash-get_subscribe)
[2026-07-27 00:25:38]   父仓库: ermaozi/get_subscribe
[2026-07-27 00:25:39] 🔗 查子仓库: ParsaPanahi/vpn-kral
[2026-07-27 00:25:39] 🔗 开始 Fork 链追踪 (ParsaPanahi/vpn-kral)
[2026-07-27 00:25:39] 👤 遍历用户仓库: ParsaPanahi
[2026-07-27 00:25:40]   👤 用户仓库: 2 个 → 发现队列 (队列: 0/600)
[2026-07-27 00:25:40]   用户 ParsaPanahi 共查 2 个仓库
[2026-07-27 00:25:40] 仓库 https://github.com/mahdisandughdaran-sys/V2ray-sub (分支: main, size: 99577KB, pushed: 2026-07-26T13:37:29Z)
[2026-07-27 00:25:40]   🍴 兄弟仓库: 17 个 → 发现队列 (队列: 0/600)
[2026-07-27 00:25:40] 👤 遍历用户仓库: wanghz
[2026-07-27 00:25:40] 仓库 https://github.com/mahdisandughdaran-sys/V2ray-sub 候选文件 2 个
[2026-07-27 00:25:43]   👤 用户仓库: 30 个 → 发现队列 (队列: 0/600)
[2026-07-27 00:25:43]   用户 wanghz 共查 30 个仓库
[2026-07-27 00:25:43] 仓库 https://github.com/3inker/v2ray-subscription (分支: main, size: 3188KB, pushed: 2026-07-26T13:36:30Z)
[2026-07-27 00:25:44] 仓库 https://github.com/3inker/v2ray-subscription 候选文件 3 个
[2026-07-27 00:25:45] 🔗 查子仓库: mahdisandughdaran-sys/V2ray-sub
[2026-07-27 00:25:45] 🔗 开始 Fork 链追踪 (mahdisandughdaran-sys/V2ray-sub)
[2026-07-27 00:25:46] 👤 遍历用户仓库: mahdisandughdaran-sys
[2026-07-27 00:25:46]   👤 用户仓库: 6 个 → 发现队列 (队列: 0/600)
[2026-07-27 00:25:46] 🔗 查子仓库: 3inker/v2ray-subscription
[2026-07-27 00:25:46]   用户 mahdisandughdaran-sys 共查 6 个仓库
[2026-07-27 00:25:46] 仓库 https://github.com/guangxuemu/get_subscribe (分支: main, size: 3616KB, pushed: 2026-07-26T13:05:19Z)
[2026-07-27 00:25:47]   🍴 子仓库: 1 个 → 发现队列 (队列: 0/600)
[2026-07-27 00:25:47] 🔗 开始 Fork 链追踪 (3inker/v2ray-subscription)
[2026-07-27 00:25:47] 仓库 https://github.com/guangxuemu/get_subscribe 候选文件 1 个[2026-07-27 00:25:47] 👤 遍历用户仓库: 3inker

[2026-07-27 00:25:48]   👤 用户仓库: 10 个 → 发现队列 (队列: 0/600)
[2026-07-27 00:25:48]   用户 3inker 共查 10 个仓库
[2026-07-27 00:25:48] 仓库 https://github.com/anonymous99-Rise/get_subscribe (分支: main, size: 111KB, pushed: 2026-07-26T13:04:32Z)
[2026-07-27 00:25:49] 仓库 https://github.com/anonymous99-Rise/get_subscribe 无候选文件 (总计 79 blob, 扩展名过滤 63, processed_shas 跳过 0, SHA 缓存跳过 16)
[2026-07-27 00:25:49] 🔗 查子仓库: anonymous99-Rise/get_subscribe
[2026-07-27 00:25:49] 🔗 开始 Fork 链追踪 (anonymous99-Rise/get_subscribe)
[2026-07-27 00:25:49]   父仓库: ermaozi/get_subscribe
[2026-07-27 00:25:50] 👤 遍历用户仓库: anonymous99-Rise
[2026-07-27 00:25:53] 🔗 查子仓库: guangxuemu/get_subscribe
[2026-07-27 00:25:54] 🔗 开始 Fork 链追踪 (guangxuemu/get_subscribe)
[2026-07-27 00:25:54]   父仓库: ermaozi/get_subscribe
[2026-07-27 00:25:55]   👤 用户仓库: 30 个 → 发现队列 (队列: 0/600)
[2026-07-27 00:25:55]   用户 anonymous99-Rise 共查 30 个仓库
[2026-07-27 00:25:55] 仓库 https://github.com/lxt20180608/sublink-worker (分支: main, size: 3433KB, pushed: 2026-07-26T11:00:31Z)
[2026-07-27 00:25:55] 仓库 https://github.com/lxt20180608/sublink-worker 无候选文件 (总计 119 blob, 扩展名过滤 99, processed_shas 跳过 0, SHA 缓存跳过 20)
[2026-07-27 00:25:55] 🔗 查子仓库: lxt20180608/sublink-worker
[2026-07-27 00:25:55] 👤 遍历用户仓库: guangxuemu[2026-07-27 00:25:55] 🔗 开始 Fork 链追踪 (lxt20180608/sublink-worker)

[2026-07-27 00:25:56]   父仓库: 7Sageer/sublink-worker
[2026-07-27 00:25:56] 仓库在黑名单中: https://github.com/7Sageer/sublink-worker
[2026-07-27 00:25:56]   父仓库 +0 个节点
[2026-07-27 00:25:58] 🔗 查子仓库: le45tx1m/SubCrawler
[2026-07-27 00:25:59]   🍴 兄弟仓库: 22 个 → 发现队列 (队列: 0/600)
[2026-07-27 00:25:59] 👤 遍历用户仓库: lxt20180608
[2026-07-27 00:25:59]   👤 用户仓库: 30 个 → 发现队列 (队列: 0/600)
[2026-07-27 00:25:59]   用户 guangxuemu 共查 30 个仓库
[2026-07-27 00:25:59] 仓库 https://github.com/Dark-lowrie/sublink-worker (分支: main, size: 3448KB, pushed: 2026-07-26T10:54:45Z)
[2026-07-27 00:25:59] 🔗 开始 Fork 链追踪 (le45tx1m/SubCrawler)
[2026-07-27 00:26:00]   父仓库: Leon406/SubCrawler
[2026-07-27 00:26:00]   👤 用户仓库: 11 个 → 发现队列 (队列: 0/600)
[2026-07-27 00:26:00]   用户 lxt20180608 共查 11 个仓库
[2026-07-27 00:26:00] 仓库 https://github.com/rb360full/Reza_V2ray_Sub (分支: main, size: 46364KB, pushed: 2026-07-26T10:01:20Z)[2026-07-27 00:26:00] 仓库 https://github.com/Dark-lowrie/sublink-worker 无候选文件 (总计 119 blob, 扩展名过滤 99, processed_shas 跳过 0, SHA 缓存跳过 20)

[2026-07-27 00:26:00] 🔗 查子仓库: Dark-lowrie/sublink-worker
[2026-07-27 00:26:00] 🔗 开始 Fork 链追踪 (Dark-lowrie/sublink-worker)
[2026-07-27 00:26:00] 仓库 https://github.com/rb360full/Reza_V2ray_Sub 候选文件 12 个
[2026-07-27 00:26:00]   ... 主队列 200, 发现队列 0
[2026-07-27 00:26:00]   父仓库: 7Sageer/sublink-worker
[2026-07-27 00:26:00] 仓库在黑名单中: https://github.com/7Sageer/sublink-worker
[2026-07-27 00:26:00]   父仓库 +0 个节点
[2026-07-27 00:26:01]   🍴 兄弟仓库: 15 个 → 发现队列 (队列: 0/600)
[2026-07-27 00:26:01] 👤 遍历用户仓库: le45tx1m
[2026-07-27 00:26:03] 👤 遍历用户仓库: Dark-lowrie
[2026-07-27 00:26:04]   👤 用户仓库: 3 个 → 发现队列 (队列: 0/600)
[2026-07-27 00:26:04]   用户 Dark-lowrie 共查 3 个仓库
[2026-07-27 00:26:04] 仓库 https://github.com/roadnich/ru-v2ray-sub (分支: main, size: 372KB, pushed: 2026-07-26T07:57:18Z)
[2026-07-27 00:26:05] 仓库 https://github.com/roadnich/ru-v2ray-sub 候选文件 1 个
[2026-07-27 00:26:05] 🔗 查子仓库: prhom-jpg/SubCrawler
[2026-07-27 00:26:06] 🔗 查子仓库: rb360full/Reza_V2ray_Sub
[2026-07-27 00:26:06] 🔗 开始 Fork 链追踪 (prhom-jpg/SubCrawler)
[2026-07-27 00:26:06] 🔗 开始 Fork 链追踪 (rb360full/Reza_V2ray_Sub)
[2026-07-27 00:26:06] 🔗 查子仓库: roadnich/ru-v2ray-sub
[2026-07-27 00:26:06]   父仓库: Leon406/SubCrawler
[2026-07-27 00:26:06] 👤 遍历用户仓库: rb360full
[2026-07-27 00:26:06] 🔗 开始 Fork 链追踪 (roadnich/ru-v2ray-sub)
[2026-07-27 00:26:06] 👤 遍历用户仓库: roadnich
[2026-07-27 00:26:06]   👤 用户仓库: 14 个 → 发现队列 (队列: 0/600)
[2026-07-27 00:26:06]   用户 rb360full 共查 14 个仓库
[2026-07-27 00:26:06] 仓库 https://github.com/saiyojim/sublink-worker1 (分支: main, size: 2447KB, pushed: 2026-07-26T06:31:14Z)
[2026-07-27 00:26:06]   用户 roadnich 共查 0 个仓库
[2026-07-27 00:26:06] 仓库 https://github.com/googlesupportter/SubCrawler (分支: main, size: 115279KB, pushed: 2026-07-26T06:01:06Z)
[2026-07-27 00:26:07] 👤 遍历用户仓库: prhom-jpg
[2026-07-27 00:26:07]   👤 用户仓库: 30 个 → 发现队列 (队列: 0/600)
[2026-07-27 00:26:07]   用户 le45tx1m 共查 30 个仓库
[2026-07-27 00:26:07] 仓库 https://github.com/ooosvsv/sublink-worker (分支: main, size: 3433KB, pushed: 2026-07-26T03:28:53Z)
[2026-07-27 00:26:07] 仓库 https://github.com/googlesupportter/SubCrawler 候选文件 7 个
[2026-07-27 00:26:07]   👤 用户仓库: 2 个 → 发现队列 (队列: 0/600)
[2026-07-27 00:26:07]   用户 prhom-jpg 共查 2 个仓库
[2026-07-27 00:26:07] 仓库 https://github.com/formatorcn/daily-v2ray-sub (分支: main, size: 293KB, pushed: 2026-07-26T02:01:02Z)
[2026-07-27 00:26:07] 仓库 https://github.com/saiyojim/sublink-worker1 候选文件 13 个
[2026-07-27 00:26:07] 仓库 https://github.com/ooosvsv/sublink-worker 无候选文件 (总计 119 blob, 扩展名过滤 99, processed_shas 跳过 0, SHA 缓存跳过 20)
[2026-07-27 00:26:07] 🔗 查子仓库: ooosvsv/sublink-worker
[2026-07-27 00:26:07] 🔗 开始 Fork 链追踪 (ooosvsv/sublink-worker)
[2026-07-27 00:26:07] 仓库 https://github.com/formatorcn/daily-v2ray-sub 候选文件 1 个
[2026-07-27 00:26:07]   父仓库: 7Sageer/sublink-worker
[2026-07-27 00:26:07] 仓库在黑名单中: https://github.com/7Sageer/sublink-worker
[2026-07-27 00:26:07]   父仓库 +0 个节点
[2026-07-27 00:26:08] 🔗 查子仓库: formatorcn/daily-v2ray-sub
[2026-07-27 00:26:08] 🔗 开始 Fork 链追踪 (formatorcn/daily-v2ray-sub)
[2026-07-27 00:26:08] 仓库 https://github.com/saiyojim/sublink-worker1 未提取到节点，加入黑名单
[2026-07-27 00:26:08] 仓库 https://github.com/rankalpha/v2ray_sub (分支: main, size: 3386KB, pushed: 2026-07-26T01:46:21Z)
[2026-07-27 00:26:08] 👤 遍历用户仓库: formatorcn
[2026-07-27 00:26:08] 仓库 https://github.com/rankalpha/v2ray_sub 候选文件 3 个
[2026-07-27 00:26:08]   👤 用户仓库: 6 个 → 发现队列 (队列: 0/600)
[2026-07-27 00:26:08]   用户 formatorcn 共查 6 个仓库
[2026-07-27 00:26:08] 仓库 https://github.com/hajmeti0/V2rayTun0_sub (分支: main, size: 56KB, pushed: 2026-07-25T21:54:17Z)
[2026-07-27 00:26:09] 仓库 https://github.com/hajmeti0/V2rayTun0_sub 候选文件 1 个
[2026-07-27 00:26:09] 🔗 查子仓库: hajmeti0/V2rayTun0_sub
[2026-07-27 00:26:09] 🔗 开始 Fork 链追踪 (hajmeti0/V2rayTun0_sub)
[2026-07-27 00:26:09] 👤 遍历用户仓库: ooosvsv
[2026-07-27 00:26:09] 👤 遍历用户仓库: hajmeti0
[2026-07-27 00:26:10] 🔗 查子仓库: rankalpha/v2ray_sub
[2026-07-27 00:26:11] 🔗 查子仓库: googlesupportter/SubCrawler
[2026-07-27 00:26:11]   👤 用户仓库: 7 个 → 发现队列 (队列: 0/600)
[2026-07-27 00:26:11]   用户 hajmeti0 共查 7 个仓库
[2026-07-27 00:26:11] 仓库 https://github.com/MZWNET/V2RAY-and-CLASH-Subscription-Links (分支: main, size: 2292KB, pushed: 2026-07-25T16:28:13Z)
[2026-07-27 00:26:11] 🔗 开始 Fork 链追踪 (rankalpha/v2ray_sub)
[2026-07-27 00:26:11] 🔗 开始 Fork 链追踪 (googlesupportter/SubCrawler)
[2026-07-27 00:26:11] 👤 遍历用户仓库: rankalpha
[2026-07-27 00:26:11]   父仓库: Leon406/SubCrawler
[2026-07-27 00:26:11] 仓库 https://github.com/MZWNET/V2RAY-and-CLASH-Subscription-Links 无候选文件 (总计 4 blob, 扩展名过滤 1, processed_shas 跳过 1, SHA 缓存跳过 2)
[2026-07-27 00:26:11] 🔗 查子仓库: MZWNET/V2RAY-and-CLASH-Subscription-Links
[2026-07-27 00:26:11] 🔗 开始 Fork 链追踪 (MZWNET/V2RAY-and-CLASH-Subscription-Links)
[2026-07-27 00:26:11]   父仓库: mermeroo/V2RAY-CLASH-BASE64-Subscription.Links
[2026-07-27 00:26:11] 仓库在黑名单中: https://github.com/mermeroo/V2RAY-CLASH-BASE64-Subscription.Links
[2026-07-27 00:26:11]   父仓库 +0 个节点
[2026-07-27 00:26:12]   👤 用户仓库: 30 个 → 发现队列 (队列: 0/600)
[2026-07-27 00:26:12]   用户 ooosvsv 共查 30 个仓库
[2026-07-27 00:26:12] ⏭️ 仓库 https://github.com/Amirkiya2005/V2ray_sub 24h 未更新，跳过解析（追踪 fork 链）
[2026-07-27 00:26:12] 🔗 查子仓库: Amirkiya2005/V2ray_sub
[2026-07-27 00:26:12] 👤 遍历用户仓库: googlesupportter
[2026-07-27 00:26:12] 🔗 开始 Fork 链追踪 (Amirkiya2005/V2ray_sub)
[2026-07-27 00:26:12] 👤 遍历用户仓库: Amirkiya2005
[2026-07-27 00:26:12]   👤 用户仓库: 2 个 → 发现队列 (队列: 0/600)
[2026-07-27 00:26:12]   用户 Amirkiya2005 共查 2 个仓库
[2026-07-27 00:26:12] 仓库 https://github.com/khbmgh/Clash-LockandLoud (分支: main, size: 25859KB, pushed: 2026-07-26T15:31:45Z)
[2026-07-27 00:26:13] 仓库 https://github.com/khbmgh/Clash-LockandLoud 候选文件 4 个
[2026-07-27 00:26:13]   🍴 兄弟仓库: 21 个 → 发现队列 (队列: 0/600)
[2026-07-27 00:26:13] 👤 遍历用户仓库: MZWNET
[2026-07-27 00:26:14]   👤 用户仓库: 30 个 → 发现队列 (队列: 0/600)
[2026-07-27 00:26:14]   用户 MZWNET 共查 30 个仓库
[2026-07-27 00:26:14] 仓库 https://github.com/devojony/ClashSub (分支: master, size: 37422KB, pushed: 2026-07-26T15:13:23Z)
[2026-07-27 00:26:14]   👤 用户仓库: 30 个 → 发现队列 (队列: 0/600)
[2026-07-27 00:26:14]   用户 googlesupportter 共查 30 个仓库
[2026-07-27 00:26:14] 仓库 https://github.com/ZhurinDanil/clash-sub (分支: main, size: 3986KB, pushed: 2026-07-26T15:01:19Z)
[2026-07-27 00:26:14] 仓库 https://github.com/devojony/ClashSub 候选文件 2 个
[2026-07-27 00:26:15] 仓库 https://github.com/ZhurinDanil/clash-sub 候选文件 1 个
[2026-07-27 00:26:16] 🔗 查子仓库: ZhurinDanil/clash-sub
[2026-07-27 00:26:16] 🔗 开始 Fork 链追踪 (ZhurinDanil/clash-sub)
[2026-07-27 00:26:16] 🔗 查子仓库: devojony/ClashSub
[2026-07-27 00:26:16] 👤 遍历用户仓库: ZhurinDanil
[2026-07-27 00:26:16]   🍴 子仓库: 1 个 → 发现队列 (队列: 0/600)
[2026-07-27 00:26:16] 🔗 开始 Fork 链追踪 (devojony/ClashSub)
[2026-07-27 00:26:17]   👤 用户仓库: 1 个 → 发现队列 (队列: 0/600)
[2026-07-27 00:26:17]   用户 ZhurinDanil 共查 1 个仓库
[2026-07-27 00:26:17] 仓库 https://github.com/UndergroundAlzar/AikoBox (分支: main, size: 29444KB, pushed: 2026-07-26T14:36:09Z)
[2026-07-27 00:26:17] 👤 遍历用户仓库: devojony
[2026-07-27 00:26:17] 🔗 查子仓库: khbmgh/Clash-LockandLoud
[2026-07-27 00:26:17] 仓库 https://github.com/UndergroundAlzar/AikoBox 候选文件 47 个
[2026-07-27 00:26:17] 🔗 开始 Fork 链追踪 (khbmgh/Clash-LockandLoud)
[2026-07-27 00:26:17]   👤 用户仓库: 25 个 → 发现队列 (队列: 0/600)
[2026-07-27 00:26:17]   用户 devojony 共查 25 个仓库
[2026-07-27 00:26:17] 仓库 https://github.com/wonta/subs-check (分支: master, size: 282064KB, pushed: 2026-07-26T14:04:22Z)
[2026-07-27 00:26:18] 👤 遍历用户仓库: khbmgh
[2026-07-27 00:26:18] 仓库 https://github.com/wonta/subs-check 无候选文件 (总计 117 blob, 扩展名过滤 100, processed_shas 跳过 0, SHA 缓存跳过 17)
[2026-07-27 00:26:18] 🔗 查子仓库: wonta/subs-check
[2026-07-27 00:26:18]   👤 用户仓库: 4 个 → 发现队列 (队列: 0/600)
[2026-07-27 00:26:18]   用户 khbmgh 共查 4 个仓库
[2026-07-27 00:26:18] 仓库 https://github.com/billkit/vanic-mix-subs (分支: main, size: 976KB, pushed: 2026-07-26T13:53:10Z)
[2026-07-27 00:26:18] 🔗 开始 Fork 链追踪 (wonta/subs-check)
[2026-07-27 00:26:19]   父仓库: beck-8/subs-check
[2026-07-27 00:26:19] 仓库在黑名单中: https://github.com/beck-8/subs-check
[2026-07-27 00:26:19]   父仓库 +0 个节点
[2026-07-27 00:26:19] 仓库 https://github.com/billkit/vanic-mix-subs 候选文件 3 个
[2026-07-27 00:26:19] 🔗 查子仓库: UndergroundAlzar/AikoBox
[2026-07-27 00:26:19] 🔗 开始 Fork 链追踪 (UndergroundAlzar/AikoBox)
[2026-07-27 00:26:19] 👤 遍历用户仓库: UndergroundAlzar
[2026-07-27 00:26:19]   👤 用户仓库: 1 个 → 发现队列 (队列: 0/600)
[2026-07-27 00:26:20]   用户 UndergroundAlzar 共查 1 个仓库
[2026-07-27 00:26:20] 仓库 https://github.com/amirkma/my-clash-sub (分支: main, size: 657KB, pushed: 2026-07-26T13:13:09Z)
[2026-07-27 00:26:20] 仓库 https://github.com/amirkma/my-clash-sub 候选文件 14 个
[2026-07-27 00:26:20] 🔗 查子仓库: billkit/vanic-mix-subs
[2026-07-27 00:26:20] 🔗 开始 Fork 链追踪 (billkit/vanic-mix-subs)
[2026-07-27 00:26:21] 👤 遍历用户仓库: billkit
[2026-07-27 00:26:21]   🍴 兄弟仓库: 30 个 → 发现队列 (队列: 0/600)
[2026-07-27 00:26:21] 👤 遍历用户仓库: wonta
[2026-07-27 00:26:21] 🔗 查子仓库: amirkma/my-clash-sub
[2026-07-27 00:26:21] 🔗 开始 Fork 链追踪 (amirkma/my-clash-sub)
[2026-07-27 00:26:21] 👤 遍历用户仓库: amirkma
[2026-07-27 00:26:21]   👤 用户仓库: 30 个 → 发现队列 (队列: 0/600)
[2026-07-27 00:26:21]   用户 rankalpha 共查 30 个仓库
[2026-07-27 00:26:21] 仓库 https://github.com/bft2249228496/sublink-worker (分支: main, size: 3453KB, pushed: 2026-07-26T12:39:10Z)
[2026-07-27 00:26:21] 仓库 https://github.com/bft2249228496/sublink-worker 无候选文件 (总计 119 blob, 扩展名过滤 99, processed_shas 跳过 0, SHA 缓存跳过 20)
[2026-07-27 00:26:21] 🔗 查子仓库: bft2249228496/sublink-worker
[2026-07-27 00:26:22] 🔗 开始 Fork 链追踪 (bft2249228496/sublink-worker)
[2026-07-27 00:26:22]   父仓库: 7Sageer/sublink-worker
[2026-07-27 00:26:22] 仓库在黑名单中: https://github.com/7Sageer/sublink-worker
[2026-07-27 00:26:22]   父仓库 +0 个节点
[2026-07-27 00:26:22]   👤 用户仓库: 28 个 → 发现队列 (队列: 0/600)
[2026-07-27 00:26:22]   用户 amirkma 共查 28 个仓库
[2026-07-27 00:26:22] 仓库 https://github.com/Jacky-Bruse/subbehind (分支: master, size: 8415KB, pushed: 2026-07-26T12:20:29Z)
[2026-07-27 00:26:23] 仓库 https://github.com/Jacky-Bruse/subbehind 候选文件较多 (312 个)，先通过 commits API 过滤
[2026-07-27 00:26:23]   Compare API 返回 10 个变更文件 (3 次 API 调用)
[2026-07-27 00:26:23]   commits 过滤: 312 → 4 (变更文件 10 个)
[2026-07-27 00:26:23] 仓库 https://github.com/Jacky-Bruse/subbehind 候选文件 4 个
[2026-07-27 00:26:24] 👤 遍历用户仓库: bft2249228496
[2026-07-27 00:26:24]   👤 用户仓库: 16 个 → 发现队列 (队列: 0/600)
[2026-07-27 00:26:24]   用户 bft2249228496 共查 16 个仓库
[2026-07-27 00:26:24] 仓库 https://github.com/wubozh/clash-sub-pages (分支: main, size: 16765KB, pushed: 2026-07-26T11:01:03Z)
[2026-07-27 00:26:25] 仓库 https://github.com/wubozh/clash-sub-pages 候选文件 3 个
[2026-07-27 00:26:25]   👤 用户仓库: 30 个 → 发现队列 (队列: 0/600)
[2026-07-27 00:26:25]   用户 wonta 共查 30 个仓库
[2026-07-27 00:26:25] 仓库 https://github.com/g-star1024/my-clash-subscribe (分支: main, size: 945KB, pushed: 2026-07-26T09:54:37Z)
[2026-07-27 00:26:25] 仓库 https://github.com/Jacky-Bruse/subbehind 未提取到节点，加入黑名单
[2026-07-27 00:26:25] 仓库 https://github.com/10yanhon/clash-sub (分支: main, size: 1547KB, pushed: 2026-07-26T08:01:07Z)
[2026-07-27 00:26:25] 仓库 https://github.com/g-star1024/my-clash-subscribe 候选文件 1 个
[2026-07-27 00:26:25] 仓库 https://github.com/10yanhon/clash-sub 候选文件 3 个
[2026-07-27 00:26:26] 🔗 查子仓库: wubozh/clash-sub-pages
[2026-07-27 00:26:26] 🔗 开始 Fork 链追踪 (wubozh/clash-sub-pages)
[2026-07-27 00:26:26] 👤 遍历用户仓库: wubozh
[2026-07-27 00:26:26] 🔗 查子仓库: g-star1024/my-clash-subscribe
[2026-07-27 00:26:26] 🔗 开始 Fork 链追踪 (g-star1024/my-clash-subscribe)
[2026-07-27 00:26:26] 🔗 查子仓库: 10yanhon/clash-sub
[2026-07-27 00:26:26]   👤 用户仓库: 5 个 → 发现队列 (队列: 0/600)
[2026-07-27 00:26:26]   用户 wubozh 共查 5 个仓库
[2026-07-27 00:26:26] 仓库 https://github.com/frankiejun/clash-sub-converter (分支: main, size: 115KB, pushed: 2026-07-26T07:03:04Z)
[2026-07-27 00:26:26] 👤 遍历用户仓库: g-star1024
[2026-07-27 00:26:26] 🔗 开始 Fork 链追踪 (10yanhon/clash-sub)
[2026-07-27 00:26:27] 👤 遍历用户仓库: 10yanhon
[2026-07-27 00:26:27] 仓库 https://github.com/frankiejun/clash-sub-converter 候选文件 2 个
[2026-07-27 00:26:27]   👤 用户仓库: 30 个 → 发现队列 (队列: 0/600)
[2026-07-27 00:26:27]   用户 billkit 共查 30 个仓库
[2026-07-27 00:26:27] 仓库 https://github.com/atomhb/Auto_Update_Sub (分支: main, size: 195478KB, pushed: 2026-07-26T06:45:38Z)
[2026-07-27 00:26:27] 仓库 https://github.com/frankiejun/clash-sub-converter 未提取到节点，加入黑名单
[2026-07-27 00:26:27] 仓库 https://github.com/LHF001/clash-sub (分支: main, size: 621KB, pushed: 2026-07-26T05:17:22Z)
[2026-07-27 00:26:27] 仓库 https://github.com/atomhb/Auto_Update_Sub 候选文件 7 个
[2026-07-27 00:26:27] 仓库 https://github.com/LHF001/clash-sub 候选文件 1 个
[2026-07-27 00:26:27]   👤 用户仓库: 30 个 → 发现队列 (队列: 0/600)
[2026-07-27 00:26:27]   用户 g-star1024 共查 30 个仓库
[2026-07-27 00:26:27] 仓库 https://github.com/feixingzhou/clash-subscription (分支: main, size: 3174KB, pushed: 2026-07-26T04:21:40Z)
[2026-07-27 00:26:28]   👤 用户仓库: 30 个 → 发现队列 (队列: 0/600)
[2026-07-27 00:26:28]   用户 10yanhon 共查 30 个仓库
[2026-07-27 00:26:28] 仓库 https://github.com/awwy1222/clash-sub (分支: master, size: 272KB, pushed: 2026-07-26T03:41:23Z)
[2026-07-27 00:26:28] 仓库 https://github.com/feixingzhou/clash-subscription 候选文件 2 个
[2026-07-27 00:26:28] 仓库 https://github.com/awwy1222/clash-sub 候选文件 1 个
[2026-07-27 00:26:29] 🔗 查子仓库: LHF001/clash-sub
[2026-07-27 00:26:29] 🔗 开始 Fork 链追踪 (LHF001/clash-sub)
[2026-07-27 00:26:29] 🔗 查子仓库: awwy1222/clash-sub
[2026-07-27 00:26:29] 👤 遍历用户仓库: LHF001
[2026-07-27 00:26:29] 🔗 开始 Fork 链追踪 (awwy1222/clash-sub)
[2026-07-27 00:26:29] 👤 遍历用户仓库: awwy1222
[2026-07-27 00:26:30]   用户 LHF001 共查 0 个仓库
[2026-07-27 00:26:30] 仓库 https://github.com/wanghe1531/Sub (分支: main, size: 95KB, pushed: 2026-07-25T21:23:04Z)
[2026-07-27 00:26:30] 仓库 https://github.com/wanghe1531/Sub 无候选文件 (总计 3 blob, 扩展名过滤 0, processed_shas 跳过 0, SHA 缓存跳过 3)
[2026-07-27 00:26:30] 🔗 查子仓库: wanghe1531/Sub
[2026-07-27 00:26:30]   👤 用户仓库: 6 个 → 发现队列 (队列: 0/600)
[2026-07-27 00:26:30]   用户 awwy1222 共查 6 个仓库
[2026-07-27 00:26:30] 仓库 https://github.com/Rayan-Config/C-Sub (分支: main, size: 26275KB, pushed: 2026-07-26T15:55:56Z)
[2026-07-27 00:26:30] 🔗 开始 Fork 链追踪 (wanghe1531/Sub)
[2026-07-27 00:26:30]   父仓库: anaer/Sub
[2026-07-27 00:26:31] 🔗 查子仓库: atomhb/Auto_Update_Sub
[2026-07-27 00:26:31] 仓库 https://github.com/Rayan-Config/C-Sub 候选文件 2 个
[2026-07-27 00:26:31] 🔗 开始 Fork 链追踪 (atomhb/Auto_Update_Sub)
[2026-07-27 00:26:31] 👤 遍历用户仓库: atomhb
[2026-07-27 00:26:31] 🔗 查子仓库: feixingzhou/clash-subscription
[2026-07-27 00:26:31] 🔗 查子仓库: Rayan-Config/C-Sub
[2026-07-27 00:26:31] 🔗 开始 Fork 链追踪 (feixingzhou/clash-subscription)
[2026-07-27 00:26:31]   👤 用户仓库: 2 个 → 发现队列 (队列: 0/600)
[2026-07-27 00:26:31]   用户 atomhb 共查 2 个仓库
[2026-07-27 00:26:31] 仓库 https://github.com/IKUKEJI/WorkerVless2sub (分支: main, size: 3787KB, pushed: 2026-07-26T14:55:33Z)
[2026-07-27 00:26:31] 👤 遍历用户仓库: wanghe1531
[2026-07-27 00:26:31] 👤 遍历用户仓库: feixingzhou
[2026-07-27 00:26:32]   🍴 子仓库: 2 个 → 发现队列 (队列: 0/600)
[2026-07-27 00:26:32] 🔗 开始 Fork 链追踪 (Rayan-Config/C-Sub)
[2026-07-27 00:26:32] 仓库 https://github.com/IKUKEJI/WorkerVless2sub 候选文件 1 个
[2026-07-27 00:26:32]   👤 用户仓库: 2 个 → 发现队列 (队列: 0/600)
[2026-07-27 00:26:32]   用户 feixingzhou 共查 2 个仓库
[2026-07-27 00:26:32] 仓库 https://github.com/itwhs/WorkerVless2sub (分支: main, size: 3787KB, pushed: 2026-07-26T14:48:22Z)
[2026-07-27 00:26:32]   父仓库: goldrad/multi-proxy-config-fetcher
[2026-07-27 00:26:32] 仓库在黑名单中: https://github.com/goldrad/multi-proxy-config-fetcher
[2026-07-27 00:26:32]   父仓库 +0 个节点
[2026-07-27 00:26:32] 仓库 https://github.com/itwhs/WorkerVless2sub 无候选文件 (总计 12 blob, 扩展名过滤 5, processed_shas 跳过 1, SHA 缓存跳过 6)
[2026-07-27 00:26:32] 🔗 查子仓库: itwhs/WorkerVless2sub
[2026-07-27 00:26:32] 🔗 开始 Fork 链追踪 (itwhs/WorkerVless2sub)
[2026-07-27 00:26:32] 仓库 https://github.com/IKUKEJI/WorkerVless2sub 未提取到节点，加入黑名单
[2026-07-27 00:26:32] 仓库 https://github.com/LimitlessTao/WorkerVless2sub (分支: main, size: 3787KB, pushed: 2026-07-26T14:45:05Z)
[2026-07-27 00:26:33]   父仓库: cmliu/WorkerVless2sub
[2026-07-27 00:26:33] 仓库 https://github.com/LimitlessTao/WorkerVless2sub 无候选文件 (总计 12 blob, 扩展名过滤 5, processed_shas 跳过 1, SHA 缓存跳过 6)
[2026-07-27 00:26:33] 🔗 查子仓库: LimitlessTao/WorkerVless2sub
[2026-07-27 00:26:33] 🔗 开始 Fork 链追踪 (LimitlessTao/WorkerVless2sub)
[2026-07-27 00:26:33]   👤 用户仓库: 30 个 → 发现队列 (队列: 0/600)
[2026-07-27 00:26:33]   用户 wanghe1531 共查 30 个仓库
[2026-07-27 00:26:33] 仓库 https://github.com/cmliu/WorkerVless2sub (分支: main, size: 4634KB, pushed: 2026-07-26T14:37:50Z)
[2026-07-27 00:26:33]   父仓库: cmliu/WorkerVless2sub
[2026-07-27 00:26:33] 仓库 https://github.com/cmliu/WorkerVless2sub 无候选文件 (总计 12 blob, 扩展名过滤 5, processed_shas 跳过 1, SHA 缓存跳过 6)
[2026-07-27 00:26:33] 🔗 查子仓库: cmliu/WorkerVless2sub
[2026-07-27 00:26:33]   🍴 兄弟仓库: 30 个 → 发现队列 (队列: 0/600)
[2026-07-27 00:26:33] 👤 遍历用户仓库: Rayan-Config
[2026-07-27 00:26:34]   👤 用户仓库: 4 个 → 发现队列 (队列: 0/600)
[2026-07-27 00:26:34]   用户 Rayan-Config 共查 4 个仓库
[2026-07-27 00:26:34] 仓库 https://github.com/mzketto/WorkerVless2sub (分支: main, size: 3787KB, pushed: 2026-07-26T03:38:43Z)
[2026-07-27 00:26:34] 仓库 https://github.com/mzketto/WorkerVless2sub 无候选文件 (总计 12 blob, 扩展名过滤 5, processed_shas 跳过 0, SHA 缓存跳过 7)
[2026-07-27 00:26:34] 🔗 查子仓库: mzketto/WorkerVless2sub
[2026-07-27 00:26:34] 🔗 开始 Fork 链追踪 (mzketto/WorkerVless2sub)
[2026-07-27 00:26:34]   父仓库: cmliu/WorkerVless2sub
[2026-07-27 00:26:35]   🍴 兄弟仓库: 30 个 → 发现队列 (队列: 0/600)
[2026-07-27 00:26:35] 👤 遍历用户仓库: LimitlessTao
[2026-07-27 00:26:35]   🍴 兄弟仓库: 29 个 → 发现队列 (队列: 0/600)
[2026-07-27 00:26:35] 👤 遍历用户仓库: itwhs
[2026-07-27 00:26:35] 🔗 开始 Fork 链追踪 (cmliu/WorkerVless2sub)
[2026-07-27 00:26:35] 👤 遍历用户仓库: cmliu
[2026-07-27 00:26:35]   👤 用户仓库: 29 个 → 发现队列 (队列: 0/600)
[2026-07-27 00:26:35]   用户 LimitlessTao 共查 29 个仓库
[2026-07-27 00:26:35] 仓库 https://github.com/Xylonify/WorkerVless2sub (分支: main, size: 3787KB, pushed: 2026-07-26T03:36:36Z)
[2026-07-27 00:26:36] 仓库 https://github.com/Xylonify/WorkerVless2sub 无候选文件 (总计 12 blob, 扩展名过滤 5, processed_shas 跳过 0, SHA 缓存跳过 7)
[2026-07-27 00:26:36] 🔗 查子仓库: Xylonify/WorkerVless2sub
[2026-07-27 00:26:36]   👤 用户仓库: 30 个 → 发现队列 (队列: 0/600)
[2026-07-27 00:26:36]   用户 cmliu 共查 30 个仓库
[2026-07-27 00:26:36] 仓库 https://github.com/JHK19970416/CM-WorkerVless2sub (分支: main, size: 4633KB, pushed: 2026-07-26T03:35:03Z)
[2026-07-27 00:26:36] 🔗 开始 Fork 链追踪 (Xylonify/WorkerVless2sub)
[2026-07-27 00:26:36] 👤 遍历用户仓库: mzketto
[2026-07-27 00:26:36]   父仓库: cmliu/WorkerVless2sub
[2026-07-27 00:26:36]   👤 用户仓库: 30 个 → 发现队列 (队列: 0/600)
[2026-07-27 00:26:36]   用户 itwhs 共查 30 个仓库
[2026-07-27 00:26:36] 仓库 https://github.com/kgdpyeifk/WorkerVless2sub (分支: main, size: 3787KB, pushed: 2026-07-26T03:34:52Z)
[2026-07-27 00:26:36] 仓库 https://github.com/JHK19970416/CM-WorkerVless2sub 无候选文件 (总计 12 blob, 扩展名过滤 5, processed_shas 跳过 0, SHA 缓存跳过 7)
[2026-07-27 00:26:36] 🔗 查子仓库: JHK19970416/CM-WorkerVless2sub
[2026-07-27 00:26:36] 🔗 开始 Fork 链追踪 (JHK19970416/CM-WorkerVless2sub)
[2026-07-27 00:26:37] 仓库 https://github.com/kgdpyeifk/WorkerVless2sub 无候选文件 (总计 12 blob, 扩展名过滤 5, processed_shas 跳过 0, SHA 缓存跳过 7)
[2026-07-27 00:26:37] 🔗 查子仓库: kgdpyeifk/WorkerVless2sub
[2026-07-27 00:26:37]   父仓库: cmliu/WorkerVless2sub
[2026-07-27 00:26:37] 🔗 开始 Fork 链追踪 (kgdpyeifk/WorkerVless2sub)
[2026-07-27 00:26:37]   父仓库: cmliu/WorkerVless2sub
[2026-07-27 00:26:38] 👤 遍历用户仓库: JHK19970416
[2026-07-27 00:26:38] 👤 遍历用户仓库: Xylonify
[2026-07-27 00:26:38]   👤 用户仓库: 14 个 → 发现队列 (队列: 0/600)
[2026-07-27 00:26:38]   用户 JHK19970416 共查 14 个仓库
[2026-07-27 00:26:38] 仓库 https://github.com/anyejingling01/WorkerVless2sub (分支: main, size: 3787KB, pushed: 2026-07-26T03:29:44Z)
[2026-07-27 00:26:38] 仓库 https://github.com/anyejingling01/WorkerVless2sub 无候选文件 (总计 12 blob, 扩展名过滤 5, processed_shas 跳过 0, SHA 缓存跳过 7)
[2026-07-27 00:26:38] 🔗 查子仓库: anyejingling01/WorkerVless2sub
[2026-07-27 00:26:38]   👤 用户仓库: 30 个 → 发现队列 (队列: 0/600)
[2026-07-27 00:26:38]   用户 mzketto 共查 30 个仓库
[2026-07-27 00:26:38] 仓库 https://github.com/hjhuan66/WorkerVless2sub (分支: main, size: 3787KB, pushed: 2026-07-26T03:29:37Z)
[2026-07-27 00:26:39] 👤 遍历用户仓库: kgdpyeifk
[2026-07-27 00:26:39] 🔗 开始 Fork 链追踪 (anyejingling01/WorkerVless2sub)
[2026-07-27 00:26:39]   父仓库: cmliu/WorkerVless2sub
[2026-07-27 00:26:39] 仓库 https://github.com/hjhuan66/WorkerVless2sub 无候选文件 (总计 12 blob, 扩展名过滤 5, processed_shas 跳过 0, SHA 缓存跳过 7)
[2026-07-27 00:26:39] 🔗 查子仓库: hjhuan66/WorkerVless2sub
[2026-07-27 00:26:39] 🔗 开始 Fork 链追踪 (hjhuan66/WorkerVless2sub)
[2026-07-27 00:26:39]   父仓库: cmliu/WorkerVless2sub
[2026-07-27 00:26:39]   👤 用户仓库: 30 个 → 发现队列 (队列: 0/600)
[2026-07-27 00:26:39]   用户 Xylonify 共查 30 个仓库
[2026-07-27 00:26:39] 仓库 https://github.com/cxr9912/WorkerVless2sub (分支: main, size: 3787KB, pushed: 2026-07-26T03:26:35Z)
[2026-07-27 00:26:40] 仓库 https://github.com/cxr9912/WorkerVless2sub 无候选文件 (总计 12 blob, 扩展名过滤 5, processed_shas 跳过 0, SHA 缓存跳过 7)
[2026-07-27 00:26:40] 🔗 查子仓库: cxr9912/WorkerVless2sub
[2026-07-27 00:26:40] 🔗 开始 Fork 链追踪 (cxr9912/WorkerVless2sub)
[2026-07-27 00:26:40]   父仓库: cmliu/WorkerVless2sub
[2026-07-27 00:26:40]   👤 用户仓库: 30 个 → 发现队列 (队列: 0/600)
[2026-07-27 00:26:40]   用户 kgdpyeifk 共查 30 个仓库
[2026-07-27 00:26:40] 仓库 https://github.com/chris202010/WorkerVless2sub (分支: main, size: 3823KB, pushed: 2026-07-26T03:26:09Z)
[2026-07-27 00:26:40] 仓库 https://github.com/chris202010/WorkerVless2sub 无候选文件 (总计 12 blob, 扩展名过滤 5, processed_shas 跳过 0, SHA 缓存跳过 7)
[2026-07-27 00:26:40] 🔗 查子仓库: chris202010/WorkerVless2sub
[2026-07-27 00:26:40] 👤 遍历用户仓库: anyejingling01
[2026-07-27 00:26:40] 👤 遍历用户仓库: hjhuan66
[2026-07-27 00:26:41]   🍴 子仓库: 1 个 → 发现队列 (队列: 0/600)
[2026-07-27 00:26:41] 🔗 开始 Fork 链追踪 (chris202010/WorkerVless2sub)
[2026-07-27 00:26:41]   👤 用户仓库: 5 个 → 发现队列 (队列: 0/600)
[2026-07-27 00:26:41]   用户 hjhuan66 共查 5 个仓库
[2026-07-27 00:26:41] 仓库 https://github.com/xiagefei/cm2sub (分支: main, size: 3817KB, pushed: 2026-07-26T03:22:00Z)
[2026-07-27 00:26:41]   父仓库: cmliu/WorkerVless2sub
[2026-07-27 00:26:41] 仓库 https://github.com/xiagefei/cm2sub 无候选文件 (总计 12 blob, 扩展名过滤 5, processed_shas 跳过 0, SHA 缓存跳过 7)
[2026-07-27 00:26:41] 🔗 查子仓库: xiagefei/cm2sub
[2026-07-27 00:26:41] 🔗 开始 Fork 链追踪 (xiagefei/cm2sub)
[2026-07-27 00:26:42]   父仓库: cmliu/WorkerVless2sub
[2026-07-27 00:26:42]   👤 用户仓库: 30 个 → 发现队列 (队列: 0/600)
[2026-07-27 00:26:42]   用户 anyejingling01 共查 30 个仓库
[2026-07-27 00:26:42] 仓库 https://github.com/hereVg0/WorkerVless2sub (分支: main, size: 3787KB, pushed: 2026-07-26T03:21:57Z)
[2026-07-27 00:26:42] 👤 遍历用户仓库: cxr9912
[2026-07-27 00:26:42] 👤 遍历用户仓库: chris202010
[2026-07-27 00:26:42] 仓库 https://github.com/hereVg0/WorkerVless2sub 无候选文件 (总计 12 blob, 扩展名过滤 5, processed_shas 跳过 0, SHA 缓存跳过 7)
[2026-07-27 00:26:42] 🔗 查子仓库: hereVg0/WorkerVless2sub
[2026-07-27 00:26:42] 🔗 开始 Fork 链追踪 (hereVg0/WorkerVless2sub)
[2026-07-27 00:26:42]   父仓库: cmliu/WorkerVless2sub
[2026-07-27 00:26:43]   👤 用户仓库: 28 个 → 发现队列 (队列: 0/600)
[2026-07-27 00:26:43]   用户 cxr9912 共查 28 个仓库
[2026-07-27 00:26:43] 仓库 https://github.com/dynamicbeam/WorkerVless2sub (分支: main, size: 3801KB, pushed: 2026-07-26T03:17:32Z)
[2026-07-27 00:26:43] 👤 遍历用户仓库: xiagefei
[2026-07-27 00:26:43]   👤 用户仓库: 30 个 → 发现队列 (队列: 0/600)
[2026-07-27 00:26:43]   用户 chris202010 共查 30 个仓库
[2026-07-27 00:26:43] 仓库 https://github.com/qq270895042/WorkerVless2sub (分支: main, size: 3787KB, pushed: 2026-07-26T03:15:07Z)
[2026-07-27 00:26:43] 仓库 https://github.com/dynamicbeam/WorkerVless2sub 无候选文件 (总计 12 blob, 扩展名过滤 5, processed_shas 跳过 0, SHA 缓存跳过 7)
[2026-07-27 00:26:43] 🔗 查子仓库: dynamicbeam/WorkerVless2sub
[2026-07-27 00:26:43] 🔗 开始 Fork 链追踪 (dynamicbeam/WorkerVless2sub)
[2026-07-27 00:26:43] 仓库 https://github.com/qq270895042/WorkerVless2sub 无候选文件 (总计 12 blob, 扩展名过滤 5, processed_shas 跳过 0, SHA 缓存跳过 7)
[2026-07-27 00:26:43] 🔗 查子仓库: qq270895042/WorkerVless2sub
[2026-07-27 00:26:43]   父仓库: cmliu/WorkerVless2sub
[2026-07-27 00:26:43] 🔗 开始 Fork 链追踪 (qq270895042/WorkerVless2sub)
[2026-07-27 00:26:44] 👤 遍历用户仓库: hereVg0
[2026-07-27 00:26:44]   父仓库: cmliu/WorkerVless2sub
[2026-07-27 00:26:44]   👤 用户仓库: 9 个 → 发现队列 (队列: 0/600)
[2026-07-27 00:26:44]   用户 hereVg0 共查 9 个仓库
[2026-07-27 00:26:44] 仓库 https://github.com/mahdianoosheh/WorkerVless2sub (分支: main, size: 3787KB, pushed: 2026-07-26T02:53:29Z)
[2026-07-27 00:26:44]   👤 用户仓库: 30 个 → 发现队列 (队列: 0/600)
[2026-07-27 00:26:44]   用户 xiagefei 共查 30 个仓库
[2026-07-27 00:26:44] 仓库 https://github.com/amirsajjadieh/WorkerVless2sub (分支: main, size: 3787KB, pushed: 2026-07-26T02:52:43Z)
[2026-07-27 00:26:44] 仓库 https://github.com/mahdianoosheh/WorkerVless2sub 无候选文件 (总计 12 blob, 扩展名过滤 5, processed_shas 跳过 0, SHA 缓存跳过 7)
[2026-07-27 00:26:44] 🔗 查子仓库: mahdianoosheh/WorkerVless2sub
[2026-07-27 00:26:44] 👤 遍历用户仓库: qq270895042
[2026-07-27 00:26:45] 👤 遍历用户仓库: dynamicbeam
[2026-07-27 00:26:45] 🔗 开始 Fork 链追踪 (mahdianoosheh/WorkerVless2sub)
[2026-07-27 00:26:45] 仓库 https://github.com/amirsajjadieh/WorkerVless2sub 无候选文件 (总计 12 blob, 扩展名过滤 5, processed_shas 跳过 0, SHA 缓存跳过 7)
[2026-07-27 00:26:45] 🔗 查子仓库: amirsajjadieh/WorkerVless2sub
[2026-07-27 00:26:45] 🔗 开始 Fork 链追踪 (amirsajjadieh/WorkerVless2sub)
[2026-07-27 00:26:45]   父仓库: cmliu/WorkerVless2sub
[2026-07-27 00:26:45]   父仓库: cmliu/WorkerVless2sub
[2026-07-27 00:26:45]   👤 用户仓库: 15 个 → 发现队列 (队列: 0/600)
[2026-07-27 00:26:45]   用户 qq270895042 共查 15 个仓库
[2026-07-27 00:26:45] 仓库 https://github.com/ZXCV-design/WorkerVless2sub (分支: main, size: 3787KB, pushed: 2026-07-26T02:49:16Z)
[2026-07-27 00:26:46] 仓库 https://github.com/ZXCV-design/WorkerVless2sub 无候选文件 (总计 12 blob, 扩展名过滤 5, processed_shas 跳过 0, SHA 缓存跳过 7)
[2026-07-27 00:26:46] 🔗 查子仓库: ZXCV-design/WorkerVless2sub
[2026-07-27 00:26:46] 🔗 开始 Fork 链追踪 (ZXCV-design/WorkerVless2sub)
[2026-07-27 00:26:46] 👤 遍历用户仓库: mahdianoosheh
[2026-07-27 00:26:46] 👤 遍历用户仓库: amirsajjadieh
[2026-07-27 00:26:46]   👤 用户仓库: 30 个 → 发现队列 (队列: 0/600)
[2026-07-27 00:26:46]   用户 dynamicbeam 共查 30 个仓库
[2026-07-27 00:26:46] 仓库 https://github.com/bjxccloud/WorkerVless2sub (分支: main, size: 4614KB, pushed: 2026-07-26T02:48:15Z)
[2026-07-27 00:26:46]   父仓库: cmliu/WorkerVless2sub
[2026-07-27 00:26:46]   👤 用户仓库: 6 个 → 发现队列 (队列: 0/600)
[2026-07-27 00:26:46]   用户 mahdianoosheh 共查 6 个仓库
[2026-07-27 00:26:46] 仓库 https://github.com/chenjian199609/WorkerVless2sub (分支: main, size: 3787KB, pushed: 2026-07-26T02:47:54Z)
[2026-07-27 00:26:46] 仓库 https://github.com/bjxccloud/WorkerVless2sub 无候选文件 (总计 12 blob, 扩展名过滤 5, processed_shas 跳过 0, SHA 缓存跳过 7)
[2026-07-27 00:26:46] 🔗 查子仓库: bjxccloud/WorkerVless2sub
[2026-07-27 00:26:46]   👤 用户仓库: 5 个 → 发现队列 (队列: 0/600)
[2026-07-27 00:26:46]   用户 amirsajjadieh 共查 5 个仓库
[2026-07-27 00:26:46] 仓库 https://github.com/oahxu/WorkerVless2sub (分支: main, size: 3787KB, pushed: 2026-07-26T02:47:23Z)
[2026-07-27 00:26:46] 🔗 开始 Fork 链追踪 (bjxccloud/WorkerVless2sub)
[2026-07-27 00:26:47] 仓库 https://github.com/chenjian199609/WorkerVless2sub 无候选文件 (总计 12 blob, 扩展名过滤 5, processed_shas 跳过 0, SHA 缓存跳过 7)
[2026-07-27 00:26:47] 🔗 查子仓库: chenjian199609/WorkerVless2sub
[2026-07-27 00:26:47]   父仓库: cmliu/WorkerVless2sub
[2026-07-27 00:26:47] 🔗 开始 Fork 链追踪 (chenjian199609/WorkerVless2sub)
[2026-07-27 00:26:47] 仓库 https://github.com/oahxu/WorkerVless2sub 无候选文件 (总计 12 blob, 扩展名过滤 5, processed_shas 跳过 0, SHA 缓存跳过 7)
[2026-07-27 00:26:47] 🔗 查子仓库: oahxu/WorkerVless2sub
[2026-07-27 00:26:47] 🔗 开始 Fork 链追踪 (oahxu/WorkerVless2sub)
[2026-07-27 00:26:47]   父仓库: cmliu/WorkerVless2sub
[2026-07-27 00:26:47]   父仓库: cmliu/WorkerVless2sub
[2026-07-27 00:26:47] 👤 遍历用户仓库: ZXCV-design
[2026-07-27 00:26:48] 👤 遍历用户仓库: bjxccloud
[2026-07-27 00:26:48]   👤 用户仓库: 10 个 → 发现队列 (队列: 0/600)
[2026-07-27 00:26:48]   用户 ZXCV-design 共查 10 个仓库
[2026-07-27 00:26:48] 仓库 https://github.com/cheng8889/WorkerVless2sub (分支: main, size: 3854KB, pushed: 2026-07-26T02:42:29Z)
[2026-07-27 00:26:48] 👤 遍历用户仓库: chenjian199609
[2026-07-27 00:26:48] 👤 遍历用户仓库: oahxu
[2026-07-27 00:26:48]   👤 用户仓库: 1 个 → 发现队列 (队列: 0/600)
[2026-07-27 00:26:48]   用户 bjxccloud 共查 1 个仓库
[2026-07-27 00:26:48] 仓库 https://github.com/a117171/WorkerVless2sub (分支: main, size: 4634KB, pushed: 2026-07-26T02:40:57Z)
[2026-07-27 00:26:48] 仓库 https://github.com/cheng8889/WorkerVless2sub 无候选文件 (总计 12 blob, 扩展名过滤 5, processed_shas 跳过 0, SHA 缓存跳过 7)
[2026-07-27 00:26:48] 🔗 查子仓库: cheng8889/WorkerVless2sub
[2026-07-27 00:26:48] 🔗 开始 Fork 链追踪 (cheng8889/WorkerVless2sub)
[2026-07-27 00:26:48] 仓库 https://github.com/a117171/WorkerVless2sub 无候选文件 (总计 12 blob, 扩展名过滤 5, processed_shas 跳过 0, SHA 缓存跳过 7)
[2026-07-27 00:26:48] 🔗 查子仓库: a117171/WorkerVless2sub
[2026-07-27 00:26:48]   父仓库: cmliu/WorkerVless2sub
[2026-07-27 00:26:49] 🔗 开始 Fork 链追踪 (a117171/WorkerVless2sub)
[2026-07-27 00:26:49]   父仓库: cmliu/WorkerVless2sub
[2026-07-27 00:26:49]   👤 用户仓库: 30 个 → 发现队列 (队列: 0/600)
[2026-07-27 00:26:49]   用户 chenjian199609 共查 30 个仓库
[2026-07-27 00:26:49] 仓库 https://github.com/shenxinli/WorkerVless2sub (分支: main, size: 3787KB, pushed: 2026-07-26T02:40:32Z)
[2026-07-27 00:26:49]   👤 用户仓库: 30 个 → 发现队列 (队列: 0/600)
[2026-07-27 00:26:49]   用户 oahxu 共查 30 个仓库
[2026-07-27 00:26:49] 仓库 https://github.com/jian86/WorkerVless2sub (分支: main, size: 3787KB, pushed: 2026-07-26T02:39:43Z)
[2026-07-27 00:26:49] 仓库 https://github.com/shenxinli/WorkerVless2sub 无候选文件 (总计 12 blob, 扩展名过滤 5, processed_shas 跳过 0, SHA 缓存跳过 7)
[2026-07-27 00:26:49] 🔗 查子仓库: shenxinli/WorkerVless2sub
[2026-07-27 00:26:49] 👤 遍历用户仓库: cheng8889
[2026-07-27 00:26:49] 🔗 开始 Fork 链追踪 (shenxinli/WorkerVless2sub)
[2026-07-27 00:26:49] 仓库 https://github.com/jian86/WorkerVless2sub 无候选文件 (总计 12 blob, 扩展名过滤 5, processed_shas 跳过 0, SHA 缓存跳过 7)
[2026-07-27 00:26:49] 🔗 查子仓库: jian86/WorkerVless2sub
[2026-07-27 00:26:50] 🔗 开始 Fork 链追踪 (jian86/WorkerVless2sub)
[2026-07-27 00:26:50]   父仓库: cmliu/WorkerVless2sub
[2026-07-27 00:26:50] 👤 遍历用户仓库: a117171
[2026-07-27 00:26:50]   父仓库: cmliu/WorkerVless2sub
[2026-07-27 00:26:50]   👤 用户仓库: 15 个 → 发现队列 (队列: 0/600)
[2026-07-27 00:26:50]   用户 cheng8889 共查 15 个仓库
[2026-07-27 00:26:50] 仓库 https://github.com/95270001/WorkerVless2sub (分支: main, size: 3787KB, pushed: 2026-07-26T02:33:58Z)
[2026-07-27 00:26:50] 仓库 https://github.com/95270001/WorkerVless2sub 无候选文件 (总计 12 blob, 扩展名过滤 5, processed_shas 跳过 0, SHA 缓存跳过 7)
[2026-07-27 00:26:50] 🔗 查子仓库: 95270001/WorkerVless2sub
[2026-07-27 00:26:50] 🔗 开始 Fork 链追踪 (95270001/WorkerVless2sub)
[2026-07-27 00:26:50] 👤 遍历用户仓库: shenxinli
[2026-07-27 00:26:51]   父仓库: cmliu/WorkerVless2sub
[2026-07-27 00:26:51]   👤 用户仓库: 30 个 → 发现队列 (队列: 0/600)
[2026-07-27 00:26:51]   用户 a117171 共查 30 个仓库
[2026-07-27 00:26:51] 仓库 https://github.com/supercrypto1984/WorkerVless2sub (分支: main, size: 3787KB, pushed: 2026-07-26T02:33:22Z)
[2026-07-27 00:26:51] 仓库 https://github.com/supercrypto1984/WorkerVless2sub 无候选文件 (总计 12 blob, 扩展名过滤 5, processed_shas 跳过 0, SHA 缓存跳过 7)
[2026-07-27 00:26:51] 🔗 查子仓库: supercrypto1984/WorkerVless2sub
[2026-07-27 00:26:51] 👤 遍历用户仓库: jian86
[2026-07-27 00:26:51] 🔗 开始 Fork 链追踪 (supercrypto1984/WorkerVless2sub)
[2026-07-27 00:26:51] 👤 遍历用户仓库: 95270001
[2026-07-27 00:26:51]   父仓库: cmliu/WorkerVless2sub
[2026-07-27 00:26:52]   👤 用户仓库: 9 个 → 发现队列 (队列: 0/600)
[2026-07-27 00:26:52]   用户 95270001 共查 9 个仓库
[2026-07-27 00:26:52] 仓库 https://github.com/bike3097/WorkerVless2sub (分支: main, size: 3787KB, pushed: 2026-07-26T02:30:31Z)
[2026-07-27 00:26:52]   👤 用户仓库: 29 个 → 发现队列 (队列: 0/600)
[2026-07-27 00:26:52]   用户 jian86 共查 29 个仓库
[2026-07-27 00:26:52] 仓库 https://github.com/Petory51/WorkerVless2sub (分支: main, size: 3787KB, pushed: 2026-07-26T02:28:32Z)
[2026-07-27 00:26:52] 仓库 https://github.com/bike3097/WorkerVless2sub 无候选文件 (总计 12 blob, 扩展名过滤 5, processed_shas 跳过 0, SHA 缓存跳过 7)
[2026-07-27 00:26:52] 🔗 查子仓库: bike3097/WorkerVless2sub
[2026-07-27 00:26:52] 🔗 开始 Fork 链追踪 (bike3097/WorkerVless2sub)
[2026-07-27 00:26:52] 👤 遍历用户仓库: supercrypto1984
[2026-07-27 00:26:52] 仓库 https://github.com/Petory51/WorkerVless2sub 无候选文件 (总计 12 blob, 扩展名过滤 5, processed_shas 跳过 0, SHA 缓存跳过 7)
[2026-07-27 00:26:52] 🔗 查子仓库: Petory51/WorkerVless2sub
[2026-07-27 00:26:52]   父仓库: cmliu/WorkerVless2sub
[2026-07-27 00:26:52] 🔗 开始 Fork 链追踪 (Petory51/WorkerVless2sub)
[2026-07-27 00:26:53]   父仓库: cmliu/WorkerVless2sub
[2026-07-27 00:26:53] 👤 遍历用户仓库: bike3097
[2026-07-27 00:26:54] 👤 遍历用户仓库: Petory51
[2026-07-27 00:26:54]   👤 用户仓库: 30 个 → 发现队列 (队列: 0/600)
[2026-07-27 00:26:54]   用户 shenxinli 共查 30 个仓库
[2026-07-27 00:26:54] 仓库 https://github.com/DaBaival/WorkerVless2sub (分支: main, size: 3787KB, pushed: 2026-07-26T02:28:17Z)
[2026-07-27 00:26:54]   👤 用户仓库: 25 个 → 发现队列 (队列: 0/600)
[2026-07-27 00:26:54]   用户 bike3097 共查 25 个仓库
[2026-07-27 00:26:54] 仓库 https://github.com/Kwisma/WorkerVless2sub (分支: main, size: 3787KB, pushed: 2026-07-26T02:26:45Z)
[2026-07-27 00:26:54] 仓库 https://github.com/DaBaival/WorkerVless2sub 无候选文件 (总计 12 blob, 扩展名过滤 5, processed_shas 跳过 0, SHA 缓存跳过 7)
[2026-07-27 00:26:54] 🔗 查子仓库: DaBaival/WorkerVless2sub
[2026-07-27 00:26:54]   👤 用户仓库: 27 个 → 发现队列 (队列: 0/600)
[2026-07-27 00:26:54]   用户 Petory51 共查 27 个仓库
[2026-07-27 00:26:54] 仓库 https://github.com/ken58688/WorkerVless2sub (分支: main, size: 3787KB, pushed: 2026-07-26T02:13:33Z)
[2026-07-27 00:26:54] 🔗 开始 Fork 链追踪 (DaBaival/WorkerVless2sub)
[2026-07-27 00:26:54] 仓库 https://github.com/Kwisma/WorkerVless2sub 无候选文件 (总计 12 blob, 扩展名过滤 5, processed_shas 跳过 0, SHA 缓存跳过 7)
[2026-07-27 00:26:54] 🔗 查子仓库: Kwisma/WorkerVless2sub
[2026-07-27 00:26:55] 🔗 开始 Fork 链追踪 (Kwisma/WorkerVless2sub)
[2026-07-27 00:26:55]   父仓库: cmliu/WorkerVless2sub
[2026-07-27 00:26:55] 仓库 https://github.com/ken58688/WorkerVless2sub 无候选文件 (总计 12 blob, 扩展名过滤 5, processed_shas 跳过 0, SHA 缓存跳过 7)
[2026-07-27 00:26:55] 🔗 查子仓库: ken58688/WorkerVless2sub
[2026-07-27 00:26:55] 🔗 开始 Fork 链追踪 (ken58688/WorkerVless2sub)
[2026-07-27 00:26:55]   父仓库: cmliu/WorkerVless2sub
[2026-07-27 00:26:55]   父仓库: cmliu/WorkerVless2sub
[2026-07-27 00:26:56] 👤 遍历用户仓库: DaBaival
[2026-07-27 00:26:56] 👤 遍历用户仓库: Kwisma
[2026-07-27 00:26:56] 👤 遍历用户仓库: ken58688
[2026-07-27 00:26:56]   👤 用户仓库: 30 个 → 发现队列 (队列: 0/600)
[2026-07-27 00:26:56]   用户 supercrypto1984 共查 30 个仓库
[2026-07-27 00:26:56] 仓库 https://github.com/cxiyaoe/WorkerVless2sub (分支: main, size: 3787KB, pushed: 2026-07-26T02:11:34Z)
[2026-07-27 00:26:56] 仓库 https://github.com/cxiyaoe/WorkerVless2sub 无候选文件 (总计 12 blob, 扩展名过滤 5, processed_shas 跳过 0, SHA 缓存跳过 7)
[2026-07-27 00:26:56] 🔗 查子仓库: cxiyaoe/WorkerVless2sub
[2026-07-27 00:26:57]   👤 用户仓库: 11 个 → 发现队列 (队列: 0/600)
[2026-07-27 00:26:57]   用户 ken58688 共查 11 个仓库
[2026-07-27 00:26:57] 仓库 https://github.com/qingfeng033358/WorkerVless2sub (分支: main, size: 3787KB, pushed: 2026-07-26T02:11:18Z)
[2026-07-27 00:26:57] 🔗 开始 Fork 链追踪 (cxiyaoe/WorkerVless2sub)
[2026-07-27 00:26:57]   👤 用户仓库: 30 个 → 发现队列 (队列: 0/600)
[2026-07-27 00:26:57]   用户 Kwisma 共查 30 个仓库
[2026-07-27 00:26:57] 仓库 https://github.com/lhfga/WorkerVless2sub (分支: main, size: 3787KB, pushed: 2026-07-26T02:11:03Z)
[2026-07-27 00:26:57]   👤 用户仓库: 30 个 → 发现队列 (队列: 0/600)
[2026-07-27 00:26:57]   用户 DaBaival 共查 30 个仓库
[2026-07-27 00:26:57] 仓库 https://github.com/blesdmm/WorkerVless2sub (分支: main, size: 3787KB, pushed: 2026-07-26T02:10:42Z)
[2026-07-27 00:26:57] 仓库 https://github.com/qingfeng033358/WorkerVless2sub 无候选文件 (总计 12 blob, 扩展名过滤 5, processed_shas 跳过 0, SHA 缓存跳过 7)
[2026-07-27 00:26:57] 🔗 查子仓库: qingfeng033358/WorkerVless2sub
[2026-07-27 00:26:57]   父仓库: cmliu/WorkerVless2sub
[2026-07-27 00:26:57] 🔗 开始 Fork 链追踪 (qingfeng033358/WorkerVless2sub)
[2026-07-27 00:26:57] 仓库 https://github.com/lhfga/WorkerVless2sub 无候选文件 (总计 12 blob, 扩展名过滤 5, processed_shas 跳过 0, SHA 缓存跳过 7)
[2026-07-27 00:26:57] 🔗 查子仓库: lhfga/WorkerVless2sub
[2026-07-27 00:26:57] 仓库 https://github.com/blesdmm/WorkerVless2sub 无候选文件 (总计 12 blob, 扩展名过滤 5, processed_shas 跳过 0, SHA 缓存跳过 7)
[2026-07-27 00:26:57] 🔗 查子仓库: blesdmm/WorkerVless2sub
[2026-07-27 00:26:57] 🔗 开始 Fork 链追踪 (lhfga/WorkerVless2sub)
[2026-07-27 00:26:57]   父仓库: cmliu/WorkerVless2sub
[2026-07-27 00:26:57] 🔗 开始 Fork 链追踪 (blesdmm/WorkerVless2sub)
[2026-07-27 00:26:57]   父仓库: cmliu/WorkerVless2sub
[2026-07-27 00:26:57]   父仓库: cmliu/WorkerVless2sub
[2026-07-27 00:26:58] 👤 遍历用户仓库: cxiyaoe
[2026-07-27 00:26:58]   👤 用户仓库: 2 个 → 发现队列 (队列: 0/600)
[2026-07-27 00:26:58]   用户 cxiyaoe 共查 2 个仓库
[2026-07-27 00:26:58] 仓库 https://github.com/melsanlanth/CF_Worker_Vless2sub (分支: main, size: 3787KB, pushed: 2026-07-26T02:10:08Z)
[2026-07-27 00:26:58] 👤 遍历用户仓库: qingfeng033358
[2026-07-27 00:26:58] 👤 遍历用户仓库: lhfga
[2026-07-27 00:26:58] 👤 遍历用户仓库: blesdmm
[2026-07-27 00:26:58] 仓库 https://github.com/melsanlanth/CF_Worker_Vless2sub 无候选文件 (总计 12 blob, 扩展名过滤 5, processed_shas 跳过 0, SHA 缓存跳过 7)
[2026-07-27 00:26:58] 🔗 查子仓库: melsanlanth/CF_Worker_Vless2sub
[2026-07-27 00:26:59]   👤 用户仓库: 6 个 → 发现队列 (队列: 0/600)
[2026-07-27 00:26:59]   用户 qingfeng033358 共查 6 个仓库
[2026-07-27 00:26:59] 仓库 https://github.com/lgeng1900/WorkerVless2sub (分支: main, size: 3787KB, pushed: 2026-07-26T02:06:09Z)
[2026-07-27 00:26:59] 🔗 开始 Fork 链追踪 (melsanlanth/CF_Worker_Vless2sub)
[2026-07-27 00:26:59]   父仓库: cmliu/WorkerVless2sub
[2026-07-27 00:26:59] 仓库 https://github.com/lgeng1900/WorkerVless2sub 无候选文件 (总计 12 blob, 扩展名过滤 5, processed_shas 跳过 0, SHA 缓存跳过 7)
[2026-07-27 00:26:59] 🔗 查子仓库: lgeng1900/WorkerVless2sub
[2026-07-27 00:26:59] 🔗 开始 Fork 链追踪 (lgeng1900/WorkerVless2sub)
[2026-07-27 00:26:59]   父仓库: cmliu/WorkerVless2sub
[2026-07-27 00:26:59]   👤 用户仓库: 30 个 → 发现队列 (队列: 0/600)
[2026-07-27 00:26:59]   用户 lhfga 共查 30 个仓库
[2026-07-27 00:26:59] 仓库 https://github.com/DUQIA/WorkerVless2sub (分支: main, size: 3787KB, pushed: 2026-07-26T02:03:57Z)
[2026-07-27 00:27:00] 👤 遍历用户仓库: melsanlanth
[2026-07-27 00:27:00] 仓库 https://github.com/DUQIA/WorkerVless2sub 无候选文件 (总计 12 blob, 扩展名过滤 5, processed_shas 跳过 0, SHA 缓存跳过 7)
[2026-07-27 00:27:00] 🔗 查子仓库: DUQIA/WorkerVless2sub
[2026-07-27 00:27:00] 🔗 开始 Fork 链追踪 (DUQIA/WorkerVless2sub)
[2026-07-27 00:27:00]   父仓库: cmliu/WorkerVless2sub
[2026-07-27 00:27:00] 👤 遍历用户仓库: lgeng1900
[2026-07-27 00:27:00]   👤 用户仓库: 30 个 → 发现队列 (队列: 0/600)
[2026-07-27 00:27:00]   用户 blesdmm 共查 30 个仓库
[2026-07-27 00:27:00] 仓库 https://github.com/wuyang0909/WorkerVless2sub (分支: main, size: 3787KB, pushed: 2026-07-26T01:59:23Z)
[2026-07-27 00:27:00]   👤 用户仓库: 23 个 → 发现队列 (队列: 0/600)
[2026-07-27 00:27:00]   用户 melsanlanth 共查 23 个仓库
[2026-07-27 00:27:00] 仓库 https://github.com/STBD1574/WorkerVless2sub (分支: main, size: 3787KB, pushed: 2026-07-26T01:56:01Z)
[2026-07-27 00:27:00] 仓库 https://github.com/wuyang0909/WorkerVless2sub 无候选文件 (总计 12 blob, 扩展名过滤 5, processed_shas 跳过 0, SHA 缓存跳过 7)
[2026-07-27 00:27:00] 🔗 查子仓库: wuyang0909/WorkerVless2sub
[2026-07-27 00:27:01] 仓库 https://github.com/STBD1574/WorkerVless2sub 无候选文件 (总计 12 blob, 扩展名过滤 5, processed_shas 跳过 0, SHA 缓存跳过 7)
[2026-07-27 00:27:01] 🔗 查子仓库: STBD1574/WorkerVless2sub
[2026-07-27 00:27:01] 🔗 开始 Fork 链追踪 (wuyang0909/WorkerVless2sub)
[2026-07-27 00:27:01] 🔗 开始 Fork 链追踪 (STBD1574/WorkerVless2sub)
[2026-07-27 00:27:01]   父仓库: cmliu/WorkerVless2sub
[2026-07-27 00:27:01] 👤 遍历用户仓库: DUQIA
[2026-07-27 00:27:01]   父仓库: cmliu/WorkerVless2sub
[2026-07-27 00:27:01]   👤 用户仓库: 30 个 → 发现队列 (队列: 0/600)
[2026-07-27 00:27:01]   用户 lgeng1900 共查 30 个仓库
[2026-07-27 00:27:01] 仓库 https://github.com/armjukl/WorkerVless2sub (分支: main, size: 3787KB, pushed: 2026-07-26T01:55:43Z)
[2026-07-27 00:27:01] 仓库 https://github.com/armjukl/WorkerVless2sub 无候选文件 (总计 12 blob, 扩展名过滤 5, processed_shas 跳过 0, SHA 缓存跳过 7)
[2026-07-27 00:27:01] 🔗 查子仓库: armjukl/WorkerVless2sub
[2026-07-27 00:27:01]   👤 用户仓库: 19 个 → 发现队列 (队列: 0/600)
[2026-07-27 00:27:01]   用户 DUQIA 共查 19 个仓库
[2026-07-27 00:27:01] 仓库 https://github.com/brinishness/WorkerVless2sub (分支: main, size: 3787KB, pushed: 2026-07-26T01:53:34Z)
[2026-07-27 00:27:01] 🔗 开始 Fork 链追踪 (armjukl/WorkerVless2sub)
[2026-07-27 00:27:02] 仓库 https://github.com/brinishness/WorkerVless2sub 无候选文件 (总计 12 blob, 扩展名过滤 5, processed_shas 跳过 0, SHA 缓存跳过 7)
[2026-07-27 00:27:02] 🔗 查子仓库: brinishness/WorkerVless2sub
[2026-07-27 00:27:02]   父仓库: cmliu/WorkerVless2sub
[2026-07-27 00:27:02] 🔗 开始 Fork 链追踪 (brinishness/WorkerVless2sub)
[2026-07-27 00:27:02] 👤 遍历用户仓库: STBD1574
[2026-07-27 00:27:02] 👤 遍历用户仓库: wuyang0909
[2026-07-27 00:27:02]   父仓库: cmliu/WorkerVless2sub
[2026-07-27 00:27:02]   👤 用户仓库: 10 个 → 发现队列 (队列: 0/600)
[2026-07-27 00:27:02]   用户 STBD1574 共查 10 个仓库
[2026-07-27 00:27:02] 仓库 https://github.com/Ardentwheel/WorkerVless2sub (分支: main, size: 3787KB, pushed: 2026-07-26T01:51:36Z)
[2026-07-27 00:27:03]   👤 用户仓库: 15 个 → 发现队列 (队列: 0/600)
[2026-07-27 00:27:03]   用户 wuyang0909 共查 15 个仓库
[2026-07-27 00:27:03] 仓库 https://github.com/Godloveshot/WorkerVless2sub (分支: main, size: 3787KB, pushed: 2026-07-26T01:51:31Z)
[2026-07-27 00:27:03] 👤 遍历用户仓库: armjukl
[2026-07-27 00:27:03] 仓库 https://github.com/Ardentwheel/WorkerVless2sub 无候选文件 (总计 12 blob, 扩展名过滤 5, processed_shas 跳过 0, SHA 缓存跳过 7)
[2026-07-27 00:27:03] 🔗 查子仓库: Ardentwheel/WorkerVless2sub
[2026-07-27 00:27:03] 🔗 开始 Fork 链追踪 (Ardentwheel/WorkerVless2sub)
[2026-07-27 00:27:03] 仓库 https://github.com/Godloveshot/WorkerVless2sub 无候选文件 (总计 12 blob, 扩展名过滤 5, processed_shas 跳过 0, SHA 缓存跳过 7)
[2026-07-27 00:27:03] 🔗 查子仓库: Godloveshot/WorkerVless2sub
[2026-07-27 00:27:03] 👤 遍历用户仓库: brinishness
[2026-07-27 00:27:03]   父仓库: cmliu/WorkerVless2sub
[2026-07-27 00:27:03] 🔗 开始 Fork 链追踪 (Godloveshot/WorkerVless2sub)
[2026-07-27 00:27:03]   父仓库: cmliu/WorkerVless2sub
[2026-07-27 00:27:04]   👤 用户仓库: 28 个 → 发现队列 (队列: 0/600)
[2026-07-27 00:27:04]   用户 brinishness 共查 28 个仓库
[2026-07-27 00:27:04] 仓库 https://github.com/LevisVIP/WorkerVless2sub (分支: main, size: 3787KB, pushed: 2026-07-26T01:51:11Z)
[2026-07-27 00:27:04] 👤 遍历用户仓库: Ardentwheel
[2026-07-27 00:27:04]   👤 用户仓库: 30 个 → 发现队列 (队列: 0/600)
[2026-07-27 00:27:04]   用户 armjukl 共查 30 个仓库
[2026-07-27 00:27:04] 仓库 https://github.com/1Beehive/WorkerVless2sub (分支: main, size: 3787KB, pushed: 2026-07-26T01:51:10Z)
[2026-07-27 00:27:04] 仓库 https://github.com/LevisVIP/WorkerVless2sub 无候选文件 (总计 12 blob, 扩展名过滤 5, processed_shas 跳过 0, SHA 缓存跳过 7)
[2026-07-27 00:27:04] 🔗 查子仓库: LevisVIP/WorkerVless2sub
[2026-07-27 00:27:04] 👤 遍历用户仓库: Godloveshot
[2026-07-27 00:27:04] 🔗 开始 Fork 链追踪 (LevisVIP/WorkerVless2sub)
[2026-07-27 00:27:04] 仓库 https://github.com/1Beehive/WorkerVless2sub 无候选文件 (总计 12 blob, 扩展名过滤 5, processed_shas 跳过 0, SHA 缓存跳过 7)
[2026-07-27 00:27:04] 🔗 查子仓库: 1Beehive/WorkerVless2sub
[2026-07-27 00:27:05] 🔗 开始 Fork 链追踪 (1Beehive/WorkerVless2sub)
[2026-07-27 00:27:05]   父仓库: cmliu/WorkerVless2sub
[2026-07-27 00:27:05]   👤 用户仓库: 30 个 → 发现队列 (队列: 0/600)
[2026-07-27 00:27:05]   用户 Ardentwheel 共查 30 个仓库
[2026-07-27 00:27:05] 仓库 https://github.com/ipx2003/WorkerVless2sub (分支: main, size: 3788KB, pushed: 2026-07-26T01:50:03Z)
[2026-07-27 00:27:05]   👤 用户仓库: 6 个 → 发现队列 (队列: 0/600)
[2026-07-27 00:27:05]   用户 Godloveshot 共查 6 个仓库
[2026-07-27 00:27:05] 仓库 https://github.com/renzhiai00/WorkerVless2sub (分支: main, size: 3787KB, pushed: 2026-07-26T01:49:53Z)
[2026-07-27 00:27:05]   父仓库: cmliu/WorkerVless2sub
[2026-07-27 00:27:05] 仓库 https://github.com/ipx2003/WorkerVless2sub 无候选文件 (总计 12 blob, 扩展名过滤 5, processed_shas 跳过 0, SHA 缓存跳过 7)
[2026-07-27 00:27:05] 🔗 查子仓库: ipx2003/WorkerVless2sub
[2026-07-27 00:27:05] 仓库 https://github.com/renzhiai00/WorkerVless2sub 无候选文件 (总计 12 blob, 扩展名过滤 5, processed_shas 跳过 0, SHA 缓存跳过 7)
[2026-07-27 00:27:05] 🔗 查子仓库: renzhiai00/WorkerVless2sub
[2026-07-27 00:27:05] 🔗 开始 Fork 链追踪 (ipx2003/WorkerVless2sub)
[2026-07-27 00:27:05] 🔗 开始 Fork 链追踪 (renzhiai00/WorkerVless2sub)
[2026-07-27 00:27:05]   父仓库: cmliu/WorkerVless2sub
[2026-07-27 00:27:05] 👤 遍历用户仓库: LevisVIP
[2026-07-27 00:27:05]   父仓库: cmliu/WorkerVless2sub
[2026-07-27 00:27:06] 👤 遍历用户仓库: 1Beehive
[2026-07-27 00:27:06]   👤 用户仓库: 9 个 → 发现队列 (队列: 0/600)
[2026-07-27 00:27:06]   用户 LevisVIP 共查 9 个仓库
[2026-07-27 00:27:06] 仓库 https://github.com/luzihaofather/WorkerVless2sub (分支: main, size: 3787KB, pushed: 2026-07-26T01:48:45Z)
[2026-07-27 00:27:06] 仓库 https://github.com/luzihaofather/WorkerVless2sub 无候选文件 (总计 12 blob, 扩展名过滤 5, processed_shas 跳过 0, SHA 缓存跳过 7)
[2026-07-27 00:27:06] 🔗 查子仓库: luzihaofather/WorkerVless2sub
[2026-07-27 00:27:06] 👤 遍历用户仓库: renzhiai00
[2026-07-27 00:27:06] 🔗 开始 Fork 链追踪 (luzihaofather/WorkerVless2sub)
[2026-07-27 00:27:06] 👤 遍历用户仓库: ipx2003
[2026-07-27 00:27:07]   父仓库: cmliu/WorkerVless2sub
[2026-07-27 00:27:07] ⏱️ [51/147] 免费节点 pushed:>2026-07-25T15:43:36Z fork:true -language:HTML | 264s | +842 | 配额 983/4800
[2026-07-27 00:27:07]   👤 用户仓库: 26 个 → 发现队列 (队列: 0/600)
[2026-07-27 00:27:07]   用户 ipx2003 共查 26 个仓库
[2026-07-27 00:27:07] 仓库 https://github.com/jovinleung/WorkerVless2sub (分支: main, size: 3787KB, pushed: 2026-07-26T01:46:36Z)
[2026-07-27 00:27:07]   👤 用户仓库: 30 个 → 发现队列 (队列: 0/600)
[2026-07-27 00:27:07]   用户 renzhiai00 共查 30 个仓库
[2026-07-27 00:27:07] 仓库 https://github.com/Liqw343a/WorkerVless2sub (分支: main, size: 3787KB, pushed: 2026-07-26T01:46:29Z)
[2026-07-27 00:27:07] 👤 遍历用户仓库: luzihaofather
[2026-07-27 00:27:08] 仓库 https://github.com/jovinleung/WorkerVless2sub 无候选文件 (总计 12 blob, 扩展名过滤 5, processed_shas 跳过 0, SHA 缓存跳过 7)
[2026-07-27 00:27:08] 🔗 查子仓库: jovinleung/WorkerVless2sub
[2026-07-27 00:27:08] 仓库 https://github.com/Liqw343a/WorkerVless2sub 无候选文件 (总计 12 blob, 扩展名过滤 5, processed_shas 跳过 0, SHA 缓存跳过 7)
[2026-07-27 00:27:08] 🔗 查子仓库: Liqw343a/WorkerVless2sub
[2026-07-27 00:27:08] 🔗 开始 Fork 链追踪 (jovinleung/WorkerVless2sub)
[2026-07-27 00:27:08]   👤 用户仓库: 3 个 → 发现队列 (队列: 0/600)
[2026-07-27 00:27:08]   用户 luzihaofather 共查 3 个仓库
[2026-07-27 00:27:08] 仓库 https://github.com/slaterc21/WorkerVless2sub (分支: main, size: 3787KB, pushed: 2026-07-26T01:45:48Z)
[2026-07-27 00:27:08] 🔗 开始 Fork 链追踪 (Liqw343a/WorkerVless2sub)
[2026-07-27 00:27:08]   父仓库: cmliu/WorkerVless2sub
[2026-07-27 00:27:08]   父仓库: cmliu/WorkerVless2sub
[2026-07-27 00:27:08] 仓库 https://github.com/slaterc21/WorkerVless2sub 无候选文件 (总计 12 blob, 扩展名过滤 5, processed_shas 跳过 0, SHA 缓存跳过 7)
[2026-07-27 00:27:08] 🔗 查子仓库: slaterc21/WorkerVless2sub
[2026-07-27 00:27:08] 🔗 开始 Fork 链追踪 (slaterc21/WorkerVless2sub)
[2026-07-27 00:27:09]   父仓库: cmliu/WorkerVless2sub
[2026-07-27 00:27:09]   👤 用户仓库: 30 个 → 发现队列 (队列: 0/600)
[2026-07-27 00:27:09]   用户 1Beehive 共查 30 个仓库
[2026-07-27 00:27:09] 仓库 https://github.com/ktzhush/WorkerVless2sub (分支: main, size: 3787KB, pushed: 2026-07-26T01:26:44Z)
[2026-07-27 00:27:09] 👤 遍历用户仓库: Liqw343a
[2026-07-27 00:27:09] 👤 遍历用户仓库: jovinleung
[2026-07-27 00:27:09] 仓库 https://github.com/ktzhush/WorkerVless2sub 无候选文件 (总计 12 blob, 扩展名过滤 5, processed_shas 跳过 0, SHA 缓存跳过 7)
[2026-07-27 00:27:09] 🔗 查子仓库: ktzhush/WorkerVless2sub
[2026-07-27 00:27:09] 🔗 开始 Fork 链追踪 (ktzhush/WorkerVless2sub)
[2026-07-27 00:27:09]   父仓库: cmliu/WorkerVless2sub
[2026-07-27 00:27:09]   👤 用户仓库: 15 个 → 发现队列 (队列: 0/600)
[2026-07-27 00:27:09]   用户 jovinleung 共查 15 个仓库
[2026-07-27 00:27:09] 仓库 https://github.com/k871688/WorkerVless2sub (分支: main, size: 3787KB, pushed: 2026-07-26T01:25:48Z)
[2026-07-27 00:27:09] 👤 遍历用户仓库: slaterc21
[2026-07-27 00:27:10]   👤 用户仓库: 24 个 → 发现队列 (队列: 0/600)
[2026-07-27 00:27:10]   用户 Liqw343a 共查 24 个仓库
[2026-07-27 00:27:10] 仓库 https://github.com/shaufo2/WorkerVless2sub (分支: main, size: 3787KB, pushed: 2026-07-26T01:24:42Z)
[2026-07-27 00:27:10] 仓库 https://github.com/k871688/WorkerVless2sub 无候选文件 (总计 12 blob, 扩展名过滤 5, processed_shas 跳过 0, SHA 缓存跳过 7)
[2026-07-27 00:27:10] 🔗 查子仓库: k871688/WorkerVless2sub
[2026-07-27 00:27:10]   👤 用户仓库: 12 个 → 发现队列 (队列: 0/600)
[2026-07-27 00:27:10]   用户 slaterc21 共查 12 个仓库
[2026-07-27 00:27:10] 仓库 https://github.com/liu667788/WorkerVless2sub (分支: main, size: 3787KB, pushed: 2026-07-26T01:24:14Z)
[2026-07-27 00:27:10] 仓库 https://github.com/shaufo2/WorkerVless2sub 无候选文件 (总计 12 blob, 扩展名过滤 5, processed_shas 跳过 0, SHA 缓存跳过 7)
[2026-07-27 00:27:10] 🔗 查子仓库: shaufo2/WorkerVless2sub
[2026-07-27 00:27:10] 🔗 开始 Fork 链追踪 (k871688/WorkerVless2sub)
[2026-07-27 00:27:10] 🔗 开始 Fork 链追踪 (shaufo2/WorkerVless2sub)
[2026-07-27 00:27:10] 仓库 https://github.com/liu667788/WorkerVless2sub 无候选文件 (总计 12 blob, 扩展名过滤 5, processed_shas 跳过 0, SHA 缓存跳过 7)
[2026-07-27 00:27:10] 🔗 查子仓库: liu667788/WorkerVless2sub
[2026-07-27 00:27:10]   父仓库: cmliu/WorkerVless2sub
[2026-07-27 00:27:10] 👤 遍历用户仓库: ktzhush
[2026-07-27 00:27:10]   父仓库: cmliu/WorkerVless2sub
[2026-07-27 00:27:10] 🔗 开始 Fork 链追踪 (liu667788/WorkerVless2sub)
[2026-07-27 00:27:11]   父仓库: cmliu/WorkerVless2sub
[2026-07-27 00:27:11] 👤 遍历用户仓库: shaufo2
[2026-07-27 00:27:11] 👤 遍历用户仓库: k871688
[2026-07-27 00:27:11] 👤 遍历用户仓库: liu667788
[2026-07-27 00:27:12]   👤 用户仓库: 5 个 → 发现队列 (队列: 0/600)
[2026-07-27 00:27:12]   用户 shaufo2 共查 5 个仓库
[2026-07-27 00:27:12] 仓库 https://github.com/fengcen-ms/WorkerVless2sub (分支: main, size: 3787KB, pushed: 2026-07-26T01:21:45Z)
[2026-07-27 00:27:12] 仓库 https://github.com/fengcen-ms/WorkerVless2sub 无候选文件 (总计 12 blob, 扩展名过滤 5, processed_shas 跳过 0, SHA 缓存跳过 7)
[2026-07-27 00:27:12] 🔗 查子仓库: fengcen-ms/WorkerVless2sub
[2026-07-27 00:27:12]   👤 用户仓库: 9 个 → 发现队列 (队列: 0/600)
[2026-07-27 00:27:12]   用户 liu667788 共查 9 个仓库
[2026-07-27 00:27:12] 仓库 https://github.com/bsteven999/CM-WorkerVless2sub (分支: main, size: 4616KB, pushed: 2026-07-26T01:19:27Z)
[2026-07-27 00:27:12]   👤 用户仓库: 20 个 → 发现队列 (队列: 0/600)
[2026-07-27 00:27:12]   用户 k871688 共查 20 个仓库
[2026-07-27 00:27:12] 仓库 https://github.com/wanghe1531/WorkerVless2sub (分支: main, size: 3787KB, pushed: 2026-07-25T21:23:35Z)
[2026-07-27 00:27:12] 🔗 开始 Fork 链追踪 (fengcen-ms/WorkerVless2sub)
[2026-07-27 00:27:12] 仓库 https://github.com/bsteven999/CM-WorkerVless2sub 无候选文件 (总计 12 blob, 扩展名过滤 5, processed_shas 跳过 0, SHA 缓存跳过 7)
[2026-07-27 00:27:12] 🔗 查子仓库: bsteven999/CM-WorkerVless2sub
[2026-07-27 00:27:12]   父仓库: cmliu/WorkerVless2sub
[2026-07-27 00:27:12] 仓库 https://github.com/wanghe1531/WorkerVless2sub 无候选文件 (总计 12 blob, 扩展名过滤 5, processed_shas 跳过 0, SHA 缓存跳过 7)
[2026-07-27 00:27:12] 🔗 查子仓库: wanghe1531/WorkerVless2sub
[2026-07-27 00:27:12] 🔗 开始 Fork 链追踪 (bsteven999/CM-WorkerVless2sub)
[2026-07-27 00:27:13] 🔗 开始 Fork 链追踪 (wanghe1531/WorkerVless2sub)
[2026-07-27 00:27:13]   父仓库: cmliu/WorkerVless2sub
[2026-07-27 00:27:13]   👤 用户仓库: 30 个 → 发现队列 (队列: 0/600)
[2026-07-27 00:27:13]   用户 ktzhush 共查 30 个仓库
[2026-07-27 00:27:13] 仓库 https://github.com/wangai14/WorkerVless2sub (分支: main, size: 3787KB, pushed: 2026-07-25T20:12:14Z)
[2026-07-27 00:27:13]   父仓库: cmliu/WorkerVless2sub
[2026-07-27 00:27:13] 仓库 https://github.com/wangai14/WorkerVless2sub 无候选文件 (总计 12 blob, 扩展名过滤 5, processed_shas 跳过 0, SHA 缓存跳过 7)
[2026-07-27 00:27:13] 🔗 查子仓库: wangai14/WorkerVless2sub
[2026-07-27 00:27:13] 👤 遍历用户仓库: fengcen-ms
[2026-07-27 00:27:13] 🔗 开始 Fork 链追踪 (wangai14/WorkerVless2sub)
[2026-07-27 00:27:13]   👤 用户仓库: 1 个 → 发现队列 (队列: 0/600)
[2026-07-27 00:27:13]   用户 fengcen-ms 共查 1 个仓库
[2026-07-27 00:27:13] 仓库 https://github.com/daxuewuyu8-dotcom/WorkerVless2sub (分支: main, size: 3787KB, pushed: 2026-07-25T20:00:33Z)
[2026-07-27 00:27:13]   父仓库: cmliu/WorkerVless2sub
[2026-07-27 00:27:13] 👤 遍历用户仓库: bsteven999
[2026-07-27 00:27:14] 仓库 https://github.com/daxuewuyu8-dotcom/WorkerVless2sub 无候选文件 (总计 12 blob, 扩展名过滤 5, processed_shas 跳过 0, SHA 缓存跳过 7)
[2026-07-27 00:27:14] 🔗 查子仓库: daxuewuyu8-dotcom/WorkerVless2sub
[2026-07-27 00:27:14] 👤 遍历用户仓库: wanghe1531
[2026-07-27 00:27:14] 🔗 开始 Fork 链追踪 (daxuewuyu8-dotcom/WorkerVless2sub)
[2026-07-27 00:27:14]   父仓库: cmliu/WorkerVless2sub
[2026-07-27 00:27:14] 👤 遍历用户仓库: wangai14
[2026-07-27 00:27:14]   👤 用户仓库: 21 个 → 发现队列 (队列: 0/600)
[2026-07-27 00:27:14]   用户 bsteven999 共查 21 个仓库
[2026-07-27 00:27:14] 仓库 https://github.com/IamNewHands/WorkerVless2sub (分支: main, size: 3787KB, pushed: 2026-07-25T19:52:33Z)
[2026-07-27 00:27:15] ⏱️ [52/147] 免费clash订阅 pushed:>2026-07-25T15:43:36Z fork:true -language:H | 8s | +0 | 配额 891/4800
[2026-07-27 00:27:15]   👤 用户仓库: 30 个 → 发现队列 (队列: 0/600)
[2026-07-27 00:27:15]   用户 wanghe1531 共查 30 个仓库
[2026-07-27 00:27:15] 仓库 https://github.com/AMEKENN/WorkerVless2sub (分支: main, size: 3787KB, pushed: 2026-07-25T19:33:07Z)
[2026-07-27 00:27:15] 仓库 https://github.com/IamNewHands/WorkerVless2sub 无候选文件 (总计 12 blob, 扩展名过滤 5, processed_shas 跳过 0, SHA 缓存跳过 7)
[2026-07-27 00:27:15] 🔗 查子仓库: IamNewHands/WorkerVless2sub
[2026-07-27 00:27:15] 🔗 开始 Fork 链追踪 (IamNewHands/WorkerVless2sub)
[2026-07-27 00:27:15] 仓库 https://github.com/AMEKENN/WorkerVless2sub 无候选文件 (总计 12 blob, 扩展名过滤 5, processed_shas 跳过 0, SHA 缓存跳过 7)
[2026-07-27 00:27:15] 🔗 查子仓库: AMEKENN/WorkerVless2sub
[2026-07-27 00:27:15] 👤 遍历用户仓库: daxuewuyu8-dotcom
[2026-07-27 00:27:15]   父仓库: cmliu/WorkerVless2sub
[2026-07-27 00:27:15] 🔗 开始 Fork 链追踪 (AMEKENN/WorkerVless2sub)
[2026-07-27 00:27:15]   父仓库: cmliu/WorkerVless2sub
[2026-07-27 00:27:15]   👤 用户仓库: 19 个 → 发现队列 (队列: 0/600)
[2026-07-27 00:27:15]   用户 daxuewuyu8-dotcom 共查 19 个仓库
[2026-07-27 00:27:15] 仓库 https://github.com/qhy5697062/WorkerVless2sub (分支: main, size: 3787KB, pushed: 2026-07-25T19:27:26Z)
[2026-07-27 00:27:16] 仓库 https://github.com/qhy5697062/WorkerVless2sub 无候选文件 (总计 12 blob, 扩展名过滤 5, processed_shas 跳过 0, SHA 缓存跳过 7)
[2026-07-27 00:27:16] 🔗 查子仓库: qhy5697062/WorkerVless2sub
[2026-07-27 00:27:16] 👤 遍历用户仓库: IamNewHands
[2026-07-27 00:27:16] 🔗 开始 Fork 链追踪 (qhy5697062/WorkerVless2sub)
[2026-07-27 00:27:16] 👤 遍历用户仓库: AMEKENN
[2026-07-27 00:27:16]   父仓库: cmliu/WorkerVless2sub
[2026-07-27 00:27:16]   👤 用户仓库: 17 个 → 发现队列 (队列: 0/600)
[2026-07-27 00:27:16]   用户 IamNewHands 共查 17 个仓库
[2026-07-27 00:27:16] 仓库 https://github.com/w-163/WorkerVless2sub (分支: main, size: 3787KB, pushed: 2026-07-25T19:27:06Z)
[2026-07-27 00:27:17]   👤 用户仓库: 18 个 → 发现队列 (队列: 0/600)
[2026-07-27 00:27:17]   用户 AMEKENN 共查 18 个仓库
[2026-07-27 00:27:17] 仓库 https://github.com/Love-AronaPlana/WorkerVless2sub (分支: main, size: 4615KB, pushed: 2026-07-25T18:58:07Z)
[2026-07-27 00:27:17] 仓库 https://github.com/w-163/WorkerVless2sub 无候选文件 (总计 12 blob, 扩展名过滤 5, processed_shas 跳过 0, SHA 缓存跳过 7)
[2026-07-27 00:27:17] 🔗 查子仓库: w-163/WorkerVless2sub
[2026-07-27 00:27:17] 🔗 开始 Fork 链追踪 (w-163/WorkerVless2sub)
[2026-07-27 00:27:17] 仓库 https://github.com/Love-AronaPlana/WorkerVless2sub 无候选文件 (总计 12 blob, 扩展名过滤 5, processed_shas 跳过 0, SHA 缓存跳过 7)
[2026-07-27 00:27:17] 🔗 查子仓库: Love-AronaPlana/WorkerVless2sub
[2026-07-27 00:27:17] 👤 遍历用户仓库: qhy5697062
[2026-07-27 00:27:17]   父仓库: cmliu/WorkerVless2sub
[2026-07-27 00:27:17] 🔗 开始 Fork 链追踪 (Love-AronaPlana/WorkerVless2sub)
[2026-07-27 00:27:17]   父仓库: cmliu/WorkerVless2sub
[2026-07-27 00:27:18] 👤 遍历用户仓库: w-163
[2026-07-27 00:27:18] 👤 遍历用户仓库: Love-AronaPlana
[2026-07-27 00:27:18]   👤 用户仓库: 8 个 → 发现队列 (队列: 0/600)
[2026-07-27 00:27:18]   用户 w-163 共查 8 个仓库
[2026-07-27 00:27:18] 仓库 https://github.com/wangdongwdd/WorkerVless2sub (分支: main, size: 3787KB, pushed: 2026-07-25T18:31:23Z)
[2026-07-27 00:27:19]   👤 用户仓库: 30 个 → 发现队列 (队列: 0/600)
[2026-07-27 00:27:19]   用户 qhy5697062 共查 30 个仓库
[2026-07-27 00:27:19] 仓库 https://github.com/qinyuanchun03/WorkerVless2sub (分支: main, size: 3787KB, pushed: 2026-07-25T18:02:05Z)
[2026-07-27 00:27:19] 仓库 https://github.com/wangdongwdd/WorkerVless2sub 无候选文件 (总计 12 blob, 扩展名过滤 5, processed_shas 跳过 0, SHA 缓存跳过 7)
[2026-07-27 00:27:19] 🔗 查子仓库: wangdongwdd/WorkerVless2sub
[2026-07-27 00:27:19] 🔗 开始 Fork 链追踪 (wangdongwdd/WorkerVless2sub)
[2026-07-27 00:27:19] 仓库 https://github.com/qinyuanchun03/WorkerVless2sub 无候选文件 (总计 12 blob, 扩展名过滤 5, processed_shas 跳过 0, SHA 缓存跳过 7)
[2026-07-27 00:27:19] 🔗 查子仓库: qinyuanchun03/WorkerVless2sub
[2026-07-27 00:27:19] 🔗 开始 Fork 链追踪 (qinyuanchun03/WorkerVless2sub)
[2026-07-27 00:27:19]   父仓库: cmliu/WorkerVless2sub
[2026-07-27 00:27:19]   父仓库: cmliu/WorkerVless2sub
[2026-07-27 00:27:20]   👤 用户仓库: 30 个 → 发现队列 (队列: 0/600)
[2026-07-27 00:27:20]   用户 Love-AronaPlana 共查 30 个仓库
[2026-07-27 00:27:20] 仓库 https://github.com/laibabaifei/cmliu-WorkerVless2sub (分支: main, size: 3787KB, pushed: 2026-07-25T17:59:06Z)
[2026-07-27 00:27:20]   👤 用户仓库: 30 个 → 发现队列 (队列: 0/600)
[2026-07-27 00:27:20]   用户 wangai14 共查 30 个仓库
[2026-07-27 00:27:20] 仓库 https://github.com/wan-163/WorkerVless2sub (分支: main, size: 3787KB, pushed: 2026-07-25T17:58:04Z)
[2026-07-27 00:27:20] 仓库 https://github.com/laibabaifei/cmliu-WorkerVless2sub 无候选文件 (总计 12 blob, 扩展名过滤 5, processed_shas 跳过 0, SHA 缓存跳过 7)
[2026-07-27 00:27:20] 🔗 查子仓库: laibabaifei/cmliu-WorkerVless2sub
[2026-07-27 00:27:20] 🔗 开始 Fork 链追踪 (laibabaifei/cmliu-WorkerVless2sub)
[2026-07-27 00:27:20] 👤 遍历用户仓库: wangdongwdd
[2026-07-27 00:27:20] 仓库 https://github.com/wan-163/WorkerVless2sub 无候选文件 (总计 12 blob, 扩展名过滤 5, processed_shas 跳过 0, SHA 缓存跳过 7)
[2026-07-27 00:27:20] 🔗 查子仓库: wan-163/WorkerVless2sub
[2026-07-27 00:27:20] 👤 遍历用户仓库: qinyuanchun03
[2026-07-27 00:27:20] 🔗 开始 Fork 链追踪 (wan-163/WorkerVless2sub)
[2026-07-27 00:27:20]   父仓库: cmliu/WorkerVless2sub
[2026-07-27 00:27:20]   父仓库: cmliu/WorkerVless2sub
[2026-07-27 00:27:20]   👤 用户仓库: 11 个 → 发现队列 (队列: 0/600)
[2026-07-27 00:27:20]   用户 wangdongwdd 共查 11 个仓库
[2026-07-27 00:27:20] 仓库 https://github.com/huangjin7511/WorkerVless2sub (分支: main, size: 3787KB, pushed: 2026-07-25T17:50:13Z)
[2026-07-27 00:27:21] 仓库 https://github.com/huangjin7511/WorkerVless2sub 无候选文件 (总计 12 blob, 扩展名过滤 5, processed_shas 跳过 0, SHA 缓存跳过 7)
[2026-07-27 00:27:21] 🔗 查子仓库: huangjin7511/WorkerVless2sub
[2026-07-27 00:27:21] 🔗 开始 Fork 链追踪 (huangjin7511/WorkerVless2sub)
[2026-07-27 00:27:21] 👤 遍历用户仓库: laibabaifei
[2026-07-27 00:27:21]   父仓库: cmliu/WorkerVless2sub
[2026-07-27 00:27:21] 👤 遍历用户仓库: wan-163
[2026-07-27 00:27:21]   👤 用户仓库: 30 个 → 发现队列 (队列: 0/600)
[2026-07-27 00:27:21]   用户 qinyuanchun03 共查 30 个仓库
[2026-07-27 00:27:21] 仓库 https://github.com/YifLee/WorkerVless2sub (分支: main, size: 3787KB, pushed: 2026-07-25T17:48:23Z)
[2026-07-27 00:27:22]   👤 用户仓库: 5 个 → 发现队列 (队列: 0/600)
[2026-07-27 00:27:22]   用户 wan-163 共查 5 个仓库
[2026-07-27 00:27:22] 仓库 https://github.com/zxlwq/WorkerVless2sub (分支: main, size: 3787KB, pushed: 2026-07-25T17:42:05Z)
[2026-07-27 00:27:22] 仓库 https://github.com/YifLee/WorkerVless2sub 无候选文件 (总计 12 blob, 扩展名过滤 5, processed_shas 跳过 0, SHA 缓存跳过 7)
[2026-07-27 00:27:22] 🔗 查子仓库: YifLee/WorkerVless2sub
[2026-07-27 00:27:22] ⏱️ [53/147] 免费v2ray订阅 pushed:>2026-07-25T15:43:36Z fork:true -language:H | 7s | +0 | 配额 813/4800
[2026-07-27 00:27:22] 🔗 开始 Fork 链追踪 (YifLee/WorkerVless2sub)
[2026-07-27 00:27:22]   👤 用户仓库: 30 个 → 发现队列 (队列: 0/600)
[2026-07-27 00:27:22]   用户 laibabaifei 共查 30 个仓库
[2026-07-27 00:27:22] 仓库 https://github.com/GT966/WorkerVless2sub (分支: main, size: 3787KB, pushed: 2026-07-25T17:25:31Z)
[2026-07-27 00:27:22] 仓库 https://github.com/zxlwq/WorkerVless2sub 无候选文件 (总计 12 blob, 扩展名过滤 5, processed_shas 跳过 0, SHA 缓存跳过 7)
[2026-07-27 00:27:22] 🔗 查子仓库: zxlwq/WorkerVless2sub
[2026-07-27 00:27:22] 👤 遍历用户仓库: huangjin7511
[2026-07-27 00:27:22] 🔗 开始 Fork 链追踪 (zxlwq/WorkerVless2sub)
[2026-07-27 00:27:22]   父仓库: cmliu/WorkerVless2sub
[2026-07-27 00:27:22] 仓库 https://github.com/GT966/WorkerVless2sub 无候选文件 (总计 12 blob, 扩展名过滤 5, processed_shas 跳过 0, SHA 缓存跳过 7)
[2026-07-27 00:27:22] 🔗 查子仓库: GT966/WorkerVless2sub
[2026-07-27 00:27:22]   父仓库: cmliu/WorkerVless2sub
[2026-07-27 00:27:22] 🔗 开始 Fork 链追踪 (GT966/WorkerVless2sub)
[2026-07-27 00:27:23]   父仓库: cmliu/WorkerVless2sub
[2026-07-27 00:27:23]   👤 用户仓库: 30 个 → 发现队列 (队列: 0/600)
[2026-07-27 00:27:23]   用户 huangjin7511 共查 30 个仓库
[2026-07-27 00:27:23] 仓库 https://github.com/m-897/WorkerVless2sub (分支: main, size: 3787KB, pushed: 2026-07-25T17:15:04Z)
[2026-07-27 00:27:23] 仓库 https://github.com/m-897/WorkerVless2sub 无候选文件 (总计 12 blob, 扩展名过滤 5, processed_shas 跳过 0, SHA 缓存跳过 7)
[2026-07-27 00:27:23] 🔗 查子仓库: m-897/WorkerVless2sub
[2026-07-27 00:27:23] 🔗 开始 Fork 链追踪 (m-897/WorkerVless2sub)
[2026-07-27 00:27:24]   父仓库: cmliu/WorkerVless2sub
[2026-07-27 00:27:24] 👤 遍历用户仓库: YifLee
[2026-07-27 00:27:24] 👤 遍历用户仓库: zxlwq
[2026-07-27 00:27:24] 👤 遍历用户仓库: GT966
[2026-07-27 00:27:24]   👤 用户仓库: 8 个 → 发现队列 (队列: 0/600)
[2026-07-27 00:27:24]   用户 YifLee 共查 8 个仓库
[2026-07-27 00:27:24] 仓库 https://github.com/yk3141/WorkerVless2sub (分支: main, size: 3787KB, pushed: 2026-07-25T17:14:33Z)
[2026-07-27 00:27:25] 仓库 https://github.com/yk3141/WorkerVless2sub 无候选文件 (总计 12 blob, 扩展名过滤 5, processed_shas 跳过 0, SHA 缓存跳过 7)
[2026-07-27 00:27:25] 🔗 查子仓库: yk3141/WorkerVless2sub
[2026-07-27 00:27:25]   👤 用户仓库: 14 个 → 发现队列 (队列: 0/600)
[2026-07-27 00:27:25]   用户 GT966 共查 14 个仓库
[2026-07-27 00:27:25] 仓库 https://github.com/nmyahoo0472/WorkerVless2sub (分支: main, size: 3787KB, pushed: 2026-07-25T17:06:06Z)
[2026-07-27 00:27:25] 🔗 开始 Fork 链追踪 (yk3141/WorkerVless2sub)
[2026-07-27 00:27:25] 👤 遍历用户仓库: m-897
[2026-07-27 00:27:25] ⏱️ [54/147] 免费机场节点 pushed:>2026-07-25T15:43:36Z fork:true -language:HTML | 3s | +0 | 配额 781/4800
[2026-07-27 00:27:25]   👤 用户仓库: 30 个 → 发现队列 (队列: 0/600)
[2026-07-27 00:27:25]   用户 zxlwq 共查 30 个仓库
[2026-07-27 00:27:25] 仓库 https://github.com/xlh001/WorkerVless2sub (分支: main, size: 3787KB, pushed: 2026-07-25T17:05:23Z)
[2026-07-27 00:27:25]   父仓库: cmliu/WorkerVless2sub
[2026-07-27 00:27:25]   👤 用户仓库: 4 个 → 发现队列 (队列: 0/600)
[2026-07-27 00:27:25]   用户 m-897 共查 4 个仓库
[2026-07-27 00:27:25] 仓库 https://github.com/alading-123/WorkerVless2sub (分支: main, size: 3787KB, pushed: 2026-07-25T16:49:04Z)
[2026-07-27 00:27:25] 仓库 https://github.com/nmyahoo0472/WorkerVless2sub 无候选文件 (总计 12 blob, 扩展名过滤 5, processed_shas 跳过 0, SHA 缓存跳过 7)
[2026-07-27 00:27:25] 🔗 查子仓库: nmyahoo0472/WorkerVless2sub
[2026-07-27 00:27:25] 🔗 开始 Fork 链追踪 (nmyahoo0472/WorkerVless2sub)
[2026-07-27 00:27:25] 仓库 https://github.com/xlh001/WorkerVless2sub 无候选文件 (总计 12 blob, 扩展名过滤 5, processed_shas 跳过 0, SHA 缓存跳过 7)
[2026-07-27 00:27:25] 🔗 查子仓库: xlh001/WorkerVless2sub
[2026-07-27 00:27:26] 🔗 开始 Fork 链追踪 (xlh001/WorkerVless2sub)
[2026-07-27 00:27:26] 仓库 https://github.com/alading-123/WorkerVless2sub 无候选文件 (总计 12 blob, 扩展名过滤 5, processed_shas 跳过 0, SHA 缓存跳过 7)
[2026-07-27 00:27:26] 🔗 查子仓库: alading-123/WorkerVless2sub
[2026-07-27 00:27:26]   父仓库: cmliu/WorkerVless2sub
[2026-07-27 00:27:26] 🔗 开始 Fork 链追踪 (alading-123/WorkerVless2sub)
[2026-07-27 00:27:26]   父仓库: cmliu/WorkerVless2sub
[2026-07-27 00:27:26]   父仓库: cmliu/WorkerVless2sub
[2026-07-27 00:27:26] 👤 遍历用户仓库: yk3141
[2026-07-27 00:27:26] 👤 遍历用户仓库: nmyahoo0472
[2026-07-27 00:27:27]   👤 用户仓库: 3 个 → 发现队列 (队列: 0/600)
[2026-07-27 00:27:27]   用户 yk3141 共查 3 个仓库
[2026-07-27 00:27:27] 仓库 https://github.com/priyal-rgb/SSSC-Submission (分支: main, size: 47966KB, pushed: 2026-07-26T15:15:18Z)
[2026-07-27 00:27:27] 仓库 https://github.com/priyal-rgb/SSSC-Submission 候选文件 8 个
[2026-07-27 00:27:27]   👤 用户仓库: 27 个 → 发现队列 (队列: 0/600)
[2026-07-27 00:27:27]   用户 nmyahoo0472 共查 27 个仓库
[2026-07-27 00:27:27] 仓库 https://github.com/riya-singh758/SSSC-Submissions (分支: main, size: 47974KB, pushed: 2026-07-26T14:46:04Z)
[2026-07-27 00:27:27] 👤 遍历用户仓库: alading-123
[2026-07-27 00:27:27] 仓库 https://github.com/riya-singh758/SSSC-Submissions 候选文件 5 个
[2026-07-27 00:27:27] 👤 遍历用户仓库: xlh001
[2026-07-27 00:27:28]   👤 用户仓库: 30 个 → 发现队列 (队列: 0/600)
[2026-07-27 00:27:28]   用户 alading-123 共查 30 个仓库
[2026-07-27 00:27:28] 仓库 https://github.com/Prerna2367-pm/SSSC-Submissions (分支: main, size: 47953KB, pushed: 2026-07-26T14:18:08Z)
[2026-07-27 00:27:28] 仓库 https://github.com/Prerna2367-pm/SSSC-Submissions 候选文件 1 个
[2026-07-27 00:27:29] README (Prerna2367-pm/SSSC-Submissions) 404，跳过
[2026-07-27 00:27:29] 仓库 https://github.com/Prerna2367-pm/SSSC-Submissions 未提取到节点，加入黑名单
[2026-07-27 00:27:29] 仓库 https://github.com/Bhavika2468/SSSC-Submissions (分支: main, size: 47928KB, pushed: 2026-07-26T12:48:39Z)
[2026-07-27 00:27:29] README (priyal-rgb/SSSC-Submission) 404，跳过
[2026-07-27 00:27:29] 仓库 https://github.com/priyal-rgb/SSSC-Submission 未提取到节点，加入黑名单
[2026-07-27 00:27:29] 仓库 https://github.com/kanikag08/SSSC-Submissions-2nd-Assgnment (分支: main, size: 11KB, pushed: 2026-07-26T11:26:09Z)
[2026-07-27 00:27:29]   👤 用户仓库: 30 个 → 发现队列 (队列: 0/600)
[2026-07-27 00:27:29]   用户 xlh001 共查 30 个仓库
[2026-07-27 00:27:29] 仓库 https://github.com/zhiwoxing/auto-ss-sub (分支: main, size: 387KB, pushed: 2026-07-26T10:26:02Z)
[2026-07-27 00:27:30] 仓库 https://github.com/Bhavika2468/SSSC-Submissions 无候选文件 (总计 171 blob, 扩展名过滤 124, processed_shas 跳过 3, SHA 缓存跳过 44)
[2026-07-27 00:27:30] 🔗 查子仓库: Bhavika2468/SSSC-Submissions
[2026-07-27 00:27:30] 仓库 https://github.com/zhiwoxing/auto-ss-sub 候选文件 1 个
[2026-07-27 00:27:30] 仓库 https://github.com/kanikag08/SSSC-Submissions-2nd-Assgnment 候选文件 3 个
[2026-07-27 00:27:30] 🔗 开始 Fork 链追踪 (Bhavika2468/SSSC-Submissions)
[2026-07-27 00:27:30] README (riya-singh758/SSSC-Submissions) 404，跳过
[2026-07-27 00:27:30] 仓库 https://github.com/riya-singh758/SSSC-Submissions 未提取到节点，加入黑名单
[2026-07-27 00:27:30] 仓库 https://github.com/kanikag08/SSSC-Submissions (分支: main, size: 47934KB, pushed: 2026-07-25T18:58:30Z)
[2026-07-27 00:27:30]   父仓库: dhananjay6561/SSSC-Submissions
[2026-07-27 00:27:30] 🔗 查子仓库: zhiwoxing/auto-ss-sub
[2026-07-27 00:27:30] 🔗 开始 Fork 链追踪 (zhiwoxing/auto-ss-sub)
[2026-07-27 00:27:30] 仓库 https://github.com/kanikag08/SSSC-Submissions 无候选文件 (总计 174 blob, 扩展名过滤 128, processed_shas 跳过 2, SHA 缓存跳过 44)
[2026-07-27 00:27:30] 🔗 查子仓库: kanikag08/SSSC-Submissions
[2026-07-27 00:27:31] 👤 遍历用户仓库: zhiwoxing
[2026-07-27 00:27:31]   🍴 兄弟仓库: 11 个 → 发现队列 (队列: 0/600)
[2026-07-27 00:27:31] 👤 遍历用户仓库: Bhavika2468
[2026-07-27 00:27:31] 🔗 开始 Fork 链追踪 (kanikag08/SSSC-Submissions)
[2026-07-27 00:27:31]   父仓库: dhananjay6561/SSSC-Submissions
[2026-07-27 00:27:31] 仓库 https://github.com/kanikag08/SSSC-Submissions-2nd-Assgnment 未提取到节点，加入黑名单
[2026-07-27 00:27:31] 仓库 https://github.com/cchavez3620/sso-pub-sub (分支: main, size: 1KB, pushed: 2026-07-25T17:14:32Z)
[2026-07-27 00:27:31]   👤 用户仓库: 2 个 → 发现队列 (队列: 0/600)
[2026-07-27 00:27:31]   用户 zhiwoxing 共查 2 个仓库
[2026-07-27 00:27:31] 仓库 https://github.com/pauldeng/node-red-contrib-redis (分支: main, size: 790KB, pushed: 2026-07-26T13:34:24Z)
[2026-07-27 00:27:31] 👤 遍历用户仓库: kanikag08
[2026-07-27 00:27:31] 仓库 https://github.com/pauldeng/node-red-contrib-redis 候选文件 48 个
[2026-07-27 00:27:31] 仓库 https://github.com/cchavez3620/sso-pub-sub 候选文件 3 个
[2026-07-27 00:27:31]   👤 用户仓库: 28 个 → 发现队列 (队列: 0/600)
[2026-07-27 00:27:31]   用户 Bhavika2468 共查 28 个仓库
[2026-07-27 00:27:31] 仓库 https://github.com/fieldofscreams/subscribed_to (分支: master, size: 134KB, pushed: 2026-07-26T02:17:15Z)
[2026-07-27 00:27:32]   👤 用户仓库: 12 个 → 发现队列 (队列: 0/600)
[2026-07-27 00:27:32]   用户 kanikag08 共查 12 个仓库
[2026-07-27 00:27:32] ⚠️ 仓库 https://github.com/shaikhzuber1886-lgtm/PowerBi_Super_Store_Sales_Dashboard 大小为 0，跳过
[2026-07-27 00:27:32] 仓库 https://github.com/lpmasser/sub-store-template (分支: main, size: 146KB, pushed: 2026-07-26T15:22:57Z)
[2026-07-27 00:27:32] 仓库 https://github.com/fieldofscreams/subscribed_to 候选文件 10 个
[2026-07-27 00:27:32] 仓库 https://github.com/cchavez3620/sso-pub-sub 未提取到节点，加入黑名单
[2026-07-27 00:27:32] 仓库 https://github.com/einsteinx2/iSubMusicStreamer (分支: new-swift-port, size: 65543KB, pushed: 2026-07-26T15:07:53Z)
[2026-07-27 00:27:32] 仓库 https://github.com/lpmasser/sub-store-template 候选文件 9 个
[2026-07-27 00:27:33] 仓库 https://github.com/einsteinx2/iSubMusicStreamer 候选文件较多 (118 个)，先通过 commits API 过滤
[2026-07-27 00:27:33] 仓库 https://github.com/pauldeng/node-red-contrib-redis 未提取到节点，加入黑名单
[2026-07-27 00:27:33] 仓库 https://github.com/a1346792580/sing-box_template_merge_sub-store (分支: main, size: 118KB, pushed: 2026-07-26T12:32:55Z)
[2026-07-27 00:27:33] 仓库 https://github.com/a1346792580/sing-box_template_merge_sub-store 候选文件 7 个
[2026-07-27 00:27:34]   Compare API 返回 112 个变更文件 (3 次 API 调用)
[2026-07-27 00:27:34]   commits 过滤: 118 → 41 (变更文件 112 个)
[2026-07-27 00:27:34] 仓库 https://github.com/einsteinx2/iSubMusicStreamer 候选文件 41 个
[2026-07-27 00:27:34] README (lpmasser/sub-store-template) 404，跳过
[2026-07-27 00:27:34] 仓库 https://github.com/lpmasser/sub-store-template 未提取到节点，加入黑名单
[2026-07-27 00:27:34] 仓库 https://github.com/kukumi1/sub-store-workers (分支: main, size: 4958KB, pushed: 2026-07-26T11:54:18Z)
[2026-07-27 00:27:35] 仓库 https://github.com/kukumi1/sub-store-workers 候选文件 1 个
[2026-07-27 00:27:35] 仓库 https://github.com/einsteinx2/iSubMusicStreamer 未提取到节点，加入黑名单
[2026-07-27 00:27:35] 仓库 https://github.com/zaofu88/sing-box_template_merge_sub-store (分支: main, size: 116KB, pushed: 2026-07-26T09:24:07Z)
[2026-07-27 00:27:35] 仓库 https://github.com/a1346792580/sing-box_template_merge_sub-store 未提取到节点，加入黑名单
[2026-07-27 00:27:35] 仓库 https://github.com/fsvreddit/sub-stats-bot (分支: main, size: 243KB, pushed: 2026-07-26T08:40:59Z)
[2026-07-27 00:27:35] 仓库 https://github.com/fsvreddit/sub-stats-bot 候选文件 10 个
[2026-07-27 00:27:35] 仓库 https://github.com/zaofu88/sing-box_template_merge_sub-store 无候选文件 (总计 33 blob, 扩展名过滤 11, processed_shas 跳过 3, SHA 缓存跳过 19)
[2026-07-27 00:27:35] 🔗 查子仓库: zaofu88/sing-box_template_merge_sub-store
[2026-07-27 00:27:35] README (fieldofscreams/subscribed_to) 404，跳过
[2026-07-27 00:27:35] 仓库 https://github.com/fieldofscreams/subscribed_to 未提取到节点，加入黑名单
[2026-07-27 00:27:35] 仓库 https://github.com/axaclin/sing-box_template_merge_sub-store (分支: main, size: 108KB, pushed: 2026-07-26T07:40:07Z)
[2026-07-27 00:27:35] 🔗 开始 Fork 链追踪 (zaofu88/sing-box_template_merge_sub-store)
[2026-07-27 00:27:36] 仓库 https://github.com/kukumi1/sub-store-workers 未提取到节点，加入黑名单
[2026-07-27 00:27:36] 仓库 https://github.com/thoot-235/Sub-Store (分支: main, size: 102286KB, pushed: 2026-07-26T07:38:20Z)
[2026-07-27 00:27:36]   父仓库: LongLights/sing-box_template_merge_sub-store
[2026-07-27 00:27:36] 仓库在黑名单中: https://github.com/LongLights/sing-box_template_merge_sub-store
[2026-07-27 00:27:36]   父仓库 +0 个节点
[2026-07-27 00:27:36] 仓库 https://github.com/axaclin/sing-box_template_merge_sub-store 无候选文件 (总计 33 blob, 扩展名过滤 11, processed_shas 跳过 3, SHA 缓存跳过 19)
[2026-07-27 00:27:36] 🔗 查子仓库: axaclin/sing-box_template_merge_sub-store
[2026-07-27 00:27:36] 🔗 开始 Fork 链追踪 (axaclin/sing-box_template_merge_sub-store)
[2026-07-27 00:27:36] 仓库 https://github.com/thoot-235/Sub-Store 候选文件 48 个
[2026-07-27 00:27:36]   父仓库: LongLights/sing-box_template_merge_sub-store
[2026-07-27 00:27:36] 仓库在黑名单中: https://github.com/LongLights/sing-box_template_merge_sub-store
[2026-07-27 00:27:36]   父仓库 +0 个节点
[2026-07-27 00:27:37]   🍴 兄弟仓库: 30 个 → 发现队列 (队列: 0/600)
[2026-07-27 00:27:37] 👤 遍历用户仓库: zaofu88
[2026-07-27 00:27:37] 👤 遍历用户仓库: axaclin
[2026-07-27 00:27:38]   👤 用户仓库: 16 个 → 发现队列 (队列: 0/600)
[2026-07-27 00:27:38]   用户 axaclin 共查 16 个仓库
[2026-07-27 00:27:38] 仓库 https://github.com/Elainaicey/sub-rename (分支: main, size: 32KB, pushed: 2026-07-26T04:07:49Z)
[2026-07-27 00:27:39]   👤 用户仓库: 30 个 → 发现队列 (队列: 0/600)[2026-07-27 00:27:39] 仓库 https://github.com/Elainaicey/sub-rename 候选文件 2 个

[2026-07-27 00:27:39]   用户 zaofu88 共查 30 个仓库
[2026-07-27 00:27:39] 仓库 https://github.com/iiio-oiii/Sub-Store-Actions (分支: main, size: 5030KB, pushed: 2026-07-26T01:54:18Z)
[2026-07-27 00:27:41] 仓库 https://github.com/iiio-oiii/Sub-Store-Actions 候选文件 1 个
[2026-07-27 00:27:42] 仓库 https://github.com/Elainaicey/sub-rename README 含广告词，加入黑名单
[2026-07-27 00:27:43] 仓库 https://github.com/CalvinMaighan/active-state (分支: main, size: 128KB, pushed: 2026-07-26T01:14:45Z)
[2026-07-27 00:27:44] 仓库 https://github.com/fsvreddit/sub-stats-bot 未提取到节点，加入黑名单
[2026-07-27 00:27:45] 仓库 https://github.com/pyiy/MiSub-Store (分支: main, size: 7979KB, pushed: 2026-07-25T22:50:22Z)
[2026-07-27 00:27:46] 仓库 https://github.com/CalvinMaighan/active-state 候选文件 16 个
[2026-07-27 00:27:48] ⏱️ [55/147] 节点订阅 pushed:>2026-07-25T15:43:36Z fork:true -language:HTML | 23s | +19 | 配额 694/4800
[2026-07-27 00:27:49] 仓库 https://github.com/pyiy/MiSub-Store 无候选文件 (总计 461 blob, 扩展名过滤 433, processed_shas 跳过 0, SHA 缓存跳过 28)
[2026-07-27 00:27:49] 🔗 查子仓库: pyiy/MiSub-Store
[2026-07-27 00:27:50] 🔗 开始 Fork 链追踪 (pyiy/MiSub-Store)
[2026-07-27 00:27:51]   父仓库: imzyb/MiSub
[2026-07-27 00:27:51] ⏭️ 仓库 https://github.com/imzyb/MiSub 24h 未更新，跳过解析（追踪 fork 链）
[2026-07-27 00:27:51] 🔗 查子仓库: imzyb/MiSub
[2026-07-27 00:27:53] 仓库 https://github.com/CalvinMaighan/active-state 未提取到节点，加入黑名单
[2026-07-27 00:27:53] 仓库 https://github.com/yachenIiu/sub-store-workers (分支: main, size: 4945KB, pushed: 2026-07-25T19:48:33Z)
[2026-07-27 00:27:54]   🍴 子仓库: 30 个 → 发现队列 (队列: 0/600)
[2026-07-27 00:27:54] 🔗 开始 Fork 链追踪 (imzyb/MiSub)
[2026-07-27 00:27:54] 🔗 查子仓库: iiio-oiii/Sub-Store-Actions
[2026-07-27 00:27:54] 👤 遍历用户仓库: imzyb
[2026-07-27 00:27:54] 🔗 开始 Fork 链追踪 (iiio-oiii/Sub-Store-Actions)
[2026-07-27 00:27:54] 仓库 https://github.com/yachenIiu/sub-store-workers 无候选文件 (总计 33 blob, 扩展名过滤 25, processed_shas 跳过 0, SHA 缓存跳过 8)
[2026-07-27 00:27:54] 🔗 查子仓库: yachenIiu/sub-store-workers
[2026-07-27 00:27:54] 🔗 开始 Fork 链追踪 (yachenIiu/sub-store-workers)
[2026-07-27 00:27:54] 👤 遍历用户仓库: iiio-oiii
[2026-07-27 00:27:55]   父仓库: Yu9191/sub-store-workers
[2026-07-27 00:27:55]   👤 用户仓库: 2 个 → 发现队列 (队列: 0/600)
[2026-07-27 00:27:55]   用户 iiio-oiii 共查 2 个仓库
[2026-07-27 00:27:55] 仓库 https://github.com/PhilipJPrice/subscription-storefront (分支: main, size: 90KB, pushed: 2026-07-25T18:48:58Z)
[2026-07-27 00:27:56] ⏱️ [56/147] 免费机场 pushed:>2026-07-25T15:43:36Z fork:true -language:HTML | 8s | +2 | 配额 679/4800
[2026-07-27 00:27:58] 仓库 https://github.com/PhilipJPrice/subscription-storefront 候选文件 5 个
[2026-07-27 00:27:59]   🍴 兄弟仓库: 30 个 → 发现队列 (队列: 0/600)
[2026-07-27 00:28:00] 👤 遍历用户仓库: yachenIiu
[2026-07-27 00:28:01]   ... 主队列 173, 发现队列 0
[2026-07-27 00:28:01]   👤 用户仓库: 30 个 → 发现队列 (队列: 0/600)
[2026-07-27 00:28:02]   用户 imzyb 共查 30 个仓库
[2026-07-27 00:28:02]   父仓库 +46 个节点
[2026-07-27 00:28:08] 仓库 https://github.com/PhilipJPrice/subscription-storefront 未提取到节点，加入黑名单[2026-07-27 00:28:08]   👤 用户仓库: 30 个 → 发现队列 (队列: 0/600)

[2026-07-27 00:28:09]   用户 yachenIiu 共查 30 个仓库
[2026-07-27 00:28:09] 仓库 https://github.com/Nedudigital/case-study-cross-store-subscriptions (分支: main, size: 4KB, pushed: 2026-07-25T17:05:48Z)
[2026-07-27 00:28:09] 仓库 https://github.com/labrat-0/rag-pipeline (分支: main, size: 45KB, pushed: 2026-07-25T17:49:42Z)
[2026-07-27 00:28:10] 仓库 https://github.com/Nedudigital/case-study-cross-store-subscriptions 候选文件 1 个
[2026-07-27 00:28:10] 仓库 https://github.com/labrat-0/rag-pipeline 候选文件 10 个[2026-07-27 00:28:10]   🍴 兄弟仓库: 13 个 → 发现队列 (队列: 0/600)

[2026-07-27 00:28:11] 👤 遍历用户仓库: pyiy
[2026-07-27 00:28:12] 仓库 https://github.com/Nedudigital/case-study-cross-store-subscriptions 未提取到节点，加入黑名单
[2026-07-27 00:28:12] 仓库 https://github.com/fofq/sub-store-workers (分支: main, size: 4945KB, pushed: 2026-07-25T17:05:10Z)
[2026-07-27 00:28:13] 仓库 https://github.com/fofq/sub-store-workers 无候选文件 (总计 33 blob, 扩展名过滤 25, processed_shas 跳过 0, SHA 缓存跳过 8)
[2026-07-27 00:28:13] 🔗 查子仓库: fofq/sub-store-workers
[2026-07-27 00:28:13]   👤 用户仓库: 30 个 → 发现队列 (队列: 0/600)
[2026-07-27 00:28:13]   用户 pyiy 共查 30 个仓库
[2026-07-27 00:28:13] 仓库 https://github.com/Yu9191/sub-store-workers (分支: main, size: 4945KB, pushed: 2026-07-25T16:55:59Z)
[2026-07-27 00:28:13] 🔗 开始 Fork 链追踪 (fofq/sub-store-workers)
[2026-07-27 00:28:14]   父仓库: Yu9191/sub-store-workers
[2026-07-27 00:28:15] 仓库 https://github.com/Yu9191/sub-store-workers 无候选文件 (总计 33 blob, 扩展名过滤 25, processed_shas 跳过 0, SHA 缓存跳过 8)
[2026-07-27 00:28:15] 🔗 查子仓库: Yu9191/sub-store-workers
[2026-07-27 00:28:17]   🍴 兄弟仓库: 17 个 → 发现队列 (队列: 0/600)
[2026-07-27 00:28:18] 👤 遍历用户仓库: fofq
[2026-07-27 00:28:18] 仓库 https://github.com/labrat-0/rag-pipeline 未提取到节点，加入黑名单
[2026-07-27 00:28:18] 仓库 https://github.com/a1346792580/sub-store-workers (分支: main, size: 4945KB, pushed: 2026-07-25T16:55:59Z)[2026-07-27 00:28:18] 🔗 开始 Fork 链追踪 (Yu9191/sub-store-workers)

[2026-07-27 00:28:18]   👤 用户仓库: 3 个 → 发现队列 (队列: 0/600)
[2026-07-27 00:28:19]   用户 fofq 共查 3 个仓库
[2026-07-27 00:28:19] 仓库 https://github.com/msorrywlc/sub-store-workers (分支: main, size: 4945KB, pushed: 2026-07-25T16:55:59Z)[2026-07-27 00:28:19] 仓库 https://github.com/a1346792580/sub-store-workers 无候选文件 (总计 33 blob, 扩展名过滤 25, processed_shas 跳过 0, SHA 缓存跳过 8)

[2026-07-27 00:28:19] 👤 遍历用户仓库: Yu9191[2026-07-27 00:28:19] 🔗 查子仓库: a1346792580/sub-store-workers

[2026-07-27 00:28:19] 🔗 开始 Fork 链追踪 (a1346792580/sub-store-workers)
[2026-07-27 00:28:20] ⏱️ [57/147] 科学上网 pushed:>2026-07-25T15:43:36Z fork:true -language:HTML | 24s | +151 | 配额 649/4800
[2026-07-27 00:28:20]   父仓库: Yu9191/sub-store-workers
[2026-07-27 00:28:21] 仓库 https://github.com/msorrywlc/sub-store-workers 无候选文件 (总计 33 blob, 扩展名过滤 25, processed_shas 跳过 0, SHA 缓存跳过 8)
[2026-07-27 00:28:21] 🔗 查子仓库: msorrywlc/sub-store-workers
[2026-07-27 00:28:21]   👤 用户仓库: 30 个 → 发现队列 (队列: 0/600)
[2026-07-27 00:28:21]   用户 Yu9191 共查 30 个仓库[2026-07-27 00:28:21] 🔗 开始 Fork 链追踪 (msorrywlc/sub-store-workers)

[2026-07-27 00:28:22] 仓库 https://github.com/SEMANTICx/sub-store-workers (分支: main, size: 4927KB, pushed: 2026-07-25T16:52:42Z)
[2026-07-27 00:28:23]   父仓库: Yu9191/sub-store-workers
[2026-07-27 00:28:24] 仓库 https://github.com/SEMANTICx/sub-store-workers 无候选文件 (总计 33 blob, 扩展名过滤 25, processed_shas 跳过 0, SHA 缓存跳过 8)
[2026-07-27 00:28:24] 🔗 查子仓库: SEMANTICx/sub-store-workers
[2026-07-27 00:28:24] 🔗 开始 Fork 链追踪 (SEMANTICx/sub-store-workers)
[2026-07-27 00:28:25]   父仓库: Yu9191/sub-store-workers
[2026-07-27 00:28:25] 👤 遍历用户仓库: a1346792580
[2026-07-27 00:28:26]   👤 用户仓库: 2 个 → 发现队列 (队列: 0/600)
[2026-07-27 00:28:26]   用户 a1346792580 共查 2 个仓库
[2026-07-27 00:28:27] 仓库 https://github.com/bkskys/sub-store-cf-workers (分支: main, size: 4929KB, pushed: 2026-07-25T16:52:40Z)[2026-07-27 00:28:27] 👤 遍历用户仓库: msorrywlc

[2026-07-27 00:28:28]   👤 用户仓库: 1 个 → 发现队列 (队列: 0/600)
[2026-07-27 00:28:28]   用户 msorrywlc 共查 1 个仓库
[2026-07-27 00:28:29] 仓库 https://github.com/mengxin796/sub-store-workers (分支: main, size: 4933KB, pushed: 2026-07-25T16:52:12Z)
[2026-07-27 00:28:29] 仓库 https://github.com/bkskys/sub-store-cf-workers 无候选文件 (总计 33 blob, 扩展名过滤 25, processed_shas 跳过 0, SHA 缓存跳过 8)
[2026-07-27 00:28:29] 🔗 查子仓库: bkskys/sub-store-cf-workers
[2026-07-27 00:28:29] 🔗 开始 Fork 链追踪 (bkskys/sub-store-cf-workers)
[2026-07-27 00:28:29] 👤 遍历用户仓库: SEMANTICx
[2026-07-27 00:28:30] 仓库 https://github.com/mengxin796/sub-store-workers 无候选文件 (总计 33 blob, 扩展名过滤 25, processed_shas 跳过 0, SHA 缓存跳过 8)
[2026-07-27 00:28:30] 🔗 查子仓库: mengxin796/sub-store-workers[2026-07-27 00:28:30]   父仓库: Yu9191/sub-store-workers

[2026-07-27 00:28:31] 🔗 开始 Fork 链追踪 (mengxin796/sub-store-workers)
[2026-07-27 00:28:31]   父仓库: Yu9191/sub-store-workers
[2026-07-27 00:28:32]   👤 用户仓库: 22 个 → 发现队列 (队列: 0/600)
[2026-07-27 00:28:32]   用户 SEMANTICx 共查 22 个仓库
[2026-07-27 00:28:32] 仓库 https://github.com/KuaiCode/sub-store-workers (分支: main, size: 4946KB, pushed: 2026-07-25T16:52:10Z)
[2026-07-27 00:28:32] 仓库 https://github.com/KuaiCode/sub-store-workers 无候选文件 (总计 33 blob, 扩展名过滤 25, processed_shas 跳过 0, SHA 缓存跳过 8)
[2026-07-27 00:28:32] 🔗 查子仓库: KuaiCode/sub-store-workers
[2026-07-27 00:28:33] 🔗 开始 Fork 链追踪 (KuaiCode/sub-store-workers)
[2026-07-27 00:28:33] 👤 遍历用户仓库: mengxin796
[2026-07-27 00:28:33]   父仓库: Yu9191/sub-store-workers[2026-07-27 00:28:33] 👤 遍历用户仓库: bkskys

[2026-07-27 00:28:33]   👤 用户仓库: 2 个 → 发现队列 (队列: 0/600)
[2026-07-27 00:28:33]   用户 mengxin796 共查 2 个仓库
[2026-07-27 00:28:33] 仓库 https://github.com/agczsz/sub-store-workers (分支: main, size: 4930KB, pushed: 2026-07-25T16:51:57Z)
[2026-07-27 00:28:34] 仓库 https://github.com/agczsz/sub-store-workers 无候选文件 (总计 33 blob, 扩展名过滤 25, processed_shas 跳过 0, SHA 缓存跳过 8)
[2026-07-27 00:28:34]   👤 用户仓库: 14 个 → 发现队列 (队列: 0/600)
[2026-07-27 00:28:35] 🔗 查子仓库: agczsz/sub-store-workers[2026-07-27 00:28:35]   用户 bkskys 共查 14 个仓库

[2026-07-27 00:28:35] 仓库 https://github.com/baijin333-lab/sub-store-workers (分支: main, size: 4945KB, pushed: 2026-07-25T16:51:19Z)
[2026-07-27 00:28:35] 🔗 开始 Fork 链追踪 (agczsz/sub-store-workers)
[2026-07-27 00:28:35] ⏱️ [58/147] 梯子 pushed:>2026-07-25T15:43:36Z fork:true -language:HTML | 14s | +26 | 配额 605/4800
[2026-07-27 00:28:36] 👤 遍历用户仓库: KuaiCode
[2026-07-27 00:28:36]   父仓库: Yu9191/sub-store-workers[2026-07-27 00:28:36] 仓库 https://github.com/baijin333-lab/sub-store-workers 无候选文件 (总计 33 blob, 扩展名过滤 25, processed_shas 跳过 0, SHA 缓存跳过 8)

[2026-07-27 00:28:36] 🔗 查子仓库: baijin333-lab/sub-store-workers
[2026-07-27 00:28:37] 🔗 开始 Fork 链追踪 (baijin333-lab/sub-store-workers)
[2026-07-27 00:28:38]   父仓库: Yu9191/sub-store-workers
[2026-07-27 00:28:38]   👤 用户仓库: 17 个 → 发现队列 (队列: 0/600)
[2026-07-27 00:28:38]   用户 KuaiCode 共查 17 个仓库
[2026-07-27 00:28:38] 仓库 https://github.com/Wisil/sub-store-workers (分支: main, size: 4951KB, pushed: 2026-07-25T16:47:58Z)
[2026-07-27 00:28:39] 👤 遍历用户仓库: agczsz
[2026-07-27 00:28:40] 仓库 https://github.com/Wisil/sub-store-workers 无候选文件 (总计 33 blob, 扩展名过滤 25, processed_shas 跳过 0, SHA 缓存跳过 8)
[2026-07-27 00:28:40] 🔗 查子仓库: Wisil/sub-store-workers
[2026-07-27 00:28:40] 🔗 开始 Fork 链追踪 (Wisil/sub-store-workers)[2026-07-27 00:28:40] 👤 遍历用户仓库: baijin333-lab

[2026-07-27 00:28:40]   父仓库: Yu9191/sub-store-workers
[2026-07-27 00:28:40]   👤 用户仓库: 30 个 → 发现队列 (队列: 0/600)
[2026-07-27 00:28:41]   用户 agczsz 共查 30 个仓库
[2026-07-27 00:28:41] 仓库 https://github.com/mattzsinha/LeetCode-Submissions (分支: main, size: 73KB, pushed: 2026-07-26T15:59:30Z)
[2026-07-27 00:28:41]   👤 用户仓库: 11 个 → 发现队列 (队列: 0/600)
[2026-07-27 00:28:41]   用户 baijin333-lab 共查 11 个仓库
[2026-07-27 00:28:41] 仓库 https://github.com/GitNoobHub/awesome-claude-code-subagents (分支: main, size: 799KB, pushed: 2026-07-26T13:00:56Z)
[2026-07-27 00:28:41] 仓库 https://github.com/mattzsinha/LeetCode-Submissions 候选文件 13 个
[2026-07-27 00:28:41] 👤 遍历用户仓库: Wisil
[2026-07-27 00:28:42]   用户 Wisil 共查 0 个仓库
[2026-07-27 00:28:42] 仓库 https://github.com/zakasalman/LeetCode-Submission (分支: main, size: 28KB, pushed: 2026-07-26T12:23:00Z)
[2026-07-27 00:28:43] 仓库 https://github.com/GitNoobHub/awesome-claude-code-subagents 候选文件较多 (187 个)，先通过 commits API 过滤
[2026-07-27 00:28:43] 仓库 https://github.com/mattzsinha/LeetCode-Submissions 未提取到节点，加入黑名单
[2026-07-27 00:28:43] 仓库 https://github.com/zakasalman/LeetCode-Submission 候选文件 13 个
[2026-07-27 00:28:43] 仓库 https://github.com/Lxj74/awesome-claude-code-subagents (分支: main, size: 798KB, pushed: 2026-07-26T10:33:16Z)
[2026-07-27 00:28:44]   Compare API 返回 1 个变更文件 (3 次 API 调用)[2026-07-27 00:28:44] 仓库 https://github.com/Lxj74/awesome-claude-code-subagents 候选文件较多 (187 个)，先通过 commits API 过滤

[2026-07-27 00:28:45]   commits 过滤: 187 → 1 (变更文件 1 个)
[2026-07-27 00:28:45] 仓库 https://github.com/GitNoobHub/awesome-claude-code-subagents 候选文件 1 个
[2026-07-27 00:28:46]   commits 过滤: 187 → 0 (变更文件 0 个)
[2026-07-27 00:28:46] 仓库 https://github.com/Lxj74/awesome-claude-code-subagents 候选文件经时间过滤后为空
[2026-07-27 00:28:46] 🔗 查子仓库: Lxj74/awesome-claude-code-subagents
[2026-07-27 00:28:47] 🔗 开始 Fork 链追踪 (Lxj74/awesome-claude-code-subagents)
[2026-07-27 00:28:47]   父仓库: VoltAgent/awesome-claude-code-subagents
[2026-07-27 00:28:47] 仓库在黑名单中: https://github.com/VoltAgent/awesome-claude-code-subagents
[2026-07-27 00:28:47]   父仓库 +0 个节点
[2026-07-27 00:28:48] 仓库 https://github.com/zakasalman/LeetCode-Submission 未提取到节点，加入黑名单
[2026-07-27 00:28:48] ⚠️ 仓库 https://github.com/maksymminullin/cw-submissions 大小为 0，跳过
[2026-07-27 00:28:48] 仓库 https://github.com/cfv2ray/subCollection (分支: main, size: 3334KB, pushed: 2026-07-26T09:18:30Z)
[2026-07-27 00:28:48] 仓库 https://github.com/GitNoobHub/awesome-claude-code-subagents 未提取到节点，加入黑名单
[2026-07-27 00:28:49] 仓库 https://github.com/Alelau18/bhc-substitutes (分支: main, size: 28KB, pushed: 2026-07-26T03:22:40Z)
[2026-07-27 00:28:49] 仓库 https://github.com/cfv2ray/subCollection 候选文件 2 个
[2026-07-27 00:28:49] 仓库 https://github.com/Alelau18/bhc-substitutes 候选文件 4 个
[2026-07-27 00:28:50]   🍴 兄弟仓库: 30 个 → 发现队列 (队列: 0/600)
[2026-07-27 00:28:50] 👤 遍历用户仓库: Lxj74
[2026-07-27 00:28:51]   👤 用户仓库: 21 个 → 发现队列 (队列: 0/600)
[2026-07-27 00:28:51]   用户 Lxj74 共查 21 个仓库
[2026-07-27 00:28:51] 仓库 https://github.com/shellsmash/leetcode-submissions (分支: main, size: 295KB, pushed: 2026-07-25T20:25:18Z)
[2026-07-27 00:28:52] 仓库 https://github.com/Alelau18/bhc-substitutes 未提取到节点，加入黑名单
[2026-07-27 00:28:52] 仓库 https://github.com/gchetan143/awesome-claude-code-subagents (分支: main, size: 798KB, pushed: 2026-07-25T18:34:05Z)
[2026-07-27 00:28:53] 仓库 https://github.com/gchetan143/awesome-claude-code-subagents 候选文件较多 (187 个)，先通过 commits API 过滤
[2026-07-27 00:28:53] 仓库 https://github.com/shellsmash/leetcode-submissions 候选文件 54 个
[2026-07-27 00:28:54]   commits 过滤: 187 → 0 (变更文件 0 个)
[2026-07-27 00:28:54] 仓库 https://github.com/gchetan143/awesome-claude-code-subagents 候选文件经时间过滤后为空
[2026-07-27 00:28:54] 🔗 查子仓库: gchetan143/awesome-claude-code-subagents
[2026-07-27 00:28:54] 🔗 开始 Fork 链追踪 (gchetan143/awesome-claude-code-subagents)
[2026-07-27 00:28:54] 🔗 查子仓库: cfv2ray/subCollection
[2026-07-27 00:28:54] 🔗 开始 Fork 链追踪 (cfv2ray/subCollection)
[2026-07-27 00:28:55]   父仓库: VoltAgent/awesome-claude-code-subagents
[2026-07-27 00:28:55] 仓库在黑名单中: https://github.com/VoltAgent/awesome-claude-code-subagents
[2026-07-27 00:28:55]   父仓库 +0 个节点
[2026-07-27 00:28:55] 👤 遍历用户仓库: cfv2ray
[2026-07-27 00:28:56]   👤 用户仓库: 9 个 → 发现队列 (队列: 0/600)
[2026-07-27 00:28:56]   用户 cfv2ray 共查 9 个仓库
[2026-07-27 00:28:56] 仓库 https://github.com/OnePersonLabs/awesome-codex-subagents (分支: main, size: 255KB, pushed: 2026-07-25T16:52:10Z)
[2026-07-27 00:28:56]   🍴 兄弟仓库: 17 个 → 发现队列 (队列: 0/600)
[2026-07-27 00:28:56] 👤 遍历用户仓库: gchetan143
[2026-07-27 00:28:56] 仓库 https://github.com/OnePersonLabs/awesome-codex-subagents 候选文件 2 个
[2026-07-27 00:28:57] 仓库 https://github.com/shellsmash/leetcode-submissions 未提取到节点，加入黑名单
[2026-07-27 00:28:57] 仓库 https://github.com/hoanglombardo/practical-arweave-subsystem (分支: main, size: 1KB, pushed: 2026-07-25T16:51:02Z)
[2026-07-27 00:28:57]   👤 用户仓库: 30 个 → 发现队列 (队列: 0/600)
[2026-07-27 00:28:57]   用户 gchetan143 共查 30 个仓库
[2026-07-27 00:28:57] 仓库 https://github.com/hoanglombardo/practical-arweave-subsystem 候选文件 2 个[2026-07-27 00:28:58] 仓库 https://github.com/Use4Free/VMesslinks (分支: main, size: 56616KB, pushed: 2026-07-26T16:17:18Z)

[2026-07-27 00:28:58] 仓库 https://github.com/OnePersonLabs/awesome-codex-subagents 未提取到节点，加入黑名单
[2026-07-27 00:28:58] 仓库 https://github.com/Skycnhe/CloudflareIP (分支: main, size: 13576KB, pushed: 2026-07-26T16:14:20Z)
[2026-07-27 00:28:58] 仓库 https://github.com/Use4Free/VMesslinks 候选文件 1 个
[2026-07-27 00:28:58] 仓库 https://github.com/Skycnhe/CloudflareIP 候选文件 9 个
[2026-07-27 00:28:58] 仓库 https://github.com/hoanglombardo/practical-arweave-subsystem 未提取到节点，加入黑名单
[2026-07-27 00:28:58] 仓库 https://github.com/yizhidahaozi/CloudflareIP (分支: main, size: 13886KB, pushed: 2026-07-26T16:11:39Z)
[2026-07-27 00:28:58] 🔗 查子仓库: Use4Free/VMesslinks
[2026-07-27 00:28:59]   🍴 子仓库: 2 个 → 发现队列 (队列: 0/600)
[2026-07-27 00:28:59] 🔗 开始 Fork 链追踪 (Use4Free/VMesslinks)[2026-07-27 00:28:59] 仓库 https://github.com/yizhidahaozi/CloudflareIP 候选文件 7 个

[2026-07-27 00:28:59]   父仓库: Memory2314/VMesslinks
[2026-07-27 00:28:59] 仓库在黑名单中: https://github.com/Memory2314/VMesslinks
[2026-07-27 00:28:59]   父仓库 +1 个节点
[2026-07-27 00:28:59] 🔗 查子仓库: thoot-235/Sub-Store
[2026-07-27 00:28:59] 🔗 开始 Fork 链追踪 (thoot-235/Sub-Store)
[2026-07-27 00:29:00] 👤 遍历用户仓库: thoot-235
[2026-07-27 00:29:00]   🍴 兄弟仓库: 13 个 → 发现队列 (队列: 0/600)
[2026-07-27 00:29:00] 👤 遍历用户仓库: Use4Free
[2026-07-27 00:29:00]   👤 用户仓库: 2 个 → 发现队列 (队列: 0/600)
[2026-07-27 00:29:00]   用户 thoot-235 共查 2 个仓库
[2026-07-27 00:29:00] 仓库 https://github.com/cxddgtb/dljdsjq (分支: main, size: 415134KB, pushed: 2026-07-26T16:11:23Z)
[2026-07-27 00:29:00] 仓库 https://github.com/cxddgtb/dljdsjq 候选文件 8 个
[2026-07-27 00:29:00]   👤 用户仓库: 26 个 → 发现队列 (队列: 0/600)
[2026-07-27 00:29:00]   用户 Use4Free 共查 26 个仓库
[2026-07-27 00:29:00] 仓库 https://github.com/BonXxe1/CloudflareIP (分支: main, size: 13701KB, pushed: 2026-07-26T16:10:29Z)
[2026-07-27 00:29:00] 🔗 查子仓库: yizhidahaozi/CloudflareIP
[2026-07-27 00:29:00] 🔗 开始 Fork 链追踪 (yizhidahaozi/CloudflareIP)
[2026-07-27 00:29:01]   父仓库: gslege/CloudflareIP
[2026-07-27 00:29:01] 仓库 https://github.com/BonXxe1/CloudflareIP 候选文件 6 个
[2026-07-27 00:29:01] 🔗 查子仓库: Skycnhe/CloudflareIP
[2026-07-27 00:29:02] 🔗 开始 Fork 链追踪 (Skycnhe/CloudflareIP)
[2026-07-27 00:29:02]   🍴 兄弟仓库: 30 个 → 发现队列 (队列: 0/600)
[2026-07-27 00:29:02] 👤 遍历用户仓库: yizhidahaozi
[2026-07-27 00:29:02]   父仓库: gslege/CloudflareIP
[2026-07-27 00:29:02]   👤 用户仓库: 30 个 → 发现队列 (队列: 0/600)
[2026-07-27 00:29:02]   用户 yizhidahaozi 共查 30 个仓库
[2026-07-27 00:29:02] 仓库 https://github.com/diyros/CloudflareIP (分支: main, size: 13944KB, pushed: 2026-07-26T16:10:26Z)
[2026-07-27 00:29:03] 仓库 https://github.com/diyros/CloudflareIP 候选文件 7 个
[2026-07-27 00:29:03]   🍴 兄弟仓库: 11 个 → 发现队列 (队列: 0/600)
[2026-07-27 00:29:03] 👤 遍历用户仓库: Skycnhe
[2026-07-27 00:29:03] 🔗 查子仓库: BonXxe1/CloudflareIP
[2026-07-27 00:29:03] 🔗 开始 Fork 链追踪 (BonXxe1/CloudflareIP)
[2026-07-27 00:29:04]   父仓库: gslege/CloudflareIP
[2026-07-27 00:29:04] 👤 遍历用户仓库: BonXxe1
[2026-07-27 00:29:04]   👤 用户仓库: 30 个 → 发现队列 (队列: 0/600)
[2026-07-27 00:29:04]   用户 Skycnhe 共查 30 个仓库
[2026-07-27 00:29:04] 仓库 https://github.com/helluen/CloudflareIP (分支: main, size: 13649KB, pushed: 2026-07-26T16:10:21Z)
[2026-07-27 00:29:05] 仓库 https://github.com/helluen/CloudflareIP 候选文件 7 个
[2026-07-27 00:29:05]   👤 用户仓库: 27 个 → 发现队列 (队列: 0/600)
[2026-07-27 00:29:05]   用户 BonXxe1 共查 27 个仓库
[2026-07-27 00:29:05] 仓库 https://github.com/weizhe940605/CloudflareIP (分支: main, size: 11771KB, pushed: 2026-07-26T16:09:29Z)
[2026-07-27 00:29:05] 🔗 查子仓库: diyros/CloudflareIP
[2026-07-27 00:29:06] 🔗 开始 Fork 链追踪 (diyros/CloudflareIP)
[2026-07-27 00:29:06] 仓库 https://github.com/weizhe940605/CloudflareIP 候选文件 6 个
[2026-07-27 00:29:06]   父仓库: gslege/CloudflareIP
[2026-07-27 00:29:06] 👤 遍历用户仓库: diyros
[2026-07-27 00:29:07] 🔗 查子仓库: helluen/CloudflareIP
[2026-07-27 00:29:07] 🔗 开始 Fork 链追踪 (helluen/CloudflareIP)
[2026-07-27 00:29:07] 🔗 查子仓库: weizhe940605/CloudflareIP
[2026-07-27 00:29:07]   父仓库: gslege/CloudflareIP
[2026-07-27 00:29:07] 🔗 开始 Fork 链追踪 (weizhe940605/CloudflareIP)
[2026-07-27 00:29:07]   👤 用户仓库: 30 个 → 发现队列 (队列: 0/600)
[2026-07-27 00:29:07]   用户 diyros 共查 30 个仓库
[2026-07-27 00:29:07] 仓库 https://github.com/hanxiaochan/AutoMergePublicNodes (分支: master, size: 8106580KB, pushed: 2026-07-26T16:08:57Z)
[2026-07-27 00:29:07]   父仓库: gslege/CloudflareIP
[2026-07-27 00:29:08] 仓库 https://github.com/hanxiaochan/AutoMergePublicNodes 候选文件 19 个
[2026-07-27 00:29:08] 👤 遍历用户仓库: helluen
[2026-07-27 00:29:08] 👤 遍历用户仓库: weizhe940605
[2026-07-27 00:29:09]   👤 用户仓库: 30 个 → 发现队列 (队列: 0/600)
[2026-07-27 00:29:09]   用户 helluen 共查 30 个仓库
[2026-07-27 00:29:10] 仓库 https://github.com/Leiqtcv/V2Ray_configs_64 (分支: master, size: 20635KB, pushed: 2026-07-26T16:08:09Z)
[2026-07-27 00:29:10] 🔗 查子仓库: hanxiaochan/AutoMergePublicNodes
[2026-07-27 00:29:11] 🔗 开始 Fork 链追踪 (hanxiaochan/AutoMergePublicNodes)[2026-07-27 00:29:11]   👤 用户仓库: 30 个 → 发现队列 (队列: 0/600)[2026-07-27 00:29:11] 仓库 https://github.com/Leiqtcv/V2Ray_configs_64 候选文件 3 个


[2026-07-27 00:29:11]   用户 weizhe940605 共查 30 个仓库
[2026-07-27 00:29:11] 仓库 https://github.com/Wwuyi123/CloudflareIP (分支: main, size: 13873KB, pushed: 2026-07-26T16:08:04Z)
[2026-07-27 00:29:11]   父仓库: chengaopan/AutoMergePublicNodes
[2026-07-27 00:29:11] 仓库 https://github.com/Wwuyi123/CloudflareIP 候选文件 6 个
[2026-07-27 00:29:12] 🔗 查子仓库: Leiqtcv/V2Ray_configs_64
[2026-07-27 00:29:12]   🍴 兄弟仓库: 30 个 → 发现队列 (队列: 0/600)
[2026-07-27 00:29:12] 👤 遍历用户仓库: hanxiaochan
[2026-07-27 00:29:12] 🔗 开始 Fork 链追踪 (Leiqtcv/V2Ray_configs_64)
[2026-07-27 00:29:12]   父仓库: WLget/V2Ray_configs_64
[2026-07-27 00:29:12]   用户 hanxiaochan 共查 0 个仓库
[2026-07-27 00:29:12] 仓库 https://github.com/1211a/CloudflareIP (分支: main, size: 13810KB, pushed: 2026-07-26T16:07:55Z)
[2026-07-27 00:29:13] 仓库 https://github.com/1211a/CloudflareIP 候选文件 8 个
[2026-07-27 00:29:13] 🔗 查子仓库: Wwuyi123/CloudflareIP
[2026-07-27 00:29:13] 🔗 开始 Fork 链追踪 (Wwuyi123/CloudflareIP)
[2026-07-27 00:29:13]   🍴 兄弟仓库: 22 个 → 发现队列 (队列: 0/600)
[2026-07-27 00:29:13] 👤 遍历用户仓库: Leiqtcv
[2026-07-27 00:29:13]   父仓库: gslege/CloudflareIP
[2026-07-27 00:29:14] 🔗 查子仓库: cxddgtb/dljdsjq
[2026-07-27 00:29:14] 👤 遍历用户仓库: Wwuyi123
[2026-07-27 00:29:14]   🍴 子仓库: 2 个 → 发现队列 (队列: 0/600)
[2026-07-27 00:29:14] 🔗 开始 Fork 链追踪 (cxddgtb/dljdsjq)
[2026-07-27 00:29:14] 👤 遍历用户仓库: cxddgtb
[2026-07-27 00:29:14]   👤 用户仓库: 15 个 → 发现队列 (队列: 0/600)
[2026-07-27 00:29:14]   用户 Wwuyi123 共查 15 个仓库
[2026-07-27 00:29:14] 仓库 https://github.com/guangshanhl/CloudflareIP (分支: main, size: 13482KB, pushed: 2026-07-26T16:07:01Z)
[2026-07-27 00:29:15] 仓库 https://github.com/guangshanhl/CloudflareIP 候选文件 6 个
[2026-07-27 00:29:15]   👤 用户仓库: 17 个 → 发现队列 (队列: 0/600)
[2026-07-27 00:29:15]   用户 cxddgtb 共查 17 个仓库
[2026-07-27 00:29:15] 仓库 https://github.com/hnztlyh/CloudflareIP (分支: main, size: 13620KB, pushed: 2026-07-26T16:06:44Z)
[2026-07-27 00:29:15] 🔗 查子仓库: 1211a/CloudflareIP
[2026-07-27 00:29:15] 🔗 开始 Fork 链追踪 (1211a/CloudflareIP)
[2026-07-27 00:29:15] 仓库 https://github.com/hnztlyh/CloudflareIP 候选文件 6 个
[2026-07-27 00:29:15]   父仓库: gslege/CloudflareIP
[2026-07-27 00:29:16] 🔗 查子仓库: guangshanhl/CloudflareIP
[2026-07-27 00:29:16] 👤 遍历用户仓库: 1211a
[2026-07-27 00:29:16] 🔗 开始 Fork 链追踪 (guangshanhl/CloudflareIP)
[2026-07-27 00:29:16]   👤 用户仓库: 4 个 → 发现队列 (队列: 0/600)
[2026-07-27 00:29:16]   用户 1211a 共查 4 个仓库
[2026-07-27 00:29:16] 仓库 https://github.com/gslege/CloudflareIP (分支: main, size: 14003KB, pushed: 2026-07-26T16:06:11Z)
[2026-07-27 00:29:16]   父仓库: gslege/CloudflareIP
[2026-07-27 00:29:17] 🔗 查子仓库: hnztlyh/CloudflareIP
[2026-07-27 00:29:17] 仓库 https://github.com/gslege/CloudflareIP 候选文件 7 个
[2026-07-27 00:29:17] 🔗 开始 Fork 链追踪 (hnztlyh/CloudflareIP)
[2026-07-27 00:29:17]   父仓库: gslege/CloudflareIP
[2026-07-27 00:29:17] 👤 遍历用户仓库: guangshanhl
[2026-07-27 00:29:18] 👤 遍历用户仓库: hnztlyh
[2026-07-27 00:29:18]   👤 用户仓库: 28 个 → 发现队列 (队列: 0/600)
[2026-07-27 00:29:18]   用户 guangshanhl 共查 28 个仓库
[2026-07-27 00:29:18] 仓库 https://github.com/g-star1024/free (分支: main, size: 18114KB, pushed: 2026-07-26T16:05:34Z)
[2026-07-27 00:29:18] 仓库 https://github.com/g-star1024/free 候选文件 3 个
[2026-07-27 00:29:19] 🔗 查子仓库: g-star1024/free
[2026-07-27 00:29:19] 🔗 查子仓库: gslege/CloudflareIP
[2026-07-27 00:29:19] 🔗 开始 Fork 链追踪 (g-star1024/free)
[2026-07-27 00:29:19]   父仓库: shaoyouvip/free
[2026-07-27 00:29:19] 🔗 开始 Fork 链追踪 (gslege/CloudflareIP)
[2026-07-27 00:29:20] 👤 遍历用户仓库: gslege
[2026-07-27 00:29:20]   👤 用户仓库: 25 个 → 发现队列 (队列: 0/600)
[2026-07-27 00:29:20]   用户 gslege 共查 25 个仓库
[2026-07-27 00:29:20] 仓库 https://github.com/anice00/SubCrawler (分支: main, size: 2257495KB, pushed: 2026-07-26T15:58:22Z)
[2026-07-27 00:29:20]   🍴 兄弟仓库: 30 个 → 发现队列 (队列: 0/600)
[2026-07-27 00:29:20] 👤 遍历用户仓库: g-star1024
[2026-07-27 00:29:21] 仓库 https://github.com/anice00/SubCrawler 候选文件 5 个
[2026-07-27 00:29:21]   👤 用户仓库: 30 个 → 发现队列 (队列: 0/600)
[2026-07-27 00:29:21]   用户 hnztlyh 共查 30 个仓库
[2026-07-27 00:29:21] 仓库 https://github.com/v2raynnodes/v2rayfree (分支: main, size: 4492KB, pushed: 2026-07-26T15:57:32Z)
[2026-07-27 00:29:21] 仓库 https://github.com/v2raynnodes/v2rayfree 候选文件 1 个
[2026-07-27 00:29:21]   👤 用户仓库: 30 个 → 发现队列 (队列: 0/600)
[2026-07-27 00:29:21]   用户 Leiqtcv 共查 30 个仓库
[2026-07-27 00:29:21] 仓库 https://github.com/justin1hugo/SubCrawler (分支: main, size: 2314890KB, pushed: 2026-07-26T15:57:04Z)
[2026-07-27 00:29:22]   👤 用户仓库: 30 个 → 发现队列 (队列: 0/600)
[2026-07-27 00:29:22]   用户 g-star1024 共查 30 个仓库
[2026-07-27 00:29:22] 仓库 https://github.com/dongchengjie/airport (分支: main, size: 26130KB, pushed: 2026-07-26T15:56:39Z)
[2026-07-27 00:29:22] 🔗 查子仓库: v2raynnodes/v2rayfree
[2026-07-27 00:29:22] 仓库 https://github.com/justin1hugo/SubCrawler 候选文件 5 个
[2026-07-27 00:29:22] 仓库 https://github.com/dongchengjie/airport 候选文件 40 个
[2026-07-27 00:29:22]   🍴 子仓库: 7 个 → 发现队列 (队列: 0/600)
[2026-07-27 00:29:22] 🔗 开始 Fork 链追踪 (v2raynnodes/v2rayfree)
[2026-07-27 00:29:23] 👤 遍历用户仓库: v2raynnodes
[2026-07-27 00:29:24]   👤 用户仓库: 4 个 → 发现队列 (队列: 0/600)
[2026-07-27 00:29:24]   用户 v2raynnodes 共查 4 个仓库
[2026-07-27 00:29:24] 仓库 https://github.com/licheng527/Free-servers (分支: main, size: 1031KB, pushed: 2026-07-26T15:53:42Z)
[2026-07-27 00:29:26] 仓库 https://github.com/licheng527/Free-servers 候选文件 1 个
[2026-07-27 00:29:28] 🔗 查子仓库: licheng527/Free-servers
[2026-07-27 00:29:29]   🍴 子仓库: 4 个 → 发现队列 (队列: 0/600)
[2026-07-27 00:29:29] 🔗 开始 Fork 链追踪 (licheng527/Free-servers)
[2026-07-27 00:29:29] 👤 遍历用户仓库: licheng527
[2026-07-27 00:29:30]   用户 licheng527 共查 0 个仓库
[2026-07-27 00:29:30] 仓库 https://github.com/iswhat/AutoMergePublicNodes (分支: master, size: 8103660KB, pushed: 2026-07-26T15:46:07Z)
[2026-07-27 00:29:31] 仓库 https://github.com/iswhat/AutoMergePublicNodes 候选文件 3 个
[2026-07-27 00:29:37] 🔗 查子仓库: iswhat/AutoMergePublicNodes
[2026-07-27 00:29:38] 🔗 开始 Fork 链追踪 (iswhat/AutoMergePublicNodes)
[2026-07-27 00:29:38]   父仓库: chengaopan/AutoMergePublicNodes
[2026-07-27 00:29:41]   🍴 兄弟仓库: 7 个 → 发现队列 (队列: 0/600)
[2026-07-27 00:29:41] 👤 遍历用户仓库: iswhat
[2026-07-27 00:29:44]   👤 用户仓库: 30 个 → 发现队列 (队列: 0/600)
[2026-07-27 00:29:44]   用户 iswhat 共查 30 个仓库
[2026-07-27 00:29:44] 仓库 https://github.com/shtrend/AutoMergePublicNodes (分支: master, size: 8096117KB, pushed: 2026-07-26T15:41:54Z)
[2026-07-27 00:29:45] 仓库 https://github.com/shtrend/AutoMergePublicNodes 候选文件 3 个
[2026-07-27 00:29:49] 🔗 查子仓库: shtrend/AutoMergePublicNodes
[2026-07-27 00:29:50] 🔗 开始 Fork 链追踪 (shtrend/AutoMergePublicNodes)
[2026-07-27 00:29:50]   父仓库: chengaopan/AutoMergePublicNodes
[2026-07-27 00:29:55] 👤 遍历用户仓库: shtrend
[2026-07-27 00:29:58]   👤 用户仓库: 30 个 → 发现队列 (队列: 0/600)
[2026-07-27 00:29:58]   用户 shtrend 共查 30 个仓库
[2026-07-27 00:29:58] 仓库 https://github.com/zhanghoa/AutoMergePublicNodes (分支: master, size: 8101721KB, pushed: 2026-07-26T15:41:18Z)
[2026-07-27 00:30:03]   ... 主队列 200, 发现队列 0
[2026-07-27 00:30:04] 仓库 https://github.com/zhanghoa/AutoMergePublicNodes 候选文件 3 个
[2026-07-27 00:30:15] 🔗 查子仓库: zhanghoa/AutoMergePublicNodes
[2026-07-27 00:30:16] 🔗 开始 Fork 链追踪 (zhanghoa/AutoMergePublicNodes)
[2026-07-27 00:30:17]   父仓库: chengaopan/AutoMergePublicNodes
[2026-07-27 00:30:18] 🔗 查子仓库: dongchengjie/airport
[2026-07-27 00:30:20] 👤 遍历用户仓库: zhanghoa
[2026-07-27 00:30:24]   🍴 子仓库: 30 个 → 发现队列 (队列: 0/600)
[2026-07-27 00:30:24] 🔗 开始 Fork 链追踪 (dongchengjie/airport)
[2026-07-27 00:30:25] 👤 遍历用户仓库: dongchengjie
[2026-07-27 00:30:26]   👤 用户仓库: 12 个 → 发现队列 (队列: 0/600)
[2026-07-27 00:30:26]   用户 dongchengjie 共查 12 个仓库
[2026-07-27 00:30:26] 仓库 https://github.com/link8077/AutoMergePublicNodes (分支: master, size: 8094648KB, pushed: 2026-07-26T15:41:14Z)
[2026-07-27 00:30:26]   👤 用户仓库: 30 个 → 发现队列 (队列: 0/600)
[2026-07-27 00:30:26]   用户 zhanghoa 共查 30 个仓库
[2026-07-27 00:30:26] 仓库 https://github.com/x-isd/AutoMergePublicNodes (分支: master, size: 8094579KB, pushed: 2026-07-26T15:41:14Z)
[2026-07-27 00:30:27] 仓库 https://github.com/link8077/AutoMergePublicNodes 候选文件 3 个
[2026-07-27 00:30:27] 仓库 https://github.com/x-isd/AutoMergePublicNodes 候选文件 3 个
[2026-07-27 00:30:34] 🔗 查子仓库: link8077/AutoMergePublicNodes
[2026-07-27 00:30:35] 🔗 开始 Fork 链追踪 (link8077/AutoMergePublicNodes)
[2026-07-27 00:30:35] 🔗 查子仓库: x-isd/AutoMergePublicNodes
[2026-07-27 00:30:35]   父仓库: chengaopan/AutoMergePublicNodes
[2026-07-27 00:30:35] 🔗 开始 Fork 链追踪 (x-isd/AutoMergePublicNodes)
[2026-07-27 00:30:36]   父仓库: chengaopan/AutoMergePublicNodes
[2026-07-27 00:30:37] 👤 遍历用户仓库: x-isd
[2026-07-27 00:30:37] 👤 遍历用户仓库: link8077
[2026-07-27 00:30:38]   👤 用户仓库: 3 个 → 发现队列 (队列: 0/600)
[2026-07-27 00:30:38]   用户 link8077 共查 3 个仓库
[2026-07-27 00:30:38] 仓库 https://github.com/prhom-jpg/AutoMergePublicNodes (分支: master, size: 20495982KB, pushed: 2026-07-26T15:40:46Z)
[2026-07-27 00:30:39] 仓库 https://github.com/prhom-jpg/AutoMergePublicNodes 候选文件 6 个
[2026-07-27 00:30:43]   👤 用户仓库: 30 个 → 发现队列 (队列: 0/600)
[2026-07-27 00:30:43]   用户 x-isd 共查 30 个仓库
[2026-07-27 00:30:43] 仓库 https://github.com/lonng2024/AutoMergePublicNodes (分支: master, size: 8100121KB, pushed: 2026-07-26T15:40:28Z)
[2026-07-27 00:30:43] 仓库 https://github.com/lonng2024/AutoMergePublicNodes 候选文件 3 个
[2026-07-27 00:30:51] 🔗 查子仓库: lonng2024/AutoMergePublicNodes
[2026-07-27 00:30:51] 🔗 开始 Fork 链追踪 (lonng2024/AutoMergePublicNodes)
[2026-07-27 00:30:51]   父仓库: chengaopan/AutoMergePublicNodes
[2026-07-27 00:30:53] 👤 遍历用户仓库: lonng2024
[2026-07-27 00:30:54]   👤 用户仓库: 20 个 → 发现队列 (队列: 0/600)
[2026-07-27 00:30:54]   用户 lonng2024 共查 20 个仓库
[2026-07-27 00:30:54] 仓库 https://github.com/wnsnnnmwlls/AutoMergePublicNodes (分支: master, size: 8088033KB, pushed: 2026-07-26T15:40:24Z)
[2026-07-27 00:30:55] 仓库 https://github.com/wnsnnnmwlls/AutoMergePublicNodes 候选文件 3 个
[2026-07-27 00:31:04] 🔗 查子仓库: wnsnnnmwlls/AutoMergePublicNodes
[2026-07-27 00:31:04] 🔗 开始 Fork 链追踪 (wnsnnnmwlls/AutoMergePublicNodes)
[2026-07-27 00:31:04]   父仓库: chengaopan/AutoMergePublicNodes
[2026-07-27 00:31:06] 👤 遍历用户仓库: wnsnnnmwlls
[2026-07-27 00:31:07]   👤 用户仓库: 16 个 → 发现队列 (队列: 0/600)
[2026-07-27 00:31:07]   用户 wnsnnnmwlls 共查 16 个仓库
[2026-07-27 00:31:07] 仓库 https://github.com/hahahahalipoterr/AutoMergePublicNodes (分支: master, size: 8097777KB, pushed: 2026-07-26T15:40:19Z)
[2026-07-27 00:31:08] 仓库 https://github.com/hahahahalipoterr/AutoMergePublicNodes 候选文件 3 个
[2026-07-27 00:31:18] 🔗 查子仓库: hahahahalipoterr/AutoMergePublicNodes
[2026-07-27 00:31:20] 🔗 开始 Fork 链追踪 (hahahahalipoterr/AutoMergePublicNodes)
[2026-07-27 00:31:21]   父仓库: chengaopan/AutoMergePublicNodes
[2026-07-27 00:31:23] 🔗 查子仓库: anice00/SubCrawler
[2026-07-27 00:31:23] 🔗 开始 Fork 链追踪 (anice00/SubCrawler)
[2026-07-27 00:31:23] 👤 遍历用户仓库: hahahahalipoterr
[2026-07-27 00:31:24]   父仓库: Leon406/SubCrawler
[2026-07-27 00:31:26] 👤 遍历用户仓库: anice00
[2026-07-27 00:31:26]   👤 用户仓库: 3 个 → 发现队列 (队列: 0/600)
[2026-07-27 00:31:26]   用户 anice00 共查 3 个仓库
[2026-07-27 00:31:26] 仓库 https://github.com/zhongrunqiu/AutoMergePublicNodes (分支: master, size: 8102301KB, pushed: 2026-07-26T15:39:48Z)
[2026-07-27 00:31:27] 仓库 https://github.com/zhongrunqiu/AutoMergePublicNodes 候选文件 4 个
[2026-07-27 00:31:29]   👤 用户仓库: 30 个 → 发现队列 (队列: 0/600)
[2026-07-27 00:31:29]   用户 hahahahalipoterr 共查 30 个仓库
[2026-07-27 00:31:29] 仓库 https://github.com/pyfpyfpyf/AutoMergePublicNodes (分支: master, size: 8099690KB, pushed: 2026-07-26T15:39:47Z)
[2026-07-27 00:31:30] 仓库 https://github.com/pyfpyfpyf/AutoMergePublicNodes 候选文件 22 个
[2026-07-27 00:31:35] 🔗 查子仓库: zhongrunqiu/AutoMergePublicNodes
[2026-07-27 00:31:35] 🔗 开始 Fork 链追踪 (zhongrunqiu/AutoMergePublicNodes)
[2026-07-27 00:31:37]   父仓库: chengaopan/AutoMergePublicNodes
[2026-07-27 00:31:40] 🔗 查子仓库: pyfpyfpyf/AutoMergePublicNodes
[2026-07-27 00:31:40] 👤 遍历用户仓库: zhongrunqiu
[2026-07-27 00:31:40] 🔗 开始 Fork 链追踪 (pyfpyfpyf/AutoMergePublicNodes)
[2026-07-27 00:31:42]   父仓库: chengaopan/AutoMergePublicNodes
[2026-07-27 00:31:42]   👤 用户仓库: 9 个 → 发现队列 (队列: 0/600)
[2026-07-27 00:31:42]   用户 zhongrunqiu 共查 9 个仓库
[2026-07-27 00:31:42] 仓库 https://github.com/A2722629488/zidongpachong (分支: master, size: 8098921KB, pushed: 2026-07-26T15:39:25Z)
[2026-07-27 00:31:43] 仓库 https://github.com/A2722629488/zidongpachong 候选文件 3 个
[2026-07-27 00:31:43] 🔗 查子仓库: justin1hugo/SubCrawler
[2026-07-27 00:31:43] 👤 遍历用户仓库: pyfpyfpyf
[2026-07-27 00:31:43] 🔗 查子仓库: prhom-jpg/AutoMergePublicNodes
[2026-07-27 00:31:43] 🔗 开始 Fork 链追踪 (prhom-jpg/AutoMergePublicNodes)
[2026-07-27 00:31:44] 🔗 开始 Fork 链追踪 (justin1hugo/SubCrawler)
[2026-07-27 00:31:44]   父仓库: chengaopan/AutoMergePublicNodes[2026-07-27 00:31:44]   👤 用户仓库: 11 个 → 发现队列 (队列: 0/600)

[2026-07-27 00:31:44]   用户 pyfpyfpyf 共查 11 个仓库
[2026-07-27 00:31:44] 仓库 https://github.com/gbhga/AutoMergePublicNodes (分支: master, size: 21060370KB, pushed: 2026-07-26T15:39:19Z)
[2026-07-27 00:31:44]   父仓库: Leon406/SubCrawler
[2026-07-27 00:31:44] 仓库 https://github.com/gbhga/AutoMergePublicNodes 候选文件 2 个
[2026-07-27 00:31:45] 👤 遍历用户仓库: prhom-jpg
[2026-07-27 00:31:45] 👤 遍历用户仓库: justin1hugo
[2026-07-27 00:31:45]   用户 prhom-jpg 共查 0 个仓库
[2026-07-27 00:31:45] 仓库 https://github.com/yg8080/AutoMergePublicNodes (分支: master, size: 8081452KB, pushed: 2026-07-26T15:38:44Z)
[2026-07-27 00:31:45]   👤 用户仓库: 2 个 → 发现队列 (队列: 0/600)
[2026-07-27 00:31:45]   用户 justin1hugo 共查 2 个仓库
[2026-07-27 00:31:45] 仓库 https://github.com/CrowleyLian/AutoMergePublicNodes (分支: master, size: 8102677KB, pushed: 2026-07-26T15:38:23Z)
[2026-07-27 00:31:45] 🔗 查子仓库: A2722629488/zidongpachong
[2026-07-27 00:31:45] 仓库 https://github.com/yg8080/AutoMergePublicNodes 候选文件 3 个
[2026-07-27 00:31:47] 🔗 开始 Fork 链追踪 (A2722629488/zidongpachong)
[2026-07-27 00:31:47] 仓库 https://github.com/CrowleyLian/AutoMergePublicNodes 候选文件 3 个
[2026-07-27 00:31:47]   父仓库: chengaopan/AutoMergePublicNodes
[2026-07-27 00:31:50] 👤 遍历用户仓库: A2722629488
[2026-07-27 00:31:51]   👤 用户仓库: 5 个 → 发现队列 (队列: 0/600)
[2026-07-27 00:31:51]   用户 A2722629488 共查 5 个仓库
[2026-07-27 00:31:51] 仓库 https://github.com/lejia1314520/AutoMergePublicNodes (分支: master, size: 8090784KB, pushed: 2026-07-26T15:38:18Z)
[2026-07-27 00:31:52] 仓库 https://github.com/lejia1314520/AutoMergePublicNodes 候选文件 3 个
[2026-07-27 00:31:52] 🔗 查子仓库: yg8080/AutoMergePublicNodes
[2026-07-27 00:31:53] 🔗 开始 Fork 链追踪 (yg8080/AutoMergePublicNodes)
[2026-07-27 00:31:53]   父仓库: chengaopan/AutoMergePublicNodes
[2026-07-27 00:31:53] 🔗 查子仓库: CrowleyLian/AutoMergePublicNodes
[2026-07-27 00:31:53] 🔗 开始 Fork 链追踪 (CrowleyLian/AutoMergePublicNodes)
[2026-07-27 00:31:54]   父仓库: chengaopan/AutoMergePublicNodes
[2026-07-27 00:31:55] 👤 遍历用户仓库: yg8080
[2026-07-27 00:31:56] 👤 遍历用户仓库: CrowleyLian
[2026-07-27 00:31:56]   👤 用户仓库: 22 个 → 发现队列 (队列: 0/600)
[2026-07-27 00:31:56]   用户 yg8080 共查 22 个仓库
[2026-07-27 00:31:56] 仓库 https://github.com/liujiangbaba/AutoMergePublicNodes (分支: master, size: 21573138KB, pushed: 2026-07-26T15:38:08Z)
[2026-07-27 00:31:57] 仓库 https://github.com/liujiangbaba/AutoMergePublicNodes 候选文件 2 个[2026-07-27 00:31:57]   用户 CrowleyLian 共查 0 个仓库

[2026-07-27 00:31:57] 🔗 查子仓库: lejia1314520/AutoMergePublicNodes[2026-07-27 00:31:57] 仓库 https://github.com/xiao33521/AutoMergePublicNodes33521 (分支: master, size: 8098619KB, pushed: 2026-07-26T15:37:52Z)

[2026-07-27 00:31:57] 🔗 开始 Fork 链追踪 (lejia1314520/AutoMergePublicNodes)
[2026-07-27 00:31:58] 仓库 https://github.com/xiao33521/AutoMergePublicNodes33521 候选文件 3 个
[2026-07-27 00:31:58]   父仓库: chengaopan/AutoMergePublicNodes
[2026-07-27 00:32:00] 👤 遍历用户仓库: lejia1314520
[2026-07-27 00:32:00]   👤 用户仓库: 6 个 → 发现队列 (队列: 0/600)
[2026-07-27 00:32:00]   用户 lejia1314520 共查 6 个仓库
[2026-07-27 00:32:00] 仓库 https://github.com/suanxidanian/AutoMergePublicNodes (分支: master, size: 8097091KB, pushed: 2026-07-26T15:37:45Z)
[2026-07-27 00:32:01] 仓库 https://github.com/suanxidanian/AutoMergePublicNodes 候选文件 3 个
[2026-07-27 00:32:04] 🔗 查子仓库: xiao33521/AutoMergePublicNodes33521
[2026-07-27 00:32:04] 🔗 开始 Fork 链追踪 (xiao33521/AutoMergePublicNodes33521)
[2026-07-27 00:32:05]   父仓库: chengaopan/AutoMergePublicNodes
[2026-07-27 00:32:06] 👤 遍历用户仓库: xiao33521
[2026-07-27 00:32:07]   ... 主队列 200, 发现队列 0
[2026-07-27 00:32:07]   👤 用户仓库: 19 个 → 发现队列 (队列: 0/600)
[2026-07-27 00:32:07]   用户 xiao33521 共查 19 个仓库
[2026-07-27 00:32:07] 仓库 https://github.com/sileopro/AutoMergePublicNodes (分支: master, size: 8096798KB, pushed: 2026-07-26T15:37:41Z)
[2026-07-27 00:32:08] 仓库 https://github.com/sileopro/AutoMergePublicNodes 候选文件 3 个
[2026-07-27 00:32:09] 🔗 查子仓库: suanxidanian/AutoMergePublicNodes
[2026-07-27 00:32:09] 🔗 开始 Fork 链追踪 (suanxidanian/AutoMergePublicNodes)
[2026-07-27 00:32:09]   父仓库: chengaopan/AutoMergePublicNodes
[2026-07-27 00:32:14] 👤 遍历用户仓库: suanxidanian
[2026-07-27 00:32:17]   👤 用户仓库: 30 个 → 发现队列 (队列: 0/600)
[2026-07-27 00:32:17]   用户 suanxidanian 共查 30 个仓库
[2026-07-27 00:32:18] 仓库 https://github.com/ww940/AutoMergePublicNodes (分支: master, size: 8102757KB, pushed: 2026-07-26T15:37:27Z)
[2026-07-27 00:32:19] 🔗 查子仓库: sileopro/AutoMergePublicNodes
[2026-07-27 00:32:19] 🔗 开始 Fork 链追踪 (sileopro/AutoMergePublicNodes)
[2026-07-27 00:32:20]   父仓库: chengaopan/AutoMergePublicNodes
[2026-07-27 00:32:20] 仓库 https://github.com/ww940/AutoMergePublicNodes 候选文件 3 个
[2026-07-27 00:32:21] 👤 遍历用户仓库: sileopro
[2026-07-27 00:32:23]   👤 用户仓库: 16 个 → 发现队列 (队列: 0/600)
[2026-07-27 00:32:23]   用户 sileopro 共查 16 个仓库
[2026-07-27 00:32:23] 仓库 https://github.com/shibaobei1/AutoMergePublicNodes--mfjd (分支: master, size: 8097698KB, pushed: 2026-07-26T15:37:25Z)
[2026-07-27 00:32:23] 仓库 https://github.com/shibaobei1/AutoMergePublicNodes--mfjd 候选文件 3 个
[2026-07-27 00:32:26] 🔗 查子仓库: ww940/AutoMergePublicNodes
[2026-07-27 00:32:26] 🔗 开始 Fork 链追踪 (ww940/AutoMergePublicNodes)
[2026-07-27 00:32:26] 🔗 查子仓库: gbhga/AutoMergePublicNodes
[2026-07-27 00:32:26]   父仓库: chengaopan/AutoMergePublicNodes
[2026-07-27 00:32:26] 🔗 开始 Fork 链追踪 (gbhga/AutoMergePublicNodes)
[2026-07-27 00:32:28]   父仓库: chengaopan/AutoMergePublicNodes
[2026-07-27 00:32:29] 👤 遍历用户仓库: ww940
[2026-07-27 00:32:30] 👤 遍历用户仓库: gbhga
[2026-07-27 00:32:30] 🔗 查子仓库: shibaobei1/AutoMergePublicNodes--mfjd
[2026-07-27 00:32:30]   👤 用户仓库: 30 个 → 发现队列 (队列: 0/600)
[2026-07-27 00:32:30] 🔗 开始 Fork 链追踪 (shibaobei1/AutoMergePublicNodes--mfjd)[2026-07-27 00:32:30]   用户 ww940 共查 30 个仓库

[2026-07-27 00:32:30] 仓库 https://github.com/jianwu-zhao/AutoMergePublicNodes (分支: master, size: 21414813KB, pushed: 2026-07-26T15:37:05Z)
[2026-07-27 00:32:31]   父仓库: chengaopan/AutoMergePublicNodes
[2026-07-27 00:32:31]   👤 用户仓库: 13 个 → 发现队列 (队列: 0/600)
[2026-07-27 00:32:31]   用户 gbhga 共查 13 个仓库
[2026-07-27 00:32:31] 仓库 https://github.com/mkmkgo/AutoMergePublicNodes (分支: master, size: 8102328KB, pushed: 2026-07-26T15:37:03Z)
[2026-07-27 00:32:31] 仓库 https://github.com/jianwu-zhao/AutoMergePublicNodes 候选文件 2 个
[2026-07-27 00:32:31] 仓库 https://github.com/mkmkgo/AutoMergePublicNodes 候选文件 3 个
[2026-07-27 00:32:31] 👤 遍历用户仓库: shibaobei1
[2026-07-27 00:32:34]   👤 用户仓库: 30 个 → 发现队列 (队列: 0/600)
[2026-07-27 00:32:34]   用户 shibaobei1 共查 30 个仓库
[2026-07-27 00:32:34] 仓库 https://github.com/fgkhi/AutoMergePublicNodes (分支: master, size: 8095560KB, pushed: 2026-07-26T15:36:56Z)
[2026-07-27 00:32:35] 仓库 https://github.com/fgkhi/AutoMergePublicNodes 候选文件 3 个
[2026-07-27 00:32:35] 🔗 查子仓库: mkmkgo/AutoMergePublicNodes
[2026-07-27 00:32:36] 🔗 开始 Fork 链追踪 (mkmkgo/AutoMergePublicNodes)
[2026-07-27 00:32:36]   父仓库: chengaopan/AutoMergePublicNodes
[2026-07-27 00:32:37] 👤 遍历用户仓库: mkmkgo
[2026-07-27 00:32:38] 🔗 查子仓库: liujiangbaba/AutoMergePublicNodes
[2026-07-27 00:32:38] 🔗 开始 Fork 链追踪 (liujiangbaba/AutoMergePublicNodes)
[2026-07-27 00:32:39]   👤 用户仓库: 30 个 → 发现队列 (队列: 0/600)
[2026-07-27 00:32:39]   用户 mkmkgo 共查 30 个仓库
[2026-07-27 00:32:39] 仓库 https://github.com/liuhtt/AutoMergePublicNodes (分支: master, size: 21512642KB, pushed: 2026-07-26T15:36:41Z)
[2026-07-27 00:32:40]   父仓库: chengaopan/AutoMergePublicNodes
[2026-07-27 00:32:41] 仓库 https://github.com/liuhtt/AutoMergePublicNodes 候选文件 2 个
[2026-07-27 00:32:41] 🔗 查子仓库: fgkhi/AutoMergePublicNodes
[2026-07-27 00:32:41] 🔗 开始 Fork 链追踪 (fgkhi/AutoMergePublicNodes)
[2026-07-27 00:32:42]   父仓库: chengaopan/AutoMergePublicNodes
[2026-07-27 00:32:42] 👤 遍历用户仓库: liujiangbaba
[2026-07-27 00:32:42]   👤 用户仓库: 1 个 → 发现队列 (队列: 0/600)
[2026-07-27 00:32:42]   用户 liujiangbaba 共查 1 个仓库
[2026-07-27 00:32:42] 仓库 https://github.com/zz379688/AutoMergePublicNodes (分支: master, size: 8101555KB, pushed: 2026-07-26T15:36:38Z)
[2026-07-27 00:32:43] 👤 遍历用户仓库: fgkhi
[2026-07-27 00:32:43] 仓库 https://github.com/zz379688/AutoMergePublicNodes 候选文件 3 个
[2026-07-27 00:32:43]   👤 用户仓库: 8 个 → 发现队列 (队列: 0/600)
[2026-07-27 00:32:43]   用户 fgkhi 共查 8 个仓库
[2026-07-27 00:32:43] 仓库 https://github.com/leo-qin815/AutoMergePublicNodes (分支: master, size: 8098797KB, pushed: 2026-07-26T15:36:36Z)
[2026-07-27 00:32:44] 仓库 https://github.com/leo-qin815/AutoMergePublicNodes 候选文件 3 个
[2026-07-27 00:32:48] 🔗 查子仓库: zz379688/AutoMergePublicNodes
[2026-07-27 00:32:49] 🔗 开始 Fork 链追踪 (zz379688/AutoMergePublicNodes)
[2026-07-27 00:32:51]   父仓库: chengaopan/AutoMergePublicNodes
[2026-07-27 00:32:54] 🔗 查子仓库: leo-qin815/AutoMergePublicNodes
[2026-07-27 00:32:56] 🔗 开始 Fork 链追踪 (leo-qin815/AutoMergePublicNodes)
[2026-07-27 00:32:56] 👤 遍历用户仓库: zz379688
[2026-07-27 00:32:57]   父仓库: chengaopan/AutoMergePublicNodes
[2026-07-27 00:32:57]   👤 用户仓库: 13 个 → 发现队列 (队列: 0/600)
[2026-07-27 00:32:57]   用户 zz379688 共查 13 个仓库
[2026-07-27 00:32:57] 仓库 https://github.com/lihong19801/zidongzhuaqu4 (分支: master, size: 7768803KB, pushed: 2026-07-26T15:36:33Z)
[2026-07-27 00:32:57] 仓库 https://github.com/lihong19801/zidongzhuaqu4 候选文件 3 个
[2026-07-27 00:32:58] 👤 遍历用户仓库: leo-qin815
[2026-07-27 00:32:59]   👤 用户仓库: 9 个 → 发现队列 (队列: 0/600)
[2026-07-27 00:32:59]   用户 leo-qin815 共查 9 个仓库
[2026-07-27 00:32:59] 仓库 https://github.com/lyxgmxit/AutoMergePublicNodes (分支: master, size: 21400390KB, pushed: 2026-07-26T15:36:32Z)
[2026-07-27 00:33:00] 仓库 https://github.com/lyxgmxit/AutoMergePublicNodes 候选文件 2 个
[2026-07-27 00:33:02] 🔗 查子仓库: lihong19801/zidongzhuaqu4
[2026-07-27 00:33:02] 🔗 开始 Fork 链追踪 (lihong19801/zidongzhuaqu4)
[2026-07-27 00:33:03]   父仓库: chengaopan/AutoMergePublicNodes
[2026-07-27 00:33:06] 👤 遍历用户仓库: lihong19801
[2026-07-27 00:33:07]   👤 用户仓库: 15 个 → 发现队列 (队列: 0/600)
[2026-07-27 00:33:07]   用户 lihong19801 共查 15 个仓库
[2026-07-27 00:33:07] 仓库 https://github.com/dalazhi/AutoMergePublicNodes (分支: master, size: 8102400KB, pushed: 2026-07-26T15:36:26Z)
[2026-07-27 00:33:07] 仓库 https://github.com/dalazhi/AutoMergePublicNodes 候选文件 3 个
[2026-07-27 00:33:16] 🔗 查子仓库: dalazhi/AutoMergePublicNodes
[2026-07-27 00:33:17] 🔗 开始 Fork 链追踪 (dalazhi/AutoMergePublicNodes)
[2026-07-27 00:33:18]   父仓库: chengaopan/AutoMergePublicNodes
[2026-07-27 00:33:23] 🔗 查子仓库: jianwu-zhao/AutoMergePublicNodes
[2026-07-27 00:33:23] 👤 遍历用户仓库: dalazhi
[2026-07-27 00:33:25] 🔗 开始 Fork 链追踪 (jianwu-zhao/AutoMergePublicNodes)
[2026-07-27 00:33:26]   父仓库: chengaopan/AutoMergePublicNodes
[2026-07-27 00:33:27]   👤 用户仓库: 30 个 → 发现队列 (队列: 0/600)
[2026-07-27 00:33:27]   用户 dalazhi 共查 30 个仓库
[2026-07-27 00:33:28] 仓库 https://github.com/rf916711-del/AutoMergePublicNodes (分支: master, size: 8093925KB, pushed: 2026-07-26T15:36:25Z)
[2026-07-27 00:33:30] 仓库 https://github.com/rf916711-del/AutoMergePublicNodes 候选文件 3 个
[2026-07-27 00:33:30] 👤 遍历用户仓库: jianwu-zhao
[2026-07-27 00:33:32]   👤 用户仓库: 30 个 → 发现队列 (队列: 0/600)
[2026-07-27 00:33:32]   用户 jianwu-zhao 共查 30 个仓库
[2026-07-27 00:33:32] 仓库 https://github.com/hnonly/AutoMergePublicNodes (分支: master, size: 8095004KB, pushed: 2026-07-26T15:36:09Z)
[2026-07-27 00:33:33] 仓库 https://github.com/hnonly/AutoMergePublicNodes 候选文件 3 个
[2026-07-27 00:33:35] 🔗 查子仓库: liuhtt/AutoMergePublicNodes
[2026-07-27 00:33:35] 🔗 开始 Fork 链追踪 (liuhtt/AutoMergePublicNodes)
[2026-07-27 00:33:35]   父仓库: chengaopan/AutoMergePublicNodes
[2026-07-27 00:33:38] 🔗 查子仓库: rf916711-del/AutoMergePublicNodes
[2026-07-27 00:33:38] 👤 遍历用户仓库: liuhtt
[2026-07-27 00:33:39] 🔗 开始 Fork 链追踪 (rf916711-del/AutoMergePublicNodes)
[2026-07-27 00:33:39]   父仓库: chengaopan/AutoMergePublicNodes
[2026-07-27 00:33:40] 🔗 查子仓库: hnonly/AutoMergePublicNodes
[2026-07-27 00:33:40] 🔗 开始 Fork 链追踪 (hnonly/AutoMergePublicNodes)
[2026-07-27 00:33:40]   👤 用户仓库: 30 个 → 发现队列 (队列: 0/600)
[2026-07-27 00:33:40]   用户 liuhtt 共查 30 个仓库
[2026-07-27 00:33:40] 仓库 https://github.com/eshao731/AutoMergePublicNodes (分支: master, size: 21656KB, pushed: 2026-07-26T15:36:01Z)
[2026-07-27 00:33:40]   父仓库: chengaopan/AutoMergePublicNodes
[2026-07-27 00:33:40] 👤 遍历用户仓库: rf916711-del
[2026-07-27 00:33:40] 仓库 https://github.com/eshao731/AutoMergePublicNodes 候选文件 8 个
[2026-07-27 00:33:41]   👤 用户仓库: 1 个 → 发现队列 (队列: 0/600)
[2026-07-27 00:33:41]   用户 rf916711-del 共查 1 个仓库
[2026-07-27 00:33:41] 仓库 https://github.com/ggmsub/AutoMergePublicNodes (分支: master, size: 8098268KB, pushed: 2026-07-26T15:35:42Z)
[2026-07-27 00:33:41] 仓库 https://github.com/ggmsub/AutoMergePublicNodes 候选文件 3 个
[2026-07-27 00:33:41] 👤 遍历用户仓库: hnonly
[2026-07-27 00:33:43]   👤 用户仓库: 30 个 → 发现队列 (队列: 0/600)
[2026-07-27 00:33:43]   用户 hnonly 共查 30 个仓库
[2026-07-27 00:33:43] 仓库 https://github.com/ligusx/Auto (分支: master, size: 21636637KB, pushed: 2026-07-26T15:34:57Z)
[2026-07-27 00:33:44] 仓库 https://github.com/ligusx/Auto 候选文件 2 个
[2026-07-27 00:33:49] 🔗 查子仓库: ggmsub/AutoMergePublicNodes[2026-07-27 00:33:49] 🔗 查子仓库: lyxgmxit/AutoMergePublicNodes

[2026-07-27 00:33:49] 🔗 开始 Fork 链追踪 (ggmsub/AutoMergePublicNodes)
[2026-07-27 00:33:51] 🔗 开始 Fork 链追踪 (lyxgmxit/AutoMergePublicNodes)
[2026-07-27 00:33:51]   父仓库: chengaopan/AutoMergePublicNodes
[2026-07-27 00:33:51]   父仓库: chengaopan/AutoMergePublicNodes
[2026-07-27 00:33:52] 👤 遍历用户仓库: ggmsub
[2026-07-27 00:33:52] 👤 遍历用户仓库: lyxgmxit
[2026-07-27 00:33:53]   👤 用户仓库: 20 个 → 发现队列 (队列: 0/600)
[2026-07-27 00:33:53]   用户 ggmsub 共查 20 个仓库
[2026-07-27 00:33:53] 仓库 https://github.com/chengzhiming/AutoMergePublicNodes (分支: master, size: 21635795KB, pushed: 2026-07-26T15:34:51Z)
[2026-07-27 00:33:55] 仓库 https://github.com/chengzhiming/AutoMergePublicNodes 候选文件 2 个
[2026-07-27 00:33:55]   👤 用户仓库: 30 个 → 发现队列 (队列: 0/600)
[2026-07-27 00:33:55]   用户 lyxgmxit 共查 30 个仓库
[2026-07-27 00:33:55] 仓库 https://github.com/chengaopan/AutoMergePublicNodes (分支: master, size: 8103838KB, pushed: 2026-07-26T15:34:27Z)
[2026-07-27 00:33:58] 仓库 https://github.com/chengaopan/AutoMergePublicNodes 无候选文件 (总计 56 blob, 扩展名过滤 4, processed_shas 跳过 19, SHA 缓存跳过 33)
[2026-07-27 00:33:58] 🔗 查子仓库: chengaopan/AutoMergePublicNodes
[2026-07-27 00:33:59] 🔗 查子仓库: eshao731/AutoMergePublicNodes
[2026-07-27 00:33:59] 🔗 开始 Fork 链追踪 (eshao731/AutoMergePublicNodes)
[2026-07-27 00:34:00]   父仓库: chengaopan/AutoMergePublicNodes
[2026-07-27 00:34:00] 🔗 开始 Fork 链追踪 (chengaopan/AutoMergePublicNodes)
[2026-07-27 00:34:00] 👤 遍历用户仓库: chengaopan
[2026-07-27 00:34:01] 👤 遍历用户仓库: eshao731
[2026-07-27 00:34:01]   👤 用户仓库: 30 个 → 发现队列 (队列: 0/600)
[2026-07-27 00:34:01]   用户 chengaopan 共查 30 个仓库
[2026-07-27 00:34:01] 仓库 https://github.com/ming1386/AutoMergePublicNodes (分支: master, size: 21611201KB, pushed: 2026-07-26T15:34:25Z)
[2026-07-27 00:34:01]   👤 用户仓库: 14 个 → 发现队列 (队列: 0/600)
[2026-07-27 00:34:01]   用户 eshao731 共查 14 个仓库
[2026-07-27 00:34:01] 仓库 https://github.com/akflytiger/AutoMergePublicNodes (分支: master, size: 8103778KB, pushed: 2026-07-26T15:34:24Z)
[2026-07-27 00:34:01] 仓库 https://github.com/ming1386/AutoMergePublicNodes 候选文件 2 个
[2026-07-27 00:34:02] 仓库 https://github.com/akflytiger/AutoMergePublicNodes 候选文件 3 个
[2026-07-27 00:34:09]   ... 主队列 200, 发现队列 0
[2026-07-27 00:34:10] 🔗 查子仓库: akflytiger/AutoMergePublicNodes
[2026-07-27 00:34:10] 🔗 开始 Fork 链追踪 (akflytiger/AutoMergePublicNodes)
[2026-07-27 00:34:11]   父仓库: chengaopan/AutoMergePublicNodes
[2026-07-27 00:34:14] 👤 遍历用户仓库: akflytiger
[2026-07-27 00:34:15]   👤 用户仓库: 7 个 → 发现队列 (队列: 0/600)
[2026-07-27 00:34:15]   用户 akflytiger 共查 7 个仓库
[2026-07-27 00:34:15] 仓库 https://github.com/yuntin908/AutoMergePublicNodes (分支: master, size: 8088430KB, pushed: 2026-07-26T15:34:22Z)
[2026-07-27 00:34:17] 仓库 https://github.com/yuntin908/AutoMergePublicNodes 候选文件 3 个
[2026-07-27 00:34:29] 🔗 查子仓库: yuntin908/AutoMergePublicNodes
[2026-07-27 00:34:29] 🔗 开始 Fork 链追踪 (yuntin908/AutoMergePublicNodes)
[2026-07-27 00:34:30]   父仓库: chengaopan/AutoMergePublicNodes
[2026-07-27 00:34:31] 👤 遍历用户仓库: yuntin908
[2026-07-27 00:34:33]   👤 用户仓库: 30 个 → 发现队列 (队列: 0/600)
[2026-07-27 00:34:33]   用户 yuntin908 共查 30 个仓库
[2026-07-27 00:34:33] 仓库 https://github.com/ncn2023/AutoMergePublicNodes (分支: master, size: 21199775KB, pushed: 2026-07-26T15:34:18Z)
[2026-07-27 00:34:33] 仓库 https://github.com/ncn2023/AutoMergePublicNodes 候选文件 2 个
[2026-07-27 00:34:41] 🔗 查子仓库: ligusx/Auto
[2026-07-27 00:34:42] 🔗 开始 Fork 链追踪 (ligusx/Auto)
[2026-07-27 00:34:42]   父仓库: chengaopan/AutoMergePublicNodes
[2026-07-27 00:34:45] 👤 遍历用户仓库: ligusx
[2026-07-27 00:34:49]   👤 用户仓库: 30 个 → 发现队列 (队列: 0/600)
[2026-07-27 00:34:49]   用户 ligusx 共查 30 个仓库
[2026-07-27 00:34:49] 仓库 https://github.com/748171997rui-afk/airport (分支: main, size: 10379KB, pushed: 2026-07-26T15:19:00Z)
[2026-07-27 00:34:51] 仓库 https://github.com/748171997rui-afk/airport 候选文件 11 个
[2026-07-27 00:34:52] 🔗 查子仓库: ming1386/AutoMergePublicNodes
[2026-07-27 00:34:54] 🔗 开始 Fork 链追踪 (ming1386/AutoMergePublicNodes)
[2026-07-27 00:34:54]   父仓库: chengaopan/AutoMergePublicNodes
[2026-07-27 00:34:55] 🔗 查子仓库: 748171997rui-afk/airport
[2026-07-27 00:34:55] 🔗 开始 Fork 链追踪 (748171997rui-afk/airport)
[2026-07-27 00:34:55]   父仓库: dongchengjie/airport
[2026-07-27 00:34:55] 👤 遍历用户仓库: ming1386
[2026-07-27 00:34:56] 🔗 查子仓库: chengzhiming/AutoMergePublicNodes
[2026-07-27 00:34:58] 🔗 开始 Fork 链追踪 (chengzhiming/AutoMergePublicNodes)
[2026-07-27 00:34:58]   👤 用户仓库: 30 个 → 发现队列 (队列: 0/600)
[2026-07-27 00:34:58]   用户 ming1386 共查 30 个仓库
[2026-07-27 00:34:58] 仓库 https://github.com/diyeah-create/airport (分支: main, size: 11374KB, pushed: 2026-07-26T15:15:58Z)
[2026-07-27 00:34:58]   父仓库: chengaopan/AutoMergePublicNodes
[2026-07-27 00:34:58]   🍴 兄弟仓库: 19 个 → 发现队列 (队列: 0/600)
[2026-07-27 00:34:58] 👤 遍历用户仓库: 748171997rui-afk
[2026-07-27 00:34:58] 仓库 https://github.com/diyeah-create/airport 候选文件 3 个
[2026-07-27 00:34:59] 👤 遍历用户仓库: chengzhiming
[2026-07-27 00:35:00]   👤 用户仓库: 30 个 → 发现队列 (队列: 0/600)
[2026-07-27 00:35:00]   用户 748171997rui-afk 共查 30 个仓库
[2026-07-27 00:35:00] 仓库 https://github.com/zmei19881989/AutoMergePublicNodes (分支: master, size: 8090154KB, pushed: 2026-07-26T15:06:11Z)
[2026-07-27 00:35:00]   👤 用户仓库: 30 个 → 发现队列 (队列: 0/600)
[2026-07-27 00:35:00]   用户 chengzhiming 共查 30 个仓库
[2026-07-27 00:35:00] 仓库 https://github.com/JHC000abc/ProxyParseForSing-box (分支: master, size: 408257KB, pushed: 2026-07-26T15:06:06Z)
[2026-07-27 00:35:00] 仓库 https://github.com/zmei19881989/AutoMergePublicNodes 候选文件 3 个
[2026-07-27 00:35:03] 🔗 查子仓库: diyeah-create/airport
[2026-07-27 00:35:03] 🔗 开始 Fork 链追踪 (diyeah-create/airport)
[2026-07-27 00:35:04]   父仓库: dongchengjie/airport
[2026-07-27 00:35:05] 仓库 https://github.com/JHC000abc/ProxyParseForSing-box 候选文件较多 (3245 个)，先通过 commits API 过滤
[2026-07-27 00:35:06] 👤 遍历用户仓库: diyeah-create
[2026-07-27 00:35:06]   👤 用户仓库: 11 个 → 发现队列 (队列: 0/600)
[2026-07-27 00:35:06]   用户 diyeah-create 共查 11 个仓库
[2026-07-27 00:35:06] 仓库 https://github.com/chnbsdan/free (分支: main, size: 19101KB, pushed: 2026-07-26T14:52:11Z)
[2026-07-27 00:35:07]   Compare API 返回 26 个变更文件 (3 次 API 调用)
[2026-07-27 00:35:07]   commits 过滤: 3245 → 26 (变更文件 26 个)
[2026-07-27 00:35:07] 仓库 https://github.com/JHC000abc/ProxyParseForSing-box 候选文件 26 个
[2026-07-27 00:35:07] 仓库 https://github.com/chnbsdan/free 无候选文件 (总计 6 blob, 扩展名过滤 0, processed_shas 跳过 3, SHA 缓存跳过 3)
[2026-07-27 00:35:07] 🔗 查子仓库: chnbsdan/free
[2026-07-27 00:35:07] 🔗 查子仓库: zmei19881989/AutoMergePublicNodes
[2026-07-27 00:35:08] 🔗 开始 Fork 链追踪 (zmei19881989/AutoMergePublicNodes)
[2026-07-27 00:35:08] 🔗 开始 Fork 链追踪 (chnbsdan/free)
[2026-07-27 00:35:08]   父仓库: chengaopan/AutoMergePublicNodes
[2026-07-27 00:35:08]   父仓库: shaoyouvip/free
[2026-07-27 00:35:12]   🍴 兄弟仓库: 19 个 → 发现队列 (队列: 0/600)
[2026-07-27 00:35:12] 👤 遍历用户仓库: chnbsdan
[2026-07-27 00:35:12] 👤 遍历用户仓库: zmei19881989
[2026-07-27 00:35:12] 🔗 查子仓库: JHC000abc/ProxyParseForSing-box
[2026-07-27 00:35:12] 🔗 开始 Fork 链追踪 (JHC000abc/ProxyParseForSing-box)
[2026-07-27 00:35:12]   👤 用户仓库: 1 个 → 发现队列 (队列: 0/600)
[2026-07-27 00:35:12]   用户 zmei19881989 共查 1 个仓库
[2026-07-27 00:35:12] 仓库 https://github.com/liuhuo12358/vpn-cdn (分支: master, size: 8103838KB, pushed: 2026-07-26T14:20:32Z)
[2026-07-27 00:35:12] 👤 遍历用户仓库: JHC000abc
[2026-07-27 00:35:13] 仓库 https://github.com/liuhuo12358/vpn-cdn 候选文件 3 个
[2026-07-27 00:35:13]   👤 用户仓库: 30 个 → 发现队列 (队列: 0/600)
[2026-07-27 00:35:13]   用户 JHC000abc 共查 30 个仓库
[2026-07-27 00:35:13] 仓库 https://github.com/bzfq21/proxy-singbox (分支: main, size: 2179KB, pushed: 2026-07-26T14:20:03Z)
[2026-07-27 00:35:14] 仓库 https://github.com/bzfq21/proxy-singbox 候选文件 5 个
[2026-07-27 00:35:17]   👤 用户仓库: 30 个 → 发现队列 (队列: 0/600)
[2026-07-27 00:35:17]   用户 chnbsdan 共查 30 个仓库
[2026-07-27 00:35:17] 仓库 https://github.com/shaoyouvip/free (分支: main, size: 18122KB, pushed: 2026-07-26T14:12:28Z)
[2026-07-27 00:35:17] 仓库 https://github.com/shaoyouvip/free 无候选文件 (总计 5 blob, 扩展名过滤 0, processed_shas 跳过 3, SHA 缓存跳过 2)
[2026-07-27 00:35:17] 🔗 查子仓库: shaoyouvip/free
[2026-07-27 00:35:18] 🔗 查子仓库: liuhuo12358/vpn-cdn
[2026-07-27 00:35:19] 🔗 开始 Fork 链追踪 (liuhuo12358/vpn-cdn)[2026-07-27 00:35:19] 🔗 查子仓库: bzfq21/proxy-singbox

[2026-07-27 00:35:19] 🔗 开始 Fork 链追踪 (bzfq21/proxy-singbox)
[2026-07-27 00:35:19]   父仓库: chengaopan/AutoMergePublicNodes
[2026-07-27 00:35:19] 🔗 开始 Fork 链追踪 (shaoyouvip/free)
[2026-07-27 00:35:19] 👤 遍历用户仓库: bzfq21
[2026-07-27 00:35:19] 👤 遍历用户仓库: shaoyouvip
[2026-07-27 00:35:20]   👤 用户仓库: 7 个 → 发现队列 (队列: 0/600)
[2026-07-27 00:35:20]   用户 bzfq21 共查 7 个仓库
[2026-07-27 00:35:20] 仓库 https://github.com/xibanyahu/phppachong-freenode (分支: main, size: 33312KB, pushed: 2026-07-26T14:05:04Z)
[2026-07-27 00:35:20] 👤 遍历用户仓库: liuhuo12358
[2026-07-27 00:35:20] 仓库 https://github.com/xibanyahu/phppachong-freenode 候选文件较多 (337 个)，先通过 commits API 过滤
[2026-07-27 00:35:21]   👤 用户仓库: 30 个 → 发现队列 (队列: 0/600)
[2026-07-27 00:35:21]   用户 shaoyouvip 共查 30 个仓库
[2026-07-27 00:35:21] 仓库 https://github.com/yong739/AutoMergePublicNodes (分支: master, size: 6523757KB, pushed: 2026-07-26T14:05:00Z)
[2026-07-27 00:35:21] 仓库 https://github.com/yong739/AutoMergePublicNodes 候选文件 2 个
[2026-07-27 00:35:21]   Compare API 返回 4 个变更文件 (3 次 API 调用)
[2026-07-27 00:35:21]   commits 过滤: 337 → 3 (变更文件 4 个)
[2026-07-27 00:35:21] 仓库 https://github.com/xibanyahu/phppachong-freenode 候选文件 3 个
[2026-07-27 00:35:22]   👤 用户仓库: 30 个 → 发现队列 (队列: 0/600)
[2026-07-27 00:35:22]   用户 liuhuo12358 共查 30 个仓库
[2026-07-27 00:35:22] 仓库 https://github.com/Eleven1985/Scrape-By-Country (分支: main, size: 99459KB, pushed: 2026-07-26T13:45:50Z)
[2026-07-27 00:35:22] 仓库 https://github.com/Eleven1985/Scrape-By-Country 候选文件 49 个
[2026-07-27 00:35:30] 🔗 查子仓库: ncn2023/AutoMergePublicNodes
[2026-07-27 00:35:31] 🔗 开始 Fork 链追踪 (ncn2023/AutoMergePublicNodes)[2026-07-27 00:35:31] 🔗 查子仓库: xibanyahu/phppachong-freenode

[2026-07-27 00:35:31] 🔗 开始 Fork 链追踪 (xibanyahu/phppachong-freenode)
[2026-07-27 00:35:31]   父仓库: chengaopan/AutoMergePublicNodes
[2026-07-27 00:35:31] 👤 遍历用户仓库: xibanyahu
[2026-07-27 00:35:31]   用户 xibanyahu 共查 0 个仓库
[2026-07-27 00:35:31] 仓库 https://github.com/fznan/spider-clash (分支: main, size: 8588KB, pushed: 2026-07-26T13:44:43Z)
[2026-07-27 00:35:33] 👤 遍历用户仓库: ncn2023
[2026-07-27 00:35:34] 仓库 https://github.com/fznan/spider-clash 候选文件 4 个
[2026-07-27 00:35:35]   👤 用户仓库: 24 个 → 发现队列 (队列: 0/600)
[2026-07-27 00:35:35]   用户 ncn2023 共查 24 个仓库
[2026-07-27 00:35:35] 仓库 https://github.com/focse/spider-clash (分支: main, size: 7764KB, pushed: 2026-07-26T13:40:32Z)
[2026-07-27 00:35:36] 仓库 https://github.com/focse/spider-clash 候选文件 4 个
[2026-07-27 00:35:39] 🔗 查子仓库: fznan/spider-clash
[2026-07-27 00:35:39] 🔗 开始 Fork 链追踪 (fznan/spider-clash)
[2026-07-27 00:35:40]   父仓库: xituimao/spider-clash
[2026-07-27 00:35:41]   🍴 兄弟仓库: 3 个 → 发现队列 (队列: 0/600)
[2026-07-27 00:35:41] 👤 遍历用户仓库: fznan
[2026-07-27 00:35:41] 🔗 查子仓库: focse/spider-clash
[2026-07-27 00:35:41]   👤 用户仓库: 9 个 → 发现队列 (队列: 0/600)
[2026-07-27 00:35:42]   用户 fznan 共查 9 个仓库
[2026-07-27 00:35:42] 🔗 开始 Fork 链追踪 (focse/spider-clash)[2026-07-27 00:35:42] 仓库 https://github.com/yuzengbaocy/AutoMergePublicNodes (分支: master, size: 8103777KB, pushed: 2026-07-26T13:40:06Z)

[2026-07-27 00:35:42]   父仓库: xituimao/spider-clash
[2026-07-27 00:35:43] 仓库 https://github.com/yuzengbaocy/AutoMergePublicNodes 候选文件 9 个
[2026-07-27 00:35:43] 👤 遍历用户仓库: focse
[2026-07-27 00:35:45]   👤 用户仓库: 23 个 → 发现队列 (队列: 0/600)
[2026-07-27 00:35:45]   用户 focse 共查 23 个仓库
[2026-07-27 00:35:45] 仓库 https://github.com/comanche2008/AutoMergePublicNodes (分支: master, size: 8103777KB, pushed: 2026-07-26T13:38:33Z)
[2026-07-27 00:35:47] 仓库 https://github.com/comanche2008/AutoMergePublicNodes 候选文件 8 个
[2026-07-27 00:35:56] 🔗 查子仓库: yuzengbaocy/AutoMergePublicNodes
[2026-07-27 00:35:57] 🔗 开始 Fork 链追踪 (yuzengbaocy/AutoMergePublicNodes)
[2026-07-27 00:35:58]   父仓库: chengaopan/AutoMergePublicNodes
[2026-07-27 00:35:59] 🔗 查子仓库: comanche2008/AutoMergePublicNodes
[2026-07-27 00:35:59] 🔗 开始 Fork 链追踪 (comanche2008/AutoMergePublicNodes)
[2026-07-27 00:36:00] 👤 遍历用户仓库: yuzengbaocy
[2026-07-27 00:36:00]   父仓库: chengaopan/AutoMergePublicNodes
[2026-07-27 00:36:00] 🔗 查子仓库: Eleven1985/Scrape-By-Country
[2026-07-27 00:36:02] 👤 遍历用户仓库: comanche2008
[2026-07-27 00:36:02]   🍴 子仓库: 3 个 → 发现队列 (队列: 0/600)
[2026-07-27 00:36:02] 🔗 开始 Fork 链追踪 (Eleven1985/Scrape-By-Country)
[2026-07-27 00:36:02]   👤 用户仓库: 30 个 → 发现队列 (队列: 0/600)
[2026-07-27 00:36:02]   用户 yuzengbaocy 共查 30 个仓库
[2026-07-27 00:36:02] 仓库 https://github.com/diyeah-create/free (分支: main, size: 18120KB, pushed: 2026-07-26T13:38:32Z)
[2026-07-27 00:36:02] 👤 遍历用户仓库: Eleven1985
[2026-07-27 00:36:03] 仓库 https://github.com/diyeah-create/free 候选文件 3 个
[2026-07-27 00:36:03]   👤 用户仓库: 22 个 → 发现队列 (队列: 0/600)
[2026-07-27 00:36:03]   用户 Eleven1985 共查 22 个仓库
[2026-07-27 00:36:03] 仓库 https://github.com/WLget/V2ray_free (分支: master, size: 3532KB, pushed: 2026-07-26T13:34:46Z)
[2026-07-27 00:36:04] 仓库 https://github.com/WLget/V2ray_free 候选文件 1 个
[2026-07-27 00:36:04] 🔗 查子仓库: diyeah-create/free
[2026-07-27 00:36:04] 🔗 查子仓库: WLget/V2ray_free
[2026-07-27 00:36:04] 🔗 开始 Fork 链追踪 (diyeah-create/free)
[2026-07-26 16:36:04] ⏳ 配额耗尽 4800/4800，等待 459min 至 16:43 UTC
[2026-07-26 16:36:04] ⏳ 配额耗尽 4801/4800，等待 459min 至 16:43 UTC
[2026-07-26 16:36:04] ⏳ 配额耗尽 4802/4800，等待 459min 至 16:43 UTC
[2026-07-27 00:36:07] ⏳ 配额耗尽，等待重置（主队列 200, 发现队列 0）...
[2026-07-26 16:36:07] ⏳ 配额耗尽 4802/4800，等待 457min 至 16:43 UTC
[2026-07-27 00:36:09] 🔗 查子仓库: yong739/AutoMergePublicNodes
[2026-07-26 16:36:09] ⏳ 配额耗尽 4802/4800，等待 454min 至 16:43 UTC
[2026-07-27 00:37:03] ⚠️ 主队列超时 60s 无空间，搜索中断
[2026-07-27 00:37:03] ⏱️ [59/147] 代理 pushed:>2026-07-25T15:43:36Z fork:true -language:HTML | 507s | +3377 | 配额 0/4800
[2026-07-26 16:37:03] ⏳ 配额耗尽 4802/4800，等待 400min 至 16:43 UTC
[2026-07-27 00:43:37] 🔄 配额恢复，继续处理
[2026-07-27 00:43:37]   ... 主队列 200, 发现队列 0
[2026-07-26 16:43:46] 🔄 配额恢复，继续工作
[2026-07-27 00:43:46]   👤 用户仓库: 30 个 → 发现队列 (队列: 0/600)
[2026-07-27 00:43:46]   用户 comanche2008 共查 30 个仓库
[2026-07-27 00:43:46] 仓库 https://github.com/markeruser/new-pac (分支: master, size: 15892KB, pushed: 2026-07-26T13:34:27Z)
[2026-07-27 00:43:47] 仓库 https://github.com/markeruser/new-pac 候选文件 1 个
[2026-07-27 00:43:48] 仓库 https://github.com/markeruser/new-pac 未提取到节点，加入黑名单
[2026-07-27 00:43:48] 仓库 https://github.com/kmyinrui/Scrape-By-Country (分支: main, size: 100004KB, pushed: 2026-07-26T13:26:40Z)
[2026-07-27 00:43:48] 仓库 https://github.com/kmyinrui/Scrape-By-Country 候选文件 24 个
[2026-07-27 00:44:19] 🔗 查子仓库: kmyinrui/Scrape-By-Country
[2026-07-27 00:44:19] 🔗 开始 Fork 链追踪 (kmyinrui/Scrape-By-Country)
[2026-07-27 00:44:20]   父仓库: Eleven1985/Scrape-By-Country
[2026-07-27 00:44:20] 👤 遍历用户仓库: kmyinrui
[2026-07-27 00:44:20]   👤 用户仓库: 5 个 → 发现队列 (队列: 0/600)
[2026-07-27 00:44:20]   用户 kmyinrui 共查 5 个仓库
[2026-07-27 00:44:20] 仓库 https://github.com/dandan7675/free (分支: main, size: 18120KB, pushed: 2026-07-26T13:10:20Z)
[2026-07-27 00:44:21] 仓库 https://github.com/dandan7675/free 无候选文件 (总计 5 blob, 扩展名过滤 0, processed_shas 跳过 3, SHA 缓存跳过 2)
[2026-07-27 00:44:21] 🔗 查子仓库: dandan7675/free
[2026-07-27 00:44:21] 🔗 开始 Fork 链追踪 (dandan7675/free)
[2026-07-27 00:44:21]   父仓库: shaoyouvip/free
[2026-07-27 00:44:22] 👤 遍历用户仓库: dandan7675
[2026-07-27 00:44:25]   👤 用户仓库: 30 个 → 发现队列 (队列: 0/600)
[2026-07-27 00:44:25]   用户 dandan7675 共查 30 个仓库
[2026-07-27 00:44:25] 仓库 https://github.com/ishalumi/proxy-node-collector (分支: main, size: 57991KB, pushed: 2026-07-26T13:08:23Z)
[2026-07-27 00:44:26] 仓库 https://github.com/ishalumi/proxy-node-collector 候选文件 8 个
[2026-07-27 00:44:28] 🔗 查子仓库: ishalumi/proxy-node-collector
[2026-07-27 00:44:28]   🍴 子仓库: 2 个 → 发现队列 (队列: 0/600)
[2026-07-27 00:44:28] 🔗 开始 Fork 链追踪 (ishalumi/proxy-node-collector)
[2026-07-27 00:44:29] 👤 遍历用户仓库: ishalumi
[2026-07-27 00:44:29]   👤 用户仓库: 29 个 → 发现队列 (队列: 0/600)
[2026-07-27 00:44:29]   用户 ishalumi 共查 29 个仓库
[2026-07-27 00:44:29] 仓库 https://github.com/xinlingmiyu-debug/- (分支: main, size: 8000KB, pushed: 2026-07-26T13:02:35Z)
[2026-07-27 00:44:30] 仓库 https://github.com/xinlingmiyu-debug/- 候选文件 4 个
[2026-07-27 00:44:31] 🔗 查子仓库: xinlingmiyu-debug/-
[2026-07-27 00:44:31] 🔗 开始 Fork 链追踪 (xinlingmiyu-debug/-)
[2026-07-27 00:44:31]   父仓库: xituimao/spider-clash
[2026-07-27 00:44:32] 👤 遍历用户仓库: xinlingmiyu-debug
[2026-07-27 00:44:32]   👤 用户仓库: 16 个 → 发现队列 (队列: 0/600)
[2026-07-27 00:44:32]   用户 xinlingmiyu-debug 共查 16 个仓库
[2026-07-27 00:44:32] 仓库 https://github.com/Kicken898/AutoMergePublicNodes (分支: master, size: 7989363KB, pushed: 2026-07-26T13:01:40Z)
[2026-07-27 00:44:33] 仓库 https://github.com/Kicken898/AutoMergePublicNodes 候选文件 1 个
[2026-07-27 00:44:33] 🔗 查子仓库: Kicken898/AutoMergePublicNodes
[2026-07-27 00:44:33] 🔗 开始 Fork 链追踪 (Kicken898/AutoMergePublicNodes)
[2026-07-27 00:44:34]   父仓库: chengaopan/AutoMergePublicNodes
[2026-07-27 00:44:34] 👤 遍历用户仓库: Kicken898
[2026-07-27 00:44:35]   👤 用户仓库: 5 个 → 发现队列 (队列: 0/600)
[2026-07-27 00:44:35]   用户 Kicken898 共查 5 个仓库
[2026-07-27 00:44:35] 仓库 https://github.com/birhantprkc/clashfree (分支: main, size: 18274KB, pushed: 2026-07-26T12:41:55Z)
[2026-07-27 00:44:35] 仓库 https://github.com/birhantprkc/clashfree 候选文件 2 个
[2026-07-27 00:44:39] 🔗 查子仓库: birhantprkc/clashfree
[2026-07-27 00:44:39] 🔗 开始 Fork 链追踪 (birhantprkc/clashfree)
[2026-07-27 00:44:39]   父仓库: free-nodes/clashfree
[2026-07-27 00:44:41]   🍴 兄弟仓库: 18 个 → 发现队列 (队列: 0/600)
[2026-07-27 00:44:41] 👤 遍历用户仓库: birhantprkc
[2026-07-27 00:44:44]   👤 用户仓库: 30 个 → 发现队列 (队列: 0/600)
[2026-07-27 00:44:44]   用户 birhantprkc 共查 30 个仓库
[2026-07-27 00:44:44] 仓库 https://github.com/zcr268/AutoMergePublicNodes (分支: master, size: 8103777KB, pushed: 2026-07-26T12:37:18Z)
[2026-07-27 00:44:44] 仓库 https://github.com/zcr268/AutoMergePublicNodes 无候选文件 (总计 56 blob, 扩展名过滤 4, processed_shas 跳过 19, SHA 缓存跳过 33)
[2026-07-27 00:44:44] 🔗 查子仓库: zcr268/AutoMergePublicNodes
[2026-07-27 00:44:44] 🔗 开始 Fork 链追踪 (zcr268/AutoMergePublicNodes)
[2026-07-27 00:44:44]   父仓库: chengaopan/AutoMergePublicNodes
[2026-07-27 00:44:45] 👤 遍历用户仓库: zcr268
[2026-07-27 00:44:48]   👤 用户仓库: 30 个 → 发现队列 (队列: 0/600)
[2026-07-27 00:44:48]   用户 zcr268 共查 30 个仓库
[2026-07-27 00:44:48] 仓库 https://github.com/5474312/AutoMergePublicNodes (分支: master, size: 8103777KB, pushed: 2026-07-26T12:36:32Z)
[2026-07-27 00:44:48] 仓库 https://github.com/5474312/AutoMergePublicNodes 无候选文件 (总计 56 blob, 扩展名过滤 4, processed_shas 跳过 19, SHA 缓存跳过 33)
[2026-07-27 00:44:48] 🔗 查子仓库: 5474312/AutoMergePublicNodes
[2026-07-27 00:44:49] 🔗 开始 Fork 链追踪 (5474312/AutoMergePublicNodes)
[2026-07-27 00:44:49]   父仓库: chengaopan/AutoMergePublicNodes
[2026-07-27 00:44:50] 👤 遍历用户仓库: 5474312
[2026-07-27 00:44:50]   👤 用户仓库: 30 个 → 发现队列 (队列: 0/600)
[2026-07-27 00:44:50]   用户 5474312 共查 30 个仓库
[2026-07-27 00:44:50] 仓库 https://github.com/xituimao/spider-clash (分支: main, size: 8047KB, pushed: 2026-07-26T12:23:28Z)
[2026-07-27 00:44:51] 仓库 https://github.com/xituimao/spider-clash 候选文件 4 个
[2026-07-27 00:44:52] 🔗 查子仓库: xituimao/spider-clash
[2026-07-27 00:44:53] 🔗 开始 Fork 链追踪 (xituimao/spider-clash)
[2026-07-27 00:44:53] 👤 遍历用户仓库: xituimao
[2026-07-27 00:44:53]   👤 用户仓库: 15 个 → 发现队列 (队列: 0/600)
[2026-07-27 00:44:53]   用户 xituimao 共查 15 个仓库
[2026-07-27 00:44:53] 仓库 https://github.com/xlh001/AutoMergePublicNodes (分支: master, size: 8103778KB, pushed: 2026-07-26T12:22:24Z)
[2026-07-27 00:44:54] 仓库 https://github.com/xlh001/AutoMergePublicNodes 无候选文件 (总计 56 blob, 扩展名过滤 4, processed_shas 跳过 19, SHA 缓存跳过 33)
[2026-07-27 00:44:54] 🔗 查子仓库: xlh001/AutoMergePublicNodes
[2026-07-27 00:44:54] 🔗 开始 Fork 链追踪 (xlh001/AutoMergePublicNodes)
[2026-07-27 00:44:54]   父仓库: chengaopan/AutoMergePublicNodes
[2026-07-27 00:44:55] 👤 遍历用户仓库: xlh001
[2026-07-27 00:44:57]   👤 用户仓库: 30 个 → 发现队列 (队列: 0/600)
[2026-07-27 00:44:57]   用户 xlh001 共查 30 个仓库
[2026-07-27 00:44:57] 仓库 https://github.com/sydmsj/AutoMergePublicNodes (分支: master, size: 8103777KB, pushed: 2026-07-26T11:41:39Z)
[2026-07-27 00:44:57] 仓库 https://github.com/sydmsj/AutoMergePublicNodes 无候选文件 (总计 56 blob, 扩展名过滤 4, processed_shas 跳过 19, SHA 缓存跳过 33)
[2026-07-27 00:44:57] 🔗 查子仓库: sydmsj/AutoMergePublicNodes
[2026-07-27 00:44:57] 🔗 开始 Fork 链追踪 (sydmsj/AutoMergePublicNodes)
[2026-07-27 00:44:57]   父仓库: chengaopan/AutoMergePublicNodes
[2026-07-27 00:44:58] 👤 遍历用户仓库: sydmsj
[2026-07-27 00:44:59]   👤 用户仓库: 15 个 → 发现队列 (队列: 0/600)
[2026-07-27 00:44:59]   用户 sydmsj 共查 15 个仓库
[2026-07-27 00:44:59] 仓库 https://github.com/kuabyd/AutoMergePublicNodes (分支: master, size: 8103721KB, pushed: 2026-07-26T11:31:05Z)
[2026-07-27 00:44:59] 仓库 https://github.com/kuabyd/AutoMergePublicNodes 候选文件 3 个
[2026-07-27 00:45:02] 🔗 查子仓库: kuabyd/AutoMergePublicNodes
[2026-07-27 00:45:02] 🔗 开始 Fork 链追踪 (kuabyd/AutoMergePublicNodes)
[2026-07-27 00:45:03]   父仓库: chengaopan/AutoMergePublicNodes
[2026-07-27 00:45:03] 👤 遍历用户仓库: kuabyd
[2026-07-27 00:45:04]   👤 用户仓库: 15 个 → 发现队列 (队列: 0/600)
[2026-07-27 00:45:04]   用户 kuabyd 共查 15 个仓库
[2026-07-27 00:45:04] 仓库 https://github.com/lem85930/AutoMergePublicNodes (分支: master, size: 8103721KB, pushed: 2026-07-26T10:45:11Z)
[2026-07-27 00:45:04] 仓库 https://github.com/lem85930/AutoMergePublicNodes 无候选文件 (总计 56 blob, 扩展名过滤 4, processed_shas 跳过 19, SHA 缓存跳过 33)
[2026-07-27 00:45:04] 🔗 查子仓库: lem85930/AutoMergePublicNodes
[2026-07-27 00:45:04] 🔗 开始 Fork 链追踪 (lem85930/AutoMergePublicNodes)
[2026-07-27 00:45:05]   父仓库: chengaopan/AutoMergePublicNodes
[2026-07-27 00:45:05] 👤 遍历用户仓库: lem85930
[2026-07-27 00:45:08]   👤 用户仓库: 30 个 → 发现队列 (队列: 0/600)
[2026-07-27 00:45:08]   用户 lem85930 共查 30 个仓库
[2026-07-27 00:45:08] 仓库 https://github.com/yanzhang4013/AutoMergePublicNodes (分支: master, size: 8103721KB, pushed: 2026-07-26T10:27:12Z)
[2026-07-27 00:45:08] 仓库 https://github.com/yanzhang4013/AutoMergePublicNodes 无候选文件 (总计 56 blob, 扩展名过滤 4, processed_shas 跳过 19, SHA 缓存跳过 33)
[2026-07-27 00:45:08] 🔗 查子仓库: yanzhang4013/AutoMergePublicNodes
[2026-07-27 00:45:09] 🔗 开始 Fork 链追踪 (yanzhang4013/AutoMergePublicNodes)
[2026-07-27 00:45:09]   父仓库: chengaopan/AutoMergePublicNodes
[2026-07-27 00:45:10] 👤 遍历用户仓库: yanzhang4013
[2026-07-27 00:45:10]   👤 用户仓库: 27 个 → 发现队列 (队列: 0/600)
[2026-07-27 00:45:10]   用户 yanzhang4013 共查 27 个仓库
[2026-07-27 00:45:10] 仓库 https://github.com/reveriestar/clashfree (分支: main, size: 18119KB, pushed: 2026-07-26T10:22:18Z)
[2026-07-27 00:45:11] 仓库 https://github.com/reveriestar/clashfree 无候选文件 (总计 11 blob, 扩展名过滤 0, processed_shas 跳过 2, SHA 缓存跳过 9)
[2026-07-27 00:45:11] 🔗 查子仓库: reveriestar/clashfree
[2026-07-27 00:45:11] 🔗 开始 Fork 链追踪 (reveriestar/clashfree)
[2026-07-27 00:45:11]   父仓库: free-nodes/clashfree
[2026-07-27 00:45:12] 👤 遍历用户仓库: reveriestar
[2026-07-27 00:45:12]   👤 用户仓库: 5 个 → 发现队列 (队列: 0/600)
[2026-07-27 00:45:12]   用户 reveriestar 共查 5 个仓库
[2026-07-27 00:45:12] 仓库 https://github.com/cartoonsh/69yuncheckin (分支: main, size: 22KB, pushed: 2026-07-26T10:08:22Z)
[2026-07-27 00:45:13] 仓库 https://github.com/cartoonsh/69yuncheckin 候选文件 2 个
[2026-07-27 00:45:13] 仓库 https://github.com/cartoonsh/69yuncheckin 未提取到节点，加入黑名单
[2026-07-27 00:45:13] 仓库 https://github.com/Huibq/TrojanLinks (分支: master, size: 29780KB, pushed: 2026-07-26T10:05:21Z)
[2026-07-27 00:45:14] 仓库 https://github.com/Huibq/TrojanLinks 候选文件 1 个
[2026-07-27 00:45:14] 🔗 查子仓库: Huibq/TrojanLinks
[2026-07-27 00:45:15]   🍴 子仓库: 30 个 → 发现队列 (队列: 0/600)
[2026-07-27 00:45:15] 🔗 开始 Fork 链追踪 (Huibq/TrojanLinks)
[2026-07-27 00:45:15] 👤 遍历用户仓库: Huibq
[2026-07-27 00:45:17]   👤 用户仓库: 30 个 → 发现队列 (队列: 0/600)
[2026-07-27 00:45:17]   用户 Huibq 共查 30 个仓库
[2026-07-27 00:45:17] 仓库 https://github.com/Vader818/panda-vpn-pro (分支: main, size: 2612KB, pushed: 2026-07-26T08:15:30Z)
[2026-07-27 00:45:17] 仓库 https://github.com/Vader818/panda-vpn-pro 无候选文件 (总计 2 blob, 扩展名过滤 0, processed_shas 跳过 1, SHA 缓存跳过 1)
[2026-07-27 00:45:17] 🔗 查子仓库: Vader818/panda-vpn-pro
[2026-07-27 00:45:18] 🔗 开始 Fork 链追踪 (Vader818/panda-vpn-pro)
[2026-07-27 00:45:18]   父仓库: DiningFactory/panda-vpn-pro
[2026-07-27 00:45:19]   🍴 兄弟仓库: 30 个 → 发现队列 (队列: 0/600)
[2026-07-27 00:45:19] 👤 遍历用户仓库: Vader818
[2026-07-27 00:45:19]   👤 用户仓库: 3 个 → 发现队列 (队列: 0/600)
[2026-07-27 00:45:19]   用户 Vader818 共查 3 个仓库
[2026-07-27 00:45:19] 仓库 https://github.com/cjuwen/freenode (分支: main, size: 9418KB, pushed: 2026-07-26T08:10:21Z)
[2026-07-27 00:45:20] 仓库 https://github.com/cjuwen/freenode 候选文件 2 个
[2026-07-27 00:45:20] 🔗 查子仓库: cjuwen/freenode
[2026-07-27 00:45:21] 🔗 开始 Fork 链追踪 (cjuwen/freenode)
[2026-07-27 00:45:21]   父仓库: ripaojiedian/freenode
[2026-07-27 00:45:22]   🍴 兄弟仓库: 30 个 → 发现队列 (队列: 0/600)
[2026-07-27 00:45:22] 👤 遍历用户仓库: cjuwen
[2026-07-27 00:45:23]   👤 用户仓库: 21 个 → 发现队列 (队列: 0/600)
[2026-07-27 00:45:23]   用户 cjuwen 共查 21 个仓库
[2026-07-27 00:45:23] 仓库 https://github.com/XD111ds/fanqiang (分支: main, size: 8743KB, pushed: 2026-07-26T07:01:27Z)
[2026-07-27 00:45:23] 仓库 https://github.com/XD111ds/fanqiang 候选文件 1 个
[2026-07-27 00:45:23] 仓库 https://github.com/XD111ds/fanqiang 未提取到节点，加入黑名单
[2026-07-27 00:45:23] 仓库 https://github.com/clovershell/freenode (分支: main, size: 9418KB, pushed: 2026-07-26T06:37:06Z)
[2026-07-27 00:45:24] 仓库 https://github.com/clovershell/freenode 无候选文件 (总计 11 blob, 扩展名过滤 0, processed_shas 跳过 2, SHA 缓存跳过 9)
[2026-07-27 00:45:24] 🔗 查子仓库: clovershell/freenode
[2026-07-27 00:45:24] 🔗 开始 Fork 链追踪 (clovershell/freenode)
[2026-07-27 00:45:24]   父仓库: ripaojiedian/freenode
[2026-07-27 00:45:25]   🍴 兄弟仓库: 19 个 → 发现队列 (队列: 0/600)
[2026-07-27 00:45:25] 👤 遍历用户仓库: clovershell
[2026-07-27 00:45:26]   👤 用户仓库: 30 个 → 发现队列 (队列: 0/600)
[2026-07-27 00:45:26]   用户 clovershell 共查 30 个仓库
[2026-07-27 00:45:26] 仓库 https://github.com/gefeng001/CloudflareIP (分支: main, size: 13993KB, pushed: 2026-07-26T05:21:09Z)
[2026-07-27 00:45:27] 仓库 https://github.com/gefeng001/CloudflareIP 候选文件 7 个
[2026-07-27 00:45:28] 🔗 查子仓库: gefeng001/CloudflareIP
[2026-07-27 00:45:29] 🔗 开始 Fork 链追踪 (gefeng001/CloudflareIP)
[2026-07-27 00:45:29]   父仓库: gslege/CloudflareIP
[2026-07-27 00:45:30] 👤 遍历用户仓库: gefeng001
[2026-07-27 00:45:30]   👤 用户仓库: 3 个 → 发现队列 (队列: 0/600)
[2026-07-27 00:45:30]   用户 gefeng001 共查 3 个仓库
[2026-07-27 00:45:30] 仓库 https://github.com/laibabaifei/freenode (分支: main, size: 9418KB, pushed: 2026-07-26T05:06:06Z)
[2026-07-27 00:45:31] 仓库 https://github.com/laibabaifei/freenode 无候选文件 (总计 11 blob, 扩展名过滤 0, processed_shas 跳过 2, SHA 缓存跳过 9)
[2026-07-27 00:45:31] 🔗 查子仓库: laibabaifei/freenode
[2026-07-27 00:45:31] 🔗 开始 Fork 链追踪 (laibabaifei/freenode)
[2026-07-27 00:45:31]   父仓库: ripaojiedian/freenode
[2026-07-27 00:45:32] 👤 遍历用户仓库: laibabaifei
[2026-07-27 00:45:33]   👤 用户仓库: 7 个 → 发现队列 (队列: 0/600)
[2026-07-27 00:45:33]   用户 laibabaifei 共查 7 个仓库
[2026-07-27 00:45:33] 仓库 https://github.com/learnerBlock/v2rayfree (分支: main, size: 21144KB, pushed: 2026-07-26T04:30:38Z)
[2026-07-27 00:45:33] 仓库 https://github.com/learnerBlock/v2rayfree 候选文件 3 个
[2026-07-27 00:45:35] 🔗 查子仓库: learnerBlock/v2rayfree
[2026-07-27 00:45:35] 🔗 开始 Fork 链追踪 (learnerBlock/v2rayfree)
[2026-07-27 00:45:36]   父仓库: free-nodes/v2rayfree
[2026-07-27 00:45:37] 👤 遍历用户仓库: learnerBlock
[2026-07-27 00:45:37]   ... 主队列 175, 发现队列 0
[2026-07-27 00:45:38]   👤 用户仓库: 30 个 → 发现队列 (队列: 0/600)
[2026-07-27 00:45:38]   用户 learnerBlock 共查 30 个仓库
[2026-07-27 00:45:38] 仓库 https://github.com/xf2021/clashfree (分支: main, size: 17847KB, pushed: 2026-07-26T04:17:25Z)
[2026-07-27 00:45:38] 仓库 https://github.com/xf2021/clashfree 候选文件 1 个
[2026-07-27 00:45:40] 🔗 查子仓库: xf2021/clashfree
[2026-07-27 00:45:40] 🔗 开始 Fork 链追踪 (xf2021/clashfree)
[2026-07-27 00:45:40]   父仓库: free-nodes/clashfree
[2026-07-27 00:45:41] 👤 遍历用户仓库: xf2021
[2026-07-27 00:45:44]   👤 用户仓库: 30 个 → 发现队列 (队列: 0/600)
[2026-07-27 00:45:44]   用户 xf2021 共查 30 个仓库
[2026-07-27 00:45:44] 仓库 https://github.com/clashv2ray-hub/clashfree (分支: main, size: 2918KB, pushed: 2026-07-26T04:01:45Z)
[2026-07-27 00:45:44] 仓库 https://github.com/clashv2ray-hub/clashfree 候选文件 2 个
[2026-07-27 00:45:45] 仓库 https://github.com/clashv2ray-hub/clashfree README 含广告词，加入黑名单
[2026-07-27 00:45:45] 仓库 https://github.com/clashv2ray-hub/v2rayfree (分支: main, size: 2627KB, pushed: 2026-07-26T04:01:22Z)
[2026-07-27 00:45:45] 仓库 https://github.com/clashv2ray-hub/v2rayfree 候选文件 2 个
[2026-07-27 00:45:46] 仓库 https://github.com/clashv2ray-hub/v2rayfree README 含广告词，加入黑名单
[2026-07-27 00:45:46] 仓库 https://github.com/vluma/free-vpn2clash (分支: main, size: 192KB, pushed: 2026-07-26T03:31:44Z)
[2026-07-27 00:45:46] 仓库 https://github.com/vluma/free-vpn2clash 候选文件 1 个
[2026-07-27 00:45:46] 🔗 查子仓库: vluma/free-vpn2clash
[2026-07-27 00:45:46]   🍴 子仓库: 1 个 → 发现队列 (队列: 0/600)
[2026-07-27 00:45:46] 🔗 开始 Fork 链追踪 (vluma/free-vpn2clash)
[2026-07-27 00:45:47] 👤 遍历用户仓库: vluma
[2026-07-27 00:45:48]   👤 用户仓库: 30 个 → 发现队列 (队列: 0/600)
[2026-07-27 00:45:48]   用户 vluma 共查 30 个仓库
[2026-07-27 00:45:48] 仓库 https://github.com/ripaojiedian/freenode (分支: main, size: 9418KB, pushed: 2026-07-26T02:56:34Z)
[2026-07-27 00:45:48] 仓库 https://github.com/ripaojiedian/freenode 无候选文件 (总计 11 blob, 扩展名过滤 0, processed_shas 跳过 2, SHA 缓存跳过 9)
[2026-07-27 00:45:48] 🔗 查子仓库: ripaojiedian/freenode
[2026-07-27 00:45:49] 🔗 开始 Fork 链追踪 (ripaojiedian/freenode)
[2026-07-27 00:45:49] 👤 遍历用户仓库: ripaojiedian
[2026-07-27 00:45:49]   用户 ripaojiedian 共查 0 个仓库
[2026-07-27 00:45:49] 仓库 https://github.com/xihadance/CloudflareIP (分支: main, size: 8985KB, pushed: 2026-07-26T02:44:18Z)
[2026-07-27 00:45:49] 仓库 https://github.com/xihadance/CloudflareIP 候选文件 16 个
[2026-07-27 00:45:51] 🔗 查子仓库: xihadance/CloudflareIP
[2026-07-27 00:45:51] 🔗 开始 Fork 链追踪 (xihadance/CloudflareIP)
[2026-07-27 00:45:51]   父仓库: gslege/CloudflareIP
[2026-07-27 00:45:52] 👤 遍历用户仓库: xihadance
[2026-07-27 00:45:52]   👤 用户仓库: 3 个 → 发现队列 (队列: 0/600)
[2026-07-27 00:45:52]   用户 xihadance 共查 3 个仓库
[2026-07-27 00:45:52] 仓库 https://github.com/xiao-fanfan/clashfree (分支: main, size: 8195KB, pushed: 2026-07-26T02:38:54Z)
[2026-07-27 00:45:52] 仓库 https://github.com/xiao-fanfan/clashfree 候选文件 1 个
[2026-07-27 00:45:53] 🔗 查子仓库: xiao-fanfan/clashfree
[2026-07-27 00:45:53] 🔗 开始 Fork 链追踪 (xiao-fanfan/clashfree)
[2026-07-27 00:45:53]   父仓库: free-nodes/clashfree
[2026-07-27 00:45:54] 👤 遍历用户仓库: xiao-fanfan
[2026-07-27 00:45:54]   👤 用户仓库: 1 个 → 发现队列 (队列: 0/600)
[2026-07-27 00:45:54]   用户 xiao-fanfan 共查 1 个仓库
[2026-07-27 00:45:54] 仓库 https://github.com/yuanxiawan/freevless (分支: main, size: 1928KB, pushed: 2026-07-26T02:31:09Z)
[2026-07-27 00:45:54] 仓库 https://github.com/yuanxiawan/freevless 候选文件 2 个
[2026-07-27 00:45:55] 🔗 查子仓库: yuanxiawan/freevless
[2026-07-27 00:45:55] 🔗 开始 Fork 链追踪 (yuanxiawan/freevless)
[2026-07-27 00:45:55] 👤 遍历用户仓库: yuanxiawan
[2026-07-27 00:45:56]   👤 用户仓库: 26 个 → 发现队列 (队列: 0/600)
[2026-07-27 00:45:56]   用户 yuanxiawan 共查 26 个仓库
[2026-07-27 00:45:56] 仓库 https://github.com/bbq-051116/TG-iamdt009 (分支: main, size: 1095KB, pushed: 2026-07-26T01:05:06Z)
[2026-07-27 00:45:56] 仓库 https://github.com/bbq-051116/TG-iamdt009 候选文件 1 个
[2026-07-27 00:45:57] 🔗 查子仓库: bbq-051116/TG-iamdt009
[2026-07-27 00:45:57]   🍴 子仓库: 11 个 → 发现队列 (队列: 0/600)
[2026-07-27 00:45:57] 🔗 开始 Fork 链追踪 (bbq-051116/TG-iamdt009)
[2026-07-27 00:45:58] 👤 遍历用户仓库: bbq-051116
[2026-07-27 00:46:00]   👤 用户仓库: 3 个 → 发现队列 (队列: 0/600)
[2026-07-27 00:46:00]   用户 bbq-051116 共查 3 个仓库
[2026-07-27 00:46:00] 仓库 https://github.com/wzmwayne/yoyapai-node (分支: main, size: 379KB, pushed: 2026-07-26T00:06:42Z)
[2026-07-27 00:46:00] 仓库 https://github.com/wzmwayne/yoyapai-node 候选文件 2 个
[2026-07-27 00:46:02] 🔗 查子仓库: wzmwayne/yoyapai-node
[2026-07-27 00:46:02] 🔗 开始 Fork 链追踪 (wzmwayne/yoyapai-node)
[2026-07-27 00:46:02] 👤 遍历用户仓库: wzmwayne
[2026-07-27 00:46:03]   👤 用户仓库: 30 个 → 发现队列 (队列: 0/600)
[2026-07-27 00:46:03]   用户 wzmwayne 共查 30 个仓库
[2026-07-27 00:46:03] ⏭️ 仓库 https://github.com/t12561256/CloudflareIP 25h 未更新，跳过解析（追踪 fork 链）
[2026-07-27 00:46:03] 🔗 查子仓库: t12561256/CloudflareIP
[2026-07-27 00:46:04] 🔗 开始 Fork 链追踪 (t12561256/CloudflareIP)
[2026-07-27 00:46:04]   父仓库: gslege/CloudflareIP
[2026-07-27 00:46:06] 👤 遍历用户仓库: t12561256
[2026-07-27 00:46:07]   👤 用户仓库: 20 个 → 发现队列 (队列: 0/600)
[2026-07-27 00:46:07]   用户 t12561256 共查 20 个仓库
[2026-07-27 00:46:07] 仓库 https://github.com/n3rddd/AutoMergePublicNodes (分支: master, size: 8103721KB, pushed: 2026-07-26T16:26:11Z)
[2026-07-27 00:46:07] 仓库 https://github.com/n3rddd/AutoMergePublicNodes 无候选文件 (总计 56 blob, 扩展名过滤 4, processed_shas 跳过 19, SHA 缓存跳过 33)
[2026-07-27 00:46:07] 🔗 查子仓库: n3rddd/AutoMergePublicNodes
[2026-07-27 00:46:08]   🍴 子仓库: 3 个 → 发现队列 (队列: 0/600)
[2026-07-27 00:46:08] 🔗 开始 Fork 链追踪 (n3rddd/AutoMergePublicNodes)
[2026-07-27 00:46:10]   父仓库: chengaopan/AutoMergePublicNodes
[2026-07-27 00:46:11] 👤 遍历用户仓库: n3rddd
[2026-07-27 00:46:16]   👤 用户仓库: 30 个 → 发现队列 (队列: 0/600)
[2026-07-27 00:46:16]   用户 n3rddd 共查 30 个仓库
[2026-07-27 00:46:16] 仓库 https://github.com/hello-world-1989/cn-news (分支: main, size: 3537KB, pushed: 2026-07-26T16:20:10Z)
[2026-07-27 00:46:17] 仓库 https://github.com/hello-world-1989/cn-news 候选文件 2 个
[2026-07-27 00:46:18] 🔗 查子仓库: hello-world-1989/cn-news
[2026-07-27 00:46:19]   🍴 子仓库: 19 个 → 发现队列 (队列: 0/600)
[2026-07-27 00:46:19] 🔗 开始 Fork 链追踪 (hello-world-1989/cn-news)
[2026-07-27 00:46:19] 👤 遍历用户仓库: hello-world-1989
[2026-07-27 00:46:19]   👤 用户仓库: 20 个 → 发现队列 (队列: 0/600)
[2026-07-27 00:46:19]   用户 hello-world-1989 共查 20 个仓库
[2026-07-27 00:46:19] 仓库 https://github.com/imocence/Proxy (分支: main, size: 9418KB, pushed: 2026-07-26T03:43:10Z)
[2026-07-27 00:46:20] 仓库 https://github.com/imocence/Proxy 无候选文件 (总计 11 blob, 扩展名过滤 0, processed_shas 跳过 2, SHA 缓存跳过 9)
[2026-07-27 00:46:20] 🔗 查子仓库: imocence/Proxy
[2026-07-27 00:46:20] 🔗 开始 Fork 链追踪 (imocence/Proxy)
[2026-07-27 00:46:20]   父仓库: ripaojiedian/freenode
[2026-07-27 00:46:21] 👤 遍历用户仓库: imocence
[2026-07-27 00:46:23]   👤 用户仓库: 30 个 → 发现队列 (队列: 0/600)
[2026-07-27 00:46:23]   用户 imocence 共查 30 个仓库
[2026-07-27 00:46:23] 仓库 https://github.com/seow20/clash-jichang (分支: main, size: 21KB, pushed: 2026-07-26T16:25:41Z)
[2026-07-27 00:46:23] 仓库 https://github.com/seow20/clash-jichang 候选文件 1 个
[2026-07-27 00:46:23] 仓库 https://github.com/seow20/clash-jichang README 含广告词，加入黑名单
[2026-07-27 00:46:23] 仓库 https://github.com/testtff/NoMoreWalls (分支: master, size: 5003332KB, pushed: 2026-07-26T15:54:28Z)
[2026-07-27 00:46:24] 仓库 https://github.com/testtff/NoMoreWalls 候选文件 19 个
[2026-07-27 00:46:25] 🔗 查子仓库: testtff/NoMoreWalls
[2026-07-27 00:46:26] 🔗 开始 Fork 链追踪 (testtff/NoMoreWalls)
[2026-07-27 00:46:26]   父仓库: peasoft/NoMoreWalls
[2026-07-27 00:46:27]   🍴 兄弟仓库: 18 个 → 发现队列 (队列: 0/600)
[2026-07-27 00:46:27] 👤 遍历用户仓库: testtff
[2026-07-27 00:46:27]   👤 用户仓库: 29 个 → 发现队列 (队列: 0/600)
[2026-07-27 00:46:27]   用户 testtff 共查 29 个仓库
[2026-07-27 00:46:27] 仓库 https://github.com/lukea99/NWalls (分支: master, size: 5043152KB, pushed: 2026-07-26T15:51:58Z)
[2026-07-27 00:46:28] 仓库 https://github.com/lukea99/NWalls 候选文件 16 个
[2026-07-27 00:46:30] 🔗 查子仓库: lukea99/NWalls
[2026-07-27 00:46:30] 🔗 开始 Fork 链追踪 (lukea99/NWalls)
[2026-07-27 00:46:31]   父仓库: peasoft/NoMoreWalls
[2026-07-27 00:46:31] 👤 遍历用户仓库: lukea99
[2026-07-27 00:46:32]   👤 用户仓库: 12 个 → 发现队列 (队列: 0/600)
[2026-07-27 00:46:32]   用户 lukea99 共查 12 个仓库
[2026-07-27 00:46:32] 仓库 https://github.com/phantom0123pp/CF-Workers-SUB (分支: main, size: 204KB, pushed: 2026-07-26T14:45:45Z)
[2026-07-27 00:46:32] 仓库 https://github.com/phantom0123pp/CF-Workers-SUB 候选文件 1 个
[2026-07-27 00:46:32] 🔗 查子仓库: phantom0123pp/CF-Workers-SUB
[2026-07-27 00:46:33] 🔗 开始 Fork 链追踪 (phantom0123pp/CF-Workers-SUB)
[2026-07-27 00:46:33]   父仓库: cmliu/CF-Workers-SUB
[2026-07-27 00:46:35]   🍴 兄弟仓库: 30 个 → 发现队列 (队列: 0/600)
[2026-07-27 00:46:35] 👤 遍历用户仓库: phantom0123pp
[2026-07-27 00:46:36]   👤 用户仓库: 22 个 → 发现队列 (队列: 0/600)
[2026-07-27 00:46:36]   用户 phantom0123pp 共查 22 个仓库
[2026-07-27 00:46:36] 仓库 https://github.com/wqj128116/WorkerVless2sub-CMliu (分支: main, size: 4634KB, pushed: 2026-07-26T14:37:50Z)
[2026-07-27 00:46:36] 仓库 https://github.com/wqj128116/WorkerVless2sub-CMliu 无候选文件 (总计 12 blob, 扩展名过滤 5, processed_shas 跳过 1, SHA 缓存跳过 6)
[2026-07-27 00:46:36] 🔗 查子仓库: wqj128116/WorkerVless2sub-CMliu
[2026-07-27 00:46:36] 🔗 开始 Fork 链追踪 (wqj128116/WorkerVless2sub-CMliu)
[2026-07-27 00:46:37]   父仓库: cmliu/WorkerVless2sub
[2026-07-27 00:46:38] 👤 遍历用户仓库: wqj128116
[2026-07-27 00:46:40]   👤 用户仓库: 6 个 → 发现队列 (队列: 0/600)
[2026-07-27 00:46:40]   用户 wqj128116 共查 6 个仓库
[2026-07-27 00:46:40] 仓库 https://github.com/wonta/CF-Workers-SUB (分支: main, size: 252KB, pushed: 2026-07-26T14:02:16Z)
[2026-07-27 00:46:40] 仓库 https://github.com/wonta/CF-Workers-SUB 无候选文件 (总计 5 blob, 扩展名过滤 3, processed_shas 跳过 0, SHA 缓存跳过 2)
[2026-07-27 00:46:40] 🔗 查子仓库: wonta/CF-Workers-SUB
[2026-07-27 00:46:41] 🔗 开始 Fork 链追踪 (wonta/CF-Workers-SUB)
[2026-07-27 00:46:41]   父仓库: cmliu/CF-Workers-SUB
[2026-07-27 00:46:42]   🍴 兄弟仓库: 28 个 → 发现队列 (队列: 0/600)
[2026-07-27 00:46:42] 👤 遍历用户仓库: wonta
[2026-07-27 00:46:46]   👤 用户仓库: 30 个 → 发现队列 (队列: 0/600)
[2026-07-27 00:46:46]   用户 wonta 共查 30 个仓库
[2026-07-27 00:46:46] 仓库 https://github.com/LeilaoMi/AutoMergePublicNodes-Optimized (分支: main, size: 636129KB, pushed: 2026-07-26T13:47:30Z)
[2026-07-27 00:46:47] 仓库 https://github.com/LeilaoMi/AutoMergePublicNodes-Optimized 候选文件 39 个
[2026-07-27 00:47:07] 📦 批次 0031 已持久化: /home/runner/work/test-college/test-college/batches/no_batch_0031.txt (5152 个节点, 累计 234068 个) | 主队列 154/200, 发现队列 0/600
[2026-07-27 00:47:11] SHA 缓存已保存: 197312 条, 1 分片
[2026-07-27 00:47:31] 🔗 查子仓库: LeilaoMi/AutoMergePublicNodes-Optimized
[2026-07-27 00:47:32]   🍴 子仓库: 3 个 → 发现队列 (队列: 0/600)
[2026-07-27 00:47:32] 🔗 开始 Fork 链追踪 (LeilaoMi/AutoMergePublicNodes-Optimized)
[2026-07-27 00:47:32] 👤 遍历用户仓库: LeilaoMi
[2026-07-27 00:47:32]   👤 用户仓库: 21 个 → 发现队列 (队列: 0/600)
[2026-07-27 00:47:32]   用户 LeilaoMi 共查 21 个仓库
[2026-07-27 00:47:32] 仓库 https://github.com/xiaolaodi0719/AutoMergePublicNodes-Optimized (分支: main, size: 635850KB, pushed: 2026-07-26T13:45:58Z)
[2026-07-27 00:47:33] 仓库 https://github.com/xiaolaodi0719/AutoMergePublicNodes-Optimized 候选文件 37 个
[2026-07-27 00:47:40]   ... 主队列 153, 发现队列 0
[2026-07-27 00:48:09] 🔗 查子仓库: xiaolaodi0719/AutoMergePublicNodes-Optimized
[2026-07-27 00:48:09] 🔗 开始 Fork 链追踪 (xiaolaodi0719/AutoMergePublicNodes-Optimized)
[2026-07-27 00:48:09]   父仓库: LeilaoMi/AutoMergePublicNodes-Optimized
[2026-07-27 00:48:10] 👤 遍历用户仓库: xiaolaodi0719
[2026-07-27 00:48:10]   👤 用户仓库: 2 个 → 发现队列 (队列: 0/600)
[2026-07-27 00:48:10]   用户 xiaolaodi0719 共查 2 个仓库
[2026-07-27 00:48:10] 仓库 https://github.com/whluwit/AutoMergePublicNodes-Optimized (分支: main, size: 606496KB, pushed: 2026-07-26T13:16:10Z)
[2026-07-27 00:48:10] 仓库 https://github.com/whluwit/AutoMergePublicNodes-Optimized 候选文件 38 个
[2026-07-27 00:48:55] 🔗 查子仓库: whluwit/AutoMergePublicNodes-Optimized
[2026-07-27 00:48:55] 🔗 开始 Fork 链追踪 (whluwit/AutoMergePublicNodes-Optimized)
[2026-07-27 00:48:56]   父仓库: LeilaoMi/AutoMergePublicNodes-Optimized
[2026-07-27 00:48:56] 👤 遍历用户仓库: whluwit
[2026-07-27 00:48:58]   👤 用户仓库: 30 个 → 发现队列 (队列: 0/600)
[2026-07-27 00:48:58]   用户 whluwit 共查 30 个仓库
[2026-07-27 00:48:58] 仓库 https://github.com/XD06/proxy-pool-manager (分支: main, size: 12402KB, pushed: 2026-07-26T12:10:46Z)
[2026-07-27 00:48:58] 仓库 https://github.com/XD06/proxy-pool-manager 候选文件 21 个
[2026-07-27 00:49:03] 🔗 查子仓库: XD06/proxy-pool-manager
[2026-07-27 00:49:03] 🔗 开始 Fork 链追踪 (XD06/proxy-pool-manager)
[2026-07-27 00:49:04] 👤 遍历用户仓库: XD06
[2026-07-27 00:49:05]   👤 用户仓库: 30 个 → 发现队列 (队列: 0/600)
[2026-07-27 00:49:05]   用户 XD06 共查 30 个仓库
[2026-07-27 00:49:05] 仓库 https://github.com/rule2c/CF-Workers-SUB (分支: main, size: 315KB, pushed: 2026-07-26T11:53:18Z)
[2026-07-27 00:49:05] 仓库 https://github.com/rule2c/CF-Workers-SUB 无候选文件 (总计 6 blob, 扩展名过滤 3, processed_shas 跳过 0, SHA 缓存跳过 3)
[2026-07-27 00:49:05] 🔗 查子仓库: rule2c/CF-Workers-SUB
[2026-07-27 00:49:06] 🔗 开始 Fork 链追踪 (rule2c/CF-Workers-SUB)
[2026-07-27 00:49:06]   父仓库: cmliu/CF-Workers-SUB
[2026-07-27 00:49:09] 👤 遍历用户仓库: rule2c
[2026-07-27 00:49:09]   👤 用户仓库: 8 个 → 发现队列 (队列: 0/600)
[2026-07-27 00:49:09]   用户 rule2c 共查 8 个仓库
[2026-07-27 00:49:09] 仓库 https://github.com/AureStream/AureStream (分支: main, size: 17028KB, pushed: 2026-07-26T11:31:39Z)
[2026-07-27 00:49:09] 仓库 https://github.com/AureStream/AureStream 候选文件 51 个
[2026-07-27 00:49:10] 仓库 https://github.com/AureStream/AureStream 未提取到节点，加入黑名单
[2026-07-27 00:49:10] 仓库 https://github.com/XavierXIEXIN/CF-Workers-SUB (分支: main, size: 5338KB, pushed: 2026-07-26T09:08:53Z)
[2026-07-27 00:49:11] 仓库 https://github.com/XavierXIEXIN/CF-Workers-SUB 候选文件 15 个
[2026-07-27 00:49:12] 🔗 查子仓库: XavierXIEXIN/CF-Workers-SUB
[2026-07-27 00:49:12] 🔗 开始 Fork 链追踪 (XavierXIEXIN/CF-Workers-SUB)
[2026-07-27 00:49:12]   父仓库: cmliu/CF-Workers-SUB
[2026-07-27 00:49:14] 👤 遍历用户仓库: XavierXIEXIN
[2026-07-27 00:49:15]   👤 用户仓库: 14 个 → 发现队列 (队列: 0/600)
[2026-07-27 00:49:15]   用户 XavierXIEXIN 共查 14 个仓库
[2026-07-27 00:49:15] 仓库 https://github.com/jack08558/Cloudflare-proxy (分支: main, size: 9161KB, pushed: 2026-07-26T07:14:17Z)
[2026-07-27 00:49:15] 仓库 https://github.com/jack08558/Cloudflare-proxy 无候选文件 (总计 9 blob, 扩展名过滤 5, processed_shas 跳过 0, SHA 缓存跳过 4)
[2026-07-27 00:49:15] 🔗 查子仓库: jack08558/Cloudflare-proxy
[2026-07-27 00:49:15] 🔗 开始 Fork 链追踪 (jack08558/Cloudflare-proxy)
[2026-07-27 00:49:16]   父仓库: eooce/Cloudflare-proxy
[2026-07-27 00:49:16] 仓库在黑名单中: https://github.com/eooce/Cloudflare-proxy
[2026-07-27 00:49:16]   父仓库 +0 个节点
[2026-07-27 00:49:17]   🍴 兄弟仓库: 30 个 → 发现队列 (队列: 0/600)
[2026-07-27 00:49:17] 👤 遍历用户仓库: jack08558
[2026-07-27 00:49:17]   👤 用户仓库: 2 个 → 发现队列 (队列: 0/600)
[2026-07-27 00:49:17]   用户 jack08558 共查 2 个仓库
[2026-07-27 00:49:17] 仓库 https://github.com/chenlee86/python-xray-argo (分支: main, size: 35705KB, pushed: 2026-07-26T05:43:23Z)
[2026-07-27 00:49:18] 仓库 https://github.com/chenlee86/python-xray-argo 候选文件 2 个
[2026-07-27 00:49:19] 仓库 https://github.com/chenlee86/python-xray-argo 未提取到节点，加入黑名单
[2026-07-27 00:49:19] 仓库 https://github.com/klxyymail/merge (分支: main, size: 150005KB, pushed: 2026-07-26T04:19:01Z)
[2026-07-27 00:49:19] 仓库 https://github.com/klxyymail/merge 候选文件 4 个
[2026-07-27 00:49:22] 🔗 查子仓库: klxyymail/merge
[2026-07-27 00:49:22] 🔗 开始 Fork 链追踪 (klxyymail/merge)
[2026-07-27 00:49:22]   父仓库: joname1/merge
[2026-07-27 00:49:22] 仓库在黑名单中: https://github.com/joname1/merge
[2026-07-27 00:49:22]   父仓库 +0 个节点
[2026-07-27 00:49:22]   🍴 兄弟仓库: 4 个 → 发现队列 (队列: 0/600)
[2026-07-27 00:49:22] 👤 遍历用户仓库: klxyymail
[2026-07-27 00:49:23]   👤 用户仓库: 11 个 → 发现队列 (队列: 0/600)
[2026-07-27 00:49:23]   用户 klxyymail 共查 11 个仓库
[2026-07-27 00:49:23] 仓库 https://github.com/pingmike2/nodejs-argo (分支: main, size: 27009KB, pushed: 2026-07-26T03:38:14Z)
[2026-07-27 00:49:23] 仓库 https://github.com/pingmike2/nodejs-argo 无候选文件 (总计 6 blob, 扩展名过滤 2, processed_shas 跳过 0, SHA 缓存跳过 4)
[2026-07-27 00:49:23] 🔗 查子仓库: pingmike2/nodejs-argo
[2026-07-27 00:49:24] 🔗 开始 Fork 链追踪 (pingmike2/nodejs-argo)
[2026-07-27 00:49:24]   父仓库: eooce/nodejs-argo
[2026-07-27 00:49:24] ⚠️ 仓库 https://github.com/eooce/nodejs-argo 1113h 未更新，废弃 → 加入黑名单
[2026-07-27 00:49:24]   父仓库 +0 个节点
[2026-07-27 00:49:27]   🍴 兄弟仓库: 30 个 → 发现队列 (队列: 0/600)
[2026-07-27 00:49:27] 👤 遍历用户仓库: pingmike2
[2026-07-27 00:49:28]   👤 用户仓库: 30 个 → 发现队列 (队列: 0/600)
[2026-07-27 00:49:28]   用户 pingmike2 共查 30 个仓库
[2026-07-27 00:49:28] 仓库 https://github.com/xiaowei0605/wodemianban (分支: main, size: 3787KB, pushed: 2026-07-26T03:36:09Z)
[2026-07-27 00:49:29] 仓库 https://github.com/xiaowei0605/wodemianban 无候选文件 (总计 12 blob, 扩展名过滤 5, processed_shas 跳过 0, SHA 缓存跳过 7)
[2026-07-27 00:49:29] 🔗 查子仓库: xiaowei0605/wodemianban
[2026-07-27 00:49:29] 🔗 开始 Fork 链追踪 (xiaowei0605/wodemianban)
[2026-07-27 00:49:29]   父仓库: cmliu/WorkerVless2sub
[2026-07-27 00:49:30] 👤 遍历用户仓库: xiaowei0605
[2026-07-27 00:49:32]   👤 用户仓库: 30 个 → 发现队列 (队列: 0/600)
[2026-07-27 00:49:32]   用户 xiaowei0605 共查 30 个仓库
[2026-07-27 00:49:32] 仓库 https://github.com/shtrend/Workersync (分支: main, size: 4634KB, pushed: 2026-07-26T03:22:31Z)
[2026-07-27 00:49:32] 仓库 https://github.com/shtrend/Workersync 无候选文件 (总计 12 blob, 扩展名过滤 5, processed_shas 跳过 0, SHA 缓存跳过 7)
[2026-07-27 00:49:32] 🔗 查子仓库: shtrend/Workersync
[2026-07-27 00:49:32] 🔗 开始 Fork 链追踪 (shtrend/Workersync)
[2026-07-27 00:49:32]   父仓库: cmliu/WorkerVless2sub
[2026-07-27 00:49:33] 👤 遍历用户仓库: shtrend
[2026-07-27 00:49:35]   👤 用户仓库: 30 个 → 发现队列 (队列: 0/600)
[2026-07-27 00:49:35]   用户 shtrend 共查 30 个仓库
[2026-07-27 00:49:35] 仓库 https://github.com/wzg2829919990/yxip1 (分支: main, size: 3787KB, pushed: 2026-07-26T02:30:57Z)
[2026-07-27 00:49:35] 仓库 https://github.com/wzg2829919990/yxip1 无候选文件 (总计 12 blob, 扩展名过滤 5, processed_shas 跳过 0, SHA 缓存跳过 7)
[2026-07-27 00:49:35] 🔗 查子仓库: wzg2829919990/yxip1
[2026-07-27 00:49:35] 🔗 开始 Fork 链追踪 (wzg2829919990/yxip1)
[2026-07-27 00:49:35]   父仓库: cmliu/WorkerVless2sub
[2026-07-27 00:49:36] 👤 遍历用户仓库: wzg2829919990
[2026-07-27 00:49:37]   👤 用户仓库: 15 个 → 发现队列 (队列: 0/600)
[2026-07-27 00:49:37]   用户 wzg2829919990 共查 15 个仓库
[2026-07-27 00:49:37] 仓库 https://github.com/huli26/Cloudflare-proxy (分支: main, size: 9162KB, pushed: 2026-07-26T02:13:56Z)
[2026-07-27 00:49:37] 仓库 https://github.com/huli26/Cloudflare-proxy 无候选文件 (总计 10 blob, 扩展名过滤 6, processed_shas 跳过 0, SHA 缓存跳过 4)
[2026-07-27 00:49:37] 🔗 查子仓库: huli26/Cloudflare-proxy
[2026-07-27 00:49:37] 🔗 开始 Fork 链追踪 (huli26/Cloudflare-proxy)
[2026-07-27 00:49:38]   父仓库: eooce/Cloudflare-proxy
[2026-07-27 00:49:38] 仓库在黑名单中: https://github.com/eooce/Cloudflare-proxy
[2026-07-27 00:49:38]   父仓库 +0 个节点
[2026-07-27 00:49:38]   🍴 兄弟仓库: 26 个 → 发现队列 (队列: 0/600)
[2026-07-27 00:49:38] 👤 遍历用户仓库: huli26
[2026-07-27 00:49:39]   👤 用户仓库: 1 个 → 发现队列 (队列: 0/600)
[2026-07-27 00:49:39]   用户 huli26 共查 1 个仓库
[2026-07-27 00:49:39] 仓库 https://github.com/frankhanson1230/Worker (分支: main, size: 3787KB, pushed: 2026-07-26T01:19:44Z)
[2026-07-27 00:49:39] 仓库 https://github.com/frankhanson1230/Worker 无候选文件 (总计 12 blob, 扩展名过滤 5, processed_shas 跳过 0, SHA 缓存跳过 7)
[2026-07-27 00:49:39] 🔗 查子仓库: frankhanson1230/Worker
[2026-07-27 00:49:39] 🔗 开始 Fork 链追踪 (frankhanson1230/Worker)
[2026-07-27 00:49:39]   父仓库: cmliu/WorkerVless2sub
[2026-07-27 00:49:40]   ... 主队列 139, 发现队列 0
[2026-07-27 00:49:40] 👤 遍历用户仓库: frankhanson1230
[2026-07-27 00:49:41]   👤 用户仓库: 14 个 → 发现队列 (队列: 0/600)
[2026-07-27 00:49:41]   用户 frankhanson1230 共查 14 个仓库
[2026-07-27 00:49:41] 仓库 https://github.com/jgdong25/CF-Workers-jgdong (分支: main, size: 440KB, pushed: 2026-07-25T23:57:07Z)
[2026-07-27 00:49:41] 仓库 https://github.com/jgdong25/CF-Workers-jgdong 无候选文件 (总计 3 blob, 扩展名过滤 1, processed_shas 跳过 0, SHA 缓存跳过 2)
[2026-07-27 00:49:41] 🔗 查子仓库: jgdong25/CF-Workers-jgdong
[2026-07-27 00:49:42] 🔗 开始 Fork 链追踪 (jgdong25/CF-Workers-jgdong)
[2026-07-27 00:49:42]   父仓库: jgdong3217/CF-Workers-jgdong
[2026-07-27 00:49:42] 仓库在黑名单中: https://github.com/jgdong3217/CF-Workers-jgdong
[2026-07-27 00:49:42]   父仓库 +0 个节点
[2026-07-27 00:49:42] 👤 遍历用户仓库: jgdong25
[2026-07-27 00:49:43]   👤 用户仓库: 14 个 → 发现队列 (队列: 0/600)
[2026-07-27 00:49:43]   用户 jgdong25 共查 14 个仓库
[2026-07-27 00:49:43] 仓库 https://github.com/Doro0721/MiSub (分支: main, size: 7998KB, pushed: 2026-07-25T21:47:04Z)
[2026-07-27 00:49:43] 仓库 https://github.com/Doro0721/MiSub 无候选文件 (总计 461 blob, 扩展名过滤 433, processed_shas 跳过 0, SHA 缓存跳过 28)
[2026-07-27 00:49:43] 🔗 查子仓库: Doro0721/MiSub
[2026-07-27 00:49:43] 🔗 开始 Fork 链追踪 (Doro0721/MiSub)
[2026-07-27 00:49:44]   父仓库: imzyb/MiSub
[2026-07-27 00:49:45] 👤 遍历用户仓库: Doro0721
[2026-07-27 00:49:45]   👤 用户仓库: 11 个 → 发现队列 (队列: 0/600)
[2026-07-27 00:49:45]   用户 Doro0721 共查 11 个仓库
[2026-07-27 00:49:45] 仓库 https://github.com/hgh188/Jsnzkpg (分支: Jsnzkpg, size: 24954KB, pushed: 2026-07-25T21:41:28Z)
[2026-07-27 00:49:45] 仓库 https://github.com/hgh188/Jsnzkpg 候选文件 1 个
[2026-07-27 00:49:46] 仓库 https://github.com/hgh188/Jsnzkpg 未提取到节点，加入黑名单
[2026-07-27 00:49:46] 仓库 https://github.com/TravelLeobai/SCHPD (分支: main, size: 256KB, pushed: 2026-07-25T20:01:27Z)
[2026-07-27 00:49:47] 仓库 https://github.com/TravelLeobai/SCHPD 无候选文件 (总计 4 blob, 扩展名过滤 0, processed_shas 跳过 0, SHA 缓存跳过 4)
[2026-07-27 00:49:47] 🔗 查子仓库: TravelLeobai/SCHPD
[2026-07-27 00:49:47] 🔗 开始 Fork 链追踪 (TravelLeobai/SCHPD)
[2026-07-27 00:49:47] 👤 遍历用户仓库: TravelLeobai
[2026-07-27 00:49:47]   👤 用户仓库: 6 个 → 发现队列 (队列: 0/600)
[2026-07-27 00:49:47]   用户 TravelLeobai 共查 6 个仓库
[2026-07-27 00:49:47] 仓库 https://github.com/wilsonhall001789/youxuan (分支: main, size: 3787KB, pushed: 2026-07-25T18:52:29Z)
[2026-07-27 00:49:48] 仓库 https://github.com/wilsonhall001789/youxuan 无候选文件 (总计 12 blob, 扩展名过滤 5, processed_shas 跳过 0, SHA 缓存跳过 7)
[2026-07-27 00:49:48] 🔗 查子仓库: wilsonhall001789/youxuan
[2026-07-27 00:49:48] 🔗 开始 Fork 链追踪 (wilsonhall001789/youxuan)
[2026-07-27 00:49:48]   父仓库: cmliu/WorkerVless2sub
[2026-07-27 00:49:49] 👤 遍历用户仓库: wilsonhall001789
[2026-07-27 00:49:49]   👤 用户仓库: 8 个 → 发现队列 (队列: 0/600)
[2026-07-27 00:49:49]   用户 wilsonhall001789 共查 8 个仓库
[2026-07-27 00:49:49] 仓库 https://github.com/g-hunter-g/awesome-vpn (分支: main, size: 51805KB, pushed: 2026-07-26T15:57:41Z)
[2026-07-27 00:49:50] 仓库 https://github.com/g-hunter-g/awesome-vpn 候选文件 1 个
[2026-07-27 00:49:50] 🔗 查子仓库: g-hunter-g/awesome-vpn
[2026-07-27 00:49:51] 🔗 开始 Fork 链追踪 (g-hunter-g/awesome-vpn)
[2026-07-27 00:49:51] 👤 遍历用户仓库: g-hunter-g
[2026-07-27 00:49:51]   用户 g-hunter-g 共查 0 个仓库
[2026-07-27 00:49:51] 仓库 https://github.com/ab13643832129/awesome-vpn (分支: master, size: 9804KB, pushed: 2026-07-26T01:52:59Z)
[2026-07-27 00:49:51] 仓库 https://github.com/ab13643832129/awesome-vpn 候选文件 3 个
[2026-07-27 00:49:53] 🔗 查子仓库: ab13643832129/awesome-vpn
[2026-07-27 00:49:53] 🔗 开始 Fork 链追踪 (ab13643832129/awesome-vpn)
[2026-07-27 00:49:54]   父仓库: awesome-vpn/awesome-vpn
[2026-07-27 00:49:54] 👤 遍历用户仓库: ab13643832129
[2026-07-27 00:49:55]   👤 用户仓库: 25 个 → 发现队列 (队列: 0/600)
[2026-07-27 00:49:55]   用户 ab13643832129 共查 25 个仓库
[2026-07-27 00:49:55] ⏭️ 仓库 https://github.com/jichangtuijian2027/mianfeidingyuelianjie 25h 未更新，跳过解析（追踪 fork 链）
[2026-07-27 00:49:55] 🔗 查子仓库: jichangtuijian2027/mianfeidingyuelianjie
[2026-07-27 00:49:55] 🔗 开始 Fork 链追踪 (jichangtuijian2027/mianfeidingyuelianjie)
[2026-07-27 00:49:56] 👤 遍历用户仓库: jichangtuijian2027
[2026-07-27 00:49:56]   👤 用户仓库: 10 个 → 发现队列 (队列: 0/600)
[2026-07-27 00:49:56]   用户 jichangtuijian2027 共查 10 个仓库
[2026-07-27 00:49:56] 仓库 https://github.com/Hawaiine/FlareDDNS (分支: main, size: 31KB, pushed: 2026-07-26T15:04:16Z)
[2026-07-27 00:49:56] 仓库 https://github.com/Hawaiine/FlareDDNS 候选文件 4 个
[2026-07-27 00:49:57] 仓库 https://github.com/Hawaiine/FlareDDNS 未提取到节点，加入黑名单
[2026-07-27 00:49:57] 仓库 https://github.com/hebaodanyimian/-College-student-science-and-technology-competition-management-system-based-on-wechat-mini-program (分支: main, size: 12143KB, pushed: 2026-07-26T07:23:35Z)
[2026-07-27 00:49:58] 仓库 https://github.com/hebaodanyimian/-College-student-science-and-technology-competition-management-system-based-on-wechat-mini-program 候选文件 49 个
[2026-07-27 00:49:59] 仓库 https://github.com/hebaodanyimian/-College-student-science-and-technology-competition-management-system-based-on-wechat-mini-program README 含广告词，加入黑名单
[2026-07-27 00:49:59] 仓库 https://github.com/MAXLYEN/Custom_OpenClash_Rules (分支: main, size: 6332KB, pushed: 2026-07-26T02:26:15Z)
[2026-07-27 00:50:00] 仓库 https://github.com/MAXLYEN/Custom_OpenClash_Rules 候选文件 6 个
[2026-07-27 00:50:01] 仓库 https://github.com/MAXLYEN/Custom_OpenClash_Rules 未提取到节点，加入黑名单
[2026-07-27 00:50:01] 仓库 https://github.com/cymz6/AutoVPN (分支: main, size: 7984KB, pushed: 2026-07-25T18:00:38Z)
[2026-07-27 00:50:02] 仓库 https://github.com/cymz6/AutoVPN 候选文件 3 个
[2026-07-27 00:50:02] 🔗 查子仓库: cymz6/AutoVPN
[2026-07-27 00:50:03]   🍴 子仓库: 6 个 → 发现队列 (队列: 0/600)
[2026-07-27 00:50:03] 🔗 开始 Fork 链追踪 (cymz6/AutoVPN)
[2026-07-27 00:50:03] 👤 遍历用户仓库: cymz6
[2026-07-27 00:50:04]   👤 用户仓库: 30 个 → 发现队列 (队列: 0/600)
[2026-07-27 00:50:04]   用户 cymz6 共查 30 个仓库
[2026-07-27 00:50:04] 仓库 https://github.com/yongwei9527-art/s-ui-go (分支: latest-project-upload, size: 2507038KB, pushed: 2026-07-26T10:43:26Z)
[2026-07-27 00:50:04] 仓库 https://github.com/yongwei9527-art/s-ui-go 候选文件 26 个
[2026-07-27 00:50:05] 仓库 https://github.com/yongwei9527-art/s-ui-go 未提取到节点，加入黑名单
[2026-07-27 00:50:05] 仓库 https://github.com/kkone-kk/3x-ui (分支: main, size: 55776KB, pushed: 2026-07-25T19:39:57Z)
[2026-07-27 00:50:06] 仓库 https://github.com/kkone-kk/3x-ui 候选文件 25 个
[2026-07-27 00:50:12] 🔗 查子仓库: kkone-kk/3x-ui
[2026-07-27 00:50:12] 🔗 开始 Fork 链追踪 (kkone-kk/3x-ui)
[2026-07-27 00:50:12]   父仓库: MHSanaei/3x-ui
[2026-07-27 00:50:12] 仓库在黑名单中: https://github.com/MHSanaei/3x-ui
[2026-07-27 00:50:12]   父仓库 +0 个节点
[2026-07-27 00:50:14]   🍴 兄弟仓库: 30 个 → 发现队列 (队列: 0/600)
[2026-07-27 00:50:14] 👤 遍历用户仓库: kkone-kk
[2026-07-27 00:50:17]   👤 用户仓库: 30 个 → 发现队列 (队列: 0/600)
[2026-07-27 00:50:17]   用户 kkone-kk 共查 30 个仓库
[2026-07-27 00:50:17] 仓库 https://github.com/river2heaven/tongtian (分支: main, size: 17699KB, pushed: 2026-07-26T16:28:23Z)
[2026-07-27 00:50:18] 仓库 https://github.com/river2heaven/tongtian 候选文件 21 个
[2026-07-27 00:50:19] 仓库 https://github.com/river2heaven/tongtian 未提取到节点，加入黑名单
[2026-07-27 00:50:19] 仓库 https://github.com/keiraee/XiaomiTokenMonitor (分支: main, size: 62KB, pushed: 2026-07-26T16:26:39Z)
[2026-07-27 00:50:19] 仓库 https://github.com/keiraee/XiaomiTokenMonitor 候选文件 4 个
[2026-07-27 00:50:21] 仓库 https://github.com/keiraee/XiaomiTokenMonitor 未提取到节点，加入黑名单
[2026-07-27 00:50:21] 仓库 https://github.com/EarthWind/deepllm (分支: main, size: 742132KB, pushed: 2026-07-26T16:26:38Z)
[2026-07-27 00:50:22] 仓库 https://github.com/EarthWind/deepllm 候选文件较多 (529 个)，先通过 commits API 过滤
[2026-07-27 00:50:23]   Compare API 返回 10 个变更文件 (3 次 API 调用)
[2026-07-27 00:50:23]   commits 过滤: 529 → 2 (变更文件 10 个)
[2026-07-27 00:50:23] 仓库 https://github.com/EarthWind/deepllm 候选文件 2 个
[2026-07-27 00:50:24] 仓库 https://github.com/EarthWind/deepllm 未提取到节点，加入黑名单
[2026-07-27 00:50:24] 仓库 https://github.com/tanapok/ai-agent-book (分支: main, size: 296363KB, pushed: 2026-07-26T16:23:55Z)
[2026-07-27 00:50:25] 仓库 https://github.com/tanapok/ai-agent-book 候选文件较多 (1087 个)，先通过 commits API 过滤
[2026-07-27 00:50:26]   Compare API 返回 101 个变更文件 (3 次 API 调用)
[2026-07-27 00:50:26]   commits 过滤: 1087 → 99 (变更文件 101 个)
[2026-07-27 00:50:26] 仓库 https://github.com/tanapok/ai-agent-book 候选文件 99 个
[2026-07-27 00:50:29] 仓库 https://github.com/tanapok/ai-agent-book README 含广告词，加入黑名单
[2026-07-27 00:50:29] 仓库 https://github.com/YanGLweI/WinSLA (分支: master, size: 335KB, pushed: 2026-07-26T16:20:39Z)
[2026-07-27 00:50:29] 仓库 https://github.com/YanGLweI/WinSLA 候选文件 11 个
[2026-07-27 00:50:30] 仓库 https://github.com/YanGLweI/WinSLA 未提取到节点，加入黑名单
[2026-07-27 00:50:30] 仓库 https://github.com/z66n/Xget (分支: main, size: 2848KB, pushed: 2026-07-26T16:16:06Z)
[2026-07-27 00:50:30] 仓库 https://github.com/z66n/Xget 候选文件 9 个
[2026-07-27 00:50:34] 仓库 https://github.com/z66n/Xget 未提取到节点，加入黑名单
[2026-07-27 00:50:34] ⚠️ 仓库 https://github.com/AskHeartTechnology/AxumReactAdmin 大小为 0，跳过
[2026-07-27 00:50:34] 仓库 https://github.com/ZhangNoName/LingDian (分支: main, size: 1202KB, pushed: 2026-07-26T16:04:06Z)
[2026-07-27 00:50:35] 仓库 https://github.com/ZhangNoName/LingDian 候选文件 73 个
[2026-07-27 00:50:38] 仓库 https://github.com/ZhangNoName/LingDian README 含广告词，加入黑名单
[2026-07-27 00:50:38] 仓库 https://github.com/sakana164/pixez-flutter (分支: master, size: 189749KB, pushed: 2026-07-26T16:03:53Z)
[2026-07-27 00:50:38] 仓库 https://github.com/sakana164/pixez-flutter 无候选文件 (总计 1071 blob, 扩展名过滤 947, processed_shas 跳过 0, SHA 缓存跳过 124)
[2026-07-27 00:50:38] 🔗 查子仓库: sakana164/pixez-flutter
[2026-07-27 00:50:38] 🔗 开始 Fork 链追踪 (sakana164/pixez-flutter)
[2026-07-27 00:50:39]   父仓库: Notsfsssf/pixez-flutter
[2026-07-27 00:50:39] 仓库在黑名单中: https://github.com/Notsfsssf/pixez-flutter
[2026-07-27 00:50:39]   父仓库 +0 个节点
[2026-07-27 00:50:40]   🍴 兄弟仓库: 30 个 → 发现队列 (队列: 0/600)
[2026-07-27 00:50:40] 👤 遍历用户仓库: sakana164
[2026-07-27 00:50:41]   👤 用户仓库: 30 个 → 发现队列 (队列: 0/600)
[2026-07-27 00:50:41]   用户 sakana164 共查 30 个仓库
[2026-07-27 00:50:41] 仓库 https://github.com/kekewolf/awesome-claude-code (分支: main, size: 22564KB, pushed: 2026-07-26T16:03:45Z)
[2026-07-27 00:50:41] 仓库 https://github.com/kekewolf/awesome-claude-code 候选文件较多 (163 个)，先通过 commits API 过滤
[2026-07-27 00:50:42]   Compare API 返回 6 个变更文件 (3 次 API 调用)
[2026-07-27 00:50:42]   commits 过滤: 163 → 0 (变更文件 6 个)
[2026-07-27 00:50:42] 仓库 https://github.com/kekewolf/awesome-claude-code 候选文件经时间过滤后为空
[2026-07-27 00:50:42] 🔗 查子仓库: kekewolf/awesome-claude-code
[2026-07-27 00:50:42] 🔗 开始 Fork 链追踪 (kekewolf/awesome-claude-code)
[2026-07-27 00:50:42]   父仓库: hesreallyhim/awesome-claude-code
[2026-07-27 00:50:42] 仓库在黑名单中: https://github.com/hesreallyhim/awesome-claude-code
[2026-07-27 00:50:42]   父仓库 +0 个节点
[2026-07-27 00:50:43]   🍴 兄弟仓库: 30 个 → 发现队列 (队列: 0/600)
[2026-07-27 00:50:43] 👤 遍历用户仓库: kekewolf
[2026-07-27 00:50:50]   👤 用户仓库: 30 个 → 发现队列 (队列: 0/600)
[2026-07-27 00:50:50]   用户 kekewolf 共查 30 个仓库
[2026-07-27 00:50:50] 仓库 https://github.com/neuer/enterprise-sms-platform-public (分支: main, size: 2290KB, pushed: 2026-07-26T16:28:09Z)
[2026-07-27 00:50:51] 仓库 https://github.com/neuer/enterprise-sms-platform-public 候选文件 73 个
[2026-07-27 00:50:53] 仓库 https://github.com/neuer/enterprise-sms-platform-public 未提取到节点，加入黑名单
[2026-07-27 00:50:53] 仓库 https://github.com/sugergirl520/subs-checker (分支: main, size: 276480KB, pushed: 2026-07-26T16:01:47Z)
[2026-07-27 00:50:53] 仓库 https://github.com/sugergirl520/subs-checker 候选文件 2 个
[2026-07-27 00:50:54] 🔗 查子仓库: sugergirl520/subs-checker
[2026-07-27 00:50:54]   🍴 子仓库: 1 个 → 发现队列 (队列: 0/600)
[2026-07-27 00:50:54] 🔗 开始 Fork 链追踪 (sugergirl520/subs-checker)
[2026-07-27 00:50:55] 👤 遍历用户仓库: sugergirl520
[2026-07-27 00:50:55]   👤 用户仓库: 7 个 → 发现队列 (队列: 0/600)
[2026-07-27 00:50:55]   用户 sugergirl520 共查 7 个仓库
[2026-07-27 00:50:55] ⚠️ 仓库 https://github.com/Sudentking/aihub_run 大小为 0，跳过
[2026-07-27 00:50:55] ⚠️ 仓库 https://github.com/decadeking/First 大小为 0，跳过
[2026-07-27 00:50:55] ⚠️ 仓库 https://github.com/xiaoying261/UI-Design-Agent- 大小为 0，跳过
[2026-07-27 00:50:55] 仓库 https://github.com/tianxingleo/dlut-nihongo-quiz (分支: main, size: 22246KB, pushed: 2026-07-26T15:46:26Z)
[2026-07-27 00:50:56] 仓库 https://github.com/tianxingleo/dlut-nihongo-quiz 候选文件 80 个
[2026-07-27 00:51:19] 仓库 https://github.com/tianxingleo/dlut-nihongo-quiz 未提取到节点，加入黑名单
[2026-07-27 00:51:19] 仓库 https://github.com/TangGuoNiuBi/opencode-conversation-sync (分支: main, size: 4293KB, pushed: 2026-07-26T15:50:25Z)
[2026-07-27 00:51:19] 仓库 https://github.com/TangGuoNiuBi/opencode-conversation-sync 候选文件 4 个
[2026-07-27 00:51:20] 仓库 https://github.com/TangGuoNiuBi/opencode-conversation-sync 未提取到节点，加入黑名单
[2026-07-27 00:51:20] 仓库 https://github.com/jiz-1789/LLM-API-Proxy (分支: main, size: 680KB, pushed: 2026-07-26T15:43:25Z)
[2026-07-27 00:51:21] 仓库 https://github.com/jiz-1789/LLM-API-Proxy 候选文件 13 个
[2026-07-27 00:51:22] 仓库 https://github.com/jiz-1789/LLM-API-Proxy 未提取到节点，加入黑名单
[2026-07-27 00:51:22] ⚠️ 仓库 https://github.com/Yunmeng123/Args 大小为 0，跳过
[2026-07-27 00:51:22] 仓库 https://github.com/linperfei/ai-agent-book (分支: main, size: 353575KB, pushed: 2026-07-26T15:39:25Z)
[2026-07-27 00:51:22] 仓库 https://github.com/linperfei/ai-agent-book 候选文件较多 (988 个)，先通过 commits API 过滤
[2026-07-27 00:51:24]   Compare API 返回 101 个变更文件 (3 次 API 调用)
[2026-07-27 00:51:24]   commits 过滤: 988 → 0 (变更文件 101 个)
[2026-07-27 00:51:24] 仓库 https://github.com/linperfei/ai-agent-book 候选文件经时间过滤后为空
[2026-07-27 00:51:24] 🔗 查子仓库: linperfei/ai-agent-book
[2026-07-27 00:51:24] 🔗 开始 Fork 链追踪 (linperfei/ai-agent-book)
[2026-07-27 00:51:24]   父仓库: bojieli/ai-agent-book
[2026-07-27 00:51:25]   🍴 兄弟仓库: 30 个 → 发现队列 (队列: 0/600)
[2026-07-27 00:51:25] 👤 遍历用户仓库: linperfei
[2026-07-27 00:51:26]   👤 用户仓库: 20 个 → 发现队列 (队列: 0/600)
[2026-07-27 00:51:26]   用户 linperfei 共查 20 个仓库
[2026-07-27 00:51:26] 仓库 https://github.com/jiangbyte/myriad-forge (分支: main, size: 3234KB, pushed: 2026-07-26T15:36:34Z)
[2026-07-27 00:51:26] 仓库 https://github.com/jiangbyte/myriad-forge 候选文件 36 个
[2026-07-27 00:51:30] 仓库 https://github.com/jiangbyte/myriad-forge 未提取到节点，加入黑名单
[2026-07-27 00:51:30] 仓库 https://github.com/y-projects/game-mitm (分支: master, size: 32KB, pushed: 2026-07-26T15:33:50Z)
[2026-07-27 00:51:30] 仓库 https://github.com/y-projects/game-mitm 候选文件 2 个
[2026-07-27 00:51:30] 仓库 https://github.com/y-projects/game-mitm 未提取到节点，加入黑名单
[2026-07-27 00:51:30] ⚠️ 仓库 https://github.com/Max052900/max-copywriting-skill 大小为 0，跳过
[2026-07-27 00:51:30] 仓库 https://github.com/MiniSixth-ORG/repo-agent (分支: main, size: 26KB, pushed: 2026-07-26T15:21:34Z)
[2026-07-27 00:51:31] 仓库 https://github.com/MiniSixth-ORG/repo-agent 候选文件 4 个
[2026-07-27 00:51:32] 仓库 https://github.com/MiniSixth-ORG/repo-agent 未提取到节点，加入黑名单
[2026-07-27 00:51:32] 仓库 https://github.com/phoenixlucky/browser-localmcp-skills (分支: master, size: 36KB, pushed: 2026-07-26T15:19:08Z)
[2026-07-27 00:51:33] 仓库 https://github.com/phoenixlucky/browser-localmcp-skills 候选文件 7 个
[2026-07-27 00:51:35] 仓库 https://github.com/phoenixlucky/browser-localmcp-skills 未提取到节点，加入黑名单
[2026-07-27 00:51:35] 仓库 https://github.com/expvn/ai-agent-book (分支: main, size: 296812KB, pushed: 2026-07-26T15:18:20Z)
[2026-07-27 00:51:36] 仓库 https://github.com/expvn/ai-agent-book 候选文件较多 (988 个)，先通过 commits API 过滤
[2026-07-27 00:51:37]   Compare API 返回 101 个变更文件 (3 次 API 调用)
[2026-07-27 00:51:37]   commits 过滤: 988 → 0 (变更文件 101 个)
[2026-07-27 00:51:37] 仓库 https://github.com/expvn/ai-agent-book 候选文件经时间过滤后为空
[2026-07-27 00:51:37] 🔗 查子仓库: expvn/ai-agent-book
[2026-07-27 00:51:37] 🔗 开始 Fork 链追踪 (expvn/ai-agent-book)
[2026-07-27 00:51:37]   父仓库: bojieli/ai-agent-book
[2026-07-27 00:51:38]   🍴 兄弟仓库: 22 个 → 发现队列 (队列: 0/600)
[2026-07-27 00:51:38] 👤 遍历用户仓库: expvn
[2026-07-27 00:51:41]   ... 主队列 99, 发现队列 0
[2026-07-27 00:51:46]   👤 用户仓库: 30 个 → 发现队列 (队列: 0/600)
[2026-07-27 00:51:46]   用户 expvn 共查 30 个仓库
[2026-07-27 00:51:46] 仓库 https://github.com/zenghui-li/ai-agent-book (分支: main, size: 296812KB, pushed: 2026-07-26T15:18:20Z)
[2026-07-27 00:51:47] 仓库 https://github.com/zenghui-li/ai-agent-book 候选文件较多 (988 个)，先通过 commits API 过滤
[2026-07-27 00:51:48]   Compare API 返回 101 个变更文件 (3 次 API 调用)
[2026-07-27 00:51:48]   commits 过滤: 988 → 0 (变更文件 101 个)
[2026-07-27 00:51:48] 仓库 https://github.com/zenghui-li/ai-agent-book 候选文件经时间过滤后为空
[2026-07-27 00:51:48] 🔗 查子仓库: zenghui-li/ai-agent-book
[2026-07-27 00:51:48] 🔗 开始 Fork 链追踪 (zenghui-li/ai-agent-book)
[2026-07-27 00:51:48]   父仓库: bojieli/ai-agent-book
[2026-07-27 00:51:49] 👤 遍历用户仓库: zenghui-li
[2026-07-27 00:51:52]   👤 用户仓库: 30 个 → 发现队列 (队列: 0/600)
[2026-07-27 00:51:52]   用户 zenghui-li 共查 30 个仓库
[2026-07-27 00:51:52] 仓库 https://github.com/zdjiangfdu/ai-agent-book-libojie (分支: main, size: 296812KB, pushed: 2026-07-26T15:18:20Z)
[2026-07-27 00:51:52] 仓库 https://github.com/zdjiangfdu/ai-agent-book-libojie 候选文件较多 (988 个)，先通过 commits API 过滤
[2026-07-27 00:51:53]   Compare API 返回 101 个变更文件 (3 次 API 调用)
[2026-07-27 00:51:53]   commits 过滤: 988 → 0 (变更文件 101 个)
[2026-07-27 00:51:53] 仓库 https://github.com/zdjiangfdu/ai-agent-book-libojie 候选文件经时间过滤后为空
[2026-07-27 00:51:53] 🔗 查子仓库: zdjiangfdu/ai-agent-book-libojie
[2026-07-27 00:51:54] 🔗 开始 Fork 链追踪 (zdjiangfdu/ai-agent-book-libojie)
[2026-07-27 00:51:54]   父仓库: bojieli/ai-agent-book
[2026-07-27 00:51:55] 👤 遍历用户仓库: zdjiangfdu
[2026-07-27 00:52:00]   👤 用户仓库: 30 个 → 发现队列 (队列: 0/600)
[2026-07-27 00:52:00]   用户 zdjiangfdu 共查 30 个仓库
[2026-07-27 00:52:00] 仓库 https://github.com/chuyingjun/ai-agent-book (分支: main, size: 296812KB, pushed: 2026-07-26T15:18:20Z)
[2026-07-27 00:52:01] 仓库 https://github.com/chuyingjun/ai-agent-book 候选文件较多 (988 个)，先通过 commits API 过滤
[2026-07-27 00:52:02]   Compare API 返回 101 个变更文件 (3 次 API 调用)
[2026-07-27 00:52:02]   commits 过滤: 988 → 0 (变更文件 101 个)
[2026-07-27 00:52:02] 仓库 https://github.com/chuyingjun/ai-agent-book 候选文件经时间过滤后为空
[2026-07-27 00:52:02] 🔗 查子仓库: chuyingjun/ai-agent-book
[2026-07-27 00:52:02] 🔗 开始 Fork 链追踪 (chuyingjun/ai-agent-book)
[2026-07-27 00:52:03]   父仓库: bojieli/ai-agent-book
[2026-07-27 00:52:03] 👤 遍历用户仓库: chuyingjun
[2026-07-27 00:52:07]   👤 用户仓库: 30 个 → 发现队列 (队列: 0/600)
[2026-07-27 00:52:07]   用户 chuyingjun 共查 30 个仓库
[2026-07-27 00:52:07] 仓库 https://github.com/LeMon0526/ai-agent-book (分支: main, size: 296812KB, pushed: 2026-07-26T15:18:20Z)
[2026-07-27 00:52:07] 仓库 https://github.com/LeMon0526/ai-agent-book 候选文件较多 (988 个)，先通过 commits API 过滤
[2026-07-27 00:52:08]   Compare API 返回 101 个变更文件 (3 次 API 调用)
[2026-07-27 00:52:08]   commits 过滤: 988 → 0 (变更文件 101 个)
[2026-07-27 00:52:08] 仓库 https://github.com/LeMon0526/ai-agent-book 候选文件经时间过滤后为空
[2026-07-27 00:52:08] 🔗 查子仓库: LeMon0526/ai-agent-book
[2026-07-27 00:52:09] 🔗 开始 Fork 链追踪 (LeMon0526/ai-agent-book)
[2026-07-27 00:52:09]   父仓库: bojieli/ai-agent-book
[2026-07-27 00:52:10] 👤 遍历用户仓库: LeMon0526
[2026-07-27 00:52:11]   👤 用户仓库: 30 个 → 发现队列 (队列: 0/600)
[2026-07-27 00:52:11]   用户 LeMon0526 共查 30 个仓库
[2026-07-27 00:52:11] 仓库 https://github.com/ouminghai/ai-agent-book (分支: main, size: 296812KB, pushed: 2026-07-26T15:18:20Z)
[2026-07-27 00:52:11] 仓库 https://github.com/ouminghai/ai-agent-book 候选文件较多 (988 个)，先通过 commits API 过滤
[2026-07-27 00:52:13]   Compare API 返回 101 个变更文件 (3 次 API 调用)
[2026-07-27 00:52:13]   commits 过滤: 988 → 0 (变更文件 101 个)
[2026-07-27 00:52:13] 仓库 https://github.com/ouminghai/ai-agent-book 候选文件经时间过滤后为空
[2026-07-27 00:52:13] 🔗 查子仓库: ouminghai/ai-agent-book
[2026-07-27 00:52:13] 🔗 开始 Fork 链追踪 (ouminghai/ai-agent-book)
[2026-07-27 00:52:13]   父仓库: bojieli/ai-agent-book
[2026-07-27 00:52:14] 👤 遍历用户仓库: ouminghai
[2026-07-27 00:52:16]   👤 用户仓库: 30 个 → 发现队列 (队列: 0/600)
[2026-07-27 00:52:16]   用户 ouminghai 共查 30 个仓库
[2026-07-27 00:52:16] 仓库 https://github.com/sykuang/thoth (分支: main, size: 7144KB, pushed: 2026-07-26T15:12:09Z)
[2026-07-27 00:52:17] 仓库 https://github.com/sykuang/thoth 候选文件 25 个
[2026-07-27 00:52:18] 仓库 https://github.com/sykuang/thoth 未提取到节点，加入黑名单
[2026-07-27 00:52:18] 仓库 https://github.com/xj888xj/sing-box-yg (分支: main, size: 338210KB, pushed: 2026-07-26T15:10:06Z)
[2026-07-27 00:52:18] 仓库 https://github.com/xj888xj/sing-box-yg 无候选文件 (总计 17 blob, 扩展名过滤 7, processed_shas 跳过 0, SHA 缓存跳过 10)
[2026-07-27 00:52:18] 🔗 查子仓库: xj888xj/sing-box-yg
[2026-07-27 00:52:19] 🔗 开始 Fork 链追踪 (xj888xj/sing-box-yg)
[2026-07-27 00:52:19]   父仓库: yonggekkk/sing-box-yg
[2026-07-27 00:52:21]   🍴 兄弟仓库: 30 个 → 发现队列 (队列: 0/600)
[2026-07-27 00:52:21] 👤 遍历用户仓库: xj888xj
[2026-07-27 00:52:22]   👤 用户仓库: 30 个 → 发现队列 (队列: 0/600)
[2026-07-27 00:52:22]   用户 xj888xj 共查 30 个仓库
[2026-07-27 00:52:22] 仓库 https://github.com/jb21cn/proxy-subscription (分支: main, size: 22731KB, pushed: 2026-07-26T15:03:21Z)
[2026-07-27 00:52:22] 仓库 https://github.com/jb21cn/proxy-subscription 候选文件 3 个
[2026-07-27 00:52:23] 🔗 查子仓库: jb21cn/proxy-subscription
[2026-07-27 00:52:23] 🔗 开始 Fork 链追踪 (jb21cn/proxy-subscription)
[2026-07-27 00:52:23] 👤 遍历用户仓库: jb21cn
[2026-07-27 00:52:23]   👤 用户仓库: 1 个 → 发现队列 (队列: 0/600)
[2026-07-27 00:52:23]   用户 jb21cn 共查 1 个仓库
[2026-07-27 00:52:23] 仓库 https://github.com/aviamastersgh/mtproto-free-russia (分支: main, size: 561KB, pushed: 2026-07-26T15:00:42Z)
[2026-07-27 00:52:24] 仓库 https://github.com/aviamastersgh/mtproto-free-russia 候选文件 7 个
[2026-07-27 00:52:25] 仓库 https://github.com/aviamastersgh/mtproto-free-russia 未提取到节点，加入黑名单
[2026-07-27 00:52:25] 仓库 https://github.com/haojunsheng/ai-agent-book (分支: main, size: 296356KB, pushed: 2026-07-26T15:00:35Z)
[2026-07-27 00:52:26] 仓库 https://github.com/haojunsheng/ai-agent-book 候选文件较多 (990 个)，先通过 commits API 过滤
[2026-07-27 00:52:27]   Compare API 返回 101 个变更文件 (3 次 API 调用)
[2026-07-27 00:52:27]   commits 过滤: 990 → 2 (变更文件 101 个)
[2026-07-27 00:52:27] 仓库 https://github.com/haojunsheng/ai-agent-book 候选文件 2 个
[2026-07-27 00:52:30] 仓库 https://github.com/haojunsheng/ai-agent-book README 含广告词，加入黑名单
[2026-07-27 00:52:30] 仓库 https://github.com/WaynePluto/local-web-search-agent (分支: master, size: 54KB, pushed: 2026-07-26T14:55:22Z)
[2026-07-27 00:52:30] 仓库 https://github.com/WaynePluto/local-web-search-agent 候选文件 13 个
[2026-07-27 00:52:31] 仓库 https://github.com/WaynePluto/local-web-search-agent 未提取到节点，加入黑名单
[2026-07-27 00:52:31] 仓库 https://github.com/bit-cook/OpenBrowser (分支: main, size: 12180KB, pushed: 2026-07-26T14:54:35Z)
[2026-07-27 00:52:31] 仓库 https://github.com/bit-cook/OpenBrowser 候选文件 8 个
[2026-07-27 00:52:55] 仓库 https://github.com/bit-cook/OpenBrowser 未提取到节点，加入黑名单
[2026-07-27 00:52:55] ⚠️ 仓库 https://github.com/Amretyll/Algorithm-Competition 大小为 0，跳过
[2026-07-27 00:52:55] 仓库 https://github.com/WayneStr/Bellwether (分支: master, size: 774KB, pushed: 2026-07-26T14:47:52Z)
[2026-07-27 00:52:55] 仓库 https://github.com/WayneStr/Bellwether 候选文件 28 个
[2026-07-27 00:52:56] 仓库 https://github.com/WayneStr/Bellwether 未提取到节点，加入黑名单
[2026-07-27 00:52:56] 仓库 https://github.com/beibinyang/2025-blog-public (分支: main, size: 17253KB, pushed: 2026-07-26T14:44:10Z)
[2026-07-27 00:52:56] 仓库 https://github.com/beibinyang/2025-blog-public 候选文件较多 (132 个)，先通过 commits API 过滤
[2026-07-27 00:52:57]   Compare API 返回 1 个变更文件 (3 次 API 调用)
[2026-07-27 00:52:57]   commits 过滤: 132 → 0 (变更文件 1 个)
[2026-07-27 00:52:57] 仓库 https://github.com/beibinyang/2025-blog-public 候选文件经时间过滤后为空
[2026-07-27 00:52:57] 🔗 查子仓库: beibinyang/2025-blog-public
[2026-07-27 00:52:57] 🔗 开始 Fork 链追踪 (beibinyang/2025-blog-public)
[2026-07-27 00:52:57]   父仓库: YYsuni/2025-blog-public
[2026-07-27 00:52:57] 仓库在黑名单中: https://github.com/YYsuni/2025-blog-public
[2026-07-27 00:52:57]   父仓库 +0 个节点
[2026-07-27 00:52:59]   🍴 兄弟仓库: 30 个 → 发现队列 (队列: 0/600)
[2026-07-27 00:52:59] 👤 遍历用户仓库: beibinyang
[2026-07-27 00:53:00]   👤 用户仓库: 30 个 → 发现队列 (队列: 0/600)
[2026-07-27 00:53:00]   用户 beibinyang 共查 30 个仓库
[2026-07-27 00:53:00] 仓库 https://github.com/ChenXu233/Chiral-Recall (分支: master, size: 221KB, pushed: 2026-07-26T14:39:03Z)
[2026-07-27 00:53:00] 仓库 https://github.com/ChenXu233/Chiral-Recall 候选文件 16 个
[2026-07-27 00:53:01] 仓库 https://github.com/ChenXu233/Chiral-Recall 未提取到节点，加入黑名单
[2026-07-27 00:53:01] 仓库 https://github.com/ExLei/vps-proxy (分支: main, size: 129KB, pushed: 2026-07-26T14:36:11Z)
[2026-07-27 00:53:01] 仓库 https://github.com/ExLei/vps-proxy 候选文件 1 个
[2026-07-27 00:53:02] 🔗 查子仓库: ExLei/vps-proxy
[2026-07-27 00:53:02] 🔗 开始 Fork 链追踪 (ExLei/vps-proxy)
[2026-07-27 00:53:03] 👤 遍历用户仓库: ExLei
[2026-07-27 00:53:03]   👤 用户仓库: 10 个 → 发现队列 (队列: 0/600)
[2026-07-27 00:53:03]   用户 ExLei 共查 10 个仓库
[2026-07-27 00:53:03] 仓库 https://github.com/wonderfulaichen/AIGate (分支: main, size: 100KB, pushed: 2026-07-26T14:29:59Z)
[2026-07-27 00:53:03] 仓库 https://github.com/wonderfulaichen/AIGate 候选文件 6 个
[2026-07-27 00:53:04] 仓库 https://github.com/wonderfulaichen/AIGate README 含广告词，加入黑名单
[2026-07-27 00:53:04] 仓库 https://github.com/hanlu0716/ai-agent-book (分支: main, size: 296356KB, pushed: 2026-07-26T14:24:54Z)
[2026-07-27 00:53:05] 仓库 https://github.com/hanlu0716/ai-agent-book 候选文件较多 (988 个)，先通过 commits API 过滤
[2026-07-27 00:53:06]   Compare API 返回 101 个变更文件 (3 次 API 调用)
[2026-07-27 00:53:06]   commits 过滤: 988 → 0 (变更文件 101 个)
[2026-07-27 00:53:06] 仓库 https://github.com/hanlu0716/ai-agent-book 候选文件经时间过滤后为空
[2026-07-27 00:53:06] 🔗 查子仓库: hanlu0716/ai-agent-book
[2026-07-27 00:53:07] 🔗 开始 Fork 链追踪 (hanlu0716/ai-agent-book)
[2026-07-27 00:53:07]   父仓库: bojieli/ai-agent-book
[2026-07-27 00:53:08] 👤 遍历用户仓库: hanlu0716
[2026-07-27 00:53:08]   👤 用户仓库: 20 个 → 发现队列 (队列: 0/600)
[2026-07-27 00:53:08]   用户 hanlu0716 共查 20 个仓库
[2026-07-27 00:53:08] 仓库 https://github.com/arkvaer/jvm_book (分支: master, size: 572KB, pushed: 2026-07-26T14:17:14Z)
[2026-07-27 00:53:09] 仓库 https://github.com/arkvaer/jvm_book 候选文件 3 个
[2026-07-27 00:53:09] 仓库 https://github.com/arkvaer/jvm_book 未提取到节点，加入黑名单
[2026-07-27 00:53:09] 仓库 https://github.com/dromara/skyeye (分支: company_server, size: 228366KB, pushed: 2026-07-26T14:13:51Z)
[2026-07-27 00:53:10] 仓库 https://github.com/dromara/skyeye 候选文件较多 (155 个)，先通过 commits API 过滤
[2026-07-27 00:53:11]   Compare API 返回 38 个变更文件 (3 次 API 调用)
[2026-07-27 00:53:11]   commits 过滤: 155 → 1 (变更文件 38 个)
[2026-07-27 00:53:11] 仓库 https://github.com/dromara/skyeye 候选文件 1 个
[2026-07-27 00:53:12] 仓库 https://github.com/dromara/skyeye README 含广告词，加入黑名单
[2026-07-27 00:53:12] 仓库 https://github.com/weizhiqiang1995/erp-pro (分支: company_server, size: 217866KB, pushed: 2026-07-26T14:13:42Z)
[2026-07-27 00:53:13] 仓库 https://github.com/weizhiqiang1995/erp-pro 候选文件较多 (154 个)，先通过 commits API 过滤
[2026-07-27 00:53:14]   Compare API 返回 38 个变更文件 (3 次 API 调用)
[2026-07-27 00:53:14]   commits 过滤: 154 → 0 (变更文件 38 个)
[2026-07-27 00:53:14] 仓库 https://github.com/weizhiqiang1995/erp-pro 候选文件经时间过滤后为空
[2026-07-27 00:53:14] 🔗 查子仓库: weizhiqiang1995/erp-pro
[2026-07-27 00:53:15]   🍴 子仓库: 30 个 → 发现队列 (队列: 0/600)
[2026-07-27 00:53:15] 🔗 开始 Fork 链追踪 (weizhiqiang1995/erp-pro)
[2026-07-27 00:53:16] 👤 遍历用户仓库: weizhiqiang1995
[2026-07-27 00:53:16]   👤 用户仓库: 4 个 → 发现队列 (队列: 0/600)
[2026-07-27 00:53:16]   用户 weizhiqiang1995 共查 4 个仓库
[2026-07-27 00:53:16] 仓库 https://github.com/JasonBai-tech/apple-ai-test-platform (分支: main, size: 3008KB, pushed: 2026-07-26T14:12:36Z)
[2026-07-27 00:53:16] 仓库 https://github.com/JasonBai-tech/apple-ai-test-platform 候选文件 11 个
[2026-07-27 00:53:17] 仓库 https://github.com/JasonBai-tech/apple-ai-test-platform 未提取到节点，加入黑名单
[2026-07-27 00:53:17] 仓库 https://github.com/sunxboy/nullBrowser (分支: main, size: 12168KB, pushed: 2026-07-26T14:08:37Z)
[2026-07-27 00:53:18] 仓库 https://github.com/sunxboy/nullBrowser 候选文件 12 个
[2026-07-27 00:53:18] 仓库 https://github.com/sunxboy/nullBrowser 未提取到节点，加入黑名单
[2026-07-27 00:53:18] 仓库 https://github.com/GenmetsuWenxuePress/hermes-skills (分支: main, size: 64KB, pushed: 2026-07-26T14:06:37Z)
[2026-07-27 00:53:19] 仓库 https://github.com/GenmetsuWenxuePress/hermes-skills 候选文件 5 个
[2026-07-27 00:53:20] 仓库 https://github.com/GenmetsuWenxuePress/hermes-skills 未提取到节点，加入黑名单
[2026-07-27 00:53:20] 仓库 https://github.com/hugh-zhan9/CineInsight (分支: master, size: 1625KB, pushed: 2026-07-26T14:02:36Z)
[2026-07-27 00:53:21] 仓库 https://github.com/hugh-zhan9/CineInsight 候选文件 20 个
[2026-07-27 00:53:22] 仓库 https://github.com/hugh-zhan9/CineInsight 未提取到节点，加入黑名单
[2026-07-27 00:53:22] 仓库 https://github.com/gwozai/RuoYi-Vue3-FastAPI (分支: master, size: 4273KB, pushed: 2026-07-26T14:01:11Z)
[2026-07-27 00:53:22] 仓库 https://github.com/gwozai/RuoYi-Vue3-FastAPI 候选文件 31 个
[2026-07-27 00:53:23] 仓库 https://github.com/gwozai/RuoYi-Vue3-FastAPI README 含广告词，加入黑名单
[2026-07-27 00:53:23] 仓库 https://github.com/Juno-Yi/JunoYi (分支: main, size: 8770KB, pushed: 2026-07-26T13:53:30Z)
[2026-07-27 00:53:24] 仓库 https://github.com/Juno-Yi/JunoYi 候选文件 29 个
[2026-07-27 00:53:25] 仓库 https://github.com/Juno-Yi/JunoYi README 含广告词，加入黑名单
[2026-07-27 00:53:25] 仓库 https://github.com/Cuiyim/sing-box-yg (分支: main, size: 338210KB, pushed: 2026-07-26T13:45:32Z)
[2026-07-27 00:53:25] 仓库 https://github.com/Cuiyim/sing-box-yg 无候选文件 (总计 17 blob, 扩展名过滤 7, processed_shas 跳过 0, SHA 缓存跳过 10)
[2026-07-27 00:53:25] 🔗 查子仓库: Cuiyim/sing-box-yg
[2026-07-27 00:53:25] 🔗 开始 Fork 链追踪 (Cuiyim/sing-box-yg)
[2026-07-27 00:53:25]   父仓库: yonggekkk/sing-box-yg
[2026-07-27 00:53:27]   🍴 兄弟仓库: 19 个 → 发现队列 (队列: 0/600)
[2026-07-27 00:53:27] 👤 遍历用户仓库: Cuiyim
[2026-07-27 00:53:28]   👤 用户仓库: 30 个 → 发现队列 (队列: 0/600)
[2026-07-27 00:53:28]   用户 Cuiyim 共查 30 个仓库
[2026-07-27 00:53:28] 仓库 https://github.com/Aafff623/my-blogs (分支: main, size: 25175KB, pushed: 2026-07-26T13:32:06Z)
[2026-07-27 00:53:29] 仓库 https://github.com/Aafff623/my-blogs 候选文件较多 (165 个)，先通过 commits API 过滤
[2026-07-27 00:53:29]   commits 过滤: 165 → 0 (变更文件 0 个)
[2026-07-27 00:53:29] 仓库 https://github.com/Aafff623/my-blogs 候选文件经时间过滤后为空
[2026-07-27 00:53:29] 🔗 查子仓库: Aafff623/my-blogs
[2026-07-27 00:53:29] 🔗 开始 Fork 链追踪 (Aafff623/my-blogs)
[2026-07-27 00:53:30] 👤 遍历用户仓库: Aafff623
[2026-07-27 00:53:30]   👤 用户仓库: 30 个 → 发现队列 (队列: 0/600)
[2026-07-27 00:53:30]   用户 Aafff623 共查 30 个仓库
[2026-07-27 00:53:30] 仓库 https://github.com/dyjh/gin-vue-admin (分支: main, size: 136280KB, pushed: 2026-07-26T15:40:16Z)
[2026-07-27 00:53:31] 仓库 https://github.com/dyjh/gin-vue-admin 候选文件 1 个
[2026-07-27 00:53:31] 仓库 https://github.com/dyjh/gin-vue-admin README 含广告词，加入黑名单
[2026-07-27 00:53:31] 仓库 https://github.com/ZhjGo/ProxyLauncher (分支: main, size: 16KB, pushed: 2026-07-26T13:26:01Z)
[2026-07-27 00:53:32] 仓库 https://github.com/ZhjGo/ProxyLauncher 候选文件 2 个
[2026-07-27 00:53:32] 仓库 https://github.com/ZhjGo/ProxyLauncher 未提取到节点，加入黑名单
[2026-07-27 00:53:32] 仓库 https://github.com/QuainAlan/sing-box-yg (分支: main, size: 338210KB, pushed: 2026-07-26T13:22:32Z)
[2026-07-27 00:53:33] 仓库 https://github.com/QuainAlan/sing-box-yg 无候选文件 (总计 17 blob, 扩展名过滤 7, processed_shas 跳过 0, SHA 缓存跳过 10)
[2026-07-27 00:53:33] 🔗 查子仓库: QuainAlan/sing-box-yg
[2026-07-27 00:53:33] 🔗 开始 Fork 链追踪 (QuainAlan/sing-box-yg)
[2026-07-27 00:53:33]   父仓库: yonggekkk/sing-box-yg
[2026-07-27 00:53:34] 👤 遍历用户仓库: QuainAlan
[2026-07-27 00:53:35]   👤 用户仓库: 30 个 → 发现队列 (队列: 0/600)
[2026-07-27 00:53:35]   用户 QuainAlan 共查 30 个仓库
[2026-07-27 00:53:35] 仓库 https://github.com/rowanssv4/VSub-Sanitizer (分支: main, size: 53822KB, pushed: 2026-07-26T13:22:21Z)
[2026-07-27 00:53:35] 仓库 https://github.com/rowanssv4/VSub-Sanitizer 候选文件 3 个
[2026-07-27 00:53:41] 🔗 查子仓库: rowanssv4/VSub-Sanitizer
[2026-07-27 00:53:41] 🔗 开始 Fork 链追踪 (rowanssv4/VSub-Sanitizer)
[2026-07-27 00:53:41] 👤 遍历用户仓库: rowanssv4
[2026-07-27 00:53:41]   ... 主队列 65, 发现队列 0
[2026-07-27 00:53:41]   👤 用户仓库: 9 个 → 发现队列 (队列: 0/600)
[2026-07-27 00:53:41]   用户 rowanssv4 共查 9 个仓库
[2026-07-27 00:53:41] 仓库 https://github.com/S0ngRu1/domain-vpn-router (分支: main, size: 71KB, pushed: 2026-07-26T13:16:38Z)
[2026-07-27 00:53:42] 仓库 https://github.com/S0ngRu1/domain-vpn-router 候选文件 4 个
[2026-07-27 00:53:43] 仓库 https://github.com/S0ngRu1/domain-vpn-router 未提取到节点，加入黑名单
[2026-07-27 00:53:43] 仓库 https://github.com/1996fanrui/gh-downloader (分支: main, size: 254KB, pushed: 2026-07-26T16:22:14Z)
[2026-07-27 00:53:44] 仓库 https://github.com/1996fanrui/gh-downloader 候选文件 3 个
[2026-07-27 00:53:44] 仓库 https://github.com/1996fanrui/gh-downloader 未提取到节点，加入黑名单
[2026-07-27 00:53:44] 仓库 https://github.com/bigmalove/aimili-vpngate (分支: main, size: 160KB, pushed: 2026-07-26T13:05:00Z)
[2026-07-27 00:53:45] 仓库 https://github.com/bigmalove/aimili-vpngate 候选文件 7 个
[2026-07-27 00:53:47] 仓库 https://github.com/bigmalove/aimili-vpngate README 含广告词，加入黑名单
[2026-07-27 00:53:47] 仓库 https://github.com/klxyymail/ClashForge (分支: main, size: 132113KB, pushed: 2026-07-26T13:00:29Z)
[2026-07-27 00:53:48] 仓库 https://github.com/klxyymail/ClashForge 候选文件 2 个
[2026-07-27 00:53:49] 🔗 查子仓库: klxyymail/ClashForge
[2026-07-27 00:53:49] 🔗 开始 Fork 链追踪 (klxyymail/ClashForge)
[2026-07-27 00:53:49]   父仓库: w154594742/ClashForge
[2026-07-27 00:53:49] 仓库在黑名单中: https://github.com/w154594742/ClashForge
[2026-07-27 00:53:49]   父仓库 +0 个节点
[2026-07-27 00:53:49] forks of w154594742/ClashForge (p1) 404，跳过
[2026-07-27 00:53:49] 👤 遍历用户仓库: klxyymail
[2026-07-27 00:53:50]   用户 klxyymail 共查 0 个仓库
[2026-07-27 00:53:50] 仓库 https://github.com/youziawa/QUT-WiKi (分支: contribute, size: 78KB, pushed: 2026-07-26T13:09:17Z)
[2026-07-27 00:53:50] 仓库 https://github.com/youziawa/QUT-WiKi 候选文件 5 个
[2026-07-27 00:53:51] 仓库 https://github.com/youziawa/QUT-WiKi 未提取到节点，加入黑名单
[2026-07-27 00:53:51] 仓库 https://github.com/spincat/SmartProxyPipeline (分支: main, size: 16118KB, pushed: 2026-07-26T12:59:07Z)
[2026-07-27 00:53:52] 仓库 https://github.com/spincat/SmartProxyPipeline 候选文件 1 个
[2026-07-27 00:53:52] 🔗 查子仓库: spincat/SmartProxyPipeline
[2026-07-27 00:53:53]   🍴 子仓库: 1 个 → 发现队列 (队列: 0/600)
[2026-07-27 00:53:53] 🔗 开始 Fork 链追踪 (spincat/SmartProxyPipeline)
[2026-07-27 00:53:53] 👤 遍历用户仓库: spincat
[2026-07-27 00:53:53]   👤 用户仓库: 9 个 → 发现队列 (队列: 0/600)
[2026-07-27 00:53:53]   用户 spincat 共查 9 个仓库
[2026-07-27 00:53:53] 仓库 https://github.com/kattyGG/daxionglink (分支: main, size: 755043KB, pushed: 2026-07-26T12:58:15Z)
[2026-07-27 00:53:54] 仓库 https://github.com/kattyGG/daxionglink 候选文件 1 个
[2026-07-27 00:53:57] 🔗 查子仓库: kattyGG/daxionglink
[2026-07-27 00:53:57] 🔗 开始 Fork 链追踪 (kattyGG/daxionglink)
[2026-07-27 00:53:57] 👤 遍历用户仓库: kattyGG
[2026-07-27 00:53:58]   👤 用户仓库: 9 个 → 发现队列 (队列: 0/600)
[2026-07-27 00:53:58]   用户 kattyGG 共查 9 个仓库
[2026-07-27 00:53:58] 仓库 https://github.com/haso2007/ProxyCat (分支: main, size: 7284KB, pushed: 2026-07-26T12:56:55Z)
[2026-07-27 00:53:58] 仓库 https://github.com/haso2007/ProxyCat 候选文件 10 个
[2026-07-27 00:54:02] 仓库 https://github.com/haso2007/ProxyCat README 含广告词，加入黑名单
[2026-07-27 00:54:02] 仓库 https://github.com/jilin0105/CFspider (分支: main, size: 16483KB, pushed: 2026-07-26T12:56:01Z)
[2026-07-27 00:54:02] 仓库 https://github.com/jilin0105/CFspider 候选文件 1 个
[2026-07-27 00:54:03] 🔗 查子仓库: jilin0105/CFspider
[2026-07-27 00:54:03] 🔗 开始 Fork 链追踪 (jilin0105/CFspider)
[2026-07-27 00:54:03]   父仓库: violettoolssite/CFspider
[2026-07-27 00:54:03] 仓库在黑名单中: https://github.com/violettoolssite/CFspider
[2026-07-27 00:54:03]   父仓库 +0 个节点
[2026-07-27 00:54:03] forks of violettoolssite/CFspider (p1) 404，跳过
[2026-07-27 00:54:03] 👤 遍历用户仓库: jilin0105
[2026-07-27 00:54:04]   👤 用户仓库: 30 个 → 发现队列 (队列: 0/600)
[2026-07-27 00:54:04]   用户 jilin0105 共查 30 个仓库
[2026-07-27 00:54:04] 仓库 https://github.com/taomylife521/ai-agent-book (分支: main, size: 296356KB, pushed: 2026-07-26T12:54:33Z)
[2026-07-27 00:54:05] 仓库 https://github.com/taomylife521/ai-agent-book 候选文件较多 (988 个)，先通过 commits API 过滤
[2026-07-27 00:54:06]   Compare API 返回 101 个变更文件 (3 次 API 调用)
[2026-07-27 00:54:06]   commits 过滤: 988 → 0 (变更文件 101 个)
[2026-07-27 00:54:06] 仓库 https://github.com/taomylife521/ai-agent-book 候选文件经时间过滤后为空
[2026-07-27 00:54:06] 🔗 查子仓库: taomylife521/ai-agent-book
[2026-07-27 00:54:06] 🔗 开始 Fork 链追踪 (taomylife521/ai-agent-book)
[2026-07-27 00:54:06]   父仓库: bojieli/ai-agent-book
[2026-07-27 00:54:07] 👤 遍历用户仓库: taomylife521
[2026-07-27 00:54:13]   👤 用户仓库: 30 个 → 发现队列 (队列: 0/600)
[2026-07-27 00:54:13]   用户 taomylife521 共查 30 个仓库
[2026-07-27 00:54:13] 仓库 https://github.com/decrystal/OpenBrowser (分支: main, size: 12180KB, pushed: 2026-07-26T12:53:35Z)
[2026-07-27 00:54:14] 仓库 https://github.com/decrystal/OpenBrowser 无候选文件 (总计 5486 blob, 扩展名过滤 5381, processed_shas 跳过 8, SHA 缓存跳过 97)
[2026-07-27 00:54:14] 🔗 查子仓库: decrystal/OpenBrowser
[2026-07-27 00:54:14] 🔗 开始 Fork 链追踪 (decrystal/OpenBrowser)
[2026-07-27 00:54:14]   父仓库: lyu0805/OpenBrowser
[2026-07-27 00:54:15]   🍴 兄弟仓库: 30 个 → 发现队列 (队列: 0/600)
[2026-07-27 00:54:15] 👤 遍历用户仓库: decrystal
[2026-07-27 00:54:18]   👤 用户仓库: 30 个 → 发现队列 (队列: 0/600)
[2026-07-27 00:54:18]   用户 decrystal 共查 30 个仓库
[2026-07-27 00:54:18] 仓库 https://github.com/wosnxn123/OpenBrowser (分支: main, size: 12179KB, pushed: 2026-07-26T14:33:15Z)
[2026-07-27 00:54:19] 仓库 https://github.com/wosnxn123/OpenBrowser 无候选文件 (总计 5486 blob, 扩展名过滤 5381, processed_shas 跳过 8, SHA 缓存跳过 97)
[2026-07-27 00:54:19] 🔗 查子仓库: wosnxn123/OpenBrowser
[2026-07-27 00:54:19] 🔗 开始 Fork 链追踪 (wosnxn123/OpenBrowser)
[2026-07-27 00:54:19]   父仓库: lyu0805/OpenBrowser
[2026-07-27 00:54:20]   🍴 兄弟仓库: 23 个 → 发现队列 (队列: 0/600)
[2026-07-27 00:54:20] 👤 遍历用户仓库: wosnxn123
[2026-07-27 00:54:22]   👤 用户仓库: 30 个 → 发现队列 (队列: 0/600)
[2026-07-27 00:54:22]   用户 wosnxn123 共查 30 个仓库
[2026-07-27 00:54:22] 仓库 https://github.com/xialaup/sing-box-yg (分支: main, size: 338210KB, pushed: 2026-07-26T12:53:11Z)
[2026-07-27 00:54:23] 仓库 https://github.com/xialaup/sing-box-yg 无候选文件 (总计 17 blob, 扩展名过滤 7, processed_shas 跳过 0, SHA 缓存跳过 10)
[2026-07-27 00:54:23] 🔗 查子仓库: xialaup/sing-box-yg
[2026-07-27 00:54:23] 🔗 开始 Fork 链追踪 (xialaup/sing-box-yg)
[2026-07-27 00:54:23]   父仓库: yonggekkk/sing-box-yg
[2026-07-27 00:54:24] 👤 遍历用户仓库: xialaup
[2026-07-27 00:54:26]   👤 用户仓库: 30 个 → 发现队列 (队列: 0/600)
[2026-07-27 00:54:26]   用户 xialaup 共查 30 个仓库
[2026-07-27 00:54:26] 仓库 https://github.com/fusu51/ThriveX-Blog (分支: main, size: 61211KB, pushed: 2026-07-26T12:48:09Z)
[2026-07-27 00:54:27] 仓库 https://github.com/fusu51/ThriveX-Blog 候选文件 15 个
[2026-07-27 00:54:28] README (fusu51/ThriveX-Blog) 404，跳过
[2026-07-27 00:54:28] 仓库 https://github.com/fusu51/ThriveX-Blog 未提取到节点，加入黑名单
[2026-07-27 00:54:28] 仓库 https://github.com/birhantprkc/OpenBrowser (分支: main, size: 12060KB, pushed: 2026-07-26T12:40:45Z)
[2026-07-27 00:54:29] 仓库 https://github.com/birhantprkc/OpenBrowser 候选文件 1 个
[2026-07-27 00:54:30] 仓库 https://github.com/birhantprkc/OpenBrowser 未提取到节点，加入黑名单
[2026-07-27 00:54:30] 仓库 https://github.com/GNrber/sing-box-yg (分支: main, size: 338269KB, pushed: 2026-07-26T12:38:30Z)
[2026-07-27 00:54:30] 仓库 https://github.com/GNrber/sing-box-yg 无候选文件 (总计 17 blob, 扩展名过滤 7, processed_shas 跳过 0, SHA 缓存跳过 10)
[2026-07-27 00:54:30] 🔗 查子仓库: GNrber/sing-box-yg
[2026-07-27 00:54:30] 🔗 开始 Fork 链追踪 (GNrber/sing-box-yg)
[2026-07-27 00:54:31]   父仓库: yonggekkk/sing-box-yg
[2026-07-27 00:54:32] 👤 遍历用户仓库: GNrber
[2026-07-27 00:54:32]   用户 GNrber 共查 0 个仓库
[2026-07-27 00:54:32] ⚠️ 仓库 https://github.com/jaixlu/PhyDesign-Agent 大小为 0，跳过
[2026-07-27 00:54:32] 仓库 https://github.com/xqd922/sing-box-yg (分支: main, size: 338210KB, pushed: 2026-07-26T12:17:07Z)
[2026-07-27 00:54:32] 仓库 https://github.com/xqd922/sing-box-yg 无候选文件 (总计 17 blob, 扩展名过滤 7, processed_shas 跳过 0, SHA 缓存跳过 10)
[2026-07-27 00:54:32] 🔗 查子仓库: xqd922/sing-box-yg
[2026-07-27 00:54:33] 🔗 开始 Fork 链追踪 (xqd922/sing-box-yg)
[2026-07-27 00:54:33]   父仓库: yonggekkk/sing-box-yg
[2026-07-27 00:54:34] 👤 遍历用户仓库: xqd922
[2026-07-27 00:54:35]   👤 用户仓库: 30 个 → 发现队列 (队列: 0/600)
[2026-07-27 00:54:35]   用户 xqd922 共查 30 个仓库
[2026-07-27 00:54:35] 仓库 https://github.com/whereismymindM/SoulForge (分支: main, size: 56KB, pushed: 2026-07-26T12:15:48Z)
[2026-07-27 00:54:36] 仓库 https://github.com/whereismymindM/SoulForge 候选文件 8 个
[2026-07-27 00:54:37] 仓库 https://github.com/whereismymindM/SoulForge 未提取到节点，加入黑名单
[2026-07-27 00:54:37] 仓库 https://github.com/NotNoneX/Sing-Box-YG (分支: main, size: 338210KB, pushed: 2026-07-26T12:13:11Z)
[2026-07-27 00:54:38] 仓库 https://github.com/NotNoneX/Sing-Box-YG 无候选文件 (总计 17 blob, 扩展名过滤 7, processed_shas 跳过 0, SHA 缓存跳过 10)
[2026-07-27 00:54:38] 🔗 查子仓库: NotNoneX/Sing-Box-YG
[2026-07-27 00:54:38] 🔗 开始 Fork 链追踪 (NotNoneX/Sing-Box-YG)
[2026-07-27 00:54:38]   父仓库: yonggekkk/sing-box-yg
[2026-07-27 00:54:39] 👤 遍历用户仓库: NotNoneX
[2026-07-27 00:54:41]   👤 用户仓库: 30 个 → 发现队列 (队列: 0/600)
[2026-07-27 00:54:41]   用户 NotNoneX 共查 30 个仓库
[2026-07-27 00:54:41] 仓库 https://github.com/zcr268/sing-box-yg (分支: main, size: 338210KB, pushed: 2026-07-26T12:06:17Z)
[2026-07-27 00:54:42] 仓库 https://github.com/zcr268/sing-box-yg 无候选文件 (总计 17 blob, 扩展名过滤 7, processed_shas 跳过 0, SHA 缓存跳过 10)
[2026-07-27 00:54:42] 🔗 查子仓库: zcr268/sing-box-yg
[2026-07-27 00:54:42] 🔗 开始 Fork 链追踪 (zcr268/sing-box-yg)
[2026-07-27 00:54:42]   父仓库: yonggekkk/sing-box-yg
[2026-07-27 00:54:44] 👤 遍历用户仓库: zcr268
[2026-07-27 00:54:46]   👤 用户仓库: 30 个 → 发现队列 (队列: 0/600)
[2026-07-27 00:54:46]   用户 zcr268 共查 30 个仓库
[2026-07-27 00:54:46] 仓库 https://github.com/golne999/gdiptv-m3u (分支: main, size: 218KB, pushed: 2026-07-26T12:05:27Z)
[2026-07-27 00:54:46] 仓库 https://github.com/golne999/gdiptv-m3u 无候选文件 (总计 4 blob, 扩展名过滤 2, processed_shas 跳过 0, SHA 缓存跳过 2)
[2026-07-27 00:54:46] 🔗 查子仓库: golne999/gdiptv-m3u
[2026-07-27 00:54:46]   🍴 子仓库: 2 个 → 发现队列 (队列: 0/600)
[2026-07-27 00:54:46] 🔗 开始 Fork 链追踪 (golne999/gdiptv-m3u)
[2026-07-27 00:54:47] 👤 遍历用户仓库: golne999
[2026-07-27 00:54:47]   👤 用户仓库: 25 个 → 发现队列 (队列: 0/600)
[2026-07-27 00:54:47]   用户 golne999 共查 25 个仓库
[2026-07-27 00:54:47] 仓库 https://github.com/zqf425/ai-agent-book (分支: main, size: 296812KB, pushed: 2026-07-26T11:50:11Z)
[2026-07-27 00:54:48] 仓库 https://github.com/zqf425/ai-agent-book 候选文件较多 (988 个)，先通过 commits API 过滤
[2026-07-27 00:54:49]   Compare API 返回 101 个变更文件 (3 次 API 调用)
[2026-07-27 00:54:49]   commits 过滤: 988 → 0 (变更文件 101 个)
[2026-07-27 00:54:49] 仓库 https://github.com/zqf425/ai-agent-book 候选文件经时间过滤后为空
[2026-07-27 00:54:49] 🔗 查子仓库: zqf425/ai-agent-book
[2026-07-27 00:54:50] 🔗 开始 Fork 链追踪 (zqf425/ai-agent-book)
[2026-07-27 00:54:50]   父仓库: bojieli/ai-agent-book
[2026-07-27 00:54:51]   🍴 兄弟仓库: 1 个 → 发现队列 (队列: 0/600)
[2026-07-27 00:54:51] 👤 遍历用户仓库: zqf425
[2026-07-27 00:54:51]   👤 用户仓库: 18 个 → 发现队列 (队列: 0/600)
[2026-07-27 00:54:51]   用户 zqf425 共查 18 个仓库
[2026-07-27 00:54:51] 仓库 https://github.com/839305939wang/ai-agent-book (分支: main, size: 296812KB, pushed: 2026-07-26T11:50:11Z)
[2026-07-27 00:54:52] 仓库 https://github.com/839305939wang/ai-agent-book 候选文件较多 (988 个)，先通过 commits API 过滤
[2026-07-27 00:54:53]   Compare API 返回 101 个变更文件 (3 次 API 调用)
[2026-07-27 00:54:53]   commits 过滤: 988 → 0 (变更文件 101 个)
[2026-07-27 00:54:53] 仓库 https://github.com/839305939wang/ai-agent-book 候选文件经时间过滤后为空
[2026-07-27 00:54:53] 🔗 查子仓库: 839305939wang/ai-agent-book
[2026-07-27 00:54:53] 🔗 开始 Fork 链追踪 (839305939wang/ai-agent-book)
[2026-07-27 00:54:54]   父仓库: bojieli/ai-agent-book
[2026-07-27 00:54:54] 👤 遍历用户仓库: 839305939wang
[2026-07-27 00:54:56]   👤 用户仓库: 30 个 → 发现队列 (队列: 0/600)
[2026-07-27 00:54:56]   用户 839305939wang 共查 30 个仓库
[2026-07-27 00:54:56] 仓库 https://github.com/duyhuynhdev/ai-agent-book (分支: main, size: 296812KB, pushed: 2026-07-26T11:50:11Z)
[2026-07-27 00:54:56] 仓库 https://github.com/duyhuynhdev/ai-agent-book 候选文件较多 (988 个)，先通过 commits API 过滤
[2026-07-27 00:54:58]   Compare API 返回 101 个变更文件 (3 次 API 调用)
[2026-07-27 00:54:58]   commits 过滤: 988 → 0 (变更文件 101 个)
[2026-07-27 00:54:58] 仓库 https://github.com/duyhuynhdev/ai-agent-book 候选文件经时间过滤后为空
[2026-07-27 00:54:58] 🔗 查子仓库: duyhuynhdev/ai-agent-book
[2026-07-27 00:54:58] 🔗 开始 Fork 链追踪 (duyhuynhdev/ai-agent-book)
[2026-07-27 00:54:58]   父仓库: bojieli/ai-agent-book
[2026-07-27 00:54:59] 👤 遍历用户仓库: duyhuynhdev
[2026-07-27 00:55:02]   👤 用户仓库: 30 个 → 发现队列 (队列: 0/600)
[2026-07-27 00:55:02]   用户 duyhuynhdev 共查 30 个仓库
[2026-07-27 00:55:02] 仓库 https://github.com/orime/ai-agent-book (分支: main, size: 296812KB, pushed: 2026-07-26T11:50:11Z)
[2026-07-27 00:55:03] 仓库 https://github.com/orime/ai-agent-book 候选文件较多 (988 个)，先通过 commits API 过滤
[2026-07-27 00:55:04]   Compare API 返回 101 个变更文件 (3 次 API 调用)
[2026-07-27 00:55:04]   commits 过滤: 988 → 0 (变更文件 101 个)
[2026-07-27 00:55:04] 仓库 https://github.com/orime/ai-agent-book 候选文件经时间过滤后为空
[2026-07-27 00:55:04] 🔗 查子仓库: orime/ai-agent-book
[2026-07-27 00:55:04] 🔗 开始 Fork 链追踪 (orime/ai-agent-book)
[2026-07-27 00:55:04]   父仓库: bojieli/ai-agent-book
[2026-07-27 00:55:05] 👤 遍历用户仓库: orime
[2026-07-27 00:55:07]   👤 用户仓库: 30 个 → 发现队列 (队列: 0/600)
[2026-07-27 00:55:07]   用户 orime 共查 30 个仓库
[2026-07-27 00:55:07] 仓库 https://github.com/313chengpeng/ai-agent-book (分支: main, size: 296812KB, pushed: 2026-07-26T11:50:11Z)
[2026-07-27 00:55:07] 仓库 https://github.com/313chengpeng/ai-agent-book 候选文件较多 (988 个)，先通过 commits API 过滤
[2026-07-27 00:55:08]   Compare API 返回 101 个变更文件 (3 次 API 调用)
[2026-07-27 00:55:08]   commits 过滤: 988 → 0 (变更文件 101 个)
[2026-07-27 00:55:08] 仓库 https://github.com/313chengpeng/ai-agent-book 候选文件经时间过滤后为空
[2026-07-27 00:55:08] 🔗 查子仓库: 313chengpeng/ai-agent-book
[2026-07-27 00:55:09] 🔗 开始 Fork 链追踪 (313chengpeng/ai-agent-book)
[2026-07-27 00:55:09]   父仓库: bojieli/ai-agent-book
[2026-07-27 00:55:10] 👤 遍历用户仓库: 313chengpeng
[2026-07-27 00:55:10]   👤 用户仓库: 17 个 → 发现队列 (队列: 0/600)
[2026-07-27 00:55:10]   用户 313chengpeng 共查 17 个仓库
[2026-07-27 00:55:10] 仓库 https://github.com/thuanthan258/ai-agent-book (分支: main, size: 296812KB, pushed: 2026-07-26T11:50:11Z)
[2026-07-27 00:55:11] 仓库 https://github.com/thuanthan258/ai-agent-book 候选文件较多 (988 个)，先通过 commits API 过滤
[2026-07-27 00:55:13]   Compare API 返回 101 个变更文件 (3 次 API 调用)
[2026-07-27 00:55:13]   commits 过滤: 988 → 0 (变更文件 101 个)
[2026-07-27 00:55:13] 仓库 https://github.com/thuanthan258/ai-agent-book 候选文件经时间过滤后为空
[2026-07-27 00:55:13] 🔗 查子仓库: thuanthan258/ai-agent-book
[2026-07-27 00:55:13] 🔗 开始 Fork 链追踪 (thuanthan258/ai-agent-book)
[2026-07-27 00:55:13]   父仓库: bojieli/ai-agent-book
[2026-07-27 00:55:14] 👤 遍历用户仓库: thuanthan258
[2026-07-27 00:55:14]   👤 用户仓库: 19 个 → 发现队列 (队列: 0/600)
[2026-07-27 00:55:14]   用户 thuanthan258 共查 19 个仓库
[2026-07-27 00:55:14] 仓库 https://github.com/FlyFish-code-tech/ai-agent-book (分支: main, size: 296812KB, pushed: 2026-07-26T11:50:11Z)
[2026-07-27 00:55:15] 仓库 https://github.com/FlyFish-code-tech/ai-agent-book 候选文件较多 (988 个)，先通过 commits API 过滤
[2026-07-27 00:55:16]   Compare API 返回 101 个变更文件 (3 次 API 调用)
[2026-07-27 00:55:16]   commits 过滤: 988 → 0 (变更文件 101 个)
[2026-07-27 00:55:16] 仓库 https://github.com/FlyFish-code-tech/ai-agent-book 候选文件经时间过滤后为空
[2026-07-27 00:55:16] 🔗 查子仓库: FlyFish-code-tech/ai-agent-book
[2026-07-27 00:55:16] 🔗 开始 Fork 链追踪 (FlyFish-code-tech/ai-agent-book)
[2026-07-27 00:55:17]   父仓库: bojieli/ai-agent-book
[2026-07-27 00:55:18] 👤 遍历用户仓库: FlyFish-code-tech
[2026-07-27 00:55:18]   👤 用户仓库: 4 个 → 发现队列 (队列: 0/600)
[2026-07-27 00:55:18]   用户 FlyFish-code-tech 共查 4 个仓库
[2026-07-27 00:55:18] 仓库 https://github.com/liangsen556/ai-agent-book (分支: main, size: 296812KB, pushed: 2026-07-26T11:50:11Z)
[2026-07-27 00:55:19] 仓库 https://github.com/liangsen556/ai-agent-book 候选文件较多 (988 个)，先通过 commits API 过滤
[2026-07-27 00:55:20]   Compare API 返回 101 个变更文件 (3 次 API 调用)
[2026-07-27 00:55:20]   commits 过滤: 988 → 0 (变更文件 101 个)
[2026-07-27 00:55:20] 仓库 https://github.com/liangsen556/ai-agent-book 候选文件经时间过滤后为空
[2026-07-27 00:55:20] 🔗 查子仓库: liangsen556/ai-agent-book
[2026-07-27 00:55:20] 🔗 开始 Fork 链追踪 (liangsen556/ai-agent-book)
[2026-07-27 00:55:21]   父仓库: bojieli/ai-agent-book
[2026-07-27 00:55:21] 👤 遍历用户仓库: liangsen556
[2026-07-27 00:55:22]   👤 用户仓库: 16 个 → 发现队列 (队列: 0/600)
[2026-07-27 00:55:22]   用户 liangsen556 共查 16 个仓库
[2026-07-27 00:55:22] 仓库 https://github.com/hoangtan96dl/ai-agent-book (分支: main, size: 296812KB, pushed: 2026-07-26T11:50:11Z)
[2026-07-27 00:55:23] 仓库 https://github.com/hoangtan96dl/ai-agent-book 候选文件较多 (988 个)，先通过 commits API 过滤
[2026-07-27 00:55:24]   Compare API 返回 101 个变更文件 (3 次 API 调用)
[2026-07-27 00:55:24]   commits 过滤: 988 → 0 (变更文件 101 个)
[2026-07-27 00:55:24] 仓库 https://github.com/hoangtan96dl/ai-agent-book 候选文件经时间过滤后为空
[2026-07-27 00:55:24] 🔗 查子仓库: hoangtan96dl/ai-agent-book
[2026-07-27 00:55:24] 🔗 开始 Fork 链追踪 (hoangtan96dl/ai-agent-book)
[2026-07-27 00:55:25]   父仓库: bojieli/ai-agent-book
[2026-07-27 00:55:25] 👤 遍历用户仓库: hoangtan96dl
[2026-07-27 00:55:26]   👤 用户仓库: 9 个 → 发现队列 (队列: 0/600)
[2026-07-27 00:55:26]   用户 hoangtan96dl 共查 9 个仓库
[2026-07-27 00:55:26] 仓库 https://github.com/driverhu/ai-agent-book (分支: main, size: 296812KB, pushed: 2026-07-26T11:50:11Z)
[2026-07-27 00:55:26] 仓库 https://github.com/driverhu/ai-agent-book 候选文件较多 (988 个)，先通过 commits API 过滤
[2026-07-27 00:55:28]   Compare API 返回 101 个变更文件 (3 次 API 调用)
[2026-07-27 00:55:28]   commits 过滤: 988 → 0 (变更文件 101 个)
[2026-07-27 00:55:28] 仓库 https://github.com/driverhu/ai-agent-book 候选文件经时间过滤后为空
[2026-07-27 00:55:28] 🔗 查子仓库: driverhu/ai-agent-book
[2026-07-27 00:55:28] 🔗 开始 Fork 链追踪 (driverhu/ai-agent-book)
[2026-07-27 00:55:28]   父仓库: bojieli/ai-agent-book
[2026-07-27 00:55:29] 👤 遍历用户仓库: driverhu
[2026-07-27 00:55:29]   👤 用户仓库: 6 个 → 发现队列 (队列: 0/600)
[2026-07-27 00:55:29]   用户 driverhu 共查 6 个仓库
[2026-07-27 00:55:29] 仓库 https://github.com/asots/ai-agent-book (分支: main, size: 296812KB, pushed: 2026-07-26T11:50:11Z)
[2026-07-27 00:55:30] 仓库 https://github.com/asots/ai-agent-book 候选文件较多 (988 个)，先通过 commits API 过滤
[2026-07-27 00:55:31]   Compare API 返回 101 个变更文件 (3 次 API 调用)
[2026-07-27 00:55:31]   commits 过滤: 988 → 0 (变更文件 101 个)
[2026-07-27 00:55:31] 仓库 https://github.com/asots/ai-agent-book 候选文件经时间过滤后为空
[2026-07-27 00:55:31] 🔗 查子仓库: asots/ai-agent-book
[2026-07-27 00:55:31] 🔗 开始 Fork 链追踪 (asots/ai-agent-book)
[2026-07-27 00:55:32]   父仓库: bojieli/ai-agent-book
[2026-07-27 00:55:32] 👤 遍历用户仓库: asots
[2026-07-27 00:55:34]   👤 用户仓库: 30 个 → 发现队列 (队列: 0/600)
[2026-07-27 00:55:34]   用户 asots 共查 30 个仓库
[2026-07-27 00:55:34] 仓库 https://github.com/hover1954/ai-agent-book (分支: main, size: 296812KB, pushed: 2026-07-26T11:50:11Z)
[2026-07-27 00:55:35] 仓库 https://github.com/hover1954/ai-agent-book 候选文件较多 (988 个)，先通过 commits API 过滤
[2026-07-27 00:55:36]   Compare API 返回 101 个变更文件 (3 次 API 调用)
[2026-07-27 00:55:36]   commits 过滤: 988 → 0 (变更文件 101 个)
[2026-07-27 00:55:36] 仓库 https://github.com/hover1954/ai-agent-book 候选文件经时间过滤后为空
[2026-07-27 00:55:36] 🔗 查子仓库: hover1954/ai-agent-book
[2026-07-27 00:55:36] 🔗 开始 Fork 链追踪 (hover1954/ai-agent-book)
[2026-07-27 00:55:36]   父仓库: bojieli/ai-agent-book
[2026-07-27 00:55:37] 👤 遍历用户仓库: hover1954
[2026-07-27 00:55:38]   用户 hover1954 共查 0 个仓库
[2026-07-27 00:55:38] 仓库 https://github.com/nomiga-ww/ai-agent-book (分支: main, size: 296812KB, pushed: 2026-07-26T11:50:11Z)
[2026-07-27 00:55:38] 仓库 https://github.com/nomiga-ww/ai-agent-book 候选文件较多 (988 个)，先通过 commits API 过滤
[2026-07-27 00:55:39]   Compare API 返回 101 个变更文件 (3 次 API 调用)
[2026-07-27 00:55:39]   commits 过滤: 988 → 0 (变更文件 101 个)
[2026-07-27 00:55:39] 仓库 https://github.com/nomiga-ww/ai-agent-book 候选文件经时间过滤后为空
[2026-07-27 00:55:39] 🔗 查子仓库: nomiga-ww/ai-agent-book
[2026-07-27 00:55:40] 🔗 开始 Fork 链追踪 (nomiga-ww/ai-agent-book)
[2026-07-27 00:55:40]   父仓库: bojieli/ai-agent-book
[2026-07-27 00:55:41] 👤 遍历用户仓库: nomiga-ww
[2026-07-27 00:55:41]   ... 主队列 30, 发现队列 0
[2026-07-27 00:55:43]   👤 用户仓库: 30 个 → 发现队列 (队列: 0/600)
[2026-07-27 00:55:43]   用户 nomiga-ww 共查 30 个仓库
[2026-07-27 00:55:43] 仓库 https://github.com/hdfbgch2464/ai-agent-book (分支: main, size: 296812KB, pushed: 2026-07-26T11:50:11Z)
[2026-07-27 00:55:44] 仓库 https://github.com/hdfbgch2464/ai-agent-book 候选文件较多 (988 个)，先通过 commits API 过滤
[2026-07-27 00:55:45]   Compare API 返回 101 个变更文件 (3 次 API 调用)
[2026-07-27 00:55:45]   commits 过滤: 988 → 0 (变更文件 101 个)
[2026-07-27 00:55:45] 仓库 https://github.com/hdfbgch2464/ai-agent-book 候选文件经时间过滤后为空
[2026-07-27 00:55:45] 🔗 查子仓库: hdfbgch2464/ai-agent-book
[2026-07-27 00:55:46] 🔗 开始 Fork 链追踪 (hdfbgch2464/ai-agent-book)
[2026-07-27 00:55:46]   父仓库: bojieli/ai-agent-book
[2026-07-27 00:55:46] 👤 遍历用户仓库: hdfbgch2464
[2026-07-27 00:55:47]   👤 用户仓库: 14 个 → 发现队列 (队列: 0/600)
[2026-07-27 00:55:47]   用户 hdfbgch2464 共查 14 个仓库
[2026-07-27 00:55:47] 仓库 https://github.com/j1x2h3/ai-agent-book (分支: main, size: 296812KB, pushed: 2026-07-26T11:50:11Z)
[2026-07-27 00:55:48] 仓库 https://github.com/j1x2h3/ai-agent-book 候选文件较多 (988 个)，先通过 commits API 过滤
[2026-07-27 00:55:49]   Compare API 返回 101 个变更文件 (3 次 API 调用)
[2026-07-27 00:55:49]   commits 过滤: 988 → 0 (变更文件 101 个)
[2026-07-27 00:55:49] 仓库 https://github.com/j1x2h3/ai-agent-book 候选文件经时间过滤后为空
[2026-07-27 00:55:49] 🔗 查子仓库: j1x2h3/ai-agent-book
[2026-07-27 00:55:49] 🔗 开始 Fork 链追踪 (j1x2h3/ai-agent-book)
[2026-07-27 00:55:49]   父仓库: bojieli/ai-agent-book
[2026-07-27 00:55:50] 👤 遍历用户仓库: j1x2h3
[2026-07-27 00:55:51]   👤 用户仓库: 15 个 → 发现队列 (队列: 0/600)
[2026-07-27 00:55:51]   用户 j1x2h3 共查 15 个仓库
[2026-07-27 00:55:51] 仓库 https://github.com/lol666666/ai-agent-book (分支: main, size: 296812KB, pushed: 2026-07-26T11:50:11Z)
[2026-07-27 00:55:51] 仓库 https://github.com/lol666666/ai-agent-book 候选文件较多 (988 个)，先通过 commits API 过滤
[2026-07-27 00:55:53]   Compare API 返回 101 个变更文件 (3 次 API 调用)
[2026-07-27 00:55:53]   commits 过滤: 988 → 0 (变更文件 101 个)
[2026-07-27 00:55:53] 仓库 https://github.com/lol666666/ai-agent-book 候选文件经时间过滤后为空
[2026-07-27 00:55:53] 🔗 查子仓库: lol666666/ai-agent-book
[2026-07-27 00:55:53] 🔗 开始 Fork 链追踪 (lol666666/ai-agent-book)
[2026-07-27 00:55:53]   父仓库: bojieli/ai-agent-book
[2026-07-27 00:55:54] 👤 遍历用户仓库: lol666666
[2026-07-27 00:56:03]   👤 用户仓库: 30 个 → 发现队列 (队列: 0/600)
[2026-07-27 00:56:03]   用户 lol666666 共查 30 个仓库
[2026-07-27 00:56:03] 仓库 https://github.com/zaitianaoxiang/ai-agent-book (分支: main, size: 296812KB, pushed: 2026-07-26T11:50:11Z)
[2026-07-27 00:56:03] 仓库 https://github.com/zaitianaoxiang/ai-agent-book 候选文件较多 (988 个)，先通过 commits API 过滤
[2026-07-27 00:56:05]   Compare API 返回 101 个变更文件 (3 次 API 调用)
[2026-07-27 00:56:05]   commits 过滤: 988 → 0 (变更文件 101 个)
[2026-07-27 00:56:05] 仓库 https://github.com/zaitianaoxiang/ai-agent-book 候选文件经时间过滤后为空
[2026-07-27 00:56:05] 🔗 查子仓库: zaitianaoxiang/ai-agent-book
[2026-07-27 00:56:05] 🔗 开始 Fork 链追踪 (zaitianaoxiang/ai-agent-book)
[2026-07-27 00:56:05]   父仓库: bojieli/ai-agent-book
[2026-07-27 00:56:06] 👤 遍历用户仓库: zaitianaoxiang
[2026-07-27 00:56:08]   👤 用户仓库: 30 个 → 发现队列 (队列: 0/600)
[2026-07-27 00:56:08]   用户 zaitianaoxiang 共查 30 个仓库
[2026-07-27 00:56:08] 仓库 https://github.com/korziner/diy-llm (分支: main, size: 180425KB, pushed: 2026-07-26T11:48:59Z)
[2026-07-27 00:56:09] 仓库 https://github.com/korziner/diy-llm 候选文件 81 个
[2026-07-27 00:56:52] 仓库 https://github.com/korziner/diy-llm 未提取到节点，加入黑名单
[2026-07-27 00:56:52] 仓库 https://github.com/codingwatching/ai-agent-book (分支: main, size: 296379KB, pushed: 2026-07-26T11:45:35Z)
[2026-07-27 00:56:53] 仓库 https://github.com/codingwatching/ai-agent-book 候选文件较多 (996 个)，先通过 commits API 过滤
[2026-07-27 00:56:54]   Compare API 返回 100 个变更文件 (3 次 API 调用)
[2026-07-27 00:56:54]   commits 过滤: 996 → 8 (变更文件 100 个)
[2026-07-27 00:56:54] 仓库 https://github.com/codingwatching/ai-agent-book 候选文件 8 个
[2026-07-27 00:56:57] 仓库 https://github.com/codingwatching/ai-agent-book README 含广告词，加入黑名单
[2026-07-27 00:56:57] 仓库 https://github.com/Korey0sh1/ai-agent-book (分支: main, size: 296330KB, pushed: 2026-07-26T11:37:27Z)
[2026-07-27 00:56:58] 仓库 https://github.com/Korey0sh1/ai-agent-book 候选文件较多 (988 个)，先通过 commits API 过滤
[2026-07-27 00:56:59]   Compare API 返回 100 个变更文件 (3 次 API 调用)
[2026-07-27 00:56:59]   commits 过滤: 988 → 0 (变更文件 100 个)
[2026-07-27 00:56:59] 仓库 https://github.com/Korey0sh1/ai-agent-book 候选文件经时间过滤后为空
[2026-07-27 00:56:59] 🔗 查子仓库: Korey0sh1/ai-agent-book
[2026-07-27 00:56:59] 🔗 开始 Fork 链追踪 (Korey0sh1/ai-agent-book)
[2026-07-27 00:57:00]   父仓库: bojieli/ai-agent-book
[2026-07-27 00:57:00] 👤 遍历用户仓库: Korey0sh1
[2026-07-27 00:57:01]   👤 用户仓库: 30 个 → 发现队列 (队列: 0/600)
[2026-07-27 00:57:01]   用户 Korey0sh1 共查 30 个仓库
[2026-07-27 00:57:01] 仓库 https://github.com/macm90/sing-box-yg (分支: main, size: 338210KB, pushed: 2026-07-26T11:33:07Z)
[2026-07-27 00:57:01] 仓库 https://github.com/macm90/sing-box-yg 无候选文件 (总计 17 blob, 扩展名过滤 7, processed_shas 跳过 0, SHA 缓存跳过 10)
[2026-07-27 00:57:01] 🔗 查子仓库: macm90/sing-box-yg
[2026-07-27 00:57:01] 🔗 开始 Fork 链追踪 (macm90/sing-box-yg)
[2026-07-27 00:57:02]   父仓库: yonggekkk/sing-box-yg
[2026-07-27 00:57:03] 👤 遍历用户仓库: macm90
[2026-07-27 00:57:03]   👤 用户仓库: 4 个 → 发现队列 (队列: 0/600)
[2026-07-27 00:57:03]   用户 macm90 共查 4 个仓库
[2026-07-27 00:57:03] 仓库 https://github.com/iiKane-Wan/CrabProxy (分支: main, size: 6000KB, pushed: 2026-07-26T11:32:17Z)
[2026-07-27 00:57:04] 仓库 https://github.com/iiKane-Wan/CrabProxy 候选文件 6 个
[2026-07-27 00:57:06] 仓库 https://github.com/iiKane-Wan/CrabProxy 未提取到节点，加入黑名单
[2026-07-27 00:57:06] 仓库 https://github.com/eaglehhha/argosbx (分支: main, size: 971KB, pushed: 2026-07-26T11:25:19Z)
[2026-07-27 00:57:06] 仓库 https://github.com/eaglehhha/argosbx 无候选文件 (总计 15 blob, 扩展名过滤 9, processed_shas 跳过 0, SHA 缓存跳过 6)
[2026-07-27 00:57:06] 🔗 查子仓库: eaglehhha/argosbx
[2026-07-27 00:57:07] 🔗 开始 Fork 链追踪 (eaglehhha/argosbx)
[2026-07-27 00:57:07]   父仓库: yonggekkk/argosbx
[2026-07-27 00:57:07] 仓库在黑名单中: https://github.com/yonggekkk/argosbx
[2026-07-27 00:57:07]   父仓库 +0 个节点
[2026-07-27 00:57:08]   🍴 兄弟仓库: 30 个 → 发现队列 (队列: 0/600)
[2026-07-27 00:57:08] 👤 遍历用户仓库: eaglehhha
[2026-07-27 00:57:09]   👤 用户仓库: 30 个 → 发现队列 (队列: 0/600)
[2026-07-27 00:57:09]   用户 eaglehhha 共查 30 个仓库
[2026-07-27 00:57:09] 仓库 https://github.com/lj200612/pintia-problemset-toolkit (分支: main, size: 183KB, pushed: 2026-07-26T11:25:53Z)
[2026-07-27 00:57:09] 仓库 https://github.com/lj200612/pintia-problemset-toolkit 候选文件 18 个
[2026-07-27 00:57:09] 仓库 https://github.com/lj200612/pintia-problemset-toolkit 未提取到节点，加入黑名单
[2026-07-27 00:57:09] 仓库 https://github.com/xiaozhe7772222/claude-code-termux-proxy (分支: main, size: 139KB, pushed: 2026-07-26T11:23:21Z)
[2026-07-27 00:57:10] 仓库 https://github.com/xiaozhe7772222/claude-code-termux-proxy 候选文件 4 个
[2026-07-27 00:57:11] 仓库 https://github.com/xiaozhe7772222/claude-code-termux-proxy 未提取到节点，加入黑名单
[2026-07-27 00:57:11] 仓库 https://github.com/insistence/RuoYi-Vue-FastAPI (分支: master, size: 7666KB, pushed: 2026-07-26T11:21:41Z)
[2026-07-27 00:57:12] 仓库 https://github.com/insistence/RuoYi-Vue-FastAPI 候选文件 12 个
[2026-07-27 00:57:12] 仓库 https://github.com/insistence/RuoYi-Vue-FastAPI README 含广告词，加入黑名单
[2026-07-27 00:57:12] 仓库 https://github.com/insistence/RuoYi-Vue3-FastAPI (分支: master, size: 3515KB, pushed: 2026-07-26T11:21:26Z)
[2026-07-27 00:57:13] 仓库 https://github.com/insistence/RuoYi-Vue3-FastAPI 无候选文件 (总计 829 blob, 扩展名过滤 794, processed_shas 跳过 31, SHA 缓存跳过 4)
[2026-07-27 00:57:13] 🔗 查子仓库: insistence/RuoYi-Vue3-FastAPI
[2026-07-27 00:57:14]   🍴 子仓库: 30 个 → 发现队列 (队列: 0/600)
[2026-07-27 00:57:14] 🔗 开始 Fork 链追踪 (insistence/RuoYi-Vue3-FastAPI)
[2026-07-27 00:57:14] 👤 遍历用户仓库: insistence
[2026-07-27 00:57:15]   👤 用户仓库: 14 个 → 发现队列 (队列: 0/600)
[2026-07-27 00:57:15]   用户 insistence 共查 14 个仓库
[2026-07-27 00:57:15] 仓库 https://github.com/joey37165-cmd/ai-agent-book (分支: main, size: 296330KB, pushed: 2026-07-26T11:12:34Z)
[2026-07-27 00:57:16] 仓库 https://github.com/joey37165-cmd/ai-agent-book 候选文件较多 (1064 个)，先通过 commits API 过滤
[2026-07-27 00:57:16]   Compare API 返回 24 个变更文件 (3 次 API 调用)
[2026-07-27 00:57:16]   commits 过滤: 1064 → 0 (变更文件 24 个)
[2026-07-27 00:57:16] 仓库 https://github.com/joey37165-cmd/ai-agent-book 候选文件经时间过滤后为空
[2026-07-27 00:57:16] 🔗 查子仓库: joey37165-cmd/ai-agent-book
[2026-07-27 00:57:17] 🔗 开始 Fork 链追踪 (joey37165-cmd/ai-agent-book)
[2026-07-27 00:57:17]   父仓库: bojieli/ai-agent-book
[2026-07-27 00:57:18] 👤 遍历用户仓库: joey37165-cmd
[2026-07-27 00:57:18]   👤 用户仓库: 1 个 → 发现队列 (队列: 0/600)
[2026-07-27 00:57:18]   用户 joey37165-cmd 共查 1 个仓库
[2026-07-27 00:57:18] 仓库 https://github.com/name1045192019/sing-box-yg (分支: main, size: 338240KB, pushed: 2026-07-26T11:12:05Z)
[2026-07-27 00:57:18] 仓库 https://github.com/name1045192019/sing-box-yg 无候选文件 (总计 17 blob, 扩展名过滤 7, processed_shas 跳过 0, SHA 缓存跳过 10)
[2026-07-27 00:57:18] 🔗 查子仓库: name1045192019/sing-box-yg
[2026-07-27 00:57:18] 🔗 开始 Fork 链追踪 (name1045192019/sing-box-yg)
[2026-07-27 00:57:19]   父仓库: yonggekkk/sing-box-yg
[2026-07-27 00:57:20] 👤 遍历用户仓库: name1045192019
[2026-07-27 00:57:20]   👤 用户仓库: 14 个 → 发现队列 (队列: 0/600)
[2026-07-27 00:57:20]   用户 name1045192019 共查 14 个仓库
[2026-07-27 00:57:20] 仓库 https://github.com/wyx20021207-create/ai-agent-book (分支: main, size: 295981KB, pushed: 2026-07-26T11:11:49Z)
[2026-07-27 00:57:21] 仓库 https://github.com/wyx20021207-create/ai-agent-book 候选文件较多 (1069 个)，先通过 commits API 过滤
[2026-07-27 00:57:22]   Compare API 返回 17 个变更文件 (3 次 API 调用)
[2026-07-27 00:57:22]   commits 过滤: 1069 → 0 (变更文件 17 个)
[2026-07-27 00:57:22] 仓库 https://github.com/wyx20021207-create/ai-agent-book 候选文件经时间过滤后为空
[2026-07-27 00:57:22] 🔗 查子仓库: wyx20021207-create/ai-agent-book
[2026-07-27 00:57:22] 🔗 开始 Fork 链追踪 (wyx20021207-create/ai-agent-book)
[2026-07-27 00:57:22]   父仓库: bojieli/ai-agent-book
[2026-07-27 00:57:23] 👤 遍历用户仓库: wyx20021207-create
[2026-07-27 00:57:23]   👤 用户仓库: 4 个 → 发现队列 (队列: 0/600)
[2026-07-27 00:57:23]   用户 wyx20021207-create 共查 4 个仓库
[2026-07-27 00:57:23] 仓库 https://github.com/senvev47/cc-switch (分支: main, size: 65120KB, pushed: 2026-07-26T11:10:35Z)
[2026-07-27 00:57:24] 仓库 https://github.com/senvev47/cc-switch 候选文件较多 (220 个)，先通过 commits API 过滤
[2026-07-27 00:57:25]   Compare API 返回 39 个变更文件 (3 次 API 调用)
[2026-07-27 00:57:25]   commits 过滤: 220 → 7 (变更文件 39 个)
[2026-07-27 00:57:25] 仓库 https://github.com/senvev47/cc-switch 候选文件 7 个
[2026-07-27 00:57:26] 仓库 https://github.com/senvev47/cc-switch 未提取到节点，加入黑名单
[2026-07-27 00:57:26] 仓库 https://github.com/BigQ749/dome-enterprise-ai-workbench (分支: main, size: 25156KB, pushed: 2026-07-26T11:05:39Z)
[2026-07-27 00:57:27] 仓库 https://github.com/BigQ749/dome-enterprise-ai-workbench 候选文件 47 个
[2026-07-27 00:57:28] 仓库 https://github.com/BigQ749/dome-enterprise-ai-workbench README 含广告词，加入黑名单
[2026-07-27 00:57:28] 仓库 https://github.com/qybj65ts4p-bit/Tradding-Agents (分支: codex/consolidate-working-tree-20260723, size: 5146KB, pushed: 2026-07-26T11:04:47Z)
[2026-07-27 00:57:28] 仓库 https://github.com/qybj65ts4p-bit/Tradding-Agents 候选文件 17 个
[2026-07-27 00:57:29] 仓库 https://github.com/qybj65ts4p-bit/Tradding-Agents 未提取到节点，加入黑名单
[2026-07-27 00:57:29] 仓库 https://github.com/liao924/sing-box-yg (分支: main, size: 338240KB, pushed: 2026-07-26T10:50:31Z)
[2026-07-27 00:57:29] 仓库 https://github.com/liao924/sing-box-yg 无候选文件 (总计 17 blob, 扩展名过滤 7, processed_shas 跳过 0, SHA 缓存跳过 10)
[2026-07-27 00:57:29] 🔗 查子仓库: liao924/sing-box-yg
[2026-07-27 00:57:29] 🔗 开始 Fork 链追踪 (liao924/sing-box-yg)
[2026-07-27 00:57:29]   父仓库: yonggekkk/sing-box-yg
[2026-07-27 00:57:30] 👤 遍历用户仓库: liao924
[2026-07-27 00:57:31]   👤 用户仓库: 30 个 → 发现队列 (队列: 0/600)
[2026-07-27 00:57:31]   用户 liao924 共查 30 个仓库
[2026-07-27 00:57:31] 仓库 https://github.com/yqliu776/Fastapi-Full-Stack-Demo (分支: master, size: 595KB, pushed: 2026-07-26T10:46:35Z)
[2026-07-27 00:57:32] 仓库 https://github.com/yqliu776/Fastapi-Full-Stack-Demo 候选文件 17 个
[2026-07-27 00:57:33] 仓库 https://github.com/yqliu776/Fastapi-Full-Stack-Demo 未提取到节点，加入黑名单
[2026-07-27 00:57:33] 仓库 https://github.com/Mario0o/ImmersionBar (分支: master, size: 332103KB, pushed: 2026-07-26T10:46:18Z)
[2026-07-27 00:57:33] 仓库 https://github.com/Mario0o/ImmersionBar 候选文件 1 个
[2026-07-27 00:57:33] 仓库 https://github.com/Mario0o/ImmersionBar 未提取到节点，加入黑名单
[2026-07-27 00:57:33] 仓库 https://github.com/jidechao/ai-agent-book (分支: main, size: 295923KB, pushed: 2026-07-26T10:45:39Z)
[2026-07-27 00:57:34] 仓库 https://github.com/jidechao/ai-agent-book 候选文件较多 (1070 个)，先通过 commits API 过滤
[2026-07-27 00:57:35]   Compare API 返回 16 个变更文件 (3 次 API 调用)
[2026-07-27 00:57:35]   commits 过滤: 1070 → 0 (变更文件 16 个)
[2026-07-27 00:57:35] 仓库 https://github.com/jidechao/ai-agent-book 候选文件经时间过滤后为空
[2026-07-27 00:57:35] 🔗 查子仓库: jidechao/ai-agent-book
[2026-07-27 00:57:35] 🔗 开始 Fork 链追踪 (jidechao/ai-agent-book)
[2026-07-27 00:57:35]   父仓库: bojieli/ai-agent-book
[2026-07-27 00:57:36] 👤 遍历用户仓库: jidechao
[2026-07-27 00:57:41]   ... 主队列 6, 发现队列 0
[2026-07-27 00:57:43]   👤 用户仓库: 30 个 → 发现队列 (队列: 0/600)
[2026-07-27 00:57:43]   用户 jidechao 共查 30 个仓库
[2026-07-27 00:57:43] 仓库 https://github.com/tiddly-gittly/TidGi-Desktop (分支: master, size: 60142KB, pushed: 2026-07-26T16:28:46Z)
[2026-07-27 00:57:44] 仓库 https://github.com/tiddly-gittly/TidGi-Desktop 候选文件 15 个
[2026-07-27 00:57:46] 仓库 https://github.com/tiddly-gittly/TidGi-Desktop 未提取到节点，加入黑名单
[2026-07-27 00:57:46] 仓库 https://github.com/zhoushu44/OpenAI-Image-Super-Resolution-Proxy (分支: master, size: 1354KB, pushed: 2026-07-26T10:36:26Z)
[2026-07-27 00:57:46] 仓库 https://github.com/zhoushu44/OpenAI-Image-Super-Resolution-Proxy 候选文件 9 个
[2026-07-27 00:57:50] 仓库 https://github.com/zhoushu44/OpenAI-Image-Super-Resolution-Proxy 未提取到节点，加入黑名单
[2026-07-27 00:57:50] 仓库 https://github.com/Chunlion/sublinkPro (分支: main, size: 66852KB, pushed: 2026-07-26T15:20:57Z)
[2026-07-27 00:57:51] 仓库 https://github.com/Chunlion/sublinkPro 候选文件较多 (116 个)，先通过 commits API 过滤
[2026-07-27 00:57:52]   Compare API 返回 6 个变更文件 (3 次 API 调用)
[2026-07-27 00:57:52]   commits 过滤: 116 → 1 (变更文件 6 个)
[2026-07-27 00:57:52] 仓库 https://github.com/Chunlion/sublinkPro 候选文件 1 个
[2026-07-27 00:57:52] 仓库 https://github.com/Chunlion/sublinkPro 未提取到节点，加入黑名单
[2026-07-27 00:57:52] 仓库 https://github.com/coolbeevip/team-ai-skills (分支: main, size: 14274KB, pushed: 2026-07-26T10:25:24Z)
[2026-07-27 00:57:53] 仓库 https://github.com/coolbeevip/team-ai-skills 候选文件 95 个
[2026-07-27 00:57:55] 仓库 https://github.com/coolbeevip/team-ai-skills 未提取到节点，加入黑名单
[2026-07-27 00:57:55] 仓库 https://github.com/tony0392/ClashForge (分支: main, size: 2693KB, pushed: 2026-07-26T10:20:06Z)
[2026-07-27 00:57:55] 仓库 https://github.com/tony0392/ClashForge 候选文件 1 个
[2026-07-27 00:57:55] 🔗 查子仓库: tony0392/ClashForge
[2026-07-27 00:57:56] 🔗 开始 Fork 链追踪 (tony0392/ClashForge)
[2026-07-27 00:57:56]   父仓库: fish2018/ClashForge
[2026-07-27 00:57:56] 仓库在黑名单中: https://github.com/fish2018/ClashForge
[2026-07-27 00:57:56]   父仓库 +0 个节点
[2026-07-27 00:57:57]   🍴 兄弟仓库: 30 个 → 发现队列 (队列: 0/600)
[2026-07-27 00:57:57] 👤 遍历用户仓库: tony0392
[2026-07-27 00:57:58]   👤 用户仓库: 17 个 → 发现队列 (队列: 0/600)
[2026-07-27 00:57:58]   用户 tony0392 共查 17 个仓库
[2026-07-27 00:57:58] 仓库 https://github.com/lsp2006/ai-gateway (分支: main, size: 110KB, pushed: 2026-07-26T10:17:44Z)
[2026-07-27 00:57:58] 仓库 https://github.com/lsp2006/ai-gateway 候选文件 2 个
[2026-07-27 00:57:59] 仓库 https://github.com/lsp2006/ai-gateway 未提取到节点，加入黑名单
[2026-07-27 00:57:59] 队列处理完毕
[2026-07-26 17:43:49] 🔄 配额恢复，继续工作
[2026-07-27 01:43:56] ⏱️ [60/147] 免费ssr节点 pushed:>2026-07-25T15:43:36Z fork:true -language:HTM | 4013s | +542 | 配额 4797/4800
[2026-07-27 01:43:59] ⏱️ [61/147] 免费vless节点 pushed:>2026-07-25T15:43:36Z fork:true -language:H | 4s | +0 | 配额 4795/4800
[2026-07-27 01:44:02] ⏱️ [62/147] 免费reality节点 pushed:>2026-07-25T15:43:36Z fork:true -language | 3s | +0 | 配额 4793/4800
[2026-07-27 01:44:04] ⏱️ [63/147] 免费tuic节点 pushed:>2026-07-25T15:43:36Z fork:true -language:HT | 2s | +0 | 配额 4791/4800
[2026-07-27 01:44:07] ⏱️ [64/147] 免费singbox节点 pushed:>2026-07-25T15:43:36Z fork:true -language | 3s | +0 | 配额 4789/4800
[2026-07-27 01:44:15] ⏱️ [65/147] 免费翻墙 pushed:>2026-07-25T15:43:36Z fork:true -language:HTML | 8s | +0 | 配额 4786/4800
[2026-07-27 01:44:18] ⏱️ [66/147] 公益节点 pushed:>2026-07-25T15:43:36Z fork:true -language:HTML | 3s | +0 | 配额 4784/4800
[2026-07-27 01:44:22] ⏱️ [67/147] 节点分享 pushed:>2026-07-25T15:43:36Z fork:true -language:HTML | 3s | +0 | 配额 4782/4800
[2026-07-27 01:44:22] ▶️ 主队列 4/200 < 20，搜索恢复
[2026-07-27 01:44:25] ⏱️ [68/147] 节点仓库 pushed:>2026-07-25T15:43:36Z fork:true -language:HTML | 3s | +0 | 配额 4780/4800
[2026-07-27 01:44:29] ⏱️ [69/147] 每日节点 pushed:>2026-07-25T15:43:36Z fork:true -language:HTML | 4s | +0 | 配额 4778/4800
[2026-07-27 01:44:31] ⏱️ [70/147] 免费节点合集 pushed:>2026-07-25T15:43:36Z fork:true -language:HTML | 3s | +0 | 配额 4776/4800
[2026-07-26 17:44:49] 🔄 配额恢复，继续工作
[2026-07-27 01:44:49] 🔗 开始 Fork 链追踪 (yong739/AutoMergePublicNodes)
[2026-07-27 01:44:50]   父仓库: chengaopan/AutoMergePublicNodes
[2026-07-27 01:44:51] 👤 遍历用户仓库: yong739
[2026-07-27 01:44:53]   👤 用户仓库: 30 个 → 发现队列 (队列: 4/600)
[2026-07-27 01:44:53]   用户 yong739 共查 30 个仓库
[2026-07-27 01:45:19] ⏸️  主队列 180/200 ≥ 180，搜索暂停等待
[2026-07-27 01:46:19] ⚠️ 主队列超时 60s 无空间，搜索中断
[2026-07-27 01:46:19] ⏱️ [71/147] 免费 (clash OR v2ray OR trojan) (订阅 OR 节点 OR 机场) pushed:>2026- | 108s | +0 | 配额 4788/4800
[2026-07-27 01:47:21] ⚠️ 主队列超时 60s 无空间，搜索中断
[2026-07-27 01:47:21] ⏱️ [72/147] clash (订阅 OR 配置 OR 节点) github pushed:>2026-07-25T15:43:36Z f | 62s | +0 | 配额 4787/4800
[2026-07-27 01:48:23] ⚠️ 主队列超时 60s 无空间，搜索中断
[2026-07-27 01:48:23] ⏱️ [73/147] v2ray (订阅 OR 配置 OR 节点) github pushed:>2026-07-25T15:43:36Z f | 62s | +0 | 配额 4786/4800
[2026-07-27 01:49:23] ⚠️ 主队列超时 60s 无空间，搜索中断
[2026-07-27 01:49:23] ⏱️ [74/147] trojan (订阅 OR 配置 OR 节点) github pushed:>2026-07-25T15:43:36Z  | 61s | +0 | 配额 4785/4800
[2026-07-27 01:49:26] ⏱️ [75/147] hysteria (订阅 OR 配置 OR 节点) github pushed:>2026-07-25T15:43:36 | 3s | +0 | 配额 4783/4800
[2026-07-27 01:49:28] ⏱️ [76/147] hysteria2 (订阅 OR 配置 OR 节点) github pushed:>2026-07-25T15:43:3 | 2s | +0 | 配额 4781/4800
[2026-07-27 01:49:31] ⏱️ [77/147] tuic (订阅 OR 配置 OR 节点) github pushed:>2026-07-25T15:43:36Z fo | 2s | +0 | 配额 4779/4800
[2026-07-27 01:49:33] ⏱️ [78/147] singbox (订阅 OR 配置 OR 节点) github pushed:>2026-07-25T15:43:36Z | 3s | +0 | 配额 4777/4800
[2026-07-27 01:50:34] ⚠️ 主队列超时 60s 无空间，搜索中断
[2026-07-27 01:50:34] ⏱️ [79/147] TelegramV2rayCollector pushed:>2026-07-25T15:43:36Z fork:tru | 60s | +0 | 配额 4776/4800
[2026-07-27 01:51:34] ⚠️ 主队列超时 60s 无空间，搜索中断
[2026-07-27 01:51:34] ⏱️ [80/147] ProxyCollector pushed:>2026-07-25T15:43:36Z fork:true -langu | 61s | +0 | 配额 4775/4800
[2026-07-27 01:51:37] ⏱️ [81/147] V2RAY-CLASH-BASE64-Subscription pushed:>2026-07-25T15:43:36Z | 3s | +0 | 配额 4773/4800
[2026-07-27 01:51:40] ⏱️ [82/147] free airport nodes pushed:>2026-07-25T15:43:36Z fork:true -l | 3s | +0 | 配额 4771/4800
[2026-07-27 01:51:42] ⏱️ [83/147] free shadowrocket nodes pushed:>2026-07-25T15:43:36Z fork:tr | 3s | +0 | 配额 4769/4800
[2026-07-27 01:51:45] ⏱️ [84/147] free hiddify nodes pushed:>2026-07-25T15:43:36Z fork:true -l | 3s | +0 | 配额 4767/4800
[2026-07-27 01:51:47] ⏱️ [85/147] free v2rayng nodes pushed:>2026-07-25T15:43:36Z fork:true -l | 3s | +0 | 配额 4765/4800
[2026-07-27 01:51:50] ⏱️ [86/147] free clash meta nodes pushed:>2026-07-25T15:43:36Z fork:true | 3s | +0 | 配额 4763/4800
[2026-07-27 01:51:52] ⏱️ [87/147] free mihomo nodes pushed:>2026-07-25T15:43:36Z fork:true -la | 3s | +0 | 配额 4761/4800
[2026-07-27 01:51:55] ⏱️ [88/147] free proxy scraper pushed:>2026-07-25T15:43:36Z fork:true -l | 3s | +0 | 配额 4759/4800
[2026-07-27 01:52:55] ⚠️ 主队列超时 60s 无空间，搜索中断
[2026-07-27 01:52:55] ⏱️ [89/147] free proxy spider pushed:>2026-07-25T15:43:36Z fork:true -la | 60s | +0 | 配额 4758/4800
[2026-07-27 01:53:56] ⚠️ 主队列超时 60s 无空间，搜索中断
[2026-07-27 01:53:56] ⏱️ [90/147] free proxy bot pushed:>2026-07-25T15:43:36Z fork:true -langu | 60s | +0 | 配额 4757/4800
[2026-07-27 01:53:56] ⏱️ [91/147] subconverter config pushed:>2026-07-25T15:43:36Z fork:true - | 0s | +0 | 配额 4756/4800
[2026-07-27 01:54:56] ⚠️ 主队列超时 60s 无空间，搜索中断
[2026-07-27 01:54:56] ⏱️ [92/147] proxy provider clash pushed:>2026-07-25T15:43:36Z fork:true  | 60s | +0 | 配额 4755/4800
[2026-07-27 01:55:57] ⚠️ 主队列超时 60s 无空间，搜索中断
[2026-07-27 01:55:57] ⏱️ [93/147] clash proxy provider pushed:>2026-07-25T15:43:36Z fork:true  | 60s | +0 | 配额 4754/4800
[2026-07-27 01:56:57] ⚠️ 主队列超时 60s 无空间，搜索中断
[2026-07-27 01:56:57] ⏱️ [94/147] surge proxy list pushed:>2026-07-25T15:43:36Z fork:true -lan | 60s | +0 | 配额 4753/4800
[2026-07-27 01:57:00] ⏱️ [95/147] v2ray node list pushed:>2026-07-25T15:43:36Z fork:true -lang | 3s | +0 | 配额 4751/4800
[2026-07-27 01:58:01] ⚠️ 主队列超时 60s 无空间，搜索中断
[2026-07-27 01:58:01] ⏱️ [96/147] FreeNodes pushed:>2026-07-25T15:43:36Z fork:true -language:H | 61s | +0 | 配额 4750/4800
[2026-07-27 01:58:01] ⏱️ [97/147] singbox outbound config pushed:>2026-07-25T15:43:36Z fork:tr | 0s | +0 | 配额 4749/4800
[2026-07-27 01:58:04] ⏱️ [98/147] mihomo proxy provider pushed:>2026-07-25T15:43:36Z fork:true | 3s | +0 | 配额 4747/4800
[2026-07-27 01:58:07] ⏱️ [99/147] proxy pool clash pushed:>2026-07-25T15:43:36Z fork:true -lan | 2s | +0 | 配额 4745/4800
[2026-07-27 01:58:07] ⏱️ [100/147] node pool free pushed:>2026-07-25T15:43:36Z fork:true -langu | 0s | +0 | 配额 4744/4800
[2026-07-27 01:59:07] ⚠️ 主队列超时 60s 无空间，搜索中断
[2026-07-27 01:59:07] ⏱️ [101/147] 节点池 pushed:>2026-07-25T15:43:36Z fork:true -language:HTML | 61s | +0 | 配额 4743/4800
[2026-07-27 01:59:08] ⏱️ [102/147] subscribe pool pushed:>2026-07-25T15:43:36Z fork:true -langu | 0s | +0 | 配额 4742/4800
[2026-07-27 01:59:11] ⏱️ [103/147] 免费订阅链接 pushed:>2026-07-25T15:43:36Z fork:true -language:HTML | 3s | +0 | 配额 4740/4800
[2026-07-27 01:59:15] ⏱️ [104/147] sub store pushed:>2026-07-25T15:43:36Z fork:true -language:H | 5s | +0 | 配额 4738/4800
[2026-07-27 01:59:19] ⏱️ [105/147] sub collection github pushed:>2026-07-25T15:43:36Z fork:true | 3s | +0 | 配额 4736/4800
[2026-07-27 01:59:21] ⏱️ [106/147] topic:proxypool pushed:>2026-07-25T15:43:36Z fork:true | 3s | +0 | 配额 4734/4800
[2026-07-27 02:00:23] ⚠️ 主队列超时 60s 无空间，搜索中断
[2026-07-27 02:00:23] ⏱️ [107/147] topic:v2ray pushed:>2026-07-25T15:43:36Z fork:true | 62s | +0 | 配额 4733/4800
[2026-07-27 02:01:25] ⚠️ 主队列超时 60s 无空间，搜索中断
[2026-07-27 02:01:25] ⏱️ [108/147] topic:sing-box pushed:>2026-07-25T15:43:36Z fork:true | 62s | +0 | 配额 4732/4800
[2026-07-27 02:02:27] ⚠️ 主队列超时 60s 无空间，搜索中断
[2026-07-27 02:02:27] ⏱️ [109/147] topic:hysteria2 pushed:>2026-07-25T15:43:36Z fork:true | 62s | +0 | 配额 4731/4800
[2026-07-27 02:03:30] ⚠️ 主队列超时 60s 无空间，搜索中断
[2026-07-27 02:03:30] ⏱️ [110/147] topic:mihomo pushed:>2026-07-25T15:43:36Z fork:true | 62s | +0 | 配额 4730/4800
[2026-07-27 02:04:32] ⚠️ 主队列超时 60s 无空间，搜索中断
[2026-07-27 02:04:32] ⏱️ [111/147] topic:clash pushed:>2026-07-25T15:43:36Z fork:true | 62s | +0 | 配额 4729/4800
[2026-07-27 02:04:35] ⏱️ [112/147] topic:subconverter pushed:>2026-07-25T15:43:36Z fork:true | 3s | +0 | 配额 4727/4800
[2026-07-27 02:05:37] ⚠️ 主队列超时 60s 无空间，搜索中断
[2026-07-27 02:05:37] ⏱️ [113/147] topic:shadowsocks pushed:>2026-07-25T15:43:36Z fork:true | 62s | +0 | 配额 4726/4800
[2026-07-27 02:06:40] ⚠️ 主队列超时 60s 无空间，搜索中断
[2026-07-27 02:06:40] ⏱️ [114/147] topic:wireguard pushed:>2026-07-25T15:43:36Z fork:true | 63s | +0 | 配额 4725/4800
[2026-07-27 02:07:41] ⚠️ 主队列超时 60s 无空间，搜索中断
[2026-07-27 02:07:41] ⏱️ [115/147] topic:hysteria pushed:>2026-07-25T15:43:36Z fork:true | 61s | +0 | 配额 4724/4800
[2026-07-27 02:07:41] ⏱️ [116/147] topic:tuic-protocol pushed:>2026-07-25T15:43:36Z fork:true | 0s | +0 | 配额 4723/4800
[2026-07-27 02:08:42] ⚠️ 主队列超时 60s 无空间，搜索中断
[2026-07-27 02:08:42] ⏱️ [117/147] topic:xray-core pushed:>2026-07-25T15:43:36Z fork:true | 61s | +0 | 配额 4722/4800
[2026-07-27 02:09:44] ⚠️ 主队列超时 60s 无空间，搜索中断
[2026-07-27 02:09:44] ⏱️ [118/147] topic:free-proxy pushed:>2026-07-25T15:43:36Z fork:true | 62s | +0 | 配额 4721/4800
[2026-07-27 02:10:47] ⚠️ 主队列超时 60s 无空间，搜索中断
[2026-07-27 02:10:47] ⏱️ [119/147] topic:proxy-list pushed:>2026-07-25T15:43:36Z fork:true | 62s | +0 | 配额 4720/4800
[2026-07-27 02:10:49] ⏱️ [120/147] topic:v2ray-nodes pushed:>2026-07-25T15:43:36Z fork:true | 3s | +0 | 配额 4718/4800
[2026-07-27 02:11:51] ⚠️ 主队列超时 60s 无空间，搜索中断
[2026-07-27 02:11:51] ⏱️ [121/147] topic:vpn pushed:>2026-07-25T15:43:36Z fork:true | 62s | +0 | 配额 4717/4800
[2026-07-27 02:11:52] ⏱️ [122/147] topic:proxy-provider pushed:>2026-07-25T15:43:36Z fork:true | 0s | +0 | 配额 4716/4800
[2026-07-27 02:11:52] ⏱️ [123/147] topic:clash-subscribe pushed:>2026-07-25T15:43:36Z fork:true | 0s | +0 | 配额 4715/4800
[2026-07-27 02:11:55] ⏱️ [124/147] topic:v2ray-subscribe pushed:>2026-07-25T15:43:36Z fork:true | 3s | +0 | 配额 4713/4800
[2026-07-27 02:12:55] ⚠️ 主队列超时 60s 无空间，搜索中断
[2026-07-27 02:12:55] ⏱️ [125/147] topic:v2ray-config pushed:>2026-07-25T15:43:36Z fork:true | 61s | +0 | 配额 4712/4800
[2026-07-27 02:13:56] ⚠️ 主队列超时 60s 无空间，搜索中断
[2026-07-27 02:13:56] ⏱️ [126/147] topic:clash-config pushed:>2026-07-25T15:43:36Z fork:true | 61s | +0 | 配额 4711/4800
[2026-07-27 02:14:56] ⚠️ 主队列超时 60s 无空间，搜索中断
[2026-07-27 02:14:56] ⏱️ [127/147] topic:vpn-configuration pushed:>2026-07-25T15:43:36Z fork:tr | 60s | +0 | 配额 4710/4800
[2026-07-27 02:15:58] ⚠️ 主队列超时 60s 无空间，搜索中断
[2026-07-27 02:15:58] ⏱️ [128/147] topic:clash-meta pushed:>2026-07-25T15:43:36Z fork:true | 62s | +0 | 配额 4709/4800
[2026-07-27 02:16:00] ⏱️ [129/147] topic:sing-box-config pushed:>2026-07-25T15:43:36Z fork:true | 3s | +0 | 配额 4707/4800
[2026-07-27 02:17:01] ⚠️ 主队列超时 60s 无空间，搜索中断
[2026-07-27 02:17:01] ⏱️ [130/147] topic:subscriptions pushed:>2026-07-25T15:43:36Z fork:true | 61s | +0 | 配额 4706/4800
[2026-07-27 02:18:02] ⚠️ 主队列超时 60s 无空间，搜索中断
[2026-07-27 02:18:02] ⏱️ [131/147] topic:proxy-configuration pushed:>2026-07-25T15:43:36Z fork: | 60s | +0 | 配额 4705/4800
[2026-07-27 02:18:02] ⏱️ [132/147] topic:v2ray-proxy pushed:>2026-07-25T15:43:36Z fork:true | 0s | +0 | 配额 4704/4800
[2026-07-27 02:19:05] ⚠️ 主队列超时 60s 无空间，搜索中断
[2026-07-27 02:19:05] ⏱️ [133/147] Clash.Meta 订阅 in:readme pushed:>2026-07-25T15:43:36Z fork:tr | 63s | +0 | 配额 4703/4800
[2026-07-27 02:20:07] ⚠️ 主队列超时 60s 无空间，搜索中断
[2026-07-27 02:20:07] ⏱️ [134/147] v2rayN 订阅 in:readme pushed:>2026-07-25T15:43:36Z fork:true | 62s | +0 | 配额 4702/4800
[2026-07-27 02:21:10] ⚠️ 主队列超时 60s 无空间，搜索中断
[2026-07-27 02:21:10] ⏱️ [135/147] v2rayNG 配置 in:readme pushed:>2026-07-25T15:43:36Z fork:true | 63s | +0 | 配额 4701/4800
[2026-07-27 02:22:13] ⚠️ 主队列超时 60s 无空间，搜索中断
[2026-07-27 02:22:13] ⏱️ [136/147] sing-box config in:readme pushed:>2026-07-25T15:43:36Z fork: | 63s | +0 | 配额 4700/4800
[2026-07-27 02:23:15] ⚠️ 主队列超时 60s 无空间，搜索中断
[2026-07-27 02:23:15] ⏱️ [137/147] Shadowrocket 订阅 in:readme pushed:>2026-07-25T15:43:36Z fork: | 63s | +0 | 配额 4699/4800
[2026-07-27 02:24:18] ⚠️ 主队列超时 60s 无空间，搜索中断
[2026-07-27 02:24:18] ⏱️ [138/147] Nekobox 配置 in:readme pushed:>2026-07-25T15:43:36Z fork:true | 63s | +0 | 配额 4698/4800
[2026-07-27 02:25:21] ⚠️ 主队列超时 60s 无空间，搜索中断
[2026-07-27 02:25:21] ⏱️ [139/147] FlClash 节点 in:readme pushed:>2026-07-25T15:43:36Z fork:true | 62s | +0 | 配额 4697/4800
[2026-07-27 02:26:23] ⚠️ 主队列超时 60s 无空间，搜索中断
[2026-07-27 02:26:23] ⏱️ [140/147] Hiddify config in:readme pushed:>2026-07-25T15:43:36Z fork:t | 62s | +0 | 配额 4696/4800
[2026-07-27 02:27:26] ⚠️ 主队列超时 60s 无空间，搜索中断
[2026-07-27 02:27:26] ⏱️ [141/147] mihomo 订阅 in:readme pushed:>2026-07-25T15:43:36Z fork:true | 62s | +0 | 配额 4695/4800
[2026-07-27 02:28:29] ⚠️ 主队列超时 60s 无空间，搜索中断
[2026-07-27 02:28:29] ⏱️ [142/147] proxy-groups clash in:readme pushed:>2026-07-25T15:43:36Z fo | 63s | +0 | 配额 4694/4800
[2026-07-27 02:29:31] ⚠️ 主队列超时 60s 无空间，搜索中断
[2026-07-27 02:29:31] ⏱️ [143/147] vmess:// vless:// in:readme pushed:>2026-07-25T15:43:36Z for | 62s | +0 | 配额 4693/4800
[2026-07-27 02:30:34] ⚠️ 主队列超时 60s 无空间，搜索中断
[2026-07-27 02:30:34] ⏱️ [144/147] trojan:// ss:// in:readme pushed:>2026-07-25T15:43:36Z fork: | 62s | +0 | 配额 4692/4800
[2026-07-27 02:31:36] ⚠️ 主队列超时 60s 无空间，搜索中断
[2026-07-27 02:31:36] ⏱️ [145/147] 机场订阅 in:readme pushed:>2026-07-25T15:43:36Z fork:true | 63s | +0 | 配额 4691/4800
[2026-07-27 02:32:39] ⚠️ 主队列超时 60s 无空间，搜索中断
[2026-07-27 02:32:39] ⏱️ [146/147] 免费节点 订阅链接 in:readme pushed:>2026-07-25T15:43:36Z fork:true | 62s | +0 | 配额 4690/4800
[2026-07-27 02:33:42] ⚠️ 主队列超时 60s 无空间，搜索中断
[2026-07-27 02:33:42] ⏱️ [147/147] clash 订阅 节点 in:readme pushed:>2026-07-25T15:43:36Z fork:true | 63s | +0 | 配额 4689/4800
