[2026-08-08 11:17:56] 🚀 程序启动
[2026-08-08 11:17:56] 关键词: 105 个
[2026-08-08 11:17:56] [MainThread] 加载 SHA 缓存 316499 条 (1 分片)
[2026-08-08 11:17:56] [MainThread] 加载已处理仓库缓存 36071 条
[2026-08-08 11:17:56] [MainThread] 已加载 404 仓库 624 条
[2026-08-08 11:17:56] [MainThread] 🚀 程序启动 | 配额上限 4800/小时
[2026-08-08 11:17:56] [MainThread] 🔵 阶段 1: 种子仓库 (744 个)
[2026-08-08 11:17:56] [种子] 🔵 种子仓库: 744 个 → 队列
[2026-08-08 11:17:56] [种子] 🔵 [种子 1/744] Raad63/v2ray-configs-sub-5 | 配额 4800/4800 03:17UTC | 主队列 1/200 发现队列 0/20000 [空] | Worker 0忙/36闲(0%)
[2026-08-08 11:17:56] [种子] 🔵 [种子 2/744] wang1680/proxypool | 配额 4800/4800 03:17UTC | 主队列 2/200 发现队列 0/20000 [空] | Worker 0忙/36闲(0%)
[2026-08-08 11:17:56] [种子] 🔵 [种子 3/744] Pawdroid/Free-servers | 配额 4800/4800 03:17UTC | 主队列 3/200 发现队列 0/20000 [空] | Worker 0忙/36闲(0%)
[2026-08-08 11:17:56] [种子] 🔵 [种子 4/744] LoneKingCode/free-proxy-db | 配额 4800/4800 03:17UTC | 主队列 4/200 发现队列 0/20000 [空] | Worker 0忙/36闲(0%)
[2026-08-08 11:17:56] [种子] 🔵 [种子 5/744] gfpcom/free-proxy-list | 配额 4800/4800 03:17UTC | 主队列 5/200 发现队列 0/20000 [空] | Worker 0忙/36闲(0%)
[2026-08-08 11:17:56] [种子] 🔵 [种子 6/744] mahdibland/get_v2 | 配额 4800/4800 03:17UTC | 主队列 6/200 发现队列 0/20000 [空] | Worker 0忙/36闲(0%)
[2026-08-08 11:17:56] [种子] 🔵 [种子 7/744] MhdiTaheri/V2rayCollector | 配额 4800/4800 03:17UTC | 主队列 7/200 发现队列 0/20000 [空] | Worker 0忙/36闲(0%)
[2026-08-08 11:17:56] [种子] 🔵 [种子 8/744] Raad63/nirevil | 配额 4800/4800 03:17UTC | 主队列 8/200 发现队列 0/20000 [空] | Worker 0忙/36闲(0%)
[2026-08-08 11:17:56] [种子] 🔵 [种子 9/744] cysk003/yebekhe-TVC | 配额 4800/4800 03:17UTC | 主队列 9/200 发现队列 0/20000 [空] | Worker 0忙/36闲(0%)
[2026-08-08 11:17:56] [种子] 🔵 [种子 10/744] chaoduzj/V2RayAutoConfig | 配额 4800/4800 03:17UTC | 主队列 10/200 发现队列 0/20000 [空] | Worker 0忙/36闲(0%)
[2026-08-08 11:17:56] [种子] 🔵 [种子 11/744] sclyxcn/airport-free | 配额 4800/4800 03:17UTC | 主队列 11/200 发现队列 0/20000 [空] | Worker 0忙/36闲(0%)
[2026-08-08 11:17:56] [种子] 🔵 [种子 12/744] MhdiTaheri/V2rayCollector_Py | 配额 4800/4800 03:17UTC | 主队列 12/200 发现队列 0/20000 [空] | Worker 0忙/36闲(0%)
[2026-08-08 11:17:56] [种子] 🔵 [种子 13/744] mr-mohamad-mr/multi-proxy-config-fetcher | 配额 4800/4800 03:17UTC | 主队列 13/200 发现队列 0/20000 [空] | Worker 0忙/36闲(0%)
[2026-08-08 11:17:56] [种子] 🔵 [种子 14/744] miladkantoori/multi-proxy-config-fetcher | 配额 4800/4800 03:17UTC | 主队列 14/200 发现队列 0/20000 [空] | Worker 0忙/36闲(0%)
[2026-08-08 11:17:56] [种子] 🔵 [种子 15/744] Rayan-Config/C-Sub | 配额 4800/4800 03:17UTC | 主队列 15/200 发现队列 0/20000 [空] | Worker 0忙/36闲(0%)
[2026-08-08 11:17:56] [种子] 🔵 [种子 16/744] mfuu/v2ray | 配额 4800/4800 03:17UTC | 主队列 16/200 发现队列 0/20000 [空] | Worker 0忙/36闲(0%)
[2026-08-08 11:17:56] [种子] 🔵 [种子 17/744] mahdibland/SSAggregator | 配额 4800/4800 03:17UTC | 主队列 17/200 发现队列 0/20000 [空] | Worker 0忙/36闲(0%)
[2026-08-08 11:17:56] [种子] 🔵 [种子 18/744] mahdibland/ShadowsocksAggregator | 配额 4800/4800 03:17UTC | 主队列 18/200 发现队列 0/20000 [空] | Worker 0忙/36闲(0%)
[2026-08-08 11:17:56] [种子] 🔵 [种子 19/744] free-nodes/clashfree | 配额 4800/4800 03:17UTC | 主队列 19/200 发现队列 0/20000 [空] | Worker 0忙/36闲(0%)
[2026-08-08 11:17:56] [种子] 🔵 [种子 20/744] ninjastrikers/nexus-nodes | 配额 4800/4800 03:17UTC | 主队列 20/200 发现队列 0/20000 [空] | Worker 0忙/36闲(0%)
[2026-08-08 11:17:56] [种子] 🔵 [种子 21/744] chaoduzj/aggregator | 配额 4800/4800 03:17UTC | 主队列 21/200 发现队列 0/20000 [空] | Worker 0忙/36闲(0%)
[2026-08-08 11:17:56] [种子] 🔵 [种子 22/744] Airuop/cross | 配额 4800/4800 03:17UTC | 主队列 22/200 发现队列 0/20000 [空] | Worker 0忙/36闲(0%)
[2026-08-08 11:17:56] [种子] 🔵 [种子 23/744] SkillfulElectro/V2RayCollector | 配额 4800/4800 03:17UTC | 主队列 23/200 发现队列 0/20000 [空] | Worker 0忙/36闲(0%)
[2026-08-08 11:17:56] [种子] 🔵 [种子 24/744] aiboboxx/v2rayfree | 配额 4800/4800 03:17UTC | 主队列 24/200 发现队列 0/20000 [空] | Worker 0忙/36闲(0%)
[2026-08-08 11:17:56] [种子] 🔵 [种子 25/744] iswhat/Chat2DB | 配额 4800/4800 03:17UTC | 主队列 25/200 发现队列 0/20000 [空] | Worker 0忙/36闲(0%)
[2026-08-08 11:17:56] [种子] 🔵 [种子 26/744] pooriaredorg/pooriaredorg | 配额 4800/4800 03:17UTC | 主队列 26/200 发现队列 0/20000 [空] | Worker 0忙/36闲(0%)
[2026-08-08 11:17:56] [种子] 🔵 [种子 27/744] ssrsub/ssr | 配额 4800/4800 03:17UTC | 主队列 27/200 发现队列 0/20000 [空] | Worker 0忙/36闲(0%)
[2026-08-08 11:17:56] [种子] 🔵 [种子 28/744] peasoft/NoMoreWalls | 配额 4800/4800 03:17UTC | 主队列 28/200 发现队列 0/20000 [空] | Worker 0忙/36闲(0%)
[2026-08-08 11:17:56] [种子] 🔵 [种子 29/744] 4n0nymou3/multi-proxy-config-fetcher | 配额 4800/4800 03:17UTC | 主队列 29/200 发现队列 0/20000 [空] | Worker 0忙/36闲(0%)
[2026-08-08 11:17:56] [种子] 🔵 [种子 30/744] wenxig/free-nodes-sub | 配额 4800/4800 03:17UTC | 主队列 30/200 发现队列 0/20000 [空] | Worker 0忙/36闲(0%)
[2026-08-08 11:17:56] [种子] 🔵 [种子 31/744] 10ium/multi-proxy-config-fetcher | 配额 4800/4800 03:17UTC | 主队列 31/200 发现队列 0/20000 [空] | Worker 0忙/36闲(0%)
[2026-08-08 11:17:56] [种子] 🔵 [种子 32/744] sclyxcn/v2ray-reaper | 配额 4800/4800 03:17UTC | 主队列 32/200 发现队列 0/20000 [空] | Worker 0忙/36闲(0%)
[2026-08-08 11:17:56] [种子] 🔵 [种子 33/744] cysk003/Epodonios-v2ray-configs | 配额 4800/4800 03:17UTC | 主队列 33/200 发现队列 0/20000 [空] | Worker 0忙/36闲(0%)
[2026-08-08 11:17:56] [种子] 🔵 [种子 34/744] cysk003/NoMoreWalls | 配额 4800/4800 03:17UTC | 主队列 34/200 发现队列 0/20000 [空] | Worker 0忙/36闲(0%)
[2026-08-08 11:17:56] [种子] 🔵 [种子 35/744] Misaka-blog/chromego_merge | 配额 4800/4800 03:17UTC | 主队列 35/200 发现队列 0/20000 [空] | Worker 0忙/36闲(0%)
[2026-08-08 11:17:56] [种子] 🔵 [种子 36/744] Aethersailor/SubConverter-Extended | 配额 4800/4800 03:17UTC | 主队列 36/200 发现队列 0/20000 [空] | Worker 0忙/36闲(0%)
[2026-08-08 11:17:56] [种子] 🔵 [种子 37/744] kafeixiang/mihomo | 配额 4800/4800 03:17UTC | 主队列 37/200 发现队列 0/20000 [空] | Worker 0忙/36闲(0%)
[2026-08-08 11:17:56] [种子] 🔵 [种子 38/744] anaer/Sub | 配额 4800/4800 03:17UTC | 主队列 38/200 发现队列 0/20000 [空] | Worker 0忙/36闲(0%)
[2026-08-08 11:17:56] [种子] 🔵 [种子 39/744] Leon406/SubCrawler | 配额 4800/4800 03:17UTC | 主队列 39/200 发现队列 0/20000 [空] | Worker 0忙/36闲(0%)
[2026-08-08 11:17:56] [种子] 🔵 [种子 40/744] Baobei321/-AutoMergePublicNodes | 配额 4800/4800 03:17UTC | 主队列 40/200 发现队列 0/20000 [空] | Worker 0忙/36闲(0%)
[2026-08-08 11:17:56] [种子] 🔵 [种子 41/744] ts-sf/fly | 配额 4800/4800 03:17UTC | 主队列 41/200 发现队列 0/20000 [空] | Worker 0忙/36闲(0%)
[2026-08-08 11:17:56] [种子] 🔵 [种子 42/744] chaoduzj/subs-check | 配额 4800/4800 03:17UTC | 主队列 42/200 发现队列 0/20000 [空] | Worker 0忙/36闲(0%)
[2026-08-08 11:17:56] [种子] 🔵 [种子 43/744] chaoduzj/pac2 | 配额 4800/4800 03:17UTC | 主队列 43/200 发现队列 0/20000 [空] | Worker 0忙/36闲(0%)
[2026-08-08 11:17:56] [种子] 🔵 [种子 44/744] ws94666ws/awesome-vpn | 配额 4800/4800 03:17UTC | 主队列 44/200 发现队列 0/20000 [空] | Worker 0忙/36闲(0%)
[2026-08-08 11:17:56] [种子] 🔵 [种子 45/744] ab13643832129/awesome-vpn | 配额 4800/4800 03:17UTC | 主队列 45/200 发现队列 0/20000 [空] | Worker 0忙/36闲(0%)
[2026-08-08 11:17:56] [种子] 🔵 [种子 46/744] xwcyg6/airport-free | 配额 4800/4800 03:17UTC | 主队列 46/200 发现队列 0/20000 [空] | Worker 0忙/36闲(0%)
[2026-08-08 11:17:56] [种子] 🔵 [种子 47/744] BiHuDeH/multi-proxy-config-fetcher | 配额 4800/4800 03:17UTC | 主队列 47/200 发现队列 0/20000 [空] | Worker 0忙/36闲(0%)
[2026-08-08 11:17:56] [种子] 🔵 [种子 48/744] sami4030/multi-proxy-config-fetcher | 配额 4800/4800 03:17UTC | 主队列 48/200 发现队列 0/20000 [空] | Worker 0忙/36闲(0%)
[2026-08-08 11:17:56] [种子] 🔵 [种子 49/744] ermaozi/get_subscribe | 配额 4800/4800 03:17UTC | 主队列 49/200 发现队列 0/20000 [空] | Worker 0忙/36闲(0%)
[2026-08-08 11:17:56] [种子] 🔵 [种子 50/744] Airuop/archive | 配额 4800/4800 03:17UTC | 主队列 50/200 发现队列 0/20000 [空] | Worker 0忙/36闲(0%)
[2026-08-08 11:17:56] [种子] 🔵 [种子 51/744] AtenaPV/PL4 | 配额 4800/4800 03:17UTC | 主队列 51/200 发现队列 0/20000 [空] | Worker 0忙/36闲(0%)
[2026-08-08 11:17:56] [种子] 🔵 [种子 52/744] AtenaPV/Main-DB | 配额 4800/4800 03:17UTC | 主队列 52/200 发现队列 0/20000 [空] | Worker 0忙/36闲(0%)
[2026-08-08 11:17:56] [种子] 🔵 [种子 53/744] AtenaPV/Sub-Sync | 配额 4800/4800 03:17UTC | 主队列 53/200 发现队列 0/20000 [空] | Worker 0忙/36闲(0%)
[2026-08-08 11:17:56] [种子] 🔵 [种子 54/744] sevcator/5ubscrpt10n | 配额 4800/4800 03:17UTC | 主队列 54/200 发现队列 0/20000 [空] | Worker 0忙/36闲(0%)
[2026-08-08 11:17:56] [种子] 🔵 [种子 55/744] V2RayRoot/V2RayConfig | 配额 4800/4800 03:17UTC | 主队列 55/200 发现队列 0/20000 [空] | Worker 0忙/36闲(0%)
[2026-08-08 11:17:56] [种子] 🔵 [种子 56/744] ehsanghaffar/config-sub-platform | 配额 4800/4800 03:17UTC | 主队列 56/200 发现队列 0/20000 [空] | Worker 0忙/36闲(0%)
[2026-08-08 11:17:56] [种子] 🔵 [种子 57/744] Airuop/config-fetcher | 配额 4800/4800 03:17UTC | 主队列 57/200 发现队列 0/20000 [空] | Worker 0忙/36闲(0%)
[2026-08-08 11:17:56] [种子] 🔵 [种子 58/744] free-nodes/v2rayfree | 配额 4800/4800 03:17UTC | 主队列 58/200 发现队列 0/20000 [空] | Worker 0忙/36闲(0%)
[2026-08-08 11:17:56] [种子] 🔵 [种子 59/744] crashgfw/free-airport-nodes | 配额 4800/4800 03:17UTC | 主队列 59/200 发现队列 0/20000 [空] | Worker 0忙/36闲(0%)
[2026-08-08 11:17:56] [种子] 🔵 [种子 60/744] lza6/free-VPN | 配额 4800/4800 03:17UTC | 主队列 60/200 发现队列 0/20000 [空] | Worker 0忙/36闲(0%)
[2026-08-08 11:17:56] [种子] 🔵 [种子 61/744] guying23/AutoMergePublicNodes | 配额 4800/4800 03:17UTC | 主队列 61/200 发现队列 0/20000 [空] | Worker 0忙/36闲(0%)
[2026-08-08 11:17:56] [种子] 🔵 [种子 62/744] wzdnzd/aggregator | 配额 4800/4800 03:17UTC | 主队列 62/200 发现队列 0/20000 [空] | Worker 0忙/36闲(0%)
[2026-08-08 11:17:56] [种子] 🔵 [种子 63/744] bruceblink/free-v2ray | 配额 4800/4800 03:17UTC | 主队列 63/200 发现队列 0/20000 [空] | Worker 0忙/36闲(0%)
[2026-08-08 11:17:56] [种子] 🔵 [种子 64/744] alanbobs999/TopFreeProxies | 配额 4800/4800 03:17UTC | 主队列 64/200 发现队列 0/20000 [空] | Worker 0忙/36闲(0%)
[2026-08-08 11:17:56] [种子] 🔵 [种子 65/744] wrfree/free | 配额 4800/4800 03:17UTC | 主队列 65/200 发现队列 0/20000 [空] | Worker 0忙/36闲(0%)
[2026-08-08 11:17:56] [种子] 🔵 [种子 66/744] learnhard-cn/free_proxy_ss | 配额 4800/4800 03:17UTC | 主队列 66/200 发现队列 0/20000 [空] | Worker 0忙/36闲(0%)
[2026-08-08 11:17:56] [种子] 🔵 [种子 67/744] mahsanet/MahsaFreeConfig | 配额 4800/4800 03:17UTC | 主队列 67/200 发现队列 0/20000 [空] | Worker 0忙/36闲(0%)
[2026-08-08 11:17:56] [种子] 🔵 [种子 68/744] Ashkan-m/v2ray | 配额 4800/4800 03:17UTC | 主队列 68/200 发现队列 0/20000 [空] | Worker 0忙/36闲(0%)
[2026-08-08 11:17:56] [种子] 🔵 [种子 69/744] Kamyar19/configMs | 配额 4800/4800 03:17UTC | 主队列 69/200 发现队列 0/20000 [空] | Worker 0忙/36闲(0%)
[2026-08-08 11:17:56] [种子] 🔵 [种子 70/744] junjun266/FreeProxyGo | 配额 4800/4800 03:17UTC | 主队列 70/200 发现队列 0/20000 [空] | Worker 0忙/36闲(0%)
[2026-08-08 11:17:56] [种子] 🔵 [种子 71/744] imalyzer/mihomo-node-checker | 配额 4800/4800 03:17UTC | 主队列 71/200 发现队列 0/20000 [空] | Worker 0忙/36闲(0%)
[2026-08-08 11:17:56] [种子] 🔵 [种子 72/744] lerjtl/Testfree | 配额 4800/4800 03:17UTC | 主队列 72/200 发现队列 0/20000 [空] | Worker 0忙/36闲(0%)
[2026-08-08 11:17:56] [种子] 🔵 [种子 73/744] superokde/free-nodes | 配额 4800/4800 03:17UTC | 主队列 73/200 发现队列 0/20000 [空] | Worker 0忙/36闲(0%)
[2026-08-08 11:17:56] [种子] 🔵 [种子 74/744] XHegit/FreeNodes | 配额 4800/4800 03:17UTC | 主队列 74/200 发现队列 0/20000 [空] | Worker 0忙/36闲(0%)
[2026-08-08 11:17:56] [种子] 🔵 [种子 75/744] Yannik666/nodes | 配额 4800/4800 03:17UTC | 主队列 75/200 发现队列 0/20000 [空] | Worker 0忙/36闲(0%)
[2026-08-08 11:17:56] [种子] 🔵 [种子 76/744] wanvfx/FreeNodes | 配额 4800/4800 03:17UTC | 主队列 76/200 发现队列 0/20000 [空] | Worker 0忙/36闲(0%)
[2026-08-08 11:17:56] [种子] 🔵 [种子 77/744] luochen1975/FreeNodes | 配额 4800/4800 03:17UTC | 主队列 77/200 发现队列 0/20000 [空] | Worker 0忙/36闲(0%)
[2026-08-08 11:17:56] [种子] 🔵 [种子 78/744] yangfh158/FreeNodes | 配额 4800/4800 03:17UTC | 主队列 78/200 发现队列 0/20000 [空] | Worker 0忙/36闲(0%)
[2026-08-08 11:17:56] [种子] 🔵 [种子 79/744] chengege666/FreeNodes | 配额 4800/4800 03:17UTC | 主队列 79/200 发现队列 0/20000 [空] | Worker 0忙/36闲(0%)
[2026-08-08 11:17:56] [种子] 🔵 [种子 80/744] gwcctv/FreeNodes | 配额 4800/4800 03:17UTC | 主队列 80/200 发现队列 0/20000 [空] | Worker 0忙/36闲(0%)
[2026-08-08 11:17:56] [种子] ⏸️  主队列 ≥ 80（80/200），搜索暂停
[2026-08-08 11:17:56] [W-0] 🔧 开始处理 [种子仓库] Raad63/v2ray-configs-sub-5 [种子 1/744]
[2026-08-08 11:17:57] [W-0] [种子仓库] 仓库 https://github.com/Raad63/v2ray-configs-sub-5 (分支: main, size: 25385599KB, pushed: 2026-08-07T22:29:13Z)
[2026-08-08 11:18:01] [W-1] ⏳ 等待任务中...
[2026-08-08 11:18:01] [W-1] 🔧 开始处理 [种子仓库] wang1680/proxypool [种子 2/744]
[2026-08-08 11:18:01] [W-5] ⏳ 等待任务中...
[2026-08-08 11:18:01] [W-5] 🔧 开始处理 [种子仓库] Pawdroid/Free-servers [种子 3/744]
[2026-08-08 11:18:01] [W-22] ⏳ 等待任务中...
[2026-08-08 11:18:01] [W-22] 🔧 开始处理 [种子仓库] LoneKingCode/free-proxy-db [种子 4/744]
[2026-08-08 11:18:01] [W-11] ⏳ 等待任务中...
[2026-08-08 11:18:01] [W-11] 🔧 开始处理 [种子仓库] gfpcom/free-proxy-list [种子 5/744]
[2026-08-08 11:18:01] [W-14] ⏳ 等待任务中...
[2026-08-08 11:18:01] [W-14] 🔧 开始处理 [种子仓库] mahdibland/get_v2 [种子 6/744]
[2026-08-08 11:18:01] [W-17] ⏳ 等待任务中...
[2026-08-08 11:18:01] [W-17] 🔧 开始处理 [种子仓库] MhdiTaheri/V2rayCollector [种子 7/744]
[2026-08-08 11:18:01] [W-23] ⏳ 等待任务中...
[2026-08-08 11:18:01] [W-23] 🔧 开始处理 [种子仓库] Raad63/nirevil [种子 8/744]
[2026-08-08 11:18:01] [W-26] ⏳ 等待任务中...
[2026-08-08 11:18:01] [W-26] 🔧 开始处理 [种子仓库] cysk003/yebekhe-TVC [种子 9/744]
[2026-08-08 11:18:01] [W-29] ⏳ 等待任务中...
[2026-08-08 11:18:01] [W-29] 🔧 开始处理 [种子仓库] chaoduzj/V2RayAutoConfig [种子 10/744]
[2026-08-08 11:18:01] [W-12] ⏳ 等待任务中...
[2026-08-08 11:18:01] [W-12] 🔧 开始处理 [种子仓库] sclyxcn/airport-free [种子 11/744]
[2026-08-08 11:18:01] [W-18] ⏳ 等待任务中...
[2026-08-08 11:18:01] [W-18] 🔧 开始处理 [种子仓库] MhdiTaheri/V2rayCollector_Py [种子 12/744]
[2026-08-08 11:18:01] [W-21] ⏳ 等待任务中...
[2026-08-08 11:18:01] [W-21] 🔧 开始处理 [种子仓库] mr-mohamad-mr/multi-proxy-config-fetcher [种子 13/744]
[2026-08-08 11:18:01] [W-8] ⏳ 等待任务中...
[2026-08-08 11:18:01] [W-8] 🔧 开始处理 [种子仓库] miladkantoori/multi-proxy-config-fetcher [种子 14/744]
[2026-08-08 11:18:01] [W-30] ⏳ 等待任务中...
[2026-08-08 11:18:01] [W-30] 🔧 开始处理 [种子仓库] Rayan-Config/C-Sub [种子 15/744]
[2026-08-08 11:18:01] [W-34] ⏳ 等待任务中...
[2026-08-08 11:18:01] [W-34] 🔧 开始处理 [种子仓库] mfuu/v2ray [种子 16/744]
[2026-08-08 11:18:01] [W-15] ⏳ 等待任务中...
[2026-08-08 11:18:01] [W-15] 🔧 开始处理 [种子仓库] mahdibland/SSAggregator [种子 17/744]
[2026-08-08 11:18:01] [W-2] ⏳ 等待任务中...
[2026-08-08 11:18:01] [W-2] 🔧 开始处理 [种子仓库] mahdibland/ShadowsocksAggregator [种子 18/744]
[2026-08-08 11:18:01] [W-6] ⏳ 等待任务中...
[2026-08-08 11:18:01] [W-6] 🔧 开始处理 [种子仓库] free-nodes/clashfree [种子 19/744]
[2026-08-08 11:18:01] [W-24] ⏳ 等待任务中...
[2026-08-08 11:18:01] [W-24] 🔧 开始处理 [种子仓库] ninjastrikers/nexus-nodes [种子 20/744]
[2026-08-08 11:18:01] [W-31] ⏳ 等待任务中...
[2026-08-08 11:18:01] [W-31] 🔧 开始处理 [种子仓库] chaoduzj/aggregator [种子 21/744]
[2026-08-08 11:18:01] [W-3] ⏳ 等待任务中...
[2026-08-08 11:18:01] [W-3] 🔧 开始处理 [种子仓库] Airuop/cross [种子 22/744]
[2026-08-08 11:18:01] [W-16] ⏳ 等待任务中...
[2026-08-08 11:18:01] [W-16] 🔧 开始处理 [种子仓库] SkillfulElectro/V2RayCollector [种子 23/744]
[2026-08-08 11:18:01] [W-20] ⏳ 等待任务中...
[2026-08-08 11:18:01] [W-20] 🔧 开始处理 [种子仓库] aiboboxx/v2rayfree [种子 24/744]
[2026-08-08 11:18:01] [W-7] ⏳ 等待任务中...
[2026-08-08 11:18:01] [W-7] 🔧 开始处理 [种子仓库] iswhat/Chat2DB [种子 25/744]
[2026-08-08 11:18:01] [W-9] ⏳ 等待任务中...
[2026-08-08 11:18:01] [W-9] 🔧 开始处理 [种子仓库] pooriaredorg/pooriaredorg [种子 26/744]
[2026-08-08 11:18:01] [W-32] ⏳ 等待任务中...
[2026-08-08 11:18:01] [W-32] 🔧 开始处理 [种子仓库] ssrsub/ssr [种子 27/744]
[2026-08-08 11:18:01] [W-35] ⏳ 等待任务中...
[2026-08-08 11:18:01] [W-35] 🔧 开始处理 [种子仓库] peasoft/NoMoreWalls [种子 28/744]
[2026-08-08 11:18:01] [W-13] ⏳ 等待任务中...
[2026-08-08 11:18:01] [W-13] 🔧 开始处理 [种子仓库] 4n0nymou3/multi-proxy-config-fetcher [种子 29/744]
[2026-08-08 11:18:01] [W-25] ⏳ 等待任务中...
[2026-08-08 11:18:01] [W-25] 🔧 开始处理 [种子仓库] wenxig/free-nodes-sub [种子 30/744]
[2026-08-08 11:18:01] [W-33] ⏳ 等待任务中...
[2026-08-08 11:18:01] [W-33] 🔧 开始处理 [种子仓库] 10ium/multi-proxy-config-fetcher [种子 31/744]
[2026-08-08 11:18:01] [W-28] ⏳ 等待任务中...
[2026-08-08 11:18:01] [W-28] 🔧 开始处理 [种子仓库] sclyxcn/v2ray-reaper [种子 32/744]
[2026-08-08 11:18:01] [W-4] ⏳ 等待任务中...
[2026-08-08 11:18:01] [W-4] 🔧 开始处理 [种子仓库] cysk003/Epodonios-v2ray-configs [种子 33/744]
[2026-08-08 11:18:01] [W-19] ⏳ 等待任务中...
[2026-08-08 11:18:01] [W-19] 🔧 开始处理 [种子仓库] cysk003/NoMoreWalls [种子 34/744]
[2026-08-08 11:18:01] [W-27] ⏳ 等待任务中...
[2026-08-08 11:18:01] [W-27] 🔧 开始处理 [种子仓库] Misaka-blog/chromego_merge [种子 35/744]
[2026-08-08 11:18:01] [W-10] ⏳ 等待任务中...
[2026-08-08 11:18:01] [W-10] 🔧 开始处理 [种子仓库] Aethersailor/SubConverter-Extended [种子 36/744]
[2026-08-08 11:18:02] [W-5] [种子仓库] 仓库 https://github.com/Pawdroid/Free-servers (分支: main, size: 95KB, pushed: 2026-08-08T03:00:43Z)
[2026-08-08 11:18:02] [W-17] [种子仓库] 仓库 https://github.com/MhdiTaheri/V2rayCollector (分支: main, size: 951046KB, pushed: 2026-08-08T01:10:28Z)
[2026-08-08 11:18:02] [W-6] [种子仓库] 仓库 https://github.com/free-nodes/clashfree (分支: main, size: 28617KB, pushed: 2026-08-08T02:34:45Z)
[2026-08-08 11:18:02] [W-30] [种子仓库] 仓库 https://github.com/Rayan-Config/C-Sub (分支: main, size: 26510KB, pushed: 2026-08-08T02:53:05Z)
[2026-08-08 11:18:02] [W-23] ⏭️ [种子仓库] 仓库 https://github.com/Raad63/nirevil 已解析，跳过解析（无需追踪）
[2026-08-08 11:18:02] [W-23] ✅ 完成 [种子仓库] Raad63/nirevil [种子 8/744] | 提取 0 | 新增 0 | 耗时 1s | 配额 4794/4800 03:18UTC | 主队列 44/200 发现队列 0/20000 [空] | Worker 36忙/0闲(100%)
[2026-08-08 11:18:02] [W-23] 🔧 开始处理 [种子仓库] kafeixiang/mihomo [种子 37/744]
[2026-08-08 11:18:02] [W-11] [种子仓库] 仓库 https://github.com/gfpcom/free-proxy-list (分支: main, size: 37138KB, pushed: 2026-08-08T01:41:11Z)
[2026-08-08 11:18:02] [W-22] ⏭️ [种子仓库] 仓库 https://github.com/LoneKingCode/free-proxy-db 已解析，跳过解析（无需追踪）
[2026-08-08 11:18:02] [W-22] ✅ 完成 [种子仓库] LoneKingCode/free-proxy-db [种子 4/744] | 提取 0 | 新增 0 | 耗时 1s | 配额 4792/4800 03:18UTC | 主队列 43/200 发现队列 0/20000 [空] | Worker 36忙/0闲(100%)
[2026-08-08 11:18:02] [W-22] 🔧 开始处理 [种子仓库] anaer/Sub [种子 38/744]
[2026-08-08 11:18:02] [W-12] ⏭️ [种子仓库] 仓库 https://github.com/sclyxcn/airport-free 已解析，跳过解析（无需追踪）
[2026-08-08 11:18:02] [W-12] ✅ 完成 [种子仓库] sclyxcn/airport-free [种子 11/744] | 提取 0 | 新增 0 | 耗时 1s | 配额 4791/4800 03:18UTC | 主队列 42/200 发现队列 0/20000 [空] | Worker 36忙/0闲(100%)
[2026-08-08 11:18:02] [W-12] 🔧 开始处理 [种子仓库] Leon406/SubCrawler [种子 39/744]
[2026-08-08 11:18:02] [W-3] [种子仓库] 仓库 https://github.com/Airuop/cross (分支: master, size: 340913KB, pushed: 2026-08-08T02:05:34Z)
[2026-08-08 11:18:02] [W-14] [种子仓库] 仓库 https://github.com/mahdibland/get_v2 (分支: main, size: 659885KB, pushed: 2026-08-07T20:34:56Z)
[2026-08-08 11:18:02] [W-25] [种子仓库] 仓库 https://github.com/wenxig/free-nodes-sub (分支: main, size: 15809KB, pushed: 2026-08-08T01:15:04Z)
[2026-08-08 11:18:02] [W-35] [种子仓库] 仓库 https://github.com/peasoft/NoMoreWalls (分支: master, size: 5054880KB, pushed: 2026-08-08T02:02:54Z)
[2026-08-08 11:18:02] [W-13] [种子仓库] 仓库 https://github.com/4n0nymou3/multi-proxy-config-fetcher (分支: main, size: 89150KB, pushed: 2026-08-08T00:40:11Z)
[2026-08-08 11:18:02] [W-10] [种子仓库] 仓库 https://github.com/Aethersailor/SubConverter-Extended (分支: master, size: 10707KB, pushed: 2026-08-07T19:48:19Z)
[2026-08-08 11:18:02] [W-28] [种子仓库] 仓库 https://github.com/sclyxcn/v2ray-reaper (分支: main, size: 5492337KB, pushed: 2026-08-08T01:17:44Z)
[2026-08-08 11:18:02] [W-29] [种子仓库] 仓库 https://github.com/chaoduzj/V2RayAutoConfig (分支: main, size: 12942089KB, pushed: 2026-08-08T02:48:25Z)
[2026-08-08 11:18:02] [W-21] [种子仓库] 仓库 https://github.com/mr-mohamad-mr/multi-proxy-config-fetcher (分支: main, size: 62161KB, pushed: 2026-08-08T01:38:00Z)
[2026-08-08 11:18:02] [W-32] [种子仓库] 仓库 https://github.com/ssrsub/ssr (分支: master, size: 23306KB, pushed: 2026-08-08T01:42:10Z)
[2026-08-08 11:18:02] [W-34] [种子仓库] 仓库 https://github.com/mfuu/v2ray (分支: master, size: 20KB, pushed: 2026-08-07T21:28:49Z)
[2026-08-08 11:18:02] [W-18] [种子仓库] 仓库 https://github.com/MhdiTaheri/V2rayCollector_Py (分支: main, size: 32077KB, pushed: 2026-08-08T01:31:05Z)
[2026-08-08 11:18:02] [W-26] [种子仓库] 仓库 https://github.com/cysk003/yebekhe-TVC (分支: main, size: 2068418KB, pushed: 2026-08-08T02:09:35Z)
[2026-08-08 11:18:02] [W-9] [种子仓库] 仓库 https://github.com/pooriaredorg/pooriaredorg (分支: main, size: 18294KB, pushed: 2026-08-08T01:45:11Z)
[2026-08-08 11:18:02] [W-27] ⏭️ [种子仓库] 仓库 https://github.com/Misaka-blog/chromego_merge 已解析，跳过解析（无需追踪）
[2026-08-08 11:18:02] [W-27] ✅ 完成 [种子仓库] Misaka-blog/chromego_merge [种子 35/744] | 提取 0 | 新增 0 | 耗时 1s | 配额 4776/4800 03:18UTC | 主队列 41/200 发现队列 0/20000 [空] | Worker 36忙/0闲(100%)
[2026-08-08 11:18:02] [W-7] ⏭️ [种子仓库] 仓库 https://github.com/iswhat/Chat2DB 已解析，跳过解析（无需追踪）
[2026-08-08 11:18:02] [W-7] ✅ 完成 [种子仓库] iswhat/Chat2DB [种子 25/744] | 提取 0 | 新增 0 | 耗时 1s | 配额 4775/4800 03:18UTC | 主队列 40/200 发现队列 0/20000 [空] | Worker 36忙/0闲(100%)
[2026-08-08 11:18:02] [W-1] [种子仓库] 仓库 https://github.com/wang1680/proxypool (分支: main, size: 50803KB, pushed: 2026-08-07T16:19:06Z)
[2026-08-08 11:18:02] [W-7] 🔧 开始处理 [种子仓库] ts-sf/fly [种子 41/744]
[2026-08-08 11:18:02] [W-27] 🔧 开始处理 [种子仓库] Baobei321/-AutoMergePublicNodes [种子 40/744]
[2026-08-08 11:18:02] [W-8] [种子仓库] 仓库 https://github.com/miladkantoori/multi-proxy-config-fetcher (分支: main, size: 66502KB, pushed: 2026-08-08T02:57:33Z)
[2026-08-08 11:18:02] [W-24] [种子仓库] 仓库 https://github.com/ninjastrikers/nexus-nodes (分支: main, size: 1129642KB, pushed: 2026-08-08T02:12:14Z)
[2026-08-08 11:18:02] [W-16] [种子仓库] 仓库 https://github.com/SkillfulElectro/V2RayCollector (分支: main, size: 365215KB, pushed: 2026-08-07T22:41:11Z)
[2026-08-08 11:18:02] [W-31] [种子仓库] 仓库 https://github.com/chaoduzj/aggregator (分支: main, size: 489198KB, pushed: 2026-08-08T02:11:45Z)
[2026-08-08 11:18:02] [W-33] [种子仓库] 仓库 https://github.com/10ium/multi-proxy-config-fetcher (分支: main, size: 44425KB, pushed: 2026-08-08T01:14:49Z)
[2026-08-08 11:18:02] [W-19] [种子仓库] 仓库 https://github.com/cysk003/NoMoreWalls (分支: master, size: 5052810KB, pushed: 2026-08-08T01:59:05Z)
[2026-08-08 11:18:02] [W-4] [种子仓库] 仓库 https://github.com/cysk003/Epodonios-v2ray-configs (分支: main, size: 25390890KB, pushed: 2026-08-08T01:56:25Z)
[2026-08-08 11:18:02] [W-2] [种子仓库] 仓库 https://github.com/mahdibland/ShadowsocksAggregator (分支: master, size: 4550332KB, pushed: 2026-08-08T02:43:18Z)
[2026-08-08 11:18:02] [W-20] [种子仓库] 仓库 https://github.com/aiboboxx/v2rayfree (分支: main, size: 25818KB, pushed: 2026-08-08T01:53:47Z)
[2026-08-08 11:18:02] [W-15] [种子仓库] 仓库 https://github.com/mahdibland/SSAggregator (分支: master, size: 4550332KB, pushed: 2026-08-08T02:43:18Z)
[2026-08-08 11:18:02] [W-23] ⏭️ [种子仓库] 仓库 https://github.com/kafeixiang/mihomo 已解析，跳过解析（无需追踪）
[2026-08-08 11:18:02] [W-23] ✅ 完成 [种子仓库] kafeixiang/mihomo [种子 37/744] | 提取 0 | 新增 0 | 耗时 0s | 配额 4763/4800 03:18UTC | 主队列 39/200 发现队列 0/20000 [空] | Worker 36忙/0闲(100%)
[2026-08-08 11:18:02] [W-22] ⏭️ [种子仓库] 仓库 https://github.com/anaer/Sub 已解析，跳过解析（无需追踪）
[2026-08-08 11:18:02] [W-22] ✅ 完成 [种子仓库] anaer/Sub [种子 38/744] | 提取 0 | 新增 0 | 耗时 0s | 配额 4762/4800 03:18UTC | 主队列 38/200 发现队列 0/20000 [空] | Worker 35忙/1闲(97%)
[2026-08-08 11:18:02] [W-22] 🔧 开始处理 [种子仓库] chaoduzj/pac2 [种子 43/744]
[2026-08-08 11:18:02] [W-23] 🔧 开始处理 [种子仓库] chaoduzj/subs-check [种子 42/744]
[2026-08-08 11:18:02] [W-12] [种子仓库] 仓库 https://github.com/Leon406/SubCrawler (分支: main, size: 2189240KB, pushed: 2026-08-08T01:10:55Z)
[2026-08-08 11:18:03] [W-7] [种子仓库] 仓库 https://github.com/ts-sf/fly (分支: main, size: 13505464KB, pushed: 2026-08-08T02:27:42Z)
[2026-08-08 11:18:03] [W-27] [种子仓库] 仓库 https://github.com/Baobei321/-AutoMergePublicNodes (分支: master, size: 8113306KB, pushed: 2026-08-07T23:53:18Z)
[2026-08-08 11:18:03] [W-22] [种子仓库] 仓库 https://github.com/chaoduzj/pac2 (分支: master, size: 76232KB, pushed: 2026-08-08T02:58:19Z)
[2026-08-08 11:18:03] [W-23] ⏭️ [种子仓库] 仓库 https://github.com/chaoduzj/subs-check 已解析，跳过解析（无需追踪）
[2026-08-08 11:18:03] [W-23] ✅ 完成 [种子仓库] chaoduzj/subs-check [种子 42/744] | 提取 0 | 新增 0 | 耗时 0s | 配额 4757/4800 03:18UTC | 主队列 37/200 发现队列 0/20000 [空] | Worker 36忙/0闲(100%)
[2026-08-08 11:18:03] [W-23] 🔧 开始处理 [种子仓库] ws94666ws/awesome-vpn [种子 44/744]
[2026-08-08 11:18:03] [W-23] [种子仓库] 仓库 https://github.com/ws94666ws/awesome-vpn (分支: master, size: 9831KB, pushed: 2026-08-08T02:05:22Z)
[2026-08-08 11:18:06] [W-18] 📦 Partial Clone: 5 个文件（零 API 配额）
[2026-08-08 11:18:06] [W-18] 仓库 https://github.com/MhdiTaheri/V2rayCollector_Py 候选文件 2 个
[2026-08-08 11:18:06] [W-1] 📦 Partial Clone: 6 个文件（零 API 配额）
[2026-08-08 11:18:06] [W-1] 仓库 https://github.com/wang1680/proxypool 无候选文件 (总计 6 blob, 扩展名过滤 0, processed_shas 跳过 0, SHA 缓存跳过 6)
[2026-08-08 11:18:06] [W-1] ✅ 完成 [种子仓库] wang1680/proxypool [种子 2/744] | 提取 0 | 新增 0 | 耗时 4s | 配额 4756/4800 03:18UTC | 主队列 36/200 发现队列 0/20000 [空] | Worker 34忙/2闲(94%)
[2026-08-08 11:18:06] [W-1] 🔧 开始处理 [种子仓库] ab13643832129/awesome-vpn [种子 45/744]
[2026-08-08 11:18:06] [W-32] 📦 Partial Clone: 6 个文件（零 API 配额）
[2026-08-08 11:18:06] [W-32] 仓库 https://github.com/ssrsub/ssr 候选文件 3 个
[2026-08-08 11:18:17] [W-1] [种子仓库] 仓库 https://github.com/ab13643832129/awesome-vpn (分支: master, size: 10757KB, pushed: 2026-08-08T00:54:17Z)
[2026-08-08 11:18:17] [W-30] 📦 Partial Clone: 20 个文件（零 API 配额）
[2026-08-08 11:18:17] [W-34] 📦 Partial Clone: 12 个文件（零 API 配额）
[2026-08-08 11:18:17] [W-6] 📦 Partial Clone: 11 个文件（零 API 配额）
[2026-08-08 11:18:17] [W-17] 📦 Partial Clone: 21 个文件（零 API 配额）
[2026-08-08 11:18:17] [W-16] 📦 Partial Clone: 19 个文件（零 API 配额）
[2026-08-08 11:18:17] [W-9] 📦 Partial Clone: 19 个文件（零 API 配额）
[2026-08-08 11:18:17] [W-33] 📦 Partial Clone: 19 个文件（零 API 配额）
[2026-08-08 11:18:17] [W-8] 📦 Partial Clone: 19 个文件（零 API 配额）
[2026-08-08 11:18:17] [W-21] 📦 Partial Clone: 19 个文件（零 API 配额）
[2026-08-08 11:18:17] [W-20] 📦 Partial Clone: 11 个文件（零 API 配额）
[2026-08-08 11:18:17] [W-25] 📦 Partial Clone: 18 个文件（零 API 配额）
[2026-08-08 11:18:17] [W-9] 仓库 https://github.com/pooriaredorg/pooriaredorg 候选文件 2 个
[2026-08-08 11:18:17] [W-20] 仓库 https://github.com/aiboboxx/v2rayfree 候选文件 3 个
[2026-08-08 11:18:17] [W-25] 仓库 https://github.com/wenxig/free-nodes-sub 候选文件 3 个
[2026-08-08 11:18:17] [W-8] 仓库 https://github.com/miladkantoori/multi-proxy-config-fetcher 候选文件 3 个
[2026-08-08 11:18:17] [W-34] 仓库 https://github.com/mfuu/v2ray 候选文件 3 个
[2026-08-08 11:18:18] [W-6] 仓库 https://github.com/free-nodes/clashfree 候选文件 1 个
[2026-08-08 11:18:18] [W-30] 仓库 https://github.com/Rayan-Config/C-Sub 候选文件 2 个
[2026-08-08 11:18:18] [W-33] 仓库 https://github.com/10ium/multi-proxy-config-fetcher 候选文件 3 个
[2026-08-08 11:18:18] [W-21] 仓库 https://github.com/mr-mohamad-mr/multi-proxy-config-fetcher 候选文件 3 个
[2026-08-08 11:18:18] [W-16] 仓库 https://github.com/SkillfulElectro/V2RayCollector 候选文件 2 个
[2026-08-08 11:18:18] [W-17] 仓库 https://github.com/MhdiTaheri/V2rayCollector 候选文件 14 个
[2026-08-08 11:18:18] [W-6] 🔗 [种子仓库] 发现仓库链接 clashbk/clash (来源 https://raw.githubusercontent.com/free-nodes/clashfree/main/README.md)
[2026-08-08 11:18:18] [W-9] 🔗 [种子仓库] 递归发现仓库 pooriaredorg/POORIARED (来源 https://raw.githubusercontent.com/pooriaredorg/pooriaredorg/main/configs/channel_stats.json)
[2026-08-08 11:18:18] [W-25] 🔗 [种子仓库] 发现仓库链接 delta-comic/delta-comic (来源 https://raw.githubusercontent.com/wenxig/free-nodes-sub/main/README.md)
[2026-08-08 11:18:19] [W-18] 🌱 加入种子: MhdiTaheri/V2rayCollector_Py (提取 295 节点)
[2026-08-08 11:18:19] [W-18] ✅ 完成 [种子仓库] MhdiTaheri/V2rayCollector_Py [种子 12/744] | 提取 295 | 新增 295 | 耗时 17s | 配额 4755/4800 03:18UTC | 主队列 35/200 发现队列 0/20000 [空] | Worker 23忙/13闲(63%)
[2026-08-08 11:18:19] [W-18] 🔧 开始处理 [种子仓库] xwcyg6/airport-free [种子 46/744]
[2026-08-08 11:18:19] [W-6] 👤 来源仓库 clashbk/clash → 追踪用户 clashbk
[2026-08-08 11:18:19] [W-6] 👤 [种子仓库] 遍历用户仓库: clashbk
[2026-08-08 11:18:19] [W-30] 🔗 [种子仓库] 递归发现仓库 gransa/Temp-Sub (来源 https://raw.githubusercontent.com/Rayan-Config/C-Sub/main/configs/channel_stats.json)
[2026-08-08 11:18:19] [W-34] 🔗 [种子仓库] 递归发现仓库 freefq/free (来源 https://raw.githubusercontent.com/mfuu/v2ray/master/list.json)
[2026-08-08 11:18:19] [W-11] 📦 Partial Clone: 35 个文件（零 API 配额）
[2026-08-08 11:18:19] [W-9] 🔗 [种子仓库] 递归发现仓库 pooriaredorg/POORIA--REDFREE8 (来源 https://raw.githubusercontent.com/pooriaredorg/pooriaredorg/main/configs/channel_stats.json)
[2026-08-08 11:18:19] [W-18] ⏭️ [种子仓库] 仓库 https://github.com/xwcyg6/airport-free 已解析，跳过解析（无需追踪）
[2026-08-08 11:18:19] [W-18] ✅ 完成 [种子仓库] xwcyg6/airport-free [种子 46/744] | 提取 0 | 新增 0 | 耗时 1s | 配额 4752/4800 03:18UTC | 主队列 34/200 发现队列 1/20000 [[raw1]:1] | Worker 23忙/13闲(63%)
[2026-08-08 11:18:19] [W-18] 🔧 开始处理 [raw1] pooriaredorg/POORIARED
[2026-08-08 11:18:20] [W-6]   👤 用户仓库: 5/6 个 → 主队列 34/200 发现队列 5/20000 [[user1]:5] | Worker 23忙/13闲(63%)
[2026-08-08 11:18:20] [W-6]   用户 clashbk 共查 6 个仓库
[2026-08-08 11:18:20] [W-6] ✅ 完成 [种子仓库] free-nodes/clashfree [种子 19/744] | 提取 0 | 新增 0 | 耗时 19s | 配额 4750/4800 03:18UTC | 主队列 34/200 发现队列 6/20000 [[raw1]:1 [user1]:5] | Worker 23忙/13闲(63%)
[2026-08-08 11:18:20] [W-6] 🔧 开始处理 [种子仓库] BiHuDeH/multi-proxy-config-fetcher [种子 47/744]
[2026-08-08 11:18:20] [W-25] 👤 来源仓库 delta-comic/delta-comic → 追踪用户 delta-comic
[2026-08-08 11:18:20] [W-25] 👤 [种子仓库] 遍历用户仓库: delta-comic
[2026-08-08 11:18:20] [W-11] 仓库 https://github.com/gfpcom/free-proxy-list 候选文件 1 个
[2026-08-08 11:18:20] [W-34] 🔗 [种子仓库] 递归发现仓库 Jsnzkpg/Jsnzkpg (来源 https://raw.githubusercontent.com/mfuu/v2ray/master/list.json)
[2026-08-08 11:18:20] [W-30] 🔗 [种子仓库] 递归发现仓库 Rayan-Config/HUB (来源 https://raw.githubusercontent.com/Rayan-Config/C-Sub/main/configs/channel_stats.json)
[2026-08-08 11:18:20] [W-6] [种子仓库] 仓库 https://github.com/BiHuDeH/multi-proxy-config-fetcher (分支: main, size: 26080KB, pushed: 2026-08-08T02:48:39Z)
[2026-08-08 11:18:20] [W-9] 🔗 [种子仓库] 递归发现仓库 pooriaredorg/RED (来源 https://raw.githubusercontent.com/pooriaredorg/pooriaredorg/main/configs/channel_stats.json)
[2026-08-08 11:18:21] [W-18] ⏭️ [raw1] 仓库 https://github.com/pooriaredorg/POORIARED 1430h 未更新，跳过解析（无需追踪）
[2026-08-08 11:18:21] [W-18] ✅ 完成 [raw1] pooriaredorg/POORIARED | 提取 0 | 新增 0 | 耗时 1s | 配额 4744/4800 03:18UTC | 主队列 33/200 发现队列 9/20000 [[raw1]:4 [user1]:5] | Worker 24忙/12闲(66%)
[2026-08-08 11:18:21] [W-18] 🔧 开始处理 [user1] clashbk/clash_for_windows
[2026-08-08 11:18:21] [W-28] 📦 Partial Clone: 33 个文件（零 API 配额）
[2026-08-08 11:18:21] [W-34] 🔗 [种子仓库] 递归发现仓库 free18/v2ray (来源 https://raw.githubusercontent.com/mfuu/v2ray/master/list.json)
[2026-08-08 11:18:21] [W-11] 🌱 加入种子: gfpcom/free-proxy-list (提取 2 节点)
[2026-08-08 11:18:21] [W-11] ✅ 完成 [种子仓库] gfpcom/free-proxy-list [种子 5/744] | 提取 2 | 新增 2 | 耗时 20s | 配额 4740/4800 03:18UTC | 主队列 33/200 发现队列 11/20000 [[raw1]:7 [user1]:4] | Worker 23忙/13闲(63%)
[2026-08-08 11:18:21] [W-11] 🔧 开始处理 [种子仓库] sami4030/multi-proxy-config-fetcher [种子 48/744]
[2026-08-08 11:18:22] [W-25]   👤 用户仓库: 10/11 个 → 主队列 32/200 发现队列 21/20000 [[raw1]:7 [user1]:14] | Worker 24忙/12闲(66%)
[2026-08-08 11:18:22] [W-25]   用户 delta-comic 共查 11 个仓库
[2026-08-08 11:18:22] [W-25] 🔗 [种子仓库] 发现仓库链接 wenxig/dongtai-sub (来源 https://raw.githubusercontent.com/wenxig/free-nodes-sub/main/README.md)
[2026-08-08 11:18:22] [W-18] ⏭️ [user1] 仓库 https://github.com/clashbk/clash_for_windows 866h 未更新，跳过解析（无需追踪）
[2026-08-08 11:18:22] [W-18] ✅ 完成 [user1] clashbk/clash_for_windows | 提取 0 | 新增 0 | 耗时 1s | 配额 4738/4800 03:18UTC | 主队列 32/200 发现队列 22/20000 [[raw1]:8 [user1]:14] | Worker 24忙/12闲(66%)
[2026-08-08 11:18:22] [W-18] 🔧 开始处理 [user1] clashbk/Clash_Verge
[2026-08-08 11:18:22] [W-34] 🔗 [种子仓库] 递归发现仓库 ripaojiedian/freenode (来源 https://raw.githubusercontent.com/mfuu/v2ray/master/list.json)
[2026-08-08 11:18:22] [W-9] 🌱 加入种子: pooriaredorg/pooriaredorg (提取 1 节点)
[2026-08-08 11:18:22] [W-9] ✅ 完成 [种子仓库] pooriaredorg/pooriaredorg [种子 26/744] | 提取 1 | 新增 1 | 耗时 21s | 配额 4737/4800 03:18UTC | 主队列 32/200 发现队列 21/20000 [[raw1]:8 [user1]:13] | Worker 24忙/12闲(66%)
[2026-08-08 11:18:23] [W-25] 👤 来源仓库 wenxig/dongtai-sub → 追踪用户 wenxig
[2026-08-08 11:18:23] [W-25] 👤 [种子仓库] 遍历用户仓库: wenxig
[2026-08-08 11:18:23] [W-7] 📦 Partial Clone: 9 个文件（零 API 配额）
[2026-08-08 11:18:23] [W-30] 🌱 加入种子: Rayan-Config/C-Sub (提取 53 节点)
[2026-08-08 11:18:23] [W-30] ✅ 完成 [种子仓库] Rayan-Config/C-Sub [种子 15/744] | 提取 53 | 新增 51 | 耗时 21s | 配额 4736/4800 03:18UTC | 主队列 31/200 发现队列 21/20000 [[raw1]:8 [user1]:13] | Worker 23忙/13闲(63%)
[2026-08-08 11:18:23] [W-11] [种子仓库] 仓库 https://github.com/sami4030/multi-proxy-config-fetcher (分支: main, size: 19724KB, pushed: 2026-08-08T01:17:44Z)
[2026-08-08 11:18:23] [W-30] 🔧 开始处理 [种子仓库] Airuop/archive [种子 50/744]
[2026-08-08 11:18:23] [W-9] 🔧 开始处理 [种子仓库] ermaozi/get_subscribe [种子 49/744]
[2026-08-08 11:18:23] [W-32] 🔗 [种子仓库] 发现仓库链接 MetaCubeX/metacubexd (来源 https://raw.githubusercontent.com/ssrsub/ssr/master/singbox.json)
[2026-08-08 11:18:23] [W-21] 🌱 加入种子: mr-mohamad-mr/multi-proxy-config-fetcher (提取 71 节点)
[2026-08-08 11:18:23] [W-21] ✅ 完成 [种子仓库] mr-mohamad-mr/multi-proxy-config-fetcher [种子 13/744] | 提取 71 | 新增 29 | 耗时 22s | 配额 4735/4800 03:18UTC | 主队列 30/200 发现队列 21/20000 [[raw1]:8 [user1]:13] | Worker 25忙/11闲(69%)
[2026-08-08 11:18:23] [W-34] 🔗 [种子仓库] 发现仓库链接 vxiaov/free_proxies (来源 https://raw.githubusercontent.com/mfuu/v2ray/master/list.json)
[2026-08-08 11:18:23] [W-21] 🔧 开始处理 [种子仓库] AtenaPV/PL4 [种子 51/744]
[2026-08-08 11:18:23] [W-18] ⏭️ [user1] 仓库 https://github.com/clashbk/Clash_Verge 866h 未更新，跳过解析（无需追踪）
[2026-08-08 11:18:23] [W-18] ✅ 完成 [user1] clashbk/Clash_Verge | 提取 0 | 新增 0 | 耗时 1s | 配额 4733/4800 03:18UTC | 主队列 29/200 发现队列 22/20000 [[raw1]:9 [user1]:13] | Worker 26忙/10闲(72%)
[2026-08-08 11:18:23] [W-18] 🔧 开始处理 [user1] clashbk/clash_for_android
[2026-08-08 11:18:24] [W-32] 👤 来源仓库 MetaCubeX/metacubexd → 追踪用户 MetaCubeX
[2026-08-08 11:18:24] [W-32] 👤 [种子仓库] 遍历用户仓库: MetaCubeX
[2026-08-08 11:18:24] [W-25]   👤 用户仓库: 13/15 个 → 主队列 29/200 发现队列 34/20000 [[raw1]:9 [user1]:25] | Worker 26忙/10闲(72%)
[2026-08-08 11:18:24] [W-25]   用户 wenxig 共查 15 个仓库
[2026-08-08 11:18:24] [W-30] ⏭️ [种子仓库] 仓库 https://github.com/Airuop/archive 已解析，跳过解析（无需追踪）
[2026-08-08 11:18:24] [W-30] ✅ 完成 [种子仓库] Airuop/archive [种子 50/744] | 提取 0 | 新增 0 | 耗时 1s | 配额 4729/4800 03:18UTC | 主队列 29/200 发现队列 35/20000 [[raw1]:10 [user1]:25] | Worker 26忙/10闲(72%)
[2026-08-08 11:18:24] [W-9] [种子仓库] 仓库 https://github.com/ermaozi/get_subscribe (分支: main, size: 212KB, pushed: 2026-08-08T00:23:31Z)
[2026-08-08 11:18:24] [W-30] 🔧 开始处理 [user1] clashbk/clashx_pro
[2026-08-08 11:18:24] [W-34] 👤 来源仓库 vxiaov/free_proxies → 追踪用户 vxiaov
[2026-08-08 11:18:24] [W-34] 👤 [种子仓库] 遍历用户仓库: vxiaov
[2026-08-08 11:18:24] [W-8] 🌱 加入种子: miladkantoori/multi-proxy-config-fetcher (提取 102 节点)
[2026-08-08 11:18:24] [W-8] ✅ 完成 [种子仓库] miladkantoori/multi-proxy-config-fetcher [种子 14/744] | 提取 102 | 新增 31 | 耗时 23s | 配额 4727/4800 03:18UTC | 主队列 29/200 发现队列 34/20000 [[raw1]:10 [user1]:24] | Worker 26忙/10闲(72%)
[2026-08-08 11:18:24] [W-21] ⏭️ [种子仓库] 仓库 https://github.com/AtenaPV/PL4 203h 未更新，跳过解析（无需追踪）
[2026-08-08 11:18:24] [W-21] ✅ 完成 [种子仓库] AtenaPV/PL4 [种子 51/744] | 提取 0 | 新增 0 | 耗时 1s | 配额 4726/4800 03:18UTC | 主队列 28/200 发现队列 34/20000 [[raw1]:10 [user1]:24] | Worker 26忙/10闲(72%)
[2026-08-08 11:18:24] [W-8] 🔧 开始处理 [种子仓库] AtenaPV/Main-DB [种子 52/744]
[2026-08-08 11:18:24] [W-18] ⏭️ [user1] 仓库 https://github.com/clashbk/clash_for_android 866h 未更新，跳过解析（无需追踪）
[2026-08-08 11:18:24] [W-18] ✅ 完成 [user1] clashbk/clash_for_android | 提取 0 | 新增 0 | 耗时 1s | 配额 4725/4800 03:18UTC | 主队列 28/200 发现队列 33/20000 [[raw1]:10 [user1]:23] | Worker 26忙/10闲(72%)
[2026-08-08 11:18:25] [W-18] 🔧 开始处理 [raw1] clashbk/clash
[2026-08-08 11:18:25] [W-21] 🔧 开始处理 [user1] clashbk/clashx
[2026-08-08 11:18:25] [W-28] 仓库 https://github.com/sclyxcn/v2ray-reaper 候选文件 14 个
[2026-08-08 11:18:25] [W-32]   👤 用户仓库: 28/30 个 → 主队列 28/200 发现队列 60/20000 [[raw1]:9 [user1]:51] | Worker 27忙/9闲(75%)
[2026-08-08 11:18:25] [W-32]   用户 MetaCubeX 共查 30 个仓库
[2026-08-08 11:18:25] [W-7] 仓库 https://github.com/ts-sf/fly 候选文件 5 个
[2026-08-08 11:18:25] [W-30] ⏭️ [user1] 仓库 https://github.com/clashbk/clashx_pro 866h 未更新，跳过解析（无需追踪）
[2026-08-08 11:18:25] [W-30] ✅ 完成 [user1] clashbk/clashx_pro | 提取 0 | 新增 0 | 耗时 1s | 配额 4721/4800 03:18UTC | 主队列 28/200 发现队列 61/20000 [[raw1]:10 [user1]:51] | Worker 27忙/9闲(75%)
[2026-08-08 11:18:25] [W-30] 🔧 开始处理 [raw1] freefq/free
[2026-08-08 11:18:25] [W-34]   👤 用户仓库: 17/18 个 → 主队列 28/200 发现队列 77/20000 [[raw1]:9 [user1]:68] | Worker 27忙/9闲(75%)
[2026-08-08 11:18:25] [W-34]   用户 vxiaov 共查 18 个仓库
[2026-08-08 11:18:25] [W-34] 🔗 [种子仓库] 发现仓库链接 mahdibland/V2RayAggregator (来源 https://raw.githubusercontent.com/mfuu/v2ray/master/list.json)
[2026-08-08 11:18:26] [W-8] ⏭️ [种子仓库] 仓库 https://github.com/AtenaPV/Main-DB 204h 未更新，跳过解析（无需追踪）
[2026-08-08 11:18:26] [W-8] ✅ 完成 [种子仓库] AtenaPV/Main-DB [种子 52/744] | 提取 0 | 新增 0 | 耗时 1s | 配额 4719/4800 03:18UTC | 主队列 28/200 发现队列 78/20000 [[raw1]:10 [user1]:68] | Worker 27忙/9闲(75%)
[2026-08-08 11:18:26] [W-8] 🔧 开始处理 [raw1] gransa/Temp-Sub
[2026-08-08 11:18:26] [W-8] ⏭️ [raw1] 仓库 https://github.com/gransa/Temp-Sub 6804h 未更新，跳过解析（无需追踪）
[2026-08-08 11:18:26] [W-8] ✅ 完成 [raw1] gransa/Temp-Sub | 提取 0 | 新增 0 | 耗时 0s | 配额 4719/4800 03:18UTC | 主队列 28/200 发现队列 77/20000 [[raw1]:9 [user1]:68] | Worker 27忙/9闲(75%)
[2026-08-08 11:18:26] [W-8] 🔧 开始处理 [raw1] pooriaredorg/POORIA--REDFREE8
[2026-08-08 11:18:26] [W-18] ⏭️ [raw1] 仓库 https://github.com/clashbk/clash 663h 未更新，跳过解析（无需追踪）
[2026-08-08 11:18:26] [W-18] ✅ 完成 [raw1] clashbk/clash | 提取 0 | 新增 0 | 耗时 1s | 配额 4718/4800 03:18UTC | 主队列 28/200 发现队列 76/20000 [[raw1]:8 [user1]:68] | Worker 27忙/9闲(75%)
[2026-08-08 11:18:26] [W-18] 🔧 开始处理 [raw1] Jsnzkpg/Jsnzkpg
[2026-08-08 11:18:26] [W-21] ⏭️ [user1] 仓库 https://github.com/clashbk/clashx 866h 未更新，跳过解析（无需追踪）
[2026-08-08 11:18:26] [W-21] ✅ 完成 [user1] clashbk/clashx | 提取 0 | 新增 0 | 耗时 1s | 配额 4717/4800 03:18UTC | 主队列 28/200 发现队列 75/20000 [[raw1]:7 [user1]:68] | Worker 27忙/9闲(75%)
[2026-08-08 11:18:26] [W-21] 🔧 开始处理 [raw1] pooriaredorg/RED
[2026-08-08 11:18:26] [W-5] 📦 Partial Clone: 49 个文件（零 API 配额）
[2026-08-08 11:18:26] [W-34] 👤 来源仓库 mahdibland/V2RayAggregator → 追踪用户 mahdibland
[2026-08-08 11:18:26] [W-34] 👤 [种子仓库] 遍历用户仓库: mahdibland
[2026-08-08 11:18:27] [W-21] ⏭️ [raw1] 仓库 https://github.com/pooriaredorg/RED 4596h 未更新，跳过解析（无需追踪）
[2026-08-08 11:18:27] [W-21] ✅ 完成 [raw1] pooriaredorg/RED | 提取 0 | 新增 0 | 耗时 1s | 配额 4715/4800 03:18UTC | 主队列 28/200 发现队列 74/20000 [[raw1]:6 [user1]:68] | Worker 26忙/10闲(72%)
[2026-08-08 11:18:27] [W-18] [raw1] 仓库 https://github.com/Jsnzkpg/Jsnzkpg (分支: Jsnzkpg, size: 25111KB, pushed: 2026-08-08T01:11:10Z)
[2026-08-08 11:18:27] [W-21] 🔧 开始处理 [raw1] Rayan-Config/HUB
[2026-08-08 11:18:27] [W-19] 📦 Partial Clone: 63 个文件（零 API 配额）
[2026-08-08 11:18:27] [W-32] 🌱 加入种子: ssrsub/ssr (提取 158 节点)
[2026-08-08 11:18:27] [W-32] ✅ 完成 [种子仓库] ssrsub/ssr [种子 27/744] | 提取 158 | 新增 56 | 耗时 26s | 配额 4714/4800 03:18UTC | 主队列 28/200 发现队列 73/20000 [[raw1]:5 [user1]:68] | Worker 25忙/11闲(69%)
[2026-08-08 11:18:27] [W-30] ⏭️ [raw1] 仓库 https://github.com/freefq/free 17226h 未更新，跳过解析（无需追踪）
[2026-08-08 11:18:27] [W-30] ✅ 完成 [raw1] freefq/free | 提取 0 | 新增 0 | 耗时 1s | 配额 4713/4800 03:18UTC | 主队列 27/200 发现队列 73/20000 [[raw1]:5 [user1]:68] | Worker 25忙/11闲(69%)
[2026-08-08 11:18:27] [W-35] 📦 Partial Clone: 63 个文件（零 API 配额）
[2026-08-08 11:18:27] [W-32] 🔧 开始处理 [种子仓库] AtenaPV/Sub-Sync [种子 53/744]
[2026-08-08 11:18:27] [W-8] ⏭️ [raw1] 仓库 https://github.com/pooriaredorg/POORIA--REDFREE8 4683h 未更新，跳过解析（无需追踪）
[2026-08-08 11:18:27] [W-8] ✅ 完成 [raw1] pooriaredorg/POORIA--REDFREE8 | 提取 0 | 新增 0 | 耗时 1s | 配额 4712/4800 03:18UTC | 主队列 27/200 发现队列 72/20000 [[raw1]:5 [user1]:67] | Worker 24忙/12闲(66%)
[2026-08-08 11:18:27] [W-30] 🔧 开始处理 [user1] delta-comic/awesome-plugins
[2026-08-08 11:18:27] [W-30] [user1] 仓库 https://github.com/delta-comic/awesome-plugins (分支: main, size: 243KB, pushed: 2026-08-08T02:05:44Z)
[2026-08-08 11:18:27] [W-8] 🔧 开始处理 [user1] delta-comic/delta-comic-plugin-layout
[2026-08-08 11:18:27] [W-8] ⏭️ [user1] 仓库 https://github.com/delta-comic/delta-comic-plugin-layout 已解析，跳过解析（无需追踪）
[2026-08-08 11:18:27] [W-8] ✅ 完成 [user1] delta-comic/delta-comic-plugin-layout | 提取 0 | 新增 0 | 耗时 0s | 配额 4712/4800 03:18UTC | 主队列 27/200 发现队列 71/20000 [[raw1]:5 [user1]:66] | Worker 25忙/11闲(69%)
[2026-08-08 11:18:27] [W-8] 🔧 开始处理 [user1] delta-comic/jmcomic-sdk
[2026-08-08 11:18:27] [W-8] ⏭️ [user1] 仓库 https://github.com/delta-comic/jmcomic-sdk 252h 未更新，跳过解析（无需追踪）
[2026-08-08 11:18:27] [W-8] ✅ 完成 [user1] delta-comic/jmcomic-sdk | 提取 0 | 新增 0 | 耗时 0s | 配额 4712/4800 03:18UTC | 主队列 27/200 发现队列 70/20000 [[raw1]:5 [user1]:65] | Worker 25忙/11闲(69%)
[2026-08-08 11:18:27] [W-8] 🔧 开始处理 [user1] delta-comic/delta-comic-plugin-cosav
[2026-08-08 11:18:27] [W-8] ⏭️ [user1] 仓库 https://github.com/delta-comic/delta-comic-plugin-cosav 468h 未更新，跳过解析（无需追踪）
[2026-08-08 11:18:27] [W-8] ✅ 完成 [user1] delta-comic/delta-comic-plugin-cosav | 提取 0 | 新增 0 | 耗时 0s | 配额 4712/4800 03:18UTC | 主队列 27/200 发现队列 69/20000 [[raw1]:5 [user1]:64] | Worker 25忙/11闲(69%)
[2026-08-08 11:18:27] [W-8] 🔧 开始处理 [user1] delta-comic/delta-comic-plugin-hanime1
[2026-08-08 11:18:27] [W-8] ⏭️ [user1] 仓库 https://github.com/delta-comic/delta-comic-plugin-hanime1 4983h 未更新，跳过解析（无需追踪）
[2026-08-08 11:18:27] [W-8] ✅ 完成 [user1] delta-comic/delta-comic-plugin-hanime1 | 提取 0 | 新增 0 | 耗时 0s | 配额 4712/4800 03:18UTC | 主队列 27/200 发现队列 68/20000 [[raw1]:5 [user1]:63] | Worker 25忙/11闲(69%)
[2026-08-08 11:18:27] [W-8] 🔧 开始处理 [user1] delta-comic/delta-comic-plugin-ehentai
[2026-08-08 11:18:27] [W-8] ⏭️ [user1] 仓库 https://github.com/delta-comic/delta-comic-plugin-ehentai 3901h 未更新，跳过解析（无需追踪）
[2026-08-08 11:18:27] [W-8] ✅ 完成 [user1] delta-comic/delta-comic-plugin-ehentai | 提取 0 | 新增 0 | 耗时 0s | 配额 4712/4800 03:18UTC | 主队列 27/200 发现队列 67/20000 [[raw1]:5 [user1]:62] | Worker 25忙/11闲(69%)
[2026-08-08 11:18:27] [W-8] 🔧 开始处理 [user1] delta-comic/delta-comic-plugin-bika
[2026-08-08 11:18:27] [W-8] ⏭️ [user1] 仓库 https://github.com/delta-comic/delta-comic-plugin-bika 3950h 未更新，跳过解析（无需追踪）
[2026-08-08 11:18:27] [W-8] ✅ 完成 [user1] delta-comic/delta-comic-plugin-bika | 提取 0 | 新增 0 | 耗时 0s | 配额 4712/4800 03:18UTC | 主队列 27/200 发现队列 66/20000 [[raw1]:5 [user1]:61] | Worker 25忙/11闲(69%)
[2026-08-08 11:18:27] [W-8] 🔧 开始处理 [user1] delta-comic/.github
[2026-08-08 11:18:27] [W-7] 🔗 [种子仓库] 发现仓库链接 2dust/v2rayN (来源 https://raw.githubusercontent.com/ts-sf/fly/main/README.md)
[2026-08-08 11:18:27] [W-34]   👤 用户仓库: 18/20 个 → 主队列 27/200 发现队列 83/20000 [[raw1]:5 [user1]:78] | Worker 25忙/11闲(69%)
[2026-08-08 11:18:27] [W-34]   用户 mahdibland 共查 20 个仓库
[2026-08-08 11:18:27] [W-34] 🔗 [种子仓库] 发现仓库链接 peasoft/NoMoreWall (来源 https://raw.githubusercontent.com/mfuu/v2ray/master/list.json)
[2026-08-08 11:18:28] [W-13] 📦 Partial Clone: 44 个文件（零 API 配额）
[2026-08-08 11:18:28] [W-21] ⏭️ [raw1] 仓库 https://github.com/Rayan-Config/HUB 4135h 未更新，跳过解析（无需追踪）
[2026-08-08 11:18:28] [W-21] ✅ 完成 [raw1] Rayan-Config/HUB | 提取 0 | 新增 0 | 耗时 1s | 配额 4709/4800 03:18UTC | 主队列 27/200 发现队列 84/20000 [[raw1]:6 [user1]:78] | Worker 24忙/12闲(66%)
[2026-08-08 11:18:28] [W-21] 🔧 开始处理 [user1] delta-comic/sentry-tauri-new
[2026-08-08 11:18:28] [W-21] ⏭️ [user1] 仓库 https://github.com/delta-comic/sentry-tauri-new 3786h 未更新，跳过解析（无需追踪）
[2026-08-08 11:18:28] [W-21] ✅ 完成 [user1] delta-comic/sentry-tauri-new | 提取 0 | 新增 0 | 耗时 0s | 配额 4709/4800 03:18UTC | 主队列 27/200 发现队列 83/20000 [[raw1]:6 [user1]:77] | Worker 24忙/12闲(66%)
[2026-08-08 11:18:28] [W-21] 🔧 开始处理 [user1] delta-comic/tauri-plugin-aptabase-rustls
[2026-08-08 11:18:28] [W-21] ⏭️ [user1] 仓库 https://github.com/delta-comic/tauri-plugin-aptabase-rustls 4359h 未更新，跳过解析（无需追踪）
[2026-08-08 11:18:28] [W-21] ✅ 完成 [user1] delta-comic/tauri-plugin-aptabase-rustls | 提取 0 | 新增 0 | 耗时 0s | 配额 4709/4800 03:18UTC | 主队列 27/200 发现队列 82/20000 [[raw1]:6 [user1]:76] | Worker 24忙/12闲(66%)
[2026-08-08 11:18:28] [W-21] 🔧 开始处理 [raw1] delta-comic/delta-comic
[2026-08-08 11:18:28] [W-21] ⏭️ [raw1] 仓库 https://github.com/delta-comic/delta-comic 142h 未更新，跳过解析（无需追踪）
[2026-08-08 11:18:28] [W-21] ✅ 完成 [raw1] delta-comic/delta-comic | 提取 0 | 新增 0 | 耗时 0s | 配额 4709/4800 03:18UTC | 主队列 27/200 发现队列 81/20000 [[raw1]:5 [user1]:76] | Worker 24忙/12闲(66%)
[2026-08-08 11:18:28] [W-21] 🔧 开始处理 [raw1] ripaojiedian/freenode
[2026-08-08 11:18:28] [W-7] 👤 来源仓库 2dust/v2rayN → 追踪用户 2dust
[2026-08-08 11:18:28] [W-7] 👤 [种子仓库] 遍历用户仓库: 2dust
[2026-08-08 11:18:28] [W-32] ⏭️ [种子仓库] 仓库 https://github.com/AtenaPV/Sub-Sync 204h 未更新，跳过解析（无需追踪）
[2026-08-08 11:18:28] [W-32] ✅ 完成 [种子仓库] AtenaPV/Sub-Sync [种子 53/744] | 提取 0 | 新增 0 | 耗时 1s | 配额 4707/4800 03:18UTC | 主队列 27/200 发现队列 80/20000 [[raw1]:4 [user1]:76] | Worker 24忙/12闲(66%)
[2026-08-08 11:18:28] [W-32] 🔧 开始处理 [user1] wenxig/zero-path
[2026-08-08 11:18:28] [W-32] [user1] 仓库 https://github.com/wenxig/zero-path (分支: main, size: 725KB, pushed: 2026-08-08T01:29:25Z)
[2026-08-08 11:18:28] repo info (peasoft/NoMoreWall) 404，跳过
[2026-08-08 11:18:28] [W-18] 📦 Partial Clone: 2 个文件（零 API 配额）
[2026-08-08 11:18:29] [W-34] 🔍 仓库 peasoft/NoMoreWall 不存在，追踪用户
[2026-08-08 11:18:29] [W-34] 👤 [种子仓库] 遍历用户仓库: peasoft
[2026-08-08 11:18:29] [W-21] [raw1] 仓库 https://github.com/ripaojiedian/freenode (分支: main, size: 9410KB, pushed: 2026-08-08T00:45:17Z)
[2026-08-08 11:18:29] [W-8] ⏭️ [user1] 仓库 https://github.com/delta-comic/.github 3371h 未更新，跳过解析（无需追踪）
[2026-08-08 11:18:29] [W-8] ✅ 完成 [user1] delta-comic/.github | 提取 0 | 新增 0 | 耗时 2s | 配额 4704/4800 03:18UTC | 主队列 27/200 发现队列 79/20000 [[raw1]:4 [user1]:75] | Worker 23忙/13闲(63%)
[2026-08-08 11:18:29] [W-8] 🔧 开始处理 [user1] wenxig/wenxig
[2026-08-08 11:18:29] [W-8] ⏭️ [user1] 仓库 https://github.com/wenxig/wenxig 已解析，跳过解析（无需追踪）
[2026-08-08 11:18:29] [W-8] ✅ 完成 [user1] wenxig/wenxig | 提取 0 | 新增 0 | 耗时 0s | 配额 4704/4800 03:18UTC | 主队列 27/200 发现队列 78/20000 [[raw1]:4 [user1]:74] | Worker 23忙/13闲(63%)
[2026-08-08 11:18:29] [W-8] 🔧 开始处理 [user1] wenxig/jmcomic-source-code
[2026-08-08 11:18:29] [W-8] ⏭️ [user1] 仓库 https://github.com/wenxig/jmcomic-source-code 2987h 未更新，跳过解析（无需追踪）
[2026-08-08 11:18:29] [W-8] ✅ 完成 [user1] wenxig/jmcomic-source-code | 提取 0 | 新增 0 | 耗时 0s | 配额 4704/4800 03:18UTC | 主队列 27/200 发现队列 77/20000 [[raw1]:4 [user1]:73] | Worker 23忙/13闲(63%)
[2026-08-08 11:18:29] [W-8] 🔧 开始处理 [user1] wenxig/bilibili-danmu-small-window
[2026-08-08 11:18:29] [W-8] ⏭️ [user1] 仓库 https://github.com/wenxig/bilibili-danmu-small-window 731h 未更新，跳过解析（无需追踪）
[2026-08-08 11:18:29] [W-8] ✅ 完成 [user1] wenxig/bilibili-danmu-small-window | 提取 0 | 新增 0 | 耗时 0s | 配额 4704/4800 03:18UTC | 主队列 27/200 发现队列 76/20000 [[raw1]:4 [user1]:72] | Worker 23忙/13闲(63%)
[2026-08-08 11:18:29] [W-8] 🔧 开始处理 [user1] wenxig/tauri-plugin-better-cors-fetch
[2026-08-08 11:18:29] [W-8] ⏭️ [user1] 仓库 https://github.com/wenxig/tauri-plugin-better-cors-fetch 1313h 未更新，跳过解析（无需追踪）
[2026-08-08 11:18:29] [W-8] ✅ 完成 [user1] wenxig/tauri-plugin-better-cors-fetch | 提取 0 | 新增 0 | 耗时 0s | 配额 4704/4800 03:18UTC | 主队列 27/200 发现队列 75/20000 [[raw1]:4 [user1]:71] | Worker 23忙/13闲(63%)
[2026-08-08 11:18:29] [W-8] 🔧 开始处理 [user1] wenxig/cosav-neo
[2026-08-08 11:18:29] [W-8] ⏭️ [user1] 仓库 https://github.com/wenxig/cosav-neo 1789h 未更新，跳过解析（无需追踪）
[2026-08-08 11:18:29] [W-8] ✅ 完成 [user1] wenxig/cosav-neo | 提取 0 | 新增 0 | 耗时 0s | 配额 4704/4800 03:18UTC | 主队列 27/200 发现队列 74/20000 [[raw1]:4 [user1]:70] | Worker 23忙/13闲(63%)
[2026-08-08 11:18:29] [W-8] 🔧 开始处理 [user1] wenxig/bika-comic
[2026-08-08 11:18:29] [W-8] ⏭️ [user1] 仓库 https://github.com/wenxig/bika-comic 6688h 未更新，跳过解析（无需追踪）
[2026-08-08 11:18:29] [W-8] ✅ 完成 [user1] wenxig/bika-comic | 提取 0 | 新增 0 | 耗时 0s | 配额 4704/4800 03:18UTC | 主队列 27/200 发现队列 73/20000 [[raw1]:4 [user1]:69] | Worker 23忙/13闲(63%)
[2026-08-08 11:18:29] [W-8] 🔧 开始处理 [user1] wenxig/lanzou-client
[2026-08-08 11:18:29] [W-8] ⏭️ [user1] 仓库 https://github.com/wenxig/lanzou-client 2679h 未更新，跳过解析（无需追踪）
[2026-08-08 11:18:29] [W-8] ✅ 完成 [user1] wenxig/lanzou-client | 提取 0 | 新增 0 | 耗时 0s | 配额 4704/4800 03:18UTC | 主队列 27/200 发现队列 72/20000 [[raw1]:4 [user1]:68] | Worker 23忙/13闲(63%)
[2026-08-08 11:18:29] [W-8] 🔧 开始处理 [user1] wenxig/delta-chat
[2026-08-08 11:18:29] [W-8] ⏭️ [user1] 仓库 https://github.com/wenxig/delta-chat 6083h 未更新，跳过解析（无需追踪）
[2026-08-08 11:18:29] [W-8] ✅ 完成 [user1] wenxig/delta-chat | 提取 0 | 新增 0 | 耗时 0s | 配额 4704/4800 03:18UTC | 主队列 27/200 发现队列 71/20000 [[raw1]:4 [user1]:67] | Worker 23忙/13闲(63%)
[2026-08-08 11:18:29] [W-8] 🔧 开始处理 [user1] wenxig/delta-comic-plugin-presentation
[2026-08-08 11:18:29] [W-8] ⏭️ [user1] 仓库 https://github.com/wenxig/delta-comic-plugin-presentation 6495h 未更新，跳过解析（无需追踪）
[2026-08-08 11:18:29] [W-8] ✅ 完成 [user1] wenxig/delta-comic-plugin-presentation | 提取 0 | 新增 0 | 耗时 0s | 配额 4704/4800 03:18UTC | 主队列 27/200 发现队列 70/20000 [[raw1]:4 [user1]:66] | Worker 23忙/13闲(63%)
[2026-08-08 11:18:29] [W-8] 🔧 开始处理 [user1] wenxig/18comic-raw
[2026-08-08 11:18:29] [W-8] ⏭️ [user1] 仓库 https://github.com/wenxig/18comic-raw 7021h 未更新，跳过解析（无需追踪）
[2026-08-08 11:18:29] [W-8] ✅ 完成 [user1] wenxig/18comic-raw | 提取 0 | 新增 0 | 耗时 0s | 配额 4704/4800 03:18UTC | 主队列 27/200 发现队列 69/20000 [[raw1]:4 [user1]:65] | Worker 23忙/13闲(63%)
[2026-08-08 11:18:29] [W-8] 🔧 开始处理 [user1] wenxig/template-web
[2026-08-08 11:18:29] [W-8] ⏭️ [user1] 仓库 https://github.com/wenxig/template-web 9215h 未更新，跳过解析（无需追踪）
[2026-08-08 11:18:29] [W-8] ✅ 完成 [user1] wenxig/template-web | 提取 0 | 新增 0 | 耗时 0s | 配额 4704/4800 03:18UTC | 主队列 27/200 发现队列 68/20000 [[raw1]:4 [user1]:64] | Worker 23忙/13闲(63%)
[2026-08-08 11:18:29] [W-8] 🔧 开始处理 [user1] wenxig/electron-template
[2026-08-08 11:18:29] [W-8] ⏭️ [user1] 仓库 https://github.com/wenxig/electron-template 9215h 未更新，跳过解析（无需追踪）
[2026-08-08 11:18:29] [W-8] ✅ 完成 [user1] wenxig/electron-template | 提取 0 | 新增 0 | 耗时 0s | 配额 4704/4800 03:18UTC | 主队列 27/200 发现队列 67/20000 [[raw1]:4 [user1]:63] | Worker 23忙/13闲(63%)
[2026-08-08 11:18:29] [W-8] 🔧 开始处理 [raw1] wenxig/dongtai-sub
[2026-08-08 11:18:29] [W-8] [raw1] 仓库 https://github.com/wenxig/dongtai-sub (分支: main, size: 747KB, pushed: 2026-08-08T01:44:59Z)
[2026-08-08 11:18:30] [W-16] 🌱 加入种子: SkillfulElectro/V2RayCollector (提取 903 节点)
[2026-08-08 11:18:30] [W-16] ✅ 完成 [种子仓库] SkillfulElectro/V2RayCollector [种子 23/744] | 提取 903 | 新增 760 | 耗时 28s | 配额 4704/4800 03:18UTC | 主队列 27/200 发现队列 66/20000 [[raw1]:3 [user1]:63] | Worker 23忙/13闲(63%)
[2026-08-08 11:18:30] [W-16] 🔧 开始处理 [种子仓库] sevcator/5ubscrpt10n [种子 54/744]
[2026-08-08 11:18:30] [W-7]   👤 用户仓库: 14/15 个 → 主队列 26/200 发现队列 80/20000 [[raw1]:3 [user1]:77] | Worker 24忙/12闲(66%)
[2026-08-08 11:18:30] [W-7]   用户 2dust 共查 15 个仓库
[2026-08-08 11:18:31] [W-16] ⏭️ [种子仓库] 仓库 https://github.com/sevcator/5ubscrpt10n 219h 未更新，跳过解析（无需追踪）
[2026-08-08 11:18:31] [W-16] ✅ 完成 [种子仓库] sevcator/5ubscrpt10n [种子 54/744] | 提取 0 | 新增 0 | 耗时 1s | 配额 4701/4800 03:18UTC | 主队列 26/200 发现队列 81/20000 [[raw1]:4 [user1]:77] | Worker 24忙/12闲(66%)
[2026-08-08 11:18:31] [W-16] 🔧 开始处理 [user1] MetaCubeX/ClashMetaForAndroid
[2026-08-08 11:18:31] [W-16] ⏭️ [user1] 仓库 https://github.com/MetaCubeX/ClashMetaForAndroid 已解析，跳过解析（无需追踪）
[2026-08-08 11:18:31] [W-16] ✅ 完成 [user1] MetaCubeX/ClashMetaForAndroid | 提取 0 | 新增 0 | 耗时 0s | 配额 4701/4800 03:18UTC | 主队列 26/200 发现队列 80/20000 [[raw1]:4 [user1]:76] | Worker 24忙/12闲(66%)
[2026-08-08 11:18:31] [W-16] 🔧 开始处理 [user1] MetaCubeX/ClashX.Meta
[2026-08-08 11:18:31] [W-6] 📦 Partial Clone: 19 个文件（零 API 配额）
[2026-08-08 11:18:31] [W-5] 仓库 https://github.com/Pawdroid/Free-servers 候选文件 32 个
[2026-08-08 11:18:31] [W-34]   👤 用户仓库: 29/30 个 → 主队列 26/200 发现队列 108/20000 [[raw1]:4 [user0]:29 [user1]:75] | Worker 23忙/13闲(63%)
[2026-08-08 11:18:31] [W-34]   用户 peasoft 共查 30 个仓库
[2026-08-08 11:18:31] [W-34] 🔗 [种子仓库] 发现仓库链接 ermaozi/get_subscrib (来源 https://raw.githubusercontent.com/mfuu/v2ray/master/list.json)
[2026-08-08 11:18:32] [W-16] ⏭️ [user1] 仓库 https://github.com/MetaCubeX/ClashX.Meta 743h 未更新，跳过解析（无需追踪）
[2026-08-08 11:18:32] [W-16] ✅ 完成 [user1] MetaCubeX/ClashX.Meta | 提取 0 | 新增 0 | 耗时 1s | 配额 4698/4800 03:18UTC | 主队列 26/200 发现队列 108/20000 [[raw1]:4 [user0]:29 [user1]:75] | Worker 23忙/13闲(63%)
[2026-08-08 11:18:32] [W-16] 🔧 开始处理 [user1] MetaCubeX/mipstack
[2026-08-08 11:18:32] [W-16] [user1] 仓库 https://github.com/MetaCubeX/mipstack (分支: master, size: 1276KB, pushed: 2026-08-08T02:20:13Z)
[2026-08-08 11:18:32] [W-11] 📦 Partial Clone: 20 个文件（零 API 配额）
[2026-08-08 11:18:32] repo info (ermaozi/get_subscrib) 404，跳过
[2026-08-08 11:18:32] [W-14] 📦 Partial Clone: 61 个文件（零 API 配额）
[2026-08-08 11:18:32] [W-13] 仓库 https://github.com/4n0nymou3/multi-proxy-config-fetcher 候选文件 12 个
[2026-08-08 11:18:32] [W-34] 🔍 仓库 ermaozi/get_subscrib 不存在，追踪用户
[2026-08-08 11:18:32] [W-34] 👤 [种子仓库] 遍历用户仓库: ermaozi
[2026-08-08 11:18:33] [W-18] 仓库 https://github.com/Jsnzkpg/Jsnzkpg 候选文件 1 个
[2026-08-08 11:18:33] [W-35] 仓库 https://github.com/peasoft/NoMoreWalls 候选文件 22 个
[2026-08-08 11:18:34] [W-6] 仓库 https://github.com/BiHuDeH/multi-proxy-config-fetcher 候选文件 1 个
[2026-08-08 11:18:34] [W-34]   👤 用户仓库: 22/23 个 → 主队列 26/200 发现队列 129/20000 [[raw1]:4 [user0]:51 [user1]:74] | Worker 21忙/15闲(58%)
[2026-08-08 11:18:34] [W-34]   用户 ermaozi 共查 23 个仓库
[2026-08-08 11:18:34] [W-34] 🔗 [种子仓库] 发现仓库链接 Flikify/Free-Node (来源 https://raw.githubusercontent.com/mfuu/v2ray/master/list.json)
[2026-08-08 11:18:35] [W-21] 📦 Partial Clone: 11 个文件（零 API 配额）
[2026-08-08 11:18:36] [W-34] 👤 来源仓库 Flikify/Free-Node → 追踪用户 Flikify
[2026-08-08 11:18:36] [W-34] 👤 [种子仓库] 遍历用户仓库: Flikify
[2026-08-08 11:18:36] [W-23] 📦 Partial Clone: 38 个文件（零 API 配额）
[2026-08-08 11:18:36] [W-1] 📦 Partial Clone: 38 个文件（零 API 配额）
[2026-08-08 11:18:36] [ThreadPoolExecutor-64_0] 🔗 [种子仓库] 递归发现仓库 Mahdi0024/ProxyCollector (来源 https://raw.githubusercontent.com/4n0nymou3/multi-proxy-config-fetcher/main/configs/channel_stats.json)
[2026-08-08 11:18:36] user repos Flikify (p1) 404，跳过
[2026-08-08 11:18:36] [W-34]   用户 Flikify 共查 0 个仓库
[2026-08-08 11:18:36] [W-34] 🔗 [种子仓库] 发现仓库链接 Flikify/Free-Nod (来源 https://raw.githubusercontent.com/mfuu/v2ray/master/list.json)
[2026-08-08 11:18:36] [W-33] 🌱 加入种子: 10ium/multi-proxy-config-fetcher (提取 482 节点)
[2026-08-08 11:18:36] [W-33] ✅ 完成 [种子仓库] 10ium/multi-proxy-config-fetcher [种子 31/744] | 提取 482 | 新增 203 | 耗时 35s | 配额 4693/4800 03:18UTC | 主队列 26/200 发现队列 130/20000 [[raw1]:5 [user0]:51 [user1]:74] | Worker 18忙/18闲(50%)
[2026-08-08 11:18:37] [W-6] ✅ 完成 [种子仓库] BiHuDeH/multi-proxy-config-fetcher [种子 47/744] | 提取 0 | 新增 0 | 耗时 17s | 配额 4693/4800 03:18UTC | 主队列 25/200 发现队列 130/20000 [[raw1]:5 [user0]:51 [user1]:74] | Worker 18忙/18闲(50%)
[2026-08-08 11:18:37] [W-33] 🔧 开始处理 [种子仓库] V2RayRoot/V2RayConfig [种子 55/744]
[2026-08-08 11:18:37] repo info (Flikify/Free-Nod) 404，跳过
[2026-08-08 11:18:37] [W-34] 🔍 仓库 Flikify/Free-Nod 不存在，追踪用户
[2026-08-08 11:18:37] [W-34] 👤 [种子仓库] 遍历用户仓库: Flikify
[2026-08-08 11:18:37] [W-6] 🔧 开始处理 [种子仓库] ehsanghaffar/config-sub-platform [种子 56/744]
[2026-08-08 11:18:38] user repos Flikify (p1) 404，跳过
[2026-08-08 11:18:38] [W-34]   用户 Flikify 共查 0 个仓库
[2026-08-08 11:18:38] [W-34] 🔗 [种子仓库] 发现仓库链接 free-nodes/v2rayfre (来源 https://raw.githubusercontent.com/mfuu/v2ray/master/list.json)
[2026-08-08 11:18:38] [ThreadPoolExecutor-55_0] 🔗 [种子仓库] 发现仓库链接 Pawdroid/shadowrocket_for_android (来源 https://raw.githubusercontent.com/Pawdroid/Free-servers/main/static/README-id.md)
[2026-08-08 11:18:38] [ThreadPoolExecutor-55_6] 🔗 [种子仓库] 发现仓库链接 Qv2ray/Qv2ray (来源 https://raw.githubusercontent.com/Pawdroid/Free-servers/main/static/README-en.md)
[2026-08-08 11:18:38] [ThreadPoolExecutor-64_0] 🔗 [种子仓库] 递归发现仓库 zieng2/wl (来源 https://raw.githubusercontent.com/4n0nymou3/multi-proxy-config-fetcher/main/configs/channel_stats.json)
[2026-08-08 11:18:39] [W-6] ⏭️ [种子仓库] 仓库 https://github.com/ehsanghaffar/config-sub-platform 1718h 未更新，跳过解析（无需追踪）
[2026-08-08 11:18:39] [W-6] ✅ 完成 [种子仓库] ehsanghaffar/config-sub-platform [种子 56/744] | 提取 0 | 新增 0 | 耗时 1s | 配额 4689/4800 03:18UTC | 主队列 24/200 发现队列 130/20000 [[raw1]:5 [user0]:51 [user1]:74] | Worker 20忙/16闲(55%)
[2026-08-08 11:18:39] [W-6] 🔧 开始处理 [user1] MetaCubeX/meta-rules-dat
[2026-08-08 11:18:39] [W-6] [user1] 仓库 https://github.com/MetaCubeX/meta-rules-dat (分支: master, size: 56276KB, pushed: 2026-08-07T23:06:38Z)
[2026-08-08 11:18:39] [ThreadPoolExecutor-55_0] 👤 来源仓库 Pawdroid/shadowrocket_for_android → 追踪用户 Pawdroid
[2026-08-08 11:18:39] [ThreadPoolExecutor-55_0] 👤 [种子仓库] 遍历用户仓库: Pawdroid
[2026-08-08 11:18:39] [W-33] [种子仓库] 仓库 https://github.com/V2RayRoot/V2RayConfig (分支: main, size: 508500KB, pushed: 2026-08-08T01:37:21Z)
[2026-08-08 11:18:39] repo info (free-nodes/v2rayfre) 404，跳过
[2026-08-08 11:18:39] [W-34] 🔍 仓库 free-nodes/v2rayfre 不存在，追踪用户
[2026-08-08 11:18:39] [W-34] 👤 [种子仓库] 遍历用户仓库: free-nodes
[2026-08-08 11:18:39] [ThreadPoolExecutor-55_6] 👤 来源仓库 Qv2ray/Qv2ray → 追踪用户 Qv2ray
[2026-08-08 11:18:39] [ThreadPoolExecutor-55_6] 👤 [种子仓库] 遍历用户仓库: Qv2ray
[2026-08-08 11:18:40] [W-27] 📦 Partial Clone: 56 个文件（零 API 配额）
[2026-08-08 11:18:40] [W-8] 📦 Partial Clone: 20 个文件（零 API 配额）
[2026-08-08 11:18:40] [ThreadPoolExecutor-55_2] 🔗 [种子仓库] 发现仓库链接 jiangxufeng/v2rayL (来源 https://raw.githubusercontent.com/Pawdroid/Free-servers/main/static/README-pl.md)
[2026-08-08 11:18:40] [ThreadPoolExecutor-64_0] 🔗 [种子仓库] 递归发现仓库 iampedii/whitedns-sub (来源 https://raw.githubusercontent.com/4n0nymou3/multi-proxy-config-fetcher/main/configs/channel_stats.json)
[2026-08-08 11:18:40] [W-11] 仓库 https://github.com/sami4030/multi-proxy-config-fetcher 候选文件 1 个
[2026-08-08 11:18:40] [W-19] 仓库 https://github.com/cysk003/NoMoreWalls 候选文件 22 个
[2026-08-08 11:18:40] [ThreadPoolExecutor-55_0]   👤 用户仓库: 15/17 个 → 主队列 24/200 发现队列 145/20000 [[raw1]:6 [user0]:51 [user1]:88] | Worker 18忙/18闲(50%)
[2026-08-08 11:18:40] [ThreadPoolExecutor-55_0]   用户 Pawdroid 共查 17 个仓库
[2026-08-08 11:18:40] [W-23] 仓库 https://github.com/ws94666ws/awesome-vpn 候选文件 3 个
[2026-08-08 11:18:40] [W-21] 仓库 https://github.com/ripaojiedian/freenode 候选文件 2 个
[2026-08-08 11:18:41] [W-34]   👤 用户仓库: 4/12 个 → 主队列 24/200 发现队列 150/20000 [[raw1]:7 [user0]:55 [user1]:88] | Worker 18忙/18闲(50%)
[2026-08-08 11:18:41] [W-34]   用户 free-nodes 共查 12 个仓库
[2026-08-08 11:18:41] [W-18] ✅ 完成 [raw1] Jsnzkpg/Jsnzkpg | 提取 0 | 新增 0 | 耗时 15s | 配额 4680/4800 03:18UTC | 主队列 24/200 发现队列 150/20000 [[raw1]:7 [user0]:55 [user1]:88] | Worker 18忙/18闲(50%)
[2026-08-08 11:18:41] [W-18] 🔧 开始处理 [种子仓库] Airuop/config-fetcher [种子 57/744]
[2026-08-08 11:18:41] [W-17] 🌱 加入种子: MhdiTaheri/V2rayCollector (提取 4106 节点)
[2026-08-08 11:18:41] [W-17] ✅ 完成 [种子仓库] MhdiTaheri/V2rayCollector [种子 7/744] | 提取 4106 | 新增 713 | 耗时 40s | 配额 4680/4800 03:18UTC | 主队列 23/200 发现队列 150/20000 [[raw1]:7 [user0]:55 [user1]:88] | Worker 19忙/17闲(52%)
[2026-08-08 11:18:41] [W-17] 🔧 开始处理 [种子仓库] free-nodes/v2rayfree [种子 58/744]
[2026-08-08 11:18:41] [ThreadPoolExecutor-55_2] 👤 来源仓库 jiangxufeng/v2rayL → 追踪用户 jiangxufeng
[2026-08-08 11:18:41] [ThreadPoolExecutor-55_2] 👤 [种子仓库] 遍历用户仓库: jiangxufeng
[2026-08-08 11:18:41] [ThreadPoolExecutor-64_0] 🔗 [种子仓库] 递归发现仓库 masir-sefid/Sub (来源 https://raw.githubusercontent.com/4n0nymou3/multi-proxy-config-fetcher/main/configs/channel_stats.json)
[2026-08-08 11:18:41] [W-1] 仓库 https://github.com/ab13643832129/awesome-vpn 候选文件 3 个
[2026-08-08 11:18:42] [ThreadPoolExecutor-55_2]   👤 用户仓库: 5/6 个 → 主队列 22/200 发现队列 156/20000 [[raw1]:8 [user0]:55 [user1]:93] | Worker 20忙/16闲(55%)
[2026-08-08 11:18:42] [ThreadPoolExecutor-55_2]   用户 jiangxufeng 共查 6 个仓库
[2026-08-08 11:18:42] [ThreadPoolExecutor-55_6]   👤 用户仓库: 29/30 个 → 主队列 22/200 发现队列 186/20000 [[raw1]:9 [user0]:55 [user1]:122] | Worker 20忙/16闲(55%)
[2026-08-08 11:18:42] [ThreadPoolExecutor-55_6]   用户 Qv2ray 共查 30 个仓库
[2026-08-08 11:18:42] [ThreadPoolExecutor-64_0] 🔗 [种子仓库] 递归发现仓库 therealaleph/Iran-configs (来源 https://raw.githubusercontent.com/4n0nymou3/multi-proxy-config-fetcher/main/configs/channel_stats.json)
[2026-08-08 11:18:42] [W-18] ⏭️ [种子仓库] 仓库 https://github.com/Airuop/config-fetcher 13546h 未更新，跳过解析（无需追踪）
[2026-08-08 11:18:42] [W-18] ✅ 完成 [种子仓库] Airuop/config-fetcher [种子 57/744] | 提取 0 | 新增 0 | 耗时 1s | 配额 4672/4800 03:18UTC | 主队列 22/200 发现队列 188/20000 [[raw1]:11 [user0]:55 [user1]:122] | Worker 20忙/16闲(55%)
[2026-08-08 11:18:42] [W-18] 🔧 开始处理 [user1] MetaCubeX/geo
[2026-08-08 11:18:42] [W-18] ⏭️ [user1] 仓库 https://github.com/MetaCubeX/geo 18017h 未更新，跳过解析（无需追踪）
[2026-08-08 11:18:42] [W-18] ✅ 完成 [user1] MetaCubeX/geo | 提取 0 | 新增 0 | 耗时 0s | 配额 4672/4800 03:18UTC | 主队列 22/200 发现队列 187/20000 [[raw1]:11 [user0]:55 [user1]:121] | Worker 20忙/16闲(55%)
[2026-08-08 11:18:42] [W-18] 🔧 开始处理 [user1] MetaCubeX/Yacd-meta
[2026-08-08 11:18:42] [W-18] ⏭️ [user1] 仓库 https://github.com/MetaCubeX/Yacd-meta 已解析，跳过解析（无需追踪）
[2026-08-08 11:18:42] [W-18] ✅ 完成 [user1] MetaCubeX/Yacd-meta | 提取 0 | 新增 0 | 耗时 0s | 配额 4672/4800 03:18UTC | 主队列 22/200 发现队列 186/20000 [[raw1]:11 [user0]:55 [user1]:120] | Worker 20忙/16闲(55%)
[2026-08-08 11:18:42] [W-18] 🔧 开始处理 [user1] MetaCubeX/subconverter
[2026-08-08 11:18:42] [W-18] ⏭️ [user1] 仓库 https://github.com/MetaCubeX/subconverter 4313h 未更新，跳过解析（无需追踪）
[2026-08-08 11:18:42] [W-18] ✅ 完成 [user1] MetaCubeX/subconverter | 提取 0 | 新增 0 | 耗时 0s | 配额 4672/4800 03:18UTC | 主队列 22/200 发现队列 185/20000 [[raw1]:11 [user0]:55 [user1]:119] | Worker 20忙/16闲(55%)
[2026-08-08 11:18:42] [W-18] 🔧 开始处理 [user1] MetaCubeX/tailscale
[2026-08-08 11:18:42] [W-18] ⏭️ [user1] 仓库 https://github.com/MetaCubeX/tailscale 已解析，跳过解析（无需追踪）
[2026-08-08 11:18:42] [W-18] ✅ 完成 [user1] MetaCubeX/tailscale | 提取 0 | 新增 0 | 耗时 0s | 配额 4672/4800 03:18UTC | 主队列 22/200 发现队列 184/20000 [[raw1]:11 [user0]:55 [user1]:118] | Worker 20忙/16闲(55%)
[2026-08-08 11:18:42] [W-18] 🔧 开始处理 [user1] MetaCubeX/sing-tun
[2026-08-08 11:18:42] [W-18] ⏭️ [user1] 仓库 https://github.com/MetaCubeX/sing-tun 已解析，跳过解析（无需追踪）
[2026-08-08 11:18:42] [W-18] ✅ 完成 [user1] MetaCubeX/sing-tun | 提取 0 | 新增 0 | 耗时 0s | 配额 4672/4800 03:18UTC | 主队列 22/200 发现队列 183/20000 [[raw1]:11 [user0]:55 [user1]:117] | Worker 20忙/16闲(55%)
[2026-08-08 11:18:42] [W-18] 🔧 开始处理 [user1] MetaCubeX/Clash.Mini
[2026-08-08 11:18:42] [W-18] ⏭️ [user1] 仓库 https://github.com/MetaCubeX/Clash.Mini 30143h 未更新，跳过解析（无需追踪）
[2026-08-08 11:18:42] [W-18] ✅ 完成 [user1] MetaCubeX/Clash.Mini | 提取 0 | 新增 0 | 耗时 0s | 配额 4672/4800 03:18UTC | 主队列 22/200 发现队列 182/20000 [[raw1]:11 [user0]:55 [user1]:116] | Worker 20忙/16闲(55%)
[2026-08-08 11:18:42] [W-18] 🔧 开始处理 [user1] MetaCubeX/sing-wireguard
[2026-08-08 11:18:42] [W-18] ⏭️ [user1] 仓库 https://github.com/MetaCubeX/sing-wireguard 已解析，跳过解析（无需追踪）
[2026-08-08 11:18:42] [W-18] ✅ 完成 [user1] MetaCubeX/sing-wireguard | 提取 0 | 新增 0 | 耗时 0s | 配额 4672/4800 03:18UTC | 主队列 22/200 发现队列 181/20000 [[raw1]:11 [user0]:55 [user1]:115] | Worker 20忙/16闲(55%)
[2026-08-08 11:18:42] [W-18] 🔧 开始处理 [user1] MetaCubeX/zerotier-go
[2026-08-08 11:18:42] [W-18] ⏭️ [user1] 仓库 https://github.com/MetaCubeX/zerotier-go 已解析，跳过解析（无需追踪）
[2026-08-08 11:18:42] [W-18] ✅ 完成 [user1] MetaCubeX/zerotier-go | 提取 0 | 新增 0 | 耗时 0s | 配额 4672/4800 03:18UTC | 主队列 22/200 发现队列 180/20000 [[raw1]:11 [user0]:55 [user1]:114] | Worker 20忙/16闲(55%)
[2026-08-08 11:18:42] [W-18] 🔧 开始处理 [user1] MetaCubeX/clash-verge
[2026-08-08 11:18:42] [W-18] ⏭️ [user1] 仓库 https://github.com/MetaCubeX/clash-verge 22434h 未更新，跳过解析（无需追踪）
[2026-08-08 11:18:42] [W-18] ✅ 完成 [user1] MetaCubeX/clash-verge | 提取 0 | 新增 0 | 耗时 0s | 配额 4672/4800 03:18UTC | 主队列 22/200 发现队列 179/20000 [[raw1]:11 [user0]:55 [user1]:113] | Worker 20忙/16闲(55%)
[2026-08-08 11:18:42] [W-18] 🔧 开始处理 [user1] MetaCubeX/gvisor
[2026-08-08 11:18:42] [W-18] ⏭️ [user1] 仓库 https://github.com/MetaCubeX/gvisor 已解析，跳过解析（无需追踪）
[2026-08-08 11:18:42] [W-18] ✅ 完成 [user1] MetaCubeX/gvisor | 提取 0 | 新增 0 | 耗时 0s | 配额 4672/4800 03:18UTC | 主队列 22/200 发现队列 178/20000 [[raw1]:11 [user0]:55 [user1]:112] | Worker 20忙/16闲(55%)
[2026-08-08 11:18:42] [W-18] 🔧 开始处理 [user1] MetaCubeX/Meta-Docs
[2026-08-08 11:18:42] [W-17] [种子仓库] 仓库 https://github.com/free-nodes/v2rayfree (分支: main, size: 25818KB, pushed: 2026-08-08T01:53:47Z)
[2026-08-08 11:18:43] [W-7] 🔗 [种子仓库] 发现仓库链接 ALIILAPRO/v2rayNG-Config (来源 https://raw.githubusercontent.com/ts-sf/fly/main/addition/clash_1)
[2026-08-08 11:18:44] [W-18] ⏭️ [user1] 仓库 https://github.com/MetaCubeX/Meta-Docs 171h 未更新，跳过解析（无需追踪）
[2026-08-08 11:18:44] [W-18] ✅ 完成 [user1] MetaCubeX/Meta-Docs | 提取 0 | 新增 0 | 耗时 2s | 配额 4669/4800 03:18UTC | 主队列 22/200 发现队列 178/20000 [[raw1]:12 [user0]:55 [user1]:111] | Worker 20忙/16闲(55%)
[2026-08-08 11:18:44] [W-18] 🔧 开始处理 [user1] MetaCubeX/meta-rules-converter
[2026-08-08 11:18:44] [W-18] ⏭️ [user1] 仓库 https://github.com/MetaCubeX/meta-rules-converter 5997h 未更新，跳过解析（无需追踪）
[2026-08-08 11:18:44] [W-18] ✅ 完成 [user1] MetaCubeX/meta-rules-converter | 提取 0 | 新增 0 | 耗时 0s | 配额 4669/4800 03:18UTC | 主队列 22/200 发现队列 177/20000 [[raw1]:12 [user0]:55 [user1]:110] | Worker 20忙/16闲(55%)
[2026-08-08 11:18:44] [W-18] 🔧 开始处理 [user1] MetaCubeX/go
[2026-08-08 11:18:44] [W-8] 仓库 https://github.com/wenxig/dongtai-sub 候选文件 1 个
[2026-08-08 11:18:45] [W-7] 👤 来源仓库 ALIILAPRO/v2rayNG-Config → 追踪用户 ALIILAPRO
[2026-08-08 11:18:45] [W-7] 👤 [种子仓库] 遍历用户仓库: ALIILAPRO
[2026-08-08 11:18:46] [W-18] ⏭️ [user1] 仓库 https://github.com/MetaCubeX/go 748h 未更新，跳过解析（无需追踪）
[2026-08-08 11:18:46] [W-18] ✅ 完成 [user1] MetaCubeX/go | 提取 0 | 新增 0 | 耗时 2s | 配额 4667/4800 03:18UTC | 主队列 22/200 发现队列 176/20000 [[raw1]:12 [user0]:55 [user1]:109] | Worker 20忙/16闲(55%)
[2026-08-08 11:18:46] [W-18] 🔧 开始处理 [user1] MetaCubeX/masque-go
[2026-08-08 11:18:46] [W-18] ⏭️ [user1] 仓库 https://github.com/MetaCubeX/masque-go 251h 未更新，跳过解析（无需追踪）
[2026-08-08 11:18:46] [W-18] ✅ 完成 [user1] MetaCubeX/masque-go | 提取 0 | 新增 0 | 耗时 0s | 配额 4667/4800 03:18UTC | 主队列 22/200 发现队列 175/20000 [[raw1]:12 [user0]:55 [user1]:108] | Worker 20忙/16闲(55%)
[2026-08-08 11:18:46] [W-18] 🔧 开始处理 [user1] MetaCubeX/connect-ip-go
[2026-08-08 11:18:46] [W-18] ⏭️ [user1] 仓库 https://github.com/MetaCubeX/connect-ip-go 283h 未更新，跳过解析（无需追踪）
[2026-08-08 11:18:46] [W-18] ✅ 完成 [user1] MetaCubeX/connect-ip-go | 提取 0 | 新增 0 | 耗时 0s | 配额 4667/4800 03:18UTC | 主队列 22/200 发现队列 174/20000 [[raw1]:12 [user0]:55 [user1]:107] | Worker 20忙/16闲(55%)
[2026-08-08 11:18:46] [W-18] 🔧 开始处理 [user1] MetaCubeX/sing-quic
[2026-08-08 11:18:46] [W-18] ⏭️ [user1] 仓库 https://github.com/MetaCubeX/sing-quic 297h 未更新，跳过解析（无需追踪）
[2026-08-08 11:18:46] [W-18] ✅ 完成 [user1] MetaCubeX/sing-quic | 提取 0 | 新增 0 | 耗时 0s | 配额 4667/4800 03:18UTC | 主队列 22/200 发现队列 173/20000 [[raw1]:12 [user0]:55 [user1]:106] | Worker 20忙/16闲(55%)
[2026-08-08 11:18:46] [W-18] 🔧 开始处理 [user1] MetaCubeX/randv2
[2026-08-08 11:18:46] [W-18] ⏭️ [user1] 仓库 https://github.com/MetaCubeX/randv2 302h 未更新，跳过解析（无需追踪）
[2026-08-08 11:18:46] [W-18] ✅ 完成 [user1] MetaCubeX/randv2 | 提取 0 | 新增 0 | 耗时 0s | 配额 4667/4800 03:18UTC | 主队列 22/200 发现队列 172/20000 [[raw1]:12 [user0]:55 [user1]:105] | Worker 20忙/16闲(55%)
[2026-08-08 11:18:46] [W-18] 🔧 开始处理 [user1] MetaCubeX/amneziawg-go
[2026-08-08 11:18:46] [W-18] ⏭️ [user1] 仓库 https://github.com/MetaCubeX/amneziawg-go 304h 未更新，跳过解析（无需追踪）
[2026-08-08 11:18:46] [W-18] ✅ 完成 [user1] MetaCubeX/amneziawg-go | 提取 0 | 新增 0 | 耗时 0s | 配额 4667/4800 03:18UTC | 主队列 22/200 发现队列 171/20000 [[raw1]:12 [user0]:55 [user1]:104] | Worker 20忙/16闲(55%)
[2026-08-08 11:18:46] [W-18] 🔧 开始处理 [user1] MetaCubeX/utls
[2026-08-08 11:18:46] [W-18] ⏭️ [user1] 仓库 https://github.com/MetaCubeX/utls 310h 未更新，跳过解析（无需追踪）
[2026-08-08 11:18:46] [W-18] ✅ 完成 [user1] MetaCubeX/utls | 提取 0 | 新增 0 | 耗时 0s | 配额 4667/4800 03:18UTC | 主队列 22/200 发现队列 170/20000 [[raw1]:12 [user0]:55 [user1]:103] | Worker 20忙/16闲(55%)
[2026-08-08 11:18:46] [W-18] 🔧 开始处理 [user1] MetaCubeX/cpu
[2026-08-08 11:18:46] [W-18] ⏭️ [user1] 仓库 https://github.com/MetaCubeX/cpu 310h 未更新，跳过解析（无需追踪）
[2026-08-08 11:18:46] [W-18] ✅ 完成 [user1] MetaCubeX/cpu | 提取 0 | 新增 0 | 耗时 0s | 配额 4667/4800 03:18UTC | 主队列 22/200 发现队列 169/20000 [[raw1]:12 [user0]:55 [user1]:102] | Worker 20忙/16闲(55%)
[2026-08-08 11:18:46] [W-18] 🔧 开始处理 [user1] MetaCubeX/http
[2026-08-08 11:18:46] [W-18] ⏭️ [user1] 仓库 https://github.com/MetaCubeX/http 325h 未更新，跳过解析（无需追踪）
[2026-08-08 11:18:46] [W-18] ✅ 完成 [user1] MetaCubeX/http | 提取 0 | 新增 0 | 耗时 0s | 配额 4667/4800 03:18UTC | 主队列 22/200 发现队列 168/20000 [[raw1]:12 [user0]:55 [user1]:101] | Worker 20忙/16闲(55%)
[2026-08-08 11:18:46] [W-18] 🔧 开始处理 [user1] MetaCubeX/tailscale-wireguard-go
[2026-08-08 11:18:46] [W-18] ⏭️ [user1] 仓库 https://github.com/MetaCubeX/tailscale-wireguard-go 332h 未更新，跳过解析（无需追踪）
[2026-08-08 11:18:46] [W-18] ✅ 完成 [user1] MetaCubeX/tailscale-wireguard-go | 提取 0 | 新增 0 | 耗时 0s | 配额 4667/4800 03:18UTC | 主队列 22/200 发现队列 167/20000 [[raw1]:12 [user0]:55 [user1]:100] | Worker 20忙/16闲(55%)
[2026-08-08 11:18:46] [W-18] 🔧 开始处理 [user1] MetaCubeX/jsonv2
[2026-08-08 11:18:46] [W-18] ⏭️ [user1] 仓库 https://github.com/MetaCubeX/jsonv2 332h 未更新，跳过解析（无需追踪）
[2026-08-08 11:18:46] [W-18] ✅ 完成 [user1] MetaCubeX/jsonv2 | 提取 0 | 新增 0 | 耗时 0s | 配额 4667/4800 03:18UTC | 主队列 22/200 发现队列 166/20000 [[raw1]:12 [user0]:55 [user1]:99] | Worker 20忙/16闲(55%)
[2026-08-08 11:18:46] [W-18] 🔧 开始处理 [user1] MetaCubeX/jls-quic-go
[2026-08-08 11:18:46] [W-18] ⏭️ [user1] 仓库 https://github.com/MetaCubeX/jls-quic-go 283h 未更新，跳过解析（无需追踪）
[2026-08-08 11:18:46] [W-18] ✅ 完成 [user1] MetaCubeX/jls-quic-go | 提取 0 | 新增 0 | 耗时 0s | 配额 4667/4800 03:18UTC | 主队列 22/200 发现队列 165/20000 [[raw1]:12 [user0]:55 [user1]:98] | Worker 20忙/16闲(55%)
[2026-08-08 11:18:46] [W-18] 🔧 开始处理 [raw1] MetaCubeX/metacubexd
[2026-08-08 11:18:46] [W-18] ⏭️ [raw1] 仓库 https://github.com/MetaCubeX/metacubexd 已解析，跳过解析（无需追踪）
[2026-08-08 11:18:46] [W-18] ✅ 完成 [raw1] MetaCubeX/metacubexd | 提取 0 | 新增 0 | 耗时 0s | 配额 4667/4800 03:18UTC | 主队列 22/200 发现队列 164/20000 [[raw1]:11 [user0]:55 [user1]:98] | Worker 20忙/16闲(55%)
[2026-08-08 11:18:46] [W-18] 🔧 开始处理 [user1] vxiaov/vClash
[2026-08-08 11:18:46] [W-18] ⏭️ [user1] 仓库 https://github.com/vxiaov/vClash 7055h 未更新，跳过解析（无需追踪）
[2026-08-08 11:18:46] [W-18] ✅ 完成 [user1] vxiaov/vClash | 提取 0 | 新增 0 | 耗时 0s | 配额 4667/4800 03:18UTC | 主队列 22/200 发现队列 163/20000 [[raw1]:11 [user0]:55 [user1]:97] | Worker 20忙/16闲(55%)
[2026-08-08 11:18:46] [W-18] 🔧 开始处理 [user1] vxiaov/free_proxy_ss
[2026-08-08 11:18:46] [W-6] 📦 Partial Clone: 16 个文件（零 API 配额）
[2026-08-08 11:18:47] [W-14] 仓库 https://github.com/mahdibland/get_v2 候选文件 1 个
[2026-08-08 11:18:48] [W-18] ⏭️ [user1] 仓库 https://github.com/vxiaov/free_proxy_ss 20565h 未更新，跳过解析（无需追踪）
[2026-08-08 11:18:48] [W-18] ✅ 完成 [user1] vxiaov/free_proxy_ss | 提取 0 | 新增 0 | 耗时 1s | 配额 4665/4800 03:18UTC | 主队列 22/200 发现队列 162/20000 [[raw1]:11 [user0]:55 [user1]:96] | Worker 19忙/17闲(52%)
[2026-08-08 11:18:48] [W-7]   👤 用户仓库: 29/30 个 → 主队列 22/200 发现队列 190/20000 [[raw1]:11 [user0]:55 [user1]:124] | Worker 18忙/18闲(50%)
[2026-08-08 11:18:48] [W-7]   用户 ALIILAPRO 共查 30 个仓库
[2026-08-08 11:18:48] [W-18] 🔧 开始处理 [user1] vxiaov/Koolshare-Clash-openwrt-amd64
[2026-08-08 11:18:48] [W-18] ⏭️ [user1] 仓库 https://github.com/vxiaov/Koolshare-Clash-openwrt-amd64 19165h 未更新，跳过解析（无需追踪）
[2026-08-08 11:18:48] [W-18] ✅ 完成 [user1] vxiaov/Koolshare-Clash-openwrt-amd64 | 提取 0 | 新增 0 | 耗时 0s | 配额 4664/4800 03:18UTC | 主队列 22/200 发现队列 191/20000 [[raw1]:12 [user0]:55 [user1]:124] | Worker 19忙/17闲(52%)
[2026-08-08 11:18:48] [W-18] 🔧 开始处理 [user1] vxiaov/luci-app-openproxy
[2026-08-08 11:18:48] [W-18] ⏭️ [user1] 仓库 https://github.com/vxiaov/luci-app-openproxy 10031h 未更新，跳过解析（无需追踪）
[2026-08-08 11:18:48] [W-18] ✅ 完成 [user1] vxiaov/luci-app-openproxy | 提取 0 | 新增 0 | 耗时 0s | 配额 4664/4800 03:18UTC | 主队列 22/200 发现队列 190/20000 [[raw1]:12 [user0]:55 [user1]:123] | Worker 19忙/17闲(52%)
[2026-08-08 11:18:48] [W-18] 🔧 开始处理 [user1] vxiaov/ebook_spider
[2026-08-08 11:18:48] [W-18] ⏭️ [user1] 仓库 https://github.com/vxiaov/ebook_spider 34290h 未更新，跳过解析（无需追踪）
[2026-08-08 11:18:48] [W-18] ✅ 完成 [user1] vxiaov/ebook_spider | 提取 0 | 新增 0 | 耗时 0s | 配额 4664/4800 03:18UTC | 主队列 22/200 发现队列 189/20000 [[raw1]:12 [user0]:55 [user1]:122] | Worker 19忙/17闲(52%)
[2026-08-08 11:18:48] [W-18] 🔧 开始处理 [user1] vxiaov/WorkerVless2sub
[2026-08-08 11:18:48] [W-17] 📦 Partial Clone: 11 个文件（零 API 配额）
[2026-08-08 11:18:48] [W-34] 🌱 加入种子: mfuu/v2ray (提取 46 节点)
[2026-08-08 11:18:48] [W-34] ✅ 完成 [种子仓库] mfuu/v2ray [种子 16/744] | 提取 46 | 新增 23 | 耗时 47s | 配额 4664/4800 03:18UTC | 主队列 22/200 发现队列 188/20000 [[raw1]:12 [user0]:55 [user1]:121] | Worker 18忙/18闲(50%)
[2026-08-08 11:18:48] [W-34] 🔧 开始处理 [种子仓库] crashgfw/free-airport-nodes [种子 59/744]
[2026-08-08 11:18:49] [W-33] 📦 Partial Clone: 19 个文件（零 API 配额）
[2026-08-08 11:18:49] [W-11] ✅ 完成 [种子仓库] sami4030/multi-proxy-config-fetcher [种子 48/744] | 提取 0 | 新增 0 | 耗时 27s | 配额 4664/4800 03:18UTC | 主队列 21/200 发现队列 188/20000 [[raw1]:12 [user0]:55 [user1]:121] | Worker 18忙/18闲(50%)
[2026-08-08 11:18:49] [W-11] 🔧 开始处理 [种子仓库] lza6/free-VPN [种子 60/744]
[2026-08-08 11:18:50] [W-8] ✅ 完成 [raw1] wenxig/dongtai-sub | 提取 0 | 新增 0 | 耗时 21s | 配额 4664/4800 03:18UTC | 主队列 20/200 发现队列 188/20000 [[raw1]:12 [user0]:55 [user1]:121] | Worker 19忙/17闲(52%)
[2026-08-08 11:18:50] [W-8] 🔧 开始处理 [种子仓库] guying23/AutoMergePublicNodes [种子 61/744]
[2026-08-08 11:18:50] [种子] ▶️ 主队列 < 20（19/200），搜索恢复
[2026-08-08 11:18:50] [种子] 🔵 [种子 81/744] HakurouKen/free-node | 配额 4664/4800 03:18UTC | 主队列 20/200 发现队列 188/20000 [[raw1]:12 [user0]:55 [user1]:121] | Worker 20忙/16闲(55%)
[2026-08-08 11:18:50] [种子] 🔵 [种子 82/744] PENZA84/free-node | 配额 4664/4800 03:18UTC | 主队列 21/200 发现队列 188/20000 [[raw1]:12 [user0]:55 [user1]:121] | Worker 20忙/16闲(55%)
[2026-08-08 11:18:50] [种子] 🔵 [种子 83/744] soufranciscoescola-png/Criar-fonte-TTF---BR---draw-your-font | 配额 4664/4800 03:18UTC | 主队列 22/200 发现队列 188/20000 [[raw1]:12 [user0]:55 [user1]:121] | Worker 20忙/16闲(55%)
[2026-08-08 11:18:50] [种子] 🔵 [种子 84/744] cheryomukhin/draw-your-font | 配额 4664/4800 03:18UTC | 主队列 23/200 发现队列 188/20000 [[raw1]:12 [user0]:55 [user1]:121] | Worker 20忙/16闲(55%)
[2026-08-08 11:18:50] [种子] 🔵 [种子 85/744] dhiaeddine-ayh/draw-your-font | 配额 4664/4800 03:18UTC | 主队列 24/200 发现队列 188/20000 [[raw1]:12 [user0]:55 [user1]:121] | Worker 20忙/16闲(55%)
[2026-08-08 11:18:50] [种子] 🔵 [种子 86/744] rrzt/FreeNodes | 配额 4664/4800 03:18UTC | 主队列 25/200 发现队列 188/20000 [[raw1]:12 [user0]:55 [user1]:121] | Worker 20忙/16闲(55%)
[2026-08-08 11:18:50] [种子] 🔵 [种子 87/744] cyj4215/FreeNodes | 配额 4664/4800 03:18UTC | 主队列 26/200 发现队列 188/20000 [[raw1]:12 [user0]:55 [user1]:121] | Worker 20忙/16闲(55%)
[2026-08-08 11:18:50] [种子] 🔵 [种子 88/744] shenguidao/FreeNodes | 配额 4664/4800 03:18UTC | 主队列 27/200 发现队列 188/20000 [[raw1]:12 [user0]:55 [user1]:121] | Worker 20忙/16闲(55%)
[2026-08-08 11:18:50] [种子] 🔵 [种子 89/744] jiayou88/FreeNodes- | 配额 4664/4800 03:18UTC | 主队列 28/200 发现队列 188/20000 [[raw1]:12 [user0]:55 [user1]:121] | Worker 20忙/16闲(55%)
[2026-08-08 11:18:50] [种子] 🔵 [种子 90/744] 4258806/FreeNodes | 配额 4664/4800 03:18UTC | 主队列 29/200 发现队列 188/20000 [[raw1]:12 [user0]:55 [user1]:121] | Worker 20忙/16闲(55%)
[2026-08-08 11:18:50] [种子] 🔵 [种子 91/744] muxd93/awesome-vpn | 配额 4664/4800 03:18UTC | 主队列 30/200 发现队列 188/20000 [[raw1]:12 [user0]:55 [user1]:121] | Worker 20忙/16闲(55%)
[2026-08-08 11:18:50] [种子] 🔵 [种子 92/744] Andyworldclub/openproxylist | 配额 4664/4800 03:18UTC | 主队列 31/200 发现队列 188/20000 [[raw1]:12 [user0]:55 [user1]:121] | Worker 20忙/16闲(55%)
[2026-08-08 11:18:50] [种子] 🔵 [种子 93/744] toda-adot/ACL4SSR | 配额 4664/4800 03:18UTC | 主队列 32/200 发现队列 188/20000 [[raw1]:12 [user0]:55 [user1]:121] | Worker 20忙/16闲(55%)
[2026-08-08 11:18:50] [种子] 🔵 [种子 94/744] superduke/ACL4SSR | 配额 4664/4800 03:18UTC | 主队列 33/200 发现队列 188/20000 [[raw1]:12 [user0]:55 [user1]:121] | Worker 20忙/16闲(55%)
[2026-08-08 11:18:50] [种子] 🔵 [种子 95/744] housaiyinmamaide/ACL4SSR | 配额 4664/4800 03:18UTC | 主队列 34/200 发现队列 188/20000 [[raw1]:12 [user0]:55 [user1]:121] | Worker 20忙/16闲(55%)
[2026-08-08 11:18:50] [种子] 🔵 [种子 96/744] fenwehome/ACL4SSR | 配额 4664/4800 03:18UTC | 主队列 35/200 发现队列 188/20000 [[raw1]:12 [user0]:55 [user1]:121] | Worker 20忙/16闲(55%)
[2026-08-08 11:18:50] [种子] 🔵 [种子 97/744] sclyxcn/ACL4SSR | 配额 4664/4800 03:18UTC | 主队列 36/200 发现队列 188/20000 [[raw1]:12 [user0]:55 [user1]:121] | Worker 20忙/16闲(55%)
[2026-08-08 11:18:50] [种子] 🔵 [种子 98/744] lilikimi/ACL4SSR | 配额 4664/4800 03:18UTC | 主队列 37/200 发现队列 188/20000 [[raw1]:12 [user0]:55 [user1]:121] | Worker 20忙/16闲(55%)
[2026-08-08 11:18:50] [种子] 🔵 [种子 99/744] zhalkzs/ACL4SSR | 配额 4664/4800 03:18UTC | 主队列 38/200 发现队列 188/20000 [[raw1]:12 [user0]:55 [user1]:121] | Worker 20忙/16闲(55%)
[2026-08-08 11:18:50] [种子] 🔵 [种子 100/744] orionmeetartemis/ACL4SSR | 配额 4664/4800 03:18UTC | 主队列 39/200 发现队列 188/20000 [[raw1]:12 [user0]:55 [user1]:121] | Worker 20忙/16闲(55%)
[2026-08-08 11:18:50] [种子] 🔵 [种子 101/744] cmliu/ACL4SSR | 配额 4664/4800 03:18UTC | 主队列 40/200 发现队列 188/20000 [[raw1]:12 [user0]:55 [user1]:121] | Worker 20忙/16闲(55%)
[2026-08-08 11:18:50] [种子] 🔵 [种子 102/744] zwdnwlm/ACL4SSR | 配额 4664/4800 03:18UTC | 主队列 41/200 发现队列 188/20000 [[raw1]:12 [user0]:55 [user1]:121] | Worker 20忙/16闲(55%)
[2026-08-08 11:18:50] [种子] 🔵 [种子 103/744] csxjf/ACL4SSR | 配额 4664/4800 03:18UTC | 主队列 42/200 发现队列 188/20000 [[raw1]:12 [user0]:55 [user1]:121] | Worker 20忙/16闲(55%)
[2026-08-08 11:18:50] [种子] 🔵 [种子 104/744] yilong001/ACL4SSR | 配额 4664/4800 03:18UTC | 主队列 43/200 发现队列 188/20000 [[raw1]:12 [user0]:55 [user1]:121] | Worker 20忙/16闲(55%)
[2026-08-08 11:18:50] [种子] 🔵 [种子 105/744] FaceAce1/ACL4SSR | 配额 4664/4800 03:18UTC | 主队列 44/200 发现队列 188/20000 [[raw1]:12 [user0]:55 [user1]:121] | Worker 20忙/16闲(55%)
[2026-08-08 11:18:50] [种子] 🔵 [种子 106/744] njuFerret/ACL4SSR | 配额 4664/4800 03:18UTC | 主队列 45/200 发现队列 188/20000 [[raw1]:12 [user0]:55 [user1]:121] | Worker 20忙/16闲(55%)
[2026-08-08 11:18:50] [种子] 🔵 [种子 107/744] kimmax603/ACL4SSR | 配额 4664/4800 03:18UTC | 主队列 46/200 发现队列 188/20000 [[raw1]:12 [user0]:55 [user1]:121] | Worker 20忙/16闲(55%)
[2026-08-08 11:18:50] [种子] 🔵 [种子 108/744] chris202010/ACL4SSR | 配额 4664/4800 03:18UTC | 主队列 47/200 发现队列 188/20000 [[raw1]:12 [user0]:55 [user1]:121] | Worker 20忙/16闲(55%)
[2026-08-08 11:18:50] [种子] 🔵 [种子 109/744] wjs876046992/subconverter | 配额 4664/4800 03:18UTC | 主队列 48/200 发现队列 188/20000 [[raw1]:12 [user0]:55 [user1]:121] | Worker 20忙/16闲(55%)
[2026-08-08 11:18:50] [种子] 🔵 [种子 110/744] Wyatt36/SubConverter-Extended | 配额 4664/4800 03:18UTC | 主队列 49/200 发现队列 188/20000 [[raw1]:12 [user0]:55 [user1]:121] | Worker 20忙/16闲(55%)
[2026-08-08 11:18:50] [种子] 🔵 [种子 111/744] clift190/v2rayNG | 配额 4664/4800 03:18UTC | 主队列 50/200 发现队列 188/20000 [[raw1]:12 [user0]:55 [user1]:121] | Worker 20忙/16闲(55%)
[2026-08-08 11:18:50] [种子] 🔵 [种子 112/744] 2dust/v2rayNG | 配额 4664/4800 03:18UTC | 主队列 51/200 发现队列 188/20000 [[raw1]:12 [user0]:55 [user1]:121] | Worker 20忙/16闲(55%)
[2026-08-08 11:18:50] [W-34] [种子仓库] 仓库 https://github.com/crashgfw/free-airport-nodes (分支: main, size: 612KB, pushed: 2026-08-07T22:34:55Z)
[2026-08-08 11:18:50] [W-11] ⏭️ [种子仓库] 仓库 https://github.com/lza6/free-VPN 4413h 未更新，跳过解析（无需追踪）
[2026-08-08 11:18:50] [W-11] ✅ 完成 [种子仓库] lza6/free-VPN [种子 60/744] | 提取 0 | 新增 0 | 耗时 1s | 配额 4662/4800 03:18UTC | 主队列 52/200 发现队列 188/20000 [[raw1]:12 [user0]:55 [user1]:121] | Worker 20忙/16闲(55%)
[2026-08-08 11:18:50] [W-11] 🔧 开始处理 [user1] vxiaov/cookies_pool
[2026-08-08 11:18:50] [W-11] ⏭️ [user1] 仓库 https://github.com/vxiaov/cookies_pool 12781h 未更新，跳过解析（无需追踪）
[2026-08-08 11:18:50] [W-11] ✅ 完成 [user1] vxiaov/cookies_pool | 提取 0 | 新增 0 | 耗时 0s | 配额 4662/4800 03:18UTC | 主队列 52/200 发现队列 187/20000 [[raw1]:12 [user0]:55 [user1]:120] | Worker 20忙/16闲(55%)
[2026-08-08 11:18:50] [W-11] 🔧 开始处理 [user1] vxiaov/.github
[2026-08-08 11:18:50] [种子] 🔵 [种子 113/744] clift190/v2rayN | 配额 4664/4800 03:18UTC | 主队列 52/200 发现队列 186/20000 [[raw1]:12 [user0]:55 [user1]:121] | Worker 20忙/16闲(55%)
[2026-08-08 11:18:50] [种子] 🔵 [种子 114/744] hncsjmj/v2rayN | 配额 4662/4800 03:18UTC | 主队列 53/200 发现队列 186/20000 [[raw1]:12 [user0]:55 [user1]:119] | Worker 20忙/16闲(55%)
[2026-08-08 11:18:50] [种子] 🔵 [种子 115/744] flyhong666/v2rayN | 配额 4662/4800 03:18UTC | 主队列 54/200 发现队列 186/20000 [[raw1]:12 [user0]:55 [user1]:119] | Worker 20忙/16闲(55%)
[2026-08-08 11:18:50] [种子] 🔵 [种子 116/744] alxprgs/v2rayNG | 配额 4662/4800 03:18UTC | 主队列 55/200 发现队列 186/20000 [[raw1]:12 [user0]:55 [user1]:119] | Worker 20忙/16闲(55%)
[2026-08-08 11:18:50] [种子] 🔵 [种子 117/744] AvetGR8/EasyV2raySub | 配额 4662/4800 03:18UTC | 主队列 56/200 发现队列 186/20000 [[raw1]:12 [user0]:55 [user1]:119] | Worker 20忙/16闲(55%)
[2026-08-08 11:18:50] [种子] 🔵 [种子 118/744] Devindan/EasyV2raySub | 配额 4662/4800 03:18UTC | 主队列 57/200 发现队列 186/20000 [[raw1]:12 [user0]:55 [user1]:119] | Worker 20忙/16闲(55%)
[2026-08-08 11:18:50] [种子] 🔵 [种子 119/744] symantes/v2rayN | 配额 4662/4800 03:18UTC | 主队列 58/200 发现队列 186/20000 [[raw1]:12 [user0]:55 [user1]:119] | Worker 20忙/16闲(55%)
[2026-08-08 11:18:50] [种子] 🔵 [种子 120/744] maoxikun/v2rayN | 配额 4662/4800 03:18UTC | 主队列 59/200 发现队列 186/20000 [[raw1]:12 [user0]:55 [user1]:119] | Worker 20忙/16闲(55%)
[2026-08-08 11:18:50] [种子] 🔵 [种子 121/744] maoxikun/v2rayNG | 配额 4662/4800 03:18UTC | 主队列 60/200 发现队列 186/20000 [[raw1]:12 [user0]:55 [user1]:119] | Worker 20忙/16闲(55%)
[2026-08-08 11:18:50] [种子] 🔵 [种子 122/744] sec-js/v2rayN | 配额 4662/4800 03:18UTC | 主队列 61/200 发现队列 186/20000 [[raw1]:12 [user0]:55 [user1]:119] | Worker 20忙/16闲(55%)
[2026-08-08 11:18:50] [种子] 🔵 [种子 123/744] selenologist99/v2rayN | 配额 4662/4800 03:18UTC | 主队列 62/200 发现队列 186/20000 [[raw1]:12 [user0]:55 [user1]:119] | Worker 20忙/16闲(55%)
[2026-08-08 11:18:50] [种子] 🔵 [种子 124/744] kafeixiang/v2rayN | 配额 4662/4800 03:18UTC | 主队列 63/200 发现队列 186/20000 [[raw1]:12 [user0]:55 [user1]:119] | Worker 20忙/16闲(55%)
[2026-08-08 11:18:50] [种子] 🔵 [种子 125/744] chizee/v2rayN | 配额 4662/4800 03:18UTC | 主队列 64/200 发现队列 186/20000 [[raw1]:12 [user0]:55 [user1]:119] | Worker 20忙/16闲(55%)
[2026-08-08 11:18:50] [种子] 🔵 [种子 126/744] lwhx/v2rayN | 配额 4662/4800 03:18UTC | 主队列 65/200 发现队列 186/20000 [[raw1]:12 [user0]:55 [user1]:119] | Worker 20忙/16闲(55%)
[2026-08-08 11:18:50] [种子] 🔵 [种子 127/744] Orynomnix/v2rayN | 配额 4662/4800 03:18UTC | 主队列 66/200 发现队列 186/20000 [[raw1]:12 [user0]:55 [user1]:119] | Worker 20忙/16闲(55%)
[2026-08-08 11:18:50] [种子] 🔵 [种子 128/744] OmiSummy/v2rayNG | 配额 4662/4800 03:18UTC | 主队列 67/200 发现队列 186/20000 [[raw1]:12 [user0]:55 [user1]:119] | Worker 20忙/16闲(55%)
[2026-08-08 11:18:50] [种子] 🔵 [种子 129/744] iswhat/v2rayNG | 配额 4662/4800 03:18UTC | 主队列 68/200 发现队列 186/20000 [[raw1]:12 [user0]:55 [user1]:119] | Worker 20忙/16闲(55%)
[2026-08-08 11:18:50] [种子] 🔵 [种子 130/744] cysk003/v2rayNG | 配额 4662/4800 03:18UTC | 主队列 69/200 发现队列 186/20000 [[raw1]:12 [user0]:55 [user1]:119] | Worker 20忙/16闲(55%)
[2026-08-08 11:18:50] [种子] 🔵 [种子 131/744] Kiterepo/v2rayN-2 | 配额 4662/4800 03:18UTC | 主队列 70/200 发现队列 186/20000 [[raw1]:12 [user0]:55 [user1]:119] | Worker 20忙/16闲(55%)
[2026-08-08 11:18:50] [种子] 🔵 [种子 132/744] soitun/v2rayN | 配额 4662/4800 03:18UTC | 主队列 71/200 发现队列 186/20000 [[raw1]:12 [user0]:55 [user1]:119] | Worker 20忙/16闲(55%)
[2026-08-08 11:18:50] [种子] 🔵 [种子 133/744] xiechangan123/v2rayNG | 配额 4662/4800 03:18UTC | 主队列 72/200 发现队列 186/20000 [[raw1]:12 [user0]:55 [user1]:119] | Worker 20忙/16闲(55%)
[2026-08-08 11:18:50] [种子] 🔵 [种子 134/744] LHONG1008/v2rayN | 配额 4662/4800 03:18UTC | 主队列 73/200 发现队列 186/20000 [[raw1]:12 [user0]:55 [user1]:119] | Worker 20忙/16闲(55%)
[2026-08-08 11:18:50] [种子] 🔵 [种子 135/744] Superoldman96/v2rayNG | 配额 4662/4800 03:18UTC | 主队列 74/200 发现队列 186/20000 [[raw1]:12 [user0]:55 [user1]:119] | Worker 20忙/16闲(55%)
[2026-08-08 11:18:50] [种子] 🔵 [种子 136/744] fenwehome/v2rayN | 配额 4662/4800 03:18UTC | 主队列 75/200 发现队列 186/20000 [[raw1]:12 [user0]:55 [user1]:119] | Worker 20忙/16闲(55%)
[2026-08-08 11:18:50] [种子] 🔵 [种子 137/744] Mu-L/v2rayN | 配额 4662/4800 03:18UTC | 主队列 76/200 发现队列 186/20000 [[raw1]:12 [user0]:55 [user1]:119] | Worker 20忙/16闲(55%)
[2026-08-08 11:18:50] [种子] 🔵 [种子 138/744] ipx2001/v2rayN | 配额 4662/4800 03:18UTC | 主队列 77/200 发现队列 186/20000 [[raw1]:12 [user0]:55 [user1]:119] | Worker 20忙/16闲(55%)
[2026-08-08 11:18:50] [种子] 🔵 [种子 139/744] Little-Star888/v2rayN | 配额 4662/4800 03:18UTC | 主队列 78/200 发现队列 186/20000 [[raw1]:12 [user0]:55 [user1]:119] | Worker 20忙/16闲(55%)
[2026-08-08 11:18:50] [种子] 🔵 [种子 140/744] sujun2021/v2rayNG | 配额 4662/4800 03:18UTC | 主队列 79/200 发现队列 186/20000 [[raw1]:12 [user0]:55 [user1]:119] | Worker 20忙/16闲(55%)
[2026-08-08 11:18:50] [W-27] 仓库 https://github.com/Baobei321/-AutoMergePublicNodes 候选文件 6 个
[2026-08-08 11:18:51] [W-18] ⏭️ [user1] 仓库 https://github.com/vxiaov/WorkerVless2sub 7181h 未更新，跳过解析（无需追踪）
[2026-08-08 11:18:51] [W-18] ✅ 完成 [user1] vxiaov/WorkerVless2sub | 提取 0 | 新增 0 | 耗时 2s | 配额 4661/4800 03:18UTC | 主队列 80/200 发现队列 186/20000 [[raw1]:12 [user0]:55 [user1]:119] | Worker 20忙/16闲(55%)
[2026-08-08 11:18:51] [种子] 🔵 [种子 141/744] pthis/v2rayN | 配额 4662/4800 03:18UTC | 主队列 80/200 发现队列 185/20000 [[raw1]:12 [user0]:55 [user1]:119] | Worker 19忙/17闲(52%)
[2026-08-08 11:18:51] [种子] ⏸️  主队列 ≥ 80（80/200），搜索暂停
[2026-08-08 11:18:51] [W-18] 🔧 开始处理 [user1] vxiaov/ed1
[2026-08-08 11:18:51] [W-29] 📦 Partial Clone: 100 个文件（零 API 配额）
[2026-08-08 11:18:52] [W-11] ⏭️ [user1] 仓库 https://github.com/vxiaov/.github 12887h 未更新，跳过解析（无需追踪）
[2026-08-08 11:18:52] [W-11] ✅ 完成 [user1] vxiaov/.github | 提取 0 | 新增 0 | 耗时 2s | 配额 4660/4800 03:18UTC | 主队列 80/200 发现队列 185/20000 [[raw1]:12 [user0]:55 [user1]:118] | Worker 19忙/17闲(52%)
[2026-08-08 11:18:52] [W-11] 🔧 开始处理 [user1] vxiaov/EDtunnel
[2026-08-08 11:18:52] [W-11] ⏭️ [user1] 仓库 https://github.com/vxiaov/EDtunnel 14325h 未更新，跳过解析（无需追踪）
[2026-08-08 11:18:52] [W-11] ✅ 完成 [user1] vxiaov/EDtunnel | 提取 0 | 新增 0 | 耗时 0s | 配额 4660/4800 03:18UTC | 主队列 80/200 发现队列 184/20000 [[raw1]:12 [user0]:55 [user1]:117] | Worker 19忙/17闲(52%)
[2026-08-08 11:18:52] [W-11] 🔧 开始处理 [user1] vxiaov/edgetunnel1
[2026-08-08 11:18:53] [W-8] ⏭️ [种子仓库] 仓库 https://github.com/guying23/AutoMergePublicNodes 8850h 未更新，跳过解析（无需追踪）
[2026-08-08 11:18:53] [W-8] ✅ 完成 [种子仓库] guying23/AutoMergePublicNodes [种子 61/744] | 提取 0 | 新增 0 | 耗时 3s | 配额 4659/4800 03:18UTC | 主队列 80/200 发现队列 183/20000 [[raw1]:12 [user0]:55 [user1]:116] | Worker 19忙/17闲(52%)
[2026-08-08 11:18:53] [W-8] 🔧 开始处理 [user1] vxiaov/edgetunnel
[2026-08-08 11:18:53] [W-18] ⏭️ [user1] 仓库 https://github.com/vxiaov/ed1 14500h 未更新，跳过解析（无需追踪）
[2026-08-08 11:18:53] [W-18] ✅ 完成 [user1] vxiaov/ed1 | 提取 0 | 新增 0 | 耗时 2s | 配额 4658/4800 03:18UTC | 主队列 80/200 发现队列 182/20000 [[raw1]:12 [user0]:55 [user1]:115] | Worker 19忙/17闲(52%)
[2026-08-08 11:18:53] [W-18] 🔧 开始处理 [种子仓库] wzdnzd/aggregator [种子 62/744]
[2026-08-08 11:18:54] [W-11] ⏭️ [user1] 仓库 https://github.com/vxiaov/edgetunnel1 14657h 未更新，跳过解析（无需追踪）
[2026-08-08 11:18:54] [W-11] ✅ 完成 [user1] vxiaov/edgetunnel1 | 提取 0 | 新增 0 | 耗时 2s | 配额 4657/4800 03:18UTC | 主队列 79/200 发现队列 182/20000 [[raw1]:12 [user0]:55 [user1]:115] | Worker 19忙/17闲(52%)
[2026-08-08 11:18:54] [W-16] 📦 Partial Clone: 48 个文件（零 API 配额）
[2026-08-08 11:18:54] [W-11] 🔧 开始处理 [user1] vxiaov/clash-backup
[2026-08-08 11:18:54] [W-30] 📦 Partial Clone: 59 个文件（零 API 配额）
[2026-08-08 11:18:54] [W-8] ⏭️ [user1] 仓库 https://github.com/vxiaov/edgetunnel 19349h 未更新，跳过解析（无需追踪）
[2026-08-08 11:18:54] [W-8] ✅ 完成 [user1] vxiaov/edgetunnel | 提取 0 | 新增 0 | 耗时 1s | 配额 4656/4800 03:18UTC | 主队列 79/200 发现队列 181/20000 [[raw1]:12 [user0]:55 [user1]:114] | Worker 17忙/19闲(47%)
[2026-08-08 11:18:54] [W-8] 🔧 开始处理 [user1] vxiaov/ClashMetaForAndroid
[2026-08-08 11:18:55] [W-18] ⏭️ [种子仓库] 仓库 https://github.com/wzdnzd/aggregator 387h 未更新，跳过解析（无需追踪）
[2026-08-08 11:18:55] [W-18] ✅ 完成 [种子仓库] wzdnzd/aggregator [种子 62/744] | 提取 0 | 新增 0 | 耗时 2s | 配额 4655/4800 03:18UTC | 主队列 79/200 发现队列 180/20000 [[raw1]:12 [user0]:55 [user1]:113] | Worker 17忙/19闲(47%)
[2026-08-08 11:18:55] [W-34] 📦 Partial Clone: 6 个文件（零 API 配额）
[2026-08-08 11:18:55] [W-18] 🔧 开始处理 [user1] vxiaov/clash_binary
[2026-08-08 11:18:56] [ThreadPoolExecutor-64_3] 🔗 [种子仓库] 递归发现仓库 Chocolate4U/Iran-clash-rules (来源 https://raw.githubusercontent.com/4n0nymou3/multi-proxy-config-fetcher/main/configs/clash_configs_secure.yaml)
[2026-08-08 11:18:56] [W-8] ⏭️ [user1] 仓库 https://github.com/vxiaov/ClashMetaForAndroid 19305h 未更新，跳过解析（无需追踪）
[2026-08-08 11:18:56] [W-8] ✅ 完成 [user1] vxiaov/ClashMetaForAndroid | 提取 0 | 新增 0 | 耗时 2s | 配额 4654/4800 03:18UTC | 主队列 79/200 发现队列 179/20000 [[raw1]:12 [user0]:55 [user1]:112] | Worker 16忙/20闲(44%)
[2026-08-08 11:18:56] [W-8] 🔧 开始处理 [user1] vxiaov/spider_free_proxy
[2026-08-08 11:18:56] [W-8] ⏭️ [user1] 仓库 https://github.com/vxiaov/spider_free_proxy 37600h 未更新，跳过解析（无需追踪）
[2026-08-08 11:18:56] [W-8] ✅ 完成 [user1] vxiaov/spider_free_proxy | 提取 0 | 新增 0 | 耗时 0s | 配额 4654/4800 03:18UTC | 主队列 79/200 发现队列 178/20000 [[raw1]:12 [user0]:55 [user1]:111] | Worker 16忙/20闲(44%)
[2026-08-08 11:18:56] [W-8] 🔧 开始处理 [user1] vxiaov/images
[2026-08-08 11:18:56] [W-11] ⏭️ [user1] 仓库 https://github.com/vxiaov/clash-backup 23082h 未更新，跳过解析（无需追踪）
[2026-08-08 11:18:56] [W-11] ✅ 完成 [user1] vxiaov/clash-backup | 提取 0 | 新增 0 | 耗时 2s | 配额 4653/4800 03:18UTC | 主队列 79/200 发现队列 177/20000 [[raw1]:12 [user0]:55 [user1]:110] | Worker 16忙/20闲(44%)
[2026-08-08 11:18:56] [W-11] 🔧 开始处理 [raw1] vxiaov/free_proxies
[2026-08-08 11:18:56] [W-18] ⏭️ [user1] 仓库 https://github.com/vxiaov/clash_binary 34031h 未更新，跳过解析（无需追踪）
[2026-08-08 11:18:56] [W-18] ✅ 完成 [user1] vxiaov/clash_binary | 提取 0 | 新增 0 | 耗时 1s | 配额 4652/4800 03:18UTC | 主队列 79/200 发现队列 176/20000 [[raw1]:11 [user0]:55 [user1]:110] | Worker 16忙/20闲(44%)
[2026-08-08 11:18:56] [W-18] 🔧 开始处理 [user1] mahdibland/mahdibland
[2026-08-08 11:18:57] [W-5] 🌱 加入种子: Pawdroid/Free-servers (提取 624 节点)
[2026-08-08 11:18:57] [W-5] ✅ 完成 [种子仓库] Pawdroid/Free-servers [种子 3/744] | 提取 624 | 新增 187 | 耗时 56s | 配额 4652/4800 03:18UTC | 主队列 79/200 发现队列 175/20000 [[raw1]:11 [user0]:55 [user1]:109] | Worker 16忙/20闲(44%)
[2026-08-08 11:18:57] [W-5] 🔧 开始处理 [种子仓库] bruceblink/free-v2ray [种子 63/744]
[2026-08-08 11:18:57] [W-17] 仓库 https://github.com/free-nodes/v2rayfree 候选文件 1 个
[2026-08-08 11:18:58] [W-11] ⏭️ [raw1] 仓库 https://github.com/vxiaov/free_proxies 5990h 未更新，跳过解析（无需追踪）
[2026-08-08 11:18:58] [W-11] ✅ 完成 [raw1] vxiaov/free_proxies | 提取 0 | 新增 0 | 耗时 1s | 配额 4650/4800 03:18UTC | 主队列 78/200 发现队列 176/20000 [[raw1]:12 [user0]:55 [user1]:109] | Worker 17忙/19闲(47%)
[2026-08-08 11:18:58] [W-11] 🔧 开始处理 [user1] mahdibland/Selenium-Proxy-Authentication.Edge
[2026-08-08 11:18:58] [W-11] ⏭️ [user1] 仓库 https://github.com/mahdibland/Selenium-Proxy-Authentication.Edge 30319h 未更新，跳过解析（无需追踪）
[2026-08-08 11:18:58] [W-11] ✅ 完成 [user1] mahdibland/Selenium-Proxy-Authentication.Edge | 提取 0 | 新增 0 | 耗时 0s | 配额 4650/4800 03:18UTC | 主队列 78/200 发现队列 175/20000 [[raw1]:12 [user0]:55 [user1]:108] | Worker 17忙/19闲(47%)
[2026-08-08 11:18:58] [W-11] 🔧 开始处理 [user1] mahdibland/Clash-For-Windows-DNS-Leak
[2026-08-08 11:18:58] [W-11] ⏭️ [user1] 仓库 https://github.com/mahdibland/Clash-For-Windows-DNS-Leak 32610h 未更新，跳过解析（无需追踪）
[2026-08-08 11:18:58] [W-11] ✅ 完成 [user1] mahdibland/Clash-For-Windows-DNS-Leak | 提取 0 | 新增 0 | 耗时 0s | 配额 4650/4800 03:18UTC | 主队列 78/200 发现队列 174/20000 [[raw1]:12 [user0]:55 [user1]:107] | Worker 17忙/19闲(47%)
[2026-08-08 11:18:58] [W-11] 🔧 开始处理 [user1] mahdibland/Selenium-Proxy-Authentication.Chrome
[2026-08-08 11:18:58] [W-11] ⏭️ [user1] 仓库 https://github.com/mahdibland/Selenium-Proxy-Authentication.Chrome 12081h 未更新，跳过解析（无需追踪）
[2026-08-08 11:18:58] [W-11] ✅ 完成 [user1] mahdibland/Selenium-Proxy-Authentication.Chrome | 提取 0 | 新增 0 | 耗时 0s | 配额 4650/4800 03:18UTC | 主队列 78/200 发现队列 173/20000 [[raw1]:12 [user0]:55 [user1]:106] | Worker 17忙/19闲(47%)
[2026-08-08 11:18:58] [W-11] 🔧 开始处理 [user1] mahdibland/Selenium-Proxy-Authentication.Firefox
[2026-08-08 11:18:58] [W-11] ⏭️ [user1] 仓库 https://github.com/mahdibland/Selenium-Proxy-Authentication.Firefox 30319h 未更新，跳过解析（无需追踪）
[2026-08-08 11:18:58] [W-11] ✅ 完成 [user1] mahdibland/Selenium-Proxy-Authentication.Firefox | 提取 0 | 新增 0 | 耗时 0s | 配额 4650/4800 03:18UTC | 主队列 78/200 发现队列 172/20000 [[raw1]:12 [user0]:55 [user1]:105] | Worker 17忙/19闲(47%)
[2026-08-08 11:18:58] [W-11] 🔧 开始处理 [user1] mahdibland/v2rayfree
[2026-08-08 11:18:58] [W-8] ⏭️ [user1] 仓库 https://github.com/vxiaov/images 25388h 未更新，跳过解析（无需追踪）
[2026-08-08 11:18:58] [W-8] ✅ 完成 [user1] vxiaov/images | 提取 0 | 新增 0 | 耗时 2s | 配额 4649/4800 03:18UTC | 主队列 78/200 发现队列 171/20000 [[raw1]:12 [user0]:55 [user1]:104] | Worker 17忙/19闲(47%)
[2026-08-08 11:18:58] [W-8] 🔧 开始处理 [user1] mahdibland/serverless-dns
[2026-08-08 11:18:58] [W-8] ⏭️ [user1] 仓库 https://github.com/mahdibland/serverless-dns 6761h 未更新，跳过解析（无需追踪）
[2026-08-08 11:18:58] [W-8] ✅ 完成 [user1] mahdibland/serverless-dns | 提取 0 | 新增 0 | 耗时 0s | 配额 4649/4800 03:18UTC | 主队列 78/200 发现队列 170/20000 [[raw1]:12 [user0]:55 [user1]:103] | Worker 17忙/19闲(47%)
[2026-08-08 11:18:58] [W-8] 🔧 开始处理 [user1] mahdibland/nekoray
[2026-08-08 11:18:58] [W-8] ⏭️ [user1] 仓库 https://github.com/mahdibland/nekoray 32128h 未更新，跳过解析（无需追踪）
[2026-08-08 11:18:58] [W-8] ✅ 完成 [user1] mahdibland/nekoray | 提取 0 | 新增 0 | 耗时 0s | 配额 4649/4800 03:18UTC | 主队列 78/200 发现队列 169/20000 [[raw1]:12 [user0]:55 [user1]:102] | Worker 17忙/19闲(47%)
[2026-08-08 11:18:58] [W-8] 🔧 开始处理 [user1] mahdibland/subconverter
[2026-08-08 11:18:58] [W-8] ⏭️ [user1] 仓库 https://github.com/mahdibland/subconverter 32851h 未更新，跳过解析（无需追踪）
[2026-08-08 11:18:58] [W-8] ✅ 完成 [user1] mahdibland/subconverter | 提取 0 | 新增 0 | 耗时 0s | 配额 4649/4800 03:18UTC | 主队列 78/200 发现队列 168/20000 [[raw1]:12 [user0]:55 [user1]:101] | Worker 17忙/19闲(47%)
[2026-08-08 11:18:58] [W-8] 🔧 开始处理 [user1] mahdibland/LiteSpeedTest
[2026-08-08 11:18:58] [W-9] 📦 Partial Clone: 74 个文件（零 API 配额）
[2026-08-08 11:18:58] [W-18] ⚠️ [user1] 仓库 https://github.com/mahdibland/mahdibland 大小为 0，跳过
[2026-08-08 11:18:58] [W-18] ✅ 完成 [user1] mahdibland/mahdibland | 提取 0 | 新增 0 | 耗时 2s | 配额 4648/4800 03:18UTC | 主队列 78/200 发现队列 167/20000 [[raw1]:12 [user0]:55 [user1]:100] | Worker 16忙/20闲(44%)
[2026-08-08 11:18:58] [W-18] 🔧 开始处理 [user1] mahdibland/streamlink
[2026-08-08 11:18:58] [W-18] ⏭️ [user1] 仓库 https://github.com/mahdibland/streamlink 42329h 未更新，跳过解析（无需追踪）
[2026-08-08 11:18:58] [W-18] ✅ 完成 [user1] mahdibland/streamlink | 提取 0 | 新增 0 | 耗时 0s | 配额 4648/4800 03:18UTC | 主队列 78/200 发现队列 166/20000 [[raw1]:12 [user0]:55 [user1]:99] | Worker 16忙/20闲(44%)
[2026-08-08 11:18:58] [W-18] 🔧 开始处理 [user1] mahdibland/Live-Charts
[2026-08-08 11:18:58] [W-5] ⏭️ [种子仓库] 仓库 https://github.com/bruceblink/free-v2ray 9003h 未更新，跳过解析（无需追踪）
[2026-08-08 11:18:58] [W-5] ✅ 完成 [种子仓库] bruceblink/free-v2ray [种子 63/744] | 提取 0 | 新增 0 | 耗时 2s | 配额 4647/4800 03:18UTC | 主队列 78/200 发现队列 165/20000 [[raw1]:12 [user0]:55 [user1]:98] | Worker 16忙/20闲(44%)
[2026-08-08 11:18:59] [W-5] 🔧 开始处理 [user1] mahdibland/Discord.NET-Template
[2026-08-08 11:18:59] [W-6] 仓库 https://github.com/MetaCubeX/meta-rules-dat 无候选文件 (总计 16 blob, 扩展名过滤 5, processed_shas 跳过 0, SHA 缓存跳过 11)
[2026-08-08 11:18:59] [W-6] ✅ 完成 [user1] MetaCubeX/meta-rules-dat | 提取 0 | 新增 0 | 耗时 21s | 配额 4647/4800 03:18UTC | 主队列 78/200 发现队列 164/20000 [[raw1]:12 [user0]:55 [user1]:97] | Worker 16忙/20闲(44%)
[2026-08-08 11:18:59] [W-6] 🔧 开始处理 [种子仓库] alanbobs999/TopFreeProxies [种子 64/744]
[2026-08-08 11:19:00] 📊 [03:18 UTC] 运行 62s
[2026-08-08 11:19:00]    CPU: 100% (负载 6.58/2核) | 内存: 10% (1.5/15.6GB) | 磁盘: 86.9/144GB 可用
[2026-08-08 11:19:00]    网络近60s: 总下载 0.30GB | 平均 5.42MB/s | 峰值 13.36MB/s
[2026-08-08 11:19:00]    API: 4647/4800 | 放行 157/分钟 | raw 114文件/11.8MB | clone 38仓库/1099文件
[2026-08-08 11:19:00]    进度: 种子 141/744 | 关键词 - | Code -
[2026-08-08 11:19:00]    主队列 77/200 发现队列 164/20000 [[raw1]:12 [user0]:55 [user1]:97] | Worker 17忙/19闲(47%)
[2026-08-08 11:19:00]    Worker: 16忙/20闲(44%) | W-0 PartialClone Raad63/v2ray-configs-sub-5(62s) | W-1 空闲(23s) | W-2 PartialClone mahdibland/ShadowsocksAggregator(56s) | W-3 PartialClone Airuop/cross(57s) | W-4 PartialClone cysk003/Epodonios-v2ray-configs(56s) | W-5 处理 [user1] mahdibland/Discord.NET-Template(-0s) | W-6 处理 [种子仓库] alanbobs999/TopFreeProxies(-1s) | W-7 空闲(36s) | W-8 处理 [user1] mahdibland/LiteSpeedTest(0s) | W-9 空闲(0s) | W-10 PartialClone Aethersailor/SubConverter-Extended(57s) | W-11 处理 [user1] mahdibland/v2rayfree(1s) | W-12 PartialClone Leon406/SubCrawler(53s) | W-13 空闲(31s) | W-14 空闲(26s) | W-15 PartialClone mahdibland/SSAggregator(53s) | W-16 空闲(5s) | W-17 空闲(10s) | W-18 处理 [user1] mahdibland/Live-Charts(0s) | W-19 空闲(32s) | W-20 空闲(41s) | W-21 空闲(23s) | W-22 PartialClone chaoduzj/pac2(41s) | W-23 空闲(23s) | W-24 PartialClone ninjastrikers/nexus-nodes(56s) | W-25 空闲(41s) | W-26 PartialClone cysk003/yebekhe-TVC(57s) | W-27 空闲(19s) | W-28 空闲(38s) | W-29 空闲(7s) | W-30 空闲(4s) | W-31 PartialClone chaoduzj/aggregator(56s) | W-32 PartialClone wenxig/zero-path(30s) | W-33 空闲(10s) | W-34 空闲(3s) | W-35 空闲(31s)
[2026-08-08 11:19:00] [W-12] 📦 Partial Clone: 75 个文件（零 API 配额）
[2026-08-08 11:19:00] [W-5] ⏭️ [user1] 仓库 https://github.com/mahdibland/Discord.NET-Template 50630h 未更新，跳过解析（无需追踪）
[2026-08-08 11:19:00] [W-5] ✅ 完成 [user1] mahdibland/Discord.NET-Template | 提取 0 | 新增 0 | 耗时 1s | 配额 4646/4800 03:19UTC | 主队列 77/200 发现队列 164/20000 [[raw1]:12 [user0]:55 [user1]:97] | Worker 16忙/20闲(44%)
[2026-08-08 11:19:00] [W-5] 🔧 开始处理 [user1] mahdibland/axios
[2026-08-08 11:19:01] [W-18] ⏭️ [user1] 仓库 https://github.com/mahdibland/Live-Charts 53805h 未更新，跳过解析（无需追踪）
[2026-08-08 11:19:01] [W-18] ✅ 完成 [user1] mahdibland/Live-Charts | 提取 0 | 新增 0 | 耗时 2s | 配额 4645/4800 03:19UTC | 主队列 77/200 发现队列 163/20000 [[raw1]:12 [user0]:55 [user1]:96] | Worker 16忙/20闲(44%)
[2026-08-08 11:19:01] [W-11] ⏭️ [user1] 仓库 https://github.com/mahdibland/v2rayfree 33686h 未更新，跳过解析（无需追踪）
[2026-08-08 11:19:01] [W-11] ✅ 完成 [user1] mahdibland/v2rayfree | 提取 0 | 新增 0 | 耗时 3s | 配额 4644/4800 03:19UTC | 主队列 77/200 发现队列 162/20000 [[raw1]:12 [user0]:55 [user1]:95] | Worker 15忙/21闲(41%)
[2026-08-08 11:19:01] [W-11] 🔧 开始处理 [种子仓库] wrfree/free [种子 65/744]
[2026-08-08 11:19:01] [W-18] 🔧 开始处理 [user1] mahdibland/openbullet
[2026-08-08 11:19:01] [W-18] ⏭️ [user1] 仓库 https://github.com/mahdibland/openbullet 39998h 未更新，跳过解析（无需追踪）
[2026-08-08 11:19:01] [W-18] ✅ 完成 [user1] mahdibland/openbullet | 提取 0 | 新增 0 | 耗时 0s | 配额 4644/4800 03:19UTC | 主队列 76/200 发现队列 162/20000 [[raw1]:12 [user0]:55 [user1]:95] | Worker 16忙/20闲(44%)
[2026-08-08 11:19:01] [W-18] 🔧 开始处理 [user1] mahdibland/examples
[2026-08-08 11:19:02] [W-8] ⏭️ [user1] 仓库 https://github.com/mahdibland/LiteSpeedTest 33802h 未更新，跳过解析（无需追踪）
[2026-08-08 11:19:02] [W-8] ✅ 完成 [user1] mahdibland/LiteSpeedTest | 提取 0 | 新增 0 | 耗时 3s | 配额 4643/4800 03:19UTC | 主队列 76/200 发现队列 161/20000 [[raw1]:12 [user0]:55 [user1]:94] | Worker 16忙/20闲(44%)
[2026-08-08 11:19:02] [W-8] 🔧 开始处理 [种子仓库] learnhard-cn/free_proxy_ss [种子 66/744]
[2026-08-08 11:19:02] repo info (alanbobs999/TopFreeProxies) 返回 403 (尝试 1/2)
[2026-08-08 11:19:02] repo info (alanbobs999/TopFreeProxies) 403（访问被拒，配额剩余 4722），跳过
[2026-08-08 11:19:02] [W-6] [种子仓库] 仓库 https://github.com/alanbobs999/TopFreeProxies (分支: main, size: -1KB, pushed: )
[2026-08-08 11:19:02] [W-11] ⏭️ [种子仓库] 仓库 https://github.com/wrfree/free 33699h 未更新，跳过解析（无需追踪）
[2026-08-08 11:19:02] [W-11] ✅ 完成 [种子仓库] wrfree/free [种子 65/744] | 提取 0 | 新增 0 | 耗时 2s | 配额 4641/4800 03:19UTC | 主队列 75/200 发现队列 161/20000 [[raw1]:12 [user0]:55 [user1]:94] | Worker 16忙/20闲(44%)
[2026-08-08 11:19:02] [W-11] 🔧 开始处理 [user1] mahdibland/FreeCodeVps.txt
[2026-08-08 11:19:03] [W-33] 仓库 https://github.com/V2RayRoot/V2RayConfig 无候选文件 (总计 19 blob, 扩展名过滤 2, processed_shas 跳过 0, SHA 缓存跳过 17)
[2026-08-08 11:19:03] [W-33] ✅ 完成 [种子仓库] V2RayRoot/V2RayConfig [种子 55/744] | 提取 0 | 新增 0 | 耗时 26s | 配额 4641/4800 03:19UTC | 主队列 75/200 发现队列 160/20000 [[raw1]:12 [user0]:55 [user1]:93] | Worker 16忙/20闲(44%)
[2026-08-08 11:19:03] [W-33] 🔧 开始处理 [种子仓库] mahsanet/MahsaFreeConfig [种子 67/744]
[2026-08-08 11:19:03] [W-18] ⏭️ [user1] 仓库 https://github.com/mahdibland/examples 33447h 未更新，跳过解析（无需追踪）
[2026-08-08 11:19:03] [W-18] ✅ 完成 [user1] mahdibland/examples | 提取 0 | 新增 0 | 耗时 2s | 配额 4640/4800 03:19UTC | 主队列 74/200 发现队列 160/20000 [[raw1]:12 [user0]:55 [user1]:93] | Worker 17忙/19闲(47%)
[2026-08-08 11:19:03] [W-18] 🔧 开始处理 [user1] mahdibland/Auth.GG-CSharp
[2026-08-08 11:19:04] [W-6] ⚠️ Partial Clone 失败: Cloning into '/tmp/pclone_6odz2et4'...
remote: Access to this repository has been disabled by GitHub staff.
remote: If you are the repository owner, you can contact support via https://support.github.
[2026-08-08 11:19:04] [W-5] ⏭️ [user1] 仓库 https://github.com/mahdibland/axios 42349h 未更新，跳过解析（无需追踪）
[2026-08-08 11:19:04] [W-5] ✅ 完成 [user1] mahdibland/axios | 提取 0 | 新增 0 | 耗时 4s | 配额 4639/4800 03:19UTC | 主队列 74/200 发现队列 159/20000 [[raw1]:12 [user0]:55 [user1]:92] | Worker 16忙/20闲(44%)
[2026-08-08 11:19:04] [W-5] 🔧 开始处理 [raw1] mahdibland/V2RayAggregator
[2026-08-08 11:19:04] [W-5] [raw1] 仓库 https://github.com/mahdibland/V2RayAggregator (分支: master, size: 4550332KB, pushed: 2026-08-08T02:43:18Z)
[2026-08-08 11:19:04] [W-6] Clone-First clone 失败，放弃（Contents 已关闭）
[2026-08-08 11:19:04] [W-6] 🔗 [种子仓库] 查子仓库: alanbobs999/TopFreeProxies
[2026-08-08 11:19:04] [W-11] ⏭️ [user1] 仓库 https://github.com/mahdibland/FreeCodeVps.txt 32972h 未更新，跳过解析（无需追踪）
[2026-08-08 11:19:04] [W-11] ✅ 完成 [user1] mahdibland/FreeCodeVps.txt | 提取 0 | 新增 0 | 耗时 2s | 配额 4638/4800 03:19UTC | 主队列 74/200 发现队列 158/20000 [[raw1]:11 [user0]:55 [user1]:92] | Worker 16忙/20闲(44%)
[2026-08-08 11:19:04] [W-11] 🔧 开始处理 [user1] 2dust/v2rayNG
[2026-08-08 11:19:04] [W-11] [user1] 仓库 https://github.com/2dust/v2rayNG (分支: master, size: 269254KB, pushed: 2026-08-08T02:51:58Z)
[2026-08-08 11:19:04] [W-21] 🌱 加入种子: ripaojiedian/freenode (提取 28 节点)
[2026-08-08 11:19:04] [W-21] ✅ 完成 [raw1] ripaojiedian/freenode | 提取 28 | 新增 0 | 耗时 37s | 配额 4638/4800 03:19UTC | 主队列 74/200 发现队列 157/20000 [[raw1]:11 [user0]:55 [user1]:91] | Worker 16忙/20闲(44%)
[2026-08-08 11:19:04] [W-21] 🔧 开始处理 [种子仓库] Ashkan-m/v2ray [种子 68/744]
[2026-08-08 11:19:05] [W-33] ⏭️ [种子仓库] 仓库 https://github.com/mahsanet/MahsaFreeConfig 主要语言 HTML，跳过
[2026-08-08 11:19:05] [W-33] ✅ 完成 [种子仓库] mahsanet/MahsaFreeConfig [种子 67/744] | 提取 0 | 新增 0 | 耗时 2s | 配额 4637/4800 03:19UTC | 主队列 73/200 发现队列 157/20000 [[raw1]:11 [user0]:55 [user1]:91] | Worker 17忙/19闲(47%)
[2026-08-08 11:19:05] [W-33] 🔧 开始处理 [user1] 2dust/clashN
[2026-08-08 11:19:05] [W-33] ⏭️ [user1] 仓库 https://github.com/2dust/clashN 18481h 未更新，跳过解析（无需追踪）
[2026-08-08 11:19:05] [W-33] ✅ 完成 [user1] 2dust/clashN | 提取 0 | 新增 0 | 耗时 0s | 配额 4637/4800 03:19UTC | 主队列 73/200 发现队列 156/20000 [[raw1]:11 [user0]:55 [user1]:90] | Worker 17忙/19闲(47%)
[2026-08-08 11:19:05] [W-33] 🔧 开始处理 [user1] 2dust/v2flyNG
[2026-08-08 11:19:05] [W-33] ⏭️ [user1] 仓库 https://github.com/2dust/v2flyNG 5732h 未更新，跳过解析（无需追踪）
[2026-08-08 11:19:05] [W-33] ✅ 完成 [user1] 2dust/v2flyNG | 提取 0 | 新增 0 | 耗时 0s | 配额 4637/4800 03:19UTC | 主队列 73/200 发现队列 155/20000 [[raw1]:11 [user0]:55 [user1]:89] | Worker 17忙/19闲(47%)
[2026-08-08 11:19:05] [W-33] 🔧 开始处理 [user1] 2dust/v2rayN-core-bin
[2026-08-08 11:19:05] [W-8] ⏭️ [种子仓库] 仓库 https://github.com/learnhard-cn/free_proxy_ss 20565h 未更新，跳过解析（无需追踪）
[2026-08-08 11:19:05] [W-8] ✅ 完成 [种子仓库] learnhard-cn/free_proxy_ss [种子 66/744] | 提取 0 | 新增 0 | 耗时 4s | 配额 4636/4800 03:19UTC | 主队列 73/200 发现队列 154/20000 [[raw1]:11 [user0]:55 [user1]:88] | Worker 17忙/19闲(47%)
[2026-08-08 11:19:05] [W-8] 🔧 开始处理 [user1] 2dust/AndroidLibV2rayLite
[2026-08-08 11:19:05] [W-8] ⏭️ [user1] 仓库 https://github.com/2dust/AndroidLibV2rayLite 120h 未更新，跳过解析（无需追踪）
[2026-08-08 11:19:05] [W-8] ✅ 完成 [user1] 2dust/AndroidLibV2rayLite | 提取 0 | 新增 0 | 耗时 0s | 配额 4636/4800 03:19UTC | 主队列 73/200 发现队列 153/20000 [[raw1]:11 [user0]:55 [user1]:87] | Worker 17忙/19闲(47%)
[2026-08-08 11:19:05] [W-8] 🔧 开始处理 [user1] 2dust/AndroidLibXrayLite
[2026-08-08 11:19:05] [W-8] ⏭️ [user1] 仓库 https://github.com/2dust/AndroidLibXrayLite 187h 未更新，跳过解析（无需追踪）
[2026-08-08 11:19:05] [W-8] ✅ 完成 [user1] 2dust/AndroidLibXrayLite | 提取 0 | 新增 0 | 耗时 0s | 配额 4636/4800 03:19UTC | 主队列 73/200 发现队列 152/20000 [[raw1]:11 [user0]:55 [user1]:86] | Worker 17忙/19闲(47%)
[2026-08-08 11:19:05] [W-8] 🔧 开始处理 [user1] 2dust/androidpackagenamelist
[2026-08-08 11:19:05] forks of alanbobs999/TopFreeProxies (p1) 返回 403 (尝试 1/2)
[2026-08-08 11:19:05] forks of alanbobs999/TopFreeProxies (p1) 403（访问被拒，配额剩余 4998），跳过
[2026-08-08 11:19:05] [W-6] 🔗 [种子仓库] 开始 Fork 链追踪 (alanbobs999/TopFreeProxies)
[2026-08-08 11:19:06] repo info (mahdibland/Auth.GG-CSharp) 返回 451 (尝试 1/2)
[2026-08-08 11:19:06] repo info (mahdibland/Auth.GG-CSharp) 错误，等待 5s 后重试...
[2026-08-08 11:19:06] [W-25] 🌱 加入种子: wenxig/free-nodes-sub (提取 875 节点)
[2026-08-08 11:19:06] [W-25] ✅ 完成 [种子仓库] wenxig/free-nodes-sub [种子 30/744] | 提取 875 | 新增 29 | 耗时 65s | 配额 4634/4800 03:19UTC | 主队列 73/200 发现队列 151/20000 [[raw1]:11 [user0]:55 [user1]:85] | Worker 17忙/19闲(47%)
[2026-08-08 11:19:06] [W-25] 🔧 开始处理 [种子仓库] Kamyar19/configMs [种子 69/744]
[2026-08-08 11:19:06] [W-34] 仓库 https://github.com/crashgfw/free-airport-nodes 候选文件 1 个
[2026-08-08 11:19:07] [W-33] ⏭️ [user1] 仓库 https://github.com/2dust/v2rayN-core-bin 已解析，跳过解析（无需追踪）
[2026-08-08 11:19:07] [W-33] ✅ 完成 [user1] 2dust/v2rayN-core-bin | 提取 0 | 新增 0 | 耗时 3s | 配额 4633/4800 03:19UTC | 主队列 72/200 发现队列 151/20000 [[raw1]:11 [user0]:55 [user1]:85] | Worker 18忙/18闲(50%)
[2026-08-08 11:19:07] [W-33] 🔧 开始处理 [user1] 2dust/D-Tools
[2026-08-08 11:19:07] [W-33] ⏭️ [user1] 仓库 https://github.com/2dust/D-Tools 13005h 未更新，跳过解析（无需追踪）
[2026-08-08 11:19:07] [W-33] ✅ 完成 [user1] 2dust/D-Tools | 提取 0 | 新增 0 | 耗时 0s | 配额 4633/4800 03:19UTC | 主队列 72/200 发现队列 150/20000 [[raw1]:11 [user0]:55 [user1]:84] | Worker 18忙/18闲(50%)
[2026-08-08 11:19:07] [W-33] 🔧 开始处理 [user1] 2dust/GlobalHotKeys
[2026-08-08 11:19:07] [W-33] ⏭️ [user1] 仓库 https://github.com/2dust/GlobalHotKeys 787h 未更新，跳过解析（无需追踪）
[2026-08-08 11:19:07] [W-33] ✅ 完成 [user1] 2dust/GlobalHotKeys | 提取 0 | 新增 0 | 耗时 0s | 配额 4633/4800 03:19UTC | 主队列 72/200 发现队列 149/20000 [[raw1]:11 [user0]:55 [user1]:83] | Worker 18忙/18闲(50%)
[2026-08-08 11:19:07] [W-33] 🔧 开始处理 [user1] 2dust/NetBridge
[2026-08-08 11:19:07] [W-33] ⏭️ [user1] 仓库 https://github.com/2dust/NetBridge 1436h 未更新，跳过解析（无需追踪）
[2026-08-08 11:19:07] [W-33] ✅ 完成 [user1] 2dust/NetBridge | 提取 0 | 新增 0 | 耗时 0s | 配额 4633/4800 03:19UTC | 主队列 72/200 发现队列 148/20000 [[raw1]:11 [user0]:55 [user1]:82] | Worker 18忙/18闲(50%)
[2026-08-08 11:19:07] [W-33] 🔧 开始处理 [user1] 2dust/ProxyBridge
[2026-08-08 11:19:08] [W-8] ⏭️ [user1] 仓库 https://github.com/2dust/androidpackagenamelist 19601h 未更新，跳过解析（无需追踪）
[2026-08-08 11:19:08] [W-8] ✅ 完成 [user1] 2dust/androidpackagenamelist | 提取 0 | 新增 0 | 耗时 2s | 配额 4632/4800 03:19UTC | 主队列 72/200 发现队列 147/20000 [[raw1]:11 [user0]:55 [user1]:81] | Worker 18忙/18闲(50%)
[2026-08-08 11:19:08] [W-8] 🔧 开始处理 [user1] 2dust/v2rayCustomRoutingList
[2026-08-08 11:19:08] repo info (alanbobs999/TopFreeProxies) 返回 403 (尝试 1/2)
[2026-08-08 11:19:08] repo info (alanbobs999/TopFreeProxies) 403（访问被拒，配额剩余 4713），跳过
[2026-08-08 11:19:08] [W-6] 👤 [种子仓库] 遍历用户仓库: alanbobs999
[2026-08-08 11:19:08] [W-21] ⏭️ [种子仓库] 仓库 https://github.com/Ashkan-m/v2ray 已解析，跳过解析（无需追踪）
[2026-08-08 11:19:08] [W-21] ✅ 完成 [种子仓库] Ashkan-m/v2ray [种子 68/744] | 提取 0 | 新增 0 | 耗时 3s | 配额 4630/4800 03:19UTC | 主队列 72/200 发现队列 146/20000 [[raw1]:11 [user0]:55 [user1]:80] | Worker 18忙/18闲(50%)
[2026-08-08 11:19:08] [W-21] 🔧 开始处理 [user1] 2dust/winget-pkgs
[2026-08-08 11:19:09] [W-25] ⏭️ [种子仓库] 仓库 https://github.com/Kamyar19/configMs 已解析，跳过解析（无需追踪）
[2026-08-08 11:19:09] [W-25] ✅ 完成 [种子仓库] Kamyar19/configMs [种子 69/744] | 提取 0 | 新增 0 | 耗时 2s | 配额 4629/4800 03:19UTC | 主队列 72/200 发现队列 145/20000 [[raw1]:11 [user0]:55 [user1]:79] | Worker 18忙/18闲(50%)
[2026-08-08 11:19:09] user repos alanbobs999 (p1) 404，跳过
[2026-08-08 11:19:09] [W-6]   用户 alanbobs999 共查 0 个仓库
[2026-08-08 11:19:09] [W-6] ✅ 完成 [种子仓库] alanbobs999/TopFreeProxies [种子 64/744] | 提取 0 | 新增 0 | 耗时 10s | 配额 4628/4800 03:19UTC | 主队列 72/200 发现队列 144/20000 [[raw1]:11 [user0]:55 [user1]:78] | Worker 17忙/19闲(47%)
[2026-08-08 11:19:09] [W-6] 🔧 开始处理 [raw1] 2dust/v2rayN
[2026-08-08 11:19:09] [W-6] ⏭️ [raw1] 仓库 https://github.com/2dust/v2rayN 已解析，跳过解析（无需追踪）
[2026-08-08 11:19:09] [W-6] ✅ 完成 [raw1] 2dust/v2rayN | 提取 0 | 新增 0 | 耗时 0s | 配额 4628/4800 03:19UTC | 主队列 72/200 发现队列 143/20000 [[raw1]:10 [user0]:55 [user1]:78] | Worker 18忙/18闲(50%)
[2026-08-08 11:19:09] [W-6] 🔧 开始处理 [raw1] Flikify/Free-Node
[2026-08-08 11:19:09] [W-6] ⏭️ [raw1] 仓库 https://github.com/Flikify/Free-Node 1582h 未更新，跳过解析（无需追踪）
[2026-08-08 11:19:09] [W-6] ✅ 完成 [raw1] Flikify/Free-Node | 提取 0 | 新增 0 | 耗时 0s | 配额 4628/4800 03:19UTC | 主队列 72/200 发现队列 142/20000 [[raw1]:9 [user0]:55 [user1]:78] | Worker 18忙/18闲(50%)
[2026-08-08 11:19:09] [W-6] 🔧 开始处理 [raw1] zieng2/wl
[2026-08-08 11:19:10] [W-33] ⏭️ [user1] 仓库 https://github.com/2dust/ProxyBridge 1719h 未更新，跳过解析（无需追踪）
[2026-08-08 11:19:10] [W-33] ✅ 完成 [user1] 2dust/ProxyBridge | 提取 0 | 新增 0 | 耗时 2s | 配额 4627/4800 03:19UTC | 主队列 72/200 发现队列 141/20000 [[raw1]:8 [user0]:55 [user1]:78] | Worker 18忙/18闲(50%)
[2026-08-08 11:19:10] [W-33] 🔧 开始处理 [user1] Pawdroid/Pawdoll
[2026-08-08 11:19:10] [W-34] ✅ 完成 [种子仓库] crashgfw/free-airport-nodes [种子 59/744] | 提取 0 | 新增 0 | 耗时 21s | 配额 4627/4800 03:19UTC | 主队列 72/200 发现队列 140/20000 [[raw1]:8 [user0]:55 [user1]:77] | Worker 18忙/18闲(50%)
[2026-08-08 11:19:10] [W-34] 🔧 开始处理 [种子仓库] junjun266/FreeProxyGo [种子 70/744]
[2026-08-08 11:19:10] [W-25] 🔧 开始处理 [user1] 2dust/sing-box-rules
[2026-08-08 11:19:10] [W-25] [user1] 仓库 https://github.com/2dust/sing-box-rules (分支: main, size: 11574KB, pushed: 2026-08-08T01:36:46Z)
[2026-08-08 11:19:10] [W-8] ⏭️ [user1] 仓库 https://github.com/2dust/v2rayCustomRoutingList 11904h 未更新，跳过解析（无需追踪）
[2026-08-08 11:19:10] [W-8] ✅ 完成 [user1] 2dust/v2rayCustomRoutingList | 提取 0 | 新增 0 | 耗时 3s | 配额 4626/4800 03:19UTC | 主队列 71/200 发现队列 140/20000 [[raw1]:8 [user0]:55 [user1]:77] | Worker 20忙/16闲(55%)
[2026-08-08 11:19:10] [W-8] 🔧 开始处理 [user1] Pawdroid/ShadowShare
[2026-08-08 11:19:11] [W-14] 🌱 加入种子: mahdibland/get_v2 (提取 31 节点)
[2026-08-08 11:19:11] [W-14] ✅ 完成 [种子仓库] mahdibland/get_v2 [种子 6/744] | 提取 31 | 新增 27 | 耗时 70s | 配额 4626/4800 03:19UTC | 主队列 71/200 发现队列 139/20000 [[raw1]:8 [user0]:55 [user1]:76] | Worker 20忙/16闲(55%)
[2026-08-08 11:19:11] [W-6] [raw1] 仓库 https://github.com/zieng2/wl (分支: main, size: 95543KB, pushed: 2026-08-08T02:59:31Z)
[2026-08-08 11:19:11] [W-14] 🔧 开始处理 [种子仓库] imalyzer/mihomo-node-checker [种子 71/744]
[2026-08-08 11:19:11] [W-33] ⏭️ [user1] 仓库 https://github.com/Pawdroid/Pawdoll 9102h 未更新，跳过解析（无需追踪）
[2026-08-08 11:19:11] [W-33] ✅ 完成 [user1] Pawdroid/Pawdoll | 提取 0 | 新增 0 | 耗时 2s | 配额 4624/4800 03:19UTC | 主队列 70/200 发现队列 139/20000 [[raw1]:8 [user0]:55 [user1]:76] | Worker 21忙/15闲(58%)
[2026-08-08 11:19:11] [W-21] ⏭️ [user1] 仓库 https://github.com/2dust/winget-pkgs 194h 未更新，跳过解析（无需追踪）
[2026-08-08 11:19:11] [W-21] ✅ 完成 [user1] 2dust/winget-pkgs | 提取 0 | 新增 0 | 耗时 3s | 配额 4623/4800 03:19UTC | 主队列 70/200 发现队列 138/20000 [[raw1]:8 [user0]:55 [user1]:75] | Worker 20忙/16闲(55%)
[2026-08-08 11:19:11] [W-21] 🔧 开始处理 [user1] Pawdroid/TadpoleVPN
[2026-08-08 11:19:12] [W-33] 🔧 开始处理 [user1] Pawdroid/shadowrocket_for_windows
[2026-08-08 11:19:12] [W-33] ⏭️ [user1] 仓库 https://github.com/Pawdroid/shadowrocket_for_windows 23613h 未更新，跳过解析（无需追踪）
[2026-08-08 11:19:12] [W-33] ✅ 完成 [user1] Pawdroid/shadowrocket_for_windows | 提取 0 | 新增 0 | 耗时 0s | 配额 4623/4800 03:19UTC | 主队列 70/200 发现队列 137/20000 [[raw1]:8 [user0]:55 [user1]:74] | Worker 21忙/15闲(58%)
[2026-08-08 11:19:12] [W-33] 🔧 开始处理 [user1] Pawdroid/FoxoVPN
[2026-08-08 11:19:12] [W-14] [种子仓库] 仓库 https://github.com/imalyzer/mihomo-node-checker (分支: main, size: 192KB, pushed: 2026-08-07T23:23:09Z)
[2026-08-08 11:19:12] [W-8] ⏭️ [user1] 仓库 https://github.com/Pawdroid/ShadowShare 29290h 未更新，跳过解析（无需追踪）
[2026-08-08 11:19:12] [W-8] ✅ 完成 [user1] Pawdroid/ShadowShare | 提取 0 | 新增 0 | 耗时 2s | 配额 4621/4800 03:19UTC | 主队列 70/200 发现队列 136/20000 [[raw1]:8 [user0]:55 [user1]:73] | Worker 21忙/15闲(58%)
[2026-08-08 11:19:12] [W-8] 🔧 开始处理 [种子仓库] lerjtl/Testfree [种子 72/744]
[2026-08-08 11:19:12] repo info (mahdibland/Auth.GG-CSharp) 返回 451 (尝试 2/2)
[2026-08-08 11:19:12] repo info (mahdibland/Auth.GG-CSharp) 错误，等待 7s 后重试...
[2026-08-08 11:19:13] [W-34] [种子仓库] 仓库 https://github.com/junjun266/FreeProxyGo (分支: main, size: 1661KB, pushed: 2026-08-08T02:00:01Z)
[2026-08-08 11:19:13] [W-33] ⏭️ [user1] 仓库 https://github.com/Pawdroid/FoxoVPN 15585h 未更新，跳过解析（无需追踪）
[2026-08-08 11:19:13] [W-33] ✅ 完成 [user1] Pawdroid/FoxoVPN | 提取 0 | 新增 0 | 耗时 1s | 配额 4618/4800 03:19UTC | 主队列 69/200 发现队列 136/20000 [[raw1]:8 [user0]:55 [user1]:73] | Worker 21忙/15闲(58%)
[2026-08-08 11:19:13] [W-33] 🔧 开始处理 [种子仓库] superokde/free-nodes [种子 73/744]
[2026-08-08 11:19:13] [W-21] ⏭️ [user1] 仓库 https://github.com/Pawdroid/TadpoleVPN 21527h 未更新，跳过解析（无需追踪）
[2026-08-08 11:19:13] [W-21] ✅ 完成 [user1] Pawdroid/TadpoleVPN | 提取 0 | 新增 0 | 耗时 2s | 配额 4617/4800 03:19UTC | 主队列 68/200 发现队列 136/20000 [[raw1]:8 [user0]:55 [user1]:73] | Worker 21忙/15闲(58%)
[2026-08-08 11:19:13] [W-21] 🔧 开始处理 [user1] Pawdroid/Pawdroid
[2026-08-08 11:19:14] [W-6] 📦 Partial Clone: 4 个文件（零 API 配额）
[2026-08-08 11:19:14] [W-8] [种子仓库] 仓库 https://github.com/lerjtl/Testfree (分支: main, size: 737KB, pushed: 2026-08-08T00:00:11Z)
[2026-08-08 11:19:15] [W-33] [种子仓库] 仓库 https://github.com/superokde/free-nodes (分支: master, size: 1118KB, pushed: 2026-08-07T16:51:42Z)
[2026-08-08 11:19:15] [W-34] 📦 Partial Clone: 2 个文件（零 API 配额）
[2026-08-08 11:19:15] [W-21] [user1] 仓库 https://github.com/Pawdroid/Pawdroid (分支: main, size: 95KB, pushed: 2026-08-08T01:18:48Z)
[2026-08-08 11:19:17] [W-8] 📦 Partial Clone: 4 个文件（零 API 配额）
[2026-08-08 11:19:18] [W-16] 仓库 https://github.com/MetaCubeX/mipstack 候选文件 1 个
[2026-08-08 11:19:18] [W-21] 📦 Partial Clone: 2 个文件（零 API 配额）
[2026-08-08 11:19:18] [W-25] 📦 Partial Clone: 15 个文件（零 API 配额）
[2026-08-08 11:19:19] [W-9] 仓库 https://github.com/ermaozi/get_subscribe 候选文件 2 个
[2026-08-08 11:19:19] repo info (mahdibland/Auth.GG-CSharp) 多次失败，已跳过
[2026-08-08 11:19:19] [W-18] ⚠️ [user1] 仓库 https://github.com/mahdibland/Auth.GG-CSharp 已禁用，跳过
[2026-08-08 11:19:19] [W-18] ✅ 完成 [user1] mahdibland/Auth.GG-CSharp | 提取 0 | 新增 0 | 耗时 17s | 配额 4614/4800 03:19UTC | 主队列 68/200 发现队列 135/20000 [[raw1]:8 [user0]:55 [user1]:72] | Worker 16忙/20闲(44%)
[2026-08-08 11:19:20] [W-18] 🔧 开始处理 [种子仓库] XHegit/FreeNodes [种子 74/744]
[2026-08-08 11:19:21] [W-29] 仓库 https://github.com/chaoduzj/V2RayAutoConfig 候选文件 81 个
[2026-08-08 11:19:21] [W-14] 📦 Partial Clone: 17 个文件（零 API 配额）
[2026-08-08 11:19:21] [W-18] ⏭️ [种子仓库] 仓库 https://github.com/XHegit/FreeNodes 已解析，跳过解析（无需追踪）
[2026-08-08 11:19:21] [W-18] ✅ 完成 [种子仓库] XHegit/FreeNodes [种子 74/744] | 提取 0 | 新增 0 | 耗时 1s | 配额 4613/4800 03:19UTC | 主队列 67/200 发现队列 135/20000 [[raw1]:8 [user0]:55 [user1]:72] | Worker 15忙/21闲(41%)
[2026-08-08 11:19:21] [W-18] 🔧 开始处理 [user1] Pawdroid/FireballVPN
[2026-08-08 11:19:21] [W-30] 仓库 https://github.com/delta-comic/awesome-plugins 候选文件 1 个
[2026-08-08 11:19:22] [W-16] ✅ 完成 [user1] MetaCubeX/mipstack | 提取 0 | 新增 0 | 耗时 50s | 配额 4613/4800 03:19UTC | 主队列 67/200 发现队列 134/20000 [[raw1]:8 [user0]:55 [user1]:71] | Worker 15忙/21闲(41%)
[2026-08-08 11:19:22] [W-16] 🔧 开始处理 [种子仓库] Yannik666/nodes [种子 75/744]
[2026-08-08 11:19:22] [W-12] 仓库 https://github.com/Leon406/SubCrawler 候选文件 5 个
[2026-08-08 11:19:23] [W-34] 仓库 https://github.com/junjun266/FreeProxyGo 候选文件 1 个
[2026-08-08 11:19:23] [W-18] ⏭️ [user1] 仓库 https://github.com/Pawdroid/FireballVPN 21184h 未更新，跳过解析（无需追踪）
[2026-08-08 11:19:23] [W-18] ✅ 完成 [user1] Pawdroid/FireballVPN | 提取 0 | 新增 0 | 耗时 2s | 配额 4612/4800 03:19UTC | 主队列 66/200 发现队列 134/20000 [[raw1]:8 [user0]:55 [user1]:71] | Worker 16忙/20闲(44%)
[2026-08-08 11:19:23] [W-18] 🔧 开始处理 [user1] Pawdroid/ACL4SSR
[2026-08-08 11:19:23] [W-16] [种子仓库] 仓库 https://github.com/Yannik666/nodes (分支: main, size: 1434865KB, pushed: 2026-08-07T18:04:07Z)
[2026-08-08 11:19:23] [W-9] 🔗 [种子仓库] 递归发现仓库 ACL4SSR/ACL4SSR (来源 https://raw.githubusercontent.com/ermaozi/get_subscribe/main/subscribe/clash.yml)
[2026-08-08 11:19:24] [W-30] ✅ 完成 [user1] delta-comic/awesome-plugins | 提取 0 | 新增 0 | 耗时 57s | 配额 4611/4800 03:19UTC | 主队列 66/200 发现队列 133/20000 [[raw1]:8 [user0]:55 [user1]:70] | Worker 16忙/20闲(44%)
[2026-08-08 11:19:24] [W-30] 🔧 开始处理 [种子仓库] wanvfx/FreeNodes [种子 76/744]
[2026-08-08 11:19:24] [W-18] ⏭️ [user1] 仓库 https://github.com/Pawdroid/ACL4SSR 27016h 未更新，跳过解析（无需追踪）
[2026-08-08 11:19:24] [W-18] ✅ 完成 [user1] Pawdroid/ACL4SSR | 提取 0 | 新增 0 | 耗时 1s | 配额 4610/4800 03:19UTC | 主队列 65/200 发现队列 133/20000 [[raw1]:8 [user0]:55 [user1]:70] | Worker 17忙/19闲(47%)
[2026-08-08 11:19:24] [W-18] 🔧 开始处理 [user1] Pawdroid/shell
[2026-08-08 11:19:24] [W-18] ⏭️ [user1] 仓库 https://github.com/Pawdroid/shell 24321h 未更新，跳过解析（无需追踪）
[2026-08-08 11:19:24] [W-18] ✅ 完成 [user1] Pawdroid/shell | 提取 0 | 新增 0 | 耗时 0s | 配额 4610/4800 03:19UTC | 主队列 65/200 发现队列 132/20000 [[raw1]:8 [user0]:55 [user1]:69] | Worker 17忙/19闲(47%)
[2026-08-08 11:19:24] [W-18] 🔧 开始处理 [user1] Pawdroid/VPNHelper
[2026-08-08 11:19:24] [W-8] 仓库 https://github.com/lerjtl/Testfree 候选文件 2 个
[2026-08-08 11:19:24] [W-21] 仓库 https://github.com/Pawdroid/Pawdroid 无候选文件 (总计 2 blob, 扩展名过滤 0, processed_shas 跳过 0, SHA 缓存跳过 2)
[2026-08-08 11:19:24] [W-21] ✅ 完成 [user1] Pawdroid/Pawdroid | 提取 0 | 新增 0 | 耗时 11s | 配额 4610/4800 03:19UTC | 主队列 65/200 发现队列 131/20000 [[raw1]:8 [user0]:55 [user1]:68] | Worker 17忙/19闲(47%)
[2026-08-08 11:19:24] [W-21] 🔧 开始处理 [种子仓库] luochen1975/FreeNodes [种子 77/744]
[2026-08-08 11:19:25] [W-33] 📦 Partial Clone: 22 个文件（零 API 配额）
[2026-08-08 11:19:25] [W-25] 仓库 https://github.com/2dust/sing-box-rules 无候选文件 (总计 15 blob, 扩展名过滤 10, processed_shas 跳过 0, SHA 缓存跳过 5)
[2026-08-08 11:19:25] [W-25] ✅ 完成 [user1] 2dust/sing-box-rules | 提取 0 | 新增 0 | 耗时 15s | 配额 4610/4800 03:19UTC | 主队列 64/200 发现队列 131/20000 [[raw1]:8 [user0]:55 [user1]:68] | Worker 17忙/19闲(47%)
[2026-08-08 11:19:25] [W-25] 🔧 开始处理 [种子仓库] yangfh158/FreeNodes [种子 78/744]
[2026-08-08 11:19:25] [W-6] 仓库 https://github.com/zieng2/wl 候选文件 2 个
[2026-08-08 11:19:25] [W-18] ⏭️ [user1] 仓库 https://github.com/Pawdroid/VPNHelper 28610h 未更新，跳过解析（无需追踪）
[2026-08-08 11:19:25] [W-18] ✅ 完成 [user1] Pawdroid/VPNHelper | 提取 0 | 新增 0 | 耗时 1s | 配额 4609/4800 03:19UTC | 主队列 63/200 发现队列 131/20000 [[raw1]:8 [user0]:55 [user1]:68] | Worker 18忙/18闲(50%)
[2026-08-08 11:19:25] [W-18] 🔧 开始处理 [user1] Pawdroid/minds
[2026-08-08 11:19:25] [W-14] 仓库 https://github.com/imalyzer/mihomo-node-checker 候选文件 4 个
[2026-08-08 11:19:26] [W-21] ⏭️ [种子仓库] 仓库 https://github.com/luochen1975/FreeNodes 已解析，跳过解析（无需追踪）
[2026-08-08 11:19:26] [W-21] ✅ 完成 [种子仓库] luochen1975/FreeNodes [种子 77/744] | 提取 0 | 新增 0 | 耗时 2s | 配额 4608/4800 03:19UTC | 主队列 63/200 发现队列 130/20000 [[raw1]:8 [user0]:55 [user1]:67] | Worker 18忙/18闲(50%)
[2026-08-08 11:19:26] [W-21] 🔧 开始处理 [user1] Pawdroid/static
[2026-08-08 11:19:26] [W-30] ⏭️ [种子仓库] 仓库 https://github.com/wanvfx/FreeNodes 已解析，跳过解析（无需追踪）
[2026-08-08 11:19:26] [W-30] ✅ 完成 [种子仓库] wanvfx/FreeNodes [种子 76/744] | 提取 0 | 新增 0 | 耗时 2s | 配额 4607/4800 03:19UTC | 主队列 63/200 发现队列 129/20000 [[raw1]:8 [user0]:55 [user1]:66] | Worker 18忙/18闲(50%)
[2026-08-08 11:19:26] [W-30] 🔧 开始处理 [user1] Pawdroid/LetsGoVPN
[2026-08-08 11:19:26] [W-25] ⏭️ [种子仓库] 仓库 https://github.com/yangfh158/FreeNodes 已解析，跳过解析（无需追踪）
[2026-08-08 11:19:26] [W-25] ✅ 完成 [种子仓库] yangfh158/FreeNodes [种子 78/744] | 提取 0 | 新增 0 | 耗时 1s | 配额 4606/4800 03:19UTC | 主队列 63/200 发现队列 128/20000 [[raw1]:8 [user0]:55 [user1]:65] | Worker 18忙/18闲(50%)
[2026-08-08 11:19:27] [W-25] 🔧 开始处理 [user1] Pawdroid/clash_flt_new
[2026-08-08 11:19:27] [W-18] ⏭️ [user1] 仓库 https://github.com/Pawdroid/minds 7002h 未更新，跳过解析（无需追踪）
[2026-08-08 11:19:27] [W-18] ✅ 完成 [user1] Pawdroid/minds | 提取 0 | 新增 0 | 耗时 2s | 配额 4604/4800 03:19UTC | 主队列 63/200 发现队列 128/20000 [[raw1]:9 [user0]:55 [user1]:64] | Worker 18忙/18闲(50%)
[2026-08-08 11:19:27] [W-18] 🔧 开始处理 [user1] Pawdroid/jsbox-cli
[2026-08-08 11:19:28] [W-30] ⏭️ [user1] 仓库 https://github.com/Pawdroid/LetsGoVPN 19690h 未更新，跳过解析（无需追踪）
[2026-08-08 11:19:28] [W-30] ✅ 完成 [user1] Pawdroid/LetsGoVPN | 提取 0 | 新增 0 | 耗时 2s | 配额 4603/4800 03:19UTC | 主队列 63/200 发现队列 127/20000 [[raw1]:9 [user0]:55 [user1]:63] | Worker 18忙/18闲(50%)
[2026-08-08 11:19:28] [W-30] 🔧 开始处理 [raw1] Pawdroid/shadowrocket_for_android
[2026-08-08 11:19:28] [W-21] ⏭️ [user1] 仓库 https://github.com/Pawdroid/static 18016h 未更新，跳过解析（无需追踪）
[2026-08-08 11:19:28] [W-21] ✅ 完成 [user1] Pawdroid/static | 提取 0 | 新增 0 | 耗时 2s | 配额 4602/4800 03:19UTC | 主队列 63/200 发现队列 126/20000 [[raw1]:8 [user0]:55 [user1]:63] | Worker 18忙/18闲(50%)
[2026-08-08 11:19:28] [W-21] 🔧 开始处理 [raw1] iampedii/whitedns-sub
[2026-08-08 11:19:28] [W-25] ⏭️ [user1] 仓库 https://github.com/Pawdroid/clash_flt_new 22031h 未更新，跳过解析（无需追踪）
[2026-08-08 11:19:28] [W-25] ✅ 完成 [user1] Pawdroid/clash_flt_new | 提取 0 | 新增 0 | 耗时 2s | 配额 4601/4800 03:19UTC | 主队列 63/200 发现队列 125/20000 [[raw1]:7 [user0]:55 [user1]:63] | Worker 18忙/18闲(50%)
[2026-08-08 11:19:28] [W-25] 🔧 开始处理 [user1] jiangxufeng/CitiCup
[2026-08-08 11:19:28] [W-25] ⏭️ [user1] 仓库 https://github.com/jiangxufeng/CitiCup 32137h 未更新，跳过解析（无需追踪）
[2026-08-08 11:19:28] [W-25] ✅ 完成 [user1] jiangxufeng/CitiCup | 提取 0 | 新增 0 | 耗时 0s | 配额 4601/4800 03:19UTC | 主队列 63/200 发现队列 124/20000 [[raw1]:7 [user0]:55 [user1]:62] | Worker 18忙/18闲(50%)
[2026-08-08 11:19:28] [W-25] 🔧 开始处理 [user1] jiangxufeng/beego-admin
[2026-08-08 11:19:28] [W-25] ⏭️ [user1] 仓库 https://github.com/jiangxufeng/beego-admin 主要语言 HTML，跳过
[2026-08-08 11:19:28] [W-25] ✅ 完成 [user1] jiangxufeng/beego-admin | 提取 0 | 新增 0 | 耗时 0s | 配额 4601/4800 03:19UTC | 主队列 63/200 发现队列 123/20000 [[raw1]:7 [user0]:55 [user1]:61] | Worker 18忙/18闲(50%)
[2026-08-08 11:19:28] [W-25] 🔧 开始处理 [user1] jiangxufeng/build-web-application-with-golang
[2026-08-08 11:19:28] [W-25] ⏭️ [user1] 仓库 https://github.com/jiangxufeng/build-web-application-with-golang 65100h 未更新，跳过解析（无需追踪）
[2026-08-08 11:19:28] [W-25] ✅ 完成 [user1] jiangxufeng/build-web-application-with-golang | 提取 0 | 新增 0 | 耗时 0s | 配额 4601/4800 03:19UTC | 主队列 63/200 发现队列 122/20000 [[raw1]:7 [user0]:55 [user1]:60] | Worker 18忙/18闲(50%)
[2026-08-08 11:19:28] [W-25] 🔧 开始处理 [user1] jiangxufeng/hanmu
[2026-08-08 11:19:28] [W-25] ⏭️ [user1] 仓库 https://github.com/jiangxufeng/hanmu 32138h 未更新，跳过解析（无需追踪）
[2026-08-08 11:19:28] [W-25] ✅ 完成 [user1] jiangxufeng/hanmu | 提取 0 | 新增 0 | 耗时 0s | 配额 4601/4800 03:19UTC | 主队列 63/200 发现队列 121/20000 [[raw1]:7 [user0]:55 [user1]:59] | Worker 18忙/18闲(50%)
[2026-08-08 11:19:28] [W-25] 🔧 开始处理 [user1] jiangxufeng/wxh
[2026-08-08 11:19:28] [W-25] ⏭️ [user1] 仓库 https://github.com/jiangxufeng/wxh 主要语言 HTML，跳过
[2026-08-08 11:19:28] [W-25] ✅ 完成 [user1] jiangxufeng/wxh | 提取 0 | 新增 0 | 耗时 0s | 配额 4601/4800 03:19UTC | 主队列 63/200 发现队列 120/20000 [[raw1]:7 [user0]:55 [user1]:58] | Worker 18忙/18闲(50%)
[2026-08-08 11:19:28] [W-25] 🔧 开始处理 [raw1] jiangxufeng/v2rayL
[2026-08-08 11:19:28] [W-25] ⏭️ [raw1] 仓库 https://github.com/jiangxufeng/v2rayL 30858h 未更新，跳过解析（无需追踪）
[2026-08-08 11:19:28] [W-25] ✅ 完成 [raw1] jiangxufeng/v2rayL | 提取 0 | 新增 0 | 耗时 0s | 配额 4601/4800 03:19UTC | 主队列 63/200 发现队列 119/20000 [[raw1]:6 [user0]:55 [user1]:58] | Worker 18忙/18闲(50%)
[2026-08-08 11:19:28] [W-25] 🔧 开始处理 [user1] Qv2ray/QvPlugin-SS
[2026-08-08 11:19:28] [W-25] ⏭️ [user1] 仓库 https://github.com/Qv2ray/QvPlugin-SS 43606h 未更新，跳过解析（无需追踪）
[2026-08-08 11:19:28] [W-25] ✅ 完成 [user1] Qv2ray/QvPlugin-SS | 提取 0 | 新增 0 | 耗时 0s | 配额 4601/4800 03:19UTC | 主队列 63/200 发现队列 118/20000 [[raw1]:6 [user0]:55 [user1]:57] | Worker 18忙/18闲(50%)
[2026-08-08 11:19:28] [W-25] 🔧 开始处理 [user1] Qv2ray/QvPlugin-Trojan
[2026-08-08 11:19:28] [W-25] ⏭️ [user1] 仓库 https://github.com/Qv2ray/QvPlugin-Trojan 43606h 未更新，跳过解析（无需追踪）
[2026-08-08 11:19:28] [W-25] ✅ 完成 [user1] Qv2ray/QvPlugin-Trojan | 提取 0 | 新增 0 | 耗时 0s | 配额 4601/4800 03:19UTC | 主队列 63/200 发现队列 117/20000 [[raw1]:6 [user0]:55 [user1]:56] | Worker 18忙/18闲(50%)
[2026-08-08 11:19:28] [W-18] ⏭️ [user1] 仓库 https://github.com/Pawdroid/jsbox-cli 37506h 未更新，跳过解析（无需追踪）
[2026-08-08 11:19:28] [W-18] ✅ 完成 [user1] Pawdroid/jsbox-cli | 提取 0 | 新增 0 | 耗时 2s | 配额 4600/4800 03:19UTC | 主队列 63/200 发现队列 116/20000 [[raw1]:6 [user0]:55 [user1]:55] | Worker 17忙/19闲(47%)
[2026-08-08 11:19:28] [W-18] 🔧 开始处理 [user1] Qv2ray/QvPlugin-NaiveProxy
[2026-08-08 11:19:28] [W-18] ⏭️ [user1] 仓库 https://github.com/Qv2ray/QvPlugin-NaiveProxy 43606h 未更新，跳过解析（无需追踪）
[2026-08-08 11:19:28] [W-18] ✅ 完成 [user1] Qv2ray/QvPlugin-NaiveProxy | 提取 0 | 新增 0 | 耗时 0s | 配额 4600/4800 03:19UTC | 主队列 63/200 发现队列 115/20000 [[raw1]:6 [user0]:55 [user1]:54] | Worker 17忙/19闲(47%)
[2026-08-08 11:19:28] [W-18] 🔧 开始处理 [user1] Qv2ray/v2ray-rust
[2026-08-08 11:19:28] [W-18] ⏭️ [user1] 仓库 https://github.com/Qv2ray/v2ray-rust 20937h 未更新，跳过解析（无需追踪）
[2026-08-08 11:19:28] [W-18] ✅ 完成 [user1] Qv2ray/v2ray-rust | 提取 0 | 新增 0 | 耗时 0s | 配额 4600/4800 03:19UTC | 主队列 63/200 发现队列 114/20000 [[raw1]:6 [user0]:55 [user1]:53] | Worker 17忙/19闲(47%)
[2026-08-08 11:19:28] [W-18] 🔧 开始处理 [user1] Qv2ray/QvPlugin-Trojan-Go
[2026-08-08 11:19:28] [W-18] ⏭️ [user1] 仓库 https://github.com/Qv2ray/QvPlugin-Trojan-Go 43606h 未更新，跳过解析（无需追踪）
[2026-08-08 11:19:28] [W-18] ✅ 完成 [user1] Qv2ray/QvPlugin-Trojan-Go | 提取 0 | 新增 0 | 耗时 0s | 配额 4600/4800 03:19UTC | 主队列 63/200 发现队列 113/20000 [[raw1]:6 [user0]:55 [user1]:52] | Worker 17忙/19闲(47%)
[2026-08-08 11:19:28] [W-18] 🔧 开始处理 [user1] Qv2ray/mmp-go
[2026-08-08 11:19:28] [W-18] ⏭️ [user1] 仓库 https://github.com/Qv2ray/mmp-go 28479h 未更新，跳过解析（无需追踪）
[2026-08-08 11:19:28] [W-18] ✅ 完成 [user1] Qv2ray/mmp-go | 提取 0 | 新增 0 | 耗时 0s | 配额 4600/4800 03:19UTC | 主队列 63/200 发现队列 112/20000 [[raw1]:6 [user0]:55 [user1]:51] | Worker 17忙/19闲(47%)
[2026-08-08 11:19:28] [W-18] 🔧 开始处理 [user1] Qv2ray/QvPlugin-Template
[2026-08-08 11:19:28] [W-18] ⏭️ [user1] 仓库 https://github.com/Qv2ray/QvPlugin-Template 49524h 未更新，跳过解析（无需追踪）
[2026-08-08 11:19:28] [W-18] ✅ 完成 [user1] Qv2ray/QvPlugin-Template | 提取 0 | 新增 0 | 耗时 0s | 配额 4600/4800 03:19UTC | 主队列 63/200 发现队列 111/20000 [[raw1]:6 [user0]:55 [user1]:50] | Worker 17忙/19闲(47%)
[2026-08-08 11:19:28] [W-18] 🔧 开始处理 [user1] Qv2ray/qv2ray.github.io
[2026-08-08 11:19:28] [W-25] 🔧 开始处理 [user1] Qv2ray/QvPlugin-SSR
[2026-08-08 11:19:28] [W-25] ⏭️ [user1] 仓库 https://github.com/Qv2ray/QvPlugin-SSR 43606h 未更新，跳过解析（无需追踪）
[2026-08-08 11:19:28] [W-25] ✅ 完成 [user1] Qv2ray/QvPlugin-SSR | 提取 0 | 新增 0 | 耗时 0s | 配额 4600/4800 03:19UTC | 主队列 63/200 发现队列 110/20000 [[raw1]:6 [user0]:55 [user1]:49] | Worker 18忙/18闲(50%)
[2026-08-08 11:19:28] [W-25] 🔧 开始处理 [user1] Qv2ray/Deprecation-Notice
[2026-08-08 11:19:29] [W-34] 🌱 加入种子: junjun266/FreeProxyGo (提取 5 节点)
[2026-08-08 11:19:29] [W-34] ✅ 完成 [种子仓库] junjun266/FreeProxyGo [种子 70/744] | 提取 5 | 新增 4 | 耗时 19s | 配额 4600/4800 03:19UTC | 主队列 63/200 发现队列 109/20000 [[raw1]:6 [user0]:55 [user1]:48] | Worker 18忙/18闲(50%)
[2026-08-08 11:19:29] [W-34] 🔧 开始处理 [种子仓库] chengege666/FreeNodes [种子 79/744]
[2026-08-08 11:19:29] [W-30] ⏭️ [raw1] 仓库 https://github.com/Pawdroid/shadowrocket_for_android 1985h 未更新，跳过解析（无需追踪）
[2026-08-08 11:19:29] [W-30] ✅ 完成 [raw1] Pawdroid/shadowrocket_for_android | 提取 0 | 新增 0 | 耗时 1s | 配额 4599/4800 03:19UTC | 主队列 62/200 发现队列 109/20000 [[raw1]:6 [user0]:55 [user1]:48] | Worker 19忙/17闲(52%)
[2026-08-08 11:19:29] [W-30] 🔧 开始处理 [user1] Qv2ray/gun
[2026-08-08 11:19:29] [W-30] ⏭️ [user1] 仓库 https://github.com/Qv2ray/gun 36229h 未更新，跳过解析（无需追踪）
[2026-08-08 11:19:29] [W-30] ✅ 完成 [user1] Qv2ray/gun | 提取 0 | 新增 0 | 耗时 0s | 配额 4599/4800 03:19UTC | 主队列 62/200 发现队列 108/20000 [[raw1]:6 [user0]:55 [user1]:47] | Worker 19忙/17闲(52%)
[2026-08-08 11:19:29] [W-30] 🔧 开始处理 [user1] Qv2ray/QvPlugin-Command
[2026-08-08 11:19:29] [W-30] ⏭️ [user1] 仓库 https://github.com/Qv2ray/QvPlugin-Command 43606h 未更新，跳过解析（无需追踪）
[2026-08-08 11:19:29] [W-30] ✅ 完成 [user1] Qv2ray/QvPlugin-Command | 提取 0 | 新增 0 | 耗时 0s | 配额 4599/4800 03:19UTC | 主队列 62/200 发现队列 107/20000 [[raw1]:6 [user0]:55 [user1]:46] | Worker 19忙/17闲(52%)
[2026-08-08 11:19:29] [W-30] 🔧 开始处理 [user1] Qv2ray/mochi
[2026-08-08 11:19:29] [W-30] ⏭️ [user1] 仓库 https://github.com/Qv2ray/mochi 10153h 未更新，跳过解析（无需追踪）
[2026-08-08 11:19:29] [W-30] ✅ 完成 [user1] Qv2ray/mochi | 提取 0 | 新增 0 | 耗时 0s | 配额 4599/4800 03:19UTC | 主队列 62/200 发现队列 106/20000 [[raw1]:6 [user0]:55 [user1]:45] | Worker 19忙/17闲(52%)
[2026-08-08 11:19:29] [W-30] 🔧 开始处理 [user1] Qv2ray/shadowboom-paper
[2026-08-08 11:19:29] [W-21] [raw1] 仓库 https://github.com/iampedii/whitedns-sub (分支: main, size: 10833KB, pushed: 2026-08-07T23:00:07Z)
[2026-08-08 11:19:30] [W-9] 🌱 加入种子: ermaozi/get_subscribe (提取 51 节点)
[2026-08-08 11:19:30] [W-9] ✅ 完成 [种子仓库] ermaozi/get_subscribe [种子 49/744] | 提取 51 | 新增 6 | 耗时 67s | 配额 4598/4800 03:19UTC | 主队列 62/200 发现队列 105/20000 [[raw1]:6 [user0]:55 [user1]:44] | Worker 19忙/17闲(52%)
[2026-08-08 11:19:30] [W-9] 🔧 开始处理 [种子仓库] gwcctv/FreeNodes [种子 80/744]
[2026-08-08 11:19:30] [W-25] ⏭️ [user1] 仓库 https://github.com/Qv2ray/Deprecation-Notice 43605h 未更新，跳过解析（无需追踪）
[2026-08-08 11:19:30] [W-25] ✅ 完成 [user1] Qv2ray/Deprecation-Notice | 提取 0 | 新增 0 | 耗时 2s | 配额 4597/4800 03:19UTC | 主队列 61/200 发现队列 105/20000 [[raw1]:6 [user0]:55 [user1]:44] | Worker 20忙/16闲(55%)
[2026-08-08 11:19:30] [W-25] 🔧 开始处理 [user1] Qv2ray/rc4md5cry
[2026-08-08 11:19:30] [W-25] ⏭️ [user1] 仓库 https://github.com/Qv2ray/rc4md5cry 43863h 未更新，跳过解析（无需追踪）
[2026-08-08 11:19:30] [W-25] ✅ 完成 [user1] Qv2ray/rc4md5cry | 提取 0 | 新增 0 | 耗时 0s | 配额 4597/4800 03:19UTC | 主队列 61/200 发现队列 104/20000 [[raw1]:6 [user0]:55 [user1]:43] | Worker 20忙/16闲(55%)
[2026-08-08 11:19:30] [W-25] 🔧 开始处理 [user1] Qv2ray/shadowsocksr-uvw
[2026-08-08 11:19:30] [W-25] ⏭️ [user1] 仓库 https://github.com/Qv2ray/shadowsocksr-uvw 46644h 未更新，跳过解析（无需追踪）
[2026-08-08 11:19:30] [W-25] ✅ 完成 [user1] Qv2ray/shadowsocksr-uvw | 提取 0 | 新增 0 | 耗时 0s | 配额 4597/4800 03:19UTC | 主队列 61/200 发现队列 103/20000 [[raw1]:6 [user0]:55 [user1]:42] | Worker 20忙/16闲(55%)
[2026-08-08 11:19:30] [W-25] 🔧 开始处理 [user1] Qv2ray/Plugin-Windows-Toolbar
[2026-08-08 11:19:30] [W-25] ⏭️ [user1] 仓库 https://github.com/Qv2ray/Plugin-Windows-Toolbar 57432h 未更新，跳过解析（无需追踪）
[2026-08-08 11:19:30] [W-25] ✅ 完成 [user1] Qv2ray/Plugin-Windows-Toolbar | 提取 0 | 新增 0 | 耗时 0s | 配额 4597/4800 03:19UTC | 主队列 61/200 发现队列 102/20000 [[raw1]:6 [user0]:55 [user1]:41] | Worker 20忙/16闲(55%)
[2026-08-08 11:19:30] [W-25] 🔧 开始处理 [user1] Qv2ray/debian
[2026-08-08 11:19:30] [W-18] ⏭️ [user1] 仓库 https://github.com/Qv2ray/qv2ray.github.io 30006h 未更新，跳过解析（无需追踪）
[2026-08-08 11:19:30] [W-18] ✅ 完成 [user1] Qv2ray/qv2ray.github.io | 提取 0 | 新增 0 | 耗时 2s | 配额 4596/4800 03:19UTC | 主队列 61/200 发现队列 101/20000 [[raw1]:6 [user0]:55 [user1]:40] | Worker 20忙/16闲(55%)
[2026-08-08 11:19:30] [W-18] 🔧 开始处理 [种子仓库] HakurouKen/free-node [种子 81/744]
[2026-08-08 11:19:30] [W-30] ⚠️ [user1] 仓库 https://github.com/Qv2ray/shadowboom-paper 大小为 0，跳过
[2026-08-08 11:19:30] [W-30] ✅ 完成 [user1] Qv2ray/shadowboom-paper | 提取 0 | 新增 0 | 耗时 1s | 配额 4595/4800 03:19UTC | 主队列 60/200 发现队列 101/20000 [[raw1]:6 [user0]:55 [user1]:40] | Worker 20忙/16闲(55%)
[2026-08-08 11:19:30] [W-30] 🔧 开始处理 [user1] Qv2ray/QNodeEditor
[2026-08-08 11:19:30] [W-30] ⏭️ [user1] 仓库 https://github.com/Qv2ray/QNodeEditor 48781h 未更新，跳过解析（无需追踪）
[2026-08-08 11:19:30] [W-30] ✅ 完成 [user1] Qv2ray/QNodeEditor | 提取 0 | 新增 0 | 耗时 0s | 配额 4595/4800 03:19UTC | 主队列 60/200 发现队列 100/20000 [[raw1]:6 [user0]:55 [user1]:39] | Worker 20忙/16闲(55%)
[2026-08-08 11:19:30] [W-30] 🔧 开始处理 [user1] Qv2ray/debian-dev
[2026-08-08 11:19:30] [W-35] 🌱 加入种子: peasoft/NoMoreWalls (提取 705 节点)
[2026-08-08 11:19:30] [W-35] ✅ 完成 [种子仓库] peasoft/NoMoreWalls [种子 28/744] | 提取 705 | 新增 96 | 耗时 89s | 配额 4595/4800 03:19UTC | 主队列 60/200 发现队列 99/20000 [[raw1]:6 [user0]:55 [user1]:38] | Worker 20忙/16闲(55%)
[2026-08-08 11:19:31] [W-35] 🔧 开始处理 [种子仓库] PENZA84/free-node [种子 82/744]
[2026-08-08 11:19:31] [W-28] 🌱 加入种子: sclyxcn/v2ray-reaper (提取 7622 节点)
[2026-08-08 11:19:31] [W-28] ✅ 完成 [种子仓库] sclyxcn/v2ray-reaper [种子 32/744] | 提取 7622 | 新增 1171 | 耗时 89s | 配额 4595/4800 03:19UTC | 主队列 59/200 发现队列 99/20000 [[raw1]:6 [user0]:55 [user1]:38] | Worker 21忙/15闲(58%)
[2026-08-08 11:19:31] [W-28] 🔧 开始处理 [种子仓库] soufranciscoescola-png/Criar-fonte-TTF---BR---draw-your-font [种子 83/744]
[2026-08-08 11:19:31] [W-20] 🌱 加入种子: aiboboxx/v2rayfree (提取 2618 节点)
[2026-08-08 11:19:31] [W-20] ✅ 完成 [种子仓库] aiboboxx/v2rayfree [种子 24/744] | 提取 2618 | 新增 717 | 耗时 90s | 配额 4595/4800 03:19UTC | 主队列 58/200 发现队列 99/20000 [[raw1]:6 [user0]:55 [user1]:38] | Worker 22忙/14闲(61%)
[2026-08-08 11:19:31] [W-20] 🔧 开始处理 [种子仓库] cheryomukhin/draw-your-font [种子 84/744]
[2026-08-08 11:19:31] [W-8] 🌱 加入种子: lerjtl/Testfree (提取 40 节点)
[2026-08-08 11:19:31] [W-8] ✅ 完成 [种子仓库] lerjtl/Testfree [种子 72/744] | 提取 40 | 新增 0 | 耗时 19s | 配额 4595/4800 03:19UTC | 主队列 57/200 发现队列 99/20000 [[raw1]:6 [user0]:55 [user1]:38] | Worker 23忙/13闲(63%)
[2026-08-08 11:19:31] [W-8] 🔧 开始处理 [种子仓库] dhiaeddine-ayh/draw-your-font [种子 85/744]
[2026-08-08 11:19:31] [W-34] ⏭️ [种子仓库] 仓库 https://github.com/chengege666/FreeNodes 已解析，跳过解析（无需追踪）
[2026-08-08 11:19:31] [W-34] ✅ 完成 [种子仓库] chengege666/FreeNodes [种子 79/744] | 提取 0 | 新增 0 | 耗时 3s | 配额 4594/4800 03:19UTC | 主队列 56/200 发现队列 99/20000 [[raw1]:6 [user0]:55 [user1]:38] | Worker 24忙/12闲(66%)
[2026-08-08 11:19:31] [W-34] 🔧 开始处理 [user1] Qv2ray/mmp-rs
[2026-08-08 11:19:31] [W-34] ⏭️ [user1] 仓库 https://github.com/Qv2ray/mmp-rs 49822h 未更新，跳过解析（无需追踪）
[2026-08-08 11:19:31] [W-34] ✅ 完成 [user1] Qv2ray/mmp-rs | 提取 0 | 新增 0 | 耗时 0s | 配额 4594/4800 03:19UTC | 主队列 56/200 发现队列 98/20000 [[raw1]:6 [user0]:55 [user1]:37] | Worker 24忙/12闲(66%)
[2026-08-08 11:19:31] [W-34] 🔧 开始处理 [user1] Qv2ray/gugu-tutorial
[2026-08-08 11:19:31] [W-18] [种子仓库] 仓库 https://github.com/HakurouKen/free-node (分支: main, size: 25394KB, pushed: 2026-08-08T00:23:04Z)
[2026-08-08 11:19:31] [W-9] ⏭️ [种子仓库] 仓库 https://github.com/gwcctv/FreeNodes 已解析，跳过解析（无需追踪）
[2026-08-08 11:19:31] [W-9] ✅ 完成 [种子仓库] gwcctv/FreeNodes [种子 80/744] | 提取 0 | 新增 0 | 耗时 1s | 配额 4592/4800 03:19UTC | 主队列 56/200 发现队列 97/20000 [[raw1]:6 [user0]:55 [user1]:36] | Worker 24忙/12闲(66%)
[2026-08-08 11:19:31] [W-9] 🔧 开始处理 [user1] Qv2ray/QvTodoBot
[2026-08-08 11:19:31] [W-9] ⏭️ [user1] 仓库 https://github.com/Qv2ray/QvTodoBot 30651h 未更新，跳过解析（无需追踪）
[2026-08-08 11:19:31] [W-9] ✅ 完成 [user1] Qv2ray/QvTodoBot | 提取 0 | 新增 0 | 耗时 0s | 配额 4592/4800 03:19UTC | 主队列 56/200 发现队列 96/20000 [[raw1]:6 [user0]:55 [user1]:35] | Worker 24忙/12闲(66%)
[2026-08-08 11:19:31] [W-9] 🔧 开始处理 [user1] Qv2ray/backward-cpp
[2026-08-08 11:19:31] [W-9] ⏭️ [user1] 仓库 https://github.com/Qv2ray/backward-cpp 52580h 未更新，跳过解析（无需追踪）
[2026-08-08 11:19:31] [W-9] ✅ 完成 [user1] Qv2ray/backward-cpp | 提取 0 | 新增 0 | 耗时 0s | 配额 4592/4800 03:19UTC | 主队列 56/200 发现队列 95/20000 [[raw1]:6 [user0]:55 [user1]:34] | Worker 24忙/12闲(66%)
[2026-08-08 11:19:31] [W-9] 🔧 开始处理 [user1] Qv2ray/gun-lite
[2026-08-08 11:19:31] [W-9] ⏭️ [user1] 仓库 https://github.com/Qv2ray/gun-lite 38985h 未更新，跳过解析（无需追踪）
[2026-08-08 11:19:31] [W-9] ✅ 完成 [user1] Qv2ray/gun-lite | 提取 0 | 新增 0 | 耗时 0s | 配额 4592/4800 03:19UTC | 主队列 56/200 发现队列 94/20000 [[raw1]:6 [user0]:55 [user1]:33] | Worker 24忙/12闲(66%)
[2026-08-08 11:19:31] [W-9] 🔧 开始处理 [user1] Qv2ray/trojan
[2026-08-08 11:19:31] [W-9] ⏭️ [user1] 仓库 https://github.com/Qv2ray/trojan 55249h 未更新，跳过解析（无需追踪）
[2026-08-08 11:19:31] [W-9] ✅ 完成 [user1] Qv2ray/trojan | 提取 0 | 新增 0 | 耗时 0s | 配额 4592/4800 03:19UTC | 主队列 56/200 发现队列 93/20000 [[raw1]:6 [user0]:55 [user1]:32] | Worker 24忙/12闲(66%)
[2026-08-08 11:19:31] [W-9] 🔧 开始处理 [user1] Qv2ray/shadowsocks-uvw
[2026-08-08 11:19:31] [W-9] ⏭️ [user1] 仓库 https://github.com/Qv2ray/shadowsocks-uvw 46644h 未更新，跳过解析（无需追踪）
[2026-08-08 11:19:31] [W-9] ✅ 完成 [user1] Qv2ray/shadowsocks-uvw | 提取 0 | 新增 0 | 耗时 0s | 配额 4592/4800 03:19UTC | 主队列 56/200 发现队列 92/20000 [[raw1]:6 [user0]:55 [user1]:31] | Worker 24忙/12闲(66%)
[2026-08-08 11:19:31] [W-9] 🔧 开始处理 [user1] Qv2ray/QvPlugin-Interface
[2026-08-08 11:19:31] [W-9] ⏭️ [user1] 仓库 https://github.com/Qv2ray/QvPlugin-Interface 35527h 未更新，跳过解析（无需追踪）
[2026-08-08 11:19:31] [W-9] ✅ 完成 [user1] Qv2ray/QvPlugin-Interface | 提取 0 | 新增 0 | 耗时 0s | 配额 4592/4800 03:19UTC | 主队列 56/200 发现队列 91/20000 [[raw1]:6 [user0]:55 [user1]:30] | Worker 24忙/12闲(66%)
[2026-08-08 11:19:31] [W-9] 🔧 开始处理 [user1] Qv2ray/QJsonStruct
[2026-08-08 11:19:31] [W-9] ⏭️ [user1] 仓库 https://github.com/Qv2ray/QJsonStruct 46380h 未更新，跳过解析（无需追踪）
[2026-08-08 11:19:31] [W-9] ✅ 完成 [user1] Qv2ray/QJsonStruct | 提取 0 | 新增 0 | 耗时 0s | 配额 4592/4800 03:19UTC | 主队列 56/200 发现队列 90/20000 [[raw1]:6 [user0]:55 [user1]:29] | Worker 24忙/12闲(66%)
[2026-08-08 11:19:31] [W-9] 🔧 开始处理 [raw1] Qv2ray/Qv2ray
[2026-08-08 11:19:31] [W-9] ⏭️ [raw1] 仓库 https://github.com/Qv2ray/Qv2ray 6827h 未更新，跳过解析（无需追踪）
[2026-08-08 11:19:31] [W-9] ✅ 完成 [raw1] Qv2ray/Qv2ray | 提取 0 | 新增 0 | 耗时 0s | 配额 4592/4800 03:19UTC | 主队列 56/200 发现队列 89/20000 [[raw1]:5 [user0]:55 [user1]:29] | Worker 24忙/12闲(66%)
[2026-08-08 11:19:31] [W-9] 🔧 开始处理 [raw1] masir-sefid/Sub
[2026-08-08 11:19:32] [W-30] ⏭️ [user1] 仓库 https://github.com/Qv2ray/debian-dev 18579h 未更新，跳过解析（无需追踪）
[2026-08-08 11:19:32] [W-30] ✅ 完成 [user1] Qv2ray/debian-dev | 提取 0 | 新增 0 | 耗时 1s | 配额 4591/4800 03:19UTC | 主队列 56/200 发现队列 88/20000 [[raw1]:4 [user0]:55 [user1]:29] | Worker 24忙/12闲(66%)
[2026-08-08 11:19:32] [W-30] 🔧 开始处理 [raw1] therealaleph/Iran-configs
[2026-08-08 11:19:32] [W-35] ⏭️ [种子仓库] 仓库 https://github.com/PENZA84/free-node 205h 未更新，跳过解析（无需追踪）
[2026-08-08 11:19:32] [W-35] ✅ 完成 [种子仓库] PENZA84/free-node [种子 82/744] | 提取 0 | 新增 0 | 耗时 1s | 配额 4590/4800 03:19UTC | 主队列 56/200 发现队列 87/20000 [[raw1]:3 [user0]:55 [user1]:29] | Worker 24忙/12闲(66%)
[2026-08-08 11:19:32] [W-35] 🔧 开始处理 [user1] ALIILAPRO/Proxy
[2026-08-08 11:19:32] [W-35] [user1] 仓库 https://github.com/ALIILAPRO/Proxy (分支: main, size: 1800466KB, pushed: 2026-08-08T03:00:36Z)
[2026-08-08 11:19:32] [W-33] 仓库 https://github.com/superokde/free-nodes 候选文件 4 个
[2026-08-08 11:19:32] [W-25] ⏭️ [user1] 仓库 https://github.com/Qv2ray/debian 28531h 未更新，跳过解析（无需追踪）
[2026-08-08 11:19:32] [W-25] ✅ 完成 [user1] Qv2ray/debian | 提取 0 | 新增 0 | 耗时 2s | 配额 4589/4800 03:19UTC | 主队列 56/200 发现队列 86/20000 [[raw1]:3 [user0]:55 [user1]:28] | Worker 24忙/12闲(66%)
[2026-08-08 11:19:32] [W-21] 📦 Partial Clone: 3 个文件（零 API 配额）
[2026-08-08 11:19:32] [W-25] 🔧 开始处理 [user1] ALIILAPRO/MTProtoProxy
[2026-08-08 11:19:32] [W-25] ⏭️ [user1] 仓库 https://github.com/ALIILAPRO/MTProtoProxy 主要语言 HTML，跳过
[2026-08-08 11:19:32] [W-25] ✅ 完成 [user1] ALIILAPRO/MTProtoProxy | 提取 0 | 新增 0 | 耗时 0s | 配额 4589/4800 03:19UTC | 主队列 56/200 发现队列 85/20000 [[raw1]:3 [user0]:55 [user1]:27] | Worker 23忙/13闲(63%)
[2026-08-08 11:19:32] [W-25] 🔧 开始处理 [user1] ALIILAPRO/Printer-Management
[2026-08-08 11:19:32] [W-25] ⏭️ [user1] 仓库 https://github.com/ALIILAPRO/Printer-Management 16781h 未更新，跳过解析（无需追踪）
[2026-08-08 11:19:32] [W-25] ✅ 完成 [user1] ALIILAPRO/Printer-Management | 提取 0 | 新增 0 | 耗时 0s | 配额 4589/4800 03:19UTC | 主队列 56/200 发现队列 84/20000 [[raw1]:3 [user0]:55 [user1]:26] | Worker 23忙/13闲(63%)
[2026-08-08 11:19:32] [W-25] 🔧 开始处理 [user1] ALIILAPRO/dns-changer
[2026-08-08 11:19:32] [W-25] ⏭️ [user1] 仓库 https://github.com/ALIILAPRO/dns-changer 6990h 未更新，跳过解析（无需追踪）
[2026-08-08 11:19:32] [W-25] ✅ 完成 [user1] ALIILAPRO/dns-changer | 提取 0 | 新增 0 | 耗时 0s | 配额 4589/4800 03:19UTC | 主队列 56/200 发现队列 83/20000 [[raw1]:3 [user0]:55 [user1]:25] | Worker 23忙/13闲(63%)
[2026-08-08 11:19:32] [W-25] 🔧 开始处理 [user1] ALIILAPRO/warp-plus-cloudflare
[2026-08-08 11:19:32] [W-25] ⚠️ [user1] 仓库 https://github.com/ALIILAPRO/warp-plus-cloudflare 已禁用，跳过
[2026-08-08 11:19:32] [W-25] ✅ 完成 [user1] ALIILAPRO/warp-plus-cloudflare | 提取 0 | 新增 0 | 耗时 0s | 配额 4589/4800 03:19UTC | 主队列 56/200 发现队列 82/20000 [[raw1]:3 [user0]:55 [user1]:24] | Worker 23忙/13闲(63%)
[2026-08-08 11:19:32] [W-25] 🔧 开始处理 [user1] ALIILAPRO/MegaLeak
[2026-08-08 11:19:32] [W-25] ⏭️ [user1] 仓库 https://github.com/ALIILAPRO/MegaLeak 26570h 未更新，跳过解析（无需追踪）
[2026-08-08 11:19:32] [W-25] ✅ 完成 [user1] ALIILAPRO/MegaLeak | 提取 0 | 新增 0 | 耗时 0s | 配额 4589/4800 03:19UTC | 主队列 56/200 发现队列 81/20000 [[raw1]:3 [user0]:55 [user1]:23] | Worker 23忙/13闲(63%)
[2026-08-08 11:19:32] [W-25] 🔧 开始处理 [user1] ALIILAPRO/BinChecker
[2026-08-08 11:19:32] [W-25] ⏭️ [user1] 仓库 https://github.com/ALIILAPRO/BinChecker 60060h 未更新，跳过解析（无需追踪）
[2026-08-08 11:19:32] [W-25] ✅ 完成 [user1] ALIILAPRO/BinChecker | 提取 0 | 新增 0 | 耗时 0s | 配额 4589/4800 03:19UTC | 主队列 56/200 发现队列 80/20000 [[raw1]:3 [user0]:55 [user1]:22] | Worker 23忙/13闲(63%)
[2026-08-08 11:19:32] [W-25] 🔧 开始处理 [user1] ALIILAPRO/Combo-Tools
[2026-08-08 11:19:32] [W-25] ⏭️ [user1] 仓库 https://github.com/ALIILAPRO/Combo-Tools 59055h 未更新，跳过解析（无需追踪）
[2026-08-08 11:19:32] [W-25] ✅ 完成 [user1] ALIILAPRO/Combo-Tools | 提取 0 | 新增 0 | 耗时 0s | 配额 4589/4800 03:19UTC | 主队列 56/200 发现队列 79/20000 [[raw1]:3 [user0]:55 [user1]:21] | Worker 23忙/13闲(63%)
[2026-08-08 11:19:32] [W-25] 🔧 开始处理 [user1] ALIILAPRO/Remove.Bg
[2026-08-08 11:19:32] [W-25] ⏭️ [user1] 仓库 https://github.com/ALIILAPRO/Remove.Bg 59991h 未更新，跳过解析（无需追踪）
[2026-08-08 11:19:32] [W-25] ✅ 完成 [user1] ALIILAPRO/Remove.Bg | 提取 0 | 新增 0 | 耗时 0s | 配额 4589/4800 03:19UTC | 主队列 56/200 发现队列 78/20000 [[raw1]:3 [user0]:55 [user1]:20] | Worker 23忙/13闲(63%)
[2026-08-08 11:19:32] [W-25] 🔧 开始处理 [user1] ALIILAPRO/megabox
[2026-08-08 11:19:32] [W-25] ⏭️ [user1] 仓库 https://github.com/ALIILAPRO/megabox 54207h 未更新，跳过解析（无需追踪）
[2026-08-08 11:19:32] [W-25] ✅ 完成 [user1] ALIILAPRO/megabox | 提取 0 | 新增 0 | 耗时 0s | 配额 4589/4800 03:19UTC | 主队列 56/200 发现队列 77/20000 [[raw1]:3 [user0]:55 [user1]:19] | Worker 23忙/13闲(63%)
[2026-08-08 11:19:32] [W-25] 🔧 开始处理 [user1] ALIILAPRO/icondownloader
[2026-08-08 11:19:33] [W-28] ⏭️ [种子仓库] 仓库 https://github.com/soufranciscoescola-png/Criar-fonte-TTF---BR---draw-your-font 279h 未更新，跳过解析（无需追踪）
[2026-08-08 11:19:33] [W-28] ✅ 完成 [种子仓库] soufranciscoescola-png/Criar-fonte-TTF---BR---draw-your-font [种子 83/744] | 提取 0 | 新增 0 | 耗时 2s | 配额 4588/4800 03:19UTC | 主队列 56/200 发现队列 76/20000 [[raw1]:3 [user0]:55 [user1]:18] | Worker 23忙/13闲(63%)
[2026-08-08 11:19:33] [W-28] 🔧 开始处理 [user1] ALIILAPRO/bypassnet
[2026-08-08 11:19:33] [W-28] ⏭️ [user1] 仓库 https://github.com/ALIILAPRO/bypassnet 52378h 未更新，跳过解析（无需追踪）
[2026-08-08 11:19:33] [W-28] ✅ 完成 [user1] ALIILAPRO/bypassnet | 提取 0 | 新增 0 | 耗时 0s | 配额 4588/4800 03:19UTC | 主队列 56/200 发现队列 75/20000 [[raw1]:3 [user0]:55 [user1]:17] | Worker 23忙/13闲(63%)
[2026-08-08 11:19:33] [W-28] 🔧 开始处理 [user1] ALIILAPRO/travelling-salesman-problem-with-genetic-and-simulated-annealing-and-hill-climbing
[2026-08-08 11:19:33] [W-28] ⏭️ [user1] 仓库 https://github.com/ALIILAPRO/travelling-salesman-problem-with-genetic-and-simulated-annealing-and-hill-climbing 40471h 未更新，跳过解析（无需追踪）
[2026-08-08 11:19:33] [W-28] ✅ 完成 [user1] ALIILAPRO/travelling-salesman-problem-with-genetic-and-simulated-annealing-and-hill-climbing | 提取 0 | 新增 0 | 耗时 0s | 配额 4588/4800 03:19UTC | 主队列 56/200 发现队列 74/20000 [[raw1]:3 [user0]:55 [user1]:16] | Worker 23忙/13闲(63%)
[2026-08-08 11:19:33] [W-28] 🔧 开始处理 [user1] ALIILAPRO/color-picker
[2026-08-08 11:19:33] [W-30] ⏭️ [raw1] 仓库 https://github.com/therealaleph/Iran-configs 1578h 未更新，跳过解析（无需追踪）
[2026-08-08 11:19:33] [W-30] ✅ 完成 [raw1] therealaleph/Iran-configs | 提取 0 | 新增 0 | 耗时 1s | 配额 4587/4800 03:19UTC | 主队列 56/200 发现队列 73/20000 [[raw1]:3 [user0]:55 [user1]:15] | Worker 23忙/13闲(63%)
[2026-08-08 11:19:33] [W-30] 🔧 开始处理 [user1] ALIILAPRO/spotify-account-creator
[2026-08-08 11:19:33] [W-30] ⏭️ [user1] 仓库 https://github.com/ALIILAPRO/spotify-account-creator 35342h 未更新，跳过解析（无需追踪）
[2026-08-08 11:19:33] [W-30] ✅ 完成 [user1] ALIILAPRO/spotify-account-creator | 提取 0 | 新增 0 | 耗时 0s | 配额 4587/4800 03:19UTC | 主队列 56/200 发现队列 72/20000 [[raw1]:3 [user0]:55 [user1]:14] | Worker 23忙/13闲(63%)
[2026-08-08 11:19:33] [W-30] 🔧 开始处理 [user1] ALIILAPRO/WebHook-Tool
[2026-08-08 11:19:33] [W-30] ⏭️ [user1] 仓库 https://github.com/ALIILAPRO/WebHook-Tool 31626h 未更新，跳过解析（无需追踪）
[2026-08-08 11:19:33] [W-30] ✅ 完成 [user1] ALIILAPRO/WebHook-Tool | 提取 0 | 新增 0 | 耗时 0s | 配额 4587/4800 03:19UTC | 主队列 56/200 发现队列 71/20000 [[raw1]:3 [user0]:55 [user1]:13] | Worker 23忙/13闲(63%)
[2026-08-08 11:19:33] [W-30] 🔧 开始处理 [user1] ALIILAPRO/Browser-Downloader
[2026-08-08 11:19:33] [W-30] ⏭️ [user1] 仓库 https://github.com/ALIILAPRO/Browser-Downloader 30339h 未更新，跳过解析（无需追踪）
[2026-08-08 11:19:33] [W-30] ✅ 完成 [user1] ALIILAPRO/Browser-Downloader | 提取 0 | 新增 0 | 耗时 0s | 配额 4587/4800 03:19UTC | 主队列 56/200 发现队列 70/20000 [[raw1]:3 [user0]:55 [user1]:12] | Worker 23忙/13闲(63%)
[2026-08-08 11:19:33] [W-30] 🔧 开始处理 [user1] ALIILAPRO/Wallpaper-Downloader
[2026-08-08 11:19:33] [W-30] ⏭️ [user1] 仓库 https://github.com/ALIILAPRO/Wallpaper-Downloader 30291h 未更新，跳过解析（无需追踪）
[2026-08-08 11:19:33] [W-30] ✅ 完成 [user1] ALIILAPRO/Wallpaper-Downloader | 提取 0 | 新增 0 | 耗时 0s | 配额 4587/4800 03:19UTC | 主队列 56/200 发现队列 69/20000 [[raw1]:3 [user0]:55 [user1]:11] | Worker 23忙/13闲(63%)
[2026-08-08 11:19:33] [W-30] 🔧 开始处理 [user1] ALIILAPRO/Music-Album
[2026-08-08 11:19:33] [W-30] ⏭️ [user1] 仓库 https://github.com/ALIILAPRO/Music-Album 30063h 未更新，跳过解析（无需追踪）
[2026-08-08 11:19:33] [W-30] ✅ 完成 [user1] ALIILAPRO/Music-Album | 提取 0 | 新增 0 | 耗时 0s | 配额 4587/4800 03:19UTC | 主队列 56/200 发现队列 68/20000 [[raw1]:3 [user0]:55 [user1]:10] | Worker 23忙/13闲(63%)
[2026-08-08 11:19:33] [W-30] 🔧 开始处理 [user1] ALIILAPRO/Base64-Client-Credentials-Encoder
[2026-08-08 11:19:33] [W-30] ⏭️ [user1] 仓库 https://github.com/ALIILAPRO/Base64-Client-Credentials-Encoder 29415h 未更新，跳过解析（无需追踪）
[2026-08-08 11:19:33] [W-30] ✅ 完成 [user1] ALIILAPRO/Base64-Client-Credentials-Encoder | 提取 0 | 新增 0 | 耗时 0s | 配额 4587/4800 03:19UTC | 主队列 56/200 发现队列 67/20000 [[raw1]:3 [user0]:55 [user1]:9] | Worker 23忙/13闲(63%)
[2026-08-08 11:19:33] [W-30] 🔧 开始处理 [user1] ALIILAPRO/Top10-Spotify
[2026-08-08 11:19:33] [W-30] ⏭️ [user1] 仓库 https://github.com/ALIILAPRO/Top10-Spotify 29253h 未更新，跳过解析（无需追踪）
[2026-08-08 11:19:33] [W-30] ✅ 完成 [user1] ALIILAPRO/Top10-Spotify | 提取 0 | 新增 0 | 耗时 0s | 配额 4587/4800 03:19UTC | 主队列 56/200 发现队列 66/20000 [[raw1]:3 [user0]:55 [user1]:8] | Worker 23忙/13闲(63%)
[2026-08-08 11:19:33] [W-30] 🔧 开始处理 [user1] ALIILAPRO/Android-Tool
[2026-08-08 11:19:33] [W-12] 📦 批次 0001 已持久化: /home/runner/work/test-college/test-college/batches/no_batch_0001.txt (5005 个节点, 累计 5035 个) | 主队列 56/200 发现队列 65/20000 [[raw1]:3 [user0]:55 [user1]:7] | Worker 23忙/13闲(63%)
[2026-08-08 11:19:33] [W-8] ⏭️ [种子仓库] 仓库 https://github.com/dhiaeddine-ayh/draw-your-font 279h 未更新，跳过解析（无需追踪）
[2026-08-08 11:19:33] [W-8] ✅ 完成 [种子仓库] dhiaeddine-ayh/draw-your-font [种子 85/744] | 提取 0 | 新增 0 | 耗时 2s | 配额 4586/4800 03:19UTC | 主队列 56/200 发现队列 65/20000 [[raw1]:3 [user0]:55 [user1]:7] | Worker 23忙/13闲(63%)
[2026-08-08 11:19:33] [W-8] 🔧 开始处理 [user1] ALIILAPRO/DNS-Server-Switcher
[2026-08-08 11:19:33] [W-8] ⏭️ [user1] 仓库 https://github.com/ALIILAPRO/DNS-Server-Switcher 29019h 未更新，跳过解析（无需追踪）
[2026-08-08 11:19:33] [W-8] ✅ 完成 [user1] ALIILAPRO/DNS-Server-Switcher | 提取 0 | 新增 0 | 耗时 0s | 配额 4586/4800 03:19UTC | 主队列 56/200 发现队列 64/20000 [[raw1]:3 [user0]:55 [user1]:6] | Worker 23忙/13闲(63%)
[2026-08-08 11:19:33] [W-8] 🔧 开始处理 [user1] ALIILAPRO/wallpaper
[2026-08-08 11:19:33] [W-20] ⏭️ [种子仓库] 仓库 https://github.com/cheryomukhin/draw-your-font 279h 未更新，跳过解析（无需追踪）
[2026-08-08 11:19:33] [W-20] ✅ 完成 [种子仓库] cheryomukhin/draw-your-font [种子 84/744] | 提取 0 | 新增 0 | 耗时 2s | 配额 4585/4800 03:19UTC | 主队列 56/200 发现队列 63/20000 [[raw1]:3 [user0]:55 [user1]:5] | Worker 23忙/13闲(63%)
[2026-08-08 11:19:33] [W-20] 🔧 开始处理 [user1] ALIILAPRO/Batch-File-Sorter
[2026-08-08 11:19:33] [W-20] ⏭️ [user1] 仓库 https://github.com/ALIILAPRO/Batch-File-Sorter 27738h 未更新，跳过解析（无需追踪）
[2026-08-08 11:19:33] [W-20] ✅ 完成 [user1] ALIILAPRO/Batch-File-Sorter | 提取 0 | 新增 0 | 耗时 0s | 配额 4585/4800 03:19UTC | 主队列 56/200 发现队列 62/20000 [[raw1]:3 [user0]:55 [user1]:4] | Worker 23忙/13闲(63%)
[2026-08-08 11:19:33] [W-20] 🔧 开始处理 [user1] ALIILAPRO/RandomBG
[2026-08-08 11:19:33] [W-20] ⏭️ [user1] 仓库 https://github.com/ALIILAPRO/RandomBG 27326h 未更新，跳过解析（无需追踪）
[2026-08-08 11:19:33] [W-20] ✅ 完成 [user1] ALIILAPRO/RandomBG | 提取 0 | 新增 0 | 耗时 0s | 配额 4585/4800 03:19UTC | 主队列 56/200 发现队列 61/20000 [[raw1]:3 [user0]:55 [user1]:3] | Worker 23忙/13闲(63%)
[2026-08-08 11:19:33] [W-25] ⏭️ [user1] 仓库 https://github.com/ALIILAPRO/icondownloader 52767h 未更新，跳过解析（无需追踪）
[2026-08-08 11:19:33] [W-25] ✅ 完成 [user1] ALIILAPRO/icondownloader | 提取 0 | 新增 0 | 耗时 0s | 配额 4585/4800 03:19UTC | 主队列 56/200 发现队列 60/20000 [[raw1]:3 [user0]:55 [user1]:2] | Worker 22忙/14闲(61%)
[2026-08-08 11:19:33] [W-25] 🔧 开始处理 [user1] ALIILAPRO/ProxyGrabber
[2026-08-08 11:19:33] [W-25] ⏭️ [user1] 仓库 https://github.com/ALIILAPRO/ProxyGrabber 26406h 未更新，跳过解析（无需追踪）
[2026-08-08 11:19:33] [W-25] ✅ 完成 [user1] ALIILAPRO/ProxyGrabber | 提取 0 | 新增 0 | 耗时 0s | 配额 4585/4800 03:19UTC | 主队列 56/200 发现队列 59/20000 [[raw1]:3 [user0]:55 [user1]:1] | Worker 22忙/14闲(61%)
[2026-08-08 11:19:33] [W-25] 🔧 开始处理 [user1] ALIILAPRO/Tikdan
[2026-08-08 11:19:33] [W-25] ⏭️ [user1] 仓库 https://github.com/ALIILAPRO/Tikdan 26317h 未更新，跳过解析（无需追踪）
[2026-08-08 11:19:33] [W-25] ✅ 完成 [user1] ALIILAPRO/Tikdan | 提取 0 | 新增 0 | 耗时 0s | 配额 4585/4800 03:19UTC | 主队列 56/200 发现队列 58/20000 [[raw1]:3 [user0]:55] | Worker 22忙/14闲(61%)
[2026-08-08 11:19:33] [W-25] 🔧 开始处理 [raw1] ALIILAPRO/v2rayNG-Config
[2026-08-08 11:19:33] [W-25] ⏭️ [raw1] 仓库 https://github.com/ALIILAPRO/v2rayNG-Config 主要语言 HTML，跳过
[2026-08-08 11:19:33] [W-25] ✅ 完成 [raw1] ALIILAPRO/v2rayNG-Config | 提取 0 | 新增 0 | 耗时 0s | 配额 4585/4800 03:19UTC | 主队列 56/200 发现队列 57/20000 [[raw1]:2 [user0]:55] | Worker 22忙/14闲(61%)
[2026-08-08 11:19:33] [W-25] 🔧 开始处理 [raw1] Chocolate4U/Iran-clash-rules
[2026-08-08 11:19:33] [W-25] ⏭️ [raw1] 仓库 https://github.com/Chocolate4U/Iran-clash-rules 已解析，跳过解析（无需追踪）
[2026-08-08 11:19:33] [W-25] ✅ 完成 [raw1] Chocolate4U/Iran-clash-rules | 提取 0 | 新增 0 | 耗时 0s | 配额 4585/4800 03:19UTC | 主队列 56/200 发现队列 56/20000 [[raw1]:1 [user0]:55] | Worker 22忙/14闲(61%)
[2026-08-08 11:19:33] [W-25] 🔧 开始处理 [raw1] ACL4SSR/ACL4SSR
[2026-08-08 11:19:33] [W-25] ⏭️ [raw1] 仓库 https://github.com/ACL4SSR/ACL4SSR 已解析，跳过解析（无需追踪）
[2026-08-08 11:19:33] [W-25] ✅ 完成 [raw1] ACL4SSR/ACL4SSR | 提取 0 | 新增 0 | 耗时 0s | 配额 4585/4800 03:19UTC | 主队列 56/200 发现队列 55/20000 [[user0]:55] | Worker 22忙/14闲(61%)
[2026-08-08 11:19:33] [W-25] 🔧 开始处理 [user0] peasoft/opengfw
[2026-08-08 11:19:33] [W-20] 🔧 开始处理 [user1] ALIILAPRO/cloudflare-gui-warp
[2026-08-08 11:19:33] [W-20] ⏭️ [user1] 仓库 https://github.com/ALIILAPRO/cloudflare-gui-warp 26432h 未更新，跳过解析（无需追踪）
[2026-08-08 11:19:33] [W-20] ✅ 完成 [user1] ALIILAPRO/cloudflare-gui-warp | 提取 0 | 新增 0 | 耗时 0s | 配额 4585/4800 03:19UTC | 主队列 56/200 发现队列 54/20000 [[user0]:54] | Worker 23忙/13闲(63%)
[2026-08-08 11:19:33] [W-20] 🔧 开始处理 [user0] peasoft/demo
[2026-08-08 11:19:33] [W-34] ⏭️ [user1] 仓库 https://github.com/Qv2ray/gugu-tutorial 60830h 未更新，跳过解析（无需追踪）
[2026-08-08 11:19:33] [W-34] ✅ 完成 [user1] Qv2ray/gugu-tutorial | 提取 0 | 新增 0 | 耗时 2s | 配额 4584/4800 03:19UTC | 主队列 56/200 发现队列 53/20000 [[user0]:53] | Worker 23忙/13闲(63%)
[2026-08-08 11:19:33] [W-9] ⏭️ [raw1] 仓库 https://github.com/masir-sefid/Sub 1345h 未更新，跳过解析（无需追踪）
[2026-08-08 11:19:33] [W-9] ✅ 完成 [raw1] masir-sefid/Sub | 提取 0 | 新增 0 | 耗时 2s | 配额 4583/4800 03:19UTC | 主队列 56/200 发现队列 52/20000 [[user0]:52] | Worker 22忙/14闲(61%)
[2026-08-08 11:19:33] [W-9] 🔧 开始处理 [user0] peasoft/super
[2026-08-08 11:19:33] [W-9] ⏭️ [user0] 仓库 https://github.com/peasoft/super 1212h 未更新，跳过解析（需追踪）
[2026-08-08 11:19:33] [W-9] 🔗 [user0] 查子仓库: peasoft/super
[2026-08-08 11:19:33] [W-34] 🔧 开始处理 [user0] peasoft/JustUninstall
[2026-08-08 11:19:33] [W-34] ⏭️ [user0] 仓库 https://github.com/peasoft/JustUninstall 17605h 未更新，跳过解析（需追踪）
[2026-08-08 11:19:33] [W-34] 🔗 [user0] 查子仓库: peasoft/JustUninstall
[2026-08-08 11:19:33] [W-19] 🌱 加入种子: cysk003/NoMoreWalls (提取 705 节点)
[2026-08-08 11:19:33] [W-19] ✅ 完成 [种子仓库] cysk003/NoMoreWalls [种子 34/744] | 提取 705 | 新增 0 | 耗时 92s | 配额 4583/4800 03:19UTC | 主队列 56/200 发现队列 51/20000 [[user0]:51] | Worker 23忙/13闲(63%)
[2026-08-08 11:19:33] [W-19] 🔧 开始处理 [种子仓库] rrzt/FreeNodes [种子 86/744]
[2026-08-08 11:19:34] [W-9] 🔗 [user0] 开始 Fork 链追踪 (peasoft/super)
[2026-08-08 11:19:34] [W-8] ⏭️ [user1] 仓库 https://github.com/ALIILAPRO/wallpaper 28924h 未更新，跳过解析（无需追踪）
[2026-08-08 11:19:34] [W-8] ✅ 完成 [user1] ALIILAPRO/wallpaper | 提取 0 | 新增 0 | 耗时 1s | 配额 4581/4800 03:19UTC | 主队列 55/200 发现队列 51/20000 [[user0]:51] | Worker 24忙/12闲(66%)
[2026-08-08 11:19:34] [W-8] 🔧 开始处理 [user0] peasoft/PICP-ColorOS
[2026-08-08 11:19:34] [W-8] ⏭️ [user0] 仓库 https://github.com/peasoft/PICP-ColorOS 3973h 未更新，跳过解析（需追踪）
[2026-08-08 11:19:34] [W-8] 🔗 [user0] 查子仓库: peasoft/PICP-ColorOS
[2026-08-08 11:19:34] [W-25] ⏭️ [user0] 仓库 https://github.com/peasoft/opengfw 15577h 未更新，跳过解析（需追踪）
[2026-08-08 11:19:34] [W-25] 🔗 [user0] 查子仓库: peasoft/opengfw
[2026-08-08 11:19:34] [W-28] ⏭️ [user1] 仓库 https://github.com/ALIILAPRO/color-picker 39965h 未更新，跳过解析（无需追踪）
[2026-08-08 11:19:34] [W-28] ✅ 完成 [user1] ALIILAPRO/color-picker | 提取 0 | 新增 0 | 耗时 1s | 配额 4579/4800 03:19UTC | 主队列 55/200 发现队列 50/20000 [[user0]:50] | Worker 24忙/12闲(66%)
[2026-08-08 11:19:34] [W-30] ⏭️ [user1] 仓库 https://github.com/ALIILAPRO/Android-Tool 29334h 未更新，跳过解析（无需追踪）
[2026-08-08 11:19:34] [W-30] ✅ 完成 [user1] ALIILAPRO/Android-Tool | 提取 0 | 新增 0 | 耗时 1s | 配额 4578/4800 03:19UTC | 主队列 55/200 发现队列 49/20000 [[user0]:49] | Worker 23忙/13闲(63%)
[2026-08-08 11:19:34] [W-30] 🔧 开始处理 [种子仓库] cyj4215/FreeNodes [种子 87/744]
[2026-08-08 11:19:34] [W-28] 🔧 开始处理 [user0] peasoft/HwCodecDetect
[2026-08-08 11:19:34] [W-28] ⏭️ [user0] 仓库 https://github.com/peasoft/HwCodecDetect 2325h 未更新，跳过解析（需追踪）
[2026-08-08 11:19:34] [W-28] 🔗 [user0] 查子仓库: peasoft/HwCodecDetect
[2026-08-08 11:19:34] [W-20] ⏭️ [user0] 仓库 https://github.com/peasoft/demo 646h 未更新，跳过解析（需追踪）
[2026-08-08 11:19:34] [W-20] 🔗 [user0] 查子仓库: peasoft/demo
[2026-08-08 11:19:34] [W-25] 🔗 [user0] 开始 Fork 链追踪 (peasoft/opengfw)
[2026-08-08 11:19:34] [W-9]   [user0] 父仓库: tongxunlu/super
[2026-08-08 11:19:34] [W-19] ⏭️ [种子仓库] 仓库 https://github.com/rrzt/FreeNodes 165h 未更新，跳过解析（无需追踪）
[2026-08-08 11:19:34] [W-19] ✅ 完成 [种子仓库] rrzt/FreeNodes [种子 86/744] | 提取 0 | 新增 0 | 耗时 1s | 配额 4573/4800 03:19UTC | 主队列 54/200 发现队列 49/20000 [[user0]:49] | Worker 24忙/12闲(66%)
[2026-08-08 11:19:34] [W-19] 🔧 开始处理 [user0] peasoft/peasoft.github.io
[2026-08-08 11:19:34] [W-19] ⏭️ [user0] 仓库 https://github.com/peasoft/peasoft.github.io 主要语言 HTML，跳过
[2026-08-08 11:19:34] [W-19] ✅ 完成 [user0] peasoft/peasoft.github.io | 提取 0 | 新增 0 | 耗时 0s | 配额 4573/4800 03:19UTC | 主队列 54/200 发现队列 48/20000 [[user0]:48] | Worker 24忙/12闲(66%)
[2026-08-08 11:19:34] [W-19] 🔧 开始处理 [user0] peasoft/ColorOS7CN2EXP
[2026-08-08 11:19:34] [W-19] ⏭️ [user0] 仓库 https://github.com/peasoft/ColorOS7CN2EXP 3529h 未更新，跳过解析（需追踪）
[2026-08-08 11:19:34] [W-19] 🔗 [user0] 查子仓库: peasoft/ColorOS7CN2EXP
[2026-08-08 11:19:35] [W-20] 🔗 [user0] 开始 Fork 链追踪 (peasoft/demo)
[2026-08-08 11:19:35] [W-25]   [user0] 父仓库: X0soft/opengfw
[2026-08-08 11:19:35] [W-28] 🔗 [user0] 开始 Fork 链追踪 (peasoft/HwCodecDetect)
[2026-08-08 11:19:35] [W-30] ⏭️ [种子仓库] 仓库 https://github.com/cyj4215/FreeNodes 已解析，跳过解析（无需追踪）
[2026-08-08 11:19:35] [W-30] ✅ 完成 [种子仓库] cyj4215/FreeNodes [种子 87/744] | 提取 0 | 新增 0 | 耗时 2s | 配额 4569/4800 03:19UTC | 主队列 54/200 发现队列 47/20000 [[user0]:47] | Worker 24忙/12闲(66%)
[2026-08-08 11:19:35] [W-30] 🔧 开始处理 [user0] peasoft/microsoft-edge-user-flags-deb
[2026-08-08 11:19:35] [W-30] ⏭️ [user0] 仓库 https://github.com/peasoft/microsoft-edge-user-flags-deb 3017h 未更新，跳过解析（需追踪）
[2026-08-08 11:19:35] [W-30] 🔗 [user0] 查子仓库: peasoft/microsoft-edge-user-flags-deb
[2026-08-08 11:19:35] [W-20] ✅ 完成 [user0] peasoft/demo | 提取 0 | 新增 0 | 耗时 3s | 配额 4568/4800 03:19UTC | 主队列 54/200 发现队列 46/20000 [[user0]:46] | Worker 24忙/12闲(66%)
[2026-08-08 11:19:35] [W-20] 🔧 开始处理 [user0] peasoft/jadx
[2026-08-08 11:19:35] [W-20] ⏭️ [user0] 仓库 https://github.com/peasoft/jadx 3526h 未更新，跳过解析（需追踪）
[2026-08-08 11:19:35] [W-20] 🔗 [user0] 查子仓库: peasoft/jadx
[2026-08-08 11:19:36] [W-28]   [user0] 父仓库: whyb/HwCodecDetect
[2026-08-08 11:19:36] [W-19] 🔗 [user0] 开始 Fork 链追踪 (peasoft/ColorOS7CN2EXP)
[2026-08-08 11:19:36] [W-8] 🔗 [user0] 开始 Fork 链追踪 (peasoft/PICP-ColorOS)
[2026-08-08 11:19:36] [W-19] ✅ 完成 [user0] peasoft/ColorOS7CN2EXP | 提取 0 | 新增 0 | 耗时 2s | 配额 4564/4800 03:19UTC | 主队列 54/200 发现队列 45/20000 [[user0]:45] | Worker 24忙/12闲(66%)
[2026-08-08 11:19:36] [W-19] 🔧 开始处理 [user0] peasoft/M365-IMAP
[2026-08-08 11:19:36] [W-19] ⏭️ [user0] 仓库 https://github.com/peasoft/M365-IMAP 3696h 未更新，跳过解析（需追踪）
[2026-08-08 11:19:36] [W-19] 🔗 [user0] 查子仓库: peasoft/M365-IMAP
[2026-08-08 11:19:36] [W-30] 🔗 [user0] 开始 Fork 链追踪 (peasoft/microsoft-edge-user-flags-deb)
[2026-08-08 11:19:36] [W-20] 🔗 [user0] 开始 Fork 链追踪 (peasoft/jadx)
[2026-08-08 11:19:36] [W-8] ✅ 完成 [user0] peasoft/PICP-ColorOS | 提取 0 | 新增 0 | 耗时 3s | 配额 4561/4800 03:19UTC | 主队列 54/200 发现队列 44/20000 [[user0]:44] | Worker 24忙/12闲(66%)
[2026-08-08 11:19:36] [W-8] 🔧 开始处理 [user0] peasoft/android-framework-jar-patching
[2026-08-08 11:19:36] [W-30] ✅ 完成 [user0] peasoft/microsoft-edge-user-flags-deb | 提取 0 | 新增 0 | 耗时 1s | 配额 4560/4800 03:19UTC | 主队列 54/200 发现队列 43/20000 [[user0]:43] | Worker 24忙/12闲(66%)
[2026-08-08 11:19:36] [W-30] 🔧 开始处理 [user0] peasoft/FrameworkPatch
[2026-08-08 11:19:37] [W-20]   [user0] 父仓库: skylot/jadx
[2026-08-08 11:19:37] [W-19] 🔗 [user0] 开始 Fork 链追踪 (peasoft/M365-IMAP)
[2026-08-08 11:19:37] [W-8] ⏭️ [user0] 仓库 https://github.com/peasoft/android-framework-jar-patching 8890h 未更新，跳过解析（需追踪）
[2026-08-08 11:19:37] [W-8] 🔗 [user0] 查子仓库: peasoft/android-framework-jar-patching
[2026-08-08 11:19:38] [W-8] 🔗 [user0] 开始 Fork 链追踪 (peasoft/android-framework-jar-patching)
[2026-08-08 11:19:38] [W-19]   [user0] 父仓库: UvA-FNWI/M365-IMAP
[2026-08-08 11:19:38] [W-30] ⏭️ [user0] 仓库 https://github.com/peasoft/FrameworkPatch 17267h 未更新，跳过解析（需追踪）
[2026-08-08 11:19:38] [W-30] 🔗 [user0] 查子仓库: peasoft/FrameworkPatch
[2026-08-08 11:19:38] [W-30] 🔗 [user0] 开始 Fork 链追踪 (peasoft/FrameworkPatch)
[2026-08-08 11:19:38] [W-8]   [user0] 父仓库: AsenOsen/android-framework-jar-patching
[2026-08-08 11:19:38] [W-30]   [user0] 父仓库: changhuapeng/FrameworkPatch
[2026-08-08 11:19:40] [W-12] SHA 缓存已保存: 316682 条, 1 分片
[2026-08-08 11:19:40] [W-35] 📦 Partial Clone: 8 个文件（零 API 配额）
[2026-08-08 11:19:40] [W-9] [fork1] 仓库 https://github.com/tongxunlu/super (分支: main, size: 1266KB, pushed: 2026-08-07T19:53:11Z)
[2026-08-08 11:19:40] [W-28] 📝 已处理缓存: whyb/HwCodecDetect
[2026-08-08 11:19:40] [W-28] ⏭️ [fork1] 仓库 https://github.com/whyb/HwCodecDetect 429h 未更新，跳过解析（无需追踪）
[2026-08-08 11:19:40] [W-28]   父仓库 +0 个节点
[2026-08-08 11:19:40] [W-20] 📝 已处理缓存: skylot/jadx
[2026-08-08 11:19:40] [W-20] ⏭️ [fork1] 仓库 https://github.com/skylot/jadx 56h 未更新，跳过解析（无需追踪）
[2026-08-08 11:19:40] [W-20]   父仓库 +0 个节点
[2026-08-08 11:19:40] [W-8] 📝 已处理缓存: AsenOsen/android-framework-jar-patching
[2026-08-08 11:19:40] [W-8] ⏭️ [fork1] 仓库 https://github.com/AsenOsen/android-framework-jar-patching 8890h 未更新，跳过解析（无需追踪）
[2026-08-08 11:19:40] [W-8]   父仓库 +0 个节点
[2026-08-08 11:19:40] [W-26] 📦 Partial Clone: 253 个文件（零 API 配额）
[2026-08-08 11:19:40] [W-30] 📝 已处理缓存: changhuapeng/FrameworkPatch
[2026-08-08 11:19:40] [W-30] ⏭️ [fork1] 仓库 https://github.com/changhuapeng/FrameworkPatch 17267h 未更新，跳过解析（无需追踪）
[2026-08-08 11:19:40] [W-30]   父仓库 +0 个节点
[2026-08-08 11:19:40] [W-19] 📝 已处理缓存: UvA-FNWI/M365-IMAP
[2026-08-08 11:19:40] [W-19] ⏭️ [fork1] 仓库 https://github.com/UvA-FNWI/M365-IMAP 3691h 未更新，跳过解析（无需追踪）
[2026-08-08 11:19:40] [W-19]   父仓库 +0 个节点
[2026-08-08 11:19:40] [W-21] 仓库 https://github.com/iampedii/whitedns-sub 候选文件 2 个
[2026-08-08 11:19:40] [W-34]   🍴 子仓库: 4/4 个 → 主队列 54/200 发现队列 46/20000 [[fork1]:4 [user0]:42] | Worker 22忙/14闲(61%)
[2026-08-08 11:19:40] [W-34] 🔗 [user0] 开始 Fork 链追踪 (peasoft/JustUninstall)
[2026-08-08 11:19:40] [W-35] 仓库 https://github.com/ALIILAPRO/Proxy 候选文件 3 个
[2026-08-08 11:19:40] [W-7] 🌱 加入种子: ts-sf/fly (提取 661 节点)
[2026-08-08 11:19:40] [W-7] ✅ 完成 [种子仓库] ts-sf/fly [种子 41/744] | 提取 661 | 新增 5 | 耗时 98s | 配额 4551/4800 03:19UTC | 主队列 54/200 发现队列 46/20000 [[fork1]:4 [user0]:42] | Worker 22忙/14闲(61%)
[2026-08-08 11:19:40] [W-7] 🔧 开始处理 [种子仓库] shenguidao/FreeNodes [种子 88/744]
[2026-08-08 11:19:40] [W-23] 🌱 加入种子: ws94666ws/awesome-vpn (提取 851 节点)
[2026-08-08 11:19:40] [W-23] ✅ 完成 [种子仓库] ws94666ws/awesome-vpn [种子 44/744] | 提取 851 | 新增 85 | 耗时 97s | 配额 4551/4800 03:19UTC | 主队列 53/200 发现队列 46/20000 [[fork1]:4 [user0]:42] | Worker 23忙/13闲(63%)
[2026-08-08 11:19:40] [W-23] 🔧 开始处理 [种子仓库] jiayou88/FreeNodes- [种子 89/744]
[2026-08-08 11:19:40] [W-17] 🌱 加入种子: free-nodes/v2rayfree (提取 872 节点)
[2026-08-08 11:19:40] [W-17] ✅ 完成 [种子仓库] free-nodes/v2rayfree [种子 58/744] | 提取 872 | 新增 0 | 耗时 59s | 配额 4551/4800 03:19UTC | 主队列 52/200 发现队列 46/20000 [[fork1]:4 [user0]:42] | Worker 24忙/12闲(66%)
[2026-08-08 11:19:40] [W-17] 🔧 开始处理 [种子仓库] 4258806/FreeNodes [种子 90/744]
[2026-08-08 11:19:40] [W-34] ✅ 完成 [user0] peasoft/JustUninstall | 提取 0 | 新增 0 | 耗时 7s | 配额 4550/4800 03:19UTC | 主队列 51/200 发现队列 46/20000 [[fork1]:4 [user0]:42] | Worker 25忙/11闲(69%)
[2026-08-08 11:19:40] [W-34] 🔧 开始处理 [种子仓库] muxd93/awesome-vpn [种子 91/744]
[2026-08-08 11:19:40] [W-1] 🌱 加入种子: ab13643832129/awesome-vpn (提取 853 节点)
[2026-08-08 11:19:40] [W-1] ✅ 完成 [种子仓库] ab13643832129/awesome-vpn [种子 45/744] | 提取 853 | 新增 37 | 耗时 94s | 配额 4550/4800 03:19UTC | 主队列 50/200 发现队列 46/20000 [[fork1]:4 [user0]:42] | Worker 25忙/11闲(69%)
[2026-08-08 11:19:40] [W-25] 📝 已处理缓存: X0soft/opengfw
[2026-08-08 11:19:40] [W-25] ⏭️ [fork1] 仓库 https://github.com/X0soft/opengfw 15577h 未更新，跳过解析（无需追踪）
[2026-08-08 11:19:40] [W-25]   父仓库 +0 个节点
[2026-08-08 11:19:40] [W-1] 🔧 开始处理 [种子仓库] Andyworldclub/openproxylist [种子 92/744]
[2026-08-08 11:19:40] [W-28]   🍴 兄弟仓库: 6/7 个 → 主队列 49/200 发现队列 52/20000 [[fork1]:10 [user0]:42] | Worker 26忙/10闲(72%)
[2026-08-08 11:19:40] [W-28] ✅ 完成 [user0] peasoft/HwCodecDetect | 提取 0 | 新增 0 | 耗时 6s | 配额 4548/4800 03:19UTC | 主队列 49/200 发现队列 52/20000 [[fork1]:10 [user0]:42] | Worker 26忙/10闲(72%)
[2026-08-08 11:19:40] [W-13] 🌱 加入种子: 4n0nymou3/multi-proxy-config-fetcher (提取 2973 节点)
[2026-08-08 11:19:40] [W-13] ✅ 完成 [种子仓库] 4n0nymou3/multi-proxy-config-fetcher [种子 29/744] | 提取 2973 | 新增 397 | 耗时 99s | 配额 4548/4800 03:19UTC | 主队列 49/200 发现队列 51/20000 [[fork1]:9 [user0]:42] | Worker 25忙/11闲(69%)
[2026-08-08 11:19:40] [W-28] 🔧 开始处理 [fork1] MinecraftYJQ/JustUninstall
[2026-08-08 11:19:40] [W-13] 🔧 开始处理 [种子仓库] toda-adot/ACL4SSR [种子 93/744]
[2026-08-08 11:19:40] [W-30]   🍴 兄弟仓库: 10/11 个 → 主队列 48/200 发现队列 61/20000 [[fork1]:19 [user0]:42] | Worker 27忙/9闲(75%)
[2026-08-08 11:19:40] [W-30] ✅ 完成 [user0] peasoft/FrameworkPatch | 提取 0 | 新增 0 | 耗时 4s | 配额 4547/4800 03:19UTC | 主队列 48/200 发现队列 61/20000 [[fork1]:19 [user0]:42] | Worker 27忙/9闲(75%)
[2026-08-08 11:19:40] [W-30] 🔧 开始处理 [fork1] sbb123xiaohao/-
[2026-08-08 11:19:40] [W-19]   🍴 兄弟仓库: 17/18 个 → 主队列 48/200 发现队列 77/20000 [[fork1]:35 [user0]:42] | Worker 27忙/9闲(75%)
[2026-08-08 11:19:40] [W-19] ✅ 完成 [user0] peasoft/M365-IMAP | 提取 0 | 新增 0 | 耗时 4s | 配额 4546/4800 03:19UTC | 主队列 48/200 发现队列 77/20000 [[fork1]:35 [user0]:42] | Worker 27忙/9闲(75%)
[2026-08-08 11:19:40] [W-19] 🔧 开始处理 [fork1] a2011122/JustUninstall
[2026-08-08 11:19:40] [W-25]   🍴 兄弟仓库: 1/2 个 → 主队列 48/200 发现队列 77/20000 [[fork1]:35 [user0]:42] | Worker 27忙/9闲(75%)
[2026-08-08 11:19:40] [W-25] ✅ 完成 [user0] peasoft/opengfw | 提取 0 | 新增 0 | 耗时 8s | 配额 4545/4800 03:19UTC | 主队列 48/200 发现队列 77/20000 [[fork1]:35 [user0]:42] | Worker 27忙/9闲(75%)
[2026-08-08 11:19:40] [W-7] ⏭️ [种子仓库] 仓库 https://github.com/shenguidao/FreeNodes 已解析，跳过解析（无需追踪）
[2026-08-08 11:19:40] [W-7] ✅ 完成 [种子仓库] shenguidao/FreeNodes [种子 88/744] | 提取 0 | 新增 0 | 耗时 1s | 配额 4544/4800 03:19UTC | 主队列 47/200 发现队列 77/20000 [[fork1]:35 [user0]:42] | Worker 26忙/10闲(72%)
[2026-08-08 11:19:40] [W-7] 🔧 开始处理 [fork1] happymimimix/JustUninstall-chcp936
[2026-08-08 11:19:40] [W-7] 📝 已处理缓存: happymimimix/JustUninstall-chcp936
[2026-08-08 11:19:40] [W-7] ⏭️ [fork1] 仓库 https://github.com/happymimimix/JustUninstall-chcp936 5405h 未更新，跳过解析（无需追踪）
[2026-08-08 11:19:40] [W-7] ✅ 完成 [fork1] happymimimix/JustUninstall-chcp936 | 提取 0 | 新增 0 | 耗时 0s | 配额 4544/4800 03:19UTC | 主队列 47/200 发现队列 76/20000 [[fork1]:34 [user0]:42] | Worker 26忙/10闲(72%)
[2026-08-08 11:19:40] [W-7] 🔧 开始处理 [fork1] jianfeng586/HwCodecDetect
[2026-08-08 11:19:40] [W-25] 🔧 开始处理 [种子仓库] superduke/ACL4SSR [种子 94/744]
[2026-08-08 11:19:40] [W-23] ⏭️ [种子仓库] 仓库 https://github.com/jiayou88/FreeNodes- 已解析，跳过解析（无需追踪）
[2026-08-08 11:19:40] [W-23] ✅ 完成 [种子仓库] jiayou88/FreeNodes- [种子 89/744] | 提取 0 | 新增 0 | 耗时 1s | 配额 4543/4800 03:19UTC | 主队列 47/200 发现队列 75/20000 [[fork1]:33 [user0]:42] | Worker 27忙/9闲(75%)
[2026-08-08 11:19:40] [W-23] 🔧 开始处理 [fork1] hanxiao123/HwCodecDetect
[2026-08-08 11:19:41] [W-8]   🍴 兄弟仓库: 25/26 个 → 主队列 47/200 发现队列 99/20000 [[fork1]:57 [user0]:42] | Worker 27忙/9闲(75%)
[2026-08-08 11:19:41] [W-34] [种子仓库] 仓库 https://github.com/muxd93/awesome-vpn (分支: master, size: 3479KB, pushed: 2026-08-08T03:09:36Z)
[2026-08-08 11:19:41] [W-1] [种子仓库] 仓库 https://github.com/Andyworldclub/openproxylist (分支: main, size: 1080227KB, pushed: 2026-08-08T01:30:24Z)
[2026-08-08 11:19:41] [W-8] ✅ 完成 [user0] peasoft/android-framework-jar-patching | 提取 0 | 新增 0 | 耗时 5s | 配额 4540/4800 03:19UTC | 主队列 47/200 发现队列 99/20000 [[fork1]:57 [user0]:42] | Worker 27忙/9闲(75%)
[2026-08-08 11:19:41] [W-8] 🔧 开始处理 [fork1] JonyHuang/HwCodecDetect
[2026-08-08 11:19:41] [W-17] ⏭️ [种子仓库] 仓库 https://github.com/4258806/FreeNodes 已解析，跳过解析（无需追踪）
[2026-08-08 11:19:41] [W-17] ✅ 完成 [种子仓库] 4258806/FreeNodes [种子 90/744] | 提取 0 | 新增 0 | 耗时 1s | 配额 4539/4800 03:19UTC | 主队列 47/200 发现队列 98/20000 [[fork1]:56 [user0]:42] | Worker 27忙/9闲(75%)
[2026-08-08 11:19:41] [W-17] 🔧 开始处理 [fork1] gdstljl/HwCodecDetect
[2026-08-08 11:19:41] [W-13] ⏭️ [种子仓库] 仓库 https://github.com/toda-adot/ACL4SSR 已解析，跳过解析（无需追踪）
[2026-08-08 11:19:41] [W-13] ✅ 完成 [种子仓库] toda-adot/ACL4SSR [种子 93/744] | 提取 0 | 新增 0 | 耗时 1s | 配额 4538/4800 03:19UTC | 主队列 47/200 发现队列 97/20000 [[fork1]:55 [user0]:42] | Worker 27忙/9闲(75%)
[2026-08-08 11:19:41] [W-13] 🔧 开始处理 [fork1] mhourousha/HwCodecDetect
[2026-08-08 11:19:41] [W-28] 📝 已处理缓存: MinecraftYJQ/JustUninstall
[2026-08-08 11:19:41] [W-28] ⏭️ [fork1] 仓库 https://github.com/MinecraftYJQ/JustUninstall 17605h 未更新，跳过解析（无需追踪）
[2026-08-08 11:19:41] [W-28] ✅ 完成 [fork1] MinecraftYJQ/JustUninstall | 提取 0 | 新增 0 | 耗时 1s | 配额 4537/4800 03:19UTC | 主队列 47/200 发现队列 96/20000 [[fork1]:54 [user0]:42] | Worker 27忙/9闲(75%)
[2026-08-08 11:19:41] [W-28] 🔧 开始处理 [种子仓库] housaiyinmamaide/ACL4SSR [种子 95/744]
[2026-08-08 11:19:41] [W-30] 📝 已处理缓存: sbb123xiaohao/-
[2026-08-08 11:19:41] [W-30] ⏭️ [fork1] 仓库 https://github.com/sbb123xiaohao/- 17605h 未更新，跳过解析（无需追踪）
[2026-08-08 11:19:41] [W-30] ✅ 完成 [fork1] sbb123xiaohao/- | 提取 0 | 新增 0 | 耗时 1s | 配额 4536/4800 03:19UTC | 主队列 46/200 发现队列 96/20000 [[fork1]:54 [user0]:42] | Worker 27忙/9闲(75%)
[2026-08-08 11:19:41] [W-19] 📝 已处理缓存: a2011122/JustUninstall
[2026-08-08 11:19:41] [W-19] ⏭️ [fork1] 仓库 https://github.com/a2011122/JustUninstall 17605h 未更新，跳过解析（无需追踪）
[2026-08-08 11:19:41] [W-19] ✅ 完成 [fork1] a2011122/JustUninstall | 提取 0 | 新增 0 | 耗时 1s | 配额 4535/4800 03:19UTC | 主队列 46/200 发现队列 95/20000 [[fork1]:53 [user0]:42] | Worker 26忙/10闲(72%)
[2026-08-08 11:19:41] [W-19] 🔧 开始处理 [fork1] liqidexw/FrameworkPatch
[2026-08-08 11:19:41] [W-19] 📝 已处理缓存: liqidexw/FrameworkPatch
[2026-08-08 11:19:41] [W-19] ⏭️ [fork1] 仓库 https://github.com/liqidexw/FrameworkPatch 10275h 未更新，跳过解析（无需追踪）
[2026-08-08 11:19:41] [W-19] ✅ 完成 [fork1] liqidexw/FrameworkPatch | 提取 0 | 新增 0 | 耗时 0s | 配额 4535/4800 03:19UTC | 主队列 46/200 发现队列 94/20000 [[fork1]:52 [user0]:42] | Worker 26忙/10闲(72%)
[2026-08-08 11:19:41] [W-19] 🔧 开始处理 [fork1] liqidecg/FrameworkPatch
[2026-08-08 11:19:41] [W-19] 📝 已处理缓存: liqidecg/FrameworkPatch
[2026-08-08 11:19:41] [W-19] ⏭️ [fork1] 仓库 https://github.com/liqidecg/FrameworkPatch 18702h 未更新，跳过解析（无需追踪）
[2026-08-08 11:19:41] [W-19] ✅ 完成 [fork1] liqidecg/FrameworkPatch | 提取 0 | 新增 0 | 耗时 0s | 配额 4535/4800 03:19UTC | 主队列 46/200 发现队列 93/20000 [[fork1]:51 [user0]:42] | Worker 26忙/10闲(72%)
[2026-08-08 11:19:41] [W-19] 🔧 开始处理 [fork1] rmnscnce/FrameworkPatchAlt
[2026-08-08 11:19:41] [W-30] 🔧 开始处理 [fork1] Venomonev/HwCodecDetect
[2026-08-08 11:19:41] [W-23] 📝 已处理缓存: hanxiao123/HwCodecDetect
[2026-08-08 11:19:41] [W-23] ⏭️ [fork1] 仓库 https://github.com/hanxiao123/HwCodecDetect 5394h 未更新，跳过解析（无需追踪）
[2026-08-08 11:19:41] [W-23] ✅ 完成 [fork1] hanxiao123/HwCodecDetect | 提取 0 | 新增 0 | 耗时 1s | 配额 4534/4800 03:19UTC | 主队列 46/200 发现队列 92/20000 [[fork1]:50 [user0]:42] | Worker 27忙/9闲(75%)
[2026-08-08 11:19:41] [W-23] 🔧 开始处理 [fork1] Opkube/FrameworkPatch
[2026-08-08 11:19:41] repo info (jianfeng586/HwCodecDetect) 404，跳过
[2026-08-08 11:19:41] [W-25] ⏭️ [种子仓库] 仓库 https://github.com/superduke/ACL4SSR 已解析，跳过解析（无需追踪）
[2026-08-08 11:19:41] [W-25] ✅ 完成 [种子仓库] superduke/ACL4SSR [种子 94/744] | 提取 0 | 新增 0 | 耗时 1s | 配额 4532/4800 03:19UTC | 主队列 46/200 发现队列 91/20000 [[fork1]:49 [user0]:42] | Worker 27忙/9闲(75%)
[2026-08-08 11:19:41] [W-25] 🔧 开始处理 [fork1] thanhtv69/FukkFramework
[2026-08-08 11:19:41] [W-25] 📝 已处理缓存: thanhtv69/FukkFramework
[2026-08-08 11:19:41] [W-25] ⏭️ [fork1] 仓库 https://github.com/thanhtv69/FukkFramework 16455h 未更新，跳过解析（无需追踪）
[2026-08-08 11:19:41] [W-25] ✅ 完成 [fork1] thanhtv69/FukkFramework | 提取 0 | 新增 0 | 耗时 0s | 配额 4532/4800 03:19UTC | 主队列 46/200 发现队列 90/20000 [[fork1]:48 [user0]:42] | Worker 27忙/9闲(75%)
[2026-08-08 11:19:41] [W-25] 🔧 开始处理 [fork1] rifsxd/FrameworkPatch
[2026-08-08 11:19:41] [W-25] 📝 已处理缓存: rifsxd/FrameworkPatch
[2026-08-08 11:19:41] [W-25] ⏭️ [fork1] 仓库 https://github.com/rifsxd/FrameworkPatch 16687h 未更新，跳过解析（无需追踪）
[2026-08-08 11:19:41] [W-25] ✅ 完成 [fork1] rifsxd/FrameworkPatch | 提取 0 | 新增 0 | 耗时 0s | 配额 4532/4800 03:19UTC | 主队列 46/200 发现队列 89/20000 [[fork1]:47 [user0]:42] | Worker 27忙/9闲(75%)
[2026-08-08 11:19:41] [W-25] 🔧 开始处理 [fork1] NewbieNoob1/FrameworkPatch
[2026-08-08 11:19:41] [W-7] 🔍 仓库 jianfeng586/HwCodecDetect 不存在（404），追踪用户
[2026-08-08 11:19:41] [W-7] 👤 [fork1] 遍历用户仓库: jianfeng586
[2026-08-08 11:19:41] [W-8] 📝 已处理缓存: JonyHuang/HwCodecDetect
[2026-08-08 11:19:41] [W-8] ⏭️ [fork1] 仓库 https://github.com/JonyHuang/HwCodecDetect 5394h 未更新，跳过解析（无需追踪）
[2026-08-08 11:19:41] [W-8] ✅ 完成 [fork1] JonyHuang/HwCodecDetect | 提取 0 | 新增 0 | 耗时 1s | 配额 4531/4800 03:19UTC | 主队列 46/200 发现队列 88/20000 [[fork1]:46 [user0]:42] | Worker 27忙/9闲(75%)
[2026-08-08 11:19:41] [W-8] 🔧 开始处理 [种子仓库] fenwehome/ACL4SSR [种子 96/744]
[2026-08-08 11:19:41] [W-17] 📝 已处理缓存: gdstljl/HwCodecDetect
[2026-08-08 11:19:41] [W-17] ⏭️ [fork1] 仓库 https://github.com/gdstljl/HwCodecDetect 5394h 未更新，跳过解析（无需追踪）
[2026-08-08 11:19:41] [W-17] ✅ 完成 [fork1] gdstljl/HwCodecDetect | 提取 0 | 新增 0 | 耗时 1s | 配额 4530/4800 03:19UTC | 主队列 45/200 发现队列 88/20000 [[fork1]:46 [user0]:42] | Worker 27忙/9闲(75%)
[2026-08-08 11:19:41] [W-17] 🔧 开始处理 [fork1] LoveAlways-love/FrameworkPatch
[2026-08-08 11:19:41] [W-17] 📝 已处理缓存: LoveAlways-love/FrameworkPatch
[2026-08-08 11:19:41] [W-17] ⏭️ [fork1] 仓库 https://github.com/LoveAlways-love/FrameworkPatch 7879h 未更新，跳过解析（无需追踪）
[2026-08-08 11:19:41] [W-17] ✅ 完成 [fork1] LoveAlways-love/FrameworkPatch | 提取 0 | 新增 0 | 耗时 0s | 配额 4530/4800 03:19UTC | 主队列 45/200 发现队列 87/20000 [[fork1]:45 [user0]:42] | Worker 27忙/9闲(75%)
[2026-08-08 11:19:41] [W-17] 🔧 开始处理 [fork1] jiyin004-jpg/FrameworkPatch
[2026-08-08 11:19:42] [W-28] ⏭️ [种子仓库] 仓库 https://github.com/housaiyinmamaide/ACL4SSR 已解析，跳过解析（无需追踪）
[2026-08-08 11:19:42] [W-28] ✅ 完成 [种子仓库] housaiyinmamaide/ACL4SSR [种子 95/744] | 提取 0 | 新增 0 | 耗时 1s | 配额 4529/4800 03:19UTC | 主队列 45/200 发现队列 86/20000 [[fork1]:44 [user0]:42] | Worker 27忙/9闲(75%)
[2026-08-08 11:19:42] [W-28] 🔧 开始处理 [fork1] LoneMK/FrameworkPatch
[2026-08-08 11:19:42] [W-7]   用户 jianfeng586 共查 0 个仓库
[2026-08-08 11:19:42] [W-7] ✅ 完成 [fork1] jianfeng586/HwCodecDetect | 提取 0 | 新增 0 | 耗时 1s | 配额 4528/4800 03:19UTC | 主队列 45/200 发现队列 85/20000 [[fork1]:43 [user0]:42] | Worker 27忙/9闲(75%)
[2026-08-08 11:19:42] [W-13] 📝 已处理缓存: mhourousha/HwCodecDetect
[2026-08-08 11:19:42] [W-13] ⏭️ [fork1] 仓库 https://github.com/mhourousha/HwCodecDetect 2737h 未更新，跳过解析（无需追踪）
[2026-08-08 11:19:42] [W-13] ✅ 完成 [fork1] mhourousha/HwCodecDetect | 提取 0 | 新增 0 | 耗时 1s | 配额 4527/4800 03:19UTC | 主队列 45/200 发现队列 84/20000 [[fork1]:42 [user0]:42] | Worker 26忙/10闲(72%)
[2026-08-08 11:19:42] [W-13] 🔧 开始处理 [fork1] bouchard/M365-IMAP
[2026-08-08 11:19:42] [W-7] 🔧 开始处理 [fork1] ag91/M365-IMAP
[2026-08-08 11:19:42] [W-7] 📝 已处理缓存: ag91/M365-IMAP
[2026-08-08 11:19:42] [W-7] ⏭️ [fork1] 仓库 https://github.com/ag91/M365-IMAP 10493h 未更新，跳过解析（无需追踪）
[2026-08-08 11:19:42] [W-7] ✅ 完成 [fork1] ag91/M365-IMAP | 提取 0 | 新增 0 | 耗时 0s | 配额 4527/4800 03:19UTC | 主队列 45/200 发现队列 83/20000 [[fork1]:41 [user0]:42] | Worker 27忙/9闲(75%)
[2026-08-08 11:19:42] [W-7] 🔧 开始处理 [fork1] daotaolaixe-quangthang/M365-IMAP
[2026-08-08 11:19:42] [W-35] ✅ 完成 [user1] ALIILAPRO/Proxy | 提取 0 | 新增 0 | 耗时 10s | 配额 4527/4800 03:19UTC | 主队列 45/200 发现队列 82/20000 [[fork1]:40 [user0]:42] | Worker 27忙/9闲(75%)
[2026-08-08 11:19:42] [W-35] 🔧 开始处理 [种子仓库] sclyxcn/ACL4SSR [种子 97/744]
[2026-08-08 11:19:42] [W-26] 仓库 https://github.com/cysk003/yebekhe-TVC 候选文件 66 个
[2026-08-08 11:19:42] [W-19] 📝 已处理缓存: rmnscnce/FrameworkPatchAlt
[2026-08-08 11:19:42] [W-19] ⏭️ [fork1] 仓库 https://github.com/rmnscnce/FrameworkPatchAlt 19092h 未更新，跳过解析（无需追踪）
[2026-08-08 11:19:42] [W-19] ✅ 完成 [fork1] rmnscnce/FrameworkPatchAlt | 提取 0 | 新增 0 | 耗时 1s | 配额 4526/4800 03:19UTC | 主队列 44/200 发现队列 82/20000 [[fork1]:40 [user0]:42] | Worker 28忙/8闲(77%)
[2026-08-08 11:19:42] [W-19] 🔧 开始处理 [fork1] lame-dev/M365-IMAP
[2026-08-08 11:19:42] [W-19] 📝 已处理缓存: lame-dev/M365-IMAP
[2026-08-08 11:19:42] [W-19] ⏭️ [fork1] 仓库 https://github.com/lame-dev/M365-IMAP 5818h 未更新，跳过解析（无需追踪）
[2026-08-08 11:19:42] [W-19] ✅ 完成 [fork1] lame-dev/M365-IMAP | 提取 0 | 新增 0 | 耗时 0s | 配额 4526/4800 03:19UTC | 主队列 44/200 发现队列 81/20000 [[fork1]:39 [user0]:42] | Worker 28忙/8闲(77%)
[2026-08-08 11:19:42] [W-19] 🔧 开始处理 [fork1] arkangle/M365-IMAP
[2026-08-08 11:19:42] [W-23] 📝 已处理缓存: Opkube/FrameworkPatch
[2026-08-08 11:19:42] [W-23] ⏭️ [fork1] 仓库 https://github.com/Opkube/FrameworkPatch 18239h 未更新，跳过解析（无需追踪）
[2026-08-08 11:19:42] [W-23] ✅ 完成 [fork1] Opkube/FrameworkPatch | 提取 0 | 新增 0 | 耗时 1s | 配额 4525/4800 03:19UTC | 主队列 44/200 发现队列 80/20000 [[fork1]:38 [user0]:42] | Worker 28忙/8闲(77%)
[2026-08-08 11:19:42] [W-23] 🔧 开始处理 [fork1] wenjinnn/M365-IMAP
[2026-08-08 11:19:42] [W-23] 📝 已处理缓存: wenjinnn/M365-IMAP
[2026-08-08 11:19:42] [W-23] ⏭️ [fork1] 仓库 https://github.com/wenjinnn/M365-IMAP 15251h 未更新，跳过解析（无需追踪）
[2026-08-08 11:19:42] [W-23] ✅ 完成 [fork1] wenjinnn/M365-IMAP | 提取 0 | 新增 0 | 耗时 0s | 配额 4525/4800 03:19UTC | 主队列 44/200 发现队列 79/20000 [[fork1]:37 [user0]:42] | Worker 28忙/8闲(77%)
[2026-08-08 11:19:42] [W-23] 🔧 开始处理 [fork1] hackl/M365-IMAP
[2026-08-08 11:19:42] [W-30] 📝 已处理缓存: Venomonev/HwCodecDetect
[2026-08-08 11:19:42] [W-30] ⏭️ [fork1] 仓库 https://github.com/Venomonev/HwCodecDetect 1245h 未更新，跳过解析（无需追踪）
[2026-08-08 11:19:42] [W-30] ✅ 完成 [fork1] Venomonev/HwCodecDetect | 提取 0 | 新增 0 | 耗时 1s | 配额 4524/4800 03:19UTC | 主队列 44/200 发现队列 78/20000 [[fork1]:36 [user0]:42] | Worker 28忙/8闲(77%)
[2026-08-08 11:19:42] [ThreadPoolExecutor-172_0] 🔗 [种子仓库] 发现仓库链接 Argh94/V2RayAutoConfig (来源 https://raw.githubusercontent.com/chaoduzj/V2RayAutoConfig/main/README.md)
[2026-08-08 11:19:42] [W-25] 📝 已处理缓存: NewbieNoob1/FrameworkPatch
[2026-08-08 11:19:42] [W-25] ⏭️ [fork1] 仓库 https://github.com/NewbieNoob1/FrameworkPatch 17267h 未更新，跳过解析（无需追踪）
[2026-08-08 11:19:42] [W-25] ✅ 完成 [fork1] NewbieNoob1/FrameworkPatch | 提取 0 | 新增 0 | 耗时 1s | 配额 4523/4800 03:19UTC | 主队列 44/200 发现队列 77/20000 [[fork1]:35 [user0]:42] | Worker 27忙/9闲(75%)
[2026-08-08 11:19:43] [W-30] 🔧 开始处理 [fork1] vale981/outlook-oauth-hack
[2026-08-08 11:19:43] [W-30] 📝 已处理缓存: vale981/outlook-oauth-hack
[2026-08-08 11:19:43] [W-30] ⏭️ [fork1] 仓库 https://github.com/vale981/outlook-oauth-hack 20496h 未更新，跳过解析（无需追踪）
[2026-08-08 11:19:43] [W-30] ✅ 完成 [fork1] vale981/outlook-oauth-hack | 提取 0 | 新增 0 | 耗时 0s | 配额 4522/4800 03:19UTC | 主队列 44/200 发现队列 76/20000 [[fork1]:34 [user0]:42] | Worker 27忙/9闲(75%)
[2026-08-08 11:19:43] [W-30] 🔧 开始处理 [fork1] chris001/M365-IMAP
[2026-08-08 11:19:43] [W-20]   🍴 兄弟仓库: 80/80 个 → 主队列 44/200 发现队列 155/20000 [[fork1]:113 [user0]:42] | Worker 27忙/9闲(75%)
[2026-08-08 11:19:43] [W-20] ✅ 完成 [user0] peasoft/jadx | 提取 0 | 新增 0 | 耗时 7s | 配额 4522/4800 03:19UTC | 主队列 44/200 发现队列 155/20000 [[fork1]:113 [user0]:42] | Worker 27忙/9闲(75%)
[2026-08-08 11:19:43] [W-25] 🔧 开始处理 [fork1] skrobul/M365-IMAP
[2026-08-08 11:19:43] [W-13] 📝 已处理缓存: bouchard/M365-IMAP
[2026-08-08 11:19:43] [W-13] ⏭️ [fork1] 仓库 https://github.com/bouchard/M365-IMAP 31846h 未更新，跳过解析（无需追踪）
[2026-08-08 11:19:43] [W-13] ✅ 完成 [fork1] bouchard/M365-IMAP | 提取 0 | 新增 0 | 耗时 1s | 配额 4521/4800 03:19UTC | 主队列 43/200 发现队列 155/20000 [[fork1]:113 [user0]:42] | Worker 27忙/9闲(75%)
[2026-08-08 11:19:43] [W-13] 🔧 开始处理 [fork1] MichaelAnckaert/M365-IMAP
[2026-08-08 11:19:43] [W-20] 🔧 开始处理 [种子仓库] lilikimi/ACL4SSR [种子 98/744]
[2026-08-08 11:19:43] [W-17] 📝 已处理缓存: jiyin004-jpg/FrameworkPatch
[2026-08-08 11:19:43] [W-17] ⏭️ [fork1] 仓库 https://github.com/jiyin004-jpg/FrameworkPatch 17267h 未更新，跳过解析（无需追踪）
[2026-08-08 11:19:43] [W-17] ✅ 完成 [fork1] jiyin004-jpg/FrameworkPatch | 提取 0 | 新增 0 | 耗时 1s | 配额 4520/4800 03:19UTC | 主队列 43/200 发现队列 154/20000 [[fork1]:112 [user0]:42] | Worker 28忙/8闲(77%)
[2026-08-08 11:19:43] [W-17] 🔧 开始处理 [fork1] hafeez3000/M365-IMAP
[2026-08-08 11:19:43] [W-8] ⏭️ [种子仓库] 仓库 https://github.com/fenwehome/ACL4SSR 已解析，跳过解析（无需追踪）
[2026-08-08 11:19:43] [W-8] ✅ 完成 [种子仓库] fenwehome/ACL4SSR [种子 96/744] | 提取 0 | 新增 0 | 耗时 1s | 配额 4519/4800 03:19UTC | 主队列 43/200 发现队列 153/20000 [[fork1]:111 [user0]:42] | Worker 28忙/8闲(77%)
[2026-08-08 11:19:43] [W-8] 🔧 开始处理 [fork1] jsrjenkins/M365-IMAP
[2026-08-08 11:19:43] [W-28] 📝 已处理缓存: LoneMK/FrameworkPatch
[2026-08-08 11:19:43] [W-28] ⏭️ [fork1] 仓库 https://github.com/LoneMK/FrameworkPatch 17267h 未更新，跳过解析（无需追踪）
[2026-08-08 11:19:43] [W-28] ✅ 完成 [fork1] LoneMK/FrameworkPatch | 提取 0 | 新增 0 | 耗时 1s | 配额 4518/4800 03:19UTC | 主队列 43/200 发现队列 152/20000 [[fork1]:110 [user0]:42] | Worker 28忙/8闲(77%)
[2026-08-08 11:19:43] [W-28] 🔧 开始处理 [fork1] benmont/M365-IMAP
[2026-08-08 11:19:43] [W-7] 📝 已处理缓存: daotaolaixe-quangthang/M365-IMAP
[2026-08-08 11:19:43] [W-7] ⏭️ [fork1] 仓库 https://github.com/daotaolaixe-quangthang/M365-IMAP 811h 未更新，跳过解析（无需追踪）
[2026-08-08 11:19:43] [W-7] ✅ 完成 [fork1] daotaolaixe-quangthang/M365-IMAP | 提取 0 | 新增 0 | 耗时 1s | 配额 4517/4800 03:19UTC | 主队列 43/200 发现队列 151/20000 [[fork1]:109 [user0]:42] | Worker 28忙/8闲(77%)
[2026-08-08 11:19:43] [W-7] 🔧 开始处理 [fork1] cakemanny/M365-IMAP
[2026-08-08 11:19:43] [W-7] 📝 已处理缓存: cakemanny/M365-IMAP
[2026-08-08 11:19:43] [W-7] ⏭️ [fork1] 仓库 https://github.com/cakemanny/M365-IMAP 38156h 未更新，跳过解析（无需追踪）
[2026-08-08 11:19:43] [W-7] ✅ 完成 [fork1] cakemanny/M365-IMAP | 提取 0 | 新增 0 | 耗时 0s | 配额 4517/4800 03:19UTC | 主队列 43/200 发现队列 150/20000 [[fork1]:108 [user0]:42] | Worker 28忙/8闲(77%)
[2026-08-08 11:19:43] [W-7] 🔧 开始处理 [fork1] arjunkc/M365-IMAP
[2026-08-08 11:19:43] [W-7] 📝 已处理缓存: arjunkc/M365-IMAP
[2026-08-08 11:19:43] [W-7] ⏭️ [fork1] 仓库 https://github.com/arjunkc/M365-IMAP 38549h 未更新，跳过解析（无需追踪）
[2026-08-08 11:19:43] [W-7] ✅ 完成 [fork1] arjunkc/M365-IMAP | 提取 0 | 新增 0 | 耗时 0s | 配额 4517/4800 03:19UTC | 主队列 43/200 发现队列 149/20000 [[fork1]:107 [user0]:42] | Worker 28忙/8闲(77%)
[2026-08-08 11:19:43] [W-7] 🔧 开始处理 [fork1] williamjameshandley/M365-IMAP
[2026-08-08 11:19:43] [W-35] ⏭️ [种子仓库] 仓库 https://github.com/sclyxcn/ACL4SSR 已解析，跳过解析（无需追踪）
[2026-08-08 11:19:43] [W-35] ✅ 完成 [种子仓库] sclyxcn/ACL4SSR [种子 97/744] | 提取 0 | 新增 0 | 耗时 1s | 配额 4516/4800 03:19UTC | 主队列 43/200 发现队列 148/20000 [[fork1]:106 [user0]:42] | Worker 28忙/8闲(77%)
[2026-08-08 11:19:43] [W-35] 🔧 开始处理 [fork1] singer0503/opengfw
[2026-08-08 11:19:43] [W-23] 📝 已处理缓存: hackl/M365-IMAP
[2026-08-08 11:19:43] [W-23] ⏭️ [fork1] 仓库 https://github.com/hackl/M365-IMAP 31846h 未更新，跳过解析（无需追踪）
[2026-08-08 11:19:43] [W-23] ✅ 完成 [fork1] hackl/M365-IMAP | 提取 0 | 新增 0 | 耗时 1s | 配额 4515/4800 03:19UTC | 主队列 43/200 发现队列 147/20000 [[fork1]:105 [user0]:42] | Worker 28忙/8闲(77%)
[2026-08-08 11:19:43] [W-23] 🔧 开始处理 [fork1] AndroidAppsUsedByMyself/android-framework-jar-patching
[2026-08-08 11:19:43] [W-23] 📝 已处理缓存: AndroidAppsUsedByMyself/android-framework-jar-patching
[2026-08-08 11:19:43] [W-23] ⏭️ [fork1] 仓库 https://github.com/AndroidAppsUsedByMyself/android-framework-jar-patching 9158h 未更新，跳过解析（无需追踪）
[2026-08-08 11:19:43] [W-23] ✅ 完成 [fork1] AndroidAppsUsedByMyself/android-framework-jar-patching | 提取 0 | 新增 0 | 耗时 0s | 配额 4515/4800 03:19UTC | 主队列 43/200 发现队列 146/20000 [[fork1]:104 [user0]:42] | Worker 28忙/8闲(77%)
[2026-08-08 11:19:43] [W-23] 🔧 开始处理 [fork1] KaliRootSuperUser/android-framework-jar-patching
[2026-08-08 11:19:43] [W-17] 📝 已处理缓存: hafeez3000/M365-IMAP
[2026-08-08 11:19:43] [W-17] ⏭️ [fork1] 仓库 https://github.com/hafeez3000/M365-IMAP 34197h 未更新，跳过解析（无需追踪）
[2026-08-08 11:19:43] [W-17] ✅ 完成 [fork1] hafeez3000/M365-IMAP | 提取 0 | 新增 0 | 耗时 1s | 配额 4514/4800 03:19UTC | 主队列 43/200 发现队列 145/20000 [[fork1]:103 [user0]:42] | Worker 28忙/8闲(77%)
[2026-08-08 11:19:43] [W-17] 🔧 开始处理 [fork1] DHD2280/android-framework-jar-patching
[2026-08-08 11:19:44] [W-19] 📝 已处理缓存: arkangle/M365-IMAP
[2026-08-08 11:19:44] [W-19] ⏭️ [fork1] 仓库 https://github.com/arkangle/M365-IMAP 31846h 未更新，跳过解析（无需追踪）
[2026-08-08 11:19:44] [W-19] ✅ 完成 [fork1] arkangle/M365-IMAP | 提取 0 | 新增 0 | 耗时 1s | 配额 4513/4800 03:19UTC | 主队列 43/200 发现队列 144/20000 [[fork1]:102 [user0]:42] | Worker 28忙/8闲(77%)
[2026-08-08 11:19:44] [W-19] 🔧 开始处理 [种子仓库] zhalkzs/ACL4SSR [种子 99/744]
[2026-08-08 11:19:44] [W-25] 📝 已处理缓存: skrobul/M365-IMAP
[2026-08-08 11:19:44] [W-25] ⏭️ [fork1] 仓库 https://github.com/skrobul/M365-IMAP 48181h 未更新，跳过解析（无需追踪）
[2026-08-08 11:19:44] [W-25] ✅ 完成 [fork1] skrobul/M365-IMAP | 提取 0 | 新增 0 | 耗时 1s | 配额 4512/4800 03:19UTC | 主队列 42/200 发现队列 144/20000 [[fork1]:102 [user0]:42] | Worker 28忙/8闲(77%)
[2026-08-08 11:19:44] [W-25] 🔧 开始处理 [fork1] meseryxx/android-framework-jar-patching
[2026-08-08 11:19:44] [W-20] ⏭️ [种子仓库] 仓库 https://github.com/lilikimi/ACL4SSR 已解析，跳过解析（无需追踪）
[2026-08-08 11:19:44] [W-20] ✅ 完成 [种子仓库] lilikimi/ACL4SSR [种子 98/744] | 提取 0 | 新增 0 | 耗时 1s | 配额 4511/4800 03:19UTC | 主队列 42/200 发现队列 143/20000 [[fork1]:101 [user0]:42] | Worker 28忙/8闲(77%)
[2026-08-08 11:19:44] [W-20] 🔧 开始处理 [fork1] frdc/android-framework-jar-patching
[2026-08-08 11:19:44] [W-13] 📝 已处理缓存: MichaelAnckaert/M365-IMAP
[2026-08-08 11:19:44] [W-13] ⏭️ [fork1] 仓库 https://github.com/MichaelAnckaert/M365-IMAP 31846h 未更新，跳过解析（无需追踪）
[2026-08-08 11:19:44] [W-13] ✅ 完成 [fork1] MichaelAnckaert/M365-IMAP | 提取 0 | 新增 0 | 耗时 1s | 配额 4510/4800 03:19UTC | 主队列 42/200 发现队列 142/20000 [[fork1]:100 [user0]:42] | Worker 28忙/8闲(77%)
[2026-08-08 11:19:44] [W-13] 🔧 开始处理 [fork1] starredjaco/android-framework-jar-patching
[2026-08-08 11:19:44] [ThreadPoolExecutor-172_0] 👤 来源仓库 Argh94/V2RayAutoConfig → 追踪用户 Argh94
[2026-08-08 11:19:44] [ThreadPoolExecutor-172_0] 👤 [种子仓库] 遍历用户仓库: Argh94
[2026-08-08 11:19:44] [W-14] 🌱 加入种子: imalyzer/mihomo-node-checker (提取 319 节点)
[2026-08-08 11:19:44] [W-14] ✅ 完成 [种子仓库] imalyzer/mihomo-node-checker [种子 71/744] | 提取 319 | 新增 2 | 耗时 33s | 配额 4509/4800 03:19UTC | 主队列 42/200 发现队列 141/20000 [[fork1]:99 [user0]:42] | Worker 28忙/8闲(77%)
[2026-08-08 11:19:44] [W-30] 📝 已处理缓存: chris001/M365-IMAP
[2026-08-08 11:19:44] [W-30] ⏭️ [fork1] 仓库 https://github.com/chris001/M365-IMAP 31846h 未更新，跳过解析（无需追踪）
[2026-08-08 11:19:44] [W-30] ✅ 完成 [fork1] chris001/M365-IMAP | 提取 0 | 新增 0 | 耗时 1s | 配额 4508/4800 03:19UTC | 主队列 41/200 发现队列 141/20000 [[fork1]:99 [user0]:42] | Worker 28忙/8闲(77%)
[2026-08-08 11:19:44] [W-30] 🔧 开始处理 [fork1] jacobocasado/android-framework-jar-patching
[2026-08-08 11:19:44] [W-8] 📝 已处理缓存: jsrjenkins/M365-IMAP
[2026-08-08 11:19:44] [W-8] ⏭️ [fork1] 仓库 https://github.com/jsrjenkins/M365-IMAP 34197h 未更新，跳过解析（无需追踪）
[2026-08-08 11:19:44] [W-8] ✅ 完成 [fork1] jsrjenkins/M365-IMAP | 提取 0 | 新增 0 | 耗时 1s | 配额 4507/4800 03:19UTC | 主队列 41/200 发现队列 140/20000 [[fork1]:98 [user0]:42] | Worker 28忙/8闲(77%)
[2026-08-08 11:19:44] [W-8] 🔧 开始处理 [fork1] hugoxue1/android-framework-jar-patching
[2026-08-08 11:19:44] [W-14] 🔧 开始处理 [种子仓库] orionmeetartemis/ACL4SSR [种子 100/744]
[2026-08-08 11:19:44] [W-7] 📝 已处理缓存: williamjameshandley/M365-IMAP
[2026-08-08 11:19:44] [W-7] ⏭️ [fork1] 仓库 https://github.com/williamjameshandley/M365-IMAP 45644h 未更新，跳过解析（无需追踪）
[2026-08-08 11:19:44] [W-7] ✅ 完成 [fork1] williamjameshandley/M365-IMAP | 提取 0 | 新增 0 | 耗时 1s | 配额 4506/4800 03:19UTC | 主队列 41/200 发现队列 139/20000 [[fork1]:97 [user0]:42] | Worker 29忙/7闲(80%)
[2026-08-08 11:19:44] [W-28] 📝 已处理缓存: benmont/M365-IMAP
[2026-08-08 11:19:44] [W-28] ⏭️ [fork1] 仓库 https://github.com/benmont/M365-IMAP 38132h 未更新，跳过解析（无需追踪）
[2026-08-08 11:19:44] [W-28] ✅ 完成 [fork1] benmont/M365-IMAP | 提取 0 | 新增 0 | 耗时 1s | 配额 4505/4800 03:19UTC | 主队列 41/200 发现队列 138/20000 [[fork1]:96 [user0]:42] | Worker 28忙/8闲(77%)
[2026-08-08 11:19:44] [W-28] 🔧 开始处理 [fork1] oanh242832609/android-framework-jar-patching
[2026-08-08 11:19:44] [W-7] 🔧 开始处理 [fork1] ccccoisini/android-framework-jar-patching
[2026-08-08 11:19:44] [W-35] 📝 已处理缓存: singer0503/opengfw
[2026-08-08 11:19:44] [W-35] ⏭️ [fork1] 仓库 https://github.com/singer0503/opengfw 15577h 未更新，跳过解析（无需追踪）
[2026-08-08 11:19:44] [W-35] ✅ 完成 [fork1] singer0503/opengfw | 提取 0 | 新增 0 | 耗时 1s | 配额 4504/4800 03:19UTC | 主队列 41/200 发现队列 137/20000 [[fork1]:95 [user0]:42] | Worker 29忙/7闲(80%)
[2026-08-08 11:19:44] [W-23] 📝 已处理缓存: KaliRootSuperUser/android-framework-jar-patching
[2026-08-08 11:19:44] [W-23] ⏭️ [fork1] 仓库 https://github.com/KaliRootSuperUser/android-framework-jar-patching 8890h 未更新，跳过解析（无需追踪）
[2026-08-08 11:19:44] [W-23] ✅ 完成 [fork1] KaliRootSuperUser/android-framework-jar-patching | 提取 0 | 新增 0 | 耗时 1s | 配额 4503/4800 03:19UTC | 主队列 41/200 发现队列 136/20000 [[fork1]:94 [user0]:42] | Worker 28忙/8闲(77%)
[2026-08-08 11:19:44] [W-23] 🔧 开始处理 [fork1] TestersNightmare/android-framework-jar-patching
[2026-08-08 11:19:44] [W-35] 🔧 开始处理 [fork1] m11-re/android-framework-jar-patching
[2026-08-08 11:19:44] [W-6] 🌱 加入种子: zieng2/wl (提取 318 节点)
[2026-08-08 11:19:44] [W-6] ✅ 完成 [raw1] zieng2/wl | 提取 318 | 新增 85 | 耗时 35s | 配额 4503/4800 03:19UTC | 主队列 41/200 发现队列 135/20000 [[fork1]:93 [user0]:42] | Worker 29忙/7闲(80%)
[2026-08-08 11:19:44] [W-6] 🔧 开始处理 [种子仓库] cmliu/ACL4SSR [种子 101/744]
[2026-08-08 11:19:44] [W-18] 📦 Partial Clone: 16 个文件（零 API 配额）
[2026-08-08 11:19:44] [W-19] ⏭️ [种子仓库] 仓库 https://github.com/zhalkzs/ACL4SSR 已解析，跳过解析（无需追踪）
[2026-08-08 11:19:44] [W-19] ✅ 完成 [种子仓库] zhalkzs/ACL4SSR [种子 99/744] | 提取 0 | 新增 0 | 耗时 1s | 配额 4502/4800 03:19UTC | 主队列 40/200 发现队列 135/20000 [[fork1]:93 [user0]:42] | Worker 29忙/7闲(80%)
[2026-08-08 11:19:44] [W-20] 📝 已处理缓存: frdc/android-framework-jar-patching
[2026-08-08 11:19:44] [W-20] ⏭️ [fork1] 仓库 https://github.com/frdc/android-framework-jar-patching 8890h 未更新，跳过解析（无需追踪）
[2026-08-08 11:19:44] [W-20] ✅ 完成 [fork1] frdc/android-framework-jar-patching | 提取 0 | 新增 0 | 耗时 1s | 配额 4501/4800 03:19UTC | 主队列 40/200 发现队列 134/20000 [[fork1]:92 [user0]:42] | Worker 28忙/8闲(77%)
[2026-08-08 11:19:44] [W-20] 🔧 开始处理 [fork1] shuaibibobo/android-framework-jar-patching
[2026-08-08 11:19:44] [W-19] 🔧 开始处理 [fork1] ndl1302732/android-framework-jar-patching
[2026-08-08 11:19:45] [W-17] 📝 已处理缓存: DHD2280/android-framework-jar-patching
[2026-08-08 11:19:45] [W-17] ⏭️ [fork1] 仓库 https://github.com/DHD2280/android-framework-jar-patching 10484h 未更新，跳过解析（无需追踪）
[2026-08-08 11:19:45] [W-17] ✅ 完成 [fork1] DHD2280/android-framework-jar-patching | 提取 0 | 新增 0 | 耗时 1s | 配额 4500/4800 03:19UTC | 主队列 40/200 发现队列 133/20000 [[fork1]:91 [user0]:42] | Worker 29忙/7闲(80%)
[2026-08-08 11:19:45] [W-25] 📝 已处理缓存: meseryxx/android-framework-jar-patching
[2026-08-08 11:19:45] [W-25] ⏭️ [fork1] 仓库 https://github.com/meseryxx/android-framework-jar-patching 8890h 未更新，跳过解析（无需追踪）
[2026-08-08 11:19:45] [W-25] ✅ 完成 [fork1] meseryxx/android-framework-jar-patching | 提取 0 | 新增 0 | 耗时 1s | 配额 4499/4800 03:19UTC | 主队列 40/200 发现队列 132/20000 [[fork1]:90 [user0]:42] | Worker 28忙/8闲(77%)
[2026-08-08 11:19:45] [W-25] 🔧 开始处理 [fork1] hoangkien1025/android-framework-jar-patching
[2026-08-08 11:19:45] [W-17] 🔧 开始处理 [fork1] satyamisme/android-framework-jar-patching
[2026-08-08 11:19:45] [W-13] 📝 已处理缓存: starredjaco/android-framework-jar-patching
[2026-08-08 11:19:45] [W-13] ⏭️ [fork1] 仓库 https://github.com/starredjaco/android-framework-jar-patching 8890h 未更新，跳过解析（无需追踪）
[2026-08-08 11:19:45] [W-13] ✅ 完成 [fork1] starredjaco/android-framework-jar-patching | 提取 0 | 新增 0 | 耗时 1s | 配额 4498/4800 03:19UTC | 主队列 40/200 发现队列 131/20000 [[fork1]:89 [user0]:42] | Worker 29忙/7闲(80%)
[2026-08-08 11:19:45] [W-13] 🔧 开始处理 [fork1] lucnguyen06/android-framework-jar-patching
[2026-08-08 11:19:45] [W-14] ⏭️ [种子仓库] 仓库 https://github.com/orionmeetartemis/ACL4SSR 已解析，跳过解析（无需追踪）
[2026-08-08 11:19:45] [W-14] ✅ 完成 [种子仓库] orionmeetartemis/ACL4SSR [种子 100/744] | 提取 0 | 新增 0 | 耗时 1s | 配额 4497/4800 03:19UTC | 主队列 40/200 发现队列 130/20000 [[fork1]:88 [user0]:42] | Worker 29忙/7闲(80%)
[2026-08-08 11:19:45] [W-14] 🔧 开始处理 [fork1] chancheung/android-framework-jar-patching
[2026-08-08 11:19:45] [W-7] 📝 已处理缓存: ccccoisini/android-framework-jar-patching
[2026-08-08 11:19:45] [W-7] ⏭️ [fork1] 仓库 https://github.com/ccccoisini/android-framework-jar-patching 8890h 未更新，跳过解析（无需追踪）
[2026-08-08 11:19:45] [W-7] ✅ 完成 [fork1] ccccoisini/android-framework-jar-patching | 提取 0 | 新增 0 | 耗时 1s | 配额 4496/4800 03:19UTC | 主队列 40/200 发现队列 129/20000 [[fork1]:87 [user0]:42] | Worker 29忙/7闲(80%)
[2026-08-08 11:19:45] [W-7] 🔧 开始处理 [fork1] gofunz/android-framework-jar-patching
[2026-08-08 11:19:45] [W-28] 📝 已处理缓存: oanh242832609/android-framework-jar-patching
[2026-08-08 11:19:45] [W-28] ⏭️ [fork1] 仓库 https://github.com/oanh242832609/android-framework-jar-patching 8890h 未更新，跳过解析（无需追踪）
[2026-08-08 11:19:45] [W-28] ✅ 完成 [fork1] oanh242832609/android-framework-jar-patching | 提取 0 | 新增 0 | 耗时 1s | 配额 4495/4800 03:19UTC | 主队列 40/200 发现队列 128/20000 [[fork1]:86 [user0]:42] | Worker 29忙/7闲(80%)
[2026-08-08 11:19:45] [W-28] 🔧 开始处理 [fork1] tuyendinhit/android-framework-jar-patching
[2026-08-08 11:19:45] [W-23] 📝 已处理缓存: TestersNightmare/android-framework-jar-patching
[2026-08-08 11:19:45] [W-23] ⏭️ [fork1] 仓库 https://github.com/TestersNightmare/android-framework-jar-patching 8890h 未更新，跳过解析（无需追踪）
[2026-08-08 11:19:45] [W-23] ✅ 完成 [fork1] TestersNightmare/android-framework-jar-patching | 提取 0 | 新增 0 | 耗时 1s | 配额 4494/4800 03:19UTC | 主队列 40/200 发现队列 127/20000 [[fork1]:85 [user0]:42] | Worker 29忙/7闲(80%)
[2026-08-08 11:19:45] [W-23] 🔧 开始处理 [fork1] CrackerCat/android-framework-jar-patching
[2026-08-08 11:19:45] [W-23] 📝 已处理缓存: CrackerCat/android-framework-jar-patching
[2026-08-08 11:19:45] [W-23] ⏭️ [fork1] 仓库 https://github.com/CrackerCat/android-framework-jar-patching 9548h 未更新，跳过解析（无需追踪）
[2026-08-08 11:19:45] [W-23] ✅ 完成 [fork1] CrackerCat/android-framework-jar-patching | 提取 0 | 新增 0 | 耗时 0s | 配额 4494/4800 03:19UTC | 主队列 40/200 发现队列 126/20000 [[fork1]:84 [user0]:42] | Worker 29忙/7闲(80%)
[2026-08-08 11:19:45] [W-23] 🔧 开始处理 [fork1] dep4/android-framework-jar-patching
[2026-08-08 11:19:45] [W-30] 📝 已处理缓存: jacobocasado/android-framework-jar-patching
[2026-08-08 11:19:45] [W-30] ⏭️ [fork1] 仓库 https://github.com/jacobocasado/android-framework-jar-patching 8890h 未更新，跳过解析（无需追踪）
[2026-08-08 11:19:45] [W-30] ✅ 完成 [fork1] jacobocasado/android-framework-jar-patching | 提取 0 | 新增 0 | 耗时 1s | 配额 4493/4800 03:19UTC | 主队列 40/200 发现队列 125/20000 [[fork1]:83 [user0]:42] | Worker 29忙/7闲(80%)
[2026-08-08 11:19:45] [W-30] 🔧 开始处理 [种子仓库] zwdnwlm/ACL4SSR [种子 102/744]
[2026-08-08 11:19:45] [W-8] 📝 已处理缓存: hugoxue1/android-framework-jar-patching
[2026-08-08 11:19:45] [W-8] ⏭️ [fork1] 仓库 https://github.com/hugoxue1/android-framework-jar-patching 8890h 未更新，跳过解析（无需追踪）
[2026-08-08 11:19:45] [W-8] ✅ 完成 [fork1] hugoxue1/android-framework-jar-patching | 提取 0 | 新增 0 | 耗时 1s | 配额 4492/4800 03:19UTC | 主队列 39/200 发现队列 125/20000 [[fork1]:83 [user0]:42] | Worker 29忙/7闲(80%)
[2026-08-08 11:19:45] repo info (shuaibibobo/android-framework-jar-patching) 404，跳过
[2026-08-08 11:19:45] [W-20] 🔍 仓库 shuaibibobo/android-framework-jar-patching 不存在（404），追踪用户
[2026-08-08 11:19:45] [W-20] 👤 [fork1] 遍历用户仓库: shuaibibobo
[2026-08-08 11:19:45] [W-8] 🔧 开始处理 [fork1] victor20010/android-framework-jar-patching
[2026-08-08 11:19:45] [W-8] 📝 已处理缓存: victor20010/android-framework-jar-patching
[2026-08-08 11:19:45] [W-8] ⏭️ [fork1] 仓库 https://github.com/victor20010/android-framework-jar-patching 10416h 未更新，跳过解析（无需追踪）
[2026-08-08 11:19:45] [W-8] ✅ 完成 [fork1] victor20010/android-framework-jar-patching | 提取 0 | 新增 0 | 耗时 0s | 配额 4491/4800 03:19UTC | 主队列 39/200 发现队列 124/20000 [[fork1]:82 [user0]:42] | Worker 29忙/7闲(80%)
[2026-08-08 11:19:45] [W-8] 🔧 开始处理 [fork1] Mad-Qj/android-framework-jar-patching
[2026-08-08 11:19:45] [W-20]   用户 shuaibibobo 共查 0 个仓库
[2026-08-08 11:19:45] [W-20] ✅ 完成 [fork1] shuaibibobo/android-framework-jar-patching | 提取 0 | 新增 0 | 耗时 1s | 配额 4490/4800 03:19UTC | 主队列 39/200 发现队列 123/20000 [[fork1]:81 [user0]:42] | Worker 29忙/7闲(80%)
[2026-08-08 11:19:45] [W-9] 📦 Partial Clone: 11 个文件（零 API 配额）
[2026-08-08 11:19:45] [W-6] ⏭️ [种子仓库] 仓库 https://github.com/cmliu/ACL4SSR 已解析，跳过解析（无需追踪）
[2026-08-08 11:19:45] [W-6] ✅ 完成 [种子仓库] cmliu/ACL4SSR [种子 101/744] | 提取 0 | 新增 0 | 耗时 1s | 配额 4489/4800 03:19UTC | 主队列 39/200 发现队列 122/20000 [[fork1]:80 [user0]:42] | Worker 27忙/9闲(75%)
[2026-08-08 11:19:45] [W-6] 🔧 开始处理 [fork1] ys1231/jadx
[2026-08-08 11:19:45] [W-6] 📝 已处理缓存: ys1231/jadx
[2026-08-08 11:19:45] [W-6] ⏭️ [fork1] 仓库 https://github.com/ys1231/jadx 9697h 未更新，跳过解析（无需追踪）
[2026-08-08 11:19:45] [W-6] ✅ 完成 [fork1] ys1231/jadx | 提取 0 | 新增 0 | 耗时 0s | 配额 4489/4800 03:19UTC | 主队列 39/200 发现队列 121/20000 [[fork1]:79 [user0]:42] | Worker 27忙/9闲(75%)
[2026-08-08 11:19:45] [W-6] 🔧 开始处理 [fork1] MuntashirAkon/jadx-android
[2026-08-08 11:19:45] [W-6] 📝 已处理缓存: MuntashirAkon/jadx-android
[2026-08-08 11:19:45] [W-6] ⏭️ [fork1] 仓库 https://github.com/MuntashirAkon/jadx-android 8349h 未更新，跳过解析（无需追踪）
[2026-08-08 11:19:45] [W-6] ✅ 完成 [fork1] MuntashirAkon/jadx-android | 提取 0 | 新增 0 | 耗时 0s | 配额 4489/4800 03:19UTC | 主队列 39/200 发现队列 120/20000 [[fork1]:78 [user0]:42] | Worker 27忙/9闲(75%)
[2026-08-08 11:19:45] [W-6] 🔧 开始处理 [fork1] NaikSoftware/jadx
[2026-08-08 11:19:45] [W-6] 📝 已处理缓存: NaikSoftware/jadx
[2026-08-08 11:19:45] [W-6] ⏭️ [fork1] 仓库 https://github.com/NaikSoftware/jadx 116299h 未更新，跳过解析（无需追踪）
[2026-08-08 11:19:45] [W-6] ✅ 完成 [fork1] NaikSoftware/jadx | 提取 0 | 新增 0 | 耗时 0s | 配额 4489/4800 03:19UTC | 主队列 39/200 发现队列 119/20000 [[fork1]:77 [user0]:42] | Worker 27忙/9闲(75%)
[2026-08-08 11:19:45] [W-6] 🔧 开始处理 [fork1] lucasbaizer-archive/apkSpy
[2026-08-08 11:19:45] [W-6] 📝 已处理缓存: lucasbaizer-archive/apkSpy
[2026-08-08 11:19:45] [W-6] ⏭️ [fork1] 仓库 https://github.com/lucasbaizer-archive/apkSpy 62815h 未更新，跳过解析（无需追踪）
[2026-08-08 11:19:45] [W-6] ✅ 完成 [fork1] lucasbaizer-archive/apkSpy | 提取 0 | 新增 0 | 耗时 0s | 配额 4489/4800 03:19UTC | 主队列 39/200 发现队列 118/20000 [[fork1]:76 [user0]:42] | Worker 27忙/9闲(75%)
[2026-08-08 11:19:45] [W-6] 🔧 开始处理 [fork1] SnowStar0423/jadx
[2026-08-08 11:19:45] [W-20] 🔧 开始处理 [fork1] NPC2000/android-framework-jar-patching
[2026-08-08 11:19:45] [W-25] 📝 已处理缓存: hoangkien1025/android-framework-jar-patching
[2026-08-08 11:19:45] [W-25] ⏭️ [fork1] 仓库 https://github.com/hoangkien1025/android-framework-jar-patching 13386h 未更新，跳过解析（无需追踪）
[2026-08-08 11:19:45] [W-25] ✅ 完成 [fork1] hoangkien1025/android-framework-jar-patching | 提取 0 | 新增 0 | 耗时 1s | 配额 4488/4800 03:19UTC | 主队列 39/200 发现队列 117/20000 [[fork1]:75 [user0]:42] | Worker 28忙/8闲(77%)
[2026-08-08 11:19:45] [W-19] 📝 已处理缓存: ndl1302732/android-framework-jar-patching
[2026-08-08 11:19:45] [W-19] ⏭️ [fork1] 仓库 https://github.com/ndl1302732/android-framework-jar-patching 10484h 未更新，跳过解析（无需追踪）
[2026-08-08 11:19:45] [W-19] ✅ 完成 [fork1] ndl1302732/android-framework-jar-patching | 提取 0 | 新增 0 | 耗时 1s | 配额 4487/4800 03:19UTC | 主队列 39/200 发现队列 116/20000 [[fork1]:74 [user0]:42] | Worker 27忙/9闲(75%)
[2026-08-08 11:19:45] [W-14] 📝 已处理缓存: chancheung/android-framework-jar-patching
[2026-08-08 11:19:45] [W-14] ⏭️ [fork1] 仓库 https://github.com/chancheung/android-framework-jar-patching 13386h 未更新，跳过解析（无需追踪）
[2026-08-08 11:19:45] [W-14] ✅ 完成 [fork1] chancheung/android-framework-jar-patching | 提取 0 | 新增 0 | 耗时 1s | 配额 4486/4800 03:19UTC | 主队列 39/200 发现队列 115/20000 [[fork1]:73 [user0]:42] | Worker 26忙/10闲(72%)
[2026-08-08 11:19:45] [W-14] 🔧 开始处理 [fork1] Qrilee/jadx
[2026-08-08 11:19:46] [W-25] 🔧 开始处理 [fork1] LunFengChen/jadx
[2026-08-08 11:19:46] [W-25] 📝 已处理缓存: LunFengChen/jadx
[2026-08-08 11:19:46] [W-25] ⏭️ [fork1] 仓库 https://github.com/LunFengChen/jadx 3664h 未更新，跳过解析（无需追踪）
[2026-08-08 11:19:46] [W-25] ✅ 完成 [fork1] LunFengChen/jadx | 提取 0 | 新增 0 | 耗时 0s | 配额 4486/4800 03:19UTC | 主队列 39/200 发现队列 114/20000 [[fork1]:72 [user0]:42] | Worker 27忙/9闲(75%)
[2026-08-08 11:19:46] [W-25] 🔧 开始处理 [fork1] taweryasopy/jadx
[2026-08-08 11:19:46] [W-14] 📝 已处理缓存: Qrilee/jadx
[2026-08-08 11:19:46] [W-14] ⏭️ [fork1] 仓库 https://github.com/Qrilee/jadx 75336h 未更新，跳过解析（无需追踪）
[2026-08-08 11:19:46] [W-14] ✅ 完成 [fork1] Qrilee/jadx | 提取 0 | 新增 0 | 耗时 0s | 配额 4486/4800 03:19UTC | 主队列 39/200 发现队列 113/20000 [[fork1]:71 [user0]:42] | Worker 27忙/9闲(75%)
[2026-08-08 11:19:46] [W-14] 🔧 开始处理 [fork1] jpstotz/jadx
[2026-08-08 11:19:46] [W-14] 📝 已处理缓存: jpstotz/jadx
[2026-08-08 11:19:46] [W-14] ⏭️ [fork1] 仓库 https://github.com/jpstotz/jadx 182h 未更新，跳过解析（无需追踪）
[2026-08-08 11:19:46] [W-14] ✅ 完成 [fork1] jpstotz/jadx | 提取 0 | 新增 0 | 耗时 0s | 配额 4486/4800 03:19UTC | 主队列 39/200 发现队列 112/20000 [[fork1]:70 [user0]:42] | Worker 27忙/9闲(75%)
[2026-08-08 11:19:46] [W-14] 🔧 开始处理 [fork1] deeptesh-rout/jadx
[2026-08-08 11:19:46] [W-35] 📝 已处理缓存: m11-re/android-framework-jar-patching
[2026-08-08 11:19:46] [W-35] ⏭️ [fork1] 仓库 https://github.com/m11-re/android-framework-jar-patching 8890h 未更新，跳过解析（无需追踪）
[2026-08-08 11:19:46] [W-35] ✅ 完成 [fork1] m11-re/android-framework-jar-patching | 提取 0 | 新增 0 | 耗时 1s | 配额 4485/4800 03:19UTC | 主队列 39/200 发现队列 111/20000 [[fork1]:69 [user0]:42] | Worker 27忙/9闲(75%)
[2026-08-08 11:19:46] [W-35] 🔧 开始处理 [fork1] NSECDEF/JADX
[2026-08-08 11:19:46] [W-17] 📝 已处理缓存: satyamisme/android-framework-jar-patching
[2026-08-08 11:19:46] [W-17] ⏭️ [fork1] 仓库 https://github.com/satyamisme/android-framework-jar-patching 10484h 未更新，跳过解析（无需追踪）
[2026-08-08 11:19:46] [W-17] ✅ 完成 [fork1] satyamisme/android-framework-jar-patching | 提取 0 | 新增 0 | 耗时 1s | 配额 4484/4800 03:19UTC | 主队列 39/200 发现队列 110/20000 [[fork1]:68 [user0]:42] | Worker 27忙/9闲(75%)
[2026-08-08 11:19:46] [W-17] 🔧 开始处理 [fork1] imagination76/jadx
[2026-08-08 11:19:46] [W-28] 📝 已处理缓存: tuyendinhit/android-framework-jar-patching
[2026-08-08 11:19:46] [W-28] ⏭️ [fork1] 仓库 https://github.com/tuyendinhit/android-framework-jar-patching 16576h 未更新，跳过解析（无需追踪）
[2026-08-08 11:19:46] [W-28] ✅ 完成 [fork1] tuyendinhit/android-framework-jar-patching | 提取 0 | 新增 0 | 耗时 1s | 配额 4483/4800 03:19UTC | 主队列 39/200 发现队列 109/20000 [[fork1]:67 [user0]:42] | Worker 27忙/9闲(75%)
[2026-08-08 11:19:46] [W-28] 🔧 开始处理 [fork1] eybisi/jadx
[2026-08-08 11:19:46] [W-28] 📝 已处理缓存: eybisi/jadx
[2026-08-08 11:19:46] [W-28] ⏭️ [fork1] 仓库 https://github.com/eybisi/jadx 10087h 未更新，跳过解析（无需追踪）
[2026-08-08 11:19:46] [W-28] ✅ 完成 [fork1] eybisi/jadx | 提取 0 | 新增 0 | 耗时 0s | 配额 4483/4800 03:19UTC | 主队列 39/200 发现队列 108/20000 [[fork1]:66 [user0]:42] | Worker 27忙/9闲(75%)
[2026-08-08 11:19:46] [W-28] 🔧 开始处理 [fork1] liewec/jadx
[2026-08-08 11:19:46] [W-28] 📝 已处理缓存: liewec/jadx
[2026-08-08 11:19:46] [W-28] ⏭️ [fork1] 仓库 https://github.com/liewec/jadx 281h 未更新，跳过解析（无需追踪）
[2026-08-08 11:19:46] [W-28] ✅ 完成 [fork1] liewec/jadx | 提取 0 | 新增 0 | 耗时 0s | 配额 4483/4800 03:19UTC | 主队列 39/200 发现队列 107/20000 [[fork1]:65 [user0]:42] | Worker 27忙/9闲(75%)
[2026-08-08 11:19:46] [W-28] 🔧 开始处理 [fork1] Aliucord/jadx
[2026-08-08 11:19:46] [W-28] 📝 已处理缓存: Aliucord/jadx
[2026-08-08 11:19:46] [W-28] ⏭️ [fork1] 仓库 https://github.com/Aliucord/jadx 7785h 未更新，跳过解析（无需追踪）
[2026-08-08 11:19:46] [W-28] ✅ 完成 [fork1] Aliucord/jadx | 提取 0 | 新增 0 | 耗时 0s | 配额 4483/4800 03:19UTC | 主队列 39/200 发现队列 106/20000 [[fork1]:64 [user0]:42] | Worker 27忙/9闲(75%)
[2026-08-08 11:19:46] [W-28] 🔧 开始处理 [fork1] CunningLogic/jadx
[2026-08-08 11:19:46] [W-28] 📝 已处理缓存: CunningLogic/jadx
[2026-08-08 11:19:46] [W-28] ⏭️ [fork1] 仓库 https://github.com/CunningLogic/jadx 108632h 未更新，跳过解析（无需追踪）
[2026-08-08 11:19:46] [W-28] ✅ 完成 [fork1] CunningLogic/jadx | 提取 0 | 新增 0 | 耗时 0s | 配额 4483/4800 03:19UTC | 主队列 39/200 发现队列 105/20000 [[fork1]:63 [user0]:42] | Worker 27忙/9闲(75%)
[2026-08-08 11:19:46] [W-28] 🔧 开始处理 [fork1] daramos/jadx
[2026-08-08 11:19:46] [W-28] 📝 已处理缓存: daramos/jadx
[2026-08-08 11:19:46] [W-28] ⏭️ [fork1] 仓库 https://github.com/daramos/jadx 81266h 未更新，跳过解析（无需追踪）
[2026-08-08 11:19:46] [W-28] ✅ 完成 [fork1] daramos/jadx | 提取 0 | 新增 0 | 耗时 0s | 配额 4483/4800 03:19UTC | 主队列 39/200 发现队列 104/20000 [[fork1]:62 [user0]:42] | Worker 27忙/9闲(75%)
[2026-08-08 11:19:46] [W-28] 🔧 开始处理 [fork1] iscle/jadx
[2026-08-08 11:19:46] [W-28] 📝 已处理缓存: iscle/jadx
[2026-08-08 11:19:46] [W-28] ⏭️ [fork1] 仓库 https://github.com/iscle/jadx 5817h 未更新，跳过解析（无需追踪）
[2026-08-08 11:19:46] [W-28] ✅ 完成 [fork1] iscle/jadx | 提取 0 | 新增 0 | 耗时 0s | 配额 4483/4800 03:19UTC | 主队列 39/200 发现队列 103/20000 [[fork1]:61 [user0]:42] | Worker 27忙/9闲(75%)
[2026-08-08 11:19:46] [W-28] 🔧 开始处理 [fork1] timschneeb/jadx
[2026-08-08 11:19:46] [W-28] 📝 已处理缓存: timschneeb/jadx
[2026-08-08 11:19:46] [W-28] ⏭️ [fork1] 仓库 https://github.com/timschneeb/jadx 14965h 未更新，跳过解析（无需追踪）
[2026-08-08 11:19:46] [W-28] ✅ 完成 [fork1] timschneeb/jadx | 提取 0 | 新增 0 | 耗时 0s | 配额 4483/4800 03:19UTC | 主队列 39/200 发现队列 102/20000 [[fork1]:60 [user0]:42] | Worker 27忙/9闲(75%)
[2026-08-08 11:19:46] [W-28] 🔧 开始处理 [fork1] Brainhub24/jadx-decompiler
[2026-08-08 11:19:46] [W-8] 📝 已处理缓存: Mad-Qj/android-framework-jar-patching
[2026-08-08 11:19:46] [W-8] ⏭️ [fork1] 仓库 https://github.com/Mad-Qj/android-framework-jar-patching 18013h 未更新，跳过解析（无需追踪）
[2026-08-08 11:19:46] [W-8] ✅ 完成 [fork1] Mad-Qj/android-framework-jar-patching | 提取 0 | 新增 0 | 耗时 1s | 配额 4482/4800 03:19UTC | 主队列 39/200 发现队列 101/20000 [[fork1]:59 [user0]:42] | Worker 27忙/9闲(75%)
[2026-08-08 11:19:46] [W-23] 📝 已处理缓存: dep4/android-framework-jar-patching
[2026-08-08 11:19:46] [W-23] ⏭️ [fork1] 仓库 https://github.com/dep4/android-framework-jar-patching 16576h 未更新，跳过解析（无需追踪）
[2026-08-08 11:19:46] [W-23] ✅ 完成 [fork1] dep4/android-framework-jar-patching | 提取 0 | 新增 0 | 耗时 1s | 配额 4481/4800 03:19UTC | 主队列 39/200 发现队列 100/20000 [[fork1]:58 [user0]:42] | Worker 26忙/10闲(72%)
[2026-08-08 11:19:46] [W-23] 🔧 开始处理 [fork1] Mino260806/jadx
[2026-08-08 11:19:46] [W-23] 📝 已处理缓存: Mino260806/jadx
[2026-08-08 11:19:46] [W-23] ⏭️ [fork1] 仓库 https://github.com/Mino260806/jadx 17359h 未更新，跳过解析（无需追踪）
[2026-08-08 11:19:46] [W-23] ✅ 完成 [fork1] Mino260806/jadx | 提取 0 | 新增 0 | 耗时 0s | 配额 4481/4800 03:19UTC | 主队列 39/200 发现队列 99/20000 [[fork1]:57 [user0]:42] | Worker 26忙/10闲(72%)
[2026-08-08 11:19:46] [W-23] 🔧 开始处理 [fork1] FDlucifer/jadx
[2026-08-08 11:19:46] [W-30] ⏭️ [种子仓库] 仓库 https://github.com/zwdnwlm/ACL4SSR 已解析，跳过解析（无需追踪）
[2026-08-08 11:19:46] [W-30] ✅ 完成 [种子仓库] zwdnwlm/ACL4SSR [种子 102/744] | 提取 0 | 新增 0 | 耗时 1s | 配额 4480/4800 03:19UTC | 主队列 39/200 发现队列 98/20000 [[fork1]:56 [user0]:42] | Worker 26忙/10闲(72%)
[2026-08-08 11:19:46] [W-18] 仓库 https://github.com/HakurouKen/free-node 候选文件 1 个
[2026-08-08 11:19:46] [W-30] 🔧 开始处理 [fork1] dstmath/jadx
[2026-08-08 11:19:46] [W-30] 📝 已处理缓存: dstmath/jadx
[2026-08-08 11:19:46] [W-30] ⏭️ [fork1] 仓库 https://github.com/dstmath/jadx 4146h 未更新，跳过解析（无需追踪）
[2026-08-08 11:19:46] [W-30] ✅ 完成 [fork1] dstmath/jadx | 提取 0 | 新增 0 | 耗时 0s | 配额 4480/4800 03:19UTC | 主队列 39/200 发现队列 97/20000 [[fork1]:55 [user0]:42] | Worker 26忙/10闲(72%)
[2026-08-08 11:19:46] [W-30] 🔧 开始处理 [fork1] lqfy-jhc/jadx
[2026-08-08 11:19:46] [W-30] 📝 已处理缓存: lqfy-jhc/jadx
[2026-08-08 11:19:46] [W-30] ⏭️ [fork1] 仓库 https://github.com/lqfy-jhc/jadx 23032h 未更新，跳过解析（无需追踪）
[2026-08-08 11:19:46] [W-30] ✅ 完成 [fork1] lqfy-jhc/jadx | 提取 0 | 新增 0 | 耗时 0s | 配额 4480/4800 03:19UTC | 主队列 39/200 发现队列 96/20000 [[fork1]:54 [user0]:42] | Worker 26忙/10闲(72%)
[2026-08-08 11:19:46] [W-30] 🔧 开始处理 [fork1] 3125788/jadx
[2026-08-08 11:19:46] [W-30] 📝 已处理缓存: 3125788/jadx
[2026-08-08 11:19:46] [W-30] ⏭️ [fork1] 仓库 https://github.com/3125788/jadx 102848h 未更新，跳过解析（无需追踪）
[2026-08-08 11:19:46] [W-30] ✅ 完成 [fork1] 3125788/jadx | 提取 0 | 新增 0 | 耗时 0s | 配额 4480/4800 03:19UTC | 主队列 39/200 发现队列 95/20000 [[fork1]:53 [user0]:42] | Worker 26忙/10闲(72%)
[2026-08-08 11:19:46] [W-30] 🔧 开始处理 [fork1] qluan/jadx
[2026-08-08 11:19:46] [W-30] 📝 已处理缓存: qluan/jadx
[2026-08-08 11:19:46] [W-30] ⏭️ [fork1] 仓库 https://github.com/qluan/jadx 101291h 未更新，跳过解析（无需追踪）
[2026-08-08 11:19:46] [W-30] ✅ 完成 [fork1] qluan/jadx | 提取 0 | 新增 0 | 耗时 0s | 配额 4480/4800 03:19UTC | 主队列 39/200 发现队列 94/20000 [[fork1]:52 [user0]:42] | Worker 26忙/10闲(72%)
[2026-08-08 11:19:46] [W-30] 🔧 开始处理 [fork1] oyamo/jadx
[2026-08-08 11:19:46] [W-13] 📝 已处理缓存: lucnguyen06/android-framework-jar-patching
[2026-08-08 11:19:46] [W-13] ⏭️ [fork1] 仓库 https://github.com/lucnguyen06/android-framework-jar-patching 13386h 未更新，跳过解析（无需追踪）
[2026-08-08 11:19:46] [W-13] ✅ 完成 [fork1] lucnguyen06/android-framework-jar-patching | 提取 0 | 新增 0 | 耗时 1s | 配额 4479/4800 03:19UTC | 主队列 39/200 发现队列 93/20000 [[fork1]:51 [user0]:42] | Worker 26忙/10闲(72%)
[2026-08-08 11:19:46] [W-13] 🔧 开始处理 [fork1] SnowVolf/jadx
[2026-08-08 11:19:46] [W-13] 📝 已处理缓存: SnowVolf/jadx
[2026-08-08 11:19:46] [W-13] ⏭️ [fork1] 仓库 https://github.com/SnowVolf/jadx 18514h 未更新，跳过解析（无需追踪）
[2026-08-08 11:19:46] [W-13] ✅ 完成 [fork1] SnowVolf/jadx | 提取 0 | 新增 0 | 耗时 0s | 配额 4479/4800 03:19UTC | 主队列 39/200 发现队列 92/20000 [[fork1]:50 [user0]:42] | Worker 26忙/10闲(72%)
[2026-08-08 11:19:46] [W-13] 🔧 开始处理 [fork1] waruqi/jadx
[2026-08-08 11:19:46] [W-13] 📝 已处理缓存: waruqi/jadx
[2026-08-08 11:19:46] [W-13] ⏭️ [fork1] 仓库 https://github.com/waruqi/jadx 89753h 未更新，跳过解析（无需追踪）
[2026-08-08 11:19:46] [W-13] ✅ 完成 [fork1] waruqi/jadx | 提取 0 | 新增 0 | 耗时 0s | 配额 4479/4800 03:19UTC | 主队列 39/200 发现队列 91/20000 [[fork1]:49 [user0]:42] | Worker 26忙/10闲(72%)
[2026-08-08 11:19:46] [W-13] 🔧 开始处理 [fork1] tiann/jadx
[2026-08-08 11:19:46] [W-13] 📝 已处理缓存: tiann/jadx
[2026-08-08 11:19:46] [W-13] ⏭️ [fork1] 仓库 https://github.com/tiann/jadx 86878h 未更新，跳过解析（无需追踪）
[2026-08-08 11:19:46] [W-13] ✅ 完成 [fork1] tiann/jadx | 提取 0 | 新增 0 | 耗时 0s | 配额 4479/4800 03:19UTC | 主队列 39/200 发现队列 90/20000 [[fork1]:48 [user0]:42] | Worker 26忙/10闲(72%)
[2026-08-08 11:19:46] [W-13] 🔧 开始处理 [fork1] arkadii911/jadx
[2026-08-08 11:19:46] [W-19] 🔧 开始处理 [fork1] samudoria/jadx_native
[2026-08-08 11:19:46] [W-19] 📝 已处理缓存: samudoria/jadx_native
[2026-08-08 11:19:46] [W-19] ⏭️ [fork1] 仓库 https://github.com/samudoria/jadx_native 136h 未更新，跳过解析（无需追踪）
[2026-08-08 11:19:46] [W-19] ✅ 完成 [fork1] samudoria/jadx_native | 提取 0 | 新增 0 | 耗时 0s | 配额 4479/4800 03:19UTC | 主队列 39/200 发现队列 89/20000 [[fork1]:47 [user0]:42] | Worker 27忙/9闲(75%)
[2026-08-08 11:19:46] [W-19] 🔧 开始处理 [fork1] Trity93/jadx
[2026-08-08 11:19:46] [W-19] 📝 已处理缓存: Trity93/jadx
[2026-08-08 11:19:46] [W-19] ⏭️ [fork1] 仓库 https://github.com/Trity93/jadx 94147h 未更新，跳过解析（无需追踪）
[2026-08-08 11:19:46] [W-19] ✅ 完成 [fork1] Trity93/jadx | 提取 0 | 新增 0 | 耗时 0s | 配额 4479/4800 03:19UTC | 主队列 39/200 发现队列 88/20000 [[fork1]:46 [user0]:42] | Worker 27忙/9闲(75%)
[2026-08-08 11:19:46] [W-19] 🔧 开始处理 [fork1] Alista678/jadx
[2026-08-08 11:19:46] [W-8] 🔧 开始处理 [fork1] bkerler/jadx
[2026-08-08 11:19:46] [W-8] 📝 已处理缓存: bkerler/jadx
[2026-08-08 11:19:46] [W-8] ⏭️ [fork1] 仓库 https://github.com/bkerler/jadx 86414h 未更新，跳过解析（无需追踪）
[2026-08-08 11:19:46] [W-8] ✅ 完成 [fork1] bkerler/jadx | 提取 0 | 新增 0 | 耗时 0s | 配额 4479/4800 03:19UTC | 主队列 39/200 发现队列 87/20000 [[fork1]:45 [user0]:42] | Worker 28忙/8闲(77%)
[2026-08-08 11:19:46] [W-8] 🔧 开始处理 [fork1] nuptboyzhb/jadx
[2026-08-08 11:19:46] [W-8] 📝 已处理缓存: nuptboyzhb/jadx
[2026-08-08 11:19:46] [W-8] ⏭️ [fork1] 仓库 https://github.com/nuptboyzhb/jadx 93059h 未更新，跳过解析（无需追踪）
[2026-08-08 11:19:46] [W-8] ✅ 完成 [fork1] nuptboyzhb/jadx | 提取 0 | 新增 0 | 耗时 0s | 配额 4479/4800 03:19UTC | 主队列 39/200 发现队列 86/20000 [[fork1]:44 [user0]:42] | Worker 28忙/8闲(77%)
[2026-08-08 11:19:46] [W-8] 🔧 开始处理 [fork1] niranjan94/jadx
[2026-08-08 11:19:46] [W-8] 📝 已处理缓存: niranjan94/jadx
[2026-08-08 11:19:46] [W-8] ⏭️ [fork1] 仓库 https://github.com/niranjan94/jadx 90518h 未更新，跳过解析（无需追踪）
[2026-08-08 11:19:46] [W-8] ✅ 完成 [fork1] niranjan94/jadx | 提取 0 | 新增 0 | 耗时 0s | 配额 4479/4800 03:19UTC | 主队列 39/200 发现队列 85/20000 [[fork1]:43 [user0]:42] | Worker 28忙/8闲(77%)
[2026-08-08 11:19:46] [W-8] 🔧 开始处理 [fork1] LloydFinch/jadx
[2026-08-08 11:19:46] [W-8] 📝 已处理缓存: LloydFinch/jadx
[2026-08-08 11:19:46] [W-8] ⏭️ [fork1] 仓库 https://github.com/LloydFinch/jadx 62552h 未更新，跳过解析（无需追踪）
[2026-08-08 11:19:46] [W-8] ✅ 完成 [fork1] LloydFinch/jadx | 提取 0 | 新增 0 | 耗时 0s | 配额 4479/4800 03:19UTC | 主队列 39/200 发现队列 84/20000 [[fork1]:42 [user0]:42] | Worker 28忙/8闲(77%)
[2026-08-08 11:19:46] [W-8] 🔧 开始处理 [fork1] 2322222223/jadx
[2026-08-08 11:19:46] [W-7] 📝 已处理缓存: gofunz/android-framework-jar-patching
[2026-08-08 11:19:46] [W-7] ⏭️ [fork1] 仓库 https://github.com/gofunz/android-framework-jar-patching 13386h 未更新，跳过解析（无需追踪）
[2026-08-08 11:19:46] [W-7] ✅ 完成 [fork1] gofunz/android-framework-jar-patching | 提取 0 | 新增 0 | 耗时 1s | 配额 4478/4800 03:19UTC | 主队列 39/200 发现队列 83/20000 [[fork1]:41 [user0]:42] | Worker 28忙/8闲(77%)
[2026-08-08 11:19:46] [W-7] 🔧 开始处理 [fork1] alexcolls/jadx
[2026-08-08 11:19:46] [W-1] 📦 Partial Clone: 10 个文件（零 API 配额）
[2026-08-08 11:19:46] [W-6] 📝 已处理缓存: SnowStar0423/jadx
[2026-08-08 11:19:46] [W-6] ⏭️ [fork1] 仓库 https://github.com/SnowStar0423/jadx 21680h 未更新，跳过解析（无需追踪）
[2026-08-08 11:19:46] [W-6] ✅ 完成 [fork1] SnowStar0423/jadx | 提取 0 | 新增 0 | 耗时 1s | 配额 4477/4800 03:19UTC | 主队列 39/200 发现队列 82/20000 [[fork1]:40 [user0]:42] | Worker 27忙/9闲(75%)
[2026-08-08 11:19:46] [W-6] 🔧 开始处理 [fork1] jiandaima/jadx
[2026-08-08 11:19:46] [W-6] 📝 已处理缓存: jiandaima/jadx
[2026-08-08 11:19:46] [W-6] ⏭️ [fork1] 仓库 https://github.com/jiandaima/jadx 89753h 未更新，跳过解析（无需追踪）
[2026-08-08 11:19:46] [W-6] ✅ 完成 [fork1] jiandaima/jadx | 提取 0 | 新增 0 | 耗时 0s | 配额 4477/4800 03:19UTC | 主队列 39/200 发现队列 81/20000 [[fork1]:39 [user0]:42] | Worker 27忙/9闲(75%)
[2026-08-08 11:19:46] [W-6] 🔧 开始处理 [fork1] ITMonkeys/jadx
[2026-08-08 11:19:46] [W-6] 📝 已处理缓存: ITMonkeys/jadx
[2026-08-08 11:19:46] [W-6] ⏭️ [fork1] 仓库 https://github.com/ITMonkeys/jadx 89753h 未更新，跳过解析（无需追踪）
[2026-08-08 11:19:46] [W-6] ✅ 完成 [fork1] ITMonkeys/jadx | 提取 0 | 新增 0 | 耗时 0s | 配额 4477/4800 03:19UTC | 主队列 39/200 发现队列 80/20000 [[fork1]:38 [user0]:42] | Worker 27忙/9闲(75%)
[2026-08-08 11:19:46] [W-6] 🔧 开始处理 [fork1] xiaanming/jadx
[2026-08-08 11:19:46] [W-6] 📝 已处理缓存: xiaanming/jadx
[2026-08-08 11:19:46] [W-1] 仓库 https://github.com/Andyworldclub/openproxylist 候选文件 9 个
[2026-08-08 11:19:46] [W-6] ⏭️ [fork1] 仓库 https://github.com/xiaanming/jadx 95745h 未更新，跳过解析（无需追踪）
[2026-08-08 11:19:46] [W-6] ✅ 完成 [fork1] xiaanming/jadx | 提取 0 | 新增 0 | 耗时 0s | 配额 4477/4800 03:19UTC | 主队列 39/200 发现队列 79/20000 [[fork1]:37 [user0]:42] | Worker 27忙/9闲(75%)
[2026-08-08 11:19:46] [W-6] 🔧 开始处理 [fork1] CNXTEoEorg/jadx
[2026-08-08 11:19:46] [W-6] 📝 已处理缓存: CNXTEoEorg/jadx
[2026-08-08 11:19:46] [W-6] ⏭️ [fork1] 仓库 https://github.com/CNXTEoEorg/jadx 79533h 未更新，跳过解析（无需追踪）
[2026-08-08 11:19:46] [W-6] ✅ 完成 [fork1] CNXTEoEorg/jadx | 提取 0 | 新增 0 | 耗时 0s | 配额 4477/4800 03:19UTC | 主队列 39/200 发现队列 78/20000 [[fork1]:36 [user0]:42] | Worker 27忙/9闲(75%)
[2026-08-08 11:19:46] [W-6] 🔧 开始处理 [fork1] hendriku/jadx
[2026-08-08 11:19:46] [W-20] 📝 已处理缓存: NPC2000/android-framework-jar-patching
[2026-08-08 11:19:46] [W-20] ⏭️ [fork1] 仓库 https://github.com/NPC2000/android-framework-jar-patching 18013h 未更新，跳过解析（无需追踪）
[2026-08-08 11:19:46] [W-20] ✅ 完成 [fork1] NPC2000/android-framework-jar-patching | 提取 0 | 新增 0 | 耗时 1s | 配额 4476/4800 03:19UTC | 主队列 39/200 发现队列 77/20000 [[fork1]:35 [user0]:42] | Worker 27忙/9闲(75%)
[2026-08-08 11:19:46] [W-20] 🔧 开始处理 [fork1] sigma-random/jadx
[2026-08-08 11:19:46] [W-20] 📝 已处理缓存: sigma-random/jadx
[2026-08-08 11:19:46] [W-20] ⏭️ [fork1] 仓库 https://github.com/sigma-random/jadx 95792h 未更新，跳过解析（无需追踪）
[2026-08-08 11:19:46] [W-20] ✅ 完成 [fork1] sigma-random/jadx | 提取 0 | 新增 0 | 耗时 0s | 配额 4476/4800 03:19UTC | 主队列 39/200 发现队列 76/20000 [[fork1]:34 [user0]:42] | Worker 27忙/9闲(75%)
[2026-08-08 11:19:46] [W-20] 🔧 开始处理 [fork1] Mr-P1nqu3/jadx
[2026-08-08 11:19:46] [W-25] 📝 已处理缓存: taweryasopy/jadx
[2026-08-08 11:19:46] [W-25] ⏭️ [fork1] 仓库 https://github.com/taweryasopy/jadx 19696h 未更新，跳过解析（无需追踪）
[2026-08-08 11:19:46] [W-25] ✅ 完成 [fork1] taweryasopy/jadx | 提取 0 | 新增 0 | 耗时 1s | 配额 4474/4800 03:19UTC | 主队列 39/200 发现队列 75/20000 [[fork1]:33 [user0]:42] | Worker 27忙/9闲(75%)
[2026-08-08 11:19:46] [W-25] 🔧 开始处理 [fork1] dehghanGit/jadx
[2026-08-08 11:19:46] [W-25] 📝 已处理缓存: dehghanGit/jadx
[2026-08-08 11:19:46] [W-25] ⏭️ [fork1] 仓库 https://github.com/dehghanGit/jadx 65433h 未更新，跳过解析（无需追踪）
[2026-08-08 11:19:46] [W-25] ✅ 完成 [fork1] dehghanGit/jadx | 提取 0 | 新增 0 | 耗时 0s | 配额 4474/4800 03:19UTC | 主队列 39/200 发现队列 74/20000 [[fork1]:32 [user0]:42] | Worker 27忙/9闲(75%)
[2026-08-08 11:19:46] [W-25] 🔧 开始处理 [fork1] AndlyGao/jadx
[2026-08-08 11:19:47] [ThreadPoolExecutor-172_0]   👤 用户仓库: 29/30 个 → 主队列 39/200 发现队列 102/20000 [[fork1]:31 [user0]:42 [user1]:29] | Worker 27忙/9闲(75%)
[2026-08-08 11:19:47] [ThreadPoolExecutor-172_0]   用户 Argh94 共查 30 个仓库
[2026-08-08 11:19:47] [W-19] 📝 已处理缓存: Alista678/jadx
[2026-08-08 11:19:47] [W-19] ⏭️ [fork1] 仓库 https://github.com/Alista678/jadx 26940h 未更新，跳过解析（无需追踪）
[2026-08-08 11:19:47] [W-19] ✅ 完成 [fork1] Alista678/jadx | 提取 0 | 新增 0 | 耗时 1s | 配额 4472/4800 03:19UTC | 主队列 39/200 发现队列 103/20000 [[fork1]:31 [raw1]:1 [user0]:42 [user1]:29] | Worker 27忙/9闲(75%)
[2026-08-08 11:19:47] [W-19] 🔧 开始处理 [fork1] wenrenzhong/jadx
[2026-08-08 11:19:47] [W-19] 📝 已处理缓存: wenrenzhong/jadx
[2026-08-08 11:19:47] [W-19] ⏭️ [fork1] 仓库 https://github.com/wenrenzhong/jadx 60944h 未更新，跳过解析（无需追踪）
[2026-08-08 11:19:47] [W-19] ✅ 完成 [fork1] wenrenzhong/jadx | 提取 0 | 新增 0 | 耗时 0s | 配额 4472/4800 03:19UTC | 主队列 39/200 发现队列 102/20000 [[fork1]:30 [raw1]:1 [user0]:42 [user1]:29] | Worker 27忙/9闲(75%)
[2026-08-08 11:19:47] [W-19] 🔧 开始处理 [fork1] xihuannioyj/jadx
[2026-08-08 11:19:47] [W-23] 📝 已处理缓存: FDlucifer/jadx
[2026-08-08 11:19:47] [W-23] ⏭️ [fork1] 仓库 https://github.com/FDlucifer/jadx 54565h 未更新，跳过解析（无需追踪）
[2026-08-08 11:19:47] [W-23] ✅ 完成 [fork1] FDlucifer/jadx | 提取 0 | 新增 0 | 耗时 1s | 配额 4471/4800 03:19UTC | 主队列 39/200 发现队列 101/20000 [[fork1]:29 [raw1]:1 [user0]:42 [user1]:29] | Worker 27忙/9闲(75%)
[2026-08-08 11:19:47] [W-30] 📝 已处理缓存: oyamo/jadx
[2026-08-08 11:19:47] [W-30] ⏭️ [fork1] 仓库 https://github.com/oyamo/jadx 56221h 未更新，跳过解析（无需追踪）
[2026-08-08 11:19:47] [W-30] ✅ 完成 [fork1] oyamo/jadx | 提取 0 | 新增 0 | 耗时 1s | 配额 4470/4800 03:19UTC | 主队列 39/200 发现队列 100/20000 [[fork1]:28 [raw1]:1 [user0]:42 [user1]:29] | Worker 26忙/10闲(72%)
[2026-08-08 11:19:47] [W-30] 🔧 开始处理 [fork1] ZarchiMohammad/jadx
[2026-08-08 11:19:47] [W-30] 📝 已处理缓存: ZarchiMohammad/jadx
[2026-08-08 11:19:47] [W-30] ⏭️ [fork1] 仓库 https://github.com/ZarchiMohammad/jadx 67698h 未更新，跳过解析（无需追踪）
[2026-08-08 11:19:47] [W-30] ✅ 完成 [fork1] ZarchiMohammad/jadx | 提取 0 | 新增 0 | 耗时 0s | 配额 4470/4800 03:19UTC | 主队列 39/200 发现队列 99/20000 [[fork1]:27 [raw1]:1 [user0]:42 [user1]:29] | Worker 26忙/10闲(72%)
[2026-08-08 11:19:47] [W-30] 🔧 开始处理 [fork1] uperr/jadx
[2026-08-08 11:19:47] [W-23] 🔧 开始处理 [fork1] sirencode/jadx
[2026-08-08 11:19:47] [W-14] 📝 已处理缓存: deeptesh-rout/jadx
[2026-08-08 11:19:47] [W-14] ⏭️ [fork1] 仓库 https://github.com/deeptesh-rout/jadx 18254h 未更新，跳过解析（无需追踪）
[2026-08-08 11:19:47] [W-14] ✅ 完成 [fork1] deeptesh-rout/jadx | 提取 0 | 新增 0 | 耗时 1s | 配额 4469/4800 03:19UTC | 主队列 39/200 发现队列 98/20000 [[fork1]:26 [raw1]:1 [user0]:42 [user1]:29] | Worker 27忙/9闲(75%)
[2026-08-08 11:19:47] [W-7] ⚠️ [fork1] 仓库 https://github.com/alexcolls/jadx 大小为 0，跳过
[2026-08-08 11:19:47] [W-7] ✅ 完成 [fork1] alexcolls/jadx | 提取 0 | 新增 0 | 耗时 1s | 配额 4468/4800 03:19UTC | 主队列 39/200 发现队列 97/20000 [[fork1]:25 [raw1]:1 [user0]:42 [user1]:29] | Worker 26忙/10闲(72%)
[2026-08-08 11:19:47] [W-7] 🔧 开始处理 [fork1] jiangtao89/jadx
[2026-08-08 11:19:47] [W-7] 📝 已处理缓存: jiangtao89/jadx
[2026-08-08 11:19:47] [W-7] ⏭️ [fork1] 仓库 https://github.com/jiangtao89/jadx 28991h 未更新，跳过解析（无需追踪）
[2026-08-08 11:19:47] [W-7] ✅ 完成 [fork1] jiangtao89/jadx | 提取 0 | 新增 0 | 耗时 0s | 配额 4468/4800 03:19UTC | 主队列 39/200 发现队列 96/20000 [[fork1]:24 [raw1]:1 [user0]:42 [user1]:29] | Worker 26忙/10闲(72%)
[2026-08-08 11:19:47] [W-7] 🔧 开始处理 [fork1] anomous/jadx
[2026-08-08 11:19:47] [W-7] 📝 已处理缓存: anomous/jadx
[2026-08-08 11:19:47] [W-7] ⏭️ [fork1] 仓库 https://github.com/anomous/jadx 63774h 未更新，跳过解析（无需追踪）
[2026-08-08 11:19:47] [W-7] ✅ 完成 [fork1] anomous/jadx | 提取 0 | 新增 0 | 耗时 0s | 配额 4468/4800 03:19UTC | 主队列 39/200 发现队列 95/20000 [[fork1]:23 [raw1]:1 [user0]:42 [user1]:29] | Worker 26忙/10闲(72%)
[2026-08-08 11:19:47] [W-7] 🔧 开始处理 [fork1] knight103/jadx
[2026-08-08 11:19:47] [W-13] 📝 已处理缓存: arkadii911/jadx
[2026-08-08 11:19:47] [W-13] ⏭️ [fork1] 仓库 https://github.com/arkadii911/jadx 27877h 未更新，跳过解析（无需追踪）
[2026-08-08 11:19:47] [W-13] ✅ 完成 [fork1] arkadii911/jadx | 提取 0 | 新增 0 | 耗时 1s | 配额 4467/4800 03:19UTC | 主队列 39/200 发现队列 94/20000 [[fork1]:22 [raw1]:1 [user0]:42 [user1]:29] | Worker 26忙/10闲(72%)
[2026-08-08 11:19:47] [W-35] 📝 已处理缓存: NSECDEF/JADX
[2026-08-08 11:19:47] [W-35] ⏭️ [fork1] 仓库 https://github.com/NSECDEF/JADX 7498h 未更新，跳过解析（无需追踪）
[2026-08-08 11:19:47] [W-35] ✅ 完成 [fork1] NSECDEF/JADX | 提取 0 | 新增 0 | 耗时 1s | 配额 4466/4800 03:19UTC | 主队列 39/200 发现队列 93/20000 [[fork1]:21 [raw1]:1 [user0]:42 [user1]:29] | Worker 25忙/11闲(69%)
[2026-08-08 11:19:47] [W-14] 🔧 开始处理 [fork1] rodrigo-2124/jadx
[2026-08-08 11:19:47] [W-8] 📝 已处理缓存: 2322222223/jadx
[2026-08-08 11:19:47] [W-8] ⏭️ [fork1] 仓库 https://github.com/2322222223/jadx 24151h 未更新，跳过解析（无需追踪）
[2026-08-08 11:19:47] [W-8] ✅ 完成 [fork1] 2322222223/jadx | 提取 0 | 新增 0 | 耗时 1s | 配额 4465/4800 03:19UTC | 主队列 39/200 发现队列 92/20000 [[fork1]:20 [raw1]:1 [user0]:42 [user1]:29] | Worker 25忙/11闲(69%)
[2026-08-08 11:19:47] [W-35] 🔧 开始处理 [fork1] lizheng98/jadx
[2026-08-08 11:19:47] [W-35] 📝 已处理缓存: lizheng98/jadx
[2026-08-08 11:19:47] [W-35] ⏭️ [fork1] 仓库 https://github.com/lizheng98/jadx 93059h 未更新，跳过解析（无需追踪）
[2026-08-08 11:19:47] [W-35] ✅ 完成 [fork1] lizheng98/jadx | 提取 0 | 新增 0 | 耗时 0s | 配额 4465/4800 03:19UTC | 主队列 39/200 发现队列 91/20000 [[fork1]:19 [raw1]:1 [user0]:42 [user1]:29] | Worker 25忙/11闲(69%)
[2026-08-08 11:19:47] [W-35] 🔧 开始处理 [fork1] cybruGhost/jadx
[2026-08-08 11:19:47] [W-17] 📝 已处理缓存: imagination76/jadx
[2026-08-08 11:19:47] [W-17] ⏭️ [fork1] 仓库 https://github.com/imagination76/jadx 13064h 未更新，跳过解析（无需追踪）
[2026-08-08 11:19:47] [W-17] ✅ 完成 [fork1] imagination76/jadx | 提取 0 | 新增 0 | 耗时 1s | 配额 4464/4800 03:19UTC | 主队列 39/200 发现队列 90/20000 [[fork1]:18 [raw1]:1 [user0]:42 [user1]:29] | Worker 25忙/11闲(69%)
[2026-08-08 11:19:47] [W-17] 🔧 开始处理 [fork1] muxiaofufeng/jadx
[2026-08-08 11:19:47] [W-13] 🔧 开始处理 [fork1] TerraWilly/jadx
[2026-08-08 11:19:47] [W-8] 🔧 开始处理 [fork1] hanjunyi/jadx
[2026-08-08 11:19:47] [W-18] 🌱 加入种子: HakurouKen/free-node (提取 2 节点)
[2026-08-08 11:19:47] [W-18] ✅ 完成 [种子仓库] HakurouKen/free-node [种子 81/744] | 提取 2 | 新增 0 | 耗时 17s | 配额 4464/4800 03:19UTC | 主队列 39/200 发现队列 89/20000 [[fork1]:17 [raw1]:1 [user0]:42 [user1]:29] | Worker 27忙/9闲(75%)
[2026-08-08 11:19:47] [W-18] 🔧 开始处理 [种子仓库] csxjf/ACL4SSR [种子 103/744]
[2026-08-08 11:19:47] [W-28] 📝 已处理缓存: Brainhub24/jadx-decompiler
[2026-08-08 11:19:47] [W-28] ⏭️ [fork1] 仓库 https://github.com/Brainhub24/jadx-decompiler 27496h 未更新，跳过解析（无需追踪）
[2026-08-08 11:19:47] [W-28] ✅ 完成 [fork1] Brainhub24/jadx-decompiler | 提取 0 | 新增 0 | 耗时 2s | 配额 4463/4800 03:19UTC | 主队列 38/200 发现队列 89/20000 [[fork1]:17 [raw1]:1 [user0]:42 [user1]:29] | Worker 28忙/8闲(77%)
[2026-08-08 11:19:47] [W-28] 🔧 开始处理 [fork1] moruhui/jadx
[2026-08-08 11:19:47] [W-28] 📝 已处理缓存: moruhui/jadx
[2026-08-08 11:19:47] [W-28] ⏭️ [fork1] 仓库 https://github.com/moruhui/jadx 73667h 未更新，跳过解析（无需追踪）
[2026-08-08 11:19:47] [W-28] ✅ 完成 [fork1] moruhui/jadx | 提取 0 | 新增 0 | 耗时 0s | 配额 4463/4800 03:19UTC | 主队列 38/200 发现队列 88/20000 [[fork1]:16 [raw1]:1 [user0]:42 [user1]:29] | Worker 28忙/8闲(77%)
[2026-08-08 11:19:47] [W-28] 🔧 开始处理 [fork1] hcxiong/jadx
[2026-08-08 11:19:47] [W-6] 📝 已处理缓存: hendriku/jadx
[2026-08-08 11:19:47] [W-6] ⏭️ [fork1] 仓库 https://github.com/hendriku/jadx 57032h 未更新，跳过解析（无需追踪）
[2026-08-08 11:19:47] [W-6] ✅ 完成 [fork1] hendriku/jadx | 提取 0 | 新增 0 | 耗时 1s | 配额 4462/4800 03:19UTC | 主队列 38/200 发现队列 87/20000 [[fork1]:15 [raw1]:1 [user0]:42 [user1]:29] | Worker 28忙/8闲(77%)
[2026-08-08 11:19:47] [W-6] 🔧 开始处理 [fork1] zhaokeli/jadx
[2026-08-08 11:19:47] [W-6] 📝 已处理缓存: zhaokeli/jadx
[2026-08-08 11:19:47] [W-6] ⏭️ [fork1] 仓库 https://github.com/zhaokeli/jadx 73019h 未更新，跳过解析（无需追踪）
[2026-08-08 11:19:47] [W-6] ✅ 完成 [fork1] zhaokeli/jadx | 提取 0 | 新增 0 | 耗时 0s | 配额 4462/4800 03:19UTC | 主队列 38/200 发现队列 86/20000 [[fork1]:14 [raw1]:1 [user0]:42 [user1]:29] | Worker 28忙/8闲(77%)
[2026-08-08 11:19:47] [W-6] 🔧 开始处理 [fork1] aping-fo/jadx
[2026-08-08 11:19:47] [W-6] 📝 已处理缓存: aping-fo/jadx
[2026-08-08 11:19:47] [W-6] ⏭️ [fork1] 仓库 https://github.com/aping-fo/jadx 75320h 未更新，跳过解析（无需追踪）
[2026-08-08 11:19:47] [W-6] ✅ 完成 [fork1] aping-fo/jadx | 提取 0 | 新增 0 | 耗时 0s | 配额 4462/4800 03:19UTC | 主队列 38/200 发现队列 85/20000 [[fork1]:13 [raw1]:1 [user0]:42 [user1]:29] | Worker 28忙/8闲(77%)
[2026-08-08 11:19:47] [W-6] 🔧 开始处理 [fork1] zixing131/jadx
[2026-08-08 11:19:47] [W-6] 📝 已处理缓存: zixing131/jadx
[2026-08-08 11:19:47] [W-6] ⏭️ [fork1] 仓库 https://github.com/zixing131/jadx 69643h 未更新，跳过解析（无需追踪）
[2026-08-08 11:19:47] [W-6] ✅ 完成 [fork1] zixing131/jadx | 提取 0 | 新增 0 | 耗时 0s | 配额 4462/4800 03:19UTC | 主队列 38/200 发现队列 84/20000 [[fork1]:12 [raw1]:1 [user0]:42 [user1]:29] | Worker 28忙/8闲(77%)
[2026-08-08 11:19:47] [W-6] 🔧 开始处理 [fork1] zixindejie/jadx
[2026-08-08 11:19:48] [W-20] 📝 已处理缓存: Mr-P1nqu3/jadx
[2026-08-08 11:19:48] [W-20] ⏭️ [fork1] 仓库 https://github.com/Mr-P1nqu3/jadx 21607h 未更新，跳过解析（无需追踪）
[2026-08-08 11:19:48] [W-20] ✅ 完成 [fork1] Mr-P1nqu3/jadx | 提取 0 | 新增 0 | 耗时 1s | 配额 4461/4800 03:19UTC | 主队列 38/200 发现队列 83/20000 [[fork1]:11 [raw1]:1 [user0]:42 [user1]:29] | Worker 28忙/8闲(77%)
[2026-08-08 11:19:48] [W-20] 🔧 开始处理 [fork1] xieyuhai/jadx
[2026-08-08 11:19:48] [W-25] 📝 已处理缓存: AndlyGao/jadx
[2026-08-08 11:19:48] [W-25] ⏭️ [fork1] 仓库 https://github.com/AndlyGao/jadx 34376h 未更新，跳过解析（无需追踪）
[2026-08-08 11:19:48] [W-25] ✅ 完成 [fork1] AndlyGao/jadx | 提取 0 | 新增 0 | 耗时 1s | 配额 4460/4800 03:19UTC | 主队列 38/200 发现队列 82/20000 [[fork1]:10 [raw1]:1 [user0]:42 [user1]:29] | Worker 28忙/8闲(77%)
[2026-08-08 11:19:48] [W-13] 📝 已处理缓存: TerraWilly/jadx
[2026-08-08 11:19:48] [W-13] ⏭️ [fork1] 仓库 https://github.com/TerraWilly/jadx 39656h 未更新，跳过解析（无需追踪）
[2026-08-08 11:19:48] [W-13] ✅ 完成 [fork1] TerraWilly/jadx | 提取 0 | 新增 0 | 耗时 1s | 配额 4459/4800 03:19UTC | 主队列 38/200 发现队列 81/20000 [[fork1]:9 [raw1]:1 [user0]:42 [user1]:29] | Worker 27忙/9闲(75%)
[2026-08-08 11:19:48] [W-13] 🔧 开始处理 [fork1] tRuNKator/jadx
[2026-08-08 11:19:48] [W-13] 📝 已处理缓存: tRuNKator/jadx
[2026-08-08 11:19:48] [W-13] ⏭️ [fork1] 仓库 https://github.com/tRuNKator/jadx 62994h 未更新，跳过解析（无需追踪）
[2026-08-08 11:19:48] [W-13] ✅ 完成 [fork1] tRuNKator/jadx | 提取 0 | 新增 0 | 耗时 0s | 配额 4459/4800 03:19UTC | 主队列 38/200 发现队列 80/20000 [[fork1]:8 [raw1]:1 [user0]:42 [user1]:29] | Worker 27忙/9闲(75%)
[2026-08-08 11:19:48] [W-13] 🔧 开始处理 [fork1] Chaoxyc/jadx
[2026-08-08 11:19:48] [W-13] 📝 已处理缓存: Chaoxyc/jadx
[2026-08-08 11:19:48] [W-13] ⏭️ [fork1] 仓库 https://github.com/Chaoxyc/jadx 32324h 未更新，跳过解析（无需追踪）
[2026-08-08 11:19:48] [W-13] ✅ 完成 [fork1] Chaoxyc/jadx | 提取 0 | 新增 0 | 耗时 0s | 配额 4459/4800 03:19UTC | 主队列 38/200 发现队列 79/20000 [[fork1]:7 [raw1]:1 [user0]:42 [user1]:29] | Worker 27忙/9闲(75%)
[2026-08-08 11:19:48] [W-13] 🔧 开始处理 [fork1] YihuiFu/jadx
[2026-08-08 11:19:48] [W-13] 📝 已处理缓存: YihuiFu/jadx
[2026-08-08 11:19:48] [W-13] ⏭️ [fork1] 仓库 https://github.com/YihuiFu/jadx 74343h 未更新，跳过解析（无需追踪）
[2026-08-08 11:19:48] [W-13] ✅ 完成 [fork1] YihuiFu/jadx | 提取 0 | 新增 0 | 耗时 0s | 配额 4459/4800 03:19UTC | 主队列 38/200 发现队列 78/20000 [[fork1]:6 [raw1]:1 [user0]:42 [user1]:29] | Worker 27忙/9闲(75%)
[2026-08-08 11:19:48] [W-13] 🔧 开始处理 [fork1] wqsemc/jadx
[2026-08-08 11:19:48] [W-25] 🔧 开始处理 [fork1] Jisucloud/jadx
[2026-08-08 11:19:48] [W-25] 📝 已处理缓存: Jisucloud/jadx
[2026-08-08 11:19:48] [W-25] ⏭️ [fork1] 仓库 https://github.com/Jisucloud/jadx 25636h 未更新，跳过解析（无需追踪）
[2026-08-08 11:19:48] [W-25] ✅ 完成 [fork1] Jisucloud/jadx | 提取 0 | 新增 0 | 耗时 0s | 配额 4459/4800 03:19UTC | 主队列 38/200 发现队列 77/20000 [[fork1]:5 [raw1]:1 [user0]:42 [user1]:29] | Worker 28忙/8闲(77%)
[2026-08-08 11:19:48] [W-25] 🔧 开始处理 [fork1] yak96/jadx
[2026-08-08 11:19:48] [W-30] 📝 已处理缓存: uperr/jadx
[2026-08-08 11:19:48] [W-30] ⏭️ [fork1] 仓库 https://github.com/uperr/jadx 36872h 未更新，跳过解析（无需追踪）
[2026-08-08 11:19:48] [W-30] ✅ 完成 [fork1] uperr/jadx | 提取 0 | 新增 0 | 耗时 1s | 配额 4458/4800 03:19UTC | 主队列 38/200 发现队列 76/20000 [[fork1]:4 [raw1]:1 [user0]:42 [user1]:29] | Worker 28忙/8闲(77%)
[2026-08-08 11:19:48] [W-30] 🔧 开始处理 [fork1] KerwinChina/jadx
[2026-08-08 11:19:48] [W-23] 📝 已处理缓存: sirencode/jadx
[2026-08-08 11:19:48] [W-23] ⏭️ [fork1] 仓库 https://github.com/sirencode/jadx 47175h 未更新，跳过解析（无需追踪）
[2026-08-08 11:19:48] [W-23] ✅ 完成 [fork1] sirencode/jadx | 提取 0 | 新增 0 | 耗时 1s | 配额 4457/4800 03:19UTC | 主队列 38/200 发现队列 75/20000 [[fork1]:3 [raw1]:1 [user0]:42 [user1]:29] | Worker 28忙/8闲(77%)
[2026-08-08 11:19:48] [W-23] 🔧 开始处理 [fork1] rhorenko/jadx
[2026-08-08 11:19:48] [W-23] 📝 已处理缓存: rhorenko/jadx
[2026-08-08 11:19:48] [W-23] ⏭️ [fork1] 仓库 https://github.com/rhorenko/jadx 99420h 未更新，跳过解析（无需追踪）
[2026-08-08 11:19:48] [W-23] ✅ 完成 [fork1] rhorenko/jadx | 提取 0 | 新增 0 | 耗时 0s | 配额 4457/4800 03:19UTC | 主队列 38/200 发现队列 74/20000 [[fork1]:2 [raw1]:1 [user0]:42 [user1]:29] | Worker 28忙/8闲(77%)
[2026-08-08 11:19:48] [W-23] 🔧 开始处理 [fork1] awenblue/jadx
[2026-08-08 11:19:48] [W-23] 📝 已处理缓存: awenblue/jadx
[2026-08-08 11:19:48] [W-23] ⏭️ [fork1] 仓库 https://github.com/awenblue/jadx 79533h 未更新，跳过解析（无需追踪）
[2026-08-08 11:19:48] [W-23] ✅ 完成 [fork1] awenblue/jadx | 提取 0 | 新增 0 | 耗时 0s | 配额 4457/4800 03:19UTC | 主队列 38/200 发现队列 73/20000 [[fork1]:1 [raw1]:1 [user0]:42 [user1]:29] | Worker 28忙/8闲(77%)
[2026-08-08 11:19:48] [W-23] 🔧 开始处理 [fork1] yangjiu/jadx
[2026-08-08 11:19:48] [W-23] 📝 已处理缓存: yangjiu/jadx
[2026-08-08 11:19:48] [W-23] ⏭️ [fork1] 仓库 https://github.com/yangjiu/jadx 64850h 未更新，跳过解析（无需追踪）
[2026-08-08 11:19:48] [W-23] ✅ 完成 [fork1] yangjiu/jadx | 提取 0 | 新增 0 | 耗时 0s | 配额 4457/4800 03:19UTC | 主队列 38/200 发现队列 72/20000 [[raw1]:1 [user0]:42 [user1]:29] | Worker 28忙/8闲(77%)
[2026-08-08 11:19:48] [W-23] 🔧 开始处理 [user1] Argh94/Proxy-List
[2026-08-08 11:19:48] [W-17] 📝 已处理缓存: muxiaofufeng/jadx
[2026-08-08 11:19:48] [W-17] ⏭️ [fork1] 仓库 https://github.com/muxiaofufeng/jadx 51344h 未更新，跳过解析（无需追踪）
[2026-08-08 11:19:48] [W-17] ✅ 完成 [fork1] muxiaofufeng/jadx | 提取 0 | 新增 0 | 耗时 1s | 配额 4456/4800 03:19UTC | 主队列 38/200 发现队列 71/20000 [[raw1]:1 [user0]:42 [user1]:28] | Worker 28忙/8闲(77%)
[2026-08-08 11:19:48] [W-19] 📝 已处理缓存: xihuannioyj/jadx
[2026-08-08 11:19:48] [W-19] ⏭️ [fork1] 仓库 https://github.com/xihuannioyj/jadx 27880h 未更新，跳过解析（无需追踪）
[2026-08-08 11:19:48] [W-19] ✅ 完成 [fork1] xihuannioyj/jadx | 提取 0 | 新增 0 | 耗时 2s | 配额 4455/4800 03:19UTC | 主队列 38/200 发现队列 70/20000 [[raw1]:1 [user0]:42 [user1]:27] | Worker 27忙/9闲(75%)
[2026-08-08 11:19:48] [W-17] 🔧 开始处理 [user1] Argh94/ProxyProwler
[2026-08-08 11:19:48] [W-17] [user1] 仓库 https://github.com/Argh94/ProxyProwler (分支: main, size: 1666KB, pushed: 2026-08-08T01:26:00Z)
[2026-08-08 11:19:48] [W-19] 🔧 开始处理 [user1] Argh94/telegram-proxy-scraper
[2026-08-08 11:19:48] [W-19] ⏭️ [user1] 仓库 https://github.com/Argh94/telegram-proxy-scraper 主要语言 HTML，跳过
[2026-08-08 11:19:48] [W-19] ✅ 完成 [user1] Argh94/telegram-proxy-scraper | 提取 0 | 新增 0 | 耗时 0s | 配额 4455/4800 03:19UTC | 主队列 38/200 发现队列 69/20000 [[raw1]:1 [user0]:42 [user1]:26] | Worker 28忙/8闲(77%)
[2026-08-08 11:19:48] [W-19] 🔧 开始处理 [user1] Argh94/Argh94
[2026-08-08 11:19:48] [W-19] [user1] 仓库 https://github.com/Argh94/Argh94 (分支: main, size: 13701KB, pushed: 2026-08-07T18:42:36Z)
[2026-08-08 11:19:48] [W-35] 📝 已处理缓存: cybruGhost/jadx
[2026-08-08 11:19:48] [W-35] ⏭️ [fork1] 仓库 https://github.com/cybruGhost/jadx 10135h 未更新，跳过解析（无需追踪）
[2026-08-08 11:19:48] [W-35] ✅ 完成 [fork1] cybruGhost/jadx | 提取 0 | 新增 0 | 耗时 1s | 配额 4454/4800 03:19UTC | 主队列 38/200 发现队列 68/20000 [[raw1]:1 [user0]:42 [user1]:25] | Worker 28忙/8闲(77%)
[2026-08-08 11:19:48] [W-35] 🔧 开始处理 [user1] Argh94/Wg-script
[2026-08-08 11:19:48] [W-35] ⏭️ [user1] 仓库 https://github.com/Argh94/Wg-script 10714h 未更新，跳过解析（无需追踪）
[2026-08-08 11:19:48] [W-35] ✅ 完成 [user1] Argh94/Wg-script | 提取 0 | 新增 0 | 耗时 0s | 配额 4454/4800 03:19UTC | 主队列 38/200 发现队列 67/20000 [[raw1]:1 [user0]:42 [user1]:24] | Worker 28忙/8闲(77%)
[2026-08-08 11:19:48] [W-35] 🔧 开始处理 [user1] Argh94/TelegramBoTDasyarSezar
[2026-08-08 11:19:48] [W-35] ⏭️ [user1] 仓库 https://github.com/Argh94/TelegramBoTDasyarSezar 6465h 未更新，跳过解析（无需追踪）
[2026-08-08 11:19:48] [W-35] ✅ 完成 [user1] Argh94/TelegramBoTDasyarSezar | 提取 0 | 新增 0 | 耗时 0s | 配额 4454/4800 03:19UTC | 主队列 38/200 发现队列 66/20000 [[raw1]:1 [user0]:42 [user1]:23] | Worker 28忙/8闲(77%)
[2026-08-08 11:19:48] [W-35] 🔧 开始处理 [user1] Argh94/farsi-shell
[2026-08-08 11:19:48] [W-35] ⏭️ [user1] 仓库 https://github.com/Argh94/farsi-shell 907h 未更新，跳过解析（无需追踪）
[2026-08-08 11:19:49] [W-9] 仓库 https://github.com/tongxunlu/super 候选文件 3 个
[2026-08-08 11:19:49] [W-35] ✅ 完成 [user1] Argh94/farsi-shell | 提取 0 | 新增 0 | 耗时 0s | 配额 4454/4800 03:19UTC | 主队列 38/200 发现队列 65/20000 [[raw1]:1 [user0]:42 [user1]:22] | Worker 28忙/8闲(77%)
[2026-08-08 11:19:49] [W-35] 🔧 开始处理 [user1] Argh94/GitHub-Proxy-Worker
[2026-08-08 11:19:49] [W-35] ⏭️ [user1] 仓库 https://github.com/Argh94/GitHub-Proxy-Worker 4208h 未更新，跳过解析（无需追踪）
[2026-08-08 11:19:49] [W-35] ✅ 完成 [user1] Argh94/GitHub-Proxy-Worker | 提取 0 | 新增 0 | 耗时 0s | 配额 4454/4800 03:19UTC | 主队列 38/200 发现队列 64/20000 [[raw1]:1 [user0]:42 [user1]:21] | Worker 28忙/8闲(77%)
[2026-08-08 11:19:49] [W-35] 🔧 开始处理 [user1] Argh94/Argh94.github.io
[2026-08-08 11:19:49] [W-35] ⏭️ [user1] 仓库 https://github.com/Argh94/Argh94.github.io 6492h 未更新，跳过解析（无需追踪）
[2026-08-08 11:19:49] [W-35] ✅ 完成 [user1] Argh94/Argh94.github.io | 提取 0 | 新增 0 | 耗时 0s | 配额 4454/4800 03:19UTC | 主队列 38/200 发现队列 63/20000 [[raw1]:1 [user0]:42 [user1]:20] | Worker 28忙/8闲(77%)
[2026-08-08 11:19:49] [W-35] 🔧 开始处理 [user1] Argh94/Telegram-Bot-API-Proxy-Cloudflare-Workers
[2026-08-08 11:19:49] [W-35] ⏭️ [user1] 仓库 https://github.com/Argh94/Telegram-Bot-API-Proxy-Cloudflare-Workers 6298h 未更新，跳过解析（无需追踪）
[2026-08-08 11:19:49] [W-35] ✅ 完成 [user1] Argh94/Telegram-Bot-API-Proxy-Cloudflare-Workers | 提取 0 | 新增 0 | 耗时 0s | 配额 4454/4800 03:19UTC | 主队列 38/200 发现队列 62/20000 [[raw1]:1 [user0]:42 [user1]:19] | Worker 28忙/8闲(77%)
[2026-08-08 11:19:49] [W-35] 🔧 开始处理 [user1] Argh94/GitHub-Backup-Tool
[2026-08-08 11:19:49] [W-35] ⏭️ [user1] 仓库 https://github.com/Argh94/GitHub-Backup-Tool 6514h 未更新，跳过解析（无需追踪）
[2026-08-08 11:19:49] [W-35] ✅ 完成 [user1] Argh94/GitHub-Backup-Tool | 提取 0 | 新增 0 | 耗时 0s | 配额 4454/4800 03:19UTC | 主队列 38/200 发现队列 61/20000 [[raw1]:1 [user0]:42 [user1]:18] | Worker 28忙/8闲(77%)
[2026-08-08 11:19:49] [W-35] 🔧 开始处理 [user1] Argh94/supportBot
[2026-08-08 11:19:49] [W-35] ⏭️ [user1] 仓库 https://github.com/Argh94/supportBot 10244h 未更新，跳过解析（无需追踪）
[2026-08-08 11:19:49] [W-35] ✅ 完成 [user1] Argh94/supportBot | 提取 0 | 新增 0 | 耗时 0s | 配额 4454/4800 03:19UTC | 主队列 38/200 发现队列 60/20000 [[raw1]:1 [user0]:42 [user1]:17] | Worker 28忙/8闲(77%)
[2026-08-08 11:19:49] [W-35] 🔧 开始处理 [user1] Argh94/warp-Amnezia
[2026-08-08 11:19:49] [W-35] ⏭️ [user1] 仓库 https://github.com/Argh94/warp-Amnezia 10208h 未更新，跳过解析（无需追踪）
[2026-08-08 11:19:49] [W-35] ✅ 完成 [user1] Argh94/warp-Amnezia | 提取 0 | 新增 0 | 耗时 0s | 配额 4454/4800 03:19UTC | 主队列 38/200 发现队列 59/20000 [[raw1]:1 [user0]:42 [user1]:16] | Worker 28忙/8闲(77%)
[2026-08-08 11:19:49] [W-35] 🔧 开始处理 [user1] Argh94/Amirza-Game
[2026-08-08 11:19:49] [W-35] ⏭️ [user1] 仓库 https://github.com/Argh94/Amirza-Game 10279h 未更新，跳过解析（无需追踪）
[2026-08-08 11:19:49] [W-35] ✅ 完成 [user1] Argh94/Amirza-Game | 提取 0 | 新增 0 | 耗时 0s | 配额 4454/4800 03:19UTC | 主队列 38/200 发现队列 58/20000 [[raw1]:1 [user0]:42 [user1]:15] | Worker 28忙/8闲(77%)
[2026-08-08 11:19:49] [W-35] 🔧 开始处理 [user1] Argh94/Subify
[2026-08-08 11:19:49] [W-35] ⏭️ [user1] 仓库 https://github.com/Argh94/Subify 主要语言 HTML，跳过
[2026-08-08 11:19:49] [W-35] ✅ 完成 [user1] Argh94/Subify | 提取 0 | 新增 0 | 耗时 0s | 配额 4454/4800 03:19UTC | 主队列 38/200 发现队列 57/20000 [[raw1]:1 [user0]:42 [user1]:14] | Worker 28忙/8闲(77%)
[2026-08-08 11:19:49] [W-35] 🔧 开始处理 [user1] Argh94/DataBlaze
[2026-08-08 11:19:49] [W-35] ⏭️ [user1] 仓库 https://github.com/Argh94/DataBlaze 10217h 未更新，跳过解析（无需追踪）
[2026-08-08 11:19:49] [W-35] ✅ 完成 [user1] Argh94/DataBlaze | 提取 0 | 新增 0 | 耗时 0s | 配额 4454/4800 03:19UTC | 主队列 38/200 发现队列 56/20000 [[raw1]:1 [user0]:42 [user1]:13] | Worker 28忙/8闲(77%)
[2026-08-08 11:19:49] [W-35] 🔧 开始处理 [user1] Argh94/Analog-clock
[2026-08-08 11:19:49] [W-35] ⏭️ [user1] 仓库 https://github.com/Argh94/Analog-clock 10408h 未更新，跳过解析（无需追踪）
[2026-08-08 11:19:49] [W-35] ✅ 完成 [user1] Argh94/Analog-clock | 提取 0 | 新增 0 | 耗时 0s | 配额 4454/4800 03:19UTC | 主队列 38/200 发现队列 55/20000 [[raw1]:1 [user0]:42 [user1]:12] | Worker 28忙/8闲(77%)
[2026-08-08 11:19:49] [W-35] 🔧 开始处理 [user1] Argh94/Chess
[2026-08-08 11:19:49] [W-35] ⏭️ [user1] 仓库 https://github.com/Argh94/Chess 9130h 未更新，跳过解析（无需追踪）
[2026-08-08 11:19:49] [W-35] ✅ 完成 [user1] Argh94/Chess | 提取 0 | 新增 0 | 耗时 0s | 配额 4454/4800 03:19UTC | 主队列 38/200 发现队列 54/20000 [[raw1]:1 [user0]:42 [user1]:11] | Worker 28忙/8闲(77%)
[2026-08-08 11:19:49] [W-35] 🔧 开始处理 [user1] Argh94/MBI-Calculate
[2026-08-08 11:19:49] [W-35] ⏭️ [user1] 仓库 https://github.com/Argh94/MBI-Calculate 主要语言 HTML，跳过
[2026-08-08 11:19:49] [W-35] ✅ 完成 [user1] Argh94/MBI-Calculate | 提取 0 | 新增 0 | 耗时 0s | 配额 4454/4800 03:19UTC | 主队列 38/200 发现队列 53/20000 [[raw1]:1 [user0]:42 [user1]:10] | Worker 28忙/8闲(77%)
[2026-08-08 11:19:49] [W-35] 🔧 开始处理 [user1] Argh94/SNI-Scanner.ps1
[2026-08-08 11:19:49] [W-35] ⏭️ [user1] 仓库 https://github.com/Argh94/SNI-Scanner.ps1 1674h 未更新，跳过解析（无需追踪）
[2026-08-08 11:19:49] [W-35] ✅ 完成 [user1] Argh94/SNI-Scanner.ps1 | 提取 0 | 新增 0 | 耗时 0s | 配额 4454/4800 03:19UTC | 主队列 38/200 发现队列 52/20000 [[raw1]:1 [user0]:42 [user1]:9] | Worker 28忙/8闲(77%)
[2026-08-08 11:19:49] [W-35] 🔧 开始处理 [user1] Argh94/Telegram_bot
[2026-08-08 11:19:49] [W-35] ⏭️ [user1] 仓库 https://github.com/Argh94/Telegram_bot 10809h 未更新，跳过解析（无需追踪）
[2026-08-08 11:19:49] [W-35] ✅ 完成 [user1] Argh94/Telegram_bot | 提取 0 | 新增 0 | 耗时 0s | 配额 4454/4800 03:19UTC | 主队列 38/200 发现队列 51/20000 [[raw1]:1 [user0]:42 [user1]:8] | Worker 28忙/8闲(77%)
[2026-08-08 11:19:49] [W-35] 🔧 开始处理 [user1] Argh94/portscanner
[2026-08-08 11:19:49] [W-35] ⏭️ [user1] 仓库 https://github.com/Argh94/portscanner 10261h 未更新，跳过解析（无需追踪）
[2026-08-08 11:19:49] [W-35] ✅ 完成 [user1] Argh94/portscanner | 提取 0 | 新增 0 | 耗时 0s | 配额 4454/4800 03:19UTC | 主队列 38/200 发现队列 50/20000 [[raw1]:1 [user0]:42 [user1]:7] | Worker 28忙/8闲(77%)
[2026-08-08 11:19:49] [W-35] 🔧 开始处理 [user1] Argh94/clean-ip-scanner
[2026-08-08 11:19:49] [W-35] ⏭️ [user1] 仓库 https://github.com/Argh94/clean-ip-scanner 1434h 未更新，跳过解析（无需追踪）
[2026-08-08 11:19:49] [W-35] ✅ 完成 [user1] Argh94/clean-ip-scanner | 提取 0 | 新增 0 | 耗时 0s | 配额 4454/4800 03:19UTC | 主队列 38/200 发现队列 49/20000 [[raw1]:1 [user0]:42 [user1]:6] | Worker 28忙/8闲(77%)
[2026-08-08 11:19:49] [W-35] 🔧 开始处理 [user1] Argh94/WebSift
[2026-08-08 11:19:49] [W-35] ⏭️ [user1] 仓库 https://github.com/Argh94/WebSift 10117h 未更新，跳过解析（无需追踪）
[2026-08-08 11:19:49] [W-35] ✅ 完成 [user1] Argh94/WebSift | 提取 0 | 新增 0 | 耗时 0s | 配额 4454/4800 03:19UTC | 主队列 38/200 发现队列 48/20000 [[raw1]:1 [user0]:42 [user1]:5] | Worker 28忙/8闲(77%)
[2026-08-08 11:19:49] [W-35] 🔧 开始处理 [user1] Argh94/xstack-ssh-Tls
[2026-08-08 11:19:49] [W-35] ⏭️ [user1] 仓库 https://github.com/Argh94/xstack-ssh-Tls 1793h 未更新，跳过解析（无需追踪）
[2026-08-08 11:19:49] [W-35] ✅ 完成 [user1] Argh94/xstack-ssh-Tls | 提取 0 | 新增 0 | 耗时 0s | 配额 4454/4800 03:19UTC | 主队列 38/200 发现队列 47/20000 [[raw1]:1 [user0]:42 [user1]:4] | Worker 28忙/8闲(77%)
[2026-08-08 11:19:49] [W-35] 🔧 开始处理 [user1] Argh94/proxy-configurator-chrome-extension
[2026-08-08 11:19:49] [W-35] ⏭️ [user1] 仓库 https://github.com/Argh94/proxy-configurator-chrome-extension 6875h 未更新，跳过解析（无需追踪）
[2026-08-08 11:19:49] [W-35] ✅ 完成 [user1] Argh94/proxy-configurator-chrome-extension | 提取 0 | 新增 0 | 耗时 0s | 配额 4454/4800 03:19UTC | 主队列 38/200 发现队列 46/20000 [[raw1]:1 [user0]:42 [user1]:3] | Worker 28忙/8闲(77%)
[2026-08-08 11:19:49] [W-35] 🔧 开始处理 [user1] Argh94/TermBeaut
[2026-08-08 11:19:49] [W-35] ⏭️ [user1] 仓库 https://github.com/Argh94/TermBeaut 8347h 未更新，跳过解析（无需追踪）
[2026-08-08 11:19:49] [W-35] ✅ 完成 [user1] Argh94/TermBeaut | 提取 0 | 新增 0 | 耗时 0s | 配额 4454/4800 03:19UTC | 主队列 38/200 发现队列 45/20000 [[raw1]:1 [user0]:42 [user1]:2] | Worker 28忙/8闲(77%)
[2026-08-08 11:19:49] [W-35] 🔧 开始处理 [user1] Argh94/Tor-Multi-proxy
[2026-08-08 11:19:49] [W-35] ⏭️ [user1] 仓库 https://github.com/Argh94/Tor-Multi-proxy 8838h 未更新，跳过解析（无需追踪）
[2026-08-08 11:19:49] [W-35] ✅ 完成 [user1] Argh94/Tor-Multi-proxy | 提取 0 | 新增 0 | 耗时 0s | 配额 4454/4800 03:19UTC | 主队列 38/200 发现队列 44/20000 [[raw1]:1 [user0]:42 [user1]:1] | Worker 28忙/8闲(77%)
[2026-08-08 11:19:49] [W-35] 🔧 开始处理 [user1] Argh94/Amirza-Peru-game-guide
[2026-08-08 11:19:49] [W-35] ⏭️ [user1] 仓库 https://github.com/Argh94/Amirza-Peru-game-guide 主要语言 HTML，跳过
[2026-08-08 11:19:49] [W-35] ✅ 完成 [user1] Argh94/Amirza-Peru-game-guide | 提取 0 | 新增 0 | 耗时 0s | 配额 4454/4800 03:19UTC | 主队列 38/200 发现队列 43/20000 [[raw1]:1 [user0]:42] | Worker 28忙/8闲(77%)
[2026-08-08 11:19:49] [W-35] 🔧 开始处理 [raw1] Argh94/V2RayAutoConfig
[2026-08-08 11:19:49] [W-35] [raw1] 仓库 https://github.com/Argh94/V2RayAutoConfig (分支: main, size: 12942573KB, pushed: 2026-08-08T02:35:19Z)
[2026-08-08 11:19:49] [W-18] ⏭️ [种子仓库] 仓库 https://github.com/csxjf/ACL4SSR 已解析，跳过解析（无需追踪）
[2026-08-08 11:19:49] [W-18] ✅ 完成 [种子仓库] csxjf/ACL4SSR [种子 103/744] | 提取 0 | 新增 0 | 耗时 2s | 配额 4453/4800 03:19UTC | 主队列 38/200 发现队列 42/20000 [[user0]:42] | Worker 28忙/8闲(77%)
[2026-08-08 11:19:49] [W-18] 🔧 开始处理 [user0] peasoft/star-history
[2026-08-08 11:19:49] [W-18] ⏭️ [user0] 仓库 https://github.com/peasoft/star-history 4190h 未更新，跳过解析（需追踪）
[2026-08-08 11:19:49] [W-18] 🔗 [user0] 查子仓库: peasoft/star-history
[2026-08-08 11:19:49] [W-8] 📝 已处理缓存: hanjunyi/jadx
[2026-08-08 11:19:49] [W-8] ⏭️ [fork1] 仓库 https://github.com/hanjunyi/jadx 52350h 未更新，跳过解析（无需追踪）
[2026-08-08 11:19:49] [W-8] ✅ 完成 [fork1] hanjunyi/jadx | 提取 0 | 新增 0 | 耗时 2s | 配额 4452/4800 03:19UTC | 主队列 38/200 发现队列 41/20000 [[user0]:41] | Worker 28忙/8闲(77%)
[2026-08-08 11:19:49] [W-8] 🔧 开始处理 [user0] peasoft/msgpack-python-typed
[2026-08-08 11:19:49] [W-8] ⏭️ [user0] 仓库 https://github.com/peasoft/msgpack-python-typed 5205h 未更新，跳过解析（需追踪）
[2026-08-08 11:19:49] [W-8] 🔗 [user0] 查子仓库: peasoft/msgpack-python-typed
[2026-08-08 11:19:49] [W-7] 📝 已处理缓存: knight103/jadx
[2026-08-08 11:19:49] [W-7] ⏭️ [fork1] 仓库 https://github.com/knight103/jadx 50193h 未更新，跳过解析（无需追踪）
[2026-08-08 11:19:49] [W-7] ✅ 完成 [fork1] knight103/jadx | 提取 0 | 新增 0 | 耗时 2s | 配额 4451/4800 03:19UTC | 主队列 38/200 发现队列 40/20000 [[user0]:40] | Worker 28忙/8闲(77%)
[2026-08-08 11:19:49] [W-7] 🔧 开始处理 [user0] peasoft/jekyll-theme-H2O-plus
[2026-08-08 11:19:49] [W-7] ⏭️ [user0] 仓库 https://github.com/peasoft/jekyll-theme-H2O-plus 5889h 未更新，跳过解析（需追踪）
[2026-08-08 11:19:49] [W-7] 🔗 [user0] 查子仓库: peasoft/jekyll-theme-H2O-plus
[2026-08-08 11:19:49] [W-28] 📝 已处理缓存: hcxiong/jadx
[2026-08-08 11:19:49] [W-28] ⏭️ [fork1] 仓库 https://github.com/hcxiong/jadx 49983h 未更新，跳过解析（无需追踪）
[2026-08-08 11:19:49] [W-28] ✅ 完成 [fork1] hcxiong/jadx | 提取 0 | 新增 0 | 耗时 2s | 配额 4450/4800 03:19UTC | 主队列 38/200 发现队列 39/20000 [[user0]:39] | Worker 28忙/8闲(77%)
[2026-08-08 11:19:49] [W-28] 🔧 开始处理 [user0] peasoft/picx-images-hosting
[2026-08-08 11:19:49] [W-14] 📝 已处理缓存: rodrigo-2124/jadx
[2026-08-08 11:19:49] [W-14] ⏭️ [fork1] 仓库 https://github.com/rodrigo-2124/jadx 17597h 未更新，跳过解析（无需追踪）
[2026-08-08 11:19:49] [W-14] ✅ 完成 [fork1] rodrigo-2124/jadx | 提取 0 | 新增 0 | 耗时 2s | 配额 4449/4800 03:19UTC | 主队列 38/200 发现队列 38/20000 [[user0]:38] | Worker 28忙/8闲(77%)
[2026-08-08 11:19:49] [W-14] 🔧 开始处理 [user0] peasoft/Evoluted-Scratch
[2026-08-08 11:19:49] [W-13] 📝 已处理缓存: wqsemc/jadx
[2026-08-08 11:19:49] [W-13] ⏭️ [fork1] 仓库 https://github.com/wqsemc/jadx 60112h 未更新，跳过解析（无需追踪）
[2026-08-08 11:19:49] [W-13] ✅ 完成 [fork1] wqsemc/jadx | 提取 0 | 新增 0 | 耗时 1s | 配额 4448/4800 03:19UTC | 主队列 38/200 发现队列 37/20000 [[user0]:37] | Worker 28忙/8闲(77%)
[2026-08-08 11:19:49] [W-13] 🔧 开始处理 [user0] peasoft/vendor_hardware_overlay
[2026-08-08 11:19:49] [W-13] ⏭️ [user0] 仓库 https://github.com/peasoft/vendor_hardware_overlay 6730h 未更新，跳过解析（需追踪）
[2026-08-08 11:19:49] [W-13] 🔗 [user0] 查子仓库: peasoft/vendor_hardware_overlay
[2026-08-08 11:19:49] [W-20] 📝 已处理缓存: xieyuhai/jadx
[2026-08-08 11:19:49] [W-20] ⏭️ [fork1] 仓库 https://github.com/xieyuhai/jadx 32066h 未更新，跳过解析（无需追踪）
[2026-08-08 11:19:49] [W-20] ✅ 完成 [fork1] xieyuhai/jadx | 提取 0 | 新增 0 | 耗时 2s | 配额 4447/4800 03:19UTC | 主队列 38/200 发现队列 36/20000 [[user0]:36] | Worker 28忙/8闲(77%)
[2026-08-08 11:19:49] [W-20] 🔧 开始处理 [user0] peasoft/android_kernel_oppo_sdm660_4.4.302
[2026-08-08 11:19:49] [W-20] ⏭️ [user0] 仓库 https://github.com/peasoft/android_kernel_oppo_sdm660_4.4.302 7048h 未更新，跳过解析（需追踪）
[2026-08-08 11:19:49] [W-20] 🔗 [user0] 查子仓库: peasoft/android_kernel_oppo_sdm660_4.4.302
[2026-08-08 11:19:49] [W-30] 📝 已处理缓存: KerwinChina/jadx
[2026-08-08 11:19:49] [W-30] ⏭️ [fork1] 仓库 https://github.com/KerwinChina/jadx 21417h 未更新，跳过解析（无需追踪）
[2026-08-08 11:19:49] [W-30] ✅ 完成 [fork1] KerwinChina/jadx | 提取 0 | 新增 0 | 耗时 1s | 配额 4446/4800 03:19UTC | 主队列 38/200 发现队列 35/20000 [[user0]:35] | Worker 28忙/8闲(77%)
[2026-08-08 11:19:49] [W-30] 🔧 开始处理 [user0] peasoft/setup-python2
[2026-08-08 11:19:49] [W-25] 📝 已处理缓存: yak96/jadx
[2026-08-08 11:19:49] [W-25] ⏭️ [fork1] 仓库 https://github.com/yak96/jadx 36032h 未更新，跳过解析（无需追踪）
[2026-08-08 11:19:49] [W-25] ✅ 完成 [fork1] yak96/jadx | 提取 0 | 新增 0 | 耗时 1s | 配额 4445/4800 03:19UTC | 主队列 38/200 发现队列 34/20000 [[user0]:34] | Worker 28忙/8闲(77%)
[2026-08-08 11:19:49] [W-25] 🔧 开始处理 [user0] peasoft/treble_app
[2026-08-08 11:19:49] [W-6] 📝 已处理缓存: zixindejie/jadx
[2026-08-08 11:19:49] [W-6] ⏭️ [fork1] 仓库 https://github.com/zixindejie/jadx 49136h 未更新，跳过解析（无需追踪）
[2026-08-08 11:19:49] [W-6] ✅ 完成 [fork1] zixindejie/jadx | 提取 0 | 新增 0 | 耗时 2s | 配额 4444/4800 03:19UTC | 主队列 38/200 发现队列 33/20000 [[user0]:33] | Worker 28忙/8闲(77%)
[2026-08-08 11:19:49] [W-6] 🔧 开始处理 [user0] peasoft/android_device_oppo_sdm660-common
[2026-08-08 11:19:49] [W-23] [user1] 仓库 https://github.com/Argh94/Proxy-List (分支: main, size: 185038KB, pushed: 2026-08-08T02:01:06Z)
[2026-08-08 11:19:50] [W-8] 🔗 [user0] 开始 Fork 链追踪 (peasoft/msgpack-python-typed)
[2026-08-08 11:19:50] [W-18] 🔗 [user0] 开始 Fork 链追踪 (peasoft/star-history)
[2026-08-08 11:19:50] [W-7]   🍴 子仓库: 3/3 个 → 主队列 38/200 发现队列 35/20000 [[fork1]:3 [user0]:32] | Worker 28忙/8闲(77%)
[2026-08-08 11:19:50] [W-7] 🔗 [user0] 开始 Fork 链追踪 (peasoft/jekyll-theme-H2O-plus)
[2026-08-08 11:19:50] [W-13] 🔗 [user0] 开始 Fork 链追踪 (peasoft/vendor_hardware_overlay)
[2026-08-08 11:19:50] [W-28] ⏭️ [user0] 仓库 https://github.com/peasoft/picx-images-hosting 5891h 未更新，跳过解析（需追踪）
[2026-08-08 11:19:50] [W-28] 🔗 [user0] 查子仓库: peasoft/picx-images-hosting
[2026-08-08 11:19:50] [W-25] ⏭️ [user0] 仓库 https://github.com/peasoft/treble_app 7551h 未更新，跳过解析（需追踪）
[2026-08-08 11:19:50] [W-25] 🔗 [user0] 查子仓库: peasoft/treble_app
[2026-08-08 11:19:50] [W-8]   [user0] 父仓库: msgpack/msgpack-python
[2026-08-08 11:19:50] [W-8] 📝 已处理缓存: msgpack/msgpack-python
[2026-08-08 11:19:50] [W-8] ⏭️ [fork1] 仓库 https://github.com/msgpack/msgpack-python 45h 未更新，跳过解析（无需追踪）
[2026-08-08 11:19:50] [W-8]   父仓库 +0 个节点
[2026-08-08 11:19:50] [W-14] ⏭️ [user0] 仓库 https://github.com/peasoft/Evoluted-Scratch 6546h 未更新，跳过解析（需追踪）
[2026-08-08 11:19:50] [W-14] 🔗 [user0] 查子仓库: peasoft/Evoluted-Scratch
[2026-08-08 11:19:50] [W-7]   [user0] 父仓库: kaeyleo/jekyll-theme-H2O
[2026-08-08 11:19:50] [W-7] 📝 已处理缓存: kaeyleo/jekyll-theme-H2O
[2026-08-08 11:19:50] [W-7] ⏭️ [fork1] 仓库 https://github.com/kaeyleo/jekyll-theme-H2O 30174h 未更新，跳过解析（无需追踪）
[2026-08-08 11:19:50] [W-7]   父仓库 +0 个节点
[2026-08-08 11:19:50] [W-28] 🔗 [user0] 开始 Fork 链追踪 (peasoft/picx-images-hosting)
[2026-08-08 11:19:50] [W-30] ⏭️ [user0] 仓库 https://github.com/peasoft/setup-python2 5365h 未更新，跳过解析（需追踪）
[2026-08-08 11:19:50] [W-30] 🔗 [user0] 查子仓库: peasoft/setup-python2
[2026-08-08 11:19:50] [W-13]   [user0] 父仓库: TrebleDroid/vendor_hardware_overlay
[2026-08-08 11:19:50] [W-13] 📝 已处理缓存: TrebleDroid/vendor_hardware_overlay
[2026-08-08 11:19:50] [W-13] ⏭️ [fork1] 仓库 https://github.com/TrebleDroid/vendor_hardware_overlay 2052h 未更新，跳过解析（无需追踪）
[2026-08-08 11:19:50] [W-13]   父仓库 +0 个节点
[2026-08-08 11:19:50] [W-18]   [user0] 父仓库: star-history/star-history
[2026-08-08 11:19:50] [W-18] 📝 已处理缓存: star-history/star-history
[2026-08-08 11:19:50] [W-18] ⏭️ [fork1] 仓库 https://github.com/star-history/star-history 740h 未更新，跳过解析（无需追踪）
[2026-08-08 11:19:50] [W-18]   父仓库 +0 个节点
[2026-08-08 11:19:50] [W-25] 🔗 [user0] 开始 Fork 链追踪 (peasoft/treble_app)
[2026-08-08 11:19:51] [W-14] 🔗 [user0] 开始 Fork 链追踪 (peasoft/Evoluted-Scratch)
[2026-08-08 11:19:51] [W-20] 🔗 [user0] 开始 Fork 链追踪 (peasoft/android_kernel_oppo_sdm660_4.4.302)
[2026-08-08 11:19:51] [W-6] ⏭️ [user0] 仓库 https://github.com/peasoft/android_device_oppo_sdm660-common 37791h 未更新，跳过解析（需追踪）
[2026-08-08 11:19:51] [W-6] 🔗 [user0] 查子仓库: peasoft/android_device_oppo_sdm660-common
[2026-08-08 11:19:51] [W-30] 🔗 [user0] 开始 Fork 链追踪 (peasoft/setup-python2)
[2026-08-08 11:19:51] [W-28] ✅ 完成 [user0] peasoft/picx-images-hosting | 提取 0 | 新增 0 | 耗时 2s | 配额 4424/4800 03:19UTC | 主队列 38/200 发现队列 35/20000 [[fork1]:3 [user0]:32] | Worker 28忙/8闲(77%)
[2026-08-08 11:19:51] [W-28] 🔧 开始处理 [种子仓库] yilong001/ACL4SSR [种子 104/744]
[2026-08-08 11:19:51] [W-6] 🔗 [user0] 开始 Fork 链追踪 (peasoft/android_device_oppo_sdm660-common)
[2026-08-08 11:19:51] [W-30] ✅ 完成 [user0] peasoft/setup-python2 | 提取 0 | 新增 0 | 耗时 2s | 配额 4422/4800 03:19UTC | 主队列 37/200 发现队列 35/20000 [[fork1]:3 [user0]:32] | Worker 28忙/8闲(77%)
[2026-08-08 11:19:51] [W-14] ✅ 完成 [user0] peasoft/Evoluted-Scratch | 提取 0 | 新增 0 | 耗时 2s | 配额 4421/4800 03:19UTC | 主队列 37/200 发现队列 34/20000 [[fork1]:2 [user0]:32] | Worker 27忙/9闲(75%)
[2026-08-08 11:19:51] [W-14] 🔧 开始处理 [fork1] hllqkb/shuiablog
[2026-08-08 11:19:51] [W-14] 📝 已处理缓存: hllqkb/shuiablog
[2026-08-08 11:19:51] [W-14] ⏭️ [fork1] 仓库 https://github.com/hllqkb/shuiablog 17060h 未更新，跳过解析（无需追踪）
[2026-08-08 11:19:51] [W-14] ✅ 完成 [fork1] hllqkb/shuiablog | 提取 0 | 新增 0 | 耗时 0s | 配额 4421/4800 03:19UTC | 主队列 37/200 发现队列 33/20000 [[fork1]:1 [user0]:32] | Worker 27忙/9闲(75%)
[2026-08-08 11:19:51] [W-14] 🔧 开始处理 [fork1] shtrend/jekyll-theme-H2O-plus
[2026-08-08 11:19:51] [W-25]   [user0] 父仓库: TrebleDroid/treble_app
[2026-08-08 11:19:51] [W-25] 📝 已处理缓存: TrebleDroid/treble_app
[2026-08-08 11:19:51] [W-25] ⏭️ [fork1] 仓库 https://github.com/TrebleDroid/treble_app 7551h 未更新，跳过解析（无需追踪）
[2026-08-08 11:19:51] [W-25]   父仓库 +0 个节点
[2026-08-08 11:19:51] [W-30] 🔧 开始处理 [fork1] a97083435/jekyll-theme-H2O-plus
[2026-08-08 11:19:51] [W-30] 📝 已处理缓存: a97083435/jekyll-theme-H2O-plus
[2026-08-08 11:19:51] [W-30] ⏭️ [fork1] 仓库 https://github.com/a97083435/jekyll-theme-H2O-plus 11553h 未更新，跳过解析（无需追踪）
[2026-08-08 11:19:51] [W-30] ✅ 完成 [fork1] a97083435/jekyll-theme-H2O-plus | 提取 0 | 新增 0 | 耗时 0s | 配额 4420/4800 03:19UTC | 主队列 37/200 发现队列 32/20000 [[user0]:32] | Worker 28忙/8闲(77%)
[2026-08-08 11:19:51] [W-30] 🔧 开始处理 [user0] peasoft/subs-check
[2026-08-08 11:19:51] [W-20]   [user0] 父仓库: DOCKER-r11/android_kernel_oppo_sdm660
[2026-08-08 11:19:51] [W-20] 📝 已处理缓存: DOCKER-r11/android_kernel_oppo_sdm660
[2026-08-08 11:19:51] [W-20] ⏭️ [fork1] 仓库 https://github.com/DOCKER-r11/android_kernel_oppo_sdm660 18541h 未更新，跳过解析（无需追踪）
[2026-08-08 11:19:51] [W-20]   父仓库 +0 个节点
[2026-08-08 11:19:52] [W-6]   [user0] 父仓库: YuxuanZuo/android_device_oppo_sdm660-common
[2026-08-08 11:19:52] [W-6] 📝 已处理缓存: YuxuanZuo/android_device_oppo_sdm660-common
[2026-08-08 11:19:52] [W-6] ⏭️ [fork1] 仓库 https://github.com/YuxuanZuo/android_device_oppo_sdm660-common 37791h 未更新，跳过解析（无需追踪）
[2026-08-08 11:19:52] [W-6]   父仓库 +0 个节点
[2026-08-08 11:19:52] [W-28] ⏭️ [种子仓库] 仓库 https://github.com/yilong001/ACL4SSR 已解析，跳过解析（无需追踪）
[2026-08-08 11:19:52] [W-28] ✅ 完成 [种子仓库] yilong001/ACL4SSR [种子 104/744] | 提取 0 | 新增 0 | 耗时 1s | 配额 4417/4800 03:19UTC | 主队列 37/200 发现队列 31/20000 [[user0]:31] | Worker 28忙/8闲(77%)
[2026-08-08 11:19:52] [W-28] 🔧 开始处理 [user0] peasoft/clash-verge-rev
[2026-08-08 11:19:52] [W-28] ⏭️ [user0] 仓库 https://github.com/peasoft/clash-verge-rev 7365h 未更新，跳过解析（需追踪）
[2026-08-08 11:19:52] [W-28] 🔗 [user0] 查子仓库: peasoft/clash-verge-rev
[2026-08-08 11:19:52] [W-30] ⏭️ [user0] 仓库 https://github.com/peasoft/subs-check 7407h 未更新，跳过解析（需追踪）
[2026-08-08 11:19:52] [W-30] 🔗 [user0] 查子仓库: peasoft/subs-check
[2026-08-08 11:19:52] [W-20]   🍴 兄弟仓库: 11/12 个 → 主队列 37/200 发现队列 41/20000 [[fork1]:11 [user0]:30] | Worker 28忙/8闲(77%)
[2026-08-08 11:19:52] [W-20] ✅ 完成 [user0] peasoft/android_kernel_oppo_sdm660_4.4.302 | 提取 0 | 新增 0 | 耗时 3s | 配额 4415/4800 03:19UTC | 主队列 37/200 发现队列 41/20000 [[fork1]:11 [user0]:30] | Worker 28忙/8闲(77%)
[2026-08-08 11:19:52] [W-20] 🔧 开始处理 [fork1] Winkmoon/android_kernel_oppo_sdm660_4.4.302_Clang13
[2026-08-08 11:19:52] [W-20] 📝 已处理缓存: Winkmoon/android_kernel_oppo_sdm660_4.4.302_Clang13
[2026-08-08 11:19:52] [W-20] ⏭️ [fork1] 仓库 https://github.com/Winkmoon/android_kernel_oppo_sdm660_4.4.302_Clang13 5715h 未更新，跳过解析（无需追踪）
[2026-08-08 11:19:52] [W-20] ✅ 完成 [fork1] Winkmoon/android_kernel_oppo_sdm660_4.4.302_Clang13 | 提取 0 | 新增 0 | 耗时 0s | 配额 4415/4800 03:19UTC | 主队列 37/200 发现队列 40/20000 [[fork1]:10 [user0]:30] | Worker 28忙/8闲(77%)
[2026-08-08 11:19:52] [W-20] 🔧 开始处理 [fork1] misaka36/android_kernel_oppo_sdm660-wenhao
[2026-08-08 11:19:52] [W-20] 📝 已处理缓存: misaka36/android_kernel_oppo_sdm660-wenhao
[2026-08-08 11:19:52] [W-20] ⏭️ [fork1] 仓库 https://github.com/misaka36/android_kernel_oppo_sdm660-wenhao 18498h 未更新，跳过解析（无需追踪）
[2026-08-08 11:19:52] [W-20] ✅ 完成 [fork1] misaka36/android_kernel_oppo_sdm660-wenhao | 提取 0 | 新增 0 | 耗时 0s | 配额 4415/4800 03:19UTC | 主队列 37/200 发现队列 39/20000 [[fork1]:9 [user0]:30] | Worker 28忙/8闲(77%)
[2026-08-08 11:19:52] [W-20] 🔧 开始处理 [fork1] YoumiHa/android_kernel_oppo_sdm660
[2026-08-08 11:19:52] [W-20] 📝 已处理缓存: YoumiHa/android_kernel_oppo_sdm660
[2026-08-08 11:19:52] [W-20] ⏭️ [fork1] 仓库 https://github.com/YoumiHa/android_kernel_oppo_sdm660 18481h 未更新，跳过解析（无需追踪）
[2026-08-08 11:19:52] [W-20] ✅ 完成 [fork1] YoumiHa/android_kernel_oppo_sdm660 | 提取 0 | 新增 0 | 耗时 0s | 配额 4415/4800 03:19UTC | 主队列 37/200 发现队列 38/20000 [[fork1]:8 [user0]:30] | Worker 28忙/8闲(77%)
[2026-08-08 11:19:52] [W-20] 🔧 开始处理 [fork1] mmeimm/android_kernel_oppo_sdm660
[2026-08-08 11:19:52] [W-9] 📝 已处理缓存: tongxunlu/super
[2026-08-08 11:19:52] [W-9]   父仓库 +0 个节点
[2026-08-08 11:19:52] [W-6]   🍴 兄弟仓库: 5/6 个 → 主队列 37/200 发现队列 42/20000 [[fork1]:12 [user0]:30] | Worker 28忙/8闲(77%)
[2026-08-08 11:19:52] [W-6] ✅ 完成 [user0] peasoft/android_device_oppo_sdm660-common | 提取 0 | 新增 0 | 耗时 3s | 配额 4414/4800 03:19UTC | 主队列 37/200 发现队列 42/20000 [[fork1]:12 [user0]:30] | Worker 28忙/8闲(77%)
[2026-08-08 11:19:52] [W-6] 🔧 开始处理 [fork1] FancyangY/android_kernel_oppo_sdm660
[2026-08-08 11:19:52] [W-30] 🔗 [user0] 开始 Fork 链追踪 (peasoft/subs-check)
[2026-08-08 11:19:53] [W-7]   🍴 兄弟仓库: 80/80 个 → 主队列 37/200 发现队列 121/20000 [[fork1]:91 [user0]:30] | Worker 28忙/8闲(77%)
[2026-08-08 11:19:53] [W-7] ✅ 完成 [user0] peasoft/jekyll-theme-H2O-plus | 提取 0 | 新增 0 | 耗时 4s | 配额 4412/4800 03:19UTC | 主队列 37/200 发现队列 121/20000 [[fork1]:91 [user0]:30] | Worker 28忙/8闲(77%)
[2026-08-08 11:19:53] [W-7] 🔧 开始处理 [种子仓库] FaceAce1/ACL4SSR [种子 105/744]
[2026-08-08 11:19:53] [W-14] 📝 已处理缓存: shtrend/jekyll-theme-H2O-plus
[2026-08-08 11:19:53] [W-14] ⏭️ [fork1] 仓库 https://github.com/shtrend/jekyll-theme-H2O-plus 5889h 未更新，跳过解析（无需追踪）
[2026-08-08 11:19:53] [W-14] ✅ 完成 [fork1] shtrend/jekyll-theme-H2O-plus | 提取 0 | 新增 0 | 耗时 1s | 配额 4411/4800 03:19UTC | 主队列 36/200 发现队列 121/20000 [[fork1]:91 [user0]:30] | Worker 28忙/8闲(77%)
[2026-08-08 11:19:53] [W-14] 🔧 开始处理 [fork1] mmyes1145/android_kernel_oppo_sdm660_4.4.302_Clang13
[2026-08-08 11:19:53] [W-14] 📝 已处理缓存: mmyes1145/android_kernel_oppo_sdm660_4.4.302_Clang13
[2026-08-08 11:19:53] [W-14] ⏭️ [fork1] 仓库 https://github.com/mmyes1145/android_kernel_oppo_sdm660_4.4.302_Clang13 13313h 未更新，跳过解析（无需追踪）
[2026-08-08 11:19:53] [W-14] ✅ 完成 [fork1] mmyes1145/android_kernel_oppo_sdm660_4.4.302_Clang13 | 提取 0 | 新增 0 | 耗时 0s | 配额 4411/4800 03:19UTC | 主队列 36/200 发现队列 120/20000 [[fork1]:90 [user0]:30] | Worker 28忙/8闲(77%)
[2026-08-08 11:19:53] [W-14] 🔧 开始处理 [fork1] wings110/android_kernel_oppo_sdm660_4.4.302
[2026-08-08 11:19:53] [W-14] 📝 已处理缓存: wings110/android_kernel_oppo_sdm660_4.4.302
[2026-08-08 11:19:53] [W-14] ⏭️ [fork1] 仓库 https://github.com/wings110/android_kernel_oppo_sdm660_4.4.302 11928h 未更新，跳过解析（无需追踪）
[2026-08-08 11:19:53] [W-14] ✅ 完成 [fork1] wings110/android_kernel_oppo_sdm660_4.4.302 | 提取 0 | 新增 0 | 耗时 0s | 配额 4411/4800 03:19UTC | 主队列 36/200 发现队列 119/20000 [[fork1]:89 [user0]:30] | Worker 28忙/8闲(77%)
[2026-08-08 11:19:53] [W-14] 🔧 开始处理 [fork1] RuiXuqi/android_kernel_oppo_sdm660_4.4.302_Clang13
[2026-08-08 11:19:53] [W-9]   🍴 兄弟仓库: 5/6 个 → 主队列 36/200 发现队列 123/20000 [[fork1]:93 [user0]:30] | Worker 28忙/8闲(77%)
[2026-08-08 11:19:53] [W-9] ✅ 完成 [user0] peasoft/super | 提取 0 | 新增 0 | 耗时 20s | 配额 4410/4800 03:19UTC | 主队列 36/200 发现队列 123/20000 [[fork1]:93 [user0]:30] | Worker 28忙/8闲(77%)
[2026-08-08 11:19:53] [W-27] 🌱 加入种子: Baobei321/-AutoMergePublicNodes (提取 430 节点)
[2026-08-08 11:19:53] [W-27] ✅ 完成 [种子仓库] Baobei321/-AutoMergePublicNodes [种子 40/744] | 提取 430 | 新增 0 | 耗时 111s | 配额 4410/4800 03:19UTC | 主队列 35/200 发现队列 123/20000 [[fork1]:93 [user0]:30] | Worker 28忙/8闲(77%)
[2026-08-08 11:19:53] [W-9] 🔧 开始处理 [种子仓库] njuFerret/ACL4SSR [种子 106/744]
[2026-08-08 11:19:53] [W-27] 🔧 开始处理 [种子仓库] kimmax603/ACL4SSR [种子 107/744]
[2026-08-08 11:19:53] [W-17] 📦 Partial Clone: 9 个文件（零 API 配额）
[2026-08-08 11:19:53] [W-28] 🔗 [user0] 开始 Fork 链追踪 (peasoft/clash-verge-rev)
[2026-08-08 11:19:53] [W-30]   [user0] 父仓库: beck-8/subs-check
[2026-08-08 11:19:53] [W-30] ⏭️ [fork1] 仓库 https://github.com/beck-8/subs-check 117h 未更新，跳过解析（无需追踪）
[2026-08-08 11:19:53] [W-30]   父仓库 +0 个节点
[2026-08-08 11:19:53] [W-6] 📝 已处理缓存: FancyangY/android_kernel_oppo_sdm660
[2026-08-08 11:19:53] [W-6] ⏭️ [fork1] 仓库 https://github.com/FancyangY/android_kernel_oppo_sdm660 16597h 未更新，跳过解析（无需追踪）
[2026-08-08 11:19:53] [W-6] ✅ 完成 [fork1] FancyangY/android_kernel_oppo_sdm660 | 提取 0 | 新增 0 | 耗时 1s | 配额 4407/4800 03:19UTC | 主队列 34/200 发现队列 123/20000 [[fork1]:93 [user0]:30] | Worker 29忙/7闲(80%)
[2026-08-08 11:19:53] [W-6] 🔧 开始处理 [fork1] computerqwq/android_kernel_oppo_sdm660_4.4.302
[2026-08-08 11:19:54] [W-20] ⏭️ [fork1] 仓库 https://github.com/mmeimm/android_kernel_oppo_sdm660 18091h 未更新，跳过解析（无需追踪）
[2026-08-08 11:19:54] [W-20] ✅ 完成 [fork1] mmeimm/android_kernel_oppo_sdm660 | 提取 0 | 新增 0 | 耗时 1s | 配额 4406/4800 03:19UTC | 主队列 34/200 发现队列 122/20000 [[fork1]:92 [user0]:30] | Worker 29忙/7闲(80%)
[2026-08-08 11:19:54] [W-20] 🔧 开始处理 [种子仓库] chris202010/ACL4SSR [种子 108/744]
[2026-08-08 11:19:54] [W-9] ⏭️ [种子仓库] 仓库 https://github.com/njuFerret/ACL4SSR 已解析，跳过解析（无需追踪）
[2026-08-08 11:19:54] [W-9] ✅ 完成 [种子仓库] njuFerret/ACL4SSR [种子 106/744] | 提取 0 | 新增 0 | 耗时 1s | 配额 4404/4800 03:19UTC | 主队列 33/200 发现队列 122/20000 [[fork1]:92 [user0]:30] | Worker 29忙/7闲(80%)
[2026-08-08 11:19:54] [W-9] 🔧 开始处理 [fork1] XiKoTaSu/android_kernel_oppo_sdm660_4.4.302_rebased
[2026-08-08 11:19:54] [W-7] ⏭️ [种子仓库] 仓库 https://github.com/FaceAce1/ACL4SSR 已解析，跳过解析（无需追踪）
[2026-08-08 11:19:54] [W-7] ✅ 完成 [种子仓库] FaceAce1/ACL4SSR [种子 105/744] | 提取 0 | 新增 0 | 耗时 1s | 配额 4403/4800 03:19UTC | 主队列 33/200 发现队列 121/20000 [[fork1]:91 [user0]:30] | Worker 29忙/7闲(80%)
[2026-08-08 11:19:54] [W-25]   🍴 兄弟仓库: 57/58 个 → 主队列 33/200 发现队列 177/20000 [[fork1]:147 [user0]:30] | Worker 28忙/8闲(77%)
[2026-08-08 11:19:54] [W-25] ✅ 完成 [user0] peasoft/treble_app | 提取 0 | 新增 0 | 耗时 5s | 配额 4402/4800 03:19UTC | 主队列 33/200 发现队列 177/20000 [[fork1]:147 [user0]:30] | Worker 28忙/8闲(77%)
[2026-08-08 11:19:54] [W-13]   🍴 兄弟仓库: 80/80 个 → 主队列 32/200 发现队列 257/20000 [[fork1]:227 [user0]:30] | Worker 27忙/9闲(75%)
[2026-08-08 11:19:54] [W-13] ✅ 完成 [user0] peasoft/vendor_hardware_overlay | 提取 0 | 新增 0 | 耗时 5s | 配额 4402/4800 03:19UTC | 主队列 32/200 发现队列 257/20000 [[fork1]:227 [user0]:30] | Worker 27忙/9闲(75%)
[2026-08-08 11:19:54] [W-13] 🔧 开始处理 [种子仓库] Wyatt36/SubConverter-Extended [种子 110/744]
[2026-08-08 11:19:54] [W-25] 🔧 开始处理 [种子仓库] wjs876046992/subconverter [种子 109/744]
[2026-08-08 11:19:54] [W-28]   [user0] 父仓库: clash-verge-rev/clash-verge-rev
[2026-08-08 11:19:54] [W-28] [fork1] 仓库 https://github.com/clash-verge-rev/clash-verge-rev (分支: dev, size: 78264KB, pushed: 2026-08-08T01:45:09Z)
[2026-08-08 11:19:54] [W-14] 📝 已处理缓存: RuiXuqi/android_kernel_oppo_sdm660_4.4.302_Clang13
[2026-08-08 11:19:54] [W-14] ⏭️ [fork1] 仓库 https://github.com/RuiXuqi/android_kernel_oppo_sdm660_4.4.302_Clang13 10197h 未更新，跳过解析（无需追踪）
[2026-08-08 11:19:54] [W-14] ✅ 完成 [fork1] RuiXuqi/android_kernel_oppo_sdm660_4.4.302_Clang13 | 提取 0 | 新增 0 | 耗时 1s | 配额 4400/4800 03:19UTC | 主队列 31/200 发现队列 257/20000 [[fork1]:227 [user0]:30] | Worker 28忙/8闲(77%)
[2026-08-08 11:19:54] [W-7] 🔧 开始处理 [fork1] blbl13/android_kernel_oppo_sdm660
[2026-08-08 11:19:54] [W-14] 🔧 开始处理 [种子仓库] clift190/v2rayNG [种子 111/744]
[2026-08-08 11:19:54] [W-27] ⏭️ [种子仓库] 仓库 https://github.com/kimmax603/ACL4SSR 已解析，跳过解析（无需追踪）
[2026-08-08 11:19:54] [W-27] ✅ 完成 [种子仓库] kimmax603/ACL4SSR [种子 107/744] | 提取 0 | 新增 0 | 耗时 1s | 配额 4398/4800 03:19UTC | 主队列 30/200 发现队列 257/20000 [[fork1]:227 [user0]:30] | Worker 29忙/7闲(80%)
[2026-08-08 11:19:54] [W-27] 🔧 开始处理 [fork1] TeamWin/android_device_oppo_sdm660-common
[2026-08-08 11:19:54] [W-27] 📝 已处理缓存: TeamWin/android_device_oppo_sdm660-common
[2026-08-08 11:19:54] [W-27] ⏭️ [fork1] 仓库 https://github.com/TeamWin/android_device_oppo_sdm660-common 40450h 未更新，跳过解析（无需追踪）
[2026-08-08 11:19:54] [W-27] ✅ 完成 [fork1] TeamWin/android_device_oppo_sdm660-common | 提取 0 | 新增 0 | 耗时 0s | 配额 4398/4800 03:19UTC | 主队列 30/200 发现队列 256/20000 [[fork1]:226 [user0]:30] | Worker 29忙/7闲(80%)
[2026-08-08 11:19:54] [W-27] 🔧 开始处理 [fork1] HVH-top2/android_device_oppo_sdm660-common
[2026-08-08 11:19:54] [W-8]   🍴 兄弟仓库: 80/80 个 → 主队列 30/200 发现队列 335/20000 [[fork1]:305 [user0]:30] | Worker 29忙/7闲(80%)
[2026-08-08 11:19:54] [W-8] ✅ 完成 [user0] peasoft/msgpack-python-typed | 提取 0 | 新增 0 | 耗时 5s | 配额 4398/4800 03:19UTC | 主队列 30/200 发现队列 335/20000 [[fork1]:305 [user0]:30] | Worker 29忙/7闲(80%)
[2026-08-08 11:19:54] [W-8] 🔧 开始处理 [种子仓库] 2dust/v2rayNG [种子 112/744]
[2026-08-08 11:19:54] [W-18]   🍴 兄弟仓库: 79/80 个 → 主队列 29/200 发现队列 414/20000 [[fork1]:384 [user0]:30] | Worker 29忙/7闲(80%)
[2026-08-08 11:19:54] [W-18] ✅ 完成 [user0] peasoft/star-history | 提取 0 | 新增 0 | 耗时 6s | 配额 4397/4800 03:19UTC | 主队列 29/200 发现队列 414/20000 [[fork1]:384 [user0]:30] | Worker 29忙/7闲(80%)
[2026-08-08 11:19:55] [W-18] 🔧 开始处理 [fork1] LianhuaInk/android_device_oppo_sdm660-common
[2026-08-08 11:19:55] [W-33] 🌱 加入种子: superokde/free-nodes (提取 874 节点)
[2026-08-08 11:19:55] [W-33] ✅ 完成 [种子仓库] superokde/free-nodes [种子 73/744] | 提取 874 | 新增 68 | 耗时 42s | 配额 4397/4800 03:19UTC | 主队列 29/200 发现队列 413/20000 [[fork1]:383 [user0]:30] | Worker 29忙/7闲(80%)
[2026-08-08 11:19:55] [W-33] 🔧 开始处理 [种子仓库] clift190/v2rayN [种子 113/744]
[2026-08-08 11:19:55] [W-8] [种子仓库] 仓库 https://github.com/2dust/v2rayNG (分支: master, size: 269254KB, pushed: 2026-08-08T02:51:58Z)
[2026-08-08 11:19:55] [W-20] ⏭️ [种子仓库] 仓库 https://github.com/chris202010/ACL4SSR 121h 未更新，跳过解析（无需追踪）
[2026-08-08 11:19:55] [W-20] ✅ 完成 [种子仓库] chris202010/ACL4SSR [种子 108/744] | 提取 0 | 新增 0 | 耗时 1s | 配额 4395/4800 03:19UTC | 主队列 28/200 发现队列 413/20000 [[fork1]:383 [user0]:30] | Worker 30忙/6闲(83%)
[2026-08-08 11:19:55] [W-20] 🔧 开始处理 [fork1] zeng-github01/android_device_oppo_sdm660-common
[2026-08-08 11:19:55] [W-13] ⏭️ [种子仓库] 仓库 https://github.com/Wyatt36/SubConverter-Extended 289h 未更新，跳过解析（无需追踪）
[2026-08-08 11:19:55] [W-13] ✅ 完成 [种子仓库] Wyatt36/SubConverter-Extended [种子 110/744] | 提取 0 | 新增 0 | 耗时 1s | 配额 4394/4800 03:19UTC | 主队列 28/200 发现队列 412/20000 [[fork1]:382 [user0]:30] | Worker 30忙/6闲(83%)
[2026-08-08 11:19:55] [W-6] 📝 已处理缓存: computerqwq/android_kernel_oppo_sdm660_4.4.302
[2026-08-08 11:19:55] [W-6] ⏭️ [fork1] 仓库 https://github.com/computerqwq/android_kernel_oppo_sdm660_4.4.302 9166h 未更新，跳过解析（无需追踪）
[2026-08-08 11:19:55] [W-6] ✅ 完成 [fork1] computerqwq/android_kernel_oppo_sdm660_4.4.302 | 提取 0 | 新增 0 | 耗时 2s | 配额 4393/4800 03:19UTC | 主队列 28/200 发现队列 411/20000 [[fork1]:381 [user0]:30] | Worker 29忙/7闲(80%)
[2026-08-08 11:19:55] [W-6] 🔧 开始处理 [种子仓库] hncsjmj/v2rayN [种子 114/744]
[2026-08-08 11:19:55] [W-13] 🔧 开始处理 [fork1] 4everDimensions/android_device_oppo_sdm660-common
[2026-08-08 11:19:55] [W-9] 📝 已处理缓存: XiKoTaSu/android_kernel_oppo_sdm660_4.4.302_rebased
[2026-08-08 11:19:55] [W-9] ⏭️ [fork1] 仓库 https://github.com/XiKoTaSu/android_kernel_oppo_sdm660_4.4.302_rebased 9304h 未更新，跳过解析（无需追踪）
[2026-08-08 11:19:55] [W-9] ✅ 完成 [fork1] XiKoTaSu/android_kernel_oppo_sdm660_4.4.302_rebased | 提取 0 | 新增 0 | 耗时 2s | 配额 4392/4800 03:19UTC | 主队列 27/200 发现队列 411/20000 [[fork1]:381 [user0]:30] | Worker 30忙/6闲(83%)
[2026-08-08 11:19:55] [W-9] 🔧 开始处理 [fork1] zhonger/jekyll-theme-H2O-ac
[2026-08-08 11:19:55] [W-9] 📝 已处理缓存: zhonger/jekyll-theme-H2O-ac
[2026-08-08 11:19:55] [W-9] ⏭️ [fork1] 仓库 https://github.com/zhonger/jekyll-theme-H2O-ac 2227h 未更新，跳过解析（无需追踪）
[2026-08-08 11:19:55] [W-9] ✅ 完成 [fork1] zhonger/jekyll-theme-H2O-ac | 提取 0 | 新增 0 | 耗时 0s | 配额 4392/4800 03:19UTC | 主队列 27/200 发现队列 410/20000 [[fork1]:380 [user0]:30] | Worker 30忙/6闲(83%)
[2026-08-08 11:19:55] [W-9] 🔧 开始处理 [fork1] weijunzii/weijunzii.github.io
[2026-08-08 11:19:55] [W-9] ⏭️ [fork1] 仓库 https://github.com/weijunzii/weijunzii.github.io 主要语言 HTML，跳过
[2026-08-08 11:19:55] [W-9] ✅ 完成 [fork1] weijunzii/weijunzii.github.io | 提取 0 | 新增 0 | 耗时 0s | 配额 4392/4800 03:19UTC | 主队列 27/200 发现队列 409/20000 [[fork1]:379 [user0]:30] | Worker 30忙/6闲(83%)
[2026-08-08 11:19:55] [W-9] 🔧 开始处理 [fork1] Rynxiao/Rynxiao.github.io
[2026-08-08 11:19:55] [W-9] 📝 已处理缓存: Rynxiao/Rynxiao.github.io
[2026-08-08 11:19:55] [W-9] ⏭️ [fork1] 仓库 https://github.com/Rynxiao/Rynxiao.github.io 39089h 未更新，跳过解析（无需追踪）
[2026-08-08 11:19:55] [W-9] ✅ 完成 [fork1] Rynxiao/Rynxiao.github.io | 提取 0 | 新增 0 | 耗时 0s | 配额 4392/4800 03:19UTC | 主队列 27/200 发现队列 408/20000 [[fork1]:378 [user0]:30] | Worker 30忙/6闲(83%)
[2026-08-08 11:19:55] [W-9] 🔧 开始处理 [fork1] tea9/jekyll-theme-H2O
[2026-08-08 11:19:55] [W-9] 📝 已处理缓存: tea9/jekyll-theme-H2O
[2026-08-08 11:19:55] [W-9] ⏭️ [fork1] 仓库 https://github.com/tea9/jekyll-theme-H2O 71175h 未更新，跳过解析（无需追踪）
[2026-08-08 11:19:55] [W-9] ✅ 完成 [fork1] tea9/jekyll-theme-H2O | 提取 0 | 新增 0 | 耗时 0s | 配额 4392/4800 03:19UTC | 主队列 27/200 发现队列 407/20000 [[fork1]:377 [user0]:30] | Worker 30忙/6闲(83%)
[2026-08-08 11:19:55] [W-9] 🔧 开始处理 [fork1] su29029/su29029.github.io.bak
[2026-08-08 11:19:55] [W-9] 📝 已处理缓存: su29029/su29029.github.io.bak
[2026-08-08 11:19:55] [W-9] ⏭️ [fork1] 仓库 https://github.com/su29029/su29029.github.io.bak 52106h 未更新，跳过解析（无需追踪）
[2026-08-08 11:19:55] [W-9] ✅ 完成 [fork1] su29029/su29029.github.io.bak | 提取 0 | 新增 0 | 耗时 0s | 配额 4392/4800 03:19UTC | 主队列 27/200 发现队列 406/20000 [[fork1]:376 [user0]:30] | Worker 30忙/6闲(83%)
[2026-08-08 11:19:55] [W-9] 🔧 开始处理 [fork1] wzc520pyfm/wzc520pyfm.github.io
[2026-08-08 11:19:55] [W-9] 📝 已处理缓存: wzc520pyfm/wzc520pyfm.github.io
[2026-08-08 11:19:55] [W-9] ⏭️ [fork1] 仓库 https://github.com/wzc520pyfm/wzc520pyfm.github.io 30615h 未更新，跳过解析（无需追踪）
[2026-08-08 11:19:55] [W-9] ✅ 完成 [fork1] wzc520pyfm/wzc520pyfm.github.io | 提取 0 | 新增 0 | 耗时 0s | 配额 4392/4800 03:19UTC | 主队列 27/200 发现队列 405/20000 [[fork1]:375 [user0]:30] | Worker 30忙/6闲(83%)
[2026-08-08 11:19:55] [W-9] 🔧 开始处理 [fork1] Lawrence-Link/jekyll-theme-H2O
[2026-08-08 11:19:56] [W-7] 📝 已处理缓存: blbl13/android_kernel_oppo_sdm660
[2026-08-08 11:19:56] [W-7] ⏭️ [fork1] 仓库 https://github.com/blbl13/android_kernel_oppo_sdm660 18541h 未更新，跳过解析（无需追踪）
[2026-08-08 11:19:56] [W-7] ✅ 完成 [fork1] blbl13/android_kernel_oppo_sdm660 | 提取 0 | 新增 0 | 耗时 2s | 配额 4391/4800 03:19UTC | 主队列 27/200 发现队列 404/20000 [[fork1]:374 [user0]:30] | Worker 30忙/6闲(83%)
[2026-08-08 11:19:56] [W-7] 🔧 开始处理 [fork1] sakurajh/sakurajh.github.io
[2026-08-08 11:19:56] [W-7] 📝 已处理缓存: sakurajh/sakurajh.github.io
[2026-08-08 11:19:56] [W-7] ⏭️ [fork1] 仓库 https://github.com/sakurajh/sakurajh.github.io 5007h 未更新，跳过解析（无需追踪）
[2026-08-08 11:19:56] [W-7] ✅ 完成 [fork1] sakurajh/sakurajh.github.io | 提取 0 | 新增 0 | 耗时 0s | 配额 4391/4800 03:19UTC | 主队列 27/200 发现队列 403/20000 [[fork1]:373 [user0]:30] | Worker 30忙/6闲(83%)
[2026-08-08 11:19:56] [W-7] 🔧 开始处理 [fork1] 541435721/541435721.github.io
[2026-08-08 11:19:56] [W-7] 📝 已处理缓存: 541435721/541435721.github.io
[2026-08-08 11:19:56] [W-7] ⏭️ [fork1] 仓库 https://github.com/541435721/541435721.github.io 66668h 未更新，跳过解析（无需追踪）
[2026-08-08 11:19:56] [W-7] ✅ 完成 [fork1] 541435721/541435721.github.io | 提取 0 | 新增 0 | 耗时 0s | 配额 4391/4800 03:19UTC | 主队列 27/200 发现队列 402/20000 [[fork1]:372 [user0]:30] | Worker 30忙/6闲(83%)
[2026-08-08 11:19:56] [W-7] 🔧 开始处理 [fork1] PerryPro/jekyll-theme-H2O
[2026-08-08 11:19:56] [W-7] 📝 已处理缓存: PerryPro/jekyll-theme-H2O
[2026-08-08 11:19:56] [W-7] ⏭️ [fork1] 仓库 https://github.com/PerryPro/jekyll-theme-H2O 66666h 未更新，跳过解析（无需追踪）
[2026-08-08 11:19:56] [W-7] ✅ 完成 [fork1] PerryPro/jekyll-theme-H2O | 提取 0 | 新增 0 | 耗时 0s | 配额 4391/4800 03:19UTC | 主队列 27/200 发现队列 401/20000 [[fork1]:371 [user0]:30] | Worker 30忙/6闲(83%)
[2026-08-08 11:19:56] [W-7] 🔧 开始处理 [fork1] want-u/want-u.github.io
[2026-08-08 11:19:56] [W-7] 📝 已处理缓存: want-u/want-u.github.io
[2026-08-08 11:19:56] [W-7] ⏭️ [fork1] 仓库 https://github.com/want-u/want-u.github.io 49002h 未更新，跳过解析（无需追踪）
[2026-08-08 11:19:56] [W-7] ✅ 完成 [fork1] want-u/want-u.github.io | 提取 0 | 新增 0 | 耗时 0s | 配额 4391/4800 03:19UTC | 主队列 27/200 发现队列 400/20000 [[fork1]:370 [user0]:30] | Worker 30忙/6闲(83%)
[2026-08-08 11:19:56] [W-7] 🔧 开始处理 [fork1] Frankblogs/gear-fuck.github.io
[2026-08-08 11:19:56] [W-7] 📝 已处理缓存: Frankblogs/gear-fuck.github.io
[2026-08-08 11:19:56] [W-7] ⏭️ [fork1] 仓库 https://github.com/Frankblogs/gear-fuck.github.io 51684h 未更新，跳过解析（无需追踪）
[2026-08-08 11:19:56] [W-7] ✅ 完成 [fork1] Frankblogs/gear-fuck.github.io | 提取 0 | 新增 0 | 耗时 0s | 配额 4391/4800 03:19UTC | 主队列 27/200 发现队列 399/20000 [[fork1]:369 [user0]:30] | Worker 30忙/6闲(83%)
[2026-08-08 11:19:56] [W-7] 🔧 开始处理 [fork1] KIKOcaoyue/KIKOcaoyue.github.io_backup
[2026-08-08 11:19:56] [W-7] 📝 已处理缓存: KIKOcaoyue/KIKOcaoyue.github.io_backup
[2026-08-08 11:19:56] [W-7] ⏭️ [fork1] 仓库 https://github.com/KIKOcaoyue/KIKOcaoyue.github.io_backup 60949h 未更新，跳过解析（无需追踪）
[2026-08-08 11:19:56] [W-7] ✅ 完成 [fork1] KIKOcaoyue/KIKOcaoyue.github.io_backup | 提取 0 | 新增 0 | 耗时 0s | 配额 4391/4800 03:19UTC | 主队列 27/200 发现队列 398/20000 [[fork1]:368 [user0]:30] | Worker 30忙/6闲(83%)
[2026-08-08 11:19:56] [W-7] 🔧 开始处理 [fork1] BrianLima/Old-github-io
[2026-08-08 11:19:56] [W-7] 📝 已处理缓存: BrianLima/Old-github-io
[2026-08-08 11:19:56] [W-7] ⏭️ [fork1] 仓库 https://github.com/BrianLima/Old-github-io 11887h 未更新，跳过解析（无需追踪）
[2026-08-08 11:19:56] [W-7] ✅ 完成 [fork1] BrianLima/Old-github-io | 提取 0 | 新增 0 | 耗时 0s | 配额 4391/4800 03:19UTC | 主队列 27/200 发现队列 397/20000 [[fork1]:367 [user0]:30] | Worker 30忙/6闲(83%)
[2026-08-08 11:19:56] [W-7] 🔧 开始处理 [fork1] Planarians/jekyll-theme-H2O
[2026-08-08 11:19:56] [W-7] 📝 已处理缓存: Planarians/jekyll-theme-H2O
[2026-08-08 11:19:56] [W-7] ⏭️ [fork1] 仓库 https://github.com/Planarians/jekyll-theme-H2O 66666h 未更新，跳过解析（无需追踪）
[2026-08-08 11:19:56] [W-14] [种子仓库] 仓库 https://github.com/clift190/v2rayNG (分支: master, size: 36676KB, pushed: 2026-08-07T23:51:24Z)
[2026-08-08 11:19:56] [W-7] ✅ 完成 [fork1] Planarians/jekyll-theme-H2O | 提取 0 | 新增 0 | 耗时 0s | 配额 4391/4800 03:19UTC | 主队列 27/200 发现队列 396/20000 [[fork1]:366 [user0]:30] | Worker 30忙/6闲(83%)
[2026-08-08 11:19:56] [W-7] 🔧 开始处理 [fork1] CjM1024/cjm1024.github.io
[2026-08-08 11:19:56] [W-7] 📝 已处理缓存: CjM1024/cjm1024.github.io
[2026-08-08 11:19:56] [W-7] ⏭️ [fork1] 仓库 https://github.com/CjM1024/cjm1024.github.io 16389h 未更新，跳过解析（无需追踪）
[2026-08-08 11:19:56] [W-7] ✅ 完成 [fork1] CjM1024/cjm1024.github.io | 提取 0 | 新增 0 | 耗时 0s | 配额 4389/4800 03:19UTC | 主队列 27/200 发现队列 395/20000 [[fork1]:365 [user0]:30] | Worker 30忙/6闲(83%)
[2026-08-08 11:19:56] [W-7] 🔧 开始处理 [fork1] hello-zhanghao/hello-zhanghao.github.io
[2026-08-08 11:19:56] [W-7] 📝 已处理缓存: hello-zhanghao/hello-zhanghao.github.io
[2026-08-08 11:19:56] [W-7] ⏭️ [fork1] 仓库 https://github.com/hello-zhanghao/hello-zhanghao.github.io 42396h 未更新，跳过解析（无需追踪）
[2026-08-08 11:19:56] [W-7] ✅ 完成 [fork1] hello-zhanghao/hello-zhanghao.github.io | 提取 0 | 新增 0 | 耗时 0s | 配额 4389/4800 03:19UTC | 主队列 27/200 发现队列 394/20000 [[fork1]:364 [user0]:30] | Worker 30忙/6闲(83%)
[2026-08-08 11:19:56] [W-7] 🔧 开始处理 [fork1] pickou/jekyll-theme-H2O
[2026-08-08 11:19:56] [W-7] 📝 已处理缓存: pickou/jekyll-theme-H2O
[2026-08-08 11:19:56] [W-7] ⏭️ [fork1] 仓库 https://github.com/pickou/jekyll-theme-H2O 76801h 未更新，跳过解析（无需追踪）
[2026-08-08 11:19:56] [W-7] ✅ 完成 [fork1] pickou/jekyll-theme-H2O | 提取 0 | 新增 0 | 耗时 0s | 配额 4389/4800 03:19UTC | 主队列 27/200 发现队列 393/20000 [[fork1]:363 [user0]:30] | Worker 30忙/6闲(83%)
[2026-08-08 11:19:56] [W-7] 🔧 开始处理 [fork1] RLNM/RLNM.github.io
[2026-08-08 11:19:56] [W-7] 📝 已处理缓存: RLNM/RLNM.github.io
[2026-08-08 11:19:56] [W-7] ⏭️ [fork1] 仓库 https://github.com/RLNM/RLNM.github.io 62042h 未更新，跳过解析（无需追踪）
[2026-08-08 11:19:56] [W-7] ✅ 完成 [fork1] RLNM/RLNM.github.io | 提取 0 | 新增 0 | 耗时 0s | 配额 4389/4800 03:19UTC | 主队列 27/200 发现队列 392/20000 [[fork1]:362 [user0]:30] | Worker 30忙/6闲(83%)
[2026-08-08 11:19:56] [W-7] 🔧 开始处理 [fork1] gongshui10/jekyll-theme-H2O
[2026-08-08 11:19:56] [W-7] 📝 已处理缓存: gongshui10/jekyll-theme-H2O
[2026-08-08 11:19:56] [W-7] ⏭️ [fork1] 仓库 https://github.com/gongshui10/jekyll-theme-H2O 68950h 未更新，跳过解析（无需追踪）
[2026-08-08 11:19:56] [W-7] ✅ 完成 [fork1] gongshui10/jekyll-theme-H2O | 提取 0 | 新增 0 | 耗时 0s | 配额 4389/4800 03:19UTC | 主队列 27/200 发现队列 391/20000 [[fork1]:361 [user0]:30] | Worker 30忙/6闲(83%)
[2026-08-08 11:19:56] [W-7] 🔧 开始处理 [fork1] silver23rain/silver23rain.github.io
[2026-08-08 11:19:56] [W-7] 📝 已处理缓存: silver23rain/silver23rain.github.io
[2026-08-08 11:19:56] [W-7] ⏭️ [fork1] 仓库 https://github.com/silver23rain/silver23rain.github.io 50508h 未更新，跳过解析（无需追踪）
[2026-08-08 11:19:56] [W-7] ✅ 完成 [fork1] silver23rain/silver23rain.github.io | 提取 0 | 新增 0 | 耗时 0s | 配额 4389/4800 03:19UTC | 主队列 27/200 发现队列 390/20000 [[fork1]:360 [user0]:30] | Worker 30忙/6闲(83%)
[2026-08-08 11:19:56] [W-7] 🔧 开始处理 [fork1] wwj912790488/wwj912790488.github.io
[2026-08-08 11:19:56] [W-7] 📝 已处理缓存: wwj912790488/wwj912790488.github.io
[2026-08-08 11:19:56] [W-7] ⏭️ [fork1] 仓库 https://github.com/wwj912790488/wwj912790488.github.io 64557h 未更新，跳过解析（无需追踪）
[2026-08-08 11:19:56] [W-7] ✅ 完成 [fork1] wwj912790488/wwj912790488.github.io | 提取 0 | 新增 0 | 耗时 0s | 配额 4389/4800 03:19UTC | 主队列 27/200 发现队列 389/20000 [[fork1]:359 [user0]:30] | Worker 30忙/6闲(83%)
[2026-08-08 11:19:56] [W-7] 🔧 开始处理 [fork1] diosguo/diosguo.github.io
[2026-08-08 11:19:56] [W-7] 📝 已处理缓存: diosguo/diosguo.github.io
[2026-08-08 11:19:56] [W-7] ⏭️ [fork1] 仓库 https://github.com/diosguo/diosguo.github.io 43201h 未更新，跳过解析（无需追踪）
[2026-08-08 11:19:56] [W-7] ✅ 完成 [fork1] diosguo/diosguo.github.io | 提取 0 | 新增 0 | 耗时 0s | 配额 4389/4800 03:19UTC | 主队列 27/200 发现队列 388/20000 [[fork1]:358 [user0]:30] | Worker 30忙/6闲(83%)
[2026-08-08 11:19:56] [W-7] 🔧 开始处理 [fork1] hufenglin/jekyll-theme-H2O
[2026-08-08 11:19:56] [W-7] 📝 已处理缓存: hufenglin/jekyll-theme-H2O
[2026-08-08 11:19:56] [W-7] ⏭️ [fork1] 仓库 https://github.com/hufenglin/jekyll-theme-H2O 67302h 未更新，跳过解析（无需追踪）
[2026-08-08 11:19:56] [W-7] ✅ 完成 [fork1] hufenglin/jekyll-theme-H2O | 提取 0 | 新增 0 | 耗时 0s | 配额 4389/4800 03:19UTC | 主队列 27/200 发现队列 387/20000 [[fork1]:357 [user0]:30] | Worker 30忙/6闲(83%)
[2026-08-08 11:19:56] [W-7] 🔧 开始处理 [fork1] Ar1ess/Ar1ess.github.io
[2026-08-08 11:19:56] [W-7] 📝 已处理缓存: Ar1ess/Ar1ess.github.io
[2026-08-08 11:19:56] [W-7] ⏭️ [fork1] 仓库 https://github.com/Ar1ess/Ar1ess.github.io 56160h 未更新，跳过解析（无需追踪）
[2026-08-08 11:19:56] [W-7] ✅ 完成 [fork1] Ar1ess/Ar1ess.github.io | 提取 0 | 新增 0 | 耗时 0s | 配额 4389/4800 03:19UTC | 主队列 27/200 发现队列 386/20000 [[fork1]:356 [user0]:30] | Worker 30忙/6闲(83%)
[2026-08-08 11:19:56] [W-7] 🔧 开始处理 [fork1] samazx/h20
[2026-08-08 11:19:56] [W-7] 📝 已处理缓存: samazx/h20
[2026-08-08 11:19:56] [W-30]   🍴 兄弟仓库: 78/80 个 → 主队列 27/200 发现队列 463/20000 [[fork1]:433 [user0]:30] | Worker 30忙/6闲(83%)
[2026-08-08 11:19:56] [W-30] ✅ 完成 [user0] peasoft/subs-check | 提取 0 | 新增 0 | 耗时 4s | 配额 4389/4800 03:19UTC | 主队列 27/200 发现队列 463/20000 [[fork1]:433 [user0]:30] | Worker 30忙/6闲(83%)
[2026-08-08 11:19:56] [W-30] 🔧 开始处理 [种子仓库] flyhong666/v2rayN [种子 115/744]
[2026-08-08 11:19:56] [W-7] ⏭️ [fork1] 仓库 https://github.com/samazx/h20 71603h 未更新，跳过解析（无需追踪）
[2026-08-08 11:19:56] [W-7] ✅ 完成 [fork1] samazx/h20 | 提取 0 | 新增 0 | 耗时 0s | 配额 4389/4800 03:19UTC | 主队列 26/200 发现队列 463/20000 [[fork1]:433 [user0]:30] | Worker 30忙/6闲(83%)
[2026-08-08 11:19:56] [W-7] 🔧 开始处理 [fork1] michaelzhu2024/michaelzhu2024.github.io
[2026-08-08 11:19:56] [W-7] 📝 已处理缓存: michaelzhu2024/michaelzhu2024.github.io
[2026-08-08 11:19:56] [W-7] ⏭️ [fork1] 仓库 https://github.com/michaelzhu2024/michaelzhu2024.github.io 21485h 未更新，跳过解析（无需追踪）
[2026-08-08 11:19:56] [W-7] ✅ 完成 [fork1] michaelzhu2024/michaelzhu2024.github.io | 提取 0 | 新增 0 | 耗时 0s | 配额 4389/4800 03:19UTC | 主队列 26/200 发现队列 462/20000 [[fork1]:432 [user0]:30] | Worker 30忙/6闲(83%)
[2026-08-08 11:19:56] [W-7] 🔧 开始处理 [fork1] Orlicz/jekH2O
[2026-08-08 11:19:56] [W-7] 📝 已处理缓存: Orlicz/jekH2O
[2026-08-08 11:19:56] [W-7] ⏭️ [fork1] 仓库 https://github.com/Orlicz/jekH2O 36098h 未更新，跳过解析（无需追踪）
[2026-08-08 11:19:56] [W-7] ✅ 完成 [fork1] Orlicz/jekH2O | 提取 0 | 新增 0 | 耗时 0s | 配额 4389/4800 03:19UTC | 主队列 26/200 发现队列 461/20000 [[fork1]:431 [user0]:30] | Worker 30忙/6闲(83%)
[2026-08-08 11:19:56] [W-7] 🔧 开始处理 [fork1] jiangpro/jekyll-theme-H2O
[2026-08-08 11:19:56] [W-7] 📝 已处理缓存: jiangpro/jekyll-theme-H2O
[2026-08-08 11:19:56] [W-7] ⏭️ [fork1] 仓库 https://github.com/jiangpro/jekyll-theme-H2O 67548h 未更新，跳过解析（无需追踪）
[2026-08-08 11:19:56] [W-7] ✅ 完成 [fork1] jiangpro/jekyll-theme-H2O | 提取 0 | 新增 0 | 耗时 0s | 配额 4389/4800 03:19UTC | 主队列 26/200 发现队列 460/20000 [[fork1]:430 [user0]:30] | Worker 30忙/6闲(83%)
[2026-08-08 11:19:56] [W-7] 🔧 开始处理 [fork1] zjuas2016/zjuas2016.github.io
[2026-08-08 11:19:56] [W-7] 📝 已处理缓存: zjuas2016/zjuas2016.github.io
[2026-08-08 11:19:56] [W-7] ⏭️ [fork1] 仓库 https://github.com/zjuas2016/zjuas2016.github.io 69332h 未更新，跳过解析（无需追踪）
[2026-08-08 11:19:56] [W-7] ✅ 完成 [fork1] zjuas2016/zjuas2016.github.io | 提取 0 | 新增 0 | 耗时 0s | 配额 4389/4800 03:19UTC | 主队列 26/200 发现队列 459/20000 [[fork1]:429 [user0]:30] | Worker 30忙/6闲(83%)
[2026-08-08 11:19:56] [W-7] 🔧 开始处理 [fork1] RealFeeling/RealFeeling.github.io
[2026-08-08 11:19:56] [W-7] 📝 已处理缓存: RealFeeling/RealFeeling.github.io
[2026-08-08 11:19:56] [W-7] ⏭️ [fork1] 仓库 https://github.com/RealFeeling/RealFeeling.github.io 61919h 未更新，跳过解析（无需追踪）
[2026-08-08 11:19:56] [W-7] ✅ 完成 [fork1] RealFeeling/RealFeeling.github.io | 提取 0 | 新增 0 | 耗时 0s | 配额 4389/4800 03:19UTC | 主队列 26/200 发现队列 458/20000 [[fork1]:428 [user0]:30] | Worker 30忙/6闲(83%)
[2026-08-08 11:19:56] [W-7] 🔧 开始处理 [fork1] ximuqian/jekyll-theme-H2O
[2026-08-08 11:19:56] [W-7] 📝 已处理缓存: ximuqian/jekyll-theme-H2O
[2026-08-08 11:19:56] [W-7] ⏭️ [fork1] 仓库 https://github.com/ximuqian/jekyll-theme-H2O 72977h 未更新，跳过解析（无需追踪）
[2026-08-08 11:19:56] [W-7] ✅ 完成 [fork1] ximuqian/jekyll-theme-H2O | 提取 0 | 新增 0 | 耗时 0s | 配额 4389/4800 03:19UTC | 主队列 26/200 发现队列 457/20000 [[fork1]:427 [user0]:30] | Worker 30忙/6闲(83%)
[2026-08-08 11:19:56] [W-7] 🔧 开始处理 [fork1] Vwsrenzk/Vwsrenzk.github.io
[2026-08-08 11:19:56] [W-7] 📝 已处理缓存: Vwsrenzk/Vwsrenzk.github.io
[2026-08-08 11:19:56] [W-7] ⏭️ [fork1] 仓库 https://github.com/Vwsrenzk/Vwsrenzk.github.io 63818h 未更新，跳过解析（无需追踪）
[2026-08-08 11:19:56] [W-7] ✅ 完成 [fork1] Vwsrenzk/Vwsrenzk.github.io | 提取 0 | 新增 0 | 耗时 0s | 配额 4389/4800 03:19UTC | 主队列 26/200 发现队列 456/20000 [[fork1]:426 [user0]:30] | Worker 30忙/6闲(83%)
[2026-08-08 11:19:56] [W-7] 🔧 开始处理 [fork1] savfhfdhg/savfhfdhg.github.io
[2026-08-08 11:19:56] [W-7] 📝 已处理缓存: savfhfdhg/savfhfdhg.github.io
[2026-08-08 11:19:56] [W-7] ⏭️ [fork1] 仓库 https://github.com/savfhfdhg/savfhfdhg.github.io 43698h 未更新，跳过解析（无需追踪）
[2026-08-08 11:19:56] [W-7] ✅ 完成 [fork1] savfhfdhg/savfhfdhg.github.io | 提取 0 | 新增 0 | 耗时 0s | 配额 4389/4800 03:19UTC | 主队列 26/200 发现队列 455/20000 [[fork1]:425 [user0]:30] | Worker 30忙/6闲(83%)
[2026-08-08 11:19:56] [W-33] [种子仓库] 仓库 https://github.com/clift190/v2rayN (分支: master, size: 49257KB, pushed: 2026-08-07T23:51:09Z)
[2026-08-08 11:19:56] [W-7] 🔧 开始处理 [fork1] ShashankN/jekyll-theme-H2O
[2026-08-08 11:19:56] [W-7] 📝 已处理缓存: ShashankN/jekyll-theme-H2O
[2026-08-08 11:19:56] [W-7] ⏭️ [fork1] 仓库 https://github.com/ShashankN/jekyll-theme-H2O 73355h 未更新，跳过解析（无需追踪）
[2026-08-08 11:19:56] [W-7] ✅ 完成 [fork1] ShashankN/jekyll-theme-H2O | 提取 0 | 新增 0 | 耗时 0s | 配额 4388/4800 03:19UTC | 主队列 26/200 发现队列 454/20000 [[fork1]:424 [user0]:30] | Worker 30忙/6闲(83%)
[2026-08-08 11:19:56] [W-7] 🔧 开始处理 [fork1] Phantomzweiyq/phantomweiyq.github.io
[2026-08-08 11:19:56] [W-7] 📝 已处理缓存: Phantomzweiyq/phantomweiyq.github.io
[2026-08-08 11:19:56] [W-7] ⏭️ [fork1] 仓库 https://github.com/Phantomzweiyq/phantomweiyq.github.io 81040h 未更新，跳过解析（无需追踪）
[2026-08-08 11:19:56] [W-7] ✅ 完成 [fork1] Phantomzweiyq/phantomweiyq.github.io | 提取 0 | 新增 0 | 耗时 0s | 配额 4388/4800 03:19UTC | 主队列 26/200 发现队列 453/20000 [[fork1]:423 [user0]:30] | Worker 30忙/6闲(83%)
[2026-08-08 11:19:56] [W-7] 🔧 开始处理 [fork1] ASHFIFI/jekyll-theme-H2O
[2026-08-08 11:19:56] [W-7] 📝 已处理缓存: ASHFIFI/jekyll-theme-H2O
[2026-08-08 11:19:56] [W-7] ⏭️ [fork1] 仓库 https://github.com/ASHFIFI/jekyll-theme-H2O 68231h 未更新，跳过解析（无需追踪）
[2026-08-08 11:19:56] [W-7] ✅ 完成 [fork1] ASHFIFI/jekyll-theme-H2O | 提取 0 | 新增 0 | 耗时 0s | 配额 4388/4800 03:19UTC | 主队列 26/200 发现队列 452/20000 [[fork1]:422 [user0]:30] | Worker 30忙/6闲(83%)
[2026-08-08 11:19:56] [W-7] 🔧 开始处理 [fork1] marslabtron/jekyll-theme-H2O
[2026-08-08 11:19:56] [W-7] 📝 已处理缓存: marslabtron/jekyll-theme-H2O
[2026-08-08 11:19:56] [W-7] ⏭️ [fork1] 仓库 https://github.com/marslabtron/jekyll-theme-H2O 81020h 未更新，跳过解析（无需追踪）
[2026-08-08 11:19:56] [W-7] ✅ 完成 [fork1] marslabtron/jekyll-theme-H2O | 提取 0 | 新增 0 | 耗时 0s | 配额 4388/4800 03:19UTC | 主队列 26/200 发现队列 451/20000 [[fork1]:421 [user0]:30] | Worker 30忙/6闲(83%)
[2026-08-08 11:19:56] [W-7] 🔧 开始处理 [fork1] Macye/jekyll-theme-H2O
[2026-08-08 11:19:56] [W-7] 📝 已处理缓存: Macye/jekyll-theme-H2O
[2026-08-08 11:19:56] [W-7] ⏭️ [fork1] 仓库 https://github.com/Macye/jekyll-theme-H2O 61917h 未更新，跳过解析（无需追踪）
[2026-08-08 11:19:56] [W-7] ✅ 完成 [fork1] Macye/jekyll-theme-H2O | 提取 0 | 新增 0 | 耗时 0s | 配额 4388/4800 03:19UTC | 主队列 26/200 发现队列 450/20000 [[fork1]:420 [user0]:30] | Worker 30忙/6闲(83%)
[2026-08-08 11:19:56] [W-7] 🔧 开始处理 [fork1] 369821/jekyll-theme-H2O
[2026-08-08 11:19:56] [W-25] ⏭️ [种子仓库] 仓库 https://github.com/wjs876046992/subconverter 已解析，跳过解析（无需追踪）
[2026-08-08 11:19:56] [W-25] ✅ 完成 [种子仓库] wjs876046992/subconverter [种子 109/744] | 提取 0 | 新增 0 | 耗时 2s | 配额 4387/4800 03:19UTC | 主队列 26/200 发现队列 449/20000 [[fork1]:419 [user0]:30] | Worker 30忙/6闲(83%)
[2026-08-08 11:19:56] [W-27] 📝 已处理缓存: HVH-top2/android_device_oppo_sdm660-common
[2026-08-08 11:19:56] [W-27] ⏭️ [fork1] 仓库 https://github.com/HVH-top2/android_device_oppo_sdm660-common 41986h 未更新，跳过解析（无需追踪）
[2026-08-08 11:19:56] [W-27] ✅ 完成 [fork1] HVH-top2/android_device_oppo_sdm660-common | 提取 0 | 新增 0 | 耗时 2s | 配额 4386/4800 03:19UTC | 主队列 26/200 发现队列 448/20000 [[fork1]:418 [user0]:30] | Worker 29忙/7闲(80%)
[2026-08-08 11:19:56] [W-27] 🔧 开始处理 [fork1] 1024861435/1024861435.github.io
[2026-08-08 11:19:56] [W-27] 📝 已处理缓存: 1024861435/1024861435.github.io
[2026-08-08 11:19:56] [W-27] ⏭️ [fork1] 仓库 https://github.com/1024861435/1024861435.github.io 42375h 未更新，跳过解析（无需追踪）
[2026-08-08 11:19:56] [W-27] ✅ 完成 [fork1] 1024861435/1024861435.github.io | 提取 0 | 新增 0 | 耗时 0s | 配额 4386/4800 03:19UTC | 主队列 26/200 发现队列 447/20000 [[fork1]:417 [user0]:30] | Worker 29忙/7闲(80%)
[2026-08-08 11:19:56] [W-27] 🔧 开始处理 [fork1] leebon/jekyll-theme-H2O
[2026-08-08 11:19:56] [W-27] 📝 已处理缓存: leebon/jekyll-theme-H2O
[2026-08-08 11:19:56] [W-27] ⏭️ [fork1] 仓库 https://github.com/leebon/jekyll-theme-H2O 72827h 未更新，跳过解析（无需追踪）
[2026-08-08 11:19:56] [W-27] ✅ 完成 [fork1] leebon/jekyll-theme-H2O | 提取 0 | 新增 0 | 耗时 0s | 配额 4386/4800 03:19UTC | 主队列 26/200 发现队列 446/20000 [[fork1]:416 [user0]:30] | Worker 29忙/7闲(80%)
[2026-08-08 11:19:56] [W-27] 🔧 开始处理 [fork1] adongliang/adongliang.github.io.bak2
[2026-08-08 11:19:56] [W-27] 📝 已处理缓存: adongliang/adongliang.github.io.bak2
[2026-08-08 11:19:56] [W-27] ⏭️ [fork1] 仓库 https://github.com/adongliang/adongliang.github.io.bak2 73001h 未更新，跳过解析（无需追踪）
[2026-08-08 11:19:56] [W-27] ✅ 完成 [fork1] adongliang/adongliang.github.io.bak2 | 提取 0 | 新增 0 | 耗时 0s | 配额 4386/4800 03:19UTC | 主队列 26/200 发现队列 445/20000 [[fork1]:415 [user0]:30] | Worker 29忙/7闲(80%)
[2026-08-08 11:19:56] [W-27] 🔧 开始处理 [fork1] ZiXingLY/liaoh2o
[2026-08-08 11:19:56] [W-27] 📝 已处理缓存: ZiXingLY/liaoh2o
[2026-08-08 11:19:56] [W-27] ⏭️ [fork1] 仓库 https://github.com/ZiXingLY/liaoh2o 78564h 未更新，跳过解析（无需追踪）
[2026-08-08 11:19:56] [W-27] ✅ 完成 [fork1] ZiXingLY/liaoh2o | 提取 0 | 新增 0 | 耗时 0s | 配额 4386/4800 03:19UTC | 主队列 26/200 发现队列 444/20000 [[fork1]:414 [user0]:30] | Worker 29忙/7闲(80%)
[2026-08-08 11:19:56] [W-27] 🔧 开始处理 [fork1] feixiangdemumu/feixiangdemumu.github.io
[2026-08-08 11:19:56] [W-27] 📝 已处理缓存: feixiangdemumu/feixiangdemumu.github.io
[2026-08-08 11:19:56] [W-27] ⏭️ [fork1] 仓库 https://github.com/feixiangdemumu/feixiangdemumu.github.io 56674h 未更新，跳过解析（无需追踪）
[2026-08-08 11:19:56] [W-27] ✅ 完成 [fork1] feixiangdemumu/feixiangdemumu.github.io | 提取 0 | 新增 0 | 耗时 0s | 配额 4386/4800 03:19UTC | 主队列 26/200 发现队列 443/20000 [[fork1]:413 [user0]:30] | Worker 29忙/7闲(80%)
[2026-08-08 11:19:56] [W-27] 🔧 开始处理 [fork1] catecholamin/catecholamin.github.io
[2026-08-08 11:19:56] [W-27] 📝 已处理缓存: catecholamin/catecholamin.github.io
[2026-08-08 11:19:56] [W-27] ⏭️ [fork1] 仓库 https://github.com/catecholamin/catecholamin.github.io 132h 未更新，跳过解析（无需追踪）
[2026-08-08 11:19:56] [W-27] ✅ 完成 [fork1] catecholamin/catecholamin.github.io | 提取 0 | 新增 0 | 耗时 0s | 配额 4386/4800 03:19UTC | 主队列 26/200 发现队列 442/20000 [[fork1]:412 [user0]:30] | Worker 29忙/7闲(80%)
[2026-08-08 11:19:56] [W-27] 🔧 开始处理 [fork1] MazFactor/jekyll-theme-H2O
[2026-08-08 11:19:56] [W-18] 📝 已处理缓存: LianhuaInk/android_device_oppo_sdm660-common
[2026-08-08 11:19:56] [W-18] ⏭️ [fork1] 仓库 https://github.com/LianhuaInk/android_device_oppo_sdm660-common 41043h 未更新，跳过解析（无需追踪）
[2026-08-08 11:19:56] [W-18] ✅ 完成 [fork1] LianhuaInk/android_device_oppo_sdm660-common | 提取 0 | 新增 0 | 耗时 1s | 配额 4385/4800 03:19UTC | 主队列 26/200 发现队列 441/20000 [[fork1]:411 [user0]:30] | Worker 29忙/7闲(80%)
[2026-08-08 11:19:56] [W-18] 🔧 开始处理 [fork1] ittat-store/jekyll-theme-H2O
[2026-08-08 11:19:57] [W-20] 📝 已处理缓存: zeng-github01/android_device_oppo_sdm660-common
[2026-08-08 11:19:57] [W-20] ⏭️ [fork1] 仓库 https://github.com/zeng-github01/android_device_oppo_sdm660-common 37791h 未更新，跳过解析（无需追踪）
[2026-08-08 11:19:57] [W-20] ✅ 完成 [fork1] zeng-github01/android_device_oppo_sdm660-common | 提取 0 | 新增 0 | 耗时 1s | 配额 4384/4800 03:19UTC | 主队列 26/200 发现队列 440/20000 [[fork1]:410 [user0]:30] | Worker 29忙/7闲(80%)
[2026-08-08 11:19:57] [W-20] 🔧 开始处理 [fork1] taiyi333/jekyll-theme-H2O
[2026-08-08 11:19:57] [W-25] 🔧 开始处理 [fork1] LX-goodSpace/jejdwi.github.io
[2026-08-08 11:19:57] [W-23] 📦 Partial Clone: 14 个文件（零 API 配额）
[2026-08-08 11:19:57] [W-13] 📝 已处理缓存: 4everDimensions/android_device_oppo_sdm660-common
[2026-08-08 11:19:57] [W-13] ⏭️ [fork1] 仓库 https://github.com/4everDimensions/android_device_oppo_sdm660-common 37791h 未更新，跳过解析（无需追踪）
[2026-08-08 11:19:57] [W-13] ✅ 完成 [fork1] 4everDimensions/android_device_oppo_sdm660-common | 提取 0 | 新增 0 | 耗时 1s | 配额 4383/4800 03:19UTC | 主队列 26/200 发现队列 439/20000 [[fork1]:409 [user0]:30] | Worker 29忙/7闲(80%)
[2026-08-08 11:19:57] [W-13] 🔧 开始处理 [fork1] pwndrer4/jekyll-myblog
[2026-08-08 11:19:57] [W-13] 📝 已处理缓存: pwndrer4/jekyll-myblog
[2026-08-08 11:19:57] [W-13] ⏭️ [fork1] 仓库 https://github.com/pwndrer4/jekyll-myblog 32787h 未更新，跳过解析（无需追踪）
[2026-08-08 11:19:57] [W-13] ✅ 完成 [fork1] pwndrer4/jekyll-myblog | 提取 0 | 新增 0 | 耗时 0s | 配额 4383/4800 03:19UTC | 主队列 26/200 发现队列 438/20000 [[fork1]:408 [user0]:30] | Worker 29忙/7闲(80%)
[2026-08-08 11:19:57] [W-13] 🔧 开始处理 [fork1] pablojimeno/jekyll-theme-H2O
[2026-08-08 11:19:57] [W-27] 📝 已处理缓存: MazFactor/jekyll-theme-H2O
[2026-08-08 11:19:57] [W-27] ⏭️ [fork1] 仓库 https://github.com/MazFactor/jekyll-theme-H2O 55271h 未更新，跳过解析（无需追踪）
[2026-08-08 11:19:57] [W-27] ✅ 完成 [fork1] MazFactor/jekyll-theme-H2O | 提取 0 | 新增 0 | 耗时 1s | 配额 4382/4800 03:19UTC | 主队列 26/200 发现队列 437/20000 [[fork1]:407 [user0]:30] | Worker 29忙/7闲(80%)
[2026-08-08 11:19:57] [W-27] 🔧 开始处理 [fork1] HeyBoys/HeyBoys.github.io
[2026-08-08 11:19:57] [W-27] 📝 已处理缓存: HeyBoys/HeyBoys.github.io
[2026-08-08 11:19:57] [W-27] ⏭️ [fork1] 仓库 https://github.com/HeyBoys/HeyBoys.github.io 54765h 未更新，跳过解析（无需追踪）
[2026-08-08 11:19:57] [W-27] ✅ 完成 [fork1] HeyBoys/HeyBoys.github.io | 提取 0 | 新增 0 | 耗时 0s | 配额 4382/4800 03:19UTC | 主队列 26/200 发现队列 436/20000 [[fork1]:406 [user0]:30] | Worker 29忙/7闲(80%)
[2026-08-08 11:19:57] [W-27] 🔧 开始处理 [fork1] Axt702/jekyll-theme-H2O
[2026-08-08 11:19:57] [W-27] 📝 已处理缓存: Axt702/jekyll-theme-H2O
[2026-08-08 11:19:57] [W-27] ⏭️ [fork1] 仓库 https://github.com/Axt702/jekyll-theme-H2O 35150h 未更新，跳过解析（无需追踪）
[2026-08-08 11:19:57] [W-27] ✅ 完成 [fork1] Axt702/jekyll-theme-H2O | 提取 0 | 新增 0 | 耗时 0s | 配额 4382/4800 03:19UTC | 主队列 26/200 发现队列 435/20000 [[fork1]:405 [user0]:30] | Worker 29忙/7闲(80%)
[2026-08-08 11:19:57] [W-27] 🔧 开始处理 [fork1] Wawa1996/warmingzzz.github.io
[2026-08-08 11:19:57] [W-27] 📝 已处理缓存: Wawa1996/warmingzzz.github.io
[2026-08-08 11:19:57] [W-27] ⏭️ [fork1] 仓库 https://github.com/Wawa1996/warmingzzz.github.io 50640h 未更新，跳过解析（无需追踪）
[2026-08-08 11:19:57] [W-27] ✅ 完成 [fork1] Wawa1996/warmingzzz.github.io | 提取 0 | 新增 0 | 耗时 0s | 配额 4382/4800 03:19UTC | 主队列 26/200 发现队列 434/20000 [[fork1]:404 [user0]:30] | Worker 29忙/7闲(80%)
[2026-08-08 11:19:57] [W-27] 🔧 开始处理 [fork1] King-Kong225/jekyll-theme-H2O
[2026-08-08 11:19:57] [W-27] 📝 已处理缓存: King-Kong225/jekyll-theme-H2O
[2026-08-08 11:19:57] [W-27] ⏭️ [fork1] 仓库 https://github.com/King-Kong225/jekyll-theme-H2O 77065h 未更新，跳过解析（无需追踪）
[2026-08-08 11:19:57] [W-27] ✅ 完成 [fork1] King-Kong225/jekyll-theme-H2O | 提取 0 | 新增 0 | 耗时 0s | 配额 4382/4800 03:19UTC | 主队列 26/200 发现队列 433/20000 [[fork1]:403 [user0]:30] | Worker 29忙/7闲(80%)
[2026-08-08 11:19:57] [W-27] 🔧 开始处理 [fork1] Lxxxxx59/Lxxxxx59.github.io
[2026-08-08 11:19:57] [W-27] 📝 已处理缓存: Lxxxxx59/Lxxxxx59.github.io
[2026-08-08 11:19:57] [W-27] ⏭️ [fork1] 仓库 https://github.com/Lxxxxx59/Lxxxxx59.github.io 58621h 未更新，跳过解析（无需追踪）
[2026-08-08 11:19:57] [W-27] ✅ 完成 [fork1] Lxxxxx59/Lxxxxx59.github.io | 提取 0 | 新增 0 | 耗时 0s | 配额 4382/4800 03:19UTC | 主队列 26/200 发现队列 432/20000 [[fork1]:402 [user0]:30] | Worker 29忙/7闲(80%)
[2026-08-08 11:19:57] [W-27] 🔧 开始处理 [fork1] mrstench/mrstench.github.io
[2026-08-08 11:19:57] [W-27] 📝 已处理缓存: mrstench/mrstench.github.io
[2026-08-08 11:19:57] [W-27] ⏭️ [fork1] 仓库 https://github.com/mrstench/mrstench.github.io 38760h 未更新，跳过解析（无需追踪）
[2026-08-08 11:19:57] [W-27] ✅ 完成 [fork1] mrstench/mrstench.github.io | 提取 0 | 新增 0 | 耗时 0s | 配额 4382/4800 03:19UTC | 主队列 26/200 发现队列 431/20000 [[fork1]:401 [user0]:30] | Worker 29忙/7闲(80%)
[2026-08-08 11:19:57] [W-27] 🔧 开始处理 [fork1] superhermit/nimocat.github.io
[2026-08-08 11:19:57] [W-27] 📝 已处理缓存: superhermit/nimocat.github.io
[2026-08-08 11:19:57] [W-27] ⏭️ [fork1] 仓库 https://github.com/superhermit/nimocat.github.io 73318h 未更新，跳过解析（无需追踪）
[2026-08-08 11:19:57] [W-27] ✅ 完成 [fork1] superhermit/nimocat.github.io | 提取 0 | 新增 0 | 耗时 0s | 配额 4382/4800 03:19UTC | 主队列 26/200 发现队列 430/20000 [[fork1]:400 [user0]:30] | Worker 29忙/7闲(80%)
[2026-08-08 11:19:57] [W-27] 🔧 开始处理 [fork1] zero1433223/zero1433223.github.io
[2026-08-08 11:19:57] [W-27] 📝 已处理缓存: zero1433223/zero1433223.github.io
[2026-08-08 11:19:57] [W-27] ⏭️ [fork1] 仓库 https://github.com/zero1433223/zero1433223.github.io 3355h 未更新，跳过解析（无需追踪）
[2026-08-08 11:19:57] [W-30] ⏭️ [种子仓库] 仓库 https://github.com/flyhong666/v2rayN 已解析，跳过解析（无需追踪）
[2026-08-08 11:19:57] [W-30] ✅ 完成 [种子仓库] flyhong666/v2rayN [种子 115/744] | 提取 0 | 新增 0 | 耗时 1s | 配额 4381/4800 03:19UTC | 主队列 26/200 发现队列 429/20000 [[fork1]:399 [user0]:30] | Worker 29忙/7闲(80%)
[2026-08-08 11:19:57] [W-30] 🔧 开始处理 [fork1] techben/jekyll-theme-H2O
[2026-08-08 11:19:57] [W-27] ✅ 完成 [fork1] zero1433223/zero1433223.github.io | 提取 0 | 新增 0 | 耗时 0s | 配额 4382/4800 03:19UTC | 主队列 26/200 发现队列 428/20000 [[fork1]:399 [user0]:30] | Worker 29忙/7闲(80%)
[2026-08-08 11:19:57] [W-27] 🔧 开始处理 [fork1] y80x86ol/y80x86ol.github.io
[2026-08-08 11:19:57] [W-27] 📝 已处理缓存: y80x86ol/y80x86ol.github.io
[2026-08-08 11:19:57] [W-27] ⏭️ [fork1] 仓库 https://github.com/y80x86ol/y80x86ol.github.io 44208h 未更新，跳过解析（无需追踪）
[2026-08-08 11:19:57] [W-27] ✅ 完成 [fork1] y80x86ol/y80x86ol.github.io | 提取 0 | 新增 0 | 耗时 0s | 配额 4381/4800 03:19UTC | 主队列 26/200 发现队列 427/20000 [[fork1]:397 [user0]:30] | Worker 29忙/7闲(80%)
[2026-08-08 11:19:57] [W-27] 🔧 开始处理 [fork1] wonghy49/jekyll-theme-H2O
[2026-08-08 11:19:57] [W-27] 📝 已处理缓存: wonghy49/jekyll-theme-H2O
[2026-08-08 11:19:57] [W-27] ⏭️ [fork1] 仓库 https://github.com/wonghy49/jekyll-theme-H2O 71641h 未更新，跳过解析（无需追踪）
[2026-08-08 11:19:57] [W-27] ✅ 完成 [fork1] wonghy49/jekyll-theme-H2O | 提取 0 | 新增 0 | 耗时 0s | 配额 4381/4800 03:19UTC | 主队列 26/200 发现队列 426/20000 [[fork1]:396 [user0]:30] | Worker 29忙/7闲(80%)
[2026-08-08 11:19:57] [W-27] 🔧 开始处理 [fork1] CoderTooolMan/CoderTooolMan.github.io
[2026-08-08 11:19:57] [W-27] 📝 已处理缓存: CoderTooolMan/CoderTooolMan.github.io
[2026-08-08 11:19:57] [W-27] ⏭️ [fork1] 仓库 https://github.com/CoderTooolMan/CoderTooolMan.github.io 36588h 未更新，跳过解析（无需追踪）
[2026-08-08 11:19:57] [W-27] ✅ 完成 [fork1] CoderTooolMan/CoderTooolMan.github.io | 提取 0 | 新增 0 | 耗时 0s | 配额 4381/4800 03:19UTC | 主队列 26/200 发现队列 425/20000 [[fork1]:395 [user0]:30] | Worker 29忙/7闲(80%)
[2026-08-08 11:19:57] [W-27] 🔧 开始处理 [fork1] xjbk/jekyll-theme-H2O
[2026-08-08 11:19:57] [W-27] 📝 已处理缓存: xjbk/jekyll-theme-H2O
[2026-08-08 11:19:57] [W-27] ⏭️ [fork1] 仓库 https://github.com/xjbk/jekyll-theme-H2O 63288h 未更新，跳过解析（无需追踪）
[2026-08-08 11:19:57] [W-27] ✅ 完成 [fork1] xjbk/jekyll-theme-H2O | 提取 0 | 新增 0 | 耗时 0s | 配额 4381/4800 03:19UTC | 主队列 26/200 发现队列 424/20000 [[fork1]:394 [user0]:30] | Worker 29忙/7闲(80%)
[2026-08-08 11:19:57] [W-27] 🔧 开始处理 [fork1] ceshi-01/nimocat.github.io
[2026-08-08 11:19:57] [W-27] 📝 已处理缓存: ceshi-01/nimocat.github.io
[2026-08-08 11:19:57] [W-27] ⏭️ [fork1] 仓库 https://github.com/ceshi-01/nimocat.github.io 73318h 未更新，跳过解析（无需追踪）
[2026-08-08 11:19:57] [W-27] ✅ 完成 [fork1] ceshi-01/nimocat.github.io | 提取 0 | 新增 0 | 耗时 0s | 配额 4381/4800 03:19UTC | 主队列 26/200 发现队列 423/20000 [[fork1]:393 [user0]:30] | Worker 29忙/7闲(80%)
[2026-08-08 11:19:57] [W-27] 🔧 开始处理 [fork1] CaesarScorpio/CaesarScorpio.github.io
[2026-08-08 11:19:57] [W-27] 📝 已处理缓存: CaesarScorpio/CaesarScorpio.github.io
[2026-08-08 11:19:57] [W-27] ⏭️ [fork1] 仓库 https://github.com/CaesarScorpio/CaesarScorpio.github.io 57911h 未更新，跳过解析（无需追踪）
[2026-08-08 11:19:57] [W-27] ✅ 完成 [fork1] CaesarScorpio/CaesarScorpio.github.io | 提取 0 | 新增 0 | 耗时 0s | 配额 4381/4800 03:19UTC | 主队列 26/200 发现队列 422/20000 [[fork1]:392 [user0]:30] | Worker 29忙/7闲(80%)
[2026-08-08 11:19:57] [W-27] 🔧 开始处理 [fork1] baraq5/jekyll-theme-H2O
[2026-08-08 11:19:57] [W-27] 📝 已处理缓存: baraq5/jekyll-theme-H2O
[2026-08-08 11:19:57] [W-27] ⏭️ [fork1] 仓库 https://github.com/baraq5/jekyll-theme-H2O 76801h 未更新，跳过解析（无需追踪）
[2026-08-08 11:19:57] [W-27] ✅ 完成 [fork1] baraq5/jekyll-theme-H2O | 提取 0 | 新增 0 | 耗时 0s | 配额 4381/4800 03:19UTC | 主队列 26/200 发现队列 421/20000 [[fork1]:391 [user0]:30] | Worker 29忙/7闲(80%)
[2026-08-08 11:19:57] [W-27] 🔧 开始处理 [fork1] tuxnotes/tuxnotes.github.io
[2026-08-08 11:19:57] [W-27] 📝 已处理缓存: tuxnotes/tuxnotes.github.io
[2026-08-08 11:19:57] [W-27] ⏭️ [fork1] 仓库 https://github.com/tuxnotes/tuxnotes.github.io 38156h 未更新，跳过解析（无需追踪）
[2026-08-08 11:19:57] [W-27] ✅ 完成 [fork1] tuxnotes/tuxnotes.github.io | 提取 0 | 新增 0 | 耗时 0s | 配额 4381/4800 03:19UTC | 主队列 26/200 发现队列 420/20000 [[fork1]:390 [user0]:30] | Worker 29忙/7闲(80%)
[2026-08-08 11:19:57] [W-27] 🔧 开始处理 [fork1] xfanhsl/jekyll-theme-H2O
[2026-08-08 11:19:57] [W-27] 📝 已处理缓存: xfanhsl/jekyll-theme-H2O
[2026-08-08 11:19:57] [W-27] ⏭️ [fork1] 仓库 https://github.com/xfanhsl/jekyll-theme-H2O 72827h 未更新，跳过解析（无需追踪）
[2026-08-08 11:19:57] [W-27] ✅ 完成 [fork1] xfanhsl/jekyll-theme-H2O | 提取 0 | 新增 0 | 耗时 0s | 配额 4381/4800 03:19UTC | 主队列 26/200 发现队列 419/20000 [[fork1]:389 [user0]:30] | Worker 29忙/7闲(80%)
[2026-08-08 11:19:57] [W-27] 🔧 开始处理 [fork1] nightmare-man/nightmare-man.github.io
[2026-08-08 11:19:57] [W-27] 📝 已处理缓存: nightmare-man/nightmare-man.github.io
[2026-08-08 11:19:57] [W-27] ⏭️ [fork1] 仓库 https://github.com/nightmare-man/nightmare-man.github.io 17944h 未更新，跳过解析（无需追踪）
[2026-08-08 11:19:57] [W-27] ✅ 完成 [fork1] nightmare-man/nightmare-man.github.io | 提取 0 | 新增 0 | 耗时 0s | 配额 4381/4800 03:19UTC | 主队列 26/200 发现队列 418/20000 [[fork1]:388 [user0]:30] | Worker 29忙/7闲(80%)
[2026-08-08 11:19:57] [W-27] 🔧 开始处理 [fork1] zuoer26188/jekyll-theme-H2O
[2026-08-08 11:19:57] [W-9] 📝 已处理缓存: Lawrence-Link/jekyll-theme-H2O
[2026-08-08 11:19:57] [W-9] ⏭️ [fork1] 仓库 https://github.com/Lawrence-Link/jekyll-theme-H2O 41873h 未更新，跳过解析（无需追踪）
[2026-08-08 11:19:57] [W-9] ✅ 完成 [fork1] Lawrence-Link/jekyll-theme-H2O | 提取 0 | 新增 0 | 耗时 2s | 配额 4380/4800 03:19UTC | 主队列 26/200 发现队列 417/20000 [[fork1]:387 [user0]:30] | Worker 29忙/7闲(80%)
[2026-08-08 11:19:57] [W-9] 🔧 开始处理 [fork1] YimingAmen/jekyll-theme-H2O
[2026-08-08 11:19:57] [W-6] ⏭️ [种子仓库] 仓库 https://github.com/hncsjmj/v2rayN 266h 未更新，跳过解析（无需追踪）
[2026-08-08 11:19:57] [W-6] ✅ 完成 [种子仓库] hncsjmj/v2rayN [种子 114/744] | 提取 0 | 新增 0 | 耗时 2s | 配额 4379/4800 03:19UTC | 主队列 26/200 发现队列 416/20000 [[fork1]:386 [user0]:30] | Worker 29忙/7闲(80%)
[2026-08-08 11:19:58] [W-20] 📝 已处理缓存: taiyi333/jekyll-theme-H2O
[2026-08-08 11:19:58] [W-20] ⏭️ [fork1] 仓库 https://github.com/taiyi333/jekyll-theme-H2O 61917h 未更新，跳过解析（无需追踪）
[2026-08-08 11:19:58] [W-20] ✅ 完成 [fork1] taiyi333/jekyll-theme-H2O | 提取 0 | 新增 0 | 耗时 1s | 配额 4378/4800 03:19UTC | 主队列 26/200 发现队列 415/20000 [[fork1]:385 [user0]:30] | Worker 28忙/8闲(77%)
[2026-08-08 11:19:58] [W-20] 🔧 开始处理 [fork1] zhongqiaoshan/jekyll-theme-H2O
[2026-08-08 11:19:58] [W-20] 📝 已处理缓存: zhongqiaoshan/jekyll-theme-H2O
[2026-08-08 11:19:58] [W-20] ⏭️ [fork1] 仓库 https://github.com/zhongqiaoshan/jekyll-theme-H2O 61917h 未更新，跳过解析（无需追踪）
[2026-08-08 11:19:58] [W-20] ✅ 完成 [fork1] zhongqiaoshan/jekyll-theme-H2O | 提取 0 | 新增 0 | 耗时 0s | 配额 4378/4800 03:19UTC | 主队列 26/200 发现队列 414/20000 [[fork1]:384 [user0]:30] | Worker 28忙/8闲(77%)
[2026-08-08 11:19:58] [W-20] 🔧 开始处理 [fork1] ChenwayWong/jekyll-theme-H2O
[2026-08-08 11:19:58] [W-20] 📝 已处理缓存: ChenwayWong/jekyll-theme-H2O
[2026-08-08 11:19:58] [W-20] ⏭️ [fork1] 仓库 https://github.com/ChenwayWong/jekyll-theme-H2O 74510h 未更新，跳过解析（无需追踪）
[2026-08-08 11:19:58] [W-6] 🔧 开始处理 [fork1] jackyding2679/jackyding2679.github.io
[2026-08-08 11:19:58] [W-6] 📝 已处理缓存: jackyding2679/jackyding2679.github.io
[2026-08-08 11:19:58] [W-6] ⏭️ [fork1] 仓库 https://github.com/jackyding2679/jackyding2679.github.io 54110h 未更新，跳过解析（无需追踪）
[2026-08-08 11:19:58] [W-6] ✅ 完成 [fork1] jackyding2679/jackyding2679.github.io | 提取 0 | 新增 0 | 耗时 0s | 配额 4378/4800 03:19UTC | 主队列 26/200 发现队列 413/20000 [[fork1]:383 [user0]:30] | Worker 29忙/7闲(80%)
[2026-08-08 11:19:58] [W-6] 🔧 开始处理 [fork1] liukunlk/liukunlk.github.io
[2026-08-08 11:19:58] [W-6] 📝 已处理缓存: liukunlk/liukunlk.github.io
[2026-08-08 11:19:58] [W-6] ⏭️ [fork1] 仓库 https://github.com/liukunlk/liukunlk.github.io 56123h 未更新，跳过解析（无需追踪）
[2026-08-08 11:19:58] [W-6] ✅ 完成 [fork1] liukunlk/liukunlk.github.io | 提取 0 | 新增 0 | 耗时 0s | 配额 4378/4800 03:19UTC | 主队列 26/200 发现队列 412/20000 [[fork1]:382 [user0]:30] | Worker 29忙/7闲(80%)
[2026-08-08 11:19:58] [W-6] 🔧 开始处理 [fork1] hare-zg/hare-zg.github.io
[2026-08-08 11:19:58] [W-6] 📝 已处理缓存: hare-zg/hare-zg.github.io
[2026-08-08 11:19:58] [W-6] ⏭️ [fork1] 仓库 https://github.com/hare-zg/hare-zg.github.io 46624h 未更新，跳过解析（无需追踪）
[2026-08-08 11:19:58] [W-6] ✅ 完成 [fork1] hare-zg/hare-zg.github.io | 提取 0 | 新增 0 | 耗时 0s | 配额 4378/4800 03:19UTC | 主队列 26/200 发现队列 411/20000 [[fork1]:381 [user0]:30] | Worker 29忙/7闲(80%)
[2026-08-08 11:19:58] [W-6] 🔧 开始处理 [fork1] zhonghua2015/zhonghua2015.github.io111
[2026-08-08 11:19:58] [W-20] ✅ 完成 [fork1] ChenwayWong/jekyll-theme-H2O | 提取 0 | 新增 0 | 耗时 0s | 配额 4378/4800 03:19UTC | 主队列 26/200 发现队列 410/20000 [[fork1]:380 [user0]:30] | Worker 29忙/7闲(80%)
[2026-08-08 11:19:58] [W-20] 🔧 开始处理 [fork1] codehj/nimocat.github.io
[2026-08-08 11:19:58] [W-20] 📝 已处理缓存: codehj/nimocat.github.io
[2026-08-08 11:19:58] [W-20] ⏭️ [fork1] 仓库 https://github.com/codehj/nimocat.github.io 74039h 未更新，跳过解析（无需追踪）
[2026-08-08 11:19:58] [W-20] ✅ 完成 [fork1] codehj/nimocat.github.io | 提取 0 | 新增 0 | 耗时 0s | 配额 4378/4800 03:19UTC | 主队列 26/200 发现队列 409/20000 [[fork1]:379 [user0]:30] | Worker 29忙/7闲(80%)
[2026-08-08 11:19:58] [W-20] 🔧 开始处理 [fork1] chiang1102/super
[2026-08-08 11:19:58] [W-7] 📝 已处理缓存: 369821/jekyll-theme-H2O
[2026-08-08 11:19:58] [W-7] ⏭️ [fork1] 仓库 https://github.com/369821/jekyll-theme-H2O 55271h 未更新，跳过解析（无需追踪）
[2026-08-08 11:19:58] [W-7] ✅ 完成 [fork1] 369821/jekyll-theme-H2O | 提取 0 | 新增 0 | 耗时 2s | 配额 4377/4800 03:19UTC | 主队列 26/200 发现队列 408/20000 [[fork1]:378 [user0]:30] | Worker 29忙/7闲(80%)
[2026-08-08 11:19:58] [W-27] 📝 已处理缓存: zuoer26188/jekyll-theme-H2O
[2026-08-08 11:19:58] [W-27] ⏭️ [fork1] 仓库 https://github.com/zuoer26188/jekyll-theme-H2O 46346h 未更新，跳过解析（无需追踪）
[2026-08-08 11:19:58] [W-27] ✅ 完成 [fork1] zuoer26188/jekyll-theme-H2O | 提取 0 | 新增 0 | 耗时 1s | 配额 4376/4800 03:19UTC | 主队列 26/200 发现队列 407/20000 [[fork1]:377 [user0]:30] | Worker 28忙/8闲(77%)
[2026-08-08 11:19:58] [W-27] 🔧 开始处理 [fork1] wokaotianshi123/super
[2026-08-08 11:19:58] [W-7] 🔧 开始处理 [fork1] w-noah/superbeesports
[2026-08-08 11:19:58] [W-17] 仓库 https://github.com/Argh94/ProxyProwler 候选文件 4 个
[2026-08-08 11:19:59] [W-25] 📝 已处理缓存: LX-goodSpace/jejdwi.github.io
[2026-08-08 11:19:59] [W-25] ⏭️ [fork1] 仓库 https://github.com/LX-goodSpace/jejdwi.github.io 56928h 未更新，跳过解析（无需追踪）
[2026-08-08 11:19:59] [W-25] ✅ 完成 [fork1] LX-goodSpace/jejdwi.github.io | 提取 0 | 新增 0 | 耗时 2s | 配额 4375/4800 03:19UTC | 主队列 26/200 发现队列 406/20000 [[fork1]:376 [user0]:30] | Worker 29忙/7闲(80%)
[2026-08-08 11:19:59] [W-25] 🔧 开始处理 [fork1] fonandu/super
[2026-08-08 11:19:59] [W-19] 📦 Partial Clone: 19 个文件（零 API 配额）
[2026-08-08 11:19:59] [W-9] 📝 已处理缓存: YimingAmen/jekyll-theme-H2O
[2026-08-08 11:19:59] [W-9] ⏭️ [fork1] 仓库 https://github.com/YimingAmen/jekyll-theme-H2O 30174h 未更新，跳过解析（无需追踪）
[2026-08-08 11:19:59] [W-9] ✅ 完成 [fork1] YimingAmen/jekyll-theme-H2O | 提取 0 | 新增 0 | 耗时 2s | 配额 4374/4800 03:19UTC | 主队列 26/200 发现队列 405/20000 [[fork1]:375 [user0]:30] | Worker 28忙/8闲(77%)
[2026-08-08 11:19:59] [W-9] 🔧 开始处理 [fork1] kelvinzhu120/tongxunlu-super
[2026-08-08 11:19:59] [W-18] 📝 已处理缓存: ittat-store/jekyll-theme-H2O
[2026-08-08 11:19:59] [W-18] ⏭️ [fork1] 仓库 https://github.com/ittat-store/jekyll-theme-H2O 78564h 未更新，跳过解析（无需追踪）
[2026-08-08 11:19:59] [W-18] ✅ 完成 [fork1] ittat-store/jekyll-theme-H2O | 提取 0 | 新增 0 | 耗时 3s | 配额 4373/4800 03:19UTC | 主队列 26/200 发现队列 404/20000 [[fork1]:374 [user0]:30] | Worker 28忙/8闲(77%)
[2026-08-08 11:19:59] [W-18] 🔧 开始处理 [种子仓库] alxprgs/v2rayNG [种子 116/744]
[2026-08-08 11:19:59] [W-30] 📝 已处理缓存: techben/jekyll-theme-H2O
[2026-08-08 11:19:59] [W-30] ⏭️ [fork1] 仓库 https://github.com/techben/jekyll-theme-H2O 56178h 未更新，跳过解析（无需追踪）
[2026-08-08 11:19:59] [W-30] ✅ 完成 [fork1] techben/jekyll-theme-H2O | 提取 0 | 新增 0 | 耗时 2s | 配额 4372/4800 03:19UTC | 主队列 25/200 发现队列 404/20000 [[fork1]:374 [user0]:30] | Worker 28忙/8闲(77%)
[2026-08-08 11:19:59] [W-30] 🔧 开始处理 [fork1] thai-ng/treble_app
[2026-08-08 11:19:59] [W-30] 📝 已处理缓存: thai-ng/treble_app
[2026-08-08 11:19:59] [W-30] ⏭️ [fork1] 仓库 https://github.com/thai-ng/treble_app 23660h 未更新，跳过解析（无需追踪）
[2026-08-08 11:19:59] [W-30] ✅ 完成 [fork1] thai-ng/treble_app | 提取 0 | 新增 0 | 耗时 0s | 配额 4372/4800 03:19UTC | 主队列 25/200 发现队列 403/20000 [[fork1]:373 [user0]:30] | Worker 28忙/8闲(77%)
[2026-08-08 11:19:59] [W-30] 🔧 开始处理 [fork1] soncary228/treble_app
[2026-08-08 11:19:59] [W-30] 📝 已处理缓存: soncary228/treble_app
[2026-08-08 11:19:59] [W-30] ⏭️ [fork1] 仓库 https://github.com/soncary228/treble_app 25954h 未更新，跳过解析（无需追踪）
[2026-08-08 11:19:59] [W-30] ✅ 完成 [fork1] soncary228/treble_app | 提取 0 | 新增 0 | 耗时 0s | 配额 4372/4800 03:19UTC | 主队列 25/200 发现队列 402/20000 [[fork1]:372 [user0]:30] | Worker 28忙/8闲(77%)
[2026-08-08 11:19:59] [W-30] 🔧 开始处理 [fork1] ramabondanp/treble_app
[2026-08-08 11:19:59] [W-30] 📝 已处理缓存: ramabondanp/treble_app
[2026-08-08 11:19:59] [W-30] ⏭️ [fork1] 仓库 https://github.com/ramabondanp/treble_app 22431h 未更新，跳过解析（无需追踪）
[2026-08-08 11:19:59] [W-30] ✅ 完成 [fork1] ramabondanp/treble_app | 提取 0 | 新增 0 | 耗时 0s | 配额 4372/4800 03:19UTC | 主队列 25/200 发现队列 401/20000 [[fork1]:371 [user0]:30] | Worker 28忙/8闲(77%)
[2026-08-08 11:19:59] [W-30] 🔧 开始处理 [fork1] mytja/treble_app
[2026-08-08 11:19:59] [W-30] 📝 已处理缓存: mytja/treble_app
[2026-08-08 11:19:59] [W-30] ⏭️ [fork1] 仓库 https://github.com/mytja/treble_app 11493h 未更新，跳过解析（无需追踪）
[2026-08-08 11:19:59] [W-30] ✅ 完成 [fork1] mytja/treble_app | 提取 0 | 新增 0 | 耗时 0s | 配额 4372/4800 03:19UTC | 主队列 25/200 发现队列 400/20000 [[fork1]:370 [user0]:30] | Worker 28忙/8闲(77%)
[2026-08-08 11:19:59] [W-30] 🔧 开始处理 [fork1] ahmed-ismail1/treble_app
[2026-08-08 11:19:59] [W-30] 📝 已处理缓存: ahmed-ismail1/treble_app
[2026-08-08 11:19:59] [W-30] ⏭️ [fork1] 仓库 https://github.com/ahmed-ismail1/treble_app 9010h 未更新，跳过解析（无需追踪）
[2026-08-08 11:19:59] [W-30] ✅ 完成 [fork1] ahmed-ismail1/treble_app | 提取 0 | 新增 0 | 耗时 0s | 配额 4372/4800 03:19UTC | 主队列 25/200 发现队列 399/20000 [[fork1]:369 [user0]:30] | Worker 28忙/8闲(77%)
[2026-08-08 11:19:59] [W-30] 🔧 开始处理 [fork1] ahmedmido3330/treble_app
[2026-08-08 11:19:59] [W-30] 📝 已处理缓存: ahmedmido3330/treble_app
[2026-08-08 11:19:59] [W-30] ⏭️ [fork1] 仓库 https://github.com/ahmedmido3330/treble_app 9009h 未更新，跳过解析（无需追踪）
[2026-08-08 11:19:59] [W-30] ✅ 完成 [fork1] ahmedmido3330/treble_app | 提取 0 | 新增 0 | 耗时 0s | 配额 4372/4800 03:19UTC | 主队列 25/200 发现队列 398/20000 [[fork1]:368 [user0]:30] | Worker 28忙/8闲(77%)
[2026-08-08 11:19:59] [W-30] 🔧 开始处理 [fork1] unnamed-firmware/treble_app
[2026-08-08 11:19:59] [W-20] 📝 已处理缓存: chiang1102/super
[2026-08-08 11:19:59] [W-20] ⏭️ [fork1] 仓库 https://github.com/chiang1102/super 11624h 未更新，跳过解析（无需追踪）
[2026-08-08 11:19:59] [W-20] ✅ 完成 [fork1] chiang1102/super | 提取 0 | 新增 0 | 耗时 2s | 配额 4371/4800 03:19UTC | 主队列 25/200 发现队列 397/20000 [[fork1]:367 [user0]:30] | Worker 28忙/8闲(77%)
[2026-08-08 11:19:59] [W-20] 🔧 开始处理 [fork1] sudo-joaopuser/treble_app
[2026-08-08 11:19:59] [W-20] 📝 已处理缓存: sudo-joaopuser/treble_app
[2026-08-08 11:19:59] [W-20] ⏭️ [fork1] 仓库 https://github.com/sudo-joaopuser/treble_app 8989h 未更新，跳过解析（无需追踪）
[2026-08-08 11:19:59] [W-20] ✅ 完成 [fork1] sudo-joaopuser/treble_app | 提取 0 | 新增 0 | 耗时 0s | 配额 4371/4800 03:19UTC | 主队列 25/200 发现队列 396/20000 [[fork1]:366 [user0]:30] | Worker 28忙/8闲(77%)
[2026-08-08 11:19:59] [W-20] 🔧 开始处理 [fork1] devlentman1077/treble_app
[2026-08-08 11:20:00] [W-6] 📝 已处理缓存: zhonghua2015/zhonghua2015.github.io111
[2026-08-08 11:20:00] [W-6] ⏭️ [fork1] 仓库 https://github.com/zhonghua2015/zhonghua2015.github.io111 33006h 未更新，跳过解析（无需追踪）
[2026-08-08 11:20:00] [W-6] ✅ 完成 [fork1] zhonghua2015/zhonghua2015.github.io111 | 提取 0 | 新增 0 | 耗时 2s | 配额 4370/4800 03:20UTC | 主队列 25/200 发现队列 395/20000 [[fork1]:365 [user0]:30] | Worker 28忙/8闲(77%)
[2026-08-08 11:20:00] [W-6] 🔧 开始处理 [fork1] rajansingh9745/treble_app
[2026-08-08 11:20:00] [W-6] 📝 已处理缓存: rajansingh9745/treble_app
[2026-08-08 11:20:00] [W-6] ⏭️ [fork1] 仓库 https://github.com/rajansingh9745/treble_app 9729h 未更新，跳过解析（无需追踪）
[2026-08-08 11:20:00] [W-6] ✅ 完成 [fork1] rajansingh9745/treble_app | 提取 0 | 新增 0 | 耗时 0s | 配额 4370/4800 03:20UTC | 主队列 25/200 发现队列 394/20000 [[fork1]:364 [user0]:30] | Worker 28忙/8闲(77%)
[2026-08-08 11:20:00] [W-6] 🔧 开始处理 [fork1] mrdoge0/treble_app
[2026-08-08 11:20:00] [W-6] 📝 已处理缓存: mrdoge0/treble_app
[2026-08-08 11:20:00] [W-6] ⏭️ [fork1] 仓库 https://github.com/mrdoge0/treble_app 8908h 未更新，跳过解析（无需追踪）
[2026-08-08 11:20:00] [W-6] ✅ 完成 [fork1] mrdoge0/treble_app | 提取 0 | 新增 0 | 耗时 0s | 配额 4370/4800 03:20UTC | 主队列 25/200 发现队列 393/20000 [[fork1]:363 [user0]:30] | Worker 28忙/8闲(77%)
[2026-08-08 11:20:00] [W-6] 🔧 开始处理 [fork1] miki151/treble_app
[2026-08-08 11:20:00] [W-6] 📝 已处理缓存: miki151/treble_app
[2026-08-08 11:20:00] [W-6] ⏭️ [fork1] 仓库 https://github.com/miki151/treble_app 2872h 未更新，跳过解析（无需追踪）
[2026-08-08 11:20:00] [W-6] ✅ 完成 [fork1] miki151/treble_app | 提取 0 | 新增 0 | 耗时 0s | 配额 4370/4800 03:20UTC | 主队列 25/200 发现队列 392/20000 [[fork1]:362 [user0]:30] | Worker 28忙/8闲(77%)
[2026-08-08 11:20:00] [W-6] 🔧 开始处理 [fork1] Bradford1040/treble_app
[2026-08-08 11:20:00] [W-13] 📝 已处理缓存: pablojimeno/jekyll-theme-H2O
[2026-08-08 11:20:00] [W-13] ⏭️ [fork1] 仓库 https://github.com/pablojimeno/jekyll-theme-H2O 55271h 未更新，跳过解析（无需追踪）
[2026-08-08 11:20:00] [W-13] ✅ 完成 [fork1] pablojimeno/jekyll-theme-H2O | 提取 0 | 新增 0 | 耗时 3s | 配额 4369/4800 03:20UTC | 主队列 25/200 发现队列 391/20000 [[fork1]:361 [user0]:30] | Worker 28忙/8闲(77%)
[2026-08-08 11:20:00] [W-27] 📝 已处理缓存: wokaotianshi123/super
[2026-08-08 11:20:00] [W-27] ⏭️ [fork1] 仓库 https://github.com/wokaotianshi123/super 6464h 未更新，跳过解析（无需追踪）
[2026-08-08 11:20:00] [W-27] ✅ 完成 [fork1] wokaotianshi123/super | 提取 0 | 新增 0 | 耗时 2s | 配额 4368/4800 03:20UTC | 主队列 25/200 发现队列 390/20000 [[fork1]:360 [user0]:30] | Worker 27忙/9闲(75%)
[2026-08-08 11:20:00] [W-7] 📝 已处理缓存: w-noah/superbeesports
[2026-08-08 11:20:00] [W-7] ⏭️ [fork1] 仓库 https://github.com/w-noah/superbeesports 7472h 未更新，跳过解析（无需追踪）
[2026-08-08 11:20:00] [W-7] ✅ 完成 [fork1] w-noah/superbeesports | 提取 0 | 新增 0 | 耗时 2s | 配额 4367/4800 03:20UTC | 主队列 25/200 发现队列 389/20000 [[fork1]:359 [user0]:30] | Worker 26忙/10闲(72%)
[2026-08-08 11:20:00] [W-7] 🔧 开始处理 [fork1] B3b0user/treble_app
[2026-08-08 11:20:00] [W-7] 📝 已处理缓存: B3b0user/treble_app
[2026-08-08 11:20:00] [W-7] ⏭️ [fork1] 仓库 https://github.com/B3b0user/treble_app 12953h 未更新，跳过解析（无需追踪）
[2026-08-08 11:20:00] [W-7] ✅ 完成 [fork1] B3b0user/treble_app | 提取 0 | 新增 0 | 耗时 0s | 配额 4367/4800 03:20UTC | 主队列 25/200 发现队列 388/20000 [[fork1]:358 [user0]:30] | Worker 26忙/10闲(72%)
[2026-08-08 11:20:00] [W-7] 🔧 开始处理 [fork1] LeOS-GSI/treble_app
[2026-08-08 11:20:00] [W-13] 🔧 开始处理 [fork1] GrenJIkxd/treble_app
[2026-08-08 11:20:00] [W-27] 🔧 开始处理 [fork1] ChonDoit/treble_app
[2026-08-08 11:20:00] [W-27] 📝 已处理缓存: ChonDoit/treble_app
[2026-08-08 11:20:00] [W-27] ⏭️ [fork1] 仓库 https://github.com/ChonDoit/treble_app 8820h 未更新，跳过解析（无需追踪）
[2026-08-08 11:20:00] [W-27] ✅ 完成 [fork1] ChonDoit/treble_app | 提取 0 | 新增 0 | 耗时 0s | 配额 4367/4800 03:20UTC | 主队列 25/200 发现队列 387/20000 [[fork1]:357 [user0]:30] | Worker 28忙/8闲(77%)
[2026-08-08 11:20:00] [W-27] 🔧 开始处理 [fork1] ch4rdotnet/treble_app
[2026-08-08 11:20:01] [W-25] 📝 已处理缓存: fonandu/super
[2026-08-08 11:20:01] [W-25] ⏭️ [fork1] 仓库 https://github.com/fonandu/super 5888h 未更新，跳过解析（无需追踪）
[2026-08-08 11:20:01] [W-25] ✅ 完成 [fork1] fonandu/super | 提取 0 | 新增 0 | 耗时 2s | 配额 4366/4800 03:20UTC | 主队列 25/200 发现队列 386/20000 [[fork1]:356 [user0]:30] | Worker 28忙/8闲(77%)
[2026-08-08 11:20:01] [W-25] 🔧 开始处理 [fork1] MP01Experiments/treble_app
[2026-08-08 11:20:01] [W-25] 📝 已处理缓存: MP01Experiments/treble_app
[2026-08-08 11:20:01] [W-25] ⏭️ [fork1] 仓库 https://github.com/MP01Experiments/treble_app 8676h 未更新，跳过解析（无需追踪）
[2026-08-08 11:20:01] [W-25] ✅ 完成 [fork1] MP01Experiments/treble_app | 提取 0 | 新增 0 | 耗时 0s | 配额 4366/4800 03:20UTC | 主队列 25/200 发现队列 385/20000 [[fork1]:355 [user0]:30] | Worker 28忙/8闲(77%)
[2026-08-08 11:20:01] [W-25] 🔧 开始处理 [fork1] farfromrefug/treble_app
[2026-08-08 11:20:01] [W-13] 📝 已处理缓存: GrenJIkxd/treble_app
[2026-08-08 11:20:01] [W-13] ⏭️ [fork1] 仓库 https://github.com/GrenJIkxd/treble_app 13664h 未更新，跳过解析（无需追踪）
[2026-08-08 11:20:01] [W-13] ✅ 完成 [fork1] GrenJIkxd/treble_app | 提取 0 | 新增 0 | 耗时 1s | 配额 4365/4800 03:20UTC | 主队列 25/200 发现队列 384/20000 [[fork1]:354 [user0]:30] | Worker 28忙/8闲(77%)
[2026-08-08 11:20:01] [W-9] 📝 已处理缓存: kelvinzhu120/tongxunlu-super
[2026-08-08 11:20:01] [W-9] ⏭️ [fork1] 仓库 https://github.com/kelvinzhu120/tongxunlu-super 439h 未更新，跳过解析（无需追踪）
[2026-08-08 11:20:01] [W-9] ✅ 完成 [fork1] kelvinzhu120/tongxunlu-super | 提取 0 | 新增 0 | 耗时 2s | 配额 4364/4800 03:20UTC | 主队列 25/200 发现队列 383/20000 [[fork1]:353 [user0]:30] | Worker 28忙/8闲(77%)
[2026-08-08 11:20:01] [W-20] 📝 已处理缓存: devlentman1077/treble_app
[2026-08-08 11:20:01] [W-20] ⏭️ [fork1] 仓库 https://github.com/devlentman1077/treble_app 9637h 未更新，跳过解析（无需追踪）
[2026-08-08 11:20:01] [W-20] ✅ 完成 [fork1] devlentman1077/treble_app | 提取 0 | 新增 0 | 耗时 2s | 配额 4363/4800 03:20UTC | 主队列 25/200 发现队列 382/20000 [[fork1]:352 [user0]:30] | Worker 27忙/9闲(75%)
[2026-08-08 11:20:01] [W-20] 🔧 开始处理 [fork1] larpedd/treble_app
[2026-08-08 11:20:01] [W-20] 📝 已处理缓存: larpedd/treble_app
[2026-08-08 11:20:01] [W-20] ⏭️ [fork1] 仓库 https://github.com/larpedd/treble_app 5352h 未更新，跳过解析（无需追踪）
[2026-08-08 11:20:01] [W-20] ✅ 完成 [fork1] larpedd/treble_app | 提取 0 | 新增 0 | 耗时 0s | 配额 4363/4800 03:20UTC | 主队列 25/200 发现队列 381/20000 [[fork1]:351 [user0]:30] | Worker 27忙/9闲(75%)
[2026-08-08 11:20:01] [W-20] 🔧 开始处理 [fork1] fahq613/treble_app
[2026-08-08 11:20:01] [W-20] 📝 已处理缓存: fahq613/treble_app
[2026-08-08 11:20:01] [W-20] ⏭️ [fork1] 仓库 https://github.com/fahq613/treble_app 4985h 未更新，跳过解析（无需追踪）
[2026-08-08 11:20:01] [W-20] ✅ 完成 [fork1] fahq613/treble_app | 提取 0 | 新增 0 | 耗时 0s | 配额 4363/4800 03:20UTC | 主队列 25/200 发现队列 380/20000 [[fork1]:350 [user0]:30] | Worker 27忙/9闲(75%)
[2026-08-08 11:20:01] [W-20] 🔧 开始处理 [fork1] zerofrip/treble_app
[2026-08-08 11:20:01] [W-9] 🔧 开始处理 [fork1] fra-fra475/treble_app
[2026-08-08 11:20:01] [W-18] ⏭️ [种子仓库] 仓库 https://github.com/alxprgs/v2rayNG 158h 未更新，跳过解析（无需追踪）
[2026-08-08 11:20:01] [W-18] ✅ 完成 [种子仓库] alxprgs/v2rayNG [种子 116/744] | 提取 0 | 新增 0 | 耗时 2s | 配额 4362/4800 03:20UTC | 主队列 25/200 发现队列 379/20000 [[fork1]:349 [user0]:30] | Worker 28忙/8闲(77%)
[2026-08-08 11:20:01] [W-13] 🔧 开始处理 [fork1] real-omar/treble_app
[2026-08-08 11:20:01] [W-13] 📝 已处理缓存: real-omar/treble_app
[2026-08-08 11:20:01] [W-13] ⏭️ [fork1] 仓库 https://github.com/real-omar/treble_app 7568h 未更新，跳过解析（无需追踪）
[2026-08-08 11:20:01] [W-13] ✅ 完成 [fork1] real-omar/treble_app | 提取 0 | 新增 0 | 耗时 0s | 配额 4362/4800 03:20UTC | 主队列 25/200 发现队列 378/20000 [[fork1]:348 [user0]:30] | Worker 27忙/9闲(75%)
[2026-08-08 11:20:01] [W-13] 🔧 开始处理 [fork1] Sucasej3R/treble_app
[2026-08-08 11:20:01] [W-13] 📝 已处理缓存: Sucasej3R/treble_app
[2026-08-08 11:20:01] [W-13] ⏭️ [fork1] 仓库 https://github.com/Sucasej3R/treble_app 3445h 未更新，跳过解析（无需追踪）
[2026-08-08 11:20:01] [W-13] ✅ 完成 [fork1] Sucasej3R/treble_app | 提取 0 | 新增 0 | 耗时 0s | 配额 4362/4800 03:20UTC | 主队列 25/200 发现队列 377/20000 [[fork1]:347 [user0]:30] | Worker 27忙/9闲(75%)
[2026-08-08 11:20:01] [W-13] 🔧 开始处理 [fork1] CE1CECL/treble_app
[2026-08-08 11:20:01] [W-13] 📝 已处理缓存: CE1CECL/treble_app
[2026-08-08 11:20:01] [W-13] ⏭️ [fork1] 仓库 https://github.com/CE1CECL/treble_app 2070h 未更新，跳过解析（无需追踪）
[2026-08-08 11:20:01] [W-13] ✅ 完成 [fork1] CE1CECL/treble_app | 提取 0 | 新增 0 | 耗时 0s | 配额 4362/4800 03:20UTC | 主队列 25/200 发现队列 376/20000 [[fork1]:346 [user0]:30] | Worker 27忙/9闲(75%)
[2026-08-08 11:20:01] [W-13] 🔧 开始处理 [fork1] fpokfgpoj4pokg45pkojkpgtokht/treble_app
[2026-08-08 11:20:01] [W-13] 📝 已处理缓存: fpokfgpoj4pokg45pkojkpgtokht/treble_app
[2026-08-08 11:20:01] [W-13] ⏭️ [fork1] 仓库 https://github.com/fpokfgpoj4pokg45pkojkpgtokht/treble_app 1780h 未更新，跳过解析（无需追踪）
[2026-08-08 11:20:01] [W-13] ✅ 完成 [fork1] fpokfgpoj4pokg45pkojkpgtokht/treble_app | 提取 0 | 新增 0 | 耗时 0s | 配额 4362/4800 03:20UTC | 主队列 25/200 发现队列 375/20000 [[fork1]:345 [user0]:30] | Worker 27忙/9闲(75%)
[2026-08-08 11:20:01] [W-13] 🔧 开始处理 [fork1] bod09/treble_app
[2026-08-08 11:20:01] [W-6] 📝 已处理缓存: Bradford1040/treble_app
[2026-08-08 11:20:01] [W-6] ⏭️ [fork1] 仓库 https://github.com/Bradford1040/treble_app 13664h 未更新，跳过解析（无需追踪）
[2026-08-08 11:20:01] [W-6] ✅ 完成 [fork1] Bradford1040/treble_app | 提取 0 | 新增 0 | 耗时 2s | 配额 4361/4800 03:20UTC | 主队列 25/200 发现队列 374/20000 [[fork1]:344 [user0]:30] | Worker 27忙/9闲(75%)
[2026-08-08 11:20:01] [W-18] 🔧 开始处理 [fork1] r3dPuk3/treble_app
[2026-08-08 11:20:01] [W-6] 🔧 开始处理 [fork1] GeneriDroid/treble_app
[2026-08-08 11:20:01] [W-27] 📝 已处理缓存: ch4rdotnet/treble_app
[2026-08-08 11:20:01] [W-27] ⏭️ [fork1] 仓库 https://github.com/ch4rdotnet/treble_app 9220h 未更新，跳过解析（无需追踪）
[2026-08-08 11:20:01] [W-27] ✅ 完成 [fork1] ch4rdotnet/treble_app | 提取 0 | 新增 0 | 耗时 1s | 配额 4360/4800 03:20UTC | 主队列 25/200 发现队列 373/20000 [[fork1]:343 [user0]:30] | Worker 28忙/8闲(77%)
[2026-08-08 11:20:01] [W-27] 🔧 开始处理 [fork1] Rocky7842/treble_app
[2026-08-08 11:20:01] [W-27] 📝 已处理缓存: Rocky7842/treble_app
[2026-08-08 11:20:01] [W-27] ⏭️ [fork1] 仓库 https://github.com/Rocky7842/treble_app 26491h 未更新，跳过解析（无需追踪）
[2026-08-08 11:20:01] [W-27] ✅ 完成 [fork1] Rocky7842/treble_app | 提取 0 | 新增 0 | 耗时 0s | 配额 4360/4800 03:20UTC | 主队列 25/200 发现队列 372/20000 [[fork1]:342 [user0]:30] | Worker 28忙/8闲(77%)
[2026-08-08 11:20:01] [W-27] 🔧 开始处理 [fork1] vaginessa/treble_app
[2026-08-08 11:20:02] [W-7] 📝 已处理缓存: LeOS-GSI/treble_app
[2026-08-08 11:20:02] [W-7] ⏭️ [fork1] 仓库 https://github.com/LeOS-GSI/treble_app 13664h 未更新，跳过解析（无需追踪）
[2026-08-08 11:20:02] [W-7] ✅ 完成 [fork1] LeOS-GSI/treble_app | 提取 0 | 新增 0 | 耗时 2s | 配额 4359/4800 03:20UTC | 主队列 25/200 发现队列 371/20000 [[fork1]:341 [user0]:30] | Worker 28忙/8闲(77%)
[2026-08-08 11:20:02] [W-7] 🔧 开始处理 [fork1] smiley9000/treble_app
[2026-08-08 11:20:02] [W-34] 📦 Partial Clone: 44 个文件（零 API 配额）
[2026-08-08 11:20:02] [W-30] 📝 已处理缓存: unnamed-firmware/treble_app
[2026-08-08 11:20:02] [W-30] ⏭️ [fork1] 仓库 https://github.com/unnamed-firmware/treble_app 9637h 未更新，跳过解析（无需追踪）
[2026-08-08 11:20:02] [W-30] ✅ 完成 [fork1] unnamed-firmware/treble_app | 提取 0 | 新增 0 | 耗时 2s | 配额 4358/4800 03:20UTC | 主队列 25/200 发现队列 370/20000 [[fork1]:340 [user0]:30] | Worker 27忙/9闲(75%)
[2026-08-08 11:20:02] 📊 [03:20 UTC] 运行 126s
[2026-08-08 11:20:02]    CPU: 100% (负载 10.04/2核) | 内存: 11% (1.7/15.6GB) | 磁盘: 86.9/144GB 可用
[2026-08-08 11:20:02]    网络近60s: 总下载 0.13GB | 平均 2.68MB/s | 峰值 13.36MB/s
[2026-08-08 11:20:02]    API: 4358/4800 | 放行 288/分钟 | raw 147文件/9.3MB | clone 56仓库/1627文件
[2026-08-08 11:20:02]    进度: 种子 141/744 | 关键词 - | Code -
[2026-08-08 11:20:02]    主队列 25/200 发现队列 369/20000 [[fork1]:339 [user0]:30] | Worker 26忙/10闲(72%)
[2026-08-08 11:20:02]    Worker: 27忙/9闲(75%) | W-0 PartialClone Raad63/v2ray-configs-sub-5(125s) | W-1 空闲(16s) | W-2 PartialClone mahdibland/ShadowsocksAggregator(120s) | W-3 PartialClone Airuop/cross(120s) | W-4 PartialClone cysk003/Epodonios-v2ray-configs(120s) | W-5 PartialClone mahdibland/V2RayAggregator(57s) | W-6 处理 [fork1] GeneriDroid/treble_app(0s) | W-7 处理 [fork1] smiley9000/treble_app(0s) | W-8 PartialClone 2dust/v2rayNG(7s) | W-9 处理 [fork1] fra-fra475/treble_app(1s) | W-10 PartialClone Aethersailor/SubConverter-Extended(120s) | W-11 PartialClone 2dust/v2rayNG(57s) | W-12 空闲(62s) | W-13 处理 [fork1] bod09/treble_app(1s) | W-14 PartialClone clift190/v2rayNG(6s) | W-15 PartialClone mahdibland/SSAggregator(116s) | W-16 PartialClone Yannik666/nodes(39s) | W-17 空闲(8s) | W-18 处理 [fork1] r3dPuk3/treble_app(0s) | W-19 空闲(3s) | W-20 处理 [fork1] zerofrip/treble_app(1s) | W-21 空闲(29s) | W-22 PartialClone chaoduzj/pac2(104s) | W-23 空闲(5s) | W-24 PartialClone ninjastrikers/nexus-nodes(120s) | W-25 处理 [fork1] farfromrefug/treble_app(1s) | W-26 空闲(22s) | W-27 处理 [fork1] vaginessa/treble_app(0s) | W-28 PartialClone clash-verge-rev/clash-verge-rev(8s) | W-29 空闲(70s) | W-30 空闲(-0s) | W-31 PartialClone chaoduzj/aggregator(120s) | W-32 PartialClone wenxig/zero-path(93s) | W-33 PartialClone clift190/v2rayN(6s) | W-34 空闲(0s) | W-35 PartialClone Argh94/V2RayAutoConfig(13s)
[2026-08-08 11:20:02] [W-1] 🌱 加入种子: Andyworldclub/openproxylist (提取 435 节点)
[2026-08-08 11:20:02] [W-1] ✅ 完成 [种子仓库] Andyworldclub/openproxylist [种子 92/744] | 提取 435 | 新增 0 | 耗时 22s | 配额 4358/4800 03:20UTC | 主队列 25/200 发现队列 369/20000 [[fork1]:339 [user0]:30] | Worker 26忙/10闲(72%)
[2026-08-08 11:20:02] [W-1] 🔧 开始处理 [种子仓库] AvetGR8/EasyV2raySub [种子 117/744]
[2026-08-08 11:20:02] [W-30] 🔧 开始处理 [fork1] KaguraRinko/treble_app
[2026-08-08 11:20:02] [W-25] 📝 已处理缓存: farfromrefug/treble_app
[2026-08-08 11:20:02] [W-25] ⏭️ [fork1] 仓库 https://github.com/farfromrefug/treble_app 14271h 未更新，跳过解析（无需追踪）
[2026-08-08 11:20:02] [W-25] ✅ 完成 [fork1] farfromrefug/treble_app | 提取 0 | 新增 0 | 耗时 1s | 配额 4357/4800 03:20UTC | 主队列 24/200 发现队列 369/20000 [[fork1]:339 [user0]:30] | Worker 28忙/8闲(77%)
[2026-08-08 11:20:02] [W-25] 🔧 开始处理 [fork1] Imnotthatguy79/treble_app
[2026-08-08 11:20:02] [W-21] 🌱 加入种子: iampedii/whitedns-sub (提取 516 节点)
[2026-08-08 11:20:02] [W-21] ✅ 完成 [raw1] iampedii/whitedns-sub | 提取 516 | 新增 43 | 耗时 34s | 配额 4357/4800 03:20UTC | 主队列 24/200 发现队列 368/20000 [[fork1]:338 [user0]:30] | Worker 28忙/8闲(77%)
[2026-08-08 11:20:02] [W-21] 🔧 开始处理 [种子仓库] Devindan/EasyV2raySub [种子 118/744]
[2026-08-08 11:20:03] [W-6] 📝 已处理缓存: GeneriDroid/treble_app
[2026-08-08 11:20:03] [W-6] ⏭️ [fork1] 仓库 https://github.com/GeneriDroid/treble_app 20574h 未更新，跳过解析（无需追踪）
[2026-08-08 11:20:03] [W-6] ✅ 完成 [fork1] GeneriDroid/treble_app | 提取 0 | 新增 0 | 耗时 1s | 配额 4356/4800 03:20UTC | 主队列 23/200 发现队列 368/20000 [[fork1]:338 [user0]:30] | Worker 29忙/7闲(80%)
[2026-08-08 11:20:03] [W-18] 📝 已处理缓存: r3dPuk3/treble_app
[2026-08-08 11:20:03] [W-18] ⏭️ [fork1] 仓库 https://github.com/r3dPuk3/treble_app 7551h 未更新，跳过解析（无需追踪）
[2026-08-08 11:20:03] [W-18] ✅ 完成 [fork1] r3dPuk3/treble_app | 提取 0 | 新增 0 | 耗时 1s | 配额 4355/4800 03:20UTC | 主队列 23/200 发现队列 367/20000 [[fork1]:337 [user0]:30] | Worker 28忙/8闲(77%)
[2026-08-08 11:20:03] [W-18] 🔧 开始处理 [fork1] changanmoon/treble_app
[2026-08-08 11:20:03] [W-18] 📝 已处理缓存: changanmoon/treble_app
[2026-08-08 11:20:03] [W-18] ⏭️ [fork1] 仓库 https://github.com/changanmoon/treble_app 10727h 未更新，跳过解析（无需追踪）
[2026-08-08 11:20:03] [W-18] ✅ 完成 [fork1] changanmoon/treble_app | 提取 0 | 新增 0 | 耗时 0s | 配额 4355/4800 03:20UTC | 主队列 23/200 发现队列 366/20000 [[fork1]:336 [user0]:30] | Worker 28忙/8闲(77%)
[2026-08-08 11:20:03] [W-18] 🔧 开始处理 [fork1] nguyenhoaivan1997/treble_app
[2026-08-08 11:20:03] [W-18] 📝 已处理缓存: nguyenhoaivan1997/treble_app
[2026-08-08 11:20:03] [W-18] ⏭️ [fork1] 仓库 https://github.com/nguyenhoaivan1997/treble_app 23738h 未更新，跳过解析（无需追踪）
[2026-08-08 11:20:03] [W-18] ✅ 完成 [fork1] nguyenhoaivan1997/treble_app | 提取 0 | 新增 0 | 耗时 0s | 配额 4355/4800 03:20UTC | 主队列 23/200 发现队列 365/20000 [[fork1]:335 [user0]:30] | Worker 28忙/8闲(77%)
[2026-08-08 11:20:03] [W-18] 🔧 开始处理 [fork1] vanelizarov/treble_app
[2026-08-08 11:20:03] [W-6] 🔧 开始处理 [fork1] monefiera/treble_app
[2026-08-08 11:20:03] [W-6] 📝 已处理缓存: monefiera/treble_app
[2026-08-08 11:20:03] [W-6] ⏭️ [fork1] 仓库 https://github.com/monefiera/treble_app 9694h 未更新，跳过解析（无需追踪）
[2026-08-08 11:20:03] [W-6] ✅ 完成 [fork1] monefiera/treble_app | 提取 0 | 新增 0 | 耗时 0s | 配额 4355/4800 03:20UTC | 主队列 23/200 发现队列 364/20000 [[fork1]:334 [user0]:30] | Worker 29忙/7闲(80%)
[2026-08-08 11:20:03] [W-6] 🔧 开始处理 [fork1] boydaihungst/treble_app
[2026-08-08 11:20:03] [W-6] 📝 已处理缓存: boydaihungst/treble_app
[2026-08-08 11:20:03] [W-6] ⏭️ [fork1] 仓库 https://github.com/boydaihungst/treble_app 14422h 未更新，跳过解析（无需追踪）
[2026-08-08 11:20:03] [W-6] ✅ 完成 [fork1] boydaihungst/treble_app | 提取 0 | 新增 0 | 耗时 0s | 配额 4355/4800 03:20UTC | 主队列 23/200 发现队列 363/20000 [[fork1]:333 [user0]:30] | Worker 29忙/7闲(80%)
[2026-08-08 11:20:03] [W-6] 🔧 开始处理 [fork1] Saphar/treble_app
[2026-08-08 11:20:03] [W-9] 📝 已处理缓存: fra-fra475/treble_app
[2026-08-08 11:20:03] [W-9] ⏭️ [fork1] 仓库 https://github.com/fra-fra475/treble_app 7551h 未更新，跳过解析（无需追踪）
[2026-08-08 11:20:03] [W-9] ✅ 完成 [fork1] fra-fra475/treble_app | 提取 0 | 新增 0 | 耗时 2s | 配额 4354/4800 03:20UTC | 主队列 23/200 发现队列 362/20000 [[fork1]:332 [user0]:30] | Worker 29忙/7闲(80%)
[2026-08-08 11:20:03] [W-9] 🔧 开始处理 [fork1] kwokdelee/treble_app
[2026-08-08 11:20:03] [W-7] 📝 已处理缓存: smiley9000/treble_app
[2026-08-08 11:20:03] [W-7] ⏭️ [fork1] 仓库 https://github.com/smiley9000/treble_app 25845h 未更新，跳过解析（无需追踪）
[2026-08-08 11:20:03] [W-7] ✅ 完成 [fork1] smiley9000/treble_app | 提取 0 | 新增 0 | 耗时 1s | 配额 4353/4800 03:20UTC | 主队列 23/200 发现队列 361/20000 [[fork1]:331 [user0]:30] | Worker 29忙/7闲(80%)
[2026-08-08 11:20:03] [W-7] 🔧 开始处理 [种子仓库] symantes/v2rayN [种子 119/744]
[2026-08-08 11:20:03] [W-20] 📝 已处理缓存: zerofrip/treble_app
[2026-08-08 11:20:03] [W-20] ⏭️ [fork1] 仓库 https://github.com/zerofrip/treble_app 7551h 未更新，跳过解析（无需追踪）
[2026-08-08 11:20:03] [W-20] ✅ 完成 [fork1] zerofrip/treble_app | 提取 0 | 新增 0 | 耗时 2s | 配额 4352/4800 03:20UTC | 主队列 22/200 发现队列 361/20000 [[fork1]:331 [user0]:30] | Worker 29忙/7闲(80%)
[2026-08-08 11:20:03] [W-20] 🔧 开始处理 [fork1] KnuxBoy04/treble_app
[2026-08-08 11:20:03] [W-27] 📝 已处理缓存: vaginessa/treble_app
[2026-08-08 11:20:03] [W-27] ⏭️ [fork1] 仓库 https://github.com/vaginessa/treble_app 25845h 未更新，跳过解析（无需追踪）
[2026-08-08 11:20:03] [W-27] ✅ 完成 [fork1] vaginessa/treble_app | 提取 0 | 新增 0 | 耗时 2s | 配额 4351/4800 03:20UTC | 主队列 22/200 发现队列 360/20000 [[fork1]:330 [user0]:30] | Worker 29忙/7闲(80%)
[2026-08-08 11:20:03] [W-27] 🔧 开始处理 [种子仓库] maoxikun/v2rayN [种子 120/744]
[2026-08-08 11:20:04] [W-1] [种子仓库] 仓库 https://github.com/AvetGR8/EasyV2raySub (分支: main, size: 20317KB, pushed: 2026-08-08T01:45:18Z)
[2026-08-08 11:20:04] [W-13] 📝 已处理缓存: bod09/treble_app
[2026-08-08 11:20:04] [W-13] ⏭️ [fork1] 仓库 https://github.com/bod09/treble_app 294h 未更新，跳过解析（无需追踪）
[2026-08-08 11:20:04] [W-13] ✅ 完成 [fork1] bod09/treble_app | 提取 0 | 新增 0 | 耗时 3s | 配额 4349/4800 03:20UTC | 主队列 21/200 发现队列 360/20000 [[fork1]:330 [user0]:30] | Worker 29忙/7闲(80%)
[2026-08-08 11:20:04] [W-13] 🔧 开始处理 [fork1] curbengh/treble_app
[2026-08-08 11:20:04] [W-25] 📝 已处理缓存: Imnotthatguy79/treble_app
[2026-08-08 11:20:04] [W-25] ⏭️ [fork1] 仓库 https://github.com/Imnotthatguy79/treble_app 25494h 未更新，跳过解析（无需追踪）
[2026-08-08 11:20:04] [W-25] ✅ 完成 [fork1] Imnotthatguy79/treble_app | 提取 0 | 新增 0 | 耗时 2s | 配额 4348/4800 03:20UTC | 主队列 21/200 发现队列 359/20000 [[fork1]:329 [user0]:30] | Worker 29忙/7闲(80%)
[2026-08-08 11:20:04] [W-25] 🔧 开始处理 [fork1] ryenyuku/treble_app
[2026-08-08 11:20:04] [W-25] 📝 已处理缓存: ryenyuku/treble_app
[2026-08-08 11:20:04] [W-25] ⏭️ [fork1] 仓库 https://github.com/ryenyuku/treble_app 19708h 未更新，跳过解析（无需追踪）
[2026-08-08 11:20:04] [W-25] ✅ 完成 [fork1] ryenyuku/treble_app | 提取 0 | 新增 0 | 耗时 0s | 配额 4348/4800 03:20UTC | 主队列 21/200 发现队列 358/20000 [[fork1]:328 [user0]:30] | Worker 29忙/7闲(80%)
[2026-08-08 11:20:04] [W-17] ✅ 完成 [user1] Argh94/ProxyProwler | 提取 0 | 新增 0 | 耗时 15s | 配额 4348/4800 03:20UTC | 主队列 21/200 发现队列 357/20000 [[fork1]:327 [user0]:30] | Worker 28忙/8闲(77%)
[2026-08-08 11:20:04] [W-25] 🔧 开始处理 [fork1] Wyse-/treble_app
[2026-08-08 11:20:04] [W-25] 📝 已处理缓存: Wyse-/treble_app
[2026-08-08 11:20:04] [W-25] ⏭️ [fork1] 仓库 https://github.com/Wyse-/treble_app 19332h 未更新，跳过解析（无需追踪）
[2026-08-08 11:20:04] [W-25] ✅ 完成 [fork1] Wyse-/treble_app | 提取 0 | 新增 0 | 耗时 0s | 配额 4348/4800 03:20UTC | 主队列 20/200 发现队列 357/20000 [[fork1]:327 [user0]:30] | Worker 29忙/7闲(80%)
[2026-08-08 11:20:04] [W-25] 🔧 开始处理 [fork1] 4455bk/treble_app
[2026-08-08 11:20:04] [W-25] 📝 已处理缓存: 4455bk/treble_app
[2026-08-08 11:20:04] [W-25] ⏭️ [fork1] 仓库 https://github.com/4455bk/treble_app 16715h 未更新，跳过解析（无需追踪）
[2026-08-08 11:20:04] [W-25] ✅ 完成 [fork1] 4455bk/treble_app | 提取 0 | 新增 0 | 耗时 0s | 配额 4348/4800 03:20UTC | 主队列 20/200 发现队列 356/20000 [[fork1]:326 [user0]:30] | Worker 29忙/7闲(80%)
[2026-08-08 11:20:04] [W-25] 🔧 开始处理 [fork1] H4D1SLXY3R/treble_app
[2026-08-08 11:20:04] [W-23] 仓库 https://github.com/Argh94/Proxy-List 候选文件 7 个
[2026-08-08 11:20:04] [W-17] 🔧 开始处理 [种子仓库] maoxikun/v2rayNG [种子 121/744]
[2026-08-08 11:20:04] [W-30] 📝 已处理缓存: KaguraRinko/treble_app
[2026-08-08 11:20:04] [W-30] ⏭️ [fork1] 仓库 https://github.com/KaguraRinko/treble_app 25845h 未更新，跳过解析（无需追踪）
[2026-08-08 11:20:04] [W-30] ✅ 完成 [fork1] KaguraRinko/treble_app | 提取 0 | 新增 0 | 耗时 2s | 配额 4347/4800 03:20UTC | 主队列 20/200 发现队列 355/20000 [[fork1]:325 [user0]:30] | Worker 30忙/6闲(83%)
[2026-08-08 11:20:04] [W-30] 🔧 开始处理 [fork1] imbroglius/treble_app
[2026-08-08 11:20:04] [W-30] 📝 已处理缓存: imbroglius/treble_app
[2026-08-08 11:20:04] [W-30] ⏭️ [fork1] 仓库 https://github.com/imbroglius/treble_app 17991h 未更新，跳过解析（无需追踪）
[2026-08-08 11:20:04] [W-30] ✅ 完成 [fork1] imbroglius/treble_app | 提取 0 | 新增 0 | 耗时 0s | 配额 4347/4800 03:20UTC | 主队列 20/200 发现队列 354/20000 [[fork1]:324 [user0]:30] | Worker 30忙/6闲(83%)
[2026-08-08 11:20:04] [W-30] 🔧 开始处理 [fork1] rooteduniverse1003/treble_dfoid_app
[2026-08-08 11:20:04] [W-20] 📝 已处理缓存: KnuxBoy04/treble_app
[2026-08-08 11:20:04] [W-20] ⏭️ [fork1] 仓库 https://github.com/KnuxBoy04/treble_app 20574h 未更新，跳过解析（无需追踪）
[2026-08-08 11:20:04] [W-20] ✅ 完成 [fork1] KnuxBoy04/treble_app | 提取 0 | 新增 0 | 耗时 1s | 配额 4346/4800 03:20UTC | 主队列 20/200 发现队列 353/20000 [[fork1]:323 [user0]:30] | Worker 30忙/6闲(83%)
[2026-08-08 11:20:04] [W-20] 🔧 开始处理 [种子仓库] sec-js/v2rayN [种子 122/744]
[2026-08-08 11:20:04] [种子] ▶️ 主队列 < 20（19/200），搜索恢复
[2026-08-08 11:20:04] [种子] 🔵 [种子 142/744] a1wjun/v2rayN | 配额 4346/4800 03:20UTC | 主队列 20/200 发现队列 353/20000 [[fork1]:323 [user0]:30] | Worker 30忙/6闲(83%)
[2026-08-08 11:20:04] [种子] 🔵 [种子 143/744] samling-jackyjyo/v2rayNG | 配额 4346/4800 03:20UTC | 主队列 21/200 发现队列 353/20000 [[fork1]:323 [user0]:30] | Worker 30忙/6闲(83%)
[2026-08-08 11:20:04] [种子] 🔵 [种子 144/744] kafeixiang/v2rayNG | 配额 4346/4800 03:20UTC | 主队列 22/200 发现队列 353/20000 [[fork1]:323 [user0]:30] | Worker 30忙/6闲(83%)
[2026-08-08 11:20:04] [种子] 🔵 [种子 145/744] RepoBackup/v2rayN | 配额 4346/4800 03:20UTC | 主队列 23/200 发现队列 353/20000 [[fork1]:323 [user0]:30] | Worker 30忙/6闲(83%)
[2026-08-08 11:20:04] [种子] 🔵 [种子 146/744] phpmooc/v2rayN | 配额 4346/4800 03:20UTC | 主队列 24/200 发现队列 353/20000 [[fork1]:323 [user0]:30] | Worker 30忙/6闲(83%)
[2026-08-08 11:20:04] [种子] 🔵 [种子 147/744] FairyWorld/fq_v2rayN | 配额 4346/4800 03:20UTC | 主队列 25/200 发现队列 353/20000 [[fork1]:323 [user0]:30] | Worker 30忙/6闲(83%)
[2026-08-08 11:20:04] [种子] 🔵 [种子 148/744] Corey01327/v2rayN | 配额 4346/4800 03:20UTC | 主队列 26/200 发现队列 353/20000 [[fork1]:323 [user0]:30] | Worker 30忙/6闲(83%)
[2026-08-08 11:20:04] [种子] 🔵 [种子 149/744] gowing520/v2rayN | 配额 4346/4800 03:20UTC | 主队列 27/200 发现队列 353/20000 [[fork1]:323 [user0]:30] | Worker 30忙/6闲(83%)
[2026-08-08 11:20:04] [种子] 🔵 [种子 150/744] mengzhisuoliu/v2rayNG | 配额 4346/4800 03:20UTC | 主队列 28/200 发现队列 353/20000 [[fork1]:323 [user0]:30] | Worker 30忙/6闲(83%)
[2026-08-08 11:20:04] [种子] 🔵 [种子 151/744] ayayime/v2rayNG | 配额 4346/4800 03:20UTC | 主队列 29/200 发现队列 353/20000 [[fork1]:323 [user0]:30] | Worker 30忙/6闲(83%)
[2026-08-08 11:20:05] [种子] 🔵 [种子 152/744] juzi1994/v2rayN | 配额 4341/4800 03:20UTC | 主队列 30/200 发现队列 353/20000 [[fork1]:323 [user0]:30] | Worker 30忙/6闲(83%)
[2026-08-08 11:20:05] [种子] 🔵 [种子 153/744] kimikkorow/v2rayN | 配额 4341/4800 03:20UTC | 主队列 31/200 发现队列 353/20000 [[fork1]:323 [user0]:30] | Worker 30忙/6闲(83%)
[2026-08-08 11:20:04] [W-6] 📝 已处理缓存: Saphar/treble_app
[2026-08-08 11:20:05] [W-6] ⏭️ [fork1] 仓库 https://github.com/Saphar/treble_app 23099h 未更新，跳过解析（无需追踪）
[2026-08-08 11:20:05] [W-6] ✅ 完成 [fork1] Saphar/treble_app | 提取 0 | 新增 0 | 耗时 2s | 配额 4341/4800 03:20UTC | 主队列 32/200 发现队列 353/20000 [[fork1]:323 [user0]:30] | Worker 30忙/6闲(83%)
[2026-08-08 11:20:05] [W-6] 🔧 开始处理 [fork1] GsiDroid/treble_app
[2026-08-08 11:20:04] [W-7] ⏭️ [种子仓库] 仓库 https://github.com/symantes/v2rayN 已解析，跳过解析（无需追踪）
[2026-08-08 11:20:04] [W-9] 📝 已处理缓存: kwokdelee/treble_app
[2026-08-08 11:20:05] [W-9] ⏭️ [fork1] 仓库 https://github.com/kwokdelee/treble_app 20931h 未更新，跳过解析（无需追踪）
[2026-08-08 11:20:05] [种子] 🔵 [种子 154/744] T00700/v2rayNG | 配额 4341/4800 03:20UTC | 主队列 32/200 发现队列 353/20000 [[fork1]:323 [user0]:30] | Worker 30忙/6闲(83%)
[2026-08-08 11:20:04] [W-18] 📝 已处理缓存: vanelizarov/treble_app
[2026-08-08 11:20:05] [W-18] ⏭️ [fork1] 仓库 https://github.com/vanelizarov/treble_app 24134h 未更新，跳过解析（无需追踪）
[2026-08-08 11:20:04] [W-21] ⏭️ [种子仓库] 仓库 https://github.com/Devindan/EasyV2raySub 已解析，跳过解析（无需追踪）
[2026-08-08 11:20:05] [W-21] ✅ 完成 [种子仓库] Devindan/EasyV2raySub [种子 118/744] | 提取 0 | 新增 0 | 耗时 3s | 配额 4338/4800 03:20UTC | 主队列 33/200 发现队列 352/20000 [[fork1]:322 [user0]:30] | Worker 30忙/6闲(83%)
[2026-08-08 11:20:05] [种子] 🔵 [种子 155/744] xiechangan123/v2rayN | 配额 4341/4800 03:20UTC | 主队列 33/200 发现队列 352/20000 [[fork1]:322 [user0]:30] | Worker 30忙/6闲(83%)
[2026-08-08 11:20:05] [W-27] ⏭️ [种子仓库] 仓库 https://github.com/maoxikun/v2rayN 已解析，跳过解析（无需追踪）
[2026-08-08 11:20:05] [W-27] ✅ 完成 [种子仓库] maoxikun/v2rayN [种子 120/744] | 提取 0 | 新增 0 | 耗时 2s | 配额 4337/4800 03:20UTC | 主队列 34/200 发现队列 351/20000 [[fork1]:321 [user0]:30] | Worker 29忙/7闲(80%)
[2026-08-08 11:20:05] [W-27] 🔧 开始处理 [fork1] Archfx/duoTreble
[2026-08-08 11:20:05] [W-7] ✅ 完成 [种子仓库] symantes/v2rayN [种子 119/744] | 提取 0 | 新增 0 | 耗时 2s | 配额 4341/4800 03:20UTC | 主队列 32/200 发现队列 352/20000 [[fork1]:322 [user0]:30] | Worker 30忙/6闲(83%)
[2026-08-08 11:20:05] [W-25] 📝 已处理缓存: H4D1SLXY3R/treble_app
[2026-08-08 11:20:05] [W-25] ⏭️ [fork1] 仓库 https://github.com/H4D1SLXY3R/treble_app 18802h 未更新，跳过解析（无需追踪）
[2026-08-08 11:20:05] [W-25] ✅ 完成 [fork1] H4D1SLXY3R/treble_app | 提取 0 | 新增 0 | 耗时 1s | 配额 4336/4800 03:20UTC | 主队列 34/200 发现队列 349/20000 [[fork1]:319 [user0]:30] | Worker 30忙/6闲(83%)
[2026-08-08 11:20:05] [W-9] ✅ 完成 [fork1] kwokdelee/treble_app | 提取 0 | 新增 0 | 耗时 2s | 配额 4341/4800 03:20UTC | 主队列 32/200 发现队列 352/20000 [[fork1]:322 [user0]:30] | Worker 30忙/6闲(83%)
[2026-08-08 11:20:05] [W-9] 🔧 开始处理 [种子仓库] kafeixiang/v2rayN [种子 124/744]
[2026-08-08 11:20:05] [W-13] 📝 已处理缓存: curbengh/treble_app
[2026-08-08 11:20:05] [W-13] ⏭️ [fork1] 仓库 https://github.com/curbengh/treble_app 13755h 未更新，跳过解析（无需追踪）
[2026-08-08 11:20:05] [W-13] ✅ 完成 [fork1] curbengh/treble_app | 提取 0 | 新增 0 | 耗时 2s | 配额 4336/4800 03:20UTC | 主队列 32/200 发现队列 349/20000 [[fork1]:319 [user0]:30] | Worker 30忙/6闲(83%)
[2026-08-08 11:20:05] [W-7] 🔧 开始处理 [fork1] Iceows/treble_app
[2026-08-08 11:20:05] [W-21] 🔧 开始处理 [fork1] polygraphene/treble_app
[2026-08-08 11:20:05] [种子] 🔵 [种子 156/744] Super-Zoe/v2rayNG | 配额 4337/4800 03:20UTC | 主队列 34/200 发现队列 349/20000 [[fork1]:319 [user0]:30] | Worker 30忙/6闲(83%)
[2026-08-08 11:20:05] [W-30] 📝 已处理缓存: rooteduniverse1003/treble_dfoid_app
[2026-08-08 11:20:05] [W-30] ⏭️ [fork1] 仓库 https://github.com/rooteduniverse1003/treble_dfoid_app 17983h 未更新，跳过解析（无需追踪）
[2026-08-08 11:20:05] [W-25] 🔧 开始处理 [种子仓库] selenologist99/v2rayN [种子 123/744]
[2026-08-08 11:20:05] [W-17] [种子仓库] 仓库 https://github.com/maoxikun/v2rayNG (分支: master, size: 36685KB, pushed: 2026-08-07T20:29:26Z)
[2026-08-08 11:20:05] [W-27] 📝 已处理缓存: Archfx/duoTreble
[2026-08-08 11:20:06] [W-27] ⏭️ [fork1] 仓库 https://github.com/Archfx/duoTreble 9721h 未更新，跳过解析（无需追踪）
[2026-08-08 11:20:06] [W-27] ✅ 完成 [fork1] Archfx/duoTreble | 提取 0 | 新增 0 | 耗时 1s | 配额 4334/4800 03:20UTC | 主队列 32/200 发现队列 349/20000 [[fork1]:319 [user0]:30] | Worker 30忙/6闲(83%)
[2026-08-08 11:20:05] [W-21] 📝 已处理缓存: polygraphene/treble_app
[2026-08-08 11:20:06] [W-21] ⏭️ [fork1] 仓库 https://github.com/polygraphene/treble_app 5938h 未更新，跳过解析（无需追踪）
[2026-08-08 11:20:06] [W-21] ✅ 完成 [fork1] polygraphene/treble_app | 提取 0 | 新增 0 | 耗时 1s | 配额 4334/4800 03:20UTC | 主队列 32/200 发现队列 348/20000 [[fork1]:318 [user0]:30] | Worker 30忙/6闲(83%)
[2026-08-08 11:20:06] [W-21] 🔧 开始处理 [fork1] REvoX-Devices/treble_app
[2026-08-08 11:20:05] [W-19] 仓库 https://github.com/Argh94/Argh94 无候选文件 (总计 19 blob, 扩展名过滤 17, processed_shas 跳过 0, SHA 缓存跳过 2)
[2026-08-08 11:20:06] [W-19] ✅ 完成 [user1] Argh94/Argh94 | 提取 0 | 新增 0 | 耗时 18s | 配额 4332/4800 03:20UTC | 主队列 32/200 发现队列 347/20000 [[fork1]:317 [user0]:30] | Worker 30忙/6闲(83%)
[2026-08-08 11:20:05] [W-18] ✅ 完成 [fork1] vanelizarov/treble_app | 提取 0 | 新增 0 | 耗时 2s | 配额 4339/4800 03:20UTC | 主队列 33/200 发现队列 352/20000 [[fork1]:322 [user0]:30] | Worker 30忙/6闲(83%)
[2026-08-08 11:20:06] [W-18] 🔧 开始处理 [fork1] MisterZtr/vendor_hardware_overlay
[2026-08-08 11:20:06] [W-18] 📝 已处理缓存: MisterZtr/vendor_hardware_overlay
[2026-08-08 11:20:06] [W-18] ⏭️ [fork1] 仓库 https://github.com/MisterZtr/vendor_hardware_overlay 755h 未更新，跳过解析（无需追踪）
[2026-08-08 11:20:06] [W-18] ✅ 完成 [fork1] MisterZtr/vendor_hardware_overlay | 提取 0 | 新增 0 | 耗时 0s | 配额 4332/4800 03:20UTC | 主队列 31/200 发现队列 346/20000 [[fork1]:316 [user0]:30] | Worker 31忙/5闲(86%)
[2026-08-08 11:20:05] [种子] 🔵 [种子 157/744] marstrix/v2rayNG | 配额 4335/4800 03:20UTC | 主队列 32/200 发现队列 349/20000 [[fork1]:319 [user0]:30] | Worker 30忙/6闲(83%)
[2026-08-08 11:20:06] [种子] 🔵 [种子 158/744] cysk003/v2rayN | 配额 4332/4800 03:20UTC | 主队列 32/200 发现队列 345/20000 [[fork1]:315 [user0]:30] | Worker 31忙/5闲(86%)
[2026-08-08 11:20:06] [种子] 🔵 [种子 159/744] utenkekkou/v2rayN | 配额 4332/4800 03:20UTC | 主队列 33/200 发现队列 345/20000 [[fork1]:315 [user0]:30] | Worker 31忙/5闲(86%)
[2026-08-08 11:20:05] [ThreadPoolExecutor-172_3] 📦 批次 0002 已持久化: /home/runner/work/test-college/test-college/batches/no_batch_0002.txt (5842 个节点, 累计 10847 个) | 主队列 32/200 发现队列 349/20000 [[fork1]:319 [user0]:30] | Worker 30忙/6闲(83%)
[2026-08-08 11:20:06] [W-7] 📝 已处理缓存: Iceows/treble_app
[2026-08-08 11:20:06] [W-7] ⏭️ [fork1] 仓库 https://github.com/Iceows/treble_app 13116h 未更新，跳过解析（无需追踪）
[2026-08-08 11:20:05] [W-20] ⏭️ [种子仓库] 仓库 https://github.com/sec-js/v2rayN 已解析，跳过解析（无需追踪）
[2026-08-08 11:20:06] [W-20] ✅ 完成 [种子仓库] sec-js/v2rayN [种子 122/744] | 提取 0 | 新增 0 | 耗时 2s | 配额 4332/4800 03:20UTC | 主队列 34/200 发现队列 345/20000 [[fork1]:315 [user0]:30] | Worker 31忙/5闲(86%)
[2026-08-08 11:20:06] [W-20] 🔧 开始处理 [fork1] dnnykur/vendor_hardware_overlay
[2026-08-08 11:20:05] [W-6] 📝 已处理缓存: GsiDroid/treble_app
[2026-08-08 11:20:07] [W-6] ⏭️ [fork1] 仓库 https://github.com/GsiDroid/treble_app 15688h 未更新，跳过解析（无需追踪）
[2026-08-08 11:20:06] [W-27] 🔧 开始处理 [fork1] EZ-302/treble_app
[2026-08-08 11:20:06] [W-18] 🔧 开始处理 [fork1] Ryker0603/vendor_hardware_overlay
[2026-08-08 11:20:07] [W-18] 📝 已处理缓存: Ryker0603/vendor_hardware_overlay
[2026-08-08 11:20:07] [W-18] ⏭️ [fork1] 仓库 https://github.com/Ryker0603/vendor_hardware_overlay 28908h 未更新，跳过解析（无需追踪）
[2026-08-08 11:20:07] [W-18] ✅ 完成 [fork1] Ryker0603/vendor_hardware_overlay | 提取 0 | 新增 0 | 耗时 1s | 配额 4332/4800 03:20UTC | 主队列 34/200 发现队列 344/20000 [[fork1]:314 [user0]:30] | Worker 31忙/5闲(86%)
[2026-08-08 11:20:07] [W-18] 🔧 开始处理 [fork1] GalaxyA20s/vendor_hardware_overlay
[2026-08-08 11:20:06] [W-9] ⏭️ [种子仓库] 仓库 https://github.com/kafeixiang/v2rayN 已解析，跳过解析（无需追踪）
[2026-08-08 11:20:07] [W-9] ✅ 完成 [种子仓库] kafeixiang/v2rayN [种子 124/744] | 提取 0 | 新增 0 | 耗时 2s | 配额 4332/4800 03:20UTC | 主队列 34/200 发现队列 343/20000 [[fork1]:313 [user0]:30] | Worker 31忙/5闲(86%)
[2026-08-08 11:20:05] [W-13] 🔧 开始处理 [种子仓库] chizee/v2rayN [种子 125/744]
[2026-08-08 11:20:07] [W-6] ✅ 完成 [fork1] GsiDroid/treble_app | 提取 0 | 新增 0 | 耗时 2s | 配额 4332/4800 03:20UTC | 主队列 34/200 发现队列 344/20000 [[fork1]:314 [user0]:30] | Worker 31忙/5闲(86%)
[2026-08-08 11:20:07] [W-6] 🔧 开始处理 [种子仓库] Orynomnix/v2rayN [种子 127/744]
[2026-08-08 11:20:05] [W-30] ✅ 完成 [fork1] rooteduniverse1003/treble_dfoid_app | 提取 0 | 新增 0 | 耗时 1s | 配额 4335/4800 03:20UTC | 主队列 32/200 发现队列 349/20000 [[fork1]:319 [user0]:30] | Worker 30忙/6闲(83%)
[2026-08-08 11:20:07] [W-30] 🔧 开始处理 [种子仓库] OmiSummy/v2rayNG [种子 128/744]
[2026-08-08 11:20:06] [种子] 🔵 [种子 160/744] ws94666ws/v2rayNG | 配额 4332/4800 03:20UTC | 主队列 34/200 发现队列 345/20000 [[fork1]:315 [user0]:30] | Worker 31忙/5闲(86%)
[2026-08-08 11:20:06] [W-19] 🔧 开始处理 [种子仓库] lwhx/v2rayN [种子 126/744]
[2026-08-08 11:20:07] [W-9] 🔧 开始处理 [fork1] KoysX/vendor_hardware_overlay
[2026-08-08 11:20:06] [W-20] 📝 已处理缓存: dnnykur/vendor_hardware_overlay
[2026-08-08 11:20:07] [W-20] ⏭️ [fork1] 仓库 https://github.com/dnnykur/vendor_hardware_overlay 5274h 未更新，跳过解析（无需追踪）
[2026-08-08 11:20:07] [W-20] ✅ 完成 [fork1] dnnykur/vendor_hardware_overlay | 提取 0 | 新增 0 | 耗时 1s | 配额 4331/4800 03:20UTC | 主队列 33/200 发现队列 342/20000 [[fork1]:312 [user0]:30] | Worker 31忙/5闲(86%)
[2026-08-08 11:20:07] [W-20] 🔧 开始处理 [fork1] fluentmoheshwar/vendor_hardware_overlay
[2026-08-08 11:20:06] [W-7] ✅ 完成 [fork1] Iceows/treble_app | 提取 0 | 新增 0 | 耗时 1s | 配额 4332/4800 03:20UTC | 主队列 34/200 发现队列 345/20000 [[fork1]:315 [user0]:30] | Worker 31忙/5闲(86%)
[2026-08-08 11:20:07] [W-9] 📝 已处理缓存: KoysX/vendor_hardware_overlay
[2026-08-08 11:20:07] [W-9] ⏭️ [fork1] 仓库 https://github.com/KoysX/vendor_hardware_overlay 24120h 未更新，跳过解析（无需追踪）
[2026-08-08 11:20:06] [W-21] 📝 已处理缓存: REvoX-Devices/treble_app
[2026-08-08 11:20:07] [W-20] 📝 已处理缓存: fluentmoheshwar/vendor_hardware_overlay
[2026-08-08 11:20:07] [W-20] ⏭️ [fork1] 仓库 https://github.com/fluentmoheshwar/vendor_hardware_overlay 12535h 未更新，跳过解析（无需追踪）
[2026-08-08 11:20:07] [W-20] ✅ 完成 [fork1] fluentmoheshwar/vendor_hardware_overlay | 提取 0 | 新增 0 | 耗时 0s | 配额 4331/4800 03:20UTC | 主队列 33/200 发现队列 340/20000 [[fork1]:310 [user0]:30] | Worker 31忙/5闲(86%)
[2026-08-08 11:20:07] [W-20] 🔧 开始处理 [fork1] code-fanatic/vendor_hardware_overlay
[2026-08-08 11:20:07] [W-20] 📝 已处理缓存: code-fanatic/vendor_hardware_overlay
[2026-08-08 11:20:07] [W-20] ⏭️ [fork1] 仓库 https://github.com/code-fanatic/vendor_hardware_overlay 1628h 未更新，跳过解析（无需追踪）
[2026-08-08 11:20:07] [W-20] ✅ 完成 [fork1] code-fanatic/vendor_hardware_overlay | 提取 0 | 新增 0 | 耗时 0s | 配额 4331/4800 03:20UTC | 主队列 33/200 发现队列 339/20000 [[fork1]:309 [user0]:30] | Worker 31忙/5闲(86%)
[2026-08-08 11:20:07] [W-20] 🔧 开始处理 [fork1] JohnDrwxzPH/vendor_hardware_overlay
[2026-08-08 11:20:07] [W-20] 📝 已处理缓存: JohnDrwxzPH/vendor_hardware_overlay
[2026-08-08 11:20:07] [W-20] ⏭️ [fork1] 仓库 https://github.com/JohnDrwxzPH/vendor_hardware_overlay 13890h 未更新，跳过解析（无需追踪）
[2026-08-08 11:20:07] [W-20] ✅ 完成 [fork1] JohnDrwxzPH/vendor_hardware_overlay | 提取 0 | 新增 0 | 耗时 0s | 配额 4331/4800 03:20UTC | 主队列 33/200 发现队列 338/20000 [[fork1]:308 [user0]:30] | Worker 31忙/5闲(86%)
[2026-08-08 11:20:07] [W-20] 🔧 开始处理 [fork1] devx023/vendor_hardware_overlay
[2026-08-08 11:20:07] [W-20] 📝 已处理缓存: devx023/vendor_hardware_overlay
[2026-08-08 11:20:07] [W-20] ⏭️ [fork1] 仓库 https://github.com/devx023/vendor_hardware_overlay 10435h 未更新，跳过解析（无需追踪）
[2026-08-08 11:20:07] [W-20] ✅ 完成 [fork1] devx023/vendor_hardware_overlay | 提取 0 | 新增 0 | 耗时 0s | 配额 4331/4800 03:20UTC | 主队列 33/200 发现队列 337/20000 [[fork1]:307 [user0]:30] | Worker 31忙/5闲(86%)
[2026-08-08 11:20:07] [W-20] 🔧 开始处理 [fork1] abrohim0786/vendor_hardware_overlay
[2026-08-08 11:20:07] [W-20] 📝 已处理缓存: abrohim0786/vendor_hardware_overlay
[2026-08-08 11:20:07] [W-20] ⏭️ [fork1] 仓库 https://github.com/abrohim0786/vendor_hardware_overlay 8928h 未更新，跳过解析（无需追踪）
[2026-08-08 11:20:07] [W-20] ✅ 完成 [fork1] abrohim0786/vendor_hardware_overlay | 提取 0 | 新增 0 | 耗时 0s | 配额 4331/4800 03:20UTC | 主队列 33/200 发现队列 336/20000 [[fork1]:306 [user0]:30] | Worker 31忙/5闲(86%)
[2026-08-08 11:20:07] [W-20] 🔧 开始处理 [fork1] monsiu/vendor_hardware_overlay
[2026-08-08 11:20:07] [W-20] 📝 已处理缓存: monsiu/vendor_hardware_overlay
[2026-08-08 11:20:07] [W-20] ⏭️ [fork1] 仓库 https://github.com/monsiu/vendor_hardware_overlay 17155h 未更新，跳过解析（无需追踪）
[2026-08-08 11:20:07] [W-25] ⏭️ [种子仓库] 仓库 https://github.com/selenologist99/v2rayN 已解析，跳过解析（无需追踪）
[2026-08-08 11:20:07] [W-21] ⏭️ [fork1] 仓库 https://github.com/REvoX-Devices/treble_app 22866h 未更新，跳过解析（无需追踪）
[2026-08-08 11:20:08] [W-21] ✅ 完成 [fork1] REvoX-Devices/treble_app | 提取 0 | 新增 0 | 耗时 2s | 配额 4331/4800 03:20UTC | 主队列 33/200 发现队列 335/20000 [[fork1]:305 [user0]:30] | Worker 31忙/5闲(86%)
[2026-08-08 11:20:08] [W-21] 🔧 开始处理 [fork1] rbacidtech/vendor_hardware_overlay
[2026-08-08 11:20:08] [W-25] ✅ 完成 [种子仓库] selenologist99/v2rayN [种子 123/744] | 提取 0 | 新增 0 | 耗时 2s | 配额 4331/4800 03:20UTC | 主队列 33/200 发现队列 335/20000 [[fork1]:305 [user0]:30] | Worker 31忙/5闲(86%)
[2026-08-08 11:20:07] [W-7] 🔧 开始处理 [fork1] Kimmon322/vendor_hardware_overlay
[2026-08-08 11:20:07] [W-9] ✅ 完成 [fork1] KoysX/vendor_hardware_overlay | 提取 0 | 新增 0 | 耗时 0s | 配额 4331/4800 03:20UTC | 主队列 33/200 发现队列 340/20000 [[fork1]:310 [user0]:30] | Worker 30忙/6闲(83%)
[2026-08-08 11:20:09] [W-9] 🔧 开始处理 [fork1] kevios12/vendor_hardware_overlay
[2026-08-08 11:20:07] [W-20] ✅ 完成 [fork1] monsiu/vendor_hardware_overlay | 提取 0 | 新增 0 | 耗时 0s | 配额 4331/4800 03:20UTC | 主队列 33/200 发现队列 335/20000 [[fork1]:305 [user0]:30] | Worker 31忙/5闲(86%)
[2026-08-08 11:20:09] [W-20] 🔧 开始处理 [fork1] offbeat-stuff/vendor_hardware_overlay
[2026-08-08 11:20:09] [W-20] 📝 已处理缓存: offbeat-stuff/vendor_hardware_overlay
[2026-08-08 11:20:09] [W-20] ⏭️ [fork1] 仓库 https://github.com/offbeat-stuff/vendor_hardware_overlay 11078h 未更新，跳过解析（无需追踪）
[2026-08-08 11:20:09] [W-20] ✅ 完成 [fork1] offbeat-stuff/vendor_hardware_overlay | 提取 0 | 新增 0 | 耗时 0s | 配额 4325/4800 03:20UTC | 主队列 33/200 发现队列 331/20000 [[fork1]:301 [user0]:30] | Worker 31忙/5闲(86%)
[2026-08-08 11:20:08] [W-25] 🔧 开始处理 [fork1] DarkestSpawn/vendor_hardware_overlay
[2026-08-08 11:20:08] [W-30] [种子仓库] 仓库 https://github.com/OmiSummy/v2rayNG (分支: master, size: 235535KB, pushed: 2026-08-07T18:25:13Z)
[2026-08-08 11:20:09] [W-21] 📝 已处理缓存: rbacidtech/vendor_hardware_overlay
[2026-08-08 11:20:09] [W-21] ⏭️ [fork1] 仓库 https://github.com/rbacidtech/vendor_hardware_overlay 19650h 未更新，跳过解析（无需追踪）
[2026-08-08 11:20:09] [W-19] ⏭️ [种子仓库] 仓库 https://github.com/lwhx/v2rayN 已解析，跳过解析（无需追踪）
[2026-08-08 11:20:09] [W-19] ✅ 完成 [种子仓库] lwhx/v2rayN [种子 126/744] | 提取 0 | 新增 0 | 耗时 3s | 配额 4324/4800 03:20UTC | 主队列 33/200 发现队列 330/20000 [[fork1]:300 [user0]:30] | Worker 31忙/5闲(86%)
[2026-08-08 11:20:08] [W-27] 📝 已处理缓存: EZ-302/treble_app
[2026-08-08 11:20:09] [W-27] ⏭️ [fork1] 仓库 https://github.com/EZ-302/treble_app 14271h 未更新，跳过解析（无需追踪）
[2026-08-08 11:20:09] [W-27] ✅ 完成 [fork1] EZ-302/treble_app | 提取 0 | 新增 0 | 耗时 3s | 配额 4324/4800 03:20UTC | 主队列 33/200 发现队列 329/20000 [[fork1]:299 [user0]:30] | Worker 31忙/5闲(86%)
[2026-08-08 11:20:09] [W-25] 📝 已处理缓存: DarkestSpawn/vendor_hardware_overlay
[2026-08-08 11:20:09] [W-25] ⏭️ [fork1] 仓库 https://github.com/DarkestSpawn/vendor_hardware_overlay 7348h 未更新，跳过解析（无需追踪）
[2026-08-08 11:20:08] [W-13] ⏭️ [种子仓库] 仓库 https://github.com/chizee/v2rayN 已解析，跳过解析（无需追踪）
[2026-08-08 11:20:09] [W-13] ✅ 完成 [种子仓库] chizee/v2rayN [种子 125/744] | 提取 0 | 新增 0 | 耗时 4s | 配额 4324/4800 03:20UTC | 主队列 33/200 发现队列 328/20000 [[fork1]:298 [user0]:30] | Worker 31忙/5闲(86%)
[2026-08-08 11:20:09] [W-19] 🔧 开始处理 [fork1] SKOCHE/vendor_hardware_overlay
[2026-08-08 11:20:08] [W-18] 📝 已处理缓存: GalaxyA20s/vendor_hardware_overlay
[2026-08-08 11:20:08] [W-6] ⏭️ [种子仓库] 仓库 https://github.com/Orynomnix/v2rayN 已解析，跳过解析（无需追踪）
[2026-08-08 11:20:09] [W-6] ✅ 完成 [种子仓库] Orynomnix/v2rayN [种子 127/744] | 提取 0 | 新增 0 | 耗时 2s | 配额 4324/4800 03:20UTC | 主队列 33/200 发现队列 327/20000 [[fork1]:297 [user0]:30] | Worker 30忙/6闲(83%)
[2026-08-08 11:20:09] [W-6] 🔧 开始处理 [fork1] yuztra/vendor_hardware_overlay
[2026-08-08 11:20:09] [W-21] ✅ 完成 [fork1] rbacidtech/vendor_hardware_overlay | 提取 0 | 新增 0 | 耗时 1s | 配额 4324/4800 03:20UTC | 主队列 33/200 发现队列 330/20000 [[fork1]:300 [user0]:30] | Worker 31忙/5闲(86%)
[2026-08-08 11:20:09] [W-27] 🔧 开始处理 [fork1] Lesano/vendor_hardware_overlay_sea
[2026-08-08 11:20:09] [W-18] ⏭️ [fork1] 仓库 https://github.com/GalaxyA20s/vendor_hardware_overlay 13193h 未更新，跳过解析（无需追踪）
[2026-08-08 11:20:09] [W-18] ✅ 完成 [fork1] GalaxyA20s/vendor_hardware_overlay | 提取 0 | 新增 0 | 耗时 3s | 配额 4324/4800 03:20UTC | 主队列 33/200 发现队列 325/20000 [[fork1]:295 [user0]:30] | Worker 31忙/5闲(86%)
[2026-08-08 11:20:09] [W-18] 🔧 开始处理 [种子仓库] iswhat/v2rayNG [种子 129/744]
[2026-08-08 11:20:09] [W-20] 🔧 开始处理 [fork1] kodeaqua/vendor_hardware_overlay
[2026-08-08 11:20:09] [W-20] 📝 已处理缓存: kodeaqua/vendor_hardware_overlay
[2026-08-08 11:20:09] [W-20] ⏭️ [fork1] 仓库 https://github.com/kodeaqua/vendor_hardware_overlay 11034h 未更新，跳过解析（无需追踪）
[2026-08-08 11:20:09] [W-20] ✅ 完成 [fork1] kodeaqua/vendor_hardware_overlay | 提取 0 | 新增 0 | 耗时 1s | 配额 4324/4800 03:20UTC | 主队列 32/200 发现队列 325/20000 [[fork1]:295 [user0]:30] | Worker 31忙/5闲(86%)
[2026-08-08 11:20:09] [W-20] 🔧 开始处理 [fork1] voquynh-99/vendor_hardware_overlay
[2026-08-08 11:20:09] [W-20] 📝 已处理缓存: voquynh-99/vendor_hardware_overlay
[2026-08-08 11:20:09] [W-13] 🔧 开始处理 [fork1] Bruhtek/vendor_hardware_overlay
[2026-08-08 11:20:09] [W-6] 📝 已处理缓存: yuztra/vendor_hardware_overlay
[2026-08-08 11:20:10] [W-6] ⏭️ [fork1] 仓库 https://github.com/yuztra/vendor_hardware_overlay 8691h 未更新，跳过解析（无需追踪）
[2026-08-08 11:20:09] [W-27] 📝 已处理缓存: Lesano/vendor_hardware_overlay_sea
[2026-08-08 11:20:10] [W-27] ⏭️ [fork1] 仓库 https://github.com/Lesano/vendor_hardware_overlay_sea 8358h 未更新，跳过解析（无需追踪）
[2026-08-08 11:20:10] [W-27] ✅ 完成 [fork1] Lesano/vendor_hardware_overlay_sea | 提取 0 | 新增 0 | 耗时 1s | 配额 4324/4800 03:20UTC | 主队列 32/200 发现队列 324/20000 [[fork1]:294 [user0]:30] | Worker 31忙/5闲(86%)
[2026-08-08 11:20:10] [W-27] 🔧 开始处理 [fork1] bxiehq/vendor_hardware_overlay
[2026-08-08 11:20:09] [W-25] ✅ 完成 [fork1] DarkestSpawn/vendor_hardware_overlay | 提取 0 | 新增 0 | 耗时 1s | 配额 4324/4800 03:20UTC | 主队列 33/200 发现队列 328/20000 [[fork1]:298 [user0]:30] | Worker 31忙/5闲(86%)
[2026-08-08 11:20:10] [W-25] 🔧 开始处理 [fork1] u719k1/vendor_hardware_overlay
[2026-08-08 11:20:09] [W-21] 🔧 开始处理 [fork1] kurtbahartr/vendor_hardware_overlay
[2026-08-08 11:20:10] [W-21] 📝 已处理缓存: kurtbahartr/vendor_hardware_overlay
[2026-08-08 11:20:10] [W-21] ⏭️ [fork1] 仓库 https://github.com/kurtbahartr/vendor_hardware_overlay 10521h 未更新，跳过解析（无需追踪）
[2026-08-08 11:20:09] [W-20] ⏭️ [fork1] 仓库 https://github.com/voquynh-99/vendor_hardware_overlay 9976h 未更新，跳过解析（无需追踪）
[2026-08-08 11:20:10] [W-20] ✅ 完成 [fork1] voquynh-99/vendor_hardware_overlay | 提取 0 | 新增 0 | 耗时 1s | 配额 4324/4800 03:20UTC | 主队列 32/200 发现队列 322/20000 [[fork1]:292 [user0]:30] | Worker 31忙/5闲(86%)
[2026-08-08 11:20:10] [W-20] 🔧 开始处理 [fork1] lopestom/vendor_hardware_overlay
[2026-08-08 11:20:10] [W-20] 📝 已处理缓存: lopestom/vendor_hardware_overlay
[2026-08-08 11:20:10] [W-20] ⏭️ [fork1] 仓库 https://github.com/lopestom/vendor_hardware_overlay 9793h 未更新，跳过解析（无需追踪）
[2026-08-08 11:20:10] [W-20] ✅ 完成 [fork1] lopestom/vendor_hardware_overlay | 提取 0 | 新增 0 | 耗时 0s | 配额 4324/4800 03:20UTC | 主队列 32/200 发现队列 321/20000 [[fork1]:291 [user0]:30] | Worker 31忙/5闲(86%)
[2026-08-08 11:20:10] [W-20] 🔧 开始处理 [fork1] StarPikicito/vendor_hardware_overlay
[2026-08-08 11:20:10] [W-20] 📝 已处理缓存: StarPikicito/vendor_hardware_overlay
[2026-08-08 11:20:10] [W-20] ⏭️ [fork1] 仓库 https://github.com/StarPikicito/vendor_hardware_overlay 9647h 未更新，跳过解析（无需追踪）
[2026-08-08 11:20:10] [W-20] ✅ 完成 [fork1] StarPikicito/vendor_hardware_overlay | 提取 0 | 新增 0 | 耗时 0s | 配额 4324/4800 03:20UTC | 主队列 32/200 发现队列 320/20000 [[fork1]:290 [user0]:30] | Worker 31忙/5闲(86%)
[2026-08-08 11:20:10] [W-20] 🔧 开始处理 [fork1] vimeca/vendor_hardware_overlay
[2026-08-08 11:20:10] [W-6] ✅ 完成 [fork1] yuztra/vendor_hardware_overlay | 提取 0 | 新增 0 | 耗时 0s | 配额 4324/4800 03:20UTC | 主队列 32/200 发现队列 324/20000 [[fork1]:294 [user0]:30] | Worker 31忙/5闲(86%)
[2026-08-08 11:20:10] [W-6] 🔧 开始处理 [fork1] ST-GUEST/vendor_hardware_overlay
[2026-08-08 11:20:10] [W-6] 📝 已处理缓存: ST-GUEST/vendor_hardware_overlay
[2026-08-08 11:20:10] [W-6] ⏭️ [fork1] 仓库 https://github.com/ST-GUEST/vendor_hardware_overlay 8404h 未更新，跳过解析（无需追踪）
[2026-08-08 11:20:10] [W-6] ✅ 完成 [fork1] ST-GUEST/vendor_hardware_overlay | 提取 0 | 新增 0 | 耗时 0s | 配额 4324/4800 03:20UTC | 主队列 32/200 发现队列 318/20000 [[fork1]:288 [user0]:30] | Worker 31忙/5闲(86%)
[2026-08-08 11:20:10] [W-6] 🔧 开始处理 [fork1] 055110/cph2325-vho
[2026-08-08 11:20:10] [W-21] ✅ 完成 [fork1] kurtbahartr/vendor_hardware_overlay | 提取 0 | 新增 0 | 耗时 0s | 配额 4324/4800 03:20UTC | 主队列 32/200 发现队列 322/20000 [[fork1]:292 [user0]:30] | Worker 31忙/5闲(86%)
[2026-08-08 11:20:10] [W-21] 🔧 开始处理 [fork1] thequantumcog/vendor_hardware_overlay
[2026-08-08 11:20:10] [W-21] 📝 已处理缓存: thequantumcog/vendor_hardware_overlay
[2026-08-08 11:20:10] [W-21] ⏭️ [fork1] 仓库 https://github.com/thequantumcog/vendor_hardware_overlay 9404h 未更新，跳过解析（无需追踪）
[2026-08-08 11:20:10] [W-21] ✅ 完成 [fork1] thequantumcog/vendor_hardware_overlay | 提取 0 | 新增 0 | 耗时 0s | 配额 4324/4800 03:20UTC | 主队列 32/200 发现队列 316/20000 [[fork1]:286 [user0]:30] | Worker 31忙/5闲(86%)
[2026-08-08 11:20:10] [W-21] 🔧 开始处理 [fork1] unnamed-firmware/vendor_hardware_overlay
[2026-08-08 11:20:10] [W-21] 📝 已处理缓存: unnamed-firmware/vendor_hardware_overlay
[2026-08-08 11:20:10] [W-21] ⏭️ [fork1] 仓库 https://github.com/unnamed-firmware/vendor_hardware_overlay 9318h 未更新，跳过解析（无需追踪）
[2026-08-08 11:20:10] [W-21] ✅ 完成 [fork1] unnamed-firmware/vendor_hardware_overlay | 提取 0 | 新增 0 | 耗时 0s | 配额 4324/4800 03:20UTC | 主队列 32/200 发现队列 315/20000 [[fork1]:285 [user0]:30] | Worker 31忙/5闲(86%)
[2026-08-08 11:20:10] [W-21] 🔧 开始处理 [fork1] cyonah/vendor_hardware_overlay
[2026-08-08 11:20:10] [W-7] 📝 已处理缓存: Kimmon322/vendor_hardware_overlay
[2026-08-08 11:20:10] [W-7] ⏭️ [fork1] 仓库 https://github.com/Kimmon322/vendor_hardware_overlay 13664h 未更新，跳过解析（无需追踪）
[2026-08-08 11:20:10] [W-7] ✅ 完成 [fork1] Kimmon322/vendor_hardware_overlay | 提取 0 | 新增 0 | 耗时 3s | 配额 4323/4800 03:20UTC | 主队列 32/200 发现队列 314/20000 [[fork1]:284 [user0]:30] | Worker 31忙/5闲(86%)
[2026-08-08 11:20:10] [W-7] 🔧 开始处理 [fork1] DevHamid/vendor_hardware_overlay
[2026-08-08 11:20:10] [W-7] 📝 已处理缓存: DevHamid/vendor_hardware_overlay
[2026-08-08 11:20:10] [W-7] ⏭️ [fork1] 仓库 https://github.com/DevHamid/vendor_hardware_overlay 8476h 未更新，跳过解析（无需追踪）
[2026-08-08 11:20:10] [W-7] ✅ 完成 [fork1] DevHamid/vendor_hardware_overlay | 提取 0 | 新增 0 | 耗时 0s | 配额 4323/4800 03:20UTC | 主队列 32/200 发现队列 313/20000 [[fork1]:283 [user0]:30] | Worker 31忙/5闲(86%)
[2026-08-08 11:20:10] [W-7] 🔧 开始处理 [fork1] psyKh/vendor_hardware_overlay
[2026-08-08 11:20:10] [W-7] 📝 已处理缓存: psyKh/vendor_hardware_overlay
[2026-08-08 11:20:10] [W-7] ⏭️ [fork1] 仓库 https://github.com/psyKh/vendor_hardware_overlay 8939h 未更新，跳过解析（无需追踪）
[2026-08-08 11:20:10] [W-7] ✅ 完成 [fork1] psyKh/vendor_hardware_overlay | 提取 0 | 新增 0 | 耗时 0s | 配额 4323/4800 03:20UTC | 主队列 32/200 发现队列 312/20000 [[fork1]:282 [user0]:30] | Worker 31忙/5闲(86%)
[2026-08-08 11:20:10] [W-7] 🔧 开始处理 [fork1] VoSed/vendor_hardware_overlay
[2026-08-08 11:20:10] [W-7] 📝 已处理缓存: VoSed/vendor_hardware_overlay
[2026-08-08 11:20:10] [W-7] ⏭️ [fork1] 仓库 https://github.com/VoSed/vendor_hardware_overlay 3857h 未更新，跳过解析（无需追踪）
[2026-08-08 11:20:10] [W-7] ✅ 完成 [fork1] VoSed/vendor_hardware_overlay | 提取 0 | 新增 0 | 耗时 0s | 配额 4323/4800 03:20UTC | 主队列 32/200 发现队列 311/20000 [[fork1]:281 [user0]:30] | Worker 31忙/5闲(86%)
[2026-08-08 11:20:10] [W-7] 🔧 开始处理 [fork1] Heisenberg-tr/vendor_hardware_overlay
[2026-08-08 11:20:10] [W-7] 📝 已处理缓存: Heisenberg-tr/vendor_hardware_overlay
[2026-08-08 11:20:10] [W-7] ⏭️ [fork1] 仓库 https://github.com/Heisenberg-tr/vendor_hardware_overlay 8865h 未更新，跳过解析（无需追踪）
[2026-08-08 11:20:10] [W-7] ✅ 完成 [fork1] Heisenberg-tr/vendor_hardware_overlay | 提取 0 | 新增 0 | 耗时 0s | 配额 4323/4800 03:20UTC | 主队列 32/200 发现队列 310/20000 [[fork1]:280 [user0]:30] | Worker 31忙/5闲(86%)
[2026-08-08 11:20:10] [W-7] 🔧 开始处理 [fork1] ziseon/vendor_hardware_overlay
[2026-08-08 11:20:10] [W-7] 📝 已处理缓存: ziseon/vendor_hardware_overlay
[2026-08-08 11:20:10] [W-7] ⏭️ [fork1] 仓库 https://github.com/ziseon/vendor_hardware_overlay 8836h 未更新，跳过解析（无需追踪）
[2026-08-08 11:20:10] [W-7] ✅ 完成 [fork1] ziseon/vendor_hardware_overlay | 提取 0 | 新增 0 | 耗时 0s | 配额 4323/4800 03:20UTC | 主队列 32/200 发现队列 309/20000 [[fork1]:279 [user0]:30] | Worker 31忙/5闲(86%)
[2026-08-08 11:20:10] [W-7] 🔧 开始处理 [fork1] Amitay2009/vendor_hardware_overlay
[2026-08-08 11:20:10] [W-7] 📝 已处理缓存: Amitay2009/vendor_hardware_overlay
[2026-08-08 11:20:10] [W-7] ⏭️ [fork1] 仓库 https://github.com/Amitay2009/vendor_hardware_overlay 8791h 未更新，跳过解析（无需追踪）
[2026-08-08 11:20:10] [W-7] ✅ 完成 [fork1] Amitay2009/vendor_hardware_overlay | 提取 0 | 新增 0 | 耗时 0s | 配额 4323/4800 03:20UTC | 主队列 32/200 发现队列 308/20000 [[fork1]:278 [user0]:30] | Worker 31忙/5闲(86%)
[2026-08-08 11:20:10] [W-7] 🔧 开始处理 [fork1] AhmetTheDev0725/vendor_hardware_overlay
[2026-08-08 11:20:10] [W-7] 📝 已处理缓存: AhmetTheDev0725/vendor_hardware_overlay
[2026-08-08 11:20:10] [W-7] ⏭️ [fork1] 仓库 https://github.com/AhmetTheDev0725/vendor_hardware_overlay 5726h 未更新，跳过解析（无需追踪）
[2026-08-08 11:20:10] [W-7] ✅ 完成 [fork1] AhmetTheDev0725/vendor_hardware_overlay | 提取 0 | 新增 0 | 耗时 0s | 配额 4323/4800 03:20UTC | 主队列 32/200 发现队列 307/20000 [[fork1]:277 [user0]:30] | Worker 31忙/5闲(86%)
[2026-08-08 11:20:10] [W-7] 🔧 开始处理 [fork1] MP01Experiments/vendor_hardware_overlay
[2026-08-08 11:20:10] [W-7] 📝 已处理缓存: MP01Experiments/vendor_hardware_overlay
[2026-08-08 11:20:10] [W-7] ⏭️ [fork1] 仓库 https://github.com/MP01Experiments/vendor_hardware_overlay 8653h 未更新，跳过解析（无需追踪）
[2026-08-08 11:20:10] [W-7] ✅ 完成 [fork1] MP01Experiments/vendor_hardware_overlay | 提取 0 | 新增 0 | 耗时 0s | 配额 4323/4800 03:20UTC | 主队列 32/200 发现队列 306/20000 [[fork1]:276 [user0]:30] | Worker 31忙/5闲(86%)
[2026-08-08 11:20:10] [W-7] 🔧 开始处理 [fork1] maxsteeel/vendor_hardware_overlay
[2026-08-08 11:20:10] [W-9] 📝 已处理缓存: kevios12/vendor_hardware_overlay
[2026-08-08 11:20:10] [W-9] ⏭️ [fork1] 仓库 https://github.com/kevios12/vendor_hardware_overlay 11250h 未更新，跳过解析（无需追踪）
[2026-08-08 11:20:10] [W-9] ✅ 完成 [fork1] kevios12/vendor_hardware_overlay | 提取 0 | 新增 0 | 耗时 2s | 配额 4322/4800 03:20UTC | 主队列 32/200 发现队列 305/20000 [[fork1]:275 [user0]:30] | Worker 31忙/5闲(86%)
[2026-08-08 11:20:10] [W-9] 🔧 开始处理 [fork1] alejomax/vendor_hardware_overlay
[2026-08-08 11:20:11] [W-18] [种子仓库] 仓库 https://github.com/iswhat/v2rayNG (分支: master, size: 36676KB, pushed: 2026-08-07T18:24:06Z)
[2026-08-08 11:20:11] [W-25] 📝 已处理缓存: u719k1/vendor_hardware_overlay
[2026-08-08 11:20:11] [W-25] ⏭️ [fork1] 仓库 https://github.com/u719k1/vendor_hardware_overlay 11250h 未更新，跳过解析（无需追踪）
[2026-08-08 11:20:11] [W-25] ✅ 完成 [fork1] u719k1/vendor_hardware_overlay | 提取 0 | 新增 0 | 耗时 1s | 配额 4320/4800 03:20UTC | 主队列 32/200 发现队列 304/20000 [[fork1]:274 [user0]:30] | Worker 31忙/5闲(86%)
[2026-08-08 11:20:11] [W-25] 🔧 开始处理 [fork1] honhan0904/vendor_hardware_overlay
[2026-08-08 11:20:11] [W-13] 📝 已处理缓存: Bruhtek/vendor_hardware_overlay
[2026-08-08 11:20:11] [W-13] ⏭️ [fork1] 仓库 https://github.com/Bruhtek/vendor_hardware_overlay 11250h 未更新，跳过解析（无需追踪）
[2026-08-08 11:20:11] [W-13] ✅ 完成 [fork1] Bruhtek/vendor_hardware_overlay | 提取 0 | 新增 0 | 耗时 1s | 配额 4319/4800 03:20UTC | 主队列 32/200 发现队列 303/20000 [[fork1]:273 [user0]:30] | Worker 31忙/5闲(86%)
[2026-08-08 11:20:11] [W-13] 🔧 开始处理 [fork1] diamantexv01/vendor_hardware_overlay
[2026-08-08 11:20:11] [W-19] 📝 已处理缓存: SKOCHE/vendor_hardware_overlay
[2026-08-08 11:20:11] [W-19] ⏭️ [fork1] 仓库 https://github.com/SKOCHE/vendor_hardware_overlay 11250h 未更新，跳过解析（无需追踪）
[2026-08-08 11:20:11] [W-19] ✅ 完成 [fork1] SKOCHE/vendor_hardware_overlay | 提取 0 | 新增 0 | 耗时 2s | 配额 4318/4800 03:20UTC | 主队列 32/200 发现队列 302/20000 [[fork1]:272 [user0]:30] | Worker 31忙/5闲(86%)
[2026-08-08 11:20:11] [W-19] 🔧 开始处理 [fork1] ashstone-dev/vendor_hardware_overlay
[2026-08-08 11:20:11] [W-6] 📝 已处理缓存: 055110/cph2325-vho
[2026-08-08 11:20:11] [W-6] ⏭️ [fork1] 仓库 https://github.com/055110/cph2325-vho 9637h 未更新，跳过解析（无需追踪）
[2026-08-08 11:20:11] [W-6] ✅ 完成 [fork1] 055110/cph2325-vho | 提取 0 | 新增 0 | 耗时 1s | 配额 4317/4800 03:20UTC | 主队列 32/200 发现队列 301/20000 [[fork1]:271 [user0]:30] | Worker 31忙/5闲(86%)
[2026-08-08 11:20:11] [W-6] 🔧 开始处理 [fork1] unik2002/Hot-30i-gsi_hardware_overlay
[2026-08-08 11:20:11] [W-27] 📝 已处理缓存: bxiehq/vendor_hardware_overlay
[2026-08-08 11:20:11] [W-27] ⏭️ [fork1] 仓库 https://github.com/bxiehq/vendor_hardware_overlay 11250h 未更新，跳过解析（无需追踪）
[2026-08-08 11:20:11] [W-27] ✅ 完成 [fork1] bxiehq/vendor_hardware_overlay | 提取 0 | 新增 0 | 耗时 2s | 配额 4316/4800 03:20UTC | 主队列 32/200 发现队列 300/20000 [[fork1]:270 [user0]:30] | Worker 31忙/5闲(86%)
[2026-08-08 11:20:11] [W-27] 🔧 开始处理 [fork1] hancci17-max/vendor_hardware_overlay
[2026-08-08 11:20:11] [W-21] 📝 已处理缓存: cyonah/vendor_hardware_overlay
[2026-08-08 11:20:11] [W-21] ⏭️ [fork1] 仓库 https://github.com/cyonah/vendor_hardware_overlay 9637h 未更新，跳过解析（无需追踪）
[2026-08-08 11:20:11] [W-21] ✅ 完成 [fork1] cyonah/vendor_hardware_overlay | 提取 0 | 新增 0 | 耗时 1s | 配额 4315/4800 03:20UTC | 主队列 32/200 发现队列 299/20000 [[fork1]:269 [user0]:30] | Worker 31忙/5闲(86%)
[2026-08-08 11:20:11] [W-21] 🔧 开始处理 [fork1] yoro1836/vendor_hardware_overlay
[2026-08-08 11:20:11] [W-21] 📝 已处理缓存: yoro1836/vendor_hardware_overlay
[2026-08-08 11:20:11] [W-21] ⏭️ [fork1] 仓库 https://github.com/yoro1836/vendor_hardware_overlay 5342h 未更新，跳过解析（无需追踪）
[2026-08-08 11:20:11] [W-21] ✅ 完成 [fork1] yoro1836/vendor_hardware_overlay | 提取 0 | 新增 0 | 耗时 0s | 配额 4315/4800 03:20UTC | 主队列 32/200 发现队列 298/20000 [[fork1]:268 [user0]:30] | Worker 31忙/5闲(86%)
[2026-08-08 11:20:11] [W-21] 🔧 开始处理 [fork1] Rocket-Space-Discord/vendor_hardware_overlay
[2026-08-08 11:20:11] [W-21] 📝 已处理缓存: Rocket-Space-Discord/vendor_hardware_overlay
[2026-08-08 11:20:11] [W-21] ⏭️ [fork1] 仓库 https://github.com/Rocket-Space-Discord/vendor_hardware_overlay 8281h 未更新，跳过解析（无需追踪）
[2026-08-08 11:20:11] [W-21] ✅ 完成 [fork1] Rocket-Space-Discord/vendor_hardware_overlay | 提取 0 | 新增 0 | 耗时 0s | 配额 4315/4800 03:20UTC | 主队列 32/200 发现队列 297/20000 [[fork1]:267 [user0]:30] | Worker 31忙/5闲(86%)
[2026-08-08 11:20:11] [W-21] 🔧 开始处理 [fork1] suddenBook/vendor_hardware_overlay
[2026-08-08 11:20:11] [W-21] 📝 已处理缓存: suddenBook/vendor_hardware_overlay
[2026-08-08 11:20:11] [W-21] ⏭️ [fork1] 仓库 https://github.com/suddenBook/vendor_hardware_overlay 6689h 未更新，跳过解析（无需追踪）
[2026-08-08 11:20:11] [W-21] ✅ 完成 [fork1] suddenBook/vendor_hardware_overlay | 提取 0 | 新增 0 | 耗时 0s | 配额 4315/4800 03:20UTC | 主队列 32/200 发现队列 296/20000 [[fork1]:266 [user0]:30] | Worker 31忙/5闲(86%)
[2026-08-08 11:20:11] [W-21] 🔧 开始处理 [fork1] PlekDev/vendor_hardware_overlay
[2026-08-08 11:20:11] [W-21] 📝 已处理缓存: PlekDev/vendor_hardware_overlay
[2026-08-08 11:20:11] [W-21] ⏭️ [fork1] 仓库 https://github.com/PlekDev/vendor_hardware_overlay 8163h 未更新，跳过解析（无需追踪）
[2026-08-08 11:20:11] [W-21] ✅ 完成 [fork1] PlekDev/vendor_hardware_overlay | 提取 0 | 新增 0 | 耗时 0s | 配额 4315/4800 03:20UTC | 主队列 32/200 发现队列 295/20000 [[fork1]:265 [user0]:30] | Worker 31忙/5闲(86%)
[2026-08-08 11:20:11] [W-21] 🔧 开始处理 [fork1] kenymccornick/vendor_hardware_overlay
[2026-08-08 11:20:11] [W-21] 📝 已处理缓存: kenymccornick/vendor_hardware_overlay
[2026-08-08 11:20:11] [W-21] ⏭️ [fork1] 仓库 https://github.com/kenymccornick/vendor_hardware_overlay 7760h 未更新，跳过解析（无需追踪）
[2026-08-08 11:20:11] [W-21] ✅ 完成 [fork1] kenymccornick/vendor_hardware_overlay | 提取 0 | 新增 0 | 耗时 0s | 配额 4315/4800 03:20UTC | 主队列 32/200 发现队列 294/20000 [[fork1]:264 [user0]:30] | Worker 31忙/5闲(86%)
[2026-08-08 11:20:11] [W-21] 🔧 开始处理 [fork1] lynkas/vendor_hardware_overlay
[2026-08-08 11:20:11] [W-20] 📝 已处理缓存: vimeca/vendor_hardware_overlay
[2026-08-08 11:20:11] [W-20] ⏭️ [fork1] 仓库 https://github.com/vimeca/vendor_hardware_overlay 9654h 未更新，跳过解析（无需追踪）
[2026-08-08 11:20:11] [W-20] ✅ 完成 [fork1] vimeca/vendor_hardware_overlay | 提取 0 | 新增 0 | 耗时 1s | 配额 4314/4800 03:20UTC | 主队列 32/200 发现队列 293/20000 [[fork1]:263 [user0]:30] | Worker 31忙/5闲(86%)
[2026-08-08 11:20:11] [W-20] 🔧 开始处理 [fork1] GabrielCavalierilitez/vendor_hardware_overlay
[2026-08-08 11:20:11] [W-20] 📝 已处理缓存: GabrielCavalierilitez/vendor_hardware_overlay
[2026-08-08 11:20:11] [W-20] ⏭️ [fork1] 仓库 https://github.com/GabrielCavalierilitez/vendor_hardware_overlay 7442h 未更新，跳过解析（无需追踪）
[2026-08-08 11:20:11] [W-20] ✅ 完成 [fork1] GabrielCavalierilitez/vendor_hardware_overlay | 提取 0 | 新增 0 | 耗时 0s | 配额 4314/4800 03:20UTC | 主队列 32/200 发现队列 292/20000 [[fork1]:262 [user0]:30] | Worker 31忙/5闲(86%)
[2026-08-08 11:20:11] [W-20] 🔧 开始处理 [fork1] Sadaf-SA/vendor_hardware_overlay
[2026-08-08 11:20:11] [W-25] 📝 已处理缓存: honhan0904/vendor_hardware_overlay
[2026-08-08 11:20:11] [W-25] ⏭️ [fork1] 仓库 https://github.com/honhan0904/vendor_hardware_overlay 8101h 未更新，跳过解析（无需追踪）
[2026-08-08 11:20:11] [W-25] ✅ 完成 [fork1] honhan0904/vendor_hardware_overlay | 提取 0 | 新增 0 | 耗时 1s | 配额 4313/4800 03:20UTC | 主队列 32/200 发现队列 291/20000 [[fork1]:261 [user0]:30] | Worker 31忙/5闲(86%)
[2026-08-08 11:20:11] [W-25] 🔧 开始处理 [fork1] DeathThoughts/vendor_hardware_overlay
[2026-08-08 11:20:11] [W-9] 📝 已处理缓存: alejomax/vendor_hardware_overlay
[2026-08-08 11:20:11] [W-9] ⏭️ [fork1] 仓库 https://github.com/alejomax/vendor_hardware_overlay 8647h 未更新，跳过解析（无需追踪）
[2026-08-08 11:20:11] [W-9] ✅ 完成 [fork1] alejomax/vendor_hardware_overlay | 提取 0 | 新增 0 | 耗时 1s | 配额 4312/4800 03:20UTC | 主队列 32/200 发现队列 290/20000 [[fork1]:260 [user0]:30] | Worker 31忙/5闲(86%)
[2026-08-08 11:20:11] [W-9] 🔧 开始处理 [fork1] Z-fly/vendor_hardware_overlay
[2026-08-08 11:20:11] [W-9] 📝 已处理缓存: Z-fly/vendor_hardware_overlay
[2026-08-08 11:20:11] [W-9] ⏭️ [fork1] 仓库 https://github.com/Z-fly/vendor_hardware_overlay 132h 未更新，跳过解析（无需追踪）
[2026-08-08 11:20:12] [W-9] ✅ 完成 [fork1] Z-fly/vendor_hardware_overlay | 提取 0 | 新增 0 | 耗时 0s | 配额 4312/4800 03:20UTC | 主队列 32/200 发现队列 289/20000 [[fork1]:259 [user0]:30] | Worker 31忙/5闲(86%)
[2026-08-08 11:20:12] [W-9] 🔧 开始处理 [fork1] Jioani/vendor_hardware_overlay
[2026-08-08 11:20:12] [W-7] 📝 已处理缓存: maxsteeel/vendor_hardware_overlay
[2026-08-08 11:20:12] [W-7] ⏭️ [fork1] 仓库 https://github.com/maxsteeel/vendor_hardware_overlay 8647h 未更新，跳过解析（无需追踪）
[2026-08-08 11:20:12] [W-7] ✅ 完成 [fork1] maxsteeel/vendor_hardware_overlay | 提取 0 | 新增 0 | 耗时 2s | 配额 4311/4800 03:20UTC | 主队列 32/200 发现队列 288/20000 [[fork1]:258 [user0]:30] | Worker 31忙/5闲(86%)
[2026-08-08 11:20:12] [W-7] 🔧 开始处理 [fork1] ayusc/vendor_hardware_overlay
[2026-08-08 11:20:12] [W-7] 📝 已处理缓存: ayusc/vendor_hardware_overlay
[2026-08-08 11:20:12] [W-7] ⏭️ [fork1] 仓库 https://github.com/ayusc/vendor_hardware_overlay 343h 未更新，跳过解析（无需追踪）
[2026-08-08 11:20:12] [W-7] ✅ 完成 [fork1] ayusc/vendor_hardware_overlay | 提取 0 | 新增 0 | 耗时 0s | 配额 4311/4800 03:20UTC | 主队列 32/200 发现队列 287/20000 [[fork1]:257 [user0]:30] | Worker 31忙/5闲(86%)
[2026-08-08 11:20:12] [W-7] 🔧 开始处理 [fork1] OaksHere/vendor_hardware_overlay
[2026-08-08 11:20:12] [W-13] 📝 已处理缓存: diamantexv01/vendor_hardware_overlay
[2026-08-08 11:20:12] [W-13] ⏭️ [fork1] 仓库 https://github.com/diamantexv01/vendor_hardware_overlay 8510h 未更新，跳过解析（无需追踪）
[2026-08-08 11:20:12] [W-13] ✅ 完成 [fork1] diamantexv01/vendor_hardware_overlay | 提取 0 | 新增 0 | 耗时 1s | 配额 4310/4800 03:20UTC | 主队列 32/200 发现队列 286/20000 [[fork1]:256 [user0]:30] | Worker 31忙/5闲(86%)
[2026-08-08 11:20:12] [W-13] 🔧 开始处理 [fork1] Martyr041/vendor_hardware_overlay
[2026-08-08 11:20:12] [W-13] 📝 已处理缓存: Martyr041/vendor_hardware_overlay
[2026-08-08 11:20:12] [W-13] ⏭️ [fork1] 仓库 https://github.com/Martyr041/vendor_hardware_overlay 566h 未更新，跳过解析（无需追踪）
[2026-08-08 11:20:12] [W-13] ✅ 完成 [fork1] Martyr041/vendor_hardware_overlay | 提取 0 | 新增 0 | 耗时 0s | 配额 4310/4800 03:20UTC | 主队列 32/200 发现队列 285/20000 [[fork1]:255 [user0]:30] | Worker 31忙/5闲(86%)
[2026-08-08 11:20:12] [W-13] 🔧 开始处理 [fork1] unscathedfrfrcmd/vendor_hardware_overlay
[2026-08-08 11:20:12] [W-13] 📝 已处理缓存: unscathedfrfrcmd/vendor_hardware_overlay
[2026-08-08 11:20:12] [W-13] ⏭️ [fork1] 仓库 https://github.com/unscathedfrfrcmd/vendor_hardware_overlay 616h 未更新，跳过解析（无需追踪）
[2026-08-08 11:20:12] [W-13] ✅ 完成 [fork1] unscathedfrfrcmd/vendor_hardware_overlay | 提取 0 | 新增 0 | 耗时 0s | 配额 4310/4800 03:20UTC | 主队列 32/200 发现队列 284/20000 [[fork1]:254 [user0]:30] | Worker 31忙/5闲(86%)
[2026-08-08 11:20:12] [W-13] 🔧 开始处理 [fork1] clangsdorff/vendor_hardware_overlay
[2026-08-08 11:20:12] [W-21] 📝 已处理缓存: lynkas/vendor_hardware_overlay
[2026-08-08 11:20:12] [W-21] ⏭️ [fork1] 仓库 https://github.com/lynkas/vendor_hardware_overlay 9049h 未更新，跳过解析（无需追踪）
[2026-08-08 11:20:12] [W-21] ✅ 完成 [fork1] lynkas/vendor_hardware_overlay | 提取 0 | 新增 0 | 耗时 1s | 配额 4309/4800 03:20UTC | 主队列 32/200 发现队列 283/20000 [[fork1]:253 [user0]:30] | Worker 31忙/5闲(86%)
[2026-08-08 11:20:12] [W-19] 📝 已处理缓存: ashstone-dev/vendor_hardware_overlay
[2026-08-08 11:20:12] [W-19] ⏭️ [fork1] 仓库 https://github.com/ashstone-dev/vendor_hardware_overlay 8456h 未更新，跳过解析（无需追踪）
[2026-08-08 11:20:12] [W-19] ✅ 完成 [fork1] ashstone-dev/vendor_hardware_overlay | 提取 0 | 新增 0 | 耗时 1s | 配额 4308/4800 03:20UTC | 主队列 31/200 发现队列 283/20000 [[fork1]:253 [user0]:30] | Worker 30忙/6闲(83%)
[2026-08-08 11:20:12] [W-27] 📝 已处理缓存: hancci17-max/vendor_hardware_overlay
[2026-08-08 11:20:12] [W-27] ⏭️ [fork1] 仓库 https://github.com/hancci17-max/vendor_hardware_overlay 8419h 未更新，跳过解析（无需追踪）
[2026-08-08 11:20:12] [W-27] ✅ 完成 [fork1] hancci17-max/vendor_hardware_overlay | 提取 0 | 新增 0 | 耗时 1s | 配额 4307/4800 03:20UTC | 主队列 31/200 发现队列 282/20000 [[fork1]:252 [user0]:30] | Worker 29忙/7闲(80%)
[2026-08-08 11:20:12] [W-20] 📝 已处理缓存: Sadaf-SA/vendor_hardware_overlay
[2026-08-08 11:20:12] [W-20] ⏭️ [fork1] 仓库 https://github.com/Sadaf-SA/vendor_hardware_overlay 9049h 未更新，跳过解析（无需追踪）
[2026-08-08 11:20:12] [W-20] ✅ 完成 [fork1] Sadaf-SA/vendor_hardware_overlay | 提取 0 | 新增 0 | 耗时 1s | 配额 4306/4800 03:20UTC | 主队列 31/200 发现队列 281/20000 [[fork1]:251 [user0]:30] | Worker 28忙/8闲(77%)
[2026-08-08 11:20:12] [W-21] 🔧 开始处理 [种子仓库] cysk003/v2rayNG [种子 130/744]
[2026-08-08 11:20:12] [W-19] 🔧 开始处理 [fork1] ferilagi/trebledroid-vendor_hardware_overlay
[2026-08-08 11:20:12] [W-20] 🔧 开始处理 [fork1] xhorixon/vendor_hardware_overlay
[2026-08-08 11:20:12] [W-27] 🔧 开始处理 [fork1] DaniTheSillyFem/vendor_hardware_overlay
[2026-08-08 11:20:12] [W-27] 📝 已处理缓存: DaniTheSillyFem/vendor_hardware_overlay
[2026-08-08 11:20:12] [W-27] ⏭️ [fork1] 仓库 https://github.com/DaniTheSillyFem/vendor_hardware_overlay 709h 未更新，跳过解析（无需追踪）
[2026-08-08 11:20:12] [W-27] ✅ 完成 [fork1] DaniTheSillyFem/vendor_hardware_overlay | 提取 0 | 新增 0 | 耗时 0s | 配额 4306/4800 03:20UTC | 主队列 31/200 发现队列 280/20000 [[fork1]:250 [user0]:30] | Worker 31忙/5闲(86%)
[2026-08-08 11:20:12] [W-27] 🔧 开始处理 [fork1] ffabhi896-cmyk/vendor_hardware_overlay
[2026-08-08 11:20:12] [W-27] 📝 已处理缓存: ffabhi896-cmyk/vendor_hardware_overlay
[2026-08-08 11:20:12] [W-27] ⏭️ [fork1] 仓库 https://github.com/ffabhi896-cmyk/vendor_hardware_overlay 981h 未更新，跳过解析（无需追踪）
[2026-08-08 11:20:12] [W-27] ✅ 完成 [fork1] ffabhi896-cmyk/vendor_hardware_overlay | 提取 0 | 新增 0 | 耗时 0s | 配额 4306/4800 03:20UTC | 主队列 31/200 发现队列 279/20000 [[fork1]:249 [user0]:30] | Worker 31忙/5闲(86%)
[2026-08-08 11:20:12] [W-27] 🔧 开始处理 [fork1] sunuazizrahayu/doze-off--vendor_hardware_overlay
[2026-08-08 11:20:12] [W-6] 📝 已处理缓存: unik2002/Hot-30i-gsi_hardware_overlay
[2026-08-08 11:20:12] [W-6] ⏭️ [fork1] 仓库 https://github.com/unik2002/Hot-30i-gsi_hardware_overlay 9049h 未更新，跳过解析（无需追踪）
[2026-08-08 11:20:12] [W-6] ✅ 完成 [fork1] unik2002/Hot-30i-gsi_hardware_overlay | 提取 0 | 新增 0 | 耗时 1s | 配额 4305/4800 03:20UTC | 主队列 31/200 发现队列 278/20000 [[fork1]:248 [user0]:30] | Worker 31忙/5闲(86%)
[2026-08-08 11:20:12] [W-6] 🔧 开始处理 [fork1] isaac-asf/vendor_hardware_overlay
[2026-08-08 11:20:12] [W-6] 📝 已处理缓存: isaac-asf/vendor_hardware_overlay
[2026-08-08 11:20:12] [W-6] ⏭️ [fork1] 仓库 https://github.com/isaac-asf/vendor_hardware_overlay 1041h 未更新，跳过解析（无需追踪）
[2026-08-08 11:20:12] [W-6] ✅ 完成 [fork1] isaac-asf/vendor_hardware_overlay | 提取 0 | 新增 0 | 耗时 0s | 配额 4305/4800 03:20UTC | 主队列 31/200 发现队列 277/20000 [[fork1]:247 [user0]:30] | Worker 31忙/5闲(86%)
[2026-08-08 11:20:12] [W-6] 🔧 开始处理 [fork1] ardiandideyashidiq/vendor_hardware_overlay
[2026-08-08 11:20:12] [W-6] 📝 已处理缓存: ardiandideyashidiq/vendor_hardware_overlay
[2026-08-08 11:20:12] [W-6] ⏭️ [fork1] 仓库 https://github.com/ardiandideyashidiq/vendor_hardware_overlay 1148h 未更新，跳过解析（无需追踪）
[2026-08-08 11:20:12] [W-6] ✅ 完成 [fork1] ardiandideyashidiq/vendor_hardware_overlay | 提取 0 | 新增 0 | 耗时 0s | 配额 4305/4800 03:20UTC | 主队列 31/200 发现队列 276/20000 [[fork1]:246 [user0]:30] | Worker 31忙/5闲(86%)
[2026-08-08 11:20:12] [W-6] 🔧 开始处理 [fork1] Draguljche/vendor_hardware_overlay
[2026-08-08 11:20:13] [W-25] 📝 已处理缓存: DeathThoughts/vendor_hardware_overlay
[2026-08-08 11:20:13] [W-25] ⏭️ [fork1] 仓库 https://github.com/DeathThoughts/vendor_hardware_overlay 2645h 未更新，跳过解析（无需追踪）
[2026-08-08 11:20:13] [W-25] ✅ 完成 [fork1] DeathThoughts/vendor_hardware_overlay | 提取 0 | 新增 0 | 耗时 1s | 配额 4304/4800 03:20UTC | 主队列 31/200 发现队列 275/20000 [[fork1]:245 [user0]:30] | Worker 31忙/5闲(86%)
[2026-08-08 11:20:13] [W-25] 🔧 开始处理 [fork1] BoomboxRapsody/vendor_hardware_overlay
[2026-08-08 11:20:13] [W-25] 📝 已处理缓存: BoomboxRapsody/vendor_hardware_overlay
[2026-08-08 11:20:13] [W-25] ⏭️ [fork1] 仓库 https://github.com/BoomboxRapsody/vendor_hardware_overlay 592h 未更新，跳过解析（无需追踪）
[2026-08-08 11:20:13] [W-25] ✅ 完成 [fork1] BoomboxRapsody/vendor_hardware_overlay | 提取 0 | 新增 0 | 耗时 0s | 配额 4304/4800 03:20UTC | 主队列 31/200 发现队列 274/20000 [[fork1]:244 [user0]:30] | Worker 31忙/5闲(86%)
[2026-08-08 11:20:13] [W-25] 🔧 开始处理 [fork1] NishiyamaPedro/vendor_hardware_overlay
[2026-08-08 11:20:13] [W-13] 📝 已处理缓存: clangsdorff/vendor_hardware_overlay
[2026-08-08 11:20:13] [W-13] ⏭️ [fork1] 仓库 https://github.com/clangsdorff/vendor_hardware_overlay 2052h 未更新，跳过解析（无需追踪）
[2026-08-08 11:20:13] [W-13] ✅ 完成 [fork1] clangsdorff/vendor_hardware_overlay | 提取 0 | 新增 0 | 耗时 1s | 配额 4303/4800 03:20UTC | 主队列 31/200 发现队列 273/20000 [[fork1]:243 [user0]:30] | Worker 31忙/5闲(86%)
[2026-08-08 11:20:13] [W-9] 📝 已处理缓存: Jioani/vendor_hardware_overlay
[2026-08-08 11:20:13] [W-9] ⏭️ [fork1] 仓库 https://github.com/Jioani/vendor_hardware_overlay 2052h 未更新，跳过解析（无需追踪）
[2026-08-08 11:20:13] [W-9] ✅ 完成 [fork1] Jioani/vendor_hardware_overlay | 提取 0 | 新增 0 | 耗时 1s | 配额 4302/4800 03:20UTC | 主队列 31/200 发现队列 272/20000 [[fork1]:242 [user0]:30] | Worker 30忙/6闲(83%)
[2026-08-08 11:20:13] [W-9] 🔧 开始处理 [fork1] shmilyhua/vendor_hardware_overlay
[2026-08-08 11:20:13] [W-9] 📝 已处理缓存: shmilyhua/vendor_hardware_overlay
[2026-08-08 11:20:13] [W-9] ⏭️ [fork1] 仓库 https://github.com/shmilyhua/vendor_hardware_overlay 1569h 未更新，跳过解析（无需追踪）
[2026-08-08 11:20:13] [W-9] ✅ 完成 [fork1] shmilyhua/vendor_hardware_overlay | 提取 0 | 新增 0 | 耗时 0s | 配额 4302/4800 03:20UTC | 主队列 31/200 发现队列 271/20000 [[fork1]:241 [user0]:30] | Worker 30忙/6闲(83%)
[2026-08-08 11:20:13] [W-9] 🔧 开始处理 [fork1] yanwh0311/vendor_hardware_overlay
[2026-08-08 11:20:13] [W-9] 📝 已处理缓存: yanwh0311/vendor_hardware_overlay
[2026-08-08 11:20:13] [W-9] ⏭️ [fork1] 仓库 https://github.com/yanwh0311/vendor_hardware_overlay 1773h 未更新，跳过解析（无需追踪）
[2026-08-08 11:20:13] [W-9] ✅ 完成 [fork1] yanwh0311/vendor_hardware_overlay | 提取 0 | 新增 0 | 耗时 0s | 配额 4302/4800 03:20UTC | 主队列 31/200 发现队列 270/20000 [[fork1]:240 [user0]:30] | Worker 30忙/6闲(83%)
[2026-08-08 11:20:13] [W-9] 🔧 开始处理 [fork1] SRE-0/vendor_hardware_overlay
[2026-08-08 11:20:13] [W-13] 🔧 开始处理 [fork1] fndb/vendor_hardware_overlay
[2026-08-08 11:20:13] [W-7] 📝 已处理缓存: OaksHere/vendor_hardware_overlay
[2026-08-08 11:20:13] [W-7] ⏭️ [fork1] 仓库 https://github.com/OaksHere/vendor_hardware_overlay 2052h 未更新，跳过解析（无需追踪）
[2026-08-08 11:20:13] [W-7] ✅ 完成 [fork1] OaksHere/vendor_hardware_overlay | 提取 0 | 新增 0 | 耗时 1s | 配额 4301/4800 03:20UTC | 主队列 31/200 发现队列 269/20000 [[fork1]:239 [user0]:30] | Worker 31忙/5闲(86%)
[2026-08-08 11:20:13] [W-7] 🔧 开始处理 [fork1] changeno/vendor_hardware_overlay
[2026-08-08 11:20:13] [W-19] 📝 已处理缓存: ferilagi/trebledroid-vendor_hardware_overlay
[2026-08-08 11:20:13] [W-19] ⏭️ [fork1] 仓库 https://github.com/ferilagi/trebledroid-vendor_hardware_overlay 694h 未更新，跳过解析（无需追踪）
[2026-08-08 11:20:13] [W-19] ✅ 完成 [fork1] ferilagi/trebledroid-vendor_hardware_overlay | 提取 0 | 新增 0 | 耗时 1s | 配额 4300/4800 03:20UTC | 主队列 31/200 发现队列 268/20000 [[fork1]:238 [user0]:30] | Worker 31忙/5闲(86%)
[2026-08-08 11:20:13] [W-19] 🔧 开始处理 [fork1] lesdieuxx/vendor_hardware_overlay
[2026-08-08 11:20:13] [W-19] 📝 已处理缓存: lesdieuxx/vendor_hardware_overlay
[2026-08-08 11:20:13] [W-19] ⏭️ [fork1] 仓库 https://github.com/lesdieuxx/vendor_hardware_overlay 1984h 未更新，跳过解析（无需追踪）
[2026-08-08 11:20:13] [W-19] ✅ 完成 [fork1] lesdieuxx/vendor_hardware_overlay | 提取 0 | 新增 0 | 耗时 0s | 配额 4300/4800 03:20UTC | 主队列 31/200 发现队列 267/20000 [[fork1]:237 [user0]:30] | Worker 31忙/5闲(86%)
[2026-08-08 11:20:13] [W-19] 🔧 开始处理 [fork1] Helios-Protocol/msgpack-rlp-python
[2026-08-08 11:20:13] [W-19] 📝 已处理缓存: Helios-Protocol/msgpack-rlp-python
[2026-08-08 11:20:13] [W-19] ⏭️ [fork1] 仓库 https://github.com/Helios-Protocol/msgpack-rlp-python 64389h 未更新，跳过解析（无需追踪）
[2026-08-08 11:20:13] [W-19] ✅ 完成 [fork1] Helios-Protocol/msgpack-rlp-python | 提取 0 | 新增 0 | 耗时 0s | 配额 4300/4800 03:20UTC | 主队列 31/200 发现队列 266/20000 [[fork1]:236 [user0]:30] | Worker 31忙/5闲(86%)
[2026-08-08 11:20:13] [W-19] 🔧 开始处理 [fork1] scott2b/msgpack-python
[2026-08-08 11:20:13] [W-19] 📝 已处理缓存: scott2b/msgpack-python
[2026-08-08 11:20:13] [W-19] ⏭️ [fork1] 仓库 https://github.com/scott2b/msgpack-python 130892h 未更新，跳过解析（无需追踪）
[2026-08-08 11:20:13] [W-19] ✅ 完成 [fork1] scott2b/msgpack-python | 提取 0 | 新增 0 | 耗时 0s | 配额 4300/4800 03:20UTC | 主队列 31/200 发现队列 265/20000 [[fork1]:235 [user0]:30] | Worker 31忙/5闲(86%)
[2026-08-08 11:20:13] [W-19] 🔧 开始处理 [fork1] ThomasWaldmann/msgpack-python
[2026-08-08 11:20:13] [W-25] 📝 已处理缓存: NishiyamaPedro/vendor_hardware_overlay
[2026-08-08 11:20:13] [W-25] ⏭️ [fork1] 仓库 https://github.com/NishiyamaPedro/vendor_hardware_overlay 1401h 未更新，跳过解析（无需追踪）
[2026-08-08 11:20:13] [W-25] ✅ 完成 [fork1] NishiyamaPedro/vendor_hardware_overlay | 提取 0 | 新增 0 | 耗时 1s | 配额 4299/4800 03:20UTC | 主队列 31/200 发现队列 264/20000 [[fork1]:234 [user0]:30] | Worker 31忙/5闲(86%)
[2026-08-08 11:20:13] [W-25] 🔧 开始处理 [fork1] lemongine/msgpack-python
[2026-08-08 11:20:13] [W-6] 📝 已处理缓存: Draguljche/vendor_hardware_overlay
[2026-08-08 11:20:13] [W-6] ⏭️ [fork1] 仓库 https://github.com/Draguljche/vendor_hardware_overlay 1164h 未更新，跳过解析（无需追踪）
[2026-08-08 11:20:13] [W-6] ✅ 完成 [fork1] Draguljche/vendor_hardware_overlay | 提取 0 | 新增 0 | 耗时 1s | 配额 4298/4800 03:20UTC | 主队列 31/200 发现队列 263/20000 [[fork1]:233 [user0]:30] | Worker 31忙/5闲(86%)
[2026-08-08 11:20:13] [W-20] 📝 已处理缓存: xhorixon/vendor_hardware_overlay
[2026-08-08 11:20:13] [W-20] ⏭️ [fork1] 仓库 https://github.com/xhorixon/vendor_hardware_overlay 780h 未更新，跳过解析（无需追踪）
[2026-08-08 11:20:13] [W-20] ✅ 完成 [fork1] xhorixon/vendor_hardware_overlay | 提取 0 | 新增 0 | 耗时 1s | 配额 4297/4800 03:20UTC | 主队列 31/200 发现队列 262/20000 [[fork1]:232 [user0]:30] | Worker 31忙/5闲(86%)
[2026-08-08 11:20:13] [W-20] 🔧 开始处理 [fork1] seanpm2001/MSGPack_MSGPack-Python
[2026-08-08 11:20:13] [W-21] [种子仓库] 仓库 https://github.com/cysk003/v2rayNG (分支: master, size: 269253KB, pushed: 2026-08-07T18:23:29Z)
[2026-08-08 11:20:13] [W-27] 📝 已处理缓存: sunuazizrahayu/doze-off--vendor_hardware_overlay
[2026-08-08 11:20:13] [W-27] ⏭️ [fork1] 仓库 https://github.com/sunuazizrahayu/doze-off--vendor_hardware_overlay 1120h 未更新，跳过解析（无需追踪）
[2026-08-08 11:20:14] [W-27] ✅ 完成 [fork1] sunuazizrahayu/doze-off--vendor_hardware_overlay | 提取 0 | 新增 0 | 耗时 1s | 配额 4295/4800 03:20UTC | 主队列 31/200 发现队列 261/20000 [[fork1]:231 [user0]:30] | Worker 31忙/5闲(86%)
[2026-08-08 11:20:14] [W-27] 🔧 开始处理 [种子仓库] Kiterepo/v2rayN-2 [种子 131/744]
[2026-08-08 11:20:14] [W-7] 📝 已处理缓存: changeno/vendor_hardware_overlay
[2026-08-08 11:20:14] [W-7] ⏭️ [fork1] 仓库 https://github.com/changeno/vendor_hardware_overlay 2052h 未更新，跳过解析（无需追踪）
[2026-08-08 11:20:14] [W-7] ✅ 完成 [fork1] changeno/vendor_hardware_overlay | 提取 0 | 新增 0 | 耗时 1s | 配额 4294/4800 03:20UTC | 主队列 30/200 发现队列 261/20000 [[fork1]:231 [user0]:30] | Worker 31忙/5闲(86%)
[2026-08-08 11:20:13] [W-6] 🔧 开始处理 [fork1] lysnikolaou/msgpack-python
[2026-08-08 11:20:14] [W-6] 📝 已处理缓存: lysnikolaou/msgpack-python
[2026-08-08 11:20:14] [W-6] ⏭️ [fork1] 仓库 https://github.com/lysnikolaou/msgpack-python 6902h 未更新，跳过解析（无需追踪）
[2026-08-08 11:20:14] [W-6] ✅ 完成 [fork1] lysnikolaou/msgpack-python | 提取 0 | 新增 0 | 耗时 0s | 配额 4294/4800 03:20UTC | 主队列 29/200 发现队列 261/20000 [[fork1]:231 [user0]:30] | Worker 30忙/6闲(83%)
[2026-08-08 11:20:14] [W-6] 🔧 开始处理 [fork1] SNiTEBoBy/msgpack-python
[2026-08-08 11:20:14] [W-13] 📝 已处理缓存: fndb/vendor_hardware_overlay
[2026-08-08 11:20:14] [W-13] ⏭️ [fork1] 仓库 https://github.com/fndb/vendor_hardware_overlay 2052h 未更新，跳过解析（无需追踪）
[2026-08-08 11:20:14] [W-13] ✅ 完成 [fork1] fndb/vendor_hardware_overlay | 提取 0 | 新增 0 | 耗时 1s | 配额 4293/4800 03:20UTC | 主队列 29/200 发现队列 260/20000 [[fork1]:230 [user0]:30] | Worker 30忙/6闲(83%)
[2026-08-08 11:20:14] [W-7] 🔧 开始处理 [种子仓库] soitun/v2rayN [种子 132/744]
[2026-08-08 11:20:14] [W-13] 🔧 开始处理 [fork1] pierreglaser/msgpack-python
[2026-08-08 11:20:14] [W-9] 📝 已处理缓存: SRE-0/vendor_hardware_overlay
[2026-08-08 11:20:14] [W-9] ⏭️ [fork1] 仓库 https://github.com/SRE-0/vendor_hardware_overlay 2052h 未更新，跳过解析（无需追踪）
[2026-08-08 11:20:14] [W-9] ✅ 完成 [fork1] SRE-0/vendor_hardware_overlay | 提取 0 | 新增 0 | 耗时 1s | 配额 4292/4800 03:20UTC | 主队列 29/200 发现队列 259/20000 [[fork1]:229 [user0]:30] | Worker 31忙/5闲(86%)
[2026-08-08 11:20:14] [W-9] 🔧 开始处理 [fork1] LivInTheLookingGlass/msgpack-python
[2026-08-08 11:20:14] [W-9] 📝 已处理缓存: LivInTheLookingGlass/msgpack-python
[2026-08-08 11:20:14] [W-9] ⏭️ [fork1] 仓库 https://github.com/LivInTheLookingGlass/msgpack-python 69428h 未更新，跳过解析（无需追踪）
[2026-08-08 11:20:14] [W-9] ✅ 完成 [fork1] LivInTheLookingGlass/msgpack-python | 提取 0 | 新增 0 | 耗时 0s | 配额 4292/4800 03:20UTC | 主队列 29/200 发现队列 258/20000 [[fork1]:228 [user0]:30] | Worker 31忙/5闲(86%)
[2026-08-08 11:20:14] [W-9] 🔧 开始处理 [fork1] markwhen/pymsgpack
[2026-08-08 11:20:14] [W-9] 📝 已处理缓存: markwhen/pymsgpack
[2026-08-08 11:20:14] [W-9] ⏭️ [fork1] 仓库 https://github.com/markwhen/pymsgpack 83633h 未更新，跳过解析（无需追踪）
[2026-08-08 11:20:14] [W-9] ✅ 完成 [fork1] markwhen/pymsgpack | 提取 0 | 新增 0 | 耗时 0s | 配额 4292/4800 03:20UTC | 主队列 29/200 发现队列 257/20000 [[fork1]:227 [user0]:30] | Worker 31忙/5闲(86%)
[2026-08-08 11:20:14] [W-9] 🔧 开始处理 [fork1] palaviv/msgpack-python
[2026-08-08 11:20:14] [W-9] 📝 已处理缓存: palaviv/msgpack-python
[2026-08-08 11:20:14] [W-9] ⏭️ [fork1] 仓库 https://github.com/palaviv/msgpack-python 91910h 未更新，跳过解析（无需追踪）
[2026-08-08 11:20:14] [W-9] ✅ 完成 [fork1] palaviv/msgpack-python | 提取 0 | 新增 0 | 耗时 0s | 配额 4292/4800 03:20UTC | 主队列 29/200 发现队列 256/20000 [[fork1]:226 [user0]:30] | Worker 31忙/5闲(86%)
[2026-08-08 11:20:14] [W-9] 🔧 开始处理 [fork1] frsyuki/msgpack-python
[2026-08-08 11:20:14] [W-9] 📝 已处理缓存: frsyuki/msgpack-python
[2026-08-08 11:20:14] [W-9] ⏭️ [fork1] 仓库 https://github.com/frsyuki/msgpack-python 92669h 未更新，跳过解析（无需追踪）
[2026-08-08 11:20:14] [W-9] ✅ 完成 [fork1] frsyuki/msgpack-python | 提取 0 | 新增 0 | 耗时 0s | 配额 4292/4800 03:20UTC | 主队列 29/200 发现队列 255/20000 [[fork1]:225 [user0]:30] | Worker 31忙/5闲(86%)
[2026-08-08 11:20:14] [W-9] 🔧 开始处理 [fork1] Vayu/msgpack-python
[2026-08-08 11:20:14] [W-9] 📝 已处理缓存: Vayu/msgpack-python
[2026-08-08 11:20:14] [W-9] ⏭️ [fork1] 仓库 https://github.com/Vayu/msgpack-python 93268h 未更新，跳过解析（无需追踪）
[2026-08-08 11:20:14] [W-9] ✅ 完成 [fork1] Vayu/msgpack-python | 提取 0 | 新增 0 | 耗时 0s | 配额 4292/4800 03:20UTC | 主队列 29/200 发现队列 254/20000 [[fork1]:224 [user0]:30] | Worker 31忙/5闲(86%)
[2026-08-08 11:20:14] [W-9] 🔧 开始处理 [fork1] idobatter/msgpack-python
[2026-08-08 11:20:14] [W-9] 📝 已处理缓存: idobatter/msgpack-python
[2026-08-08 11:20:14] [W-9] ⏭️ [fork1] 仓库 https://github.com/idobatter/msgpack-python 112186h 未更新，跳过解析（无需追踪）
[2026-08-08 11:20:14] [W-9] ✅ 完成 [fork1] idobatter/msgpack-python | 提取 0 | 新增 0 | 耗时 0s | 配额 4292/4800 03:20UTC | 主队列 29/200 发现队列 253/20000 [[fork1]:223 [user0]:30] | Worker 31忙/5闲(86%)
[2026-08-08 11:20:14] [W-9] 🔧 开始处理 [fork1] alex/msgpack-python
[2026-08-08 11:20:14] [W-9] 📝 已处理缓存: alex/msgpack-python
[2026-08-08 11:20:14] [W-9] ⏭️ [fork1] 仓库 https://github.com/alex/msgpack-python 72864h 未更新，跳过解析（无需追踪）
[2026-08-08 11:20:14] [W-9] ✅ 完成 [fork1] alex/msgpack-python | 提取 0 | 新增 0 | 耗时 0s | 配额 4292/4800 03:20UTC | 主队列 29/200 发现队列 252/20000 [[fork1]:222 [user0]:30] | Worker 31忙/5闲(86%)
[2026-08-08 11:20:14] [W-9] 🔧 开始处理 [fork1] geoffsalmon/msgpack-python
[2026-08-08 11:20:14] [W-9] 📝 已处理缓存: geoffsalmon/msgpack-python
[2026-08-08 11:20:14] [W-9] ⏭️ [fork1] 仓库 https://github.com/geoffsalmon/msgpack-python 130718h 未更新，跳过解析（无需追踪）
[2026-08-08 11:20:14] [W-9] ✅ 完成 [fork1] geoffsalmon/msgpack-python | 提取 0 | 新增 0 | 耗时 0s | 配额 4292/4800 03:20UTC | 主队列 29/200 发现队列 251/20000 [[fork1]:221 [user0]:30] | Worker 31忙/5闲(86%)
[2026-08-08 11:20:14] [W-19] 📝 已处理缓存: ThomasWaldmann/msgpack-python
[2026-08-08 11:20:14] [W-19] ⏭️ [fork1] 仓库 https://github.com/ThomasWaldmann/msgpack-python 63h 未更新，跳过解析（无需追踪）
[2026-08-08 11:20:14] [W-19] ✅ 完成 [fork1] ThomasWaldmann/msgpack-python | 提取 0 | 新增 0 | 耗时 1s | 配额 4291/4800 03:20UTC | 主队列 29/200 发现队列 250/20000 [[fork1]:220 [user0]:30] | Worker 31忙/5闲(86%)
[2026-08-08 11:20:14] [W-19] 🔧 开始处理 [fork1] stephenpascoe/msgpack-python
[2026-08-08 11:20:14] [W-19] 📝 已处理缓存: stephenpascoe/msgpack-python
[2026-08-08 11:20:14] [W-19] ⏭️ [fork1] 仓库 https://github.com/stephenpascoe/msgpack-python 129654h 未更新，跳过解析（无需追踪）
[2026-08-08 11:20:14] [W-19] ✅ 完成 [fork1] stephenpascoe/msgpack-python | 提取 0 | 新增 0 | 耗时 0s | 配额 4291/4800 03:20UTC | 主队列 29/200 发现队列 249/20000 [[fork1]:219 [user0]:30] | Worker 31忙/5闲(86%)
[2026-08-08 11:20:14] [W-19] 🔧 开始处理 [fork1] albarrentine/msgpack-python
[2026-08-08 11:20:14] [W-19] 📝 已处理缓存: albarrentine/msgpack-python
[2026-08-08 11:20:14] [W-19] ⏭️ [fork1] 仓库 https://github.com/albarrentine/msgpack-python 125326h 未更新，跳过解析（无需追踪）
[2026-08-08 11:20:14] [W-19] ✅ 完成 [fork1] albarrentine/msgpack-python | 提取 0 | 新增 0 | 耗时 0s | 配额 4291/4800 03:20UTC | 主队列 29/200 发现队列 248/20000 [[fork1]:218 [user0]:30] | Worker 31忙/5闲(86%)
[2026-08-08 11:20:14] [W-19] 🔧 开始处理 [fork1] urso/msgpack-python
[2026-08-08 11:20:14] [W-19] 📝 已处理缓存: urso/msgpack-python
[2026-08-08 11:20:14] [W-19] ⏭️ [fork1] 仓库 https://github.com/urso/msgpack-python 127569h 未更新，跳过解析（无需追踪）
[2026-08-08 11:20:14] [W-9] 🔧 开始处理 [fork1] eyong4736/msgpack-python
[2026-08-08 11:20:14] [W-9] 📝 已处理缓存: eyong4736/msgpack-python
[2026-08-08 11:20:14] [W-9] ⏭️ [fork1] 仓库 https://github.com/eyong4736/msgpack-python 123178h 未更新，跳过解析（无需追踪）
[2026-08-08 11:20:14] [W-9] ✅ 完成 [fork1] eyong4736/msgpack-python | 提取 0 | 新增 0 | 耗时 0s | 配额 4291/4800 03:20UTC | 主队列 29/200 发现队列 247/20000 [[fork1]:217 [user0]:30] | Worker 31忙/5闲(86%)
[2026-08-08 11:20:14] [W-9] 🔧 开始处理 [fork1] drednout/msgpack-python
[2026-08-08 11:20:14] [W-9] 📝 已处理缓存: drednout/msgpack-python
[2026-08-08 11:20:14] [W-9] ⏭️ [fork1] 仓库 https://github.com/drednout/msgpack-python 121143h 未更新，跳过解析（无需追踪）
[2026-08-08 11:20:14] [W-9] ✅ 完成 [fork1] drednout/msgpack-python | 提取 0 | 新增 0 | 耗时 0s | 配额 4291/4800 03:20UTC | 主队列 29/200 发现队列 246/20000 [[fork1]:216 [user0]:30] | Worker 31忙/5闲(86%)
[2026-08-08 11:20:14] [W-9] 🔧 开始处理 [fork1] ooici/msgpack-python
[2026-08-08 11:20:14] [W-9] 📝 已处理缓存: ooici/msgpack-python
[2026-08-08 11:20:14] [W-9] ⏭️ [fork1] 仓库 https://github.com/ooici/msgpack-python 125334h 未更新，跳过解析（无需追踪）
[2026-08-08 11:20:14] [W-9] ✅ 完成 [fork1] ooici/msgpack-python | 提取 0 | 新增 0 | 耗时 0s | 配额 4291/4800 03:20UTC | 主队列 29/200 发现队列 245/20000 [[fork1]:215 [user0]:30] | Worker 31忙/5闲(86%)
[2026-08-08 11:20:14] [W-9] 🔧 开始处理 [fork1] dexteryo/msgpack-python
[2026-08-08 11:20:15] [W-19] ✅ 完成 [fork1] urso/msgpack-python | 提取 0 | 新增 0 | 耗时 0s | 配额 4291/4800 03:20UTC | 主队列 29/200 发现队列 244/20000 [[fork1]:214 [user0]:30] | Worker 31忙/5闲(86%)
[2026-08-08 11:20:15] [W-19] 🔧 开始处理 [fork1] yanlend/msgpack-python
[2026-08-08 11:20:15] [W-19] 📝 已处理缓存: yanlend/msgpack-python
[2026-08-08 11:20:15] [W-19] ⏭️ [fork1] 仓库 https://github.com/yanlend/msgpack-python 52791h 未更新，跳过解析（无需追踪）
[2026-08-08 11:20:15] [W-19] ✅ 完成 [fork1] yanlend/msgpack-python | 提取 0 | 新增 0 | 耗时 0s | 配额 4291/4800 03:20UTC | 主队列 29/200 发现队列 243/20000 [[fork1]:213 [user0]:30] | Worker 31忙/5闲(86%)
[2026-08-08 11:20:15] [W-19] 🔧 开始处理 [fork1] BobDeng1974/msgpack-python
[2026-08-08 11:20:15] [W-20] 📝 已处理缓存: seanpm2001/MSGPack_MSGPack-Python
[2026-08-08 11:20:15] [W-20] ⏭️ [fork1] 仓库 https://github.com/seanpm2001/MSGPack_MSGPack-Python 25075h 未更新，跳过解析（无需追踪）
[2026-08-08 11:20:15] [W-20] ✅ 完成 [fork1] seanpm2001/MSGPack_MSGPack-Python | 提取 0 | 新增 0 | 耗时 1s | 配额 4290/4800 03:20UTC | 主队列 29/200 发现队列 242/20000 [[fork1]:212 [user0]:30] | Worker 31忙/5闲(86%)
[2026-08-08 11:20:15] [W-25] 📝 已处理缓存: lemongine/msgpack-python
[2026-08-08 11:20:15] [W-25] ⏭️ [fork1] 仓库 https://github.com/lemongine/msgpack-python 5998h 未更新，跳过解析（无需追踪）
[2026-08-08 11:20:15] [W-25] ✅ 完成 [fork1] lemongine/msgpack-python | 提取 0 | 新增 0 | 耗时 1s | 配额 4289/4800 03:20UTC | 主队列 28/200 发现队列 242/20000 [[fork1]:212 [user0]:30] | Worker 30忙/6闲(83%)
[2026-08-08 11:20:15] [W-20] 🔧 开始处理 [种子仓库] xiechangan123/v2rayNG [种子 133/744]
[2026-08-08 11:20:15] [W-25] 🔧 开始处理 [fork1] tsahee/msgpack-python
[2026-08-08 11:20:15] [W-13] 📝 已处理缓存: pierreglaser/msgpack-python
[2026-08-08 11:20:15] [W-13] ⏭️ [fork1] 仓库 https://github.com/pierreglaser/msgpack-python 56699h 未更新，跳过解析（无需追踪）
[2026-08-08 11:20:15] [W-13] ✅ 完成 [fork1] pierreglaser/msgpack-python | 提取 0 | 新增 0 | 耗时 1s | 配额 4288/4800 03:20UTC | 主队列 28/200 发现队列 241/20000 [[fork1]:211 [user0]:30] | Worker 31忙/5闲(86%)
[2026-08-08 11:20:15] [W-7] ⏭️ [种子仓库] 仓库 https://github.com/soitun/v2rayN 已解析，跳过解析（无需追踪）
[2026-08-08 11:20:15] [W-7] ✅ 完成 [种子仓库] soitun/v2rayN [种子 132/744] | 提取 0 | 新增 0 | 耗时 1s | 配额 4287/4800 03:20UTC | 主队列 28/200 发现队列 240/20000 [[fork1]:210 [user0]:30] | Worker 31忙/5闲(86%)
[2026-08-08 11:20:15] [W-13] 🔧 开始处理 [fork1] GuyTuval/msgpack-python
[2026-08-08 11:20:15] [W-7] 🔧 开始处理 [fork1] fried/msgpack-python
[2026-08-08 11:20:15] [W-27] ⏭️ [种子仓库] 仓库 https://github.com/Kiterepo/v2rayN-2 已解析，跳过解析（无需追踪）
[2026-08-08 11:20:15] [W-27] ✅ 完成 [种子仓库] Kiterepo/v2rayN-2 [种子 131/744] | 提取 0 | 新增 0 | 耗时 2s | 配额 4286/4800 03:20UTC | 主队列 28/200 发现队列 239/20000 [[fork1]:209 [user0]:30] | Worker 31忙/5闲(86%)
[2026-08-08 11:20:15] [W-27] 🔧 开始处理 [fork1] isabella232/msgpack-python
[2026-08-08 11:20:15] [W-6] 📝 已处理缓存: SNiTEBoBy/msgpack-python
[2026-08-08 11:20:15] [W-6] ⏭️ [fork1] 仓库 https://github.com/SNiTEBoBy/msgpack-python 46888h 未更新，跳过解析（无需追踪）
[2026-08-08 11:20:15] [W-6] ✅ 完成 [fork1] SNiTEBoBy/msgpack-python | 提取 0 | 新增 0 | 耗时 2s | 配额 4285/4800 03:20UTC | 主队列 28/200 发现队列 238/20000 [[fork1]:208 [user0]:30] | Worker 31忙/5闲(86%)
[2026-08-08 11:20:15] [W-6] 🔧 开始处理 [fork1] RichardBronosky/msgpack-python
[2026-08-08 11:20:16] [W-9] 📝 已处理缓存: dexteryo/msgpack-python
[2026-08-08 11:20:16] [W-9] ⏭️ [fork1] 仓库 https://github.com/dexteryo/msgpack-python 29331h 未更新，跳过解析（无需追踪）
[2026-08-08 11:20:16] [W-9] ✅ 完成 [fork1] dexteryo/msgpack-python | 提取 0 | 新增 0 | 耗时 1s | 配额 4284/4800 03:20UTC | 主队列 28/200 发现队列 237/20000 [[fork1]:207 [user0]:30] | Worker 31忙/5闲(86%)
[2026-08-08 11:20:16] [W-9] 🔧 开始处理 [种子仓库] LHONG1008/v2rayN [种子 134/744]
[2026-08-08 11:20:16] repo info (isabella232/msgpack-python) 404，跳过
[2026-08-08 11:20:16] [W-13] 📝 已处理缓存: GuyTuval/msgpack-python
[2026-08-08 11:20:16] [W-13] ⏭️ [fork1] 仓库 https://github.com/GuyTuval/msgpack-python 49072h 未更新，跳过解析（无需追踪）
[2026-08-08 11:20:16] [W-13] ✅ 完成 [fork1] GuyTuval/msgpack-python | 提取 0 | 新增 0 | 耗时 1s | 配额 4282/4800 03:20UTC | 主队列 27/200 发现队列 237/20000 [[fork1]:207 [user0]:30] | Worker 31忙/5闲(86%)
[2026-08-08 11:20:16] [W-25] 📝 已处理缓存: tsahee/msgpack-python
[2026-08-08 11:20:16] [W-25] ⏭️ [fork1] 仓库 https://github.com/tsahee/msgpack-python 51496h 未更新，跳过解析（无需追踪）
[2026-08-08 11:20:16] [W-25] ✅ 完成 [fork1] tsahee/msgpack-python | 提取 0 | 新增 0 | 耗时 1s | 配额 4281/4800 03:20UTC | 主队列 26/200 发现队列 237/20000 [[fork1]:207 [user0]:30] | Worker 30忙/6闲(83%)
[2026-08-08 11:20:16] [W-25] 🔧 开始处理 [种子仓库] fenwehome/v2rayN [种子 136/744]
[2026-08-08 11:20:16] [W-7] 📝 已处理缓存: fried/msgpack-python
[2026-08-08 11:20:16] [W-7] ⏭️ [fork1] 仓库 https://github.com/fried/msgpack-python 50504h 未更新，跳过解析（无需追踪）
[2026-08-08 11:20:16] [W-7] ✅ 完成 [fork1] fried/msgpack-python | 提取 0 | 新增 0 | 耗时 1s | 配额 4280/4800 03:20UTC | 主队列 25/200 发现队列 237/20000 [[fork1]:207 [user0]:30] | Worker 30忙/6闲(83%)
[2026-08-08 11:20:16] [W-20] [种子仓库] 仓库 https://github.com/xiechangan123/v2rayNG (分支: master, size: 269239KB, pushed: 2026-08-07T17:56:13Z)
[2026-08-08 11:20:16] [W-7] 🔧 开始处理 [fork1] third-party-oneoffs/msgpack-python
[2026-08-08 11:20:16] [W-7] 📝 已处理缓存: third-party-oneoffs/msgpack-python
[2026-08-08 11:20:16] [W-7] ⏭️ [fork1] 仓库 https://github.com/third-party-oneoffs/msgpack-python 49139h 未更新，跳过解析（无需追踪）
[2026-08-08 11:20:16] [W-7] ✅ 完成 [fork1] third-party-oneoffs/msgpack-python | 提取 0 | 新增 0 | 耗时 0s | 配额 4279/4800 03:20UTC | 主队列 25/200 发现队列 236/20000 [[fork1]:206 [user0]:30] | Worker 30忙/6闲(83%)
[2026-08-08 11:20:16] [W-7] 🔧 开始处理 [fork1] zchee/msgpack-python
[2026-08-08 11:20:16] [W-13] 🔧 开始处理 [种子仓库] Superoldman96/v2rayNG [种子 135/744]
[2026-08-08 11:20:16] [W-6] 📝 已处理缓存: RichardBronosky/msgpack-python
[2026-08-08 11:20:16] [W-6] ⏭️ [fork1] 仓库 https://github.com/RichardBronosky/msgpack-python 49444h 未更新，跳过解析（无需追踪）
[2026-08-08 11:20:16] [W-6] ✅ 完成 [fork1] RichardBronosky/msgpack-python | 提取 0 | 新增 0 | 耗时 1s | 配额 4278/4800 03:20UTC | 主队列 25/200 发现队列 235/20000 [[fork1]:205 [user0]:30] | Worker 31忙/5闲(86%)
[2026-08-08 11:20:16] [W-6] 🔧 开始处理 [fork1] sokovnich/msgpack-python
[2026-08-08 11:20:16] [W-19] 📝 已处理缓存: BobDeng1974/msgpack-python
[2026-08-08 11:20:16] [W-19] ⏭️ [fork1] 仓库 https://github.com/BobDeng1974/msgpack-python 52789h 未更新，跳过解析（无需追踪）
[2026-08-08 11:20:16] [W-19] ✅ 完成 [fork1] BobDeng1974/msgpack-python | 提取 0 | 新增 0 | 耗时 2s | 配额 4277/4800 03:20UTC | 主队列 25/200 发现队列 234/20000 [[fork1]:204 [user0]:30] | Worker 31忙/5闲(86%)
[2026-08-08 11:20:16] [W-19] 🔧 开始处理 [种子仓库] Mu-L/v2rayN [种子 137/744]
[2026-08-08 11:20:17] [W-9] ⏭️ [种子仓库] 仓库 https://github.com/LHONG1008/v2rayN 已解析，跳过解析（无需追踪）
[2026-08-08 11:20:17] [W-9] ✅ 完成 [种子仓库] LHONG1008/v2rayN [种子 134/744] | 提取 0 | 新增 0 | 耗时 1s | 配额 4276/4800 03:20UTC | 主队列 24/200 发现队列 234/20000 [[fork1]:204 [user0]:30] | Worker 31忙/5闲(86%)
[2026-08-08 11:20:17] [W-9] 🔧 开始处理 [fork1] laike9m/msgpack-python
[2026-08-08 11:20:17] [W-9] 📝 已处理缓存: laike9m/msgpack-python
[2026-08-08 11:20:17] [W-9] ⏭️ [fork1] 仓库 https://github.com/laike9m/msgpack-python 48436h 未更新，跳过解析（无需追踪）
[2026-08-08 11:20:17] [W-9] ✅ 完成 [fork1] laike9m/msgpack-python | 提取 0 | 新增 0 | 耗时 0s | 配额 4276/4800 03:20UTC | 主队列 24/200 发现队列 233/20000 [[fork1]:203 [user0]:30] | Worker 31忙/5闲(86%)
[2026-08-08 11:20:17] [W-9] 🔧 开始处理 [fork1] hexagonrecursion/msgpack-python
[2026-08-08 11:20:17] [W-7] 📝 已处理缓存: zchee/msgpack-python
[2026-08-08 11:20:17] [W-7] ⏭️ [fork1] 仓库 https://github.com/zchee/msgpack-python 43045h 未更新，跳过解析（无需追踪）
[2026-08-08 11:20:17] [W-7] ✅ 完成 [fork1] zchee/msgpack-python | 提取 0 | 新增 0 | 耗时 1s | 配额 4275/4800 03:20UTC | 主队列 24/200 发现队列 232/20000 [[fork1]:202 [user0]:30] | Worker 31忙/5闲(86%)
[2026-08-08 11:20:17] [W-13] [种子仓库] 仓库 https://github.com/Superoldman96/v2rayNG (分支: master, size: 36676KB, pushed: 2026-08-07T17:55:05Z)
[2026-08-08 11:20:17] [W-7] 🔧 开始处理 [fork1] shadchin/msgpack-python
[2026-08-08 11:20:17] [W-25] ⏭️ [种子仓库] 仓库 https://github.com/fenwehome/v2rayN 已解析，跳过解析（无需追踪）
[2026-08-08 11:20:17] [W-25] ✅ 完成 [种子仓库] fenwehome/v2rayN [种子 136/744] | 提取 0 | 新增 0 | 耗时 1s | 配额 4273/4800 03:20UTC | 主队列 24/200 发现队列 231/20000 [[fork1]:201 [user0]:30] | Worker 31忙/5闲(86%)
[2026-08-08 11:20:17] [W-25] 🔧 开始处理 [fork1] Tryweirder/msgpack-python
[2026-08-08 11:20:17] [W-6] 📝 已处理缓存: sokovnich/msgpack-python
[2026-08-08 11:20:17] [W-6] ⏭️ [fork1] 仓库 https://github.com/sokovnich/msgpack-python 49053h 未更新，跳过解析（无需追踪）
[2026-08-08 11:20:17] [W-6] ✅ 完成 [fork1] sokovnich/msgpack-python | 提取 0 | 新增 0 | 耗时 1s | 配额 4272/4800 03:20UTC | 主队列 24/200 发现队列 230/20000 [[fork1]:200 [user0]:30] | Worker 31忙/5闲(86%)
[2026-08-08 11:20:17] [W-19] ⏭️ [种子仓库] 仓库 https://github.com/Mu-L/v2rayN 已解析，跳过解析（无需追踪）
[2026-08-08 11:20:17] [W-19] ✅ 完成 [种子仓库] Mu-L/v2rayN [种子 137/744] | 提取 0 | 新增 0 | 耗时 1s | 配额 4271/4800 03:20UTC | 主队列 23/200 发现队列 230/20000 [[fork1]:200 [user0]:30] | Worker 30忙/6闲(83%)
[2026-08-08 11:20:17] [W-19] 🔧 开始处理 [fork1] vladima/msgpack-python
[2026-08-08 11:20:17] [W-6] 🔧 开始处理 [种子仓库] ipx2001/v2rayN [种子 138/744]
[2026-08-08 11:20:18] [W-7] 📝 已处理缓存: shadchin/msgpack-python
[2026-08-08 11:20:18] [W-7] ⏭️ [fork1] 仓库 https://github.com/shadchin/msgpack-python 47706h 未更新，跳过解析（无需追踪）
[2026-08-08 11:20:18] [W-7] ✅ 完成 [fork1] shadchin/msgpack-python | 提取 0 | 新增 0 | 耗时 1s | 配额 4270/4800 03:20UTC | 主队列 23/200 发现队列 229/20000 [[fork1]:199 [user0]:30] | Worker 31忙/5闲(86%)
[2026-08-08 11:20:18] [W-7] 🔧 开始处理 [fork1] Sjenica1/msgpack-python
[2026-08-08 11:20:18] [W-9] 📝 已处理缓存: hexagonrecursion/msgpack-python
[2026-08-08 11:20:18] [W-9] ⏭️ [fork1] 仓库 https://github.com/hexagonrecursion/msgpack-python 38040h 未更新，跳过解析（无需追踪）
[2026-08-08 11:20:18] [W-9] ✅ 完成 [fork1] hexagonrecursion/msgpack-python | 提取 0 | 新增 0 | 耗时 1s | 配额 4269/4800 03:20UTC | 主队列 23/200 发现队列 228/20000 [[fork1]:198 [user0]:30] | Worker 31忙/5闲(86%)
[2026-08-08 11:20:18] [W-9] 🔧 开始处理 [fork1] RonnyPfannschmidt/msgpack-python
[2026-08-08 11:20:18] [W-6] ⏭️ [种子仓库] 仓库 https://github.com/ipx2001/v2rayN 已解析，跳过解析（无需追踪）
[2026-08-08 11:20:18] [W-6] ✅ 完成 [种子仓库] ipx2001/v2rayN [种子 138/744] | 提取 0 | 新增 0 | 耗时 1s | 配额 4268/4800 03:20UTC | 主队列 23/200 发现队列 227/20000 [[fork1]:197 [user0]:30] | Worker 31忙/5闲(86%)
[2026-08-08 11:20:18] [W-6] 🔧 开始处理 [fork1] kumarh1982/msgpack-python
[2026-08-08 11:20:18] [W-25] 📝 已处理缓存: Tryweirder/msgpack-python
[2026-08-08 11:20:18] [W-25] ⏭️ [fork1] 仓库 https://github.com/Tryweirder/msgpack-python 47436h 未更新，跳过解析（无需追踪）
[2026-08-08 11:20:18] [W-25] ✅ 完成 [fork1] Tryweirder/msgpack-python | 提取 0 | 新增 0 | 耗时 1s | 配额 4267/4800 03:20UTC | 主队列 23/200 发现队列 226/20000 [[fork1]:196 [user0]:30] | Worker 31忙/5闲(86%)
[2026-08-08 11:20:18] [W-25] 🔧 开始处理 [fork1] canewsin/msgpack-python
[2026-08-08 11:20:18] [W-25] 📝 已处理缓存: canewsin/msgpack-python
[2026-08-08 11:20:18] [W-25] ⏭️ [fork1] 仓库 https://github.com/canewsin/msgpack-python 17205h 未更新，跳过解析（无需追踪）
[2026-08-08 11:20:18] [W-25] ✅ 完成 [fork1] canewsin/msgpack-python | 提取 0 | 新增 0 | 耗时 0s | 配额 4267/4800 03:20UTC | 主队列 23/200 发现队列 225/20000 [[fork1]:195 [user0]:30] | Worker 31忙/5闲(86%)
[2026-08-08 11:20:18] [W-25] 🔧 开始处理 [fork1] limx0/msgpack-python
[2026-08-08 11:20:40] [W-19] 📝 已处理缓存: vladima/msgpack-python
[2026-08-08 11:20:40] [W-19] ⏭️ [fork1] 仓库 https://github.com/vladima/msgpack-python 47240h 未更新，跳过解析（无需追踪）
[2026-08-08 11:20:40] [W-19] ✅ 完成 [fork1] vladima/msgpack-python | 提取 0 | 新增 0 | 耗时 23s | 配额 4266/4800 03:20UTC | 主队列 23/200 发现队列 224/20000 [[fork1]:194 [user0]:30] | Worker 31忙/5闲(86%)
[2026-08-08 11:20:40] repo info (Sjenica1/msgpack-python) 404，跳过
[2026-08-08 11:20:40] [W-9] 📝 已处理缓存: RonnyPfannschmidt/msgpack-python
[2026-08-08 11:20:40] [W-9] ⏭️ [fork1] 仓库 https://github.com/RonnyPfannschmidt/msgpack-python 46888h 未更新，跳过解析（无需追踪）
[2026-08-08 11:20:40] [W-9] ✅ 完成 [fork1] RonnyPfannschmidt/msgpack-python | 提取 0 | 新增 0 | 耗时 22s | 配额 4264/4800 03:20UTC | 主队列 22/200 发现队列 224/20000 [[fork1]:194 [user0]:30] | Worker 30忙/6闲(83%)
[2026-08-08 11:20:40] [W-9] 🔧 开始处理 [种子仓库] sujun2021/v2rayNG [种子 140/744]
[2026-08-08 11:20:40] [W-19] 🔧 开始处理 [种子仓库] Little-Star888/v2rayN [种子 139/744]
[2026-08-08 11:20:41] [W-9] [种子仓库] 仓库 https://github.com/sujun2021/v2rayNG (分支: master, size: 36676KB, pushed: 2026-08-07T17:41:37Z)
[2026-08-08 11:20:41] [W-6] 📝 已处理缓存: kumarh1982/msgpack-python
[2026-08-08 11:20:41] [W-6] ⏭️ [fork1] 仓库 https://github.com/kumarh1982/msgpack-python 46888h 未更新，跳过解析（无需追踪）
[2026-08-08 11:20:41] [W-6] ✅ 完成 [fork1] kumarh1982/msgpack-python | 提取 0 | 新增 0 | 耗时 23s | 配额 4262/4800 03:20UTC | 主队列 21/200 发现队列 224/20000 [[fork1]:194 [user0]:30] | Worker 31忙/5闲(86%)
[2026-08-08 11:20:41] [W-6] 🔧 开始处理 [种子仓库] pthis/v2rayN [种子 141/744]
[2026-08-08 11:20:41] [W-19] ⏭️ [种子仓库] 仓库 https://github.com/Little-Star888/v2rayN 已解析，跳过解析（无需追踪）
[2026-08-08 11:20:41] [W-19] ✅ 完成 [种子仓库] Little-Star888/v2rayN [种子 139/744] | 提取 0 | 新增 0 | 耗时 1s | 配额 4261/4800 03:20UTC | 主队列 20/200 发现队列 224/20000 [[fork1]:194 [user0]:30] | Worker 31忙/5闲(86%)
[2026-08-08 11:20:41] [W-19] 🔧 开始处理 [fork1] shakeumm/msgpack-python
[2026-08-08 11:20:41] [W-25] 📝 已处理缓存: limx0/msgpack-python
[2026-08-08 11:20:41] [W-25] ⏭️ [fork1] 仓库 https://github.com/limx0/msgpack-python 46888h 未更新，跳过解析（无需追踪）
[2026-08-08 11:20:41] [W-25] ✅ 完成 [fork1] limx0/msgpack-python | 提取 0 | 新增 0 | 耗时 23s | 配额 4260/4800 03:20UTC | 主队列 20/200 发现队列 223/20000 [[fork1]:193 [user0]:30] | Worker 31忙/5闲(86%)
[2026-08-08 11:20:41] [W-25] 🔧 开始处理 [种子仓库] a1wjun/v2rayN [种子 142/744]
[2026-08-08 11:20:42] [W-6] ⏭️ [种子仓库] 仓库 https://github.com/pthis/v2rayN 已解析，跳过解析（无需追踪）
[2026-08-08 11:20:42] [W-6] ✅ 完成 [种子仓库] pthis/v2rayN [种子 141/744] | 提取 0 | 新增 0 | 耗时 1s | 配额 4259/4800 03:20UTC | 主队列 19/200 发现队列 223/20000 [[fork1]:193 [user0]:30] | Worker 31忙/5闲(86%)
[2026-08-08 11:20:42] [W-6] 🔧 开始处理 [fork1] didimelli/msgpack-python
[2026-08-08 11:20:42] [W-25] ⏭️ [种子仓库] 仓库 https://github.com/a1wjun/v2rayN 已解析，跳过解析（无需追踪）
[2026-08-08 11:20:42] [W-25] ✅ 完成 [种子仓库] a1wjun/v2rayN [种子 142/744] | 提取 0 | 新增 0 | 耗时 1s | 配额 4258/4800 03:20UTC | 主队列 19/200 发现队列 222/20000 [[fork1]:192 [user0]:30] | Worker 31忙/5闲(86%)
[2026-08-08 11:20:42] [W-25] 🔧 开始处理 [fork1] zdccool/msgpack-python
[2026-08-08 11:20:42] [W-19] 📝 已处理缓存: shakeumm/msgpack-python
[2026-08-08 11:20:42] [W-19] ⏭️ [fork1] 仓库 https://github.com/shakeumm/msgpack-python 46888h 未更新，跳过解析（无需追踪）
[2026-08-08 11:20:42] [W-19] ✅ 完成 [fork1] shakeumm/msgpack-python | 提取 0 | 新增 0 | 耗时 1s | 配额 4257/4800 03:20UTC | 主队列 19/200 发现队列 221/20000 [[fork1]:191 [user0]:30] | Worker 31忙/5闲(86%)
[2026-08-08 11:20:42] [W-19] 🔧 开始处理 [fork1] alvistack/msgpack-msgpack-python
[2026-08-08 11:20:43] [W-6] 📝 已处理缓存: didimelli/msgpack-python
[2026-08-08 11:20:43] [W-6] ⏭️ [fork1] 仓库 https://github.com/didimelli/msgpack-python 46888h 未更新，跳过解析（无需追踪）
[2026-08-08 11:20:43] [W-6] ✅ 完成 [fork1] didimelli/msgpack-python | 提取 0 | 新增 0 | 耗时 1s | 配额 4256/4800 03:20UTC | 主队列 19/200 发现队列 220/20000 [[fork1]:190 [user0]:30] | Worker 31忙/5闲(86%)
[2026-08-08 11:20:43] [W-6] 🔧 开始处理 [fork1] nomissbowling/msgpack-python
[2026-08-08 11:20:43] [W-25] 📝 已处理缓存: zdccool/msgpack-python
[2026-08-08 11:20:43] [W-25] ⏭️ [fork1] 仓库 https://github.com/zdccool/msgpack-python 46888h 未更新，跳过解析（无需追踪）
[2026-08-08 11:20:43] [W-25] ✅ 完成 [fork1] zdccool/msgpack-python | 提取 0 | 新增 0 | 耗时 1s | 配额 4255/4800 03:20UTC | 主队列 19/200 发现队列 219/20000 [[fork1]:189 [user0]:30] | Worker 31忙/5闲(86%)
[2026-08-08 11:20:44] [ThreadPoolExecutor-172_3] SHA 缓存已保存: 316833 条, 1 分片
[2026-08-08 11:20:44] [W-25] 🔧 开始处理 [fork1] tung-vu-td/msgpack-python
[2026-08-08 11:20:44] [种子] 🔵 [种子 161/744] TZ0385/v2rayN | 配额 4255/4800 03:20UTC | 主队列 19/200 发现队列 218/20000 [[fork1]:188 [user0]:30] | Worker 31忙/5闲(86%)
[2026-08-08 11:20:44] [种子] 🔵 [种子 162/744] mengzhisuoliu/v2rayN | 配额 4255/4800 03:20UTC | 主队列 20/200 发现队列 218/20000 [[fork1]:188 [user0]:30] | Worker 31忙/5闲(86%)
[2026-08-08 11:20:44] [W-1] 📦 Partial Clone: 11 个文件（零 API 配额）
[2026-08-08 11:20:44] [种子] 🔵 [种子 163/744] onekr-billy/v2rayN | 配额 4255/4800 03:20UTC | 主队列 21/200 发现队列 218/20000 [[fork1]:188 [user0]:30] | Worker 30忙/6闲(83%)
[2026-08-08 11:20:44] [种子] 🔵 [种子 164/744] noaai/v2rayN | 配额 4255/4800 03:20UTC | 主队列 22/200 发现队列 218/20000 [[fork1]:188 [user0]:30] | Worker 30忙/6闲(83%)
[2026-08-08 11:20:44] [W-19] 📝 已处理缓存: alvistack/msgpack-msgpack-python
[2026-08-08 11:20:44] [W-19] ⏭️ [fork1] 仓库 https://github.com/alvistack/msgpack-msgpack-python 1188h 未更新，跳过解析（无需追踪）
[2026-08-08 11:20:44] [W-19] ✅ 完成 [fork1] alvistack/msgpack-msgpack-python | 提取 0 | 新增 0 | 耗时 2s | 配额 4254/4800 03:20UTC | 主队列 23/200 发现队列 218/20000 [[fork1]:188 [user0]:30] | Worker 30忙/6闲(83%)
[2026-08-08 11:20:44] [W-19] 🔧 开始处理 [fork1] paulmelis/msgpack-python
[2026-08-08 11:20:44] [W-19] 📝 已处理缓存: paulmelis/msgpack-python
[2026-08-08 11:20:44] [W-19] ⏭️ [fork1] 仓库 https://github.com/paulmelis/msgpack-python 41461h 未更新，跳过解析（无需追踪）
[2026-08-08 11:20:44] [W-19] ✅ 完成 [fork1] paulmelis/msgpack-python | 提取 0 | 新增 0 | 耗时 0s | 配额 4254/4800 03:20UTC | 主队列 23/200 发现队列 217/20000 [[fork1]:187 [user0]:30] | Worker 30忙/6闲(83%)
[2026-08-08 11:20:44] [W-19] 🔧 开始处理 [fork1] southdy/msgpack-python
[2026-08-08 11:20:44] [W-27] 🔍 仓库 isabella232/msgpack-python 不存在（404），追踪用户
[2026-08-08 11:20:44] [W-27] 👤 [fork1] 遍历用户仓库: isabella232
[2026-08-08 11:20:45] [W-7] 🔍 仓库 Sjenica1/msgpack-python 不存在（404），追踪用户
[2026-08-08 11:20:45] [W-7] 👤 [fork1] 遍历用户仓库: Sjenica1
[2026-08-08 11:20:45] [种子] 🔵 [种子 165/744] Raad63/v2rayNG-android | 配额 4254/4800 03:20UTC | 主队列 23/200 发现队列 216/20000 [[fork1]:186 [user0]:30] | Worker 30忙/6闲(83%)
[2026-08-08 11:20:45] [种子] 🔵 [种子 166/744] chaoduzj/v2rayN | 配额 4254/4800 03:20UTC | 主队列 24/200 发现队列 216/20000 [[fork1]:186 [user0]:30] | Worker 30忙/6闲(83%)
[2026-08-08 11:20:45] [W-34] 仓库 https://github.com/muxd93/awesome-vpn 候选文件 3 个
[2026-08-08 11:20:45] [W-27]   用户 isabella232 共查 0 个仓库
[2026-08-08 11:20:45] [W-27] ✅ 完成 [fork1] isabella232/msgpack-python | 提取 0 | 新增 0 | 耗时 30s | 配额 4253/4800 03:20UTC | 主队列 25/200 发现队列 216/20000 [[fork1]:186 [user0]:30] | Worker 30忙/6闲(83%)
[2026-08-08 11:20:45] [W-27] 🔧 开始处理 [种子仓库] samling-jackyjyo/v2rayNG [种子 143/744]
[2026-08-08 11:20:45] [W-7]   用户 Sjenica1 共查 0 个仓库
[2026-08-08 11:20:45] [W-7] ✅ 完成 [fork1] Sjenica1/msgpack-python | 提取 0 | 新增 0 | 耗时 27s | 配额 4252/4800 03:20UTC | 主队列 24/200 发现队列 216/20000 [[fork1]:186 [user0]:30] | Worker 30忙/6闲(83%)
[2026-08-08 11:20:45] [W-7] 🔧 开始处理 [种子仓库] kafeixiang/v2rayNG [种子 144/744]
[2026-08-08 11:20:45] [种子] 🔵 [种子 167/744] txwdzxq/v2rayN | 配额 4252/4800 03:20UTC | 主队列 23/200 发现队列 216/20000 [[fork1]:186 [user0]:30] | Worker 30忙/6闲(83%)
[2026-08-08 11:20:45] [种子] 🔵 [种子 168/744] kany2000/v2rayN | 配额 4252/4800 03:20UTC | 主队列 24/200 发现队列 216/20000 [[fork1]:186 [user0]:30] | Worker 30忙/6闲(83%)
[2026-08-08 11:20:45] [种子] 🔵 [种子 169/744] checkvip/v2rayN | 配额 4252/4800 03:20UTC | 主队列 25/200 发现队列 216/20000 [[fork1]:186 [user0]:30] | Worker 30忙/6闲(83%)
[2026-08-08 11:20:45] [种子] 🔵 [种子 170/744] Neonity2020/v2rayN | 配额 4252/4800 03:20UTC | 主队列 26/200 发现队列 216/20000 [[fork1]:186 [user0]:30] | Worker 30忙/6闲(83%)
[2026-08-08 11:20:45] [种子] 🔵 [种子 171/744] jasonperter/v2rayN | 配额 4252/4800 03:20UTC | 主队列 27/200 发现队列 216/20000 [[fork1]:186 [user0]:30] | Worker 30忙/6闲(83%)
[2026-08-08 11:20:45] [种子] 🔵 [种子 172/744] Baobei321/v2rayN | 配额 4252/4800 03:20UTC | 主队列 28/200 发现队列 216/20000 [[fork1]:186 [user0]:30] | Worker 30忙/6闲(83%)
[2026-08-08 11:20:45] [种子] 🔵 [种子 173/744] barreler126/v2rayN | 配额 4252/4800 03:20UTC | 主队列 29/200 发现队列 216/20000 [[fork1]:186 [user0]:30] | Worker 30忙/6闲(83%)
[2026-08-08 11:20:45] [种子] 🔵 [种子 174/744] txwdzxq/v2rayNG | 配额 4252/4800 03:20UTC | 主队列 30/200 发现队列 216/20000 [[fork1]:186 [user0]:30] | Worker 30忙/6闲(83%)
[2026-08-08 11:20:45] [种子] 🔵 [种子 175/744] qaz-t/v2rayNG | 配额 4252/4800 03:20UTC | 主队列 31/200 发现队列 216/20000 [[fork1]:186 [user0]:30] | Worker 30忙/6闲(83%)
[2026-08-08 11:20:45] [种子] 🔵 [种子 176/744] dannysl/v2rayN | 配额 4252/4800 03:20UTC | 主队列 32/200 发现队列 216/20000 [[fork1]:186 [user0]:30] | Worker 30忙/6闲(83%)
[2026-08-08 11:20:45] [种子] 🔵 [种子 177/744] Super-Zoe/v2rayN | 配额 4252/4800 03:20UTC | 主队列 33/200 发现队列 216/20000 [[fork1]:186 [user0]:30] | Worker 30忙/6闲(83%)
[2026-08-08 11:20:45] [W-25] 📝 已处理缓存: tung-vu-td/msgpack-python
[2026-08-08 11:20:45] [W-25] ⏭️ [fork1] 仓库 https://github.com/tung-vu-td/msgpack-python 46888h 未更新，跳过解析（无需追踪）
[2026-08-08 11:20:45] [W-25] ✅ 完成 [fork1] tung-vu-td/msgpack-python | 提取 0 | 新增 0 | 耗时 1s | 配额 4251/4800 03:20UTC | 主队列 34/200 发现队列 216/20000 [[fork1]:186 [user0]:30] | Worker 30忙/6闲(83%)
[2026-08-08 11:20:45] [W-25] 🔧 开始处理 [fork1] Techcable/msgpack-python
[2026-08-08 11:20:45] [W-6] 📝 已处理缓存: nomissbowling/msgpack-python
[2026-08-08 11:20:45] [W-6] ⏭️ [fork1] 仓库 https://github.com/nomissbowling/msgpack-python 46888h 未更新，跳过解析（无需追踪）
[2026-08-08 11:20:45] [W-6] ✅ 完成 [fork1] nomissbowling/msgpack-python | 提取 0 | 新增 0 | 耗时 2s | 配额 4250/4800 03:20UTC | 主队列 34/200 发现队列 215/20000 [[fork1]:185 [user0]:30] | Worker 30忙/6闲(83%)
[2026-08-08 11:20:45] [W-6] 🔧 开始处理 [fork1] hauntsaninja/msgpack-python
[2026-08-08 11:20:45] [W-6] 📝 已处理缓存: hauntsaninja/msgpack-python
[2026-08-08 11:20:45] [W-6] ⏭️ [fork1] 仓库 https://github.com/hauntsaninja/msgpack-python 36874h 未更新，跳过解析（无需追踪）
[2026-08-08 11:20:45] [W-6] ✅ 完成 [fork1] hauntsaninja/msgpack-python | 提取 0 | 新增 0 | 耗时 0s | 配额 4250/4800 03:20UTC | 主队列 34/200 发现队列 214/20000 [[fork1]:184 [user0]:30] | Worker 30忙/6闲(83%)
[2026-08-08 11:20:45] [W-6] 🔧 开始处理 [fork1] realsby/msgpack-python
[2026-08-08 11:20:45] [种子] 🔵 [种子 178/744] Raad63/v2rayN-windows | 配额 4250/4800 03:20UTC | 主队列 34/200 发现队列 213/20000 [[fork1]:183 [user0]:30] | Worker 30忙/6闲(83%)
[2026-08-08 11:20:46] [W-19] 📝 已处理缓存: southdy/msgpack-python
[2026-08-08 11:20:46] [W-19] ⏭️ [fork1] 仓库 https://github.com/southdy/msgpack-python 39886h 未更新，跳过解析（无需追踪）
[2026-08-08 11:20:46] [W-19] ✅ 完成 [fork1] southdy/msgpack-python | 提取 0 | 新增 0 | 耗时 1s | 配额 4249/4800 03:20UTC | 主队列 35/200 发现队列 213/20000 [[fork1]:183 [user0]:30] | Worker 30忙/6闲(83%)
[2026-08-08 11:20:46] [种子] 🔵 [种子 179/744] shallowlong/v2rayN | 配额 4249/4800 03:20UTC | 主队列 35/200 发现队列 212/20000 [[fork1]:182 [user0]:30] | Worker 29忙/7闲(80%)
[2026-08-08 11:20:46] [W-19] 🔧 开始处理 [fork1] openwd/msgpack-python
[2026-08-08 11:20:46] [W-26] 🌱 加入种子: cysk003/yebekhe-TVC (提取 3306 节点)
[2026-08-08 11:20:46] [W-26] ✅ 完成 [种子仓库] cysk003/yebekhe-TVC [种子 9/744] | 提取 3306 | 新增 182 | 耗时 164s | 配额 4249/4800 03:20UTC | 主队列 36/200 发现队列 212/20000 [[fork1]:182 [user0]:30] | Worker 30忙/6闲(83%)
[2026-08-08 11:20:46] [W-26] 🔧 开始处理 [种子仓库] RepoBackup/v2rayN [种子 145/744]
[2026-08-08 11:20:46] [W-1] 仓库 https://github.com/AvetGR8/EasyV2raySub 候选文件 1 个
[2026-08-08 11:20:46] [W-27] [种子仓库] 仓库 https://github.com/samling-jackyjyo/v2rayNG (分支: master, size: 36676KB, pushed: 2026-08-07T17:24:08Z)
[2026-08-08 11:20:46] [W-7] ⏭️ [种子仓库] 仓库 https://github.com/kafeixiang/v2rayNG 已解析，跳过解析（无需追踪）
[2026-08-08 11:20:46] [W-7] ✅ 完成 [种子仓库] kafeixiang/v2rayNG [种子 144/744] | 提取 0 | 新增 0 | 耗时 1s | 配额 4247/4800 03:20UTC | 主队列 35/200 发现队列 212/20000 [[fork1]:182 [user0]:30] | Worker 31忙/5闲(86%)
[2026-08-08 11:20:46] [W-7] 🔧 开始处理 [fork1] byte-pipe/msgpack-python
[2026-08-08 11:20:46] [W-25] 📝 已处理缓存: Techcable/msgpack-python
[2026-08-08 11:20:46] [W-25] ⏭️ [fork1] 仓库 https://github.com/Techcable/msgpack-python 38593h 未更新，跳过解析（无需追踪）
[2026-08-08 11:20:46] [W-25] ✅ 完成 [fork1] Techcable/msgpack-python | 提取 0 | 新增 0 | 耗时 1s | 配额 4246/4800 03:20UTC | 主队列 35/200 发现队列 211/20000 [[fork1]:181 [user0]:30] | Worker 31忙/5闲(86%)
[2026-08-08 11:20:46] [种子] 🔵 [种子 180/744] sincalaway/v2rayN | 配额 4246/4800 03:20UTC | 主队列 35/200 发现队列 210/20000 [[fork1]:180 [user0]:30] | Worker 30忙/6闲(83%)
[2026-08-08 11:20:46] [W-6] 📝 已处理缓存: realsby/msgpack-python
[2026-08-08 11:20:46] [W-6] ⏭️ [fork1] 仓库 https://github.com/realsby/msgpack-python 37533h 未更新，跳过解析（无需追踪）
[2026-08-08 11:20:46] [W-6] ✅ 完成 [fork1] realsby/msgpack-python | 提取 0 | 新增 0 | 耗时 1s | 配额 4245/4800 03:20UTC | 主队列 36/200 发现队列 210/20000 [[fork1]:180 [user0]:30] | Worker 30忙/6闲(83%)
[2026-08-08 11:20:46] [W-6] 🔧 开始处理 [fork1] cantabular/msgpack-python
[2026-08-08 11:20:46] [W-25] 🔧 开始处理 [fork1] mosamadeeb/msgpack-python-typed-ints
[2026-08-08 11:20:46] [W-25] 📝 已处理缓存: mosamadeeb/msgpack-python-typed-ints
[2026-08-08 11:20:46] [W-25] ⏭️ [fork1] 仓库 https://github.com/mosamadeeb/msgpack-python-typed-ints 35895h 未更新，跳过解析（无需追踪）
[2026-08-08 11:20:46] [W-25] ✅ 完成 [fork1] mosamadeeb/msgpack-python-typed-ints | 提取 0 | 新增 0 | 耗时 0s | 配额 4245/4800 03:20UTC | 主队列 36/200 发现队列 209/20000 [[fork1]:179 [user0]:30] | Worker 31忙/5闲(86%)
[2026-08-08 11:20:46] [W-25] 🔧 开始处理 [fork1] kulikjak/msgpack-python
[2026-08-08 11:20:46] [种子] 🔵 [种子 181/744] cyzzc/v2rayN | 配额 4245/4800 03:20UTC | 主队列 36/200 发现队列 208/20000 [[fork1]:178 [user0]:30] | Worker 31忙/5闲(86%)
[2026-08-08 11:20:46] [种子] 🔵 [种子 182/744] Arui66/v2rayN | 配额 4245/4800 03:20UTC | 主队列 37/200 发现队列 208/20000 [[fork1]:178 [user0]:30] | Worker 31忙/5闲(86%)
[2026-08-08 11:20:46] [种子] 🔵 [种子 183/744] 957057/v2rayN | 配额 4245/4800 03:20UTC | 主队列 38/200 发现队列 208/20000 [[fork1]:178 [user0]:30] | Worker 31忙/5闲(86%)
[2026-08-08 11:20:46] [种子] 🔵 [种子 184/744] xwcyg6/v2raynode | 配额 4245/4800 03:20UTC | 主队列 39/200 发现队列 208/20000 [[fork1]:178 [user0]:30] | Worker 31忙/5闲(86%)
[2026-08-08 11:20:46] [种子] 🔵 [种子 185/744] q7451647-ship-it/v2rayN | 配额 4245/4800 03:20UTC | 主队列 40/200 发现队列 208/20000 [[fork1]:178 [user0]:30] | Worker 31忙/5闲(86%)
[2026-08-08 11:20:46] [种子] 🔵 [种子 186/744] lidebyte/v2rayN | 配额 4245/4800 03:20UTC | 主队列 41/200 发现队列 208/20000 [[fork1]:178 [user0]:30] | Worker 31忙/5闲(86%)
[2026-08-08 11:20:46] [种子] 🔵 [种子 187/744] guguji666666/v2rayNG | 配额 4245/4800 03:20UTC | 主队列 42/200 发现队列 208/20000 [[fork1]:178 [user0]:30] | Worker 31忙/5闲(86%)
[2026-08-08 11:20:46] [种子] 🔵 [种子 188/744] linG5821/v2rayN | 配额 4245/4800 03:20UTC | 主队列 43/200 发现队列 208/20000 [[fork1]:178 [user0]:30] | Worker 31忙/5闲(86%)
[2026-08-08 11:20:46] [种子] 🔵 [种子 189/744] teamy/v2rayN | 配额 4245/4800 03:20UTC | 主队列 44/200 发现队列 208/20000 [[fork1]:178 [user0]:30] | Worker 31忙/5闲(86%)
[2026-08-08 11:20:46] [种子] 🔵 [种子 190/744] WANGjs6736/v2rayN | 配额 4245/4800 03:20UTC | 主队列 45/200 发现队列 208/20000 [[fork1]:178 [user0]:30] | Worker 31忙/5闲(86%)
[2026-08-08 11:20:46] [种子] 🔵 [种子 191/744] qaz-t/v2rayN | 配额 4245/4800 03:20UTC | 主队列 46/200 发现队列 208/20000 [[fork1]:178 [user0]:30] | Worker 31忙/5闲(86%)
[2026-08-08 11:20:46] [种子] 🔵 [种子 192/744] GH6324/v2rayN | 配额 4245/4800 03:20UTC | 主队列 47/200 发现队列 208/20000 [[fork1]:178 [user0]:30] | Worker 31忙/5闲(86%)
[2026-08-08 11:20:46] [种子] 🔵 [种子 193/744] dumpmemory/v2rayN | 配额 4245/4800 03:20UTC | 主队列 48/200 发现队列 208/20000 [[fork1]:178 [user0]:30] | Worker 31忙/5闲(86%)
[2026-08-08 11:20:46] [种子] 🔵 [种子 194/744] A-Archives-and-Forks/v2rayN | 配额 4245/4800 03:20UTC | 主队列 49/200 发现队列 208/20000 [[fork1]:178 [user0]:30] | Worker 31忙/5闲(86%)
[2026-08-08 11:20:47] [种子] 🔵 [种子 195/744] windzyyy/v2rayN | 配额 4245/4800 03:20UTC | 主队列 50/200 发现队列 208/20000 [[fork1]:178 [user0]:30] | Worker 31忙/5闲(86%)
[2026-08-08 11:20:47] [种子] 🔵 [种子 196/744] woyin/v2rayN | 配额 4245/4800 03:20UTC | 主队列 51/200 发现队列 208/20000 [[fork1]:178 [user0]:30] | Worker 31忙/5闲(86%)
[2026-08-08 11:20:47] [种子] 🔵 [种子 197/744] ppker/v2rayN | 配额 4245/4800 03:20UTC | 主队列 52/200 发现队列 208/20000 [[fork1]:178 [user0]:30] | Worker 31忙/5闲(86%)
[2026-08-08 11:20:47] [种子] 🔵 [种子 198/744] chenlong622/v2rayN | 配额 4245/4800 03:20UTC | 主队列 53/200 发现队列 208/20000 [[fork1]:178 [user0]:30] | Worker 31忙/5闲(86%)
[2026-08-08 11:20:47] [种子] 🔵 [种子 199/744] 88alt/v2rayNG | 配额 4245/4800 03:20UTC | 主队列 54/200 发现队列 208/20000 [[fork1]:178 [user0]:30] | Worker 31忙/5闲(86%)
[2026-08-08 11:20:47] [种子] 🔵 [种子 200/744] 88alt/v2rayN | 配额 4245/4800 03:20UTC | 主队列 55/200 发现队列 208/20000 [[fork1]:178 [user0]:30] | Worker 31忙/5闲(86%)
[2026-08-08 11:20:47] [种子] 🔵 [种子 201/744] timeflysoon/v2rayNG | 配额 4245/4800 03:20UTC | 主队列 56/200 发现队列 208/20000 [[fork1]:178 [user0]:30] | Worker 31忙/5闲(86%)
[2026-08-08 11:20:47] [种子] 🔵 [种子 202/744] ethanjiang7/v2rayN | 配额 4245/4800 03:20UTC | 主队列 57/200 发现队列 208/20000 [[fork1]:178 [user0]:30] | Worker 31忙/5闲(86%)
[2026-08-08 11:20:47] [种子] 🔵 [种子 203/744] timeflysoon/v2rayN | 配额 4245/4800 03:20UTC | 主队列 58/200 发现队列 208/20000 [[fork1]:178 [user0]:30] | Worker 31忙/5闲(86%)
[2026-08-08 11:20:47] [种子] 🔵 [种子 204/744] linyanghao/v2rayN | 配额 4245/4800 03:20UTC | 主队列 59/200 发现队列 208/20000 [[fork1]:178 [user0]:30] | Worker 31忙/5闲(86%)
[2026-08-08 11:20:47] [种子] 🔵 [种子 205/744] dxyzx0/v2rayN | 配额 4245/4800 03:20UTC | 主队列 60/200 发现队列 208/20000 [[fork1]:178 [user0]:30] | Worker 31忙/5闲(86%)
[2026-08-08 11:20:47] [种子] 🔵 [种子 206/744] rsoorajs/v2rayN | 配额 4245/4800 03:20UTC | 主队列 61/200 发现队列 208/20000 [[fork1]:178 [user0]:30] | Worker 31忙/5闲(86%)
[2026-08-08 11:20:47] [种子] 🔵 [种子 207/744] tianhm/v2rayN | 配额 4245/4800 03:20UTC | 主队列 62/200 发现队列 208/20000 [[fork1]:178 [user0]:30] | Worker 31忙/5闲(86%)
[2026-08-08 11:20:47] [种子] 🔵 [种子 208/744] GH6324/v2rayNG | 配额 4245/4800 03:20UTC | 主队列 63/200 发现队列 208/20000 [[fork1]:178 [user0]:30] | Worker 31忙/5闲(86%)
[2026-08-08 11:20:47] [W-26] ⏭️ [种子仓库] 仓库 https://github.com/RepoBackup/v2rayN 已解析，跳过解析（无需追踪）
[2026-08-08 11:20:47] [W-26] ✅ 完成 [种子仓库] RepoBackup/v2rayN [种子 145/744] | 提取 0 | 新增 0 | 耗时 1s | 配额 4244/4800 03:20UTC | 主队列 64/200 发现队列 208/20000 [[fork1]:178 [user0]:30] | Worker 31忙/5闲(86%)
[2026-08-08 11:20:47] [种子] 🔵 [种子 209/744] catcat0921/v2rayN | 配额 4244/4800 03:20UTC | 主队列 64/200 发现队列 207/20000 [[fork1]:177 [user0]:30] | Worker 30忙/6闲(83%)
[2026-08-08 11:20:47] [种子] 🔵 [种子 210/744] ofepo/v2rayN | 配额 4244/4800 03:20UTC | 主队列 65/200 发现队列 207/20000 [[fork1]:177 [user0]:30] | Worker 30忙/6闲(83%)
[2026-08-08 11:20:47] [种子] 🔵 [种子 211/744] uvswifft/v2rayN | 配额 4244/4800 03:20UTC | 主队列 66/200 发现队列 207/20000 [[fork1]:177 [user0]:30] | Worker 30忙/6闲(83%)
[2026-08-08 11:20:47] [种子] 🔵 [种子 212/744] noaai/v2rayNG | 配额 4244/4800 03:20UTC | 主队列 67/200 发现队列 207/20000 [[fork1]:177 [user0]:30] | Worker 30忙/6闲(83%)
[2026-08-08 11:20:47] [种子] 🔵 [种子 213/744] chaud-03/v2rayN | 配额 4244/4800 03:20UTC | 主队列 68/200 发现队列 207/20000 [[fork1]:177 [user0]:30] | Worker 30忙/6闲(83%)
[2026-08-08 11:20:47] [种子] 🔵 [种子 214/744] XXcipherX/v2rayN | 配额 4244/4800 03:20UTC | 主队列 69/200 发现队列 207/20000 [[fork1]:177 [user0]:30] | Worker 30忙/6闲(83%)
[2026-08-08 11:20:47] [种子] 🔵 [种子 215/744] Parsa58/v2rayN | 配额 4244/4800 03:20UTC | 主队列 70/200 发现队列 207/20000 [[fork1]:177 [user0]:30] | Worker 30忙/6闲(83%)
[2026-08-08 11:20:47] [种子] 🔵 [种子 216/744] exhaust-pipe/v2rayN | 配额 4244/4800 03:20UTC | 主队列 71/200 发现队列 207/20000 [[fork1]:177 [user0]:30] | Worker 30忙/6闲(83%)
[2026-08-08 11:20:47] [种子] 🔵 [种子 217/744] FF-coder/v2rayN | 配额 4244/4800 03:20UTC | 主队列 72/200 发现队列 207/20000 [[fork1]:177 [user0]:30] | Worker 30忙/6闲(83%)
[2026-08-08 11:20:47] [种子] 🔵 [种子 218/744] chenlong622/v2rayNG | 配额 4244/4800 03:20UTC | 主队列 73/200 发现队列 207/20000 [[fork1]:177 [user0]:30] | Worker 30忙/6闲(83%)
[2026-08-08 11:20:47] [种子] 🔵 [种子 219/744] Ahmadkl054/v2rayNG | 配额 4244/4800 03:20UTC | 主队列 74/200 发现队列 207/20000 [[fork1]:177 [user0]:30] | Worker 30忙/6闲(83%)
[2026-08-08 11:20:47] [种子] 🔵 [种子 220/744] exhaust-pipe/v2rayNG | 配额 4244/4800 03:20UTC | 主队列 75/200 发现队列 207/20000 [[fork1]:177 [user0]:30] | Worker 30忙/6闲(83%)
[2026-08-08 11:20:47] [种子] 🔵 [种子 221/744] qq10373815/v2rayNG | 配额 4244/4800 03:20UTC | 主队列 76/200 发现队列 207/20000 [[fork1]:177 [user0]:30] | Worker 30忙/6闲(83%)
[2026-08-08 11:20:47] [种子] 🔵 [种子 222/744] tristan-deng/v2rayNodesSelected | 配额 4244/4800 03:20UTC | 主队列 77/200 发现队列 207/20000 [[fork1]:177 [user0]:30] | Worker 30忙/6闲(83%)
[2026-08-08 11:20:47] [种子] 🔵 [种子 223/744] hihi427/v2rayN_icon | 配额 4244/4800 03:20UTC | 主队列 78/200 发现队列 207/20000 [[fork1]:177 [user0]:30] | Worker 30忙/6闲(83%)
[2026-08-08 11:20:47] [种子] 🔵 [种子 224/744] jing5460/v2rayN | 配额 4244/4800 03:20UTC | 主队列 79/200 发现队列 207/20000 [[fork1]:177 [user0]:30] | Worker 30忙/6闲(83%)
[2026-08-08 11:20:47] [种子] 🔵 [种子 225/744] FILTERCUT/v2rayNG | 配额 4244/4800 03:20UTC | 主队列 80/200 发现队列 207/20000 [[fork1]:177 [user0]:30] | Worker 30忙/6闲(83%)
[2026-08-08 11:20:47] [W-26] 🔧 开始处理 [fork1] ibm-z-oss-oda/msgpack-python
[2026-08-08 11:20:47] [种子] ⏸️  主队列 ≥ 80（80/200），搜索暂停
[2026-08-08 11:20:47] [W-19] 📝 已处理缓存: openwd/msgpack-python
[2026-08-08 11:20:47] [W-19] ⏭️ [fork1] 仓库 https://github.com/openwd/msgpack-python 36646h 未更新，跳过解析（无需追踪）
[2026-08-08 11:20:47] [W-19] ✅ 完成 [fork1] openwd/msgpack-python | 提取 0 | 新增 0 | 耗时 2s | 配额 4243/4800 03:20UTC | 主队列 80/200 发现队列 207/20000 [[fork1]:177 [user0]:30] | Worker 31忙/5闲(86%)
[2026-08-08 11:20:47] [W-19] 🔧 开始处理 [fork1] mayeut/msgpack-python
[2026-08-08 11:20:47] [W-19] 📝 已处理缓存: mayeut/msgpack-python
[2026-08-08 11:20:47] [W-19] ⏭️ [fork1] 仓库 https://github.com/mayeut/msgpack-python 34159h 未更新，跳过解析（无需追踪）
[2026-08-08 11:20:47] [W-19] ✅ 完成 [fork1] mayeut/msgpack-python | 提取 0 | 新增 0 | 耗时 0s | 配额 4243/4800 03:20UTC | 主队列 80/200 发现队列 206/20000 [[fork1]:176 [user0]:30] | Worker 31忙/5闲(86%)
[2026-08-08 11:20:47] [W-19] 🔧 开始处理 [fork1] erdal-pb/msgpack-python
[2026-08-08 11:20:47] [W-7] 📝 已处理缓存: byte-pipe/msgpack-python
[2026-08-08 11:20:47] [W-7] ⏭️ [fork1] 仓库 https://github.com/byte-pipe/msgpack-python 36646h 未更新，跳过解析（无需追踪）
[2026-08-08 11:20:47] [W-7] ✅ 完成 [fork1] byte-pipe/msgpack-python | 提取 0 | 新增 0 | 耗时 1s | 配额 4242/4800 03:20UTC | 主队列 80/200 发现队列 205/20000 [[fork1]:175 [user0]:30] | Worker 31忙/5闲(86%)
[2026-08-08 11:20:47] [W-7] 🔧 开始处理 [fork1] vavanade/msgpack-python
[2026-08-08 11:20:48] [W-6] 📝 已处理缓存: cantabular/msgpack-python
[2026-08-08 11:20:48] [W-6] ⏭️ [fork1] 仓库 https://github.com/cantabular/msgpack-python 36646h 未更新，跳过解析（无需追踪）
[2026-08-08 11:20:48] [W-6] ✅ 完成 [fork1] cantabular/msgpack-python | 提取 0 | 新增 0 | 耗时 2s | 配额 4241/4800 03:20UTC | 主队列 80/200 发现队列 204/20000 [[fork1]:174 [user0]:30] | Worker 31忙/5闲(86%)
[2026-08-08 11:20:48] [W-25] 📝 已处理缓存: kulikjak/msgpack-python
[2026-08-08 11:20:48] [W-25] ⏭️ [fork1] 仓库 https://github.com/kulikjak/msgpack-python 35222h 未更新，跳过解析（无需追踪）
[2026-08-08 11:20:48] [W-25] ✅ 完成 [fork1] kulikjak/msgpack-python | 提取 0 | 新增 0 | 耗时 2s | 配额 4240/4800 03:20UTC | 主队列 80/200 发现队列 203/20000 [[fork1]:173 [user0]:30] | Worker 31忙/5闲(86%)
[2026-08-08 11:20:48] [W-25] 🔧 开始处理 [fork1] ciusji/msgpack-python
[2026-08-08 11:20:48] [W-6] 🔧 开始处理 [fork1] hugovk/msgpack-python
[2026-08-08 11:20:48] [W-6] 📝 已处理缓存: hugovk/msgpack-python
[2026-08-08 11:20:48] [W-6] ⏭️ [fork1] 仓库 https://github.com/hugovk/msgpack-python 21041h 未更新，跳过解析（无需追踪）
[2026-08-08 11:20:48] [W-6] ✅ 完成 [fork1] hugovk/msgpack-python | 提取 0 | 新增 0 | 耗时 0s | 配额 4240/4800 03:20UTC | 主队列 80/200 发现队列 202/20000 [[fork1]:172 [user0]:30] | Worker 31忙/5闲(86%)
[2026-08-08 11:20:48] [W-6] 🔧 开始处理 [fork1] Sanix-Darker/msgpack-python
[2026-08-08 11:20:49] [W-26] 📝 已处理缓存: ibm-z-oss-oda/msgpack-python
[2026-08-08 11:20:49] [W-26] ⏭️ [fork1] 仓库 https://github.com/ibm-z-oss-oda/msgpack-python 35206h 未更新，跳过解析（无需追踪）
[2026-08-08 11:20:49] [W-26] ✅ 完成 [fork1] ibm-z-oss-oda/msgpack-python | 提取 0 | 新增 0 | 耗时 2s | 配额 4239/4800 03:20UTC | 主队列 80/200 发现队列 201/20000 [[fork1]:171 [user0]:30] | Worker 31忙/5闲(86%)
[2026-08-08 11:20:49] [W-26] 🔧 开始处理 [fork1] jk1ng/msgpack-python
[2026-08-08 11:20:49] [W-19] 📝 已处理缓存: erdal-pb/msgpack-python
[2026-08-08 11:20:49] [W-19] ⏭️ [fork1] 仓库 https://github.com/erdal-pb/msgpack-python 34570h 未更新，跳过解析（无需追踪）
[2026-08-08 11:20:49] [W-19] ✅ 完成 [fork1] erdal-pb/msgpack-python | 提取 0 | 新增 0 | 耗时 2s | 配额 4238/4800 03:20UTC | 主队列 80/200 发现队列 200/20000 [[fork1]:170 [user0]:30] | Worker 31忙/5闲(86%)
[2026-08-08 11:20:49] [W-19] 🔧 开始处理 [fork1] chrismerck/msgpack-python
[2026-08-08 11:20:49] [W-7] 📝 已处理缓存: vavanade/msgpack-python
[2026-08-08 11:20:49] [W-7] ⏭️ [fork1] 仓库 https://github.com/vavanade/msgpack-python 34240h 未更新，跳过解析（无需追踪）
[2026-08-08 11:20:49] [W-7] ✅ 完成 [fork1] vavanade/msgpack-python | 提取 0 | 新增 0 | 耗时 2s | 配额 4237/4800 03:20UTC | 主队列 80/200 发现队列 199/20000 [[fork1]:169 [user0]:30] | Worker 31忙/5闲(86%)
[2026-08-08 11:20:49] [W-7] 🔧 开始处理 [fork1] AvdN/msgpack-python
[2026-08-08 11:20:49] [W-35] 📦 Partial Clone: 100 个文件（零 API 配额）
[2026-08-08 11:20:50] [W-25] 📝 已处理缓存: ciusji/msgpack-python
[2026-08-08 11:20:50] [W-25] ⏭️ [fork1] 仓库 https://github.com/ciusji/msgpack-python 34240h 未更新，跳过解析（无需追踪）
[2026-08-08 11:20:50] [W-25] ✅ 完成 [fork1] ciusji/msgpack-python | 提取 0 | 新增 0 | 耗时 1s | 配额 4236/4800 03:20UTC | 主队列 80/200 发现队列 198/20000 [[fork1]:168 [user0]:30] | Worker 30忙/6闲(83%)
[2026-08-08 11:20:50] [W-6] 📝 已处理缓存: Sanix-Darker/msgpack-python
[2026-08-08 11:20:50] [W-6] ⏭️ [fork1] 仓库 https://github.com/Sanix-Darker/msgpack-python 32107h 未更新，跳过解析（无需追踪）
[2026-08-08 11:20:50] [W-6] ✅ 完成 [fork1] Sanix-Darker/msgpack-python | 提取 0 | 新增 0 | 耗时 1s | 配额 4235/4800 03:20UTC | 主队列 80/200 发现队列 197/20000 [[fork1]:167 [user0]:30] | Worker 29忙/7闲(80%)
[2026-08-08 11:20:50] [W-6] 🔧 开始处理 [fork1] aerospike-community/msgpack-python
[2026-08-08 11:20:50] [W-6] 📝 已处理缓存: aerospike-community/msgpack-python
[2026-08-08 11:20:50] [W-6] ⏭️ [fork1] 仓库 https://github.com/aerospike-community/msgpack-python 5956h 未更新，跳过解析（无需追踪）
[2026-08-08 11:20:50] [W-6] ✅ 完成 [fork1] aerospike-community/msgpack-python | 提取 0 | 新增 0 | 耗时 0s | 配额 4235/4800 03:20UTC | 主队列 80/200 发现队列 196/20000 [[fork1]:166 [user0]:30] | Worker 29忙/7闲(80%)
[2026-08-08 11:20:50] [W-6] 🔧 开始处理 [fork1] arpitjain799/msgpack-python
[2026-08-08 11:20:50] [W-6] 📝 已处理缓存: arpitjain799/msgpack-python
[2026-08-08 11:20:50] [W-6] ⏭️ [fork1] 仓库 https://github.com/arpitjain799/msgpack-python 28760h 未更新，跳过解析（无需追踪）
[2026-08-08 11:20:50] [W-6] ✅ 完成 [fork1] arpitjain799/msgpack-python | 提取 0 | 新增 0 | 耗时 0s | 配额 4235/4800 03:20UTC | 主队列 80/200 发现队列 195/20000 [[fork1]:165 [user0]:30] | Worker 29忙/7闲(80%)
[2026-08-08 11:20:50] [W-6] 🔧 开始处理 [fork1] jamestiotio/msgpack-python
[2026-08-08 11:20:50] [W-25] 🔧 开始处理 [fork1] dand-oss/msgpack-python
[2026-08-08 11:20:50] [W-25] 📝 已处理缓存: dand-oss/msgpack-python
[2026-08-08 11:20:50] [W-25] ⏭️ [fork1] 仓库 https://github.com/dand-oss/msgpack-python 29398h 未更新，跳过解析（无需追踪）
[2026-08-08 11:20:50] [W-25] ✅ 完成 [fork1] dand-oss/msgpack-python | 提取 0 | 新增 0 | 耗时 0s | 配额 4235/4800 03:20UTC | 主队列 80/200 发现队列 194/20000 [[fork1]:164 [user0]:30] | Worker 30忙/6闲(83%)
[2026-08-08 11:20:50] [W-25] 🔧 开始处理 [fork1] akapocsi/msgpack-python
[2026-08-08 11:20:50] [W-26] 📝 已处理缓存: jk1ng/msgpack-python
[2026-08-08 11:20:50] [W-26] ⏭️ [fork1] 仓库 https://github.com/jk1ng/msgpack-python 31142h 未更新，跳过解析（无需追踪）
[2026-08-08 11:20:50] [W-26] ✅ 完成 [fork1] jk1ng/msgpack-python | 提取 0 | 新增 0 | 耗时 1s | 配额 4234/4800 03:20UTC | 主队列 80/200 发现队列 193/20000 [[fork1]:163 [user0]:30] | Worker 30忙/6闲(83%)
[2026-08-08 11:20:50] [W-26] 🔧 开始处理 [fork1] rtobar/msgpack-python
[2026-08-08 11:20:50] [W-7] 📝 已处理缓存: AvdN/msgpack-python
[2026-08-08 11:20:50] [W-7] ⏭️ [fork1] 仓库 https://github.com/AvdN/msgpack-python 30038h 未更新，跳过解析（无需追踪）
[2026-08-08 11:20:50] [W-7] ✅ 完成 [fork1] AvdN/msgpack-python | 提取 0 | 新增 0 | 耗时 1s | 配额 4233/4800 03:20UTC | 主队列 80/200 发现队列 192/20000 [[fork1]:162 [user0]:30] | Worker 30忙/6闲(83%)
[2026-08-08 11:20:50] [W-7] 🔧 开始处理 [fork1] PhyllisLind/msgpack-python
[2026-08-08 11:20:50] [W-7] 📝 已处理缓存: PhyllisLind/msgpack-python
[2026-08-08 11:20:50] [W-7] ⏭️ [fork1] 仓库 https://github.com/PhyllisLind/msgpack-python 25912h 未更新，跳过解析（无需追踪）
[2026-08-08 11:20:50] [W-7] ✅ 完成 [fork1] PhyllisLind/msgpack-python | 提取 0 | 新增 0 | 耗时 0s | 配额 4233/4800 03:20UTC | 主队列 80/200 发现队列 191/20000 [[fork1]:161 [user0]:30] | Worker 30忙/6闲(83%)
[2026-08-08 11:20:50] [W-7] 🔧 开始处理 [fork1] MaudieKlocko/msgpack-python
[2026-08-08 11:20:50] [W-7] 📝 已处理缓存: MaudieKlocko/msgpack-python
[2026-08-08 11:20:50] [W-7] ⏭️ [fork1] 仓库 https://github.com/MaudieKlocko/msgpack-python 25993h 未更新，跳过解析（无需追踪）
[2026-08-08 11:20:50] [W-7] ✅ 完成 [fork1] MaudieKlocko/msgpack-python | 提取 0 | 新增 0 | 耗时 0s | 配额 4233/4800 03:20UTC | 主队列 80/200 发现队列 190/20000 [[fork1]:160 [user0]:30] | Worker 30忙/6闲(83%)
[2026-08-08 11:20:50] [W-7] 🔧 开始处理 [fork1] JasonBreitenberg/msgpack-python
[2026-08-08 11:20:50] [W-7] 📝 已处理缓存: JasonBreitenberg/msgpack-python
[2026-08-08 11:20:50] [W-7] ⏭️ [fork1] 仓库 https://github.com/JasonBreitenberg/msgpack-python 26121h 未更新，跳过解析（无需追踪）
[2026-08-08 11:20:50] [W-7] ✅ 完成 [fork1] JasonBreitenberg/msgpack-python | 提取 0 | 新增 0 | 耗时 0s | 配额 4233/4800 03:20UTC | 主队列 80/200 发现队列 189/20000 [[fork1]:159 [user0]:30] | Worker 30忙/6闲(83%)
[2026-08-08 11:20:50] [W-7] 🔧 开始处理 [fork1] RaphaelWilliamson/msgpack-python
[2026-08-08 11:20:50] [W-7] 📝 已处理缓存: RaphaelWilliamson/msgpack-python
[2026-08-08 11:20:50] [W-7] ⏭️ [fork1] 仓库 https://github.com/RaphaelWilliamson/msgpack-python 25820h 未更新，跳过解析（无需追踪）
[2026-08-08 11:20:50] [W-7] ✅ 完成 [fork1] RaphaelWilliamson/msgpack-python | 提取 0 | 新增 0 | 耗时 0s | 配额 4233/4800 03:20UTC | 主队列 80/200 发现队列 188/20000 [[fork1]:158 [user0]:30] | Worker 30忙/6闲(83%)
[2026-08-08 11:20:50] [W-7] 🔧 开始处理 [fork1] JohnathanPollich/msgpack-python
[2026-08-08 11:20:50] [W-7] 📝 已处理缓存: JohnathanPollich/msgpack-python
[2026-08-08 11:20:50] [W-7] ⏭️ [fork1] 仓库 https://github.com/JohnathanPollich/msgpack-python 26007h 未更新，跳过解析（无需追踪）
[2026-08-08 11:20:50] [W-7] ✅ 完成 [fork1] JohnathanPollich/msgpack-python | 提取 0 | 新增 0 | 耗时 0s | 配额 4233/4800 03:20UTC | 主队列 80/200 发现队列 187/20000 [[fork1]:157 [user0]:30] | Worker 30忙/6闲(83%)
[2026-08-08 11:20:50] [W-7] 🔧 开始处理 [fork1] Mubelotix/star-history
[2026-08-08 11:20:50] [W-7] 📝 已处理缓存: Mubelotix/star-history
[2026-08-08 11:20:50] [W-7] ⏭️ [fork1] 仓库 https://github.com/Mubelotix/star-history 30h 未更新，跳过解析（无需追踪）
[2026-08-08 11:20:50] [W-7] ✅ 完成 [fork1] Mubelotix/star-history | 提取 0 | 新增 0 | 耗时 0s | 配额 4233/4800 03:20UTC | 主队列 80/200 发现队列 186/20000 [[fork1]:156 [user0]:30] | Worker 30忙/6闲(83%)
[2026-08-08 11:20:50] [W-7] 🔧 开始处理 [fork1] thomwolf/hf-star-history
[2026-08-08 11:20:50] [W-7] 📝 已处理缓存: thomwolf/hf-star-history
[2026-08-08 11:20:50] [W-7] ⏭️ [fork1] 仓库 https://github.com/thomwolf/hf-star-history 27679h 未更新，跳过解析（无需追踪）
[2026-08-08 11:20:50] [W-7] ✅ 完成 [fork1] thomwolf/hf-star-history | 提取 0 | 新增 0 | 耗时 0s | 配额 4233/4800 03:20UTC | 主队列 80/200 发现队列 185/20000 [[fork1]:155 [user0]:30] | Worker 30忙/6闲(83%)
[2026-08-08 11:20:50] [W-7] 🔧 开始处理 [fork1] Emadalshamery/Emadalshameryc
[2026-08-08 11:20:50] [W-19] 📝 已处理缓存: chrismerck/msgpack-python
[2026-08-08 11:20:50] [W-19] ⏭️ [fork1] 仓库 https://github.com/chrismerck/msgpack-python 31142h 未更新，跳过解析（无需追踪）
[2026-08-08 11:20:50] [W-19] ✅ 完成 [fork1] chrismerck/msgpack-python | 提取 0 | 新增 0 | 耗时 1s | 配额 4232/4800 03:20UTC | 主队列 80/200 发现队列 184/20000 [[fork1]:154 [user0]:30] | Worker 30忙/6闲(83%)
[2026-08-08 11:20:50] [W-19] 🔧 开始处理 [fork1] jbampton/star-history
[2026-08-08 11:20:51] [W-6] 📝 已处理缓存: jamestiotio/msgpack-python
[2026-08-08 11:20:51] [W-6] ⏭️ [fork1] 仓库 https://github.com/jamestiotio/msgpack-python 28331h 未更新，跳过解析（无需追踪）
[2026-08-08 11:20:51] [W-6] ✅ 完成 [fork1] jamestiotio/msgpack-python | 提取 0 | 新增 0 | 耗时 1s | 配额 4231/4800 03:20UTC | 主队列 80/200 发现队列 183/20000 [[fork1]:153 [user0]:30] | Worker 30忙/6闲(83%)
[2026-08-08 11:20:51] [W-6] 🔧 开始处理 [fork1] FrancescoCioria/star-history
[2026-08-08 11:20:51] [W-6] 📝 已处理缓存: FrancescoCioria/star-history
[2026-08-08 11:20:51] [W-6] ⏭️ [fork1] 仓库 https://github.com/FrancescoCioria/star-history 79325h 未更新，跳过解析（无需追踪）
[2026-08-08 11:20:51] [W-6] ✅ 完成 [fork1] FrancescoCioria/star-history | 提取 0 | 新增 0 | 耗时 0s | 配额 4231/4800 03:20UTC | 主队列 80/200 发现队列 182/20000 [[fork1]:152 [user0]:30] | Worker 30忙/6闲(83%)
[2026-08-08 11:20:51] [W-6] 🔧 开始处理 [fork1] FelixMalfait/star-history
[2026-08-08 11:20:51] [W-6] 📝 已处理缓存: FelixMalfait/star-history
[2026-08-08 11:20:51] [W-6] ⏭️ [fork1] 仓库 https://github.com/FelixMalfait/star-history 23285h 未更新，跳过解析（无需追踪）
[2026-08-08 11:20:51] [W-6] ✅ 完成 [fork1] FelixMalfait/star-history | 提取 0 | 新增 0 | 耗时 0s | 配额 4231/4800 03:20UTC | 主队列 80/200 发现队列 181/20000 [[fork1]:151 [user0]:30] | Worker 30忙/6闲(83%)
[2026-08-08 11:20:51] [W-6] 🔧 开始处理 [fork1] ever-co/star-history
[2026-08-08 11:20:51] [W-6] 📝 已处理缓存: ever-co/star-history
[2026-08-08 11:20:51] [W-6] ⏭️ [fork1] 仓库 https://github.com/ever-co/star-history 63h 未更新，跳过解析（无需追踪）
[2026-08-08 11:20:51] [W-6] ✅ 完成 [fork1] ever-co/star-history | 提取 0 | 新增 0 | 耗时 0s | 配额 4231/4800 03:20UTC | 主队列 80/200 发现队列 180/20000 [[fork1]:150 [user0]:30] | Worker 30忙/6闲(83%)
[2026-08-08 11:20:51] [W-6] 🔧 开始处理 [fork1] NicolasNarvaez/star-history
[2026-08-08 11:20:51] [W-6] 📝 已处理缓存: NicolasNarvaez/star-history
[2026-08-08 11:20:51] [W-6] ⏭️ [fork1] 仓库 https://github.com/NicolasNarvaez/star-history 79325h 未更新，跳过解析（无需追踪）
[2026-08-08 11:20:51] [W-6] ✅ 完成 [fork1] NicolasNarvaez/star-history | 提取 0 | 新增 0 | 耗时 0s | 配额 4231/4800 03:20UTC | 主队列 80/200 发现队列 179/20000 [[fork1]:149 [user0]:30] | Worker 30忙/6闲(83%)
[2026-08-08 11:20:51] [W-6] 🔧 开始处理 [fork1] mongrzzzzzfr/star-history
[2026-08-08 11:20:51] [W-35] 仓库 https://github.com/Argh94/V2RayAutoConfig 候选文件 45 个
[2026-08-08 11:20:51] [W-26] 📝 已处理缓存: rtobar/msgpack-python
[2026-08-08 11:20:51] [W-26] ⏭️ [fork1] 仓库 https://github.com/rtobar/msgpack-python 19776h 未更新，跳过解析（无需追踪）
[2026-08-08 11:20:51] [W-26] ✅ 完成 [fork1] rtobar/msgpack-python | 提取 0 | 新增 0 | 耗时 1s | 配额 4230/4800 03:20UTC | 主队列 80/200 发现队列 178/20000 [[fork1]:148 [user0]:30] | Worker 30忙/6闲(83%)
[2026-08-08 11:20:51] [W-26] 🔧 开始处理 [fork1] xuanhun/github-data-analysis-
[2026-08-08 11:20:51] [W-26] 📝 已处理缓存: xuanhun/github-data-analysis-
[2026-08-08 11:20:51] [W-26] ⏭️ [fork1] 仓库 https://github.com/xuanhun/github-data-analysis- 5320h 未更新，跳过解析（无需追踪）
[2026-08-08 11:20:51] [W-26] ✅ 完成 [fork1] xuanhun/github-data-analysis- | 提取 0 | 新增 0 | 耗时 0s | 配额 4230/4800 03:20UTC | 主队列 80/200 发现队列 177/20000 [[fork1]:147 [user0]:30] | Worker 30忙/6闲(83%)
[2026-08-08 11:20:51] [W-26] 🔧 开始处理 [fork1] v1r3n/star-history
[2026-08-08 11:20:51] [W-19] 📝 已处理缓存: jbampton/star-history
[2026-08-08 11:20:51] [W-19] ⏭️ [fork1] 仓库 https://github.com/jbampton/star-history 9382h 未更新，跳过解析（无需追踪）
[2026-08-08 11:20:51] [W-19] ✅ 完成 [fork1] jbampton/star-history | 提取 0 | 新增 0 | 耗时 1s | 配额 4229/4800 03:20UTC | 主队列 80/200 发现队列 176/20000 [[fork1]:146 [user0]:30] | Worker 30忙/6闲(83%)
[2026-08-08 11:20:51] [W-19] 🔧 开始处理 [种子仓库] phpmooc/v2rayN [种子 146/744]
[2026-08-08 11:20:51] [W-25] 📝 已处理缓存: akapocsi/msgpack-python
[2026-08-08 11:20:51] [W-25] ⏭️ [fork1] 仓库 https://github.com/akapocsi/msgpack-python 28139h 未更新，跳过解析（无需追踪）
[2026-08-08 11:20:51] [W-25] ✅ 完成 [fork1] akapocsi/msgpack-python | 提取 0 | 新增 0 | 耗时 1s | 配额 4228/4800 03:20UTC | 主队列 79/200 发现队列 176/20000 [[fork1]:146 [user0]:30] | Worker 30忙/6闲(83%)
[2026-08-08 11:20:51] [W-25] 🔧 开始处理 [fork1] basilysf1709/star-history
[2026-08-08 11:20:51] [W-7] 📝 已处理缓存: Emadalshamery/Emadalshameryc
[2026-08-08 11:20:51] [W-7] ⏭️ [fork1] 仓库 https://github.com/Emadalshamery/Emadalshameryc 6266h 未更新，跳过解析（无需追踪）
[2026-08-08 11:20:51] [W-7] ✅ 完成 [fork1] Emadalshamery/Emadalshameryc | 提取 0 | 新增 0 | 耗时 1s | 配额 4227/4800 03:20UTC | 主队列 79/200 发现队列 175/20000 [[fork1]:145 [user0]:30] | Worker 30忙/6闲(83%)
[2026-08-08 11:20:51] [W-7] 🔧 开始处理 [fork1] librefox-watcher/star-history
[2026-08-08 11:20:51] [W-7] 📝 已处理缓存: librefox-watcher/star-history
[2026-08-08 11:20:51] [W-7] ⏭️ [fork1] 仓库 https://github.com/librefox-watcher/star-history 65066h 未更新，跳过解析（无需追踪）
[2026-08-08 11:20:51] [W-7] ✅ 完成 [fork1] librefox-watcher/star-history | 提取 0 | 新增 0 | 耗时 0s | 配额 4227/4800 03:20UTC | 主队列 79/200 发现队列 174/20000 [[fork1]:144 [user0]:30] | Worker 30忙/6闲(83%)
[2026-08-08 11:20:51] [W-7] 🔧 开始处理 [fork1] TommyLemon/star-history
[2026-08-08 11:20:51] [W-7] 📝 已处理缓存: TommyLemon/star-history
[2026-08-08 11:20:51] [W-7] ⏭️ [fork1] 仓库 https://github.com/TommyLemon/star-history 64417h 未更新，跳过解析（无需追踪）
[2026-08-08 11:20:51] [W-7] ✅ 完成 [fork1] TommyLemon/star-history | 提取 0 | 新增 0 | 耗时 0s | 配额 4227/4800 03:20UTC | 主队列 79/200 发现队列 173/20000 [[fork1]:143 [user0]:30] | Worker 30忙/6闲(83%)
[2026-08-08 11:20:51] [W-7] 🔧 开始处理 [fork1] DorisTheChef/star-history
[2026-08-08 11:20:52] [W-6] 📝 已处理缓存: mongrzzzzzfr/star-history
[2026-08-08 11:20:52] [W-6] ⏭️ [fork1] 仓库 https://github.com/mongrzzzzzfr/star-history 42865h 未更新，跳过解析（无需追踪）
[2026-08-08 11:20:52] [W-6] ✅ 完成 [fork1] mongrzzzzzfr/star-history | 提取 0 | 新增 0 | 耗时 1s | 配额 4226/4800 03:20UTC | 主队列 79/200 发现队列 172/20000 [[fork1]:142 [user0]:30] | Worker 30忙/6闲(83%)
[2026-08-08 11:20:52] [W-6] 🔧 开始处理 [种子仓库] FairyWorld/fq_v2rayN [种子 147/744]
[2026-08-08 11:20:52] [W-26] 📝 已处理缓存: v1r3n/star-history
[2026-08-08 11:20:52] [W-26] ⏭️ [fork1] 仓库 https://github.com/v1r3n/star-history 26614h 未更新，跳过解析（无需追踪）
[2026-08-08 11:20:52] [W-26] ✅ 完成 [fork1] v1r3n/star-history | 提取 0 | 新增 0 | 耗时 1s | 配额 4225/4800 03:20UTC | 主队列 78/200 发现队列 172/20000 [[fork1]:142 [user0]:30] | Worker 30忙/6闲(83%)
[2026-08-08 11:20:52] [W-26] 🔧 开始处理 [fork1] lvcster/star-history
[2026-08-08 11:20:52] [W-7] 📝 已处理缓存: DorisTheChef/star-history
[2026-08-08 11:20:52] [W-7] ⏭️ [fork1] 仓库 https://github.com/DorisTheChef/star-history 9382h 未更新，跳过解析（无需追踪）
[2026-08-08 11:20:52] [W-7] ✅ 完成 [fork1] DorisTheChef/star-history | 提取 0 | 新增 0 | 耗时 1s | 配额 4224/4800 03:20UTC | 主队列 78/200 发现队列 171/20000 [[fork1]:141 [user0]:30] | Worker 30忙/6闲(83%)
[2026-08-08 11:20:52] [W-7] 🔧 开始处理 [fork1] HumanAIGC/star-history
[2026-08-08 11:20:52] [W-19] ⏭️ [种子仓库] 仓库 https://github.com/phpmooc/v2rayN 已解析，跳过解析（无需追踪）
[2026-08-08 11:20:52] [W-19] ✅ 完成 [种子仓库] phpmooc/v2rayN [种子 146/744] | 提取 0 | 新增 0 | 耗时 1s | 配额 4223/4800 03:20UTC | 主队列 78/200 发现队列 170/20000 [[fork1]:140 [user0]:30] | Worker 30忙/6闲(83%)
[2026-08-08 11:20:53] [W-19] 🔧 开始处理 [fork1] caofanCPU/star-history
[2026-08-08 11:20:53] [W-25] 📝 已处理缓存: basilysf1709/star-history
[2026-08-08 11:20:53] [W-25] ⏭️ [fork1] 仓库 https://github.com/basilysf1709/star-history 17848h 未更新，跳过解析（无需追踪）
[2026-08-08 11:20:53] [W-25] ✅ 完成 [fork1] basilysf1709/star-history | 提取 0 | 新增 0 | 耗时 1s | 配额 4222/4800 03:20UTC | 主队列 78/200 发现队列 169/20000 [[fork1]:139 [user0]:30] | Worker 30忙/6闲(83%)
[2026-08-08 11:20:53] [W-25] 🔧 开始处理 [种子仓库] Corey01327/v2rayN [种子 148/744]
[2026-08-08 11:20:53] [W-26] 📝 已处理缓存: lvcster/star-history
[2026-08-08 11:20:53] [W-26] ⏭️ [fork1] 仓库 https://github.com/lvcster/star-history 8651h 未更新，跳过解析（无需追踪）
[2026-08-08 11:20:53] [W-26] ✅ 完成 [fork1] lvcster/star-history | 提取 0 | 新增 0 | 耗时 1s | 配额 4221/4800 03:20UTC | 主队列 77/200 发现队列 169/20000 [[fork1]:139 [user0]:30] | Worker 30忙/6闲(83%)
[2026-08-08 11:20:53] [W-26] 🔧 开始处理 [fork1] gooin/star-history
[2026-08-08 11:20:53] [W-26] 📝 已处理缓存: gooin/star-history
[2026-08-08 11:20:53] [W-26] ⏭️ [fork1] 仓库 https://github.com/gooin/star-history 34673h 未更新，跳过解析（无需追踪）
[2026-08-08 11:20:53] [W-26] ✅ 完成 [fork1] gooin/star-history | 提取 0 | 新增 0 | 耗时 0s | 配额 4221/4800 03:20UTC | 主队列 77/200 发现队列 168/20000 [[fork1]:138 [user0]:30] | Worker 30忙/6闲(83%)
[2026-08-08 11:20:53] [W-26] 🔧 开始处理 [fork1] doc22940/star-history
[2026-08-08 11:20:53] [W-6] ⏭️ [种子仓库] 仓库 https://github.com/FairyWorld/fq_v2rayN 已解析，跳过解析（无需追踪）
[2026-08-08 11:20:53] [W-6] ✅ 完成 [种子仓库] FairyWorld/fq_v2rayN [种子 147/744] | 提取 0 | 新增 0 | 耗时 1s | 配额 4220/4800 03:20UTC | 主队列 77/200 发现队列 167/20000 [[fork1]:137 [user0]:30] | Worker 30忙/6闲(83%)
[2026-08-08 11:20:53] [W-6] 🔧 开始处理 [fork1] xinbenlv/star-history
[2026-08-08 11:20:53] [W-7] 📝 已处理缓存: HumanAIGC/star-history
[2026-08-08 11:20:53] [W-7] ⏭️ [fork1] 仓库 https://github.com/HumanAIGC/star-history 23229h 未更新，跳过解析（无需追踪）
[2026-08-08 11:20:53] [W-7] ✅ 完成 [fork1] HumanAIGC/star-history | 提取 0 | 新增 0 | 耗时 1s | 配额 4219/4800 03:20UTC | 主队列 77/200 发现队列 166/20000 [[fork1]:136 [user0]:30] | Worker 30忙/6闲(83%)
[2026-08-08 11:20:53] [W-7] 🔧 开始处理 [fork1] DovieW/star-history
[2026-08-08 11:20:53] [W-7] 📝 已处理缓存: DovieW/star-history
[2026-08-08 11:20:53] [W-7] ⏭️ [fork1] 仓库 https://github.com/DovieW/star-history 17531h 未更新，跳过解析（无需追踪）
[2026-08-08 11:20:53] [W-7] ✅ 完成 [fork1] DovieW/star-history | 提取 0 | 新增 0 | 耗时 0s | 配额 4219/4800 03:20UTC | 主队列 77/200 发现队列 165/20000 [[fork1]:135 [user0]:30] | Worker 30忙/6闲(83%)
[2026-08-08 11:20:53] [W-7] 🔧 开始处理 [fork1] ajschumacher/star-history
[2026-08-08 11:20:53] [W-7] 📝 已处理缓存: ajschumacher/star-history
[2026-08-08 11:20:53] [W-7] ⏭️ [fork1] 仓库 https://github.com/ajschumacher/star-history 89574h 未更新，跳过解析（无需追踪）
[2026-08-08 11:20:53] [W-7] ✅ 完成 [fork1] ajschumacher/star-history | 提取 0 | 新增 0 | 耗时 0s | 配额 4219/4800 03:20UTC | 主队列 77/200 发现队列 164/20000 [[fork1]:134 [user0]:30] | Worker 30忙/6闲(83%)
[2026-08-08 11:20:53] [W-7] 🔧 开始处理 [fork1] psantiago/star-history
[2026-08-08 11:20:53] [W-7] 📝 已处理缓存: psantiago/star-history
[2026-08-08 11:20:53] [W-7] ⏭️ [fork1] 仓库 https://github.com/psantiago/star-history 89569h 未更新，跳过解析（无需追踪）
[2026-08-08 11:20:53] [W-7] ✅ 完成 [fork1] psantiago/star-history | 提取 0 | 新增 0 | 耗时 0s | 配额 4219/4800 03:20UTC | 主队列 77/200 发现队列 163/20000 [[fork1]:133 [user0]:30] | Worker 30忙/6闲(83%)
[2026-08-08 11:20:53] [W-7] 🔧 开始处理 [fork1] projects-1992/star-history
[2026-08-08 11:20:54] [W-25] ⏭️ [种子仓库] 仓库 https://github.com/Corey01327/v2rayN 已解析，跳过解析（无需追踪）
[2026-08-08 11:20:54] [W-25] ✅ 完成 [种子仓库] Corey01327/v2rayN [种子 148/744] | 提取 0 | 新增 0 | 耗时 1s | 配额 4218/4800 03:20UTC | 主队列 77/200 发现队列 162/20000 [[fork1]:132 [user0]:30] | Worker 30忙/6闲(83%)
[2026-08-08 11:20:54] [W-25] 🔧 开始处理 [fork1] shengwang52005/star-history
[2026-08-08 11:20:54] [W-25] 📝 已处理缓存: shengwang52005/star-history
[2026-08-08 11:20:54] [W-25] ⏭️ [fork1] 仓库 https://github.com/shengwang52005/star-history 17249h 未更新，跳过解析（无需追踪）
[2026-08-08 11:20:54] [W-25] ✅ 完成 [fork1] shengwang52005/star-history | 提取 0 | 新增 0 | 耗时 0s | 配额 4218/4800 03:20UTC | 主队列 77/200 发现队列 161/20000 [[fork1]:131 [user0]:30] | Worker 30忙/6闲(83%)
[2026-08-08 11:20:54] [W-25] 🔧 开始处理 [fork1] wallstreetcalling/star-history
[2026-08-08 11:20:54] [W-19] 📝 已处理缓存: caofanCPU/star-history
[2026-08-08 11:20:54] [W-19] ⏭️ [fork1] 仓库 https://github.com/caofanCPU/star-history 59367h 未更新，跳过解析（无需追踪）
[2026-08-08 11:20:54] [W-19] ✅ 完成 [fork1] caofanCPU/star-history | 提取 0 | 新增 0 | 耗时 1s | 配额 4217/4800 03:20UTC | 主队列 77/200 发现队列 160/20000 [[fork1]:130 [user0]:30] | Worker 30忙/6闲(83%)
[2026-08-08 11:20:54] [W-19] 🔧 开始处理 [fork1] nirajpandkar/star-history
[2026-08-08 11:20:54] [W-19] 📝 已处理缓存: nirajpandkar/star-history
[2026-08-08 11:20:54] [W-19] ⏭️ [fork1] 仓库 https://github.com/nirajpandkar/star-history 87758h 未更新，跳过解析（无需追踪）
[2026-08-08 11:20:54] [W-19] ✅ 完成 [fork1] nirajpandkar/star-history | 提取 0 | 新增 0 | 耗时 0s | 配额 4217/4800 03:20UTC | 主队列 77/200 发现队列 159/20000 [[fork1]:129 [user0]:30] | Worker 30忙/6闲(83%)
[2026-08-08 11:20:54] [W-19] 🔧 开始处理 [fork1] DarkWarrior001/star-history
[2026-08-08 11:20:54] [W-26] 📝 已处理缓存: doc22940/star-history
[2026-08-08 11:20:54] [W-26] ⏭️ [fork1] 仓库 https://github.com/doc22940/star-history 48433h 未更新，跳过解析（无需追踪）
[2026-08-08 11:20:54] [W-26] ✅ 完成 [fork1] doc22940/star-history | 提取 0 | 新增 0 | 耗时 1s | 配额 4216/4800 03:20UTC | 主队列 77/200 发现队列 158/20000 [[fork1]:128 [user0]:30] | Worker 30忙/6闲(83%)
[2026-08-08 11:20:54] [W-26] 🔧 开始处理 [fork1] jiangedge/star-history
[2026-08-08 11:20:55] [W-19] 📝 已处理缓存: DarkWarrior001/star-history
[2026-08-08 11:20:55] [W-19] ⏭️ [fork1] 仓库 https://github.com/DarkWarrior001/star-history 740h 未更新，跳过解析（无需追踪）
[2026-08-08 11:20:55] [W-19] ✅ 完成 [fork1] DarkWarrior001/star-history | 提取 0 | 新增 0 | 耗时 1s | 配额 4215/4800 03:20UTC | 主队列 77/200 发现队列 157/20000 [[fork1]:127 [user0]:30] | Worker 30忙/6闲(83%)
[2026-08-08 11:20:55] [W-19] 🔧 开始处理 [fork1] junlintu/star-history
[2026-08-08 11:20:55] [W-19] 📝 已处理缓存: junlintu/star-history
[2026-08-08 11:20:55] [W-19] ⏭️ [fork1] 仓库 https://github.com/junlintu/star-history 86509h 未更新，跳过解析（无需追踪）
[2026-08-08 11:20:55] [W-19] ✅ 完成 [fork1] junlintu/star-history | 提取 0 | 新增 0 | 耗时 0s | 配额 4215/4800 03:20UTC | 主队列 77/200 发现队列 156/20000 [[fork1]:126 [user0]:30] | Worker 30忙/6闲(83%)
[2026-08-08 11:20:55] [W-19] 🔧 开始处理 [fork1] RazcoDev/producthunt-votes-history
[2026-08-08 11:20:55] [W-6] 📝 已处理缓存: xinbenlv/star-history
[2026-08-08 11:20:55] [W-6] ⏭️ [fork1] 仓库 https://github.com/xinbenlv/star-history 29331h 未更新，跳过解析（无需追踪）
[2026-08-08 11:20:55] [W-6] ✅ 完成 [fork1] xinbenlv/star-history | 提取 0 | 新增 0 | 耗时 2s | 配额 4214/4800 03:20UTC | 主队列 77/200 发现队列 155/20000 [[fork1]:125 [user0]:30] | Worker 30忙/6闲(83%)
[2026-08-08 11:20:55] [W-6] 🔧 开始处理 [fork1] Hisho123/star-history
[2026-08-08 11:20:55] [W-25] 📝 已处理缓存: wallstreetcalling/star-history
[2026-08-08 11:20:55] [W-25] ⏭️ [fork1] 仓库 https://github.com/wallstreetcalling/star-history 45645h 未更新，跳过解析（无需追踪）
[2026-08-08 11:20:55] [W-25] ✅ 完成 [fork1] wallstreetcalling/star-history | 提取 0 | 新增 0 | 耗时 1s | 配额 4213/4800 03:20UTC | 主队列 77/200 发现队列 154/20000 [[fork1]:124 [user0]:30] | Worker 30忙/6闲(83%)
[2026-08-08 11:20:55] [W-25] 🔧 开始处理 [fork1] killmen136/star-history
[2026-08-08 11:20:55] [W-26] 📝 已处理缓存: jiangedge/star-history
[2026-08-08 11:20:55] [W-26] ⏭️ [fork1] 仓库 https://github.com/jiangedge/star-history 25727h 未更新，跳过解析（无需追踪）
[2026-08-08 11:20:55] [W-26] ✅ 完成 [fork1] jiangedge/star-history | 提取 0 | 新增 0 | 耗时 1s | 配额 4212/4800 03:20UTC | 主队列 77/200 发现队列 153/20000 [[fork1]:123 [user0]:30] | Worker 30忙/6闲(83%)
[2026-08-08 11:20:55] [W-7] 📝 已处理缓存: projects-1992/star-history
[2026-08-08 11:20:55] [W-7] ⏭️ [fork1] 仓库 https://github.com/projects-1992/star-history 49703h 未更新，跳过解析（无需追踪）
[2026-08-08 11:20:55] [W-7] ✅ 完成 [fork1] projects-1992/star-history | 提取 0 | 新增 0 | 耗时 2s | 配额 4211/4800 03:20UTC | 主队列 77/200 发现队列 152/20000 [[fork1]:122 [user0]:30] | Worker 29忙/7闲(80%)
[2026-08-08 11:20:55] [W-7] 🔧 开始处理 [种子仓库] gowing520/v2rayN [种子 149/744]
[2026-08-08 11:20:55] [W-19] 📝 已处理缓存: RazcoDev/producthunt-votes-history
[2026-08-08 11:20:55] [W-19] ⏭️ [fork1] 仓库 https://github.com/RazcoDev/producthunt-votes-history 26965h 未更新，跳过解析（无需追踪）
[2026-08-08 11:20:55] [W-19] ✅ 完成 [fork1] RazcoDev/producthunt-votes-history | 提取 0 | 新增 0 | 耗时 1s | 配额 4210/4800 03:20UTC | 主队列 76/200 发现队列 152/20000 [[fork1]:122 [user0]:30] | Worker 29忙/7闲(80%)
[2026-08-08 11:20:55] [W-26] 🔧 开始处理 [fork1] Mu-L/star-history
[2026-08-08 11:20:55] [W-26] 📝 已处理缓存: Mu-L/star-history
[2026-08-08 11:20:55] [W-26] ⏭️ [fork1] 仓库 https://github.com/Mu-L/star-history 13478h 未更新，跳过解析（无需追踪）
[2026-08-08 11:20:55] [W-26] ✅ 完成 [fork1] Mu-L/star-history | 提取 0 | 新增 0 | 耗时 0s | 配额 4210/4800 03:20UTC | 主队列 76/200 发现队列 151/20000 [[fork1]:121 [user0]:30] | Worker 29忙/7闲(80%)
[2026-08-08 11:20:55] [W-26] 🔧 开始处理 [fork1] mc-Tongtianyema/star-history
[2026-08-08 11:20:55] [W-26] 📝 已处理缓存: mc-Tongtianyema/star-history
[2026-08-08 11:20:55] [W-26] ⏭️ [fork1] 仓库 https://github.com/mc-Tongtianyema/star-history 5247h 未更新，跳过解析（无需追踪）
[2026-08-08 11:20:55] [W-26] ✅ 完成 [fork1] mc-Tongtianyema/star-history | 提取 0 | 新增 0 | 耗时 0s | 配额 4210/4800 03:20UTC | 主队列 76/200 发现队列 150/20000 [[fork1]:120 [user0]:30] | Worker 29忙/7闲(80%)
[2026-08-08 11:20:55] [W-26] 🔧 开始处理 [fork1] bitsf/star-history
[2026-08-08 11:20:56] [W-19] 🔧 开始处理 [fork1] v-a-kernel/star-history
[2026-08-08 11:20:56] [W-19] 📝 已处理缓存: v-a-kernel/star-history
[2026-08-08 11:20:56] [W-19] ⏭️ [fork1] 仓库 https://github.com/v-a-kernel/star-history 86509h 未更新，跳过解析（无需追踪）
[2026-08-08 11:20:56] [W-19] ✅ 完成 [fork1] v-a-kernel/star-history | 提取 0 | 新增 0 | 耗时 0s | 配额 4210/4800 03:20UTC | 主队列 76/200 发现队列 149/20000 [[fork1]:119 [user0]:30] | Worker 30忙/6闲(83%)
[2026-08-08 11:20:56] [W-19] 🔧 开始处理 [fork1] suzaku/star-history
[2026-08-08 11:20:56] [W-6] 📝 已处理缓存: Hisho123/star-history
[2026-08-08 11:20:56] [W-6] ⏭️ [fork1] 仓库 https://github.com/Hisho123/star-history 6449h 未更新，跳过解析（无需追踪）
[2026-08-08 11:20:56] [W-6] ✅ 完成 [fork1] Hisho123/star-history | 提取 0 | 新增 0 | 耗时 1s | 配额 4209/4800 03:20UTC | 主队列 76/200 发现队列 148/20000 [[fork1]:118 [user0]:30] | Worker 30忙/6闲(83%)
[2026-08-08 11:20:56] [W-6] 🔧 开始处理 [fork1] payne911/star-history
[2026-08-08 11:20:56] [W-7] ⏭️ [种子仓库] 仓库 https://github.com/gowing520/v2rayN 已解析，跳过解析（无需追踪）
[2026-08-08 11:20:56] [W-7] ✅ 完成 [种子仓库] gowing520/v2rayN [种子 149/744] | 提取 0 | 新增 0 | 耗时 1s | 配额 4208/4800 03:20UTC | 主队列 76/200 发现队列 147/20000 [[fork1]:117 [user0]:30] | Worker 30忙/6闲(83%)
[2026-08-08 11:20:56] [W-7] 🔧 开始处理 [fork1] lysomuch/star-history
[2026-08-08 11:20:57] [W-26] 📝 已处理缓存: bitsf/star-history
[2026-08-08 11:20:57] [W-26] ⏭️ [fork1] 仓库 https://github.com/bitsf/star-history 54216h 未更新，跳过解析（无需追踪）
[2026-08-08 11:20:57] [W-26] ✅ 完成 [fork1] bitsf/star-history | 提取 0 | 新增 0 | 耗时 1s | 配额 4207/4800 03:20UTC | 主队列 76/200 发现队列 146/20000 [[fork1]:116 [user0]:30] | Worker 30忙/6闲(83%)
[2026-08-08 11:20:57] [W-26] 🔧 开始处理 [种子仓库] mengzhisuoliu/v2rayNG [种子 150/744]
[2026-08-08 11:20:57] [W-19] 📝 已处理缓存: suzaku/star-history
[2026-08-08 11:20:57] [W-19] ⏭️ [fork1] 仓库 https://github.com/suzaku/star-history 38304h 未更新，跳过解析（无需追踪）
[2026-08-08 11:20:57] [W-19] ✅ 完成 [fork1] suzaku/star-history | 提取 0 | 新增 0 | 耗时 1s | 配额 4206/4800 03:20UTC | 主队列 75/200 发现队列 146/20000 [[fork1]:116 [user0]:30] | Worker 30忙/6闲(83%)
[2026-08-08 11:20:57] [W-19] 🔧 开始处理 [fork1] mac0303/star-history
[2026-08-08 11:20:57] [W-25] 📝 已处理缓存: killmen136/star-history
[2026-08-08 11:20:57] [W-25] ⏭️ [fork1] 仓库 https://github.com/killmen136/star-history 47888h 未更新，跳过解析（无需追踪）
[2026-08-08 11:20:57] [W-25] ✅ 完成 [fork1] killmen136/star-history | 提取 0 | 新增 0 | 耗时 2s | 配额 4205/4800 03:20UTC | 主队列 75/200 发现队列 145/20000 [[fork1]:115 [user0]:30] | Worker 30忙/6闲(83%)
[2026-08-08 11:20:57] [W-25] 🔧 开始处理 [fork1] Coffee-Boyy/star-history
[2026-08-08 11:20:57] [W-19] 📝 已处理缓存: mac0303/star-history
[2026-08-08 11:20:57] [W-19] ⏭️ [fork1] 仓库 https://github.com/mac0303/star-history 79325h 未更新，跳过解析（无需追踪）
[2026-08-08 11:20:57] [W-19] ✅ 完成 [fork1] mac0303/star-history | 提取 0 | 新增 0 | 耗时 0s | 配额 4205/4800 03:20UTC | 主队列 75/200 发现队列 144/20000 [[fork1]:114 [user0]:30] | Worker 30忙/6闲(83%)
[2026-08-08 11:20:57] [W-19] 🔧 开始处理 [fork1] zqqcee/star-history
[2026-08-08 11:20:58] [W-7] 📝 已处理缓存: lysomuch/star-history
[2026-08-08 11:20:58] [W-7] ⏭️ [fork1] 仓库 https://github.com/lysomuch/star-history 17031h 未更新，跳过解析（无需追踪）
[2026-08-08 11:20:58] [W-7] ✅ 完成 [fork1] lysomuch/star-history | 提取 0 | 新增 0 | 耗时 1s | 配额 4204/4800 03:20UTC | 主队列 75/200 发现队列 143/20000 [[fork1]:113 [user0]:30] | Worker 30忙/6闲(83%)
[2026-08-08 11:20:58] [W-7] 🔧 开始处理 [fork1] kevinpjk/star-history
[2026-08-08 11:20:58] [W-7] 📝 已处理缓存: kevinpjk/star-history
[2026-08-08 11:20:58] [W-7] ⏭️ [fork1] 仓库 https://github.com/kevinpjk/star-history 49848h 未更新，跳过解析（无需追踪）
[2026-08-08 11:20:58] [W-7] ✅ 完成 [fork1] kevinpjk/star-history | 提取 0 | 新增 0 | 耗时 0s | 配额 4204/4800 03:20UTC | 主队列 75/200 发现队列 142/20000 [[fork1]:112 [user0]:30] | Worker 30忙/6闲(83%)
[2026-08-08 11:20:58] [W-7] 🔧 开始处理 [fork1] carloslindhstrom-code/star-history
[2026-08-08 11:20:58] [W-6] 📝 已处理缓存: payne911/star-history
[2026-08-08 11:20:58] [W-6] ⏭️ [fork1] 仓库 https://github.com/payne911/star-history 46663h 未更新，跳过解析（无需追踪）
[2026-08-08 11:20:58] [W-6] ✅ 完成 [fork1] payne911/star-history | 提取 0 | 新增 0 | 耗时 2s | 配额 4203/4800 03:20UTC | 主队列 75/200 发现队列 141/20000 [[fork1]:111 [user0]:30] | Worker 30忙/6闲(83%)
[2026-08-08 11:20:58] [W-19] 📝 已处理缓存: zqqcee/star-history
[2026-08-08 11:20:58] [W-19] ⏭️ [fork1] 仓库 https://github.com/zqqcee/star-history 24786h 未更新，跳过解析（无需追踪）
[2026-08-08 11:20:58] [W-19] ✅ 完成 [fork1] zqqcee/star-history | 提取 0 | 新增 0 | 耗时 1s | 配额 4202/4800 03:20UTC | 主队列 75/200 发现队列 140/20000 [[fork1]:110 [user0]:30] | Worker 29忙/7闲(80%)
[2026-08-08 11:20:58] [W-6] 🔧 开始处理 [fork1] CrackerCat/star-history
[2026-08-08 11:20:58] [W-19] 🔧 开始处理 [fork1] BashkaPRO/star-history
[2026-08-08 11:20:58] [W-25] 📝 已处理缓存: Coffee-Boyy/star-history
[2026-08-08 11:20:58] [W-25] ⏭️ [fork1] 仓库 https://github.com/Coffee-Boyy/star-history 10616h 未更新，跳过解析（无需追踪）
[2026-08-08 11:20:58] [W-25] ✅ 完成 [fork1] Coffee-Boyy/star-history | 提取 0 | 新增 0 | 耗时 1s | 配额 4201/4800 03:20UTC | 主队列 75/200 发现队列 139/20000 [[fork1]:109 [user0]:30] | Worker 30忙/6闲(83%)
[2026-08-08 11:20:58] [W-25] 🔧 开始处理 [fork1] MengTing0612/star-history
[2026-08-08 11:20:59] [W-26] [种子仓库] 仓库 https://github.com/mengzhisuoliu/v2rayNG (分支: master, size: 36676KB, pushed: 2026-08-07T16:49:28Z)
[2026-08-08 11:20:59] [W-7] 📝 已处理缓存: carloslindhstrom-code/star-history
[2026-08-08 11:20:59] [W-7] ⏭️ [fork1] 仓库 https://github.com/carloslindhstrom-code/star-history 2395h 未更新，跳过解析（无需追踪）
[2026-08-08 11:20:59] [W-7] ✅ 完成 [fork1] carloslindhstrom-code/star-history | 提取 0 | 新增 0 | 耗时 1s | 配额 4199/4800 03:20UTC | 主队列 75/200 发现队列 138/20000 [[fork1]:108 [user0]:30] | Worker 30忙/6闲(83%)
[2026-08-08 11:20:59] [W-7] 🔧 开始处理 [fork1] du406470427/star-history
[2026-08-08 11:21:00] [W-25] 📝 已处理缓存: MengTing0612/star-history
[2026-08-08 11:21:00] [W-25] ⏭️ [fork1] 仓库 https://github.com/MengTing0612/star-history 17220h 未更新，跳过解析（无需追踪）
[2026-08-08 11:21:00] [W-25] ✅ 完成 [fork1] MengTing0612/star-history | 提取 0 | 新增 0 | 耗时 2s | 配额 4198/4800 03:21UTC | 主队列 75/200 发现队列 137/20000 [[fork1]:107 [user0]:30] | Worker 30忙/6闲(83%)
[2026-08-08 11:21:00] [W-25] 🔧 开始处理 [fork1] keyzf/star-history
[2026-08-08 11:21:00] [W-6] 📝 已处理缓存: CrackerCat/star-history
[2026-08-08 11:21:00] [W-6] ⏭️ [fork1] 仓库 https://github.com/CrackerCat/star-history 47928h 未更新，跳过解析（无需追踪）
[2026-08-08 11:21:00] [W-6] ✅ 完成 [fork1] CrackerCat/star-history | 提取 0 | 新增 0 | 耗时 2s | 配额 4197/4800 03:21UTC | 主队列 75/200 发现队列 136/20000 [[fork1]:106 [user0]:30] | Worker 30忙/6闲(83%)
[2026-08-08 11:21:00] [W-19] 📝 已处理缓存: BashkaPRO/star-history
[2026-08-08 11:21:00] [W-19] ⏭️ [fork1] 仓库 https://github.com/BashkaPRO/star-history 3424h 未更新，跳过解析（无需追踪）
[2026-08-08 11:21:00] [W-19] ✅ 完成 [fork1] BashkaPRO/star-history | 提取 0 | 新增 0 | 耗时 2s | 配额 4196/4800 03:21UTC | 主队列 75/200 发现队列 135/20000 [[fork1]:105 [user0]:30] | Worker 29忙/7闲(80%)
[2026-08-08 11:21:00] [W-19] 🔧 开始处理 [fork1] nipunsaif/star-history
[2026-08-08 11:21:00] [W-6] 🔧 开始处理 [fork1] yanshay/star-history
[2026-08-08 11:21:00] [W-6] 📝 已处理缓存: yanshay/star-history
[2026-08-08 11:21:00] [W-6] ⏭️ [fork1] 仓库 https://github.com/yanshay/star-history 35338h 未更新，跳过解析（无需追踪）
[2026-08-08 11:21:00] [W-6] ✅ 完成 [fork1] yanshay/star-history | 提取 0 | 新增 0 | 耗时 0s | 配额 4196/4800 03:21UTC | 主队列 75/200 发现队列 134/20000 [[fork1]:104 [user0]:30] | Worker 30忙/6闲(83%)
[2026-08-08 11:21:00] [W-6] 🔧 开始处理 [fork1] baiyongzhen/star-history
[2026-08-08 11:21:00] [W-6] 📝 已处理缓存: baiyongzhen/star-history
[2026-08-08 11:21:00] [W-6] ⏭️ [fork1] 仓库 https://github.com/baiyongzhen/star-history 79325h 未更新，跳过解析（无需追踪）
[2026-08-08 11:21:00] [W-6] ✅ 完成 [fork1] baiyongzhen/star-history | 提取 0 | 新增 0 | 耗时 0s | 配额 4196/4800 03:21UTC | 主队列 75/200 发现队列 133/20000 [[fork1]:103 [user0]:30] | Worker 30忙/6闲(83%)
[2026-08-08 11:21:00] [W-6] 🔧 开始处理 [fork1] xrf-9527/star-history
[2026-08-08 11:21:01] [W-7] 📝 已处理缓存: du406470427/star-history
[2026-08-08 11:21:01] [W-7] ⏭️ [fork1] 仓库 https://github.com/du406470427/star-history 13176h 未更新，跳过解析（无需追踪）
[2026-08-08 11:21:01] [W-7] ✅ 完成 [fork1] du406470427/star-history | 提取 0 | 新增 0 | 耗时 2s | 配额 4195/4800 03:21UTC | 主队列 75/200 发现队列 132/20000 [[fork1]:102 [user0]:30] | Worker 30忙/6闲(83%)
[2026-08-08 11:21:01] [W-7] 🔧 开始处理 [fork1] kepelrs/star-history
[2026-08-08 11:21:02] [W-25] 📝 已处理缓存: keyzf/star-history
[2026-08-08 11:21:02] [W-25] ⏭️ [fork1] 仓库 https://github.com/keyzf/star-history 11994h 未更新，跳过解析（无需追踪）
[2026-08-08 11:21:02] [W-25] ✅ 完成 [fork1] keyzf/star-history | 提取 0 | 新增 0 | 耗时 1s | 配额 4194/4800 03:21UTC | 主队列 75/200 发现队列 131/20000 [[fork1]:101 [user0]:30] | Worker 30忙/6闲(83%)
[2026-08-08 11:21:02] [W-25] 🔧 开始处理 [fork1] bhctest123/star-history
[2026-08-08 11:21:02] [W-10] 📦 Partial Clone: 352 个文件（零 API 配额）
[2026-08-08 11:21:02] [W-6] 📝 已处理缓存: xrf-9527/star-history
[2026-08-08 11:21:02] [W-6] ⏭️ [fork1] 仓库 https://github.com/xrf-9527/star-history 18346h 未更新，跳过解析（无需追踪）
[2026-08-08 11:21:02] [W-6] ✅ 完成 [fork1] xrf-9527/star-history | 提取 0 | 新增 0 | 耗时 2s | 配额 4193/4800 03:21UTC | 主队列 75/200 发现队列 130/20000 [[fork1]:100 [user0]:30] | Worker 29忙/7闲(80%)
[2026-08-08 11:21:02] [W-6] 🔧 开始处理 [种子仓库] ayayime/v2rayNG [种子 151/744]
[2026-08-08 11:21:03] [W-34] 🌱 加入种子: muxd93/awesome-vpn (提取 306 节点)
[2026-08-08 11:21:03] [W-34] ✅ 完成 [种子仓库] muxd93/awesome-vpn [种子 91/744] | 提取 306 | 新增 4 | 耗时 83s | 配额 4193/4800 03:21UTC | 主队列 74/200 发现队列 130/20000 [[fork1]:100 [user0]:30] | Worker 29忙/7闲(80%)
[2026-08-08 11:21:03] [W-34] 🔧 开始处理 [种子仓库] juzi1994/v2rayN [种子 152/744]
[2026-08-08 11:21:03] [W-19] 📝 已处理缓存: nipunsaif/star-history
[2026-08-08 11:21:03] [W-19] ⏭️ [fork1] 仓库 https://github.com/nipunsaif/star-history 3111h 未更新，跳过解析（无需追踪）
[2026-08-08 11:21:03] [W-19] ✅ 完成 [fork1] nipunsaif/star-history | 提取 0 | 新增 0 | 耗时 2s | 配额 4192/4800 03:21UTC | 主队列 73/200 发现队列 130/20000 [[fork1]:100 [user0]:30] | Worker 30忙/6闲(83%)
[2026-08-08 11:21:03] [W-19] 🔧 开始处理 [种子仓库] kimikkorow/v2rayN [种子 153/744]
[2026-08-08 11:21:03] [W-7] 📝 已处理缓存: kepelrs/star-history
[2026-08-08 11:21:03] [W-7] ⏭️ [fork1] 仓库 https://github.com/kepelrs/star-history 45645h 未更新，跳过解析（无需追踪）
[2026-08-08 11:21:03] [W-7] ✅ 完成 [fork1] kepelrs/star-history | 提取 0 | 新增 0 | 耗时 1s | 配额 4191/4800 03:21UTC | 主队列 72/200 发现队列 130/20000 [[fork1]:100 [user0]:30] | Worker 30忙/6闲(83%)
[2026-08-08 11:21:03] [W-7] 🔧 开始处理 [fork1] wuqunfei/star-history
[2026-08-08 11:21:03] [W-25] 📝 已处理缓存: bhctest123/star-history
[2026-08-08 11:21:03] [W-25] ⏭️ [fork1] 仓库 https://github.com/bhctest123/star-history 27976h 未更新，跳过解析（无需追踪）
[2026-08-08 11:21:03] [W-25] ✅ 完成 [fork1] bhctest123/star-history | 提取 0 | 新增 0 | 耗时 1s | 配额 4190/4800 03:21UTC | 主队列 72/200 发现队列 129/20000 [[fork1]:99 [user0]:30] | Worker 30忙/6闲(83%)
[2026-08-08 11:21:03] [W-25] 🔧 开始处理 [种子仓库] T00700/v2rayNG [种子 154/744]
[2026-08-08 11:21:04] [W-6] [种子仓库] 仓库 https://github.com/ayayime/v2rayNG (分支: master, size: 36676KB, pushed: 2026-08-07T16:48:36Z)
[2026-08-08 11:21:04] [W-34] ⏭️ [种子仓库] 仓库 https://github.com/juzi1994/v2rayN 已解析，跳过解析（无需追踪）
[2026-08-08 11:21:04] [W-34] ✅ 完成 [种子仓库] juzi1994/v2rayN [种子 152/744] | 提取 0 | 新增 0 | 耗时 1s | 配额 4188/4800 03:21UTC | 主队列 71/200 发现队列 129/20000 [[fork1]:99 [user0]:30] | Worker 30忙/6闲(83%)
[2026-08-08 11:21:04] [W-34] 🔧 开始处理 [fork1] gkorland/star-history
[2026-08-08 11:21:04] [W-25] [种子仓库] 仓库 https://github.com/T00700/v2rayNG (分支: master, size: 36676KB, pushed: 2026-08-07T16:43:13Z)
[2026-08-08 11:21:04] [W-7] 📝 已处理缓存: wuqunfei/star-history
[2026-08-08 11:21:04] [W-7] ⏭️ [fork1] 仓库 https://github.com/wuqunfei/star-history 28930h 未更新，跳过解析（无需追踪）
[2026-08-08 11:21:04] [W-7] ✅ 完成 [fork1] wuqunfei/star-history | 提取 0 | 新增 0 | 耗时 2s | 配额 4186/4800 03:21UTC | 主队列 71/200 发现队列 128/20000 [[fork1]:98 [user0]:30] | Worker 30忙/6闲(83%)
[2026-08-08 11:21:04] [W-7] 🔧 开始处理 [fork1] coderwei99/star-history
[2026-08-08 11:21:05] [W-19] ⏭️ [种子仓库] 仓库 https://github.com/kimikkorow/v2rayN 已解析，跳过解析（无需追踪）
[2026-08-08 11:21:05] [W-19] ✅ 完成 [种子仓库] kimikkorow/v2rayN [种子 153/744] | 提取 0 | 新增 0 | 耗时 2s | 配额 4185/4800 03:21UTC | 主队列 71/200 发现队列 127/20000 [[fork1]:97 [user0]:30] | Worker 30忙/6闲(83%)
[2026-08-08 11:21:05] [W-34] 📝 已处理缓存: gkorland/star-history
[2026-08-08 11:21:05] [W-34] ⏭️ [fork1] 仓库 https://github.com/gkorland/star-history 48998h 未更新，跳过解析（无需追踪）
[2026-08-08 11:21:05] [W-34] ✅ 完成 [fork1] gkorland/star-history | 提取 0 | 新增 0 | 耗时 1s | 配额 4184/4800 03:21UTC | 主队列 71/200 发现队列 126/20000 [[fork1]:96 [user0]:30] | Worker 29忙/7闲(80%)
[2026-08-08 11:21:05] [W-19] 🔧 开始处理 [fork1] brBart/star-history
[2026-08-08 11:21:05] [W-19] 📝 已处理缓存: brBart/star-history
[2026-08-08 11:21:05] [W-19] ⏭️ [fork1] 仓库 https://github.com/brBart/star-history 67597h 未更新，跳过解析（无需追踪）
[2026-08-08 11:21:05] [W-19] ✅ 完成 [fork1] brBart/star-history | 提取 0 | 新增 0 | 耗时 0s | 配额 4184/4800 03:21UTC | 主队列 71/200 发现队列 125/20000 [[fork1]:95 [user0]:30] | Worker 29忙/7闲(80%)
[2026-08-08 11:21:05] [W-19] 🔧 开始处理 [fork1] CatalinaAlbornoz/star-history
[2026-08-08 11:21:05] [W-34] 🔧 开始处理 [fork1] skyformat99/star-history
[2026-08-08 11:21:05] [W-34] 📝 已处理缓存: skyformat99/star-history
[2026-08-08 11:21:05] [W-34] ⏭️ [fork1] 仓库 https://github.com/skyformat99/star-history 67597h 未更新，跳过解析（无需追踪）
[2026-08-08 11:21:05] [W-34] ✅ 完成 [fork1] skyformat99/star-history | 提取 0 | 新增 0 | 耗时 0s | 配额 4184/4800 03:21UTC | 主队列 71/200 发现队列 124/20000 [[fork1]:94 [user0]:30] | Worker 30忙/6闲(83%)
[2026-08-08 11:21:05] [W-34] 🔧 开始处理 [fork1] oscar-gardiazabal/star-history
[2026-08-08 11:21:05] [W-34] 📝 已处理缓存: oscar-gardiazabal/star-history
[2026-08-08 11:21:05] [W-34] ⏭️ [fork1] 仓库 https://github.com/oscar-gardiazabal/star-history 65214h 未更新，跳过解析（无需追踪）
[2026-08-08 11:21:05] [W-34] ✅ 完成 [fork1] oscar-gardiazabal/star-history | 提取 0 | 新增 0 | 耗时 0s | 配额 4184/4800 03:21UTC | 主队列 71/200 发现队列 123/20000 [[fork1]:93 [user0]:30] | Worker 30忙/6闲(83%)
[2026-08-08 11:21:05] [W-34] 🔧 开始处理 [fork1] starhistory/starhistory.github.io
[2026-08-08 11:21:05] [W-34] 📝 已处理缓存: starhistory/starhistory.github.io
[2026-08-08 11:21:05] [W-34] ⏭️ [fork1] 仓库 https://github.com/starhistory/starhistory.github.io 65214h 未更新，跳过解析（无需追踪）
[2026-08-08 11:21:05] [W-34] ✅ 完成 [fork1] starhistory/starhistory.github.io | 提取 0 | 新增 0 | 耗时 0s | 配额 4184/4800 03:21UTC | 主队列 71/200 发现队列 122/20000 [[fork1]:92 [user0]:30] | Worker 30忙/6闲(83%)
[2026-08-08 11:21:05] [W-34] 🔧 开始处理 [fork1] fangj99/star-history
[2026-08-08 11:21:05] [W-34] 📝 已处理缓存: fangj99/star-history
[2026-08-08 11:21:05] [W-34] ⏭️ [fork1] 仓库 https://github.com/fangj99/star-history 65066h 未更新，跳过解析（无需追踪）
[2026-08-08 11:21:05] [W-34] ✅ 完成 [fork1] fangj99/star-history | 提取 0 | 新增 0 | 耗时 0s | 配额 4184/4800 03:21UTC | 主队列 71/200 发现队列 121/20000 [[fork1]:91 [user0]:30] | Worker 30忙/6闲(83%)
[2026-08-08 11:21:05] [W-34] 🔧 开始处理 [fork1] samuelllin/star-history
[2026-08-08 11:21:06] 📊 [03:21 UTC] 运行 190s
[2026-08-08 11:21:06]    CPU: 100% (负载 12.82/2核) | 内存: 13% (2.0/15.6GB) | 磁盘: 86.8/144GB 可用
[2026-08-08 11:21:06]    网络近60s: 总下载 0.08GB | 平均 1.41MB/s | 峰值 13.36MB/s
[2026-08-08 11:21:06]    API: 4184/4800 | 放行 152/分钟 | raw 41文件/16.3MB | clone 59仓库/2090文件
[2026-08-08 11:21:06]    进度: 种子 225/744 | 关键词 - | Code -
[2026-08-08 11:21:06]    主队列 71/200 发现队列 120/20000 [[fork1]:90 [user0]:30] | Worker 30忙/6闲(83%)
[2026-08-08 11:21:06]    Worker: 30忙/6闲(83%) | W-0 PartialClone Raad63/v2ray-configs-sub-5(189s) | W-1 空闲(22s) | W-2 PartialClone mahdibland/ShadowsocksAggregator(184s) | W-3 PartialClone Airuop/cross(184s) | W-4 PartialClone cysk003/Epodonios-v2ray-configs(184s) | W-5 PartialClone mahdibland/V2RayAggregator(121s) | W-6 PartialClone ayayime/v2rayNG(2s) | W-7 处理 [fork1] coderwei99/star-history(1s) | W-8 PartialClone 2dust/v2rayNG(71s) | W-9 PartialClone sujun2021/v2rayNG(25s) | W-10 空闲(4s) | W-11 PartialClone 2dust/v2rayNG(121s) | W-12 空闲(126s) | W-13 PartialClone Superoldman96/v2rayNG(49s) | W-14 PartialClone clift190/v2rayNG(70s) | W-15 PartialClone mahdibland/SSAggregator(180s) | W-16 PartialClone Yannik666/nodes(103s) | W-17 PartialClone maoxikun/v2rayNG(60s) | W-18 PartialClone iswhat/v2rayNG(55s) | W-19 处理 [fork1] CatalinaAlbornoz/star-history(0s) | W-20 PartialClone xiechangan123/v2rayNG(50s) | W-21 PartialClone cysk003/v2rayNG(52s) | W-22 PartialClone chaoduzj/pac2(168s) | W-23 空闲(69s) | W-24 PartialClone ninjastrikers/nexus-nodes(184s) | W-25 PartialClone T00700/v2rayNG(1s) | W-26 PartialClone mengzhisuoliu/v2rayNG(7s) | W-27 PartialClone samling-jackyjyo/v2rayNG(20s) | W-28 PartialClone clash-verge-rev/clash-verge-rev(72s) | W-29 空闲(134s) | W-30 PartialClone OmiSummy/v2rayNG(57s) | W-31 PartialClone chaoduzj/aggregator(184s) | W-32 PartialClone wenxig/zero-path(157s) | W-33 PartialClone clift190/v2rayN(70s) | W-34 处理 [fork1] samuelllin/star-history(0s) | W-35 空闲(17s)
[2026-08-08 11:21:06] [W-7] 📝 已处理缓存: coderwei99/star-history
[2026-08-08 11:21:06] [W-7] ⏭️ [fork1] 仓库 https://github.com/coderwei99/star-history 26229h 未更新，跳过解析（无需追踪）
[2026-08-08 11:21:06] [W-7] ✅ 完成 [fork1] coderwei99/star-history | 提取 0 | 新增 0 | 耗时 1s | 配额 4183/4800 03:21UTC | 主队列 71/200 发现队列 120/20000 [[fork1]:90 [user0]:30] | Worker 30忙/6闲(83%)
[2026-08-08 11:21:06] [W-7] 🔧 开始处理 [种子仓库] xiechangan123/v2rayN [种子 155/744]
[2026-08-08 11:21:06] [W-19] 📝 已处理缓存: CatalinaAlbornoz/star-history
[2026-08-08 11:21:06] [W-19] ⏭️ [fork1] 仓库 https://github.com/CatalinaAlbornoz/star-history 42865h 未更新，跳过解析（无需追踪）
[2026-08-08 11:21:06] [W-19] ✅ 完成 [fork1] CatalinaAlbornoz/star-history | 提取 0 | 新增 0 | 耗时 1s | 配额 4182/4800 03:21UTC | 主队列 70/200 发现队列 120/20000 [[fork1]:90 [user0]:30] | Worker 30忙/6闲(83%)
[2026-08-08 11:21:06] [W-19] 🔧 开始处理 [fork1] bestxtools/star-history
[2026-08-08 11:21:06] [W-34] 📝 已处理缓存: samuelllin/star-history
[2026-08-08 11:21:06] [W-34] ⏭️ [fork1] 仓库 https://github.com/samuelllin/star-history 3261h 未更新，跳过解析（无需追踪）
[2026-08-08 11:21:06] [W-34] ✅ 完成 [fork1] samuelllin/star-history | 提取 0 | 新增 0 | 耗时 1s | 配额 4181/4800 03:21UTC | 主队列 70/200 发现队列 119/20000 [[fork1]:89 [user0]:30] | Worker 30忙/6闲(83%)
[2026-08-08 11:21:07] [W-34] 🔧 开始处理 [fork1] CloudEngineHub/star-history
[2026-08-08 11:21:07] [W-34] 📝 已处理缓存: CloudEngineHub/star-history
[2026-08-08 11:21:07] [W-34] ⏭️ [fork1] 仓库 https://github.com/CloudEngineHub/star-history 721h 未更新，跳过解析（无需追踪）
[2026-08-08 11:21:07] [W-34] ✅ 完成 [fork1] CloudEngineHub/star-history | 提取 0 | 新增 0 | 耗时 0s | 配额 4181/4800 03:21UTC | 主队列 70/200 发现队列 118/20000 [[fork1]:88 [user0]:30] | Worker 30忙/6闲(83%)
[2026-08-08 11:21:07] [W-34] 🔧 开始处理 [fork1] LegendAdmin/star-history
[2026-08-08 11:21:08] [W-34] 📝 已处理缓存: LegendAdmin/star-history
[2026-08-08 11:21:08] [W-34] ⏭️ [fork1] 仓库 https://github.com/LegendAdmin/star-history 18346h 未更新，跳过解析（无需追踪）
[2026-08-08 11:21:08] [W-34] ✅ 完成 [fork1] LegendAdmin/star-history | 提取 0 | 新增 0 | 耗时 1s | 配额 4180/4800 03:21UTC | 主队列 70/200 发现队列 117/20000 [[fork1]:87 [user0]:30] | Worker 30忙/6闲(83%)
[2026-08-08 11:21:08] [W-19] 📝 已处理缓存: bestxtools/star-history
[2026-08-08 11:21:08] [W-19] ⏭️ [fork1] 仓库 https://github.com/bestxtools/star-history 36308h 未更新，跳过解析（无需追踪）
[2026-08-08 11:21:08] [W-19] ✅ 完成 [fork1] bestxtools/star-history | 提取 0 | 新增 0 | 耗时 1s | 配额 4179/4800 03:21UTC | 主队列 70/200 发现队列 116/20000 [[fork1]:86 [user0]:30] | Worker 29忙/7闲(80%)
[2026-08-08 11:21:08] [W-34] 🔧 开始处理 [fork1] ArturAlcoverro/minimal-star-history
[2026-08-08 11:21:08] [W-34] 📝 已处理缓存: ArturAlcoverro/minimal-star-history
[2026-08-08 11:21:08] [W-34] ⏭️ [fork1] 仓库 https://github.com/ArturAlcoverro/minimal-star-history 7505h 未更新，跳过解析（无需追踪）
[2026-08-08 11:21:08] [W-34] ✅ 完成 [fork1] ArturAlcoverro/minimal-star-history | 提取 0 | 新增 0 | 耗时 0s | 配额 4179/4800 03:21UTC | 主队列 70/200 发现队列 115/20000 [[fork1]:85 [user0]:30] | Worker 30忙/6闲(83%)
[2026-08-08 11:21:08] [W-34] 🔧 开始处理 [fork1] shijianjian/star-history
[2026-08-08 11:21:08] [W-19] 🔧 开始处理 [fork1] ricefryegg/star-history
[2026-08-08 11:21:08] [W-19] 📝 已处理缓存: ricefryegg/star-history
[2026-08-08 11:21:08] [W-19] ⏭️ [fork1] 仓库 https://github.com/ricefryegg/star-history 63116h 未更新，跳过解析（无需追踪）
[2026-08-08 11:21:08] [W-19] ✅ 完成 [fork1] ricefryegg/star-history | 提取 0 | 新增 0 | 耗时 0s | 配额 4179/4800 03:21UTC | 主队列 70/200 发现队列 114/20000 [[fork1]:84 [user0]:30] | Worker 30忙/6闲(83%)
[2026-08-08 11:21:08] [W-19] 🔧 开始处理 [fork1] kkeenee/star-history
[2026-08-08 11:21:08] [W-7] ⏭️ [种子仓库] 仓库 https://github.com/xiechangan123/v2rayN 已解析，跳过解析（无需追踪）
[2026-08-08 11:21:08] [W-7] ✅ 完成 [种子仓库] xiechangan123/v2rayN [种子 155/744] | 提取 0 | 新增 0 | 耗时 3s | 配额 4178/4800 03:21UTC | 主队列 70/200 发现队列 113/20000 [[fork1]:83 [user0]:30] | Worker 30忙/6闲(83%)
[2026-08-08 11:21:08] [W-7] 🔧 开始处理 [fork1] MohanSha/star-history
[2026-08-08 11:21:08] [W-7] 📝 已处理缓存: MohanSha/star-history
[2026-08-08 11:21:09] [W-7] ⏭️ [fork1] 仓库 https://github.com/MohanSha/star-history 63116h 未更新，跳过解析（无需追踪）
[2026-08-08 11:21:09] [W-7] ✅ 完成 [fork1] MohanSha/star-history | 提取 0 | 新增 0 | 耗时 0s | 配额 4178/4800 03:21UTC | 主队列 70/200 发现队列 112/20000 [[fork1]:82 [user0]:30] | Worker 30忙/6闲(83%)
[2026-08-08 11:21:09] [W-7] 🔧 开始处理 [fork1] WebDevSquad/star-history
[2026-08-08 11:21:09] [W-19] 📝 已处理缓存: kkeenee/star-history
[2026-08-08 11:21:09] [W-19] ⏭️ [fork1] 仓库 https://github.com/kkeenee/star-history 25727h 未更新，跳过解析（无需追踪）
[2026-08-08 11:21:09] [W-19] ✅ 完成 [fork1] kkeenee/star-history | 提取 0 | 新增 0 | 耗时 1s | 配额 4177/4800 03:21UTC | 主队列 70/200 发现队列 111/20000 [[fork1]:81 [user0]:30] | Worker 30忙/6闲(83%)
[2026-08-08 11:21:09] [W-19] 🔧 开始处理 [fork1] michen00/star-history
[2026-08-08 11:21:10] [W-34] 📝 已处理缓存: shijianjian/star-history
[2026-08-08 11:21:10] [W-34] ⏭️ [fork1] 仓库 https://github.com/shijianjian/star-history 51349h 未更新，跳过解析（无需追踪）
[2026-08-08 11:21:10] [W-34] ✅ 完成 [fork1] shijianjian/star-history | 提取 0 | 新增 0 | 耗时 2s | 配额 4176/4800 03:21UTC | 主队列 70/200 发现队列 110/20000 [[fork1]:80 [user0]:30] | Worker 30忙/6闲(83%)
[2026-08-08 11:21:10] [W-34] 🔧 开始处理 [fork1] CZNetworks/star-history
[2026-08-08 11:21:10] [W-19] 📝 已处理缓存: michen00/star-history
[2026-08-08 11:21:10] [W-19] ⏭️ [fork1] 仓库 https://github.com/michen00/star-history 7071h 未更新，跳过解析（无需追踪）
[2026-08-08 11:21:10] [W-19] ✅ 完成 [fork1] michen00/star-history | 提取 0 | 新增 0 | 耗时 1s | 配额 4175/4800 03:21UTC | 主队列 70/200 发现队列 109/20000 [[fork1]:79 [user0]:30] | Worker 30忙/6闲(83%)
[2026-08-08 11:21:10] [W-19] 🔧 开始处理 [fork1] web3wannabe/star-history
[2026-08-08 11:21:10] [W-7] 📝 已处理缓存: WebDevSquad/star-history
[2026-08-08 11:21:10] [W-7] ⏭️ [fork1] 仓库 https://github.com/WebDevSquad/star-history 31484h 未更新，跳过解析（无需追踪）
[2026-08-08 11:21:10] [W-7] ✅ 完成 [fork1] WebDevSquad/star-history | 提取 0 | 新增 0 | 耗时 2s | 配额 4174/4800 03:21UTC | 主队列 70/200 发现队列 108/20000 [[fork1]:78 [user0]:30] | Worker 30忙/6闲(83%)
[2026-08-08 11:21:10] [W-7] 🔧 开始处理 [fork1] sinspired/subs-check
[2026-08-08 11:21:10] [W-7] ⏭️ [fork1] 仓库 https://github.com/sinspired/subs-check 4722h 未更新，跳过解析（无需追踪）
[2026-08-08 11:21:10] [W-7] ✅ 完成 [fork1] sinspired/subs-check | 提取 0 | 新增 0 | 耗时 0s | 配额 4174/4800 03:21UTC | 主队列 70/200 发现队列 107/20000 [[fork1]:77 [user0]:30] | Worker 30忙/6闲(83%)
[2026-08-08 11:21:10] [W-7] 🔧 开始处理 [fork1] WhiteDNS/subs-check
[2026-08-08 11:21:10] [W-7] ⏭️ [fork1] 仓库 https://github.com/WhiteDNS/subs-check 122h 未更新，跳过解析（无需追踪）
[2026-08-08 11:21:10] [W-7] ✅ 完成 [fork1] WhiteDNS/subs-check | 提取 0 | 新增 0 | 耗时 0s | 配额 4174/4800 03:21UTC | 主队列 70/200 发现队列 106/20000 [[fork1]:76 [user0]:30] | Worker 30忙/6闲(83%)
[2026-08-08 11:21:10] [W-7] 🔧 开始处理 [fork1] 6Kmfi6HP/subs-check
[2026-08-08 11:21:10] [W-7] ⏭️ [fork1] 仓库 https://github.com/6Kmfi6HP/subs-check 1757h 未更新，跳过解析（无需追踪）
[2026-08-08 11:21:10] [W-7] ✅ 完成 [fork1] 6Kmfi6HP/subs-check | 提取 0 | 新增 0 | 耗时 0s | 配额 4174/4800 03:21UTC | 主队列 70/200 发现队列 105/20000 [[fork1]:75 [user0]:30] | Worker 30忙/6闲(83%)
[2026-08-08 11:21:10] [W-7] 🔧 开始处理 [fork1] 55gY/subs-check
[2026-08-08 11:21:10] [W-7] ⏭️ [fork1] 仓库 https://github.com/55gY/subs-check 259h 未更新，跳过解析（无需追踪）
[2026-08-08 11:21:10] [W-7] ✅ 完成 [fork1] 55gY/subs-check | 提取 0 | 新增 0 | 耗时 0s | 配额 4174/4800 03:21UTC | 主队列 70/200 发现队列 104/20000 [[fork1]:74 [user0]:30] | Worker 30忙/6闲(83%)
[2026-08-08 11:21:10] [W-7] 🔧 开始处理 [fork1] guoqianchuan/subs-check
[2026-08-08 11:21:11] [W-7] ⏭️ [fork1] 仓库 https://github.com/guoqianchuan/subs-check 11916h 未更新，跳过解析（无需追踪）
[2026-08-08 11:21:11] [W-7] ✅ 完成 [fork1] guoqianchuan/subs-check | 提取 0 | 新增 0 | 耗时 1s | 配额 4173/4800 03:21UTC | 主队列 70/200 发现队列 103/20000 [[fork1]:73 [user0]:30] | Worker 30忙/6闲(83%)
[2026-08-08 11:21:11] [W-7] 🔧 开始处理 [fork1] Kwisma/subs-check
[2026-08-08 11:21:12] [W-34] 📝 已处理缓存: CZNetworks/star-history
[2026-08-08 11:21:12] [W-34] ⏭️ [fork1] 仓库 https://github.com/CZNetworks/star-history 2395h 未更新，跳过解析（无需追踪）
[2026-08-08 11:21:12] [W-34] ✅ 完成 [fork1] CZNetworks/star-history | 提取 0 | 新增 0 | 耗时 2s | 配额 4172/4800 03:21UTC | 主队列 70/200 发现队列 102/20000 [[fork1]:72 [user0]:30] | Worker 30忙/6闲(83%)
[2026-08-08 11:21:12] [W-34] 🔧 开始处理 [fork1] weiming-hub/subs-check
[2026-08-08 11:21:12] [W-34] ⏭️ [fork1] 仓库 https://github.com/weiming-hub/subs-check 2384h 未更新，跳过解析（无需追踪）
[2026-08-08 11:21:12] [W-34] ✅ 完成 [fork1] weiming-hub/subs-check | 提取 0 | 新增 0 | 耗时 0s | 配额 4172/4800 03:21UTC | 主队列 70/200 发现队列 101/20000 [[fork1]:71 [user0]:30] | Worker 30忙/6闲(83%)
[2026-08-08 11:21:12] [W-34] 🔧 开始处理 [fork1] 520mmxx/subs-check
[2026-08-08 11:21:12] [W-19] 📝 已处理缓存: web3wannabe/star-history
[2026-08-08 11:21:12] [W-19] ⏭️ [fork1] 仓库 https://github.com/web3wannabe/star-history 6449h 未更新，跳过解析（无需追踪）
[2026-08-08 11:21:12] [W-19] ✅ 完成 [fork1] web3wannabe/star-history | 提取 0 | 新增 0 | 耗时 2s | 配额 4171/4800 03:21UTC | 主队列 70/200 发现队列 100/20000 [[fork1]:70 [user0]:30] | Worker 30忙/6闲(83%)
[2026-08-08 11:21:12] [W-19] 🔧 开始处理 [fork1] newworld2030/subs-check
[2026-08-08 11:21:13] [W-7] ⏭️ [fork1] 仓库 https://github.com/Kwisma/subs-check 8447h 未更新，跳过解析（无需追踪）
[2026-08-08 11:21:13] [W-7] ✅ 完成 [fork1] Kwisma/subs-check | 提取 0 | 新增 0 | 耗时 1s | 配额 4170/4800 03:21UTC | 主队列 70/200 发现队列 99/20000 [[fork1]:69 [user0]:30] | Worker 30忙/6闲(83%)
[2026-08-08 11:21:13] [W-7] 🔧 开始处理 [fork1] actionsfz/subs-check
[2026-08-08 11:21:13] [W-7] [fork1] 仓库 https://github.com/actionsfz/subs-check (分支: master, size: 285138KB, pushed: 2026-08-07T09:19:41Z)
[2026-08-08 11:21:13] [W-34] ⏭️ [fork1] 仓库 https://github.com/520mmxx/subs-check 11869h 未更新，跳过解析（无需追踪）
[2026-08-08 11:21:13] [W-34] ✅ 完成 [fork1] 520mmxx/subs-check | 提取 0 | 新增 0 | 耗时 1s | 配额 4169/4800 03:21UTC | 主队列 70/200 发现队列 98/20000 [[fork1]:68 [user0]:30] | Worker 30忙/6闲(83%)
[2026-08-08 11:21:13] [W-34] 🔧 开始处理 [种子仓库] Super-Zoe/v2rayNG [种子 156/744]
[2026-08-08 11:21:14] [W-19] ⏭️ [fork1] 仓库 https://github.com/newworld2030/subs-check 4317h 未更新，跳过解析（无需追踪）
[2026-08-08 11:21:14] [W-19] ✅ 完成 [fork1] newworld2030/subs-check | 提取 0 | 新增 0 | 耗时 2s | 配额 4168/4800 03:21UTC | 主队列 69/200 发现队列 98/20000 [[fork1]:68 [user0]:30] | Worker 30忙/6闲(83%)
[2026-08-08 11:21:14] [W-19] 🔧 开始处理 [种子仓库] marstrix/v2rayNG [种子 157/744]
[2026-08-08 11:21:15] [W-34] [种子仓库] 仓库 https://github.com/Super-Zoe/v2rayNG (分支: master, size: 269253KB, pushed: 2026-08-07T16:41:10Z)
[2026-08-08 11:21:17] [W-23] 🌱 加入种子: Argh94/Proxy-List (提取 3315 节点)
[2026-08-08 11:21:17] [W-23] ✅ 完成 [user1] Argh94/Proxy-List | 提取 3315 | 新增 335 | 耗时 89s | 配额 4167/4800 03:21UTC | 主队列 68/200 发现队列 98/20000 [[fork1]:68 [user0]:30] | Worker 30忙/6闲(83%)
[2026-08-08 11:21:17] [W-23] 🔧 开始处理 [种子仓库] cysk003/v2rayN [种子 158/744]
[2026-08-08 11:21:17] [W-19] [种子仓库] 仓库 https://github.com/marstrix/v2rayNG (分支: master, size: 269253KB, pushed: 2026-08-07T16:39:38Z)
[2026-08-08 11:21:18] [W-23] ⏭️ [种子仓库] 仓库 https://github.com/cysk003/v2rayN 已解析，跳过解析（无需追踪）
[2026-08-08 11:21:18] [W-23] ✅ 完成 [种子仓库] cysk003/v2rayN [种子 158/744] | 提取 0 | 新增 0 | 耗时 1s | 配额 4165/4800 03:21UTC | 主队列 67/200 发现队列 98/20000 [[fork1]:68 [user0]:30] | Worker 31忙/5闲(86%)
[2026-08-08 11:21:18] [W-23] 🔧 开始处理 [fork1] kaixinguo168/subs-check
[2026-08-08 11:21:18] [W-23] ⏭️ [fork1] 仓库 https://github.com/kaixinguo168/subs-check 4624h 未更新，跳过解析（无需追踪）
[2026-08-08 11:21:18] [W-23] ✅ 完成 [fork1] kaixinguo168/subs-check | 提取 0 | 新增 0 | 耗时 0s | 配额 4165/4800 03:21UTC | 主队列 67/200 发现队列 97/20000 [[fork1]:67 [user0]:30] | Worker 31忙/5闲(86%)
[2026-08-08 11:21:18] [W-23] 🔧 开始处理 [fork1] subendgh/subs-check
[2026-08-08 11:21:20] [W-23] ⏭️ [fork1] 仓库 https://github.com/subendgh/subs-check 11520h 未更新，跳过解析（无需追踪）
[2026-08-08 11:21:20] [W-23] ✅ 完成 [fork1] subendgh/subs-check | 提取 0 | 新增 0 | 耗时 2s | 配额 4164/4800 03:21UTC | 主队列 67/200 发现队列 96/20000 [[fork1]:66 [user0]:30] | Worker 31忙/5闲(86%)
[2026-08-08 11:21:20] [W-23] 🔧 开始处理 [fork1] 8080713/subs-check
[2026-08-08 11:21:20] [W-1] 🌱 加入种子: AvetGR8/EasyV2raySub (提取 749 节点)
[2026-08-08 11:21:20] [W-1] ✅ 完成 [种子仓库] AvetGR8/EasyV2raySub [种子 117/744] | 提取 749 | 新增 0 | 耗时 78s | 配额 4164/4800 03:21UTC | 主队列 67/200 发现队列 95/20000 [[fork1]:65 [user0]:30] | Worker 31忙/5闲(86%)
[2026-08-08 11:21:20] [W-1] 🔧 开始处理 [种子仓库] utenkekkou/v2rayN [种子 159/744]
[2026-08-08 11:21:21] repo info (8080713/subs-check) 404，跳过
[2026-08-08 11:21:21] [W-23] 🔍 仓库 8080713/subs-check 不存在（404），追踪用户
[2026-08-08 11:21:21] [W-23] 👤 [fork1] 遍历用户仓库: 8080713
[2026-08-08 11:21:21] [W-23]   用户 8080713 共查 0 个仓库
[2026-08-08 11:21:21] [W-23] ✅ 完成 [fork1] 8080713/subs-check | 提取 0 | 新增 0 | 耗时 1s | 配额 4162/4800 03:21UTC | 主队列 66/200 发现队列 95/20000 [[fork1]:65 [user0]:30] | Worker 32忙/4闲(88%)
[2026-08-08 11:21:21] [W-23] 🔧 开始处理 [fork1] bassdrum007/subs-check
[2026-08-08 11:21:22] [W-10] 仓库 https://github.com/Aethersailor/SubConverter-Extended 无候选文件 (总计 352 blob, 扩展名过滤 284, processed_shas 跳过 0, SHA 缓存跳过 68)
[2026-08-08 11:21:22] [W-10] ✅ 完成 [种子仓库] Aethersailor/SubConverter-Extended [种子 36/744] | 提取 0 | 新增 0 | 耗时 201s | 配额 4162/4800 03:21UTC | 主队列 66/200 发现队列 94/20000 [[fork1]:64 [user0]:30] | Worker 32忙/4闲(88%)
[2026-08-08 11:21:22] [W-23] ⏭️ [fork1] 仓库 https://github.com/bassdrum007/subs-check 1173h 未更新，跳过解析（无需追踪）
[2026-08-08 11:21:22] [W-23] ✅ 完成 [fork1] bassdrum007/subs-check | 提取 0 | 新增 0 | 耗时 1s | 配额 4161/4800 03:21UTC | 主队列 65/200 发现队列 94/20000 [[fork1]:64 [user0]:30] | Worker 32忙/4闲(88%)
[2026-08-08 11:21:22] [W-23] 🔧 开始处理 [fork1] wainh99/subs-check
[2026-08-08 11:21:22] [W-10] 🔧 开始处理 [种子仓库] ws94666ws/v2rayNG [种子 160/744]
[2026-08-08 11:21:22] repo info (utenkekkou/v2rayN) 404，跳过
[2026-08-08 11:21:22] [W-1] 🔍 仓库 utenkekkou/v2rayN 不存在（404），追踪用户
[2026-08-08 11:21:22] [W-1] 👤 [种子仓库] 遍历用户仓库: utenkekkou
[2026-08-08 11:21:23] [W-1]   用户 utenkekkou 共查 0 个仓库
[2026-08-08 11:21:23] [W-1] ✅ 完成 [种子仓库] utenkekkou/v2rayN [种子 159/744] | 提取 0 | 新增 0 | 耗时 2s | 配额 4159/4800 03:21UTC | 主队列 65/200 发现队列 93/20000 [[fork1]:63 [user0]:30] | Worker 33忙/3闲(91%)
[2026-08-08 11:21:23] [W-1] 🔧 开始处理 [fork1] sueryu421/subs-check
[2026-08-08 11:21:24] [W-23] ⏭️ [fork1] 仓库 https://github.com/wainh99/subs-check 9828h 未更新，跳过解析（无需追踪）
[2026-08-08 11:21:24] [W-23] ✅ 完成 [fork1] wainh99/subs-check | 提取 0 | 新增 0 | 耗时 2s | 配额 4158/4800 03:21UTC | 主队列 65/200 发现队列 92/20000 [[fork1]:62 [user0]:30] | Worker 33忙/3闲(91%)
[2026-08-08 11:21:24] [W-23] 🔧 开始处理 [fork1] RedWebsite/subs-check
[2026-08-08 11:21:24] [W-1] ⏭️ [fork1] 仓库 https://github.com/sueryu421/subs-check 12395h 未更新，跳过解析（无需追踪）
[2026-08-08 11:21:24] [W-1] ✅ 完成 [fork1] sueryu421/subs-check | 提取 0 | 新增 0 | 耗时 1s | 配额 4157/4800 03:21UTC | 主队列 65/200 发现队列 91/20000 [[fork1]:61 [user0]:30] | Worker 33忙/3闲(91%)
[2026-08-08 11:21:24] [W-1] 🔧 开始处理 [fork1] happyout001/subs-check
[2026-08-08 11:21:24] [W-10] [种子仓库] 仓库 https://github.com/ws94666ws/v2rayNG (分支: master, size: 269253KB, pushed: 2026-08-07T16:23:10Z)
[2026-08-08 11:21:26] [W-23] ⏭️ [fork1] 仓库 https://github.com/RedWebsite/subs-check 8368h 未更新，跳过解析（无需追踪）
[2026-08-08 11:21:26] [W-23] ✅ 完成 [fork1] RedWebsite/subs-check | 提取 0 | 新增 0 | 耗时 2s | 配额 4155/4800 03:21UTC | 主队列 65/200 发现队列 90/20000 [[fork1]:60 [user0]:30] | Worker 33忙/3闲(91%)
[2026-08-08 11:21:26] [W-1] ⏭️ [fork1] 仓库 https://github.com/happyout001/subs-check 10367h 未更新，跳过解析（无需追踪）
[2026-08-08 11:21:26] [W-1] ✅ 完成 [fork1] happyout001/subs-check | 提取 0 | 新增 0 | 耗时 1s | 配额 4154/4800 03:21UTC | 主队列 65/200 发现队列 89/20000 [[fork1]:59 [user0]:30] | Worker 32忙/4闲(88%)
[2026-08-08 11:21:26] [W-1] 🔧 开始处理 [fork1] yuman625/subs-check
[2026-08-08 11:21:26] [W-23] 🔧 开始处理 [fork1] bllaad/subs-check
[2026-08-08 11:21:27] [W-1] ⏭️ [fork1] 仓库 https://github.com/yuman625/subs-check 11396h 未更新，跳过解析（无需追踪）
[2026-08-08 11:21:27] [W-1] ✅ 完成 [fork1] yuman625/subs-check | 提取 0 | 新增 0 | 耗时 1s | 配额 4153/4800 03:21UTC | 主队列 65/200 发现队列 88/20000 [[fork1]:58 [user0]:30] | Worker 33忙/3闲(91%)
[2026-08-08 11:21:27] [W-23] ⏭️ [fork1] 仓库 https://github.com/bllaad/subs-check 3158h 未更新，跳过解析（无需追踪）
[2026-08-08 11:21:27] [W-23] ✅ 完成 [fork1] bllaad/subs-check | 提取 0 | 新增 0 | 耗时 1s | 配额 4152/4800 03:21UTC | 主队列 65/200 发现队列 87/20000 [[fork1]:57 [user0]:30] | Worker 32忙/4闲(88%)
[2026-08-08 11:21:27] [W-1] 🔧 开始处理 [fork1] dawwdadasdfdsffd/subs
[2026-08-08 11:21:27] [W-23] 🔧 开始处理 [种子仓库] TZ0385/v2rayN [种子 161/744]
[2026-08-08 11:21:28] [W-1] ⏭️ [fork1] 仓库 https://github.com/dawwdadasdfdsffd/subs 4748h 未更新，跳过解析（无需追踪）
[2026-08-08 11:21:28] [W-1] ✅ 完成 [fork1] dawwdadasdfdsffd/subs | 提取 0 | 新增 0 | 耗时 1s | 配额 4151/4800 03:21UTC | 主队列 64/200 发现队列 87/20000 [[fork1]:57 [user0]:30] | Worker 33忙/3闲(91%)
[2026-08-08 11:21:28] [W-1] 🔧 开始处理 [fork1] ZZKK000/subs-check
[2026-08-08 11:21:29] [W-23] ⏭️ [种子仓库] 仓库 https://github.com/TZ0385/v2rayN 已解析，跳过解析（无需追踪）
[2026-08-08 11:21:29] [W-23] ✅ 完成 [种子仓库] TZ0385/v2rayN [种子 161/744] | 提取 0 | 新增 0 | 耗时 2s | 配额 4150/4800 03:21UTC | 主队列 64/200 发现队列 86/20000 [[fork1]:56 [user0]:30] | Worker 33忙/3闲(91%)
[2026-08-08 11:21:29] [W-23] 🔧 开始处理 [fork1] sosling/subs-check
[2026-08-08 11:21:30] [W-1] ⏭️ [fork1] 仓库 https://github.com/ZZKK000/subs-check 11567h 未更新，跳过解析（无需追踪）
[2026-08-08 11:21:30] [W-1] ✅ 完成 [fork1] ZZKK000/subs-check | 提取 0 | 新增 0 | 耗时 2s | 配额 4149/4800 03:21UTC | 主队列 64/200 发现队列 85/20000 [[fork1]:55 [user0]:30] | Worker 33忙/3闲(91%)
[2026-08-08 11:21:30] [W-23] ⏭️ [fork1] 仓库 https://github.com/sosling/subs-check 2750h 未更新，跳过解析（无需追踪）
[2026-08-08 11:21:30] [W-23] ✅ 完成 [fork1] sosling/subs-check | 提取 0 | 新增 0 | 耗时 1s | 配额 4148/4800 03:21UTC | 主队列 64/200 发现队列 84/20000 [[fork1]:54 [user0]:30] | Worker 32忙/4闲(88%)
[2026-08-08 11:21:30] [W-1] 🔧 开始处理 [fork1] longzhuzhu/subs-check
[2026-08-08 11:21:31] [W-23] 🔧 开始处理 [fork1] williamedw737/subs-check
[2026-08-08 11:21:34] [W-1] ⏭️ [fork1] 仓库 https://github.com/longzhuzhu/subs-check 8447h 未更新，跳过解析（无需追踪）
[2026-08-08 11:21:34] [W-1] ✅ 完成 [fork1] longzhuzhu/subs-check | 提取 0 | 新增 0 | 耗时 4s | 配额 4147/4800 03:21UTC | 主队列 64/200 发现队列 83/20000 [[fork1]:53 [user0]:30] | Worker 33忙/3闲(91%)
[2026-08-08 11:21:34] [W-1] 🔧 开始处理 [种子仓库] mengzhisuoliu/v2rayN [种子 162/744]
[2026-08-08 11:21:40] [W-23] ⏭️ [fork1] 仓库 https://github.com/williamedw737/subs-check 4317h 未更新，跳过解析（无需追踪）
[2026-08-08 11:21:40] [W-23] ✅ 完成 [fork1] williamedw737/subs-check | 提取 0 | 新增 0 | 耗时 9s | 配额 4146/4800 03:21UTC | 主队列 63/200 发现队列 83/20000 [[fork1]:53 [user0]:30] | Worker 33忙/3闲(91%)
[2026-08-08 11:21:40] [W-23] 🔧 开始处理 [种子仓库] onekr-billy/v2rayN [种子 163/744]
[2026-08-08 11:21:42] [W-1] ⏭️ [种子仓库] 仓库 https://github.com/mengzhisuoliu/v2rayN 已解析，跳过解析（无需追踪）
[2026-08-08 11:21:42] [W-1] ✅ 完成 [种子仓库] mengzhisuoliu/v2rayN [种子 162/744] | 提取 0 | 新增 0 | 耗时 7s | 配额 4145/4800 03:21UTC | 主队列 62/200 发现队列 83/20000 [[fork1]:53 [user0]:30] | Worker 33忙/3闲(91%)
[2026-08-08 11:21:42] [W-23] ⏭️ [种子仓库] 仓库 https://github.com/onekr-billy/v2rayN 已解析，跳过解析（无需追踪）
[2026-08-08 11:21:42] [W-23] ✅ 完成 [种子仓库] onekr-billy/v2rayN [种子 163/744] | 提取 0 | 新增 0 | 耗时 2s | 配额 4144/4800 03:21UTC | 主队列 62/200 发现队列 82/20000 [[fork1]:52 [user0]:30] | Worker 32忙/4闲(88%)
[2026-08-08 11:21:42] [W-23] 🔧 开始处理 [fork1] luluxia-box/subs-check
[2026-08-08 11:21:42] [W-1] 🔧 开始处理 [fork1] yuanzhou029/subs-check
[2026-08-08 11:21:42] [W-1] ⏭️ [fork1] 仓库 https://github.com/yuanzhou029/subs-check 625h 未更新，跳过解析（无需追踪）
[2026-08-08 11:21:42] [W-1] ✅ 完成 [fork1] yuanzhou029/subs-check | 提取 0 | 新增 0 | 耗时 0s | 配额 4144/4800 03:21UTC | 主队列 62/200 发现队列 81/20000 [[fork1]:51 [user0]:30] | Worker 33忙/3闲(91%)
[2026-08-08 11:21:42] [W-1] 🔧 开始处理 [fork1] luanlai015-sky/subs-check
[2026-08-08 11:21:42] [W-1] ⏭️ [fork1] 仓库 https://github.com/luanlai015-sky/subs-check 7728h 未更新，跳过解析（无需追踪）
[2026-08-08 11:21:42] [W-1] ✅ 完成 [fork1] luanlai015-sky/subs-check | 提取 0 | 新增 0 | 耗时 0s | 配额 4144/4800 03:21UTC | 主队列 62/200 发现队列 80/20000 [[fork1]:50 [user0]:30] | Worker 33忙/3闲(91%)
[2026-08-08 11:21:42] [W-1] 🔧 开始处理 [fork1] Naizei/subs-check
[2026-08-08 11:21:44] [W-23] ⏭️ [fork1] 仓库 https://github.com/luluxia-box/subs-check 4317h 未更新，跳过解析（无需追踪）
[2026-08-08 11:21:44] [W-23] ✅ 完成 [fork1] luluxia-box/subs-check | 提取 0 | 新增 0 | 耗时 2s | 配额 4143/4800 03:21UTC | 主队列 62/200 发现队列 79/20000 [[fork1]:49 [user0]:30] | Worker 33忙/3闲(91%)
[2026-08-08 11:21:44] [W-23] 🔧 开始处理 [fork1] crazypeace/subs-check
[2026-08-08 11:21:44] [W-1] ⏭️ [fork1] 仓库 https://github.com/Naizei/subs-check 8368h 未更新，跳过解析（无需追踪）
[2026-08-08 11:21:44] [W-1] ✅ 完成 [fork1] Naizei/subs-check | 提取 0 | 新增 0 | 耗时 2s | 配额 4142/4800 03:21UTC | 主队列 62/200 发现队列 78/20000 [[fork1]:48 [user0]:30] | Worker 33忙/3闲(91%)
[2026-08-08 11:21:44] [W-1] 🔧 开始处理 [fork1] zuofengsc/subs-check
[2026-08-08 11:21:46] [W-1] ⏭️ [fork1] 仓库 https://github.com/zuofengsc/subs-check 10367h 未更新，跳过解析（无需追踪）
[2026-08-08 11:21:46] [W-1] ✅ 完成 [fork1] zuofengsc/subs-check | 提取 0 | 新增 0 | 耗时 1s | 配额 4141/4800 03:21UTC | 主队列 62/200 发现队列 77/20000 [[fork1]:47 [user0]:30] | Worker 33忙/3闲(91%)
[2026-08-08 11:21:46] [W-1] 🔧 开始处理 [种子仓库] noaai/v2rayN [种子 164/744]
[2026-08-08 11:21:46] [W-23] ⏭️ [fork1] 仓库 https://github.com/crazypeace/subs-check 10718h 未更新，跳过解析（无需追踪）
[2026-08-08 11:21:46] [W-23] ✅ 完成 [fork1] crazypeace/subs-check | 提取 0 | 新增 0 | 耗时 2s | 配额 4140/4800 03:21UTC | 主队列 61/200 发现队列 77/20000 [[fork1]:47 [user0]:30] | Worker 33忙/3闲(91%)
[2026-08-08 11:21:47] [W-23] 🔧 开始处理 [fork1] ShawnMa123/subs-check
[2026-08-08 11:21:47] [W-1] ⏭️ [种子仓库] 仓库 https://github.com/noaai/v2rayN 已解析，跳过解析（无需追踪）
[2026-08-08 11:21:47] [W-1] ✅ 完成 [种子仓库] noaai/v2rayN [种子 164/744] | 提取 0 | 新增 0 | 耗时 1s | 配额 4139/4800 03:21UTC | 主队列 61/200 发现队列 76/20000 [[fork1]:46 [user0]:30] | Worker 33忙/3闲(91%)
[2026-08-08 11:21:47] [W-1] 🔧 开始处理 [fork1] misijiawen/subs-check
[2026-08-08 11:21:49] [W-23] ⏭️ [fork1] 仓库 https://github.com/ShawnMa123/subs-check 10597h 未更新，跳过解析（无需追踪）
[2026-08-08 11:21:49] [W-23] ✅ 完成 [fork1] ShawnMa123/subs-check | 提取 0 | 新增 0 | 耗时 2s | 配额 4138/4800 03:21UTC | 主队列 61/200 发现队列 75/20000 [[fork1]:45 [user0]:30] | Worker 33忙/3闲(91%)
[2026-08-08 11:21:49] [W-23] 🔧 开始处理 [fork1] cjxnxp/subs-check
[2026-08-08 11:21:49] [W-23] [fork1] 仓库 https://github.com/cjxnxp/subs-check (分支: master, size: 287142KB, pushed: 2026-08-07T03:44:17Z)
[2026-08-08 11:21:49] [W-1] ⏭️ [fork1] 仓库 https://github.com/misijiawen/subs-check 7218h 未更新，跳过解析（无需追踪）
[2026-08-08 11:21:49] [W-1] ✅ 完成 [fork1] misijiawen/subs-check | 提取 0 | 新增 0 | 耗时 1s | 配额 4137/4800 03:21UTC | 主队列 61/200 发现队列 74/20000 [[fork1]:44 [user0]:30] | Worker 33忙/3闲(91%)
[2026-08-08 11:21:49] [W-1] 🔧 开始处理 [fork1] zj249234448/subs-check
[2026-08-08 11:21:50] [W-1] ⏭️ [fork1] 仓库 https://github.com/zj249234448/subs-check 9950h 未更新，跳过解析（无需追踪）
[2026-08-08 11:21:50] [W-1] ✅ 完成 [fork1] zj249234448/subs-check | 提取 0 | 新增 0 | 耗时 1s | 配额 4136/4800 03:21UTC | 主队列 61/200 发现队列 73/20000 [[fork1]:43 [user0]:30] | Worker 33忙/3闲(91%)
[2026-08-08 11:21:50] [W-1] 🔧 开始处理 [fork1] citylonlyTan/subs-check
[2026-08-08 11:21:50] [W-1] ⏭️ [fork1] 仓库 https://github.com/citylonlyTan/subs-check 8834h 未更新，跳过解析（无需追踪）
[2026-08-08 11:21:50] [W-1] ✅ 完成 [fork1] citylonlyTan/subs-check | 提取 0 | 新增 0 | 耗时 0s | 配额 4136/4800 03:21UTC | 主队列 61/200 发现队列 72/20000 [[fork1]:42 [user0]:30] | Worker 33忙/3闲(91%)
[2026-08-08 11:21:50] [W-1] 🔧 开始处理 [fork1] ftanlong520/subs-check
[2026-08-08 11:21:50] [W-1] ⏭️ [fork1] 仓库 https://github.com/ftanlong520/subs-check 10106h 未更新，跳过解析（无需追踪）
[2026-08-08 11:21:50] [W-1] ✅ 完成 [fork1] ftanlong520/subs-check | 提取 0 | 新增 0 | 耗时 0s | 配额 4136/4800 03:21UTC | 主队列 61/200 发现队列 71/20000 [[fork1]:41 [user0]:30] | Worker 33忙/3闲(91%)
[2026-08-08 11:21:50] [W-1] 🔧 开始处理 [fork1] zhaoxiang139/subs-check-my
[2026-08-08 11:21:51] [W-1] ⏭️ [fork1] 仓库 https://github.com/zhaoxiang139/subs-check-my 4317h 未更新，跳过解析（无需追踪）
[2026-08-08 11:21:51] [W-1] ✅ 完成 [fork1] zhaoxiang139/subs-check-my | 提取 0 | 新增 0 | 耗时 1s | 配额 4135/4800 03:21UTC | 主队列 61/200 发现队列 70/20000 [[fork1]:40 [user0]:30] | Worker 33忙/3闲(91%)
[2026-08-08 11:21:51] [W-1] 🔧 开始处理 [fork1] zcc135820/subs-check
[2026-08-08 11:21:52] [W-1] ⏭️ [fork1] 仓库 https://github.com/zcc135820/subs-check 10367h 未更新，跳过解析（无需追踪）
[2026-08-08 11:21:52] [W-1] ✅ 完成 [fork1] zcc135820/subs-check | 提取 0 | 新增 0 | 耗时 2s | 配额 4134/4800 03:21UTC | 主队列 61/200 发现队列 69/20000 [[fork1]:39 [user0]:30] | Worker 33忙/3闲(91%)
[2026-08-08 11:21:52] [W-1] 🔧 开始处理 [fork1] tslocks/subs-check
[2026-08-08 11:21:54] [W-1] ⏭️ [fork1] 仓库 https://github.com/tslocks/subs-check 6522h 未更新，跳过解析（无需追踪）
[2026-08-08 11:21:54] [W-1] ✅ 完成 [fork1] tslocks/subs-check | 提取 0 | 新增 0 | 耗时 2s | 配额 4133/4800 03:21UTC | 主队列 61/200 发现队列 68/20000 [[fork1]:38 [user0]:30] | Worker 33忙/3闲(91%)
[2026-08-08 11:21:54] [W-1] 🔧 开始处理 [fork1] fishforks/subs-check
[2026-08-08 11:21:55] [W-1] ⏭️ [fork1] 仓库 https://github.com/fishforks/subs-check 11293h 未更新，跳过解析（无需追踪）
[2026-08-08 11:21:55] [W-1] ✅ 完成 [fork1] fishforks/subs-check | 提取 0 | 新增 0 | 耗时 1s | 配额 4132/4800 03:21UTC | 主队列 61/200 发现队列 67/20000 [[fork1]:37 [user0]:30] | Worker 33忙/3闲(91%)
[2026-08-08 11:21:56] [W-1] 🔧 开始处理 [fork1] gatuo09/subs-check
[2026-08-08 11:21:56] [W-1] ⏭️ [fork1] 仓库 https://github.com/gatuo09/subs-check 11844h 未更新，跳过解析（无需追踪）
[2026-08-08 11:21:56] [W-1] ✅ 完成 [fork1] gatuo09/subs-check | 提取 0 | 新增 0 | 耗时 0s | 配额 4132/4800 03:21UTC | 主队列 61/200 发现队列 66/20000 [[fork1]:36 [user0]:30] | Worker 33忙/3闲(91%)
[2026-08-08 11:21:56] [W-1] 🔧 开始处理 [种子仓库] Raad63/v2rayNG-android [种子 165/744]
[2026-08-08 11:21:56] [ThreadPoolExecutor-172_1] 📦 批次 0003 已持久化: /home/runner/work/test-college/test-college/batches/no_batch_0003.txt (5366 个节点, 累计 16213 个) | 主队列 60/200 发现队列 66/20000 [[fork1]:36 [user0]:30] | Worker 33忙/3闲(91%)
[2026-08-08 11:21:56] [W-1] [种子仓库] 仓库 https://github.com/Raad63/v2rayNG-android (分支: master, size: 36676KB, pushed: 2026-08-07T16:01:13Z)
[2026-08-08 11:22:10] 📊 [03:22 UTC] 运行 254s
[2026-08-08 11:22:10]    CPU: 100% (负载 21.19/2核) | 内存: 14% (2.2/15.6GB) | 磁盘: 86.6/144GB 可用
[2026-08-08 11:22:10]    网络近60s: 总下载 0.59GB | 平均 11.25MB/s | 峰值 20.69MB/s
[2026-08-08 11:22:10]    API: 4131/4800 | 放行 75/分钟 | raw 45文件/21.5MB | clone 59仓库/2090文件
[2026-08-08 11:22:10]    进度: 种子 225/744 | 关键词 - | Code -
[2026-08-08 11:22:10]    主队列 60/200 发现队列 66/20000 [[fork1]:36 [user0]:30] | Worker 33忙/3闲(91%)
[2026-08-08 11:22:10]    Worker: 33忙/3闲(91%) | W-0 PartialClone Raad63/v2ray-configs-sub-5(253s) | W-1 处理 [种子仓库] Raad63/v2rayNG-android(14s) | W-2 PartialClone mahdibland/ShadowsocksAggregator(248s) | W-3 PartialClone Airuop/cross(248s) | W-4 PartialClone cysk003/Epodonios-v2ray-configs(248s) | W-5 PartialClone mahdibland/V2RayAggregator(186s) | W-6 PartialClone ayayime/v2rayNG(66s) | W-7 PartialClone actionsfz/subs-check(57s) | W-8 PartialClone 2dust/v2rayNG(135s) | W-9 PartialClone sujun2021/v2rayNG(89s) | W-10 处理 [种子仓库] ws94666ws/v2rayNG(48s) | W-11 PartialClone 2dust/v2rayNG(186s) | W-12 空闲(190s) | W-13 PartialClone Superoldman96/v2rayNG(113s) | W-14 PartialClone clift190/v2rayNG(134s) | W-15 PartialClone mahdibland/SSAggregator(244s) | W-16 PartialClone Yannik666/nodes(167s) | W-17 PartialClone maoxikun/v2rayNG(124s) | W-18 PartialClone iswhat/v2rayNG(119s) | W-19 PartialClone marstrix/v2rayNG(53s) | W-20 PartialClone xiechangan123/v2rayNG(114s) | W-21 PartialClone cysk003/v2rayNG(116s) | W-22 PartialClone chaoduzj/pac2(233s) | W-23 处理 [fork1] cjxnxp/subs-check(21s) | W-24 PartialClone ninjastrikers/nexus-nodes(248s) | W-25 PartialClone T00700/v2rayNG(65s) | W-26 PartialClone mengzhisuoliu/v2rayNG(71s) | W-27 PartialClone samling-jackyjyo/v2rayNG(84s) | W-28 PartialClone clash-verge-rev/clash-verge-rev(136s) | W-29 空闲(199s) | W-30 PartialClone OmiSummy/v2rayNG(121s) | W-31 PartialClone chaoduzj/aggregator(248s) | W-32 PartialClone wenxig/zero-path(221s) | W-33 PartialClone clift190/v2rayN(134s) | W-34 PartialClone Super-Zoe/v2rayNG(55s) | W-35 空闲(81s)
[2026-08-08 11:22:20] [ThreadPoolExecutor-172_1] SHA 缓存已保存: 316890 条, 1 分片
[2026-08-08 11:22:24] [ThreadPoolExecutor-172_4] 📦 批次 0004 已持久化: /home/runner/work/test-college/test-college/batches/no_batch_0004.txt (10245 个节点, 累计 26458 个) | 主队列 60/200 发现队列 66/20000 [[fork1]:36 [user0]:30] | Worker 33忙/3闲(91%)
[2026-08-08 11:22:56] [ThreadPoolExecutor-172_4] SHA 缓存已保存: 316892 条, 1 分片
[2026-08-08 11:22:56] [W-11] 📦 Partial Clone: 366 个文件（零 API 配额）
[2026-08-08 11:22:56] [W-7] 📦 Partial Clone: 106 个文件（零 API 配额）
[2026-08-08 11:22:57] [W-24] 📦 Partial Clone: 589 个文件（零 API 配额）
[2026-08-08 11:22:57] [W-0] ⚠️ Partial Clone 异常: Command '['git', '-C', '/tmp/pclone_tkxj9_ry', 'ls-tree', '-r', '-l', 'HEAD']' timed out after 300 seconds
[2026-08-08 11:23:02] [ThreadPoolExecutor-172_6] 📦 批次 0005 已持久化: /home/runner/work/test-college/test-college/batches/no_batch_0005.txt (8892 个节点, 累计 35350 个) | 主队列 60/200 发现队列 66/20000 [[fork1]:36 [user0]:30] | Worker 29忙/7闲(80%)
[2026-08-08 11:23:03] [W-3] ⚠️ Partial Clone 异常: Command '['git', '-C', '/tmp/pclone_k_sxlo72', 'ls-tree', '-r', '-l', 'HEAD']' timed out after 300 seconds
[2026-08-08 11:23:03] [W-31] ⚠️ Partial Clone 异常: Command '['git', '-C', '/tmp/pclone_v9k051ij', 'ls-tree', '-r', '-l', 'HEAD']' timed out after 300 seconds
[2026-08-08 11:23:03] [W-4] ⚠️ Partial Clone 异常: Command '['git', '-C', '/tmp/pclone_jttfplb5', 'ls-tree', '-r', '-l', 'HEAD']' timed out after 300 seconds
[2026-08-08 11:23:03] [W-2] ⚠️ Partial Clone 异常: Command '['git', '-C', '/tmp/pclone_nc3bqtcc', 'ls-tree', '-r', '-l', 'HEAD']' timed out after 300 seconds
[2026-08-08 11:23:06] [W-0] Clone-First clone 失败，放弃（Contents 已关闭）
[2026-08-08 11:23:06] [W-0] ✅ 完成 [种子仓库] Raad63/v2ray-configs-sub-5 [种子 1/744] | 提取 0 | 新增 0 | 耗时 310s | 配额 4131/4800 03:23UTC | 主队列 60/200 发现队列 66/20000 [[fork1]:36 [user0]:30] | Worker 25忙/11闲(69%)
[2026-08-08 11:23:06] [W-0] 🔧 开始处理 [种子仓库] chaoduzj/v2rayN [种子 166/744]
[2026-08-08 11:23:07] [W-2] Clone-First clone 失败，放弃（Contents 已关闭）
[2026-08-08 11:23:07] [W-2] ✅ 完成 [种子仓库] mahdibland/ShadowsocksAggregator [种子 18/744] | 提取 0 | 新增 0 | 耗时 306s | 配额 4131/4800 03:23UTC | 主队列 59/200 发现队列 66/20000 [[fork1]:36 [user0]:30] | Worker 26忙/10闲(72%)
[2026-08-08 11:23:07] [W-2] 🔧 开始处理 [种子仓库] txwdzxq/v2rayN [种子 167/744]
[2026-08-08 11:23:07] [W-4] Clone-First clone 失败，放弃（Contents 已关闭）
[2026-08-08 11:23:07] [W-4] ✅ 完成 [种子仓库] cysk003/Epodonios-v2ray-configs [种子 33/744] | 提取 0 | 新增 0 | 耗时 306s | 配额 4131/4800 03:23UTC | 主队列 58/200 发现队列 66/20000 [[fork1]:36 [user0]:30] | Worker 27忙/9闲(75%)
[2026-08-08 11:23:07] [W-4] 🔧 开始处理 [种子仓库] kany2000/v2rayN [种子 168/744]
[2026-08-08 11:23:07] [W-0] ⏭️ [种子仓库] 仓库 https://github.com/chaoduzj/v2rayN 已解析，跳过解析（无需追踪）
[2026-08-08 11:23:07] [W-0] ✅ 完成 [种子仓库] chaoduzj/v2rayN [种子 166/744] | 提取 0 | 新增 0 | 耗时 1s | 配额 4130/4800 03:23UTC | 主队列 57/200 发现队列 66/20000 [[fork1]:36 [user0]:30] | Worker 28忙/8闲(77%)
[2026-08-08 11:23:07] [W-0] 🔧 开始处理 [fork1] l-ff/subs-check
[2026-08-08 11:23:07] [W-0] ⏭️ [fork1] 仓库 https://github.com/l-ff/subs-check 2673h 未更新，跳过解析（无需追踪）
[2026-08-08 11:23:07] [W-0] ✅ 完成 [fork1] l-ff/subs-check | 提取 0 | 新增 0 | 耗时 0s | 配额 4130/4800 03:23UTC | 主队列 57/200 发现队列 65/20000 [[fork1]:35 [user0]:30] | Worker 28忙/8闲(77%)
[2026-08-08 11:23:07] [W-0] 🔧 开始处理 [fork1] xxcjh/subs-check
[2026-08-08 11:23:07] [W-2] ⏭️ [种子仓库] 仓库 https://github.com/txwdzxq/v2rayN 已解析，跳过解析（无需追踪）
[2026-08-08 11:23:07] [W-2] ✅ 完成 [种子仓库] txwdzxq/v2rayN [种子 167/744] | 提取 0 | 新增 0 | 耗时 1s | 配额 4129/4800 03:23UTC | 主队列 57/200 发现队列 64/20000 [[fork1]:34 [user0]:30] | Worker 28忙/8闲(77%)
[2026-08-08 11:23:07] [W-2] 🔧 开始处理 [fork1] fuxinyi0505/subs-check
[2026-08-08 11:23:08] [W-4] ⏭️ [种子仓库] 仓库 https://github.com/kany2000/v2rayN 已解析，跳过解析（无需追踪）
[2026-08-08 11:23:08] [W-4] ✅ 完成 [种子仓库] kany2000/v2rayN [种子 168/744] | 提取 0 | 新增 0 | 耗时 1s | 配额 4128/4800 03:23UTC | 主队列 57/200 发现队列 63/20000 [[fork1]:33 [user0]:30] | Worker 28忙/8闲(77%)
[2026-08-08 11:23:08] [W-4] 🔧 开始处理 [fork1] uskgah/subs-check
[2026-08-08 11:23:08] [W-0] ⏭️ [fork1] 仓库 https://github.com/xxcjh/subs-check 11850h 未更新，跳过解析（无需追踪）
[2026-08-08 11:23:08] [W-0] ✅ 完成 [fork1] xxcjh/subs-check | 提取 0 | 新增 0 | 耗时 1s | 配额 4127/4800 03:23UTC | 主队列 57/200 发现队列 62/20000 [[fork1]:32 [user0]:30] | Worker 28忙/8闲(77%)
[2026-08-08 11:23:08] [W-3] Clone-First clone 失败，放弃（Contents 已关闭）
[2026-08-08 11:23:08] [W-3] ✅ 完成 [种子仓库] Airuop/cross [种子 22/744] | 提取 0 | 新增 0 | 耗时 307s | 配额 4127/4800 03:23UTC | 主队列 57/200 发现队列 61/20000 [[fork1]:31 [user0]:30] | Worker 27忙/9闲(75%)
[2026-08-08 11:23:08] [W-3] 🔧 开始处理 [种子仓库] checkvip/v2rayN [种子 169/744]
[2026-08-08 11:23:08] [W-0] 🔧 开始处理 [fork1] ArmsZhou/subs-check
[2026-08-08 11:23:08] [W-0] ⏭️ [fork1] 仓库 https://github.com/ArmsZhou/subs-check 10166h 未更新，跳过解析（无需追踪）
[2026-08-08 11:23:08] [W-0] ✅ 完成 [fork1] ArmsZhou/subs-check | 提取 0 | 新增 0 | 耗时 0s | 配额 4127/4800 03:23UTC | 主队列 56/200 发现队列 61/20000 [[fork1]:31 [user0]:30] | Worker 29忙/7闲(80%)
[2026-08-08 11:23:08] [W-0] 🔧 开始处理 [fork1] yxdz2020/subs-check
[2026-08-08 11:23:08] [W-0] ⏭️ [fork1] 仓库 https://github.com/yxdz2020/subs-check 3232h 未更新，跳过解析（无需追踪）
[2026-08-08 11:23:08] [W-0] ✅ 完成 [fork1] yxdz2020/subs-check | 提取 0 | 新增 0 | 耗时 0s | 配额 4127/4800 03:23UTC | 主队列 56/200 发现队列 60/20000 [[fork1]:30 [user0]:30] | Worker 29忙/7闲(80%)
[2026-08-08 11:23:08] [W-0] 🔧 开始处理 [fork1] qweasz66/subs-check
[2026-08-08 11:23:08] [W-0] ⏭️ [fork1] 仓库 https://github.com/qweasz66/subs-check 958h 未更新，跳过解析（无需追踪）
[2026-08-08 11:23:08] [W-0] ✅ 完成 [fork1] qweasz66/subs-check | 提取 0 | 新增 0 | 耗时 0s | 配额 4127/4800 03:23UTC | 主队列 56/200 发现队列 59/20000 [[fork1]:29 [user0]:30] | Worker 29忙/7闲(80%)
[2026-08-08 11:23:08] [W-0] 🔧 开始处理 [fork1] thomas-jack/subs-check
[2026-08-08 11:23:08] [W-0] ⏭️ [fork1] 仓库 https://github.com/thomas-jack/subs-check 5373h 未更新，跳过解析（无需追踪）
[2026-08-08 11:23:08] [W-0] ✅ 完成 [fork1] thomas-jack/subs-check | 提取 0 | 新增 0 | 耗时 0s | 配额 4127/4800 03:23UTC | 主队列 56/200 发现队列 58/20000 [[fork1]:28 [user0]:30] | Worker 29忙/7闲(80%)
[2026-08-08 11:23:08] [W-0] 🔧 开始处理 [fork1] Debianhero/subs-check
[2026-08-08 11:23:08] [W-0] ⏭️ [fork1] 仓库 https://github.com/Debianhero/subs-check 860h 未更新，跳过解析（无需追踪）
[2026-08-08 11:23:08] [W-0] ✅ 完成 [fork1] Debianhero/subs-check | 提取 0 | 新增 0 | 耗时 0s | 配额 4127/4800 03:23UTC | 主队列 56/200 发现队列 57/20000 [[fork1]:27 [user0]:30] | Worker 29忙/7闲(80%)
[2026-08-08 11:23:08] [W-0] 🔧 开始处理 [fork1] vip8899/subs-check
[2026-08-08 11:23:08] [W-31] Clone-First clone 失败，放弃（Contents 已关闭）
[2026-08-08 11:23:08] [W-31] ✅ 完成 [种子仓库] chaoduzj/aggregator [种子 21/744] | 提取 0 | 新增 0 | 耗时 307s | 配额 4127/4800 03:23UTC | 主队列 56/200 发现队列 56/20000 [[fork1]:26 [user0]:30] | Worker 29忙/7闲(80%)
[2026-08-08 11:23:08] [W-31] 🔧 开始处理 [种子仓库] Neonity2020/v2rayN [种子 170/744]
[2026-08-08 11:23:08] [W-2] ⏭️ [fork1] 仓库 https://github.com/fuxinyi0505/subs-check 4317h 未更新，跳过解析（无需追踪）
[2026-08-08 11:23:08] [W-2] ✅ 完成 [fork1] fuxinyi0505/subs-check | 提取 0 | 新增 0 | 耗时 1s | 配额 4126/4800 03:23UTC | 主队列 55/200 发现队列 56/20000 [[fork1]:26 [user0]:30] | Worker 30忙/6闲(83%)
[2026-08-08 11:23:08] [W-2] 🔧 开始处理 [fork1] bzhubs/subs-check
[2026-08-08 11:23:08] [W-3] ⏭️ [种子仓库] 仓库 https://github.com/checkvip/v2rayN 已解析，跳过解析（无需追踪）
[2026-08-08 11:23:08] [W-3] ✅ 完成 [种子仓库] checkvip/v2rayN [种子 169/744] | 提取 0 | 新增 0 | 耗时 1s | 配额 4125/4800 03:23UTC | 主队列 55/200 发现队列 55/20000 [[fork1]:25 [user0]:30] | Worker 30忙/6闲(83%)
[2026-08-08 11:23:09] [W-3] 🔧 开始处理 [fork1] aqjiuweng/subs-check
[2026-08-08 11:23:09] [W-0] ⏭️ [fork1] 仓库 https://github.com/vip8899/subs-check 11941h 未更新，跳过解析（无需追踪）
[2026-08-08 11:23:09] [W-0] ✅ 完成 [fork1] vip8899/subs-check | 提取 0 | 新增 0 | 耗时 1s | 配额 4124/4800 03:23UTC | 主队列 55/200 发现队列 54/20000 [[fork1]:24 [user0]:30] | Worker 30忙/6闲(83%)
[2026-08-08 11:23:09] [W-0] 🔧 开始处理 [fork1] wgs556688/subs-check
[2026-08-08 11:23:09] [W-31] ⏭️ [种子仓库] 仓库 https://github.com/Neonity2020/v2rayN 已解析，跳过解析（无需追踪）
[2026-08-08 11:23:09] [W-31] ✅ 完成 [种子仓库] Neonity2020/v2rayN [种子 170/744] | 提取 0 | 新增 0 | 耗时 1s | 配额 4123/4800 03:23UTC | 主队列 55/200 发现队列 53/20000 [[fork1]:23 [user0]:30] | Worker 30忙/6闲(83%)
[2026-08-08 11:23:09] [W-31] 🔧 开始处理 [fork1] lmj568fly/subs-check
[2026-08-08 11:23:09] [W-4] ⏭️ [fork1] 仓库 https://github.com/uskgah/subs-check 11208h 未更新，跳过解析（无需追踪）
[2026-08-08 11:23:09] [W-4] ✅ 完成 [fork1] uskgah/subs-check | 提取 0 | 新增 0 | 耗时 1s | 配额 4122/4800 03:23UTC | 主队列 55/200 发现队列 52/20000 [[fork1]:22 [user0]:30] | Worker 30忙/6闲(83%)
[2026-08-08 11:23:09] [W-4] 🔧 开始处理 [fork1] ahorton52/subs-check
[2026-08-08 11:23:09] [W-2] ⏭️ [fork1] 仓库 https://github.com/bzhubs/subs-check 3158h 未更新，跳过解析（无需追踪）
[2026-08-08 11:23:09] [W-2] ✅ 完成 [fork1] bzhubs/subs-check | 提取 0 | 新增 0 | 耗时 1s | 配额 4121/4800 03:23UTC | 主队列 55/200 发现队列 51/20000 [[fork1]:21 [user0]:30] | Worker 30忙/6闲(83%)
[2026-08-08 11:23:09] [W-2] 🔧 开始处理 [fork1] liuleyouxiang168-sketch/subs-check
[2026-08-08 11:23:09] [W-3] ⏭️ [fork1] 仓库 https://github.com/aqjiuweng/subs-check 4748h 未更新，跳过解析（无需追踪）
[2026-08-08 11:23:09] [W-3] ✅ 完成 [fork1] aqjiuweng/subs-check | 提取 0 | 新增 0 | 耗时 1s | 配额 4120/4800 03:23UTC | 主队列 55/200 发现队列 50/20000 [[fork1]:20 [user0]:30] | Worker 30忙/6闲(83%)
[2026-08-08 11:23:09] [W-3] 🔧 开始处理 [fork1] hjy-os/subs-check
[2026-08-08 11:23:09] [W-0] ⏭️ [fork1] 仓库 https://github.com/wgs556688/subs-check 11916h 未更新，跳过解析（无需追踪）
[2026-08-08 11:23:09] [W-0] ✅ 完成 [fork1] wgs556688/subs-check | 提取 0 | 新增 0 | 耗时 1s | 配额 4119/4800 03:23UTC | 主队列 55/200 发现队列 49/20000 [[fork1]:19 [user0]:30] | Worker 30忙/6闲(83%)
[2026-08-08 11:23:09] [W-0] 🔧 开始处理 [fork1] kooshare/subs-check
[2026-08-08 11:23:10] [W-31] ⏭️ [fork1] 仓库 https://github.com/lmj568fly/subs-check 1507h 未更新，跳过解析（无需追踪）
[2026-08-08 11:23:10] [W-31] ✅ 完成 [fork1] lmj568fly/subs-check | 提取 0 | 新增 0 | 耗时 1s | 配额 4118/4800 03:23UTC | 主队列 55/200 发现队列 48/20000 [[fork1]:18 [user0]:30] | Worker 30忙/6闲(83%)
[2026-08-08 11:23:10] [W-31] 🔧 开始处理 [fork1] lhy0315cn/subs-check
[2026-08-08 11:23:10] [W-4] ⏭️ [fork1] 仓库 https://github.com/ahorton52/subs-check 11850h 未更新，跳过解析（无需追踪）
[2026-08-08 11:23:10] [W-4] ✅ 完成 [fork1] ahorton52/subs-check | 提取 0 | 新增 0 | 耗时 1s | 配额 4117/4800 03:23UTC | 主队列 55/200 发现队列 47/20000 [[fork1]:17 [user0]:30] | Worker 30忙/6闲(83%)
[2026-08-08 11:23:10] [W-4] 🔧 开始处理 [fork1] jianbc2004/subs-check
[2026-08-08 11:23:10] [W-2] ⏭️ [fork1] 仓库 https://github.com/liuleyouxiang168-sketch/subs-check 3812h 未更新，跳过解析（无需追踪）
[2026-08-08 11:23:10] [W-2] ✅ 完成 [fork1] liuleyouxiang168-sketch/subs-check | 提取 0 | 新增 0 | 耗时 1s | 配额 4116/4800 03:23UTC | 主队列 55/200 发现队列 46/20000 [[fork1]:16 [user0]:30] | Worker 30忙/6闲(83%)
[2026-08-08 11:23:10] [W-2] 🔧 开始处理 [fork1] jilin0105/subs-check
[2026-08-08 11:23:10] [W-2] ⏭️ [fork1] 仓库 https://github.com/jilin0105/subs-check 8747h 未更新，跳过解析（无需追踪）
[2026-08-08 11:23:10] [W-2] ✅ 完成 [fork1] jilin0105/subs-check | 提取 0 | 新增 0 | 耗时 0s | 配额 4116/4800 03:23UTC | 主队列 55/200 发现队列 45/20000 [[fork1]:15 [user0]:30] | Worker 30忙/6闲(83%)
[2026-08-08 11:23:10] [W-2] 🔧 开始处理 [fork1] Xylonify/subs-check
[2026-08-08 11:23:10] [W-2] ⏭️ [fork1] 仓库 https://github.com/Xylonify/subs-check 46h 未更新，跳过解析（无需追踪）
[2026-08-08 11:23:10] [W-2] ✅ 完成 [fork1] Xylonify/subs-check | 提取 0 | 新增 0 | 耗时 0s | 配额 4116/4800 03:23UTC | 主队列 55/200 发现队列 44/20000 [[fork1]:14 [user0]:30] | Worker 30忙/6闲(83%)
[2026-08-08 11:23:10] [W-2] 🔧 开始处理 [fork1] jvc6666/subs-check
[2026-08-08 11:23:10] [W-3] ⏭️ [fork1] 仓库 https://github.com/hjy-os/subs-check 471h 未更新，跳过解析（无需追踪）
[2026-08-08 11:23:10] [W-3] ✅ 完成 [fork1] hjy-os/subs-check | 提取 0 | 新增 0 | 耗时 1s | 配额 4115/4800 03:23UTC | 主队列 55/200 发现队列 43/20000 [[fork1]:13 [user0]:30] | Worker 30忙/6闲(83%)
[2026-08-08 11:23:10] [W-3] 🔧 开始处理 [fork1] zhumao520/subs-check
[2026-08-08 11:23:11] [W-4] ⏭️ [fork1] 仓库 https://github.com/jianbc2004/subs-check 4317h 未更新，跳过解析（无需追踪）
[2026-08-08 11:23:11] [W-4] ✅ 完成 [fork1] jianbc2004/subs-check | 提取 0 | 新增 0 | 耗时 1s | 配额 4114/4800 03:23UTC | 主队列 55/200 发现队列 42/20000 [[fork1]:12 [user0]:30] | Worker 30忙/6闲(83%)
[2026-08-08 11:23:11] [W-31] 📝 已处理缓存: lhy0315cn/subs-check
[2026-08-08 11:23:11] [W-31] ⏭️ [fork1] 仓库 https://github.com/lhy0315cn/subs-check 117h 未更新，跳过解析（无需追踪）
[2026-08-08 11:23:11] [W-31] ✅ 完成 [fork1] lhy0315cn/subs-check | 提取 0 | 新增 0 | 耗时 1s | 配额 4113/4800 03:23UTC | 主队列 55/200 发现队列 41/20000 [[fork1]:11 [user0]:30] | Worker 29忙/7闲(80%)
[2026-08-08 11:23:11] [W-4] 🔧 开始处理 [fork1] feifeiadmim/subs-check
[2026-08-08 11:23:11] [W-4] ⏭️ [fork1] 仓库 https://github.com/feifeiadmim/subs-check 5176h 未更新，跳过解析（无需追踪）
[2026-08-08 11:23:11] [W-4] ✅ 完成 [fork1] feifeiadmim/subs-check | 提取 0 | 新增 0 | 耗时 0s | 配额 4113/4800 03:23UTC | 主队列 55/200 发现队列 40/20000 [[fork1]:10 [user0]:30] | Worker 29忙/7闲(80%)
[2026-08-08 11:23:11] [W-4] 🔧 开始处理 [fork1] Kvddkvdjvs/subs-check
[2026-08-08 11:23:11] [W-4] ⏭️ [fork1] 仓库 https://github.com/Kvddkvdjvs/subs-check 9217h 未更新，跳过解析（无需追踪）
[2026-08-08 11:23:11] [W-4] ✅ 完成 [fork1] Kvddkvdjvs/subs-check | 提取 0 | 新增 0 | 耗时 0s | 配额 4113/4800 03:23UTC | 主队列 55/200 发现队列 39/20000 [[fork1]:9 [user0]:30] | Worker 29忙/7闲(80%)
[2026-08-08 11:23:11] [W-4] 🔧 开始处理 [fork1] dragonadd/subs-check
[2026-08-08 11:23:11] [W-4] ⏭️ [fork1] 仓库 https://github.com/dragonadd/subs-check 2439h 未更新，跳过解析（无需追踪）
[2026-08-08 11:23:11] [W-4] ✅ 完成 [fork1] dragonadd/subs-check | 提取 0 | 新增 0 | 耗时 0s | 配额 4113/4800 03:23UTC | 主队列 55/200 发现队列 38/20000 [[fork1]:8 [user0]:30] | Worker 29忙/7闲(80%)
[2026-08-08 11:23:11] [W-4] 🔧 开始处理 [fork1] yesugao/subs-check
[2026-08-08 11:23:11] [W-4] ⏭️ [fork1] 仓库 https://github.com/yesugao/subs-check 1845h 未更新，跳过解析（无需追踪）
[2026-08-08 11:23:11] [W-4] ✅ 完成 [fork1] yesugao/subs-check | 提取 0 | 新增 0 | 耗时 0s | 配额 4113/4800 03:23UTC | 主队列 55/200 发现队列 37/20000 [[fork1]:7 [user0]:30] | Worker 29忙/7闲(80%)
[2026-08-08 11:23:11] [W-4] 🔧 开始处理 [fork1] zdsa01/subs-check
[2026-08-08 11:23:11] [W-31] 🔧 开始处理 [fork1] loveggg/subs-check
[2026-08-08 11:23:11] [W-0] ⏭️ [fork1] 仓库 https://github.com/kooshare/subs-check 12623h 未更新，跳过解析（无需追踪）
[2026-08-08 11:23:11] [W-0] ✅ 完成 [fork1] kooshare/subs-check | 提取 0 | 新增 0 | 耗时 1s | 配额 4112/4800 03:23UTC | 主队列 55/200 发现队列 36/20000 [[fork1]:6 [user0]:30] | Worker 30忙/6闲(83%)
[2026-08-08 11:23:11] [W-0] 🔧 开始处理 [fork1] LC223255/subs-check
[2026-08-08 11:23:11] [W-2] ⏭️ [fork1] 仓库 https://github.com/jvc6666/subs-check 3812h 未更新，跳过解析（无需追踪）
[2026-08-08 11:23:11] [W-2] ✅ 完成 [fork1] jvc6666/subs-check | 提取 0 | 新增 0 | 耗时 1s | 配额 4111/4800 03:23UTC | 主队列 55/200 发现队列 35/20000 [[fork1]:5 [user0]:30] | Worker 30忙/6闲(83%)
[2026-08-08 11:23:11] [W-2] 🔧 开始处理 [fork1] lizhi66662000/subs-check
[2026-08-08 11:23:11] [W-3] ⏭️ [fork1] 仓库 https://github.com/zhumao520/subs-check 11641h 未更新，跳过解析（无需追踪）
[2026-08-08 11:23:11] [W-3] ✅ 完成 [fork1] zhumao520/subs-check | 提取 0 | 新增 0 | 耗时 1s | 配额 4110/4800 03:23UTC | 主队列 55/200 发现队列 34/20000 [[fork1]:4 [user0]:30] | Worker 30忙/6闲(83%)
[2026-08-08 11:23:11] [W-3] 🔧 开始处理 [fork1] blesdmm/subs-check
[2026-08-08 11:23:11] 📊 [03:23 UTC] 运行 315s
[2026-08-08 11:23:11]    CPU: 100% (负载 21.61/2核) | 内存: 15% (2.3/15.6GB) | 磁盘: 86.9/144GB 可用
[2026-08-08 11:23:11]    网络近60s: 总下载 0.08GB | 平均 1.51MB/s | 峰值 20.69MB/s
[2026-08-08 11:23:11]    API: 4110/4800 | 放行 26/分钟 | raw 45文件/21.5MB | clone 62仓库/3151文件
[2026-08-08 11:23:11]    进度: 种子 225/744 | 关键词 - | Code -
[2026-08-08 11:23:11]    主队列 55/200 发现队列 33/20000 [[fork1]:3 [user0]:30] | Worker 30忙/6闲(83%)
[2026-08-08 11:23:11]    Worker: 30忙/6闲(83%) | W-0 处理 [fork1] LC223255/subs-check(1s) | W-1 PartialClone Raad63/v2rayNG-android(14s) | W-2 处理 [fork1] lizhi66662000/subs-check(0s) | W-3 处理 [fork1] blesdmm/subs-check(0s) | W-4 处理 [fork1] zdsa01/subs-check(1s) | W-5 PartialClone mahdibland/V2RayAggregator(247s) | W-6 PartialClone ayayime/v2rayNG(128s) | W-7 空闲(15s) | W-8 PartialClone 2dust/v2rayNG(196s) | W-9 PartialClone sujun2021/v2rayNG(150s) | W-10 PartialClone ws94666ws/v2rayNG(15s) | W-11 空闲(15s) | W-12 空闲(251s) | W-13 PartialClone Superoldman96/v2rayNG(174s) | W-14 PartialClone clift190/v2rayNG(196s) | W-15 PartialClone mahdibland/SSAggregator(306s) | W-16 PartialClone Yannik666/nodes(228s) | W-17 PartialClone maoxikun/v2rayNG(186s) | W-18 PartialClone iswhat/v2rayNG(181s) | W-19 PartialClone marstrix/v2rayNG(114s) | W-20 PartialClone xiechangan123/v2rayNG(175s) | W-21 PartialClone cysk003/v2rayNG(178s) | W-22 PartialClone chaoduzj/pac2(294s) | W-23 PartialClone cjxnxp/subs-check(15s) | W-24 空闲(14s) | W-25 PartialClone T00700/v2rayNG(127s) | W-26 PartialClone mengzhisuoliu/v2rayNG(133s) | W-27 PartialClone samling-jackyjyo/v2rayNG(145s) | W-28 PartialClone clash-verge-rev/clash-verge-rev(198s) | W-29 空闲(260s) | W-30 PartialClone OmiSummy/v2rayNG(183s) | W-31 处理 [fork1] loveggg/subs-check(1s) | W-32 PartialClone wenxig/zero-path(283s) | W-33 PartialClone clift190/v2rayN(196s) | W-34 PartialClone Super-Zoe/v2rayNG(116s) | W-35 空闲(142s)
[2026-08-08 11:23:12] [W-4] ⏭️ [fork1] 仓库 https://github.com/zdsa01/subs-check 2750h 未更新，跳过解析（无需追踪）
[2026-08-08 11:23:12] [W-4] ✅ 完成 [fork1] zdsa01/subs-check | 提取 0 | 新增 0 | 耗时 1s | 配额 4109/4800 03:23UTC | 主队列 55/200 发现队列 33/20000 [[fork1]:3 [user0]:30] | Worker 30忙/6闲(83%)
[2026-08-08 11:23:12] [W-0] 📝 已处理缓存: LC223255/subs-check
[2026-08-08 11:23:12] [W-0] ⏭️ [fork1] 仓库 https://github.com/LC223255/subs-check 3812h 未更新，跳过解析（无需追踪）
[2026-08-08 11:23:12] [W-0] ✅ 完成 [fork1] LC223255/subs-check | 提取 0 | 新增 0 | 耗时 1s | 配额 4108/4800 03:23UTC | 主队列 55/200 发现队列 32/20000 [[fork1]:2 [user0]:30] | Worker 29忙/7闲(80%)
[2026-08-08 11:23:12] [W-0] 🔧 开始处理 [fork1] shengfengcg/subs-check
[2026-08-08 11:23:12] [W-4] 🔧 开始处理 [fork1] lancejhernandezlance-alt/subs-check
[2026-08-08 11:23:12] [W-4] ⏭️ [fork1] 仓库 https://github.com/lancejhernandezlance-alt/subs-check 7264h 未更新，跳过解析（无需追踪）
[2026-08-08 11:23:12] [W-4] ✅ 完成 [fork1] lancejhernandezlance-alt/subs-check | 提取 0 | 新增 0 | 耗时 0s | 配额 4108/4800 03:23UTC | 主队列 55/200 发现队列 31/20000 [[fork1]:1 [user0]:30] | Worker 30忙/6闲(83%)
[2026-08-08 11:23:12] [W-4] 🔧 开始处理 [fork1] iamownerliu/subs-check
[2026-08-08 11:23:12] [W-31] ⏭️ [fork1] 仓库 https://github.com/loveggg/subs-check 2514h 未更新，跳过解析（无需追踪）
[2026-08-08 11:23:12] [W-31] ✅ 完成 [fork1] loveggg/subs-check | 提取 0 | 新增 0 | 耗时 1s | 配额 4107/4800 03:23UTC | 主队列 55/200 发现队列 30/20000 [[user0]:30] | Worker 30忙/6闲(83%)
[2026-08-08 11:23:12] [W-31] 🔧 开始处理 [user0] peasoft/treble_evo
[2026-08-08 11:23:12] [W-2] ⏭️ [fork1] 仓库 https://github.com/lizhi66662000/subs-check 3812h 未更新，跳过解析（无需追踪）
[2026-08-08 11:23:12] [W-2] ✅ 完成 [fork1] lizhi66662000/subs-check | 提取 0 | 新增 0 | 耗时 1s | 配额 4106/4800 03:23UTC | 主队列 55/200 发现队列 29/20000 [[user0]:29] | Worker 30忙/6闲(83%)
[2026-08-08 11:23:12] [W-2] 🔧 开始处理 [user0] peasoft/mcaf-resourcepack
[2026-08-08 11:23:12] [W-2] ⏭️ [user0] 仓库 https://github.com/peasoft/mcaf-resourcepack 8889h 未更新，跳过解析（需追踪）
[2026-08-08 11:23:12] [W-2] 🔗 [user0] 查子仓库: peasoft/mcaf-resourcepack
[2026-08-08 11:23:12] [W-3] ⏭️ [fork1] 仓库 https://github.com/blesdmm/subs-check 1196h 未更新，跳过解析（无需追踪）
[2026-08-08 11:23:12] [W-3] ✅ 完成 [fork1] blesdmm/subs-check | 提取 0 | 新增 0 | 耗时 1s | 配额 4105/4800 03:23UTC | 主队列 55/200 发现队列 28/20000 [[user0]:28] | Worker 30忙/6闲(83%)
[2026-08-08 11:23:12] [W-3] 🔧 开始处理 [user0] peasoft/dev-sidecar
[2026-08-08 11:23:12] [W-3] ⏭️ [user0] 仓库 https://github.com/peasoft/dev-sidecar 8968h 未更新，跳过解析（需追踪）
[2026-08-08 11:23:12] [W-3] 🔗 [user0] 查子仓库: peasoft/dev-sidecar
[2026-08-08 11:23:12] repo info (shengfengcg/subs-check) 404，跳过
[2026-08-08 11:23:12] [W-2] 🔗 [user0] 开始 Fork 链追踪 (peasoft/mcaf-resourcepack)
[2026-08-08 11:23:13] [W-31] ⏭️ [user0] 仓库 https://github.com/peasoft/treble_evo 11344h 未更新，跳过解析（需追踪）
[2026-08-08 11:23:13] [W-31] 🔗 [user0] 查子仓库: peasoft/treble_evo
[2026-08-08 11:23:13] [W-2]   [user0] 父仓库: mc-wiki/mcaf-resourcepack
[2026-08-08 11:23:13] [W-4] 📝 已处理缓存: iamownerliu/subs-check
[2026-08-08 11:23:13] [W-4] ⏭️ [fork1] 仓库 https://github.com/iamownerliu/subs-check 10197h 未更新，跳过解析（无需追踪）
[2026-08-08 11:23:13] [W-4] ✅ 完成 [fork1] iamownerliu/subs-check | 提取 0 | 新增 0 | 耗时 1s | 配额 4100/4800 03:23UTC | 主队列 55/200 发现队列 27/20000 [[user0]:27] | Worker 30忙/6闲(83%)
[2026-08-08 11:23:13] [W-4] 🔧 开始处理 [user0] peasoft/tvheadend
[2026-08-08 11:23:13] [W-3] 🔗 [user0] 开始 Fork 链追踪 (peasoft/dev-sidecar)
[2026-08-08 11:23:13] [W-31] 🔗 [user0] 开始 Fork 链追踪 (peasoft/treble_evo)
[2026-08-08 11:23:13] [W-3]   [user0] 父仓库: docmirror/dev-sidecar
[2026-08-08 11:23:13] [W-31]   [user0] 父仓库: mytja/treble_evo
[2026-08-08 11:23:14] [W-4] ⏭️ [user0] 仓库 https://github.com/peasoft/tvheadend 9283h 未更新，跳过解析（需追踪）
[2026-08-08 11:23:14] [W-4] 🔗 [user0] 查子仓库: peasoft/tvheadend
[2026-08-08 11:23:14] [W-4] 🔗 [user0] 开始 Fork 链追踪 (peasoft/tvheadend)
[2026-08-08 11:23:14] [W-4]   [user0] 父仓库: tvheadend/tvheadend
[2026-08-08 11:23:15] [ThreadPoolExecutor-172_6] SHA 缓存已保存: 316893 条, 1 分片
[2026-08-08 11:23:15] [W-2] [fork1] 仓库 https://github.com/mc-wiki/mcaf-resourcepack (分支: main, size: 9296KB, pushed: 2026-08-08T01:18:58Z)
[2026-08-08 11:23:15] [W-31] 📝 已处理缓存: mytja/treble_evo
[2026-08-08 11:23:15] [W-31] ⏭️ [fork1] 仓库 https://github.com/mytja/treble_evo 11344h 未更新，跳过解析（无需追踪）
[2026-08-08 11:23:15] [W-31]   父仓库 +0 个节点
[2026-08-08 11:23:15] [W-4] [fork1] 仓库 https://github.com/tvheadend/tvheadend (分支: master, size: 69910KB, pushed: 2026-08-07T23:51:39Z)
[2026-08-08 11:23:15] [W-3] 📝 已处理缓存: docmirror/dev-sidecar
[2026-08-08 11:23:15] [W-3] ⏭️ [fork1] 仓库 https://github.com/docmirror/dev-sidecar 156h 未更新，跳过解析（无需追踪）
[2026-08-08 11:23:15] [W-3]   父仓库 +0 个节点
[2026-08-08 11:23:15] [W-11] 仓库 https://github.com/2dust/v2rayNG 无候选文件 (总计 366 blob, 扩展名过滤 343, processed_shas 跳过 0, SHA 缓存跳过 23)
[2026-08-08 11:23:15] [W-11] ✅ 完成 [user1] 2dust/v2rayNG | 提取 0 | 新增 0 | 耗时 251s | 配额 4093/4800 03:23UTC | 主队列 55/200 发现队列 26/20000 [[user0]:26] | Worker 30忙/6闲(83%)
[2026-08-08 11:23:15] [W-11] 🔧 开始处理 [种子仓库] jasonperter/v2rayN [种子 171/744]
[2026-08-08 11:23:16] [W-7] 仓库 https://github.com/actionsfz/subs-check 候选文件 2 个
[2026-08-08 11:23:16] [W-24] 仓库 https://github.com/ninjastrikers/nexus-nodes 候选文件 501 个
[2026-08-08 11:23:16] [W-0] 🔍 仓库 shengfengcg/subs-check 不存在（404），追踪用户
[2026-08-08 11:23:16] [W-0] 👤 [fork1] 遍历用户仓库: shengfengcg
[2026-08-08 11:23:16] [W-31]   🍴 兄弟仓库: 28/29 个 → 主队列 54/200 发现队列 54/20000 [[fork1]:28 [user0]:26] | Worker 31忙/5闲(86%)
[2026-08-08 11:23:16] [W-31] ✅ 完成 [user0] peasoft/treble_evo | 提取 0 | 新增 0 | 耗时 4s | 配额 4092/4800 03:23UTC | 主队列 54/200 发现队列 54/20000 [[fork1]:28 [user0]:26] | Worker 31忙/5闲(86%)
[2026-08-08 11:23:16] [W-31] 🔧 开始处理 [fork1] Nocticii-W/treble_evo_sweetchild
[2026-08-08 11:23:16] [W-0]   用户 shengfengcg 共查 0 个仓库
[2026-08-08 11:23:16] [W-0] ✅ 完成 [fork1] shengfengcg/subs-check | 提取 0 | 新增 0 | 耗时 5s | 配额 4091/4800 03:23UTC | 主队列 54/200 发现队列 53/20000 [[fork1]:27 [user0]:26] | Worker 31忙/5闲(86%)
[2026-08-08 11:23:16] [W-0] 🔧 开始处理 [种子仓库] Baobei321/v2rayN [种子 172/744]
[2026-08-08 11:23:17] [W-11] ⏭️ [种子仓库] 仓库 https://github.com/jasonperter/v2rayN 已解析，跳过解析（无需追踪）
[2026-08-08 11:23:17] [W-11] ✅ 完成 [种子仓库] jasonperter/v2rayN [种子 171/744] | 提取 0 | 新增 0 | 耗时 1s | 配额 4090/4800 03:23UTC | 主队列 53/200 发现队列 53/20000 [[fork1]:27 [user0]:26] | Worker 31忙/5闲(86%)
[2026-08-08 11:23:17] [W-11] 🔧 开始处理 [fork1] programmersd21/treble_evo
[2026-08-08 11:23:17] [W-11] 📝 已处理缓存: programmersd21/treble_evo
[2026-08-08 11:23:17] [W-11] ⏭️ [fork1] 仓库 https://github.com/programmersd21/treble_evo 1380h 未更新，跳过解析（无需追踪）
[2026-08-08 11:23:17] [W-11] ✅ 完成 [fork1] programmersd21/treble_evo | 提取 0 | 新增 0 | 耗时 0s | 配额 4090/4800 03:23UTC | 主队列 53/200 发现队列 52/20000 [[fork1]:26 [user0]:26] | Worker 31忙/5闲(86%)
[2026-08-08 11:23:17] [W-11] 🔧 开始处理 [fork1] poomainthan/treble_evo
[2026-08-08 11:23:18] [W-31] 📝 已处理缓存: Nocticii-W/treble_evo_sweetchild
[2026-08-08 11:23:18] [W-31] ⏭️ [fork1] 仓库 https://github.com/Nocticii-W/treble_evo_sweetchild 11252h 未更新，跳过解析（无需追踪）
[2026-08-08 11:23:18] [W-31] ✅ 完成 [fork1] Nocticii-W/treble_evo_sweetchild | 提取 0 | 新增 0 | 耗时 1s | 配额 4089/4800 03:23UTC | 主队列 53/200 发现队列 51/20000 [[fork1]:25 [user0]:26] | Worker 31忙/5闲(86%)
[2026-08-08 11:23:18] [W-31] 🔧 开始处理 [fork1] justbravine/treble_evo
[2026-08-08 11:23:18] [W-15] ⚠️ Partial Clone 异常: Command '['git', '-C', '/tmp/pclone_ehi4n4ic', 'ls-tree', '-r', '-l', 'HEAD']' timed out after 300 seconds
[2026-08-08 11:23:18] [W-3]   🍴 兄弟仓库: 80/80 个 → 主队列 53/200 发现队列 130/20000 [[fork1]:104 [user0]:26] | Worker 30忙/6闲(83%)
[2026-08-08 11:23:18] [W-3] ✅ 完成 [user0] peasoft/dev-sidecar | 提取 0 | 新增 0 | 耗时 5s | 配额 4088/4800 03:23UTC | 主队列 53/200 发现队列 130/20000 [[fork1]:104 [user0]:26] | Worker 30忙/6闲(83%)
[2026-08-08 11:23:18] [W-3] 🔧 开始处理 [fork1] rmnurin/treble_evo
[2026-08-08 11:23:19] [W-11] 📝 已处理缓存: poomainthan/treble_evo
[2026-08-08 11:23:19] [W-11] ⏭️ [fork1] 仓库 https://github.com/poomainthan/treble_evo 11344h 未更新，跳过解析（无需追踪）
[2026-08-08 11:23:19] [W-11] ✅ 完成 [fork1] poomainthan/treble_evo | 提取 0 | 新增 0 | 耗时 2s | 配额 4087/4800 03:23UTC | 主队列 53/200 发现队列 129/20000 [[fork1]:103 [user0]:26] | Worker 30忙/6闲(83%)
[2026-08-08 11:23:19] [W-11] 🔧 开始处理 [fork1] shivagames465-hue/treble_evo
[2026-08-08 11:23:19] [W-22] ⚠️ Partial Clone 异常: Command '['git', '-C', '/tmp/pclone_1b0u8oks', 'ls-tree', '-r', '-l', 'HEAD']' timed out after 300 seconds
[2026-08-08 11:23:19] [W-0] ⏭️ [种子仓库] 仓库 https://github.com/Baobei321/v2rayN 已解析，跳过解析（无需追踪）
[2026-08-08 11:23:19] [W-0] ✅ 完成 [种子仓库] Baobei321/v2rayN [种子 172/744] | 提取 0 | 新增 0 | 耗时 3s | 配额 4086/4800 03:23UTC | 主队列 53/200 发现队列 128/20000 [[fork1]:102 [user0]:26] | Worker 29忙/7闲(80%)
[2026-08-08 11:23:19] [W-0] 🔧 开始处理 [fork1] SenyxLois/treble_evo
[2026-08-08 11:23:19] [W-31] 📝 已处理缓存: justbravine/treble_evo
[2026-08-08 11:23:19] [W-31] ⏭️ [fork1] 仓库 https://github.com/justbravine/treble_evo 11866h 未更新，跳过解析（无需追踪）
[2026-08-08 11:23:19] [W-31] ✅ 完成 [fork1] justbravine/treble_evo | 提取 0 | 新增 0 | 耗时 2s | 配额 4085/4800 03:23UTC | 主队列 53/200 发现队列 127/20000 [[fork1]:101 [user0]:26] | Worker 29忙/7闲(80%)
[2026-08-08 11:23:19] [W-31] 🔧 开始处理 [种子仓库] barreler126/v2rayN [种子 173/744]
[2026-08-08 11:23:19] [W-3] 📝 已处理缓存: rmnurin/treble_evo
[2026-08-08 11:23:19] [W-3] ⏭️ [fork1] 仓库 https://github.com/rmnurin/treble_evo 11344h 未更新，跳过解析（无需追踪）
[2026-08-08 11:23:19] [W-3] ✅ 完成 [fork1] rmnurin/treble_evo | 提取 0 | 新增 0 | 耗时 2s | 配额 4084/4800 03:23UTC | 主队列 52/200 发现队列 127/20000 [[fork1]:101 [user0]:26] | Worker 29忙/7闲(80%)
[2026-08-08 11:23:19] [W-3] 🔧 开始处理 [种子仓库] txwdzxq/v2rayNG [种子 174/744]
[2026-08-08 11:23:20] [W-0] 📝 已处理缓存: SenyxLois/treble_evo
[2026-08-08 11:23:20] [W-0] ⏭️ [fork1] 仓库 https://github.com/SenyxLois/treble_evo 11344h 未更新，跳过解析（无需追踪）
[2026-08-08 11:23:20] [W-0] ✅ 完成 [fork1] SenyxLois/treble_evo | 提取 0 | 新增 0 | 耗时 1s | 配额 4083/4800 03:23UTC | 主队列 51/200 发现队列 127/20000 [[fork1]:101 [user0]:26] | Worker 29忙/7闲(80%)
[2026-08-08 11:23:20] [W-0] 🔧 开始处理 [fork1] Kaloyan501/treble_evo
[2026-08-08 11:23:20] [W-11] 📝 已处理缓存: shivagames465-hue/treble_evo
[2026-08-08 11:23:20] [W-11] ⏭️ [fork1] 仓库 https://github.com/shivagames465-hue/treble_evo 11344h 未更新，跳过解析（无需追踪）
[2026-08-08 11:23:20] [W-11] ✅ 完成 [fork1] shivagames465-hue/treble_evo | 提取 0 | 新增 0 | 耗时 1s | 配额 4082/4800 03:23UTC | 主队列 51/200 发现队列 126/20000 [[fork1]:100 [user0]:26] | Worker 29忙/7闲(80%)
[2026-08-08 11:23:20] [W-11] 🔧 开始处理 [fork1] fluentmoheshwar/treble_evo
[2026-08-08 11:23:20] [W-31] ⏭️ [种子仓库] 仓库 https://github.com/barreler126/v2rayN 已解析，跳过解析（无需追踪）
[2026-08-08 11:23:20] [W-31] ✅ 完成 [种子仓库] barreler126/v2rayN [种子 173/744] | 提取 0 | 新增 0 | 耗时 1s | 配额 4081/4800 03:23UTC | 主队列 51/200 发现队列 125/20000 [[fork1]:99 [user0]:26] | Worker 29忙/7闲(80%)
[2026-08-08 11:23:20] [W-3] ⏭️ [种子仓库] 仓库 https://github.com/txwdzxq/v2rayNG 已解析，跳过解析（无需追踪）
[2026-08-08 11:23:20] [W-3] ✅ 完成 [种子仓库] txwdzxq/v2rayNG [种子 174/744] | 提取 0 | 新增 0 | 耗时 1s | 配额 4080/4800 03:23UTC | 主队列 51/200 发现队列 124/20000 [[fork1]:98 [user0]:26] | Worker 28忙/8闲(77%)
[2026-08-08 11:23:20] [W-31] 🔧 开始处理 [fork1] obbaneobba-create/treble_evo
[2026-08-08 11:23:20] [W-3] 🔧 开始处理 [fork1] psanogo/treble_evo
[2026-08-08 11:23:20] [W-3] 📝 已处理缓存: psanogo/treble_evo
[2026-08-08 11:23:20] [W-3] ⏭️ [fork1] 仓库 https://github.com/psanogo/treble_evo 6972h 未更新，跳过解析（无需追踪）
[2026-08-08 11:23:20] [W-3] ✅ 完成 [fork1] psanogo/treble_evo | 提取 0 | 新增 0 | 耗时 0s | 配额 4080/4800 03:23UTC | 主队列 51/200 发现队列 123/20000 [[fork1]:97 [user0]:26] | Worker 29忙/7闲(80%)
[2026-08-08 11:23:20] [W-3] 🔧 开始处理 [fork1] duli95/treble_evo
[2026-08-08 11:23:21] [W-29] 🌱 加入种子: chaoduzj/V2RayAutoConfig (提取 41482 节点)
[2026-08-08 11:23:21] [W-29] ✅ 完成 [种子仓库] chaoduzj/V2RayAutoConfig [种子 10/744] | 提取 41482 | 新增 29413 | 耗时 320s | 配额 4080/4800 03:23UTC | 主队列 51/200 发现队列 122/20000 [[fork1]:96 [user0]:26] | Worker 29忙/7闲(80%)
[2026-08-08 11:23:21] [W-11] 📝 已处理缓存: fluentmoheshwar/treble_evo
[2026-08-08 11:23:21] [W-11] ⏭️ [fork1] 仓库 https://github.com/fluentmoheshwar/treble_evo 11344h 未更新，跳过解析（无需追踪）
[2026-08-08 11:23:21] [W-11] ✅ 完成 [fork1] fluentmoheshwar/treble_evo | 提取 0 | 新增 0 | 耗时 1s | 配额 4079/4800 03:23UTC | 主队列 50/200 发现队列 122/20000 [[fork1]:96 [user0]:26] | Worker 29忙/7闲(80%)
[2026-08-08 11:23:21] [W-29] 🔧 开始处理 [种子仓库] qaz-t/v2rayNG [种子 175/744]
[2026-08-08 11:23:21] [W-11] 🔧 开始处理 [fork1] fpsWpcfr-0c-3R8-KNa-BeAjim05Ojrx-Ex1234/treble_evo
[2026-08-08 11:23:21] [W-0] 📝 已处理缓存: Kaloyan501/treble_evo
[2026-08-08 11:23:21] [W-0] ⏭️ [fork1] 仓库 https://github.com/Kaloyan501/treble_evo 11344h 未更新，跳过解析（无需追踪）
[2026-08-08 11:23:21] [W-0] ✅ 完成 [fork1] Kaloyan501/treble_evo | 提取 0 | 新增 0 | 耗时 1s | 配额 4078/4800 03:23UTC | 主队列 50/200 发现队列 121/20000 [[fork1]:95 [user0]:26] | Worker 30忙/6闲(83%)
[2026-08-08 11:23:21] [W-31] 📝 已处理缓存: obbaneobba-create/treble_evo
[2026-08-08 11:23:21] [W-31] ⏭️ [fork1] 仓库 https://github.com/obbaneobba-create/treble_evo 11344h 未更新，跳过解析（无需追踪）
[2026-08-08 11:23:21] [W-31] ✅ 完成 [fork1] obbaneobba-create/treble_evo | 提取 0 | 新增 0 | 耗时 1s | 配额 4077/4800 03:23UTC | 主队列 50/200 发现队列 120/20000 [[fork1]:94 [user0]:26] | Worker 29忙/7闲(80%)
[2026-08-08 11:23:21] [W-31] 🔧 开始处理 [fork1] Ali382829/treble_evo
[2026-08-08 11:23:21] [W-0] 🔧 开始处理 [fork1] alihyder56629/treble_evo
[2026-08-08 11:23:21] [W-3] 📝 已处理缓存: duli95/treble_evo
[2026-08-08 11:23:21] [W-3] ⏭️ [fork1] 仓库 https://github.com/duli95/treble_evo 11344h 未更新，跳过解析（无需追踪）
[2026-08-08 11:23:21] [W-3] ✅ 完成 [fork1] duli95/treble_evo | 提取 0 | 新增 0 | 耗时 1s | 配额 4076/4800 03:23UTC | 主队列 50/200 发现队列 119/20000 [[fork1]:93 [user0]:26] | Worker 30忙/6闲(83%)
[2026-08-08 11:23:21] [W-3] 🔧 开始处理 [fork1] netindiapro/treble_evo
[2026-08-08 11:23:22] [W-29] ⏭️ [种子仓库] 仓库 https://github.com/qaz-t/v2rayNG 已解析，跳过解析（无需追踪）
[2026-08-08 11:23:22] [W-29] ✅ 完成 [种子仓库] qaz-t/v2rayNG [种子 175/744] | 提取 0 | 新增 0 | 耗时 1s | 配额 4075/4800 03:23UTC | 主队列 50/200 发现队列 118/20000 [[fork1]:92 [user0]:26] | Worker 30忙/6闲(83%)
[2026-08-08 11:23:22] [W-29] 🔧 开始处理 [fork1] TimsFong/treble_evo
[2026-08-08 11:23:22] [W-11] 📝 已处理缓存: fpsWpcfr-0c-3R8-KNa-BeAjim05Ojrx-Ex1234/treble_evo
[2026-08-08 11:23:22] [W-11] ⏭️ [fork1] 仓库 https://github.com/fpsWpcfr-0c-3R8-KNa-BeAjim05Ojrx-Ex1234/treble_evo 11344h 未更新，跳过解析（无需追踪）
[2026-08-08 11:23:22] [W-11] ✅ 完成 [fork1] fpsWpcfr-0c-3R8-KNa-BeAjim05Ojrx-Ex1234/treble_evo | 提取 0 | 新增 0 | 耗时 1s | 配额 4074/4800 03:23UTC | 主队列 50/200 发现队列 117/20000 [[fork1]:91 [user0]:26] | Worker 30忙/6闲(83%)
[2026-08-08 11:23:22] [W-11] 🔧 开始处理 [fork1] Ranshen1209/treble_evo
[2026-08-08 11:23:22] [W-31] 📝 已处理缓存: Ali382829/treble_evo
[2026-08-08 11:23:22] [W-31] ⏭️ [fork1] 仓库 https://github.com/Ali382829/treble_evo 11344h 未更新，跳过解析（无需追踪）
[2026-08-08 11:23:22] [W-31] ✅ 完成 [fork1] Ali382829/treble_evo | 提取 0 | 新增 0 | 耗时 1s | 配额 4073/4800 03:23UTC | 主队列 50/200 发现队列 116/20000 [[fork1]:90 [user0]:26] | Worker 30忙/6闲(83%)
[2026-08-08 11:23:22] [W-0] 📝 已处理缓存: alihyder56629/treble_evo
[2026-08-08 11:23:22] [W-0] ⏭️ [fork1] 仓库 https://github.com/alihyder56629/treble_evo 11344h 未更新，跳过解析（无需追踪）
[2026-08-08 11:23:22] [W-0] ✅ 完成 [fork1] alihyder56629/treble_evo | 提取 0 | 新增 0 | 耗时 1s | 配额 4072/4800 03:23UTC | 主队列 50/200 发现队列 115/20000 [[fork1]:89 [user0]:26] | Worker 29忙/7闲(80%)
[2026-08-08 11:23:22] [W-31] 🔧 开始处理 [fork1] Emranhossain/treble_evo
[2026-08-08 11:23:22] [W-0] 🔧 开始处理 [fork1] Bradford1040/treble_evo
[2026-08-08 11:23:22] [W-0] 📝 已处理缓存: Bradford1040/treble_evo
[2026-08-08 11:23:22] [W-0] ⏭️ [fork1] 仓库 https://github.com/Bradford1040/treble_evo 11021h 未更新，跳过解析（无需追踪）
[2026-08-08 11:23:22] [W-0] ✅ 完成 [fork1] Bradford1040/treble_evo | 提取 0 | 新增 0 | 耗时 0s | 配额 4072/4800 03:23UTC | 主队列 50/200 发现队列 114/20000 [[fork1]:88 [user0]:26] | Worker 30忙/6闲(83%)
[2026-08-08 11:23:22] [W-0] 🔧 开始处理 [fork1] yoran07/treble_evo
[2026-08-08 11:23:22] [W-3] 📝 已处理缓存: netindiapro/treble_evo
[2026-08-08 11:23:22] [W-3] ⏭️ [fork1] 仓库 https://github.com/netindiapro/treble_evo 11344h 未更新，跳过解析（无需追踪）
[2026-08-08 11:23:22] [W-3] ✅ 完成 [fork1] netindiapro/treble_evo | 提取 0 | 新增 0 | 耗时 1s | 配额 4071/4800 03:23UTC | 主队列 50/200 发现队列 113/20000 [[fork1]:87 [user0]:26] | Worker 30忙/6闲(83%)
[2026-08-08 11:23:22] [W-3] 🔧 开始处理 [fork1] soul-999-ayu/treble_evo
[2026-08-08 11:23:22] [W-3] 📝 已处理缓存: soul-999-ayu/treble_evo
[2026-08-08 11:23:22] [W-3] ⏭️ [fork1] 仓库 https://github.com/soul-999-ayu/treble_evo 11972h 未更新，跳过解析（无需追踪）
[2026-08-08 11:23:22] [W-3] ✅ 完成 [fork1] soul-999-ayu/treble_evo | 提取 0 | 新增 0 | 耗时 0s | 配额 4071/4800 03:23UTC | 主队列 50/200 发现队列 112/20000 [[fork1]:86 [user0]:26] | Worker 30忙/6闲(83%)
[2026-08-08 11:23:22] [W-3] 🔧 开始处理 [fork1] blulere/treble_evo
[2026-08-08 11:23:22] [W-11] 📝 已处理缓存: Ranshen1209/treble_evo
[2026-08-08 11:23:22] [W-11] ⏭️ [fork1] 仓库 https://github.com/Ranshen1209/treble_evo 11344h 未更新，跳过解析（无需追踪）
[2026-08-08 11:23:22] [W-11] ✅ 完成 [fork1] Ranshen1209/treble_evo | 提取 0 | 新增 0 | 耗时 1s | 配额 4070/4800 03:23UTC | 主队列 50/200 发现队列 111/20000 [[fork1]:85 [user0]:26] | Worker 30忙/6闲(83%)
[2026-08-08 11:23:22] [W-11] 🔧 开始处理 [fork1] Porter-union-rom-updates/treble_inf
[2026-08-08 11:23:23] [W-29] 📝 已处理缓存: TimsFong/treble_evo
[2026-08-08 11:23:23] [W-29] ⏭️ [fork1] 仓库 https://github.com/TimsFong/treble_evo 16952h 未更新，跳过解析（无需追踪）
[2026-08-08 11:23:23] [W-29] ✅ 完成 [fork1] TimsFong/treble_evo | 提取 0 | 新增 0 | 耗时 1s | 配额 4069/4800 03:23UTC | 主队列 50/200 发现队列 110/20000 [[fork1]:84 [user0]:26] | Worker 30忙/6闲(83%)
[2026-08-08 11:23:23] [W-29] 🔧 开始处理 [fork1] Gtajisan/treble_evo
[2026-08-08 11:23:23] [W-0] 📝 已处理缓存: yoran07/treble_evo
[2026-08-08 11:23:23] [W-0] ⏭️ [fork1] 仓库 https://github.com/yoran07/treble_evo 11866h 未更新，跳过解析（无需追踪）
[2026-08-08 11:23:23] [W-0] ✅ 完成 [fork1] yoran07/treble_evo | 提取 0 | 新增 0 | 耗时 1s | 配额 4068/4800 03:23UTC | 主队列 50/200 发现队列 109/20000 [[fork1]:83 [user0]:26] | Worker 30忙/6闲(83%)
[2026-08-08 11:23:23] [W-0] 🔧 开始处理 [fork1] joshcalvert47/treble_evo
[2026-08-08 11:23:23] [W-31] 📝 已处理缓存: Emranhossain/treble_evo
[2026-08-08 11:23:23] [W-31] ⏭️ [fork1] 仓库 https://github.com/Emranhossain/treble_evo 11344h 未更新，跳过解析（无需追踪）
[2026-08-08 11:23:23] [W-31] ✅ 完成 [fork1] Emranhossain/treble_evo | 提取 0 | 新增 0 | 耗时 1s | 配额 4067/4800 03:23UTC | 主队列 50/200 发现队列 108/20000 [[fork1]:82 [user0]:26] | Worker 30忙/6闲(83%)
[2026-08-08 11:23:23] [W-31] 🔧 开始处理 [fork1] BeALegend20/treble_evo
[2026-08-08 11:23:23] [W-3] 📝 已处理缓存: blulere/treble_evo
[2026-08-08 11:23:23] [W-3] ⏭️ [fork1] 仓库 https://github.com/blulere/treble_evo 12391h 未更新，跳过解析（无需追踪）
[2026-08-08 11:23:23] [W-3] ✅ 完成 [fork1] blulere/treble_evo | 提取 0 | 新增 0 | 耗时 1s | 配额 4066/4800 03:23UTC | 主队列 50/200 发现队列 107/20000 [[fork1]:81 [user0]:26] | Worker 30忙/6闲(83%)
[2026-08-08 11:23:23] [W-3] 🔧 开始处理 [fork1] Kindy-ball/treble_evo
[2026-08-08 11:23:23] [W-3] 📝 已处理缓存: Kindy-ball/treble_evo
[2026-08-08 11:23:23] [W-3] ⏭️ [fork1] 仓库 https://github.com/Kindy-ball/treble_evo 15886h 未更新，跳过解析（无需追踪）
[2026-08-08 11:23:23] [W-3] ✅ 完成 [fork1] Kindy-ball/treble_evo | 提取 0 | 新增 0 | 耗时 0s | 配额 4066/4800 03:23UTC | 主队列 50/200 发现队列 106/20000 [[fork1]:80 [user0]:26] | Worker 30忙/6闲(83%)
[2026-08-08 11:23:23] [W-3] 🔧 开始处理 [fork1] wyyrepo/dev-sidecar
[2026-08-08 11:23:23] repo info (Gtajisan/treble_evo) 404，跳过
[2026-08-08 11:23:23] [W-29] 🔍 仓库 Gtajisan/treble_evo 不存在（404），追踪用户
[2026-08-08 11:23:23] [W-29] 👤 [fork1] 遍历用户仓库: Gtajisan
[2026-08-08 11:23:23] [W-11] 📝 已处理缓存: Porter-union-rom-updates/treble_inf
[2026-08-08 11:23:23] [W-11] ⏭️ [fork1] 仓库 https://github.com/Porter-union-rom-updates/treble_inf 12656h 未更新，跳过解析（无需追踪）
[2026-08-08 11:23:23] [W-11] ✅ 完成 [fork1] Porter-union-rom-updates/treble_inf | 提取 0 | 新增 0 | 耗时 1s | 配额 4064/4800 03:23UTC | 主队列 50/200 发现队列 105/20000 [[fork1]:79 [user0]:26] | Worker 30忙/6闲(83%)
[2026-08-08 11:23:23] [W-11] 🔧 开始处理 [fork1] hukaixuan19970627/dev-sidecar
[2026-08-08 11:23:23] [W-11] 📝 已处理缓存: hukaixuan19970627/dev-sidecar
[2026-08-08 11:23:23] [W-11] ⏭️ [fork1] 仓库 https://github.com/hukaixuan19970627/dev-sidecar 35808h 未更新，跳过解析（无需追踪）
[2026-08-08 11:23:23] [W-11] ✅ 完成 [fork1] hukaixuan19970627/dev-sidecar | 提取 0 | 新增 0 | 耗时 0s | 配额 4064/4800 03:23UTC | 主队列 50/200 发现队列 104/20000 [[fork1]:78 [user0]:26] | Worker 30忙/6闲(83%)
[2026-08-08 11:23:23] [W-11] 🔧 开始处理 [fork1] PYUDNG/dev-sidecar
[2026-08-08 11:23:23] [W-0] 📝 已处理缓存: joshcalvert47/treble_evo
[2026-08-08 11:23:23] [W-0] ⏭️ [fork1] 仓库 https://github.com/joshcalvert47/treble_evo 15086h 未更新，跳过解析（无需追踪）
[2026-08-08 11:23:23] [W-0] ✅ 完成 [fork1] joshcalvert47/treble_evo | 提取 0 | 新增 0 | 耗时 1s | 配额 4063/4800 03:23UTC | 主队列 50/200 发现队列 103/20000 [[fork1]:77 [user0]:26] | Worker 30忙/6闲(83%)
[2026-08-08 11:23:23] [W-0] 🔧 开始处理 [fork1] all-smile/dev-sidecar
[2026-08-08 11:23:23] [W-29]   用户 Gtajisan 共查 0 个仓库
[2026-08-08 11:23:23] [W-29] ✅ 完成 [fork1] Gtajisan/treble_evo | 提取 0 | 新增 0 | 耗时 1s | 配额 4062/4800 03:23UTC | 主队列 50/200 发现队列 102/20000 [[fork1]:76 [user0]:26] | Worker 30忙/6闲(83%)
[2026-08-08 11:23:23] [W-29] 🔧 开始处理 [fork1] yusinan0119/dev-sidecar
[2026-08-08 11:23:24] [W-3] 📝 已处理缓存: wyyrepo/dev-sidecar
[2026-08-08 11:23:24] [W-3] ⏭️ [fork1] 仓库 https://github.com/wyyrepo/dev-sidecar 49740h 未更新，跳过解析（无需追踪）
[2026-08-08 11:23:24] [W-3] ✅ 完成 [fork1] wyyrepo/dev-sidecar | 提取 0 | 新增 0 | 耗时 1s | 配额 4061/4800 03:23UTC | 主队列 50/200 发现队列 101/20000 [[fork1]:75 [user0]:26] | Worker 30忙/6闲(83%)
[2026-08-08 11:23:24] [W-3] 🔧 开始处理 [fork1] wangliang181230/dev-sidecar
[2026-08-08 11:23:24] [W-3] 📝 已处理缓存: wangliang181230/dev-sidecar
[2026-08-08 11:23:24] [W-3] ⏭️ [fork1] 仓库 https://github.com/wangliang181230/dev-sidecar 2733h 未更新，跳过解析（无需追踪）
[2026-08-08 11:23:24] [W-3] ✅ 完成 [fork1] wangliang181230/dev-sidecar | 提取 0 | 新增 0 | 耗时 0s | 配额 4061/4800 03:23UTC | 主队列 50/200 发现队列 100/20000 [[fork1]:74 [user0]:26] | Worker 30忙/6闲(83%)
[2026-08-08 11:23:24] [W-3] 🔧 开始处理 [fork1] PigBrother6/dev-sidecar
[2026-08-08 11:23:24] [W-31] 📝 已处理缓存: BeALegend20/treble_evo
[2026-08-08 11:23:24] [W-31] ⏭️ [fork1] 仓库 https://github.com/BeALegend20/treble_evo 15086h 未更新，跳过解析（无需追踪）
[2026-08-08 11:23:24] [W-31] ✅ 完成 [fork1] BeALegend20/treble_evo | 提取 0 | 新增 0 | 耗时 1s | 配额 4060/4800 03:23UTC | 主队列 50/200 发现队列 99/20000 [[fork1]:73 [user0]:26] | Worker 30忙/6闲(83%)
[2026-08-08 11:23:24] [W-31] 🔧 开始处理 [fork1] fantasy0808/dev-sidecar
[2026-08-08 11:23:24] [W-15] Clone-First clone 失败，放弃（Contents 已关闭）
[2026-08-08 11:23:24] [W-15] ✅ 完成 [种子仓库] mahdibland/SSAggregator [种子 17/744] | 提取 0 | 新增 0 | 耗时 323s | 配额 4060/4800 03:23UTC | 主队列 50/200 发现队列 98/20000 [[fork1]:72 [user0]:26] | Worker 30忙/6闲(83%)
[2026-08-08 11:23:24] [W-15] 🔧 开始处理 [种子仓库] dannysl/v2rayN [种子 176/744]
[2026-08-08 11:23:24] [W-0] 📝 已处理缓存: all-smile/dev-sidecar
[2026-08-08 11:23:24] [W-0] ⏭️ [fork1] 仓库 https://github.com/all-smile/dev-sidecar 35801h 未更新，跳过解析（无需追踪）
[2026-08-08 11:23:24] [W-0] ✅ 完成 [fork1] all-smile/dev-sidecar | 提取 0 | 新增 0 | 耗时 1s | 配额 4059/4800 03:23UTC | 主队列 49/200 发现队列 98/20000 [[fork1]:72 [user0]:26] | Worker 31忙/5闲(86%)
[2026-08-08 11:23:24] [W-3] 📝 已处理缓存: PigBrother6/dev-sidecar
[2026-08-08 11:23:24] [W-3] ⏭️ [fork1] 仓库 https://github.com/PigBrother6/dev-sidecar 37728h 未更新，跳过解析（无需追踪）
[2026-08-08 11:23:24] [W-3] ✅ 完成 [fork1] PigBrother6/dev-sidecar | 提取 0 | 新增 0 | 耗时 1s | 配额 4058/4800 03:23UTC | 主队列 49/200 发现队列 97/20000 [[fork1]:71 [user0]:26] | Worker 30忙/6闲(83%)
[2026-08-08 11:23:24] [W-3] 🔧 开始处理 [fork1] laozouandgreentea/dev-sidecar
[2026-08-08 11:23:24] [W-0] 🔧 开始处理 [fork1] newSandSea/dev-sidecar
[2026-08-08 11:23:24] [W-11] 📝 已处理缓存: PYUDNG/dev-sidecar
[2026-08-08 11:23:24] [W-11] ⏭️ [fork1] 仓库 https://github.com/PYUDNG/dev-sidecar 40726h 未更新，跳过解析（无需追踪）
[2026-08-08 11:23:24] [W-11] ✅ 完成 [fork1] PYUDNG/dev-sidecar | 提取 0 | 新增 0 | 耗时 1s | 配额 4057/4800 03:23UTC | 主队列 49/200 发现队列 96/20000 [[fork1]:70 [user0]:26] | Worker 31忙/5闲(86%)
[2026-08-08 11:23:24] [W-29] 📝 已处理缓存: yusinan0119/dev-sidecar
[2026-08-08 11:23:24] [W-29] ⏭️ [fork1] 仓库 https://github.com/yusinan0119/dev-sidecar 39257h 未更新，跳过解析（无需追踪）
[2026-08-08 11:23:24] [W-29] ✅ 完成 [fork1] yusinan0119/dev-sidecar | 提取 0 | 新增 0 | 耗时 1s | 配额 4056/4800 03:23UTC | 主队列 49/200 发现队列 95/20000 [[fork1]:69 [user0]:26] | Worker 30忙/6闲(83%)
[2026-08-08 11:23:24] [W-11] 🔧 开始处理 [fork1] acbb666/dev-sidecar
[2026-08-08 11:23:24] [W-29] 🔧 开始处理 [fork1] qhblove/dev-sidecar
[2026-08-08 11:23:25] [W-22] Clone-First clone 失败，放弃（Contents 已关闭）
[2026-08-08 11:23:25] [W-22] ✅ 完成 [种子仓库] chaoduzj/pac2 [种子 43/744] | 提取 0 | 新增 0 | 耗时 322s | 配额 4056/4800 03:23UTC | 主队列 49/200 发现队列 94/20000 [[fork1]:68 [user0]:26] | Worker 31忙/5闲(86%)
[2026-08-08 11:23:25] [W-22] 🔧 开始处理 [种子仓库] Super-Zoe/v2rayN [种子 177/744]
[2026-08-08 11:23:25] [W-15] ⏭️ [种子仓库] 仓库 https://github.com/dannysl/v2rayN 已解析，跳过解析（无需追踪）
[2026-08-08 11:23:25] [W-15] ✅ 完成 [种子仓库] dannysl/v2rayN [种子 176/744] | 提取 0 | 新增 0 | 耗时 1s | 配额 4055/4800 03:23UTC | 主队列 48/200 发现队列 94/20000 [[fork1]:68 [user0]:26] | Worker 32忙/4闲(88%)
[2026-08-08 11:23:25] [W-15] 🔧 开始处理 [fork1] BigFishC/dev-sidecar
[2026-08-08 11:23:25] [W-3] 📝 已处理缓存: laozouandgreentea/dev-sidecar
[2026-08-08 11:23:25] [W-3] ⏭️ [fork1] 仓库 https://github.com/laozouandgreentea/dev-sidecar 4967h 未更新，跳过解析（无需追踪）
[2026-08-08 11:23:25] [W-3] ✅ 完成 [fork1] laozouandgreentea/dev-sidecar | 提取 0 | 新增 0 | 耗时 1s | 配额 4054/4800 03:23UTC | 主队列 48/200 发现队列 93/20000 [[fork1]:67 [user0]:26] | Worker 32忙/4闲(88%)
[2026-08-08 11:23:25] [W-3] 🔧 开始处理 [fork1] hxhxwz777/dev-sidecar
[2026-08-08 11:23:25] [W-31] 📝 已处理缓存: fantasy0808/dev-sidecar
[2026-08-08 11:23:25] [W-31] ⏭️ [fork1] 仓库 https://github.com/fantasy0808/dev-sidecar 34536h 未更新，跳过解析（无需追踪）
[2026-08-08 11:23:25] [W-31] ✅ 完成 [fork1] fantasy0808/dev-sidecar | 提取 0 | 新增 0 | 耗时 1s | 配额 4053/4800 03:23UTC | 主队列 48/200 发现队列 92/20000 [[fork1]:66 [user0]:26] | Worker 32忙/4闲(88%)
[2026-08-08 11:23:25] [W-31] 🔧 开始处理 [fork1] Liziming726/dev-sidecar
[2026-08-08 11:23:25] [W-0] 📝 已处理缓存: newSandSea/dev-sidecar
[2026-08-08 11:23:25] [W-0] ⏭️ [fork1] 仓库 https://github.com/newSandSea/dev-sidecar 41564h 未更新，跳过解析（无需追踪）
[2026-08-08 11:23:25] [W-0] ✅ 完成 [fork1] newSandSea/dev-sidecar | 提取 0 | 新增 0 | 耗时 1s | 配额 4052/4800 03:23UTC | 主队列 48/200 发现队列 91/20000 [[fork1]:65 [user0]:26] | Worker 32忙/4闲(88%)
[2026-08-08 11:23:25] [W-0] 🔧 开始处理 [fork1] jonne021/dev-sidecar
[2026-08-08 11:23:25] [W-11] 📝 已处理缓存: acbb666/dev-sidecar
[2026-08-08 11:23:25] [W-11] ⏭️ [fork1] 仓库 https://github.com/acbb666/dev-sidecar 12378h 未更新，跳过解析（无需追踪）
[2026-08-08 11:23:25] [W-11] ✅ 完成 [fork1] acbb666/dev-sidecar | 提取 0 | 新增 0 | 耗时 1s | 配额 4051/4800 03:23UTC | 主队列 48/200 发现队列 90/20000 [[fork1]:64 [user0]:26] | Worker 32忙/4闲(88%)
[2026-08-08 11:23:25] [W-11] 🔧 开始处理 [fork1] Qiu-Qing-Yuan/dev-sidecar
[2026-08-08 11:23:25] [W-11] 📝 已处理缓存: Qiu-Qing-Yuan/dev-sidecar
[2026-08-08 11:23:25] [W-11] ⏭️ [fork1] 仓库 https://github.com/Qiu-Qing-Yuan/dev-sidecar 2299h 未更新，跳过解析（无需追踪）
[2026-08-08 11:23:25] [W-11] ✅ 完成 [fork1] Qiu-Qing-Yuan/dev-sidecar | 提取 0 | 新增 0 | 耗时 0s | 配额 4050/4800 03:23UTC | 主队列 48/200 发现队列 89/20000 [[fork1]:63 [user0]:26] | Worker 32忙/4闲(88%)
[2026-08-08 11:23:25] [W-11] 🔧 开始处理 [fork1] xiguayiqiu/dev-sidecar
[2026-08-08 11:23:25] [W-29] 📝 已处理缓存: qhblove/dev-sidecar
[2026-08-08 11:23:25] [W-29] ⏭️ [fork1] 仓库 https://github.com/qhblove/dev-sidecar 3745h 未更新，跳过解析（无需追踪）
[2026-08-08 11:23:25] [W-29] ✅ 完成 [fork1] qhblove/dev-sidecar | 提取 0 | 新增 0 | 耗时 1s | 配额 4050/4800 03:23UTC | 主队列 48/200 发现队列 88/20000 [[fork1]:62 [user0]:26] | Worker 32忙/4闲(88%)
[2026-08-08 11:23:25] [W-29] 🔧 开始处理 [fork1] yongfu18/dev-sidecar
[2026-08-08 11:23:25] [W-22] ⏭️ [种子仓库] 仓库 https://github.com/Super-Zoe/v2rayN 已解析，跳过解析（无需追踪）
[2026-08-08 11:23:25] [W-22] ✅ 完成 [种子仓库] Super-Zoe/v2rayN [种子 177/744] | 提取 0 | 新增 0 | 耗时 1s | 配额 4049/4800 03:23UTC | 主队列 48/200 发现队列 87/20000 [[fork1]:61 [user0]:26] | Worker 32忙/4闲(88%)
[2026-08-08 11:23:25] [W-22] 🔧 开始处理 [fork1] yujiangheng/dev-sidecar
[2026-08-08 11:23:26] [W-3] 📝 已处理缓存: hxhxwz777/dev-sidecar
[2026-08-08 11:23:26] [W-3] ⏭️ [fork1] 仓库 https://github.com/hxhxwz777/dev-sidecar 46753h 未更新，跳过解析（无需追踪）
[2026-08-08 11:23:26] [W-3] ✅ 完成 [fork1] hxhxwz777/dev-sidecar | 提取 0 | 新增 0 | 耗时 1s | 配额 4048/4800 03:23UTC | 主队列 48/200 发现队列 86/20000 [[fork1]:60 [user0]:26] | Worker 32忙/4闲(88%)
[2026-08-08 11:23:26] [W-3] 🔧 开始处理 [fork1] monge1987/dev-sidecar
[2026-08-08 11:23:26] [W-15] 📝 已处理缓存: BigFishC/dev-sidecar
[2026-08-08 11:23:26] [W-15] ⏭️ [fork1] 仓库 https://github.com/BigFishC/dev-sidecar 38037h 未更新，跳过解析（无需追踪）
[2026-08-08 11:23:26] [W-15] ✅ 完成 [fork1] BigFishC/dev-sidecar | 提取 0 | 新增 0 | 耗时 1s | 配额 4047/4800 03:23UTC | 主队列 48/200 发现队列 85/20000 [[fork1]:59 [user0]:26] | Worker 32忙/4闲(88%)
[2026-08-08 11:23:26] [W-15] 🔧 开始处理 [fork1] kdmvp-lin/dev-sidecar
[2026-08-08 11:23:26] [W-0] 📝 已处理缓存: jonne021/dev-sidecar
[2026-08-08 11:23:26] [W-0] ⏭️ [fork1] 仓库 https://github.com/jonne021/dev-sidecar 39257h 未更新，跳过解析（无需追踪）
[2026-08-08 11:23:26] [W-0] ✅ 完成 [fork1] jonne021/dev-sidecar | 提取 0 | 新增 0 | 耗时 1s | 配额 4046/4800 03:23UTC | 主队列 48/200 发现队列 84/20000 [[fork1]:58 [user0]:26] | Worker 32忙/4闲(88%)
[2026-08-08 11:23:26] [W-0] 🔧 开始处理 [fork1] zhongweishuai/dev-sidecar
[2026-08-08 11:23:26] [W-31] 📝 已处理缓存: Liziming726/dev-sidecar
[2026-08-08 11:23:26] [W-31] ⏭️ [fork1] 仓库 https://github.com/Liziming726/dev-sidecar 34536h 未更新，跳过解析（无需追踪）
[2026-08-08 11:23:26] [W-31] ✅ 完成 [fork1] Liziming726/dev-sidecar | 提取 0 | 新增 0 | 耗时 1s | 配额 4045/4800 03:23UTC | 主队列 48/200 发现队列 83/20000 [[fork1]:57 [user0]:26] | Worker 32忙/4闲(88%)
[2026-08-08 11:23:26] [W-31] 🔧 开始处理 [fork1] qiujunhan/dev-sidecar
[2026-08-08 11:23:26] [W-11] 📝 已处理缓存: xiguayiqiu/dev-sidecar
[2026-08-08 11:23:26] [W-11] ⏭️ [fork1] 仓库 https://github.com/xiguayiqiu/dev-sidecar 28514h 未更新，跳过解析（无需追踪）
[2026-08-08 11:23:26] [W-11] ✅ 完成 [fork1] xiguayiqiu/dev-sidecar | 提取 0 | 新增 0 | 耗时 1s | 配额 4044/4800 03:23UTC | 主队列 48/200 发现队列 82/20000 [[fork1]:56 [user0]:26] | Worker 32忙/4闲(88%)
[2026-08-08 11:23:26] [W-11] 🔧 开始处理 [种子仓库] Raad63/v2rayN-windows [种子 178/744]
[2026-08-08 11:23:26] [W-29] 📝 已处理缓存: yongfu18/dev-sidecar
[2026-08-08 11:23:26] [W-29] ⏭️ [fork1] 仓库 https://github.com/yongfu18/dev-sidecar 4044h 未更新，跳过解析（无需追踪）
[2026-08-08 11:23:26] [W-29] ✅ 完成 [fork1] yongfu18/dev-sidecar | 提取 0 | 新增 0 | 耗时 1s | 配额 4043/4800 03:23UTC | 主队列 47/200 发现队列 82/20000 [[fork1]:56 [user0]:26] | Worker 32忙/4闲(88%)
[2026-08-08 11:23:26] [W-29] 🔧 开始处理 [fork1] zwl995/dev-sidecar
[2026-08-08 11:23:26] [W-22] 📝 已处理缓存: yujiangheng/dev-sidecar
[2026-08-08 11:23:26] [W-22] ⏭️ [fork1] 仓库 https://github.com/yujiangheng/dev-sidecar 14703h 未更新，跳过解析（无需追踪）
[2026-08-08 11:23:26] [W-22] ✅ 完成 [fork1] yujiangheng/dev-sidecar | 提取 0 | 新增 0 | 耗时 1s | 配额 4042/4800 03:23UTC | 主队列 47/200 发现队列 81/20000 [[fork1]:55 [user0]:26] | Worker 32忙/4闲(88%)
[2026-08-08 11:23:26] [W-22] 🔧 开始处理 [fork1] weicaho2/dev-sidecar
[2026-08-08 11:23:26] [W-3] 📝 已处理缓存: monge1987/dev-sidecar
[2026-08-08 11:23:26] [W-3] ⏭️ [fork1] 仓库 https://github.com/monge1987/dev-sidecar 28514h 未更新，跳过解析（无需追踪）
[2026-08-08 11:23:26] [W-3] ✅ 完成 [fork1] monge1987/dev-sidecar | 提取 0 | 新增 0 | 耗时 1s | 配额 4041/4800 03:23UTC | 主队列 47/200 发现队列 80/20000 [[fork1]:54 [user0]:26] | Worker 32忙/4闲(88%)
[2026-08-08 11:23:26] [W-15] 📝 已处理缓存: kdmvp-lin/dev-sidecar
[2026-08-08 11:23:26] [W-15] ⏭️ [fork1] 仓库 https://github.com/kdmvp-lin/dev-sidecar 41388h 未更新，跳过解析（无需追踪）
[2026-08-08 11:23:26] [W-15] ✅ 完成 [fork1] kdmvp-lin/dev-sidecar | 提取 0 | 新增 0 | 耗时 1s | 配额 4040/4800 03:23UTC | 主队列 47/200 发现队列 79/20000 [[fork1]:53 [user0]:26] | Worker 31忙/5闲(86%)
[2026-08-08 11:23:26] [W-15] 🔧 开始处理 [fork1] no5-aaron-wu/dev-sidecar
[2026-08-08 11:23:27] [W-3] 🔧 开始处理 [fork1] Maxnan/dev-sidecar
[2026-08-08 11:23:27] [W-0] 📝 已处理缓存: zhongweishuai/dev-sidecar
[2026-08-08 11:23:27] [W-0] ⏭️ [fork1] 仓库 https://github.com/zhongweishuai/dev-sidecar 39257h 未更新，跳过解析（无需追踪）
[2026-08-08 11:23:27] [W-0] ✅ 完成 [fork1] zhongweishuai/dev-sidecar | 提取 0 | 新增 0 | 耗时 1s | 配额 4039/4800 03:23UTC | 主队列 47/200 发现队列 78/20000 [[fork1]:52 [user0]:26] | Worker 32忙/4闲(88%)
[2026-08-08 11:23:27] [W-0] 🔧 开始处理 [种子仓库] shallowlong/v2rayN [种子 179/744]
[2026-08-08 11:23:27] [W-31] 📝 已处理缓存: qiujunhan/dev-sidecar
[2026-08-08 11:23:27] [W-31] ⏭️ [fork1] 仓库 https://github.com/qiujunhan/dev-sidecar 45986h 未更新，跳过解析（无需追踪）
[2026-08-08 11:23:27] [W-31] ✅ 完成 [fork1] qiujunhan/dev-sidecar | 提取 0 | 新增 0 | 耗时 1s | 配额 4038/4800 03:23UTC | 主队列 46/200 发现队列 78/20000 [[fork1]:52 [user0]:26] | Worker 32忙/4闲(88%)
[2026-08-08 11:23:27] [W-31] 🔧 开始处理 [fork1] ming-hai/dev-sidecar
[2026-08-08 11:23:27] [W-31] 📝 已处理缓存: ming-hai/dev-sidecar
[2026-08-08 11:23:27] [W-31] ⏭️ [fork1] 仓库 https://github.com/ming-hai/dev-sidecar 7077h 未更新，跳过解析（无需追踪）
[2026-08-08 11:23:27] [W-31] ✅ 完成 [fork1] ming-hai/dev-sidecar | 提取 0 | 新增 0 | 耗时 0s | 配额 4038/4800 03:23UTC | 主队列 46/200 发现队列 77/20000 [[fork1]:51 [user0]:26] | Worker 32忙/4闲(88%)
[2026-08-08 11:23:27] [W-31] 🔧 开始处理 [fork1] 0722-Test/dev-sidecar
[2026-08-08 11:23:27] [W-11] ⏭️ [种子仓库] 仓库 https://github.com/Raad63/v2rayN-windows 已解析，跳过解析（无需追踪）
[2026-08-08 11:23:27] [W-11] ✅ 完成 [种子仓库] Raad63/v2rayN-windows [种子 178/744] | 提取 0 | 新增 0 | 耗时 1s | 配额 4037/4800 03:23UTC | 主队列 46/200 发现队列 76/20000 [[fork1]:50 [user0]:26] | Worker 32忙/4闲(88%)
[2026-08-08 11:23:27] [W-11] 🔧 开始处理 [fork1] zhang-program/dev-sidecar
[2026-08-08 11:23:27] [W-29] 📝 已处理缓存: zwl995/dev-sidecar
[2026-08-08 11:23:27] [W-29] ⏭️ [fork1] 仓库 https://github.com/zwl995/dev-sidecar 41243h 未更新，跳过解析（无需追踪）
[2026-08-08 11:23:27] [W-29] ✅ 完成 [fork1] zwl995/dev-sidecar | 提取 0 | 新增 0 | 耗时 1s | 配额 4036/4800 03:23UTC | 主队列 46/200 发现队列 75/20000 [[fork1]:49 [user0]:26] | Worker 32忙/4闲(88%)
[2026-08-08 11:23:27] [W-29] 🔧 开始处理 [fork1] BigRays/dev-sidecar
[2026-08-08 11:23:28] [W-0] ⏭️ [种子仓库] 仓库 https://github.com/shallowlong/v2rayN 276h 未更新，跳过解析（无需追踪）
[2026-08-08 11:23:28] [W-0] ✅ 完成 [种子仓库] shallowlong/v2rayN [种子 179/744] | 提取 0 | 新增 0 | 耗时 1s | 配额 4035/4800 03:23UTC | 主队列 46/200 发现队列 74/20000 [[fork1]:48 [user0]:26] | Worker 32忙/4闲(88%)
[2026-08-08 11:23:28] [W-3] 📝 已处理缓存: Maxnan/dev-sidecar
[2026-08-08 11:23:28] [W-3] ⏭️ [fork1] 仓库 https://github.com/Maxnan/dev-sidecar 34536h 未更新，跳过解析（无需追踪）
[2026-08-08 11:23:28] [W-3] ✅ 完成 [fork1] Maxnan/dev-sidecar | 提取 0 | 新增 0 | 耗时 1s | 配额 4034/4800 03:23UTC | 主队列 46/200 发现队列 73/20000 [[fork1]:47 [user0]:26] | Worker 31忙/5闲(86%)
[2026-08-08 11:23:28] [W-3] 🔧 开始处理 [fork1] LearnDifferent/dev-sidecar
[2026-08-08 11:23:28] [W-3] 📝 已处理缓存: LearnDifferent/dev-sidecar
[2026-08-08 11:23:28] [W-3] ⏭️ [fork1] 仓库 https://github.com/LearnDifferent/dev-sidecar 38442h 未更新，跳过解析（无需追踪）
[2026-08-08 11:23:28] [W-3] ✅ 完成 [fork1] LearnDifferent/dev-sidecar | 提取 0 | 新增 0 | 耗时 0s | 配额 4034/4800 03:23UTC | 主队列 46/200 发现队列 72/20000 [[fork1]:46 [user0]:26] | Worker 31忙/5闲(86%)
[2026-08-08 11:23:28] [W-0] 🔧 开始处理 [fork1] jinsheng632770zhang/dev-sidecar
[2026-08-08 11:23:28] [W-22] 📝 已处理缓存: weicaho2/dev-sidecar
[2026-08-08 11:23:28] [W-22] ⏭️ [fork1] 仓库 https://github.com/weicaho2/dev-sidecar 5671h 未更新，跳过解析（无需追踪）
[2026-08-08 11:23:28] [W-22] ✅ 完成 [fork1] weicaho2/dev-sidecar | 提取 0 | 新增 0 | 耗时 1s | 配额 4033/4800 03:23UTC | 主队列 46/200 发现队列 71/20000 [[fork1]:45 [user0]:26] | Worker 31忙/5闲(86%)
[2026-08-08 11:23:28] [W-22] 🔧 开始处理 [fork1] INSTREET7/dev-sidecar
[2026-08-08 11:23:28] [W-3] 🔧 开始处理 [fork1] licy12306/dev-sidecar
[2026-08-08 11:23:28] [W-15] 📝 已处理缓存: no5-aaron-wu/dev-sidecar
[2026-08-08 11:23:28] [W-15] ⏭️ [fork1] 仓库 https://github.com/no5-aaron-wu/dev-sidecar 37728h 未更新，跳过解析（无需追踪）
[2026-08-08 11:23:28] [W-15] ✅ 完成 [fork1] no5-aaron-wu/dev-sidecar | 提取 0 | 新增 0 | 耗时 1s | 配额 4032/4800 03:23UTC | 主队列 46/200 发现队列 70/20000 [[fork1]:44 [user0]:26] | Worker 32忙/4闲(88%)
[2026-08-08 11:23:28] [W-15] 🔧 开始处理 [fork1] snowwinxf/dev-sidecar
[2026-08-08 11:23:28] [W-31] 📝 已处理缓存: 0722-Test/dev-sidecar
[2026-08-08 11:23:28] [W-31] ⏭️ [fork1] 仓库 https://github.com/0722-Test/dev-sidecar 43361h 未更新，跳过解析（无需追踪）
[2026-08-08 11:23:28] [W-31] ✅ 完成 [fork1] 0722-Test/dev-sidecar | 提取 0 | 新增 0 | 耗时 1s | 配额 4031/4800 03:23UTC | 主队列 46/200 发现队列 69/20000 [[fork1]:43 [user0]:26] | Worker 32忙/4闲(88%)
[2026-08-08 11:23:28] [W-31] 🔧 开始处理 [fork1] killer34-Y/dev-sidecar
[2026-08-08 11:23:28] [W-11] 📝 已处理缓存: zhang-program/dev-sidecar
[2026-08-08 11:23:28] [W-11] ⏭️ [fork1] 仓库 https://github.com/zhang-program/dev-sidecar 40562h 未更新，跳过解析（无需追踪）
[2026-08-08 11:23:28] [W-11] ✅ 完成 [fork1] zhang-program/dev-sidecar | 提取 0 | 新增 0 | 耗时 1s | 配额 4030/4800 03:23UTC | 主队列 46/200 发现队列 68/20000 [[fork1]:42 [user0]:26] | Worker 32忙/4闲(88%)
[2026-08-08 11:23:28] [W-11] 🔧 开始处理 [fork1] ApollonBar/dev-sidecar
[2026-08-08 11:23:28] [W-29] 📝 已处理缓存: BigRays/dev-sidecar
[2026-08-08 11:23:28] [W-29] ⏭️ [fork1] 仓库 https://github.com/BigRays/dev-sidecar 8325h 未更新，跳过解析（无需追踪）
[2026-08-08 11:23:28] [W-29] ✅ 完成 [fork1] BigRays/dev-sidecar | 提取 0 | 新增 0 | 耗时 1s | 配额 4029/4800 03:23UTC | 主队列 46/200 发现队列 67/20000 [[fork1]:41 [user0]:26] | Worker 32忙/4闲(88%)
[2026-08-08 11:23:28] [W-29] 🔧 开始处理 [fork1] lalalazero/dev-sidecar
[2026-08-08 11:23:28] [W-0] 📝 已处理缓存: jinsheng632770zhang/dev-sidecar
[2026-08-08 11:23:28] [W-0] ⏭️ [fork1] 仓库 https://github.com/jinsheng632770zhang/dev-sidecar 6624h 未更新，跳过解析（无需追踪）
[2026-08-08 11:23:28] [W-0] ✅ 完成 [fork1] jinsheng632770zhang/dev-sidecar | 提取 0 | 新增 0 | 耗时 1s | 配额 4028/4800 03:23UTC | 主队列 46/200 发现队列 66/20000 [[fork1]:40 [user0]:26] | Worker 32忙/4闲(88%)
[2026-08-08 11:23:28] [W-0] 🔧 开始处理 [fork1] StricklandF/dev-sidecar
[2026-08-08 11:23:28] [W-22] 📝 已处理缓存: INSTREET7/dev-sidecar
[2026-08-08 11:23:28] [W-22] ⏭️ [fork1] 仓库 https://github.com/INSTREET7/dev-sidecar 34536h 未更新，跳过解析（无需追踪）
[2026-08-08 11:23:28] [W-22] ✅ 完成 [fork1] INSTREET7/dev-sidecar | 提取 0 | 新增 0 | 耗时 1s | 配额 4027/4800 03:23UTC | 主队列 46/200 发现队列 65/20000 [[fork1]:39 [user0]:26] | Worker 32忙/4闲(88%)
[2026-08-08 11:23:28] [W-3] 📝 已处理缓存: licy12306/dev-sidecar
[2026-08-08 11:23:28] [W-3] ⏭️ [fork1] 仓库 https://github.com/licy12306/dev-sidecar 42809h 未更新，跳过解析（无需追踪）
[2026-08-08 11:23:28] [W-3] ✅ 完成 [fork1] licy12306/dev-sidecar | 提取 0 | 新增 0 | 耗时 1s | 配额 4026/4800 03:23UTC | 主队列 46/200 发现队列 64/20000 [[fork1]:38 [user0]:26] | Worker 31忙/5闲(86%)
[2026-08-08 11:23:28] [W-3] 🔧 开始处理 [fork1] Timithy-L/dev-sidecar
[2026-08-08 11:23:28] [W-31] 📝 已处理缓存: killer34-Y/dev-sidecar
[2026-08-08 11:23:28] [W-31] ⏭️ [fork1] 仓库 https://github.com/killer34-Y/dev-sidecar 14181h 未更新，跳过解析（无需追踪）
[2026-08-08 11:23:28] [W-31] ✅ 完成 [fork1] killer34-Y/dev-sidecar | 提取 0 | 新增 0 | 耗时 1s | 配额 4025/4800 03:23UTC | 主队列 46/200 发现队列 63/20000 [[fork1]:37 [user0]:26] | Worker 31忙/5闲(86%)
[2026-08-08 11:23:28] [W-31] 🔧 开始处理 [fork1] lemonfg7/dev-sidecar
[2026-08-08 11:23:29] [W-22] 🔧 开始处理 [fork1] qqyjh887/dev-sidecar
[2026-08-08 11:23:29] [W-15] 📝 已处理缓存: snowwinxf/dev-sidecar
[2026-08-08 11:23:29] [W-15] ⏭️ [fork1] 仓库 https://github.com/snowwinxf/dev-sidecar 1758h 未更新，跳过解析（无需追踪）
[2026-08-08 11:23:29] [W-15] ✅ 完成 [fork1] snowwinxf/dev-sidecar | 提取 0 | 新增 0 | 耗时 1s | 配额 4024/4800 03:23UTC | 主队列 46/200 发现队列 62/20000 [[fork1]:36 [user0]:26] | Worker 32忙/4闲(88%)
[2026-08-08 11:23:29] [W-15] 🔧 开始处理 [fork1] newoen/dev-sidecar
[2026-08-08 11:23:29] [W-11] 📝 已处理缓存: ApollonBar/dev-sidecar
[2026-08-08 11:23:29] [W-11] ⏭️ [fork1] 仓库 https://github.com/ApollonBar/dev-sidecar 46461h 未更新，跳过解析（无需追踪）
[2026-08-08 11:23:29] [W-11] ✅ 完成 [fork1] ApollonBar/dev-sidecar | 提取 0 | 新增 0 | 耗时 1s | 配额 4023/4800 03:23UTC | 主队列 46/200 发现队列 61/20000 [[fork1]:35 [user0]:26] | Worker 32忙/4闲(88%)
[2026-08-08 11:23:29] [W-11] 🔧 开始处理 [fork1] wanglei123/dev-sidecar
[2026-08-08 11:23:29] [W-29] 📝 已处理缓存: lalalazero/dev-sidecar
[2026-08-08 11:23:29] [W-29] ⏭️ [fork1] 仓库 https://github.com/lalalazero/dev-sidecar 43240h 未更新，跳过解析（无需追踪）
[2026-08-08 11:23:29] [W-29] ✅ 完成 [fork1] lalalazero/dev-sidecar | 提取 0 | 新增 0 | 耗时 1s | 配额 4022/4800 03:23UTC | 主队列 46/200 发现队列 60/20000 [[fork1]:34 [user0]:26] | Worker 32忙/4闲(88%)
[2026-08-08 11:23:29] [W-29] 🔧 开始处理 [fork1] Inkscriptum/dev-sidecar
[2026-08-08 11:23:29] [W-3] 📝 已处理缓存: Timithy-L/dev-sidecar
[2026-08-08 11:23:29] [W-3] ⏭️ [fork1] 仓库 https://github.com/Timithy-L/dev-sidecar 38834h 未更新，跳过解析（无需追踪）
[2026-08-08 11:23:29] [W-3] ✅ 完成 [fork1] Timithy-L/dev-sidecar | 提取 0 | 新增 0 | 耗时 1s | 配额 4021/4800 03:23UTC | 主队列 46/200 发现队列 59/20000 [[fork1]:33 [user0]:26] | Worker 32忙/4闲(88%)
[2026-08-08 11:23:29] [W-3] 🔧 开始处理 [fork1] nianweijie/dev-sidecar
[2026-08-08 11:23:29] [W-0] 📝 已处理缓存: StricklandF/dev-sidecar
[2026-08-08 11:23:29] [W-0] ⏭️ [fork1] 仓库 https://github.com/StricklandF/dev-sidecar 37728h 未更新，跳过解析（无需追踪）
[2026-08-08 11:23:29] [W-0] ✅ 完成 [fork1] StricklandF/dev-sidecar | 提取 0 | 新增 0 | 耗时 1s | 配额 4020/4800 03:23UTC | 主队列 46/200 发现队列 58/20000 [[fork1]:32 [user0]:26] | Worker 32忙/4闲(88%)
[2026-08-08 11:23:29] [W-0] 🔧 开始处理 [fork1] smashell/dev-sidecar
[2026-08-08 11:23:29] [W-31] 📝 已处理缓存: lemonfg7/dev-sidecar
[2026-08-08 11:23:29] [W-31] ⏭️ [fork1] 仓库 https://github.com/lemonfg7/dev-sidecar 39257h 未更新，跳过解析（无需追踪）
[2026-08-08 11:23:29] [W-31] ✅ 完成 [fork1] lemonfg7/dev-sidecar | 提取 0 | 新增 0 | 耗时 1s | 配额 4019/4800 03:23UTC | 主队列 46/200 发现队列 57/20000 [[fork1]:31 [user0]:26] | Worker 32忙/4闲(88%)
[2026-08-08 11:23:29] [W-31] 🔧 开始处理 [种子仓库] sincalaway/v2rayN [种子 180/744]
[2026-08-08 11:23:29] [W-22] 📝 已处理缓存: qqyjh887/dev-sidecar
[2026-08-08 11:23:29] [W-22] ⏭️ [fork1] 仓库 https://github.com/qqyjh887/dev-sidecar 13650h 未更新，跳过解析（无需追踪）
[2026-08-08 11:23:29] [W-22] ✅ 完成 [fork1] qqyjh887/dev-sidecar | 提取 0 | 新增 0 | 耗时 1s | 配额 4018/4800 03:23UTC | 主队列 45/200 发现队列 57/20000 [[fork1]:31 [user0]:26] | Worker 32忙/4闲(88%)
[2026-08-08 11:23:29] [W-22] 🔧 开始处理 [fork1] 135asdf/dev-sidecar
[2026-08-08 11:23:30] [W-15] 📝 已处理缓存: newoen/dev-sidecar
[2026-08-08 11:23:30] [W-15] ⏭️ [fork1] 仓库 https://github.com/newoen/dev-sidecar 615h 未更新，跳过解析（无需追踪）
[2026-08-08 11:23:30] [W-15] ✅ 完成 [fork1] newoen/dev-sidecar | 提取 0 | 新增 0 | 耗时 1s | 配额 4017/4800 03:23UTC | 主队列 45/200 发现队列 56/20000 [[fork1]:30 [user0]:26] | Worker 32忙/4闲(88%)
[2026-08-08 11:23:30] [W-11] 📝 已处理缓存: wanglei123/dev-sidecar
[2026-08-08 11:23:30] [W-11] ⏭️ [fork1] 仓库 https://github.com/wanglei123/dev-sidecar 47177h 未更新，跳过解析（无需追踪）
[2026-08-08 11:23:30] [W-11] ✅ 完成 [fork1] wanglei123/dev-sidecar | 提取 0 | 新增 0 | 耗时 1s | 配额 4016/4800 03:23UTC | 主队列 45/200 发现队列 55/20000 [[fork1]:29 [user0]:26] | Worker 32忙/4闲(88%)
[2026-08-08 11:23:30] [W-15] 🔧 开始处理 [fork1] shayebushide/dev-sidecar
[2026-08-08 11:23:30] [W-11] 🔧 开始处理 [fork1] java721456/dev-sidecar
[2026-08-08 11:23:30] [W-29] 📝 已处理缓存: Inkscriptum/dev-sidecar
[2026-08-08 11:23:30] [W-29] ⏭️ [fork1] 仓库 https://github.com/Inkscriptum/dev-sidecar 45121h 未更新，跳过解析（无需追踪）
[2026-08-08 11:23:30] [W-29] ✅ 完成 [fork1] Inkscriptum/dev-sidecar | 提取 0 | 新增 0 | 耗时 1s | 配额 4015/4800 03:23UTC | 主队列 45/200 发现队列 54/20000 [[fork1]:28 [user0]:26] | Worker 32忙/4闲(88%)
[2026-08-08 11:23:30] [W-32] ⚠️ Partial Clone 异常: Command '['git', '-C', '/tmp/pclone_erjods3c', 'ls-tree', '-r', '-l', 'HEAD']' timed out after 300 seconds
[2026-08-08 11:23:30] [W-29] 🔧 开始处理 [fork1] ating6667/dev-sidecar
[2026-08-08 11:23:30] [W-0] 📝 已处理缓存: smashell/dev-sidecar
[2026-08-08 11:23:30] [W-0] ⏭️ [fork1] 仓库 https://github.com/smashell/dev-sidecar 14181h 未更新，跳过解析（无需追踪）
[2026-08-08 11:23:30] [W-0] ✅ 完成 [fork1] smashell/dev-sidecar | 提取 0 | 新增 0 | 耗时 1s | 配额 4014/4800 03:23UTC | 主队列 45/200 发现队列 53/20000 [[fork1]:27 [user0]:26] | Worker 31忙/5闲(86%)
[2026-08-08 11:23:30] [W-0] 🔧 开始处理 [fork1] r3-0-9/dev-sidecar
[2026-08-08 11:23:30] [W-3] 📝 已处理缓存: nianweijie/dev-sidecar
[2026-08-08 11:23:30] [W-3] ⏭️ [fork1] 仓库 https://github.com/nianweijie/dev-sidecar 41318h 未更新，跳过解析（无需追踪）
[2026-08-08 11:23:30] [W-3] ✅ 完成 [fork1] nianweijie/dev-sidecar | 提取 0 | 新增 0 | 耗时 1s | 配额 4013/4800 03:23UTC | 主队列 45/200 发现队列 52/20000 [[fork1]:26 [user0]:26] | Worker 31忙/5闲(86%)
[2026-08-08 11:23:30] [W-3] 🔧 开始处理 [种子仓库] cyzzc/v2rayN [种子 181/744]
[2026-08-08 11:23:30] [W-22] 📝 已处理缓存: 135asdf/dev-sidecar
[2026-08-08 11:23:30] [W-22] ⏭️ [fork1] 仓库 https://github.com/135asdf/dev-sidecar 44594h 未更新，跳过解析（无需追踪）
[2026-08-08 11:23:30] [W-22] ✅ 完成 [fork1] 135asdf/dev-sidecar | 提取 0 | 新增 0 | 耗时 1s | 配额 4012/4800 03:23UTC | 主队列 44/200 发现队列 52/20000 [[fork1]:26 [user0]:26] | Worker 31忙/5闲(86%)
[2026-08-08 11:23:30] [W-22] 🔧 开始处理 [fork1] linxilazy/dev-sidecar
[2026-08-08 11:23:30] [W-31] ⏭️ [种子仓库] 仓库 https://github.com/sincalaway/v2rayN 205h 未更新，跳过解析（无需追踪）
[2026-08-08 11:23:30] [W-31] ✅ 完成 [种子仓库] sincalaway/v2rayN [种子 180/744] | 提取 0 | 新增 0 | 耗时 1s | 配额 4011/4800 03:23UTC | 主队列 44/200 发现队列 51/20000 [[fork1]:25 [user0]:26] | Worker 31忙/5闲(86%)
[2026-08-08 11:23:30] [W-31] 🔧 开始处理 [fork1] taohuayuan21bc/dev-sidecar
[2026-08-08 11:23:30] [W-15] 📝 已处理缓存: shayebushide/dev-sidecar
[2026-08-08 11:23:30] [W-15] ⏭️ [fork1] 仓库 https://github.com/shayebushide/dev-sidecar 18192h 未更新，跳过解析（无需追踪）
[2026-08-08 11:23:30] [W-15] ✅ 完成 [fork1] shayebushide/dev-sidecar | 提取 0 | 新增 0 | 耗时 1s | 配额 4010/4800 03:23UTC | 主队列 44/200 发现队列 50/20000 [[fork1]:24 [user0]:26] | Worker 31忙/5闲(86%)
[2026-08-08 11:23:30] [W-15] 🔧 开始处理 [fork1] CHUANG522/dev-sidecar
[2026-08-08 11:23:30] [W-11] 📝 已处理缓存: java721456/dev-sidecar
[2026-08-08 11:23:30] [W-11] ⏭️ [fork1] 仓库 https://github.com/java721456/dev-sidecar 12695h 未更新，跳过解析（无需追踪）
[2026-08-08 11:23:30] [W-11] ✅ 完成 [fork1] java721456/dev-sidecar | 提取 0 | 新增 0 | 耗时 1s | 配额 4009/4800 03:23UTC | 主队列 44/200 发现队列 49/20000 [[fork1]:23 [user0]:26] | Worker 31忙/5闲(86%)
[2026-08-08 11:23:31] [W-11] 🔧 开始处理 [fork1] hk318/dev-sidecar
[2026-08-08 11:23:31] [W-29] 📝 已处理缓存: ating6667/dev-sidecar
[2026-08-08 11:23:31] [W-29] ⏭️ [fork1] 仓库 https://github.com/ating6667/dev-sidecar 302h 未更新，跳过解析（无需追踪）
[2026-08-08 11:23:31] [W-29] ✅ 完成 [fork1] ating6667/dev-sidecar | 提取 0 | 新增 0 | 耗时 1s | 配额 4008/4800 03:23UTC | 主队列 44/200 发现队列 48/20000 [[fork1]:22 [user0]:26] | Worker 31忙/5闲(86%)
[2026-08-08 11:23:31] [W-29] 🔧 开始处理 [fork1] Traveleee/dev-sidecar
[2026-08-08 11:23:31] [W-3] ⏭️ [种子仓库] 仓库 https://github.com/cyzzc/v2rayN 已解析，跳过解析（无需追踪）
[2026-08-08 11:23:31] [W-3] ✅ 完成 [种子仓库] cyzzc/v2rayN [种子 181/744] | 提取 0 | 新增 0 | 耗时 1s | 配额 4007/4800 03:23UTC | 主队列 44/200 发现队列 47/20000 [[fork1]:21 [user0]:26] | Worker 31忙/5闲(86%)
[2026-08-08 11:23:31] [W-3] 🔧 开始处理 [fork1] fc8078299-cmd/dev-sidecar
[2026-08-08 11:23:31] [W-31] 📝 已处理缓存: taohuayuan21bc/dev-sidecar
[2026-08-08 11:23:31] [W-31] ⏭️ [fork1] 仓库 https://github.com/taohuayuan21bc/dev-sidecar 1758h 未更新，跳过解析（无需追踪）
[2026-08-08 11:23:31] [W-31] ✅ 完成 [fork1] taohuayuan21bc/dev-sidecar | 提取 0 | 新增 0 | 耗时 1s | 配额 4006/4800 03:23UTC | 主队列 44/200 发现队列 46/20000 [[fork1]:20 [user0]:26] | Worker 31忙/5闲(86%)
[2026-08-08 11:23:31] [W-31] 🔧 开始处理 [fork1] zdz666-max/dev-sidecar
[2026-08-08 11:23:31] [W-0] 📝 已处理缓存: r3-0-9/dev-sidecar
[2026-08-08 11:23:31] [W-0] ⏭️ [fork1] 仓库 https://github.com/r3-0-9/dev-sidecar 17583h 未更新，跳过解析（无需追踪）
[2026-08-08 11:23:31] [W-0] ✅ 完成 [fork1] r3-0-9/dev-sidecar | 提取 0 | 新增 0 | 耗时 1s | 配额 4005/4800 03:23UTC | 主队列 44/200 发现队列 45/20000 [[fork1]:19 [user0]:26] | Worker 31忙/5闲(86%)
[2026-08-08 11:23:31] [W-0] 🔧 开始处理 [fork1] xqqv5/dev-sidecar
[2026-08-08 11:23:31] [W-0] 📝 已处理缓存: xqqv5/dev-sidecar
[2026-08-08 11:23:31] [W-0] ⏭️ [fork1] 仓库 https://github.com/xqqv5/dev-sidecar 6206h 未更新，跳过解析（无需追踪）
[2026-08-08 11:23:31] [W-0] ✅ 完成 [fork1] xqqv5/dev-sidecar | 提取 0 | 新增 0 | 耗时 0s | 配额 4005/4800 03:23UTC | 主队列 44/200 发现队列 44/20000 [[fork1]:18 [user0]:26] | Worker 31忙/5闲(86%)
[2026-08-08 11:23:31] [W-0] 🔧 开始处理 [fork1] fengdaokanhai/dev-sidecar
[2026-08-08 11:23:31] [W-22] 📝 已处理缓存: linxilazy/dev-sidecar
[2026-08-08 11:23:31] [W-22] ⏭️ [fork1] 仓库 https://github.com/linxilazy/dev-sidecar 47148h 未更新，跳过解析（无需追踪）
[2026-08-08 11:23:31] [W-22] ✅ 完成 [fork1] linxilazy/dev-sidecar | 提取 0 | 新增 0 | 耗时 1s | 配额 4004/4800 03:23UTC | 主队列 44/200 发现队列 43/20000 [[fork1]:17 [user0]:26] | Worker 31忙/5闲(86%)
[2026-08-08 11:23:31] [W-22] 🔧 开始处理 [fork1] leqiqiwang/dev-sidecar
[2026-08-08 11:23:31] [W-15] 📝 已处理缓存: CHUANG522/dev-sidecar
[2026-08-08 11:23:31] [W-15] ⏭️ [fork1] 仓库 https://github.com/CHUANG522/dev-sidecar 5671h 未更新，跳过解析（无需追踪）
[2026-08-08 11:23:31] [W-15] ✅ 完成 [fork1] CHUANG522/dev-sidecar | 提取 0 | 新增 0 | 耗时 1s | 配额 4003/4800 03:23UTC | 主队列 44/200 发现队列 42/20000 [[fork1]:16 [user0]:26] | Worker 31忙/5闲(86%)
[2026-08-08 11:23:31] [W-15] 🔧 开始处理 [fork1] XingJingBiao/dev-sidecar
[2026-08-08 11:23:31] [W-29] 📝 已处理缓存: Traveleee/dev-sidecar
[2026-08-08 11:23:31] [W-29] ⏭️ [fork1] 仓库 https://github.com/Traveleee/dev-sidecar 18236h 未更新，跳过解析（无需追踪）
[2026-08-08 11:23:31] [W-29] ✅ 完成 [fork1] Traveleee/dev-sidecar | 提取 0 | 新增 0 | 耗时 1s | 配额 4002/4800 03:23UTC | 主队列 44/200 发现队列 41/20000 [[fork1]:15 [user0]:26] | Worker 31忙/5闲(86%)
[2026-08-08 11:23:31] [W-29] 🔧 开始处理 [种子仓库] Arui66/v2rayN [种子 182/744]
[2026-08-08 11:23:31] [W-11] 📝 已处理缓存: hk318/dev-sidecar
[2026-08-08 11:23:31] [W-11] ⏭️ [fork1] 仓库 https://github.com/hk318/dev-sidecar 39257h 未更新，跳过解析（无需追踪）
[2026-08-08 11:23:31] [W-11] ✅ 完成 [fork1] hk318/dev-sidecar | 提取 0 | 新增 0 | 耗时 1s | 配额 4001/4800 03:23UTC | 主队列 43/200 发现队列 41/20000 [[fork1]:15 [user0]:26] | Worker 31忙/5闲(86%)
[2026-08-08 11:23:32] [W-3] 📝 已处理缓存: fc8078299-cmd/dev-sidecar
[2026-08-08 11:23:32] [W-3] ⏭️ [fork1] 仓库 https://github.com/fc8078299-cmd/dev-sidecar 4452h 未更新，跳过解析（无需追踪）
[2026-08-08 11:23:32] [W-3] ✅ 完成 [fork1] fc8078299-cmd/dev-sidecar | 提取 0 | 新增 0 | 耗时 1s | 配额 4000/4800 03:23UTC | 主队列 43/200 发现队列 40/20000 [[fork1]:14 [user0]:26] | Worker 30忙/6闲(83%)
[2026-08-08 11:23:32] [W-11] 🔧 开始处理 [fork1] MrWebket/dev-sidecar
[2026-08-08 11:23:32] [W-0] 📝 已处理缓存: fengdaokanhai/dev-sidecar
[2026-08-08 11:23:32] [W-0] ⏭️ [fork1] 仓库 https://github.com/fengdaokanhai/dev-sidecar 37728h 未更新，跳过解析（无需追踪）
[2026-08-08 11:23:32] [W-0] ✅ 完成 [fork1] fengdaokanhai/dev-sidecar | 提取 0 | 新增 0 | 耗时 1s | 配额 3999/4800 03:23UTC | 主队列 43/200 发现队列 39/20000 [[fork1]:13 [user0]:26] | Worker 30忙/6闲(83%)
[2026-08-08 11:23:32] [W-0] 🔧 开始处理 [fork1] kerwinzxc/dev-sidecar
[2026-08-08 11:23:32] [W-31] 📝 已处理缓存: zdz666-max/dev-sidecar
[2026-08-08 11:23:32] [W-31] ⏭️ [fork1] 仓库 https://github.com/zdz666-max/dev-sidecar 14376h 未更新，跳过解析（无需追踪）
[2026-08-08 11:23:32] [W-31] ✅ 完成 [fork1] zdz666-max/dev-sidecar | 提取 0 | 新增 0 | 耗时 1s | 配额 3998/4800 03:23UTC | 主队列 43/200 发现队列 38/20000 [[fork1]:12 [user0]:26] | Worker 30忙/6闲(83%)
[2026-08-08 11:23:32] [W-22] 📝 已处理缓存: leqiqiwang/dev-sidecar
[2026-08-08 11:23:32] [W-22] ⏭️ [fork1] 仓库 https://github.com/leqiqiwang/dev-sidecar 28514h 未更新，跳过解析（无需追踪）
[2026-08-08 11:23:32] [W-22] ✅ 完成 [fork1] leqiqiwang/dev-sidecar | 提取 0 | 新增 0 | 耗时 1s | 配额 3997/4800 03:23UTC | 主队列 43/200 发现队列 37/20000 [[fork1]:11 [user0]:26] | Worker 29忙/7闲(80%)
[2026-08-08 11:23:32] [W-31] 🔧 开始处理 [fork1] leixy76/dev-sidecar
[2026-08-08 11:23:32] [W-31] 📝 已处理缓存: leixy76/dev-sidecar
[2026-08-08 11:23:32] [W-31] ⏭️ [fork1] 仓库 https://github.com/leixy76/dev-sidecar 12925h 未更新，跳过解析（无需追踪）
[2026-08-08 11:23:32] [W-31] ✅ 完成 [fork1] leixy76/dev-sidecar | 提取 0 | 新增 0 | 耗时 0s | 配额 3997/4800 03:23UTC | 主队列 43/200 发现队列 36/20000 [[fork1]:10 [user0]:26] | Worker 29忙/7闲(80%)
[2026-08-08 11:23:32] [W-31] 🔧 开始处理 [fork1] zhenghaifei593/dev-sidecar
[2026-08-08 11:23:32] [W-22] 🔧 开始处理 [fork1] youzhengjie9/dev-sidecar
[2026-08-08 11:23:32] [W-22] 📝 已处理缓存: youzhengjie9/dev-sidecar
[2026-08-08 11:23:32] [W-22] ⏭️ [fork1] 仓库 https://github.com/youzhengjie9/dev-sidecar 331h 未更新，跳过解析（无需追踪）
[2026-08-08 11:23:32] [W-22] ✅ 完成 [fork1] youzhengjie9/dev-sidecar | 提取 0 | 新增 0 | 耗时 0s | 配额 3997/4800 03:23UTC | 主队列 43/200 发现队列 35/20000 [[fork1]:9 [user0]:26] | Worker 30忙/6闲(83%)
[2026-08-08 11:23:32] [W-22] 🔧 开始处理 [fork1] ChatGPT-88/dev-sidecar
[2026-08-08 11:23:32] [W-3] 🔧 开始处理 [fork1] zhaole7/dev-sidecar
[2026-08-08 11:23:32] [W-15] 📝 已处理缓存: XingJingBiao/dev-sidecar
[2026-08-08 11:23:32] [W-15] ⏭️ [fork1] 仓库 https://github.com/XingJingBiao/dev-sidecar 38037h 未更新，跳过解析（无需追踪）
[2026-08-08 11:23:32] [W-15] ✅ 完成 [fork1] XingJingBiao/dev-sidecar | 提取 0 | 新增 0 | 耗时 1s | 配额 3996/4800 03:23UTC | 主队列 43/200 发现队列 34/20000 [[fork1]:8 [user0]:26] | Worker 31忙/5闲(86%)
[2026-08-08 11:23:32] [W-15] 🔧 开始处理 [fork1] xtwwwz/dev-sidecar
[2026-08-08 11:23:32] [W-29] ⏭️ [种子仓库] 仓库 https://github.com/Arui66/v2rayN 已解析，跳过解析（无需追踪）
[2026-08-08 11:23:32] [W-29] ✅ 完成 [种子仓库] Arui66/v2rayN [种子 182/744] | 提取 0 | 新增 0 | 耗时 1s | 配额 3995/4800 03:23UTC | 主队列 43/200 发现队列 33/20000 [[fork1]:7 [user0]:26] | Worker 31忙/5闲(86%)
[2026-08-08 11:23:32] [W-29] 🔧 开始处理 [fork1] 13561935963/dev-sidecar
[2026-08-08 11:23:35] [W-11] 📝 已处理缓存: MrWebket/dev-sidecar
[2026-08-08 11:23:35] [W-11] ⏭️ [fork1] 仓库 https://github.com/MrWebket/dev-sidecar 40562h 未更新，跳过解析（无需追踪）
[2026-08-08 11:23:35] [W-11] ✅ 完成 [fork1] MrWebket/dev-sidecar | 提取 0 | 新增 0 | 耗时 3s | 配额 3994/4800 03:23UTC | 主队列 43/200 发现队列 32/20000 [[fork1]:6 [user0]:26] | Worker 31忙/5闲(86%)
[2026-08-08 11:23:35] [W-11] 🔧 开始处理 [fork1] fyx912/dev-sidecar
[2026-08-08 11:23:35] [W-3] 📝 已处理缓存: zhaole7/dev-sidecar
[2026-08-08 11:23:35] [W-3] ⏭️ [fork1] 仓库 https://github.com/zhaole7/dev-sidecar 14636h 未更新，跳过解析（无需追踪）
[2026-08-08 11:23:35] [W-3] ✅ 完成 [fork1] zhaole7/dev-sidecar | 提取 0 | 新增 0 | 耗时 3s | 配额 3993/4800 03:23UTC | 主队列 43/200 发现队列 31/20000 [[fork1]:5 [user0]:26] | Worker 31忙/5闲(86%)
[2026-08-08 11:23:35] [W-0] 📝 已处理缓存: kerwinzxc/dev-sidecar
[2026-08-08 11:23:35] [W-0] ⏭️ [fork1] 仓库 https://github.com/kerwinzxc/dev-sidecar 38037h 未更新，跳过解析（无需追踪）
[2026-08-08 11:23:35] [W-0] ✅ 完成 [fork1] kerwinzxc/dev-sidecar | 提取 0 | 新增 0 | 耗时 3s | 配额 3992/4800 03:23UTC | 主队列 43/200 发现队列 30/20000 [[fork1]:4 [user0]:26] | Worker 30忙/6闲(83%)
[2026-08-08 11:23:35] [W-0] 🔧 开始处理 [fork1] waterpoplarabc-coder/dev-sidecar
[2026-08-08 11:23:35] [W-3] 🔧 开始处理 [fork1] rico-ddup/dev-sidecar
[2026-08-08 11:23:35] [W-31] 📝 已处理缓存: zhenghaifei593/dev-sidecar
[2026-08-08 11:23:35] [W-31] ⏭️ [fork1] 仓库 https://github.com/zhenghaifei593/dev-sidecar 38037h 未更新，跳过解析（无需追踪）
[2026-08-08 11:23:35] [W-31] ✅ 完成 [fork1] zhenghaifei593/dev-sidecar | 提取 0 | 新增 0 | 耗时 3s | 配额 3991/4800 03:23UTC | 主队列 43/200 发现队列 29/20000 [[fork1]:3 [user0]:26] | Worker 31忙/5闲(86%)
[2026-08-08 11:23:35] [W-31] 🔧 开始处理 [fork1] JerryMiao2019/dev-sidecar
[2026-08-08 11:23:35] [W-15] 📝 已处理缓存: xtwwwz/dev-sidecar
[2026-08-08 11:23:35] [W-15] ⏭️ [fork1] 仓库 https://github.com/xtwwwz/dev-sidecar 5671h 未更新，跳过解析（无需追踪）
[2026-08-08 11:23:35] [W-15] ✅ 完成 [fork1] xtwwwz/dev-sidecar | 提取 0 | 新增 0 | 耗时 3s | 配额 3990/4800 03:23UTC | 主队列 43/200 发现队列 28/20000 [[fork1]:2 [user0]:26] | Worker 31忙/5闲(86%)
[2026-08-08 11:23:35] [W-22] 📝 已处理缓存: ChatGPT-88/dev-sidecar
[2026-08-08 11:23:35] [W-22] ⏭️ [fork1] 仓库 https://github.com/ChatGPT-88/dev-sidecar 5343h 未更新，跳过解析（无需追踪）
[2026-08-08 11:23:35] [W-22] ✅ 完成 [fork1] ChatGPT-88/dev-sidecar | 提取 0 | 新增 0 | 耗时 3s | 配额 3989/4800 03:23UTC | 主队列 42/200 发现队列 28/20000 [[fork1]:2 [user0]:26] | Worker 30忙/6闲(83%)
[2026-08-08 11:23:35] [W-15] 🔧 开始处理 [种子仓库] 957057/v2rayN [种子 183/744]
[2026-08-08 11:23:35] [W-22] 🔧 开始处理 [种子仓库] xwcyg6/v2raynode [种子 184/744]
[2026-08-08 11:23:35] [W-29] 📝 已处理缓存: 13561935963/dev-sidecar
[2026-08-08 11:23:35] [W-29] ⏭️ [fork1] 仓库 https://github.com/13561935963/dev-sidecar 28514h 未更新，跳过解析（无需追踪）
[2026-08-08 11:23:35] [W-29] ✅ 完成 [fork1] 13561935963/dev-sidecar | 提取 0 | 新增 0 | 耗时 3s | 配额 3988/4800 03:23UTC | 主队列 41/200 发现队列 28/20000 [[fork1]:2 [user0]:26] | Worker 31忙/5闲(86%)
[2026-08-08 11:23:35] [W-29] 🔧 开始处理 [fork1] JeffyEvergarden/dev-sidecar
[2026-08-08 11:23:35] [W-0] 📝 已处理缓存: waterpoplarabc-coder/dev-sidecar
[2026-08-08 11:23:35] [W-0] ⏭️ [fork1] 仓库 https://github.com/waterpoplarabc-coder/dev-sidecar 8325h 未更新，跳过解析（无需追踪）
[2026-08-08 11:23:35] [W-0] ✅ 完成 [fork1] waterpoplarabc-coder/dev-sidecar | 提取 0 | 新增 0 | 耗时 1s | 配额 3987/4800 03:23UTC | 主队列 41/200 发现队列 27/20000 [[fork1]:1 [user0]:26] | Worker 31忙/5闲(86%)
[2026-08-08 11:23:35] [W-0] 🔧 开始处理 [fork1] lanshixiong/dev-sidecar
[2026-08-08 11:23:36] [W-3] 📝 已处理缓存: rico-ddup/dev-sidecar
[2026-08-08 11:23:36] [W-3] ⏭️ [fork1] 仓库 https://github.com/rico-ddup/dev-sidecar 1758h 未更新，跳过解析（无需追踪）
[2026-08-08 11:23:36] [W-3] ✅ 完成 [fork1] rico-ddup/dev-sidecar | 提取 0 | 新增 0 | 耗时 1s | 配额 3986/4800 03:23UTC | 主队列 41/200 发现队列 26/20000 [[user0]:26] | Worker 31忙/5闲(86%)
[2026-08-08 11:23:36] [W-3] 🔧 开始处理 [user0] ermaozi/astro-theme-ermaozi
[2026-08-08 11:23:36] [W-3] [user0] 仓库 https://github.com/ermaozi/astro-theme-ermaozi (分支: main, size: 7234KB, pushed: 2026-08-08T03:04:39Z)
[2026-08-08 11:23:36] [W-11] 📝 已处理缓存: fyx912/dev-sidecar
[2026-08-08 11:23:36] [W-11] ⏭️ [fork1] 仓库 https://github.com/fyx912/dev-sidecar 28514h 未更新，跳过解析（无需追踪）
[2026-08-08 11:23:36] [W-11] ✅ 完成 [fork1] fyx912/dev-sidecar | 提取 0 | 新增 0 | 耗时 1s | 配额 3985/4800 03:23UTC | 主队列 41/200 发现队列 25/20000 [[user0]:25] | Worker 31忙/5闲(86%)
[2026-08-08 11:23:36] [W-11] 🔧 开始处理 [种子仓库] q7451647-ship-it/v2rayN [种子 185/744]
[2026-08-08 11:23:36] [W-22] [种子仓库] 仓库 https://github.com/xwcyg6/v2raynode (分支: main, size: 870KB, pushed: 2026-08-08T01:41:17Z)
[2026-08-08 11:23:36] [W-15] ⏭️ [种子仓库] 仓库 https://github.com/957057/v2rayN 已解析，跳过解析（无需追踪）
[2026-08-08 11:23:36] [W-15] ✅ 完成 [种子仓库] 957057/v2rayN [种子 183/744] | 提取 0 | 新增 0 | 耗时 1s | 配额 3983/4800 03:23UTC | 主队列 40/200 发现队列 25/20000 [[user0]:25] | Worker 31忙/5闲(86%)
[2026-08-08 11:23:36] [W-15] 🔧 开始处理 [user0] ermaozi/ermao.org
[2026-08-08 11:23:36] [W-15] [user0] 仓库 https://github.com/ermaozi/ermao.org (分支: master, size: 3252KB, pushed: 2026-08-08T00:07:16Z)
[2026-08-08 11:23:36] [W-29] 📝 已处理缓存: JeffyEvergarden/dev-sidecar
[2026-08-08 11:23:36] [W-29] ⏭️ [fork1] 仓库 https://github.com/JeffyEvergarden/dev-sidecar 45986h 未更新，跳过解析（无需追踪）
[2026-08-08 11:23:36] [W-29] ✅ 完成 [fork1] JeffyEvergarden/dev-sidecar | 提取 0 | 新增 0 | 耗时 1s | 配额 3982/4800 03:23UTC | 主队列 40/200 发现队列 24/20000 [[user0]:24] | Worker 31忙/5闲(86%)
[2026-08-08 11:23:36] [W-29] 🔧 开始处理 [user0] ermaozi/ermaozi.org
[2026-08-08 11:23:36] [W-29] [user0] 仓库 https://github.com/ermaozi/ermaozi.org (分支: main, size: 26048KB, pushed: 2026-08-08T00:08:15Z)
[2026-08-08 11:23:36] [W-0] 📝 已处理缓存: lanshixiong/dev-sidecar
[2026-08-08 11:23:36] [W-0] ⏭️ [fork1] 仓库 https://github.com/lanshixiong/dev-sidecar 44594h 未更新，跳过解析（无需追踪）
[2026-08-08 11:23:36] [W-0] ✅ 完成 [fork1] lanshixiong/dev-sidecar | 提取 0 | 新增 0 | 耗时 1s | 配额 3981/4800 03:23UTC | 主队列 40/200 发现队列 23/20000 [[user0]:23] | Worker 31忙/5闲(86%)
[2026-08-08 11:23:36] [W-0] 🔧 开始处理 [user0] ermaozi/ermao.net
[2026-08-08 11:23:36] [W-0] [user0] 仓库 https://github.com/ermaozi/ermao.net (分支: main, size: 167372KB, pushed: 2026-08-08T00:08:17Z)
[2026-08-08 11:23:36] [W-31] 📝 已处理缓存: JerryMiao2019/dev-sidecar
[2026-08-08 11:23:36] [W-31] ⏭️ [fork1] 仓库 https://github.com/JerryMiao2019/dev-sidecar 46658h 未更新，跳过解析（无需追踪）
[2026-08-08 11:23:36] [W-31] ✅ 完成 [fork1] JerryMiao2019/dev-sidecar | 提取 0 | 新增 0 | 耗时 2s | 配额 3980/4800 03:23UTC | 主队列 40/200 发现队列 22/20000 [[user0]:22] | Worker 31忙/5闲(86%)
[2026-08-08 11:23:36] [W-31] 🔧 开始处理 [user0] ermaozi/pyjichang.com
[2026-08-08 11:23:36] [W-31] [user0] 仓库 https://github.com/ermaozi/pyjichang.com (分支: main, size: 92380KB, pushed: 2026-08-08T00:07:29Z)
[2026-08-08 11:23:36] [W-32] Clone-First clone 失败，放弃（Contents 已关闭）
[2026-08-08 11:23:36] [W-32] ✅ 完成 [user1] wenxig/zero-path | 提取 0 | 新增 0 | 耗时 308s | 配额 3980/4800 03:23UTC | 主队列 40/200 发现队列 21/20000 [[user0]:21] | Worker 31忙/5闲(86%)
[2026-08-08 11:23:36] [W-32] 🔧 开始处理 [种子仓库] lidebyte/v2rayN [种子 186/744]
[2026-08-08 11:23:37] [W-11] ⏭️ [种子仓库] 仓库 https://github.com/q7451647-ship-it/v2rayN 已解析，跳过解析（无需追踪）
[2026-08-08 11:23:37] [W-11] ✅ 完成 [种子仓库] q7451647-ship-it/v2rayN [种子 185/744] | 提取 0 | 新增 0 | 耗时 1s | 配额 3979/4800 03:23UTC | 主队列 39/200 发现队列 21/20000 [[user0]:21] | Worker 32忙/4闲(88%)
[2026-08-08 11:23:37] [W-11] 🔧 开始处理 [user0] ermaozi/trojan-go-panel
[2026-08-08 11:23:37] [W-11] ⏭️ [user0] 仓库 https://github.com/ermaozi/trojan-go-panel 28153h 未更新，跳过解析（需追踪）
[2026-08-08 11:23:37] [W-11] 🔗 [user0] 查子仓库: ermaozi/trojan-go-panel
[2026-08-08 11:23:37] [W-35] 🌱 加入种子: Argh94/V2RayAutoConfig (提取 41571 节点)
[2026-08-08 11:23:37] [W-35] ✅ 完成 [raw1] Argh94/V2RayAutoConfig | 提取 41571 | 新增 485 | 耗时 228s | 配额 3979/4800 03:23UTC | 主队列 39/200 发现队列 20/20000 [[user0]:20] | Worker 32忙/4闲(88%)
[2026-08-08 11:23:37] [W-35] 🔧 开始处理 [种子仓库] guguji666666/v2rayNG [种子 187/744]
[2026-08-08 11:23:37] [W-32] ⏭️ [种子仓库] 仓库 https://github.com/lidebyte/v2rayN 已解析，跳过解析（无需追踪）
[2026-08-08 11:23:37] [W-32] ✅ 完成 [种子仓库] lidebyte/v2rayN [种子 186/744] | 提取 0 | 新增 0 | 耗时 1s | 配额 3978/4800 03:23UTC | 主队列 38/200 发现队列 20/20000 [[user0]:20] | Worker 33忙/3闲(91%)
[2026-08-08 11:23:37] [W-32] 🔧 开始处理 [user0] ermaozi/oibot
[2026-08-08 11:23:38] [W-35] [种子仓库] 仓库 https://github.com/guguji666666/v2rayNG (分支: master, size: 36683KB, pushed: 2026-08-08T02:27:06Z)
[2026-08-08 11:23:38] [W-32] ⏭️ [user0] 仓库 https://github.com/ermaozi/oibot 1222h 未更新，跳过解析（需追踪）
[2026-08-08 11:23:38] [W-32] 🔗 [user0] 查子仓库: ermaozi/oibot
[2026-08-08 11:23:38] [W-11]   🍴 子仓库: 30/30 个 → 主队列 38/200 发现队列 49/20000 [[fork1]:30 [user0]:19] | Worker 33忙/3闲(91%)
[2026-08-08 11:23:38] [W-11] 🔗 [user0] 开始 Fork 链追踪 (ermaozi/trojan-go-panel)
[2026-08-08 11:23:38] [W-32] 🔗 [user0] 开始 Fork 链追踪 (ermaozi/oibot)
[2026-08-08 11:23:38] [W-11] ✅ 完成 [user0] ermaozi/trojan-go-panel | 提取 0 | 新增 0 | 耗时 1s | 配额 3973/4800 03:23UTC | 主队列 38/200 发现队列 49/20000 [[fork1]:30 [user0]:19] | Worker 33忙/3闲(91%)
[2026-08-08 11:23:38] [W-11] 🔧 开始处理 [fork1] playbox901/trojan-go-panel
[2026-08-08 11:23:39] [W-32]   [user0] 父仓库: OrganRemoved/oibot
[2026-08-08 11:23:39] [W-32] 📝 已处理缓存: OrganRemoved/oibot
[2026-08-08 11:23:39] [W-32] ⏭️ [fork1] 仓库 https://github.com/OrganRemoved/oibot 976h 未更新，跳过解析（无需追踪）
[2026-08-08 11:23:39] [W-32]   父仓库 +0 个节点
[2026-08-08 11:23:39] [W-11] 📝 已处理缓存: playbox901/trojan-go-panel
[2026-08-08 11:23:39] [W-11] ⏭️ [fork1] 仓库 https://github.com/playbox901/trojan-go-panel 35223h 未更新，跳过解析（无需追踪）
[2026-08-08 11:23:39] [W-11] ✅ 完成 [fork1] playbox901/trojan-go-panel | 提取 0 | 新增 0 | 耗时 1s | 配额 3971/4800 03:23UTC | 主队列 38/200 发现队列 48/20000 [[fork1]:29 [user0]:19] | Worker 33忙/3闲(91%)
[2026-08-08 11:23:39] [W-11] 🔧 开始处理 [fork1] lerjtl/trojan-go-panel
[2026-08-08 11:23:39] [W-32]   🍴 兄弟仓库: 1/2 个 → 主队列 38/200 发现队列 48/20000 [[fork1]:29 [user0]:19] | Worker 33忙/3闲(91%)
[2026-08-08 11:23:39] [W-32] ✅ 完成 [user0] ermaozi/oibot | 提取 0 | 新增 0 | 耗时 2s | 配额 3970/4800 03:23UTC | 主队列 38/200 发现队列 48/20000 [[fork1]:29 [user0]:19] | Worker 33忙/3闲(91%)
[2026-08-08 11:23:39] [W-32] 🔧 开始处理 [fork1] gaorongxuan14/trojan-go-panel-25
[2026-08-08 11:23:40] [W-11] ⏭️ [fork1] 仓库 https://github.com/lerjtl/trojan-go-panel 28153h 未更新，跳过解析（无需追踪）
[2026-08-08 11:23:40] [W-11] ✅ 完成 [fork1] lerjtl/trojan-go-panel | 提取 0 | 新增 0 | 耗时 1s | 配额 3969/4800 03:23UTC | 主队列 38/200 发现队列 47/20000 [[fork1]:28 [user0]:19] | Worker 33忙/3闲(91%)
[2026-08-08 11:23:40] [W-11] 🔧 开始处理 [fork1] dwy6/trojan-go-panel
[2026-08-08 11:23:40] [W-32] 📝 已处理缓存: gaorongxuan14/trojan-go-panel-25
[2026-08-08 11:23:40] [W-32] ⏭️ [fork1] 仓库 https://github.com/gaorongxuan14/trojan-go-panel-25 28153h 未更新，跳过解析（无需追踪）
[2026-08-08 11:23:40] [W-32] ✅ 完成 [fork1] gaorongxuan14/trojan-go-panel-25 | 提取 0 | 新增 0 | 耗时 1s | 配额 3968/4800 03:23UTC | 主队列 38/200 发现队列 46/20000 [[fork1]:27 [user0]:19] | Worker 33忙/3闲(91%)
[2026-08-08 11:23:40] [W-32] 🔧 开始处理 [fork1] Blackcells/trojan-go-panel
[2026-08-08 11:23:41] [W-11] 📝 已处理缓存: dwy6/trojan-go-panel
[2026-08-08 11:23:41] [W-11] ⏭️ [fork1] 仓库 https://github.com/dwy6/trojan-go-panel 28153h 未更新，跳过解析（无需追踪）
[2026-08-08 11:23:41] [W-11] ✅ 完成 [fork1] dwy6/trojan-go-panel | 提取 0 | 新增 0 | 耗时 1s | 配额 3967/4800 03:23UTC | 主队列 38/200 发现队列 45/20000 [[fork1]:26 [user0]:19] | Worker 33忙/3闲(91%)
[2026-08-08 11:23:41] [W-11] 🔧 开始处理 [fork1] lonag/trojan-go-panel
[2026-08-08 11:23:41] [W-32] 📝 已处理缓存: Blackcells/trojan-go-panel
[2026-08-08 11:23:41] [W-32] ⏭️ [fork1] 仓库 https://github.com/Blackcells/trojan-go-panel 28153h 未更新，跳过解析（无需追踪）
[2026-08-08 11:23:41] [W-32] ✅ 完成 [fork1] Blackcells/trojan-go-panel | 提取 0 | 新增 0 | 耗时 1s | 配额 3966/4800 03:23UTC | 主队列 38/200 发现队列 44/20000 [[fork1]:25 [user0]:19] | Worker 33忙/3闲(91%)
[2026-08-08 11:23:41] [W-32] 🔧 开始处理 [fork1] younggong/trojan-go-panel
[2026-08-08 11:23:41] [W-11] 📝 已处理缓存: lonag/trojan-go-panel
[2026-08-08 11:23:41] [W-11] ⏭️ [fork1] 仓库 https://github.com/lonag/trojan-go-panel 28153h 未更新，跳过解析（无需追踪）
[2026-08-08 11:23:41] [W-11] ✅ 完成 [fork1] lonag/trojan-go-panel | 提取 0 | 新增 0 | 耗时 1s | 配额 3965/4800 03:23UTC | 主队列 38/200 发现队列 43/20000 [[fork1]:24 [user0]:19] | Worker 33忙/3闲(91%)
[2026-08-08 11:23:41] [W-11] 🔧 开始处理 [fork1] JerFree/trojan-go-panel
[2026-08-08 11:23:42] [W-32] 📝 已处理缓存: younggong/trojan-go-panel
[2026-08-08 11:23:42] [W-32] ⏭️ [fork1] 仓库 https://github.com/younggong/trojan-go-panel 28153h 未更新，跳过解析（无需追踪）
[2026-08-08 11:23:42] [W-32] ✅ 完成 [fork1] younggong/trojan-go-panel | 提取 0 | 新增 0 | 耗时 1s | 配额 3964/4800 03:23UTC | 主队列 38/200 发现队列 42/20000 [[fork1]:23 [user0]:19] | Worker 33忙/3闲(91%)
[2026-08-08 11:23:42] [W-32] 🔧 开始处理 [fork1] vokie/trojan-go-panel
[2026-08-08 11:23:42] [W-11] 📝 已处理缓存: JerFree/trojan-go-panel
[2026-08-08 11:23:42] [W-11] ⏭️ [fork1] 仓库 https://github.com/JerFree/trojan-go-panel 28153h 未更新，跳过解析（无需追踪）
[2026-08-08 11:23:42] [W-11] ✅ 完成 [fork1] JerFree/trojan-go-panel | 提取 0 | 新增 0 | 耗时 1s | 配额 3963/4800 03:23UTC | 主队列 38/200 发现队列 41/20000 [[fork1]:22 [user0]:19] | Worker 33忙/3闲(91%)
[2026-08-08 11:23:42] [W-11] 🔧 开始处理 [fork1] KolinLoa/trojan-go-panel
[2026-08-08 11:23:44] [W-32] 📝 已处理缓存: vokie/trojan-go-panel
[2026-08-08 11:23:44] [W-32] ⏭️ [fork1] 仓库 https://github.com/vokie/trojan-go-panel 28153h 未更新，跳过解析（无需追踪）
[2026-08-08 11:23:44] [W-32] ✅ 完成 [fork1] vokie/trojan-go-panel | 提取 0 | 新增 0 | 耗时 2s | 配额 3962/4800 03:23UTC | 主队列 38/200 发现队列 40/20000 [[fork1]:21 [user0]:19] | Worker 33忙/3闲(91%)
[2026-08-08 11:23:44] [W-32] 🔧 开始处理 [fork1] mohammadi939/trojan-go-panel
[2026-08-08 11:23:44] [W-11] 📝 已处理缓存: KolinLoa/trojan-go-panel
[2026-08-08 11:23:44] [W-11] ⏭️ [fork1] 仓库 https://github.com/KolinLoa/trojan-go-panel 28661h 未更新，跳过解析（无需追踪）
[2026-08-08 11:23:44] [W-11] ✅ 完成 [fork1] KolinLoa/trojan-go-panel | 提取 0 | 新增 0 | 耗时 1s | 配额 3961/4800 03:23UTC | 主队列 38/200 发现队列 39/20000 [[fork1]:20 [user0]:19] | Worker 33忙/3闲(91%)
[2026-08-08 11:23:44] [W-11] 🔧 开始处理 [fork1] JocyeI/trojan-go-panel
[2026-08-08 11:23:45] [W-11] 📝 已处理缓存: JocyeI/trojan-go-panel
[2026-08-08 11:23:45] [W-11] ⏭️ [fork1] 仓库 https://github.com/JocyeI/trojan-go-panel 35223h 未更新，跳过解析（无需追踪）
[2026-08-08 11:23:45] [W-11] ✅ 完成 [fork1] JocyeI/trojan-go-panel | 提取 0 | 新增 0 | 耗时 1s | 配额 3960/4800 03:23UTC | 主队列 38/200 发现队列 38/20000 [[fork1]:19 [user0]:19] | Worker 33忙/3闲(91%)
[2026-08-08 11:23:45] [W-11] 🔧 开始处理 [fork1] sakuralily/trojan-go-panel
[2026-08-08 11:23:45] [W-32] 📝 已处理缓存: mohammadi939/trojan-go-panel
[2026-08-08 11:23:45] [W-32] ⏭️ [fork1] 仓库 https://github.com/mohammadi939/trojan-go-panel 35223h 未更新，跳过解析（无需追踪）
[2026-08-08 11:23:45] [W-32] ✅ 完成 [fork1] mohammadi939/trojan-go-panel | 提取 0 | 新增 0 | 耗时 1s | 配额 3959/4800 03:23UTC | 主队列 38/200 发现队列 37/20000 [[fork1]:18 [user0]:19] | Worker 33忙/3闲(91%)
[2026-08-08 11:23:45] [W-32] 🔧 开始处理 [fork1] shahrooz1397/trojan-go-panel
[2026-08-08 11:23:46] repo info (sakuralily/trojan-go-panel) 404，跳过
[2026-08-08 11:23:46] [W-11] 🔍 仓库 sakuralily/trojan-go-panel 不存在（404），追踪用户
[2026-08-08 11:23:46] [W-11] 👤 [fork1] 遍历用户仓库: sakuralily
[2026-08-08 11:23:46] [W-32] 📝 已处理缓存: shahrooz1397/trojan-go-panel
[2026-08-08 11:23:46] [W-32] ⏭️ [fork1] 仓库 https://github.com/shahrooz1397/trojan-go-panel 35223h 未更新，跳过解析（无需追踪）
[2026-08-08 11:23:46] [W-32] ✅ 完成 [fork1] shahrooz1397/trojan-go-panel | 提取 0 | 新增 0 | 耗时 1s | 配额 3957/4800 03:23UTC | 主队列 38/200 发现队列 36/20000 [[fork1]:17 [user0]:19] | Worker 33忙/3闲(91%)
[2026-08-08 11:23:46] [W-32] 🔧 开始处理 [fork1] n1arash/trojan-go-panel
[2026-08-08 11:23:46] [W-11]   用户 sakuralily 共查 0 个仓库
[2026-08-08 11:23:46] [W-11] ✅ 完成 [fork1] sakuralily/trojan-go-panel | 提取 0 | 新增 0 | 耗时 1s | 配额 3956/4800 03:23UTC | 主队列 38/200 发现队列 35/20000 [[fork1]:16 [user0]:19] | Worker 33忙/3闲(91%)
[2026-08-08 11:23:46] [W-11] 🔧 开始处理 [fork1] ckbkdj/trojan-go-panel
[2026-08-08 11:23:47] [W-32] 📝 已处理缓存: n1arash/trojan-go-panel
[2026-08-08 11:23:47] [W-32] ⏭️ [fork1] 仓库 https://github.com/n1arash/trojan-go-panel 35223h 未更新，跳过解析（无需追踪）
[2026-08-08 11:23:47] [W-32] ✅ 完成 [fork1] n1arash/trojan-go-panel | 提取 0 | 新增 0 | 耗时 1s | 配额 3955/4800 03:23UTC | 主队列 38/200 发现队列 34/20000 [[fork1]:15 [user0]:19] | Worker 33忙/3闲(91%)
[2026-08-08 11:23:47] [W-32] 🔧 开始处理 [种子仓库] linG5821/v2rayN [种子 188/744]
[2026-08-08 11:23:47] [W-11] 📝 已处理缓存: ckbkdj/trojan-go-panel
[2026-08-08 11:23:47] [W-11] ⏭️ [fork1] 仓库 https://github.com/ckbkdj/trojan-go-panel 49896h 未更新，跳过解析（无需追踪）
[2026-08-08 11:23:47] [W-11] ✅ 完成 [fork1] ckbkdj/trojan-go-panel | 提取 0 | 新增 0 | 耗时 1s | 配额 3954/4800 03:23UTC | 主队列 37/200 发现队列 34/20000 [[fork1]:15 [user0]:19] | Worker 33忙/3闲(91%)
[2026-08-08 11:23:47] [W-11] 🔧 开始处理 [种子仓库] teamy/v2rayN [种子 189/744]
[2026-08-08 11:23:48] [W-32] ⏭️ [种子仓库] 仓库 https://github.com/linG5821/v2rayN 已解析，跳过解析（无需追踪）
[2026-08-08 11:23:48] [W-32] ✅ 完成 [种子仓库] linG5821/v2rayN [种子 188/744] | 提取 0 | 新增 0 | 耗时 1s | 配额 3953/4800 03:23UTC | 主队列 36/200 发现队列 34/20000 [[fork1]:15 [user0]:19] | Worker 33忙/3闲(91%)
[2026-08-08 11:23:48] [W-32] 🔧 开始处理 [fork1] zj1257/trojan-go-panel
[2026-08-08 11:23:48] [W-11] ⏭️ [种子仓库] 仓库 https://github.com/teamy/v2rayN 已解析，跳过解析（无需追踪）
[2026-08-08 11:23:48] [W-11] ✅ 完成 [种子仓库] teamy/v2rayN [种子 189/744] | 提取 0 | 新增 0 | 耗时 1s | 配额 3952/4800 03:23UTC | 主队列 36/200 发现队列 33/20000 [[fork1]:14 [user0]:19] | Worker 33忙/3闲(91%)
[2026-08-08 11:23:48] [W-11] 🔧 开始处理 [fork1] Juancollado2003/trojan-go-panel-fixed
[2026-08-08 11:23:48] [W-11] 📝 已处理缓存: Juancollado2003/trojan-go-panel-fixed
[2026-08-08 11:23:48] [W-11] ⏭️ [fork1] 仓库 https://github.com/Juancollado2003/trojan-go-panel-fixed 34979h 未更新，跳过解析（无需追踪）
[2026-08-08 11:23:48] [W-11] ✅ 完成 [fork1] Juancollado2003/trojan-go-panel-fixed | 提取 0 | 新增 0 | 耗时 0s | 配额 3952/4800 03:23UTC | 主队列 36/200 发现队列 32/20000 [[fork1]:13 [user0]:19] | Worker 33忙/3闲(91%)
[2026-08-08 11:23:48] [W-11] 🔧 开始处理 [fork1] fantaiying7/trojan-go-panel
[2026-08-08 11:23:50] [W-11] 📝 已处理缓存: fantaiying7/trojan-go-panel
[2026-08-08 11:23:50] [W-11] ⏭️ [fork1] 仓库 https://github.com/fantaiying7/trojan-go-panel 35223h 未更新，跳过解析（无需追踪）
[2026-08-08 11:23:50] [W-11] ✅ 完成 [fork1] fantaiying7/trojan-go-panel | 提取 0 | 新增 0 | 耗时 2s | 配额 3951/4800 03:23UTC | 主队列 36/200 发现队列 31/20000 [[fork1]:12 [user0]:19] | Worker 33忙/3闲(91%)
[2026-08-08 11:23:50] [W-11] 🔧 开始处理 [fork1] SmallXY/trojan-go-panel
[2026-08-08 11:23:50] [W-32] 📝 已处理缓存: zj1257/trojan-go-panel
[2026-08-08 11:23:50] [W-32] ⏭️ [fork1] 仓库 https://github.com/zj1257/trojan-go-panel 35223h 未更新，跳过解析（无需追踪）
[2026-08-08 11:23:50] [W-32] ✅ 完成 [fork1] zj1257/trojan-go-panel | 提取 0 | 新增 0 | 耗时 2s | 配额 3950/4800 03:23UTC | 主队列 36/200 发现队列 30/20000 [[fork1]:11 [user0]:19] | Worker 33忙/3闲(91%)
[2026-08-08 11:23:50] [W-32] 🔧 开始处理 [fork1] ryu-shen/trojan-go-panel
[2026-08-08 11:23:51] [W-32] 📝 已处理缓存: ryu-shen/trojan-go-panel
[2026-08-08 11:23:51] [W-32] ⏭️ [fork1] 仓库 https://github.com/ryu-shen/trojan-go-panel 44127h 未更新，跳过解析（无需追踪）
[2026-08-08 11:23:51] [W-32] ✅ 完成 [fork1] ryu-shen/trojan-go-panel | 提取 0 | 新增 0 | 耗时 1s | 配额 3949/4800 03:23UTC | 主队列 36/200 发现队列 29/20000 [[fork1]:10 [user0]:19] | Worker 33忙/3闲(91%)
[2026-08-08 11:23:51] [W-32] 🔧 开始处理 [fork1] blue520/trojan-go-panel
[2026-08-08 11:23:51] [W-11] 📝 已处理缓存: SmallXY/trojan-go-panel
[2026-08-08 11:23:51] [W-11] ⏭️ [fork1] 仓库 https://github.com/SmallXY/trojan-go-panel 44127h 未更新，跳过解析（无需追踪）
[2026-08-08 11:23:51] [W-11] ✅ 完成 [fork1] SmallXY/trojan-go-panel | 提取 0 | 新增 0 | 耗时 1s | 配额 3948/4800 03:23UTC | 主队列 36/200 发现队列 28/20000 [[fork1]:9 [user0]:19] | Worker 33忙/3闲(91%)
[2026-08-08 11:23:51] [W-11] 🔧 开始处理 [fork1] fcitxibus/trojan-go-panel
[2026-08-08 11:23:52] [W-32] 📝 已处理缓存: blue520/trojan-go-panel
[2026-08-08 11:23:52] [W-32] ⏭️ [fork1] 仓库 https://github.com/blue520/trojan-go-panel 44127h 未更新，跳过解析（无需追踪）
[2026-08-08 11:23:52] [W-32] ✅ 完成 [fork1] blue520/trojan-go-panel | 提取 0 | 新增 0 | 耗时 1s | 配额 3947/4800 03:23UTC | 主队列 36/200 发现队列 27/20000 [[fork1]:8 [user0]:19] | Worker 33忙/3闲(91%)
[2026-08-08 11:23:52] [W-32] 🔧 开始处理 [fork1] fulanah-binti-fulanah/trojan-go-panel
[2026-08-08 11:23:52] [W-11] 📝 已处理缓存: fcitxibus/trojan-go-panel
[2026-08-08 11:23:52] [W-11] ⏭️ [fork1] 仓库 https://github.com/fcitxibus/trojan-go-panel 44127h 未更新，跳过解析（无需追踪）
[2026-08-08 11:23:52] [W-11] ✅ 完成 [fork1] fcitxibus/trojan-go-panel | 提取 0 | 新增 0 | 耗时 1s | 配额 3946/4800 03:23UTC | 主队列 36/200 发现队列 26/20000 [[fork1]:7 [user0]:19] | Worker 33忙/3闲(91%)
[2026-08-08 11:23:52] [W-11] 🔧 开始处理 [fork1] real-Shigure/trojan-go-panel
[2026-08-08 11:23:53] [W-32] 📝 已处理缓存: fulanah-binti-fulanah/trojan-go-panel
[2026-08-08 11:23:53] [W-32] ⏭️ [fork1] 仓库 https://github.com/fulanah-binti-fulanah/trojan-go-panel 44127h 未更新，跳过解析（无需追踪）
[2026-08-08 11:23:53] [W-32] ✅ 完成 [fork1] fulanah-binti-fulanah/trojan-go-panel | 提取 0 | 新增 0 | 耗时 1s | 配额 3945/4800 03:23UTC | 主队列 36/200 发现队列 25/20000 [[fork1]:6 [user0]:19] | Worker 33忙/3闲(91%)
[2026-08-08 11:23:53] [W-32] 🔧 开始处理 [fork1] 321boy/trojan-go-panel
[2026-08-08 11:23:53] [W-11] 📝 已处理缓存: real-Shigure/trojan-go-panel
[2026-08-08 11:23:53] [W-11] ⏭️ [fork1] 仓库 https://github.com/real-Shigure/trojan-go-panel 44127h 未更新，跳过解析（无需追踪）
[2026-08-08 11:23:53] [W-11] ✅ 完成 [fork1] real-Shigure/trojan-go-panel | 提取 0 | 新增 0 | 耗时 1s | 配额 3944/4800 03:23UTC | 主队列 36/200 发现队列 24/20000 [[fork1]:5 [user0]:19] | Worker 33忙/3闲(91%)
[2026-08-08 11:23:53] [W-11] 🔧 开始处理 [fork1] dashigaoji/trojan-go-panel
[2026-08-08 11:23:54] [W-32] 📝 已处理缓存: 321boy/trojan-go-panel
[2026-08-08 11:23:54] [W-32] ⏭️ [fork1] 仓库 https://github.com/321boy/trojan-go-panel 44127h 未更新，跳过解析（无需追踪）
[2026-08-08 11:23:54] [W-32] ✅ 完成 [fork1] 321boy/trojan-go-panel | 提取 0 | 新增 0 | 耗时 1s | 配额 3943/4800 03:23UTC | 主队列 36/200 发现队列 23/20000 [[fork1]:4 [user0]:19] | Worker 33忙/3闲(91%)
[2026-08-08 11:23:54] [W-32] 🔧 开始处理 [fork1] zhilun2021/trojan-go-panel
[2026-08-08 11:23:54] [W-32] 📝 已处理缓存: zhilun2021/trojan-go-panel
[2026-08-08 11:23:54] [W-32] ⏭️ [fork1] 仓库 https://github.com/zhilun2021/trojan-go-panel 35553h 未更新，跳过解析（无需追踪）
[2026-08-08 11:23:54] [W-32] ✅ 完成 [fork1] zhilun2021/trojan-go-panel | 提取 0 | 新增 0 | 耗时 0s | 配额 3943/4800 03:23UTC | 主队列 36/200 发现队列 22/20000 [[fork1]:3 [user0]:19] | Worker 33忙/3闲(91%)
[2026-08-08 11:23:54] [W-32] 🔧 开始处理 [fork1] eternalhook/trojan-go-panel
[2026-08-08 11:23:54] [W-32] 📝 已处理缓存: eternalhook/trojan-go-panel
[2026-08-08 11:23:54] [W-32] ⏭️ [fork1] 仓库 https://github.com/eternalhook/trojan-go-panel 24211h 未更新，跳过解析（无需追踪）
[2026-08-08 11:23:54] [W-32] ✅ 完成 [fork1] eternalhook/trojan-go-panel | 提取 0 | 新增 0 | 耗时 0s | 配额 3943/4800 03:23UTC | 主队列 36/200 发现队列 21/20000 [[fork1]:2 [user0]:19] | Worker 33忙/3闲(91%)
[2026-08-08 11:23:54] [W-32] 🔧 开始处理 [fork1] qnyblog/trojan-go-panel
[2026-08-08 11:23:54] [W-11] 📝 已处理缓存: dashigaoji/trojan-go-panel
[2026-08-08 11:23:54] [W-11] ⏭️ [fork1] 仓库 https://github.com/dashigaoji/trojan-go-panel 44127h 未更新，跳过解析（无需追踪）
[2026-08-08 11:23:54] [W-11] ✅ 完成 [fork1] dashigaoji/trojan-go-panel | 提取 0 | 新增 0 | 耗时 1s | 配额 3942/4800 03:23UTC | 主队列 36/200 发现队列 20/20000 [[fork1]:1 [user0]:19] | Worker 33忙/3闲(91%)
[2026-08-08 11:23:54] [W-11] 🔧 开始处理 [fork1] sosiyuan/oibot
[2026-08-08 11:23:54] [W-32] 📝 已处理缓存: qnyblog/trojan-go-panel
[2026-08-08 11:23:54] [W-32] ⏭️ [fork1] 仓库 https://github.com/qnyblog/trojan-go-panel 44444h 未更新，跳过解析（无需追踪）
[2026-08-08 11:23:54] [W-32] ✅ 完成 [fork1] qnyblog/trojan-go-panel | 提取 0 | 新增 0 | 耗时 1s | 配额 3941/4800 03:23UTC | 主队列 36/200 发现队列 19/20000 [[user0]:19] | Worker 33忙/3闲(91%)
[2026-08-08 11:23:54] [W-32] 🔧 开始处理 [user0] ermaozi/ermaozi
[2026-08-08 11:23:56] [W-32] ⏭️ [user0] 仓库 https://github.com/ermaozi/ermaozi 2509h 未更新，跳过解析（需追踪）
[2026-08-08 11:23:56] [W-32] 🔗 [user0] 查子仓库: ermaozi/ermaozi
[2026-08-08 11:23:56] [W-11] 📝 已处理缓存: sosiyuan/oibot
[2026-08-08 11:23:56] [W-11] ⏭️ [fork1] 仓库 https://github.com/sosiyuan/oibot 10647h 未更新，跳过解析（无需追踪）
[2026-08-08 11:23:56] [W-11] ✅ 完成 [fork1] sosiyuan/oibot | 提取 0 | 新增 0 | 耗时 2s | 配额 3939/4800 03:23UTC | 主队列 36/200 发现队列 18/20000 [[user0]:18] | Worker 33忙/3闲(91%)
[2026-08-08 11:23:56] [W-11] 🔧 开始处理 [user0] ermaozi/vuepress-theme-plume
[2026-08-08 11:23:56] [W-11] ⏭️ [user0] 仓库 https://github.com/ermaozi/vuepress-theme-plume 3913h 未更新，跳过解析（需追踪）
[2026-08-08 11:23:56] [W-11] 🔗 [user0] 查子仓库: ermaozi/vuepress-theme-plume
[2026-08-08 11:23:56] [W-32]   🍴 子仓库: 2/2 个 → 主队列 36/200 发现队列 19/20000 [[fork1]:2 [user0]:17] | Worker 33忙/3闲(91%)
[2026-08-08 11:23:56] [W-32] 🔗 [user0] 开始 Fork 链追踪 (ermaozi/ermaozi)
[2026-08-08 11:23:56] [W-32] ✅ 完成 [user0] ermaozi/ermaozi | 提取 0 | 新增 0 | 耗时 2s | 配额 3937/4800 03:23UTC | 主队列 36/200 发现队列 19/20000 [[fork1]:2 [user0]:17] | Worker 33忙/3闲(91%)
[2026-08-08 11:23:56] [W-32] 🔧 开始处理 [fork1] namewyf/ermaozi
[2026-08-08 11:23:57] [W-11] 🔗 [user0] 开始 Fork 链追踪 (ermaozi/vuepress-theme-plume)
[2026-08-08 11:23:57] [W-32] 📝 已处理缓存: namewyf/ermaozi
[2026-08-08 11:23:57] [W-32] ⏭️ [fork1] 仓库 https://github.com/namewyf/ermaozi 44055h 未更新，跳过解析（无需追踪）
[2026-08-08 11:23:57] [W-32] ✅ 完成 [fork1] namewyf/ermaozi | 提取 0 | 新增 0 | 耗时 1s | 配额 3935/4800 03:23UTC | 主队列 36/200 发现队列 18/20000 [[fork1]:1 [user0]:17] | Worker 33忙/3闲(91%)
[2026-08-08 11:23:57] [W-32] 🔧 开始处理 [种子仓库] WANGjs6736/v2rayN [种子 190/744]
[2026-08-08 11:23:57] [W-11]   [user0] 父仓库: pengzhanbo/vuepress-theme-plume
[2026-08-08 11:23:57] [W-11] [fork1] 仓库 https://github.com/pengzhanbo/vuepress-theme-plume (分支: main, size: 89495KB, pushed: 2026-08-07T16:17:36Z)
[2026-08-08 11:23:59] [W-32] ⏭️ [种子仓库] 仓库 https://github.com/WANGjs6736/v2rayN 已解析，跳过解析（无需追踪）
[2026-08-08 11:23:59] [W-32] ✅ 完成 [种子仓库] WANGjs6736/v2rayN [种子 190/744] | 提取 0 | 新增 0 | 耗时 2s | 配额 3933/4800 03:23UTC | 主队列 35/200 发现队列 18/20000 [[fork1]:1 [user0]:17] | Worker 33忙/3闲(91%)
[2026-08-08 11:23:59] [W-32] 🔧 开始处理 [fork1] shermanhk/ermaozi
[2026-08-08 11:24:00] [W-32] 📝 已处理缓存: shermanhk/ermaozi
[2026-08-08 11:24:00] [W-32] ⏭️ [fork1] 仓库 https://github.com/shermanhk/ermaozi 44055h 未更新，跳过解析（无需追踪）
[2026-08-08 11:24:00] [W-32] ✅ 完成 [fork1] shermanhk/ermaozi | 提取 0 | 新增 0 | 耗时 1s | 配额 3932/4800 03:24UTC | 主队列 35/200 发现队列 17/20000 [[user0]:17] | Worker 33忙/3闲(91%)
[2026-08-08 11:24:00] [W-32] 🔧 开始处理 [user0] ermaozi/blog
[2026-08-08 11:24:00] [W-32] ⏭️ [user0] 仓库 https://github.com/ermaozi/blog 32128h 未更新，跳过解析（需追踪）
[2026-08-08 11:24:00] [W-32] 🔗 [user0] 查子仓库: ermaozi/blog
[2026-08-08 11:24:01] [W-32]   🍴 子仓库: 5/5 个 → 主队列 35/200 发现队列 21/20000 [[fork1]:5 [user0]:16] | Worker 33忙/3闲(91%)
[2026-08-08 11:24:01] [W-32] 🔗 [user0] 开始 Fork 链追踪 (ermaozi/blog)
[2026-08-08 11:24:02] [W-32] ✅ 完成 [user0] ermaozi/blog | 提取 0 | 新增 0 | 耗时 2s | 配额 3930/4800 03:24UTC | 主队列 35/200 发现队列 21/20000 [[fork1]:5 [user0]:16] | Worker 33忙/3闲(91%)
[2026-08-08 11:24:02] [W-32] 🔧 开始处理 [fork1] fantaiying7/blog
[2026-08-08 11:24:03] [W-32] 📝 已处理缓存: fantaiying7/blog
[2026-08-08 11:24:03] [W-32] ⏭️ [fork1] 仓库 https://github.com/fantaiying7/blog 45432h 未更新，跳过解析（无需追踪）
[2026-08-08 11:24:03] [W-32] ✅ 完成 [fork1] fantaiying7/blog | 提取 0 | 新增 0 | 耗时 1s | 配额 3929/4800 03:24UTC | 主队列 35/200 发现队列 20/20000 [[fork1]:4 [user0]:16] | Worker 33忙/3闲(91%)
[2026-08-08 11:24:03] [W-32] 🔧 开始处理 [fork1] YiKeA/blog
[2026-08-08 11:24:03] [W-8] 📦 Partial Clone: 366 个文件（零 API 配额）
[2026-08-08 11:24:03] [W-14] 📦 Partial Clone: 366 个文件（零 API 配额）
[2026-08-08 11:24:04] [W-32] 📝 已处理缓存: YiKeA/blog
[2026-08-08 11:24:04] [W-32] ⏭️ [fork1] 仓库 https://github.com/YiKeA/blog 51492h 未更新，跳过解析（无需追踪）
[2026-08-08 11:24:04] [W-32] ✅ 完成 [fork1] YiKeA/blog | 提取 0 | 新增 0 | 耗时 1s | 配额 3928/4800 03:24UTC | 主队列 35/200 发现队列 19/20000 [[fork1]:3 [user0]:16] | Worker 31忙/5闲(86%)
[2026-08-08 11:24:04] [W-32] 🔧 开始处理 [fork1] xxt466522585/blog
[2026-08-08 11:24:05] [W-32] 📝 已处理缓存: xxt466522585/blog
[2026-08-08 11:24:05] [W-32] ⏭️ [fork1] 仓库 https://github.com/xxt466522585/blog 45432h 未更新，跳过解析（无需追踪）
[2026-08-08 11:24:05] [W-32] ✅ 完成 [fork1] xxt466522585/blog | 提取 0 | 新增 0 | 耗时 1s | 配额 3927/4800 03:24UTC | 主队列 35/200 发现队列 18/20000 [[fork1]:2 [user0]:16] | Worker 31忙/5闲(86%)
[2026-08-08 11:24:05] [W-32] 🔧 开始处理 [fork1] clashv2ray-hub/blog
[2026-08-08 11:24:06] [W-5] ⚠️ Partial Clone 异常: Command '['git', '-C', '/tmp/pclone_lb6oew8j', 'ls-tree', '-r', '-l', 'HEAD']' timed out after 300 seconds
[2026-08-08 11:24:07] [W-32] 📝 已处理缓存: clashv2ray-hub/blog
[2026-08-08 11:24:07] [W-32] ⏭️ [fork1] 仓库 https://github.com/clashv2ray-hub/blog 32128h 未更新，跳过解析（无需追踪）
[2026-08-08 11:24:07] [W-32] ✅ 完成 [fork1] clashv2ray-hub/blog | 提取 0 | 新增 0 | 耗时 2s | 配额 3926/4800 03:24UTC | 主队列 35/200 发现队列 17/20000 [[fork1]:1 [user0]:16] | Worker 30忙/6闲(83%)
[2026-08-08 11:24:07] [W-32] 🔧 开始处理 [fork1] kingshow-edu/blog
[2026-08-08 11:24:08] [W-32] 📝 已处理缓存: kingshow-edu/blog
[2026-08-08 11:24:08] [W-32] ⏭️ [fork1] 仓库 https://github.com/kingshow-edu/blog 32128h 未更新，跳过解析（无需追踪）
[2026-08-08 11:24:08] [W-32] ✅ 完成 [fork1] kingshow-edu/blog | 提取 0 | 新增 0 | 耗时 1s | 配额 3925/4800 03:24UTC | 主队列 35/200 发现队列 16/20000 [[user0]:16] | Worker 30忙/6闲(83%)
[2026-08-08 11:24:08] [W-32] 🔧 开始处理 [种子仓库] qaz-t/v2rayN [种子 191/744]
[2026-08-08 11:24:09] [W-32] ⏭️ [种子仓库] 仓库 https://github.com/qaz-t/v2rayN 已解析，跳过解析（无需追踪）
[2026-08-08 11:24:09] [W-32] ✅ 完成 [种子仓库] qaz-t/v2rayN [种子 191/744] | 提取 0 | 新增 0 | 耗时 1s | 配额 3924/4800 03:24UTC | 主队列 34/200 发现队列 16/20000 [[user0]:16] | Worker 30忙/6闲(83%)
[2026-08-08 11:24:09] [W-32] 🔧 开始处理 [user0] ermaozi/config
[2026-08-08 11:24:09] [W-32] ⏭️ [user0] 仓库 https://github.com/ermaozi/config 13392h 未更新，跳过解析（需追踪）
[2026-08-08 11:24:09] [W-32] 🔗 [user0] 查子仓库: ermaozi/config
[2026-08-08 11:24:10] [W-32] 🔗 [user0] 开始 Fork 链追踪 (ermaozi/config)
[2026-08-08 11:24:10] [W-32] ✅ 完成 [user0] ermaozi/config | 提取 0 | 新增 0 | 耗时 1s | 配额 3922/4800 03:24UTC | 主队列 34/200 发现队列 15/20000 [[user0]:15] | Worker 30忙/6闲(83%)
[2026-08-08 11:24:10] [W-32] 🔧 开始处理 [user0] ermaozi/OpenSourceNovel
[2026-08-08 11:24:11] [W-32] ⚠️ [user0] 仓库 https://github.com/ermaozi/OpenSourceNovel 大小为 0，跳过
[2026-08-08 11:24:11] [W-32] ✅ 完成 [user0] ermaozi/OpenSourceNovel | 提取 0 | 新增 0 | 耗时 1s | 配额 3921/4800 03:24UTC | 主队列 34/200 发现队列 14/20000 [[user0]:14] | Worker 30忙/6闲(83%)
[2026-08-08 11:24:11] [W-32] 🔧 开始处理 [user0] ermaozi/django_songs
[2026-08-08 11:24:11] [W-32] ⏭️ [user0] 仓库 https://github.com/ermaozi/django_songs 45222h 未更新，跳过解析（需追踪）
[2026-08-08 11:24:11] [W-32] 🔗 [user0] 查子仓库: ermaozi/django_songs
[2026-08-08 11:24:13] [W-32]   🍴 子仓库: 4/4 个 → 主队列 34/200 发现队列 17/20000 [[fork1]:4 [user0]:13] | Worker 30忙/6闲(83%)
[2026-08-08 11:24:13] [W-32] 🔗 [user0] 开始 Fork 链追踪 (ermaozi/django_songs)
[2026-08-08 11:24:13] [W-32] ✅ 完成 [user0] ermaozi/django_songs | 提取 0 | 新增 0 | 耗时 2s | 配额 3919/4800 03:24UTC | 主队列 34/200 发现队列 17/20000 [[fork1]:4 [user0]:13] | Worker 30忙/6闲(83%)
[2026-08-08 11:24:13] [W-32] 🔧 开始处理 [fork1] zengyue1233/django_songs
[2026-08-08 11:24:13] [W-32] 📝 已处理缓存: zengyue1233/django_songs
[2026-08-08 11:24:13] [W-32] ⏭️ [fork1] 仓库 https://github.com/zengyue1233/django_songs 65657h 未更新，跳过解析（无需追踪）
[2026-08-08 11:24:13] [W-32] ✅ 完成 [fork1] zengyue1233/django_songs | 提取 0 | 新增 0 | 耗时 0s | 配额 3919/4800 03:24UTC | 主队列 34/200 发现队列 16/20000 [[fork1]:3 [user0]:13] | Worker 30忙/6闲(83%)
[2026-08-08 11:24:13] [W-32] 🔧 开始处理 [fork1] JimyFengqi/django_songs
[2026-08-08 11:24:14] 📊 [03:24 UTC] 运行 378s
[2026-08-08 11:24:14]    CPU: 100% (负载 22.10/2核) | 内存: 14% (2.2/15.6GB) | 磁盘: 86.9/144GB 可用
[2026-08-08 11:24:14]    网络近60s: 总下载 0.05GB | 平均 0.93MB/s | 峰值 20.69MB/s
[2026-08-08 11:24:14]    API: 3919/4800 | 放行 179/分钟 | raw 432文件/2.2MB | clone 64仓库/3883文件
[2026-08-08 11:24:14]    进度: 种子 225/744 | 关键词 - | Code -
[2026-08-08 11:24:14]    主队列 34/200 发现队列 15/20000 [[fork1]:2 [user0]:13] | Worker 30忙/6闲(83%)
[2026-08-08 11:24:14]    Worker: 30忙/6闲(83%) | W-0 PartialClone ermaozi/ermao.net(37s) | W-1 PartialClone Raad63/v2rayNG-android(76s) | W-2 PartialClone mc-wiki/mcaf-resourcepack(58s) | W-3 PartialClone ermaozi/astro-theme-ermaozi(38s) | W-4 PartialClone tvheadend/tvheadend(58s) | W-5 空闲(7s) | W-6 PartialClone ayayime/v2rayNG(190s) | W-7 空闲(77s) | W-8 空闲(11s) | W-9 PartialClone sujun2021/v2rayNG(213s) | W-10 PartialClone ws94666ws/v2rayNG(77s) | W-11 PartialClone pengzhanbo/vuepress-theme-plume(10s) | W-12 空闲(314s) | W-13 PartialClone Superoldman96/v2rayNG(237s) | W-14 空闲(10s) | W-15 PartialClone ermaozi/ermao.org(37s) | W-16 PartialClone Yannik666/nodes(291s) | W-17 PartialClone maoxikun/v2rayNG(248s) | W-18 PartialClone iswhat/v2rayNG(243s) | W-19 PartialClone marstrix/v2rayNG(177s) | W-20 PartialClone xiechangan123/v2rayNG(238s) | W-21 PartialClone cysk003/v2rayNG(240s) | W-22 PartialClone xwcyg6/v2raynode(37s) | W-23 PartialClone cjxnxp/subs-check(77s) | W-24 空闲(77s) | W-25 PartialClone T00700/v2rayNG(189s) | W-26 PartialClone mengzhisuoliu/v2rayNG(195s) | W-27 PartialClone samling-jackyjyo/v2rayNG(208s) | W-28 PartialClone clash-verge-rev/clash-verge-rev(260s) | W-29 PartialClone ermaozi/ermaozi.org(37s) | W-30 PartialClone OmiSummy/v2rayNG(245s) | W-31 PartialClone ermaozi/pyjichang.com(37s) | W-32 处理 [fork1] JimyFengqi/django_songs(1s) | W-33 PartialClone clift190/v2rayN(258s) | W-34 PartialClone Super-Zoe/v2rayNG(178s) | W-35 PartialClone guguji666666/v2rayNG(11s)
[2026-08-08 11:24:14] [W-32] 📝 已处理缓存: JimyFengqi/django_songs
[2026-08-08 11:24:14] [W-32] ⏭️ [fork1] 仓库 https://github.com/JimyFengqi/django_songs 53829h 未更新，跳过解析（无需追踪）
[2026-08-08 11:24:14] [W-32] ✅ 完成 [fork1] JimyFengqi/django_songs | 提取 0 | 新增 0 | 耗时 1s | 配额 3918/4800 03:24UTC | 主队列 34/200 发现队列 15/20000 [[fork1]:2 [user0]:13] | Worker 30忙/6闲(83%)
[2026-08-08 11:24:14] [W-32] 🔧 开始处理 [fork1] Zoulf001/django_songs
[2026-08-08 11:24:15] [W-8] 仓库 https://github.com/2dust/v2rayNG 无候选文件 (总计 366 blob, 扩展名过滤 343, processed_shas 跳过 0, SHA 缓存跳过 23)
[2026-08-08 11:24:15] [W-8] ✅ 完成 [种子仓库] 2dust/v2rayNG [种子 112/744] | 提取 0 | 新增 0 | 耗时 261s | 配额 3918/4800 03:24UTC | 主队列 34/200 发现队列 14/20000 [[fork1]:1 [user0]:13] | Worker 30忙/6闲(83%)
[2026-08-08 11:24:15] [W-8] 🔧 开始处理 [种子仓库] GH6324/v2rayN [种子 192/744]
[2026-08-08 11:24:15] [W-32] 📝 已处理缓存: Zoulf001/django_songs
[2026-08-08 11:24:15] [W-32] ⏭️ [fork1] 仓库 https://github.com/Zoulf001/django_songs 45222h 未更新，跳过解析（无需追踪）
[2026-08-08 11:24:15] [W-32] ✅ 完成 [fork1] Zoulf001/django_songs | 提取 0 | 新增 0 | 耗时 1s | 配额 3917/4800 03:24UTC | 主队列 33/200 发现队列 14/20000 [[fork1]:1 [user0]:13] | Worker 31忙/5闲(86%)
[2026-08-08 11:24:15] [W-32] 🔧 开始处理 [fork1] wlgqfy/django_songs
[2026-08-08 11:24:16] [W-8] ⏭️ [种子仓库] 仓库 https://github.com/GH6324/v2rayN 已解析，跳过解析（无需追踪）
[2026-08-08 11:24:16] [W-8] ✅ 完成 [种子仓库] GH6324/v2rayN [种子 192/744] | 提取 0 | 新增 0 | 耗时 1s | 配额 3916/4800 03:24UTC | 主队列 33/200 发现队列 13/20000 [[user0]:13] | Worker 31忙/5闲(86%)
[2026-08-08 11:24:16] [W-14] 仓库 https://github.com/clift190/v2rayNG 无候选文件 (总计 366 blob, 扩展名过滤 343, processed_shas 跳过 0, SHA 缓存跳过 23)
[2026-08-08 11:24:16] [W-14] ✅ 完成 [种子仓库] clift190/v2rayNG [种子 111/744] | 提取 0 | 新增 0 | 耗时 262s | 配额 3916/4800 03:24UTC | 主队列 33/200 发现队列 12/20000 [[user0]:12] | Worker 30忙/6闲(83%)
[2026-08-08 11:24:16] [W-14] 🔧 开始处理 [种子仓库] dumpmemory/v2rayN [种子 193/744]
[2026-08-08 11:24:16] [W-8] 🔧 开始处理 [user0] ermaozi/sample-database
[2026-08-08 11:24:17] [W-32] 📝 已处理缓存: wlgqfy/django_songs
[2026-08-08 11:24:17] [W-32] ⏭️ [fork1] 仓库 https://github.com/wlgqfy/django_songs 45222h 未更新，跳过解析（无需追踪）
[2026-08-08 11:24:17] [W-32] ✅ 完成 [fork1] wlgqfy/django_songs | 提取 0 | 新增 0 | 耗时 1s | 配额 3915/4800 03:24UTC | 主队列 32/200 发现队列 12/20000 [[user0]:12] | Worker 32忙/4闲(88%)
[2026-08-08 11:24:17] [W-32] 🔧 开始处理 [user0] ermaozi/liar
[2026-08-08 11:24:17] [W-14] ⏭️ [种子仓库] 仓库 https://github.com/dumpmemory/v2rayN 已解析，跳过解析（无需追踪）
[2026-08-08 11:24:17] [W-14] ✅ 完成 [种子仓库] dumpmemory/v2rayN [种子 193/744] | 提取 0 | 新增 0 | 耗时 1s | 配额 3914/4800 03:24UTC | 主队列 32/200 发现队列 11/20000 [[user0]:11] | Worker 32忙/4闲(88%)
[2026-08-08 11:24:17] [W-14] 🔧 开始处理 [user0] ermaozi/python
[2026-08-08 11:24:17] [W-14] ⏭️ [user0] 仓库 https://github.com/ermaozi/python 34537h 未更新，跳过解析（需追踪）
[2026-08-08 11:24:17] [W-14] 🔗 [user0] 查子仓库: ermaozi/python
[2026-08-08 11:24:18] [W-8] ⏭️ [user0] 仓库 https://github.com/ermaozi/sample-database 24702h 未更新，跳过解析（需追踪）
[2026-08-08 11:24:18] [W-8] 🔗 [user0] 查子仓库: ermaozi/sample-database
[2026-08-08 11:24:18] [W-8] 🔗 [user0] 开始 Fork 链追踪 (ermaozi/sample-database)
[2026-08-08 11:24:18] [W-32] ⚠️ [user0] 仓库 https://github.com/ermaozi/liar 大小为 0，跳过
[2026-08-08 11:24:18] [W-32] ✅ 完成 [user0] ermaozi/liar | 提取 0 | 新增 0 | 耗时 1s | 配额 3911/4800 03:24UTC | 主队列 32/200 发现队列 10/20000 [[user0]:10] | Worker 32忙/4闲(88%)
[2026-08-08 11:24:18] [W-32] 🔧 开始处理 [种子仓库] A-Archives-and-Forks/v2rayN [种子 194/744]
[2026-08-08 11:24:19] [W-14] 🔗 [user0] 开始 Fork 链追踪 (ermaozi/python)
[2026-08-08 11:24:19] [W-8]   [user0] 父仓库: ipinfo/sample-database
[2026-08-08 11:24:19] [W-8] 📝 已处理缓存: ipinfo/sample-database
[2026-08-08 11:24:19] [W-8] ⏭️ [fork1] 仓库 https://github.com/ipinfo/sample-database 86h 未更新，跳过解析（无需追踪）
[2026-08-08 11:24:19] [W-8]   父仓库 +0 个节点
[2026-08-08 11:24:20] [W-17] 📦 Partial Clone: 366 个文件（零 API 配额）
[2026-08-08 11:24:20] [W-14] ✅ 完成 [user0] ermaozi/python | 提取 0 | 新增 0 | 耗时 2s | 配额 3907/4800 03:24UTC | 主队列 31/200 发现队列 10/20000 [[user0]:10] | Worker 31忙/5闲(86%)
[2026-08-08 11:24:20] [W-14] 🔧 开始处理 [user0] ermaozi/meme
[2026-08-08 11:24:20] [W-14] ⏭️ [user0] 仓库 https://github.com/ermaozi/meme 39647h 未更新，跳过解析（需追踪）
[2026-08-08 11:24:20] [W-14] 🔗 [user0] 查子仓库: ermaozi/meme
[2026-08-08 11:24:20] [W-32] ⏭️ [种子仓库] 仓库 https://github.com/A-Archives-and-Forks/v2rayN 已解析，跳过解析（无需追踪）
[2026-08-08 11:24:20] [W-32] ✅ 完成 [种子仓库] A-Archives-and-Forks/v2rayN [种子 194/744] | 提取 0 | 新增 0 | 耗时 2s | 配额 3906/4800 03:24UTC | 主队列 31/200 发现队列 9/20000 [[user0]:9] | Worker 31忙/5闲(86%)
[2026-08-08 11:24:20] [W-32] 🔧 开始处理 [user0] ermaozi/docker-go-cqhttp
[2026-08-08 11:24:20] [W-32] ⏭️ [user0] 仓库 https://github.com/ermaozi/docker-go-cqhttp 39818h 未更新，跳过解析（需追踪）
[2026-08-08 11:24:20] [W-32] 🔗 [user0] 查子仓库: ermaozi/docker-go-cqhttp
[2026-08-08 11:24:21] [W-8]   🍴 兄弟仓库: 33/34 个 → 主队列 31/200 发现队列 41/20000 [[fork1]:33 [user0]:8] | Worker 31忙/5闲(86%)
[2026-08-08 11:24:21] [W-8] ✅ 完成 [user0] ermaozi/sample-database | 提取 0 | 新增 0 | 耗时 5s | 配额 3905/4800 03:24UTC | 主队列 31/200 发现队列 41/20000 [[fork1]:33 [user0]:8] | Worker 31忙/5闲(86%)
[2026-08-08 11:24:21] [W-8] 🔧 开始处理 [fork1] informaticacba/ipinfo-sample-database
[2026-08-08 11:24:21] [W-5] Clone-First clone 失败，放弃（Contents 已关闭）
[2026-08-08 11:24:21] [W-5] ✅ 完成 [raw1] mahdibland/V2RayAggregator | 提取 0 | 新增 0 | 耗时 317s | 配额 3905/4800 03:24UTC | 主队列 31/200 发现队列 40/20000 [[fork1]:32 [user0]:8] | Worker 31忙/5闲(86%)
[2026-08-08 11:24:21] [W-5] 🔧 开始处理 [种子仓库] windzyyy/v2rayN [种子 195/744]
[2026-08-08 11:24:21] [W-14] 🔗 [user0] 开始 Fork 链追踪 (ermaozi/meme)
[2026-08-08 11:24:22] [W-32] 🔗 [user0] 开始 Fork 链追踪 (ermaozi/docker-go-cqhttp)
[2026-08-08 11:24:22] [W-14] ✅ 完成 [user0] ermaozi/meme | 提取 0 | 新增 0 | 耗时 2s | 配额 3902/4800 03:24UTC | 主队列 30/200 发现队列 40/20000 [[fork1]:32 [user0]:8] | Worker 32忙/4闲(88%)
[2026-08-08 11:24:22] [W-14] 🔧 开始处理 [fork1] klao54/sample-database
[2026-08-08 11:24:22] [W-32] ✅ 完成 [user0] ermaozi/docker-go-cqhttp | 提取 0 | 新增 0 | 耗时 2s | 配额 3901/4800 03:24UTC | 主队列 30/200 发现队列 39/20000 [[fork1]:31 [user0]:8] | Worker 32忙/4闲(88%)
[2026-08-08 11:24:22] [W-32] 🔧 开始处理 [fork1] KrzysioMisio/sample-database
[2026-08-08 11:24:23] [W-5] ⏭️ [种子仓库] 仓库 https://github.com/windzyyy/v2rayN 已解析，跳过解析（无需追踪）
[2026-08-08 11:24:23] [W-5] ✅ 完成 [种子仓库] windzyyy/v2rayN [种子 195/744] | 提取 0 | 新增 0 | 耗时 1s | 配额 3900/4800 03:24UTC | 主队列 30/200 发现队列 38/20000 [[fork1]:30 [user0]:8] | Worker 32忙/4闲(88%)
[2026-08-08 11:24:23] [W-5] 🔧 开始处理 [fork1] miemiy/sample-database
[2026-08-08 11:24:23] [W-8] 📝 已处理缓存: informaticacba/ipinfo-sample-database
[2026-08-08 11:24:23] [W-8] ⏭️ [fork1] 仓库 https://github.com/informaticacba/ipinfo-sample-database 32081h 未更新，跳过解析（无需追踪）
[2026-08-08 11:24:23] [W-8] ✅ 完成 [fork1] informaticacba/ipinfo-sample-database | 提取 0 | 新增 0 | 耗时 2s | 配额 3899/4800 03:24UTC | 主队列 30/200 发现队列 37/20000 [[fork1]:29 [user0]:8] | Worker 32忙/4闲(88%)
[2026-08-08 11:24:23] [W-14] 📝 已处理缓存: klao54/sample-database
[2026-08-08 11:24:23] [W-14] ⏭️ [fork1] 仓库 https://github.com/klao54/sample-database 7583h 未更新，跳过解析（无需追踪）
[2026-08-08 11:24:23] [W-14] ✅ 完成 [fork1] klao54/sample-database | 提取 0 | 新增 0 | 耗时 1s | 配额 3898/4800 03:24UTC | 主队列 30/200 发现队列 36/20000 [[fork1]:28 [user0]:8] | Worker 31忙/5闲(86%)
[2026-08-08 11:24:23] [W-8] 🔧 开始处理 [fork1] Ale7711/sample-database
[2026-08-08 11:24:23] [W-32] 📝 已处理缓存: KrzysioMisio/sample-database
[2026-08-08 11:24:23] [W-32] ⏭️ [fork1] 仓库 https://github.com/KrzysioMisio/sample-database 16742h 未更新，跳过解析（无需追踪）
[2026-08-08 11:24:23] [W-32] ✅ 完成 [fork1] KrzysioMisio/sample-database | 提取 0 | 新增 0 | 耗时 1s | 配额 3897/4800 03:24UTC | 主队列 30/200 发现队列 35/20000 [[fork1]:27 [user0]:8] | Worker 31忙/5闲(86%)
[2026-08-08 11:24:23] [W-32] 🔧 开始处理 [fork1] IT-Enthusiast-NP/sample-database
[2026-08-08 11:24:23] [W-14] 🔧 开始处理 [fork1] gardendecoratio/sample-database
[2026-08-08 11:24:24] [W-30] 📦 Partial Clone: 366 个文件（零 API 配额）
[2026-08-08 11:24:24] [W-5] 📝 已处理缓存: miemiy/sample-database
[2026-08-08 11:24:24] [W-5] ⏭️ [fork1] 仓库 https://github.com/miemiy/sample-database 17007h 未更新，跳过解析（无需追踪）
[2026-08-08 11:24:24] [W-5] ✅ 完成 [fork1] miemiy/sample-database | 提取 0 | 新增 0 | 耗时 2s | 配额 3896/4800 03:24UTC | 主队列 30/200 发现队列 34/20000 [[fork1]:26 [user0]:8] | Worker 31忙/5闲(86%)
[2026-08-08 11:24:24] [W-5] 🔧 开始处理 [fork1] nesbittmercy862/sample-database
[2026-08-08 11:24:25] [W-14] 📝 已处理缓存: gardendecoratio/sample-database
[2026-08-08 11:24:25] [W-14] ⏭️ [fork1] 仓库 https://github.com/gardendecoratio/sample-database 15014h 未更新，跳过解析（无需追踪）
[2026-08-08 11:24:25] [W-14] ✅ 完成 [fork1] gardendecoratio/sample-database | 提取 0 | 新增 0 | 耗时 1s | 配额 3895/4800 03:24UTC | 主队列 30/200 发现队列 33/20000 [[fork1]:25 [user0]:8] | Worker 31忙/5闲(86%)
[2026-08-08 11:24:25] [W-14] 🔧 开始处理 [fork1] manligadre/sample-database
[2026-08-08 11:24:25] [W-8] 📝 已处理缓存: Ale7711/sample-database
[2026-08-08 11:24:25] [W-8] ⏭️ [fork1] 仓库 https://github.com/Ale7711/sample-database 15567h 未更新，跳过解析（无需追踪）
[2026-08-08 11:24:25] [W-8] ✅ 完成 [fork1] Ale7711/sample-database | 提取 0 | 新增 0 | 耗时 2s | 配额 3894/4800 03:24UTC | 主队列 30/200 发现队列 32/20000 [[fork1]:24 [user0]:8] | Worker 31忙/5闲(86%)
[2026-08-08 11:24:25] [W-8] 🔧 开始处理 [fork1] Devanjan10/sample-database
[2026-08-08 11:24:25] [W-16] ⚠️ Partial Clone 异常: Command '['git', '-C', '/tmp/pclone_v_4fla7u', 'ls-tree', '-r', '-l', 'HEAD']' timed out after 300 seconds
[2026-08-08 11:24:25] [W-32] 📝 已处理缓存: IT-Enthusiast-NP/sample-database
[2026-08-08 11:24:25] [W-32] ⏭️ [fork1] 仓库 https://github.com/IT-Enthusiast-NP/sample-database 13307h 未更新，跳过解析（无需追踪）
[2026-08-08 11:24:25] [W-32] ✅ 完成 [fork1] IT-Enthusiast-NP/sample-database | 提取 0 | 新增 0 | 耗时 2s | 配额 3893/4800 03:24UTC | 主队列 30/200 发现队列 31/20000 [[fork1]:23 [user0]:8] | Worker 30忙/6闲(83%)
[2026-08-08 11:24:25] [W-32] 🔧 开始处理 [fork1] Jofernmorais333/sample-database
[2026-08-08 11:24:25] [W-18] 📦 Partial Clone: 366 个文件（零 API 配额）
[2026-08-08 11:24:26] [W-8] 📝 已处理缓存: Devanjan10/sample-database
[2026-08-08 11:24:26] [W-8] ⏭️ [fork1] 仓库 https://github.com/Devanjan10/sample-database 10188h 未更新，跳过解析（无需追踪）
[2026-08-08 11:24:26] [W-8] ✅ 完成 [fork1] Devanjan10/sample-database | 提取 0 | 新增 0 | 耗时 1s | 配额 3892/4800 03:24UTC | 主队列 30/200 发现队列 30/20000 [[fork1]:22 [user0]:8] | Worker 29忙/7闲(80%)
[2026-08-08 11:24:26] [W-5] 📝 已处理缓存: nesbittmercy862/sample-database
[2026-08-08 11:24:26] [W-5] ⏭️ [fork1] 仓库 https://github.com/nesbittmercy862/sample-database 12170h 未更新，跳过解析（无需追踪）
[2026-08-08 11:24:26] [W-5] ✅ 完成 [fork1] nesbittmercy862/sample-database | 提取 0 | 新增 0 | 耗时 2s | 配额 3891/4800 03:24UTC | 主队列 29/200 发现队列 30/20000 [[fork1]:22 [user0]:8] | Worker 28忙/8闲(77%)
[2026-08-08 11:24:26] [W-5] 🔧 开始处理 [fork1] alexseman/ipinfo-sample-db
[2026-08-08 11:24:26] [W-8] 🔧 开始处理 [种子仓库] woyin/v2rayN [种子 196/744]
[2026-08-08 11:24:26] [W-21] 📦 Partial Clone: 366 个文件（零 API 配额）
[2026-08-08 11:24:26] [W-32] 📝 已处理缓存: Jofernmorais333/sample-database
[2026-08-08 11:24:26] [W-32] ⏭️ [fork1] 仓库 https://github.com/Jofernmorais333/sample-database 8817h 未更新，跳过解析（无需追踪）
[2026-08-08 11:24:26] [W-32] ✅ 完成 [fork1] Jofernmorais333/sample-database | 提取 0 | 新增 0 | 耗时 1s | 配额 3890/4800 03:24UTC | 主队列 29/200 发现队列 29/20000 [[fork1]:21 [user0]:8] | Worker 28忙/8闲(77%)
[2026-08-08 11:24:26] [W-14] 📝 已处理缓存: manligadre/sample-database
[2026-08-08 11:24:26] [W-14] ⏭️ [fork1] 仓库 https://github.com/manligadre/sample-database 10404h 未更新，跳过解析（无需追踪）
[2026-08-08 11:24:26] [W-14] ✅ 完成 [fork1] manligadre/sample-database | 提取 0 | 新增 0 | 耗时 2s | 配额 3889/4800 03:24UTC | 主队列 29/200 发现队列 28/20000 [[fork1]:20 [user0]:8] | Worker 27忙/9闲(75%)
[2026-08-08 11:24:27] [W-32] 🔧 开始处理 [fork1] ausboymax/sample-database-ausboymax597
[2026-08-08 11:24:26] [W-14] 🔧 开始处理 [种子仓库] ppker/v2rayN [种子 197/744]
[2026-08-08 11:24:28] repo info (ausboymax/sample-database-ausboymax597) 404，跳过
[2026-08-08 11:24:28] [W-32] 🔍 仓库 ausboymax/sample-database-ausboymax597 不存在（404），追踪用户
[2026-08-08 11:24:28] [W-32] 👤 [fork1] 遍历用户仓库: ausboymax
[2026-08-08 11:24:28] [W-5] 📝 已处理缓存: alexseman/ipinfo-sample-db
[2026-08-08 11:24:28] [W-5] ⏭️ [fork1] 仓库 https://github.com/alexseman/ipinfo-sample-db 7640h 未更新，跳过解析（无需追踪）
[2026-08-08 11:24:28] [W-5] ✅ 完成 [fork1] alexseman/ipinfo-sample-db | 提取 0 | 新增 0 | 耗时 1s | 配额 3887/4800 03:24UTC | 主队列 28/200 发现队列 28/20000 [[fork1]:20 [user0]:8] | Worker 28忙/8闲(77%)
[2026-08-08 11:24:28] [W-5] 🔧 开始处理 [fork1] mehedihasanziku/sample-database
[2026-08-08 11:24:28] [W-14] ⏭️ [种子仓库] 仓库 https://github.com/ppker/v2rayN 已解析，跳过解析（无需追踪）
[2026-08-08 11:24:28] [W-14] ✅ 完成 [种子仓库] ppker/v2rayN [种子 197/744] | 提取 0 | 新增 0 | 耗时 1s | 配额 3886/4800 03:24UTC | 主队列 28/200 发现队列 27/20000 [[fork1]:19 [user0]:8] | Worker 28忙/8闲(77%)
[2026-08-08 11:24:28] [W-14] 🔧 开始处理 [fork1] gabrieluduakobong07-maker/sample-database
[2026-08-08 11:24:28] [W-8] ⏭️ [种子仓库] 仓库 https://github.com/woyin/v2rayN 已解析，跳过解析（无需追踪）
[2026-08-08 11:24:28] [W-8] ✅ 完成 [种子仓库] woyin/v2rayN [种子 196/744] | 提取 0 | 新增 0 | 耗时 1s | 配额 3885/4800 03:24UTC | 主队列 28/200 发现队列 26/20000 [[fork1]:18 [user0]:8] | Worker 28忙/8闲(77%)
[2026-08-08 11:24:28] [W-8] 🔧 开始处理 [fork1] martimlopes4110-spec/sample-database
[2026-08-08 11:24:28] [W-32]   用户 ausboymax 共查 0 个仓库
[2026-08-08 11:24:28] [W-32] ✅ 完成 [fork1] ausboymax/sample-database-ausboymax597 | 提取 0 | 新增 0 | 耗时 2s | 配额 3884/4800 03:24UTC | 主队列 28/200 发现队列 25/20000 [[fork1]:17 [user0]:8] | Worker 28忙/8闲(77%)
[2026-08-08 11:24:28] [W-32] 🔧 开始处理 [fork1] onion3internet/sample-database
[2026-08-08 11:24:29] [W-8] 📝 已处理缓存: martimlopes4110-spec/sample-database
[2026-08-08 11:24:29] [W-8] ⏭️ [fork1] 仓库 https://github.com/martimlopes4110-spec/sample-database 4822h 未更新，跳过解析（无需追踪）
[2026-08-08 11:24:29] [W-8] ✅ 完成 [fork1] martimlopes4110-spec/sample-database | 提取 0 | 新增 0 | 耗时 1s | 配额 3883/4800 03:24UTC | 主队列 28/200 发现队列 24/20000 [[fork1]:16 [user0]:8] | Worker 28忙/8闲(77%)
[2026-08-08 11:24:29] [W-8] 🔧 开始处理 [fork1] takakorjok-hashboyaboy/sample-database
[2026-08-08 11:24:29] [W-5] 📝 已处理缓存: mehedihasanziku/sample-database
[2026-08-08 11:24:29] [W-5] ⏭️ [fork1] 仓库 https://github.com/mehedihasanziku/sample-database 5796h 未更新，跳过解析（无需追踪）
[2026-08-08 11:24:29] [W-5] ✅ 完成 [fork1] mehedihasanziku/sample-database | 提取 0 | 新增 0 | 耗时 1s | 配额 3882/4800 03:24UTC | 主队列 28/200 发现队列 23/20000 [[fork1]:15 [user0]:8] | Worker 28忙/8闲(77%)
[2026-08-08 11:24:29] [W-5] 🔧 开始处理 [fork1] upxnoops/IP_sample-database
[2026-08-08 11:24:30] [W-14] 📝 已处理缓存: gabrieluduakobong07-maker/sample-database
[2026-08-08 11:24:30] [W-14] ⏭️ [fork1] 仓库 https://github.com/gabrieluduakobong07-maker/sample-database 5095h 未更新，跳过解析（无需追踪）
[2026-08-08 11:24:30] [W-14] ✅ 完成 [fork1] gabrieluduakobong07-maker/sample-database | 提取 0 | 新增 0 | 耗时 2s | 配额 3881/4800 03:24UTC | 主队列 28/200 发现队列 22/20000 [[fork1]:14 [user0]:8] | Worker 28忙/8闲(77%)
[2026-08-08 11:24:30] [W-14] 🔧 开始处理 [fork1] uottoni/sample-database
[2026-08-08 11:24:30] [W-32] 📝 已处理缓存: onion3internet/sample-database
[2026-08-08 11:24:30] [W-32] ⏭️ [fork1] 仓库 https://github.com/onion3internet/sample-database 790h 未更新，跳过解析（无需追踪）
[2026-08-08 11:24:30] [W-32] ✅ 完成 [fork1] onion3internet/sample-database | 提取 0 | 新增 0 | 耗时 2s | 配额 3880/4800 03:24UTC | 主队列 28/200 发现队列 21/20000 [[fork1]:13 [user0]:8] | Worker 28忙/8闲(77%)
[2026-08-08 11:24:30] [W-32] 🔧 开始处理 [种子仓库] chenlong622/v2rayN [种子 198/744]
[2026-08-08 11:24:30] [W-13] 📦 Partial Clone: 366 个文件（零 API 配额）
[2026-08-08 11:24:30] [W-5] 📝 已处理缓存: upxnoops/IP_sample-database
[2026-08-08 11:24:30] [W-5] ⏭️ [fork1] 仓库 https://github.com/upxnoops/IP_sample-database 33006h 未更新，跳过解析（无需追踪）
[2026-08-08 11:24:30] [W-5] ✅ 完成 [fork1] upxnoops/IP_sample-database | 提取 0 | 新增 0 | 耗时 1s | 配额 3879/4800 03:24UTC | 主队列 27/200 发现队列 21/20000 [[fork1]:13 [user0]:8] | Worker 27忙/9闲(75%)
[2026-08-08 11:24:30] [W-5] 🔧 开始处理 [fork1] gashia00/sample-database
[2026-08-08 11:24:30] [W-8] 📝 已处理缓存: takakorjok-hashboyaboy/sample-database
[2026-08-08 11:24:30] [W-8] ⏭️ [fork1] 仓库 https://github.com/takakorjok-hashboyaboy/sample-database 540h 未更新，跳过解析（无需追踪）
[2026-08-08 11:24:30] [W-8] ✅ 完成 [fork1] takakorjok-hashboyaboy/sample-database | 提取 0 | 新增 0 | 耗时 2s | 配额 3878/4800 03:24UTC | 主队列 27/200 发现队列 20/20000 [[fork1]:12 [user0]:8] | Worker 27忙/9闲(75%)
[2026-08-08 11:24:31] [W-8] 🔧 开始处理 [fork1] Elif2344/sample-database
[2026-08-08 11:24:31] [W-32] ⏭️ [种子仓库] 仓库 https://github.com/chenlong622/v2rayN 已解析，跳过解析（无需追踪）
[2026-08-08 11:24:31] [W-32] ✅ 完成 [种子仓库] chenlong622/v2rayN [种子 198/744] | 提取 0 | 新增 0 | 耗时 1s | 配额 3877/4800 03:24UTC | 主队列 27/200 发现队列 19/20000 [[fork1]:11 [user0]:8] | Worker 27忙/9闲(75%)
[2026-08-08 11:24:31] [W-32] 🔧 开始处理 [fork1] Moo0oodi99/sample-database
[2026-08-08 11:24:31] [W-14] 📝 已处理缓存: uottoni/sample-database
[2026-08-08 11:24:31] [W-14] ⏭️ [fork1] 仓库 https://github.com/uottoni/sample-database 21787h 未更新，跳过解析（无需追踪）
[2026-08-08 11:24:31] [W-14] ✅ 完成 [fork1] uottoni/sample-database | 提取 0 | 新增 0 | 耗时 2s | 配额 3876/4800 03:24UTC | 主队列 27/200 发现队列 18/20000 [[fork1]:10 [user0]:8] | Worker 27忙/9闲(75%)
[2026-08-08 11:24:31] [W-14] 🔧 开始处理 [fork1] GitWebosta/sample-database
[2026-08-08 11:24:32] [W-5] 📝 已处理缓存: gashia00/sample-database
[2026-08-08 11:24:32] [W-5] ⏭️ [fork1] 仓库 https://github.com/gashia00/sample-database 23159h 未更新，跳过解析（无需追踪）
[2026-08-08 11:24:32] [W-5] ✅ 完成 [fork1] gashia00/sample-database | 提取 0 | 新增 0 | 耗时 2s | 配额 3875/4800 03:24UTC | 主队列 27/200 发现队列 17/20000 [[fork1]:9 [user0]:8] | Worker 27忙/9闲(75%)
[2026-08-08 11:24:32] [W-32] 📝 已处理缓存: Moo0oodi99/sample-database
[2026-08-08 11:24:32] [W-32] ⏭️ [fork1] 仓库 https://github.com/Moo0oodi99/sample-database 24066h 未更新，跳过解析（无需追踪）
[2026-08-08 11:24:32] [W-32] ✅ 完成 [fork1] Moo0oodi99/sample-database | 提取 0 | 新增 0 | 耗时 1s | 配额 3874/4800 03:24UTC | 主队列 26/200 发现队列 17/20000 [[fork1]:9 [user0]:8] | Worker 26忙/10闲(72%)
[2026-08-08 11:24:32] [W-32] 🔧 开始处理 [fork1] alinisha47/sample-database
[2026-08-08 11:24:32] [W-5] 🔧 开始处理 [种子仓库] 88alt/v2rayNG [种子 199/744]
[2026-08-08 11:24:33] [W-14] 📝 已处理缓存: GitWebosta/sample-database
[2026-08-08 11:24:33] [W-14] ⏭️ [fork1] 仓库 https://github.com/GitWebosta/sample-database 25079h 未更新，跳过解析（无需追踪）
[2026-08-08 11:24:33] [W-14] ✅ 完成 [fork1] GitWebosta/sample-database | 提取 0 | 新增 0 | 耗时 1s | 配额 3873/4800 03:24UTC | 主队列 26/200 发现队列 16/20000 [[fork1]:8 [user0]:8] | Worker 27忙/9闲(75%)
[2026-08-08 11:24:33] [W-8] 📝 已处理缓存: Elif2344/sample-database
[2026-08-08 11:24:33] [W-8] ⏭️ [fork1] 仓库 https://github.com/Elif2344/sample-database 23910h 未更新，跳过解析（无需追踪）
[2026-08-08 11:24:33] [W-8] ✅ 完成 [fork1] Elif2344/sample-database | 提取 0 | 新增 0 | 耗时 2s | 配额 3872/4800 03:24UTC | 主队列 26/200 发现队列 15/20000 [[fork1]:7 [user0]:8] | Worker 26忙/10闲(72%)
[2026-08-08 11:24:33] [W-8] 🔧 开始处理 [fork1] Montyc666/sample-database
[2026-08-08 11:24:33] [W-14] 🔧 开始处理 [fork1] Sutrace/sample-database
[2026-08-08 11:24:33] [W-17] 仓库 https://github.com/maoxikun/v2rayNG 无候选文件 (总计 366 blob, 扩展名过滤 343, processed_shas 跳过 0, SHA 缓存跳过 23)
[2026-08-08 11:24:33] [W-17] ✅ 完成 [种子仓库] maoxikun/v2rayNG [种子 121/744] | 提取 0 | 新增 0 | 耗时 269s | 配额 3872/4800 03:24UTC | 主队列 26/200 发现队列 14/20000 [[fork1]:6 [user0]:8] | Worker 27忙/9闲(75%)
[2026-08-08 11:24:33] [W-17] 🔧 开始处理 [种子仓库] 88alt/v2rayN [种子 200/744]
[2026-08-08 11:24:33] repo info (alinisha47/sample-database) 404，跳过
[2026-08-08 11:24:33] [W-32] 🔍 仓库 alinisha47/sample-database 不存在（404），追踪用户
[2026-08-08 11:24:33] [W-32] 👤 [fork1] 遍历用户仓库: alinisha47
[2026-08-08 11:24:34] [W-32]   用户 alinisha47 共查 0 个仓库
[2026-08-08 11:24:34] [W-32] ✅ 完成 [fork1] alinisha47/sample-database | 提取 0 | 新增 0 | 耗时 1s | 配额 3870/4800 03:24UTC | 主队列 25/200 发现队列 14/20000 [[fork1]:6 [user0]:8] | Worker 28忙/8闲(77%)
[2026-08-08 11:24:34] [W-32] 🔧 开始处理 [fork1] sekuryti/sample-database
[2026-08-08 11:24:34] repo info (Montyc666/sample-database) 404，跳过
[2026-08-08 11:24:34] [W-8] 🔍 仓库 Montyc666/sample-database 不存在（404），追踪用户
[2026-08-08 11:24:34] [W-8] 👤 [fork1] 遍历用户仓库: Montyc666
[2026-08-08 11:24:34] [W-5] [种子仓库] 仓库 https://github.com/88alt/v2rayNG (分支: master, size: 36740KB, pushed: 2026-08-07T23:32:04Z)
[2026-08-08 11:24:34] [W-8]   用户 Montyc666 共查 0 个仓库
[2026-08-08 11:24:34] [W-8] ✅ 完成 [fork1] Montyc666/sample-database | 提取 0 | 新增 0 | 耗时 1s | 配额 3867/4800 03:24UTC | 主队列 25/200 发现队列 13/20000 [[fork1]:5 [user0]:8] | Worker 28忙/8闲(77%)
[2026-08-08 11:24:34] [W-17] ⏭️ [种子仓库] 仓库 https://github.com/88alt/v2rayN 已解析，跳过解析（无需追踪）
[2026-08-08 11:24:34] [W-17] ✅ 完成 [种子仓库] 88alt/v2rayN [种子 200/744] | 提取 0 | 新增 0 | 耗时 1s | 配额 3866/4800 03:24UTC | 主队列 25/200 发现队列 12/20000 [[fork1]:4 [user0]:8] | Worker 27忙/9闲(75%)
[2026-08-08 11:24:34] [W-17] 🔧 开始处理 [fork1] Xfofo/sample-database
[2026-08-08 11:24:34] [W-8] 🔧 开始处理 [fork1] Bonavucci99/sample-database
[2026-08-08 11:24:34] repo info (Sutrace/sample-database) 404，跳过
[2026-08-08 11:24:34] [W-14] 🔍 仓库 Sutrace/sample-database 不存在（404），追踪用户
[2026-08-08 11:24:34] [W-14] 👤 [fork1] 遍历用户仓库: Sutrace
[2026-08-08 11:24:35] [W-14]   用户 Sutrace 共查 0 个仓库
[2026-08-08 11:24:35] [W-14] ✅ 完成 [fork1] Sutrace/sample-database | 提取 0 | 新增 0 | 耗时 2s | 配额 3864/4800 03:24UTC | 主队列 25/200 发现队列 11/20000 [[fork1]:3 [user0]:8] | Worker 28忙/8闲(77%)
[2026-08-08 11:24:35] [W-14] 🔧 开始处理 [fork1] SpotlightOralCare/sample-database
[2026-08-08 11:24:35] [W-32] 📝 已处理缓存: sekuryti/sample-database
[2026-08-08 11:24:35] [W-32] ⏭️ [fork1] 仓库 https://github.com/sekuryti/sample-database 28277h 未更新，跳过解析（无需追踪）
[2026-08-08 11:24:35] [W-32] ✅ 完成 [fork1] sekuryti/sample-database | 提取 0 | 新增 0 | 耗时 2s | 配额 3863/4800 03:24UTC | 主队列 25/200 发现队列 10/20000 [[fork1]:2 [user0]:8] | Worker 28忙/8闲(77%)
[2026-08-08 11:24:36] [W-17] 📝 已处理缓存: Xfofo/sample-database
[2026-08-08 11:24:36] [W-17] ⏭️ [fork1] 仓库 https://github.com/Xfofo/sample-database 29407h 未更新，跳过解析（无需追踪）
[2026-08-08 11:24:36] [W-17] ✅ 完成 [fork1] Xfofo/sample-database | 提取 0 | 新增 0 | 耗时 1s | 配额 3862/4800 03:24UTC | 主队列 25/200 发现队列 9/20000 [[fork1]:1 [user0]:8] | Worker 28忙/8闲(77%)
[2026-08-08 11:24:35] [W-32] 🔧 开始处理 [fork1] sitedata/sample-database
[2026-08-08 11:24:36] [W-17] 🔧 开始处理 [fork1] abdullahdevrel/sample-database
[2026-08-08 11:24:36] repo info (Bonavucci99/sample-database) 404，跳过
[2026-08-08 11:24:36] [W-8] 🔍 仓库 Bonavucci99/sample-database 不存在（404），追踪用户
[2026-08-08 11:24:36] [W-8] 👤 [fork1] 遍历用户仓库: Bonavucci99
[2026-08-08 11:24:37] [W-8]   用户 Bonavucci99 共查 0 个仓库
[2026-08-08 11:24:37] [W-8] ✅ 完成 [fork1] Bonavucci99/sample-database | 提取 0 | 新增 0 | 耗时 2s | 配额 3860/4800 03:24UTC | 主队列 25/200 发现队列 8/20000 [[user0]:8] | Worker 28忙/8闲(77%)
[2026-08-08 11:24:37] [W-8] 🔧 开始处理 [种子仓库] timeflysoon/v2rayNG [种子 201/744]
[2026-08-08 11:24:37] [W-14] 📝 已处理缓存: SpotlightOralCare/sample-database
[2026-08-08 11:24:37] [W-14] ⏭️ [fork1] 仓库 https://github.com/SpotlightOralCare/sample-database 30088h 未更新，跳过解析（无需追踪）
[2026-08-08 11:24:37] [W-14] ✅ 完成 [fork1] SpotlightOralCare/sample-database | 提取 0 | 新增 0 | 耗时 2s | 配额 3859/4800 03:24UTC | 主队列 24/200 发现队列 8/20000 [[user0]:8] | Worker 28忙/8闲(77%)
[2026-08-08 11:24:37] [W-30] 仓库 https://github.com/OmiSummy/v2rayNG 无候选文件 (总计 366 blob, 扩展名过滤 343, processed_shas 跳过 0, SHA 缓存跳过 23)
[2026-08-08 11:24:37] [W-30] ✅ 完成 [种子仓库] OmiSummy/v2rayNG [种子 128/744] | 提取 0 | 新增 0 | 耗时 270s | 配额 3859/4800 03:24UTC | 主队列 23/200 发现队列 8/20000 [[user0]:8] | Worker 27忙/9闲(75%)
[2026-08-08 11:24:37] [W-14] 🔧 开始处理 [种子仓库] ethanjiang7/v2rayN [种子 202/744]
[2026-08-08 11:24:37] [W-30] 🔧 开始处理 [种子仓库] timeflysoon/v2rayN [种子 203/744]
[2026-08-08 11:24:38] [W-17] 📝 已处理缓存: abdullahdevrel/sample-database
[2026-08-08 11:24:38] [W-17] ⏭️ [fork1] 仓库 https://github.com/abdullahdevrel/sample-database 4979h 未更新，跳过解析（无需追踪）
[2026-08-08 11:24:38] [W-17] ✅ 完成 [fork1] abdullahdevrel/sample-database | 提取 0 | 新增 0 | 耗时 2s | 配额 3858/4800 03:24UTC | 主队列 22/200 发现队列 8/20000 [[user0]:8] | Worker 29忙/7闲(80%)
[2026-08-08 11:24:38] [W-17] 🔧 开始处理 [user0] ermaozi/repository_info
[2026-08-08 11:24:38] [W-32] 📝 已处理缓存: sitedata/sample-database
[2026-08-08 11:24:38] [W-32] ⏭️ [fork1] 仓库 https://github.com/sitedata/sample-database 30123h 未更新，跳过解析（无需追踪）
[2026-08-08 11:24:38] [W-32] ✅ 完成 [fork1] sitedata/sample-database | 提取 0 | 新增 0 | 耗时 3s | 配额 3857/4800 03:24UTC | 主队列 22/200 发现队列 7/20000 [[user0]:7] | Worker 29忙/7闲(80%)
[2026-08-08 11:24:38] [W-32] 🔧 开始处理 [user0] ermaozi/trojan-go-web
[2026-08-08 11:24:38] [W-32] ⏭️ [user0] 仓库 https://github.com/ermaozi/trojan-go-web 44493h 未更新，跳过解析（需追踪）
[2026-08-08 11:24:38] [W-32] 🔗 [user0] 查子仓库: ermaozi/trojan-go-web
[2026-08-08 11:24:38] [W-30] ⏭️ [种子仓库] 仓库 https://github.com/timeflysoon/v2rayN 已解析，跳过解析（无需追踪）
[2026-08-08 11:24:38] [W-30] ✅ 完成 [种子仓库] timeflysoon/v2rayN [种子 203/744] | 提取 0 | 新增 0 | 耗时 1s | 配额 3856/4800 03:24UTC | 主队列 22/200 发现队列 6/20000 [[user0]:6] | Worker 29忙/7闲(80%)
[2026-08-08 11:24:38] [W-30] 🔧 开始处理 [user0] ermaozi/linux-sleep
[2026-08-08 11:24:38] [W-30] ⏭️ [user0] 仓库 https://github.com/ermaozi/linux-sleep 50063h 未更新，跳过解析（需追踪）
[2026-08-08 11:24:38] [W-30] 🔗 [user0] 查子仓库: ermaozi/linux-sleep
[2026-08-08 11:24:38] [W-8] [种子仓库] 仓库 https://github.com/timeflysoon/v2rayNG (分支: master, size: 36742KB, pushed: 2026-08-07T23:31:43Z)
[2026-08-08 11:24:38] [W-22] 📦 Partial Clone: 116 个文件（零 API 配额）
[2026-08-08 11:24:39] [W-14] ⏭️ [种子仓库] 仓库 https://github.com/ethanjiang7/v2rayN 已解析，跳过解析（无需追踪）
[2026-08-08 11:24:39] [W-14] ✅ 完成 [种子仓库] ethanjiang7/v2rayN [种子 202/744] | 提取 0 | 新增 0 | 耗时 1s | 配额 3854/4800 03:24UTC | 主队列 22/200 发现队列 5/20000 [[user0]:5] | Worker 28忙/8闲(77%)
[2026-08-08 11:24:39] [W-14] 🔧 开始处理 [user0] ermaozi/blog-web
[2026-08-08 11:24:39] [W-14] ⏭️ [user0] 仓库 https://github.com/ermaozi/blog-web 51306h 未更新，跳过解析（需追踪）
[2026-08-08 11:24:39] [W-14] 🔗 [user0] 查子仓库: ermaozi/blog-web
[2026-08-08 11:24:39] [W-32] 🔗 [user0] 开始 Fork 链追踪 (ermaozi/trojan-go-web)
[2026-08-08 11:24:39] [W-32] ✅ 完成 [user0] ermaozi/trojan-go-web | 提取 0 | 新增 0 | 耗时 1s | 配额 3852/4800 03:24UTC | 主队列 22/200 发现队列 4/20000 [[user0]:4] | Worker 28忙/8闲(77%)
[2026-08-08 11:24:39] [W-32] 🔧 开始处理 [user0] free-nodes/warp
[2026-08-08 11:24:39] [W-30] 🔗 [user0] 开始 Fork 链追踪 (ermaozi/linux-sleep)
[2026-08-08 11:24:39] [W-17] ⚠️ [user0] 仓库 https://github.com/ermaozi/repository_info 大小为 0，跳过
[2026-08-08 11:24:39] [W-17] ✅ 完成 [user0] ermaozi/repository_info | 提取 0 | 新增 0 | 耗时 2s | 配额 3850/4800 03:24UTC | 主队列 22/200 发现队列 3/20000 [[user0]:3] | Worker 28忙/8闲(77%)
[2026-08-08 11:24:39] [W-17] 🔧 开始处理 [user0] free-nodes/JD_Sign_Action
[2026-08-08 11:24:39] [W-17] ⚠️ [user0] 仓库 https://github.com/free-nodes/JD_Sign_Action 已禁用，跳过
[2026-08-08 11:24:39] [W-17] ✅ 完成 [user0] free-nodes/JD_Sign_Action | 提取 0 | 新增 0 | 耗时 0s | 配额 3850/4800 03:24UTC | 主队列 22/200 发现队列 2/20000 [[user0]:2] | Worker 28忙/8闲(77%)
[2026-08-08 11:24:39] [W-17] 🔧 开始处理 [user0] free-nodes/freenom
[2026-08-08 11:24:39] [W-17] ⚠️ [user0] 仓库 https://github.com/free-nodes/freenom 已禁用，跳过
[2026-08-08 11:24:39] [W-17] ✅ 完成 [user0] free-nodes/freenom | 提取 0 | 新增 0 | 耗时 0s | 配额 3850/4800 03:24UTC | 主队列 22/200 发现队列 1/20000 [[user0]:1] | Worker 28忙/8闲(77%)
[2026-08-08 11:24:39] [W-17] 🔧 开始处理 [user0] free-nodes/jd_scripts
[2026-08-08 11:24:40] [W-14]   🍴 子仓库: 2/2 个 → 主队列 22/200 发现队列 2/20000 [[fork1]:2] | Worker 28忙/8闲(77%)
[2026-08-08 11:24:40] [W-14] 🔗 [user0] 开始 Fork 链追踪 (ermaozi/blog-web)
[2026-08-08 11:24:40] [W-18] 仓库 https://github.com/iswhat/v2rayNG 无候选文件 (总计 366 blob, 扩展名过滤 343, processed_shas 跳过 0, SHA 缓存跳过 23)
[2026-08-08 11:24:40] [W-18] ✅ 完成 [种子仓库] iswhat/v2rayNG [种子 129/744] | 提取 0 | 新增 0 | 耗时 271s | 配额 3849/4800 03:24UTC | 主队列 22/200 发现队列 2/20000 [[fork1]:2] | Worker 28忙/8闲(77%)
[2026-08-08 11:24:40] [W-14] ✅ 完成 [user0] ermaozi/blog-web | 提取 0 | 新增 0 | 耗时 2s | 配额 3848/4800 03:24UTC | 主队列 21/200 发现队列 2/20000 [[fork1]:2] | Worker 28忙/8闲(77%)
[2026-08-08 11:24:40] [W-18] 🔧 开始处理 [种子仓库] linyanghao/v2rayN [种子 204/744]
[2026-08-08 11:24:40] [W-14] 🔧 开始处理 [fork1] clashv2ray-hub/blog-web
[2026-08-08 11:24:41] [W-30] ✅ 完成 [user0] ermaozi/linux-sleep | 提取 0 | 新增 0 | 耗时 2s | 配额 3847/4800 03:24UTC | 主队列 21/200 发现队列 1/20000 [[fork1]:1] | Worker 29忙/7闲(80%)
[2026-08-08 11:24:41] [W-30] 🔧 开始处理 [fork1] loaferbozo/blog-web
[2026-08-08 11:24:41] repo info (free-nodes/warp) 返回 403 (尝试 1/2)
[2026-08-08 11:24:41] repo info (free-nodes/warp) 403（访问被拒，配额剩余 4697），跳过
[2026-08-08 11:24:41] [W-32] ⚠️ [user0] 仓库 https://github.com/free-nodes/warp 已禁用，跳过
[2026-08-08 11:24:41] [W-32] ✅ 完成 [user0] free-nodes/warp | 提取 0 | 新增 0 | 耗时 1s | 配额 3846/4800 03:24UTC | 主队列 21/200 发现队列 0/20000 [空] | Worker 29忙/7闲(80%)
[2026-08-08 11:24:41] [W-32] 🔧 开始处理 [种子仓库] dxyzx0/v2rayN [种子 205/744]
[2026-08-08 11:24:41] [W-21] 仓库 https://github.com/cysk003/v2rayNG 无候选文件 (总计 366 blob, 扩展名过滤 343, processed_shas 跳过 0, SHA 缓存跳过 23)
[2026-08-08 11:24:41] [W-21] ✅ 完成 [种子仓库] cysk003/v2rayNG [种子 130/744] | 提取 0 | 新增 0 | 耗时 269s | 配额 3846/4800 03:24UTC | 主队列 20/200 发现队列 0/20000 [空] | Worker 29忙/7闲(80%)
[2026-08-08 11:24:41] [W-21] 🔧 开始处理 [种子仓库] rsoorajs/v2rayN [种子 206/744]
[2026-08-08 11:24:41] [种子] ▶️ 主队列 < 20（19/200），搜索恢复
[2026-08-08 11:24:41] [种子] 🔵 [种子 226/744] huanjk1/V2rayN_Clash_Node_Getter | 配额 3846/4800 03:24UTC | 主队列 20/200 发现队列 0/20000 [空] | Worker 30忙/6闲(83%)
[2026-08-08 11:24:41] [种子] 🔵 [种子 227/744] duming393/v2rayN | 配额 3846/4800 03:24UTC | 主队列 21/200 发现队列 0/20000 [空] | Worker 30忙/6闲(83%)
[2026-08-08 11:24:41] [种子] 🔵 [种子 228/744] fkii78809/v2rayN | 配额 3846/4800 03:24UTC | 主队列 22/200 发现队列 0/20000 [空] | Worker 30忙/6闲(83%)
[2026-08-08 11:24:41] [种子] 🔵 [种子 229/744] raihanyrahman-design/v2rayN | 配额 3846/4800 03:24UTC | 主队列 23/200 发现队列 0/20000 [空] | Worker 30忙/6闲(83%)
[2026-08-08 11:24:41] [种子] 🔵 [种子 230/744] xiejob/v2rayN | 配额 3846/4800 03:24UTC | 主队列 24/200 发现队列 0/20000 [空] | Worker 30忙/6闲(83%)
[2026-08-08 11:24:41] [种子] 🔵 [种子 231/744] hasanz74/V2rayConfigz | 配额 3846/4800 03:24UTC | 主队列 25/200 发现队列 0/20000 [空] | Worker 30忙/6闲(83%)
[2026-08-08 11:24:41] [种子] 🔵 [种子 232/744] luxxuria/harvester | 配额 3846/4800 03:24UTC | 主队列 26/200 发现队列 0/20000 [空] | Worker 30忙/6闲(83%)
[2026-08-08 11:24:41] [种子] 🔵 [种子 233/744] getpower668/kuaiji-vpn | 配额 3846/4800 03:24UTC | 主队列 27/200 发现队列 0/20000 [空] | Worker 30忙/6闲(83%)
[2026-08-08 11:24:41] [种子] 🔵 [种子 234/744] kia678/ClashMetaForAndroid | 配额 3846/4800 03:24UTC | 主队列 28/200 发现队列 0/20000 [空] | Worker 30忙/6闲(83%)
[2026-08-08 11:24:41] [种子] 🔵 [种子 235/744] PuddinCat/BestClash | 配额 3846/4800 03:24UTC | 主队列 29/200 发现队列 0/20000 [空] | Worker 30忙/6闲(83%)
[2026-08-08 11:24:41] [种子] 🔵 [种子 236/744] parhelia512/subs-check | 配额 3846/4800 03:24UTC | 主队列 30/200 发现队列 0/20000 [空] | Worker 30忙/6闲(83%)
[2026-08-08 11:24:41] [种子] 🔵 [种子 237/744] wwj-git-rgb/subs-check | 配额 3846/4800 03:24UTC | 主队列 31/200 发现队列 0/20000 [空] | Worker 30忙/6闲(83%)
[2026-08-08 11:24:41] [种子] 🔵 [种子 238/744] haovhd/MyClash | 配额 3846/4800 03:24UTC | 主队列 32/200 发现队列 0/20000 [空] | Worker 30忙/6闲(83%)
[2026-08-08 11:24:41] [种子] 🔵 [种子 239/744] DSLZL/subs-check | 配额 3846/4800 03:24UTC | 主队列 33/200 发现队列 0/20000 [空] | Worker 30忙/6闲(83%)
[2026-08-08 11:24:41] [种子] 🔵 [种子 240/744] lem85930/subs-check | 配额 3846/4800 03:24UTC | 主队列 34/200 发现队列 0/20000 [空] | Worker 30忙/6闲(83%)
[2026-08-08 11:24:41] [种子] 🔵 [种子 241/744] zhangkaiitugithub/passcro | 配额 3846/4800 03:24UTC | 主队列 35/200 发现队列 0/20000 [空] | Worker 30忙/6闲(83%)
[2026-08-08 11:24:41] [种子] 🔵 [种子 242/744] walkonbothsides/subs-check | 配额 3846/4800 03:24UTC | 主队列 36/200 发现队列 0/20000 [空] | Worker 30忙/6闲(83%)
[2026-08-08 11:24:41] [种子] 🔵 [种子 243/744] jovinleung/cf-worker-mihomo | 配额 3846/4800 03:24UTC | 主队列 37/200 发现队列 0/20000 [空] | Worker 30忙/6闲(83%)
[2026-08-08 11:24:41] [种子] 🔵 [种子 244/744] eaglehhha/x-ui-yg | 配额 3846/4800 03:24UTC | 主队列 38/200 发现队列 0/20000 [空] | Worker 30忙/6闲(83%)
[2026-08-08 11:24:41] [种子] 🔵 [种子 245/744] hello0matter/ClashMetaForAndroid | 配额 3846/4800 03:24UTC | 主队列 39/200 发现队列 0/20000 [空] | Worker 30忙/6闲(83%)
[2026-08-08 11:24:41] [种子] 🔵 [种子 246/744] PG1888/cf-worker-mihomo | 配额 3846/4800 03:24UTC | 主队列 40/200 发现队列 0/20000 [空] | Worker 30忙/6闲(83%)
[2026-08-08 11:24:41] [种子] 🔵 [种子 247/744] fshzf/cf-worker-mihomo | 配额 3846/4800 03:24UTC | 主队列 41/200 发现队列 0/20000 [空] | Worker 30忙/6闲(83%)
[2026-08-08 11:24:41] [种子] 🔵 [种子 248/744] lujiaxi2023/ClashMetaForAndroid | 配额 3846/4800 03:24UTC | 主队列 42/200 发现队列 0/20000 [空] | Worker 30忙/6闲(83%)
[2026-08-08 11:24:41] [种子] 🔵 [种子 249/744] NeosCat/ClashMetaForAndroid | 配额 3846/4800 03:24UTC | 主队列 43/200 发现队列 0/20000 [空] | Worker 30忙/6闲(83%)
[2026-08-08 11:24:41] [种子] 🔵 [种子 250/744] PassionAries/BestClash | 配额 3846/4800 03:24UTC | 主队列 44/200 发现队列 0/20000 [空] | Worker 30忙/6闲(83%)
[2026-08-08 11:24:41] [种子] 🔵 [种子 251/744] PassionAries/x-ui-yg | 配额 3846/4800 03:24UTC | 主队列 45/200 发现队列 0/20000 [空] | Worker 30忙/6闲(83%)
[2026-08-08 11:24:41] [种子] 🔵 [种子 252/744] xiaen-8/jsnzkpg | 配额 3846/4800 03:24UTC | 主队列 46/200 发现队列 0/20000 [空] | Worker 30忙/6闲(83%)
[2026-08-08 11:24:41] [种子] 🔵 [种子 253/744] Memory2314/clash-party | 配额 3846/4800 03:24UTC | 主队列 47/200 发现队列 0/20000 [空] | Worker 30忙/6闲(83%)
[2026-08-08 11:24:41] [种子] 🔵 [种子 254/744] MetaCubeX/mihomo | 配额 3846/4800 03:24UTC | 主队列 48/200 发现队列 0/20000 [空] | Worker 30忙/6闲(83%)
[2026-08-08 11:24:41] [种子] 🔵 [种子 255/744] eivgogo/mihomo | 配额 3846/4800 03:24UTC | 主队列 49/200 发现队列 0/20000 [空] | Worker 30忙/6闲(83%)
[2026-08-08 11:24:41] [种子] 🔵 [种子 256/744] papaartemsmurf2002-commits/omega-core | 配额 3846/4800 03:24UTC | 主队列 50/200 发现队列 0/20000 [空] | Worker 30忙/6闲(83%)
[2026-08-08 11:24:41] [种子] 🔵 [种子 257/744] nikkinikki-org/OpenWrt-nikki | 配额 3846/4800 03:24UTC | 主队列 51/200 发现队列 0/20000 [空] | Worker 30忙/6闲(83%)
[2026-08-08 11:24:41] [种子] 🔵 [种子 258/744] khosrow1133/BPB-Worker-Panel | 配额 3846/4800 03:24UTC | 主队列 52/200 发现队列 0/20000 [空] | Worker 30忙/6闲(83%)
[2026-08-08 11:24:41] [种子] 🔵 [种子 259/744] wheakerd/clash-party | 配额 3846/4800 03:24UTC | 主队列 53/200 发现队列 0/20000 [空] | Worker 30忙/6闲(83%)
[2026-08-08 11:24:41] [种子] 🔵 [种子 260/744] wszf/OpenSurge-for-Mac | 配额 3846/4800 03:24UTC | 主队列 54/200 发现队列 0/20000 [空] | Worker 30忙/6闲(83%)
[2026-08-08 11:24:41] [种子] 🔵 [种子 261/744] mikrokosmos1233/BPB-Worker-Panel | 配额 3846/4800 03:24UTC | 主队列 55/200 发现队列 0/20000 [空] | Worker 30忙/6闲(83%)
[2026-08-08 11:24:41] [种子] 🔵 [种子 262/744] feisiliang8319/OpenSurge-for-Mac | 配额 3846/4800 03:24UTC | 主队列 56/200 发现队列 0/20000 [空] | Worker 30忙/6闲(83%)
[2026-08-08 11:24:41] [种子] 🔵 [种子 263/744] LRSnowX/opensurge-for-mac | 配额 3846/4800 03:24UTC | 主队列 57/200 发现队列 0/20000 [空] | Worker 30忙/6闲(83%)
[2026-08-08 11:24:41] [种子] 🔵 [种子 264/744] bsjd120/OpenSurge-for-Mac | 配额 3846/4800 03:24UTC | 主队列 58/200 发现队列 0/20000 [空] | Worker 30忙/6闲(83%)
[2026-08-08 11:24:41] [种子] 🔵 [种子 265/744] guoyuan96/OpenSurge-for-Mac | 配额 3846/4800 03:24UTC | 主队列 59/200 发现队列 0/20000 [空] | Worker 30忙/6闲(83%)
[2026-08-08 11:24:41] [种子] 🔵 [种子 266/744] niaodian/opensurge-for-mac | 配额 3846/4800 03:24UTC | 主队列 60/200 发现队列 0/20000 [空] | Worker 30忙/6闲(83%)
[2026-08-08 11:24:41] [种子] 🔵 [种子 267/744] duchenpaul/nett-party | 配额 3846/4800 03:24UTC | 主队列 61/200 发现队列 0/20000 [空] | Worker 30忙/6闲(83%)
[2026-08-08 11:24:41] [种子] 🔵 [种子 268/744] davidq168/BPB-Worker-Panel | 配额 3846/4800 03:24UTC | 主队列 62/200 发现队列 0/20000 [空] | Worker 30忙/6闲(83%)
[2026-08-08 11:24:41] [种子] 🔵 [种子 269/744] zss12345678-a/mihomo | 配额 3846/4800 03:24UTC | 主队列 63/200 发现队列 0/20000 [空] | Worker 30忙/6闲(83%)
[2026-08-08 11:24:41] [种子] 🔵 [种子 270/744] NotNoneX/MetaCubeXD | 配额 3846/4800 03:24UTC | 主队列 64/200 发现队列 0/20000 [空] | Worker 30忙/6闲(83%)
[2026-08-08 11:24:41] [种子] 🔵 [种子 271/744] hyperwd/subboost | 配额 3846/4800 03:24UTC | 主队列 65/200 发现队列 0/20000 [空] | Worker 30忙/6闲(83%)
[2026-08-08 11:24:41] [种子] 🔵 [种子 272/744] charys117/metacubexd | 配额 3846/4800 03:24UTC | 主队列 66/200 发现队列 0/20000 [空] | Worker 30忙/6闲(83%)
[2026-08-08 11:24:41] [种子] 🔵 [种子 273/744] laoxiao789/metacubexd | 配额 3846/4800 03:24UTC | 主队列 67/200 发现队列 0/20000 [空] | Worker 30忙/6闲(83%)
[2026-08-08 11:24:41] [种子] 🔵 [种子 274/744] talwayh1/mihomo | 配额 3846/4800 03:24UTC | 主队列 68/200 发现队列 0/20000 [空] | Worker 30忙/6闲(83%)
[2026-08-08 11:24:41] [种子] 🔵 [种子 275/744] andyleesoso94/clashmi | 配额 3846/4800 03:24UTC | 主队列 69/200 发现队列 0/20000 [空] | Worker 30忙/6闲(83%)
[2026-08-08 11:24:41] [种子] 🔵 [种子 276/744] Qing6888T/BPB-Worker-Panel | 配额 3846/4800 03:24UTC | 主队列 70/200 发现队列 0/20000 [空] | Worker 30忙/6闲(83%)
[2026-08-08 11:24:41] [种子] 🔵 [种子 277/744] Rainbowend/clash-party | 配额 3846/4800 03:24UTC | 主队列 71/200 发现队列 0/20000 [空] | Worker 30忙/6闲(83%)
[2026-08-08 11:24:41] [种子] 🔵 [种子 278/744] Jeffrey-done/CATVPN | 配额 3846/4800 03:24UTC | 主队列 72/200 发现队列 0/20000 [空] | Worker 30忙/6闲(83%)
[2026-08-08 11:24:41] [种子] 🔵 [种子 279/744] oxygen121/rules-mrs | 配额 3846/4800 03:24UTC | 主队列 73/200 发现队列 0/20000 [空] | Worker 30忙/6闲(83%)
[2026-08-08 11:24:41] [种子] 🔵 [种子 280/744] meshmeshqe/mihomo | 配额 3846/4800 03:24UTC | 主队列 74/200 发现队列 0/20000 [空] | Worker 30忙/6闲(83%)
[2026-08-08 11:24:41] [种子] 🔵 [种子 281/744] wenxing666/mihomo | 配额 3846/4800 03:24UTC | 主队列 75/200 发现队列 0/20000 [空] | Worker 30忙/6闲(83%)
[2026-08-08 11:24:41] [种子] 🔵 [种子 282/744] FairyWorld/fq_clash-party | 配额 3846/4800 03:24UTC | 主队列 76/200 发现队列 0/20000 [空] | Worker 30忙/6闲(83%)
[2026-08-08 11:24:41] [种子] 🔵 [种子 283/744] zzm1908822163/clash-party | 配额 3846/4800 03:24UTC | 主队列 77/200 发现队列 0/20000 [空] | Worker 30忙/6闲(83%)
[2026-08-08 11:24:41] [种子] 🔵 [种子 284/744] Fldicoahkiin/clash-party | 配额 3846/4800 03:24UTC | 主队列 78/200 发现队列 0/20000 [空] | Worker 30忙/6闲(83%)
[2026-08-08 11:24:41] [种子] 🔵 [种子 285/744] penndu/mihomo-party | 配额 3846/4800 03:24UTC | 主队列 79/200 发现队列 0/20000 [空] | Worker 30忙/6闲(83%)
[2026-08-08 11:24:41] [种子] 🔵 [种子 286/744] trilliverse/clash-for-linux | 配额 3846/4800 03:24UTC | 主队列 80/200 发现队列 0/20000 [空] | Worker 30忙/6闲(83%)
[2026-08-08 11:24:41] [种子] ⏸️  主队列 ≥ 80（80/200），搜索暂停
[2026-08-08 11:24:41] repo info (free-nodes/jd_scripts) 返回 403 (尝试 1/2)
[2026-08-08 11:24:41] repo info (free-nodes/jd_scripts) 403（访问被拒，配额剩余 4695），跳过
[2026-08-08 11:24:41] [W-17] ⚠️ [user0] 仓库 https://github.com/free-nodes/jd_scripts 已禁用，跳过
[2026-08-08 11:24:41] [W-17] ✅ 完成 [user0] free-nodes/jd_scripts | 提取 0 | 新增 0 | 耗时 2s | 配额 3845/4800 03:24UTC | 主队列 80/200 发现队列 0/20000 [空] | Worker 30忙/6闲(83%)
[2026-08-08 11:24:41] [W-17] 🔧 开始处理 [种子仓库] tianhm/v2rayN [种子 207/744]
[2026-08-08 11:24:42] [W-32] ⏭️ [种子仓库] 仓库 https://github.com/dxyzx0/v2rayN 已解析，跳过解析（无需追踪）
[2026-08-08 11:24:42] [W-32] ✅ 完成 [种子仓库] dxyzx0/v2rayN [种子 205/744] | 提取 0 | 新增 0 | 耗时 1s | 配额 3844/4800 03:24UTC | 主队列 79/200 发现队列 0/20000 [空] | Worker 30忙/6闲(83%)
[2026-08-08 11:24:42] [W-32] 🔧 开始处理 [种子仓库] GH6324/v2rayNG [种子 208/744]
[2026-08-08 11:24:42] [W-30] 📝 已处理缓存: loaferbozo/blog-web
[2026-08-08 11:24:42] [W-30] ⏭️ [fork1] 仓库 https://github.com/loaferbozo/blog-web 51306h 未更新，跳过解析（无需追踪）
[2026-08-08 11:24:42] [W-30] ✅ 完成 [fork1] loaferbozo/blog-web | 提取 0 | 新增 0 | 耗时 1s | 配额 3843/4800 03:24UTC | 主队列 78/200 发现队列 0/20000 [空] | Worker 30忙/6闲(83%)
[2026-08-08 11:24:42] [W-30] 🔧 开始处理 [种子仓库] catcat0921/v2rayN [种子 209/744]
[2026-08-08 11:24:42] [W-18] ⏭️ [种子仓库] 仓库 https://github.com/linyanghao/v2rayN 已解析，跳过解析（无需追踪）
[2026-08-08 11:24:42] [W-18] ✅ 完成 [种子仓库] linyanghao/v2rayN [种子 204/744] | 提取 0 | 新增 0 | 耗时 2s | 配额 3842/4800 03:24UTC | 主队列 77/200 发现队列 0/20000 [空] | Worker 30忙/6闲(83%)
[2026-08-08 11:24:42] [W-18] 🔧 开始处理 [种子仓库] ofepo/v2rayN [种子 210/744]
[2026-08-08 11:24:43] [W-21] ⏭️ [种子仓库] 仓库 https://github.com/rsoorajs/v2rayN 已解析，跳过解析（无需追踪）
[2026-08-08 11:24:43] [W-21] ✅ 完成 [种子仓库] rsoorajs/v2rayN [种子 206/744] | 提取 0 | 新增 0 | 耗时 1s | 配额 3841/4800 03:24UTC | 主队列 76/200 发现队列 0/20000 [空] | Worker 30忙/6闲(83%)
[2026-08-08 11:24:43] [W-21] 🔧 开始处理 [种子仓库] uvswifft/v2rayN [种子 211/744]
[2026-08-08 11:24:43] [W-14] 📝 已处理缓存: clashv2ray-hub/blog-web
[2026-08-08 11:24:43] [W-14] ⏭️ [fork1] 仓库 https://github.com/clashv2ray-hub/blog-web 51306h 未更新，跳过解析（无需追踪）
[2026-08-08 11:24:43] [W-14] ✅ 完成 [fork1] clashv2ray-hub/blog-web | 提取 0 | 新增 0 | 耗时 2s | 配额 3840/4800 03:24UTC | 主队列 75/200 发现队列 0/20000 [空] | Worker 30忙/6闲(83%)
[2026-08-08 11:24:43] [W-30] ⏭️ [种子仓库] 仓库 https://github.com/catcat0921/v2rayN 已解析，跳过解析（无需追踪）
[2026-08-08 11:24:43] [W-30] ✅ 完成 [种子仓库] catcat0921/v2rayN [种子 209/744] | 提取 0 | 新增 0 | 耗时 1s | 配额 3839/4800 03:24UTC | 主队列 74/200 发现队列 0/20000 [空] | Worker 29忙/7闲(80%)
[2026-08-08 11:24:43] [W-30] 🔧 开始处理 [种子仓库] chaud-03/v2rayN [种子 213/744]
[2026-08-08 11:24:43] [W-14] 🔧 开始处理 [种子仓库] noaai/v2rayNG [种子 212/744]
[2026-08-08 11:24:43] [W-32] ⏭️ [种子仓库] 仓库 https://github.com/GH6324/v2rayNG 已解析，跳过解析（无需追踪）
[2026-08-08 11:24:43] [W-32] ✅ 完成 [种子仓库] GH6324/v2rayNG [种子 208/744] | 提取 0 | 新增 0 | 耗时 1s | 配额 3838/4800 03:24UTC | 主队列 73/200 发现队列 0/20000 [空] | Worker 30忙/6闲(83%)
[2026-08-08 11:24:43] [W-32] 🔧 开始处理 [种子仓库] XXcipherX/v2rayN [种子 214/744]
[2026-08-08 11:24:44] [W-17] ⏭️ [种子仓库] 仓库 https://github.com/tianhm/v2rayN 已解析，跳过解析（无需追踪）
[2026-08-08 11:24:44] [W-17] ✅ 完成 [种子仓库] tianhm/v2rayN [种子 207/744] | 提取 0 | 新增 0 | 耗时 2s | 配额 3837/4800 03:24UTC | 主队列 72/200 发现队列 0/20000 [空] | Worker 30忙/6闲(83%)
[2026-08-08 11:24:44] [W-17] 🔧 开始处理 [种子仓库] Parsa58/v2rayN [种子 215/744]
[2026-08-08 11:24:44] [W-18] ⏭️ [种子仓库] 仓库 https://github.com/ofepo/v2rayN 已解析，跳过解析（无需追踪）
[2026-08-08 11:24:44] [W-18] ✅ 完成 [种子仓库] ofepo/v2rayN [种子 210/744] | 提取 0 | 新增 0 | 耗时 2s | 配额 3836/4800 03:24UTC | 主队列 71/200 发现队列 0/20000 [空] | Worker 30忙/6闲(83%)
[2026-08-08 11:24:44] [W-18] 🔧 开始处理 [种子仓库] exhaust-pipe/v2rayN [种子 216/744]
[2026-08-08 11:24:44] [W-21] ⏭️ [种子仓库] 仓库 https://github.com/uvswifft/v2rayN 已解析，跳过解析（无需追踪）
[2026-08-08 11:24:44] [W-21] ✅ 完成 [种子仓库] uvswifft/v2rayN [种子 211/744] | 提取 0 | 新增 0 | 耗时 1s | 配额 3835/4800 03:24UTC | 主队列 70/200 发现队列 0/20000 [空] | Worker 30忙/6闲(83%)
[2026-08-08 11:24:44] [W-22] 仓库 https://github.com/xwcyg6/v2raynode 无候选文件 (总计 116 blob, 扩展名过滤 100, processed_shas 跳过 0, SHA 缓存跳过 16)
[2026-08-08 11:24:44] [W-16] Clone-First clone 失败，放弃（Contents 已关闭）
[2026-08-08 11:24:44] [W-16] ✅ 完成 [种子仓库] Yannik666/nodes [种子 75/744] | 提取 0 | 新增 0 | 耗时 323s | 配额 3835/4800 03:24UTC | 主队列 69/200 发现队列 0/20000 [空] | Worker 29忙/7闲(80%)
[2026-08-08 11:24:44] [W-16] 🔧 开始处理 [种子仓库] chenlong622/v2rayNG [种子 218/744]
[2026-08-08 11:24:44] [W-21] 🔧 开始处理 [种子仓库] FF-coder/v2rayN [种子 217/744]
[2026-08-08 11:24:44] [W-22] ✅ 完成 [种子仓库] xwcyg6/v2raynode [种子 184/744] | 提取 0 | 新增 0 | 耗时 69s | 配额 3835/4800 03:24UTC | 主队列 69/200 发现队列 0/20000 [空] | Worker 29忙/7闲(80%)
[2026-08-08 11:24:44] [W-30] ⏭️ [种子仓库] 仓库 https://github.com/chaud-03/v2rayN 278h 未更新，跳过解析（无需追踪）
[2026-08-08 11:24:44] [W-30] ✅ 完成 [种子仓库] chaud-03/v2rayN [种子 213/744] | 提取 0 | 新增 0 | 耗时 1s | 配额 3834/4800 03:24UTC | 主队列 67/200 发现队列 0/20000 [空] | Worker 31忙/5闲(86%)
[2026-08-08 11:24:44] [W-30] 🔧 开始处理 [种子仓库] exhaust-pipe/v2rayNG [种子 220/744]
[2026-08-08 11:24:44] [W-22] 🔧 开始处理 [种子仓库] Ahmadkl054/v2rayNG [种子 219/744]
[2026-08-08 11:24:45] [W-14] ⏭️ [种子仓库] 仓库 https://github.com/noaai/v2rayNG 已解析，跳过解析（无需追踪）
[2026-08-08 11:24:45] [W-14] ✅ 完成 [种子仓库] noaai/v2rayNG [种子 212/744] | 提取 0 | 新增 0 | 耗时 1s | 配额 3833/4800 03:24UTC | 主队列 66/200 发现队列 0/20000 [空] | Worker 32忙/4闲(88%)
[2026-08-08 11:24:45] [W-14] 🔧 开始处理 [种子仓库] qq10373815/v2rayNG [种子 221/744]
[2026-08-08 11:24:45] [W-32] ⏭️ [种子仓库] 仓库 https://github.com/XXcipherX/v2rayN 253h 未更新，跳过解析（无需追踪）
[2026-08-08 11:24:45] [W-32] ✅ 完成 [种子仓库] XXcipherX/v2rayN [种子 214/744] | 提取 0 | 新增 0 | 耗时 2s | 配额 3832/4800 03:24UTC | 主队列 65/200 发现队列 0/20000 [空] | Worker 32忙/4闲(88%)
[2026-08-08 11:24:45] [W-32] 🔧 开始处理 [种子仓库] tristan-deng/v2rayNodesSelected [种子 222/744]
[2026-08-08 11:24:45] [W-18] ⏭️ [种子仓库] 仓库 https://github.com/exhaust-pipe/v2rayN 278h 未更新，跳过解析（无需追踪）
[2026-08-08 11:24:45] [W-18] ✅ 完成 [种子仓库] exhaust-pipe/v2rayN [种子 216/744] | 提取 0 | 新增 0 | 耗时 1s | 配额 3831/4800 03:24UTC | 主队列 64/200 发现队列 0/20000 [空] | Worker 32忙/4闲(88%)
[2026-08-08 11:24:45] [W-18] 🔧 开始处理 [种子仓库] hihi427/v2rayN_icon [种子 223/744]
[2026-08-08 11:24:46] [W-30] ⏭️ [种子仓库] 仓库 https://github.com/exhaust-pipe/v2rayNG 279h 未更新，跳过解析（无需追踪）
[2026-08-08 11:24:46] [W-30] ✅ 完成 [种子仓库] exhaust-pipe/v2rayNG [种子 220/744] | 提取 0 | 新增 0 | 耗时 1s | 配额 3830/4800 03:24UTC | 主队列 63/200 发现队列 0/20000 [空] | Worker 32忙/4闲(88%)
[2026-08-08 11:24:46] [W-30] 🔧 开始处理 [种子仓库] jing5460/v2rayN [种子 224/744]
[2026-08-08 11:24:46] [W-14] ⏭️ [种子仓库] 仓库 https://github.com/qq10373815/v2rayNG 279h 未更新，跳过解析（无需追踪）
[2026-08-08 11:24:46] [W-14] ✅ 完成 [种子仓库] qq10373815/v2rayNG [种子 221/744] | 提取 0 | 新增 0 | 耗时 1s | 配额 3829/4800 03:24UTC | 主队列 62/200 发现队列 0/20000 [空] | Worker 32忙/4闲(88%)
[2026-08-08 11:24:46] [W-14] 🔧 开始处理 [种子仓库] FILTERCUT/v2rayNG [种子 225/744]
[2026-08-08 11:24:46] [W-16] ⏭️ [种子仓库] 仓库 https://github.com/chenlong622/v2rayNG 已解析，跳过解析（无需追踪）
[2026-08-08 11:24:46] [W-16] ✅ 完成 [种子仓库] chenlong622/v2rayNG [种子 218/744] | 提取 0 | 新增 0 | 耗时 2s | 配额 3828/4800 03:24UTC | 主队列 61/200 发现队列 0/20000 [空] | Worker 32忙/4闲(88%)
[2026-08-08 11:24:46] [W-16] 🔧 开始处理 [种子仓库] huanjk1/V2rayN_Clash_Node_Getter [种子 226/744]
[2026-08-08 11:24:46] [W-17] ⏭️ [种子仓库] 仓库 https://github.com/Parsa58/v2rayN 278h 未更新，跳过解析（无需追踪）
[2026-08-08 11:24:46] [W-17] ✅ 完成 [种子仓库] Parsa58/v2rayN [种子 215/744] | 提取 0 | 新增 0 | 耗时 2s | 配额 3827/4800 03:24UTC | 主队列 60/200 发现队列 0/20000 [空] | Worker 32忙/4闲(88%)
[2026-08-08 11:24:46] [W-17] 🔧 开始处理 [种子仓库] duming393/v2rayN [种子 227/744]
[2026-08-08 11:24:47] [W-33] 📦 Partial Clone: 421 个文件（零 API 配额）
[2026-08-08 11:24:47] [W-22] ⏭️ [种子仓库] 仓库 https://github.com/Ahmadkl054/v2rayNG 279h 未更新，跳过解析（无需追踪）
[2026-08-08 11:24:47] [W-22] ✅ 完成 [种子仓库] Ahmadkl054/v2rayNG [种子 219/744] | 提取 0 | 新增 0 | 耗时 2s | 配额 3826/4800 03:24UTC | 主队列 59/200 发现队列 0/20000 [空] | Worker 31忙/5闲(86%)
[2026-08-08 11:24:47] [W-22] 🔧 开始处理 [种子仓库] fkii78809/v2rayN [种子 228/744]
[2026-08-08 11:24:47] [W-32] ⏭️ [种子仓库] 仓库 https://github.com/tristan-deng/v2rayNodesSelected 已解析，跳过解析（无需追踪）
[2026-08-08 11:24:47] [W-32] ✅ 完成 [种子仓库] tristan-deng/v2rayNodesSelected [种子 222/744] | 提取 0 | 新增 0 | 耗时 2s | 配额 3825/4800 03:24UTC | 主队列 58/200 发现队列 0/20000 [空] | Worker 31忙/5闲(86%)
[2026-08-08 11:24:47] [W-32] 🔧 开始处理 [种子仓库] raihanyrahman-design/v2rayN [种子 229/744]
[2026-08-08 11:24:47] [W-21] ⏭️ [种子仓库] 仓库 https://github.com/FF-coder/v2rayN 278h 未更新，跳过解析（无需追踪）
[2026-08-08 11:24:47] [W-21] ✅ 完成 [种子仓库] FF-coder/v2rayN [种子 217/744] | 提取 0 | 新增 0 | 耗时 2s | 配额 3824/4800 03:24UTC | 主队列 57/200 发现队列 0/20000 [空] | Worker 31忙/5闲(86%)
[2026-08-08 11:24:47] [W-21] 🔧 开始处理 [种子仓库] xiejob/v2rayN [种子 230/744]
[2026-08-08 11:24:48] [W-30] ⏭️ [种子仓库] 仓库 https://github.com/jing5460/v2rayN 已解析，跳过解析（无需追踪）
[2026-08-08 11:24:48] [W-30] ✅ 完成 [种子仓库] jing5460/v2rayN [种子 224/744] | 提取 0 | 新增 0 | 耗时 2s | 配额 3823/4800 03:24UTC | 主队列 56/200 发现队列 0/20000 [空] | Worker 31忙/5闲(86%)
[2026-08-08 11:24:48] [W-13] 仓库 https://github.com/Superoldman96/v2rayNG 无候选文件 (总计 366 blob, 扩展名过滤 343, processed_shas 跳过 0, SHA 缓存跳过 23)
[2026-08-08 11:24:48] [W-13] ✅ 完成 [种子仓库] Superoldman96/v2rayNG [种子 135/744] | 提取 0 | 新增 0 | 耗时 272s | 配额 3823/4800 03:24UTC | 主队列 55/200 发现队列 0/20000 [空] | Worker 30忙/6闲(83%)
[2026-08-08 11:24:48] [W-13] 🔧 开始处理 [种子仓库] luxxuria/harvester [种子 232/744]
[2026-08-08 11:24:48] [W-18] ⏭️ [种子仓库] 仓库 https://github.com/hihi427/v2rayN_icon 已解析，跳过解析（无需追踪）
[2026-08-08 11:24:48] [W-18] ✅ 完成 [种子仓库] hihi427/v2rayN_icon [种子 223/744] | 提取 0 | 新增 0 | 耗时 2s | 配额 3822/4800 03:24UTC | 主队列 54/200 发现队列 0/20000 [空] | Worker 31忙/5闲(86%)
[2026-08-08 11:24:48] [W-18] 🔧 开始处理 [种子仓库] getpower668/kuaiji-vpn [种子 233/744]
[2026-08-08 11:24:48] [W-30] 🔧 开始处理 [种子仓库] hasanz74/V2rayConfigz [种子 231/744]
[2026-08-08 11:24:48] [W-14] ⏭️ [种子仓库] 仓库 https://github.com/FILTERCUT/v2rayNG 227h 未更新，跳过解析（无需追踪）
[2026-08-08 11:24:48] [W-14] ✅ 完成 [种子仓库] FILTERCUT/v2rayNG [种子 225/744] | 提取 0 | 新增 0 | 耗时 2s | 配额 3821/4800 03:24UTC | 主队列 53/200 发现队列 0/20000 [空] | Worker 32忙/4闲(88%)
[2026-08-08 11:24:48] [W-14] 🔧 开始处理 [种子仓库] kia678/ClashMetaForAndroid [种子 234/744]
[2026-08-08 11:24:48] [W-20] 📦 Partial Clone: 366 个文件（零 API 配额）
[2026-08-08 11:24:48] [W-16] ⏭️ [种子仓库] 仓库 https://github.com/huanjk1/V2rayN_Clash_Node_Getter 已解析，跳过解析（无需追踪）
[2026-08-08 11:24:48] [W-16] ✅ 完成 [种子仓库] huanjk1/V2rayN_Clash_Node_Getter [种子 226/744] | 提取 0 | 新增 0 | 耗时 2s | 配额 3820/4800 03:24UTC | 主队列 52/200 发现队列 0/20000 [空] | Worker 31忙/5闲(86%)
[2026-08-08 11:24:48] [W-16] 🔧 开始处理 [种子仓库] PuddinCat/BestClash [种子 235/744]
[2026-08-08 11:24:48] [W-17] ⏭️ [种子仓库] 仓库 https://github.com/duming393/v2rayN 284h 未更新，跳过解析（无需追踪）
[2026-08-08 11:24:48] [W-17] ✅ 完成 [种子仓库] duming393/v2rayN [种子 227/744] | 提取 0 | 新增 0 | 耗时 2s | 配额 3819/4800 03:24UTC | 主队列 51/200 发现队列 0/20000 [空] | Worker 31忙/5闲(86%)
[2026-08-08 11:24:48] [W-17] 🔧 开始处理 [种子仓库] parhelia512/subs-check [种子 236/744]
[2026-08-08 11:24:49] [W-32] ⏭️ [种子仓库] 仓库 https://github.com/raihanyrahman-design/v2rayN 285h 未更新，跳过解析（无需追踪）
[2026-08-08 11:24:49] [W-32] ✅ 完成 [种子仓库] raihanyrahman-design/v2rayN [种子 229/744] | 提取 0 | 新增 0 | 耗时 2s | 配额 3818/4800 03:24UTC | 主队列 50/200 发现队列 0/20000 [空] | Worker 31忙/5闲(86%)
[2026-08-08 11:24:49] [W-7] 🌱 加入种子: actionsfz/subs-check (提取 1530 节点)
[2026-08-08 11:24:49] [W-7] ✅ 完成 [fork1] actionsfz/subs-check | 提取 1530 | 新增 109 | 耗时 216s | 配额 3818/4800 03:24UTC | 主队列 49/200 发现队列 0/20000 [空] | Worker 31忙/5闲(86%)
[2026-08-08 11:24:49] [W-7] 🔧 开始处理 [种子仓库] haovhd/MyClash [种子 238/744]
[2026-08-08 11:24:49] [W-13] [种子仓库] 仓库 https://github.com/luxxuria/harvester (分支: main, size: 27939KB, pushed: 2026-08-08T03:12:57Z)
[2026-08-08 11:24:49] [W-32] 🔧 开始处理 [种子仓库] wwj-git-rgb/subs-check [种子 237/744]
[2026-08-08 11:24:49] [W-21] ⏭️ [种子仓库] 仓库 https://github.com/xiejob/v2rayN 285h 未更新，跳过解析（无需追踪）
[2026-08-08 11:24:49] [W-21] ✅ 完成 [种子仓库] xiejob/v2rayN [种子 230/744] | 提取 0 | 新增 0 | 耗时 2s | 配额 3816/4800 03:24UTC | 主队列 48/200 发现队列 0/20000 [空] | Worker 32忙/4闲(88%)
[2026-08-08 11:24:49] [W-22] ⏭️ [种子仓库] 仓库 https://github.com/fkii78809/v2rayN 已解析，跳过解析（无需追踪）
[2026-08-08 11:24:49] [W-22] ✅ 完成 [种子仓库] fkii78809/v2rayN [种子 228/744] | 提取 0 | 新增 0 | 耗时 2s | 配额 3815/4800 03:24UTC | 主队列 47/200 发现队列 0/20000 [空] | Worker 31忙/5闲(86%)
[2026-08-08 11:24:49] [W-21] 🔧 开始处理 [种子仓库] DSLZL/subs-check [种子 239/744]
[2026-08-08 11:24:49] [W-22] 🔧 开始处理 [种子仓库] lem85930/subs-check [种子 240/744]
[2026-08-08 11:24:49] [W-16] ⏭️ [种子仓库] 仓库 https://github.com/PuddinCat/BestClash 已解析，跳过解析（无需追踪）
[2026-08-08 11:24:49] [W-16] ✅ 完成 [种子仓库] PuddinCat/BestClash [种子 235/744] | 提取 0 | 新增 0 | 耗时 1s | 配额 3814/4800 03:24UTC | 主队列 46/200 发现队列 0/20000 [空] | Worker 32忙/4闲(88%)
[2026-08-08 11:24:49] [W-16] 🔧 开始处理 [种子仓库] zhangkaiitugithub/passcro [种子 241/744]
[2026-08-08 11:24:49] [W-18] [种子仓库] 仓库 https://github.com/getpower668/kuaiji-vpn (分支: master, size: 51631KB, pushed: 2026-08-08T01:19:55Z)
[2026-08-08 11:24:49] [W-30] ⏭️ [种子仓库] 仓库 https://github.com/hasanz74/V2rayConfigz 139h 未更新，跳过解析（无需追踪）
[2026-08-08 11:24:49] [W-30] ✅ 完成 [种子仓库] hasanz74/V2rayConfigz [种子 231/744] | 提取 0 | 新增 0 | 耗时 2s | 配额 3812/4800 03:24UTC | 主队列 45/200 发现队列 0/20000 [空] | Worker 32忙/4闲(88%)
[2026-08-08 11:24:49] [W-30] 🔧 开始处理 [种子仓库] walkonbothsides/subs-check [种子 242/744]
[2026-08-08 11:24:50] [W-17] ⏭️ [种子仓库] 仓库 https://github.com/parhelia512/subs-check 106h 未更新，跳过解析（无需追踪）
[2026-08-08 11:24:50] [W-17] ✅ 完成 [种子仓库] parhelia512/subs-check [种子 236/744] | 提取 0 | 新增 0 | 耗时 1s | 配额 3811/4800 03:24UTC | 主队列 44/200 发现队列 0/20000 [空] | Worker 32忙/4闲(88%)
[2026-08-08 11:24:50] [W-17] 🔧 开始处理 [种子仓库] jovinleung/cf-worker-mihomo [种子 243/744]
[2026-08-08 11:24:50] [W-14] ⏭️ [种子仓库] 仓库 https://github.com/kia678/ClashMetaForAndroid 266h 未更新，跳过解析（无需追踪）
[2026-08-08 11:24:50] [W-14] ✅ 完成 [种子仓库] kia678/ClashMetaForAndroid [种子 234/744] | 提取 0 | 新增 0 | 耗时 2s | 配额 3810/4800 03:24UTC | 主队列 43/200 发现队列 0/20000 [空] | Worker 32忙/4闲(88%)
[2026-08-08 11:24:50] [W-14] 🔧 开始处理 [种子仓库] eaglehhha/x-ui-yg [种子 244/744]
[2026-08-08 11:24:50] [W-22] ⏭️ [种子仓库] 仓库 https://github.com/lem85930/subs-check 115h 未更新，跳过解析（无需追踪）
[2026-08-08 11:24:50] [W-22] ✅ 完成 [种子仓库] lem85930/subs-check [种子 240/744] | 提取 0 | 新增 0 | 耗时 1s | 配额 3809/4800 03:24UTC | 主队列 42/200 发现队列 0/20000 [空] | Worker 32忙/4闲(88%)
[2026-08-08 11:24:50] [W-22] 🔧 开始处理 [种子仓库] hello0matter/ClashMetaForAndroid [种子 245/744]
[2026-08-08 11:24:50] [W-32] ⏭️ [种子仓库] 仓库 https://github.com/wwj-git-rgb/subs-check 112h 未更新，跳过解析（无需追踪）
[2026-08-08 11:24:50] [W-32] ✅ 完成 [种子仓库] wwj-git-rgb/subs-check [种子 237/744] | 提取 0 | 新增 0 | 耗时 1s | 配额 3808/4800 03:24UTC | 主队列 41/200 发现队列 0/20000 [空] | Worker 32忙/4闲(88%)
[2026-08-08 11:24:50] [W-32] 🔧 开始处理 [种子仓库] PG1888/cf-worker-mihomo [种子 246/744]
[2026-08-08 11:24:50] [W-21] ⏭️ [种子仓库] 仓库 https://github.com/DSLZL/subs-check 112h 未更新，跳过解析（无需追踪）
[2026-08-08 11:24:50] [W-21] ✅ 完成 [种子仓库] DSLZL/subs-check [种子 239/744] | 提取 0 | 新增 0 | 耗时 1s | 配额 3807/4800 03:24UTC | 主队列 40/200 发现队列 0/20000 [空] | Worker 32忙/4闲(88%)
[2026-08-08 11:24:50] [W-21] 🔧 开始处理 [种子仓库] fshzf/cf-worker-mihomo [种子 247/744]
[2026-08-08 11:24:51] [W-16] ⏭️ [种子仓库] 仓库 https://github.com/zhangkaiitugithub/passcro 已解析，跳过解析（无需追踪）
[2026-08-08 11:24:51] [W-16] ✅ 完成 [种子仓库] zhangkaiitugithub/passcro [种子 241/744] | 提取 0 | 新增 0 | 耗时 2s | 配额 3806/4800 03:24UTC | 主队列 39/200 发现队列 0/20000 [空] | Worker 32忙/4闲(88%)
[2026-08-08 11:24:51] [W-16] 🔧 开始处理 [种子仓库] lujiaxi2023/ClashMetaForAndroid [种子 248/744]
[2026-08-08 11:24:51] [W-17] [种子仓库] 仓库 https://github.com/jovinleung/cf-worker-mihomo (分支: main, size: 86373KB, pushed: 2026-08-07T16:54:25Z)
[2026-08-08 11:24:51] [W-14] ⏭️ [种子仓库] 仓库 https://github.com/eaglehhha/x-ui-yg 280h 未更新，跳过解析（无需追踪）
[2026-08-08 11:24:51] [W-14] ✅ 完成 [种子仓库] eaglehhha/x-ui-yg [种子 244/744] | 提取 0 | 新增 0 | 耗时 1s | 配额 3804/4800 03:24UTC | 主队列 38/200 发现队列 0/20000 [空] | Worker 32忙/4闲(88%)
[2026-08-08 11:24:51] [W-30] ⏭️ [种子仓库] 仓库 https://github.com/walkonbothsides/subs-check 116h 未更新，跳过解析（无需追踪）
[2026-08-08 11:24:51] [W-30] ✅ 完成 [种子仓库] walkonbothsides/subs-check [种子 242/744] | 提取 0 | 新增 0 | 耗时 2s | 配额 3803/4800 03:24UTC | 主队列 37/200 发现队列 0/20000 [空] | Worker 31忙/5闲(86%)
[2026-08-08 11:24:51] [W-30] 🔧 开始处理 [种子仓库] PassionAries/BestClash [种子 250/744]
[2026-08-08 11:24:51] [W-14] 🔧 开始处理 [种子仓库] NeosCat/ClashMetaForAndroid [种子 249/744]
[2026-08-08 11:24:51] [W-7] ⏭️ [种子仓库] 仓库 https://github.com/haovhd/MyClash 已解析，跳过解析（无需追踪）
[2026-08-08 11:24:51] [W-7] ✅ 完成 [种子仓库] haovhd/MyClash [种子 238/744] | 提取 0 | 新增 0 | 耗时 3s | 配额 3802/4800 03:24UTC | 主队列 36/200 发现队列 0/20000 [空] | Worker 32忙/4闲(88%)
[2026-08-08 11:24:51] [W-7] 🔧 开始处理 [种子仓库] PassionAries/x-ui-yg [种子 251/744]
[2026-08-08 11:24:51] [W-32] ⏭️ [种子仓库] 仓库 https://github.com/PG1888/cf-worker-mihomo 284h 未更新，跳过解析（无需追踪）
[2026-08-08 11:24:51] [W-32] ✅ 完成 [种子仓库] PG1888/cf-worker-mihomo [种子 246/744] | 提取 0 | 新增 0 | 耗时 1s | 配额 3801/4800 03:24UTC | 主队列 35/200 发现队列 0/20000 [空] | Worker 32忙/4闲(88%)
[2026-08-08 11:24:51] [W-32] 🔧 开始处理 [种子仓库] xiaen-8/jsnzkpg [种子 252/744]
[2026-08-08 11:24:51] [W-22] ⏭️ [种子仓库] 仓库 https://github.com/hello0matter/ClashMetaForAndroid 282h 未更新，跳过解析（无需追踪）
[2026-08-08 11:24:51] [W-22] ✅ 完成 [种子仓库] hello0matter/ClashMetaForAndroid [种子 245/744] | 提取 0 | 新增 0 | 耗时 2s | 配额 3800/4800 03:24UTC | 主队列 34/200 发现队列 0/20000 [空] | Worker 32忙/4闲(88%)
[2026-08-08 11:24:51] [W-22] 🔧 开始处理 [种子仓库] Memory2314/clash-party [种子 253/744]
[2026-08-08 11:24:52] [W-21] ⏭️ [种子仓库] 仓库 https://github.com/fshzf/cf-worker-mihomo 284h 未更新，跳过解析（无需追踪）
[2026-08-08 11:24:52] [W-21] ✅ 完成 [种子仓库] fshzf/cf-worker-mihomo [种子 247/744] | 提取 0 | 新增 0 | 耗时 1s | 配额 3799/4800 03:24UTC | 主队列 33/200 发现队列 0/20000 [空] | Worker 32忙/4闲(88%)
[2026-08-08 11:24:52] [W-21] 🔧 开始处理 [种子仓库] MetaCubeX/mihomo [种子 254/744]
[2026-08-08 11:24:52] [W-16] ⏭️ [种子仓库] 仓库 https://github.com/lujiaxi2023/ClashMetaForAndroid 285h 未更新，跳过解析（无需追踪）
[2026-08-08 11:24:52] [W-16] ✅ 完成 [种子仓库] lujiaxi2023/ClashMetaForAndroid [种子 248/744] | 提取 0 | 新增 0 | 耗时 1s | 配额 3798/4800 03:24UTC | 主队列 32/200 发现队列 0/20000 [空] | Worker 32忙/4闲(88%)
[2026-08-08 11:24:52] [W-16] 🔧 开始处理 [种子仓库] eivgogo/mihomo [种子 255/744]
[2026-08-08 11:24:53] [W-7] ⏭️ [种子仓库] 仓库 https://github.com/PassionAries/x-ui-yg 288h 未更新，跳过解析（无需追踪）
[2026-08-08 11:24:53] [W-7] ✅ 完成 [种子仓库] PassionAries/x-ui-yg [种子 251/744] | 提取 0 | 新增 0 | 耗时 2s | 配额 3797/4800 03:24UTC | 主队列 31/200 发现队列 0/20000 [空] | Worker 32忙/4闲(88%)
[2026-08-08 11:24:53] [W-22] ⏭️ [种子仓库] 仓库 https://github.com/Memory2314/clash-party 已解析，跳过解析（无需追踪）
[2026-08-08 11:24:53] [W-22] ✅ 完成 [种子仓库] Memory2314/clash-party [种子 253/744] | 提取 0 | 新增 0 | 耗时 2s | 配额 3796/4800 03:24UTC | 主队列 30/200 发现队列 0/20000 [空] | Worker 31忙/5闲(86%)
[2026-08-08 11:24:53] [W-22] 🔧 开始处理 [种子仓库] nikkinikki-org/OpenWrt-nikki [种子 257/744]
[2026-08-08 11:24:53] [W-14] ⏭️ [种子仓库] 仓库 https://github.com/NeosCat/ClashMetaForAndroid 285h 未更新，跳过解析（无需追踪）
[2026-08-08 11:24:53] [W-14] ✅ 完成 [种子仓库] NeosCat/ClashMetaForAndroid [种子 249/744] | 提取 0 | 新增 0 | 耗时 2s | 配额 3795/4800 03:24UTC | 主队列 29/200 发现队列 0/20000 [空] | Worker 31忙/5闲(86%)
[2026-08-08 11:24:53] [W-14] 🔧 开始处理 [种子仓库] khosrow1133/BPB-Worker-Panel [种子 258/744]
[2026-08-08 11:24:54] [W-7] 🔧 开始处理 [种子仓库] papaartemsmurf2002-commits/omega-core [种子 256/744]
[2026-08-08 11:24:54] [W-21] ⏭️ [种子仓库] 仓库 https://github.com/MetaCubeX/mihomo 已解析，跳过解析（无需追踪）
[2026-08-08 11:24:54] [W-21] ✅ 完成 [种子仓库] MetaCubeX/mihomo [种子 254/744] | 提取 0 | 新增 0 | 耗时 2s | 配额 3794/4800 03:24UTC | 主队列 28/200 发现队列 0/20000 [空] | Worker 32忙/4闲(88%)
[2026-08-08 11:24:54] [W-21] 🔧 开始处理 [种子仓库] wheakerd/clash-party [种子 259/744]
[2026-08-08 11:24:54] [W-16] ⏭️ [种子仓库] 仓库 https://github.com/eivgogo/mihomo 已解析，跳过解析（无需追踪）
[2026-08-08 11:24:54] [W-16] ✅ 完成 [种子仓库] eivgogo/mihomo [种子 255/744] | 提取 0 | 新增 0 | 耗时 2s | 配额 3793/4800 03:24UTC | 主队列 27/200 发现队列 0/20000 [空] | Worker 32忙/4闲(88%)
[2026-08-08 11:24:54] [W-30] ⏭️ [种子仓库] 仓库 https://github.com/PassionAries/BestClash 已解析，跳过解析（无需追踪）
[2026-08-08 11:24:54] [W-30] ✅ 完成 [种子仓库] PassionAries/BestClash [种子 250/744] | 提取 0 | 新增 0 | 耗时 3s | 配额 3792/4800 03:24UTC | 主队列 26/200 发现队列 0/20000 [空] | Worker 31忙/5闲(86%)
[2026-08-08 11:24:54] [W-30] 🔧 开始处理 [种子仓库] mikrokosmos1233/BPB-Worker-Panel [种子 261/744]
[2026-08-08 11:24:54] [W-16] 🔧 开始处理 [种子仓库] wszf/OpenSurge-for-Mac [种子 260/744]
[2026-08-08 11:24:54] [W-32] [种子仓库] 仓库 https://github.com/xiaen-8/jsnzkpg (分支: Jsnzkpg, size: 16806KB, pushed: 2026-08-08T00:55:25Z)
[2026-08-08 11:24:55] [W-14] ⏭️ [种子仓库] 仓库 https://github.com/khosrow1133/BPB-Worker-Panel 267h 未更新，跳过解析（无需追踪）
[2026-08-08 11:24:55] [W-14] ✅ 完成 [种子仓库] khosrow1133/BPB-Worker-Panel [种子 258/744] | 提取 0 | 新增 0 | 耗时 1s | 配额 3790/4800 03:24UTC | 主队列 25/200 发现队列 0/20000 [空] | Worker 32忙/4闲(88%)
[2026-08-08 11:24:55] [W-14] 🔧 开始处理 [种子仓库] feisiliang8319/OpenSurge-for-Mac [种子 262/744]
[2026-08-08 11:24:55] [W-21] [种子仓库] 仓库 https://github.com/wheakerd/clash-party (分支: smart_core, size: 18262KB, pushed: 2026-08-07T16:49:39Z)
[2026-08-08 11:24:55] [W-28] ⚠️ Partial Clone 异常: Command '['git', '-C', '/tmp/pclone_8rf0ytey', 'ls-tree', '-r', '-l', 'HEAD']' timed out after 300 seconds
[2026-08-08 11:24:55] [W-16] ⏭️ [种子仓库] 仓库 https://github.com/wszf/OpenSurge-for-Mac 275h 未更新，跳过解析（无需追踪）
[2026-08-08 11:24:55] [W-16] ✅ 完成 [种子仓库] wszf/OpenSurge-for-Mac [种子 260/744] | 提取 0 | 新增 0 | 耗时 2s | 配额 3788/4800 03:24UTC | 主队列 24/200 发现队列 0/20000 [空] | Worker 31忙/5闲(86%)
[2026-08-08 11:24:55] [W-7] ⏭️ [种子仓库] 仓库 https://github.com/papaartemsmurf2002-commits/omega-core 267h 未更新，跳过解析（无需追踪）
[2026-08-08 11:24:55] [W-7] ✅ 完成 [种子仓库] papaartemsmurf2002-commits/omega-core [种子 256/744] | 提取 0 | 新增 0 | 耗时 2s | 配额 3787/4800 03:24UTC | 主队列 23/200 发现队列 0/20000 [空] | Worker 30忙/6闲(83%)
[2026-08-08 11:24:55] [W-7] 🔧 开始处理 [种子仓库] bsjd120/OpenSurge-for-Mac [种子 264/744]
[2026-08-08 11:24:55] [W-22] [种子仓库] 仓库 https://github.com/nikkinikki-org/OpenWrt-nikki (分支: main, size: 1623KB, pushed: 2026-08-08T00:21:10Z)
[2026-08-08 11:24:55] [W-16] 🔧 开始处理 [种子仓库] LRSnowX/opensurge-for-mac [种子 263/744]
[2026-08-08 11:24:56] [W-30] ⏭️ [种子仓库] 仓库 https://github.com/mikrokosmos1233/BPB-Worker-Panel 275h 未更新，跳过解析（无需追踪）
[2026-08-08 11:24:56] [W-30] ✅ 完成 [种子仓库] mikrokosmos1233/BPB-Worker-Panel [种子 261/744] | 提取 0 | 新增 0 | 耗时 2s | 配额 3785/4800 03:24UTC | 主队列 22/200 发现队列 0/20000 [空] | Worker 31忙/5闲(86%)
[2026-08-08 11:24:56] [W-30] 🔧 开始处理 [种子仓库] guoyuan96/OpenSurge-for-Mac [种子 265/744]
[2026-08-08 11:24:57] [W-14] ⏭️ [种子仓库] 仓库 https://github.com/feisiliang8319/OpenSurge-for-Mac 275h 未更新，跳过解析（无需追踪）
[2026-08-08 11:24:57] [W-14] ✅ 完成 [种子仓库] feisiliang8319/OpenSurge-for-Mac [种子 262/744] | 提取 0 | 新增 0 | 耗时 2s | 配额 3784/4800 03:24UTC | 主队列 21/200 发现队列 0/20000 [空] | Worker 31忙/5闲(86%)
[2026-08-08 11:24:57] [W-14] 🔧 开始处理 [种子仓库] niaodian/opensurge-for-mac [种子 266/744]
[2026-08-08 11:24:57] [W-7] ⏭️ [种子仓库] 仓库 https://github.com/bsjd120/OpenSurge-for-Mac 275h 未更新，跳过解析（无需追踪）
[2026-08-08 11:24:57] [W-7] ✅ 完成 [种子仓库] bsjd120/OpenSurge-for-Mac [种子 264/744] | 提取 0 | 新增 0 | 耗时 2s | 配额 3783/4800 03:24UTC | 主队列 20/200 发现队列 0/20000 [空] | Worker 31忙/5闲(86%)
[2026-08-08 11:24:57] [W-7] 🔧 开始处理 [种子仓库] duchenpaul/nett-party [种子 267/744]
[2026-08-08 11:24:57] [种子] ▶️ 主队列 < 20（19/200），搜索恢复
[2026-08-08 11:24:57] [种子] 🔵 [种子 287/744] hjl668877/BPB-Worker-Panel | 配额 3783/4800 03:24UTC | 主队列 20/200 发现队列 0/20000 [空] | Worker 31忙/5闲(86%)
[2026-08-08 11:24:57] [种子] 🔵 [种子 288/744] dongfangy2011/Bettbox | 配额 3783/4800 03:24UTC | 主队列 21/200 发现队列 0/20000 [空] | Worker 31忙/5闲(86%)
[2026-08-08 11:24:57] [种子] 🔵 [种子 289/744] mvpjiji/Bettbox | 配额 3783/4800 03:24UTC | 主队列 22/200 发现队列 0/20000 [空] | Worker 31忙/5闲(86%)
[2026-08-08 11:24:57] [种子] 🔵 [种子 290/744] baron01/Bettbox | 配额 3783/4800 03:24UTC | 主队列 23/200 发现队列 0/20000 [空] | Worker 31忙/5闲(86%)
[2026-08-08 11:24:57] [种子] 🔵 [种子 291/744] SiliconOG/Bettbox | 配额 3783/4800 03:24UTC | 主队列 24/200 发现队列 0/20000 [空] | Worker 31忙/5闲(86%)
[2026-08-08 11:24:57] [种子] 🔵 [种子 292/744] CHANGY369/Bettbox | 配额 3783/4800 03:24UTC | 主队列 25/200 发现队列 0/20000 [空] | Worker 31忙/5闲(86%)
[2026-08-08 11:24:57] [种子] 🔵 [种子 293/744] kaijiakamian-star/Bettbox | 配额 3783/4800 03:24UTC | 主队列 26/200 发现队列 0/20000 [空] | Worker 31忙/5闲(86%)
[2026-08-08 11:24:57] [种子] 🔵 [种子 294/744] yiteei/mihomo | 配额 3783/4800 03:24UTC | 主队列 27/200 发现队列 0/20000 [空] | Worker 31忙/5闲(86%)
[2026-08-08 11:24:57] [种子] 🔵 [种子 295/744] moyanzh8866/Bettbox | 配额 3783/4800 03:24UTC | 主队列 28/200 发现队列 0/20000 [空] | Worker 31忙/5闲(86%)
[2026-08-08 11:24:57] [种子] 🔵 [种子 296/744] tiagorrg/vless-checker | 配额 3783/4800 03:24UTC | 主队列 29/200 发现队列 0/20000 [空] | Worker 31忙/5闲(86%)
[2026-08-08 11:24:57] [种子] 🔵 [种子 297/744] allonmymind/sub-store | 配额 3783/4800 03:24UTC | 主队列 30/200 发现队列 0/20000 [空] | Worker 31忙/5闲(86%)
[2026-08-08 11:24:57] [种子] 🔵 [种子 298/744] bbylw/v2ray- | 配额 3783/4800 03:24UTC | 主队列 31/200 发现队列 0/20000 [空] | Worker 31忙/5闲(86%)
[2026-08-08 11:24:57] [种子] 🔵 [种子 299/744] windy222/ios-location-spoofer | 配额 3783/4800 03:24UTC | 主队列 32/200 发现队列 0/20000 [空] | Worker 31忙/5闲(86%)
[2026-08-08 11:24:57] [种子] 🔵 [种子 300/744] monkey6468/Quantumult-X | 配额 3783/4800 03:24UTC | 主队列 33/200 发现队列 0/20000 [空] | Worker 31忙/5闲(86%)
[2026-08-08 11:24:57] [种子] 🔵 [种子 301/744] lemonno2333/wloc | 配额 3783/4800 03:24UTC | 主队列 34/200 发现队列 0/20000 [空] | Worker 31忙/5闲(86%)
[2026-08-08 11:24:57] [种子] 🔵 [种子 302/744] kelvinsze/QuantumultX | 配额 3783/4800 03:24UTC | 主队列 35/200 发现队列 0/20000 [空] | Worker 31忙/5闲(86%)
[2026-08-08 11:24:57] [种子] 🔵 [种子 303/744] mister-nikitos/zieng2-wl-stash | 配额 3783/4800 03:24UTC | 主队列 36/200 发现队列 0/20000 [空] | Worker 31忙/5闲(86%)
[2026-08-08 11:24:57] [种子] 🔵 [种子 304/744] ddx-ai/stash | 配额 3783/4800 03:24UTC | 主队列 37/200 发现队列 0/20000 [空] | Worker 31忙/5闲(86%)
[2026-08-08 11:24:57] [种子] 🔵 [种子 305/744] vaseem77/stashtask | 配额 3783/4800 03:24UTC | 主队列 38/200 发现队列 0/20000 [空] | Worker 31忙/5闲(86%)
[2026-08-08 11:24:57] [种子] 🔵 [种子 306/744] vxncxntcxdxr/stash | 配额 3783/4800 03:24UTC | 主队列 39/200 发现队列 0/20000 [空] | Worker 31忙/5闲(86%)
[2026-08-08 11:24:57] [种子] 🔵 [种子 307/744] xiaoqinglee/clash-verge-rev | 配额 3783/4800 03:24UTC | 主队列 40/200 发现队列 0/20000 [空] | Worker 31忙/5闲(86%)
[2026-08-08 11:24:57] [种子] 🔵 [种子 308/744] lucienlmy/clash-verge-rev | 配额 3783/4800 03:24UTC | 主队列 41/200 发现队列 0/20000 [空] | Worker 31忙/5闲(86%)
[2026-08-08 11:24:57] [种子] 🔵 [种子 309/744] AntarcticBruin/clash-verge-rev | 配额 3783/4800 03:24UTC | 主队列 42/200 发现队列 0/20000 [空] | Worker 31忙/5闲(86%)
[2026-08-08 11:24:57] [种子] 🔵 [种子 310/744] fucheng-guo-sun/clash-verge-rev | 配额 3783/4800 03:24UTC | 主队列 43/200 发现队列 0/20000 [空] | Worker 31忙/5闲(86%)
[2026-08-08 11:24:57] [种子] 🔵 [种子 311/744] bxvs888/clash-verge-rev | 配额 3783/4800 03:24UTC | 主队列 44/200 发现队列 0/20000 [空] | Worker 31忙/5闲(86%)
[2026-08-08 11:24:57] [种子] 🔵 [种子 312/744] sg-evals/clash-verge-rev-clash-verge-rev | 配额 3783/4800 03:24UTC | 主队列 45/200 发现队列 0/20000 [空] | Worker 31忙/5闲(86%)
[2026-08-08 11:24:57] [种子] 🔵 [种子 313/744] wysha-object/clash-verge-rev | 配额 3783/4800 03:24UTC | 主队列 46/200 发现队列 0/20000 [空] | Worker 31忙/5闲(86%)
[2026-08-08 11:24:57] [种子] 🔵 [种子 314/744] PowerfulShell/clash-verge-rev | 配额 3783/4800 03:24UTC | 主队列 47/200 发现队列 0/20000 [空] | Worker 31忙/5闲(86%)
[2026-08-08 11:24:57] [种子] 🔵 [种子 315/744] vchen163-ai/clash-verge-rev | 配额 3783/4800 03:24UTC | 主队列 48/200 发现队列 0/20000 [空] | Worker 31忙/5闲(86%)
[2026-08-08 11:24:57] [种子] 🔵 [种子 316/744] efanskygz/clash-verge-rev | 配额 3783/4800 03:24UTC | 主队列 49/200 发现队列 0/20000 [空] | Worker 31忙/5闲(86%)
[2026-08-08 11:24:57] [种子] 🔵 [种子 317/744] Tory-Xu/clash-verge-rev | 配额 3783/4800 03:24UTC | 主队列 50/200 发现队列 0/20000 [空] | Worker 31忙/5闲(86%)
[2026-08-08 11:24:57] [种子] 🔵 [种子 318/744] xiaojiu-li/clash-verge-rev | 配额 3783/4800 03:24UTC | 主队列 51/200 发现队列 0/20000 [空] | Worker 31忙/5闲(86%)
[2026-08-08 11:24:57] [种子] 🔵 [种子 319/744] zss66/clash-verge-rev | 配额 3783/4800 03:24UTC | 主队列 52/200 发现队列 0/20000 [空] | Worker 31忙/5闲(86%)
[2026-08-08 11:24:57] [种子] 🔵 [种子 320/744] feixintianxia/clash-verge-rev_clash-verge-rev | 配额 3783/4800 03:24UTC | 主队列 53/200 发现队列 0/20000 [空] | Worker 31忙/5闲(86%)
[2026-08-08 11:24:57] [种子] 🔵 [种子 321/744] wenhao26/clash-verge-rev | 配额 3783/4800 03:24UTC | 主队列 54/200 发现队列 0/20000 [空] | Worker 31忙/5闲(86%)
[2026-08-08 11:24:57] [种子] 🔵 [种子 322/744] terencewangjinbo/clash-verge-rev | 配额 3783/4800 03:24UTC | 主队列 55/200 发现队列 0/20000 [空] | Worker 31忙/5闲(86%)
[2026-08-08 11:24:57] [种子] 🔵 [种子 323/744] JanLee123/clash-verge-rev | 配额 3783/4800 03:24UTC | 主队列 56/200 发现队列 0/20000 [空] | Worker 31忙/5闲(86%)
[2026-08-08 11:24:57] [种子] 🔵 [种子 324/744] 56782666zhang-svg/clash-verge-rev | 配额 3783/4800 03:24UTC | 主队列 57/200 发现队列 0/20000 [空] | Worker 31忙/5闲(86%)
[2026-08-08 11:24:57] [种子] 🔵 [种子 325/744] LynnZhu/clash-verge-rev | 配额 3783/4800 03:24UTC | 主队列 58/200 发现队列 0/20000 [空] | Worker 31忙/5闲(86%)
[2026-08-08 11:24:57] [种子] 🔵 [种子 326/744] whaike/clash-verge-rev | 配额 3783/4800 03:24UTC | 主队列 59/200 发现队列 0/20000 [空] | Worker 31忙/5闲(86%)
[2026-08-08 11:24:58] [W-16] ⏭️ [种子仓库] 仓库 https://github.com/LRSnowX/opensurge-for-mac 275h 未更新，跳过解析（无需追踪）
[2026-08-08 11:24:58] [W-16] ✅ 完成 [种子仓库] LRSnowX/opensurge-for-mac [种子 263/744] | 提取 0 | 新增 0 | 耗时 2s | 配额 3782/4800 03:24UTC | 主队列 60/200 发现队列 0/20000 [空] | Worker 31忙/5闲(86%)
[2026-08-08 11:24:57] [种子] 🔵 [种子 327/744] Lim-123-456/clash-verge-rev | 配额 3783/4800 03:24UTC | 主队列 60/200 发现队列 0/20000 [空] | Worker 31忙/5闲(86%)
[2026-08-08 11:24:58] [种子] 🔵 [种子 328/744] lingxiaobc/clash-verge-rev | 配额 3782/4800 03:24UTC | 主队列 60/200 发现队列 0/20000 [空] | Worker 30忙/6闲(83%)
[2026-08-08 11:24:58] [种子] 🔵 [种子 329/744] gc801/clash-verge-rev | 配额 3782/4800 03:24UTC | 主队列 61/200 发现队列 0/20000 [空] | Worker 30忙/6闲(83%)
[2026-08-08 11:24:58] [种子] 🔵 [种子 330/744] hyqzj2000/V2RayAggregator | 配额 3782/4800 03:24UTC | 主队列 62/200 发现队列 0/20000 [空] | Worker 30忙/6闲(83%)
[2026-08-08 11:24:58] [种子] 🔵 [种子 331/744] googbad/V2RayAggregator | 配额 3782/4800 03:24UTC | 主队列 63/200 发现队列 0/20000 [空] | Worker 30忙/6闲(83%)
[2026-08-08 11:24:58] [种子] 🔵 [种子 332/744] chennijy/V2RayAggregator | 配额 3782/4800 03:24UTC | 主队列 64/200 发现队列 0/20000 [空] | Worker 30忙/6闲(83%)
[2026-08-08 11:24:58] [种子] 🔵 [种子 333/744] happyzhoujay/V2RayAggregator | 配额 3782/4800 03:24UTC | 主队列 65/200 发现队列 0/20000 [空] | Worker 30忙/6闲(83%)
[2026-08-08 11:24:58] [种子] 🔵 [种子 334/744] g4384631-cmyk/V2RayAggregator | 配额 3782/4800 03:24UTC | 主队列 66/200 发现队列 0/20000 [空] | Worker 30忙/6闲(83%)
[2026-08-08 11:24:58] [种子] 🔵 [种子 335/744] rostamimohammadamin8-dot/V2RayAggregator | 配额 3782/4800 03:24UTC | 主队列 67/200 发现队列 0/20000 [空] | Worker 30忙/6闲(83%)
[2026-08-08 11:24:58] [种子] 🔵 [种子 336/744] Bulichrun/V2RayAggregator | 配额 3782/4800 03:24UTC | 主队列 68/200 发现队列 0/20000 [空] | Worker 30忙/6闲(83%)
[2026-08-08 11:24:58] [种子] 🔵 [种子 337/744] Night-Days/NekoBoxForAndroid | 配额 3782/4800 03:24UTC | 主队列 69/200 发现队列 0/20000 [空] | Worker 30忙/6闲(83%)
[2026-08-08 11:24:58] [种子] 🔵 [种子 338/744] chen08209/FlClash | 配额 3782/4800 03:24UTC | 主队列 70/200 发现队列 0/20000 [空] | Worker 30忙/6闲(83%)
[2026-08-08 11:24:58] [种子] 🔵 [种子 339/744] cccccpppppfffff/FlClash | 配额 3782/4800 03:24UTC | 主队列 71/200 发现队列 0/20000 [空] | Worker 30忙/6闲(83%)
[2026-08-08 11:24:58] [种子] 🔵 [种子 340/744] kyay006/FlClash | 配额 3782/4800 03:24UTC | 主队列 72/200 发现队列 0/20000 [空] | Worker 30忙/6闲(83%)
[2026-08-08 11:24:58] [种子] 🔵 [种子 341/744] Bors6656/free-vpn-sub | 配额 3782/4800 03:24UTC | 主队列 73/200 发现队列 0/20000 [空] | Worker 30忙/6闲(83%)
[2026-08-08 11:24:58] [种子] 🔵 [种子 342/744] monomono98/FREE-sub | 配额 3782/4800 03:24UTC | 主队列 74/200 发现队列 0/20000 [空] | Worker 30忙/6闲(83%)
[2026-08-08 11:24:58] [种子] 🔵 [种子 343/744] anonymous99-Rise/get_subscribe | 配额 3782/4800 03:24UTC | 主队列 75/200 发现队列 0/20000 [空] | Worker 30忙/6闲(83%)
[2026-08-08 11:24:58] [种子] 🔵 [种子 344/744] onlymeoneme/v2ray_subs | 配额 3782/4800 03:24UTC | 主队列 76/200 发现队列 0/20000 [空] | Worker 30忙/6闲(83%)
[2026-08-08 11:24:58] [种子] 🔵 [种子 345/744] rankalpha/v2ray_sub | 配额 3782/4800 03:24UTC | 主队列 77/200 发现队列 0/20000 [空] | Worker 30忙/6闲(83%)
[2026-08-08 11:24:58] [种子] 🔵 [种子 346/744] shervinofpersia/Subscrip | 配额 3782/4800 03:24UTC | 主队列 78/200 发现队列 0/20000 [空] | Worker 30忙/6闲(83%)
[2026-08-08 11:24:58] [种子] 🔵 [种子 347/744] YawStar/Proxy-Hunter | 配额 3782/4800 03:24UTC | 主队列 79/200 发现队列 0/20000 [空] | Worker 30忙/6闲(83%)
[2026-08-08 11:24:58] [种子] 🔵 [种子 348/744] akafshdouz/v2ray-sub | 配额 3782/4800 03:24UTC | 主队列 80/200 发现队列 0/20000 [空] | Worker 30忙/6闲(83%)
[2026-08-08 11:24:58] [种子] ⏸️  主队列 ≥ 80（80/200），搜索暂停
[2026-08-08 11:24:58] [W-16] 🔧 开始处理 [种子仓库] davidq168/BPB-Worker-Panel [种子 268/744]
[2026-08-08 11:24:58] [W-30] ⏭️ [种子仓库] 仓库 https://github.com/guoyuan96/OpenSurge-for-Mac 275h 未更新，跳过解析（无需追踪）
[2026-08-08 11:24:58] [W-30] ✅ 完成 [种子仓库] guoyuan96/OpenSurge-for-Mac [种子 265/744] | 提取 0 | 新增 0 | 耗时 2s | 配额 3781/4800 03:24UTC | 主队列 80/200 发现队列 0/20000 [空] | Worker 31忙/5闲(86%)
[2026-08-08 11:24:58] [W-30] 🔧 开始处理 [种子仓库] zss12345678-a/mihomo [种子 269/744]
[2026-08-08 11:24:59] [W-7] ⏭️ [种子仓库] 仓库 https://github.com/duchenpaul/nett-party 276h 未更新，跳过解析（无需追踪）
[2026-08-08 11:24:59] [W-7] ✅ 完成 [种子仓库] duchenpaul/nett-party [种子 267/744] | 提取 0 | 新增 0 | 耗时 2s | 配额 3780/4800 03:24UTC | 主队列 79/200 发现队列 0/20000 [空] | Worker 31忙/5闲(86%)
[2026-08-08 11:24:59] [W-7] 🔧 开始处理 [种子仓库] NotNoneX/MetaCubeXD [种子 270/744]
[2026-08-08 11:24:59] [W-16] ⏭️ [种子仓库] 仓库 https://github.com/davidq168/BPB-Worker-Panel 277h 未更新，跳过解析（无需追踪）
[2026-08-08 11:24:59] [W-16] ✅ 完成 [种子仓库] davidq168/BPB-Worker-Panel [种子 268/744] | 提取 0 | 新增 0 | 耗时 2s | 配额 3779/4800 03:24UTC | 主队列 78/200 发现队列 0/20000 [空] | Worker 31忙/5闲(86%)
[2026-08-08 11:24:59] [W-16] 🔧 开始处理 [种子仓库] hyperwd/subboost [种子 271/744]
[2026-08-08 11:24:59] [W-14] ⏭️ [种子仓库] 仓库 https://github.com/niaodian/opensurge-for-mac 275h 未更新，跳过解析（无需追踪）
[2026-08-08 11:24:59] [W-14] ✅ 完成 [种子仓库] niaodian/opensurge-for-mac [种子 266/744] | 提取 0 | 新增 0 | 耗时 2s | 配额 3778/4800 03:24UTC | 主队列 77/200 发现队列 0/20000 [空] | Worker 31忙/5闲(86%)
[2026-08-08 11:25:00] [W-14] 🔧 开始处理 [种子仓库] charys117/metacubexd [种子 272/744]
[2026-08-08 11:25:00] [W-30] ⏭️ [种子仓库] 仓库 https://github.com/zss12345678-a/mihomo 已解析，跳过解析（无需追踪）
[2026-08-08 11:25:00] [W-30] ✅ 完成 [种子仓库] zss12345678-a/mihomo [种子 269/744] | 提取 0 | 新增 0 | 耗时 2s | 配额 3777/4800 03:25UTC | 主队列 76/200 发现队列 0/20000 [空] | Worker 31忙/5闲(86%)
[2026-08-08 11:25:00] [W-30] 🔧 开始处理 [种子仓库] laoxiao789/metacubexd [种子 273/744]
[2026-08-08 11:25:00] [W-7] ⏭️ [种子仓库] 仓库 https://github.com/NotNoneX/MetaCubeXD 158h 未更新，跳过解析（无需追踪）
[2026-08-08 11:25:00] [W-7] ✅ 完成 [种子仓库] NotNoneX/MetaCubeXD [种子 270/744] | 提取 0 | 新增 0 | 耗时 1s | 配额 3776/4800 03:25UTC | 主队列 75/200 发现队列 0/20000 [空] | Worker 31忙/5闲(86%)
[2026-08-08 11:25:00] [W-7] 🔧 开始处理 [种子仓库] talwayh1/mihomo [种子 274/744]
[2026-08-08 11:25:00] [W-13] 📦 Partial Clone: 16 个文件（零 API 配额）
[2026-08-08 11:25:00] [W-16] ⏭️ [种子仓库] 仓库 https://github.com/hyperwd/subboost 279h 未更新，跳过解析（无需追踪）
[2026-08-08 11:25:00] [W-16] ✅ 完成 [种子仓库] hyperwd/subboost [种子 271/744] | 提取 0 | 新增 0 | 耗时 1s | 配额 3775/4800 03:25UTC | 主队列 74/200 发现队列 0/20000 [空] | Worker 30忙/6闲(83%)
[2026-08-08 11:25:01] [W-14] ⏭️ [种子仓库] 仓库 https://github.com/charys117/metacubexd 159h 未更新，跳过解析（无需追踪）
[2026-08-08 11:25:01] [W-14] ✅ 完成 [种子仓库] charys117/metacubexd [种子 272/744] | 提取 0 | 新增 0 | 耗时 1s | 配额 3774/4800 03:25UTC | 主队列 73/200 发现队列 0/20000 [空] | Worker 30忙/6闲(83%)
[2026-08-08 11:25:01] [W-30] ⏭️ [种子仓库] 仓库 https://github.com/laoxiao789/metacubexd 159h 未更新，跳过解析（无需追踪）
[2026-08-08 11:25:01] [W-30] ✅ 完成 [种子仓库] laoxiao789/metacubexd [种子 273/744] | 提取 0 | 新增 0 | 耗时 1s | 配额 3773/4800 03:25UTC | 主队列 72/200 发现队列 0/20000 [空] | Worker 29忙/7闲(80%)
[2026-08-08 11:25:01] [W-30] 🔧 开始处理 [种子仓库] Rainbowend/clash-party [种子 277/744]
[2026-08-08 11:25:01] [W-14] 🔧 开始处理 [种子仓库] Qing6888T/BPB-Worker-Panel [种子 276/744]
[2026-08-08 11:25:01] [W-13] 仓库 https://github.com/luxxuria/harvester 候选文件 4 个
[2026-08-08 11:25:00] [W-16] 🔧 开始处理 [种子仓库] andyleesoso94/clashmi [种子 275/744]
[2026-08-08 11:25:02] [W-7] ⏭️ [种子仓库] 仓库 https://github.com/talwayh1/mihomo 282h 未更新，跳过解析（无需追踪）
[2026-08-08 11:25:02] [W-7] ✅ 完成 [种子仓库] talwayh1/mihomo [种子 274/744] | 提取 0 | 新增 0 | 耗时 2s | 配额 3772/4800 03:25UTC | 主队列 71/200 发现队列 0/20000 [空] | Worker 30忙/6闲(83%)
[2026-08-08 11:25:02] [W-7] 🔧 开始处理 [种子仓库] Jeffrey-done/CATVPN [种子 278/744]
[2026-08-08 11:25:02] [W-16] ⏭️ [种子仓库] 仓库 https://github.com/andyleesoso94/clashmi 283h 未更新，跳过解析（无需追踪）
[2026-08-08 11:25:02] [W-16] ✅ 完成 [种子仓库] andyleesoso94/clashmi [种子 275/744] | 提取 0 | 新增 0 | 耗时 1s | 配额 3771/4800 03:25UTC | 主队列 70/200 发现队列 0/20000 [空] | Worker 30忙/6闲(83%)
[2026-08-08 11:25:02] [W-16] 🔧 开始处理 [种子仓库] oxygen121/rules-mrs [种子 279/744]
[2026-08-08 11:25:02] [W-14] ⏭️ [种子仓库] 仓库 https://github.com/Qing6888T/BPB-Worker-Panel 284h 未更新，跳过解析（无需追踪）
[2026-08-08 11:25:02] [W-14] ✅ 完成 [种子仓库] Qing6888T/BPB-Worker-Panel [种子 276/744] | 提取 0 | 新增 0 | 耗时 1s | 配额 3770/4800 03:25UTC | 主队列 69/200 发现队列 0/20000 [空] | Worker 30忙/6闲(83%)
[2026-08-08 11:25:02] [W-14] 🔧 开始处理 [种子仓库] meshmeshqe/mihomo [种子 280/744]
[2026-08-08 11:25:02] [W-30] ⏭️ [种子仓库] 仓库 https://github.com/Rainbowend/clash-party 已解析，跳过解析（无需追踪）
[2026-08-08 11:25:02] [W-30] ✅ 完成 [种子仓库] Rainbowend/clash-party [种子 277/744] | 提取 0 | 新增 0 | 耗时 1s | 配额 3769/4800 03:25UTC | 主队列 68/200 发现队列 0/20000 [空] | Worker 30忙/6闲(83%)
[2026-08-08 11:25:02] [W-30] 🔧 开始处理 [种子仓库] wenxing666/mihomo [种子 281/744]
[2026-08-08 11:25:03] [W-27] 📦 Partial Clone: 366 个文件（零 API 配额）
[2026-08-08 11:25:03] [W-16] ⏭️ [种子仓库] 仓库 https://github.com/oxygen121/rules-mrs 已解析，跳过解析（无需追踪）
[2026-08-08 11:25:03] [W-16] ✅ 完成 [种子仓库] oxygen121/rules-mrs [种子 279/744] | 提取 0 | 新增 0 | 耗时 1s | 配额 3768/4800 03:25UTC | 主队列 67/200 发现队列 0/20000 [空] | Worker 29忙/7闲(80%)
[2026-08-08 11:25:03] [W-16] 🔧 开始处理 [种子仓库] FairyWorld/fq_clash-party [种子 282/744]
[2026-08-08 11:25:03] [W-14] ⏭️ [种子仓库] 仓库 https://github.com/meshmeshqe/mihomo 285h 未更新，跳过解析（无需追踪）
[2026-08-08 11:25:03] [W-14] ✅ 完成 [种子仓库] meshmeshqe/mihomo [种子 280/744] | 提取 0 | 新增 0 | 耗时 2s | 配额 3767/4800 03:25UTC | 主队列 66/200 发现队列 0/20000 [空] | Worker 29忙/7闲(80%)
[2026-08-08 11:25:03] [W-14] 🔧 开始处理 [种子仓库] zzm1908822163/clash-party [种子 283/744]
[2026-08-08 11:25:04] [W-7] ⏭️ [种子仓库] 仓库 https://github.com/Jeffrey-done/CATVPN 已解析，跳过解析（无需追踪）
[2026-08-08 11:25:04] [W-7] ✅ 完成 [种子仓库] Jeffrey-done/CATVPN [种子 278/744] | 提取 0 | 新增 0 | 耗时 2s | 配额 3766/4800 03:25UTC | 主队列 65/200 发现队列 0/20000 [空] | Worker 29忙/7闲(80%)
[2026-08-08 11:25:04] [W-7] 🔧 开始处理 [种子仓库] Fldicoahkiin/clash-party [种子 284/744]
[2026-08-08 11:25:04] [W-30] ⏭️ [种子仓库] 仓库 https://github.com/wenxing666/mihomo 286h 未更新，跳过解析（无需追踪）
[2026-08-08 11:25:04] [W-30] ✅ 完成 [种子仓库] wenxing666/mihomo [种子 281/744] | 提取 0 | 新增 0 | 耗时 2s | 配额 3765/4800 03:25UTC | 主队列 64/200 发现队列 0/20000 [空] | Worker 29忙/7闲(80%)
[2026-08-08 11:25:04] [W-30] 🔧 开始处理 [种子仓库] penndu/mihomo-party [种子 285/744]
[2026-08-08 11:25:04] [W-14] ⏭️ [种子仓库] 仓库 https://github.com/zzm1908822163/clash-party 已解析，跳过解析（无需追踪）
[2026-08-08 11:25:04] [W-14] ✅ 完成 [种子仓库] zzm1908822163/clash-party [种子 283/744] | 提取 0 | 新增 0 | 耗时 1s | 配额 3764/4800 03:25UTC | 主队列 63/200 发现队列 0/20000 [空] | Worker 29忙/7闲(80%)
[2026-08-08 11:25:04] [W-14] 🔧 开始处理 [种子仓库] trilliverse/clash-for-linux [种子 286/744]
[2026-08-08 11:25:05] [W-16] ⏭️ [种子仓库] 仓库 https://github.com/FairyWorld/fq_clash-party 已解析，跳过解析（无需追踪）
[2026-08-08 11:25:05] [W-16] ✅ 完成 [种子仓库] FairyWorld/fq_clash-party [种子 282/744] | 提取 0 | 新增 0 | 耗时 2s | 配额 3763/4800 03:25UTC | 主队列 62/200 发现队列 0/20000 [空] | Worker 29忙/7闲(80%)
[2026-08-08 11:25:05] [W-7] ⏭️ [种子仓库] 仓库 https://github.com/Fldicoahkiin/clash-party 已解析，跳过解析（无需追踪）
[2026-08-08 11:25:05] [W-7] ✅ 完成 [种子仓库] Fldicoahkiin/clash-party [种子 284/744] | 提取 0 | 新增 0 | 耗时 2s | 配额 3762/4800 03:25UTC | 主队列 61/200 发现队列 0/20000 [空] | Worker 28忙/8闲(77%)
[2026-08-08 11:25:05] [W-7] 🔧 开始处理 [种子仓库] dongfangy2011/Bettbox [种子 288/744]
[2026-08-08 11:25:06] [W-16] 🔧 开始处理 [种子仓库] hjl668877/BPB-Worker-Panel [种子 287/744]
[2026-08-08 11:25:06] [W-30] ⏭️ [种子仓库] 仓库 https://github.com/penndu/mihomo-party 已解析，跳过解析（无需追踪）
[2026-08-08 11:25:06] [W-30] ✅ 完成 [种子仓库] penndu/mihomo-party [种子 285/744] | 提取 0 | 新增 0 | 耗时 2s | 配额 3761/4800 03:25UTC | 主队列 60/200 发现队列 0/20000 [空] | Worker 29忙/7闲(80%)
[2026-08-08 11:25:06] [W-30] 🔧 开始处理 [种子仓库] mvpjiji/Bettbox [种子 289/744]
[2026-08-08 11:25:06] [W-14] ⏭️ [种子仓库] 仓库 https://github.com/trilliverse/clash-for-linux 288h 未更新，跳过解析（无需追踪）
[2026-08-08 11:25:06] [W-14] ✅ 完成 [种子仓库] trilliverse/clash-for-linux [种子 286/744] | 提取 0 | 新增 0 | 耗时 2s | 配额 3760/4800 03:25UTC | 主队列 59/200 发现队列 0/20000 [空] | Worker 29忙/7闲(80%)
[2026-08-08 11:25:06] [W-14] 🔧 开始处理 [种子仓库] baron01/Bettbox [种子 290/744]
[2026-08-08 11:25:06] [W-33] 仓库 https://github.com/clift190/v2rayN 无候选文件 (总计 421 blob, 扩展名过滤 371, processed_shas 跳过 0, SHA 缓存跳过 50)
[2026-08-08 11:25:06] [W-33] ✅ 完成 [种子仓库] clift190/v2rayN [种子 113/744] | 提取 0 | 新增 0 | 耗时 312s | 配额 3760/4800 03:25UTC | 主队列 58/200 发现队列 0/20000 [空] | Worker 29忙/7闲(80%)
[2026-08-08 11:25:06] [W-20] 仓库 https://github.com/xiechangan123/v2rayNG 无候选文件 (总计 366 blob, 扩展名过滤 343, processed_shas 跳过 0, SHA 缓存跳过 23)
[2026-08-08 11:25:06] [W-20] ✅ 完成 [种子仓库] xiechangan123/v2rayNG [种子 133/744] | 提取 0 | 新增 0 | 耗时 292s | 配额 3760/4800 03:25UTC | 主队列 57/200 发现队列 0/20000 [空] | Worker 29忙/7闲(80%)
[2026-08-08 11:25:06] [W-33] 🔧 开始处理 [种子仓库] SiliconOG/Bettbox [种子 291/744]
[2026-08-08 11:25:07] [W-16] ⏭️ [种子仓库] 仓库 https://github.com/hjl668877/BPB-Worker-Panel 288h 未更新，跳过解析（无需追踪）
[2026-08-08 11:25:07] [W-16] ✅ 完成 [种子仓库] hjl668877/BPB-Worker-Panel [种子 287/744] | 提取 0 | 新增 0 | 耗时 1s | 配额 3759/4800 03:25UTC | 主队列 56/200 发现队列 0/20000 [空] | Worker 30忙/6闲(83%)
[2026-08-08 11:25:07] [W-16] 🔧 开始处理 [种子仓库] kaijiakamian-star/Bettbox [种子 293/744]
[2026-08-08 11:25:07] [W-20] 🔧 开始处理 [种子仓库] CHANGY369/Bettbox [种子 292/744]
[2026-08-08 11:25:07] [W-7] ⏭️ [种子仓库] 仓库 https://github.com/dongfangy2011/Bettbox 288h 未更新，跳过解析（无需追踪）
[2026-08-08 11:25:07] [W-7] ✅ 完成 [种子仓库] dongfangy2011/Bettbox [种子 288/744] | 提取 0 | 新增 0 | 耗时 2s | 配额 3758/4800 03:25UTC | 主队列 55/200 发现队列 0/20000 [空] | Worker 31忙/5闲(86%)
[2026-08-08 11:25:07] [W-7] 🔧 开始处理 [种子仓库] yiteei/mihomo [种子 294/744]
[2026-08-08 11:25:07] [W-14] ⏭️ [种子仓库] 仓库 https://github.com/baron01/Bettbox 288h 未更新，跳过解析（无需追踪）
[2026-08-08 11:25:07] [W-14] ✅ 完成 [种子仓库] baron01/Bettbox [种子 290/744] | 提取 0 | 新增 0 | 耗时 1s | 配额 3757/4800 03:25UTC | 主队列 54/200 发现队列 0/20000 [空] | Worker 31忙/5闲(86%)
[2026-08-08 11:25:07] [W-30] ⏭️ [种子仓库] 仓库 https://github.com/mvpjiji/Bettbox 288h 未更新，跳过解析（无需追踪）
[2026-08-08 11:25:07] [W-30] ✅ 完成 [种子仓库] mvpjiji/Bettbox [种子 289/744] | 提取 0 | 新增 0 | 耗时 2s | 配额 3756/4800 03:25UTC | 主队列 53/200 发现队列 0/20000 [空] | Worker 30忙/6闲(83%)
[2026-08-08 11:25:07] [W-30] 🔧 开始处理 [种子仓库] tiagorrg/vless-checker [种子 296/744]
[2026-08-08 11:25:08] [W-14] 🔧 开始处理 [种子仓库] moyanzh8866/Bettbox [种子 295/744]
[2026-08-08 11:25:08] [W-20] ⏭️ [种子仓库] 仓库 https://github.com/CHANGY369/Bettbox 288h 未更新，跳过解析（无需追踪）
[2026-08-08 11:25:08] [W-16] ⏭️ [种子仓库] 仓库 https://github.com/kaijiakamian-star/Bettbox 288h 未更新，跳过解析（无需追踪）
[2026-08-08 11:25:08] [W-16] ✅ 完成 [种子仓库] kaijiakamian-star/Bettbox [种子 293/744] | 提取 0 | 新增 0 | 耗时 1s | 配额 3754/4800 03:25UTC | 主队列 52/200 发现队列 0/20000 [空] | Worker 31忙/5闲(86%)
[2026-08-08 11:25:08] [W-16] 🔧 开始处理 [种子仓库] allonmymind/sub-store [种子 297/744]
[2026-08-08 11:25:08] [W-33] ⏭️ [种子仓库] 仓库 https://github.com/SiliconOG/Bettbox 288h 未更新，跳过解析（无需追踪）
[2026-08-08 11:25:08] [W-33] ✅ 完成 [种子仓库] SiliconOG/Bettbox [种子 291/744] | 提取 0 | 新增 0 | 耗时 2s | 配额 3753/4800 03:25UTC | 主队列 51/200 发现队列 0/20000 [空] | Worker 31忙/5闲(86%)
[2026-08-08 11:25:08] [W-20] ✅ 完成 [种子仓库] CHANGY369/Bettbox [种子 292/744] | 提取 0 | 新增 0 | 耗时 1s | 配额 3755/4800 03:25UTC | 主队列 50/200 发现队列 0/20000 [空] | Worker 30忙/6闲(83%)
[2026-08-08 11:25:08] [W-20] 🔧 开始处理 [种子仓库] windy222/ios-location-spoofer [种子 299/744]
[2026-08-08 11:25:08] [W-33] 🔧 开始处理 [种子仓库] bbylw/v2ray- [种子 298/744]
[2026-08-08 11:25:09] [W-14] ⏭️ [种子仓库] 仓库 https://github.com/moyanzh8866/Bettbox 288h 未更新，跳过解析（无需追踪）
[2026-08-08 11:25:09] [W-14] ✅ 完成 [种子仓库] moyanzh8866/Bettbox [种子 295/744] | 提取 0 | 新增 0 | 耗时 1s | 配额 3752/4800 03:25UTC | 主队列 49/200 发现队列 0/20000 [空] | Worker 31忙/5闲(86%)
[2026-08-08 11:25:09] [W-14] 🔧 开始处理 [种子仓库] monkey6468/Quantumult-X [种子 300/744]
[2026-08-08 11:25:09] [W-7] ⏭️ [种子仓库] 仓库 https://github.com/yiteei/mihomo 196h 未更新，跳过解析（无需追踪）
[2026-08-08 11:25:09] [W-7] ✅ 完成 [种子仓库] yiteei/mihomo [种子 294/744] | 提取 0 | 新增 0 | 耗时 2s | 配额 3751/4800 03:25UTC | 主队列 48/200 发现队列 0/20000 [空] | Worker 31忙/5闲(86%)
[2026-08-08 11:25:09] [W-7] 🔧 开始处理 [种子仓库] lemonno2333/wloc [种子 301/744]
[2026-08-08 11:25:09] [W-30] [种子仓库] 仓库 https://github.com/tiagorrg/vless-checker (分支: main, size: 7268KB, pushed: 2026-08-08T02:01:35Z)
[2026-08-08 11:25:10] [W-16] ⏭️ [种子仓库] 仓库 https://github.com/allonmymind/sub-store 276h 未更新，跳过解析（无需追踪）
[2026-08-08 11:25:10] [W-16] ✅ 完成 [种子仓库] allonmymind/sub-store [种子 297/744] | 提取 0 | 新增 0 | 耗时 2s | 配额 3749/4800 03:25UTC | 主队列 47/200 发现队列 0/20000 [空] | Worker 31忙/5闲(86%)
[2026-08-08 11:25:10] [W-16] 🔧 开始处理 [种子仓库] kelvinsze/QuantumultX [种子 302/744]
[2026-08-08 11:25:10] [W-20] ⏭️ [种子仓库] 仓库 https://github.com/windy222/ios-location-spoofer 288h 未更新，跳过解析（无需追踪）
[2026-08-08 11:25:10] [W-20] ✅ 完成 [种子仓库] windy222/ios-location-spoofer [种子 299/744] | 提取 0 | 新增 0 | 耗时 2s | 配额 3748/4800 03:25UTC | 主队列 46/200 发现队列 0/20000 [空] | Worker 31忙/5闲(86%)
[2026-08-08 11:25:10] [W-20] 🔧 开始处理 [种子仓库] mister-nikitos/zieng2-wl-stash [种子 303/744]
[2026-08-08 11:25:10] [W-14] [种子仓库] 仓库 https://github.com/monkey6468/Quantumult-X (分支: master, size: 13914KB, pushed: 2026-08-08T03:17:57Z)
[2026-08-08 11:25:10] [W-33] ⏭️ [种子仓库] 仓库 https://github.com/bbylw/v2ray- 已解析，跳过解析（无需追踪）
[2026-08-08 11:25:10] [W-33] ✅ 完成 [种子仓库] bbylw/v2ray- [种子 298/744] | 提取 0 | 新增 0 | 耗时 2s | 配额 3746/4800 03:25UTC | 主队列 45/200 发现队列 0/20000 [空] | Worker 31忙/5闲(86%)
[2026-08-08 11:25:10] [W-33] 🔧 开始处理 [种子仓库] ddx-ai/stash [种子 304/744]
[2026-08-08 11:25:10] [W-7] ⏭️ [种子仓库] 仓库 https://github.com/lemonno2333/wloc 262h 未更新，跳过解析（无需追踪）
[2026-08-08 11:25:10] [W-7] ✅ 完成 [种子仓库] lemonno2333/wloc [种子 301/744] | 提取 0 | 新增 0 | 耗时 1s | 配额 3745/4800 03:25UTC | 主队列 44/200 发现队列 0/20000 [空] | Worker 31忙/5闲(86%)
[2026-08-08 11:25:10] [W-7] 🔧 开始处理 [种子仓库] vaseem77/stashtask [种子 305/744]
[2026-08-08 11:25:11] [W-32] 📦 Partial Clone: 25 个文件（零 API 配额）
[2026-08-08 11:25:11] [W-20] [种子仓库] 仓库 https://github.com/mister-nikitos/zieng2-wl-stash (分支: main, size: 19470KB, pushed: 2026-08-08T02:46:58Z)
[2026-08-08 11:25:11] [W-16] ⏭️ [种子仓库] 仓库 https://github.com/kelvinsze/QuantumultX 287h 未更新，跳过解析（无需追踪）
[2026-08-08 11:25:11] [W-16] ✅ 完成 [种子仓库] kelvinsze/QuantumultX [种子 302/744] | 提取 0 | 新增 0 | 耗时 2s | 配额 3743/4800 03:25UTC | 主队列 43/200 发现队列 0/20000 [空] | Worker 30忙/6闲(83%)
[2026-08-08 11:25:11] [W-33] ⏭️ [种子仓库] 仓库 https://github.com/ddx-ai/stash 277h 未更新，跳过解析（无需追踪）
[2026-08-08 11:25:11] [W-33] ✅ 完成 [种子仓库] ddx-ai/stash [种子 304/744] | 提取 0 | 新增 0 | 耗时 1s | 配额 3742/4800 03:25UTC | 主队列 42/200 发现队列 0/20000 [空] | Worker 29忙/7闲(80%)
[2026-08-08 11:25:11] [W-33] 🔧 开始处理 [种子仓库] xiaoqinglee/clash-verge-rev [种子 307/744]
[2026-08-08 11:25:12] [W-16] 🔧 开始处理 [种子仓库] vxncxntcxdxr/stash [种子 306/744]
[2026-08-08 11:25:12] [W-7] ⏭️ [种子仓库] 仓库 https://github.com/vaseem77/stashtask 282h 未更新，跳过解析（无需追踪）
[2026-08-08 11:25:12] [W-7] ✅ 完成 [种子仓库] vaseem77/stashtask [种子 305/744] | 提取 0 | 新增 0 | 耗时 1s | 配额 3741/4800 03:25UTC | 主队列 41/200 发现队列 0/20000 [空] | Worker 30忙/6闲(83%)
[2026-08-08 11:25:12] [W-7] 🔧 开始处理 [种子仓库] lucienlmy/clash-verge-rev [种子 308/744]
[2026-08-08 11:25:12] [W-28] Clone-First clone 失败，放弃（Contents 已关闭）
[2026-08-08 11:25:12] [W-28]   父仓库 +0 个节点
[2026-08-08 11:25:12] [W-33] [种子仓库] 仓库 https://github.com/xiaoqinglee/clash-verge-rev (分支: dev, size: 78270KB, pushed: 2026-08-07T19:03:38Z)
[2026-08-08 11:25:13] [W-32] 仓库 https://github.com/xiaen-8/jsnzkpg 候选文件 1 个
[2026-08-08 11:25:15] [W-16] ⏭️ [种子仓库] 仓库 https://github.com/vxncxntcxdxr/stash 已解析，跳过解析（无需追踪）
[2026-08-08 11:25:15] [W-16] ✅ 完成 [种子仓库] vxncxntcxdxr/stash [种子 306/744] | 提取 0 | 新增 0 | 耗时 3s | 配额 3739/4800 03:25UTC | 主队列 40/200 发现队列 0/20000 [空] | Worker 30忙/6闲(83%)
[2026-08-08 11:25:15] [W-7] [种子仓库] 仓库 https://github.com/lucienlmy/clash-verge-rev (分支: dev, size: 76821KB, pushed: 2026-08-08T00:29:33Z)
[2026-08-08 11:25:15] [W-16] 🔧 开始处理 [种子仓库] AntarcticBruin/clash-verge-rev [种子 309/744]
[2026-08-08 11:25:15] [W-32] 🌱 加入种子: xiaen-8/jsnzkpg (提取 12 节点)
[2026-08-08 11:25:15] [W-32] ✅ 完成 [种子仓库] xiaen-8/jsnzkpg [种子 252/744] | 提取 12 | 新增 2 | 耗时 24s | 配额 3738/4800 03:25UTC | 主队列 39/200 发现队列 0/20000 [空] | Worker 30忙/6闲(83%)
[2026-08-08 11:25:15] [W-32] 🔧 开始处理 [种子仓库] fucheng-guo-sun/clash-verge-rev [种子 310/744]
[2026-08-08 11:25:15] 📊 [03:25 UTC] 运行 439s
[2026-08-08 11:25:15]    CPU: 100% (负载 23.48/2核) | 内存: 14% (2.2/15.6GB) | 磁盘: 86.7/144GB 可用
[2026-08-08 11:25:15]    网络近60s: 总下载 0.63GB | 平均 12.65MB/s | 峰值 22.34MB/s
[2026-08-08 11:25:15]    API: 3738/4800 | 放行 181/分钟 | raw 71文件/7.1MB | clone 75仓库/7023文件
[2026-08-08 11:25:15]    进度: 种子 348/744 | 关键词 - | Code -
[2026-08-08 11:25:15]    主队列 38/200 发现队列 0/20000 [空] | Worker 31忙/5闲(86%)
[2026-08-08 11:25:15]    Worker: 31忙/5闲(86%) | W-0 PartialClone ermaozi/ermao.net(99s) | W-1 PartialClone Raad63/v2rayNG-android(138s) | W-2 PartialClone mc-wiki/mcaf-resourcepack(120s) | W-3 PartialClone ermaozi/astro-theme-ermaozi(99s) | W-4 PartialClone tvheadend/tvheadend(120s) | W-5 PartialClone 88alt/v2rayNG(41s) | W-6 PartialClone ayayime/v2rayNG(251s) | W-7 PartialClone lucienlmy/clash-verge-rev(1s) | W-8 PartialClone timeflysoon/v2rayNG(37s) | W-9 PartialClone sujun2021/v2rayNG(274s) | W-10 PartialClone ws94666ws/v2rayNG(139s) | W-11 PartialClone pengzhanbo/vuepress-theme-plume(72s) | W-12 空闲(375s) | W-13 空闲(15s) | W-14 PartialClone monkey6468/Quantumult-X(5s) | W-15 PartialClone ermaozi/ermao.org(99s) | W-16 处理 [种子仓库] AntarcticBruin/clash-verge-rev(1s) | W-17 PartialClone jovinleung/cf-worker-mihomo(24s) | W-18 PartialClone getpower668/kuaiji-vpn(26s) | W-19 PartialClone marstrix/v2rayNG(238s) | W-20 PartialClone mister-nikitos/zieng2-wl-stash(4s) | W-21 PartialClone wheakerd/clash-party(20s) | W-22 PartialClone nikkinikki-org/OpenWrt-nikki(20s) | W-23 PartialClone cjxnxp/subs-check(139s) | W-24 空闲(138s) | W-25 PartialClone T00700/v2rayNG(251s) | W-26 PartialClone mengzhisuoliu/v2rayNG(257s) | W-27 空闲(12s) | W-28 空闲(20s) | W-29 PartialClone ermaozi/ermaozi.org(99s) | W-30 PartialClone tiagorrg/vless-checker(6s) | W-31 PartialClone ermaozi/pyjichang.com(99s) | W-32 处理 [种子仓库] fucheng-guo-sun/clash-verge-rev(0s) | W-33 PartialClone xiaoqinglee/clash-verge-rev(3s) | W-34 PartialClone Super-Zoe/v2rayNG(240s) | W-35 PartialClone guguji666666/v2rayNG(72s)
[2026-08-08 11:25:15] [W-16] ⏭️ [种子仓库] 仓库 https://github.com/AntarcticBruin/clash-verge-rev 124h 未更新，跳过解析（无需追踪）
[2026-08-08 11:25:15] [W-16] ✅ 完成 [种子仓库] AntarcticBruin/clash-verge-rev [种子 309/744] | 提取 0 | 新增 0 | 耗时 1s | 配额 3737/4800 03:25UTC | 主队列 38/200 发现队列 0/20000 [空] | Worker 31忙/5闲(86%)
[2026-08-08 11:25:15] [W-26] 📦 Partial Clone: 366 个文件（零 API 配额）
[2026-08-08 11:25:16] [W-16] 🔧 开始处理 [种子仓库] bxvs888/clash-verge-rev [种子 311/744]
[2026-08-08 11:25:16] [W-15] 📦 Partial Clone: 153 个文件（零 API 配额）
[2026-08-08 11:25:16] [W-27] 仓库 https://github.com/samling-jackyjyo/v2rayNG 无候选文件 (总计 366 blob, 扩展名过滤 343, processed_shas 跳过 0, SHA 缓存跳过 23)
[2026-08-08 11:25:16] [W-27] ✅ 完成 [种子仓库] samling-jackyjyo/v2rayNG [种子 143/744] | 提取 0 | 新增 0 | 耗时 271s | 配额 3737/4800 03:25UTC | 主队列 37/200 发现队列 0/20000 [空] | Worker 29忙/7闲(80%)
[2026-08-08 11:25:16] [W-32] [种子仓库] 仓库 https://github.com/fucheng-guo-sun/clash-verge-rev (分支: dev, size: 76821KB, pushed: 2026-08-07T23:56:35Z)
[2026-08-08 11:25:16] [W-27] 🔧 开始处理 [种子仓库] sg-evals/clash-verge-rev-clash-verge-rev [种子 312/744]
[2026-08-08 11:25:17] [W-16] ⏭️ [种子仓库] 仓库 https://github.com/bxvs888/clash-verge-rev 268h 未更新，跳过解析（无需追踪）
[2026-08-08 11:25:17] [W-16] ✅ 完成 [种子仓库] bxvs888/clash-verge-rev [种子 311/744] | 提取 0 | 新增 0 | 耗时 1s | 配额 3735/4800 03:25UTC | 主队列 36/200 发现队列 0/20000 [空] | Worker 30忙/6闲(83%)
[2026-08-08 11:25:17] [W-16] 🔧 开始处理 [种子仓库] wysha-object/clash-verge-rev [种子 313/744]
[2026-08-08 11:25:17] [W-30] 📦 Partial Clone: 11 个文件（零 API 配额）
[2026-08-08 11:25:17] [W-9] 📦 Partial Clone: 366 个文件（零 API 配额）
[2026-08-08 11:25:18] [W-28]   🍴 兄弟仓库: 79/80 个 → 主队列 35/200 发现队列 79/20000 [[fork1]:79] | Worker 28忙/8闲(77%)
[2026-08-08 11:25:18] [W-28] ✅ 完成 [user0] peasoft/clash-verge-rev | 提取 0 | 新增 0 | 耗时 326s | 配额 3734/4800 03:25UTC | 主队列 35/200 发现队列 79/20000 [[fork1]:79] | Worker 28忙/8闲(77%)
[2026-08-08 11:25:18] [W-27] ⏭️ [种子仓库] 仓库 https://github.com/sg-evals/clash-verge-rev-clash-verge-rev 272h 未更新，跳过解析（无需追踪）
[2026-08-08 11:25:18] [W-27] ✅ 完成 [种子仓库] sg-evals/clash-verge-rev-clash-verge-rev [种子 312/744] | 提取 0 | 新增 0 | 耗时 2s | 配额 3733/4800 03:25UTC | 主队列 34/200 发现队列 79/20000 [[fork1]:79] | Worker 28忙/8闲(77%)
[2026-08-08 11:25:18] [W-27] 🔧 开始处理 [fork1] coolcoala/koala-clash
[2026-08-08 11:25:18] [W-27] ⏭️ [fork1] 仓库 https://github.com/coolcoala/koala-clash 1404h 未更新，跳过解析（无需追踪）
[2026-08-08 11:25:18] [W-28] 🔧 开始处理 [种子仓库] PowerfulShell/clash-verge-rev [种子 314/744]
[2026-08-08 11:25:18] [W-20] 📦 Partial Clone: 11 个文件（零 API 配额）
[2026-08-08 11:25:18] [W-27] ✅ 完成 [fork1] coolcoala/koala-clash | 提取 0 | 新增 0 | 耗时 0s | 配额 3733/4800 03:25UTC | 主队列 34/200 发现队列 78/20000 [[fork1]:78] | Worker 28忙/8闲(77%)
[2026-08-08 11:25:18] [W-27] 🔧 开始处理 [fork1] Nemu-x/SlothClash
[2026-08-08 11:25:18] [W-27] [fork1] 仓库 https://github.com/Nemu-x/SlothClash (分支: main, size: 86071KB, pushed: 2026-08-07T10:54:22Z)
[2026-08-08 11:25:19] [W-16] [种子仓库] 仓库 https://github.com/wysha-object/clash-verge-rev (分支: dev, size: 76993KB, pushed: 2026-08-07T16:51:19Z)
[2026-08-08 11:25:19] [W-28] ⏭️ [种子仓库] 仓库 https://github.com/PowerfulShell/clash-verge-rev 149h 未更新，跳过解析（无需追踪）
[2026-08-08 11:25:19] [W-28] ✅ 完成 [种子仓库] PowerfulShell/clash-verge-rev [种子 314/744] | 提取 0 | 新增 0 | 耗时 2s | 配额 3731/4800 03:25UTC | 主队列 34/200 发现队列 77/20000 [[fork1]:77] | Worker 28忙/8闲(77%)
[2026-08-08 11:25:19] [W-28] 🔧 开始处理 [fork1] Daydreamer-riri/clash-verge-rev-fluent
[2026-08-08 11:25:19] [W-28] ⏭️ [fork1] 仓库 https://github.com/Daydreamer-riri/clash-verge-rev-fluent 12312h 未更新，跳过解析（无需追踪）
[2026-08-08 11:25:19] [W-28] ✅ 完成 [fork1] Daydreamer-riri/clash-verge-rev-fluent | 提取 0 | 新增 0 | 耗时 0s | 配额 3731/4800 03:25UTC | 主队列 34/200 发现队列 76/20000 [[fork1]:76] | Worker 28忙/8闲(77%)
[2026-08-08 11:25:19] [W-28] 🔧 开始处理 [fork1] oomeow/clash-verge-self
[2026-08-08 11:25:19] [W-28] [fork1] 仓库 https://github.com/oomeow/clash-verge-self (分支: dev, size: 90531KB, pushed: 2026-08-08T02:41:59Z)
[2026-08-08 11:25:20] [W-6] 📦 Partial Clone: 366 个文件（零 API 配额）
[2026-08-08 11:25:21] [W-20] 仓库 https://github.com/mister-nikitos/zieng2-wl-stash 候选文件 6 个
[2026-08-08 11:25:21] [W-25] 📦 Partial Clone: 366 个文件（零 API 配额）
[2026-08-08 11:25:22] [W-2] 📦 Partial Clone: 255 个文件（零 API 配额）
[2026-08-08 11:25:22] [W-30] 仓库 https://github.com/tiagorrg/vless-checker 候选文件 1 个
[2026-08-08 11:25:24] [W-22] 📦 Partial Clone: 48 个文件（零 API 配额）
[2026-08-08 11:25:26] [W-15] 仓库 https://github.com/ermaozi/ermao.org 候选文件 52 个
[2026-08-08 11:25:26] [W-22] 仓库 https://github.com/nikkinikki-org/OpenWrt-nikki 无候选文件 (总计 48 blob, 扩展名过滤 28, processed_shas 跳过 0, SHA 缓存跳过 20)
[2026-08-08 11:25:26] [W-22] ✅ 完成 [种子仓库] nikkinikki-org/OpenWrt-nikki [种子 257/744] | 提取 0 | 新增 0 | 耗时 33s | 配额 3731/4800 03:25UTC | 主队列 34/200 发现队列 75/20000 [[fork1]:75] | Worker 24忙/12闲(66%)
[2026-08-08 11:25:27] [W-22] 🔧 开始处理 [种子仓库] vchen163-ai/clash-verge-rev [种子 315/744]
[2026-08-08 11:25:29] [W-22] ⏭️ [种子仓库] 仓库 https://github.com/vchen163-ai/clash-verge-rev 280h 未更新，跳过解析（无需追踪）
[2026-08-08 11:25:29] [W-22] ✅ 完成 [种子仓库] vchen163-ai/clash-verge-rev [种子 315/744] | 提取 0 | 新增 0 | 耗时 2s | 配额 3730/4800 03:25UTC | 主队列 33/200 发现队列 75/20000 [[fork1]:75] | Worker 25忙/11闲(69%)
[2026-08-08 11:25:29] [W-22] 🔧 开始处理 [fork1] wonfen/clash-verge-rev
[2026-08-08 11:25:29] [W-22] ⏭️ [fork1] 仓库 https://github.com/wonfen/clash-verge-rev 244h 未更新，跳过解析（无需追踪）
[2026-08-08 11:25:29] [W-22] ✅ 完成 [fork1] wonfen/clash-verge-rev | 提取 0 | 新增 0 | 耗时 0s | 配额 3730/4800 03:25UTC | 主队列 33/200 发现队列 74/20000 [[fork1]:74] | Worker 25忙/11闲(69%)
[2026-08-08 11:25:29] [W-22] 🔧 开始处理 [fork1] Cyrene2008/clash-verge-rev-winui
[2026-08-08 11:25:29] [W-30] 🌱 加入种子: tiagorrg/vless-checker (提取 66 节点)
[2026-08-08 11:25:29] [W-30] ✅ 完成 [种子仓库] tiagorrg/vless-checker [种子 296/744] | 提取 66 | 新增 21 | 耗时 22s | 配额 3730/4800 03:25UTC | 主队列 33/200 发现队列 73/20000 [[fork1]:73] | Worker 25忙/11闲(69%)
[2026-08-08 11:25:30] [W-30] 🔧 开始处理 [种子仓库] efanskygz/clash-verge-rev [种子 316/744]
[2026-08-08 11:25:30] [W-22] ⏭️ [fork1] 仓库 https://github.com/Cyrene2008/clash-verge-rev-winui 1217h 未更新，跳过解析（无需追踪）
[2026-08-08 11:25:30] [W-22] ✅ 完成 [fork1] Cyrene2008/clash-verge-rev-winui | 提取 0 | 新增 0 | 耗时 2s | 配额 3729/4800 03:25UTC | 主队列 32/200 发现队列 73/20000 [[fork1]:73] | Worker 26忙/10闲(72%)
[2026-08-08 11:25:30] [W-22] 🔧 开始处理 [fork1] Tychristine/clash-verge-rev
[2026-08-08 11:25:30] [W-22] ⏭️ [fork1] 仓库 https://github.com/Tychristine/clash-verge-rev 1917h 未更新，跳过解析（无需追踪）
[2026-08-08 11:25:30] [W-22] ✅ 完成 [fork1] Tychristine/clash-verge-rev | 提取 0 | 新增 0 | 耗时 0s | 配额 3729/4800 03:25UTC | 主队列 32/200 发现队列 72/20000 [[fork1]:72] | Worker 26忙/10闲(72%)
[2026-08-08 11:25:30] [W-22] 🔧 开始处理 [fork1] DigitalSealDecoder/clash-verge-rev
[2026-08-08 11:25:30] [W-22] ⏭️ [fork1] 仓库 https://github.com/DigitalSealDecoder/clash-verge-rev 1643h 未更新，跳过解析（无需追踪）
[2026-08-08 11:25:30] [W-22] ✅ 完成 [fork1] DigitalSealDecoder/clash-verge-rev | 提取 0 | 新增 0 | 耗时 0s | 配额 3729/4800 03:25UTC | 主队列 32/200 发现队列 71/20000 [[fork1]:71] | Worker 26忙/10闲(72%)
[2026-08-08 11:25:30] [W-22] 🔧 开始处理 [fork1] Seidko/clash-verge
[2026-08-08 11:25:30] [W-22] ⏭️ [fork1] 仓库 https://github.com/Seidko/clash-verge 20827h 未更新，跳过解析（无需追踪）
[2026-08-08 11:25:30] [W-22] ✅ 完成 [fork1] Seidko/clash-verge | 提取 0 | 新增 0 | 耗时 0s | 配额 3729/4800 03:25UTC | 主队列 32/200 发现队列 70/20000 [[fork1]:70] | Worker 26忙/10闲(72%)
[2026-08-08 11:25:30] [W-22] 🔧 开始处理 [fork1] nikonee/clash-verge
[2026-08-08 11:25:31] [W-26] 仓库 https://github.com/mengzhisuoliu/v2rayNG 无候选文件 (总计 366 blob, 扩展名过滤 343, processed_shas 跳过 0, SHA 缓存跳过 23)
[2026-08-08 11:25:31] [W-26] ✅ 完成 [种子仓库] mengzhisuoliu/v2rayNG [种子 150/744] | 提取 0 | 新增 0 | 耗时 274s | 配额 3729/4800 03:25UTC | 主队列 32/200 发现队列 69/20000 [[fork1]:69] | Worker 26忙/10闲(72%)
[2026-08-08 11:25:31] [W-26] 🔧 开始处理 [种子仓库] Tory-Xu/clash-verge-rev [种子 317/744]
[2026-08-08 11:25:31] [W-30] ⏭️ [种子仓库] 仓库 https://github.com/efanskygz/clash-verge-rev 281h 未更新，跳过解析（无需追踪）
[2026-08-08 11:25:31] [W-30] ✅ 完成 [种子仓库] efanskygz/clash-verge-rev [种子 316/744] | 提取 0 | 新增 0 | 耗时 1s | 配额 3728/4800 03:25UTC | 主队列 31/200 发现队列 69/20000 [[fork1]:69] | Worker 27忙/9闲(75%)
[2026-08-08 11:25:31] [W-30] 🔧 开始处理 [fork1] mouren1988/clash-verge-portable
[2026-08-08 11:25:31] [W-30] ⏭️ [fork1] 仓库 https://github.com/mouren1988/clash-verge-portable 1700h 未更新，跳过解析（无需追踪）
[2026-08-08 11:25:31] [W-30] ✅ 完成 [fork1] mouren1988/clash-verge-portable | 提取 0 | 新增 0 | 耗时 0s | 配额 3728/4800 03:25UTC | 主队列 31/200 发现队列 68/20000 [[fork1]:68] | Worker 27忙/9闲(75%)
[2026-08-08 11:25:31] [W-30] 🔧 开始处理 [fork1] Sjj1024/ClashPro
[2026-08-08 11:25:31] [W-30] ⏭️ [fork1] 仓库 https://github.com/Sjj1024/ClashPro 12616h 未更新，跳过解析（无需追踪）
[2026-08-08 11:25:31] [W-30] ✅ 完成 [fork1] Sjj1024/ClashPro | 提取 0 | 新增 0 | 耗时 0s | 配额 3728/4800 03:25UTC | 主队列 31/200 发现队列 67/20000 [[fork1]:67] | Worker 27忙/9闲(75%)
[2026-08-08 11:25:31] [W-30] 🔧 开始处理 [fork1] FacMata/clash-verge-rev
[2026-08-08 11:25:31] [W-30] ⏭️ [fork1] 仓库 https://github.com/FacMata/clash-verge-rev 5183h 未更新，跳过解析（无需追踪）
[2026-08-08 11:25:31] [W-30] ✅ 完成 [fork1] FacMata/clash-verge-rev | 提取 0 | 新增 0 | 耗时 0s | 配额 3728/4800 03:25UTC | 主队列 31/200 发现队列 66/20000 [[fork1]:66] | Worker 27忙/9闲(75%)
[2026-08-08 11:25:31] [W-30] 🔧 开始处理 [fork1] MU-ty/clash-verge-rev
[2026-08-08 11:25:32] repo info (Tory-Xu/clash-verge-rev) 404，跳过
[2026-08-08 11:25:32] [W-26] 🔍 仓库 Tory-Xu/clash-verge-rev 不存在（404），追踪用户
[2026-08-08 11:25:32] [W-26] 👤 [种子仓库] 遍历用户仓库: Tory-Xu
[2026-08-08 11:25:32] [ThreadPoolExecutor-934_4] 🔗 [user0] 发现仓库链接 devgelo-labs/astro-starter-pro (来源 https://raw.githubusercontent.com/ermaozi/ermao.org/master/README.md)
[2026-08-08 11:25:32] [W-34] 📦 Partial Clone: 366 个文件（零 API 配额）
[2026-08-08 11:25:32] [W-22] ⏭️ [fork1] 仓库 https://github.com/nikonee/clash-verge 6147h 未更新，跳过解析（无需追踪）
[2026-08-08 11:25:32] [W-22] ✅ 完成 [fork1] nikonee/clash-verge | 提取 0 | 新增 0 | 耗时 2s | 配额 3726/4800 03:25UTC | 主队列 31/200 发现队列 65/20000 [[fork1]:65] | Worker 26忙/10闲(72%)
[2026-08-08 11:25:32] [W-22] 🔧 开始处理 [fork1] bannedbook/clash-verge-rev
[2026-08-08 11:25:33] [W-30] ⏭️ [fork1] 仓库 https://github.com/MU-ty/clash-verge-rev 12311h 未更新，跳过解析（无需追踪）
[2026-08-08 11:25:33] [W-30] ✅ 完成 [fork1] MU-ty/clash-verge-rev | 提取 0 | 新增 0 | 耗时 2s | 配额 3725/4800 03:25UTC | 主队列 31/200 发现队列 64/20000 [[fork1]:64] | Worker 26忙/10闲(72%)
[2026-08-08 11:25:33] [W-30] 🔧 开始处理 [fork1] LWZsama/LiteVerge
[2026-08-08 11:25:33] [W-30] ⏭️ [fork1] 仓库 https://github.com/LWZsama/LiteVerge 71h 未更新，跳过解析（无需追踪）
[2026-08-08 11:25:33] [W-30] ✅ 完成 [fork1] LWZsama/LiteVerge | 提取 0 | 新增 0 | 耗时 0s | 配额 3725/4800 03:25UTC | 主队列 31/200 发现队列 63/20000 [[fork1]:63] | Worker 26忙/10闲(72%)
[2026-08-08 11:25:33] [W-30] 🔧 开始处理 [fork1] Shaweeen/clashverge
[2026-08-08 11:25:34] [W-22] ⏭️ [fork1] 仓库 https://github.com/bannedbook/clash-verge-rev 23595h 未更新，跳过解析（无需追踪）
[2026-08-08 11:25:34] [W-22] ✅ 完成 [fork1] bannedbook/clash-verge-rev | 提取 0 | 新增 0 | 耗时 1s | 配额 3723/4800 03:25UTC | 主队列 31/200 发现队列 62/20000 [[fork1]:62] | Worker 26忙/10闲(72%)
[2026-08-08 11:25:34] [W-22] 🔧 开始处理 [fork1] AOSC-Tracking/clash-verge-rev
[2026-08-08 11:25:34] [W-22] ⏭️ [fork1] 仓库 https://github.com/AOSC-Tracking/clash-verge-rev 393h 未更新，跳过解析（无需追踪）
[2026-08-08 11:25:34] [W-22] ✅ 完成 [fork1] AOSC-Tracking/clash-verge-rev | 提取 0 | 新增 0 | 耗时 0s | 配额 3723/4800 03:25UTC | 主队列 31/200 发现队列 61/20000 [[fork1]:61] | Worker 26忙/10闲(72%)
[2026-08-08 11:25:34] [W-22] 🔧 开始处理 [fork1] muyouzhi6/clash-verge-rev
[2026-08-08 11:25:34] [W-26]   👤 用户仓库: 1/14 个 → 主队列 31/200 发现队列 61/20000 [[fork1]:60 [user0]:1] | Worker 26忙/10闲(72%)
[2026-08-08 11:25:34] [W-26]   用户 Tory-Xu 共查 14 个仓库
[2026-08-08 11:25:34] [W-26] ✅ 完成 [种子仓库] Tory-Xu/clash-verge-rev [种子 317/744] | 提取 0 | 新增 0 | 耗时 3s | 配额 3722/4800 03:25UTC | 主队列 31/200 发现队列 61/20000 [[fork1]:60 [user0]:1] | Worker 26忙/10闲(72%)
[2026-08-08 11:25:34] [W-26] 🔧 开始处理 [fork1] aurysian-yan/clash-verge-neo
[2026-08-08 11:25:34] [W-26] ⏭️ [fork1] 仓库 https://github.com/aurysian-yan/clash-verge-neo 117h 未更新，跳过解析（无需追踪）
[2026-08-08 11:25:34] [W-26] ✅ 完成 [fork1] aurysian-yan/clash-verge-neo | 提取 0 | 新增 0 | 耗时 0s | 配额 3722/4800 03:25UTC | 主队列 31/200 发现队列 60/20000 [[fork1]:59 [user0]:1] | Worker 26忙/10闲(72%)
[2026-08-08 11:25:34] [W-26] 🔧 开始处理 [fork1] ymdsohu/clashverge
[2026-08-08 11:25:34] [W-30] ⏭️ [fork1] 仓库 https://github.com/Shaweeen/clashverge 704h 未更新，跳过解析（无需追踪）
[2026-08-08 11:25:34] [W-30] ✅ 完成 [fork1] Shaweeen/clashverge | 提取 0 | 新增 0 | 耗时 1s | 配额 3721/4800 03:25UTC | 主队列 31/200 发现队列 59/20000 [[fork1]:58 [user0]:1] | Worker 26忙/10闲(72%)
[2026-08-08 11:25:34] [W-30] 🔧 开始处理 [fork1] Gloryterprime/clash-verge-rev
[2026-08-08 11:25:34] [ThreadPoolExecutor-934_4] 🔗 [user0] 发现仓库链接 devgelo-labs/astro-starter-pro.git (来源 https://raw.githubusercontent.com/ermaozi/ermao.org/master/README.md)
[2026-08-08 11:25:35] [W-2] 仓库 https://github.com/mc-wiki/mcaf-resourcepack 候选文件 122 个
[2026-08-08 11:25:35] [W-6] 仓库 https://github.com/ayayime/v2rayNG 无候选文件 (总计 366 blob, 扩展名过滤 343, processed_shas 跳过 0, SHA 缓存跳过 23)
[2026-08-08 11:25:35] [W-6] ✅ 完成 [种子仓库] ayayime/v2rayNG [种子 151/744] | 提取 0 | 新增 0 | 耗时 273s | 配额 3720/4800 03:25UTC | 主队列 31/200 发现队列 59/20000 [[fork1]:57 [raw1]:1 [user0]:1] | Worker 26忙/10闲(72%)
[2026-08-08 11:25:35] [W-6] 🔧 开始处理 [种子仓库] xiaojiu-li/clash-verge-rev [种子 318/744]
[2026-08-08 11:25:35] [W-22] ⏭️ [fork1] 仓库 https://github.com/muyouzhi6/clash-verge-rev 265h 未更新，跳过解析（无需追踪）
[2026-08-08 11:25:35] [W-22] ✅ 完成 [fork1] muyouzhi6/clash-verge-rev | 提取 0 | 新增 0 | 耗时 1s | 配额 3719/4800 03:25UTC | 主队列 30/200 发现队列 59/20000 [[fork1]:57 [raw1]:1 [user0]:1] | Worker 27忙/9闲(75%)
[2026-08-08 11:25:35] [W-22] 🔧 开始处理 [fork1] 79944388/clash-verge-rev
[2026-08-08 11:25:35] [W-26] ⏭️ [fork1] 仓库 https://github.com/ymdsohu/clashverge 2515h 未更新，跳过解析（无需追踪）
[2026-08-08 11:25:35] [W-26] ✅ 完成 [fork1] ymdsohu/clashverge | 提取 0 | 新增 0 | 耗时 1s | 配额 3718/4800 03:25UTC | 主队列 30/200 发现队列 58/20000 [[fork1]:56 [raw1]:1 [user0]:1] | Worker 27忙/9闲(75%)
[2026-08-08 11:25:35] [W-26] 🔧 开始处理 [fork1] Al1ce258/clash-verge-rev
[2026-08-08 11:25:35] [W-26] ⏭️ [fork1] 仓库 https://github.com/Al1ce258/clash-verge-rev 3118h 未更新，跳过解析（无需追踪）
[2026-08-08 11:25:35] [W-26] ✅ 完成 [fork1] Al1ce258/clash-verge-rev | 提取 0 | 新增 0 | 耗时 0s | 配额 3718/4800 03:25UTC | 主队列 30/200 发现队列 57/20000 [[fork1]:55 [raw1]:1 [user0]:1] | Worker 27忙/9闲(75%)
[2026-08-08 11:25:35] [W-26] 🔧 开始处理 [fork1] icbcabccb/clash-verge-rev
[2026-08-08 11:25:35] [W-30] ⏭️ [fork1] 仓库 https://github.com/Gloryterprime/clash-verge-rev 1548h 未更新，跳过解析（无需追踪）
[2026-08-08 11:25:35] [W-30] ✅ 完成 [fork1] Gloryterprime/clash-verge-rev | 提取 0 | 新增 0 | 耗时 1s | 配额 3717/4800 03:25UTC | 主队列 30/200 发现队列 56/20000 [[fork1]:54 [raw1]:1 [user0]:1] | Worker 27忙/9闲(75%)
[2026-08-08 11:25:35] [W-30] 🔧 开始处理 [fork1] tuke-code/clash-verge-rev
[2026-08-08 11:25:35] [W-30] [fork1] 仓库 https://github.com/tuke-code/clash-verge-rev (分支: dev, size: 78264KB, pushed: 2026-08-07T19:01:34Z)
[2026-08-08 11:25:36] repo info (devgelo-labs/astro-starter-pro.git) 404，跳过
[2026-08-08 11:25:36] [W-22] ⏭️ [fork1] 仓库 https://github.com/79944388/clash-verge-rev 15574h 未更新，跳过解析（无需追踪）
[2026-08-08 11:25:36] [W-22] ✅ 完成 [fork1] 79944388/clash-verge-rev | 提取 0 | 新增 0 | 耗时 1s | 配额 3715/4800 03:25UTC | 主队列 30/200 发现队列 55/20000 [[fork1]:53 [raw1]:1 [user0]:1] | Worker 27忙/9闲(75%)
[2026-08-08 11:25:36] [W-22] 🔧 开始处理 [fork1] Almas222/clash-verge-rev
[2026-08-08 11:25:36] [W-6] ⏭️ [种子仓库] 仓库 https://github.com/xiaojiu-li/clash-verge-rev 281h 未更新，跳过解析（无需追踪）
[2026-08-08 11:25:36] [W-6] ✅ 完成 [种子仓库] xiaojiu-li/clash-verge-rev [种子 318/744] | 提取 0 | 新增 0 | 耗时 1s | 配额 3714/4800 03:25UTC | 主队列 30/200 发现队列 54/20000 [[fork1]:52 [raw1]:1 [user0]:1] | Worker 27忙/9闲(75%)
[2026-08-08 11:25:36] [W-26] ⏭️ [fork1] 仓库 https://github.com/icbcabccb/clash-verge-rev 10249h 未更新，跳过解析（无需追踪）
[2026-08-08 11:25:36] [W-26] ✅ 完成 [fork1] icbcabccb/clash-verge-rev | 提取 0 | 新增 0 | 耗时 1s | 配额 3713/4800 03:25UTC | 主队列 30/200 发现队列 53/20000 [[fork1]:51 [raw1]:1 [user0]:1] | Worker 26忙/10闲(72%)
[2026-08-08 11:25:36] [W-26] 🔧 开始处理 [fork1] hanshishuaiwei/clash-verge-rev
[2026-08-08 11:25:37] [W-6] 🔧 开始处理 [fork1] hop9527/clash-verge-rev_v2b
[2026-08-08 11:25:38] [W-26] ⏭️ [fork1] 仓库 https://github.com/hanshishuaiwei/clash-verge-rev 11213h 未更新，跳过解析（无需追踪）
[2026-08-08 11:25:38] [W-26] ✅ 完成 [fork1] hanshishuaiwei/clash-verge-rev | 提取 0 | 新增 0 | 耗时 1s | 配额 3712/4800 03:25UTC | 主队列 30/200 发现队列 52/20000 [[fork1]:50 [raw1]:1 [user0]:1] | Worker 27忙/9闲(75%)
[2026-08-08 11:25:38] [W-26] 🔧 开始处理 [fork1] yuanyuan06/clash-verge-rev
[2026-08-08 11:25:38] [W-22] ⏭️ [fork1] 仓库 https://github.com/Almas222/clash-verge-rev 21401h 未更新，跳过解析（无需追踪）
[2026-08-08 11:25:38] [W-22] ✅ 完成 [fork1] Almas222/clash-verge-rev | 提取 0 | 新增 0 | 耗时 2s | 配额 3711/4800 03:25UTC | 主队列 30/200 发现队列 51/20000 [[fork1]:49 [raw1]:1 [user0]:1] | Worker 27忙/9闲(75%)
[2026-08-08 11:25:38] [W-19] 📦 Partial Clone: 366 个文件（零 API 配额）
[2026-08-08 11:25:38] [W-13] 🌱 加入种子: luxxuria/harvester (提取 1102 节点)
[2026-08-08 11:25:38] [W-13] ✅ 完成 [种子仓库] luxxuria/harvester [种子 232/744] | 提取 1102 | 新增 208 | 耗时 50s | 配额 3711/4800 03:25UTC | 主队列 29/200 发现队列 51/20000 [[fork1]:49 [raw1]:1 [user0]:1] | Worker 25忙/11闲(69%)
[2026-08-08 11:25:38] [W-22] 🔧 开始处理 [种子仓库] zss66/clash-verge-rev [种子 319/744]
[2026-08-08 11:25:38] [W-6] ⏭️ [fork1] 仓库 https://github.com/hop9527/clash-verge-rev_v2b 6611h 未更新，跳过解析（无需追踪）
[2026-08-08 11:25:38] [W-6] ✅ 完成 [fork1] hop9527/clash-verge-rev_v2b | 提取 0 | 新增 0 | 耗时 1s | 配额 3710/4800 03:25UTC | 主队列 28/200 发现队列 51/20000 [[fork1]:49 [raw1]:1 [user0]:1] | Worker 26忙/10闲(72%)
[2026-08-08 11:25:38] [W-13] 🔧 开始处理 [种子仓库] feixintianxia/clash-verge-rev_clash-verge-rev [种子 320/744]
[2026-08-08 11:25:38] [W-9] 仓库 https://github.com/sujun2021/v2rayNG 无候选文件 (总计 366 blob, 扩展名过滤 343, processed_shas 跳过 0, SHA 缓存跳过 23)
[2026-08-08 11:25:38] [W-9] ✅ 完成 [种子仓库] sujun2021/v2rayNG [种子 140/744] | 提取 0 | 新增 0 | 耗时 298s | 配额 3710/4800 03:25UTC | 主队列 28/200 发现队列 50/20000 [[fork1]:48 [raw1]:1 [user0]:1] | Worker 26忙/10闲(72%)
[2026-08-08 11:25:38] [W-9] 🔧 开始处理 [种子仓库] wenhao26/clash-verge-rev [种子 321/744]
[2026-08-08 11:25:38] [W-6] 🔧 开始处理 [fork1] LONGSANGDONTSLEEP/clash-verge-rev
[2026-08-08 11:25:38] [W-25] 仓库 https://github.com/T00700/v2rayNG 无候选文件 (总计 366 blob, 扩展名过滤 343, processed_shas 跳过 0, SHA 缓存跳过 23)
[2026-08-08 11:25:38] [W-25] ✅ 完成 [种子仓库] T00700/v2rayNG [种子 154/744] | 提取 0 | 新增 0 | 耗时 275s | 配额 3710/4800 03:25UTC | 主队列 27/200 发现队列 50/20000 [[fork1]:48 [raw1]:1 [user0]:1] | Worker 28忙/8闲(77%)
[2026-08-08 11:25:38] [W-25] 🔧 开始处理 [种子仓库] terencewangjinbo/clash-verge-rev [种子 322/744]
[2026-08-08 11:25:38] [W-26] ⏭️ [fork1] 仓库 https://github.com/yuanyuan06/clash-verge-rev 14417h 未更新，跳过解析（无需追踪）
[2026-08-08 11:25:38] [W-26] ✅ 完成 [fork1] yuanyuan06/clash-verge-rev | 提取 0 | 新增 0 | 耗时 1s | 配额 3709/4800 03:25UTC | 主队列 26/200 发现队列 50/20000 [[fork1]:48 [raw1]:1 [user0]:1] | Worker 29忙/7闲(80%)
[2026-08-08 11:25:38] [W-26] 🔧 开始处理 [fork1] evachxji/clash-verge-rev
[2026-08-08 11:25:39] [W-26] ⏭️ [fork1] 仓库 https://github.com/evachxji/clash-verge-rev 1773h 未更新，跳过解析（无需追踪）
[2026-08-08 11:25:39] [W-26] ✅ 完成 [fork1] evachxji/clash-verge-rev | 提取 0 | 新增 0 | 耗时 0s | 配额 3709/4800 03:25UTC | 主队列 26/200 发现队列 49/20000 [[fork1]:47 [raw1]:1 [user0]:1] | Worker 29忙/7闲(80%)
[2026-08-08 11:25:39] [W-26] 🔧 开始处理 [fork1] naiveghost/clash-verge-rev
[2026-08-08 11:25:39] [W-6] ⏭️ [fork1] 仓库 https://github.com/LONGSANGDONTSLEEP/clash-verge-rev 18533h 未更新，跳过解析（无需追踪）
[2026-08-08 11:25:39] [W-6] ✅ 完成 [fork1] LONGSANGDONTSLEEP/clash-verge-rev | 提取 0 | 新增 0 | 耗时 1s | 配额 3708/4800 03:25UTC | 主队列 26/200 发现队列 48/20000 [[fork1]:46 [raw1]:1 [user0]:1] | Worker 29忙/7闲(80%)
[2026-08-08 11:25:39] [W-6] 🔧 开始处理 [fork1] pine919/clash-verge-rev
[2026-08-08 11:25:39] [W-9] ⏭️ [种子仓库] 仓库 https://github.com/wenhao26/clash-verge-rev 284h 未更新，跳过解析（无需追踪）
[2026-08-08 11:25:39] [W-9] ✅ 完成 [种子仓库] wenhao26/clash-verge-rev [种子 321/744] | 提取 0 | 新增 0 | 耗时 1s | 配额 3707/4800 03:25UTC | 主队列 26/200 发现队列 47/20000 [[fork1]:45 [raw1]:1 [user0]:1] | Worker 29忙/7闲(80%)
[2026-08-08 11:25:39] [W-9] 🔧 开始处理 [fork1] stellarfeline/clash-verge-rev
[2026-08-08 11:25:39] [W-9] ⏭️ [fork1] 仓库 https://github.com/stellarfeline/clash-verge-rev 19704h 未更新，跳过解析（无需追踪）
[2026-08-08 11:25:39] [W-9] ✅ 完成 [fork1] stellarfeline/clash-verge-rev | 提取 0 | 新增 0 | 耗时 0s | 配额 3707/4800 03:25UTC | 主队列 26/200 发现队列 46/20000 [[fork1]:44 [raw1]:1 [user0]:1] | Worker 29忙/7闲(80%)
[2026-08-08 11:25:39] [W-9] 🔧 开始处理 [fork1] TonyJiangWJ/clash-verge-rev
[2026-08-08 11:25:39] [W-13] ⏭️ [种子仓库] 仓库 https://github.com/feixintianxia/clash-verge-rev_clash-verge-rev 284h 未更新，跳过解析（无需追踪）
[2026-08-08 11:25:39] [W-13] ✅ 完成 [种子仓库] feixintianxia/clash-verge-rev_clash-verge-rev [种子 320/744] | 提取 0 | 新增 0 | 耗时 1s | 配额 3706/4800 03:25UTC | 主队列 26/200 发现队列 45/20000 [[fork1]:43 [raw1]:1 [user0]:1] | Worker 29忙/7闲(80%)
[2026-08-08 11:25:39] [W-25] ⏭️ [种子仓库] 仓库 https://github.com/terencewangjinbo/clash-verge-rev 284h 未更新，跳过解析（无需追踪）
[2026-08-08 11:25:39] [W-25] ✅ 完成 [种子仓库] terencewangjinbo/clash-verge-rev [种子 322/744] | 提取 0 | 新增 0 | 耗时 1s | 配额 3705/4800 03:25UTC | 主队列 26/200 发现队列 44/20000 [[fork1]:42 [raw1]:1 [user0]:1] | Worker 28忙/8闲(77%)
[2026-08-08 11:25:39] [W-25] 🔧 开始处理 [fork1] Peti6inge/clash-verge-rev
[2026-08-08 11:25:39] [W-13] 🔧 开始处理 [fork1] ZYX0922-zyx/clash-verge-rev
[2026-08-08 11:25:39] [W-22] ⏭️ [种子仓库] 仓库 https://github.com/zss66/clash-verge-rev 283h 未更新，跳过解析（无需追踪）
[2026-08-08 11:25:39] [W-22] ✅ 完成 [种子仓库] zss66/clash-verge-rev [种子 319/744] | 提取 0 | 新增 0 | 耗时 2s | 配额 3704/4800 03:25UTC | 主队列 26/200 发现队列 43/20000 [[fork1]:41 [raw1]:1 [user0]:1] | Worker 29忙/7闲(80%)
[2026-08-08 11:25:40] [W-22] 🔧 开始处理 [fork1] yinyao41/clash-verge-rev
[2026-08-08 11:25:40] [W-26] ⏭️ [fork1] 仓库 https://github.com/naiveghost/clash-verge-rev 8852h 未更新，跳过解析（无需追踪）
[2026-08-08 11:25:40] [W-26] ✅ 完成 [fork1] naiveghost/clash-verge-rev | 提取 0 | 新增 0 | 耗时 1s | 配额 3703/4800 03:25UTC | 主队列 26/200 发现队列 42/20000 [[fork1]:40 [raw1]:1 [user0]:1] | Worker 29忙/7闲(80%)
[2026-08-08 11:25:40] [W-26] 🔧 开始处理 [fork1] cg3s/clash-verge-rev
[2026-08-08 11:25:40] [W-26] ⏭️ [fork1] 仓库 https://github.com/cg3s/clash-verge-rev 6550h 未更新，跳过解析（无需追踪）
[2026-08-08 11:25:40] [W-26] ✅ 完成 [fork1] cg3s/clash-verge-rev | 提取 0 | 新增 0 | 耗时 0s | 配额 3703/4800 03:25UTC | 主队列 26/200 发现队列 41/20000 [[fork1]:39 [raw1]:1 [user0]:1] | Worker 29忙/7闲(80%)
[2026-08-08 11:25:40] [W-26] 🔧 开始处理 [fork1] LK791/clash-verge-rev
[2026-08-08 11:25:40] [W-6] ⏭️ [fork1] 仓库 https://github.com/pine919/clash-verge-rev 4316h 未更新，跳过解析（无需追踪）
[2026-08-08 11:25:40] [W-6] ✅ 完成 [fork1] pine919/clash-verge-rev | 提取 0 | 新增 0 | 耗时 1s | 配额 3702/4800 03:25UTC | 主队列 26/200 发现队列 40/20000 [[fork1]:38 [raw1]:1 [user0]:1] | Worker 29忙/7闲(80%)
[2026-08-08 11:25:40] [W-6] 🔧 开始处理 [fork1] qszkkwin/clash-verge-rev
[2026-08-08 11:25:40] [W-9] ⏭️ [fork1] 仓库 https://github.com/TonyJiangWJ/clash-verge-rev 20586h 未更新，跳过解析（无需追踪）
[2026-08-08 11:25:40] [W-9] ✅ 完成 [fork1] TonyJiangWJ/clash-verge-rev | 提取 0 | 新增 0 | 耗时 1s | 配额 3701/4800 03:25UTC | 主队列 26/200 发现队列 39/20000 [[fork1]:37 [raw1]:1 [user0]:1] | Worker 29忙/7闲(80%)
[2026-08-08 11:25:40] [W-9] 🔧 开始处理 [fork1] coderZHZG/clash-verge-rev
[2026-08-08 11:25:40] [W-13] ⏭️ [fork1] 仓库 https://github.com/ZYX0922-zyx/clash-verge-rev 1994h 未更新，跳过解析（无需追踪）
[2026-08-08 11:25:40] [W-13] ✅ 完成 [fork1] ZYX0922-zyx/clash-verge-rev | 提取 0 | 新增 0 | 耗时 1s | 配额 3700/4800 03:25UTC | 主队列 26/200 发现队列 38/20000 [[fork1]:36 [raw1]:1 [user0]:1] | Worker 29忙/7闲(80%)
[2026-08-08 11:25:40] [W-13] 🔧 开始处理 [fork1] kongzhilv/clash-verge-rev
[2026-08-08 11:25:40] [W-13] [fork1] 仓库 https://github.com/kongzhilv/clash-verge-rev (分支: dev, size: 76335KB, pushed: 2026-08-07T13:28:25Z)
[2026-08-08 11:25:41] [W-25] ⏭️ [fork1] 仓库 https://github.com/Peti6inge/clash-verge-rev 12102h 未更新，跳过解析（无需追踪）
[2026-08-08 11:25:41] [W-25] ✅ 完成 [fork1] Peti6inge/clash-verge-rev | 提取 0 | 新增 0 | 耗时 1s | 配额 3699/4800 03:25UTC | 主队列 26/200 发现队列 37/20000 [[fork1]:35 [raw1]:1 [user0]:1] | Worker 29忙/7闲(80%)
[2026-08-08 11:25:41] [W-25] 🔧 开始处理 [fork1] TouchingStars/clash-verge-rev
[2026-08-08 11:25:41] [W-22] ⏭️ [fork1] 仓库 https://github.com/yinyao41/clash-verge-rev 7774h 未更新，跳过解析（无需追踪）
[2026-08-08 11:25:41] [W-22] ✅ 完成 [fork1] yinyao41/clash-verge-rev | 提取 0 | 新增 0 | 耗时 1s | 配额 3698/4800 03:25UTC | 主队列 26/200 发现队列 36/20000 [[fork1]:34 [raw1]:1 [user0]:1] | Worker 29忙/7闲(80%)
[2026-08-08 11:25:41] [W-26] ⏭️ [fork1] 仓库 https://github.com/LK791/clash-verge-rev 15260h 未更新，跳过解析（无需追踪）
[2026-08-08 11:25:41] [W-26] ✅ 完成 [fork1] LK791/clash-verge-rev | 提取 0 | 新增 0 | 耗时 1s | 配额 3697/4800 03:25UTC | 主队列 26/200 发现队列 35/20000 [[fork1]:33 [raw1]:1 [user0]:1] | Worker 28忙/8闲(77%)
[2026-08-08 11:25:41] [W-26] 🔧 开始处理 [种子仓库] JanLee123/clash-verge-rev [种子 323/744]
[2026-08-08 11:25:41] [W-22] 🔧 开始处理 [fork1] wuyafeiya/clash-verge-rev
[2026-08-08 11:25:41] [W-6] ⏭️ [fork1] 仓库 https://github.com/qszkkwin/clash-verge-rev 17535h 未更新，跳过解析（无需追踪）
[2026-08-08 11:25:41] [W-6] ✅ 完成 [fork1] qszkkwin/clash-verge-rev | 提取 0 | 新增 0 | 耗时 1s | 配额 3696/4800 03:25UTC | 主队列 25/200 发现队列 35/20000 [[fork1]:33 [raw1]:1 [user0]:1] | Worker 29忙/7闲(80%)
[2026-08-08 11:25:41] [W-6] 🔧 开始处理 [fork1] summy0101/clash-verge-rev
[2026-08-08 11:25:42] [W-25] ⏭️ [fork1] 仓库 https://github.com/TouchingStars/clash-verge-rev 2385h 未更新，跳过解析（无需追踪）
[2026-08-08 11:25:42] [W-25] ✅ 完成 [fork1] TouchingStars/clash-verge-rev | 提取 0 | 新增 0 | 耗时 1s | 配额 3695/4800 03:25UTC | 主队列 25/200 发现队列 34/20000 [[fork1]:32 [raw1]:1 [user0]:1] | Worker 29忙/7闲(80%)
[2026-08-08 11:25:42] [W-25] 🔧 开始处理 [fork1] complyue/clash-verge-rev
[2026-08-08 11:25:42] [W-25] ⏭️ [fork1] 仓库 https://github.com/complyue/clash-verge-rev 908h 未更新，跳过解析（无需追踪）
[2026-08-08 11:25:42] [W-25] ✅ 完成 [fork1] complyue/clash-verge-rev | 提取 0 | 新增 0 | 耗时 0s | 配额 3695/4800 03:25UTC | 主队列 25/200 发现队列 33/20000 [[fork1]:31 [raw1]:1 [user0]:1] | Worker 29忙/7闲(80%)
[2026-08-08 11:25:42] [W-25] 🔧 开始处理 [fork1] namelesssparrow/clash-verge-rev
[2026-08-08 11:25:42] [W-25] ⏭️ [fork1] 仓库 https://github.com/namelesssparrow/clash-verge-rev 10463h 未更新，跳过解析（无需追踪）
[2026-08-08 11:25:42] [W-25] ✅ 完成 [fork1] namelesssparrow/clash-verge-rev | 提取 0 | 新增 0 | 耗时 0s | 配额 3695/4800 03:25UTC | 主队列 25/200 发现队列 32/20000 [[fork1]:30 [raw1]:1 [user0]:1] | Worker 29忙/7闲(80%)
[2026-08-08 11:25:42] [W-25] 🔧 开始处理 [fork1] nikeli33/clash-verge-rev
[2026-08-08 11:25:42] [W-9] ⏭️ [fork1] 仓库 https://github.com/coderZHZG/clash-verge-rev 14417h 未更新，跳过解析（无需追踪）
[2026-08-08 11:25:42] [W-9] ✅ 完成 [fork1] coderZHZG/clash-verge-rev | 提取 0 | 新增 0 | 耗时 1s | 配额 3694/4800 03:25UTC | 主队列 25/200 发现队列 31/20000 [[fork1]:29 [raw1]:1 [user0]:1] | Worker 29忙/7闲(80%)
[2026-08-08 11:25:42] [W-9] 🔧 开始处理 [fork1] JamITime/clash-verge-rev
[2026-08-08 11:25:42] [W-26] ⏭️ [种子仓库] 仓库 https://github.com/JanLee123/clash-verge-rev 284h 未更新，跳过解析（无需追踪）
[2026-08-08 11:25:42] [W-26] ✅ 完成 [种子仓库] JanLee123/clash-verge-rev [种子 323/744] | 提取 0 | 新增 0 | 耗时 1s | 配额 3693/4800 03:25UTC | 主队列 25/200 发现队列 30/20000 [[fork1]:28 [raw1]:1 [user0]:1] | Worker 29忙/7闲(80%)
[2026-08-08 11:25:42] [W-22] ⏭️ [fork1] 仓库 https://github.com/wuyafeiya/clash-verge-rev 13914h 未更新，跳过解析（无需追踪）
[2026-08-08 11:25:42] [W-22] ✅ 完成 [fork1] wuyafeiya/clash-verge-rev | 提取 0 | 新增 0 | 耗时 1s | 配额 3692/4800 03:25UTC | 主队列 25/200 发现队列 29/20000 [[fork1]:27 [raw1]:1 [user0]:1] | Worker 29忙/7闲(80%)
[2026-08-08 11:25:42] [W-22] 🔧 开始处理 [fork1] COLAkkkele/clash-verge-rev
[2026-08-08 11:25:42] [W-26] 🔧 开始处理 [fork1] a506731078/clash-verge-rev
[2026-08-08 11:25:42] [W-6] ⏭️ [fork1] 仓库 https://github.com/summy0101/clash-verge-rev 9089h 未更新，跳过解析（无需追踪）
[2026-08-08 11:25:42] [W-6] ✅ 完成 [fork1] summy0101/clash-verge-rev | 提取 0 | 新增 0 | 耗时 1s | 配额 3691/4800 03:25UTC | 主队列 25/200 发现队列 28/20000 [[fork1]:26 [raw1]:1 [user0]:1] | Worker 29忙/7闲(80%)
[2026-08-08 11:25:42] [W-6] 🔧 开始处理 [fork1] xb18/clash-verge-rev
[2026-08-08 11:25:42] [W-6] ⏭️ [fork1] 仓库 https://github.com/xb18/clash-verge-rev 671h 未更新，跳过解析（无需追踪）
[2026-08-08 11:25:42] [W-6] ✅ 完成 [fork1] xb18/clash-verge-rev | 提取 0 | 新增 0 | 耗时 0s | 配额 3691/4800 03:25UTC | 主队列 25/200 发现队列 27/20000 [[fork1]:25 [raw1]:1 [user0]:1] | Worker 29忙/7闲(80%)
[2026-08-08 11:25:42] [W-6] 🔧 开始处理 [fork1] wayneee188/clash-verge-rev
[2026-08-08 11:25:43] [W-25] ⏭️ [fork1] 仓库 https://github.com/nikeli33/clash-verge-rev 2720h 未更新，跳过解析（无需追踪）
[2026-08-08 11:25:43] [W-25] ✅ 完成 [fork1] nikeli33/clash-verge-rev | 提取 0 | 新增 0 | 耗时 1s | 配额 3690/4800 03:25UTC | 主队列 25/200 发现队列 26/20000 [[fork1]:24 [raw1]:1 [user0]:1] | Worker 29忙/7闲(80%)
[2026-08-08 11:25:43] [W-25] 🔧 开始处理 [fork1] AlbertChenlijun/clash-verge-rev
[2026-08-08 11:25:43] [W-26] ⏭️ [fork1] 仓库 https://github.com/a506731078/clash-verge-rev 1862h 未更新，跳过解析（无需追踪）
[2026-08-08 11:25:43] [W-26] ✅ 完成 [fork1] a506731078/clash-verge-rev | 提取 0 | 新增 0 | 耗时 1s | 配额 3689/4800 03:25UTC | 主队列 25/200 发现队列 25/20000 [[fork1]:23 [raw1]:1 [user0]:1] | Worker 29忙/7闲(80%)
[2026-08-08 11:25:43] [W-26] 🔧 开始处理 [fork1] walterbell135-bit/clash-verge-rev
[2026-08-08 11:25:43] [W-9] ⏭️ [fork1] 仓库 https://github.com/JamITime/clash-verge-rev 5367h 未更新，跳过解析（无需追踪）
[2026-08-08 11:25:43] [W-9] ✅ 完成 [fork1] JamITime/clash-verge-rev | 提取 0 | 新增 0 | 耗时 2s | 配额 3688/4800 03:25UTC | 主队列 25/200 发现队列 24/20000 [[fork1]:22 [raw1]:1 [user0]:1] | Worker 29忙/7闲(80%)
[2026-08-08 11:25:43] [W-6] ⏭️ [fork1] 仓库 https://github.com/wayneee188/clash-verge-rev 9328h 未更新，跳过解析（无需追踪）
[2026-08-08 11:25:43] [W-6] ✅ 完成 [fork1] wayneee188/clash-verge-rev | 提取 0 | 新增 0 | 耗时 1s | 配额 3687/4800 03:25UTC | 主队列 25/200 发现队列 23/20000 [[fork1]:21 [raw1]:1 [user0]:1] | Worker 28忙/8闲(77%)
[2026-08-08 11:25:43] [W-6] 🔧 开始处理 [fork1] breezetrace2015-laowang/clash-verge-rev
[2026-08-08 11:25:43] [W-9] 🔧 开始处理 [fork1] zailushang001/clash-verge-rev
[2026-08-08 11:25:44] [W-22] ⏭️ [fork1] 仓库 https://github.com/COLAkkkele/clash-verge-rev 14417h 未更新，跳过解析（无需追踪）
[2026-08-08 11:25:44] [W-22] ✅ 完成 [fork1] COLAkkkele/clash-verge-rev | 提取 0 | 新增 0 | 耗时 2s | 配额 3686/4800 03:25UTC | 主队列 25/200 发现队列 22/20000 [[fork1]:20 [raw1]:1 [user0]:1] | Worker 29忙/7闲(80%)
[2026-08-08 11:25:44] [W-25] ⏭️ [fork1] 仓库 https://github.com/AlbertChenlijun/clash-verge-rev 23256h 未更新，跳过解析（无需追踪）
[2026-08-08 11:25:44] [W-25] ✅ 完成 [fork1] AlbertChenlijun/clash-verge-rev | 提取 0 | 新增 0 | 耗时 1s | 配额 3685/4800 03:25UTC | 主队列 25/200 发现队列 21/20000 [[fork1]:19 [raw1]:1 [user0]:1] | Worker 28忙/8闲(77%)
[2026-08-08 11:25:44] [W-25] 🔧 开始处理 [fork1] Kuingsmile/clash-verge-rev
[2026-08-08 11:25:44] [W-25] ⏭️ [fork1] 仓库 https://github.com/Kuingsmile/clash-verge-rev 12613h 未更新，跳过解析（无需追踪）
[2026-08-08 11:25:44] [W-22] 🔧 开始处理 [fork1] 316011989/clash-verge-rev
[2026-08-08 11:25:44] [W-25] ✅ 完成 [fork1] Kuingsmile/clash-verge-rev | 提取 0 | 新增 0 | 耗时 0s | 配额 3685/4800 03:25UTC | 主队列 25/200 发现队列 20/20000 [[fork1]:18 [raw1]:1 [user0]:1] | Worker 29忙/7闲(80%)
[2026-08-08 11:25:44] [W-25] 🔧 开始处理 [fork1] vgoer/clash-verge-rev
[2026-08-08 11:25:44] [W-25] ⏭️ [fork1] 仓库 https://github.com/vgoer/clash-verge-rev 6089h 未更新，跳过解析（无需追踪）
[2026-08-08 11:25:44] [W-25] ✅ 完成 [fork1] vgoer/clash-verge-rev | 提取 0 | 新增 0 | 耗时 0s | 配额 3685/4800 03:25UTC | 主队列 25/200 发现队列 19/20000 [[fork1]:17 [raw1]:1 [user0]:1] | Worker 29忙/7闲(80%)
[2026-08-08 11:25:44] [W-25] 🔧 开始处理 [fork1] Chengzhen96/clash-verge-rev
[2026-08-08 11:25:45] [W-26] ⏭️ [fork1] 仓库 https://github.com/walterbell135-bit/clash-verge-rev 147h 未更新，跳过解析（无需追踪）
[2026-08-08 11:25:45] [W-26] ✅ 完成 [fork1] walterbell135-bit/clash-verge-rev | 提取 0 | 新增 0 | 耗时 2s | 配额 3684/4800 03:25UTC | 主队列 25/200 发现队列 18/20000 [[fork1]:16 [raw1]:1 [user0]:1] | Worker 29忙/7闲(80%)
[2026-08-08 11:25:45] [W-26] 🔧 开始处理 [fork1] suliaokeke/clash-verge-rev
[2026-08-08 11:25:45] [W-9] ⏭️ [fork1] 仓库 https://github.com/zailushang001/clash-verge-rev 23256h 未更新，跳过解析（无需追踪）
[2026-08-08 11:25:45] [W-9] ✅ 完成 [fork1] zailushang001/clash-verge-rev | 提取 0 | 新增 0 | 耗时 1s | 配额 3683/4800 03:25UTC | 主队列 25/200 发现队列 17/20000 [[fork1]:15 [raw1]:1 [user0]:1] | Worker 29忙/7闲(80%)
[2026-08-08 11:25:45] [W-9] 🔧 开始处理 [fork1] oceanwong88/clash-verge-rev
[2026-08-08 11:25:45] [W-6] ⏭️ [fork1] 仓库 https://github.com/breezetrace2015-laowang/clash-verge-rev 3811h 未更新，跳过解析（无需追踪）
[2026-08-08 11:25:45] [W-6] ✅ 完成 [fork1] breezetrace2015-laowang/clash-verge-rev | 提取 0 | 新增 0 | 耗时 2s | 配额 3682/4800 03:25UTC | 主队列 25/200 发现队列 16/20000 [[fork1]:14 [raw1]:1 [user0]:1] | Worker 29忙/7闲(80%)
[2026-08-08 11:25:45] [W-6] 🔧 开始处理 [种子仓库] 56782666zhang-svg/clash-verge-rev [种子 324/744]
[2026-08-08 11:25:45] [W-22] ⏭️ [fork1] 仓库 https://github.com/316011989/clash-verge-rev 9367h 未更新，跳过解析（无需追踪）
[2026-08-08 11:25:45] [W-22] ✅ 完成 [fork1] 316011989/clash-verge-rev | 提取 0 | 新增 0 | 耗时 1s | 配额 3681/4800 03:25UTC | 主队列 24/200 发现队列 16/20000 [[fork1]:14 [raw1]:1 [user0]:1] | Worker 29忙/7闲(80%)
[2026-08-08 11:25:45] [W-22] 🔧 开始处理 [fork1] djibm875/clash-verge-rev
[2026-08-08 11:25:46] [W-25] ⏭️ [fork1] 仓库 https://github.com/Chengzhen96/clash-verge-rev 1407h 未更新，跳过解析（无需追踪）
[2026-08-08 11:25:46] [W-25] ✅ 完成 [fork1] Chengzhen96/clash-verge-rev | 提取 0 | 新增 0 | 耗时 1s | 配额 3680/4800 03:25UTC | 主队列 24/200 发现队列 15/20000 [[fork1]:13 [raw1]:1 [user0]:1] | Worker 29忙/7闲(80%)
[2026-08-08 11:25:46] [W-25] 🔧 开始处理 [fork1] LightYourJourney/clash-verge-rev
[2026-08-08 11:25:46] [W-26] ⏭️ [fork1] 仓库 https://github.com/suliaokeke/clash-verge-rev 6605h 未更新，跳过解析（无需追踪）
[2026-08-08 11:25:46] [W-26] ✅ 完成 [fork1] suliaokeke/clash-verge-rev | 提取 0 | 新增 0 | 耗时 1s | 配额 3679/4800 03:25UTC | 主队列 24/200 发现队列 14/20000 [[fork1]:12 [raw1]:1 [user0]:1] | Worker 29忙/7闲(80%)
[2026-08-08 11:25:46] [W-26] 🔧 开始处理 [fork1] lifewxy/clash-verge-rev
[2026-08-08 11:25:46] [W-26] ⏭️ [fork1] 仓库 https://github.com/lifewxy/clash-verge-rev 已解析，跳过解析（无需追踪）
[2026-08-08 11:25:46] [W-26] ✅ 完成 [fork1] lifewxy/clash-verge-rev | 提取 0 | 新增 0 | 耗时 0s | 配额 3679/4800 03:25UTC | 主队列 24/200 发现队列 13/20000 [[fork1]:11 [raw1]:1 [user0]:1] | Worker 29忙/7闲(80%)
[2026-08-08 11:25:46] [W-26] 🔧 开始处理 [fork1] fastonecanada/clash-verge-rev
[2026-08-08 11:25:46] [W-6] ⏭️ [种子仓库] 仓库 https://github.com/56782666zhang-svg/clash-verge-rev 284h 未更新，跳过解析（无需追踪）
[2026-08-08 11:25:46] [W-6] ✅ 完成 [种子仓库] 56782666zhang-svg/clash-verge-rev [种子 324/744] | 提取 0 | 新增 0 | 耗时 1s | 配额 3678/4800 03:25UTC | 主队列 24/200 发现队列 12/20000 [[fork1]:10 [raw1]:1 [user0]:1] | Worker 29忙/7闲(80%)
[2026-08-08 11:25:46] [W-6] 🔧 开始处理 [fork1] happyworks/clash-verge-rev
[2026-08-08 11:25:46] [W-9] ⏭️ [fork1] 仓库 https://github.com/oceanwong88/clash-verge-rev 10415h 未更新，跳过解析（无需追踪）
[2026-08-08 11:25:46] [W-9] ✅ 完成 [fork1] oceanwong88/clash-verge-rev | 提取 0 | 新增 0 | 耗时 1s | 配额 3677/4800 03:25UTC | 主队列 24/200 发现队列 11/20000 [[fork1]:9 [raw1]:1 [user0]:1] | Worker 29忙/7闲(80%)
[2026-08-08 11:25:46] [W-9] 🔧 开始处理 [fork1] Yunanya/clash-verge-rev
[2026-08-08 11:25:46] [W-25] ⏭️ [fork1] 仓库 https://github.com/LightYourJourney/clash-verge-rev 17535h 未更新，跳过解析（无需追踪）
[2026-08-08 11:25:46] [W-25] ✅ 完成 [fork1] LightYourJourney/clash-verge-rev | 提取 0 | 新增 0 | 耗时 1s | 配额 3676/4800 03:25UTC | 主队列 24/200 发现队列 10/20000 [[fork1]:8 [raw1]:1 [user0]:1] | Worker 29忙/7闲(80%)
[2026-08-08 11:25:46] [W-25] 🔧 开始处理 [fork1] xiongbintse/clash-verge-rev
[2026-08-08 11:25:47] [W-17] 📦 Partial Clone: 96 个文件（零 API 配额）
[2026-08-08 11:25:47] [W-22] ⏭️ [fork1] 仓库 https://github.com/djibm875/clash-verge-rev 14581h 未更新，跳过解析（无需追踪）
[2026-08-08 11:25:47] [W-22] ✅ 完成 [fork1] djibm875/clash-verge-rev | 提取 0 | 新增 0 | 耗时 2s | 配额 3675/4800 03:25UTC | 主队列 24/200 发现队列 9/20000 [[fork1]:7 [raw1]:1 [user0]:1] | Worker 28忙/8闲(77%)
[2026-08-08 11:25:47] [W-22] 🔧 开始处理 [fork1] bingyuac/clash-verge-rev
[2026-08-08 11:25:47] repo info (fastonecanada/clash-verge-rev) 404，跳过
[2026-08-08 11:25:47] [W-26] 🔍 仓库 fastonecanada/clash-verge-rev 不存在（404），追踪用户
[2026-08-08 11:25:47] [W-26] 👤 [fork1] 遍历用户仓库: fastonecanada
[2026-08-08 11:25:47] [W-6] ⏭️ [fork1] 仓库 https://github.com/happyworks/clash-verge-rev 2690h 未更新，跳过解析（无需追踪）
[2026-08-08 11:25:47] [W-6] ✅ 完成 [fork1] happyworks/clash-verge-rev | 提取 0 | 新增 0 | 耗时 1s | 配额 3673/4800 03:25UTC | 主队列 24/200 发现队列 8/20000 [[fork1]:6 [raw1]:1 [user0]:1] | Worker 28忙/8闲(77%)
[2026-08-08 11:25:47] [W-6] 🔧 开始处理 [fork1] FeatherJoe0111/clash-verge-rev
[2026-08-08 11:25:47] [W-9] ⏭️ [fork1] 仓库 https://github.com/Yunanya/clash-verge-rev 7700h 未更新，跳过解析（无需追踪）
[2026-08-08 11:25:47] [W-9] ✅ 完成 [fork1] Yunanya/clash-verge-rev | 提取 0 | 新增 0 | 耗时 1s | 配额 3672/4800 03:25UTC | 主队列 24/200 发现队列 7/20000 [[fork1]:5 [raw1]:1 [user0]:1] | Worker 28忙/8闲(77%)
[2026-08-08 11:25:47] [W-9] 🔧 开始处理 [fork1] shinSG/clash-verge-rev
[2026-08-08 11:25:47] [W-26]   用户 fastonecanada 共查 0 个仓库
[2026-08-08 11:25:47] [W-26] ✅ 完成 [fork1] fastonecanada/clash-verge-rev | 提取 0 | 新增 0 | 耗时 2s | 配额 3671/4800 03:25UTC | 主队列 24/200 发现队列 6/20000 [[fork1]:4 [raw1]:1 [user0]:1] | Worker 28忙/8闲(77%)
[2026-08-08 11:25:47] [W-26] 🔧 开始处理 [fork1] willer-613/clash-verge-rev
[2026-08-08 11:25:48] [W-25] ⏭️ [fork1] 仓库 https://github.com/xiongbintse/clash-verge-rev 2998h 未更新，跳过解析（无需追踪）
[2026-08-08 11:25:48] [W-25] ✅ 完成 [fork1] xiongbintse/clash-verge-rev | 提取 0 | 新增 0 | 耗时 1s | 配额 3670/4800 03:25UTC | 主队列 24/200 发现队列 5/20000 [[fork1]:3 [raw1]:1 [user0]:1] | Worker 28忙/8闲(77%)
[2026-08-08 11:25:48] [W-25] 🔧 开始处理 [fork1] errolyan/clash-verge-rev
[2026-08-08 11:25:48] [W-22] ⏭️ [fork1] 仓库 https://github.com/bingyuac/clash-verge-rev 12528h 未更新，跳过解析（无需追踪）
[2026-08-08 11:25:48] [W-22] ✅ 完成 [fork1] bingyuac/clash-verge-rev | 提取 0 | 新增 0 | 耗时 1s | 配额 3669/4800 03:25UTC | 主队列 24/200 发现队列 4/20000 [[fork1]:2 [raw1]:1 [user0]:1] | Worker 28忙/8闲(77%)
[2026-08-08 11:25:48] [W-22] 🔧 开始处理 [种子仓库] LynnZhu/clash-verge-rev [种子 325/744]
[2026-08-08 11:25:48] [W-29] 📦 Partial Clone: 212 个文件（零 API 配额）
[2026-08-08 11:25:48] [W-26] ⏭️ [fork1] 仓库 https://github.com/willer-613/clash-verge-rev 8873h 未更新，跳过解析（无需追踪）
[2026-08-08 11:25:48] [W-26] ✅ 完成 [fork1] willer-613/clash-verge-rev | 提取 0 | 新增 0 | 耗时 1s | 配额 3668/4800 03:25UTC | 主队列 23/200 发现队列 4/20000 [[fork1]:2 [raw1]:1 [user0]:1] | Worker 27忙/9闲(75%)
[2026-08-08 11:25:48] [W-9] ⏭️ [fork1] 仓库 https://github.com/shinSG/clash-verge-rev 15973h 未更新，跳过解析（无需追踪）
[2026-08-08 11:25:48] [W-9] ✅ 完成 [fork1] shinSG/clash-verge-rev | 提取 0 | 新增 0 | 耗时 1s | 配额 3667/4800 03:25UTC | 主队列 23/200 发现队列 3/20000 [[fork1]:1 [raw1]:1 [user0]:1] | Worker 26忙/10闲(72%)
[2026-08-08 11:25:48] [W-9] 🔧 开始处理 [种子仓库] whaike/clash-verge-rev [种子 326/744]
[2026-08-08 11:25:48] [W-26] 🔧 开始处理 [fork1] joneskevinzyr6q-ctrl/clash-verge-rev
[2026-08-08 11:25:48] [W-6] ⏭️ [fork1] 仓库 https://github.com/FeatherJoe0111/clash-verge-rev 373h 未更新，跳过解析（无需追踪）
[2026-08-08 11:25:48] [W-6] ✅ 完成 [fork1] FeatherJoe0111/clash-verge-rev | 提取 0 | 新增 0 | 耗时 1s | 配额 3666/4800 03:25UTC | 主队列 22/200 发现队列 3/20000 [[fork1]:1 [raw1]:1 [user0]:1] | Worker 27忙/9闲(75%)
[2026-08-08 11:25:48] [W-6] 🔧 开始处理 [fork1] liqianqian160/clash-verge-rev
[2026-08-08 11:25:48] [W-23] 📦 Partial Clone: 240 个文件（零 API 配额）
[2026-08-08 11:25:49] [W-25] ⏭️ [fork1] 仓库 https://github.com/errolyan/clash-verge-rev 15553h 未更新，跳过解析（无需追踪）
[2026-08-08 11:25:49] [W-25] ✅ 完成 [fork1] errolyan/clash-verge-rev | 提取 0 | 新增 0 | 耗时 1s | 配额 3665/4800 03:25UTC | 主队列 22/200 发现队列 2/20000 [[raw1]:1 [user0]:1] | Worker 26忙/10闲(72%)
[2026-08-08 11:25:49] [W-25] 🔧 开始处理 [种子仓库] Lim-123-456/clash-verge-rev [种子 327/744]
[2026-08-08 11:25:49] [W-22] ⏭️ [种子仓库] 仓库 https://github.com/LynnZhu/clash-verge-rev 194h 未更新，跳过解析（无需追踪）
[2026-08-08 11:25:49] [W-22] ✅ 完成 [种子仓库] LynnZhu/clash-verge-rev [种子 325/744] | 提取 0 | 新增 0 | 耗时 1s | 配额 3664/4800 03:25UTC | 主队列 21/200 发现队列 2/20000 [[raw1]:1 [user0]:1] | Worker 26忙/10闲(72%)
[2026-08-08 11:25:49] [W-22] 🔧 开始处理 [raw1] devgelo-labs/astro-starter-pro
[2026-08-08 11:25:49] [W-22] 📝 已处理缓存: devgelo-labs/astro-starter-pro
[2026-08-08 11:25:49] [W-22] ⏭️ [raw1] 仓库 https://github.com/devgelo-labs/astro-starter-pro 818h 未更新，跳过解析（无需追踪）
[2026-08-08 11:25:49] [W-22] ✅ 完成 [raw1] devgelo-labs/astro-starter-pro | 提取 0 | 新增 0 | 耗时 0s | 配额 3664/4800 03:25UTC | 主队列 21/200 发现队列 1/20000 [[user0]:1] | Worker 26忙/10闲(72%)
[2026-08-08 11:25:49] [W-22] 🔧 开始处理 [user0] Tory-Xu/AirMouse
[2026-08-08 11:25:49] [W-22] ⏭️ [user0] 仓库 https://github.com/Tory-Xu/AirMouse 主要语言 HTML，跳过
[2026-08-08 11:25:49] [W-22] ✅ 完成 [user0] Tory-Xu/AirMouse | 提取 0 | 新增 0 | 耗时 0s | 配额 3664/4800 03:25UTC | 主队列 21/200 发现队列 0/20000 [空] | Worker 26忙/10闲(72%)
[2026-08-08 11:25:49] [W-22] 🔧 开始处理 [种子仓库] lingxiaobc/clash-verge-rev [种子 328/744]
[2026-08-08 11:25:49] [W-26] ⏭️ [fork1] 仓库 https://github.com/joneskevinzyr6q-ctrl/clash-verge-rev 7152h 未更新，跳过解析（无需追踪）
[2026-08-08 11:25:49] [W-26] ✅ 完成 [fork1] joneskevinzyr6q-ctrl/clash-verge-rev | 提取 0 | 新增 0 | 耗时 1s | 配额 3663/4800 03:25UTC | 主队列 20/200 发现队列 0/20000 [空] | Worker 26忙/10闲(72%)
[2026-08-08 11:25:49] [W-26] 🔧 开始处理 [种子仓库] gc801/clash-verge-rev [种子 329/744]
[2026-08-08 11:25:49] [种子] ▶️ 主队列 < 20（19/200），搜索恢复
[2026-08-08 11:25:49] [种子] 🔵 [种子 349/744] Mehrdad-GH/V2ray-sub | 配额 3663/4800 03:25UTC | 主队列 20/200 发现队列 0/20000 [空] | Worker 26忙/10闲(72%)
[2026-08-08 11:25:49] [种子] 🔵 [种子 350/744] theholystitch/v2ray-sub | 配额 3663/4800 03:25UTC | 主队列 21/200 发现队列 0/20000 [空] | Worker 26忙/10闲(72%)
[2026-08-08 11:25:49] [种子] 🔵 [种子 351/744] mohsen9hasani-lang/v2ray-sub | 配额 3663/4800 03:25UTC | 主队列 22/200 发现队列 0/20000 [空] | Worker 26忙/10闲(72%)
[2026-08-08 11:25:49] [种子] 🔵 [种子 352/744] wanghz/clash-get_subscribe | 配额 3663/4800 03:25UTC | 主队列 23/200 发现队列 0/20000 [空] | Worker 26忙/10闲(72%)
[2026-08-08 11:25:49] [种子] 🔵 [种子 353/744] 3inker/v2ray-subscription | 配额 3663/4800 03:25UTC | 主队列 24/200 发现队列 0/20000 [空] | Worker 26忙/10闲(72%)
[2026-08-08 11:25:49] [种子] 🔵 [种子 354/744] mehrdadmb2/V2ray_Sub | 配额 3663/4800 03:25UTC | 主队列 25/200 发现队列 0/20000 [空] | Worker 26忙/10闲(72%)
[2026-08-08 11:25:49] [种子] 🔵 [种子 355/744] MZWNET/V2RAY-and-CLASH-Subscription-Links | 配额 3663/4800 03:25UTC | 主队列 26/200 发现队列 0/20000 [空] | Worker 26忙/10闲(72%)
[2026-08-08 11:25:49] [种子] 🔵 [种子 356/744] roadnich/ru-v2ray-sub | 配额 3663/4800 03:25UTC | 主队列 27/200 发现队列 0/20000 [空] | Worker 26忙/10闲(72%)
[2026-08-08 11:25:49] [种子] 🔵 [种子 357/744] cbnstar/get_subscribe | 配额 3663/4800 03:25UTC | 主队列 28/200 发现队列 0/20000 [空] | Worker 26忙/10闲(72%)
[2026-08-08 11:25:49] [种子] 🔵 [种子 358/744] AadamTaylor/sublink-worker | 配额 3663/4800 03:25UTC | 主队列 29/200 发现队列 0/20000 [空] | Worker 26忙/10闲(72%)
[2026-08-08 11:25:49] [种子] 🔵 [种子 359/744] googlesupportter/SubCrawler | 配额 3663/4800 03:25UTC | 主队列 30/200 发现队列 0/20000 [空] | Worker 26忙/10闲(72%)
[2026-08-08 11:25:49] [种子] 🔵 [种子 360/744] jack000-hub/get_subscribe | 配额 3663/4800 03:25UTC | 主队列 31/200 发现队列 0/20000 [空] | Worker 26忙/10闲(72%)
[2026-08-08 11:25:49] [种子] 🔵 [种子 361/744] eshion/get_subscribe | 配额 3663/4800 03:25UTC | 主队列 32/200 发现队列 0/20000 [空] | Worker 26忙/10闲(72%)
[2026-08-08 11:25:49] [种子] 🔵 [种子 362/744] mxinyi/sublink-worker | 配额 3663/4800 03:25UTC | 主队列 33/200 发现队列 0/20000 [空] | Worker 26忙/10闲(72%)
[2026-08-08 11:25:49] [种子] 🔵 [种子 363/744] zdnight/sublink-worker | 配额 3663/4800 03:25UTC | 主队列 34/200 发现队列 0/20000 [空] | Worker 26忙/10闲(72%)
[2026-08-08 11:25:49] [种子] 🔵 [种子 364/744] g-star1024/my-clash-subscribe | 配额 3663/4800 03:25UTC | 主队列 35/200 发现队列 0/20000 [空] | Worker 26忙/10闲(72%)
[2026-08-08 11:25:49] [种子] 🔵 [种子 365/744] feixingzhou/clash-subscription | 配额 3663/4800 03:25UTC | 主队列 36/200 发现队列 0/20000 [空] | Worker 26忙/10闲(72%)
[2026-08-08 11:25:49] [种子] 🔵 [种子 366/744] LHF001/clash-sub | 配额 3663/4800 03:25UTC | 主队列 37/200 发现队列 0/20000 [空] | Worker 26忙/10闲(72%)
[2026-08-08 11:25:49] [种子] 🔵 [种子 367/744] awwy1222/clash-sub | 配额 3663/4800 03:25UTC | 主队列 38/200 发现队列 0/20000 [空] | Worker 26忙/10闲(72%)
[2026-08-08 11:25:49] [种子] 🔵 [种子 368/744] supercrypto1984/WorkerVless2sub | 配额 3663/4800 03:25UTC | 主队列 39/200 发现队列 0/20000 [空] | Worker 26忙/10闲(72%)
[2026-08-08 11:25:49] [种子] 🔵 [种子 369/744] Petory51/WorkerVless2sub | 配额 3663/4800 03:25UTC | 主队列 40/200 发现队列 0/20000 [空] | Worker 26忙/10闲(72%)
[2026-08-08 11:25:49] [种子] 🔵 [种子 370/744] DaBaival/WorkerVless2sub | 配额 3663/4800 03:25UTC | 主队列 41/200 发现队列 0/20000 [空] | Worker 26忙/10闲(72%)
[2026-08-08 11:25:49] [种子] 🔵 [种子 371/744] imlxaaron/WorkerVless2sub | 配额 3663/4800 03:25UTC | 主队列 42/200 发现队列 0/20000 [空] | Worker 26忙/10闲(72%)
[2026-08-08 11:25:49] [种子] 🔵 [种子 372/744] Kwisma/WorkerVless2sub | 配额 3663/4800 03:25UTC | 主队列 43/200 发现队列 0/20000 [空] | Worker 26忙/10闲(72%)
[2026-08-08 11:25:49] [种子] 🔵 [种子 373/744] ken58688/WorkerVless2sub | 配额 3663/4800 03:25UTC | 主队列 44/200 发现队列 0/20000 [空] | Worker 26忙/10闲(72%)
[2026-08-08 11:25:49] [种子] 🔵 [种子 374/744] cxiyaoe/WorkerVless2sub | 配额 3663/4800 03:25UTC | 主队列 45/200 发现队列 0/20000 [空] | Worker 26忙/10闲(72%)
[2026-08-08 11:25:49] [种子] 🔵 [种子 375/744] qingfeng033358/WorkerVless2sub | 配额 3663/4800 03:25UTC | 主队列 46/200 发现队列 0/20000 [空] | Worker 26忙/10闲(72%)
[2026-08-08 11:25:49] [种子] 🔵 [种子 376/744] lhfga/WorkerVless2sub | 配额 3663/4800 03:25UTC | 主队列 47/200 发现队列 0/20000 [空] | Worker 26忙/10闲(72%)
[2026-08-08 11:25:49] [种子] 🔵 [种子 377/744] blesdmm/WorkerVless2sub | 配额 3663/4800 03:25UTC | 主队列 48/200 发现队列 0/20000 [空] | Worker 26忙/10闲(72%)
[2026-08-08 11:25:49] [种子] 🔵 [种子 378/744] melsanlanth/CF_Worker_Vless2sub | 配额 3663/4800 03:25UTC | 主队列 49/200 发现队列 0/20000 [空] | Worker 26忙/10闲(72%)
[2026-08-08 11:25:49] [种子] 🔵 [种子 379/744] lgeng1900/WorkerVless2sub | 配额 3663/4800 03:25UTC | 主队列 50/200 发现队列 0/20000 [空] | Worker 26忙/10闲(72%)
[2026-08-08 11:25:49] [种子] 🔵 [种子 380/744] DUQIA/WorkerVless2sub | 配额 3663/4800 03:25UTC | 主队列 51/200 发现队列 0/20000 [空] | Worker 26忙/10闲(72%)
[2026-08-08 11:25:49] [种子] 🔵 [种子 381/744] wuyang0909/WorkerVless2sub | 配额 3663/4800 03:25UTC | 主队列 52/200 发现队列 0/20000 [空] | Worker 26忙/10闲(72%)
[2026-08-08 11:25:49] [种子] 🔵 [种子 382/744] STBD1574/WorkerVless2sub | 配额 3663/4800 03:25UTC | 主队列 53/200 发现队列 0/20000 [空] | Worker 26忙/10闲(72%)
[2026-08-08 11:25:49] [种子] 🔵 [种子 383/744] armjukl/WorkerVless2sub | 配额 3663/4800 03:25UTC | 主队列 54/200 发现队列 0/20000 [空] | Worker 26忙/10闲(72%)
[2026-08-08 11:25:49] [种子] 🔵 [种子 384/744] brinishness/WorkerVless2sub | 配额 3663/4800 03:25UTC | 主队列 55/200 发现队列 0/20000 [空] | Worker 26忙/10闲(72%)
[2026-08-08 11:25:49] [种子] 🔵 [种子 385/744] Ardentwheel/WorkerVless2sub | 配额 3663/4800 03:25UTC | 主队列 56/200 发现队列 0/20000 [空] | Worker 26忙/10闲(72%)
[2026-08-08 11:25:49] [种子] 🔵 [种子 386/744] Godloveshot/WorkerVless2sub | 配额 3663/4800 03:25UTC | 主队列 57/200 发现队列 0/20000 [空] | Worker 26忙/10闲(72%)
[2026-08-08 11:25:49] [种子] 🔵 [种子 387/744] LevisVIP/WorkerVless2sub | 配额 3663/4800 03:25UTC | 主队列 58/200 发现队列 0/20000 [空] | Worker 26忙/10闲(72%)
[2026-08-08 11:25:49] [种子] 🔵 [种子 388/744] 1Beehive/WorkerVless2sub | 配额 3663/4800 03:25UTC | 主队列 59/200 发现队列 0/20000 [空] | Worker 26忙/10闲(72%)
[2026-08-08 11:25:49] [种子] 🔵 [种子 389/744] ipx2003/WorkerVless2sub | 配额 3663/4800 03:25UTC | 主队列 60/200 发现队列 0/20000 [空] | Worker 26忙/10闲(72%)
[2026-08-08 11:25:49] [种子] 🔵 [种子 390/744] renzhiai00/WorkerVless2sub | 配额 3663/4800 03:25UTC | 主队列 61/200 发现队列 0/20000 [空] | Worker 26忙/10闲(72%)
[2026-08-08 11:25:49] [种子] 🔵 [种子 391/744] luzihaofather/WorkerVless2sub | 配额 3663/4800 03:25UTC | 主队列 62/200 发现队列 0/20000 [空] | Worker 26忙/10闲(72%)
[2026-08-08 11:25:49] [种子] 🔵 [种子 392/744] slaterc21/WorkerVless2sub | 配额 3663/4800 03:25UTC | 主队列 63/200 发现队列 0/20000 [空] | Worker 26忙/10闲(72%)
[2026-08-08 11:25:49] [种子] 🔵 [种子 393/744] Liqw343a/WorkerVless2sub | 配额 3663/4800 03:25UTC | 主队列 64/200 发现队列 0/20000 [空] | Worker 26忙/10闲(72%)
[2026-08-08 11:25:49] [种子] 🔵 [种子 394/744] ktzhush/WorkerVless2sub | 配额 3663/4800 03:25UTC | 主队列 65/200 发现队列 0/20000 [空] | Worker 26忙/10闲(72%)
[2026-08-08 11:25:49] [种子] 🔵 [种子 395/744] k871688/WorkerVless2sub | 配额 3663/4800 03:25UTC | 主队列 66/200 发现队列 0/20000 [空] | Worker 26忙/10闲(72%)
[2026-08-08 11:25:49] [种子] 🔵 [种子 396/744] liu667788/WorkerVless2sub | 配额 3663/4800 03:25UTC | 主队列 67/200 发现队列 0/20000 [空] | Worker 26忙/10闲(72%)
[2026-08-08 11:25:49] [种子] 🔵 [种子 397/744] shaufo2/WorkerVless2sub | 配额 3663/4800 03:25UTC | 主队列 68/200 发现队列 0/20000 [空] | Worker 26忙/10闲(72%)
[2026-08-08 11:25:49] [种子] 🔵 [种子 398/744] fengcen-ms/WorkerVless2sub | 配额 3663/4800 03:25UTC | 主队列 69/200 发现队列 0/20000 [空] | Worker 26忙/10闲(72%)
[2026-08-08 11:25:49] [W-6] ⏭️ [fork1] 仓库 https://github.com/liqianqian160/clash-verge-rev 14831h 未更新，跳过解析（无需追踪）
[2026-08-08 11:25:49] [W-6] ✅ 完成 [fork1] liqianqian160/clash-verge-rev | 提取 0 | 新增 0 | 耗时 1s | 配额 3662/4800 03:25UTC | 主队列 70/200 发现队列 0/20000 [空] | Worker 26忙/10闲(72%)
[2026-08-08 11:25:49] [W-6] 🔧 开始处理 [种子仓库] hyqzj2000/V2RayAggregator [种子 330/744]
[2026-08-08 11:25:49] [种子] 🔵 [种子 399/744] bsteven999/CM-WorkerVless2sub | 配额 3662/4800 03:25UTC | 主队列 69/200 发现队列 0/20000 [空] | Worker 26忙/10闲(72%)
[2026-08-08 11:25:49] [种子] 🔵 [种子 400/744] wdssfff00/WorkerVless2sub | 配额 3662/4800 03:25UTC | 主队列 70/200 发现队列 0/20000 [空] | Worker 26忙/10闲(72%)
[2026-08-08 11:25:49] [种子] 🔵 [种子 401/744] itwhs/WorkerVless2sub | 配额 3662/4800 03:25UTC | 主队列 71/200 发现队列 0/20000 [空] | Worker 26忙/10闲(72%)
[2026-08-08 11:25:49] [种子] 🔵 [种子 402/744] LimitlessTao/WorkerVless2sub | 配额 3662/4800 03:25UTC | 主队列 72/200 发现队列 0/20000 [空] | Worker 26忙/10闲(72%)
[2026-08-08 11:25:49] [种子] 🔵 [种子 403/744] wangai14/WorkerVless2sub | 配额 3662/4800 03:25UTC | 主队列 73/200 发现队列 0/20000 [空] | Worker 26忙/10闲(72%)
[2026-08-08 11:25:49] [种子] 🔵 [种子 404/744] daxuewuyu8-dotcom/WorkerVless2sub | 配额 3662/4800 03:25UTC | 主队列 74/200 发现队列 0/20000 [空] | Worker 26忙/10闲(72%)
[2026-08-08 11:25:49] [种子] 🔵 [种子 405/744] IamNewHands/WorkerVless2sub | 配额 3662/4800 03:25UTC | 主队列 75/200 发现队列 0/20000 [空] | Worker 26忙/10闲(72%)
[2026-08-08 11:25:49] [种子] 🔵 [种子 406/744] AMEKENN/WorkerVless2sub | 配额 3662/4800 03:25UTC | 主队列 76/200 发现队列 0/20000 [空] | Worker 26忙/10闲(72%)
[2026-08-08 11:25:49] [种子] 🔵 [种子 407/744] qhy5697062/WorkerVless2sub | 配额 3662/4800 03:25UTC | 主队列 77/200 发现队列 0/20000 [空] | Worker 26忙/10闲(72%)
[2026-08-08 11:25:49] [种子] 🔵 [种子 408/744] w-163/WorkerVless2sub | 配额 3662/4800 03:25UTC | 主队列 78/200 发现队列 0/20000 [空] | Worker 26忙/10闲(72%)
[2026-08-08 11:25:49] [种子] 🔵 [种子 409/744] Love-AronaPlana/WorkerVless2sub | 配额 3662/4800 03:25UTC | 主队列 79/200 发现队列 0/20000 [空] | Worker 26忙/10闲(72%)
[2026-08-08 11:25:49] [种子] 🔵 [种子 410/744] wangdongwdd/WorkerVless2sub | 配额 3662/4800 03:25UTC | 主队列 80/200 发现队列 0/20000 [空] | Worker 26忙/10闲(72%)
[2026-08-08 11:25:49] [种子] ⏸️  主队列 ≥ 80（80/200），搜索暂停
[2026-08-08 11:25:49] [W-9] ⏭️ [种子仓库] 仓库 https://github.com/whaike/clash-verge-rev 111h 未更新，跳过解析（无需追踪）
[2026-08-08 11:25:49] [W-9] ✅ 完成 [种子仓库] whaike/clash-verge-rev [种子 326/744] | 提取 0 | 新增 0 | 耗时 1s | 配额 3661/4800 03:25UTC | 主队列 80/200 发现队列 0/20000 [空] | Worker 26忙/10闲(72%)
[2026-08-08 11:25:49] [W-9] 🔧 开始处理 [种子仓库] googbad/V2RayAggregator [种子 331/744]
[2026-08-08 11:25:50] [W-22] ⏭️ [种子仓库] 仓库 https://github.com/lingxiaobc/clash-verge-rev 288h 未更新，跳过解析（无需追踪）
[2026-08-08 11:25:50] [W-22] ✅ 完成 [种子仓库] lingxiaobc/clash-verge-rev [种子 328/744] | 提取 0 | 新增 0 | 耗时 1s | 配额 3660/4800 03:25UTC | 主队列 79/200 发现队列 0/20000 [空] | Worker 26忙/10闲(72%)
[2026-08-08 11:25:50] [W-22] 🔧 开始处理 [种子仓库] chennijy/V2RayAggregator [种子 332/744]
[2026-08-08 11:25:50] [W-17] 仓库 https://github.com/jovinleung/cf-worker-mihomo 无候选文件 (总计 96 blob, 扩展名过滤 49, processed_shas 跳过 0, SHA 缓存跳过 47)
[2026-08-08 11:25:50] [W-17] ✅ 完成 [种子仓库] jovinleung/cf-worker-mihomo [种子 243/744] | 提取 0 | 新增 0 | 耗时 60s | 配额 3660/4800 03:25UTC | 主队列 78/200 发现队列 0/20000 [空] | Worker 26忙/10闲(72%)
[2026-08-08 11:25:50] [W-17] 🔧 开始处理 [种子仓库] happyzhoujay/V2RayAggregator [种子 333/744]
[2026-08-08 11:25:50] [W-34] 仓库 https://github.com/Super-Zoe/v2rayNG 无候选文件 (总计 366 blob, 扩展名过滤 343, processed_shas 跳过 0, SHA 缓存跳过 23)
[2026-08-08 11:25:50] [W-34] ✅ 完成 [种子仓库] Super-Zoe/v2rayNG [种子 156/744] | 提取 0 | 新增 0 | 耗时 277s | 配额 3660/4800 03:25UTC | 主队列 77/200 发现队列 0/20000 [空] | Worker 27忙/9闲(75%)
[2026-08-08 11:25:50] [W-34] 🔧 开始处理 [种子仓库] g4384631-cmyk/V2RayAggregator [种子 334/744]
[2026-08-08 11:25:50] [W-25] ⏭️ [种子仓库] 仓库 https://github.com/Lim-123-456/clash-verge-rev 285h 未更新，跳过解析（无需追踪）
[2026-08-08 11:25:50] [W-25] ✅ 完成 [种子仓库] Lim-123-456/clash-verge-rev [种子 327/744] | 提取 0 | 新增 0 | 耗时 1s | 配额 3659/4800 03:25UTC | 主队列 76/200 发现队列 0/20000 [空] | Worker 28忙/8闲(77%)
[2026-08-08 11:25:50] [W-26] ⏭️ [种子仓库] 仓库 https://github.com/gc801/clash-verge-rev 289h 未更新，跳过解析（无需追踪）
[2026-08-08 11:25:50] [W-26] ✅ 完成 [种子仓库] gc801/clash-verge-rev [种子 329/744] | 提取 0 | 新增 0 | 耗时 1s | 配额 3658/4800 03:25UTC | 主队列 75/200 发现队列 0/20000 [空] | Worker 27忙/9闲(75%)
[2026-08-08 11:25:50] [W-26] 🔧 开始处理 [种子仓库] Bulichrun/V2RayAggregator [种子 336/744]
[2026-08-08 11:25:50] [W-25] 🔧 开始处理 [种子仓库] rostamimohammadamin8-dot/V2RayAggregator [种子 335/744]
[2026-08-08 11:25:50] [W-6] [种子仓库] 仓库 https://github.com/hyqzj2000/V2RayAggregator (分支: master, size: 4548812KB, pushed: 2026-08-07T18:08:10Z)
[2026-08-08 11:25:51] [W-22] [种子仓库] 仓库 https://github.com/chennijy/V2RayAggregator (分支: master, size: 4547016KB, pushed: 2026-08-08T02:44:19Z)
[2026-08-08 11:25:51] [W-9] [种子仓库] 仓库 https://github.com/googbad/V2RayAggregator (分支: master, size: 4548812KB, pushed: 2026-08-07T17:40:23Z)
[2026-08-08 11:25:51] [W-17] [种子仓库] 仓库 https://github.com/happyzhoujay/V2RayAggregator (分支: master, size: 4544152KB, pushed: 2026-08-08T02:44:11Z)
[2026-08-08 11:25:51] [W-26] [种子仓库] 仓库 https://github.com/Bulichrun/V2RayAggregator (分支: master, size: 4552196KB, pushed: 2026-08-08T02:13:39Z)
[2026-08-08 11:25:51] [W-34] [种子仓库] 仓库 https://github.com/g4384631-cmyk/V2RayAggregator (分支: master, size: 4548566KB, pushed: 2026-08-08T02:42:41Z)
[2026-08-08 11:25:51] [W-25] [种子仓库] 仓库 https://github.com/rostamimohammadamin8-dot/V2RayAggregator (分支: master, size: 4546985KB, pushed: 2026-08-08T02:42:06Z)
[2026-08-08 11:25:54] [W-19] 仓库 https://github.com/marstrix/v2rayNG 无候选文件 (总计 366 blob, 扩展名过滤 343, processed_shas 跳过 0, SHA 缓存跳过 23)
[2026-08-08 11:25:54] [W-19] ✅ 完成 [种子仓库] marstrix/v2rayNG [种子 157/744] | 提取 0 | 新增 0 | 耗时 280s | 配额 3651/4800 03:25UTC | 主队列 74/200 发现队列 0/20000 [空] | Worker 28忙/8闲(77%)
[2026-08-08 11:25:54] [W-19] 🔧 开始处理 [种子仓库] Night-Days/NekoBoxForAndroid [种子 337/744]
[2026-08-08 11:25:57] [W-19] ⏭️ [种子仓库] 仓库 https://github.com/Night-Days/NekoBoxForAndroid 275h 未更新，跳过解析（无需追踪）
[2026-08-08 11:25:57] [W-19] ✅ 完成 [种子仓库] Night-Days/NekoBoxForAndroid [种子 337/744] | 提取 0 | 新增 0 | 耗时 3s | 配额 3650/4800 03:25UTC | 主队列 73/200 发现队列 0/20000 [空] | Worker 29忙/7闲(80%)
[2026-08-08 11:25:57] [W-19] 🔧 开始处理 [种子仓库] chen08209/FlClash [种子 338/744]
[2026-08-08 11:25:58] [W-29] 仓库 https://github.com/ermaozi/ermaozi.org 候选文件 64 个
[2026-08-08 11:25:58] [W-19] [种子仓库] 仓库 https://github.com/chen08209/FlClash (分支: main, size: 56823KB, pushed: 2026-08-08T00:47:03Z)
[2026-08-08 11:26:07] [W-23] 仓库 https://github.com/cjxnxp/subs-check 无候选文件 (总计 240 blob, 扩展名过滤 218, processed_shas 跳过 0, SHA 缓存跳过 22)
[2026-08-08 11:26:07] [W-23] ✅ 完成 [fork1] cjxnxp/subs-check | 提取 0 | 新增 0 | 耗时 259s | 配额 3649/4800 03:26UTC | 主队列 72/200 发现队列 0/20000 [空] | Worker 29忙/7闲(80%)
[2026-08-08 11:26:07] [W-23] 🔧 开始处理 [种子仓库] cccccpppppfffff/FlClash [种子 339/744]
[2026-08-08 11:26:08] [ThreadPoolExecutor-1098_0] 🔗 [user0] 发现仓库链接 satnaing/astro-paper (来源 https://raw.githubusercontent.com/ermaozi/ermaozi.org/main/README.md)
[2026-08-08 11:26:09] [W-23] ⏭️ [种子仓库] 仓库 https://github.com/cccccpppppfffff/FlClash 283h 未更新，跳过解析（无需追踪）
[2026-08-08 11:26:09] [W-23] ✅ 完成 [种子仓库] cccccpppppfffff/FlClash [种子 339/744] | 提取 0 | 新增 0 | 耗时 1s | 配额 3648/4800 03:26UTC | 主队列 71/200 发现队列 0/20000 [空] | Worker 30忙/6闲(83%)
[2026-08-08 11:26:09] [W-23] 🔧 开始处理 [种子仓库] kyay006/FlClash [种子 340/744]
[2026-08-08 11:26:09] [W-24] 🌱 加入种子: ninjastrikers/nexus-nodes (提取 22615 节点)
[2026-08-08 11:26:09] [W-24] ✅ 完成 [种子仓库] ninjastrikers/nexus-nodes [种子 20/744] | 提取 22615 | 新增 139 | 耗时 488s | 配额 3648/4800 03:26UTC | 主队列 70/200 发现队列 0/20000 [空] | Worker 30忙/6闲(83%)
[2026-08-08 11:26:09] [W-24] 🔧 开始处理 [种子仓库] Bors6656/free-vpn-sub [种子 341/744]
[2026-08-08 11:26:10] [W-23] ⏭️ [种子仓库] 仓库 https://github.com/kyay006/FlClash 285h 未更新，跳过解析（无需追踪）
[2026-08-08 11:26:10] [W-23] ✅ 完成 [种子仓库] kyay006/FlClash [种子 340/744] | 提取 0 | 新增 0 | 耗时 1s | 配额 3646/4800 03:26UTC | 主队列 69/200 发现队列 1/20000 [[raw1]:1] | Worker 31忙/5闲(86%)
[2026-08-08 11:26:10] [W-23] 🔧 开始处理 [raw1] satnaing/astro-paper
[2026-08-08 11:26:10] [W-23] 📝 已处理缓存: satnaing/astro-paper
[2026-08-08 11:26:10] [W-23] ⏭️ [raw1] 仓库 https://github.com/satnaing/astro-paper 65h 未更新，跳过解析（无需追踪）
[2026-08-08 11:26:10] [W-23] ✅ 完成 [raw1] satnaing/astro-paper | 提取 0 | 新增 0 | 耗时 0s | 配额 3646/4800 03:26UTC | 主队列 69/200 发现队列 0/20000 [空] | Worker 31忙/5闲(86%)
[2026-08-08 11:26:10] [W-23] 🔧 开始处理 [种子仓库] monomono98/FREE-sub [种子 342/744]
[2026-08-08 11:26:10] [W-24] [种子仓库] 仓库 https://github.com/Bors6656/free-vpn-sub (分支: master, size: 491KB, pushed: 2026-08-08T01:59:58Z)
[2026-08-08 11:26:11] [ThreadPoolExecutor-1098_7] 🔗 [user0] 发现仓库链接 unredacted/freesocks-control-plane (来源 https://raw.githubusercontent.com/ermaozi/ermaozi.org/main/src/data/blog/freesocks-v2-free-vpn-guide.md)
[2026-08-08 11:26:11] [W-23] [种子仓库] 仓库 https://github.com/monomono98/FREE-sub (分支: main, size: 211KB, pushed: 2026-08-07T21:07:34Z)
[2026-08-08 11:26:12] [ThreadPoolExecutor-1098_7] 🔗 [user0] 发现仓库链接 unredacted/freesocks-control-plan (来源 https://raw.githubusercontent.com/ermaozi/ermaozi.org/main/src/data/blog/freesocks-v2-free-vpn-guide.md)
[2026-08-08 11:26:13] repo info (unredacted/freesocks-control-plan) 404，跳过
[2026-08-08 11:26:14] [W-24] 📦 Partial Clone: 4 个文件（零 API 配额）
[2026-08-08 11:26:16] [ThreadPoolExecutor-934_4] 🔗 [user0] 发现仓库链接 chalk/ansi-regex (来源 https://raw.githubusercontent.com/ermaozi/ermao.org/master/package-lock.json)
[2026-08-08 11:26:16] [W-24] 仓库 https://github.com/Bors6656/free-vpn-sub 候选文件 1 个
[2026-08-08 11:26:17] 📊 [03:26 UTC] 运行 501s
[2026-08-08 11:26:17]    CPU: 100% (负载 21.45/2核) | 内存: 15% (2.3/15.6GB) | 磁盘: 86.9/144GB 可用
[2026-08-08 11:26:17]    网络近60s: 总下载 0.13GB | 平均 2.56MB/s | 峰值 22.34MB/s
[2026-08-08 11:26:17]    API: 3642/4800 | 放行 95/分钟 | raw 243文件/6.0MB | clone 90仓库/10249文件
[2026-08-08 11:26:17]    进度: 种子 410/744 | 关键词 - | Code -
[2026-08-08 11:26:17]    主队列 68/200 发现队列 1/20000 [[raw1]:1] | Worker 30忙/6闲(83%)
[2026-08-08 11:26:17]    Worker: 30忙/6闲(83%) | W-0 PartialClone ermaozi/ermao.net(160s) | W-1 PartialClone Raad63/v2rayNG-android(199s) | W-2 空闲(55s) | W-3 PartialClone ermaozi/astro-theme-ermaozi(161s) | W-4 PartialClone tvheadend/tvheadend(181s) | W-5 PartialClone 88alt/v2rayNG(102s) | W-6 PartialClone hyqzj2000/V2RayAggregator(26s) | W-7 PartialClone lucienlmy/clash-verge-rev(62s) | W-8 PartialClone timeflysoon/v2rayNG(98s) | W-9 PartialClone googbad/V2RayAggregator(26s) | W-10 PartialClone ws94666ws/v2rayNG(200s) | W-11 PartialClone pengzhanbo/vuepress-theme-plume(133s) | W-12 空闲(437s) | W-13 PartialClone kongzhilv/clash-verge-rev(36s) | W-14 PartialClone monkey6468/Quantumult-X(66s) | W-15 空闲(61s) | W-16 PartialClone wysha-object/clash-verge-rev(57s) | W-17 PartialClone happyzhoujay/V2RayAggregator(26s) | W-18 PartialClone getpower668/kuaiji-vpn(87s) | W-19 PartialClone chen08209/FlClash(18s) | W-20 空闲(59s) | W-21 PartialClone wheakerd/clash-party(81s) | W-22 PartialClone chennijy/V2RayAggregator(26s) | W-23 PartialClone monomono98/FREE-sub(2s) | W-24 空闲(2s) | W-25 PartialClone rostamimohammadamin8-dot/V2RayAggregator(25s) | W-26 PartialClone Bulichrun/V2RayAggregator(26s) | W-27 PartialClone Nemu-x/SlothClash(59s) | W-28 PartialClone oomeow/clash-verge-self(57s) | W-29 空闲(28s) | W-30 PartialClone tuke-code/clash-verge-rev(41s) | W-31 PartialClone ermaozi/pyjichang.com(160s) | W-32 PartialClone fucheng-guo-sun/clash-verge-rev(60s) | W-33 PartialClone xiaoqinglee/clash-verge-rev(64s) | W-34 PartialClone g4384631-cmyk/V2RayAggregator(26s) | W-35 PartialClone guguji666666/v2rayNG(133s)
[2026-08-08 11:26:17] [W-23] 📦 Partial Clone: 2 个文件（零 API 配额）
[2026-08-08 11:26:17] [ThreadPoolExecutor-934_4] 🔗 [user0] 发现仓库链接 chalk/ansi-styles (来源 https://raw.githubusercontent.com/ermaozi/ermao.org/master/package-lock.json)
[2026-08-08 11:26:18] [W-23] 仓库 https://github.com/monomono98/FREE-sub 候选文件 1 个
[2026-08-08 11:26:18] [ThreadPoolExecutor-934_4] 🔗 [user0] 发现仓库链接 sponsors/ota-meshi (来源 https://raw.githubusercontent.com/ermaozi/ermao.org/master/package-lock.json)
[2026-08-08 11:26:18] [W-2] 📝 已处理缓存: mc-wiki/mcaf-resourcepack
[2026-08-08 11:26:18] [W-2]   父仓库 +0 个节点
[2026-08-08 11:26:19] [W-23] 🌱 加入种子: monomono98/FREE-sub (提取 7 节点)
[2026-08-08 11:26:19] [W-23] ✅ 完成 [种子仓库] monomono98/FREE-sub [种子 342/744] | 提取 7 | 新增 0 | 耗时 9s | 配额 3640/4800 03:26UTC | 主队列 68/200 发现队列 3/20000 [[raw1]:3] | Worker 29忙/7闲(80%)
[2026-08-08 11:26:19] [W-23] 🔧 开始处理 [raw1] unredacted/freesocks-control-plane
[2026-08-08 11:26:19] [W-23] 📝 已处理缓存: unredacted/freesocks-control-plane
[2026-08-08 11:26:19] [W-23] ⏭️ [raw1] 仓库 https://github.com/unredacted/freesocks-control-plane 178h 未更新，跳过解析（无需追踪）
[2026-08-08 11:26:19] [W-23] ✅ 完成 [raw1] unredacted/freesocks-control-plane | 提取 0 | 新增 0 | 耗时 0s | 配额 3640/4800 03:26UTC | 主队列 68/200 发现队列 2/20000 [[raw1]:2] | Worker 30忙/6闲(83%)
[2026-08-08 11:26:19] [W-23] 🔧 开始处理 [raw1] chalk/ansi-regex
[2026-08-08 11:26:19] [W-23] ⏭️ [raw1] 仓库 https://github.com/chalk/ansi-regex 4094h 未更新，跳过解析（无需追踪）
[2026-08-08 11:26:19] [W-23] ✅ 完成 [raw1] chalk/ansi-regex | 提取 0 | 新增 0 | 耗时 0s | 配额 3640/4800 03:26UTC | 主队列 68/200 发现队列 1/20000 [[raw1]:1] | Worker 30忙/6闲(83%)
[2026-08-08 11:26:19] [W-23] 🔧 开始处理 [raw1] chalk/ansi-styles
[2026-08-08 11:26:19] [W-23] ⏭️ [raw1] 仓库 https://github.com/chalk/ansi-styles 300h 未更新，跳过解析（无需追踪）
[2026-08-08 11:26:19] [W-23] ✅ 完成 [raw1] chalk/ansi-styles | 提取 0 | 新增 0 | 耗时 0s | 配额 3640/4800 03:26UTC | 主队列 68/200 发现队列 0/20000 [空] | Worker 30忙/6闲(83%)
[2026-08-08 11:26:19] [W-23] 🔧 开始处理 [种子仓库] anonymous99-Rise/get_subscribe [种子 343/744]
[2026-08-08 11:26:19] [W-20] 🌱 加入种子: mister-nikitos/zieng2-wl-stash (提取 634 节点)
[2026-08-08 11:26:19] [W-20] ✅ 完成 [种子仓库] mister-nikitos/zieng2-wl-stash [种子 303/744] | 提取 634 | 新增 7 | 耗时 69s | 配额 3640/4800 03:26UTC | 主队列 67/200 发现队列 0/20000 [空] | Worker 30忙/6闲(83%)
[2026-08-08 11:26:19] repo info (sponsors/ota-meshi) 404，跳过
[2026-08-08 11:26:19] [ThreadPoolExecutor-934_4] 🔗 [user0] 发现仓库链接 chalk/chalk (来源 https://raw.githubusercontent.com/ermaozi/ermao.org/master/package-lock.json)
[2026-08-08 11:26:19] [W-20] 🔧 开始处理 [种子仓库] onlymeoneme/v2ray_subs [种子 344/744]
[2026-08-08 11:26:19] [W-2]   🍴 兄弟仓库: 6/7 个 → 主队列 66/200 发现队列 6/20000 [[fork1]:6] | Worker 31忙/5闲(86%)
[2026-08-08 11:26:19] [W-2] ✅ 完成 [user0] peasoft/mcaf-resourcepack | 提取 0 | 新增 0 | 耗时 187s | 配额 3638/4800 03:26UTC | 主队列 66/200 发现队列 6/20000 [[fork1]:6] | Worker 31忙/5闲(86%)
[2026-08-08 11:26:19] [W-2] 🔧 开始处理 [种子仓库] rankalpha/v2ray_sub [种子 345/744]
[2026-08-08 11:26:19] [W-23] ⏭️ [种子仓库] 仓库 https://github.com/anonymous99-Rise/get_subscribe 193h 未更新，跳过解析（无需追踪）
[2026-08-08 11:26:19] [W-23] ✅ 完成 [种子仓库] anonymous99-Rise/get_subscribe [种子 343/744] | 提取 0 | 新增 0 | 耗时 1s | 配额 3637/4800 03:26UTC | 主队列 65/200 发现队列 6/20000 [[fork1]:6] | Worker 32忙/4闲(88%)
[2026-08-08 11:26:19] [W-23] 🔧 开始处理 [fork1] Mueller857/mcaf-resourcepack
[2026-08-08 11:26:19] [W-23] 📝 已处理缓存: Mueller857/mcaf-resourcepack
[2026-08-08 11:26:19] [W-23] ⏭️ [fork1] 仓库 https://github.com/Mueller857/mcaf-resourcepack 3077h 未更新，跳过解析（无需追踪）
[2026-08-08 11:26:19] [W-23] ✅ 完成 [fork1] Mueller857/mcaf-resourcepack | 提取 0 | 新增 0 | 耗时 0s | 配额 3637/4800 03:26UTC | 主队列 65/200 发现队列 5/20000 [[fork1]:5] | Worker 32忙/4闲(88%)
[2026-08-08 11:26:19] [W-23] 🔧 开始处理 [fork1] Leo-768/mcaf-resourcepack
[2026-08-08 11:26:19] [W-24] 🌱 加入种子: Bors6656/free-vpn-sub (提取 147 节点)
[2026-08-08 11:26:19] [W-24] ✅ 完成 [种子仓库] Bors6656/free-vpn-sub [种子 341/744] | 提取 147 | 新增 0 | 耗时 10s | 配额 3637/4800 03:26UTC | 主队列 65/200 发现队列 4/20000 [[fork1]:4] | Worker 32忙/4闲(88%)
[2026-08-08 11:26:19] [W-24] 🔧 开始处理 [种子仓库] shervinofpersia/Subscrip [种子 346/744]
[2026-08-08 11:26:19] [W-20] [种子仓库] 仓库 https://github.com/onlymeoneme/v2ray_subs (分支: main, size: 4384KB, pushed: 2026-08-08T01:37:19Z)
[2026-08-08 11:26:20] [ThreadPoolExecutor-934_4] 🔗 [user0] 发现仓库链接 cheeriojs/cheerio (来源 https://raw.githubusercontent.com/ermaozi/ermao.org/master/package-lock.json)
[2026-08-08 11:26:20] [W-2] [种子仓库] 仓库 https://github.com/rankalpha/v2ray_sub (分支: main, size: 4125KB, pushed: 2026-08-08T00:49:31Z)
[2026-08-08 11:26:20] [W-23] 📝 已处理缓存: Leo-768/mcaf-resourcepack
[2026-08-08 11:26:20] [W-23] ⏭️ [fork1] 仓库 https://github.com/Leo-768/mcaf-resourcepack 9782h 未更新，跳过解析（无需追踪）
[2026-08-08 11:26:20] [W-23] ✅ 完成 [fork1] Leo-768/mcaf-resourcepack | 提取 0 | 新增 0 | 耗时 1s | 配额 3633/4800 03:26UTC | 主队列 64/200 发现队列 5/20000 [[fork1]:4 [raw1]:1] | Worker 33忙/3闲(91%)
[2026-08-08 11:26:20] [W-23] 🔧 开始处理 [fork1] LiteraDev/mcaf-resourcepack
[2026-08-08 11:26:20] [W-23] 📝 已处理缓存: LiteraDev/mcaf-resourcepack
[2026-08-08 11:26:20] [W-23] ⏭️ [fork1] 仓库 https://github.com/LiteraDev/mcaf-resourcepack 5941h 未更新，跳过解析（无需追踪）
[2026-08-08 11:26:20] [W-23] ✅ 完成 [fork1] LiteraDev/mcaf-resourcepack | 提取 0 | 新增 0 | 耗时 0s | 配额 3633/4800 03:26UTC | 主队列 64/200 发现队列 4/20000 [[fork1]:3 [raw1]:1] | Worker 33忙/3闲(91%)
[2026-08-08 11:26:20] [W-23] 🔧 开始处理 [fork1] DaimondCat1234567/mcaf-resourcepack
[2026-08-08 11:26:20] [W-23] 📝 已处理缓存: DaimondCat1234567/mcaf-resourcepack
[2026-08-08 11:26:20] [W-23] ⏭️ [fork1] 仓库 https://github.com/DaimondCat1234567/mcaf-resourcepack 5634h 未更新，跳过解析（无需追踪）
[2026-08-08 11:26:20] [W-23] ✅ 完成 [fork1] DaimondCat1234567/mcaf-resourcepack | 提取 0 | 新增 0 | 耗时 0s | 配额 3633/4800 03:26UTC | 主队列 64/200 发现队列 3/20000 [[fork1]:2 [raw1]:1] | Worker 33忙/3闲(91%)
[2026-08-08 11:26:20] [W-23] 🔧 开始处理 [fork1] Zam233/mcaf-resourcepack
[2026-08-08 11:26:20] [W-24] [种子仓库] 仓库 https://github.com/shervinofpersia/Subscrip (分支: main, size: 34678KB, pushed: 2026-08-08T02:47:45Z)
[2026-08-08 11:26:20] [ThreadPoolExecutor-934_4] 🔗 [user0] 发现仓库链接 chalk/wrap-ansi (来源 https://raw.githubusercontent.com/ermaozi/ermao.org/master/package-lock.json)
[2026-08-08 11:26:21] [W-23] 📝 已处理缓存: Zam233/mcaf-resourcepack
[2026-08-08 11:26:21] [W-23] ⏭️ [fork1] 仓库 https://github.com/Zam233/mcaf-resourcepack 3082h 未更新，跳过解析（无需追踪）
[2026-08-08 11:26:21] [W-23] ✅ 完成 [fork1] Zam233/mcaf-resourcepack | 提取 0 | 新增 0 | 耗时 1s | 配额 3630/4800 03:26UTC | 主队列 64/200 发现队列 3/20000 [[fork1]:1 [raw1]:2] | Worker 33忙/3闲(91%)
[2026-08-08 11:26:21] [W-23] 🔧 开始处理 [fork1] Villager-bloc-h/mcaf-resourcepack
[2026-08-08 11:26:21] [W-20] 📦 Partial Clone: 1 个文件（零 API 配额）
[2026-08-08 11:26:21] [W-20] 仓库 https://github.com/onlymeoneme/v2ray_subs 无候选文件 (总计 1 blob, 扩展名过滤 0, processed_shas 跳过 0, SHA 缓存跳过 1)
[2026-08-08 11:26:21] [W-20] ✅ 完成 [种子仓库] onlymeoneme/v2ray_subs [种子 344/744] | 提取 0 | 新增 0 | 耗时 2s | 配额 3630/4800 03:26UTC | 主队列 64/200 发现队列 2/20000 [[raw1]:2] | Worker 32忙/4闲(88%)
[2026-08-08 11:26:21] [W-20] 🔧 开始处理 [raw1] chalk/chalk
[2026-08-08 11:26:21] [W-20] ⏭️ [raw1] 仓库 https://github.com/chalk/chalk 301h 未更新，跳过解析（无需追踪）
[2026-08-08 11:26:21] [W-20] ✅ 完成 [raw1] chalk/chalk | 提取 0 | 新增 0 | 耗时 0s | 配额 3630/4800 03:26UTC | 主队列 64/200 发现队列 1/20000 [[raw1]:1] | Worker 33忙/3闲(91%)
[2026-08-08 11:26:21] [W-20] 🔧 开始处理 [raw1] cheeriojs/cheerio
[2026-08-08 11:26:21] [W-20] [raw1] 仓库 https://github.com/cheeriojs/cheerio (分支: main, size: 21558KB, pushed: 2026-08-07T22:59:14Z)
[2026-08-08 11:26:21] [W-23] 📝 已处理缓存: Villager-bloc-h/mcaf-resourcepack
[2026-08-08 11:26:21] [W-23] ⏭️ [fork1] 仓库 https://github.com/Villager-bloc-h/mcaf-resourcepack 2285h 未更新，跳过解析（无需追踪）
[2026-08-08 11:26:21] [W-23] ✅ 完成 [fork1] Villager-bloc-h/mcaf-resourcepack | 提取 0 | 新增 0 | 耗时 1s | 配额 3629/4800 03:26UTC | 主队列 64/200 发现队列 0/20000 [空] | Worker 33忙/3闲(91%)
[2026-08-08 11:26:21] [W-23] 🔧 开始处理 [种子仓库] YawStar/Proxy-Hunter [种子 347/744]
[2026-08-08 11:26:21] [ThreadPoolExecutor-934_4] 🔗 [user0] 发现仓库链接 cheeriojs/dom-serializer (来源 https://raw.githubusercontent.com/ermaozi/ermao.org/master/package-lock.json)
[2026-08-08 11:26:22] [W-23] [种子仓库] 仓库 https://github.com/YawStar/Proxy-Hunter (分支: main, size: 40811KB, pushed: 2026-08-08T00:21:37Z)
[2026-08-08 11:26:22] [ThreadPoolExecutor-934_4] 🔗 [user0] 发现仓库链接 fb55/entities (来源 https://raw.githubusercontent.com/ermaozi/ermao.org/master/package-lock.json)
[2026-08-08 11:26:23] [ThreadPoolExecutor-934_4] 🔗 [user0] 发现仓库链接 fb55/domhandler (来源 https://raw.githubusercontent.com/ermaozi/ermao.org/master/package-lock.json)
[2026-08-08 11:26:24] [W-29] 🔗 [user0] 查子仓库: ermaozi/ermaozi.org
[2026-08-08 11:26:24] [ThreadPoolExecutor-934_4] 🔗 [user0] 发现仓库链接 fb55/domutils (来源 https://raw.githubusercontent.com/ermaozi/ermao.org/master/package-lock.json)
[2026-08-08 11:26:24] [W-29] 🔗 [user0] 开始 Fork 链追踪 (ermaozi/ermaozi.org)
[2026-08-08 11:26:25] [ThreadPoolExecutor-934_4] 🔗 [user0] 发现仓库链接 fb55/encoding-sniffer (来源 https://raw.githubusercontent.com/ermaozi/ermao.org/master/package-lock.json)
[2026-08-08 11:26:25] [W-29] ✅ 完成 [user0] ermaozi/ermaozi.org | 提取 0 | 新增 0 | 耗时 169s | 配额 3621/4800 03:26UTC | 主队列 63/200 发现队列 5/20000 [[raw1]:5] | Worker 33忙/3闲(91%)
[2026-08-08 11:26:25] [W-29] 🔧 开始处理 [种子仓库] akafshdouz/v2ray-sub [种子 348/744]
[2026-08-08 11:26:25] [W-29] [种子仓库] 仓库 https://github.com/akafshdouz/v2ray-sub (分支: main, size: 1051KB, pushed: 2026-08-08T03:19:39Z)
[2026-08-08 11:26:26] [ThreadPoolExecutor-934_4] 🔗 [user0] 发现仓库链接 sponsors/remcohaszing (来源 https://raw.githubusercontent.com/ermaozi/ermao.org/master/package-lock.json)
[2026-08-08 11:26:26] [W-2] 📦 Partial Clone: 7 个文件（零 API 配额）
[2026-08-08 11:26:26] [W-2] 仓库 https://github.com/rankalpha/v2ray_sub 候选文件 2 个
[2026-08-08 11:26:26] repo info (sponsors/remcohaszing) 404，跳过
[2026-08-08 11:26:26] [ThreadPoolExecutor-934_4] 🔗 [user0] 发现仓库链接 sponsors/NaturalIntelligence (来源 https://raw.githubusercontent.com/ermaozi/ermao.org/master/package-lock.json)
[2026-08-08 11:26:28] repo info (sponsors/NaturalIntelligence) 404，跳过
[2026-08-08 11:26:28] [ThreadPoolExecutor-934_4] 🔗 [user0] 发现仓库链接 fb55/htmlparser2 (来源 https://raw.githubusercontent.com/ermaozi/ermao.org/master/package-lock.json)
[2026-08-08 11:26:29] [ThreadPoolExecutor-934_4] 🔗 [user0] 发现仓库链接 sponsors/brc-dd (来源 https://raw.githubusercontent.com/ermaozi/ermao.org/master/package-lock.json)
[2026-08-08 11:26:29] repo info (sponsors/brc-dd) 404，跳过
[2026-08-08 11:26:29] [ThreadPoolExecutor-934_4] 🔗 [user0] 发现仓库链接 fb55/nth-check (来源 https://raw.githubusercontent.com/ermaozi/ermao.org/master/package-lock.json)
[2026-08-08 11:26:30] [ThreadPoolExecutor-934_4] 🔗 [user0] 发现仓库链接 inikulin/parse5 (来源 https://raw.githubusercontent.com/ermaozi/ermao.org/master/package-lock.json)
[2026-08-08 11:26:31] [W-24] 📦 Partial Clone: 5 个文件（零 API 配额）
[2026-08-08 11:26:31] [W-24] 仓库 https://github.com/shervinofpersia/Subscrip 无候选文件 (总计 5 blob, 扩展名过滤 4, processed_shas 跳过 0, SHA 缓存跳过 1)
[2026-08-08 11:26:31] [W-24] ✅ 完成 [种子仓库] shervinofpersia/Subscrip [种子 346/744] | 提取 0 | 新增 0 | 耗时 11s | 配额 3614/4800 03:26UTC | 主队列 62/200 发现队列 8/20000 [[raw1]:8] | Worker 32忙/4闲(88%)
[2026-08-08 11:26:31] [W-24] 🔧 开始处理 [种子仓库] Mehrdad-GH/V2ray-sub [种子 349/744]
[2026-08-08 11:26:31] [ThreadPoolExecutor-934_4] 🔗 [user0] 发现仓库链接 prettier/prettier (来源 https://raw.githubusercontent.com/ermaozi/ermao.org/master/package-lock.json)
[2026-08-08 11:26:31] [W-24] [种子仓库] 仓库 https://github.com/Mehrdad-GH/V2ray-sub (分支: master, size: 1582KB, pushed: 2026-08-08T01:54:11Z)
[2026-08-08 11:26:32] [ThreadPoolExecutor-934_4] 🔗 [user0] 发现仓库链接 sponsors/cyyynthia (来源 https://raw.githubusercontent.com/ermaozi/ermao.org/master/package-lock.json)
[2026-08-08 11:26:33] repo info (sponsors/cyyynthia) 404，跳过
[2026-08-08 11:26:33] [ThreadPoolExecutor-934_4] 🔗 [user0] 发现仓库链接 chalk/strip-ansi (来源 https://raw.githubusercontent.com/ermaozi/ermao.org/master/package-lock.json)
[2026-08-08 11:26:33] [W-31] 📦 Partial Clone: 243 个文件（零 API 配额）
[2026-08-08 11:26:33] [ThreadPoolExecutor-934_4] 🔗 [user0] 发现仓库链接 vitejs/vite (来源 https://raw.githubusercontent.com/ermaozi/ermao.org/master/package-lock.json)
[2026-08-08 11:26:34] [W-15] 🔗 [user0] 查子仓库: ermaozi/ermao.org
[2026-08-08 11:26:35] [W-31] 仓库 https://github.com/ermaozi/pyjichang.com 候选文件 16 个
[2026-08-08 11:26:35] [W-15] 🔗 [user0] 开始 Fork 链追踪 (ermaozi/ermao.org)
[2026-08-08 11:26:35] [W-15] ✅ 完成 [user0] ermaozi/ermao.org | 提取 0 | 新增 0 | 耗时 179s | 配额 3606/4800 03:26UTC | 主队列 61/200 发现队列 12/20000 [[raw1]:12] | Worker 32忙/4闲(88%)
[2026-08-08 11:26:35] [W-15] 🔧 开始处理 [种子仓库] theholystitch/v2ray-sub [种子 350/744]
[2026-08-08 11:26:36] [W-15] [种子仓库] 仓库 https://github.com/theholystitch/v2ray-sub (分支: main, size: 1890KB, pushed: 2026-08-07T23:49:46Z)
[2026-08-08 11:26:43] [W-2] 🌱 加入种子: rankalpha/v2ray_sub (提取 1754 节点)
[2026-08-08 11:26:43] [W-2] ✅ 完成 [种子仓库] rankalpha/v2ray_sub [种子 345/744] | 提取 1754 | 新增 0 | 耗时 24s | 配额 3605/4800 03:26UTC | 主队列 60/200 发现队列 12/20000 [[raw1]:12] | Worker 33忙/3闲(91%)
[2026-08-08 11:26:43] [W-2] 🔧 开始处理 [种子仓库] mohsen9hasani-lang/v2ray-sub [种子 351/744]
[2026-08-08 11:26:43] [W-2] ⏭️ [种子仓库] 仓库 https://github.com/mohsen9hasani-lang/v2ray-sub 273h 未更新，跳过解析（无需追踪）
[2026-08-08 11:26:43] [W-2] ✅ 完成 [种子仓库] mohsen9hasani-lang/v2ray-sub [种子 351/744] | 提取 0 | 新增 0 | 耗时 1s | 配额 3604/4800 03:26UTC | 主队列 59/200 发现队列 12/20000 [[raw1]:12] | Worker 34忙/2闲(94%)
[2026-08-08 11:26:43] [W-2] 🔧 开始处理 [raw1] chalk/wrap-ansi
[2026-08-08 11:26:43] [W-2] ⏭️ [raw1] 仓库 https://github.com/chalk/wrap-ansi 4049h 未更新，跳过解析（无需追踪）
[2026-08-08 11:26:43] [W-2] ✅ 完成 [raw1] chalk/wrap-ansi | 提取 0 | 新增 0 | 耗时 0s | 配额 3604/4800 03:26UTC | 主队列 59/200 发现队列 11/20000 [[raw1]:11] | Worker 34忙/2闲(94%)
[2026-08-08 11:26:43] [W-2] 🔧 开始处理 [raw1] cheeriojs/dom-serializer
[2026-08-08 11:26:43] [W-2] ⏭️ [raw1] 仓库 https://github.com/cheeriojs/dom-serializer 已解析，跳过解析（无需追踪）
[2026-08-08 11:26:43] [W-2] ✅ 完成 [raw1] cheeriojs/dom-serializer | 提取 0 | 新增 0 | 耗时 0s | 配额 3604/4800 03:26UTC | 主队列 59/200 发现队列 10/20000 [[raw1]:10] | Worker 34忙/2闲(94%)
[2026-08-08 11:26:43] [W-2] 🔧 开始处理 [raw1] fb55/entities
[2026-08-08 11:26:43] [W-2] [raw1] 仓库 https://github.com/fb55/entities (分支: main, size: 6216KB, pushed: 2026-08-07T20:35:01Z)
[2026-08-08 11:26:46] [ThreadPoolExecutor-1188_7] 🔗 [user0] 发现仓库链接 chalk/supports-color (来源 https://raw.githubusercontent.com/ermaozi/pyjichang.com/main/package-lock.json)
[2026-08-08 11:26:46] [ThreadPoolExecutor-1188_7] 🔗 [user0] 发现仓库链接 sponsors/posva (来源 https://raw.githubusercontent.com/ermaozi/pyjichang.com/main/package-lock.json)
[2026-08-08 11:26:47] repo info (sponsors/posva) 404，跳过
[2026-08-08 11:26:47] [W-31] 🔗 [user0] 查子仓库: ermaozi/pyjichang.com
[2026-08-08 11:26:48] [W-31] 🔗 [user0] 开始 Fork 链追踪 (ermaozi/pyjichang.com)
[2026-08-08 11:26:48] [W-3] 📦 Partial Clone: 298 个文件（零 API 配额）
[2026-08-08 11:26:48] [W-31] ✅ 完成 [user0] ermaozi/pyjichang.com | 提取 0 | 新增 0 | 耗时 192s | 配额 3600/4800 03:26UTC | 主队列 59/200 发现队列 10/20000 [[raw1]:10] | Worker 33忙/3闲(91%)
[2026-08-08 11:26:48] [W-31] 🔧 开始处理 [种子仓库] wanghz/clash-get_subscribe [种子 352/744]
[2026-08-08 11:26:49] [W-3] 仓库 https://github.com/ermaozi/astro-theme-ermaozi 候选文件 59 个
[2026-08-08 11:26:49] [W-31] [种子仓库] 仓库 https://github.com/wanghz/clash-get_subscribe (分支: main, size: 220KB, pushed: 2026-08-08T02:02:31Z)
[2026-08-08 11:26:50] [ThreadPoolExecutor-1206_4] 🔗 [user0] 发现仓库链接 pengzhanbo/vuepress-theme-plume (来源 https://raw.githubusercontent.com/ermaozi/astro-theme-ermaozi/main/theme/licenses/THIRD_PARTY_NOTICES.md)
[2026-08-08 11:26:50] [ThreadPoolExecutor-1206_0] 🔗 [user0] 发现仓库链接 ermaozi/astro-theme-ermaozi.git (来源 https://raw.githubusercontent.com/ermaozi/astro-theme-ermaozi/main/internal/create/package.json)
[2026-08-08 11:26:50] [ThreadPoolExecutor-1206_4] 🔗 [user0] 发现仓库链接 DavidHDev/vue-bits (来源 https://raw.githubusercontent.com/ermaozi/astro-theme-ermaozi/main/theme/licenses/THIRD_PARTY_NOTICES.md)
[2026-08-08 11:26:51] [W-29] 📦 Partial Clone: 3 个文件（零 API 配额）
[2026-08-08 11:26:51] [ThreadPoolExecutor-1206_5] 🔗 [user0] 发现仓库链接 ermaozi/astro-theme-ermaoz (来源 https://raw.githubusercontent.com/ermaozi/astro-theme-ermaozi/main/package.json)
[2026-08-08 11:26:51] [W-29] 仓库 https://github.com/akafshdouz/v2ray-sub 候选文件 1 个
[2026-08-08 11:26:51] repo info (ermaozi/astro-theme-ermaozi.git) 404，跳过
[2026-08-08 11:26:52] repo info (ermaozi/astro-theme-ermaoz) 404，跳过
[2026-08-08 11:26:53] [W-29] 🌱 加入种子: akafshdouz/v2ray-sub (提取 37 节点)
[2026-08-08 11:26:53] [W-29] ✅ 完成 [种子仓库] akafshdouz/v2ray-sub [种子 348/744] | 提取 37 | 新增 0 | 耗时 28s | 配额 3595/4800 03:26UTC | 主队列 58/200 发现队列 12/20000 [[raw1]:12] | Worker 33忙/3闲(91%)
[2026-08-08 11:26:53] [W-29] 🔧 开始处理 [种子仓库] 3inker/v2ray-subscription [种子 353/744]
[2026-08-08 11:26:53] [ThreadPoolExecutor-1206_4] 🔗 [user0] 发现仓库链接 owner/repo (来源 https://raw.githubusercontent.com/ermaozi/astro-theme-ermaozi/main/content/en/docs/guide/configuration.md)
[2026-08-08 11:26:53] [W-29] [种子仓库] 仓库 https://github.com/3inker/v2ray-subscription (分支: main, size: 3577KB, pushed: 2026-08-08T01:43:48Z)
[2026-08-08 11:26:54] repo info (owner/repo) 404，跳过
[2026-08-08 11:26:54] [W-23] 📦 Partial Clone: 33 个文件（零 API 配额）
[2026-08-08 11:26:54] [W-23] 仓库 https://github.com/YawStar/Proxy-Hunter 候选文件 10 个
[2026-08-08 11:26:56] [W-23] 🔗 [种子仓库] 递归发现仓库 Freedom-Guard-Builder/FL (来源 https://raw.githubusercontent.com/YawStar/Proxy-Hunter/main/configs/channel_stats.json)
[2026-08-08 11:26:57] [W-24] 📦 Partial Clone: 8 个文件（零 API 配额）
[2026-08-08 11:26:57] [W-24] 仓库 https://github.com/Mehrdad-GH/V2ray-sub 候选文件 1 个
[2026-08-08 11:26:57] [W-23] 🔗 [种子仓库] 递归发现仓库 davudsedft/purvpn (来源 https://raw.githubusercontent.com/YawStar/Proxy-Hunter/main/configs/channel_stats.json)
[2026-08-08 11:26:58] [W-23] 🔗 [种子仓库] 递归发现仓库 roosterkid/openproxylist (来源 https://raw.githubusercontent.com/YawStar/Proxy-Hunter/main/configs/channel_stats.json)
[2026-08-08 11:26:59] [W-24] 🌱 加入种子: Mehrdad-GH/V2ray-sub (提取 113 节点)
[2026-08-08 11:26:59] [W-24] ✅ 完成 [种子仓库] Mehrdad-GH/V2ray-sub [种子 349/744] | 提取 113 | 新增 4 | 耗时 28s | 配额 3591/4800 03:26UTC | 主队列 57/200 发现队列 14/20000 [[raw1]:14] | Worker 32忙/4闲(88%)
[2026-08-08 11:26:59] [W-24] 🔧 开始处理 [种子仓库] mehrdadmb2/V2ray_Sub [种子 354/744]
[2026-08-08 11:26:59] [W-24] ⏭️ [种子仓库] 仓库 https://github.com/mehrdadmb2/V2ray_Sub 已解析，跳过解析（无需追踪）
[2026-08-08 11:26:59] [W-24] ✅ 完成 [种子仓库] mehrdadmb2/V2ray_Sub [种子 354/744] | 提取 0 | 新增 0 | 耗时 1s | 配额 3589/4800 03:26UTC | 主队列 56/200 发现队列 15/20000 [[raw1]:15] | Worker 33忙/3闲(91%)
[2026-08-08 11:26:59] [W-24] 🔧 开始处理 [raw1] fb55/domhandler
[2026-08-08 11:26:59] [W-24] ⏭️ [raw1] 仓库 https://github.com/fb55/domhandler 已解析，跳过解析（无需追踪）
[2026-08-08 11:26:59] [W-24] ✅ 完成 [raw1] fb55/domhandler | 提取 0 | 新增 0 | 耗时 0s | 配额 3589/4800 03:26UTC | 主队列 56/200 发现队列 14/20000 [[raw1]:14] | Worker 33忙/3闲(91%)
[2026-08-08 11:26:59] [W-24] 🔧 开始处理 [raw1] fb55/domutils
[2026-08-08 11:26:59] [W-24] ⏭️ [raw1] 仓库 https://github.com/fb55/domutils 已解析，跳过解析（无需追踪）
[2026-08-08 11:26:59] [W-24] ✅ 完成 [raw1] fb55/domutils | 提取 0 | 新增 0 | 耗时 0s | 配额 3589/4800 03:26UTC | 主队列 56/200 发现队列 13/20000 [[raw1]:13] | Worker 33忙/3闲(91%)
[2026-08-08 11:26:59] [W-24] 🔧 开始处理 [raw1] fb55/encoding-sniffer
[2026-08-08 11:26:59] [W-24] [raw1] 仓库 https://github.com/fb55/encoding-sniffer (分支: master, size: 2699KB, pushed: 2026-08-07T19:14:25Z)
[2026-08-08 11:27:00] [W-1] 📦 Partial Clone: 366 个文件（零 API 配额）
[2026-08-08 11:27:01] [W-3] 📝 已处理缓存: ermaozi/astro-theme-ermaozi
[2026-08-08 11:27:01] [W-3] 🔗 [user0] 查子仓库: ermaozi/astro-theme-ermaozi
[2026-08-08 11:27:01] [W-3] 🔗 [user0] 开始 Fork 链追踪 (ermaozi/astro-theme-ermaozi)
[2026-08-08 11:27:02] [W-3] ✅ 完成 [user0] ermaozi/astro-theme-ermaozi | 提取 0 | 新增 0 | 耗时 206s | 配额 3587/4800 03:27UTC | 主队列 56/200 发现队列 12/20000 [[raw1]:12] | Worker 32忙/4闲(88%)
[2026-08-08 11:27:02] [W-3] 🔧 开始处理 [种子仓库] MZWNET/V2RAY-and-CLASH-Subscription-Links [种子 355/744]
[2026-08-08 11:27:02] [W-15] 📦 Partial Clone: 12 个文件（零 API 配额）
[2026-08-08 11:27:02] [W-1] 仓库 https://github.com/Raad63/v2rayNG-android 无候选文件 (总计 366 blob, 扩展名过滤 343, processed_shas 跳过 0, SHA 缓存跳过 23)
[2026-08-08 11:27:02] [W-1] ✅ 完成 [种子仓库] Raad63/v2rayNG-android [种子 165/744] | 提取 0 | 新增 0 | 耗时 306s | 配额 3587/4800 03:27UTC | 主队列 55/200 发现队列 12/20000 [[raw1]:12] | Worker 32忙/4闲(88%)
[2026-08-08 11:27:02] [W-1] 🔧 开始处理 [种子仓库] roadnich/ru-v2ray-sub [种子 356/744]
[2026-08-08 11:27:02] [W-15] 仓库 https://github.com/theholystitch/v2ray-sub 候选文件 3 个
[2026-08-08 11:27:02] [W-1] ⏭️ [种子仓库] 仓库 https://github.com/roadnich/ru-v2ray-sub 已解析，跳过解析（无需追踪）
[2026-08-08 11:27:02] [W-1] ✅ 完成 [种子仓库] roadnich/ru-v2ray-sub [种子 356/744] | 提取 0 | 新增 0 | 耗时 1s | 配额 3586/4800 03:27UTC | 主队列 54/200 发现队列 12/20000 [[raw1]:12] | Worker 33忙/3闲(91%)
[2026-08-08 11:27:02] [W-1] 🔧 开始处理 [raw1] fb55/htmlparser2
[2026-08-08 11:27:02] [W-1] ⏭️ [raw1] 仓库 https://github.com/fb55/htmlparser2 已解析，跳过解析（无需追踪）
[2026-08-08 11:27:02] [W-1] ✅ 完成 [raw1] fb55/htmlparser2 | 提取 0 | 新增 0 | 耗时 0s | 配额 3586/4800 03:27UTC | 主队列 54/200 发现队列 11/20000 [[raw1]:11] | Worker 33忙/3闲(91%)
[2026-08-08 11:27:02] [W-1] 🔧 开始处理 [raw1] fb55/nth-check
[2026-08-08 11:27:02] [W-1] ⏭️ [raw1] 仓库 https://github.com/fb55/nth-check 已解析，跳过解析（无需追踪）
[2026-08-08 11:27:02] [W-1] ✅ 完成 [raw1] fb55/nth-check | 提取 0 | 新增 0 | 耗时 0s | 配额 3586/4800 03:27UTC | 主队列 54/200 发现队列 10/20000 [[raw1]:10] | Worker 33忙/3闲(91%)
[2026-08-08 11:27:02] [W-1] 🔧 开始处理 [raw1] inikulin/parse5
[2026-08-08 11:27:02] [W-1] ⏭️ [raw1] 仓库 https://github.com/inikulin/parse5 已解析，跳过解析（无需追踪）
[2026-08-08 11:27:02] [W-1] ✅ 完成 [raw1] inikulin/parse5 | 提取 0 | 新增 0 | 耗时 0s | 配额 3586/4800 03:27UTC | 主队列 54/200 发现队列 9/20000 [[raw1]:9] | Worker 33忙/3闲(91%)
[2026-08-08 11:27:02] [W-1] 🔧 开始处理 [raw1] prettier/prettier
[2026-08-08 11:27:02] [W-1] [raw1] 仓库 https://github.com/prettier/prettier (分支: main, size: 178066KB, pushed: 2026-08-07T18:30:05Z)
[2026-08-08 11:27:03] [W-3] ⏭️ [种子仓库] 仓库 https://github.com/MZWNET/V2RAY-and-CLASH-Subscription-Links 已解析，跳过解析（无需追踪）
[2026-08-08 11:27:03] [W-3] ✅ 完成 [种子仓库] MZWNET/V2RAY-and-CLASH-Subscription-Links [种子 355/744] | 提取 0 | 新增 0 | 耗时 1s | 配额 3585/4800 03:27UTC | 主队列 54/200 发现队列 8/20000 [[raw1]:8] | Worker 33忙/3闲(91%)
[2026-08-08 11:27:03] [W-3] 🔧 开始处理 [raw1] chalk/strip-ansi
[2026-08-08 11:27:03] [W-3] ⏭️ [raw1] 仓库 https://github.com/chalk/strip-ansi 3902h 未更新，跳过解析（无需追踪）
[2026-08-08 11:27:03] [W-3] ✅ 完成 [raw1] chalk/strip-ansi | 提取 0 | 新增 0 | 耗时 0s | 配额 3585/4800 03:27UTC | 主队列 54/200 发现队列 7/20000 [[raw1]:7] | Worker 33忙/3闲(91%)
[2026-08-08 11:27:03] [W-3] 🔧 开始处理 [raw1] vitejs/vite
[2026-08-08 11:27:03] [W-3] ⏭️ [raw1] 仓库 https://github.com/vitejs/vite 已解析，跳过解析（无需追踪）
[2026-08-08 11:27:03] [W-3] ✅ 完成 [raw1] vitejs/vite | 提取 0 | 新增 0 | 耗时 0s | 配额 3585/4800 03:27UTC | 主队列 54/200 发现队列 6/20000 [[raw1]:6] | Worker 33忙/3闲(91%)
[2026-08-08 11:27:03] [W-3] 🔧 开始处理 [raw1] chalk/supports-color
[2026-08-08 11:27:03] [W-3] ⏭️ [raw1] 仓库 https://github.com/chalk/supports-color 300h 未更新，跳过解析（无需追踪）
[2026-08-08 11:27:03] [W-3] ✅ 完成 [raw1] chalk/supports-color | 提取 0 | 新增 0 | 耗时 0s | 配额 3585/4800 03:27UTC | 主队列 54/200 发现队列 5/20000 [[raw1]:5] | Worker 33忙/3闲(91%)
[2026-08-08 11:27:03] [W-3] 🔧 开始处理 [raw1] pengzhanbo/vuepress-theme-plume
[2026-08-08 11:27:03] [W-3] [raw1] 仓库 https://github.com/pengzhanbo/vuepress-theme-plume (分支: main, size: 89495KB, pushed: 2026-08-07T16:17:36Z)
[2026-08-08 11:27:05] [W-15] 🌱 加入种子: theholystitch/v2ray-sub (提取 304 节点)
[2026-08-08 11:27:05] [W-15] ✅ 完成 [种子仓库] theholystitch/v2ray-sub [种子 350/744] | 提取 304 | 新增 0 | 耗时 29s | 配额 3585/4800 03:27UTC | 主队列 54/200 发现队列 4/20000 [[raw1]:4] | Worker 33忙/3闲(91%)
[2026-08-08 11:27:05] [W-15] 🔧 开始处理 [种子仓库] cbnstar/get_subscribe [种子 357/744]
[2026-08-08 11:27:05] [W-15] ⏭️ [种子仓库] 仓库 https://github.com/cbnstar/get_subscribe 118h 未更新，跳过解析（无需追踪）
[2026-08-08 11:27:05] [W-15] ✅ 完成 [种子仓库] cbnstar/get_subscribe [种子 357/744] | 提取 0 | 新增 0 | 耗时 1s | 配额 3584/4800 03:27UTC | 主队列 53/200 发现队列 4/20000 [[raw1]:4] | Worker 34忙/2闲(94%)
[2026-08-08 11:27:05] [W-15] 🔧 开始处理 [raw1] DavidHDev/vue-bits
[2026-08-08 11:27:05] [W-15] 📝 已处理缓存: DavidHDev/vue-bits
[2026-08-08 11:27:05] [W-15] ⏭️ [raw1] 仓库 https://github.com/DavidHDev/vue-bits 86h 未更新，跳过解析（无需追踪）
[2026-08-08 11:27:05] [W-15] ✅ 完成 [raw1] DavidHDev/vue-bits | 提取 0 | 新增 0 | 耗时 0s | 配额 3584/4800 03:27UTC | 主队列 53/200 发现队列 3/20000 [[raw1]:3] | Worker 34忙/2闲(94%)
[2026-08-08 11:27:05] [W-15] 🔧 开始处理 [raw1] Freedom-Guard-Builder/FL
[2026-08-08 11:27:05] [W-15] ⏭️ [raw1] 仓库 https://github.com/Freedom-Guard-Builder/FL 主要语言 HTML，跳过
[2026-08-08 11:27:05] [W-15] ✅ 完成 [raw1] Freedom-Guard-Builder/FL | 提取 0 | 新增 0 | 耗时 0s | 配额 3584/4800 03:27UTC | 主队列 53/200 发现队列 2/20000 [[raw1]:2] | Worker 34忙/2闲(94%)
[2026-08-08 11:27:05] [W-15] 🔧 开始处理 [raw1] davudsedft/purvpn
[2026-08-08 11:27:05] [W-15] ⏭️ [raw1] 仓库 https://github.com/davudsedft/purvpn 主要语言 HTML，跳过
[2026-08-08 11:27:05] [W-15] ✅ 完成 [raw1] davudsedft/purvpn | 提取 0 | 新增 0 | 耗时 0s | 配额 3584/4800 03:27UTC | 主队列 53/200 发现队列 1/20000 [[raw1]:1] | Worker 34忙/2闲(94%)
[2026-08-08 11:27:05] [W-15] 🔧 开始处理 [raw1] roosterkid/openproxylist
[2026-08-08 11:27:06] [W-15] [raw1] 仓库 https://github.com/roosterkid/openproxylist (分支: main, size: 1080303KB, pushed: 2026-08-08T03:00:24Z)
[2026-08-08 11:27:06] [W-29] 📦 Partial Clone: 6 个文件（零 API 配额）
[2026-08-08 11:27:07] [W-29] 仓库 https://github.com/3inker/v2ray-subscription 候选文件 3 个
[2026-08-08 11:27:10] [W-29] 🌱 加入种子: 3inker/v2ray-subscription (提取 212 节点)
[2026-08-08 11:27:10] [W-29] ✅ 完成 [种子仓库] 3inker/v2ray-subscription [种子 353/744] | 提取 212 | 新增 67 | 耗时 17s | 配额 3583/4800 03:27UTC | 主队列 53/200 发现队列 0/20000 [空] | Worker 33忙/3闲(91%)
[2026-08-08 11:27:10] [W-29] 🔧 开始处理 [种子仓库] AadamTaylor/sublink-worker [种子 358/744]
[2026-08-08 11:27:11] [W-29] ⏭️ [种子仓库] 仓库 https://github.com/AadamTaylor/sublink-worker 286h 未更新，跳过解析（无需追踪）
[2026-08-08 11:27:11] [W-29] ✅ 完成 [种子仓库] AadamTaylor/sublink-worker [种子 358/744] | 提取 0 | 新增 0 | 耗时 1s | 配额 3582/4800 03:27UTC | 主队列 52/200 发现队列 0/20000 [空] | Worker 34忙/2闲(94%)
[2026-08-08 11:27:11] [W-29] 🔧 开始处理 [种子仓库] googlesupportter/SubCrawler [种子 359/744]
[2026-08-08 11:27:11] [W-29] ⏭️ [种子仓库] 仓库 https://github.com/googlesupportter/SubCrawler 已解析，跳过解析（无需追踪）
[2026-08-08 11:27:11] [W-29] ✅ 完成 [种子仓库] googlesupportter/SubCrawler [种子 359/744] | 提取 0 | 新增 0 | 耗时 1s | 配额 3581/4800 03:27UTC | 主队列 51/200 发现队列 0/20000 [空] | Worker 34忙/2闲(94%)
[2026-08-08 11:27:11] [W-29] 🔧 开始处理 [种子仓库] jack000-hub/get_subscribe [种子 360/744]
[2026-08-08 11:27:12] [W-29] ⏭️ [种子仓库] 仓库 https://github.com/jack000-hub/get_subscribe 118h 未更新，跳过解析（无需追踪）
[2026-08-08 11:27:12] [W-29] ✅ 完成 [种子仓库] jack000-hub/get_subscribe [种子 360/744] | 提取 0 | 新增 0 | 耗时 1s | 配额 3580/4800 03:27UTC | 主队列 50/200 发现队列 0/20000 [空] | Worker 34忙/2闲(94%)
[2026-08-08 11:27:12] [W-29] 🔧 开始处理 [种子仓库] eshion/get_subscribe [种子 361/744]
[2026-08-08 11:27:13] [W-29] ⏭️ [种子仓库] 仓库 https://github.com/eshion/get_subscribe 118h 未更新，跳过解析（无需追踪）
[2026-08-08 11:27:13] [W-29] ✅ 完成 [种子仓库] eshion/get_subscribe [种子 361/744] | 提取 0 | 新增 0 | 耗时 1s | 配额 3579/4800 03:27UTC | 主队列 49/200 发现队列 0/20000 [空] | Worker 34忙/2闲(94%)
[2026-08-08 11:27:13] [W-29] 🔧 开始处理 [种子仓库] mxinyi/sublink-worker [种子 362/744]
[2026-08-08 11:27:13] [W-29] ⏭️ [种子仓库] 仓库 https://github.com/mxinyi/sublink-worker 288h 未更新，跳过解析（无需追踪）
[2026-08-08 11:27:13] [W-29] ✅ 完成 [种子仓库] mxinyi/sublink-worker [种子 362/744] | 提取 0 | 新增 0 | 耗时 1s | 配额 3578/4800 03:27UTC | 主队列 48/200 发现队列 0/20000 [空] | Worker 34忙/2闲(94%)
[2026-08-08 11:27:13] [W-29] 🔧 开始处理 [种子仓库] zdnight/sublink-worker [种子 363/744]
[2026-08-08 11:27:15] [W-29] ⏭️ [种子仓库] 仓库 https://github.com/zdnight/sublink-worker 289h 未更新，跳过解析（无需追踪）
[2026-08-08 11:27:15] [W-29] ✅ 完成 [种子仓库] zdnight/sublink-worker [种子 363/744] | 提取 0 | 新增 0 | 耗时 1s | 配额 3577/4800 03:27UTC | 主队列 47/200 发现队列 0/20000 [空] | Worker 34忙/2闲(94%)
[2026-08-08 11:27:15] [W-29] 🔧 开始处理 [种子仓库] g-star1024/my-clash-subscribe [种子 364/744]
[2026-08-08 11:27:15] [W-29] [种子仓库] 仓库 https://github.com/g-star1024/my-clash-subscribe (分支: main, size: 1054KB, pushed: 2026-08-08T01:13:40Z)
[2026-08-08 11:27:15] [W-10] 📦 Partial Clone: 366 个文件（零 API 配额）
[2026-08-08 11:27:17] [W-10] 仓库 https://github.com/ws94666ws/v2rayNG 无候选文件 (总计 366 blob, 扩展名过滤 343, processed_shas 跳过 0, SHA 缓存跳过 23)
[2026-08-08 11:27:17] [W-10] ✅ 完成 [种子仓库] ws94666ws/v2rayNG [种子 160/744] | 提取 0 | 新增 0 | 耗时 354s | 配额 3576/4800 03:27UTC | 主队列 46/200 发现队列 0/20000 [空] | Worker 33忙/3闲(91%)
[2026-08-08 11:27:17] [W-10] 🔧 开始处理 [种子仓库] feixingzhou/clash-subscription [种子 365/744]
[2026-08-08 11:27:17] repo info (feixingzhou/clash-subscription) 404，跳过
[2026-08-08 11:27:17] [W-10] 🔍 仓库 feixingzhou/clash-subscription 不存在（404），追踪用户
[2026-08-08 11:27:17] [W-10] 👤 [种子仓库] 遍历用户仓库: feixingzhou
[2026-08-08 11:27:17] [W-10]   用户 feixingzhou 共查 0 个仓库
[2026-08-08 11:27:17] [W-10] ✅ 完成 [种子仓库] feixingzhou/clash-subscription [种子 365/744] | 提取 0 | 新增 0 | 耗时 1s | 配额 3574/4800 03:27UTC | 主队列 45/200 发现队列 0/20000 [空] | Worker 34忙/2闲(94%)
[2026-08-08 11:27:17] [W-10] 🔧 开始处理 [种子仓库] LHF001/clash-sub [种子 366/744]
[2026-08-08 11:27:18] [W-10] [种子仓库] 仓库 https://github.com/LHF001/clash-sub (分支: main, size: 792KB, pushed: 2026-08-08T03:14:21Z)
[2026-08-08 11:27:19] 📊 [03:27 UTC] 运行 563s
[2026-08-08 11:27:19]    CPU: 100% (负载 23.56/2核) | 内存: 15% (2.3/15.6GB) | 磁盘: 86.9/144GB 可用
[2026-08-08 11:27:19]    网络近60s: 总下载 0.17GB | 平均 3.38MB/s | 峰值 22.34MB/s
[2026-08-08 11:27:19]    API: 3573/4800 | 放行 68/分钟 | raw 179文件/2.8MB | clone 103仓库/11599文件
[2026-08-08 11:27:19]    进度: 种子 410/744 | 关键词 - | Code -
[2026-08-08 11:27:19]    主队列 44/200 发现队列 0/20000 [空] | Worker 34忙/2闲(94%)
[2026-08-08 11:27:19]    Worker: 34忙/2闲(94%) | W-0 PartialClone ermaozi/ermao.net(222s) | W-1 PartialClone prettier/prettier(3s) | W-2 PartialClone fb55/entities(22s) | W-3 处理 [raw1] pengzhanbo/vuepress-theme-plume(16s) | W-4 PartialClone tvheadend/tvheadend(244s) | W-5 PartialClone 88alt/v2rayNG(165s) | W-6 PartialClone hyqzj2000/V2RayAggregator(88s) | W-7 PartialClone lucienlmy/clash-verge-rev(124s) | W-8 PartialClone timeflysoon/v2rayNG(161s) | W-9 PartialClone googbad/V2RayAggregator(88s) | W-10 处理 [种子仓库] LHF001/clash-sub(1s) | W-11 PartialClone pengzhanbo/vuepress-theme-plume(195s) | W-12 空闲(499s) | W-13 PartialClone kongzhilv/clash-verge-rev(98s) | W-14 PartialClone monkey6468/Quantumult-X(129s) | W-15 处理 [raw1] roosterkid/openproxylist(13s) | W-16 PartialClone wysha-object/clash-verge-rev(120s) | W-17 PartialClone happyzhoujay/V2RayAggregator(88s) | W-18 PartialClone getpower668/kuaiji-vpn(149s) | W-19 PartialClone chen08209/FlClash(80s) | W-20 PartialClone cheeriojs/cheerio(48s) | W-21 PartialClone wheakerd/clash-party(143s) | W-22 PartialClone chennijy/V2RayAggregator(88s) | W-23 空闲(25s) | W-24 PartialClone fb55/encoding-sniffer(12s) | W-25 PartialClone rostamimohammadamin8-dot/V2RayAggregator(88s) | W-26 PartialClone Bulichrun/V2RayAggregator(88s) | W-27 PartialClone Nemu-x/SlothClash(121s) | W-28 PartialClone oomeow/clash-verge-self(119s) | W-29 处理 [种子仓库] g-star1024/my-clash-subscribe(4s) | W-30 PartialClone tuke-code/clash-verge-rev(103s) | W-31 PartialClone wanghz/clash-get_subscribe(19s) | W-32 PartialClone fucheng-guo-sun/clash-verge-rev(123s) | W-33 PartialClone xiaoqinglee/clash-verge-rev(126s) | W-34 PartialClone g4384631-cmyk/V2RayAggregator(88s) | W-35 PartialClone guguji666666/v2rayNG(196s)
[2026-08-08 11:27:31] [W-2] 📦 Partial Clone: 45 个文件（零 API 配额）
[2026-08-08 11:27:31] [W-2] 仓库 https://github.com/fb55/entities 候选文件 15 个
[2026-08-08 11:27:31] [W-24] 📦 Partial Clone: 39 个文件（零 API 配额）
[2026-08-08 11:27:32] [W-24] 仓库 https://github.com/fb55/encoding-sniffer 候选文件 2 个
[2026-08-08 11:27:38] [W-15] 📦 Partial Clone: 10 个文件（零 API 配额）
[2026-08-08 11:27:38] [W-15] 仓库 https://github.com/roosterkid/openproxylist 候选文件 8 个
[2026-08-08 11:27:38] [W-31] 📦 Partial Clone: 61 个文件（零 API 配额）
[2026-08-08 11:27:39] [W-31] 仓库 https://github.com/wanghz/clash-get_subscribe 无候选文件 (总计 61 blob, 扩展名过滤 52, processed_shas 跳过 0, SHA 缓存跳过 9)
[2026-08-08 11:27:39] [W-31] ✅ 完成 [种子仓库] wanghz/clash-get_subscribe [种子 352/744] | 提取 0 | 新增 0 | 耗时 51s | 配额 3573/4800 03:27UTC | 主队列 44/200 发现队列 0/20000 [空] | Worker 30忙/6闲(83%)
[2026-08-08 11:27:39] [W-31] 🔧 开始处理 [种子仓库] awwy1222/clash-sub [种子 367/744]
[2026-08-08 11:27:40] [W-24] ✅ 完成 [raw1] fb55/encoding-sniffer | 提取 0 | 新增 0 | 耗时 40s | 配额 3573/4800 03:27UTC | 主队列 43/200 发现队列 0/20000 [空] | Worker 31忙/5闲(86%)
[2026-08-08 11:27:40] [W-24] 🔧 开始处理 [种子仓库] supercrypto1984/WorkerVless2sub [种子 368/744]
[2026-08-08 11:27:40] [W-31] [种子仓库] 仓库 https://github.com/awwy1222/clash-sub (分支: master, size: 318KB, pushed: 2026-08-08T02:06:49Z)
[2026-08-08 11:27:40] [W-2] ✅ 完成 [raw1] fb55/entities | 提取 0 | 新增 0 | 耗时 57s | 配额 3572/4800 03:27UTC | 主队列 42/200 发现队列 0/20000 [空] | Worker 32忙/4闲(88%)
[2026-08-08 11:27:40] [W-2] 🔧 开始处理 [种子仓库] Petory51/WorkerVless2sub [种子 369/744]
[2026-08-08 11:27:40] [W-24] ⏭️ [种子仓库] 仓库 https://github.com/supercrypto1984/WorkerVless2sub 已解析，跳过解析（无需追踪）
[2026-08-08 11:27:40] [W-24] ✅ 完成 [种子仓库] supercrypto1984/WorkerVless2sub [种子 368/744] | 提取 0 | 新增 0 | 耗时 1s | 配额 3571/4800 03:27UTC | 主队列 41/200 发现队列 0/20000 [空] | Worker 33忙/3闲(91%)
[2026-08-08 11:27:40] [W-24] 🔧 开始处理 [种子仓库] DaBaival/WorkerVless2sub [种子 370/744]
[2026-08-08 11:27:41] [W-2] ⏭️ [种子仓库] 仓库 https://github.com/Petory51/WorkerVless2sub 已解析，跳过解析（无需追踪）
[2026-08-08 11:27:41] [W-2] ✅ 完成 [种子仓库] Petory51/WorkerVless2sub [种子 369/744] | 提取 0 | 新增 0 | 耗时 1s | 配额 3570/4800 03:27UTC | 主队列 40/200 发现队列 0/20000 [空] | Worker 33忙/3闲(91%)
[2026-08-08 11:27:41] [W-2] 🔧 开始处理 [种子仓库] imlxaaron/WorkerVless2sub [种子 371/744]
[2026-08-08 11:27:41] [W-24] ⏭️ [种子仓库] 仓库 https://github.com/DaBaival/WorkerVless2sub 已解析，跳过解析（无需追踪）
[2026-08-08 11:27:41] [W-24] ✅ 完成 [种子仓库] DaBaival/WorkerVless2sub [种子 370/744] | 提取 0 | 新增 0 | 耗时 1s | 配额 3569/4800 03:27UTC | 主队列 39/200 发现队列 0/20000 [空] | Worker 33忙/3闲(91%)
[2026-08-08 11:27:41] [W-24] 🔧 开始处理 [种子仓库] Kwisma/WorkerVless2sub [种子 372/744]
[2026-08-08 11:27:42] [W-2] ⏭️ [种子仓库] 仓库 https://github.com/imlxaaron/WorkerVless2sub 已解析，跳过解析（无需追踪）
[2026-08-08 11:27:42] [W-2] ✅ 完成 [种子仓库] imlxaaron/WorkerVless2sub [种子 371/744] | 提取 0 | 新增 0 | 耗时 1s | 配额 3568/4800 03:27UTC | 主队列 38/200 发现队列 0/20000 [空] | Worker 33忙/3闲(91%)
[2026-08-08 11:27:42] [W-2] 🔧 开始处理 [种子仓库] ken58688/WorkerVless2sub [种子 373/744]
[2026-08-08 11:27:42] [W-29] 📦 Partial Clone: 5 个文件（零 API 配额）
[2026-08-08 11:27:42] [W-29] 仓库 https://github.com/g-star1024/my-clash-subscribe 候选文件 1 个
[2026-08-08 11:27:42] [W-24] ⏭️ [种子仓库] 仓库 https://github.com/Kwisma/WorkerVless2sub 已解析，跳过解析（无需追踪）
[2026-08-08 11:27:42] [W-24] ✅ 完成 [种子仓库] Kwisma/WorkerVless2sub [种子 372/744] | 提取 0 | 新增 0 | 耗时 1s | 配额 3567/4800 03:27UTC | 主队列 37/200 发现队列 0/20000 [空] | Worker 32忙/4闲(88%)
[2026-08-08 11:27:42] [W-24] 🔧 开始处理 [种子仓库] cxiyaoe/WorkerVless2sub [种子 374/744]
[2026-08-08 11:27:42] repo info (ken58688/WorkerVless2sub) 404，跳过
[2026-08-08 11:27:42] [W-2] 🔍 仓库 ken58688/WorkerVless2sub 不存在（404），追踪用户
[2026-08-08 11:27:42] [W-2] 👤 [种子仓库] 遍历用户仓库: ken58688
[2026-08-08 11:27:43] [W-10] 📦 Partial Clone: 5 个文件（零 API 配额）
[2026-08-08 11:27:43] [W-10] 仓库 https://github.com/LHF001/clash-sub 候选文件 1 个
[2026-08-08 11:27:43] [W-24] ⏭️ [种子仓库] 仓库 https://github.com/cxiyaoe/WorkerVless2sub 已解析，跳过解析（无需追踪）
[2026-08-08 11:27:43] [W-24] ✅ 完成 [种子仓库] cxiyaoe/WorkerVless2sub [种子 374/744] | 提取 0 | 新增 0 | 耗时 1s | 配额 3565/4800 03:27UTC | 主队列 36/200 发现队列 0/20000 [空] | Worker 31忙/5闲(86%)
[2026-08-08 11:27:43] [W-2]   用户 ken58688 共查 0 个仓库
[2026-08-08 11:27:43] [W-2] ✅ 完成 [种子仓库] ken58688/WorkerVless2sub [种子 373/744] | 提取 0 | 新增 0 | 耗时 1s | 配额 3564/4800 03:27UTC | 主队列 35/200 发现队列 0/20000 [空] | Worker 30忙/6闲(83%)
[2026-08-08 11:27:43] [W-2] 🔧 开始处理 [种子仓库] lhfga/WorkerVless2sub [种子 376/744]
[2026-08-08 11:27:43] [W-24] 🔧 开始处理 [种子仓库] qingfeng033358/WorkerVless2sub [种子 375/744]
[2026-08-08 11:27:44] [W-24] ⏭️ [种子仓库] 仓库 https://github.com/qingfeng033358/WorkerVless2sub 已解析，跳过解析（无需追踪）
[2026-08-08 11:27:44] [W-24] ✅ 完成 [种子仓库] qingfeng033358/WorkerVless2sub [种子 375/744] | 提取 0 | 新增 0 | 耗时 1s | 配额 3563/4800 03:27UTC | 主队列 34/200 发现队列 0/20000 [空] | Worker 31忙/5闲(86%)
[2026-08-08 11:27:44] [W-2] ⏭️ [种子仓库] 仓库 https://github.com/lhfga/WorkerVless2sub 已解析，跳过解析（无需追踪）
[2026-08-08 11:27:44] [W-2] ✅ 完成 [种子仓库] lhfga/WorkerVless2sub [种子 376/744] | 提取 0 | 新增 0 | 耗时 1s | 配额 3562/4800 03:27UTC | 主队列 33/200 发现队列 0/20000 [空] | Worker 30忙/6闲(83%)
[2026-08-08 11:27:44] [W-15] 🌱 加入种子: roosterkid/openproxylist (提取 426 节点)
[2026-08-08 11:27:44] [W-15] ✅ 完成 [raw1] roosterkid/openproxylist | 提取 426 | 新增 1 | 耗时 38s | 配额 3562/4800 03:27UTC | 主队列 32/200 发现队列 0/20000 [空] | Worker 29忙/7闲(80%)
[2026-08-08 11:27:44] [W-24] 🔧 开始处理 [种子仓库] blesdmm/WorkerVless2sub [种子 377/744]
[2026-08-08 11:27:44] [W-15] 🔧 开始处理 [种子仓库] lgeng1900/WorkerVless2sub [种子 379/744]
[2026-08-08 11:27:44] [W-2] 🔧 开始处理 [种子仓库] melsanlanth/CF_Worker_Vless2sub [种子 378/744]
[2026-08-08 11:27:44] [W-2] ⏭️ [种子仓库] 仓库 https://github.com/melsanlanth/CF_Worker_Vless2sub 已解析，跳过解析（无需追踪）
[2026-08-08 11:27:44] [W-2] ✅ 完成 [种子仓库] melsanlanth/CF_Worker_Vless2sub [种子 378/744] | 提取 0 | 新增 0 | 耗时 1s | 配额 3561/4800 03:27UTC | 主队列 31/200 发现队列 0/20000 [空] | Worker 32忙/4闲(88%)
[2026-08-08 11:27:44] [W-2] 🔧 开始处理 [种子仓库] DUQIA/WorkerVless2sub [种子 380/744]
[2026-08-08 11:27:45] [W-24] ⏭️ [种子仓库] 仓库 https://github.com/blesdmm/WorkerVless2sub 已解析，跳过解析（无需追踪）
[2026-08-08 11:27:45] [W-24] ✅ 完成 [种子仓库] blesdmm/WorkerVless2sub [种子 377/744] | 提取 0 | 新增 0 | 耗时 1s | 配额 3560/4800 03:27UTC | 主队列 30/200 发现队列 0/20000 [空] | Worker 32忙/4闲(88%)
[2026-08-08 11:27:45] [W-15] ⏭️ [种子仓库] 仓库 https://github.com/lgeng1900/WorkerVless2sub 已解析，跳过解析（无需追踪）
[2026-08-08 11:27:45] [W-15] ✅ 完成 [种子仓库] lgeng1900/WorkerVless2sub [种子 379/744] | 提取 0 | 新增 0 | 耗时 1s | 配额 3559/4800 03:27UTC | 主队列 29/200 发现队列 0/20000 [空] | Worker 31忙/5闲(86%)
[2026-08-08 11:27:45] [W-15] 🔧 开始处理 [种子仓库] STBD1574/WorkerVless2sub [种子 382/744]
[2026-08-08 11:27:45] [W-24] 🔧 开始处理 [种子仓库] wuyang0909/WorkerVless2sub [种子 381/744]
[2026-08-08 11:27:45] [W-15] ⏭️ [种子仓库] 仓库 https://github.com/STBD1574/WorkerVless2sub 已解析，跳过解析（无需追踪）
[2026-08-08 11:27:45] [W-15] ✅ 完成 [种子仓库] STBD1574/WorkerVless2sub [种子 382/744] | 提取 0 | 新增 0 | 耗时 1s | 配额 3558/4800 03:27UTC | 主队列 28/200 发现队列 0/20000 [空] | Worker 32忙/4闲(88%)
[2026-08-08 11:27:45] [W-2] ⏭️ [种子仓库] 仓库 https://github.com/DUQIA/WorkerVless2sub 已解析，跳过解析（无需追踪）
[2026-08-08 11:27:45] [W-2] ✅ 完成 [种子仓库] DUQIA/WorkerVless2sub [种子 380/744] | 提取 0 | 新增 0 | 耗时 1s | 配额 3557/4800 03:27UTC | 主队列 27/200 发现队列 0/20000 [空] | Worker 31忙/5闲(86%)
[2026-08-08 11:27:45] [W-2] 🔧 开始处理 [种子仓库] brinishness/WorkerVless2sub [种子 384/744]
[2026-08-08 11:27:45] [W-15] 🔧 开始处理 [种子仓库] armjukl/WorkerVless2sub [种子 383/744]
[2026-08-08 11:27:45] [W-29] 🌱 加入种子: g-star1024/my-clash-subscribe (提取 137 节点)
[2026-08-08 11:27:45] [W-29] ✅ 完成 [种子仓库] g-star1024/my-clash-subscribe [种子 364/744] | 提取 137 | 新增 0 | 耗时 31s | 配额 3557/4800 03:27UTC | 主队列 26/200 发现队列 0/20000 [空] | Worker 32忙/4闲(88%)
[2026-08-08 11:27:45] [W-29] 🔧 开始处理 [种子仓库] Ardentwheel/WorkerVless2sub [种子 385/744]
[2026-08-08 11:27:45] [W-24] ⏭️ [种子仓库] 仓库 https://github.com/wuyang0909/WorkerVless2sub 已解析，跳过解析（无需追踪）
[2026-08-08 11:27:45] [W-24] ✅ 完成 [种子仓库] wuyang0909/WorkerVless2sub [种子 381/744] | 提取 0 | 新增 0 | 耗时 1s | 配额 3556/4800 03:27UTC | 主队列 25/200 发现队列 0/20000 [空] | Worker 33忙/3闲(91%)
[2026-08-08 11:27:45] [W-24] 🔧 开始处理 [种子仓库] Godloveshot/WorkerVless2sub [种子 386/744]
[2026-08-08 11:27:46] [W-31] 📦 Partial Clone: 5 个文件（零 API 配额）
[2026-08-08 11:27:46] [W-2] ⏭️ [种子仓库] 仓库 https://github.com/brinishness/WorkerVless2sub 已解析，跳过解析（无需追踪）
[2026-08-08 11:27:46] [W-2] ✅ 完成 [种子仓库] brinishness/WorkerVless2sub [种子 384/744] | 提取 0 | 新增 0 | 耗时 1s | 配额 3555/4800 03:27UTC | 主队列 24/200 发现队列 0/20000 [空] | Worker 32忙/4闲(88%)
[2026-08-08 11:27:46] [W-2] 🔧 开始处理 [种子仓库] LevisVIP/WorkerVless2sub [种子 387/744]
[2026-08-08 11:27:46] [W-31] 仓库 https://github.com/awwy1222/clash-sub 候选文件 1 个
[2026-08-08 11:27:46] [W-15] ⏭️ [种子仓库] 仓库 https://github.com/armjukl/WorkerVless2sub 已解析，跳过解析（无需追踪）
[2026-08-08 11:27:46] [W-15] ✅ 完成 [种子仓库] armjukl/WorkerVless2sub [种子 383/744] | 提取 0 | 新增 0 | 耗时 1s | 配额 3554/4800 03:27UTC | 主队列 23/200 发现队列 0/20000 [空] | Worker 32忙/4闲(88%)
[2026-08-08 11:27:46] [W-15] 🔧 开始处理 [种子仓库] 1Beehive/WorkerVless2sub [种子 388/744]
[2026-08-08 11:27:46] [W-29] ⏭️ [种子仓库] 仓库 https://github.com/Ardentwheel/WorkerVless2sub 已解析，跳过解析（无需追踪）
[2026-08-08 11:27:46] [W-29] ✅ 完成 [种子仓库] Ardentwheel/WorkerVless2sub [种子 385/744] | 提取 0 | 新增 0 | 耗时 1s | 配额 3553/4800 03:27UTC | 主队列 22/200 发现队列 0/20000 [空] | Worker 32忙/4闲(88%)
[2026-08-08 11:27:46] [W-29] 🔧 开始处理 [种子仓库] ipx2003/WorkerVless2sub [种子 389/744]
[2026-08-08 11:27:46] [W-24] ⏭️ [种子仓库] 仓库 https://github.com/Godloveshot/WorkerVless2sub 已解析，跳过解析（无需追踪）
[2026-08-08 11:27:46] [W-24] ✅ 完成 [种子仓库] Godloveshot/WorkerVless2sub [种子 386/744] | 提取 0 | 新增 0 | 耗时 1s | 配额 3552/4800 03:27UTC | 主队列 21/200 发现队列 0/20000 [空] | Worker 32忙/4闲(88%)
[2026-08-08 11:27:46] [W-24] 🔧 开始处理 [种子仓库] renzhiai00/WorkerVless2sub [种子 390/744]
[2026-08-08 11:27:47] [W-15] ⏭️ [种子仓库] 仓库 https://github.com/1Beehive/WorkerVless2sub 已解析，跳过解析（无需追踪）
[2026-08-08 11:27:47] [W-15] ✅ 完成 [种子仓库] 1Beehive/WorkerVless2sub [种子 388/744] | 提取 0 | 新增 0 | 耗时 1s | 配额 3551/4800 03:27UTC | 主队列 20/200 发现队列 0/20000 [空] | Worker 32忙/4闲(88%)
[2026-08-08 11:27:47] [种子] ▶️ 主队列 < 20（19/200），搜索恢复
[2026-08-08 11:27:47] [种子] 🔵 [种子 411/744] qinyuanchun03/WorkerVless2sub | 配额 3551/4800 03:27UTC | 主队列 20/200 发现队列 0/20000 [空] | Worker 31忙/5闲(86%)
[2026-08-08 11:27:47] [种子] 🔵 [种子 412/744] laibabaifei/cmliu-WorkerVless2sub | 配额 3551/4800 03:27UTC | 主队列 21/200 发现队列 0/20000 [空] | Worker 31忙/5闲(86%)
[2026-08-08 11:27:47] [种子] 🔵 [种子 413/744] wan-163/WorkerVless2sub | 配额 3551/4800 03:27UTC | 主队列 22/200 发现队列 0/20000 [空] | Worker 31忙/5闲(86%)
[2026-08-08 11:27:47] [种子] 🔵 [种子 414/744] huangjin7511/WorkerVless2sub | 配额 3551/4800 03:27UTC | 主队列 23/200 发现队列 0/20000 [空] | Worker 31忙/5闲(86%)
[2026-08-08 11:27:47] [种子] 🔵 [种子 415/744] YifLee/WorkerVless2sub | 配额 3551/4800 03:27UTC | 主队列 24/200 发现队列 0/20000 [空] | Worker 31忙/5闲(86%)
[2026-08-08 11:27:47] [种子] 🔵 [种子 416/744] zxlwq/WorkerVless2sub | 配额 3551/4800 03:27UTC | 主队列 25/200 发现队列 0/20000 [空] | Worker 31忙/5闲(86%)
[2026-08-08 11:27:47] [种子] 🔵 [种子 417/744] GT966/WorkerVless2sub | 配额 3551/4800 03:27UTC | 主队列 26/200 发现队列 0/20000 [空] | Worker 31忙/5闲(86%)
[2026-08-08 11:27:47] [种子] 🔵 [种子 418/744] m-897/WorkerVless2sub | 配额 3551/4800 03:27UTC | 主队列 27/200 发现队列 0/20000 [空] | Worker 31忙/5闲(86%)
[2026-08-08 11:27:47] [种子] 🔵 [种子 419/744] yk3141/WorkerVless2sub | 配额 3551/4800 03:27UTC | 主队列 28/200 发现队列 0/20000 [空] | Worker 31忙/5闲(86%)
[2026-08-08 11:27:47] [种子] 🔵 [种子 420/744] nmyahoo0472/WorkerVless2sub | 配额 3551/4800 03:27UTC | 主队列 29/200 发现队列 0/20000 [空] | Worker 31忙/5闲(86%)
[2026-08-08 11:27:47] [种子] 🔵 [种子 421/744] alading-123/WorkerVless2sub | 配额 3551/4800 03:27UTC | 主队列 30/200 发现队列 0/20000 [空] | Worker 31忙/5闲(86%)
[2026-08-08 11:27:47] [种子] 🔵 [种子 422/744] Fangqwe/WorkerVless2sub | 配额 3551/4800 03:27UTC | 主队列 31/200 发现队列 0/20000 [空] | Worker 31忙/5闲(86%)
[2026-08-08 11:27:47] [种子] 🔵 [种子 423/744] wyhzzqq/WorkerVless2sub | 配额 3551/4800 03:27UTC | 主队列 32/200 发现队列 0/20000 [空] | Worker 31忙/5闲(86%)
[2026-08-08 11:27:47] [种子] 🔵 [种子 424/744] mzketto/WorkerVless2sub | 配额 3551/4800 03:27UTC | 主队列 33/200 发现队列 0/20000 [空] | Worker 31忙/5闲(86%)
[2026-08-08 11:27:47] [种子] 🔵 [种子 425/744] Xylonify/WorkerVless2sub | 配额 3551/4800 03:27UTC | 主队列 34/200 发现队列 0/20000 [空] | Worker 31忙/5闲(86%)
[2026-08-08 11:27:47] [种子] 🔵 [种子 426/744] kgdpyeifk/WorkerVless2sub | 配额 3551/4800 03:27UTC | 主队列 35/200 发现队列 0/20000 [空] | Worker 31忙/5闲(86%)
[2026-08-08 11:27:47] [种子] 🔵 [种子 427/744] JHK19970416/CM-WorkerVless2sub | 配额 3551/4800 03:27UTC | 主队列 36/200 发现队列 0/20000 [空] | Worker 31忙/5闲(86%)
[2026-08-08 11:27:47] [种子] 🔵 [种子 428/744] anyejingling01/WorkerVless2sub | 配额 3551/4800 03:27UTC | 主队列 37/200 发现队列 0/20000 [空] | Worker 31忙/5闲(86%)
[2026-08-08 11:27:47] [种子] 🔵 [种子 429/744] hjhuan66/WorkerVless2sub | 配额 3551/4800 03:27UTC | 主队列 38/200 发现队列 0/20000 [空] | Worker 31忙/5闲(86%)
[2026-08-08 11:27:47] [种子] 🔵 [种子 430/744] cxr9912/WorkerVless2sub | 配额 3551/4800 03:27UTC | 主队列 39/200 发现队列 0/20000 [空] | Worker 31忙/5闲(86%)
[2026-08-08 11:27:47] [种子] 🔵 [种子 431/744] xiagefei/cm2sub | 配额 3551/4800 03:27UTC | 主队列 40/200 发现队列 0/20000 [空] | Worker 31忙/5闲(86%)
[2026-08-08 11:27:47] [种子] 🔵 [种子 432/744] hereVg0/WorkerVless2sub | 配额 3551/4800 03:27UTC | 主队列 41/200 发现队列 0/20000 [空] | Worker 31忙/5闲(86%)
[2026-08-08 11:27:47] [种子] 🔵 [种子 433/744] dynamicbeam/WorkerVless2sub | 配额 3551/4800 03:27UTC | 主队列 42/200 发现队列 0/20000 [空] | Worker 31忙/5闲(86%)
[2026-08-08 11:27:47] [种子] 🔵 [种子 434/744] qq270895042/WorkerVless2sub | 配额 3551/4800 03:27UTC | 主队列 43/200 发现队列 0/20000 [空] | Worker 31忙/5闲(86%)
[2026-08-08 11:27:47] [种子] 🔵 [种子 435/744] mahdianoosheh/WorkerVless2sub | 配额 3551/4800 03:27UTC | 主队列 44/200 发现队列 0/20000 [空] | Worker 31忙/5闲(86%)
[2026-08-08 11:27:47] [种子] 🔵 [种子 436/744] amirsajjadieh/WorkerVless2sub | 配额 3551/4800 03:27UTC | 主队列 45/200 发现队列 0/20000 [空] | Worker 31忙/5闲(86%)
[2026-08-08 11:27:47] [种子] 🔵 [种子 437/744] ZXCV-design/WorkerVless2sub | 配额 3551/4800 03:27UTC | 主队列 46/200 发现队列 0/20000 [空] | Worker 31忙/5闲(86%)
[2026-08-08 11:27:47] [种子] 🔵 [种子 438/744] bjxccloud/WorkerVless2sub | 配额 3551/4800 03:27UTC | 主队列 47/200 发现队列 0/20000 [空] | Worker 31忙/5闲(86%)
[2026-08-08 11:27:47] [种子] 🔵 [种子 439/744] chenjian199609/WorkerVless2sub | 配额 3551/4800 03:27UTC | 主队列 48/200 发现队列 0/20000 [空] | Worker 31忙/5闲(86%)
[2026-08-08 11:27:47] [种子] 🔵 [种子 440/744] oahxu/WorkerVless2sub | 配额 3551/4800 03:27UTC | 主队列 49/200 发现队列 0/20000 [空] | Worker 31忙/5闲(86%)
[2026-08-08 11:27:47] [种子] 🔵 [种子 441/744] cheng8889/WorkerVless2sub | 配额 3551/4800 03:27UTC | 主队列 50/200 发现队列 0/20000 [空] | Worker 31忙/5闲(86%)
[2026-08-08 11:27:47] [种子] 🔵 [种子 442/744] a117171/WorkerVless2sub | 配额 3551/4800 03:27UTC | 主队列 51/200 发现队列 0/20000 [空] | Worker 31忙/5闲(86%)
[2026-08-08 11:27:47] [种子] 🔵 [种子 443/744] shenxinli/WorkerVless2sub | 配额 3551/4800 03:27UTC | 主队列 52/200 发现队列 0/20000 [空] | Worker 31忙/5闲(86%)
[2026-08-08 11:27:47] [种子] 🔵 [种子 444/744] pydantic/pydantic | 配额 3551/4800 03:27UTC | 主队列 53/200 发现队列 0/20000 [空] | Worker 31忙/5闲(86%)
[2026-08-08 11:27:47] [种子] 🔵 [种子 445/744] free18/v2ray | 配额 3551/4800 03:27UTC | 主队列 54/200 发现队列 0/20000 [空] | Worker 31忙/5闲(86%)
[2026-08-08 11:27:47] [种子] 🔵 [种子 446/744] ripaojiedian/freenode | 配额 3551/4800 03:27UTC | 主队列 55/200 发现队列 0/20000 [空] | Worker 31忙/5闲(86%)
[2026-08-08 11:27:47] [种子] 🔵 [种子 447/744] pawdroid/Free-servers | 配额 3551/4800 03:27UTC | 主队列 56/200 发现队列 0/20000 [空] | Worker 31忙/5闲(86%)
[2026-08-08 11:27:47] [种子] 🔵 [种子 448/744] roosterkid/openproxylist | 配额 3551/4800 03:27UTC | 主队列 57/200 发现队列 0/20000 [空] | Worker 31忙/5闲(86%)
[2026-08-08 11:27:47] [种子] 🔵 [种子 449/744] Farid-Karimi/Config-Collector | 配额 3551/4800 03:27UTC | 主队列 58/200 发现队列 0/20000 [空] | Worker 31忙/5闲(86%)
[2026-08-08 11:27:47] [种子] 🔵 [种子 450/744] awesome-vpn/awesome-vpn | 配额 3551/4800 03:27UTC | 主队列 59/200 发现队列 0/20000 [空] | Worker 31忙/5闲(86%)
[2026-08-08 11:27:47] [种子] 🔵 [种子 451/744] Mr-Meshky/vify | 配额 3551/4800 03:27UTC | 主队列 60/200 发现队列 0/20000 [空] | Worker 31忙/5闲(86%)
[2026-08-08 11:27:47] [种子] 🔵 [种子 452/744] pog7x/vpn-configs | 配额 3551/4800 03:27UTC | 主队列 61/200 发现队列 0/20000 [空] | Worker 31忙/5闲(86%)
[2026-08-08 11:27:47] [种子] 🔵 [种子 453/744] MrAbolfazlNorouzi/iran-configs | 配额 3551/4800 03:27UTC | 主队列 62/200 发现队列 0/20000 [空] | Worker 31忙/5闲(86%)
[2026-08-08 11:27:47] [种子] 🔵 [种子 454/744] rtwo2/FastNodes | 配额 3551/4800 03:27UTC | 主队列 63/200 发现队列 0/20000 [空] | Worker 31忙/5闲(86%)
[2026-08-08 11:27:47] [种子] 🔵 [种子 455/744] miladtahanian/Config-Collector | 配额 3551/4800 03:27UTC | 主队列 64/200 发现队列 0/20000 [空] | Worker 31忙/5闲(86%)
[2026-08-08 11:27:47] [种子] 🔵 [种子 456/744] miladtahanian/V2RayCFGDumper | 配额 3551/4800 03:27UTC | 主队列 65/200 发现队列 0/20000 [空] | Worker 31忙/5闲(86%)
[2026-08-08 11:27:47] [种子] 🔵 [种子 457/744] zieng2/wl | 配额 3551/4800 03:27UTC | 主队列 66/200 发现队列 0/20000 [空] | Worker 31忙/5闲(86%)
[2026-08-08 11:27:47] [种子] 🔵 [种子 458/744] Mahdi0024/ProxyCollector | 配额 3551/4800 03:27UTC | 主队列 67/200 发现队列 0/20000 [空] | Worker 31忙/5闲(86%)
[2026-08-08 11:27:47] [种子] 🔵 [种子 459/744] iampedii/whitedns-sub | 配额 3551/4800 03:27UTC | 主队列 68/200 发现队列 0/20000 [空] | Worker 31忙/5闲(86%)
[2026-08-08 11:27:47] [种子] 🔵 [种子 460/744] yitong2333/proxy-minging | 配额 3551/4800 03:27UTC | 主队列 69/200 发现队列 0/20000 [空] | Worker 31忙/5闲(86%)
[2026-08-08 11:27:47] [种子] 🔵 [种子 461/744] Diversan313/apex-parser | 配额 3551/4800 03:27UTC | 主队列 70/200 发现队列 0/20000 [空] | Worker 31忙/5闲(86%)
[2026-08-08 11:27:47] [种子] 🔵 [种子 462/744] mohamadfg-dev/telegram-v2ray-configs-collector | 配额 3551/4800 03:27UTC | 主队列 71/200 发现队列 0/20000 [空] | Worker 31忙/5闲(86%)
[2026-08-08 11:27:47] [种子] 🔵 [种子 463/744] shabane/kamaji | 配额 3551/4800 03:27UTC | 主队列 72/200 发现队列 0/20000 [空] | Worker 31忙/5闲(86%)
[2026-08-08 11:27:47] [种子] 🔵 [种子 464/744] sakha1370/OpenRay | 配额 3551/4800 03:27UTC | 主队列 73/200 发现队列 0/20000 [空] | Worker 31忙/5闲(86%)
[2026-08-08 11:27:47] [种子] 🔵 [种子 465/744] Epodonios/v2ray-configs | 配额 3551/4800 03:27UTC | 主队列 74/200 发现队列 0/20000 [空] | Worker 31忙/5闲(86%)
[2026-08-08 11:27:47] [种子] 🔵 [种子 466/744] mheidari98/.proxy | 配额 3551/4800 03:27UTC | 主队列 75/200 发现队列 0/20000 [空] | Worker 31忙/5闲(86%)
[2026-08-08 11:27:47] [种子] 🔵 [种子 467/744] snakem982/proxypool | 配额 3551/4800 03:27UTC | 主队列 76/200 发现队列 0/20000 [空] | Worker 31忙/5闲(86%)
[2026-08-08 11:27:47] [种子] 🔵 [种子 468/744] acymz/AutoVPN | 配额 3551/4800 03:27UTC | 主队列 77/200 发现队列 0/20000 [空] | Worker 31忙/5闲(86%)
[2026-08-08 11:27:47] [种子] 🔵 [种子 469/744] Ruk1ng001/freeSub | 配额 3551/4800 03:27UTC | 主队列 78/200 发现队列 0/20000 [空] | Worker 31忙/5闲(86%)
[2026-08-08 11:27:47] [种子] 🔵 [种子 470/744] barry-far/V2ray-Config | 配额 3551/4800 03:27UTC | 主队列 79/200 发现队列 0/20000 [空] | Worker 31忙/5闲(86%)
[2026-08-08 11:27:47] [种子] 🔵 [种子 471/744] Triton-ix/v2ray-Finder | 配额 3551/4800 03:27UTC | 主队列 80/200 发现队列 0/20000 [空] | Worker 31忙/5闲(86%)
[2026-08-08 11:27:47] [种子] ⏸️  主队列 ≥ 80（80/200），搜索暂停
[2026-08-08 11:27:47] [W-15] 🔧 开始处理 [种子仓库] luzihaofather/WorkerVless2sub [种子 391/744]
[2026-08-08 11:27:47] [W-29] ⏭️ [种子仓库] 仓库 https://github.com/ipx2003/WorkerVless2sub 已解析，跳过解析（无需追踪）
[2026-08-08 11:27:47] [W-29] ✅ 完成 [种子仓库] ipx2003/WorkerVless2sub [种子 389/744] | 提取 0 | 新增 0 | 耗时 1s | 配额 3550/4800 03:27UTC | 主队列 80/200 发现队列 0/20000 [空] | Worker 32忙/4闲(88%)
[2026-08-08 11:27:47] [W-29] 🔧 开始处理 [种子仓库] slaterc21/WorkerVless2sub [种子 392/744]
[2026-08-08 11:27:47] [W-2] ⏭️ [种子仓库] 仓库 https://github.com/LevisVIP/WorkerVless2sub 已解析，跳过解析（无需追踪）
[2026-08-08 11:27:47] [W-2] ✅ 完成 [种子仓库] LevisVIP/WorkerVless2sub [种子 387/744] | 提取 0 | 新增 0 | 耗时 1s | 配额 3549/4800 03:27UTC | 主队列 79/200 发现队列 0/20000 [空] | Worker 32忙/4闲(88%)
[2026-08-08 11:27:47] [W-2] 🔧 开始处理 [种子仓库] Liqw343a/WorkerVless2sub [种子 393/744]
[2026-08-08 11:27:47] [W-24] ⏭️ [种子仓库] 仓库 https://github.com/renzhiai00/WorkerVless2sub 已解析，跳过解析（无需追踪）
[2026-08-08 11:27:47] [W-24] ✅ 完成 [种子仓库] renzhiai00/WorkerVless2sub [种子 390/744] | 提取 0 | 新增 0 | 耗时 1s | 配额 3548/4800 03:27UTC | 主队列 78/200 发现队列 0/20000 [空] | Worker 32忙/4闲(88%)
[2026-08-08 11:27:47] [W-24] 🔧 开始处理 [种子仓库] ktzhush/WorkerVless2sub [种子 394/744]
[2026-08-08 11:27:48] [W-15] ⏭️ [种子仓库] 仓库 https://github.com/luzihaofather/WorkerVless2sub 已解析，跳过解析（无需追踪）
[2026-08-08 11:27:48] [W-15] ✅ 完成 [种子仓库] luzihaofather/WorkerVless2sub [种子 391/744] | 提取 0 | 新增 0 | 耗时 1s | 配额 3547/4800 03:27UTC | 主队列 77/200 发现队列 0/20000 [空] | Worker 32忙/4闲(88%)
[2026-08-08 11:27:48] [W-15] 🔧 开始处理 [种子仓库] k871688/WorkerVless2sub [种子 395/744]
[2026-08-08 11:27:48] [W-2] ⏭️ [种子仓库] 仓库 https://github.com/Liqw343a/WorkerVless2sub 已解析，跳过解析（无需追踪）
[2026-08-08 11:27:48] [W-2] ✅ 完成 [种子仓库] Liqw343a/WorkerVless2sub [种子 393/744] | 提取 0 | 新增 0 | 耗时 1s | 配额 3546/4800 03:27UTC | 主队列 76/200 发现队列 0/20000 [空] | Worker 32忙/4闲(88%)
[2026-08-08 11:27:48] [W-2] 🔧 开始处理 [种子仓库] liu667788/WorkerVless2sub [种子 396/744]
[2026-08-08 11:27:48] [W-29] ⏭️ [种子仓库] 仓库 https://github.com/slaterc21/WorkerVless2sub 已解析，跳过解析（无需追踪）
[2026-08-08 11:27:48] [W-29] ✅ 完成 [种子仓库] slaterc21/WorkerVless2sub [种子 392/744] | 提取 0 | 新增 0 | 耗时 1s | 配额 3545/4800 03:27UTC | 主队列 75/200 发现队列 0/20000 [空] | Worker 32忙/4闲(88%)
[2026-08-08 11:27:48] [W-29] 🔧 开始处理 [种子仓库] shaufo2/WorkerVless2sub [种子 397/744]
[2026-08-08 11:27:48] [W-24] ⏭️ [种子仓库] 仓库 https://github.com/ktzhush/WorkerVless2sub 已解析，跳过解析（无需追踪）
[2026-08-08 11:27:48] [W-24] ✅ 完成 [种子仓库] ktzhush/WorkerVless2sub [种子 394/744] | 提取 0 | 新增 0 | 耗时 1s | 配额 3544/4800 03:27UTC | 主队列 74/200 发现队列 0/20000 [空] | Worker 32忙/4闲(88%)
[2026-08-08 11:27:48] [W-24] 🔧 开始处理 [种子仓库] fengcen-ms/WorkerVless2sub [种子 398/744]
[2026-08-08 11:27:48] [W-10] 🌱 加入种子: LHF001/clash-sub (提取 5 节点)
[2026-08-08 11:27:48] [W-10] ✅ 完成 [种子仓库] LHF001/clash-sub [种子 366/744] | 提取 5 | 新增 0 | 耗时 31s | 配额 3544/4800 03:27UTC | 主队列 73/200 发现队列 0/20000 [空] | Worker 32忙/4闲(88%)
[2026-08-08 11:27:48] [W-10] 🔧 开始处理 [种子仓库] bsteven999/CM-WorkerVless2sub [种子 399/744]
[2026-08-08 11:27:48] [W-31] 🌱 加入种子: awwy1222/clash-sub (提取 51 节点)
[2026-08-08 11:27:48] [W-31] ✅ 完成 [种子仓库] awwy1222/clash-sub [种子 367/744] | 提取 51 | 新增 1 | 耗时 9s | 配额 3544/4800 03:27UTC | 主队列 72/200 发现队列 0/20000 [空] | Worker 33忙/3闲(91%)
[2026-08-08 11:27:48] [W-31] 🔧 开始处理 [种子仓库] wdssfff00/WorkerVless2sub [种子 400/744]
[2026-08-08 11:27:49] [W-15] ⏭️ [种子仓库] 仓库 https://github.com/k871688/WorkerVless2sub 已解析，跳过解析（无需追踪）
[2026-08-08 11:27:49] [W-15] ✅ 完成 [种子仓库] k871688/WorkerVless2sub [种子 395/744] | 提取 0 | 新增 0 | 耗时 1s | 配额 3543/4800 03:27UTC | 主队列 71/200 发现队列 0/20000 [空] | Worker 34忙/2闲(94%)
[2026-08-08 11:27:49] [W-15] 🔧 开始处理 [种子仓库] itwhs/WorkerVless2sub [种子 401/744]
[2026-08-08 11:27:49] [W-29] ⏭️ [种子仓库] 仓库 https://github.com/shaufo2/WorkerVless2sub 已解析，跳过解析（无需追踪）
[2026-08-08 11:27:49] [W-29] ✅ 完成 [种子仓库] shaufo2/WorkerVless2sub [种子 397/744] | 提取 0 | 新增 0 | 耗时 1s | 配额 3542/4800 03:27UTC | 主队列 70/200 发现队列 0/20000 [空] | Worker 34忙/2闲(94%)
[2026-08-08 11:27:49] [W-29] 🔧 开始处理 [种子仓库] LimitlessTao/WorkerVless2sub [种子 402/744]
[2026-08-08 11:27:49] [W-24] ⏭️ [种子仓库] 仓库 https://github.com/fengcen-ms/WorkerVless2sub 已解析，跳过解析（无需追踪）
[2026-08-08 11:27:49] [W-24] ✅ 完成 [种子仓库] fengcen-ms/WorkerVless2sub [种子 398/744] | 提取 0 | 新增 0 | 耗时 1s | 配额 3541/4800 03:27UTC | 主队列 69/200 发现队列 0/20000 [空] | Worker 34忙/2闲(94%)
[2026-08-08 11:27:49] [W-2] ⏭️ [种子仓库] 仓库 https://github.com/liu667788/WorkerVless2sub 已解析，跳过解析（无需追踪）
[2026-08-08 11:27:49] [W-2] ✅ 完成 [种子仓库] liu667788/WorkerVless2sub [种子 396/744] | 提取 0 | 新增 0 | 耗时 1s | 配额 3540/4800 03:27UTC | 主队列 68/200 发现队列 0/20000 [空] | Worker 33忙/3闲(91%)
[2026-08-08 11:27:49] [W-2] 🔧 开始处理 [种子仓库] daxuewuyu8-dotcom/WorkerVless2sub [种子 404/744]
[2026-08-08 11:27:49] [W-24] 🔧 开始处理 [种子仓库] wangai14/WorkerVless2sub [种子 403/744]
[2026-08-08 11:27:49] [W-10] ⏭️ [种子仓库] 仓库 https://github.com/bsteven999/CM-WorkerVless2sub 已解析，跳过解析（无需追踪）
[2026-08-08 11:27:49] [W-10] ✅ 完成 [种子仓库] bsteven999/CM-WorkerVless2sub [种子 399/744] | 提取 0 | 新增 0 | 耗时 1s | 配额 3539/4800 03:27UTC | 主队列 67/200 发现队列 0/20000 [空] | Worker 34忙/2闲(94%)
[2026-08-08 11:27:49] [W-10] 🔧 开始处理 [种子仓库] IamNewHands/WorkerVless2sub [种子 405/744]
[2026-08-08 11:27:49] [W-31] ⏭️ [种子仓库] 仓库 https://github.com/wdssfff00/WorkerVless2sub 已解析，跳过解析（无需追踪）
[2026-08-08 11:27:49] [W-31] ✅ 完成 [种子仓库] wdssfff00/WorkerVless2sub [种子 400/744] | 提取 0 | 新增 0 | 耗时 1s | 配额 3538/4800 03:27UTC | 主队列 66/200 发现队列 0/20000 [空] | Worker 34忙/2闲(94%)
[2026-08-08 11:27:49] [W-31] 🔧 开始处理 [种子仓库] AMEKENN/WorkerVless2sub [种子 406/744]
[2026-08-08 11:27:49] [W-15] ⏭️ [种子仓库] 仓库 https://github.com/itwhs/WorkerVless2sub 已解析，跳过解析（无需追踪）
[2026-08-08 11:27:49] [W-15] ✅ 完成 [种子仓库] itwhs/WorkerVless2sub [种子 401/744] | 提取 0 | 新增 0 | 耗时 1s | 配额 3537/4800 03:27UTC | 主队列 65/200 发现队列 0/20000 [空] | Worker 34忙/2闲(94%)
[2026-08-08 11:27:49] [W-15] 🔧 开始处理 [种子仓库] qhy5697062/WorkerVless2sub [种子 407/744]
[2026-08-08 11:27:50] [W-29] ⏭️ [种子仓库] 仓库 https://github.com/LimitlessTao/WorkerVless2sub 已解析，跳过解析（无需追踪）
[2026-08-08 11:27:50] [W-29] ✅ 完成 [种子仓库] LimitlessTao/WorkerVless2sub [种子 402/744] | 提取 0 | 新增 0 | 耗时 1s | 配额 3536/4800 03:27UTC | 主队列 64/200 发现队列 0/20000 [空] | Worker 34忙/2闲(94%)
[2026-08-08 11:27:50] [W-29] 🔧 开始处理 [种子仓库] w-163/WorkerVless2sub [种子 408/744]
[2026-08-08 11:27:50] [W-24] ⏭️ [种子仓库] 仓库 https://github.com/wangai14/WorkerVless2sub 已解析，跳过解析（无需追踪）
[2026-08-08 11:27:50] [W-24] ✅ 完成 [种子仓库] wangai14/WorkerVless2sub [种子 403/744] | 提取 0 | 新增 0 | 耗时 1s | 配额 3535/4800 03:27UTC | 主队列 63/200 发现队列 0/20000 [空] | Worker 34忙/2闲(94%)
[2026-08-08 11:27:50] [W-24] 🔧 开始处理 [种子仓库] Love-AronaPlana/WorkerVless2sub [种子 409/744]
[2026-08-08 11:27:50] [W-2] ⏭️ [种子仓库] 仓库 https://github.com/daxuewuyu8-dotcom/WorkerVless2sub 已解析，跳过解析（无需追踪）
[2026-08-08 11:27:50] [W-2] ✅ 完成 [种子仓库] daxuewuyu8-dotcom/WorkerVless2sub [种子 404/744] | 提取 0 | 新增 0 | 耗时 1s | 配额 3534/4800 03:27UTC | 主队列 62/200 发现队列 0/20000 [空] | Worker 34忙/2闲(94%)
[2026-08-08 11:27:50] [W-2] 🔧 开始处理 [种子仓库] wangdongwdd/WorkerVless2sub [种子 410/744]
[2026-08-08 11:27:50] [W-10] ⏭️ [种子仓库] 仓库 https://github.com/IamNewHands/WorkerVless2sub 已解析，跳过解析（无需追踪）
[2026-08-08 11:27:50] [W-10] ✅ 完成 [种子仓库] IamNewHands/WorkerVless2sub [种子 405/744] | 提取 0 | 新增 0 | 耗时 1s | 配额 3533/4800 03:27UTC | 主队列 61/200 发现队列 0/20000 [空] | Worker 34忙/2闲(94%)
[2026-08-08 11:27:50] [W-10] 🔧 开始处理 [种子仓库] qinyuanchun03/WorkerVless2sub [种子 411/744]
[2026-08-08 11:27:50] [W-31] ⏭️ [种子仓库] 仓库 https://github.com/AMEKENN/WorkerVless2sub 已解析，跳过解析（无需追踪）
[2026-08-08 11:27:50] [W-31] ✅ 完成 [种子仓库] AMEKENN/WorkerVless2sub [种子 406/744] | 提取 0 | 新增 0 | 耗时 1s | 配额 3532/4800 03:27UTC | 主队列 60/200 发现队列 0/20000 [空] | Worker 34忙/2闲(94%)
[2026-08-08 11:27:50] [W-31] 🔧 开始处理 [种子仓库] laibabaifei/cmliu-WorkerVless2sub [种子 412/744]
[2026-08-08 11:27:50] [W-15] ⏭️ [种子仓库] 仓库 https://github.com/qhy5697062/WorkerVless2sub 已解析，跳过解析（无需追踪）
[2026-08-08 11:27:50] [W-15] ✅ 完成 [种子仓库] qhy5697062/WorkerVless2sub [种子 407/744] | 提取 0 | 新增 0 | 耗时 1s | 配额 3531/4800 03:27UTC | 主队列 59/200 发现队列 0/20000 [空] | Worker 34忙/2闲(94%)
[2026-08-08 11:27:50] [W-15] 🔧 开始处理 [种子仓库] wan-163/WorkerVless2sub [种子 413/744]
[2026-08-08 11:27:50] [W-24] ⏭️ [种子仓库] 仓库 https://github.com/Love-AronaPlana/WorkerVless2sub 已解析，跳过解析（无需追踪）
[2026-08-08 11:27:50] [W-24] ✅ 完成 [种子仓库] Love-AronaPlana/WorkerVless2sub [种子 409/744] | 提取 0 | 新增 0 | 耗时 1s | 配额 3530/4800 03:27UTC | 主队列 58/200 发现队列 0/20000 [空] | Worker 34忙/2闲(94%)
[2026-08-08 11:27:50] [W-24] 🔧 开始处理 [种子仓库] huangjin7511/WorkerVless2sub [种子 414/744]
[2026-08-08 11:27:51] [W-29] ⏭️ [种子仓库] 仓库 https://github.com/w-163/WorkerVless2sub 已解析，跳过解析（无需追踪）
[2026-08-08 11:27:51] [W-29] ✅ 完成 [种子仓库] w-163/WorkerVless2sub [种子 408/744] | 提取 0 | 新增 0 | 耗时 1s | 配额 3529/4800 03:27UTC | 主队列 57/200 发现队列 0/20000 [空] | Worker 34忙/2闲(94%)
[2026-08-08 11:27:51] [W-29] 🔧 开始处理 [种子仓库] YifLee/WorkerVless2sub [种子 415/744]
[2026-08-08 11:27:51] [W-2] ⏭️ [种子仓库] 仓库 https://github.com/wangdongwdd/WorkerVless2sub 已解析，跳过解析（无需追踪）
[2026-08-08 11:27:51] [W-2] ✅ 完成 [种子仓库] wangdongwdd/WorkerVless2sub [种子 410/744] | 提取 0 | 新增 0 | 耗时 1s | 配额 3528/4800 03:27UTC | 主队列 56/200 发现队列 0/20000 [空] | Worker 34忙/2闲(94%)
[2026-08-08 11:27:51] [W-2] 🔧 开始处理 [种子仓库] zxlwq/WorkerVless2sub [种子 416/744]
[2026-08-08 11:27:51] [W-31] ⏭️ [种子仓库] 仓库 https://github.com/laibabaifei/cmliu-WorkerVless2sub 已解析，跳过解析（无需追踪）
[2026-08-08 11:27:51] [W-31] ✅ 完成 [种子仓库] laibabaifei/cmliu-WorkerVless2sub [种子 412/744] | 提取 0 | 新增 0 | 耗时 1s | 配额 3527/4800 03:27UTC | 主队列 55/200 发现队列 0/20000 [空] | Worker 34忙/2闲(94%)
[2026-08-08 11:27:51] [W-31] 🔧 开始处理 [种子仓库] GT966/WorkerVless2sub [种子 417/744]
[2026-08-08 11:27:51] [W-10] ⏭️ [种子仓库] 仓库 https://github.com/qinyuanchun03/WorkerVless2sub 已解析，跳过解析（无需追踪）
[2026-08-08 11:27:51] [W-10] ✅ 完成 [种子仓库] qinyuanchun03/WorkerVless2sub [种子 411/744] | 提取 0 | 新增 0 | 耗时 1s | 配额 3526/4800 03:27UTC | 主队列 54/200 发现队列 0/20000 [空] | Worker 34忙/2闲(94%)
[2026-08-08 11:27:51] [W-10] 🔧 开始处理 [种子仓库] m-897/WorkerVless2sub [种子 418/744]
[2026-08-08 11:27:51] [W-15] ⏭️ [种子仓库] 仓库 https://github.com/wan-163/WorkerVless2sub 已解析，跳过解析（无需追踪）
[2026-08-08 11:27:51] [W-15] ✅ 完成 [种子仓库] wan-163/WorkerVless2sub [种子 413/744] | 提取 0 | 新增 0 | 耗时 1s | 配额 3525/4800 03:27UTC | 主队列 53/200 发现队列 0/20000 [空] | Worker 34忙/2闲(94%)
[2026-08-08 11:27:51] [W-15] 🔧 开始处理 [种子仓库] yk3141/WorkerVless2sub [种子 419/744]
[2026-08-08 11:27:51] [W-24] ⏭️ [种子仓库] 仓库 https://github.com/huangjin7511/WorkerVless2sub 已解析，跳过解析（无需追踪）
[2026-08-08 11:27:51] [W-24] ✅ 完成 [种子仓库] huangjin7511/WorkerVless2sub [种子 414/744] | 提取 0 | 新增 0 | 耗时 1s | 配额 3524/4800 03:27UTC | 主队列 52/200 发现队列 0/20000 [空] | Worker 34忙/2闲(94%)
[2026-08-08 11:27:51] [W-24] 🔧 开始处理 [种子仓库] nmyahoo0472/WorkerVless2sub [种子 420/744]
[2026-08-08 11:27:51] [W-31] ⏭️ [种子仓库] 仓库 https://github.com/GT966/WorkerVless2sub 已解析，跳过解析（无需追踪）
[2026-08-08 11:27:51] [W-31] ✅ 完成 [种子仓库] GT966/WorkerVless2sub [种子 417/744] | 提取 0 | 新增 0 | 耗时 1s | 配额 3523/4800 03:27UTC | 主队列 51/200 发现队列 0/20000 [空] | Worker 34忙/2闲(94%)
[2026-08-08 11:27:51] [W-31] 🔧 开始处理 [种子仓库] alading-123/WorkerVless2sub [种子 421/744]
[2026-08-08 11:27:51] [W-29] ⏭️ [种子仓库] 仓库 https://github.com/YifLee/WorkerVless2sub 已解析，跳过解析（无需追踪）
[2026-08-08 11:27:51] [W-29] ✅ 完成 [种子仓库] YifLee/WorkerVless2sub [种子 415/744] | 提取 0 | 新增 0 | 耗时 1s | 配额 3522/4800 03:27UTC | 主队列 50/200 发现队列 0/20000 [空] | Worker 34忙/2闲(94%)
[2026-08-08 11:27:51] [W-29] 🔧 开始处理 [种子仓库] Fangqwe/WorkerVless2sub [种子 422/744]
[2026-08-08 11:27:51] [W-2] ⏭️ [种子仓库] 仓库 https://github.com/zxlwq/WorkerVless2sub 已解析，跳过解析（无需追踪）
[2026-08-08 11:27:51] [W-2] ✅ 完成 [种子仓库] zxlwq/WorkerVless2sub [种子 416/744] | 提取 0 | 新增 0 | 耗时 1s | 配额 3521/4800 03:27UTC | 主队列 49/200 发现队列 0/20000 [空] | Worker 34忙/2闲(94%)
[2026-08-08 11:27:51] [W-2] 🔧 开始处理 [种子仓库] wyhzzqq/WorkerVless2sub [种子 423/744]
[2026-08-08 11:27:51] [W-20] 📦 Partial Clone: 124 个文件（零 API 配额）
[2026-08-08 11:27:51] [W-10] ⏭️ [种子仓库] 仓库 https://github.com/m-897/WorkerVless2sub 已解析，跳过解析（无需追踪）
[2026-08-08 11:27:51] [W-10] ✅ 完成 [种子仓库] m-897/WorkerVless2sub [种子 418/744] | 提取 0 | 新增 0 | 耗时 1s | 配额 3520/4800 03:27UTC | 主队列 48/200 发现队列 0/20000 [空] | Worker 33忙/3闲(91%)
[2026-08-08 11:27:51] [W-10] 🔧 开始处理 [种子仓库] mzketto/WorkerVless2sub [种子 424/744]
[2026-08-08 11:27:52] [W-15] ⏭️ [种子仓库] 仓库 https://github.com/yk3141/WorkerVless2sub 已解析，跳过解析（无需追踪）
[2026-08-08 11:27:52] [W-15] ✅ 完成 [种子仓库] yk3141/WorkerVless2sub [种子 419/744] | 提取 0 | 新增 0 | 耗时 1s | 配额 3519/4800 03:27UTC | 主队列 47/200 发现队列 0/20000 [空] | Worker 33忙/3闲(91%)
[2026-08-08 11:27:52] [W-15] 🔧 开始处理 [种子仓库] Xylonify/WorkerVless2sub [种子 425/744]
[2026-08-08 11:27:52] [W-24] ⏭️ [种子仓库] 仓库 https://github.com/nmyahoo0472/WorkerVless2sub 已解析，跳过解析（无需追踪）
[2026-08-08 11:27:52] [W-24] ✅ 完成 [种子仓库] nmyahoo0472/WorkerVless2sub [种子 420/744] | 提取 0 | 新增 0 | 耗时 1s | 配额 3518/4800 03:27UTC | 主队列 46/200 发现队列 0/20000 [空] | Worker 33忙/3闲(91%)
[2026-08-08 11:27:52] [W-24] 🔧 开始处理 [种子仓库] kgdpyeifk/WorkerVless2sub [种子 426/744]
[2026-08-08 11:27:52] repo info (Fangqwe/WorkerVless2sub) 404，跳过
[2026-08-08 11:27:52] [W-29] 🔍 仓库 Fangqwe/WorkerVless2sub 不存在（404），追踪用户
[2026-08-08 11:27:52] [W-29] 👤 [种子仓库] 遍历用户仓库: Fangqwe
[2026-08-08 11:27:52] [W-31] ⏭️ [种子仓库] 仓库 https://github.com/alading-123/WorkerVless2sub 已解析，跳过解析（无需追踪）
[2026-08-08 11:27:52] [W-31] ✅ 完成 [种子仓库] alading-123/WorkerVless2sub [种子 421/744] | 提取 0 | 新增 0 | 耗时 1s | 配额 3516/4800 03:27UTC | 主队列 45/200 发现队列 0/20000 [空] | Worker 33忙/3闲(91%)
[2026-08-08 11:27:52] [W-31] 🔧 开始处理 [种子仓库] JHK19970416/CM-WorkerVless2sub [种子 427/744]
[2026-08-08 11:27:52] [W-20] 仓库 https://github.com/cheeriojs/cheerio 候选文件 15 个
[2026-08-08 11:27:52] [W-10] ⏭️ [种子仓库] 仓库 https://github.com/mzketto/WorkerVless2sub 已解析，跳过解析（无需追踪）
[2026-08-08 11:27:52] [W-10] ✅ 完成 [种子仓库] mzketto/WorkerVless2sub [种子 424/744] | 提取 0 | 新增 0 | 耗时 1s | 配额 3515/4800 03:27UTC | 主队列 44/200 发现队列 0/20000 [空] | Worker 33忙/3闲(91%)
[2026-08-08 11:27:52] [W-10] 🔧 开始处理 [种子仓库] anyejingling01/WorkerVless2sub [种子 428/744]
[2026-08-08 11:27:52] [W-2] ⏭️ [种子仓库] 仓库 https://github.com/wyhzzqq/WorkerVless2sub 284h 未更新，跳过解析（无需追踪）
[2026-08-08 11:27:52] [W-2] ✅ 完成 [种子仓库] wyhzzqq/WorkerVless2sub [种子 423/744] | 提取 0 | 新增 0 | 耗时 1s | 配额 3514/4800 03:27UTC | 主队列 43/200 发现队列 0/20000 [空] | Worker 33忙/3闲(91%)
[2026-08-08 11:27:52] [W-2] 🔧 开始处理 [种子仓库] hjhuan66/WorkerVless2sub [种子 429/744]
[2026-08-08 11:27:52] [W-24] ⏭️ [种子仓库] 仓库 https://github.com/kgdpyeifk/WorkerVless2sub 已解析，跳过解析（无需追踪）
[2026-08-08 11:27:52] [W-24] ✅ 完成 [种子仓库] kgdpyeifk/WorkerVless2sub [种子 426/744] | 提取 0 | 新增 0 | 耗时 1s | 配额 3513/4800 03:27UTC | 主队列 42/200 发现队列 0/20000 [空] | Worker 33忙/3闲(91%)
[2026-08-08 11:27:52] [W-24] 🔧 开始处理 [种子仓库] cxr9912/WorkerVless2sub [种子 430/744]
[2026-08-08 11:27:53] [W-29]   👤 用户仓库: 0/5 个 → 主队列 41/200 发现队列 0/20000 [空] | Worker 33忙/3闲(91%)
[2026-08-08 11:27:53] [W-29]   用户 Fangqwe 共查 5 个仓库
[2026-08-08 11:27:53] [W-29] ✅ 完成 [种子仓库] Fangqwe/WorkerVless2sub [种子 422/744] | 提取 0 | 新增 0 | 耗时 2s | 配额 3511/4800 03:27UTC | 主队列 41/200 发现队列 0/20000 [空] | Worker 33忙/3闲(91%)
[2026-08-08 11:27:53] [W-29] 🔧 开始处理 [种子仓库] xiagefei/cm2sub [种子 431/744]
[2026-08-08 11:27:53] [W-15] ⏭️ [种子仓库] 仓库 https://github.com/Xylonify/WorkerVless2sub 已解析，跳过解析（无需追踪）
[2026-08-08 11:27:53] [W-15] ✅ 完成 [种子仓库] Xylonify/WorkerVless2sub [种子 425/744] | 提取 0 | 新增 0 | 耗时 2s | 配额 3510/4800 03:27UTC | 主队列 40/200 发现队列 0/20000 [空] | Worker 33忙/3闲(91%)
[2026-08-08 11:27:53] [W-31] ⏭️ [种子仓库] 仓库 https://github.com/JHK19970416/CM-WorkerVless2sub 已解析，跳过解析（无需追踪）
[2026-08-08 11:27:53] [W-31] ✅ 完成 [种子仓库] JHK19970416/CM-WorkerVless2sub [种子 427/744] | 提取 0 | 新增 0 | 耗时 1s | 配额 3509/4800 03:27UTC | 主队列 39/200 发现队列 0/20000 [空] | Worker 33忙/3闲(91%)
[2026-08-08 11:27:53] [W-15] 🔧 开始处理 [种子仓库] hereVg0/WorkerVless2sub [种子 432/744]
[2026-08-08 11:27:53] [W-31] 🔧 开始处理 [种子仓库] dynamicbeam/WorkerVless2sub [种子 433/744]
[2026-08-08 11:27:54] [W-10] ⏭️ [种子仓库] 仓库 https://github.com/anyejingling01/WorkerVless2sub 已解析，跳过解析（无需追踪）
[2026-08-08 11:27:54] [W-10] ✅ 完成 [种子仓库] anyejingling01/WorkerVless2sub [种子 428/744] | 提取 0 | 新增 0 | 耗时 2s | 配额 3508/4800 03:27UTC | 主队列 38/200 发现队列 0/20000 [空] | Worker 33忙/3闲(91%)
[2026-08-08 11:27:54] [W-10] 🔧 开始处理 [种子仓库] qq270895042/WorkerVless2sub [种子 434/744]
[2026-08-08 11:27:54] [W-24] ⏭️ [种子仓库] 仓库 https://github.com/cxr9912/WorkerVless2sub 已解析，跳过解析（无需追踪）
[2026-08-08 11:27:54] [W-24] ✅ 完成 [种子仓库] cxr9912/WorkerVless2sub [种子 430/744] | 提取 0 | 新增 0 | 耗时 2s | 配额 3507/4800 03:27UTC | 主队列 37/200 发现队列 0/20000 [空] | Worker 33忙/3闲(91%)
[2026-08-08 11:27:54] [W-24] 🔧 开始处理 [种子仓库] mahdianoosheh/WorkerVless2sub [种子 435/744]
[2026-08-08 11:27:54] [W-2] ⏭️ [种子仓库] 仓库 https://github.com/hjhuan66/WorkerVless2sub 已解析，跳过解析（无需追踪）
[2026-08-08 11:27:54] [W-2] ✅ 完成 [种子仓库] hjhuan66/WorkerVless2sub [种子 429/744] | 提取 0 | 新增 0 | 耗时 2s | 配额 3506/4800 03:27UTC | 主队列 36/200 发现队列 0/20000 [空] | Worker 33忙/3闲(91%)
[2026-08-08 11:27:54] [W-2] 🔧 开始处理 [种子仓库] amirsajjadieh/WorkerVless2sub [种子 436/744]
[2026-08-08 11:27:54] [W-29] ⏭️ [种子仓库] 仓库 https://github.com/xiagefei/cm2sub 已解析，跳过解析（无需追踪）
[2026-08-08 11:27:54] [W-29] ✅ 完成 [种子仓库] xiagefei/cm2sub [种子 431/744] | 提取 0 | 新增 0 | 耗时 1s | 配额 3505/4800 03:27UTC | 主队列 35/200 发现队列 0/20000 [空] | Worker 33忙/3闲(91%)
[2026-08-08 11:27:54] [W-29] 🔧 开始处理 [种子仓库] ZXCV-design/WorkerVless2sub [种子 437/744]
[2026-08-08 11:27:54] [W-31] ⏭️ [种子仓库] 仓库 https://github.com/dynamicbeam/WorkerVless2sub 已解析，跳过解析（无需追踪）
[2026-08-08 11:27:54] [W-31] ✅ 完成 [种子仓库] dynamicbeam/WorkerVless2sub [种子 433/744] | 提取 0 | 新增 0 | 耗时 1s | 配额 3504/4800 03:27UTC | 主队列 34/200 发现队列 0/20000 [空] | Worker 33忙/3闲(91%)
[2026-08-08 11:27:54] [W-15] ⏭️ [种子仓库] 仓库 https://github.com/hereVg0/WorkerVless2sub 已解析，跳过解析（无需追踪）
[2026-08-08 11:27:54] [W-15] ✅ 完成 [种子仓库] hereVg0/WorkerVless2sub [种子 432/744] | 提取 0 | 新增 0 | 耗时 1s | 配额 3503/4800 03:27UTC | 主队列 33/200 发现队列 0/20000 [空] | Worker 32忙/4闲(88%)
[2026-08-08 11:27:54] [W-15] 🔧 开始处理 [种子仓库] chenjian199609/WorkerVless2sub [种子 439/744]
[2026-08-08 11:27:54] [W-31] 🔧 开始处理 [种子仓库] bjxccloud/WorkerVless2sub [种子 438/744]
[2026-08-08 11:27:55] [W-2] ⏭️ [种子仓库] 仓库 https://github.com/amirsajjadieh/WorkerVless2sub 已解析，跳过解析（无需追踪）
[2026-08-08 11:27:55] [W-2] ✅ 完成 [种子仓库] amirsajjadieh/WorkerVless2sub [种子 436/744] | 提取 0 | 新增 0 | 耗时 1s | 配额 3502/4800 03:27UTC | 主队列 32/200 发现队列 0/20000 [空] | Worker 33忙/3闲(91%)
[2026-08-08 11:27:55] [W-2] 🔧 开始处理 [种子仓库] oahxu/WorkerVless2sub [种子 440/744]
[2026-08-08 11:27:55] [W-24] ⏭️ [种子仓库] 仓库 https://github.com/mahdianoosheh/WorkerVless2sub 已解析，跳过解析（无需追踪）
[2026-08-08 11:27:55] [W-24] ✅ 完成 [种子仓库] mahdianoosheh/WorkerVless2sub [种子 435/744] | 提取 0 | 新增 0 | 耗时 1s | 配额 3501/4800 03:27UTC | 主队列 31/200 发现队列 0/20000 [空] | Worker 33忙/3闲(91%)
[2026-08-08 11:27:55] [W-10] ⏭️ [种子仓库] 仓库 https://github.com/qq270895042/WorkerVless2sub 已解析，跳过解析（无需追踪）
[2026-08-08 11:27:55] [W-10] ✅ 完成 [种子仓库] qq270895042/WorkerVless2sub [种子 434/744] | 提取 0 | 新增 0 | 耗时 1s | 配额 3500/4800 03:27UTC | 主队列 30/200 发现队列 0/20000 [空] | Worker 32忙/4闲(88%)
[2026-08-08 11:27:55] [W-10] 🔧 开始处理 [种子仓库] a117171/WorkerVless2sub [种子 442/744]
[2026-08-08 11:27:55] [W-24] 🔧 开始处理 [种子仓库] cheng8889/WorkerVless2sub [种子 441/744]
[2026-08-08 11:27:55] [W-29] ⏭️ [种子仓库] 仓库 https://github.com/ZXCV-design/WorkerVless2sub 已解析，跳过解析（无需追踪）
[2026-08-08 11:27:55] [W-29] ✅ 完成 [种子仓库] ZXCV-design/WorkerVless2sub [种子 437/744] | 提取 0 | 新增 0 | 耗时 2s | 配额 3499/4800 03:27UTC | 主队列 29/200 发现队列 0/20000 [空] | Worker 33忙/3闲(91%)
[2026-08-08 11:27:55] [W-29] 🔧 开始处理 [种子仓库] shenxinli/WorkerVless2sub [种子 443/744]
[2026-08-08 11:27:56] [W-15] ⏭️ [种子仓库] 仓库 https://github.com/chenjian199609/WorkerVless2sub 已解析，跳过解析（无需追踪）
[2026-08-08 11:27:56] [W-15] ✅ 完成 [种子仓库] chenjian199609/WorkerVless2sub [种子 439/744] | 提取 0 | 新增 0 | 耗时 2s | 配额 3498/4800 03:27UTC | 主队列 28/200 发现队列 0/20000 [空] | Worker 33忙/3闲(91%)
[2026-08-08 11:27:56] [W-2] ⏭️ [种子仓库] 仓库 https://github.com/oahxu/WorkerVless2sub 已解析，跳过解析（无需追踪）
[2026-08-08 11:27:56] [W-2] ✅ 完成 [种子仓库] oahxu/WorkerVless2sub [种子 440/744] | 提取 0 | 新增 0 | 耗时 1s | 配额 3497/4800 03:27UTC | 主队列 27/200 发现队列 0/20000 [空] | Worker 32忙/4闲(88%)
[2026-08-08 11:27:56] [W-2] 🔧 开始处理 [种子仓库] free18/v2ray [种子 445/744]
[2026-08-08 11:27:56] [W-15] 🔧 开始处理 [种子仓库] pydantic/pydantic [种子 444/744]
[2026-08-08 11:27:56] [W-10] ⏭️ [种子仓库] 仓库 https://github.com/a117171/WorkerVless2sub 已解析，跳过解析（无需追踪）
[2026-08-08 11:27:56] [W-10] ✅ 完成 [种子仓库] a117171/WorkerVless2sub [种子 442/744] | 提取 0 | 新增 0 | 耗时 1s | 配额 3496/4800 03:27UTC | 主队列 26/200 发现队列 0/20000 [空] | Worker 33忙/3闲(91%)
[2026-08-08 11:27:56] [W-24] ⏭️ [种子仓库] 仓库 https://github.com/cheng8889/WorkerVless2sub 已解析，跳过解析（无需追踪）
[2026-08-08 11:27:56] [W-24] ✅ 完成 [种子仓库] cheng8889/WorkerVless2sub [种子 441/744] | 提取 0 | 新增 0 | 耗时 1s | 配额 3495/4800 03:27UTC | 主队列 25/200 发现队列 0/20000 [空] | Worker 32忙/4闲(88%)
[2026-08-08 11:27:56] [W-24] 🔧 开始处理 [种子仓库] pawdroid/Free-servers [种子 447/744]
[2026-08-08 11:27:56] [W-10] 🔧 开始处理 [种子仓库] ripaojiedian/freenode [种子 446/744]
[2026-08-08 11:27:56] [W-31] ⏭️ [种子仓库] 仓库 https://github.com/bjxccloud/WorkerVless2sub 已解析，跳过解析（无需追踪）
[2026-08-08 11:27:56] [W-31] ✅ 完成 [种子仓库] bjxccloud/WorkerVless2sub [种子 438/744] | 提取 0 | 新增 0 | 耗时 2s | 配额 3494/4800 03:27UTC | 主队列 24/200 发现队列 0/20000 [空] | Worker 33忙/3闲(91%)
[2026-08-08 11:27:56] [W-31] 🔧 开始处理 [种子仓库] roosterkid/openproxylist [种子 448/744]
[2026-08-08 11:27:57] [W-29] ⏭️ [种子仓库] 仓库 https://github.com/shenxinli/WorkerVless2sub 已解析，跳过解析（无需追踪）
[2026-08-08 11:27:57] [W-29] ✅ 完成 [种子仓库] shenxinli/WorkerVless2sub [种子 443/744] | 提取 0 | 新增 0 | 耗时 1s | 配额 3493/4800 03:27UTC | 主队列 23/200 发现队列 0/20000 [空] | Worker 33忙/3闲(91%)
[2026-08-08 11:27:57] [W-29] 🔧 开始处理 [种子仓库] Farid-Karimi/Config-Collector [种子 449/744]
[2026-08-08 11:27:57] [W-2] ⏭️ [种子仓库] 仓库 https://github.com/free18/v2ray 已解析，跳过解析（无需追踪）
[2026-08-08 11:27:57] [W-2] ✅ 完成 [种子仓库] free18/v2ray [种子 445/744] | 提取 0 | 新增 0 | 耗时 1s | 配额 3492/4800 03:27UTC | 主队列 22/200 发现队列 0/20000 [空] | Worker 33忙/3闲(91%)
[2026-08-08 11:27:57] [W-2] 🔧 开始处理 [种子仓库] awesome-vpn/awesome-vpn [种子 450/744]
[2026-08-08 11:27:57] [W-10] ⏭️ [种子仓库] 仓库 https://github.com/ripaojiedian/freenode 已解析，跳过解析（无需追踪）
[2026-08-08 11:27:57] [W-10] ✅ 完成 [种子仓库] ripaojiedian/freenode [种子 446/744] | 提取 0 | 新增 0 | 耗时 1s | 配额 3491/4800 03:27UTC | 主队列 21/200 发现队列 0/20000 [空] | Worker 33忙/3闲(91%)
[2026-08-08 11:27:57] [W-10] 🔧 开始处理 [种子仓库] Mr-Meshky/vify [种子 451/744]
[2026-08-08 11:27:57] [W-24] ⏭️ [种子仓库] 仓库 https://github.com/pawdroid/Free-servers 已解析，跳过解析（无需追踪）
[2026-08-08 11:27:57] [W-24] ✅ 完成 [种子仓库] pawdroid/Free-servers [种子 447/744] | 提取 0 | 新增 0 | 耗时 1s | 配额 3490/4800 03:27UTC | 主队列 20/200 发现队列 0/20000 [空] | Worker 33忙/3闲(91%)
[2026-08-08 11:27:57] [W-24] 🔧 开始处理 [种子仓库] pog7x/vpn-configs [种子 452/744]
[2026-08-08 11:27:57] [W-15] ⏭️ [种子仓库] 仓库 https://github.com/pydantic/pydantic 已解析，跳过解析（无需追踪）
[2026-08-08 11:27:57] [W-15] ✅ 完成 [种子仓库] pydantic/pydantic [种子 444/744] | 提取 0 | 新增 0 | 耗时 1s | 配额 3489/4800 03:27UTC | 主队列 19/200 发现队列 0/20000 [空] | Worker 33忙/3闲(91%)
[2026-08-08 11:27:57] [W-15] 🔧 开始处理 [种子仓库] MrAbolfazlNorouzi/iran-configs [种子 453/744]
[2026-08-08 11:27:58] [W-31] ⏭️ [种子仓库] 仓库 https://github.com/roosterkid/openproxylist 已解析，跳过解析（无需追踪）
[2026-08-08 11:27:58] [W-31] ✅ 完成 [种子仓库] roosterkid/openproxylist [种子 448/744] | 提取 0 | 新增 0 | 耗时 1s | 配额 3488/4800 03:27UTC | 主队列 18/200 发现队列 0/20000 [空] | Worker 33忙/3闲(91%)
[2026-08-08 11:27:58] [W-31] 🔧 开始处理 [种子仓库] rtwo2/FastNodes [种子 454/744]
[2026-08-08 11:27:58] [种子] ▶️ 主队列 < 20（17/200），搜索恢复
[2026-08-08 11:27:58] [种子] 🔵 [种子 472/744] 603711936/SmartSub | 配额 3488/4800 03:27UTC | 主队列 18/200 发现队列 0/20000 [空] | Worker 33忙/3闲(91%)
[2026-08-08 11:27:58] [种子] 🔵 [种子 473/744] noxenys/SmartSub | 配额 3488/4800 03:27UTC | 主队列 19/200 发现队列 0/20000 [空] | Worker 33忙/3闲(91%)
[2026-08-08 11:27:58] [种子] 🔵 [种子 474/744] FreeFolksOn/abc-configs-free-vpn-proxy-list | 配额 3488/4800 03:27UTC | 主队列 20/200 发现队列 0/20000 [空] | Worker 33忙/3闲(91%)
[2026-08-08 11:27:58] [种子] 🔵 [种子 475/744] way-fu/free-nodes-auto | 配额 3488/4800 03:27UTC | 主队列 21/200 发现队列 0/20000 [空] | Worker 33忙/3闲(91%)
[2026-08-08 11:27:58] [种子] 🔵 [种子 476/744] xcai413/fanqiang-navigation | 配额 3488/4800 03:27UTC | 主队列 22/200 发现队列 0/20000 [空] | Worker 33忙/3闲(91%)
[2026-08-08 11:27:58] [种子] 🔵 [种子 477/744] hansenlandun-prog/freeproxy-node-sub | 配额 3488/4800 03:27UTC | 主队列 23/200 发现队列 0/20000 [空] | Worker 33忙/3闲(91%)
[2026-08-08 11:27:58] [种子] 🔵 [种子 478/744] LingQingOutAt11/free-vpn-subscriptions | 配额 3488/4800 03:27UTC | 主队列 24/200 发现队列 0/20000 [空] | Worker 33忙/3闲(91%)
[2026-08-08 11:27:58] [种子] 🔵 [种子 479/744] hzhimingyang12345-a11y/airport-free | 配额 3488/4800 03:27UTC | 主队列 25/200 发现队列 0/20000 [空] | Worker 33忙/3闲(91%)
[2026-08-08 11:27:58] [种子] 🔵 [种子 480/744] DuChen212/Free-servers | 配额 3488/4800 03:27UTC | 主队列 26/200 发现队列 0/20000 [空] | Worker 33忙/3闲(91%)
[2026-08-08 11:27:58] [种子] 🔵 [种子 481/744] yafeisun/v2raynode | 配额 3488/4800 03:27UTC | 主队列 27/200 发现队列 0/20000 [空] | Worker 33忙/3闲(91%)
[2026-08-08 11:27:58] [种子] 🔵 [种子 482/744] twj0/subseek | 配额 3488/4800 03:27UTC | 主队列 28/200 发现队列 0/20000 [空] | Worker 33忙/3闲(91%)
[2026-08-08 11:27:58] [种子] 🔵 [种子 483/744] viereck-lan/FreeNodes | 配额 3488/4800 03:27UTC | 主队列 29/200 发现队列 0/20000 [空] | Worker 33忙/3闲(91%)
[2026-08-08 11:27:58] [种子] 🔵 [种子 484/744] perfectweiwei-rgb/FreeNodes | 配额 3488/4800 03:27UTC | 主队列 30/200 发现队列 0/20000 [空] | Worker 33忙/3闲(91%)
[2026-08-08 11:27:58] [种子] 🔵 [种子 485/744] hank66zxc/FreeNodes | 配额 3488/4800 03:27UTC | 主队列 31/200 发现队列 0/20000 [空] | Worker 33忙/3闲(91%)
[2026-08-08 11:27:58] [种子] 🔵 [种子 486/744] fushuain-collab/free-nodes | 配额 3488/4800 03:27UTC | 主队列 32/200 发现队列 0/20000 [空] | Worker 33忙/3闲(91%)
[2026-08-08 11:27:58] [种子] 🔵 [种子 487/744] Barabama/FreeNodes | 配额 3488/4800 03:27UTC | 主队列 33/200 发现队列 0/20000 [空] | Worker 33忙/3闲(91%)
[2026-08-08 11:27:58] [种子] 🔵 [种子 488/744] PENZA84/subseek | 配额 3488/4800 03:27UTC | 主队列 34/200 发现队列 0/20000 [空] | Worker 33忙/3闲(91%)
[2026-08-08 11:27:58] [种子] 🔵 [种子 489/744] 2OTT/Free-Nodes | 配额 3488/4800 03:27UTC | 主队列 35/200 发现队列 0/20000 [空] | Worker 33忙/3闲(91%)
[2026-08-08 11:27:58] [种子] 🔵 [种子 490/744] chancat87/awesome-vpn | 配额 3488/4800 03:27UTC | 主队列 36/200 发现队列 0/20000 [空] | Worker 33忙/3闲(91%)
[2026-08-08 11:27:58] [种子] 🔵 [种子 491/744] slxkware/Vless-list | 配额 3488/4800 03:27UTC | 主队列 37/200 发现队列 0/20000 [空] | Worker 33忙/3闲(91%)
[2026-08-08 11:27:58] [种子] 🔵 [种子 492/744] changsongyang/free-proxy-list | 配额 3488/4800 03:27UTC | 主队列 38/200 发现队列 0/20000 [空] | Worker 33忙/3闲(91%)
[2026-08-08 11:27:58] [种子] 🔵 [种子 493/744] fenwehome/free-proxy-list | 配额 3488/4800 03:27UTC | 主队列 39/200 发现队列 0/20000 [空] | Worker 33忙/3闲(91%)
[2026-08-08 11:27:58] [种子] 🔵 [种子 494/744] nikita29a/FreeProxyList | 配额 3488/4800 03:27UTC | 主队列 40/200 发现队列 0/20000 [空] | Worker 33忙/3闲(91%)
[2026-08-08 11:27:58] [种子] 🔵 [种子 495/744] Cuarentas/free-proxy-list | 配额 3488/4800 03:27UTC | 主队列 41/200 发现队列 0/20000 [空] | Worker 33忙/3闲(91%)
[2026-08-08 11:27:58] [种子] 🔵 [种子 496/744] gavinhomework/free-proxy-list | 配额 3488/4800 03:27UTC | 主队列 42/200 发现队列 0/20000 [空] | Worker 33忙/3闲(91%)
[2026-08-08 11:27:58] [种子] 🔵 [种子 497/744] joy-deploy/free-proxy-list | 配额 3488/4800 03:27UTC | 主队列 43/200 发现队列 0/20000 [空] | Worker 33忙/3闲(91%)
[2026-08-08 11:27:58] [种子] 🔵 [种子 498/744] worldmarketing02-design/proxy-master-list | 配额 3488/4800 03:27UTC | 主队列 44/200 发现队列 0/20000 [空] | Worker 33忙/3闲(91%)
[2026-08-08 11:27:58] [种子] 🔵 [种子 499/744] cautonwong/free-proxy-sub | 配额 3488/4800 03:27UTC | 主队列 45/200 发现队列 0/20000 [空] | Worker 33忙/3闲(91%)
[2026-08-08 11:27:58] [种子] 🔵 [种子 500/744] F0rc3Run/F0rc3Run | 配额 3488/4800 03:27UTC | 主队列 46/200 发现队列 0/20000 [空] | Worker 33忙/3闲(91%)
[2026-08-08 11:27:58] [种子] 🔵 [种子 501/744] sunmiao4458/free-proxy-airport | 配额 3488/4800 03:27UTC | 主队列 47/200 发现队列 0/20000 [空] | Worker 33忙/3闲(91%)
[2026-08-08 11:27:58] [种子] 🔵 [种子 502/744] Alirewa/V2ray-Configs | 配额 3488/4800 03:27UTC | 主队列 48/200 发现队列 0/20000 [空] | Worker 33忙/3闲(91%)
[2026-08-08 11:27:58] [种子] 🔵 [种子 503/744] iboxz/free-v2ray-collector | 配额 3488/4800 03:27UTC | 主队列 49/200 发现队列 0/20000 [空] | Worker 33忙/3闲(91%)
[2026-08-08 11:27:58] [种子] 🔵 [种子 504/744] lm705/vair | 配额 3488/4800 03:27UTC | 主队列 50/200 发现队列 0/20000 [空] | Worker 33忙/3闲(91%)
[2026-08-08 11:27:58] [种子] 🔵 [种子 505/744] MohammadBahemmat/V2ray-Collector | 配额 3488/4800 03:27UTC | 主队列 51/200 发现队列 0/20000 [空] | Worker 33忙/3闲(91%)
[2026-08-08 11:27:58] [种子] 🔵 [种子 506/744] sasabuzovkin9-lgtm/vpn-vless-configs-russia | 配额 3488/4800 03:27UTC | 主队列 52/200 发现队列 0/20000 [空] | Worker 33忙/3闲(91%)
[2026-08-08 11:27:58] [种子] 🔵 [种子 507/744] Freedom-Guard-Builder/Freedom-Finder | 配额 3488/4800 03:27UTC | 主队列 53/200 发现队列 0/20000 [空] | Worker 33忙/3闲(91%)
[2026-08-08 11:27:58] [种子] 🔵 [种子 508/744] liMilCo/v2r | 配额 3488/4800 03:27UTC | 主队列 54/200 发现队列 0/20000 [空] | Worker 33忙/3闲(91%)
[2026-08-08 11:27:58] [种子] 🔵 [种子 509/744] asgharkapk/Sub-Config-Extractor | 配额 3488/4800 03:27UTC | 主队列 55/200 发现队列 0/20000 [空] | Worker 33忙/3闲(91%)
[2026-08-08 11:27:58] [种子] 🔵 [种子 510/744] kort0881/vpn-vless-configs-russia | 配额 3488/4800 03:27UTC | 主队列 56/200 发现队列 0/20000 [空] | Worker 33忙/3闲(91%)
[2026-08-08 11:27:58] [种子] 🔵 [种子 511/744] ConleyFu/ACL4SSR | 配额 3488/4800 03:27UTC | 主队列 57/200 发现队列 0/20000 [空] | Worker 33忙/3闲(91%)
[2026-08-08 11:27:58] [种子] 🔵 [种子 512/744] PENZA84/v2r | 配额 3488/4800 03:27UTC | 主队列 58/200 发现队列 0/20000 [空] | Worker 33忙/3闲(91%)
[2026-08-08 11:27:58] [种子] 🔵 [种子 513/744] stone6689/ACL4SSR | 配额 3488/4800 03:27UTC | 主队列 59/200 发现队列 0/20000 [空] | Worker 33忙/3闲(91%)
[2026-08-08 11:27:58] [种子] 🔵 [种子 514/744] 10ium/subconverter | 配额 3488/4800 03:27UTC | 主队列 60/200 发现队列 0/20000 [空] | Worker 33忙/3闲(91%)
[2026-08-08 11:27:58] [种子] 🔵 [种子 515/744] lanzm/MetaFetch | 配额 3488/4800 03:27UTC | 主队列 61/200 发现队列 0/20000 [空] | Worker 33忙/3闲(91%)
[2026-08-08 11:27:58] [种子] 🔵 [种子 516/744] huochai67/subconverter-serverless | 配额 3488/4800 03:27UTC | 主队列 62/200 发现队列 0/20000 [空] | Worker 33忙/3闲(91%)
[2026-08-08 11:27:58] [种子] 🔵 [种子 517/744] zhang3li4wang5/subconverter | 配额 3488/4800 03:27UTC | 主队列 63/200 发现队列 0/20000 [空] | Worker 33忙/3闲(91%)
[2026-08-08 11:27:58] [种子] 🔵 [种子 518/744] dingwen07/subconverter | 配额 3488/4800 03:27UTC | 主队列 64/200 发现队列 0/20000 [空] | Worker 33忙/3闲(91%)
[2026-08-08 11:27:58] [种子] 🔵 [种子 519/744] crackbest/V2ray-Config | 配额 3488/4800 03:27UTC | 主队列 65/200 发现队列 0/20000 [空] | Worker 33忙/3闲(91%)
[2026-08-08 11:27:58] [种子] 🔵 [种子 520/744] Mokafela/Co-Killer | 配额 3488/4800 03:27UTC | 主队列 66/200 发现队列 0/20000 [空] | Worker 33忙/3闲(91%)
[2026-08-08 11:27:58] [种子] 🔵 [种子 521/744] 0xRadikal/Free-v2ray-Configs | 配额 3488/4800 03:27UTC | 主队列 67/200 发现队列 0/20000 [空] | Worker 33忙/3闲(91%)
[2026-08-08 11:27:58] [种子] 🔵 [种子 522/744] ebrasha/free-v2ray-public-list | 配额 3488/4800 03:27UTC | 主队列 68/200 发现队列 0/20000 [空] | Worker 33忙/3闲(91%)
[2026-08-08 11:27:58] [种子] 🔵 [种子 523/744] limeihui110/v2ray-speed-sub | 配额 3488/4800 03:27UTC | 主队列 69/200 发现队列 0/20000 [空] | Worker 33忙/3闲(91%)
[2026-08-08 11:27:58] [种子] 🔵 [种子 524/744] Surfboardv2ray/TGParse | 配额 3488/4800 03:27UTC | 主队列 70/200 发现队列 0/20000 [空] | Worker 33忙/3闲(91%)
[2026-08-08 11:27:58] [种子] 🔵 [种子 525/744] ceo1st/v2rayN | 配额 3488/4800 03:27UTC | 主队列 71/200 发现队列 0/20000 [空] | Worker 33忙/3闲(91%)
[2026-08-08 11:27:58] [种子] 🔵 [种子 526/744] qipa/v2rayN | 配额 3488/4800 03:27UTC | 主队列 72/200 发现队列 0/20000 [空] | Worker 33忙/3闲(91%)
[2026-08-08 11:27:58] [种子] 🔵 [种子 527/744] Lzhangwei1/v2rayN | 配额 3488/4800 03:27UTC | 主队列 73/200 发现队列 0/20000 [空] | Worker 33忙/3闲(91%)
[2026-08-08 11:27:58] [种子] 🔵 [种子 528/744] tm0154/v2rayN | 配额 3488/4800 03:27UTC | 主队列 74/200 发现队列 0/20000 [空] | Worker 33忙/3闲(91%)
[2026-08-08 11:27:58] [种子] 🔵 [种子 529/744] yongshuai1013/v2rayNG | 配额 3488/4800 03:27UTC | 主队列 75/200 发现队列 0/20000 [空] | Worker 33忙/3闲(91%)
[2026-08-08 11:27:58] [种子] 🔵 [种子 530/744] lujiaxi2023/v2rayN | 配额 3488/4800 03:27UTC | 主队列 76/200 发现队列 0/20000 [空] | Worker 33忙/3闲(91%)
[2026-08-08 11:27:58] [种子] 🔵 [种子 531/744] LanMoYingShi/v2rayNG | 配额 3488/4800 03:27UTC | 主队列 77/200 发现队列 0/20000 [空] | Worker 33忙/3闲(91%)
[2026-08-08 11:27:58] [种子] 🔵 [种子 532/744] CloudEngineHub/v2rayN | 配额 3488/4800 03:27UTC | 主队列 78/200 发现队列 0/20000 [空] | Worker 33忙/3闲(91%)
[2026-08-08 11:27:58] [种子] 🔵 [种子 533/744] LoveDoLove-Cloud-Projects/v2rayN | 配额 3488/4800 03:27UTC | 主队列 79/200 发现队列 0/20000 [空] | Worker 33忙/3闲(91%)
[2026-08-08 11:27:58] [种子] 🔵 [种子 534/744] cbusifabcap/daily_free_vpn | 配额 3488/4800 03:27UTC | 主队列 80/200 发现队列 0/20000 [空] | Worker 33忙/3闲(91%)
[2026-08-08 11:27:58] [种子] ⏸️  主队列 ≥ 80（80/200），搜索暂停
[2026-08-08 11:27:58] [W-29] [种子仓库] 仓库 https://github.com/Farid-Karimi/Config-Collector (分支: main, size: 353407KB, pushed: 2026-08-08T03:24:45Z)
[2026-08-08 11:27:58] [W-2] [种子仓库] 仓库 https://github.com/awesome-vpn/awesome-vpn (分支: master, size: 3506KB, pushed: 2026-08-08T01:03:56Z)
[2026-08-08 11:27:58] [W-31] [种子仓库] 仓库 https://github.com/rtwo2/FastNodes (分支: main, size: 2132744KB, pushed: 2026-08-08T01:49:14Z)
[2026-08-08 11:27:59] [W-10] [种子仓库] 仓库 https://github.com/Mr-Meshky/vify (分支: main, size: 196955KB, pushed: 2026-08-08T03:21:26Z)
[2026-08-08 11:27:59] [W-24] [种子仓库] 仓库 https://github.com/pog7x/vpn-configs (分支: master, size: 57252KB, pushed: 2026-08-08T01:02:46Z)
[2026-08-08 11:27:59] [W-15] [种子仓库] 仓库 https://github.com/MrAbolfazlNorouzi/iran-configs (分支: main, size: 756278KB, pushed: 2026-08-08T03:26:39Z)
