[2026-08-05 19:06:23] 🚀 程序启动
[2026-08-05 19:06:23] 关键词: 105 个
[2026-08-05 19:06:23] [MainThread] 加载 SHA 缓存 241816 条 (1 分片)
[2026-08-05 19:06:23] [MainThread] 加载已处理仓库缓存 14783 条
[2026-08-05 19:06:23] [MainThread] 🚀 程序启动 | 配额上限 4800/小时
[2026-08-05 19:06:23] [MainThread] 🔵 阶段 1: 种子仓库 (616 个)
[2026-08-05 19:06:23] [种子] 🔵 种子仓库: 616 个 → 队列
[2026-08-05 19:06:23] [种子] 🔵 [种子 1/616] mr-mohamad-mr/multi-proxy-config-fetcher | 配额 4800/4800 11:06UTC | 主队列 1/200 发现队列 0/20000 [空]
[2026-08-05 19:06:23] [W-0] 🔧 开始处理 [种子仓库] mr-mohamad-mr/multi-proxy-config-fetcher
[2026-08-05 19:06:24] [W-0] ⏭️ [种子仓库] 仓库 https://github.com/mr-mohamad-mr/multi-proxy-config-fetcher 已解析，跳过解析（无需追踪）
[2026-08-05 19:06:24] [W-0] ✅ 完成 [种子仓库] mr-mohamad-mr/multi-proxy-config-fetcher | 提取 0 | 新增 0 | 耗时 0s | 配额 4799/4800 11:06UTC | 主队列 0/200 发现队列 0/20000 [空]
[2026-08-05 19:06:24] [种子] 🔵 [种子 2/616] BiHuDeH/multi-proxy-config-fetcher | 配额 4799/4800 11:06UTC | 主队列 1/200 发现队列 0/20000 [空]
[2026-08-05 19:06:24] [种子] 🔵 [种子 3/616] Pawdroid/Free-servers | 配额 4799/4800 11:06UTC | 主队列 2/200 发现队列 0/20000 [空]
[2026-08-05 19:06:25] [种子] 🔵 [种子 4/616] sami4030/multi-proxy-config-fetcher | 配额 4799/4800 11:06UTC | 主队列 3/200 发现队列 0/20000 [空]
[2026-08-05 19:06:25] [种子] 🔵 [种子 5/616] miladkantoori/multi-proxy-config-fetcher | 配额 4799/4800 11:06UTC | 主队列 4/200 发现队列 0/20000 [空]
[2026-08-05 19:06:26] [种子] 🔵 [种子 6/616] Rayan-Config/C-Sub | 配额 4799/4800 11:06UTC | 主队列 5/200 发现队列 0/20000 [空]
[2026-08-05 19:06:26] [种子] 🔵 [种子 7/616] free-nodes/clashfree | 配额 4799/4800 11:06UTC | 主队列 6/200 发现队列 0/20000 [空]
[2026-08-05 19:06:27] [种子] 🔵 [种子 8/616] ninjastrikers/nexus-nodes | 配额 4799/4800 11:06UTC | 主队列 7/200 发现队列 0/20000 [空]
[2026-08-05 19:06:27] [种子] 🔵 [种子 9/616] Airuop/cross | 配额 4799/4800 11:06UTC | 主队列 8/200 发现队列 0/20000 [空]
[2026-08-05 19:06:28] [种子] 🔵 [种子 10/616] SkillfulElectro/V2RayCollector | 配额 4799/4800 11:06UTC | 主队列 9/200 发现队列 0/20000 [空]
[2026-08-05 19:06:28] [W-1] ⏳ 等待任务中...
[2026-08-05 19:06:28] [W-1] 🔧 开始处理 [种子仓库] BiHuDeH/multi-proxy-config-fetcher
[2026-08-05 19:06:28] [W-14] ⏳ 等待任务中...
[2026-08-05 19:06:28] [W-14] 🔧 开始处理 [种子仓库] Pawdroid/Free-servers
[2026-08-05 19:06:28] [W-3] ⏳ 等待任务中...
[2026-08-05 19:06:28] [W-3] 🔧 开始处理 [种子仓库] sami4030/multi-proxy-config-fetcher
[2026-08-05 19:06:28] [W-11] ⏳ 等待任务中...
[2026-08-05 19:06:28] [W-11] 🔧 开始处理 [种子仓库] miladkantoori/multi-proxy-config-fetcher
[2026-08-05 19:06:28] [W-15] ⏳ 等待任务中...
[2026-08-05 19:06:28] [W-15] 🔧 开始处理 [种子仓库] Rayan-Config/C-Sub
[2026-08-05 19:06:28] [W-16] ⏳ 等待任务中...
[2026-08-05 19:06:28] [W-16] 🔧 开始处理 [种子仓库] free-nodes/clashfree
[2026-08-05 19:06:28] [W-2] ⏳ 等待任务中...
[2026-08-05 19:06:28] [W-2] 🔧 开始处理 [种子仓库] ninjastrikers/nexus-nodes
[2026-08-05 19:06:28] [W-23] ⏳ 等待任务中...
[2026-08-05 19:06:28] [W-23] 🔧 开始处理 [种子仓库] Airuop/cross
[2026-08-05 19:06:28] [W-9] ⏳ 等待任务中...
[2026-08-05 19:06:28] [W-9] 🔧 开始处理 [种子仓库] SkillfulElectro/V2RayCollector
[2026-08-05 19:06:28] [W-17] ⏳ 等待任务中...
[2026-08-05 19:06:28] [W-18] ⏳ 等待任务中...
[2026-08-05 19:06:28] [W-19] ⏳ 等待任务中...
[2026-08-05 19:06:28] [种子] 🔵 [种子 11/616] aiboboxx/v2rayfree | 配额 4799/4800 11:06UTC | 主队列 1/200 发现队列 0/20000 [空]
[2026-08-05 19:06:28] [W-20] ⏳ 等待任务中...
[2026-08-05 19:06:28] [W-8] ⏳ 等待任务中...
[2026-08-05 19:06:28] [W-10] ⏳ 等待任务中...
[2026-08-05 19:06:28] [W-12] ⏳ 等待任务中...
[2026-08-05 19:06:28] [W-13] ⏳ 等待任务中...
[2026-08-05 19:06:28] [W-4] ⏳ 等待任务中...
[2026-08-05 19:06:28] [W-6] ⏳ 等待任务中...
[2026-08-05 19:06:28] [W-17] 🔧 开始处理 [种子仓库] aiboboxx/v2rayfree
[2026-08-05 19:06:28] [W-22] ⏳ 等待任务中...
[2026-08-05 19:06:28] [W-7] ⏳ 等待任务中...
[2026-08-05 19:06:28] [W-21] ⏳ 等待任务中...
[2026-08-05 19:06:28] [W-5] ⏳ 等待任务中...
[2026-08-05 19:06:29] [W-0] ⏳ 等待任务中...
[2026-08-05 19:06:29] [W-1] ⏭️ [种子仓库] 仓库 https://github.com/BiHuDeH/multi-proxy-config-fetcher 已解析，跳过解析（无需追踪）
[2026-08-05 19:06:29] [W-1] ✅ 完成 [种子仓库] BiHuDeH/multi-proxy-config-fetcher | 提取 0 | 新增 0 | 耗时 0s | 配额 4798/4800 11:06UTC | 主队列 0/200 发现队列 0/20000 [空]
[2026-08-05 19:06:29] [W-11] ⏭️ [种子仓库] 仓库 https://github.com/miladkantoori/multi-proxy-config-fetcher 已解析，跳过解析（无需追踪）
[2026-08-05 19:06:29] [W-11] ✅ 完成 [种子仓库] miladkantoori/multi-proxy-config-fetcher | 提取 0 | 新增 0 | 耗时 0s | 配额 4797/4800 11:06UTC | 主队列 0/200 发现队列 0/20000 [空]
[2026-08-05 19:06:29] [W-16] [种子仓库] 仓库 https://github.com/free-nodes/clashfree (分支: main, size: 23147KB, pushed: 2026-08-05T11:04:47Z)
[2026-08-05 19:06:29] [W-23] ⏭️ [种子仓库] 仓库 https://github.com/Airuop/cross 已解析，跳过解析（无需追踪）
[2026-08-05 19:06:29] [W-23] ✅ 完成 [种子仓库] Airuop/cross | 提取 0 | 新增 0 | 耗时 0s | 配额 4795/4800 11:06UTC | 主队列 0/200 发现队列 0/20000 [空]
[2026-08-05 19:06:29] [W-14] [种子仓库] 仓库 https://github.com/Pawdroid/Free-servers (分支: main, size: 95KB, pushed: 2026-08-05T11:00:36Z)
[2026-08-05 19:06:29] [W-9] ⏭️ [种子仓库] 仓库 https://github.com/SkillfulElectro/V2RayCollector 已解析，跳过解析（无需追踪）
[2026-08-05 19:06:29] [W-9] ✅ 完成 [种子仓库] SkillfulElectro/V2RayCollector | 提取 0 | 新增 0 | 耗时 0s | 配额 4793/4800 11:06UTC | 主队列 0/200 发现队列 0/20000 [空]
[2026-08-05 19:06:29] [W-15] ⏭️ [种子仓库] 仓库 https://github.com/Rayan-Config/C-Sub 已解析，跳过解析（无需追踪）
[2026-08-05 19:06:29] [W-15] ✅ 完成 [种子仓库] Rayan-Config/C-Sub | 提取 0 | 新增 0 | 耗时 0s | 配额 4792/4800 11:06UTC | 主队列 0/200 发现队列 0/20000 [空]
[2026-08-05 19:06:29] [种子] 🔵 [种子 12/616] pooriaredorg/pooriaredorg | 配额 4792/4800 11:06UTC | 主队列 1/200 发现队列 0/20000 [空]
[2026-08-05 19:06:29] [W-22] 🔧 开始处理 [种子仓库] pooriaredorg/pooriaredorg
[2026-08-05 19:06:29] [W-3] ⏭️ [种子仓库] 仓库 https://github.com/sami4030/multi-proxy-config-fetcher 已解析，跳过解析（无需追踪）
[2026-08-05 19:06:29] [W-3] ✅ 完成 [种子仓库] sami4030/multi-proxy-config-fetcher | 提取 0 | 新增 0 | 耗时 1s | 配额 4791/4800 11:06UTC | 主队列 0/200 发现队列 0/20000 [空]
[2026-08-05 19:06:29] [W-2] ⏭️ [种子仓库] 仓库 https://github.com/ninjastrikers/nexus-nodes 已解析，跳过解析（无需追踪）
[2026-08-05 19:06:29] [W-2] ✅ 完成 [种子仓库] ninjastrikers/nexus-nodes | 提取 0 | 新增 0 | 耗时 1s | 配额 4790/4800 11:06UTC | 主队列 0/200 发现队列 0/20000 [空]
[2026-08-05 19:06:29] [W-17] ⏭️ [种子仓库] 仓库 https://github.com/aiboboxx/v2rayfree 已解析，跳过解析（无需追踪）
[2026-08-05 19:06:29] [W-17] ✅ 完成 [种子仓库] aiboboxx/v2rayfree | 提取 0 | 新增 0 | 耗时 1s | 配额 4789/4800 11:06UTC | 主队列 0/200 发现队列 0/20000 [空]
[2026-08-05 19:06:29] [W-16] 仓库 https://github.com/free-nodes/clashfree 候选文件 2 个
[2026-08-05 19:06:29] [W-14] 仓库 https://github.com/Pawdroid/Free-servers 候选文件 32 个
[2026-08-05 19:06:29] [W-22] ⏭️ [种子仓库] 仓库 https://github.com/pooriaredorg/pooriaredorg 已解析，跳过解析（无需追踪）
[2026-08-05 19:06:29] [W-22] ✅ 完成 [种子仓库] pooriaredorg/pooriaredorg | 提取 0 | 新增 0 | 耗时 0s | 配额 4786/4800 11:06UTC | 主队列 0/200 发现队列 0/20000 [空]
[2026-08-05 19:06:30] [种子] 🔵 [种子 13/616] ssrsub/ssr | 配额 4786/4800 11:06UTC | 主队列 1/200 发现队列 0/20000 [空]
[2026-08-05 19:06:30] [ThreadPoolExecutor-0_5] 🔗 [种子仓库] 发现仓库链接 Pawdroid/shadowrocket_for_android (来源 https://raw.githubusercontent.com/Pawdroid/Free-servers/main/static/README-id.md)
[2026-08-05 19:06:30] [种子] 🔵 [种子 14/616] 10ium/multi-proxy-config-fetcher | 配额 4786/4800 11:06UTC | 主队列 2/200 发现队列 0/20000 [空]
[2026-08-05 19:06:31] [ThreadPoolExecutor-0_2] 🔗 [种子仓库] 发现仓库链接 2dust/v2ray (来源 https://raw.githubusercontent.com/Pawdroid/Free-servers/main/static/README-en.md)
[2026-08-05 19:06:31] [ThreadPoolExecutor-0_1] 🔗 [种子仓库] 发现仓库链接 Cenmrev/V2Ray (来源 https://raw.githubusercontent.com/Pawdroid/Free-servers/main/static/README-ar.md)
[2026-08-05 19:06:31] [ThreadPoolExecutor-0_4] 🔗 [种子仓库] 发现仓库链接 Fndroid/clash_for_windows_pk (来源 https://raw.githubusercontent.com/Pawdroid/Free-servers/main/static/README-de.md)
[2026-08-05 19:06:31] [ThreadPoolExecutor-0_3] 🔗 [种子仓库] 发现仓库链接 Shinlor/V2Ray (来源 https://raw.githubusercontent.com/Pawdroid/Free-servers/main/static/README-ko-KR.md)
[2026-08-05 19:06:31] [ThreadPoolExecutor-0_6] 🔗 [种子仓库] 发现仓库链接 mellow-io/mello (来源 https://raw.githubusercontent.com/Pawdroid/Free-servers/main/README.md)
[2026-08-05 19:06:31] [ThreadPoolExecutor-0_0] 🔗 [种子仓库] 发现仓库链接 Qv2ray/Qv2ray (来源 https://raw.githubusercontent.com/Pawdroid/Free-servers/main/static/README-pt-BR.md)
[2026-08-05 19:06:31] [ThreadPoolExecutor-0_7] 🔗 [种子仓库] 发现仓库链接 Pawdroid/shadowrocket_for_androi (来源 https://raw.githubusercontent.com/Pawdroid/Free-servers/main/static/README-pl.md)
[2026-08-05 19:06:31] [W-16] 🔗 [种子仓库] 发现仓库链接 clashbk/clas (来源 https://raw.githubusercontent.com/free-nodes/clashfree/main/README.md)
[2026-08-05 19:06:33] [种子] 🔵 [种子 15/616] gfpcom/free-proxy-list | 配额 4786/4800 11:06UTC | 主队列 3/200 发现队列 0/20000 [空]
[2026-08-05 19:06:33] repo info (clashbk/clas) 404，跳过
[2026-08-05 19:06:33] [W-16] 🔍 仓库 clashbk/clas 不存在，追踪用户 clashbk
[2026-08-05 19:06:33] [W-16] 👤 [404user1] 遍历用户仓库: clashbk
[2026-08-05 19:06:33] repo info (Pawdroid/shadowrocket_for_androi) 404，跳过
[2026-08-05 19:06:33] [ThreadPoolExecutor-0_7] 🔍 仓库 Pawdroid/shadowrocket_for_androi 不存在，追踪用户 Pawdroid
[2026-08-05 19:06:33] [ThreadPoolExecutor-0_7] 👤 [404user1] 遍历用户仓库: Pawdroid
[2026-08-05 19:06:33] [W-18] 🔧 开始处理 [种子仓库] ssrsub/ssr
[2026-08-05 19:06:33] [W-20] 🔧 开始处理 [种子仓库] 10ium/multi-proxy-config-fetcher
[2026-08-05 19:06:33] [W-19] 🔧 开始处理 [种子仓库] gfpcom/free-proxy-list
[2026-08-05 19:06:33] [W-8] 🔧 开始处理 [种子仓库] ermaozi/get_subscribe
[2026-08-05 19:06:35] repo info (2dust/v2ray) 404，跳过
[2026-08-05 19:06:35] repo info (Cenmrev/V2Ray) 404，跳过[2026-08-05 19:06:35] repo info (mellow-io/mello) 404，跳过
[2026-08-05 19:06:35] repo info (Fndroid/clash_for_windows_pk) 404，跳过[2026-08-05 19:06:35] [ThreadPoolExecutor-0_5] 👤 来源仓库 Pawdroid/shadowrocket_for_android → 追踪用户 Pawdroid

[2026-08-05 19:06:35] [ThreadPoolExecutor-0_5] 👤 [user1] 遍历用户仓库: Pawdroid

[2026-08-05 19:06:35] [ThreadPoolExecutor-0_2] 🔍 仓库 2dust/v2ray 不存在，追踪用户 2dust
[2026-08-05 19:06:35] [ThreadPoolExecutor-0_2] 👤 [404user1] 遍历用户仓库: 2dust
[2026-08-05 19:06:35] [ThreadPoolExecutor-0_1] 🔍 仓库 Cenmrev/V2Ray 不存在，追踪用户 Cenmrev
[2026-08-05 19:06:35] [ThreadPoolExecutor-0_1] 👤 [404user1] 遍历用户仓库: Cenmrev
[2026-08-05 19:06:35] [ThreadPoolExecutor-0_6] 🔍 仓库 mellow-io/mello 不存在，追踪用户 mellow-io
[2026-08-05 19:06:35] [ThreadPoolExecutor-0_6] 👤 [404user1] 遍历用户仓库: mellow-io
[2026-08-05 19:06:35] [ThreadPoolExecutor-0_4] 🔍 仓库 Fndroid/clash_for_windows_pk 不存在，追踪用户 Fndroid
[2026-08-05 19:06:35] [ThreadPoolExecutor-0_4] 👤 [404user1] 遍历用户仓库: Fndroid
[2026-08-05 19:06:37] [种子] 🔵 [种子 16/616] ermaozi/get_subscribe | 配额 4778/4800 11:06UTC | 主队列 0/200 发现队列 0/20000 [空]
[2026-08-05 19:06:37] repo info (Shinlor/V2Ray) 404，跳过
[2026-08-05 19:06:37] [ThreadPoolExecutor-0_0] 👤 来源仓库 Qv2ray/Qv2ray → 追踪用户 Qv2ray
[2026-08-05 19:06:37] [ThreadPoolExecutor-0_0] 👤 [user1] 遍历用户仓库: Qv2ray
[2026-08-05 19:06:37] [ThreadPoolExecutor-0_3] 🔍 仓库 Shinlor/V2Ray 不存在，追踪用户 Shinlor
[2026-08-05 19:06:37] [ThreadPoolExecutor-0_3] 👤 [404user1] 遍历用户仓库: Shinlor
[2026-08-05 19:06:38] [W-12] 🔧 开始处理 [种子仓库] Leon406/SubCrawler
[2026-08-05 19:06:39] [W-19] [种子仓库] 仓库 https://github.com/gfpcom/free-proxy-list (分支: main, size: 37139KB, pushed: 2026-08-05T11:00:55Z)
[2026-08-05 19:06:39] [W-8] ⏭️ [种子仓库] 仓库 https://github.com/ermaozi/get_subscribe 已解析，跳过解析（无需追踪）
[2026-08-05 19:06:39] [W-18] ⏭️ [种子仓库] 仓库 https://github.com/ssrsub/ssr 已解析，跳过解析（无需追踪）
[2026-08-05 19:06:39] [W-20] ⏭️ [种子仓库] 仓库 https://github.com/10ium/multi-proxy-config-fetcher 已解析，跳过解析（无需追踪）
[2026-08-05 19:06:39] [种子] 🔵 [种子 17/616] Leon406/SubCrawler | 配额 4770/4800 11:06UTC | 主队列 0/200 发现队列 0/20000 [空]
[2026-08-05 19:06:40] [W-13] 🔧 开始处理 [种子仓库] Airuop/archive
[2026-08-05 19:06:43] [W-8] ✅ 完成 [种子仓库] ermaozi/get_subscribe | 提取 0 | 新增 0 | 耗时 6s | 配额 4770/4800 11:06UTC | 主队列 0/200 发现队列 0/20000 [空]
[2026-08-05 19:06:43] [W-18] ✅ 完成 [种子仓库] ssrsub/ssr | 提取 0 | 新增 0 | 耗时 6s | 配额 4770/4800 11:06UTC | 主队列 0/200 发现队列 0/20000 [空]
[2026-08-05 19:06:43] [W-20] ✅ 完成 [种子仓库] 10ium/multi-proxy-config-fetcher | 提取 0 | 新增 0 | 耗时 6s | 配额 4770/4800 11:06UTC | 主队列 0/200 发现队列 0/20000 [空]
[2026-08-05 19:06:43] [W-16]   👤 用户仓库: 6 个 → 主队列 0/200 发现队列 6/20000 [[user1]:6]
[2026-08-05 19:06:43] [W-16]   用户 clashbk 共查 6 个仓库
[2026-08-05 19:06:43] [W-16] 🔗 [种子仓库] 发现仓库链接 free-nodes/clashfre (来源 https://raw.githubusercontent.com/free-nodes/clashfree/main/README.md)
[2026-08-05 19:06:43] [W-10] 🔧 开始处理 [user1] clashbk/clash
[2026-08-05 19:06:43] [W-10] ⏭️ [user1] 仓库 https://github.com/clashbk/clash 599h 未更新，跳过解析（无需追踪）
[2026-08-05 19:06:43] [W-6] 🔧 开始处理 [user1] clashbk/Clash_Verge
[2026-08-05 19:06:43] [W-6] ⏭️ [user1] 仓库 https://github.com/clashbk/Clash_Verge 802h 未更新，跳过解析（无需追踪）
[2026-08-05 19:06:43] [W-7] 🔧 开始处理 [user1] clashbk/clash_for_windows
[2026-08-05 19:06:43] [W-7] ⏭️ [user1] 仓库 https://github.com/clashbk/clash_for_windows 802h 未更新，跳过解析（无需追踪）
[2026-08-05 19:06:43] [W-21] 🔧 开始处理 [user1] clashbk/clash_for_android
[2026-08-05 19:06:43] [W-21] ⏭️ [user1] 仓库 https://github.com/clashbk/clash_for_android 802h 未更新，跳过解析（无需追踪）
[2026-08-05 19:06:43] [W-5] 🔧 开始处理 [user1] clashbk/clashx_pro
[2026-08-05 19:06:43] [W-5] ⏭️ [user1] 仓库 https://github.com/clashbk/clashx_pro 802h 未更新，跳过解析（无需追踪）
[2026-08-05 19:06:43] [W-4] 🔧 开始处理 [user1] clashbk/clashx
[2026-08-05 19:06:43] [W-4] ⏭️ [user1] 仓库 https://github.com/clashbk/clashx 802h 未更新，跳过解析（无需追踪）
[2026-08-05 19:06:45] [种子] 🔵 [种子 18/616] Airuop/archive | 配额 4767/4800 11:06UTC | 主队列 0/200 发现队列 0/20000 [空]
[2026-08-05 19:06:45] [W-12] ⏭️ [种子仓库] 仓库 https://github.com/Leon406/SubCrawler 已解析，跳过解析（无需追踪）
[2026-08-05 19:06:45] [W-10] ✅ 完成 [user1] clashbk/clash | 提取 0 | 新增 0 | 耗时 0s | 配额 4763/4800 11:06UTC | 主队列 0/200 发现队列 0/20000 [空]
[2026-08-05 19:06:45] [W-6] ✅ 完成 [user1] clashbk/Clash_Verge | 提取 0 | 新增 0 | 耗时 0s | 配额 4763/4800 11:06UTC | 主队列 0/200 发现队列 0/20000 [空]
[2026-08-05 19:06:45] [W-7] ✅ 完成 [user1] clashbk/clash_for_windows | 提取 0 | 新增 0 | 耗时 0s | 配额 4763/4800 11:06UTC | 主队列 0/200 发现队列 0/20000 [空]
[2026-08-05 19:06:45] [W-21] ✅ 完成 [user1] clashbk/clash_for_android | 提取 0 | 新增 0 | 耗时 0s | 配额 4763/4800 11:06UTC | 主队列 0/200 发现队列 0/20000 [空]
[2026-08-05 19:06:45] [W-5] ✅ 完成 [user1] clashbk/clashx_pro | 提取 0 | 新增 0 | 耗时 0s | 配额 4763/4800 11:06UTC | 主队列 0/200 发现队列 0/20000 [空]
[2026-08-05 19:06:46] [W-10] 🔧 开始处理 [种子仓库] AtenaPV/PL4
[2026-08-05 19:06:47] [W-4] ✅ 完成 [user1] clashbk/clashx | 提取 0 | 新增 0 | 耗时 0s | 配额 4763/4800 11:06UTC | 主队列 0/200 发现队列 0/20000 [空]
[2026-08-05 19:06:47] [ThreadPoolExecutor-0_5]   用户 Pawdroid 共查 0 个仓库
[2026-08-05 19:06:47] [ThreadPoolExecutor-0_5] 🔗 [种子仓库] 发现仓库链接 Kr328/ClashForAndroi (来源 https://raw.githubusercontent.com/Pawdroid/Free-servers/main/static/README-id.md)
[2026-08-05 19:06:47] [ThreadPoolExecutor-0_7]   👤 用户仓库: 15 个 → 主队列 0/200 发现队列 16/20000 [[raw1]:1 [user1]:15]
[2026-08-05 19:06:47] [ThreadPoolExecutor-0_7]   用户 Pawdroid 共查 15 个仓库
[2026-08-05 19:06:47] [ThreadPoolExecutor-0_7] 🔗 [种子仓库] 发现仓库链接 yichengchen/clash (来源 https://raw.githubusercontent.com/Pawdroid/Free-servers/main/static/README-pl.md)
[2026-08-05 19:06:47] [W-6] 🔧 开始处理 [user1] Pawdroid/FoxoVPN
[2026-08-05 19:06:47] [W-6] ⏭️ [user1] 仓库 https://github.com/Pawdroid/FoxoVPN 15521h 未更新，跳过解析（无需追踪）
[2026-08-05 19:06:47] [W-7] 🔧 开始处理 [user1] Pawdroid/Pawdroid
[2026-08-05 19:06:47] [W-7] ⏭️ [user1] 仓库 https://github.com/Pawdroid/Pawdroid 已解析，跳过解析（无需追踪）
[2026-08-05 19:06:47] [W-21] 🔧 开始处理 [user1] Pawdroid/FireballVPN
[2026-08-05 19:06:47] [W-21] ⏭️ [user1] 仓库 https://github.com/Pawdroid/FireballVPN 21120h 未更新，跳过解析（无需追踪）
[2026-08-05 19:06:47] [W-19] 仓库 https://github.com/gfpcom/free-proxy-list 候选文件 1 个
[2026-08-05 19:06:47] [W-9] 🔧 开始处理 [raw1] Pawdroid/shadowrocket_for_android
[2026-08-05 19:06:47] [W-9] ⏭️ [raw1] 仓库 https://github.com/Pawdroid/shadowrocket_for_android 1921h 未更新，跳过解析（无需追踪）
[2026-08-05 19:06:47] [W-3] 🔧 开始处理 [user1] Pawdroid/Pawdoll
[2026-08-05 19:06:47] [W-3] ⏭️ [user1] 仓库 https://github.com/Pawdroid/Pawdoll 9038h 未更新，跳过解析（无需追踪）
[2026-08-05 19:06:47] [W-2] 🔧 开始处理 [user1] Pawdroid/ShadowShare
[2026-08-05 19:06:47] [W-2] ⏭️ [user1] 仓库 https://github.com/Pawdroid/ShadowShare 29226h 未更新，跳过解析（无需追踪）
[2026-08-05 19:06:47] [W-17] 🔧 开始处理 [user1] Pawdroid/shadowrocket_for_windows
[2026-08-05 19:06:47] [W-17] ⏭️ [user1] 仓库 https://github.com/Pawdroid/shadowrocket_for_windows 23548h 未更新，跳过解析（无需追踪）
[2026-08-05 19:06:47] [W-18] 🔧 开始处理 [user1] Pawdroid/LetsGoVPN
[2026-08-05 19:06:47] [W-18] ⏭️ [user1] 仓库 https://github.com/Pawdroid/LetsGoVPN 19626h 未更新，跳过解析（无需追踪）
[2026-08-05 19:06:47] [W-15] 🔧 开始处理 [user1] Pawdroid/static
[2026-08-05 19:06:47] [W-15] ⏭️ [user1] 仓库 https://github.com/Pawdroid/static 17952h 未更新，跳过解析（无需追踪）
[2026-08-05 19:06:47] [W-22] 🔧 开始处理 [user1] Pawdroid/TadpoleVPN
[2026-08-05 19:06:47] [W-22] ⏭️ [user1] 仓库 https://github.com/Pawdroid/TadpoleVPN 21463h 未更新，跳过解析（无需追踪）
[2026-08-05 19:06:47] [W-0] 🔧 开始处理 [user1] Pawdroid/ACL4SSR
[2026-08-05 19:06:47] [W-0] ⏭️ [user1] 仓库 https://github.com/Pawdroid/ACL4SSR 26952h 未更新，跳过解析（无需追踪）
[2026-08-05 19:06:47] [W-20] 🔧 开始处理 [user1] Pawdroid/shell
[2026-08-05 19:06:47] [W-20] ⏭️ [user1] 仓库 https://github.com/Pawdroid/shell 24257h 未更新，跳过解析（无需追踪）
[2026-08-05 19:06:47] [W-11] 🔧 开始处理 [user1] Pawdroid/VPNHelper
[2026-08-05 19:06:47] [W-11] ⏭️ [user1] 仓库 https://github.com/Pawdroid/VPNHelper 28545h 未更新，跳过解析（无需追踪）
[2026-08-05 19:06:47] [W-8] 🔧 开始处理 [user1] Pawdroid/clash_flt_new
[2026-08-05 19:06:47] [W-8] ⏭️ [user1] 仓库 https://github.com/Pawdroid/clash_flt_new 21967h 未更新，跳过解析（无需追踪）
[2026-08-05 19:06:47] [W-1] 🔧 开始处理 [user1] Pawdroid/jsbox-cli
[2026-08-05 19:06:47] [W-1] ⏭️ [user1] 仓库 https://github.com/Pawdroid/jsbox-cli 37442h 未更新，跳过解析（无需追踪）
[2026-08-05 19:06:47] [W-23] 🔧 开始处理 [user1] Pawdroid/minds
[2026-08-05 19:06:47] [W-23] ⏭️ [user1] 仓库 https://github.com/Pawdroid/minds 6938h 未更新，跳过解析（无需追踪）
[2026-08-05 19:06:47] [W-19] 🔗 [种子仓库] 递归发现仓库 wiki/gfpcom (来源 https://raw.githubusercontent.com/gfpcom/free-proxy-list/main/README.md)
[2026-08-05 19:06:49] [W-12] ✅ 完成 [种子仓库] Leon406/SubCrawler | 提取 0 | 新增 0 | 耗时 8s | 配额 4759/4800 11:06UTC | 主队列 0/200 发现队列 0/20000 [空]
[2026-08-05 19:06:49] [ThreadPoolExecutor-0_6]   👤 用户仓库: 10 个 → 主队列 0/200 发现队列 10/20000 [[user1]:10]
[2026-08-05 19:06:49] [ThreadPoolExecutor-0_6]   用户 mellow-io 共查 10 个仓库
[2026-08-05 19:06:49] [ThreadPoolExecutor-0_6] 🔗 [种子仓库] 发现仓库链接 yanue/V2ray (来源 https://raw.githubusercontent.com/Pawdroid/Free-servers/main/README.md)
[2026-08-05 19:06:49] [W-12] 🔧 开始处理 [user1] mellow-io/mellow
[2026-08-05 19:06:49] [W-12] ⏭️ [user1] 仓库 https://github.com/mellow-io/mellow 32005h 未更新，跳过解析（无需追踪）
[2026-08-05 19:06:49] [W-13] ⏭️ [种子仓库] 仓库 https://github.com/Airuop/archive 已解析，跳过解析（无需追踪）
[2026-08-05 19:06:49] [W-5] 🔧 开始处理 [user1] mellow-io/go-tun2socks
[2026-08-05 19:06:49] [W-5] ⏭️ [user1] 仓库 https://github.com/mellow-io/go-tun2socks 52372h 未更新，跳过解析（无需追踪）
[2026-08-05 19:06:49] [种子] 🔵 [种子 19/616] AtenaPV/PL4 | 配额 4757/4800 11:06UTC | 主队列 0/200 发现队列 8/20000 [[user1]:8]
[2026-08-05 19:06:50] [W-4] 🔧 开始处理 [种子仓库] mahdibland/SSAggregator
[2026-08-05 19:06:51] [W-6] ✅ 完成 [user1] Pawdroid/FoxoVPN | 提取 0 | 新增 0 | 耗时 0s | 配额 4757/4800 11:06UTC | 主队列 0/200 发现队列 8/20000 [[user1]:8]
[2026-08-05 19:06:51] [W-6] 🔧 开始处理 [user1] mellow-io/v2ray-core
[2026-08-05 19:06:51] [W-6] ⏭️ [user1] 仓库 https://github.com/mellow-io/v2ray-core 52372h 未更新，跳过解析（无需追踪）
[2026-08-05 19:06:51] [W-7] ✅ 完成 [user1] Pawdroid/Pawdroid | 提取 0 | 新增 0 | 耗时 0s | 配额 4757/4800 11:06UTC | 主队列 0/200 发现队列 7/20000 [[user1]:7]
[2026-08-05 19:06:51] [W-7] 🔧 开始处理 [user1] mellow-io/mellow-core
[2026-08-05 19:06:51] [W-7] ⏭️ [user1] 仓库 https://github.com/mellow-io/mellow-core 55300h 未更新，跳过解析（无需追踪）
[2026-08-05 19:06:51] [W-21] ✅ 完成 [user1] Pawdroid/FireballVPN | 提取 0 | 新增 0 | 耗时 0s | 配额 4757/4800 11:06UTC | 主队列 0/200 发现队列 6/20000 [[user1]:6]
[2026-08-05 19:06:51] [W-21] 🔧 开始处理 [user1] mellow-io/sudo-prompt
[2026-08-05 19:06:51] [W-21] ⏭️ [user1] 仓库 https://github.com/mellow-io/sudo-prompt 59974h 未更新，跳过解析（无需追踪）
[2026-08-05 19:06:51] [W-9] ✅ 完成 [raw1] Pawdroid/shadowrocket_for_android | 提取 0 | 新增 0 | 耗时 0s | 配额 4757/4800 11:06UTC | 主队列 0/200 发现队列 5/20000 [[user1]:5]
[2026-08-05 19:06:51] [W-9] 🔧 开始处理 [user1] mellow-io/xgo
[2026-08-05 19:06:51] [W-9] ⏭️ [user1] 仓库 https://github.com/mellow-io/xgo 52374h 未更新，跳过解析（无需追踪）
[2026-08-05 19:06:51] [W-3] ✅ 完成 [user1] Pawdroid/Pawdoll | 提取 0 | 新增 0 | 耗时 0s | 配额 4757/4800 11:06UTC | 主队列 0/200 发现队列 4/20000 [[user1]:4]
[2026-08-05 19:06:51] [W-3] 🔧 开始处理 [user1] mellow-io/water
[2026-08-05 19:06:51] [W-3] ⏭️ [user1] 仓库 https://github.com/mellow-io/water 53668h 未更新，跳过解析（无需追踪）
[2026-08-05 19:06:51] [W-2] ✅ 完成 [user1] Pawdroid/ShadowShare | 提取 0 | 新增 0 | 耗时 0s | 配额 4757/4800 11:06UTC | 主队列 0/200 发现队列 3/20000 [[user1]:3]
[2026-08-05 19:06:51] [W-2] 🔧 开始处理 [user1] mellow-io/manual
[2026-08-05 19:06:51] [W-2] ⏭️ [user1] 仓库 https://github.com/mellow-io/manual 58564h 未更新，跳过解析（无需追踪）
[2026-08-05 19:06:51] [W-17] ✅ 完成 [user1] Pawdroid/shadowrocket_for_windows | 提取 0 | 新增 0 | 耗时 0s | 配额 4757/4800 11:06UTC | 主队列 0/200 发现队列 2/20000 [[user1]:2]
[2026-08-05 19:06:51] [W-17] 🔧 开始处理 [user1] mellow-io/shadowsocks-libev
[2026-08-05 19:06:51] [W-17] ⏭️ [user1] 仓库 https://github.com/mellow-io/shadowsocks-libev 58908h 未更新，跳过解析（无需追踪）
[2026-08-05 19:06:51] repo info (free-nodes/clashfre) 404，跳过[2026-08-05 19:06:51] [W-18] ✅ 完成 [user1] Pawdroid/LetsGoVPN | 提取 0 | 新增 0 | 耗时 0s | 配额 4757/4800 11:06UTC | 主队列 0/200 发现队列 1/20000 [[user1]:1]

[2026-08-05 19:06:51] [W-18] 🔧 开始处理 [user1] mellow-io/module-alias
[2026-08-05 19:06:51] [W-18] ⏭️ [user1] 仓库 https://github.com/mellow-io/module-alias 59761h 未更新，跳过解析（无需追踪）
[2026-08-05 19:06:51] [W-15] ✅ 完成 [user1] Pawdroid/static | 提取 0 | 新增 0 | 耗时 0s | 配额 4757/4800 11:06UTC | 主队列 0/200 发现队列 0/20000 [空]
[2026-08-05 19:06:51] [W-22] ✅ 完成 [user1] Pawdroid/TadpoleVPN | 提取 0 | 新增 0 | 耗时 0s | 配额 4757/4800 11:06UTC | 主队列 0/200 发现队列 0/20000 [空]
[2026-08-05 19:06:51] [W-0] ✅ 完成 [user1] Pawdroid/ACL4SSR | 提取 0 | 新增 0 | 耗时 0s | 配额 4757/4800 11:06UTC | 主队列 0/200 发现队列 0/20000 [空]
[2026-08-05 19:06:51] [W-20] ✅ 完成 [user1] Pawdroid/shell | 提取 0 | 新增 0 | 耗时 0s | 配额 4757/4800 11:06UTC | 主队列 0/200 发现队列 0/20000 [空]
[2026-08-05 19:06:51] [W-11] ✅ 完成 [user1] Pawdroid/VPNHelper | 提取 0 | 新增 0 | 耗时 0s | 配额 4757/4800 11:06UTC | 主队列 0/200 发现队列 0/20000 [空]
[2026-08-05 19:06:51] [W-8] ✅ 完成 [user1] Pawdroid/clash_flt_new | 提取 0 | 新增 0 | 耗时 0s | 配额 4757/4800 11:06UTC | 主队列 0/200 发现队列 0/20000 [空]
[2026-08-05 19:06:51] [W-1] ✅ 完成 [user1] Pawdroid/jsbox-cli | 提取 0 | 新增 0 | 耗时 0s | 配额 4757/4800 11:06UTC | 主队列 0/200 发现队列 0/20000 [空]
[2026-08-05 19:06:51] [W-23] ✅ 完成 [user1] Pawdroid/minds | 提取 0 | 新增 0 | 耗时 0s | 配额 4757/4800 11:06UTC | 主队列 0/200 发现队列 0/20000 [空]
[2026-08-05 19:06:51] [ThreadPoolExecutor-0_1]   👤 用户仓库: 4 个 → 主队列 0/200 发现队列 4/20000 [[user1]:4]
[2026-08-05 19:06:51] [ThreadPoolExecutor-0_1]   用户 Cenmrev 共查 4 个仓库
[2026-08-05 19:06:51] [ThreadPoolExecutor-0_1] 🔗 [种子仓库] 发现仓库链接 jiangxufeng/v2rayL (来源 https://raw.githubusercontent.com/Pawdroid/Free-servers/main/static/README-ar.md)
[2026-08-05 19:06:51] [W-0] 🔧 开始处理 [user1] Cenmrev/V2RayX
[2026-08-05 19:06:51] [W-0] ⏭️ [user1] 仓库 https://github.com/Cenmrev/V2RayX 29620h 未更新，跳过解析（无需追踪）
[2026-08-05 19:06:51] [W-15] 🔧 开始处理 [user1] Cenmrev/V2RayW
[2026-08-05 19:06:51] [W-15] ⏭️ [user1] 仓库 https://github.com/Cenmrev/V2RayW 32071h 未更新，跳过解析（无需追踪）
[2026-08-05 19:06:51] [W-20] 🔧 开始处理 [user1] Cenmrev/motor-os
[2026-08-05 19:06:51] [W-20] ⏭️ [user1] 仓库 https://github.com/Cenmrev/motor-os 18274h 未更新，跳过解析（无需追踪）
[2026-08-05 19:06:51] [W-22] 🔧 开始处理 [user1] Cenmrev/flatfs
[2026-08-05 19:06:51] [W-22] ⏭️ [user1] 仓库 https://github.com/Cenmrev/flatfs 22449h 未更新，跳过解析（无需追踪）
[2026-08-05 19:06:51] [W-12] ✅ 完成 [user1] mellow-io/mellow | 提取 0 | 新增 0 | 耗时 0s | 配额 4756/4800 11:06UTC | 主队列 0/200 发现队列 0/20000 [空]
[2026-08-05 19:06:51] [W-13] ✅ 完成 [种子仓库] Airuop/archive | 提取 0 | 新增 0 | 耗时 10s | 配额 4756/4800 11:06UTC | 主队列 0/200 发现队列 0/20000 [空]
[2026-08-05 19:06:51] [W-5] ✅ 完成 [user1] mellow-io/go-tun2socks | 提取 0 | 新增 0 | 耗时 0s | 配额 4756/4800 11:06UTC | 主队列 0/200 发现队列 0/20000 [空]
[2026-08-05 19:06:51] [ThreadPoolExecutor-0_4]   👤 用户仓库: 30 个 → 主队列 0/200 发现队列 30/20000 [[user1]:30]
[2026-08-05 19:06:51] [ThreadPoolExecutor-0_4]   用户 Fndroid 共查 30 个仓库
[2026-08-05 19:06:51] [ThreadPoolExecutor-0_4] 🔗 [种子仓库] 发现仓库链接 shadowsocksrr/shadowsocksr-cshar (来源 https://raw.githubusercontent.com/Pawdroid/Free-servers/main/static/README-de.md)
[2026-08-05 19:06:51] [ThreadPoolExecutor-0_3]   👤 用户仓库: 30 个 → 主队列 0/200 发现队列 60/20000 [[user1]:60]
[2026-08-05 19:06:51] [ThreadPoolExecutor-0_3]   用户 Shinlor 共查 30 个仓库
[2026-08-05 19:06:51] [ThreadPoolExecutor-0_3] 🔗 [种子仓库] 发现仓库链接 shadowsocksrr/shadowsocksr-androi (来源 https://raw.githubusercontent.com/Pawdroid/Free-servers/main/static/README-ko-KR.md)
[2026-08-05 19:06:51] [W-11] 🔧 开始处理 [user1] Fndroid/tg_push_bot
[2026-08-05 19:06:51] [W-11] ⏭️ [user1] 仓库 https://github.com/Fndroid/tg_push_bot 69867h 未更新，跳过解析（无需追踪）
[2026-08-05 19:06:51] [W-8] 🔧 开始处理 [user1] Fndroid/yasd
[2026-08-05 19:06:51] [W-8] ⏭️ [user1] 仓库 https://github.com/Fndroid/yasd 1121h 未更新，跳过解析（无需追踪）
[2026-08-05 19:06:51] [W-1] 🔧 开始处理 [user1] Fndroid/telegram-secretary-bot
[2026-08-05 19:06:51] [W-1] ⏭️ [user1] 仓库 https://github.com/Fndroid/telegram-secretary-bot 1516h 未更新，跳过解析（无需追踪）
[2026-08-05 19:06:51] [W-23] 🔧 开始处理 [user1] Fndroid/ads
[2026-08-05 19:06:51] [W-23] ⏭️ [user1] 仓库 https://github.com/Fndroid/ads 1603h 未更新，跳过解析（无需追踪）
[2026-08-05 19:06:51] [W-12] 🔧 开始处理 [user1] Fndroid/shadowsocks-windows
[2026-08-05 19:06:51] [W-12] ⏭️ [user1] 仓库 https://github.com/Fndroid/shadowsocks-windows 68734h 未更新，跳过解析（无需追踪）
[2026-08-05 19:06:51] [W-13] 🔧 开始处理 [user1] Fndroid/outline-client
[2026-08-05 19:06:51] [W-13] ⏭️ [user1] 仓库 https://github.com/Fndroid/outline-client 66132h 未更新，跳过解析（无需追踪）
[2026-08-05 19:06:51] [W-16] 🔍 仓库 free-nodes/clashfre 不存在，追踪用户 free-nodes
[2026-08-05 19:06:51] [W-16] 👤 [404user1] 遍历用户仓库: free-nodes
[2026-08-05 19:06:51] [ThreadPoolExecutor-0_0]   👤 用户仓库: 30 个 → 主队列 0/200 发现队列 84/20000 [[user1]:54 [user2]:30]
[2026-08-05 19:06:51] [ThreadPoolExecutor-0_0]   用户 Qv2ray 共查 30 个仓库
[2026-08-05 19:06:51] [ThreadPoolExecutor-0_0] 🔗 [种子仓库] 发现仓库链接 qinyuhang/ShadowsocksX-NG- (来源 https://raw.githubusercontent.com/Pawdroid/Free-servers/main/static/README-pt-BR.md)
[2026-08-05 19:06:53] [种子] 🔵 [种子 20/616] mahdibland/SSAggregator | 配额 4752/4800 11:06UTC | 主队列 0/200 发现队列 85/20000 [[raw1]:1 [user1]:54 [user2]:30]
[2026-08-05 19:06:54] [W-5] 🔧 开始处理 [种子仓库] AtenaPV/Main-DB
[2026-08-05 19:06:55] [W-6] ✅ 完成 [user1] mellow-io/v2ray-core | 提取 0 | 新增 0 | 耗时 0s | 配额 4752/4800 11:06UTC | 主队列 0/200 发现队列 85/20000 [[raw1]:1 [user1]:54 [user2]:30]
[2026-08-05 19:06:55] [W-6] 🔧 开始处理 [user1] Fndroid/tg_notification_browser
[2026-08-05 19:06:55] [W-6] ⏭️ [user1] 仓库 https://github.com/Fndroid/tg_notification_browser 8498h 未更新，跳过解析（无需追踪）
[2026-08-05 19:06:55] [W-7] ✅ 完成 [user1] mellow-io/mellow-core | 提取 0 | 新增 0 | 耗时 0s | 配额 4752/4800 11:06UTC | 主队列 0/200 发现队列 84/20000 [[raw1]:1 [user1]:53 [user2]:30]
[2026-08-05 19:06:55] [W-7] 🔧 开始处理 [user1] Fndroid/ss-subscribe
[2026-08-05 19:06:55] [W-7] ⏭️ [user1] 仓库 https://github.com/Fndroid/ss-subscribe 73831h 未更新，跳过解析（无需追踪）
[2026-08-05 19:06:55] [W-21] ✅ 完成 [user1] mellow-io/sudo-prompt | 提取 0 | 新增 0 | 耗时 0s | 配额 4752/4800 11:06UTC | 主队列 0/200 发现队列 83/20000 [[raw1]:1 [user1]:52 [user2]:30]
[2026-08-05 19:06:55] [W-21] 🔧 开始处理 [user1] Fndroid/winget-pkgs
[2026-08-05 19:06:55] [W-21] ⏭️ [user1] 仓库 https://github.com/Fndroid/winget-pkgs 24483h 未更新，跳过解析（无需追踪）
[2026-08-05 19:06:55] [W-9] ✅ 完成 [user1] mellow-io/xgo | 提取 0 | 新增 0 | 耗时 0s | 配额 4752/4800 11:06UTC | 主队列 0/200 发现队列 82/20000 [[raw1]:1 [user1]:51 [user2]:30]
[2026-08-05 19:06:55] [W-9] 🔧 开始处理 [user1] Fndroid/api_constructor
[2026-08-05 19:06:55] [W-9] ⏭️ [user1] 仓库 https://github.com/Fndroid/api_constructor 64851h 未更新，跳过解析（无需追踪）
[2026-08-05 19:06:55] [W-3] ✅ 完成 [user1] mellow-io/water | 提取 0 | 新增 0 | 耗时 0s | 配额 4752/4800 11:06UTC | 主队列 0/200 发现队列 81/20000 [[raw1]:1 [user1]:50 [user2]:30]
[2026-08-05 19:06:55] [W-3] 🔧 开始处理 [user1] Fndroid/manual
[2026-08-05 19:06:55] [W-3] ⏭️ [user1] 仓库 https://github.com/Fndroid/manual 主要语言 HTML，跳过
[2026-08-05 19:06:55] repo info (Kr328/ClashForAndroi) 404，跳过[2026-08-05 19:06:55] [W-2] ✅ 完成 [user1] mellow-io/manual | 提取 0 | 新增 0 | 耗时 0s | 配额 4752/4800 11:06UTC | 主队列 0/200 发现队列 80/20000 [[raw1]:1 [user1]:49 [user2]:30][2026-08-05 19:06:55] repo info (yichengchen/clash) 404，跳过
[2026-08-05 19:06:55] repo info (wiki/gfpcom) 404，跳过


[2026-08-05 19:06:55] [W-2] 🔧 开始处理 [user1] Fndroid/network-interface
[2026-08-05 19:06:55] [W-2] ⏭️ [user1] 仓库 https://github.com/Fndroid/network-interface 27746h 未更新，跳过解析（无需追踪）
[2026-08-05 19:06:55] [W-2] ✅ 完成 [user1] Fndroid/network-interface | 提取 0 | 新增 0 | 耗时 0s | 配额 4752/4800 11:06UTC | 主队列 0/200 发现队列 79/20000 [[raw1]:1 [user1]:48 [user2]:30]
[2026-08-05 19:06:55] [W-2] 🔧 开始处理 [user1] Fndroid/AutoNewLine
[2026-08-05 19:06:55] [W-2] ⏭️ [user1] 仓库 https://github.com/Fndroid/AutoNewLine 75528h 未更新，跳过解析（无需追踪）
[2026-08-05 19:06:55] [W-18] ✅ 完成 [user1] mellow-io/module-alias | 提取 0 | 新增 0 | 耗时 0s | 配额 4752/4800 11:06UTC | 主队列 0/200 发现队列 78/20000 [[raw1]:1 [user1]:47 [user2]:30]
[2026-08-05 19:06:55] [W-18] 🔧 开始处理 [user1] Fndroid/Android3DTouchDemo
[2026-08-05 19:06:55] [W-18] ⏭️ [user1] 仓库 https://github.com/Fndroid/Android3DTouchDemo 87482h 未更新，跳过解析（无需追踪）
[2026-08-05 19:06:55] [W-18] ✅ 完成 [user1] Fndroid/Android3DTouchDemo | 提取 0 | 新增 0 | 耗时 0s | 配额 4752/4800 11:06UTC | 主队列 0/200 发现队列 77/20000 [[raw1]:1 [user1]:46 [user2]:30]
[2026-08-05 19:06:55] [W-18] 🔧 开始处理 [user1] Fndroid/jsbox_sublime
[2026-08-05 19:06:55] [W-18] ⏭️ [user1] 仓库 https://github.com/Fndroid/jsbox_sublime 73657h 未更新，跳过解析（无需追踪）
[2026-08-05 19:06:55] [W-15] ✅ 完成 [user1] Cenmrev/V2RayW | 提取 0 | 新增 0 | 耗时 0s | 配额 4752/4800 11:06UTC | 主队列 0/200 发现队列 76/20000 [[raw1]:1 [user1]:45 [user2]:30]
[2026-08-05 19:06:55] [W-15] 🔧 开始处理 [user1] Fndroid/network-helper
[2026-08-05 19:06:55] [W-15] ⏭️ [user1] 仓库 https://github.com/Fndroid/network-helper 46037h 未更新，跳过解析（无需追踪）
[2026-08-05 19:06:55] [W-20] ✅ 完成 [user1] Cenmrev/motor-os | 提取 0 | 新增 0 | 耗时 0s | 配额 4752/4800 11:06UTC | 主队列 0/200 发现队列 75/20000 [[raw1]:1 [user1]:44 [user2]:30]
[2026-08-05 19:06:55] [W-20] 🔧 开始处理 [user1] Fndroid/country_emoji
[2026-08-05 19:06:55] [W-20] ⏭️ [user1] 仓库 https://github.com/Fndroid/country_emoji 59639h 未更新，跳过解析（无需追踪）
[2026-08-05 19:06:55] [W-20] ✅ 完成 [user1] Fndroid/country_emoji | 提取 0 | 新增 0 | 耗时 0s | 配额 4752/4800 11:06UTC | 主队列 0/200 发现队列 74/20000 [[raw1]:1 [user1]:43 [user2]:30]
[2026-08-05 19:06:55] [W-20] 🔧 开始处理 [user1] Fndroid/surge-gen-jsbox
[2026-08-05 19:06:55] [W-20] ⏭️ [user1] 仓库 https://github.com/Fndroid/surge-gen-jsbox 59264h 未更新，跳过解析（无需追踪）
[2026-08-05 19:06:55] [W-11] ✅ 完成 [user1] Fndroid/tg_push_bot | 提取 0 | 新增 0 | 耗时 0s | 配额 4752/4800 11:06UTC | 主队列 0/200 发现队列 73/20000 [[raw1]:1 [user1]:42 [user2]:30]
[2026-08-05 19:06:55] [W-11] 🔧 开始处理 [user1] Fndroid/jsbox_pc_debuger
[2026-08-05 19:06:55] [W-11] ⏭️ [user1] 仓库 https://github.com/Fndroid/jsbox_pc_debuger 69432h 未更新，跳过解析（无需追踪）
[2026-08-05 19:06:55] [W-11] ✅ 完成 [user1] Fndroid/jsbox_pc_debuger | 提取 0 | 新增 0 | 耗时 0s | 配额 4752/4800 11:06UTC | 主队列 0/200 发现队列 72/20000 [[raw1]:1 [user1]:41 [user2]:30]
[2026-08-05 19:06:55] [W-11] 🔧 开始处理 [user1] Fndroid/black-hole-app
[2026-08-05 19:06:55] [W-11] ⏭️ [user1] 仓库 https://github.com/Fndroid/black-hole-app 69865h 未更新，跳过解析（无需追踪）
[2026-08-05 19:06:55] [W-1] ✅ 完成 [user1] Fndroid/telegram-secretary-bot | 提取 0 | 新增 0 | 耗时 0s | 配额 4752/4800 11:06UTC | 主队列 0/200 发现队列 71/20000 [[raw1]:1 [user1]:40 [user2]:30]
[2026-08-05 19:06:55] [W-1] 🔧 开始处理 [user1] Fndroid/vscode-chrome-debug-core
[2026-08-05 19:06:55] [W-1] ⏭️ [user1] 仓库 https://github.com/Fndroid/vscode-chrome-debug-core 69716h 未更新，跳过解析（无需追踪）
[2026-08-05 19:06:55] [W-23] ✅ 完成 [user1] Fndroid/ads | 提取 0 | 新增 0 | 耗时 0s | 配额 4752/4800 11:06UTC | 主队列 0/200 发现队列 70/20000 [[raw1]:1 [user1]:39 [user2]:30]
[2026-08-05 19:06:55] [W-23] 🔧 开始处理 [user1] Fndroid/jsbox-cli-plus
[2026-08-05 19:06:55] [W-23] ⏭️ [user1] 仓库 https://github.com/Fndroid/jsbox-cli-plus 69489h 未更新，跳过解析（无需追踪）
[2026-08-05 19:06:55] [W-12] ✅ 完成 [user1] Fndroid/shadowsocks-windows | 提取 0 | 新增 0 | 耗时 0s | 配额 4752/4800 11:06UTC | 主队列 0/200 发现队列 69/20000 [[raw1]:1 [user1]:38 [user2]:30]
[2026-08-05 19:06:55] [W-12] 🔧 开始处理 [user1] Fndroid/specialReg
[2026-08-05 19:06:55] [W-12] ⏭️ [user1] 仓库 https://github.com/Fndroid/specialReg 69022h 未更新，跳过解析（无需追踪）
[2026-08-05 19:06:55] [W-13] ✅ 完成 [user1] Fndroid/outline-client | 提取 0 | 新增 0 | 耗时 0s | 配额 4752/4800 11:06UTC | 主队列 0/200 发现队列 68/20000 [[raw1]:1 [user1]:37 [user2]:30]
[2026-08-05 19:06:55] [W-13] 🔧 开始处理 [user1] Fndroid/beacon_docs
[2026-08-05 19:06:55] [W-13] ⏭️ [user1] 仓库 https://github.com/Fndroid/beacon_docs 69004h 未更新，跳过解析（无需追踪）
[2026-08-05 19:06:55] [ThreadPoolExecutor-0_2]   👤 用户仓库: 15 个 → 主队列 0/200 发现队列 82/20000 [[raw1]:1 [user1]:51 [user2]:30]
[2026-08-05 19:06:55] [ThreadPoolExecutor-0_2]   用户 2dust 共查 15 个仓库
[2026-08-05 19:06:55] [W-10] ⏭️ [种子仓库] 仓库 https://github.com/AtenaPV/PL4 139h 未更新，跳过解析（无需追踪）
[2026-08-05 19:06:55] [W-19] 🔍 仓库 wiki/gfpcom 不存在，追踪用户 wiki
[2026-08-05 19:06:55] [W-19] 👤 [404user1] 遍历用户仓库: wiki
[2026-08-05 19:06:55] [ThreadPoolExecutor-0_5] 🔍 仓库 Kr328/ClashForAndroi 不存在，追踪用户 Kr328
[2026-08-05 19:06:55] [ThreadPoolExecutor-0_5] 👤 [404user1] 遍历用户仓库: Kr328
[2026-08-05 19:06:55] [ThreadPoolExecutor-0_7] 🔍 仓库 yichengchen/clash 不存在，追踪用户 yichengchen
[2026-08-05 19:06:55] [ThreadPoolExecutor-0_7] 👤 [404user1] 遍历用户仓库: yichengchen
[2026-08-05 19:06:56] [ThreadPoolExecutor-0_2] 🔗 [种子仓库] 发现仓库链接 yichenchen/clash (来源 https://raw.githubusercontent.com/Pawdroid/Free-servers/main/static/README-vi.md)
[2026-08-05 19:06:57] repo info (yanue/V2ray) 404，跳过
[2026-08-05 19:06:57] [种子] 🔵 [种子 21/616] AtenaPV/Main-DB | 配额 4746/4800 11:06UTC | 主队列 0/200 发现队列 82/20000 [[raw1]:1 [user1]:51 [user2]:30]
[2026-08-05 19:06:57] [ThreadPoolExecutor-0_6] 🔍 仓库 yanue/V2ray 不存在，追踪用户 yanue
[2026-08-05 19:06:57] [ThreadPoolExecutor-0_6] 👤 [404user1] 遍历用户仓库: yanue
[2026-08-05 19:06:57] [W-6] ✅ 完成 [user1] Fndroid/tg_notification_browser | 提取 0 | 新增 0 | 耗时 0s | 配额 4746/4800 11:06UTC | 主队列 0/200 发现队列 82/20000 [[raw1]:1 [user1]:51 [user2]:30]
[2026-08-05 19:06:57] [W-6] 🔧 开始处理 [user1] Fndroid/surge2sswin
[2026-08-05 19:06:57] [W-6] ⏭️ [user1] 仓库 https://github.com/Fndroid/surge2sswin 68714h 未更新，跳过解析（无需追踪）
[2026-08-05 19:06:57] [W-7] ✅ 完成 [user1] Fndroid/ss-subscribe | 提取 0 | 新增 0 | 耗时 0s | 配额 4746/4800 11:06UTC | 主队列 0/200 发现队列 81/20000 [[raw1]:1 [user1]:50 [user2]:30]
[2026-08-05 19:06:57] [W-7] 🔧 开始处理 [user1] Fndroid/jsbox_install
[2026-08-05 19:06:57] [W-7] ⏭️ [user1] 仓库 https://github.com/Fndroid/jsbox_install 主要语言 HTML，跳过
[2026-08-05 19:06:57] [W-21] ✅ 完成 [user1] Fndroid/winget-pkgs | 提取 0 | 新增 0 | 耗时 0s | 配额 4746/4800 11:06UTC | 主队列 0/200 发现队列 80/20000 [[raw1]:1 [user1]:49 [user2]:30]
[2026-08-05 19:06:57] [W-21] 🔧 开始处理 [user1] Fndroid/speedtest.net
[2026-08-05 19:06:57] [W-21] ⏭️ [user1] 仓库 https://github.com/Fndroid/speedtest.net 65219h 未更新，跳过解析（无需追踪）
[2026-08-05 19:06:57] [W-21] ✅ 完成 [user1] Fndroid/speedtest.net | 提取 0 | 新增 0 | 耗时 0s | 配额 4746/4800 11:06UTC | 主队列 0/200 发现队列 79/20000 [[raw1]:1 [user1]:48 [user2]:30]
[2026-08-05 19:06:57] [W-21] 🔧 开始处理 [user1] Fndroid/js-win-sys-proxy
[2026-08-05 19:06:57] [W-21] ⏭️ [user1] 仓库 https://github.com/Fndroid/js-win-sys-proxy 64899h 未更新，跳过解析（无需追踪）
[2026-08-05 19:06:57] [W-3] ✅ 完成 [user1] Fndroid/manual | 提取 0 | 新增 0 | 耗时 0s | 配额 4746/4800 11:06UTC | 主队列 0/200 发现队列 78/20000 [[raw1]:1 [user1]:47 [user2]:30]
[2026-08-05 19:06:57] [W-3] 🔧 开始处理 [user1] Fndroid/overture
[2026-08-05 19:06:57] [W-3] ⏭️ [user1] 仓库 https://github.com/Fndroid/overture 63965h 未更新，跳过解析（无需追踪）
[2026-08-05 19:06:57] [W-2] ✅ 完成 [user1] Fndroid/AutoNewLine | 提取 0 | 新增 0 | 耗时 0s | 配额 4746/4800 11:06UTC | 主队列 0/200 发现队列 77/20000 [[raw1]:1 [user1]:46 [user2]:30]
[2026-08-05 19:06:57] [W-2] 🔧 开始处理 [user1] Fndroid/loopback-breaker
[2026-08-05 19:06:57] [W-2] ⏭️ [user1] 仓库 https://github.com/Fndroid/loopback-breaker 62674h 未更新，跳过解析（无需追踪）
[2026-08-05 19:06:57] [W-17] ✅ 完成 [user1] mellow-io/shadowsocks-libev | 提取 0 | 新增 0 | 耗时 0s | 配额 4746/4800 11:06UTC | 主队列 0/200 发现队列 76/20000 [[raw1]:1 [user1]:45 [user2]:30]
[2026-08-05 19:06:57] [W-17] 🔧 开始处理 [user1] Shinlor/ForPersonalUse
[2026-08-05 19:06:57] [W-17] ⏭️ [user1] 仓库 https://github.com/Shinlor/ForPersonalUse 已解析，跳过解析（无需追踪）
[2026-08-05 19:06:57] [W-17] ✅ 完成 [user1] Shinlor/ForPersonalUse | 提取 0 | 新增 0 | 耗时 0s | 配额 4746/4800 11:06UTC | 主队列 0/200 发现队列 75/20000 [[raw1]:1 [user1]:44 [user2]:30]
[2026-08-05 19:06:57] [W-17] 🔧 开始处理 [user1] Shinlor/jq2qmt
[2026-08-05 19:06:57] [W-17] ⏭️ [user1] 仓库 https://github.com/Shinlor/jq2qmt 7399h 未更新，跳过解析（无需追踪）
[2026-08-05 19:06:57] [W-0] ✅ 完成 [user1] Cenmrev/V2RayX | 提取 0 | 新增 0 | 耗时 0s | 配额 4746/4800 11:06UTC | 主队列 0/200 发现队列 74/20000 [[raw1]:1 [user1]:43 [user2]:30]
[2026-08-05 19:06:57] [W-0] 🔧 开始处理 [user1] Shinlor/top-pm-skills
[2026-08-05 19:06:57] [W-0] ⏭️ [user1] 仓库 https://github.com/Shinlor/top-pm-skills 1273h 未更新，跳过解析（无需追踪）
[2026-08-05 19:06:57] [W-15] ✅ 完成 [user1] Fndroid/network-helper | 提取 0 | 新增 0 | 耗时 0s | 配额 4746/4800 11:06UTC | 主队列 0/200 发现队列 73/20000 [[raw1]:1 [user1]:42 [user2]:30]
[2026-08-05 19:06:57] [W-15] 🔧 开始处理 [user1] Shinlor/stock-picker
[2026-08-05 19:06:57] [W-15] ⏭️ [user1] 仓库 https://github.com/Shinlor/stock-picker 1160h 未更新，跳过解析（无需追踪）
[2026-08-05 19:06:57] [W-15] ✅ 完成 [user1] Shinlor/stock-picker | 提取 0 | 新增 0 | 耗时 0s | 配额 4746/4800 11:06UTC | 主队列 0/200 发现队列 72/20000 [[raw1]:1 [user1]:41 [user2]:30]
[2026-08-05 19:06:57] [W-15] 🔧 开始处理 [user1] Shinlor/WowAutoFishing
[2026-08-05 19:06:57] [W-15] ⏭️ [user1] 仓库 https://github.com/Shinlor/WowAutoFishing 86018h 未更新，跳过解析（无需追踪）
[2026-08-05 19:06:57] [W-22] ✅ 完成 [user1] Cenmrev/flatfs | 提取 0 | 新增 0 | 耗时 0s | 配额 4746/4800 11:06UTC | 主队列 0/200 发现队列 71/20000 [[raw1]:1 [user1]:40 [user2]:30]
[2026-08-05 19:06:57] [W-22] 🔧 开始处理 [user1] Shinlor/V2RayS
[2026-08-05 19:06:57] [W-22] ⏭️ [user1] 仓库 https://github.com/Shinlor/V2RayS 71856h 未更新，跳过解析（无需追踪）
[2026-08-05 19:06:57] [W-11] ✅ 完成 [user1] Fndroid/black-hole-app | 提取 0 | 新增 0 | 耗时 0s | 配额 4746/4800 11:06UTC | 主队列 0/200 发现队列 70/20000 [[raw1]:1 [user1]:39 [user2]:30]
[2026-08-05 19:06:57] [W-11] 🔧 开始处理 [user1] Shinlor/WinRoute
[2026-08-05 19:06:57] [W-11] ⏭️ [user1] 仓库 https://github.com/Shinlor/WinRoute 85894h 未更新，跳过解析（无需追踪）
[2026-08-05 19:06:57] [W-8] ✅ 完成 [user1] Fndroid/yasd | 提取 0 | 新增 0 | 耗时 0s | 配额 4746/4800 11:06UTC | 主队列 0/200 发现队列 69/20000 [[raw1]:1 [user1]:38 [user2]:30]
[2026-08-05 19:06:57] [W-8] 🔧 开始处理 [user1] Shinlor/ios_rule_script
[2026-08-05 19:06:57] [W-8] ⏭️ [user1] 仓库 https://github.com/Shinlor/ios_rule_script 4337h 未更新，跳过解析（无需追踪）
[2026-08-05 19:06:57] [W-8] ✅ 完成 [user1] Shinlor/ios_rule_script | 提取 0 | 新增 0 | 耗时 0s | 配额 4746/4800 11:06UTC | 主队列 0/200 发现队列 68/20000 [[raw1]:1 [user1]:37 [user2]:30]
[2026-08-05 19:06:57] [W-8] 🔧 开始处理 [user1] Shinlor/launchk
[2026-08-05 19:06:57] [W-8] ⏭️ [user1] 仓库 https://github.com/Shinlor/launchk 26102h 未更新，跳过解析（无需追踪）
[2026-08-05 19:06:57] [W-23] ✅ 完成 [user1] Fndroid/jsbox-cli-plus | 提取 0 | 新增 0 | 耗时 0s | 配额 4746/4800 11:06UTC | 主队列 0/200 发现队列 67/20000 [[raw1]:1 [user1]:36 [user2]:30]
[2026-08-05 19:06:57] [W-23] 🔧 开始处理 [user1] Shinlor/openwrt-passwall2
[2026-08-05 19:06:57] [W-23] ⏭️ [user1] 仓库 https://github.com/Shinlor/openwrt-passwall2 24291h 未更新，跳过解析（无需追踪）
[2026-08-05 19:06:57] [W-12] ✅ 完成 [user1] Fndroid/specialReg | 提取 0 | 新增 0 | 耗时 0s | 配额 4746/4800 11:06UTC | 主队列 0/200 发现队列 66/20000 [[raw1]:1 [user1]:35 [user2]:30]
[2026-08-05 19:06:57] [W-12] 🔧 开始处理 [user1] Shinlor/winsw
[2026-08-05 19:06:57] [W-12] ⏭️ [user1] 仓库 https://github.com/Shinlor/winsw 19964h 未更新，跳过解析（无需追踪）
[2026-08-05 19:06:57] [W-13] ✅ 完成 [user1] Fndroid/beacon_docs | 提取 0 | 新增 0 | 耗时 0s | 配额 4746/4800 11:06UTC | 主队列 0/200 发现队列 65/20000 [[raw1]:1 [user1]:34 [user2]:30]
[2026-08-05 19:06:57] [W-13] 🔧 开始处理 [user1] Shinlor/UWFPRO
[2026-08-05 19:06:57] [W-13] ⏭️ [user1] 仓库 https://github.com/Shinlor/UWFPRO 14879h 未更新，跳过解析（无需追踪）
[2026-08-05 19:06:57] [W-13] ✅ 完成 [user1] Shinlor/UWFPRO | 提取 0 | 新增 0 | 耗时 0s | 配额 4746/4800 11:06UTC | 主队列 0/200 发现队列 64/20000 [[raw1]:1 [user1]:33 [user2]:30]
[2026-08-05 19:06:57] [W-13] 🔧 开始处理 [user1] Shinlor/luci-app-homeproxy
[2026-08-05 19:06:57] [W-13] ⏭️ [user1] 仓库 https://github.com/Shinlor/luci-app-homeproxy 19726h 未更新，跳过解析（无需追踪）
[2026-08-05 19:06:57] [W-4] ⏭️ [种子仓库] 仓库 https://github.com/mahdibland/SSAggregator 已解析，跳过解析（无需追踪）
[2026-08-05 19:06:59] [W-6] ✅ 完成 [user1] Fndroid/surge2sswin | 提取 0 | 新增 0 | 耗时 0s | 配额 4744/4800 11:06UTC | 主队列 1/200 发现队列 63/20000 [[raw1]:1 [user1]:32 [user2]:30]
[2026-08-05 19:06:59] [W-6] 🔧 开始处理 [user1] Shinlor/OpenClash
[2026-08-05 19:06:59] [W-6] ⏭️ [user1] 仓库 https://github.com/Shinlor/OpenClash 14522h 未更新，跳过解析（无需追踪）
[2026-08-05 19:06:59] [W-7] ✅ 完成 [user1] Fndroid/jsbox_install | 提取 0 | 新增 0 | 耗时 0s | 配额 4744/4800 11:06UTC | 主队列 1/200 发现队列 62/20000 [[raw1]:1 [user1]:31 [user2]:30]
[2026-08-05 19:06:59] [W-7] 🔧 开始处理 [user1] Shinlor/CNRoute
[2026-08-05 19:06:59] [W-7] ⏭️ [user1] 仓库 https://github.com/Shinlor/CNRoute 85878h 未更新，跳过解析（无需追踪）
[2026-08-05 19:06:59] [W-21] ✅ 完成 [user1] Fndroid/js-win-sys-proxy | 提取 0 | 新增 0 | 耗时 0s | 配额 4744/4800 11:06UTC | 主队列 1/200 发现队列 61/20000 [[raw1]:1 [user1]:30 [user2]:30]
[2026-08-05 19:06:59] [W-21] 🔧 开始处理 [user1] Shinlor/nas_tools
[2026-08-05 19:06:59] [W-21] ⏭️ [user1] 仓库 https://github.com/Shinlor/nas_tools 21416h 未更新，跳过解析（无需追踪）
[2026-08-05 19:06:59] [W-9] ✅ 完成 [user1] Fndroid/api_constructor | 提取 0 | 新增 0 | 耗时 0s | 配额 4744/4800 11:06UTC | 主队列 1/200 发现队列 60/20000 [[raw1]:1 [user1]:29 [user2]:30]
[2026-08-05 19:06:59] [W-9] 🔧 开始处理 [user1] Shinlor/naiveproxy
[2026-08-05 19:06:59] [W-9] ⏭️ [user1] 仓库 https://github.com/Shinlor/naiveproxy 24363h 未更新，跳过解析（无需追踪）[2026-08-05 19:06:59] repo info (shadowsocksrr/shadowsocksr-androi) 404，跳过

[2026-08-05 19:06:59] repo info (shadowsocksrr/shadowsocksr-cshar) 404，跳过
[2026-08-05 19:06:59] [W-3] ✅ 完成 [user1] Fndroid/overture | 提取 0 | 新增 0 | 耗时 0s | 配额 4744/4800 11:06UTC | 主队列 1/200 发现队列 59/20000 [[raw1]:1 [user1]:28 [user2]:30]
[2026-08-05 19:06:59] repo info (qinyuhang/ShadowsocksX-NG-) 404，跳过
[2026-08-05 19:06:59] [W-3] 🔧 开始处理 [user1] Shinlor/RWTS-PDFwriter
[2026-08-05 19:06:59] [W-3] ⏭️ [user1] 仓库 https://github.com/Shinlor/RWTS-PDFwriter 30945h 未更新，跳过解析（无需追踪）
[2026-08-05 19:06:59] [W-2] ✅ 完成 [user1] Fndroid/loopback-breaker | 提取 0 | 新增 0 | 耗时 0s | 配额 4744/4800 11:06UTC | 主队列 1/200 发现队列 58/20000 [[raw1]:1 [user1]:27 [user2]:30]
[2026-08-05 19:06:59] [W-2] 🔧 开始处理 [user1] Shinlor/small
[2026-08-05 19:06:59] [W-2] ⏭️ [user1] 仓库 https://github.com/Shinlor/small 24281h 未更新，跳过解析（无需追踪）
[2026-08-05 19:06:59] [W-17] ✅ 完成 [user1] Shinlor/jq2qmt | 提取 0 | 新增 0 | 耗时 0s | 配额 4744/4800 11:06UTC | 主队列 1/200 发现队列 57/20000 [[raw1]:1 [user1]:26 [user2]:30]
[2026-08-05 19:06:59] [W-17] 🔧 开始处理 [user1] Shinlor/openwrt-packages
[2026-08-05 19:06:59] [W-17] ⏭️ [user1] 仓库 https://github.com/Shinlor/openwrt-packages 24281h 未更新，跳过解析（无需追踪）
[2026-08-05 19:06:59] [W-18] ✅ 完成 [user1] Fndroid/jsbox_sublime | 提取 0 | 新增 0 | 耗时 0s | 配额 4744/4800 11:06UTC | 主队列 1/200 发现队列 56/20000 [[raw1]:1 [user1]:25 [user2]:30]
[2026-08-05 19:06:59] [W-18] 🔧 开始处理 [user1] Shinlor/sing-geosite
[2026-08-05 19:06:59] [W-18] ⏭️ [user1] 仓库 https://github.com/Shinlor/sing-geosite 24277h 未更新，跳过解析（无需追踪）
[2026-08-05 19:06:59] [W-0] ✅ 完成 [user1] Shinlor/top-pm-skills | 提取 0 | 新增 0 | 耗时 0s | 配额 4744/4800 11:06UTC | 主队列 1/200 发现队列 55/20000 [[raw1]:1 [user1]:24 [user2]:30]
[2026-08-05 19:06:59] [W-0] 🔧 开始处理 [user1] Shinlor/OpenWrt_x86-r2s-r4s-r5s-N1
[2026-08-05 19:06:59] [W-0] ⏭️ [user1] 仓库 https://github.com/Shinlor/OpenWrt_x86-r2s-r4s-r5s-N1 24371h 未更新，跳过解析（无需追踪）
[2026-08-05 19:06:59] [W-15] ✅ 完成 [user1] Shinlor/WowAutoFishing | 提取 0 | 新增 0 | 耗时 0s | 配额 4744/4800 11:06UTC | 主队列 1/200 发现队列 54/20000 [[raw1]:1 [user1]:23 [user2]:30]
[2026-08-05 19:06:59] [W-15] 🔧 开始处理 [user1] Shinlor/SSRP
[2026-08-05 19:06:59] [W-15] ⏭️ [user1] 仓库 https://github.com/Shinlor/SSRP 24304h 未更新，跳过解析（无需追踪）
[2026-08-05 19:06:59] [W-20] ✅ 完成 [user1] Fndroid/surge-gen-jsbox | 提取 0 | 新增 0 | 耗时 0s | 配额 4744/4800 11:06UTC | 主队列 1/200 发现队列 53/20000 [[raw1]:1 [user1]:22 [user2]:30]
[2026-08-05 19:06:59] [W-20] 🔧 开始处理 [user1] Shinlor/GL.inet-MT3000-installation-plug-in
[2026-08-05 19:06:59] [W-20] ⏭️ [user1] 仓库 https://github.com/Shinlor/GL.inet-MT3000-installation-plug-in 29927h 未更新，跳过解析（无需追踪）
[2026-08-05 19:06:59] [W-22] ✅ 完成 [user1] Shinlor/V2RayS | 提取 0 | 新增 0 | 耗时 0s | 配额 4744/4800 11:06UTC | 主队列 1/200 发现队列 52/20000 [[raw1]:1 [user1]:21 [user2]:30]
[2026-08-05 19:06:59] [W-22] 🔧 开始处理 [user1] Shinlor/ServPane
[2026-08-05 19:06:59] [W-22] ⏭️ [user1] 仓库 https://github.com/Shinlor/ServPane 26564h 未更新，跳过解析（无需追踪）
[2026-08-05 19:06:59] [W-22] ✅ 完成 [user1] Shinlor/ServPane | 提取 0 | 新增 0 | 耗时 0s | 配额 4744/4800 11:06UTC | 主队列 1/200 发现队列 51/20000 [[raw1]:1 [user1]:20 [user2]:30]
[2026-08-05 19:06:59] [W-22] 🔧 开始处理 [user1] Shinlor/service-manager-rs
[2026-08-05 19:06:59] [W-22] ⏭️ [user1] 仓库 https://github.com/Shinlor/service-manager-rs 24509h 未更新，跳过解析（无需追踪）
[2026-08-05 19:06:59] [W-8] ✅ 完成 [user1] Shinlor/launchk | 提取 0 | 新增 0 | 耗时 0s | 配额 4744/4800 11:06UTC | 主队列 1/200 发现队列 50/20000 [[raw1]:1 [user1]:19 [user2]:30]
[2026-08-05 19:06:59] [W-8] 🔧 开始处理 [user1] Shinlor/python-launchd
[2026-08-05 19:06:59] [W-8] ⏭️ [user1] 仓库 https://github.com/Shinlor/python-launchd 24500h 未更新，跳过解析（无需追踪）
[2026-08-05 19:06:59] [W-1] ✅ 完成 [user1] Fndroid/vscode-chrome-debug-core | 提取 0 | 新增 0 | 耗时 0s | 配额 4744/4800 11:06UTC | 主队列 1/200 发现队列 49/20000 [[raw1]:1 [user1]:18 [user2]:30]
[2026-08-05 19:06:59] [W-1] 🔧 开始处理 [user1] Shinlor/service-go
[2026-08-05 19:06:59] [W-1] ⏭️ [user1] 仓库 https://github.com/Shinlor/service-go 87181h 未更新，跳过解析（无需追踪）
[2026-08-05 19:06:59] [W-23] ✅ 完成 [user1] Shinlor/openwrt-passwall2 | 提取 0 | 新增 0 | 耗时 0s | 配额 4744/4800 11:06UTC | 主队列 1/200 发现队列 48/20000 [[raw1]:1 [user1]:17 [user2]:30]
[2026-08-05 19:06:59] [W-23] 🔧 开始处理 [user1] Shinlor/pylaunchd
[2026-08-05 19:06:59] [W-23] ⏭️ [user1] 仓库 https://github.com/Shinlor/pylaunchd 29801h 未更新，跳过解析（无需追踪）
[2026-08-05 19:06:59] [W-23] ✅ 完成 [user1] Shinlor/pylaunchd | 提取 0 | 新增 0 | 耗时 0s | 配额 4744/4800 11:06UTC | 主队列 1/200 发现队列 47/20000 [[raw1]:1 [user1]:16 [user2]:30]
[2026-08-05 19:06:59] [W-23] 🔧 开始处理 [user1] Shinlor/DocumentRepository
[2026-08-05 19:06:59] [W-23] ⏭️ [user1] 仓库 https://github.com/Shinlor/DocumentRepository 24501h 未更新，跳过解析（无需追踪）
[2026-08-05 19:06:59] [W-13] ✅ 完成 [user1] Shinlor/luci-app-homeproxy | 提取 0 | 新增 0 | 耗时 0s | 配额 4744/4800 11:06UTC | 主队列 1/200 发现队列 46/20000 [[raw1]:1 [user1]:15 [user2]:30]
[2026-08-05 19:06:59] [W-13] 🔧 开始处理 [user2] Qv2ray/QvPlugin-Trojan
[2026-08-05 19:06:59] [W-13] ⏭️ [user2] 仓库 https://github.com/Qv2ray/QvPlugin-Trojan 43541h 未更新，跳过解析（无需追踪）
[2026-08-05 19:06:59] [W-10] ✅ 完成 [种子仓库] AtenaPV/PL4 | 提取 0 | 新增 0 | 耗时 10s | 配额 4744/4800 11:06UTC | 主队列 1/200 发现队列 45/20000 [[raw1]:1 [user1]:15 [user2]:29]
[2026-08-05 19:06:59] [W-4] ✅ 完成 [种子仓库] mahdibland/SSAggregator | 提取 0 | 新增 0 | 耗时 8s | 配额 4744/4800 11:06UTC | 主队列 1/200 发现队列 44/20000 [[raw1]:1 [user1]:15 [user2]:28]
[2026-08-05 19:06:59] [W-10] 🔧 开始处理 [user2] Qv2ray/QvPlugin-SS
[2026-08-05 19:06:59] [W-10] ⏭️ [user2] 仓库 https://github.com/Qv2ray/QvPlugin-SS 43541h 未更新，跳过解析（无需追踪）
[2026-08-05 19:06:59] [W-4] 🔧 开始处理 [user2] Qv2ray/QvPlugin-SSR
[2026-08-05 19:06:59] [W-4] ⏭️ [user2] 仓库 https://github.com/Qv2ray/QvPlugin-SSR 43541h 未更新，跳过解析（无需追踪）
[2026-08-05 19:06:59] [ThreadPoolExecutor-0_3] 🔍 仓库 shadowsocksrr/shadowsocksr-androi 不存在，追踪用户 shadowsocksrr
[2026-08-05 19:06:59] [ThreadPoolExecutor-0_3] 👤 [404user1] 遍历用户仓库: shadowsocksrr
[2026-08-05 19:06:59] [ThreadPoolExecutor-0_4] 🔍 仓库 shadowsocksrr/shadowsocksr-cshar 不存在，追踪用户 shadowsocksrr
[2026-08-05 19:06:59] [ThreadPoolExecutor-0_4] 👤 [404user1] 遍历用户仓库: shadowsocksrr
[2026-08-05 19:06:59] [ThreadPoolExecutor-0_1] 👤 来源仓库 jiangxufeng/v2rayL → 追踪用户 jiangxufeng
[2026-08-05 19:06:59] [ThreadPoolExecutor-0_1] 👤 [user1] 遍历用户仓库: jiangxufeng
[2026-08-05 19:06:59] [ThreadPoolExecutor-0_0] 🔍 仓库 qinyuhang/ShadowsocksX-NG- 不存在，追踪用户 qinyuhang
[2026-08-05 19:06:59] [ThreadPoolExecutor-0_0] 👤 [404user1] 遍历用户仓库: qinyuhang
[2026-08-05 19:07:01] [W-5] ⏭️ [种子仓库] 仓库 https://github.com/AtenaPV/Main-DB 139h 未更新，跳过解析（无需追踪）
[2026-08-05 19:07:01] [种子] 🔵 [种子 22/616] LoneKingCode/free-proxy-db | 配额 4738/4800 11:06UTC | 主队列 1/200 发现队列 43/20000 [[raw1]:1 [user1]:15 [user2]:27]
[2026-08-05 19:07:01] [W-6] ✅ 完成 [user1] Shinlor/OpenClash | 提取 0 | 新增 0 | 耗时 0s | 配额 4737/4800 11:06UTC | 主队列 1/200 发现队列 43/20000 [[raw1]:1 [user1]:15 [user2]:27]
[2026-08-05 19:07:01] [W-6] 🔧 开始处理 [user2] Qv2ray/QvPlugin-NaiveProxy
[2026-08-05 19:07:01] [W-6] ⏭️ [user2] 仓库 https://github.com/Qv2ray/QvPlugin-NaiveProxy 43541h 未更新，跳过解析（无需追踪）
[2026-08-05 19:07:01] [W-7] ✅ 完成 [user1] Shinlor/CNRoute | 提取 0 | 新增 0 | 耗时 0s | 配额 4737/4800 11:06UTC | 主队列 1/200 发现队列 42/20000 [[raw1]:1 [user1]:15 [user2]:26]
[2026-08-05 19:07:01] [W-7] 🔧 开始处理 [user2] Qv2ray/v2ray-rust
[2026-08-05 19:07:01] [W-7] ⏭️ [user2] 仓库 https://github.com/Qv2ray/v2ray-rust 20873h 未更新，跳过解析（无需追踪）
[2026-08-05 19:07:01] [W-21] ✅ 完成 [user1] Shinlor/nas_tools | 提取 0 | 新增 0 | 耗时 0s | 配额 4737/4800 11:06UTC | 主队列 1/200 发现队列 41/20000 [[raw1]:1 [user1]:15 [user2]:25]
[2026-08-05 19:07:01] [W-21] 🔧 开始处理 [user2] Qv2ray/QvPlugin-Trojan-Go
[2026-08-05 19:07:01] [W-21] ⏭️ [user2] 仓库 https://github.com/Qv2ray/QvPlugin-Trojan-Go 43541h 未更新，跳过解析（无需追踪）
[2026-08-05 19:07:01] [W-9] ✅ 完成 [user1] Shinlor/naiveproxy | 提取 0 | 新增 0 | 耗时 0s | 配额 4737/4800 11:06UTC | 主队列 1/200 发现队列 40/20000 [[raw1]:1 [user1]:15 [user2]:24]
[2026-08-05 19:07:01] [W-9] 🔧 开始处理 [user2] Qv2ray/mmp-go
[2026-08-05 19:07:01] [W-9] ⏭️ [user2] 仓库 https://github.com/Qv2ray/mmp-go 28414h 未更新，跳过解析（无需追踪）
[2026-08-05 19:07:01] [W-3] ✅ 完成 [user1] Shinlor/RWTS-PDFwriter | 提取 0 | 新增 0 | 耗时 0s | 配额 4737/4800 11:06UTC | 主队列 1/200 发现队列 39/20000 [[raw1]:1 [user1]:15 [user2]:23]
[2026-08-05 19:07:01] [W-3] 🔧 开始处理 [user2] Qv2ray/QvPlugin-Template
[2026-08-05 19:07:01] [W-3] ⏭️ [user2] 仓库 https://github.com/Qv2ray/QvPlugin-Template 49459h 未更新，跳过解析（无需追踪）
[2026-08-05 19:07:01] [W-2] ✅ 完成 [user1] Shinlor/small | 提取 0 | 新增 0 | 耗时 0s | 配额 4737/4800 11:06UTC | 主队列 1/200 发现队列 38/20000 [[raw1]:1 [user1]:15 [user2]:22]
[2026-08-05 19:07:01] [W-2] 🔧 开始处理 [user2] Qv2ray/qv2ray.github.io
[2026-08-05 19:07:01] [W-2] ⏭️ [user2] 仓库 https://github.com/Qv2ray/qv2ray.github.io 29941h 未更新，跳过解析（无需追踪）
[2026-08-05 19:07:01] [W-17] ✅ 完成 [user1] Shinlor/openwrt-packages | 提取 0 | 新增 0 | 耗时 0s | 配额 4737/4800 11:06UTC | 主队列 1/200 发现队列 37/20000 [[raw1]:1 [user1]:15 [user2]:21]
[2026-08-05 19:07:01] [W-17] 🔧 开始处理 [user2] Qv2ray/Deprecation-Notice
[2026-08-05 19:07:01] [W-17] ⏭️ [user2] 仓库 https://github.com/Qv2ray/Deprecation-Notice 43540h 未更新，跳过解析（无需追踪）
[2026-08-05 19:07:01] [W-17] ✅ 完成 [user2] Qv2ray/Deprecation-Notice | 提取 0 | 新增 0 | 耗时 0s | 配额 4737/4800 11:07UTC | 主队列 1/200 发现队列 36/20000 [[raw1]:1 [user1]:15 [user2]:20]
[2026-08-05 19:07:01] [W-17] 🔧 开始处理 [user2] Qv2ray/gun
[2026-08-05 19:07:01] [W-17] ⏭️ [user2] 仓库 https://github.com/Qv2ray/gun 36165h 未更新，跳过解析（无需追踪）
[2026-08-05 19:07:01] [W-0] ✅ 完成 [user1] Shinlor/OpenWrt_x86-r2s-r4s-r5s-N1 | 提取 0 | 新增 0 | 耗时 0s | 配额 4737/4800 11:06UTC | 主队列 1/200 发现队列 35/20000 [[raw1]:1 [user1]:15 [user2]:19]
[2026-08-05 19:07:01] [W-0] 🔧 开始处理 [user2] Qv2ray/QvPlugin-Command
[2026-08-05 19:07:01] [W-0] ⏭️ [user2] 仓库 https://github.com/Qv2ray/QvPlugin-Command 43541h 未更新，跳过解析（无需追踪）
[2026-08-05 19:07:01] [W-15] ✅ 完成 [user1] Shinlor/SSRP | 提取 0 | 新增 0 | 耗时 0s | 配额 4737/4800 11:06UTC | 主队列 1/200 发现队列 34/20000 [[raw1]:1 [user1]:15 [user2]:18]
[2026-08-05 19:07:01] [W-15] 🔧 开始处理 [user2] Qv2ray/mochi
[2026-08-05 19:07:01] [W-15] ⏭️ [user2] 仓库 https://github.com/Qv2ray/mochi 10089h 未更新，跳过解析（无需追踪）
[2026-08-05 19:07:01] [W-15] ✅ 完成 [user2] Qv2ray/mochi | 提取 0 | 新增 0 | 耗时 0s | 配额 4737/4800 11:07UTC | 主队列 1/200 发现队列 33/20000 [[raw1]:1 [user1]:15 [user2]:17]
[2026-08-05 19:07:01] [W-15] 🔧 开始处理 [user2] Qv2ray/shadowboom-paper
[2026-08-05 19:07:01] [W-15] ⚠️ [user2] 仓库 https://github.com/Qv2ray/shadowboom-paper 大小为 0，跳过
[2026-08-05 19:07:01] [W-22] ✅ 完成 [user1] Shinlor/service-manager-rs | 提取 0 | 新增 0 | 耗时 0s | 配额 4737/4800 11:06UTC | 主队列 1/200 发现队列 32/20000 [[raw1]:1 [user1]:15 [user2]:16]
[2026-08-05 19:07:01] [W-22] 🔧 开始处理 [user2] Qv2ray/rc4md5cry
[2026-08-05 19:07:01] [W-22] ⏭️ [user2] 仓库 https://github.com/Qv2ray/rc4md5cry 43798h 未更新，跳过解析（无需追踪）
[2026-08-05 19:07:01] [W-11] ✅ 完成 [user1] Shinlor/WinRoute | 提取 0 | 新增 0 | 耗时 0s | 配额 4737/4800 11:06UTC | 主队列 1/200 发现队列 31/20000 [[raw1]:1 [user1]:15 [user2]:15]
[2026-08-05 19:07:01] [W-11] 🔧 开始处理 [user2] Qv2ray/shadowsocksr-uvw
[2026-08-05 19:07:01] [W-11] ⏭️ [user2] 仓库 https://github.com/Qv2ray/shadowsocksr-uvw 46580h 未更新，跳过解析（无需追踪）
[2026-08-05 19:07:01] [W-8] ✅ 完成 [user1] Shinlor/python-launchd | 提取 0 | 新增 0 | 耗时 0s | 配额 4737/4800 11:06UTC | 主队列 1/200 发现队列 30/20000 [[raw1]:1 [user1]:15 [user2]:14]
[2026-08-05 19:07:01] [W-8] 🔧 开始处理 [user2] Qv2ray/Plugin-Windows-Toolbar
[2026-08-05 19:07:01] [W-8] ⏭️ [user2] 仓库 https://github.com/Qv2ray/Plugin-Windows-Toolbar 57368h 未更新，跳过解析（无需追踪）
[2026-08-05 19:07:01] [W-1] ✅ 完成 [user1] Shinlor/service-go | 提取 0 | 新增 0 | 耗时 0s | 配额 4737/4800 11:06UTC | 主队列 1/200 发现队列 29/20000 [[raw1]:1 [user1]:15 [user2]:13]
[2026-08-05 19:07:01] [W-1] 🔧 开始处理 [user2] Qv2ray/debian
[2026-08-05 19:07:01] [W-1] ⏭️ [user2] 仓库 https://github.com/Qv2ray/debian 28467h 未更新，跳过解析（无需追踪）
[2026-08-05 19:07:01] [W-23] ✅ 完成 [user1] Shinlor/DocumentRepository | 提取 0 | 新增 0 | 耗时 0s | 配额 4737/4800 11:06UTC | 主队列 1/200 发现队列 28/20000 [[raw1]:1 [user1]:15 [user2]:12]
[2026-08-05 19:07:01] [W-23] 🔧 开始处理 [user2] Qv2ray/QNodeEditor
[2026-08-05 19:07:01] [W-23] ⏭️ [user2] 仓库 https://github.com/Qv2ray/QNodeEditor 48717h 未更新，跳过解析（无需追踪）
[2026-08-05 19:07:01] [W-12] ✅ 完成 [user1] Shinlor/winsw | 提取 0 | 新增 0 | 耗时 0s | 配额 4737/4800 11:06UTC | 主队列 1/200 发现队列 27/20000 [[raw1]:1 [user1]:15 [user2]:11]
[2026-08-05 19:07:01] [W-12] 🔧 开始处理 [user2] Qv2ray/debian-dev
[2026-08-05 19:07:01] [W-12] ⏭️ [user2] 仓库 https://github.com/Qv2ray/debian-dev 18515h 未更新，跳过解析（无需追踪）
[2026-08-05 19:07:01] [W-13] ✅ 完成 [user2] Qv2ray/QvPlugin-Trojan | 提取 0 | 新增 0 | 耗时 0s | 配额 4737/4800 11:06UTC | 主队列 1/200 发现队列 26/20000 [[raw1]:1 [user1]:15 [user2]:10]
[2026-08-05 19:07:01] [W-13] 🔧 开始处理 [user2] Qv2ray/mmp-rs
[2026-08-05 19:07:01] [W-13] ⏭️ [user2] 仓库 https://github.com/Qv2ray/mmp-rs 49758h 未更新，跳过解析（无需追踪）
[2026-08-05 19:07:01] [W-13] ✅ 完成 [user2] Qv2ray/mmp-rs | 提取 0 | 新增 0 | 耗时 0s | 配额 4737/4800 11:07UTC | 主队列 1/200 发现队列 25/20000 [[raw1]:1 [user1]:15 [user2]:9]
[2026-08-05 19:07:01] [W-13] 🔧 开始处理 [user2] Qv2ray/gugu-tutorial
[2026-08-05 19:07:01] [W-13] ⏭️ [user2] 仓库 https://github.com/Qv2ray/gugu-tutorial 60766h 未更新，跳过解析（无需追踪）
[2026-08-05 19:07:01] [W-4] ✅ 完成 [user2] Qv2ray/QvPlugin-SSR | 提取 0 | 新增 0 | 耗时 0s | 配额 4737/4800 11:06UTC | 主队列 1/200 发现队列 24/20000 [[raw1]:1 [user1]:15 [user2]:8]
[2026-08-05 19:07:01] [W-4] 🔧 开始处理 [user2] Qv2ray/QvTodoBot
[2026-08-05 19:07:01] [W-4] ⏭️ [user2] 仓库 https://github.com/Qv2ray/QvTodoBot 30586h 未更新，跳过解析（无需追踪）
[2026-08-05 19:07:03] user repos wiki (p1) 404，跳过
[2026-08-05 19:07:03] [W-19]   用户 wiki 共查 0 个仓库
[2026-08-05 19:07:03] repo info (yichenchen/clash) 404，跳过
[2026-08-05 19:07:03] [W-19] 🌱 加入种子: gfpcom/free-proxy-list (+2 节点)
[2026-08-05 19:07:03] [W-16]   👤 用户仓库: 11 个 → 主队列 2/200 发现队列 34/20000 [[raw1]:1 [user1]:26 [user2]:7]
[2026-08-05 19:07:03] [W-16]   用户 free-nodes 共查 11 个仓库
[2026-08-05 19:07:03] [ThreadPoolExecutor-0_2] 🔍 仓库 yichenchen/clash 不存在，追踪用户 yichenchen
[2026-08-05 19:07:03] [ThreadPoolExecutor-0_2] 👤 [404user1] 遍历用户仓库: yichenchen
[2026-08-05 19:07:05] [W-5] ✅ 完成 [种子仓库] AtenaPV/Main-DB | 提取 0 | 新增 0 | 耗时 8s | 配额 4733/4800 11:07UTC | 主队列 2/200 发现队列 34/20000 [[raw1]:1 [user1]:26 [user2]:7]
[2026-08-05 19:07:05] [W-5] 🔧 开始处理 [user2] Qv2ray/backward-cpp
[2026-08-05 19:07:05] [W-5] ⏭️ [user2] 仓库 https://github.com/Qv2ray/backward-cpp 52516h 未更新，跳过解析（无需追踪）
[2026-08-05 19:07:05] [W-6] ✅ 完成 [user2] Qv2ray/QvPlugin-NaiveProxy | 提取 0 | 新增 0 | 耗时 0s | 配额 4733/4800 11:07UTC | 主队列 2/200 发现队列 33/20000 [[raw1]:1 [user1]:26 [user2]:6]
[2026-08-05 19:07:05] [W-6] 🔧 开始处理 [user2] Qv2ray/gun-lite
[2026-08-05 19:07:05] [W-6] ⏭️ [user2] 仓库 https://github.com/Qv2ray/gun-lite 38921h 未更新，跳过解析（无需追踪）
[2026-08-05 19:07:05] [W-7] ✅ 完成 [user2] Qv2ray/v2ray-rust | 提取 0 | 新增 0 | 耗时 0s | 配额 4733/4800 11:07UTC | 主队列 2/200 发现队列 32/20000 [[raw1]:1 [user1]:26 [user2]:5]
[2026-08-05 19:07:05] [W-7] 🔧 开始处理 [user2] Qv2ray/trojan
[2026-08-05 19:07:05] [W-7] ⏭️ [user2] 仓库 https://github.com/Qv2ray/trojan 55185h 未更新，跳过解析（无需追踪）
[2026-08-05 19:07:05] [W-21] ✅ 完成 [user2] Qv2ray/QvPlugin-Trojan-Go | 提取 0 | 新增 0 | 耗时 0s | 配额 4733/4800 11:07UTC | 主队列 2/200 发现队列 31/20000 [[raw1]:1 [user1]:26 [user2]:4]
[2026-08-05 19:07:05] [W-21] 🔧 开始处理 [user2] Qv2ray/shadowsocks-uvw
[2026-08-05 19:07:05] [W-21] ⏭️ [user2] 仓库 https://github.com/Qv2ray/shadowsocks-uvw 46580h 未更新，跳过解析（无需追踪）
[2026-08-05 19:07:05] [W-21] ✅ 完成 [user2] Qv2ray/shadowsocks-uvw | 提取 0 | 新增 0 | 耗时 0s | 配额 4733/4800 11:07UTC | 主队列 2/200 发现队列 30/20000 [[raw1]:1 [user1]:26 [user2]:3]
[2026-08-05 19:07:05] [W-21] 🔧 开始处理 [user2] Qv2ray/QvPlugin-Interface
[2026-08-05 19:07:05] [W-21] ⏭️ [user2] 仓库 https://github.com/Qv2ray/QvPlugin-Interface 35463h 未更新，跳过解析（无需追踪）
[2026-08-05 19:07:05] [W-3] ✅ 完成 [user2] Qv2ray/QvPlugin-Template | 提取 0 | 新增 0 | 耗时 0s | 配额 4733/4800 11:07UTC | 主队列 2/200 发现队列 29/20000 [[raw1]:1 [user1]:26 [user2]:2]
[2026-08-05 19:07:05] [W-3] 🔧 开始处理 [user2] Qv2ray/QJsonStruct
[2026-08-05 19:07:05] [W-3] ⏭️ [user2] 仓库 https://github.com/Qv2ray/QJsonStruct 46316h 未更新，跳过解析（无需追踪）
[2026-08-05 19:07:05] [W-2] ✅ 完成 [user2] Qv2ray/qv2ray.github.io | 提取 0 | 新增 0 | 耗时 0s | 配额 4733/4800 11:07UTC | 主队列 2/200 发现队列 28/20000 [[raw1]:1 [user1]:26 [user2]:1]
[2026-08-05 19:07:05] [W-2] 🔧 开始处理 [user2] Qv2ray/trojan-rs
[2026-08-05 19:07:05] [W-2] ⏭️ [user2] 仓库 https://github.com/Qv2ray/trojan-rs 30796h 未更新，跳过解析（无需追踪）
[2026-08-05 19:07:05] [W-17] ✅ 完成 [user2] Qv2ray/gun | 提取 0 | 新增 0 | 耗时 0s | 配额 4733/4800 11:07UTC | 主队列 2/200 发现队列 27/20000 [[raw1]:1 [user1]:26]
[2026-08-05 19:07:05] [W-17] 🔧 开始处理 [raw1] Qv2ray/Qv2ray
[2026-08-05 19:07:05] [W-17] ⏭️ [raw1] 仓库 https://github.com/Qv2ray/Qv2ray 6763h 未更新，跳过解析（无需追踪）
[2026-08-05 19:07:05] [W-18] ✅ 完成 [user1] Shinlor/sing-geosite | 提取 0 | 新增 0 | 耗时 0s | 配额 4733/4800 11:06UTC | 主队列 2/200 发现队列 26/20000 [[user1]:26]
[2026-08-05 19:07:05] [W-18] 🔧 开始处理 [user1] 2dust/v2rayNG
[2026-08-05 19:07:05] [W-18] ⏭️ [user1] 仓库 https://github.com/2dust/v2rayNG 已解析，跳过解析（无需追踪）
[2026-08-05 19:07:05] [W-0] ✅ 完成 [user2] Qv2ray/QvPlugin-Command | 提取 0 | 新增 0 | 耗时 0s | 配额 4733/4800 11:07UTC | 主队列 2/200 发现队列 25/20000 [[user1]:25]
[2026-08-05 19:07:05] [W-0] 🔧 开始处理 [user1] 2dust/v2rayN
[2026-08-05 19:07:05] [W-0] [user1] 仓库 https://github.com/2dust/v2rayN (分支: master, size: 49217KB, pushed: 2026-08-05T10:48:45Z)
[2026-08-05 19:07:05] [W-15] ✅ 完成 [user2] Qv2ray/shadowboom-paper | 提取 0 | 新增 0 | 耗时 0s | 配额 4733/4800 11:07UTC | 主队列 2/200 发现队列 24/20000 [[user1]:24]
[2026-08-05 19:07:05] [W-15] 🔧 开始处理 [user1] 2dust/v2flyNG
[2026-08-05 19:07:05] [W-15] ⏭️ [user1] 仓库 https://github.com/2dust/v2flyNG 5667h 未更新，跳过解析（无需追踪）
[2026-08-05 19:07:05] [W-20] ✅ 完成 [user1] Shinlor/GL.inet-MT3000-installation-plug-in | 提取 0 | 新增 0 | 耗时 0s | 配额 4733/4800 11:06UTC | 主队列 2/200 发现队列 23/20000 [[user1]:23]
[2026-08-05 19:07:05] [W-20] 🔧 开始处理 [user1] 2dust/v2rayN-core-bin
[2026-08-05 19:07:05] [W-20] ⏭️ [user1] 仓库 https://github.com/2dust/v2rayN-core-bin 已解析，跳过解析（无需追踪）
[2026-08-05 19:07:05] [W-22] ✅ 完成 [user2] Qv2ray/rc4md5cry | 提取 0 | 新增 0 | 耗时 0s | 配额 4733/4800 11:07UTC | 主队列 2/200 发现队列 22/20000 [[user1]:22]
[2026-08-05 19:07:05] [W-22] 🔧 开始处理 [user1] 2dust/AndroidLibV2rayLite
[2026-08-05 19:07:05] [W-22] ⏭️ [user1] 仓库 https://github.com/2dust/AndroidLibV2rayLite 56h 未更新，跳过解析（无需追踪）
[2026-08-05 19:07:05] [W-11] ✅ 完成 [user2] Qv2ray/shadowsocksr-uvw | 提取 0 | 新增 0 | 耗时 0s | 配额 4733/4800 11:07UTC | 主队列 2/200 发现队列 21/20000 [[user1]:21]
[2026-08-05 19:07:05] [W-11] 🔧 开始处理 [user1] 2dust/AndroidLibXrayLite
[2026-08-05 19:07:05] [W-11] ⏭️ [user1] 仓库 https://github.com/2dust/AndroidLibXrayLite 123h 未更新，跳过解析（无需追踪）
[2026-08-05 19:07:05] [W-8] ✅ 完成 [user2] Qv2ray/Plugin-Windows-Toolbar | 提取 0 | 新增 0 | 耗时 0s | 配额 4733/4800 11:07UTC | 主队列 2/200 发现队列 20/20000 [[user1]:20]
[2026-08-05 19:07:05] [W-8] 🔧 开始处理 [user1] 2dust/androidpackagenamelist
[2026-08-05 19:07:05] [W-8] ⏭️ [user1] 仓库 https://github.com/2dust/androidpackagenamelist 19537h 未更新，跳过解析（无需追踪）
[2026-08-05 19:07:05] [W-1] ✅ 完成 [user2] Qv2ray/debian | 提取 0 | 新增 0 | 耗时 0s | 配额 4733/4800 11:07UTC | 主队列 2/200 发现队列 19/20000 [[user1]:19]
[2026-08-05 19:07:05] [W-1] 🔧 开始处理 [user1] 2dust/D-Tools
[2026-08-05 19:07:05] [W-1] ⏭️ [user1] 仓库 https://github.com/2dust/D-Tools 12941h 未更新，跳过解析（无需追踪）
[2026-08-05 19:07:05] [W-23] ✅ 完成 [user2] Qv2ray/QNodeEditor | 提取 0 | 新增 0 | 耗时 0s | 配额 4733/4800 11:07UTC | 主队列 2/200 发现队列 18/20000 [[user1]:18]
[2026-08-05 19:07:05] [W-23] 🔧 开始处理 [user1] 2dust/clashN
[2026-08-05 19:07:05] [W-23] ⏭️ [user1] 仓库 https://github.com/2dust/clashN 18417h 未更新，跳过解析（无需追踪）
[2026-08-05 19:07:05] [W-12] ✅ 完成 [user2] Qv2ray/debian-dev | 提取 0 | 新增 0 | 耗时 0s | 配额 4733/4800 11:07UTC | 主队列 2/200 发现队列 17/20000 [[user1]:17]
[2026-08-05 19:07:05] [W-12] 🔧 开始处理 [user1] 2dust/GlobalHotKeys
[2026-08-05 19:07:05] [W-12] ⏭️ [user1] 仓库 https://github.com/2dust/GlobalHotKeys 723h 未更新，跳过解析（无需追踪）
[2026-08-05 19:07:05] [W-13] ✅ 完成 [user2] Qv2ray/gugu-tutorial | 提取 0 | 新增 0 | 耗时 0s | 配额 4733/4800 11:07UTC | 主队列 2/200 发现队列 16/20000 [[user1]:16]
[2026-08-05 19:07:05] [W-13] 🔧 开始处理 [user1] 2dust/NetBridge
[2026-08-05 19:07:05] [W-13] ⏭️ [user1] 仓库 https://github.com/2dust/NetBridge 1372h 未更新，跳过解析（无需追踪）
[2026-08-05 19:07:05] [W-10] ✅ 完成 [user2] Qv2ray/QvPlugin-SS | 提取 0 | 新增 0 | 耗时 0s | 配额 4733/4800 11:06UTC | 主队列 2/200 发现队列 15/20000 [[user1]:15]
[2026-08-05 19:07:05] [W-10] 🔧 开始处理 [user1] 2dust/ProxyBridge
[2026-08-05 19:07:05] [W-10] ⏭️ [user1] 仓库 https://github.com/2dust/ProxyBridge 1655h 未更新，跳过解析（无需追踪）
[2026-08-05 19:07:05] [W-10] ✅ 完成 [user1] 2dust/ProxyBridge | 提取 0 | 新增 0 | 耗时 0s | 配额 4733/4800 11:07UTC | 主队列 2/200 发现队列 14/20000 [[user1]:14]
[2026-08-05 19:07:05] [W-10] 🔧 开始处理 [user1] 2dust/v2rayCustomRoutingList
[2026-08-05 19:07:05] [W-10] ⏭️ [user1] 仓库 https://github.com/2dust/v2rayCustomRoutingList 11840h 未更新，跳过解析（无需追踪）
[2026-08-05 19:07:06] [种子] 🔵 [种子 23/616] mahdibland/ShadowsocksAggregator | 配额 4732/4800 11:07UTC | 主队列 2/200 发现队列 13/20000 [[user1]:13]
[2026-08-05 19:07:06] [W-19] ✅ 完成 [种子仓库] gfpcom/free-proxy-list | 提取 2 | 新增 2 | 耗时 30s | 配额 4732/4800 11:07UTC | 主队列 2/200 发现队列 13/20000 [[user1]:13]
[2026-08-05 19:07:06] [W-19] 🔧 开始处理 [user1] 2dust/winget-pkgs
[2026-08-05 19:07:06] [W-19] ⏭️ [user1] 仓库 https://github.com/2dust/winget-pkgs 130h 未更新，跳过解析（无需追踪）
[2026-08-05 19:07:06] [W-16] 🌱 加入种子: free-nodes/clashfree (+789 节点)
[2026-08-05 19:07:08] [W-5] ✅ 完成 [user2] Qv2ray/backward-cpp | 提取 0 | 新增 0 | 耗时 0s | 配额 4729/4800 11:07UTC | 主队列 3/200 发现队列 12/20000 [[user1]:12]
[2026-08-05 19:07:08] [W-5] 🔧 开始处理 [user1] 2dust/sing-box-rules
[2026-08-05 19:07:08] [W-5] ⏭️ [user1] 仓库 https://github.com/2dust/sing-box-rules 已解析，跳过解析（无需追踪）
[2026-08-05 19:07:08] [W-6] ✅ 完成 [user2] Qv2ray/gun-lite | 提取 0 | 新增 0 | 耗时 0s | 配额 4729/4800 11:07UTC | 主队列 3/200 发现队列 11/20000 [[user1]:11]
[2026-08-05 19:07:08] [W-6] 🔧 开始处理 [user1] free-nodes/v2rayfree
[2026-08-05 19:07:08] [W-6] ⏭️ [user1] 仓库 https://github.com/free-nodes/v2rayfree 已解析，跳过解析（无需追踪）
[2026-08-05 19:07:08] [W-7] ✅ 完成 [user2] Qv2ray/trojan | 提取 0 | 新增 0 | 耗时 0s | 配额 4729/4800 11:07UTC | 主队列 3/200 发现队列 10/20000 [[user1]:10]
[2026-08-05 19:07:08] [W-7] 🔧 开始处理 [user1] free-nodes/fanqiang
[2026-08-05 19:07:08] [W-7] ⏭️ [user1] 仓库 https://github.com/free-nodes/fanqiang 599h 未更新，跳过解析（无需追踪）
[2026-08-05 19:07:08] [W-21] ✅ 完成 [user2] Qv2ray/QvPlugin-Interface | 提取 0 | 新增 0 | 耗时 0s | 配额 4729/4800 11:07UTC | 主队列 3/200 发现队列 9/20000 [[user1]:9]
[2026-08-05 19:07:08] [W-21] 🔧 开始处理 [user1] free-nodes/v2rayn
[2026-08-05 19:07:08] [W-21] ⏭️ [user1] 仓库 https://github.com/free-nodes/v2rayn 802h 未更新，跳过解析（无需追踪）
[2026-08-05 19:07:08] [W-9] ✅ 完成 [user2] Qv2ray/mmp-go | 提取 0 | 新增 0 | 耗时 0s | 配额 4729/4800 11:07UTC | 主队列 3/200 发现队列 8/20000 [[user1]:8]
[2026-08-05 19:07:08] [W-9] 🔧 开始处理 [user1] free-nodes/vpn
[2026-08-05 19:07:08] [W-9] ⏭️ [user1] 仓库 https://github.com/free-nodes/vpn 802h 未更新，跳过解析（无需追踪）
[2026-08-05 19:07:08] [W-3] ✅ 完成 [user2] Qv2ray/QJsonStruct | 提取 0 | 新增 0 | 耗时 0s | 配额 4729/4800 11:07UTC | 主队列 3/200 发现队列 7/20000 [[user1]:7]
[2026-08-05 19:07:08] [W-3] 🔧 开始处理 [user1] free-nodes/shadowrocket
[2026-08-05 19:07:08] [W-3] ⏭️ [user1] 仓库 https://github.com/free-nodes/shadowrocket 802h 未更新，跳过解析（无需追踪）
[2026-08-05 19:07:08] [W-3] ✅ 完成 [user1] free-nodes/shadowrocket | 提取 0 | 新增 0 | 耗时 0s | 配额 4729/4800 11:07UTC | 主队列 3/200 发现队列 6/20000 [[user1]:6]
[2026-08-05 19:07:08] [W-3] 🔧 开始处理 [user1] free-nodes/wyx2685-XrayR
[2026-08-05 19:07:08] [W-3] ⏭️ [user1] 仓库 https://github.com/free-nodes/wyx2685-XrayR 13582h 未更新，跳过解析（无需追踪）
[2026-08-05 19:07:08] [W-17] ✅ 完成 [raw1] Qv2ray/Qv2ray | 提取 0 | 新增 0 | 耗时 0s | 配额 4729/4800 11:07UTC | 主队列 3/200 发现队列 5/20000 [[user1]:5]
[2026-08-05 19:07:08] [W-17] 🔧 开始处理 [user1] free-nodes/sublink-worker
[2026-08-05 19:07:08] [W-17] ⏭️ [user1] 仓库 https://github.com/free-nodes/sublink-worker 3575h 未更新，跳过解析（无需追踪）
[2026-08-05 19:07:08] [W-18] ✅ 完成 [user1] 2dust/v2rayNG | 提取 0 | 新增 0 | 耗时 0s | 配额 4729/4800 11:07UTC | 主队列 3/200 发现队列 4/20000 [[user1]:4]
[2026-08-05 19:07:08] [W-18] 🔧 开始处理 [user1] free-nodes/warp
[2026-08-05 19:07:08] [W-18] ⚠️ [user1] 仓库 https://github.com/free-nodes/warp 已禁用，跳过
[2026-08-05 19:07:10] [W-15] ✅ 完成 [user1] 2dust/v2flyNG | 提取 0 | 新增 0 | 耗时 0s | 配额 4729/4800 11:07UTC | 主队列 3/200 发现队列 3/20000 [[user1]:3]
[2026-08-05 19:07:10] [W-15] 🔧 开始处理 [user1] free-nodes/JD_Sign_Action
[2026-08-05 19:07:10] [W-15] ⚠️ [user1] 仓库 https://github.com/free-nodes/JD_Sign_Action 已禁用，跳过
[2026-08-05 19:07:10] [W-20] ✅ 完成 [user1] 2dust/v2rayN-core-bin | 提取 0 | 新增 0 | 耗时 0s | 配额 4729/4800 11:07UTC | 主队列 3/200 发现队列 2/20000 [[user1]:2]
[2026-08-05 19:07:10] [W-20] 🔧 开始处理 [user1] free-nodes/freenom
[2026-08-05 19:07:10] [W-20] ⚠️ [user1] 仓库 https://github.com/free-nodes/freenom 已禁用，跳过
[2026-08-05 19:07:10] [W-22] ✅ 完成 [user1] 2dust/AndroidLibV2rayLite | 提取 0 | 新增 0 | 耗时 0s | 配额 4729/4800 11:07UTC | 主队列 3/200 发现队列 1/20000 [[user1]:1]
[2026-08-05 19:07:10] [W-22] 🔧 开始处理 [user1] free-nodes/jd_scripts
[2026-08-05 19:07:10] [W-22] ⚠️ [user1] 仓库 https://github.com/free-nodes/jd_scripts 已禁用，跳过
[2026-08-05 19:07:10] [W-22] ✅ 完成 [user1] free-nodes/jd_scripts | 提取 0 | 新增 0 | 耗时 0s | 配额 4729/4800 11:07UTC | 主队列 3/200 发现队列 0/20000 [空]
[2026-08-05 19:07:10] [W-8] ✅ 完成 [user1] 2dust/androidpackagenamelist | 提取 0 | 新增 0 | 耗时 0s | 配额 4729/4800 11:07UTC | 主队列 3/200 发现队列 0/20000 [空]
[2026-08-05 19:07:10] [W-1] ✅ 完成 [user1] 2dust/D-Tools | 提取 0 | 新增 0 | 耗时 0s | 配额 4729/4800 11:07UTC | 主队列 3/200 发现队列 0/20000 [空]
[2026-08-05 19:07:10] [W-23] ✅ 完成 [user1] 2dust/clashN | 提取 0 | 新增 0 | 耗时 0s | 配额 4729/4800 11:07UTC | 主队列 3/200 发现队列 0/20000 [空]
[2026-08-05 19:07:10] [W-12] ✅ 完成 [user1] 2dust/GlobalHotKeys | 提取 0 | 新增 0 | 耗时 0s | 配额 4729/4800 11:07UTC | 主队列 3/200 发现队列 0/20000 [空]
[2026-08-05 19:07:10] [W-13] ✅ 完成 [user1] 2dust/NetBridge | 提取 0 | 新增 0 | 耗时 0s | 配额 4729/4800 11:07UTC | 主队列 3/200 发现队列 0/20000 [空]
[2026-08-05 19:07:10] [W-10] ✅ 完成 [user1] 2dust/v2rayCustomRoutingList | 提取 0 | 新增 0 | 耗时 0s | 配额 4729/4800 11:07UTC | 主队列 3/200 发现队列 0/20000 [空]
[2026-08-05 19:07:10] [W-4] ✅ 完成 [user2] Qv2ray/QvTodoBot | 提取 0 | 新增 0 | 耗时 0s | 配额 4729/4800 11:07UTC | 主队列 3/200 发现队列 0/20000 [空]
[2026-08-05 19:07:10] [ThreadPoolExecutor-0_7]   👤 用户仓库: 22 个 → 主队列 3/200 发现队列 22/20000 [[user1]:22]
[2026-08-05 19:07:10] [ThreadPoolExecutor-0_7]   用户 yichengchen 共查 22 个仓库
[2026-08-05 19:07:10] [W-13] 🔧 开始处理 [user1] yichengchen/ATV-Bilibili-demo
[2026-08-05 19:07:10] [W-13] ⏭️ [user1] 仓库 https://github.com/yichengchen/ATV-Bilibili-demo 118h 未更新，跳过解析（无需追踪）
[2026-08-05 19:07:10] [W-12] 🔧 开始处理 [user1] yichengchen/traefik-safeline
[2026-08-05 19:07:10] [W-12] ⏭️ [user1] 仓库 https://github.com/yichengchen/traefik-safeline 1474h 未更新，跳过解析（无需追踪）
[2026-08-05 19:07:10] [W-10] 🔧 开始处理 [user1] yichengchen/fzuhelper-app
[2026-08-05 19:07:10] [W-10] ⏭️ [user1] 仓库 https://github.com/yichengchen/fzuhelper-app 3238h 未更新，跳过解析（无需追踪）
[2026-08-05 19:07:10] [W-22] 🔧 开始处理 [user1] yichengchen/ios-app-signer
[2026-08-05 19:07:10] [W-22] ⏭️ [user1] 仓库 https://github.com/yichengchen/ios-app-signer 8122h 未更新，跳过解析（无需追踪）
[2026-08-05 19:07:10] [W-8] 🔧 开始处理 [user1] yichengchen/Safari-Search-Customizer
[2026-08-05 19:07:10] [W-8] ⏭️ [user1] 仓库 https://github.com/yichengchen/Safari-Search-Customizer 7221h 未更新，跳过解析（无需追踪）
[2026-08-05 19:07:10] [W-4] 🔧 开始处理 [user1] yichengchen/NEKit
[2026-08-05 19:07:10] [W-4] ⏭️ [user1] 仓库 https://github.com/yichengchen/NEKit 77407h 未更新，跳过解析（无需追踪）
[2026-08-05 19:07:10] [W-1] 🔧 开始处理 [user1] yichengchen/moonlight-ios
[2026-08-05 19:07:10] [W-1] ⏭️ [user1] 仓库 https://github.com/yichengchen/moonlight-ios 19725h 未更新，跳过解析（无需追踪）
[2026-08-05 19:07:10] [W-23] 🔧 开始处理 [user1] yichengchen/IPAPatch
[2026-08-05 19:07:10] [W-23] ⏭️ [user1] 仓库 https://github.com/yichengchen/IPAPatch 77640h 未更新，跳过解析（无需追踪）
[2026-08-05 19:07:10] [W-19] ✅ 完成 [user1] 2dust/winget-pkgs | 提取 0 | 新增 0 | 耗时 0s | 配额 4728/4800 11:07UTC | 主队列 3/200 发现队列 14/20000 [[user1]:14]
[2026-08-05 19:07:10] [W-19] 🔧 开始处理 [user1] yichengchen/InstaFilters
[2026-08-05 19:07:10] [W-19] ⏭️ [user1] 仓库 https://github.com/yichengchen/InstaFilters 93796h 未更新，跳过解析（无需追踪）
[2026-08-05 19:07:10] [ThreadPoolExecutor-0_5]   👤 用户仓库: 30 个 → 主队列 3/200 发现队列 43/20000 [[user1]:43]
[2026-08-05 19:07:10] [ThreadPoolExecutor-0_5]   用户 Kr328 共查 30 个仓库
[2026-08-05 19:07:10] [W-16] ✅ 完成 [种子仓库] free-nodes/clashfree | 提取 1654 | 新增 789 | 耗时 38s | 配额 4727/4800 11:07UTC | 主队列 3/200 发现队列 43/20000 [[user1]:43]
[2026-08-05 19:07:10] [W-16] 🔧 开始处理 [user1] yichengchen/homebrew-cask
[2026-08-05 19:07:10] [W-16] ⏭️ [user1] 仓库 https://github.com/yichengchen/homebrew-cask 24148h 未更新，跳过解析（无需追踪）
[2026-08-05 19:07:10] [种子] 🔵 [种子 24/616] AtenaPV/Sub-Sync | 配额 4727/4800 11:07UTC | 主队列 3/200 发现队列 42/20000 [[user1]:42]
[2026-08-05 19:07:10] [W-5] ✅ 完成 [user1] 2dust/sing-box-rules | 提取 0 | 新增 0 | 耗时 0s | 配额 4727/4800 11:07UTC | 主队列 3/200 发现队列 42/20000 [[user1]:42]
[2026-08-05 19:07:10] [W-5] 🔧 开始处理 [user1] yichengchen/hass-xiaomi-miot
[2026-08-05 19:07:10] [W-5] ⏭️ [user1] 仓库 https://github.com/yichengchen/hass-xiaomi-miot 23716h 未更新，跳过解析（无需追踪）
[2026-08-05 19:07:10] [W-6] ✅ 完成 [user1] free-nodes/v2rayfree | 提取 0 | 新增 0 | 耗时 0s | 配额 4727/4800 11:07UTC | 主队列 3/200 发现队列 41/20000 [[user1]:41]
[2026-08-05 19:07:10] [W-6] 🔧 开始处理 [user1] yichengchen/go-usbmuxd
[2026-08-05 19:07:10] [W-6] ⏭️ [user1] 仓库 https://github.com/yichengchen/go-usbmuxd 62500h 未更新，跳过解析（无需追踪）
[2026-08-05 19:07:10] [W-6] ✅ 完成 [user1] yichengchen/go-usbmuxd | 提取 0 | 新增 0 | 耗时 0s | 配额 4727/4800 11:07UTC | 主队列 3/200 发现队列 40/20000 [[user1]:40]
[2026-08-05 19:07:10] [W-6] 🔧 开始处理 [user1] yichengchen/CrashTranslation
[2026-08-05 19:07:10] [W-6] ⏭️ [user1] 仓库 https://github.com/yichengchen/CrashTranslation 41065h 未更新，跳过解析（无需追踪）
[2026-08-05 19:07:10] [W-21] ✅ 完成 [user1] free-nodes/v2rayn | 提取 0 | 新增 0 | 耗时 0s | 配额 4727/4800 11:07UTC | 主队列 3/200 发现队列 39/20000 [[user1]:39]
[2026-08-05 19:07:10] [W-21] 🔧 开始处理 [user1] yichengchen/caddy_httpAbortListener
[2026-08-05 19:07:10] [W-21] ⏭️ [user1] 仓库 https://github.com/yichengchen/caddy_httpAbortListener 13973h 未更新，跳过解析（无需追踪）
[2026-08-05 19:07:10] [W-9] ✅ 完成 [user1] free-nodes/vpn | 提取 0 | 新增 0 | 耗时 0s | 配额 4727/4800 11:07UTC | 主队列 3/200 发现队列 38/20000 [[user1]:38]
[2026-08-05 19:07:10] [W-9] 🔧 开始处理 [user1] yichengchen/Potatso-iOS
[2026-08-05 19:07:10] [W-9] ⚠️ [user1] 仓库 https://github.com/yichengchen/Potatso-iOS 大小为 0，跳过
[2026-08-05 19:07:10] [W-9] ✅ 完成 [user1] yichengchen/Potatso-iOS | 提取 0 | 新增 0 | 耗时 0s | 配额 4727/4800 11:07UTC | 主队列 3/200 发现队列 37/20000 [[user1]:37]
[2026-08-05 19:07:10] [W-9] 🔧 开始处理 [user1] yichengchen/SDWebimageBlinkBug
[2026-08-05 19:07:10] [W-9] ⏭️ [user1] 仓库 https://github.com/yichengchen/SDWebimageBlinkBug 76496h 未更新，跳过解析（无需追踪）
[2026-08-05 19:07:10] [W-2] ✅ 完成 [user2] Qv2ray/trojan-rs | 提取 0 | 新增 0 | 耗时 0s | 配额 4727/4800 11:07UTC | 主队列 3/200 发现队列 36/20000 [[user1]:36]
[2026-08-05 19:07:10] [W-2] 🔧 开始处理 [user1] yichengchen/wenda-helper
[2026-08-05 19:07:10] [W-2] ⏭️ [user1] 仓库 https://github.com/yichengchen/wenda-helper 75083h 未更新，跳过解析（无需追踪）
[2026-08-05 19:07:10] [W-17] ✅ 完成 [user1] free-nodes/sublink-worker | 提取 0 | 新增 0 | 耗时 0s | 配额 4727/4800 11:07UTC | 主队列 3/200 发现队列 35/20000 [[user1]:35]
[2026-08-05 19:07:10] [W-17] 🔧 开始处理 [user1] yichengchen/peertalk
[2026-08-05 19:07:10] [W-17] ⏭️ [user1] 仓库 https://github.com/yichengchen/peertalk 68108h 未更新，跳过解析（无需追踪）
[2026-08-05 19:07:10] [W-17] ✅ 完成 [user1] yichengchen/peertalk | 提取 0 | 新增 0 | 耗时 0s | 配额 4727/4800 11:07UTC | 主队列 3/200 发现队列 34/20000 [[user1]:34]
[2026-08-05 19:07:10] [W-17] 🔧 开始处理 [user1] yichengchen/WeChatPlugin-MacOS
[2026-08-05 19:07:10] [W-17] ⏭️ [user1] 仓库 https://github.com/yichengchen/WeChatPlugin-MacOS 63886h 未更新，跳过解析（无需追踪）
[2026-08-05 19:07:10] [ThreadPoolExecutor-0_6]   👤 用户仓库: 14 个 → 主队列 3/200 发现队列 47/20000 [[user1]:47]
[2026-08-05 19:07:10] [ThreadPoolExecutor-0_6]   用户 yanue 共查 14 个仓库
[2026-08-05 19:07:10] [ThreadPoolExecutor-0_2]   用户 yichenchen 共查 0 个仓库
[2026-08-05 19:07:10] [W-15] ✅ 完成 [user1] free-nodes/JD_Sign_Action | 提取 0 | 新增 0 | 耗时 0s | 配额 4725/4800 11:07UTC | 主队列 3/200 发现队列 47/20000 [[user1]:47]
[2026-08-05 19:07:10] [W-15] 🔧 开始处理 [user1] yichengchen/XCTestHTMLReport
[2026-08-05 19:07:10] [W-15] ⏭️ [user1] 仓库 https://github.com/yichengchen/XCTestHTMLReport 45688h 未更新，跳过解析（无需追踪）
[2026-08-05 19:07:10] [W-20] ✅ 完成 [user1] free-nodes/freenom | 提取 0 | 新增 0 | 耗时 0s | 配额 4725/4800 11:07UTC | 主队列 3/200 发现队列 46/20000 [[user1]:46]
[2026-08-05 19:07:10] [W-20] 🔧 开始处理 [user1] yichengchen/swifter
[2026-08-05 19:07:10] [W-20] ⏭️ [user1] 仓库 https://github.com/yichengchen/swifter 32371h 未更新，跳过解析（无需追踪）
[2026-08-05 19:07:10] [W-11] ✅ 完成 [user1] 2dust/AndroidLibXrayLite | 提取 0 | 新增 0 | 耗时 0s | 配额 4725/4800 11:07UTC | 主队列 3/200 发现队列 45/20000 [[user1]:45]
[2026-08-05 19:07:10] [W-11] 🔧 开始处理 [user1] yichengchen/openssl_for_android
[2026-08-05 19:07:10] [W-11] ⏭️ [user1] 仓库 https://github.com/yichengchen/openssl_for_android 22851h 未更新，跳过解析（无需追踪）
[2026-08-05 19:07:10] [W-13] ✅ 完成 [user1] yichengchen/ATV-Bilibili-demo | 提取 0 | 新增 0 | 耗时 0s | 配额 4725/4800 11:07UTC | 主队列 3/200 发现队列 44/20000 [[user1]:44]
[2026-08-05 19:07:10] [W-13] 🔧 开始处理 [user1] Kr328/SysProxy
[2026-08-05 19:07:10] [W-13] ⏭️ [user1] 仓库 https://github.com/Kr328/SysProxy 3524h 未更新，跳过解析（无需追踪）
[2026-08-05 19:07:10] [W-13] ✅ 完成 [user1] Kr328/SysProxy | 提取 0 | 新增 0 | 耗时 0s | 配额 4725/4800 11:07UTC | 主队列 3/200 发现队列 43/20000 [[user1]:43]
[2026-08-05 19:07:10] [W-13] 🔧 开始处理 [user1] Kr328/uu-plugin-docker
[2026-08-05 19:07:10] [W-13] ⏭️ [user1] 仓库 https://github.com/Kr328/uu-plugin-docker 16677h 未更新，跳过解析（无需追踪）
[2026-08-05 19:07:10] [W-10] ✅ 完成 [user1] yichengchen/fzuhelper-app | 提取 0 | 新增 0 | 耗时 0s | 配额 4725/4800 11:07UTC | 主队列 3/200 发现队列 42/20000 [[user1]:42]
[2026-08-05 19:07:10] [W-10] 🔧 开始处理 [user1] Kr328/Riru-IFWEnhance
[2026-08-05 19:07:10] [W-10] ⏭️ [user1] 仓库 https://github.com/Kr328/Riru-IFWEnhance 24439h 未更新，跳过解析（无需追踪）
[2026-08-05 19:07:10] [W-22] ✅ 完成 [user1] yichengchen/ios-app-signer | 提取 0 | 新增 0 | 耗时 0s | 配额 4725/4800 11:07UTC | 主队列 3/200 发现队列 41/20000 [[user1]:41]
[2026-08-05 19:07:10] [W-22] 🔧 开始处理 [user1] Kr328/typed-jni-rs
[2026-08-05 19:07:10] [W-22] ⏭️ [user1] 仓库 https://github.com/Kr328/typed-jni-rs 2186h 未更新，跳过解析（无需追踪）
[2026-08-05 19:07:10] [W-22] ✅ 完成 [user1] Kr328/typed-jni-rs | 提取 0 | 新增 0 | 耗时 0s | 配额 4725/4800 11:07UTC | 主队列 3/200 发现队列 40/20000 [[user1]:40]
[2026-08-05 19:07:10] [W-22] 🔧 开始处理 [user1] Kr328/Riru-ClipboardWhitelist
[2026-08-05 19:07:10] [W-22] ⏭️ [user1] 仓库 https://github.com/Kr328/Riru-ClipboardWhitelist 23501h 未更新，跳过解析（无需追踪）
[2026-08-05 19:07:10] [W-4] ✅ 完成 [user1] yichengchen/NEKit | 提取 0 | 新增 0 | 耗时 0s | 配额 4725/4800 11:07UTC | 主队列 3/200 发现队列 39/20000 [[user1]:39]
[2026-08-05 19:07:10] [W-4] 🔧 开始处理 [user1] Kr328/zygisk-rs
[2026-08-05 19:07:10] [W-4] ⏭️ [user1] 仓库 https://github.com/Kr328/zygisk-rs 15901h 未更新，跳过解析（无需追踪）
[2026-08-05 19:07:10] [W-1] ✅ 完成 [user1] yichengchen/moonlight-ios | 提取 0 | 新增 0 | 耗时 0s | 配额 4725/4800 11:07UTC | 主队列 3/200 发现队列 38/20000 [[user1]:38]
[2026-08-05 19:07:10] [W-1] 🔧 开始处理 [user1] Kr328/vpn-gateway
[2026-08-05 19:07:10] [W-1] ⏭️ [user1] 仓库 https://github.com/Kr328/vpn-gateway 36118h 未更新，跳过解析（无需追踪）
[2026-08-05 19:07:10] [W-1] ✅ 完成 [user1] Kr328/vpn-gateway | 提取 0 | 新增 0 | 耗时 0s | 配额 4725/4800 11:07UTC | 主队列 3/200 发现队列 37/20000 [[user1]:37]
[2026-08-05 19:07:10] [W-1] 🔧 开始处理 [user1] Kr328/golang-android-plugin
[2026-08-05 19:07:10] [W-1] ⏭️ [user1] 仓库 https://github.com/Kr328/golang-android-plugin 38615h 未更新，跳过解析（无需追踪）
[2026-08-05 19:07:10] [W-19] ✅ 完成 [user1] yichengchen/InstaFilters | 提取 0 | 新增 0 | 耗时 0s | 配额 4725/4800 11:07UTC | 主队列 3/200 发现队列 36/20000 [[user1]:36]
[2026-08-05 19:07:10] [W-19] 🔧 开始处理 [user1] Kr328/clash-premium-installer
[2026-08-05 19:07:10] [W-19] ⏭️ [user1] 仓库 https://github.com/Kr328/clash-premium-installer 37846h 未更新，跳过解析（无需追踪）
[2026-08-05 19:07:10] [W-16] ✅ 完成 [user1] yichengchen/homebrew-cask | 提取 0 | 新增 0 | 耗时 0s | 配额 4725/4800 11:07UTC | 主队列 3/200 发现队列 35/20000 [[user1]:35]
[2026-08-05 19:07:10] [W-16] 🔧 开始处理 [user1] Kr328/nevo-decorators-wechat-image
[2026-08-05 19:07:10] [W-16] ⏭️ [user1] 仓库 https://github.com/Kr328/nevo-decorators-wechat-image 65900h 未更新，跳过解析（无需追踪）
[2026-08-05 19:07:10] [W-16] ✅ 完成 [user1] Kr328/nevo-decorators-wechat-image | 提取 0 | 新增 0 | 耗时 0s | 配额 4725/4800 11:07UTC | 主队列 3/200 发现队列 34/20000 [[user1]:34]
[2026-08-05 19:07:10] [W-16] 🔧 开始处理 [user1] Kr328/ZygoteLoader
[2026-08-05 19:07:10] [W-16] ⏭️ [user1] 仓库 https://github.com/Kr328/ZygoteLoader 24439h 未更新，跳过解析（无需追踪）
[2026-08-05 19:07:10] [W-6] ✅ 完成 [user1] yichengchen/CrashTranslation | 提取 0 | 新增 0 | 耗时 0s | 配额 4725/4800 11:07UTC | 主队列 3/200 发现队列 33/20000 [[user1]:33]
[2026-08-05 19:07:10] [W-6] 🔧 开始处理 [user1] Kr328/rx-block-unviewer
[2026-08-05 19:07:10] [W-6] ⏭️ [user1] 仓库 https://github.com/Kr328/rx-block-unviewer 54658h 未更新，跳过解析（无需追踪）
[2026-08-05 19:07:10] [W-7] ✅ 完成 [user1] free-nodes/fanqiang | 提取 0 | 新增 0 | 耗时 0s | 配额 4725/4800 11:07UTC | 主队列 3/200 发现队列 32/20000 [[user1]:32]
[2026-08-05 19:07:10] [W-7] 🔧 开始处理 [user1] Kr328/rx-block-unbrowser
[2026-08-05 19:07:10] [W-7] ⏭️ [user1] 仓库 https://github.com/Kr328/rx-block-unbrowser 54549h 未更新，跳过解析（无需追踪）
[2026-08-05 19:07:10] [W-7] ✅ 完成 [user1] Kr328/rx-block-unbrowser | 提取 0 | 新增 0 | 耗时 0s | 配额 4725/4800 11:07UTC | 主队列 3/200 发现队列 31/20000 [[user1]:31]
[2026-08-05 19:07:10] [W-7] 🔧 开始处理 [user1] Kr328/ClashForAndroidDeprecated
[2026-08-05 19:07:10] [W-7] ⏭️ [user1] 仓库 https://github.com/Kr328/ClashForAndroidDeprecated 45801h 未更新，跳过解析（无需追踪）
[2026-08-05 19:07:10] [W-3] ✅ 完成 [user1] free-nodes/wyx2685-XrayR | 提取 0 | 新增 0 | 耗时 0s | 配额 4725/4800 11:07UTC | 主队列 3/200 发现队列 30/20000 [[user1]:30]
[2026-08-05 19:07:10] [W-3] 🔧 开始处理 [user1] Kr328/sqlx
[2026-08-05 19:07:10] [W-3] ⏭️ [user1] 仓库 https://github.com/Kr328/sqlx 5376h 未更新，跳过解析（无需追踪）
[2026-08-05 19:07:10] [W-9] ✅ 完成 [user1] yichengchen/SDWebimageBlinkBug | 提取 0 | 新增 0 | 耗时 0s | 配额 4725/4800 11:07UTC | 主队列 3/200 发现队列 29/20000 [[user1]:29]
[2026-08-05 19:07:10] [W-9] 🔧 开始处理 [user1] Kr328/file-monitor
[2026-08-05 19:07:10] [W-9] ⏭️ [user1] 仓库 https://github.com/Kr328/file-monitor 35709h 未更新，跳过解析（无需追踪）
[2026-08-05 19:07:10] [W-2] ✅ 完成 [user1] yichengchen/wenda-helper | 提取 0 | 新增 0 | 耗时 0s | 配额 4725/4800 11:07UTC | 主队列 3/200 发现队列 28/20000 [[user1]:28]
[2026-08-05 19:07:10] [W-2] 🔧 开始处理 [user1] Kr328/Shizuku
[2026-08-05 19:07:10] [W-2] ⏭️ [user1] 仓库 https://github.com/Kr328/Shizuku 49686h 未更新，跳过解析（无需追踪）
[2026-08-05 19:07:10] [W-17] ✅ 完成 [user1] yichengchen/WeChatPlugin-MacOS | 提取 0 | 新增 0 | 耗时 0s | 配额 4725/4800 11:07UTC | 主队列 3/200 发现队列 27/20000 [[user1]:27]
[2026-08-05 19:07:10] [W-17] 🔧 开始处理 [user1] Kr328/bilibili-redirect
[2026-08-05 19:07:10] [W-17] ⏭️ [user1] 仓库 https://github.com/Kr328/bilibili-redirect 16156h 未更新，跳过解析（无需追踪）
[2026-08-05 19:07:10] [W-18] ✅ 完成 [user1] free-nodes/warp | 提取 0 | 新增 0 | 耗时 0s | 配额 4725/4800 11:07UTC | 主队列 3/200 发现队列 26/20000 [[user1]:26]
[2026-08-05 19:07:10] [W-18] 🔧 开始处理 [user1] Kr328/bilibili-subtitle-tweaks
[2026-08-05 19:07:10] [W-18] ⏭️ [user1] 仓库 https://github.com/Kr328/bilibili-subtitle-tweaks 24056h 未更新，跳过解析（无需追踪）
[2026-08-05 19:07:10] [W-18] ✅ 完成 [user1] Kr328/bilibili-subtitle-tweaks | 提取 0 | 新增 0 | 耗时 0s | 配额 4725/4800 11:07UTC | 主队列 3/200 发现队列 25/20000 [[user1]:25]
[2026-08-05 19:07:10] [W-18] 🔧 开始处理 [user1] Kr328/kaidl
[2026-08-05 19:07:10] [W-18] ⏭️ [user1] 仓库 https://github.com/Kr328/kaidl 42920h 未更新，跳过解析（无需追踪）
[2026-08-05 19:07:10] [W-20] ✅ 完成 [user1] yichengchen/swifter | 提取 0 | 新增 0 | 耗时 0s | 配额 4725/4800 11:07UTC | 主队列 3/200 发现队列 24/20000 [[user1]:24]
[2026-08-05 19:07:10] [W-20] 🔧 开始处理 [user1] Kr328/LocalBinder
[2026-08-05 19:07:10] [W-20] ⏭️ [user1] 仓库 https://github.com/Kr328/LocalBinder 54103h 未更新，跳过解析（无需追踪）
[2026-08-05 19:07:10] [W-11] ✅ 完成 [user1] yichengchen/openssl_for_android | 提取 0 | 新增 0 | 耗时 0s | 配额 4725/4800 11:07UTC | 主队列 3/200 发现队列 23/20000 [[user1]:23]
[2026-08-05 19:07:10] [W-11] 🔧 开始处理 [user1] Kr328/eBPFDexDumper
[2026-08-05 19:07:10] [W-11] ⏭️ [user1] 仓库 https://github.com/Kr328/eBPFDexDumper 5769h 未更新，跳过解析（无需追踪）
[2026-08-05 19:07:10] [W-11] ✅ 完成 [user1] Kr328/eBPFDexDumper | 提取 0 | 新增 0 | 耗时 0s | 配额 4725/4800 11:07UTC | 主队列 3/200 发现队列 22/20000 [[user1]:22]
[2026-08-05 19:07:10] [W-11] 🔧 开始处理 [user1] Kr328/Riru-VpnHide
[2026-08-05 19:07:10] [W-11] ⏭️ [user1] 仓库 https://github.com/Kr328/Riru-VpnHide 67137h 未更新，跳过解析（无需追踪）
[2026-08-05 19:07:10] [W-13] ✅ 完成 [user1] Kr328/uu-plugin-docker | 提取 0 | 新增 0 | 耗时 0s | 配额 4725/4800 11:07UTC | 主队列 3/200 发现队列 21/20000 [[user1]:21]
[2026-08-05 19:07:10] [W-13] 🔧 开始处理 [user1] Kr328/tun2socket
[2026-08-05 19:07:10] [W-13] ⏭️ [user1] 仓库 https://github.com/Kr328/tun2socket 27544h 未更新，跳过解析（无需追踪）
[2026-08-05 19:07:10] [W-10] ✅ 完成 [user1] Kr328/Riru-IFWEnhance | 提取 0 | 新增 0 | 耗时 0s | 配额 4725/4800 11:07UTC | 主队列 3/200 发现队列 20/20000 [[user1]:20]
[2026-08-05 19:07:10] [W-10] 🔧 开始处理 [user1] Kr328/Sui
[2026-08-05 19:07:10] [W-10] ⏭️ [user1] 仓库 https://github.com/Kr328/Sui 46183h 未更新，跳过解析（无需追踪）
[2026-08-05 19:07:10] [W-10] ✅ 完成 [user1] Kr328/Sui | 提取 0 | 新增 0 | 耗时 0s | 配额 4725/4800 11:07UTC | 主队列 3/200 发现队列 19/20000 [[user1]:19]
[2026-08-05 19:07:10] [W-10] 🔧 开始处理 [user1] Kr328/ipset-rs
[2026-08-05 19:07:10] [W-10] ⏭️ [user1] 仓库 https://github.com/Kr328/ipset-rs 11321h 未更新，跳过解析（无需追踪）
[2026-08-05 19:07:10] [W-8] ✅ 完成 [user1] yichengchen/Safari-Search-Customizer | 提取 0 | 新增 0 | 耗时 0s | 配额 4725/4800 11:07UTC | 主队列 3/200 发现队列 18/20000 [[user1]:18]
[2026-08-05 19:07:10] [W-8] 🔧 开始处理 [user1] Kr328/i18n-string-rs
[2026-08-05 19:07:10] [W-8] ⏭️ [user1] 仓库 https://github.com/Kr328/i18n-string-rs 4501h 未更新，跳过解析（无需追踪）
[2026-08-05 19:07:10] [W-4] ✅ 完成 [user1] Kr328/zygisk-rs | 提取 0 | 新增 0 | 耗时 0s | 配额 4725/4800 11:07UTC | 主队列 3/200 发现队列 17/20000 [[user1]:17]
[2026-08-05 19:07:10] [W-4] 🔧 开始处理 [user1] Kr328/webapi-template
[2026-08-05 19:07:10] [W-4] ⏭️ [user1] 仓库 https://github.com/Kr328/webapi-template 31319h 未更新，跳过解析（无需追踪）
[2026-08-05 19:07:10] [W-4] ✅ 完成 [user1] Kr328/webapi-template | 提取 0 | 新增 0 | 耗时 0s | 配额 4725/4800 11:07UTC | 主队列 3/200 发现队列 16/20000 [[user1]:16]
[2026-08-05 19:07:10] [W-4] 🔧 开始处理 [user1] Kr328/Riru-InternalBrowserRedirect
[2026-08-05 19:07:10] [W-4] ⏭️ [user1] 仓库 https://github.com/Kr328/Riru-InternalBrowserRedirect 56379h 未更新，跳过解析（无需追踪）
[2026-08-05 19:07:10] [W-23] ✅ 完成 [user1] yichengchen/IPAPatch | 提取 0 | 新增 0 | 耗时 0s | 配额 4725/4800 11:07UTC | 主队列 3/200 发现队列 15/20000 [[user1]:15]
[2026-08-05 19:07:10] [W-23] 🔧 开始处理 [user1] Kr328/.xlDownload
[2026-08-05 19:07:10] [W-23] ⏭️ [user1] 仓库 https://github.com/Kr328/.xlDownload 36224h 未更新，跳过解析（无需追踪）
[2026-08-05 19:07:10] [W-19] ✅ 完成 [user1] Kr328/clash-premium-installer | 提取 0 | 新增 0 | 耗时 0s | 配额 4725/4800 11:07UTC | 主队列 3/200 发现队列 14/20000 [[user1]:14]
[2026-08-05 19:07:10] [W-19] 🔧 开始处理 [user1] yanue/V2rayU
[2026-08-05 19:07:10] [W-19] ⏭️ [user1] 仓库 https://github.com/yanue/V2rayU 70h 未更新，跳过解析（无需追踪）
[2026-08-05 19:07:10] [W-16] ✅ 完成 [user1] Kr328/ZygoteLoader | 提取 0 | 新增 0 | 耗时 0s | 配额 4725/4800 11:07UTC | 主队列 3/200 发现队列 13/20000 [[user1]:13]
[2026-08-05 19:07:10] [W-16] 🔧 开始处理 [user1] yanue/stephp
[2026-08-05 19:07:10] [W-16] ⏭️ [user1] 仓库 https://github.com/yanue/stephp 90390h 未更新，跳过解析（无需追踪）
[2026-08-05 19:07:10] [W-5] ✅ 完成 [user1] yichengchen/hass-xiaomi-miot | 提取 0 | 新增 0 | 耗时 0s | 配额 4725/4800 11:07UTC | 主队列 3/200 发现队列 12/20000 [[user1]:12]
[2026-08-05 19:07:10] [W-5] 🔧 开始处理 [user1] yanue/sh-scripts
[2026-08-05 19:07:10] [W-5] ⏭️ [user1] 仓库 https://github.com/yanue/sh-scripts 68789h 未更新，跳过解析（无需追踪）
[2026-08-05 19:07:10] [W-6] ✅ 完成 [user1] Kr328/rx-block-unviewer | 提取 0 | 新增 0 | 耗时 0s | 配额 4725/4800 11:07UTC | 主队列 3/200 发现队列 11/20000 [[user1]:11]
[2026-08-05 19:07:10] [W-6] 🔧 开始处理 [user1] yanue/Dbmanage
[2026-08-05 19:07:10] [W-6] ⏭️ [user1] 仓库 https://github.com/yanue/Dbmanage 85136h 未更新，跳过解析（无需追踪）
[2026-08-05 19:07:10] [W-6] ✅ 完成 [user1] yanue/Dbmanage | 提取 0 | 新增 0 | 耗时 0s | 配额 4725/4800 11:07UTC | 主队列 3/200 发现队列 10/20000 [[user1]:10]
[2026-08-05 19:07:10] [W-6] 🔧 开始处理 [user1] yanue/nginx-lua-GraphicsMagick
[2026-08-05 19:07:10] [W-6] ⏭️ [user1] 仓库 https://github.com/yanue/nginx-lua-GraphicsMagick 81145h 未更新，跳过解析（无需追踪）
[2026-08-05 19:07:10] [W-21] ✅ 完成 [user1] yichengchen/caddy_httpAbortListener | 提取 0 | 新增 0 | 耗时 0s | 配额 4725/4800 11:07UTC | 主队列 3/200 发现队列 9/20000 [[user1]:9]
[2026-08-05 19:07:10] [W-21] 🔧 开始处理 [user1] yanue/aes-cbc-pkcs7
[2026-08-05 19:07:10] [W-21] ⏭️ [user1] 仓库 https://github.com/yanue/aes-cbc-pkcs7 35064h 未更新，跳过解析（无需追踪）
[2026-08-05 19:07:10] [W-3] ✅ 完成 [user1] Kr328/sqlx | 提取 0 | 新增 0 | 耗时 0s | 配额 4725/4800 11:07UTC | 主队列 3/200 发现队列 8/20000 [[user1]:8]
[2026-08-05 19:07:10] [W-3] 🔧 开始处理 [user1] yanue/yanue.net
[2026-08-05 19:07:10] [W-3] ⏭️ [user1] 仓库 https://github.com/yanue/yanue.net 主要语言 HTML，跳过
[2026-08-05 19:07:10] [W-3] ✅ 完成 [user1] yanue/yanue.net | 提取 0 | 新增 0 | 耗时 0s | 配额 4725/4800 11:07UTC | 主队列 3/200 发现队列 7/20000 [[user1]:7]
[2026-08-05 19:07:10] [W-3] 🔧 开始处理 [user1] yanue/starkex
[2026-08-05 19:07:10] [W-3] ⏭️ [user1] 仓库 https://github.com/yanue/starkex 23192h 未更新，跳过解析（无需追踪）
[2026-08-05 19:07:10] [W-3] ✅ 完成 [user1] yanue/starkex | 提取 0 | 新增 0 | 耗时 0s | 配额 4725/4800 11:07UTC | 主队列 3/200 发现队列 6/20000 [[user1]:6]
[2026-08-05 19:07:10] [W-3] 🔧 开始处理 [user1] yanue/mgo
[2026-08-05 19:07:10] [W-3] ⏭️ [user1] 仓库 https://github.com/yanue/mgo 15770h 未更新，跳过解析（无需追踪）
[2026-08-05 19:07:10] [W-9] ✅ 完成 [user1] Kr328/file-monitor | 提取 0 | 新增 0 | 耗时 0s | 配额 4725/4800 11:07UTC | 主队列 3/200 发现队列 5/20000 [[user1]:5]
[2026-08-05 19:07:10] [W-9] 🔧 开始处理 [user1] yanue/conf
[2026-08-05 19:07:10] [W-9] ⏭️ [user1] 仓库 https://github.com/yanue/conf 44832h 未更新，跳过解析（无需追踪）
[2026-08-05 19:07:10] [W-15] ✅ 完成 [user1] yichengchen/XCTestHTMLReport | 提取 0 | 新增 0 | 耗时 0s | 配额 4725/4800 11:07UTC | 主队列 3/200 发现队列 4/20000 [[user1]:4]
[2026-08-05 19:07:10] [W-15] 🔧 开始处理 [user1] yanue/yanue
[2026-08-05 19:07:10] [W-15] ⏭️ [user1] 仓库 https://github.com/yanue/yanue 34784h 未更新，跳过解析（无需追踪）
[2026-08-05 19:07:10] [W-15] ✅ 完成 [user1] yanue/yanue | 提取 0 | 新增 0 | 耗时 0s | 配额 4725/4800 11:07UTC | 主队列 3/200 发现队列 3/20000 [[user1]:3]
[2026-08-05 19:07:10] [W-15] 🔧 开始处理 [user1] yanue/go-esport-account
[2026-08-05 19:07:10] [W-15] ⏭️ [user1] 仓库 https://github.com/yanue/go-esport-account 68575h 未更新，跳过解析（无需追踪）
[2026-08-05 19:07:10] [W-20] ✅ 完成 [user1] Kr328/LocalBinder | 提取 0 | 新增 0 | 耗时 0s | 配额 4725/4800 11:07UTC | 主队列 3/200 发现队列 2/20000 [[user1]:2]
[2026-08-05 19:07:10] [W-20] 🔧 开始处理 [user1] yanue/go-esport-common
[2026-08-05 19:07:10] [W-20] ⏭️ [user1] 仓库 https://github.com/yanue/go-esport-common 68065h 未更新，跳过解析（无需追踪）
[2026-08-05 19:07:10] [W-12] ✅ 完成 [user1] yichengchen/traefik-safeline | 提取 0 | 新增 0 | 耗时 0s | 配额 4725/4800 11:07UTC | 主队列 3/200 发现队列 1/20000 [[user1]:1]
[2026-08-05 19:07:10] [W-12] 🔧 开始处理 [user1] yanue/gowatch
[2026-08-05 19:07:10] [W-12] ⏭️ [user1] 仓库 https://github.com/yanue/gowatch 44472h 未更新，跳过解析（无需追踪）
[2026-08-05 19:07:10] [W-12] ✅ 完成 [user1] yanue/gowatch | 提取 0 | 新增 0 | 耗时 0s | 配额 4725/4800 11:07UTC | 主队列 3/200 发现队列 0/20000 [空]
[2026-08-05 19:07:10] [W-13] ✅ 完成 [user1] Kr328/tun2socket | 提取 0 | 新增 0 | 耗时 0s | 配额 4725/4800 11:07UTC | 主队列 3/200 发现队列 0/20000 [空]
[2026-08-05 19:07:10] [W-22] ✅ 完成 [user1] Kr328/Riru-ClipboardWhitelist | 提取 0 | 新增 0 | 耗时 0s | 配额 4725/4800 11:07UTC | 主队列 3/200 发现队列 0/20000 [空]
[2026-08-05 19:07:10] [W-10] ✅ 完成 [user1] Kr328/ipset-rs | 提取 0 | 新增 0 | 耗时 0s | 配额 4725/4800 11:07UTC | 主队列 3/200 发现队列 0/20000 [空]
[2026-08-05 19:07:10] [W-8] ✅ 完成 [user1] Kr328/i18n-string-rs | 提取 0 | 新增 0 | 耗时 0s | 配额 4725/4800 11:07UTC | 主队列 3/200 发现队列 0/20000 [空]
[2026-08-05 19:07:10] [W-1] ✅ 完成 [user1] Kr328/golang-android-plugin | 提取 0 | 新增 0 | 耗时 0s | 配额 4725/4800 11:07UTC | 主队列 3/200 发现队列 0/20000 [空]
[2026-08-05 19:07:10] [W-4] ✅ 完成 [user1] Kr328/Riru-InternalBrowserRedirect | 提取 0 | 新增 0 | 耗时 0s | 配额 4725/4800 11:07UTC | 主队列 3/200 发现队列 0/20000 [空]
[2026-08-05 19:07:10] [W-23] ✅ 完成 [user1] Kr328/.xlDownload | 提取 0 | 新增 0 | 耗时 0s | 配额 4725/4800 11:07UTC | 主队列 3/200 发现队列 0/20000 [空]
[2026-08-05 19:07:10] [W-19] ✅ 完成 [user1] yanue/V2rayU | 提取 0 | 新增 0 | 耗时 0s | 配额 4725/4800 11:07UTC | 主队列 3/200 发现队列 0/20000 [空]
[2026-08-05 19:07:10] [W-16] ✅ 完成 [user1] yanue/stephp | 提取 0 | 新增 0 | 耗时 0s | 配额 4725/4800 11:07UTC | 主队列 3/200 发现队列 0/20000 [空]
[2026-08-05 19:07:10] [W-5] ✅ 完成 [user1] yanue/sh-scripts | 提取 0 | 新增 0 | 耗时 0s | 配额 4725/4800 11:07UTC | 主队列 3/200 发现队列 0/20000 [空]
[2026-08-05 19:07:10] [W-7] ✅ 完成 [user1] Kr328/ClashForAndroidDeprecated | 提取 0 | 新增 0 | 耗时 0s | 配额 4725/4800 11:07UTC | 主队列 3/200 发现队列 0/20000 [空]
[2026-08-05 19:07:10] [W-7] 🔧 开始处理 [种子仓库] LoneKingCode/free-proxy-db
[2026-08-05 19:07:12] [W-21] ✅ 完成 [user1] yanue/aes-cbc-pkcs7 | 提取 0 | 新增 0 | 耗时 0s | 配额 4725/4800 11:07UTC | 主队列 3/200 发现队列 0/20000 [空]
[2026-08-05 19:07:12] [W-21] 🔧 开始处理 [种子仓库] mahdibland/ShadowsocksAggregator
[2026-08-05 19:07:12] [W-2] ✅ 完成 [user1] Kr328/Shizuku | 提取 0 | 新增 0 | 耗时 0s | 配额 4725/4800 11:07UTC | 主队列 2/200 发现队列 0/20000 [空]
[2026-08-05 19:07:12] [W-17] ✅ 完成 [user1] Kr328/bilibili-redirect | 提取 0 | 新增 0 | 耗时 0s | 配额 4725/4800 11:07UTC | 主队列 2/200 发现队列 0/20000 [空]
[2026-08-05 19:07:12] [W-3] ✅ 完成 [user1] yanue/mgo | 提取 0 | 新增 0 | 耗时 0s | 配额 4725/4800 11:07UTC | 主队列 2/200 发现队列 0/20000 [空]
[2026-08-05 19:07:12] [W-9] ✅ 完成 [user1] yanue/conf | 提取 0 | 新增 0 | 耗时 0s | 配额 4725/4800 11:07UTC | 主队列 2/200 发现队列 0/20000 [空]
[2026-08-05 19:07:12] [W-18] ✅ 完成 [user1] Kr328/kaidl | 提取 0 | 新增 0 | 耗时 0s | 配额 4725/4800 11:07UTC | 主队列 2/200 发现队列 0/20000 [空]
[2026-08-05 19:07:12] [W-15] ✅ 完成 [user1] yanue/go-esport-account | 提取 0 | 新增 0 | 耗时 0s | 配额 4725/4800 11:07UTC | 主队列 2/200 发现队列 0/20000 [空]
[2026-08-05 19:07:12] [W-20] ✅ 完成 [user1] yanue/go-esport-common | 提取 0 | 新增 0 | 耗时 0s | 配额 4725/4800 11:07UTC | 主队列 2/200 发现队列 0/20000 [空]
[2026-08-05 19:07:12] [W-11] ✅ 完成 [user1] Kr328/Riru-VpnHide | 提取 0 | 新增 0 | 耗时 0s | 配额 4725/4800 11:07UTC | 主队列 2/200 发现队列 0/20000 [空]
[2026-08-05 19:07:12] [W-6] ✅ 完成 [user1] yanue/nginx-lua-GraphicsMagick | 提取 0 | 新增 0 | 耗时 0s | 配额 4725/4800 11:07UTC | 主队列 2/200 发现队列 0/20000 [空]
[2026-08-05 19:07:12] [W-6] 🔧 开始处理 [种子仓库] AtenaPV/Sub-Sync
[2026-08-05 19:07:12] [ThreadPoolExecutor-0_1]   👤 用户仓库: 5 个 → 主队列 1/200 发现队列 5/20000 [[user2]:5]
[2026-08-05 19:07:12] [ThreadPoolExecutor-0_1]   用户 jiangxufeng 共查 5 个仓库
[2026-08-05 19:07:12] [W-12] 🔧 开始处理 [user2] jiangxufeng/CitiCup
[2026-08-05 19:07:12] [W-12] ⏭️ [user2] 仓库 https://github.com/jiangxufeng/CitiCup 32072h 未更新，跳过解析（无需追踪）
[2026-08-05 19:07:12] [W-13] 🔧 开始处理 [user2] jiangxufeng/beego-admin
[2026-08-05 19:07:12] [W-13] ⏭️ [user2] 仓库 https://github.com/jiangxufeng/beego-admin 主要语言 HTML，跳过
[2026-08-05 19:07:12] [W-22] 🔧 开始处理 [user2] jiangxufeng/build-web-application-with-golang
[2026-08-05 19:07:12] [W-22] ⏭️ [user2] 仓库 https://github.com/jiangxufeng/build-web-application-with-golang 65036h 未更新，跳过解析（无需追踪）
[2026-08-05 19:07:12] [W-10] 🔧 开始处理 [user2] jiangxufeng/hanmu
[2026-08-05 19:07:12] [W-10] ⏭️ [user2] 仓库 https://github.com/jiangxufeng/hanmu 32074h 未更新，跳过解析（无需追踪）
[2026-08-05 19:07:12] [W-8] 🔧 开始处理 [user2] jiangxufeng/wxh
[2026-08-05 19:07:12] [W-8] ⏭️ [user2] 仓库 https://github.com/jiangxufeng/wxh 主要语言 HTML，跳过
[2026-08-05 19:07:12] [W-1] 🔧 开始处理 [raw1] jiangxufeng/v2rayL
[2026-08-05 19:07:12] [W-1] ⏭️ [raw1] 仓库 https://github.com/jiangxufeng/v2rayL 30794h 未更新，跳过解析（无需追踪）
[2026-08-05 19:07:12] [ThreadPoolExecutor-0_4]   用户 shadowsocksrr 共查 0 个仓库
[2026-08-05 19:07:12] [ThreadPoolExecutor-0_3]   👤 用户仓库: 26 个 → 主队列 1/200 发现队列 26/20000 [[user1]:26]
[2026-08-05 19:07:12] [ThreadPoolExecutor-0_3]   用户 shadowsocksrr 共查 26 个仓库
[2026-08-05 19:07:12] [W-0] 仓库 https://github.com/2dust/v2rayN 无候选文件 (总计 421 blob, 扩展名过滤 371, processed_shas 跳过 0, SHA 缓存跳过 50)
[2026-08-05 19:07:12] [W-23] 🔧 开始处理 [user1] shadowsocksrr/shadowsocksr-android
[2026-08-05 19:07:12] [W-23] ⏭️ [user1] 仓库 https://github.com/shadowsocksrr/shadowsocksr-android 63914h 未更新，跳过解析（无需追踪）
[2026-08-05 19:07:12] [W-19] 🔧 开始处理 [user1] shadowsocksrr/shadowsocksr-csharp
[2026-08-05 19:07:12] [W-19] ⏭️ [user1] 仓库 https://github.com/shadowsocksrr/shadowsocksr-csharp 34223h 未更新，跳过解析（无需追踪）
[2026-08-05 19:07:12] [W-16] 🔧 开始处理 [user1] shadowsocksrr/shadowsocksr
[2026-08-05 19:07:12] [W-16] ⏭️ [user1] 仓库 https://github.com/shadowsocksrr/shadowsocksr 31431h 未更新，跳过解析（无需追踪）
[2026-08-05 19:07:12] [W-5] 🔧 开始处理 [user1] shadowsocksrr/shadowsocks-rss
[2026-08-05 19:07:12] [W-5] ⏭️ [user1] 仓库 https://github.com/shadowsocksrr/shadowsocks-rss 78192h 未更新，跳过解析（无需追踪）
[2026-08-05 19:07:12] [W-2] 🔧 开始处理 [user1] shadowsocksrr/electron-ssr
[2026-08-05 19:07:12] [W-2] ⏭️ [user1] 仓库 https://github.com/shadowsocksrr/electron-ssr 54056h 未更新，跳过解析（无需追踪）
[2026-08-05 19:07:12] [W-17] 🔧 开始处理 [user1] shadowsocksrr/shadowsocksr-libev
[2026-08-05 19:07:12] [W-17] ⏭️ [user1] 仓库 https://github.com/shadowsocksrr/shadowsocksr-libev 43935h 未更新，跳过解析（无需追踪）
[2026-08-05 19:07:12] [W-3] 🔧 开始处理 [user1] shadowsocksrr/ShadowsocksX-NG
[2026-08-05 19:07:12] [W-3] ⏭️ [user1] 仓库 https://github.com/shadowsocksrr/ShadowsocksX-NG 79154h 未更新，跳过解析（无需追踪）
[2026-08-05 19:07:12] [W-9] 🔧 开始处理 [user1] shadowsocksrr/pac.txt
[2026-08-05 19:07:12] [W-9] ⏭️ [user1] 仓库 https://github.com/shadowsocksrr/pac.txt 43554h 未更新，跳过解析（无需追踪）
[2026-08-05 19:07:12] [W-18] 🔧 开始处理 [user1] shadowsocksrr/breakwa11.github.io
[2026-08-05 19:07:12] [W-18] ⏭️ [user1] 仓库 https://github.com/shadowsocksrr/breakwa11.github.io 78921h 未更新，跳过解析（无需追踪）
[2026-08-05 19:07:12] [W-15] 🔧 开始处理 [user1] shadowsocksrr/openwrt-shadowsocksr
[2026-08-05 19:07:12] [W-15] ⏭️ [user1] 仓库 https://github.com/shadowsocksrr/openwrt-shadowsocksr 79586h 未更新，跳过解析（无需追踪）
[2026-08-05 19:07:12] [W-20] 🔧 开始处理 [user1] shadowsocksrr/badvpn
[2026-08-05 19:07:12] [W-20] ⏭️ [user1] 仓库 https://github.com/shadowsocksrr/badvpn 78098h 未更新，跳过解析（无需追踪）
[2026-08-05 19:07:12] [W-11] 🔧 开始处理 [user1] shadowsocksrr/shadowsocksr-latest-bin-backup
[2026-08-05 19:07:12] [W-11] ⏭️ [user1] 仓库 https://github.com/shadowsocksrr/shadowsocksr-latest-bin-backup 78919h 未更新，跳过解析（无需追踪）
[2026-08-05 19:07:12] [种子] 🔵 [种子 25/616] sevcator/5ubscrpt10n | 配额 4721/4800 11:07UTC | 主队列 1/200 发现队列 14/20000 [[user1]:14]
[2026-08-05 19:07:12] [W-4] 🔧 开始处理 [user1] shadowsocksrr/shadowsocksrr-libev
[2026-08-05 19:07:12] [W-4] ⏭️ [user1] 仓库 https://github.com/shadowsocksrr/shadowsocksrr-libev 75746h 未更新，跳过解析（无需追踪）
[2026-08-05 19:07:14] [W-12] ✅ 完成 [user2] jiangxufeng/CitiCup | 提取 0 | 新增 0 | 耗时 0s | 配额 4720/4800 11:07UTC | 主队列 2/200 发现队列 13/20000 [[user1]:13]
[2026-08-05 19:07:14] [W-12] 🔧 开始处理 [user1] shadowsocksrr/luci-app-shadowsocksr
[2026-08-05 19:07:14] [W-12] ⏭️ [user1] 仓库 https://github.com/shadowsocksrr/luci-app-shadowsocksr 79172h 未更新，跳过解析（无需追踪）
[2026-08-05 19:07:14] [W-13] ✅ 完成 [user2] jiangxufeng/beego-admin | 提取 0 | 新增 0 | 耗时 0s | 配额 4720/4800 11:07UTC | 主队列 2/200 发现队列 12/20000 [[user1]:12]
[2026-08-05 19:07:14] [W-13] 🔧 开始处理 [user1] shadowsocksrr/Maying
[2026-08-05 19:07:14] [W-13] ⚠️ [user1] 仓库 https://github.com/shadowsocksrr/Maying 大小为 0，跳过
[2026-08-05 19:07:14] [W-22] ✅ 完成 [user2] jiangxufeng/build-web-application-with-golang | 提取 0 | 新增 0 | 耗时 0s | 配额 4720/4800 11:07UTC | 主队列 2/200 发现队列 11/20000 [[user1]:11]
[2026-08-05 19:07:14] [W-22] 🔧 开始处理 [user1] shadowsocksrr/shadowsocksr-asio
[2026-08-05 19:07:14] [W-22] ⏭️ [user1] 仓库 https://github.com/shadowsocksrr/shadowsocksr-asio 60018h 未更新，跳过解析（无需追踪）
[2026-08-05 19:07:14] [W-10] ✅ 完成 [user2] jiangxufeng/hanmu | 提取 0 | 新增 0 | 耗时 0s | 配额 4720/4800 11:07UTC | 主队列 2/200 发现队列 10/20000 [[user1]:10]
[2026-08-05 19:07:14] [W-10] 🔧 开始处理 [user1] shadowsocksrr/redsocks
[2026-08-05 19:07:14] [W-10] ⏭️ [user1] 仓库 https://github.com/shadowsocksrr/redsocks 80814h 未更新，跳过解析（无需追踪）
[2026-08-05 19:07:14] [W-8] ✅ 完成 [user2] jiangxufeng/wxh | 提取 0 | 新增 0 | 耗时 0s | 配额 4720/4800 11:07UTC | 主队列 2/200 发现队列 9/20000 [[user1]:9]
[2026-08-05 19:07:14] [W-8] 🔧 开始处理 [user1] shadowsocksrr/proxychains-ng
[2026-08-05 19:07:14] [W-8] ⏭️ [user1] 仓库 https://github.com/shadowsocksrr/proxychains-ng 67374h 未更新，跳过解析（无需追踪）
[2026-08-05 19:07:14] [W-1] ✅ 完成 [raw1] jiangxufeng/v2rayL | 提取 0 | 新增 0 | 耗时 0s | 配额 4720/4800 11:07UTC | 主队列 2/200 发现队列 8/20000 [[user1]:8]
[2026-08-05 19:07:14] [W-1] 🔧 开始处理 [user1] shadowsocksrr/pdnsd
[2026-08-05 19:07:14] [W-1] ⏭️ [user1] 仓库 https://github.com/shadowsocksrr/pdnsd 86156h 未更新，跳过解析（无需追踪）
[2026-08-05 19:07:14] [W-0] ✅ 完成 [user1] 2dust/v2rayN | 提取 0 | 新增 0 | 耗时 6s | 配额 4720/4800 11:07UTC | 主队列 2/200 发现队列 7/20000 [[user1]:7]
[2026-08-05 19:07:14] [W-23] ✅ 完成 [user1] shadowsocksrr/shadowsocksr-android | 提取 0 | 新增 0 | 耗时 0s | 配额 4720/4800 11:07UTC | 主队列 2/200 发现队列 6/20000 [[user1]:6]
[2026-08-05 19:07:14] [W-23] 🔧 开始处理 [user1] shadowsocksrr/shadowsocksX-NG-R-ACL
[2026-08-05 19:07:14] [W-23] ⏭️ [user1] 仓库 https://github.com/shadowsocksrr/shadowsocksX-NG-R-ACL 80568h 未更新，跳过解析（无需追踪）
[2026-08-05 19:07:14] [W-0] 🔧 开始处理 [user1] shadowsocksrr/libevent
[2026-08-05 19:07:14] [W-0] ⏭️ [user1] 仓库 https://github.com/shadowsocksrr/libevent 80820h 未更新，跳过解析（无需追踪）
[2026-08-05 19:07:14] [W-19] ✅ 完成 [user1] shadowsocksrr/shadowsocksr-csharp | 提取 0 | 新增 0 | 耗时 0s | 配额 4720/4800 11:07UTC | 主队列 2/200 发现队列 5/20000 [[user1]:5]
[2026-08-05 19:07:14] [W-19] 🔧 开始处理 [user1] shadowsocksrr/openwrt-shadowsocksR-libev-full
[2026-08-05 19:07:14] [W-19] ⏭️ [user1] 仓库 https://github.com/shadowsocksrr/openwrt-shadowsocksR-libev-full 79245h 未更新，跳过解析（无需追踪）
[2026-08-05 19:07:14] [W-16] ✅ 完成 [user1] shadowsocksrr/shadowsocksr | 提取 0 | 新增 0 | 耗时 0s | 配额 4720/4800 11:07UTC | 主队列 2/200 发现队列 4/20000 [[user1]:4]
[2026-08-05 19:07:14] [W-16] 🔧 开始处理 [user1] shadowsocksrr/ssr868
[2026-08-05 19:07:14] [W-16] ⏭️ [user1] 仓库 https://github.com/shadowsocksrr/ssr868 79107h 未更新，跳过解析（无需追踪）
[2026-08-05 19:07:14] [W-5] ✅ 完成 [user1] shadowsocksrr/shadowsocks-rss | 提取 0 | 新增 0 | 耗时 0s | 配额 4720/4800 11:07UTC | 主队列 2/200 发现队列 3/20000 [[user1]:3]
[2026-08-05 19:07:14] [W-5] 🔧 开始处理 [user1] shadowsocksrr/fuckshadows-libev
[2026-08-05 19:07:14] [W-5] ⏭️ [user1] 仓库 https://github.com/shadowsocksrr/fuckshadows-libev 77842h 未更新，跳过解析（无需追踪）
[2026-08-05 19:07:14] [W-5] ✅ 完成 [user1] shadowsocksrr/fuckshadows-libev | 提取 0 | 新增 0 | 耗时 0s | 配额 4720/4800 11:07UTC | 主队列 2/200 发现队列 2/20000 [[user1]:2]
[2026-08-05 19:07:14] [W-5] 🔧 开始处理 [user1] shadowsocksrr/libsscrypto
[2026-08-05 19:07:14] [W-5] ⏭️ [user1] 仓库 https://github.com/shadowsocksrr/libsscrypto 77309h 未更新，跳过解析（无需追踪）
[2026-08-05 19:07:14] [W-17] ✅ 完成 [user1] shadowsocksrr/shadowsocksr-libev | 提取 0 | 新增 0 | 耗时 0s | 配额 4720/4800 11:07UTC | 主队列 2/200 发现队列 1/20000 [[user1]:1]
[2026-08-05 19:07:14] [W-17] 🔧 开始处理 [user1] shadowsocksrr/libancillary
[2026-08-05 19:07:14] [W-17] ⏭️ [user1] 仓库 https://github.com/shadowsocksrr/libancillary 67437h 未更新，跳过解析（无需追踪）
[2026-08-05 19:07:14] [W-3] ✅ 完成 [user1] shadowsocksrr/ShadowsocksX-NG | 提取 0 | 新增 0 | 耗时 0s | 配额 4720/4800 11:07UTC | 主队列 2/200 发现队列 0/20000 [空]
[2026-08-05 19:07:14] [W-9] ✅ 完成 [user1] shadowsocksrr/pac.txt | 提取 0 | 新增 0 | 耗时 0s | 配额 4720/4800 11:07UTC | 主队列 2/200 发现队列 0/20000 [空]
[2026-08-05 19:07:14] [W-18] ✅ 完成 [user1] shadowsocksrr/breakwa11.github.io | 提取 0 | 新增 0 | 耗时 0s | 配额 4720/4800 11:07UTC | 主队列 2/200 发现队列 0/20000 [空]
[2026-08-05 19:07:14] [W-15] ✅ 完成 [user1] shadowsocksrr/openwrt-shadowsocksr | 提取 0 | 新增 0 | 耗时 0s | 配额 4720/4800 11:07UTC | 主队列 2/200 发现队列 0/20000 [空]
[2026-08-05 19:07:14] [W-20] ✅ 完成 [user1] shadowsocksrr/badvpn | 提取 0 | 新增 0 | 耗时 0s | 配额 4720/4800 11:07UTC | 主队列 2/200 发现队列 0/20000 [空]
[2026-08-05 19:07:14] [W-11] ✅ 完成 [user1] shadowsocksrr/shadowsocksr-latest-bin-backup | 提取 0 | 新增 0 | 耗时 0s | 配额 4720/4800 11:07UTC | 主队列 2/200 发现队列 0/20000 [空]
[2026-08-05 19:07:14] [W-4] ✅ 完成 [user1] shadowsocksrr/shadowsocksrr-libev | 提取 0 | 新增 0 | 耗时 0s | 配额 4720/4800 11:07UTC | 主队列 2/200 发现队列 0/20000 [空]
[2026-08-05 19:07:14] [W-7] ⏭️ [种子仓库] 仓库 https://github.com/LoneKingCode/free-proxy-db 55h 未更新，跳过解析（无需追踪）
[2026-08-05 19:07:14] [种子] 🔵 [种子 26/616] V2RayRoot/V2RayConfig | 配额 4719/4800 11:07UTC | 主队列 2/200 发现队列 0/20000 [空]
[2026-08-05 19:07:14] [W-12] ✅ 完成 [user1] shadowsocksrr/luci-app-shadowsocksr | 提取 0 | 新增 0 | 耗时 0s | 配额 4719/4800 11:07UTC | 主队列 2/200 发现队列 0/20000 [空]
[2026-08-05 19:07:14] [W-13] ✅ 完成 [user1] shadowsocksrr/Maying | 提取 0 | 新增 0 | 耗时 0s | 配额 4719/4800 11:07UTC | 主队列 2/200 发现队列 0/20000 [空]
[2026-08-05 19:07:14] [W-22] ✅ 完成 [user1] shadowsocksrr/shadowsocksr-asio | 提取 0 | 新增 0 | 耗时 0s | 配额 4719/4800 11:07UTC | 主队列 2/200 发现队列 0/20000 [空]
[2026-08-05 19:07:14] [W-10] ✅ 完成 [user1] shadowsocksrr/redsocks | 提取 0 | 新增 0 | 耗时 0s | 配额 4719/4800 11:07UTC | 主队列 2/200 发现队列 0/20000 [空]
[2026-08-05 19:07:14] [W-8] ✅ 完成 [user1] shadowsocksrr/proxychains-ng | 提取 0 | 新增 0 | 耗时 0s | 配额 4719/4800 11:07UTC | 主队列 2/200 发现队列 0/20000 [空]
[2026-08-05 19:07:14] [W-1] ✅ 完成 [user1] shadowsocksrr/pdnsd | 提取 0 | 新增 0 | 耗时 0s | 配额 4719/4800 11:07UTC | 主队列 2/200 发现队列 0/20000 [空]
[2026-08-05 19:07:14] [W-23] ✅ 完成 [user1] shadowsocksrr/shadowsocksX-NG-R-ACL | 提取 0 | 新增 0 | 耗时 0s | 配额 4719/4800 11:07UTC | 主队列 2/200 发现队列 0/20000 [空]
[2026-08-05 19:07:14] [W-0] ✅ 完成 [user1] shadowsocksrr/libevent | 提取 0 | 新增 0 | 耗时 0s | 配额 4719/4800 11:07UTC | 主队列 2/200 发现队列 0/20000 [空]
[2026-08-05 19:07:14] [W-19] ✅ 完成 [user1] shadowsocksrr/openwrt-shadowsocksR-libev-full | 提取 0 | 新增 0 | 耗时 0s | 配额 4719/4800 11:07UTC | 主队列 2/200 发现队列 0/20000 [空]
[2026-08-05 19:07:14] [W-16] ✅ 完成 [user1] shadowsocksrr/ssr868 | 提取 0 | 新增 0 | 耗时 0s | 配额 4719/4800 11:07UTC | 主队列 2/200 发现队列 0/20000 [空]
[2026-08-05 19:07:14] [W-2] ✅ 完成 [user1] shadowsocksrr/electron-ssr | 提取 0 | 新增 0 | 耗时 0s | 配额 4719/4800 11:07UTC | 主队列 2/200 发现队列 0/20000 [空]
[2026-08-05 19:07:14] [W-5] ✅ 完成 [user1] shadowsocksrr/libsscrypto | 提取 0 | 新增 0 | 耗时 0s | 配额 4719/4800 11:07UTC | 主队列 2/200 发现队列 0/20000 [空]
[2026-08-05 19:07:14] [W-17] ✅ 完成 [user1] shadowsocksrr/libancillary | 提取 0 | 新增 0 | 耗时 0s | 配额 4719/4800 11:07UTC | 主队列 2/200 发现队列 0/20000 [空]
[2026-08-05 19:07:14] [W-7] ✅ 完成 [种子仓库] LoneKingCode/free-proxy-db | 提取 0 | 新增 0 | 耗时 4s | 配额 4719/4800 11:07UTC | 主队列 2/200 发现队列 0/20000 [空]
[2026-08-05 19:07:14] [W-6] ⏭️ [种子仓库] 仓库 https://github.com/AtenaPV/Sub-Sync 139h 未更新，跳过解析（无需追踪）
[2026-08-05 19:07:14] [W-6] ✅ 完成 [种子仓库] AtenaPV/Sub-Sync | 提取 0 | 新增 0 | 耗时 2s | 配额 4718/4800 11:07UTC | 主队列 2/200 发现队列 0/20000 [空]
[2026-08-05 19:07:16] [种子] 🔵 [种子 27/616] ehsanghaffar/config-sub-platform | 配额 4717/4800 11:07UTC | 主队列 3/200 发现队列 0/20000 [空]
[2026-08-05 19:07:16] [W-21] ⏭️ [种子仓库] 仓库 https://github.com/mahdibland/ShadowsocksAggregator 已解析，跳过解析（无需追踪）
[2026-08-05 19:07:16] [W-21] ✅ 完成 [种子仓库] mahdibland/ShadowsocksAggregator | 提取 0 | 新增 0 | 耗时 4s | 配额 4716/4800 11:07UTC | 主队列 3/200 发现队列 0/20000 [空]
[2026-08-05 19:07:16] [ThreadPoolExecutor-0_0]   👤 用户仓库: 30 个 → 主队列 3/200 发现队列 30/20000 [[user1]:30]
[2026-08-05 19:07:16] [ThreadPoolExecutor-0_0]   用户 qinyuhang 共查 30 个仓库
[2026-08-05 19:07:16] [W-3] 🔧 开始处理 [user1] qinyuhang/ipatool
[2026-08-05 19:07:16] [W-3] ⏭️ [user1] 仓库 https://github.com/qinyuhang/ipatool 26h 未更新，跳过解析（无需追踪）
[2026-08-05 19:07:16] [W-3] ✅ 完成 [user1] qinyuhang/ipatool | 提取 0 | 新增 0 | 耗时 0s | 配额 4715/4800 11:07UTC | 主队列 3/200 发现队列 29/20000 [[user1]:29]
[2026-08-05 19:07:16] [W-3] 🔧 开始处理 [user1] qinyuhang/qinyuhang.github.io
[2026-08-05 19:07:16] [W-3] ⏭️ [user1] 仓库 https://github.com/qinyuhang/qinyuhang.github.io 29h 未更新，跳过解析（无需追踪）
[2026-08-05 19:07:16] [W-3] ✅ 完成 [user1] qinyuhang/qinyuhang.github.io | 提取 0 | 新增 0 | 耗时 0s | 配额 4715/4800 11:07UTC | 主队列 3/200 发现队列 28/20000 [[user1]:28]
[2026-08-05 19:07:16] [W-3] 🔧 开始处理 [user1] qinyuhang/ShadowsocksX-NG-R
[2026-08-05 19:07:16] [W-3] ⏭️ [user1] 仓库 https://github.com/qinyuhang/ShadowsocksX-NG-R 55089h 未更新，跳过解析（无需追踪）
[2026-08-05 19:07:16] [W-3] ✅ 完成 [user1] qinyuhang/ShadowsocksX-NG-R | 提取 0 | 新增 0 | 耗时 0s | 配额 4715/4800 11:07UTC | 主队列 3/200 发现队列 27/20000 [[user1]:27]
[2026-08-05 19:07:16] [W-3] 🔧 开始处理 [user1] qinyuhang/meow-rs
[2026-08-05 19:07:16] [W-3] ⏭️ [user1] 仓库 https://github.com/qinyuhang/meow-rs 314h 未更新，跳过解析（无需追踪）
[2026-08-05 19:07:16] [W-3] ✅ 完成 [user1] qinyuhang/meow-rs | 提取 0 | 新增 0 | 耗时 0s | 配额 4715/4800 11:07UTC | 主队列 3/200 发现队列 26/20000 [[user1]:26]
[2026-08-05 19:07:16] [W-3] 🔧 开始处理 [user1] qinyuhang/all-in-one
[2026-08-05 19:07:16] [W-3] ⏭️ [user1] 仓库 https://github.com/qinyuhang/all-in-one 578h 未更新，跳过解析（无需追踪）
[2026-08-05 19:07:16] [W-3] ✅ 完成 [user1] qinyuhang/all-in-one | 提取 0 | 新增 0 | 耗时 0s | 配额 4715/4800 11:07UTC | 主队列 3/200 发现队列 25/20000 [[user1]:25]
[2026-08-05 19:07:16] [W-3] 🔧 开始处理 [user1] qinyuhang/simadmin
[2026-08-05 19:07:16] [W-3] ⏭️ [user1] 仓库 https://github.com/qinyuhang/simadmin 768h 未更新，跳过解析（无需追踪）
[2026-08-05 19:07:16] [W-3] ✅ 完成 [user1] qinyuhang/simadmin | 提取 0 | 新增 0 | 耗时 0s | 配额 4715/4800 11:07UTC | 主队列 3/200 发现队列 24/20000 [[user1]:24]
[2026-08-05 19:07:16] [W-3] 🔧 开始处理 [user1] qinyuhang/assppweb-compose
[2026-08-05 19:07:16] [W-3] ⏭️ [user1] 仓库 https://github.com/qinyuhang/assppweb-compose 1057h 未更新，跳过解析（无需追踪）
[2026-08-05 19:07:16] [W-3] ✅ 完成 [user1] qinyuhang/assppweb-compose | 提取 0 | 新增 0 | 耗时 0s | 配额 4715/4800 11:07UTC | 主队列 3/200 发现队列 23/20000 [[user1]:23]
[2026-08-05 19:07:16] [W-3] 🔧 开始处理 [user1] qinyuhang/pve-steam
[2026-08-05 19:07:16] [W-3] ⏭️ [user1] 仓库 https://github.com/qinyuhang/pve-steam 3581h 未更新，跳过解析（无需追踪）
[2026-08-05 19:07:16] [W-3] ✅ 完成 [user1] qinyuhang/pve-steam | 提取 0 | 新增 0 | 耗时 0s | 配额 4715/4800 11:07UTC | 主队列 3/200 发现队列 22/20000 [[user1]:22]
[2026-08-05 19:07:16] [W-3] 🔧 开始处理 [user1] qinyuhang/wasm-pack
[2026-08-05 19:07:16] [W-3] ⏭️ [user1] 仓库 https://github.com/qinyuhang/wasm-pack 2369h 未更新，跳过解析（无需追踪）
[2026-08-05 19:07:16] [W-3] ✅ 完成 [user1] qinyuhang/wasm-pack | 提取 0 | 新增 0 | 耗时 0s | 配额 4715/4800 11:07UTC | 主队列 3/200 发现队列 21/20000 [[user1]:21]
[2026-08-05 19:07:16] [W-3] 🔧 开始处理 [user1] qinyuhang/Ventoy
[2026-08-05 19:07:16] [W-3] ⏭️ [user1] 仓库 https://github.com/qinyuhang/Ventoy 2711h 未更新，跳过解析（无需追踪）
[2026-08-05 19:07:16] [W-3] ✅ 完成 [user1] qinyuhang/Ventoy | 提取 0 | 新增 0 | 耗时 0s | 配额 4715/4800 11:07UTC | 主队列 3/200 发现队列 20/20000 [[user1]:20]
[2026-08-05 19:07:16] [W-3] 🔧 开始处理 [user1] qinyuhang/Sub-Store
[2026-08-05 19:07:16] [W-3] ⏭️ [user1] 仓库 https://github.com/qinyuhang/Sub-Store 2793h 未更新，跳过解析（无需追踪）
[2026-08-05 19:07:16] [W-3] ✅ 完成 [user1] qinyuhang/Sub-Store | 提取 0 | 新增 0 | 耗时 0s | 配额 4715/4800 11:07UTC | 主队列 3/200 发现队列 19/20000 [[user1]:19]
[2026-08-05 19:07:16] [W-3] 🔧 开始处理 [user1] qinyuhang/dotfiles
[2026-08-05 19:07:16] [W-3] ⏭️ [user1] 仓库 https://github.com/qinyuhang/dotfiles 2864h 未更新，跳过解析（无需追踪）
[2026-08-05 19:07:16] [W-3] ✅ 完成 [user1] qinyuhang/dotfiles | 提取 0 | 新增 0 | 耗时 0s | 配额 4715/4800 11:07UTC | 主队列 3/200 发现队列 18/20000 [[user1]:18]
[2026-08-05 19:07:16] [W-3] 🔧 开始处理 [user1] qinyuhang/luci-app-xray
[2026-08-05 19:07:16] [W-3] ⏭️ [user1] 仓库 https://github.com/qinyuhang/luci-app-xray 2961h 未更新，跳过解析（无需追踪）
[2026-08-05 19:07:16] [W-3] ✅ 完成 [user1] qinyuhang/luci-app-xray | 提取 0 | 新增 0 | 耗时 0s | 配额 4715/4800 11:07UTC | 主队列 3/200 发现队列 17/20000 [[user1]:17]
[2026-08-05 19:07:16] [W-3] 🔧 开始处理 [user1] qinyuhang/my_immortal_wrt
[2026-08-05 19:07:16] [W-3] ⏭️ [user1] 仓库 https://github.com/qinyuhang/my_immortal_wrt 3187h 未更新，跳过解析（无需追踪）
[2026-08-05 19:07:16] [W-3] ✅ 完成 [user1] qinyuhang/my_immortal_wrt | 提取 0 | 新增 0 | 耗时 0s | 配额 4715/4800 11:07UTC | 主队列 3/200 发现队列 16/20000 [[user1]:16]
[2026-08-05 19:07:16] [W-3] 🔧 开始处理 [user1] qinyuhang/subconverter
[2026-08-05 19:07:16] [W-3] ⏭️ [user1] 仓库 https://github.com/qinyuhang/subconverter 3765h 未更新，跳过解析（无需追踪）
[2026-08-05 19:07:16] [W-3] ✅ 完成 [user1] qinyuhang/subconverter | 提取 0 | 新增 0 | 耗时 0s | 配额 4715/4800 11:07UTC | 主队列 3/200 发现队列 15/20000 [[user1]:15]
[2026-08-05 19:07:16] [W-3] 🔧 开始处理 [user1] qinyuhang/zeroclaw
[2026-08-05 19:07:16] [W-3] ⏭️ [user1] 仓库 https://github.com/qinyuhang/zeroclaw 4087h 未更新，跳过解析（无需追踪）
[2026-08-05 19:07:16] [W-3] ✅ 完成 [user1] qinyuhang/zeroclaw | 提取 0 | 新增 0 | 耗时 0s | 配额 4715/4800 11:07UTC | 主队列 3/200 发现队列 14/20000 [[user1]:14]
[2026-08-05 19:07:16] [W-3] 🔧 开始处理 [user1] qinyuhang/lobe-chat
[2026-08-05 19:07:16] [W-3] ⏭️ [user1] 仓库 https://github.com/qinyuhang/lobe-chat 4283h 未更新，跳过解析（无需追踪）
[2026-08-05 19:07:16] [W-3] ✅ 完成 [user1] qinyuhang/lobe-chat | 提取 0 | 新增 0 | 耗时 0s | 配额 4715/4800 11:07UTC | 主队列 3/200 发现队列 13/20000 [[user1]:13]
[2026-08-05 19:07:16] [W-3] 🔧 开始处理 [user1] qinyuhang/version_saver
[2026-08-05 19:07:16] [W-3] ⏭️ [user1] 仓库 https://github.com/qinyuhang/version_saver 4437h 未更新，跳过解析（无需追踪）
[2026-08-05 19:07:16] [W-3] ✅ 完成 [user1] qinyuhang/version_saver | 提取 0 | 新增 0 | 耗时 0s | 配额 4715/4800 11:07UTC | 主队列 3/200 发现队列 12/20000 [[user1]:12]
[2026-08-05 19:07:16] [W-3] 🔧 开始处理 [user1] qinyuhang/git-rs
[2026-08-05 19:07:16] [W-3] ⏭️ [user1] 仓库 https://github.com/qinyuhang/git-rs 4750h 未更新，跳过解析（无需追踪）
[2026-08-05 19:07:16] [W-3] ✅ 完成 [user1] qinyuhang/git-rs | 提取 0 | 新增 0 | 耗时 0s | 配额 4715/4800 11:07UTC | 主队列 3/200 发现队列 11/20000 [[user1]:11]
[2026-08-05 19:07:16] [W-3] 🔧 开始处理 [user1] qinyuhang/dev-mini-docker
[2026-08-05 19:07:16] [W-3] ⏭️ [user1] 仓库 https://github.com/qinyuhang/dev-mini-docker 4831h 未更新，跳过解析（无需追踪）
[2026-08-05 19:07:16] [W-3] ✅ 完成 [user1] qinyuhang/dev-mini-docker | 提取 0 | 新增 0 | 耗时 0s | 配额 4715/4800 11:07UTC | 主队列 3/200 发现队列 10/20000 [[user1]:10]
[2026-08-05 19:07:16] [W-3] 🔧 开始处理 [user1] qinyuhang/Sabaki
[2026-08-05 19:07:16] [W-3] ⏭️ [user1] 仓库 https://github.com/qinyuhang/Sabaki 20770h 未更新，跳过解析（无需追踪）
[2026-08-05 19:07:16] [W-3] ✅ 完成 [user1] qinyuhang/Sabaki | 提取 0 | 新增 0 | 耗时 0s | 配额 4715/4800 11:07UTC | 主队列 3/200 发现队列 9/20000 [[user1]:9]
[2026-08-05 19:07:16] [W-3] 🔧 开始处理 [user1] qinyuhang/Surround
[2026-08-05 19:07:16] [W-3] ⏭️ [user1] 仓库 https://github.com/qinyuhang/Surround 5401h 未更新，跳过解析（无需追踪）
[2026-08-05 19:07:16] [W-3] ✅ 完成 [user1] qinyuhang/Surround | 提取 0 | 新增 0 | 耗时 0s | 配额 4715/4800 11:07UTC | 主队列 3/200 发现队列 8/20000 [[user1]:8]
[2026-08-05 19:07:16] [W-3] 🔧 开始处理 [user1] qinyuhang/alpha-zero-tool
[2026-08-05 19:07:16] [W-3] ⏭️ [user1] 仓库 https://github.com/qinyuhang/alpha-zero-tool 5447h 未更新，跳过解析（无需追踪）
[2026-08-05 19:07:16] [W-3] ✅ 完成 [user1] qinyuhang/alpha-zero-tool | 提取 0 | 新增 0 | 耗时 0s | 配额 4715/4800 11:07UTC | 主队列 3/200 发现队列 7/20000 [[user1]:7]
[2026-08-05 19:07:16] [W-3] 🔧 开始处理 [user1] qinyuhang/oxc
[2026-08-05 19:07:16] [W-3] ⏭️ [user1] 仓库 https://github.com/qinyuhang/oxc 4687h 未更新，跳过解析（无需追踪）
[2026-08-05 19:07:16] [W-3] ✅ 完成 [user1] qinyuhang/oxc | 提取 0 | 新增 0 | 耗时 0s | 配额 4715/4800 11:07UTC | 主队列 3/200 发现队列 6/20000 [[user1]:6]
[2026-08-05 19:07:16] [W-3] 🔧 开始处理 [user1] qinyuhang/go-lc
[2026-08-05 19:07:16] [W-3] ⏭️ [user1] 仓库 https://github.com/qinyuhang/go-lc 5971h 未更新，跳过解析（无需追踪）
[2026-08-05 19:07:16] [W-3] ✅ 完成 [user1] qinyuhang/go-lc | 提取 0 | 新增 0 | 耗时 0s | 配额 4715/4800 11:07UTC | 主队列 3/200 发现队列 5/20000 [[user1]:5]
[2026-08-05 19:07:16] [W-3] 🔧 开始处理 [user1] qinyuhang/HongLouMeng-ZhiPingBen
[2026-08-05 19:07:16] [W-3] ⏭️ [user1] 仓库 https://github.com/qinyuhang/HongLouMeng-ZhiPingBen 33632h 未更新，跳过解析（无需追踪）
[2026-08-05 19:07:16] [W-3] ✅ 完成 [user1] qinyuhang/HongLouMeng-ZhiPingBen | 提取 0 | 新增 0 | 耗时 0s | 配额 4715/4800 11:07UTC | 主队列 3/200 发现队列 4/20000 [[user1]:4]
[2026-08-05 19:07:16] [W-3] 🔧 开始处理 [user1] qinyuhang/yaic
[2026-08-05 19:07:16] [W-3] ⚠️ [user1] 仓库 https://github.com/qinyuhang/yaic 大小为 0，跳过
[2026-08-05 19:07:16] [W-3] ✅ 完成 [user1] qinyuhang/yaic | 提取 0 | 新增 0 | 耗时 0s | 配额 4715/4800 11:07UTC | 主队列 3/200 发现队列 3/20000 [[user1]:3]
[2026-08-05 19:07:16] [W-3] 🔧 开始处理 [user1] qinyuhang/oui
[2026-08-05 19:07:16] [W-3] ⏭️ [user1] 仓库 https://github.com/qinyuhang/oui 42032h 未更新，跳过解析（无需追踪）
[2026-08-05 19:07:16] [W-3] ✅ 完成 [user1] qinyuhang/oui | 提取 0 | 新增 0 | 耗时 0s | 配额 4715/4800 11:07UTC | 主队列 3/200 发现队列 2/20000 [[user1]:2]
[2026-08-05 19:07:16] [W-3] 🔧 开始处理 [user1] qinyuhang/demo
[2026-08-05 19:07:16] [W-3] ⏭️ [user1] 仓库 https://github.com/qinyuhang/demo 10377h 未更新，跳过解析（无需追踪）
[2026-08-05 19:07:16] [W-3] ✅ 完成 [user1] qinyuhang/demo | 提取 0 | 新增 0 | 耗时 0s | 配额 4715/4800 11:07UTC | 主队列 3/200 发现队列 1/20000 [[user1]:1]
[2026-08-05 19:07:16] [W-3] 🔧 开始处理 [user1] qinyuhang/Blocker2
[2026-08-05 19:07:16] [W-3] ⏭️ [user1] 仓库 https://github.com/qinyuhang/Blocker2 111070h 未更新，跳过解析（无需追踪）
[2026-08-05 19:07:16] [W-3] ✅ 完成 [user1] qinyuhang/Blocker2 | 提取 0 | 新增 0 | 耗时 0s | 配额 4715/4800 11:07UTC | 主队列 3/200 发现队列 0/20000 [空]
[2026-08-05 19:07:16] [W-14] 🌱 加入种子: Pawdroid/Free-servers (+276 节点)
[2026-08-05 19:07:16] [W-14] ✅ 完成 [种子仓库] Pawdroid/Free-servers | 提取 626 | 新增 276 | 耗时 48s | 配额 4715/4800 11:07UTC | 主队列 3/200 发现队列 0/20000 [空]
[2026-08-05 19:07:16] [种子] 🔵 [种子 28/616] Airuop/config-fetcher | 配额 4715/4800 11:07UTC | 主队列 4/200 发现队列 0/20000 [空]
[2026-08-05 19:07:17] [种子] 🔵 [种子 29/616] free-nodes/v2rayfree | 配额 4715/4800 11:07UTC | 主队列 5/200 发现队列 0/20000 [空]
[2026-08-05 19:07:17] [种子] 🔵 [种子 30/616] crashgfw/free-airport-nodes | 配额 4715/4800 11:07UTC | 主队列 6/200 发现队列 0/20000 [空]
[2026-08-05 19:07:18] [种子] 🔵 [种子 31/616] lza6/free-VPN | 配额 4715/4800 11:07UTC | 主队列 7/200 发现队列 0/20000 [空]
[2026-08-05 19:07:18] [种子] 🔵 [种子 32/616] guying23/AutoMergePublicNodes | 配额 4715/4800 11:07UTC | 主队列 8/200 发现队列 0/20000 [空]
[2026-08-05 19:07:19] [种子] 🔵 [种子 33/616] wzdnzd/aggregator | 配额 4715/4800 11:07UTC | 主队列 9/200 发现队列 0/20000 [空]
[2026-08-05 19:07:19] [种子] 🔵 [种子 34/616] bruceblink/free-v2ray | 配额 4715/4800 11:07UTC | 主队列 10/200 发现队列 0/20000 [空]
[2026-08-05 19:07:20] [种子] 🔵 [种子 35/616] MhdiTaheri/V2rayCollector_Py | 配额 4715/4800 11:07UTC | 主队列 11/200 发现队列 0/20000 [空]
[2026-08-05 19:07:20] [种子] 🔵 [种子 36/616] alanbobs999/TopFreeProxies | 配额 4715/4800 11:07UTC | 主队列 12/200 发现队列 0/20000 [空]
[2026-08-05 19:07:21] [种子] 🔵 [种子 37/616] wrfree/free | 配额 4715/4800 11:07UTC | 主队列 13/200 发现队列 0/20000 [空]
[2026-08-05 19:07:21] [种子] 🔵 [种子 38/616] learnhard-cn/free_proxy_ss | 配额 4715/4800 11:07UTC | 主队列 14/200 发现队列 0/20000 [空]
[2026-08-05 19:07:22] [种子] 🔵 [种子 39/616] Misaka-blog/chromego_merge | 配额 4715/4800 11:07UTC | 主队列 15/200 发现队列 0/20000 [空]
[2026-08-05 19:07:22] [种子] 🔵 [种子 40/616] mahsanet/MahsaFreeConfig | 配额 4715/4800 11:07UTC | 主队列 16/200 发现队列 0/20000 [空]
[2026-08-05 19:07:23] [种子] 🔵 [种子 41/616] Ashkan-m/v2ray | 配额 4715/4800 11:07UTC | 主队列 17/200 发现队列 0/20000 [空]
[2026-08-05 19:07:23] [种子] 🔵 [种子 42/616] Kamyar19/configMs | 配额 4715/4800 11:07UTC | 主队列 18/200 发现队列 0/20000 [空]
[2026-08-05 19:07:24] [W-0] 🔧 开始处理 [种子仓库] sevcator/5ubscrpt10n
[2026-08-05 19:07:24] [W-0] ⏭️ [种子仓库] 仓库 https://github.com/sevcator/5ubscrpt10n 155h 未更新，跳过解析（无需追踪）
[2026-08-05 19:07:24] [W-0] ✅ 完成 [种子仓库] sevcator/5ubscrpt10n | 提取 0 | 新增 0 | 耗时 0s | 配额 4714/4800 11:07UTC | 主队列 17/200 发现队列 0/20000 [空]
[2026-08-05 19:07:24] [种子] 🔵 [种子 43/616] junjun266/FreeProxyGo | 配额 4714/4800 11:07UTC | 主队列 18/200 发现队列 0/20000 [空]
[2026-08-05 19:07:24] [种子] 🔵 [种子 44/616] imalyzer/mihomo-node-checker | 配额 4714/4800 11:07UTC | 主队列 19/200 发现队列 0/20000 [空]
[2026-08-05 19:07:25] [种子] 🔵 [种子 45/616] lerjtl/Testfree | 配额 4714/4800 11:07UTC | 主队列 20/200 发现队列 0/20000 [空]
[2026-08-05 19:07:25] [种子] 🔵 [种子 46/616] wenxig/free-nodes-sub | 配额 4714/4800 11:07UTC | 主队列 21/200 发现队列 0/20000 [空]
[2026-08-05 19:07:26] [种子] 🔵 [种子 47/616] superokde/free-nodes | 配额 4714/4800 11:07UTC | 主队列 22/200 发现队列 0/20000 [空]
[2026-08-05 19:07:26] [种子] 🔵 [种子 48/616] XHegit/FreeNodes | 配额 4714/4800 11:07UTC | 主队列 23/200 发现队列 0/20000 [空]
[2026-08-05 19:07:27] [种子] 🔵 [种子 49/616] Yannik666/nodes | 配额 4714/4800 11:07UTC | 主队列 24/200 发现队列 0/20000 [空]
[2026-08-05 19:07:27] [种子] 🔵 [种子 50/616] wanvfx/FreeNodes | 配额 4714/4800 11:07UTC | 主队列 25/200 发现队列 0/20000 [空]
[2026-08-05 19:07:28] [种子] 🔵 [种子 51/616] luochen1975/FreeNodes | 配额 4714/4800 11:07UTC | 主队列 26/200 发现队列 0/20000 [空]
[2026-08-05 19:07:28] [种子] 🔵 [种子 52/616] wang1680/proxypool | 配额 4714/4800 11:07UTC | 主队列 27/200 发现队列 0/20000 [空]
[2026-08-05 19:07:29] [W-9] 🔧 开始处理 [种子仓库] V2RayRoot/V2RayConfig
[2026-08-05 19:07:29] [W-15] 🔧 开始处理 [种子仓库] ehsanghaffar/config-sub-platform
[2026-08-05 19:07:29] [W-11] 🔧 开始处理 [种子仓库] Airuop/config-fetcher
[2026-08-05 19:07:29] [W-1] 🔧 开始处理 [种子仓库] free-nodes/v2rayfree
[2026-08-05 19:07:29] [W-23] 🔧 开始处理 [种子仓库] crashgfw/free-airport-nodes
[2026-08-05 19:07:29] [W-16] 🔧 开始处理 [种子仓库] lza6/free-VPN
[2026-08-05 19:07:29] [W-17] 🔧 开始处理 [种子仓库] guying23/AutoMergePublicNodes
[2026-08-05 19:07:29] [W-2] 🔧 开始处理 [种子仓库] wzdnzd/aggregator
[2026-08-05 19:07:29] [W-15] ⏭️ [种子仓库] 仓库 https://github.com/ehsanghaffar/config-sub-platform 1654h 未更新，跳过解析（无需追踪）
[2026-08-05 19:07:29] [W-15] ✅ 完成 [种子仓库] ehsanghaffar/config-sub-platform | 提取 0 | 新增 0 | 耗时 0s | 配额 4713/4800 11:07UTC | 主队列 19/200 发现队列 0/20000 [空]
[2026-08-05 19:07:29] [W-2] ⏭️ [种子仓库] 仓库 https://github.com/wzdnzd/aggregator 323h 未更新，跳过解析（无需追踪）
[2026-08-05 19:07:29] [W-2] ✅ 完成 [种子仓库] wzdnzd/aggregator | 提取 0 | 新增 0 | 耗时 0s | 配额 4712/4800 11:07UTC | 主队列 19/200 发现队列 0/20000 [空]
[2026-08-05 19:07:29] [W-1] ⏭️ [种子仓库] 仓库 https://github.com/free-nodes/v2rayfree 已解析，跳过解析（无需追踪）
[2026-08-05 19:07:29] [W-1] ✅ 完成 [种子仓库] free-nodes/v2rayfree | 提取 0 | 新增 0 | 耗时 0s | 配额 4711/4800 11:07UTC | 主队列 19/200 发现队列 0/20000 [空]
[2026-08-05 19:07:29] [W-16] ⏭️ [种子仓库] 仓库 https://github.com/lza6/free-VPN 4348h 未更新，跳过解析（无需追踪）
[2026-08-05 19:07:29] [W-16] ✅ 完成 [种子仓库] lza6/free-VPN | 提取 0 | 新增 0 | 耗时 0s | 配额 4710/4800 11:07UTC | 主队列 19/200 发现队列 0/20000 [空]
[2026-08-05 19:07:29] [W-23] ⏭️ [种子仓库] 仓库 https://github.com/crashgfw/free-airport-nodes 已解析，跳过解析（无需追踪）
[2026-08-05 19:07:29] [W-23] ✅ 完成 [种子仓库] crashgfw/free-airport-nodes | 提取 0 | 新增 0 | 耗时 0s | 配额 4709/4800 11:07UTC | 主队列 19/200 发现队列 0/20000 [空]
[2026-08-05 19:07:29] [W-9] ⏭️ [种子仓库] 仓库 https://github.com/V2RayRoot/V2RayConfig 已解析，跳过解析（无需追踪）
[2026-08-05 19:07:29] [W-9] ✅ 完成 [种子仓库] V2RayRoot/V2RayConfig | 提取 0 | 新增 0 | 耗时 0s | 配额 4708/4800 11:07UTC | 主队列 19/200 发现队列 0/20000 [空]
[2026-08-05 19:07:29] [W-17] ⏭️ [种子仓库] 仓库 https://github.com/guying23/AutoMergePublicNodes 8786h 未更新，跳过解析（无需追踪）
[2026-08-05 19:07:29] [W-17] ✅ 完成 [种子仓库] guying23/AutoMergePublicNodes | 提取 0 | 新增 0 | 耗时 0s | 配额 4707/4800 11:07UTC | 主队列 19/200 发现队列 0/20000 [空]
[2026-08-05 19:07:29] [种子] 🔵 [种子 53/616] yangfh158/FreeNodes | 配额 4707/4800 11:07UTC | 主队列 20/200 发现队列 0/20000 [空]
[2026-08-05 19:07:29] [W-11] ⏭️ [种子仓库] 仓库 https://github.com/Airuop/config-fetcher 13482h 未更新，跳过解析（无需追踪）
[2026-08-05 19:07:29] [W-11] ✅ 完成 [种子仓库] Airuop/config-fetcher | 提取 0 | 新增 0 | 耗时 0s | 配额 4706/4800 11:07UTC | 主队列 20/200 发现队列 0/20000 [空]
[2026-08-05 19:07:29] [种子] 🔵 [种子 54/616] chengege666/FreeNodes | 配额 4706/4800 11:07UTC | 主队列 21/200 发现队列 0/20000 [空]
[2026-08-05 19:07:30] [种子] 🔵 [种子 55/616] gwcctv/FreeNodes | 配额 4706/4800 11:07UTC | 主队列 22/200 发现队列 0/20000 [空]
[2026-08-05 19:07:30] [种子] 🔵 [种子 56/616] HakurouKen/free-node | 配额 4706/4800 11:07UTC | 主队列 23/200 发现队列 0/20000 [空]
[2026-08-05 19:07:31] [种子] 🔵 [种子 57/616] PENZA84/free-node | 配额 4706/4800 11:07UTC | 主队列 24/200 发现队列 0/20000 [空]
[2026-08-05 19:07:31] [W-3] 🔧 开始处理 [种子仓库] bruceblink/free-v2ray
[2026-08-05 19:07:31] [W-14] 🔧 开始处理 [种子仓库] MhdiTaheri/V2rayCollector_Py
[2026-08-05 19:07:31] [W-14] ⏭️ [种子仓库] 仓库 https://github.com/MhdiTaheri/V2rayCollector_Py 已解析，跳过解析（无需追踪）
[2026-08-05 19:07:31] [W-14] ✅ 完成 [种子仓库] MhdiTaheri/V2rayCollector_Py | 提取 0 | 新增 0 | 耗时 0s | 配额 4705/4800 11:07UTC | 主队列 22/200 发现队列 0/20000 [空]
[2026-08-05 19:07:32] [种子] 🔵 [种子 58/616] soufranciscoescola-png/Criar-fonte-TTF---BR---draw-your-font | 配额 4705/4800 11:07UTC | 主队列 23/200 发现队列 0/20000 [空]
[2026-08-05 19:07:32] [W-3] ⏭️ [种子仓库] 仓库 https://github.com/bruceblink/free-v2ray 8938h 未更新，跳过解析（无需追踪）
[2026-08-05 19:07:32] [W-3] ✅ 完成 [种子仓库] bruceblink/free-v2ray | 提取 0 | 新增 0 | 耗时 0s | 配额 4704/4800 11:07UTC | 主队列 23/200 发现队列 0/20000 [空]
[2026-08-05 19:07:32] [种子] 🔵 [种子 59/616] cheryomukhin/draw-your-font | 配额 4704/4800 11:07UTC | 主队列 24/200 发现队列 0/20000 [空]
[2026-08-05 19:07:33] [种子] 🔵 [种子 60/616] dhiaeddine-ayh/draw-your-font | 配额 4704/4800 11:07UTC | 主队列 25/200 发现队列 0/20000 [空]
[2026-08-05 19:07:33] [种子] 🔵 [种子 61/616] rrzt/FreeNodes | 配额 4704/4800 11:07UTC | 主队列 26/200 发现队列 0/20000 [空]
[2026-08-05 19:07:34] [种子] 🔵 [种子 62/616] cyj4215/FreeNodes | 配额 4704/4800 11:07UTC | 主队列 27/200 发现队列 0/20000 [空]
[2026-08-05 19:07:34] [W-18] 🔧 开始处理 [种子仓库] alanbobs999/TopFreeProxies
[2026-08-05 19:07:34] [W-8] 🔧 开始处理 [种子仓库] wrfree/free
[2026-08-05 19:07:34] [W-22] 🔧 开始处理 [种子仓库] learnhard-cn/free_proxy_ss
[2026-08-05 19:07:34] [W-20] 🔧 开始处理 [种子仓库] Misaka-blog/chromego_merge
[2026-08-05 19:07:34] [W-19] 🔧 开始处理 [种子仓库] mahsanet/MahsaFreeConfig
[2026-08-05 19:07:34] [W-8] ⏭️ [种子仓库] 仓库 https://github.com/wrfree/free 33635h 未更新，跳过解析（无需追踪）
[2026-08-05 19:07:34] [W-8] ✅ 完成 [种子仓库] wrfree/free | 提取 0 | 新增 0 | 耗时 0s | 配额 4703/4800 11:07UTC | 主队列 22/200 发现队列 0/20000 [空]
[2026-08-05 19:07:34] [W-19] [种子仓库] 仓库 https://github.com/mahsanet/MahsaFreeConfig (分支: main, size: 1351872KB, pushed: 2026-08-05T11:06:25Z)
[2026-08-05 19:07:34] [种子] 🔵 [种子 63/616] shenguidao/FreeNodes | 配额 4702/4800 11:07UTC | 主队列 23/200 发现队列 0/20000 [空]
[2026-08-05 19:07:34] [W-20] ⏭️ [种子仓库] 仓库 https://github.com/Misaka-blog/chromego_merge 已解析，跳过解析（无需追踪）
[2026-08-05 19:07:34] [W-20] ✅ 完成 [种子仓库] Misaka-blog/chromego_merge | 提取 0 | 新增 0 | 耗时 0s | 配额 4701/4800 11:07UTC | 主队列 23/200 发现队列 0/20000 [空]
[2026-08-05 19:07:34] repo info (alanbobs999/TopFreeProxies) 返回 403 (尝试 1/2)
[2026-08-05 19:07:34] repo info (alanbobs999/TopFreeProxies) 403（访问被拒，配额剩余 4173），跳过
[2026-08-05 19:07:34] [W-18] 🔍 仓库 alanbobs999/TopFreeProxies 无法访问，追踪用户
[2026-08-05 19:07:34] [W-18] 👤 [404user1] 遍历用户仓库: alanbobs999
[2026-08-05 19:07:34] [W-19] 仓库 https://github.com/mahsanet/MahsaFreeConfig 候选文件 4 个
[2026-08-05 19:07:34] [W-22] ⏭️ [种子仓库] 仓库 https://github.com/learnhard-cn/free_proxy_ss 20500h 未更新，跳过解析（无需追踪）
[2026-08-05 19:07:34] [W-22] ✅ 完成 [种子仓库] learnhard-cn/free_proxy_ss | 提取 0 | 新增 0 | 耗时 1s | 配额 4698/4800 11:07UTC | 主队列 23/200 发现队列 0/20000 [空]
[2026-08-05 19:07:34] user repos alanbobs999 (p1) 404，跳过
[2026-08-05 19:07:34] [W-18]   用户 alanbobs999 共查 0 个仓库
[2026-08-05 19:07:34] [W-18] ✅ 完成 [种子仓库] alanbobs999/TopFreeProxies | 提取 0 | 新增 0 | 耗时 1s | 配额 4697/4800 11:07UTC | 主队列 23/200 发现队列 0/20000 [空]
[2026-08-05 19:07:35] [种子] 🔵 [种子 64/616] jiayou88/FreeNodes- | 配额 4697/4800 11:07UTC | 主队列 24/200 发现队列 0/20000 [空]
[2026-08-05 19:07:35] [W-19] 🌱 加入种子: mahsanet/MahsaFreeConfig (+3 节点)
[2026-08-05 19:07:35] [W-19] ✅ 完成 [种子仓库] mahsanet/MahsaFreeConfig | 提取 7 | 新增 3 | 耗时 1s | 配额 4697/4800 11:07UTC | 主队列 24/200 发现队列 0/20000 [空]
[2026-08-05 19:07:35] [种子] 🔵 [种子 65/616] 4258806/FreeNodes | 配额 4697/4800 11:07UTC | 主队列 25/200 发现队列 0/20000 [空]
[2026-08-05 19:07:36] [种子] 🔵 [种子 66/616] muxd93/awesome-vpn | 配额 4697/4800 11:07UTC | 主队列 26/200 发现队列 0/20000 [空]
[2026-08-05 19:07:36] [种子] 🔵 [种子 67/616] Andyworldclub/openproxylist | 配额 4697/4800 11:07UTC | 主队列 27/200 发现队列 0/20000 [空]
[2026-08-05 19:07:37] [种子] 🔵 [种子 68/616] toda-adot/ACL4SSR | 配额 4697/4800 11:07UTC | 主队列 28/200 发现队列 0/20000 [空]
[2026-08-05 19:07:37] [种子] 🔵 [种子 69/616] superduke/ACL4SSR | 配额 4697/4800 11:07UTC | 主队列 29/200 发现队列 0/20000 [空]
[2026-08-05 19:07:38] [种子] 🔵 [种子 70/616] housaiyinmamaide/ACL4SSR | 配额 4697/4800 11:07UTC | 主队列 30/200 发现队列 0/20000 [空]
[2026-08-05 19:07:38] [种子] 🔵 [种子 71/616] fenwehome/ACL4SSR | 配额 4697/4800 11:07UTC | 主队列 31/200 发现队列 0/20000 [空]
[2026-08-05 19:07:39] [种子] 🔵 [种子 72/616] sclyxcn/ACL4SSR | 配额 4697/4800 11:07UTC | 主队列 32/200 发现队列 0/20000 [空]
[2026-08-05 19:07:39] [W-12] 🔧 开始处理 [种子仓库] Ashkan-m/v2ray
[2026-08-05 19:07:39] [W-12] ⏭️ [种子仓库] 仓库 https://github.com/Ashkan-m/v2ray 已解析，跳过解析（无需追踪）
[2026-08-05 19:07:39] [W-12] ✅ 完成 [种子仓库] Ashkan-m/v2ray | 提取 0 | 新增 0 | 耗时 0s | 配额 4696/4800 11:07UTC | 主队列 31/200 发现队列 0/20000 [空]
[2026-08-05 19:07:39] [种子] 🔵 [种子 73/616] lilikimi/ACL4SSR | 配额 4696/4800 11:07UTC | 主队列 32/200 发现队列 0/20000 [空]
[2026-08-05 19:07:40] [种子] 🔵 [种子 74/616] zhalkzs/ACL4SSR | 配额 4696/4800 11:07UTC | 主队列 33/200 发现队列 0/20000 [空]
[2026-08-05 19:07:40] [种子] 🔵 [种子 75/616] orionmeetartemis/ACL4SSR | 配额 4696/4800 11:07UTC | 主队列 34/200 发现队列 0/20000 [空]
[2026-08-05 19:07:41] [种子] 🔵 [种子 76/616] cmliu/ACL4SSR | 配额 4696/4800 11:07UTC | 主队列 35/200 发现队列 0/20000 [空]
[2026-08-05 19:07:41] [种子] 🔵 [种子 77/616] zwdnwlm/ACL4SSR | 配额 4696/4800 11:07UTC | 主队列 36/200 发现队列 0/20000 [空]
[2026-08-05 19:07:42] [种子] 🔵 [种子 78/616] csxjf/ACL4SSR | 配额 4696/4800 11:07UTC | 主队列 37/200 发现队列 0/20000 [空]
[2026-08-05 19:07:42] [种子] 🔵 [种子 79/616] yilong001/ACL4SSR | 配额 4696/4800 11:07UTC | 主队列 38/200 发现队列 0/20000 [空]
[2026-08-05 19:07:43] [种子] 🔵 [种子 80/616] FaceAce1/ACL4SSR | 配额 4696/4800 11:07UTC | 主队列 39/200 发现队列 0/20000 [空]
[2026-08-05 19:07:43] [种子] 🔵 [种子 81/616] njuFerret/ACL4SSR | 配额 4696/4800 11:07UTC | 主队列 40/200 发现队列 0/20000 [空]
[2026-08-05 19:07:44] [种子] 🔵 [种子 82/616] kimmax603/ACL4SSR | 配额 4696/4800 11:07UTC | 主队列 41/200 发现队列 0/20000 [空]
[2026-08-05 19:07:44] [W-13] 🔧 开始处理 [种子仓库] Kamyar19/configMs
[2026-08-05 19:07:44] [W-13] ⏭️ [种子仓库] 仓库 https://github.com/Kamyar19/configMs 已解析，跳过解析（无需追踪）
[2026-08-05 19:07:44] [W-13] ✅ 完成 [种子仓库] Kamyar19/configMs | 提取 0 | 新增 0 | 耗时 0s | 配额 4695/4800 11:07UTC | 主队列 40/200 发现队列 0/20000 [空]
[2026-08-05 19:07:44] [种子] 🔵 [种子 83/616] chris202010/ACL4SSR | 配额 4695/4800 11:07UTC | 主队列 41/200 发现队列 0/20000 [空]
[2026-08-05 19:07:45] [种子] 🔵 [种子 84/616] wjs876046992/subconverter | 配额 4695/4800 11:07UTC | 主队列 42/200 发现队列 0/20000 [空]
[2026-08-05 19:07:45] [种子] 🔵 [种子 85/616] Wyatt36/SubConverter-Extended | 配额 4695/4800 11:07UTC | 主队列 43/200 发现队列 0/20000 [空]
[2026-08-05 19:07:46] [种子] 🔵 [种子 86/616] clift190/v2rayNG | 配额 4695/4800 11:07UTC | 主队列 44/200 发现队列 0/20000 [空]
[2026-08-05 19:07:46] [种子] 🔵 [种子 87/616] 2dust/v2rayNG | 配额 4695/4800 11:07UTC | 主队列 45/200 发现队列 0/20000 [空]
[2026-08-05 19:07:47] [种子] 🔵 [种子 88/616] clift190/v2rayN | 配额 4695/4800 11:07UTC | 主队列 46/200 发现队列 0/20000 [空]
[2026-08-05 19:07:47] [种子] 🔵 [种子 89/616] hncsjmj/v2rayN | 配额 4695/4800 11:07UTC | 主队列 47/200 发现队列 0/20000 [空]
[2026-08-05 19:07:48] [种子] 🔵 [种子 90/616] flyhong666/v2rayN | 配额 4695/4800 11:07UTC | 主队列 48/200 发现队列 0/20000 [空]
[2026-08-05 19:07:48] [种子] 🔵 [种子 91/616] alxprgs/v2rayNG | 配额 4695/4800 11:07UTC | 主队列 49/200 发现队列 0/20000 [空]
[2026-08-05 19:07:49] [种子] 🔵 [种子 92/616] AvetGR8/EasyV2raySub | 配额 4695/4800 11:07UTC | 主队列 50/200 发现队列 0/20000 [空]
[2026-08-05 19:07:49] [W-10] 🔧 开始处理 [种子仓库] junjun266/FreeProxyGo
[2026-08-05 19:07:49] [W-10] [种子仓库] 仓库 https://github.com/junjun266/FreeProxyGo (分支: main, size: 1645KB, pushed: 2026-08-05T11:00:01Z)
[2026-08-05 19:07:49] [种子] 🔵 [种子 93/616] Devindan/EasyV2raySub | 配额 4694/4800 11:07UTC | 主队列 50/200 发现队列 0/20000 [空]
[2026-08-05 19:07:49] [W-10] 仓库 https://github.com/junjun266/FreeProxyGo 候选文件 1 个
[2026-08-05 19:07:50] [种子] 🔵 [种子 94/616] symantes/v2rayN | 配额 4693/4800 11:07UTC | 主队列 51/200 发现队列 0/20000 [空]
[2026-08-05 19:07:50] [W-10] 📝 已处理缓存: junjun266/FreeProxyGo
[2026-08-05 19:07:50] [W-10] 🌱 加入种子: junjun266/FreeProxyGo (+4 节点)
[2026-08-05 19:07:50] [W-10] 🔗 [种子仓库] 查子仓库: junjun266/FreeProxyGo
[2026-08-05 19:07:50] [W-10]   🍴 子仓库: 4 个 → 主队列 51/200 发现队列 4/20000 [[fork1]:4]
[2026-08-05 19:07:50] [W-10] 🔗 [种子仓库] 开始 Fork 链追踪 (junjun266/FreeProxyGo)
[2026-08-05 19:07:50] [W-3] 🔧 开始处理 [fork1] minenike/FreeProxyGo
[2026-08-05 19:07:50] [W-3] 📝 已处理缓存: minenike/FreeProxyGo
[2026-08-05 19:07:50] [W-3] ⏭️ [fork1] 仓库 https://github.com/minenike/FreeProxyGo 231h 未更新，跳过解析（无需追踪）
[2026-08-05 19:07:50] [W-3] ✅ 完成 [fork1] minenike/FreeProxyGo | 提取 0 | 新增 0 | 耗时 0s | 配额 4692/4800 11:07UTC | 主队列 51/200 发现队列 0/20000 [空]
[2026-08-05 19:07:50] [W-21] 🔧 开始处理 [fork1] gickl/speed_7
[2026-08-05 19:07:50] [W-21] 📝 已处理缓存: gickl/speed_7
[2026-08-05 19:07:50] [W-21] ⏭️ [fork1] 仓库 https://github.com/gickl/speed_7 3467h 未更新，跳过解析（无需追踪）
[2026-08-05 19:07:50] [W-21] ✅ 完成 [fork1] gickl/speed_7 | 提取 0 | 新增 0 | 耗时 0s | 配额 4692/4800 11:07UTC | 主队列 51/200 发现队列 0/20000 [空]
[2026-08-05 19:07:50] [W-14] 🔧 开始处理 [fork1] dwg00611-stack/FreeProxyGo-1
[2026-08-05 19:07:50] [W-14] 📝 已处理缓存: dwg00611-stack/FreeProxyGo-1
[2026-08-05 19:07:50] [W-14] ⏭️ [fork1] 仓库 https://github.com/dwg00611-stack/FreeProxyGo-1 4777h 未更新，跳过解析（无需追踪）
[2026-08-05 19:07:50] [W-14] ✅ 完成 [fork1] dwg00611-stack/FreeProxyGo-1 | 提取 0 | 新增 0 | 耗时 0s | 配额 4692/4800 11:07UTC | 主队列 51/200 发现队列 0/20000 [空]
[2026-08-05 19:07:50] [W-19] 🔧 开始处理 [fork1] todayliao/FreeProxyGo
[2026-08-05 19:07:50] [W-19] 📝 已处理缓存: todayliao/FreeProxyGo
[2026-08-05 19:07:50] [W-19] ⏭️ [fork1] 仓库 https://github.com/todayliao/FreeProxyGo 1301h 未更新，跳过解析（无需追踪）
[2026-08-05 19:07:50] [W-19] ✅ 完成 [fork1] todayliao/FreeProxyGo | 提取 0 | 新增 0 | 耗时 0s | 配额 4692/4800 11:07UTC | 主队列 51/200 发现队列 0/20000 [空]
[2026-08-05 19:07:50] [种子] 🔵 [种子 95/616] maoxikun/v2rayN | 配额 4692/4800 11:07UTC | 主队列 52/200 发现队列 0/20000 [空]
[2026-08-05 19:07:50] [W-10] 👤 [种子仓库] 遍历用户仓库: junjun266
[2026-08-05 19:07:51] [种子] 🔵 [种子 96/616] maoxikun/v2rayNG | 配额 4690/4800 11:07UTC | 主队列 53/200 发现队列 0/20000 [空]
[2026-08-05 19:07:51] [W-10]   用户 junjun266 共查 0 个仓库
[2026-08-05 19:07:51] [W-10] ✅ 完成 [种子仓库] junjun266/FreeProxyGo | 提取 4 | 新增 4 | 耗时 2s | 配额 4689/4800 11:07UTC | 主队列 53/200 发现队列 0/20000 [空]
[2026-08-05 19:07:51] [种子] 🔵 [种子 97/616] sec-js/v2rayN | 配额 4689/4800 11:07UTC | 主队列 54/200 发现队列 0/20000 [空]
[2026-08-05 19:07:52] [种子] 🔵 [种子 98/616] selenologist99/v2rayN | 配额 4689/4800 11:07UTC | 主队列 55/200 发现队列 0/20000 [空]
[2026-08-05 19:07:52] [种子] 🔵 [种子 99/616] kafeixiang/v2rayN | 配额 4689/4800 11:07UTC | 主队列 56/200 发现队列 0/20000 [空]
[2026-08-05 19:07:53] [种子] 🔵 [种子 100/616] chizee/v2rayN | 配额 4689/4800 11:07UTC | 主队列 57/200 发现队列 0/20000 [空]
[2026-08-05 19:07:53] [种子] 🔵 [种子 101/616] lwhx/v2rayN | 配额 4689/4800 11:07UTC | 主队列 58/200 发现队列 0/20000 [空]
[2026-08-05 19:07:54] [种子] 🔵 [种子 102/616] Orynomnix/v2rayN | 配额 4689/4800 11:07UTC | 主队列 59/200 发现队列 0/20000 [空]
[2026-08-05 19:07:54] [W-4] 🔧 开始处理 [种子仓库] imalyzer/mihomo-node-checker
[2026-08-05 19:07:54] [W-4] [种子仓库] 仓库 https://github.com/imalyzer/mihomo-node-checker (分支: main, size: 109KB, pushed: 2026-08-05T06:31:43Z)
[2026-08-05 19:07:54] [种子] 🔵 [种子 103/616] OmiSummy/v2rayNG | 配额 4688/4800 11:07UTC | 主队列 59/200 发现队列 0/20000 [空]
[2026-08-05 19:07:54] [W-4] 仓库 https://github.com/imalyzer/mihomo-node-checker 候选文件 4 个
[2026-08-05 19:07:55] [种子] 🔵 [种子 104/616] iswhat/v2rayNG | 配额 4687/4800 11:07UTC | 主队列 60/200 发现队列 0/20000 [空]
[2026-08-05 19:07:55] [种子] 🔵 [种子 105/616] cysk003/v2rayNG | 配额 4687/4800 11:07UTC | 主队列 61/200 发现队列 0/20000 [空]
[2026-08-05 19:07:55] [W-4] 🌱 加入种子: imalyzer/mihomo-node-checker (+47 节点)
[2026-08-05 19:07:55] [W-4] 🔗 [种子仓库] 查子仓库: imalyzer/mihomo-node-checker
[2026-08-05 19:07:55] [W-4] 🔗 [种子仓库] 开始 Fork 链追踪 (imalyzer/mihomo-node-checker)
[2026-08-05 19:07:56] [种子] 🔵 [种子 106/616] Kiterepo/v2rayN-2 | 配额 4686/4800 11:07UTC | 主队列 62/200 发现队列 0/20000 [空]
[2026-08-05 19:07:56] [W-4] 👤 [种子仓库] 遍历用户仓库: imalyzer
[2026-08-05 19:07:56] [W-4]   用户 imalyzer 共查 0 个仓库
[2026-08-05 19:07:56] [W-4] ✅ 完成 [种子仓库] imalyzer/mihomo-node-checker | 提取 168 | 新增 47 | 耗时 2s | 配额 4683/4800 11:07UTC | 主队列 62/200 发现队列 0/20000 [空]
[2026-08-05 19:07:56] [种子] 🔵 [种子 107/616] soitun/v2rayN | 配额 4683/4800 11:07UTC | 主队列 63/200 发现队列 0/20000 [空]
[2026-08-05 19:07:57] [种子] 🔵 [种子 108/616] xiechangan123/v2rayNG | 配额 4683/4800 11:07UTC | 主队列 64/200 发现队列 0/20000 [空]
[2026-08-05 19:07:57] [种子] 🔵 [种子 109/616] LHONG1008/v2rayN | 配额 4683/4800 11:07UTC | 主队列 65/200 发现队列 0/20000 [空]
[2026-08-05 19:07:58] [种子] 🔵 [种子 110/616] Superoldman96/v2rayNG | 配额 4683/4800 11:07UTC | 主队列 66/200 发现队列 0/20000 [空]
[2026-08-05 19:07:58] [种子] 🔵 [种子 111/616] fenwehome/v2rayN | 配额 4683/4800 11:07UTC | 主队列 67/200 发现队列 0/20000 [空]
[2026-08-05 19:07:59] [种子] 🔵 [种子 112/616] Mu-L/v2rayN | 配额 4683/4800 11:07UTC | 主队列 68/200 发现队列 0/20000 [空]
[2026-08-05 19:07:59] [W-5] 🔧 开始处理 [种子仓库] lerjtl/Testfree
[2026-08-05 19:07:59] [W-5] [种子仓库] 仓库 https://github.com/lerjtl/Testfree (分支: main, size: 710KB, pushed: 2026-08-05T06:00:04Z)
[2026-08-05 19:07:59] [种子] 🔵 [种子 113/616] ipx2001/v2rayN | 配额 4682/4800 11:07UTC | 主队列 68/200 发现队列 0/20000 [空]
[2026-08-05 19:07:59] [W-5] 仓库 https://github.com/lerjtl/Testfree 候选文件 2 个
[2026-08-05 19:08:00] [种子] 🔵 [种子 114/616] Little-Star888/v2rayN | 配额 4681/4800 11:08UTC | 主队列 69/200 发现队列 0/20000 [空]
[2026-08-05 19:08:00] [W-5] 🌱 加入种子: lerjtl/Testfree (+5 节点)
[2026-08-05 19:08:00] [W-5] 🔗 [种子仓库] 查子仓库: lerjtl/Testfree
[2026-08-05 19:08:00] [W-5]   🍴 子仓库: 1 个 → 主队列 69/200 发现队列 1/20000 [[fork1]:1]
[2026-08-05 19:08:00] [W-5] 🔗 [种子仓库] 开始 Fork 链追踪 (lerjtl/Testfree)
[2026-08-05 19:08:00] [W-10] 🔧 开始处理 [fork1] PENZA84/Testfree
[2026-08-05 19:08:00] [W-10] ⏭️ [fork1] 仓库 https://github.com/PENZA84/Testfree 2117h 未更新，跳过解析（无需追踪）
[2026-08-05 19:08:00] [W-10] ✅ 完成 [fork1] PENZA84/Testfree | 提取 0 | 新增 0 | 耗时 0s | 配额 4680/4800 11:08UTC | 主队列 69/200 发现队列 0/20000 [空]
[2026-08-05 19:08:00] [种子] 🔵 [种子 115/616] sujun2021/v2rayNG | 配额 4680/4800 11:08UTC | 主队列 70/200 发现队列 0/20000 [空]
[2026-08-05 19:08:00] [W-5] 👤 [种子仓库] 遍历用户仓库: lerjtl
[2026-08-05 19:08:01] [种子] 🔵 [种子 116/616] pthis/v2rayN | 配额 4678/4800 11:08UTC | 主队列 71/200 发现队列 0/20000 [空]
[2026-08-05 19:08:01] [W-5]   👤 用户仓库: 7 个 → 主队列 71/200 发现队列 7/20000 [[user1]:7]
[2026-08-05 19:08:01] [W-5]   用户 lerjtl 共查 7 个仓库
[2026-08-05 19:08:01] [W-5] ✅ 完成 [种子仓库] lerjtl/Testfree | 提取 40 | 新增 5 | 耗时 2s | 配额 4677/4800 11:08UTC | 主队列 71/200 发现队列 7/20000 [[user1]:7]
[2026-08-05 19:08:01] [W-0] 🔧 开始处理 [user1] lerjtl/Telegraph-Image
[2026-08-05 19:08:01] [W-0] ⏭️ [user1] 仓库 https://github.com/lerjtl/Telegraph-Image 8525h 未更新，跳过解析（无需追踪）
[2026-08-05 19:08:01] [W-0] ✅ 完成 [user1] lerjtl/Telegraph-Image | 提取 0 | 新增 0 | 耗时 0s | 配额 4677/4800 11:08UTC | 主队列 71/200 发现队列 0/20000 [空]
[2026-08-05 19:08:01] [W-7] 🔧 开始处理 [user1] lerjtl/trojan-go-panel
[2026-08-05 19:08:01] [W-7] ⏭️ [user1] 仓库 https://github.com/lerjtl/trojan-go-panel 28089h 未更新，跳过解析（无需追踪）
[2026-08-05 19:08:01] [W-7] ✅ 完成 [user1] lerjtl/trojan-go-panel | 提取 0 | 新增 0 | 耗时 0s | 配额 4677/4800 11:08UTC | 主队列 71/200 发现队列 0/20000 [空]
[2026-08-05 19:08:01] [W-13] 🔧 开始处理 [user1] lerjtl/SakuraPanel
[2026-08-05 19:08:01] [W-13] ⏭️ [user1] 仓库 https://github.com/lerjtl/SakuraPanel 7111h 未更新，跳过解析（无需追踪）
[2026-08-05 19:08:01] [W-13] ✅ 完成 [user1] lerjtl/SakuraPanel | 提取 0 | 新增 0 | 耗时 0s | 配额 4677/4800 11:08UTC | 主队列 71/200 发现队列 0/20000 [空]
[2026-08-05 19:08:01] [W-12] 🔧 开始处理 [user1] lerjtl/v2board-theme-buddy
[2026-08-05 19:08:01] [W-12] ⏭️ [user1] 仓库 https://github.com/lerjtl/v2board-theme-buddy 11320h 未更新，跳过解析（无需追踪）
[2026-08-05 19:08:01] [W-12] ✅ 完成 [user1] lerjtl/v2board-theme-buddy | 提取 0 | 新增 0 | 耗时 0s | 配额 4677/4800 11:08UTC | 主队列 71/200 发现队列 0/20000 [空]
[2026-08-05 19:08:01] [W-5] 🔧 开始处理 [user1] lerjtl/cfnew
[2026-08-05 19:08:01] [W-5] ⏭️ [user1] 仓库 https://github.com/lerjtl/cfnew 5951h 未更新，跳过解析（无需追踪）
[2026-08-05 19:08:01] [W-5] ✅ 完成 [user1] lerjtl/cfnew | 提取 0 | 新增 0 | 耗时 0s | 配额 4677/4800 11:08UTC | 主队列 71/200 发现队列 0/20000 [空]
[2026-08-05 19:08:01] [W-4] 🔧 开始处理 [user1] lerjtl/Nodami
[2026-08-05 19:08:01] [W-4] ⏭️ [user1] 仓库 https://github.com/lerjtl/Nodami 11186h 未更新，跳过解析（无需追踪）
[2026-08-05 19:08:01] [W-4] ✅ 完成 [user1] lerjtl/Nodami | 提取 0 | 新增 0 | 耗时 0s | 配额 4677/4800 11:08UTC | 主队列 71/200 发现队列 0/20000 [空]
[2026-08-05 19:08:01] [W-8] 🔧 开始处理 [user1] lerjtl/cf-tg-host-imagesshare
[2026-08-05 19:08:01] [W-8] ⏭️ [user1] 仓库 https://github.com/lerjtl/cf-tg-host-imagesshare 6045h 未更新，跳过解析（无需追踪）
[2026-08-05 19:08:01] [W-8] ✅ 完成 [user1] lerjtl/cf-tg-host-imagesshare | 提取 0 | 新增 0 | 耗时 0s | 配额 4677/4800 11:08UTC | 主队列 71/200 发现队列 0/20000 [空]
[2026-08-05 19:08:01] [种子] 🔵 [种子 117/616] a1wjun/v2rayN | 配额 4677/4800 11:08UTC | 主队列 72/200 发现队列 0/20000 [空]
[2026-08-05 19:08:02] [种子] 🔵 [种子 118/616] samling-jackyjyo/v2rayNG | 配额 4677/4800 11:08UTC | 主队列 73/200 发现队列 0/20000 [空]
[2026-08-05 19:08:02] [种子] 🔵 [种子 119/616] kafeixiang/v2rayNG | 配额 4677/4800 11:08UTC | 主队列 74/200 发现队列 0/20000 [空]
[2026-08-05 19:08:03] [种子] 🔵 [种子 120/616] RepoBackup/v2rayN | 配额 4677/4800 11:08UTC | 主队列 75/200 发现队列 0/20000 [空]
[2026-08-05 19:08:03] [种子] 🔵 [种子 121/616] phpmooc/v2rayN | 配额 4677/4800 11:08UTC | 主队列 76/200 发现队列 0/20000 [空]
[2026-08-05 19:08:04] [种子] 🔵 [种子 122/616] FairyWorld/fq_v2rayN | 配额 4677/4800 11:08UTC | 主队列 77/200 发现队列 0/20000 [空]
[2026-08-05 19:08:04] [种子] 🔵 [种子 123/616] Corey01327/v2rayN | 配额 4677/4800 11:08UTC | 主队列 78/200 发现队列 0/20000 [空]
[2026-08-05 19:08:05] [种子] 🔵 [种子 124/616] gowing520/v2rayN | 配额 4677/4800 11:08UTC | 主队列 79/200 发现队列 0/20000 [空]
[2026-08-05 19:08:05] [种子] 🔵 [种子 125/616] mengzhisuoliu/v2rayNG | 配额 4677/4800 11:08UTC | 主队列 80/200 发现队列 0/20000 [空]
[2026-08-05 19:08:06] [种子] ⏸️  主队列 ≥ 80（80/200），搜索暂停
[2026-08-05 19:08:11] [W-7] 🔧 开始处理 [种子仓库] wenxig/free-nodes-sub
[2026-08-05 19:08:11] [W-7] [种子仓库] 仓库 https://github.com/wenxig/free-nodes-sub (分支: main, size: 15382KB, pushed: 2026-08-05T09:33:16Z)
[2026-08-05 19:08:11] [W-7] 仓库 https://github.com/wenxig/free-nodes-sub 候选文件 3 个
[2026-08-05 19:08:12] [W-7] 🔗 [种子仓库] 发现仓库链接 delta-comic/delta-comic (来源 https://raw.githubusercontent.com/wenxig/free-nodes-sub/main/README.md)
[2026-08-05 19:08:12] [W-7] 👤 来源仓库 delta-comic/delta-comic → 追踪用户 delta-comic
[2026-08-05 19:08:12] [W-7] 👤 [user1] 遍历用户仓库: delta-comic
[2026-08-05 19:08:13] [W-7]   👤 用户仓库: 10 个 → 主队列 79/200 发现队列 10/20000 [[user2]:10]
[2026-08-05 19:08:13] [W-7]   用户 delta-comic 共查 10 个仓库
[2026-08-05 19:08:13] [W-7] 🔗 [种子仓库] 发现仓库链接 wenxig/dongtai-sub (来源 https://raw.githubusercontent.com/wenxig/free-nodes-sub/main/README.md)
[2026-08-05 19:08:13] [W-15] 🔧 开始处理 [user2] delta-comic/awesome-plugins
[2026-08-05 19:08:13] [W-15] [user2] 仓库 https://github.com/delta-comic/awesome-plugins (分支: main, size: 242KB, pushed: 2026-08-05T03:19:00Z)
[2026-08-05 19:08:13] [W-1] 🔧 开始处理 [user2] delta-comic/delta-comic-plugin-cosav
[2026-08-05 19:08:13] [W-1] 📝 已处理缓存: delta-comic/delta-comic-plugin-cosav
[2026-08-05 19:08:13] [W-1] ⏭️ [user2] 仓库 https://github.com/delta-comic/delta-comic-plugin-cosav 404h 未更新，跳过解析（无需追踪）
[2026-08-05 19:08:13] [W-1] ✅ 完成 [user2] delta-comic/delta-comic-plugin-cosav | 提取 0 | 新增 0 | 耗时 0s | 配额 4672/4800 11:08UTC | 主队列 79/200 发现队列 0/20000 [空]
[2026-08-05 19:08:13] [W-16] 🔧 开始处理 [user2] delta-comic/delta-comic-plugin-hanime1
[2026-08-05 19:08:13] [W-16] 📝 已处理缓存: delta-comic/delta-comic-plugin-hanime1
[2026-08-05 19:08:13] [W-16] ⏭️ [user2] 仓库 https://github.com/delta-comic/delta-comic-plugin-hanime1 4919h 未更新，跳过解析（无需追踪）
[2026-08-05 19:08:13] [W-16] ✅ 完成 [user2] delta-comic/delta-comic-plugin-hanime1 | 提取 0 | 新增 0 | 耗时 0s | 配额 4672/4800 11:08UTC | 主队列 79/200 发现队列 0/20000 [空]
[2026-08-05 19:08:13] [W-23] 🔧 开始处理 [user2] delta-comic/delta-comic-plugin-ehentai
[2026-08-05 19:08:13] [W-23] 📝 已处理缓存: delta-comic/delta-comic-plugin-ehentai
[2026-08-05 19:08:13] [W-23] ⏭️ [user2] 仓库 https://github.com/delta-comic/delta-comic-plugin-ehentai 3837h 未更新，跳过解析（无需追踪）
[2026-08-05 19:08:13] [W-23] ✅ 完成 [user2] delta-comic/delta-comic-plugin-ehentai | 提取 0 | 新增 0 | 耗时 0s | 配额 4672/4800 11:08UTC | 主队列 79/200 发现队列 0/20000 [空]
[2026-08-05 19:08:13] [W-9] 🔧 开始处理 [user2] delta-comic/delta-comic-plugin-bika
[2026-08-05 19:08:13] [W-9] 📝 已处理缓存: delta-comic/delta-comic-plugin-bika
[2026-08-05 19:08:13] [W-9] ⏭️ [user2] 仓库 https://github.com/delta-comic/delta-comic-plugin-bika 3886h 未更新，跳过解析（无需追踪）
[2026-08-05 19:08:13] [W-9] ✅ 完成 [user2] delta-comic/delta-comic-plugin-bika | 提取 0 | 新增 0 | 耗时 0s | 配额 4672/4800 11:08UTC | 主队列 79/200 发现队列 0/20000 [空]
[2026-08-05 19:08:13] [W-6] 🔧 开始处理 [user2] delta-comic/delta-comic-plugin-layout
[2026-08-05 19:08:13] [W-6] [user2] 仓库 https://github.com/delta-comic/delta-comic-plugin-layout (分支: develop, size: 2147KB, pushed: 2026-08-04T13:35:08Z)
[2026-08-05 19:08:13] [W-20] 🔧 开始处理 [user2] delta-comic/tauri-plugin-aptabase-rustls
[2026-08-05 19:08:13] [W-20] 📝 已处理缓存: delta-comic/tauri-plugin-aptabase-rustls
[2026-08-05 19:08:13] [W-20] ⏭️ [user2] 仓库 https://github.com/delta-comic/tauri-plugin-aptabase-rustls 4295h 未更新，跳过解析（无需追踪）
[2026-08-05 19:08:13] [W-20] ✅ 完成 [user2] delta-comic/tauri-plugin-aptabase-rustls | 提取 0 | 新增 0 | 耗时 0s | 配额 4672/4800 11:08UTC | 主队列 79/200 发现队列 0/20000 [空]
[2026-08-05 19:08:13] [W-22] 🔧 开始处理 [raw1] delta-comic/delta-comic
[2026-08-05 19:08:13] [W-22] 📝 已处理缓存: delta-comic/delta-comic
[2026-08-05 19:08:13] [W-22] ⏭️ [raw1] 仓库 https://github.com/delta-comic/delta-comic 78h 未更新，跳过解析（无需追踪）
[2026-08-05 19:08:13] [W-22] ✅ 完成 [raw1] delta-comic/delta-comic | 提取 0 | 新增 0 | 耗时 0s | 配额 4672/4800 11:08UTC | 主队列 79/200 发现队列 0/20000 [空]
[2026-08-05 19:08:13] [W-11] 🔧 开始处理 [user2] delta-comic/sentry-tauri-new
[2026-08-05 19:08:13] [W-11] 📝 已处理缓存: delta-comic/sentry-tauri-new
[2026-08-05 19:08:13] [W-11] ⏭️ [user2] 仓库 https://github.com/delta-comic/sentry-tauri-new 3721h 未更新，跳过解析（无需追踪）
[2026-08-05 19:08:13] [W-11] ✅ 完成 [user2] delta-comic/sentry-tauri-new | 提取 0 | 新增 0 | 耗时 0s | 配额 4672/4800 11:08UTC | 主队列 79/200 发现队列 0/20000 [空]
[2026-08-05 19:08:13] [W-2] 🔧 开始处理 [user2] delta-comic/jmcomic-sdk
[2026-08-05 19:08:13] [W-2] 📝 已处理缓存: delta-comic/jmcomic-sdk
[2026-08-05 19:08:13] [W-2] ⏭️ [user2] 仓库 https://github.com/delta-comic/jmcomic-sdk 188h 未更新，跳过解析（无需追踪）
[2026-08-05 19:08:13] [W-2] ✅ 完成 [user2] delta-comic/jmcomic-sdk | 提取 0 | 新增 0 | 耗时 0s | 配额 4672/4800 11:08UTC | 主队列 79/200 发现队列 0/20000 [空]
[2026-08-05 19:08:13] [W-17] 🔧 开始处理 [user2] delta-comic/.github
[2026-08-05 19:08:13] [W-17] 📝 已处理缓存: delta-comic/.github
[2026-08-05 19:08:13] [W-17] ⏭️ [user2] 仓库 https://github.com/delta-comic/.github 3307h 未更新，跳过解析（无需追踪）
[2026-08-05 19:08:13] [W-17] ✅ 完成 [user2] delta-comic/.github | 提取 0 | 新增 0 | 耗时 0s | 配额 4672/4800 11:08UTC | 主队列 79/200 发现队列 0/20000 [空]
[2026-08-05 19:08:13] [W-15] 仓库 https://github.com/delta-comic/awesome-plugins 候选文件 27 个
[2026-08-05 19:08:13] [W-6] 仓库 https://github.com/delta-comic/delta-comic-plugin-layout 候选文件较多 (859 个)，先通过 commits API 过滤
[2026-08-05 19:08:14] [W-7] 👤 来源仓库 wenxig/dongtai-sub → 追踪用户 wenxig
[2026-08-05 19:08:14] [W-7] 👤 [user1] 遍历用户仓库: wenxig
[2026-08-05 19:08:14] [W-15] 📝 已处理缓存: delta-comic/awesome-plugins
[2026-08-05 19:08:14] [W-15] ✅ 完成 [user2] delta-comic/awesome-plugins | 提取 0 | 新增 0 | 耗时 1s | 配额 4668/4800 11:08UTC | 主队列 79/200 发现队列 0/20000 [空]
[2026-08-05 19:08:14] [W-7]   👤 用户仓库: 13 个 → 主队列 79/200 发现队列 13/20000 [[user2]:13]
[2026-08-05 19:08:14] [W-7]   用户 wenxig 共查 13 个仓库
[2026-08-05 19:08:14] [W-14] 🔧 开始处理 [user2] wenxig/wenxig
[2026-08-05 19:08:14] [W-14] [user2] 仓库 https://github.com/wenxig/wenxig (分支: main, size: 5828KB, pushed: 2026-08-05T02:05:51Z)
[2026-08-05 19:08:14] [W-5] 🔧 开始处理 [user2] wenxig/zero-path
[2026-08-05 19:08:14] [W-5] 📝 已处理缓存: wenxig/zero-path
[2026-08-05 19:08:14] [W-5] ⏭️ [user2] 仓库 https://github.com/wenxig/zero-path 42h 未更新，跳过解析（无需追踪）
[2026-08-05 19:08:14] [W-5] ✅ 完成 [user2] wenxig/zero-path | 提取 0 | 新增 0 | 耗时 0s | 配额 4665/4800 11:08UTC | 主队列 79/200 发现队列 12/20000 [[raw1]:1 [user2]:11]
[2026-08-05 19:08:14] [W-5] 🔧 开始处理 [user2] wenxig/jmcomic-source-code
[2026-08-05 19:08:14] [W-5] ⏭️ [user2] 仓库 https://github.com/wenxig/jmcomic-source-code 2923h 未更新，跳过解析（无需追踪）
[2026-08-05 19:08:14] [W-5] ✅ 完成 [user2] wenxig/jmcomic-source-code | 提取 0 | 新增 0 | 耗时 0s | 配额 4665/4800 11:08UTC | 主队列 79/200 发现队列 11/20000 [[raw1]:1 [user2]:10]
[2026-08-05 19:08:14] [W-5] 🔧 开始处理 [user2] wenxig/bilibili-danmu-small-window
[2026-08-05 19:08:14] [W-5] ⏭️ [user2] 仓库 https://github.com/wenxig/bilibili-danmu-small-window 667h 未更新，跳过解析（无需追踪）
[2026-08-05 19:08:14] [W-5] ✅ 完成 [user2] wenxig/bilibili-danmu-small-window | 提取 0 | 新增 0 | 耗时 0s | 配额 4665/4800 11:08UTC | 主队列 79/200 发现队列 10/20000 [[raw1]:1 [user2]:9]
[2026-08-05 19:08:14] [W-5] 🔧 开始处理 [user2] wenxig/tauri-plugin-better-cors-fetch
[2026-08-05 19:08:14] [W-5] ⏭️ [user2] 仓库 https://github.com/wenxig/tauri-plugin-better-cors-fetch 1249h 未更新，跳过解析（无需追踪）
[2026-08-05 19:08:14] [W-5] ✅ 完成 [user2] wenxig/tauri-plugin-better-cors-fetch | 提取 0 | 新增 0 | 耗时 0s | 配额 4665/4800 11:08UTC | 主队列 79/200 发现队列 9/20000 [[raw1]:1 [user2]:8]
[2026-08-05 19:08:14] [W-5] 🔧 开始处理 [user2] wenxig/cosav-neo
[2026-08-05 19:08:14] [W-5] ⏭️ [user2] 仓库 https://github.com/wenxig/cosav-neo 1725h 未更新，跳过解析（无需追踪）
[2026-08-05 19:08:14] [W-5] ✅ 完成 [user2] wenxig/cosav-neo | 提取 0 | 新增 0 | 耗时 0s | 配额 4665/4800 11:08UTC | 主队列 79/200 发现队列 8/20000 [[raw1]:1 [user2]:7]
[2026-08-05 19:08:14] [W-5] 🔧 开始处理 [user2] wenxig/bika-comic
[2026-08-05 19:08:14] [W-5] ⏭️ [user2] 仓库 https://github.com/wenxig/bika-comic 6624h 未更新，跳过解析（无需追踪）
[2026-08-05 19:08:14] [W-5] ✅ 完成 [user2] wenxig/bika-comic | 提取 0 | 新增 0 | 耗时 0s | 配额 4665/4800 11:08UTC | 主队列 79/200 发现队列 7/20000 [[raw1]:1 [user2]:6]
[2026-08-05 19:08:14] [W-5] 🔧 开始处理 [user2] wenxig/lanzou-client
[2026-08-05 19:08:14] [W-5] ⏭️ [user2] 仓库 https://github.com/wenxig/lanzou-client 2615h 未更新，跳过解析（无需追踪）
[2026-08-05 19:08:14] [W-5] ✅ 完成 [user2] wenxig/lanzou-client | 提取 0 | 新增 0 | 耗时 0s | 配额 4665/4800 11:08UTC | 主队列 79/200 发现队列 6/20000 [[raw1]:1 [user2]:5]
[2026-08-05 19:08:14] [W-5] 🔧 开始处理 [user2] wenxig/delta-chat
[2026-08-05 19:08:14] [W-5] ⏭️ [user2] 仓库 https://github.com/wenxig/delta-chat 6019h 未更新，跳过解析（无需追踪）
[2026-08-05 19:08:14] [W-5] ✅ 完成 [user2] wenxig/delta-chat | 提取 0 | 新增 0 | 耗时 0s | 配额 4665/4800 11:08UTC | 主队列 79/200 发现队列 5/20000 [[raw1]:1 [user2]:4]
[2026-08-05 19:08:14] [W-5] 🔧 开始处理 [user2] wenxig/delta-comic-plugin-presentation
[2026-08-05 19:08:14] [W-5] ⏭️ [user2] 仓库 https://github.com/wenxig/delta-comic-plugin-presentation 6430h 未更新，跳过解析（无需追踪）
[2026-08-05 19:08:14] [W-5] ✅ 完成 [user2] wenxig/delta-comic-plugin-presentation | 提取 0 | 新增 0 | 耗时 0s | 配额 4665/4800 11:08UTC | 主队列 79/200 发现队列 4/20000 [[raw1]:1 [user2]:3]
[2026-08-05 19:08:14] [W-5] 🔧 开始处理 [user2] wenxig/18comic-raw
[2026-08-05 19:08:14] [W-5] ⏭️ [user2] 仓库 https://github.com/wenxig/18comic-raw 6957h 未更新，跳过解析（无需追踪）
[2026-08-05 19:08:14] [W-5] ✅ 完成 [user2] wenxig/18comic-raw | 提取 0 | 新增 0 | 耗时 0s | 配额 4665/4800 11:08UTC | 主队列 79/200 发现队列 3/20000 [[raw1]:1 [user2]:2]
[2026-08-05 19:08:14] [W-5] 🔧 开始处理 [user2] wenxig/template-web
[2026-08-05 19:08:14] [W-5] ⏭️ [user2] 仓库 https://github.com/wenxig/template-web 9150h 未更新，跳过解析（无需追踪）
[2026-08-05 19:08:14] [W-5] ✅ 完成 [user2] wenxig/template-web | 提取 0 | 新增 0 | 耗时 0s | 配额 4665/4800 11:08UTC | 主队列 79/200 发现队列 2/20000 [[raw1]:1 [user2]:1]
[2026-08-05 19:08:14] [W-5] 🔧 开始处理 [user2] wenxig/electron-template
[2026-08-05 19:08:14] [W-5] ⏭️ [user2] 仓库 https://github.com/wenxig/electron-template 9151h 未更新，跳过解析（无需追踪）
[2026-08-05 19:08:14] [W-5] ✅ 完成 [user2] wenxig/electron-template | 提取 0 | 新增 0 | 耗时 0s | 配额 4665/4800 11:08UTC | 主队列 79/200 发现队列 1/20000 [[raw1]:1]
[2026-08-05 19:08:14] [W-5] 🔧 开始处理 [raw1] wenxig/dongtai-sub
[2026-08-05 19:08:14] [W-5] [raw1] 仓库 https://github.com/wenxig/dongtai-sub (分支: main, size: 721KB, pushed: 2026-08-05T10:36:30Z)
[2026-08-05 19:08:15] [W-6]   Compare API 返回 5 个变更文件 (3 次 API 调用)
[2026-08-05 19:08:15] [W-6]   commits 过滤: 859 → 3 (变更文件 5 个)
[2026-08-05 19:08:15] [W-6] 仓库 https://github.com/delta-comic/delta-comic-plugin-layout 候选文件 3 个
[2026-08-05 19:08:15] [W-5] 仓库 https://github.com/wenxig/dongtai-sub 候选文件 1 个
[2026-08-05 19:08:15] [W-21] 🔧 开始处理 [种子仓库] superokde/free-nodes
[2026-08-05 19:08:15] [W-14] 仓库 https://github.com/wenxig/wenxig 候选文件 1 个
[2026-08-05 19:08:15] [W-5] ✅ 完成 [raw1] wenxig/dongtai-sub | 提取 0 | 新增 0 | 耗时 1s | 配额 4662/4800 11:08UTC | 主队列 78/200 发现队列 0/20000 [空]
[2026-08-05 19:08:15] [W-14] ✅ 完成 [user2] wenxig/wenxig | 提取 0 | 新增 0 | 耗时 1s | 配额 4662/4800 11:08UTC | 主队列 78/200 发现队列 0/20000 [空]
[2026-08-05 19:08:15] [W-21] [种子仓库] 仓库 https://github.com/superokde/free-nodes (分支: master, size: 1072KB, pushed: 2026-08-04T17:45:53Z)
[2026-08-05 19:08:16] [W-21] 仓库 https://github.com/superokde/free-nodes 候选文件 4 个
[2026-08-05 19:08:16] [W-6] 📝 已处理缓存: delta-comic/delta-comic-plugin-layout
[2026-08-05 19:08:16] [W-6] ✅ 完成 [user2] delta-comic/delta-comic-plugin-layout | 提取 0 | 新增 0 | 耗时 3s | 配额 4660/4800 11:08UTC | 主队列 78/200 发现队列 0/20000 [空]
[2026-08-05 19:08:16] [W-6] 🔧 开始处理 [种子仓库] XHegit/FreeNodes
[2026-08-05 19:08:16] [W-7] 🌱 加入种子: wenxig/free-nodes-sub (+49 节点)
[2026-08-05 19:08:16] [W-7] 🔗 [种子仓库] 查子仓库: wenxig/free-nodes-sub
[2026-08-05 19:08:16] [W-6] [种子仓库] 仓库 https://github.com/XHegit/FreeNodes (分支: main, size: 18086KB, pushed: 2026-08-05T10:43:02Z)
[2026-08-05 19:08:16] [W-7]   🍴 子仓库: 9 个 → 主队列 77/200 发现队列 9/20000 [[fork1]:9]
[2026-08-05 19:08:16] [W-7] 🔗 [种子仓库] 开始 Fork 链追踪 (wenxig/free-nodes-sub)
[2026-08-05 19:08:16] [W-23] 🔧 开始处理 [fork1] mnbwc/free-nodes-sub
[2026-08-05 19:08:16] [W-23] ⏭️ [fork1] 仓库 https://github.com/mnbwc/free-nodes-sub 4266h 未更新，跳过解析（无需追踪）
[2026-08-05 19:08:16] [W-23] ✅ 完成 [fork1] mnbwc/free-nodes-sub | 提取 0 | 新增 0 | 耗时 0s | 配额 4658/4800 11:08UTC | 主队列 77/200 发现队列 7/20000 [[fork1]:7]
[2026-08-05 19:08:16] [W-23] 🔧 开始处理 [fork1] lll202139/free-nodes-sub
[2026-08-05 19:08:16] [W-23] ⏭️ [fork1] 仓库 https://github.com/lll202139/free-nodes-sub 3874h 未更新，跳过解析（无需追踪）
[2026-08-05 19:08:16] [W-23] ✅ 完成 [fork1] lll202139/free-nodes-sub | 提取 0 | 新增 0 | 耗时 0s | 配额 4658/4800 11:08UTC | 主队列 77/200 发现队列 6/20000 [[fork1]:6]
[2026-08-05 19:08:16] [W-23] 🔧 开始处理 [fork1] aigigi/free-nodes-sub
[2026-08-05 19:08:16] [W-23] ⏭️ [fork1] 仓库 https://github.com/aigigi/free-nodes-sub 3802h 未更新，跳过解析（无需追踪）
[2026-08-05 19:08:16] [W-23] ✅ 完成 [fork1] aigigi/free-nodes-sub | 提取 0 | 新增 0 | 耗时 0s | 配额 4658/4800 11:08UTC | 主队列 77/200 发现队列 5/20000 [[fork1]:5]
[2026-08-05 19:08:16] [W-23] 🔧 开始处理 [fork1] mylm75/free-nodes-sub
[2026-08-05 19:08:16] [W-23] ⏭️ [fork1] 仓库 https://github.com/mylm75/free-nodes-sub 3438h 未更新，跳过解析（无需追踪）
[2026-08-05 19:08:16] [W-23] ✅ 完成 [fork1] mylm75/free-nodes-sub | 提取 0 | 新增 0 | 耗时 0s | 配额 4658/4800 11:08UTC | 主队列 77/200 发现队列 4/20000 [[fork1]:4]
[2026-08-05 19:08:16] [W-23] 🔧 开始处理 [fork1] zhiwei312216-create/xiaolin
[2026-08-05 19:08:16] [W-23] [fork1] 仓库 https://github.com/zhiwei312216-create/xiaolin (分支: main, size: 5454KB, pushed: 2026-08-05T08:21:23Z)
[2026-08-05 19:08:16] [W-22] 🔧 开始处理 [fork1] hqylwrx/free-nodes-sub
[2026-08-05 19:08:16] [W-22] ⏭️ [fork1] 仓库 https://github.com/hqylwrx/free-nodes-sub 1160h 未更新，跳过解析（无需追踪）
[2026-08-05 19:08:16] [W-22] ✅ 完成 [fork1] hqylwrx/free-nodes-sub | 提取 0 | 新增 0 | 耗时 0s | 配额 4658/4800 11:08UTC | 主队列 77/200 发现队列 2/20000 [[fork1]:2]
[2026-08-05 19:08:16] [W-22] 🔧 开始处理 [fork1] ww940/free-6-20
[2026-08-05 19:08:16] [W-22] [fork1] 仓库 https://github.com/ww940/free-6-20 (分支: main, size: 15394KB, pushed: 2026-08-05T10:20:44Z)
[2026-08-05 19:08:16] [W-15] 🔧 开始处理 [fork1] flypigarmy/free-nodes-sub
[2026-08-05 19:08:16] [W-15] ⏭️ [fork1] 仓库 https://github.com/flypigarmy/free-nodes-sub 4374h 未更新，跳过解析（无需追踪）
[2026-08-05 19:08:16] [W-15] ✅ 完成 [fork1] flypigarmy/free-nodes-sub | 提取 0 | 新增 0 | 耗时 0s | 配额 4658/4800 11:08UTC | 主队列 77/200 发现队列 1/20000 [[fork1]:1]
[2026-08-05 19:08:16] [W-15] 🔧 开始处理 [fork1] miaomi9/free-nodes-sub
[2026-08-05 19:08:16] [W-15] ⏭️ [fork1] 仓库 https://github.com/miaomi9/free-nodes-sub 839h 未更新，跳过解析（无需追踪）
[2026-08-05 19:08:16] [W-15] ✅ 完成 [fork1] miaomi9/free-nodes-sub | 提取 0 | 新增 0 | 耗时 0s | 配额 4658/4800 11:08UTC | 主队列 77/200 发现队列 0/20000 [空]
[2026-08-05 19:08:16] [W-6] 仓库 https://github.com/XHegit/FreeNodes 无候选文件 (总计 39 blob, 扩展名过滤 15, processed_shas 跳过 0, SHA 缓存跳过 24)
[2026-08-05 19:08:16] [W-6] 🔗 [种子仓库] 查子仓库: XHegit/FreeNodes
[2026-08-05 19:08:16] [W-7] 👤 [种子仓库] 遍历用户仓库: wenxig
[2026-08-05 19:08:16] [W-23] 仓库 https://github.com/zhiwei312216-create/xiaolin 候选文件 3 个
[2026-08-05 19:08:16] [W-22] 仓库 https://github.com/ww940/free-6-20 候选文件 1 个
[2026-08-05 19:08:16] [W-6] 🔗 [种子仓库] 开始 Fork 链追踪 (XHegit/FreeNodes)
[2026-08-05 19:08:17] [W-22] 📝 已处理缓存: ww940/free-6-20
[2026-08-05 19:08:17] [W-22] ✅ 完成 [fork1] ww940/free-6-20 | 提取 0 | 新增 0 | 耗时 1s | 配额 4653/4800 11:08UTC | 主队列 77/200 发现队列 0/20000 [空]
[2026-08-05 19:08:17] [W-6]   [种子仓库] 父仓库: Barabama/FreeNodes
[2026-08-05 19:08:17] [W-6] ⏭️ [fork1] 仓库 https://github.com/Barabama/FreeNodes 已解析，跳过解析（无需追踪）
[2026-08-05 19:08:17] [W-6]   父仓库 +0 个节点
[2026-08-05 19:08:17] [W-7]   用户 wenxig 共查 0 个仓库
[2026-08-05 19:08:17] [W-7] ✅ 完成 [种子仓库] wenxig/free-nodes-sub | 提取 849 | 新增 49 | 耗时 6s | 配额 4650/4800 11:08UTC | 主队列 77/200 发现队列 0/20000 [空]
[2026-08-05 19:08:17] [W-23] 🌱 加入种子: zhiwei312216-create/xiaolin (+41 节点)
[2026-08-05 19:08:17] [W-23] ✅ 完成 [fork1] zhiwei312216-create/xiaolin | 提取 86 | 新增 41 | 耗时 1s | 配额 4650/4800 11:08UTC | 主队列 77/200 发现队列 0/20000 [空]
[2026-08-05 19:08:17] [W-21] 🌱 加入种子: superokde/free-nodes (+351 节点)
[2026-08-05 19:08:17] [W-21] 🔗 [种子仓库] 查子仓库: superokde/free-nodes
[2026-08-05 19:08:17] [W-21] 🔗 [种子仓库] 开始 Fork 链追踪 (superokde/free-nodes)
[2026-08-05 19:08:18] [W-21] 👤 [种子仓库] 遍历用户仓库: superokde
[2026-08-05 19:08:18] [W-21]   👤 用户仓库: 2 个 → 主队列 77/200 发现队列 2/20000 [[user1]:2]
[2026-08-05 19:08:18] [W-21]   用户 superokde 共查 2 个仓库
[2026-08-05 19:08:18] [W-21] ✅ 完成 [种子仓库] superokde/free-nodes | 提取 1207 | 新增 351 | 耗时 3s | 配额 4646/4800 11:08UTC | 主队列 77/200 发现队列 2/20000 [[user1]:2]
[2026-08-05 19:08:18] [W-3] 🔧 开始处理 [user1] superokde/DockerTarBuilder
[2026-08-05 19:08:18] [W-3] ⏭️ [user1] 仓库 https://github.com/superokde/DockerTarBuilder 1365h 未更新，跳过解析（无需追踪）
[2026-08-05 19:08:18] [W-3] ✅ 完成 [user1] superokde/DockerTarBuilder | 提取 0 | 新增 0 | 耗时 0s | 配额 4646/4800 11:08UTC | 主队列 77/200 发现队列 0/20000 [空]
[2026-08-05 19:08:18] [W-21] 🔧 开始处理 [user1] superokde/Lcat
[2026-08-05 19:08:18] [W-21] ⏭️ [user1] 仓库 https://github.com/superokde/Lcat 807h 未更新，跳过解析（无需追踪）
[2026-08-05 19:08:18] [W-21] ✅ 完成 [user1] superokde/Lcat | 提取 0 | 新增 0 | 耗时 0s | 配额 4646/4800 11:08UTC | 主队列 77/200 发现队列 0/20000 [空]
[2026-08-05 19:08:19] [W-6]   🍴 兄弟仓库: 80 个 → 主队列 77/200 发现队列 80/20000 [[fork1]:80]
[2026-08-05 19:08:19] [W-6] 👤 [种子仓库] 遍历用户仓库: XHegit
[2026-08-05 19:08:19] [W-13] 🔧 开始处理 [fork1] kinghui-001/FreeNodes
[2026-08-05 19:08:19] [W-13] ⏭️ [fork1] 仓库 https://github.com/kinghui-001/FreeNodes 8480h 未更新，跳过解析（无需追踪）
[2026-08-05 19:08:19] [W-13] ✅ 完成 [fork1] kinghui-001/FreeNodes | 提取 0 | 新增 0 | 耗时 0s | 配额 4645/4800 11:08UTC | 主队列 77/200 发现队列 79/20000 [[fork1]:79]
[2026-08-05 19:08:19] [W-13] 🔧 开始处理 [fork1] zhubajiea/FreeNodes
[2026-08-05 19:08:19] [W-13] ⏭️ [fork1] 仓库 https://github.com/zhubajiea/FreeNodes 23858h 未更新，跳过解析（无需追踪）
[2026-08-05 19:08:19] [W-13] ✅ 完成 [fork1] zhubajiea/FreeNodes | 提取 0 | 新增 0 | 耗时 0s | 配额 4645/4800 11:08UTC | 主队列 77/200 发现队列 78/20000 [[fork1]:78]
[2026-08-05 19:08:19] [W-13] 🔧 开始处理 [fork1] Huibq/FreeNodes
[2026-08-05 19:08:19] [W-13] ⏭️ [fork1] 仓库 https://github.com/Huibq/FreeNodes 22949h 未更新，跳过解析（无需追踪）
[2026-08-05 19:08:19] [W-13] ✅ 完成 [fork1] Huibq/FreeNodes | 提取 0 | 新增 0 | 耗时 0s | 配额 4645/4800 11:08UTC | 主队列 77/200 发现队列 77/20000 [[fork1]:77]
[2026-08-05 19:08:19] [W-13] 🔧 开始处理 [fork1] Baobei321/JDFreeNodes
[2026-08-05 19:08:19] [W-13] ⏭️ [fork1] 仓库 https://github.com/Baobei321/JDFreeNodes 1082h 未更新，跳过解析（无需追踪）
[2026-08-05 19:08:19] [W-13] ✅ 完成 [fork1] Baobei321/JDFreeNodes | 提取 0 | 新增 0 | 耗时 0s | 配额 4645/4800 11:08UTC | 主队列 77/200 发现队列 76/20000 [[fork1]:76]
[2026-08-05 19:08:19] [W-13] 🔧 开始处理 [fork1] wanghz/FreeNodes
[2026-08-05 19:08:19] [W-13] ⏭️ [fork1] 仓库 https://github.com/wanghz/FreeNodes 21290h 未更新，跳过解析（无需追踪）
[2026-08-05 19:08:19] [W-13] ✅ 完成 [fork1] wanghz/FreeNodes | 提取 0 | 新增 0 | 耗时 0s | 配额 4645/4800 11:08UTC | 主队列 77/200 发现队列 75/20000 [[fork1]:75]
[2026-08-05 19:08:19] [W-13] 🔧 开始处理 [fork1] jasondd1983/FreeNodes
[2026-08-05 19:08:19] [W-13] [fork1] 仓库 https://github.com/jasondd1983/FreeNodes (分支: main, size: 18020KB, pushed: 2026-08-05T10:20:43Z)
[2026-08-05 19:08:19] [W-1] 🔧 开始处理 [fork1] abc1863/FreeNodes
[2026-08-05 19:08:19] [W-1] ⏭️ [fork1] 仓库 https://github.com/abc1863/FreeNodes 3988h 未更新，跳过解析（无需追踪）
[2026-08-05 19:08:19] [W-1] ✅ 完成 [fork1] abc1863/FreeNodes | 提取 0 | 新增 0 | 耗时 0s | 配额 4645/4800 11:08UTC | 主队列 77/200 发现队列 72/20000 [[fork1]:72]
[2026-08-05 19:08:19] [W-1] 🔧 开始处理 [fork1] gsragcgdfhk/FreeNodes
[2026-08-05 19:08:19] [W-1] ⏭️ [fork1] 仓库 https://github.com/gsragcgdfhk/FreeNodes 21218h 未更新，跳过解析（无需追踪）
[2026-08-05 19:08:19] [W-1] ✅ 完成 [fork1] gsragcgdfhk/FreeNodes | 提取 0 | 新增 0 | 耗时 0s | 配额 4645/4800 11:08UTC | 主队列 77/200 发现队列 71/20000 [[fork1]:71]
[2026-08-05 19:08:19] [W-1] 🔧 开始处理 [fork1] shibaobei1/FreeNodes
[2026-08-05 19:08:19] [W-1] ⏭️ [fork1] 仓库 https://github.com/shibaobei1/FreeNodes 1460h 未更新，跳过解析（无需追踪）
[2026-08-05 19:08:19] [W-1] ✅ 完成 [fork1] shibaobei1/FreeNodes | 提取 0 | 新增 0 | 耗时 0s | 配额 4645/4800 11:08UTC | 主队列 77/200 发现队列 70/20000 [[fork1]:70]
[2026-08-05 19:08:19] [W-1] 🔧 开始处理 [fork1] fastbootBB/pachongjiedian
[2026-08-05 19:08:19] [W-1] ⏭️ [fork1] 仓库 https://github.com/fastbootBB/pachongjiedian 20667h 未更新，跳过解析（无需追踪）
[2026-08-05 19:08:19] [W-1] ✅ 完成 [fork1] fastbootBB/pachongjiedian | 提取 0 | 新增 0 | 耗时 0s | 配额 4645/4800 11:08UTC | 主队列 77/200 发现队列 69/20000 [[fork1]:69]
[2026-08-05 19:08:19] [W-1] 🔧 开始处理 [fork1] p0phday/FreeNodes
[2026-08-05 19:08:19] [W-1] ⏭️ [fork1] 仓库 https://github.com/p0phday/FreeNodes 3198h 未更新，跳过解析（无需追踪）
[2026-08-05 19:08:19] [W-1] ✅ 完成 [fork1] p0phday/FreeNodes | 提取 0 | 新增 0 | 耗时 0s | 配额 4645/4800 11:08UTC | 主队列 77/200 发现队列 68/20000 [[fork1]:68]
[2026-08-05 19:08:19] [W-1] 🔧 开始处理 [fork1] yaney01/FreeNodes
[2026-08-05 19:08:19] [W-1] ⏭️ [fork1] 仓库 https://github.com/yaney01/FreeNodes 20385h 未更新，跳过解析（无需追踪）
[2026-08-05 19:08:19] [W-1] ✅ 完成 [fork1] yaney01/FreeNodes | 提取 0 | 新增 0 | 耗时 0s | 配额 4645/4800 11:08UTC | 主队列 77/200 发现队列 67/20000 [[fork1]:67]
[2026-08-05 19:08:19] [W-1] 🔧 开始处理 [fork1] yuanalex8988/FreeNodes
[2026-08-05 19:08:19] [W-1] ⏭️ [fork1] 仓库 https://github.com/yuanalex8988/FreeNodes 11565h 未更新，跳过解析（无需追踪）
[2026-08-05 19:08:19] [W-1] ✅ 完成 [fork1] yuanalex8988/FreeNodes | 提取 0 | 新增 0 | 耗时 0s | 配额 4645/4800 11:08UTC | 主队列 77/200 发现队列 66/20000 [[fork1]:66]
[2026-08-05 19:08:19] [W-1] 🔧 开始处理 [fork1] wanz0076/FreeNodes
[2026-08-05 19:08:19] [W-1] ⏭️ [fork1] 仓库 https://github.com/wanz0076/FreeNodes 3870h 未更新，跳过解析（无需追踪）
[2026-08-05 19:08:19] [W-1] ✅ 完成 [fork1] wanz0076/FreeNodes | 提取 0 | 新增 0 | 耗时 0s | 配额 4645/4800 11:08UTC | 主队列 77/200 发现队列 65/20000 [[fork1]:65]
[2026-08-05 19:08:19] [W-1] 🔧 开始处理 [fork1] jackspeng/FreeNodes
[2026-08-05 19:08:19] [W-1] ⏭️ [fork1] 仓库 https://github.com/jackspeng/FreeNodes 19011h 未更新，跳过解析（无需追踪）
[2026-08-05 19:08:19] [W-1] ✅ 完成 [fork1] jackspeng/FreeNodes | 提取 0 | 新增 0 | 耗时 0s | 配额 4645/4800 11:08UTC | 主队列 77/200 发现队列 64/20000 [[fork1]:64]
[2026-08-05 19:08:19] [W-1] 🔧 开始处理 [fork1] hb5588973/FreeNodes
[2026-08-05 19:08:19] [W-1] ⏭️ [fork1] 仓库 https://github.com/hb5588973/FreeNodes 18867h 未更新，跳过解析（无需追踪）
[2026-08-05 19:08:19] [W-1] ✅ 完成 [fork1] hb5588973/FreeNodes | 提取 0 | 新增 0 | 耗时 0s | 配额 4645/4800 11:08UTC | 主队列 77/200 发现队列 63/20000 [[fork1]:63]
[2026-08-05 19:08:19] [W-1] 🔧 开始处理 [fork1] Xiaolongpu/freenodes
[2026-08-05 19:08:19] [W-1] ⏭️ [fork1] 仓库 https://github.com/Xiaolongpu/freenodes 52h 未更新，跳过解析（无需追踪）
[2026-08-05 19:08:19] [W-1] ✅ 完成 [fork1] Xiaolongpu/freenodes | 提取 0 | 新增 0 | 耗时 0s | 配额 4645/4800 11:08UTC | 主队列 77/200 发现队列 62/20000 [[fork1]:62]
[2026-08-05 19:08:19] [W-1] 🔧 开始处理 [fork1] nikehuang123123-spec/FreeNodes
[2026-08-05 19:08:19] [W-1] ⏭️ [fork1] 仓库 https://github.com/nikehuang123123-spec/FreeNodes 3558h 未更新，跳过解析（无需追踪）
[2026-08-05 19:08:19] [W-1] ✅ 完成 [fork1] nikehuang123123-spec/FreeNodes | 提取 0 | 新增 0 | 耗时 0s | 配额 4645/4800 11:08UTC | 主队列 77/200 发现队列 61/20000 [[fork1]:61]
[2026-08-05 19:08:19] [W-1] 🔧 开始处理 [fork1] linlucasbee/FreeNodes
[2026-08-05 19:08:19] [W-1] ⏭️ [fork1] 仓库 https://github.com/linlucasbee/FreeNodes 17547h 未更新，跳过解析（无需追踪）
[2026-08-05 19:08:19] [W-1] ✅ 完成 [fork1] linlucasbee/FreeNodes | 提取 0 | 新增 0 | 耗时 0s | 配额 4645/4800 11:08UTC | 主队列 77/200 发现队列 60/20000 [[fork1]:60]
[2026-08-05 19:08:19] [W-1] 🔧 开始处理 [fork1] weiyongchun/FreeNodes
[2026-08-05 19:08:19] [W-1] ⏭️ [fork1] 仓库 https://github.com/weiyongchun/FreeNodes 3462h 未更新，跳过解析（无需追踪）
[2026-08-05 19:08:19] [W-1] ✅ 完成 [fork1] weiyongchun/FreeNodes | 提取 0 | 新增 0 | 耗时 0s | 配额 4645/4800 11:08UTC | 主队列 77/200 发现队列 59/20000 [[fork1]:59]
[2026-08-05 19:08:19] [W-1] 🔧 开始处理 [fork1] 1063378305/FreeNodes
[2026-08-05 19:08:19] [W-1] ⏭️ [fork1] 仓库 https://github.com/1063378305/FreeNodes 8589h 未更新，跳过解析（无需追踪）
[2026-08-05 19:08:19] [W-1] ✅ 完成 [fork1] 1063378305/FreeNodes | 提取 0 | 新增 0 | 耗时 0s | 配额 4645/4800 11:08UTC | 主队列 77/200 发现队列 58/20000 [[fork1]:58]
[2026-08-05 19:08:19] [W-1] 🔧 开始处理 [fork1] xiaoji235/FreeNodes
[2026-08-05 19:08:19] [W-1] ⏭️ [fork1] 仓库 https://github.com/xiaoji235/FreeNodes 15580h 未更新，跳过解析（无需追踪）
[2026-08-05 19:08:19] [W-1] ✅ 完成 [fork1] xiaoji235/FreeNodes | 提取 0 | 新增 0 | 耗时 0s | 配额 4645/4800 11:08UTC | 主队列 77/200 发现队列 57/20000 [[fork1]:57]
[2026-08-05 19:08:19] [W-1] 🔧 开始处理 [fork1] 13345155885/FreeNodes
[2026-08-05 19:08:19] [W-1] ⏭️ [fork1] 仓库 https://github.com/13345155885/FreeNodes 8493h 未更新，跳过解析（无需追踪）
[2026-08-05 19:08:19] [W-1] ✅ 完成 [fork1] 13345155885/FreeNodes | 提取 0 | 新增 0 | 耗时 0s | 配额 4645/4800 11:08UTC | 主队列 77/200 发现队列 56/20000 [[fork1]:56]
[2026-08-05 19:08:19] [W-1] 🔧 开始处理 [fork1] sfCao/FreeNodes
[2026-08-05 19:08:19] [W-1] ⏭️ [fork1] 仓库 https://github.com/sfCao/FreeNodes 15146h 未更新，跳过解析（无需追踪）
[2026-08-05 19:08:19] [W-1] ✅ 完成 [fork1] sfCao/FreeNodes | 提取 0 | 新增 0 | 耗时 0s | 配额 4645/4800 11:08UTC | 主队列 77/200 发现队列 55/20000 [[fork1]:55]
[2026-08-05 19:08:19] [W-1] 🔧 开始处理 [fork1] tkyyds/-FreeNodes
[2026-08-05 19:08:19] [W-1] ⏭️ [fork1] 仓库 https://github.com/tkyyds/-FreeNodes 15069h 未更新，跳过解析（无需追踪）
[2026-08-05 19:08:19] [W-1] ✅ 完成 [fork1] tkyyds/-FreeNodes | 提取 0 | 新增 0 | 耗时 0s | 配额 4645/4800 11:08UTC | 主队列 77/200 发现队列 54/20000 [[fork1]:54]
[2026-08-05 19:08:19] [W-1] 🔧 开始处理 [fork1] liu21775123/FreeNodes0000zzz1
[2026-08-05 19:08:19] [W-1] ⏭️ [fork1] 仓库 https://github.com/liu21775123/FreeNodes0000zzz1 3966h 未更新，跳过解析（无需追踪）
[2026-08-05 19:08:19] [W-1] ✅ 完成 [fork1] liu21775123/FreeNodes0000zzz1 | 提取 0 | 新增 0 | 耗时 0s | 配额 4645/4800 11:08UTC | 主队列 77/200 发现队列 53/20000 [[fork1]:53]
[2026-08-05 19:08:19] [W-1] 🔧 开始处理 [fork1] allennj/FreeNodes
[2026-08-05 19:08:19] [W-1] ⏭️ [fork1] 仓库 https://github.com/allennj/FreeNodes 12381h 未更新，跳过解析（无需追踪）
[2026-08-05 19:08:19] [W-1] ✅ 完成 [fork1] allennj/FreeNodes | 提取 0 | 新增 0 | 耗时 0s | 配额 4645/4800 11:08UTC | 主队列 77/200 发现队列 52/20000 [[fork1]:52]
[2026-08-05 19:08:19] [W-1] 🔧 开始处理 [fork1] Geeroro/FreeNodes
[2026-08-05 19:08:19] [W-1] ⏭️ [fork1] 仓库 https://github.com/Geeroro/FreeNodes 6990h 未更新，跳过解析（无需追踪）
[2026-08-05 19:08:19] [W-1] ✅ 完成 [fork1] Geeroro/FreeNodes | 提取 0 | 新增 0 | 耗时 0s | 配额 4645/4800 11:08UTC | 主队列 77/200 发现队列 51/20000 [[fork1]:51]
[2026-08-05 19:08:19] [W-1] 🔧 开始处理 [fork1] laisj8888/FreeNodes01
[2026-08-05 19:08:19] [W-1] ⏭️ [fork1] 仓库 https://github.com/laisj8888/FreeNodes01 3990h 未更新，跳过解析（无需追踪）
[2026-08-05 19:08:19] [W-1] ✅ 完成 [fork1] laisj8888/FreeNodes01 | 提取 0 | 新增 0 | 耗时 0s | 配额 4645/4800 11:08UTC | 主队列 77/200 发现队列 50/20000 [[fork1]:50]
[2026-08-05 19:08:19] [W-1] 🔧 开始处理 [fork1] Yumore/FreeNodes
[2026-08-05 19:08:19] [W-1] ⏭️ [fork1] 仓库 https://github.com/Yumore/FreeNodes 11835h 未更新，跳过解析（无需追踪）
[2026-08-05 19:08:19] [W-1] ✅ 完成 [fork1] Yumore/FreeNodes | 提取 0 | 新增 0 | 耗时 0s | 配额 4645/4800 11:08UTC | 主队列 77/200 发现队列 49/20000 [[fork1]:49]
[2026-08-05 19:08:19] [W-1] 🔧 开始处理 [fork1] mmeimm/FreeNodes
[2026-08-05 19:08:19] [W-1] [fork1] 仓库 https://github.com/mmeimm/FreeNodes (分支: main, size: 21862KB, pushed: 2026-08-05T06:27:25Z)
[2026-08-05 19:08:19] [W-11] 🔧 开始处理 [fork1] liangjm121/FreeNodes
[2026-08-05 19:08:19] [W-11] ⏭️ [fork1] 仓库 https://github.com/liangjm121/FreeNodes 4205h 未更新，跳过解析（无需追踪）
[2026-08-05 19:08:19] [W-11] ✅ 完成 [fork1] liangjm121/FreeNodes | 提取 0 | 新增 0 | 耗时 0s | 配额 4645/4800 11:08UTC | 主队列 77/200 发现队列 46/20000 [[fork1]:46]
[2026-08-05 19:08:19] [W-11] 🔧 开始处理 [fork1] alshbcd/FreeNodes
[2026-08-05 19:08:19] [W-11] ⏭️ [fork1] 仓库 https://github.com/alshbcd/FreeNodes 4205h 未更新，跳过解析（无需追踪）
[2026-08-05 19:08:19] [W-11] ✅ 完成 [fork1] alshbcd/FreeNodes | 提取 0 | 新增 0 | 耗时 0s | 配额 4645/4800 11:08UTC | 主队列 77/200 发现队列 45/20000 [[fork1]:45]
[2026-08-05 19:08:19] [W-11] 🔧 开始处理 [fork1] tomsyang0/FreeNodes
[2026-08-05 19:08:19] [W-11] ⏭️ [fork1] 仓库 https://github.com/tomsyang0/FreeNodes 6336h 未更新，跳过解析（无需追踪）
[2026-08-05 19:08:19] [W-11] ✅ 完成 [fork1] tomsyang0/FreeNodes | 提取 0 | 新增 0 | 耗时 0s | 配额 4645/4800 11:08UTC | 主队列 77/200 发现队列 44/20000 [[fork1]:44]
[2026-08-05 19:08:19] [W-11] 🔧 开始处理 [fork1] ligelitter/FreeV2ray
[2026-08-05 19:08:19] [W-11] ⏭️ [fork1] 仓库 https://github.com/ligelitter/FreeV2ray 4484h 未更新，跳过解析（无需追踪）
[2026-08-05 19:08:19] [W-11] ✅ 完成 [fork1] ligelitter/FreeV2ray | 提取 0 | 新增 0 | 耗时 0s | 配额 4645/4800 11:08UTC | 主队列 77/200 发现队列 43/20000 [[fork1]:43]
[2026-08-05 19:08:19] [W-11] 🔧 开始处理 [fork1] myfly456789/FreeNodes
[2026-08-05 19:08:19] [W-11] ⏭️ [fork1] 仓库 https://github.com/myfly456789/FreeNodes 4205h 未更新，跳过解析（无需追踪）
[2026-08-05 19:08:19] [W-11] ✅ 完成 [fork1] myfly456789/FreeNodes | 提取 0 | 新增 0 | 耗时 0s | 配额 4645/4800 11:08UTC | 主队列 77/200 发现队列 42/20000 [[fork1]:42]
[2026-08-05 19:08:19] [W-11] 🔧 开始处理 [fork1] Jokered787/FreeNodes123
[2026-08-05 19:08:19] [W-11] ⏭️ [fork1] 仓库 https://github.com/Jokered787/FreeNodes123 6054h 未更新，跳过解析（无需追踪）
[2026-08-05 19:08:19] [W-11] ✅ 完成 [fork1] Jokered787/FreeNodes123 | 提取 0 | 新增 0 | 耗时 0s | 配额 4645/4800 11:08UTC | 主队列 77/200 发现队列 41/20000 [[fork1]:41]
[2026-08-05 19:08:19] [W-11] 🔧 开始处理 [fork1] nane7/FreeNodes
[2026-08-05 19:08:19] [W-11] 📝 已处理缓存: nane7/FreeNodes
[2026-08-05 19:08:19] [W-11] ⏭️ [fork1] 仓库 https://github.com/nane7/FreeNodes 29h 未更新，跳过解析（无需追踪）
[2026-08-05 19:08:19] [W-11] ✅ 完成 [fork1] nane7/FreeNodes | 提取 0 | 新增 0 | 耗时 0s | 配额 4645/4800 11:08UTC | 主队列 77/200 发现队列 40/20000 [[fork1]:40]
[2026-08-05 19:08:19] [W-11] 🔧 开始处理 [fork1] ysl184454/FreeNodes
[2026-08-05 19:08:19] [W-11] ⏭️ [fork1] 仓库 https://github.com/ysl184454/FreeNodes 772h 未更新，跳过解析（无需追踪）
[2026-08-05 19:08:19] [W-11] ✅ 完成 [fork1] ysl184454/FreeNodes | 提取 0 | 新增 0 | 耗时 0s | 配额 4645/4800 11:08UTC | 主队列 77/200 发现队列 39/20000 [[fork1]:39]
[2026-08-05 19:08:19] [W-11] 🔧 开始处理 [fork1] NelTHuS/Nodes-Barabama
[2026-08-05 19:08:19] [W-11] ⏭️ [fork1] 仓库 https://github.com/NelTHuS/Nodes-Barabama 21224h 未更新，跳过解析（无需追踪）
[2026-08-05 19:08:19] [W-11] ✅ 完成 [fork1] NelTHuS/Nodes-Barabama | 提取 0 | 新增 0 | 耗时 0s | 配额 4645/4800 11:08UTC | 主队列 77/200 发现队列 38/20000 [[fork1]:38]
[2026-08-05 19:08:19] [W-11] 🔧 开始处理 [fork1] lnjamn/FreeNodes
[2026-08-05 19:08:19] [W-11] ⏭️ [fork1] 仓库 https://github.com/lnjamn/FreeNodes 21218h 未更新，跳过解析（无需追踪）
[2026-08-05 19:08:19] [W-11] ✅ 完成 [fork1] lnjamn/FreeNodes | 提取 0 | 新增 0 | 耗时 0s | 配额 4645/4800 11:08UTC | 主队列 77/200 发现队列 37/20000 [[fork1]:37]
[2026-08-05 19:08:19] [W-11] 🔧 开始处理 [fork1] jh12375/FreeNodes
[2026-08-05 19:08:19] [W-11] ⏭️ [fork1] 仓库 https://github.com/jh12375/FreeNodes 9632h 未更新，跳过解析（无需追踪）
[2026-08-05 19:08:19] [W-11] ✅ 完成 [fork1] jh12375/FreeNodes | 提取 0 | 新增 0 | 耗时 0s | 配额 4645/4800 11:08UTC | 主队列 77/200 发现队列 36/20000 [[fork1]:36]
[2026-08-05 19:08:19] [W-11] 🔧 开始处理 [fork1] LWL231/FreeNodes
[2026-08-05 19:08:19] [W-11] ⏭️ [fork1] 仓库 https://github.com/LWL231/FreeNodes 4368h 未更新，跳过解析（无需追踪）
[2026-08-05 19:08:19] [W-11] ✅ 完成 [fork1] LWL231/FreeNodes | 提取 0 | 新增 0 | 耗时 0s | 配额 4645/4800 11:08UTC | 主队列 77/200 发现队列 35/20000 [[fork1]:35]
[2026-08-05 19:08:19] [W-11] 🔧 开始处理 [fork1] clkhmer/FreeNodes
[2026-08-05 19:08:19] [W-11] ⏭️ [fork1] 仓库 https://github.com/clkhmer/FreeNodes 3894h 未更新，跳过解析（无需追踪）
[2026-08-05 19:08:19] [W-11] ✅ 完成 [fork1] clkhmer/FreeNodes | 提取 0 | 新增 0 | 耗时 0s | 配额 4645/4800 11:08UTC | 主队列 77/200 发现队列 34/20000 [[fork1]:34]
[2026-08-05 19:08:19] [W-11] 🔧 开始处理 [fork1] b2bsharing-dot/FreeNodes
[2026-08-05 19:08:19] [W-11] ⏭️ [fork1] 仓库 https://github.com/b2bsharing-dot/FreeNodes 4205h 未更新，跳过解析（无需追踪）
[2026-08-05 19:08:19] [W-11] ✅ 完成 [fork1] b2bsharing-dot/FreeNodes | 提取 0 | 新增 0 | 耗时 0s | 配额 4645/4800 11:08UTC | 主队列 77/200 发现队列 33/20000 [[fork1]:33]
[2026-08-05 19:08:19] [W-11] 🔧 开始处理 [fork1] gaohenb/gaohe
[2026-08-05 19:08:19] [W-11] ⏭️ [fork1] 仓库 https://github.com/gaohenb/gaohe 963h 未更新，跳过解析（无需追踪）
[2026-08-05 19:08:19] [W-11] ✅ 完成 [fork1] gaohenb/gaohe | 提取 0 | 新增 0 | 耗时 0s | 配额 4645/4800 11:08UTC | 主队列 77/200 发现队列 32/20000 [[fork1]:32]
[2026-08-05 19:08:19] [W-11] 🔧 开始处理 [fork1] vieuxport/FreeNodes
[2026-08-05 19:08:19] [W-11] ⏭️ [fork1] 仓库 https://github.com/vieuxport/FreeNodes 20565h 未更新，跳过解析（无需追踪）
[2026-08-05 19:08:19] [W-11] ✅ 完成 [fork1] vieuxport/FreeNodes | 提取 0 | 新增 0 | 耗时 0s | 配额 4645/4800 11:08UTC | 主队列 77/200 发现队列 31/20000 [[fork1]:31]
[2026-08-05 19:08:19] [W-11] 🔧 开始处理 [fork1] 271548/FreeNodes
[2026-08-05 19:08:19] [W-11] ⏭️ [fork1] 仓库 https://github.com/271548/FreeNodes 20403h 未更新，跳过解析（无需追踪）
[2026-08-05 19:08:19] [W-11] ✅ 完成 [fork1] 271548/FreeNodes | 提取 0 | 新增 0 | 耗时 0s | 配额 4645/4800 11:08UTC | 主队列 77/200 发现队列 30/20000 [[fork1]:30]
[2026-08-05 19:08:19] [W-11] 🔧 开始处理 [fork1] cengj81/Freecpb
[2026-08-05 19:08:19] [W-11] ⏭️ [fork1] 仓库 https://github.com/cengj81/Freecpb 6342h 未更新，跳过解析（无需追踪）
[2026-08-05 19:08:19] [W-11] ✅ 完成 [fork1] cengj81/Freecpb | 提取 0 | 新增 0 | 耗时 0s | 配额 4645/4800 11:08UTC | 主队列 77/200 发现队列 29/20000 [[fork1]:29]
[2026-08-05 19:08:19] [W-11] 🔧 开始处理 [fork1] lookming998/FreeNodes
[2026-08-05 19:08:19] [W-11] ⏭️ [fork1] 仓库 https://github.com/lookming998/FreeNodes 3558h 未更新，跳过解析（无需追踪）
[2026-08-05 19:08:19] [W-11] ✅ 完成 [fork1] lookming998/FreeNodes | 提取 0 | 新增 0 | 耗时 0s | 配额 4645/4800 11:08UTC | 主队列 77/200 发现队列 28/20000 [[fork1]:28]
[2026-08-05 19:08:19] [W-11] 🔧 开始处理 [fork1] 151300/FreeNodes
[2026-08-05 19:08:19] [W-11] [fork1] 仓库 https://github.com/151300/FreeNodes (分支: main, size: 21835KB, pushed: 2026-08-05T06:23:41Z)
[2026-08-05 19:08:19] [W-23] 🔧 开始处理 [fork1] hongjie7202/FreeNodes-Barabama
[2026-08-05 19:08:19] [W-23] ⏭️ [fork1] 仓库 https://github.com/hongjie7202/FreeNodes-Barabama 9893h 未更新，跳过解析（无需追踪）
[2026-08-05 19:08:19] [W-23] ✅ 完成 [fork1] hongjie7202/FreeNodes-Barabama | 提取 0 | 新增 0 | 耗时 0s | 配额 4645/4800 11:08UTC | 主队列 77/200 发现队列 26/20000 [[fork1]:26]
[2026-08-05 19:08:19] [W-23] 🔧 开始处理 [fork1] salonikam/FreeNodes
[2026-08-05 19:08:19] [W-23] ⏭️ [fork1] 仓库 https://github.com/salonikam/FreeNodes 8955h 未更新，跳过解析（无需追踪）
[2026-08-05 19:08:19] [W-23] ✅ 完成 [fork1] salonikam/FreeNodes | 提取 0 | 新增 0 | 耗时 0s | 配额 4645/4800 11:08UTC | 主队列 77/200 发现队列 25/20000 [[fork1]:25]
[2026-08-05 19:08:19] [W-23] 🔧 开始处理 [fork1] nbtjw/FreeNodes
[2026-08-05 19:08:19] [W-23] ⏭️ [fork1] 仓库 https://github.com/nbtjw/FreeNodes 4182h 未更新，跳过解析（无需追踪）
[2026-08-05 19:08:19] [W-23] ✅ 完成 [fork1] nbtjw/FreeNodes | 提取 0 | 新增 0 | 耗时 0s | 配额 4645/4800 11:08UTC | 主队列 77/200 发现队列 24/20000 [[fork1]:24]
[2026-08-05 19:08:19] [W-23] 🔧 开始处理 [fork1] suoweiwu442-beep/FreeNodes
[2026-08-05 19:08:19] [W-23] [fork1] 仓库 https://github.com/suoweiwu442-beep/FreeNodes (分支: feat/ai-crawler-v2, size: 50514KB, pushed: 2026-08-05T06:24:24Z)
[2026-08-05 19:08:19] [W-9] 🔧 开始处理 [fork1] jack12345abc/FreeNodes
[2026-08-05 19:08:19] [W-9] ⏭️ [fork1] 仓库 https://github.com/jack12345abc/FreeNodes 1245h 未更新，跳过解析（无需追踪）
[2026-08-05 19:08:19] [W-9] ✅ 完成 [fork1] jack12345abc/FreeNodes | 提取 0 | 新增 0 | 耗时 0s | 配额 4645/4800 11:08UTC | 主队列 77/200 发现队列 22/20000 [[fork1]:22]
[2026-08-05 19:08:19] [W-9] 🔧 开始处理 [fork1] grhua/FreeNodes
[2026-08-05 19:08:19] [W-9] ⏭️ [fork1] 仓库 https://github.com/grhua/FreeNodes 4205h 未更新，跳过解析（无需追踪）
[2026-08-05 19:08:19] [W-9] ✅ 完成 [fork1] grhua/FreeNodes | 提取 0 | 新增 0 | 耗时 0s | 配额 4645/4800 11:08UTC | 主队列 77/200 发现队列 21/20000 [[fork1]:21]
[2026-08-05 19:08:19] [W-9] 🔧 开始处理 [fork1] ultramuse/FreeNodes1
[2026-08-05 19:08:19] [W-9] ⏭️ [fork1] 仓库 https://github.com/ultramuse/FreeNodes1 4205h 未更新，跳过解析（无需追踪）
[2026-08-05 19:08:19] [W-9] ✅ 完成 [fork1] ultramuse/FreeNodes1 | 提取 0 | 新增 0 | 耗时 0s | 配额 4645/4800 11:08UTC | 主队列 77/200 发现队列 20/20000 [[fork1]:20]
[2026-08-05 19:08:19] [W-9] 🔧 开始处理 [fork1] zbq1926/FreeNodes2
[2026-08-05 19:08:19] [W-9] ⏭️ [fork1] 仓库 https://github.com/zbq1926/FreeNodes2 7372h 未更新，跳过解析（无需追踪）
[2026-08-05 19:08:19] [W-9] ✅ 完成 [fork1] zbq1926/FreeNodes2 | 提取 0 | 新增 0 | 耗时 0s | 配额 4645/4800 11:08UTC | 主队列 77/200 发现队列 19/20000 [[fork1]:19]
[2026-08-05 19:08:19] [W-9] 🔧 开始处理 [fork1] R99day/FreeNodes
[2026-08-05 19:08:19] [W-9] ⏭️ [fork1] 仓库 https://github.com/R99day/FreeNodes 18795h 未更新，跳过解析（无需追踪）
[2026-08-05 19:08:19] [W-9] ✅ 完成 [fork1] R99day/FreeNodes | 提取 0 | 新增 0 | 耗时 0s | 配额 4645/4800 11:08UTC | 主队列 77/200 发现队列 18/20000 [[fork1]:18]
[2026-08-05 19:08:19] [W-9] 🔧 开始处理 [fork1] ForAllCodeSouls/FreeNodes-python-
[2026-08-05 19:08:19] [W-9] 📝 已处理缓存: ForAllCodeSouls/FreeNodes-python-
[2026-08-05 19:08:19] [W-9] ⏭️ [fork1] 仓库 https://github.com/ForAllCodeSouls/FreeNodes-python- 4806h 未更新，跳过解析（无需追踪）
[2026-08-05 19:08:19] [W-9] ✅ 完成 [fork1] ForAllCodeSouls/FreeNodes-python- | 提取 0 | 新增 0 | 耗时 0s | 配额 4645/4800 11:08UTC | 主队列 77/200 发现队列 17/20000 [[fork1]:17]
[2026-08-05 19:08:19] [W-9] 🔧 开始处理 [fork1] tzxiaozhen88/FreeNodes
[2026-08-05 19:08:19] [W-9] ⏭️ [fork1] 仓库 https://github.com/tzxiaozhen88/FreeNodes 3966h 未更新，跳过解析（无需追踪）
[2026-08-05 19:08:19] [W-9] ✅ 完成 [fork1] tzxiaozhen88/FreeNodes | 提取 0 | 新增 0 | 耗时 0s | 配额 4645/4800 11:08UTC | 主队列 77/200 发现队列 16/20000 [[fork1]:16]
[2026-08-05 19:08:19] [W-9] 🔧 开始处理 [fork1] kiki3533/FreeNodes
[2026-08-05 19:08:19] [W-9] ⏭️ [fork1] 仓库 https://github.com/kiki3533/FreeNodes 15656h 未更新，跳过解析（无需追踪）
[2026-08-05 19:08:19] [W-9] ✅ 完成 [fork1] kiki3533/FreeNodes | 提取 0 | 新增 0 | 耗时 0s | 配额 4645/4800 11:08UTC | 主队列 77/200 发现队列 15/20000 [[fork1]:15]
[2026-08-05 19:08:19] [W-9] 🔧 开始处理 [fork1] lchueng123-debug/freenodes
[2026-08-05 19:08:19] [W-9] ⏭️ [fork1] 仓库 https://github.com/lchueng123-debug/freenodes 4205h 未更新，跳过解析（无需追踪）
[2026-08-05 19:08:19] [W-9] ✅ 完成 [fork1] lchueng123-debug/freenodes | 提取 0 | 新增 0 | 耗时 0s | 配额 4645/4800 11:08UTC | 主队列 77/200 发现队列 14/20000 [[fork1]:14]
[2026-08-05 19:08:19] [W-9] 🔧 开始处理 [fork1] chenyun070809/freenodes-2
[2026-08-05 19:08:19] [W-9] ⏭️ [fork1] 仓库 https://github.com/chenyun070809/freenodes-2 4085h 未更新，跳过解析（无需追踪）
[2026-08-05 19:08:19] [W-9] ✅ 完成 [fork1] chenyun070809/freenodes-2 | 提取 0 | 新增 0 | 耗时 0s | 配额 4645/4800 11:08UTC | 主队列 77/200 发现队列 13/20000 [[fork1]:13]
[2026-08-05 19:08:19] [W-9] 🔧 开始处理 [fork1] charleschen82/FreeNodes
[2026-08-05 19:08:19] [W-9] ⏭️ [fork1] 仓库 https://github.com/charleschen82/FreeNodes 4182h 未更新，跳过解析（无需追踪）
[2026-08-05 19:08:19] [W-9] ✅ 完成 [fork1] charleschen82/FreeNodes | 提取 0 | 新增 0 | 耗时 0s | 配额 4645/4800 11:08UTC | 主队列 77/200 发现队列 12/20000 [[fork1]:12]
[2026-08-05 19:08:19] [W-9] 🔧 开始处理 [fork1] Matinee123/FreeNodes1
[2026-08-05 19:08:19] [W-9] ⏭️ [fork1] 仓库 https://github.com/Matinee123/FreeNodes1 2686h 未更新，跳过解析（无需追踪）
[2026-08-05 19:08:19] [W-9] ✅ 完成 [fork1] Matinee123/FreeNodes1 | 提取 0 | 新增 0 | 耗时 0s | 配额 4645/4800 11:08UTC | 主队列 77/200 发现队列 11/20000 [[fork1]:11]
[2026-08-05 19:08:19] [W-9] 🔧 开始处理 [fork1] gitggghub/FreeNodes
[2026-08-05 19:08:19] [W-9] ⏭️ [fork1] 仓库 https://github.com/gitggghub/FreeNodes 4134h 未更新，跳过解析（无需追踪）
[2026-08-05 19:08:19] [W-9] ✅ 完成 [fork1] gitggghub/FreeNodes | 提取 0 | 新增 0 | 耗时 0s | 配额 4645/4800 11:08UTC | 主队列 77/200 发现队列 10/20000 [[fork1]:10]
[2026-08-05 19:08:19] [W-9] 🔧 开始处理 [fork1] m17y/FreeNodes
[2026-08-05 19:08:19] [W-9] ⏭️ [fork1] 仓库 https://github.com/m17y/FreeNodes 11643h 未更新，跳过解析（无需追踪）
[2026-08-05 19:08:19] [W-9] ✅ 完成 [fork1] m17y/FreeNodes | 提取 0 | 新增 0 | 耗时 0s | 配额 4645/4800 11:08UTC | 主队列 77/200 发现队列 9/20000 [[fork1]:9]
[2026-08-05 19:08:19] [W-9] 🔧 开始处理 [fork1] Huangwenhu1/FreeNodes
[2026-08-05 19:08:19] [W-9] ⏭️ [fork1] 仓库 https://github.com/Huangwenhu1/FreeNodes 6222h 未更新，跳过解析（无需追踪）
[2026-08-05 19:08:19] [W-9] ✅ 完成 [fork1] Huangwenhu1/FreeNodes | 提取 0 | 新增 0 | 耗时 0s | 配额 4645/4800 11:08UTC | 主队列 77/200 发现队列 8/20000 [[fork1]:8]
[2026-08-05 19:08:19] [W-9] 🔧 开始处理 [fork1] fise4456/FreeNodes
[2026-08-05 19:08:19] [W-9] ⏭️ [fork1] 仓库 https://github.com/fise4456/FreeNodes 4205h 未更新，跳过解析（无需追踪）
[2026-08-05 19:08:19] [W-9] ✅ 完成 [fork1] fise4456/FreeNodes | 提取 0 | 新增 0 | 耗时 0s | 配额 4645/4800 11:08UTC | 主队列 77/200 发现队列 7/20000 [[fork1]:7]
[2026-08-05 19:08:19] [W-9] 🔧 开始处理 [fork1] 19y/FreeNodes
[2026-08-05 19:08:19] [W-9] ⏭️ [fork1] 仓库 https://github.com/19y/FreeNodes 16856h 未更新，跳过解析（无需追踪）
[2026-08-05 19:08:19] [W-9] ✅ 完成 [fork1] 19y/FreeNodes | 提取 0 | 新增 0 | 耗时 0s | 配额 4645/4800 11:08UTC | 主队列 77/200 发现队列 6/20000 [[fork1]:6]
[2026-08-05 19:08:19] [W-9] 🔧 开始处理 [fork1] weimingming888/FreeNodes
[2026-08-05 19:08:19] [W-9] ⏭️ [fork1] 仓库 https://github.com/weimingming888/FreeNodes 8249h 未更新，跳过解析（无需追踪）
[2026-08-05 19:08:19] [W-9] ✅ 完成 [fork1] weimingming888/FreeNodes | 提取 0 | 新增 0 | 耗时 0s | 配额 4645/4800 11:08UTC | 主队列 77/200 发现队列 5/20000 [[fork1]:5]
[2026-08-05 19:08:19] [W-9] 🔧 开始处理 [fork1] longfeihao637-tech/FreeNodes
[2026-08-05 19:08:19] [W-9] ⏭️ [fork1] 仓库 https://github.com/longfeihao637-tech/FreeNodes 1467h 未更新，跳过解析（无需追踪）
[2026-08-05 19:08:19] [W-9] ✅ 完成 [fork1] longfeihao637-tech/FreeNodes | 提取 0 | 新增 0 | 耗时 0s | 配额 4645/4800 11:08UTC | 主队列 77/200 发现队列 4/20000 [[fork1]:4]
[2026-08-05 19:08:19] [W-9] 🔧 开始处理 [fork1] 321240141/FreeNodes
[2026-08-05 19:08:19] [W-9] ⏭️ [fork1] 仓库 https://github.com/321240141/FreeNodes 10611h 未更新，跳过解析（无需追踪）
[2026-08-05 19:08:19] [W-9] ✅ 完成 [fork1] 321240141/FreeNodes | 提取 0 | 新增 0 | 耗时 0s | 配额 4645/4800 11:08UTC | 主队列 77/200 发现队列 3/20000 [[fork1]:3]
[2026-08-05 19:08:19] [W-9] 🔧 开始处理 [fork1] VictorSudin/FreeNodes
[2026-08-05 19:08:19] [W-9] ⏭️ [fork1] 仓库 https://github.com/VictorSudin/FreeNodes 3198h 未更新，跳过解析（无需追踪）
[2026-08-05 19:08:19] [W-9] ✅ 完成 [fork1] VictorSudin/FreeNodes | 提取 0 | 新增 0 | 耗时 0s | 配额 4645/4800 11:08UTC | 主队列 77/200 发现队列 2/20000 [[fork1]:2]
[2026-08-05 19:08:19] [W-9] 🔧 开始处理 [fork1] xiaoyu123-hub/FN2
[2026-08-05 19:08:19] [W-9] ⏭️ [fork1] 仓库 https://github.com/xiaoyu123-hub/FN2 4205h 未更新，跳过解析（无需追踪）
[2026-08-05 19:08:19] [W-9] ✅ 完成 [fork1] xiaoyu123-hub/FN2 | 提取 0 | 新增 0 | 耗时 0s | 配额 4645/4800 11:08UTC | 主队列 77/200 发现队列 1/20000 [[fork1]:1]
[2026-08-05 19:08:19] [W-9] 🔧 开始处理 [fork1] lizhijianluck/FreeNodes
[2026-08-05 19:08:19] [W-9] ⏭️ [fork1] 仓库 https://github.com/lizhijianluck/FreeNodes 5814h 未更新，跳过解析（无需追踪）
[2026-08-05 19:08:19] [W-9] ✅ 完成 [fork1] lizhijianluck/FreeNodes | 提取 0 | 新增 0 | 耗时 0s | 配额 4645/4800 11:08UTC | 主队列 77/200 发现队列 0/20000 [空]
[2026-08-05 19:08:19] [W-22] 🔧 开始处理 [fork1] byd152535/FreeNodes
[2026-08-05 19:08:19] [W-22] ⏭️ [fork1] 仓库 https://github.com/byd152535/FreeNodes 6895h 未更新，跳过解析（无需追踪）
[2026-08-05 19:08:19] [W-22] ✅ 完成 [fork1] byd152535/FreeNodes | 提取 0 | 新增 0 | 耗时 0s | 配额 4645/4800 11:08UTC | 主队列 77/200 发现队列 0/20000 [空]
[2026-08-05 19:08:19] [W-7] 🔧 开始处理 [fork1] sileopro/FreeNodes
[2026-08-05 19:08:19] [W-7] ⏭️ [fork1] 仓库 https://github.com/sileopro/FreeNodes 7800h 未更新，跳过解析（无需追踪）
[2026-08-05 19:08:19] [W-7] ✅ 完成 [fork1] sileopro/FreeNodes | 提取 0 | 新增 0 | 耗时 0s | 配额 4645/4800 11:08UTC | 主队列 77/200 发现队列 0/20000 [空]
[2026-08-05 19:08:19] [W-13] 仓库 https://github.com/jasondd1983/FreeNodes 无候选文件 (总计 39 blob, 扩展名过滤 15, processed_shas 跳过 0, SHA 缓存跳过 24)
[2026-08-05 19:08:19] [W-13] 📝 已处理缓存: jasondd1983/FreeNodes
[2026-08-05 19:08:19] [W-13] ✅ 完成 [fork1] jasondd1983/FreeNodes | 提取 0 | 新增 0 | 耗时 0s | 配额 4644/4800 11:08UTC | 主队列 77/200 发现队列 0/20000 [空]
[2026-08-05 19:08:19] [W-23] 仓库 https://github.com/suoweiwu442-beep/FreeNodes 无候选文件 (总计 66 blob, 扩展名过滤 28, processed_shas 跳过 0, SHA 缓存跳过 38)
[2026-08-05 19:08:19] [W-23] 📝 已处理缓存: suoweiwu442-beep/FreeNodes
[2026-08-05 19:08:19] [W-23] ✅ 完成 [fork1] suoweiwu442-beep/FreeNodes | 提取 0 | 新增 0 | 耗时 0s | 配额 4643/4800 11:08UTC | 主队列 77/200 发现队列 0/20000 [空]
[2026-08-05 19:08:19] [W-1] 仓库 https://github.com/mmeimm/FreeNodes 无候选文件 (总计 41 blob, 扩展名过滤 15, processed_shas 跳过 0, SHA 缓存跳过 26)
[2026-08-05 19:08:19] [W-1] 📝 已处理缓存: mmeimm/FreeNodes
[2026-08-05 19:08:19] [W-1] ✅ 完成 [fork1] mmeimm/FreeNodes | 提取 0 | 新增 0 | 耗时 0s | 配额 4642/4800 11:08UTC | 主队列 77/200 发现队列 0/20000 [空]
[2026-08-05 19:08:19] [W-11] 仓库 https://github.com/151300/FreeNodes 无候选文件 (总计 41 blob, 扩展名过滤 15, processed_shas 跳过 0, SHA 缓存跳过 26)
[2026-08-05 19:08:19] [W-11] 📝 已处理缓存: 151300/FreeNodes
[2026-08-05 19:08:19] [W-11] ✅ 完成 [fork1] 151300/FreeNodes | 提取 0 | 新增 0 | 耗时 1s | 配额 4641/4800 11:08UTC | 主队列 77/200 发现队列 0/20000 [空]
[2026-08-05 19:08:25] [W-6]   👤 用户仓库: 30 个 → 主队列 77/200 发现队列 30/20000 [[user1]:30]
[2026-08-05 19:08:25] [W-6]   用户 XHegit 共查 30 个仓库
[2026-08-05 19:08:25] [W-6] ✅ 完成 [种子仓库] XHegit/FreeNodes | 提取 0 | 新增 0 | 耗时 9s | 配额 4638/4800 11:08UTC | 主队列 77/200 发现队列 30/20000 [[user1]:30]
[2026-08-05 19:08:25] [W-10] 🔧 开始处理 [user1] XHegit/yumisub
[2026-08-05 19:08:25] [W-10] ⏭️ [user1] 仓库 https://github.com/XHegit/yumisub 3030h 未更新，跳过解析（无需追踪）
[2026-08-05 19:08:25] [W-10] ✅ 完成 [user1] XHegit/yumisub | 提取 0 | 新增 0 | 耗时 0s | 配额 4638/4800 11:08UTC | 主队列 77/200 发现队列 28/20000 [[user1]:28]
[2026-08-05 19:08:25] [W-10] 🔧 开始处理 [user1] XHegit/BBPPBB
[2026-08-05 19:08:25] [W-10] ⏭️ [user1] 仓库 https://github.com/XHegit/BBPPBB 3992h 未更新，跳过解析（无需追踪）
[2026-08-05 19:08:25] [W-10] ✅ 完成 [user1] XHegit/BBPPBB | 提取 0 | 新增 0 | 耗时 0s | 配额 4638/4800 11:08UTC | 主队列 77/200 发现队列 27/20000 [[user1]:27]
[2026-08-05 19:08:25] [W-10] 🔧 开始处理 [user1] XHegit/CXK-Computer_Free-SS-NODES
[2026-08-05 19:08:25] [W-10] ⏭️ [user1] 仓库 https://github.com/XHegit/CXK-Computer_Free-SS-NODES 12385h 未更新，跳过解析（无需追踪）
[2026-08-05 19:08:25] [W-10] ✅ 完成 [user1] XHegit/CXK-Computer_Free-SS-NODES | 提取 0 | 新增 0 | 耗时 0s | 配额 4638/4800 11:08UTC | 主队列 77/200 发现队列 26/20000 [[user1]:26]
[2026-08-05 19:08:25] [W-10] 🔧 开始处理 [user1] XHegit/Magnet_player
[2026-08-05 19:08:25] [W-10] ⏭️ [user1] 仓库 https://github.com/XHegit/Magnet_player 6860h 未更新，跳过解析（无需追踪）
[2026-08-05 19:08:25] [W-10] ✅ 完成 [user1] XHegit/Magnet_player | 提取 0 | 新增 0 | 耗时 0s | 配额 4638/4800 11:08UTC | 主队列 77/200 发现队列 25/20000 [[user1]:25]
[2026-08-05 19:08:25] [W-10] 🔧 开始处理 [user1] XHegit/lib
[2026-08-05 19:08:25] [W-10] ⏭️ [user1] 仓库 https://github.com/XHegit/lib 11003h 未更新，跳过解析（无需追踪）
[2026-08-05 19:08:25] [W-10] ✅ 完成 [user1] XHegit/lib | 提取 0 | 新增 0 | 耗时 0s | 配额 4638/4800 11:08UTC | 主队列 77/200 发现队列 24/20000 [[user1]:24]
[2026-08-05 19:08:25] [W-10] 🔧 开始处理 [user1] XHegit/fs-X-for-CodeSandBox
[2026-08-05 19:08:25] [W-10] ⏭️ [user1] 仓库 https://github.com/XHegit/fs-X-for-CodeSandBox 25522h 未更新，跳过解析（无需追踪）
[2026-08-05 19:08:25] [W-10] ✅ 完成 [user1] XHegit/fs-X-for-CodeSandBox | 提取 0 | 新增 0 | 耗时 0s | 配额 4638/4800 11:08UTC | 主队列 77/200 发现队列 23/20000 [[user1]:23]
[2026-08-05 19:08:25] [W-10] 🔧 开始处理 [user1] XHegit/x-for-codesandbox
[2026-08-05 19:08:25] [W-10] ⏭️ [user1] 仓库 https://github.com/XHegit/x-for-codesandbox 29496h 未更新，跳过解析（无需追踪）
[2026-08-05 19:08:25] [W-10] ✅ 完成 [user1] XHegit/x-for-codesandbox | 提取 0 | 新增 0 | 耗时 0s | 配额 4638/4800 11:08UTC | 主队列 77/200 发现队列 22/20000 [[user1]:22]
[2026-08-05 19:08:25] [W-10] 🔧 开始处理 [user1] XHegit/V2r-for-Codesandbox
[2026-08-05 19:08:25] [W-10] ⏭️ [user1] 仓库 https://github.com/XHegit/V2r-for-Codesandbox 11214h 未更新，跳过解析（无需追踪）
[2026-08-05 19:08:25] [W-10] ✅ 完成 [user1] XHegit/V2r-for-Codesandbox | 提取 0 | 新增 0 | 耗时 0s | 配额 4638/4800 11:08UTC | 主队列 77/200 发现队列 21/20000 [[user1]:21]
[2026-08-05 19:08:25] [W-10] 🔧 开始处理 [user1] XHegit/A-X-C-P
[2026-08-05 19:08:25] [W-10] ⏭️ [user1] 仓库 https://github.com/XHegit/A-X-C-P 10079h 未更新，跳过解析（无需追踪）
[2026-08-05 19:08:25] [W-10] ✅ 完成 [user1] XHegit/A-X-C-P | 提取 0 | 新增 0 | 耗时 0s | 配额 4638/4800 11:08UTC | 主队列 77/200 发现队列 20/20000 [[user1]:20]
[2026-08-05 19:08:25] [W-10] 🔧 开始处理 [user1] XHegit/Mine
[2026-08-05 19:08:25] [W-10] ⏭️ [user1] 仓库 https://github.com/XHegit/Mine 10171h 未更新，跳过解析（无需追踪）
[2026-08-05 19:08:25] [W-10] ✅ 完成 [user1] XHegit/Mine | 提取 0 | 新增 0 | 耗时 0s | 配额 4638/4800 11:08UTC | 主队列 77/200 发现队列 19/20000 [[user1]:19]
[2026-08-05 19:08:25] [W-10] 🔧 开始处理 [user1] XHegit/scalingoproject
[2026-08-05 19:08:25] [W-10] ⏭️ [user1] 仓库 https://github.com/XHegit/scalingoproject 18988h 未更新，跳过解析（无需追踪）
[2026-08-05 19:08:25] [W-10] ✅ 完成 [user1] XHegit/scalingoproject | 提取 0 | 新增 0 | 耗时 0s | 配额 4638/4800 11:08UTC | 主队列 77/200 发现队列 18/20000 [[user1]:18]
[2026-08-05 19:08:25] [W-10] 🔧 开始处理 [user1] XHegit/ArgoSB
[2026-08-05 19:08:25] [W-10] ⏭️ [user1] 仓库 https://github.com/XHegit/ArgoSB 9717h 未更新，跳过解析（无需追踪）
[2026-08-05 19:08:25] [W-10] ✅ 完成 [user1] XHegit/ArgoSB | 提取 0 | 新增 0 | 耗时 0s | 配额 4638/4800 11:08UTC | 主队列 77/200 发现队列 17/20000 [[user1]:17]
[2026-08-05 19:08:25] [W-10] 🔧 开始处理 [user1] XHegit/Argo-for-Saclingo
[2026-08-05 19:08:25] [W-10] ⏭️ [user1] 仓库 https://github.com/XHegit/Argo-for-Saclingo 14522h 未更新，跳过解析（无需追踪）
[2026-08-05 19:08:25] [W-10] ✅ 完成 [user1] XHegit/Argo-for-Saclingo | 提取 0 | 新增 0 | 耗时 0s | 配额 4638/4800 11:08UTC | 主队列 77/200 发现队列 16/20000 [[user1]:16]
[2026-08-05 19:08:25] [W-10] 🔧 开始处理 [user1] XHegit/host-node-ws
[2026-08-05 19:08:25] [W-10] ⏭️ [user1] 仓库 https://github.com/XHegit/host-node-ws 10488h 未更新，跳过解析（无需追踪）
[2026-08-05 19:08:25] [W-10] ✅ 完成 [user1] XHegit/host-node-ws | 提取 0 | 新增 0 | 耗时 0s | 配额 4638/4800 11:08UTC | 主队列 77/200 发现队列 15/20000 [[user1]:15]
[2026-08-05 19:08:25] [W-10] 🔧 开始处理 [user1] XHegit/choreo-2go
[2026-08-05 19:08:25] [W-10] ⏭️ [user1] 仓库 https://github.com/XHegit/choreo-2go 10209h 未更新，跳过解析（无需追踪）
[2026-08-05 19:08:25] [W-10] ✅ 完成 [user1] XHegit/choreo-2go | 提取 0 | 新增 0 | 耗时 0s | 配额 4638/4800 11:08UTC | 主队列 77/200 发现队列 14/20000 [[user1]:14]
[2026-08-05 19:08:25] [W-10] 🔧 开始处理 [user1] XHegit/Koyeb_Auto_Login
[2026-08-05 19:08:25] [W-10] ⏭️ [user1] 仓库 https://github.com/XHegit/Koyeb_Auto_Login 10733h 未更新，跳过解析（无需追踪）
[2026-08-05 19:08:25] [W-10] ✅ 完成 [user1] XHegit/Koyeb_Auto_Login | 提取 0 | 新增 0 | 耗时 0s | 配额 4638/4800 11:08UTC | 主队列 77/200 发现队列 13/20000 [[user1]:13]
[2026-08-05 19:08:25] [W-10] 🔧 开始处理 [user1] XHegit/indexjs-go
[2026-08-05 19:08:25] [W-10] ⏭️ [user1] 仓库 https://github.com/XHegit/indexjs-go 9859h 未更新，跳过解析（无需追踪）
[2026-08-05 19:08:25] [W-10] ✅ 完成 [user1] XHegit/indexjs-go | 提取 0 | 新增 0 | 耗时 0s | 配额 4638/4800 11:08UTC | 主队列 77/200 发现队列 12/20000 [[user1]:12]
[2026-08-05 19:08:25] [W-10] 🔧 开始处理 [user1] XHegit/nodejs-argo
[2026-08-05 19:08:25] [W-10] ⏭️ [user1] 仓库 https://github.com/XHegit/nodejs-argo 10638h 未更新，跳过解析（无需追踪）
[2026-08-05 19:08:25] [W-10] ✅ 完成 [user1] XHegit/nodejs-argo | 提取 0 | 新增 0 | 耗时 0s | 配额 4638/4800 11:08UTC | 主队列 77/200 发现队列 11/20000 [[user1]:11]
[2026-08-05 19:08:25] [W-10] 🔧 开始处理 [user1] XHegit/V2ray-for-AlwaysData
[2026-08-05 19:08:25] [W-10] ⏭️ [user1] 仓库 https://github.com/XHegit/V2ray-for-AlwaysData 11214h 未更新，跳过解析（无需追踪）
[2026-08-05 19:08:25] [W-10] ✅ 完成 [user1] XHegit/V2ray-for-AlwaysData | 提取 0 | 新增 0 | 耗时 0s | 配额 4638/4800 11:08UTC | 主队列 77/200 发现队列 10/20000 [[user1]:10]
[2026-08-05 19:08:25] [W-10] 🔧 开始处理 [user1] XHegit/V2ray-for-Doprax
[2026-08-05 19:08:25] [W-10] ⏭️ [user1] 仓库 https://github.com/XHegit/V2ray-for-Doprax 11214h 未更新，跳过解析（无需追踪）
[2026-08-05 19:08:25] [W-10] ✅ 完成 [user1] XHegit/V2ray-for-Doprax | 提取 0 | 新增 0 | 耗时 0s | 配额 4638/4800 11:08UTC | 主队列 77/200 发现队列 9/20000 [[user1]:9]
[2026-08-05 19:08:25] [W-10] 🔧 开始处理 [user1] XHegit/vercel-docker-proxy
[2026-08-05 19:08:25] [W-10] ⏭️ [user1] 仓库 https://github.com/XHegit/vercel-docker-proxy 18902h 未更新，跳过解析（无需追踪）
[2026-08-05 19:08:25] [W-10] ✅ 完成 [user1] XHegit/vercel-docker-proxy | 提取 0 | 新增 0 | 耗时 0s | 配额 4638/4800 11:08UTC | 主队列 77/200 发现队列 8/20000 [[user1]:8]
[2026-08-05 19:08:25] [W-10] 🔧 开始处理 [user1] XHegit/cloudflare-docker-proxy
[2026-08-05 19:08:25] [W-10] ⏭️ [user1] 仓库 https://github.com/XHegit/cloudflare-docker-proxy 10323h 未更新，跳过解析（无需追踪）
[2026-08-05 19:08:25] [W-10] ✅ 完成 [user1] XHegit/cloudflare-docker-proxy | 提取 0 | 新增 0 | 耗时 0s | 配额 4638/4800 11:08UTC | 主队列 77/200 发现队列 7/20000 [[user1]:7]
[2026-08-05 19:08:25] [W-10] 🔧 开始处理 [user1] XHegit/Sing-box
[2026-08-05 19:08:25] [W-10] ⏭️ [user1] 仓库 https://github.com/XHegit/Sing-box 10211h 未更新，跳过解析（无需追踪）
[2026-08-05 19:08:25] [W-10] ✅ 完成 [user1] XHegit/Sing-box | 提取 0 | 新增 0 | 耗时 0s | 配额 4638/4800 11:08UTC | 主队列 77/200 发现队列 6/20000 [[user1]:6]
[2026-08-05 19:08:25] [W-10] 🔧 开始处理 [user1] XHegit/all-games
[2026-08-05 19:08:25] [W-10] ⏭️ [user1] 仓库 https://github.com/XHegit/all-games 10211h 未更新，跳过解析（无需追踪）
[2026-08-05 19:08:25] [W-10] ✅ 完成 [user1] XHegit/all-games | 提取 0 | 新增 0 | 耗时 0s | 配额 4638/4800 11:08UTC | 主队列 77/200 发现队列 5/20000 [[user1]:5]
[2026-08-05 19:08:25] [W-10] 🔧 开始处理 [user1] XHegit/edgetunnel
[2026-08-05 19:08:25] [W-10] ⏭️ [user1] 仓库 https://github.com/XHegit/edgetunnel 10114h 未更新，跳过解析（无需追踪）
[2026-08-05 19:08:25] [W-10] ✅ 完成 [user1] XHegit/edgetunnel | 提取 0 | 新增 0 | 耗时 0s | 配额 4638/4800 11:08UTC | 主队列 77/200 发现队列 4/20000 [[user1]:4]
[2026-08-05 19:08:25] [W-10] 🔧 开始处理 [user1] XHegit/decode_action
[2026-08-05 19:08:25] [W-10] ⏭️ [user1] 仓库 https://github.com/XHegit/decode_action 10222h 未更新，跳过解析（无需追踪）
[2026-08-05 19:08:25] [W-10] ✅ 完成 [user1] XHegit/decode_action | 提取 0 | 新增 0 | 耗时 0s | 配额 4638/4800 11:08UTC | 主队列 77/200 发现队列 3/20000 [[user1]:3]
[2026-08-05 19:08:25] [W-10] 🔧 开始处理 [user1] XHegit/LS-LibreTV
[2026-08-05 19:08:25] [W-10] ⏭️ [user1] 仓库 https://github.com/XHegit/LS-LibreTV 10386h 未更新，跳过解析（无需追踪）
[2026-08-05 19:08:25] [W-10] ✅ 完成 [user1] XHegit/LS-LibreTV | 提取 0 | 新增 0 | 耗时 0s | 配额 4638/4800 11:08UTC | 主队列 77/200 发现队列 2/20000 [[user1]:2]
[2026-08-05 19:08:25] [W-10] 🔧 开始处理 [user1] XHegit/LibreTV
[2026-08-05 19:08:25] [W-10] ⏭️ [user1] 仓库 https://github.com/XHegit/LibreTV 11157h 未更新，跳过解析（无需追踪）
[2026-08-05 19:08:25] [W-10] ✅ 完成 [user1] XHegit/LibreTV | 提取 0 | 新增 0 | 耗时 0s | 配额 4638/4800 11:08UTC | 主队列 77/200 发现队列 1/20000 [[user1]:1]
[2026-08-05 19:08:25] [W-10] 🔧 开始处理 [user1] XHegit/CF-Workers-GitHub
[2026-08-05 19:08:25] [W-10] ⏭️ [user1] 仓库 https://github.com/XHegit/CF-Workers-GitHub 11116h 未更新，跳过解析（无需追踪）
[2026-08-05 19:08:25] [W-10] ✅ 完成 [user1] XHegit/CF-Workers-GitHub | 提取 0 | 新增 0 | 耗时 0s | 配额 4638/4800 11:08UTC | 主队列 77/200 发现队列 0/20000 [空]
[2026-08-05 19:08:25] [W-6] 🔧 开始处理 [user1] XHegit/V2RayDumper
[2026-08-05 19:08:25] [W-6] [user1] 仓库 https://github.com/XHegit/V2RayDumper (分支: main, size: 128292KB, pushed: 2026-08-05T08:51:31Z)
[2026-08-05 19:08:25] [W-6] 仓库 https://github.com/XHegit/V2RayDumper 候选文件 1 个
[2026-08-05 19:08:25] [W-6] 🌱 加入种子: XHegit/V2RayDumper (+288 节点)
[2026-08-05 19:08:25] [W-6] ✅ 完成 [user1] XHegit/V2RayDumper | 提取 315 | 新增 288 | 耗时 1s | 配额 4637/4800 11:08UTC | 主队列 77/200 发现队列 0/20000 [空]
[2026-08-05 19:08:26] [W-0] 🔧 开始处理 [种子仓库] Yannik666/nodes
[2026-08-05 19:08:26] [W-0] [种子仓库] 仓库 https://github.com/Yannik666/nodes (分支: main, size: 1434859KB, pushed: 2026-08-04T18:05:08Z)
[2026-08-05 19:08:27] [W-0] 仓库 https://github.com/Yannik666/nodes 候选文件较多 (1132 个)，先通过 commits API 过滤
[2026-08-05 19:08:28] [W-0]   Compare API 返回 1 个变更文件 (3 次 API 调用)
[2026-08-05 19:08:28] [W-0]   commits 过滤: 1132 → 0 (变更文件 1 个)
[2026-08-05 19:08:28] [W-0] 仓库 https://github.com/Yannik666/nodes 候选文件经时间过滤后为空
[2026-08-05 19:08:28] [W-0] 🔗 [种子仓库] 查子仓库: Yannik666/nodes
[2026-08-05 19:08:28] [W-0] 🔗 [种子仓库] 开始 Fork 链追踪 (Yannik666/nodes)
[2026-08-05 19:08:29] [W-0]   [种子仓库] 父仓库: imyaoxp/nodes
[2026-08-05 19:08:29] [W-0] 📝 已处理缓存: imyaoxp/nodes
[2026-08-05 19:08:29] [W-0] ⏭️ [fork1] 仓库 https://github.com/imyaoxp/nodes 9952h 未更新，跳过解析（无需追踪）
[2026-08-05 19:08:29] [W-0]   父仓库 +0 个节点
[2026-08-05 19:08:29] [W-9] ⏳ 等待任务中...
[2026-08-05 19:08:29] [W-9] 🔧 开始处理 [种子仓库] wanvfx/FreeNodes
[2026-08-05 19:08:29] [W-22] ⏳ 等待任务中...
[2026-08-05 19:08:29] [W-7] ⏳ 等待任务中...
[2026-08-05 19:08:29] [W-0]   🍴 兄弟仓库: 6 个 → 主队列 75/200 发现队列 6/20000 [[fork1]:6]
[2026-08-05 19:08:29] [W-0] 👤 [种子仓库] 遍历用户仓库: Yannik666
[2026-08-05 19:08:29] [W-10] 🔧 开始处理 [fork1] nowts71/nodes
[2026-08-05 19:08:29] [W-10] ⏭️ [fork1] 仓库 https://github.com/nowts71/nodes 4722h 未更新，跳过解析（无需追踪）
[2026-08-05 19:08:29] [W-10] ✅ 完成 [fork1] nowts71/nodes | 提取 0 | 新增 0 | 耗时 0s | 配额 4629/4800 11:08UTC | 主队列 75/200 发现队列 2/20000 [[fork1]:2]
[2026-08-05 19:08:29] [W-10] 🔧 开始处理 [fork1] wintelsui/Eternity
[2026-08-05 19:08:29] [W-10] ⏭️ [fork1] 仓库 https://github.com/wintelsui/Eternity 4722h 未更新，跳过解析（无需追踪）
[2026-08-05 19:08:29] [W-10] ✅ 完成 [fork1] wintelsui/Eternity | 提取 0 | 新增 0 | 耗时 0s | 配额 4629/4800 11:08UTC | 主队列 75/200 发现队列 1/20000 [[fork1]:1]
[2026-08-05 19:08:29] [W-10] 🔧 开始处理 [fork1] luochen1975/nodes-1
[2026-08-05 19:08:29] [W-10] [fork1] 仓库 https://github.com/luochen1975/nodes-1 (分支: main, size: 1304132KB, pushed: 2026-08-05T10:36:24Z)
[2026-08-05 19:08:29] [W-13] 🔧 开始处理 [fork1] mfbpn/mfbpn_nodes
[2026-08-05 19:08:29] [W-13] ⏭️ [fork1] 仓库 https://github.com/mfbpn/mfbpn_nodes 1463h 未更新，跳过解析（无需追踪）
[2026-08-05 19:08:29] [W-13] ✅ 完成 [fork1] mfbpn/mfbpn_nodes | 提取 0 | 新增 0 | 耗时 0s | 配额 4629/4800 11:08UTC | 主队列 75/200 发现队列 0/20000 [空]
[2026-08-05 19:08:29] [W-11] 🔧 开始处理 [fork1] net775/nodes
[2026-08-05 19:08:29] [W-11] [fork1] 仓库 https://github.com/net775/nodes (分支: main, size: 1431969KB, pushed: 2026-08-05T09:45:56Z)
[2026-08-05 19:08:29] [W-1] 🔧 开始处理 [fork1] qq49371114/nodes
[2026-08-05 19:08:29] [W-1] ⏭️ [fork1] 仓库 https://github.com/qq49371114/nodes 2754h 未更新，跳过解析（无需追踪）
[2026-08-05 19:08:29] [W-1] ✅ 完成 [fork1] qq49371114/nodes | 提取 0 | 新增 0 | 耗时 0s | 配额 4629/4800 11:08UTC | 主队列 75/200 发现队列 0/20000 [空]
[2026-08-05 19:08:29] [W-1] 🔧 开始处理 [种子仓库] luochen1975/FreeNodes
[2026-08-05 19:08:29] [W-23] ⏳ 等待任务中...
[2026-08-05 19:08:29] [W-23] 🔧 开始处理 [种子仓库] wang1680/proxypool
[2026-08-05 19:08:29] [W-9] [种子仓库] 仓库 https://github.com/wanvfx/FreeNodes (分支: main, size: 22335KB, pushed: 2026-08-05T10:42:46Z)
[2026-08-05 19:08:29] [W-10] 仓库 https://github.com/luochen1975/nodes-1 候选文件较多 (1121 个)，先通过 commits API 过滤
[2026-08-05 19:08:29] [W-18] ⏳ 等待任务中...
[2026-08-05 19:08:29] [W-1] [种子仓库] 仓库 https://github.com/luochen1975/FreeNodes (分支: main, size: 22365KB, pushed: 2026-08-05T10:34:15Z)
[2026-08-05 19:08:29] [W-0]   用户 Yannik666 共查 0 个仓库
[2026-08-05 19:08:29] [W-0] ✅ 完成 [种子仓库] Yannik666/nodes | 提取 0 | 新增 0 | 耗时 4s | 配额 4624/4800 11:08UTC | 主队列 73/200 发现队列 0/20000 [空]
[2026-08-05 19:08:29] [W-9] 仓库 https://github.com/wanvfx/FreeNodes 无候选文件 (总计 41 blob, 扩展名过滤 15, processed_shas 跳过 0, SHA 缓存跳过 26)
[2026-08-05 19:08:29] [W-9] 🔗 [种子仓库] 查子仓库: wanvfx/FreeNodes
[2026-08-05 19:08:29] [W-23] [种子仓库] 仓库 https://github.com/wang1680/proxypool (分支: main, size: 50558KB, pushed: 2026-08-05T10:19:06Z)
[2026-08-05 19:08:30] [W-1] 仓库 https://github.com/luochen1975/FreeNodes 无候选文件 (总计 41 blob, 扩展名过滤 15, processed_shas 跳过 0, SHA 缓存跳过 26)
[2026-08-05 19:08:30] [W-1] 🔗 [种子仓库] 查子仓库: luochen1975/FreeNodes
[2026-08-05 19:08:30] [W-9] 🔗 [种子仓库] 开始 Fork 链追踪 (wanvfx/FreeNodes)
[2026-08-05 19:08:30] [W-1] 🔗 [种子仓库] 开始 Fork 链追踪 (luochen1975/FreeNodes)
[2026-08-05 19:08:30] [W-23] 仓库 https://github.com/wang1680/proxypool 无候选文件 (总计 6 blob, 扩展名过滤 0, processed_shas 跳过 0, SHA 缓存跳过 6)
[2026-08-05 19:08:30] [W-23] 🔗 [种子仓库] 查子仓库: wang1680/proxypool
[2026-08-05 19:08:30] [W-19] ⏳ 等待任务中...
[2026-08-05 19:08:30] [W-9]   [种子仓库] 父仓库: Barabama/FreeNodes
[2026-08-05 19:08:30] [W-9] ⏭️ [fork1] 仓库 https://github.com/Barabama/FreeNodes 已解析，跳过解析（无需追踪）
[2026-08-05 19:08:30] [W-9]   父仓库 +0 个节点
[2026-08-05 19:08:30] [W-1]   [种子仓库] 父仓库: Barabama/FreeNodes
[2026-08-05 19:08:30] [W-1] ⏭️ [fork1] 仓库 https://github.com/Barabama/FreeNodes 已解析，跳过解析（无需追踪）
[2026-08-05 19:08:30] [W-1]   父仓库 +0 个节点
[2026-08-05 19:08:30] [W-23] 🔗 [种子仓库] 开始 Fork 链追踪 (wang1680/proxypool)
[2026-08-05 19:08:30] [W-5] ⏳ 等待任务中...
[2026-08-05 19:08:30] [W-14] ⏳ 等待任务中...
[2026-08-05 19:08:30] [W-10]   Compare API 返回 3 个变更文件 (3 次 API 调用)
[2026-08-05 19:08:30] [W-10]   commits 过滤: 1121 → 2 (变更文件 3 个)
[2026-08-05 19:08:30] [W-10] 仓库 https://github.com/luochen1975/nodes-1 候选文件 2 个
[2026-08-05 19:08:30] [W-6] ⏳ 等待任务中...
[2026-08-05 19:08:30] [W-23]   [种子仓库] 父仓库: snakem982/proxypool
[2026-08-05 19:08:30] [W-23] ⏭️ [fork1] 仓库 https://github.com/snakem982/proxypool 已解析，跳过解析（无需追踪）
[2026-08-05 19:08:30] [W-23]   父仓库 +0 个节点
[2026-08-05 19:08:30] [W-11] 仓库 https://github.com/net775/nodes 候选文件较多 (1200 个)，先通过 commits API 过滤
[2026-08-05 19:08:31] [W-4] ⏳ 等待任务中...
[2026-08-05 19:08:31] [W-8] ⏳ 等待任务中...
[2026-08-05 19:08:31] [W-12] ⏳ 等待任务中...
[2026-08-05 19:08:31] [W-10] 🌱 加入种子: luochen1975/nodes-1 (+389 节点)
[2026-08-05 19:08:31] [W-10] ✅ 完成 [fork1] luochen1975/nodes-1 | 提取 786 | 新增 389 | 耗时 2s | 配额 4609/4800 11:08UTC | 主队列 73/200 发现队列 0/20000 [空]
[2026-08-05 19:08:31] [W-15] ⏳ 等待任务中...
[2026-08-05 19:08:31] [W-15] 🔧 开始处理 [种子仓库] yangfh158/FreeNodes
[2026-08-05 19:08:31] [W-11]   Compare API 返回 5 个变更文件 (3 次 API 调用)
[2026-08-05 19:08:31] [W-11]   commits 过滤: 1200 → 2 (变更文件 5 个)
[2026-08-05 19:08:31] [W-11] 仓库 https://github.com/net775/nodes 候选文件 2 个
[2026-08-05 19:08:31] [W-9]   🍴 兄弟仓库: 15 个 → 主队列 72/200 发现队列 15/20000 [[fork1]:15]
[2026-08-05 19:08:31] [W-9] 👤 [种子仓库] 遍历用户仓库: wanvfx
[2026-08-05 19:08:31] [W-20] 🔧 开始处理 [fork1] xiaoyege0617/FreeNodes
[2026-08-05 19:08:31] [W-20] ⏭️ [fork1] 仓库 https://github.com/xiaoyege0617/FreeNodes 4205h 未更新，跳过解析（无需追踪）
[2026-08-05 19:08:31] [W-20] ✅ 完成 [fork1] xiaoyege0617/FreeNodes | 提取 0 | 新增 0 | 耗时 0s | 配额 4606/4800 11:08UTC | 主队列 72/200 发现队列 14/20000 [[fork1]:14]
[2026-08-05 19:08:31] [W-20] 🔧 开始处理 [fork1] xiaofeng929/FreeNodes
[2026-08-05 19:08:31] [W-20] ⏭️ [fork1] 仓库 https://github.com/xiaofeng929/FreeNodes 2357h 未更新，跳过解析（无需追踪）
[2026-08-05 19:08:31] [W-20] ✅ 完成 [fork1] xiaofeng929/FreeNodes | 提取 0 | 新增 0 | 耗时 0s | 配额 4606/4800 11:08UTC | 主队列 72/200 发现队列 13/20000 [[fork1]:13]
[2026-08-05 19:08:31] [W-20] 🔧 开始处理 [fork1] juxiao297/FreeNodes
[2026-08-05 19:08:31] [W-20] 📝 已处理缓存: juxiao297/FreeNodes
[2026-08-05 19:08:31] [W-20] ⏭️ [fork1] 仓库 https://github.com/juxiao297/FreeNodes 4182h 未更新，跳过解析（无需追踪）
[2026-08-05 19:08:31] [W-20] ✅ 完成 [fork1] juxiao297/FreeNodes | 提取 0 | 新增 0 | 耗时 0s | 配额 4606/4800 11:08UTC | 主队列 72/200 发现队列 12/20000 [[fork1]:12]
[2026-08-05 19:08:31] [W-20] 🔧 开始处理 [fork1] zhy934453950/FreeNodes
[2026-08-05 19:08:31] [W-20] ⏭️ [fork1] 仓库 https://github.com/zhy934453950/FreeNodes 15501h 未更新，跳过解析（无需追踪）
[2026-08-05 19:08:31] [W-20] ✅ 完成 [fork1] zhy934453950/FreeNodes | 提取 0 | 新增 0 | 耗时 0s | 配额 4606/4800 11:08UTC | 主队列 72/200 发现队列 11/20000 [[fork1]:11]
[2026-08-05 19:08:31] [W-20] 🔧 开始处理 [fork1] Scorpio-123/FreeNodes
[2026-08-05 19:08:31] [W-20] ⏭️ [fork1] 仓库 https://github.com/Scorpio-123/FreeNodes 3966h 未更新，跳过解析（无需追踪）
[2026-08-05 19:08:31] [W-20] ✅ 完成 [fork1] Scorpio-123/FreeNodes | 提取 0 | 新增 0 | 耗时 0s | 配额 4606/4800 11:08UTC | 主队列 72/200 发现队列 10/20000 [[fork1]:10]
[2026-08-05 19:08:31] [W-20] 🔧 开始处理 [fork1] wokaotianshi123/FreeNodes
[2026-08-05 19:08:31] [W-20] ⏭️ [fork1] 仓库 https://github.com/wokaotianshi123/FreeNodes 13917h 未更新，跳过解析（无需追踪）
[2026-08-05 19:08:31] [W-20] ✅ 完成 [fork1] wokaotianshi123/FreeNodes | 提取 0 | 新增 0 | 耗时 0s | 配额 4606/4800 11:08UTC | 主队列 72/200 发现队列 9/20000 [[fork1]:9]
[2026-08-05 19:08:31] [W-20] 🔧 开始处理 [fork1] ThyLgy/FreeNodes
[2026-08-05 19:08:31] [W-20] ⏭️ [fork1] 仓库 https://github.com/ThyLgy/FreeNodes 8935h 未更新，跳过解析（无需追踪）
[2026-08-05 19:08:31] [W-20] ✅ 完成 [fork1] ThyLgy/FreeNodes | 提取 0 | 新增 0 | 耗时 0s | 配额 4606/4800 11:08UTC | 主队列 72/200 发现队列 8/20000 [[fork1]:8]
[2026-08-05 19:08:31] [W-20] 🔧 开始处理 [fork1] mullonjiang/FreeNodes2
[2026-08-05 19:08:31] [W-20] ⏭️ [fork1] 仓库 https://github.com/mullonjiang/FreeNodes2 4205h 未更新，跳过解析（无需追踪）
[2026-08-05 19:08:31] [W-20] ✅ 完成 [fork1] mullonjiang/FreeNodes2 | 提取 0 | 新增 0 | 耗时 0s | 配额 4606/4800 11:08UTC | 主队列 72/200 发现队列 7/20000 [[fork1]:7]
[2026-08-05 19:08:31] [W-20] 🔧 开始处理 [fork1] c92419921/FreeNodes
[2026-08-05 19:08:31] [W-20] ⏭️ [fork1] 仓库 https://github.com/c92419921/FreeNodes 8469h 未更新，跳过解析（无需追踪）
[2026-08-05 19:08:31] [W-20] ✅ 完成 [fork1] c92419921/FreeNodes | 提取 0 | 新增 0 | 耗时 0s | 配额 4606/4800 11:08UTC | 主队列 72/200 发现队列 6/20000 [[fork1]:6]
[2026-08-05 19:08:31] [W-20] 🔧 开始处理 [fork1] CodePursuer/Free-Nodes
[2026-08-05 19:08:31] [W-20] ⏭️ [fork1] 仓库 https://github.com/CodePursuer/Free-Nodes 4205h 未更新，跳过解析（无需追踪）
[2026-08-05 19:08:31] [W-20] ✅ 完成 [fork1] CodePursuer/Free-Nodes | 提取 0 | 新增 0 | 耗时 0s | 配额 4606/4800 11:08UTC | 主队列 72/200 发现队列 5/20000 [[fork1]:5]
[2026-08-05 19:08:31] [W-20] 🔧 开始处理 [fork1] yoyomo5151-beep/FreeNodes33
[2026-08-05 19:08:31] [W-20] ⏭️ [fork1] 仓库 https://github.com/yoyomo5151-beep/FreeNodes33 3870h 未更新，跳过解析（无需追踪）
[2026-08-05 19:08:31] [W-20] ✅ 完成 [fork1] yoyomo5151-beep/FreeNodes33 | 提取 0 | 新增 0 | 耗时 0s | 配额 4606/4800 11:08UTC | 主队列 72/200 发现队列 4/20000 [[fork1]:4]
[2026-08-05 19:08:31] [W-20] 🔧 开始处理 [fork1] zhangbin188/FreeNodes2
[2026-08-05 19:08:31] [W-20] ⏭️ [fork1] 仓库 https://github.com/zhangbin188/FreeNodes2 7491h 未更新，跳过解析（无需追踪）
[2026-08-05 19:08:31] [W-20] ✅ 完成 [fork1] zhangbin188/FreeNodes2 | 提取 0 | 新增 0 | 耗时 0s | 配额 4606/4800 11:08UTC | 主队列 72/200 发现队列 3/20000 [[fork1]:3]
[2026-08-05 19:08:31] [W-20] 🔧 开始处理 [fork1] lsaizm1314/FreeNodes-
[2026-08-05 19:08:31] [W-20] ⏭️ [fork1] 仓库 https://github.com/lsaizm1314/FreeNodes- 4110h 未更新，跳过解析（无需追踪）
[2026-08-05 19:08:31] [W-20] ✅ 完成 [fork1] lsaizm1314/FreeNodes- | 提取 0 | 新增 0 | 耗时 0s | 配额 4606/4800 11:08UTC | 主队列 72/200 发现队列 2/20000 [[fork1]:2]
[2026-08-05 19:08:31] [W-20] 🔧 开始处理 [fork1] yfqingmu/FreeNodes
[2026-08-05 19:08:31] [W-20] ⏭️ [fork1] 仓库 https://github.com/yfqingmu/FreeNodes 14037h 未更新，跳过解析（无需追踪）
[2026-08-05 19:08:31] [W-20] ✅ 完成 [fork1] yfqingmu/FreeNodes | 提取 0 | 新增 0 | 耗时 0s | 配额 4606/4800 11:08UTC | 主队列 72/200 发现队列 1/20000 [[fork1]:1]
[2026-08-05 19:08:31] [W-20] 🔧 开始处理 [fork1] yunlan1973/FreeNodes
[2026-08-05 19:08:31] [W-20] ⏭️ [fork1] 仓库 https://github.com/yunlan1973/FreeNodes 14565h 未更新，跳过解析（无需追踪）
[2026-08-05 19:08:31] [W-20] ✅ 完成 [fork1] yunlan1973/FreeNodes | 提取 0 | 新增 0 | 耗时 0s | 配额 4606/4800 11:08UTC | 主队列 72/200 发现队列 0/20000 [空]
[2026-08-05 19:08:31] [W-15] [种子仓库] 仓库 https://github.com/yangfh158/FreeNodes (分支: main, size: 20866KB, pushed: 2026-08-05T10:31:19Z)
[2026-08-05 19:08:32] [W-1] 👤 [种子仓库] 遍历用户仓库: luochen1975
[2026-08-05 19:08:32] [W-15] 仓库 https://github.com/yangfh158/FreeNodes 无候选文件 (总计 41 blob, 扩展名过滤 15, processed_shas 跳过 0, SHA 缓存跳过 26)
[2026-08-05 19:08:32] [W-15] 🔗 [种子仓库] 查子仓库: yangfh158/FreeNodes
[2026-08-05 19:08:32] [W-11] 🌱 加入种子: net775/nodes (+1 节点)
[2026-08-05 19:08:32] [W-11] ✅ 完成 [fork1] net775/nodes | 提取 374 | 新增 1 | 耗时 3s | 配额 4603/4800 11:08UTC | 主队列 72/200 发现队列 0/20000 [空]
[2026-08-05 19:08:32] [W-11] 🔧 开始处理 [种子仓库] chengege666/FreeNodes
[2026-08-05 19:08:32] [W-15] 🔗 [种子仓库] 开始 Fork 链追踪 (yangfh158/FreeNodes)
[2026-08-05 19:08:32] [W-11] [种子仓库] 仓库 https://github.com/chengege666/FreeNodes (分支: main, size: 22449KB, pushed: 2026-08-05T10:29:36Z)
[2026-08-05 19:08:32] [W-23]   🍴 兄弟仓库: 80 个 → 主队列 71/200 发现队列 80/20000 [[fork1]:80]
[2026-08-05 19:08:32] [W-23] 👤 [种子仓库] 遍历用户仓库: wang1680
[2026-08-05 19:08:32] [W-8] 🔧 开始处理 [fork1] githubwubian/proxypool
[2026-08-05 19:08:32] [W-8] [fork1] 仓库 https://github.com/githubwubian/proxypool (分支: main, size: 50558KB, pushed: 2026-08-05T05:38:07Z)
[2026-08-05 19:08:32] [W-22] 🔧 开始处理 [fork1] yirenchengfeng/proxypool
[2026-08-05 19:08:32] [W-22] ⏭️ [fork1] 仓库 https://github.com/yirenchengfeng/proxypool 24675h 未更新，跳过解析（无需追踪）
[2026-08-05 19:08:32] [W-22] ✅ 完成 [fork1] yirenchengfeng/proxypool | 提取 0 | 新增 0 | 耗时 0s | 配额 4600/4800 11:08UTC | 主队列 71/200 发现队列 78/20000 [[fork1]:78]
[2026-08-05 19:08:32] [W-22] 🔧 开始处理 [fork1] baipengyan/proxypool
[2026-08-05 19:08:32] [W-22] ⏭️ [fork1] 仓库 https://github.com/baipengyan/proxypool 23721h 未更新，跳过解析（无需追踪）
[2026-08-05 19:08:32] [W-22] ✅ 完成 [fork1] baipengyan/proxypool | 提取 0 | 新增 0 | 耗时 0s | 配额 4600/4800 11:08UTC | 主队列 71/200 发现队列 77/20000 [[fork1]:77]
[2026-08-05 19:08:32] [W-22] 🔧 开始处理 [fork1] hzjnet/proxypool-from-snakem982
[2026-08-05 19:08:32] [W-22] ⏭️ [fork1] 仓库 https://github.com/hzjnet/proxypool-from-snakem982 23167h 未更新，跳过解析（无需追踪）
[2026-08-05 19:08:32] [W-22] ✅ 完成 [fork1] hzjnet/proxypool-from-snakem982 | 提取 0 | 新增 0 | 耗时 0s | 配额 4600/4800 11:08UTC | 主队列 71/200 发现队列 76/20000 [[fork1]:76]
[2026-08-05 19:08:32] [W-22] 🔧 开始处理 [fork1] xzg268/proxypool
[2026-08-05 19:08:32] [W-22] ⏭️ [fork1] 仓库 https://github.com/xzg268/proxypool 22611h 未更新，跳过解析（无需追踪）
[2026-08-05 19:08:32] [W-22] ✅ 完成 [fork1] xzg268/proxypool | 提取 0 | 新增 0 | 耗时 0s | 配额 4600/4800 11:08UTC | 主队列 71/200 发现队列 75/20000 [[fork1]:75]
[2026-08-05 19:08:32] [W-22] 🔧 开始处理 [fork1] aqjiuweng/proxypool
[2026-08-05 19:08:32] [W-22] ⏭️ [fork1] 仓库 https://github.com/aqjiuweng/proxypool 12630h 未更新，跳过解析（无需追踪）
[2026-08-05 19:08:32] [W-22] ✅ 完成 [fork1] aqjiuweng/proxypool | 提取 0 | 新增 0 | 耗时 0s | 配额 4600/4800 11:08UTC | 主队列 71/200 发现队列 74/20000 [[fork1]:74]
[2026-08-05 19:08:32] [W-22] 🔧 开始处理 [fork1] davidchim/proxypool
[2026-08-05 19:08:32] [W-22] [fork1] 仓库 https://github.com/davidchim/proxypool (分支: main, size: 50558KB, pushed: 2026-08-05T07:25:06Z)
[2026-08-05 19:08:32] [W-16] 🔧 开始处理 [fork1] BARRYJSW/proxypool
[2026-08-05 19:08:32] [W-16] ⏭️ [fork1] 仓库 https://github.com/BARRYJSW/proxypool 25829h 未更新，跳过解析（无需追踪）
[2026-08-05 19:08:32] [W-16] ✅ 完成 [fork1] BARRYJSW/proxypool | 提取 0 | 新增 0 | 耗时 0s | 配额 4600/4800 11:08UTC | 主队列 71/200 发现队列 68/20000 [[fork1]:68]
[2026-08-05 19:08:32] [W-16] 🔧 开始处理 [fork1] dongfangy2011/proxypool
[2026-08-05 19:08:32] [W-16] ⏭️ [fork1] 仓库 https://github.com/dongfangy2011/proxypool 21389h 未更新，跳过解析（无需追踪）
[2026-08-05 19:08:32] [W-16] ✅ 完成 [fork1] dongfangy2011/proxypool | 提取 0 | 新增 0 | 耗时 0s | 配额 4600/4800 11:08UTC | 主队列 71/200 发现队列 67/20000 [[fork1]:67]
[2026-08-05 19:08:32] [W-16] 🔧 开始处理 [fork1] anjue39/proxypoollll
[2026-08-05 19:08:32] [W-16] ⏭️ [fork1] 仓库 https://github.com/anjue39/proxypoollll 25301h 未更新，跳过解析（无需追踪）
[2026-08-05 19:08:32] [W-16] ✅ 完成 [fork1] anjue39/proxypoollll | 提取 0 | 新增 0 | 耗时 0s | 配额 4600/4800 11:08UTC | 主队列 71/200 发现队列 66/20000 [[fork1]:66]
[2026-08-05 19:08:32] [W-16] 🔧 开始处理 [fork1] ace0000011/proxypool
[2026-08-05 19:08:32] [W-16] ⏭️ [fork1] 仓库 https://github.com/ace0000011/proxypool 25247h 未更新，跳过解析（无需追踪）
[2026-08-05 19:08:32] [W-16] ✅ 完成 [fork1] ace0000011/proxypool | 提取 0 | 新增 0 | 耗时 0s | 配额 4600/4800 11:08UTC | 主队列 71/200 发现队列 65/20000 [[fork1]:65]
[2026-08-05 19:08:32] [W-16] 🔧 开始处理 [fork1] ningye2012/proxypool
[2026-08-05 19:08:32] [W-16] ⏭️ [fork1] 仓库 https://github.com/ningye2012/proxypool 25197h 未更新，跳过解析（无需追踪）
[2026-08-05 19:08:32] [W-16] ✅ 完成 [fork1] ningye2012/proxypool | 提取 0 | 新增 0 | 耗时 0s | 配额 4600/4800 11:08UTC | 主队列 71/200 发现队列 64/20000 [[fork1]:64]
[2026-08-05 19:08:32] [W-16] 🔧 开始处理 [fork1] yusipu2/proxypool
[2026-08-05 19:08:32] [W-16] ⏭️ [fork1] 仓库 https://github.com/yusipu2/proxypool 25169h 未更新，跳过解析（无需追踪）
[2026-08-05 19:08:32] [W-16] ✅ 完成 [fork1] yusipu2/proxypool | 提取 0 | 新增 0 | 耗时 0s | 配额 4600/4800 11:08UTC | 主队列 71/200 发现队列 63/20000 [[fork1]:63]
[2026-08-05 19:08:32] [W-16] 🔧 开始处理 [fork1] iii80/proxy-pool
[2026-08-05 19:08:32] [W-16] ⏭️ [fork1] 仓库 https://github.com/iii80/proxy-pool 24987h 未更新，跳过解析（无需追踪）
[2026-08-05 19:08:32] [W-16] ✅ 完成 [fork1] iii80/proxy-pool | 提取 0 | 新增 0 | 耗时 0s | 配额 4600/4800 11:08UTC | 主队列 71/200 发现队列 62/20000 [[fork1]:62]
[2026-08-05 19:08:32] [W-16] 🔧 开始处理 [fork1] hjchjchjc4352/proxypool
[2026-08-05 19:08:32] [W-16] ⏭️ [fork1] 仓库 https://github.com/hjchjchjc4352/proxypool 22397h 未更新，跳过解析（无需追踪）
[2026-08-05 19:08:32] [W-16] ✅ 完成 [fork1] hjchjchjc4352/proxypool | 提取 0 | 新增 0 | 耗时 0s | 配额 4600/4800 11:08UTC | 主队列 71/200 发现队列 61/20000 [[fork1]:61]
[2026-08-05 19:08:32] [W-16] 🔧 开始处理 [fork1] flyarong/proxypool-clashv2ray-freenode
[2026-08-05 19:08:32] [W-16] ⏭️ [fork1] 仓库 https://github.com/flyarong/proxypool-clashv2ray-freenode 24391h 未更新，跳过解析（无需追踪）
[2026-08-05 19:08:32] [W-16] ✅ 完成 [fork1] flyarong/proxypool-clashv2ray-freenode | 提取 0 | 新增 0 | 耗时 0s | 配额 4600/4800 11:08UTC | 主队列 71/200 发现队列 60/20000 [[fork1]:60]
[2026-08-05 19:08:32] [W-16] 🔧 开始处理 [fork1] youyashuai/proxypools
[2026-08-05 19:08:32] [W-16] 📝 已处理缓存: youyashuai/proxypools
[2026-08-05 19:08:32] [W-16] ⏭️ [fork1] 仓库 https://github.com/youyashuai/proxypools 24295h 未更新，跳过解析（无需追踪）
[2026-08-05 19:08:32] [W-16] ✅ 完成 [fork1] youyashuai/proxypools | 提取 0 | 新增 0 | 耗时 0s | 配额 4600/4800 11:08UTC | 主队列 71/200 发现队列 59/20000 [[fork1]:59]
[2026-08-05 19:08:32] [W-16] 🔧 开始处理 [fork1] hoheiya9527/clash-proxypool
[2026-08-05 19:08:32] [W-16] 📝 已处理缓存: hoheiya9527/clash-proxypool
[2026-08-05 19:08:32] [W-16] ⏭️ [fork1] 仓库 https://github.com/hoheiya9527/clash-proxypool 14674h 未更新，跳过解析（无需追踪）
[2026-08-05 19:08:32] [W-16] ✅ 完成 [fork1] hoheiya9527/clash-proxypool | 提取 0 | 新增 0 | 耗时 0s | 配额 4600/4800 11:08UTC | 主队列 71/200 发现队列 58/20000 [[fork1]:58]
[2026-08-05 19:08:32] [W-16] 🔧 开始处理 [fork1] issakk/proxypool1
[2026-08-05 19:08:32] [W-16] 📝 已处理缓存: issakk/proxypool1
[2026-08-05 19:08:32] [W-16] ⏭️ [fork1] 仓库 https://github.com/issakk/proxypool1 23837h 未更新，跳过解析（无需追踪）
[2026-08-05 19:08:32] [W-16] ✅ 完成 [fork1] issakk/proxypool1 | 提取 0 | 新增 0 | 耗时 0s | 配额 4600/4800 11:08UTC | 主队列 71/200 发现队列 57/20000 [[fork1]:57]
[2026-08-05 19:08:32] [W-16] 🔧 开始处理 [fork1] aifreevpn/proxypool
[2026-08-05 19:08:32] [W-16] 📝 已处理缓存: aifreevpn/proxypool
[2026-08-05 19:08:32] [W-16] ⏭️ [fork1] 仓库 https://github.com/aifreevpn/proxypool 23595h 未更新，跳过解析（无需追踪）
[2026-08-05 19:08:32] [W-16] ✅ 完成 [fork1] aifreevpn/proxypool | 提取 0 | 新增 0 | 耗时 0s | 配额 4600/4800 11:08UTC | 主队列 71/200 发现队列 56/20000 [[fork1]:56]
[2026-08-05 19:08:32] [W-16] 🔧 开始处理 [fork1] ttzhenhao/-proxypool
[2026-08-05 19:08:32] [W-16] 📝 已处理缓存: ttzhenhao/-proxypool
[2026-08-05 19:08:32] [W-16] ⏭️ [fork1] 仓库 https://github.com/ttzhenhao/-proxypool 23489h 未更新，跳过解析（无需追踪）
[2026-08-05 19:08:32] [W-16] ✅ 完成 [fork1] ttzhenhao/-proxypool | 提取 0 | 新增 0 | 耗时 0s | 配额 4600/4800 11:08UTC | 主队列 71/200 发现队列 55/20000 [[fork1]:55]
[2026-08-05 19:08:32] [W-16] 🔧 开始处理 [fork1] NuoL5623/proxypool
[2026-08-05 19:08:32] [W-16] 📝 已处理缓存: NuoL5623/proxypool
[2026-08-05 19:08:32] [W-16] ⏭️ [fork1] 仓库 https://github.com/NuoL5623/proxypool 22713h 未更新，跳过解析（无需追踪）
[2026-08-05 19:08:32] [W-16] ✅ 完成 [fork1] NuoL5623/proxypool | 提取 0 | 新增 0 | 耗时 0s | 配额 4600/4800 11:08UTC | 主队列 71/200 发现队列 54/20000 [[fork1]:54]
[2026-08-05 19:08:32] [W-16] 🔧 开始处理 [fork1] Lv-Yi/proxypool
[2026-08-05 19:08:32] [W-16] 📝 已处理缓存: Lv-Yi/proxypool
[2026-08-05 19:08:32] [W-16] ⏭️ [fork1] 仓库 https://github.com/Lv-Yi/proxypool 23257h 未更新，跳过解析（无需追踪）
[2026-08-05 19:08:32] [W-16] ✅ 完成 [fork1] Lv-Yi/proxypool | 提取 0 | 新增 0 | 耗时 0s | 配额 4600/4800 11:08UTC | 主队列 71/200 发现队列 53/20000 [[fork1]:53]
[2026-08-05 19:08:32] [W-16] 🔧 开始处理 [fork1] Gmotoi/proxypool
[2026-08-05 19:08:32] [W-16] 📝 已处理缓存: Gmotoi/proxypool
[2026-08-05 19:08:32] [W-16] ⏭️ [fork1] 仓库 https://github.com/Gmotoi/proxypool 22953h 未更新，跳过解析（无需追踪）
[2026-08-05 19:08:32] [W-16] ✅ 完成 [fork1] Gmotoi/proxypool | 提取 0 | 新增 0 | 耗时 0s | 配额 4600/4800 11:08UTC | 主队列 71/200 发现队列 52/20000 [[fork1]:52]
[2026-08-05 19:08:32] [W-16] 🔧 开始处理 [fork1] ttbuqi/pool
[2026-08-05 19:08:32] [W-16] 📝 已处理缓存: ttbuqi/pool
[2026-08-05 19:08:32] [W-16] ⏭️ [fork1] 仓库 https://github.com/ttbuqi/pool 22965h 未更新，跳过解析（无需追踪）
[2026-08-05 19:08:32] [W-16] ✅ 完成 [fork1] ttbuqi/pool | 提取 0 | 新增 0 | 耗时 0s | 配额 4600/4800 11:08UTC | 主队列 71/200 发现队列 51/20000 [[fork1]:51]
[2026-08-05 19:08:32] [W-16] 🔧 开始处理 [fork1] sparkyangglory/proxypool-
[2026-08-05 19:08:32] [W-16] 📝 已处理缓存: sparkyangglory/proxypool-
[2026-08-05 19:08:32] [W-16] ⏭️ [fork1] 仓库 https://github.com/sparkyangglory/proxypool- 22823h 未更新，跳过解析（无需追踪）
[2026-08-05 19:08:32] [W-16] ✅ 完成 [fork1] sparkyangglory/proxypool- | 提取 0 | 新增 0 | 耗时 0s | 配额 4600/4800 11:08UTC | 主队列 71/200 发现队列 50/20000 [[fork1]:50]
[2026-08-05 19:08:32] [W-16] 🔧 开始处理 [fork1] shipeng101/proxypool2
[2026-08-05 19:08:32] [W-16] 📝 已处理缓存: shipeng101/proxypool2
[2026-08-05 19:08:32] [W-16] ⏭️ [fork1] 仓库 https://github.com/shipeng101/proxypool2 22635h 未更新，跳过解析（无需追踪）
[2026-08-05 19:08:32] [W-16] ✅ 完成 [fork1] shipeng101/proxypool2 | 提取 0 | 新增 0 | 耗时 0s | 配额 4600/4800 11:08UTC | 主队列 71/200 发现队列 49/20000 [[fork1]:49]
[2026-08-05 19:08:32] [W-16] 🔧 开始处理 [fork1] zhbjzhql1/proxypool
[2026-08-05 19:08:32] [W-16] 📝 已处理缓存: zhbjzhql1/proxypool
[2026-08-05 19:08:32] [W-16] ⏭️ [fork1] 仓库 https://github.com/zhbjzhql1/proxypool 22607h 未更新，跳过解析（无需追踪）
[2026-08-05 19:08:32] [W-16] ✅ 完成 [fork1] zhbjzhql1/proxypool | 提取 0 | 新增 0 | 耗时 0s | 配额 4600/4800 11:08UTC | 主队列 71/200 发现队列 48/20000 [[fork1]:48]
[2026-08-05 19:08:32] [W-16] 🔧 开始处理 [fork1] ARPHS/proxypool
[2026-08-05 19:08:32] [W-16] 📝 已处理缓存: ARPHS/proxypool
[2026-08-05 19:08:32] [W-16] ⏭️ [fork1] 仓库 https://github.com/ARPHS/proxypool 22545h 未更新，跳过解析（无需追踪）
[2026-08-05 19:08:32] [W-16] ✅ 完成 [fork1] ARPHS/proxypool | 提取 0 | 新增 0 | 耗时 0s | 配额 4600/4800 11:08UTC | 主队列 71/200 发现队列 47/20000 [[fork1]:47]
[2026-08-05 19:08:32] [W-16] 🔧 开始处理 [fork1] ellondoa/snakem982-proxypool
[2026-08-05 19:08:32] [W-16] 📝 已处理缓存: ellondoa/snakem982-proxypool
[2026-08-05 19:08:32] [W-16] ⏭️ [fork1] 仓库 https://github.com/ellondoa/snakem982-proxypool 21550h 未更新，跳过解析（无需追踪）
[2026-08-05 19:08:32] [W-16] ✅ 完成 [fork1] ellondoa/snakem982-proxypool | 提取 0 | 新增 0 | 耗时 0s | 配额 4600/4800 11:08UTC | 主队列 71/200 发现队列 46/20000 [[fork1]:46]
[2026-08-05 19:08:32] [W-16] 🔧 开始处理 [fork1] dingchundong/proxypool
[2026-08-05 19:08:32] [W-16] 📝 已处理缓存: dingchundong/proxypool
[2026-08-05 19:08:32] [W-16] ⏭️ [fork1] 仓库 https://github.com/dingchundong/proxypool 22397h 未更新，跳过解析（无需追踪）
[2026-08-05 19:08:32] [W-16] ✅ 完成 [fork1] dingchundong/proxypool | 提取 0 | 新增 0 | 耗时 0s | 配额 4600/4800 11:08UTC | 主队列 71/200 发现队列 45/20000 [[fork1]:45]
[2026-08-05 19:08:32] [W-16] 🔧 开始处理 [fork1] bjxdqs/proxypool
[2026-08-05 19:08:32] [W-16] 📝 已处理缓存: bjxdqs/proxypool
[2026-08-05 19:08:32] [W-16] ⏭️ [fork1] 仓库 https://github.com/bjxdqs/proxypool 16513h 未更新，跳过解析（无需追踪）
[2026-08-05 19:08:32] [W-16] ✅ 完成 [fork1] bjxdqs/proxypool | 提取 0 | 新增 0 | 耗时 0s | 配额 4600/4800 11:08UTC | 主队列 71/200 发现队列 44/20000 [[fork1]:44]
[2026-08-05 19:08:32] [W-16] 🔧 开始处理 [fork1] zyjia/proxypool
[2026-08-05 19:08:32] [W-16] 📝 已处理缓存: zyjia/proxypool
[2026-08-05 19:08:32] [W-16] ⏭️ [fork1] 仓库 https://github.com/zyjia/proxypool 12514h 未更新，跳过解析（无需追踪）
[2026-08-05 19:08:32] [W-16] ✅ 完成 [fork1] zyjia/proxypool | 提取 0 | 新增 0 | 耗时 0s | 配额 4600/4800 11:08UTC | 主队列 71/200 发现队列 43/20000 [[fork1]:43]
[2026-08-05 19:08:32] [W-16] 🔧 开始处理 [fork1] usinmine/proxypool
[2026-08-05 19:08:32] [W-16] 📝 已处理缓存: usinmine/proxypool
[2026-08-05 19:08:32] [W-16] ⏭️ [fork1] 仓库 https://github.com/usinmine/proxypool 21992h 未更新，跳过解析（无需追踪）
[2026-08-05 19:08:32] [W-16] ✅ 完成 [fork1] usinmine/proxypool | 提取 0 | 新增 0 | 耗时 0s | 配额 4600/4800 11:08UTC | 主队列 71/200 发现队列 42/20000 [[fork1]:42]
[2026-08-05 19:08:32] [W-16] 🔧 开始处理 [fork1] xingkexian/proxypool
[2026-08-05 19:08:32] [W-16] 📝 已处理缓存: xingkexian/proxypool
[2026-08-05 19:08:32] [W-16] ⏭️ [fork1] 仓库 https://github.com/xingkexian/proxypool 21908h 未更新，跳过解析（无需追踪）
[2026-08-05 19:08:32] [W-16] ✅ 完成 [fork1] xingkexian/proxypool | 提取 0 | 新增 0 | 耗时 0s | 配额 4600/4800 11:08UTC | 主队列 71/200 发现队列 41/20000 [[fork1]:41]
[2026-08-05 19:08:32] [W-16] 🔧 开始处理 [fork1] changeng2006/proxypool-list
[2026-08-05 19:08:32] [W-16] 📝 已处理缓存: changeng2006/proxypool-list
[2026-08-05 19:08:32] [W-16] ⏭️ [fork1] 仓库 https://github.com/changeng2006/proxypool-list 21643h 未更新，跳过解析（无需追踪）
[2026-08-05 19:08:32] [W-16] ✅ 完成 [fork1] changeng2006/proxypool-list | 提取 0 | 新增 0 | 耗时 0s | 配额 4600/4800 11:08UTC | 主队列 71/200 发现队列 40/20000 [[fork1]:40]
[2026-08-05 19:08:32] [W-16] 🔧 开始处理 [fork1] lblwb/proxypool
[2026-08-05 19:08:32] [W-16] 📝 已处理缓存: lblwb/proxypool
[2026-08-05 19:08:32] [W-16] ⏭️ [fork1] 仓库 https://github.com/lblwb/proxypool 21572h 未更新，跳过解析（无需追踪）
[2026-08-05 19:08:32] [W-16] ✅ 完成 [fork1] lblwb/proxypool | 提取 0 | 新增 0 | 耗时 0s | 配额 4600/4800 11:08UTC | 主队列 71/200 发现队列 39/20000 [[fork1]:39]
[2026-08-05 19:08:32] [W-16] 🔧 开始处理 [fork1] mengxianbo/proxypool
[2026-08-05 19:08:32] [W-16] 📝 已处理缓存: mengxianbo/proxypool
[2026-08-05 19:08:32] [W-16] ⏭️ [fork1] 仓库 https://github.com/mengxianbo/proxypool 20571h 未更新，跳过解析（无需追踪）
[2026-08-05 19:08:32] [W-16] ✅ 完成 [fork1] mengxianbo/proxypool | 提取 0 | 新增 0 | 耗时 0s | 配额 4600/4800 11:08UTC | 主队列 71/200 发现队列 38/20000 [[fork1]:38]
[2026-08-05 19:08:32] [W-16] 🔧 开始处理 [fork1] storevpsnet/proxypool
[2026-08-05 19:08:32] [W-16] 📝 已处理缓存: storevpsnet/proxypool
[2026-08-05 19:08:32] [W-16] ⏭️ [fork1] 仓库 https://github.com/storevpsnet/proxypool 20313h 未更新，跳过解析（无需追踪）
[2026-08-05 19:08:32] [W-16] ✅ 完成 [fork1] storevpsnet/proxypool | 提取 0 | 新增 0 | 耗时 0s | 配额 4600/4800 11:08UTC | 主队列 71/200 发现队列 37/20000 [[fork1]:37]
[2026-08-05 19:08:32] [W-16] 🔧 开始处理 [fork1] Li1398211077/proxypool
[2026-08-05 19:08:32] [W-16] 📝 已处理缓存: Li1398211077/proxypool
[2026-08-05 19:08:32] [W-16] ⏭️ [fork1] 仓库 https://github.com/Li1398211077/proxypool 20266h 未更新，跳过解析（无需追踪）
[2026-08-05 19:08:32] [W-16] ✅ 完成 [fork1] Li1398211077/proxypool | 提取 0 | 新增 0 | 耗时 0s | 配额 4600/4800 11:08UTC | 主队列 71/200 发现队列 36/20000 [[fork1]:36]
[2026-08-05 19:08:32] [W-16] 🔧 开始处理 [fork1] GOD-XINGCHEN/proxypool
[2026-08-05 19:08:32] [W-16] 📝 已处理缓存: GOD-XINGCHEN/proxypool
[2026-08-05 19:08:32] [W-16] ⏭️ [fork1] 仓库 https://github.com/GOD-XINGCHEN/proxypool 20169h 未更新，跳过解析（无需追踪）
[2026-08-05 19:08:32] [W-16] ✅ 完成 [fork1] GOD-XINGCHEN/proxypool | 提取 0 | 新增 0 | 耗时 0s | 配额 4600/4800 11:08UTC | 主队列 71/200 发现队列 35/20000 [[fork1]:35]
[2026-08-05 19:08:32] [W-16] 🔧 开始处理 [fork1] fenzaiway/proxypool_new
[2026-08-05 19:08:32] [W-16] 📝 已处理缓存: fenzaiway/proxypool_new
[2026-08-05 19:08:32] [W-16] ⏭️ [fork1] 仓库 https://github.com/fenzaiway/proxypool_new 20071h 未更新，跳过解析（无需追踪）
[2026-08-05 19:08:32] [W-16] ✅ 完成 [fork1] fenzaiway/proxypool_new | 提取 0 | 新增 0 | 耗时 0s | 配额 4600/4800 11:08UTC | 主队列 71/200 发现队列 34/20000 [[fork1]:34]
[2026-08-05 19:08:32] [W-16] 🔧 开始处理 [fork1] lanmeng521ly/proxypool
[2026-08-05 19:08:32] [W-16] 📝 已处理缓存: lanmeng521ly/proxypool
[2026-08-05 19:08:32] [W-16] ⏭️ [fork1] 仓库 https://github.com/lanmeng521ly/proxypool 20071h 未更新，跳过解析（无需追踪）
[2026-08-05 19:08:32] [W-12] 🔧 开始处理 [fork1] wqs8050080/proxypool
[2026-08-05 19:08:32] [W-12] 📝 已处理缓存: wqs8050080/proxypool
[2026-08-05 19:08:32] [W-12] ⏭️ [fork1] 仓库 https://github.com/wqs8050080/proxypool 19571h 未更新，跳过解析（无需追踪）
[2026-08-05 19:08:32] [W-12] ✅ 完成 [fork1] wqs8050080/proxypool | 提取 0 | 新增 0 | 耗时 0s | 配额 4600/4800 11:08UTC | 主队列 71/200 发现队列 32/20000 [[fork1]:32]
[2026-08-05 19:08:32] [W-12] 🔧 开始处理 [fork1] AkrielMrong/proxypool
[2026-08-05 19:08:32] [W-12] 📝 已处理缓存: AkrielMrong/proxypool
[2026-08-05 19:08:32] [W-12] ⏭️ [fork1] 仓库 https://github.com/AkrielMrong/proxypool 19562h 未更新，跳过解析（无需追踪）
[2026-08-05 19:08:32] [W-12] ✅ 完成 [fork1] AkrielMrong/proxypool | 提取 0 | 新增 0 | 耗时 0s | 配额 4600/4800 11:08UTC | 主队列 71/200 发现队列 31/20000 [[fork1]:31]
[2026-08-05 19:08:32] [W-12] 🔧 开始处理 [fork1] limintara/-proxypool
[2026-08-05 19:08:32] [W-12] 📝 已处理缓存: limintara/-proxypool
[2026-08-05 19:08:32] [W-12] ⏭️ [fork1] 仓库 https://github.com/limintara/-proxypool 17565h 未更新，跳过解析（无需追踪）
[2026-08-05 19:08:32] [W-12] ✅ 完成 [fork1] limintara/-proxypool | 提取 0 | 新增 0 | 耗时 0s | 配额 4600/4800 11:08UTC | 主队列 71/200 发现队列 30/20000 [[fork1]:30]
[2026-08-05 19:08:32] [W-12] 🔧 开始处理 [fork1] riverli01/proxypool
[2026-08-05 19:08:32] [W-12] 📝 已处理缓存: riverli01/proxypool
[2026-08-05 19:08:32] [W-12] ⏭️ [fork1] 仓库 https://github.com/riverli01/proxypool 19136h 未更新，跳过解析（无需追踪）
[2026-08-05 19:08:32] [W-12] ✅ 完成 [fork1] riverli01/proxypool | 提取 0 | 新增 0 | 耗时 0s | 配额 4600/4800 11:08UTC | 主队列 71/200 发现队列 29/20000 [[fork1]:29]
[2026-08-05 19:08:32] [W-12] 🔧 开始处理 [fork1] qiubei000/proxypool
[2026-08-05 19:08:32] [W-12] 📝 已处理缓存: qiubei000/proxypool
[2026-08-05 19:08:32] [W-12] ⏭️ [fork1] 仓库 https://github.com/qiubei000/proxypool 18241h 未更新，跳过解析（无需追踪）
[2026-08-05 19:08:32] [W-12] ✅ 完成 [fork1] qiubei000/proxypool | 提取 0 | 新增 0 | 耗时 0s | 配额 4600/4800 11:08UTC | 主队列 71/200 发现队列 28/20000 [[fork1]:28]
[2026-08-05 19:08:32] [W-12] 🔧 开始处理 [fork1] charliechenlie/proxypool
[2026-08-05 19:08:32] [W-12] 📝 已处理缓存: charliechenlie/proxypool
[2026-08-05 19:08:32] [W-12] ⏭️ [fork1] 仓库 https://github.com/charliechenlie/proxypool 18222h 未更新，跳过解析（无需追踪）
[2026-08-05 19:08:32] [W-12] ✅ 完成 [fork1] charliechenlie/proxypool | 提取 0 | 新增 0 | 耗时 0s | 配额 4600/4800 11:08UTC | 主队列 71/200 发现队列 27/20000 [[fork1]:27]
[2026-08-05 19:08:32] [W-12] 🔧 开始处理 [fork1] shanddl/proxypool
[2026-08-05 19:08:32] [W-12] 📝 已处理缓存: shanddl/proxypool
[2026-08-05 19:08:32] [W-12] ⏭️ [fork1] 仓库 https://github.com/shanddl/proxypool 15430h 未更新，跳过解析（无需追踪）
[2026-08-05 19:08:32] [W-12] ✅ 完成 [fork1] shanddl/proxypool | 提取 0 | 新增 0 | 耗时 0s | 配额 4600/4800 11:08UTC | 主队列 71/200 发现队列 26/20000 [[fork1]:26]
[2026-08-05 19:08:32] [W-12] 🔧 开始处理 [fork1] sxfsq/proxypool-snakem982
[2026-08-05 19:08:32] [W-12] 📝 已处理缓存: sxfsq/proxypool-snakem982
[2026-08-05 19:08:32] [W-12] ⏭️ [fork1] 仓库 https://github.com/sxfsq/proxypool-snakem982 17768h 未更新，跳过解析（无需追踪）
[2026-08-05 19:08:32] [W-12] ✅ 完成 [fork1] sxfsq/proxypool-snakem982 | 提取 0 | 新增 0 | 耗时 0s | 配额 4600/4800 11:08UTC | 主队列 71/200 发现队列 25/20000 [[fork1]:25]
[2026-08-05 19:08:32] [W-12] 🔧 开始处理 [fork1] QQ248411282/proxypool
[2026-08-05 19:08:32] [W-12] 📝 已处理缓存: QQ248411282/proxypool
[2026-08-05 19:08:32] [W-12] ⏭️ [fork1] 仓库 https://github.com/QQ248411282/proxypool 17768h 未更新，跳过解析（无需追踪）
[2026-08-05 19:08:32] [W-12] ✅ 完成 [fork1] QQ248411282/proxypool | 提取 0 | 新增 0 | 耗时 0s | 配额 4600/4800 11:08UTC | 主队列 71/200 发现队列 24/20000 [[fork1]:24]
[2026-08-05 19:08:32] [W-12] 🔧 开始处理 [fork1] techblack/proxypool
[2026-08-05 19:08:32] [W-12] 📝 已处理缓存: techblack/proxypool
[2026-08-05 19:08:32] [W-12] ⏭️ [fork1] 仓库 https://github.com/techblack/proxypool 16812h 未更新，跳过解析（无需追踪）
[2026-08-05 19:08:32] [W-12] ✅ 完成 [fork1] techblack/proxypool | 提取 0 | 新增 0 | 耗时 0s | 配额 4600/4800 11:08UTC | 主队列 71/200 发现队列 23/20000 [[fork1]:23]
[2026-08-05 19:08:32] [W-12] 🔧 开始处理 [fork1] Emilia-ab1/proxypool
[2026-08-05 19:08:32] [W-12] 📝 已处理缓存: Emilia-ab1/proxypool
[2026-08-05 19:08:32] [W-12] ⏭️ [fork1] 仓库 https://github.com/Emilia-ab1/proxypool 16800h 未更新，跳过解析（无需追踪）
[2026-08-05 19:08:32] [W-12] ✅ 完成 [fork1] Emilia-ab1/proxypool | 提取 0 | 新增 0 | 耗时 0s | 配额 4600/4800 11:08UTC | 主队列 71/200 发现队列 22/20000 [[fork1]:22]
[2026-08-05 19:08:32] [W-12] 🔧 开始处理 [fork1] yxcqr/proxypool
[2026-08-05 19:08:32] [W-12] 📝 已处理缓存: yxcqr/proxypool
[2026-08-05 19:08:32] [W-12] ⏭️ [fork1] 仓库 https://github.com/yxcqr/proxypool 16500h 未更新，跳过解析（无需追踪）
[2026-08-05 19:08:32] [W-12] ✅ 完成 [fork1] yxcqr/proxypool | 提取 0 | 新增 0 | 耗时 0s | 配额 4600/4800 11:08UTC | 主队列 71/200 发现队列 21/20000 [[fork1]:21]
[2026-08-05 19:08:32] [W-12] 🔧 开始处理 [fork1] XSVPN/proxypool
[2026-08-05 19:08:32] [W-12] 📝 已处理缓存: XSVPN/proxypool
[2026-08-05 19:08:32] [W-12] ⏭️ [fork1] 仓库 https://github.com/XSVPN/proxypool 16500h 未更新，跳过解析（无需追踪）
[2026-08-05 19:08:32] [W-12] ✅ 完成 [fork1] XSVPN/proxypool | 提取 0 | 新增 0 | 耗时 0s | 配额 4600/4800 11:08UTC | 主队列 71/200 发现队列 20/20000 [[fork1]:20]
[2026-08-05 19:08:32] [W-12] 🔧 开始处理 [fork1] littlezo/proxypool
[2026-08-05 19:08:32] [W-12] 📝 已处理缓存: littlezo/proxypool
[2026-08-05 19:08:32] [W-12] ⏭️ [fork1] 仓库 https://github.com/littlezo/proxypool 16224h 未更新，跳过解析（无需追踪）
[2026-08-05 19:08:32] [W-12] ✅ 完成 [fork1] littlezo/proxypool | 提取 0 | 新增 0 | 耗时 0s | 配额 4600/4800 11:08UTC | 主队列 71/200 发现队列 19/20000 [[fork1]:19]
[2026-08-05 19:08:32] [W-12] 🔧 开始处理 [fork1] changsongyang/proxypools
[2026-08-05 19:08:32] [W-12] 📝 已处理缓存: changsongyang/proxypools
[2026-08-05 19:08:32] [W-12] ⏭️ [fork1] 仓库 https://github.com/changsongyang/proxypools 553h 未更新，跳过解析（无需追踪）
[2026-08-05 19:08:32] [W-12] ✅ 完成 [fork1] changsongyang/proxypools | 提取 0 | 新增 0 | 耗时 0s | 配额 4600/4800 11:08UTC | 主队列 71/200 发现队列 18/20000 [[fork1]:18]
[2026-08-05 19:08:32] [W-12] 🔧 开始处理 [fork1] guosongjun/proxypool
[2026-08-05 19:08:32] [W-12] 📝 已处理缓存: guosongjun/proxypool
[2026-08-05 19:08:32] [W-12] ⏭️ [fork1] 仓库 https://github.com/guosongjun/proxypool 15660h 未更新，跳过解析（无需追踪）
[2026-08-05 19:08:32] [W-12] ✅ 完成 [fork1] guosongjun/proxypool | 提取 0 | 新增 0 | 耗时 0s | 配额 4600/4800 11:08UTC | 主队列 71/200 发现队列 17/20000 [[fork1]:17]
[2026-08-05 19:08:32] [W-12] 🔧 开始处理 [fork1] nuowoo/proxypool
[2026-08-05 19:08:32] [W-12] 📝 已处理缓存: nuowoo/proxypool
[2026-08-05 19:08:32] [W-12] ⏭️ [fork1] 仓库 https://github.com/nuowoo/proxypool 15538h 未更新，跳过解析（无需追踪）
[2026-08-05 19:08:32] [W-12] ✅ 完成 [fork1] nuowoo/proxypool | 提取 0 | 新增 0 | 耗时 0s | 配额 4600/4800 11:08UTC | 主队列 71/200 发现队列 16/20000 [[fork1]:16]
[2026-08-05 19:08:32] [W-12] 🔧 开始处理 [fork1] 0xlol-dev/proxypool
[2026-08-05 19:08:32] [W-12] 📝 已处理缓存: 0xlol-dev/proxypool
[2026-08-05 19:08:32] [W-12] ⏭️ [fork1] 仓库 https://github.com/0xlol-dev/proxypool 15370h 未更新，跳过解析（无需追踪）
[2026-08-05 19:08:32] [W-12] ✅ 完成 [fork1] 0xlol-dev/proxypool | 提取 0 | 新增 0 | 耗时 0s | 配额 4600/4800 11:08UTC | 主队列 71/200 发现队列 15/20000 [[fork1]:15]
[2026-08-05 19:08:32] [W-12] 🔧 开始处理 [fork1] CyrusTheV/proxypool
[2026-08-05 19:08:32] [W-12] 📝 已处理缓存: CyrusTheV/proxypool
[2026-08-05 19:08:32] [W-12] ⏭️ [fork1] 仓库 https://github.com/CyrusTheV/proxypool 15359h 未更新，跳过解析（无需追踪）
[2026-08-05 19:08:32] [W-12] ✅ 完成 [fork1] CyrusTheV/proxypool | 提取 0 | 新增 0 | 耗时 0s | 配额 4600/4800 11:08UTC | 主队列 71/200 发现队列 14/20000 [[fork1]:14]
[2026-08-05 19:08:32] [W-12] 🔧 开始处理 [fork1] hkwpc/kszd13
[2026-08-05 19:08:32] [W-12] 📝 已处理缓存: hkwpc/kszd13
[2026-08-05 19:08:32] [W-12] ⏭️ [fork1] 仓库 https://github.com/hkwpc/kszd13 14312h 未更新，跳过解析（无需追踪）
[2026-08-05 19:08:32] [W-12] ✅ 完成 [fork1] hkwpc/kszd13 | 提取 0 | 新增 0 | 耗时 0s | 配额 4600/4800 11:08UTC | 主队列 71/200 发现队列 13/20000 [[fork1]:13]
[2026-08-05 19:08:32] [W-12] 🔧 开始处理 [fork1] okok2024/proxypool
[2026-08-05 19:08:32] [W-12] 📝 已处理缓存: okok2024/proxypool
[2026-08-05 19:08:32] [W-12] ⏭️ [fork1] 仓库 https://github.com/okok2024/proxypool 13676h 未更新，跳过解析（无需追踪）
[2026-08-05 19:08:32] [W-12] ✅ 完成 [fork1] okok2024/proxypool | 提取 0 | 新增 0 | 耗时 0s | 配额 4600/4800 11:08UTC | 主队列 71/200 发现队列 12/20000 [[fork1]:12]
[2026-08-05 19:08:32] [W-12] 🔧 开始处理 [fork1] xiguangking/proxypool
[2026-08-05 19:08:32] [W-12] 📝 已处理缓存: xiguangking/proxypool
[2026-08-05 19:08:32] [W-12] ⏭️ [fork1] 仓库 https://github.com/xiguangking/proxypool 14399h 未更新，跳过解析（无需追踪）
[2026-08-05 19:08:32] [W-12] ✅ 完成 [fork1] xiguangking/proxypool | 提取 0 | 新增 0 | 耗时 0s | 配额 4600/4800 11:08UTC | 主队列 71/200 发现队列 11/20000 [[fork1]:11]
[2026-08-05 19:08:32] [W-12] 🔧 开始处理 [fork1] unrivalled88888/proxypool
[2026-08-05 19:08:32] [W-12] 📝 已处理缓存: unrivalled88888/proxypool
[2026-08-05 19:08:32] [W-12] ⏭️ [fork1] 仓库 https://github.com/unrivalled88888/proxypool 10210h 未更新，跳过解析（无需追踪）
[2026-08-05 19:08:32] [W-12] ✅ 完成 [fork1] unrivalled88888/proxypool | 提取 0 | 新增 0 | 耗时 0s | 配额 4600/4800 11:08UTC | 主队列 71/200 发现队列 10/20000 [[fork1]:10]
[2026-08-05 19:08:32] [W-12] 🔧 开始处理 [fork1] richard10129/proxypool
[2026-08-05 19:08:32] [W-12] 📝 已处理缓存: richard10129/proxypool
[2026-08-05 19:08:32] [W-12] ⏭️ [fork1] 仓库 https://github.com/richard10129/proxypool 14045h 未更新，跳过解析（无需追踪）
[2026-08-05 19:08:32] [W-12] ✅ 完成 [fork1] richard10129/proxypool | 提取 0 | 新增 0 | 耗时 0s | 配额 4600/4800 11:08UTC | 主队列 71/200 发现队列 9/20000 [[fork1]:9]
[2026-08-05 19:08:32] [W-12] 🔧 开始处理 [fork1] TristanHoward/ProxyPool
[2026-08-05 19:08:32] [W-12] 📝 已处理缓存: TristanHoward/ProxyPool
[2026-08-05 19:08:32] [W-12] ⏭️ [fork1] 仓库 https://github.com/TristanHoward/ProxyPool 14002h 未更新，跳过解析（无需追踪）
[2026-08-05 19:08:32] [W-12] ✅ 完成 [fork1] TristanHoward/ProxyPool | 提取 0 | 新增 0 | 耗时 0s | 配额 4600/4800 11:08UTC | 主队列 71/200 发现队列 8/20000 [[fork1]:8]
[2026-08-05 19:08:32] [W-12] 🔧 开始处理 [fork1] linbmv/proxypool
[2026-08-05 19:08:32] [W-12] 📝 已处理缓存: linbmv/proxypool
[2026-08-05 19:08:32] [W-12] ⏭️ [fork1] 仓库 https://github.com/linbmv/proxypool 13997h 未更新，跳过解析（无需追踪）
[2026-08-05 19:08:32] [W-12] ✅ 完成 [fork1] linbmv/proxypool | 提取 0 | 新增 0 | 耗时 0s | 配额 4600/4800 11:08UTC | 主队列 71/200 发现队列 7/20000 [[fork1]:7]
[2026-08-05 19:08:32] [W-12] 🔧 开始处理 [fork1] PouletBenson/proxypool
[2026-08-05 19:08:32] [W-12] 📝 已处理缓存: PouletBenson/proxypool
[2026-08-05 19:08:32] [W-12] ⏭️ [fork1] 仓库 https://github.com/PouletBenson/proxypool 13991h 未更新，跳过解析（无需追踪）
[2026-08-05 19:08:32] [W-12] ✅ 完成 [fork1] PouletBenson/proxypool | 提取 0 | 新增 0 | 耗时 0s | 配额 4600/4800 11:08UTC | 主队列 71/200 发现队列 6/20000 [[fork1]:6]
[2026-08-05 19:08:32] [W-12] 🔧 开始处理 [fork1] wgdute/proxypool
[2026-08-05 19:08:32] [W-12] 📝 已处理缓存: wgdute/proxypool
[2026-08-05 19:08:32] [W-12] ⏭️ [fork1] 仓库 https://github.com/wgdute/proxypool 13841h 未更新，跳过解析（无需追踪）
[2026-08-05 19:08:32] [W-12] ✅ 完成 [fork1] wgdute/proxypool | 提取 0 | 新增 0 | 耗时 0s | 配额 4600/4800 11:08UTC | 主队列 71/200 发现队列 5/20000 [[fork1]:5]
[2026-08-05 19:08:32] [W-12] 🔧 开始处理 [fork1] oneperfect01/proxypool
[2026-08-05 19:08:32] [W-12] 📝 已处理缓存: oneperfect01/proxypool
[2026-08-05 19:08:32] [W-12] ⏭️ [fork1] 仓库 https://github.com/oneperfect01/proxypool 11455h 未更新，跳过解析（无需追踪）
[2026-08-05 19:08:32] [W-12] ✅ 完成 [fork1] oneperfect01/proxypool | 提取 0 | 新增 0 | 耗时 0s | 配额 4600/4800 11:08UTC | 主队列 71/200 发现队列 4/20000 [[fork1]:4]
[2026-08-05 19:08:32] [W-12] 🔧 开始处理 [fork1] Cyssor/proxypool
[2026-08-05 19:08:32] [W-12] 📝 已处理缓存: Cyssor/proxypool
[2026-08-05 19:08:32] [W-12] ⏭️ [fork1] 仓库 https://github.com/Cyssor/proxypool 13703h 未更新，跳过解析（无需追踪）
[2026-08-05 19:08:32] [W-12] ✅ 完成 [fork1] Cyssor/proxypool | 提取 0 | 新增 0 | 耗时 0s | 配额 4600/4800 11:08UTC | 主队列 71/200 发现队列 3/20000 [[fork1]:3]
[2026-08-05 19:08:32] [W-12] 🔧 开始处理 [fork1] altmanPowell/proxypool
[2026-08-05 19:08:32] [W-12] 📝 已处理缓存: altmanPowell/proxypool
[2026-08-05 19:08:32] [W-12] ⏭️ [fork1] 仓库 https://github.com/altmanPowell/proxypool 13583h 未更新，跳过解析（无需追踪）
[2026-08-05 19:08:32] [W-12] ✅ 完成 [fork1] altmanPowell/proxypool | 提取 0 | 新增 0 | 耗时 0s | 配额 4600/4800 11:08UTC | 主队列 71/200 发现队列 2/20000 [[fork1]:2]
[2026-08-05 19:08:32] [W-12] 🔧 开始处理 [fork1] Yumore/proxypool
[2026-08-05 19:08:32] [W-12] 📝 已处理缓存: Yumore/proxypool
[2026-08-05 19:08:32] [W-12] ⏭️ [fork1] 仓库 https://github.com/Yumore/proxypool 12791h 未更新，跳过解析（无需追踪）
[2026-08-05 19:08:32] [W-12] ✅ 完成 [fork1] Yumore/proxypool | 提取 0 | 新增 0 | 耗时 0s | 配额 4600/4800 11:08UTC | 主队列 71/200 发现队列 1/20000 [[fork1]:1]
[2026-08-05 19:08:32] [W-12] 🔧 开始处理 [fork1] jangocheng/vpn-proxypool
[2026-08-05 19:08:32] [W-12] 📝 已处理缓存: jangocheng/vpn-proxypool
[2026-08-05 19:08:32] [W-12] ⏭️ [fork1] 仓库 https://github.com/jangocheng/vpn-proxypool 12749h 未更新，跳过解析（无需追踪）
[2026-08-05 19:08:32] [W-12] ✅ 完成 [fork1] jangocheng/vpn-proxypool | 提取 0 | 新增 0 | 耗时 0s | 配额 4600/4800 11:08UTC | 主队列 71/200 发现队列 0/20000 [空]
[2026-08-05 19:08:32] [W-6] 🔧 开始处理 [fork1] wuxinqi/proxypool
[2026-08-05 19:08:32] [W-6] ⏭️ [fork1] 仓库 https://github.com/wuxinqi/proxypool 26177h 未更新，跳过解析（无需追踪）
[2026-08-05 19:08:32] [W-6] ✅ 完成 [fork1] wuxinqi/proxypool | 提取 0 | 新增 0 | 耗时 0s | 配额 4600/4800 11:08UTC | 主队列 71/200 发现队列 0/20000 [空]
[2026-08-05 19:08:32] [W-18] 🔧 开始处理 [fork1] ph41re/proxypool
[2026-08-05 19:08:32] [W-18] ⏭️ [fork1] 仓库 https://github.com/ph41re/proxypool 8087h 未更新，跳过解析（无需追踪）
[2026-08-05 19:08:32] [W-18] ✅ 完成 [fork1] ph41re/proxypool | 提取 0 | 新增 0 | 耗时 0s | 配额 4600/4800 11:08UTC | 主队列 71/200 发现队列 0/20000 [空]
[2026-08-05 19:08:32] [W-16] ✅ 完成 [fork1] lanmeng521ly/proxypool | 提取 0 | 新增 0 | 耗时 0s | 配额 4600/4800 11:08UTC | 主队列 71/200 发现队列 0/20000 [空]
[2026-08-05 19:08:32] [W-16] 🔧 开始处理 [种子仓库] gwcctv/FreeNodes
[2026-08-05 19:08:32] [W-5] 🔧 开始处理 [fork1] yangliu173/proxypool
[2026-08-05 19:08:32] [W-5] ⏭️ [fork1] 仓库 https://github.com/yangliu173/proxypool 4901h 未更新，跳过解析（无需追踪）
[2026-08-05 19:08:32] [W-5] ✅ 完成 [fork1] yangliu173/proxypool | 提取 0 | 新增 0 | 耗时 0s | 配额 4600/4800 11:08UTC | 主队列 70/200 发现队列 0/20000 [空]
[2026-08-05 19:08:32] [W-14] 🔧 开始处理 [fork1] asdlokj1qpi23/proxypool-1
[2026-08-05 19:08:32] [W-14] ⏭️ [fork1] 仓库 https://github.com/asdlokj1qpi23/proxypool-1 26553h 未更新，跳过解析（无需追踪）
[2026-08-05 19:08:32] [W-14] ✅ 完成 [fork1] asdlokj1qpi23/proxypool-1 | 提取 0 | 新增 0 | 耗时 0s | 配额 4600/4800 11:08UTC | 主队列 70/200 发现队列 0/20000 [空]
[2026-08-05 19:08:32] [W-14] 🔧 开始处理 [种子仓库] HakurouKen/free-node
[2026-08-05 19:08:32] [W-15]   [种子仓库] 父仓库: Barabama/FreeNodes
[2026-08-05 19:08:32] [W-15] ⏭️ [fork1] 仓库 https://github.com/Barabama/FreeNodes 已解析，跳过解析（无需追踪）
[2026-08-05 19:08:32] [W-15]   父仓库 +0 个节点
[2026-08-05 19:08:32] [W-11] 仓库 https://github.com/chengege666/FreeNodes 无候选文件 (总计 41 blob, 扩展名过滤 15, processed_shas 跳过 0, SHA 缓存跳过 26)
[2026-08-05 19:08:32] [W-11] 🔗 [种子仓库] 查子仓库: chengege666/FreeNodes
[2026-08-05 19:08:32] [W-14] [种子仓库] 仓库 https://github.com/HakurouKen/free-node (分支: main, size: 25389KB, pushed: 2026-08-05T00:48:19Z)
[2026-08-05 19:08:32] [W-8] 仓库 https://github.com/githubwubian/proxypool 候选文件 4 个
[2026-08-05 19:08:32] [W-22] 仓库 https://github.com/davidchim/proxypool 候选文件 4 个
[2026-08-05 19:08:32] [W-16] [种子仓库] 仓库 https://github.com/gwcctv/FreeNodes (分支: main, size: 20621KB, pushed: 2026-08-05T10:29:55Z)
[2026-08-05 19:08:33] [W-11] 🔗 [种子仓库] 开始 Fork 链追踪 (chengege666/FreeNodes)
[2026-08-05 19:08:33] [W-2] ⏳ 等待任务中...
[2026-08-05 19:08:33] [W-2] 🔧 开始处理 [种子仓库] PENZA84/free-node
[2026-08-05 19:08:33] [W-17] ⏳ 等待任务中...
[2026-08-05 19:08:33] [W-17] 🔧 开始处理 [种子仓库] soufranciscoescola-png/Criar-fonte-TTF---BR---draw-your-font
[2026-08-05 19:08:33] [W-3] ⏳ 等待任务中...
[2026-08-05 19:08:33] [W-3] 🔧 开始处理 [种子仓库] cheryomukhin/draw-your-font
[2026-08-05 19:08:33] [W-21] ⏳ 等待任务中...
[2026-08-05 19:08:34] [W-13] ⏳ 等待任务中...
[2026-08-05 19:08:34] [W-0] ⏳ 等待任务中...
[2026-08-05 19:08:35] [W-16] 仓库 https://github.com/gwcctv/FreeNodes 无候选文件 (总计 41 blob, 扩展名过滤 15, processed_shas 跳过 0, SHA 缓存跳过 26)
[2026-08-05 19:08:35] [W-16] 🔗 [种子仓库] 查子仓库: gwcctv/FreeNodes
[2026-08-05 19:08:35] [W-14] 仓库 https://github.com/HakurouKen/free-node 候选文件 1 个
[2026-08-05 19:08:35] [W-15] 👤 [种子仓库] 遍历用户仓库: yangfh158
[2026-08-05 19:08:35] [W-19] 🔧 开始处理 [种子仓库] dhiaeddine-ayh/draw-your-font
[2026-08-05 19:08:35] [W-14] 🔗 [种子仓库] 查子仓库: HakurouKen/free-node
[2026-08-05 19:08:35] [W-8] 🌱 加入种子: githubwubian/proxypool (+79 节点)
[2026-08-05 19:08:36] [W-10] ⏳ 等待任务中...
[2026-08-05 19:08:36] [W-20] ⏳ 等待任务中...
[2026-08-05 19:08:36] [W-20] 🔧 开始处理 [种子仓库] rrzt/FreeNodes
[2026-08-05 19:08:37] [W-11]   [种子仓库] 父仓库: Barabama/FreeNodes
[2026-08-05 19:08:37] [W-11] ⏭️ [fork1] 仓库 https://github.com/Barabama/FreeNodes 已解析，跳过解析（无需追踪）
[2026-08-05 19:08:37] [W-11]   父仓库 +0 个节点
[2026-08-05 19:08:37] [W-18] 🔧 开始处理 [种子仓库] cyj4215/FreeNodes
[2026-08-05 19:08:39] [W-3] ⏭️ [种子仓库] 仓库 https://github.com/cheryomukhin/draw-your-font 215h 未更新，跳过解析（需追踪）
[2026-08-05 19:08:39] [W-3] 🔗 [种子仓库] 查子仓库: cheryomukhin/draw-your-font
[2026-08-05 19:08:39] [W-2] ⏭️ [种子仓库] 仓库 https://github.com/PENZA84/free-node 141h 未更新，跳过解析（需追踪）
[2026-08-05 19:08:39] [W-2] 🔗 [种子仓库] 查子仓库: PENZA84/free-node
[2026-08-05 19:08:39] [W-8] ✅ 完成 [fork1] githubwubian/proxypool | 提取 331 | 新增 79 | 耗时 3s | 配额 4584/4800 11:08UTC | 主队列 63/200 发现队列 0/20000 [空]
[2026-08-05 19:08:39] [W-17] ⏭️ [种子仓库] 仓库 https://github.com/soufranciscoescola-png/Criar-fonte-TTF---BR---draw-your-font 215h 未更新，跳过解析（需追踪）
[2026-08-05 19:08:39] [W-17] 🔗 [种子仓库] 查子仓库: soufranciscoescola-png/Criar-fonte-TTF---BR---draw-your-font
[2026-08-05 19:08:39] [W-22] ✅ 完成 [fork1] davidchim/proxypool | 提取 331 | 新增 0 | 耗时 4s | 配额 4583/4800 11:08UTC | 主队列 62/200 发现队列 0/20000 [空]
[2026-08-05 19:08:39] [W-22] 🔧 开始处理 [种子仓库] jiayou88/FreeNodes-
[2026-08-05 19:08:39] [W-8] 🔧 开始处理 [种子仓库] shenguidao/FreeNodes
[2026-08-05 19:08:41] [W-9]   👤 用户仓库: 30 个 → 主队列 61/200 发现队列 30/20000 [[user1]:30]
[2026-08-05 19:08:41] [W-9]   用户 wanvfx 共查 30 个仓库
[2026-08-05 19:08:41] [W-6] 🔧 开始处理 [user1] wanvfx/mb
[2026-08-05 19:08:41] [W-6] [user1] 仓库 https://github.com/wanvfx/mb (分支: main, size: 28016KB, pushed: 2026-08-05T09:14:39Z)
[2026-08-05 19:08:41] [W-7] 🔧 开始处理 [user1] wanvfx/floral-notepaper
[2026-08-05 19:08:41] [W-7] 📝 已处理缓存: wanvfx/floral-notepaper
[2026-08-05 19:08:41] [W-7] ⏭️ [user1] 仓库 https://github.com/wanvfx/floral-notepaper 237h 未更新，跳过解析（无需追踪）
[2026-08-05 19:08:41] [W-13] 🔧 开始处理 [user1] wanvfx/luci-app-model-gateway
[2026-08-05 19:08:41] [W-13] ⏭️ [user1] 仓库 https://github.com/wanvfx/luci-app-model-gateway 45h 未更新，跳过解析（无需追踪）
[2026-08-05 19:08:41] [W-21] 🔧 开始处理 [user1] wanvfx/real-time-fund
[2026-08-05 19:08:41] [W-21] ⏭️ [user1] 仓库 https://github.com/wanvfx/real-time-fund 729h 未更新，跳过解析（无需追踪）
[2026-08-05 19:08:41] [W-16] 🔗 [种子仓库] 开始 Fork 链追踪 (gwcctv/FreeNodes)
[2026-08-05 19:08:41] [W-4] 🔧 开始处理 [user1] wanvfx/linkease-skills
[2026-08-05 19:08:41] [W-4] ⏭️ [user1] 仓库 https://github.com/wanvfx/linkease-skills 861h 未更新，跳过解析（无需追踪）
[2026-08-05 19:08:41] [W-12] 🔧 开始处理 [user1] wanvfx/RunCat365
[2026-08-05 19:08:41] [W-12] ⏭️ [user1] 仓库 https://github.com/wanvfx/RunCat365 4880h 未更新，跳过解析（无需追踪）
[2026-08-05 19:08:41] [W-5] 🔧 开始处理 [user1] wanvfx/secubox-openwrt
[2026-08-05 19:08:41] [W-5] ⏭️ [user1] 仓库 https://github.com/wanvfx/secubox-openwrt 2168h 未更新，跳过解析（无需追踪）
[2026-08-05 19:08:41] [W-0] 🔧 开始处理 [user1] wanvfx/Nomi
[2026-08-05 19:08:41] [W-0] ⏭️ [user1] 仓库 https://github.com/wanvfx/Nomi 344h 未更新，跳过解析（无需追踪）
[2026-08-05 19:08:41] [W-23]   👤 用户仓库: 30 个 → 主队列 61/200 发现队列 51/20000 [[user1]:51]
[2026-08-05 19:08:41] [W-23]   用户 wang1680 共查 30 个仓库
[2026-08-05 19:08:41] [W-10] 🔧 开始处理 [user1] wanvfx/quickstart
[2026-08-05 19:08:41] [W-10] ⏭️ [user1] 仓库 https://github.com/wanvfx/quickstart 871h 未更新，跳过解析（无需追踪）
[2026-08-05 19:08:43] [W-19] ⏭️ [种子仓库] 仓库 https://github.com/dhiaeddine-ayh/draw-your-font 215h 未更新，跳过解析（需追踪）
[2026-08-05 19:08:43] [W-19] 🔗 [种子仓库] 查子仓库: dhiaeddine-ayh/draw-your-font
[2026-08-05 19:08:43] [W-14]   🍴 子仓库: 18 个 → 主队列 61/200 发现队列 69/20000 [[fork1]:18 [user1]:51]
[2026-08-05 19:08:43] [W-14] 🔗 [种子仓库] 开始 Fork 链追踪 (HakurouKen/free-node)
[2026-08-05 19:08:43] [W-9] ✅ 完成 [种子仓库] wanvfx/FreeNodes | 提取 0 | 新增 0 | 耗时 12s | 配额 4576/4800 11:08UTC | 主队列 61/200 发现队列 69/20000 [[fork1]:18 [user1]:51]
[2026-08-05 19:08:43] [W-9] 🔧 开始处理 [user1] wanvfx/openwrt-packages
[2026-08-05 19:08:43] [W-9] ⏭️ [user1] 仓库 https://github.com/wanvfx/openwrt-packages 2307h 未更新，跳过解析（无需追踪）
[2026-08-05 19:08:45] [W-7] ✅ 完成 [user1] wanvfx/floral-notepaper | 提取 0 | 新增 0 | 耗时 0s | 配额 4576/4800 11:08UTC | 主队列 61/200 发现队列 68/20000 [[fork1]:18 [user1]:50]
[2026-08-05 19:08:45] [W-7] 🔧 开始处理 [user1] wanvfx/TrendRadar
[2026-08-05 19:08:45] [W-7] ⏭️ [user1] 仓库 https://github.com/wanvfx/TrendRadar 3333h 未更新，跳过解析（无需追踪）
[2026-08-05 19:08:45] [W-13] ✅ 完成 [user1] wanvfx/luci-app-model-gateway | 提取 0 | 新增 0 | 耗时 0s | 配额 4576/4800 11:08UTC | 主队列 61/200 发现队列 67/20000 [[fork1]:18 [user1]:49]
[2026-08-05 19:08:45] [W-13] 🔧 开始处理 [user1] wanvfx/openwrt-app-actions
[2026-08-05 19:08:45] [W-13] ⏭️ [user1] 仓库 https://github.com/wanvfx/openwrt-app-actions 3364h 未更新，跳过解析（无需追踪）
[2026-08-05 19:08:45] [W-21] ✅ 完成 [user1] wanvfx/real-time-fund | 提取 0 | 新增 0 | 耗时 0s | 配额 4576/4800 11:08UTC | 主队列 61/200 发现队列 66/20000 [[fork1]:18 [user1]:48]
[2026-08-05 19:08:45] [W-21] 🔧 开始处理 [user1] wanvfx/Storyboard-Copilot
[2026-08-05 19:08:45] [W-21] ⏭️ [user1] 仓库 https://github.com/wanvfx/Storyboard-Copilot 3624h 未更新，跳过解析（无需追踪）
[2026-08-05 19:08:45] [W-21] ✅ 完成 [user1] wanvfx/Storyboard-Copilot | 提取 0 | 新增 0 | 耗时 0s | 配额 4576/4800 11:08UTC | 主队列 61/200 发现队列 65/20000 [[fork1]:18 [user1]:47]
[2026-08-05 19:08:45] [W-21] 🔧 开始处理 [user1] wanvfx/luci-app-openclaw
[2026-08-05 19:08:45] [W-21] ⏭️ [user1] 仓库 https://github.com/wanvfx/luci-app-openclaw 3601h 未更新，跳过解析（无需追踪）
[2026-08-05 19:08:45] [W-4] ✅ 完成 [user1] wanvfx/linkease-skills | 提取 0 | 新增 0 | 耗时 0s | 配额 4576/4800 11:08UTC | 主队列 61/200 发现队列 64/20000 [[fork1]:18 [user1]:46]
[2026-08-05 19:08:45] [W-4] 🔧 开始处理 [user1] wanvfx/vMixUTC
[2026-08-05 19:08:45] [W-4] ⏭️ [user1] 仓库 https://github.com/wanvfx/vMixUTC 3670h 未更新，跳过解析（无需追踪）
[2026-08-05 19:08:45] [W-12] ✅ 完成 [user1] wanvfx/RunCat365 | 提取 0 | 新增 0 | 耗时 0s | 配额 4576/4800 11:08UTC | 主队列 61/200 发现队列 63/20000 [[fork1]:18 [user1]:45]
[2026-08-05 19:08:45] [W-12] 🔧 开始处理 [user1] wanvfx/FundVal-Live
[2026-08-05 19:08:45] [W-12] ⏭️ [user1] 仓库 https://github.com/wanvfx/FundVal-Live 4269h 未更新，跳过解析（无需追踪）
[2026-08-05 19:08:45] [W-5] ✅ 完成 [user1] wanvfx/secubox-openwrt | 提取 0 | 新增 0 | 耗时 0s | 配额 4576/4800 11:08UTC | 主队列 61/200 发现队列 62/20000 [[fork1]:18 [user1]:44]
[2026-08-05 19:08:45] [W-5] 🔧 开始处理 [user1] wanvfx/HivisionIDPhotos-zy
[2026-08-05 19:08:45] [W-5] ⏭️ [user1] 仓库 https://github.com/wanvfx/HivisionIDPhotos-zy 9342h 未更新，跳过解析（无需追踪）
[2026-08-05 19:08:45] [W-5] ✅ 完成 [user1] wanvfx/HivisionIDPhotos-zy | 提取 0 | 新增 0 | 耗时 0s | 配额 4576/4800 11:08UTC | 主队列 61/200 发现队列 61/20000 [[fork1]:18 [user1]:43]
[2026-08-05 19:08:45] [W-5] 🔧 开始处理 [user1] wanvfx/2025-blog-public
[2026-08-05 19:08:45] [W-5] ⏭️ [user1] 仓库 https://github.com/wanvfx/2025-blog-public 5840h 未更新，跳过解析（无需追踪）
[2026-08-05 19:08:45] [W-23] ✅ 完成 [种子仓库] wang1680/proxypool | 提取 0 | 新增 0 | 耗时 12s | 配额 4576/4800 11:08UTC | 主队列 61/200 发现队列 60/20000 [[fork1]:18 [user1]:42]
[2026-08-05 19:08:45] [W-10] ✅ 完成 [user1] wanvfx/quickstart | 提取 0 | 新增 0 | 耗时 0s | 配额 4576/4800 11:08UTC | 主队列 61/200 发现队列 59/20000 [[fork1]:18 [user1]:41]
[2026-08-05 19:08:45] [W-10] 🔧 开始处理 [user1] wanvfx/SubsCheck-Win-GUI
[2026-08-05 19:08:45] [W-10] ⏭️ [user1] 仓库 https://github.com/wanvfx/SubsCheck-Win-GUI 11236h 未更新，跳过解析（无需追踪）
[2026-08-05 19:08:45] [W-23] 🔧 开始处理 [user1] wanvfx/NO-CRM
[2026-08-05 19:08:45] [W-23] ⏭️ [user1] 仓库 https://github.com/wanvfx/NO-CRM 6076h 未更新，跳过解析（无需追踪）
[2026-08-05 19:08:45] [W-20] ⏭️ [种子仓库] 仓库 https://github.com/rrzt/FreeNodes 101h 未更新，跳过解析（需追踪）
[2026-08-05 19:08:45] [W-20] 🔗 [种子仓库] 查子仓库: rrzt/FreeNodes
[2026-08-05 19:08:45] [W-11] 👤 [种子仓库] 遍历用户仓库: chengege666
[2026-08-05 19:08:45] [W-9] ✅ 完成 [user1] wanvfx/openwrt-packages | 提取 0 | 新增 0 | 耗时 0s | 配额 4574/4800 11:08UTC | 主队列 61/200 发现队列 58/20000 [[fork1]:18 [user1]:40]
[2026-08-05 19:08:45] [W-9] 🔧 开始处理 [user1] wanvfx/isapi
[2026-08-05 19:08:45] [W-9] ⏭️ [user1] 仓库 https://github.com/wanvfx/isapi 6553h 未更新，跳过解析（无需追踪）
[2026-08-05 19:08:45] [W-2] 🔗 [种子仓库] 开始 Fork 链追踪 (PENZA84/free-node)
[2026-08-05 19:08:45] [W-3] 🔗 [种子仓库] 开始 Fork 链追踪 (cheryomukhin/draw-your-font)
[2026-08-05 19:08:47] [W-8] [种子仓库] 仓库 https://github.com/shenguidao/FreeNodes (分支: main, size: 21764KB, pushed: 2026-08-05T06:28:47Z)
[2026-08-05 19:08:47] [W-22] [种子仓库] 仓库 https://github.com/jiayou88/FreeNodes- (分支: main, size: 22772KB, pushed: 2026-08-05T06:27:48Z)
[2026-08-05 19:08:47] [W-18] [种子仓库] 仓库 https://github.com/cyj4215/FreeNodes (分支: main, size: 22848KB, pushed: 2026-08-05T06:30:11Z)
[2026-08-05 19:08:49] [W-13] ✅ 完成 [user1] wanvfx/openwrt-app-actions | 提取 0 | 新增 0 | 耗时 0s | 配额 4569/4800 11:08UTC | 主队列 61/200 发现队列 57/20000 [[fork1]:18 [user1]:39]
[2026-08-05 19:08:49] [W-13] 🔧 开始处理 [user1] wanvfx/istore-repo
[2026-08-05 19:08:49] [W-13] ⏭️ [user1] 仓库 https://github.com/wanvfx/istore-repo 6939h 未更新，跳过解析（无需追踪）
[2026-08-05 19:08:49] [W-21] ✅ 完成 [user1] wanvfx/luci-app-openclaw | 提取 0 | 新增 0 | 耗时 0s | 配额 4569/4800 11:08UTC | 主队列 61/200 发现队列 56/20000 [[fork1]:18 [user1]:38]
[2026-08-05 19:08:49] [W-21] 🔧 开始处理 [user1] wanvfx/zjjb_ql_Scripts
[2026-08-05 19:08:49] [W-21] ⏭️ [user1] 仓库 https://github.com/wanvfx/zjjb_ql_Scripts 7490h 未更新，跳过解析（无需追踪）
[2026-08-05 19:08:49] [W-4] ✅ 完成 [user1] wanvfx/vMixUTC | 提取 0 | 新增 0 | 耗时 0s | 配额 4569/4800 11:08UTC | 主队列 61/200 发现队列 55/20000 [[fork1]:18 [user1]:37]
[2026-08-05 19:08:49] [W-4] 🔧 开始处理 [user1] wanvfx/decode_action
[2026-08-05 19:08:49] [W-4] ⏭️ [user1] 仓库 https://github.com/wanvfx/decode_action 8337h 未更新，跳过解析（无需追踪）
[2026-08-05 19:08:49] [W-12] ✅ 完成 [user1] wanvfx/FundVal-Live | 提取 0 | 新增 0 | 耗时 0s | 配额 4569/4800 11:08UTC | 主队列 61/200 发现队列 54/20000 [[fork1]:18 [user1]:36]
[2026-08-05 19:08:49] [W-12] 🔧 开始处理 [user1] wanvfx/LiveCaptions-Translator
[2026-08-05 19:08:49] [W-12] ⏭️ [user1] 仓库 https://github.com/wanvfx/LiveCaptions-Translator 9753h 未更新，跳过解析（无需追踪）
[2026-08-05 19:08:49] [W-5] ✅ 完成 [user1] wanvfx/2025-blog-public | 提取 0 | 新增 0 | 耗时 0s | 配额 4569/4800 11:08UTC | 主队列 61/200 发现队列 53/20000 [[fork1]:18 [user1]:35]
[2026-08-05 19:08:49] [W-5] 🔧 开始处理 [user1] wanvfx/subs-check
[2026-08-05 19:08:49] [W-5] ⏭️ [user1] 仓库 https://github.com/wanvfx/subs-check 9334h 未更新，跳过解析（无需追踪）
[2026-08-05 19:08:49] [W-0] ✅ 完成 [user1] wanvfx/Nomi | 提取 0 | 新增 0 | 耗时 0s | 配额 4569/4800 11:08UTC | 主队列 61/200 发现队列 52/20000 [[fork1]:18 [user1]:34]
[2026-08-05 19:08:49] [W-0] 🔧 开始处理 [user1] wanvfx/zyqinglong
[2026-08-05 19:08:49] [W-0] ⏭️ [user1] 仓库 https://github.com/wanvfx/zyqinglong 10157h 未更新，跳过解析（无需追踪）
[2026-08-05 19:08:49] [W-10] ✅ 完成 [user1] wanvfx/SubsCheck-Win-GUI | 提取 0 | 新增 0 | 耗时 0s | 配额 4569/4800 11:08UTC | 主队列 61/200 发现队列 51/20000 [[fork1]:18 [user1]:33]
[2026-08-05 19:08:49] [W-10] 🔧 开始处理 [user1] wanvfx/zy-bd
[2026-08-05 19:08:49] [W-10] ⏭️ [user1] 仓库 https://github.com/wanvfx/zy-bd 10007h 未更新，跳过解析（无需追踪）
[2026-08-05 19:08:49] [W-10] ✅ 完成 [user1] wanvfx/zy-bd | 提取 0 | 新增 0 | 耗时 0s | 配额 4569/4800 11:08UTC | 主队列 61/200 发现队列 50/20000 [[fork1]:18 [user1]:32]
[2026-08-05 19:08:49] [W-10] 🔧 开始处理 [user1] wanvfx/alist
[2026-08-05 19:08:49] [W-10] ⏭️ [user1] 仓库 https://github.com/wanvfx/alist 10085h 未更新，跳过解析（无需追踪）
[2026-08-05 19:08:49] [W-9] ✅ 完成 [user1] wanvfx/isapi | 提取 0 | 新增 0 | 耗时 0s | 配额 4569/4800 11:08UTC | 主队列 61/200 发现队列 49/20000 [[fork1]:18 [user1]:31]
[2026-08-05 19:08:49] [W-9] 🔧 开始处理 [user1] wanvfx/Shadowrocket-app-AD-Rules
[2026-08-05 19:08:49] [W-9] ⏭️ [user1] 仓库 https://github.com/wanvfx/Shadowrocket-app-AD-Rules 10400h 未更新，跳过解析（无需追踪）
[2026-08-05 19:08:49] [W-17] 🔗 [种子仓库] 开始 Fork 链追踪 (soufranciscoescola-png/Criar-fonte-TTF---BR---draw-your-font)
[2026-08-05 19:08:49] [W-1]   👤 用户仓库: 30 个 → 主队列 61/200 发现队列 78/20000 [[fork1]:18 [user1]:60]
[2026-08-05 19:08:49] [W-1]   用户 luochen1975 共查 30 个仓库
[2026-08-05 19:08:49] [W-19] 🔗 [种子仓库] 开始 Fork 链追踪 (dhiaeddine-ayh/draw-your-font)
[2026-08-05 19:08:49] [W-15]   👤 用户仓库: 4 个 → 主队列 61/200 发现队列 82/20000 [[fork1]:18 [user1]:64]
[2026-08-05 19:08:49] [W-15]   用户 yangfh158 共查 4 个仓库
[2026-08-05 19:08:49] [W-14] 👤 [种子仓库] 遍历用户仓库: HakurouKen
[2026-08-05 19:08:49] [W-6] 仓库 https://github.com/wanvfx/mb 候选文件 1 个
[2026-08-05 19:08:53] [W-7] ✅ 完成 [user1] wanvfx/TrendRadar | 提取 0 | 新增 0 | 耗时 0s | 配额 4563/4800 11:08UTC | 主队列 61/200 发现队列 82/20000 [[fork1]:18 [user1]:64]
[2026-08-05 19:08:53] [W-7] 🔧 开始处理 [user1] wang1680/notepad4
[2026-08-05 19:08:53] [W-7] [user1] 仓库 https://github.com/wang1680/notepad4 (分支: main, size: 31647KB, pushed: 2026-08-05T10:33:05Z)
[2026-08-05 19:08:53] [W-3]   [种子仓库] 父仓库: danilo-znamerovszkij/draw-your-font
[2026-08-05 19:08:53] [W-3] [fork1] 仓库 https://github.com/danilo-znamerovszkij/draw-your-font (分支: main, size: 3996KB, pushed: 2026-08-05T07:48:36Z)
[2026-08-05 19:08:53] [W-13] ✅ 完成 [user1] wanvfx/istore-repo | 提取 0 | 新增 0 | 耗时 0s | 配额 4562/4800 11:08UTC | 主队列 61/200 发现队列 81/20000 [[fork1]:18 [user1]:63]
[2026-08-05 19:08:53] [W-13] 🔧 开始处理 [user1] wang1680/free
[2026-08-05 19:08:53] [W-13] [user1] 仓库 https://github.com/wang1680/free (分支: main, size: 18628KB, pushed: 2026-08-05T08:44:06Z)
[2026-08-05 19:08:53] [W-21] ✅ 完成 [user1] wanvfx/zjjb_ql_Scripts | 提取 0 | 新增 0 | 耗时 0s | 配额 4562/4800 11:08UTC | 主队列 61/200 发现队列 80/20000 [[fork1]:18 [user1]:62]
[2026-08-05 19:08:53] [W-21] 🔧 开始处理 [user1] wang1680/TVAPP
[2026-08-05 19:08:53] [W-21] [user1] 仓库 https://github.com/wang1680/TVAPP (分支: main, size: 35077238KB, pushed: 2026-08-05T07:11:41Z)
[2026-08-05 19:08:53] [W-4] ✅ 完成 [user1] wanvfx/decode_action | 提取 0 | 新增 0 | 耗时 0s | 配额 4562/4800 11:08UTC | 主队列 61/200 发现队列 79/20000 [[fork1]:18 [user1]:61]
[2026-08-05 19:08:53] [W-4] 🔧 开始处理 [user1] wang1680/v2ray-configs
[2026-08-05 19:08:53] [W-4] [user1] 仓库 https://github.com/wang1680/v2ray-configs (分支: main, size: 22574628KB, pushed: 2026-08-05T06:47:06Z)
[2026-08-05 19:08:53] [W-12] ✅ 完成 [user1] wanvfx/LiveCaptions-Translator | 提取 0 | 新增 0 | 耗时 0s | 配额 4562/4800 11:08UTC | 主队列 61/200 发现队列 78/20000 [[fork1]:18 [user1]:60]
[2026-08-05 19:08:53] [W-12] 🔧 开始处理 [user1] wang1680/migu_video
[2026-08-05 19:08:53] [W-12] [user1] 仓库 https://github.com/wang1680/migu_video (分支: main, size: 50187KB, pushed: 2026-08-05T03:37:46Z)
[2026-08-05 19:08:53] [W-5] ✅ 完成 [user1] wanvfx/subs-check | 提取 0 | 新增 0 | 耗时 0s | 配额 4562/4800 11:08UTC | 主队列 61/200 发现队列 77/20000 [[fork1]:18 [user1]:59]
[2026-08-05 19:08:53] [W-5] 🔧 开始处理 [user1] wang1680/iptv-sources
[2026-08-05 19:08:53] [W-5] [user1] 仓库 https://github.com/wang1680/iptv-sources (分支: main, size: 2289KB, pushed: 2026-08-05T03:07:06Z)
[2026-08-05 19:08:53] [W-0] ✅ 完成 [user1] wanvfx/zyqinglong | 提取 0 | 新增 0 | 耗时 0s | 配额 4562/4800 11:08UTC | 主队列 61/200 发现队列 76/20000 [[fork1]:18 [user1]:58]
[2026-08-05 19:08:53] [W-0] 🔧 开始处理 [user1] wang1680/webhtv
[2026-08-05 19:08:53] [W-0] [user1] 仓库 https://github.com/wang1680/webhtv (分支: main, size: 316777KB, pushed: 2026-08-05T00:07:37Z)
[2026-08-05 19:08:53] [W-10] ✅ 完成 [user1] wanvfx/alist | 提取 0 | 新增 0 | 耗时 0s | 配额 4562/4800 11:08UTC | 主队列 61/200 发现队列 75/20000 [[fork1]:18 [user1]:57]
[2026-08-05 19:08:53] [W-10] 🔧 开始处理 [user1] wang1680/WorkerVless2sub
[2026-08-05 19:08:53] [W-10] [user1] 仓库 https://github.com/wang1680/WorkerVless2sub (分支: main, size: 3804KB, pushed: 2026-08-04T16:57:05Z)
[2026-08-05 19:08:53] [W-23] ✅ 完成 [user1] wanvfx/NO-CRM | 提取 0 | 新增 0 | 耗时 0s | 配额 4562/4800 11:08UTC | 主队列 61/200 发现队列 74/20000 [[fork1]:18 [user1]:56]
[2026-08-05 19:08:53] [W-23] 🔧 开始处理 [user1] wang1680/alist-tvbox
[2026-08-05 19:08:53] [W-23] [user1] 仓库 https://github.com/wang1680/alist-tvbox (分支: master, size: 2070095KB, pushed: 2026-08-04T16:01:05Z)
[2026-08-05 19:08:53] [W-9] ✅ 完成 [user1] wanvfx/Shadowrocket-app-AD-Rules | 提取 0 | 新增 0 | 耗时 0s | 配额 4562/4800 11:08UTC | 主队列 61/200 发现队列 73/20000 [[fork1]:18 [user1]:55]
[2026-08-05 19:08:53] [W-9] 🔧 开始处理 [user1] wang1680/talebook
[2026-08-05 19:08:53] [W-9] [user1] 仓库 https://github.com/wang1680/talebook (分支: master, size: 133006KB, pushed: 2026-08-04T13:13:07Z)
[2026-08-05 19:08:53] [W-1] ✅ 完成 [种子仓库] luochen1975/FreeNodes | 提取 0 | 新增 0 | 耗时 20s | 配额 4562/4800 11:08UTC | 主队列 61/200 发现队列 72/20000 [[fork1]:18 [user1]:54]
[2026-08-05 19:08:53] [W-1] 🔧 开始处理 [user1] wang1680/sub
[2026-08-05 19:08:53] [W-1] ⏭️ [user1] 仓库 https://github.com/wang1680/sub 44h 未更新，跳过解析（无需追踪）
[2026-08-05 19:08:53] [W-15] ✅ 完成 [种子仓库] yangfh158/FreeNodes | 提取 0 | 新增 0 | 耗时 18s | 配额 4562/4800 11:08UTC | 主队列 61/200 发现队列 71/20000 [[fork1]:18 [user1]:53]
[2026-08-05 19:08:53] [W-15] 🔧 开始处理 [user1] wang1680/YouXuanIP
[2026-08-05 19:08:53] [W-15] ⏭️ [user1] 仓库 https://github.com/wang1680/YouXuanIP 98h 未更新，跳过解析（无需追踪）
[2026-08-05 19:08:53] [W-20] 🔗 [种子仓库] 开始 Fork 链追踪 (rrzt/FreeNodes)
[2026-08-05 19:08:53] [W-2]   [种子仓库] 父仓库: HakurouKen/free-node
[2026-08-05 19:08:53] [W-18] 仓库 https://github.com/cyj4215/FreeNodes 无候选文件 (总计 43 blob, 扩展名过滤 16, processed_shas 跳过 0, SHA 缓存跳过 27)
[2026-08-05 19:08:53] [W-18] 🔗 [种子仓库] 查子仓库: cyj4215/FreeNodes
[2026-08-05 19:08:53] [W-16]   [种子仓库] 父仓库: Barabama/FreeNodes
[2026-08-05 19:08:53] [W-16] ⏭️ [fork1] 仓库 https://github.com/Barabama/FreeNodes 已解析，跳过解析（无需追踪）
[2026-08-05 19:08:53] [W-16]   父仓库 +0 个节点
[2026-08-05 19:08:53] [W-8] 仓库 https://github.com/shenguidao/FreeNodes 无候选文件 (总计 41 blob, 扩展名过滤 15, processed_shas 跳过 0, SHA 缓存跳过 26)
[2026-08-05 19:08:53] [W-8] 🔗 [种子仓库] 查子仓库: shenguidao/FreeNodes
[2026-08-05 19:08:56] [W-6] 📦 批次 0001 已持久化: /home/runner/work/test-college/test-college/batches/no_batch_0001.txt (5614 个节点, 累计 5614 个) | 主队列 61/200 发现队列 70/20000 [[fork1]:18 [user1]:52]
[2026-08-05 19:08:56] [W-6] SHA 缓存已保存: 241916 条, 1 分片
[2026-08-05 19:08:56] [W-6] 🌱 加入种子: wanvfx/mb (+3290 节点)
[2026-08-05 19:08:57] [W-1] ✅ 完成 [user1] wang1680/sub | 提取 0 | 新增 0 | 耗时 0s | 配额 4556/4800 11:08UTC | 主队列 61/200 发现队列 70/20000 [[fork1]:18 [user1]:52]
[2026-08-05 19:08:57] [W-1] 🔧 开始处理 [user1] wang1680/AutoBuildImmortalWrt
[2026-08-05 19:08:57] [W-1] ⏭️ [user1] 仓库 https://github.com/wang1680/AutoBuildImmortalWrt 103h 未更新，跳过解析（无需追踪）
[2026-08-05 19:08:57] [W-15] ✅ 完成 [user1] wang1680/YouXuanIP | 提取 0 | 新增 0 | 耗时 0s | 配额 4556/4800 11:08UTC | 主队列 61/200 发现队列 69/20000 [[fork1]:18 [user1]:51]
[2026-08-05 19:08:57] [W-15] 🔧 开始处理 [user1] wang1680/KVideo
[2026-08-05 19:08:57] [W-15] ⏭️ [user1] 仓库 https://github.com/wang1680/KVideo 109h 未更新，跳过解析（无需追踪）
[2026-08-05 19:08:57] [W-22] 仓库 https://github.com/jiayou88/FreeNodes- 无候选文件 (总计 43 blob, 扩展名过滤 16, processed_shas 跳过 0, SHA 缓存跳过 27)
[2026-08-05 19:08:57] [W-22] 🔗 [种子仓库] 查子仓库: jiayou88/FreeNodes-
[2026-08-05 19:08:57] [W-19]   [种子仓库] 父仓库: danilo-znamerovszkij/draw-your-font
[2026-08-05 19:08:57] [W-19] [fork1] 仓库 https://github.com/danilo-znamerovszkij/draw-your-font (分支: main, size: 3996KB, pushed: 2026-08-05T07:48:36Z)
[2026-08-05 19:08:57] [W-17]   [种子仓库] 父仓库: danilo-znamerovszkij/draw-your-font
[2026-08-05 19:08:57] [W-17] [fork1] 仓库 https://github.com/danilo-znamerovszkij/draw-your-font (分支: main, size: 3996KB, pushed: 2026-08-05T07:48:36Z)
[2026-08-05 19:08:59] [W-15] ✅ 完成 [user1] wang1680/KVideo | 提取 0 | 新增 0 | 耗时 0s | 配额 4552/4800 11:08UTC | 主队列 61/200 发现队列 68/20000 [[fork1]:18 [user1]:50]
[2026-08-05 19:08:59] [W-15] 🔧 开始处理 [user1] wang1680/edgetunnel
[2026-08-05 19:08:59] [W-15] ⏭️ [user1] 仓库 https://github.com/wang1680/edgetunnel 161h 未更新，跳过解析（无需追踪）
[2026-08-05 19:08:59] [W-6] ✅ 完成 [user1] wanvfx/mb | 提取 4644 | 新增 3290 | 耗时 16s | 配额 4552/4800 11:08UTC | 主队列 61/200 发现队列 67/20000 [[fork1]:18 [user1]:49]
[2026-08-05 19:08:59] [W-7] 仓库 https://github.com/wang1680/notepad4 无候选文件 (总计 1040 blob, 扩展名过滤 1008, processed_shas 跳过 0, SHA 缓存跳过 32)
[2026-08-05 19:08:59] [W-6] 🔧 开始处理 [user1] wang1680/CloudFlare-ImgBed-Docs
[2026-08-05 19:08:59] [W-6] ⏭️ [user1] 仓库 https://github.com/wang1680/CloudFlare-ImgBed-Docs 162h 未更新，跳过解析（无需追踪）
[2026-08-05 19:08:59] [W-1] ✅ 完成 [user1] wang1680/AutoBuildImmortalWrt | 提取 0 | 新增 0 | 耗时 0s | 配额 4551/4800 11:08UTC | 主队列 61/200 发现队列 66/20000 [[fork1]:18 [user1]:48]
[2026-08-05 19:08:59] [W-1] 🔧 开始处理 [user1] wang1680/Telegraph-Image
[2026-08-05 19:08:59] [W-1] ⏭️ [user1] 仓库 https://github.com/wang1680/Telegraph-Image 主要语言 HTML，跳过
[2026-08-05 19:08:59] [W-8] 🔗 [种子仓库] 开始 Fork 链追踪 (shenguidao/FreeNodes)
[2026-08-05 19:08:59] [W-22] 🔗 [种子仓库] 开始 Fork 链追踪 (jiayou88/FreeNodes-)
[2026-08-05 19:08:59] [W-11]   👤 用户仓库: 24 个 → 主队列 61/200 发现队列 89/20000 [[fork1]:18 [user1]:71]
[2026-08-05 19:08:59] [W-11]   用户 chengege666 共查 24 个仓库
[2026-08-05 19:08:59] [W-18] 🔗 [种子仓库] 开始 Fork 链追踪 (cyj4215/FreeNodes)
[2026-08-05 19:08:59] [W-3] 仓库 https://github.com/danilo-znamerovszkij/draw-your-font 无候选文件 (总计 33 blob, 扩展名过滤 24, processed_shas 跳过 0, SHA 缓存跳过 9)
[2026-08-05 19:08:59] [W-3] 📝 已处理缓存: danilo-znamerovszkij/draw-your-font
[2026-08-05 19:08:59] [W-3]   父仓库 +0 个节点
[2026-08-05 19:08:59] [W-20]   [种子仓库] 父仓库: Barabama/FreeNodes
[2026-08-05 19:08:59] [W-20] ⏭️ [fork1] 仓库 https://github.com/Barabama/FreeNodes 已解析，跳过解析（无需追踪）
[2026-08-05 19:08:59] [W-20]   父仓库 +0 个节点
[2026-08-05 19:08:59] [W-2] 👤 [种子仓库] 遍历用户仓库: PENZA84
[2026-08-05 19:08:59] [W-21] 仓库 https://github.com/wang1680/TVAPP 候选文件 26 个
[2026-08-05 19:08:59] [W-13] 仓库 https://github.com/wang1680/free 候选文件 3 个
[2026-08-05 19:08:59] [W-5] 仓库 https://github.com/wang1680/iptv-sources 无候选文件 (总计 9 blob, 扩展名过滤 8, processed_shas 跳过 0, SHA 缓存跳过 1)
[2026-08-05 19:08:59] [W-10] 仓库 https://github.com/wang1680/WorkerVless2sub 无候选文件 (总计 12 blob, 扩展名过滤 5, processed_shas 跳过 0, SHA 缓存跳过 7)
[2026-08-05 19:08:59] [W-12] 仓库 https://github.com/wang1680/migu_video 候选文件 2 个
[2026-08-05 19:08:59] [W-4] 仓库 https://github.com/wang1680/v2ray-configs 候选文件较多 (103 个)，先通过 commits API 过滤
[2026-08-05 19:08:59] [W-23] 仓库 https://github.com/wang1680/alist-tvbox 候选文件较多 (167 个)，先通过 commits API 过滤
[2026-08-05 19:08:59] [W-19] 仓库 https://github.com/danilo-znamerovszkij/draw-your-font 无候选文件 (总计 33 blob, 扩展名过滤 24, processed_shas 跳过 0, SHA 缓存跳过 9)
[2026-08-05 19:08:59] [W-19]   父仓库 +0 个节点
[2026-08-05 19:08:59] [W-0] 仓库 https://github.com/wang1680/webhtv 候选文件 15 个
[2026-08-05 19:08:59] [W-9] 仓库 https://github.com/wang1680/talebook 候选文件较多 (129 个)，先通过 commits API 过滤
[2026-08-05 19:08:59] [W-16] 👤 [种子仓库] 遍历用户仓库: gwcctv
[2026-08-05 19:08:59] [W-15] ✅ 完成 [user1] wang1680/edgetunnel | 提取 0 | 新增 0 | 耗时 0s | 配额 4533/4800 11:08UTC | 主队列 61/200 发现队列 89/20000 [[fork1]:18 [user1]:71]
[2026-08-05 19:08:59] [W-15] 🔧 开始处理 [user1] wang1680/TV-zb
[2026-08-05 19:08:59] [W-15] ⏭️ [user1] 仓库 https://github.com/wang1680/TV-zb 309h 未更新，跳过解析（无需追踪）
[2026-08-05 19:08:59] [W-7] ✅ 完成 [user1] wang1680/notepad4 | 提取 0 | 新增 0 | 耗时 6s | 配额 4533/4800 11:08UTC | 主队列 61/200 发现队列 88/20000 [[fork1]:18 [user1]:70]
[2026-08-05 19:08:59] [W-7] 🔧 开始处理 [user1] wang1680/sublink-worker
[2026-08-05 19:08:59] [W-7] ⏭️ [user1] 仓库 https://github.com/wang1680/sublink-worker 403h 未更新，跳过解析（无需追踪）
[2026-08-05 19:08:59] [W-6] ✅ 完成 [user1] wang1680/CloudFlare-ImgBed-Docs | 提取 0 | 新增 0 | 耗时 0s | 配额 4533/4800 11:08UTC | 主队列 61/200 发现队列 87/20000 [[fork1]:18 [user1]:69]
[2026-08-05 19:08:59] [W-6] 🔧 开始处理 [user1] wang1680/Sink
[2026-08-05 19:08:59] [W-6] ⏭️ [user1] 仓库 https://github.com/wang1680/Sink 414h 未更新，跳过解析（无需追踪）
[2026-08-05 19:08:59] [W-6] ✅ 完成 [user1] wang1680/Sink | 提取 0 | 新增 0 | 耗时 0s | 配额 4533/4800 11:08UTC | 主队列 61/200 发现队列 86/20000 [[fork1]:18 [user1]:68]
[2026-08-05 19:08:59] [W-6] 🔧 开始处理 [user1] wang1680/qiandao-templates
[2026-08-05 19:08:59] [W-6] ⏭️ [user1] 仓库 https://github.com/wang1680/qiandao-templates 460h 未更新，跳过解析（无需追踪）
[2026-08-05 19:09:00] [W-13] 🌱 加入种子: wang1680/free (+3 节点)
[2026-08-05 19:09:03] [W-11] ✅ 完成 [种子仓库] chengege666/FreeNodes | 提取 0 | 新增 0 | 耗时 27s | 配额 4533/4800 11:08UTC | 主队列 61/200 发现队列 85/20000 [[fork1]:18 [user1]:67]
[2026-08-05 19:09:03] [W-11] 🔧 开始处理 [user1] wang1680/CloudFlare-ImgBed
[2026-08-05 19:09:03] [W-11] ⏭️ [user1] 仓库 https://github.com/wang1680/CloudFlare-ImgBed 599h 未更新，跳过解析（无需追踪）
[2026-08-05 19:09:11] [W-5] ✅ 完成 [user1] wang1680/iptv-sources | 提取 0 | 新增 0 | 耗时 6s | 配额 4533/4800 11:08UTC | 主队列 61/200 发现队列 84/20000 [[fork1]:18 [user1]:66]
[2026-08-05 19:09:11] [W-5] 🔧 开始处理 [user1] wang1680/epeius
[2026-08-05 19:09:11] [W-5] ⏭️ [user1] 仓库 https://github.com/wang1680/epeius 613h 未更新，跳过解析（无需追踪）
[2026-08-05 19:09:11] [W-10] ✅ 完成 [user1] wang1680/WorkerVless2sub | 提取 0 | 新增 0 | 耗时 6s | 配额 4533/4800 11:08UTC | 主队列 61/200 发现队列 83/20000 [[fork1]:18 [user1]:65]
[2026-08-05 19:09:11] [W-10] 🔧 开始处理 [user1] wang1680/subconverter
[2026-08-05 19:09:11] [W-10] ⏭️ [user1] 仓库 https://github.com/wang1680/subconverter 626h 未更新，跳过解析（无需追踪）
[2026-08-05 19:09:11] [W-15] ✅ 完成 [user1] wang1680/TV-zb | 提取 0 | 新增 0 | 耗时 0s | 配额 4533/4800 11:08UTC | 主队列 61/200 发现队列 82/20000 [[fork1]:18 [user1]:64]
[2026-08-05 19:09:11] [W-15] 🔧 开始处理 [user1] wang1680/PickTV
[2026-08-05 19:09:11] [W-15] ⏭️ [user1] 仓库 https://github.com/wang1680/PickTV 652h 未更新，跳过解析（无需追踪）
[2026-08-05 19:09:11] [W-7] ✅ 完成 [user1] wang1680/sublink-worker | 提取 0 | 新增 0 | 耗时 0s | 配额 4533/4800 11:08UTC | 主队列 61/200 发现队列 81/20000 [[fork1]:18 [user1]:63]
[2026-08-05 19:09:11] [W-7] 🔧 开始处理 [user1] wang1680/m3u
[2026-08-05 19:09:11] [W-7] ⏭️ [user1] 仓库 https://github.com/wang1680/m3u 658h 未更新，跳过解析（无需追踪）
[2026-08-05 19:09:11] [W-6] ✅ 完成 [user1] wang1680/qiandao-templates | 提取 0 | 新增 0 | 耗时 0s | 配额 4533/4800 11:08UTC | 主队列 61/200 发现队列 80/20000 [[fork1]:18 [user1]:62]
[2026-08-05 19:09:11] [W-6] 🔧 开始处理 [user1] wang1680/TVlive
[2026-08-05 19:09:11] [W-6] ⏭️ [user1] 仓库 https://github.com/wang1680/TVlive 846h 未更新，跳过解析（无需追踪）
[2026-08-05 19:09:11] [W-1] ✅ 完成 [user1] wang1680/Telegraph-Image | 提取 0 | 新增 0 | 耗时 0s | 配额 4533/4800 11:08UTC | 主队列 61/200 发现队列 79/20000 [[fork1]:18 [user1]:61]
[2026-08-05 19:09:11] [W-1] 🔧 开始处理 [user1] wang1680/Cloudflare-vless-trojan
[2026-08-05 19:09:11] [W-1] ⏭️ [user1] 仓库 https://github.com/wang1680/Cloudflare-vless-trojan 1009h 未更新，跳过解析（无需追踪）
[2026-08-05 19:09:11] [W-14]   👤 用户仓库: 30 个 → 主队列 61/200 发现队列 108/20000 [[fork1]:18 [user1]:90]
[2026-08-05 19:09:11] [W-14]   用户 HakurouKen 共查 30 个仓库
[2026-08-05 19:09:11] [W-17] 仓库 https://github.com/danilo-znamerovszkij/draw-your-font 无候选文件 (总计 33 blob, 扩展名过滤 24, processed_shas 跳过 0, SHA 缓存跳过 9)
[2026-08-05 19:09:11] [W-17]   父仓库 +0 个节点
[2026-08-05 19:09:11] [W-12] ✅ 完成 [user1] wang1680/migu_video | 提取 0 | 新增 0 | 耗时 7s | 配额 4531/4800 11:09UTC | 主队列 61/200 发现队列 108/20000 [[fork1]:18 [user1]:90]
[2026-08-05 19:09:11] [W-13] ✅ 完成 [user1] wang1680/free | 提取 24 | 新增 3 | 耗时 7s | 配额 4531/4800 11:09UTC | 主队列 61/200 发现队列 107/20000 [[fork1]:18 [user1]:89]
[2026-08-05 19:09:11] [W-21] ✅ 完成 [user1] wang1680/TVAPP | 提取 0 | 新增 0 | 耗时 8s | 配额 4531/4800 11:09UTC | 主队列 61/200 发现队列 106/20000 [[fork1]:18 [user1]:88]
[2026-08-05 19:09:11] [W-13] 🔧 开始处理 [user1] wang1680/xyqonlinerule
[2026-08-05 19:09:11] [W-13] ⏭️ [user1] 仓库 https://github.com/wang1680/xyqonlinerule 1326h 未更新，跳过解析（无需追踪）
[2026-08-05 19:09:11] [W-21] 🔧 开始处理 [fork1] Mehdigt730/free-node
[2026-08-05 19:09:11] [W-21] ⏭️ [fork1] 仓库 https://github.com/Mehdigt730/free-node 21287h 未更新，跳过解析（无需追踪）
[2026-08-05 19:09:11] [W-0] ✅ 完成 [user1] wang1680/webhtv | 提取 0 | 新增 0 | 耗时 8s | 配额 4531/4800 11:09UTC | 主队列 61/200 发现队列 105/20000 [[fork1]:17 [user1]:88]
[2026-08-05 19:09:11] [W-12] 🔧 开始处理 [user1] wang1680/pansou
[2026-08-05 19:09:11] [W-12] ⏭️ [user1] 仓库 https://github.com/wang1680/pansou 1244h 未更新，跳过解析（无需追踪）
[2026-08-05 19:09:11] [W-0] 🔧 开始处理 [fork1] aqjiuweng/free-node
[2026-08-05 19:09:11] [W-0] ⏭️ [fork1] 仓库 https://github.com/aqjiuweng/free-node 11447h 未更新，跳过解析（无需追踪）
[2026-08-05 19:09:11] [W-8]   [种子仓库] 父仓库: Barabama/FreeNodes
[2026-08-05 19:09:11] [W-8] ⏭️ [fork1] 仓库 https://github.com/Barabama/FreeNodes 已解析，跳过解析（无需追踪）
[2026-08-05 19:09:11] [W-8]   父仓库 +0 个节点
[2026-08-05 19:09:11] [W-11] ✅ 完成 [user1] wang1680/CloudFlare-ImgBed | 提取 0 | 新增 0 | 耗时 0s | 配额 4530/4800 11:09UTC | 主队列 61/200 发现队列 104/20000 [[fork1]:16 [user1]:88]
[2026-08-05 19:09:11] [W-11] 🔧 开始处理 [fork1] hexiaokun85/free-node
[2026-08-05 19:09:11] [W-11] ⏭️ [fork1] 仓库 https://github.com/hexiaokun85/free-node 15922h 未更新，跳过解析（无需追踪）
[2026-08-05 19:09:11] [W-22]   [种子仓库] 父仓库: Barabama/FreeNodes
[2026-08-05 19:09:11] [W-22] ⏭️ [fork1] 仓库 https://github.com/Barabama/FreeNodes 已解析，跳过解析（无需追踪）
[2026-08-05 19:09:11] [W-22]   父仓库 +0 个节点
[2026-08-05 19:09:11] [W-18]   [种子仓库] 父仓库: Barabama/FreeNodes
[2026-08-05 19:09:11] [W-18] ⏭️ [fork1] 仓库 https://github.com/Barabama/FreeNodes 已解析，跳过解析（无需追踪）
[2026-08-05 19:09:11] [W-18]   父仓库 +0 个节点
[2026-08-05 19:09:11] [W-3]   🍴 兄弟仓库: 54 个 → 主队列 61/200 发现队列 157/20000 [[fork1]:69 [user1]:88]
[2026-08-05 19:09:11] [W-3] 👤 [种子仓库] 遍历用户仓库: cheryomukhin
[2026-08-05 19:09:11] [W-20] 👤 [种子仓库] 遍历用户仓库: rrzt
[2026-08-05 19:09:11] [W-5] ✅ 完成 [user1] wang1680/epeius | 提取 0 | 新增 0 | 耗时 0s | 配额 4526/4800 11:09UTC | 主队列 61/200 发现队列 157/20000 [[fork1]:69 [user1]:88]
[2026-08-05 19:09:11] [W-5] 🔧 开始处理 [fork1] anupamme/free-node
[2026-08-05 19:09:11] [W-5] ⏭️ [fork1] 仓库 https://github.com/anupamme/free-node 127h 未更新，跳过解析（无需追踪）
[2026-08-05 19:09:11] [W-10] ✅ 完成 [user1] wang1680/subconverter | 提取 0 | 新增 0 | 耗时 0s | 配额 4526/4800 11:09UTC | 主队列 61/200 发现队列 156/20000 [[fork1]:68 [user1]:88]
[2026-08-05 19:09:11] [W-10] 🔧 开始处理 [fork1] Ehsanh1991/freenodeehsan
[2026-08-05 19:09:11] [W-10] ⏭️ [fork1] 仓库 https://github.com/Ehsanh1991/freenodeehsan 1077h 未更新，跳过解析（无需追踪）
[2026-08-05 19:09:11] [W-15] ✅ 完成 [user1] wang1680/PickTV | 提取 0 | 新增 0 | 耗时 0s | 配额 4526/4800 11:09UTC | 主队列 61/200 发现队列 155/20000 [[fork1]:67 [user1]:88]
[2026-08-05 19:09:11] [W-15] 🔧 开始处理 [fork1] DongJiHui/free-node
[2026-08-05 19:09:11] [W-15] ⏭️ [fork1] 仓库 https://github.com/DongJiHui/free-node 4726h 未更新，跳过解析（无需追踪）
[2026-08-05 19:09:11] [W-7] ✅ 完成 [user1] wang1680/m3u | 提取 0 | 新增 0 | 耗时 0s | 配额 4526/4800 11:09UTC | 主队列 61/200 发现队列 154/20000 [[fork1]:66 [user1]:88]
[2026-08-05 19:09:11] [W-7] 🔧 开始处理 [fork1] ahmad1377q/free-node
[2026-08-05 19:09:11] [W-7] ⏭️ [fork1] 仓库 https://github.com/ahmad1377q/free-node 9345h 未更新，跳过解析（无需追踪）
[2026-08-05 19:09:11] [W-6] ✅ 完成 [user1] wang1680/TVlive | 提取 0 | 新增 0 | 耗时 0s | 配额 4526/4800 11:09UTC | 主队列 61/200 发现队列 153/20000 [[fork1]:65 [user1]:88]
[2026-08-05 19:09:11] [W-6] 🔧 开始处理 [fork1] run-my-job/free-node
[2026-08-05 19:09:11] [W-6] ⏭️ [fork1] 仓库 https://github.com/run-my-job/free-node 9465h 未更新，跳过解析（无需追踪）
[2026-08-05 19:09:11] [W-6] ✅ 完成 [fork1] run-my-job/free-node | 提取 0 | 新增 0 | 耗时 0s | 配额 4526/4800 11:09UTC | 主队列 61/200 发现队列 152/20000 [[fork1]:64 [user1]:88]
[2026-08-05 19:09:11] [W-6] 🔧 开始处理 [fork1] realmasoud65/free-node
[2026-08-05 19:09:11] [W-6] ⏭️ [fork1] 仓库 https://github.com/realmasoud65/free-node 11470h 未更新，跳过解析（无需追踪）
[2026-08-05 19:09:11] [W-14] ✅ 完成 [种子仓库] HakurouKen/free-node | 提取 16 | 新增 0 | 耗时 39s | 配额 4526/4800 11:09UTC | 主队列 61/200 发现队列 151/20000 [[fork1]:63 [user1]:88]
[2026-08-05 19:09:11] [W-14] 🔧 开始处理 [fork1] xiangGithubCom/free-node
[2026-08-05 19:09:11] [W-14] ⏭️ [fork1] 仓库 https://github.com/xiangGithubCom/free-node 13762h 未更新，跳过解析（无需追踪）
[2026-08-05 19:09:13] [W-13] ✅ 完成 [user1] wang1680/xyqonlinerule | 提取 0 | 新增 0 | 耗时 0s | 配额 4526/4800 11:09UTC | 主队列 61/200 发现队列 150/20000 [[fork1]:62 [user1]:88]
[2026-08-05 19:09:13] [W-13] 🔧 开始处理 [fork1] a313132121/free-node
[2026-08-05 19:09:13] [W-13] ⏭️ [fork1] 仓库 https://github.com/a313132121/free-node 30634h 未更新，跳过解析（无需追踪）
[2026-08-05 19:09:13] [W-21] ✅ 完成 [fork1] Mehdigt730/free-node | 提取 0 | 新增 0 | 耗时 0s | 配额 4526/4800 11:09UTC | 主队列 61/200 发现队列 149/20000 [[fork1]:61 [user1]:88]
[2026-08-05 19:09:13] [W-21] 🔧 开始处理 [fork1] reymo021/free-node
[2026-08-05 19:09:13] [W-21] ⏭️ [fork1] 仓库 https://github.com/reymo021/free-node 18226h 未更新，跳过解析（无需追踪）
[2026-08-05 19:09:13] [W-12] ✅ 完成 [user1] wang1680/pansou | 提取 0 | 新增 0 | 耗时 0s | 配额 4526/4800 11:09UTC | 主队列 61/200 发现队列 148/20000 [[fork1]:60 [user1]:88]
[2026-08-05 19:09:13] [W-12] 🔧 开始处理 [fork1] umarsandhu-a11y/free-node
[2026-08-05 19:09:13] [W-12] ⏭️ [fork1] 仓库 https://github.com/umarsandhu-a11y/free-node 18311h 未更新，跳过解析（无需追踪）
[2026-08-05 19:09:13] [W-0] ✅ 完成 [fork1] aqjiuweng/free-node | 提取 0 | 新增 0 | 耗时 0s | 配额 4526/4800 11:09UTC | 主队列 61/200 发现队列 147/20000 [[fork1]:59 [user1]:88]
[2026-08-05 19:09:13] [W-0] 🔧 开始处理 [fork1] Mahdixn/free-node
[2026-08-05 19:09:13] [W-0] ⏭️ [fork1] 仓库 https://github.com/Mahdixn/free-node 18311h 未更新，跳过解析（无需追踪）
[2026-08-05 19:09:13] [W-0] ✅ 完成 [fork1] Mahdixn/free-node | 提取 0 | 新增 0 | 耗时 0s | 配额 4526/4800 11:09UTC | 主队列 61/200 发现队列 146/20000 [[fork1]:58 [user1]:88]
[2026-08-05 19:09:13] [W-0] 🔧 开始处理 [fork1] DiabloNova/free-node
[2026-08-05 19:09:13] [W-0] ⏭️ [fork1] 仓库 https://github.com/DiabloNova/free-node 18994h 未更新，跳过解析（无需追踪）
[2026-08-05 19:09:13] [W-11] ✅ 完成 [fork1] hexiaokun85/free-node | 提取 0 | 新增 0 | 耗时 0s | 配额 4526/4800 11:09UTC | 主队列 61/200 发现队列 145/20000 [[fork1]:57 [user1]:88]
[2026-08-05 19:09:13] [W-11] 🔧 开始处理 [fork1] Yas907/free-node
[2026-08-05 19:09:13] [W-11] ⏭️ [fork1] 仓库 https://github.com/Yas907/free-node 19018h 未更新，跳过解析（无需追踪）
[2026-08-05 19:09:15] [W-5] ✅ 完成 [fork1] anupamme/free-node | 提取 0 | 新增 0 | 耗时 0s | 配额 4526/4800 11:09UTC | 主队列 61/200 发现队列 144/20000 [[fork1]:56 [user1]:88]
[2026-08-05 19:09:15] [W-5] 🔧 开始处理 [fork1] na3erlove1375/free-node
[2026-08-05 19:09:15] [W-5] ⏭️ [fork1] 仓库 https://github.com/na3erlove1375/free-node 22378h 未更新，跳过解析（无需追踪）
[2026-08-05 19:09:15] [W-10] ✅ 完成 [fork1] Ehsanh1991/freenodeehsan | 提取 0 | 新增 0 | 耗时 0s | 配额 4526/4800 11:09UTC | 主队列 61/200 发现队列 143/20000 [[fork1]:55 [user1]:88]
[2026-08-05 19:09:15] [W-10] 🔧 开始处理 [fork1] lsdnabc/free-node
[2026-08-05 19:09:15] [W-10] ⏭️ [fork1] 仓库 https://github.com/lsdnabc/free-node 28834h 未更新，跳过解析（无需追踪）
[2026-08-05 19:09:15] [W-15] ✅ 完成 [fork1] DongJiHui/free-node | 提取 0 | 新增 0 | 耗时 0s | 配额 4526/4800 11:09UTC | 主队列 61/200 发现队列 142/20000 [[fork1]:54 [user1]:88]
[2026-08-05 19:09:15] [W-15] 🔧 开始处理 [user1] luochen1975/NiceVPN123-NiceVPN
[2026-08-05 19:09:15] [W-15] [user1] 仓库 https://github.com/luochen1975/NiceVPN123-NiceVPN (分支: main, size: 4836969KB, pushed: 2026-08-05T11:04:27Z)
[2026-08-05 19:09:15] [W-7] ✅ 完成 [fork1] ahmad1377q/free-node | 提取 0 | 新增 0 | 耗时 0s | 配额 4526/4800 11:09UTC | 主队列 61/200 发现队列 141/20000 [[fork1]:54 [user1]:87]
[2026-08-05 19:09:15] [W-7] 🔧 开始处理 [user1] luochen1975/clound-iptv-sources
[2026-08-05 19:09:15] [W-7] [user1] 仓库 https://github.com/luochen1975/clound-iptv-sources (分支: main, size: 1638KB, pushed: 2026-08-05T10:45:24Z)
[2026-08-05 19:09:15] [W-6] ✅ 完成 [fork1] realmasoud65/free-node | 提取 0 | 新增 0 | 耗时 0s | 配额 4526/4800 11:09UTC | 主队列 61/200 发现队列 140/20000 [[fork1]:54 [user1]:86]
[2026-08-05 19:09:15] [W-6] 🔧 开始处理 [user1] luochen1975/CF-Proxyip
[2026-08-05 19:09:15] [W-6] [user1] 仓库 https://github.com/luochen1975/CF-Proxyip (分支: main, size: 9571KB, pushed: 2026-08-05T10:38:38Z)
[2026-08-05 19:09:15] [W-1] ✅ 完成 [user1] wang1680/Cloudflare-vless-trojan | 提取 0 | 新增 0 | 耗时 0s | 配额 4526/4800 11:09UTC | 主队列 61/200 发现队列 139/20000 [[fork1]:54 [user1]:85]
[2026-08-05 19:09:15] [W-1] 🔧 开始处理 [user1] luochen1975/xiaosa_tvbox-liyan1972
[2026-08-05 19:09:15] [W-1] [user1] 仓库 https://github.com/luochen1975/xiaosa_tvbox-liyan1972 (分支: main, size: 19173KB, pushed: 2026-08-05T10:25:57Z)
[2026-08-05 19:09:15] [W-14] ✅ 完成 [fork1] xiangGithubCom/free-node | 提取 0 | 新增 0 | 耗时 0s | 配额 4526/4800 11:09UTC | 主队列 61/200 发现队列 138/20000 [[fork1]:54 [user1]:84]
[2026-08-05 19:09:15] [W-14] 🔧 开始处理 [user1] luochen1975/2026myvt
[2026-08-05 19:09:15] [W-14] [user1] 仓库 https://github.com/luochen1975/2026myvt (分支: main, size: 176102KB, pushed: 2026-08-05T09:49:58Z)
[2026-08-05 19:09:15] [W-19] 👤 [种子仓库] 遍历用户仓库: dhiaeddine-ayh
[2026-08-05 19:09:15] [W-13] ✅ 完成 [fork1] a313132121/free-node | 提取 0 | 新增 0 | 耗时 0s | 配额 4522/4800 11:09UTC | 主队列 61/200 发现队列 137/20000 [[fork1]:54 [user1]:83]
[2026-08-05 19:09:15] [W-13] 🔧 开始处理 [user1] luochen1975/auto-sub_tyy840913
[2026-08-05 19:09:15] [W-13] [user1] 仓库 https://github.com/luochen1975/auto-sub_tyy840913 (分支: main, size: 1684027KB, pushed: 2026-08-05T09:21:06Z)
[2026-08-05 19:09:15] [W-21] ✅ 完成 [fork1] reymo021/free-node | 提取 0 | 新增 0 | 耗时 0s | 配额 4522/4800 11:09UTC | 主队列 61/200 发现队列 136/20000 [[fork1]:54 [user1]:82]
[2026-08-05 19:09:15] [W-21] 🔧 开始处理 [user1] luochen1975/maimengmeng-mysub
[2026-08-05 19:09:15] [W-21] [user1] 仓库 https://github.com/luochen1975/maimengmeng-mysub (分支: main, size: 169529KB, pushed: 2026-08-05T09:19:43Z)
[2026-08-05 19:09:15] [W-12] ✅ 完成 [fork1] umarsandhu-a11y/free-node | 提取 0 | 新增 0 | 耗时 0s | 配额 4522/4800 11:09UTC | 主队列 61/200 发现队列 135/20000 [[fork1]:54 [user1]:81]
[2026-08-05 19:09:15] [W-12] 🔧 开始处理 [user1] luochen1975/chromego_merge
[2026-08-05 19:09:15] [W-12] [user1] 仓库 https://github.com/luochen1975/chromego_merge (分支: main, size: 121083KB, pushed: 2026-08-05T08:39:25Z)
[2026-08-05 19:09:15] [W-0] ✅ 完成 [fork1] DiabloNova/free-node | 提取 0 | 新增 0 | 耗时 0s | 配额 4522/4800 11:09UTC | 主队列 61/200 发现队列 134/20000 [[fork1]:54 [user1]:80]
[2026-08-05 19:09:15] [W-0] 🔧 开始处理 [user1] luochen1975/moneyfly1-highnodes
[2026-08-05 19:09:15] [W-0] [user1] 仓库 https://github.com/luochen1975/moneyfly1-highnodes (分支: main, size: 130408KB, pushed: 2026-08-05T08:38:37Z)
[2026-08-05 19:09:17] [W-11] ✅ 完成 [fork1] Yas907/free-node | 提取 0 | 新增 0 | 耗时 0s | 配额 4522/4800 11:09UTC | 主队列 61/200 发现队列 133/20000 [[fork1]:54 [user1]:79]
[2026-08-05 19:09:17] [W-11] 🔧 开始处理 [user1] luochen1975/YaChengMu_Free-Node
[2026-08-05 19:09:17] [W-11] [user1] 仓库 https://github.com/luochen1975/YaChengMu_Free-Node (分支: main, size: 364321KB, pushed: 2026-08-05T08:32:27Z)
[2026-08-05 19:09:17] [W-17] 👤 [种子仓库] 遍历用户仓库: soufranciscoescola-png
[2026-08-05 19:09:17] [W-5] ✅ 完成 [fork1] na3erlove1375/free-node | 提取 0 | 新增 0 | 耗时 0s | 配额 4520/4800 11:09UTC | 主队列 61/200 发现队列 132/20000 [[fork1]:54 [user1]:78]
[2026-08-05 19:09:17] [W-5] 🔧 开始处理 [user1] luochen1975/freeNode
[2026-08-05 19:09:17] [W-5] [user1] 仓库 https://github.com/luochen1975/freeNode (分支: main, size: 45662KB, pushed: 2026-08-05T06:50:22Z)
[2026-08-05 19:09:17] [W-10] ✅ 完成 [fork1] lsdnabc/free-node | 提取 0 | 新增 0 | 耗时 0s | 配额 4520/4800 11:09UTC | 主队列 61/200 发现队列 131/20000 [[fork1]:54 [user1]:77]
[2026-08-05 19:09:17] [W-10] 🔧 开始处理 [user1] luochen1975/IPTV-alantang
[2026-08-05 19:09:17] [W-10] [user1] 仓库 https://github.com/luochen1975/IPTV-alantang (分支: main, size: 574821KB, pushed: 2026-08-05T06:36:02Z)
[2026-08-05 19:09:19] [W-22] 👤 [种子仓库] 遍历用户仓库: jiayou88
[2026-08-05 19:09:19] [W-18] 👤 [种子仓库] 遍历用户仓库: cyj4215
[2026-08-05 19:09:23] [W-8] 👤 [种子仓库] 遍历用户仓库: shenguidao
[2026-08-05 19:09:23] [W-1] 仓库 https://github.com/luochen1975/xiaosa_tvbox-liyan1972 候选文件 2 个
[2026-08-05 19:09:23] [W-12] 仓库 https://github.com/luochen1975/chromego_merge 候选文件 1 个
[2026-08-05 19:09:23] [W-14] 仓库 https://github.com/luochen1975/2026myvt 候选文件 3 个
[2026-08-05 19:09:23] [W-15] 仓库 https://github.com/luochen1975/NiceVPN123-NiceVPN 候选文件较多 (423 个)，先通过 commits API 过滤
[2026-08-05 19:09:23] [W-21] 仓库 https://github.com/luochen1975/maimengmeng-mysub 候选文件 2 个
[2026-08-05 19:09:23] [W-7] 仓库 https://github.com/luochen1975/clound-iptv-sources 无候选文件 (总计 101 blob, 扩展名过滤 73, processed_shas 跳过 0, SHA 缓存跳过 28)
[2026-08-05 19:09:23] [W-7] ✅ 完成 [user1] luochen1975/clound-iptv-sources | 提取 0 | 新增 0 | 耗时 8s | 配额 4506/4800 11:09UTC | 主队列 61/200 发现队列 130/20000 [[fork1]:54 [user1]:76]
[2026-08-05 19:09:23] [W-7] 🔧 开始处理 [user1] luochen1975/IPTV_SuperB
[2026-08-05 19:09:23] [W-7] [user1] 仓库 https://github.com/luochen1975/IPTV_SuperB (分支: main, size: 292497KB, pushed: 2026-08-05T06:31:18Z)
[2026-08-05 19:09:23] [W-0] 仓库 https://github.com/luochen1975/moneyfly1-highnodes 候选文件较多 (334 个)，先通过 commits API 过滤
[2026-08-05 19:09:23] [W-13] 仓库 https://github.com/luochen1975/auto-sub_tyy840913 候选文件 10 个
[2026-08-05 19:09:23] [W-11] 仓库 https://github.com/luochen1975/YaChengMu_Free-Node 候选文件 3 个
[2026-08-05 19:09:24] [W-12] 🌱 加入种子: luochen1975/chromego_merge (+24 节点)
[2026-08-05 19:09:26] [W-21] 🌱 加入种子: luochen1975/maimengmeng-mysub (+515 节点)
[2026-08-05 19:09:29] [W-6] 仓库 https://github.com/luochen1975/CF-Proxyip 候选文件 25 个
[2026-08-05 19:09:31] [W-3]   👤 用户仓库: 30 个 → 主队列 61/200 发现队列 159/20000 [[fork1]:54 [user1]:105]
[2026-08-05 19:09:31] [W-3]   用户 cheryomukhin 共查 30 个仓库
[2026-08-05 19:09:31] [W-20]   👤 用户仓库: 30 个 → 主队列 61/200 发现队列 189/20000 [[fork1]:54 [user1]:135]
[2026-08-05 19:09:31] [W-20]   用户 rrzt 共查 30 个仓库
[2026-08-05 19:09:31] [W-12] ✅ 完成 [user1] luochen1975/chromego_merge | 提取 38 | 新增 24 | 耗时 8s | 配额 4497/4800 11:09UTC | 主队列 61/200 发现队列 189/20000 [[fork1]:54 [user1]:135]
[2026-08-05 19:09:31] [W-5] 仓库 https://github.com/luochen1975/freeNode 候选文件 1 个
[2026-08-05 19:09:32] [W-12] 🔧 开始处理 [user1] luochen1975/iptv-auto-psdonald
[2026-08-05 19:09:32] [W-12] [user1] 仓库 https://github.com/luochen1975/iptv-auto-psdonald (分支: main, size: 426KB, pushed: 2026-08-05T06:12:23Z)
[2026-08-05 19:09:32] [W-1] ✅ 完成 [user1] luochen1975/xiaosa_tvbox-liyan1972 | 提取 0 | 新增 0 | 耗时 9s | 配额 4496/4800 11:09UTC | 主队列 61/200 发现队列 188/20000 [[fork1]:54 [user1]:134]
[2026-08-05 19:09:32] [W-1] 🔧 开始处理 [user1] luochen1975/iptv-auto
[2026-08-05 19:09:32] [W-1] [user1] 仓库 https://github.com/luochen1975/iptv-auto (分支: main, size: 105509KB, pushed: 2026-08-05T05:46:07Z)
[2026-08-05 19:09:32] [W-23]   Compare API 返回 11 个变更文件 (3 次 API 调用)
[2026-08-05 19:09:32] [W-23]   commits 过滤: 167 → 2 (变更文件 11 个)
[2026-08-05 19:09:32] [W-23] 仓库 https://github.com/wang1680/alist-tvbox 候选文件 2 个
[2026-08-05 19:09:32] [W-21] ✅ 完成 [user1] luochen1975/maimengmeng-mysub | 提取 911 | 新增 515 | 耗时 11s | 配额 4491/4800 11:09UTC | 主队列 61/200 发现队列 187/20000 [[fork1]:54 [user1]:133]
[2026-08-05 19:09:32] [W-10] 仓库 https://github.com/luochen1975/IPTV-alantang 候选文件 2 个
[2026-08-05 19:09:32] [W-21] 🔧 开始处理 [user1] luochen1975/collectSub
[2026-08-05 19:09:32] [W-21] [user1] 仓库 https://github.com/luochen1975/collectSub (分支: main, size: 318163KB, pushed: 2026-08-05T05:11:03Z)
[2026-08-05 19:09:32] [W-9]   Compare API 返回 9 个变更文件 (3 次 API 调用)
[2026-08-05 19:09:32] [W-9]   commits 过滤: 129 → 1 (变更文件 9 个)
[2026-08-05 19:09:32] [W-9] 仓库 https://github.com/wang1680/talebook 候选文件 1 个
[2026-08-05 19:09:32] [W-3] ✅ 完成 [种子仓库] cheryomukhin/draw-your-font | 提取 0 | 新增 0 | 耗时 58s | 配额 4487/4800 11:09UTC | 主队列 61/200 发现队列 186/20000 [[fork1]:54 [user1]:132]
[2026-08-05 19:09:32] [W-3] 🔧 开始处理 [user1] luochen1975/V2rayN_Clash_Node_Getter
[2026-08-05 19:09:32] [W-3] [user1] 仓库 https://github.com/luochen1975/V2rayN_Clash_Node_Getter (分支: main, size: 28403KB, pushed: 2026-08-05T03:19:14Z)
[2026-08-05 19:09:32] [W-20] ✅ 完成 [种子仓库] rrzt/FreeNodes | 提取 0 | 新增 0 | 耗时 55s | 配额 4487/4800 11:09UTC | 主队列 61/200 发现队列 185/20000 [[fork1]:54 [user1]:131]
[2026-08-05 19:09:32] [W-20] 🔧 开始处理 [user1] luochen1975/CTVLive2
[2026-08-05 19:09:32] [W-20] [user1] 仓库 https://github.com/luochen1975/CTVLive2 (分支: main, size: 434524KB, pushed: 2026-08-05T02:15:24Z)
[2026-08-05 19:09:32] [W-11] 🌱 加入种子: luochen1975/YaChengMu_Free-Node (+1620 节点)
[2026-08-05 19:09:33] [W-5] 🌱 加入种子: luochen1975/freeNode (+282 节点)
[2026-08-05 19:09:41] [W-19]   👤 用户仓库: 30 个 → 主队列 61/200 发现队列 214/20000 [[fork1]:54 [user1]:160]
[2026-08-05 19:09:41] [W-19]   用户 dhiaeddine-ayh 共查 30 个仓库
[2026-08-05 19:09:41] [W-11] ✅ 完成 [user1] luochen1975/YaChengMu_Free-Node | 提取 3491 | 新增 1620 | 耗时 15s | 配额 4485/4800 11:09UTC | 主队列 61/200 发现队列 214/20000 [[fork1]:54 [user1]:160]
[2026-08-05 19:09:41] [W-7] 仓库 https://github.com/luochen1975/IPTV_SuperB 候选文件 2 个
[2026-08-05 19:09:41] [W-11] 🔧 开始处理 [user1] luochen1975/collect-txt
[2026-08-05 19:09:41] [W-11] [user1] 仓库 https://github.com/luochen1975/collect-txt (分支: main, size: 990846KB, pushed: 2026-08-05T01:57:34Z)
[2026-08-05 19:09:41] [W-9] ✅ 完成 [user1] wang1680/talebook | 提取 0 | 新增 0 | 耗时 39s | 配额 4484/4800 11:09UTC | 主队列 61/200 发现队列 213/20000 [[fork1]:54 [user1]:159]
[2026-08-05 19:09:41] [W-9] 🔧 开始处理 [user1] luochen1975/Proxy
[2026-08-05 19:09:41] [W-9] [user1] 仓库 https://github.com/luochen1975/Proxy (分支: master, size: 90238KB, pushed: 2026-08-04T23:17:46Z)
[2026-08-05 19:09:41] [W-23] ✅ 完成 [user1] wang1680/alist-tvbox | 提取 0 | 新增 0 | 耗时 40s | 配额 4483/4800 11:09UTC | 主队列 61/200 发现队列 212/20000 [[fork1]:54 [user1]:158]
[2026-08-05 19:09:41] [W-5] ✅ 完成 [user1] luochen1975/freeNode | 提取 608 | 新增 282 | 耗时 16s | 配额 4483/4800 11:09UTC | 主队列 61/200 发现队列 211/20000 [[fork1]:54 [user1]:157]
[2026-08-05 19:09:41] [W-5] 🔧 开始处理 [user1] luochen1975/yuanzl77--IPTV
[2026-08-05 19:09:41] [W-5] [user1] 仓库 https://github.com/luochen1975/yuanzl77--IPTV (分支: main, size: 151025KB, pushed: 2026-08-04T22:48:52Z)
[2026-08-05 19:09:41] [W-23] 🔧 开始处理 [user1] luochen1975/Heiwk-iptv67
[2026-08-05 19:09:41] [W-23] [user1] 仓库 https://github.com/luochen1975/Heiwk-iptv67 (分支: main, size: 6865KB, pushed: 2026-08-04T22:57:21Z)
[2026-08-05 19:09:41] [W-18]   👤 用户仓库: 3 个 → 主队列 61/200 发现队列 213/20000 [[fork1]:54 [user1]:159]
[2026-08-05 19:09:41] [W-18]   用户 cyj4215 共查 3 个仓库
[2026-08-05 19:09:41] [W-12] 仓库 https://github.com/luochen1975/iptv-auto-psdonald 候选文件 2 个
[2026-08-05 19:09:41] [W-10] ✅ 完成 [user1] luochen1975/IPTV-alantang | 提取 0 | 新增 0 | 耗时 20s | 配额 4481/4800 11:09UTC | 主队列 61/200 发现队列 213/20000 [[fork1]:54 [user1]:159]
[2026-08-05 19:09:41] [W-1] 仓库 https://github.com/luochen1975/iptv-auto 候选文件 2 个
[2026-08-05 19:09:42] [W-10] 🔧 开始处理 [user1] luochen1975/CTVLive
[2026-08-05 19:09:42] [W-10] [user1] 仓库 https://github.com/luochen1975/CTVLive (分支: main, size: 991755KB, pushed: 2026-08-04T22:39:34Z)
[2026-08-05 19:09:43] [W-19] ✅ 完成 [种子仓库] dhiaeddine-ayh/draw-your-font | 提取 0 | 新增 0 | 耗时 66s | 配额 4480/4800 11:09UTC | 主队列 61/200 发现队列 212/20000 [[fork1]:54 [user1]:158]
[2026-08-05 19:09:43] [W-17]   👤 用户仓库: 30 个 → 主队列 61/200 发现队列 241/20000 [[fork1]:54 [user1]:187]
[2026-08-05 19:09:43] [W-17]   用户 soufranciscoescola-png 共查 30 个仓库
[2026-08-05 19:09:44] [W-19] 🔧 开始处理 [user1] luochen1975/xuexuguang-tvbox_spider
[2026-08-05 19:09:44] [W-19] [user1] 仓库 https://github.com/luochen1975/xuexuguang-tvbox_spider (分支: main, size: 6467KB, pushed: 2026-08-04T22:12:06Z)
[2026-08-05 19:09:44] [W-16]   👤 用户仓库: 30 个 → 主队列 61/200 发现队列 271/20000 [[fork1]:54 [user1]:217]
[2026-08-05 19:09:44] [W-16]   用户 gwcctv 共查 30 个仓库
[2026-08-05 19:09:46] [W-22]   👤 用户仓库: 30 个 → 主队列 61/200 发现队列 301/20000 [[fork1]:54 [user1]:247]
[2026-08-05 19:09:46] [W-22]   用户 jiayou88 共查 30 个仓库
[2026-08-05 19:09:46] [W-8]   👤 用户仓库: 30 个 → 主队列 61/200 发现队列 331/20000 [[fork1]:54 [user1]:277]
[2026-08-05 19:09:46] [W-8]   用户 shenguidao 共查 30 个仓库
[2026-08-05 19:09:48] [W-18] ✅ 完成 [种子仓库] cyj4215/FreeNodes | 提取 0 | 新增 0 | 耗时 64s | 配额 4475/4800 11:09UTC | 主队列 61/200 发现队列 331/20000 [[fork1]:54 [user1]:277]
[2026-08-05 19:09:48] [W-18] 🔧 开始处理 [user1] luochen1975/AutoIPTV-Hotel
[2026-08-05 19:09:48] [W-18] [user1] 仓库 https://github.com/luochen1975/AutoIPTV-Hotel (分支: main, size: 1147KB, pushed: 2026-08-04T22:04:15Z)
[2026-08-05 19:09:48] [W-3] 仓库 https://github.com/luochen1975/V2rayN_Clash_Node_Getter 候选文件 6 个
[2026-08-05 19:09:48] [W-17] ✅ 完成 [种子仓库] soufranciscoescola-png/Criar-fonte-TTF---BR---draw-your-font | 提取 0 | 新增 0 | 耗时 71s | 配额 4474/4800 11:09UTC | 主队列 61/200 发现队列 330/20000 [[fork1]:54 [user1]:276]
[2026-08-05 19:09:48] [W-17] 🔧 开始处理 [user1] luochen1975/IPTV-CCSH
[2026-08-05 19:09:48] [W-17] [user1] 仓库 https://github.com/luochen1975/IPTV-CCSH (分支: main, size: 484026KB, pushed: 2026-08-04T21:04:24Z)
[2026-08-05 19:09:48] [W-16] ✅ 完成 [种子仓库] gwcctv/FreeNodes | 提取 0 | 新增 0 | 耗时 72s | 配额 4474/4800 11:09UTC | 主队列 61/200 发现队列 329/20000 [[fork1]:54 [user1]:275]
[2026-08-05 19:09:48] [W-16] 🔧 开始处理 [user1] luochen1975/live
[2026-08-05 19:09:48] [W-16] [user1] 仓库 https://github.com/luochen1975/live (分支: main, size: 636072KB, pushed: 2026-08-04T18:50:11Z)
[2026-08-05 19:09:49] [W-22] ✅ 完成 [种子仓库] jiayou88/FreeNodes- | 提取 0 | 新增 0 | 耗时 67s | 配额 4472/4800 11:09UTC | 主队列 61/200 发现队列 328/20000 [[fork1]:54 [user1]:274]
[2026-08-05 19:09:49] [W-22] 🔧 开始处理 [user1] luochen1975/VIKINGYFY-CloseWRT-CI
[2026-08-05 19:09:49] [W-22] ⏭️ [user1] 仓库 https://github.com/luochen1975/VIKINGYFY-CloseWRT-CI 44h 未更新，跳过解析（无需追踪）
[2026-08-05 19:09:49] [W-21] 仓库 https://github.com/luochen1975/collectSub 候选文件较多 (1765 个)，先通过 commits API 过滤
[2026-08-05 19:09:49] [W-8] ✅ 完成 [种子仓库] shenguidao/FreeNodes | 提取 0 | 新增 0 | 耗时 67s | 配额 4472/4800 11:09UTC | 主队列 61/200 发现队列 327/20000 [[fork1]:54 [user1]:273]
[2026-08-05 19:09:49] [W-8] 🔧 开始处理 [user1] luochen1975/iori-nav
[2026-08-05 19:09:49] [W-8] ⏭️ [user1] 仓库 https://github.com/luochen1975/iori-nav 50h 未更新，跳过解析（无需追踪）
[2026-08-05 19:09:49] [W-2]   👤 用户仓库: 30 个 → 主队列 61/200 发现队列 356/20000 [[fork1]:54 [user1]:302]
[2026-08-05 19:09:49] [W-2]   用户 PENZA84 共查 30 个仓库
[2026-08-05 19:09:49] [W-9] 仓库 https://github.com/luochen1975/Proxy 候选文件 1 个
[2026-08-05 19:09:49] [W-12] ✅ 完成 [user1] luochen1975/iptv-auto-psdonald | 提取 0 | 新增 0 | 耗时 15s | 配额 4470/4800 11:09UTC | 主队列 61/200 发现队列 356/20000 [[fork1]:54 [user1]:302]
[2026-08-05 19:09:49] [W-7] ✅ 完成 [user1] luochen1975/IPTV_SuperB | 提取 0 | 新增 0 | 耗时 23s | 配额 4470/4800 11:09UTC | 主队列 61/200 发现队列 355/20000 [[fork1]:54 [user1]:301]
[2026-08-05 19:09:49] [W-12] 🔧 开始处理 [user1] luochen1975/MIHOMO_YAMLS
[2026-08-05 19:09:49] [W-12] [user1] 仓库 https://github.com/luochen1975/MIHOMO_YAMLS (分支: main, size: 145708KB, pushed: 2026-08-05T00:53:49Z)
[2026-08-05 19:09:49] [W-7] 🔧 开始处理 [user1] yangfh158/aggregator
[2026-08-05 19:09:49] [W-7] ⏭️ [user1] 仓库 https://github.com/yangfh158/aggregator 8267h 未更新，跳过解析（无需追踪）
[2026-08-05 19:09:49] [W-20] 仓库 https://github.com/luochen1975/CTVLive2 候选文件较多 (2358 个)，先通过 commits API 过滤
[2026-08-05 19:09:51] [W-22] ✅ 完成 [user1] luochen1975/VIKINGYFY-CloseWRT-CI | 提取 0 | 新增 0 | 耗时 0s | 配额 4469/4800 11:09UTC | 主队列 61/200 发现队列 354/20000 [[fork1]:54 [user1]:300]
[2026-08-05 19:09:51] [W-22] 🔧 开始处理 [user1] yangfh158/Free-SS-NODES
[2026-08-05 19:09:51] [W-22] ⏭️ [user1] 仓库 https://github.com/yangfh158/Free-SS-NODES 15165h 未更新，跳过解析（无需追踪）
[2026-08-05 19:09:51] [W-8] ✅ 完成 [user1] luochen1975/iori-nav | 提取 0 | 新增 0 | 耗时 0s | 配额 4469/4800 11:09UTC | 主队列 61/200 发现队列 353/20000 [[fork1]:54 [user1]:299]
[2026-08-05 19:09:51] [W-8] 🔧 开始处理 [user1] yangfh158/openshift
[2026-08-05 19:09:51] [W-8] ⏭️ [user1] 仓库 https://github.com/yangfh158/openshift 68548h 未更新，跳过解析（无需追踪）
[2026-08-05 19:09:51] [W-2] ✅ 完成 [种子仓库] PENZA84/free-node | 提取 0 | 新增 0 | 耗时 76s | 配额 4469/4800 11:09UTC | 主队列 61/200 发现队列 352/20000 [[fork1]:54 [user1]:298]
[2026-08-05 19:09:51] [W-2] 🔧 开始处理 [user1] yangfh158/smao
[2026-08-05 19:09:51] [W-2] ⏭️ [user1] 仓库 https://github.com/yangfh158/smao 68548h 未更新，跳过解析（无需追踪）
[2026-08-05 19:09:51] [W-5] 仓库 https://github.com/luochen1975/yuanzl77--IPTV 候选文件 1 个
[2026-08-05 19:09:51] [W-7] ✅ 完成 [user1] yangfh158/aggregator | 提取 0 | 新增 0 | 耗时 0s | 配额 4468/4800 11:09UTC | 主队列 61/200 发现队列 351/20000 [[fork1]:54 [user1]:297]
[2026-08-05 19:09:51] [W-7] 🔧 开始处理 [user1] chengege666/ipcs
[2026-08-05 19:09:51] [W-7] ⏭️ [user1] 仓库 https://github.com/chengege666/ipcs 256h 未更新，跳过解析（无需追踪）
[2026-08-05 19:09:51] [W-11] 仓库 https://github.com/luochen1975/collect-txt 候选文件较多 (188 个)，先通过 commits API 过滤
[2026-08-05 19:09:51] [W-23] 仓库 https://github.com/luochen1975/Heiwk-iptv67 无候选文件 (总计 6 blob, 扩展名过滤 3, processed_shas 跳过 0, SHA 缓存跳过 3)
[2026-08-05 19:09:51] [W-10] 仓库 https://github.com/luochen1975/CTVLive 候选文件 2 个
[2026-08-05 19:09:51] [W-19] 仓库 https://github.com/luochen1975/xuexuguang-tvbox_spider 候选文件较多 (131 个)，先通过 commits API 过滤
[2026-08-05 19:09:52] [W-13] 📦 批次 0002 已持久化: /home/runner/work/test-college/test-college/batches/no_batch_0002.txt (9974 个节点, 累计 15588 个) | 主队列 61/200 发现队列 350/20000 [[fork1]:54 [user1]:296]
[2026-08-05 19:09:53] [W-22] ✅ 完成 [user1] yangfh158/Free-SS-NODES | 提取 0 | 新增 0 | 耗时 0s | 配额 4464/4800 11:09UTC | 主队列 61/200 发现队列 350/20000 [[fork1]:54 [user1]:296]
[2026-08-05 19:09:53] [W-22] 🔧 开始处理 [user1] chengege666/YimMenuV2
[2026-08-05 19:09:53] [W-22] ⏭️ [user1] 仓库 https://github.com/chengege666/YimMenuV2 331h 未更新，跳过解析（无需追踪）
[2026-08-05 19:09:53] [W-8] ✅ 完成 [user1] yangfh158/openshift | 提取 0 | 新增 0 | 耗时 0s | 配额 4464/4800 11:09UTC | 主队列 61/200 发现队列 349/20000 [[fork1]:54 [user1]:295]
[2026-08-05 19:09:53] [W-8] 🔧 开始处理 [user1] chengege666/OpenWrt-APK
[2026-08-05 19:09:53] [W-8] ⏭️ [user1] 仓库 https://github.com/chengege666/OpenWrt-APK 363h 未更新，跳过解析（无需追踪）
[2026-08-05 19:09:53] [W-2] ✅ 完成 [user1] yangfh158/smao | 提取 0 | 新增 0 | 耗时 0s | 配额 4464/4800 11:09UTC | 主队列 61/200 发现队列 348/20000 [[fork1]:54 [user1]:294]
[2026-08-05 19:09:53] [W-2] 🔧 开始处理 [user1] chengege666/vpsx
[2026-08-05 19:09:53] [W-2] ⏭️ [user1] 仓库 https://github.com/chengege666/vpsx 658h 未更新，跳过解析（无需追踪）
[2026-08-05 19:09:53] [W-7] ✅ 完成 [user1] chengege666/ipcs | 提取 0 | 新增 0 | 耗时 0s | 配额 4464/4800 11:09UTC | 主队列 61/200 发现队列 347/20000 [[fork1]:54 [user1]:293]
[2026-08-05 19:09:53] [W-7] 🔧 开始处理 [user1] chengege666/ys
[2026-08-05 19:09:53] [W-7] ⏭️ [user1] 仓库 https://github.com/chengege666/ys 3705h 未更新，跳过解析（无需追踪）
[2026-08-05 19:09:55] [W-23] ✅ 完成 [user1] luochen1975/Heiwk-iptv67 | 提取 0 | 新增 0 | 耗时 10s | 配额 4464/4800 11:09UTC | 主队列 61/200 发现队列 346/20000 [[fork1]:54 [user1]:292]
[2026-08-05 19:09:56] [W-23] 🔧 开始处理 [user1] chengege666/op-Image-Builder
[2026-08-05 19:09:56] [W-23] ⏭️ [user1] 仓库 https://github.com/chengege666/op-Image-Builder 819h 未更新，跳过解析（无需追踪）
[2026-08-05 19:09:56] [W-15]   Compare API 返回 13 个变更文件 (3 次 API 调用)
[2026-08-05 19:09:56] [W-15]   commits 过滤: 423 → 7 (变更文件 13 个)
[2026-08-05 19:09:56] [W-15] 仓库 https://github.com/luochen1975/NiceVPN123-NiceVPN 候选文件 7 个
[2026-08-05 19:09:56] [W-9] ✅ 完成 [user1] luochen1975/Proxy | 提取 237 | 新增 0 | 耗时 10s | 配额 4462/4800 11:09UTC | 主队列 61/200 发现队列 345/20000 [[fork1]:54 [user1]:291]
[2026-08-05 19:09:56] [W-9] 🔧 开始处理 [user1] chengege666/pvezh
[2026-08-05 19:09:56] [W-9] ⏭️ [user1] 仓库 https://github.com/chengege666/pvezh 819h 未更新，跳过解析（无需追踪）
[2026-08-05 19:09:58] [W-0]   Compare API 返回 7 个变更文件 (3 次 API 调用)
[2026-08-05 19:09:58] [W-0]   commits 过滤: 334 → 7 (变更文件 7 个)
[2026-08-05 19:09:58] [W-0] 仓库 https://github.com/luochen1975/moneyfly1-highnodes 候选文件 7 个
[2026-08-05 19:09:58] [W-22] ✅ 完成 [user1] chengege666/YimMenuV2 | 提取 0 | 新增 0 | 耗时 0s | 配额 4456/4800 11:09UTC | 主队列 61/200 发现队列 344/20000 [[fork1]:54 [user1]:290]
[2026-08-05 19:09:58] [W-22] 🔧 开始处理 [user1] chengege666/apk-run
[2026-08-05 19:09:58] [W-22] ⏭️ [user1] 仓库 https://github.com/chengege666/apk-run 1254h 未更新，跳过解析（无需追踪）
[2026-08-05 19:09:58] [W-4]   Compare API 返回 102 个变更文件 (3 次 API 调用)
[2026-08-05 19:09:58] [W-4]   commits 过滤: 103 → 88 (变更文件 102 个)
[2026-08-05 19:09:58] [W-4] 仓库 https://github.com/wang1680/v2ray-configs 候选文件 88 个
[2026-08-05 19:09:58] [W-8] ✅ 完成 [user1] chengege666/OpenWrt-APK | 提取 0 | 新增 0 | 耗时 0s | 配额 4456/4800 11:09UTC | 主队列 61/200 发现队列 343/20000 [[fork1]:54 [user1]:289]
[2026-08-05 19:09:58] [W-8] 🔧 开始处理 [user1] chengege666/huilv
[2026-08-05 19:09:58] [W-8] ⏭️ [user1] 仓库 https://github.com/chengege666/huilv 主要语言 HTML，跳过
[2026-08-05 19:09:58] [W-2] ✅ 完成 [user1] chengege666/vpsx | 提取 0 | 新增 0 | 耗时 0s | 配额 4456/4800 11:09UTC | 主队列 61/200 发现队列 342/20000 [[fork1]:54 [user1]:288]
[2026-08-05 19:09:58] [W-2] 🔧 开始处理 [user1] chengege666/CF-Workers-docker.io
[2026-08-05 19:09:58] [W-2] ⏭️ [user1] 仓库 https://github.com/chengege666/CF-Workers-docker.io 9722h 未更新，跳过解析（无需追踪）
[2026-08-05 19:09:58] [W-7] ✅ 完成 [user1] chengege666/ys | 提取 0 | 新增 0 | 耗时 0s | 配额 4456/4800 11:09UTC | 主队列 61/200 发现队列 341/20000 [[fork1]:54 [user1]:287]
[2026-08-05 19:09:58] [W-7] 🔧 开始处理 [user1] chengege666/pve
[2026-08-05 19:09:58] [W-7] ⏭️ [user1] 仓库 https://github.com/chengege666/pve 4119h 未更新，跳过解析（无需追踪）
[2026-08-05 19:09:59] [W-13] SHA 缓存已保存: 242007 条, 1 分片
[2026-08-05 19:10:00] [W-18] 仓库 https://github.com/luochen1975/AutoIPTV-Hotel 候选文件 1 个
[2026-08-05 19:10:01] [W-23] ✅ 完成 [user1] chengege666/op-Image-Builder | 提取 0 | 新增 0 | 耗时 0s | 配额 4455/4800 11:09UTC | 主队列 61/200 发现队列 340/20000 [[fork1]:54 [user1]:286]
[2026-08-05 19:10:01] [W-23] 🔧 开始处理 [user1] chengege666/jiedian
[2026-08-05 19:10:01] [W-23] ⏭️ [user1] 仓库 https://github.com/chengege666/jiedian 主要语言 HTML，跳过
[2026-08-05 19:10:01] [W-9] ✅ 完成 [user1] chengege666/pvezh | 提取 0 | 新增 0 | 耗时 0s | 配额 4455/4800 11:09UTC | 主队列 61/200 发现队列 339/20000 [[fork1]:54 [user1]:285]
[2026-08-05 19:10:01] [W-9] 🔧 开始处理 [user1] chengege666/LunaTV
[2026-08-05 19:10:01] [W-9] ⏭️ [user1] 仓库 https://github.com/chengege666/LunaTV 6026h 未更新，跳过解析（无需追踪）
[2026-08-05 19:10:01] [W-22] ✅ 完成 [user1] chengege666/apk-run | 提取 0 | 新增 0 | 耗时 0s | 配额 4453/4800 11:09UTC | 主队列 61/200 发现队列 338/20000 [[fork1]:54 [user1]:284]
[2026-08-05 19:10:01] [W-22] 🔧 开始处理 [user1] chengege666/LunaTVx
[2026-08-05 19:10:01] [W-22] ⏭️ [user1] 仓库 https://github.com/chengege666/LunaTVx 4384h 未更新，跳过解析（无需追踪）
[2026-08-05 19:10:01] [W-8] ✅ 完成 [user1] chengege666/huilv | 提取 0 | 新增 0 | 耗时 0s | 配额 4453/4800 11:09UTC | 主队列 61/200 发现队列 337/20000 [[fork1]:54 [user1]:283]
[2026-08-05 19:10:01] [W-8] 🔧 开始处理 [user1] chengege666/pve222
[2026-08-05 19:10:01] [W-8] ⏭️ [user1] 仓库 https://github.com/chengege666/pve222 5567h 未更新，跳过解析（无需追踪）
[2026-08-05 19:10:01] [W-2] ✅ 完成 [user1] chengege666/CF-Workers-docker.io | 提取 0 | 新增 0 | 耗时 0s | 配额 4453/4800 11:09UTC | 主队列 61/200 发现队列 336/20000 [[fork1]:54 [user1]:282]
[2026-08-05 19:10:01] [W-2] 🔧 开始处理 [user1] chengege666/cf-ip
[2026-08-05 19:10:01] [W-2] ⏭️ [user1] 仓库 https://github.com/chengege666/cf-ip 4491h 未更新，跳过解析（无需追踪）
[2026-08-05 19:10:01] [W-7] ✅ 完成 [user1] chengege666/pve | 提取 0 | 新增 0 | 耗时 0s | 配额 4453/4800 11:09UTC | 主队列 61/200 发现队列 335/20000 [[fork1]:54 [user1]:281]
[2026-08-05 19:10:01] [W-7] 🔧 开始处理 [user1] chengege666/nazhajson
[2026-08-05 19:10:01] [W-7] ⏭️ [user1] 仓库 https://github.com/chengege666/nazhajson 主要语言 HTML，跳过
[2026-08-05 19:10:01] [W-5] ✅ 完成 [user1] luochen1975/yuanzl77--IPTV | 提取 0 | 新增 0 | 耗时 18s | 配额 4452/4800 11:09UTC | 主队列 61/200 发现队列 334/20000 [[fork1]:54 [user1]:280]
[2026-08-05 19:10:01] [W-23] ✅ 完成 [user1] chengege666/jiedian | 提取 0 | 新增 0 | 耗时 0s | 配额 4452/4800 11:10UTC | 主队列 61/200 发现队列 333/20000 [[fork1]:54 [user1]:279]
[2026-08-05 19:10:01] [W-23] 🔧 开始处理 [user1] chengege666/Compress
[2026-08-05 19:10:01] [W-23] ⏭️ [user1] 仓库 https://github.com/chengege666/Compress 主要语言 HTML，跳过
[2026-08-05 19:10:02] [W-5] 🔧 开始处理 [user1] chengege666/uuid
[2026-08-05 19:10:02] [W-5] ⏭️ [user1] 仓库 https://github.com/chengege666/uuid 主要语言 HTML，跳过
[2026-08-05 19:10:02] [W-9] ✅ 完成 [user1] chengege666/LunaTV | 提取 0 | 新增 0 | 耗时 0s | 配额 4452/4800 11:10UTC | 主队列 61/200 发现队列 332/20000 [[fork1]:54 [user1]:278]
[2026-08-05 19:10:02] [W-9] 🔧 开始处理 [user1] chengege666/cggargo
[2026-08-05 19:10:02] [W-9] ⏭️ [user1] 仓库 https://github.com/chengege666/cggargo 6198h 未更新，跳过解析（无需追踪）
[2026-08-05 19:10:02] [W-22] ✅ 完成 [user1] chengege666/LunaTVx | 提取 0 | 新增 0 | 耗时 0s | 配额 4452/4800 11:10UTC | 主队列 61/200 发现队列 331/20000 [[fork1]:54 [user1]:277]
[2026-08-05 19:10:02] [W-22] 🔧 开始处理 [user1] chengege666/CookLikeHOC
[2026-08-05 19:10:02] [W-22] ⏭️ [user1] 仓库 https://github.com/chengege666/CookLikeHOC 7535h 未更新，跳过解析（无需追踪）
[2026-08-05 19:10:02] [W-8] ✅ 完成 [user1] chengege666/pve222 | 提取 0 | 新增 0 | 耗时 0s | 配额 4451/4800 11:10UTC | 主队列 61/200 发现队列 330/20000 [[fork1]:54 [user1]:276]
[2026-08-05 19:10:02] [W-8] 🔧 开始处理 [user1] chengege666/CF-Workers-SUB-fork
[2026-08-05 19:10:02] [W-8] ⏭️ [user1] 仓库 https://github.com/chengege666/CF-Workers-SUB-fork 7906h 未更新，跳过解析（无需追踪）
[2026-08-05 19:10:02] [W-2] ✅ 完成 [user1] chengege666/cf-ip | 提取 0 | 新增 0 | 耗时 0s | 配额 4451/4800 11:10UTC | 主队列 61/200 发现队列 329/20000 [[fork1]:54 [user1]:275]
[2026-08-05 19:10:02] [W-2] 🔧 开始处理 [user1] chengege666/LibreTV
[2026-08-05 19:10:02] [W-2] ⏭️ [user1] 仓库 https://github.com/chengege666/LibreTV 8590h 未更新，跳过解析（无需追踪）
[2026-08-05 19:10:02] [W-7] ✅ 完成 [user1] chengege666/nazhajson | 提取 0 | 新增 0 | 耗时 0s | 配额 4451/4800 11:10UTC | 主队列 61/200 发现队列 328/20000 [[fork1]:54 [user1]:274]
[2026-08-05 19:10:02] [W-7] 🔧 开始处理 [user1] chengege666/psub
[2026-08-05 19:10:02] [W-7] ⏭️ [user1] 仓库 https://github.com/chengege666/psub 18435h 未更新，跳过解析（无需追踪）
[2026-08-05 19:10:02] [W-18] ✅ 完成 [user1] luochen1975/AutoIPTV-Hotel | 提取 0 | 新增 0 | 耗时 13s | 配额 4451/4800 11:10UTC | 主队列 61/200 发现队列 327/20000 [[fork1]:54 [user1]:273]
[2026-08-05 19:10:02] [W-18] 🔧 开始处理 [user1] HakurouKen/hamster
[2026-08-05 19:10:02] [W-18] ⏭️ [user1] 仓库 https://github.com/HakurouKen/hamster 48h 未更新，跳过解析（无需追踪）
[2026-08-05 19:10:02] [W-23] ✅ 完成 [user1] chengege666/Compress | 提取 0 | 新增 0 | 耗时 0s | 配额 4451/4800 11:10UTC | 主队列 61/200 发现队列 326/20000 [[fork1]:54 [user1]:272]
[2026-08-05 19:10:02] [W-23] 🔧 开始处理 [user1] HakurouKen/ncm-memories
[2026-08-05 19:10:02] [W-23] ⏭️ [user1] 仓库 https://github.com/HakurouKen/ncm-memories 364h 未更新，跳过解析（无需追踪）
[2026-08-05 19:10:02] [W-5] ✅ 完成 [user1] chengege666/uuid | 提取 0 | 新增 0 | 耗时 0s | 配额 4451/4800 11:10UTC | 主队列 61/200 发现队列 325/20000 [[fork1]:54 [user1]:271]
[2026-08-05 19:10:02] [W-5] 🔧 开始处理 [user1] HakurouKen/roster
[2026-08-05 19:10:02] [W-5] ⏭️ [user1] 仓库 https://github.com/HakurouKen/roster 364h 未更新，跳过解析（无需追踪）
[2026-08-05 19:10:02] [W-9] ✅ 完成 [user1] chengege666/cggargo | 提取 0 | 新增 0 | 耗时 0s | 配额 4451/4800 11:10UTC | 主队列 61/200 发现队列 324/20000 [[fork1]:54 [user1]:270]
[2026-08-05 19:10:02] [W-9] 🔧 开始处理 [user1] HakurouKen/puzzle-solver
[2026-08-05 19:10:02] [W-9] ⏭️ [user1] 仓库 https://github.com/HakurouKen/puzzle-solver 455h 未更新，跳过解析（无需追踪）
[2026-08-05 19:10:02] [W-22] ✅ 完成 [user1] chengege666/CookLikeHOC | 提取 0 | 新增 0 | 耗时 0s | 配额 4451/4800 11:10UTC | 主队列 61/200 发现队列 323/20000 [[fork1]:54 [user1]:269]
[2026-08-05 19:10:02] [W-22] 🔧 开始处理 [user1] HakurouKen/claude-code-settings
[2026-08-05 19:10:02] [W-22] ⏭️ [user1] 仓库 https://github.com/HakurouKen/claude-code-settings 2567h 未更新，跳过解析（无需追踪）
[2026-08-05 19:10:03] [W-8] ✅ 完成 [user1] chengege666/CF-Workers-SUB-fork | 提取 0 | 新增 0 | 耗时 0s | 配额 4450/4800 11:10UTC | 主队列 61/200 发现队列 322/20000 [[fork1]:54 [user1]:268]
[2026-08-05 19:10:03] [W-8] 🔧 开始处理 [user1] HakurouKen/claude-code
[2026-08-05 19:10:03] [W-8] ⏭️ [user1] 仓库 https://github.com/HakurouKen/claude-code 3026h 未更新，跳过解析（无需追踪）
[2026-08-05 19:10:03] [W-2] ✅ 完成 [user1] chengege666/LibreTV | 提取 0 | 新增 0 | 耗时 0s | 配额 4449/4800 11:10UTC | 主队列 61/200 发现队列 321/20000 [[fork1]:54 [user1]:267]
[2026-08-05 19:10:03] [W-2] 🔧 开始处理 [user1] HakurouKen/ct-netdisk-download
[2026-08-05 19:10:03] [W-2] ⏭️ [user1] 仓库 https://github.com/HakurouKen/ct-netdisk-download 3729h 未更新，跳过解析（无需追踪）
[2026-08-05 19:10:03] [W-7] ✅ 完成 [user1] chengege666/psub | 提取 0 | 新增 0 | 耗时 0s | 配额 4449/4800 11:10UTC | 主队列 61/200 发现队列 320/20000 [[fork1]:54 [user1]:266]
[2026-08-05 19:10:03] [W-7] 🔧 开始处理 [user1] HakurouKen/claude-jsonl-playback
[2026-08-05 19:10:03] [W-7] ⏭️ [user1] 仓库 https://github.com/HakurouKen/claude-jsonl-playback 3748h 未更新，跳过解析（无需追踪）
[2026-08-05 19:10:03] [W-18] ✅ 完成 [user1] HakurouKen/hamster | 提取 0 | 新增 0 | 耗时 0s | 配额 4449/4800 11:10UTC | 主队列 61/200 发现队列 319/20000 [[fork1]:54 [user1]:265]
[2026-08-05 19:10:03] [W-18] 🔧 开始处理 [user1] HakurouKen/weread-shelf-backup
[2026-08-05 19:10:03] [W-18] ⏭️ [user1] 仓库 https://github.com/HakurouKen/weread-shelf-backup 4775h 未更新，跳过解析（无需追踪）
[2026-08-05 19:10:03] [W-23] ✅ 完成 [user1] HakurouKen/ncm-memories | 提取 0 | 新增 0 | 耗时 0s | 配额 4449/4800 11:10UTC | 主队列 61/200 发现队列 318/20000 [[fork1]:54 [user1]:264]
[2026-08-05 19:10:03] [W-23] 🔧 开始处理 [user1] HakurouKen/tamper-scripts
[2026-08-05 19:10:03] [W-23] ⏭️ [user1] 仓库 https://github.com/HakurouKen/tamper-scripts 20228h 未更新，跳过解析（无需追踪）
[2026-08-05 19:10:03] [W-5] ✅ 完成 [user1] HakurouKen/roster | 提取 0 | 新增 0 | 耗时 0s | 配额 4449/4800 11:10UTC | 主队列 61/200 发现队列 317/20000 [[fork1]:54 [user1]:263]
[2026-08-05 19:10:03] [W-5] 🔧 开始处理 [user1] HakurouKen/pixiv-illust
[2026-08-05 19:10:03] [W-5] ⏭️ [user1] 仓库 https://github.com/HakurouKen/pixiv-illust 85065h 未更新，跳过解析（无需追踪）
[2026-08-05 19:10:03] [W-9] ✅ 完成 [user1] HakurouKen/puzzle-solver | 提取 0 | 新增 0 | 耗时 0s | 配额 4449/4800 11:10UTC | 主队列 61/200 发现队列 316/20000 [[fork1]:54 [user1]:262]
[2026-08-05 19:10:03] [W-9] 🔧 开始处理 [user1] HakurouKen/DManga
[2026-08-05 19:10:03] [W-9] ⏭️ [user1] 仓库 https://github.com/HakurouKen/DManga 68731h 未更新，跳过解析（无需追踪）
[2026-08-05 19:10:03] [W-22] ✅ 完成 [user1] HakurouKen/claude-code-settings | 提取 0 | 新增 0 | 耗时 0s | 配额 4449/4800 11:10UTC | 主队列 61/200 发现队列 315/20000 [[fork1]:54 [user1]:261]
[2026-08-05 19:10:03] [W-22] 🔧 开始处理 [user1] HakurouKen/torrent-shelf
[2026-08-05 19:10:03] [W-22] ⏭️ [user1] 仓库 https://github.com/HakurouKen/torrent-shelf 11159h 未更新，跳过解析（无需追踪）
[2026-08-05 19:10:03] [W-8] ✅ 完成 [user1] HakurouKen/claude-code | 提取 0 | 新增 0 | 耗时 0s | 配额 4449/4800 11:10UTC | 主队列 61/200 发现队列 314/20000 [[fork1]:54 [user1]:260]
[2026-08-05 19:10:03] [W-8] 🔧 开始处理 [user1] HakurouKen/app-store-review-analysis
[2026-08-05 19:10:03] [W-8] ⏭️ [user1] 仓库 https://github.com/HakurouKen/app-store-review-analysis 16847h 未更新，跳过解析（无需追踪）
[2026-08-05 19:10:03] [W-2] ✅ 完成 [user1] HakurouKen/ct-netdisk-download | 提取 0 | 新增 0 | 耗时 0s | 配额 4449/4800 11:10UTC | 主队列 61/200 发现队列 313/20000 [[fork1]:54 [user1]:259]
[2026-08-05 19:10:03] [W-2] 🔧 开始处理 [user1] HakurouKen/jsdelivr-man
[2026-08-05 19:10:03] [W-2] ⏭️ [user1] 仓库 https://github.com/HakurouKen/jsdelivr-man 20977h 未更新，跳过解析（无需追踪）
[2026-08-05 19:10:04] [W-7] ✅ 完成 [user1] HakurouKen/claude-jsonl-playback | 提取 0 | 新增 0 | 耗时 0s | 配额 4449/4800 11:10UTC | 主队列 61/200 发现队列 312/20000 [[fork1]:54 [user1]:258]
[2026-08-05 19:10:04] [W-7] 🔧 开始处理 [user1] HakurouKen/hakurouken.github.io
[2026-08-05 19:10:04] [W-7] ⏭️ [user1] 仓库 https://github.com/HakurouKen/hakurouken.github.io 主要语言 HTML，跳过
[2026-08-05 19:10:04] [W-18] ✅ 完成 [user1] HakurouKen/weread-shelf-backup | 提取 0 | 新增 0 | 耗时 0s | 配额 4449/4800 11:10UTC | 主队列 61/200 发现队列 311/20000 [[fork1]:54 [user1]:257]
[2026-08-05 19:10:04] [W-18] 🔧 开始处理 [user1] HakurouKen/code-style
[2026-08-05 19:10:04] [W-18] ⏭️ [user1] 仓库 https://github.com/HakurouKen/code-style 20516h 未更新，跳过解析（无需追踪）
[2026-08-05 19:10:04] [W-23] ✅ 完成 [user1] HakurouKen/tamper-scripts | 提取 0 | 新增 0 | 耗时 0s | 配额 4449/4800 11:10UTC | 主队列 61/200 发现队列 310/20000 [[fork1]:54 [user1]:256]
[2026-08-05 19:10:04] [W-23] 🔧 开始处理 [user1] HakurouKen/hexo-deployer-shell
[2026-08-05 19:10:04] [W-23] ⏭️ [user1] 仓库 https://github.com/HakurouKen/hexo-deployer-shell 84425h 未更新，跳过解析（无需追踪）
[2026-08-05 19:10:04] [W-5] ✅ 完成 [user1] HakurouKen/pixiv-illust | 提取 0 | 新增 0 | 耗时 0s | 配额 4449/4800 11:10UTC | 主队列 61/200 发现队列 309/20000 [[fork1]:54 [user1]:255]
[2026-08-05 19:10:04] [W-5] 🔧 开始处理 [user1] HakurouKen/nyanpasu
[2026-08-05 19:10:04] [W-5] ⏭️ [user1] 仓库 https://github.com/HakurouKen/nyanpasu 92804h 未更新，跳过解析（无需追踪）
[2026-08-05 19:10:04] [W-9] ✅ 完成 [user1] HakurouKen/DManga | 提取 0 | 新增 0 | 耗时 0s | 配额 4449/4800 11:10UTC | 主队列 61/200 发现队列 308/20000 [[fork1]:54 [user1]:254]
[2026-08-05 19:10:04] [W-9] 🔧 开始处理 [user1] HakurouKen/fm-terminal
[2026-08-05 19:10:04] [W-9] ⏭️ [user1] 仓库 https://github.com/HakurouKen/fm-terminal 109606h 未更新，跳过解析（无需追踪）
[2026-08-05 19:10:04] [W-22] ✅ 完成 [user1] HakurouKen/torrent-shelf | 提取 0 | 新增 0 | 耗时 0s | 配额 4449/4800 11:10UTC | 主队列 61/200 发现队列 307/20000 [[fork1]:54 [user1]:253]
[2026-08-05 19:10:04] [W-22] 🔧 开始处理 [user1] HakurouKen/NeteaseCloudMusicApi
[2026-08-05 19:10:04] [W-22] ⏭️ [user1] 仓库 https://github.com/HakurouKen/NeteaseCloudMusicApi 30560h 未更新，跳过解析（无需追踪）
[2026-08-05 19:10:05] [W-8] ✅ 完成 [user1] HakurouKen/app-store-review-analysis | 提取 0 | 新增 0 | 耗时 0s | 配额 4449/4800 11:10UTC | 主队列 61/200 发现队列 306/20000 [[fork1]:54 [user1]:252]
[2026-08-05 19:10:05] [W-8] 🔧 开始处理 [user1] HakurouKen/rooster
[2026-08-05 19:10:05] [W-8] ⏭️ [user1] 仓库 https://github.com/HakurouKen/rooster 30809h 未更新，跳过解析（无需追踪）
[2026-08-05 19:10:05] [W-2] ✅ 完成 [user1] HakurouKen/jsdelivr-man | 提取 0 | 新增 0 | 耗时 0s | 配额 4449/4800 11:10UTC | 主队列 61/200 发现队列 305/20000 [[fork1]:54 [user1]:251]
[2026-08-05 19:10:05] [W-2] 🔧 开始处理 [user1] HakurouKen/goodbye-google-cn
[2026-08-05 19:10:05] [W-2] ⚠️ [user1] 仓库 https://github.com/HakurouKen/goodbye-google-cn 大小为 0，跳过
[2026-08-05 19:10:05] [W-7] ✅ 完成 [user1] HakurouKen/hakurouken.github.io | 提取 0 | 新增 0 | 耗时 0s | 配额 4449/4800 11:10UTC | 主队列 61/200 发现队列 304/20000 [[fork1]:54 [user1]:250]
[2026-08-05 19:10:05] [W-7] 🔧 开始处理 [user1] HakurouKen/leetcode-javascript
[2026-08-05 19:10:05] [W-7] ⏭️ [user1] 仓库 https://github.com/HakurouKen/leetcode-javascript 30029h 未更新，跳过解析（无需追踪）
[2026-08-05 19:10:05] [W-1] ✅ 完成 [user1] luochen1975/iptv-auto | 提取 0 | 新增 0 | 耗时 33s | 配额 4449/4800 11:10UTC | 主队列 61/200 发现队列 303/20000 [[fork1]:54 [user1]:249]
[2026-08-05 19:10:05] [W-18] ✅ 完成 [user1] HakurouKen/code-style | 提取 0 | 新增 0 | 耗时 0s | 配额 4449/4800 11:10UTC | 主队列 61/200 发现队列 302/20000 [[fork1]:54 [user1]:248]
[2026-08-05 19:10:05] [W-18] 🔧 开始处理 [user1] HakurouKen/DefinitelyTyped
[2026-08-05 19:10:05] [W-18] ⏭️ [user1] 仓库 https://github.com/HakurouKen/DefinitelyTyped 28574h 未更新，跳过解析（无需追踪）
[2026-08-05 19:10:05] [W-1] 🔧 开始处理 [user1] HakurouKen/colorful-again
[2026-08-05 19:10:05] [W-1] ⏭️ [user1] 仓库 https://github.com/HakurouKen/colorful-again 32081h 未更新，跳过解析（无需追踪）
[2026-08-05 19:10:05] [W-19]   Compare API 返回 2 个变更文件 (3 次 API 调用)
[2026-08-05 19:10:05] [W-19]   commits 过滤: 131 → 2 (变更文件 2 个)
[2026-08-05 19:10:05] [W-19] 仓库 https://github.com/luochen1975/xuexuguang-tvbox_spider 候选文件 2 个
[2026-08-05 19:10:05] [W-23] ✅ 完成 [user1] HakurouKen/hexo-deployer-shell | 提取 0 | 新增 0 | 耗时 0s | 配额 4448/4800 11:10UTC | 主队列 61/200 发现队列 301/20000 [[fork1]:54 [user1]:247]
[2026-08-05 19:10:05] [W-23] 🔧 开始处理 [user1] HakurouKen/koa
[2026-08-05 19:10:05] [W-23] ⏭️ [user1] 仓库 https://github.com/HakurouKen/koa 33260h 未更新，跳过解析（无需追踪）
[2026-08-05 19:10:05] [W-5] ✅ 完成 [user1] HakurouKen/nyanpasu | 提取 0 | 新增 0 | 耗时 0s | 配额 4448/4800 11:10UTC | 主队列 61/200 发现队列 300/20000 [[fork1]:54 [user1]:246]
[2026-08-05 19:10:05] [W-5] 🔧 开始处理 [user1] HakurouKen/vite
[2026-08-05 19:10:05] [W-5] ⏭️ [user1] 仓库 https://github.com/HakurouKen/vite 34598h 未更新，跳过解析（无需追踪）
[2026-08-05 19:10:05] [W-9] ✅ 完成 [user1] HakurouKen/fm-terminal | 提取 0 | 新增 0 | 耗时 0s | 配额 4448/4800 11:10UTC | 主队列 61/200 发现队列 299/20000 [[fork1]:54 [user1]:245]
[2026-08-05 19:10:05] [W-9] 🔧 开始处理 [user1] HakurouKen/ncmdump
[2026-08-05 19:10:05] [W-9] ⚠️ [user1] 仓库 https://github.com/HakurouKen/ncmdump 已禁用，跳过
[2026-08-05 19:10:05] [W-22] ✅ 完成 [user1] HakurouKen/NeteaseCloudMusicApi | 提取 0 | 新增 0 | 耗时 0s | 配额 4448/4800 11:10UTC | 主队列 61/200 发现队列 298/20000 [[fork1]:54 [user1]:244]
[2026-08-05 19:10:05] [W-22] 🔧 开始处理 [user1] HakurouKen/node-typescript-boilerplate
[2026-08-05 19:10:05] [W-22] ⏭️ [user1] 仓库 https://github.com/HakurouKen/node-typescript-boilerplate 32157h 未更新，跳过解析（无需追踪）
[2026-08-05 19:10:05] [W-8] ✅ 完成 [user1] HakurouKen/rooster | 提取 0 | 新增 0 | 耗时 0s | 配额 4448/4800 11:10UTC | 主队列 61/200 发现队列 297/20000 [[fork1]:54 [user1]:243]
[2026-08-05 19:10:05] [W-8] 🔧 开始处理 [fork1] Simsgod/draw-your-font
[2026-08-05 19:10:05] [W-8] ⏭️ [fork1] 仓库 https://github.com/Simsgod/draw-your-font 215h 未更新，跳过解析（无需追踪）
[2026-08-05 19:10:05] [W-2] ✅ 完成 [user1] HakurouKen/goodbye-google-cn | 提取 0 | 新增 0 | 耗时 0s | 配额 4448/4800 11:10UTC | 主队列 61/200 发现队列 296/20000 [[fork1]:53 [user1]:243]
[2026-08-05 19:10:05] [W-2] 🔧 开始处理 [fork1] chookee/draw-your-font
[2026-08-05 19:10:05] [W-2] ⏭️ [fork1] 仓库 https://github.com/chookee/draw-your-font 288h 未更新，跳过解析（无需追踪）
[2026-08-05 19:10:05] [W-7] ✅ 完成 [user1] HakurouKen/leetcode-javascript | 提取 0 | 新增 0 | 耗时 0s | 配额 4448/4800 11:10UTC | 主队列 61/200 发现队列 295/20000 [[fork1]:52 [user1]:243]
[2026-08-05 19:10:05] [W-7] 🔧 开始处理 [fork1] max-solo23/draw-your-font
[2026-08-05 19:10:05] [W-7] ⏭️ [fork1] 仓库 https://github.com/max-solo23/draw-your-font 288h 未更新，跳过解析（无需追踪）
[2026-08-05 19:10:05] [W-18] ✅ 完成 [user1] HakurouKen/DefinitelyTyped | 提取 0 | 新增 0 | 耗时 0s | 配额 4448/4800 11:10UTC | 主队列 61/200 发现队列 294/20000 [[fork1]:51 [user1]:243]
[2026-08-05 19:10:05] [W-18] 🔧 开始处理 [fork1] AtomHeartFather/draw-your-font
[2026-08-05 19:10:05] [W-18] 📝 已处理缓存: AtomHeartFather/draw-your-font
[2026-08-05 19:10:05] [W-18] ⏭️ [fork1] 仓库 https://github.com/AtomHeartFather/draw-your-font 218h 未更新，跳过解析（无需追踪）
[2026-08-05 19:10:05] [W-1] ✅ 完成 [user1] HakurouKen/colorful-again | 提取 0 | 新增 0 | 耗时 0s | 配额 4448/4800 11:10UTC | 主队列 61/200 发现队列 293/20000 [[fork1]:50 [user1]:243]
[2026-08-05 19:10:05] [W-1] 🔧 开始处理 [fork1] AVert/draw-your-font
[2026-08-05 19:10:05] [W-1] ⏭️ [fork1] 仓库 https://github.com/AVert/draw-your-font 215h 未更新，跳过解析（无需追踪）
[2026-08-05 19:10:05] [W-23] ✅ 完成 [user1] HakurouKen/koa | 提取 0 | 新增 0 | 耗时 0s | 配额 4448/4800 11:10UTC | 主队列 61/200 发现队列 292/20000 [[fork1]:49 [user1]:243]
[2026-08-05 19:10:05] [W-23] 🔧 开始处理 [fork1] syntax-syndicate/draw-your-font
[2026-08-05 19:10:05] [W-23] ⏭️ [fork1] 仓库 https://github.com/syntax-syndicate/draw-your-font 215h 未更新，跳过解析（无需追踪）
[2026-08-05 19:10:05] [W-5] ✅ 完成 [user1] HakurouKen/vite | 提取 0 | 新增 0 | 耗时 0s | 配额 4448/4800 11:10UTC | 主队列 61/200 发现队列 291/20000 [[fork1]:48 [user1]:243]
[2026-08-05 19:10:05] [W-5] 🔧 开始处理 [fork1] SaiferSMART/my-draw-your-font
[2026-08-05 19:10:05] [W-5] ⏭️ [fork1] 仓库 https://github.com/SaiferSMART/my-draw-your-font 215h 未更新，跳过解析（无需追踪）
[2026-08-05 19:10:05] [W-21]   Compare API 返回 9 个变更文件 (3 次 API 调用)
[2026-08-05 19:10:05] [W-21]   commits 过滤: 1765 → 9 (变更文件 9 个)
[2026-08-05 19:10:05] [W-21] 仓库 https://github.com/luochen1975/collectSub 候选文件 9 个
[2026-08-05 19:10:06] [W-9] ✅ 完成 [user1] HakurouKen/ncmdump | 提取 0 | 新增 0 | 耗时 0s | 配额 4447/4800 11:10UTC | 主队列 61/200 发现队列 290/20000 [[fork1]:47 [user1]:243]
[2026-08-05 19:10:06] [W-9] 🔧 开始处理 [fork1] alekseidoronin/draw-your-font
[2026-08-05 19:10:06] [W-9] ⏭️ [fork1] 仓库 https://github.com/alekseidoronin/draw-your-font 215h 未更新，跳过解析（无需追踪）
[2026-08-05 19:10:06] [W-22] ✅ 完成 [user1] HakurouKen/node-typescript-boilerplate | 提取 0 | 新增 0 | 耗时 0s | 配额 4447/4800 11:10UTC | 主队列 61/200 发现队列 289/20000 [[fork1]:46 [user1]:243]
[2026-08-05 19:10:06] [W-22] 🔧 开始处理 [fork1] CDM172/draw-your-font
[2026-08-05 19:10:06] [W-22] ⏭️ [fork1] 仓库 https://github.com/CDM172/draw-your-font 215h 未更新，跳过解析（无需追踪）
[2026-08-05 19:10:06] [W-8] ✅ 完成 [fork1] Simsgod/draw-your-font | 提取 0 | 新增 0 | 耗时 0s | 配额 4447/4800 11:10UTC | 主队列 61/200 发现队列 288/20000 [[fork1]:45 [user1]:243]
[2026-08-05 19:10:06] [W-8] 🔧 开始处理 [fork1] klic-awesome-code/draw-your-font
[2026-08-05 19:10:06] [W-8] ⏭️ [fork1] 仓库 https://github.com/klic-awesome-code/draw-your-font 215h 未更新，跳过解析（无需追踪）
[2026-08-05 19:10:06] [W-2] ✅ 完成 [fork1] chookee/draw-your-font | 提取 0 | 新增 0 | 耗时 0s | 配额 4447/4800 11:10UTC | 主队列 61/200 发现队列 287/20000 [[fork1]:44 [user1]:243]
[2026-08-05 19:10:06] [W-2] 🔧 开始处理 [fork1] vladimirvalcourt/draw-your-font
[2026-08-05 19:10:06] [W-2] ⏭️ [fork1] 仓库 https://github.com/vladimirvalcourt/draw-your-font 215h 未更新，跳过解析（无需追踪）
[2026-08-05 19:10:06] [W-7] ✅ 完成 [fork1] max-solo23/draw-your-font | 提取 0 | 新增 0 | 耗时 0s | 配额 4447/4800 11:10UTC | 主队列 61/200 发现队列 286/20000 [[fork1]:43 [user1]:243]
[2026-08-05 19:10:06] [W-7] 🔧 开始处理 [fork1] philgeorgich/draw-your-font
[2026-08-05 19:10:06] [W-7] ⏭️ [fork1] 仓库 https://github.com/philgeorgich/draw-your-font 215h 未更新，跳过解析（无需追踪）
[2026-08-05 19:10:06] [W-20]   Compare API 返回 7 个变更文件 (3 次 API 调用)
[2026-08-05 19:10:06] [W-20]   commits 过滤: 2358 → 6 (变更文件 7 个)
[2026-08-05 19:10:06] [W-20] 仓库 https://github.com/luochen1975/CTVLive2 候选文件 6 个
[2026-08-05 19:10:06] [W-18] ✅ 完成 [fork1] AtomHeartFather/draw-your-font | 提取 0 | 新增 0 | 耗时 0s | 配额 4446/4800 11:10UTC | 主队列 61/200 发现队列 285/20000 [[fork1]:42 [user1]:243]
[2026-08-05 19:10:06] [W-18] 🔧 开始处理 [fork1] nubeax/draw-your-font
[2026-08-05 19:10:06] [W-18] ⏭️ [fork1] 仓库 https://github.com/nubeax/draw-your-font 288h 未更新，跳过解析（无需追踪）
[2026-08-05 19:10:06] [W-1] ✅ 完成 [fork1] AVert/draw-your-font | 提取 0 | 新增 0 | 耗时 0s | 配额 4446/4800 11:10UTC | 主队列 61/200 发现队列 284/20000 [[fork1]:41 [user1]:243]
[2026-08-05 19:10:06] [W-1] 🔧 开始处理 [fork1] BethRitterGuthLVPC/draw-your-font
[2026-08-05 19:10:06] [W-1] ⏭️ [fork1] 仓库 https://github.com/BethRitterGuthLVPC/draw-your-font 215h 未更新，跳过解析（无需追踪）
[2026-08-05 19:10:06] [W-23] ✅ 完成 [fork1] syntax-syndicate/draw-your-font | 提取 0 | 新增 0 | 耗时 0s | 配额 4446/4800 11:10UTC | 主队列 61/200 发现队列 283/20000 [[fork1]:40 [user1]:243]
[2026-08-05 19:10:06] [W-23] 🔧 开始处理 [fork1] kkotium-dot/draw-your-font
[2026-08-05 19:10:06] [W-23] ⏭️ [fork1] 仓库 https://github.com/kkotium-dot/draw-your-font 215h 未更新，跳过解析（无需追踪）
[2026-08-05 19:10:06] [W-11]   Compare API 返回 12 个变更文件 (3 次 API 调用)
[2026-08-05 19:10:06] [W-11]   commits 过滤: 188 → 7 (变更文件 12 个)
[2026-08-05 19:10:06] [W-11] 仓库 https://github.com/luochen1975/collect-txt 候选文件 7 个
[2026-08-05 19:10:07] [W-5] ✅ 完成 [fork1] SaiferSMART/my-draw-your-font | 提取 0 | 新增 0 | 耗时 0s | 配额 4445/4800 11:10UTC | 主队列 61/200 发现队列 282/20000 [[fork1]:39 [user1]:243]
[2026-08-05 19:10:07] [W-5] 🔧 开始处理 [fork1] nikkimasani/draw-your-font
[2026-08-05 19:10:07] [W-5] ⏭️ [fork1] 仓库 https://github.com/nikkimasani/draw-your-font 106h 未更新，跳过解析（无需追踪）
[2026-08-05 19:10:07] [W-9] ✅ 完成 [fork1] alekseidoronin/draw-your-font | 提取 0 | 新增 0 | 耗时 0s | 配额 4445/4800 11:10UTC | 主队列 61/200 发现队列 281/20000 [[fork1]:38 [user1]:243]
[2026-08-05 19:10:07] [W-9] 🔧 开始处理 [fork1] RakhithJK/draw-your-font
[2026-08-05 19:10:07] [W-9] ⏭️ [fork1] 仓库 https://github.com/RakhithJK/draw-your-font 215h 未更新，跳过解析（无需追踪）
[2026-08-05 19:10:07] [W-9] ✅ 完成 [fork1] RakhithJK/draw-your-font | 提取 0 | 新增 0 | 耗时 0s | 配额 4445/4800 11:10UTC | 主队列 61/200 发现队列 280/20000 [[fork1]:37 [user1]:243]
[2026-08-05 19:10:07] [W-9] 🔧 开始处理 [fork1] rootkitfans/draw-your-font
[2026-08-05 19:10:07] [W-9] ⏭️ [fork1] 仓库 https://github.com/rootkitfans/draw-your-font 215h 未更新，跳过解析（无需追踪）
[2026-08-05 19:10:07] [W-8] ✅ 完成 [fork1] klic-awesome-code/draw-your-font | 提取 0 | 新增 0 | 耗时 0s | 配额 4445/4800 11:10UTC | 主队列 61/200 发现队列 279/20000 [[fork1]:36 [user1]:243]
[2026-08-05 19:10:07] [W-8] 🔧 开始处理 [fork1] rborisov/draw-your-font
[2026-08-05 19:10:07] [W-8] ⏭️ [fork1] 仓库 https://github.com/rborisov/draw-your-font 215h 未更新，跳过解析（无需追踪）
[2026-08-05 19:10:07] [W-8] ✅ 完成 [fork1] rborisov/draw-your-font | 提取 0 | 新增 0 | 耗时 0s | 配额 4445/4800 11:10UTC | 主队列 61/200 发现队列 278/20000 [[fork1]:35 [user1]:243]
[2026-08-05 19:10:07] [W-8] 🔧 开始处理 [fork1] IgErin/draw-your-font
[2026-08-05 19:10:07] [W-8] 📝 已处理缓存: IgErin/draw-your-font
[2026-08-05 19:10:07] [W-8] ⏭️ [fork1] 仓库 https://github.com/IgErin/draw-your-font 215h 未更新，跳过解析（无需追踪）
[2026-08-05 19:10:07] [W-2] ✅ 完成 [fork1] vladimirvalcourt/draw-your-font | 提取 0 | 新增 0 | 耗时 0s | 配额 4445/4800 11:10UTC | 主队列 61/200 发现队列 277/20000 [[fork1]:34 [user1]:243]
[2026-08-05 19:10:07] [W-2] 🔧 开始处理 [fork1] grespanmiriane-ai/draw-your-font
[2026-08-05 19:10:07] [W-2] ⏭️ [fork1] 仓库 https://github.com/grespanmiriane-ai/draw-your-font 215h 未更新，跳过解析（无需追踪）
[2026-08-05 19:10:07] [W-18] ✅ 完成 [fork1] nubeax/draw-your-font | 提取 0 | 新增 0 | 耗时 0s | 配额 4445/4800 11:10UTC | 主队列 61/200 发现队列 276/20000 [[fork1]:33 [user1]:243]
[2026-08-05 19:10:07] [W-18] 🔧 开始处理 [fork1] togecoms/draw-your-font
[2026-08-05 19:10:07] [W-18] ⏭️ [fork1] 仓库 https://github.com/togecoms/draw-your-font 215h 未更新，跳过解析（无需追踪）
[2026-08-05 19:10:07] [W-1] ✅ 完成 [fork1] BethRitterGuthLVPC/draw-your-font | 提取 0 | 新增 0 | 耗时 0s | 配额 4445/4800 11:10UTC | 主队列 61/200 发现队列 275/20000 [[fork1]:32 [user1]:243]
[2026-08-05 19:10:07] [W-1] 🔧 开始处理 [fork1] cowvet195/draw-your-font
[2026-08-05 19:10:07] [W-1] ⏭️ [fork1] 仓库 https://github.com/cowvet195/draw-your-font 215h 未更新，跳过解析（无需追踪）
[2026-08-05 19:10:07] [W-23] ✅ 完成 [fork1] kkotium-dot/draw-your-font | 提取 0 | 新增 0 | 耗时 0s | 配额 4445/4800 11:10UTC | 主队列 61/200 发现队列 274/20000 [[fork1]:31 [user1]:243]
[2026-08-05 19:10:07] [W-23] 🔧 开始处理 [fork1] hiimsajo/draw-your-font
[2026-08-05 19:10:07] [W-23] 📝 已处理缓存: hiimsajo/draw-your-font
[2026-08-05 19:10:07] [W-23] ⏭️ [fork1] 仓库 https://github.com/hiimsajo/draw-your-font 215h 未更新，跳过解析（无需追踪）
[2026-08-05 19:10:07] [W-5] ✅ 完成 [fork1] nikkimasani/draw-your-font | 提取 0 | 新增 0 | 耗时 0s | 配额 4445/4800 11:10UTC | 主队列 61/200 发现队列 273/20000 [[fork1]:30 [user1]:243]
[2026-08-05 19:10:07] [W-5] 🔧 开始处理 [fork1] drilon001/draw-your-font
[2026-08-05 19:10:07] [W-5] 📝 已处理缓存: drilon001/draw-your-font
[2026-08-05 19:10:07] [W-5] ⏭️ [fork1] 仓库 https://github.com/drilon001/draw-your-font 215h 未更新，跳过解析（无需追踪）
[2026-08-05 19:10:07] [W-5] ✅ 完成 [fork1] drilon001/draw-your-font | 提取 0 | 新增 0 | 耗时 0s | 配额 4445/4800 11:10UTC | 主队列 61/200 发现队列 272/20000 [[fork1]:29 [user1]:243]
[2026-08-05 19:10:07] [W-5] 🔧 开始处理 [fork1] hyoeunlee/draw-your-font
[2026-08-05 19:10:07] [W-5] 📝 已处理缓存: hyoeunlee/draw-your-font
[2026-08-05 19:10:07] [W-5] ⏭️ [fork1] 仓库 https://github.com/hyoeunlee/draw-your-font 215h 未更新，跳过解析（无需追踪）
[2026-08-05 19:10:07] [W-9] ✅ 完成 [fork1] rootkitfans/draw-your-font | 提取 0 | 新增 0 | 耗时 0s | 配额 4445/4800 11:10UTC | 主队列 61/200 发现队列 271/20000 [[fork1]:28 [user1]:243]
[2026-08-05 19:10:07] [W-9] 🔧 开始处理 [fork1] wangjazz/draw-your-font
[2026-08-05 19:10:07] [W-9] ⏭️ [fork1] 仓库 https://github.com/wangjazz/draw-your-font 288h 未更新，跳过解析（无需追踪）
[2026-08-05 19:10:07] [W-8] ✅ 完成 [fork1] IgErin/draw-your-font | 提取 0 | 新增 0 | 耗时 0s | 配额 4445/4800 11:10UTC | 主队列 61/200 发现队列 270/20000 [[fork1]:27 [user1]:243]
[2026-08-05 19:10:07] [W-8] 🔧 开始处理 [fork1] TiernanFalcon/draw-your-font
[2026-08-05 19:10:07] [W-8] ⏭️ [fork1] 仓库 https://github.com/TiernanFalcon/draw-your-font 288h 未更新，跳过解析（无需追踪）
[2026-08-05 19:10:07] [W-7] ✅ 完成 [fork1] philgeorgich/draw-your-font | 提取 0 | 新增 0 | 耗时 0s | 配额 4445/4800 11:10UTC | 主队列 61/200 发现队列 269/20000 [[fork1]:26 [user1]:243]
[2026-08-05 19:10:07] [W-7] 🔧 开始处理 [fork1] GuardedGoods/draw-your-font
[2026-08-05 19:10:07] [W-7] ⏭️ [fork1] 仓库 https://github.com/GuardedGoods/draw-your-font 288h 未更新，跳过解析（无需追踪）
[2026-08-05 19:10:07] [W-2] ✅ 完成 [fork1] grespanmiriane-ai/draw-your-font | 提取 0 | 新增 0 | 耗时 0s | 配额 4445/4800 11:10UTC | 主队列 61/200 发现队列 268/20000 [[fork1]:25 [user1]:243]
[2026-08-05 19:10:07] [W-2] 🔧 开始处理 [fork1] MalkinK/draw-your-font
[2026-08-05 19:10:07] [W-2] ⏭️ [fork1] 仓库 https://github.com/MalkinK/draw-your-font 288h 未更新，跳过解析（无需追踪）
[2026-08-05 19:10:07] [W-18] ✅ 完成 [fork1] togecoms/draw-your-font | 提取 0 | 新增 0 | 耗时 0s | 配额 4445/4800 11:10UTC | 主队列 61/200 发现队列 267/20000 [[fork1]:24 [user1]:243]
[2026-08-05 19:10:07] [W-18] 🔧 开始处理 [fork1] onlypwns/draw-your-font
[2026-08-05 19:10:07] [W-18] ⏭️ [fork1] 仓库 https://github.com/onlypwns/draw-your-font 288h 未更新，跳过解析（无需追踪）
[2026-08-05 19:10:07] [W-1] ✅ 完成 [fork1] cowvet195/draw-your-font | 提取 0 | 新增 0 | 耗时 0s | 配额 4445/4800 11:10UTC | 主队列 61/200 发现队列 266/20000 [[fork1]:23 [user1]:243]
[2026-08-05 19:10:07] [W-1] 🔧 开始处理 [fork1] webturtles18/draw-your-font
[2026-08-05 19:10:07] [W-1] ⏭️ [fork1] 仓库 https://github.com/webturtles18/draw-your-font 288h 未更新，跳过解析（无需追踪）
[2026-08-05 19:10:07] [W-23] ✅ 完成 [fork1] hiimsajo/draw-your-font | 提取 0 | 新增 0 | 耗时 0s | 配额 4445/4800 11:10UTC | 主队列 61/200 发现队列 265/20000 [[fork1]:22 [user1]:243]
[2026-08-05 19:10:07] [W-23] 🔧 开始处理 [fork1] gshuster/draw-your-font
[2026-08-05 19:10:07] [W-23] ⏭️ [fork1] 仓库 https://github.com/gshuster/draw-your-font 288h 未更新，跳过解析（无需追踪）
[2026-08-05 19:10:07] [W-22] ✅ 完成 [fork1] CDM172/draw-your-font | 提取 0 | 新增 0 | 耗时 0s | 配额 4445/4800 11:10UTC | 主队列 61/200 发现队列 264/20000 [[fork1]:21 [user1]:243]
[2026-08-05 19:10:07] [W-22] 🔧 开始处理 [fork1] andresbr92/draw-your-font
[2026-08-05 19:10:07] [W-22] ⏭️ [fork1] 仓库 https://github.com/andresbr92/draw-your-font 288h 未更新，跳过解析（无需追踪）
[2026-08-05 19:10:07] [W-5] ✅ 完成 [fork1] hyoeunlee/draw-your-font | 提取 0 | 新增 0 | 耗时 0s | 配额 4445/4800 11:10UTC | 主队列 61/200 发现队列 263/20000 [[fork1]:20 [user1]:243]
[2026-08-05 19:10:07] [W-5] 🔧 开始处理 [fork1] Ealanweb/draw-your-font
[2026-08-05 19:10:07] [W-5] ⏭️ [fork1] 仓库 https://github.com/Ealanweb/draw-your-font 288h 未更新，跳过解析（无需追踪）
[2026-08-05 19:10:07] [W-9] ✅ 完成 [fork1] wangjazz/draw-your-font | 提取 0 | 新增 0 | 耗时 0s | 配额 4445/4800 11:10UTC | 主队列 61/200 发现队列 262/20000 [[fork1]:19 [user1]:243]
[2026-08-05 19:10:07] [W-9] 🔧 开始处理 [fork1] Arshad-Kamal/draw-your-font
[2026-08-05 19:10:07] [W-9] ⏭️ [fork1] 仓库 https://github.com/Arshad-Kamal/draw-your-font 288h 未更新，跳过解析（无需追踪）
[2026-08-05 19:10:07] [W-8] ✅ 完成 [fork1] TiernanFalcon/draw-your-font | 提取 0 | 新增 0 | 耗时 0s | 配额 4445/4800 11:10UTC | 主队列 61/200 发现队列 261/20000 [[fork1]:18 [user1]:243]
[2026-08-05 19:10:07] [W-8] 🔧 开始处理 [fork1] andreluiszby/draw-your-font
[2026-08-05 19:10:07] [W-8] ⏭️ [fork1] 仓库 https://github.com/andreluiszby/draw-your-font 288h 未更新，跳过解析（无需追踪）
[2026-08-05 19:10:08] [W-7] ✅ 完成 [fork1] GuardedGoods/draw-your-font | 提取 0 | 新增 0 | 耗时 0s | 配额 4445/4800 11:10UTC | 主队列 61/200 发现队列 260/20000 [[fork1]:17 [user1]:243]
[2026-08-05 19:10:08] [W-7] 🔧 开始处理 [fork1] sajithamma/draw-your-font
[2026-08-05 19:10:08] [W-7] ⏭️ [fork1] 仓库 https://github.com/sajithamma/draw-your-font 288h 未更新，跳过解析（无需追踪）
[2026-08-05 19:10:08] [W-2] ✅ 完成 [fork1] MalkinK/draw-your-font | 提取 0 | 新增 0 | 耗时 0s | 配额 4445/4800 11:10UTC | 主队列 61/200 发现队列 259/20000 [[fork1]:16 [user1]:243]
[2026-08-05 19:10:08] [W-2] 🔧 开始处理 [fork1] jmiahji/draw-your-font
[2026-08-05 19:10:08] [W-2] ⏭️ [fork1] 仓库 https://github.com/jmiahji/draw-your-font 288h 未更新，跳过解析（无需追踪）
[2026-08-05 19:10:08] [W-18] ✅ 完成 [fork1] onlypwns/draw-your-font | 提取 0 | 新增 0 | 耗时 0s | 配额 4445/4800 11:10UTC | 主队列 61/200 发现队列 258/20000 [[fork1]:15 [user1]:243]
[2026-08-05 19:10:08] [W-18] 🔧 开始处理 [fork1] mrpundir/draw-your-font
[2026-08-05 19:10:08] [W-18] ⏭️ [fork1] 仓库 https://github.com/mrpundir/draw-your-font 288h 未更新，跳过解析（无需追踪）
[2026-08-05 19:10:08] [W-1] ✅ 完成 [fork1] webturtles18/draw-your-font | 提取 0 | 新增 0 | 耗时 0s | 配额 4445/4800 11:10UTC | 主队列 61/200 发现队列 257/20000 [[fork1]:14 [user1]:243]
[2026-08-05 19:10:08] [W-1] 🔧 开始处理 [fork1] rpatel1303/draw-your-font
[2026-08-05 19:10:08] [W-1] ⏭️ [fork1] 仓库 https://github.com/rpatel1303/draw-your-font 292h 未更新，跳过解析（无需追踪）
[2026-08-05 19:10:08] [W-23] ✅ 完成 [fork1] gshuster/draw-your-font | 提取 0 | 新增 0 | 耗时 0s | 配额 4445/4800 11:10UTC | 主队列 61/200 发现队列 256/20000 [[fork1]:13 [user1]:243]
[2026-08-05 19:10:08] [W-23] 🔧 开始处理 [fork1] reallygood83/font
[2026-08-05 19:10:08] [W-23] ⏭️ [fork1] 仓库 https://github.com/reallygood83/font 288h 未更新，跳过解析（无需追踪）
[2026-08-05 19:10:08] [W-22] ✅ 完成 [fork1] andresbr92/draw-your-font | 提取 0 | 新增 0 | 耗时 0s | 配额 4445/4800 11:10UTC | 主队列 61/200 发现队列 255/20000 [[fork1]:12 [user1]:243]
[2026-08-05 19:10:08] [W-22] 🔧 开始处理 [fork1] z3thon/draw-your-font
[2026-08-05 19:10:08] [W-22] ⏭️ [fork1] 仓库 https://github.com/z3thon/draw-your-font 288h 未更新，跳过解析（无需追踪）
[2026-08-05 19:10:08] [W-10] ✅ 完成 [user1] luochen1975/CTVLive | 提取 0 | 新增 0 | 耗时 26s | 配额 4445/4800 11:10UTC | 主队列 61/200 发现队列 254/20000 [[fork1]:11 [user1]:243]
[2026-08-05 19:10:08] [W-10] 🔧 开始处理 [fork1] geertpotters/draw-your-font
[2026-08-05 19:10:08] [W-10] 📝 已处理缓存: geertpotters/draw-your-font
[2026-08-05 19:10:08] [W-10] ⏭️ [fork1] 仓库 https://github.com/geertpotters/draw-your-font 288h 未更新，跳过解析（无需追踪）
[2026-08-05 19:10:08] [W-5] ✅ 完成 [fork1] Ealanweb/draw-your-font | 提取 0 | 新增 0 | 耗时 0s | 配额 4445/4800 11:10UTC | 主队列 61/200 发现队列 253/20000 [[fork1]:10 [user1]:243]
[2026-08-05 19:10:08] [W-5] 🔧 开始处理 [fork1] codehornets/draw-your-font
[2026-08-05 19:10:08] [W-5] ⏭️ [fork1] 仓库 https://github.com/codehornets/draw-your-font 288h 未更新，跳过解析（无需追踪）
[2026-08-05 19:10:08] [W-9] ✅ 完成 [fork1] Arshad-Kamal/draw-your-font | 提取 0 | 新增 0 | 耗时 0s | 配额 4445/4800 11:10UTC | 主队列 61/200 发现队列 252/20000 [[fork1]:9 [user1]:243]
[2026-08-05 19:10:08] [W-9] 🔧 开始处理 [fork1] chirplang-cpu/draw-your-font
[2026-08-05 19:10:08] [W-9] ⏭️ [fork1] 仓库 https://github.com/chirplang-cpu/draw-your-font 288h 未更新，跳过解析（无需追踪）
[2026-08-05 19:10:08] [W-8] ✅ 完成 [fork1] andreluiszby/draw-your-font | 提取 0 | 新增 0 | 耗时 0s | 配额 4445/4800 11:10UTC | 主队列 61/200 发现队列 251/20000 [[fork1]:8 [user1]:243]
[2026-08-05 19:10:08] [W-8] 🔧 开始处理 [fork1] voregnev/draw-your-font
[2026-08-05 19:10:08] [W-8] ⏭️ [fork1] 仓库 https://github.com/voregnev/draw-your-font 288h 未更新，跳过解析（无需追踪）
[2026-08-05 19:10:08] [W-7] ✅ 完成 [fork1] sajithamma/draw-your-font | 提取 0 | 新增 0 | 耗时 0s | 配额 4445/4800 11:10UTC | 主队列 61/200 发现队列 250/20000 [[fork1]:7 [user1]:243]
[2026-08-05 19:10:08] [W-7] 🔧 开始处理 [fork1] SpartanDavie/draw-your-font
[2026-08-05 19:10:08] [W-7] ⏭️ [fork1] 仓库 https://github.com/SpartanDavie/draw-your-font 288h 未更新，跳过解析（无需追踪）
[2026-08-05 19:10:08] [W-2] ✅ 完成 [fork1] jmiahji/draw-your-font | 提取 0 | 新增 0 | 耗时 0s | 配额 4445/4800 11:10UTC | 主队列 61/200 发现队列 249/20000 [[fork1]:6 [user1]:243]
[2026-08-05 19:10:08] [W-2] 🔧 开始处理 [fork1] MrAli-Code/draw-your-font
[2026-08-05 19:10:08] [W-2] ⏭️ [fork1] 仓库 https://github.com/MrAli-Code/draw-your-font 288h 未更新，跳过解析（无需追踪）
[2026-08-05 19:10:08] [W-18] ✅ 完成 [fork1] mrpundir/draw-your-font | 提取 0 | 新增 0 | 耗时 0s | 配额 4445/4800 11:10UTC | 主队列 61/200 发现队列 248/20000 [[fork1]:5 [user1]:243]
[2026-08-05 19:10:08] [W-18] 🔧 开始处理 [fork1] VasuInukollu/draw-your-font
[2026-08-05 19:10:08] [W-18] ⏭️ [fork1] 仓库 https://github.com/VasuInukollu/draw-your-font 288h 未更新，跳过解析（无需追踪）
[2026-08-05 19:10:08] [W-1] ✅ 完成 [fork1] rpatel1303/draw-your-font | 提取 0 | 新增 0 | 耗时 0s | 配额 4445/4800 11:10UTC | 主队列 61/200 发现队列 247/20000 [[fork1]:4 [user1]:243]
[2026-08-05 19:10:08] [W-1] 🔧 开始处理 [fork1] devraphaelli/draw-your-font
[2026-08-05 19:10:08] [W-1] ⏭️ [fork1] 仓库 https://github.com/devraphaelli/draw-your-font 288h 未更新，跳过解析（无需追踪）
[2026-08-05 19:10:08] [W-23] ✅ 完成 [fork1] reallygood83/font | 提取 0 | 新增 0 | 耗时 0s | 配额 4445/4800 11:10UTC | 主队列 61/200 发现队列 246/20000 [[fork1]:3 [user1]:243]
[2026-08-05 19:10:08] [W-23] 🔧 开始处理 [fork1] ArkAngelKay9/draw-your-font
[2026-08-05 19:10:08] [W-23] ⏭️ [fork1] 仓库 https://github.com/ArkAngelKay9/draw-your-font 288h 未更新，跳过解析（无需追踪）
[2026-08-05 19:10:08] [W-22] ✅ 完成 [fork1] z3thon/draw-your-font | 提取 0 | 新增 0 | 耗时 0s | 配额 4445/4800 11:10UTC | 主队列 61/200 发现队列 245/20000 [[fork1]:2 [user1]:243]
[2026-08-05 19:10:08] [W-22] 🔧 开始处理 [fork1] nico4github/draw-your-font
[2026-08-05 19:10:08] [W-22] ⏭️ [fork1] 仓库 https://github.com/nico4github/draw-your-font 288h 未更新，跳过解析（无需追踪）
[2026-08-05 19:10:08] [W-10] ✅ 完成 [fork1] geertpotters/draw-your-font | 提取 0 | 新增 0 | 耗时 0s | 配额 4445/4800 11:10UTC | 主队列 61/200 发现队列 244/20000 [[fork1]:1 [user1]:243]
[2026-08-05 19:10:08] [W-10] 🔧 开始处理 [fork1] jdax57/draw-your-font
[2026-08-05 19:10:08] [W-10] ⏭️ [fork1] 仓库 https://github.com/jdax57/draw-your-font 288h 未更新，跳过解析（无需追踪）
[2026-08-05 19:10:08] [W-5] ✅ 完成 [fork1] codehornets/draw-your-font | 提取 0 | 新增 0 | 耗时 0s | 配额 4445/4800 11:10UTC | 主队列 61/200 发现队列 243/20000 [[user1]:243]
[2026-08-05 19:10:08] [W-5] 🔧 开始处理 [user1] cheryomukhin/DeepPavlov
[2026-08-05 19:10:08] [W-5] ⏭️ [user1] 仓库 https://github.com/cheryomukhin/DeepPavlov 68661h 未更新，跳过解析（无需追踪）
[2026-08-05 19:10:08] [W-9] ✅ 完成 [fork1] chirplang-cpu/draw-your-font | 提取 0 | 新增 0 | 耗时 0s | 配额 4445/4800 11:10UTC | 主队列 61/200 发现队列 242/20000 [[user1]:242]
[2026-08-05 19:10:08] [W-9] 🔧 开始处理 [user1] cheryomukhin/BatchAI
[2026-08-05 19:10:08] [W-9] ⏭️ [user1] 仓库 https://github.com/cheryomukhin/BatchAI 58367h 未更新，跳过解析（无需追踪）
[2026-08-05 19:10:08] [W-9] ✅ 完成 [user1] cheryomukhin/BatchAI | 提取 0 | 新增 0 | 耗时 0s | 配额 4445/4800 11:10UTC | 主队列 61/200 发现队列 241/20000 [[user1]:241]
[2026-08-05 19:10:08] [W-9] 🔧 开始处理 [user1] cheryomukhin/pytorch
[2026-08-05 19:10:08] [W-9] ⏭️ [user1] 仓库 https://github.com/cheryomukhin/pytorch 67730h 未更新，跳过解析（无需追踪）
[2026-08-05 19:10:08] [W-8] ✅ 完成 [fork1] voregnev/draw-your-font | 提取 0 | 新增 0 | 耗时 0s | 配额 4445/4800 11:10UTC | 主队列 61/200 发现队列 240/20000 [[user1]:240]
[2026-08-05 19:10:08] [W-8] 🔧 开始处理 [user1] cheryomukhin/CIAN_Parcing
[2026-08-05 19:10:08] [W-8] ⏭️ [user1] 仓库 https://github.com/cheryomukhin/CIAN_Parcing 85261h 未更新，跳过解析（无需追踪）
[2026-08-05 19:10:08] [W-7] ✅ 完成 [fork1] SpartanDavie/draw-your-font | 提取 0 | 新增 0 | 耗时 0s | 配额 4445/4800 11:10UTC | 主队列 61/200 发现队列 239/20000 [[user1]:239]
[2026-08-05 19:10:08] [W-7] 🔧 开始处理 [user1] cheryomukhin/Data-Science--Cheat-Sheet
[2026-08-05 19:10:08] [W-7] ⏭️ [user1] 仓库 https://github.com/cheryomukhin/Data-Science--Cheat-Sheet 63760h 未更新，跳过解析（无需追踪）
[2026-08-05 19:10:08] [W-2] ✅ 完成 [fork1] MrAli-Code/draw-your-font | 提取 0 | 新增 0 | 耗时 0s | 配额 4445/4800 11:10UTC | 主队列 61/200 发现队列 238/20000 [[user1]:238]
[2026-08-05 19:10:08] [W-2] 🔧 开始处理 [user1] cheryomukhin/introduction_to_ml_with_python
[2026-08-05 19:10:08] [W-2] ⏭️ [user1] 仓库 https://github.com/cheryomukhin/introduction_to_ml_with_python 56271h 未更新，跳过解析（无需追踪）
[2026-08-05 19:10:08] [W-18] ✅ 完成 [fork1] VasuInukollu/draw-your-font | 提取 0 | 新增 0 | 耗时 0s | 配额 4445/4800 11:10UTC | 主队列 61/200 发现队列 237/20000 [[user1]:237]
[2026-08-05 19:10:08] [W-18] 🔧 开始处理 [user1] cheryomukhin/notebooks
[2026-08-05 19:10:08] [W-18] ⏭️ [user1] 仓库 https://github.com/cheryomukhin/notebooks 57132h 未更新，跳过解析（无需追踪）
[2026-08-05 19:10:08] [W-1] ✅ 完成 [fork1] devraphaelli/draw-your-font | 提取 0 | 新增 0 | 耗时 0s | 配额 4445/4800 11:10UTC | 主队列 61/200 发现队列 236/20000 [[user1]:236]
[2026-08-05 19:10:08] [W-1] 🔧 开始处理 [user1] cheryomukhin/natasha
[2026-08-05 19:10:08] [W-1] ⏭️ [user1] 仓库 https://github.com/cheryomukhin/natasha 69073h 未更新，跳过解析（无需追踪）
[2026-08-05 19:10:08] [W-23] ✅ 完成 [fork1] ArkAngelKay9/draw-your-font | 提取 0 | 新增 0 | 耗时 0s | 配额 4445/4800 11:10UTC | 主队列 61/200 发现队列 235/20000 [[user1]:235]
[2026-08-05 19:10:08] [W-23] 🔧 开始处理 [user1] cheryomukhin/dlschool
[2026-08-05 19:10:08] [W-23] ⏭️ [user1] 仓库 https://github.com/cheryomukhin/dlschool 65251h 未更新，跳过解析（无需追踪）
[2026-08-05 19:10:08] [W-22] ✅ 完成 [fork1] nico4github/draw-your-font | 提取 0 | 新增 0 | 耗时 0s | 配额 4445/4800 11:10UTC | 主队列 61/200 发现队列 234/20000 [[user1]:234]
[2026-08-05 19:10:08] [W-22] 🔧 开始处理 [user1] cheryomukhin/COURSERA-ML-DATA-ANALYSIS
[2026-08-05 19:10:08] [W-22] ⏭️ [user1] 仓库 https://github.com/cheryomukhin/COURSERA-ML-DATA-ANALYSIS 65996h 未更新，跳过解析（无需追踪）
[2026-08-05 19:10:08] [W-10] ✅ 完成 [fork1] jdax57/draw-your-font | 提取 0 | 新增 0 | 耗时 0s | 配额 4445/4800 11:10UTC | 主队列 61/200 发现队列 233/20000 [[user1]:233]
[2026-08-05 19:10:08] [W-10] 🔧 开始处理 [user1] cheryomukhin/stockpredictionai
[2026-08-05 19:10:08] [W-10] ⏭️ [user1] 仓库 https://github.com/cheryomukhin/stockpredictionai 66153h 未更新，跳过解析（无需追踪）
[2026-08-05 19:10:08] [W-5] ✅ 完成 [user1] cheryomukhin/DeepPavlov | 提取 0 | 新增 0 | 耗时 0s | 配额 4445/4800 11:10UTC | 主队列 61/200 发现队列 232/20000 [[user1]:232]
[2026-08-05 19:10:08] [W-5] 🔧 开始处理 [user1] cheryomukhin/Data-Analysis
[2026-08-05 19:10:08] [W-5] ⏭️ [user1] 仓库 https://github.com/cheryomukhin/Data-Analysis 66097h 未更新，跳过解析（无需追踪）
[2026-08-05 19:10:08] [W-9] ✅ 完成 [user1] cheryomukhin/pytorch | 提取 0 | 新增 0 | 耗时 0s | 配额 4445/4800 11:10UTC | 主队列 61/200 发现队列 231/20000 [[user1]:231]
[2026-08-05 19:10:08] [W-9] 🔧 开始处理 [user1] cheryomukhin/awesome-remote-job
[2026-08-05 19:10:08] [W-9] ⏭️ [user1] 仓库 https://github.com/cheryomukhin/awesome-remote-job 67050h 未更新，跳过解析（无需追踪）
[2026-08-05 19:10:08] [W-19] ✅ 完成 [user1] luochen1975/xuexuguang-tvbox_spider | 提取 0 | 新增 0 | 耗时 24s | 配额 4445/4800 11:10UTC | 主队列 61/200 发现队列 230/20000 [[user1]:230]
[2026-08-05 19:10:08] [W-19] 🔧 开始处理 [user1] cheryomukhin/DensePose
[2026-08-05 19:10:08] [W-19] ⏭️ [user1] 仓库 https://github.com/cheryomukhin/DensePose 66899h 未更新，跳过解析（无需追踪）
[2026-08-05 19:10:08] [W-6] ✅ 完成 [user1] luochen1975/CF-Proxyip | 提取 0 | 新增 0 | 耗时 53s | 配额 4445/4800 11:10UTC | 主队列 61/200 发现队列 229/20000 [[user1]:229]
[2026-08-05 19:10:08] [W-8] ✅ 完成 [user1] cheryomukhin/CIAN_Parcing | 提取 0 | 新增 0 | 耗时 0s | 配额 4445/4800 11:10UTC | 主队列 61/200 发现队列 228/20000 [[user1]:228]
[2026-08-05 19:10:08] [W-8] 🔧 开始处理 [user1] cheryomukhin/ml-course-msu
[2026-08-05 19:10:08] [W-8] ⏭️ [user1] 仓库 https://github.com/cheryomukhin/ml-course-msu 72283h 未更新，跳过解析（无需追踪）
[2026-08-05 19:10:08] [W-6] 🔧 开始处理 [user1] cheryomukhin/pullenti-wrapper
[2026-08-05 19:10:08] [W-6] ⏭️ [user1] 仓库 https://github.com/cheryomukhin/pullenti-wrapper 69238h 未更新，跳过解析（无需追踪）
[2026-08-05 19:10:08] [W-7] ✅ 完成 [user1] cheryomukhin/Data-Science--Cheat-Sheet | 提取 0 | 新增 0 | 耗时 0s | 配额 4445/4800 11:10UTC | 主队列 61/200 发现队列 227/20000 [[user1]:227]
[2026-08-05 19:10:08] [W-7] 🔧 开始处理 [user1] cheryomukhin/telecomdatacup
[2026-08-05 19:10:08] [W-7] ⏭️ [user1] 仓库 https://github.com/cheryomukhin/telecomdatacup 67555h 未更新，跳过解析（无需追踪）
[2026-08-05 19:10:08] [W-2] ✅ 完成 [user1] cheryomukhin/introduction_to_ml_with_python | 提取 0 | 新增 0 | 耗时 0s | 配额 4445/4800 11:10UTC | 主队列 61/200 发现队列 226/20000 [[user1]:226]
[2026-08-05 19:10:08] [W-2] 🔧 开始处理 [user1] cheryomukhin/adanet
[2026-08-05 19:10:08] [W-2] ⏭️ [user1] 仓库 https://github.com/cheryomukhin/adanet 67673h 未更新，跳过解析（无需追踪）
[2026-08-05 19:10:08] [W-18] ✅ 完成 [user1] cheryomukhin/notebooks | 提取 0 | 新增 0 | 耗时 0s | 配额 4445/4800 11:10UTC | 主队列 61/200 发现队列 225/20000 [[user1]:225]
[2026-08-05 19:10:08] [W-18] 🔧 开始处理 [user1] cheryomukhin/cheatsheets
[2026-08-05 19:10:08] [W-18] ⏭️ [user1] 仓库 https://github.com/cheryomukhin/cheatsheets 67575h 未更新，跳过解析（无需追踪）
[2026-08-05 19:10:08] [W-1] ✅ 完成 [user1] cheryomukhin/natasha | 提取 0 | 新增 0 | 耗时 0s | 配额 4445/4800 11:10UTC | 主队列 61/200 发现队列 224/20000 [[user1]:224]
[2026-08-05 19:10:08] [W-1] 🔧 开始处理 [user1] cheryomukhin/shogun
[2026-08-05 19:10:08] [W-1] ⏭️ [user1] 仓库 https://github.com/cheryomukhin/shogun 67645h 未更新，跳过解析（无需追踪）
[2026-08-05 19:10:08] [W-23] ✅ 完成 [user1] cheryomukhin/dlschool | 提取 0 | 新增 0 | 耗时 0s | 配额 4445/4800 11:10UTC | 主队列 61/200 发现队列 223/20000 [[user1]:223]
[2026-08-05 19:10:08] [W-23] 🔧 开始处理 [user1] cheryomukhin/ThinkStats2
[2026-08-05 19:10:08] [W-23] ⏭️ [user1] 仓库 https://github.com/cheryomukhin/ThinkStats2 69646h 未更新，跳过解析（无需追踪）
[2026-08-05 19:10:08] [W-22] ✅ 完成 [user1] cheryomukhin/COURSERA-ML-DATA-ANALYSIS | 提取 0 | 新增 0 | 耗时 0s | 配额 4445/4800 11:10UTC | 主队列 61/200 发现队列 222/20000 [[user1]:222]
[2026-08-05 19:10:08] [W-22] 🔧 开始处理 [user1] cheryomukhin/book-1
[2026-08-05 19:10:08] [W-22] ⏭️ [user1] 仓库 https://github.com/cheryomukhin/book-1 89253h 未更新，跳过解析（无需追踪）
[2026-08-05 19:10:08] [W-10] ✅ 完成 [user1] cheryomukhin/stockpredictionai | 提取 0 | 新增 0 | 耗时 0s | 配额 4445/4800 11:10UTC | 主队列 61/200 发现队列 221/20000 [[user1]:221]
[2026-08-05 19:10:08] [W-10] 🔧 开始处理 [user1] cheryomukhin/NameGenderClassification
[2026-08-05 19:10:08] [W-10] ⏭️ [user1] 仓库 https://github.com/cheryomukhin/NameGenderClassification 67726h 未更新，跳过解析（无需追踪）
[2026-08-05 19:10:08] [W-5] ✅ 完成 [user1] cheryomukhin/Data-Analysis | 提取 0 | 新增 0 | 耗时 0s | 配额 4445/4800 11:10UTC | 主队列 61/200 发现队列 220/20000 [[user1]:220]
[2026-08-05 19:10:08] [W-5] 🔧 开始处理 [user1] cheryomukhin/storytelling-with-data
[2026-08-05 19:10:08] [W-5] ⏭️ [user1] 仓库 https://github.com/cheryomukhin/storytelling-with-data 69458h 未更新，跳过解析（无需追踪）
[2026-08-05 19:10:08] [W-9] ✅ 完成 [user1] cheryomukhin/awesome-remote-job | 提取 0 | 新增 0 | 耗时 0s | 配额 4445/4800 11:10UTC | 主队列 61/200 发现队列 219/20000 [[user1]:219]
[2026-08-05 19:10:08] [W-9] 🔧 开始处理 [user1] cheryomukhin/CNTK
[2026-08-05 19:10:08] [W-9] ⏭️ [user1] 仓库 https://github.com/cheryomukhin/CNTK 68242h 未更新，跳过解析（无需追踪）
[2026-08-05 19:10:08] [W-19] ✅ 完成 [user1] cheryomukhin/DensePose | 提取 0 | 新增 0 | 耗时 0s | 配额 4445/4800 11:10UTC | 主队列 61/200 发现队列 218/20000 [[user1]:218]
[2026-08-05 19:10:08] [W-19] 🔧 开始处理 [user1] cheryomukhin/shap
[2026-08-05 19:10:08] [W-19] ⏭️ [user1] 仓库 https://github.com/cheryomukhin/shap 68537h 未更新，跳过解析（无需追踪）
[2026-08-05 19:10:08] [W-8] ✅ 完成 [user1] cheryomukhin/ml-course-msu | 提取 0 | 新增 0 | 耗时 0s | 配额 4445/4800 11:10UTC | 主队列 61/200 发现队列 217/20000 [[user1]:217]
[2026-08-05 19:10:08] [W-8] 🔧 开始处理 [user1] cheryomukhin/ipymarkup
[2026-08-05 19:10:08] [W-8] ⏭️ [user1] 仓库 https://github.com/cheryomukhin/ipymarkup 69045h 未更新，跳过解析（无需追踪）
[2026-08-05 19:10:08] [W-6] ✅ 完成 [user1] cheryomukhin/pullenti-wrapper | 提取 0 | 新增 0 | 耗时 0s | 配额 4445/4800 11:10UTC | 主队列 61/200 发现队列 216/20000 [[user1]:216]
[2026-08-05 19:10:08] [W-6] 🔧 开始处理 [user1] cheryomukhin/yargy
[2026-08-05 19:10:08] [W-6] ⏭️ [user1] 仓库 https://github.com/cheryomukhin/yargy 69029h 未更新，跳过解析（无需追踪）
[2026-08-05 19:10:08] [W-7] ✅ 完成 [user1] cheryomukhin/telecomdatacup | 提取 0 | 新增 0 | 耗时 0s | 配额 4445/4800 11:10UTC | 主队列 61/200 发现队列 215/20000 [[user1]:215]
[2026-08-05 19:10:08] [W-7] 🔧 开始处理 [user1] cheryomukhin/PyGithub
[2026-08-05 19:10:08] [W-7] ⏭️ [user1] 仓库 https://github.com/cheryomukhin/PyGithub 68641h 未更新，跳过解析（无需追踪）
[2026-08-05 19:10:08] [W-2] ✅ 完成 [user1] cheryomukhin/adanet | 提取 0 | 新增 0 | 耗时 0s | 配额 4445/4800 11:10UTC | 主队列 61/200 发现队列 214/20000 [[user1]:214]
[2026-08-05 19:10:08] [W-2] 🔧 开始处理 [user1] cheryomukhin/python_intro
[2026-08-05 19:10:08] [W-2] ⏭️ [user1] 仓库 https://github.com/cheryomukhin/python_intro 69537h 未更新，跳过解析（无需追踪）
[2026-08-05 19:10:08] [W-18] ✅ 完成 [user1] cheryomukhin/cheatsheets | 提取 0 | 新增 0 | 耗时 0s | 配额 4445/4800 11:10UTC | 主队列 61/200 发现队列 213/20000 [[user1]:213]
[2026-08-05 19:10:08] [W-18] 🔧 开始处理 [user1] rrzt/tvbox_collect
[2026-08-05 19:10:08] [W-18] ⏭️ [user1] 仓库 https://github.com/rrzt/tvbox_collect 92h 未更新，跳过解析（无需追踪）
[2026-08-05 19:10:08] [W-1] ✅ 完成 [user1] cheryomukhin/shogun | 提取 0 | 新增 0 | 耗时 0s | 配额 4445/4800 11:10UTC | 主队列 61/200 发现队列 212/20000 [[user1]:212]
[2026-08-05 19:10:08] [W-1] 🔧 开始处理 [user1] rrzt/jiemi
[2026-08-05 19:10:08] [W-1] ⏭️ [user1] 仓库 https://github.com/rrzt/jiemi 92h 未更新，跳过解析（无需追踪）
[2026-08-05 19:10:08] [W-23] ✅ 完成 [user1] cheryomukhin/ThinkStats2 | 提取 0 | 新增 0 | 耗时 0s | 配额 4445/4800 11:10UTC | 主队列 61/200 发现队列 211/20000 [[user1]:211]
[2026-08-05 19:10:08] [W-23] 🔧 开始处理 [user1] rrzt/NoMoreWalls
[2026-08-05 19:10:08] [W-23] ⏭️ [user1] 仓库 https://github.com/rrzt/NoMoreWalls 92h 未更新，跳过解析（无需追踪）
[2026-08-05 19:10:09] [W-22] ✅ 完成 [user1] cheryomukhin/book-1 | 提取 0 | 新增 0 | 耗时 0s | 配额 4445/4800 11:10UTC | 主队列 61/200 发现队列 210/20000 [[user1]:210]
[2026-08-05 19:10:09] [W-22] 🔧 开始处理 [user1] rrzt/SOFT_COLLECT
[2026-08-05 19:10:09] [W-22] ⏭️ [user1] 仓库 https://github.com/rrzt/SOFT_COLLECT 92h 未更新，跳过解析（无需追踪）
[2026-08-05 19:10:09] [W-10] ✅ 完成 [user1] cheryomukhin/NameGenderClassification | 提取 0 | 新增 0 | 耗时 0s | 配额 4445/4800 11:10UTC | 主队列 61/200 发现队列 209/20000 [[user1]:209]
[2026-08-05 19:10:09] [W-10] 🔧 开始处理 [user1] rrzt/clashcode_collect
[2026-08-05 19:10:09] [W-10] ⏭️ [user1] 仓库 https://github.com/rrzt/clashcode_collect 93h 未更新，跳过解析（无需追踪）
[2026-08-05 19:10:09] [W-5] ✅ 完成 [user1] cheryomukhin/storytelling-with-data | 提取 0 | 新增 0 | 耗时 0s | 配额 4445/4800 11:10UTC | 主队列 61/200 发现队列 208/20000 [[user1]:208]
[2026-08-05 19:10:09] [W-5] 🔧 开始处理 [user1] rrzt/spider-clash
[2026-08-05 19:10:09] [W-5] ⏭️ [user1] 仓库 https://github.com/rrzt/spider-clash 94h 未更新，跳过解析（无需追踪）
[2026-08-05 19:10:09] [W-9] ✅ 完成 [user1] cheryomukhin/CNTK | 提取 0 | 新增 0 | 耗时 0s | 配额 4445/4800 11:10UTC | 主队列 61/200 发现队列 207/20000 [[user1]:207]
[2026-08-05 19:10:09] [W-9] 🔧 开始处理 [user1] rrzt/get_subscribe
[2026-08-05 19:10:09] [W-9] ⏭️ [user1] 仓库 https://github.com/rrzt/get_subscribe 94h 未更新，跳过解析（无需追踪）
[2026-08-05 19:10:09] [W-19] ✅ 完成 [user1] cheryomukhin/shap | 提取 0 | 新增 0 | 耗时 0s | 配额 4445/4800 11:10UTC | 主队列 61/200 发现队列 206/20000 [[user1]:206]
[2026-08-05 19:10:09] [W-19] 🔧 开始处理 [user1] rrzt/TV1_api
[2026-08-05 19:10:09] [W-19] 📝 已处理缓存: rrzt/TV1_api
[2026-08-05 19:10:09] [W-19] ⏭️ [user1] 仓库 https://github.com/rrzt/TV1_api 95h 未更新，跳过解析（无需追踪）
[2026-08-05 19:10:09] [W-8] ✅ 完成 [user1] cheryomukhin/ipymarkup | 提取 0 | 新增 0 | 耗时 0s | 配额 4445/4800 11:10UTC | 主队列 61/200 发现队列 205/20000 [[user1]:205]
[2026-08-05 19:10:09] [W-8] 🔧 开始处理 [user1] rrzt/TVAPP
[2026-08-05 19:10:09] [W-8] ⏭️ [user1] 仓库 https://github.com/rrzt/TVAPP 104h 未更新，跳过解析（无需追踪）
[2026-08-05 19:10:09] [W-6] ✅ 完成 [user1] cheryomukhin/yargy | 提取 0 | 新增 0 | 耗时 0s | 配额 4445/4800 11:10UTC | 主队列 61/200 发现队列 204/20000 [[user1]:204]
[2026-08-05 19:10:09] [W-6] 🔧 开始处理 [user1] rrzt/hipy-drpy2
[2026-08-05 19:10:09] [W-6] ⏭️ [user1] 仓库 https://github.com/rrzt/hipy-drpy2 105h 未更新，跳过解析（无需追踪）
[2026-08-05 19:10:09] [W-16] 仓库 https://github.com/luochen1975/live 候选文件 6 个
[2026-08-05 19:10:09] [W-7] ✅ 完成 [user1] cheryomukhin/PyGithub | 提取 0 | 新增 0 | 耗时 0s | 配额 4445/4800 11:10UTC | 主队列 61/200 发现队列 203/20000 [[user1]:203]
[2026-08-05 19:10:09] [W-7] 🔧 开始处理 [user1] rrzt/Clash
[2026-08-05 19:10:09] [W-7] ⏭️ [user1] 仓库 https://github.com/rrzt/Clash 115h 未更新，跳过解析（无需追踪）
[2026-08-05 19:10:09] [W-2] ✅ 完成 [user1] cheryomukhin/python_intro | 提取 0 | 新增 0 | 耗时 0s | 配额 4445/4800 11:10UTC | 主队列 61/200 发现队列 202/20000 [[user1]:202]
[2026-08-05 19:10:09] [W-2] 🔧 开始处理 [user1] rrzt/BestSub
[2026-08-05 19:10:09] [W-2] ⏭️ [user1] 仓库 https://github.com/rrzt/BestSub 340h 未更新，跳过解析（无需追踪）
[2026-08-05 19:10:09] [W-18] ✅ 完成 [user1] rrzt/tvbox_collect | 提取 0 | 新增 0 | 耗时 0s | 配额 4445/4800 11:10UTC | 主队列 61/200 发现队列 201/20000 [[user1]:201]
[2026-08-05 19:10:09] [W-18] 🔧 开始处理 [user1] rrzt/pan-site-monitor
[2026-08-05 19:10:09] [W-18] ⏭️ [user1] 仓库 https://github.com/rrzt/pan-site-monitor 460h 未更新，跳过解析（无需追踪）
[2026-08-05 19:10:09] [W-1] ✅ 完成 [user1] rrzt/jiemi | 提取 0 | 新增 0 | 耗时 0s | 配额 4445/4800 11:10UTC | 主队列 61/200 发现队列 200/20000 [[user1]:200]
[2026-08-05 19:10:09] [W-1] 🔧 开始处理 [user1] rrzt/tvboxjiajiem
[2026-08-05 19:10:09] [W-1] ⏭️ [user1] 仓库 https://github.com/rrzt/tvboxjiajiem 5956h 未更新，跳过解析（无需追踪）
[2026-08-05 19:10:09] [W-23] ✅ 完成 [user1] rrzt/NoMoreWalls | 提取 0 | 新增 0 | 耗时 0s | 配额 4445/4800 11:10UTC | 主队列 61/200 发现队列 199/20000 [[user1]:199]
[2026-08-05 19:10:09] [W-23] 🔧 开始处理 [user1] rrzt/tvbox_config
[2026-08-05 19:10:09] [W-23] ⏭️ [user1] 仓库 https://github.com/rrzt/tvbox_config 506h 未更新，跳过解析（无需追踪）
[2026-08-05 19:10:09] [W-23] ✅ 完成 [user1] rrzt/tvbox_config | 提取 0 | 新增 0 | 耗时 0s | 配额 4445/4800 11:10UTC | 主队列 61/200 发现队列 198/20000 [[user1]:198]
[2026-08-05 19:10:09] [W-23] 🔧 开始处理 [user1] rrzt/tvboxtl
[2026-08-05 19:10:09] [W-23] ⏭️ [user1] 仓库 https://github.com/rrzt/tvboxtl 533h 未更新，跳过解析（无需追踪）
[2026-08-05 19:10:09] [W-10] ✅ 完成 [user1] rrzt/clashcode_collect | 提取 0 | 新增 0 | 耗时 0s | 配额 4445/4800 11:10UTC | 主队列 61/200 发现队列 197/20000 [[user1]:197]
[2026-08-05 19:10:09] [W-10] 🔧 开始处理 [user1] rrzt/NewTVBox
[2026-08-05 19:10:09] [W-10] ⏭️ [user1] 仓库 https://github.com/rrzt/NewTVBox 843h 未更新，跳过解析（无需追踪）
[2026-08-05 19:10:09] [W-10] ✅ 完成 [user1] rrzt/NewTVBox | 提取 0 | 新增 0 | 耗时 0s | 配额 4445/4800 11:10UTC | 主队列 61/200 发现队列 196/20000 [[user1]:196]
[2026-08-05 19:10:09] [W-10] 🔧 开始处理 [user1] rrzt/copyMHQTV18
[2026-08-05 19:10:09] [W-10] ⏭️ [user1] 仓库 https://github.com/rrzt/copyMHQTV18 24199h 未更新，跳过解析（无需追踪）
[2026-08-05 19:10:09] [W-9] ✅ 完成 [user1] rrzt/get_subscribe | 提取 0 | 新增 0 | 耗时 0s | 配额 4445/4800 11:10UTC | 主队列 61/200 发现队列 195/20000 [[user1]:195]
[2026-08-05 19:10:09] [W-9] 🔧 开始处理 [user1] rrzt/home
[2026-08-05 19:10:09] [W-9] ⏭️ [user1] 仓库 https://github.com/rrzt/home 3917h 未更新，跳过解析（无需追踪）
[2026-08-05 19:10:09] [W-19] ✅ 完成 [user1] rrzt/TV1_api | 提取 0 | 新增 0 | 耗时 0s | 配额 4445/4800 11:10UTC | 主队列 61/200 发现队列 194/20000 [[user1]:194]
[2026-08-05 19:10:09] [W-19] 🔧 开始处理 [user1] rrzt/AutoMergePublicNodes
[2026-08-05 19:10:09] [W-19] ⏭️ [user1] 仓库 https://github.com/rrzt/AutoMergePublicNodes 610h 未更新，跳过解析（无需追踪）
[2026-08-05 19:10:09] [W-8] ✅ 完成 [user1] rrzt/TVAPP | 提取 0 | 新增 0 | 耗时 0s | 配额 4445/4800 11:10UTC | 主队列 61/200 发现队列 193/20000 [[user1]:193]
[2026-08-05 19:10:09] [W-8] 🔧 开始处理 [user1] rrzt/TVBOX-merge
[2026-08-05 19:10:09] [W-8] ⏭️ [user1] 仓库 https://github.com/rrzt/TVBOX-merge 2083h 未更新，跳过解析（无需追踪）
[2026-08-05 19:10:09] [W-6] ✅ 完成 [user1] rrzt/hipy-drpy2 | 提取 0 | 新增 0 | 耗时 0s | 配额 4445/4800 11:10UTC | 主队列 61/200 发现队列 192/20000 [[user1]:192]
[2026-08-05 19:10:09] [W-6] 🔧 开始处理 [user1] rrzt/free-v2ray-ssr-trojan-clash-nodes
[2026-08-05 19:10:09] [W-6] ⏭️ [user1] 仓库 https://github.com/rrzt/free-v2ray-ssr-trojan-clash-nodes 3586h 未更新，跳过解析（无需追踪）
[2026-08-05 19:10:09] [W-6] ✅ 完成 [user1] rrzt/free-v2ray-ssr-trojan-clash-nodes | 提取 0 | 新增 0 | 耗时 0s | 配额 4445/4800 11:10UTC | 主队列 61/200 发现队列 191/20000 [[user1]:191]
[2026-08-05 19:10:09] [W-6] 🔧 开始处理 [user1] rrzt/BestClash
[2026-08-05 19:10:09] [W-6] ⏭️ [user1] 仓库 https://github.com/rrzt/BestClash 938h 未更新，跳过解析（无需追踪）
[2026-08-05 19:10:09] [W-2] ✅ 完成 [user1] rrzt/BestSub | 提取 0 | 新增 0 | 耗时 0s | 配额 4445/4800 11:10UTC | 主队列 61/200 发现队列 190/20000 [[user1]:190]
[2026-08-05 19:10:09] [W-2] 🔧 开始处理 [user1] rrzt/sublinkX
[2026-08-05 19:10:09] [W-2] ⏭️ [user1] 仓库 https://github.com/rrzt/sublinkX 10010h 未更新，跳过解析（无需追踪）
[2026-08-05 19:10:09] [W-18] ✅ 完成 [user1] rrzt/pan-site-monitor | 提取 0 | 新增 0 | 耗时 0s | 配额 4445/4800 11:10UTC | 主队列 61/200 发现队列 189/20000 [[user1]:189]
[2026-08-05 19:10:09] [W-18] 🔧 开始处理 [user1] rrzt/miaomiaowu
[2026-08-05 19:10:09] [W-18] ⏭️ [user1] 仓库 https://github.com/rrzt/miaomiaowu 961h 未更新，跳过解析（无需追踪）
[2026-08-05 19:10:09] [W-1] ✅ 完成 [user1] rrzt/tvboxjiajiem | 提取 0 | 新增 0 | 耗时 0s | 配额 4445/4800 11:10UTC | 主队列 61/200 发现队列 188/20000 [[user1]:188]
[2026-08-05 19:10:09] [W-1] 🔧 开始处理 [user1] rrzt/fanqiang
[2026-08-05 19:10:09] [W-1] ⏭️ [user1] 仓库 https://github.com/rrzt/fanqiang 1537h 未更新，跳过解析（无需追踪）
[2026-08-05 19:10:09] [W-23] ✅ 完成 [user1] rrzt/tvboxtl | 提取 0 | 新增 0 | 耗时 0s | 配额 4445/4800 11:10UTC | 主队列 61/200 发现队列 187/20000 [[user1]:187]
[2026-08-05 19:10:09] [W-23] 🔧 开始处理 [user1] rrzt/IY
[2026-08-05 19:10:09] [W-23] ⏭️ [user1] 仓库 https://github.com/rrzt/IY 2354h 未更新，跳过解析（无需追踪）
[2026-08-05 19:10:09] [W-22] ✅ 完成 [user1] rrzt/SOFT_COLLECT | 提取 0 | 新增 0 | 耗时 0s | 配额 4445/4800 11:10UTC | 主队列 61/200 发现队列 186/20000 [[user1]:186]
[2026-08-05 19:10:09] [W-22] 🔧 开始处理 [user1] rrzt/zx
[2026-08-05 19:10:09] [W-22] ⏭️ [user1] 仓库 https://github.com/rrzt/zx 2354h 未更新，跳过解析（无需追踪）
[2026-08-05 19:10:09] [W-10] ✅ 完成 [user1] rrzt/copyMHQTV18 | 提取 0 | 新增 0 | 耗时 0s | 配额 4445/4800 11:10UTC | 主队列 61/200 发现队列 185/20000 [[user1]:185]
[2026-08-05 19:10:09] [W-10] 🔧 开始处理 [user1] rrzt/ClashMetaForAndroid
[2026-08-05 19:10:09] [W-10] ⏭️ [user1] 仓库 https://github.com/rrzt/ClashMetaForAndroid 2810h 未更新，跳过解析（无需追踪）
[2026-08-05 19:10:09] [W-5] ✅ 完成 [user1] rrzt/spider-clash | 提取 0 | 新增 0 | 耗时 0s | 配额 4445/4800 11:10UTC | 主队列 61/200 发现队列 184/20000 [[user1]:184]
[2026-08-05 19:10:09] [W-5] 🔧 开始处理 [user1] rrzt/iptv-api
[2026-08-05 19:10:09] [W-5] ⏭️ [user1] 仓库 https://github.com/rrzt/iptv-api 2886h 未更新，跳过解析（无需追踪）
[2026-08-05 19:10:09] [W-5] ✅ 完成 [user1] rrzt/iptv-api | 提取 0 | 新增 0 | 耗时 0s | 配额 4445/4800 11:10UTC | 主队列 61/200 发现队列 183/20000 [[user1]:183]
[2026-08-05 19:10:09] [W-5] 🔧 开始处理 [user1] dhiaeddine-ayh/video-use
[2026-08-05 19:10:09] [W-5] 📝 已处理缓存: dhiaeddine-ayh/video-use
[2026-08-05 19:10:09] [W-5] ⏭️ [user1] 仓库 https://github.com/dhiaeddine-ayh/video-use 851h 未更新，跳过解析（无需追踪）
[2026-08-05 19:10:09] [W-19] ✅ 完成 [user1] rrzt/AutoMergePublicNodes | 提取 0 | 新增 0 | 耗时 0s | 配额 4445/4800 11:10UTC | 主队列 61/200 发现队列 182/20000 [[user1]:182]
[2026-08-05 19:10:09] [W-19] 🔧 开始处理 [user1] dhiaeddine-ayh/awesome-llm-apps
[2026-08-05 19:10:09] [W-19] ⏭️ [user1] 仓库 https://github.com/dhiaeddine-ayh/awesome-llm-apps 2102h 未更新，跳过解析（无需追踪）
[2026-08-05 19:10:09] [W-8] ✅ 完成 [user1] rrzt/TVBOX-merge | 提取 0 | 新增 0 | 耗时 0s | 配额 4445/4800 11:10UTC | 主队列 61/200 发现队列 181/20000 [[user1]:181]
[2026-08-05 19:10:09] [W-8] 🔧 开始处理 [user1] dhiaeddine-ayh/MasterDnsVPN
[2026-08-05 19:10:09] [W-8] ⏭️ [user1] 仓库 https://github.com/dhiaeddine-ayh/MasterDnsVPN 2223h 未更新，跳过解析（无需追踪）
[2026-08-05 19:10:09] [W-6] ✅ 完成 [user1] rrzt/BestClash | 提取 0 | 新增 0 | 耗时 0s | 配额 4445/4800 11:10UTC | 主队列 61/200 发现队列 180/20000 [[user1]:180]
[2026-08-05 19:10:09] [W-6] 🔧 开始处理 [user1] dhiaeddine-ayh/RuView
[2026-08-05 19:10:09] [W-6] ⏭️ [user1] 仓库 https://github.com/dhiaeddine-ayh/RuView 2130h 未更新，跳过解析（无需追踪）
[2026-08-05 19:10:09] [W-7] ✅ 完成 [user1] rrzt/Clash | 提取 0 | 新增 0 | 耗时 0s | 配额 4445/4800 11:10UTC | 主队列 61/200 发现队列 179/20000 [[user1]:179]
[2026-08-05 19:10:09] [W-7] 🔧 开始处理 [user1] dhiaeddine-ayh/JustHireMe
[2026-08-05 19:10:09] [W-7] ⏭️ [user1] 仓库 https://github.com/dhiaeddine-ayh/JustHireMe 2134h 未更新，跳过解析（无需追踪）
[2026-08-05 19:10:09] [W-2] ✅ 完成 [user1] rrzt/sublinkX | 提取 0 | 新增 0 | 耗时 0s | 配额 4445/4800 11:10UTC | 主队列 61/200 发现队列 178/20000 [[user1]:178]
[2026-08-05 19:10:09] [W-2] 🔧 开始处理 [user1] dhiaeddine-ayh/UI-TARS-desktop
[2026-08-05 19:10:09] [W-2] ⏭️ [user1] 仓库 https://github.com/dhiaeddine-ayh/UI-TARS-desktop 2356h 未更新，跳过解析（无需追踪）
[2026-08-05 19:10:09] [W-18] ✅ 完成 [user1] rrzt/miaomiaowu | 提取 0 | 新增 0 | 耗时 0s | 配额 4445/4800 11:10UTC | 主队列 61/200 发现队列 177/20000 [[user1]:177]
[2026-08-05 19:10:09] [W-18] 🔧 开始处理 [user1] dhiaeddine-ayh/n8n-mcp
[2026-08-05 19:10:09] [W-18] ⏭️ [user1] 仓库 https://github.com/dhiaeddine-ayh/n8n-mcp 2184h 未更新，跳过解析（无需追踪）
[2026-08-05 19:10:09] [W-1] ✅ 完成 [user1] rrzt/fanqiang | 提取 0 | 新增 0 | 耗时 0s | 配额 4445/4800 11:10UTC | 主队列 61/200 发现队列 176/20000 [[user1]:176]
[2026-08-05 19:10:09] [W-1] 🔧 开始处理 [user1] dhiaeddine-ayh/free-claude-code
[2026-08-05 19:10:09] [W-1] ⏭️ [user1] 仓库 https://github.com/dhiaeddine-ayh/free-claude-code 2190h 未更新，跳过解析（无需追踪）
[2026-08-05 19:10:09] [W-23] ✅ 完成 [user1] rrzt/IY | 提取 0 | 新增 0 | 耗时 0s | 配额 4445/4800 11:10UTC | 主队列 61/200 发现队列 175/20000 [[user1]:175]
[2026-08-05 19:10:09] [W-23] 🔧 开始处理 [user1] dhiaeddine-ayh/https-github.com-novatic14-MANPADS-System-Launcher-and-Rocket
[2026-08-05 19:10:09] [W-23] ⏭️ [user1] 仓库 https://github.com/dhiaeddine-ayh/https-github.com-novatic14-MANPADS-System-Launcher-and-Rocket 2395h 未更新，跳过解析（无需追踪）
[2026-08-05 19:10:09] [W-22] ✅ 完成 [user1] rrzt/zx | 提取 0 | 新增 0 | 耗时 0s | 配额 4445/4800 11:10UTC | 主队列 61/200 发现队列 174/20000 [[user1]:174]
[2026-08-05 19:10:09] [W-22] 🔧 开始处理 [user1] dhiaeddine-ayh/voice-pro
[2026-08-05 19:10:09] [W-22] ⏭️ [user1] 仓库 https://github.com/dhiaeddine-ayh/voice-pro 5826h 未更新，跳过解析（无需追踪）
[2026-08-05 19:10:09] [W-10] ✅ 完成 [user1] rrzt/ClashMetaForAndroid | 提取 0 | 新增 0 | 耗时 0s | 配额 4445/4800 11:10UTC | 主队列 61/200 发现队列 173/20000 [[user1]:173]
[2026-08-05 19:10:09] [W-10] 🔧 开始处理 [user1] dhiaeddine-ayh/dhia-s-shorts
[2026-08-05 19:10:09] [W-10] ⏭️ [user1] 仓库 https://github.com/dhiaeddine-ayh/dhia-s-shorts 2807h 未更新，跳过解析（无需追踪）
[2026-08-05 19:10:09] [W-5] ✅ 完成 [user1] dhiaeddine-ayh/video-use | 提取 0 | 新增 0 | 耗时 0s | 配额 4445/4800 11:10UTC | 主队列 61/200 发现队列 172/20000 [[user1]:172]
[2026-08-05 19:10:09] [W-5] 🔧 开始处理 [user1] dhiaeddine-ayh/build-your-own-x
[2026-08-05 19:10:09] [W-5] ⏭️ [user1] 仓库 https://github.com/dhiaeddine-ayh/build-your-own-x 3962h 未更新，跳过解析（无需追踪）
[2026-08-05 19:10:09] [W-9] ✅ 完成 [user1] rrzt/home | 提取 0 | 新增 0 | 耗时 0s | 配额 4445/4800 11:10UTC | 主队列 61/200 发现队列 171/20000 [[user1]:171]
[2026-08-05 19:10:09] [W-9] 🔧 开始处理 [user1] dhiaeddine-ayh/fmcw_radar_lab
[2026-08-05 19:10:09] [W-9] ⏭️ [user1] 仓库 https://github.com/dhiaeddine-ayh/fmcw_radar_lab 2506h 未更新，跳过解析（无需追踪）
[2026-08-05 19:10:09] [W-9] ✅ 完成 [user1] dhiaeddine-ayh/fmcw_radar_lab | 提取 0 | 新增 0 | 耗时 0s | 配额 4445/4800 11:10UTC | 主队列 61/200 发现队列 170/20000 [[user1]:170]
[2026-08-05 19:10:09] [W-9] 🔧 开始处理 [user1] dhiaeddine-ayh/radar_simulator_fmcw
[2026-08-05 19:10:09] [W-9] ⚠️ [user1] 仓库 https://github.com/dhiaeddine-ayh/radar_simulator_fmcw 大小为 0，跳过
[2026-08-05 19:10:09] [W-8] ✅ 完成 [user1] dhiaeddine-ayh/MasterDnsVPN | 提取 0 | 新增 0 | 耗时 0s | 配额 4445/4800 11:10UTC | 主队列 61/200 发现队列 169/20000 [[user1]:169]
[2026-08-05 19:10:09] [W-8] 🔧 开始处理 [user1] dhiaeddine-ayh/reBot-DevArm
[2026-08-05 19:10:09] [W-8] ⏭️ [user1] 仓库 https://github.com/dhiaeddine-ayh/reBot-DevArm 2876h 未更新，跳过解析（无需追踪）
[2026-08-05 19:10:09] [W-6] ✅ 完成 [user1] dhiaeddine-ayh/RuView | 提取 0 | 新增 0 | 耗时 0s | 配额 4445/4800 11:10UTC | 主队列 61/200 发现队列 168/20000 [[user1]:168]
[2026-08-05 19:10:09] [W-6] 🔧 开始处理 [user1] dhiaeddine-ayh/career-ops
[2026-08-05 19:10:09] [W-6] ⏭️ [user1] 仓库 https://github.com/dhiaeddine-ayh/career-ops 2881h 未更新，跳过解析（无需追踪）
[2026-08-05 19:10:09] [W-7] ✅ 完成 [user1] dhiaeddine-ayh/JustHireMe | 提取 0 | 新增 0 | 耗时 0s | 配额 4445/4800 11:10UTC | 主队列 61/200 发现队列 167/20000 [[user1]:167]
[2026-08-05 19:10:09] [W-7] 🔧 开始处理 [user1] dhiaeddine-ayh/CRLS32
[2026-08-05 19:10:09] [W-7] ⏭️ [user1] 仓库 https://github.com/dhiaeddine-ayh/CRLS32 2964h 未更新，跳过解析（无需追踪）
[2026-08-05 19:10:09] [W-2] ✅ 完成 [user1] dhiaeddine-ayh/UI-TARS-desktop | 提取 0 | 新增 0 | 耗时 0s | 配额 4445/4800 11:10UTC | 主队列 61/200 发现队列 166/20000 [[user1]:166]
[2026-08-05 19:10:09] [W-2] 🔧 开始处理 [user1] dhiaeddine-ayh/Systolic_Array_with_DFT_v2
[2026-08-05 19:10:09] [W-2] ⏭️ [user1] 仓库 https://github.com/dhiaeddine-ayh/Systolic_Array_with_DFT_v2 3181h 未更新，跳过解析（无需追踪）
[2026-08-05 19:10:09] [W-18] ✅ 完成 [user1] dhiaeddine-ayh/n8n-mcp | 提取 0 | 新增 0 | 耗时 0s | 配额 4445/4800 11:10UTC | 主队列 61/200 发现队列 165/20000 [[user1]:165]
[2026-08-05 19:10:09] [W-18] 🔧 开始处理 [user1] dhiaeddine-ayh/Y-Project
[2026-08-05 19:10:09] [W-18] ⏭️ [user1] 仓库 https://github.com/dhiaeddine-ayh/Y-Project 3274h 未更新，跳过解析（无需追踪）
[2026-08-05 19:10:09] [W-1] ✅ 完成 [user1] dhiaeddine-ayh/free-claude-code | 提取 0 | 新增 0 | 耗时 0s | 配额 4445/4800 11:10UTC | 主队列 61/200 发现队列 164/20000 [[user1]:164]
[2026-08-05 19:10:09] [W-1] 🔧 开始处理 [user1] dhiaeddine-ayh/Alarab_lang
[2026-08-05 19:10:09] [W-1] ⏭️ [user1] 仓库 https://github.com/dhiaeddine-ayh/Alarab_lang 3257h 未更新，跳过解析（无需追踪）
[2026-08-05 19:10:09] [W-23] ✅ 完成 [user1] dhiaeddine-ayh/https-github.com-novatic14-MANPADS-System-Launcher-and-Rocket | 提取 0 | 新增 0 | 耗时 0s | 配额 4445/4800 11:10UTC | 主队列 61/200 发现队列 163/20000 [[user1]:163]
[2026-08-05 19:10:09] [W-23] 🔧 开始处理 [user1] dhiaeddine-ayh/ArabOS
[2026-08-05 19:10:09] [W-23] ⏭️ [user1] 仓库 https://github.com/dhiaeddine-ayh/ArabOS 3257h 未更新，跳过解析（无需追踪）
[2026-08-05 19:10:09] [W-22] ✅ 完成 [user1] dhiaeddine-ayh/voice-pro | 提取 0 | 新增 0 | 耗时 0s | 配额 4445/4800 11:10UTC | 主队列 61/200 发现队列 162/20000 [[user1]:162]
[2026-08-05 19:10:09] [W-22] 🔧 开始处理 [user1] dhiaeddine-ayh/yesitsme
[2026-08-05 19:10:09] [W-22] ⏭️ [user1] 仓库 https://github.com/dhiaeddine-ayh/yesitsme 17225h 未更新，跳过解析（无需追踪）
[2026-08-05 19:10:09] [W-10] ✅ 完成 [user1] dhiaeddine-ayh/dhia-s-shorts | 提取 0 | 新增 0 | 耗时 0s | 配额 4445/4800 11:10UTC | 主队列 61/200 发现队列 161/20000 [[user1]:161]
[2026-08-05 19:10:09] [W-10] 🔧 开始处理 [user1] dhiaeddine-ayh/notebooks
[2026-08-05 19:10:09] [W-10] ⏭️ [user1] 仓库 https://github.com/dhiaeddine-ayh/notebooks 3548h 未更新，跳过解析（无需追踪）
[2026-08-05 19:10:09] [W-5] ✅ 完成 [user1] dhiaeddine-ayh/build-your-own-x | 提取 0 | 新增 0 | 耗时 0s | 配额 4445/4800 11:10UTC | 主队列 61/200 发现队列 160/20000 [[user1]:160]
[2026-08-05 19:10:09] [W-5] 🔧 开始处理 [user1] dhiaeddine-ayh/ia_chest_cancer
[2026-08-05 19:10:09] [W-5] ⏭️ [user1] 仓库 https://github.com/dhiaeddine-ayh/ia_chest_cancer 3670h 未更新，跳过解析（无需追踪）
[2026-08-05 19:10:09] [W-19] ✅ 完成 [user1] dhiaeddine-ayh/awesome-llm-apps | 提取 0 | 新增 0 | 耗时 0s | 配额 4445/4800 11:10UTC | 主队列 61/200 发现队列 159/20000 [[user1]:159]
[2026-08-05 19:10:09] [W-19] 🔧 开始处理 [user1] dhiaeddine-ayh/archi-drone-project
[2026-08-05 19:10:09] [W-19] ⏭️ [user1] 仓库 https://github.com/dhiaeddine-ayh/archi-drone-project 3791h 未更新，跳过解析（无需追踪）
[2026-08-05 19:10:09] [W-9] ✅ 完成 [user1] dhiaeddine-ayh/radar_simulator_fmcw | 提取 0 | 新增 0 | 耗时 0s | 配额 4445/4800 11:10UTC | 主队列 61/200 发现队列 158/20000 [[user1]:158]
[2026-08-05 19:10:09] [W-9] 🔧 开始处理 [user1] dhiaeddine-ayh/iamed
[2026-08-05 19:10:09] [W-9] ⏭️ [user1] 仓库 https://github.com/dhiaeddine-ayh/iamed 3800h 未更新，跳过解析（无需追踪）
[2026-08-05 19:10:09] [W-8] ✅ 完成 [user1] dhiaeddine-ayh/reBot-DevArm | 提取 0 | 新增 0 | 耗时 0s | 配额 4445/4800 11:10UTC | 主队列 61/200 发现队列 157/20000 [[user1]:157]
[2026-08-05 19:10:09] [W-8] 🔧 开始处理 [user1] dhiaeddine-ayh/github-contribution-graph-action
[2026-08-05 19:10:09] [W-8] ⏭️ [user1] 仓库 https://github.com/dhiaeddine-ayh/github-contribution-graph-action 14981h 未更新，跳过解析（无需追踪）
[2026-08-05 19:10:09] [W-6] ✅ 完成 [user1] dhiaeddine-ayh/career-ops | 提取 0 | 新增 0 | 耗时 0s | 配额 4445/4800 11:10UTC | 主队列 61/200 发现队列 156/20000 [[user1]:156]
[2026-08-05 19:10:09] [W-6] 🔧 开始处理 [user1] dhiaeddine-ayh/shade
[2026-08-05 19:10:09] [W-6] ⏭️ [user1] 仓库 https://github.com/dhiaeddine-ayh/shade 3961h 未更新，跳过解析（无需追踪）
[2026-08-05 19:10:09] [W-7] ✅ 完成 [user1] dhiaeddine-ayh/CRLS32 | 提取 0 | 新增 0 | 耗时 0s | 配额 4445/4800 11:10UTC | 主队列 61/200 发现队列 155/20000 [[user1]:155]
[2026-08-05 19:10:09] [W-7] 🔧 开始处理 [user1] dhiaeddine-ayh/XRay_YOLO26
[2026-08-05 19:10:09] [W-7] ⏭️ [user1] 仓库 https://github.com/dhiaeddine-ayh/XRay_YOLO26 4480h 未更新，跳过解析（无需追踪）
[2026-08-05 19:10:09] [W-2] ✅ 完成 [user1] dhiaeddine-ayh/Systolic_Array_with_DFT_v2 | 提取 0 | 新增 0 | 耗时 0s | 配额 4445/4800 11:10UTC | 主队列 61/200 发现队列 154/20000 [[user1]:154]
[2026-08-05 19:10:09] [W-2] 🔧 开始处理 [user1] dhiaeddine-ayh/openvino_notebooks
[2026-08-05 19:10:09] [W-2] ⏭️ [user1] 仓库 https://github.com/dhiaeddine-ayh/openvino_notebooks 4417h 未更新，跳过解析（无需追踪）
[2026-08-05 19:10:09] [W-18] ✅ 完成 [user1] dhiaeddine-ayh/Y-Project | 提取 0 | 新增 0 | 耗时 0s | 配额 4445/4800 11:10UTC | 主队列 61/200 发现队列 153/20000 [[user1]:153]
[2026-08-05 19:10:09] [W-18] 🔧 开始处理 [user1] cyj4215/MyAVBot
[2026-08-05 19:10:09] [W-18] ⏭️ [user1] 仓库 https://github.com/cyj4215/MyAVBot 2006h 未更新，跳过解析（无需追踪）
[2026-08-05 19:10:10] [W-1] ✅ 完成 [user1] dhiaeddine-ayh/Alarab_lang | 提取 0 | 新增 0 | 耗时 0s | 配额 4445/4800 11:10UTC | 主队列 61/200 发现队列 152/20000 [[user1]:152]
[2026-08-05 19:10:10] [W-1] 🔧 开始处理 [user1] cyj4215/digital-garden
[2026-08-05 19:10:10] [W-1] ⏭️ [user1] 仓库 https://github.com/cyj4215/digital-garden 1490h 未更新，跳过解析（无需追踪）
[2026-08-05 19:10:10] [W-23] ✅ 完成 [user1] dhiaeddine-ayh/ArabOS | 提取 0 | 新增 0 | 耗时 0s | 配额 4445/4800 11:10UTC | 主队列 61/200 发现队列 151/20000 [[user1]:151]
[2026-08-05 19:10:10] [W-23] 🔧 开始处理 [user1] cyj4215/JavBot
[2026-08-05 19:10:10] [W-23] ⏭️ [user1] 仓库 https://github.com/cyj4215/JavBot 1553h 未更新，跳过解析（无需追踪）
[2026-08-05 19:10:10] [W-22] ✅ 完成 [user1] dhiaeddine-ayh/yesitsme | 提取 0 | 新增 0 | 耗时 0s | 配额 4445/4800 11:10UTC | 主队列 61/200 发现队列 150/20000 [[user1]:150]
[2026-08-05 19:10:10] [W-22] 🔧 开始处理 [user1] soufranciscoescola-png/cam2ip-WEBCAM-USB-PARA-Ip
[2026-08-05 19:10:10] [W-22] 📝 已处理缓存: soufranciscoescola-png/cam2ip-WEBCAM-USB-PARA-Ip
[2026-08-05 19:10:10] [W-22] ⏭️ [user1] 仓库 https://github.com/soufranciscoescola-png/cam2ip-WEBCAM-USB-PARA-Ip 771h 未更新，跳过解析（无需追踪）
[2026-08-05 19:10:10] [W-10] ✅ 完成 [user1] dhiaeddine-ayh/notebooks | 提取 0 | 新增 0 | 耗时 0s | 配额 4445/4800 11:10UTC | 主队列 61/200 发现队列 149/20000 [[user1]:149]
[2026-08-05 19:10:10] [W-10] 🔧 开始处理 [user1] soufranciscoescola-png/reverse-skill
[2026-08-05 19:10:10] [W-10] ⏭️ [user1] 仓库 https://github.com/soufranciscoescola-png/reverse-skill 93h 未更新，跳过解析（无需追踪）
[2026-08-05 19:10:10] [W-5] ✅ 完成 [user1] dhiaeddine-ayh/ia_chest_cancer | 提取 0 | 新增 0 | 耗时 0s | 配额 4445/4800 11:10UTC | 主队列 61/200 发现队列 148/20000 [[user1]:148]
[2026-08-05 19:10:10] [W-5] 🔧 开始处理 [user1] soufranciscoescola-png/rescript
[2026-08-05 19:10:10] [W-5] ⏭️ [user1] 仓库 https://github.com/soufranciscoescola-png/rescript 128h 未更新，跳过解析（无需追踪）
[2026-08-05 19:10:10] [W-19] ✅ 完成 [user1] dhiaeddine-ayh/archi-drone-project | 提取 0 | 新增 0 | 耗时 0s | 配额 4445/4800 11:10UTC | 主队列 61/200 发现队列 147/20000 [[user1]:147]
[2026-08-05 19:10:10] [W-19] 🔧 开始处理 [user1] soufranciscoescola-png/Shared-Claude-Chats-br
[2026-08-05 19:10:10] [W-19] ⏭️ [user1] 仓库 https://github.com/soufranciscoescola-png/Shared-Claude-Chats-br 161h 未更新，跳过解析（无需追踪）
[2026-08-05 19:10:10] [W-9] ✅ 完成 [user1] dhiaeddine-ayh/iamed | 提取 0 | 新增 0 | 耗时 0s | 配额 4445/4800 11:10UTC | 主队列 61/200 发现队列 146/20000 [[user1]:146]
[2026-08-05 19:10:10] [W-9] 🔧 开始处理 [user1] soufranciscoescola-png/wipwn-wifi-pentester
[2026-08-05 19:10:10] [W-9] ⏭️ [user1] 仓库 https://github.com/soufranciscoescola-png/wipwn-wifi-pentester 258h 未更新，跳过解析（无需追踪）
[2026-08-05 19:10:10] [W-8] ✅ 完成 [user1] dhiaeddine-ayh/github-contribution-graph-action | 提取 0 | 新增 0 | 耗时 0s | 配额 4445/4800 11:10UTC | 主队列 61/200 发现队列 145/20000 [[user1]:145]
[2026-08-05 19:10:10] [W-8] 🔧 开始处理 [user1] soufranciscoescola-png/GeoLibre
[2026-08-05 19:10:10] [W-8] ⏭️ [user1] 仓库 https://github.com/soufranciscoescola-png/GeoLibre 221h 未更新，跳过解析（无需追踪）
[2026-08-05 19:10:10] [W-8] ✅ 完成 [user1] soufranciscoescola-png/GeoLibre | 提取 0 | 新增 0 | 耗时 0s | 配额 4445/4800 11:10UTC | 主队列 61/200 发现队列 144/20000 [[user1]:144]
[2026-08-05 19:10:10] [W-8] 🔧 开始处理 [user1] soufranciscoescola-png/skills-melhor-para-DEV
[2026-08-05 19:10:10] [W-8] ⏭️ [user1] 仓库 https://github.com/soufranciscoescola-png/skills-melhor-para-DEV 309h 未更新，跳过解析（无需追踪）
[2026-08-05 19:10:10] [W-7] ✅ 完成 [user1] dhiaeddine-ayh/XRay_YOLO26 | 提取 0 | 新增 0 | 耗时 0s | 配额 4445/4800 11:10UTC | 主队列 61/200 发现队列 143/20000 [[user1]:143]
[2026-08-05 19:10:10] [W-7] 🔧 开始处理 [user1] soufranciscoescola-png/langwatch
[2026-08-05 19:10:10] [W-7] ⏭️ [user1] 仓库 https://github.com/soufranciscoescola-png/langwatch 409h 未更新，跳过解析（无需追踪）
[2026-08-05 19:10:10] [W-2] ✅ 完成 [user1] dhiaeddine-ayh/openvino_notebooks | 提取 0 | 新增 0 | 耗时 0s | 配额 4445/4800 11:10UTC | 主队列 61/200 发现队列 142/20000 [[user1]:142]
[2026-08-05 19:10:10] [W-2] 🔧 开始处理 [user1] soufranciscoescola-png/pentest-ai
[2026-08-05 19:10:10] [W-2] ⏭️ [user1] 仓库 https://github.com/soufranciscoescola-png/pentest-ai 748h 未更新，跳过解析（无需追踪）
[2026-08-05 19:10:10] [W-18] ✅ 完成 [user1] cyj4215/MyAVBot | 提取 0 | 新增 0 | 耗时 0s | 配额 4445/4800 11:10UTC | 主队列 61/200 发现队列 141/20000 [[user1]:141]
[2026-08-05 19:10:10] [W-18] 🔧 开始处理 [user1] soufranciscoescola-png/OctoC2
[2026-08-05 19:10:10] [W-18] ⏭️ [user1] 仓库 https://github.com/soufranciscoescola-png/OctoC2 443h 未更新，跳过解析（无需追踪）
[2026-08-05 19:10:10] [W-1] ✅ 完成 [user1] cyj4215/digital-garden | 提取 0 | 新增 0 | 耗时 0s | 配额 4445/4800 11:10UTC | 主队列 61/200 发现队列 140/20000 [[user1]:140]
[2026-08-05 19:10:10] [W-1] 🔧 开始处理 [user1] soufranciscoescola-png/skills-claude
[2026-08-05 19:10:10] [W-1] ⏭️ [user1] 仓库 https://github.com/soufranciscoescola-png/skills-claude 473h 未更新，跳过解析（无需追踪）
[2026-08-05 19:10:10] [W-23] ✅ 完成 [user1] cyj4215/JavBot | 提取 0 | 新增 0 | 耗时 0s | 配额 4445/4800 11:10UTC | 主队列 61/200 发现队列 139/20000 [[user1]:139]
[2026-08-05 19:10:10] [W-23] 🔧 开始处理 [user1] soufranciscoescola-png/rota-Proxy
[2026-08-05 19:10:10] [W-23] ⏭️ [user1] 仓库 https://github.com/soufranciscoescola-png/rota-Proxy 673h 未更新，跳过解析（无需追踪）
[2026-08-05 19:10:10] [W-22] ✅ 完成 [user1] soufranciscoescola-png/cam2ip-WEBCAM-USB-PARA-Ip | 提取 0 | 新增 0 | 耗时 0s | 配额 4445/4800 11:10UTC | 主队列 61/200 发现队列 138/20000 [[user1]:138]
[2026-08-05 19:10:10] [W-22] 🔧 开始处理 [user1] soufranciscoescola-png/apkstudio
[2026-08-05 19:10:10] [W-22] ⏭️ [user1] 仓库 https://github.com/soufranciscoescola-png/apkstudio 5094h 未更新，跳过解析（无需追踪）
[2026-08-05 19:10:10] [W-10] ✅ 完成 [user1] soufranciscoescola-png/reverse-skill | 提取 0 | 新增 0 | 耗时 0s | 配额 4445/4800 11:10UTC | 主队列 61/200 发现队列 137/20000 [[user1]:137]
[2026-08-05 19:10:10] [W-10] 🔧 开始处理 [user1] soufranciscoescola-png/android
[2026-08-05 19:10:10] [W-10] ⏭️ [user1] 仓库 https://github.com/soufranciscoescola-png/android 715h 未更新，跳过解析（无需追踪）
[2026-08-05 19:10:10] [W-5] ✅ 完成 [user1] soufranciscoescola-png/rescript | 提取 0 | 新增 0 | 耗时 0s | 配额 4445/4800 11:10UTC | 主队列 61/200 发现队列 136/20000 [[user1]:136]
[2026-08-05 19:10:10] [W-5] 🔧 开始处理 [user1] soufranciscoescola-png/Aliens_eye
[2026-08-05 19:10:10] [W-5] ⏭️ [user1] 仓库 https://github.com/soufranciscoescola-png/Aliens_eye 799h 未更新，跳过解析（无需追踪）
[2026-08-05 19:10:10] [W-19] ✅ 完成 [user1] soufranciscoescola-png/Shared-Claude-Chats-br | 提取 0 | 新增 0 | 耗时 0s | 配额 4445/4800 11:10UTC | 主队列 61/200 发现队列 135/20000 [[user1]:135]
[2026-08-05 19:10:10] [W-19] 🔧 开始处理 [user1] soufranciscoescola-png/odysseus-BR
[2026-08-05 19:10:10] [W-19] ⏭️ [user1] 仓库 https://github.com/soufranciscoescola-png/odysseus-BR 1501h 未更新，跳过解析（无需追踪）
[2026-08-05 19:10:10] [W-9] ✅ 完成 [user1] soufranciscoescola-png/wipwn-wifi-pentester | 提取 0 | 新增 0 | 耗时 0s | 配额 4445/4800 11:10UTC | 主队列 61/200 发现队列 134/20000 [[user1]:134]
[2026-08-05 19:10:10] [W-9] 🔧 开始处理 [user1] soufranciscoescola-png/RPA-BBR
[2026-08-05 19:10:10] [W-9] ⏭️ [user1] 仓库 https://github.com/soufranciscoescola-png/RPA-BBR 787h 未更新，跳过解析（无需追踪）
[2026-08-05 19:10:10] [W-6] ✅ 完成 [user1] dhiaeddine-ayh/shade | 提取 0 | 新增 0 | 耗时 0s | 配额 4445/4800 11:10UTC | 主队列 61/200 发现队列 133/20000 [[user1]:133]
[2026-08-05 19:10:10] [W-6] 🔧 开始处理 [user1] soufranciscoescola-png/RepoStore--GitStore-BR
[2026-08-05 19:10:10] [W-6] ⏭️ [user1] 仓库 https://github.com/soufranciscoescola-png/RepoStore--GitStore-BR 642h 未更新，跳过解析（无需追踪）
[2026-08-05 19:10:10] [W-8] ✅ 完成 [user1] soufranciscoescola-png/skills-melhor-para-DEV | 提取 0 | 新增 0 | 耗时 0s | 配额 4445/4800 11:10UTC | 主队列 61/200 发现队列 132/20000 [[user1]:132]
[2026-08-05 19:10:10] [W-8] 🔧 开始处理 [user1] soufranciscoescola-png/Hermes-BR
[2026-08-05 19:10:10] [W-8] ⏭️ [user1] 仓库 https://github.com/soufranciscoescola-png/Hermes-BR 614h 未更新，跳过解析（无需追踪）
[2026-08-05 19:10:10] [W-7] ✅ 完成 [user1] soufranciscoescola-png/langwatch | 提取 0 | 新增 0 | 耗时 0s | 配额 4445/4800 11:10UTC | 主队列 61/200 发现队列 131/20000 [[user1]:131]
[2026-08-05 19:10:10] [W-7] 🔧 开始处理 [user1] soufranciscoescola-png/free-llm-api-keys
[2026-08-05 19:10:10] [W-7] ⚠️ [user1] 仓库 https://github.com/soufranciscoescola-png/free-llm-api-keys 已禁用，跳过
[2026-08-05 19:10:10] [W-2] ✅ 完成 [user1] soufranciscoescola-png/pentest-ai | 提取 0 | 新增 0 | 耗时 0s | 配额 4445/4800 11:10UTC | 主队列 61/200 发现队列 130/20000 [[user1]:130]
[2026-08-05 19:10:10] [W-2] 🔧 开始处理 [user1] soufranciscoescola-png/free-llm-api-resources---BR
[2026-08-05 19:10:10] [W-2] ⏭️ [user1] 仓库 https://github.com/soufranciscoescola-png/free-llm-api-resources---BR 706h 未更新，跳过解析（无需追踪）
[2026-08-05 19:10:10] [W-18] ✅ 完成 [user1] soufranciscoescola-png/OctoC2 | 提取 0 | 新增 0 | 耗时 0s | 配额 4445/4800 11:10UTC | 主队列 61/200 发现队列 129/20000 [[user1]:129]
[2026-08-05 19:10:10] [W-18] 🔧 开始处理 [user1] soufranciscoescola-png/OpenJarvis--BR
[2026-08-05 19:10:10] [W-18] ⏭️ [user1] 仓库 https://github.com/soufranciscoescola-png/OpenJarvis--BR 698h 未更新，跳过解析（无需追踪）
[2026-08-05 19:10:10] [W-1] ✅ 完成 [user1] soufranciscoescola-png/skills-claude | 提取 0 | 新增 0 | 耗时 0s | 配额 4445/4800 11:10UTC | 主队列 61/200 发现队列 128/20000 [[user1]:128]
[2026-08-05 19:10:10] [W-1] 🔧 开始处理 [user1] soufranciscoescola-png/sjinn-professional-skills-BR
[2026-08-05 19:10:10] [W-1] ⏭️ [user1] 仓库 https://github.com/soufranciscoescola-png/sjinn-professional-skills-BR 724h 未更新，跳过解析（无需追踪）
[2026-08-05 19:10:10] [W-23] ✅ 完成 [user1] soufranciscoescola-png/rota-Proxy | 提取 0 | 新增 0 | 耗时 0s | 配额 4445/4800 11:10UTC | 主队列 61/200 发现队列 127/20000 [[user1]:127]
[2026-08-05 19:10:10] [W-23] 🔧 开始处理 [user1] soufranciscoescola-png/caveman-BR
[2026-08-05 19:10:10] [W-23] ⏭️ [user1] 仓库 https://github.com/soufranciscoescola-png/caveman-BR 1293h 未更新，跳过解析（无需追踪）
[2026-08-05 19:10:10] [W-22] ✅ 完成 [user1] soufranciscoescola-png/apkstudio | 提取 0 | 新增 0 | 耗时 0s | 配额 4445/4800 11:10UTC | 主队列 61/200 发现队列 126/20000 [[user1]:126]
[2026-08-05 19:10:10] [W-22] 🔧 开始处理 [user1] soufranciscoescola-png/textbee
[2026-08-05 19:10:10] [W-22] ⏭️ [user1] 仓库 https://github.com/soufranciscoescola-png/textbee 1157h 未更新，跳过解析（无需追踪）
[2026-08-05 19:10:10] [W-10] ✅ 完成 [user1] soufranciscoescola-png/android | 提取 0 | 新增 0 | 耗时 0s | 配额 4445/4800 11:10UTC | 主队列 61/200 发现队列 125/20000 [[user1]:125]
[2026-08-05 19:10:10] [W-10] 🔧 开始处理 [user1] soufranciscoescola-png/superpowers---BR
[2026-08-05 19:10:10] [W-10] ⏭️ [user1] 仓库 https://github.com/soufranciscoescola-png/superpowers---BR 993h 未更新，跳过解析（无需追踪）
[2026-08-05 19:10:10] [W-5] ✅ 完成 [user1] soufranciscoescola-png/Aliens_eye | 提取 0 | 新增 0 | 耗时 0s | 配额 4445/4800 11:10UTC | 主队列 61/200 发现队列 124/20000 [[user1]:124]
[2026-08-05 19:10:10] [W-5] 🔧 开始处理 [user1] soufranciscoescola-png/OSX-PROXMOX
[2026-08-05 19:10:10] [W-5] ⏭️ [user1] 仓库 https://github.com/soufranciscoescola-png/OSX-PROXMOX 3382h 未更新，跳过解析（无需追踪）
[2026-08-05 19:10:10] [W-19] ✅ 完成 [user1] soufranciscoescola-png/odysseus-BR | 提取 0 | 新增 0 | 耗时 0s | 配额 4445/4800 11:10UTC | 主队列 61/200 发现队列 123/20000 [[user1]:123]
[2026-08-05 19:10:10] [W-19] 🔧 开始处理 [user1] soufranciscoescola-png/LibreChat--v-rias-ias-juntas--BR
[2026-08-05 19:10:10] [W-19] ⏭️ [user1] 仓库 https://github.com/soufranciscoescola-png/LibreChat--v-rias-ias-juntas--BR 1186h 未更新，跳过解析（无需追踪）
[2026-08-05 19:10:10] [W-9] ✅ 完成 [user1] soufranciscoescola-png/RPA-BBR | 提取 0 | 新增 0 | 耗时 0s | 配额 4445/4800 11:10UTC | 主队列 61/200 发现队列 122/20000 [[user1]:122]
[2026-08-05 19:10:10] [W-9] 🔧 开始处理 [user1] soufranciscoescola-png/API-mega-list-BR
[2026-08-05 19:10:10] [W-9] ⏭️ [user1] 仓库 https://github.com/soufranciscoescola-png/API-mega-list-BR 4552h 未更新，跳过解析（无需追踪）
[2026-08-05 19:10:10] [W-6] ✅ 完成 [user1] soufranciscoescola-png/RepoStore--GitStore-BR | 提取 0 | 新增 0 | 耗时 0s | 配额 4445/4800 11:10UTC | 主队列 61/200 发现队列 121/20000 [[user1]:121]
[2026-08-05 19:10:10] [W-6] 🔧 开始处理 [user1] soufranciscoescola-png/freellmapi---BR
[2026-08-05 19:10:10] [W-6] ⏭️ [user1] 仓库 https://github.com/soufranciscoescola-png/freellmapi---BR 1213h 未更新，跳过解析（无需追踪）
[2026-08-05 19:10:10] [W-8] ✅ 完成 [user1] soufranciscoescola-png/Hermes-BR | 提取 0 | 新增 0 | 耗时 0s | 配额 4445/4800 11:10UTC | 主队列 61/200 发现队列 120/20000 [[user1]:120]
[2026-08-05 19:10:10] [W-8] 🔧 开始处理 [user1] gwcctv/ICTV
[2026-08-05 19:10:10] [W-8] [user1] 仓库 https://github.com/gwcctv/ICTV (分支: Files, size: 8KB, pushed: 2026-08-05T11:08:07Z)
[2026-08-05 19:10:10] [W-2] ✅ 完成 [user1] soufranciscoescola-png/free-llm-api-resources---BR | 提取 0 | 新增 0 | 耗时 0s | 配额 4445/4800 11:10UTC | 主队列 61/200 发现队列 119/20000 [[user1]:119]
[2026-08-05 19:10:10] [W-2] 🔧 开始处理 [user1] gwcctv/youtube
[2026-08-05 19:10:10] [W-2] [user1] 仓库 https://github.com/gwcctv/youtube (分支: Files, size: 2KB, pushed: 2026-08-05T09:21:40Z)
[2026-08-05 19:10:10] [W-18] ✅ 完成 [user1] soufranciscoescola-png/OpenJarvis--BR | 提取 0 | 新增 0 | 耗时 0s | 配额 4445/4800 11:10UTC | 主队列 61/200 发现队列 118/20000 [[user1]:118]
[2026-08-05 19:10:10] [W-18] 🔧 开始处理 [user1] gwcctv/speedtest
[2026-08-05 19:10:10] [W-18] ⏭️ [user1] 仓库 https://github.com/gwcctv/speedtest 374h 未更新，跳过解析（无需追踪）
[2026-08-05 19:10:10] [W-1] ✅ 完成 [user1] soufranciscoescola-png/sjinn-professional-skills-BR | 提取 0 | 新增 0 | 耗时 0s | 配额 4445/4800 11:10UTC | 主队列 61/200 发现队列 117/20000 [[user1]:117]
[2026-08-05 19:10:10] [W-1] 🔧 开始处理 [user1] gwcctv/wx_channels_download
[2026-08-05 19:10:10] [W-1] ⏭️ [user1] 仓库 https://github.com/gwcctv/wx_channels_download 983h 未更新，跳过解析（无需追踪）
[2026-08-05 19:10:10] [W-23] ✅ 完成 [user1] soufranciscoescola-png/caveman-BR | 提取 0 | 新增 0 | 耗时 0s | 配额 4445/4800 11:10UTC | 主队列 61/200 发现队列 116/20000 [[user1]:116]
[2026-08-05 19:10:10] [W-23] 🔧 开始处理 [user1] gwcctv/smt
[2026-08-05 19:10:10] [W-23] ⏭️ [user1] 仓库 https://github.com/gwcctv/smt 5906h 未更新，跳过解析（无需追踪）
[2026-08-05 19:10:10] [W-22] ✅ 完成 [user1] soufranciscoescola-png/textbee | 提取 0 | 新增 0 | 耗时 0s | 配额 4445/4800 11:10UTC | 主队列 61/200 发现队列 115/20000 [[user1]:115]
[2026-08-05 19:10:10] [W-22] 🔧 开始处理 [user1] gwcctv/CatVodSpider
[2026-08-05 19:10:10] [W-22] ⏭️ [user1] 仓库 https://github.com/gwcctv/CatVodSpider 6242h 未更新，跳过解析（无需追踪）
[2026-08-05 19:10:11] [W-10] ✅ 完成 [user1] soufranciscoescola-png/superpowers---BR | 提取 0 | 新增 0 | 耗时 0s | 配额 4445/4800 11:10UTC | 主队列 61/200 发现队列 114/20000 [[user1]:114]
[2026-08-05 19:10:11] [W-10] 🔧 开始处理 [user1] gwcctv/chinese-xinhua
[2026-08-05 19:10:11] [W-10] ⏭️ [user1] 仓库 https://github.com/gwcctv/chinese-xinhua 22874h 未更新，跳过解析（无需追踪）
[2026-08-05 19:10:11] [W-5] ✅ 完成 [user1] soufranciscoescola-png/OSX-PROXMOX | 提取 0 | 新增 0 | 耗时 0s | 配额 4445/4800 11:10UTC | 主队列 61/200 发现队列 113/20000 [[user1]:113]
[2026-08-05 19:10:11] [W-5] 🔧 开始处理 [user1] gwcctv/xinyue-search
[2026-08-05 19:10:11] [W-5] ⏭️ [user1] 仓库 https://github.com/gwcctv/xinyue-search 7858h 未更新，跳过解析（无需追踪）
[2026-08-05 19:10:11] [W-19] ✅ 完成 [user1] soufranciscoescola-png/LibreChat--v-rias-ias-juntas--BR | 提取 0 | 新增 0 | 耗时 0s | 配额 4445/4800 11:10UTC | 主队列 61/200 发现队列 112/20000 [[user1]:112]
[2026-08-05 19:10:11] [W-19] 🔧 开始处理 [user1] gwcctv/zm
[2026-08-05 19:10:11] [W-19] ⏭️ [user1] 仓库 https://github.com/gwcctv/zm 7779h 未更新，跳过解析（无需追踪）
[2026-08-05 19:10:11] [W-9] ✅ 完成 [user1] soufranciscoescola-png/API-mega-list-BR | 提取 0 | 新增 0 | 耗时 0s | 配额 4445/4800 11:10UTC | 主队列 61/200 发现队列 111/20000 [[user1]:111]
[2026-08-05 19:10:11] [W-9] 🔧 开始处理 [user1] gwcctv/MoonTV
[2026-08-05 19:10:11] [W-9] ⏭️ [user1] 仓库 https://github.com/gwcctv/MoonTV 8603h 未更新，跳过解析（无需追踪）
[2026-08-05 19:10:11] [W-6] ✅ 完成 [user1] soufranciscoescola-png/freellmapi---BR | 提取 0 | 新增 0 | 耗时 0s | 配额 4445/4800 11:10UTC | 主队列 61/200 发现队列 110/20000 [[user1]:110]
[2026-08-05 19:10:11] [W-6] 🔧 开始处理 [user1] gwcctv/listen1_chrome_extension
[2026-08-05 19:10:11] [W-6] ⏭️ [user1] 仓库 https://github.com/gwcctv/listen1_chrome_extension 9412h 未更新，跳过解析（无需追踪）
[2026-08-05 19:10:11] [W-7] ✅ 完成 [user1] soufranciscoescola-png/free-llm-api-keys | 提取 0 | 新增 0 | 耗时 0s | 配额 4445/4800 11:10UTC | 主队列 61/200 发现队列 109/20000 [[user1]:109]
[2026-08-05 19:10:11] [W-7] 🔧 开始处理 [user1] gwcctv/cat-catch
[2026-08-05 19:10:11] [W-7] ⏭️ [user1] 仓库 https://github.com/gwcctv/cat-catch 9413h 未更新，跳过解析（无需追踪）
[2026-08-05 19:10:11] [W-18] ✅ 完成 [user1] gwcctv/speedtest | 提取 0 | 新增 0 | 耗时 0s | 配额 4445/4800 11:10UTC | 主队列 61/200 发现队列 108/20000 [[user1]:108]
[2026-08-05 19:10:11] [W-18] 🔧 开始处理 [user1] gwcctv/vmqphp
[2026-08-05 19:10:11] [W-18] ⏭️ [user1] 仓库 https://github.com/gwcctv/vmqphp 36404h 未更新，跳过解析（无需追踪）
[2026-08-05 19:10:11] [W-1] ✅ 完成 [user1] gwcctv/wx_channels_download | 提取 0 | 新增 0 | 耗时 0s | 配额 4445/4800 11:10UTC | 主队列 61/200 发现队列 107/20000 [[user1]:107]
[2026-08-05 19:10:11] [W-1] 🔧 开始处理 [user1] gwcctv/TVBoxOS
[2026-08-05 19:10:11] [W-1] ⏭️ [user1] 仓库 https://github.com/gwcctv/TVBoxOS 9483h 未更新，跳过解析（无需追踪）
[2026-08-05 19:10:11] [W-23] ✅ 完成 [user1] gwcctv/smt | 提取 0 | 新增 0 | 耗时 0s | 配额 4445/4800 11:10UTC | 主队列 61/200 发现队列 106/20000 [[user1]:106]
[2026-08-05 19:10:11] [W-23] 🔧 开始处理 [user1] gwcctv/vmqApk
[2026-08-05 19:10:11] [W-23] ⏭️ [user1] 仓库 https://github.com/gwcctv/vmqApk 14619h 未更新，跳过解析（无需追踪）
[2026-08-05 19:10:11] [W-22] ✅ 完成 [user1] gwcctv/CatVodSpider | 提取 0 | 新增 0 | 耗时 0s | 配额 4445/4800 11:10UTC | 主队列 61/200 发现队列 105/20000 [[user1]:105]
[2026-08-05 19:10:11] [W-22] 🔧 开始处理 [user1] gwcctv/ddddocr
[2026-08-05 19:10:11] [W-22] ⏭️ [user1] 仓库 https://github.com/gwcctv/ddddocr 10132h 未更新，跳过解析（无需追踪）
[2026-08-05 19:10:11] [W-10] ✅ 完成 [user1] gwcctv/chinese-xinhua | 提取 0 | 新增 0 | 耗时 0s | 配额 4445/4800 11:10UTC | 主队列 61/200 发现队列 104/20000 [[user1]:104]
[2026-08-05 19:10:11] [W-10] 🔧 开始处理 [user1] gwcctv/new-pacChrome-
[2026-08-05 19:10:11] [W-10] ⏭️ [user1] 仓库 https://github.com/gwcctv/new-pacChrome- 9484h 未更新，跳过解析（无需追踪）
[2026-08-05 19:10:11] [W-5] ✅ 完成 [user1] gwcctv/xinyue-search | 提取 0 | 新增 0 | 耗时 0s | 配额 4445/4800 11:10UTC | 主队列 61/200 发现队列 103/20000 [[user1]:103]
[2026-08-05 19:10:11] [W-5] 🔧 开始处理 [user1] gwcctv/iTVBox
[2026-08-05 19:10:11] [W-5] ⏭️ [user1] 仓库 https://github.com/gwcctv/iTVBox 22373h 未更新，跳过解析（无需追踪）
[2026-08-05 19:10:11] [W-19] ✅ 完成 [user1] gwcctv/zm | 提取 0 | 新增 0 | 耗时 0s | 配额 4445/4800 11:10UTC | 主队列 61/200 发现队列 102/20000 [[user1]:102]
[2026-08-05 19:10:11] [W-19] 🔧 开始处理 [user1] gwcctv/IPTV66
[2026-08-05 19:10:11] [W-19] ⏭️ [user1] 仓库 https://github.com/gwcctv/IPTV66 12606h 未更新，跳过解析（无需追踪）
[2026-08-05 19:10:11] [W-9] ✅ 完成 [user1] gwcctv/MoonTV | 提取 0 | 新增 0 | 耗时 0s | 配额 4445/4800 11:10UTC | 主队列 61/200 发现队列 101/20000 [[user1]:101]
[2026-08-05 19:10:11] [W-9] 🔧 开始处理 [user1] gwcctv/serverless-qrcode-hub
[2026-08-05 19:10:11] [W-9] ⏭️ [user1] 仓库 https://github.com/gwcctv/serverless-qrcode-hub 12126h 未更新，跳过解析（无需追踪）
[2026-08-05 19:10:11] [W-6] ✅ 完成 [user1] gwcctv/listen1_chrome_extension | 提取 0 | 新增 0 | 耗时 0s | 配额 4445/4800 11:10UTC | 主队列 61/200 发现队列 100/20000 [[user1]:100]
[2026-08-05 19:10:11] [W-6] 🔧 开始处理 [user1] gwcctv/PhotoSync
[2026-08-05 19:10:11] [W-6] ⏭️ [user1] 仓库 https://github.com/gwcctv/PhotoSync 12886h 未更新，跳过解析（无需追踪）
[2026-08-05 19:10:11] [W-7] ✅ 完成 [user1] gwcctv/cat-catch | 提取 0 | 新增 0 | 耗时 0s | 配额 4445/4800 11:10UTC | 主队列 61/200 发现队列 99/20000 [[user1]:99]
[2026-08-05 19:10:11] [W-7] 🔧 开始处理 [user1] gwcctv/pho
[2026-08-05 19:10:11] [W-7] ⏭️ [user1] 仓库 https://github.com/gwcctv/pho 12886h 未更新，跳过解析（无需追踪）
[2026-08-05 19:10:11] [W-18] ✅ 完成 [user1] gwcctv/vmqphp | 提取 0 | 新增 0 | 耗时 0s | 配额 4445/4800 11:10UTC | 主队列 61/200 发现队列 98/20000 [[user1]:98]
[2026-08-05 19:10:11] [W-18] 🔧 开始处理 [user1] gwcctv/GrabRedEnvelope
[2026-08-05 19:10:11] [W-18] ⏭️ [user1] 仓库 https://github.com/gwcctv/GrabRedEnvelope 12944h 未更新，跳过解析（无需追踪）
[2026-08-05 19:10:11] [W-1] ✅ 完成 [user1] gwcctv/TVBoxOS | 提取 0 | 新增 0 | 耗时 0s | 配额 4445/4800 11:10UTC | 主队列 61/200 发现队列 97/20000 [[user1]:97]
[2026-08-05 19:10:11] [W-1] 🔧 开始处理 [user1] gwcctv/iptv-api
[2026-08-05 19:10:11] [W-1] ⏭️ [user1] 仓库 https://github.com/gwcctv/iptv-api 14405h 未更新，跳过解析（无需追踪）
[2026-08-05 19:10:11] [W-23] ✅ 完成 [user1] gwcctv/vmqApk | 提取 0 | 新增 0 | 耗时 0s | 配额 4445/4800 11:10UTC | 主队列 61/200 发现队列 96/20000 [[user1]:96]
[2026-08-05 19:10:11] [W-23] 🔧 开始处理 [user1] gwcctv/ZyPlayer
[2026-08-05 19:10:11] [W-23] ⏭️ [user1] 仓库 https://github.com/gwcctv/ZyPlayer 16634h 未更新，跳过解析（无需追踪）
[2026-08-05 19:10:11] [W-23] ✅ 完成 [user1] gwcctv/ZyPlayer | 提取 0 | 新增 0 | 耗时 0s | 配额 4445/4800 11:10UTC | 主队列 61/200 发现队列 95/20000 [[user1]:95]
[2026-08-05 19:10:11] [W-23] 🔧 开始处理 [user1] gwcctv/ctv-txt
[2026-08-05 19:10:11] [W-23] ⏭️ [user1] 仓库 https://github.com/gwcctv/ctv-txt 15500h 未更新，跳过解析（无需追踪）
[2026-08-05 19:10:11] [W-10] ✅ 完成 [user1] gwcctv/new-pacChrome- | 提取 0 | 新增 0 | 耗时 0s | 配额 4445/4800 11:10UTC | 主队列 61/200 发现队列 94/20000 [[user1]:94]
[2026-08-05 19:10:11] [W-10] 🔧 开始处理 [user1] gwcctv/so
[2026-08-05 19:10:11] [W-10] ⏭️ [user1] 仓库 https://github.com/gwcctv/so 15934h 未更新，跳过解析（无需追踪）
[2026-08-05 19:10:11] [W-5] ✅ 完成 [user1] gwcctv/iTVBox | 提取 0 | 新增 0 | 耗时 0s | 配额 4445/4800 11:10UTC | 主队列 61/200 发现队列 93/20000 [[user1]:93]
[2026-08-05 19:10:11] [W-5] 🔧 开始处理 [user1] gwcctv/ChatALL
[2026-08-05 19:10:11] [W-5] ⏭️ [user1] 仓库 https://github.com/gwcctv/ChatALL 26331h 未更新，跳过解析（无需追踪）
[2026-08-05 19:10:11] [W-19] ✅ 完成 [user1] gwcctv/IPTV66 | 提取 0 | 新增 0 | 耗时 0s | 配额 4445/4800 11:10UTC | 主队列 61/200 发现队列 92/20000 [[user1]:92]
[2026-08-05 19:10:11] [W-19] 🔧 开始处理 [user1] gwcctv/CatVodTVSpider2024816
[2026-08-05 19:10:11] [W-19] ⏭️ [user1] 仓库 https://github.com/gwcctv/CatVodTVSpider2024816 18191h 未更新，跳过解析（无需追踪）
[2026-08-05 19:10:11] [W-9] ✅ 完成 [user1] gwcctv/serverless-qrcode-hub | 提取 0 | 新增 0 | 耗时 0s | 配额 4444/4800 11:10UTC | 主队列 61/200 发现队列 91/20000 [[user1]:91]
[2026-08-05 19:10:11] [W-9] 🔧 开始处理 [user1] gwcctv/IPTV_Manager
[2026-08-05 19:10:11] [W-9] ⏭️ [user1] 仓库 https://github.com/gwcctv/IPTV_Manager 21765h 未更新，跳过解析（无需追踪）
[2026-08-05 19:10:11] [W-6] ✅ 完成 [user1] gwcctv/PhotoSync | 提取 0 | 新增 0 | 耗时 0s | 配额 4444/4800 11:10UTC | 主队列 61/200 发现队列 90/20000 [[user1]:90]
[2026-08-05 19:10:11] [W-6] 🔧 开始处理 [user1] jiayou88/AlgerMusicPlayer
[2026-08-05 19:10:11] [W-6] ⏭️ [user1] 仓库 https://github.com/jiayou88/AlgerMusicPlayer 1905h 未更新，跳过解析（无需追踪）
[2026-08-05 19:10:11] [W-7] ✅ 完成 [user1] gwcctv/pho | 提取 0 | 新增 0 | 耗时 0s | 配额 4444/4800 11:10UTC | 主队列 61/200 发现队列 89/20000 [[user1]:89]
[2026-08-05 19:10:11] [W-7] 🔧 开始处理 [user1] jiayou88/freellmapi
[2026-08-05 19:10:11] [W-7] ⏭️ [user1] 仓库 https://github.com/jiayou88/freellmapi 1769h 未更新，跳过解析（无需追踪）
[2026-08-05 19:10:11] [W-18] ✅ 完成 [user1] gwcctv/GrabRedEnvelope | 提取 0 | 新增 0 | 耗时 0s | 配额 4444/4800 11:10UTC | 主队列 61/200 发现队列 88/20000 [[user1]:88]
[2026-08-05 19:10:11] [W-18] 🔧 开始处理 [user1] jiayou88/GPT_API_free
[2026-08-05 19:10:11] [W-18] ⏭️ [user1] 仓库 https://github.com/jiayou88/GPT_API_free 2443h 未更新，跳过解析（无需追踪）
[2026-08-05 19:10:11] [W-1] ✅ 完成 [user1] gwcctv/iptv-api | 提取 0 | 新增 0 | 耗时 0s | 配额 4444/4800 11:10UTC | 主队列 61/200 发现队列 87/20000 [[user1]:87]
[2026-08-05 19:10:11] [W-1] 🔧 开始处理 [user1] jiayou88/KVideo
[2026-08-05 19:10:11] [W-1] ⏭️ [user1] 仓库 https://github.com/jiayou88/KVideo 2456h 未更新，跳过解析（无需追踪）
[2026-08-05 19:10:11] [W-23] ✅ 完成 [user1] gwcctv/ctv-txt | 提取 0 | 新增 0 | 耗时 0s | 配额 4444/4800 11:10UTC | 主队列 61/200 发现队列 86/20000 [[user1]:86]
[2026-08-05 19:10:11] [W-23] 🔧 开始处理 [user1] jiayou88/Open-Generative-AI
[2026-08-05 19:10:11] [W-23] ⏭️ [user1] 仓库 https://github.com/jiayou88/Open-Generative-AI 2479h 未更新，跳过解析（无需追踪）
[2026-08-05 19:10:11] [W-22] ✅ 完成 [user1] gwcctv/ddddocr | 提取 0 | 新增 0 | 耗时 0s | 配额 4444/4800 11:10UTC | 主队列 61/200 发现队列 85/20000 [[user1]:85]
[2026-08-05 19:10:11] [W-22] 🔧 开始处理 [user1] jiayou88/solu
[2026-08-05 19:10:11] [W-22] ⏭️ [user1] 仓库 https://github.com/jiayou88/solu 2568h 未更新，跳过解析（无需追踪）
[2026-08-05 19:10:11] [W-10] ✅ 完成 [user1] gwcctv/so | 提取 0 | 新增 0 | 耗时 0s | 配额 4444/4800 11:10UTC | 主队列 61/200 发现队列 84/20000 [[user1]:84]
[2026-08-05 19:10:11] [W-10] 🔧 开始处理 [user1] jiayou88/Solara-
[2026-08-05 19:10:11] [W-10] ⏭️ [user1] 仓库 https://github.com/jiayou88/Solara- 2570h 未更新，跳过解析（无需追踪）
[2026-08-05 19:10:11] [W-5] ✅ 完成 [user1] gwcctv/ChatALL | 提取 0 | 新增 0 | 耗时 0s | 配额 4444/4800 11:10UTC | 主队列 61/200 发现队列 83/20000 [[user1]:83]
[2026-08-05 19:10:11] [W-5] 🔧 开始处理 [user1] jiayou88/abc-TV
[2026-08-05 19:10:11] [W-5] ⏭️ [user1] 仓库 https://github.com/jiayou88/abc-TV 2829h 未更新，跳过解析（无需追踪）
[2026-08-05 19:10:11] [W-19] ✅ 完成 [user1] gwcctv/CatVodTVSpider2024816 | 提取 0 | 新增 0 | 耗时 0s | 配额 4444/4800 11:10UTC | 主队列 61/200 发现队列 82/20000 [[user1]:82]
[2026-08-05 19:10:11] [W-19] 🔧 开始处理 [user1] jiayou88/OmniBox-Spider
[2026-08-05 19:10:11] [W-19] ⏭️ [user1] 仓库 https://github.com/jiayou88/OmniBox-Spider 2768h 未更新，跳过解析（无需追踪）
[2026-08-05 19:10:11] [W-9] ✅ 完成 [user1] gwcctv/IPTV_Manager | 提取 0 | 新增 0 | 耗时 0s | 配额 4444/4800 11:10UTC | 主队列 61/200 发现队列 81/20000 [[user1]:81]
[2026-08-05 19:10:11] [W-9] 🔧 开始处理 [user1] jiayou88/lx-music-source
[2026-08-05 19:10:11] [W-9] ⏭️ [user1] 仓库 https://github.com/jiayou88/lx-music-source 4683h 未更新，跳过解析（无需追踪）
[2026-08-05 19:10:11] [W-6] ✅ 完成 [user1] jiayou88/AlgerMusicPlayer | 提取 0 | 新增 0 | 耗时 0s | 配额 4444/4800 11:10UTC | 主队列 61/200 发现队列 80/20000 [[user1]:80]
[2026-08-05 19:10:11] [W-6] 🔧 开始处理 [user1] jiayou88/ikun-music-desktop
[2026-08-05 19:10:11] [W-6] ⏭️ [user1] 仓库 https://github.com/jiayou88/ikun-music-desktop 2899h 未更新，跳过解析（无需追踪）
[2026-08-05 19:10:11] [W-7] ✅ 完成 [user1] jiayou88/freellmapi | 提取 0 | 新增 0 | 耗时 0s | 配额 4444/4800 11:10UTC | 主队列 61/200 发现队列 79/20000 [[user1]:79]
[2026-08-05 19:10:11] [W-7] 🔧 开始处理 [user1] jiayou88/reinstall-fnos-
[2026-08-05 19:10:11] [W-7] ⏭️ [user1] 仓库 https://github.com/jiayou88/reinstall-fnos- 3098h 未更新，跳过解析（无需追踪）
[2026-08-05 19:10:11] [W-18] ✅ 完成 [user1] jiayou88/GPT_API_free | 提取 0 | 新增 0 | 耗时 0s | 配额 4444/4800 11:10UTC | 主队列 61/200 发现队列 78/20000 [[user1]:78]
[2026-08-05 19:10:11] [W-18] 🔧 开始处理 [user1] jiayou88/jdpro
[2026-08-05 19:10:11] [W-18] ⏭️ [user1] 仓库 https://github.com/jiayou88/jdpro 3127h 未更新，跳过解析（无需追踪）
[2026-08-05 19:10:11] [W-1] ✅ 完成 [user1] jiayou88/KVideo | 提取 0 | 新增 0 | 耗时 0s | 配额 4444/4800 11:10UTC | 主队列 61/200 发现队列 77/20000 [[user1]:77]
[2026-08-05 19:10:11] [W-1] 🔧 开始处理 [user1] jiayou88/faker2
[2026-08-05 19:10:11] [W-1] ⏭️ [user1] 仓库 https://github.com/jiayou88/faker2 3248h 未更新，跳过解析（无需追踪）
[2026-08-05 19:10:11] [W-23] ✅ 完成 [user1] jiayou88/Open-Generative-AI | 提取 0 | 新增 0 | 耗时 0s | 配额 4444/4800 11:10UTC | 主队列 61/200 发现队列 76/20000 [[user1]:76]
[2026-08-05 19:10:11] [W-23] 🔧 开始处理 [user1] jiayou88/airi
[2026-08-05 19:10:11] [W-23] ⏭️ [user1] 仓库 https://github.com/jiayou88/airi 3120h 未更新，跳过解析（无需追踪）
[2026-08-05 19:10:11] [W-22] ✅ 完成 [user1] jiayou88/solu | 提取 0 | 新增 0 | 耗时 0s | 配额 4444/4800 11:10UTC | 主队列 61/200 发现队列 75/20000 [[user1]:75]
[2026-08-05 19:10:11] [W-22] 🔧 开始处理 [user1] jiayou88/github-chinese
[2026-08-05 19:10:11] [W-22] ⏭️ [user1] 仓库 https://github.com/jiayou88/github-chinese 3163h 未更新，跳过解析（无需追踪）
[2026-08-05 19:10:11] [W-10] ✅ 完成 [user1] jiayou88/Solara- | 提取 0 | 新增 0 | 耗时 0s | 配额 4444/4800 11:10UTC | 主队列 61/200 发现队列 74/20000 [[user1]:74]
[2026-08-05 19:10:11] [W-10] 🔧 开始处理 [user1] jiayou88/message-pusher
[2026-08-05 19:10:11] [W-10] ⏭️ [user1] 仓库 https://github.com/jiayou88/message-pusher 6151h 未更新，跳过解析（无需追踪）
[2026-08-05 19:10:11] [W-5] ✅ 完成 [user1] jiayou88/abc-TV | 提取 0 | 新增 0 | 耗时 0s | 配额 4444/4800 11:10UTC | 主队列 61/200 发现队列 73/20000 [[user1]:73]
[2026-08-05 19:10:11] [W-5] 🔧 开始处理 [user1] jiayou88/motrix-next
[2026-08-05 19:10:11] [W-5] ⏭️ [user1] 仓库 https://github.com/jiayou88/motrix-next 3357h 未更新，跳过解析（无需追踪）
[2026-08-05 19:10:11] [W-19] ✅ 完成 [user1] jiayou88/OmniBox-Spider | 提取 0 | 新增 0 | 耗时 0s | 配额 4444/4800 11:10UTC | 主队列 61/200 发现队列 72/20000 [[user1]:72]
[2026-08-05 19:10:11] [W-19] 🔧 开始处理 [user1] jiayou88/wxpushSkin
[2026-08-05 19:10:11] [W-19] ⏭️ [user1] 仓库 https://github.com/jiayou88/wxpushSkin 4687h 未更新，跳过解析（无需追踪）
[2026-08-05 19:10:11] [W-9] ✅ 完成 [user1] jiayou88/lx-music-source | 提取 0 | 新增 0 | 耗时 0s | 配额 4444/4800 11:10UTC | 主队列 61/200 发现队列 71/20000 [[user1]:71]
[2026-08-05 19:10:11] [W-9] 🔧 开始处理 [user1] jiayou88/wxpush
[2026-08-05 19:10:11] [W-9] ⏭️ [user1] 仓库 https://github.com/jiayou88/wxpush 3392h 未更新，跳过解析（无需追踪）
[2026-08-05 19:10:11] [W-6] ✅ 完成 [user1] jiayou88/ikun-music-desktop | 提取 0 | 新增 0 | 耗时 0s | 配额 4444/4800 11:10UTC | 主队列 61/200 发现队列 70/20000 [[user1]:70]
[2026-08-05 19:10:11] [W-6] 🔧 开始处理 [user1] jiayou88/kuailejiedian
[2026-08-05 19:10:11] [W-6] ⏭️ [user1] 仓库 https://github.com/jiayou88/kuailejiedian 3643h 未更新，跳过解析（无需追踪）
[2026-08-05 19:10:11] [W-6] ✅ 完成 [user1] jiayou88/kuailejiedian | 提取 0 | 新增 0 | 耗时 0s | 配额 4444/4800 11:10UTC | 主队列 61/200 发现队列 69/20000 [[user1]:69]
[2026-08-05 19:10:11] [W-6] 🔧 开始处理 [user1] jiayou88/myIPTV
[2026-08-05 19:10:11] [W-6] ⏭️ [user1] 仓库 https://github.com/jiayou88/myIPTV 3557h 未更新，跳过解析（无需追踪）
[2026-08-05 19:10:11] [W-18] ✅ 完成 [user1] jiayou88/jdpro | 提取 0 | 新增 0 | 耗时 0s | 配额 4444/4800 11:10UTC | 主队列 61/200 发现队列 68/20000 [[user1]:68]
[2026-08-05 19:10:11] [W-18] 🔧 开始处理 [user1] jiayou88/live
[2026-08-05 19:10:11] [W-18] ⏭️ [user1] 仓库 https://github.com/jiayou88/live 3746h 未更新，跳过解析（无需追踪）
[2026-08-05 19:10:11] [W-1] ✅ 完成 [user1] jiayou88/faker2 | 提取 0 | 新增 0 | 耗时 0s | 配额 4444/4800 11:10UTC | 主队列 61/200 发现队列 67/20000 [[user1]:67]
[2026-08-05 19:10:11] [W-1] 🔧 开始处理 [user1] jiayou88/libretv
[2026-08-05 19:10:11] [W-1] ⏭️ [user1] 仓库 https://github.com/jiayou88/libretv 3747h 未更新，跳过解析（无需追踪）
[2026-08-05 19:10:11] [W-23] ✅ 完成 [user1] jiayou88/airi | 提取 0 | 新增 0 | 耗时 0s | 配额 4444/4800 11:10UTC | 主队列 61/200 发现队列 66/20000 [[user1]:66]
[2026-08-05 19:10:11] [W-23] 🔧 开始处理 [user1] jiayou88/tv
[2026-08-05 19:10:11] [W-23] ⏭️ [user1] 仓库 https://github.com/jiayou88/tv 9410h 未更新，跳过解析（无需追踪）
[2026-08-05 19:10:11] [W-22] ✅ 完成 [user1] jiayou88/github-chinese | 提取 0 | 新增 0 | 耗时 0s | 配额 4444/4800 11:10UTC | 主队列 61/200 发现队列 65/20000 [[user1]:65]
[2026-08-05 19:10:11] [W-22] 🔧 开始处理 [user1] jiayou88/tvapp_store
[2026-08-05 19:10:11] [W-22] ⏭️ [user1] 仓库 https://github.com/jiayou88/tvapp_store 4307h 未更新，跳过解析（无需追踪）
[2026-08-05 19:10:12] [W-10] ✅ 完成 [user1] jiayou88/message-pusher | 提取 0 | 新增 0 | 耗时 0s | 配额 4444/4800 11:10UTC | 主队列 61/200 发现队列 64/20000 [[user1]:64]
[2026-08-05 19:10:12] [W-10] 🔧 开始处理 [user1] jiayou88/danmu_api
[2026-08-05 19:10:12] [W-10] ⏭️ [user1] 仓库 https://github.com/jiayou88/danmu_api 3771h 未更新，跳过解析（无需追踪）
[2026-08-05 19:10:12] [W-5] ✅ 完成 [user1] jiayou88/motrix-next | 提取 0 | 新增 0 | 耗时 0s | 配额 4444/4800 11:10UTC | 主队列 61/200 发现队列 63/20000 [[user1]:63]
[2026-08-05 19:10:12] [W-5] 🔧 开始处理 [user1] jiayou88/jellyfin-plugin-metatube
[2026-08-05 19:10:12] [W-5] ⏭️ [user1] 仓库 https://github.com/jiayou88/jellyfin-plugin-metatube 6613h 未更新，跳过解析（无需追踪）
[2026-08-05 19:10:12] [W-8] 仓库 https://github.com/gwcctv/ICTV 候选文件 1 个
[2026-08-05 19:10:12] [W-19] ✅ 完成 [user1] jiayou88/wxpushSkin | 提取 0 | 新增 0 | 耗时 0s | 配额 4444/4800 11:10UTC | 主队列 61/200 发现队列 62/20000 [[user1]:62]
[2026-08-05 19:10:12] [W-19] 🔧 开始处理 [user1] jiayou88/LunaTV
[2026-08-05 19:10:12] [W-19] ⏭️ [user1] 仓库 https://github.com/jiayou88/LunaTV 3813h 未更新，跳过解析（无需追踪）
[2026-08-05 19:10:12] [W-9] ✅ 完成 [user1] jiayou88/wxpush | 提取 0 | 新增 0 | 耗时 0s | 配额 4444/4800 11:10UTC | 主队列 61/200 发现队列 61/20000 [[user1]:61]
[2026-08-05 19:10:12] [W-9] 🔧 开始处理 [user1] jiayou88/GithubDesktopZhTool
[2026-08-05 19:10:12] [W-9] ⏭️ [user1] 仓库 https://github.com/jiayou88/GithubDesktopZhTool 5808h 未更新，跳过解析（无需追踪）
[2026-08-05 19:10:12] [W-6] ✅ 完成 [user1] jiayou88/myIPTV | 提取 0 | 新增 0 | 耗时 0s | 配额 4444/4800 11:10UTC | 主队列 61/200 发现队列 60/20000 [[user1]:60]
[2026-08-05 19:10:12] [W-6] 🔧 开始处理 [user1] shenguidao/xiaomusic_d
[2026-08-05 19:10:12] [W-6] ⏭️ [user1] 仓库 https://github.com/shenguidao/xiaomusic_d 1374h 未更新，跳过解析（无需追踪）
[2026-08-05 19:10:12] [W-7] ✅ 完成 [user1] jiayou88/reinstall-fnos- | 提取 0 | 新增 0 | 耗时 0s | 配额 4444/4800 11:10UTC | 主队列 61/200 发现队列 59/20000 [[user1]:59]
[2026-08-05 19:10:12] [W-7] 🔧 开始处理 [user1] shenguidao/one-api
[2026-08-05 19:10:12] [W-7] ⏭️ [user1] 仓库 https://github.com/shenguidao/one-api 24861h 未更新，跳过解析（无需追踪）
[2026-08-05 19:10:12] [W-18] ✅ 完成 [user1] jiayou88/live | 提取 0 | 新增 0 | 耗时 0s | 配额 4444/4800 11:10UTC | 主队列 61/200 发现队列 58/20000 [[user1]:58]
[2026-08-05 19:10:12] [W-18] 🔧 开始处理 [user1] shenguidao/MoonTV
[2026-08-05 19:10:12] [W-18] ⏭️ [user1] 仓库 https://github.com/shenguidao/MoonTV 9003h 未更新，跳过解析（无需追踪）
[2026-08-05 19:10:12] [W-1] ✅ 完成 [user1] jiayou88/libretv | 提取 0 | 新增 0 | 耗时 0s | 配额 4443/4800 11:10UTC | 主队列 61/200 发现队列 57/20000 [[user1]:57]
[2026-08-05 19:10:12] [W-1] 🔧 开始处理 [user1] shenguidao/awesome
[2026-08-05 19:10:12] [W-1] ⏭️ [user1] 仓库 https://github.com/shenguidao/awesome 14434h 未更新，跳过解析（无需追踪）
[2026-08-05 19:10:12] [W-23] ✅ 完成 [user1] jiayou88/tv | 提取 0 | 新增 0 | 耗时 0s | 配额 4443/4800 11:10UTC | 主队列 61/200 发现队列 56/20000 [[user1]:56]
[2026-08-05 19:10:12] [W-23] 🔧 开始处理 [user1] shenguidao/advanced-java
[2026-08-05 19:10:12] [W-23] ⏭️ [user1] 仓库 https://github.com/shenguidao/advanced-java 14723h 未更新，跳过解析（无需追踪）
[2026-08-05 19:10:12] [W-22] ✅ 完成 [user1] jiayou88/tvapp_store | 提取 0 | 新增 0 | 耗时 0s | 配额 4443/4800 11:10UTC | 主队列 61/200 发现队列 55/20000 [[user1]:55]
[2026-08-05 19:10:12] [W-22] 🔧 开始处理 [user1] shenguidao/Pake
[2026-08-05 19:10:12] [W-22] ⏭️ [user1] 仓库 https://github.com/shenguidao/Pake 16203h 未更新，跳过解析（无需追踪）
[2026-08-05 19:10:12] [W-10] ✅ 完成 [user1] jiayou88/danmu_api | 提取 0 | 新增 0 | 耗时 0s | 配额 4443/4800 11:10UTC | 主队列 61/200 发现队列 54/20000 [[user1]:54]
[2026-08-05 19:10:12] [W-10] 🔧 开始处理 [user1] shenguidao/MiService
[2026-08-05 19:10:12] [W-10] ⏭️ [user1] 仓库 https://github.com/shenguidao/MiService 18238h 未更新，跳过解析（无需追踪）
[2026-08-05 19:10:13] [W-5] ✅ 完成 [user1] jiayou88/jellyfin-plugin-metatube | 提取 0 | 新增 0 | 耗时 0s | 配额 4443/4800 11:10UTC | 主队列 61/200 发现队列 53/20000 [[user1]:53]
[2026-08-05 19:10:13] [W-5] 🔧 开始处理 [user1] shenguidao/BYDRepairManual
[2026-08-05 19:10:13] [W-5] ⏭️ [user1] 仓库 https://github.com/shenguidao/BYDRepairManual 30155h 未更新，跳过解析（无需追踪）
[2026-08-05 19:10:13] [W-19] ✅ 完成 [user1] jiayou88/LunaTV | 提取 0 | 新增 0 | 耗时 0s | 配额 4443/4800 11:10UTC | 主队列 61/200 发现队列 52/20000 [[user1]:52]
[2026-08-05 19:10:13] [W-19] 🔧 开始处理 [user1] shenguidao/BYDPackagesByChip2
[2026-08-05 19:10:13] [W-19] ⏭️ [user1] 仓库 https://github.com/shenguidao/BYDPackagesByChip2 25630h 未更新，跳过解析（无需追踪）
[2026-08-05 19:10:13] [W-9] ✅ 完成 [user1] jiayou88/GithubDesktopZhTool | 提取 0 | 新增 0 | 耗时 0s | 配额 4443/4800 11:10UTC | 主队列 61/200 发现队列 51/20000 [[user1]:51]
[2026-08-05 19:10:13] [W-9] 🔧 开始处理 [user1] shenguidao/spring-reading
[2026-08-05 19:10:13] [W-9] ⏭️ [user1] 仓库 https://github.com/shenguidao/spring-reading 17693h 未更新，跳过解析（无需追踪）
[2026-08-05 19:10:13] [W-6] ✅ 完成 [user1] shenguidao/xiaomusic_d | 提取 0 | 新增 0 | 耗时 0s | 配额 4443/4800 11:10UTC | 主队列 61/200 发现队列 50/20000 [[user1]:50]
[2026-08-05 19:10:13] [W-6] 🔧 开始处理 [user1] shenguidao/goSMSAndPhoneBoom
[2026-08-05 19:10:13] [W-6] ⏭️ [user1] 仓库 https://github.com/shenguidao/goSMSAndPhoneBoom 18155h 未更新，跳过解析（无需追踪）
[2026-08-05 19:10:13] [W-7] ✅ 完成 [user1] shenguidao/one-api | 提取 0 | 新增 0 | 耗时 0s | 配额 4443/4800 11:10UTC | 主队列 61/200 发现队列 49/20000 [[user1]:49]
[2026-08-05 19:10:13] [W-7] 🔧 开始处理 [user1] shenguidao/SMSBoom
[2026-08-05 19:10:13] [W-7] ⏭️ [user1] 仓库 https://github.com/shenguidao/SMSBoom 20840h 未更新，跳过解析（无需追踪）
[2026-08-05 19:10:13] [W-18] ✅ 完成 [user1] shenguidao/MoonTV | 提取 0 | 新增 0 | 耗时 0s | 配额 4443/4800 11:10UTC | 主队列 61/200 发现队列 48/20000 [[user1]:48]
[2026-08-05 19:10:13] [W-18] 🔧 开始处理 [user1] shenguidao/Yuedu
[2026-08-05 19:10:13] [W-18] ⏭️ [user1] 仓库 https://github.com/shenguidao/Yuedu 21513h 未更新，跳过解析（无需追踪）
[2026-08-05 19:10:13] [W-1] ✅ 完成 [user1] shenguidao/awesome | 提取 0 | 新增 0 | 耗时 0s | 配额 4443/4800 11:10UTC | 主队列 61/200 发现队列 47/20000 [[user1]:47]
[2026-08-05 19:10:13] [W-1] 🔧 开始处理 [user1] shenguidao/tvbox
[2026-08-05 19:10:13] [W-1] ⏭️ [user1] 仓库 https://github.com/shenguidao/tvbox 28036h 未更新，跳过解析（无需追踪）
[2026-08-05 19:10:13] [W-23] ✅ 完成 [user1] shenguidao/advanced-java | 提取 0 | 新增 0 | 耗时 0s | 配额 4443/4800 11:10UTC | 主队列 61/200 发现队列 46/20000 [[user1]:46]
[2026-08-05 19:10:13] [W-23] 🔧 开始处理 [user1] shenguidao/Shizuku
[2026-08-05 19:10:13] [W-23] ⏭️ [user1] 仓库 https://github.com/shenguidao/Shizuku 21049h 未更新，跳过解析（无需追踪）
[2026-08-05 19:10:13] [W-22] ✅ 完成 [user1] shenguidao/Pake | 提取 0 | 新增 0 | 耗时 0s | 配额 4443/4800 11:10UTC | 主队列 61/200 发现队列 45/20000 [[user1]:45]
[2026-08-05 19:10:13] [W-22] 🔧 开始处理 [user1] shenguidao/wechat
[2026-08-05 19:10:13] [W-22] ⏭️ [user1] 仓库 https://github.com/shenguidao/wechat 55947h 未更新，跳过解析（无需追踪）
[2026-08-05 19:10:13] [W-10] ✅ 完成 [user1] shenguidao/MiService | 提取 0 | 新增 0 | 耗时 0s | 配额 4443/4800 11:10UTC | 主队列 61/200 发现队列 44/20000 [[user1]:44]
[2026-08-05 19:10:13] [W-10] 🔧 开始处理 [user1] shenguidao/all6
[2026-08-05 19:10:13] [W-10] ⏭️ [user1] 仓库 https://github.com/shenguidao/all6 41715h 未更新，跳过解析（无需追踪）
[2026-08-05 19:10:13] [W-5] ✅ 完成 [user1] shenguidao/BYDRepairManual | 提取 0 | 新增 0 | 耗时 0s | 配额 4443/4800 11:10UTC | 主队列 61/200 发现队列 43/20000 [[user1]:43]
[2026-08-05 19:10:13] [W-5] 🔧 开始处理 [user1] shenguidao/github_hajiuhajiu_jdsign1112
[2026-08-05 19:10:13] [W-5] ⏭️ [user1] 仓库 https://github.com/shenguidao/github_hajiuhajiu_jdsign1112 41865h 未更新，跳过解析（无需追踪）
[2026-08-05 19:10:13] [W-19] ✅ 完成 [user1] shenguidao/BYDPackagesByChip2 | 提取 0 | 新增 0 | 耗时 0s | 配额 4443/4800 11:10UTC | 主队列 61/200 发现队列 42/20000 [[user1]:42]
[2026-08-05 19:10:13] [W-19] 🔧 开始处理 [user1] shenguidao/e
[2026-08-05 19:10:13] [W-19] ⏭️ [user1] 仓库 https://github.com/shenguidao/e 42162h 未更新，跳过解析（无需追踪）
[2026-08-05 19:10:13] [W-9] ✅ 完成 [user1] shenguidao/spring-reading | 提取 0 | 新增 0 | 耗时 0s | 配额 4443/4800 11:10UTC | 主队列 61/200 发现队列 41/20000 [[user1]:41]
[2026-08-05 19:10:13] [W-9] 🔧 开始处理 [user1] shenguidao/jdhello
[2026-08-05 19:10:13] [W-9] ⏭️ [user1] 仓库 https://github.com/shenguidao/jdhello 42218h 未更新，跳过解析（无需追踪）
[2026-08-05 19:10:13] [W-6] ✅ 完成 [user1] shenguidao/goSMSAndPhoneBoom | 提取 0 | 新增 0 | 耗时 0s | 配额 4443/4800 11:10UTC | 主队列 61/200 发现队列 40/20000 [[user1]:40]
[2026-08-05 19:10:13] [W-6] 🔧 开始处理 [user1] shenguidao/IJD28
[2026-08-05 19:10:13] [W-6] ⏭️ [user1] 仓库 https://github.com/shenguidao/IJD28 42218h 未更新，跳过解析（无需追踪）
[2026-08-05 19:10:13] [W-7] ✅ 完成 [user1] shenguidao/SMSBoom | 提取 0 | 新增 0 | 耗时 0s | 配额 4443/4800 11:10UTC | 主队列 61/200 发现队列 39/20000 [[user1]:39]
[2026-08-05 19:10:13] [W-7] 🔧 开始处理 [user1] shenguidao/AutoSyncScript
[2026-08-05 19:10:13] [W-7] ⏭️ [user1] 仓库 https://github.com/shenguidao/AutoSyncScript 42219h 未更新，跳过解析（无需追踪）
[2026-08-05 19:10:13] [W-18] ✅ 完成 [user1] shenguidao/Yuedu | 提取 0 | 新增 0 | 耗时 0s | 配额 4443/4800 11:10UTC | 主队列 61/200 发现队列 38/20000 [[user1]:38]
[2026-08-05 19:10:13] [W-18] 🔧 开始处理 [user1] shenguidao/HJDSCRIPT
[2026-08-05 19:10:13] [W-18] ⏭️ [user1] 仓库 https://github.com/shenguidao/HJDSCRIPT 43683h 未更新，跳过解析（无需追踪）
[2026-08-05 19:10:13] [W-1] ✅ 完成 [user1] shenguidao/tvbox | 提取 0 | 新增 0 | 耗时 0s | 配额 4443/4800 11:10UTC | 主队列 61/200 发现队列 37/20000 [[user1]:37]
[2026-08-05 19:10:13] [W-1] 🔧 开始处理 [user1] shenguidao/DJDSCRIPT
[2026-08-05 19:10:13] [W-1] ⏭️ [user1] 仓库 https://github.com/shenguidao/DJDSCRIPT 43683h 未更新，跳过解析（无需追踪）
[2026-08-05 19:10:13] [W-23] ✅ 完成 [user1] shenguidao/Shizuku | 提取 0 | 新增 0 | 耗时 0s | 配额 4443/4800 11:10UTC | 主队列 61/200 发现队列 36/20000 [[user1]:36]
[2026-08-05 19:10:13] [W-23] 🔧 开始处理 [user1] shenguidao/DJD
[2026-08-05 19:10:13] [W-23] ⏭️ [user1] 仓库 https://github.com/shenguidao/DJD 43683h 未更新，跳过解析（无需追踪）
[2026-08-05 19:10:13] [W-22] ✅ 完成 [user1] shenguidao/wechat | 提取 0 | 新增 0 | 耗时 0s | 配额 4443/4800 11:10UTC | 主队列 61/200 发现队列 35/20000 [[user1]:35]
[2026-08-05 19:10:13] [W-22] 🔧 开始处理 [user1] shenguidao/jd28
[2026-08-05 19:10:13] [W-22] ⚠️ [user1] 仓库 https://github.com/shenguidao/jd28 大小为 0，跳过
[2026-08-05 19:10:13] [W-10] ✅ 完成 [user1] shenguidao/all6 | 提取 0 | 新增 0 | 耗时 0s | 配额 4443/4800 11:10UTC | 主队列 61/200 发现队列 34/20000 [[user1]:34]
[2026-08-05 19:10:13] [W-10] 🔧 开始处理 [user1] shenguidao/ca
[2026-08-05 19:10:13] [W-10] ⏭️ [user1] 仓库 https://github.com/shenguidao/ca 64704h 未更新，跳过解析（无需追踪）
[2026-08-05 19:10:13] [W-5] ✅ 完成 [user1] shenguidao/github_hajiuhajiu_jdsign1112 | 提取 0 | 新增 0 | 耗时 0s | 配额 4443/4800 11:10UTC | 主队列 61/200 发现队列 33/20000 [[user1]:33]
[2026-08-05 19:10:13] [W-5] 🔧 开始处理 [user1] shenguidao/proxyservice
[2026-08-05 19:10:13] [W-5] ⏭️ [user1] 仓库 https://github.com/shenguidao/proxyservice 75295h 未更新，跳过解析（无需追踪）
[2026-08-05 19:10:13] [W-19] ✅ 完成 [user1] shenguidao/e | 提取 0 | 新增 0 | 耗时 0s | 配额 4443/4800 11:10UTC | 主队列 61/200 发现队列 32/20000 [[user1]:32]
[2026-08-05 19:10:13] [W-19] 🔧 开始处理 [user1] shenguidao/lx-music-desktop
[2026-08-05 19:10:13] [W-19] ⏭️ [user1] 仓库 https://github.com/shenguidao/lx-music-desktop 48556h 未更新，跳过解析（无需追踪）
[2026-08-05 19:10:13] [W-9] ✅ 完成 [user1] shenguidao/jdhello | 提取 0 | 新增 0 | 耗时 0s | 配额 4443/4800 11:10UTC | 主队列 61/200 发现队列 31/20000 [[user1]:31]
[2026-08-05 19:10:13] [W-9] 🔧 开始处理 [user1] shenguidao/netmusic-node
[2026-08-05 19:10:13] [W-9] ⏭️ [user1] 仓库 https://github.com/shenguidao/netmusic-node 69267h 未更新，跳过解析（无需追踪）
[2026-08-05 19:10:13] [W-8] ✅ 完成 [user1] gwcctv/ICTV | 提取 0 | 新增 0 | 耗时 3s | 配额 4443/4800 11:10UTC | 主队列 61/200 发现队列 30/20000 [[user1]:30]
[2026-08-05 19:10:13] [W-6] ✅ 完成 [user1] shenguidao/IJD28 | 提取 0 | 新增 0 | 耗时 0s | 配额 4443/4800 11:10UTC | 主队列 61/200 发现队列 29/20000 [[user1]:29]
[2026-08-05 19:10:13] [W-6] 🔧 开始处理 [user1] PENZA84/TGParse
[2026-08-05 19:10:13] [W-6] [user1] 仓库 https://github.com/PENZA84/TGParse (分支: main, size: 3903363KB, pushed: 2026-08-05T06:26:26Z)
[2026-08-05 19:10:13] [W-8] 🔧 开始处理 [user1] PENZA84/SwagMeli-Sub
[2026-08-05 19:10:13] [W-8] 📝 已处理缓存: PENZA84/SwagMeli-Sub
[2026-08-05 19:10:13] [W-8] ⏭️ [user1] 仓库 https://github.com/PENZA84/SwagMeli-Sub 3884h 未更新，跳过解析（无需追踪）
[2026-08-05 19:10:13] [W-7] ✅ 完成 [user1] shenguidao/AutoSyncScript | 提取 0 | 新增 0 | 耗时 0s | 配额 4443/4800 11:10UTC | 主队列 61/200 发现队列 28/20000 [[user1]:28]
[2026-08-05 19:10:13] [W-7] 🔧 开始处理 [user1] PENZA84/Config-Multiplier
[2026-08-05 19:10:13] [W-7] 📝 已处理缓存: PENZA84/Config-Multiplier
[2026-08-05 19:10:13] [W-7] ⏭️ [user1] 仓库 https://github.com/PENZA84/Config-Multiplier 15698h 未更新，跳过解析（无需追踪）
[2026-08-05 19:10:14] [W-18] ✅ 完成 [user1] shenguidao/HJDSCRIPT | 提取 0 | 新增 0 | 耗时 0s | 配额 4443/4800 11:10UTC | 主队列 61/200 发现队列 27/20000 [[user1]:27]
[2026-08-05 19:10:14] [W-18] 🔧 开始处理 [user1] PENZA84/fetchNodes
[2026-08-05 19:10:14] [W-18] 📝 已处理缓存: PENZA84/fetchNodes
[2026-08-05 19:10:14] [W-18] ⏭️ [user1] 仓库 https://github.com/PENZA84/fetchNodes 1726h 未更新，跳过解析（无需追踪）
[2026-08-05 19:10:14] [W-1] ✅ 完成 [user1] shenguidao/DJDSCRIPT | 提取 0 | 新增 0 | 耗时 0s | 配额 4443/4800 11:10UTC | 主队列 61/200 发现队列 26/20000 [[user1]:26]
[2026-08-05 19:10:14] [W-1] 🔧 开始处理 [user1] PENZA84/v2forge
[2026-08-05 19:10:14] [W-1] 📝 已处理缓存: PENZA84/v2forge
[2026-08-05 19:10:14] [W-1] ⏭️ [user1] 仓库 https://github.com/PENZA84/v2forge 269h 未更新，跳过解析（无需追踪）
[2026-08-05 19:10:14] [W-23] ✅ 完成 [user1] shenguidao/DJD | 提取 0 | 新增 0 | 耗时 0s | 配额 4443/4800 11:10UTC | 主队列 61/200 发现队列 25/20000 [[user1]:25]
[2026-08-05 19:10:14] [W-23] 🔧 开始处理 [user1] PENZA84/ProxRipper
[2026-08-05 19:10:14] [W-23] 📝 已处理缓存: PENZA84/ProxRipper
[2026-08-05 19:10:14] [W-23] ⏭️ [user1] 仓库 https://github.com/PENZA84/ProxRipper 34h 未更新，跳过解析（无需追踪）
[2026-08-05 19:10:14] [W-22] ✅ 完成 [user1] shenguidao/jd28 | 提取 0 | 新增 0 | 耗时 0s | 配额 4443/4800 11:10UTC | 主队列 61/200 发现队列 24/20000 [[user1]:24]
[2026-08-05 19:10:14] [W-22] 🔧 开始处理 [user1] PENZA84/v2ray-configs-2
[2026-08-05 19:10:14] [W-22] ⏭️ [user1] 仓库 https://github.com/PENZA84/v2ray-configs-2 主要语言 HTML，跳过
[2026-08-05 19:10:14] [W-10] ✅ 完成 [user1] shenguidao/ca | 提取 0 | 新增 0 | 耗时 0s | 配额 4443/4800 11:10UTC | 主队列 61/200 发现队列 23/20000 [[user1]:23]
[2026-08-05 19:10:14] [W-10] 🔧 开始处理 [user1] PENZA84/Freedom-V2Ray
[2026-08-05 19:10:14] [W-10] 📝 已处理缓存: PENZA84/Freedom-V2Ray
[2026-08-05 19:10:14] [W-10] ⏭️ [user1] 仓库 https://github.com/PENZA84/Freedom-V2Ray 48h 未更新，跳过解析（无需追踪）
[2026-08-05 19:10:14] [W-5] ✅ 完成 [user1] shenguidao/proxyservice | 提取 0 | 新增 0 | 耗时 0s | 配额 4443/4800 11:10UTC | 主队列 61/200 发现队列 22/20000 [[user1]:22]
[2026-08-05 19:10:14] [W-5] 🔧 开始处理 [user1] PENZA84/InetByOu.yaml
[2026-08-05 19:10:14] [W-5] 📝 已处理缓存: PENZA84/InetByOu.yaml
[2026-08-05 19:10:14] [W-5] ⏭️ [user1] 仓库 https://github.com/PENZA84/InetByOu.yaml 5686h 未更新，跳过解析（无需追踪）
[2026-08-05 19:10:14] [W-19] ✅ 完成 [user1] shenguidao/lx-music-desktop | 提取 0 | 新增 0 | 耗时 0s | 配额 4443/4800 11:10UTC | 主队列 61/200 发现队列 21/20000 [[user1]:21]
[2026-08-05 19:10:14] [W-19] 🔧 开始处理 [user1] PENZA84/AliveHub
[2026-08-05 19:10:14] [W-19] 📝 已处理缓存: PENZA84/AliveHub
[2026-08-05 19:10:14] [W-19] ⏭️ [user1] 仓库 https://github.com/PENZA84/AliveHub 134h 未更新，跳过解析（无需追踪）
[2026-08-05 19:10:14] [W-9] ✅ 完成 [user1] shenguidao/netmusic-node | 提取 0 | 新增 0 | 耗时 0s | 配额 4443/4800 11:10UTC | 主队列 61/200 发现队列 20/20000 [[user1]:20]
[2026-08-05 19:10:14] [W-9] 🔧 开始处理 [user1] PENZA84/proxyhub
[2026-08-05 19:10:14] [W-9] 📝 已处理缓存: PENZA84/proxyhub
[2026-08-05 19:10:14] [W-9] ⏭️ [user1] 仓库 https://github.com/PENZA84/proxyhub 23929h 未更新，跳过解析（无需追踪）
[2026-08-05 19:10:14] [W-8] ✅ 完成 [user1] PENZA84/SwagMeli-Sub | 提取 0 | 新增 0 | 耗时 0s | 配额 4443/4800 11:10UTC | 主队列 61/200 发现队列 19/20000 [[user1]:19]
[2026-08-05 19:10:14] [W-8] 🔧 开始处理 [user1] PENZA84/Proxify
[2026-08-05 19:10:14] [W-8] ⏭️ [user1] 仓库 https://github.com/PENZA84/Proxify 132h 未更新，跳过解析（无需追踪）
[2026-08-05 19:10:14] [W-7] ✅ 完成 [user1] PENZA84/Config-Multiplier | 提取 0 | 新增 0 | 耗时 0s | 配额 4443/4800 11:10UTC | 主队列 61/200 发现队列 18/20000 [[user1]:18]
[2026-08-05 19:10:14] [W-7] 🔧 开始处理 [user1] PENZA84/Master-Proxy
[2026-08-05 19:10:14] [W-7] 📝 已处理缓存: PENZA84/Master-Proxy
[2026-08-05 19:10:14] [W-7] ⏭️ [user1] 仓库 https://github.com/PENZA84/Master-Proxy 5996h 未更新，跳过解析（无需追踪）
[2026-08-05 19:10:14] [W-18] ✅ 完成 [user1] PENZA84/fetchNodes | 提取 0 | 新增 0 | 耗时 0s | 配额 4443/4800 11:10UTC | 主队列 61/200 发现队列 17/20000 [[user1]:17]
[2026-08-05 19:10:14] [W-18] 🔧 开始处理 [user1] PENZA84/v2ray-configs
[2026-08-05 19:10:14] [W-18] ⏭️ [user1] 仓库 https://github.com/PENZA84/v2ray-configs 139h 未更新，跳过解析（无需追踪）
[2026-08-05 19:10:14] [W-1] ✅ 完成 [user1] PENZA84/v2forge | 提取 0 | 新增 0 | 耗时 0s | 配额 4443/4800 11:10UTC | 主队列 61/200 发现队列 16/20000 [[user1]:16]
[2026-08-05 19:10:14] [W-1] 🔧 开始处理 [user1] PENZA84/bulk-xray-v2ray-vless-vmess-...-configs
[2026-08-05 19:10:14] [W-1] ⏭️ [user1] 仓库 https://github.com/PENZA84/bulk-xray-v2ray-vless-vmess-...-configs 140h 未更新，跳过解析（无需追踪）
[2026-08-05 19:10:14] [W-23] ✅ 完成 [user1] PENZA84/ProxRipper | 提取 0 | 新增 0 | 耗时 0s | 配额 4443/4800 11:10UTC | 主队列 61/200 发现队列 15/20000 [[user1]:15]
[2026-08-05 19:10:14] [W-23] 🔧 开始处理 [user1] PENZA84/v2ray-configs2
[2026-08-05 19:10:14] [W-23] ⏭️ [user1] 仓库 https://github.com/PENZA84/v2ray-configs2 150h 未更新，跳过解析（无需追踪）
[2026-08-05 19:10:14] [W-22] ✅ 完成 [user1] PENZA84/v2ray-configs-2 | 提取 0 | 新增 0 | 耗时 0s | 配额 4443/4800 11:10UTC | 主队列 61/200 发现队列 14/20000 [[user1]:14]
[2026-08-05 19:10:14] [W-22] 🔧 开始处理 [user1] PENZA84/sakha1370-OpenRay
[2026-08-05 19:10:14] [W-22] 📝 已处理缓存: PENZA84/sakha1370-OpenRay
[2026-08-05 19:10:14] [W-22] ⏭️ [user1] 仓库 https://github.com/PENZA84/sakha1370-OpenRay 2351h 未更新，跳过解析（无需追踪）
[2026-08-05 19:10:14] [W-2] 仓库 https://github.com/gwcctv/youtube 候选文件 1 个
[2026-08-05 19:10:14] [W-10] ✅ 完成 [user1] PENZA84/Freedom-V2Ray | 提取 0 | 新增 0 | 耗时 0s | 配额 4443/4800 11:10UTC | 主队列 61/200 发现队列 13/20000 [[user1]:13]
[2026-08-05 19:10:14] [W-10] 🔧 开始处理 [user1] PENZA84/shnajder-vpn-configs
[2026-08-05 19:10:14] [W-10] ⏭️ [user1] 仓库 https://github.com/PENZA84/shnajder-vpn-configs 141h 未更新，跳过解析（无需追踪）
[2026-08-05 19:10:14] [W-5] ✅ 完成 [user1] PENZA84/InetByOu.yaml | 提取 0 | 新增 0 | 耗时 0s | 配额 4443/4800 11:10UTC | 主队列 61/200 发现队列 12/20000 [[user1]:12]
[2026-08-05 19:10:14] [W-5] 🔧 开始处理 [user1] PENZA84/checked-proxy-list
[2026-08-05 19:10:14] [W-5] 📝 已处理缓存: PENZA84/checked-proxy-list
[2026-08-05 19:10:14] [W-5] ⏭️ [user1] 仓库 https://github.com/PENZA84/checked-proxy-list 3197h 未更新，跳过解析（无需追踪）
[2026-08-05 19:10:14] [W-19] ✅ 完成 [user1] PENZA84/AliveHub | 提取 0 | 新增 0 | 耗时 0s | 配额 4443/4800 11:10UTC | 主队列 61/200 发现队列 11/20000 [[user1]:11]
[2026-08-05 19:10:14] [W-19] 🔧 开始处理 [user1] PENZA84/V2rayCollector-
[2026-08-05 19:10:14] [W-19] ⏭️ [user1] 仓库 https://github.com/PENZA84/V2rayCollector- 140h 未更新，跳过解析（无需追踪）
[2026-08-05 19:10:14] [W-9] ✅ 完成 [user1] PENZA84/proxyhub | 提取 0 | 新增 0 | 耗时 0s | 配额 4443/4800 11:10UTC | 主队列 61/200 发现队列 10/20000 [[user1]:10]
[2026-08-05 19:10:14] [W-9] 🔧 开始处理 [user1] PENZA84/vpn-checker-backend
[2026-08-05 19:10:14] [W-9] ⏭️ [user1] 仓库 https://github.com/PENZA84/vpn-checker-backend 140h 未更新，跳过解析（无需追踪）
[2026-08-05 19:10:14] [W-8] ✅ 完成 [user1] PENZA84/Proxify | 提取 0 | 新增 0 | 耗时 0s | 配额 4443/4800 11:10UTC | 主队列 61/200 发现队列 9/20000 [[user1]:9]
[2026-08-05 19:10:14] [W-8] 🔧 开始处理 [user1] PENZA84/sub2clash
[2026-08-05 19:10:14] [W-8] 📝 已处理缓存: PENZA84/sub2clash
[2026-08-05 19:10:14] [W-8] ⏭️ [user1] 仓库 https://github.com/PENZA84/sub2clash 1587h 未更新，跳过解析（无需追踪）
[2026-08-05 19:10:14] [W-7] ✅ 完成 [user1] PENZA84/Master-Proxy | 提取 0 | 新增 0 | 耗时 0s | 配额 4443/4800 11:10UTC | 主队列 61/200 发现队列 8/20000 [[user1]:8]
[2026-08-05 19:10:14] [W-7] 🔧 开始处理 [user1] PENZA84/V2ray-Configs1
[2026-08-05 19:10:14] [W-7] ⏭️ [user1] 仓库 https://github.com/PENZA84/V2ray-Configs1 140h 未更新，跳过解析（无需追踪）
[2026-08-05 19:10:14] [W-18] ✅ 完成 [user1] PENZA84/v2ray-configs | 提取 0 | 新增 0 | 耗时 0s | 配额 4443/4800 11:10UTC | 主队列 61/200 发现队列 7/20000 [[user1]:7]
[2026-08-05 19:10:14] [W-18] 🔧 开始处理 [user1] PENZA84/RSS
[2026-08-05 19:10:14] [W-18] ⏭️ [user1] 仓库 https://github.com/PENZA84/RSS 140h 未更新，跳过解析（无需追踪）
[2026-08-05 19:10:14] [W-1] ✅ 完成 [user1] PENZA84/bulk-xray-v2ray-vless-vmess-...-configs | 提取 0 | 新增 0 | 耗时 0s | 配额 4443/4800 11:10UTC | 主队列 61/200 发现队列 6/20000 [[user1]:6]
[2026-08-05 19:10:14] [W-1] 🔧 开始处理 [user1] PENZA84/FREE-VPN-VIA-PLANET
[2026-08-05 19:10:14] [W-1] 📝 已处理缓存: PENZA84/FREE-VPN-VIA-PLANET
[2026-08-05 19:10:14] [W-1] ⏭️ [user1] 仓库 https://github.com/PENZA84/FREE-VPN-VIA-PLANET 7548h 未更新，跳过解析（无需追踪）
[2026-08-05 19:10:14] [W-23] ✅ 完成 [user1] PENZA84/v2ray-configs2 | 提取 0 | 新增 0 | 耗时 0s | 配额 4443/4800 11:10UTC | 主队列 61/200 发现队列 5/20000 [[user1]:5]
[2026-08-05 19:10:14] [W-23] 🔧 开始处理 [user1] PENZA84/worldpool
[2026-08-05 19:10:14] [W-23] ⏭️ [user1] 仓库 https://github.com/PENZA84/worldpool 140h 未更新，跳过解析（无需追踪）
[2026-08-05 19:10:14] [W-22] ✅ 完成 [user1] PENZA84/sakha1370-OpenRay | 提取 0 | 新增 0 | 耗时 0s | 配额 4443/4800 11:10UTC | 主队列 61/200 发现队列 4/20000 [[user1]:4]
[2026-08-05 19:10:14] [W-22] 🔧 开始处理 [user1] PENZA84/collectSub5
[2026-08-05 19:10:14] [W-22] 📝 已处理缓存: PENZA84/collectSub5
[2026-08-05 19:10:14] [W-22] ⏭️ [user1] 仓库 https://github.com/PENZA84/collectSub5 141h 未更新，跳过解析（无需追踪）
[2026-08-05 19:10:14] [W-10] ✅ 完成 [user1] PENZA84/shnajder-vpn-configs | 提取 0 | 新增 0 | 耗时 0s | 配额 4443/4800 11:10UTC | 主队列 61/200 发现队列 3/20000 [[user1]:3]
[2026-08-05 19:10:14] [W-10] 🔧 开始处理 [user1] PENZA84/NiceVPN
[2026-08-05 19:10:14] [W-10] ⏭️ [user1] 仓库 https://github.com/PENZA84/NiceVPN 141h 未更新，跳过解析（无需追踪）
[2026-08-05 19:10:14] [W-5] ✅ 完成 [user1] PENZA84/checked-proxy-list | 提取 0 | 新增 0 | 耗时 0s | 配额 4443/4800 11:10UTC | 主队列 61/200 发现队列 2/20000 [[user1]:2]
[2026-08-05 19:10:14] [W-5] 🔧 开始处理 [user1] PENZA84/ProxyScraper
[2026-08-05 19:10:14] [W-5] 📝 已处理缓存: PENZA84/ProxyScraper
[2026-08-05 19:10:14] [W-5] ⏭️ [user1] 仓库 https://github.com/PENZA84/ProxyScraper 46603h 未更新，跳过解析（无需追踪）
[2026-08-05 19:10:14] [W-19] ✅ 完成 [user1] PENZA84/V2rayCollector- | 提取 0 | 新增 0 | 耗时 0s | 配额 4443/4800 11:10UTC | 主队列 61/200 发现队列 1/20000 [[user1]:1]
[2026-08-05 19:10:14] [W-19] 🔧 开始处理 [user1] PENZA84/Free-v2ray-Configs
[2026-08-05 19:10:14] [W-19] 📝 已处理缓存: PENZA84/Free-v2ray-Configs
[2026-08-05 19:10:14] [W-19] ⏭️ [user1] 仓库 https://github.com/PENZA84/Free-v2ray-Configs 140h 未更新，跳过解析（无需追踪）
[2026-08-05 19:10:14] [W-9] ✅ 完成 [user1] PENZA84/vpn-checker-backend | 提取 0 | 新增 0 | 耗时 0s | 配额 4443/4800 11:10UTC | 主队列 61/200 发现队列 0/20000 [空]
[2026-08-05 19:10:14] [W-9] 🔧 开始处理 [种子仓库] 4258806/FreeNodes
[2026-08-05 19:10:14] [W-8] ✅ 完成 [user1] PENZA84/sub2clash | 提取 0 | 新增 0 | 耗时 0s | 配额 4443/4800 11:10UTC | 主队列 60/200 发现队列 0/20000 [空]
[2026-08-05 19:10:14] [W-8] 🔧 开始处理 [种子仓库] muxd93/awesome-vpn
[2026-08-05 19:10:14] [W-7] ✅ 完成 [user1] PENZA84/V2ray-Configs1 | 提取 0 | 新增 0 | 耗时 0s | 配额 4443/4800 11:10UTC | 主队列 59/200 发现队列 0/20000 [空]
[2026-08-05 19:10:14] [W-7] 🔧 开始处理 [种子仓库] Andyworldclub/openproxylist
[2026-08-05 19:10:15] [W-18] ✅ 完成 [user1] PENZA84/RSS | 提取 0 | 新增 0 | 耗时 0s | 配额 4443/4800 11:10UTC | 主队列 58/200 发现队列 0/20000 [空]
[2026-08-05 19:10:15] [W-18] 🔧 开始处理 [种子仓库] toda-adot/ACL4SSR
[2026-08-05 19:10:15] [W-1] ✅ 完成 [user1] PENZA84/FREE-VPN-VIA-PLANET | 提取 0 | 新增 0 | 耗时 0s | 配额 4443/4800 11:10UTC | 主队列 57/200 发现队列 0/20000 [空]
[2026-08-05 19:10:15] [W-1] 🔧 开始处理 [种子仓库] superduke/ACL4SSR
[2026-08-05 19:10:15] [W-23] ✅ 完成 [user1] PENZA84/worldpool | 提取 0 | 新增 0 | 耗时 0s | 配额 4443/4800 11:10UTC | 主队列 56/200 发现队列 0/20000 [空]
[2026-08-05 19:10:15] [W-23] 🔧 开始处理 [种子仓库] housaiyinmamaide/ACL4SSR
[2026-08-05 19:10:15] [W-22] ✅ 完成 [user1] PENZA84/collectSub5 | 提取 0 | 新增 0 | 耗时 0s | 配额 4443/4800 11:10UTC | 主队列 55/200 发现队列 0/20000 [空]
[2026-08-05 19:10:15] [W-22] 🔧 开始处理 [种子仓库] fenwehome/ACL4SSR
[2026-08-05 19:10:15] [W-10] ✅ 完成 [user1] PENZA84/NiceVPN | 提取 0 | 新增 0 | 耗时 0s | 配额 4443/4800 11:10UTC | 主队列 54/200 发现队列 0/20000 [空]
[2026-08-05 19:10:15] [W-10] 🔧 开始处理 [种子仓库] sclyxcn/ACL4SSR
[2026-08-05 19:10:15] [W-5] ✅ 完成 [user1] PENZA84/ProxyScraper | 提取 0 | 新增 0 | 耗时 0s | 配额 4443/4800 11:10UTC | 主队列 53/200 发现队列 0/20000 [空]
[2026-08-05 19:10:15] [W-5] 🔧 开始处理 [种子仓库] lilikimi/ACL4SSR
[2026-08-05 19:10:15] [W-19] ✅ 完成 [user1] PENZA84/Free-v2ray-Configs | 提取 0 | 新增 0 | 耗时 0s | 配额 4443/4800 11:10UTC | 主队列 52/200 发现队列 0/20000 [空]
[2026-08-05 19:10:15] [W-19] 🔧 开始处理 [种子仓库] zhalkzs/ACL4SSR
[2026-08-05 19:10:15] [W-2] ✅ 完成 [user1] gwcctv/youtube | 提取 0 | 新增 0 | 耗时 5s | 配额 4443/4800 11:10UTC | 主队列 51/200 发现队列 0/20000 [空]
[2026-08-05 19:10:15] [W-2] 🔧 开始处理 [种子仓库] orionmeetartemis/ACL4SSR
[2026-08-05 19:10:16] [W-8] [种子仓库] 仓库 https://github.com/muxd93/awesome-vpn (分支: master, size: 3429KB, pushed: 2026-08-05T03:09:39Z)
[2026-08-05 19:10:16] [W-1] 📝 已处理缓存: superduke/ACL4SSR
[2026-08-05 19:10:16] [W-1] ⏭️ [种子仓库] 仓库 https://github.com/superduke/ACL4SSR 35h 未更新，跳过解析（需追踪）
[2026-08-05 19:10:16] [W-1] 🔗 [种子仓库] 查子仓库: superduke/ACL4SSR
[2026-08-05 19:10:16] [W-5] [种子仓库] 仓库 https://github.com/lilikimi/ACL4SSR (分支: main, size: 278644KB, pushed: 2026-08-04T16:58:36Z)
[2026-08-05 19:10:16] [W-19] ⏭️ [种子仓库] 仓库 https://github.com/zhalkzs/ACL4SSR 33h 未更新，跳过解析（需追踪）
[2026-08-05 19:10:16] [W-19] 🔗 [种子仓库] 查子仓库: zhalkzs/ACL4SSR
[2026-08-05 19:10:16] [W-22] [种子仓库] 仓库 https://github.com/fenwehome/ACL4SSR (分支: main, size: 278652KB, pushed: 2026-08-04T17:29:14Z)
[2026-08-05 19:10:16] [W-9] [种子仓库] 仓库 https://github.com/4258806/FreeNodes (分支: main, size: 20701KB, pushed: 2026-08-05T06:27:30Z)
[2026-08-05 19:10:16] [W-23] [种子仓库] 仓库 https://github.com/housaiyinmamaide/ACL4SSR (分支: main, size: 278644KB, pushed: 2026-08-04T14:28:06Z)
[2026-08-05 19:10:16] [W-18] ⏭️ [种子仓库] 仓库 https://github.com/toda-adot/ACL4SSR 57h 未更新，跳过解析（需追踪）
[2026-08-05 19:10:16] [W-18] 🔗 [种子仓库] 查子仓库: toda-adot/ACL4SSR
[2026-08-05 19:10:16] [W-2] ⏭️ [种子仓库] 仓库 https://github.com/orionmeetartemis/ACL4SSR 55h 未更新，跳过解析（需追踪）
[2026-08-05 19:10:16] [W-2] 🔗 [种子仓库] 查子仓库: orionmeetartemis/ACL4SSR
[2026-08-05 19:10:16] [W-10] [种子仓库] 仓库 https://github.com/sclyxcn/ACL4SSR (分支: main, size: 278652KB, pushed: 2026-08-04T17:03:05Z)
[2026-08-05 19:10:16] [W-1] 🔗 [种子仓库] 开始 Fork 链追踪 (superduke/ACL4SSR)
[2026-08-05 19:10:16] [W-7] [种子仓库] 仓库 https://github.com/Andyworldclub/openproxylist (分支: main, size: 1081589KB, pushed: 2026-08-05T07:30:27Z)
[2026-08-05 19:10:16] [W-19] 🔗 [种子仓库] 开始 Fork 链追踪 (zhalkzs/ACL4SSR)
[2026-08-05 19:10:16] [W-2] 🔗 [种子仓库] 开始 Fork 链追踪 (orionmeetartemis/ACL4SSR)
[2026-08-05 19:10:19] [W-18] 🔗 [种子仓库] 开始 Fork 链追踪 (toda-adot/ACL4SSR)
[2026-08-05 19:10:19] [W-1]   [种子仓库] 父仓库: cmliu/ACL4SSR
[2026-08-05 19:10:19] [W-19]   [种子仓库] 父仓库: cmliu/ACL4SSR
[2026-08-05 19:10:21] [W-2]   [种子仓库] 父仓库: ACL4SSR/ACL4SSR
[2026-08-05 19:10:22] [W-2] ⏭️ [fork1] 仓库 https://github.com/ACL4SSR/ACL4SSR 57h 未更新，跳过解析（无需追踪）
[2026-08-05 19:10:22] [W-2]   父仓库 +0 个节点
[2026-08-05 19:10:22] [W-17] 仓库 https://github.com/luochen1975/IPTV-CCSH 候选文件 3 个
[2026-08-05 19:10:22] [W-9] 仓库 https://github.com/4258806/FreeNodes 无候选文件 (总计 41 blob, 扩展名过滤 15, processed_shas 跳过 0, SHA 缓存跳过 26)
[2026-08-05 19:10:22] [W-9] 🔗 [种子仓库] 查子仓库: 4258806/FreeNodes
[2026-08-05 19:10:23] [W-7] 仓库 https://github.com/Andyworldclub/openproxylist 候选文件 9 个
[2026-08-05 19:10:24] [W-18]   [种子仓库] 父仓库: ACL4SSR/ACL4SSR
[2026-08-05 19:10:24] [W-0] 🌱 加入种子: luochen1975/moneyfly1-highnodes (+32 节点)
[2026-08-05 19:10:24] [W-0] ✅ 完成 [user1] luochen1975/moneyfly1-highnodes | 提取 88 | 新增 32 | 耗时 69s | 配额 4417/4800 11:10UTC | 主队列 50/200 发现队列 0/20000 [空]
[2026-08-05 19:10:24] [W-0] 🔧 开始处理 [种子仓库] cmliu/ACL4SSR
[2026-08-05 19:10:24] [W-23] 仓库 https://github.com/housaiyinmamaide/ACL4SSR 候选文件 2 个
[2026-08-05 19:10:24] [W-11] ✅ 完成 [user1] luochen1975/collect-txt | 提取 0 | 新增 0 | 耗时 43s | 配额 4417/4800 11:10UTC | 主队列 49/200 发现队列 0/20000 [空]
[2026-08-05 19:10:24] [W-18] ⏭️ [fork1] 仓库 https://github.com/ACL4SSR/ACL4SSR 57h 未更新，跳过解析（无需追踪）
[2026-08-05 19:10:24] [W-18]   父仓库 +0 个节点
[2026-08-05 19:10:24] [W-11] 🔧 开始处理 [种子仓库] zwdnwlm/ACL4SSR
[2026-08-05 19:10:24] [W-9] 🔗 [种子仓库] 开始 Fork 链追踪 (4258806/FreeNodes)
[2026-08-05 19:10:24] [W-10] 仓库 https://github.com/sclyxcn/ACL4SSR 候选文件 2 个
[2026-08-05 19:10:24] [W-5] 仓库 https://github.com/lilikimi/ACL4SSR 候选文件 2 个
[2026-08-05 19:10:24] [W-8] 仓库 https://github.com/muxd93/awesome-vpn 无候选文件 (总计 44 blob, 扩展名过滤 27, processed_shas 跳过 0, SHA 缓存跳过 17)
[2026-08-05 19:10:24] [W-8] 🔗 [种子仓库] 查子仓库: muxd93/awesome-vpn
[2026-08-05 19:10:24] [W-9]   [种子仓库] 父仓库: Barabama/FreeNodes
[2026-08-05 19:10:24] [W-11] ⏭️ [种子仓库] 仓库 https://github.com/zwdnwlm/ACL4SSR 33h 未更新，跳过解析（需追踪）
[2026-08-05 19:10:24] [W-11] 🔗 [种子仓库] 查子仓库: zwdnwlm/ACL4SSR
[2026-08-05 19:10:24] [W-9] ⏭️ [fork1] 仓库 https://github.com/Barabama/FreeNodes 已解析，跳过解析（无需追踪）
[2026-08-05 19:10:24] [W-9]   父仓库 +0 个节点
[2026-08-05 19:10:25] [W-5] 🔗 [种子仓库] 查子仓库: lilikimi/ACL4SSR
[2026-08-05 19:10:25] [W-23] 🔗 [种子仓库] 查子仓库: housaiyinmamaide/ACL4SSR
[2026-08-05 19:10:26] [W-22] 仓库 https://github.com/fenwehome/ACL4SSR 候选文件 2 个
[2026-08-05 19:10:26] [W-10] 🔗 [种子仓库] 查子仓库: sclyxcn/ACL4SSR
[2026-08-05 19:10:27] [W-0] [种子仓库] 仓库 https://github.com/cmliu/ACL4SSR (分支: main, size: 278644KB, pushed: 2026-08-04T12:04:55Z)
[2026-08-05 19:10:27] [W-8] 🔗 [种子仓库] 开始 Fork 链追踪 (muxd93/awesome-vpn)
[2026-08-05 19:10:27] [W-11] 🔗 [种子仓库] 开始 Fork 链追踪 (zwdnwlm/ACL4SSR)
[2026-08-05 19:10:29] [W-23] 🔗 [种子仓库] 开始 Fork 链追踪 (housaiyinmamaide/ACL4SSR)
[2026-08-05 19:10:29] [W-5] 🔗 [种子仓库] 开始 Fork 链追踪 (lilikimi/ACL4SSR)
[2026-08-05 19:10:29] [W-22] 📝 已处理缓存: fenwehome/ACL4SSR
[2026-08-05 19:10:29] [W-22] 🔗 [种子仓库] 查子仓库: fenwehome/ACL4SSR
[2026-08-05 19:10:29] [W-10] 🔗 [种子仓库] 开始 Fork 链追踪 (sclyxcn/ACL4SSR)
[2026-08-05 19:10:29] [W-8]   [种子仓库] 父仓库: awesome-vpn/awesome-vpn
[2026-08-05 19:10:29] [W-17] ✅ 完成 [user1] luochen1975/IPTV-CCSH | 提取 0 | 新增 0 | 耗时 39s | 配额 4404/4800 11:10UTC | 主队列 48/200 发现队列 0/20000 [空]
[2026-08-05 19:10:29] [W-21] ✅ 完成 [user1] luochen1975/collectSub | 提取 0 | 新增 0 | 耗时 56s | 配额 4404/4800 11:10UTC | 主队列 47/200 发现队列 0/20000 [空]
[2026-08-05 19:10:29] [W-17] 🔧 开始处理 [种子仓库] csxjf/ACL4SSR
[2026-08-05 19:10:29] [W-21] 🔧 开始处理 [种子仓库] yilong001/ACL4SSR
[2026-08-05 19:10:29] [W-8] ⏭️ [fork1] 仓库 https://github.com/awesome-vpn/awesome-vpn 已解析，跳过解析（无需追踪）
[2026-08-05 19:10:29] [W-8]   父仓库 +0 个节点
[2026-08-05 19:10:30] [W-0] 仓库 https://github.com/cmliu/ACL4SSR 无候选文件 (总计 35 blob, 扩展名过滤 14, processed_shas 跳过 2, SHA 缓存跳过 19)
[2026-08-05 19:10:30] [W-0] 🔗 [种子仓库] 查子仓库: cmliu/ACL4SSR
[2026-08-05 19:10:30] [W-2]   🍴 兄弟仓库: 80 个 → 主队列 46/200 发现队列 80/20000 [[fork1]:80]
[2026-08-05 19:10:30] [W-2] 👤 [种子仓库] 遍历用户仓库: orionmeetartemis
[2026-08-05 19:10:30] [W-19]   🍴 兄弟仓库: 80 个 → 主队列 46/200 发现队列 160/20000 [[fork1]:160]
[2026-08-05 19:10:30] [W-19] 👤 [种子仓库] 遍历用户仓库: zhalkzs
[2026-08-05 19:10:30] [W-18]   🍴 兄弟仓库: 18 个 → 主队列 46/200 发现队列 178/20000 [[fork1]:178]
[2026-08-05 19:10:30] [W-18] 👤 [种子仓库] 遍历用户仓库: toda-adot
[2026-08-05 19:10:30] [W-9] 👤 [种子仓库] 遍历用户仓库: 4258806
[2026-08-05 19:10:30] [W-1]   🍴 兄弟仓库: 15 个 → 主队列 46/200 发现队列 193/20000 [[fork1]:193]
[2026-08-05 19:10:30] [W-1] 👤 [种子仓库] 遍历用户仓库: superduke
[2026-08-05 19:10:30] [W-12] 仓库 https://github.com/luochen1975/MIHOMO_YAMLS 候选文件较多 (359 个)，先通过 commits API 过滤
[2026-08-05 19:10:31] [W-7] 🔗 [种子仓库] 查子仓库: Andyworldclub/openproxylist
[2026-08-05 19:10:34] [W-11]   [种子仓库] 父仓库: cmliu/ACL4SSR
[2026-08-05 19:10:34] [W-6] 仓库 https://github.com/PENZA84/TGParse 候选文件较多 (8205 个)，先通过 commits API 过滤
[2026-08-05 19:10:34] [W-14] ✅ 完成 [user1] luochen1975/2026myvt | 提取 0 | 新增 0 | 耗时 75s | 配额 4399/4800 11:10UTC | 主队列 46/200 发现队列 193/20000 [[fork1]:193]
[2026-08-05 19:10:34] [W-14] 🔧 开始处理 [fork1] KaringX/karing-ruleset
[2026-08-05 19:10:34] [W-14] ⏭️ [fork1] 仓库 https://github.com/KaringX/karing-ruleset 已解析，跳过解析（无需追踪）
[2026-08-05 19:10:35] [W-23]   [种子仓库] 父仓库: cmliu/ACL4SSR
[2026-08-05 19:10:35] [W-22] 🔗 [种子仓库] 开始 Fork 链追踪 (fenwehome/ACL4SSR)
[2026-08-05 19:10:37] [W-5]   [种子仓库] 父仓库: cmliu/ACL4SSR
[2026-08-05 19:10:37] [W-10]   [种子仓库] 父仓库: cmliu/ACL4SSR
[2026-08-05 19:10:37] [W-14] ✅ 完成 [fork1] KaringX/karing-ruleset | 提取 0 | 新增 0 | 耗时 0s | 配额 4395/4800 11:10UTC | 主队列 46/200 发现队列 192/20000 [[fork1]:192]
[2026-08-05 19:10:37] [W-14] 🔧 开始处理 [fork1] tnnevol/ACL4SSR
[2026-08-05 19:10:37] [W-14] ⏭️ [fork1] 仓库 https://github.com/tnnevol/ACL4SSR 79h 未更新，跳过解析（无需追踪）
[2026-08-05 19:10:37] [W-21] ⏭️ [种子仓库] 仓库 https://github.com/yilong001/ACL4SSR 33h 未更新，跳过解析（需追踪）
[2026-08-05 19:10:37] [W-21] 🔗 [种子仓库] 查子仓库: yilong001/ACL4SSR
[2026-08-05 19:10:39] [W-17] ⏭️ [种子仓库] 仓库 https://github.com/csxjf/ACL4SSR 32h 未更新，跳过解析（需追踪）
[2026-08-05 19:10:39] [W-17] 🔗 [种子仓库] 查子仓库: csxjf/ACL4SSR
[2026-08-05 19:10:39] [W-7] 🔗 [种子仓库] 开始 Fork 链追踪 (Andyworldclub/openproxylist)
[2026-08-05 19:10:43] [W-4] 🌱 加入种子: wang1680/v2ray-configs (+107 节点)
[2026-08-05 19:10:44] [W-14] ✅ 完成 [fork1] tnnevol/ACL4SSR | 提取 0 | 新增 0 | 耗时 0s | 配额 4386/4800 11:10UTC | 主队列 46/200 发现队列 191/20000 [[fork1]:191]
[2026-08-05 19:10:44] [W-14] 🔧 开始处理 [fork1] matchankh/ACL4SSR
[2026-08-05 19:10:44] [W-14] ⏭️ [fork1] 仓库 https://github.com/matchankh/ACL4SSR 24081h 未更新，跳过解析（无需追踪）
[2026-08-05 19:10:44] [W-0] 🔗 [种子仓库] 开始 Fork 链追踪 (cmliu/ACL4SSR)
[2026-08-05 19:10:44] [W-16] ✅ 完成 [user1] luochen1975/live | 提取 0 | 新增 0 | 耗时 50s | 配额 4384/4800 11:10UTC | 主队列 46/200 发现队列 190/20000 [[fork1]:190]
[2026-08-05 19:10:44] [W-8]   🍴 兄弟仓库: 80 个 → 主队列 46/200 发现队列 269/20000 [[fork1]:269]
[2026-08-05 19:10:44] [W-8] 👤 [种子仓库] 遍历用户仓库: muxd93
[2026-08-05 19:10:44] [W-16] 🔧 开始处理 [fork1] ShevonKuan/ACL4SSR
[2026-08-05 19:10:44] [W-16] ⏭️ [fork1] 仓库 https://github.com/ShevonKuan/ACL4SSR 4339h 未更新，跳过解析（无需追踪）
[2026-08-05 19:10:44] [W-15] 🌱 加入种子: luochen1975/NiceVPN123-NiceVPN (+1148 节点)
[2026-08-05 19:10:46] [W-22]   [种子仓库] 父仓库: cmliu/ACL4SSR
[2026-08-05 19:10:46] [W-11] 👤 [种子仓库] 遍历用户仓库: zwdnwlm
[2026-08-05 19:10:46] [W-23] 👤 [种子仓库] 遍历用户仓库: housaiyinmamaide
[2026-08-05 19:10:46] [W-20] ✅ 完成 [user1] luochen1975/CTVLive2 | 提取 0 | 新增 0 | 耗时 71s | 配额 4380/4800 11:10UTC | 主队列 46/200 发现队列 269/20000 [[fork1]:269]
[2026-08-05 19:10:46] [W-4] ✅ 完成 [user1] wang1680/v2ray-configs | 提取 18421 | 新增 107 | 耗时 110s | 配额 4380/4800 11:10UTC | 主队列 46/200 发现队列 268/20000 [[fork1]:268]
[2026-08-05 19:10:46] [W-4] 🔧 开始处理 [fork1] Makoite/ACL4SSR
[2026-08-05 19:10:46] [W-4] ⏭️ [fork1] 仓库 https://github.com/Makoite/ACL4SSR 4393h 未更新，跳过解析（无需追踪）
[2026-08-05 19:10:46] [W-20] 🔧 开始处理 [fork1] FradSer/ACL4SSR
[2026-08-05 19:10:46] [W-20] ⏭️ [fork1] 仓库 https://github.com/FradSer/ACL4SSR 17981h 未更新，跳过解析（无需追踪）
[2026-08-05 19:10:46] [W-14] ✅ 完成 [fork1] matchankh/ACL4SSR | 提取 0 | 新增 0 | 耗时 0s | 配额 4380/4800 11:10UTC | 主队列 46/200 发现队列 267/20000 [[fork1]:267]
[2026-08-05 19:10:46] [W-14] 🔧 开始处理 [fork1] DEAN-Cherry/ACL4SSR
[2026-08-05 19:10:46] [W-14] ⏭️ [fork1] 仓库 https://github.com/DEAN-Cherry/ACL4SSR 14326h 未更新，跳过解析（无需追踪）
[2026-08-05 19:10:46] [W-14] ✅ 完成 [fork1] DEAN-Cherry/ACL4SSR | 提取 0 | 新增 0 | 耗时 0s | 配额 4380/4800 11:10UTC | 主队列 46/200 发现队列 266/20000 [[fork1]:266]
[2026-08-05 19:10:46] [W-14] 🔧 开始处理 [fork1] decadefaiz/ACL4SSR
[2026-08-05 19:10:46] [W-14] ⏭️ [fork1] 仓库 https://github.com/decadefaiz/ACL4SSR 20274h 未更新，跳过解析（无需追踪）
[2026-08-05 19:10:46] [W-16] ✅ 完成 [fork1] ShevonKuan/ACL4SSR | 提取 0 | 新增 0 | 耗时 0s | 配额 4380/4800 11:10UTC | 主队列 46/200 发现队列 265/20000 [[fork1]:265]
[2026-08-05 19:10:46] [W-16] 🔧 开始处理 [fork1] lyxlucky/ACL4SSR
[2026-08-05 19:10:46] [W-16] ⏭️ [fork1] 仓库 https://github.com/lyxlucky/ACL4SSR 15384h 未更新，跳过解析（无需追踪）
[2026-08-05 19:10:46] [W-21] 🔗 [种子仓库] 开始 Fork 链追踪 (yilong001/ACL4SSR)
[2026-08-05 19:10:46] [W-15] ✅ 完成 [user1] luochen1975/NiceVPN123-NiceVPN | 提取 5373 | 新增 1148 | 耗时 89s | 配额 4379/4800 11:10UTC | 主队列 46/200 发现队列 264/20000 [[fork1]:264]
[2026-08-05 19:10:46] [W-15] 🔧 开始处理 [fork1] MoistSoil2474/ACL4SSR
[2026-08-05 19:10:46] [W-15] ⏭️ [fork1] 仓库 https://github.com/MoistSoil2474/ACL4SSR 6646h 未更新，跳过解析（无需追踪）
[2026-08-05 19:10:46] [W-5] 👤 [种子仓库] 遍历用户仓库: lilikimi
[2026-08-05 19:10:46] [W-10] 👤 [种子仓库] 遍历用户仓库: sclyxcn
[2026-08-05 19:10:48] [W-4] ✅ 完成 [fork1] Makoite/ACL4SSR | 提取 0 | 新增 0 | 耗时 0s | 配额 4377/4800 11:10UTC | 主队列 46/200 发现队列 263/20000 [[fork1]:263]
[2026-08-05 19:10:48] [W-4] 🔧 开始处理 [fork1] WC-Dream/ACL4SSR
[2026-08-05 19:10:48] [W-4] ⏭️ [fork1] 仓库 https://github.com/WC-Dream/ACL4SSR 244h 未更新，跳过解析（无需追踪）
[2026-08-05 19:10:48] [W-20] ✅ 完成 [fork1] FradSer/ACL4SSR | 提取 0 | 新增 0 | 耗时 0s | 配额 4377/4800 11:10UTC | 主队列 46/200 发现队列 262/20000 [[fork1]:262]
[2026-08-05 19:10:48] [W-20] 🔧 开始处理 [fork1] qgbun/ACL4SSR
[2026-08-05 19:10:48] [W-20] ⏭️ [fork1] 仓库 https://github.com/qgbun/ACL4SSR 11480h 未更新，跳过解析（无需追踪）
[2026-08-05 19:10:48] [W-14] ✅ 完成 [fork1] decadefaiz/ACL4SSR | 提取 0 | 新增 0 | 耗时 0s | 配额 4377/4800 11:10UTC | 主队列 46/200 发现队列 261/20000 [[fork1]:261]
[2026-08-05 19:10:48] [W-14] 🔧 开始处理 [fork1] Speechless22/ACL4SSR
[2026-08-05 19:10:48] [W-14] ⏭️ [fork1] 仓库 https://github.com/Speechless22/ACL4SSR 3675h 未更新，跳过解析（无需追踪）
[2026-08-05 19:10:48] [W-9]   👤 用户仓库: 11 个 → 主队列 46/200 发现队列 271/20000 [[fork1]:260 [user1]:11]
[2026-08-05 19:10:48] [W-9]   用户 4258806 共查 11 个仓库
[2026-08-05 19:10:48] [W-18]   👤 用户仓库: 2 个 → 主队列 46/200 发现队列 273/20000 [[fork1]:260 [user1]:13]
[2026-08-05 19:10:48] [W-18]   用户 toda-adot 共查 2 个仓库
[2026-08-05 19:10:48] [W-16] ✅ 完成 [fork1] lyxlucky/ACL4SSR | 提取 0 | 新增 0 | 耗时 0s | 配额 4375/4800 11:10UTC | 主队列 46/200 发现队列 273/20000 [[fork1]:260 [user1]:13]
[2026-08-05 19:10:48] [W-16] 🔧 开始处理 [fork1] lz233/CrashRules
[2026-08-05 19:10:48] [W-16] ⏭️ [fork1] 仓库 https://github.com/lz233/CrashRules 3668h 未更新，跳过解析（无需追踪）
[2026-08-05 19:10:48] [W-1]   👤 用户仓库: 23 个 → 主队列 46/200 发现队列 295/20000 [[fork1]:259 [user1]:36]
[2026-08-05 19:10:48] [W-1]   用户 superduke 共查 23 个仓库
[2026-08-05 19:10:49] [W-3] 🌱 加入种子: luochen1975/V2rayN_Clash_Node_Getter (+2 节点)
[2026-08-05 19:10:50] [W-2]   👤 用户仓库: 30 个 → 主队列 46/200 发现队列 325/20000 [[fork1]:259 [user1]:66]
[2026-08-05 19:10:50] [W-2]   用户 orionmeetartemis 共查 30 个仓库
[2026-08-05 19:10:50] [W-7]   [种子仓库] 父仓库: roosterkid/openproxylist
[2026-08-05 19:10:50] [W-7] [fork1] 仓库 https://github.com/roosterkid/openproxylist (分支: main, size: 1081765KB, pushed: 2026-08-05T11:00:29Z)
[2026-08-05 19:10:50] [W-19]   👤 用户仓库: 30 个 → 主队列 46/200 发现队列 355/20000 [[fork1]:259 [user1]:96]
[2026-08-05 19:10:50] [W-19]   用户 zhalkzs 共查 30 个仓库
[2026-08-05 19:10:50] [W-15] ✅ 完成 [fork1] MoistSoil2474/ACL4SSR | 提取 0 | 新增 0 | 耗时 0s | 配额 4371/4800 11:10UTC | 主队列 46/200 发现队列 355/20000 [[fork1]:259 [user1]:96]
[2026-08-05 19:10:50] [W-15] 🔧 开始处理 [fork1] shuyonghao1/ACL4SSR
[2026-08-05 19:10:50] [W-15] ⏭️ [fork1] 仓库 https://github.com/shuyonghao1/ACL4SSR 6822h 未更新，跳过解析（无需追踪）
[2026-08-05 19:10:50] [W-15] ✅ 完成 [fork1] shuyonghao1/ACL4SSR | 提取 0 | 新增 0 | 耗时 0s | 配额 4371/4800 11:10UTC | 主队列 46/200 发现队列 354/20000 [[fork1]:258 [user1]:96]
[2026-08-05 19:10:50] [W-15] 🔧 开始处理 [fork1] slnlkd/ACL4SSR
[2026-08-05 19:10:50] [W-15] ⏭️ [fork1] 仓库 https://github.com/slnlkd/ACL4SSR 5808h 未更新，跳过解析（无需追踪）
[2026-08-05 19:10:52] [W-12]   commits 过滤: 359 → 0 (变更文件 0 个)
[2026-08-05 19:10:52] [W-12] 仓库 https://github.com/luochen1975/MIHOMO_YAMLS 候选文件经时间过滤后为空
[2026-08-05 19:10:52] [W-0] 👤 [种子仓库] 遍历用户仓库: cmliu
[2026-08-05 19:10:52] [W-4] ✅ 完成 [fork1] WC-Dream/ACL4SSR | 提取 0 | 新增 0 | 耗时 0s | 配额 4368/4800 11:10UTC | 主队列 46/200 发现队列 353/20000 [[fork1]:257 [user1]:96]
[2026-08-05 19:10:52] [W-4] 🔧 开始处理 [fork1] lslxgh/ACL4SSR
[2026-08-05 19:10:52] [W-4] ⏭️ [fork1] 仓库 https://github.com/lslxgh/ACL4SSR 16997h 未更新，跳过解析（无需追踪）
[2026-08-05 19:10:53] [W-20] ✅ 完成 [fork1] qgbun/ACL4SSR | 提取 0 | 新增 0 | 耗时 0s | 配额 4368/4800 11:10UTC | 主队列 46/200 发现队列 352/20000 [[fork1]:256 [user1]:96]
[2026-08-05 19:10:53] [W-20] 🔧 开始处理 [fork1] ChasLui/ACL4SSR
[2026-08-05 19:10:53] [W-20] ⏭️ [fork1] 仓库 https://github.com/ChasLui/ACL4SSR 19801h 未更新，跳过解析（无需追踪）
[2026-08-05 19:10:53] [W-14] ✅ 完成 [fork1] Speechless22/ACL4SSR | 提取 0 | 新增 0 | 耗时 0s | 配额 4368/4800 11:10UTC | 主队列 46/200 发现队列 351/20000 [[fork1]:255 [user1]:96]
[2026-08-05 19:10:53] [W-14] 🔧 开始处理 [fork1] XYZliang/ACL4SSR
[2026-08-05 19:10:53] [W-14] ⏭️ [fork1] 仓库 https://github.com/XYZliang/ACL4SSR 14488h 未更新，跳过解析（无需追踪）
[2026-08-05 19:10:53] [W-9] ✅ 完成 [种子仓库] 4258806/FreeNodes | 提取 0 | 新增 0 | 耗时 34s | 配额 4368/4800 11:10UTC | 主队列 46/200 发现队列 350/20000 [[fork1]:254 [user1]:96]
[2026-08-05 19:10:53] [W-9] 🔧 开始处理 [fork1] waiwaicai/ACL4SSR
[2026-08-05 19:10:53] [W-9] ⏭️ [fork1] 仓库 https://github.com/waiwaicai/ACL4SSR 22197h 未更新，跳过解析（无需追踪）
[2026-08-05 19:10:53] [W-18] ✅ 完成 [种子仓库] toda-adot/ACL4SSR | 提取 0 | 新增 0 | 耗时 34s | 配额 4368/4800 11:10UTC | 主队列 46/200 发现队列 349/20000 [[fork1]:253 [user1]:96]
[2026-08-05 19:10:53] [W-18] 🔧 开始处理 [fork1] sadayo/ACL4SSR
[2026-08-05 19:10:53] [W-18] ⏭️ [fork1] 仓库 https://github.com/sadayo/ACL4SSR 18001h 未更新，跳过解析（无需追踪）
[2026-08-05 19:10:53] [W-16] ✅ 完成 [fork1] lz233/CrashRules | 提取 0 | 新增 0 | 耗时 0s | 配额 4368/4800 11:10UTC | 主队列 46/200 发现队列 348/20000 [[fork1]:252 [user1]:96]
[2026-08-05 19:10:53] [W-16] 🔧 开始处理 [fork1] lhy0422/ACL4SSR
[2026-08-05 19:10:53] [W-16] ⏭️ [fork1] 仓库 https://github.com/lhy0422/ACL4SSR 5808h 未更新，跳过解析（无需追踪）
[2026-08-05 19:10:53] [W-16] ✅ 完成 [fork1] lhy0422/ACL4SSR | 提取 0 | 新增 0 | 耗时 0s | 配额 4368/4800 11:10UTC | 主队列 46/200 发现队列 347/20000 [[fork1]:251 [user1]:96]
[2026-08-05 19:10:53] [W-16] 🔧 开始处理 [fork1] Starlento/ACL4SSR
[2026-08-05 19:10:53] [W-16] ⏭️ [fork1] 仓库 https://github.com/Starlento/ACL4SSR 3862h 未更新，跳过解析（无需追踪）
[2026-08-05 19:10:53] [W-13] 🌱 加入种子: luochen1975/auto-sub_tyy840913 (+7530 节点)
[2026-08-05 19:10:55] [W-3] ✅ 完成 [user1] luochen1975/V2rayN_Clash_Node_Getter | 提取 4622 | 新增 2 | 耗时 78s | 配额 4366/4800 11:10UTC | 主队列 46/200 发现队列 346/20000 [[fork1]:250 [user1]:96]
[2026-08-05 19:10:55] [W-22] 👤 [种子仓库] 遍历用户仓库: fenwehome
[2026-08-05 19:10:55] [W-2] ✅ 完成 [种子仓库] orionmeetartemis/ACL4SSR | 提取 0 | 新增 0 | 耗时 35s | 配额 4365/4800 11:10UTC | 主队列 46/200 发现队列 345/20000 [[fork1]:249 [user1]:96]
[2026-08-05 19:10:55] [W-2] 🔧 开始处理 [fork1] Andyworldclub/ACL4SSR
[2026-08-05 19:10:55] [W-2] ⏭️ [fork1] 仓库 https://github.com/Andyworldclub/ACL4SSR 5808h 未更新，跳过解析（无需追踪）
[2026-08-05 19:10:55] [W-3] 🔧 开始处理 [fork1] CharlieYu4994/ACL4SSR
[2026-08-05 19:10:55] [W-3] ⏭️ [fork1] 仓库 https://github.com/CharlieYu4994/ACL4SSR 13173h 未更新，跳过解析（无需追踪）
[2026-08-05 19:10:57] [W-19] ✅ 完成 [种子仓库] zhalkzs/ACL4SSR | 提取 0 | 新增 0 | 耗时 35s | 配额 4365/4800 11:10UTC | 主队列 46/200 发现队列 344/20000 [[fork1]:248 [user1]:96]
[2026-08-05 19:10:57] [W-15] ✅ 完成 [fork1] slnlkd/ACL4SSR | 提取 0 | 新增 0 | 耗时 0s | 配额 4365/4800 11:10UTC | 主队列 46/200 发现队列 343/20000 [[fork1]:247 [user1]:96]
[2026-08-05 19:10:57] [W-15] 🔧 开始处理 [fork1] b1ghawk119/ACL4SSR
[2026-08-05 19:10:57] [W-15] ⏭️ [fork1] 仓库 https://github.com/b1ghawk119/ACL4SSR 819h 未更新，跳过解析（无需追踪）
[2026-08-05 19:10:57] [W-17] 🔗 [种子仓库] 开始 Fork 链追踪 (csxjf/ACL4SSR)
[2026-08-05 19:10:57] [W-19] 🔧 开始处理 [fork1] FFDVDGD/ACL4SSR
[2026-08-05 19:10:57] [W-19] ⏭️ [fork1] 仓库 https://github.com/FFDVDGD/ACL4SSR 7032h 未更新，跳过解析（无需追踪）
[2026-08-05 19:10:57] [W-21]   [种子仓库] 父仓库: cmliu/ACL4SSR
[2026-08-05 19:10:57] [W-12] ✅ 完成 [user1] luochen1975/MIHOMO_YAMLS | 提取 0 | 新增 0 | 耗时 64s | 配额 4363/4800 11:10UTC | 主队列 46/200 发现队列 342/20000 [[fork1]:246 [user1]:96]
[2026-08-05 19:10:57] [W-12] 🔧 开始处理 [fork1] yxdz2020/ACL4SSR
[2026-08-05 19:10:57] [W-12] ⏭️ [fork1] 仓库 https://github.com/yxdz2020/ACL4SSR 4320h 未更新，跳过解析（无需追踪）
[2026-08-05 19:10:57] [W-4] ✅ 完成 [fork1] lslxgh/ACL4SSR | 提取 0 | 新增 0 | 耗时 0s | 配额 4363/4800 11:10UTC | 主队列 46/200 发现队列 341/20000 [[fork1]:245 [user1]:96]
[2026-08-05 19:10:57] [W-4] 🔧 开始处理 [fork1] Feng1586/ACL4SSR-1
[2026-08-05 19:10:57] [W-4] ⏭️ [fork1] 仓库 https://github.com/Feng1586/ACL4SSR-1 20016h 未更新，跳过解析（无需追踪）
[2026-08-05 19:10:57] [W-4] ✅ 完成 [fork1] Feng1586/ACL4SSR-1 | 提取 0 | 新增 0 | 耗时 0s | 配额 4363/4800 11:10UTC | 主队列 46/200 发现队列 340/20000 [[fork1]:244 [user1]:96]
[2026-08-05 19:10:57] [W-4] 🔧 开始处理 [fork1] MGX-LJY/ACL4SSR
[2026-08-05 19:10:57] [W-4] ⏭️ [fork1] 仓库 https://github.com/MGX-LJY/ACL4SSR 322h 未更新，跳过解析（无需追踪）
[2026-08-05 19:10:57] [W-14] ✅ 完成 [fork1] XYZliang/ACL4SSR | 提取 0 | 新增 0 | 耗时 0s | 配额 4363/4800 11:10UTC | 主队列 46/200 发现队列 339/20000 [[fork1]:243 [user1]:96]
[2026-08-05 19:10:57] [W-14] 🔧 开始处理 [fork1] zihoo/ACL4SSR
[2026-08-05 19:10:57] [W-14] ⏭️ [fork1] 仓库 https://github.com/zihoo/ACL4SSR 51h 未更新，跳过解析（无需追踪）
[2026-08-05 19:10:57] [W-9] ✅ 完成 [fork1] waiwaicai/ACL4SSR | 提取 0 | 新增 0 | 耗时 0s | 配额 4363/4800 11:10UTC | 主队列 46/200 发现队列 338/20000 [[fork1]:242 [user1]:96]
[2026-08-05 19:10:57] [W-9] 🔧 开始处理 [fork1] JuneLeGency/ACL4SSR
[2026-08-05 19:10:57] [W-9] ⏭️ [fork1] 仓库 https://github.com/JuneLeGency/ACL4SSR 8603h 未更新，跳过解析（无需追踪）
[2026-08-05 19:10:57] [W-18] ✅ 完成 [fork1] sadayo/ACL4SSR | 提取 0 | 新增 0 | 耗时 0s | 配额 4363/4800 11:10UTC | 主队列 46/200 发现队列 337/20000 [[fork1]:241 [user1]:96]
[2026-08-05 19:10:57] [W-18] 🔧 开始处理 [fork1] xinghen9/ACL4SSR
[2026-08-05 19:10:57] [W-18] ⏭️ [fork1] 仓库 https://github.com/xinghen9/ACL4SSR 28248h 未更新，跳过解析（无需追踪）
[2026-08-05 19:10:57] [W-16] ✅ 完成 [fork1] Starlento/ACL4SSR | 提取 0 | 新增 0 | 耗时 0s | 配额 4363/4800 11:10UTC | 主队列 46/200 发现队列 336/20000 [[fork1]:240 [user1]:96]
[2026-08-05 19:10:57] [W-16] 🔧 开始处理 [fork1] Nekopazo/ACL4SSR
[2026-08-05 19:10:57] [W-16] ⏭️ [fork1] 仓库 https://github.com/Nekopazo/ACL4SSR 23494h 未更新，跳过解析（无需追踪）
[2026-08-05 19:10:57] [W-1] ✅ 完成 [种子仓库] superduke/ACL4SSR | 提取 0 | 新增 0 | 耗时 34s | 配额 4363/4800 11:10UTC | 主队列 46/200 发现队列 335/20000 [[fork1]:239 [user1]:96]
[2026-08-05 19:10:57] [W-1] 🔧 开始处理 [fork1] premierePro0516/ACL4SSR
[2026-08-05 19:10:57] [W-1] ⏭️ [fork1] 仓库 https://github.com/premierePro0516/ACL4SSR 18387h 未更新，跳过解析（无需追踪）
[2026-08-05 19:10:57] [W-13] ✅ 完成 [user1] luochen1975/auto-sub_tyy840913 | 提取 23263 | 新增 7530 | 耗时 97s | 配额 4362/4800 11:10UTC | 主队列 46/200 发现队列 334/20000 [[fork1]:238 [user1]:96]
[2026-08-05 19:10:57] [W-13] 🔧 开始处理 [fork1] yangzzxx/ACL4SSR
[2026-08-05 19:10:57] [W-13] ⏭️ [fork1] 仓库 https://github.com/yangzzxx/ACL4SSR 4393h 未更新，跳过解析（无需追踪）
[2026-08-05 19:10:59] [W-2] ✅ 完成 [fork1] Andyworldclub/ACL4SSR | 提取 0 | 新增 0 | 耗时 0s | 配额 4360/4800 11:10UTC | 主队列 46/200 发现队列 333/20000 [[fork1]:237 [user1]:96]
[2026-08-05 19:10:59] [W-2] 🔧 开始处理 [fork1] jssxiaoqi/ACL4SSR
[2026-08-05 19:10:59] [W-2] ⏭️ [fork1] 仓库 https://github.com/jssxiaoqi/ACL4SSR 17618h 未更新，跳过解析（无需追踪）
[2026-08-05 19:10:59] [W-3] ✅ 完成 [fork1] CharlieYu4994/ACL4SSR | 提取 0 | 新增 0 | 耗时 0s | 配额 4360/4800 11:10UTC | 主队列 46/200 发现队列 332/20000 [[fork1]:236 [user1]:96]
[2026-08-05 19:10:59] [W-3] 🔧 开始处理 [fork1] yuanzhou029/ACL4SSR
[2026-08-05 19:10:59] [W-3] ⏭️ [fork1] 仓库 https://github.com/yuanzhou029/ACL4SSR 4990h 未更新，跳过解析（无需追踪）
[2026-08-05 19:10:59] [W-23]   👤 用户仓库: 5 个 → 主队列 46/200 发现队列 336/20000 [[fork1]:235 [user1]:101]
[2026-08-05 19:10:59] [W-23]   用户 housaiyinmamaide 共查 5 个仓库
[2026-08-05 19:10:59] [W-15] ✅ 完成 [fork1] b1ghawk119/ACL4SSR | 提取 0 | 新增 0 | 耗时 0s | 配额 4359/4800 11:10UTC | 主队列 46/200 发现队列 336/20000 [[fork1]:235 [user1]:101]
[2026-08-05 19:10:59] [W-15] 🔧 开始处理 [fork1] leopc999/ACL4SSR
[2026-08-05 19:10:59] [W-15] ⏭️ [fork1] 仓库 https://github.com/leopc999/ACL4SSR 10693h 未更新，跳过解析（无需追踪）
[2026-08-05 19:11:01] [W-19] ✅ 完成 [fork1] FFDVDGD/ACL4SSR | 提取 0 | 新增 0 | 耗时 0s | 配额 4359/4800 11:10UTC | 主队列 46/200 发现队列 335/20000 [[fork1]:234 [user1]:101]
[2026-08-05 19:11:01] [W-19] 🔧 开始处理 [fork1] honjow/ACL4SSR
[2026-08-05 19:11:01] [W-19] ⏭️ [fork1] 仓库 https://github.com/honjow/ACL4SSR 24152h 未更新，跳过解析（无需追踪）
[2026-08-05 19:11:01] [W-12] ✅ 完成 [fork1] yxdz2020/ACL4SSR | 提取 0 | 新增 0 | 耗时 0s | 配额 4359/4800 11:10UTC | 主队列 46/200 发现队列 334/20000 [[fork1]:233 [user1]:101]
[2026-08-05 19:11:01] [W-12] 🔧 开始处理 [fork1] gygy/ACL4SSR
[2026-08-05 19:11:01] [W-12] ⏭️ [fork1] 仓库 https://github.com/gygy/ACL4SSR 13248h 未更新，跳过解析（无需追踪）
[2026-08-05 19:11:01] [W-12] ✅ 完成 [fork1] gygy/ACL4SSR | 提取 0 | 新增 0 | 耗时 0s | 配额 4359/4800 11:11UTC | 主队列 46/200 发现队列 333/20000 [[fork1]:232 [user1]:101]
[2026-08-05 19:11:01] [W-12] 🔧 开始处理 [fork1] 0x1306a94/ACL4SSR
[2026-08-05 19:11:01] [W-12] ⏭️ [fork1] 仓库 https://github.com/0x1306a94/ACL4SSR 19205h 未更新，跳过解析（无需追踪）
[2026-08-05 19:11:01] [W-20] ✅ 完成 [fork1] ChasLui/ACL4SSR | 提取 0 | 新增 0 | 耗时 0s | 配额 4359/4800 11:10UTC | 主队列 46/200 发现队列 332/20000 [[fork1]:231 [user1]:101]
[2026-08-05 19:11:01] [W-20] 🔧 开始处理 [fork1] zjl786/ACL4SSR
[2026-08-05 19:11:01] [W-20] ⏭️ [fork1] 仓库 https://github.com/zjl786/ACL4SSR 8603h 未更新，跳过解析（无需追踪）
[2026-08-05 19:11:01] [W-14] ✅ 完成 [fork1] zihoo/ACL4SSR | 提取 0 | 新增 0 | 耗时 0s | 配额 4359/4800 11:10UTC | 主队列 46/200 发现队列 331/20000 [[fork1]:230 [user1]:101]
[2026-08-05 19:11:01] [W-14] 🔧 开始处理 [fork1] fenghen888/ACL4SSR-
[2026-08-05 19:11:01] [W-14] ⏭️ [fork1] 仓库 https://github.com/fenghen888/ACL4SSR- 16997h 未更新，跳过解析（无需追踪）
[2026-08-05 19:11:01] [W-9] ✅ 完成 [fork1] JuneLeGency/ACL4SSR | 提取 0 | 新增 0 | 耗时 0s | 配额 4359/4800 11:10UTC | 主队列 46/200 发现队列 330/20000 [[fork1]:229 [user1]:101]
[2026-08-05 19:11:01] [W-9] 🔧 开始处理 [fork1] 7kbkkKing/ACL4SSR
[2026-08-05 19:11:01] [W-9] ⏭️ [fork1] 仓库 https://github.com/7kbkkKing/ACL4SSR 19108h 未更新，跳过解析（无需追踪）
[2026-08-05 19:11:01] [W-9] ✅ 完成 [fork1] 7kbkkKing/ACL4SSR | 提取 0 | 新增 0 | 耗时 0s | 配额 4359/4800 11:11UTC | 主队列 46/200 发现队列 329/20000 [[fork1]:228 [user1]:101]
[2026-08-05 19:11:01] [W-9] 🔧 开始处理 [fork1] 117649/ACL4SSR
[2026-08-05 19:11:01] [W-9] ⏭️ [fork1] 仓库 https://github.com/117649/ACL4SSR 4519h 未更新，跳过解析（无需追踪）
[2026-08-05 19:11:01] [W-16] ✅ 完成 [fork1] Nekopazo/ACL4SSR | 提取 0 | 新增 0 | 耗时 0s | 配额 4359/4800 11:10UTC | 主队列 46/200 发现队列 328/20000 [[fork1]:227 [user1]:101]
[2026-08-05 19:11:01] [W-16] 🔧 开始处理 [fork1] houxujiang/ACL4SSR
[2026-08-05 19:11:01] [W-16] ⏭️ [fork1] 仓库 https://github.com/houxujiang/ACL4SSR 10809h 未更新，跳过解析（无需追踪）
[2026-08-05 19:11:01] [W-1] ✅ 完成 [fork1] premierePro0516/ACL4SSR | 提取 0 | 新增 0 | 耗时 0s | 配额 4359/4800 11:10UTC | 主队列 46/200 发现队列 327/20000 [[fork1]:226 [user1]:101]
[2026-08-05 19:11:01] [W-1] 🔧 开始处理 [fork1] finalpi/ACL4SSR
[2026-08-05 19:11:01] [W-1] ⏭️ [fork1] 仓库 https://github.com/finalpi/ACL4SSR 33h 未更新，跳过解析（无需追踪）
[2026-08-05 19:11:01] [W-1] ✅ 完成 [fork1] finalpi/ACL4SSR | 提取 0 | 新增 0 | 耗时 0s | 配额 4359/4800 11:11UTC | 主队列 46/200 发现队列 326/20000 [[fork1]:225 [user1]:101]
[2026-08-05 19:11:01] [W-1] 🔧 开始处理 [fork1] mxingchtongaelofficial2568/ACL4SSR
[2026-08-05 19:11:01] [W-1] ⏭️ [fork1] 仓库 https://github.com/mxingchtongaelofficial2568/ACL4SSR 1402h 未更新，跳过解析（无需追踪）
[2026-08-05 19:11:01] [W-13] ✅ 完成 [fork1] yangzzxx/ACL4SSR | 提取 0 | 新增 0 | 耗时 0s | 配额 4359/4800 11:10UTC | 主队列 46/200 发现队列 325/20000 [[fork1]:224 [user1]:101]
[2026-08-05 19:11:01] [W-13] 🔧 开始处理 [fork1] OliverGrace/ACL4SSR
[2026-08-05 19:11:01] [W-13] ⏭️ [fork1] 仓库 https://github.com/OliverGrace/ACL4SSR 57h 未更新，跳过解析（无需追踪）
[2026-08-05 19:11:01] [W-13] ✅ 完成 [fork1] OliverGrace/ACL4SSR | 提取 0 | 新增 0 | 耗时 0s | 配额 4359/4800 11:11UTC | 主队列 46/200 发现队列 324/20000 [[fork1]:223 [user1]:101]
[2026-08-05 19:11:01] [W-13] 🔧 开始处理 [fork1] Hei-XiaoHu/ACL4SSR
[2026-08-05 19:11:01] [W-13] ⏭️ [fork1] 仓库 https://github.com/Hei-XiaoHu/ACL4SSR 48h 未更新，跳过解析（无需追踪）
[2026-08-05 19:11:01] [W-7] 仓库 https://github.com/roosterkid/openproxylist 候选文件 9 个
[2026-08-05 19:11:01] [W-2] ✅ 完成 [fork1] jssxiaoqi/ACL4SSR | 提取 0 | 新增 0 | 耗时 0s | 配额 4357/4800 11:10UTC | 主队列 46/200 发现队列 323/20000 [[fork1]:222 [user1]:101]
[2026-08-05 19:11:01] [W-2] 🔧 开始处理 [fork1] paizi/ACL4SSR-1
[2026-08-05 19:11:01] [W-2] ⏭️ [fork1] 仓库 https://github.com/paizi/ACL4SSR-1 29201h 未更新，跳过解析（无需追踪）
[2026-08-05 19:11:01] [W-2] ✅ 完成 [fork1] paizi/ACL4SSR-1 | 提取 0 | 新增 0 | 耗时 0s | 配额 4357/4800 11:11UTC | 主队列 46/200 发现队列 322/20000 [[fork1]:221 [user1]:101]
[2026-08-05 19:11:01] [W-2] 🔧 开始处理 [fork1] GOUKI9999/ACL4SSR-1
[2026-08-05 19:11:01] [W-2] ⏭️ [fork1] 仓库 https://github.com/GOUKI9999/ACL4SSR-1 649h 未更新，跳过解析（无需追踪）
[2026-08-05 19:11:01] [W-23] ✅ 完成 [种子仓库] housaiyinmamaide/ACL4SSR | 提取 0 | 新增 0 | 耗时 44s | 配额 4357/4800 11:10UTC | 主队列 46/200 发现队列 321/20000 [[fork1]:220 [user1]:101]
[2026-08-05 19:11:01] [W-23] 🔧 开始处理 [fork1] Stan370/ACL4SSR
[2026-08-05 19:11:01] [W-23] ⏭️ [fork1] 仓库 https://github.com/Stan370/ACL4SSR 15117h 未更新，跳过解析（无需追踪）
[2026-08-05 19:11:01] [W-15] ✅ 完成 [fork1] leopc999/ACL4SSR | 提取 0 | 新增 0 | 耗时 0s | 配额 4357/4800 11:10UTC | 主队列 46/200 发现队列 320/20000 [[fork1]:219 [user1]:101]
[2026-08-05 19:11:01] [W-15] 🔧 开始处理 [fork1] A-Cepheus/ACL4SSR
[2026-08-05 19:11:01] [W-15] ⏭️ [fork1] 仓库 https://github.com/A-Cepheus/ACL4SSR 884h 未更新，跳过解析（无需追踪）
[2026-08-05 19:11:01] [W-11]   👤 用户仓库: 14 个 → 主队列 46/200 发现队列 333/20000 [[fork1]:218 [user1]:115]
[2026-08-05 19:11:01] [W-11]   用户 zwdnwlm 共查 14 个仓库
[2026-08-05 19:11:01] [W-11] ✅ 完成 [种子仓库] zwdnwlm/ACL4SSR | 提取 0 | 新增 0 | 耗时 37s | 配额 4356/4800 11:11UTC | 主队列 46/200 发现队列 333/20000 [[fork1]:218 [user1]:115]
[2026-08-05 19:11:01] [W-11] 🔧 开始处理 [fork1] Corey01327/ACL4SSR
[2026-08-05 19:11:01] [W-11] ⏭️ [fork1] 仓库 https://github.com/Corey01327/ACL4SSR 11614h 未更新，跳过解析（无需追踪）
[2026-08-05 19:11:01] [W-12] ✅ 完成 [fork1] 0x1306a94/ACL4SSR | 提取 0 | 新增 0 | 耗时 0s | 配额 4356/4800 11:11UTC | 主队列 46/200 发现队列 332/20000 [[fork1]:217 [user1]:115]
[2026-08-05 19:11:01] [W-12] 🔧 开始处理 [fork1] real-jiakai/ACL4SSR
[2026-08-05 19:11:01] [W-12] ⏭️ [fork1] 仓库 https://github.com/real-jiakai/ACL4SSR 56h 未更新，跳过解析（无需追踪）
[2026-08-05 19:11:01] [W-4] ✅ 完成 [fork1] MGX-LJY/ACL4SSR | 提取 0 | 新增 0 | 耗时 0s | 配额 4356/4800 11:10UTC | 主队列 46/200 发现队列 331/20000 [[fork1]:216 [user1]:115]
[2026-08-05 19:11:01] [W-4] 🔧 开始处理 [fork1] yf20230412/ACL4SSR
[2026-08-05 19:11:01] [W-4] ⏭️ [fork1] 仓库 https://github.com/yf20230412/ACL4SSR 10253h 未更新，跳过解析（无需追踪）
[2026-08-05 19:11:01] [W-20] ✅ 完成 [fork1] zjl786/ACL4SSR | 提取 0 | 新增 0 | 耗时 0s | 配额 4356/4800 11:11UTC | 主队列 46/200 发现队列 330/20000 [[fork1]:215 [user1]:115]
[2026-08-05 19:11:01] [W-20] 🔧 开始处理 [fork1] usernamelessss/ACL4SSR
[2026-08-05 19:11:01] [W-20] ⏭️ [fork1] 仓库 https://github.com/usernamelessss/ACL4SSR 9143h 未更新，跳过解析（无需追踪）
[2026-08-05 19:11:01] [W-14] ✅ 完成 [fork1] fenghen888/ACL4SSR- | 提取 0 | 新增 0 | 耗时 0s | 配额 4356/4800 11:11UTC | 主队列 46/200 发现队列 329/20000 [[fork1]:214 [user1]:115]
[2026-08-05 19:11:01] [W-14] 🔧 开始处理 [fork1] JoeMartini/ACL4SSR
[2026-08-05 19:11:01] [W-14] ⏭️ [fork1] 仓库 https://github.com/JoeMartini/ACL4SSR 19006h 未更新，跳过解析（无需追踪）
[2026-08-05 19:11:01] [W-9] ✅ 完成 [fork1] 117649/ACL4SSR | 提取 0 | 新增 0 | 耗时 0s | 配额 4356/4800 11:11UTC | 主队列 46/200 发现队列 328/20000 [[fork1]:213 [user1]:115]
[2026-08-05 19:11:01] [W-9] 🔧 开始处理 [fork1] XWF8188/ACL4SSR
[2026-08-05 19:11:01] [W-9] ⏭️ [fork1] 仓库 https://github.com/XWF8188/ACL4SSR 1614h 未更新，跳过解析（无需追踪）
[2026-08-05 19:11:01] [W-18] ✅ 完成 [fork1] xinghen9/ACL4SSR | 提取 0 | 新增 0 | 耗时 0s | 配额 4356/4800 11:10UTC | 主队列 46/200 发现队列 327/20000 [[fork1]:212 [user1]:115]
[2026-08-05 19:11:01] [W-18] 🔧 开始处理 [fork1] melsanlanth/A4-ACL4SSR
[2026-08-05 19:11:01] [W-18] ⏭️ [fork1] 仓库 https://github.com/melsanlanth/A4-ACL4SSR 5443h 未更新，跳过解析（无需追踪）
[2026-08-05 19:11:01] [W-16] ✅ 完成 [fork1] houxujiang/ACL4SSR | 提取 0 | 新增 0 | 耗时 0s | 配额 4356/4800 11:11UTC | 主队列 46/200 发现队列 326/20000 [[fork1]:211 [user1]:115]
[2026-08-05 19:11:01] [W-16] 🔧 开始处理 [fork1] frankk007/ACL4SSR
[2026-08-05 19:11:01] [W-16] ⏭️ [fork1] 仓库 https://github.com/frankk007/ACL4SSR 1519h 未更新，跳过解析（无需追踪）
[2026-08-05 19:11:02] [W-7] 🌱 加入种子: roosterkid/openproxylist (+1 节点)
[2026-08-05 19:11:02] [W-7]   父仓库 +1 个节点
[2026-08-05 19:11:03] [W-1] ✅ 完成 [fork1] mxingchtongaelofficial2568/ACL4SSR | 提取 0 | 新增 0 | 耗时 0s | 配额 4356/4800 11:11UTC | 主队列 46/200 发现队列 325/20000 [[fork1]:210 [user1]:115]
[2026-08-05 19:11:03] [W-1] 🔧 开始处理 [fork1] jqyisbest/ACL4SSR
[2026-08-05 19:11:03] [W-1] ⏭️ [fork1] 仓库 https://github.com/jqyisbest/ACL4SSR 14265h 未更新，跳过解析（无需追踪）
[2026-08-05 19:11:03] [W-13] ✅ 完成 [fork1] Hei-XiaoHu/ACL4SSR | 提取 0 | 新增 0 | 耗时 0s | 配额 4356/4800 11:11UTC | 主队列 46/200 发现队列 324/20000 [[fork1]:209 [user1]:115]
[2026-08-05 19:11:03] [W-13] 🔧 开始处理 [fork1] tony0392/ACL4SSR
[2026-08-05 19:11:03] [W-13] ⏭️ [fork1] 仓库 https://github.com/tony0392/ACL4SSR 13659h 未更新，跳过解析（无需追踪）
[2026-08-05 19:11:03] [W-8]   👤 用户仓库: 21 个 → 主队列 46/200 发现队列 344/20000 [[fork1]:208 [user1]:136]
[2026-08-05 19:11:03] [W-8]   用户 muxd93 共查 21 个仓库
[2026-08-05 19:11:03] [W-2] ✅ 完成 [fork1] GOUKI9999/ACL4SSR-1 | 提取 0 | 新增 0 | 耗时 0s | 配额 4355/4800 11:11UTC | 主队列 46/200 发现队列 344/20000 [[fork1]:208 [user1]:136]
[2026-08-05 19:11:03] [W-2] 🔧 开始处理 [fork1] happy6310/ACL4SSR
[2026-08-05 19:11:03] [W-2] ⏭️ [fork1] 仓库 https://github.com/happy6310/ACL4SSR 已解析，跳过解析（无需追踪）
[2026-08-05 19:11:03] [W-3] ✅ 完成 [fork1] yuanzhou029/ACL4SSR | 提取 0 | 新增 0 | 耗时 0s | 配额 4355/4800 11:10UTC | 主队列 46/200 发现队列 343/20000 [[fork1]:207 [user1]:136]
[2026-08-05 19:11:03] [W-3] 🔧 开始处理 [fork1] agsdzj/ACL4SSR
[2026-08-05 19:11:03] [W-3] ⏭️ [fork1] 仓库 https://github.com/agsdzj/ACL4SSR 16843h 未更新，跳过解析（无需追踪）
[2026-08-05 19:11:03] [W-23] ✅ 完成 [fork1] Stan370/ACL4SSR | 提取 0 | 新增 0 | 耗时 0s | 配额 4355/4800 11:11UTC | 主队列 46/200 发现队列 342/20000 [[fork1]:206 [user1]:136]
[2026-08-05 19:11:03] [W-23] 🔧 开始处理 [fork1] Matthew-Harris-36/ACL4SSR
[2026-08-05 19:11:03] [W-23] ⏭️ [fork1] 仓库 https://github.com/Matthew-Harris-36/ACL4SSR 25536h 未更新，跳过解析（无需追踪）
[2026-08-05 19:11:03] [W-15] ✅ 完成 [fork1] A-Cepheus/ACL4SSR | 提取 0 | 新增 0 | 耗时 0s | 配额 4355/4800 11:11UTC | 主队列 46/200 发现队列 341/20000 [[fork1]:205 [user1]:136]
[2026-08-05 19:11:03] [W-15] 🔧 开始处理 [fork1] Joe-python/ACL4SSR
[2026-08-05 19:11:03] [W-15] ⏭️ [fork1] 仓库 https://github.com/Joe-python/ACL4SSR 16997h 未更新，跳过解析（无需追踪）
[2026-08-05 19:11:03] [W-19] ✅ 完成 [fork1] honjow/ACL4SSR | 提取 0 | 新增 0 | 耗时 0s | 配额 4355/4800 11:11UTC | 主队列 46/200 发现队列 340/20000 [[fork1]:204 [user1]:136]
[2026-08-05 19:11:03] [W-19] 🔧 开始处理 [fork1] kenjy998/ACL4SSR
[2026-08-05 19:11:03] [W-19] ⏭️ [fork1] 仓库 https://github.com/kenjy998/ACL4SSR 1971h 未更新，跳过解析（无需追踪）
[2026-08-05 19:11:03] [W-11] ✅ 完成 [fork1] Corey01327/ACL4SSR | 提取 0 | 新增 0 | 耗时 0s | 配额 4355/4800 11:11UTC | 主队列 46/200 发现队列 339/20000 [[fork1]:203 [user1]:136]
[2026-08-05 19:11:03] [W-11] 🔧 开始处理 [fork1] Sysbrk/ACL4SSR
[2026-08-05 19:11:03] [W-11] ⏭️ [fork1] 仓库 https://github.com/Sysbrk/ACL4SSR 10738h 未更新，跳过解析（无需追踪）
[2026-08-05 19:11:03] [W-12] ✅ 完成 [fork1] real-jiakai/ACL4SSR | 提取 0 | 新增 0 | 耗时 0s | 配额 4355/4800 11:11UTC | 主队列 46/200 发现队列 338/20000 [[fork1]:202 [user1]:136]
[2026-08-05 19:11:03] [W-12] 🔧 开始处理 [fork1] LJJimChen/ACL4SSR
[2026-08-05 19:11:03] [W-12] ⏭️ [fork1] 仓库 https://github.com/LJJimChen/ACL4SSR 29498h 未更新，跳过解析（无需追踪）
[2026-08-05 19:11:03] [W-4] ✅ 完成 [fork1] yf20230412/ACL4SSR | 提取 0 | 新增 0 | 耗时 0s | 配额 4355/4800 11:11UTC | 主队列 46/200 发现队列 337/20000 [[fork1]:201 [user1]:136]
[2026-08-05 19:11:03] [W-4] 🔧 开始处理 [fork1] pengzhang018/ACL4SSR
[2026-08-05 19:11:03] [W-4] ⏭️ [fork1] 仓库 https://github.com/pengzhang018/ACL4SSR 19006h 未更新，跳过解析（无需追踪）
[2026-08-05 19:11:03] [W-20] ✅ 完成 [fork1] usernamelessss/ACL4SSR | 提取 0 | 新增 0 | 耗时 0s | 配额 4355/4800 11:11UTC | 主队列 46/200 发现队列 336/20000 [[fork1]:200 [user1]:136]
[2026-08-05 19:11:03] [W-20] 🔧 开始处理 [fork1] BingoAmI/ACL4SSR2
[2026-08-05 19:11:03] [W-20] ⏭️ [fork1] 仓库 https://github.com/BingoAmI/ACL4SSR2 18396h 未更新，跳过解析（无需追踪）
[2026-08-05 19:11:03] [W-14] ✅ 完成 [fork1] JoeMartini/ACL4SSR | 提取 0 | 新增 0 | 耗时 0s | 配额 4355/4800 11:11UTC | 主队列 46/200 发现队列 335/20000 [[fork1]:199 [user1]:136]
[2026-08-05 19:11:03] [W-14] 🔧 开始处理 [fork1] tombloon/ACL4SSR
[2026-08-05 19:11:03] [W-14] ⏭️ [fork1] 仓库 https://github.com/tombloon/ACL4SSR 24650h 未更新，跳过解析（无需追踪）
[2026-08-05 19:11:03] [W-9] ✅ 完成 [fork1] XWF8188/ACL4SSR | 提取 0 | 新增 0 | 耗时 0s | 配额 4355/4800 11:11UTC | 主队列 46/200 发现队列 334/20000 [[fork1]:198 [user1]:136]
[2026-08-05 19:11:03] [W-9] 🔧 开始处理 [fork1] log-mars/ACL4SSR
[2026-08-05 19:11:03] [W-9] ⏭️ [fork1] 仓库 https://github.com/log-mars/ACL4SSR 595h 未更新，跳过解析（无需追踪）
[2026-08-05 19:11:03] [W-9] ✅ 完成 [fork1] log-mars/ACL4SSR | 提取 0 | 新增 0 | 耗时 0s | 配额 4355/4800 11:11UTC | 主队列 46/200 发现队列 333/20000 [[fork1]:197 [user1]:136]
[2026-08-05 19:11:03] [W-9] 🔧 开始处理 [fork1] Knight4LHB/ACL4SSR
[2026-08-05 19:11:03] [W-9] ⏭️ [fork1] 仓库 https://github.com/Knight4LHB/ACL4SSR 29454h 未更新，跳过解析（无需追踪）
[2026-08-05 19:11:03] [W-16] ✅ 完成 [fork1] frankk007/ACL4SSR | 提取 0 | 新增 0 | 耗时 0s | 配额 4355/4800 11:11UTC | 主队列 46/200 发现队列 332/20000 [[fork1]:196 [user1]:136]
[2026-08-05 19:11:03] [W-16] 🔧 开始处理 [fork1] sindiji/ACL4SSR
[2026-08-05 19:11:03] [W-16] ⏭️ [fork1] 仓库 https://github.com/sindiji/ACL4SSR 20132h 未更新，跳过解析（无需追踪）
[2026-08-05 19:11:03] [W-10]   👤 用户仓库: 30 个 → 主队列 46/200 发现队列 361/20000 [[fork1]:195 [user1]:166]
[2026-08-05 19:11:03] [W-10]   用户 sclyxcn 共查 30 个仓库
[2026-08-05 19:11:03] [W-10] ✅ 完成 [种子仓库] sclyxcn/ACL4SSR | 提取 0 | 新增 0 | 耗时 48s | 配额 4354/4800 11:11UTC | 主队列 46/200 发现队列 361/20000 [[fork1]:195 [user1]:166]
[2026-08-05 19:11:03] [W-21] 👤 [种子仓库] 遍历用户仓库: yilong001
[2026-08-05 19:11:03] [W-6]   Compare API 返回 37 个变更文件 (3 次 API 调用)
[2026-08-05 19:11:03] [W-6]   commits 过滤: 8205 → 2 (变更文件 37 个)
[2026-08-05 19:11:03] [W-6] 仓库 https://github.com/PENZA84/TGParse 候选文件 2 个
[2026-08-05 19:11:03] [W-10] 🔧 开始处理 [fork1] jinwei26/ACL4SSR-a4
[2026-08-05 19:11:03] [W-10] ⏭️ [fork1] 仓库 https://github.com/jinwei26/ACL4SSR-a4 16997h 未更新，跳过解析（无需追踪）
[2026-08-05 19:11:04] [W-6] 📝 已处理缓存: PENZA84/TGParse
[2026-08-05 19:11:04] [W-6] 🌱 加入种子: PENZA84/TGParse (+2 节点)
[2026-08-05 19:11:05] [W-1] ✅ 完成 [fork1] jqyisbest/ACL4SSR | 提取 0 | 新增 0 | 耗时 0s | 配额 4351/4800 11:11UTC | 主队列 46/200 发现队列 360/20000 [[fork1]:194 [user1]:166]
[2026-08-05 19:11:05] [W-1] 🔧 开始处理 [fork1] kewake/ACL4SSR
[2026-08-05 19:11:05] [W-1] ⏭️ [fork1] 仓库 https://github.com/kewake/ACL4SSR 19414h 未更新，跳过解析（无需追踪）
[2026-08-05 19:11:05] [W-13] ✅ 完成 [fork1] tony0392/ACL4SSR | 提取 0 | 新增 0 | 耗时 0s | 配额 4351/4800 11:11UTC | 主队列 46/200 发现队列 359/20000 [[fork1]:193 [user1]:166]
[2026-08-05 19:11:05] [W-13] 🔧 开始处理 [fork1] baipiao003/ACL4SSRR
[2026-08-05 19:11:05] [W-13] 📝 已处理缓存: baipiao003/ACL4SSRR
[2026-08-05 19:11:05] [W-13] ⏭️ [fork1] 仓库 https://github.com/baipiao003/ACL4SSRR 157h 未更新，跳过解析（无需追踪）
[2026-08-05 19:11:05] [W-8] ✅ 完成 [种子仓库] muxd93/awesome-vpn | 提取 0 | 新增 0 | 耗时 48s | 配额 4351/4800 11:11UTC | 主队列 46/200 发现队列 358/20000 [[fork1]:192 [user1]:166]
[2026-08-05 19:11:05] [W-8] 🔧 开始处理 [fork1] gshtwy/ACL4SSR
[2026-08-05 19:11:05] [W-8] ⏭️ [fork1] 仓库 https://github.com/gshtwy/ACL4SSR 15789h 未更新，跳过解析（无需追踪）
[2026-08-05 19:11:05] [W-2] ✅ 完成 [fork1] happy6310/ACL4SSR | 提取 0 | 新增 0 | 耗时 0s | 配额 4351/4800 11:11UTC | 主队列 46/200 发现队列 357/20000 [[fork1]:191 [user1]:166]
[2026-08-05 19:11:05] [W-2] 🔧 开始处理 [fork1] jackssu/ACL4SSR
[2026-08-05 19:11:05] [W-2] ⏭️ [fork1] 仓库 https://github.com/jackssu/ACL4SSR 16349h 未更新，跳过解析（无需追踪）
[2026-08-05 19:11:05] [W-3] ✅ 完成 [fork1] agsdzj/ACL4SSR | 提取 0 | 新增 0 | 耗时 0s | 配额 4351/4800 11:11UTC | 主队列 46/200 发现队列 356/20000 [[fork1]:190 [user1]:166]
[2026-08-05 19:11:05] [W-3] 🔧 开始处理 [fork1] blueicesir/ACL4SSR
[2026-08-05 19:11:05] [W-3] ⏭️ [fork1] 仓库 https://github.com/blueicesir/ACL4SSR 20926h 未更新，跳过解析（无需追踪）
[2026-08-05 19:11:05] [W-23] ✅ 完成 [fork1] Matthew-Harris-36/ACL4SSR | 提取 0 | 新增 0 | 耗时 0s | 配额 4351/4800 11:11UTC | 主队列 46/200 发现队列 355/20000 [[fork1]:189 [user1]:166]
[2026-08-05 19:11:05] [W-23] 🔧 开始处理 [fork1] FedHoo/ACL4SSR
[2026-08-05 19:11:05] [W-23] ⏭️ [fork1] 仓库 https://github.com/FedHoo/ACL4SSR 2170h 未更新，跳过解析（无需追踪）
[2026-08-05 19:11:05] [W-15] ✅ 完成 [fork1] Joe-python/ACL4SSR | 提取 0 | 新增 0 | 耗时 0s | 配额 4351/4800 11:11UTC | 主队列 46/200 发现队列 354/20000 [[fork1]:188 [user1]:166]
[2026-08-05 19:11:05] [W-15] 🔧 开始处理 [fork1] NSAA1/ACL4SSR
[2026-08-05 19:11:05] [W-15] ⏭️ [fork1] 仓库 https://github.com/NSAA1/ACL4SSR 9802h 未更新，跳过解析（无需追踪）
[2026-08-05 19:11:05] [W-19] ✅ 完成 [fork1] kenjy998/ACL4SSR | 提取 0 | 新增 0 | 耗时 0s | 配额 4351/4800 11:11UTC | 主队列 46/200 发现队列 353/20000 [[fork1]:187 [user1]:166]
[2026-08-05 19:11:05] [W-19] 🔧 开始处理 [fork1] imm0jwr/ACL4SSR
[2026-08-05 19:11:05] [W-19] 📝 已处理缓存: imm0jwr/ACL4SSR
[2026-08-05 19:11:05] [W-19] ⏭️ [fork1] 仓库 https://github.com/imm0jwr/ACL4SSR 33h 未更新，跳过解析（无需追踪）
[2026-08-05 19:11:05] [W-11] ✅ 完成 [fork1] Sysbrk/ACL4SSR | 提取 0 | 新增 0 | 耗时 0s | 配额 4351/4800 11:11UTC | 主队列 46/200 发现队列 352/20000 [[fork1]:186 [user1]:166]
[2026-08-05 19:11:05] [W-11] 🔧 开始处理 [fork1] agsdzj/ACL4SSR_CM
[2026-08-05 19:11:05] [W-11] ⏭️ [fork1] 仓库 https://github.com/agsdzj/ACL4SSR_CM 16103h 未更新，跳过解析（无需追踪）
[2026-08-05 19:11:05] [W-11] ✅ 完成 [fork1] agsdzj/ACL4SSR_CM | 提取 0 | 新增 0 | 耗时 0s | 配额 4351/4800 11:11UTC | 主队列 46/200 发现队列 351/20000 [[fork1]:185 [user1]:166]
[2026-08-05 19:11:05] [W-11] 🔧 开始处理 [fork1] NERV-01/ACL4SSR
[2026-08-05 19:11:05] [W-11] ⏭️ [fork1] 仓库 https://github.com/NERV-01/ACL4SSR 8773h 未更新，跳过解析（无需追踪）
[2026-08-05 19:11:05] [W-4] ✅ 完成 [fork1] pengzhang018/ACL4SSR | 提取 0 | 新增 0 | 耗时 0s | 配额 4351/4800 11:11UTC | 主队列 46/200 发现队列 350/20000 [[fork1]:184 [user1]:166]
[2026-08-05 19:11:05] [W-4] 🔧 开始处理 [fork1] Xiaobei08/ACL4SSR
[2026-08-05 19:11:05] [W-4] ⏭️ [fork1] 仓库 https://github.com/Xiaobei08/ACL4SSR 310h 未更新，跳过解析（无需追踪）
[2026-08-05 19:11:05] [W-20] ✅ 完成 [fork1] BingoAmI/ACL4SSR2 | 提取 0 | 新增 0 | 耗时 0s | 配额 4351/4800 11:11UTC | 主队列 46/200 发现队列 349/20000 [[fork1]:183 [user1]:166]
[2026-08-05 19:11:05] [W-20] 🔧 开始处理 [fork1] LUCK777777/ACL4SSR
[2026-08-05 19:11:05] [W-20] ⏭️ [fork1] 仓库 https://github.com/LUCK777777/ACL4SSR 6976h 未更新，跳过解析（无需追踪）
[2026-08-05 19:11:05] [W-14] ✅ 完成 [fork1] tombloon/ACL4SSR | 提取 0 | 新增 0 | 耗时 0s | 配额 4351/4800 11:11UTC | 主队列 46/200 发现队列 348/20000 [[fork1]:182 [user1]:166]
[2026-08-05 19:11:05] [W-14] 🔧 开始处理 [fork1] melsanlanth/CMliu-ACL4SSR
[2026-08-05 19:11:05] [W-14] ⏭️ [fork1] 仓库 https://github.com/melsanlanth/CMliu-ACL4SSR 10752h 未更新，跳过解析（无需追踪）
[2026-08-05 19:11:05] [W-18] ✅ 完成 [fork1] melsanlanth/A4-ACL4SSR | 提取 0 | 新增 0 | 耗时 0s | 配额 4351/4800 11:11UTC | 主队列 46/200 发现队列 347/20000 [[fork1]:181 [user1]:166]
[2026-08-05 19:11:05] [W-18] 🔧 开始处理 [fork1] jackbrownsu/ACL4SSR
[2026-08-05 19:11:05] [W-18] ⏭️ [fork1] 仓库 https://github.com/jackbrownsu/ACL4SSR 11137h 未更新，跳过解析（无需追踪）
[2026-08-05 19:11:05] [W-9] ✅ 完成 [fork1] Knight4LHB/ACL4SSR | 提取 0 | 新增 0 | 耗时 0s | 配额 4351/4800 11:11UTC | 主队列 46/200 发现队列 346/20000 [[fork1]:180 [user1]:166]
[2026-08-05 19:11:05] [W-9] 🔧 开始处理 [fork1] okawao/ACL4SSR
[2026-08-05 19:11:05] [W-9] ⏭️ [fork1] 仓库 https://github.com/okawao/ACL4SSR 4085h 未更新，跳过解析（无需追踪）
[2026-08-05 19:11:05] [W-16] ✅ 完成 [fork1] sindiji/ACL4SSR | 提取 0 | 新增 0 | 耗时 0s | 配额 4351/4800 11:11UTC | 主队列 46/200 发现队列 345/20000 [[fork1]:179 [user1]:166]
[2026-08-05 19:11:05] [W-16] 🔧 开始处理 [fork1] EvanderYang/ACL4SSR
[2026-08-05 19:11:05] [W-16] ⏭️ [fork1] 仓库 https://github.com/EvanderYang/ACL4SSR 2481h 未更新，跳过解析（无需追踪）
[2026-08-05 19:11:05] [W-17]   [种子仓库] 父仓库: cmliu/ACL4SSR
[2026-08-05 19:11:05] [W-10] ✅ 完成 [fork1] jinwei26/ACL4SSR-a4 | 提取 0 | 新增 0 | 耗时 0s | 配额 4350/4800 11:11UTC | 主队列 46/200 发现队列 344/20000 [[fork1]:178 [user1]:166]
[2026-08-05 19:11:05] [W-10] 🔧 开始处理 [fork1] 0808li/ACL4SSR
[2026-08-05 19:11:05] [W-10] ⏭️ [fork1] 仓库 https://github.com/0808li/ACL4SSR 21298h 未更新，跳过解析（无需追踪）
[2026-08-05 19:11:05] [W-5]   👤 用户仓库: 25 个 → 主队列 46/200 发现队列 368/20000 [[fork1]:177 [user1]:191]
[2026-08-05 19:11:05] [W-5]   用户 lilikimi 共查 25 个仓库
[2026-08-05 19:11:05] [W-0]   👤 用户仓库: 30 个 → 主队列 46/200 发现队列 398/20000 [[fork1]:177 [user1]:221]
[2026-08-05 19:11:05] [W-0]   用户 cmliu 共查 30 个仓库
[2026-08-05 19:11:05] [W-6] ✅ 完成 [user1] PENZA84/TGParse | 提取 2705 | 新增 2 | 耗时 50s | 配额 4348/4800 11:11UTC | 主队列 46/200 发现队列 398/20000 [[fork1]:177 [user1]:221]
[2026-08-05 19:11:05] [W-1] ✅ 完成 [fork1] kewake/ACL4SSR | 提取 0 | 新增 0 | 耗时 0s | 配额 4348/4800 11:11UTC | 主队列 46/200 发现队列 397/20000 [[fork1]:176 [user1]:221]
[2026-08-05 19:11:05] [W-1] 🔧 开始处理 [fork1] JLphile/ACL4SSR
[2026-08-05 19:11:05] [W-1] ⏭️ [fork1] 仓库 https://github.com/JLphile/ACL4SSR 10833h 未更新，跳过解析（无需追踪）
[2026-08-05 19:11:05] [W-6] 🔧 开始处理 [fork1] caoc2008/ACL4SSR
[2026-08-05 19:11:05] [W-6] ⏭️ [fork1] 仓库 https://github.com/caoc2008/ACL4SSR 16508h 未更新，跳过解析（无需追踪）
[2026-08-05 19:11:05] [W-13] ✅ 完成 [fork1] baipiao003/ACL4SSRR | 提取 0 | 新增 0 | 耗时 0s | 配额 4348/4800 11:11UTC | 主队列 46/200 发现队列 396/20000 [[fork1]:175 [user1]:221]
[2026-08-05 19:11:05] [W-13] 🔧 开始处理 [fork1] moblc/ACL4SSR
[2026-08-05 19:11:05] [W-13] ⏭️ [fork1] 仓库 https://github.com/moblc/ACL4SSR 9100h 未更新，跳过解析（无需追踪）
[2026-08-05 19:11:05] [W-8] ✅ 完成 [fork1] gshtwy/ACL4SSR | 提取 0 | 新增 0 | 耗时 0s | 配额 4348/4800 11:11UTC | 主队列 46/200 发现队列 395/20000 [[fork1]:174 [user1]:221]
[2026-08-05 19:11:05] [W-8] 🔧 开始处理 [fork1] Alex94917/ACL4SSR
[2026-08-05 19:11:05] [W-8] ⏭️ [fork1] 仓库 https://github.com/Alex94917/ACL4SSR 12456h 未更新，跳过解析（无需追踪）
[2026-08-05 19:11:05] [W-2] ✅ 完成 [fork1] jackssu/ACL4SSR | 提取 0 | 新增 0 | 耗时 0s | 配额 4348/4800 11:11UTC | 主队列 46/200 发现队列 394/20000 [[fork1]:173 [user1]:221]
[2026-08-05 19:11:05] [W-2] 🔧 开始处理 [fork1] YeFeng2007/ACL4SSR
[2026-08-05 19:11:05] [W-2] ⏭️ [fork1] 仓库 https://github.com/YeFeng2007/ACL4SSR 4689h 未更新，跳过解析（无需追踪）
[2026-08-05 19:11:05] [W-3] ✅ 完成 [fork1] blueicesir/ACL4SSR | 提取 0 | 新增 0 | 耗时 0s | 配额 4348/4800 11:11UTC | 主队列 46/200 发现队列 393/20000 [[fork1]:172 [user1]:221]
[2026-08-05 19:11:05] [W-3] 🔧 开始处理 [fork1] 520qianjiawen/ACL4SSR
[2026-08-05 19:11:05] [W-3] ⏭️ [fork1] 仓库 https://github.com/520qianjiawen/ACL4SSR 20926h 未更新，跳过解析（无需追踪）
[2026-08-05 19:11:05] [W-23] ✅ 完成 [fork1] FedHoo/ACL4SSR | 提取 0 | 新增 0 | 耗时 0s | 配额 4348/4800 11:11UTC | 主队列 46/200 发现队列 392/20000 [[fork1]:171 [user1]:221]
[2026-08-05 19:11:05] [W-23] 🔧 开始处理 [fork1] anjwee/ACL4SSR
[2026-08-05 19:11:05] [W-23] ⏭️ [fork1] 仓库 https://github.com/anjwee/ACL4SSR 6831h 未更新，跳过解析（无需追踪）
[2026-08-05 19:11:05] [W-23] ✅ 完成 [fork1] anjwee/ACL4SSR | 提取 0 | 新增 0 | 耗时 0s | 配额 4348/4800 11:11UTC | 主队列 46/200 发现队列 391/20000 [[fork1]:170 [user1]:221]
[2026-08-05 19:11:05] [W-23] 🔧 开始处理 [fork1] ximalu/ACL4SSR
[2026-08-05 19:11:05] [W-23] ⏭️ [fork1] 仓库 https://github.com/ximalu/ACL4SSR 5050h 未更新，跳过解析（无需追踪）
[2026-08-05 19:11:05] [W-19] ✅ 完成 [fork1] imm0jwr/ACL4SSR | 提取 0 | 新增 0 | 耗时 0s | 配额 4348/4800 11:11UTC | 主队列 46/200 发现队列 390/20000 [[fork1]:169 [user1]:221]
[2026-08-05 19:11:05] [W-19] 🔧 开始处理 [fork1] izysq/ACL4SSR
[2026-08-05 19:11:05] [W-19] ⏭️ [fork1] 仓库 https://github.com/izysq/ACL4SSR 20794h 未更新，跳过解析（无需追踪）
[2026-08-05 19:11:05] [W-11] ✅ 完成 [fork1] NERV-01/ACL4SSR | 提取 0 | 新增 0 | 耗时 0s | 配额 4348/4800 11:11UTC | 主队列 46/200 发现队列 389/20000 [[fork1]:168 [user1]:221]
[2026-08-05 19:11:05] [W-11] 🔧 开始处理 [fork1] 5455230/ACL4SSR
[2026-08-05 19:11:05] [W-11] ⏭️ [fork1] 仓库 https://github.com/5455230/ACL4SSR 20794h 未更新，跳过解析（无需追踪）
[2026-08-05 19:11:05] [W-12] ✅ 完成 [fork1] LJJimChen/ACL4SSR | 提取 0 | 新增 0 | 耗时 0s | 配额 4348/4800 11:11UTC | 主队列 46/200 发现队列 388/20000 [[fork1]:167 [user1]:221]
[2026-08-05 19:11:05] [W-12] 🔧 开始处理 [fork1] joql/ACL4SSR
[2026-08-05 19:11:05] [W-12] ⏭️ [fork1] 仓库 https://github.com/joql/ACL4SSR 9292h 未更新，跳过解析（无需追踪）
[2026-08-05 19:11:05] [W-4] ✅ 完成 [fork1] Xiaobei08/ACL4SSR | 提取 0 | 新增 0 | 耗时 0s | 配额 4348/4800 11:11UTC | 主队列 46/200 发现队列 387/20000 [[fork1]:166 [user1]:221]
[2026-08-05 19:11:05] [W-4] 🔧 开始处理 [fork1] escapeWu/ACL4SSR
[2026-08-05 19:11:05] [W-4] ⏭️ [fork1] 仓库 https://github.com/escapeWu/ACL4SSR 5215h 未更新，跳过解析（无需追踪）
[2026-08-05 19:11:05] [W-20] ✅ 完成 [fork1] LUCK777777/ACL4SSR | 提取 0 | 新增 0 | 耗时 0s | 配额 4348/4800 11:11UTC | 主队列 46/200 发现队列 386/20000 [[fork1]:165 [user1]:221]
[2026-08-05 19:11:05] [W-20] 🔧 开始处理 [fork1] itee610/ACL4SSR
[2026-08-05 19:11:05] [W-20] 📝 已处理缓存: itee610/ACL4SSR
[2026-08-05 19:11:05] [W-20] ⏭️ [fork1] 仓库 https://github.com/itee610/ACL4SSR 57h 未更新，跳过解析（无需追踪）
[2026-08-05 19:11:05] [W-14] ✅ 完成 [fork1] melsanlanth/CMliu-ACL4SSR | 提取 0 | 新增 0 | 耗时 0s | 配额 4348/4800 11:11UTC | 主队列 46/200 发现队列 385/20000 [[fork1]:164 [user1]:221]
[2026-08-05 19:11:05] [W-14] 🔧 开始处理 [fork1] bitssly/ACL4SSR
[2026-08-05 19:11:05] [W-14] ⏭️ [fork1] 仓库 https://github.com/bitssly/ACL4SSR 11002h 未更新，跳过解析（无需追踪）
[2026-08-05 19:11:05] [W-18] ✅ 完成 [fork1] jackbrownsu/ACL4SSR | 提取 0 | 新增 0 | 耗时 0s | 配额 4348/4800 11:11UTC | 主队列 46/200 发现队列 384/20000 [[fork1]:163 [user1]:221]
[2026-08-05 19:11:05] [W-18] 🔧 开始处理 [fork1] soyoung28/ACL4SSR
[2026-08-05 19:11:05] [W-18] ⏭️ [fork1] 仓库 https://github.com/soyoung28/ACL4SSR 12957h 未更新，跳过解析（无需追踪）
[2026-08-05 19:11:05] [W-9] ✅ 完成 [fork1] okawao/ACL4SSR | 提取 0 | 新增 0 | 耗时 0s | 配额 4348/4800 11:11UTC | 主队列 46/200 发现队列 383/20000 [[fork1]:162 [user1]:221]
[2026-08-05 19:11:05] [W-9] 🔧 开始处理 [fork1] coderyaya/ACL4SSR
[2026-08-05 19:11:05] [W-9] ⏭️ [fork1] 仓库 https://github.com/coderyaya/ACL4SSR 11673h 未更新，跳过解析（无需追踪）
[2026-08-05 19:11:05] [W-9] ✅ 完成 [fork1] coderyaya/ACL4SSR | 提取 0 | 新增 0 | 耗时 0s | 配额 4348/4800 11:11UTC | 主队列 46/200 发现队列 382/20000 [[fork1]:161 [user1]:221]
[2026-08-05 19:11:05] [W-9] 🔧 开始处理 [fork1] Cucosai/ACL4SSR
[2026-08-05 19:11:05] [W-9] [fork1] 仓库 https://github.com/Cucosai/ACL4SSR (分支: main, size: 278706KB, pushed: 2026-08-04T22:00:41Z)
[2026-08-05 19:11:07] [W-10] ✅ 完成 [fork1] 0808li/ACL4SSR | 提取 0 | 新增 0 | 耗时 0s | 配额 4348/4800 11:11UTC | 主队列 46/200 发现队列 381/20000 [[fork1]:160 [user1]:221]
[2026-08-05 19:11:07] [W-10] 🔧 开始处理 [fork1] hewei2723/ACL4SSR
[2026-08-05 19:11:07] [W-10] ⏭️ [fork1] 仓库 https://github.com/hewei2723/ACL4SSR 4326h 未更新，跳过解析（无需追踪）
[2026-08-05 19:11:07] [W-5] ✅ 完成 [种子仓库] lilikimi/ACL4SSR | 提取 0 | 新增 0 | 耗时 50s | 配额 4348/4800 11:11UTC | 主队列 46/200 发现队列 380/20000 [[fork1]:159 [user1]:221]
[2026-08-05 19:11:07] [W-5] 🔧 开始处理 [fork1] AKG-008/ACL4SSR
[2026-08-05 19:11:07] [W-5] ⏭️ [fork1] 仓库 https://github.com/AKG-008/ACL4SSR 5433h 未更新，跳过解析（无需追踪）
[2026-08-05 19:11:07] [W-0] ✅ 完成 [种子仓库] cmliu/ACL4SSR | 提取 0 | 新增 0 | 耗时 41s | 配额 4348/4800 11:11UTC | 主队列 46/200 发现队列 379/20000 [[fork1]:158 [user1]:221]
[2026-08-05 19:11:07] [W-0] 🔧 开始处理 [fork1] eagleofsea2001/ACL4SSR
[2026-08-05 19:11:07] [W-0] ⏭️ [fork1] 仓库 https://github.com/eagleofsea2001/ACL4SSR 6754h 未更新，跳过解析（无需追踪）
[2026-08-05 19:11:07] [W-1] ✅ 完成 [fork1] JLphile/ACL4SSR | 提取 0 | 新增 0 | 耗时 0s | 配额 4348/4800 11:11UTC | 主队列 46/200 发现队列 378/20000 [[fork1]:157 [user1]:221]
[2026-08-05 19:11:07] [W-1] 🔧 开始处理 [fork1] 110356776/Proxy_clash_ACL4SSR
[2026-08-05 19:11:07] [W-1] ⏭️ [fork1] 仓库 https://github.com/110356776/Proxy_clash_ACL4SSR 11335h 未更新，跳过解析（无需追踪）
[2026-08-05 19:11:07] [W-6] ✅ 完成 [fork1] caoc2008/ACL4SSR | 提取 0 | 新增 0 | 耗时 0s | 配额 4348/4800 11:11UTC | 主队列 46/200 发现队列 377/20000 [[fork1]:156 [user1]:221]
[2026-08-05 19:11:07] [W-6] 🔧 开始处理 [fork1] davidlauhn/ACL4SSRcm
[2026-08-05 19:11:07] [W-6] ⏭️ [fork1] 仓库 https://github.com/davidlauhn/ACL4SSRcm 12676h 未更新，跳过解析（无需追踪）
[2026-08-05 19:11:07] [W-13] ✅ 完成 [fork1] moblc/ACL4SSR | 提取 0 | 新增 0 | 耗时 0s | 配额 4348/4800 11:11UTC | 主队列 46/200 发现队列 376/20000 [[fork1]:155 [user1]:221]
[2026-08-05 19:11:07] [W-13] 🔧 开始处理 [fork1] jmmail/ACL4SSR_Fork
[2026-08-05 19:11:07] [W-13] ⏭️ [fork1] 仓库 https://github.com/jmmail/ACL4SSR_Fork 793h 未更新，跳过解析（无需追踪）
[2026-08-05 19:11:07] [W-8] ✅ 完成 [fork1] Alex94917/ACL4SSR | 提取 0 | 新增 0 | 耗时 0s | 配额 4348/4800 11:11UTC | 主队列 46/200 发现队列 375/20000 [[fork1]:154 [user1]:221]
[2026-08-05 19:11:07] [W-8] 🔧 开始处理 [fork1] zaofu88/ACL4SSR
[2026-08-05 19:11:07] [W-8] 📝 已处理缓存: zaofu88/ACL4SSR
[2026-08-05 19:11:07] [W-8] ⏭️ [fork1] 仓库 https://github.com/zaofu88/ACL4SSR 3080h 未更新，跳过解析（无需追踪）
[2026-08-05 19:11:07] [W-2] ✅ 完成 [fork1] YeFeng2007/ACL4SSR | 提取 0 | 新增 0 | 耗时 0s | 配额 4348/4800 11:11UTC | 主队列 46/200 发现队列 374/20000 [[fork1]:153 [user1]:221]
[2026-08-05 19:11:07] [W-2] 🔧 开始处理 [fork1] pyh919597378/ACL4SSR
[2026-08-05 19:11:07] [W-2] ⏭️ [fork1] 仓库 https://github.com/pyh919597378/ACL4SSR 20043h 未更新，跳过解析（无需追踪）
[2026-08-05 19:11:07] [W-3] ✅ 完成 [fork1] 520qianjiawen/ACL4SSR | 提取 0 | 新增 0 | 耗时 0s | 配额 4348/4800 11:11UTC | 主队列 46/200 发现队列 373/20000 [[fork1]:152 [user1]:221]
[2026-08-05 19:11:07] [W-3] 🔧 开始处理 [fork1] dongmiansongshu/cloudflareCIDR
[2026-08-05 19:11:07] [W-3] [fork1] 仓库 https://github.com/dongmiansongshu/cloudflareCIDR (分支: main, size: 261480KB, pushed: 2026-08-05T05:33:08Z)
[2026-08-05 19:11:07] [W-15] ✅ 完成 [fork1] NSAA1/ACL4SSR | 提取 0 | 新增 0 | 耗时 0s | 配额 4348/4800 11:11UTC | 主队列 46/200 发现队列 372/20000 [[fork1]:151 [user1]:221]
[2026-08-05 19:11:07] [W-15] 🔧 开始处理 [fork1] eata2017/ACL4SSR
[2026-08-05 19:11:07] [W-15] ⏭️ [fork1] 仓库 https://github.com/eata2017/ACL4SSR 5289h 未更新，跳过解析（无需追踪）
[2026-08-05 19:11:07] [W-15] ✅ 完成 [fork1] eata2017/ACL4SSR | 提取 0 | 新增 0 | 耗时 0s | 配额 4348/4800 11:11UTC | 主队列 46/200 发现队列 371/20000 [[fork1]:150 [user1]:221]
[2026-08-05 19:11:07] [W-15] 🔧 开始处理 [fork1] yilongym/ACL4SSR
[2026-08-05 19:11:07] [W-15] ⏭️ [fork1] 仓库 https://github.com/yilongym/ACL4SSR 6010h 未更新，跳过解析（无需追踪）
[2026-08-05 19:11:07] [W-11] ✅ 完成 [fork1] 5455230/ACL4SSR | 提取 0 | 新增 0 | 耗时 0s | 配额 4348/4800 11:11UTC | 主队列 46/200 发现队列 370/20000 [[fork1]:149 [user1]:221]
[2026-08-05 19:11:07] [W-11] 🔧 开始处理 [fork1] kennyhn88/ACL4SSRnew
[2026-08-05 19:11:07] [W-11] ⏭️ [fork1] 仓库 https://github.com/kennyhn88/ACL4SSRnew 13277h 未更新，跳过解析（无需追踪）
[2026-08-05 19:11:07] [W-12] ✅ 完成 [fork1] joql/ACL4SSR | 提取 0 | 新增 0 | 耗时 0s | 配额 4348/4800 11:11UTC | 主队列 46/200 发现队列 369/20000 [[fork1]:148 [user1]:221]
[2026-08-05 19:11:07] [W-12] 🔧 开始处理 [fork1] shii69/ACL4SSR
[2026-08-05 19:11:07] [W-12] [fork1] 仓库 https://github.com/shii69/ACL4SSR (分支: main, size: 280616KB, pushed: 2026-08-04T22:32:11Z)
[2026-08-05 19:11:07] [W-4] ✅ 完成 [fork1] escapeWu/ACL4SSR | 提取 0 | 新增 0 | 耗时 0s | 配额 4348/4800 11:11UTC | 主队列 46/200 发现队列 368/20000 [[fork1]:147 [user1]:221]
[2026-08-05 19:11:07] [W-4] 🔧 开始处理 [fork1] fxpass/ACL4SSR
[2026-08-05 19:11:07] [W-4] ⏭️ [fork1] 仓库 https://github.com/fxpass/ACL4SSR 5601h 未更新，跳过解析（无需追踪）
[2026-08-05 19:11:07] [W-20] ✅ 完成 [fork1] itee610/ACL4SSR | 提取 0 | 新增 0 | 耗时 0s | 配额 4348/4800 11:11UTC | 主队列 46/200 发现队列 367/20000 [[fork1]:146 [user1]:221]
[2026-08-05 19:11:07] [W-20] 🔧 开始处理 [fork1] bali121/ACL4SSR
[2026-08-05 19:11:07] [W-20] ⏭️ [fork1] 仓库 https://github.com/bali121/ACL4SSR 5298h 未更新，跳过解析（无需追踪）
[2026-08-05 19:11:07] [W-14] ✅ 完成 [fork1] bitssly/ACL4SSR | 提取 0 | 新增 0 | 耗时 0s | 配额 4348/4800 11:11UTC | 主队列 46/200 发现队列 366/20000 [[fork1]:145 [user1]:221]
[2026-08-05 19:11:07] [W-14] 🔧 开始处理 [fork1] yoxizy/ACL4SSR
[2026-08-05 19:11:07] [W-14] ⏭️ [fork1] 仓库 https://github.com/yoxizy/ACL4SSR 5567h 未更新，跳过解析（无需追踪）
[2026-08-05 19:11:07] [W-18] ✅ 完成 [fork1] soyoung28/ACL4SSR | 提取 0 | 新增 0 | 耗时 0s | 配额 4348/4800 11:11UTC | 主队列 46/200 发现队列 365/20000 [[fork1]:144 [user1]:221]
[2026-08-05 19:11:07] [W-18] 🔧 开始处理 [fork1] itJiuMi/ACL4SSR
[2026-08-05 19:11:07] [W-18] 📝 已处理缓存: itJiuMi/ACL4SSR
[2026-08-05 19:11:07] [W-18] ⏭️ [fork1] 仓库 https://github.com/itJiuMi/ACL4SSR 31h 未更新，跳过解析（无需追踪）
[2026-08-05 19:11:07] [W-16] ✅ 完成 [fork1] EvanderYang/ACL4SSR | 提取 0 | 新增 0 | 耗时 0s | 配额 4348/4800 11:11UTC | 主队列 46/200 发现队列 364/20000 [[fork1]:143 [user1]:221]
[2026-08-05 19:11:07] [W-16] 🔧 开始处理 [fork1] imzyb/ACL4SSR
[2026-08-05 19:11:07] [W-16] ⏭️ [fork1] 仓库 https://github.com/imzyb/ACL4SSR 2648h 未更新，跳过解析（无需追踪）
[2026-08-05 19:11:07] [W-7]   🍴 兄弟仓库: 80 个 → 主队列 46/200 发现队列 443/20000 [[fork1]:222 [user1]:221]
[2026-08-05 19:11:07] [W-7] 👤 [种子仓库] 遍历用户仓库: Andyworldclub
[2026-08-05 19:11:07] [W-10] ✅ 完成 [fork1] hewei2723/ACL4SSR | 提取 0 | 新增 0 | 耗时 0s | 配额 4347/4800 11:11UTC | 主队列 46/200 发现队列 443/20000 [[fork1]:222 [user1]:221]
[2026-08-05 19:11:07] [W-10] 🔧 开始处理 [fork1] L-strawberry/ACL4SSR
[2026-08-05 19:11:07] [W-10] ⏭️ [fork1] 仓库 https://github.com/L-strawberry/ACL4SSR 9324h 未更新，跳过解析（无需追踪）
[2026-08-05 19:11:07] [W-10] ✅ 完成 [fork1] L-strawberry/ACL4SSR | 提取 0 | 新增 0 | 耗时 0s | 配额 4347/4800 11:11UTC | 主队列 46/200 发现队列 442/20000 [[fork1]:221 [user1]:221]
[2026-08-05 19:11:07] [W-10] 🔧 开始处理 [fork1] zhujingan123/ACL4SSR
[2026-08-05 19:11:07] [W-10] ⏭️ [fork1] 仓库 https://github.com/zhujingan123/ACL4SSR 8265h 未更新，跳过解析（无需追踪）
[2026-08-05 19:11:07] [W-0] ✅ 完成 [fork1] eagleofsea2001/ACL4SSR | 提取 0 | 新增 0 | 耗时 0s | 配额 4347/4800 11:11UTC | 主队列 46/200 发现队列 441/20000 [[fork1]:220 [user1]:221]
[2026-08-05 19:11:07] [W-0] 🔧 开始处理 [fork1] zczy-k/ACL4SSR
[2026-08-05 19:11:07] [W-0] ⏭️ [fork1] 仓库 https://github.com/zczy-k/ACL4SSR 7665h 未更新，跳过解析（无需追踪）
[2026-08-05 19:11:07] [W-1] ✅ 完成 [fork1] 110356776/Proxy_clash_ACL4SSR | 提取 0 | 新增 0 | 耗时 0s | 配额 4347/4800 11:11UTC | 主队列 46/200 发现队列 440/20000 [[fork1]:219 [user1]:221]
[2026-08-05 19:11:07] [W-1] 🔧 开始处理 [fork1] mozhimin1980/ACL4SSR
[2026-08-05 19:11:07] [W-1] ⏭️ [fork1] 仓库 https://github.com/mozhimin1980/ACL4SSR 12729h 未更新，跳过解析（无需追踪）
[2026-08-05 19:11:07] [W-6] ✅ 完成 [fork1] davidlauhn/ACL4SSRcm | 提取 0 | 新增 0 | 耗时 0s | 配额 4347/4800 11:11UTC | 主队列 46/200 发现队列 439/20000 [[fork1]:218 [user1]:221]
[2026-08-05 19:11:07] [W-6] 🔧 开始处理 [fork1] christofferchen/ACL4SSR
[2026-08-05 19:11:07] [W-6] ⏭️ [fork1] 仓库 https://github.com/christofferchen/ACL4SSR 1062h 未更新，跳过解析（无需追踪）
[2026-08-05 19:11:07] [W-13] ✅ 完成 [fork1] jmmail/ACL4SSR_Fork | 提取 0 | 新增 0 | 耗时 0s | 配额 4347/4800 11:11UTC | 主队列 46/200 发现队列 438/20000 [[fork1]:217 [user1]:221]
[2026-08-05 19:11:07] [W-13] 🔧 开始处理 [fork1] bydeath/ACL4SSR
[2026-08-05 19:11:07] [W-13] ⏭️ [fork1] 仓库 https://github.com/bydeath/ACL4SSR 16594h 未更新，跳过解析（无需追踪）
[2026-08-05 19:11:07] [W-13] ✅ 完成 [fork1] bydeath/ACL4SSR | 提取 0 | 新增 0 | 耗时 0s | 配额 4347/4800 11:11UTC | 主队列 46/200 发现队列 437/20000 [[fork1]:216 [user1]:221]
[2026-08-05 19:11:07] [W-13] 🔧 开始处理 [fork1] shenyiyouge/ACL4SSR
[2026-08-05 19:11:07] [W-13] ⏭️ [fork1] 仓库 https://github.com/shenyiyouge/ACL4SSR 14094h 未更新，跳过解析（无需追踪）
[2026-08-05 19:11:07] [W-2] ✅ 完成 [fork1] pyh919597378/ACL4SSR | 提取 0 | 新增 0 | 耗时 0s | 配额 4347/4800 11:11UTC | 主队列 46/200 发现队列 436/20000 [[fork1]:215 [user1]:221]
[2026-08-05 19:11:07] [W-2] 🔧 开始处理 [fork1] xiaoqin24/ACL4SSR-Cmliu
[2026-08-05 19:11:07] [W-2] ⏭️ [fork1] 仓库 https://github.com/xiaoqin24/ACL4SSR-Cmliu 5638h 未更新，跳过解析（无需追踪）
[2026-08-05 19:11:07] [W-23] ✅ 完成 [fork1] ximalu/ACL4SSR | 提取 0 | 新增 0 | 耗时 0s | 配额 4347/4800 11:11UTC | 主队列 46/200 发现队列 435/20000 [[fork1]:214 [user1]:221]
[2026-08-05 19:11:07] [W-23] 🔧 开始处理 [fork1] netio896/ACL4SSR
[2026-08-05 19:11:07] [W-23] ⏭️ [fork1] 仓库 https://github.com/netio896/ACL4SSR 13593h 未更新，跳过解析（无需追踪）
[2026-08-05 19:11:07] [W-23] ✅ 完成 [fork1] netio896/ACL4SSR | 提取 0 | 新增 0 | 耗时 0s | 配额 4347/4800 11:11UTC | 主队列 46/200 发现队列 434/20000 [[fork1]:213 [user1]:221]
[2026-08-05 19:11:07] [W-23] 🔧 开始处理 [fork1] eightsheep67/ACL4SSR
[2026-08-05 19:11:07] [W-23] ⏭️ [fork1] 仓库 https://github.com/eightsheep67/ACL4SSR 3378h 未更新，跳过解析（无需追踪）
[2026-08-05 19:11:07] [W-19] ✅ 完成 [fork1] izysq/ACL4SSR | 提取 0 | 新增 0 | 耗时 0s | 配额 4347/4800 11:11UTC | 主队列 46/200 发现队列 433/20000 [[fork1]:212 [user1]:221]
[2026-08-05 19:11:07] [W-19] 🔧 开始处理 [fork1] hzy-dog/ACL4SSR
[2026-08-05 19:11:07] [W-19] ⏭️ [fork1] 仓库 https://github.com/hzy-dog/ACL4SSR 10233h 未更新，跳过解析（无需追踪）
[2026-08-05 19:11:07] [W-11] ✅ 完成 [fork1] kennyhn88/ACL4SSRnew | 提取 0 | 新增 0 | 耗时 0s | 配额 4347/4800 11:11UTC | 主队列 46/200 发现队列 432/20000 [[fork1]:211 [user1]:221]
[2026-08-05 19:11:07] [W-11] 🔧 开始处理 [fork1] chunx8011/ACL4SSR
[2026-08-05 19:11:07] [W-11] ⏭️ [fork1] 仓库 https://github.com/chunx8011/ACL4SSR 11287h 未更新，跳过解析（无需追踪）
[2026-08-05 19:11:07] [W-11] ✅ 完成 [fork1] chunx8011/ACL4SSR | 提取 0 | 新增 0 | 耗时 0s | 配额 4347/4800 11:11UTC | 主队列 46/200 发现队列 431/20000 [[fork1]:210 [user1]:221]
[2026-08-05 19:11:07] [W-11] 🔧 开始处理 [fork1] wehugu/ACL4SSR
[2026-08-05 19:11:07] [W-11] ⏭️ [fork1] 仓库 https://github.com/wehugu/ACL4SSR 305h 未更新，跳过解析（无需追踪）
[2026-08-05 19:11:07] [W-20] ✅ 完成 [fork1] bali121/ACL4SSR | 提取 0 | 新增 0 | 耗时 0s | 配额 4347/4800 11:11UTC | 主队列 46/200 发现队列 430/20000 [[fork1]:209 [user1]:221]
[2026-08-05 19:11:07] [W-20] 🔧 开始处理 [fork1] bilibili2077/ACL4SSR
[2026-08-05 19:11:07] [W-20] ⏭️ [fork1] 仓库 https://github.com/bilibili2077/ACL4SSR 697h 未更新，跳过解析（无需追踪）
[2026-08-05 19:11:07] [W-20] ✅ 完成 [fork1] bilibili2077/ACL4SSR | 提取 0 | 新增 0 | 耗时 0s | 配额 4347/4800 11:11UTC | 主队列 46/200 发现队列 429/20000 [[fork1]:208 [user1]:221]
[2026-08-05 19:11:07] [W-20] 🔧 开始处理 [fork1] SHctt/ACL4SSR
[2026-08-05 19:11:07] [W-20] ⏭️ [fork1] 仓库 https://github.com/SHctt/ACL4SSR 14554h 未更新，跳过解析（无需追踪）
[2026-08-05 19:11:07] [W-18] ✅ 完成 [fork1] itJiuMi/ACL4SSR | 提取 0 | 新增 0 | 耗时 0s | 配额 4347/4800 11:11UTC | 主队列 46/200 发现队列 428/20000 [[fork1]:207 [user1]:221]
[2026-08-05 19:11:07] [W-18] 🔧 开始处理 [fork1] slc1982/cm-ACL4SSR
[2026-08-05 19:11:07] [W-18] ⏭️ [fork1] 仓库 https://github.com/slc1982/cm-ACL4SSR 16704h 未更新，跳过解析（无需追踪）
[2026-08-05 19:11:07] [W-4] ✅ 完成 [fork1] fxpass/ACL4SSR | 提取 0 | 新增 0 | 耗时 0s | 配额 4347/4800 11:11UTC | 主队列 46/200 发现队列 427/20000 [[fork1]:206 [user1]:221]
[2026-08-05 19:11:07] [W-4] 🔧 开始处理 [fork1] dhlyzy/ACL4SSR
[2026-08-05 19:11:07] [W-4] ⏭️ [fork1] 仓库 https://github.com/dhlyzy/ACL4SSR 6295h 未更新，跳过解析（无需追踪）
[2026-08-05 19:11:07] [W-10] ✅ 完成 [fork1] zhujingan123/ACL4SSR | 提取 0 | 新增 0 | 耗时 0s | 配额 4347/4800 11:11UTC | 主队列 46/200 发现队列 426/20000 [[fork1]:205 [user1]:221]
[2026-08-05 19:11:07] [W-10] 🔧 开始处理 [fork1] 2011russell/ACL4SSR
[2026-08-05 19:11:07] [W-10] ⏭️ [fork1] 仓库 https://github.com/2011russell/ACL4SSR 14914h 未更新，跳过解析（无需追踪）
[2026-08-05 19:11:07] [W-5] ✅ 完成 [fork1] AKG-008/ACL4SSR | 提取 0 | 新增 0 | 耗时 0s | 配额 4347/4800 11:11UTC | 主队列 46/200 发现队列 425/20000 [[fork1]:204 [user1]:221]
[2026-08-05 19:11:07] [W-5] 🔧 开始处理 [fork1] Dragonkiller1981/ACL4SSR
[2026-08-05 19:11:07] [W-5] 📝 已处理缓存: Dragonkiller1981/ACL4SSR
[2026-08-05 19:11:07] [W-5] ⏭️ [fork1] 仓库 https://github.com/Dragonkiller1981/ACL4SSR 10660h 未更新，跳过解析（无需追踪）
[2026-08-05 19:11:07] [W-0] ✅ 完成 [fork1] zczy-k/ACL4SSR | 提取 0 | 新增 0 | 耗时 0s | 配额 4347/4800 11:11UTC | 主队列 46/200 发现队列 424/20000 [[fork1]:203 [user1]:221]
[2026-08-05 19:11:07] [W-0] 🔧 开始处理 [fork1] wuhaowsky/ACL4SSR
[2026-08-05 19:11:07] [W-0] ⏭️ [fork1] 仓库 https://github.com/wuhaowsky/ACL4SSR 2405h 未更新，跳过解析（无需追踪）
[2026-08-05 19:11:07] [W-1] ✅ 完成 [fork1] mozhimin1980/ACL4SSR | 提取 0 | 新增 0 | 耗时 0s | 配额 4347/4800 11:11UTC | 主队列 46/200 发现队列 423/20000 [[fork1]:202 [user1]:221]
[2026-08-05 19:11:07] [W-1] 🔧 开始处理 [fork1] chengithubcangku/ACL4SSR
[2026-08-05 19:11:07] [W-1] ⏭️ [fork1] 仓库 https://github.com/chengithubcangku/ACL4SSR 3149h 未更新，跳过解析（无需追踪）
[2026-08-05 19:11:07] [W-1] ✅ 完成 [fork1] chengithubcangku/ACL4SSR | 提取 0 | 新增 0 | 耗时 0s | 配额 4347/4800 11:11UTC | 主队列 46/200 发现队列 422/20000 [[fork1]:201 [user1]:221]
[2026-08-05 19:11:07] [W-1] 🔧 开始处理 [fork1] wuxianin/ACL4SSR
[2026-08-05 19:11:07] [W-1] ⏭️ [fork1] 仓库 https://github.com/wuxianin/ACL4SSR 18658h 未更新，跳过解析（无需追踪）
[2026-08-05 19:11:07] [W-1] ✅ 完成 [fork1] wuxianin/ACL4SSR | 提取 0 | 新增 0 | 耗时 0s | 配额 4347/4800 11:11UTC | 主队列 46/200 发现队列 421/20000 [[fork1]:200 [user1]:221]
[2026-08-05 19:11:07] [W-1] 🔧 开始处理 [fork1] gghello123/ACL4SSR
[2026-08-05 19:11:07] [W-1] 📝 已处理缓存: gghello123/ACL4SSR
[2026-08-05 19:11:07] [W-1] ⏭️ [fork1] 仓库 https://github.com/gghello123/ACL4SSR 33h 未更新，跳过解析（无需追踪）
[2026-08-05 19:11:07] [W-1] ✅ 完成 [fork1] gghello123/ACL4SSR | 提取 0 | 新增 0 | 耗时 0s | 配额 4347/4800 11:11UTC | 主队列 46/200 发现队列 420/20000 [[fork1]:199 [user1]:221]
[2026-08-05 19:11:07] [W-1] 🔧 开始处理 [fork1] battlewolf9527/ACL4SSR
[2026-08-05 19:11:07] [W-1] ⏭️ [fork1] 仓库 https://github.com/battlewolf9527/ACL4SSR 12523h 未更新，跳过解析（无需追踪）
[2026-08-05 19:11:07] [W-1] ✅ 完成 [fork1] battlewolf9527/ACL4SSR | 提取 0 | 新增 0 | 耗时 0s | 配额 4347/4800 11:11UTC | 主队列 46/200 发现队列 419/20000 [[fork1]:198 [user1]:221]
[2026-08-05 19:11:07] [W-1] 🔧 开始处理 [fork1] OoGod/ACL4SSR
[2026-08-05 19:11:07] [W-1] ⏭️ [fork1] 仓库 https://github.com/OoGod/ACL4SSR 15346h 未更新，跳过解析（无需追踪）
[2026-08-05 19:11:07] [W-23] ✅ 完成 [fork1] eightsheep67/ACL4SSR | 提取 0 | 新增 0 | 耗时 0s | 配额 4347/4800 11:11UTC | 主队列 46/200 发现队列 418/20000 [[fork1]:197 [user1]:221]
[2026-08-05 19:11:07] [W-23] 🔧 开始处理 [fork1] oenshowrun/ACL4SSR
[2026-08-05 19:11:07] [W-23] ⏭️ [fork1] 仓库 https://github.com/oenshowrun/ACL4SSR 18442h 未更新，跳过解析（无需追踪）
[2026-08-05 19:11:07] [W-15] ✅ 完成 [fork1] yilongym/ACL4SSR | 提取 0 | 新增 0 | 耗时 0s | 配额 4347/4800 11:11UTC | 主队列 46/200 发现队列 417/20000 [[fork1]:196 [user1]:221]
[2026-08-05 19:11:07] [W-15] 🔧 开始处理 [fork1] YoungYuan1971/ACL4SSR
[2026-08-05 19:11:07] [W-15] ⏭️ [fork1] 仓库 https://github.com/YoungYuan1971/ACL4SSR 1878h 未更新，跳过解析（无需追踪）
[2026-08-05 19:11:07] [W-15] ✅ 完成 [fork1] YoungYuan1971/ACL4SSR | 提取 0 | 新增 0 | 耗时 0s | 配额 4347/4800 11:11UTC | 主队列 46/200 发现队列 416/20000 [[fork1]:195 [user1]:221]
[2026-08-05 19:11:07] [W-15] 🔧 开始处理 [fork1] heewoong-kim/ACL4SSR
[2026-08-05 19:11:07] [W-15] ⏭️ [fork1] 仓库 https://github.com/heewoong-kim/ACL4SSR 4269h 未更新，跳过解析（无需追踪）
[2026-08-05 19:11:07] [W-15] ✅ 完成 [fork1] heewoong-kim/ACL4SSR | 提取 0 | 新增 0 | 耗时 0s | 配额 4347/4800 11:11UTC | 主队列 46/200 发现队列 415/20000 [[fork1]:194 [user1]:221]
[2026-08-05 19:11:07] [W-15] 🔧 开始处理 [fork1] beihehele/ACL4SSR
[2026-08-05 19:11:07] [W-15] ⏭️ [fork1] 仓库 https://github.com/beihehele/ACL4SSR 1280h 未更新，跳过解析（无需追踪）
[2026-08-05 19:11:07] [W-14] ✅ 完成 [fork1] yoxizy/ACL4SSR | 提取 0 | 新增 0 | 耗时 0s | 配额 4347/4800 11:11UTC | 主队列 46/200 发现队列 414/20000 [[fork1]:193 [user1]:221]
[2026-08-05 19:11:07] [W-14] 🔧 开始处理 [fork1] RYANTANGCN/ACL4SSR
[2026-08-05 19:11:07] [W-14] 📝 已处理缓存: RYANTANGCN/ACL4SSR
[2026-08-05 19:11:07] [W-14] ⏭️ [fork1] 仓库 https://github.com/RYANTANGCN/ACL4SSR 12990h 未更新，跳过解析（无需追踪）
[2026-08-05 19:11:07] [W-15] ✅ 完成 [fork1] beihehele/ACL4SSR | 提取 0 | 新增 0 | 耗时 0s | 配额 4347/4800 11:11UTC | 主队列 46/200 发现队列 413/20000 [[fork1]:192 [user1]:221]
[2026-08-05 19:11:07] [W-15] 🔧 开始处理 [fork1] gentooarch/ACL4SSR
[2026-08-05 19:11:07] [W-15] 📝 已处理缓存: gentooarch/ACL4SSR
[2026-08-05 19:11:07] [W-15] ⏭️ [fork1] 仓库 https://github.com/gentooarch/ACL4SSR 16499h 未更新，跳过解析（无需追踪）
[2026-08-05 19:11:07] [W-15] ✅ 完成 [fork1] gentooarch/ACL4SSR | 提取 0 | 新增 0 | 耗时 0s | 配额 4347/4800 11:11UTC | 主队列 46/200 发现队列 412/20000 [[fork1]:191 [user1]:221]
[2026-08-05 19:11:07] [W-15] 🔧 开始处理 [fork1] Jovanykoch/ACL4SSR
[2026-08-05 19:11:07] [W-15] 📝 已处理缓存: Jovanykoch/ACL4SSR
[2026-08-05 19:11:07] [W-15] ⏭️ [fork1] 仓库 https://github.com/Jovanykoch/ACL4SSR 57h 未更新，跳过解析（无需追踪）
[2026-08-05 19:11:07] [W-15] ✅ 完成 [fork1] Jovanykoch/ACL4SSR | 提取 0 | 新增 0 | 耗时 0s | 配额 4347/4800 11:11UTC | 主队列 46/200 发现队列 411/20000 [[fork1]:190 [user1]:221]
[2026-08-05 19:11:07] [W-15] 🔧 开始处理 [fork1] 3130585774/ACL4SSR
[2026-08-05 19:11:07] [W-15] 📝 已处理缓存: 3130585774/ACL4SSR
[2026-08-05 19:11:07] [W-15] ⏭️ [fork1] 仓库 https://github.com/3130585774/ACL4SSR 10738h 未更新，跳过解析（无需追踪）
[2026-08-05 19:11:07] [W-4] ✅ 完成 [fork1] dhlyzy/ACL4SSR | 提取 0 | 新增 0 | 耗时 0s | 配额 4347/4800 11:11UTC | 主队列 46/200 发现队列 410/20000 [[fork1]:189 [user1]:221]
[2026-08-05 19:11:07] [W-4] 🔧 开始处理 [fork1] vibbow/ACL4SSR
[2026-08-05 19:11:07] [W-4] 📝 已处理缓存: vibbow/ACL4SSR
[2026-08-05 19:11:07] [W-4] ⏭️ [fork1] 仓库 https://github.com/vibbow/ACL4SSR 5315h 未更新，跳过解析（无需追踪）
[2026-08-05 19:11:07] [W-16] ✅ 完成 [fork1] imzyb/ACL4SSR | 提取 0 | 新增 0 | 耗时 0s | 配额 4347/4800 11:11UTC | 主队列 46/200 发现队列 409/20000 [[fork1]:188 [user1]:221]
[2026-08-05 19:11:07] [W-16] 🔧 开始处理 [fork1] Nattsu39/ACL4SSR
[2026-08-05 19:11:07] [W-16] 📝 已处理缓存: Nattsu39/ACL4SSR
[2026-08-05 19:11:07] [W-16] ⏭️ [fork1] 仓库 https://github.com/Nattsu39/ACL4SSR 23641h 未更新，跳过解析（无需追踪）
[2026-08-05 19:11:07] [W-5] ✅ 完成 [fork1] Dragonkiller1981/ACL4SSR | 提取 0 | 新增 0 | 耗时 0s | 配额 4347/4800 11:11UTC | 主队列 46/200 发现队列 408/20000 [[fork1]:187 [user1]:221]
[2026-08-05 19:11:07] [W-5] 🔧 开始处理 [fork1] crossflare/ACL4SSR
[2026-08-05 19:11:07] [W-5] 📝 已处理缓存: crossflare/ACL4SSR
[2026-08-05 19:11:07] [W-5] ⏭️ [fork1] 仓库 https://github.com/crossflare/ACL4SSR 4393h 未更新，跳过解析（无需追踪）
[2026-08-05 19:11:07] [W-5] ✅ 完成 [fork1] crossflare/ACL4SSR | 提取 0 | 新增 0 | 耗时 0s | 配额 4347/4800 11:11UTC | 主队列 46/200 发现队列 407/20000 [[fork1]:186 [user1]:221]
[2026-08-05 19:11:07] [W-5] 🔧 开始处理 [fork1] hplnhm/ACL4SSR
[2026-08-05 19:11:07] [W-5] 📝 已处理缓存: hplnhm/ACL4SSR
[2026-08-05 19:11:07] [W-5] ⏭️ [fork1] 仓库 https://github.com/hplnhm/ACL4SSR 21617h 未更新，跳过解析（无需追踪）
[2026-08-05 19:11:07] [W-1] ✅ 完成 [fork1] OoGod/ACL4SSR | 提取 0 | 新增 0 | 耗时 0s | 配额 4347/4800 11:11UTC | 主队列 46/200 发现队列 406/20000 [[fork1]:185 [user1]:221]
[2026-08-05 19:11:07] [W-1] 🔧 开始处理 [fork1] HaroldZhang93/ACL4SSR
[2026-08-05 19:11:07] [W-1] 📝 已处理缓存: HaroldZhang93/ACL4SSR
[2026-08-05 19:11:07] [W-1] ⏭️ [fork1] 仓库 https://github.com/HaroldZhang93/ACL4SSR 8603h 未更新，跳过解析（无需追踪）
[2026-08-05 19:11:07] [W-2] ✅ 完成 [fork1] xiaoqin24/ACL4SSR-Cmliu | 提取 0 | 新增 0 | 耗时 0s | 配额 4347/4800 11:11UTC | 主队列 46/200 发现队列 405/20000 [[fork1]:184 [user1]:221]
[2026-08-05 19:11:07] [W-2] 🔧 开始处理 [fork1] qiz-0/ACL4SSR
[2026-08-05 19:11:07] [W-2] 📝 已处理缓存: qiz-0/ACL4SSR
[2026-08-05 19:11:07] [W-2] ⏭️ [fork1] 仓库 https://github.com/qiz-0/ACL4SSR 10738h 未更新，跳过解析（无需追踪）
[2026-08-05 19:11:07] [W-0] ✅ 完成 [fork1] wuhaowsky/ACL4SSR | 提取 0 | 新增 0 | 耗时 0s | 配额 4347/4800 11:11UTC | 主队列 46/200 发现队列 404/20000 [[fork1]:183 [user1]:221]
[2026-08-05 19:11:07] [W-0] 🔧 开始处理 [fork1] cnchaoge/ACL4SSR
[2026-08-05 19:11:07] [W-0] 📝 已处理缓存: cnchaoge/ACL4SSR
[2026-08-05 19:11:07] [W-0] ⏭️ [fork1] 仓库 https://github.com/cnchaoge/ACL4SSR 8603h 未更新，跳过解析（无需追踪）
[2026-08-05 19:11:07] [W-8] ✅ 完成 [fork1] zaofu88/ACL4SSR | 提取 0 | 新增 0 | 耗时 0s | 配额 4347/4800 11:11UTC | 主队列 46/200 发现队列 403/20000 [[fork1]:182 [user1]:221]
[2026-08-05 19:11:07] [W-8] 🔧 开始处理 [fork1] limda007/ACL4SSR
[2026-08-05 19:11:07] [W-8] 📝 已处理缓存: limda007/ACL4SSR
[2026-08-05 19:11:07] [W-8] ⏭️ [fork1] 仓库 https://github.com/limda007/ACL4SSR 19506h 未更新，跳过解析（无需追踪）
[2026-08-05 19:11:07] [W-8] ✅ 完成 [fork1] limda007/ACL4SSR | 提取 0 | 新增 0 | 耗时 0s | 配额 4347/4800 11:11UTC | 主队列 46/200 发现队列 402/20000 [[fork1]:181 [user1]:221]
[2026-08-05 19:11:07] [W-8] 🔧 开始处理 [fork1] chuzhuo/ACL4SSR
[2026-08-05 19:11:07] [W-8] 📝 已处理缓存: chuzhuo/ACL4SSR
[2026-08-05 19:11:07] [W-8] ⏭️ [fork1] 仓库 https://github.com/chuzhuo/ACL4SSR 24649h 未更新，跳过解析（无需追踪）
[2026-08-05 19:11:07] [W-23] ✅ 完成 [fork1] oenshowrun/ACL4SSR | 提取 0 | 新增 0 | 耗时 0s | 配额 4347/4800 11:11UTC | 主队列 46/200 发现队列 401/20000 [[fork1]:180 [user1]:221]
[2026-08-05 19:11:07] [W-23] 🔧 开始处理 [fork1] kaeltheron/ACL4SSR
[2026-08-05 19:11:07] [W-23] 📝 已处理缓存: kaeltheron/ACL4SSR
[2026-08-05 19:11:07] [W-23] ⏭️ [fork1] 仓库 https://github.com/kaeltheron/ACL4SSR 17618h 未更新，跳过解析（无需追踪）
[2026-08-05 19:11:07] [W-23] ✅ 完成 [fork1] kaeltheron/ACL4SSR | 提取 0 | 新增 0 | 耗时 0s | 配额 4347/4800 11:11UTC | 主队列 46/200 发现队列 400/20000 [[fork1]:179 [user1]:221]
[2026-08-05 19:11:07] [W-23] 🔧 开始处理 [fork1] smt2610/ACL4SSR
[2026-08-05 19:11:07] [W-23] 📝 已处理缓存: smt2610/ACL4SSR
[2026-08-05 19:11:07] [W-23] ⏭️ [fork1] 仓库 https://github.com/smt2610/ACL4SSR 3424h 未更新，跳过解析（无需追踪）
[2026-08-05 19:11:07] [W-23] ✅ 完成 [fork1] smt2610/ACL4SSR | 提取 0 | 新增 0 | 耗时 0s | 配额 4347/4800 11:11UTC | 主队列 46/200 发现队列 399/20000 [[fork1]:178 [user1]:221]
[2026-08-05 19:11:07] [W-23] 🔧 开始处理 [fork1] TTanJian/ACL4SSR
[2026-08-05 19:11:07] [W-23] 📝 已处理缓存: TTanJian/ACL4SSR
[2026-08-05 19:11:07] [W-23] ⏭️ [fork1] 仓库 https://github.com/TTanJian/ACL4SSR 29189h 未更新，跳过解析（无需追踪）
[2026-08-05 19:11:07] [W-14] ✅ 完成 [fork1] RYANTANGCN/ACL4SSR | 提取 0 | 新增 0 | 耗时 0s | 配额 4347/4800 11:11UTC | 主队列 46/200 发现队列 398/20000 [[fork1]:177 [user1]:221]
[2026-08-05 19:11:07] [W-14] 🔧 开始处理 [fork1] wubaiqing/ACL4SSR
[2026-08-05 19:11:07] [W-14] 📝 已处理缓存: wubaiqing/ACL4SSR
[2026-08-05 19:11:07] [W-14] ⏭️ [fork1] 仓库 https://github.com/wubaiqing/ACL4SSR 24093h 未更新，跳过解析（无需追踪）
[2026-08-05 19:11:07] [W-11] ✅ 完成 [fork1] wehugu/ACL4SSR | 提取 0 | 新增 0 | 耗时 0s | 配额 4347/4800 11:11UTC | 主队列 46/200 发现队列 397/20000 [[fork1]:176 [user1]:221]
[2026-08-05 19:11:07] [W-11] 🔧 开始处理 [fork1] Minearm-RPM/ACL4SSR
[2026-08-05 19:11:07] [W-11] 📝 已处理缓存: Minearm-RPM/ACL4SSR
[2026-08-05 19:11:07] [W-11] ⏭️ [fork1] 仓库 https://github.com/Minearm-RPM/ACL4SSR 8876h 未更新，跳过解析（无需追踪）
[2026-08-05 19:11:07] [W-11] ✅ 完成 [fork1] Minearm-RPM/ACL4SSR | 提取 0 | 新增 0 | 耗时 0s | 配额 4347/4800 11:11UTC | 主队列 46/200 发现队列 396/20000 [[fork1]:175 [user1]:221]
[2026-08-05 19:11:07] [W-11] 🔧 开始处理 [fork1] AugustusZh/ACL4SSR
[2026-08-05 19:11:07] [W-11] ⏭️ [fork1] 仓库 https://github.com/AugustusZh/ACL4SSR 2194h 未更新，跳过解析（无需追踪）
[2026-08-05 19:11:07] [W-11] ✅ 完成 [fork1] AugustusZh/ACL4SSR | 提取 0 | 新增 0 | 耗时 0s | 配额 4347/4800 11:11UTC | 主队列 46/200 发现队列 395/20000 [[fork1]:174 [user1]:221]
[2026-08-05 19:11:07] [W-11] 🔧 开始处理 [fork1] zihuang450/ACL4SSR
[2026-08-05 19:11:07] [W-11] ⏭️ [fork1] 仓库 https://github.com/zihuang450/ACL4SSR 11937h 未更新，跳过解析（无需追踪）
[2026-08-05 19:11:07] [W-10] ✅ 完成 [fork1] 2011russell/ACL4SSR | 提取 0 | 新增 0 | 耗时 0s | 配额 4347/4800 11:11UTC | 主队列 46/200 发现队列 394/20000 [[fork1]:173 [user1]:221]
[2026-08-05 19:11:07] [W-10] 🔧 开始处理 [fork1] jt4fun/selfuserulesets
[2026-08-05 19:11:07] [W-10] ⏭️ [fork1] 仓库 https://github.com/jt4fun/selfuserulesets 4145h 未更新，跳过解析（无需追踪）
[2026-08-05 19:11:07] [W-16] ✅ 完成 [fork1] Nattsu39/ACL4SSR | 提取 0 | 新增 0 | 耗时 0s | 配额 4347/4800 11:11UTC | 主队列 46/200 发现队列 393/20000 [[fork1]:172 [user1]:221]
[2026-08-05 19:11:07] [W-16] 🔧 开始处理 [fork1] kanzb/ACL4SSR
[2026-08-05 19:11:07] [W-16] ⏭️ [fork1] 仓库 https://github.com/kanzb/ACL4SSR 18298h 未更新，跳过解析（无需追踪）
[2026-08-05 19:11:07] [W-16] ✅ 完成 [fork1] kanzb/ACL4SSR | 提取 0 | 新增 0 | 耗时 0s | 配额 4347/4800 11:11UTC | 主队列 46/200 发现队列 392/20000 [[fork1]:171 [user1]:221]
[2026-08-05 19:11:07] [W-16] 🔧 开始处理 [fork1] mrtulun/ACL4SSR
[2026-08-05 19:11:07] [W-16] ⏭️ [fork1] 仓库 https://github.com/mrtulun/ACL4SSR 9611h 未更新，跳过解析（无需追踪）
[2026-08-05 19:11:07] [W-5] ✅ 完成 [fork1] hplnhm/ACL4SSR | 提取 0 | 新增 0 | 耗时 0s | 配额 4347/4800 11:11UTC | 主队列 46/200 发现队列 391/20000 [[fork1]:170 [user1]:221]
[2026-08-05 19:11:07] [W-5] 🔧 开始处理 [fork1] ggzhzc/ACL4SSR
[2026-08-05 19:11:07] [W-5] ⏭️ [fork1] 仓库 https://github.com/ggzhzc/ACL4SSR 18226h 未更新，跳过解析（无需追踪）
[2026-08-05 19:11:07] [W-1] ✅ 完成 [fork1] HaroldZhang93/ACL4SSR | 提取 0 | 新增 0 | 耗时 0s | 配额 4347/4800 11:11UTC | 主队列 46/200 发现队列 390/20000 [[fork1]:169 [user1]:221]
[2026-08-05 19:11:07] [W-1] 🔧 开始处理 [fork1] kpsmail/ACL4SSR
[2026-08-05 19:11:07] [W-1] ⏭️ [fork1] 仓库 https://github.com/kpsmail/ACL4SSR 4258h 未更新，跳过解析（无需追踪）
[2026-08-05 19:11:07] [W-2] ✅ 完成 [fork1] qiz-0/ACL4SSR | 提取 0 | 新增 0 | 耗时 0s | 配额 4347/4800 11:11UTC | 主队列 46/200 发现队列 389/20000 [[fork1]:168 [user1]:221]
[2026-08-05 19:11:07] [W-2] 🔧 开始处理 [fork1] team-orangeBlue/ACL4SSR
[2026-08-05 19:11:07] [W-2] ⏭️ [fork1] 仓库 https://github.com/team-orangeBlue/ACL4SSR 2008h 未更新，跳过解析（无需追踪）
[2026-08-05 19:11:07] [W-2] ✅ 完成 [fork1] team-orangeBlue/ACL4SSR | 提取 0 | 新增 0 | 耗时 0s | 配额 4347/4800 11:11UTC | 主队列 46/200 发现队列 388/20000 [[fork1]:167 [user1]:221]
[2026-08-05 19:11:07] [W-2] 🔧 开始处理 [fork1] CJHCSM/ACL4SSR
[2026-08-05 19:11:07] [W-2] ⏭️ [fork1] 仓库 https://github.com/CJHCSM/ACL4SSR 17938h 未更新，跳过解析（无需追踪）
[2026-08-05 19:11:07] [W-0] ✅ 完成 [fork1] cnchaoge/ACL4SSR | 提取 0 | 新增 0 | 耗时 0s | 配额 4347/4800 11:11UTC | 主队列 46/200 发现队列 387/20000 [[fork1]:166 [user1]:221]
[2026-08-05 19:11:07] [W-0] 🔧 开始处理 [fork1] hAdnG/ACL4SSR
[2026-08-05 19:11:07] [W-0] ⏭️ [fork1] 仓库 https://github.com/hAdnG/ACL4SSR 16520h 未更新，跳过解析（无需追踪）
[2026-08-05 19:11:07] [W-0] ✅ 完成 [fork1] hAdnG/ACL4SSR | 提取 0 | 新增 0 | 耗时 0s | 配额 4347/4800 11:11UTC | 主队列 46/200 发现队列 386/20000 [[fork1]:165 [user1]:221]
[2026-08-05 19:11:07] [W-0] 🔧 开始处理 [fork1] Aballoffox/ACL4SSR
[2026-08-05 19:11:07] [W-0] 📝 已处理缓存: Aballoffox/ACL4SSR
[2026-08-05 19:11:07] [W-0] ⏭️ [fork1] 仓库 https://github.com/Aballoffox/ACL4SSR 57h 未更新，跳过解析（无需追踪）
[2026-08-05 19:11:07] [W-13] ✅ 完成 [fork1] shenyiyouge/ACL4SSR | 提取 0 | 新增 0 | 耗时 0s | 配额 4347/4800 11:11UTC | 主队列 46/200 发现队列 385/20000 [[fork1]:164 [user1]:221]
[2026-08-05 19:11:07] [W-13] 🔧 开始处理 [fork1] youqishi1/ACL4SSR
[2026-08-05 19:11:07] [W-13] ⏭️ [fork1] 仓库 https://github.com/youqishi1/ACL4SSR 1882h 未更新，跳过解析（无需追踪）
[2026-08-05 19:11:07] [W-23] ✅ 完成 [fork1] TTanJian/ACL4SSR | 提取 0 | 新增 0 | 耗时 0s | 配额 4347/4800 11:11UTC | 主队列 46/200 发现队列 384/20000 [[fork1]:163 [user1]:221]
[2026-08-05 19:11:07] [W-23] 🔧 开始处理 [fork1] qweraj/ACL4SSR
[2026-08-05 19:11:07] [W-23] 📝 已处理缓存: qweraj/ACL4SSR
[2026-08-05 19:11:07] [W-23] ⏭️ [fork1] 仓库 https://github.com/qweraj/ACL4SSR 10858h 未更新，跳过解析（无需追踪）
[2026-08-05 19:11:07] [W-19] ✅ 完成 [fork1] hzy-dog/ACL4SSR | 提取 0 | 新增 0 | 耗时 0s | 配额 4347/4800 11:11UTC | 主队列 46/200 发现队列 383/20000 [[fork1]:162 [user1]:221]
[2026-08-05 19:11:07] [W-19] 🔧 开始处理 [fork1] changsongyang/ACL4SSR
[2026-08-05 19:11:07] [W-19] ⏭️ [fork1] 仓库 https://github.com/changsongyang/ACL4SSR 11178h 未更新，跳过解析（无需追踪）
[2026-08-05 19:11:07] [W-20] ✅ 完成 [fork1] SHctt/ACL4SSR | 提取 0 | 新增 0 | 耗时 0s | 配额 4347/4800 11:11UTC | 主队列 46/200 发现队列 382/20000 [[fork1]:161 [user1]:221]
[2026-08-05 19:11:07] [W-20] 🔧 开始处理 [fork1] gbsadmin/ACL4SSR
[2026-08-05 19:11:07] [W-20] ⏭️ [fork1] 仓库 https://github.com/gbsadmin/ACL4SSR 1389h 未更新，跳过解析（无需追踪）
[2026-08-05 19:11:07] [W-20] ✅ 完成 [fork1] gbsadmin/ACL4SSR | 提取 0 | 新增 0 | 耗时 0s | 配额 4347/4800 11:11UTC | 主队列 46/200 发现队列 381/20000 [[fork1]:160 [user1]:221]
[2026-08-05 19:11:07] [W-20] 🔧 开始处理 [fork1] VPN-V2Ray/awesome-vpn
[2026-08-05 19:11:07] [W-20] ⏭️ [fork1] 仓库 https://github.com/VPN-V2Ray/awesome-vpn 9197h 未更新，跳过解析（无需追踪）
[2026-08-05 19:11:07] [W-20] ✅ 完成 [fork1] VPN-V2Ray/awesome-vpn | 提取 0 | 新增 0 | 耗时 0s | 配额 4347/4800 11:11UTC | 主队列 46/200 发现队列 380/20000 [[fork1]:159 [user1]:221]
[2026-08-05 19:11:07] [W-20] 🔧 开始处理 [fork1] tuxsiuh/Awesome-vpn
[2026-08-05 19:11:07] [W-20] ⏭️ [fork1] 仓库 https://github.com/tuxsiuh/Awesome-vpn 50681h 未更新，跳过解析（无需追踪）
[2026-08-05 19:11:07] [W-4] ✅ 完成 [fork1] vibbow/ACL4SSR | 提取 0 | 新增 0 | 耗时 0s | 配额 4347/4800 11:11UTC | 主队列 46/200 发现队列 379/20000 [[fork1]:158 [user1]:221]
[2026-08-05 19:11:07] [W-4] 🔧 开始处理 [fork1] liu666666666/awesome-vpn
[2026-08-05 19:11:07] [W-4] ⏭️ [fork1] 仓库 https://github.com/liu666666666/awesome-vpn 54516h 未更新，跳过解析（无需追踪）
[2026-08-05 19:11:07] [W-15] ✅ 完成 [fork1] 3130585774/ACL4SSR | 提取 0 | 新增 0 | 耗时 0s | 配额 4347/4800 11:11UTC | 主队列 46/200 发现队列 378/20000 [[fork1]:157 [user1]:221]
[2026-08-05 19:11:07] [W-15] 🔧 开始处理 [fork1] zsbyg-code/awesome-vpn
[2026-08-05 19:11:07] [W-15] ⏭️ [fork1] 仓库 https://github.com/zsbyg-code/awesome-vpn 51916h 未更新，跳过解析（无需追踪）
[2026-08-05 19:11:07] [W-10] ✅ 完成 [fork1] jt4fun/selfuserulesets | 提取 0 | 新增 0 | 耗时 0s | 配额 4347/4800 11:11UTC | 主队列 46/200 发现队列 377/20000 [[fork1]:156 [user1]:221]
[2026-08-05 19:11:07] [W-10] 🔧 开始处理 [fork1] Microstrong0305/awesome-vpn
[2026-08-05 19:11:07] [W-10] ⏭️ [fork1] 仓库 https://github.com/Microstrong0305/awesome-vpn 55652h 未更新，跳过解析（无需追踪）
[2026-08-05 19:11:07] [W-10] ✅ 完成 [fork1] Microstrong0305/awesome-vpn | 提取 0 | 新增 0 | 耗时 0s | 配额 4347/4800 11:11UTC | 主队列 46/200 发现队列 376/20000 [[fork1]:155 [user1]:221]
[2026-08-05 19:11:07] [W-10] 🔧 开始处理 [fork1] Brucepk/awesome-vpn
[2026-08-05 19:11:07] [W-10] ⏭️ [fork1] 仓库 https://github.com/Brucepk/awesome-vpn 63866h 未更新，跳过解析（无需追踪）
[2026-08-05 19:11:07] [W-18] ✅ 完成 [fork1] slc1982/cm-ACL4SSR | 提取 0 | 新增 0 | 耗时 0s | 配额 4347/4800 11:11UTC | 主队列 46/200 发现队列 375/20000 [[fork1]:154 [user1]:221]
[2026-08-05 19:11:07] [W-18] 🔧 开始处理 [fork1] outlier009/awesome-vpn
[2026-08-05 19:11:07] [W-18] ⏭️ [fork1] 仓库 https://github.com/outlier009/awesome-vpn 65682h 未更新，跳过解析（无需追踪）
[2026-08-05 19:11:07] [W-5] ✅ 完成 [fork1] ggzhzc/ACL4SSR | 提取 0 | 新增 0 | 耗时 0s | 配额 4347/4800 11:11UTC | 主队列 46/200 发现队列 374/20000 [[fork1]:153 [user1]:221]
[2026-08-05 19:11:07] [W-5] 🔧 开始处理 [fork1] GeekChengZ/awesome-vpn
[2026-08-05 19:11:07] [W-5] ⏭️ [fork1] 仓库 https://github.com/GeekChengZ/awesome-vpn 55300h 未更新，跳过解析（无需追踪）
[2026-08-05 19:11:07] [W-1] ✅ 完成 [fork1] kpsmail/ACL4SSR | 提取 0 | 新增 0 | 耗时 0s | 配额 4347/4800 11:11UTC | 主队列 46/200 发现队列 373/20000 [[fork1]:152 [user1]:221]
[2026-08-05 19:11:07] [W-1] 🔧 开始处理 [fork1] laughterGod/awesome-vpn
[2026-08-05 19:11:07] [W-1] ⏭️ [fork1] 仓库 https://github.com/laughterGod/awesome-vpn 55147h 未更新，跳过解析（无需追踪）
[2026-08-05 19:11:07] [W-2] ✅ 完成 [fork1] CJHCSM/ACL4SSR | 提取 0 | 新增 0 | 耗时 0s | 配额 4347/4800 11:11UTC | 主队列 46/200 发现队列 372/20000 [[fork1]:151 [user1]:221]
[2026-08-05 19:11:07] [W-2] 🔧 开始处理 [fork1] WTIyangchen/awesome-vpn
[2026-08-05 19:11:07] [W-2] ⏭️ [fork1] 仓库 https://github.com/WTIyangchen/awesome-vpn 65479h 未更新，跳过解析（无需追踪）
[2026-08-05 19:11:07] [W-6] ✅ 完成 [fork1] christofferchen/ACL4SSR | 提取 0 | 新增 0 | 耗时 0s | 配额 4347/4800 11:11UTC | 主队列 46/200 发现队列 371/20000 [[fork1]:150 [user1]:221]
[2026-08-05 19:11:07] [W-6] 🔧 开始处理 [fork1] whmkli/awesome-vpn
[2026-08-05 19:11:07] [W-6] ⏭️ [fork1] 仓库 https://github.com/whmkli/awesome-vpn 51916h 未更新，跳过解析（无需追踪）
[2026-08-05 19:11:07] [W-8] ✅ 完成 [fork1] chuzhuo/ACL4SSR | 提取 0 | 新增 0 | 耗时 0s | 配额 4347/4800 11:11UTC | 主队列 46/200 发现队列 370/20000 [[fork1]:149 [user1]:221]
[2026-08-05 19:11:07] [W-8] 🔧 开始处理 [fork1] song343119682/awesome-vpn
[2026-08-05 19:11:07] [W-8] ⏭️ [fork1] 仓库 https://github.com/song343119682/awesome-vpn 55652h 未更新，跳过解析（无需追踪）
[2026-08-05 19:11:07] [W-0] ✅ 完成 [fork1] Aballoffox/ACL4SSR | 提取 0 | 新增 0 | 耗时 0s | 配额 4347/4800 11:11UTC | 主队列 46/200 发现队列 369/20000 [[fork1]:148 [user1]:221]
[2026-08-05 19:11:07] [W-0] 🔧 开始处理 [fork1] sidismid/securlyequalstrash
[2026-08-05 19:11:07] [W-0] ⏭️ [fork1] 仓库 https://github.com/sidismid/securlyequalstrash 30743h 未更新，跳过解析（无需追踪）
[2026-08-05 19:11:07] [W-13] ✅ 完成 [fork1] youqishi1/ACL4SSR | 提取 0 | 新增 0 | 耗时 0s | 配额 4347/4800 11:11UTC | 主队列 46/200 发现队列 368/20000 [[fork1]:147 [user1]:221]
[2026-08-05 19:11:07] [W-13] 🔧 开始处理 [fork1] ShaPoHun/awesome-vpn
[2026-08-05 19:11:07] [W-13] ⏭️ [fork1] 仓库 https://github.com/ShaPoHun/awesome-vpn 63866h 未更新，跳过解析（无需追踪）
[2026-08-05 19:11:07] [W-23] ✅ 完成 [fork1] qweraj/ACL4SSR | 提取 0 | 新增 0 | 耗时 0s | 配额 4347/4800 11:11UTC | 主队列 46/200 发现队列 367/20000 [[fork1]:146 [user1]:221]
[2026-08-05 19:11:07] [W-23] 🔧 开始处理 [fork1] cnkeys/awesome-vpn
[2026-08-05 19:11:07] [W-23] ⏭️ [fork1] 仓库 https://github.com/cnkeys/awesome-vpn 53802h 未更新，跳过解析（无需追踪）
[2026-08-05 19:11:07] [W-19] ✅ 完成 [fork1] changsongyang/ACL4SSR | 提取 0 | 新增 0 | 耗时 0s | 配额 4347/4800 11:11UTC | 主队列 46/200 发现队列 366/20000 [[fork1]:145 [user1]:221]
[2026-08-05 19:11:07] [W-19] 🔧 开始处理 [fork1] imfly/awesome-vpn
[2026-08-05 19:11:07] [W-19] ⏭️ [fork1] 仓库 https://github.com/imfly/awesome-vpn 53562h 未更新，跳过解析（无需追踪）
[2026-08-05 19:11:07] [W-11] ✅ 完成 [fork1] zihuang450/ACL4SSR | 提取 0 | 新增 0 | 耗时 0s | 配额 4347/4800 11:11UTC | 主队列 46/200 发现队列 365/20000 [[fork1]:144 [user1]:221]
[2026-08-05 19:11:07] [W-11] 🔧 开始处理 [fork1] DreamBattle/awesome-vpn
[2026-08-05 19:11:07] [W-11] ⏭️ [fork1] 仓库 https://github.com/DreamBattle/awesome-vpn 63738h 未更新，跳过解析（无需追踪）
[2026-08-05 19:11:07] [W-20] ✅ 完成 [fork1] tuxsiuh/Awesome-vpn | 提取 0 | 新增 0 | 耗时 0s | 配额 4347/4800 11:11UTC | 主队列 46/200 发现队列 364/20000 [[fork1]:143 [user1]:221]
[2026-08-05 19:11:07] [W-20] 🔧 开始处理 [fork1] XHegit/awesome-vpn
[2026-08-05 19:11:07] [W-20] ⏭️ [fork1] 仓库 https://github.com/XHegit/awesome-vpn 10594h 未更新，跳过解析（无需追踪）
[2026-08-05 19:11:07] [W-14] ✅ 完成 [fork1] wubaiqing/ACL4SSR | 提取 0 | 新增 0 | 耗时 0s | 配额 4347/4800 11:11UTC | 主队列 46/200 发现队列 363/20000 [[fork1]:142 [user1]:221]
[2026-08-05 19:11:07] [W-14] 🔧 开始处理 [fork1] jbandz2026/awesome-vpn
[2026-08-05 19:11:07] [W-14] ⏭️ [fork1] 仓库 https://github.com/jbandz2026/awesome-vpn 2448h 未更新，跳过解析（无需追踪）
[2026-08-05 19:11:07] [W-15] ✅ 完成 [fork1] zsbyg-code/awesome-vpn | 提取 0 | 新增 0 | 耗时 0s | 配额 4347/4800 11:11UTC | 主队列 46/200 发现队列 362/20000 [[fork1]:141 [user1]:221]
[2026-08-05 19:11:07] [W-15] 🔧 开始处理 [fork1] xvwh/awesome-vpn
[2026-08-05 19:11:07] [W-15] ⏭️ [fork1] 仓库 https://github.com/xvwh/awesome-vpn 53730h 未更新，跳过解析（无需追踪）
[2026-08-05 19:11:07] [W-15] ✅ 完成 [fork1] xvwh/awesome-vpn | 提取 0 | 新增 0 | 耗时 0s | 配额 4347/4800 11:11UTC | 主队列 46/200 发现队列 361/20000 [[fork1]:140 [user1]:221]
[2026-08-05 19:11:07] [W-15] 🔧 开始处理 [fork1] jma04420/awesome-vpn
[2026-08-05 19:11:07] [W-15] 📝 已处理缓存: jma04420/awesome-vpn
[2026-08-05 19:11:07] [W-15] ⏭️ [fork1] 仓库 https://github.com/jma04420/awesome-vpn 51916h 未更新，跳过解析（无需追踪）
[2026-08-05 19:11:07] [W-10] ✅ 完成 [fork1] Brucepk/awesome-vpn | 提取 0 | 新增 0 | 耗时 0s | 配额 4347/4800 11:11UTC | 主队列 46/200 发现队列 360/20000 [[fork1]:139 [user1]:221]
[2026-08-05 19:11:07] [W-10] 🔧 开始处理 [fork1] zx3224649/awesome-vpn
[2026-08-05 19:11:07] [W-10] 📝 已处理缓存: zx3224649/awesome-vpn
[2026-08-05 19:11:07] [W-10] ⏭️ [fork1] 仓库 https://github.com/zx3224649/awesome-vpn 3239h 未更新，跳过解析（无需追踪）
[2026-08-05 19:11:07] [W-10] ✅ 完成 [fork1] zx3224649/awesome-vpn | 提取 0 | 新增 0 | 耗时 0s | 配额 4347/4800 11:11UTC | 主队列 46/200 发现队列 359/20000 [[fork1]:138 [user1]:221]
[2026-08-05 19:11:07] [W-10] 🔧 开始处理 [fork1] trex-ling/awesome-vpn
[2026-08-05 19:11:07] [W-10] 📝 已处理缓存: trex-ling/awesome-vpn
[2026-08-05 19:11:07] [W-10] ⏭️ [fork1] 仓库 https://github.com/trex-ling/awesome-vpn 55353h 未更新，跳过解析（无需追踪）
[2026-08-05 19:11:07] [W-18] ✅ 完成 [fork1] outlier009/awesome-vpn | 提取 0 | 新增 0 | 耗时 0s | 配额 4347/4800 11:11UTC | 主队列 46/200 发现队列 358/20000 [[fork1]:137 [user1]:221]
[2026-08-05 19:11:07] [W-18] 🔧 开始处理 [fork1] snailComing/awesome-vpn
[2026-08-05 19:11:07] [W-18] 📝 已处理缓存: snailComing/awesome-vpn
[2026-08-05 19:11:07] [W-18] ⏭️ [fork1] 仓库 https://github.com/snailComing/awesome-vpn 34995h 未更新，跳过解析（无需追踪）
[2026-08-05 19:11:07] [W-5] ✅ 完成 [fork1] GeekChengZ/awesome-vpn | 提取 0 | 新增 0 | 耗时 0s | 配额 4347/4800 11:11UTC | 主队列 46/200 发现队列 357/20000 [[fork1]:136 [user1]:221]
[2026-08-05 19:11:07] [W-5] 🔧 开始处理 [fork1] SpinCheng/awesome-vpn
[2026-08-05 19:11:07] [W-5] 📝 已处理缓存: SpinCheng/awesome-vpn
[2026-08-05 19:11:07] [W-5] ⏭️ [fork1] 仓库 https://github.com/SpinCheng/awesome-vpn 51916h 未更新，跳过解析（无需追踪）
[2026-08-05 19:11:07] [W-5] ✅ 完成 [fork1] SpinCheng/awesome-vpn | 提取 0 | 新增 0 | 耗时 0s | 配额 4347/4800 11:11UTC | 主队列 46/200 发现队列 356/20000 [[fork1]:135 [user1]:221]
[2026-08-05 19:11:07] [W-5] 🔧 开始处理 [fork1] zxzcdb/awesome-vpn
[2026-08-05 19:11:07] [W-5] 📝 已处理缓存: zxzcdb/awesome-vpn
[2026-08-05 19:11:07] [W-5] ⏭️ [fork1] 仓库 https://github.com/zxzcdb/awesome-vpn 55652h 未更新，跳过解析（无需追踪）
[2026-08-05 19:11:07] [W-5] ✅ 完成 [fork1] zxzcdb/awesome-vpn | 提取 0 | 新增 0 | 耗时 0s | 配额 4347/4800 11:11UTC | 主队列 46/200 发现队列 355/20000 [[fork1]:134 [user1]:221]
[2026-08-05 19:11:07] [W-5] 🔧 开始处理 [fork1] SuperBrotherCL/awesome-vpn
[2026-08-05 19:11:07] [W-5] 📝 已处理缓存: SuperBrotherCL/awesome-vpn
[2026-08-05 19:11:07] [W-5] ⏭️ [fork1] 仓库 https://github.com/SuperBrotherCL/awesome-vpn 54990h 未更新，跳过解析（无需追踪）
[2026-08-05 19:11:07] [W-6] ✅ 完成 [fork1] whmkli/awesome-vpn | 提取 0 | 新增 0 | 耗时 0s | 配额 4347/4800 11:11UTC | 主队列 46/200 发现队列 354/20000 [[fork1]:133 [user1]:221]
[2026-08-05 19:11:07] [W-6] 🔧 开始处理 [fork1] ernest8725/awesome-vpn
[2026-08-05 19:11:07] [W-6] 📝 已处理缓存: ernest8725/awesome-vpn
[2026-08-05 19:11:07] [W-6] ⏭️ [fork1] 仓库 https://github.com/ernest8725/awesome-vpn 56913h 未更新，跳过解析（无需追踪）
[2026-08-05 19:11:07] [W-8] ✅ 完成 [fork1] song343119682/awesome-vpn | 提取 0 | 新增 0 | 耗时 0s | 配额 4347/4800 11:11UTC | 主队列 46/200 发现队列 353/20000 [[fork1]:132 [user1]:221]
[2026-08-05 19:11:07] [W-8] 🔧 开始处理 [fork1] fly2marss/awesome-vpn
[2026-08-05 19:11:07] [W-8] 📝 已处理缓存: fly2marss/awesome-vpn
[2026-08-05 19:11:07] [W-8] ⏭️ [fork1] 仓库 https://github.com/fly2marss/awesome-vpn 66178h 未更新，跳过解析（无需追踪）
[2026-08-05 19:11:07] [W-8] ✅ 完成 [fork1] fly2marss/awesome-vpn | 提取 0 | 新增 0 | 耗时 0s | 配额 4347/4800 11:11UTC | 主队列 46/200 发现队列 352/20000 [[fork1]:131 [user1]:221]
[2026-08-05 19:11:07] [W-8] 🔧 开始处理 [fork1] jcltravels/awesome-vpn
[2026-08-05 19:11:07] [W-8] 📝 已处理缓存: jcltravels/awesome-vpn
[2026-08-05 19:11:07] [W-8] ⏭️ [fork1] 仓库 https://github.com/jcltravels/awesome-vpn 145h 未更新，跳过解析（无需追踪）
[2026-08-05 19:11:07] [W-13] ✅ 完成 [fork1] ShaPoHun/awesome-vpn | 提取 0 | 新增 0 | 耗时 0s | 配额 4347/4800 11:11UTC | 主队列 46/200 发现队列 351/20000 [[fork1]:130 [user1]:221]
[2026-08-05 19:11:07] [W-13] 🔧 开始处理 [fork1] Kevin8510/awesome-vpn
[2026-08-05 19:11:07] [W-13] 📝 已处理缓存: Kevin8510/awesome-vpn
[2026-08-05 19:11:07] [W-13] ⏭️ [fork1] 仓库 https://github.com/Kevin8510/awesome-vpn 51916h 未更新，跳过解析（无需追踪）
[2026-08-05 19:11:07] [W-23] ✅ 完成 [fork1] cnkeys/awesome-vpn | 提取 0 | 新增 0 | 耗时 0s | 配额 4347/4800 11:11UTC | 主队列 46/200 发现队列 350/20000 [[fork1]:129 [user1]:221]
[2026-08-05 19:11:07] [W-23] 🔧 开始处理 [fork1] wenkhot/awesome-vpn
[2026-08-05 19:11:07] [W-23] 📝 已处理缓存: wenkhot/awesome-vpn
[2026-08-05 19:11:07] [W-23] ⏭️ [fork1] 仓库 https://github.com/wenkhot/awesome-vpn 341h 未更新，跳过解析（无需追踪）
[2026-08-05 19:11:07] [W-19] ✅ 完成 [fork1] imfly/awesome-vpn | 提取 0 | 新增 0 | 耗时 0s | 配额 4347/4800 11:11UTC | 主队列 46/200 发现队列 349/20000 [[fork1]:128 [user1]:221]
[2026-08-05 19:11:07] [W-19] 🔧 开始处理 [fork1] bld2013/awesome-vpn
[2026-08-05 19:11:07] [W-19] 📝 已处理缓存: bld2013/awesome-vpn
[2026-08-05 19:11:07] [W-19] ⏭️ [fork1] 仓库 https://github.com/bld2013/awesome-vpn 53562h 未更新，跳过解析（无需追踪）
[2026-08-05 19:11:07] [W-19] ✅ 完成 [fork1] bld2013/awesome-vpn | 提取 0 | 新增 0 | 耗时 0s | 配额 4347/4800 11:11UTC | 主队列 46/200 发现队列 348/20000 [[fork1]:127 [user1]:221]
[2026-08-05 19:11:07] [W-19] 🔧 开始处理 [fork1] icannotgetname/awesome-vpn
[2026-08-05 19:11:07] [W-19] 📝 已处理缓存: icannotgetname/awesome-vpn
[2026-08-05 19:11:07] [W-19] ⏭️ [fork1] 仓库 https://github.com/icannotgetname/awesome-vpn 65479h 未更新，跳过解析（无需追踪）
[2026-08-05 19:11:07] [W-20] ✅ 完成 [fork1] XHegit/awesome-vpn | 提取 0 | 新增 0 | 耗时 0s | 配额 4347/4800 11:11UTC | 主队列 46/200 发现队列 347/20000 [[fork1]:126 [user1]:221]
[2026-08-05 19:11:07] [W-20] 🔧 开始处理 [fork1] ecnuitaa/awesome-vpn
[2026-08-05 19:11:07] [W-20] 📝 已处理缓存: ecnuitaa/awesome-vpn
[2026-08-05 19:11:07] [W-20] ⏭️ [fork1] 仓库 https://github.com/ecnuitaa/awesome-vpn 35262h 未更新，跳过解析（无需追踪）
[2026-08-05 19:11:07] [W-14] ✅ 完成 [fork1] jbandz2026/awesome-vpn | 提取 0 | 新增 0 | 耗时 0s | 配额 4347/4800 11:11UTC | 主队列 46/200 发现队列 346/20000 [[fork1]:125 [user1]:221]
[2026-08-05 19:11:07] [W-14] 🔧 开始处理 [fork1] px123057959/awesome-vpn
[2026-08-05 19:11:07] [W-14] 📝 已处理缓存: px123057959/awesome-vpn
[2026-08-05 19:11:07] [W-14] ⏭️ [fork1] 仓库 https://github.com/px123057959/awesome-vpn 51916h 未更新，跳过解析（无需追踪）
[2026-08-05 19:11:07] [W-15] ✅ 完成 [fork1] jma04420/awesome-vpn | 提取 0 | 新增 0 | 耗时 0s | 配额 4347/4800 11:11UTC | 主队列 46/200 发现队列 345/20000 [[fork1]:124 [user1]:221]
[2026-08-05 19:11:07] [W-15] 🔧 开始处理 [fork1] lialonex1/awesome-vpn
[2026-08-05 19:11:07] [W-15] 📝 已处理缓存: lialonex1/awesome-vpn
[2026-08-05 19:11:07] [W-15] ⏭️ [fork1] 仓库 https://github.com/lialonex1/awesome-vpn 1881h 未更新，跳过解析（无需追踪）
[2026-08-05 19:11:07] [W-4] ✅ 完成 [fork1] liu666666666/awesome-vpn | 提取 0 | 新增 0 | 耗时 0s | 配额 4347/4800 11:11UTC | 主队列 46/200 发现队列 344/20000 [[fork1]:123 [user1]:221]
[2026-08-05 19:11:07] [W-4] 🔧 开始处理 [fork1] SpringWar/awesome-vpn
[2026-08-05 19:11:07] [W-4] 📝 已处理缓存: SpringWar/awesome-vpn
[2026-08-05 19:11:07] [W-4] ⏭️ [fork1] 仓库 https://github.com/SpringWar/awesome-vpn 64846h 未更新，跳过解析（无需追踪）
[2026-08-05 19:11:07] [W-10] ✅ 完成 [fork1] trex-ling/awesome-vpn | 提取 0 | 新增 0 | 耗时 0s | 配额 4347/4800 11:11UTC | 主队列 46/200 发现队列 343/20000 [[fork1]:122 [user1]:221]
[2026-08-05 19:11:07] [W-10] 🔧 开始处理 [fork1] iuops/awesome-vpn
[2026-08-05 19:11:07] [W-10] 📝 已处理缓存: iuops/awesome-vpn
[2026-08-05 19:11:07] [W-10] ⏭️ [fork1] 仓库 https://github.com/iuops/awesome-vpn 51916h 未更新，跳过解析（无需追踪）
[2026-08-05 19:11:07] [W-10] ✅ 完成 [fork1] iuops/awesome-vpn | 提取 0 | 新增 0 | 耗时 0s | 配额 4347/4800 11:11UTC | 主队列 46/200 发现队列 342/20000 [[fork1]:121 [user1]:221]
[2026-08-05 19:11:07] [W-10] 🔧 开始处理 [fork1] yuandong1234/awesome-vpn
[2026-08-05 19:11:07] [W-10] 📝 已处理缓存: yuandong1234/awesome-vpn
[2026-08-05 19:11:07] [W-10] ⏭️ [fork1] 仓库 https://github.com/yuandong1234/awesome-vpn 54696h 未更新，跳过解析（无需追踪）
[2026-08-05 19:11:07] [W-18] ✅ 完成 [fork1] snailComing/awesome-vpn | 提取 0 | 新增 0 | 耗时 0s | 配额 4347/4800 11:11UTC | 主队列 46/200 发现队列 341/20000 [[fork1]:120 [user1]:221]
[2026-08-05 19:11:07] [W-18] 🔧 开始处理 [fork1] Tontiny/awesome-vpn
[2026-08-05 19:11:07] [W-18] 📝 已处理缓存: Tontiny/awesome-vpn
[2026-08-05 19:11:07] [W-18] ⏭️ [fork1] 仓库 https://github.com/Tontiny/awesome-vpn 10363h 未更新，跳过解析（无需追踪）
[2026-08-05 19:11:07] [W-18] ✅ 完成 [fork1] Tontiny/awesome-vpn | 提取 0 | 新增 0 | 耗时 0s | 配额 4347/4800 11:11UTC | 主队列 46/200 发现队列 340/20000 [[fork1]:119 [user1]:221]
[2026-08-05 19:11:07] [W-18] 🔧 开始处理 [fork1] antonizdp/awesome-vpn
[2026-08-05 19:11:07] [W-18] 📝 已处理缓存: antonizdp/awesome-vpn
[2026-08-05 19:11:07] [W-18] ⏭️ [fork1] 仓库 https://github.com/antonizdp/awesome-vpn 51916h 未更新，跳过解析（无需追踪）
[2026-08-05 19:11:07] [W-1] ✅ 完成 [fork1] laughterGod/awesome-vpn | 提取 0 | 新增 0 | 耗时 0s | 配额 4347/4800 11:11UTC | 主队列 46/200 发现队列 339/20000 [[fork1]:118 [user1]:221]
[2026-08-05 19:11:07] [W-1] 🔧 开始处理 [fork1] shiyuec/awesome-vpn
[2026-08-05 19:11:07] [W-1] 📝 已处理缓存: shiyuec/awesome-vpn
[2026-08-05 19:11:07] [W-1] ⏭️ [fork1] 仓库 https://github.com/shiyuec/awesome-vpn 14674h 未更新，跳过解析（无需追踪）
[2026-08-05 19:11:07] [W-2] ✅ 完成 [fork1] WTIyangchen/awesome-vpn | 提取 0 | 新增 0 | 耗时 0s | 配额 4347/4800 11:11UTC | 主队列 46/200 发现队列 338/20000 [[fork1]:117 [user1]:221]
[2026-08-05 19:11:07] [W-2] 🔧 开始处理 [fork1] admin87066617/awesome-vpn
[2026-08-05 19:11:07] [W-2] 📝 已处理缓存: admin87066617/awesome-vpn
[2026-08-05 19:11:07] [W-2] ⏭️ [fork1] 仓库 https://github.com/admin87066617/awesome-vpn 2481h 未更新，跳过解析（无需追踪）
[2026-08-05 19:11:07] [W-2] ✅ 完成 [fork1] admin87066617/awesome-vpn | 提取 0 | 新增 0 | 耗时 0s | 配额 4347/4800 11:11UTC | 主队列 46/200 发现队列 337/20000 [[fork1]:116 [user1]:221]
[2026-08-05 19:11:07] [W-2] 🔧 开始处理 [fork1] y010204025/awesome-vpn
[2026-08-05 19:11:07] [W-2] 📝 已处理缓存: y010204025/awesome-vpn
[2026-08-05 19:11:07] [W-2] ⏭️ [fork1] 仓库 https://github.com/y010204025/awesome-vpn 54822h 未更新，跳过解析（无需追踪）
[2026-08-05 19:11:07] [W-8] ✅ 完成 [fork1] jcltravels/awesome-vpn | 提取 0 | 新增 0 | 耗时 0s | 配额 4347/4800 11:11UTC | 主队列 46/200 发现队列 336/20000 [[fork1]:115 [user1]:221]
[2026-08-05 19:11:07] [W-8] 🔧 开始处理 [fork1] apeng2004/awesome-vpn
[2026-08-05 19:11:07] [W-8] 📝 已处理缓存: apeng2004/awesome-vpn
[2026-08-05 19:11:07] [W-8] ⏭️ [fork1] 仓库 https://github.com/apeng2004/awesome-vpn 30743h 未更新，跳过解析（无需追踪）
[2026-08-05 19:11:07] [W-0] ✅ 完成 [fork1] sidismid/securlyequalstrash | 提取 0 | 新增 0 | 耗时 0s | 配额 4347/4800 11:11UTC | 主队列 46/200 发现队列 335/20000 [[fork1]:114 [user1]:221]
[2026-08-05 19:11:07] [W-0] 🔧 开始处理 [fork1] wlxdezhanghao/awesome-vpn
[2026-08-05 19:11:07] [W-0] 📝 已处理缓存: wlxdezhanghao/awesome-vpn
[2026-08-05 19:11:07] [W-0] ⏭️ [fork1] 仓库 https://github.com/wlxdezhanghao/awesome-vpn 54894h 未更新，跳过解析（无需追踪）
[2026-08-05 19:11:07] [W-0] ✅ 完成 [fork1] wlxdezhanghao/awesome-vpn | 提取 0 | 新增 0 | 耗时 0s | 配额 4347/4800 11:11UTC | 主队列 46/200 发现队列 334/20000 [[fork1]:113 [user1]:221]
[2026-08-05 19:11:07] [W-0] 🔧 开始处理 [fork1] secwxx/awesome-vpn-1
[2026-08-05 19:11:07] [W-0] 📝 已处理缓存: secwxx/awesome-vpn-1
[2026-08-05 19:11:07] [W-0] ⏭️ [fork1] 仓库 https://github.com/secwxx/awesome-vpn-1 63738h 未更新，跳过解析（无需追踪）
[2026-08-05 19:11:07] [W-23] ✅ 完成 [fork1] wenkhot/awesome-vpn | 提取 0 | 新增 0 | 耗时 0s | 配额 4347/4800 11:11UTC | 主队列 46/200 发现队列 333/20000 [[fork1]:112 [user1]:221]
[2026-08-05 19:11:07] [W-23] 🔧 开始处理 [fork1] duran543/awesome-vpn
[2026-08-05 19:11:07] [W-23] 📝 已处理缓存: duran543/awesome-vpn
[2026-08-05 19:11:07] [W-23] ⏭️ [fork1] 仓库 https://github.com/duran543/awesome-vpn 6202h 未更新，跳过解析（无需追踪）
[2026-08-05 19:11:07] [W-19] ✅ 完成 [fork1] icannotgetname/awesome-vpn | 提取 0 | 新增 0 | 耗时 0s | 配额 4347/4800 11:11UTC | 主队列 46/200 发现队列 332/20000 [[fork1]:111 [user1]:221]
[2026-08-05 19:11:07] [W-19] 🔧 开始处理 [fork1] hhy5277/awesome-vpn-1
[2026-08-05 19:11:07] [W-19] 📝 已处理缓存: hhy5277/awesome-vpn-1
[2026-08-05 19:11:07] [W-19] ⏭️ [fork1] 仓库 https://github.com/hhy5277/awesome-vpn-1 63738h 未更新，跳过解析（无需追踪）
[2026-08-05 19:11:07] [W-11] ✅ 完成 [fork1] DreamBattle/awesome-vpn | 提取 0 | 新增 0 | 耗时 0s | 配额 4347/4800 11:11UTC | 主队列 46/200 发现队列 331/20000 [[fork1]:110 [user1]:221]
[2026-08-05 19:11:07] [W-11] 🔧 开始处理 [fork1] huangli58/awesome-vpn
[2026-08-05 19:11:07] [W-11] 📝 已处理缓存: huangli58/awesome-vpn
[2026-08-05 19:11:07] [W-11] ⏭️ [fork1] 仓库 https://github.com/huangli58/awesome-vpn 63738h 未更新，跳过解析（无需追踪）
[2026-08-05 19:11:07] [W-11] ✅ 完成 [fork1] huangli58/awesome-vpn | 提取 0 | 新增 0 | 耗时 0s | 配额 4347/4800 11:11UTC | 主队列 46/200 发现队列 330/20000 [[fork1]:109 [user1]:221]
[2026-08-05 19:11:07] [W-11] 🔧 开始处理 [fork1] wangjishan/awesome-vpn
[2026-08-05 19:11:07] [W-11] 📝 已处理缓存: wangjishan/awesome-vpn
[2026-08-05 19:11:07] [W-11] ⏭️ [fork1] 仓库 https://github.com/wangjishan/awesome-vpn 63738h 未更新，跳过解析（无需追踪）
[2026-08-05 19:11:07] [W-14] ✅ 完成 [fork1] px123057959/awesome-vpn | 提取 0 | 新增 0 | 耗时 0s | 配额 4347/4800 11:11UTC | 主队列 46/200 发现队列 329/20000 [[fork1]:108 [user1]:221]
[2026-08-05 19:11:07] [W-14] 🔧 开始处理 [fork1] Huntdi78/awesome-vpn
[2026-08-05 19:11:07] [W-14] 📝 已处理缓存: Huntdi78/awesome-vpn
[2026-08-05 19:11:07] [W-14] ⏭️ [fork1] 仓库 https://github.com/Huntdi78/awesome-vpn 51916h 未更新，跳过解析（无需追踪）
[2026-08-05 19:11:07] [W-14] ✅ 完成 [fork1] Huntdi78/awesome-vpn | 提取 0 | 新增 0 | 耗时 0s | 配额 4347/4800 11:11UTC | 主队列 46/200 发现队列 328/20000 [[fork1]:107 [user1]:221]
[2026-08-05 19:11:07] [W-14] 🔧 开始处理 [fork1] DJAdriana/awesome-vpn
[2026-08-05 19:11:07] [W-14] 📝 已处理缓存: DJAdriana/awesome-vpn
[2026-08-05 19:11:07] [W-14] ⏭️ [fork1] 仓库 https://github.com/DJAdriana/awesome-vpn 32307h 未更新，跳过解析（无需追踪）
[2026-08-05 19:11:07] [W-4] ✅ 完成 [fork1] SpringWar/awesome-vpn | 提取 0 | 新增 0 | 耗时 0s | 配额 4347/4800 11:11UTC | 主队列 46/200 发现队列 327/20000 [[fork1]:106 [user1]:221]
[2026-08-05 19:11:07] [W-4] 🔧 开始处理 [fork1] YongQuanDu/awesome-vpn
[2026-08-05 19:11:07] [W-4] 📝 已处理缓存: YongQuanDu/awesome-vpn
[2026-08-05 19:11:07] [W-4] ⏭️ [fork1] 仓库 https://github.com/YongQuanDu/awesome-vpn 62567h 未更新，跳过解析（无需追踪）
[2026-08-05 19:11:07] [W-16] ✅ 完成 [fork1] mrtulun/ACL4SSR | 提取 0 | 新增 0 | 耗时 0s | 配额 4347/4800 11:11UTC | 主队列 46/200 发现队列 326/20000 [[fork1]:105 [user1]:221]
[2026-08-05 19:11:07] [W-16] 🔧 开始处理 [fork1] xiaohui0225/awesome-vpn
[2026-08-05 19:11:07] [W-16] 📝 已处理缓存: xiaohui0225/awesome-vpn
[2026-08-05 19:11:07] [W-16] ⏭️ [fork1] 仓库 https://github.com/xiaohui0225/awesome-vpn 30743h 未更新，跳过解析（无需追踪）
[2026-08-05 19:11:07] [W-10] ✅ 完成 [fork1] yuandong1234/awesome-vpn | 提取 0 | 新增 0 | 耗时 0s | 配额 4347/4800 11:11UTC | 主队列 46/200 发现队列 325/20000 [[fork1]:104 [user1]:221]
[2026-08-05 19:11:07] [W-10] 🔧 开始处理 [fork1] xing2kong/awesome-vpn-jiedian
[2026-08-05 19:11:07] [W-10] 📝 已处理缓存: xing2kong/awesome-vpn-jiedian
[2026-08-05 19:11:07] [W-10] ⏭️ [fork1] 仓库 https://github.com/xing2kong/awesome-vpn-jiedian 12802h 未更新，跳过解析（无需追踪）
[2026-08-05 19:11:07] [W-18] ✅ 完成 [fork1] antonizdp/awesome-vpn | 提取 0 | 新增 0 | 耗时 0s | 配额 4347/4800 11:11UTC | 主队列 46/200 发现队列 324/20000 [[fork1]:103 [user1]:221]
[2026-08-05 19:11:07] [W-18] 🔧 开始处理 [fork1] 841495978/awesome-vpn
[2026-08-05 19:11:07] [W-18] 📝 已处理缓存: 841495978/awesome-vpn
[2026-08-05 19:11:07] [W-18] ⏭️ [fork1] 仓库 https://github.com/841495978/awesome-vpn 10738h 未更新，跳过解析（无需追踪）
[2026-08-05 19:11:07] [W-5] ✅ 完成 [fork1] SuperBrotherCL/awesome-vpn | 提取 0 | 新增 0 | 耗时 0s | 配额 4347/4800 11:11UTC | 主队列 46/200 发现队列 323/20000 [[fork1]:102 [user1]:221]
[2026-08-05 19:11:07] [W-5] 🔧 开始处理 [fork1] xhaoAI/awesome-vpn
[2026-08-05 19:11:07] [W-5] 📝 已处理缓存: xhaoAI/awesome-vpn
[2026-08-05 19:11:07] [W-5] ⏭️ [fork1] 仓库 https://github.com/xhaoAI/awesome-vpn 55373h 未更新，跳过解析（无需追踪）
[2026-08-05 19:11:07] [W-1] ✅ 完成 [fork1] shiyuec/awesome-vpn | 提取 0 | 新增 0 | 耗时 0s | 配额 4347/4800 11:11UTC | 主队列 46/200 发现队列 322/20000 [[fork1]:101 [user1]:221]
[2026-08-05 19:11:07] [W-1] 🔧 开始处理 [fork1] fangzx123/awesome-vpn
[2026-08-05 19:11:07] [W-1] 📝 已处理缓存: fangzx123/awesome-vpn
[2026-08-05 19:11:07] [W-1] ⏭️ [fork1] 仓库 https://github.com/fangzx123/awesome-vpn 51916h 未更新，跳过解析（无需追踪）
[2026-08-05 19:11:07] [W-2] ✅ 完成 [fork1] y010204025/awesome-vpn | 提取 0 | 新增 0 | 耗时 0s | 配额 4347/4800 11:11UTC | 主队列 46/200 发现队列 321/20000 [[fork1]:100 [user1]:221]
[2026-08-05 19:11:07] [W-2] 🔧 开始处理 [fork1] lefusky/awesome-vpn
[2026-08-05 19:11:07] [W-2] 📝 已处理缓存: lefusky/awesome-vpn
[2026-08-05 19:11:07] [W-2] ⏭️ [fork1] 仓库 https://github.com/lefusky/awesome-vpn 62567h 未更新，跳过解析（无需追踪）
[2026-08-05 19:11:07] [W-6] ✅ 完成 [fork1] ernest8725/awesome-vpn | 提取 0 | 新增 0 | 耗时 0s | 配额 4347/4800 11:11UTC | 主队列 46/200 发现队列 320/20000 [[fork1]:99 [user1]:221]
[2026-08-05 19:11:07] [W-6] 🔧 开始处理 [fork1] yuying760121/awesome-vpn
[2026-08-05 19:11:07] [W-6] 📝 已处理缓存: yuying760121/awesome-vpn
[2026-08-05 19:11:07] [W-6] ⏭️ [fork1] 仓库 https://github.com/yuying760121/awesome-vpn 51916h 未更新，跳过解析（无需追踪）
[2026-08-05 19:11:07] [W-6] ✅ 完成 [fork1] yuying760121/awesome-vpn | 提取 0 | 新增 0 | 耗时 0s | 配额 4347/4800 11:11UTC | 主队列 46/200 发现队列 319/20000 [[fork1]:98 [user1]:221]
[2026-08-05 19:11:07] [W-6] 🔧 开始处理 [fork1] Apretend/awesome-vpn
[2026-08-05 19:11:07] [W-6] 📝 已处理缓存: Apretend/awesome-vpn
[2026-08-05 19:11:07] [W-6] ⏭️ [fork1] 仓库 https://github.com/Apretend/awesome-vpn 30743h 未更新，跳过解析（无需追踪）
[2026-08-05 19:11:07] [W-0] ✅ 完成 [fork1] secwxx/awesome-vpn-1 | 提取 0 | 新增 0 | 耗时 0s | 配额 4347/4800 11:11UTC | 主队列 46/200 发现队列 318/20000 [[fork1]:97 [user1]:221]
[2026-08-05 19:11:07] [W-0] 🔧 开始处理 [fork1] YinXiangBing/awesome-vpn
[2026-08-05 19:11:07] [W-0] 📝 已处理缓存: YinXiangBing/awesome-vpn
[2026-08-05 19:11:07] [W-0] ⏭️ [fork1] 仓库 https://github.com/YinXiangBing/awesome-vpn 54262h 未更新，跳过解析（无需追踪）
[2026-08-05 19:11:07] [W-13] ✅ 完成 [fork1] Kevin8510/awesome-vpn | 提取 0 | 新增 0 | 耗时 0s | 配额 4347/4800 11:11UTC | 主队列 46/200 发现队列 317/20000 [[fork1]:96 [user1]:221]
[2026-08-05 19:11:07] [W-13] 🔧 开始处理 [fork1] lxbeyond/awesome-vpn
[2026-08-05 19:11:07] [W-13] 📝 已处理缓存: lxbeyond/awesome-vpn
[2026-08-05 19:11:07] [W-13] ⏭️ [fork1] 仓库 https://github.com/lxbeyond/awesome-vpn 60982h 未更新，跳过解析（无需追踪）
[2026-08-05 19:11:07] [W-13] ✅ 完成 [fork1] lxbeyond/awesome-vpn | 提取 0 | 新增 0 | 耗时 0s | 配额 4347/4800 11:11UTC | 主队列 46/200 发现队列 316/20000 [[fork1]:95 [user1]:221]
[2026-08-05 19:11:07] [W-13] 🔧 开始处理 [fork1] xiaozhengren/awesome-vpn
[2026-08-05 19:11:07] [W-13] 📝 已处理缓存: xiaozhengren/awesome-vpn
[2026-08-05 19:11:07] [W-13] ⏭️ [fork1] 仓库 https://github.com/xiaozhengren/awesome-vpn 993h 未更新，跳过解析（无需追踪）
[2026-08-05 19:11:07] [W-19] ✅ 完成 [fork1] hhy5277/awesome-vpn-1 | 提取 0 | 新增 0 | 耗时 0s | 配额 4347/4800 11:11UTC | 主队列 46/200 发现队列 315/20000 [[fork1]:94 [user1]:221]
[2026-08-05 19:11:07] [W-19] 🔧 开始处理 [fork1] ab13643832129/awesome-vpn
[2026-08-05 19:11:07] [W-19] [fork1] 仓库 https://github.com/ab13643832129/awesome-vpn (分支: master, size: 10462KB, pushed: 2026-08-05T01:36:52Z)
[2026-08-05 19:11:07] [W-11] ✅ 完成 [fork1] wangjishan/awesome-vpn | 提取 0 | 新增 0 | 耗时 0s | 配额 4347/4800 11:11UTC | 主队列 46/200 发现队列 314/20000 [[fork1]:93 [user1]:221]
[2026-08-05 19:11:07] [W-11] 🔧 开始处理 [fork1] lockcp/awesome-vpn
[2026-08-05 19:11:07] [W-11] 📝 已处理缓存: lockcp/awesome-vpn
[2026-08-05 19:11:07] [W-11] ⏭️ [fork1] 仓库 https://github.com/lockcp/awesome-vpn 51916h 未更新，跳过解析（无需追踪）
[2026-08-05 19:11:07] [W-20] ✅ 完成 [fork1] ecnuitaa/awesome-vpn | 提取 0 | 新增 0 | 耗时 0s | 配额 4347/4800 11:11UTC | 主队列 46/200 发现队列 313/20000 [[fork1]:92 [user1]:221]
[2026-08-05 19:11:07] [W-20] 🔧 开始处理 [fork1] dlsuntie/awesome-vpn
[2026-08-05 19:11:07] [W-20] 📝 已处理缓存: dlsuntie/awesome-vpn
[2026-08-05 19:11:07] [W-20] ⏭️ [fork1] 仓库 https://github.com/dlsuntie/awesome-vpn 30743h 未更新，跳过解析（无需追踪）
[2026-08-05 19:11:07] [W-20] ✅ 完成 [fork1] dlsuntie/awesome-vpn | 提取 0 | 新增 0 | 耗时 0s | 配额 4347/4800 11:11UTC | 主队列 46/200 发现队列 312/20000 [[fork1]:91 [user1]:221]
[2026-08-05 19:11:07] [W-20] 🔧 开始处理 [fork1] github86525/awesome-vpn
[2026-08-05 19:11:07] [W-20] 📝 已处理缓存: github86525/awesome-vpn
[2026-08-05 19:11:07] [W-20] ⏭️ [fork1] 仓库 https://github.com/github86525/awesome-vpn 51916h 未更新，跳过解析（无需追踪）
[2026-08-05 19:11:07] [W-15] ✅ 完成 [fork1] lialonex1/awesome-vpn | 提取 0 | 新增 0 | 耗时 0s | 配额 4347/4800 11:11UTC | 主队列 46/200 发现队列 311/20000 [[fork1]:90 [user1]:221]
[2026-08-05 19:11:07] [W-15] 🔧 开始处理 [fork1] noveldig/awesome-vpn
[2026-08-05 19:11:07] [W-15] 📝 已处理缓存: noveldig/awesome-vpn
[2026-08-05 19:11:07] [W-15] ⏭️ [fork1] 仓库 https://github.com/noveldig/awesome-vpn 33h 未更新，跳过解析（无需追踪）
[2026-08-05 19:11:07] [W-4] ✅ 完成 [fork1] YongQuanDu/awesome-vpn | 提取 0 | 新增 0 | 耗时 0s | 配额 4347/4800 11:11UTC | 主队列 46/200 发现队列 310/20000 [[fork1]:89 [user1]:221]
[2026-08-05 19:11:07] [W-4] 🔧 开始处理 [fork1] nx04/awesome-vpn
[2026-08-05 19:11:07] [W-4] 📝 已处理缓存: nx04/awesome-vpn
[2026-08-05 19:11:07] [W-4] ⏭️ [fork1] 仓库 https://github.com/nx04/awesome-vpn 51916h 未更新，跳过解析（无需追踪）
[2026-08-05 19:11:07] [W-16] ✅ 完成 [fork1] xiaohui0225/awesome-vpn | 提取 0 | 新增 0 | 耗时 0s | 配额 4347/4800 11:11UTC | 主队列 46/200 发现队列 309/20000 [[fork1]:88 [user1]:221]
[2026-08-05 19:11:07] [W-16] 🔧 开始处理 [fork1] AIGeniusInstitute/awesome-vpn
[2026-08-05 19:11:07] [W-16] 📝 已处理缓存: AIGeniusInstitute/awesome-vpn
[2026-08-05 19:11:07] [W-16] ⏭️ [fork1] 仓库 https://github.com/AIGeniusInstitute/awesome-vpn 5386h 未更新，跳过解析（无需追踪）
[2026-08-05 19:11:07] [W-10] ✅ 完成 [fork1] xing2kong/awesome-vpn-jiedian | 提取 0 | 新增 0 | 耗时 0s | 配额 4347/4800 11:11UTC | 主队列 46/200 发现队列 308/20000 [[fork1]:87 [user1]:221]
[2026-08-05 19:11:07] [W-10] 🔧 开始处理 [fork1] LYuaning/awesome-vpn
[2026-08-05 19:11:07] [W-10] 📝 已处理缓存: LYuaning/awesome-vpn
[2026-08-05 19:11:07] [W-10] ⏭️ [fork1] 仓库 https://github.com/LYuaning/awesome-vpn 54117h 未更新，跳过解析（无需追踪）
[2026-08-05 19:11:07] [W-10] ✅ 完成 [fork1] LYuaning/awesome-vpn | 提取 0 | 新增 0 | 耗时 0s | 配额 4347/4800 11:11UTC | 主队列 46/200 发现队列 307/20000 [[fork1]:86 [user1]:221]
[2026-08-05 19:11:07] [W-10] 🔧 开始处理 [fork1] AndersIves/awesome-vpn
[2026-08-05 19:11:07] [W-10] 📝 已处理缓存: AndersIves/awesome-vpn
[2026-08-05 19:11:07] [W-10] ⏭️ [fork1] 仓库 https://github.com/AndersIves/awesome-vpn 59638h 未更新，跳过解析（无需追踪）
[2026-08-05 19:11:07] [W-5] ✅ 完成 [fork1] xhaoAI/awesome-vpn | 提取 0 | 新增 0 | 耗时 0s | 配额 4347/4800 11:11UTC | 主队列 46/200 发现队列 306/20000 [[fork1]:85 [user1]:221]
[2026-08-05 19:11:07] [W-5] 🔧 开始处理 [fork1] ghostflaze/awesome-vpn
[2026-08-05 19:11:07] [W-5] 📝 已处理缓存: ghostflaze/awesome-vpn
[2026-08-05 19:11:07] [W-5] ⏭️ [fork1] 仓库 https://github.com/ghostflaze/awesome-vpn 34995h 未更新，跳过解析（无需追踪）
[2026-08-05 19:11:07] [W-1] ✅ 完成 [fork1] fangzx123/awesome-vpn | 提取 0 | 新增 0 | 耗时 0s | 配额 4347/4800 11:11UTC | 主队列 46/200 发现队列 305/20000 [[fork1]:84 [user1]:221]
[2026-08-05 19:11:07] [W-1] 🔧 开始处理 [fork1] zhizunbao84/awesome-vpn
[2026-08-05 19:11:07] [W-1] 📝 已处理缓存: zhizunbao84/awesome-vpn
[2026-08-05 19:11:07] [W-1] ⏭️ [fork1] 仓库 https://github.com/zhizunbao84/awesome-vpn 59638h 未更新，跳过解析（无需追踪）
[2026-08-05 19:11:07] [W-1] ✅ 完成 [fork1] zhizunbao84/awesome-vpn | 提取 0 | 新增 0 | 耗时 0s | 配额 4347/4800 11:11UTC | 主队列 46/200 发现队列 304/20000 [[fork1]:83 [user1]:221]
[2026-08-05 19:11:07] [W-1] 🔧 开始处理 [fork1] anandyuan/awesome-vpn
[2026-08-05 19:11:07] [W-1] 📝 已处理缓存: anandyuan/awesome-vpn
[2026-08-05 19:11:07] [W-1] ⏭️ [fork1] 仓库 https://github.com/anandyuan/awesome-vpn 54921h 未更新，跳过解析（无需追踪）
[2026-08-05 19:11:07] [W-1] ✅ 完成 [fork1] anandyuan/awesome-vpn | 提取 0 | 新增 0 | 耗时 0s | 配额 4347/4800 11:11UTC | 主队列 46/200 发现队列 303/20000 [[fork1]:82 [user1]:221]
[2026-08-05 19:11:07] [W-1] 🔧 开始处理 [fork1] chmodawk/awesome-vpn
[2026-08-05 19:11:07] [W-1] 📝 已处理缓存: chmodawk/awesome-vpn
[2026-08-05 19:11:07] [W-1] ⏭️ [fork1] 仓库 https://github.com/chmodawk/awesome-vpn 59638h 未更新，跳过解析（无需追踪）
[2026-08-05 19:11:07] [W-8] ✅ 完成 [fork1] apeng2004/awesome-vpn | 提取 0 | 新增 0 | 耗时 0s | 配额 4347/4800 11:11UTC | 主队列 46/200 发现队列 302/20000 [[fork1]:81 [user1]:221]
[2026-08-05 19:11:07] [W-8] 🔧 开始处理 [fork1] ReeceChang0912/awesome-vpn
[2026-08-05 19:11:07] [W-8] 📝 已处理缓存: ReeceChang0912/awesome-vpn
[2026-08-05 19:11:07] [W-8] ⏭️ [fork1] 仓库 https://github.com/ReeceChang0912/awesome-vpn 51916h 未更新，跳过解析（无需追踪）
[2026-08-05 19:11:07] [W-0] ✅ 完成 [fork1] YinXiangBing/awesome-vpn | 提取 0 | 新增 0 | 耗时 0s | 配额 4347/4800 11:11UTC | 主队列 46/200 发现队列 301/20000 [[fork1]:80 [user1]:221]
[2026-08-05 19:11:07] [W-0] 🔧 开始处理 [user1] 4258806/wk-Auto-update
[2026-08-05 19:11:07] [W-0] ⏭️ [user1] 仓库 https://github.com/4258806/wk-Auto-update 248h 未更新，跳过解析（无需追踪）
[2026-08-05 19:11:07] [W-0] ✅ 完成 [user1] 4258806/wk-Auto-update | 提取 0 | 新增 0 | 耗时 0s | 配额 4347/4800 11:11UTC | 主队列 46/200 发现队列 300/20000 [[fork1]:80 [user1]:220]
[2026-08-05 19:11:07] [W-0] 🔧 开始处理 [user1] 4258806/DH
[2026-08-05 19:11:07] [W-0] ⏭️ [user1] 仓库 https://github.com/4258806/DH 主要语言 HTML，跳过
[2026-08-05 19:11:07] [W-23] ✅ 完成 [fork1] duran543/awesome-vpn | 提取 0 | 新增 0 | 耗时 0s | 配额 4347/4800 11:11UTC | 主队列 46/200 发现队列 299/20000 [[fork1]:80 [user1]:219]
[2026-08-05 19:11:07] [W-23] 🔧 开始处理 [user1] 4258806/dy
[2026-08-05 19:11:07] [W-23] ⏭️ [user1] 仓库 https://github.com/4258806/dy 654h 未更新，跳过解析（无需追踪）
[2026-08-05 19:11:07] [W-13] ✅ 完成 [fork1] xiaozhengren/awesome-vpn | 提取 0 | 新增 0 | 耗时 0s | 配额 4347/4800 11:11UTC | 主队列 46/200 发现队列 298/20000 [[fork1]:80 [user1]:218]
[2026-08-05 19:11:07] [W-13] 🔧 开始处理 [user1] 4258806/Are-u-ok
[2026-08-05 19:11:07] [W-13] ⏭️ [user1] 仓库 https://github.com/4258806/Are-u-ok 681h 未更新，跳过解析（无需追踪）
[2026-08-05 19:11:07] [W-13] ✅ 完成 [user1] 4258806/Are-u-ok | 提取 0 | 新增 0 | 耗时 0s | 配额 4347/4800 11:11UTC | 主队列 46/200 发现队列 297/20000 [[fork1]:80 [user1]:217]
[2026-08-05 19:11:07] [W-13] 🔧 开始处理 [user1] 4258806/ikuai-firmware
[2026-08-05 19:11:07] [W-13] ⏭️ [user1] 仓库 https://github.com/4258806/ikuai-firmware 主要语言 HTML，跳过
[2026-08-05 19:11:07] [W-20] ✅ 完成 [fork1] github86525/awesome-vpn | 提取 0 | 新增 0 | 耗时 0s | 配额 4347/4800 11:11UTC | 主队列 46/200 发现队列 296/20000 [[fork1]:80 [user1]:216]
[2026-08-05 19:11:07] [W-20] 🔧 开始处理 [user1] 4258806/IPDB
[2026-08-05 19:11:07] [W-20] ⏭️ [user1] 仓库 https://github.com/4258806/IPDB 681h 未更新，跳过解析（无需追踪）
[2026-08-05 19:11:07] [W-14] ✅ 完成 [fork1] DJAdriana/awesome-vpn | 提取 0 | 新增 0 | 耗时 0s | 配额 4347/4800 11:11UTC | 主队列 46/200 发现队列 295/20000 [[fork1]:80 [user1]:215]
[2026-08-05 19:11:07] [W-14] 🔧 开始处理 [user1] 4258806/ikuai-dns-adblock-rules
[2026-08-05 19:11:07] [W-14] ⏭️ [user1] 仓库 https://github.com/4258806/ikuai-dns-adblock-rules 3670h 未更新，跳过解析（无需追踪）
[2026-08-05 19:11:07] [W-14] ✅ 完成 [user1] 4258806/ikuai-dns-adblock-rules | 提取 0 | 新增 0 | 耗时 0s | 配额 4347/4800 11:11UTC | 主队列 46/200 发现队列 294/20000 [[fork1]:80 [user1]:214]
[2026-08-05 19:11:07] [W-14] 🔧 开始处理 [user1] 4258806/yx-auto
[2026-08-05 19:11:07] [W-14] ⏭️ [user1] 仓库 https://github.com/4258806/yx-auto 4523h 未更新，跳过解析（无需追踪）
[2026-08-05 19:11:07] [W-14] ✅ 完成 [user1] 4258806/yx-auto | 提取 0 | 新增 0 | 耗时 0s | 配额 4347/4800 11:11UTC | 主队列 46/200 发现队列 293/20000 [[fork1]:80 [user1]:213]
[2026-08-05 19:11:07] [W-14] 🔧 开始处理 [user1] 4258806/KVideo
[2026-08-05 19:11:07] [W-14] ⏭️ [user1] 仓库 https://github.com/4258806/KVideo 4324h 未更新，跳过解析（无需追踪）
[2026-08-05 19:11:07] [W-16] ✅ 完成 [fork1] AIGeniusInstitute/awesome-vpn | 提取 0 | 新增 0 | 耗时 0s | 配额 4347/4800 11:11UTC | 主队列 46/200 发现队列 292/20000 [[fork1]:80 [user1]:212]
[2026-08-05 19:11:07] [W-16] 🔧 开始处理 [user1] 4258806/yxip
[2026-08-05 19:11:07] [W-16] ⚠️ [user1] 仓库 https://github.com/4258806/yxip 已禁用，跳过
[2026-08-05 19:11:07] [W-18] ✅ 完成 [fork1] 841495978/awesome-vpn | 提取 0 | 新增 0 | 耗时 0s | 配额 4347/4800 11:11UTC | 主队列 46/200 发现队列 291/20000 [[fork1]:80 [user1]:211]
[2026-08-05 19:11:07] [W-18] 🔧 开始处理 [user1] 4258806/dll_modify_the_tool
[2026-08-05 19:11:07] [W-18] ⏭️ [user1] 仓库 https://github.com/4258806/dll_modify_the_tool 70561h 未更新，跳过解析（无需追踪）
[2026-08-05 19:11:07] [W-18] ✅ 完成 [user1] 4258806/dll_modify_the_tool | 提取 0 | 新增 0 | 耗时 0s | 配额 4347/4800 11:11UTC | 主队列 46/200 发现队列 290/20000 [[fork1]:80 [user1]:210]
[2026-08-05 19:11:07] [W-18] 🔧 开始处理 [user1] toda-adot/blbl
[2026-08-05 19:11:07] [W-18] 📝 已处理缓存: toda-adot/blbl
[2026-08-05 19:11:07] [W-18] ⏭️ [user1] 仓库 https://github.com/toda-adot/blbl 222h 未更新，跳过解析（无需追踪）
[2026-08-05 19:11:07] [W-5] ✅ 完成 [fork1] ghostflaze/awesome-vpn | 提取 0 | 新增 0 | 耗时 0s | 配额 4347/4800 11:11UTC | 主队列 46/200 发现队列 289/20000 [[fork1]:80 [user1]:209]
[2026-08-05 19:11:07] [W-5] 🔧 开始处理 [user1] toda-adot/cat-catch
[2026-08-05 19:11:07] [W-5] 📝 已处理缓存: toda-adot/cat-catch
[2026-08-05 19:11:07] [W-5] ⏭️ [user1] 仓库 https://github.com/toda-adot/cat-catch 533h 未更新，跳过解析（无需追踪）
[2026-08-05 19:11:07] [W-10] ✅ 完成 [fork1] AndersIves/awesome-vpn | 提取 0 | 新增 0 | 耗时 0s | 配额 4347/4800 11:11UTC | 主队列 46/200 发现队列 288/20000 [[fork1]:80 [user1]:208]
[2026-08-05 19:11:07] [W-10] 🔧 开始处理 [user1] superduke/ganvil
[2026-08-05 19:11:07] [W-10] 📝 已处理缓存: superduke/ganvil
[2026-08-05 19:11:07] [W-10] ⏭️ [user1] 仓库 https://github.com/superduke/ganvil 289h 未更新，跳过解析（无需追踪）
[2026-08-05 19:11:07] [W-2] ✅ 完成 [fork1] lefusky/awesome-vpn | 提取 0 | 新增 0 | 耗时 0s | 配额 4347/4800 11:11UTC | 主队列 46/200 发现队列 287/20000 [[fork1]:80 [user1]:207]
[2026-08-05 19:11:07] [W-2] 🔧 开始处理 [user1] superduke/edgetunnel
[2026-08-05 19:11:07] [W-2] 📝 已处理缓存: superduke/edgetunnel
[2026-08-05 19:11:07] [W-2] ⏭️ [user1] 仓库 https://github.com/superduke/edgetunnel 2123h 未更新，跳过解析（无需追踪）
[2026-08-05 19:11:07] [W-2] ✅ 完成 [user1] superduke/edgetunnel | 提取 0 | 新增 0 | 耗时 0s | 配额 4347/4800 11:11UTC | 主队列 46/200 发现队列 286/20000 [[fork1]:80 [user1]:206]
[2026-08-05 19:11:07] [W-2] 🔧 开始处理 [user1] superduke/pm-skills
[2026-08-05 19:11:07] [W-2] 📝 已处理缓存: superduke/pm-skills
[2026-08-05 19:11:07] [W-2] ⏭️ [user1] 仓库 https://github.com/superduke/pm-skills 3579h 未更新，跳过解析（无需追踪）
[2026-08-05 19:11:07] [W-8] ✅ 完成 [fork1] ReeceChang0912/awesome-vpn | 提取 0 | 新增 0 | 耗时 0s | 配额 4347/4800 11:11UTC | 主队列 46/200 发现队列 285/20000 [[fork1]:80 [user1]:205]
[2026-08-05 19:11:07] [W-8] 🔧 开始处理 [user1] superduke/claude-code
[2026-08-05 19:11:07] [W-8] 📝 已处理缓存: superduke/claude-code
[2026-08-05 19:11:07] [W-8] ⏭️ [user1] 仓库 https://github.com/superduke/claude-code 3047h 未更新，跳过解析（无需追踪）
[2026-08-05 19:11:07] [W-8] ✅ 完成 [user1] superduke/claude-code | 提取 0 | 新增 0 | 耗时 0s | 配额 4347/4800 11:11UTC | 主队列 46/200 发现队列 284/20000 [[fork1]:80 [user1]:204]
[2026-08-05 19:11:07] [W-8] 🔧 开始处理 [user1] superduke/CF-Workers-SUB
[2026-08-05 19:11:07] [W-8] 📝 已处理缓存: superduke/CF-Workers-SUB
[2026-08-05 19:11:07] [W-8] ⏭️ [user1] 仓库 https://github.com/superduke/CF-Workers-SUB 7733h 未更新，跳过解析（无需追踪）
[2026-08-05 19:11:07] [W-23] ✅ 完成 [user1] 4258806/dy | 提取 0 | 新增 0 | 耗时 0s | 配额 4347/4800 11:11UTC | 主队列 46/200 发现队列 283/20000 [[fork1]:80 [user1]:203]
[2026-08-05 19:11:07] [W-23] 🔧 开始处理 [user1] superduke/ChatGPT-Next-Web
[2026-08-05 19:11:07] [W-23] 📝 已处理缓存: superduke/ChatGPT-Next-Web
[2026-08-05 19:11:07] [W-23] ⏭️ [user1] 仓库 https://github.com/superduke/ChatGPT-Next-Web 14337h 未更新，跳过解析（无需追踪）
[2026-08-05 19:11:07] [W-13] ✅ 完成 [user1] 4258806/ikuai-firmware | 提取 0 | 新增 0 | 耗时 0s | 配额 4347/4800 11:11UTC | 主队列 46/200 发现队列 282/20000 [[fork1]:80 [user1]:202]
[2026-08-05 19:11:07] [W-13] 🔧 开始处理 [user1] superduke/openai-gemini
[2026-08-05 19:11:07] [W-13] 📝 已处理缓存: superduke/openai-gemini
[2026-08-05 19:11:07] [W-13] ⏭️ [user1] 仓库 https://github.com/superduke/openai-gemini 11618h 未更新，跳过解析（无需追踪）
[2026-08-05 19:11:07] [W-11] ✅ 完成 [fork1] lockcp/awesome-vpn | 提取 0 | 新增 0 | 耗时 0s | 配额 4347/4800 11:11UTC | 主队列 46/200 发现队列 281/20000 [[fork1]:80 [user1]:201]
[2026-08-05 19:11:07] [W-11] 🔧 开始处理 [user1] superduke/solar-system
[2026-08-05 19:11:07] [W-11] 📝 已处理缓存: superduke/solar-system
[2026-08-05 19:11:07] [W-11] ⏭️ [user1] 仓库 https://github.com/superduke/solar-system 13444h 未更新，跳过解析（无需追踪）
[2026-08-05 19:11:07] [W-11] ✅ 完成 [user1] superduke/solar-system | 提取 0 | 新增 0 | 耗时 0s | 配额 4347/4800 11:11UTC | 主队列 46/200 发现队列 280/20000 [[fork1]:80 [user1]:200]
[2026-08-05 19:11:07] [W-11] 🔧 开始处理 [user1] superduke/freeswitch_docker_file
[2026-08-05 19:11:07] [W-11] 📝 已处理缓存: superduke/freeswitch_docker_file
[2026-08-05 19:11:07] [W-11] ⏭️ [user1] 仓库 https://github.com/superduke/freeswitch_docker_file 24676h 未更新，跳过解析（无需追踪）
[2026-08-05 19:11:07] [W-14] ✅ 完成 [user1] 4258806/KVideo | 提取 0 | 新增 0 | 耗时 0s | 配额 4347/4800 11:11UTC | 主队列 46/200 发现队列 279/20000 [[fork1]:80 [user1]:199]
[2026-08-05 19:11:07] [W-14] 🔧 开始处理 [user1] superduke/CloudflareSpeedTest
[2026-08-05 19:11:07] [W-14] 📝 已处理缓存: superduke/CloudflareSpeedTest
[2026-08-05 19:11:07] [W-14] ⏭️ [user1] 仓库 https://github.com/superduke/CloudflareSpeedTest 13435h 未更新，跳过解析（无需追踪）
[2026-08-05 19:11:07] [W-15] ✅ 完成 [fork1] noveldig/awesome-vpn | 提取 0 | 新增 0 | 耗时 0s | 配额 4347/4800 11:11UTC | 主队列 46/200 发现队列 278/20000 [[fork1]:80 [user1]:198]
[2026-08-05 19:11:07] [W-15] 🔧 开始处理 [user1] superduke/ai-chatbot
[2026-08-05 19:11:07] [W-15] 📝 已处理缓存: superduke/ai-chatbot
[2026-08-05 19:11:07] [W-15] ⏭️ [user1] 仓库 https://github.com/superduke/ai-chatbot 14351h 未更新，跳过解析（无需追踪）
[2026-08-05 19:11:07] [W-4] ✅ 完成 [fork1] nx04/awesome-vpn | 提取 0 | 新增 0 | 耗时 0s | 配额 4347/4800 11:11UTC | 主队列 46/200 发现队列 277/20000 [[fork1]:80 [user1]:197]
[2026-08-05 19:11:07] [W-4] 🔧 开始处理 [user1] superduke/dioxus
[2026-08-05 19:11:07] [W-4] 📝 已处理缓存: superduke/dioxus
[2026-08-05 19:11:07] [W-4] ⏭️ [user1] 仓库 https://github.com/superduke/dioxus 27010h 未更新，跳过解析（无需追踪）
[2026-08-05 19:11:07] [W-16] ✅ 完成 [user1] 4258806/yxip | 提取 0 | 新增 0 | 耗时 0s | 配额 4347/4800 11:11UTC | 主队列 46/200 发现队列 276/20000 [[fork1]:80 [user1]:196]
[2026-08-05 19:11:07] [W-16] 🔧 开始处理 [user1] superduke/gpt-migrate
[2026-08-05 19:11:07] [W-16] 📝 已处理缓存: superduke/gpt-migrate
[2026-08-05 19:11:07] [W-16] ⏭️ [user1] 仓库 https://github.com/superduke/gpt-migrate 27028h 未更新，跳过解析（无需追踪）
[2026-08-05 19:11:07] [W-18] ✅ 完成 [user1] toda-adot/blbl | 提取 0 | 新增 0 | 耗时 0s | 配额 4347/4800 11:11UTC | 主队列 46/200 发现队列 275/20000 [[fork1]:80 [user1]:195]
[2026-08-05 19:11:07] [W-18] 🔧 开始处理 [user1] superduke/electron-vite-boilerplate
[2026-08-05 19:11:07] [W-18] 📝 已处理缓存: superduke/electron-vite-boilerplate
[2026-08-05 19:11:07] [W-18] ⏭️ [user1] 仓库 https://github.com/superduke/electron-vite-boilerplate 28992h 未更新，跳过解析（无需追踪）
[2026-08-05 19:11:07] [W-1] ✅ 完成 [fork1] chmodawk/awesome-vpn | 提取 0 | 新增 0 | 耗时 0s | 配额 4347/4800 11:11UTC | 主队列 46/200 发现队列 274/20000 [[fork1]:80 [user1]:194]
[2026-08-05 19:11:07] [W-1] 🔧 开始处理 [user1] superduke/chatgpt-mac
[2026-08-05 19:11:07] [W-1] 📝 已处理缓存: superduke/chatgpt-mac
[2026-08-05 19:11:07] [W-1] ⏭️ [user1] 仓库 https://github.com/superduke/chatgpt-mac 30793h 未更新，跳过解析（无需追踪）
[2026-08-05 19:11:07] [W-5] ✅ 完成 [user1] toda-adot/cat-catch | 提取 0 | 新增 0 | 耗时 0s | 配额 4347/4800 11:11UTC | 主队列 46/200 发现队列 273/20000 [[fork1]:80 [user1]:193]
[2026-08-05 19:11:07] [W-5] 🔧 开始处理 [user1] superduke/integrated-examples
[2026-08-05 19:11:07] [W-5] 📝 已处理缓存: superduke/integrated-examples
[2026-08-05 19:11:07] [W-5] ⏭️ [user1] 仓库 https://github.com/superduke/integrated-examples 30725h 未更新，跳过解析（无需追踪）
[2026-08-05 19:11:07] [W-5] ✅ 完成 [user1] superduke/integrated-examples | 提取 0 | 新增 0 | 耗时 0s | 配额 4347/4800 11:11UTC | 主队列 46/200 发现队列 272/20000 [[fork1]:80 [user1]:192]
[2026-08-05 19:11:07] [W-5] 🔧 开始处理 [user1] superduke/cra-to-vite
[2026-08-05 19:11:07] [W-5] 📝 已处理缓存: superduke/cra-to-vite
[2026-08-05 19:11:07] [W-5] ⏭️ [user1] 仓库 https://github.com/superduke/cra-to-vite 38637h 未更新，跳过解析（无需追踪）
[2026-08-05 19:11:07] [W-2] ✅ 完成 [user1] superduke/pm-skills | 提取 0 | 新增 0 | 耗时 0s | 配额 4347/4800 11:11UTC | 主队列 46/200 发现队列 271/20000 [[fork1]:80 [user1]:191]
[2026-08-05 19:11:07] [W-2] 🔧 开始处理 [user1] superduke/questdb
[2026-08-05 19:11:07] [W-2] 📝 已处理缓存: superduke/questdb
[2026-08-05 19:11:07] [W-2] ⏭️ [user1] 仓库 https://github.com/superduke/questdb 40013h 未更新，跳过解析（无需追踪）
[2026-08-05 19:11:07] [W-6] ✅ 完成 [fork1] Apretend/awesome-vpn | 提取 0 | 新增 0 | 耗时 0s | 配额 4347/4800 11:11UTC | 主队列 46/200 发现队列 270/20000 [[fork1]:80 [user1]:190]
[2026-08-05 19:11:07] [W-6] 🔧 开始处理 [user1] superduke/Padavan-build
[2026-08-05 19:11:07] [W-6] 📝 已处理缓存: superduke/Padavan-build
[2026-08-05 19:11:07] [W-6] ⏭️ [user1] 仓库 https://github.com/superduke/Padavan-build 48070h 未更新，跳过解析（无需追踪）
[2026-08-05 19:11:07] [W-6] ✅ 完成 [user1] superduke/Padavan-build | 提取 0 | 新增 0 | 耗时 0s | 配额 4347/4800 11:11UTC | 主队列 46/200 发现队列 269/20000 [[fork1]:80 [user1]:189]
[2026-08-05 19:11:07] [W-6] 🔧 开始处理 [user1] superduke/rt-n56u
[2026-08-05 19:11:07] [W-6] 📝 已处理缓存: superduke/rt-n56u
[2026-08-05 19:11:07] [W-6] ⏭️ [user1] 仓库 https://github.com/superduke/rt-n56u 51202h 未更新，跳过解析（无需追踪）
[2026-08-05 19:11:07] [W-23] ✅ 完成 [user1] superduke/ChatGPT-Next-Web | 提取 0 | 新增 0 | 耗时 0s | 配额 4347/4800 11:11UTC | 主队列 46/200 发现队列 268/20000 [[fork1]:80 [user1]:188]
[2026-08-05 19:11:07] [W-23] 🔧 开始处理 [user1] superduke/v2ray
[2026-08-05 19:11:07] [W-23] 📝 已处理缓存: superduke/v2ray
[2026-08-05 19:11:07] [W-23] ⏭️ [user1] 仓库 https://github.com/superduke/v2ray 51603h 未更新，跳过解析（无需追踪）
[2026-08-05 19:11:07] [W-0] ✅ 完成 [user1] 4258806/DH | 提取 0 | 新增 0 | 耗时 0s | 配额 4347/4800 11:11UTC | 主队列 46/200 发现队列 267/20000 [[fork1]:80 [user1]:187]
[2026-08-05 19:11:07] [W-0] 🔧 开始处理 [user1] superduke/-
[2026-08-05 19:11:07] [W-0] 📝 已处理缓存: superduke/-
[2026-08-05 19:11:07] [W-0] ⏭️ [user1] 仓库 https://github.com/superduke/- 57858h 未更新，跳过解析（无需追踪）
[2026-08-05 19:11:07] [W-13] ✅ 完成 [user1] superduke/openai-gemini | 提取 0 | 新增 0 | 耗时 0s | 配额 4347/4800 11:11UTC | 主队列 46/200 发现队列 266/20000 [[fork1]:80 [user1]:186]
[2026-08-05 19:11:07] [W-13] 🔧 开始处理 [user1] superduke/react-native-speech-iflytek
[2026-08-05 19:11:07] [W-13] 📝 已处理缓存: superduke/react-native-speech-iflytek
[2026-08-05 19:11:07] [W-13] ⏭️ [user1] 仓库 https://github.com/superduke/react-native-speech-iflytek 59115h 未更新，跳过解析（无需追踪）
[2026-08-05 19:11:07] [W-11] ✅ 完成 [user1] superduke/freeswitch_docker_file | 提取 0 | 新增 0 | 耗时 0s | 配额 4347/4800 11:11UTC | 主队列 46/200 发现队列 265/20000 [[fork1]:80 [user1]:185]
[2026-08-05 19:11:07] [W-11] 🔧 开始处理 [user1] orionmeetartemis/qBittorrent-Enhanced-Edition
[2026-08-05 19:11:07] [W-11] [user1] 仓库 https://github.com/orionmeetartemis/qBittorrent-Enhanced-Edition (分支: v5_2_x, size: 331016KB, pushed: 2026-08-05T10:04:42Z)
[2026-08-05 19:11:07] [W-20] ✅ 完成 [user1] 4258806/IPDB | 提取 0 | 新增 0 | 耗时 0s | 配额 4347/4800 11:11UTC | 主队列 46/200 发现队列 264/20000 [[fork1]:80 [user1]:184]
[2026-08-05 19:11:07] [W-20] 🔧 开始处理 [user1] orionmeetartemis/CloudFlare-ImgBed
[2026-08-05 19:11:07] [W-20] ⏭️ [user1] 仓库 https://github.com/orionmeetartemis/CloudFlare-ImgBed 151h 未更新，跳过解析（无需追踪）
[2026-08-05 19:11:07] [W-20] ✅ 完成 [user1] orionmeetartemis/CloudFlare-ImgBed | 提取 0 | 新增 0 | 耗时 0s | 配额 4347/4800 11:11UTC | 主队列 46/200 发现队列 263/20000 [[fork1]:80 [user1]:183]
[2026-08-05 19:11:07] [W-20] 🔧 开始处理 [user1] orionmeetartemis/sub-convert
[2026-08-05 19:11:07] [W-20] ⏭️ [user1] 仓库 https://github.com/orionmeetartemis/sub-convert 364h 未更新，跳过解析（无需追踪）
[2026-08-05 19:11:07] [W-15] ✅ 完成 [user1] superduke/ai-chatbot | 提取 0 | 新增 0 | 耗时 0s | 配额 4347/4800 11:11UTC | 主队列 46/200 发现队列 262/20000 [[fork1]:80 [user1]:182]
[2026-08-05 19:11:07] [W-15] 🔧 开始处理 [user1] orionmeetartemis/hubproxy
[2026-08-05 19:11:07] [W-15] ⏭️ [user1] 仓库 https://github.com/orionmeetartemis/hubproxy 571h 未更新，跳过解析（无需追踪）
[2026-08-05 19:11:07] [W-15] ✅ 完成 [user1] orionmeetartemis/hubproxy | 提取 0 | 新增 0 | 耗时 0s | 配额 4347/4800 11:11UTC | 主队列 46/200 发现队列 261/20000 [[fork1]:80 [user1]:181]
[2026-08-05 19:11:07] [W-15] 🔧 开始处理 [user1] orionmeetartemis/fcitx5-enhanced
[2026-08-05 19:11:07] [W-15] ⏭️ [user1] 仓库 https://github.com/orionmeetartemis/fcitx5-enhanced 961h 未更新，跳过解析（无需追踪）
[2026-08-05 19:11:07] [W-15] ✅ 完成 [user1] orionmeetartemis/fcitx5-enhanced | 提取 0 | 新增 0 | 耗时 0s | 配额 4347/4800 11:11UTC | 主队列 46/200 发现队列 260/20000 [[fork1]:80 [user1]:180]
[2026-08-05 19:11:07] [W-15] 🔧 开始处理 [user1] orionmeetartemis/blog-example
[2026-08-05 19:11:07] [W-15] ⏭️ [user1] 仓库 https://github.com/orionmeetartemis/blog-example 5451h 未更新，跳过解析（无需追踪）
[2026-08-05 19:11:07] [W-16] ✅ 完成 [user1] superduke/gpt-migrate | 提取 0 | 新增 0 | 耗时 0s | 配额 4347/4800 11:11UTC | 主队列 46/200 发现队列 259/20000 [[fork1]:80 [user1]:179]
[2026-08-05 19:11:07] [W-16] 🔧 开始处理 [user1] orionmeetartemis/Jetbrains-Help
[2026-08-05 19:11:07] [W-16] ⚠️ [user1] 仓库 https://github.com/orionmeetartemis/Jetbrains-Help 已禁用，跳过
[2026-08-05 19:11:07] [W-1] ✅ 完成 [user1] superduke/chatgpt-mac | 提取 0 | 新增 0 | 耗时 0s | 配额 4347/4800 11:11UTC | 主队列 46/200 发现队列 258/20000 [[fork1]:80 [user1]:178]
[2026-08-05 19:11:07] [W-1] 🔧 开始处理 [user1] orionmeetartemis/nginx_proxy_conf
[2026-08-05 19:11:07] [W-1] ⏭️ [user1] 仓库 https://github.com/orionmeetartemis/nginx_proxy_conf 8113h 未更新，跳过解析（无需追踪）
[2026-08-05 19:11:07] [W-5] ✅ 完成 [user1] superduke/cra-to-vite | 提取 0 | 新增 0 | 耗时 0s | 配额 4347/4800 11:11UTC | 主队列 46/200 发现队列 257/20000 [[fork1]:80 [user1]:177]
[2026-08-05 19:11:07] [W-5] 🔧 开始处理 [user1] orionmeetartemis/wxocr
[2026-08-05 19:11:07] [W-5] ⏭️ [user1] 仓库 https://github.com/orionmeetartemis/wxocr 11959h 未更新，跳过解析（无需追踪）
[2026-08-05 19:11:07] [W-10] ✅ 完成 [user1] superduke/ganvil | 提取 0 | 新增 0 | 耗时 0s | 配额 4347/4800 11:11UTC | 主队列 46/200 发现队列 256/20000 [[fork1]:80 [user1]:176]
[2026-08-05 19:11:07] [W-10] 🔧 开始处理 [user1] orionmeetartemis/PicGo
[2026-08-05 19:11:07] [W-10] ⏭️ [user1] 仓库 https://github.com/orionmeetartemis/PicGo 12049h 未更新，跳过解析（无需追踪）
[2026-08-05 19:11:07] [W-10] ✅ 完成 [user1] orionmeetartemis/PicGo | 提取 0 | 新增 0 | 耗时 0s | 配额 4347/4800 11:11UTC | 主队列 46/200 发现队列 255/20000 [[fork1]:80 [user1]:175]
[2026-08-05 19:11:07] [W-10] 🔧 开始处理 [user1] orionmeetartemis/heanbian-jrebel-license
[2026-08-05 19:11:07] [W-10] ⏭️ [user1] 仓库 https://github.com/orionmeetartemis/heanbian-jrebel-license 17285h 未更新，跳过解析（无需追踪）
[2026-08-05 19:11:07] [W-8] ✅ 完成 [user1] superduke/CF-Workers-SUB | 提取 0 | 新增 0 | 耗时 0s | 配额 4347/4800 11:11UTC | 主队列 46/200 发现队列 254/20000 [[fork1]:80 [user1]:174]
[2026-08-05 19:11:07] [W-8] 🔧 开始处理 [user1] orionmeetartemis/JrebelLicenseServerforJava-1
[2026-08-05 19:11:07] [W-8] ⏭️ [user1] 仓库 https://github.com/orionmeetartemis/JrebelLicenseServerforJava-1 43628h 未更新，跳过解析（无需追踪）
[2026-08-05 19:11:07] [W-8] ✅ 完成 [user1] orionmeetartemis/JrebelLicenseServerforJava-1 | 提取 0 | 新增 0 | 耗时 0s | 配额 4347/4800 11:11UTC | 主队列 46/200 发现队列 253/20000 [[fork1]:80 [user1]:173]
[2026-08-05 19:11:07] [W-8] 🔧 开始处理 [user1] orionmeetartemis/live
[2026-08-05 19:11:07] [W-8] ⏭️ [user1] 仓库 https://github.com/orionmeetartemis/live 14899h 未更新，跳过解析（无需追踪）
[2026-08-05 19:11:07] [W-23] ✅ 完成 [user1] superduke/v2ray | 提取 0 | 新增 0 | 耗时 0s | 配额 4347/4800 11:11UTC | 主队列 46/200 发现队列 252/20000 [[fork1]:80 [user1]:172]
[2026-08-05 19:11:07] [W-23] 🔧 开始处理 [user1] orionmeetartemis/wonderful-prompts
[2026-08-05 19:11:07] [W-23] ⏭️ [user1] 仓库 https://github.com/orionmeetartemis/wonderful-prompts 23312h 未更新，跳过解析（无需追踪）
[2026-08-05 19:11:07] [W-0] ✅ 完成 [user1] superduke/- | 提取 0 | 新增 0 | 耗时 0s | 配额 4347/4800 11:11UTC | 主队列 46/200 发现队列 251/20000 [[fork1]:80 [user1]:171]
[2026-08-05 19:11:07] [W-0] 🔧 开始处理 [user1] orionmeetartemis/awesome-chatgpt-prompts
[2026-08-05 19:11:07] [W-0] ⏭️ [user1] 仓库 https://github.com/orionmeetartemis/awesome-chatgpt-prompts 20680h 未更新，跳过解析（无需追踪）
[2026-08-05 19:11:07] [W-0] ✅ 完成 [user1] orionmeetartemis/awesome-chatgpt-prompts | 提取 0 | 新增 0 | 耗时 0s | 配额 4347/4800 11:11UTC | 主队列 46/200 发现队列 250/20000 [[fork1]:80 [user1]:170]
[2026-08-05 19:11:07] [W-0] 🔧 开始处理 [user1] orionmeetartemis/pic_hide_barcode
[2026-08-05 19:11:07] [W-0] ⏭️ [user1] 仓库 https://github.com/orionmeetartemis/pic_hide_barcode 20734h 未更新，跳过解析（无需追踪）
[2026-08-05 19:11:07] [W-0] ✅ 完成 [user1] orionmeetartemis/pic_hide_barcode | 提取 0 | 新增 0 | 耗时 0s | 配额 4347/4800 11:11UTC | 主队列 46/200 发现队列 249/20000 [[fork1]:80 [user1]:169]
[2026-08-05 19:11:07] [W-0] 🔧 开始处理 [user1] orionmeetartemis/ddia
[2026-08-05 19:11:07] [W-0] ⏭️ [user1] 仓库 https://github.com/orionmeetartemis/ddia 21147h 未更新，跳过解析（无需追踪）
[2026-08-05 19:11:07] [W-0] ✅ 完成 [user1] orionmeetartemis/ddia | 提取 0 | 新增 0 | 耗时 0s | 配额 4347/4800 11:11UTC | 主队列 46/200 发现队列 248/20000 [[fork1]:80 [user1]:168]
[2026-08-05 19:11:07] [W-0] 🔧 开始处理 [user1] orionmeetartemis/book1
[2026-08-05 19:11:07] [W-0] ⏭️ [user1] 仓库 https://github.com/orionmeetartemis/book1 33715h 未更新，跳过解析（无需追踪）
[2026-08-05 19:11:07] [W-14] ✅ 完成 [user1] superduke/CloudflareSpeedTest | 提取 0 | 新增 0 | 耗时 0s | 配额 4347/4800 11:11UTC | 主队列 46/200 发现队列 247/20000 [[fork1]:80 [user1]:167]
[2026-08-05 19:11:07] [W-14] 🔧 开始处理 [user1] orionmeetartemis/awesome-books
[2026-08-05 19:11:07] [W-14] ⏭️ [user1] 仓库 https://github.com/orionmeetartemis/awesome-books 55666h 未更新，跳过解析（无需追踪）
[2026-08-05 19:11:07] [W-14] ✅ 完成 [user1] orionmeetartemis/awesome-books | 提取 0 | 新增 0 | 耗时 0s | 配额 4347/4800 11:11UTC | 主队列 46/200 发现队列 246/20000 [[fork1]:80 [user1]:166]
[2026-08-05 19:11:07] [W-14] 🔧 开始处理 [user1] orionmeetartemis/myuserscripts
[2026-08-05 19:11:07] [W-14] ⏭️ [user1] 仓库 https://github.com/orionmeetartemis/myuserscripts 27084h 未更新，跳过解析（无需追踪）
[2026-08-05 19:11:07] [W-18] ✅ 完成 [user1] superduke/electron-vite-boilerplate | 提取 0 | 新增 0 | 耗时 0s | 配额 4347/4800 11:11UTC | 主队列 46/200 发现队列 245/20000 [[fork1]:80 [user1]:165]
[2026-08-05 19:11:07] [W-18] 🔧 开始处理 [user1] orionmeetartemis/docker-compose-hub
[2026-08-05 19:11:07] [W-18] ⏭️ [user1] 仓库 https://github.com/orionmeetartemis/docker-compose-hub 28185h 未更新，跳过解析（无需追踪）
[2026-08-05 19:11:07] [W-18] ✅ 完成 [user1] orionmeetartemis/docker-compose-hub | 提取 0 | 新增 0 | 耗时 0s | 配额 4347/4800 11:11UTC | 主队列 46/200 发现队列 244/20000 [[fork1]:80 [user1]:164]
[2026-08-05 19:11:07] [W-18] 🔧 开始处理 [user1] orionmeetartemis/WordTemplate
[2026-08-05 19:11:07] [W-18] ⏭️ [user1] 仓库 https://github.com/orionmeetartemis/WordTemplate 55974h 未更新，跳过解析（无需追踪）
[2026-08-05 19:11:07] [W-16] ✅ 完成 [user1] orionmeetartemis/Jetbrains-Help | 提取 0 | 新增 0 | 耗时 0s | 配额 4347/4800 11:11UTC | 主队列 46/200 发现队列 243/20000 [[fork1]:80 [user1]:163]
[2026-08-05 19:11:07] [W-16] 🔧 开始处理 [user1] orionmeetartemis/sfz
[2026-08-05 19:11:07] [W-16] ⏭️ [user1] 仓库 https://github.com/orionmeetartemis/sfz 47134h 未更新，跳过解析（无需追踪）
[2026-08-05 19:11:07] [W-1] ✅ 完成 [user1] orionmeetartemis/nginx_proxy_conf | 提取 0 | 新增 0 | 耗时 0s | 配额 4347/4800 11:11UTC | 主队列 46/200 发现队列 242/20000 [[fork1]:80 [user1]:162]
[2026-08-05 19:11:07] [W-1] 🔧 开始处理 [user1] orionmeetartemis/ChineseBQB
[2026-08-05 19:11:07] [W-1] ⏭️ [user1] 仓库 https://github.com/orionmeetartemis/ChineseBQB 40727h 未更新，跳过解析（无需追踪）
[2026-08-05 19:11:07] [W-1] ✅ 完成 [user1] orionmeetartemis/ChineseBQB | 提取 0 | 新增 0 | 耗时 0s | 配额 4347/4800 11:11UTC | 主队列 46/200 发现队列 241/20000 [[fork1]:80 [user1]:161]
[2026-08-05 19:11:07] [W-1] 🔧 开始处理 [user1] orionmeetartemis/ddddocr
[2026-08-05 19:11:07] [W-1] ⏭️ [user1] 仓库 https://github.com/orionmeetartemis/ddddocr 40183h 未更新，跳过解析（无需追踪）
[2026-08-05 19:11:07] [W-1] ✅ 完成 [user1] orionmeetartemis/ddddocr | 提取 0 | 新增 0 | 耗时 0s | 配额 4347/4800 11:11UTC | 主队列 46/200 发现队列 240/20000 [[fork1]:80 [user1]:160]
[2026-08-05 19:11:07] [W-1] 🔧 开始处理 [user1] orionmeetartemis/spring-boot-assembly
[2026-08-05 19:11:07] [W-1] ⏭️ [user1] 仓库 https://github.com/orionmeetartemis/spring-boot-assembly 63482h 未更新，跳过解析（无需追踪）
[2026-08-05 19:11:07] [W-2] ✅ 完成 [user1] superduke/questdb | 提取 0 | 新增 0 | 耗时 0s | 配额 4347/4800 11:11UTC | 主队列 46/200 发现队列 239/20000 [[fork1]:80 [user1]:159]
[2026-08-05 19:11:07] [W-2] 🔧 开始处理 [user1] orionmeetartemis/book
[2026-08-05 19:11:07] [W-2] ⏭️ [user1] 仓库 https://github.com/orionmeetartemis/book 111365h 未更新，跳过解析（无需追踪）
[2026-08-05 19:11:07] [W-8] ✅ 完成 [user1] orionmeetartemis/live | 提取 0 | 新增 0 | 耗时 0s | 配额 4347/4800 11:11UTC | 主队列 46/200 发现队列 238/20000 [[fork1]:80 [user1]:158]
[2026-08-05 19:11:07] [W-8] 🔧 开始处理 [user1] orionmeetartemis/security-guide-for-developers
[2026-08-05 19:11:07] [W-8] ⏭️ [user1] 仓库 https://github.com/orionmeetartemis/security-guide-for-developers 49734h 未更新，跳过解析（无需追踪）
[2026-08-05 19:11:07] [W-6] ✅ 完成 [user1] superduke/rt-n56u | 提取 0 | 新增 0 | 耗时 0s | 配额 4347/4800 11:11UTC | 主队列 46/200 发现队列 237/20000 [[fork1]:80 [user1]:157]
[2026-08-05 19:11:07] [W-6] 🔧 开始处理 [user1] orionmeetartemis/Developer-Books
[2026-08-05 19:11:07] [W-6] ⏭️ [user1] 仓库 https://github.com/orionmeetartemis/Developer-Books 55608h 未更新，跳过解析（无需追踪）
[2026-08-05 19:11:07] [W-23] ✅ 完成 [user1] orionmeetartemis/wonderful-prompts | 提取 0 | 新增 0 | 耗时 0s | 配额 4347/4800 11:11UTC | 主队列 46/200 发现队列 236/20000 [[fork1]:80 [user1]:156]
[2026-08-05 19:11:07] [W-23] 🔧 开始处理 [user1] orionmeetartemis/ibm_bak
[2026-08-05 19:11:07] [W-23] ⏭️ [user1] 仓库 https://github.com/orionmeetartemis/ibm_bak 48218h 未更新，跳过解析（无需追踪）
[2026-08-05 19:11:07] [W-6] ✅ 完成 [user1] orionmeetartemis/Developer-Books | 提取 0 | 新增 0 | 耗时 0s | 配额 4347/4800 11:11UTC | 主队列 46/200 发现队列 235/20000 [[fork1]:80 [user1]:155]
[2026-08-05 19:11:07] [W-6] 🔧 开始处理 [user1] zhalkzs/WorkerVless2sub
[2026-08-05 19:11:07] [W-6] [user1] 仓库 https://github.com/zhalkzs/WorkerVless2sub (分支: main, size: 3814KB, pushed: 2026-08-05T02:36:47Z)
[2026-08-05 19:11:07] [W-13] ✅ 完成 [user1] superduke/react-native-speech-iflytek | 提取 0 | 新增 0 | 耗时 0s | 配额 4347/4800 11:11UTC | 主队列 46/200 发现队列 234/20000 [[fork1]:80 [user1]:154]
[2026-08-05 19:11:07] [W-13] 🔧 开始处理 [user1] zhalkzs/aimili-vpngate
[2026-08-05 19:11:07] [W-13] 📝 已处理缓存: zhalkzs/aimili-vpngate
[2026-08-05 19:11:07] [W-13] ⏭️ [user1] 仓库 https://github.com/zhalkzs/aimili-vpngate 1412h 未更新，跳过解析（无需追踪）
[2026-08-05 19:11:07] [W-20] ✅ 完成 [user1] orionmeetartemis/sub-convert | 提取 0 | 新增 0 | 耗时 0s | 配额 4347/4800 11:11UTC | 主队列 46/200 发现队列 233/20000 [[fork1]:80 [user1]:153]
[2026-08-05 19:11:07] [W-20] 🔧 开始处理 [user1] zhalkzs/Custom_OpenClash_Rules
[2026-08-05 19:11:07] [W-20] 📝 已处理缓存: zhalkzs/Custom_OpenClash_Rules
[2026-08-05 19:11:07] [W-20] ⏭️ [user1] 仓库 https://github.com/zhalkzs/Custom_OpenClash_Rules 1537h 未更新，跳过解析（无需追踪）
[2026-08-05 19:11:07] [W-15] ✅ 完成 [user1] orionmeetartemis/blog-example | 提取 0 | 新增 0 | 耗时 0s | 配额 4347/4800 11:11UTC | 主队列 46/200 发现队列 232/20000 [[fork1]:80 [user1]:152]
[2026-08-05 19:11:07] [W-15] 🔧 开始处理 [user1] zhalkzs/edgetunnel
[2026-08-05 19:11:07] [W-15] 📝 已处理缓存: zhalkzs/edgetunnel
[2026-08-05 19:11:07] [W-15] ⏭️ [user1] 仓库 https://github.com/zhalkzs/edgetunnel 1563h 未更新，跳过解析（无需追踪）
[2026-08-05 19:11:07] [W-15] ✅ 完成 [user1] zhalkzs/edgetunnel | 提取 0 | 新增 0 | 耗时 0s | 配额 4347/4800 11:11UTC | 主队列 46/200 发现队列 231/20000 [[fork1]:80 [user1]:151]
[2026-08-05 19:11:07] [W-15] 🔧 开始处理 [user1] zhalkzs/ech-wk
[2026-08-05 19:11:07] [W-15] 📝 已处理缓存: zhalkzs/ech-wk
[2026-08-05 19:11:07] [W-15] ⏭️ [user1] 仓库 https://github.com/zhalkzs/ech-wk 5498h 未更新，跳过解析（无需追踪）
[2026-08-05 19:11:07] [W-4] ✅ 完成 [user1] superduke/dioxus | 提取 0 | 新增 0 | 耗时 0s | 配额 4347/4800 11:11UTC | 主队列 46/200 发现队列 230/20000 [[fork1]:80 [user1]:150]
[2026-08-05 19:11:07] [W-4] 🔧 开始处理 [user1] zhalkzs/snippets
[2026-08-05 19:11:07] [W-4] 📝 已处理缓存: zhalkzs/snippets
[2026-08-05 19:11:07] [W-4] ⏭️ [user1] 仓库 https://github.com/zhalkzs/snippets 1544h 未更新，跳过解析（无需追踪）
[2026-08-05 19:11:07] [W-14] ✅ 完成 [user1] orionmeetartemis/myuserscripts | 提取 0 | 新增 0 | 耗时 0s | 配额 4347/4800 11:11UTC | 主队列 46/200 发现队列 229/20000 [[fork1]:80 [user1]:149]
[2026-08-05 19:11:07] [W-14] 🔧 开始处理 [user1] zhalkzs/cf-worker-vless
[2026-08-05 19:11:07] [W-14] 📝 已处理缓存: zhalkzs/cf-worker-vless
[2026-08-05 19:11:07] [W-14] ⏭️ [user1] 仓库 https://github.com/zhalkzs/cf-worker-vless 1737h 未更新，跳过解析（无需追踪）
[2026-08-05 19:11:07] [W-14] ✅ 完成 [user1] zhalkzs/cf-worker-vless | 提取 0 | 新增 0 | 耗时 0s | 配额 4347/4800 11:11UTC | 主队列 46/200 发现队列 228/20000 [[fork1]:80 [user1]:148]
[2026-08-05 19:11:07] [W-14] 🔧 开始处理 [user1] zhalkzs/Cloudflare-Vless
[2026-08-05 19:11:07] [W-14] 📝 已处理缓存: zhalkzs/Cloudflare-Vless
[2026-08-05 19:11:07] [W-14] ⏭️ [user1] 仓库 https://github.com/zhalkzs/Cloudflare-Vless 1807h 未更新，跳过解析（无需追踪）
[2026-08-05 19:11:07] [W-5] ✅ 完成 [user1] orionmeetartemis/wxocr | 提取 0 | 新增 0 | 耗时 0s | 配额 4347/4800 11:11UTC | 主队列 46/200 发现队列 227/20000 [[fork1]:80 [user1]:147]
[2026-08-05 19:11:07] [W-5] 🔧 开始处理 [user1] zhalkzs/edcloudwasm
[2026-08-05 19:11:07] [W-5] 📝 已处理缓存: zhalkzs/edcloudwasm
[2026-08-05 19:11:07] [W-5] ⏭️ [user1] 仓库 https://github.com/zhalkzs/edcloudwasm 1541h 未更新，跳过解析（无需追踪）
[2026-08-05 19:11:07] [W-5] ✅ 完成 [user1] zhalkzs/edcloudwasm | 提取 0 | 新增 0 | 耗时 0s | 配额 4347/4800 11:11UTC | 主队列 46/200 发现队列 226/20000 [[fork1]:80 [user1]:146]
[2026-08-05 19:11:07] [W-5] 🔧 开始处理 [user1] zhalkzs/MiSub
[2026-08-05 19:11:07] [W-5] 📝 已处理缓存: zhalkzs/MiSub
[2026-08-05 19:11:07] [W-5] ⏭️ [user1] 仓库 https://github.com/zhalkzs/MiSub 1760h 未更新，跳过解析（无需追踪）
[2026-08-05 19:11:07] [W-1] ✅ 完成 [user1] orionmeetartemis/spring-boot-assembly | 提取 0 | 新增 0 | 耗时 0s | 配额 4347/4800 11:11UTC | 主队列 46/200 发现队列 225/20000 [[fork1]:80 [user1]:145]
[2026-08-05 19:11:07] [W-1] 🔧 开始处理 [user1] zhalkzs/cloud-mail
[2026-08-05 19:11:07] [W-1] 📝 已处理缓存: zhalkzs/cloud-mail
[2026-08-05 19:11:07] [W-1] ⏭️ [user1] 仓库 https://github.com/zhalkzs/cloud-mail 2030h 未更新，跳过解析（无需追踪）
[2026-08-05 19:11:07] [W-1] ✅ 完成 [user1] zhalkzs/cloud-mail | 提取 0 | 新增 0 | 耗时 0s | 配额 4347/4800 11:11UTC | 主队列 46/200 发现队列 224/20000 [[fork1]:80 [user1]:144]
[2026-08-05 19:11:07] [W-1] 🔧 开始处理 [user1] zhalkzs/yx-auto
[2026-08-05 19:11:07] [W-1] 📝 已处理缓存: zhalkzs/yx-auto
[2026-08-05 19:11:07] [W-1] ⏭️ [user1] 仓库 https://github.com/zhalkzs/yx-auto 4007h 未更新，跳过解析（无需追踪）
[2026-08-05 19:11:07] [W-8] ✅ 完成 [user1] orionmeetartemis/security-guide-for-developers | 提取 0 | 新增 0 | 耗时 0s | 配额 4347/4800 11:11UTC | 主队列 46/200 发现队列 223/20000 [[fork1]:80 [user1]:143]
[2026-08-05 19:11:07] [W-8] 🔧 开始处理 [user1] zhalkzs/SubsTracker
[2026-08-05 19:11:07] [W-8] 📝 已处理缓存: zhalkzs/SubsTracker
[2026-08-05 19:11:07] [W-8] ⏭️ [user1] 仓库 https://github.com/zhalkzs/SubsTracker 4007h 未更新，跳过解析（无需追踪）
[2026-08-05 19:11:07] [W-8] ✅ 完成 [user1] zhalkzs/SubsTracker | 提取 0 | 新增 0 | 耗时 0s | 配额 4347/4800 11:11UTC | 主队列 46/200 发现队列 222/20000 [[fork1]:80 [user1]:142]
[2026-08-05 19:11:07] [W-8] 🔧 开始处理 [user1] zhalkzs/CF-DNS-Clone
[2026-08-05 19:11:07] [W-8] 📝 已处理缓存: zhalkzs/CF-DNS-Clone
[2026-08-05 19:11:07] [W-8] ⏭️ [user1] 仓库 https://github.com/zhalkzs/CF-DNS-Clone 4007h 未更新，跳过解析（无需追踪）
[2026-08-05 19:11:07] [W-0] ✅ 完成 [user1] orionmeetartemis/book1 | 提取 0 | 新增 0 | 耗时 0s | 配额 4347/4800 11:11UTC | 主队列 46/200 发现队列 221/20000 [[fork1]:80 [user1]:141]
[2026-08-05 19:11:07] [W-0] 🔧 开始处理 [user1] zhalkzs/cfnew
[2026-08-05 19:11:07] [W-0] 📝 已处理缓存: zhalkzs/cfnew
[2026-08-05 19:11:07] [W-0] ⏭️ [user1] 仓库 https://github.com/zhalkzs/cfnew 4007h 未更新，跳过解析（无需追踪）
[2026-08-05 19:11:07] [W-0] ✅ 完成 [user1] zhalkzs/cfnew | 提取 0 | 新增 0 | 耗时 0s | 配额 4347/4800 11:11UTC | 主队列 46/200 发现队列 220/20000 [[fork1]:80 [user1]:140]
[2026-08-05 19:11:07] [W-0] 🔧 开始处理 [user1] zhalkzs/BPB-Worker-Panel
[2026-08-05 19:11:07] [W-0] 📝 已处理缓存: zhalkzs/BPB-Worker-Panel
[2026-08-05 19:11:07] [W-0] ⏭️ [user1] 仓库 https://github.com/zhalkzs/BPB-Worker-Panel 4007h 未更新，跳过解析（无需追踪）
[2026-08-05 19:11:07] [W-13] ✅ 完成 [user1] zhalkzs/aimili-vpngate | 提取 0 | 新增 0 | 耗时 0s | 配额 4347/4800 11:11UTC | 主队列 46/200 发现队列 219/20000 [[fork1]:80 [user1]:139]
[2026-08-05 19:11:07] [W-13] 🔧 开始处理 [user1] zhalkzs/CF-Workers-BPSUB
[2026-08-05 19:11:07] [W-13] 📝 已处理缓存: zhalkzs/CF-Workers-BPSUB
[2026-08-05 19:11:07] [W-13] ⏭️ [user1] 仓库 https://github.com/zhalkzs/CF-Workers-BPSUB 4007h 未更新，跳过解析（无需追踪）
[2026-08-05 19:11:07] [W-13] ✅ 完成 [user1] zhalkzs/CF-Workers-BPSUB | 提取 0 | 新增 0 | 耗时 0s | 配额 4347/4800 11:11UTC | 主队列 46/200 发现队列 218/20000 [[fork1]:80 [user1]:138]
[2026-08-05 19:11:07] [W-13] 🔧 开始处理 [user1] zhalkzs/CF-Workers-DoH
[2026-08-05 19:11:07] [W-13] 📝 已处理缓存: zhalkzs/CF-Workers-DoH
[2026-08-05 19:11:07] [W-13] ⏭️ [user1] 仓库 https://github.com/zhalkzs/CF-Workers-DoH 7147h 未更新，跳过解析（无需追踪）
[2026-08-05 19:11:07] [W-18] ✅ 完成 [user1] orionmeetartemis/WordTemplate | 提取 0 | 新增 0 | 耗时 0s | 配额 4347/4800 11:11UTC | 主队列 46/200 发现队列 217/20000 [[fork1]:80 [user1]:137]
[2026-08-05 19:11:07] [W-18] 🔧 开始处理 [user1] zhalkzs/CF-Workers-CheckProxyIP
[2026-08-05 19:11:07] [W-18] 📝 已处理缓存: zhalkzs/CF-Workers-CheckProxyIP
[2026-08-05 19:11:07] [W-18] ⏭️ [user1] 仓库 https://github.com/zhalkzs/CF-Workers-CheckProxyIP 5548h 未更新，跳过解析（无需追踪）
[2026-08-05 19:11:07] [W-18] ✅ 完成 [user1] zhalkzs/CF-Workers-CheckProxyIP | 提取 0 | 新增 0 | 耗时 0s | 配额 4347/4800 11:11UTC | 主队列 46/200 发现队列 216/20000 [[fork1]:80 [user1]:136]
[2026-08-05 19:11:07] [W-18] 🔧 开始处理 [user1] zhalkzs/CF-Workers-GitHub
[2026-08-05 19:11:07] [W-18] 📝 已处理缓存: zhalkzs/CF-Workers-GitHub
[2026-08-05 19:11:07] [W-18] ⏭️ [user1] 仓库 https://github.com/zhalkzs/CF-Workers-GitHub 11116h 未更新，跳过解析（无需追踪）
[2026-08-05 19:11:07] [W-15] ✅ 完成 [user1] zhalkzs/ech-wk | 提取 0 | 新增 0 | 耗时 0s | 配额 4347/4800 11:11UTC | 主队列 46/200 发现队列 215/20000 [[fork1]:80 [user1]:135]
[2026-08-05 19:11:07] [W-15] 🔧 开始处理 [user1] zhalkzs/luci-app-ech-workers
[2026-08-05 19:11:07] [W-15] 📝 已处理缓存: zhalkzs/luci-app-ech-workers
[2026-08-05 19:11:07] [W-15] ⏭️ [user1] 仓库 https://github.com/zhalkzs/luci-app-ech-workers 5660h 未更新，跳过解析（无需追踪）
[2026-08-05 19:11:07] [W-16] ✅ 完成 [user1] orionmeetartemis/sfz | 提取 0 | 新增 0 | 耗时 0s | 配额 4347/4800 11:11UTC | 主队列 46/200 发现队列 214/20000 [[fork1]:80 [user1]:134]
[2026-08-05 19:11:07] [W-16] 🔧 开始处理 [user1] zhalkzs/LibreTV
[2026-08-05 19:11:07] [W-16] 📝 已处理缓存: zhalkzs/LibreTV
[2026-08-05 19:11:07] [W-16] ⏭️ [user1] 仓库 https://github.com/zhalkzs/LibreTV 6664h 未更新，跳过解析（无需追踪）
[2026-08-05 19:11:07] [W-16] ✅ 完成 [user1] zhalkzs/LibreTV | 提取 0 | 新增 0 | 耗时 0s | 配额 4347/4800 11:11UTC | 主队列 46/200 发现队列 213/20000 [[fork1]:80 [user1]:133]
[2026-08-05 19:11:07] [W-16] 🔧 开始处理 [user1] zhalkzs/CF-Workers-Raw
[2026-08-05 19:11:07] [W-16] 📝 已处理缓存: zhalkzs/CF-Workers-Raw
[2026-08-05 19:11:07] [W-16] ⏭️ [user1] 仓库 https://github.com/zhalkzs/CF-Workers-Raw 6664h 未更新，跳过解析（无需追踪）
[2026-08-05 19:11:07] [W-20] ✅ 完成 [user1] zhalkzs/Custom_OpenClash_Rules | 提取 0 | 新增 0 | 耗时 0s | 配额 4347/4800 11:11UTC | 主队列 46/200 发现队列 212/20000 [[fork1]:80 [user1]:132]
[2026-08-05 19:11:07] [W-20] 🔧 开始处理 [user1] zhalkzs/epeius
[2026-08-05 19:11:07] [W-20] 📝 已处理缓存: zhalkzs/epeius
[2026-08-05 19:11:07] [W-20] ⏭️ [user1] 仓库 https://github.com/zhalkzs/epeius 6921h 未更新，跳过解析（无需追踪）
[2026-08-05 19:11:07] [W-10] ✅ 完成 [user1] orionmeetartemis/heanbian-jrebel-license | 提取 0 | 新增 0 | 耗时 0s | 配额 4347/4800 11:11UTC | 主队列 46/200 发现队列 211/20000 [[fork1]:80 [user1]:131]
[2026-08-05 19:11:07] [W-10] 🔧 开始处理 [user1] zhalkzs/CF-Workers-SUB
[2026-08-05 19:11:07] [W-10] 📝 已处理缓存: zhalkzs/CF-Workers-SUB
[2026-08-05 19:11:07] [W-10] ⏭️ [user1] 仓库 https://github.com/zhalkzs/CF-Workers-SUB 7906h 未更新，跳过解析（无需追踪）
[2026-08-05 19:11:07] [W-1] ✅ 完成 [user1] zhalkzs/yx-auto | 提取 0 | 新增 0 | 耗时 0s | 配额 4347/4800 11:11UTC | 主队列 46/200 发现队列 210/20000 [[fork1]:80 [user1]:130]
[2026-08-05 19:11:07] [W-1] 🔧 开始处理 [user1] zhalkzs/MoonTV
[2026-08-05 19:11:07] [W-1] 📝 已处理缓存: zhalkzs/MoonTV
[2026-08-05 19:11:07] [W-1] ⏭️ [user1] 仓库 https://github.com/zhalkzs/MoonTV 8777h 未更新，跳过解析（无需追踪）
[2026-08-05 19:11:07] [W-2] ✅ 完成 [user1] orionmeetartemis/book | 提取 0 | 新增 0 | 耗时 0s | 配额 4347/4800 11:11UTC | 主队列 46/200 发现队列 209/20000 [[fork1]:80 [user1]:129]
[2026-08-05 19:11:07] [W-2] 🔧 开始处理 [user1] zhalkzs/CFnat-Windows-GUI
[2026-08-05 19:11:07] [W-2] 📝 已处理缓存: zhalkzs/CFnat-Windows-GUI
[2026-08-05 19:11:07] [W-2] ⏭️ [user1] 仓库 https://github.com/zhalkzs/CFnat-Windows-GUI 14826h 未更新，跳过解析（无需追踪）
[2026-08-05 19:11:07] [W-8] ✅ 完成 [user1] zhalkzs/CF-DNS-Clone | 提取 0 | 新增 0 | 耗时 0s | 配额 4347/4800 11:11UTC | 主队列 46/200 发现队列 208/20000 [[fork1]:80 [user1]:128]
[2026-08-05 19:11:07] [W-8] 🔧 开始处理 [user1] zhalkzs/SubsCheck-Win-GUI
[2026-08-05 19:11:07] [W-8] 📝 已处理缓存: zhalkzs/SubsCheck-Win-GUI
[2026-08-05 19:11:07] [W-8] ⏭️ [user1] 仓库 https://github.com/zhalkzs/SubsCheck-Win-GUI 9175h 未更新，跳过解析（无需追踪）
[2026-08-05 19:11:07] [W-23] ✅ 完成 [user1] orionmeetartemis/ibm_bak | 提取 0 | 新增 0 | 耗时 0s | 配额 4347/4800 11:11UTC | 主队列 46/200 发现队列 207/20000 [[fork1]:80 [user1]:127]
[2026-08-05 19:11:07] [W-23] 🔧 开始处理 [user1] zhalkzs/CFcdnVmess2sub
[2026-08-05 19:11:07] [W-23] 📝 已处理缓存: zhalkzs/CFcdnVmess2sub
[2026-08-05 19:11:07] [W-23] ⏭️ [user1] 仓库 https://github.com/zhalkzs/CFcdnVmess2sub 9175h 未更新，跳过解析（无需追踪）
[2026-08-05 19:11:07] [W-23] ✅ 完成 [user1] zhalkzs/CFcdnVmess2sub | 提取 0 | 新增 0 | 耗时 0s | 配额 4347/4800 11:11UTC | 主队列 46/200 发现队列 206/20000 [[fork1]:80 [user1]:126]
[2026-08-05 19:11:07] [W-23] 🔧 开始处理 [user1] zhalkzs/CF-Workers-TEXT2KV
[2026-08-05 19:11:07] [W-23] 📝 已处理缓存: zhalkzs/CF-Workers-TEXT2KV
[2026-08-05 19:11:07] [W-23] ⏭️ [user1] 仓库 https://github.com/zhalkzs/CF-Workers-TEXT2KV 9176h 未更新，跳过解析（无需追踪）
[2026-08-05 19:11:07] [W-4] ✅ 完成 [user1] zhalkzs/snippets | 提取 0 | 新增 0 | 耗时 0s | 配额 4347/4800 11:11UTC | 主队列 46/200 发现队列 205/20000 [[fork1]:80 [user1]:125]
[2026-08-05 19:11:07] [W-4] 🔧 开始处理 [user1] housaiyinmamaide/domain-list-community
[2026-08-05 19:11:07] [W-4] [user1] 仓库 https://github.com/housaiyinmamaide/domain-list-community (分支: master, size: 10033KB, pushed: 2026-08-05T08:34:05Z)
[2026-08-05 19:11:07] [W-18] ✅ 完成 [user1] zhalkzs/CF-Workers-GitHub | 提取 0 | 新增 0 | 耗时 0s | 配额 4347/4800 11:11UTC | 主队列 46/200 发现队列 204/20000 [[fork1]:80 [user1]:124]
[2026-08-05 19:11:07] [W-18] 🔧 开始处理 [user1] housaiyinmamaide/meta-rules-dat
[2026-08-05 19:11:07] [W-18] 📝 已处理缓存: housaiyinmamaide/meta-rules-dat
[2026-08-05 19:11:07] [W-18] ⏭️ [user1] 仓库 https://github.com/housaiyinmamaide/meta-rules-dat 1469h 未更新，跳过解析（无需追踪）
[2026-08-05 19:11:07] [W-15] ✅ 完成 [user1] zhalkzs/luci-app-ech-workers | 提取 0 | 新增 0 | 耗时 0s | 配额 4347/4800 11:11UTC | 主队列 46/200 发现队列 203/20000 [[fork1]:80 [user1]:123]
[2026-08-05 19:11:07] [W-15] 🔧 开始处理 [user1] housaiyinmamaide/CF-Workers-SUB
[2026-08-05 19:11:07] [W-15] 📝 已处理缓存: housaiyinmamaide/CF-Workers-SUB
[2026-08-05 19:11:07] [W-15] ⏭️ [user1] 仓库 https://github.com/housaiyinmamaide/CF-Workers-SUB 7903h 未更新，跳过解析（无需追踪）
[2026-08-05 19:11:07] [W-15] ✅ 完成 [user1] housaiyinmamaide/CF-Workers-SUB | 提取 0 | 新增 0 | 耗时 0s | 配额 4347/4800 11:11UTC | 主队列 46/200 发现队列 202/20000 [[fork1]:80 [user1]:122]
[2026-08-05 19:11:07] [W-15] 🔧 开始处理 [user1] housaiyinmamaide/tr-pages
[2026-08-05 19:11:07] [W-15] 📝 已处理缓存: housaiyinmamaide/tr-pages
[2026-08-05 19:11:07] [W-15] ⏭️ [user1] 仓库 https://github.com/housaiyinmamaide/tr-pages 11424h 未更新，跳过解析（无需追踪）
[2026-08-05 19:11:07] [W-15] ✅ 完成 [user1] housaiyinmamaide/tr-pages | 提取 0 | 新增 0 | 耗时 0s | 配额 4347/4800 11:11UTC | 主队列 46/200 发现队列 201/20000 [[fork1]:80 [user1]:121]
[2026-08-05 19:11:07] [W-15] 🔧 开始处理 [user1] housaiyinmamaide/cfp
[2026-08-05 19:11:07] [W-15] 📝 已处理缓存: housaiyinmamaide/cfp
[2026-08-05 19:11:07] [W-15] ⏭️ [user1] 仓库 https://github.com/housaiyinmamaide/cfp 12669h 未更新，跳过解析（无需追踪）
[2026-08-05 19:11:07] [W-15] ✅ 完成 [user1] housaiyinmamaide/cfp | 提取 0 | 新增 0 | 耗时 0s | 配额 4347/4800 11:11UTC | 主队列 46/200 发现队列 200/20000 [[fork1]:80 [user1]:120]
[2026-08-05 19:11:07] [W-15] 🔧 开始处理 [user1] zwdnwlm/LunaTV-config
[2026-08-05 19:11:07] [W-15] [user1] 仓库 https://github.com/zwdnwlm/LunaTV-config (分支: main, size: 4544KB, pushed: 2026-08-04T18:25:00Z)
[2026-08-05 19:11:07] [W-13] ✅ 完成 [user1] zhalkzs/CF-Workers-DoH | 提取 0 | 新增 0 | 耗时 0s | 配额 4347/4800 11:11UTC | 主队列 46/200 发现队列 199/20000 [[fork1]:80 [user1]:119]
[2026-08-05 19:11:07] [W-13] 🔧 开始处理 [user1] zwdnwlm/edgetunnel
[2026-08-05 19:11:07] [W-13] ⏭️ [user1] 仓库 https://github.com/zwdnwlm/edgetunnel 153h 未更新，跳过解析（无需追踪）
[2026-08-05 19:11:07] [W-10] ✅ 完成 [user1] zhalkzs/CF-Workers-SUB | 提取 0 | 新增 0 | 耗时 0s | 配额 4347/4800 11:11UTC | 主队列 46/200 发现队列 198/20000 [[fork1]:80 [user1]:118]
[2026-08-05 19:11:07] [W-10] 🔧 开始处理 [user1] zwdnwlm/Microsoft
[2026-08-05 19:11:07] [W-10] ⏭️ [user1] 仓库 https://github.com/zwdnwlm/Microsoft 11518h 未更新，跳过解析（无需追踪）
[2026-08-05 19:11:07] [W-1] ✅ 完成 [user1] zhalkzs/MoonTV | 提取 0 | 新增 0 | 耗时 0s | 配额 4347/4800 11:11UTC | 主队列 46/200 发现队列 197/20000 [[fork1]:80 [user1]:117]
[2026-08-05 19:11:07] [W-1] 🔧 开始处理 [user1] zwdnwlm/ddgksf2013
[2026-08-05 19:11:07] [W-1] ⏭️ [user1] 仓库 https://github.com/zwdnwlm/ddgksf2013 695h 未更新，跳过解析（无需追踪）
[2026-08-05 19:11:07] [W-1] ✅ 完成 [user1] zwdnwlm/ddgksf2013 | 提取 0 | 新增 0 | 耗时 0s | 配额 4347/4800 11:11UTC | 主队列 46/200 发现队列 196/20000 [[fork1]:80 [user1]:116]
[2026-08-05 19:11:07] [W-1] 🔧 开始处理 [user1] zwdnwlm/rule-qcy
[2026-08-05 19:11:07] [W-1] ⏭️ [user1] 仓库 https://github.com/zwdnwlm/rule-qcy 695h 未更新，跳过解析（无需追踪）
[2026-08-05 19:11:07] [W-8] ✅ 完成 [user1] zhalkzs/SubsCheck-Win-GUI | 提取 0 | 新增 0 | 耗时 0s | 配额 4347/4800 11:11UTC | 主队列 46/200 发现队列 195/20000 [[fork1]:80 [user1]:115]
[2026-08-05 19:11:07] [W-8] 🔧 开始处理 [user1] zwdnwlm/clash-ange
[2026-08-05 19:11:07] [W-8] ⏭️ [user1] 仓库 https://github.com/zwdnwlm/clash-ange 695h 未更新，跳过解析（无需追踪）
[2026-08-05 19:11:07] [W-8] ✅ 完成 [user1] zwdnwlm/clash-ange | 提取 0 | 新增 0 | 耗时 0s | 配额 4347/4800 11:11UTC | 主队列 46/200 发现队列 194/20000 [[fork1]:80 [user1]:114]
[2026-08-05 19:11:07] [W-8] 🔧 开始处理 [user1] zwdnwlm/cfnew
[2026-08-05 19:11:07] [W-8] ⏭️ [user1] 仓库 https://github.com/zwdnwlm/cfnew 695h 未更新，跳过解析（无需追踪）
[2026-08-05 19:11:07] [W-0] ✅ 完成 [user1] zhalkzs/BPB-Worker-Panel | 提取 0 | 新增 0 | 耗时 0s | 配额 4347/4800 11:11UTC | 主队列 46/200 发现队列 193/20000 [[fork1]:80 [user1]:113]
[2026-08-05 19:11:07] [W-0] 🔧 开始处理 [user1] zwdnwlm/MiSub
[2026-08-05 19:11:07] [W-0] ⏭️ [user1] 仓库 https://github.com/zwdnwlm/MiSub 723h 未更新，跳过解析（无需追踪）
[2026-08-05 19:11:07] [W-16] ✅ 完成 [user1] zhalkzs/CF-Workers-Raw | 提取 0 | 新增 0 | 耗时 0s | 配额 4347/4800 11:11UTC | 主队列 46/200 发现队列 192/20000 [[fork1]:80 [user1]:112]
[2026-08-05 19:11:07] [W-16] 🔧 开始处理 [user1] zwdnwlm/AutoBuildImmortalWrt
[2026-08-05 19:11:07] [W-16] ⏭️ [user1] 仓库 https://github.com/zwdnwlm/AutoBuildImmortalWrt 1131h 未更新，跳过解析（无需追踪）
[2026-08-05 19:11:07] [W-16] ✅ 完成 [user1] zwdnwlm/AutoBuildImmortalWrt | 提取 0 | 新增 0 | 耗时 0s | 配额 4347/4800 11:11UTC | 主队列 46/200 发现队列 191/20000 [[fork1]:80 [user1]:111]
[2026-08-05 19:11:07] [W-16] 🔧 开始处理 [user1] zwdnwlm/BestCF
[2026-08-05 19:11:07] [W-16] [user1] 仓库 https://github.com/zwdnwlm/BestCF (分支: main, size: 10KB, pushed: 2026-08-05T02:06:44Z)
[2026-08-05 19:11:07] [W-14] ✅ 完成 [user1] zhalkzs/Cloudflare-Vless | 提取 0 | 新增 0 | 耗时 0s | 配额 4347/4800 11:11UTC | 主队列 46/200 发现队列 190/20000 [[fork1]:80 [user1]:110]
[2026-08-05 19:11:07] [W-14] 🔧 开始处理 [user1] zwdnwlm/awesome-cloudflare
[2026-08-05 19:11:07] [W-14] ⏭️ [user1] 仓库 https://github.com/zwdnwlm/awesome-cloudflare 3308h 未更新，跳过解析（无需追踪）
[2026-08-05 19:11:07] [W-5] ✅ 完成 [user1] zhalkzs/MiSub | 提取 0 | 新增 0 | 耗时 0s | 配额 4347/4800 11:11UTC | 主队列 46/200 发现队列 189/20000 [[fork1]:80 [user1]:109]
[2026-08-05 19:11:07] [W-5] 🔧 开始处理 [user1] zwdnwlm/vod
[2026-08-05 19:11:07] [W-5] ⏭️ [user1] 仓库 https://github.com/zwdnwlm/vod 5112h 未更新，跳过解析（无需追踪）
[2026-08-05 19:11:07] [W-5] ✅ 完成 [user1] zwdnwlm/vod | 提取 0 | 新增 0 | 耗时 0s | 配额 4347/4800 11:11UTC | 主队列 46/200 发现队列 188/20000 [[fork1]:80 [user1]:108]
[2026-08-05 19:11:07] [W-5] 🔧 开始处理 [user1] zwdnwlm/cfipcaiji
[2026-08-05 19:11:07] [W-5] ⚠️ [user1] 仓库 https://github.com/zwdnwlm/cfipcaiji 已禁用，跳过
[2026-08-05 19:11:07] [W-5] ✅ 完成 [user1] zwdnwlm/cfipcaiji | 提取 0 | 新增 0 | 耗时 0s | 配额 4347/4800 11:11UTC | 主队列 46/200 发现队列 187/20000 [[fork1]:80 [user1]:107]
[2026-08-05 19:11:07] [W-5] 🔧 开始处理 [user1] zwdnwlm/CF-Workers-SUB
[2026-08-05 19:11:07] [W-5] ⏭️ [user1] 仓库 https://github.com/zwdnwlm/CF-Workers-SUB 7207h 未更新，跳过解析（无需追踪）
[2026-08-05 19:11:07] [W-10] ✅ 完成 [user1] zwdnwlm/Microsoft | 提取 0 | 新增 0 | 耗时 0s | 配额 4347/4800 11:11UTC | 主队列 46/200 发现队列 186/20000 [[fork1]:80 [user1]:106]
[2026-08-05 19:11:07] [W-10] 🔧 开始处理 [user1] muxd93/fanmingming_live
[2026-08-05 19:11:07] [W-10] [user1] 仓库 https://github.com/muxd93/fanmingming_live (分支: main, size: 1712115KB, pushed: 2026-08-05T10:41:13Z)
[2026-08-05 19:11:07] [W-1] ✅ 完成 [user1] zwdnwlm/rule-qcy | 提取 0 | 新增 0 | 耗时 0s | 配额 4347/4800 11:11UTC | 主队列 46/200 发现队列 185/20000 [[fork1]:80 [user1]:105]
[2026-08-05 19:11:07] [W-1] 🔧 开始处理 [user1] muxd93/tvbox_interface_merge
[2026-08-05 19:11:07] [W-1] ⏭️ [user1] 仓库 https://github.com/muxd93/tvbox_interface_merge 33h 未更新，跳过解析（无需追踪）
[2026-08-05 19:11:07] [W-1] ✅ 完成 [user1] muxd93/tvbox_interface_merge | 提取 0 | 新增 0 | 耗时 0s | 配额 4347/4800 11:11UTC | 主队列 46/200 发现队列 184/20000 [[fork1]:80 [user1]:104]
[2026-08-05 19:11:07] [W-1] 🔧 开始处理 [user1] muxd93/legado
[2026-08-05 19:11:07] [W-1] ⏭️ [user1] 仓库 https://github.com/muxd93/legado 98h 未更新，跳过解析（无需追踪）
[2026-08-05 19:11:07] [W-8] ✅ 完成 [user1] zwdnwlm/cfnew | 提取 0 | 新增 0 | 耗时 0s | 配额 4347/4800 11:11UTC | 主队列 46/200 发现队列 183/20000 [[fork1]:80 [user1]:103]
[2026-08-05 19:11:07] [W-8] 🔧 开始处理 [user1] muxd93/trae-local-api
[2026-08-05 19:11:07] [W-8] ⏭️ [user1] 仓库 https://github.com/muxd93/trae-local-api 294h 未更新，跳过解析（无需追踪）
[2026-08-05 19:11:07] [W-8] ✅ 完成 [user1] muxd93/trae-local-api | 提取 0 | 新增 0 | 耗时 0s | 配额 4347/4800 11:11UTC | 主队列 46/200 发现队列 182/20000 [[fork1]:80 [user1]:102]
[2026-08-05 19:11:07] [W-8] 🔧 开始处理 [user1] muxd93/BiliTVNative
[2026-08-05 19:11:07] [W-8] ⏭️ [user1] 仓库 https://github.com/muxd93/BiliTVNative 339h 未更新，跳过解析（无需追踪）
[2026-08-05 19:11:07] [W-0] ✅ 完成 [user1] zwdnwlm/MiSub | 提取 0 | 新增 0 | 耗时 0s | 配额 4347/4800 11:11UTC | 主队列 46/200 发现队列 181/20000 [[fork1]:80 [user1]:101]
[2026-08-05 19:11:07] [W-0] 🔧 开始处理 [user1] muxd93/webhtv
[2026-08-05 19:11:07] [W-0] ⏭️ [user1] 仓库 https://github.com/muxd93/webhtv 389h 未更新，跳过解析（无需追踪）
[2026-08-05 19:11:07] [W-0] ✅ 完成 [user1] muxd93/webhtv | 提取 0 | 新增 0 | 耗时 0s | 配额 4347/4800 11:11UTC | 主队列 46/200 发现队列 180/20000 [[fork1]:80 [user1]:100]
[2026-08-05 19:11:07] [W-0] 🔧 开始处理 [user1] muxd93/XD_TV
[2026-08-05 19:11:07] [W-0] ⏭️ [user1] 仓库 https://github.com/muxd93/XD_TV 878h 未更新，跳过解析（无需追踪）
[2026-08-05 19:11:07] [W-0] ✅ 完成 [user1] muxd93/XD_TV | 提取 0 | 新增 0 | 耗时 0s | 配额 4347/4800 11:11UTC | 主队列 46/200 发现队列 179/20000 [[fork1]:80 [user1]:99]
[2026-08-05 19:11:07] [W-0] 🔧 开始处理 [user1] muxd93/ChinaTextbook-tools
[2026-08-05 19:11:07] [W-0] ⏭️ [user1] 仓库 https://github.com/muxd93/ChinaTextbook-tools 6789h 未更新，跳过解析（无需追踪）
[2026-08-05 19:11:07] [W-18] ✅ 完成 [user1] housaiyinmamaide/meta-rules-dat | 提取 0 | 新增 0 | 耗时 0s | 配额 4347/4800 11:11UTC | 主队列 46/200 发现队列 178/20000 [[fork1]:80 [user1]:98]
[2026-08-05 19:11:07] [W-18] 🔧 开始处理 [user1] muxd93/trae-chat-decrypt
[2026-08-05 19:11:07] [W-18] ⏭️ [user1] 仓库 https://github.com/muxd93/trae-chat-decrypt 1074h 未更新，跳过解析（无需追踪）
[2026-08-05 19:11:07] [W-20] ✅ 完成 [user1] zhalkzs/epeius | 提取 0 | 新增 0 | 耗时 0s | 配额 4347/4800 11:11UTC | 主队列 46/200 发现队列 177/20000 [[fork1]:80 [user1]:97]
[2026-08-05 19:11:07] [W-20] 🔧 开始处理 [user1] muxd93/mandarin-reading-resource
[2026-08-05 19:11:07] [W-20] ⏭️ [user1] 仓库 https://github.com/muxd93/mandarin-reading-resource 8466h 未更新，跳过解析（无需追踪）
[2026-08-05 19:11:07] [W-20] ✅ 完成 [user1] muxd93/mandarin-reading-resource | 提取 0 | 新增 0 | 耗时 0s | 配额 4347/4800 11:11UTC | 主队列 46/200 发现队列 176/20000 [[fork1]:80 [user1]:96]
[2026-08-05 19:11:07] [W-20] 🔧 开始处理 [user1] muxd93/zhangxuefeng-legency
[2026-08-05 19:11:07] [W-20] ⏭️ [user1] 仓库 https://github.com/muxd93/zhangxuefeng-legency 3044h 未更新，跳过解析（无需追踪）
[2026-08-05 19:11:07] [W-20] ✅ 完成 [user1] muxd93/zhangxuefeng-legency | 提取 0 | 新增 0 | 耗时 0s | 配额 4347/4800 11:11UTC | 主队列 46/200 发现队列 175/20000 [[fork1]:80 [user1]:95]
[2026-08-05 19:11:07] [W-20] 🔧 开始处理 [user1] muxd93/XDPlayer
[2026-08-05 19:11:07] [W-20] ⏭️ [user1] 仓库 https://github.com/muxd93/XDPlayer 1051h 未更新，跳过解析（无需追踪）
[2026-08-05 19:11:07] [W-20] ✅ 完成 [user1] muxd93/XDPlayer | 提取 0 | 新增 0 | 耗时 0s | 配额 4347/4800 11:11UTC | 主队列 46/200 发现队列 174/20000 [[fork1]:80 [user1]:94]
[2026-08-05 19:11:07] [W-20] 🔧 开始处理 [user1] muxd93/ChinaTextbook
[2026-08-05 19:11:07] [W-20] ⏭️ [user1] 仓库 https://github.com/muxd93/ChinaTextbook 6977h 未更新，跳过解析（无需追踪）
[2026-08-05 19:11:07] [W-1] ✅ 完成 [user1] muxd93/legado | 提取 0 | 新增 0 | 耗时 0s | 配额 4347/4800 11:11UTC | 主队列 46/200 发现队列 173/20000 [[fork1]:80 [user1]:93]
[2026-08-05 19:11:07] [W-1] 🔧 开始处理 [user1] muxd93/TVBox_takagen99
[2026-08-05 19:11:07] [W-1] ⏭️ [user1] 仓库 https://github.com/muxd93/TVBox_takagen99 9994h 未更新，跳过解析（无需追踪）
[2026-08-05 19:11:07] [W-1] ✅ 完成 [user1] muxd93/TVBox_takagen99 | 提取 0 | 新增 0 | 耗时 0s | 配额 4347/4800 11:11UTC | 主队列 46/200 发现队列 172/20000 [[fork1]:80 [user1]:92]
[2026-08-05 19:11:07] [W-1] 🔧 开始处理 [user1] muxd93/upscayl
[2026-08-05 19:11:07] [W-1] ⏭️ [user1] 仓库 https://github.com/muxd93/upscayl 16653h 未更新，跳过解析（无需追踪）
[2026-08-05 19:11:07] [W-23] ✅ 完成 [user1] zhalkzs/CF-Workers-TEXT2KV | 提取 0 | 新增 0 | 耗时 0s | 配额 4347/4800 11:11UTC | 主队列 46/200 发现队列 171/20000 [[fork1]:80 [user1]:91]
[2026-08-05 19:11:07] [W-23] 🔧 开始处理 [user1] muxd93/ApkAutoBuild
[2026-08-05 19:11:07] [W-23] ⏭️ [user1] 仓库 https://github.com/muxd93/ApkAutoBuild 18797h 未更新，跳过解析（无需追踪）
[2026-08-05 19:11:07] [W-5] ✅ 完成 [user1] zwdnwlm/CF-Workers-SUB | 提取 0 | 新增 0 | 耗时 0s | 配额 4347/4800 11:11UTC | 主队列 46/200 发现队列 170/20000 [[fork1]:80 [user1]:90]
[2026-08-05 19:11:07] [W-5] 🔧 开始处理 [user1] muxd93/TVBoxOS_XD
[2026-08-05 19:11:07] [W-5] ⏭️ [user1] 仓库 https://github.com/muxd93/TVBoxOS_XD 22895h 未更新，跳过解析（无需追踪）
[2026-08-05 19:11:07] [W-8] ✅ 完成 [user1] muxd93/BiliTVNative | 提取 0 | 新增 0 | 耗时 0s | 配额 4347/4800 11:11UTC | 主队列 46/200 发现队列 169/20000 [[fork1]:80 [user1]:89]
[2026-08-05 19:11:07] [W-8] 🔧 开始处理 [user1] muxd93/youdaoyunnote_sign
[2026-08-05 19:11:07] [W-8] ⚠️ [user1] 仓库 https://github.com/muxd93/youdaoyunnote_sign 已禁用，跳过
[2026-08-05 19:11:07] [W-8] ✅ 完成 [user1] muxd93/youdaoyunnote_sign | 提取 0 | 新增 0 | 耗时 0s | 配额 4347/4800 11:11UTC | 主队列 46/200 发现队列 168/20000 [[fork1]:80 [user1]:88]
[2026-08-05 19:11:07] [W-8] 🔧 开始处理 [user1] muxd93/lede
[2026-08-05 19:11:07] [W-8] ⏭️ [user1] 仓库 https://github.com/muxd93/lede 17162h 未更新，跳过解析（无需追踪）
[2026-08-05 19:11:07] [W-8] ✅ 完成 [user1] muxd93/lede | 提取 0 | 新增 0 | 耗时 0s | 配额 4347/4800 11:11UTC | 主队列 46/200 发现队列 167/20000 [[fork1]:80 [user1]:87]
[2026-08-05 19:11:07] [W-8] 🔧 开始处理 [user1] muxd93/Actions-OpenWrt
[2026-08-05 19:11:07] [W-8] ⏭️ [user1] 仓库 https://github.com/muxd93/Actions-OpenWrt 17132h 未更新，跳过解析（无需追踪）
[2026-08-05 19:11:07] [W-8] ✅ 完成 [user1] muxd93/Actions-OpenWrt | 提取 0 | 新增 0 | 耗时 0s | 配额 4347/4800 11:11UTC | 主队列 46/200 发现队列 166/20000 [[fork1]:80 [user1]:86]
[2026-08-05 19:11:07] [W-8] 🔧 开始处理 [user1] muxd93/CheckinBox
[2026-08-05 19:11:07] [W-8] ⚠️ [user1] 仓库 https://github.com/muxd93/CheckinBox 已禁用，跳过
[2026-08-05 19:11:07] [W-13] ✅ 完成 [user1] zwdnwlm/edgetunnel | 提取 0 | 新增 0 | 耗时 0s | 配额 4347/4800 11:11UTC | 主队列 46/200 发现队列 165/20000 [[fork1]:80 [user1]:85]
[2026-08-05 19:11:07] [W-13] 🔧 开始处理 [user1] sclyxcn/airport-free
[2026-08-05 19:11:07] [W-13] [user1] 仓库 https://github.com/sclyxcn/airport-free (分支: main, size: 37072KB, pushed: 2026-08-05T10:40:45Z)
[2026-08-05 19:11:07] [W-18] ✅ 完成 [user1] muxd93/trae-chat-decrypt | 提取 0 | 新增 0 | 耗时 0s | 配额 4347/4800 11:11UTC | 主队列 46/200 发现队列 164/20000 [[fork1]:80 [user1]:84]
[2026-08-05 19:11:07] [W-18] 🔧 开始处理 [user1] sclyxcn/china-ip-list
[2026-08-05 19:11:07] [W-18] [user1] 仓库 https://github.com/sclyxcn/china-ip-list (分支: master, size: 1494KB, pushed: 2026-08-05T10:39:31Z)
[2026-08-05 19:11:07] [W-1] ✅ 完成 [user1] muxd93/upscayl | 提取 0 | 新增 0 | 耗时 0s | 配额 4346/4800 11:11UTC | 主队列 46/200 发现队列 163/20000 [[fork1]:80 [user1]:83]
[2026-08-05 19:11:07] [W-1] 🔧 开始处理 [user1] sclyxcn/v2ray-reaper
[2026-08-05 19:11:07] [W-1] [user1] 仓库 https://github.com/sclyxcn/v2ray-reaper (分支: main, size: 5486840KB, pushed: 2026-08-05T08:29:38Z)
[2026-08-05 19:11:09] [W-23] ✅ 完成 [user1] muxd93/ApkAutoBuild | 提取 0 | 新增 0 | 耗时 0s | 配额 4346/4800 11:11UTC | 主队列 46/200 发现队列 162/20000 [[fork1]:80 [user1]:82]
[2026-08-05 19:11:09] [W-23] 🔧 开始处理 [user1] sclyxcn/ACL4SSR_SRC
[2026-08-05 19:11:09] [W-23] 📝 已处理缓存: sclyxcn/ACL4SSR_SRC
[2026-08-05 19:11:09] [W-23] ⏭️ [user1] 仓库 https://github.com/sclyxcn/ACL4SSR_SRC 52h 未更新，跳过解析（无需追踪）
[2026-08-05 19:11:09] [W-5] ✅ 完成 [user1] muxd93/TVBoxOS_XD | 提取 0 | 新增 0 | 耗时 0s | 配额 4346/4800 11:11UTC | 主队列 46/200 发现队列 161/20000 [[fork1]:80 [user1]:81]
[2026-08-05 19:11:09] [W-5] 🔧 开始处理 [user1] sclyxcn/gogs
[2026-08-05 19:11:09] [W-5] ⏭️ [user1] 仓库 https://github.com/sclyxcn/gogs 404h 未更新，跳过解析（无需追踪）
[2026-08-05 19:11:09] [W-20] ✅ 完成 [user1] muxd93/ChinaTextbook | 提取 0 | 新增 0 | 耗时 0s | 配额 4346/4800 11:11UTC | 主队列 46/200 发现队列 160/20000 [[fork1]:80 [user1]:80]
[2026-08-05 19:11:09] [W-20] 🔧 开始处理 [user1] sclyxcn/lengyi-markdown-editor
[2026-08-05 19:11:09] [W-20] ⏭️ [user1] 仓库 https://github.com/sclyxcn/lengyi-markdown-editor 784h 未更新，跳过解析（无需追踪）
[2026-08-05 19:11:09] [W-8] ✅ 完成 [user1] muxd93/CheckinBox | 提取 0 | 新增 0 | 耗时 0s | 配额 4346/4800 11:11UTC | 主队列 46/200 发现队列 159/20000 [[fork1]:80 [user1]:79]
[2026-08-05 19:11:09] [W-8] 🔧 开始处理 [user1] sclyxcn/CodexPlusPlus
[2026-08-05 19:11:09] [W-8] ⏭️ [user1] 仓库 https://github.com/sclyxcn/CodexPlusPlus 892h 未更新，跳过解析（无需追踪）
[2026-08-05 19:11:09] [W-0] ✅ 完成 [user1] muxd93/ChinaTextbook-tools | 提取 0 | 新增 0 | 耗时 0s | 配额 4346/4800 11:11UTC | 主队列 46/200 发现队列 158/20000 [[fork1]:80 [user1]:78]
[2026-08-05 19:11:09] [W-0] 🔧 开始处理 [user1] sclyxcn/Cloudflare-vless-trojan
[2026-08-05 19:11:09] [W-0] ⏭️ [user1] 仓库 https://github.com/sclyxcn/Cloudflare-vless-trojan 1012h 未更新，跳过解析（无需追踪）
[2026-08-05 19:11:09] [W-14] ✅ 完成 [user1] zwdnwlm/awesome-cloudflare | 提取 0 | 新增 0 | 耗时 0s | 配额 4346/4800 11:11UTC | 主队列 46/200 发现队列 157/20000 [[fork1]:80 [user1]:77]
[2026-08-05 19:11:09] [W-14] 🔧 开始处理 [user1] sclyxcn/AnyLink-Secure-Client
[2026-08-05 19:11:09] [W-14] ⏭️ [user1] 仓库 https://github.com/sclyxcn/AnyLink-Secure-Client 1565h 未更新，跳过解析（无需追踪）
[2026-08-05 19:11:09] [W-2] ✅ 完成 [user1] zhalkzs/CFnat-Windows-GUI | 提取 0 | 新增 0 | 耗时 0s | 配额 4346/4800 11:11UTC | 主队列 46/200 发现队列 156/20000 [[fork1]:80 [user1]:76]
[2026-08-05 19:11:09] [W-2] 🔧 开始处理 [user1] sclyxcn/DNSHE-Auto-Renew
[2026-08-05 19:11:09] [W-2] ⏭️ [user1] 仓库 https://github.com/sclyxcn/DNSHE-Auto-Renew 1565h 未更新，跳过解析（无需追踪）
[2026-08-05 19:11:09] [W-2] ✅ 完成 [user1] sclyxcn/DNSHE-Auto-Renew | 提取 0 | 新增 0 | 耗时 0s | 配额 4346/4800 11:11UTC | 主队列 46/200 发现队列 155/20000 [[fork1]:80 [user1]:75]
[2026-08-05 19:11:09] [W-2] 🔧 开始处理 [user1] sclyxcn/cfnew
[2026-08-05 19:11:09] [W-2] ⏭️ [user1] 仓库 https://github.com/sclyxcn/cfnew 3098h 未更新，跳过解析（无需追踪）
[2026-08-05 19:11:09] [W-3] 仓库 https://github.com/dongmiansongshu/cloudflareCIDR 候选文件 2 个
[2026-08-05 19:11:09] [W-9] 仓库 https://github.com/Cucosai/ACL4SSR 无候选文件 (总计 35 blob, 扩展名过滤 14, processed_shas 跳过 2, SHA 缓存跳过 19)
[2026-08-05 19:11:09] [W-9] 📝 已处理缓存: Cucosai/ACL4SSR
[2026-08-05 19:11:09] [W-9] ✅ 完成 [fork1] Cucosai/ACL4SSR | 提取 0 | 新增 0 | 耗时 4s | 配额 4344/4800 11:11UTC | 主队列 46/200 发现队列 154/20000 [[fork1]:80 [user1]:74]
[2026-08-05 19:11:09] [W-9] 🔧 开始处理 [user1] sclyxcn/pangolin
[2026-08-05 19:11:09] [W-9] ⏭️ [user1] 仓库 https://github.com/sclyxcn/pangolin 3754h 未更新，跳过解析（无需追踪）
[2026-08-05 19:11:09] [W-19] 仓库 https://github.com/ab13643832129/awesome-vpn 候选文件 3 个
[2026-08-05 19:11:09] [W-6] 仓库 https://github.com/zhalkzs/WorkerVless2sub 无候选文件 (总计 12 blob, 扩展名过滤 5, processed_shas 跳过 0, SHA 缓存跳过 7)
[2026-08-05 19:11:09] [W-6] 📝 已处理缓存: zhalkzs/WorkerVless2sub
[2026-08-05 19:11:09] [W-4] 仓库 https://github.com/housaiyinmamaide/domain-list-community 候选文件较多 (1486 个)，先通过 commits API 过滤
[2026-08-05 19:11:09] [W-15] 仓库 https://github.com/zwdnwlm/LunaTV-config 候选文件 9 个
[2026-08-05 19:11:09] [W-18] 仓库 https://github.com/sclyxcn/china-ip-list 无候选文件 (总计 12 blob, 扩展名过滤 3, processed_shas 跳过 0, SHA 缓存跳过 9)
[2026-08-05 19:11:09] [W-18] ✅ 完成 [user1] sclyxcn/china-ip-list | 提取 0 | 新增 0 | 耗时 2s | 配额 4337/4800 11:11UTC | 主队列 46/200 发现队列 153/20000 [[fork1]:80 [user1]:73]
[2026-08-05 19:11:09] [W-18] 🔧 开始处理 [user1] sclyxcn/AddressParsing
[2026-08-05 19:11:09] [W-18] ⏭️ [user1] 仓库 https://github.com/sclyxcn/AddressParsing 10684h 未更新，跳过解析（无需追踪）
[2026-08-05 19:11:09] [W-17] 👤 [种子仓库] 遍历用户仓库: csxjf
[2026-08-05 19:11:09] [W-11] 仓库 https://github.com/orionmeetartemis/qBittorrent-Enhanced-Edition 候选文件 15 个
[2026-08-05 19:11:09] [W-23] ✅ 完成 [user1] sclyxcn/ACL4SSR_SRC | 提取 0 | 新增 0 | 耗时 0s | 配额 4335/4800 11:11UTC | 主队列 46/200 发现队列 152/20000 [[fork1]:80 [user1]:72]
[2026-08-05 19:11:09] [W-23] 🔧 开始处理 [user1] sclyxcn/cnzhnet.ChinaAddressParser
[2026-08-05 19:11:09] [W-23] ⏭️ [user1] 仓库 https://github.com/sclyxcn/cnzhnet.ChinaAddressParser 42448h 未更新，跳过解析（无需追踪）
[2026-08-05 19:11:09] [W-23] ✅ 完成 [user1] sclyxcn/cnzhnet.ChinaAddressParser | 提取 0 | 新增 0 | 耗时 0s | 配额 4335/4800 11:11UTC | 主队列 46/200 发现队列 151/20000 [[fork1]:80 [user1]:71]
[2026-08-05 19:11:09] [W-23] 🔧 开始处理 [user1] sclyxcn/gobpb
[2026-08-05 19:11:09] [W-23] ⏭️ [user1] 仓库 https://github.com/sclyxcn/gobpb 3992h 未更新，跳过解析（无需追踪）
[2026-08-05 19:11:09] [W-20] ✅ 完成 [user1] sclyxcn/lengyi-markdown-editor | 提取 0 | 新增 0 | 耗时 0s | 配额 4335/4800 11:11UTC | 主队列 46/200 发现队列 150/20000 [[fork1]:80 [user1]:70]
[2026-08-05 19:11:09] [W-20] 🔧 开始处理 [user1] sclyxcn/ArgoSB
[2026-08-05 19:11:09] [W-20] ⏭️ [user1] 仓库 https://github.com/sclyxcn/ArgoSB 9867h 未更新，跳过解析（无需追踪）
[2026-08-05 19:11:09] [W-20] ✅ 完成 [user1] sclyxcn/ArgoSB | 提取 0 | 新增 0 | 耗时 0s | 配额 4335/4800 11:11UTC | 主队列 46/200 发现队列 149/20000 [[fork1]:80 [user1]:69]
[2026-08-05 19:11:09] [W-20] 🔧 开始处理 [user1] sclyxcn/yxip
[2026-08-05 19:11:09] [W-20] ⚠️ [user1] 仓库 https://github.com/sclyxcn/yxip 已禁用，跳过
[2026-08-05 19:11:09] [W-20] ✅ 完成 [user1] sclyxcn/yxip | 提取 0 | 新增 0 | 耗时 0s | 配额 4335/4800 11:11UTC | 主队列 46/200 发现队列 148/20000 [[fork1]:80 [user1]:68]
[2026-08-05 19:11:09] [W-20] 🔧 开始处理 [user1] sclyxcn/ShellCrash
[2026-08-05 19:11:09] [W-20] ⏭️ [user1] 仓库 https://github.com/sclyxcn/ShellCrash 6946h 未更新，跳过解析（无需追踪）
[2026-08-05 19:11:09] [W-14] ✅ 完成 [user1] sclyxcn/AnyLink-Secure-Client | 提取 0 | 新增 0 | 耗时 0s | 配额 4335/4800 11:11UTC | 主队列 46/200 发现队列 147/20000 [[fork1]:80 [user1]:67]
[2026-08-05 19:11:09] [W-14] 🔧 开始处理 [user1] sclyxcn/UFI-TOOLS
[2026-08-05 19:11:09] [W-14] ⏭️ [user1] 仓库 https://github.com/sclyxcn/UFI-TOOLS 7208h 未更新，跳过解析（无需追踪）
[2026-08-05 19:11:09] [W-14] ✅ 完成 [user1] sclyxcn/UFI-TOOLS | 提取 0 | 新增 0 | 耗时 0s | 配额 4335/4800 11:11UTC | 主队列 46/200 发现队列 146/20000 [[fork1]:80 [user1]:66]
[2026-08-05 19:11:09] [W-14] 🔧 开始处理 [user1] sclyxcn/BPB-Worker-Panel
[2026-08-05 19:11:09] [W-14] ⏭️ [user1] 仓库 https://github.com/sclyxcn/BPB-Worker-Panel 7363h 未更新，跳过解析（无需追踪）
[2026-08-05 19:11:09] [W-14] ✅ 完成 [user1] sclyxcn/BPB-Worker-Panel | 提取 0 | 新增 0 | 耗时 0s | 配额 4335/4800 11:11UTC | 主队列 46/200 发现队列 145/20000 [[fork1]:80 [user1]:65]
[2026-08-05 19:11:09] [W-14] 🔧 开始处理 [user1] sclyxcn/CF-Workers-Raw
[2026-08-05 19:11:09] [W-14] ⏭️ [user1] 仓库 https://github.com/sclyxcn/CF-Workers-Raw 8104h 未更新，跳过解析（无需追踪）
[2026-08-05 19:11:09] [W-14] ✅ 完成 [user1] sclyxcn/CF-Workers-Raw | 提取 0 | 新增 0 | 耗时 0s | 配额 4335/4800 11:11UTC | 主队列 46/200 发现队列 144/20000 [[fork1]:80 [user1]:64]
[2026-08-05 19:11:09] [W-14] 🔧 开始处理 [user1] sclyxcn/Microsoft-Activation-Scripts
[2026-08-05 19:11:09] [W-14] ⏭️ [user1] 仓库 https://github.com/sclyxcn/Microsoft-Activation-Scripts 8594h 未更新，跳过解析（无需追踪）
[2026-08-05 19:11:09] [W-14] ✅ 完成 [user1] sclyxcn/Microsoft-Activation-Scripts | 提取 0 | 新增 0 | 耗时 0s | 配额 4335/4800 11:11UTC | 主队列 46/200 发现队列 143/20000 [[fork1]:80 [user1]:63]
[2026-08-05 19:11:09] [W-14] 🔧 开始处理 [user1] sclyxcn/k3cloud.lib
[2026-08-05 19:11:09] [W-14] ⏭️ [user1] 仓库 https://github.com/sclyxcn/k3cloud.lib 90730h 未更新，跳过解析（无需追踪）
[2026-08-05 19:11:09] [W-14] ✅ 完成 [user1] sclyxcn/k3cloud.lib | 提取 0 | 新增 0 | 耗时 0s | 配额 4335/4800 11:11UTC | 主队列 46/200 发现队列 142/20000 [[fork1]:80 [user1]:62]
[2026-08-05 19:11:09] [W-14] 🔧 开始处理 [user1] sclyxcn/K3Cloud.MetaTools
[2026-08-05 19:11:09] [W-14] ⏭️ [user1] 仓库 https://github.com/sclyxcn/K3Cloud.MetaTools 11626h 未更新，跳过解析（无需追踪）
[2026-08-05 19:11:09] [W-14] ✅ 完成 [user1] sclyxcn/K3Cloud.MetaTools | 提取 0 | 新增 0 | 耗时 0s | 配额 4335/4800 11:11UTC | 主队列 46/200 发现队列 141/20000 [[fork1]:80 [user1]:61]
[2026-08-05 19:11:09] [W-14] 🔧 开始处理 [user1] sclyxcn/subconverter_Singbox
[2026-08-05 19:11:09] [W-14] ⏭️ [user1] 仓库 https://github.com/sclyxcn/subconverter_Singbox 8789h 未更新，跳过解析（无需追踪）
[2026-08-05 19:11:09] [W-14] ✅ 完成 [user1] sclyxcn/subconverter_Singbox | 提取 0 | 新增 0 | 耗时 0s | 配额 4335/4800 11:11UTC | 主队列 46/200 发现队列 140/20000 [[fork1]:80 [user1]:60]
[2026-08-05 19:11:09] [W-14] 🔧 开始处理 [user1] sclyxcn/ios_rule_script
[2026-08-05 19:11:09] [W-14] ⏭️ [user1] 仓库 https://github.com/sclyxcn/ios_rule_script 9130h 未更新，跳过解析（无需追踪）
[2026-08-05 19:11:11] [W-18] ✅ 完成 [user1] sclyxcn/AddressParsing | 提取 0 | 新增 0 | 耗时 0s | 配额 4335/4800 11:11UTC | 主队列 46/200 发现队列 139/20000 [[fork1]:80 [user1]:59]
[2026-08-05 19:11:11] [W-18] 🔧 开始处理 [user1] sclyxcn/anchorDNS
[2026-08-05 19:11:11] [W-18] ⏭️ [user1] 仓库 https://github.com/sclyxcn/anchorDNS 9196h 未更新，跳过解析（无需追踪）
[2026-08-05 19:11:12] [W-19] 📝 已处理缓存: ab13643832129/awesome-vpn
[2026-08-05 19:11:12] [W-19] 🌱 加入种子: ab13643832129/awesome-vpn (+18 节点)
[2026-08-05 19:11:13] [W-15] 📝 已处理缓存: zwdnwlm/LunaTV-config
[2026-08-05 19:11:15] [W-5] ✅ 完成 [user1] sclyxcn/gogs | 提取 0 | 新增 0 | 耗时 0s | 配额 4335/4800 11:11UTC | 主队列 46/200 发现队列 138/20000 [[fork1]:80 [user1]:58]
[2026-08-05 19:11:15] [W-5] 🔧 开始处理 [user1] sclyxcn/YiKdWebClient
[2026-08-05 19:11:15] [W-5] ⏭️ [user1] 仓库 https://github.com/sclyxcn/YiKdWebClient 9797h 未更新，跳过解析（无需追踪）
[2026-08-05 19:11:15] [W-23] ✅ 完成 [user1] sclyxcn/gobpb | 提取 0 | 新增 0 | 耗时 0s | 配额 4335/4800 11:11UTC | 主队列 46/200 发现队列 137/20000 [[fork1]:80 [user1]:57]
[2026-08-05 19:11:15] [W-23] 🔧 开始处理 [user1] sclyxcn/CF-Workers-DoH
[2026-08-05 19:11:15] [W-23] ⏭️ [user1] 仓库 https://github.com/sclyxcn/CF-Workers-DoH 10241h 未更新，跳过解析（无需追踪）
[2026-08-05 19:11:15] [W-20] ✅ 完成 [user1] sclyxcn/ShellCrash | 提取 0 | 新增 0 | 耗时 0s | 配额 4335/4800 11:11UTC | 主队列 46/200 发现队列 136/20000 [[fork1]:80 [user1]:56]
[2026-08-05 19:11:15] [W-20] 🔧 开始处理 [user1] sclyxcn/Mihomo-Party-ACL4SSR
[2026-08-05 19:11:15] [W-20] ⏭️ [user1] 仓库 https://github.com/sclyxcn/Mihomo-Party-ACL4SSR 10245h 未更新，跳过解析（无需追踪）
[2026-08-05 19:11:15] [W-8] ✅ 完成 [user1] sclyxcn/CodexPlusPlus | 提取 0 | 新增 0 | 耗时 0s | 配额 4335/4800 11:11UTC | 主队列 46/200 发现队列 135/20000 [[fork1]:80 [user1]:55]
[2026-08-05 19:11:15] [W-8] 🔧 开始处理 [user1] lilikimi/FreshRSS
[2026-08-05 19:11:15] [W-8] [user1] 仓库 https://github.com/lilikimi/FreshRSS (分支: edge, size: 35426KB, pushed: 2026-08-04T23:53:15Z)
[2026-08-05 19:11:15] [W-0] ✅ 完成 [user1] sclyxcn/Cloudflare-vless-trojan | 提取 0 | 新增 0 | 耗时 0s | 配额 4335/4800 11:11UTC | 主队列 46/200 发现队列 134/20000 [[fork1]:80 [user1]:54]
[2026-08-05 19:11:15] [W-0] 🔧 开始处理 [user1] lilikimi/daily_stock_analysis
[2026-08-05 19:11:15] [W-0] [user1] 仓库 https://github.com/lilikimi/daily_stock_analysis (分支: main, size: 84948KB, pushed: 2026-08-04T12:06:35Z)
[2026-08-05 19:11:15] [W-14] ✅ 完成 [user1] sclyxcn/ios_rule_script | 提取 0 | 新增 0 | 耗时 0s | 配额 4335/4800 11:11UTC | 主队列 46/200 发现队列 133/20000 [[fork1]:80 [user1]:53]
[2026-08-05 19:11:15] [W-14] 🔧 开始处理 [user1] lilikimi/sublink-worker
[2026-08-05 19:11:15] [W-14] ⏭️ [user1] 仓库 https://github.com/lilikimi/sublink-worker 398h 未更新，跳过解析（无需追踪）
[2026-08-05 19:11:15] [W-6] ✅ 完成 [user1] zhalkzs/WorkerVless2sub | 提取 0 | 新增 0 | 耗时 2s | 配额 4335/4800 11:11UTC | 主队列 46/200 发现队列 132/20000 [[fork1]:80 [user1]:52]
[2026-08-05 19:11:15] [W-6] 🔧 开始处理 [user1] lilikimi/SubsTracker
[2026-08-05 19:11:15] [W-6] ⏭️ [user1] 仓库 https://github.com/lilikimi/SubsTracker 570h 未更新，跳过解析（无需追踪）
[2026-08-05 19:11:15] [W-12] 仓库 https://github.com/shii69/ACL4SSR 候选文件 2 个
[2026-08-05 19:11:15] [W-9] ✅ 完成 [user1] sclyxcn/pangolin | 提取 0 | 新增 0 | 耗时 0s | 配额 4334/4800 11:11UTC | 主队列 46/200 发现队列 131/20000 [[fork1]:80 [user1]:51]
[2026-08-05 19:11:15] [W-9] 🔧 开始处理 [user1] lilikimi/cmepeius
[2026-08-05 19:11:15] [W-9] ⏭️ [user1] 仓库 https://github.com/lilikimi/cmepeius 613h 未更新，跳过解析（无需追踪）
[2026-08-05 19:11:15] [W-2] ✅ 完成 [user1] sclyxcn/cfnew | 提取 0 | 新增 0 | 耗时 0s | 配额 4334/4800 11:11UTC | 主队列 46/200 发现队列 130/20000 [[fork1]:80 [user1]:50]
[2026-08-05 19:11:15] [W-2] 🔧 开始处理 [user1] lilikimi/Solara
[2026-08-05 19:11:15] [W-2] ⏭️ [user1] 仓库 https://github.com/lilikimi/Solara 998h 未更新，跳过解析（无需追踪）
[2026-08-05 19:11:15] [W-16] 仓库 https://github.com/zwdnwlm/BestCF 无候选文件 (总计 3 blob, 扩展名过滤 0, processed_shas 跳过 0, SHA 缓存跳过 3)
[2026-08-05 19:11:16] [W-12] 📝 已处理缓存: shii69/ACL4SSR
[2026-08-05 19:11:17] [W-1] 仓库 https://github.com/sclyxcn/v2ray-reaper 候选文件 14 个
[2026-08-05 19:11:17] [W-3] ✅ 完成 [fork1] dongmiansongshu/cloudflareCIDR | 提取 0 | 新增 0 | 耗时 3s | 配额 4332/4800 11:11UTC | 主队列 46/200 发现队列 129/20000 [[fork1]:80 [user1]:49]
[2026-08-05 19:11:17] [W-11] ✅ 完成 [user1] orionmeetartemis/qBittorrent-Enhanced-Edition | 提取 0 | 新增 0 | 耗时 3s | 配额 4332/4800 11:11UTC | 主队列 46/200 发现队列 128/20000 [[fork1]:80 [user1]:48]
[2026-08-05 19:11:17] [W-11] 🔧 开始处理 [user1] lilikimi/Gemini-Telegram-Bot
[2026-08-05 19:11:17] [W-11] ⏭️ [user1] 仓库 https://github.com/lilikimi/Gemini-Telegram-Bot 2251h 未更新，跳过解析（无需追踪）
[2026-08-05 19:11:17] [W-10] 仓库 https://github.com/muxd93/fanmingming_live 无候选文件 (总计 1447 blob, 扩展名过滤 1437, processed_shas 跳过 0, SHA 缓存跳过 10)
[2026-08-05 19:11:17] [W-13] 仓库 https://github.com/sclyxcn/airport-free 候选文件 8 个
[2026-08-05 19:11:17] [W-3] 🔧 开始处理 [user1] lilikimi/proxycontroller
[2026-08-05 19:11:17] [W-3] ⏭️ [user1] 仓库 https://github.com/lilikimi/proxycontroller 1111h 未更新，跳过解析（无需追踪）
[2026-08-05 19:11:17] [W-18] ✅ 完成 [user1] sclyxcn/anchorDNS | 提取 0 | 新增 0 | 耗时 0s | 配额 4330/4800 11:11UTC | 主队列 46/200 发现队列 127/20000 [[fork1]:80 [user1]:47]
[2026-08-05 19:11:17] [W-18] 🔧 开始处理 [user1] lilikimi/sap-and-keepalive
[2026-08-05 19:11:17] [W-18] ⏭️ [user1] 仓库 https://github.com/lilikimi/sap-and-keepalive 3247h 未更新，跳过解析（无需追踪）
[2026-08-05 19:11:17] [W-19] ✅ 完成 [fork1] ab13643832129/awesome-vpn | 提取 1536 | 新增 18 | 耗时 6s | 配额 4329/4800 11:11UTC | 主队列 46/200 发现队列 126/20000 [[fork1]:80 [user1]:46]
[2026-08-05 19:11:17] [W-19] 🔧 开始处理 [user1] lilikimi/cmtunnel
[2026-08-05 19:11:17] [W-19] ⏭️ [user1] 仓库 https://github.com/lilikimi/cmtunnel 4259h 未更新，跳过解析（无需追踪）
[2026-08-05 19:11:17] [W-15] ✅ 完成 [user1] zwdnwlm/LunaTV-config | 提取 0 | 新增 0 | 耗时 6s | 配额 4329/4800 11:11UTC | 主队列 46/200 发现队列 125/20000 [[fork1]:80 [user1]:45]
[2026-08-05 19:11:17] [W-5] ✅ 完成 [user1] sclyxcn/YiKdWebClient | 提取 0 | 新增 0 | 耗时 0s | 配额 4329/4800 11:11UTC | 主队列 46/200 发现队列 124/20000 [[fork1]:80 [user1]:44]
[2026-08-05 19:11:17] [W-5] 🔧 开始处理 [user1] lilikimi/openai-gemini
[2026-08-05 19:11:17] [W-5] ⏭️ [user1] 仓库 https://github.com/lilikimi/openai-gemini 5408h 未更新，跳过解析（无需追踪）
[2026-08-05 19:11:17] [W-15] 🔧 开始处理 [user1] lilikimi/serverless-xhttp
[2026-08-05 19:11:17] [W-15] ⏭️ [user1] 仓库 https://github.com/lilikimi/serverless-xhttp 4947h 未更新，跳过解析（无需追踪）
[2026-08-05 19:11:17] [W-23] ✅ 完成 [user1] sclyxcn/CF-Workers-DoH | 提取 0 | 新增 0 | 耗时 0s | 配额 4329/4800 11:11UTC | 主队列 46/200 发现队列 123/20000 [[fork1]:80 [user1]:43]
[2026-08-05 19:11:17] [W-23] 🔧 开始处理 [user1] lilikimi/2go-for-shuttle
[2026-08-05 19:11:17] [W-23] ⏭️ [user1] 仓库 https://github.com/lilikimi/2go-for-shuttle 6723h 未更新，跳过解析（无需追踪）
[2026-08-05 19:11:17] [W-20] ✅ 完成 [user1] sclyxcn/Mihomo-Party-ACL4SSR | 提取 0 | 新增 0 | 耗时 0s | 配额 4329/4800 11:11UTC | 主队列 46/200 发现队列 122/20000 [[fork1]:80 [user1]:42]
[2026-08-05 19:11:17] [W-20] 🔧 开始处理 [user1] lilikimi/nodejs-argo
[2026-08-05 19:11:17] [W-20] ⏭️ [user1] 仓库 https://github.com/lilikimi/nodejs-argo 6728h 未更新，跳过解析（无需追踪）
[2026-08-05 19:11:19] [W-14] ✅ 完成 [user1] lilikimi/sublink-worker | 提取 0 | 新增 0 | 耗时 0s | 配额 4329/4800 11:11UTC | 主队列 46/200 发现队列 121/20000 [[fork1]:80 [user1]:41]
[2026-08-05 19:11:19] [W-14] 🔧 开始处理 [user1] lilikimi/Appwrite
[2026-08-05 19:11:19] [W-14] ⏭️ [user1] 仓库 https://github.com/lilikimi/Appwrite 7157h 未更新，跳过解析（无需追踪）
[2026-08-05 19:11:19] [W-6] ✅ 完成 [user1] lilikimi/SubsTracker | 提取 0 | 新增 0 | 耗时 0s | 配额 4329/4800 11:11UTC | 主队列 46/200 发现队列 120/20000 [[fork1]:80 [user1]:40]
[2026-08-05 19:11:19] [W-6] 🔧 开始处理 [user1] lilikimi/leaflow-auto-checkin
[2026-08-05 19:11:19] [W-6] ⏭️ [user1] 仓库 https://github.com/lilikimi/leaflow-auto-checkin 7010h 未更新，跳过解析（无需追踪）
[2026-08-05 19:11:19] [W-9] ✅ 完成 [user1] lilikimi/cmepeius | 提取 0 | 新增 0 | 耗时 0s | 配额 4329/4800 11:11UTC | 主队列 46/200 发现队列 119/20000 [[fork1]:80 [user1]:39]
[2026-08-05 19:11:19] [W-9] 🔧 开始处理 [user1] lilikimi/KatelyaTV
[2026-08-05 19:11:19] [W-9] ⏭️ [user1] 仓库 https://github.com/lilikimi/KatelyaTV 7385h 未更新，跳过解析（无需追踪）
[2026-08-05 19:11:19] [W-2] ✅ 完成 [user1] lilikimi/Solara | 提取 0 | 新增 0 | 耗时 0s | 配额 4329/4800 11:11UTC | 主队列 46/200 发现队列 118/20000 [[fork1]:80 [user1]:38]
[2026-08-05 19:11:19] [W-2] 🔧 开始处理 [user1] lilikimi/subst
[2026-08-05 19:11:19] [W-2] ⏭️ [user1] 仓库 https://github.com/lilikimi/subst 9382h 未更新，跳过解析（无需追踪）
[2026-08-05 19:11:19] [W-16] ✅ 完成 [user1] zwdnwlm/BestCF | 提取 0 | 新增 0 | 耗时 8s | 配额 4329/4800 11:11UTC | 主队列 46/200 发现队列 117/20000 [[fork1]:80 [user1]:37]
[2026-08-05 19:11:19] [W-16] 🔧 开始处理 [user1] lilikimi/Argo-X-Container-PaaS
[2026-08-05 19:11:19] [W-16] ⏭️ [user1] 仓库 https://github.com/lilikimi/Argo-X-Container-PaaS 10076h 未更新，跳过解析（无需追踪）
[2026-08-05 19:11:19] [W-7]   👤 用户仓库: 30 个 → 主队列 46/200 发现队列 146/20000 [[fork1]:80 [user1]:66]
[2026-08-05 19:11:19] [W-7]   用户 Andyworldclub 共查 30 个仓库
[2026-08-05 19:11:19] [W-12] ✅ 完成 [fork1] shii69/ACL4SSR | 提取 0 | 新增 0 | 耗时 9s | 配额 4327/4800 11:11UTC | 主队列 46/200 发现队列 146/20000 [[fork1]:80 [user1]:66]
[2026-08-05 19:11:19] [W-12] 🔧 开始处理 [user1] lilikimi/mjj-docker
[2026-08-05 19:11:19] [W-12] ⏭️ [user1] 仓库 https://github.com/lilikimi/mjj-docker 18164h 未更新，跳过解析（无需追踪）
[2026-08-05 19:11:19] [W-11] ✅ 完成 [user1] lilikimi/Gemini-Telegram-Bot | 提取 0 | 新增 0 | 耗时 0s | 配额 4327/4800 11:11UTC | 主队列 46/200 发现队列 145/20000 [[fork1]:80 [user1]:65]
[2026-08-05 19:11:19] [W-11] 🔧 开始处理 [user1] lilikimi/freein
[2026-08-05 19:11:19] [W-11] ⏭️ [user1] 仓库 https://github.com/lilikimi/freein 26432h 未更新，跳过解析（无需追踪）
[2026-08-05 19:11:19] [W-10] ✅ 完成 [user1] muxd93/fanmingming_live | 提取 0 | 新增 0 | 耗时 10s | 配额 4327/4800 11:11UTC | 主队列 46/200 发现队列 144/20000 [[fork1]:80 [user1]:64]
[2026-08-05 19:11:19] [W-3] ✅ 完成 [user1] lilikimi/proxycontroller | 提取 0 | 新增 0 | 耗时 0s | 配额 4327/4800 11:11UTC | 主队列 46/200 发现队列 143/20000 [[fork1]:80 [user1]:63]
[2026-08-05 19:11:19] [W-3] 🔧 开始处理 [user1] lilikimi/v2ray-heroku
[2026-08-05 19:11:19] [W-3] ⚠️ [user1] 仓库 https://github.com/lilikimi/v2ray-heroku 已禁用，跳过
[2026-08-05 19:11:19] [W-10] 🔧 开始处理 [user1] lilikimi/RSSHub
[2026-08-05 19:11:19] [W-10] ⏭️ [user1] 仓库 https://github.com/lilikimi/RSSHub 17132h 未更新，跳过解析（无需追踪）
[2026-08-05 19:11:19] [W-18] ✅ 完成 [user1] lilikimi/sap-and-keepalive | 提取 0 | 新增 0 | 耗时 0s | 配额 4327/4800 11:11UTC | 主队列 46/200 发现队列 142/20000 [[fork1]:80 [user1]:62]
[2026-08-05 19:11:19] [W-18] 🔧 开始处理 [user1] lilikimi/WINRDP2
[2026-08-05 19:11:19] [W-18] ⚠️ [user1] 仓库 https://github.com/lilikimi/WINRDP2 已禁用，跳过
[2026-08-05 19:11:19] [W-19] ✅ 完成 [user1] lilikimi/cmtunnel | 提取 0 | 新增 0 | 耗时 0s | 配额 4327/4800 11:11UTC | 主队列 46/200 发现队列 141/20000 [[fork1]:80 [user1]:61]
[2026-08-05 19:11:19] [W-19] 🔧 开始处理 [user1] lilikimi/EUserv-Restart
[2026-08-05 19:11:19] [W-19] ⚠️ [user1] 仓库 https://github.com/lilikimi/EUserv-Restart 已禁用，跳过
[2026-08-05 19:11:19] [W-5] ✅ 完成 [user1] lilikimi/openai-gemini | 提取 0 | 新增 0 | 耗时 0s | 配额 4327/4800 11:11UTC | 主队列 46/200 发现队列 140/20000 [[fork1]:80 [user1]:60]
[2026-08-05 19:11:19] [W-5] 🔧 开始处理 [user1] cmliu/edgetunnel
[2026-08-05 19:11:19] [W-5] ⏭️ [user1] 仓库 https://github.com/cmliu/edgetunnel 163h 未更新，跳过解析（无需追踪）
[2026-08-05 19:11:19] [W-15] ✅ 完成 [user1] lilikimi/serverless-xhttp | 提取 0 | 新增 0 | 耗时 0s | 配额 4327/4800 11:11UTC | 主队列 46/200 发现队列 139/20000 [[fork1]:80 [user1]:59]
[2026-08-05 19:11:19] [W-15] 🔧 开始处理 [user1] cmliu/CF-Workers-WebSSH
[2026-08-05 19:11:19] [W-15] [user1] 仓库 https://github.com/cmliu/CF-Workers-WebSSH (分支: main, size: 526KB, pushed: 2026-08-05T09:26:51Z)
[2026-08-05 19:11:19] [W-23] ✅ 完成 [user1] lilikimi/2go-for-shuttle | 提取 0 | 新增 0 | 耗时 0s | 配额 4327/4800 11:11UTC | 主队列 46/200 发现队列 138/20000 [[fork1]:80 [user1]:58]
[2026-08-05 19:11:19] [W-23] 🔧 开始处理 [user1] cmliu/CF-Workers-GitHub
[2026-08-05 19:11:19] [W-23] ⏭️ [user1] 仓库 https://github.com/cmliu/CF-Workers-GitHub 11116h 未更新，跳过解析（无需追踪）
[2026-08-05 19:11:19] [W-20] ✅ 完成 [user1] lilikimi/nodejs-argo | 提取 0 | 新增 0 | 耗时 0s | 配额 4327/4800 11:11UTC | 主队列 46/200 发现队列 137/20000 [[fork1]:80 [user1]:57]
[2026-08-05 19:11:19] [W-20] 🔧 开始处理 [user1] cmliu/SubsCheck-Win-GUI
[2026-08-05 19:11:19] [W-20] ⏭️ [user1] 仓库 https://github.com/cmliu/SubsCheck-Win-GUI 11236h 未更新，跳过解析（无需追踪）
[2026-08-05 19:11:19] [W-21]   👤 用户仓库: 30 个 → 主队列 46/200 发现队列 166/20000 [[fork1]:80 [user1]:86]
[2026-08-05 19:11:19] [W-21]   用户 yilong001 共查 30 个仓库
[2026-08-05 19:11:22] [W-6] ✅ 完成 [user1] lilikimi/leaflow-auto-checkin | 提取 0 | 新增 0 | 耗时 0s | 配额 4325/4800 11:11UTC | 主队列 46/200 发现队列 166/20000 [[fork1]:80 [user1]:86]
[2026-08-05 19:11:22] [W-6] 🔧 开始处理 [user1] cmliu/WorkerVless2sub
[2026-08-05 19:11:22] [W-6] [user1] 仓库 https://github.com/cmliu/WorkerVless2sub (分支: main, size: 4650KB, pushed: 2026-08-04T15:25:14Z)
[2026-08-05 19:11:22] [W-9] ✅ 完成 [user1] lilikimi/KatelyaTV | 提取 0 | 新增 0 | 耗时 0s | 配额 4325/4800 11:11UTC | 主队列 46/200 发现队列 165/20000 [[fork1]:80 [user1]:85]
[2026-08-05 19:11:22] [W-9] 🔧 开始处理 [user1] cmliu/CF-Workers-SUB
[2026-08-05 19:11:22] [W-9] ⏭️ [user1] 仓库 https://github.com/cmliu/CF-Workers-SUB 986h 未更新，跳过解析（无需追踪）
[2026-08-05 19:11:22] [W-2] ✅ 完成 [user1] lilikimi/subst | 提取 0 | 新增 0 | 耗时 0s | 配额 4325/4800 11:11UTC | 主队列 46/200 发现队列 164/20000 [[fork1]:80 [user1]:84]
[2026-08-05 19:11:22] [W-2] 🔧 开始处理 [user1] cmliu/CF-Workers-CheckProxyIP
[2026-08-05 19:11:22] [W-2] ⏭️ [user1] 仓库 https://github.com/cmliu/CF-Workers-CheckProxyIP 1483h 未更新，跳过解析（无需追踪）
[2026-08-05 19:11:22] [W-16] ✅ 完成 [user1] lilikimi/Argo-X-Container-PaaS | 提取 0 | 新增 0 | 耗时 0s | 配额 4325/4800 11:11UTC | 主队列 46/200 发现队列 163/20000 [[fork1]:80 [user1]:83]
[2026-08-05 19:11:22] [W-16] 🔧 开始处理 [user1] cmliu/Socks2Vlesssub
[2026-08-05 19:11:22] [W-16] ⏭️ [user1] 仓库 https://github.com/cmliu/Socks2Vlesssub 7058h 未更新，跳过解析（无需追踪）
[2026-08-05 19:11:22] [W-7] ✅ 完成 [种子仓库] Andyworldclub/openproxylist | 提取 408 | 新增 0 | 耗时 65s | 配额 4325/4800 11:11UTC | 主队列 46/200 发现队列 162/20000 [[fork1]:80 [user1]:82]
[2026-08-05 19:11:22] [W-7] 🔧 开始处理 [user1] cmliu/CF-Workers-BPSUB
[2026-08-05 19:11:22] [W-7] ⏭️ [user1] 仓库 https://github.com/cmliu/CF-Workers-BPSUB 4410h 未更新，跳过解析（无需追踪）
[2026-08-05 19:11:22] [W-12] ✅ 完成 [user1] lilikimi/mjj-docker | 提取 0 | 新增 0 | 耗时 0s | 配额 4325/4800 11:11UTC | 主队列 46/200 发现队列 161/20000 [[fork1]:80 [user1]:81]
[2026-08-05 19:11:22] [W-12] 🔧 开始处理 [user1] cmliu/CFnat-Windows-GUI
[2026-08-05 19:11:22] [W-12] ⏭️ [user1] 仓库 https://github.com/cmliu/CFnat-Windows-GUI 14826h 未更新，跳过解析（无需追踪）
[2026-08-05 19:11:22] [W-11] ✅ 完成 [user1] lilikimi/freein | 提取 0 | 新增 0 | 耗时 0s | 配额 4325/4800 11:11UTC | 主队列 46/200 发现队列 160/20000 [[fork1]:80 [user1]:80]
[2026-08-05 19:11:22] [W-11] 🔧 开始处理 [user1] cmliu/CF-Workers-Raw
[2026-08-05 19:11:22] [W-11] ⏭️ [user1] 仓库 https://github.com/cmliu/CF-Workers-Raw 8105h 未更新，跳过解析（无需追踪）
[2026-08-05 19:11:22] [W-3] ✅ 完成 [user1] lilikimi/v2ray-heroku | 提取 0 | 新增 0 | 耗时 0s | 配额 4325/4800 11:11UTC | 主队列 46/200 发现队列 159/20000 [[fork1]:80 [user1]:79]
[2026-08-05 19:11:22] [W-3] 🔧 开始处理 [user1] cmliu/CF-Workers-docker.io
[2026-08-05 19:11:22] [W-3] ⏭️ [user1] 仓库 https://github.com/cmliu/CF-Workers-docker.io 9722h 未更新，跳过解析（无需追踪）
[2026-08-05 19:11:22] [W-10] ✅ 完成 [user1] lilikimi/RSSHub | 提取 0 | 新增 0 | 耗时 0s | 配额 4325/4800 11:11UTC | 主队列 46/200 发现队列 158/20000 [[fork1]:80 [user1]:78]
[2026-08-05 19:11:22] [W-10] 🔧 开始处理 [user1] cmliu/CF-Workers-CheckSocks5
[2026-08-05 19:11:22] [W-10] ⏭️ [user1] 仓库 https://github.com/cmliu/CF-Workers-CheckSocks5 162h 未更新，跳过解析（无需追踪）
[2026-08-05 19:11:22] [W-18] ✅ 完成 [user1] lilikimi/WINRDP2 | 提取 0 | 新增 0 | 耗时 0s | 配额 4325/4800 11:11UTC | 主队列 46/200 发现队列 157/20000 [[fork1]:80 [user1]:77]
[2026-08-05 19:11:22] [W-18] 🔧 开始处理 [user1] cmliu/CF-Workers-UsagePanel
[2026-08-05 19:11:22] [W-18] ⏭️ [user1] 仓库 https://github.com/cmliu/CF-Workers-UsagePanel 1701h 未更新，跳过解析（无需追踪）
[2026-08-05 19:11:22] [W-19] ✅ 完成 [user1] lilikimi/EUserv-Restart | 提取 0 | 新增 0 | 耗时 0s | 配额 4325/4800 11:11UTC | 主队列 46/200 发现队列 156/20000 [[fork1]:80 [user1]:76]
[2026-08-05 19:11:22] [W-19] 🔧 开始处理 [user1] cmliu/epeius
[2026-08-05 19:11:22] [W-19] ⏭️ [user1] 仓库 https://github.com/cmliu/epeius 615h 未更新，跳过解析（无需追踪）
[2026-08-05 19:11:22] [W-5] ✅ 完成 [user1] cmliu/edgetunnel | 提取 0 | 新增 0 | 耗时 0s | 配额 4325/4800 11:11UTC | 主队列 46/200 发现队列 155/20000 [[fork1]:80 [user1]:75]
[2026-08-05 19:11:22] [W-5] 🔧 开始处理 [user1] cmliu/CF-Workers-SpeedTestURL
[2026-08-05 19:11:22] [W-5] ⏭️ [user1] 仓库 https://github.com/cmliu/CF-Workers-SpeedTestURL 4391h 未更新，跳过解析（无需追踪）
[2026-08-05 19:11:22] [W-23] ✅ 完成 [user1] cmliu/CF-Workers-GitHub | 提取 0 | 新增 0 | 耗时 0s | 配额 4325/4800 11:11UTC | 主队列 46/200 发现队列 154/20000 [[fork1]:80 [user1]:74]
[2026-08-05 19:11:22] [W-23] 🔧 开始处理 [user1] cmliu/cmliu
[2026-08-05 19:11:22] [W-23] ⏭️ [user1] 仓库 https://github.com/cmliu/cmliu 81h 未更新，跳过解析（无需追踪）
[2026-08-05 19:11:22] [W-20] ✅ 完成 [user1] cmliu/SubsCheck-Win-GUI | 提取 0 | 新增 0 | 耗时 0s | 配额 4325/4800 11:11UTC | 主队列 46/200 发现队列 153/20000 [[fork1]:80 [user1]:73]
[2026-08-05 19:11:22] [W-20] 🔧 开始处理 [user1] cmliu/cloud-mail
[2026-08-05 19:11:22] [W-20] ⏭️ [user1] 仓库 https://github.com/cmliu/cloud-mail 3544h 未更新，跳过解析（无需追踪）
[2026-08-05 19:11:22] [W-21] ✅ 完成 [种子仓库] yilong001/ACL4SSR | 提取 0 | 新增 0 | 耗时 50s | 配额 4325/4800 11:11UTC | 主队列 46/200 发现队列 152/20000 [[fork1]:80 [user1]:72]
[2026-08-05 19:11:22] [W-14] ✅ 完成 [user1] lilikimi/Appwrite | 提取 0 | 新增 0 | 耗时 0s | 配额 4325/4800 11:11UTC | 主队列 46/200 发现队列 151/20000 [[fork1]:80 [user1]:71]
[2026-08-05 19:11:22] [W-14] 🔧 开始处理 [user1] cmliu/CF-Workers-MoonTVRegisterBot
[2026-08-05 19:11:22] [W-14] ⏭️ [user1] 仓库 https://github.com/cmliu/CF-Workers-MoonTVRegisterBot 1388h 未更新，跳过解析（无需追踪）
[2026-08-05 19:11:22] [W-21] 🔧 开始处理 [user1] cmliu/EdgeOne-Pages-BestIP2SUB
[2026-08-05 19:11:22] [W-21] ⏭️ [user1] 仓库 https://github.com/cmliu/EdgeOne-Pages-BestIP2SUB 7107h 未更新，跳过解析（无需追踪）
[2026-08-05 19:11:22] [W-22]   👤 用户仓库: 30 个 → 主队列 46/200 发现队列 180/20000 [[fork1]:80 [user1]:100]
[2026-08-05 19:11:22] [W-22]   用户 fenwehome 共查 30 个仓库
[2026-08-05 19:11:22] [W-8] 仓库 https://github.com/lilikimi/FreshRSS 候选文件较多 (210 个)，先通过 commits API 过滤
[2026-08-05 19:11:22] [W-0] 仓库 https://github.com/lilikimi/daily_stock_analysis 候选文件较多 (103 个)，先通过 commits API 过滤
[2026-08-05 19:11:22] [W-9] ✅ 完成 [user1] cmliu/CF-Workers-SUB | 提取 0 | 新增 0 | 耗时 0s | 配额 4322/4800 11:11UTC | 主队列 46/200 发现队列 180/20000 [[fork1]:80 [user1]:100]
[2026-08-05 19:11:22] [W-9] 🔧 开始处理 [user1] cmliu/socks5-for-serv00
[2026-08-05 19:11:22] [W-9] ⏭️ [user1] 仓库 https://github.com/cmliu/socks5-for-serv00 11620h 未更新，跳过解析（无需追踪）
[2026-08-05 19:11:22] [W-2] ✅ 完成 [user1] cmliu/CF-Workers-CheckProxyIP | 提取 0 | 新增 0 | 耗时 0s | 配额 4322/4800 11:11UTC | 主队列 46/200 发现队列 179/20000 [[fork1]:80 [user1]:99]
[2026-08-05 19:11:22] [W-2] 🔧 开始处理 [user1] cmliu/CF-Workers-DoH
[2026-08-05 19:11:22] [W-2] ⏭️ [user1] 仓库 https://github.com/cmliu/CF-Workers-DoH 7147h 未更新，跳过解析（无需追踪）
[2026-08-05 19:11:22] [W-16] ✅ 完成 [user1] cmliu/Socks2Vlesssub | 提取 0 | 新增 0 | 耗时 0s | 配额 4322/4800 11:11UTC | 主队列 46/200 发现队列 178/20000 [[fork1]:80 [user1]:98]
[2026-08-05 19:11:22] [W-16] 🔧 开始处理 [user1] cmliu/CF-Workers-TGbot
[2026-08-05 19:11:22] [W-16] ⏭️ [user1] 仓库 https://github.com/cmliu/CF-Workers-TGbot 3216h 未更新，跳过解析（无需追踪）
[2026-08-05 19:11:22] [W-7] ✅ 完成 [user1] cmliu/CF-Workers-BPSUB | 提取 0 | 新增 0 | 耗时 0s | 配额 4322/4800 11:11UTC | 主队列 46/200 发现队列 177/20000 [[fork1]:80 [user1]:97]
[2026-08-05 19:11:22] [W-7] 🔧 开始处理 [user1] cmliu/CF-Workers-TGUnbanBot
[2026-08-05 19:11:22] [W-7] ⏭️ [user1] 仓库 https://github.com/cmliu/CF-Workers-TGUnbanBot 721h 未更新，跳过解析（无需追踪）
[2026-08-05 19:11:22] [W-12] ✅ 完成 [user1] cmliu/CFnat-Windows-GUI | 提取 0 | 新增 0 | 耗时 0s | 配额 4322/4800 11:11UTC | 主队列 46/200 发现队列 176/20000 [[fork1]:80 [user1]:96]
[2026-08-05 19:11:22] [W-12] 🔧 开始处理 [user1] cmliu/CFnat-Docker
[2026-08-05 19:11:22] [W-12] ⏭️ [user1] 仓库 https://github.com/cmliu/CFnat-Docker 2635h 未更新，跳过解析（无需追踪）
[2026-08-05 19:11:22] [W-12] ✅ 完成 [user1] cmliu/CFnat-Docker | 提取 0 | 新增 0 | 耗时 0s | 配额 4322/4800 11:11UTC | 主队列 46/200 发现队列 175/20000 [[fork1]:80 [user1]:95]
[2026-08-05 19:11:22] [W-12] 🔧 开始处理 [user1] cmliu/ASN2CIDRs
[2026-08-05 19:11:22] [W-12] ⏭️ [user1] 仓库 https://github.com/cmliu/ASN2CIDRs 4945h 未更新，跳过解析（无需追踪）
[2026-08-05 19:11:22] [W-11] ✅ 完成 [user1] cmliu/CF-Workers-Raw | 提取 0 | 新增 0 | 耗时 0s | 配额 4322/4800 11:11UTC | 主队列 46/200 发现队列 174/20000 [[fork1]:80 [user1]:94]
[2026-08-05 19:11:22] [W-11] 🔧 开始处理 [user1] cmliu/CF-Workers-LoadBalancing
[2026-08-05 19:11:22] [W-11] ⏭️ [user1] 仓库 https://github.com/cmliu/CF-Workers-LoadBalancing 8227h 未更新，跳过解析（无需追踪）
[2026-08-05 19:11:22] [W-3] ✅ 完成 [user1] cmliu/CF-Workers-docker.io | 提取 0 | 新增 0 | 耗时 0s | 配额 4322/4800 11:11UTC | 主队列 46/200 发现队列 173/20000 [[fork1]:80 [user1]:93]
[2026-08-05 19:11:22] [W-3] 🔧 开始处理 [user1] cmliu/CF-Workers-TEXT2KV
[2026-08-05 19:11:22] [W-3] ⏭️ [user1] 仓库 https://github.com/cmliu/CF-Workers-TEXT2KV 10077h 未更新，跳过解析（无需追踪）
[2026-08-05 19:11:22] [W-3] ✅ 完成 [user1] cmliu/CF-Workers-TEXT2KV | 提取 0 | 新增 0 | 耗时 0s | 配额 4322/4800 11:11UTC | 主队列 46/200 发现队列 172/20000 [[fork1]:80 [user1]:92]
[2026-08-05 19:11:22] [W-3] 🔧 开始处理 [user1] cmliu/sub-web-modify
[2026-08-05 19:11:22] [W-3] ⏭️ [user1] 仓库 https://github.com/cmliu/sub-web-modify 2992h 未更新，跳过解析（无需追踪）
[2026-08-05 19:11:22] [W-18] ✅ 完成 [user1] cmliu/CF-Workers-UsagePanel | 提取 0 | 新增 0 | 耗时 0s | 配额 4322/4800 11:11UTC | 主队列 46/200 发现队列 171/20000 [[fork1]:80 [user1]:91]
[2026-08-05 19:11:22] [W-18] 🔧 开始处理 [user1] cmliu/webssh
[2026-08-05 19:11:22] [W-18] ⏭️ [user1] 仓库 https://github.com/cmliu/webssh 207h 未更新，跳过解析（无需追踪）
[2026-08-05 19:11:22] [W-19] ✅ 完成 [user1] cmliu/epeius | 提取 0 | 新增 0 | 耗时 0s | 配额 4322/4800 11:11UTC | 主队列 46/200 发现队列 170/20000 [[fork1]:80 [user1]:90]
[2026-08-05 19:11:22] [W-19] 🔧 开始处理 [fork1] hamedp-71/openproxylist
[2026-08-05 19:11:22] [W-19] ⏭️ [fork1] 仓库 https://github.com/hamedp-71/openproxylist 6435h 未更新，跳过解析（无需追踪）
[2026-08-05 19:11:22] [W-5] ✅ 完成 [user1] cmliu/CF-Workers-SpeedTestURL | 提取 0 | 新增 0 | 耗时 0s | 配额 4322/4800 11:11UTC | 主队列 46/200 发现队列 169/20000 [[fork1]:79 [user1]:90]
[2026-08-05 19:11:22] [W-5] 🔧 开始处理 [fork1] SUBUR78990/openproxylist
[2026-08-05 19:11:22] [W-5] ⏭️ [fork1] 仓库 https://github.com/SUBUR78990/openproxylist 30007h 未更新，跳过解析（无需追踪）
[2026-08-05 19:11:22] [W-23] ✅ 完成 [user1] cmliu/cmliu | 提取 0 | 新增 0 | 耗时 0s | 配额 4322/4800 11:11UTC | 主队列 46/200 发现队列 168/20000 [[fork1]:78 [user1]:90]
[2026-08-05 19:11:22] [W-23] 🔧 开始处理 [fork1] Egida/openproxylist
[2026-08-05 19:11:22] [W-23] ⏭️ [fork1] 仓库 https://github.com/Egida/openproxylist 41152h 未更新，跳过解析（无需追踪）
[2026-08-05 19:11:22] [W-20] ✅ 完成 [user1] cmliu/cloud-mail | 提取 0 | 新增 0 | 耗时 0s | 配额 4322/4800 11:11UTC | 主队列 46/200 发现队列 167/20000 [[fork1]:77 [user1]:90]
[2026-08-05 19:11:22] [W-20] 🔧 开始处理 [fork1] Baobei321/openproxylist-
[2026-08-05 19:11:22] [W-20] [fork1] 仓库 https://github.com/Baobei321/openproxylist- (分支: main, size: 1081139KB, pushed: 2026-08-05T11:05:13Z)
[2026-08-05 19:11:22] [W-14] ✅ 完成 [user1] cmliu/CF-Workers-MoonTVRegisterBot | 提取 0 | 新增 0 | 耗时 0s | 配额 4322/4800 11:11UTC | 主队列 46/200 发现队列 166/20000 [[fork1]:76 [user1]:90]
[2026-08-05 19:11:22] [W-14] 🔧 开始处理 [fork1] xiaoyanwq/openproxylist
[2026-08-05 19:11:22] [W-14] ⏭️ [fork1] 仓库 https://github.com/xiaoyanwq/openproxylist 15310h 未更新，跳过解析（无需追踪）
[2026-08-05 19:11:22] [W-21] ✅ 完成 [user1] cmliu/EdgeOne-Pages-BestIP2SUB | 提取 0 | 新增 0 | 耗时 0s | 配额 4322/4800 11:11UTC | 主队列 46/200 发现队列 165/20000 [[fork1]:75 [user1]:90]
[2026-08-05 19:11:22] [W-21] 🔧 开始处理 [fork1] catcat0921/openproxylist
[2026-08-05 19:11:22] [W-21] [fork1] 仓库 https://github.com/catcat0921/openproxylist (分支: main, size: 1081698KB, pushed: 2026-08-05T09:51:19Z)
[2026-08-05 19:11:22] [W-22] ✅ 完成 [种子仓库] fenwehome/ACL4SSR | 提取 0 | 新增 0 | 耗时 67s | 配额 4322/4800 11:11UTC | 主队列 46/200 发现队列 164/20000 [[fork1]:74 [user1]:90]
[2026-08-05 19:11:23] [W-22] 🔧 开始处理 [fork1] davidlee6628/openproxylist
[2026-08-05 19:11:23] [W-22] ⏭️ [fork1] 仓库 https://github.com/davidlee6628/openproxylist 12601h 未更新，跳过解析（无需追踪）
[2026-08-05 19:11:23] [W-9] ✅ 完成 [user1] cmliu/socks5-for-serv00 | 提取 0 | 新增 0 | 耗时 0s | 配额 4322/4800 11:11UTC | 主队列 46/200 发现队列 163/20000 [[fork1]:73 [user1]:90]
[2026-08-05 19:11:23] [W-9] 🔧 开始处理 [fork1] kotinatormcschurtz/openproxylist
[2026-08-05 19:11:23] [W-9] ⏭️ [fork1] 仓库 https://github.com/kotinatormcschurtz/openproxylist 8736h 未更新，跳过解析（无需追踪）
[2026-08-05 19:11:23] [W-2] ✅ 完成 [user1] cmliu/CF-Workers-DoH | 提取 0 | 新增 0 | 耗时 0s | 配额 4322/4800 11:11UTC | 主队列 46/200 发现队列 162/20000 [[fork1]:72 [user1]:90]
[2026-08-05 19:11:23] [W-2] 🔧 开始处理 [fork1] SunNing1218/openproxylist
[2026-08-05 19:11:23] [W-2] ⏭️ [fork1] 仓库 https://github.com/SunNing1218/openproxylist 8120h 未更新，跳过解析（无需追踪）
[2026-08-05 19:11:23] [W-16] ✅ 完成 [user1] cmliu/CF-Workers-TGbot | 提取 0 | 新增 0 | 耗时 0s | 配额 4322/4800 11:11UTC | 主队列 46/200 发现队列 161/20000 [[fork1]:71 [user1]:90]
[2026-08-05 19:11:23] [W-16] 🔧 开始处理 [fork1] hunter-tech-viet/openproxylist
[2026-08-05 19:11:23] [W-16] ⏭️ [fork1] 仓库 https://github.com/hunter-tech-viet/openproxylist 7220h 未更新，跳过解析（无需追踪）
[2026-08-05 19:11:23] [W-7] ✅ 完成 [user1] cmliu/CF-Workers-TGUnbanBot | 提取 0 | 新增 0 | 耗时 0s | 配额 4322/4800 11:11UTC | 主队列 46/200 发现队列 160/20000 [[fork1]:70 [user1]:90]
[2026-08-05 19:11:23] [W-7] 🔧 开始处理 [fork1] Alex0219/openproxylist
[2026-08-05 19:11:23] [W-7] ⏭️ [fork1] 仓库 https://github.com/Alex0219/openproxylist 45936h 未更新，跳过解析（无需追踪）
[2026-08-05 19:11:23] [W-17]   👤 用户仓库: 30 个 → 主队列 46/200 发现队列 189/20000 [[fork1]:69 [user1]:120]
[2026-08-05 19:11:23] [W-17]   用户 csxjf 共查 30 个仓库
[2026-08-05 19:11:23] [W-12] ✅ 完成 [user1] cmliu/ASN2CIDRs | 提取 0 | 新增 0 | 耗时 0s | 配额 4321/4800 11:11UTC | 主队列 46/200 发现队列 189/20000 [[fork1]:69 [user1]:120]
[2026-08-05 19:11:23] [W-12] 🔧 开始处理 [fork1] fakhraoui/openproxylist
[2026-08-05 19:11:23] [W-12] ⏭️ [fork1] 仓库 https://github.com/fakhraoui/openproxylist 45746h 未更新，跳过解析（无需追踪）
[2026-08-05 19:11:23] [W-11] ✅ 完成 [user1] cmliu/CF-Workers-LoadBalancing | 提取 0 | 新增 0 | 耗时 0s | 配额 4320/4800 11:11UTC | 主队列 46/200 发现队列 188/20000 [[fork1]:68 [user1]:120]
[2026-08-05 19:11:23] [W-11] 🔧 开始处理 [fork1] ferrugemps18/openproxylist
[2026-08-05 19:11:23] [W-11] ⏭️ [fork1] 仓库 https://github.com/ferrugemps18/openproxylist 45090h 未更新，跳过解析（无需追踪）
[2026-08-05 19:11:23] [W-10] ✅ 完成 [user1] cmliu/CF-Workers-CheckSocks5 | 提取 0 | 新增 0 | 耗时 0s | 配额 4320/4800 11:11UTC | 主队列 46/200 发现队列 187/20000 [[fork1]:67 [user1]:120]
[2026-08-05 19:11:23] [W-10] 🔧 开始处理 [fork1] kkk013/openproxylist
[2026-08-05 19:11:23] [W-10] ⏭️ [fork1] 仓库 https://github.com/kkk013/openproxylist 45031h 未更新，跳过解析（无需追踪）
[2026-08-05 19:11:23] [W-3] ✅ 完成 [user1] cmliu/sub-web-modify | 提取 0 | 新增 0 | 耗时 0s | 配额 4320/4800 11:11UTC | 主队列 46/200 发现队列 186/20000 [[fork1]:66 [user1]:120]
[2026-08-05 19:11:23] [W-3] 🔧 开始处理 [fork1] tyu543/openproxylist
[2026-08-05 19:11:23] [W-3] ⏭️ [fork1] 仓库 https://github.com/tyu543/openproxylist 44907h 未更新，跳过解析（无需追踪）
[2026-08-05 19:11:23] [W-18] ✅ 完成 [user1] cmliu/webssh | 提取 0 | 新增 0 | 耗时 0s | 配额 4320/4800 11:11UTC | 主队列 46/200 发现队列 185/20000 [[fork1]:65 [user1]:120]
[2026-08-05 19:11:23] [W-18] 🔧 开始处理 [fork1] serdar4010/openproxylist
[2026-08-05 19:11:23] [W-18] ⏭️ [fork1] 仓库 https://github.com/serdar4010/openproxylist 44412h 未更新，跳过解析（无需追踪）
[2026-08-05 19:11:23] [W-19] ✅ 完成 [fork1] hamedp-71/openproxylist | 提取 0 | 新增 0 | 耗时 0s | 配额 4320/4800 11:11UTC | 主队列 46/200 发现队列 184/20000 [[fork1]:64 [user1]:120]
[2026-08-05 19:11:23] [W-19] 🔧 开始处理 [fork1] lefrelonvert/openproxylist
[2026-08-05 19:11:23] [W-19] ⏭️ [fork1] 仓库 https://github.com/lefrelonvert/openproxylist 43886h 未更新，跳过解析（无需追踪）
[2026-08-05 19:11:23] [W-5] ✅ 完成 [fork1] SUBUR78990/openproxylist | 提取 0 | 新增 0 | 耗时 0s | 配额 4320/4800 11:11UTC | 主队列 46/200 发现队列 183/20000 [[fork1]:63 [user1]:120]
[2026-08-05 19:11:23] [W-5] 🔧 开始处理 [fork1] xiaozhe80/openproxylist
[2026-08-05 19:11:23] [W-5] ⏭️ [fork1] 仓库 https://github.com/xiaozhe80/openproxylist 43771h 未更新，跳过解析（无需追踪）
[2026-08-05 19:11:23] [W-15] 仓库 https://github.com/cmliu/CF-Workers-WebSSH 无候选文件 (总计 49 blob, 扩展名过滤 42, processed_shas 跳过 0, SHA 缓存跳过 7)
[2026-08-05 19:11:23] [W-23] ✅ 完成 [fork1] Egida/openproxylist | 提取 0 | 新增 0 | 耗时 0s | 配额 4319/4800 11:11UTC | 主队列 46/200 发现队列 182/20000 [[fork1]:62 [user1]:120]
[2026-08-05 19:11:23] [W-23] 🔧 开始处理 [fork1] github2017luo/openproxylist
[2026-08-05 19:11:23] [W-23] ⏭️ [fork1] 仓库 https://github.com/github2017luo/openproxylist 43762h 未更新，跳过解析（无需追踪）
[2026-08-05 19:11:25] [W-14] ✅ 完成 [fork1] xiaoyanwq/openproxylist | 提取 0 | 新增 0 | 耗时 0s | 配额 4319/4800 11:11UTC | 主队列 46/200 发现队列 181/20000 [[fork1]:61 [user1]:120]
[2026-08-05 19:11:25] [W-14] 🔧 开始处理 [fork1] ifSadEveryDay/openproxylist
[2026-08-05 19:11:25] [W-14] ⏭️ [fork1] 仓库 https://github.com/ifSadEveryDay/openproxylist 43759h 未更新，跳过解析（无需追踪）
[2026-08-05 19:11:25] [W-6] 仓库 https://github.com/cmliu/WorkerVless2sub 无候选文件 (总计 12 blob, 扩展名过滤 5, processed_shas 跳过 0, SHA 缓存跳过 7)
[2026-08-05 19:11:25] [W-22] ✅ 完成 [fork1] davidlee6628/openproxylist | 提取 0 | 新增 0 | 耗时 0s | 配额 4318/4800 11:11UTC | 主队列 46/200 发现队列 180/20000 [[fork1]:60 [user1]:120]
[2026-08-05 19:11:25] [W-22] 🔧 开始处理 [fork1] renzii189/openproxylist
[2026-08-05 19:11:25] [W-22] 📝 已处理缓存: renzii189/openproxylist
[2026-08-05 19:11:25] [W-22] ⏭️ [fork1] 仓库 https://github.com/renzii189/openproxylist 43568h 未更新，跳过解析（无需追踪）
[2026-08-05 19:11:25] [W-9] ✅ 完成 [fork1] kotinatormcschurtz/openproxylist | 提取 0 | 新增 0 | 耗时 0s | 配额 4318/4800 11:11UTC | 主队列 46/200 发现队列 179/20000 [[fork1]:59 [user1]:120]
[2026-08-05 19:11:25] [W-9] 🔧 开始处理 [fork1] richard-xu/openproxylist
[2026-08-05 19:11:25] [W-9] 📝 已处理缓存: richard-xu/openproxylist
[2026-08-05 19:11:25] [W-9] ⏭️ [fork1] 仓库 https://github.com/richard-xu/openproxylist 43491h 未更新，跳过解析（无需追踪）
[2026-08-05 19:11:25] [W-2] ✅ 完成 [fork1] SunNing1218/openproxylist | 提取 0 | 新增 0 | 耗时 0s | 配额 4318/4800 11:11UTC | 主队列 46/200 发现队列 178/20000 [[fork1]:58 [user1]:120]
[2026-08-05 19:11:25] [W-2] 🔧 开始处理 [fork1] cinetonemedia/openproxylist
[2026-08-05 19:11:25] [W-2] 📝 已处理缓存: cinetonemedia/openproxylist
[2026-08-05 19:11:25] [W-2] ⏭️ [fork1] 仓库 https://github.com/cinetonemedia/openproxylist 43301h 未更新，跳过解析（无需追踪）
[2026-08-05 19:11:25] [W-16] ✅ 完成 [fork1] hunter-tech-viet/openproxylist | 提取 0 | 新增 0 | 耗时 0s | 配额 4318/4800 11:11UTC | 主队列 46/200 发现队列 177/20000 [[fork1]:57 [user1]:120]
[2026-08-05 19:11:25] [W-16] 🔧 开始处理 [fork1] Raymondsweatmaniv/openproxylist
[2026-08-05 19:11:25] [W-16] 📝 已处理缓存: Raymondsweatmaniv/openproxylist
[2026-08-05 19:11:25] [W-16] ⏭️ [fork1] 仓库 https://github.com/Raymondsweatmaniv/openproxylist 42959h 未更新，跳过解析（无需追踪）
[2026-08-05 19:11:25] [W-7] ✅ 完成 [fork1] Alex0219/openproxylist | 提取 0 | 新增 0 | 耗时 0s | 配额 4318/4800 11:11UTC | 主队列 46/200 发现队列 176/20000 [[fork1]:56 [user1]:120]
[2026-08-05 19:11:25] [W-7] 🔧 开始处理 [fork1] cyberbudy/openproxylist
[2026-08-05 19:11:25] [W-7] 📝 已处理缓存: cyberbudy/openproxylist
[2026-08-05 19:11:25] [W-7] ⏭️ [fork1] 仓库 https://github.com/cyberbudy/openproxylist 42606h 未更新，跳过解析（无需追踪）
[2026-08-05 19:11:25] [W-7] ✅ 完成 [fork1] cyberbudy/openproxylist | 提取 0 | 新增 0 | 耗时 0s | 配额 4318/4800 11:11UTC | 主队列 46/200 发现队列 175/20000 [[fork1]:55 [user1]:120]
[2026-08-05 19:11:25] [W-7] 🔧 开始处理 [fork1] Shopoo/openproxylist
[2026-08-05 19:11:25] [W-7] 📝 已处理缓存: Shopoo/openproxylist
[2026-08-05 19:11:25] [W-7] ⏭️ [fork1] 仓库 https://github.com/Shopoo/openproxylist 42552h 未更新，跳过解析（无需追踪）
[2026-08-05 19:11:25] [W-12] ✅ 完成 [fork1] fakhraoui/openproxylist | 提取 0 | 新增 0 | 耗时 0s | 配额 4318/4800 11:11UTC | 主队列 46/200 发现队列 174/20000 [[fork1]:54 [user1]:120]
[2026-08-05 19:11:25] [W-12] 🔧 开始处理 [fork1] gitchg/openproxylist
[2026-08-05 19:11:25] [W-12] 📝 已处理缓存: gitchg/openproxylist
[2026-08-05 19:11:25] [W-12] ⏭️ [fork1] 仓库 https://github.com/gitchg/openproxylist 42335h 未更新，跳过解析（无需追踪）
[2026-08-05 19:11:25] [W-11] ✅ 完成 [fork1] ferrugemps18/openproxylist | 提取 0 | 新增 0 | 耗时 0s | 配额 4318/4800 11:11UTC | 主队列 46/200 发现队列 173/20000 [[fork1]:53 [user1]:120]
[2026-08-05 19:11:25] [W-11] 🔧 开始处理 [fork1] ferrugemps/openproxylist
[2026-08-05 19:11:25] [W-11] 📝 已处理缓存: ferrugemps/openproxylist
[2026-08-05 19:11:25] [W-11] ⏭️ [fork1] 仓库 https://github.com/ferrugemps/openproxylist 41774h 未更新，跳过解析（无需追踪）
[2026-08-05 19:11:25] [W-11] ✅ 完成 [fork1] ferrugemps/openproxylist | 提取 0 | 新增 0 | 耗时 0s | 配额 4318/4800 11:11UTC | 主队列 46/200 发现队列 172/20000 [[fork1]:52 [user1]:120]
[2026-08-05 19:11:25] [W-11] 🔧 开始处理 [fork1] MeLigi/openproxylist
[2026-08-05 19:11:25] [W-11] 📝 已处理缓存: MeLigi/openproxylist
[2026-08-05 19:11:25] [W-11] ⏭️ [fork1] 仓库 https://github.com/MeLigi/openproxylist 41656h 未更新，跳过解析（无需追踪）
[2026-08-05 19:11:25] [W-3] ✅ 完成 [fork1] tyu543/openproxylist | 提取 0 | 新增 0 | 耗时 0s | 配额 4318/4800 11:11UTC | 主队列 46/200 发现队列 171/20000 [[fork1]:51 [user1]:120]
[2026-08-05 19:11:25] [W-3] 🔧 开始处理 [fork1] bud1kxddd/openproxylist
[2026-08-05 19:11:25] [W-3] 📝 已处理缓存: bud1kxddd/openproxylist
[2026-08-05 19:11:25] [W-3] ⏭️ [fork1] 仓库 https://github.com/bud1kxddd/openproxylist 41556h 未更新，跳过解析（无需追踪）
[2026-08-05 19:11:25] [W-3] ✅ 完成 [fork1] bud1kxddd/openproxylist | 提取 0 | 新增 0 | 耗时 0s | 配额 4318/4800 11:11UTC | 主队列 46/200 发现队列 170/20000 [[fork1]:50 [user1]:120]
[2026-08-05 19:11:25] [W-3] 🔧 开始处理 [fork1] pprometey/openproxylist
[2026-08-05 19:11:25] [W-3] 📝 已处理缓存: pprometey/openproxylist
[2026-08-05 19:11:25] [W-3] ⏭️ [fork1] 仓库 https://github.com/pprometey/openproxylist 40035h 未更新，跳过解析（无需追踪）
[2026-08-05 19:11:25] [W-19] ✅ 完成 [fork1] lefrelonvert/openproxylist | 提取 0 | 新增 0 | 耗时 0s | 配额 4318/4800 11:11UTC | 主队列 46/200 发现队列 169/20000 [[fork1]:49 [user1]:120]
[2026-08-05 19:11:25] [W-19] 🔧 开始处理 [fork1] vahidiano/openproxylist
[2026-08-05 19:11:25] [W-19] 📝 已处理缓存: vahidiano/openproxylist
[2026-08-05 19:11:25] [W-19] ⏭️ [fork1] 仓库 https://github.com/vahidiano/openproxylist 39385h 未更新，跳过解析（无需追踪）
[2026-08-05 19:11:25] [W-5] ✅ 完成 [fork1] xiaozhe80/openproxylist | 提取 0 | 新增 0 | 耗时 0s | 配额 4318/4800 11:11UTC | 主队列 46/200 发现队列 168/20000 [[fork1]:48 [user1]:120]
[2026-08-05 19:11:25] [W-5] 🔧 开始处理 [fork1] Prado077/openproxylist
[2026-08-05 19:11:25] [W-5] 📝 已处理缓存: Prado077/openproxylist
[2026-08-05 19:11:25] [W-5] ⏭️ [fork1] 仓库 https://github.com/Prado077/openproxylist 38613h 未更新，跳过解析（无需追踪）
[2026-08-05 19:11:25] [W-5] ✅ 完成 [fork1] Prado077/openproxylist | 提取 0 | 新增 0 | 耗时 0s | 配额 4318/4800 11:11UTC | 主队列 46/200 发现队列 167/20000 [[fork1]:47 [user1]:120]
[2026-08-05 19:11:25] [W-5] 🔧 开始处理 [fork1] jaylinlucero/openproxylist
[2026-08-05 19:11:25] [W-5] 📝 已处理缓存: jaylinlucero/openproxylist
[2026-08-05 19:11:25] [W-5] ⏭️ [fork1] 仓库 https://github.com/jaylinlucero/openproxylist 38500h 未更新，跳过解析（无需追踪）
[2026-08-05 19:11:25] [W-23] ✅ 完成 [fork1] github2017luo/openproxylist | 提取 0 | 新增 0 | 耗时 0s | 配额 4318/4800 11:11UTC | 主队列 46/200 发现队列 166/20000 [[fork1]:46 [user1]:120]
[2026-08-05 19:11:25] [W-23] 🔧 开始处理 [fork1] Robiftp/openproxylist
[2026-08-05 19:11:25] [W-23] 📝 已处理缓存: Robiftp/openproxylist
[2026-08-05 19:11:25] [W-23] ⏭️ [fork1] 仓库 https://github.com/Robiftp/openproxylist 38496h 未更新，跳过解析（无需追踪）
[2026-08-05 19:11:25] [W-1] ✅ 完成 [user1] sclyxcn/v2ray-reaper | 提取 7017 | 新增 0 | 耗时 16s | 配额 4318/4800 11:11UTC | 主队列 46/200 发现队列 165/20000 [[fork1]:45 [user1]:120]
[2026-08-05 19:11:25] [W-1] 🔧 开始处理 [fork1] mike-flowers-airbnb/openproxylist
[2026-08-05 19:11:25] [W-1] 📝 已处理缓存: mike-flowers-airbnb/openproxylist
[2026-08-05 19:11:25] [W-1] ⏭️ [fork1] 仓库 https://github.com/mike-flowers-airbnb/openproxylist 37096h 未更新，跳过解析（无需追踪）
[2026-08-05 19:11:25] [W-14] ✅ 完成 [fork1] ifSadEveryDay/openproxylist | 提取 0 | 新增 0 | 耗时 0s | 配额 4316/4800 11:11UTC | 主队列 46/200 发现队列 164/20000 [[fork1]:44 [user1]:120]
[2026-08-05 19:11:25] [W-14] 🔧 开始处理 [fork1] MAHER9496/openproxylist
[2026-08-05 19:11:25] [W-14] 📝 已处理缓存: MAHER9496/openproxylist
[2026-08-05 19:11:25] [W-14] ⏭️ [fork1] 仓库 https://github.com/MAHER9496/openproxylist 36548h 未更新，跳过解析（无需追踪）
[2026-08-05 19:11:25] [W-6] ✅ 完成 [user1] cmliu/WorkerVless2sub | 提取 0 | 新增 0 | 耗时 3s | 配额 4316/4800 11:11UTC | 主队列 46/200 发现队列 163/20000 [[fork1]:43 [user1]:120]
[2026-08-05 19:11:25] [W-6] 🔧 开始处理 [fork1] SakuraDevOps/openproxylist
[2026-08-05 19:11:25] [W-6] 📝 已处理缓存: SakuraDevOps/openproxylist
[2026-08-05 19:11:25] [W-6] ⏭️ [fork1] 仓库 https://github.com/SakuraDevOps/openproxylist 35587h 未更新，跳过解析（无需追踪）
[2026-08-05 19:11:25] [W-22] ✅ 完成 [fork1] renzii189/openproxylist | 提取 0 | 新增 0 | 耗时 0s | 配额 4316/4800 11:11UTC | 主队列 46/200 发现队列 162/20000 [[fork1]:42 [user1]:120]
[2026-08-05 19:11:25] [W-22] 🔧 开始处理 [fork1] sliderSun/openproxylist
[2026-08-05 19:11:25] [W-22] 📝 已处理缓存: sliderSun/openproxylist
[2026-08-05 19:11:25] [W-22] ⏭️ [fork1] 仓库 https://github.com/sliderSun/openproxylist 34658h 未更新，跳过解析（无需追踪）
[2026-08-05 19:11:25] [W-9] ✅ 完成 [fork1] richard-xu/openproxylist | 提取 0 | 新增 0 | 耗时 0s | 配额 4316/4800 11:11UTC | 主队列 46/200 发现队列 161/20000 [[fork1]:41 [user1]:120]
[2026-08-05 19:11:25] [W-9] 🔧 开始处理 [fork1] sasukejust/openproxylist
[2026-08-05 19:11:25] [W-9] 📝 已处理缓存: sasukejust/openproxylist
[2026-08-05 19:11:25] [W-9] ⏭️ [fork1] 仓库 https://github.com/sasukejust/openproxylist 34453h 未更新，跳过解析（无需追踪）
[2026-08-05 19:11:25] [W-2] ✅ 完成 [fork1] cinetonemedia/openproxylist | 提取 0 | 新增 0 | 耗时 0s | 配额 4316/4800 11:11UTC | 主队列 46/200 发现队列 160/20000 [[fork1]:40 [user1]:120]
[2026-08-05 19:11:25] [W-2] 🔧 开始处理 [fork1] almagicfathy103/openproxylist
[2026-08-05 19:11:25] [W-2] 📝 已处理缓存: almagicfathy103/openproxylist
[2026-08-05 19:11:25] [W-2] ⏭️ [fork1] 仓库 https://github.com/almagicfathy103/openproxylist 34238h 未更新，跳过解析（无需追踪）
[2026-08-05 19:11:25] [W-16] ✅ 完成 [fork1] Raymondsweatmaniv/openproxylist | 提取 0 | 新增 0 | 耗时 0s | 配额 4316/4800 11:11UTC | 主队列 46/200 发现队列 159/20000 [[fork1]:39 [user1]:120]
[2026-08-05 19:11:25] [W-16] 🔧 开始处理 [fork1] 5l1v3r1/openproxylist
[2026-08-05 19:11:25] [W-16] 📝 已处理缓存: 5l1v3r1/openproxylist
[2026-08-05 19:11:25] [W-16] ⏭️ [fork1] 仓库 https://github.com/5l1v3r1/openproxylist 33881h 未更新，跳过解析（无需追踪）
[2026-08-05 19:11:25] [W-7] ✅ 完成 [fork1] Shopoo/openproxylist | 提取 0 | 新增 0 | 耗时 0s | 配额 4316/4800 11:11UTC | 主队列 46/200 发现队列 158/20000 [[fork1]:38 [user1]:120]
[2026-08-05 19:11:25] [W-7] 🔧 开始处理 [fork1] KiraztManga/openproxylist
[2026-08-05 19:11:25] [W-7] 📝 已处理缓存: KiraztManga/openproxylist
[2026-08-05 19:11:25] [W-7] ⏭️ [fork1] 仓库 https://github.com/KiraztManga/openproxylist 33866h 未更新，跳过解析（无需追踪）
[2026-08-05 19:11:25] [W-17] ✅ 完成 [种子仓库] csxjf/ACL4SSR | 提取 0 | 新增 0 | 耗时 53s | 配额 4316/4800 11:11UTC | 主队列 46/200 发现队列 157/20000 [[fork1]:37 [user1]:120]
[2026-08-05 19:11:25] [W-12] ✅ 完成 [fork1] gitchg/openproxylist | 提取 0 | 新增 0 | 耗时 0s | 配额 4316/4800 11:11UTC | 主队列 46/200 发现队列 156/20000 [[fork1]:36 [user1]:120]
[2026-08-05 19:11:25] [W-12] 🔧 开始处理 [fork1] prosperarena/openproxylist
[2026-08-05 19:11:25] [W-12] 📝 已处理缓存: prosperarena/openproxylist
[2026-08-05 19:11:25] [W-12] ⏭️ [fork1] 仓库 https://github.com/prosperarena/openproxylist 33518h 未更新，跳过解析（无需追踪）
[2026-08-05 19:11:25] [W-11] ✅ 完成 [fork1] MeLigi/openproxylist | 提取 0 | 新增 0 | 耗时 0s | 配额 4316/4800 11:11UTC | 主队列 46/200 发现队列 155/20000 [[fork1]:35 [user1]:120]
[2026-08-05 19:11:25] [W-11] 🔧 开始处理 [fork1] unknowingpro/openproxylist
[2026-08-05 19:11:25] [W-11] 📝 已处理缓存: unknowingpro/openproxylist
[2026-08-05 19:11:25] [W-11] ⏭️ [fork1] 仓库 https://github.com/unknowingpro/openproxylist 32697h 未更新，跳过解析（无需追踪）
[2026-08-05 19:11:25] [W-17] 🔧 开始处理 [fork1] truongthienbt/openproxylist
[2026-08-05 19:11:25] [W-17] 📝 已处理缓存: truongthienbt/openproxylist
[2026-08-05 19:11:25] [W-17] ⏭️ [fork1] 仓库 https://github.com/truongthienbt/openproxylist 33693h 未更新，跳过解析（无需追踪）
[2026-08-05 19:11:25] [W-10] ✅ 完成 [fork1] kkk013/openproxylist | 提取 0 | 新增 0 | 耗时 0s | 配额 4316/4800 11:11UTC | 主队列 46/200 发现队列 154/20000 [[fork1]:34 [user1]:120]
[2026-08-05 19:11:25] [W-10] 🔧 开始处理 [fork1] ZaidGuy/openproxylist
[2026-08-05 19:11:25] [W-10] 📝 已处理缓存: ZaidGuy/openproxylist
[2026-08-05 19:11:25] [W-10] ⏭️ [fork1] 仓库 https://github.com/ZaidGuy/openproxylist 3854h 未更新，跳过解析（无需追踪）
[2026-08-05 19:11:25] [W-3] ✅ 完成 [fork1] pprometey/openproxylist | 提取 0 | 新增 0 | 耗时 0s | 配额 4316/4800 11:11UTC | 主队列 46/200 发现队列 153/20000 [[fork1]:33 [user1]:120]
[2026-08-05 19:11:25] [W-3] 🔧 开始处理 [fork1] lengwangye/openproxylist
[2026-08-05 19:11:25] [W-3] 📝 已处理缓存: lengwangye/openproxylist
[2026-08-05 19:11:25] [W-3] ⏭️ [fork1] 仓库 https://github.com/lengwangye/openproxylist 32615h 未更新，跳过解析（无需追踪）
[2026-08-05 19:11:25] [W-18] ✅ 完成 [fork1] serdar4010/openproxylist | 提取 0 | 新增 0 | 耗时 0s | 配额 4316/4800 11:11UTC | 主队列 46/200 发现队列 152/20000 [[fork1]:32 [user1]:120]
[2026-08-05 19:11:25] [W-18] 🔧 开始处理 [fork1] blancos13/openproxylist
[2026-08-05 19:11:25] [W-18] 📝 已处理缓存: blancos13/openproxylist
[2026-08-05 19:11:25] [W-18] ⏭️ [fork1] 仓库 https://github.com/blancos13/openproxylist 32138h 未更新，跳过解析（无需追踪）
[2026-08-05 19:11:25] [W-19] ✅ 完成 [fork1] vahidiano/openproxylist | 提取 0 | 新增 0 | 耗时 0s | 配额 4316/4800 11:11UTC | 主队列 46/200 发现队列 151/20000 [[fork1]:31 [user1]:120]
[2026-08-05 19:11:25] [W-19] 🔧 开始处理 [fork1] CDWEN0526/openproxylist
[2026-08-05 19:11:25] [W-19] 📝 已处理缓存: CDWEN0526/openproxylist
[2026-08-05 19:11:25] [W-19] ⏭️ [fork1] 仓库 https://github.com/CDWEN0526/openproxylist 31906h 未更新，跳过解析（无需追踪）
[2026-08-05 19:11:25] [W-5] ✅ 完成 [fork1] jaylinlucero/openproxylist | 提取 0 | 新增 0 | 耗时 0s | 配额 4316/4800 11:11UTC | 主队列 46/200 发现队列 150/20000 [[fork1]:30 [user1]:120]
[2026-08-05 19:11:25] [W-5] 🔧 开始处理 [fork1] aprzee/openproxylist
[2026-08-05 19:11:25] [W-5] 📝 已处理缓存: aprzee/openproxylist
[2026-08-05 19:11:25] [W-5] ⏭️ [fork1] 仓库 https://github.com/aprzee/openproxylist 28250h 未更新，跳过解析（无需追踪）
[2026-08-05 19:11:25] [W-15] ✅ 完成 [user1] cmliu/CF-Workers-WebSSH | 提取 0 | 新增 0 | 耗时 3s | 配额 4316/4800 11:11UTC | 主队列 46/200 发现队列 149/20000 [[fork1]:29 [user1]:120]
[2026-08-05 19:11:25] [W-15] 🔧 开始处理 [fork1] MarrrRDP/openproxylist
[2026-08-05 19:11:25] [W-15] 📝 已处理缓存: MarrrRDP/openproxylist
[2026-08-05 19:11:25] [W-15] ⏭️ [fork1] 仓库 https://github.com/MarrrRDP/openproxylist 31655h 未更新，跳过解析（无需追踪）
[2026-08-05 19:11:25] [W-23] ✅ 完成 [fork1] Robiftp/openproxylist | 提取 0 | 新增 0 | 耗时 0s | 配额 4316/4800 11:11UTC | 主队列 46/200 发现队列 148/20000 [[fork1]:28 [user1]:120]
[2026-08-05 19:11:25] [W-23] 🔧 开始处理 [fork1] dvn2200/openproxylist
[2026-08-05 19:11:25] [W-23] 📝 已处理缓存: dvn2200/openproxylist
[2026-08-05 19:11:25] [W-23] ⏭️ [fork1] 仓库 https://github.com/dvn2200/openproxylist 31302h 未更新，跳过解析（无需追踪）
[2026-08-05 19:11:27] [W-1] ✅ 完成 [fork1] mike-flowers-airbnb/openproxylist | 提取 0 | 新增 0 | 耗时 0s | 配额 4316/4800 11:11UTC | 主队列 46/200 发现队列 147/20000 [[fork1]:27 [user1]:120]
[2026-08-05 19:11:27] [W-1] 🔧 开始处理 [fork1] hack3rsparadise/openproxylist
[2026-08-05 19:11:27] [W-1] 📝 已处理缓存: hack3rsparadise/openproxylist
[2026-08-05 19:11:27] [W-1] ⏭️ [fork1] 仓库 https://github.com/hack3rsparadise/openproxylist 31199h 未更新，跳过解析（无需追踪）
[2026-08-05 19:11:27] [W-14] ✅ 完成 [fork1] MAHER9496/openproxylist | 提取 0 | 新增 0 | 耗时 0s | 配额 4316/4800 11:11UTC | 主队列 46/200 发现队列 146/20000 [[fork1]:26 [user1]:120]
[2026-08-05 19:11:27] [W-14] 🔧 开始处理 [fork1] calenng/openproxylist
[2026-08-05 19:11:27] [W-14] 📝 已处理缓存: calenng/openproxylist
[2026-08-05 19:11:27] [W-14] ⏭️ [fork1] 仓库 https://github.com/calenng/openproxylist 31103h 未更新，跳过解析（无需追踪）
[2026-08-05 19:11:27] [W-6] ✅ 完成 [fork1] SakuraDevOps/openproxylist | 提取 0 | 新增 0 | 耗时 0s | 配额 4316/4800 11:11UTC | 主队列 46/200 发现队列 145/20000 [[fork1]:25 [user1]:120]
[2026-08-05 19:11:27] [W-6] 🔧 开始处理 [fork1] Powe222/openproxylist
[2026-08-05 19:11:27] [W-6] 📝 已处理缓存: Powe222/openproxylist
[2026-08-05 19:11:27] [W-6] ⏭️ [fork1] 仓库 https://github.com/Powe222/openproxylist 30692h 未更新，跳过解析（无需追踪）
[2026-08-05 19:11:27] [W-22] ✅ 完成 [fork1] sliderSun/openproxylist | 提取 0 | 新增 0 | 耗时 0s | 配额 4316/4800 11:11UTC | 主队列 46/200 发现队列 144/20000 [[fork1]:24 [user1]:120]
[2026-08-05 19:11:27] [W-22] 🔧 开始处理 [fork1] evanjh/openproxylist
[2026-08-05 19:11:27] [W-22] 📝 已处理缓存: evanjh/openproxylist
[2026-08-05 19:11:27] [W-22] ⏭️ [fork1] 仓库 https://github.com/evanjh/openproxylist 30558h 未更新，跳过解析（无需追踪）
[2026-08-05 19:11:27] [W-22] ✅ 完成 [fork1] evanjh/openproxylist | 提取 0 | 新增 0 | 耗时 0s | 配额 4316/4800 11:11UTC | 主队列 46/200 发现队列 143/20000 [[fork1]:23 [user1]:120]
[2026-08-05 19:11:27] [W-22] 🔧 开始处理 [fork1] yikus-tjq/openproxylist
[2026-08-05 19:11:27] [W-22] 📝 已处理缓存: yikus-tjq/openproxylist
[2026-08-05 19:11:27] [W-22] ⏭️ [fork1] 仓库 https://github.com/yikus-tjq/openproxylist 29163h 未更新，跳过解析（无需追踪）
[2026-08-05 19:11:27] [W-2] ✅ 完成 [fork1] almagicfathy103/openproxylist | 提取 0 | 新增 0 | 耗时 0s | 配额 4316/4800 11:11UTC | 主队列 46/200 发现队列 142/20000 [[fork1]:22 [user1]:120]
[2026-08-05 19:11:27] [W-2] 🔧 开始处理 [fork1] Condemning/openproxylist
[2026-08-05 19:11:27] [W-2] 📝 已处理缓存: Condemning/openproxylist
[2026-08-05 19:11:27] [W-2] ⏭️ [fork1] 仓库 https://github.com/Condemning/openproxylist 23160h 未更新，跳过解析（无需追踪）
[2026-08-05 19:11:27] [W-16] ✅ 完成 [fork1] 5l1v3r1/openproxylist | 提取 0 | 新增 0 | 耗时 0s | 配额 4316/4800 11:11UTC | 主队列 46/200 发现队列 141/20000 [[fork1]:21 [user1]:120]
[2026-08-05 19:11:27] [W-16] 🔧 开始处理 [fork1] gjimenezf/openproxylist
[2026-08-05 19:11:27] [W-16] 📝 已处理缓存: gjimenezf/openproxylist
[2026-08-05 19:11:27] [W-16] ⏭️ [fork1] 仓库 https://github.com/gjimenezf/openproxylist 22152h 未更新，跳过解析（无需追踪）
[2026-08-05 19:11:27] [W-7] ✅ 完成 [fork1] KiraztManga/openproxylist | 提取 0 | 新增 0 | 耗时 0s | 配额 4316/4800 11:11UTC | 主队列 46/200 发现队列 140/20000 [[fork1]:20 [user1]:120]
[2026-08-05 19:11:27] [W-7] 🔧 开始处理 [fork1] R4GN4R0K-SEC/openproxylist
[2026-08-05 19:11:27] [W-7] 📝 已处理缓存: R4GN4R0K-SEC/openproxylist
[2026-08-05 19:11:27] [W-7] ⏭️ [fork1] 仓库 https://github.com/R4GN4R0K-SEC/openproxylist 21336h 未更新，跳过解析（无需追踪）
[2026-08-05 19:11:27] [W-12] ✅ 完成 [fork1] prosperarena/openproxylist | 提取 0 | 新增 0 | 耗时 0s | 配额 4316/4800 11:11UTC | 主队列 46/200 发现队列 139/20000 [[fork1]:19 [user1]:120]
[2026-08-05 19:11:27] [W-12] 🔧 开始处理 [fork1] GHLuckM4n/ProxyList3
[2026-08-05 19:11:27] [W-12] 📝 已处理缓存: GHLuckM4n/ProxyList3
[2026-08-05 19:11:27] [W-12] ⏭️ [fork1] 仓库 https://github.com/GHLuckM4n/ProxyList3 5430h 未更新，跳过解析（无需追踪）
[2026-08-05 19:11:27] [W-11] ✅ 完成 [fork1] unknowingpro/openproxylist | 提取 0 | 新增 0 | 耗时 0s | 配额 4316/4800 11:11UTC | 主队列 46/200 发现队列 138/20000 [[fork1]:18 [user1]:120]
[2026-08-05 19:11:27] [W-11] 🔧 开始处理 [fork1] doraemon99-x/openproxylist
[2026-08-05 19:11:27] [W-11] 📝 已处理缓存: doraemon99-x/openproxylist
[2026-08-05 19:11:27] [W-11] ⏭️ [fork1] 仓库 https://github.com/doraemon99-x/openproxylist 20521h 未更新，跳过解析（无需追踪）
[2026-08-05 19:11:27] [W-17] ✅ 完成 [fork1] truongthienbt/openproxylist | 提取 0 | 新增 0 | 耗时 0s | 配额 4316/4800 11:11UTC | 主队列 46/200 发现队列 137/20000 [[fork1]:17 [user1]:120]
[2026-08-05 19:11:27] [W-17] 🔧 开始处理 [fork1] XSVPN/openproxylist
[2026-08-05 19:11:27] [W-17] 📝 已处理缓存: XSVPN/openproxylist
[2026-08-05 19:11:27] [W-17] ⏭️ [fork1] 仓库 https://github.com/XSVPN/openproxylist 16945h 未更新，跳过解析（无需追踪）
[2026-08-05 19:11:27] [W-10] ✅ 完成 [fork1] ZaidGuy/openproxylist | 提取 0 | 新增 0 | 耗时 0s | 配额 4316/4800 11:11UTC | 主队列 46/200 发现队列 136/20000 [[fork1]:16 [user1]:120]
[2026-08-05 19:11:27] [W-10] 🔧 开始处理 [fork1] coolinmind/openproxylist
[2026-08-05 19:11:27] [W-10] 📝 已处理缓存: coolinmind/openproxylist
[2026-08-05 19:11:27] [W-10] ⏭️ [fork1] 仓库 https://github.com/coolinmind/openproxylist 16941h 未更新，跳过解析（无需追踪）
[2026-08-05 19:11:27] [W-3] ✅ 完成 [fork1] lengwangye/openproxylist | 提取 0 | 新增 0 | 耗时 0s | 配额 4316/4800 11:11UTC | 主队列 46/200 发现队列 135/20000 [[fork1]:15 [user1]:120]
[2026-08-05 19:11:27] [W-3] 🔧 开始处理 [fork1] okaysmart/openproxylist
[2026-08-05 19:11:27] [W-3] 📝 已处理缓存: okaysmart/openproxylist
[2026-08-05 19:11:27] [W-3] ⏭️ [fork1] 仓库 https://github.com/okaysmart/openproxylist 16941h 未更新，跳过解析（无需追踪）
[2026-08-05 19:11:27] [W-18] ✅ 完成 [fork1] blancos13/openproxylist | 提取 0 | 新增 0 | 耗时 0s | 配额 4316/4800 11:11UTC | 主队列 46/200 发现队列 134/20000 [[fork1]:14 [user1]:120]
[2026-08-05 19:11:27] [W-18] 🔧 开始处理 [fork1] join20252/openproxylist
[2026-08-05 19:11:27] [W-18] 📝 已处理缓存: join20252/openproxylist
[2026-08-05 19:11:27] [W-18] ⏭️ [fork1] 仓库 https://github.com/join20252/openproxylist 16894h 未更新，跳过解析（无需追踪）
[2026-08-05 19:11:27] [W-19] ✅ 完成 [fork1] CDWEN0526/openproxylist | 提取 0 | 新增 0 | 耗时 0s | 配额 4316/4800 11:11UTC | 主队列 46/200 发现队列 133/20000 [[fork1]:13 [user1]:120]
[2026-08-05 19:11:27] [W-19] 🔧 开始处理 [fork1] ghgfaa11/openproxylist
[2026-08-05 19:11:27] [W-19] 📝 已处理缓存: ghgfaa11/openproxylist
[2026-08-05 19:11:27] [W-19] ⏭️ [fork1] 仓库 https://github.com/ghgfaa11/openproxylist 16869h 未更新，跳过解析（无需追踪）
[2026-08-05 19:11:27] [W-5] ✅ 完成 [fork1] aprzee/openproxylist | 提取 0 | 新增 0 | 耗时 0s | 配额 4316/4800 11:11UTC | 主队列 46/200 发现队列 132/20000 [[fork1]:12 [user1]:120]
[2026-08-05 19:11:27] [W-5] 🔧 开始处理 [fork1] rtian002/openproxylist
[2026-08-05 19:11:27] [W-5] 📝 已处理缓存: rtian002/openproxylist
[2026-08-05 19:11:27] [W-5] ⏭️ [fork1] 仓库 https://github.com/rtian002/openproxylist 16833h 未更新，跳过解析（无需追踪）
[2026-08-05 19:11:27] [W-15] ✅ 完成 [fork1] MarrrRDP/openproxylist | 提取 0 | 新增 0 | 耗时 0s | 配额 4316/4800 11:11UTC | 主队列 46/200 发现队列 131/20000 [[fork1]:11 [user1]:120]
[2026-08-05 19:11:27] [W-15] 🔧 开始处理 [fork1] polaris-wz/openproxylist
[2026-08-05 19:11:27] [W-15] 📝 已处理缓存: polaris-wz/openproxylist
[2026-08-05 19:11:27] [W-15] ⏭️ [fork1] 仓库 https://github.com/polaris-wz/openproxylist 16728h 未更新，跳过解析（无需追踪）
[2026-08-05 19:11:27] [W-23] ✅ 完成 [fork1] dvn2200/openproxylist | 提取 0 | 新增 0 | 耗时 0s | 配额 4316/4800 11:11UTC | 主队列 46/200 发现队列 130/20000 [[fork1]:10 [user1]:120]
[2026-08-05 19:11:27] [W-23] 🔧 开始处理 [fork1] Samygenius/openproxylist
[2026-08-05 19:11:27] [W-23] 📝 已处理缓存: Samygenius/openproxylist
[2026-08-05 19:11:27] [W-23] ⏭️ [fork1] 仓库 https://github.com/Samygenius/openproxylist 7183h 未更新，跳过解析（无需追踪）
[2026-08-05 19:11:28] [W-20] 仓库 https://github.com/Baobei321/openproxylist- 无候选文件 (总计 10 blob, 扩展名过滤 0, processed_shas 跳过 9, SHA 缓存跳过 1)
[2026-08-05 19:11:28] [W-21] 仓库 https://github.com/catcat0921/openproxylist 候选文件 9 个
[2026-08-05 19:11:28] [W-4]   Compare API 返回 41 个变更文件 (3 次 API 调用)
[2026-08-05 19:11:28] [W-4]   commits 过滤: 1486 → 38 (变更文件 41 个)
[2026-08-05 19:11:28] [W-4] 仓库 https://github.com/housaiyinmamaide/domain-list-community 候选文件 38 个
[2026-08-05 19:11:28] [W-1] ✅ 完成 [fork1] hack3rsparadise/openproxylist | 提取 0 | 新增 0 | 耗时 0s | 配额 4313/4800 11:11UTC | 主队列 46/200 发现队列 129/20000 [[fork1]:9 [user1]:120]
[2026-08-05 19:11:28] [W-1] 🔧 开始处理 [fork1] freeyin/openproxylist
[2026-08-05 19:11:28] [W-1] 📝 已处理缓存: freeyin/openproxylist
[2026-08-05 19:11:28] [W-1] ⏭️ [fork1] 仓库 https://github.com/freeyin/openproxylist 16660h 未更新，跳过解析（无需追踪）
[2026-08-05 19:11:28] [W-14] ✅ 完成 [fork1] calenng/openproxylist | 提取 0 | 新增 0 | 耗时 0s | 配额 4313/4800 11:11UTC | 主队列 46/200 发现队列 128/20000 [[fork1]:8 [user1]:120]
[2026-08-05 19:11:28] [W-14] 🔧 开始处理 [fork1] wqs8050080/openproxylist
[2026-08-05 19:11:28] [W-14] 📝 已处理缓存: wqs8050080/openproxylist
[2026-08-05 19:11:28] [W-14] ⏭️ [fork1] 仓库 https://github.com/wqs8050080/openproxylist 15911h 未更新，跳过解析（无需追踪）
[2026-08-05 19:11:28] [W-6] ✅ 完成 [fork1] Powe222/openproxylist | 提取 0 | 新增 0 | 耗时 0s | 配额 4313/4800 11:11UTC | 主队列 46/200 发现队列 127/20000 [[fork1]:7 [user1]:120]
[2026-08-05 19:11:28] [W-6] 🔧 开始处理 [fork1] oh0123/openproxylist
[2026-08-05 19:11:28] [W-6] 📝 已处理缓存: oh0123/openproxylist
[2026-08-05 19:11:28] [W-6] ⏭️ [fork1] 仓库 https://github.com/oh0123/openproxylist 15826h 未更新，跳过解析（无需追踪）
[2026-08-05 19:11:28] [W-22] ✅ 完成 [fork1] yikus-tjq/openproxylist | 提取 0 | 新增 0 | 耗时 0s | 配额 4313/4800 11:11UTC | 主队列 46/200 发现队列 126/20000 [[fork1]:6 [user1]:120]
[2026-08-05 19:11:28] [W-22] 🔧 开始处理 [fork1] ccno24/openproxylist
[2026-08-05 19:11:28] [W-22] 📝 已处理缓存: ccno24/openproxylist
[2026-08-05 19:11:28] [W-22] ⏭️ [fork1] 仓库 https://github.com/ccno24/openproxylist 15722h 未更新，跳过解析（无需追踪）
[2026-08-05 19:11:28] [W-9] ✅ 完成 [fork1] sasukejust/openproxylist | 提取 0 | 新增 0 | 耗时 0s | 配额 4313/4800 11:11UTC | 主队列 46/200 发现队列 125/20000 [[fork1]:5 [user1]:120]
[2026-08-05 19:11:28] [W-9] 🔧 开始处理 [fork1] daadsa/openproxylist
[2026-08-05 19:11:28] [W-9] 📝 已处理缓存: daadsa/openproxylist
[2026-08-05 19:11:28] [W-9] ⏭️ [fork1] 仓库 https://github.com/daadsa/openproxylist 15595h 未更新，跳过解析（无需追踪）
[2026-08-05 19:11:28] [W-2] ✅ 完成 [fork1] Condemning/openproxylist | 提取 0 | 新增 0 | 耗时 0s | 配额 4313/4800 11:11UTC | 主队列 46/200 发现队列 124/20000 [[fork1]:4 [user1]:120]
[2026-08-05 19:11:28] [W-2] 🔧 开始处理 [fork1] xiaoyan-io/openproxylist
[2026-08-05 19:11:28] [W-2] 📝 已处理缓存: xiaoyan-io/openproxylist
[2026-08-05 19:11:28] [W-2] ⏭️ [fork1] 仓库 https://github.com/xiaoyan-io/openproxylist 15308h 未更新，跳过解析（无需追踪）
[2026-08-05 19:11:28] [W-16] ✅ 完成 [fork1] gjimenezf/openproxylist | 提取 0 | 新增 0 | 耗时 0s | 配额 4313/4800 11:11UTC | 主队列 46/200 发现队列 123/20000 [[fork1]:3 [user1]:120]
[2026-08-05 19:11:28] [W-16] 🔧 开始处理 [fork1] unixcrh/openproxylist
[2026-08-05 19:11:28] [W-16] 📝 已处理缓存: unixcrh/openproxylist
[2026-08-05 19:11:28] [W-16] ⏭️ [fork1] 仓库 https://github.com/unixcrh/openproxylist 15188h 未更新，跳过解析（无需追踪）
[2026-08-05 19:11:28] [W-7] ✅ 完成 [fork1] R4GN4R0K-SEC/openproxylist | 提取 0 | 新增 0 | 耗时 0s | 配额 4313/4800 11:11UTC | 主队列 46/200 发现队列 122/20000 [[fork1]:2 [user1]:120]
[2026-08-05 19:11:28] [W-7] 🔧 开始处理 [fork1] yushion/openproxylist
[2026-08-05 19:11:28] [W-7] 📝 已处理缓存: yushion/openproxylist
[2026-08-05 19:11:28] [W-7] ⏭️ [fork1] 仓库 https://github.com/yushion/openproxylist 15180h 未更新，跳过解析（无需追踪）
[2026-08-05 19:11:28] [W-12] ✅ 完成 [fork1] GHLuckM4n/ProxyList3 | 提取 0 | 新增 0 | 耗时 0s | 配额 4313/4800 11:11UTC | 主队列 46/200 发现队列 121/20000 [[fork1]:1 [user1]:120]
[2026-08-05 19:11:28] [W-12] 🔧 开始处理 [fork1] vAHiD55555/OpenProxyList
[2026-08-05 19:11:28] [W-12] 📝 已处理缓存: vAHiD55555/OpenProxyList
[2026-08-05 19:11:28] [W-12] ⏭️ [fork1] 仓库 https://github.com/vAHiD55555/OpenProxyList 14991h 未更新，跳过解析（无需追踪）
[2026-08-05 19:11:28] [W-11] ✅ 完成 [fork1] doraemon99-x/openproxylist | 提取 0 | 新增 0 | 耗时 0s | 配额 4313/4800 11:11UTC | 主队列 46/200 发现队列 120/20000 [[user1]:120]
[2026-08-05 19:11:28] [W-11] 🔧 开始处理 [user1] Andyworldclub/chromego_merge
[2026-08-05 19:11:28] [W-11] [user1] 仓库 https://github.com/Andyworldclub/chromego_merge (分支: main, size: 121089KB, pushed: 2026-08-05T09:57:27Z)
[2026-08-05 19:11:28] [W-17] ✅ 完成 [fork1] XSVPN/openproxylist | 提取 0 | 新增 0 | 耗时 0s | 配额 4313/4800 11:11UTC | 主队列 46/200 发现队列 119/20000 [[user1]:119]
[2026-08-05 19:11:28] [W-17] 🔧 开始处理 [user1] Andyworldclub/extractNodes
[2026-08-05 19:11:28] [W-17] ⏭️ [user1] 仓库 https://github.com/Andyworldclub/extractNodes 485h 未更新，跳过解析（无需追踪）
[2026-08-05 19:11:28] [W-10] ✅ 完成 [fork1] coolinmind/openproxylist | 提取 0 | 新增 0 | 耗时 0s | 配额 4313/4800 11:11UTC | 主队列 46/200 发现队列 118/20000 [[user1]:118]
[2026-08-05 19:11:28] [W-10] 🔧 开始处理 [user1] Andyworldclub/For-own-use
[2026-08-05 19:11:28] [W-10] ⏭️ [user1] 仓库 https://github.com/Andyworldclub/For-own-use 1504h 未更新，跳过解析（无需追踪）
[2026-08-05 19:11:28] [W-3] ✅ 完成 [fork1] okaysmart/openproxylist | 提取 0 | 新增 0 | 耗时 0s | 配额 4313/4800 11:11UTC | 主队列 46/200 发现队列 117/20000 [[user1]:117]
[2026-08-05 19:11:28] [W-3] 🔧 开始处理 [user1] Andyworldclub/Ims
[2026-08-05 19:11:28] [W-3] ⏭️ [user1] 仓库 https://github.com/Andyworldclub/Ims 2536h 未更新，跳过解析（无需追踪）
[2026-08-05 19:11:28] [W-18] ✅ 完成 [fork1] join20252/openproxylist | 提取 0 | 新增 0 | 耗时 0s | 配额 4313/4800 11:11UTC | 主队列 46/200 发现队列 116/20000 [[user1]:116]
[2026-08-05 19:11:28] [W-18] 🔧 开始处理 [user1] Andyworldclub/Miles
[2026-08-05 19:11:28] [W-18] ⏭️ [user1] 仓库 https://github.com/Andyworldclub/Miles 2585h 未更新，跳过解析（无需追踪）
[2026-08-05 19:11:28] [W-19] ✅ 完成 [fork1] ghgfaa11/openproxylist | 提取 0 | 新增 0 | 耗时 0s | 配额 4313/4800 11:11UTC | 主队列 46/200 发现队列 115/20000 [[user1]:115]
[2026-08-05 19:11:28] [W-19] 🔧 开始处理 [user1] Andyworldclub/keepassxc
[2026-08-05 19:11:28] [W-19] ⏭️ [user1] 仓库 https://github.com/Andyworldclub/keepassxc 2647h 未更新，跳过解析（无需追踪）
[2026-08-05 19:11:28] [W-5] ✅ 完成 [fork1] rtian002/openproxylist | 提取 0 | 新增 0 | 耗时 0s | 配额 4313/4800 11:11UTC | 主队列 46/200 发现队列 114/20000 [[user1]:114]
[2026-08-05 19:11:28] [W-5] 🔧 开始处理 [user1] Andyworldclub/TurboIMS
[2026-08-05 19:11:28] [W-5] ⏭️ [user1] 仓库 https://github.com/Andyworldclub/TurboIMS 4822h 未更新，跳过解析（无需追踪）
[2026-08-05 19:11:28] [W-5] ✅ 完成 [user1] Andyworldclub/TurboIMS | 提取 0 | 新增 0 | 耗时 0s | 配额 4313/4800 11:11UTC | 主队列 46/200 发现队列 113/20000 [[user1]:113]
[2026-08-05 19:11:28] [W-5] 🔧 开始处理 [user1] Andyworldclub/surgevip
[2026-08-05 19:11:28] [W-5] ⏭️ [user1] 仓库 https://github.com/Andyworldclub/surgevip 5025h 未更新，跳过解析（无需追踪）
[2026-08-05 19:11:28] [W-23] ✅ 完成 [fork1] Samygenius/openproxylist | 提取 0 | 新增 0 | 耗时 0s | 配额 4313/4800 11:11UTC | 主队列 46/200 发现队列 112/20000 [[user1]:112]
[2026-08-05 19:11:28] [W-23] 🔧 开始处理 [user1] Andyworldclub/Shizuku
[2026-08-05 19:11:28] [W-23] ⏭️ [user1] 仓库 https://github.com/Andyworldclub/Shizuku 9919h 未更新，跳过解析（无需追踪）
[2026-08-05 19:11:28] [W-20] ✅ 完成 [fork1] Baobei321/openproxylist- | 提取 0 | 新增 0 | 耗时 5s | 配额 4313/4800 11:11UTC | 主队列 46/200 发现队列 111/20000 [[user1]:111]
[2026-08-05 19:11:28] [W-20] 🔧 开始处理 [user1] Andyworldclub/surgeguanwang
[2026-08-05 19:11:28] [W-20] ⏭️ [user1] 仓库 https://github.com/Andyworldclub/surgeguanwang 5281h 未更新，跳过解析（无需追踪）
[2026-08-05 19:11:28] [W-1] ✅ 完成 [fork1] freeyin/openproxylist | 提取 0 | 新增 0 | 耗时 0s | 配额 4313/4800 11:11UTC | 主队列 46/200 发现队列 110/20000 [[user1]:110]
[2026-08-05 19:11:28] [W-1] 🔧 开始处理 [user1] Andyworldclub/ClashMetaForAndroid
[2026-08-05 19:11:28] [W-1] ⏭️ [user1] 仓库 https://github.com/Andyworldclub/ClashMetaForAndroid 5440h 未更新，跳过解析（无需追踪）
[2026-08-05 19:11:28] [W-14] ✅ 完成 [fork1] wqs8050080/openproxylist | 提取 0 | 新增 0 | 耗时 0s | 配额 4312/4800 11:11UTC | 主队列 46/200 发现队列 109/20000 [[user1]:109]
[2026-08-05 19:11:28] [W-14] 🔧 开始处理 [user1] Andyworldclub/NobyDa.Scripts
[2026-08-05 19:11:28] [W-14] ⏭️ [user1] 仓库 https://github.com/Andyworldclub/NobyDa.Scripts 5500h 未更新，跳过解析（无需追踪）
[2026-08-05 19:11:28] [W-6] ✅ 完成 [fork1] oh0123/openproxylist | 提取 0 | 新增 0 | 耗时 0s | 配额 4312/4800 11:11UTC | 主队列 46/200 发现队列 108/20000 [[user1]:108]
[2026-08-05 19:11:28] [W-6] 🔧 开始处理 [user1] Andyworldclub/awesome-mac
[2026-08-05 19:11:28] [W-6] ⏭️ [user1] 仓库 https://github.com/Andyworldclub/awesome-mac 5524h 未更新，跳过解析（无需追踪）
[2026-08-05 19:11:28] [W-6] ✅ 完成 [user1] Andyworldclub/awesome-mac | 提取 0 | 新增 0 | 耗时 0s | 配额 4312/4800 11:11UTC | 主队列 46/200 发现队列 107/20000 [[user1]:107]
[2026-08-05 19:11:28] [W-6] 🔧 开始处理 [user1] Andyworldclub/Shadowrocket-ADBlock-Rules-Forever
[2026-08-05 19:11:28] [W-6] ⏭️ [user1] 仓库 https://github.com/Andyworldclub/Shadowrocket-ADBlock-Rules-Forever 5820h 未更新，跳过解析（无需追踪）
[2026-08-05 19:11:28] [W-22] ✅ 完成 [fork1] ccno24/openproxylist | 提取 0 | 新增 0 | 耗时 0s | 配额 4312/4800 11:11UTC | 主队列 46/200 发现队列 106/20000 [[user1]:106]
[2026-08-05 19:11:28] [W-22] 🔧 开始处理 [user1] Andyworldclub/edgetunnel
[2026-08-05 19:11:28] [W-22] ⏭️ [user1] 仓库 https://github.com/Andyworldclub/edgetunnel 17138h 未更新，跳过解析（无需追踪）
[2026-08-05 19:11:28] [W-9] ✅ 完成 [fork1] daadsa/openproxylist | 提取 0 | 新增 0 | 耗时 0s | 配额 4312/4800 11:11UTC | 主队列 46/200 发现队列 105/20000 [[user1]:105]
[2026-08-05 19:11:28] [W-9] 🔧 开始处理 [user1] Andyworldclub/clash-verge-rev
[2026-08-05 19:11:28] [W-9] ⏭️ [user1] 仓库 https://github.com/Andyworldclub/clash-verge-rev 17226h 未更新，跳过解析（无需追踪）
[2026-08-05 19:11:28] [W-2] ✅ 完成 [fork1] xiaoyan-io/openproxylist | 提取 0 | 新增 0 | 耗时 0s | 配额 4312/4800 11:11UTC | 主队列 46/200 发现队列 104/20000 [[user1]:104]
[2026-08-05 19:11:28] [W-2] 🔧 开始处理 [user1] Andyworldclub/surgeHackl0us
[2026-08-05 19:11:28] [W-2] ⏭️ [user1] 仓库 https://github.com/Andyworldclub/surgeHackl0us 21066h 未更新，跳过解析（无需追踪）
[2026-08-05 19:11:28] [W-16] ✅ 完成 [fork1] unixcrh/openproxylist | 提取 0 | 新增 0 | 耗时 0s | 配额 4312/4800 11:11UTC | 主队列 46/200 发现队列 103/20000 [[user1]:103]
[2026-08-05 19:11:28] [W-16] 🔧 开始处理 [user1] Andyworldclub/surgeiosfacl
[2026-08-05 19:11:28] [W-16] ⏭️ [user1] 仓库 https://github.com/Andyworldclub/surgeiosfacl 21069h 未更新，跳过解析（无需追踪）
[2026-08-05 19:11:28] [W-16] ✅ 完成 [user1] Andyworldclub/surgeiosfacl | 提取 0 | 新增 0 | 耗时 0s | 配额 4312/4800 11:11UTC | 主队列 46/200 发现队列 102/20000 [[user1]:102]
[2026-08-05 19:11:28] [W-16] 🔧 开始处理 [user1] Andyworldclub/surgeiosdler
[2026-08-05 19:11:28] [W-16] ⏭️ [user1] 仓库 https://github.com/Andyworldclub/surgeiosdler 21067h 未更新，跳过解析（无需追踪）
[2026-08-05 19:11:28] [W-12] ✅ 完成 [fork1] vAHiD55555/OpenProxyList | 提取 0 | 新增 0 | 耗时 0s | 配额 4312/4800 11:11UTC | 主队列 46/200 发现队列 101/20000 [[user1]:101]
[2026-08-05 19:11:28] [W-12] 🔧 开始处理 [user1] Andyworldclub/rustdesk
[2026-08-05 19:11:28] [W-12] ⏭️ [user1] 仓库 https://github.com/Andyworldclub/rustdesk 17137h 未更新，跳过解析（无需追踪）
[2026-08-05 19:11:29] [W-4] 📝 已处理缓存: housaiyinmamaide/domain-list-community
[2026-08-05 19:11:30] [W-17] ✅ 完成 [user1] Andyworldclub/extractNodes | 提取 0 | 新增 0 | 耗时 0s | 配额 4312/4800 11:11UTC | 主队列 46/200 发现队列 100/20000 [[user1]:100]
[2026-08-05 19:11:30] [W-17] 🔧 开始处理 [user1] Andyworldclub/ClashX.Meta
[2026-08-05 19:11:30] [W-17] ⏭️ [user1] 仓库 https://github.com/Andyworldclub/ClashX.Meta 24146h 未更新，跳过解析（无需追踪）
[2026-08-05 19:11:30] [W-10] ✅ 完成 [user1] Andyworldclub/For-own-use | 提取 0 | 新增 0 | 耗时 0s | 配额 4312/4800 11:11UTC | 主队列 46/200 发现队列 99/20000 [[user1]:99]
[2026-08-05 19:11:30] [W-10] 🔧 开始处理 [user1] Andyworldclub/ios_rule_script
[2026-08-05 19:11:30] [W-10] ⏭️ [user1] 仓库 https://github.com/Andyworldclub/ios_rule_script 50851h 未更新，跳过解析（无需追踪）
[2026-08-05 19:11:30] [W-3] ✅ 完成 [user1] Andyworldclub/Ims | 提取 0 | 新增 0 | 耗时 0s | 配额 4312/4800 11:11UTC | 主队列 46/200 发现队列 98/20000 [[user1]:98]
[2026-08-05 19:11:30] [W-3] 🔧 开始处理 [user1] Andyworldclub/v2ray-core
[2026-08-05 19:11:30] [W-3] ⏭️ [user1] 仓库 https://github.com/Andyworldclub/v2ray-core 30175h 未更新，跳过解析（无需追踪）
[2026-08-05 19:11:30] [W-18] ✅ 完成 [user1] Andyworldclub/Miles | 提取 0 | 新增 0 | 耗时 0s | 配额 4312/4800 11:11UTC | 主队列 46/200 发现队列 97/20000 [[user1]:97]
[2026-08-05 19:11:30] [W-18] 🔧 开始处理 [user1] Andyworldclub/v2rayNG
[2026-08-05 19:11:30] [W-18] ⏭️ [user1] 仓库 https://github.com/Andyworldclub/v2rayNG 31325h 未更新，跳过解析（无需追踪）
[2026-08-05 19:11:30] [W-19] ✅ 完成 [user1] Andyworldclub/keepassxc | 提取 0 | 新增 0 | 耗时 0s | 配额 4312/4800 11:11UTC | 主队列 46/200 发现队列 96/20000 [[user1]:96]
[2026-08-05 19:11:30] [W-19] 🔧 开始处理 [user1] Andyworldclub/andylauvip
[2026-08-05 19:11:30] [W-19] ⏭️ [user1] 仓库 https://github.com/Andyworldclub/andylauvip 39725h 未更新，跳过解析（无需追踪）
[2026-08-05 19:11:30] [W-5] ✅ 完成 [user1] Andyworldclub/surgevip | 提取 0 | 新增 0 | 耗时 0s | 配额 4312/4800 11:11UTC | 主队列 46/200 发现队列 95/20000 [[user1]:95]
[2026-08-05 19:11:30] [W-5] 🔧 开始处理 [user1] Andyworldclub/qmc-decoder
[2026-08-05 19:11:30] [W-5] ⏭️ [user1] 仓库 https://github.com/Andyworldclub/qmc-decoder 36124h 未更新，跳过解析（无需追踪）
[2026-08-05 19:11:30] [W-15] ✅ 完成 [fork1] polaris-wz/openproxylist | 提取 0 | 新增 0 | 耗时 0s | 配额 4312/4800 11:11UTC | 主队列 46/200 发现队列 94/20000 [[user1]:94]
[2026-08-05 19:11:30] [W-15] 🔧 开始处理 [user1] Andyworldclub/surge-list
[2026-08-05 19:11:30] [W-15] ⏭️ [user1] 仓库 https://github.com/Andyworldclub/surge-list 17147h 未更新，跳过解析（无需追踪）
[2026-08-05 19:11:30] [W-15] ✅ 完成 [user1] Andyworldclub/surge-list | 提取 0 | 新增 0 | 耗时 0s | 配额 4312/4800 11:11UTC | 主队列 46/200 发现队列 93/20000 [[user1]:93]
[2026-08-05 19:11:30] [W-15] 🔧 开始处理 [user1] Andyworldclub/v2rayN
[2026-08-05 19:11:30] [W-15] ⏭️ [user1] 仓库 https://github.com/Andyworldclub/v2rayN 17134h 未更新，跳过解析（无需追踪）
[2026-08-05 19:11:30] [W-20] ✅ 完成 [user1] Andyworldclub/surgeguanwang | 提取 0 | 新增 0 | 耗时 0s | 配额 4312/4800 11:11UTC | 主队列 46/200 发现队列 92/20000 [[user1]:92]
[2026-08-05 19:11:30] [W-20] 🔧 开始处理 [user1] Andyworldclub/pull
[2026-08-05 19:11:30] [W-20] ⏭️ [user1] 仓库 https://github.com/Andyworldclub/pull 20480h 未更新，跳过解析（无需追踪）
[2026-08-05 19:11:30] [W-1] ✅ 完成 [user1] Andyworldclub/ClashMetaForAndroid | 提取 0 | 新增 0 | 耗时 0s | 配额 4312/4800 11:11UTC | 主队列 46/200 发现队列 91/20000 [[user1]:91]
[2026-08-05 19:11:30] [W-1] 🔧 开始处理 [user1] Andyworldclub/Surge
[2026-08-05 19:11:30] [W-1] 📝 已处理缓存: Andyworldclub/Surge
[2026-08-05 19:11:30] [W-1] ⏭️ [user1] 仓库 https://github.com/Andyworldclub/Surge 45165h 未更新，跳过解析（无需追踪）
[2026-08-05 19:11:30] [W-14] ✅ 完成 [user1] Andyworldclub/NobyDa.Scripts | 提取 0 | 新增 0 | 耗时 0s | 配额 4312/4800 11:11UTC | 主队列 46/200 发现队列 90/20000 [[user1]:90]
[2026-08-05 19:11:30] [W-14] 🔧 开始处理 [user1] yilong001/NotionNext
[2026-08-05 19:11:30] [W-14] ⏭️ [user1] 仓库 https://github.com/yilong001/NotionNext 2336h 未更新，跳过解析（无需追踪）
[2026-08-05 19:11:30] [W-14] ✅ 完成 [user1] yilong001/NotionNext | 提取 0 | 新增 0 | 耗时 0s | 配额 4312/4800 11:11UTC | 主队列 46/200 发现队列 89/20000 [[user1]:89]
[2026-08-05 19:11:30] [W-14] 🔧 开始处理 [user1] yilong001/FileWorker
[2026-08-05 19:11:30] [W-14] ⏭️ [user1] 仓库 https://github.com/yilong001/FileWorker 18691h 未更新，跳过解析（无需追踪）
[2026-08-05 19:11:30] [W-22] ✅ 完成 [user1] Andyworldclub/edgetunnel | 提取 0 | 新增 0 | 耗时 0s | 配额 4311/4800 11:11UTC | 主队列 46/200 发现队列 88/20000 [[user1]:88]
[2026-08-05 19:11:30] [W-22] 🔧 开始处理 [user1] yilong001/edg
[2026-08-05 19:11:30] [W-22] ⏭️ [user1] 仓库 https://github.com/yilong001/edg 5373h 未更新，跳过解析（无需追踪）
[2026-08-05 19:11:30] [W-9] ✅ 完成 [user1] Andyworldclub/clash-verge-rev | 提取 0 | 新增 0 | 耗时 0s | 配额 4311/4800 11:11UTC | 主队列 46/200 发现队列 87/20000 [[user1]:87]
[2026-08-05 19:11:30] [W-9] 🔧 开始处理 [user1] yilong001/LibreTV
[2026-08-05 19:11:30] [W-9] ⏭️ [user1] 仓库 https://github.com/yilong001/LibreTV 5948h 未更新，跳过解析（无需追踪）
[2026-08-05 19:11:30] [W-2] ✅ 完成 [user1] Andyworldclub/surgeHackl0us | 提取 0 | 新增 0 | 耗时 0s | 配额 4311/4800 11:11UTC | 主队列 46/200 发现队列 86/20000 [[user1]:86]
[2026-08-05 19:11:30] [W-2] 🔧 开始处理 [user1] yilong001/jellyseerr
[2026-08-05 19:11:30] [W-2] ⏭️ [user1] 仓库 https://github.com/yilong001/jellyseerr 36797h 未更新，跳过解析（无需追踪）
[2026-08-05 19:11:30] [W-7] ✅ 完成 [fork1] yushion/openproxylist | 提取 0 | 新增 0 | 耗时 0s | 配额 4311/4800 11:11UTC | 主队列 46/200 发现队列 85/20000 [[user1]:85]
[2026-08-05 19:11:30] [W-7] 🔧 开始处理 [user1] yilong001/3x-ui
[2026-08-05 19:11:30] [W-7] ⏭️ [user1] 仓库 https://github.com/yilong001/3x-ui 10485h 未更新，跳过解析（无需追踪）
[2026-08-05 19:11:30] [W-16] ✅ 完成 [user1] Andyworldclub/surgeiosdler | 提取 0 | 新增 0 | 耗时 0s | 配额 4311/4800 11:11UTC | 主队列 46/200 发现队列 84/20000 [[user1]:84]
[2026-08-05 19:11:30] [W-16] 🔧 开始处理 [user1] yilong001/CF-Workers-SUB
[2026-08-05 19:11:30] [W-16] ⏭️ [user1] 仓库 https://github.com/yilong001/CF-Workers-SUB 7906h 未更新，跳过解析（无需追踪）
[2026-08-05 19:11:30] [W-16] ✅ 完成 [user1] yilong001/CF-Workers-SUB | 提取 0 | 新增 0 | 耗时 0s | 配额 4311/4800 11:11UTC | 主队列 46/200 发现队列 83/20000 [[user1]:83]
[2026-08-05 19:11:30] [W-16] 🔧 开始处理 [user1] yilong001/CloudSaver
[2026-08-05 19:11:30] [W-16] ⏭️ [user1] 仓库 https://github.com/yilong001/CloudSaver 9560h 未更新，跳过解析（无需追踪）
[2026-08-05 19:11:30] [W-4] ✅ 完成 [user1] housaiyinmamaide/domain-list-community | 提取 0 | 新增 0 | 耗时 22s | 配额 4311/4800 11:11UTC | 主队列 46/200 发现队列 82/20000 [[user1]:82]
[2026-08-05 19:11:30] [W-4] 🔧 开始处理 [user1] yilong001/cf-workers-proxy
[2026-08-05 19:11:30] [W-4] ⏭️ [user1] 仓库 https://github.com/yilong001/cf-workers-proxy 9452h 未更新，跳过解析（无需追踪）
[2026-08-05 19:11:30] [W-17] ✅ 完成 [user1] Andyworldclub/ClashX.Meta | 提取 0 | 新增 0 | 耗时 0s | 配额 4311/4800 11:11UTC | 主队列 46/200 发现队列 81/20000 [[user1]:81]
[2026-08-05 19:11:30] [W-17] 🔧 开始处理 [user1] yilong001/gongjuxiangsh
[2026-08-05 19:11:30] [W-17] ⏭️ [user1] 仓库 https://github.com/yilong001/gongjuxiangsh 9452h 未更新，跳过解析（无需追踪）
[2026-08-05 19:11:30] [W-21] ✅ 完成 [fork1] catcat0921/openproxylist | 提取 432 | 新增 0 | 耗时 7s | 配额 4311/4800 11:11UTC | 主队列 46/200 发现队列 80/20000 [[user1]:80]
[2026-08-05 19:11:30] [W-21] 🔧 开始处理 [user1] yilong001/deploy
[2026-08-05 19:11:30] [W-21] ⏭️ [user1] 仓库 https://github.com/yilong001/deploy 9452h 未更新，跳过解析（无需追踪）
[2026-08-05 19:11:30] [W-10] ✅ 完成 [user1] Andyworldclub/ios_rule_script | 提取 0 | 新增 0 | 耗时 0s | 配额 4311/4800 11:11UTC | 主队列 46/200 发现队列 79/20000 [[user1]:79]
[2026-08-05 19:11:30] [W-10] 🔧 开始处理 [user1] yilong001/reinstall
[2026-08-05 19:11:30] [W-10] ⏭️ [user1] 仓库 https://github.com/yilong001/reinstall 9452h 未更新，跳过解析（无需追踪）
[2026-08-05 19:11:30] [W-3] ✅ 完成 [user1] Andyworldclub/v2ray-core | 提取 0 | 新增 0 | 耗时 0s | 配额 4311/4800 11:11UTC | 主队列 46/200 发现队列 78/20000 [[user1]:78]
[2026-08-05 19:11:30] [W-3] 🔧 开始处理 [user1] yilong001/MoviePilot
[2026-08-05 19:11:30] [W-3] ⏭️ [user1] 仓库 https://github.com/yilong001/MoviePilot 9452h 未更新，跳过解析（无需追踪）
[2026-08-05 19:11:30] [W-18] ✅ 完成 [user1] Andyworldclub/v2rayNG | 提取 0 | 新增 0 | 耗时 0s | 配额 4311/4800 11:11UTC | 主队列 46/200 发现队列 77/20000 [[user1]:77]
[2026-08-05 19:11:30] [W-18] 🔧 开始处理 [user1] yilong001/ServerStatus
[2026-08-05 19:11:30] [W-18] ⏭️ [user1] 仓库 https://github.com/yilong001/ServerStatus 9452h 未更新，跳过解析（无需追踪）
[2026-08-05 19:11:30] [W-18] ✅ 完成 [user1] yilong001/ServerStatus | 提取 0 | 新增 0 | 耗时 0s | 配额 4311/4800 11:11UTC | 主队列 46/200 发现队列 76/20000 [[user1]:76]
[2026-08-05 19:11:30] [W-18] 🔧 开始处理 [user1] yilong001/CF-Workers-GitHub
[2026-08-05 19:11:30] [W-18] ⏭️ [user1] 仓库 https://github.com/yilong001/CF-Workers-GitHub 9452h 未更新，跳过解析（无需追踪）
[2026-08-05 19:11:30] [W-5] ✅ 完成 [user1] Andyworldclub/qmc-decoder | 提取 0 | 新增 0 | 耗时 0s | 配额 4311/4800 11:11UTC | 主队列 46/200 发现队列 75/20000 [[user1]:75]
[2026-08-05 19:11:30] [W-5] 🔧 开始处理 [user1] yilong001/CF-Workers-docker.io
[2026-08-05 19:11:30] [W-5] ⏭️ [user1] 仓库 https://github.com/yilong001/CF-Workers-docker.io 9705h 未更新，跳过解析（无需追踪）
[2026-08-05 19:11:30] [W-23] ✅ 完成 [user1] Andyworldclub/Shizuku | 提取 0 | 新增 0 | 耗时 0s | 配额 4311/4800 11:11UTC | 主队列 46/200 发现队列 74/20000 [[user1]:74]
[2026-08-05 19:11:30] [W-23] 🔧 开始处理 [user1] yilong001/iptv-api
[2026-08-05 19:11:30] [W-23] ⏭️ [user1] 仓库 https://github.com/yilong001/iptv-api 9865h 未更新，跳过解析（无需追踪）
[2026-08-05 19:11:30] [W-23] ✅ 完成 [user1] yilong001/iptv-api | 提取 0 | 新增 0 | 耗时 0s | 配额 4311/4800 11:11UTC | 主队列 46/200 发现队列 73/20000 [[user1]:73]
[2026-08-05 19:11:30] [W-23] 🔧 开始处理 [user1] yilong001/nps
[2026-08-05 19:11:30] [W-23] ⏭️ [user1] 仓库 https://github.com/yilong001/nps 10132h 未更新，跳过解析（无需追踪）
[2026-08-05 19:11:30] [W-20] ✅ 完成 [user1] Andyworldclub/pull | 提取 0 | 新增 0 | 耗时 0s | 配额 4311/4800 11:11UTC | 主队列 46/200 发现队列 72/20000 [[user1]:72]
[2026-08-05 19:11:30] [W-20] 🔧 开始处理 [user1] yilong001/frpMgr
[2026-08-05 19:11:30] [W-20] ⏭️ [user1] 仓库 https://github.com/yilong001/frpMgr 30802h 未更新，跳过解析（无需追踪）
[2026-08-05 19:11:30] [W-20] ✅ 完成 [user1] yilong001/frpMgr | 提取 0 | 新增 0 | 耗时 0s | 配额 4311/4800 11:11UTC | 主队列 46/200 发现队列 71/20000 [[user1]:71]
[2026-08-05 19:11:30] [W-20] 🔧 开始处理 [user1] yilong001/tvbox18
[2026-08-05 19:11:30] [W-20] ⏭️ [user1] 仓库 https://github.com/yilong001/tvbox18 11241h 未更新，跳过解析（无需追踪）
[2026-08-05 19:11:30] [W-14] ✅ 完成 [user1] yilong001/FileWorker | 提取 0 | 新增 0 | 耗时 0s | 配额 4311/4800 11:11UTC | 主队列 46/200 发现队列 70/20000 [[user1]:70]
[2026-08-05 19:11:30] [W-14] 🔧 开始处理 [user1] yilong001/Microsoft-Activation-Scripts
[2026-08-05 19:11:30] [W-14] ⏭️ [user1] 仓库 https://github.com/yilong001/Microsoft-Activation-Scripts 12182h 未更新，跳过解析（无需追踪）
[2026-08-05 19:11:30] [W-6] ✅ 完成 [user1] Andyworldclub/Shadowrocket-ADBlock-Rules-Forever | 提取 0 | 新增 0 | 耗时 0s | 配额 4311/4800 11:11UTC | 主队列 46/200 发现队列 69/20000 [[user1]:69]
[2026-08-05 19:11:30] [W-6] 🔧 开始处理 [user1] yilong001/nezha
[2026-08-05 19:11:30] [W-6] ⏭️ [user1] 仓库 https://github.com/yilong001/nezha 47210h 未更新，跳过解析（无需追踪）
[2026-08-05 19:11:30] [W-6] ✅ 完成 [user1] yilong001/nezha | 提取 0 | 新增 0 | 耗时 0s | 配额 4311/4800 11:11UTC | 主队列 46/200 发现队列 68/20000 [[user1]:68]
[2026-08-05 19:11:30] [W-6] 🔧 开始处理 [user1] yilong001/ServerStatus-Rust
[2026-08-05 19:11:30] [W-6] ⏭️ [user1] 仓库 https://github.com/yilong001/ServerStatus-Rust 12303h 未更新，跳过解析（无需追踪）
[2026-08-05 19:11:30] [W-22] ✅ 完成 [user1] yilong001/edg | 提取 0 | 新增 0 | 耗时 0s | 配额 4311/4800 11:11UTC | 主队列 46/200 发现队列 67/20000 [[user1]:67]
[2026-08-05 19:11:30] [W-22] 🔧 开始处理 [user1] yilong001/frpc-desktop
[2026-08-05 19:11:30] [W-22] ⏭️ [user1] 仓库 https://github.com/yilong001/frpc-desktop 13755h 未更新，跳过解析（无需追踪）
[2026-08-05 19:11:30] [W-9] ✅ 完成 [user1] yilong001/LibreTV | 提取 0 | 新增 0 | 耗时 0s | 配额 4311/4800 11:11UTC | 主队列 46/200 发现队列 66/20000 [[user1]:66]
[2026-08-05 19:11:30] [W-9] 🔧 开始处理 [user1] yilong001/dd
[2026-08-05 19:11:30] [W-9] ⏭️ [user1] 仓库 https://github.com/yilong001/dd 58451h 未更新，跳过解析（无需追踪）
[2026-08-05 19:11:30] [W-2] ✅ 完成 [user1] yilong001/jellyseerr | 提取 0 | 新增 0 | 耗时 0s | 配额 4311/4800 11:11UTC | 主队列 46/200 发现队列 65/20000 [[user1]:65]
[2026-08-05 19:11:30] [W-2] 🔧 开始处理 [user1] yilong001/newpagessub
[2026-08-05 19:11:30] [W-2] ⏭️ [user1] 仓库 https://github.com/yilong001/newpagessub 14087h 未更新，跳过解析（无需追踪）
[2026-08-05 19:11:30] [W-2] ✅ 完成 [user1] yilong001/newpagessub | 提取 0 | 新增 0 | 耗时 0s | 配额 4311/4800 11:11UTC | 主队列 46/200 发现队列 64/20000 [[user1]:64]
[2026-08-05 19:11:30] [W-2] 🔧 开始处理 [user1] yilong001/edgxinde
[2026-08-05 19:11:30] [W-2] ⏭️ [user1] 仓库 https://github.com/yilong001/edgxinde 14166h 未更新，跳过解析（无需追踪）
[2026-08-05 19:11:30] [W-16] ✅ 完成 [user1] yilong001/CloudSaver | 提取 0 | 新增 0 | 耗时 0s | 配额 4311/4800 11:11UTC | 主队列 46/200 发现队列 63/20000 [[user1]:63]
[2026-08-05 19:11:30] [W-16] 🔧 开始处理 [user1] yilong001/epeius
[2026-08-05 19:11:30] [W-16] ⏭️ [user1] 仓库 https://github.com/yilong001/epeius 14626h 未更新，跳过解析（无需追踪）
[2026-08-05 19:11:30] [W-12] ✅ 完成 [user1] Andyworldclub/rustdesk | 提取 0 | 新增 0 | 耗时 0s | 配额 4311/4800 11:11UTC | 主队列 46/200 发现队列 62/20000 [[user1]:62]
[2026-08-05 19:11:30] [W-12] 🔧 开始处理 [user1] yilong001/docker-cn
[2026-08-05 19:11:30] [W-12] ⏭️ [user1] 仓库 https://github.com/yilong001/docker-cn 16775h 未更新，跳过解析（无需追踪）
[2026-08-05 19:11:30] [W-12] ✅ 完成 [user1] yilong001/docker-cn | 提取 0 | 新增 0 | 耗时 0s | 配额 4311/4800 11:11UTC | 主队列 46/200 发现队列 61/20000 [[user1]:61]
[2026-08-05 19:11:30] [W-12] 🔧 开始处理 [user1] yilong001/ChatGPT-Next-Web
[2026-08-05 19:11:30] [W-12] ⏭️ [user1] 仓库 https://github.com/yilong001/ChatGPT-Next-Web 16522h 未更新，跳过解析（无需追踪）
[2026-08-05 19:11:30] [W-17] ✅ 完成 [user1] yilong001/gongjuxiangsh | 提取 0 | 新增 0 | 耗时 0s | 配额 4311/4800 11:11UTC | 主队列 46/200 发现队列 60/20000 [[user1]:60]
[2026-08-05 19:11:30] [W-17] 🔧 开始处理 [user1] fenwehome/rustdesk
[2026-08-05 19:11:30] [W-17] [user1] 仓库 https://github.com/fenwehome/rustdesk (分支: master, size: 75429KB, pushed: 2026-08-05T11:03:14Z)
[2026-08-05 19:11:30] [W-21] ✅ 完成 [user1] yilong001/deploy | 提取 0 | 新增 0 | 耗时 0s | 配额 4311/4800 11:11UTC | 主队列 46/200 发现队列 59/20000 [[user1]:59]
[2026-08-05 19:11:30] [W-21] 🔧 开始处理 [user1] fenwehome/yx-tools
[2026-08-05 19:11:30] [W-21] [user1] 仓库 https://github.com/fenwehome/yx-tools (分支: main, size: 10927KB, pushed: 2026-08-05T10:51:13Z)
[2026-08-05 19:11:30] [W-10] ✅ 完成 [user1] yilong001/reinstall | 提取 0 | 新增 0 | 耗时 0s | 配额 4311/4800 11:11UTC | 主队列 46/200 发现队列 58/20000 [[user1]:58]
[2026-08-05 19:11:30] [W-10] 🔧 开始处理 [user1] fenwehome/free-proxy-list
[2026-08-05 19:11:30] [W-10] ⏭️ [user1] 仓库 https://github.com/fenwehome/free-proxy-list 已解析，跳过解析（无需追踪）
[2026-08-05 19:11:30] [W-3] ✅ 完成 [user1] yilong001/MoviePilot | 提取 0 | 新增 0 | 耗时 0s | 配额 4311/4800 11:11UTC | 主队列 46/200 发现队列 57/20000 [[user1]:57]
[2026-08-05 19:11:30] [W-3] 🔧 开始处理 [user1] fenwehome/X
[2026-08-05 19:11:30] [W-3] [user1] 仓库 https://github.com/fenwehome/X (分支: main, size: 2665783KB, pushed: 2026-08-05T10:04:32Z)
[2026-08-05 19:11:30] [W-19] ✅ 完成 [user1] Andyworldclub/andylauvip | 提取 0 | 新增 0 | 耗时 0s | 配额 4311/4800 11:11UTC | 主队列 46/200 发现队列 56/20000 [[user1]:56]
[2026-08-05 19:11:30] [W-19] 🔧 开始处理 [user1] fenwehome/domain-list-community
[2026-08-05 19:11:30] [W-19] [user1] 仓库 https://github.com/fenwehome/domain-list-community (分支: master, size: 12396KB, pushed: 2026-08-05T09:28:35Z)
[2026-08-05 19:11:30] [W-18] ✅ 完成 [user1] yilong001/CF-Workers-GitHub | 提取 0 | 新增 0 | 耗时 0s | 配额 4311/4800 11:11UTC | 主队列 46/200 发现队列 55/20000 [[user1]:55]
[2026-08-05 19:11:30] [W-18] 🔧 开始处理 [user1] fenwehome/aliyunpanshare
[2026-08-05 19:11:30] [W-18] [user1] 仓库 https://github.com/fenwehome/aliyunpanshare (分支: main, size: 18495KB, pushed: 2026-08-05T07:55:14Z)
[2026-08-05 19:11:30] [W-5] ✅ 完成 [user1] yilong001/CF-Workers-docker.io | 提取 0 | 新增 0 | 耗时 0s | 配额 4311/4800 11:11UTC | 主队列 46/200 发现队列 54/20000 [[user1]:54]
[2026-08-05 19:11:30] [W-5] 🔧 开始处理 [user1] fenwehome/github-chinese
[2026-08-05 19:11:30] [W-5] [user1] 仓库 https://github.com/fenwehome/github-chinese (分支: gh-pages, size: 75595KB, pushed: 2026-08-05T06:10:12Z)
[2026-08-05 19:11:30] [W-23] ✅ 完成 [user1] yilong001/nps | 提取 0 | 新增 0 | 耗时 0s | 配额 4311/4800 11:11UTC | 主队列 46/200 发现队列 53/20000 [[user1]:53]
[2026-08-05 19:11:30] [W-23] 🔧 开始处理 [user1] fenwehome/TVAPP
[2026-08-05 19:11:30] [W-23] [user1] 仓库 https://github.com/fenwehome/TVAPP (分支: main, size: 35077238KB, pushed: 2026-08-05T05:18:24Z)
[2026-08-05 19:11:30] [W-20] ✅ 完成 [user1] yilong001/tvbox18 | 提取 0 | 新增 0 | 耗时 0s | 配额 4311/4800 11:11UTC | 主队列 46/200 发现队列 52/20000 [[user1]:52]
[2026-08-05 19:11:30] [W-20] 🔧 开始处理 [user1] fenwehome/desktop
[2026-08-05 19:11:30] [W-20] [user1] 仓库 https://github.com/fenwehome/desktop (分支: dev, size: 5907114KB, pushed: 2026-08-05T01:53:13Z)
[2026-08-05 19:11:30] [W-1] ✅ 完成 [user1] Andyworldclub/Surge | 提取 0 | 新增 0 | 耗时 0s | 配额 4311/4800 11:11UTC | 主队列 46/200 发现队列 51/20000 [[user1]:51]
[2026-08-05 19:11:30] [W-1] 🔧 开始处理 [user1] fenwehome/WorkerVless2sub
[2026-08-05 19:11:30] [W-1] [user1] 仓库 https://github.com/fenwehome/WorkerVless2sub (分支: main, size: 3804KB, pushed: 2026-08-04T21:15:14Z)
[2026-08-05 19:11:30] [W-6] ✅ 完成 [user1] yilong001/ServerStatus-Rust | 提取 0 | 新增 0 | 耗时 0s | 配额 4311/4800 11:11UTC | 主队列 46/200 发现队列 50/20000 [[user1]:50]
[2026-08-05 19:11:30] [W-6] 🔧 开始处理 [user1] fenwehome/anti-AD
[2026-08-05 19:11:30] [W-6] [user1] 仓库 https://github.com/fenwehome/anti-AD (分支: master, size: 1514179KB, pushed: 2026-08-04T20:09:18Z)
[2026-08-05 19:11:30] [W-22] ✅ 完成 [user1] yilong001/frpc-desktop | 提取 0 | 新增 0 | 耗时 0s | 配额 4311/4800 11:11UTC | 主队列 46/200 发现队列 49/20000 [[user1]:49]
[2026-08-05 19:11:30] [W-22] 🔧 开始处理 [user1] fenwehome/LunaTV-config
[2026-08-05 19:11:30] [W-22] [user1] 仓库 https://github.com/fenwehome/LunaTV-config (分支: main, size: 4075KB, pushed: 2026-08-04T18:23:28Z)
[2026-08-05 19:11:30] [W-7] ✅ 完成 [user1] yilong001/3x-ui | 提取 0 | 新增 0 | 耗时 0s | 配额 4311/4800 11:11UTC | 主队列 46/200 发现队列 48/20000 [[user1]:48]
[2026-08-05 19:11:30] [W-7] 🔧 开始处理 [user1] fenwehome/vsterm
[2026-08-05 19:11:30] [W-7] [user1] 仓库 https://github.com/fenwehome/vsterm (分支: main, size: 219KB, pushed: 2026-08-04T18:05:40Z)
[2026-08-05 19:11:30] [W-16] ✅ 完成 [user1] yilong001/epeius | 提取 0 | 新增 0 | 耗时 0s | 配额 4311/4800 11:11UTC | 主队列 46/200 发现队列 47/20000 [[user1]:47]
[2026-08-05 19:11:30] [W-16] 🔧 开始处理 [user1] fenwehome/alist-tvbox
[2026-08-05 19:11:30] [W-16] [user1] 仓库 https://github.com/fenwehome/alist-tvbox (分支: master, size: 2070095KB, pushed: 2026-08-04T15:53:13Z)
[2026-08-05 19:11:30] [W-12] ✅ 完成 [user1] yilong001/ChatGPT-Next-Web | 提取 0 | 新增 0 | 耗时 0s | 配额 4311/4800 11:11UTC | 主队列 46/200 发现队列 46/20000 [[user1]:46]
[2026-08-05 19:11:30] [W-12] 🔧 开始处理 [user1] fenwehome/v2ray-agent
[2026-08-05 19:11:30] [W-12] 📝 已处理缓存: fenwehome/v2ray-agent
[2026-08-05 19:11:30] [W-12] ⏭️ [user1] 仓库 https://github.com/fenwehome/v2ray-agent 42h 未更新，跳过解析（无需追踪）
[2026-08-05 19:11:30] [W-4] ✅ 完成 [user1] yilong001/cf-workers-proxy | 提取 0 | 新增 0 | 耗时 0s | 配额 4311/4800 11:11UTC | 主队列 46/200 发现队列 45/20000 [[user1]:45]
[2026-08-05 19:11:30] [W-4] 🔧 开始处理 [user1] fenwehome/TVBoxOS
[2026-08-05 19:11:30] [W-4] ⏭️ [user1] 仓库 https://github.com/fenwehome/TVBoxOS 54h 未更新，跳过解析（无需追踪）
[2026-08-05 19:11:30] [W-10] ✅ 完成 [user1] fenwehome/free-proxy-list | 提取 0 | 新增 0 | 耗时 0s | 配额 4311/4800 11:11UTC | 主队列 46/200 发现队列 44/20000 [[user1]:44]
[2026-08-05 19:11:30] [W-10] 🔧 开始处理 [user1] fenwehome/lx-music-source
[2026-08-05 19:11:30] [W-10] [user1] 仓库 https://github.com/fenwehome/lx-music-source (分支: main, size: 281KB, pushed: 2026-08-05T04:28:42Z)
[2026-08-05 19:11:30] [W-15] ✅ 完成 [user1] Andyworldclub/v2rayN | 提取 0 | 新增 0 | 耗时 0s | 配额 4311/4800 11:11UTC | 主队列 46/200 发现队列 43/20000 [[user1]:43]
[2026-08-05 19:11:30] [W-15] 🔧 开始处理 [user1] fenwehome/RGSX
[2026-08-05 19:11:30] [W-15] ⏭️ [user1] 仓库 https://github.com/fenwehome/RGSX 65h 未更新，跳过解析（无需追踪）
[2026-08-05 19:11:30] [W-15] ✅ 完成 [user1] fenwehome/RGSX | 提取 0 | 新增 0 | 耗时 0s | 配额 4311/4800 11:11UTC | 主队列 46/200 发现队列 42/20000 [[user1]:42]
[2026-08-05 19:11:30] [W-15] 🔧 开始处理 [user1] fenwehome/AutoBuildImmortalWrt
[2026-08-05 19:11:30] [W-15] ⏭️ [user1] 仓库 https://github.com/fenwehome/AutoBuildImmortalWrt 105h 未更新，跳过解析（无需追踪）
[2026-08-05 19:11:30] [W-15] ✅ 完成 [user1] fenwehome/AutoBuildImmortalWrt | 提取 0 | 新增 0 | 耗时 0s | 配额 4311/4800 11:11UTC | 主队列 46/200 发现队列 41/20000 [[user1]:41]
[2026-08-05 19:11:30] [W-15] 🔧 开始处理 [user1] fenwehome/OmniBox-Spider
[2026-08-05 19:11:30] [W-15] ⏭️ [user1] 仓库 https://github.com/fenwehome/OmniBox-Spider 116h 未更新，跳过解析（无需追踪）
[2026-08-05 19:11:30] [W-15] ✅ 完成 [user1] fenwehome/OmniBox-Spider | 提取 0 | 新增 0 | 耗时 0s | 配额 4311/4800 11:11UTC | 主队列 46/200 发现队列 40/20000 [[user1]:40]
[2026-08-05 19:11:30] [W-15] 🔧 开始处理 [user1] fenwehome/ddns-go
[2026-08-05 19:11:30] [W-15] ⏭️ [user1] 仓库 https://github.com/fenwehome/ddns-go 139h 未更新，跳过解析（无需追踪）
[2026-08-05 19:11:30] [W-9] ✅ 完成 [user1] yilong001/dd | 提取 0 | 新增 0 | 耗时 0s | 配额 4311/4800 11:11UTC | 主队列 46/200 发现队列 39/20000 [[user1]:39]
[2026-08-05 19:11:30] [W-9] 🔧 开始处理 [user1] fenwehome/Python-100-Days
[2026-08-05 19:11:30] [W-9] ⏭️ [user1] 仓库 https://github.com/fenwehome/Python-100-Days 158h 未更新，跳过解析（无需追踪）
[2026-08-05 19:11:30] [W-9] ✅ 完成 [user1] fenwehome/Python-100-Days | 提取 0 | 新增 0 | 耗时 0s | 配额 4311/4800 11:11UTC | 主队列 46/200 发现队列 38/20000 [[user1]:38]
[2026-08-05 19:11:30] [W-9] 🔧 开始处理 [user1] fenwehome/pve
[2026-08-05 19:11:30] [W-9] ⏭️ [user1] 仓库 https://github.com/fenwehome/pve 237h 未更新，跳过解析（无需追踪）
[2026-08-05 19:11:30] [W-9] ✅ 完成 [user1] fenwehome/pve | 提取 0 | 新增 0 | 耗时 0s | 配额 4311/4800 11:11UTC | 主队列 46/200 发现队列 37/20000 [[user1]:37]
[2026-08-05 19:11:30] [W-9] 🔧 开始处理 [user1] fenwehome/CloudflareSpeedTest
[2026-08-05 19:11:30] [W-9] ⏭️ [user1] 仓库 https://github.com/fenwehome/CloudflareSpeedTest 262h 未更新，跳过解析（无需追踪）
[2026-08-05 19:11:30] [W-9] ✅ 完成 [user1] fenwehome/CloudflareSpeedTest | 提取 0 | 新增 0 | 耗时 0s | 配额 4311/4800 11:11UTC | 主队列 46/200 发现队列 36/20000 [[user1]:36]
[2026-08-05 19:11:30] [W-9] 🔧 开始处理 [user1] fenwehome/karing
[2026-08-05 19:11:30] [W-9] ⏭️ [user1] 仓库 https://github.com/fenwehome/karing 263h 未更新，跳过解析（无需追踪）
[2026-08-05 19:11:30] [W-9] ✅ 完成 [user1] fenwehome/karing | 提取 0 | 新增 0 | 耗时 0s | 配额 4311/4800 11:11UTC | 主队列 46/200 发现队列 35/20000 [[user1]:35]
[2026-08-05 19:11:30] [W-9] 🔧 开始处理 [user1] fenwehome/subs-check-pro-gui
[2026-08-05 19:11:30] [W-9] ⏭️ [user1] 仓库 https://github.com/fenwehome/subs-check-pro-gui 318h 未更新，跳过解析（无需追踪）
[2026-08-05 19:11:30] [W-9] ✅ 完成 [user1] fenwehome/subs-check-pro-gui | 提取 0 | 新增 0 | 耗时 0s | 配额 4311/4800 11:11UTC | 主队列 46/200 发现队列 34/20000 [[user1]:34]
[2026-08-05 19:11:30] [W-9] 🔧 开始处理 [user1] fenwehome/fish2018_lib
[2026-08-05 19:11:30] [W-9] ⏭️ [user1] 仓库 https://github.com/fenwehome/fish2018_lib 362h 未更新，跳过解析（无需追踪）
[2026-08-05 19:11:30] [W-9] ✅ 完成 [user1] fenwehome/fish2018_lib | 提取 0 | 新增 0 | 耗时 0s | 配额 4311/4800 11:11UTC | 主队列 46/200 发现队列 33/20000 [[user1]:33]
[2026-08-05 19:11:30] [W-9] 🔧 开始处理 [user1] fenwehome/wk-Auto-update
[2026-08-05 19:11:30] [W-9] ⏭️ [user1] 仓库 https://github.com/fenwehome/wk-Auto-update 370h 未更新，跳过解析（无需追踪）
[2026-08-05 19:11:30] [W-9] ✅ 完成 [user1] fenwehome/wk-Auto-update | 提取 0 | 新增 0 | 耗时 0s | 配额 4311/4800 11:11UTC | 主队列 46/200 发现队列 32/20000 [[user1]:32]
[2026-08-05 19:11:30] [W-9] 🔧 开始处理 [user1] fenwehome/sublink-worker
[2026-08-05 19:11:30] [W-9] ⏭️ [user1] 仓库 https://github.com/fenwehome/sublink-worker 407h 未更新，跳过解析（无需追踪）
[2026-08-05 19:11:30] [W-9] ✅ 完成 [user1] fenwehome/sublink-worker | 提取 0 | 新增 0 | 耗时 0s | 配额 4311/4800 11:11UTC | 主队列 46/200 发现队列 31/20000 [[user1]:31]
[2026-08-05 19:11:30] [W-9] 🔧 开始处理 [user1] fenwehome/localsend
[2026-08-05 19:11:30] [W-9] ⏭️ [user1] 仓库 https://github.com/fenwehome/localsend 466h 未更新，跳过解析（无需追踪）
[2026-08-05 19:11:30] [W-9] ✅ 完成 [user1] fenwehome/localsend | 提取 0 | 新增 0 | 耗时 0s | 配额 4311/4800 11:11UTC | 主队列 46/200 发现队列 30/20000 [[user1]:30]
[2026-08-05 19:11:30] [W-9] 🔧 开始处理 [user1] csxjf/WorkerVless2sub
[2026-08-05 19:11:30] [W-9] [user1] 仓库 https://github.com/csxjf/WorkerVless2sub (分支: main, size: 3804KB, pushed: 2026-08-05T02:23:11Z)
[2026-08-05 19:11:30] [W-2] ✅ 完成 [user1] yilong001/edgxinde | 提取 0 | 新增 0 | 耗时 0s | 配额 4311/4800 11:11UTC | 主队列 46/200 发现队列 29/20000 [[user1]:29]
[2026-08-05 19:11:30] [W-2] 🔧 开始处理 [user1] csxjf/GrainTCPV1
[2026-08-05 19:11:30] [W-2] ⏭️ [user1] 仓库 https://github.com/csxjf/GrainTCPV1 48h 未更新，跳过解析（无需追踪）
[2026-08-05 19:11:30] [W-2] ✅ 完成 [user1] csxjf/GrainTCPV1 | 提取 0 | 新增 0 | 耗时 0s | 配额 4311/4800 11:11UTC | 主队列 46/200 发现队列 28/20000 [[user1]:28]
[2026-08-05 19:11:30] [W-2] 🔧 开始处理 [user1] csxjf/iori-nav
[2026-08-05 19:11:30] [W-2] ⏭️ [user1] 仓库 https://github.com/csxjf/iori-nav 474h 未更新，跳过解析（无需追踪）
[2026-08-05 19:11:30] [W-2] ✅ 完成 [user1] csxjf/iori-nav | 提取 0 | 新增 0 | 耗时 0s | 配额 4311/4800 11:11UTC | 主队列 46/200 发现队列 27/20000 [[user1]:27]
[2026-08-05 19:11:30] [W-2] 🔧 开始处理 [user1] csxjf/cfnew
[2026-08-05 19:11:30] [W-2] ⏭️ [user1] 仓库 https://github.com/csxjf/cfnew 142h 未更新，跳过解析（无需追踪）
[2026-08-05 19:11:30] [W-2] ✅ 完成 [user1] csxjf/cfnew | 提取 0 | 新增 0 | 耗时 0s | 配额 4311/4800 11:11UTC | 主队列 46/200 发现队列 26/20000 [[user1]:26]
[2026-08-05 19:11:30] [W-2] 🔧 开始处理 [user1] csxjf/edcloudwasm_Snippets-
[2026-08-05 19:11:30] [W-2] ⏭️ [user1] 仓库 https://github.com/csxjf/edcloudwasm_Snippets- 144h 未更新，跳过解析（无需追踪）
[2026-08-05 19:11:30] [W-14] ✅ 完成 [user1] yilong001/Microsoft-Activation-Scripts | 提取 0 | 新增 0 | 耗时 0s | 配额 4311/4800 11:11UTC | 主队列 46/200 发现队列 25/20000 [[user1]:25]
[2026-08-05 19:11:30] [W-14] 🔧 开始处理 [user1] csxjf/edgetunnel
[2026-08-05 19:11:30] [W-14] ⏭️ [user1] 仓库 https://github.com/csxjf/edgetunnel 153h 未更新，跳过解析（无需追踪）
[2026-08-05 19:11:30] [W-12] ✅ 完成 [user1] fenwehome/v2ray-agent | 提取 0 | 新增 0 | 耗时 0s | 配额 4311/4800 11:11UTC | 主队列 46/200 发现队列 24/20000 [[user1]:24]
[2026-08-05 19:11:30] [W-12] 🔧 开始处理 [user1] csxjf/songloft
[2026-08-05 19:11:30] [W-12] ⏭️ [user1] 仓库 https://github.com/csxjf/songloft 286h 未更新，跳过解析（无需追踪）
[2026-08-05 19:11:30] [W-12] ✅ 完成 [user1] csxjf/songloft | 提取 0 | 新增 0 | 耗时 0s | 配额 4311/4800 11:11UTC | 主队列 46/200 发现队列 23/20000 [[user1]:23]
[2026-08-05 19:11:30] [W-12] 🔧 开始处理 [user1] csxjf/musicapi.csghost.eu.org
[2026-08-05 19:11:30] [W-12] ⏭️ [user1] 仓库 https://github.com/csxjf/musicapi.csghost.eu.org 2261h 未更新，跳过解析（无需追踪）
[2026-08-05 19:11:30] [W-12] ✅ 完成 [user1] csxjf/musicapi.csghost.eu.org | 提取 0 | 新增 0 | 耗时 0s | 配额 4311/4800 11:11UTC | 主队列 46/200 发现队列 22/20000 [[user1]:22]
[2026-08-05 19:11:30] [W-12] 🔧 开始处理 [user1] csxjf/CloudflareCDNFission
[2026-08-05 19:11:30] [W-12] ⏭️ [user1] 仓库 https://github.com/csxjf/CloudflareCDNFission 18645h 未更新，跳过解析（无需追踪）
[2026-08-05 19:11:30] [W-12] ✅ 完成 [user1] csxjf/CloudflareCDNFission | 提取 0 | 新增 0 | 耗时 0s | 配额 4311/4800 11:11UTC | 主队列 46/200 发现队列 21/20000 [[user1]:21]
[2026-08-05 19:11:30] [W-12] 🔧 开始处理 [user1] csxjf/CloudFlare-ImgBed
[2026-08-05 19:11:30] [W-12] ⏭️ [user1] 仓库 https://github.com/csxjf/CloudFlare-ImgBed 585h 未更新，跳过解析（无需追踪）
[2026-08-05 19:11:30] [W-15] ✅ 完成 [user1] fenwehome/ddns-go | 提取 0 | 新增 0 | 耗时 0s | 配额 4311/4800 11:11UTC | 主队列 46/200 发现队列 20/20000 [[user1]:20]
[2026-08-05 19:11:30] [W-15] 🔧 开始处理 [user1] csxjf/FongMi_Release
[2026-08-05 19:11:30] [W-15] ⏭️ [user1] 仓库 https://github.com/csxjf/FongMi_Release 588h 未更新，跳过解析（无需追踪）
[2026-08-05 19:11:30] [W-15] ✅ 完成 [user1] csxjf/FongMi_Release | 提取 0 | 新增 0 | 耗时 0s | 配额 4311/4800 11:11UTC | 主队列 46/200 发现队列 19/20000 [[user1]:19]
[2026-08-05 19:11:30] [W-15] 🔧 开始处理 [user1] csxjf/qiandao
[2026-08-05 19:11:30] [W-15] ⏭️ [user1] 仓库 https://github.com/csxjf/qiandao 588h 未更新，跳过解析（无需追踪）
[2026-08-05 19:11:30] [W-15] ✅ 完成 [user1] csxjf/qiandao | 提取 0 | 新增 0 | 耗时 0s | 配额 4311/4800 11:11UTC | 主队列 46/200 发现队列 18/20000 [[user1]:18]
[2026-08-05 19:11:30] [W-15] 🔧 开始处理 [user1] csxjf/Are-u-ok
[2026-08-05 19:11:30] [W-15] ⏭️ [user1] 仓库 https://github.com/csxjf/Are-u-ok 672h 未更新，跳过解析（无需追踪）
[2026-08-05 19:11:30] [W-15] ✅ 完成 [user1] csxjf/Are-u-ok | 提取 0 | 新增 0 | 耗时 0s | 配额 4311/4800 11:11UTC | 主队列 46/200 发现队列 17/20000 [[user1]:17]
[2026-08-05 19:11:30] [W-15] 🔧 开始处理 [user1] csxjf/Microsoft-Activation-Scripts
[2026-08-05 19:11:30] [W-15] ⏭️ [user1] 仓库 https://github.com/csxjf/Microsoft-Activation-Scripts 720h 未更新，跳过解析（无需追踪）
[2026-08-05 19:11:30] [W-2] ✅ 完成 [user1] csxjf/edcloudwasm_Snippets- | 提取 0 | 新增 0 | 耗时 0s | 配额 4311/4800 11:11UTC | 主队列 46/200 发现队列 16/20000 [[user1]:16]
[2026-08-05 19:11:30] [W-2] 🔧 开始处理 [user1] csxjf/go-music-dl
[2026-08-05 19:11:30] [W-2] ⏭️ [user1] 仓库 https://github.com/csxjf/go-music-dl 1518h 未更新，跳过解析（无需追踪）
[2026-08-05 19:11:30] [W-2] ✅ 完成 [user1] csxjf/go-music-dl | 提取 0 | 新增 0 | 耗时 0s | 配额 4311/4800 11:11UTC | 主队列 46/200 发现队列 15/20000 [[user1]:15]
[2026-08-05 19:11:30] [W-2] 🔧 开始处理 [user1] csxjf/OmniBox-Spider
[2026-08-05 19:11:30] [W-2] ⏭️ [user1] 仓库 https://github.com/csxjf/OmniBox-Spider 1428h 未更新，跳过解析（无需追踪）
[2026-08-05 19:11:30] [W-2] ✅ 完成 [user1] csxjf/OmniBox-Spider | 提取 0 | 新增 0 | 耗时 0s | 配额 4311/4800 11:11UTC | 主队列 46/200 发现队列 14/20000 [[user1]:14]
[2026-08-05 19:11:30] [W-2] 🔧 开始处理 [user1] csxjf/Cloudflare-Country-Specific-IP-Filter
[2026-08-05 19:11:30] [W-2] ⏭️ [user1] 仓库 https://github.com/csxjf/Cloudflare-Country-Specific-IP-Filter 3169h 未更新，跳过解析（无需追踪）
[2026-08-05 19:11:30] [W-14] ✅ 完成 [user1] csxjf/edgetunnel | 提取 0 | 新增 0 | 耗时 0s | 配额 4311/4800 11:11UTC | 主队列 46/200 发现队列 13/20000 [[user1]:13]
[2026-08-05 19:11:30] [W-14] 🔧 开始处理 [user1] csxjf/CF-Workers-BPSUB
[2026-08-05 19:11:30] [W-14] ⏭️ [user1] 仓库 https://github.com/csxjf/CF-Workers-BPSUB 4392h 未更新，跳过解析（无需追踪）
[2026-08-05 19:11:30] [W-14] ✅ 完成 [user1] csxjf/CF-Workers-BPSUB | 提取 0 | 新增 0 | 耗时 0s | 配额 4311/4800 11:11UTC | 主队列 46/200 发现队列 12/20000 [[user1]:12]
[2026-08-05 19:11:30] [W-14] 🔧 开始处理 [user1] csxjf/pansou
[2026-08-05 19:11:30] [W-14] ⏭️ [user1] 仓库 https://github.com/csxjf/pansou 5520h 未更新，跳过解析（无需追踪）
[2026-08-05 19:11:30] [W-14] ✅ 完成 [user1] csxjf/pansou | 提取 0 | 新增 0 | 耗时 0s | 配额 4311/4800 11:11UTC | 主队列 46/200 发现队列 11/20000 [[user1]:11]
[2026-08-05 19:11:30] [W-14] 🔧 开始处理 [user1] csxjf/Cloudflare-proxy
[2026-08-05 19:11:30] [W-14] ⏭️ [user1] 仓库 https://github.com/csxjf/Cloudflare-proxy 5831h 未更新，跳过解析（无需追踪）
[2026-08-05 19:11:30] [W-4] ✅ 完成 [user1] fenwehome/TVBoxOS | 提取 0 | 新增 0 | 耗时 0s | 配额 4311/4800 11:11UTC | 主队列 46/200 发现队列 10/20000 [[user1]:10]
[2026-08-05 19:11:30] [W-4] 🔧 开始处理 [user1] csxjf/xiaomusic
[2026-08-05 19:11:30] [W-4] ⏭️ [user1] 仓库 https://github.com/csxjf/xiaomusic 6155h 未更新，跳过解析（无需追踪）
[2026-08-05 19:11:30] [W-4] ✅ 完成 [user1] csxjf/xiaomusic | 提取 0 | 新增 0 | 耗时 0s | 配额 4311/4800 11:11UTC | 主队列 46/200 发现队列 9/20000 [[user1]:9]
[2026-08-05 19:11:30] [W-4] 🔧 开始处理 [user1] csxjf/LunaTV_moontv
[2026-08-05 19:11:30] [W-4] ⏭️ [user1] 仓库 https://github.com/csxjf/LunaTV_moontv 6240h 未更新，跳过解析（无需追踪）
[2026-08-05 19:11:30] [W-4] ✅ 完成 [user1] csxjf/LunaTV_moontv | 提取 0 | 新增 0 | 耗时 0s | 配额 4311/4800 11:11UTC | 主队列 46/200 发现队列 8/20000 [[user1]:8]
[2026-08-05 19:11:30] [W-4] 🔧 开始处理 [user1] csxjf/Cloudflare-workers-pages-vless
[2026-08-05 19:11:30] [W-4] ⏭️ [user1] 仓库 https://github.com/csxjf/Cloudflare-workers-pages-vless 6312h 未更新，跳过解析（无需追踪）
[2026-08-05 19:11:30] [W-4] ✅ 完成 [user1] csxjf/Cloudflare-workers-pages-vless | 提取 0 | 新增 0 | 耗时 0s | 配额 4311/4800 11:11UTC | 主队列 46/200 发现队列 7/20000 [[user1]:7]
[2026-08-05 19:11:30] [W-4] 🔧 开始处理 [user1] csxjf/sing-box-yg
[2026-08-05 19:11:30] [W-4] ⏭️ [user1] 仓库 https://github.com/csxjf/sing-box-yg 6312h 未更新，跳过解析（无需追踪）
[2026-08-05 19:11:30] [W-4] ✅ 完成 [user1] csxjf/sing-box-yg | 提取 0 | 新增 0 | 耗时 0s | 配额 4311/4800 11:11UTC | 主队列 46/200 发现队列 6/20000 [[user1]:6]
[2026-08-05 19:11:30] [W-4] 🔧 开始处理 [user1] csxjf/x-ui-yg
[2026-08-05 19:11:30] [W-4] ⏭️ [user1] 仓库 https://github.com/csxjf/x-ui-yg 6312h 未更新，跳过解析（无需追踪）
[2026-08-05 19:11:30] [W-4] ✅ 完成 [user1] csxjf/x-ui-yg | 提取 0 | 新增 0 | 耗时 0s | 配额 4311/4800 11:11UTC | 主队列 46/200 发现队列 5/20000 [[user1]:5]
[2026-08-05 19:11:30] [W-4] 🔧 开始处理 [user1] csxjf/Sing-box
[2026-08-05 19:11:30] [W-4] ⏭️ [user1] 仓库 https://github.com/csxjf/Sing-box 6312h 未更新，跳过解析（无需追踪）
[2026-08-05 19:11:30] [W-4] ✅ 完成 [user1] csxjf/Sing-box | 提取 0 | 新增 0 | 耗时 0s | 配额 4311/4800 11:11UTC | 主队列 46/200 发现队列 4/20000 [[user1]:4]
[2026-08-05 19:11:30] [W-4] 🔧 开始处理 [user1] csxjf/yx-tools
[2026-08-05 19:11:30] [W-4] ⏭️ [user1] 仓库 https://github.com/csxjf/yx-tools 6334h 未更新，跳过解析（无需追踪）
[2026-08-05 19:11:30] [W-4] ✅ 完成 [user1] csxjf/yx-tools | 提取 0 | 新增 0 | 耗时 0s | 配额 4311/4800 11:11UTC | 主队列 46/200 发现队列 3/20000 [[user1]:3]
[2026-08-05 19:11:30] [W-4] 🔧 开始处理 [user1] csxjf/lunatv-config
[2026-08-05 19:11:30] [W-4] ⏭️ [user1] 仓库 https://github.com/csxjf/lunatv-config 6408h 未更新，跳过解析（无需追踪）
[2026-08-05 19:11:30] [W-4] ✅ 完成 [user1] csxjf/lunatv-config | 提取 0 | 新增 0 | 耗时 0s | 配额 4311/4800 11:11UTC | 主队列 46/200 发现队列 2/20000 [[user1]:2]
[2026-08-05 19:11:30] [W-4] 🔧 开始处理 [user1] csxjf/moemail
[2026-08-05 19:11:30] [W-4] ⏭️ [user1] 仓库 https://github.com/csxjf/moemail 6809h 未更新，跳过解析（无需追踪）
[2026-08-05 19:11:30] [W-4] ✅ 完成 [user1] csxjf/moemail | 提取 0 | 新增 0 | 耗时 0s | 配额 4311/4800 11:11UTC | 主队列 46/200 发现队列 1/20000 [[user1]:1]
[2026-08-05 19:11:30] [W-4] 🔧 开始处理 [user1] csxjf/argooo
[2026-08-05 19:11:30] [W-4] ⏭️ [user1] 仓库 https://github.com/csxjf/argooo 6719h 未更新，跳过解析（无需追踪）
[2026-08-05 19:11:30] [W-4] ✅ 完成 [user1] csxjf/argooo | 提取 0 | 新增 0 | 耗时 0s | 配额 4311/4800 11:11UTC | 主队列 46/200 发现队列 0/20000 [空]
[2026-08-05 19:11:30] [W-4] 🔧 开始处理 [种子仓库] FaceAce1/ACL4SSR
[2026-08-05 19:11:30] [W-15] ✅ 完成 [user1] csxjf/Microsoft-Activation-Scripts | 提取 0 | 新增 0 | 耗时 0s | 配额 4311/4800 11:11UTC | 主队列 45/200 发现队列 0/20000 [空]
[2026-08-05 19:11:30] [W-15] 🔧 开始处理 [种子仓库] njuFerret/ACL4SSR
[2026-08-05 19:11:30] [W-2] ✅ 完成 [user1] csxjf/Cloudflare-Country-Specific-IP-Filter | 提取 0 | 新增 0 | 耗时 0s | 配额 4311/4800 11:11UTC | 主队列 44/200 发现队列 0/20000 [空]
[2026-08-05 19:11:30] [W-2] 🔧 开始处理 [种子仓库] kimmax603/ACL4SSR
[2026-08-05 19:11:30] [W-12] ✅ 完成 [user1] csxjf/CloudFlare-ImgBed | 提取 0 | 新增 0 | 耗时 0s | 配额 4311/4800 11:11UTC | 主队列 43/200 发现队列 0/20000 [空]
[2026-08-05 19:11:30] [W-12] 🔧 开始处理 [种子仓库] chris202010/ACL4SSR
[2026-08-05 19:11:30] [W-14] ✅ 完成 [user1] csxjf/Cloudflare-proxy | 提取 0 | 新增 0 | 耗时 0s | 配额 4311/4800 11:11UTC | 主队列 42/200 发现队列 0/20000 [空]
[2026-08-05 19:11:30] [W-14] 🔧 开始处理 [种子仓库] wjs876046992/subconverter
[2026-08-05 19:11:30] [W-11] 仓库 https://github.com/Andyworldclub/chromego_merge 无候选文件 (总计 20 blob, 扩展名过滤 4, processed_shas 跳过 0, SHA 缓存跳过 16)
[2026-08-05 19:11:30] [W-11] ✅ 完成 [user1] Andyworldclub/chromego_merge | 提取 0 | 新增 0 | 耗时 2s | 配额 4310/4800 11:11UTC | 主队列 41/200 发现队列 0/20000 [空]
[2026-08-05 19:11:30] [W-11] 🔧 开始处理 [种子仓库] Wyatt36/SubConverter-Extended
[2026-08-05 19:11:30] [W-5] 仓库 https://github.com/fenwehome/github-chinese 候选文件 3 个
[2026-08-05 19:11:30] [W-7] 仓库 https://github.com/fenwehome/vsterm 候选文件 4 个
[2026-08-05 19:11:30] [W-22] 仓库 https://github.com/fenwehome/LunaTV-config 候选文件 2 个
[2026-08-05 19:11:30] [W-6] 仓库 https://github.com/fenwehome/anti-AD 无候选文件 (总计 26 blob, 扩展名过滤 3, processed_shas 跳过 0, SHA 缓存跳过 23)
[2026-08-05 19:11:30] [W-6] ✅ 完成 [user1] fenwehome/anti-AD | 提取 0 | 新增 0 | 耗时 0s | 配额 4306/4800 11:11UTC | 主队列 40/200 发现队列 0/20000 [空]
[2026-08-05 19:11:30] [W-6] 🔧 开始处理 [种子仓库] clift190/v2rayNG
[2026-08-05 19:11:31] [W-13] 📝 已处理缓存: sclyxcn/airport-free
[2026-08-05 19:11:32] [W-1] 仓库 https://github.com/fenwehome/WorkerVless2sub 无候选文件 (总计 12 blob, 扩展名过滤 5, processed_shas 跳过 0, SHA 缓存跳过 7)
[2026-08-05 19:11:32] [W-10] 仓库 https://github.com/fenwehome/lx-music-source 候选文件 3 个
[2026-08-05 19:11:32] [W-8]   Compare API 返回 3 个变更文件 (3 次 API 调用)
[2026-08-05 19:11:32] [W-8]   commits 过滤: 210 → 0 (变更文件 3 个)
[2026-08-05 19:11:32] [W-8] 仓库 https://github.com/lilikimi/FreshRSS 候选文件经时间过滤后为空
[2026-08-05 19:11:32] [W-17] 仓库 https://github.com/fenwehome/rustdesk 候选文件较多 (146 个)，先通过 commits API 过滤
[2026-08-05 19:11:32] [W-9] 仓库 https://github.com/csxjf/WorkerVless2sub 无候选文件 (总计 12 blob, 扩展名过滤 5, processed_shas 跳过 0, SHA 缓存跳过 7)
[2026-08-05 19:11:32] [W-21] 仓库 https://github.com/fenwehome/yx-tools 候选文件 8 个
[2026-08-05 19:11:32] [W-4] ⏭️ [种子仓库] 仓库 https://github.com/FaceAce1/ACL4SSR 33h 未更新，跳过解析（需追踪）
[2026-08-05 19:11:32] [W-4] 🔗 [种子仓库] 查子仓库: FaceAce1/ACL4SSR
[2026-08-05 19:11:32] [W-0]   Compare API 返回 3 个变更文件 (3 次 API 调用)
[2026-08-05 19:11:32] [W-0]   commits 过滤: 103 → 0 (变更文件 3 个)
[2026-08-05 19:11:32] [W-0] 仓库 https://github.com/lilikimi/daily_stock_analysis 候选文件经时间过滤后为空
[2026-08-05 19:11:32] [W-0] 📝 已处理缓存: lilikimi/daily_stock_analysis
[2026-08-05 19:11:32] [W-15] ⏭️ [种子仓库] 仓库 https://github.com/njuFerret/ACL4SSR 33h 未更新，跳过解析（需追踪）
[2026-08-05 19:11:32] [W-15] 🔗 [种子仓库] 查子仓库: njuFerret/ACL4SSR
[2026-08-05 19:11:32] [W-2] ⏭️ [种子仓库] 仓库 https://github.com/kimmax603/ACL4SSR 33h 未更新，跳过解析（需追踪）
[2026-08-05 19:11:32] [W-2] 🔗 [种子仓库] 查子仓库: kimmax603/ACL4SSR
[2026-08-05 19:11:33] [W-10] 📝 已处理缓存: fenwehome/lx-music-source
[2026-08-05 19:11:34] [W-12] ⏭️ [种子仓库] 仓库 https://github.com/chris202010/ACL4SSR 57h 未更新，跳过解析（需追踪）
[2026-08-05 19:11:34] [W-12] 🔗 [种子仓库] 查子仓库: chris202010/ACL4SSR
[2026-08-05 19:11:34] [W-14] [种子仓库] 仓库 https://github.com/wjs876046992/subconverter (分支: master, size: 7495KB, pushed: 2026-08-05T05:05:33Z)
[2026-08-05 19:11:34] [W-3] 仓库 https://github.com/fenwehome/X 候选文件较多 (233 个)，先通过 commits API 过滤
[2026-08-05 19:11:34] [W-16] 仓库 https://github.com/fenwehome/alist-tvbox 候选文件较多 (165 个)，先通过 commits API 过滤
[2026-08-05 19:11:34] [W-18] 仓库 https://github.com/fenwehome/aliyunpanshare 候选文件较多 (1148 个)，先通过 commits API 过滤
[2026-08-05 19:11:34] [W-19] 仓库 https://github.com/fenwehome/domain-list-community 候选文件较多 (1448 个)，先通过 commits API 过滤
[2026-08-05 19:11:34] [W-20] 仓库 https://github.com/fenwehome/desktop 候选文件较多 (125 个)，先通过 commits API 过滤
[2026-08-05 19:11:34] [W-11] ⏭️ [种子仓库] 仓库 https://github.com/Wyatt36/SubConverter-Extended 225h 未更新，跳过解析（需追踪）
[2026-08-05 19:11:34] [W-11] 🔗 [种子仓库] 查子仓库: Wyatt36/SubConverter-Extended
[2026-08-05 19:11:34] [W-13] ✅ 完成 [user1] sclyxcn/airport-free | 提取 6382 | 新增 0 | 耗时 24s | 配额 4288/4800 11:11UTC | 主队列 39/200 发现队列 0/20000 [空]
[2026-08-05 19:11:34] [W-5] ✅ 完成 [user1] fenwehome/github-chinese | 提取 0 | 新增 0 | 耗时 1s | 配额 4288/4800 11:11UTC | 主队列 38/200 发现队列 0/20000 [空]
[2026-08-05 19:11:34] [W-13] 🔧 开始处理 [种子仓库] 2dust/v2rayNG
[2026-08-05 19:11:34] [W-5] 🔧 开始处理 [种子仓库] clift190/v2rayN
[2026-08-05 19:11:34] [W-7] ✅ 完成 [user1] fenwehome/vsterm | 提取 0 | 新增 0 | 耗时 2s | 配额 4288/4800 11:11UTC | 主队列 37/200 发现队列 0/20000 [空]
[2026-08-05 19:11:34] [W-7] 🔧 开始处理 [种子仓库] hncsjmj/v2rayN
[2026-08-05 19:11:34] [W-22] ✅ 完成 [user1] fenwehome/LunaTV-config | 提取 0 | 新增 0 | 耗时 2s | 配额 4288/4800 11:11UTC | 主队列 36/200 发现队列 0/20000 [空]
[2026-08-05 19:11:34] [W-1] ✅ 完成 [user1] fenwehome/WorkerVless2sub | 提取 0 | 新增 0 | 耗时 2s | 配额 4288/4800 11:11UTC | 主队列 35/200 发现队列 0/20000 [空]
[2026-08-05 19:11:34] [W-1] 🔧 开始处理 [种子仓库] alxprgs/v2rayNG
[2026-08-05 19:11:34] [W-22] 🔧 开始处理 [种子仓库] flyhong666/v2rayN
[2026-08-05 19:11:34] [W-8] ✅ 完成 [user1] lilikimi/FreshRSS | 提取 0 | 新增 0 | 耗时 17s | 配额 4288/4800 11:11UTC | 主队列 34/200 发现队列 0/20000 [空]
[2026-08-05 19:11:34] [W-8] 🔧 开始处理 [种子仓库] AvetGR8/EasyV2raySub
[2026-08-05 19:11:36] [W-9] ✅ 完成 [user1] csxjf/WorkerVless2sub | 提取 0 | 新增 0 | 耗时 2s | 配额 4288/4800 11:11UTC | 主队列 33/200 发现队列 0/20000 [空]
[2026-08-05 19:11:36] [W-9] 🔧 开始处理 [种子仓库] Devindan/EasyV2raySub
[2026-08-05 19:11:38] [W-0] ✅ 完成 [user1] lilikimi/daily_stock_analysis | 提取 0 | 新增 0 | 耗时 17s | 配额 4288/4800 11:11UTC | 主队列 32/200 发现队列 0/20000 [空]
[2026-08-05 19:11:38] [W-0] 🔧 开始处理 [种子仓库] symantes/v2rayN
[2026-08-05 19:11:40] [W-23] 仓库 https://github.com/fenwehome/TVAPP 候选文件 1 个
[2026-08-05 19:11:40] [W-6] ⏭️ [种子仓库] 仓库 https://github.com/clift190/v2rayNG 58h 未更新，跳过解析（需追踪）
[2026-08-05 19:11:40] [W-6] 🔗 [种子仓库] 查子仓库: clift190/v2rayNG
[2026-08-05 19:11:40] [W-10] ✅ 完成 [user1] fenwehome/lx-music-source | 提取 0 | 新增 0 | 耗时 3s | 配额 4286/4800 11:11UTC | 主队列 31/200 发现队列 0/20000 [空]
[2026-08-05 19:11:40] [W-21] ✅ 完成 [user1] fenwehome/yx-tools | 提取 0 | 新增 0 | 耗时 4s | 配额 4286/4800 11:11UTC | 主队列 30/200 发现队列 0/20000 [空]
[2026-08-05 19:11:40] [W-21] 🔧 开始处理 [种子仓库] maoxikun/v2rayNG
[2026-08-05 19:11:40] [W-10] 🔧 开始处理 [种子仓库] maoxikun/v2rayN
[2026-08-05 19:11:46] [W-2] 🔗 [种子仓库] 开始 Fork 链追踪 (kimmax603/ACL4SSR)
[2026-08-05 19:11:46] [W-4] 🔗 [种子仓库] 开始 Fork 链追踪 (FaceAce1/ACL4SSR)
[2026-08-05 19:11:48] [W-15] 🔗 [种子仓库] 开始 Fork 链追踪 (njuFerret/ACL4SSR)
[2026-08-05 19:11:48] [W-23] ✅ 完成 [user1] fenwehome/TVAPP | 提取 0 | 新增 0 | 耗时 11s | 配额 4282/4800 11:11UTC | 主队列 29/200 发现队列 0/20000 [空]
[2026-08-05 19:11:48] [W-12] 🔗 [种子仓库] 开始 Fork 链追踪 (chris202010/ACL4SSR)
[2026-08-05 19:11:48] [W-23] 🔧 开始处理 [种子仓库] sec-js/v2rayN
[2026-08-05 19:11:48] [W-14] 仓库 https://github.com/wjs876046992/subconverter 候选文件较多 (306 个)，先通过 commits API 过滤
[2026-08-05 19:11:50] [W-11] 🔗 [种子仓库] 开始 Fork 链追踪 (Wyatt36/SubConverter-Extended)
[2026-08-05 19:11:50] [W-9] ⏭️ [种子仓库] 仓库 https://github.com/Devindan/EasyV2raySub 32h 未更新，跳过解析（需追踪）
[2026-08-05 19:11:50] [W-9] 🔗 [种子仓库] 查子仓库: Devindan/EasyV2raySub
[2026-08-05 19:11:50] [W-13] ⏭️ [种子仓库] 仓库 https://github.com/2dust/v2rayNG 已解析，跳过解析（需追踪）
[2026-08-05 19:11:50] [W-13] 🔗 [种子仓库] 查子仓库: 2dust/v2rayNG
[2026-08-05 19:11:50] [W-5] ⏭️ [种子仓库] 仓库 https://github.com/clift190/v2rayN 80h 未更新，跳过解析（需追踪）
[2026-08-05 19:11:50] [W-5] 🔗 [种子仓库] 查子仓库: clift190/v2rayN
[2026-08-05 19:11:52] [W-8] [种子仓库] 仓库 https://github.com/AvetGR8/EasyV2raySub (分支: main, size: 19621KB, pushed: 2026-08-05T10:36:47Z)
[2026-08-05 19:11:52] [W-1] ⏭️ [种子仓库] 仓库 https://github.com/alxprgs/v2rayNG 94h 未更新，跳过解析（需追踪）
[2026-08-05 19:11:52] [W-1] 🔗 [种子仓库] 查子仓库: alxprgs/v2rayNG
[2026-08-05 19:11:52] [W-22] [种子仓库] 仓库 https://github.com/flyhong666/v2rayN (分支: master, size: 49118KB, pushed: 2026-08-04T23:30:00Z)
[2026-08-05 19:11:58] [W-4]   [种子仓库] 父仓库: cmliu/ACL4SSR
[2026-08-05 19:11:58] [W-10] ⏭️ [种子仓库] 仓库 https://github.com/maoxikun/v2rayN 100h 未更新，跳过解析（需追踪）
[2026-08-05 19:11:58] [W-10] 🔗 [种子仓库] 查子仓库: maoxikun/v2rayN
[2026-08-05 19:11:58] [W-21] [种子仓库] 仓库 https://github.com/maoxikun/v2rayNG (分支: master, size: 36576KB, pushed: 2026-08-04T21:01:24Z)
[2026-08-05 19:11:58] [W-7] ⏭️ [种子仓库] 仓库 https://github.com/hncsjmj/v2rayN 202h 未更新，跳过解析（需追踪）
[2026-08-05 19:11:58] [W-7] 🔗 [种子仓库] 查子仓库: hncsjmj/v2rayN
[2026-08-05 19:11:58] [W-6] 🔗 [种子仓库] 开始 Fork 链追踪 (clift190/v2rayNG)
[2026-08-05 19:11:58] [W-2]   [种子仓库] 父仓库: cmliu/ACL4SSR
[2026-08-05 19:11:58] [W-0] [种子仓库] 仓库 https://github.com/symantes/v2rayN (分支: master, size: 48718KB, pushed: 2026-08-05T10:58:23Z)
[2026-08-05 19:12:02] [W-5] 🔗 [种子仓库] 开始 Fork 链追踪 (clift190/v2rayN)
[2026-08-05 19:12:02] [W-15]   [种子仓库] 父仓库: cmliu/ACL4SSR
[2026-08-05 19:12:02] [W-12]   [种子仓库] 父仓库: cmliu/ACL4SSR
[2026-08-05 19:12:04] [W-11]   [种子仓库] 父仓库: Aethersailor/SubConverter-Extended
[2026-08-05 19:12:04] [W-11] 📝 已处理缓存: Aethersailor/SubConverter-Extended
[2026-08-05 19:12:04] [W-11] ⏭️ [fork1] 仓库 https://github.com/Aethersailor/SubConverter-Extended 30h 未更新，跳过解析（无需追踪）
[2026-08-05 19:12:04] [W-11]   父仓库 +0 个节点
[2026-08-05 19:12:04] [W-23] [种子仓库] 仓库 https://github.com/sec-js/v2rayN (分支: master, size: 49132KB, pushed: 2026-08-05T04:45:04Z)
[2026-08-05 19:12:04] [W-9]   🍴 子仓库: 9 个 → 主队列 28/200 发现队列 9/20000 [[fork1]:9]
[2026-08-05 19:12:04] [W-9] 🔗 [种子仓库] 开始 Fork 链追踪 (Devindan/EasyV2raySub)
[2026-08-05 19:12:04] [W-17]   Compare API 返回 1 个变更文件 (3 次 API 调用)
[2026-08-05 19:12:04] [W-17]   commits 过滤: 146 → 0 (变更文件 1 个)
[2026-08-05 19:12:04] [W-17] 仓库 https://github.com/fenwehome/rustdesk 候选文件经时间过滤后为空
[2026-08-05 19:12:04] [W-13]   🍴 子仓库: 80 个 → 主队列 28/200 发现队列 89/20000 [[fork1]:89]
[2026-08-05 19:12:04] [W-13] 🔗 [种子仓库] 开始 Fork 链追踪 (2dust/v2rayNG)
[2026-08-05 19:12:04] [W-8] 仓库 https://github.com/AvetGR8/EasyV2raySub 候选文件 1 个
[2026-08-05 19:12:05] [W-8] 🔗 [种子仓库] 查子仓库: AvetGR8/EasyV2raySub
[2026-08-05 19:12:10] [W-1] 🔗 [种子仓库] 开始 Fork 链追踪 (alxprgs/v2rayNG)
[2026-08-05 19:12:10] [W-22] 仓库 https://github.com/flyhong666/v2rayN 无候选文件 (总计 421 blob, 扩展名过滤 371, processed_shas 跳过 0, SHA 缓存跳过 50)
[2026-08-05 19:12:10] [W-22] 🔗 [种子仓库] 查子仓库: flyhong666/v2rayN
[2026-08-05 19:12:12] [W-17] ✅ 完成 [user1] fenwehome/rustdesk | 提取 0 | 新增 0 | 耗时 35s | 配额 4243/4800 11:12UTC | 主队列 28/200 发现队列 89/20000 [[fork1]:89]
[2026-08-05 19:12:12] [W-7] 🔗 [种子仓库] 开始 Fork 链追踪 (hncsjmj/v2rayN)
[2026-08-05 19:12:12] [W-17] 🔧 开始处理 [fork1] kamyabebrahimi/EasyV2raySub
[2026-08-05 19:12:12] [W-17] ⏭️ [fork1] 仓库 https://github.com/kamyabebrahimi/EasyV2raySub 8928h 未更新，跳过解析（无需追踪）
[2026-08-05 19:12:12] [W-10] 🔗 [种子仓库] 开始 Fork 链追踪 (maoxikun/v2rayN)
[2026-08-05 19:12:12] [W-0] 仓库 https://github.com/symantes/v2rayN 无候选文件 (总计 421 blob, 扩展名过滤 371, processed_shas 跳过 0, SHA 缓存跳过 50)
[2026-08-05 19:12:12] [W-0] 🔗 [种子仓库] 查子仓库: symantes/v2rayN
[2026-08-05 19:12:12] [W-6]   [种子仓库] 父仓库: 2dust/v2rayNG
[2026-08-05 19:12:12] [W-21] 仓库 https://github.com/maoxikun/v2rayNG 无候选文件 (总计 364 blob, 扩展名过滤 341, processed_shas 跳过 0, SHA 缓存跳过 23)
[2026-08-05 19:12:12] [W-21] 🔗 [种子仓库] 查子仓库: maoxikun/v2rayNG
[2026-08-05 19:12:12] [W-4] 👤 [种子仓库] 遍历用户仓库: FaceAce1
[2026-08-05 19:12:14] [W-2] 👤 [种子仓库] 遍历用户仓库: kimmax603
[2026-08-05 19:12:14] [W-5]   [种子仓库] 父仓库: 2dust/v2rayN
[2026-08-05 19:12:14] [W-15] 👤 [种子仓库] 遍历用户仓库: njuFerret
[2026-08-05 19:12:18] [W-12] 👤 [种子仓库] 遍历用户仓库: chris202010
[2026-08-05 19:12:18] [W-17] ✅ 完成 [fork1] kamyabebrahimi/EasyV2raySub | 提取 0 | 新增 0 | 耗时 0s | 配额 4233/4800 11:12UTC | 主队列 28/200 发现队列 88/20000 [[fork1]:88]
[2026-08-05 19:12:18] [W-17] 🔧 开始处理 [fork1] tel9980/EasyV2raySub
[2026-08-05 19:12:18] [W-17] ⏭️ [fork1] 仓库 https://github.com/tel9980/EasyV2raySub 9154h 未更新，跳过解析（无需追踪）
[2026-08-05 19:12:18] [W-9] 👤 [种子仓库] 遍历用户仓库: Devindan
[2026-08-05 19:12:18] [W-13] 👤 [种子仓库] 遍历用户仓库: 2dust
[2026-08-05 19:12:20] [W-23] 仓库 https://github.com/sec-js/v2rayN 无候选文件 (总计 421 blob, 扩展名过滤 371, processed_shas 跳过 0, SHA 缓存跳过 50)
[2026-08-05 19:12:20] [W-23] 🔗 [种子仓库] 查子仓库: sec-js/v2rayN
[2026-08-05 19:12:20] [W-19]   Compare API 返回 41 个变更文件 (3 次 API 调用)
[2026-08-05 19:12:20] [W-19]   commits 过滤: 1448 → 0 (变更文件 41 个)
[2026-08-05 19:12:20] [W-19] 仓库 https://github.com/fenwehome/domain-list-community 候选文件经时间过滤后为空
[2026-08-05 19:12:20] [W-18]   Compare API 返回 8 个变更文件 (3 次 API 调用)
[2026-08-05 19:12:20] [W-18]   commits 过滤: 1148 → 8 (变更文件 8 个)
[2026-08-05 19:12:20] [W-18] 仓库 https://github.com/fenwehome/aliyunpanshare 候选文件 8 个
[2026-08-05 19:12:20] [W-16]   Compare API 返回 11 个变更文件 (3 次 API 调用)
[2026-08-05 19:12:20] [W-16]   commits 过滤: 165 → 0 (变更文件 11 个)
[2026-08-05 19:12:20] [W-16] 仓库 https://github.com/fenwehome/alist-tvbox 候选文件经时间过滤后为空
[2026-08-05 19:12:20] [W-20]   Compare API 返回 23 个变更文件 (3 次 API 调用)
[2026-08-05 19:12:20] [W-20]   commits 过滤: 125 → 3 (变更文件 23 个)
[2026-08-05 19:12:20] [W-20] 仓库 https://github.com/fenwehome/desktop 候选文件 3 个
[2026-08-05 19:12:20] [W-3]   Compare API 返回 6 个变更文件 (3 次 API 调用)
[2026-08-05 19:12:20] [W-3]   commits 过滤: 233 → 4 (变更文件 6 个)
[2026-08-05 19:12:20] [W-3] 仓库 https://github.com/fenwehome/X 候选文件 4 个
[2026-08-05 19:12:20] [W-11]   🍴 兄弟仓库: 80 个 → 主队列 28/200 发现队列 167/20000 [[fork1]:167]
[2026-08-05 19:12:20] [W-11] 👤 [种子仓库] 遍历用户仓库: Wyatt36
[2026-08-05 19:12:24] [W-8] 🔗 [种子仓库] 开始 Fork 链追踪 (AvetGR8/EasyV2raySub)
[2026-08-05 19:12:24] [W-1]   [种子仓库] 父仓库: 2dust/v2rayNG
[2026-08-05 19:12:26] [W-17] ✅ 完成 [fork1] tel9980/EasyV2raySub | 提取 0 | 新增 0 | 耗时 0s | 配额 4222/4800 11:12UTC | 主队列 28/200 发现队列 167/20000 [[fork1]:167]
[2026-08-05 19:12:26] [W-17] 🔧 开始处理 [fork1] ttim12/EasyV2raySub
[2026-08-05 19:12:26] [W-17] ⏭️ [fork1] 仓库 https://github.com/ttim12/EasyV2raySub 6536h 未更新，跳过解析（无需追踪）
[2026-08-05 19:12:26] [W-21] 🔗 [种子仓库] 开始 Fork 链追踪 (maoxikun/v2rayNG)
[2026-08-05 19:12:26] [W-22] 🔗 [种子仓库] 开始 Fork 链追踪 (flyhong666/v2rayN)
[2026-08-05 19:12:26] [W-7]   [种子仓库] 父仓库: 2dust/v2rayN
[2026-08-05 19:12:26] [W-10]   [种子仓库] 父仓库: 2dust/v2rayN
[2026-08-05 19:12:28] [W-19] ✅ 完成 [user1] fenwehome/domain-list-community | 提取 0 | 新增 0 | 耗时 51s | 配额 4216/4800 11:12UTC | 主队列 28/200 发现队列 166/20000 [[fork1]:166]
[2026-08-05 19:12:28] [W-16] ✅ 完成 [user1] fenwehome/alist-tvbox | 提取 0 | 新增 0 | 耗时 51s | 配额 4216/4800 11:12UTC | 主队列 28/200 发现队列 165/20000 [[fork1]:165]
[2026-08-05 19:12:28] [W-19] 🔧 开始处理 [fork1] aidenzheng80/EasyV2raySub
[2026-08-05 19:12:28] [W-19] ⏭️ [fork1] 仓库 https://github.com/aidenzheng80/EasyV2raySub 3957h 未更新，跳过解析（无需追踪）
[2026-08-05 19:12:28] [W-16] 🔧 开始处理 [fork1] peterren980-sketch/EasyV2raySub
[2026-08-05 19:12:28] [W-16] ⏭️ [fork1] 仓库 https://github.com/peterren980-sketch/EasyV2raySub 3397h 未更新，跳过解析（无需追踪）
[2026-08-05 19:12:28] [W-6]   🍴 兄弟仓库: 19 个 → 主队列 28/200 发现队列 183/20000 [[fork1]:183]
[2026-08-05 19:12:28] [W-6] 👤 [种子仓库] 遍历用户仓库: clift190
[2026-08-05 19:12:28] [W-20] ✅ 完成 [user1] fenwehome/desktop | 提取 0 | 新增 0 | 耗时 51s | 配额 4214/4800 11:12UTC | 主队列 28/200 发现队列 183/20000 [[fork1]:183]
[2026-08-05 19:12:28] [W-20] 🔧 开始处理 [fork1] SlaineSavary/mysubhid
[2026-08-05 19:12:28] [W-20] ⏭️ [fork1] 仓库 https://github.com/SlaineSavary/mysubhid 2014h 未更新，跳过解析（无需追踪）
[2026-08-05 19:12:28] [W-3] ✅ 完成 [user1] fenwehome/X | 提取 0 | 新增 0 | 耗时 51s | 配额 4214/4800 11:12UTC | 主队列 28/200 发现队列 182/20000 [[fork1]:182]
[2026-08-05 19:12:28] [W-3] 🔧 开始处理 [fork1] milad13azizi-hue/EasyV2raySub
[2026-08-05 19:12:28] [W-3] ⏭️ [fork1] 仓库 https://github.com/milad13azizi-hue/EasyV2raySub 1940h 未更新，跳过解析（无需追踪）
[2026-08-05 19:12:28] [W-18] ✅ 完成 [user1] fenwehome/aliyunpanshare | 提取 0 | 新增 0 | 耗时 52s | 配额 4214/4800 11:12UTC | 主队列 28/200 发现队列 181/20000 [[fork1]:181]
[2026-08-05 19:12:28] [W-18] 🔧 开始处理 [fork1] mrn49045-pixel/EasyV2raySub
[2026-08-05 19:12:28] [W-18] ⏭️ [fork1] 仓库 https://github.com/mrn49045-pixel/EasyV2raySub 1342h 未更新，跳过解析（无需追踪）
[2026-08-05 19:12:30] [W-17] ✅ 完成 [fork1] ttim12/EasyV2raySub | 提取 0 | 新增 0 | 耗时 0s | 配额 4213/4800 11:12UTC | 主队列 28/200 发现队列 180/20000 [[fork1]:180]
[2026-08-05 19:12:30] [W-17] 🔧 开始处理 [fork1] mohammadahmadi8159-cloud/EasyV2raySub
[2026-08-05 19:12:30] [W-17] ⏭️ [fork1] 仓库 https://github.com/mohammadahmadi8159-cloud/EasyV2raySub 1321h 未更新，跳过解析（无需追踪）
[2026-08-05 19:12:30] [W-0] 🔗 [种子仓库] 开始 Fork 链追踪 (symantes/v2rayN)
[2026-08-05 19:12:32] [W-21]   [种子仓库] 父仓库: 2dust/v2rayNG
[2026-08-05 19:12:32] [W-5]   🍴 兄弟仓库: 80 个 → 主队列 28/200 发现队列 259/20000 [[fork1]:259]
[2026-08-05 19:12:32] [W-5] 👤 [种子仓库] 遍历用户仓库: clift190
[2026-08-05 19:12:32] [W-19] ✅ 完成 [fork1] aidenzheng80/EasyV2raySub | 提取 0 | 新增 0 | 耗时 0s | 配额 4207/4800 11:12UTC | 主队列 28/200 发现队列 259/20000 [[fork1]:259]
[2026-08-05 19:12:32] [W-19] 🔧 开始处理 [fork1] GFW-knocker/MahsaNG
[2026-08-05 19:12:32] [W-19] ⏭️ [fork1] 仓库 https://github.com/GFW-knocker/MahsaNG 已解析，跳过解析（无需追踪）
[2026-08-05 19:12:32] [W-16] ✅ 完成 [fork1] peterren980-sketch/EasyV2raySub | 提取 0 | 新增 0 | 耗时 0s | 配额 4207/4800 11:12UTC | 主队列 28/200 发现队列 258/20000 [[fork1]:258]
[2026-08-05 19:12:32] [W-16] 🔧 开始处理 [fork1] hiddify/HiddifyNG
[2026-08-05 19:12:32] [W-16] ⏭️ [fork1] 仓库 https://github.com/hiddify/HiddifyNG 3979h 未更新，跳过解析（无需追踪）
[2026-08-05 19:12:34] [W-20] ✅ 完成 [fork1] SlaineSavary/mysubhid | 提取 0 | 新增 0 | 耗时 0s | 配额 4207/4800 11:12UTC | 主队列 28/200 发现队列 257/20000 [[fork1]:257]
[2026-08-05 19:12:34] [W-20] 🔧 开始处理 [fork1] mahsanet/NikaNG
[2026-08-05 19:12:34] [W-20] ⏭️ [fork1] 仓库 https://github.com/mahsanet/NikaNG 13075h 未更新，跳过解析（无需追踪）
[2026-08-05 19:12:34] [W-3] ✅ 完成 [fork1] milad13azizi-hue/EasyV2raySub | 提取 0 | 新增 0 | 耗时 0s | 配额 4207/4800 11:12UTC | 主队列 28/200 发现队列 256/20000 [[fork1]:256]
[2026-08-05 19:12:34] [W-3] 🔧 开始处理 [fork1] patterniha/v2rayNG
[2026-08-05 19:12:34] [W-3] ⏭️ [fork1] 仓库 https://github.com/patterniha/v2rayNG 已解析，跳过解析（无需追踪）
[2026-08-05 19:12:34] [W-18] ✅ 完成 [fork1] mrn49045-pixel/EasyV2raySub | 提取 0 | 新增 0 | 耗时 0s | 配额 4207/4800 11:12UTC | 主队列 28/200 发现队列 255/20000 [[fork1]:255]
[2026-08-05 19:12:34] [W-18] 🔧 开始处理 [fork1] bannedbook/ssvpn
[2026-08-05 19:12:34] [W-18] ⏭️ [fork1] 仓库 https://github.com/bannedbook/ssvpn 42964h 未更新，跳过解析（无需追踪）
[2026-08-05 19:12:34] [W-23] 🔗 [种子仓库] 开始 Fork 链追踪 (sec-js/v2rayN)
[2026-08-05 19:12:34] [W-17] ✅ 完成 [fork1] mohammadahmadi8159-cloud/EasyV2raySub | 提取 0 | 新增 0 | 耗时 0s | 配额 4205/4800 11:12UTC | 主队列 28/200 发现队列 254/20000 [[fork1]:254]
[2026-08-05 19:12:34] [W-17] 🔧 开始处理 [fork1] rrouzbeh/v2rayNG
[2026-08-05 19:12:34] [W-17] ⏭️ [fork1] 仓库 https://github.com/rrouzbeh/v2rayNG 28685h 未更新，跳过解析（无需追踪）
[2026-08-05 19:12:36] [W-8]   [种子仓库] 父仓库: Devindan/EasyV2raySub
[2026-08-05 19:12:36] [W-14]   Compare API 返回 2 个变更文件 (3 次 API 调用)
[2026-08-05 19:12:36] [W-14]   commits 过滤: 306 → 0 (变更文件 2 个)
[2026-08-05 19:12:36] [W-14] 仓库 https://github.com/wjs876046992/subconverter 候选文件经时间过滤后为空
[2026-08-05 19:12:36] [W-14] 🔗 [种子仓库] 查子仓库: wjs876046992/subconverter
[2026-08-05 19:12:36] [W-1] 👤 [种子仓库] 遍历用户仓库: alxprgs
[2026-08-05 19:12:38] [W-19] ✅ 完成 [fork1] GFW-knocker/MahsaNG | 提取 0 | 新增 0 | 耗时 0s | 配额 4202/4800 11:12UTC | 主队列 28/200 发现队列 253/20000 [[fork1]:253]
[2026-08-05 19:12:38] [W-19] 🔧 开始处理 [fork1] vfarid/v2rayNG
[2026-08-05 19:12:38] [W-19] ⏭️ [fork1] 仓库 https://github.com/vfarid/v2rayNG 19152h 未更新，跳过解析（无需追踪）
[2026-08-05 19:12:38] [W-16] ✅ 完成 [fork1] hiddify/HiddifyNG | 提取 0 | 新增 0 | 耗时 0s | 配额 4202/4800 11:12UTC | 主队列 28/200 发现队列 252/20000 [[fork1]:252]
[2026-08-05 19:12:38] [W-16] 🔧 开始处理 [fork1] amazted/v2rayNG
[2026-08-05 19:12:38] [W-16] ⏭️ [fork1] 仓库 https://github.com/amazted/v2rayNG 40423h 未更新，跳过解析（无需追踪）
[2026-08-05 19:12:38] [W-4]   👤 用户仓库: 30 个 → 主队列 28/200 发现队列 281/20000 [[fork1]:251 [user1]:30]
[2026-08-05 19:12:38] [W-4]   用户 FaceAce1 共查 30 个仓库
[2026-08-05 19:12:38] [W-22]   [种子仓库] 父仓库: 2dust/v2rayN
[2026-08-05 19:12:38] [W-10]   🍴 兄弟仓库: 18 个 → 主队列 28/200 发现队列 299/20000 [[fork1]:269 [user1]:30]
[2026-08-05 19:12:38] [W-10] 👤 [种子仓库] 遍历用户仓库: maoxikun
[2026-08-05 19:12:38] [W-20] ✅ 完成 [fork1] mahsanet/NikaNG | 提取 0 | 新增 0 | 耗时 0s | 配额 4199/4800 11:12UTC | 主队列 28/200 发现队列 299/20000 [[fork1]:269 [user1]:30]
[2026-08-05 19:12:38] [W-20] 🔧 开始处理 [fork1] 4xmen/v2rayNG
[2026-08-05 19:12:38] [W-20] ⏭️ [fork1] 仓库 https://github.com/4xmen/v2rayNG 27637h 未更新，跳过解析（无需追踪）
[2026-08-05 19:12:38] [W-3] ✅ 完成 [fork1] patterniha/v2rayNG | 提取 0 | 新增 0 | 耗时 0s | 配额 4199/4800 11:12UTC | 主队列 28/200 发现队列 298/20000 [[fork1]:268 [user1]:30]
[2026-08-05 19:12:38] [W-3] 🔧 开始处理 [fork1] E-KitPro/v2rayNG-android-tv
[2026-08-05 19:12:38] [W-3] ⏭️ [fork1] 仓库 https://github.com/E-KitPro/v2rayNG-android-tv 20975h 未更新，跳过解析（无需追踪）
[2026-08-05 19:12:38] [W-3] ✅ 完成 [fork1] E-KitPro/v2rayNG-android-tv | 提取 0 | 新增 0 | 耗时 0s | 配额 4199/4800 11:12UTC | 主队列 28/200 发现队列 297/20000 [[fork1]:267 [user1]:30]
[2026-08-05 19:12:38] [W-3] 🔧 开始处理 [fork1] yuhan6665/v2rayNG
[2026-08-05 19:12:38] [W-3] ⏭️ [fork1] 仓库 https://github.com/yuhan6665/v2rayNG 4938h 未更新，跳过解析（无需追踪）
[2026-08-05 19:12:40] [W-17] ✅ 完成 [fork1] rrouzbeh/v2rayNG | 提取 0 | 新增 0 | 耗时 0s | 配额 4199/4800 11:12UTC | 主队列 28/200 发现队列 296/20000 [[fork1]:266 [user1]:30]
[2026-08-05 19:12:40] [W-17] 🔧 开始处理 [fork1] v2crack/ng
[2026-08-05 19:12:40] [W-17] ⏭️ [fork1] 仓库 https://github.com/v2crack/ng 734h 未更新，跳过解析（无需追踪）
[2026-08-05 19:12:40] [W-7] 👤 [种子仓库] 遍历用户仓库: hncsjmj
[2026-08-05 19:12:40] [W-2]   👤 用户仓库: 30 个 → 主队列 28/200 发现队列 325/20000 [[fork1]:265 [user1]:60]
[2026-08-05 19:12:40] [W-2]   用户 kimmax603 共查 30 个仓库
[2026-08-05 19:12:40] [W-13]   用户 2dust 共查 0 个仓库
[2026-08-05 19:12:42] [W-0]   [种子仓库] 父仓库: 2dust/v2rayN
[2026-08-05 19:12:42] [W-19] ✅ 完成 [fork1] vfarid/v2rayNG | 提取 0 | 新增 0 | 耗时 0s | 配额 4194/4800 11:12UTC | 主队列 28/200 发现队列 325/20000 [[fork1]:265 [user1]:60]
[2026-08-05 19:12:42] [W-19] 🔧 开始处理 [fork1] fireman-dev/Firenet
[2026-08-05 19:12:42] [W-19] ⏭️ [fork1] 仓库 https://github.com/fireman-dev/Firenet 5755h 未更新，跳过解析（无需追踪）
[2026-08-05 19:12:42] [W-16] ✅ 完成 [fork1] amazted/v2rayNG | 提取 0 | 新增 0 | 耗时 0s | 配额 4194/4800 11:12UTC | 主队列 28/200 发现队列 324/20000 [[fork1]:264 [user1]:60]
[2026-08-05 19:12:42] [W-16] 🔧 开始处理 [fork1] savyjs/Android-TV-v2rayNG
[2026-08-05 19:12:42] [W-16] ⏭️ [fork1] 仓库 https://github.com/savyjs/Android-TV-v2rayNG 20947h 未更新，跳过解析（无需追踪）
[2026-08-05 19:12:42] [W-4] ✅ 完成 [种子仓库] FaceAce1/ACL4SSR | 提取 0 | 新增 0 | 耗时 69s | 配额 4194/4800 11:12UTC | 主队列 28/200 发现队列 323/20000 [[fork1]:263 [user1]:60]
[2026-08-05 19:12:42] [W-4] 🔧 开始处理 [fork1] klockky/v2rayNG
[2026-08-05 19:12:42] [W-4] ⏭️ [fork1] 仓库 https://github.com/klockky/v2rayNG 1312h 未更新，跳过解析（无需追踪）
[2026-08-05 19:12:42] [W-20] ✅ 完成 [fork1] 4xmen/v2rayNG | 提取 0 | 新增 0 | 耗时 0s | 配额 4194/4800 11:12UTC | 主队列 28/200 发现队列 322/20000 [[fork1]:262 [user1]:60]
[2026-08-05 19:12:42] [W-20] 🔧 开始处理 [fork1] taiordleen/v2rayNG
[2026-08-05 19:12:42] [W-20] ⏭️ [fork1] 仓库 https://github.com/taiordleen/v2rayNG 3722h 未更新，跳过解析（无需追踪）
[2026-08-05 19:12:42] [W-18] ✅ 完成 [fork1] bannedbook/ssvpn | 提取 0 | 新增 0 | 耗时 0s | 配额 4194/4800 11:12UTC | 主队列 28/200 发现队列 321/20000 [[fork1]:261 [user1]:60]
[2026-08-05 19:12:42] [W-18] 🔧 开始处理 [fork1] sinavm/v2rayNG
[2026-08-05 19:12:42] [W-18] ⏭️ [fork1] 仓库 https://github.com/sinavm/v2rayNG 11241h 未更新，跳过解析（无需追踪）
[2026-08-05 19:12:42] [W-3] ✅ 完成 [fork1] yuhan6665/v2rayNG | 提取 0 | 新增 0 | 耗时 0s | 配额 4194/4800 11:12UTC | 主队列 28/200 发现队列 320/20000 [[fork1]:260 [user1]:60]
[2026-08-05 19:12:42] [W-3] 🔧 开始处理 [fork1] fireman-developer/Firenet
[2026-08-05 19:12:42] [W-3] ⏭️ [fork1] 仓库 https://github.com/fireman-developer/Firenet 74h 未更新，跳过解析（无需追踪）
[2026-08-05 19:12:42] [W-12]   👤 用户仓库: 30 个 → 主队列 28/200 发现队列 349/20000 [[fork1]:259 [user1]:90]
[2026-08-05 19:12:42] [W-12]   用户 chris202010 共查 30 个仓库
[2026-08-05 19:12:42] [W-9]   👤 用户仓库: 5 个 → 主队列 28/200 发现队列 354/20000 [[fork1]:259 [user1]:95]
[2026-08-05 19:12:42] [W-9]   用户 Devindan 共查 5 个仓库
[2026-08-05 19:12:42] [W-21] 👤 [种子仓库] 遍历用户仓库: maoxikun
[2026-08-05 19:12:42] [W-17] ✅ 完成 [fork1] v2crack/ng | 提取 0 | 新增 0 | 耗时 0s | 配额 4190/4800 11:12UTC | 主队列 28/200 发现队列 354/20000 [[fork1]:259 [user1]:95]
[2026-08-05 19:12:42] [W-17] 🔧 开始处理 [fork1] syncrexor/GoldV2ray
[2026-08-05 19:12:42] [W-17] ⏭️ [fork1] 仓库 https://github.com/syncrexor/GoldV2ray 3953h 未更新，跳过解析（无需追踪）
[2026-08-05 19:12:44] [W-2] ✅ 完成 [种子仓库] kimmax603/ACL4SSR | 提取 0 | 新增 0 | 耗时 71s | 配额 4190/4800 11:12UTC | 主队列 28/200 发现队列 353/20000 [[fork1]:258 [user1]:95]
[2026-08-05 19:12:44] [W-2] 🔧 开始处理 [fork1] Fangliding/v2rayNG
[2026-08-05 19:12:44] [W-2] ⏭️ [fork1] 仓库 https://github.com/Fangliding/v2rayNG 2800h 未更新，跳过解析（无需追踪）
[2026-08-05 19:12:44] [W-13] ✅ 完成 [种子仓库] 2dust/v2rayNG | 提取 0 | 新增 0 | 耗时 66s | 配额 4190/4800 11:12UTC | 主队列 28/200 发现队列 352/20000 [[fork1]:257 [user1]:95]
[2026-08-05 19:12:44] [W-13] 🔧 开始处理 [fork1] maskedeken/v2rayNG
[2026-08-05 19:12:44] [W-13] ⏭️ [fork1] 仓库 https://github.com/maskedeken/v2rayNG 14331h 未更新，跳过解析（无需追踪）
[2026-08-05 19:12:46] [W-11]   👤 用户仓库: 2 个 → 主队列 28/200 发现队列 353/20000 [[fork1]:256 [user1]:97]
[2026-08-05 19:12:46] [W-11]   用户 Wyatt36 共查 2 个仓库
[2026-08-05 19:12:46] [W-23]   [种子仓库] 父仓库: 2dust/v2rayN
[2026-08-05 19:12:46] [W-19] ✅ 完成 [fork1] fireman-dev/Firenet | 提取 0 | 新增 0 | 耗时 0s | 配额 4187/4800 11:12UTC | 主队列 28/200 发现队列 353/20000 [[fork1]:256 [user1]:97]
[2026-08-05 19:12:46] [W-19] 🔧 开始处理 [fork1] saltechco/Freedom
[2026-08-05 19:12:46] [W-19] ⏭️ [fork1] 仓库 https://github.com/saltechco/Freedom 21648h 未更新，跳过解析（无需追踪）
[2026-08-05 19:12:46] [W-16] ✅ 完成 [fork1] savyjs/Android-TV-v2rayNG | 提取 0 | 新增 0 | 耗时 0s | 配额 4187/4800 11:12UTC | 主队列 28/200 发现队列 352/20000 [[fork1]:255 [user1]:97]
[2026-08-05 19:12:46] [W-16] 🔧 开始处理 [fork1] dihaobobao/v2rayNG
[2026-08-05 19:12:46] [W-16] ⏭️ [fork1] 仓库 https://github.com/dihaobobao/v2rayNG 10993h 未更新，跳过解析（无需追踪）
[2026-08-05 19:12:46] [W-4] ✅ 完成 [fork1] klockky/v2rayNG | 提取 0 | 新增 0 | 耗时 0s | 配额 4187/4800 11:12UTC | 主队列 28/200 发现队列 351/20000 [[fork1]:254 [user1]:97]
[2026-08-05 19:12:46] [W-4] 🔧 开始处理 [fork1] hadi-norouzi/v2rayNG
[2026-08-05 19:12:46] [W-4] ⏭️ [fork1] 仓库 https://github.com/hadi-norouzi/v2rayNG 1445h 未更新，跳过解析（无需追踪）
[2026-08-05 19:12:46] [W-20] ✅ 完成 [fork1] taiordleen/v2rayNG | 提取 0 | 新增 0 | 耗时 0s | 配额 4187/4800 11:12UTC | 主队列 28/200 发现队列 350/20000 [[fork1]:253 [user1]:97]
[2026-08-05 19:12:46] [W-20] 🔧 开始处理 [fork1] artsuhov/v2rayNG
[2026-08-05 19:12:46] [W-20] ⏭️ [fork1] 仓库 https://github.com/artsuhov/v2rayNG 17092h 未更新，跳过解析（无需追踪）
[2026-08-05 19:12:46] [W-18] ✅ 完成 [fork1] sinavm/v2rayNG | 提取 0 | 新增 0 | 耗时 0s | 配额 4187/4800 11:12UTC | 主队列 28/200 发现队列 349/20000 [[fork1]:252 [user1]:97]
[2026-08-05 19:12:46] [W-18] 🔧 开始处理 [fork1] FranzKafkaYu/v2rayNG
[2026-08-05 19:12:46] [W-18] ⏭️ [fork1] 仓库 https://github.com/FranzKafkaYu/v2rayNG 19589h 未更新，跳过解析（无需追踪）
[2026-08-05 19:12:46] [W-3] ✅ 完成 [fork1] fireman-developer/Firenet | 提取 0 | 新增 0 | 耗时 0s | 配额 4187/4800 11:12UTC | 主队列 28/200 发现队列 348/20000 [[fork1]:251 [user1]:97]
[2026-08-05 19:12:46] [W-3] 🔧 开始处理 [fork1] tuxsiuh/v2rayNG
[2026-08-05 19:12:46] [W-3] ⏭️ [fork1] 仓库 https://github.com/tuxsiuh/v2rayNG 41301h 未更新，跳过解析（无需追踪）
[2026-08-05 19:12:46] [W-12] ✅ 完成 [种子仓库] chris202010/ACL4SSR | 提取 0 | 新增 0 | 耗时 73s | 配额 4187/4800 11:12UTC | 主队列 28/200 发现队列 347/20000 [[fork1]:250 [user1]:97]
[2026-08-05 19:12:46] [W-12] 🔧 开始处理 [fork1] LuckyLuke-a/v2rayNG
[2026-08-05 19:12:46] [W-12] ⏭️ [fork1] 仓库 https://github.com/LuckyLuke-a/v2rayNG 15723h 未更新，跳过解析（无需追踪）
[2026-08-05 19:12:46] [W-9] ✅ 完成 [种子仓库] Devindan/EasyV2raySub | 提取 0 | 新增 0 | 耗时 66s | 配额 4187/4800 11:12UTC | 主队列 28/200 发现队列 346/20000 [[fork1]:249 [user1]:97]
[2026-08-05 19:12:46] [W-9] 🔧 开始处理 [fork1] fqfqgo/v2rayNG
[2026-08-05 19:12:46] [W-9] ⏭️ [fork1] 仓库 https://github.com/fqfqgo/v2rayNG 3338h 未更新，跳过解析（无需追踪）
[2026-08-05 19:12:46] [W-17] ✅ 完成 [fork1] syncrexor/GoldV2ray | 提取 0 | 新增 0 | 耗时 0s | 配额 4187/4800 11:12UTC | 主队列 28/200 发现队列 345/20000 [[fork1]:248 [user1]:97]
[2026-08-05 19:12:46] [W-17] 🔧 开始处理 [fork1] tawanamohammadi/v2rayNG
[2026-08-05 19:12:46] [W-17] ⏭️ [fork1] 仓库 https://github.com/tawanamohammadi/v2rayNG 5922h 未更新，跳过解析（无需追踪）
[2026-08-05 19:12:46] [W-14] 🔗 [种子仓库] 开始 Fork 链追踪 (wjs876046992/subconverter)
[2026-08-05 19:12:46] [W-8] 👤 [种子仓库] 遍历用户仓库: AvetGR8
[2026-08-05 19:12:46] [W-2] ✅ 完成 [fork1] Fangliding/v2rayNG | 提取 0 | 新增 0 | 耗时 0s | 配额 4183/4800 11:12UTC | 主队列 28/200 发现队列 344/20000 [[fork1]:247 [user1]:97]
[2026-08-05 19:12:46] [W-2] 🔧 开始处理 [fork1] Herfv/v2rayNG
[2026-08-05 19:12:46] [W-2] ⏭️ [fork1] 仓库 https://github.com/Herfv/v2rayNG 已解析，跳过解析（无需追踪）
[2026-08-05 19:12:46] [W-13] ✅ 完成 [fork1] maskedeken/v2rayNG | 提取 0 | 新增 0 | 耗时 0s | 配额 4183/4800 11:12UTC | 主队列 28/200 发现队列 343/20000 [[fork1]:246 [user1]:97]
[2026-08-05 19:12:46] [W-13] 🔧 开始处理 [fork1] wangwang-code/v2rayNG
[2026-08-05 19:12:46] [W-13] ⏭️ [fork1] 仓库 https://github.com/wangwang-code/v2rayNG 20049h 未更新，跳过解析（无需追踪）
[2026-08-05 19:12:46] [W-22] 👤 [种子仓库] 遍历用户仓库: flyhong666
[2026-08-05 19:12:46] [W-11] ✅ 完成 [种子仓库] Wyatt36/SubConverter-Extended | 提取 0 | 新增 0 | 耗时 76s | 配额 4182/4800 11:12UTC | 主队列 28/200 发现队列 342/20000 [[fork1]:245 [user1]:97]
[2026-08-05 19:12:46] [W-11] 🔧 开始处理 [fork1] fttre/v2rayNG
[2026-08-05 19:12:46] [W-11] ⏭️ [fork1] 仓库 https://github.com/fttre/v2rayNG 28829h 未更新，跳过解析（无需追踪）
[2026-08-05 19:12:50] [W-19] ✅ 完成 [fork1] saltechco/Freedom | 提取 0 | 新增 0 | 耗时 0s | 配额 4182/4800 11:12UTC | 主队列 28/200 发现队列 341/20000 [[fork1]:244 [user1]:97]
[2026-08-05 19:12:50] [W-19] 🔧 开始处理 [fork1] luobikang1/v2rayNG
[2026-08-05 19:12:50] [W-19] ⏭️ [fork1] 仓库 https://github.com/luobikang1/v2rayNG 3182h 未更新，跳过解析（无需追踪）
[2026-08-05 19:12:50] [W-16] ✅ 完成 [fork1] dihaobobao/v2rayNG | 提取 0 | 新增 0 | 耗时 0s | 配额 4182/4800 11:12UTC | 主队列 28/200 发现队列 340/20000 [[fork1]:243 [user1]:97]
[2026-08-05 19:12:50] [W-16] 🔧 开始处理 [fork1] free-the-internet/v2rayNG
[2026-08-05 19:12:50] [W-16] ⏭️ [fork1] 仓库 https://github.com/free-the-internet/v2rayNG 32652h 未更新，跳过解析（无需追踪）
[2026-08-05 19:12:50] [W-4] ✅ 完成 [fork1] hadi-norouzi/v2rayNG | 提取 0 | 新增 0 | 耗时 0s | 配额 4182/4800 11:12UTC | 主队列 28/200 发现队列 339/20000 [[fork1]:242 [user1]:97]
[2026-08-05 19:12:50] [W-4] 🔧 开始处理 [fork1] cutelua/v2rayNG
[2026-08-05 19:12:50] [W-4] ⏭️ [fork1] 仓库 https://github.com/cutelua/v2rayNG 61978h 未更新，跳过解析（无需追踪）
[2026-08-05 19:12:50] [W-20] ✅ 完成 [fork1] artsuhov/v2rayNG | 提取 0 | 新增 0 | 耗时 0s | 配额 4182/4800 11:12UTC | 主队列 28/200 发现队列 338/20000 [[fork1]:241 [user1]:97]
[2026-08-05 19:12:50] [W-20] 🔧 开始处理 [fork1] KiyarashFarahani/OmegaRay
[2026-08-05 19:12:50] [W-20] ⏭️ [fork1] 仓库 https://github.com/KiyarashFarahani/OmegaRay 11975h 未更新，跳过解析（无需追踪）
[2026-08-05 19:12:50] [W-20] ✅ 完成 [fork1] KiyarashFarahani/OmegaRay | 提取 0 | 新增 0 | 耗时 0s | 配额 4182/4800 11:12UTC | 主队列 28/200 发现队列 337/20000 [[fork1]:240 [user1]:97]
[2026-08-05 19:12:50] [W-20] 🔧 开始处理 [fork1] Chocolate4U/v2rayNG
[2026-08-05 19:12:50] [W-20] ⏭️ [fork1] 仓库 https://github.com/Chocolate4U/v2rayNG 14967h 未更新，跳过解析（无需追踪）
[2026-08-05 19:12:50] [W-3] ✅ 完成 [fork1] tuxsiuh/v2rayNG | 提取 0 | 新增 0 | 耗时 0s | 配额 4182/4800 11:12UTC | 主队列 28/200 发现队列 336/20000 [[fork1]:239 [user1]:97]
[2026-08-05 19:12:50] [W-3] 🔧 开始处理 [fork1] itesoke/v2rayNG
[2026-08-05 19:12:50] [W-3] ⏭️ [fork1] 仓库 https://github.com/itesoke/v2rayNG 21512h 未更新，跳过解析（无需追踪）
[2026-08-05 19:12:50] [W-12] ✅ 完成 [fork1] LuckyLuke-a/v2rayNG | 提取 0 | 新增 0 | 耗时 0s | 配额 4182/4800 11:12UTC | 主队列 28/200 发现队列 335/20000 [[fork1]:238 [user1]:97]
[2026-08-05 19:12:50] [W-12] 🔧 开始处理 [fork1] MjKhani/v2rayNGPro
[2026-08-05 19:12:50] [W-12] ⏭️ [fork1] 仓库 https://github.com/MjKhani/v2rayNGPro 5065h 未更新，跳过解析（无需追踪）
[2026-08-05 19:12:50] [W-9] ✅ 完成 [fork1] fqfqgo/v2rayNG | 提取 0 | 新增 0 | 耗时 0s | 配额 4182/4800 11:12UTC | 主队列 28/200 发现队列 334/20000 [[fork1]:237 [user1]:97]
[2026-08-05 19:12:50] [W-9] 🔧 开始处理 [fork1] dcn01/v2rayNG
[2026-08-05 19:12:50] [W-9] ⚠️ [fork1] 仓库 https://github.com/dcn01/v2rayNG 大小为 0，跳过
[2026-08-05 19:12:50] [W-17] ✅ 完成 [fork1] tawanamohammadi/v2rayNG | 提取 0 | 新增 0 | 耗时 0s | 配额 4182/4800 11:12UTC | 主队列 28/200 发现队列 333/20000 [[fork1]:236 [user1]:97]
[2026-08-05 19:12:50] [W-17] 🔧 开始处理 [fork1] automagen-ab/diditra-vpn-client
[2026-08-05 19:12:50] [W-17] ⏭️ [fork1] 仓库 https://github.com/automagen-ab/diditra-vpn-client 32491h 未更新，跳过解析（无需追踪）
[2026-08-05 19:12:50] [W-2] ✅ 完成 [fork1] Herfv/v2rayNG | 提取 0 | 新增 0 | 耗时 0s | 配额 4182/4800 11:12UTC | 主队列 28/200 发现队列 332/20000 [[fork1]:235 [user1]:97]
[2026-08-05 19:12:50] [W-2] 🔧 开始处理 [fork1] runetfreedom/v2rayNG
[2026-08-05 19:12:50] [W-2] ⏭️ [fork1] 仓库 https://github.com/runetfreedom/v2rayNG 3575h 未更新，跳过解析（无需追踪）
[2026-08-05 19:12:50] [W-13] ✅ 完成 [fork1] wangwang-code/v2rayNG | 提取 0 | 新增 0 | 耗时 0s | 配额 4182/4800 11:12UTC | 主队列 28/200 发现队列 331/20000 [[fork1]:234 [user1]:97]
[2026-08-05 19:12:50] [W-13] 🔧 开始处理 [fork1] nurlankusayinov/FamilyVPN
[2026-08-05 19:12:50] [W-13] ⏭️ [fork1] 仓库 https://github.com/nurlankusayinov/FamilyVPN 18396h 未更新，跳过解析（无需追踪）
[2026-08-05 19:12:50] [W-11] ✅ 完成 [fork1] fttre/v2rayNG | 提取 0 | 新增 0 | 耗时 0s | 配额 4182/4800 11:12UTC | 主队列 28/200 发现队列 330/20000 [[fork1]:233 [user1]:97]
[2026-08-05 19:12:50] [W-11] 🔧 开始处理 [fork1] RainbowNeko/v2rayNG
[2026-08-05 19:12:50] [W-11] ⏭️ [fork1] 仓库 https://github.com/RainbowNeko/v2rayNG 37684h 未更新，跳过解析（无需追踪）
[2026-08-05 19:12:50] [W-6]   👤 用户仓库: 30 个 → 主队列 28/200 发现队列 359/20000 [[fork1]:232 [user1]:127]
[2026-08-05 19:12:50] [W-6]   用户 clift190 共查 30 个仓库
[2026-08-05 19:12:50] [W-5]   👤 用户仓库: 9 个 → 主队列 28/200 发现队列 368/20000 [[fork1]:232 [user1]:136]
[2026-08-05 19:12:50] [W-5]   用户 clift190 共查 9 个仓库
[2026-08-05 19:12:50] [W-0] 👤 [种子仓库] 遍历用户仓库: symantes
[2026-08-05 19:12:51] [W-23] 👤 [种子仓库] 遍历用户仓库: sec-js
[2026-08-05 19:12:51] [W-19] ✅ 完成 [fork1] luobikang1/v2rayNG | 提取 0 | 新增 0 | 耗时 0s | 配额 4176/4800 11:12UTC | 主队列 28/200 发现队列 368/20000 [[fork1]:232 [user1]:136]
[2026-08-05 19:12:51] [W-19] 🔧 开始处理 [fork1] wxfyes/v2rayNG
[2026-08-05 19:12:51] [W-19] ⏭️ [fork1] 仓库 https://github.com/wxfyes/v2rayNG 8473h 未更新，跳过解析（无需追踪）
[2026-08-05 19:12:51] [W-16] ✅ 完成 [fork1] free-the-internet/v2rayNG | 提取 0 | 新增 0 | 耗时 0s | 配额 4176/4800 11:12UTC | 主队列 28/200 发现队列 367/20000 [[fork1]:231 [user1]:136]
[2026-08-05 19:12:51] [W-16] 🔧 开始处理 [fork1] ybinson/v2rayNG
[2026-08-05 19:12:51] [W-16] ⏭️ [fork1] 仓库 https://github.com/ybinson/v2rayNG 43394h 未更新，跳过解析（无需追踪）
[2026-08-05 19:12:51] [W-4] ✅ 完成 [fork1] cutelua/v2rayNG | 提取 0 | 新增 0 | 耗时 0s | 配额 4176/4800 11:12UTC | 主队列 28/200 发现队列 366/20000 [[fork1]:230 [user1]:136]
[2026-08-05 19:12:51] [W-4] 🔧 开始处理 [fork1] MrLinux2079/MrLinux-NG
[2026-08-05 19:12:51] [W-4] ⏭️ [fork1] 仓库 https://github.com/MrLinux2079/MrLinux-NG 6375h 未更新，跳过解析（无需追踪）
[2026-08-05 19:12:51] [W-4] ✅ 完成 [fork1] MrLinux2079/MrLinux-NG | 提取 0 | 新增 0 | 耗时 0s | 配额 4176/4800 11:12UTC | 主队列 28/200 发现队列 365/20000 [[fork1]:229 [user1]:136]
[2026-08-05 19:12:51] [W-4] 🔧 开始处理 [fork1] mirshahbazi/v2rayNG
[2026-08-05 19:12:51] [W-4] ⏭️ [fork1] 仓库 https://github.com/mirshahbazi/v2rayNG 8999h 未更新，跳过解析（无需追踪）
[2026-08-05 19:12:51] [W-20] ✅ 完成 [fork1] Chocolate4U/v2rayNG | 提取 0 | 新增 0 | 耗时 0s | 配额 4176/4800 11:12UTC | 主队列 28/200 发现队列 364/20000 [[fork1]:228 [user1]:136]
[2026-08-05 19:12:51] [W-20] 🔧 开始处理 [fork1] 79944388/v2rayNG
[2026-08-05 19:12:51] [W-20] ⏭️ [fork1] 仓库 https://github.com/79944388/v2rayNG 15814h 未更新，跳过解析（无需追踪）
[2026-08-05 19:12:51] [W-3] ✅ 完成 [fork1] itesoke/v2rayNG | 提取 0 | 新增 0 | 耗时 0s | 配额 4176/4800 11:12UTC | 主队列 28/200 发现队列 363/20000 [[fork1]:227 [user1]:136]
[2026-08-05 19:12:51] [W-3] 🔧 开始处理 [fork1] MaximFrancev/v2rayMF
[2026-08-05 19:12:51] [W-3] ⏭️ [fork1] 仓库 https://github.com/MaximFrancev/v2rayMF 641h 未更新，跳过解析（无需追踪）
[2026-08-05 19:12:51] [W-12] ✅ 完成 [fork1] MjKhani/v2rayNGPro | 提取 0 | 新增 0 | 耗时 0s | 配额 4176/4800 11:12UTC | 主队列 28/200 发现队列 362/20000 [[fork1]:226 [user1]:136]
[2026-08-05 19:12:51] [W-12] 🔧 开始处理 [fork1] lo-w/v2rayNG
[2026-08-05 19:12:51] [W-12] ⏭️ [fork1] 仓库 https://github.com/lo-w/v2rayNG 49319h 未更新，跳过解析（无需追踪）
[2026-08-05 19:12:51] [W-9] ✅ 完成 [fork1] dcn01/v2rayNG | 提取 0 | 新增 0 | 耗时 0s | 配额 4176/4800 11:12UTC | 主队列 28/200 发现队列 361/20000 [[fork1]:225 [user1]:136]
[2026-08-05 19:12:51] [W-9] 🔧 开始处理 [fork1] tepo80/v2rayNG
[2026-08-05 19:12:51] [W-9] ⏭️ [fork1] 仓库 https://github.com/tepo80/v2rayNG 7057h 未更新，跳过解析（无需追踪）
[2026-08-05 19:12:51] [W-9] ✅ 完成 [fork1] tepo80/v2rayNG | 提取 0 | 新增 0 | 耗时 0s | 配额 4176/4800 11:12UTC | 主队列 28/200 发现队列 360/20000 [[fork1]:224 [user1]:136]
[2026-08-05 19:12:51] [W-9] 🔧 开始处理 [fork1] codewithtamim/v2rayNG
[2026-08-05 19:12:51] [W-9] ⏭️ [fork1] 仓库 https://github.com/codewithtamim/v2rayNG 2092h 未更新，跳过解析（无需追踪）
[2026-08-05 19:12:51] [W-2] ✅ 完成 [fork1] runetfreedom/v2rayNG | 提取 0 | 新增 0 | 耗时 0s | 配额 4176/4800 11:12UTC | 主队列 28/200 发现队列 359/20000 [[fork1]:223 [user1]:136]
[2026-08-05 19:12:51] [W-2] 🔧 开始处理 [fork1] mmrabbani/v2rayNG
[2026-08-05 19:12:51] [W-2] ⏭️ [fork1] 仓库 https://github.com/mmrabbani/v2rayNG 13506h 未更新，跳过解析（无需追踪）
[2026-08-05 19:12:51] [W-13] ✅ 完成 [fork1] nurlankusayinov/FamilyVPN | 提取 0 | 新增 0 | 耗时 0s | 配额 4176/4800 11:12UTC | 主队列 28/200 发现队列 358/20000 [[fork1]:222 [user1]:136]
[2026-08-05 19:12:51] [W-13] 🔧 开始处理 [fork1] VPN-V2Ray/v2rayNG0
[2026-08-05 19:12:51] [W-13] ⏭️ [fork1] 仓库 https://github.com/VPN-V2Ray/v2rayNG0 4859h 未更新，跳过解析（无需追踪）
[2026-08-05 19:12:51] [W-11] ✅ 完成 [fork1] RainbowNeko/v2rayNG | 提取 0 | 新增 0 | 耗时 0s | 配额 4176/4800 11:12UTC | 主队列 28/200 发现队列 357/20000 [[fork1]:221 [user1]:136]
[2026-08-05 19:12:51] [W-11] 🔧 开始处理 [fork1] Vynneast/v2rayNG
[2026-08-05 19:12:51] [W-11] ⏭️ [fork1] 仓库 https://github.com/Vynneast/v2rayNG 23329h 未更新，跳过解析（无需追踪）
[2026-08-05 19:12:51] [W-6] ✅ 完成 [种子仓库] clift190/v2rayNG | 提取 0 | 新增 0 | 耗时 80s | 配额 4176/4800 11:12UTC | 主队列 28/200 发现队列 356/20000 [[fork1]:220 [user1]:136]
[2026-08-05 19:12:51] [W-5] ✅ 完成 [种子仓库] clift190/v2rayN | 提取 0 | 新增 0 | 耗时 76s | 配额 4176/4800 11:12UTC | 主队列 28/200 发现队列 355/20000 [[fork1]:219 [user1]:136]
[2026-08-05 19:12:51] [W-6] 🔧 开始处理 [fork1] LarryOng-hub/v2rayNG
[2026-08-05 19:12:51] [W-6] ⏭️ [fork1] 仓库 https://github.com/LarryOng-hub/v2rayNG 2480h 未更新，跳过解析（无需追踪）
[2026-08-05 19:12:51] [W-5] 🔧 开始处理 [fork1] 91fabu/v2rayNG-noAD
[2026-08-05 19:12:51] [W-5] ⏭️ [fork1] 仓库 https://github.com/91fabu/v2rayNG-noAD 73h 未更新，跳过解析（无需追踪）
[2026-08-05 19:12:55] [W-19] ✅ 完成 [fork1] wxfyes/v2rayNG | 提取 0 | 新增 0 | 耗时 0s | 配额 4176/4800 11:12UTC | 主队列 28/200 发现队列 354/20000 [[fork1]:218 [user1]:136]
[2026-08-05 19:12:55] [W-19] 🔧 开始处理 [fork1] 2dust-backup/v2rayNG
[2026-08-05 19:12:55] [W-19] ⏭️ [fork1] 仓库 https://github.com/2dust-backup/v2rayNG 24139h 未更新，跳过解析（无需追踪）
[2026-08-05 19:12:55] [W-16] ✅ 完成 [fork1] ybinson/v2rayNG | 提取 0 | 新增 0 | 耗时 0s | 配额 4176/4800 11:12UTC | 主队列 28/200 发现队列 353/20000 [[fork1]:217 [user1]:136]
[2026-08-05 19:12:55] [W-16] 🔧 开始处理 [fork1] liu21775123/v2rayNGa000011aa
[2026-08-05 19:12:55] [W-16] ⏭️ [fork1] 仓库 https://github.com/liu21775123/v2rayNGa000011aa 5666h 未更新，跳过解析（无需追踪）
[2026-08-05 19:12:55] [W-18] ✅ 完成 [fork1] FranzKafkaYu/v2rayNG | 提取 0 | 新增 0 | 耗时 0s | 配额 4176/4800 11:12UTC | 主队列 28/200 发现队列 352/20000 [[fork1]:216 [user1]:136]
[2026-08-05 19:12:55] [W-18] 🔧 开始处理 [fork1] DanyPrinceOP/v2rayNG
[2026-08-05 19:12:55] [W-18] ⏭️ [fork1] 仓库 https://github.com/DanyPrinceOP/v2rayNG 32541h 未更新，跳过解析（无需追踪）
[2026-08-05 19:12:55] [W-4] ✅ 完成 [fork1] mirshahbazi/v2rayNG | 提取 0 | 新增 0 | 耗时 0s | 配额 4176/4800 11:12UTC | 主队列 28/200 发现队列 351/20000 [[fork1]:215 [user1]:136]
[2026-08-05 19:12:55] [W-4] 🔧 开始处理 [fork1] libriunk/v2rayNG
[2026-08-05 19:12:55] [W-4] ⏭️ [fork1] 仓库 https://github.com/libriunk/v2rayNG 13595h 未更新，跳过解析（无需追踪）
[2026-08-05 19:12:55] [W-20] ✅ 完成 [fork1] 79944388/v2rayNG | 提取 0 | 新增 0 | 耗时 0s | 配额 4176/4800 11:12UTC | 主队列 28/200 发现队列 350/20000 [[fork1]:214 [user1]:136]
[2026-08-05 19:12:55] [W-20] 🔧 开始处理 [fork1] JunquanFeng/v2rayNG
[2026-08-05 19:12:55] [W-20] ⏭️ [fork1] 仓库 https://github.com/JunquanFeng/v2rayNG 24023h 未更新，跳过解析（无需追踪）
[2026-08-05 19:12:55] [W-3] ✅ 完成 [fork1] MaximFrancev/v2rayMF | 提取 0 | 新增 0 | 耗时 0s | 配额 4176/4800 11:12UTC | 主队列 28/200 发现队列 349/20000 [[fork1]:213 [user1]:136]
[2026-08-05 19:12:55] [W-3] 🔧 开始处理 [fork1] ShidRayM/v2rayNG
[2026-08-05 19:12:55] [W-3] ⏭️ [fork1] 仓库 https://github.com/ShidRayM/v2rayNG 10161h 未更新，跳过解析（无需追踪）
[2026-08-05 19:12:55] [W-3] ✅ 完成 [fork1] ShidRayM/v2rayNG | 提取 0 | 新增 0 | 耗时 0s | 配额 4176/4800 11:12UTC | 主队列 28/200 发现队列 348/20000 [[fork1]:212 [user1]:136]
[2026-08-05 19:12:55] [W-3] 🔧 开始处理 [fork1] Wetrim/v2rayNG
[2026-08-05 19:12:55] [W-3] ⏭️ [fork1] 仓库 https://github.com/Wetrim/v2rayNG 21609h 未更新，跳过解析（无需追踪）
[2026-08-05 19:12:55] [W-9] ✅ 完成 [fork1] codewithtamim/v2rayNG | 提取 0 | 新增 0 | 耗时 0s | 配额 4176/4800 11:12UTC | 主队列 28/200 发现队列 347/20000 [[fork1]:211 [user1]:136]
[2026-08-05 19:12:55] [W-9] 🔧 开始处理 [fork1] yuan220/v2rayNG
[2026-08-05 19:12:55] [W-9] ⏭️ [fork1] 仓库 https://github.com/yuan220/v2rayNG 3941h 未更新，跳过解析（无需追踪）
[2026-08-05 19:12:55] [W-17] ✅ 完成 [fork1] automagen-ab/diditra-vpn-client | 提取 0 | 新增 0 | 耗时 0s | 配额 4176/4800 11:12UTC | 主队列 28/200 发现队列 346/20000 [[fork1]:210 [user1]:136]
[2026-08-05 19:12:55] [W-17] 🔧 开始处理 [fork1] DFBB2010/v2rayNG
[2026-08-05 19:12:55] [W-17] ⏭️ [fork1] 仓库 https://github.com/DFBB2010/v2rayNG 1511h 未更新，跳过解析（无需追踪）
[2026-08-05 19:12:55] [W-2] ✅ 完成 [fork1] mmrabbani/v2rayNG | 提取 0 | 新增 0 | 耗时 0s | 配额 4176/4800 11:12UTC | 主队列 28/200 发现队列 345/20000 [[fork1]:209 [user1]:136]
[2026-08-05 19:12:55] [W-2] 🔧 开始处理 [fork1] BilalMusic/v2rayNG
[2026-08-05 19:12:55] [W-2] ⏭️ [fork1] 仓库 https://github.com/BilalMusic/v2rayNG 9892h 未更新，跳过解析（无需追踪）
[2026-08-05 19:12:55] [W-13] ✅ 完成 [fork1] VPN-V2Ray/v2rayNG0 | 提取 0 | 新增 0 | 耗时 0s | 配额 4176/4800 11:12UTC | 主队列 28/200 发现队列 344/20000 [[fork1]:208 [user1]:136]
[2026-08-05 19:12:55] [W-13] 🔧 开始处理 [fork1] 1345695/v2rayNG
[2026-08-05 19:12:55] [W-13] ⏭️ [fork1] 仓库 https://github.com/1345695/v2rayNG 39h 未更新，跳过解析（无需追踪）
[2026-08-05 19:12:55] [W-11] ✅ 完成 [fork1] Vynneast/v2rayNG | 提取 0 | 新增 0 | 耗时 0s | 配额 4176/4800 11:12UTC | 主队列 28/200 发现队列 343/20000 [[fork1]:207 [user1]:136]
[2026-08-05 19:12:55] [W-11] 🔧 开始处理 [fork1] MRazazian/v2rayNG
[2026-08-05 19:12:55] [W-11] ⏭️ [fork1] 仓库 https://github.com/MRazazian/v2rayNG 3854h 未更新，跳过解析（无需追踪）
[2026-08-05 19:12:55] [W-6] ✅ 完成 [fork1] LarryOng-hub/v2rayNG | 提取 0 | 新增 0 | 耗时 0s | 配额 4176/4800 11:12UTC | 主队列 28/200 发现队列 342/20000 [[fork1]:206 [user1]:136]
[2026-08-05 19:12:55] [W-6] 🔧 开始处理 [fork1] ncxj/v2rayNG
[2026-08-05 19:12:55] [W-6] ⏭️ [fork1] 仓库 https://github.com/ncxj/v2rayNG 9842h 未更新，跳过解析（无需追踪）
[2026-08-05 19:12:55] [W-5] ✅ 完成 [fork1] 91fabu/v2rayNG-noAD | 提取 0 | 新增 0 | 耗时 0s | 配额 4176/4800 11:12UTC | 主队列 28/200 发现队列 341/20000 [[fork1]:205 [user1]:136]
[2026-08-05 19:12:55] [W-5] 🔧 开始处理 [fork1] tylz6688/v2rayNG
[2026-08-05 19:12:55] [W-5] ⏭️ [fork1] 仓库 https://github.com/tylz6688/v2rayNG 913h 未更新，跳过解析（无需追踪）
[2026-08-05 19:12:55] [W-1]   👤 用户仓库: 22 个 → 主队列 28/200 发现队列 362/20000 [[fork1]:204 [user1]:158]
[2026-08-05 19:12:55] [W-1]   用户 alxprgs 共查 22 个仓库
[2026-08-05 19:12:57] [W-15]   👤 用户仓库: 30 个 → 主队列 28/200 发现队列 392/20000 [[fork1]:204 [user1]:188]
[2026-08-05 19:12:57] [W-15]   用户 njuFerret 共查 30 个仓库
[2026-08-05 19:12:57] [W-14]   [种子仓库] 父仓库: MetaCubeX/subconverter
[2026-08-05 19:12:57] [W-14] ⏭️ [fork1] 仓库 https://github.com/MetaCubeX/subconverter 4249h 未更新，跳过解析（无需追踪）
[2026-08-05 19:12:57] [W-14]   父仓库 +0 个节点
[2026-08-05 19:12:57] [W-21]   用户 maoxikun 共查 0 个仓库
[2026-08-05 19:12:57] [W-19] ✅ 完成 [fork1] 2dust-backup/v2rayNG | 提取 0 | 新增 0 | 耗时 0s | 配额 4170/4800 11:12UTC | 主队列 28/200 发现队列 392/20000 [[fork1]:204 [user1]:188]
[2026-08-05 19:12:57] [W-19] 🔧 开始处理 [fork1] lixiangyang522/v2rayNG
[2026-08-05 19:12:57] [W-19] ⏭️ [fork1] 仓库 https://github.com/lixiangyang522/v2rayNG 13560h 未更新，跳过解析（无需追踪）
[2026-08-05 19:12:57] [W-16] ✅ 完成 [fork1] liu21775123/v2rayNGa000011aa | 提取 0 | 新增 0 | 耗时 0s | 配额 4170/4800 11:12UTC | 主队列 28/200 发现队列 391/20000 [[fork1]:203 [user1]:188]
[2026-08-05 19:12:57] [W-16] 🔧 开始处理 [fork1] wenfangdu/v2rayNG
[2026-08-05 19:12:57] [W-16] ⏭️ [fork1] 仓库 https://github.com/wenfangdu/v2rayNG 63345h 未更新，跳过解析（无需追踪）
[2026-08-05 19:12:57] [W-18] ✅ 完成 [fork1] DanyPrinceOP/v2rayNG | 提取 0 | 新增 0 | 耗时 0s | 配额 4170/4800 11:12UTC | 主队列 28/200 发现队列 390/20000 [[fork1]:202 [user1]:188]
[2026-08-05 19:12:57] [W-18] 🔧 开始处理 [fork1] panther110/v2rayNG
[2026-08-05 19:12:57] [W-18] ⏭️ [fork1] 仓库 https://github.com/panther110/v2rayNG 5186h 未更新，跳过解析（无需追踪）
[2026-08-05 19:12:57] [W-4] ✅ 完成 [fork1] libriunk/v2rayNG | 提取 0 | 新增 0 | 耗时 0s | 配额 4170/4800 11:12UTC | 主队列 28/200 发现队列 389/20000 [[fork1]:201 [user1]:188]
[2026-08-05 19:12:57] [W-4] 🔧 开始处理 [fork1] Q7DF1/v2rayNG
[2026-08-05 19:12:57] [W-4] ⏭️ [fork1] 仓库 https://github.com/Q7DF1/v2rayNG 929h 未更新，跳过解析（无需追踪）
[2026-08-05 19:12:57] [W-20] ✅ 完成 [fork1] JunquanFeng/v2rayNG | 提取 0 | 新增 0 | 耗时 0s | 配额 4170/4800 11:12UTC | 主队列 28/200 发现队列 388/20000 [[fork1]:200 [user1]:188]
[2026-08-05 19:12:57] [W-20] 🔧 开始处理 [fork1] xiaoyaosuixin2/v2rayNG
[2026-08-05 19:12:57] [W-20] ⏭️ [fork1] 仓库 https://github.com/xiaoyaosuixin2/v2rayNG 2336h 未更新，跳过解析（无需追踪）
[2026-08-05 19:12:57] [W-3] ✅ 完成 [fork1] Wetrim/v2rayNG | 提取 0 | 新增 0 | 耗时 0s | 配额 4170/4800 11:12UTC | 主队列 28/200 发现队列 387/20000 [[fork1]:199 [user1]:188]
[2026-08-05 19:12:57] [W-3] 🔧 开始处理 [fork1] ziavai777/v2rayNG
[2026-08-05 19:12:57] [W-3] ⏭️ [fork1] 仓库 https://github.com/ziavai777/v2rayNG 8558h 未更新，跳过解析（无需追踪）
[2026-08-05 19:12:57] [W-12] ✅ 完成 [fork1] lo-w/v2rayNG | 提取 0 | 新增 0 | 耗时 0s | 配额 4170/4800 11:12UTC | 主队列 28/200 发现队列 386/20000 [[fork1]:198 [user1]:188]
[2026-08-05 19:12:57] [W-12] 🔧 开始处理 [fork1] x-wxy/v2rayNG
[2026-08-05 19:12:57] [W-12] ⏭️ [fork1] 仓库 https://github.com/x-wxy/v2rayNG 2217h 未更新，跳过解析（无需追踪）
[2026-08-05 19:12:57] [W-9] ✅ 完成 [fork1] yuan220/v2rayNG | 提取 0 | 新增 0 | 耗时 0s | 配额 4170/4800 11:12UTC | 主队列 28/200 发现队列 385/20000 [[fork1]:197 [user1]:188]
[2026-08-05 19:12:57] [W-9] 🔧 开始处理 [fork1] wcnmb12345-xy/SubConverter-Extended
[2026-08-05 19:12:57] [W-9] 📝 已处理缓存: wcnmb12345-xy/SubConverter-Extended
[2026-08-05 19:12:57] [W-9] ⏭️ [fork1] 仓库 https://github.com/wcnmb12345-xy/SubConverter-Extended 1305h 未更新，跳过解析（无需追踪）
[2026-08-05 19:12:57] [W-17] ✅ 完成 [fork1] DFBB2010/v2rayNG | 提取 0 | 新增 0 | 耗时 0s | 配额 4170/4800 11:12UTC | 主队列 28/200 发现队列 384/20000 [[fork1]:196 [user1]:188]
[2026-08-05 19:12:57] [W-17] 🔧 开始处理 [fork1] scofew/Aethersailor-SubConverter-Extended
[2026-08-05 19:12:57] [W-17] 📝 已处理缓存: scofew/Aethersailor-SubConverter-Extended
[2026-08-05 19:12:57] [W-17] ⏭️ [fork1] 仓库 https://github.com/scofew/Aethersailor-SubConverter-Extended 4975h 未更新，跳过解析（无需追踪）
[2026-08-05 19:12:57] [W-2] ✅ 完成 [fork1] BilalMusic/v2rayNG | 提取 0 | 新增 0 | 耗时 0s | 配额 4170/4800 11:12UTC | 主队列 28/200 发现队列 383/20000 [[fork1]:195 [user1]:188]
[2026-08-05 19:12:57] [W-2] 🔧 开始处理 [fork1] Linkin110/SubConverter-Extended-Linkin
[2026-08-05 19:12:57] [W-2] 📝 已处理缓存: Linkin110/SubConverter-Extended-Linkin
[2026-08-05 19:12:57] [W-2] ⏭️ [fork1] 仓库 https://github.com/Linkin110/SubConverter-Extended-Linkin 2508h 未更新，跳过解析（无需追踪）
[2026-08-05 19:12:57] [W-13] ✅ 完成 [fork1] 1345695/v2rayNG | 提取 0 | 新增 0 | 耗时 0s | 配额 4170/4800 11:12UTC | 主队列 28/200 发现队列 382/20000 [[fork1]:194 [user1]:188]
[2026-08-05 19:12:57] [W-13] 🔧 开始处理 [fork1] CoverUp137/SubConverter-Extended
[2026-08-05 19:12:57] [W-13] 📝 已处理缓存: CoverUp137/SubConverter-Extended
[2026-08-05 19:12:57] [W-13] ⏭️ [fork1] 仓库 https://github.com/CoverUp137/SubConverter-Extended 28h 未更新，跳过解析（无需追踪）
[2026-08-05 19:12:57] [W-11] ✅ 完成 [fork1] MRazazian/v2rayNG | 提取 0 | 新增 0 | 耗时 0s | 配额 4170/4800 11:12UTC | 主队列 28/200 发现队列 381/20000 [[fork1]:193 [user1]:188]
[2026-08-05 19:12:57] [W-11] 🔧 开始处理 [fork1] nb3zh/SubConverter-Extended
[2026-08-05 19:12:57] [W-11] 📝 已处理缓存: nb3zh/SubConverter-Extended
[2026-08-05 19:12:57] [W-11] ⏭️ [fork1] 仓库 https://github.com/nb3zh/SubConverter-Extended 5250h 未更新，跳过解析（无需追踪）
[2026-08-05 19:12:57] [W-6] ✅ 完成 [fork1] ncxj/v2rayNG | 提取 0 | 新增 0 | 耗时 0s | 配额 4170/4800 11:12UTC | 主队列 28/200 发现队列 380/20000 [[fork1]:192 [user1]:188]
[2026-08-05 19:12:57] [W-6] 🔧 开始处理 [fork1] sslsx/SubConverter-Extended
[2026-08-05 19:12:57] [W-6] 📝 已处理缓存: sslsx/SubConverter-Extended
[2026-08-05 19:12:57] [W-6] ⏭️ [fork1] 仓库 https://github.com/sslsx/SubConverter-Extended 5226h 未更新，跳过解析（无需追踪）
[2026-08-05 19:12:57] [W-5] ✅ 完成 [fork1] tylz6688/v2rayNG | 提取 0 | 新增 0 | 耗时 0s | 配额 4170/4800 11:12UTC | 主队列 28/200 发现队列 379/20000 [[fork1]:191 [user1]:188]
[2026-08-05 19:12:57] [W-5] 🔧 开始处理 [fork1] qingyuhongli/SubConverter-Extended
[2026-08-05 19:12:57] [W-5] 📝 已处理缓存: qingyuhongli/SubConverter-Extended
[2026-08-05 19:12:57] [W-5] ⏭️ [fork1] 仓库 https://github.com/qingyuhongli/SubConverter-Extended 5218h 未更新，跳过解析（无需追踪）
[2026-08-05 19:12:57] [W-1] ✅ 完成 [种子仓库] alxprgs/v2rayNG | 提取 0 | 新增 0 | 耗时 80s | 配额 4170/4800 11:12UTC | 主队列 28/200 发现队列 378/20000 [[fork1]:190 [user1]:188]
[2026-08-05 19:12:57] [W-1] 🔧 开始处理 [fork1] aepub/SubConverter-Extended
[2026-08-05 19:12:57] [W-1] 📝 已处理缓存: aepub/SubConverter-Extended
[2026-08-05 19:12:57] [W-1] ⏭️ [fork1] 仓库 https://github.com/aepub/SubConverter-Extended 5115h 未更新，跳过解析（无需追踪）
[2026-08-05 19:12:57] [W-10]   👤 用户仓库: 27 个 → 主队列 28/200 发现队列 404/20000 [[fork1]:189 [user1]:215]
[2026-08-05 19:12:57] [W-10]   用户 maoxikun 共查 27 个仓库
[2026-08-05 19:12:57] [W-15] ✅ 完成 [种子仓库] njuFerret/ACL4SSR | 提取 0 | 新增 0 | 耗时 87s | 配额 4166/4800 11:12UTC | 主队列 28/200 发现队列 404/20000 [[fork1]:189 [user1]:215]
[2026-08-05 19:12:57] [W-15] 🔧 开始处理 [fork1] yks2024/SubConverter-Extended
[2026-08-05 19:12:57] [W-15] 📝 已处理缓存: yks2024/SubConverter-Extended
[2026-08-05 19:12:57] [W-15] ⏭️ [fork1] 仓库 https://github.com/yks2024/SubConverter-Extended 5048h 未更新，跳过解析（无需追踪）
[2026-08-05 19:12:59] [W-21] ✅ 完成 [种子仓库] maoxikun/v2rayNG | 提取 0 | 新增 0 | 耗时 76s | 配额 4166/4800 11:12UTC | 主队列 28/200 发现队列 403/20000 [[fork1]:188 [user1]:215]
[2026-08-05 19:12:59] [W-21] 🔧 开始处理 [fork1] stone6689/SubConverter-Extended
[2026-08-05 19:12:59] [W-21] 📝 已处理缓存: stone6689/SubConverter-Extended
[2026-08-05 19:12:59] [W-21] ⏭️ [fork1] 仓库 https://github.com/stone6689/SubConverter-Extended 100h 未更新，跳过解析（无需追踪）
[2026-08-05 19:13:01] [W-19] ✅ 完成 [fork1] lixiangyang522/v2rayNG | 提取 0 | 新增 0 | 耗时 0s | 配额 4166/4800 11:12UTC | 主队列 28/200 发现队列 402/20000 [[fork1]:187 [user1]:215]
[2026-08-05 19:13:01] [W-19] 🔧 开始处理 [fork1] litedamianlee/SubConverter-Extended
[2026-08-05 19:13:01] [W-19] 📝 已处理缓存: litedamianlee/SubConverter-Extended
[2026-08-05 19:13:01] [W-19] ⏭️ [fork1] 仓库 https://github.com/litedamianlee/SubConverter-Extended 5015h 未更新，跳过解析（无需追踪）
[2026-08-05 19:13:01] [W-16] ✅ 完成 [fork1] wenfangdu/v2rayNG | 提取 0 | 新增 0 | 耗时 0s | 配额 4166/4800 11:12UTC | 主队列 28/200 发现队列 401/20000 [[fork1]:186 [user1]:215]
[2026-08-05 19:13:01] [W-16] 🔧 开始处理 [fork1] IITII/SubConverter-Extended
[2026-08-05 19:13:01] [W-16] 📝 已处理缓存: IITII/SubConverter-Extended
[2026-08-05 19:13:01] [W-16] ⏭️ [fork1] 仓库 https://github.com/IITII/SubConverter-Extended 4895h 未更新，跳过解析（无需追踪）
[2026-08-05 19:13:01] [W-18] ✅ 完成 [fork1] panther110/v2rayNG | 提取 0 | 新增 0 | 耗时 0s | 配额 4166/4800 11:12UTC | 主队列 28/200 发现队列 400/20000 [[fork1]:185 [user1]:215]
[2026-08-05 19:13:01] [W-18] 🔧 开始处理 [fork1] Alex-lsky/SubConverter-Extended
[2026-08-05 19:13:01] [W-18] 📝 已处理缓存: Alex-lsky/SubConverter-Extended
[2026-08-05 19:13:01] [W-18] ⏭️ [fork1] 仓库 https://github.com/Alex-lsky/SubConverter-Extended 4917h 未更新，跳过解析（无需追踪）
[2026-08-05 19:13:01] [W-4] ✅ 完成 [fork1] Q7DF1/v2rayNG | 提取 0 | 新增 0 | 耗时 0s | 配额 4166/4800 11:12UTC | 主队列 28/200 发现队列 399/20000 [[fork1]:184 [user1]:215]
[2026-08-05 19:13:01] [W-4] 🔧 开始处理 [fork1] Njryadmin/SubConverter-Extended
[2026-08-05 19:13:01] [W-4] 📝 已处理缓存: Njryadmin/SubConverter-Extended
[2026-08-05 19:13:01] [W-4] ⏭️ [fork1] 仓库 https://github.com/Njryadmin/SubConverter-Extended 4895h 未更新，跳过解析（无需追踪）
[2026-08-05 19:13:01] [W-20] ✅ 完成 [fork1] xiaoyaosuixin2/v2rayNG | 提取 0 | 新增 0 | 耗时 0s | 配额 4166/4800 11:12UTC | 主队列 28/200 发现队列 398/20000 [[fork1]:183 [user1]:215]
[2026-08-05 19:13:01] [W-20] 🔧 开始处理 [fork1] icemanyu2018/SubConverter-Extended
[2026-08-05 19:13:01] [W-20] 📝 已处理缓存: icemanyu2018/SubConverter-Extended
[2026-08-05 19:13:01] [W-20] ⏭️ [fork1] 仓库 https://github.com/icemanyu2018/SubConverter-Extended 4807h 未更新，跳过解析（无需追踪）
[2026-08-05 19:13:01] [W-3] ✅ 完成 [fork1] ziavai777/v2rayNG | 提取 0 | 新增 0 | 耗时 0s | 配额 4166/4800 11:12UTC | 主队列 28/200 发现队列 397/20000 [[fork1]:182 [user1]:215]
[2026-08-05 19:13:01] [W-3] 🔧 开始处理 [fork1] ironstraight/SubConverter-Extended
[2026-08-05 19:13:01] [W-3] 📝 已处理缓存: ironstraight/SubConverter-Extended
[2026-08-05 19:13:01] [W-3] ⏭️ [fork1] 仓库 https://github.com/ironstraight/SubConverter-Extended 405h 未更新，跳过解析（无需追踪）
[2026-08-05 19:13:01] [W-12] ✅ 完成 [fork1] x-wxy/v2rayNG | 提取 0 | 新增 0 | 耗时 0s | 配额 4166/4800 11:12UTC | 主队列 28/200 发现队列 396/20000 [[fork1]:181 [user1]:215]
[2026-08-05 19:13:01] [W-12] 🔧 开始处理 [fork1] robertlee80/SubConverter-Extended
[2026-08-05 19:13:01] [W-12] 📝 已处理缓存: robertlee80/SubConverter-Extended
[2026-08-05 19:13:01] [W-12] ⏭️ [fork1] 仓库 https://github.com/robertlee80/SubConverter-Extended 4699h 未更新，跳过解析（无需追踪）
[2026-08-05 19:13:01] [W-9] ✅ 完成 [fork1] wcnmb12345-xy/SubConverter-Extended | 提取 0 | 新增 0 | 耗时 0s | 配额 4166/4800 11:12UTC | 主队列 28/200 发现队列 395/20000 [[fork1]:180 [user1]:215]
[2026-08-05 19:13:01] [W-9] 🔧 开始处理 [fork1] johnsyoun/SubConverter-Extended
[2026-08-05 19:13:01] [W-9] 📝 已处理缓存: johnsyoun/SubConverter-Extended
[2026-08-05 19:13:01] [W-9] ⏭️ [fork1] 仓库 https://github.com/johnsyoun/SubConverter-Extended 1589h 未更新，跳过解析（无需追踪）
[2026-08-05 19:13:01] [W-9] ✅ 完成 [fork1] johnsyoun/SubConverter-Extended | 提取 0 | 新增 0 | 耗时 0s | 配额 4166/4800 11:13UTC | 主队列 28/200 发现队列 394/20000 [[fork1]:179 [user1]:215]
[2026-08-05 19:13:01] [W-9] 🔧 开始处理 [fork1] Yuch3nE/SubConverter-Extended
[2026-08-05 19:13:01] [W-9] 📝 已处理缓存: Yuch3nE/SubConverter-Extended
[2026-08-05 19:13:01] [W-9] ⏭️ [fork1] 仓库 https://github.com/Yuch3nE/SubConverter-Extended 4682h 未更新，跳过解析（无需追踪）
[2026-08-05 19:13:01] [W-2] ✅ 完成 [fork1] Linkin110/SubConverter-Extended-Linkin | 提取 0 | 新增 0 | 耗时 0s | 配额 4166/4800 11:12UTC | 主队列 28/200 发现队列 393/20000 [[fork1]:178 [user1]:215]
[2026-08-05 19:13:01] [W-2] 🔧 开始处理 [fork1] addshata/SubConverter-Extended
[2026-08-05 19:13:01] [W-2] 📝 已处理缓存: addshata/SubConverter-Extended
[2026-08-05 19:13:01] [W-2] ⏭️ [fork1] 仓库 https://github.com/addshata/SubConverter-Extended 153h 未更新，跳过解析（无需追踪）
[2026-08-05 19:13:01] [W-13] ✅ 完成 [fork1] CoverUp137/SubConverter-Extended | 提取 0 | 新增 0 | 耗时 0s | 配额 4166/4800 11:12UTC | 主队列 28/200 发现队列 392/20000 [[fork1]:177 [user1]:215]
[2026-08-05 19:13:01] [W-13] 🔧 开始处理 [fork1] Demote1298/SubConverter-Extended
[2026-08-05 19:13:01] [W-13] 📝 已处理缓存: Demote1298/SubConverter-Extended
[2026-08-05 19:13:01] [W-13] ⏭️ [fork1] 仓库 https://github.com/Demote1298/SubConverter-Extended 4600h 未更新，跳过解析（无需追踪）
[2026-08-05 19:13:01] [W-11] ✅ 完成 [fork1] nb3zh/SubConverter-Extended | 提取 0 | 新增 0 | 耗时 0s | 配额 4166/4800 11:12UTC | 主队列 28/200 发现队列 391/20000 [[fork1]:176 [user1]:215]
[2026-08-05 19:13:01] [W-11] 🔧 开始处理 [fork1] GalaxySpace/SubConverter-Extended
[2026-08-05 19:13:01] [W-11] 📝 已处理缓存: GalaxySpace/SubConverter-Extended
[2026-08-05 19:13:01] [W-11] ⏭️ [fork1] 仓库 https://github.com/GalaxySpace/SubConverter-Extended 4558h 未更新，跳过解析（无需追踪）
[2026-08-05 19:13:01] [W-11] ✅ 完成 [fork1] GalaxySpace/SubConverter-Extended | 提取 0 | 新增 0 | 耗时 0s | 配额 4166/4800 11:13UTC | 主队列 28/200 发现队列 390/20000 [[fork1]:175 [user1]:215]
[2026-08-05 19:13:01] [W-11] 🔧 开始处理 [fork1] ccccxp/SubConverter-Extended
[2026-08-05 19:13:01] [W-11] 📝 已处理缓存: ccccxp/SubConverter-Extended
[2026-08-05 19:13:01] [W-11] ⏭️ [fork1] 仓库 https://github.com/ccccxp/SubConverter-Extended 2693h 未更新，跳过解析（无需追踪）
[2026-08-05 19:13:01] [W-5] ✅ 完成 [fork1] qingyuhongli/SubConverter-Extended | 提取 0 | 新增 0 | 耗时 0s | 配额 4166/4800 11:12UTC | 主队列 28/200 发现队列 389/20000 [[fork1]:174 [user1]:215]
[2026-08-05 19:13:01] [W-5] 🔧 开始处理 [fork1] mygogn/SubConverter-Extended
[2026-08-05 19:13:01] [W-5] 📝 已处理缓存: mygogn/SubConverter-Extended
[2026-08-05 19:13:01] [W-5] ⏭️ [fork1] 仓库 https://github.com/mygogn/SubConverter-Extended 430h 未更新，跳过解析（无需追踪）
[2026-08-05 19:13:01] [W-1] ✅ 完成 [fork1] aepub/SubConverter-Extended | 提取 0 | 新增 0 | 耗时 0s | 配额 4166/4800 11:12UTC | 主队列 28/200 发现队列 388/20000 [[fork1]:173 [user1]:215]
[2026-08-05 19:13:01] [W-1] 🔧 开始处理 [fork1] lllzzzsss/SubConverter-Extended
[2026-08-05 19:13:01] [W-1] 📝 已处理缓存: lllzzzsss/SubConverter-Extended
[2026-08-05 19:13:01] [W-1] ⏭️ [fork1] 仓库 https://github.com/lllzzzsss/SubConverter-Extended 3641h 未更新，跳过解析（无需追踪）
[2026-08-05 19:13:01] [W-10] ✅ 完成 [种子仓库] maoxikun/v2rayN | 提取 0 | 新增 0 | 耗时 76s | 配额 4166/4800 11:12UTC | 主队列 28/200 发现队列 387/20000 [[fork1]:172 [user1]:215]
[2026-08-05 19:13:01] [W-10] 🔧 开始处理 [fork1] FrankTiao/SubConverter-Extended
[2026-08-05 19:13:01] [W-10] 📝 已处理缓存: FrankTiao/SubConverter-Extended
[2026-08-05 19:13:01] [W-10] ⏭️ [fork1] 仓库 https://github.com/FrankTiao/SubConverter-Extended 4205h 未更新，跳过解析（无需追踪）
[2026-08-05 19:13:01] [W-15] ✅ 完成 [fork1] yks2024/SubConverter-Extended | 提取 0 | 新增 0 | 耗时 0s | 配额 4166/4800 11:12UTC | 主队列 28/200 发现队列 386/20000 [[fork1]:171 [user1]:215]
[2026-08-05 19:13:01] [W-15] 🔧 开始处理 [fork1] 0xwzluo/SubConverter-Extended
[2026-08-05 19:13:01] [W-15] 📝 已处理缓存: 0xwzluo/SubConverter-Extended
[2026-08-05 19:13:01] [W-15] ⏭️ [fork1] 仓库 https://github.com/0xwzluo/SubConverter-Extended 4220h 未更新，跳过解析（无需追踪）
[2026-08-05 19:13:01] [W-8]   用户 AvetGR8 共查 0 个仓库
[2026-08-05 19:13:01] [W-21] ✅ 完成 [fork1] stone6689/SubConverter-Extended | 提取 0 | 新增 0 | 耗时 0s | 配额 4165/4800 11:12UTC | 主队列 28/200 发现队列 385/20000 [[fork1]:170 [user1]:215]
[2026-08-05 19:13:01] [W-21] 🔧 开始处理 [fork1] parhelia512/SubConverter-Extended
[2026-08-05 19:13:01] [W-21] 📝 已处理缓存: parhelia512/SubConverter-Extended
[2026-08-05 19:13:01] [W-21] ⏭️ [fork1] 仓库 https://github.com/parhelia512/SubConverter-Extended 24h 未更新，跳过解析（无需追踪）
[2026-08-05 19:13:01] [W-19] ✅ 完成 [fork1] litedamianlee/SubConverter-Extended | 提取 0 | 新增 0 | 耗时 0s | 配额 4164/4800 11:13UTC | 主队列 28/200 发现队列 384/20000 [[fork1]:169 [user1]:215]
[2026-08-05 19:13:01] [W-19] 🔧 开始处理 [fork1] Yueby/SubConverter-Extended
[2026-08-05 19:13:01] [W-19] 📝 已处理缓存: Yueby/SubConverter-Extended
[2026-08-05 19:13:01] [W-19] ⏭️ [fork1] 仓库 https://github.com/Yueby/SubConverter-Extended 360h 未更新，跳过解析（无需追踪）
[2026-08-05 19:13:01] [W-14]   🍴 兄弟仓库: 80 个 → 主队列 28/200 发现队列 463/20000 [[fork1]:248 [user1]:215]
[2026-08-05 19:13:01] [W-14] 👤 [种子仓库] 遍历用户仓库: wjs876046992
[2026-08-05 19:13:01] [W-16] ✅ 完成 [fork1] IITII/SubConverter-Extended | 提取 0 | 新增 0 | 耗时 0s | 配额 4164/4800 11:13UTC | 主队列 28/200 发现队列 463/20000 [[fork1]:248 [user1]:215]
[2026-08-05 19:13:01] [W-16] 🔧 开始处理 [fork1] Mr-QTFeng/SubConverter-Extended
[2026-08-05 19:13:01] [W-16] 📝 已处理缓存: Mr-QTFeng/SubConverter-Extended
[2026-08-05 19:13:01] [W-16] ⏭️ [fork1] 仓库 https://github.com/Mr-QTFeng/SubConverter-Extended 4096h 未更新，跳过解析（无需追踪）
[2026-08-05 19:13:01] [W-18] ✅ 完成 [fork1] Alex-lsky/SubConverter-Extended | 提取 0 | 新增 0 | 耗时 0s | 配额 4164/4800 11:13UTC | 主队列 28/200 发现队列 462/20000 [[fork1]:247 [user1]:215]
[2026-08-05 19:13:01] [W-18] 🔧 开始处理 [fork1] aa11255/SubConverter-Extended
[2026-08-05 19:13:01] [W-18] 📝 已处理缓存: aa11255/SubConverter-Extended
[2026-08-05 19:13:01] [W-18] ⏭️ [fork1] 仓库 https://github.com/aa11255/SubConverter-Extended 3928h 未更新，跳过解析（无需追踪）
[2026-08-05 19:13:01] [W-4] ✅ 完成 [fork1] Njryadmin/SubConverter-Extended | 提取 0 | 新增 0 | 耗时 0s | 配额 4164/4800 11:13UTC | 主队列 28/200 发现队列 461/20000 [[fork1]:246 [user1]:215]
[2026-08-05 19:13:01] [W-4] 🔧 开始处理 [fork1] mmd074/SubConverter-Extended
[2026-08-05 19:13:01] [W-4] 📝 已处理缓存: mmd074/SubConverter-Extended
[2026-08-05 19:13:01] [W-4] ⏭️ [fork1] 仓库 https://github.com/mmd074/SubConverter-Extended 3900h 未更新，跳过解析（无需追踪）
[2026-08-05 19:13:01] [W-20] ✅ 完成 [fork1] icemanyu2018/SubConverter-Extended | 提取 0 | 新增 0 | 耗时 0s | 配额 4164/4800 11:13UTC | 主队列 28/200 发现队列 460/20000 [[fork1]:245 [user1]:215]
[2026-08-05 19:13:01] [W-20] 🔧 开始处理 [fork1] 0x1233333/SubConverter-Extended
[2026-08-05 19:13:01] [W-20] 📝 已处理缓存: 0x1233333/SubConverter-Extended
[2026-08-05 19:13:01] [W-20] ⏭️ [fork1] 仓库 https://github.com/0x1233333/SubConverter-Extended 3870h 未更新，跳过解析（无需追踪）
[2026-08-05 19:13:01] [W-3] ✅ 完成 [fork1] ironstraight/SubConverter-Extended | 提取 0 | 新增 0 | 耗时 0s | 配额 4164/4800 11:13UTC | 主队列 28/200 发现队列 459/20000 [[fork1]:244 [user1]:215]
[2026-08-05 19:13:01] [W-3] 🔧 开始处理 [fork1] wglgren/Aethersailor_SubConverter-Extended
[2026-08-05 19:13:01] [W-3] 📝 已处理缓存: wglgren/Aethersailor_SubConverter-Extended
[2026-08-05 19:13:01] [W-3] ⏭️ [fork1] 仓库 https://github.com/wglgren/Aethersailor_SubConverter-Extended 3574h 未更新，跳过解析（无需追踪）
[2026-08-05 19:13:01] [W-12] ✅ 完成 [fork1] robertlee80/SubConverter-Extended | 提取 0 | 新增 0 | 耗时 0s | 配额 4164/4800 11:13UTC | 主队列 28/200 发现队列 458/20000 [[fork1]:243 [user1]:215]
[2026-08-05 19:13:01] [W-12] 🔧 开始处理 [fork1] aladin19820402/SubConverter-Extended
[2026-08-05 19:13:01] [W-12] 📝 已处理缓存: aladin19820402/SubConverter-Extended
[2026-08-05 19:13:01] [W-12] ⏭️ [fork1] 仓库 https://github.com/aladin19820402/SubConverter-Extended 3760h 未更新，跳过解析（无需追踪）
[2026-08-05 19:13:01] [W-17] ✅ 完成 [fork1] scofew/Aethersailor-SubConverter-Extended | 提取 0 | 新增 0 | 耗时 0s | 配额 4164/4800 11:12UTC | 主队列 28/200 发现队列 457/20000 [[fork1]:242 [user1]:215]
[2026-08-05 19:13:01] [W-17] 🔧 开始处理 [fork1] yuki0320/SubConverter-Extended
[2026-08-05 19:13:01] [W-17] 📝 已处理缓存: yuki0320/SubConverter-Extended
[2026-08-05 19:13:01] [W-17] ⏭️ [fork1] 仓库 https://github.com/yuki0320/SubConverter-Extended 3760h 未更新，跳过解析（无需追踪）
[2026-08-05 19:13:01] [W-9] ✅ 完成 [fork1] Yuch3nE/SubConverter-Extended | 提取 0 | 新增 0 | 耗时 0s | 配额 4164/4800 11:13UTC | 主队列 28/200 发现队列 456/20000 [[fork1]:241 [user1]:215]
[2026-08-05 19:13:01] [W-9] 🔧 开始处理 [fork1] aladin1982/SubConverter-Extended
[2026-08-05 19:13:01] [W-9] 📝 已处理缓存: aladin1982/SubConverter-Extended
[2026-08-05 19:13:01] [W-9] ⏭️ [fork1] 仓库 https://github.com/aladin1982/SubConverter-Extended 3760h 未更新，跳过解析（无需追踪）
[2026-08-05 19:13:01] [W-9] ✅ 完成 [fork1] aladin1982/SubConverter-Extended | 提取 0 | 新增 0 | 耗时 0s | 配额 4164/4800 11:13UTC | 主队列 28/200 发现队列 455/20000 [[fork1]:240 [user1]:215]
[2026-08-05 19:13:01] [W-9] 🔧 开始处理 [fork1] baiduissb/SubConverter-Extended
[2026-08-05 19:13:01] [W-9] 📝 已处理缓存: baiduissb/SubConverter-Extended
[2026-08-05 19:13:01] [W-9] ⏭️ [fork1] 仓库 https://github.com/baiduissb/SubConverter-Extended 3651h 未更新，跳过解析（无需追踪）
[2026-08-05 19:13:01] [W-13] ✅ 完成 [fork1] Demote1298/SubConverter-Extended | 提取 0 | 新增 0 | 耗时 0s | 配额 4164/4800 11:13UTC | 主队列 28/200 发现队列 454/20000 [[fork1]:239 [user1]:215]
[2026-08-05 19:13:01] [W-13] 🔧 开始处理 [fork1] lianjiangli/SubConverter-Extended
[2026-08-05 19:13:01] [W-13] 📝 已处理缓存: lianjiangli/SubConverter-Extended
[2026-08-05 19:13:01] [W-13] ⏭️ [fork1] 仓库 https://github.com/lianjiangli/SubConverter-Extended 3555h 未更新，跳过解析（无需追踪）
[2026-08-05 19:13:01] [W-13] ✅ 完成 [fork1] lianjiangli/SubConverter-Extended | 提取 0 | 新增 0 | 耗时 0s | 配额 4164/4800 11:13UTC | 主队列 28/200 发现队列 453/20000 [[fork1]:238 [user1]:215]
[2026-08-05 19:13:01] [W-13] 🔧 开始处理 [fork1] Dawneng/SubConverter-Extended
[2026-08-05 19:13:01] [W-13] 📝 已处理缓存: Dawneng/SubConverter-Extended
[2026-08-05 19:13:01] [W-13] ⏭️ [fork1] 仓库 https://github.com/Dawneng/SubConverter-Extended 75h 未更新，跳过解析（无需追踪）
[2026-08-05 19:13:01] [W-6] ✅ 完成 [fork1] sslsx/SubConverter-Extended | 提取 0 | 新增 0 | 耗时 0s | 配额 4164/4800 11:12UTC | 主队列 28/200 发现队列 452/20000 [[fork1]:237 [user1]:215]
[2026-08-05 19:13:01] [W-6] 🔧 开始处理 [fork1] xiwangly2/SubConverter-Extended
[2026-08-05 19:13:01] [W-6] 📝 已处理缓存: xiwangly2/SubConverter-Extended
[2026-08-05 19:13:01] [W-6] ⏭️ [fork1] 仓库 https://github.com/xiwangly2/SubConverter-Extended 3283h 未更新，跳过解析（无需追踪）
[2026-08-05 19:13:01] [W-5] ✅ 完成 [fork1] mygogn/SubConverter-Extended | 提取 0 | 新增 0 | 耗时 0s | 配额 4164/4800 11:13UTC | 主队列 28/200 发现队列 451/20000 [[fork1]:236 [user1]:215]
[2026-08-05 19:13:01] [W-5] 🔧 开始处理 [fork1] ZhaorongDai/SubConverter-Extended
[2026-08-05 19:13:01] [W-5] 📝 已处理缓存: ZhaorongDai/SubConverter-Extended
[2026-08-05 19:13:01] [W-5] ⏭️ [fork1] 仓库 https://github.com/ZhaorongDai/SubConverter-Extended 3283h 未更新，跳过解析（无需追踪）
[2026-08-05 19:13:01] [W-1] ✅ 完成 [fork1] lllzzzsss/SubConverter-Extended | 提取 0 | 新增 0 | 耗时 0s | 配额 4164/4800 11:13UTC | 主队列 28/200 发现队列 450/20000 [[fork1]:235 [user1]:215]
[2026-08-05 19:13:01] [W-1] 🔧 开始处理 [fork1] deepplayer/SubConverter-Extended
[2026-08-05 19:13:01] [W-1] 📝 已处理缓存: deepplayer/SubConverter-Extended
[2026-08-05 19:13:01] [W-1] ⏭️ [fork1] 仓库 https://github.com/deepplayer/SubConverter-Extended 3256h 未更新，跳过解析（无需追踪）
[2026-08-05 19:13:01] [W-1] ✅ 完成 [fork1] deepplayer/SubConverter-Extended | 提取 0 | 新增 0 | 耗时 0s | 配额 4164/4800 11:13UTC | 主队列 28/200 发现队列 449/20000 [[fork1]:234 [user1]:215]
[2026-08-05 19:13:01] [W-1] 🔧 开始处理 [fork1] killychan/SubConverter-Extended
[2026-08-05 19:13:01] [W-1] 📝 已处理缓存: killychan/SubConverter-Extended
[2026-08-05 19:13:01] [W-1] ⏭️ [fork1] 仓库 https://github.com/killychan/SubConverter-Extended 3088h 未更新，跳过解析（无需追踪）
[2026-08-05 19:13:01] [W-15] ✅ 完成 [fork1] 0xwzluo/SubConverter-Extended | 提取 0 | 新增 0 | 耗时 0s | 配额 4164/4800 11:13UTC | 主队列 28/200 发现队列 448/20000 [[fork1]:233 [user1]:215]
[2026-08-05 19:13:01] [W-15] 🔧 开始处理 [fork1] elichaowang-forks/SubConverter-Extended
[2026-08-05 19:13:01] [W-15] 📝 已处理缓存: elichaowang-forks/SubConverter-Extended
[2026-08-05 19:13:01] [W-15] ⏭️ [fork1] 仓库 https://github.com/elichaowang-forks/SubConverter-Extended 3088h 未更新，跳过解析（无需追踪）
[2026-08-05 19:13:01] [W-8] ✅ 完成 [种子仓库] AvetGR8/EasyV2raySub | 提取 756 | 新增 0 | 耗时 86s | 配额 4164/4800 11:13UTC | 主队列 28/200 发现队列 447/20000 [[fork1]:232 [user1]:215]
[2026-08-05 19:13:01] [W-21] ✅ 完成 [fork1] parhelia512/SubConverter-Extended | 提取 0 | 新增 0 | 耗时 0s | 配额 4164/4800 11:13UTC | 主队列 28/200 发现队列 446/20000 [[fork1]:231 [user1]:215]
[2026-08-05 19:13:01] [W-21] 🔧 开始处理 [fork1] Jerremiz/SubConverter-Extended
[2026-08-05 19:13:01] [W-21] 📝 已处理缓存: Jerremiz/SubConverter-Extended
[2026-08-05 19:13:01] [W-21] ⏭️ [fork1] 仓库 https://github.com/Jerremiz/SubConverter-Extended 2884h 未更新，跳过解析（无需追踪）
[2026-08-05 19:13:01] [W-19] ✅ 完成 [fork1] Yueby/SubConverter-Extended | 提取 0 | 新增 0 | 耗时 0s | 配额 4164/4800 11:13UTC | 主队列 28/200 发现队列 445/20000 [[fork1]:230 [user1]:215]
[2026-08-05 19:13:01] [W-19] 🔧 开始处理 [fork1] wangzheguili007/SubConverter-Extended
[2026-08-05 19:13:01] [W-19] 📝 已处理缓存: wangzheguili007/SubConverter-Extended
[2026-08-05 19:13:01] [W-19] ⏭️ [fork1] 仓库 https://github.com/wangzheguili007/SubConverter-Extended 2840h 未更新，跳过解析（无需追踪）
[2026-08-05 19:13:01] [W-8] 🔧 开始处理 [fork1] huuzd/SubConverter-Extended
[2026-08-05 19:13:01] [W-8] 📝 已处理缓存: huuzd/SubConverter-Extended
[2026-08-05 19:13:01] [W-8] ⏭️ [fork1] 仓库 https://github.com/huuzd/SubConverter-Extended 2002h 未更新，跳过解析（无需追踪）
[2026-08-05 19:13:03] [W-16] ✅ 完成 [fork1] Mr-QTFeng/SubConverter-Extended | 提取 0 | 新增 0 | 耗时 0s | 配额 4164/4800 11:13UTC | 主队列 28/200 发现队列 444/20000 [[fork1]:229 [user1]:215]
[2026-08-05 19:13:03] [W-16] 🔧 开始处理 [fork1] slackworker/SubConverter-Extended
[2026-08-05 19:13:03] [W-16] 📝 已处理缓存: slackworker/SubConverter-Extended
[2026-08-05 19:13:03] [W-16] ⏭️ [fork1] 仓库 https://github.com/slackworker/SubConverter-Extended 2820h 未更新，跳过解析（无需追踪）
[2026-08-05 19:13:03] [W-18] ✅ 完成 [fork1] aa11255/SubConverter-Extended | 提取 0 | 新增 0 | 耗时 0s | 配额 4164/4800 11:13UTC | 主队列 28/200 发现队列 443/20000 [[fork1]:228 [user1]:215]
[2026-08-05 19:13:03] [W-18] 🔧 开始处理 [fork1] philo-veritas/SubConverter-Extended
[2026-08-05 19:13:03] [W-18] 📝 已处理缓存: philo-veritas/SubConverter-Extended
[2026-08-05 19:13:03] [W-18] ⏭️ [fork1] 仓库 https://github.com/philo-veritas/SubConverter-Extended 2739h 未更新，跳过解析（无需追踪）
[2026-08-05 19:13:03] [W-4] ✅ 完成 [fork1] mmd074/SubConverter-Extended | 提取 0 | 新增 0 | 耗时 0s | 配额 4164/4800 11:13UTC | 主队列 28/200 发现队列 442/20000 [[fork1]:227 [user1]:215]
[2026-08-05 19:13:03] [W-4] 🔧 开始处理 [fork1] iovejieba/SubConverter-Extended
[2026-08-05 19:13:03] [W-4] 📝 已处理缓存: iovejieba/SubConverter-Extended
[2026-08-05 19:13:03] [W-4] ⏭️ [fork1] 仓库 https://github.com/iovejieba/SubConverter-Extended 672h 未更新，跳过解析（无需追踪）
[2026-08-05 19:13:03] [W-20] ✅ 完成 [fork1] 0x1233333/SubConverter-Extended | 提取 0 | 新增 0 | 耗时 0s | 配额 4164/4800 11:13UTC | 主队列 28/200 发现队列 441/20000 [[fork1]:226 [user1]:215]
[2026-08-05 19:13:03] [W-20] 🔧 开始处理 [fork1] parkle-suen/SubConverter-Extended
[2026-08-05 19:13:03] [W-20] 📝 已处理缓存: parkle-suen/SubConverter-Extended
[2026-08-05 19:13:03] [W-20] ⏭️ [fork1] 仓库 https://github.com/parkle-suen/SubConverter-Extended 2691h 未更新，跳过解析（无需追踪）
[2026-08-05 19:13:03] [W-3] ✅ 完成 [fork1] wglgren/Aethersailor_SubConverter-Extended | 提取 0 | 新增 0 | 耗时 0s | 配额 4164/4800 11:13UTC | 主队列 28/200 发现队列 440/20000 [[fork1]:225 [user1]:215]
[2026-08-05 19:13:03] [W-3] 🔧 开始处理 [fork1] jimoying/SubConverter-Extended
[2026-08-05 19:13:03] [W-3] 📝 已处理缓存: jimoying/SubConverter-Extended
[2026-08-05 19:13:03] [W-3] ⏭️ [fork1] 仓库 https://github.com/jimoying/SubConverter-Extended 2547h 未更新，跳过解析（无需追踪）
[2026-08-05 19:13:03] [W-12] ✅ 完成 [fork1] aladin19820402/SubConverter-Extended | 提取 0 | 新增 0 | 耗时 0s | 配额 4164/4800 11:13UTC | 主队列 28/200 发现队列 439/20000 [[fork1]:224 [user1]:215]
[2026-08-05 19:13:03] [W-12] 🔧 开始处理 [fork1] zcluo/SubConverter-Extended
[2026-08-05 19:13:03] [W-12] 📝 已处理缓存: zcluo/SubConverter-Extended
[2026-08-05 19:13:03] [W-12] ⏭️ [fork1] 仓库 https://github.com/zcluo/SubConverter-Extended 2047h 未更新，跳过解析（无需追踪）
[2026-08-05 19:13:03] [W-17] ✅ 完成 [fork1] yuki0320/SubConverter-Extended | 提取 0 | 新增 0 | 耗时 0s | 配额 4164/4800 11:13UTC | 主队列 28/200 发现队列 438/20000 [[fork1]:223 [user1]:215]
[2026-08-05 19:13:03] [W-17] 🔧 开始处理 [fork1] wait9yan/SubConverter-Extended
[2026-08-05 19:13:03] [W-17] 📝 已处理缓存: wait9yan/SubConverter-Extended
[2026-08-05 19:13:03] [W-17] ⏭️ [fork1] 仓库 https://github.com/wait9yan/SubConverter-Extended 2373h 未更新，跳过解析（无需追踪）
[2026-08-05 19:13:03] [W-9] ✅ 完成 [fork1] baiduissb/SubConverter-Extended | 提取 0 | 新增 0 | 耗时 0s | 配额 4164/4800 11:13UTC | 主队列 28/200 发现队列 437/20000 [[fork1]:222 [user1]:215]
[2026-08-05 19:13:03] [W-9] 🔧 开始处理 [fork1] mankindGeorge/SubConverter-Extended
[2026-08-05 19:13:03] [W-9] 📝 已处理缓存: mankindGeorge/SubConverter-Extended
[2026-08-05 19:13:03] [W-9] ⏭️ [fork1] 仓库 https://github.com/mankindGeorge/SubConverter-Extended 2247h 未更新，跳过解析（无需追踪）
[2026-08-05 19:13:03] [W-2] ✅ 完成 [fork1] addshata/SubConverter-Extended | 提取 0 | 新增 0 | 耗时 0s | 配额 4164/4800 11:13UTC | 主队列 28/200 发现队列 436/20000 [[fork1]:221 [user1]:215]
[2026-08-05 19:13:03] [W-2] 🔧 开始处理 [fork1] liningepdc/SubConverter-Extended
[2026-08-05 19:13:03] [W-2] 📝 已处理缓存: liningepdc/SubConverter-Extended
[2026-08-05 19:13:03] [W-2] ⏭️ [fork1] 仓库 https://github.com/liningepdc/SubConverter-Extended 2206h 未更新，跳过解析（无需追踪）
[2026-08-05 19:13:03] [W-13] ✅ 完成 [fork1] Dawneng/SubConverter-Extended | 提取 0 | 新增 0 | 耗时 0s | 配额 4164/4800 11:13UTC | 主队列 28/200 发现队列 435/20000 [[fork1]:220 [user1]:215]
[2026-08-05 19:13:03] [W-13] 🔧 开始处理 [fork1] cccdh1109/SubConverter-Extended
[2026-08-05 19:13:03] [W-13] 📝 已处理缓存: cccdh1109/SubConverter-Extended
[2026-08-05 19:13:03] [W-13] ⏭️ [fork1] 仓库 https://github.com/cccdh1109/SubConverter-Extended 1328h 未更新，跳过解析（无需追踪）
[2026-08-05 19:13:03] [W-11] ✅ 完成 [fork1] ccccxp/SubConverter-Extended | 提取 0 | 新增 0 | 耗时 0s | 配额 4164/4800 11:13UTC | 主队列 28/200 发现队列 434/20000 [[fork1]:219 [user1]:215]
[2026-08-05 19:13:03] [W-11] 🔧 开始处理 [fork1] jshir700/SubConverter-Extended
[2026-08-05 19:13:03] [W-11] 📝 已处理缓存: jshir700/SubConverter-Extended
[2026-08-05 19:13:03] [W-11] ⏭️ [fork1] 仓库 https://github.com/jshir700/SubConverter-Extended 431h 未更新，跳过解析（无需追踪）
[2026-08-05 19:13:03] [W-6] ✅ 完成 [fork1] xiwangly2/SubConverter-Extended | 提取 0 | 新增 0 | 耗时 0s | 配额 4164/4800 11:13UTC | 主队列 28/200 发现队列 433/20000 [[fork1]:218 [user1]:215]
[2026-08-05 19:13:03] [W-6] 🔧 开始处理 [fork1] akensir/SubConverter-Extended
[2026-08-05 19:13:03] [W-6] 📝 已处理缓存: akensir/SubConverter-Extended
[2026-08-05 19:13:03] [W-6] ⏭️ [fork1] 仓库 https://github.com/akensir/SubConverter-Extended 2133h 未更新，跳过解析（无需追踪）
[2026-08-05 19:13:03] [W-5] ✅ 完成 [fork1] ZhaorongDai/SubConverter-Extended | 提取 0 | 新增 0 | 耗时 0s | 配额 4164/4800 11:13UTC | 主队列 28/200 发现队列 432/20000 [[fork1]:217 [user1]:215]
[2026-08-05 19:13:03] [W-5] 🔧 开始处理 [fork1] hongjingeng/SubConverter-Extended
[2026-08-05 19:13:03] [W-5] 📝 已处理缓存: hongjingeng/SubConverter-Extended
[2026-08-05 19:13:03] [W-5] ⏭️ [fork1] 仓库 https://github.com/hongjingeng/SubConverter-Extended 2079h 未更新，跳过解析（无需追踪）
[2026-08-05 19:13:03] [W-1] ✅ 完成 [fork1] killychan/SubConverter-Extended | 提取 0 | 新增 0 | 耗时 0s | 配额 4164/4800 11:13UTC | 主队列 28/200 发现队列 431/20000 [[fork1]:216 [user1]:215]
[2026-08-05 19:13:03] [W-1] 🔧 开始处理 [fork1] wontdoanything/SubConverter-Extended
[2026-08-05 19:13:03] [W-1] 📝 已处理缓存: wontdoanything/SubConverter-Extended
[2026-08-05 19:13:03] [W-1] ⏭️ [fork1] 仓库 https://github.com/wontdoanything/SubConverter-Extended 2019h 未更新，跳过解析（无需追踪）
[2026-08-05 19:13:03] [W-10] ✅ 完成 [fork1] FrankTiao/SubConverter-Extended | 提取 0 | 新增 0 | 耗时 0s | 配额 4164/4800 11:13UTC | 主队列 28/200 发现队列 430/20000 [[fork1]:215 [user1]:215]
[2026-08-05 19:13:03] [W-10] 🔧 开始处理 [fork1] i-ccs/SubConverter-Extended
[2026-08-05 19:13:03] [W-10] 📝 已处理缓存: i-ccs/SubConverter-Extended
[2026-08-05 19:13:03] [W-10] ⏭️ [fork1] 仓库 https://github.com/i-ccs/SubConverter-Extended 430h 未更新，跳过解析（无需追踪）
[2026-08-05 19:13:03] [W-10] ✅ 完成 [fork1] i-ccs/SubConverter-Extended | 提取 0 | 新增 0 | 耗时 0s | 配额 4164/4800 11:13UTC | 主队列 28/200 发现队列 429/20000 [[fork1]:214 [user1]:215]
[2026-08-05 19:13:03] [W-10] 🔧 开始处理 [fork1] Link-HXX/SubConverter-Extended
[2026-08-05 19:13:03] [W-10] 📝 已处理缓存: Link-HXX/SubConverter-Extended
[2026-08-05 19:13:03] [W-10] ⏭️ [fork1] 仓库 https://github.com/Link-HXX/SubConverter-Extended 1177h 未更新，跳过解析（无需追踪）
[2026-08-05 19:13:03] [W-21] ✅ 完成 [fork1] Jerremiz/SubConverter-Extended | 提取 0 | 新增 0 | 耗时 0s | 配额 4164/4800 11:13UTC | 主队列 28/200 发现队列 428/20000 [[fork1]:213 [user1]:215]
[2026-08-05 19:13:03] [W-21] 🔧 开始处理 [fork1] zhanglinyou/SubConverter-Extended
[2026-08-05 19:13:03] [W-21] 📝 已处理缓存: zhanglinyou/SubConverter-Extended
[2026-08-05 19:13:03] [W-21] ⏭️ [fork1] 仓库 https://github.com/zhanglinyou/SubConverter-Extended 1965h 未更新，跳过解析（无需追踪）
[2026-08-05 19:13:03] [W-19] ✅ 完成 [fork1] wangzheguili007/SubConverter-Extended | 提取 0 | 新增 0 | 耗时 0s | 配额 4164/4800 11:13UTC | 主队列 28/200 发现队列 427/20000 [[fork1]:212 [user1]:215]
[2026-08-05 19:13:03] [W-19] 🔧 开始处理 [fork1] xiaoxutem/SubConverter-Extended
[2026-08-05 19:13:03] [W-19] 📝 已处理缓存: xiaoxutem/SubConverter-Extended
[2026-08-05 19:13:03] [W-19] ⏭️ [fork1] 仓库 https://github.com/xiaoxutem/SubConverter-Extended 1936h 未更新，跳过解析（无需追踪）
[2026-08-05 19:13:03] [W-8] ✅ 完成 [fork1] huuzd/SubConverter-Extended | 提取 0 | 新增 0 | 耗时 0s | 配额 4164/4800 11:13UTC | 主队列 28/200 发现队列 426/20000 [[fork1]:211 [user1]:215]
[2026-08-05 19:13:03] [W-8] 🔧 开始处理 [fork1] vincentlin7/SubConverter-Extended
[2026-08-05 19:13:03] [W-8] 📝 已处理缓存: vincentlin7/SubConverter-Extended
[2026-08-05 19:13:03] [W-8] ⏭️ [fork1] 仓库 https://github.com/vincentlin7/SubConverter-Extended 237h 未更新，跳过解析（无需追踪）
[2026-08-05 19:13:03] [W-7]   👤 用户仓库: 30 个 → 主队列 28/200 发现队列 455/20000 [[fork1]:210 [user1]:245]
[2026-08-05 19:13:03] [W-7]   用户 hncsjmj 共查 30 个仓库
[2026-08-05 19:13:03] [W-22]   👤 用户仓库: 30 个 → 主队列 28/200 发现队列 485/20000 [[fork1]:210 [user1]:275]
[2026-08-05 19:13:03] [W-22]   用户 flyhong666 共查 30 个仓库
[2026-08-05 19:13:03] [W-0]   👤 用户仓库: 9 个 → 主队列 28/200 发现队列 494/20000 [[fork1]:210 [user1]:284]
[2026-08-05 19:13:03] [W-0]   用户 symantes 共查 9 个仓库
[2026-08-05 19:13:03] [W-16] ✅ 完成 [fork1] slackworker/SubConverter-Extended | 提取 0 | 新增 0 | 耗时 0s | 配额 4160/4800 11:13UTC | 主队列 28/200 发现队列 494/20000 [[fork1]:210 [user1]:284]
[2026-08-05 19:13:03] [W-16] 🔧 开始处理 [fork1] x-zod/SubConverter-Extended
[2026-08-05 19:13:03] [W-16] 📝 已处理缓存: x-zod/SubConverter-Extended
[2026-08-05 19:13:03] [W-16] ⏭️ [fork1] 仓库 https://github.com/x-zod/SubConverter-Extended 1867h 未更新，跳过解析（无需追踪）
[2026-08-05 19:13:03] [W-18] ✅ 完成 [fork1] philo-veritas/SubConverter-Extended | 提取 0 | 新增 0 | 耗时 0s | 配额 4160/4800 11:13UTC | 主队列 28/200 发现队列 493/20000 [[fork1]:209 [user1]:284]
[2026-08-05 19:13:03] [W-18] 🔧 开始处理 [fork1] saillill/SubConverter-Extended
[2026-08-05 19:13:03] [W-18] 📝 已处理缓存: saillill/SubConverter-Extended
[2026-08-05 19:13:03] [W-18] ⏭️ [fork1] 仓库 https://github.com/saillill/SubConverter-Extended 573h 未更新，跳过解析（无需追踪）
[2026-08-05 19:13:03] [W-4] ✅ 完成 [fork1] iovejieba/SubConverter-Extended | 提取 0 | 新增 0 | 耗时 0s | 配额 4160/4800 11:13UTC | 主队列 28/200 发现队列 492/20000 [[fork1]:208 [user1]:284]
[2026-08-05 19:13:03] [W-4] 🔧 开始处理 [fork1] momotgid/subconverter-extended
[2026-08-05 19:13:03] [W-4] 📝 已处理缓存: momotgid/subconverter-extended
[2026-08-05 19:13:03] [W-4] ⏭️ [fork1] 仓库 https://github.com/momotgid/subconverter-extended 1812h 未更新，跳过解析（无需追踪）
[2026-08-05 19:13:03] [W-20] ✅ 完成 [fork1] parkle-suen/SubConverter-Extended | 提取 0 | 新增 0 | 耗时 0s | 配额 4160/4800 11:13UTC | 主队列 28/200 发现队列 491/20000 [[fork1]:207 [user1]:284]
[2026-08-05 19:13:03] [W-20] 🔧 开始处理 [fork1] like1024/SubConverter-Extended
[2026-08-05 19:13:03] [W-20] 📝 已处理缓存: like1024/SubConverter-Extended
[2026-08-05 19:13:03] [W-20] ⏭️ [fork1] 仓库 https://github.com/like1024/SubConverter-Extended 1788h 未更新，跳过解析（无需追踪）
[2026-08-05 19:13:03] [W-20] ✅ 完成 [fork1] like1024/SubConverter-Extended | 提取 0 | 新增 0 | 耗时 0s | 配额 4160/4800 11:13UTC | 主队列 28/200 发现队列 490/20000 [[fork1]:206 [user1]:284]
[2026-08-05 19:13:03] [W-20] 🔧 开始处理 [fork1] Melody-Young/SubConverter-Extended
[2026-08-05 19:13:03] [W-20] 📝 已处理缓存: Melody-Young/SubConverter-Extended
[2026-08-05 19:13:03] [W-20] ⏭️ [fork1] 仓库 https://github.com/Melody-Young/SubConverter-Extended 1569h 未更新，跳过解析（无需追踪）
[2026-08-05 19:13:03] [W-12] ✅ 完成 [fork1] zcluo/SubConverter-Extended | 提取 0 | 新增 0 | 耗时 0s | 配额 4160/4800 11:13UTC | 主队列 28/200 发现队列 489/20000 [[fork1]:205 [user1]:284]
[2026-08-05 19:13:03] [W-12] 🔧 开始处理 [fork1] colloq168/SubConverter-Extended
[2026-08-05 19:13:03] [W-12] 📝 已处理缓存: colloq168/SubConverter-Extended
[2026-08-05 19:13:03] [W-12] ⏭️ [fork1] 仓库 https://github.com/colloq168/SubConverter-Extended 1678h 未更新，跳过解析（无需追踪）
[2026-08-05 19:13:03] [W-17] ✅ 完成 [fork1] wait9yan/SubConverter-Extended | 提取 0 | 新增 0 | 耗时 0s | 配额 4160/4800 11:13UTC | 主队列 28/200 发现队列 488/20000 [[fork1]:204 [user1]:284]
[2026-08-05 19:13:03] [W-17] 🔧 开始处理 [fork1] HouJia/SubConverter-Extended
[2026-08-05 19:13:03] [W-17] 📝 已处理缓存: HouJia/SubConverter-Extended
[2026-08-05 19:13:03] [W-17] ⏭️ [fork1] 仓库 https://github.com/HouJia/SubConverter-Extended 1482h 未更新，跳过解析（无需追踪）
[2026-08-05 19:13:03] [W-9] ✅ 完成 [fork1] mankindGeorge/SubConverter-Extended | 提取 0 | 新增 0 | 耗时 0s | 配额 4160/4800 11:13UTC | 主队列 28/200 发现队列 487/20000 [[fork1]:203 [user1]:284]
[2026-08-05 19:13:03] [W-9] 🔧 开始处理 [fork1] djkyc/SubConverter-Extended
[2026-08-05 19:13:03] [W-9] 📝 已处理缓存: djkyc/SubConverter-Extended
[2026-08-05 19:13:03] [W-9] ⏭️ [fork1] 仓库 https://github.com/djkyc/SubConverter-Extended 1612h 未更新，跳过解析（无需追踪）
[2026-08-05 19:13:03] [W-2] ✅ 完成 [fork1] liningepdc/SubConverter-Extended | 提取 0 | 新增 0 | 耗时 0s | 配额 4160/4800 11:13UTC | 主队列 28/200 发现队列 486/20000 [[fork1]:202 [user1]:284]
[2026-08-05 19:13:03] [W-2] 🔧 开始处理 [fork1] zhangyijieakg/SubConverter-Extended
[2026-08-05 19:13:03] [W-2] 📝 已处理缓存: zhangyijieakg/SubConverter-Extended
[2026-08-05 19:13:03] [W-2] ⏭️ [fork1] 仓库 https://github.com/zhangyijieakg/SubConverter-Extended 1678h 未更新，跳过解析（无需追踪）
[2026-08-05 19:13:03] [W-13] ✅ 完成 [fork1] cccdh1109/SubConverter-Extended | 提取 0 | 新增 0 | 耗时 0s | 配额 4160/4800 11:13UTC | 主队列 28/200 发现队列 485/20000 [[fork1]:201 [user1]:284]
[2026-08-05 19:13:03] [W-13] 🔧 开始处理 [fork1] ksksbaicai/SubConverter-Extended
[2026-08-05 19:13:03] [W-13] 📝 已处理缓存: ksksbaicai/SubConverter-Extended
[2026-08-05 19:13:03] [W-13] ⏭️ [fork1] 仓库 https://github.com/ksksbaicai/SubConverter-Extended 1546h 未更新，跳过解析（无需追踪）
[2026-08-05 19:13:03] [W-11] ✅ 完成 [fork1] jshir700/SubConverter-Extended | 提取 0 | 新增 0 | 耗时 0s | 配额 4160/4800 11:13UTC | 主队列 28/200 发现队列 484/20000 [[fork1]:200 [user1]:284]
[2026-08-05 19:13:03] [W-11] 🔧 开始处理 [fork1] omt-dm/SubConverter-Extended
[2026-08-05 19:13:03] [W-11] 📝 已处理缓存: omt-dm/SubConverter-Extended
[2026-08-05 19:13:03] [W-11] ⏭️ [fork1] 仓库 https://github.com/omt-dm/SubConverter-Extended 1506h 未更新，跳过解析（无需追踪）
[2026-08-05 19:13:03] [W-6] ✅ 完成 [fork1] akensir/SubConverter-Extended | 提取 0 | 新增 0 | 耗时 0s | 配额 4160/4800 11:13UTC | 主队列 28/200 发现队列 483/20000 [[fork1]:199 [user1]:284]
[2026-08-05 19:13:03] [W-6] 🔧 开始处理 [fork1] GeekXtop/SubConverter-Extended
[2026-08-05 19:13:03] [W-6] 📝 已处理缓存: GeekXtop/SubConverter-Extended
[2026-08-05 19:13:03] [W-6] ⏭️ [fork1] 仓库 https://github.com/GeekXtop/SubConverter-Extended 1506h 未更新，跳过解析（无需追踪）
[2026-08-05 19:13:03] [W-5] ✅ 完成 [fork1] hongjingeng/SubConverter-Extended | 提取 0 | 新增 0 | 耗时 0s | 配额 4160/4800 11:13UTC | 主队列 28/200 发现队列 482/20000 [[fork1]:198 [user1]:284]
[2026-08-05 19:13:03] [W-5] 🔧 开始处理 [fork1] allex/SubConverter-Extended
[2026-08-05 19:13:03] [W-5] 📝 已处理缓存: allex/SubConverter-Extended
[2026-08-05 19:13:03] [W-5] ⏭️ [fork1] 仓库 https://github.com/allex/SubConverter-Extended 1506h 未更新，跳过解析（无需追踪）
[2026-08-05 19:13:03] [W-1] ✅ 完成 [fork1] wontdoanything/SubConverter-Extended | 提取 0 | 新增 0 | 耗时 0s | 配额 4160/4800 11:13UTC | 主队列 28/200 发现队列 481/20000 [[fork1]:197 [user1]:284]
[2026-08-05 19:13:03] [W-1] 🔧 开始处理 [fork1] PoGo317/v2rayNG
[2026-08-05 19:13:03] [W-1] ⏭️ [fork1] 仓库 https://github.com/PoGo317/v2rayNG 9770h 未更新，跳过解析（无需追踪）
[2026-08-05 19:13:03] [W-10] ✅ 完成 [fork1] Link-HXX/SubConverter-Extended | 提取 0 | 新增 0 | 耗时 0s | 配额 4160/4800 11:13UTC | 主队列 28/200 发现队列 480/20000 [[fork1]:196 [user1]:284]
[2026-08-05 19:13:03] [W-10] 🔧 开始处理 [fork1] ww55git/fork-2dust-v2rayNG
[2026-08-05 19:13:03] [W-10] ⏭️ [fork1] 仓库 https://github.com/ww55git/fork-2dust-v2rayNG 10640h 未更新，跳过解析（无需追踪）
[2026-08-05 19:13:03] [W-15] ✅ 完成 [fork1] elichaowang-forks/SubConverter-Extended | 提取 0 | 新增 0 | 耗时 0s | 配额 4160/4800 11:13UTC | 主队列 28/200 发现队列 479/20000 [[fork1]:195 [user1]:284]
[2026-08-05 19:13:03] [W-15] 🔧 开始处理 [fork1] moeinkey/v2rayNG
[2026-08-05 19:13:03] [W-15] ⏭️ [fork1] 仓库 https://github.com/moeinkey/v2rayNG 23082h 未更新，跳过解析（无需追踪）
[2026-08-05 19:13:03] [W-21] ✅ 完成 [fork1] zhanglinyou/SubConverter-Extended | 提取 0 | 新增 0 | 耗时 0s | 配额 4160/4800 11:13UTC | 主队列 28/200 发现队列 478/20000 [[fork1]:194 [user1]:284]
[2026-08-05 19:13:03] [W-21] 🔧 开始处理 [fork1] UltraSina/v2rayNG
[2026-08-05 19:13:03] [W-21] ⏭️ [fork1] 仓库 https://github.com/UltraSina/v2rayNG 9725h 未更新，跳过解析（无需追踪）
[2026-08-05 19:13:03] [W-19] ✅ 完成 [fork1] xiaoxutem/SubConverter-Extended | 提取 0 | 新增 0 | 耗时 0s | 配额 4160/4800 11:13UTC | 主队列 28/200 发现队列 477/20000 [[fork1]:193 [user1]:284]
[2026-08-05 19:13:03] [W-19] 🔧 开始处理 [fork1] popiano123/v2rayNG
[2026-08-05 19:13:03] [W-19] ⏭️ [fork1] 仓库 https://github.com/popiano123/v2rayNG 40057h 未更新，跳过解析（无需追踪）
[2026-08-05 19:13:03] [W-8] ✅ 完成 [fork1] vincentlin7/SubConverter-Extended | 提取 0 | 新增 0 | 耗时 0s | 配额 4160/4800 11:13UTC | 主队列 28/200 发现队列 476/20000 [[fork1]:192 [user1]:284]
[2026-08-05 19:13:03] [W-8] 🔧 开始处理 [fork1] shahnoosh/v2rayNG
[2026-08-05 19:13:03] [W-8] ⏭️ [fork1] 仓库 https://github.com/shahnoosh/v2rayNG 6793h 未更新，跳过解析（无需追踪）
[2026-08-05 19:13:03] [W-7] ✅ 完成 [种子仓库] hncsjmj/v2rayN | 提取 0 | 新增 0 | 耗时 88s | 配额 4160/4800 11:13UTC | 主队列 28/200 发现队列 475/20000 [[fork1]:191 [user1]:284]
[2026-08-05 19:13:03] [W-22] ✅ 完成 [种子仓库] flyhong666/v2rayN | 提取 0 | 新增 0 | 耗时 88s | 配额 4160/4800 11:13UTC | 主队列 28/200 发现队列 474/20000 [[fork1]:190 [user1]:284]
[2026-08-05 19:13:03] [W-22] 🔧 开始处理 [fork1] DONGYE8023/v2rayNG
[2026-08-05 19:13:03] [W-22] ⏭️ [fork1] 仓库 https://github.com/DONGYE8023/v2rayNG 51988h 未更新，跳过解析（无需追踪）
[2026-08-05 19:13:03] [W-7] 🔧 开始处理 [fork1] Lenafamily/v2rayNG
[2026-08-05 19:13:03] [W-7] ⏭️ [fork1] 仓库 https://github.com/Lenafamily/v2rayNG 25565h 未更新，跳过解析（无需追踪）
[2026-08-05 19:13:03] [W-0] ✅ 完成 [种子仓库] symantes/v2rayN | 提取 0 | 新增 0 | 耗时 84s | 配额 4160/4800 11:13UTC | 主队列 28/200 发现队列 473/20000 [[fork1]:189 [user1]:284]
[2026-08-05 19:13:03] [W-0] 🔧 开始处理 [fork1] mohamad47geek/v2rayNG
[2026-08-05 19:13:03] [W-0] ⏭️ [fork1] 仓库 https://github.com/mohamad47geek/v2rayNG 20092h 未更新，跳过解析（无需追踪）
[2026-08-05 19:13:05] [W-16] ✅ 完成 [fork1] x-zod/SubConverter-Extended | 提取 0 | 新增 0 | 耗时 0s | 配额 4160/4800 11:13UTC | 主队列 28/200 发现队列 472/20000 [[fork1]:188 [user1]:284]
[2026-08-05 19:13:05] [W-16] 🔧 开始处理 [fork1] ryyson168/v2rayNG
[2026-08-05 19:13:05] [W-16] ⏭️ [fork1] 仓库 https://github.com/ryyson168/v2rayNG 18990h 未更新，跳过解析（无需追踪）
[2026-08-05 19:13:05] [W-18] ✅ 完成 [fork1] saillill/SubConverter-Extended | 提取 0 | 新增 0 | 耗时 0s | 配额 4160/4800 11:13UTC | 主队列 28/200 发现队列 471/20000 [[fork1]:187 [user1]:284]
[2026-08-05 19:13:05] [W-18] 🔧 开始处理 [fork1] kaixin4891/v2rayNG
[2026-08-05 19:13:05] [W-18] ⏭️ [fork1] 仓库 https://github.com/kaixin4891/v2rayNG 41350h 未更新，跳过解析（无需追踪）
[2026-08-05 19:13:05] [W-4] ✅ 完成 [fork1] momotgid/subconverter-extended | 提取 0 | 新增 0 | 耗时 0s | 配额 4160/4800 11:13UTC | 主队列 28/200 发现队列 470/20000 [[fork1]:186 [user1]:284]
[2026-08-05 19:13:05] [W-4] 🔧 开始处理 [fork1] andrewyang86/v2rayNG
[2026-08-05 19:13:05] [W-4] ⏭️ [fork1] 仓库 https://github.com/andrewyang86/v2rayNG 34468h 未更新，跳过解析（无需追踪）
[2026-08-05 19:13:05] [W-20] ✅ 完成 [fork1] Melody-Young/SubConverter-Extended | 提取 0 | 新增 0 | 耗时 0s | 配额 4160/4800 11:13UTC | 主队列 28/200 发现队列 469/20000 [[fork1]:185 [user1]:284]
[2026-08-05 19:13:05] [W-20] 🔧 开始处理 [fork1] jasonli1999/v2rayNG
[2026-08-05 19:13:05] [W-20] ⏭️ [fork1] 仓库 https://github.com/jasonli1999/v2rayNG 17038h 未更新，跳过解析（无需追踪）
[2026-08-05 19:13:05] [W-3] ✅ 完成 [fork1] jimoying/SubConverter-Extended | 提取 0 | 新增 0 | 耗时 0s | 配额 4160/4800 11:13UTC | 主队列 28/200 发现队列 468/20000 [[fork1]:184 [user1]:284]
[2026-08-05 19:13:05] [W-3] 🔧 开始处理 [fork1] ritch2023/v2rayNG
[2026-08-05 19:13:05] [W-3] ⏭️ [fork1] 仓库 https://github.com/ritch2023/v2rayNG 16454h 未更新，跳过解析（无需追踪）
[2026-08-05 19:13:05] [W-3] ✅ 完成 [fork1] ritch2023/v2rayNG | 提取 0 | 新增 0 | 耗时 0s | 配额 4160/4800 11:13UTC | 主队列 28/200 发现队列 467/20000 [[fork1]:183 [user1]:284]
[2026-08-05 19:13:05] [W-3] 🔧 开始处理 [fork1] cfmcmj/v2rayNG
[2026-08-05 19:13:05] [W-3] ⏭️ [fork1] 仓库 https://github.com/cfmcmj/v2rayNG 6307h 未更新，跳过解析（无需追踪）
[2026-08-05 19:13:05] [W-17] ✅ 完成 [fork1] HouJia/SubConverter-Extended | 提取 0 | 新增 0 | 耗时 0s | 配额 4160/4800 11:13UTC | 主队列 28/200 发现队列 466/20000 [[fork1]:182 [user1]:284]
[2026-08-05 19:13:05] [W-17] 🔧 开始处理 [fork1] NaranSapkota/v2rayNG
[2026-08-05 19:13:05] [W-17] ⏭️ [fork1] 仓库 https://github.com/NaranSapkota/v2rayNG 15335h 未更新，跳过解析（无需追踪）
[2026-08-05 19:13:05] [W-17] ✅ 完成 [fork1] NaranSapkota/v2rayNG | 提取 0 | 新增 0 | 耗时 0s | 配额 4160/4800 11:13UTC | 主队列 28/200 发现队列 465/20000 [[fork1]:181 [user1]:284]
[2026-08-05 19:13:05] [W-17] 🔧 开始处理 [fork1] DragonPang14/v2rayNG
[2026-08-05 19:13:05] [W-17] ⏭️ [fork1] 仓库 https://github.com/DragonPang14/v2rayNG 63345h 未更新，跳过解析（无需追踪）
[2026-08-05 19:13:05] [W-2] ✅ 完成 [fork1] zhangyijieakg/SubConverter-Extended | 提取 0 | 新增 0 | 耗时 0s | 配额 4160/4800 11:13UTC | 主队列 28/200 发现队列 464/20000 [[fork1]:180 [user1]:284]
[2026-08-05 19:13:05] [W-2] 🔧 开始处理 [fork1] WBXBC/v2rayNG
[2026-08-05 19:13:05] [W-2] ⏭️ [fork1] 仓库 https://github.com/WBXBC/v2rayNG 41350h 未更新，跳过解析（无需追踪）
[2026-08-05 19:13:05] [W-13] ✅ 完成 [fork1] ksksbaicai/SubConverter-Extended | 提取 0 | 新增 0 | 耗时 0s | 配额 4160/4800 11:13UTC | 主队列 28/200 发现队列 463/20000 [[fork1]:179 [user1]:284]
[2026-08-05 19:13:05] [W-13] 🔧 开始处理 [fork1] xflqw/v2rayNG
[2026-08-05 19:13:05] [W-13] ⏭️ [fork1] 仓库 https://github.com/xflqw/v2rayNG 552h 未更新，跳过解析（无需追踪）
[2026-08-05 19:13:05] [W-11] ✅ 完成 [fork1] omt-dm/SubConverter-Extended | 提取 0 | 新增 0 | 耗时 0s | 配额 4160/4800 11:13UTC | 主队列 28/200 发现队列 462/20000 [[fork1]:178 [user1]:284]
[2026-08-05 19:13:05] [W-11] 🔧 开始处理 [fork1] hiddify/HiddifyN
[2026-08-05 19:13:05] [W-11] ⏭️ [fork1] 仓库 https://github.com/hiddify/HiddifyN 28107h 未更新，跳过解析（无需追踪）
[2026-08-05 19:13:05] [W-6] ✅ 完成 [fork1] GeekXtop/SubConverter-Extended | 提取 0 | 新增 0 | 耗时 0s | 配额 4160/4800 11:13UTC | 主队列 28/200 发现队列 461/20000 [[fork1]:177 [user1]:284]
[2026-08-05 19:13:05] [W-6] 🔧 开始处理 [fork1] amazted/v2rayN
[2026-08-05 19:13:05] [W-6] ⏭️ [fork1] 仓库 https://github.com/amazted/v2rayN 50385h 未更新，跳过解析（无需追踪）
[2026-08-05 19:13:05] [W-5] ✅ 完成 [fork1] allex/SubConverter-Extended | 提取 0 | 新增 0 | 耗时 0s | 配额 4160/4800 11:13UTC | 主队列 28/200 发现队列 460/20000 [[fork1]:176 [user1]:284]
[2026-08-05 19:13:05] [W-5] 🔧 开始处理 [fork1] frankfoxy/v2rayN-trojan
[2026-08-05 19:13:05] [W-5] ⏭️ [fork1] 仓库 https://github.com/frankfoxy/v2rayN-trojan 52662h 未更新，跳过解析（无需追踪）
[2026-08-05 19:13:05] [W-1] ✅ 完成 [fork1] PoGo317/v2rayNG | 提取 0 | 新增 0 | 耗时 0s | 配额 4160/4800 11:13UTC | 主队列 28/200 发现队列 459/20000 [[fork1]:175 [user1]:284]
[2026-08-05 19:13:05] [W-1] 🔧 开始处理 [fork1] crazypeace/v2rayN
[2026-08-05 19:13:05] [W-1] ⏭️ [fork1] 仓库 https://github.com/crazypeace/v2rayN 1420h 未更新，跳过解析（无需追踪）
[2026-08-05 19:13:05] [W-10] ✅ 完成 [fork1] ww55git/fork-2dust-v2rayNG | 提取 0 | 新增 0 | 耗时 0s | 配额 4160/4800 11:13UTC | 主队列 28/200 发现队列 458/20000 [[fork1]:174 [user1]:284]
[2026-08-05 19:13:05] [W-10] 🔧 开始处理 [fork1] LOVECHEN/v2rayN-mod
[2026-08-05 19:13:05] [W-10] ⏭️ [fork1] 仓库 https://github.com/LOVECHEN/v2rayN-mod 36h 未更新，跳过解析（无需追踪）
[2026-08-05 19:13:05] [W-10] ✅ 完成 [fork1] LOVECHEN/v2rayN-mod | 提取 0 | 新增 0 | 耗时 0s | 配额 4160/4800 11:13UTC | 主队列 28/200 发现队列 457/20000 [[fork1]:173 [user1]:284]
[2026-08-05 19:13:05] [W-10] 🔧 开始处理 [fork1] patterniha/v2rayN
[2026-08-05 19:13:05] [W-10] ⏭️ [fork1] 仓库 https://github.com/patterniha/v2rayN 100h 未更新，跳过解析（无需追踪）
[2026-08-05 19:13:05] [W-21] ✅ 完成 [fork1] UltraSina/v2rayNG | 提取 0 | 新增 0 | 耗时 0s | 配额 4160/4800 11:13UTC | 主队列 28/200 发现队列 456/20000 [[fork1]:172 [user1]:284]
[2026-08-05 19:13:05] [W-21] 🔧 开始处理 [fork1] unixzii/v2rayN
[2026-08-05 19:13:05] [W-21] ⏭️ [fork1] 仓库 https://github.com/unixzii/v2rayN 24686h 未更新，跳过解析（无需追踪）
[2026-08-05 19:13:05] [W-19] ✅ 完成 [fork1] popiano123/v2rayNG | 提取 0 | 新增 0 | 耗时 0s | 配额 4160/4800 11:13UTC | 主队列 28/200 发现队列 455/20000 [[fork1]:171 [user1]:284]
[2026-08-05 19:13:05] [W-19] 🔧 开始处理 [fork1] alireza0/v2rayN
[2026-08-05 19:13:05] [W-19] ⏭️ [fork1] 仓库 https://github.com/alireza0/v2rayN 20771h 未更新，跳过解析（无需追踪）
[2026-08-05 19:13:05] [W-8] ✅ 完成 [fork1] shahnoosh/v2rayNG | 提取 0 | 新增 0 | 耗时 0s | 配额 4160/4800 11:13UTC | 主队列 28/200 发现队列 454/20000 [[fork1]:170 [user1]:284]
[2026-08-05 19:13:05] [W-8] 🔧 开始处理 [fork1] DHR60/v2rayN
[2026-08-05 19:13:05] [W-8] ⏭️ [fork1] 仓库 https://github.com/DHR60/v2rayN 已解析，跳过解析（无需追踪）
[2026-08-05 19:13:05] [W-22] ✅ 完成 [fork1] DONGYE8023/v2rayNG | 提取 0 | 新增 0 | 耗时 0s | 配额 4160/4800 11:13UTC | 主队列 28/200 发现队列 453/20000 [[fork1]:169 [user1]:284]
[2026-08-05 19:13:05] [W-22] 🔧 开始处理 [fork1] mariag0203/v2rayN
[2026-08-05 19:13:05] [W-22] ⏭️ [fork1] 仓库 https://github.com/mariag0203/v2rayN 18047h 未更新，跳过解析（无需追踪）
[2026-08-05 19:13:05] [W-7] ✅ 完成 [fork1] Lenafamily/v2rayNG | 提取 0 | 新增 0 | 耗时 0s | 配额 4160/4800 11:13UTC | 主队列 28/200 发现队列 452/20000 [[fork1]:168 [user1]:284]
[2026-08-05 19:13:05] [W-7] 🔧 开始处理 [fork1] RPRX/v2rayN
[2026-08-05 19:13:05] [W-7] ⏭️ [fork1] 仓库 https://github.com/RPRX/v2rayN 49167h 未更新，跳过解析（无需追踪）
[2026-08-05 19:13:05] [W-0] ✅ 完成 [fork1] mohamad47geek/v2rayNG | 提取 0 | 新增 0 | 耗时 0s | 配额 4160/4800 11:13UTC | 主队列 28/200 发现队列 451/20000 [[fork1]:167 [user1]:284]
[2026-08-05 19:13:05] [W-0] 🔧 开始处理 [fork1] answa-bosskies/v2rayN
[2026-08-05 19:13:05] [W-0] ⏭️ [fork1] 仓库 https://github.com/answa-bosskies/v2rayN 3722h 未更新，跳过解析（无需追踪）
[2026-08-05 19:13:05] [W-16] ✅ 完成 [fork1] ryyson168/v2rayNG | 提取 0 | 新增 0 | 耗时 0s | 配额 4159/4800 11:13UTC | 主队列 28/200 发现队列 450/20000 [[fork1]:166 [user1]:284]
[2026-08-05 19:13:05] [W-16] 🔧 开始处理 [fork1] 029danio/v2rayN
[2026-08-05 19:13:05] [W-16] ⏭️ [fork1] 仓库 https://github.com/029danio/v2rayN 5186h 未更新，跳过解析（无需追踪）
[2026-08-05 19:13:05] [W-16] ✅ 完成 [fork1] 029danio/v2rayN | 提取 0 | 新增 0 | 耗时 0s | 配额 4159/4800 11:13UTC | 主队列 28/200 发现队列 449/20000 [[fork1]:165 [user1]:284]
[2026-08-05 19:13:05] [W-16] 🔧 开始处理 [fork1] cg3s/v2rayN
[2026-08-05 19:13:05] [W-16] ⏭️ [fork1] 仓库 https://github.com/cg3s/v2rayN 1773h 未更新，跳过解析（无需追踪）
[2026-08-05 19:13:05] [W-4] ✅ 完成 [fork1] andrewyang86/v2rayNG | 提取 0 | 新增 0 | 耗时 0s | 配额 4159/4800 11:13UTC | 主队列 28/200 发现队列 448/20000 [[fork1]:164 [user1]:284]
[2026-08-05 19:13:05] [W-4] 🔧 开始处理 [fork1] Jackhangood/v2rayN
[2026-08-05 19:13:05] [W-4] ⏭️ [fork1] 仓库 https://github.com/Jackhangood/v2rayN 22022h 未更新，跳过解析（无需追踪）
[2026-08-05 19:13:05] [W-20] ✅ 完成 [fork1] jasonli1999/v2rayNG | 提取 0 | 新增 0 | 耗时 0s | 配额 4159/4800 11:13UTC | 主队列 28/200 发现队列 447/20000 [[fork1]:163 [user1]:284]
[2026-08-05 19:13:05] [W-20] 🔧 开始处理 [fork1] h1w/v2rayN-RU
[2026-08-05 19:13:05] [W-20] ⏭️ [fork1] 仓库 https://github.com/h1w/v2rayN-RU 412h 未更新，跳过解析（无需追踪）
[2026-08-05 19:13:05] [W-3] ✅ 完成 [fork1] cfmcmj/v2rayNG | 提取 0 | 新增 0 | 耗时 0s | 配额 4159/4800 11:13UTC | 主队列 28/200 发现队列 446/20000 [[fork1]:162 [user1]:284]
[2026-08-05 19:13:05] [W-3] 🔧 开始处理 [fork1] bolabola/v2rayN-RobotDAO
[2026-08-05 19:13:05] [W-3] ⏭️ [fork1] 仓库 https://github.com/bolabola/v2rayN-RobotDAO 29620h 未更新，跳过解析（无需追踪）
[2026-08-05 19:13:05] [W-12] ✅ 完成 [fork1] colloq168/SubConverter-Extended | 提取 0 | 新增 0 | 耗时 0s | 配额 4159/4800 11:13UTC | 主队列 28/200 发现队列 445/20000 [[fork1]:161 [user1]:284]
[2026-08-05 19:13:05] [W-12] 🔧 开始处理 [fork1] ludifeixiang/v2rayN
[2026-08-05 19:13:05] [W-12] ⏭️ [fork1] 仓库 https://github.com/ludifeixiang/v2rayN 10973h 未更新，跳过解析（无需追踪）
[2026-08-05 19:13:05] [W-17] ✅ 完成 [fork1] DragonPang14/v2rayNG | 提取 0 | 新增 0 | 耗时 0s | 配额 4159/4800 11:13UTC | 主队列 28/200 发现队列 444/20000 [[fork1]:160 [user1]:284]
[2026-08-05 19:13:05] [W-17] 🔧 开始处理 [fork1] lowercase78/v2rayN
[2026-08-05 19:13:05] [W-17] ⏭️ [fork1] 仓库 https://github.com/lowercase78/v2rayN 7372h 未更新，跳过解析（无需追踪）
[2026-08-05 19:13:05] [W-17] ✅ 完成 [fork1] lowercase78/v2rayN | 提取 0 | 新增 0 | 耗时 0s | 配额 4159/4800 11:13UTC | 主队列 28/200 发现队列 443/20000 [[fork1]:159 [user1]:284]
[2026-08-05 19:13:05] [W-17] 🔧 开始处理 [fork1] dihaobobao/v2rayN
[2026-08-05 19:13:05] [W-17] ⏭️ [fork1] 仓库 https://github.com/dihaobobao/v2rayN 10973h 未更新，跳过解析（无需追踪）
[2026-08-05 19:13:05] [W-2] ✅ 完成 [fork1] WBXBC/v2rayNG | 提取 0 | 新增 0 | 耗时 0s | 配额 4159/4800 11:13UTC | 主队列 28/200 发现队列 442/20000 [[fork1]:158 [user1]:284]
[2026-08-05 19:13:05] [W-2] 🔧 开始处理 [fork1] dihaotianyoude/v2rayN
[2026-08-05 19:13:05] [W-2] ⏭️ [fork1] 仓库 https://github.com/dihaotianyoude/v2rayN 10973h 未更新，跳过解析（无需追踪）
[2026-08-05 19:13:05] [W-2] ✅ 完成 [fork1] dihaotianyoude/v2rayN | 提取 0 | 新增 0 | 耗时 0s | 配额 4159/4800 11:13UTC | 主队列 28/200 发现队列 441/20000 [[fork1]:157 [user1]:284]
[2026-08-05 19:13:05] [W-2] 🔧 开始处理 [fork1] josbu/v2rayNG
[2026-08-05 19:13:05] [W-2] ⏭️ [fork1] 仓库 https://github.com/josbu/v2rayNG 100h 未更新，跳过解析（无需追踪）
[2026-08-05 19:13:05] [W-11] ✅ 完成 [fork1] hiddify/HiddifyN | 提取 0 | 新增 0 | 耗时 0s | 配额 4159/4800 11:13UTC | 主队列 28/200 发现队列 440/20000 [[fork1]:156 [user1]:284]
[2026-08-05 19:13:05] [W-11] 🔧 开始处理 [fork1] Qianyinyuan/v2rayN
[2026-08-05 19:13:05] [W-11] ⏭️ [fork1] 仓库 https://github.com/Qianyinyuan/v2rayN 10968h 未更新，跳过解析（无需追踪）
[2026-08-05 19:13:05] [W-6] ✅ 完成 [fork1] amazted/v2rayN | 提取 0 | 新增 0 | 耗时 0s | 配额 4159/4800 11:13UTC | 主队列 28/200 发现队列 439/20000 [[fork1]:155 [user1]:284]
[2026-08-05 19:13:05] [W-6] 🔧 开始处理 [fork1] LakiPurpur/v2rayN
[2026-08-05 19:13:05] [W-6] ⏭️ [fork1] 仓库 https://github.com/LakiPurpur/v2rayN 7464h 未更新，跳过解析（无需追踪）
[2026-08-05 19:13:05] [W-5] ✅ 完成 [fork1] frankfoxy/v2rayN-trojan | 提取 0 | 新增 0 | 耗时 0s | 配额 4159/4800 11:13UTC | 主队列 28/200 发现队列 438/20000 [[fork1]:154 [user1]:284]
[2026-08-05 19:13:05] [W-5] 🔧 开始处理 [fork1] lukuichina/v2rayN
[2026-08-05 19:13:05] [W-5] ⏭️ [fork1] 仓库 https://github.com/lukuichina/v2rayN 2459h 未更新，跳过解析（无需追踪）
[2026-08-05 19:13:05] [W-1] ✅ 完成 [fork1] crazypeace/v2rayN | 提取 0 | 新增 0 | 耗时 0s | 配额 4159/4800 11:13UTC | 主队列 28/200 发现队列 437/20000 [[fork1]:153 [user1]:284]
[2026-08-05 19:13:05] [W-1] 🔧 开始处理 [fork1] SlyVPN/V2RayN
[2026-08-05 19:13:05] [W-1] ⏭️ [fork1] 仓库 https://github.com/SlyVPN/V2RayN 29128h 未更新，跳过解析（无需追踪）
[2026-08-05 19:13:05] [W-1] ✅ 完成 [fork1] SlyVPN/V2RayN | 提取 0 | 新增 0 | 耗时 0s | 配额 4159/4800 11:13UTC | 主队列 28/200 发现队列 436/20000 [[fork1]:152 [user1]:284]
[2026-08-05 19:13:05] [W-1] 🔧 开始处理 [fork1] V2RAY-VPN/v2rayN-1
[2026-08-05 19:13:05] [W-1] ⏭️ [fork1] 仓库 https://github.com/V2RAY-VPN/v2rayN-1 9197h 未更新，跳过解析（无需追踪）
[2026-08-05 19:13:05] [W-15] ✅ 完成 [fork1] moeinkey/v2rayNG | 提取 0 | 新增 0 | 耗时 0s | 配额 4159/4800 11:13UTC | 主队列 28/200 发现队列 435/20000 [[fork1]:151 [user1]:284]
[2026-08-05 19:13:05] [W-15] 🔧 开始处理 [fork1] messi06/v2rayN
[2026-08-05 19:13:05] [W-15] ⏭️ [fork1] 仓库 https://github.com/messi06/v2rayN 56284h 未更新，跳过解析（无需追踪）
[2026-08-05 19:13:05] [W-21] ✅ 完成 [fork1] unixzii/v2rayN | 提取 0 | 新增 0 | 耗时 0s | 配额 4159/4800 11:13UTC | 主队列 28/200 发现队列 434/20000 [[fork1]:150 [user1]:284]
[2026-08-05 19:13:05] [W-21] 🔧 开始处理 [fork1] juyongjiang/v2rayN
[2026-08-05 19:13:05] [W-21] ⏭️ [fork1] 仓库 https://github.com/juyongjiang/v2rayN 48887h 未更新，跳过解析（无需追踪）
[2026-08-05 19:13:05] [W-19] ✅ 完成 [fork1] alireza0/v2rayN | 提取 0 | 新增 0 | 耗时 0s | 配额 4159/4800 11:13UTC | 主队列 28/200 发现队列 433/20000 [[fork1]:149 [user1]:284]
[2026-08-05 19:13:05] [W-19] 🔧 开始处理 [fork1] runetfreedom/v2rayN
[2026-08-05 19:13:05] [W-19] ⏭️ [fork1] 仓库 https://github.com/runetfreedom/v2rayN 15452h 未更新，跳过解析（无需追踪）
[2026-08-05 19:13:05] [W-8] ✅ 完成 [fork1] DHR60/v2rayN | 提取 0 | 新增 0 | 耗时 0s | 配额 4159/4800 11:13UTC | 主队列 28/200 发现队列 432/20000 [[fork1]:148 [user1]:284]
[2026-08-05 19:13:05] [W-8] 🔧 开始处理 [fork1] tuxsiuh/v2rayN
[2026-08-05 19:13:05] [W-8] ⏭️ [fork1] 仓库 https://github.com/tuxsiuh/v2rayN 41301h 未更新，跳过解析（无需追踪）
[2026-08-05 19:13:05] [W-22] ✅ 完成 [fork1] mariag0203/v2rayN | 提取 0 | 新增 0 | 耗时 0s | 配额 4159/4800 11:13UTC | 主队列 28/200 发现队列 431/20000 [[fork1]:147 [user1]:284]
[2026-08-05 19:13:05] [W-22] 🔧 开始处理 [fork1] mamadwinx/v2rayN
[2026-08-05 19:13:05] [W-22] ⏭️ [fork1] 仓库 https://github.com/mamadwinx/v2rayN 28085h 未更新，跳过解析（无需追踪）
[2026-08-05 19:13:05] [W-22] ✅ 完成 [fork1] mamadwinx/v2rayN | 提取 0 | 新增 0 | 耗时 0s | 配额 4159/4800 11:13UTC | 主队列 28/200 发现队列 430/20000 [[fork1]:146 [user1]:284]
[2026-08-05 19:13:05] [W-22] 🔧 开始处理 [fork1] aminkaktos2020/v2rayN
[2026-08-05 19:13:05] [W-22] ⏭️ [fork1] 仓库 https://github.com/aminkaktos2020/v2rayN 20435h 未更新，跳过解析（无需追踪）
[2026-08-05 19:13:05] [W-0] ✅ 完成 [fork1] answa-bosskies/v2rayN | 提取 0 | 新增 0 | 耗时 0s | 配额 4159/4800 11:13UTC | 主队列 28/200 发现队列 429/20000 [[fork1]:145 [user1]:284]
[2026-08-05 19:13:05] [W-0] 🔧 开始处理 [fork1] Misaka-blog/v2rayN
[2026-08-05 19:13:05] [W-0] ⏭️ [fork1] 仓库 https://github.com/Misaka-blog/v2rayN 20378h 未更新，跳过解析（无需追踪）
[2026-08-05 19:13:05] [W-0] ✅ 完成 [fork1] Misaka-blog/v2rayN | 提取 0 | 新增 0 | 耗时 0s | 配额 4159/4800 11:13UTC | 主队列 28/200 发现队列 428/20000 [[fork1]:144 [user1]:284]
[2026-08-05 19:13:05] [W-0] 🔧 开始处理 [fork1] yfdyh000/v2rayN
[2026-08-05 19:13:05] [W-0] ⏭️ [fork1] 仓库 https://github.com/yfdyh000/v2rayN 1787h 未更新，跳过解析（无需追踪）
[2026-08-05 19:13:05] [W-16] ✅ 完成 [fork1] cg3s/v2rayN | 提取 0 | 新增 0 | 耗时 0s | 配额 4159/4800 11:13UTC | 主队列 28/200 发现队列 427/20000 [[fork1]:143 [user1]:284]
[2026-08-05 19:13:05] [W-16] 🔧 开始处理 [fork1] qnscholar/v2rayN
[2026-08-05 19:13:05] [W-16] ⏭️ [fork1] 仓库 https://github.com/qnscholar/v2rayN 57946h 未更新，跳过解析（无需追踪）
[2026-08-05 19:13:05] [W-18] ✅ 完成 [fork1] kaixin4891/v2rayNG | 提取 0 | 新增 0 | 耗时 0s | 配额 4159/4800 11:13UTC | 主队列 28/200 发现队列 426/20000 [[fork1]:142 [user1]:284]
[2026-08-05 19:13:05] [W-18] 🔧 开始处理 [fork1] maximilianuos/v2rayNmaximilian
[2026-08-05 19:13:05] [W-18] ⏭️ [fork1] 仓库 https://github.com/maximilianuos/v2rayNmaximilian 30092h 未更新，跳过解析（无需追踪）
[2026-08-05 19:13:05] [W-18] ✅ 完成 [fork1] maximilianuos/v2rayNmaximilian | 提取 0 | 新增 0 | 耗时 0s | 配额 4159/4800 11:13UTC | 主队列 28/200 发现队列 425/20000 [[fork1]:141 [user1]:284]
[2026-08-05 19:13:05] [W-18] 🔧 开始处理 [fork1] King-sj/v2rayN
[2026-08-05 19:13:05] [W-18] ⏭️ [fork1] 仓库 https://github.com/King-sj/v2rayN 23426h 未更新，跳过解析（无需追踪）
[2026-08-05 19:13:05] [W-20] ✅ 完成 [fork1] h1w/v2rayN-RU | 提取 0 | 新增 0 | 耗时 0s | 配额 4159/4800 11:13UTC | 主队列 28/200 发现队列 424/20000 [[fork1]:140 [user1]:284]
[2026-08-05 19:13:05] [W-20] 🔧 开始处理 [fork1] fazilmmmdzad/v2rayN
[2026-08-05 19:13:05] [W-20] ⏭️ [fork1] 仓库 https://github.com/fazilmmmdzad/v2rayN 1113h 未更新，跳过解析（无需追踪）
[2026-08-05 19:13:05] [W-3] ✅ 完成 [fork1] bolabola/v2rayN-RobotDAO | 提取 0 | 新增 0 | 耗时 0s | 配额 4159/4800 11:13UTC | 主队列 28/200 发现队列 423/20000 [[fork1]:139 [user1]:284]
[2026-08-05 19:13:05] [W-3] 🔧 开始处理 [fork1] gesneriana/v2rayN
[2026-08-05 19:13:05] [W-3] ⏭️ [fork1] 仓库 https://github.com/gesneriana/v2rayN 35160h 未更新，跳过解析（无需追踪）
[2026-08-05 19:13:05] [W-3] ✅ 完成 [fork1] gesneriana/v2rayN | 提取 0 | 新增 0 | 耗时 0s | 配额 4159/4800 11:13UTC | 主队列 28/200 发现队列 422/20000 [[fork1]:138 [user1]:284]
[2026-08-05 19:13:05] [W-3] 🔧 开始处理 [fork1] Gravifer/v2rayN
[2026-08-05 19:13:05] [W-3] ⏭️ [fork1] 仓库 https://github.com/Gravifer/v2rayN 47819h 未更新，跳过解析（无需追踪）
[2026-08-05 19:13:05] [W-17] ✅ 完成 [fork1] dihaobobao/v2rayN | 提取 0 | 新增 0 | 耗时 0s | 配额 4159/4800 11:13UTC | 主队列 28/200 发现队列 421/20000 [[fork1]:137 [user1]:284]
[2026-08-05 19:13:05] [W-17] 🔧 开始处理 [fork1] SciOwl/v2rayN-1
[2026-08-05 19:13:05] [W-17] ⏭️ [fork1] 仓库 https://github.com/SciOwl/v2rayN-1 61519h 未更新，跳过解析（无需追踪）
[2026-08-05 19:13:05] [W-9] ✅ 完成 [fork1] djkyc/SubConverter-Extended | 提取 0 | 新增 0 | 耗时 0s | 配额 4159/4800 11:13UTC | 主队列 28/200 发现队列 420/20000 [[fork1]:136 [user1]:284]
[2026-08-05 19:13:05] [W-9] 🔧 开始处理 [fork1] dearsn/v2rayN
[2026-08-05 19:13:05] [W-9] ⏭️ [fork1] 仓库 https://github.com/dearsn/v2rayN 56545h 未更新，跳过解析（无需追踪）
[2026-08-05 19:13:05] [W-2] ✅ 完成 [fork1] josbu/v2rayNG | 提取 0 | 新增 0 | 耗时 0s | 配额 4159/4800 11:13UTC | 主队列 28/200 发现队列 419/20000 [[fork1]:135 [user1]:284]
[2026-08-05 19:13:05] [W-2] 🔧 开始处理 [fork1] md412997984/v2rayN
[2026-08-05 19:13:05] [W-2] ⏭️ [fork1] 仓库 https://github.com/md412997984/v2rayN 29854h 未更新，跳过解析（无需追踪）
[2026-08-05 19:13:05] [W-13] ✅ 完成 [fork1] xflqw/v2rayNG | 提取 0 | 新增 0 | 耗时 0s | 配额 4159/4800 11:13UTC | 主队列 28/200 发现队列 418/20000 [[fork1]:134 [user1]:284]
[2026-08-05 19:13:05] [W-13] 🔧 开始处理 [fork1] Fzw0229/v2rayN
[2026-08-05 19:13:05] [W-13] ⏭️ [fork1] 仓库 https://github.com/Fzw0229/v2rayN 38786h 未更新，跳过解析（无需追踪）
[2026-08-05 19:13:05] [W-11] ✅ 完成 [fork1] Qianyinyuan/v2rayN | 提取 0 | 新增 0 | 耗时 0s | 配额 4159/4800 11:13UTC | 主队列 28/200 发现队列 417/20000 [[fork1]:133 [user1]:284]
[2026-08-05 19:13:05] [W-11] 🔧 开始处理 [fork1] bin456789/v2rayN
[2026-08-05 19:13:05] [W-11] ⏭️ [fork1] 仓库 https://github.com/bin456789/v2rayN 38502h 未更新，跳过解析（无需追踪）
[2026-08-05 19:13:05] [W-6] ✅ 完成 [fork1] LakiPurpur/v2rayN | 提取 0 | 新增 0 | 耗时 0s | 配额 4159/4800 11:13UTC | 主队列 28/200 发现队列 416/20000 [[fork1]:132 [user1]:284]
[2026-08-05 19:13:05] [W-6] 🔧 开始处理 [fork1] BamdadTabari/v2rayN
[2026-08-05 19:13:05] [W-6] ⏭️ [fork1] 仓库 https://github.com/BamdadTabari/v2rayN 22293h 未更新，跳过解析（无需追踪）
[2026-08-05 19:13:05] [W-5] ✅ 完成 [fork1] lukuichina/v2rayN | 提取 0 | 新增 0 | 耗时 0s | 配额 4159/4800 11:13UTC | 主队列 28/200 发现队列 415/20000 [[fork1]:131 [user1]:284]
[2026-08-05 19:13:05] [W-5] 🔧 开始处理 [fork1] 1harios/v2rayN
[2026-08-05 19:13:05] [W-5] ⏭️ [fork1] 仓库 https://github.com/1harios/v2rayN 19418h 未更新，跳过解析（无需追踪）
[2026-08-05 19:13:05] [W-1] ✅ 完成 [fork1] V2RAY-VPN/v2rayN-1 | 提取 0 | 新增 0 | 耗时 0s | 配额 4159/4800 11:13UTC | 主队列 28/200 发现队列 414/20000 [[fork1]:130 [user1]:284]
[2026-08-05 19:13:05] [W-1] 🔧 开始处理 [fork1] LuoPoJunZi/v2rayN
[2026-08-05 19:13:05] [W-1] ⏭️ [fork1] 仓库 https://github.com/LuoPoJunZi/v2rayN 55h 未更新，跳过解析（无需追踪）
[2026-08-05 19:13:05] [W-10] ✅ 完成 [fork1] patterniha/v2rayN | 提取 0 | 新增 0 | 耗时 0s | 配额 4159/4800 11:13UTC | 主队列 28/200 发现队列 413/20000 [[fork1]:129 [user1]:284]
[2026-08-05 19:13:05] [W-10] 🔧 开始处理 [fork1] ybinson/v2rayN
[2026-08-05 19:13:05] [W-10] ⏭️ [fork1] 仓库 https://github.com/ybinson/v2rayN 43402h 未更新，跳过解析（无需追踪）
[2026-08-05 19:13:05] [W-15] ✅ 完成 [fork1] messi06/v2rayN | 提取 0 | 新增 0 | 耗时 0s | 配额 4159/4800 11:13UTC | 主队列 28/200 发现队列 412/20000 [[fork1]:128 [user1]:284]
[2026-08-05 19:13:05] [W-15] 🔧 开始处理 [fork1] Naruse-developer/Core-Win7
[2026-08-05 19:13:05] [W-15] ⏭️ [fork1] 仓库 https://github.com/Naruse-developer/Core-Win7 20448h 未更新，跳过解析（无需追踪）
[2026-08-05 19:13:05] [W-15] ✅ 完成 [fork1] Naruse-developer/Core-Win7 | 提取 0 | 新增 0 | 耗时 0s | 配额 4159/4800 11:13UTC | 主队列 28/200 发现队列 411/20000 [[fork1]:127 [user1]:284]
[2026-08-05 19:13:05] [W-15] 🔧 开始处理 [fork1] luobikang1/v2rayN
[2026-08-05 19:13:05] [W-15] ⏭️ [fork1] 仓库 https://github.com/luobikang1/v2rayN 3508h 未更新，跳过解析（无需追踪）
[2026-08-05 19:13:05] [W-19] ✅ 完成 [fork1] runetfreedom/v2rayN | 提取 0 | 新增 0 | 耗时 0s | 配额 4159/4800 11:13UTC | 主队列 28/200 发现队列 410/20000 [[fork1]:126 [user1]:284]
[2026-08-05 19:13:05] [W-19] 🔧 开始处理 [fork1] yuudaiape/v2rayN
[2026-08-05 19:13:05] [W-19] ⏭️ [fork1] 仓库 https://github.com/yuudaiape/v2rayN 27458h 未更新，跳过解析（无需追踪）
[2026-08-05 19:13:05] [W-8] ✅ 完成 [fork1] tuxsiuh/v2rayN | 提取 0 | 新增 0 | 耗时 0s | 配额 4159/4800 11:13UTC | 主队列 28/200 发现队列 409/20000 [[fork1]:125 [user1]:284]
[2026-08-05 19:13:05] [W-8] 🔧 开始处理 [fork1] 79944388/v2rayN
[2026-08-05 19:13:05] [W-8] ⏭️ [fork1] 仓库 https://github.com/79944388/v2rayN 14784h 未更新，跳过解析（无需追踪）
[2026-08-05 19:13:05] [W-22] ✅ 完成 [fork1] aminkaktos2020/v2rayN | 提取 0 | 新增 0 | 耗时 0s | 配额 4159/4800 11:13UTC | 主队列 28/200 发现队列 408/20000 [[fork1]:124 [user1]:284]
[2026-08-05 19:13:05] [W-22] 🔧 开始处理 [fork1] chancodea07/v2rayN
[2026-08-05 19:13:05] [W-22] ⏭️ [fork1] 仓库 https://github.com/chancodea07/v2rayN 55613h 未更新，跳过解析（无需追踪）
[2026-08-05 19:13:05] [W-7] ✅ 完成 [fork1] RPRX/v2rayN | 提取 0 | 新增 0 | 耗时 0s | 配额 4159/4800 11:13UTC | 主队列 28/200 发现队列 407/20000 [[fork1]:123 [user1]:284]
[2026-08-05 19:13:05] [W-7] 🔧 开始处理 [fork1] Aileonzlc/v2rayN
[2026-08-05 19:13:05] [W-7] ⏭️ [fork1] 仓库 https://github.com/Aileonzlc/v2rayN 52251h 未更新，跳过解析（无需追踪）
[2026-08-05 19:13:05] [W-7] ✅ 完成 [fork1] Aileonzlc/v2rayN | 提取 0 | 新增 0 | 耗时 0s | 配额 4159/4800 11:13UTC | 主队列 28/200 发现队列 406/20000 [[fork1]:122 [user1]:284]
[2026-08-05 19:13:05] [W-7] 🔧 开始处理 [fork1] adelalizadeh13/v2rayN
[2026-08-05 19:13:05] [W-7] ⏭️ [fork1] 仓库 https://github.com/adelalizadeh13/v2rayN 22017h 未更新，跳过解析（无需追踪）
[2026-08-05 19:13:05] [W-16] ✅ 完成 [fork1] qnscholar/v2rayN | 提取 0 | 新增 0 | 耗时 0s | 配额 4159/4800 11:13UTC | 主队列 28/200 发现队列 405/20000 [[fork1]:121 [user1]:284]
[2026-08-05 19:13:05] [W-16] 🔧 开始处理 [fork1] Ifuk1203/v2rayN
[2026-08-05 19:13:05] [W-16] ⏭️ [fork1] 仓库 https://github.com/Ifuk1203/v2rayN 14693h 未更新，跳过解析（无需追踪）
[2026-08-05 19:13:05] [W-18] ✅ 完成 [fork1] King-sj/v2rayN | 提取 0 | 新增 0 | 耗时 0s | 配额 4159/4800 11:13UTC | 主队列 28/200 发现队列 404/20000 [[fork1]:120 [user1]:284]
[2026-08-05 19:13:05] [W-18] 🔧 开始处理 [fork1] bylickilabs/v2rayN
[2026-08-05 19:13:05] [W-18] ⏭️ [fork1] 仓库 https://github.com/bylickilabs/v2rayN 31817h 未更新，跳过解析（无需追踪）
[2026-08-05 19:13:05] [W-4] ✅ 完成 [fork1] Jackhangood/v2rayN | 提取 0 | 新增 0 | 耗时 0s | 配额 4159/4800 11:13UTC | 主队列 28/200 发现队列 403/20000 [[fork1]:119 [user1]:284]
[2026-08-05 19:13:05] [W-4] 🔧 开始处理 [fork1] flywhc/v2rayN
[2026-08-05 19:13:05] [W-4] ⏭️ [fork1] 仓库 https://github.com/flywhc/v2rayN 18665h 未更新，跳过解析（无需追踪）
[2026-08-05 19:13:05] [W-20] ✅ 完成 [fork1] fazilmmmdzad/v2rayN | 提取 0 | 新增 0 | 耗时 0s | 配额 4159/4800 11:13UTC | 主队列 28/200 发现队列 402/20000 [[fork1]:118 [user1]:284]
[2026-08-05 19:13:05] [W-20] 🔧 开始处理 [fork1] lingyicute/YiLink-Desktop-Dev
[2026-08-05 19:13:05] [W-20] ⏭️ [fork1] 仓库 https://github.com/lingyicute/YiLink-Desktop-Dev 9454h 未更新，跳过解析（无需追踪）
[2026-08-05 19:13:05] [W-3] ✅ 完成 [fork1] Gravifer/v2rayN | 提取 0 | 新增 0 | 耗时 0s | 配额 4159/4800 11:13UTC | 主队列 28/200 发现队列 401/20000 [[fork1]:117 [user1]:284]
[2026-08-05 19:13:05] [W-3] 🔧 开始处理 [fork1] Sweetness1122/Sweetness_v2rayN
[2026-08-05 19:13:05] [W-3] ⏭️ [fork1] 仓库 https://github.com/Sweetness1122/Sweetness_v2rayN 27623h 未更新，跳过解析（无需追踪）
[2026-08-05 19:13:05] [W-12] ✅ 完成 [fork1] ludifeixiang/v2rayN | 提取 0 | 新增 0 | 耗时 0s | 配额 4159/4800 11:13UTC | 主队列 28/200 发现队列 400/20000 [[fork1]:116 [user1]:284]
[2026-08-05 19:13:05] [W-12] 🔧 开始处理 [fork1] Lemon-planting-light/v2rayN
[2026-08-05 19:13:05] [W-12] ⏭️ [fork1] 仓库 https://github.com/Lemon-planting-light/v2rayN 23980h 未更新，跳过解析（无需追踪）
[2026-08-05 19:13:05] [W-17] ✅ 完成 [fork1] SciOwl/v2rayN-1 | 提取 0 | 新增 0 | 耗时 0s | 配额 4159/4800 11:13UTC | 主队列 28/200 发现队列 399/20000 [[fork1]:115 [user1]:284]
[2026-08-05 19:13:05] [W-17] 🔧 开始处理 [fork1] w1187501630/v2rayN
[2026-08-05 19:13:05] [W-17] ⏭️ [fork1] 仓库 https://github.com/w1187501630/v2rayN 36196h 未更新，跳过解析（无需追踪）
[2026-08-05 19:13:05] [W-17] ✅ 完成 [fork1] w1187501630/v2rayN | 提取 0 | 新增 0 | 耗时 0s | 配额 4159/4800 11:13UTC | 主队列 28/200 发现队列 398/20000 [[fork1]:114 [user1]:284]
[2026-08-05 19:13:05] [W-17] 🔧 开始处理 [fork1] mafaman2003/v2rayN
[2026-08-05 19:13:05] [W-17] ⏭️ [fork1] 仓库 https://github.com/mafaman2003/v2rayN 594h 未更新，跳过解析（无需追踪）
[2026-08-05 19:13:05] [W-2] ✅ 完成 [fork1] md412997984/v2rayN | 提取 0 | 新增 0 | 耗时 0s | 配额 4159/4800 11:13UTC | 主队列 28/200 发现队列 397/20000 [[fork1]:113 [user1]:284]
[2026-08-05 19:13:05] [W-2] 🔧 开始处理 [fork1] yq-yx/v2rayN
[2026-08-05 19:13:05] [W-2] ⏭️ [fork1] 仓库 https://github.com/yq-yx/v2rayN 18868h 未更新，跳过解析（无需追踪）
[2026-08-05 19:13:05] [W-13] ✅ 完成 [fork1] Fzw0229/v2rayN | 提取 0 | 新增 0 | 耗时 0s | 配额 4159/4800 11:13UTC | 主队列 28/200 发现队列 396/20000 [[fork1]:112 [user1]:284]
[2026-08-05 19:13:05] [W-13] 🔧 开始处理 [fork1] tokyotoshanghai/v2rayN
[2026-08-05 19:13:05] [W-13] ⏭️ [fork1] 仓库 https://github.com/tokyotoshanghai/v2rayN 27530h 未更新，跳过解析（无需追踪）
[2026-08-05 19:13:05] [W-11] ✅ 完成 [fork1] bin456789/v2rayN | 提取 0 | 新增 0 | 耗时 0s | 配额 4159/4800 11:13UTC | 主队列 28/200 发现队列 395/20000 [[fork1]:111 [user1]:284]
[2026-08-05 19:13:05] [W-11] 🔧 开始处理 [fork1] chujianchangan/v2rayN
[2026-08-05 19:13:05] [W-11] ⏭️ [fork1] 仓库 https://github.com/chujianchangan/v2rayN 299h 未更新，跳过解析（无需追踪）
[2026-08-05 19:13:05] [W-6] ✅ 完成 [fork1] BamdadTabari/v2rayN | 提取 0 | 新增 0 | 耗时 0s | 配额 4159/4800 11:13UTC | 主队列 28/200 发现队列 394/20000 [[fork1]:110 [user1]:284]
[2026-08-05 19:13:05] [W-6] 🔧 开始处理 [fork1] SNiTEBoBy/v2rayN
[2026-08-05 19:13:05] [W-6] ⏭️ [fork1] 仓库 https://github.com/SNiTEBoBy/v2rayN 8187h 未更新，跳过解析（无需追踪）
[2026-08-05 19:13:05] [W-5] ✅ 完成 [fork1] 1harios/v2rayN | 提取 0 | 新增 0 | 耗时 0s | 配额 4159/4800 11:13UTC | 主队列 28/200 发现队列 393/20000 [[fork1]:109 [user1]:284]
[2026-08-05 19:13:05] [W-5] 🔧 开始处理 [fork1] pcb168/v2rayN
[2026-08-05 19:13:05] [W-5] ⏭️ [fork1] 仓库 https://github.com/pcb168/v2rayN 36506h 未更新，跳过解析（无需追踪）
[2026-08-05 19:13:05] [W-1] ✅ 完成 [fork1] LuoPoJunZi/v2rayN | 提取 0 | 新增 0 | 耗时 0s | 配额 4159/4800 11:13UTC | 主队列 28/200 发现队列 392/20000 [[fork1]:108 [user1]:284]
[2026-08-05 19:13:05] [W-1] 🔧 开始处理 [fork1] jewelbao/v2rayN
[2026-08-05 19:13:05] [W-1] ⏭️ [fork1] 仓库 https://github.com/jewelbao/v2rayN 49543h 未更新，跳过解析（无需追踪）
[2026-08-05 19:13:05] [W-10] ✅ 完成 [fork1] ybinson/v2rayN | 提取 0 | 新增 0 | 耗时 0s | 配额 4159/4800 11:13UTC | 主队列 28/200 发现队列 391/20000 [[fork1]:107 [user1]:284]
[2026-08-05 19:13:05] [W-10] 🔧 开始处理 [fork1] babytall/v2rayN-software
[2026-08-05 19:13:05] [W-10] ⏭️ [fork1] 仓库 https://github.com/babytall/v2rayN-software 30022h 未更新，跳过解析（无需追踪）
[2026-08-05 19:13:05] [W-10] ✅ 完成 [fork1] babytall/v2rayN-software | 提取 0 | 新增 0 | 耗时 0s | 配额 4159/4800 11:13UTC | 主队列 28/200 发现队列 390/20000 [[fork1]:106 [user1]:284]
[2026-08-05 19:13:05] [W-10] 🔧 开始处理 [fork1] Guanyuhao/v2rayN
[2026-08-05 19:13:05] [W-10] ⏭️ [fork1] 仓库 https://github.com/Guanyuhao/v2rayN 5713h 未更新，跳过解析（无需追踪）
[2026-08-05 19:13:05] [W-21] ✅ 完成 [fork1] juyongjiang/v2rayN | 提取 0 | 新增 0 | 耗时 0s | 配额 4159/4800 11:13UTC | 主队列 28/200 发现队列 389/20000 [[fork1]:105 [user1]:284]
[2026-08-05 19:13:05] [W-21] 🔧 开始处理 [fork1] LeyunChou/v2rayN
[2026-08-05 19:13:05] [W-21] ⏭️ [fork1] 仓库 https://github.com/LeyunChou/v2rayN 24965h 未更新，跳过解析（无需追踪）
[2026-08-05 19:13:05] [W-19] ✅ 完成 [fork1] yuudaiape/v2rayN | 提取 0 | 新增 0 | 耗时 0s | 配额 4159/4800 11:13UTC | 主队列 28/200 发现队列 388/20000 [[fork1]:104 [user1]:284]
[2026-08-05 19:13:05] [W-19] 🔧 开始处理 [fork1] deaddarkus4/v2rayN
[2026-08-05 19:13:05] [W-19] ⏭️ [fork1] 仓库 https://github.com/deaddarkus4/v2rayN 15311h 未更新，跳过解析（无需追踪）
[2026-08-05 19:13:05] [W-8] ✅ 完成 [fork1] 79944388/v2rayN | 提取 0 | 新增 0 | 耗时 0s | 配额 4159/4800 11:13UTC | 主队列 28/200 发现队列 387/20000 [[fork1]:103 [user1]:284]
[2026-08-05 19:13:05] [W-8] 🔧 开始处理 [fork1] szcrix/v2rayN
[2026-08-05 19:13:05] [W-8] ⏭️ [fork1] 仓库 https://github.com/szcrix/v2rayN 3839h 未更新，跳过解析（无需追踪）
[2026-08-05 19:13:05] [W-22] ✅ 完成 [fork1] chancodea07/v2rayN | 提取 0 | 新增 0 | 耗时 0s | 配额 4159/4800 11:13UTC | 主队列 28/200 发现队列 386/20000 [[fork1]:102 [user1]:284]
[2026-08-05 19:13:05] [W-22] 🔧 开始处理 [fork1] wzdh/v2rayN
[2026-08-05 19:13:05] [W-22] ⏭️ [fork1] 仓库 https://github.com/wzdh/v2rayN 41695h 未更新，跳过解析（无需追踪）
[2026-08-05 19:13:05] [W-7] ✅ 完成 [fork1] adelalizadeh13/v2rayN | 提取 0 | 新增 0 | 耗时 0s | 配额 4159/4800 11:13UTC | 主队列 28/200 发现队列 385/20000 [[fork1]:101 [user1]:284]
[2026-08-05 19:13:05] [W-7] 🔧 开始处理 [fork1] hkfishman/v2rayN
[2026-08-05 19:13:05] [W-7] ⏭️ [fork1] 仓库 https://github.com/hkfishman/v2rayN 20761h 未更新，跳过解析（无需追踪）
[2026-08-05 19:13:05] [W-0] ✅ 完成 [fork1] yfdyh000/v2rayN | 提取 0 | 新增 0 | 耗时 0s | 配额 4159/4800 11:13UTC | 主队列 28/200 发现队列 384/20000 [[fork1]:100 [user1]:284]
[2026-08-05 19:13:05] [W-0] 🔧 开始处理 [fork1] Landy908/v2rayN
[2026-08-05 19:13:05] [W-0] ⏭️ [fork1] 仓库 https://github.com/Landy908/v2rayN 57773h 未更新，跳过解析（无需追踪）
[2026-08-05 19:13:05] [W-16] ✅ 完成 [fork1] Ifuk1203/v2rayN | 提取 0 | 新增 0 | 耗时 0s | 配额 4159/4800 11:13UTC | 主队列 28/200 发现队列 383/20000 [[fork1]:99 [user1]:284]
[2026-08-05 19:13:05] [W-16] 🔧 开始处理 [fork1] gehongyan/v2rayN
[2026-08-05 19:13:05] [W-16] ⏭️ [fork1] 仓库 https://github.com/gehongyan/v2rayN 13366h 未更新，跳过解析（无需追踪）
[2026-08-05 19:13:05] [W-16] ✅ 完成 [fork1] gehongyan/v2rayN | 提取 0 | 新增 0 | 耗时 0s | 配额 4159/4800 11:13UTC | 主队列 28/200 发现队列 382/20000 [[fork1]:98 [user1]:284]
[2026-08-05 19:13:05] [W-16] 🔧 开始处理 [user1] FaceAce1/WorkerVless2sub
[2026-08-05 19:13:05] [W-16] [user1] 仓库 https://github.com/FaceAce1/WorkerVless2sub (分支: main, size: 3804KB, pushed: 2026-08-05T02:45:34Z)
[2026-08-05 19:13:05] [W-4] ✅ 完成 [fork1] flywhc/v2rayN | 提取 0 | 新增 0 | 耗时 0s | 配额 4159/4800 11:13UTC | 主队列 28/200 发现队列 381/20000 [[fork1]:98 [user1]:283]
[2026-08-05 19:13:05] [W-4] 🔧 开始处理 [user1] FaceAce1/CloudSSH
[2026-08-05 19:13:05] [W-4] ⏭️ [user1] 仓库 https://github.com/FaceAce1/CloudSSH 35h 未更新，跳过解析（无需追踪）
[2026-08-05 19:13:05] [W-20] ✅ 完成 [fork1] lingyicute/YiLink-Desktop-Dev | 提取 0 | 新增 0 | 耗时 0s | 配额 4159/4800 11:13UTC | 主队列 28/200 发现队列 380/20000 [[fork1]:98 [user1]:282]
[2026-08-05 19:13:05] [W-20] 🔧 开始处理 [user1] FaceAce1/OtterHub
[2026-08-05 19:13:05] [W-20] ⏭️ [user1] 仓库 https://github.com/FaceAce1/OtterHub 1299h 未更新，跳过解析（无需追踪）
[2026-08-05 19:13:05] [W-3] ✅ 完成 [fork1] Sweetness1122/Sweetness_v2rayN | 提取 0 | 新增 0 | 耗时 0s | 配额 4159/4800 11:13UTC | 主队列 28/200 发现队列 379/20000 [[fork1]:98 [user1]:281]
[2026-08-05 19:13:05] [W-3] 🔧 开始处理 [user1] FaceAce1/SubsTracker
[2026-08-05 19:13:05] [W-3] ⏭️ [user1] 仓库 https://github.com/FaceAce1/SubsTracker 主要语言 HTML，跳过
[2026-08-05 19:13:05] [W-12] ✅ 完成 [fork1] Lemon-planting-light/v2rayN | 提取 0 | 新增 0 | 耗时 0s | 配额 4159/4800 11:13UTC | 主队列 28/200 发现队列 378/20000 [[fork1]:98 [user1]:280]
[2026-08-05 19:13:05] [W-12] 🔧 开始处理 [user1] FaceAce1/cloud-mail
[2026-08-05 19:13:05] [W-12] ⏭️ [user1] 仓库 https://github.com/FaceAce1/cloud-mail 4161h 未更新，跳过解析（无需追踪）
[2026-08-05 19:13:05] [W-17] ✅ 完成 [fork1] mafaman2003/v2rayN | 提取 0 | 新增 0 | 耗时 0s | 配额 4159/4800 11:13UTC | 主队列 28/200 发现队列 377/20000 [[fork1]:98 [user1]:279]
[2026-08-05 19:13:05] [W-17] 🔧 开始处理 [user1] FaceAce1/tgs-to-gif
[2026-08-05 19:13:05] [W-17] ⏭️ [user1] 仓库 https://github.com/FaceAce1/tgs-to-gif 11082h 未更新，跳过解析（无需追踪）
[2026-08-05 19:13:05] [W-9] ✅ 完成 [fork1] dearsn/v2rayN | 提取 0 | 新增 0 | 耗时 0s | 配额 4159/4800 11:13UTC | 主队列 28/200 发现队列 376/20000 [[fork1]:98 [user1]:278]
[2026-08-05 19:13:05] [W-9] 🔧 开始处理 [user1] FaceAce1/Telegraph-Image
[2026-08-05 19:13:05] [W-9] ⏭️ [user1] 仓库 https://github.com/FaceAce1/Telegraph-Image 主要语言 HTML，跳过
[2026-08-05 19:13:05] [W-9] ✅ 完成 [user1] FaceAce1/Telegraph-Image | 提取 0 | 新增 0 | 耗时 0s | 配额 4159/4800 11:13UTC | 主队列 28/200 发现队列 375/20000 [[fork1]:98 [user1]:277]
[2026-08-05 19:13:05] [W-9] 🔧 开始处理 [user1] FaceAce1/CloudPaste
[2026-08-05 19:13:05] [W-9] ⏭️ [user1] 仓库 https://github.com/FaceAce1/CloudPaste 4659h 未更新，跳过解析（无需追踪）
[2026-08-05 19:13:05] [W-13] ✅ 完成 [fork1] tokyotoshanghai/v2rayN | 提取 0 | 新增 0 | 耗时 0s | 配额 4159/4800 11:13UTC | 主队列 28/200 发现队列 374/20000 [[fork1]:98 [user1]:276]
[2026-08-05 19:13:05] [W-13] 🔧 开始处理 [user1] FaceAce1/NavSphere
[2026-08-05 19:13:05] [W-13] ⏭️ [user1] 仓库 https://github.com/FaceAce1/NavSphere 2325h 未更新，跳过解析（无需追踪）
[2026-08-05 19:13:05] [W-11] ✅ 完成 [fork1] chujianchangan/v2rayN | 提取 0 | 新增 0 | 耗时 0s | 配额 4159/4800 11:13UTC | 主队列 28/200 发现队列 373/20000 [[fork1]:98 [user1]:275]
[2026-08-05 19:13:05] [W-11] 🔧 开始处理 [user1] FaceAce1/Leigod_Auto_Pause
[2026-08-05 19:13:05] [W-11] ⏭️ [user1] 仓库 https://github.com/FaceAce1/Leigod_Auto_Pause 2394h 未更新，跳过解析（无需追踪）
[2026-08-05 19:13:05] [W-6] ✅ 完成 [fork1] SNiTEBoBy/v2rayN | 提取 0 | 新增 0 | 耗时 0s | 配额 4159/4800 11:13UTC | 主队列 28/200 发现队列 372/20000 [[fork1]:98 [user1]:274]
[2026-08-05 19:13:05] [W-6] 🔧 开始处理 [user1] FaceAce1/Sink
[2026-08-05 19:13:05] [W-6] ⏭️ [user1] 仓库 https://github.com/FaceAce1/Sink 2714h 未更新，跳过解析（无需追踪）
[2026-08-05 19:13:05] [W-5] ✅ 完成 [fork1] pcb168/v2rayN | 提取 0 | 新增 0 | 耗时 0s | 配额 4159/4800 11:13UTC | 主队列 28/200 发现队列 371/20000 [[fork1]:98 [user1]:273]
[2026-08-05 19:13:05] [W-5] 🔧 开始处理 [user1] FaceAce1/cfnew
[2026-08-05 19:13:05] [W-5] ⏭️ [user1] 仓库 https://github.com/FaceAce1/cfnew 3050h 未更新，跳过解析（无需追踪）
[2026-08-05 19:13:05] [W-1] ✅ 完成 [fork1] jewelbao/v2rayN | 提取 0 | 新增 0 | 耗时 0s | 配额 4159/4800 11:13UTC | 主队列 28/200 发现队列 370/20000 [[fork1]:98 [user1]:272]
[2026-08-05 19:13:05] [W-1] 🔧 开始处理 [user1] FaceAce1/cockpit-tools
[2026-08-05 19:13:05] [W-1] ⏭️ [user1] 仓库 https://github.com/FaceAce1/cockpit-tools 3212h 未更新，跳过解析（无需追踪）
[2026-08-05 19:13:05] [W-10] ✅ 完成 [fork1] Guanyuhao/v2rayN | 提取 0 | 新增 0 | 耗时 0s | 配额 4159/4800 11:13UTC | 主队列 28/200 发现队列 369/20000 [[fork1]:98 [user1]:271]
[2026-08-05 19:13:05] [W-10] 🔧 开始处理 [user1] FaceAce1/any-auto-register
[2026-08-05 19:13:05] [W-10] ⏭️ [user1] 仓库 https://github.com/FaceAce1/any-auto-register 3316h 未更新，跳过解析（无需追踪）
[2026-08-05 19:13:05] [W-15] ✅ 完成 [fork1] luobikang1/v2rayN | 提取 0 | 新增 0 | 耗时 0s | 配额 4159/4800 11:13UTC | 主队列 28/200 发现队列 368/20000 [[fork1]:98 [user1]:270]
[2026-08-05 19:13:05] [W-15] 🔧 开始处理 [user1] FaceAce1/outlookEmailPlus
[2026-08-05 19:13:05] [W-15] ⏭️ [user1] 仓库 https://github.com/FaceAce1/outlookEmailPlus 3358h 未更新，跳过解析（无需追踪）
[2026-08-05 19:13:05] [W-21] ✅ 完成 [fork1] LeyunChou/v2rayN | 提取 0 | 新增 0 | 耗时 0s | 配额 4159/4800 11:13UTC | 主队列 28/200 发现队列 367/20000 [[fork1]:98 [user1]:269]
[2026-08-05 19:13:05] [W-21] 🔧 开始处理 [user1] FaceAce1/team-manage
[2026-08-05 19:13:05] [W-21] ⏭️ [user1] 仓库 https://github.com/FaceAce1/team-manage 3417h 未更新，跳过解析（无需追踪）
[2026-08-05 19:13:05] [W-19] ✅ 完成 [fork1] deaddarkus4/v2rayN | 提取 0 | 新增 0 | 耗时 0s | 配额 4159/4800 11:13UTC | 主队列 28/200 发现队列 366/20000 [[fork1]:98 [user1]:268]
[2026-08-05 19:13:05] [W-19] 🔧 开始处理 [user1] FaceAce1/edgetunnel
[2026-08-05 19:13:05] [W-19] ⏭️ [user1] 仓库 https://github.com/FaceAce1/edgetunnel 4261h 未更新，跳过解析（无需追踪）
[2026-08-05 19:13:05] [W-8] ✅ 完成 [fork1] szcrix/v2rayN | 提取 0 | 新增 0 | 耗时 0s | 配额 4159/4800 11:13UTC | 主队列 28/200 发现队列 365/20000 [[fork1]:98 [user1]:267]
[2026-08-05 19:13:05] [W-8] 🔧 开始处理 [user1] FaceAce1/MiSub
[2026-08-05 19:13:05] [W-8] ⏭️ [user1] 仓库 https://github.com/FaceAce1/MiSub 4570h 未更新，跳过解析（无需追踪）
[2026-08-05 19:13:05] [W-22] ✅ 完成 [fork1] wzdh/v2rayN | 提取 0 | 新增 0 | 耗时 0s | 配额 4159/4800 11:13UTC | 主队列 28/200 发现队列 364/20000 [[fork1]:98 [user1]:266]
[2026-08-05 19:13:05] [W-22] 🔧 开始处理 [user1] FaceAce1/Telegram-Panel
[2026-08-05 19:13:05] [W-22] ⏭️ [user1] 仓库 https://github.com/FaceAce1/Telegram-Panel 5441h 未更新，跳过解析（无需追踪）
[2026-08-05 19:13:05] [W-7] ✅ 完成 [fork1] hkfishman/v2rayN | 提取 0 | 新增 0 | 耗时 0s | 配额 4159/4800 11:13UTC | 主队列 28/200 发现队列 363/20000 [[fork1]:98 [user1]:265]
[2026-08-05 19:13:05] [W-7] 🔧 开始处理 [user1] FaceAce1/open-wegram-bot
[2026-08-05 19:13:05] [W-7] ⏭️ [user1] 仓库 https://github.com/FaceAce1/open-wegram-bot 10729h 未更新，跳过解析（无需追踪）
[2026-08-05 19:13:05] [W-7] ✅ 完成 [user1] FaceAce1/open-wegram-bot | 提取 0 | 新增 0 | 耗时 0s | 配额 4159/4800 11:13UTC | 主队列 28/200 发现队列 362/20000 [[fork1]:98 [user1]:264]
[2026-08-05 19:13:05] [W-7] 🔧 开始处理 [user1] FaceAce1/firemail
[2026-08-05 19:13:05] [W-7] ⏭️ [user1] 仓库 https://github.com/FaceAce1/firemail 10522h 未更新，跳过解析（无需追踪）
[2026-08-05 19:13:05] [W-18] ✅ 完成 [fork1] bylickilabs/v2rayN | 提取 0 | 新增 0 | 耗时 0s | 配额 4159/4800 11:13UTC | 主队列 28/200 发现队列 361/20000 [[fork1]:98 [user1]:263]
[2026-08-05 19:13:05] [W-18] 🔧 开始处理 [user1] FaceAce1/epeius
[2026-08-05 19:13:05] [W-18] ⏭️ [user1] 仓库 https://github.com/FaceAce1/epeius 6922h 未更新，跳过解析（无需追踪）
[2026-08-05 19:13:05] [W-4] ✅ 完成 [user1] FaceAce1/CloudSSH | 提取 0 | 新增 0 | 耗时 0s | 配额 4159/4800 11:13UTC | 主队列 28/200 发现队列 360/20000 [[fork1]:98 [user1]:262]
[2026-08-05 19:13:05] [W-4] 🔧 开始处理 [user1] FaceAce1/decode_action
[2026-08-05 19:13:05] [W-4] ⏭️ [user1] 仓库 https://github.com/FaceAce1/decode_action 7170h 未更新，跳过解析（无需追踪）
[2026-08-05 19:13:05] [W-20] ✅ 完成 [user1] FaceAce1/OtterHub | 提取 0 | 新增 0 | 耗时 0s | 配额 4159/4800 11:13UTC | 主队列 28/200 发现队列 359/20000 [[fork1]:98 [user1]:261]
[2026-08-05 19:13:05] [W-20] 🔧 开始处理 [user1] FaceAce1/WebhookTest
[2026-08-05 19:13:05] [W-20] ⏭️ [user1] 仓库 https://github.com/FaceAce1/WebhookTest 7249h 未更新，跳过解析（无需追踪）
[2026-08-05 19:13:05] [W-3] ✅ 完成 [user1] FaceAce1/SubsTracker | 提取 0 | 新增 0 | 耗时 0s | 配额 4159/4800 11:13UTC | 主队列 28/200 发现队列 358/20000 [[fork1]:98 [user1]:260]
[2026-08-05 19:13:05] [W-3] 🔧 开始处理 [user1] FaceAce1/AutoBin
[2026-08-05 19:13:05] [W-3] ⏭️ [user1] 仓库 https://github.com/FaceAce1/AutoBin 7361h 未更新，跳过解析（无需追踪）
[2026-08-05 19:13:05] [W-12] ✅ 完成 [user1] FaceAce1/cloud-mail | 提取 0 | 新增 0 | 耗时 0s | 配额 4159/4800 11:13UTC | 主队列 28/200 发现队列 357/20000 [[fork1]:98 [user1]:259]
[2026-08-05 19:13:05] [W-12] 🔧 开始处理 [user1] FaceAce1/CF-Workers-SUB
[2026-08-05 19:13:05] [W-12] ⏭️ [user1] 仓库 https://github.com/FaceAce1/CF-Workers-SUB 7906h 未更新，跳过解析（无需追踪）
[2026-08-05 19:13:05] [W-17] ✅ 完成 [user1] FaceAce1/tgs-to-gif | 提取 0 | 新增 0 | 耗时 0s | 配额 4159/4800 11:13UTC | 主队列 28/200 发现队列 356/20000 [[fork1]:98 [user1]:258]
[2026-08-05 19:13:05] [W-17] 🔧 开始处理 [user1] FaceAce1/MoonTV
[2026-08-05 19:13:05] [W-17] ⏭️ [user1] 仓库 https://github.com/FaceAce1/MoonTV 8730h 未更新，跳过解析（无需追踪）
[2026-08-05 19:13:05] [W-9] ✅ 完成 [user1] FaceAce1/CloudPaste | 提取 0 | 新增 0 | 耗时 0s | 配额 4159/4800 11:13UTC | 主队列 28/200 发现队列 355/20000 [[fork1]:98 [user1]:257]
[2026-08-05 19:13:05] [W-9] 🔧 开始处理 [user1] FaceAce1/LibreTV
[2026-08-05 19:13:05] [W-9] ⏭️ [user1] 仓库 https://github.com/FaceAce1/LibreTV 8766h 未更新，跳过解析（无需追踪）
[2026-08-05 19:13:05] [W-2] ✅ 完成 [fork1] yq-yx/v2rayN | 提取 0 | 新增 0 | 耗时 0s | 配额 4159/4800 11:13UTC | 主队列 28/200 发现队列 354/20000 [[fork1]:98 [user1]:256]
[2026-08-05 19:13:05] [W-2] 🔧 开始处理 [user1] FaceAce1/weather-app
[2026-08-05 19:13:05] [W-2] ⏭️ [user1] 仓库 https://github.com/FaceAce1/weather-app 9041h 未更新，跳过解析（无需追踪）
[2026-08-05 19:13:05] [W-2] ✅ 完成 [user1] FaceAce1/weather-app | 提取 0 | 新增 0 | 耗时 0s | 配额 4159/4800 11:13UTC | 主队列 28/200 发现队列 353/20000 [[fork1]:98 [user1]:255]
[2026-08-05 19:13:05] [W-2] 🔧 开始处理 [user1] FaceAce1/CF-Workers-GitHub
[2026-08-05 19:13:05] [W-2] ⏭️ [user1] 仓库 https://github.com/FaceAce1/CF-Workers-GitHub 9091h 未更新，跳过解析（无需追踪）
[2026-08-05 19:13:05] [W-13] ✅ 完成 [user1] FaceAce1/NavSphere | 提取 0 | 新增 0 | 耗时 0s | 配额 4159/4800 11:13UTC | 主队列 28/200 发现队列 352/20000 [[fork1]:98 [user1]:254]
[2026-08-05 19:13:05] [W-13] 🔧 开始处理 [fork1] Spark100k/v2rayN
[2026-08-05 19:13:05] [W-13] ⏭️ [fork1] 仓库 https://github.com/Spark100k/v2rayN 18575h 未更新，跳过解析（无需追踪）
[2026-08-05 19:13:05] [W-6] ✅ 完成 [user1] FaceAce1/Sink | 提取 0 | 新增 0 | 耗时 0s | 配额 4159/4800 11:13UTC | 主队列 28/200 发现队列 351/20000 [[fork1]:97 [user1]:254]
[2026-08-05 19:13:05] [W-6] 🔧 开始处理 [fork1] ywuming2022/v2rayN
[2026-08-05 19:13:05] [W-6] ⏭️ [fork1] 仓库 https://github.com/ywuming2022/v2rayN 27623h 未更新，跳过解析（无需追踪）
[2026-08-05 19:13:05] [W-5] ✅ 完成 [user1] FaceAce1/cfnew | 提取 0 | 新增 0 | 耗时 0s | 配额 4159/4800 11:13UTC | 主队列 28/200 发现队列 350/20000 [[fork1]:96 [user1]:254]
[2026-08-05 19:13:05] [W-5] 🔧 开始处理 [fork1] march00/v2rayN
[2026-08-05 19:13:05] [W-5] ⏭️ [fork1] 仓库 https://github.com/march00/v2rayN 31295h 未更新，跳过解析（无需追踪）
[2026-08-05 19:13:05] [W-1] ✅ 完成 [user1] FaceAce1/cockpit-tools | 提取 0 | 新增 0 | 耗时 0s | 配额 4159/4800 11:13UTC | 主队列 28/200 发现队列 349/20000 [[fork1]:95 [user1]:254]
[2026-08-05 19:13:05] [W-1] 🔧 开始处理 [fork1] tang88888888/v2rayN
[2026-08-05 19:13:05] [W-1] ⏭️ [fork1] 仓库 https://github.com/tang88888888/v2rayN 43969h 未更新，跳过解析（无需追踪）
[2026-08-05 19:13:05] [W-10] ✅ 完成 [user1] FaceAce1/any-auto-register | 提取 0 | 新增 0 | 耗时 0s | 配额 4159/4800 11:13UTC | 主队列 28/200 发现队列 348/20000 [[fork1]:94 [user1]:254]
[2026-08-05 19:13:05] [W-10] 🔧 开始处理 [fork1] jidcccw/v2rayN
[2026-08-05 19:13:05] [W-10] ⏭️ [fork1] 仓库 https://github.com/jidcccw/v2rayN 14717h 未更新，跳过解析（无需追踪）
[2026-08-05 19:13:05] [W-15] ✅ 完成 [user1] FaceAce1/outlookEmailPlus | 提取 0 | 新增 0 | 耗时 0s | 配额 4159/4800 11:13UTC | 主队列 28/200 发现队列 347/20000 [[fork1]:93 [user1]:254]
[2026-08-05 19:13:05] [W-15] 🔧 开始处理 [fork1] hxn0729/v2rayN
[2026-08-05 19:13:05] [W-15] ⏭️ [fork1] 仓库 https://github.com/hxn0729/v2rayN 12338h 未更新，跳过解析（无需追踪）
[2026-08-05 19:13:05] [W-21] ✅ 完成 [user1] FaceAce1/team-manage | 提取 0 | 新增 0 | 耗时 0s | 配额 4159/4800 11:13UTC | 主队列 28/200 发现队列 346/20000 [[fork1]:92 [user1]:254]
[2026-08-05 19:13:05] [W-21] 🔧 开始处理 [fork1] looplaps/v2rayN
[2026-08-05 19:13:05] [W-21] ⏭️ [fork1] 仓库 https://github.com/looplaps/v2rayN 10925h 未更新，跳过解析（无需追踪）
[2026-08-05 19:13:05] [W-19] ✅ 完成 [user1] FaceAce1/edgetunnel | 提取 0 | 新增 0 | 耗时 0s | 配额 4159/4800 11:13UTC | 主队列 28/200 发现队列 345/20000 [[fork1]:91 [user1]:254]
[2026-08-05 19:13:05] [W-19] 🔧 开始处理 [fork1] tujinhai/v2rayN
[2026-08-05 19:13:05] [W-19] ⏭️ [fork1] 仓库 https://github.com/tujinhai/v2rayN 47448h 未更新，跳过解析（无需追踪）
[2026-08-05 19:13:05] [W-8] ✅ 完成 [user1] FaceAce1/MiSub | 提取 0 | 新增 0 | 耗时 0s | 配额 4159/4800 11:13UTC | 主队列 28/200 发现队列 344/20000 [[fork1]:90 [user1]:254]
[2026-08-05 19:13:05] [W-8] 🔧 开始处理 [fork1] akbarygobvnd/v2rayN
[2026-08-05 19:13:05] [W-8] ⏭️ [fork1] 仓库 https://github.com/akbarygobvnd/v2rayN 31181h 未更新，跳过解析（无需追踪）
[2026-08-05 19:13:05] [W-22] ✅ 完成 [user1] FaceAce1/Telegram-Panel | 提取 0 | 新增 0 | 耗时 0s | 配额 4159/4800 11:13UTC | 主队列 28/200 发现队列 343/20000 [[fork1]:89 [user1]:254]
[2026-08-05 19:13:05] [W-22] 🔧 开始处理 [fork1] melsanlanth/v2rayN
[2026-08-05 19:13:05] [W-22] ⏭️ [fork1] 仓库 https://github.com/melsanlanth/v2rayN 10753h 未更新，跳过解析（无需追踪）
[2026-08-05 19:13:05] [W-7] ✅ 完成 [user1] FaceAce1/firemail | 提取 0 | 新增 0 | 耗时 0s | 配额 4159/4800 11:13UTC | 主队列 28/200 发现队列 342/20000 [[fork1]:88 [user1]:254]
[2026-08-05 19:13:05] [W-7] 🔧 开始处理 [fork1] LiteraryProgrammer/v2rayN-1
[2026-08-05 19:13:05] [W-7] ⏭️ [fork1] 仓库 https://github.com/LiteraryProgrammer/v2rayN-1 59843h 未更新，跳过解析（无需追踪）
[2026-08-05 19:13:05] [W-0] ✅ 完成 [fork1] Landy908/v2rayN | 提取 0 | 新增 0 | 耗时 0s | 配额 4159/4800 11:13UTC | 主队列 28/200 发现队列 341/20000 [[fork1]:87 [user1]:254]
[2026-08-05 19:13:05] [W-0] 🔧 开始处理 [fork1] tli1007/v2rayN
[2026-08-05 19:13:05] [W-0] ⏭️ [fork1] 仓库 https://github.com/tli1007/v2rayN 56865h 未更新，跳过解析（无需追踪）
[2026-08-05 19:13:05] [W-18] ✅ 完成 [user1] FaceAce1/epeius | 提取 0 | 新增 0 | 耗时 0s | 配额 4159/4800 11:13UTC | 主队列 28/200 发现队列 340/20000 [[fork1]:86 [user1]:254]
[2026-08-05 19:13:05] [W-18] 🔧 开始处理 [fork1] SuiteLHY/v2rayN
[2026-08-05 19:13:05] [W-18] ⏭️ [fork1] 仓库 https://github.com/SuiteLHY/v2rayN 45384h 未更新，跳过解析（无需追踪）
[2026-08-05 19:13:05] [W-18] ✅ 完成 [fork1] SuiteLHY/v2rayN | 提取 0 | 新增 0 | 耗时 0s | 配额 4159/4800 11:13UTC | 主队列 28/200 发现队列 339/20000 [[fork1]:85 [user1]:254]
[2026-08-05 19:13:05] [W-18] 🔧 开始处理 [fork1] thisismeamir/v2rayN
[2026-08-05 19:13:05] [W-18] ⏭️ [fork1] 仓库 https://github.com/thisismeamir/v2rayN 1216h 未更新，跳过解析（无需追踪）
[2026-08-05 19:13:05] [W-20] ✅ 完成 [user1] FaceAce1/WebhookTest | 提取 0 | 新增 0 | 耗时 0s | 配额 4159/4800 11:13UTC | 主队列 28/200 发现队列 338/20000 [[fork1]:84 [user1]:254]
[2026-08-05 19:13:05] [W-20] 🔧 开始处理 [fork1] congzai234/v2rayN
[2026-08-05 19:13:05] [W-20] ⏭️ [fork1] 仓库 https://github.com/congzai234/v2rayN 11913h 未更新，跳过解析（无需追踪）
[2026-08-05 19:13:05] [W-3] ✅ 完成 [user1] FaceAce1/AutoBin | 提取 0 | 新增 0 | 耗时 0s | 配额 4159/4800 11:13UTC | 主队列 28/200 发现队列 337/20000 [[fork1]:83 [user1]:254]
[2026-08-05 19:13:05] [W-3] 🔧 开始处理 [fork1] python10086/v2rayN
[2026-08-05 19:13:05] [W-3] ⏭️ [fork1] 仓库 https://github.com/python10086/v2rayN 30647h 未更新，跳过解析（无需追踪）
[2026-08-05 19:13:05] [W-12] ✅ 完成 [user1] FaceAce1/CF-Workers-SUB | 提取 0 | 新增 0 | 耗时 0s | 配额 4159/4800 11:13UTC | 主队列 28/200 发现队列 336/20000 [[fork1]:82 [user1]:254]
[2026-08-05 19:13:05] [W-12] 🔧 开始处理 [fork1] purvisdevgit/v2rayN
[2026-08-05 19:13:05] [W-12] ⏭️ [fork1] 仓库 https://github.com/purvisdevgit/v2rayN 23785h 未更新，跳过解析（无需追踪）
[2026-08-05 19:13:05] [W-12] ✅ 完成 [fork1] purvisdevgit/v2rayN | 提取 0 | 新增 0 | 耗时 0s | 配额 4159/4800 11:13UTC | 主队列 28/200 发现队列 335/20000 [[fork1]:81 [user1]:254]
[2026-08-05 19:13:05] [W-12] 🔧 开始处理 [fork1] 1012Lzy/v2rayN
[2026-08-05 19:13:05] [W-12] ⏭️ [fork1] 仓库 https://github.com/1012Lzy/v2rayN 23426h 未更新，跳过解析（无需追踪）
[2026-08-05 19:13:05] [W-9] ✅ 完成 [user1] FaceAce1/LibreTV | 提取 0 | 新增 0 | 耗时 0s | 配额 4159/4800 11:13UTC | 主队列 28/200 发现队列 334/20000 [[fork1]:80 [user1]:254]
[2026-08-05 19:13:05] [W-9] 🔧 开始处理 [user1] kimmax603/WorkerVless2sub
[2026-08-05 19:13:05] [W-9] [user1] 仓库 https://github.com/kimmax603/WorkerVless2sub (分支: main, size: 3804KB, pushed: 2026-08-05T02:38:10Z)
[2026-08-05 19:13:05] [W-11] ✅ 完成 [user1] FaceAce1/Leigod_Auto_Pause | 提取 0 | 新增 0 | 耗时 0s | 配额 4159/4800 11:13UTC | 主队列 28/200 发现队列 333/20000 [[fork1]:80 [user1]:253]
[2026-08-05 19:13:05] [W-11] 🔧 开始处理 [user1] kimmax603/cm_ed
[2026-08-05 19:13:05] [W-11] ⏭️ [user1] 仓库 https://github.com/kimmax603/cm_ed 153h 未更新，跳过解析（无需追踪）
[2026-08-05 19:13:05] [W-11] ✅ 完成 [user1] kimmax603/cm_ed | 提取 0 | 新增 0 | 耗时 0s | 配额 4159/4800 11:13UTC | 主队列 28/200 发现队列 332/20000 [[fork1]:80 [user1]:252]
[2026-08-05 19:13:05] [W-11] 🔧 开始处理 [user1] kimmax603/luci-app-cloudflarespeedtest
[2026-08-05 19:13:05] [W-11] ⏭️ [user1] 仓库 https://github.com/kimmax603/luci-app-cloudflarespeedtest 836h 未更新，跳过解析（无需追踪）
[2026-08-05 19:13:05] [W-13] ✅ 完成 [fork1] Spark100k/v2rayN | 提取 0 | 新增 0 | 耗时 0s | 配额 4159/4800 11:13UTC | 主队列 28/200 发现队列 331/20000 [[fork1]:80 [user1]:251]
[2026-08-05 19:13:05] [W-13] 🔧 开始处理 [user1] kimmax603/sub-check-collector
[2026-08-05 19:13:05] [W-13] ⏭️ [user1] 仓库 https://github.com/kimmax603/sub-check-collector 838h 未更新，跳过解析（无需追踪）
[2026-08-05 19:13:05] [W-13] ✅ 完成 [user1] kimmax603/sub-check-collector | 提取 0 | 新增 0 | 耗时 0s | 配额 4159/4800 11:13UTC | 主队列 28/200 发现队列 330/20000 [[fork1]:80 [user1]:250]
[2026-08-05 19:13:05] [W-13] 🔧 开始处理 [user1] kimmax603/a-stock-data
[2026-08-05 19:13:05] [W-13] ⏭️ [user1] 仓库 https://github.com/kimmax603/a-stock-data 1108h 未更新，跳过解析（无需追踪）
[2026-08-05 19:13:05] [W-5] ✅ 完成 [fork1] march00/v2rayN | 提取 0 | 新增 0 | 耗时 0s | 配额 4159/4800 11:13UTC | 主队列 28/200 发现队列 329/20000 [[fork1]:80 [user1]:249]
[2026-08-05 19:13:05] [W-5] 🔧 开始处理 [user1] kimmax603/6KEDtunnel
[2026-08-05 19:13:05] [W-5] ⏭️ [user1] 仓库 https://github.com/kimmax603/6KEDtunnel 965h 未更新，跳过解析（无需追踪）
[2026-08-05 19:13:05] [W-5] ✅ 完成 [user1] kimmax603/6KEDtunnel | 提取 0 | 新增 0 | 耗时 0s | 配额 4159/4800 11:13UTC | 主队列 28/200 发现队列 328/20000 [[fork1]:80 [user1]:248]
[2026-08-05 19:13:05] [W-5] 🔧 开始处理 [user1] kimmax603/subconverter
[2026-08-05 19:13:05] [W-5] ⏭️ [user1] 仓库 https://github.com/kimmax603/subconverter 965h 未更新，跳过解析（无需追踪）
[2026-08-05 19:13:05] [W-5] ✅ 完成 [user1] kimmax603/subconverter | 提取 0 | 新增 0 | 耗时 0s | 配额 4159/4800 11:13UTC | 主队列 28/200 发现队列 327/20000 [[fork1]:80 [user1]:247]
[2026-08-05 19:13:05] [W-5] 🔧 开始处理 [user1] kimmax603/IDM-Activation-Script
[2026-08-05 19:13:05] [W-5] ⏭️ [user1] 仓库 https://github.com/kimmax603/IDM-Activation-Script 965h 未更新，跳过解析（无需追踪）
[2026-08-05 19:13:05] [W-15] ✅ 完成 [fork1] hxn0729/v2rayN | 提取 0 | 新增 0 | 耗时 0s | 配额 4159/4800 11:13UTC | 主队列 28/200 发现队列 326/20000 [[fork1]:80 [user1]:246]
[2026-08-05 19:13:05] [W-15] 🔧 开始处理 [user1] kimmax603/CF-Workers-SpeedTestURL
[2026-08-05 19:13:05] [W-15] ⏭️ [user1] 仓库 https://github.com/kimmax603/CF-Workers-SpeedTestURL 965h 未更新，跳过解析（无需追踪）
[2026-08-05 19:13:05] [W-21] ✅ 完成 [fork1] looplaps/v2rayN | 提取 0 | 新增 0 | 耗时 0s | 配额 4159/4800 11:13UTC | 主队列 28/200 发现队列 325/20000 [[fork1]:80 [user1]:245]
[2026-08-05 19:13:05] [W-21] 🔧 开始处理 [user1] kimmax603/subs-check-pro
[2026-08-05 19:13:05] [W-21] ⏭️ [user1] 仓库 https://github.com/kimmax603/subs-check-pro 965h 未更新，跳过解析（无需追踪）
[2026-08-05 19:13:05] [W-21] ✅ 完成 [user1] kimmax603/subs-check-pro | 提取 0 | 新增 0 | 耗时 0s | 配额 4159/4800 11:13UTC | 主队列 28/200 发现队列 324/20000 [[fork1]:80 [user1]:244]
[2026-08-05 19:13:05] [W-21] 🔧 开始处理 [user1] kimmax603/IDM-Activation-Script-Chinese
[2026-08-05 19:13:05] [W-21] ⏭️ [user1] 仓库 https://github.com/kimmax603/IDM-Activation-Script-Chinese 965h 未更新，跳过解析（无需追踪）
[2026-08-05 19:13:05] [W-8] ✅ 完成 [fork1] akbarygobvnd/v2rayN | 提取 0 | 新增 0 | 耗时 0s | 配额 4159/4800 11:13UTC | 主队列 28/200 发现队列 323/20000 [[fork1]:80 [user1]:243]
[2026-08-05 19:13:05] [W-8] 🔧 开始处理 [user1] kimmax603/v2ray-agent
[2026-08-05 19:13:05] [W-8] ⏭️ [user1] 仓库 https://github.com/kimmax603/v2ray-agent 965h 未更新，跳过解析（无需追踪）
[2026-08-05 19:13:05] [W-22] ✅ 完成 [fork1] melsanlanth/v2rayN | 提取 0 | 新增 0 | 耗时 0s | 配额 4159/4800 11:13UTC | 主队列 28/200 发现队列 322/20000 [[fork1]:80 [user1]:242]
[2026-08-05 19:13:05] [W-22] 🔧 开始处理 [user1] kimmax603/cfnew
[2026-08-05 19:13:05] [W-22] ⏭️ [user1] 仓库 https://github.com/kimmax603/cfnew 1293h 未更新，跳过解析（无需追踪）
[2026-08-05 19:13:05] [W-22] ✅ 完成 [user1] kimmax603/cfnew | 提取 0 | 新增 0 | 耗时 0s | 配额 4159/4800 11:13UTC | 主队列 28/200 发现队列 321/20000 [[fork1]:80 [user1]:241]
[2026-08-05 19:13:05] [W-22] 🔧 开始处理 [user1] kimmax603/apprise_vercel
[2026-08-05 19:13:05] [W-22] ⏭️ [user1] 仓库 https://github.com/kimmax603/apprise_vercel 1635h 未更新，跳过解析（无需追踪）
[2026-08-05 19:13:05] [W-0] ✅ 完成 [fork1] tli1007/v2rayN | 提取 0 | 新增 0 | 耗时 0s | 配额 4159/4800 11:13UTC | 主队列 28/200 发现队列 320/20000 [[fork1]:80 [user1]:240]
[2026-08-05 19:13:05] [W-0] 🔧 开始处理 [user1] kimmax603/CF-Workers-CheckProxyIP
[2026-08-05 19:13:05] [W-0] ⏭️ [user1] 仓库 https://github.com/kimmax603/CF-Workers-CheckProxyIP 2015h 未更新，跳过解析（无需追踪）
[2026-08-05 19:13:05] [W-0] ✅ 完成 [user1] kimmax603/CF-Workers-CheckProxyIP | 提取 0 | 新增 0 | 耗时 0s | 配额 4159/4800 11:13UTC | 主队列 28/200 发现队列 319/20000 [[fork1]:80 [user1]:239]
[2026-08-05 19:13:05] [W-0] 🔧 开始处理 [user1] kimmax603/YG_CFVT
[2026-08-05 19:13:05] [W-0] ⏭️ [user1] 仓库 https://github.com/kimmax603/YG_CFVT 2742h 未更新，跳过解析（无需追踪）
[2026-08-05 19:13:05] [W-4] ✅ 完成 [user1] FaceAce1/decode_action | 提取 0 | 新增 0 | 耗时 0s | 配额 4159/4800 11:13UTC | 主队列 28/200 发现队列 318/20000 [[fork1]:80 [user1]:238]
[2026-08-05 19:13:05] [W-4] 🔧 开始处理 [user1] kimmax603/epeius
[2026-08-05 19:13:05] [W-4] ⏭️ [user1] 仓库 https://github.com/kimmax603/epeius 6922h 未更新，跳过解析（无需追踪）
[2026-08-05 19:13:05] [W-20] ✅ 完成 [fork1] congzai234/v2rayN | 提取 0 | 新增 0 | 耗时 0s | 配额 4159/4800 11:13UTC | 主队列 28/200 发现队列 317/20000 [[fork1]:80 [user1]:237]
[2026-08-05 19:13:05] [W-20] 🔧 开始处理 [user1] kimmax603/OpenWrt-CI
[2026-08-05 19:13:05] [W-20] ⏭️ [user1] 仓库 https://github.com/kimmax603/OpenWrt-CI 7370h 未更新，跳过解析（无需追踪）
[2026-08-05 19:13:05] [W-3] ✅ 完成 [fork1] python10086/v2rayN | 提取 0 | 新增 0 | 耗时 0s | 配额 4159/4800 11:13UTC | 主队列 28/200 发现队列 316/20000 [[fork1]:80 [user1]:236]
[2026-08-05 19:13:05] [W-3] 🔧 开始处理 [user1] kimmax603/CF-Workers-SUB
[2026-08-05 19:13:05] [W-3] ⏭️ [user1] 仓库 https://github.com/kimmax603/CF-Workers-SUB 7907h 未更新，跳过解析（无需追踪）
[2026-08-05 19:13:05] [W-12] ✅ 完成 [fork1] 1012Lzy/v2rayN | 提取 0 | 新增 0 | 耗时 0s | 配额 4159/4800 11:13UTC | 主队列 28/200 发现队列 315/20000 [[fork1]:80 [user1]:235]
[2026-08-05 19:13:05] [W-12] 🔧 开始处理 [user1] kimmax603/BPB-Worker-Panel
[2026-08-05 19:13:05] [W-12] ⏭️ [user1] 仓库 https://github.com/kimmax603/BPB-Worker-Panel 8135h 未更新，跳过解析（无需追踪）
[2026-08-05 19:13:05] [W-17] ✅ 完成 [user1] FaceAce1/MoonTV | 提取 0 | 新增 0 | 耗时 0s | 配额 4159/4800 11:13UTC | 主队列 28/200 发现队列 314/20000 [[fork1]:80 [user1]:234]
[2026-08-05 19:13:05] [W-17] 🔧 开始处理 [user1] kimmax603/SubsCheck-Win-GUI
[2026-08-05 19:13:05] [W-17] ⏭️ [user1] 仓库 https://github.com/kimmax603/SubsCheck-Win-GUI 8787h 未更新，跳过解析（无需追踪）
[2026-08-05 19:13:05] [W-11] ✅ 完成 [user1] kimmax603/luci-app-cloudflarespeedtest | 提取 0 | 新增 0 | 耗时 0s | 配额 4159/4800 11:13UTC | 主队列 28/200 发现队列 313/20000 [[fork1]:80 [user1]:233]
[2026-08-05 19:13:05] [W-11] 🔧 开始处理 [user1] kimmax603/CFcdnVmess2sub
[2026-08-05 19:13:05] [W-11] ⏭️ [user1] 仓库 https://github.com/kimmax603/CFcdnVmess2sub 8787h 未更新，跳过解析（无需追踪）
[2026-08-05 19:13:05] [W-2] ✅ 完成 [user1] FaceAce1/CF-Workers-GitHub | 提取 0 | 新增 0 | 耗时 0s | 配额 4159/4800 11:13UTC | 主队列 28/200 发现队列 312/20000 [[fork1]:80 [user1]:232]
[2026-08-05 19:13:05] [W-2] 🔧 开始处理 [user1] kimmax603/CF-Workers-TEXT2KV
[2026-08-05 19:13:05] [W-2] ⏭️ [user1] 仓库 https://github.com/kimmax603/CF-Workers-TEXT2KV 8787h 未更新，跳过解析（无需追踪）
[2026-08-05 19:13:05] [W-2] ✅ 完成 [user1] kimmax603/CF-Workers-TEXT2KV | 提取 0 | 新增 0 | 耗时 0s | 配额 4159/4800 11:13UTC | 主队列 28/200 发现队列 311/20000 [[fork1]:80 [user1]:231]
[2026-08-05 19:13:05] [W-2] 🔧 开始处理 [user1] kimmax603/CF-Workers-docker.io
[2026-08-05 19:13:05] [W-2] ⏭️ [user1] 仓库 https://github.com/kimmax603/CF-Workers-docker.io 9706h 未更新，跳过解析（无需追踪）
[2026-08-05 19:13:05] [W-6] ✅ 完成 [fork1] ywuming2022/v2rayN | 提取 0 | 新增 0 | 耗时 0s | 配额 4159/4800 11:13UTC | 主队列 28/200 发现队列 310/20000 [[fork1]:80 [user1]:230]
[2026-08-05 19:13:05] [W-6] 🔧 开始处理 [user1] kimmax603/siteproxy
[2026-08-05 19:13:05] [W-6] ⏭️ [user1] 仓库 https://github.com/kimmax603/siteproxy 12469h 未更新，跳过解析（无需追踪）
[2026-08-05 19:13:05] [W-6] ✅ 完成 [user1] kimmax603/siteproxy | 提取 0 | 新增 0 | 耗时 0s | 配额 4159/4800 11:13UTC | 主队列 28/200 发现队列 309/20000 [[fork1]:80 [user1]:229]
[2026-08-05 19:13:05] [W-6] 🔧 开始处理 [user1] kimmax603/CF-Workers-DD2D
[2026-08-05 19:13:05] [W-6] ⏭️ [user1] 仓库 https://github.com/kimmax603/CF-Workers-DD2D 14266h 未更新，跳过解析（无需追踪）
[2026-08-05 19:13:05] [W-1] ✅ 完成 [fork1] tang88888888/v2rayN | 提取 0 | 新增 0 | 耗时 0s | 配额 4159/4800 11:13UTC | 主队列 28/200 发现队列 308/20000 [[fork1]:80 [user1]:228]
[2026-08-05 19:13:05] [W-1] 🔧 开始处理 [user1] kimmax603/CFnat-Windows-GUI
[2026-08-05 19:13:05] [W-1] ⏭️ [user1] 仓库 https://github.com/kimmax603/CFnat-Windows-GUI 14266h 未更新，跳过解析（无需追踪）
[2026-08-05 19:13:05] [W-10] ✅ 完成 [fork1] jidcccw/v2rayN | 提取 0 | 新增 0 | 耗时 0s | 配额 4159/4800 11:13UTC | 主队列 28/200 发现队列 307/20000 [[fork1]:80 [user1]:227]
[2026-08-05 19:13:05] [W-10] 🔧 开始处理 [user1] kimmax603/india-sub
[2026-08-05 19:13:05] [W-10] ⏭️ [user1] 仓库 https://github.com/kimmax603/india-sub 21769h 未更新，跳过解析（无需追踪）
[2026-08-05 19:13:05] [W-15] ✅ 完成 [user1] kimmax603/CF-Workers-SpeedTestURL | 提取 0 | 新增 0 | 耗时 0s | 配额 4159/4800 11:13UTC | 主队列 28/200 发现队列 306/20000 [[fork1]:80 [user1]:226]
[2026-08-05 19:13:05] [W-15] 🔧 开始处理 [user1] kimmax603/CloudFlareIPlus
[2026-08-05 19:13:05] [W-15] ⏭️ [user1] 仓库 https://github.com/kimmax603/CloudFlareIPlus 15963h 未更新，跳过解析（无需追踪）
[2026-08-05 19:13:05] [W-21] ✅ 完成 [user1] kimmax603/IDM-Activation-Script-Chinese | 提取 0 | 新增 0 | 耗时 0s | 配额 4159/4800 11:13UTC | 主队列 28/200 发现队列 305/20000 [[fork1]:80 [user1]:225]
[2026-08-05 19:13:05] [W-21] 🔧 开始处理 [user1] kimmax603/Live
[2026-08-05 19:13:05] [W-21] ⏭️ [user1] 仓库 https://github.com/kimmax603/Live 15918h 未更新，跳过解析（无需追踪）
[2026-08-05 19:13:05] [W-21] ✅ 完成 [user1] kimmax603/Live | 提取 0 | 新增 0 | 耗时 0s | 配额 4159/4800 11:13UTC | 主队列 28/200 发现队列 304/20000 [[fork1]:80 [user1]:224]
[2026-08-05 19:13:05] [W-21] 🔧 开始处理 [user1] chris202010/yxym
[2026-08-05 19:13:05] [W-21] [user1] 仓库 https://github.com/chris202010/yxym (分支: main, size: 1843KB, pushed: 2026-08-05T10:23:28Z)
[2026-08-05 19:13:05] [W-8] ✅ 完成 [user1] kimmax603/v2ray-agent | 提取 0 | 新增 0 | 耗时 0s | 配额 4159/4800 11:13UTC | 主队列 28/200 发现队列 303/20000 [[fork1]:80 [user1]:223]
[2026-08-05 19:13:05] [W-8] 🔧 开始处理 [user1] chris202010/yxip
[2026-08-05 19:13:05] [W-8] [user1] 仓库 https://github.com/chris202010/yxip (分支: main, size: 1419KB, pushed: 2026-08-05T08:41:52Z)
[2026-08-05 19:13:05] [W-7] ✅ 完成 [fork1] LiteraryProgrammer/v2rayN-1 | 提取 0 | 新增 0 | 耗时 0s | 配额 4159/4800 11:13UTC | 主队列 28/200 发现队列 302/20000 [[fork1]:80 [user1]:222]
[2026-08-05 19:13:05] [W-7] 🔧 开始处理 [user1] chris202010/WorkerVless2sub
[2026-08-05 19:13:05] [W-7] [user1] 仓库 https://github.com/chris202010/WorkerVless2sub (分支: main, size: 3840KB, pushed: 2026-08-05T02:51:03Z)
[2026-08-05 19:13:05] [W-0] ✅ 完成 [user1] kimmax603/YG_CFVT | 提取 0 | 新增 0 | 耗时 0s | 配额 4159/4800 11:13UTC | 主队列 28/200 发现队列 301/20000 [[fork1]:80 [user1]:221]
[2026-08-05 19:13:05] [W-0] 🔧 开始处理 [user1] chris202010/lunatv-config
[2026-08-05 19:13:05] [W-0] [user1] 仓库 https://github.com/chris202010/lunatv-config (分支: main, size: 4903KB, pushed: 2026-08-04T18:27:52Z)
[2026-08-05 19:13:05] [W-18] ✅ 完成 [fork1] thisismeamir/v2rayN | 提取 0 | 新增 0 | 耗时 0s | 配额 4159/4800 11:13UTC | 主队列 28/200 发现队列 300/20000 [[fork1]:80 [user1]:220]
[2026-08-05 19:13:05] [W-18] 🔧 开始处理 [user1] chris202010/wk-Auto-update
[2026-08-05 19:13:05] [W-18] ⏭️ [user1] 仓库 https://github.com/chris202010/wk-Auto-update 32h 未更新，跳过解析（无需追踪）
[2026-08-05 19:13:05] [W-18] ✅ 完成 [user1] chris202010/wk-Auto-update | 提取 0 | 新增 0 | 耗时 0s | 配额 4159/4800 11:13UTC | 主队列 28/200 发现队列 299/20000 [[fork1]:80 [user1]:219]
[2026-08-05 19:13:05] [W-18] 🔧 开始处理 [user1] chris202010/MoonTVPlus
[2026-08-05 19:13:05] [W-18] ⏭️ [user1] 仓库 https://github.com/chris202010/MoonTVPlus 37h 未更新，跳过解析（无需追踪）
[2026-08-05 19:13:05] [W-3] ✅ 完成 [user1] kimmax603/CF-Workers-SUB | 提取 0 | 新增 0 | 耗时 0s | 配额 4159/4800 11:13UTC | 主队列 28/200 发现队列 298/20000 [[fork1]:80 [user1]:218]
[2026-08-05 19:13:05] [W-3] 🔧 开始处理 [user1] chris202010/daily_stock_analysis
[2026-08-05 19:13:05] [W-3] ⏭️ [user1] 仓库 https://github.com/chris202010/daily_stock_analysis 105h 未更新，跳过解析（无需追踪）
[2026-08-05 19:13:05] [W-12] ✅ 完成 [user1] kimmax603/BPB-Worker-Panel | 提取 0 | 新增 0 | 耗时 0s | 配额 4159/4800 11:13UTC | 主队列 28/200 发现队列 297/20000 [[fork1]:80 [user1]:217]
[2026-08-05 19:13:05] [W-12] 🔧 开始处理 [user1] chris202010/cfnew
[2026-08-05 19:13:05] [W-12] ⏭️ [user1] 仓库 https://github.com/chris202010/cfnew 138h 未更新，跳过解析（无需追踪）
[2026-08-05 19:13:05] [W-17] ✅ 完成 [user1] kimmax603/SubsCheck-Win-GUI | 提取 0 | 新增 0 | 耗时 0s | 配额 4159/4800 11:13UTC | 主队列 28/200 发现队列 296/20000 [[fork1]:80 [user1]:216]
[2026-08-05 19:13:05] [W-17] 🔧 开始处理 [user1] chris202010/edgetunnel
[2026-08-05 19:13:05] [W-17] ⏭️ [user1] 仓库 https://github.com/chris202010/edgetunnel 145h 未更新，跳过解析（无需追踪）
[2026-08-05 19:13:05] [W-17] ✅ 完成 [user1] chris202010/edgetunnel | 提取 0 | 新增 0 | 耗时 0s | 配额 4159/4800 11:13UTC | 主队列 28/200 发现队列 295/20000 [[fork1]:80 [user1]:215]
[2026-08-05 19:13:05] [W-17] 🔧 开始处理 [user1] chris202010/cfnb
[2026-08-05 19:13:05] [W-17] ⏭️ [user1] 仓库 https://github.com/chris202010/cfnb 555h 未更新，跳过解析（无需追踪）
[2026-08-05 19:13:05] [W-2] ✅ 完成 [user1] kimmax603/CF-Workers-docker.io | 提取 0 | 新增 0 | 耗时 0s | 配额 4159/4800 11:13UTC | 主队列 28/200 发现队列 294/20000 [[fork1]:80 [user1]:214]
[2026-08-05 19:13:05] [W-2] 🔧 开始处理 [user1] chris202010/sink
[2026-08-05 19:13:05] [W-2] ⏭️ [user1] 仓库 https://github.com/chris202010/sink 555h 未更新，跳过解析（无需追踪）
[2026-08-05 19:13:05] [W-13] ✅ 完成 [user1] kimmax603/a-stock-data | 提取 0 | 新增 0 | 耗时 0s | 配额 4159/4800 11:13UTC | 主队列 28/200 发现队列 293/20000 [[fork1]:80 [user1]:213]
[2026-08-05 19:13:05] [W-13] 🔧 开始处理 [user1] chris202010/myphp
[2026-08-05 19:13:05] [W-13] ⏭️ [user1] 仓库 https://github.com/chris202010/myphp 717h 未更新，跳过解析（无需追踪）
[2026-08-05 19:13:05] [W-13] ✅ 完成 [user1] chris202010/myphp | 提取 0 | 新增 0 | 耗时 0s | 配额 4159/4800 11:13UTC | 主队列 28/200 发现队列 292/20000 [[fork1]:80 [user1]:212]
[2026-08-05 19:13:05] [W-13] 🔧 开始处理 [user1] chris202010/ip-query-worker
[2026-08-05 19:13:05] [W-13] ⏭️ [user1] 仓库 https://github.com/chris202010/ip-query-worker 752h 未更新，跳过解析（无需追踪）
[2026-08-05 19:13:05] [W-5] ✅ 完成 [user1] kimmax603/IDM-Activation-Script | 提取 0 | 新增 0 | 耗时 0s | 配额 4159/4800 11:13UTC | 主队列 28/200 发现队列 291/20000 [[fork1]:80 [user1]:211]
[2026-08-05 19:13:05] [W-5] 🔧 开始处理 [user1] chris202010/mytv
[2026-08-05 19:13:05] [W-5] ⏭️ [user1] 仓库 https://github.com/chris202010/mytv 755h 未更新，跳过解析（无需追踪）
[2026-08-05 19:13:05] [W-1] ✅ 完成 [user1] kimmax603/CFnat-Windows-GUI | 提取 0 | 新增 0 | 耗时 0s | 配额 4159/4800 11:13UTC | 主队列 28/200 发现队列 290/20000 [[fork1]:80 [user1]:210]
[2026-08-05 19:13:05] [W-1] 🔧 开始处理 [user1] chris202010/GrainTCP
[2026-08-05 19:13:05] [W-1] ⏭️ [user1] 仓库 https://github.com/chris202010/GrainTCP 824h 未更新，跳过解析（无需追踪）
[2026-08-05 19:13:05] [W-1] ✅ 完成 [user1] chris202010/GrainTCP | 提取 0 | 新增 0 | 耗时 0s | 配额 4159/4800 11:13UTC | 主队列 28/200 发现队列 289/20000 [[fork1]:80 [user1]:209]
[2026-08-05 19:13:05] [W-1] 🔧 开始处理 [user1] chris202010/charmingcheung000
[2026-08-05 19:13:05] [W-1] ⏭️ [user1] 仓库 https://github.com/chris202010/charmingcheung000 849h 未更新，跳过解析（无需追踪）
[2026-08-05 19:13:05] [W-15] ✅ 完成 [user1] kimmax603/CloudFlareIPlus | 提取 0 | 新增 0 | 耗时 0s | 配额 4159/4800 11:13UTC | 主队列 28/200 发现队列 288/20000 [[fork1]:80 [user1]:208]
[2026-08-05 19:13:05] [W-15] 🔧 开始处理 [user1] chris202010/Ventoy
[2026-08-05 19:13:05] [W-15] ⏭️ [user1] 仓库 https://github.com/chris202010/Ventoy 919h 未更新，跳过解析（无需追踪）
[2026-08-05 19:13:05] [W-15] ✅ 完成 [user1] chris202010/Ventoy | 提取 0 | 新增 0 | 耗时 0s | 配额 4159/4800 11:13UTC | 主队列 28/200 发现队列 287/20000 [[fork1]:80 [user1]:207]
[2026-08-05 19:13:05] [W-15] 🔧 开始处理 [user1] chris202010/DecoTV
[2026-08-05 19:13:05] [W-15] ⏭️ [user1] 仓库 https://github.com/chris202010/DecoTV 935h 未更新，跳过解析（无需追踪）
[2026-08-05 19:13:05] [W-19] ✅ 完成 [fork1] tujinhai/v2rayN | 提取 0 | 新增 0 | 耗时 0s | 配额 4159/4800 11:13UTC | 主队列 28/200 发现队列 286/20000 [[fork1]:80 [user1]:206]
[2026-08-05 19:13:05] [W-19] 🔧 开始处理 [user1] chris202010/Solara
[2026-08-05 19:13:05] [W-19] ⏭️ [user1] 仓库 https://github.com/chris202010/Solara 935h 未更新，跳过解析（无需追踪）
[2026-08-05 19:13:05] [W-22] ✅ 完成 [user1] kimmax603/apprise_vercel | 提取 0 | 新增 0 | 耗时 0s | 配额 4159/4800 11:13UTC | 主队列 28/200 发现队列 285/20000 [[fork1]:80 [user1]:205]
[2026-08-05 19:13:05] [W-22] 🔧 开始处理 [user1] chris202010/cfnew-deployer
[2026-08-05 19:13:05] [W-22] ⏭️ [user1] 仓库 https://github.com/chris202010/cfnew-deployer 1006h 未更新，跳过解析（无需追踪）
[2026-08-05 19:13:05] [W-4] ✅ 完成 [user1] kimmax603/epeius | 提取 0 | 新增 0 | 耗时 0s | 配额 4159/4800 11:13UTC | 主队列 28/200 发现队列 284/20000 [[fork1]:80 [user1]:204]
[2026-08-05 19:13:05] [W-4] 🔧 开始处理 [user1] chris202010/yx
[2026-08-05 19:13:05] [W-4] ⏭️ [user1] 仓库 https://github.com/chris202010/yx 1109h 未更新，跳过解析（无需追踪）
[2026-08-05 19:13:05] [W-4] ✅ 完成 [user1] chris202010/yx | 提取 0 | 新增 0 | 耗时 0s | 配额 4159/4800 11:13UTC | 主队列 28/200 发现队列 283/20000 [[fork1]:80 [user1]:203]
[2026-08-05 19:13:05] [W-4] 🔧 开始处理 [user1] chris202010/sublink-worker
[2026-08-05 19:13:05] [W-4] ⏭️ [user1] 仓库 https://github.com/chris202010/sublink-worker 1130h 未更新，跳过解析（无需追踪）
[2026-08-05 19:13:05] [W-20] ✅ 完成 [user1] kimmax603/OpenWrt-CI | 提取 0 | 新增 0 | 耗时 0s | 配额 4159/4800 11:13UTC | 主队列 28/200 发现队列 282/20000 [[fork1]:80 [user1]:202]
[2026-08-05 19:13:05] [W-20] 🔧 开始处理 [user1] chris202010/LunaTV
[2026-08-05 19:13:05] [W-20] ⏭️ [user1] 仓库 https://github.com/chris202010/LunaTV 1549h 未更新，跳过解析（无需追踪）
[2026-08-05 19:13:05] [W-20] ✅ 完成 [user1] chris202010/LunaTV | 提取 0 | 新增 0 | 耗时 0s | 配额 4159/4800 11:13UTC | 主队列 28/200 发现队列 281/20000 [[fork1]:80 [user1]:201]
[2026-08-05 19:13:05] [W-20] 🔧 开始处理 [user1] chris202010/cf-workers-docker.io
[2026-08-05 19:13:05] [W-20] ⏭️ [user1] 仓库 https://github.com/chris202010/cf-workers-docker.io 9722h 未更新，跳过解析（无需追踪）
[2026-08-05 19:13:05] [W-20] ✅ 完成 [user1] chris202010/cf-workers-docker.io | 提取 0 | 新增 0 | 耗时 0s | 配额 4159/4800 11:13UTC | 主队列 28/200 发现队列 280/20000 [[fork1]:80 [user1]:200]
[2026-08-05 19:13:05] [W-20] 🔧 开始处理 [user1] chris202010/Proxmox_VE_Status
[2026-08-05 19:13:05] [W-20] ⏭️ [user1] 仓库 https://github.com/chris202010/Proxmox_VE_Status 1632h 未更新，跳过解析（无需追踪）
[2026-08-05 19:13:05] [W-20] ✅ 完成 [user1] chris202010/Proxmox_VE_Status | 提取 0 | 新增 0 | 耗时 0s | 配额 4159/4800 11:13UTC | 主队列 28/200 发现队列 279/20000 [[fork1]:80 [user1]:199]
[2026-08-05 19:13:05] [W-20] 🔧 开始处理 [user1] chris202010/KTV
[2026-08-05 19:13:05] [W-20] ⏭️ [user1] 仓库 https://github.com/chris202010/KTV 2278h 未更新，跳过解析（无需追踪）
[2026-08-05 19:13:05] [W-20] ✅ 完成 [user1] chris202010/KTV | 提取 0 | 新增 0 | 耗时 0s | 配额 4159/4800 11:13UTC | 主队列 28/200 发现队列 278/20000 [[fork1]:80 [user1]:198]
[2026-08-05 19:13:05] [W-20] 🔧 开始处理 [user1] chris202010/cloud-mail
[2026-08-05 19:13:05] [W-20] ⏭️ [user1] 仓库 https://github.com/chris202010/cloud-mail 2030h 未更新，跳过解析（无需追踪）
[2026-08-05 19:13:05] [W-2] ✅ 完成 [user1] chris202010/sink | 提取 0 | 新增 0 | 耗时 0s | 配额 4159/4800 11:13UTC | 主队列 28/200 发现队列 277/20000 [[fork1]:80 [user1]:197]
[2026-08-05 19:13:05] [W-2] 🔧 开始处理 [user1] chris202010/music
[2026-08-05 19:13:05] [W-2] ⏭️ [user1] 仓库 https://github.com/chris202010/music 1872h 未更新，跳过解析（无需追踪）
[2026-08-05 19:13:05] [W-6] ✅ 完成 [user1] kimmax603/CF-Workers-DD2D | 提取 0 | 新增 0 | 耗时 0s | 配额 4159/4800 11:13UTC | 主队列 28/200 发现队列 276/20000 [[fork1]:80 [user1]:196]
[2026-08-05 19:13:05] [W-6] 🔧 开始处理 [user1] chris202010/CF-Workers-TURN
[2026-08-05 19:13:05] [W-6] ⏭️ [user1] 仓库 https://github.com/chris202010/CF-Workers-TURN 1896h 未更新，跳过解析（无需追踪）
[2026-08-05 19:13:05] [W-13] ✅ 完成 [user1] chris202010/ip-query-worker | 提取 0 | 新增 0 | 耗时 0s | 配额 4159/4800 11:13UTC | 主队列 28/200 发现队列 275/20000 [[fork1]:80 [user1]:195]
[2026-08-05 19:13:05] [W-13] 🔧 开始处理 [user1] chris202010/Cloudflare-Workers-Proxy
[2026-08-05 19:13:05] [W-13] ⏭️ [user1] 仓库 https://github.com/chris202010/Cloudflare-Workers-Proxy 6722h 未更新，跳过解析（无需追踪）
[2026-08-05 19:13:05] [W-13] ✅ 完成 [user1] chris202010/Cloudflare-Workers-Proxy | 提取 0 | 新增 0 | 耗时 0s | 配额 4159/4800 11:13UTC | 主队列 28/200 发现队列 274/20000 [[fork1]:80 [user1]:194]
[2026-08-05 19:13:05] [W-13] 🔧 开始处理 [user1] Devindan/sensetive-word-check
[2026-08-05 19:13:05] [W-13] ⏭️ [user1] 仓库 https://github.com/Devindan/sensetive-word-check 7083h 未更新，跳过解析（无需追踪）
[2026-08-05 19:13:05] [W-13] ✅ 完成 [user1] Devindan/sensetive-word-check | 提取 0 | 新增 0 | 耗时 0s | 配额 4159/4800 11:13UTC | 主队列 28/200 发现队列 273/20000 [[fork1]:80 [user1]:193]
[2026-08-05 19:13:05] [W-13] 🔧 开始处理 [user1] Devindan/opencli
[2026-08-05 19:13:05] [W-13] ⏭️ [user1] 仓库 https://github.com/Devindan/opencli 3090h 未更新，跳过解析（无需追踪）
[2026-08-05 19:13:05] [W-10] ✅ 完成 [user1] kimmax603/india-sub | 提取 0 | 新增 0 | 耗时 0s | 配额 4159/4800 11:13UTC | 主队列 28/200 发现队列 272/20000 [[fork1]:80 [user1]:192]
[2026-08-05 19:13:05] [W-10] 🔧 开始处理 [user1] Devindan/dify-official-plugins
[2026-08-05 19:13:05] [W-10] ⏭️ [user1] 仓库 https://github.com/Devindan/dify-official-plugins 9898h 未更新，跳过解析（无需追踪）
[2026-08-05 19:13:05] [W-5] ✅ 完成 [user1] chris202010/mytv | 提取 0 | 新增 0 | 耗时 0s | 配额 4159/4800 11:13UTC | 主队列 28/200 发现队列 271/20000 [[fork1]:80 [user1]:191]
[2026-08-05 19:13:05] [W-5] 🔧 开始处理 [user1] Devindan/Everybody
[2026-08-05 19:13:05] [W-5] ⏭️ [user1] 仓库 https://github.com/Devindan/Everybody 11266h 未更新，跳过解析（无需追踪）
[2026-08-05 19:13:05] [W-5] ✅ 完成 [user1] Devindan/Everybody | 提取 0 | 新增 0 | 耗时 0s | 配额 4159/4800 11:13UTC | 主队列 28/200 发现队列 270/20000 [[fork1]:80 [user1]:190]
[2026-08-05 19:13:05] [W-5] 🔧 开始处理 [user1] Devindan/docx4j
[2026-08-05 19:13:05] [W-5] ⏭️ [user1] 仓库 https://github.com/Devindan/docx4j 15652h 未更新，跳过解析（无需追踪）
[2026-08-05 19:13:05] [W-5] ✅ 完成 [user1] Devindan/docx4j | 提取 0 | 新增 0 | 耗时 0s | 配额 4159/4800 11:13UTC | 主队列 28/200 发现队列 269/20000 [[fork1]:80 [user1]:189]
[2026-08-05 19:13:05] [W-5] 🔧 开始处理 [user1] Wyatt36/v2ray
[2026-08-05 19:13:05] [W-5] 📝 已处理缓存: Wyatt36/v2ray
[2026-08-05 19:13:05] [W-5] ⏭️ [user1] 仓库 https://github.com/Wyatt36/v2ray 4858h 未更新，跳过解析（无需追踪）
[2026-08-05 19:13:05] [W-5] ✅ 完成 [user1] Wyatt36/v2ray | 提取 0 | 新增 0 | 耗时 0s | 配额 4159/4800 11:13UTC | 主队列 28/200 发现队列 268/20000 [[fork1]:80 [user1]:188]
[2026-08-05 19:13:05] [W-5] 🔧 开始处理 [user1] Wyatt36/sing-box
[2026-08-05 19:13:05] [W-5] 📝 已处理缓存: Wyatt36/sing-box
[2026-08-05 19:13:05] [W-5] ⏭️ [user1] 仓库 https://github.com/Wyatt36/sing-box 3286h 未更新，跳过解析（无需追踪）
[2026-08-05 19:13:05] [W-5] ✅ 完成 [user1] Wyatt36/sing-box | 提取 0 | 新增 0 | 耗时 0s | 配额 4159/4800 11:13UTC | 主队列 28/200 发现队列 267/20000 [[fork1]:80 [user1]:187]
[2026-08-05 19:13:05] [W-5] 🔧 开始处理 [user1] clift190/sing-box
[2026-08-05 19:13:05] [W-5] [user1] 仓库 https://github.com/clift190/sing-box (分支: testing, size: 10782KB, pushed: 2026-08-05T04:30:16Z)
[2026-08-05 19:13:05] [W-11] ✅ 完成 [user1] kimmax603/CFcdnVmess2sub | 提取 0 | 新增 0 | 耗时 0s | 配额 4159/4800 11:13UTC | 主队列 28/200 发现队列 266/20000 [[fork1]:80 [user1]:186]
[2026-08-05 19:13:05] [W-11] 🔧 开始处理 [user1] clift190/sumatrapdf
[2026-08-05 19:13:05] [W-11] [user1] 仓库 https://github.com/clift190/sumatrapdf (分支: master, size: 357797KB, pushed: 2026-08-05T04:29:49Z)
[2026-08-05 19:13:05] [W-4] ✅ 完成 [user1] chris202010/sublink-worker | 提取 0 | 新增 0 | 耗时 0s | 配额 4159/4800 11:13UTC | 主队列 28/200 发现队列 265/20000 [[fork1]:80 [user1]:185]
[2026-08-05 19:13:05] [W-4] 🔧 开始处理 [user1] clift190/sing-box-fscarmen
[2026-08-05 19:13:05] [W-4] [user1] 仓库 https://github.com/clift190/sing-box-fscarmen (分支: main, size: 662KB, pushed: 2026-08-05T04:29:28Z)
[2026-08-05 19:13:05] [W-12] ✅ 完成 [user1] chris202010/cfnew | 提取 0 | 新增 0 | 耗时 0s | 配额 4159/4800 11:13UTC | 主队列 28/200 发现队列 264/20000 [[fork1]:80 [user1]:184]
[2026-08-05 19:13:05] [W-12] 🔧 开始处理 [user1] clift190/v2ray-agent
[2026-08-05 19:13:05] [W-12] [user1] 仓库 https://github.com/clift190/v2ray-agent (分支: master, size: 36347KB, pushed: 2026-08-04T11:23:09Z)
[2026-08-05 19:13:05] [W-2] ✅ 完成 [user1] chris202010/music | 提取 0 | 新增 0 | 耗时 0s | 配额 4159/4800 11:13UTC | 主队列 28/200 发现队列 263/20000 [[fork1]:80 [user1]:183]
[2026-08-05 19:13:05] [W-2] 🔧 开始处理 [user1] clift190/PowerToys
[2026-08-05 19:13:05] [W-2] [user1] 仓库 https://github.com/clift190/PowerToys (分支: main, size: 465947KB, pushed: 2026-08-04T11:22:17Z)
[2026-08-05 19:13:05] [W-17] ✅ 完成 [user1] chris202010/cfnb | 提取 0 | 新增 0 | 耗时 0s | 配额 4159/4800 11:13UTC | 主队列 28/200 发现队列 262/20000 [[fork1]:80 [user1]:182]
[2026-08-05 19:13:05] [W-17] 🔧 开始处理 [user1] clift190/ArgoSBX
[2026-08-05 19:13:05] [W-17] ⏭️ [user1] 仓库 https://github.com/clift190/ArgoSBX 47h 未更新，跳过解析（无需追踪）
[2026-08-05 19:13:05] [W-17] ✅ 完成 [user1] clift190/ArgoSBX | 提取 0 | 新增 0 | 耗时 0s | 配额 4159/4800 11:13UTC | 主队列 28/200 发现队列 261/20000 [[fork1]:80 [user1]:181]
[2026-08-05 19:13:05] [W-17] 🔧 开始处理 [user1] clift190/nekobox
[2026-08-05 19:13:05] [W-17] ⏭️ [user1] 仓库 https://github.com/clift190/nekobox 58h 未更新，跳过解析（无需追踪）
[2026-08-05 19:13:05] [W-13] ✅ 完成 [user1] Devindan/opencli | 提取 0 | 新增 0 | 耗时 0s | 配额 4159/4800 11:13UTC | 主队列 28/200 发现队列 260/20000 [[fork1]:80 [user1]:180]
[2026-08-05 19:13:05] [W-13] 🔧 开始处理 [user1] clift190/GUI.for.SingBox
[2026-08-05 19:13:05] [W-13] ⏭️ [user1] 仓库 https://github.com/clift190/GUI.for.SingBox 103h 未更新，跳过解析（无需追踪）
[2026-08-05 19:13:05] [W-13] ✅ 完成 [user1] clift190/GUI.for.SingBox | 提取 0 | 新增 0 | 耗时 0s | 配额 4159/4800 11:13UTC | 主队列 28/200 发现队列 259/20000 [[fork1]:80 [user1]:179]
[2026-08-05 19:13:05] [W-13] 🔧 开始处理 [user1] clift190/cfnew
[2026-08-05 19:13:05] [W-13] ⏭️ [user1] 仓库 https://github.com/clift190/cfnew 106h 未更新，跳过解析（无需追踪）
[2026-08-05 19:13:05] [W-10] ✅ 完成 [user1] Devindan/dify-official-plugins | 提取 0 | 新增 0 | 耗时 0s | 配额 4159/4800 11:13UTC | 主队列 28/200 发现队列 258/20000 [[fork1]:80 [user1]:178]
[2026-08-05 19:13:05] [W-10] 🔧 开始处理 [user1] clift190/Throne
[2026-08-05 19:13:05] [W-10] ⏭️ [user1] 仓库 https://github.com/clift190/Throne 106h 未更新，跳过解析（无需追踪）
[2026-08-05 19:13:05] [W-3] ✅ 完成 [user1] chris202010/daily_stock_analysis | 提取 0 | 新增 0 | 耗时 0s | 配额 4159/4800 11:13UTC | 主队列 28/200 发现队列 257/20000 [[fork1]:80 [user1]:177]
[2026-08-05 19:13:05] [W-3] 🔧 开始处理 [user1] clift190/cherry-studio
[2026-08-05 19:13:05] [W-3] ⏭️ [user1] 仓库 https://github.com/clift190/cherry-studio 179h 未更新，跳过解析（无需追踪）
[2026-08-05 19:13:05] [W-18] ✅ 完成 [user1] chris202010/MoonTVPlus | 提取 0 | 新增 0 | 耗时 0s | 配额 4159/4800 11:13UTC | 主队列 28/200 发现队列 256/20000 [[fork1]:80 [user1]:176]
[2026-08-05 19:13:05] [W-18] 🔧 开始处理 [user1] clift190/NekoBoxForAndroid
[2026-08-05 19:13:05] [W-18] ⏭️ [user1] 仓库 https://github.com/clift190/NekoBoxForAndroid 216h 未更新，跳过解析（无需追踪）
[2026-08-05 19:13:05] [W-19] ✅ 完成 [user1] chris202010/Solara | 提取 0 | 新增 0 | 耗时 0s | 配额 4159/4800 11:13UTC | 主队列 28/200 发现队列 255/20000 [[fork1]:80 [user1]:175]
[2026-08-05 19:13:05] [W-19] 🔧 开始处理 [user1] clift190/sing-box-yg
[2026-08-05 19:13:05] [W-19] ⏭️ [user1] 仓库 https://github.com/clift190/sing-box-yg 225h 未更新，跳过解析（无需追踪）
[2026-08-05 19:13:05] [W-15] ✅ 完成 [user1] chris202010/DecoTV | 提取 0 | 新增 0 | 耗时 0s | 配额 4159/4800 11:13UTC | 主队列 28/200 发现队列 254/20000 [[fork1]:80 [user1]:174]
[2026-08-05 19:13:05] [W-15] 🔧 开始处理 [user1] clift190/localsend
[2026-08-05 19:13:05] [W-15] ⏭️ [user1] 仓库 https://github.com/clift190/localsend 274h 未更新，跳过解析（无需追踪）
[2026-08-05 19:13:05] [W-15] ✅ 完成 [user1] clift190/localsend | 提取 0 | 新增 0 | 耗时 0s | 配额 4159/4800 11:13UTC | 主队列 28/200 发现队列 253/20000 [[fork1]:80 [user1]:173]
[2026-08-05 19:13:05] [W-15] 🔧 开始处理 [user1] clift190/openclaw
[2026-08-05 19:13:05] [W-15] ⏭️ [user1] 仓库 https://github.com/clift190/openclaw 465h 未更新，跳过解析（无需追踪）
[2026-08-05 19:13:05] [W-15] ✅ 完成 [user1] clift190/openclaw | 提取 0 | 新增 0 | 耗时 0s | 配额 4159/4800 11:13UTC | 主队列 28/200 发现队列 252/20000 [[fork1]:80 [user1]:172]
[2026-08-05 19:13:05] [W-15] 🔧 开始处理 [user1] clift190/wireguard-install
[2026-08-05 19:13:05] [W-15] ⏭️ [user1] 仓库 https://github.com/clift190/wireguard-install 491h 未更新，跳过解析（无需追踪）
[2026-08-05 19:13:05] [W-15] ✅ 完成 [user1] clift190/wireguard-install | 提取 0 | 新增 0 | 耗时 0s | 配额 4159/4800 11:13UTC | 主队列 28/200 发现队列 251/20000 [[fork1]:80 [user1]:171]
[2026-08-05 19:13:05] [W-15] 🔧 开始处理 [user1] clift190/TrafficMonitor
[2026-08-05 19:13:05] [W-15] ⏭️ [user1] 仓库 https://github.com/clift190/TrafficMonitor 491h 未更新，跳过解析（无需追踪）
[2026-08-05 19:13:05] [W-15] ✅ 完成 [user1] clift190/TrafficMonitor | 提取 0 | 新增 0 | 耗时 0s | 配额 4159/4800 11:13UTC | 主队列 28/200 发现队列 250/20000 [[fork1]:80 [user1]:170]
[2026-08-05 19:13:05] [W-15] 🔧 开始处理 [user1] clift190/qysg
[2026-08-05 19:13:05] [W-15] ⏭️ [user1] 仓库 https://github.com/clift190/qysg 596h 未更新，跳过解析（无需追踪）
[2026-08-05 19:13:05] [W-15] ✅ 完成 [user1] clift190/qysg | 提取 0 | 新增 0 | 耗时 0s | 配额 4159/4800 11:13UTC | 主队列 28/200 发现队列 249/20000 [[fork1]:80 [user1]:169]
[2026-08-05 19:13:05] [W-15] 🔧 开始处理 [user1] clift190/awesome
[2026-08-05 19:13:05] [W-15] ⏭️ [user1] 仓库 https://github.com/clift190/awesome 945h 未更新，跳过解析（无需追踪）
[2026-08-05 19:13:05] [W-15] ✅ 完成 [user1] clift190/awesome | 提取 0 | 新增 0 | 耗时 0s | 配额 4159/4800 11:13UTC | 主队列 28/200 发现队列 248/20000 [[fork1]:80 [user1]:168]
[2026-08-05 19:13:05] [W-15] 🔧 开始处理 [user1] clift190/winutil
[2026-08-05 19:13:05] [W-15] ⏭️ [user1] 仓库 https://github.com/clift190/winutil 945h 未更新，跳过解析（无需追踪）
[2026-08-05 19:13:05] [W-13] ✅ 完成 [user1] clift190/cfnew | 提取 0 | 新增 0 | 耗时 0s | 配额 4159/4800 11:13UTC | 主队列 28/200 发现队列 247/20000 [[fork1]:80 [user1]:167]
[2026-08-05 19:13:05] [W-13] 🔧 开始处理 [user1] clift190/Cloudflare_vless_trojan
[2026-08-05 19:13:05] [W-13] ⏭️ [user1] 仓库 https://github.com/clift190/Cloudflare_vless_trojan 993h 未更新，跳过解析（无需追踪）
[2026-08-05 19:13:05] [W-10] ✅ 完成 [user1] clift190/Throne | 提取 0 | 新增 0 | 耗时 0s | 配额 4159/4800 11:13UTC | 主队列 28/200 发现队列 246/20000 [[fork1]:80 [user1]:166]
[2026-08-05 19:13:05] [W-10] 🔧 开始处理 [user1] clift190/calibre
[2026-08-05 19:13:05] [W-10] ⏭️ [user1] 仓库 https://github.com/clift190/calibre 1228h 未更新，跳过解析（无需追踪）
[2026-08-05 19:13:05] [W-10] ✅ 完成 [user1] clift190/calibre | 提取 0 | 新增 0 | 耗时 0s | 配额 4159/4800 11:13UTC | 主队列 28/200 发现队列 245/20000 [[fork1]:80 [user1]:165]
[2026-08-05 19:13:05] [W-10] 🔧 开始处理 [user1] clift190/adblockfilters
[2026-08-05 19:13:05] [W-10] ⏭️ [user1] 仓库 https://github.com/clift190/adblockfilters 1234h 未更新，跳过解析（无需追踪）
[2026-08-05 19:13:05] [W-10] ✅ 完成 [user1] clift190/adblockfilters | 提取 0 | 新增 0 | 耗时 0s | 配额 4159/4800 11:13UTC | 主队列 28/200 发现队列 244/20000 [[fork1]:80 [user1]:164]
[2026-08-05 19:13:05] [W-10] 🔧 开始处理 [user1] clift190/rufus
[2026-08-05 19:13:05] [W-10] ⏭️ [user1] 仓库 https://github.com/clift190/rufus 1234h 未更新，跳过解析（无需追踪）
[2026-08-05 19:13:05] [W-10] ✅ 完成 [user1] clift190/rufus | 提取 0 | 新增 0 | 耗时 0s | 配额 4159/4800 11:13UTC | 主队列 28/200 发现队列 243/20000 [[fork1]:80 [user1]:163]
[2026-08-05 19:13:05] [W-10] 🔧 开始处理 [user1] clift190/warp-sh
[2026-08-05 19:13:05] [W-10] ⏭️ [user1] 仓库 https://github.com/clift190/warp-sh 1494h 未更新，跳过解析（无需追踪）
[2026-08-05 19:13:05] [W-10] ✅ 完成 [user1] clift190/warp-sh | 提取 0 | 新增 0 | 耗时 0s | 配额 4159/4800 11:13UTC | 主队列 28/200 发现队列 242/20000 [[fork1]:80 [user1]:162]
[2026-08-05 19:13:05] [W-10] 🔧 开始处理 [user1] clift190/CloudflareSpeedTest
[2026-08-05 19:13:05] [W-10] ⏭️ [user1] 仓库 https://github.com/clift190/CloudflareSpeedTest 1713h 未更新，跳过解析（无需追踪）
[2026-08-05 19:13:05] [W-10] ✅ 完成 [user1] clift190/CloudflareSpeedTest | 提取 0 | 新增 0 | 耗时 0s | 配额 4159/4800 11:13UTC | 主队列 28/200 发现队列 241/20000 [[fork1]:80 [user1]:161]
[2026-08-05 19:13:05] [W-10] 🔧 开始处理 [user1] clift190/legado
[2026-08-05 19:13:05] [W-10] ⏭️ [user1] 仓库 https://github.com/clift190/legado 2064h 未更新，跳过解析（无需追踪）
[2026-08-05 19:13:05] [W-10] ✅ 完成 [user1] clift190/legado | 提取 0 | 新增 0 | 耗时 0s | 配额 4159/4800 11:13UTC | 主队列 28/200 发现队列 240/20000 [[fork1]:80 [user1]:160]
[2026-08-05 19:13:05] [W-10] 🔧 开始处理 [user1] clift190/HelloGitHub
[2026-08-05 19:13:05] [W-10] ⏭️ [user1] 仓库 https://github.com/clift190/HelloGitHub 3019h 未更新，跳过解析（无需追踪）
[2026-08-05 19:13:05] [W-22] ✅ 完成 [user1] chris202010/cfnew-deployer | 提取 0 | 新增 0 | 耗时 0s | 配额 4159/4800 11:13UTC | 主队列 28/200 发现队列 239/20000 [[fork1]:80 [user1]:159]
[2026-08-05 19:13:05] [W-22] 🔧 开始处理 [user1] clift190/ProxyBridge
[2026-08-05 19:13:05] [W-22] ⏭️ [user1] 仓库 https://github.com/clift190/ProxyBridge 3240h 未更新，跳过解析（无需追踪）
[2026-08-05 19:13:05] [W-20] ✅ 完成 [user1] chris202010/cloud-mail | 提取 0 | 新增 0 | 耗时 0s | 配额 4159/4800 11:13UTC | 主队列 28/200 发现队列 238/20000 [[fork1]:80 [user1]:158]
[2026-08-05 19:13:05] [W-20] 🔧 开始处理 [user1] clift190/Umi-OCR
[2026-08-05 19:13:05] [W-20] ⏭️ [user1] 仓库 https://github.com/clift190/Umi-OCR 4805h 未更新，跳过解析（无需追踪）
[2026-08-05 19:13:05] [W-20] ✅ 完成 [user1] clift190/Umi-OCR | 提取 0 | 新增 0 | 耗时 0s | 配额 4159/4800 11:13UTC | 主队列 28/200 发现队列 237/20000 [[fork1]:80 [user1]:157]
[2026-08-05 19:13:05] [W-20] 🔧 开始处理 [user1] clift190/MusicFree
[2026-08-05 19:13:05] [W-20] 📝 已处理缓存: clift190/MusicFree
[2026-08-05 19:13:05] [W-20] ⏭️ [user1] 仓库 https://github.com/clift190/MusicFree 6747h 未更新，跳过解析（无需追踪）
[2026-08-05 19:13:05] [W-20] ✅ 完成 [user1] clift190/MusicFree | 提取 0 | 新增 0 | 耗时 0s | 配额 4159/4800 11:13UTC | 主队列 28/200 发现队列 236/20000 [[fork1]:80 [user1]:156]
[2026-08-05 19:13:05] [W-20] 🔧 开始处理 [user1] clift190/reader
[2026-08-05 19:13:05] [W-20] 📝 已处理缓存: clift190/reader
[2026-08-05 19:13:05] [W-20] ⏭️ [user1] 仓库 https://github.com/clift190/reader 9363h 未更新，跳过解析（无需追踪）
[2026-08-05 19:13:05] [W-20] ✅ 完成 [user1] clift190/reader | 提取 0 | 新增 0 | 耗时 0s | 配额 4159/4800 11:13UTC | 主队列 28/200 发现队列 235/20000 [[fork1]:80 [user1]:155]
[2026-08-05 19:13:05] [W-20] 🔧 开始处理 [user1] clift190/WindTerm
[2026-08-05 19:13:05] [W-20] 📝 已处理缓存: clift190/WindTerm
[2026-08-05 19:13:05] [W-20] ⏭️ [user1] 仓库 https://github.com/clift190/WindTerm 12849h 未更新，跳过解析（无需追踪）
[2026-08-05 19:13:05] [W-20] ✅ 完成 [user1] clift190/WindTerm | 提取 0 | 新增 0 | 耗时 0s | 配额 4159/4800 11:13UTC | 主队列 28/200 发现队列 234/20000 [[fork1]:80 [user1]:154]
[2026-08-05 19:13:05] [W-20] 🔧 开始处理 [user1] clift190/warp
[2026-08-05 19:13:05] [W-20] ⚠️ [user1] 仓库 https://github.com/clift190/warp 已禁用，跳过
[2026-08-05 19:13:05] [W-20] ✅ 完成 [user1] clift190/warp | 提取 0 | 新增 0 | 耗时 0s | 配额 4159/4800 11:13UTC | 主队列 28/200 发现队列 233/20000 [[fork1]:80 [user1]:153]
[2026-08-05 19:13:05] [W-20] 🔧 开始处理 [user1] clift190/IF-XTW
[2026-08-05 19:13:05] [W-20] ⚠️ [user1] 仓库 https://github.com/clift190/IF-XTW 已禁用，跳过
[2026-08-05 19:13:05] [W-3] ✅ 完成 [user1] clift190/cherry-studio | 提取 0 | 新增 0 | 耗时 0s | 配额 4159/4800 11:13UTC | 主队列 28/200 发现队列 232/20000 [[fork1]:80 [user1]:152]
[2026-08-05 19:13:05] [W-3] 🔧 开始处理 [user1] clift190/HerokuXray
[2026-08-05 19:13:05] [W-3] ⚠️ [user1] 仓库 https://github.com/clift190/HerokuXray 已禁用，跳过
[2026-08-05 19:13:05] [W-1] ✅ 完成 [user1] chris202010/charmingcheung000 | 提取 0 | 新增 0 | 耗时 0s | 配额 4159/4800 11:13UTC | 主队列 28/200 发现队列 231/20000 [[fork1]:80 [user1]:151]
[2026-08-05 19:13:05] [W-1] 🔧 开始处理 [user1] clift190/Hk-V2-vl-auto
[2026-08-05 19:13:05] [W-1] ⚠️ [user1] 仓库 https://github.com/clift190/Hk-V2-vl-auto 已禁用，跳过
[2026-08-05 19:13:05] [W-1] ✅ 完成 [user1] clift190/Hk-V2-vl-auto | 提取 0 | 新增 0 | 耗时 0s | 配额 4159/4800 11:13UTC | 主队列 28/200 发现队列 230/20000 [[fork1]:80 [user1]:150]
[2026-08-05 19:13:05] [W-1] 🔧 开始处理 [user1] clift190/EUserv-Restart
[2026-08-05 19:13:05] [W-1] ⚠️ [user1] 仓库 https://github.com/clift190/EUserv-Restart 已禁用，跳过
[2026-08-05 19:13:05] [W-18] ✅ 完成 [user1] clift190/NekoBoxForAndroid | 提取 0 | 新增 0 | 耗时 0s | 配额 4159/4800 11:13UTC | 主队列 28/200 发现队列 229/20000 [[fork1]:80 [user1]:149]
[2026-08-05 19:13:05] [W-18] 🔧 开始处理 [user1] clift190/Textnow-Send-Msg
[2026-08-05 19:13:05] [W-18] ⚠️ [user1] 仓库 https://github.com/clift190/Textnow-Send-Msg 已禁用，跳过
[2026-08-05 19:13:05] [W-15] ✅ 完成 [user1] clift190/winutil | 提取 0 | 新增 0 | 耗时 0s | 配额 4159/4800 11:13UTC | 主队列 28/200 发现队列 228/20000 [[fork1]:80 [user1]:148]
[2026-08-05 19:13:05] [W-15] 🔧 开始处理 [user1] alxprgs/ASFES-MULTIPLEX
[2026-08-05 19:13:05] [W-15] ⏭️ [user1] 仓库 https://github.com/alxprgs/ASFES-MULTIPLEX 648h 未更新，跳过解析（无需追踪）
[2026-08-05 19:13:05] [W-15] ✅ 完成 [user1] alxprgs/ASFES-MULTIPLEX | 提取 0 | 新增 0 | 耗时 0s | 配额 4159/4800 11:13UTC | 主队列 28/200 发现队列 227/20000 [[fork1]:80 [user1]:147]
[2026-08-05 19:13:05] [W-15] 🔧 开始处理 [user1] alxprgs/alxprgs
[2026-08-05 19:13:05] [W-15] ⏭️ [user1] 仓库 https://github.com/alxprgs/alxprgs 1462h 未更新，跳过解析（无需追踪）
[2026-08-05 19:13:05] [W-15] ✅ 完成 [user1] alxprgs/alxprgs | 提取 0 | 新增 0 | 耗时 0s | 配额 4159/4800 11:13UTC | 主队列 28/200 发现队列 226/20000 [[fork1]:80 [user1]:146]
[2026-08-05 19:13:05] [W-15] 🔧 开始处理 [user1] alxprgs/soil-tiller-calculator
[2026-08-05 19:13:05] [W-15] ⏭️ [user1] 仓库 https://github.com/alxprgs/soil-tiller-calculator 2344h 未更新，跳过解析（无需追踪）
[2026-08-05 19:13:05] [W-15] ✅ 完成 [user1] alxprgs/soil-tiller-calculator | 提取 0 | 新增 0 | 耗时 0s | 配额 4159/4800 11:13UTC | 主队列 28/200 发现队列 225/20000 [[fork1]:80 [user1]:145]
[2026-08-05 19:13:05] [W-15] 🔧 开始处理 [user1] alxprgs/ananasiki_hackathon_18-04-26
[2026-08-05 19:13:05] [W-15] ⏭️ [user1] 仓库 https://github.com/alxprgs/ananasiki_hackathon_18-04-26 2585h 未更新，跳过解析（无需追踪）
[2026-08-05 19:13:05] [W-19] ✅ 完成 [user1] clift190/sing-box-yg | 提取 0 | 新增 0 | 耗时 0s | 配额 4159/4800 11:13UTC | 主队列 28/200 发现队列 224/20000 [[fork1]:80 [user1]:144]
[2026-08-05 19:13:05] [W-19] 🔧 开始处理 [user1] alxprgs/RTC_RDP_Server
[2026-08-05 19:13:05] [W-19] ⏭️ [user1] 仓库 https://github.com/alxprgs/RTC_RDP_Server 3423h 未更新，跳过解析（无需追踪）
[2026-08-05 19:13:05] [W-19] ✅ 完成 [user1] alxprgs/RTC_RDP_Server | 提取 0 | 新增 0 | 耗时 0s | 配额 4159/4800 11:13UTC | 主队列 28/200 发现队列 223/20000 [[fork1]:80 [user1]:143]
[2026-08-05 19:13:05] [W-19] 🔧 开始处理 [user1] alxprgs/RoboMaster-SDK
[2026-08-05 19:13:05] [W-19] ⏭️ [user1] 仓库 https://github.com/alxprgs/RoboMaster-SDK 3491h 未更新，跳过解析（无需追踪）
[2026-08-05 19:13:05] [W-19] ✅ 完成 [user1] alxprgs/RoboMaster-SDK | 提取 0 | 新增 0 | 耗时 0s | 配额 4159/4800 11:13UTC | 主队列 28/200 发现队列 222/20000 [[fork1]:80 [user1]:142]
[2026-08-05 19:13:05] [W-19] 🔧 开始处理 [user1] alxprgs/school_manipulators
[2026-08-05 19:13:05] [W-19] ⏭️ [user1] 仓库 https://github.com/alxprgs/school_manipulators 3697h 未更新，跳过解析（无需追踪）
[2026-08-05 19:13:05] [W-10] ✅ 完成 [user1] clift190/HelloGitHub | 提取 0 | 新增 0 | 耗时 0s | 配额 4159/4800 11:13UTC | 主队列 28/200 发现队列 221/20000 [[fork1]:80 [user1]:141]
[2026-08-05 19:13:05] [W-10] 🔧 开始处理 [user1] alxprgs/RTC_RDP
[2026-08-05 19:13:05] [W-10] ⏭️ [user1] 仓库 https://github.com/alxprgs/RTC_RDP 4053h 未更新，跳过解析（无需追踪）
[2026-08-05 19:13:05] [W-10] ✅ 完成 [user1] alxprgs/RTC_RDP | 提取 0 | 新增 0 | 耗时 0s | 配额 4159/4800 11:13UTC | 主队列 28/200 发现队列 220/20000 [[fork1]:80 [user1]:140]
[2026-08-05 19:13:05] [W-10] 🔧 开始处理 [user1] alxprgs/RTC_RDP_Joy
[2026-08-05 19:13:05] [W-10] ⏭️ [user1] 仓库 https://github.com/alxprgs/RTC_RDP_Joy 4058h 未更新，跳过解析（无需追踪）
[2026-08-05 19:13:05] [W-10] ✅ 完成 [user1] alxprgs/RTC_RDP_Joy | 提取 0 | 新增 0 | 耗时 0s | 配额 4159/4800 11:13UTC | 主队列 28/200 发现队列 219/20000 [[fork1]:80 [user1]:139]
[2026-08-05 19:13:05] [W-10] 🔧 开始处理 [user1] alxprgs/RTC_RDP_LIB_L298N
[2026-08-05 19:13:05] [W-10] ⏭️ [user1] 仓库 https://github.com/alxprgs/RTC_RDP_LIB_L298N 4251h 未更新，跳过解析（无需追踪）
[2026-08-05 19:13:05] [W-17] ✅ 完成 [user1] clift190/nekobox | 提取 0 | 新增 0 | 耗时 0s | 配额 4159/4800 11:13UTC | 主队列 28/200 发现队列 218/20000 [[fork1]:80 [user1]:138]
[2026-08-05 19:13:05] [W-17] 🔧 开始处理 [user1] alxprgs/library-registry
[2026-08-05 19:13:05] [W-17] ⏭️ [user1] 仓库 https://github.com/alxprgs/library-registry 4291h 未更新，跳过解析（无需追踪）
[2026-08-05 19:13:05] [W-13] ✅ 完成 [user1] clift190/Cloudflare_vless_trojan | 提取 0 | 新增 0 | 耗时 0s | 配额 4159/4800 11:13UTC | 主队列 28/200 发现队列 217/20000 [[fork1]:80 [user1]:137]
[2026-08-05 19:13:05] [W-13] 🔧 开始处理 [user1] alxprgs/RTC_RDP_Cam
[2026-08-05 19:13:05] [W-13] ⏭️ [user1] 仓库 https://github.com/alxprgs/RTC_RDP_Cam 4575h 未更新，跳过解析（无需追踪）
[2026-08-05 19:13:05] [W-13] ✅ 完成 [user1] alxprgs/RTC_RDP_Cam | 提取 0 | 新增 0 | 耗时 0s | 配额 4159/4800 11:13UTC | 主队列 28/200 发现队列 216/20000 [[fork1]:80 [user1]:136]
[2026-08-05 19:13:05] [W-13] 🔧 开始处理 [user1] alxprgs/zovnikovy_hackathon_22-23-11-25
[2026-08-05 19:13:05] [W-13] ⏭️ [user1] 仓库 https://github.com/alxprgs/zovnikovy_hackathon_22-23-11-25 6119h 未更新，跳过解析（无需追踪）
[2026-08-05 19:13:05] [W-13] ✅ 完成 [user1] alxprgs/zovnikovy_hackathon_22-23-11-25 | 提取 0 | 新增 0 | 耗时 0s | 配额 4159/4800 11:13UTC | 主队列 28/200 发现队列 215/20000 [[fork1]:80 [user1]:135]
[2026-08-05 19:13:05] [W-13] 🔧 开始处理 [user1] alxprgs/UAV-Delivery-DB-Server
[2026-08-05 19:13:05] [W-13] ⏭️ [user1] 仓库 https://github.com/alxprgs/UAV-Delivery-DB-Server 9502h 未更新，跳过解析（无需追踪）
[2026-08-05 19:13:05] [W-18] ✅ 完成 [user1] clift190/Textnow-Send-Msg | 提取 0 | 新增 0 | 耗时 0s | 配额 4159/4800 11:13UTC | 主队列 28/200 发现队列 214/20000 [[fork1]:80 [user1]:134]
[2026-08-05 19:13:05] [W-18] 🔧 开始处理 [user1] alxprgs/infa
[2026-08-05 19:13:05] [W-18] ⏭️ [user1] 仓库 https://github.com/alxprgs/infa 10802h 未更新，跳过解析（无需追踪）
[2026-08-05 19:13:05] [W-18] ✅ 完成 [user1] alxprgs/infa | 提取 0 | 新增 0 | 耗时 0s | 配额 4159/4800 11:13UTC | 主队列 28/200 发现队列 213/20000 [[fork1]:80 [user1]:133]
[2026-08-05 19:13:05] [W-18] 🔧 开始处理 [user1] alxprgs/server
[2026-08-05 19:13:05] [W-18] ⏭️ [user1] 仓库 https://github.com/alxprgs/server 11172h 未更新，跳过解析（无需追踪）
[2026-08-05 19:13:05] [W-18] ✅ 完成 [user1] alxprgs/server | 提取 0 | 新增 0 | 耗时 0s | 配额 4159/4800 11:13UTC | 主队列 28/200 发现队列 212/20000 [[fork1]:80 [user1]:132]
[2026-08-05 19:13:05] [W-18] 🔧 开始处理 [user1] alxprgs/cdg_api
[2026-08-05 19:13:05] [W-18] ⏭️ [user1] 仓库 https://github.com/alxprgs/cdg_api 11247h 未更新，跳过解析（无需追踪）
[2026-08-05 19:13:05] [W-22] ✅ 完成 [user1] clift190/ProxyBridge | 提取 0 | 新增 0 | 耗时 0s | 配额 4159/4800 11:13UTC | 主队列 28/200 发现队列 211/20000 [[fork1]:80 [user1]:131]
[2026-08-05 19:13:05] [W-22] 🔧 开始处理 [user1] alxprgs/for-thickon
[2026-08-05 19:13:05] [W-22] ⏭️ [user1] 仓库 https://github.com/alxprgs/for-thickon 主要语言 HTML，跳过
[2026-08-05 19:13:05] [W-20] ✅ 完成 [user1] clift190/IF-XTW | 提取 0 | 新增 0 | 耗时 0s | 配额 4159/4800 11:13UTC | 主队列 28/200 发现队列 210/20000 [[fork1]:80 [user1]:130]
[2026-08-05 19:13:05] [W-20] 🔧 开始处理 [user1] alxprgs/for-thickon-api
[2026-08-05 19:13:05] [W-20] ⏭️ [user1] 仓库 https://github.com/alxprgs/for-thickon-api 12446h 未更新，跳过解析（无需追踪）
[2026-08-05 19:13:05] [W-19] ✅ 完成 [user1] alxprgs/school_manipulators | 提取 0 | 新增 0 | 耗时 0s | 配额 4159/4800 11:13UTC | 主队列 28/200 发现队列 209/20000 [[fork1]:80 [user1]:129]
[2026-08-05 19:13:05] [W-19] 🔧 开始处理 [user1] alxprgs/Avangard_v3
[2026-08-05 19:13:05] [W-19] ⏭️ [user1] 仓库 https://github.com/alxprgs/Avangard_v3 3427h 未更新，跳过解析（无需追踪）
[2026-08-05 19:13:05] [W-19] ✅ 完成 [user1] alxprgs/Avangard_v3 | 提取 0 | 新增 0 | 耗时 0s | 配额 4159/4800 11:13UTC | 主队列 28/200 发现队列 208/20000 [[fork1]:80 [user1]:128]
[2026-08-05 19:13:05] [W-19] 🔧 开始处理 [user1] alxprgs/alxorgs.github.io
[2026-08-05 19:13:05] [W-19] ⏭️ [user1] 仓库 https://github.com/alxprgs/alxorgs.github.io 14078h 未更新，跳过解析（无需追踪）
[2026-08-05 19:13:05] [W-3] ✅ 完成 [user1] clift190/HerokuXray | 提取 0 | 新增 0 | 耗时 0s | 配额 4159/4800 11:13UTC | 主队列 28/200 发现队列 207/20000 [[fork1]:80 [user1]:127]
[2026-08-05 19:13:05] [W-3] 🔧 开始处理 [user1] alxprgs/avangard_v2
[2026-08-05 19:13:05] [W-3] ⏭️ [user1] 仓库 https://github.com/alxprgs/avangard_v2 15532h 未更新，跳过解析（无需追踪）
[2026-08-05 19:13:05] [W-19] ✅ 完成 [user1] alxprgs/alxorgs.github.io | 提取 0 | 新增 0 | 耗时 0s | 配额 4159/4800 11:13UTC | 主队列 28/200 发现队列 206/20000 [[fork1]:80 [user1]:126]
[2026-08-05 19:13:05] [W-19] 🔧 开始处理 [user1] njuFerret/bing-wallpaper
[2026-08-05 19:13:05] [W-19] [user1] 仓库 https://github.com/njuFerret/bing-wallpaper (分支: main, size: 27147KB, pushed: 2026-08-05T09:36:59Z)
[2026-08-05 19:13:05] [W-17] ✅ 完成 [user1] alxprgs/library-registry | 提取 0 | 新增 0 | 耗时 0s | 配额 4159/4800 11:13UTC | 主队列 28/200 发现队列 205/20000 [[fork1]:80 [user1]:125]
[2026-08-05 19:13:05] [W-17] 🔧 开始处理 [user1] njuFerret/NUEDC_Topic
[2026-08-05 19:13:05] [W-17] ⏭️ [user1] 仓库 https://github.com/njuFerret/NUEDC_Topic 105h 未更新，跳过解析（无需追踪）
[2026-08-05 19:13:05] [W-17] ✅ 完成 [user1] njuFerret/NUEDC_Topic | 提取 0 | 新增 0 | 耗时 0s | 配额 4159/4800 11:13UTC | 主队列 28/200 发现队列 204/20000 [[fork1]:80 [user1]:124]
[2026-08-05 19:13:05] [W-17] 🔧 开始处理 [user1] njuFerret/clazy
[2026-08-05 19:13:05] [W-17] ⏭️ [user1] 仓库 https://github.com/njuFerret/clazy 176h 未更新，跳过解析（无需追踪）
[2026-08-05 19:13:05] [W-17] ✅ 完成 [user1] njuFerret/clazy | 提取 0 | 新增 0 | 耗时 0s | 配额 4159/4800 11:13UTC | 主队列 28/200 发现队列 203/20000 [[fork1]:80 [user1]:123]
[2026-08-05 19:13:05] [W-17] 🔧 开始处理 [user1] njuFerret/mingw-builds-binaries
[2026-08-05 19:13:05] [W-17] ⏭️ [user1] 仓库 https://github.com/njuFerret/mingw-builds-binaries 224h 未更新，跳过解析（无需追踪）
[2026-08-05 19:13:05] [W-17] ✅ 完成 [user1] njuFerret/mingw-builds-binaries | 提取 0 | 新增 0 | 耗时 0s | 配额 4159/4800 11:13UTC | 主队列 28/200 发现队列 202/20000 [[fork1]:80 [user1]:122]
[2026-08-05 19:13:05] [W-17] 🔧 开始处理 [user1] njuFerret/edu_res
[2026-08-05 19:13:05] [W-17] ⏭️ [user1] 仓库 https://github.com/njuFerret/edu_res 443h 未更新，跳过解析（无需追踪）
[2026-08-05 19:13:05] [W-6] ✅ 完成 [user1] chris202010/CF-Workers-TURN | 提取 0 | 新增 0 | 耗时 0s | 配额 4159/4800 11:13UTC | 主队列 28/200 发现队列 201/20000 [[fork1]:80 [user1]:121]
[2026-08-05 19:13:05] [W-6] 🔧 开始处理 [user1] njuFerret/qt-custom-widget
[2026-08-05 19:13:05] [W-6] ⏭️ [user1] 仓库 https://github.com/njuFerret/qt-custom-widget 596h 未更新，跳过解析（无需追踪）
[2026-08-05 19:13:05] [W-6] ✅ 完成 [user1] njuFerret/qt-custom-widget | 提取 0 | 新增 0 | 耗时 0s | 配额 4159/4800 11:13UTC | 主队列 28/200 发现队列 200/20000 [[fork1]:80 [user1]:120]
[2026-08-05 19:13:05] [W-6] 🔧 开始处理 [user1] njuFerret/JQTools
[2026-08-05 19:13:05] [W-6] ⏭️ [user1] 仓库 https://github.com/njuFerret/JQTools 1303h 未更新，跳过解析（无需追踪）
[2026-08-05 19:13:05] [W-6] ✅ 完成 [user1] njuFerret/JQTools | 提取 0 | 新增 0 | 耗时 0s | 配额 4159/4800 11:13UTC | 主队列 28/200 发现队列 199/20000 [[fork1]:80 [user1]:119]
[2026-08-05 19:13:05] [W-6] 🔧 开始处理 [user1] njuFerret/awesome-micropython
[2026-08-05 19:13:05] [W-6] ⏭️ [user1] 仓库 https://github.com/njuFerret/awesome-micropython 主要语言 HTML，跳过
[2026-08-05 19:13:05] [W-20] ✅ 完成 [user1] alxprgs/for-thickon-api | 提取 0 | 新增 0 | 耗时 0s | 配额 4159/4800 11:13UTC | 主队列 28/200 发现队列 198/20000 [[fork1]:80 [user1]:118]
[2026-08-05 19:13:05] [W-20] 🔧 开始处理 [user1] njuFerret/imgui
[2026-08-05 19:13:05] [W-20] ⏭️ [user1] 仓库 https://github.com/njuFerret/imgui 1303h 未更新，跳过解析（无需追踪）
[2026-08-05 19:13:05] [W-13] ✅ 完成 [user1] alxprgs/UAV-Delivery-DB-Server | 提取 0 | 新增 0 | 耗时 0s | 配额 4159/4800 11:13UTC | 主队列 28/200 发现队列 197/20000 [[fork1]:80 [user1]:117]
[2026-08-05 19:13:05] [W-13] 🔧 开始处理 [user1] njuFerret/Bilibili-Evolved
[2026-08-05 19:13:05] [W-13] ⏭️ [user1] 仓库 https://github.com/njuFerret/Bilibili-Evolved 1303h 未更新，跳过解析（无需追踪）
[2026-08-05 19:13:05] [W-1] ✅ 完成 [user1] clift190/EUserv-Restart | 提取 0 | 新增 0 | 耗时 0s | 配额 4159/4800 11:13UTC | 主队列 28/200 发现队列 196/20000 [[fork1]:80 [user1]:116]
[2026-08-05 19:13:05] [W-1] 🔧 开始处理 [user1] njuFerret/qt-creator
[2026-08-05 19:13:05] [W-1] ⏭️ [user1] 仓库 https://github.com/njuFerret/qt-creator 1304h 未更新，跳过解析（无需追踪）
[2026-08-05 19:13:05] [W-3] ✅ 完成 [user1] alxprgs/avangard_v2 | 提取 0 | 新增 0 | 耗时 0s | 配额 4159/4800 11:13UTC | 主队列 28/200 发现队列 195/20000 [[fork1]:80 [user1]:115]
[2026-08-05 19:13:05] [W-3] 🔧 开始处理 [user1] njuFerret/Cloudflare-vless-trojan
[2026-08-05 19:13:05] [W-3] ⏭️ [user1] 仓库 https://github.com/njuFerret/Cloudflare-vless-trojan 1304h 未更新，跳过解析（无需追踪）
[2026-08-05 19:13:05] [W-3] ✅ 完成 [user1] njuFerret/Cloudflare-vless-trojan | 提取 0 | 新增 0 | 耗时 0s | 配额 4159/4800 11:13UTC | 主队列 28/200 发现队列 194/20000 [[fork1]:80 [user1]:114]
[2026-08-05 19:13:05] [W-3] 🔧 开始处理 [user1] njuFerret/QodeAssist
[2026-08-05 19:13:05] [W-3] ⏭️ [user1] 仓库 https://github.com/njuFerret/QodeAssist 1304h 未更新，跳过解析（无需追踪）
[2026-08-05 19:13:05] [W-3] ✅ 完成 [user1] njuFerret/QodeAssist | 提取 0 | 新增 0 | 耗时 0s | 配额 4159/4800 11:13UTC | 主队列 28/200 发现队列 193/20000 [[fork1]:80 [user1]:113]
[2026-08-05 19:13:05] [W-3] 🔧 开始处理 [user1] njuFerret/fitlog
[2026-08-05 19:13:05] [W-3] ⏭️ [user1] 仓库 https://github.com/njuFerret/fitlog 25427h 未更新，跳过解析（无需追踪）
[2026-08-05 19:13:05] [W-3] ✅ 完成 [user1] njuFerret/fitlog | 提取 0 | 新增 0 | 耗时 0s | 配额 4159/4800 11:13UTC | 主队列 28/200 发现队列 192/20000 [[fork1]:80 [user1]:112]
[2026-08-05 19:13:05] [W-3] 🔧 开始处理 [user1] njuFerret/lx-music-source
[2026-08-05 19:13:05] [W-3] ⏭️ [user1] 仓库 https://github.com/njuFerret/lx-music-source 4683h 未更新，跳过解析（无需追踪）
[2026-08-05 19:13:05] [W-6] ✅ 完成 [user1] njuFerret/awesome-micropython | 提取 0 | 新增 0 | 耗时 0s | 配额 4159/4800 11:13UTC | 主队列 28/200 发现队列 191/20000 [[fork1]:80 [user1]:111]
[2026-08-05 19:13:05] [W-6] 🔧 开始处理 [user1] njuFerret/lx-music-desktop
[2026-08-05 19:13:05] [W-6] ⏭️ [user1] 仓库 https://github.com/njuFerret/lx-music-desktop 2815h 未更新，跳过解析（无需追踪）
[2026-08-05 19:13:05] [W-22] ✅ 完成 [user1] alxprgs/for-thickon | 提取 0 | 新增 0 | 耗时 0s | 配额 4159/4800 11:13UTC | 主队列 28/200 发现队列 190/20000 [[fork1]:80 [user1]:110]
[2026-08-05 19:13:05] [W-22] 🔧 开始处理 [user1] njuFerret/node-ws
[2026-08-05 19:13:05] [W-22] ⏭️ [user1] 仓库 https://github.com/njuFerret/node-ws 2695h 未更新，跳过解析（无需追踪）
[2026-08-05 19:13:05] [W-22] ✅ 完成 [user1] njuFerret/node-ws | 提取 0 | 新增 0 | 耗时 0s | 配额 4159/4800 11:13UTC | 主队列 28/200 发现队列 189/20000 [[fork1]:80 [user1]:109]
[2026-08-05 19:13:05] [W-22] 🔧 开始处理 [user1] njuFerret/edgetunnel
[2026-08-05 19:13:05] [W-22] ⏭️ [user1] 仓库 https://github.com/njuFerret/edgetunnel 2890h 未更新，跳过解析（无需追踪）
[2026-08-05 19:13:05] [W-20] ✅ 完成 [user1] njuFerret/imgui | 提取 0 | 新增 0 | 耗时 0s | 配额 4159/4800 11:13UTC | 主队列 28/200 发现队列 188/20000 [[fork1]:80 [user1]:108]
[2026-08-05 19:13:05] [W-20] 🔧 开始处理 [user1] njuFerret/Custom_OpenClash_Rules
[2026-08-05 19:13:05] [W-20] ⏭️ [user1] 仓库 https://github.com/njuFerret/Custom_OpenClash_Rules 3067h 未更新，跳过解析（无需追踪）
[2026-08-05 19:13:05] [W-20] ✅ 完成 [user1] njuFerret/Custom_OpenClash_Rules | 提取 0 | 新增 0 | 耗时 0s | 配额 4159/4800 11:13UTC | 主队列 28/200 发现队列 187/20000 [[fork1]:80 [user1]:107]
[2026-08-05 19:13:05] [W-20] 🔧 开始处理 [user1] njuFerret/lopaka
[2026-08-05 19:13:05] [W-20] ⏭️ [user1] 仓库 https://github.com/njuFerret/lopaka 3237h 未更新，跳过解析（无需追踪）
[2026-08-05 19:13:05] [W-13] ✅ 完成 [user1] njuFerret/Bilibili-Evolved | 提取 0 | 新增 0 | 耗时 0s | 配额 4159/4800 11:13UTC | 主队列 28/200 发现队列 186/20000 [[fork1]:80 [user1]:106]
[2026-08-05 19:13:05] [W-13] 🔧 开始处理 [user1] njuFerret/RepoArchiver
[2026-08-05 19:13:05] [W-13] ⏭️ [user1] 仓库 https://github.com/njuFerret/RepoArchiver 3294h 未更新，跳过解析（无需追踪）
[2026-08-05 19:13:05] [W-1] ✅ 完成 [user1] njuFerret/qt-creator | 提取 0 | 新增 0 | 耗时 0s | 配额 4159/4800 11:13UTC | 主队列 28/200 发现队列 185/20000 [[fork1]:80 [user1]:105]
[2026-08-05 19:13:05] [W-1] 🔧 开始处理 [user1] njuFerret/lobe-chat
[2026-08-05 19:13:05] [W-1] ⏭️ [user1] 仓库 https://github.com/njuFerret/lobe-chat 3503h 未更新，跳过解析（无需追踪）
[2026-08-05 19:13:05] [W-10] ✅ 完成 [user1] alxprgs/RTC_RDP_LIB_L298N | 提取 0 | 新增 0 | 耗时 0s | 配额 4159/4800 11:13UTC | 主队列 28/200 发现队列 184/20000 [[fork1]:80 [user1]:104]
[2026-08-05 19:13:05] [W-10] 🔧 开始处理 [user1] njuFerret/workflow
[2026-08-05 19:13:05] [W-10] ⏭️ [user1] 仓库 https://github.com/njuFerret/workflow 3547h 未更新，跳过解析（无需追踪）
[2026-08-05 19:13:05] [W-10] ✅ 完成 [user1] njuFerret/workflow | 提取 0 | 新增 0 | 耗时 0s | 配额 4159/4800 11:13UTC | 主队列 28/200 发现队列 183/20000 [[fork1]:80 [user1]:103]
[2026-08-05 19:13:05] [W-10] 🔧 开始处理 [user1] njuFerret/nodeeditor
[2026-08-05 19:13:05] [W-10] ⏭️ [user1] 仓库 https://github.com/njuFerret/nodeeditor 3547h 未更新，跳过解析（无需追踪）
[2026-08-05 19:13:05] [W-6] ✅ 完成 [user1] njuFerret/lx-music-desktop | 提取 0 | 新增 0 | 耗时 0s | 配额 4159/4800 11:13UTC | 主队列 28/200 发现队列 182/20000 [[fork1]:80 [user1]:102]
[2026-08-05 19:13:05] [W-6] 🔧 开始处理 [user1] njuFerret/box2d
[2026-08-05 19:13:05] [W-6] ⏭️ [user1] 仓库 https://github.com/njuFerret/box2d 3547h 未更新，跳过解析（无需追踪）
[2026-08-05 19:13:05] [W-6] ✅ 完成 [user1] njuFerret/box2d | 提取 0 | 新增 0 | 耗时 0s | 配额 4159/4800 11:13UTC | 主队列 28/200 发现队列 181/20000 [[fork1]:80 [user1]:101]
[2026-08-05 19:13:05] [W-6] 🔧 开始处理 [user1] njuFerret/QtAVPlayer
[2026-08-05 19:13:05] [W-6] ⏭️ [user1] 仓库 https://github.com/njuFerret/QtAVPlayer 3548h 未更新，跳过解析（无需追踪）
[2026-08-05 19:13:05] [W-22] ✅ 完成 [user1] njuFerret/edgetunnel | 提取 0 | 新增 0 | 耗时 0s | 配额 4159/4800 11:13UTC | 主队列 28/200 发现队列 180/20000 [[fork1]:80 [user1]:100]
[2026-08-05 19:13:05] [W-22] 🔧 开始处理 [user1] njuFerret/LimeSurvey
[2026-08-05 19:13:05] [W-22] ⏭️ [user1] 仓库 https://github.com/njuFerret/LimeSurvey 3548h 未更新，跳过解析（无需追踪）
[2026-08-05 19:13:05] [W-18] ✅ 完成 [user1] alxprgs/cdg_api | 提取 0 | 新增 0 | 耗时 0s | 配额 4159/4800 11:13UTC | 主队列 28/200 发现队列 179/20000 [[fork1]:80 [user1]:99]
[2026-08-05 19:13:05] [W-18] 🔧 开始处理 [user1] njuFerret/u8g2
[2026-08-05 19:13:05] [W-18] ⏭️ [user1] 仓库 https://github.com/njuFerret/u8g2 3548h 未更新，跳过解析（无需追踪）
[2026-08-05 19:13:05] [W-15] ✅ 完成 [user1] alxprgs/ananasiki_hackathon_18-04-26 | 提取 0 | 新增 0 | 耗时 0s | 配额 4159/4800 11:13UTC | 主队列 28/200 发现队列 178/20000 [[fork1]:80 [user1]:98]
[2026-08-05 19:13:05] [W-15] 🔧 开始处理 [user1] njuFerret/NVIDIA-patcher
[2026-08-05 19:13:05] [W-15] ⏭️ [user1] 仓库 https://github.com/njuFerret/NVIDIA-patcher 3658h 未更新，跳过解析（无需追踪）
[2026-08-05 19:13:05] [W-13] ✅ 完成 [user1] njuFerret/RepoArchiver | 提取 0 | 新增 0 | 耗时 0s | 配额 4159/4800 11:13UTC | 主队列 28/200 发现队列 177/20000 [[fork1]:80 [user1]:97]
[2026-08-05 19:13:05] [W-13] 🔧 开始处理 [user1] njuFerret/AutoBuildImmortalWrt
[2026-08-05 19:13:05] [W-13] ⏭️ [user1] 仓库 https://github.com/njuFerret/AutoBuildImmortalWrt 3653h 未更新，跳过解析（无需追踪）
[2026-08-05 19:13:05] [W-20] ✅ 完成 [user1] njuFerret/lopaka | 提取 0 | 新增 0 | 耗时 0s | 配额 4159/4800 11:13UTC | 主队列 28/200 发现队列 176/20000 [[fork1]:80 [user1]:96]
[2026-08-05 19:13:05] [W-20] 🔧 开始处理 [user1] maoxikun/mosdns
[2026-08-05 19:13:05] [W-20] ⏭️ [user1] 仓库 https://github.com/maoxikun/mosdns 274h 未更新，跳过解析（无需追踪）
[2026-08-05 19:13:05] [W-1] ✅ 完成 [user1] njuFerret/lobe-chat | 提取 0 | 新增 0 | 耗时 0s | 配额 4159/4800 11:13UTC | 主队列 28/200 发现队列 175/20000 [[fork1]:80 [user1]:95]
[2026-08-05 19:13:05] [W-1] 🔧 开始处理 [user1] maoxikun/sync-fork
[2026-08-05 19:13:05] [W-1] [user1] 仓库 https://github.com/maoxikun/sync-fork (分支: main, size: 269KB, pushed: 2026-08-04T21:01:27Z)
[2026-08-05 19:13:05] [W-10] ✅ 完成 [user1] njuFerret/nodeeditor | 提取 0 | 新增 0 | 耗时 0s | 配额 4159/4800 11:13UTC | 主队列 28/200 发现队列 174/20000 [[fork1]:80 [user1]:94]
[2026-08-05 19:13:05] [W-10] 🔧 开始处理 [user1] maoxikun/ray-data-for-java
[2026-08-05 19:13:05] [W-10] [user1] 仓库 https://github.com/maoxikun/ray-data-for-java (分支: main, size: 343KB, pushed: 2026-08-04T21:00:16Z)
[2026-08-05 19:13:05] [W-3] ✅ 完成 [user1] njuFerret/lx-music-source | 提取 0 | 新增 0 | 耗时 0s | 配额 4159/4800 11:13UTC | 主队列 28/200 发现队列 173/20000 [[fork1]:80 [user1]:93]
[2026-08-05 19:13:05] [W-3] 🔧 开始处理 [user1] maoxikun/UFI-TOOLS
[2026-08-05 19:13:05] [W-3] ⏭️ [user1] 仓库 https://github.com/maoxikun/UFI-TOOLS 38h 未更新，跳过解析（无需追踪）
[2026-08-05 19:13:05] [W-6] ✅ 完成 [user1] njuFerret/QtAVPlayer | 提取 0 | 新增 0 | 耗时 0s | 配额 4159/4800 11:13UTC | 主队列 28/200 发现队列 172/20000 [[fork1]:80 [user1]:92]
[2026-08-05 19:13:05] [W-6] 🔧 开始处理 [user1] maoxikun/hysteria
[2026-08-05 19:13:05] [W-6] ⏭️ [user1] 仓库 https://github.com/maoxikun/hysteria 38h 未更新，跳过解析（无需追踪）
[2026-08-05 19:13:05] [W-17] ✅ 完成 [user1] njuFerret/edu_res | 提取 0 | 新增 0 | 耗时 0s | 配额 4159/4800 11:13UTC | 主队列 28/200 发现队列 171/20000 [[fork1]:80 [user1]:91]
[2026-08-05 19:13:05] [W-17] 🔧 开始处理 [user1] maoxikun/AndroidLibXrayLite
[2026-08-05 19:13:05] [W-17] ⏭️ [user1] 仓库 https://github.com/maoxikun/AndroidLibXrayLite 110h 未更新，跳过解析（无需追踪）
[2026-08-05 19:13:05] [W-17] ✅ 完成 [user1] maoxikun/AndroidLibXrayLite | 提取 0 | 新增 0 | 耗时 0s | 配额 4159/4800 11:13UTC | 主队列 28/200 发现队列 170/20000 [[fork1]:80 [user1]:90]
[2026-08-05 19:13:05] [W-17] 🔧 开始处理 [user1] maoxikun/Xray-core
[2026-08-05 19:13:05] [W-17] ⏭️ [user1] 仓库 https://github.com/maoxikun/Xray-core 182h 未更新，跳过解析（无需追踪）
[2026-08-05 19:13:05] [W-17] ✅ 完成 [user1] maoxikun/Xray-core | 提取 0 | 新增 0 | 耗时 0s | 配额 4159/4800 11:13UTC | 主队列 28/200 发现队列 169/20000 [[fork1]:80 [user1]:89]
[2026-08-05 19:13:05] [W-17] 🔧 开始处理 [user1] maoxikun/java-design-patterns
[2026-08-05 19:13:05] [W-17] ⏭️ [user1] 仓库 https://github.com/maoxikun/java-design-patterns 759h 未更新，跳过解析（无需追踪）
[2026-08-05 19:13:05] [W-17] ✅ 完成 [user1] maoxikun/java-design-patterns | 提取 0 | 新增 0 | 耗时 0s | 配额 4159/4800 11:13UTC | 主队列 28/200 发现队列 168/20000 [[fork1]:80 [user1]:88]
[2026-08-05 19:13:05] [W-17] 🔧 开始处理 [user1] maoxikun/Microsoft-Activation-Scripts
[2026-08-05 19:13:05] [W-17] ⏭️ [user1] 仓库 https://github.com/maoxikun/Microsoft-Activation-Scripts 759h 未更新，跳过解析（无需追踪）
[2026-08-05 19:13:05] [W-13] ✅ 完成 [user1] njuFerret/AutoBuildImmortalWrt | 提取 0 | 新增 0 | 耗时 0s | 配额 4159/4800 11:13UTC | 主队列 28/200 发现队列 167/20000 [[fork1]:80 [user1]:87]
[2026-08-05 19:13:05] [W-13] 🔧 开始处理 [user1] maoxikun/hysteria-realm-server
[2026-08-05 19:13:05] [W-13] ⏭️ [user1] 仓库 https://github.com/maoxikun/hysteria-realm-server 1045h 未更新，跳过解析（无需追踪）
[2026-08-05 19:13:05] [W-13] ✅ 完成 [user1] maoxikun/hysteria-realm-server | 提取 0 | 新增 0 | 耗时 0s | 配额 4159/4800 11:13UTC | 主队列 28/200 发现队列 166/20000 [[fork1]:80 [user1]:86]
[2026-08-05 19:13:05] [W-13] 🔧 开始处理 [user1] maoxikun/music-lib
[2026-08-05 19:13:05] [W-13] ⏭️ [user1] 仓库 https://github.com/maoxikun/music-lib 1522h 未更新，跳过解析（无需追踪）
[2026-08-05 19:13:05] [W-13] ✅ 完成 [user1] maoxikun/music-lib | 提取 0 | 新增 0 | 耗时 0s | 配额 4159/4800 11:13UTC | 主队列 28/200 发现队列 165/20000 [[fork1]:80 [user1]:85]
[2026-08-05 19:13:05] [W-13] 🔧 开始处理 [user1] maoxikun/smartdns-build
[2026-08-05 19:13:05] [W-13] ⏭️ [user1] 仓库 https://github.com/maoxikun/smartdns-build 827h 未更新，跳过解析（无需追踪）
[2026-08-05 19:13:05] [W-13] ✅ 完成 [user1] maoxikun/smartdns-build | 提取 0 | 新增 0 | 耗时 0s | 配额 4159/4800 11:13UTC | 主队列 28/200 发现队列 164/20000 [[fork1]:80 [user1]:84]
[2026-08-05 19:13:05] [W-13] 🔧 开始处理 [user1] maoxikun/minio
[2026-08-05 19:13:05] [W-13] ⏭️ [user1] 仓库 https://github.com/maoxikun/minio 2465h 未更新，跳过解析（无需追踪）
[2026-08-05 19:13:05] [W-13] ✅ 完成 [user1] maoxikun/minio | 提取 0 | 新增 0 | 耗时 0s | 配额 4159/4800 11:13UTC | 主队列 28/200 发现队列 163/20000 [[fork1]:80 [user1]:83]
[2026-08-05 19:13:05] [W-13] 🔧 开始处理 [user1] maoxikun/U20-F50
[2026-08-05 19:13:05] [W-13] ⏭️ [user1] 仓库 https://github.com/maoxikun/U20-F50 1838h 未更新，跳过解析（无需追踪）
[2026-08-05 19:13:05] [W-13] ✅ 完成 [user1] maoxikun/U20-F50 | 提取 0 | 新增 0 | 耗时 0s | 配额 4159/4800 11:13UTC | 主队列 28/200 发现队列 162/20000 [[fork1]:80 [user1]:82]
[2026-08-05 19:13:05] [W-13] 🔧 开始处理 [user1] maoxikun/REALITY
[2026-08-05 19:13:05] [W-13] ⏭️ [user1] 仓库 https://github.com/maoxikun/REALITY 3255h 未更新，跳过解析（无需追踪）
[2026-08-05 19:13:05] [W-13] ✅ 完成 [user1] maoxikun/REALITY | 提取 0 | 新增 0 | 耗时 0s | 配额 4159/4800 11:13UTC | 主队列 28/200 发现队列 161/20000 [[fork1]:80 [user1]:81]
[2026-08-05 19:13:05] [W-13] 🔧 开始处理 [user1] maoxikun/IntelBluetoothFirmware
[2026-08-05 19:13:05] [W-13] ⏭️ [user1] 仓库 https://github.com/maoxikun/IntelBluetoothFirmware 4846h 未更新，跳过解析（无需追踪）
[2026-08-05 19:13:05] [W-13] ✅ 完成 [user1] maoxikun/IntelBluetoothFirmware | 提取 0 | 新增 0 | 耗时 0s | 配额 4159/4800 11:13UTC | 主队列 28/200 发现队列 160/20000 [[fork1]:80 [user1]:80]
[2026-08-05 19:13:05] [W-13] 🔧 开始处理 [user1] maoxikun/itlwm
[2026-08-05 19:13:05] [W-13] ⏭️ [user1] 仓库 https://github.com/maoxikun/itlwm 18101h 未更新，跳过解析（无需追踪）
[2026-08-05 19:13:05] [W-13] ✅ 完成 [user1] maoxikun/itlwm | 提取 0 | 新增 0 | 耗时 0s | 配额 4159/4800 11:13UTC | 主队列 28/200 发现队列 159/20000 [[fork1]:80 [user1]:79]
[2026-08-05 19:13:05] [W-13] 🔧 开始处理 [user1] maoxikun/adp-list
[2026-08-05 19:13:05] [W-13] ⏭️ [user1] 仓库 https://github.com/maoxikun/adp-list 6529h 未更新，跳过解析（无需追踪）
[2026-08-05 19:13:05] [W-15] ✅ 完成 [user1] njuFerret/NVIDIA-patcher | 提取 0 | 新增 0 | 耗时 0s | 配额 4159/4800 11:13UTC | 主队列 28/200 发现队列 158/20000 [[fork1]:80 [user1]:78]
[2026-08-05 19:13:05] [W-15] 🔧 开始处理 [user1] maoxikun/chrome-extension-demo
[2026-08-05 19:13:05] [W-15] ⏭️ [user1] 仓库 https://github.com/maoxikun/chrome-extension-demo 7130h 未更新，跳过解析（无需追踪）
[2026-08-05 19:13:05] [W-15] ✅ 完成 [user1] maoxikun/chrome-extension-demo | 提取 0 | 新增 0 | 耗时 0s | 配额 4159/4800 11:13UTC | 主队列 28/200 发现队列 157/20000 [[fork1]:80 [user1]:77]
[2026-08-05 19:13:05] [W-15] 🔧 开始处理 [user1] maoxikun/ModemPro
[2026-08-05 19:13:05] [W-15] ⏭️ [user1] 仓库 https://github.com/maoxikun/ModemPro 7388h 未更新，跳过解析（无需追踪）
[2026-08-05 19:13:05] [W-22] ✅ 完成 [user1] njuFerret/LimeSurvey | 提取 0 | 新增 0 | 耗时 0s | 配额 4159/4800 11:13UTC | 主队列 28/200 发现队列 156/20000 [[fork1]:80 [user1]:76]
[2026-08-05 19:13:05] [W-22] 🔧 开始处理 [user1] maoxikun/cursor
[2026-08-05 19:13:05] [W-22] ⏭️ [user1] 仓库 https://github.com/maoxikun/cursor 9137h 未更新，跳过解析（无需追踪）
[2026-08-05 19:13:05] [W-22] ✅ 完成 [user1] maoxikun/cursor | 提取 0 | 新增 0 | 耗时 0s | 配额 4159/4800 11:13UTC | 主队列 28/200 发现队列 155/20000 [[fork1]:80 [user1]:75]
[2026-08-05 19:13:05] [W-22] 🔧 开始处理 [user1] maoxikun/unisoc-android.github.io
[2026-08-05 19:13:05] [W-22] ⏭️ [user1] 仓库 https://github.com/maoxikun/unisoc-android.github.io 39351h 未更新，跳过解析（无需追踪）
[2026-08-05 19:13:05] [W-22] ✅ 完成 [user1] maoxikun/unisoc-android.github.io | 提取 0 | 新增 0 | 耗时 0s | 配额 4159/4800 11:13UTC | 主队列 28/200 发现队列 154/20000 [[fork1]:80 [user1]:74]
[2026-08-05 19:13:05] [W-22] 🔧 开始处理 [user1] maoxikun/edgetunnel
[2026-08-05 19:13:05] [W-22] ⏭️ [user1] 仓库 https://github.com/maoxikun/edgetunnel 14775h 未更新，跳过解析（无需追踪）
[2026-08-05 19:13:05] [W-22] ✅ 完成 [user1] maoxikun/edgetunnel | 提取 0 | 新增 0 | 耗时 0s | 配额 4159/4800 11:13UTC | 主队列 28/200 发现队列 153/20000 [[fork1]:80 [user1]:73]
[2026-08-05 19:13:05] [W-22] 🔧 开始处理 [user1] maoxikun/EDtunnel
[2026-08-05 19:13:05] [W-22] ⏭️ [user1] 仓库 https://github.com/maoxikun/EDtunnel 18999h 未更新，跳过解析（无需追踪）
[2026-08-05 19:13:05] [W-22] ✅ 完成 [user1] maoxikun/EDtunnel | 提取 0 | 新增 0 | 耗时 0s | 配额 4159/4800 11:13UTC | 主队列 28/200 发现队列 152/20000 [[fork1]:80 [user1]:72]
[2026-08-05 19:13:05] [W-22] 🔧 开始处理 [user1] maoxikun/deploy
[2026-08-05 19:13:05] [W-22] ⚠️ [user1] 仓库 https://github.com/maoxikun/deploy 已禁用，跳过
[2026-08-05 19:13:05] [W-3] ✅ 完成 [user1] maoxikun/UFI-TOOLS | 提取 0 | 新增 0 | 耗时 0s | 配额 4159/4800 11:13UTC | 主队列 28/200 发现队列 151/20000 [[fork1]:80 [user1]:71]
[2026-08-05 19:13:05] [W-3] 🔧 开始处理 [user1] maoxikun/pandora
[2026-08-05 19:13:05] [W-3] ⏭️ [user1] 仓库 https://github.com/maoxikun/pandora 24250h 未更新，跳过解析（无需追踪）
[2026-08-05 19:13:05] [W-3] ✅ 完成 [user1] maoxikun/pandora | 提取 0 | 新增 0 | 耗时 0s | 配额 4159/4800 11:13UTC | 主队列 28/200 发现队列 150/20000 [[fork1]:80 [user1]:70]
[2026-08-05 19:13:05] [W-3] 🔧 开始处理 [user1] maoxikun/cocopilot
[2026-08-05 19:13:05] [W-3] ⚠️ [user1] 仓库 https://github.com/maoxikun/cocopilot 已禁用，跳过
[2026-08-05 19:13:05] [W-18] ✅ 完成 [user1] njuFerret/u8g2 | 提取 0 | 新增 0 | 耗时 0s | 配额 4159/4800 11:13UTC | 主队列 28/200 发现队列 149/20000 [[fork1]:80 [user1]:69]
[2026-08-05 19:13:05] [W-18] 🔧 开始处理 [fork1] dzhuang/subconverter
[2026-08-05 19:13:05] [W-18] ⏭️ [fork1] 仓库 https://github.com/dzhuang/subconverter 23008h 未更新，跳过解析（无需追踪）
[2026-08-05 19:13:05] [W-18] ✅ 完成 [fork1] dzhuang/subconverter | 提取 0 | 新增 0 | 耗时 0s | 配额 4159/4800 11:13UTC | 主队列 28/200 发现队列 148/20000 [[fork1]:79 [user1]:69]
[2026-08-05 19:13:05] [W-18] 🔧 开始处理 [fork1] Paimonhub/subconverter-meta
[2026-08-05 19:13:05] [W-18] ⏭️ [fork1] 仓库 https://github.com/Paimonhub/subconverter-meta 25942h 未更新，跳过解析（无需追踪）
[2026-08-05 19:13:05] [W-18] ✅ 完成 [fork1] Paimonhub/subconverter-meta | 提取 0 | 新增 0 | 耗时 0s | 配额 4159/4800 11:13UTC | 主队列 28/200 发现队列 147/20000 [[fork1]:78 [user1]:69]
[2026-08-05 19:13:05] [W-18] 🔧 开始处理 [fork1] jtzhpf/subconverter_pub
[2026-08-05 19:13:05] [W-18] ⏭️ [fork1] 仓库 https://github.com/jtzhpf/subconverter_pub 24671h 未更新，跳过解析（无需追踪）
[2026-08-05 19:13:05] [W-18] ✅ 完成 [fork1] jtzhpf/subconverter_pub | 提取 0 | 新增 0 | 耗时 0s | 配额 4159/4800 11:13UTC | 主队列 28/200 发现队列 146/20000 [[fork1]:77 [user1]:69]
[2026-08-05 19:13:05] [W-18] 🔧 开始处理 [fork1] d2184/subconverter
[2026-08-05 19:13:05] [W-18] ⏭️ [fork1] 仓库 https://github.com/d2184/subconverter 4179h 未更新，跳过解析（无需追踪）
[2026-08-05 19:13:05] [W-18] ✅ 完成 [fork1] d2184/subconverter | 提取 0 | 新增 0 | 耗时 0s | 配额 4159/4800 11:13UTC | 主队列 28/200 发现队列 145/20000 [[fork1]:76 [user1]:69]
[2026-08-05 19:13:05] [W-18] 🔧 开始处理 [fork1] argoclaw/subconverter
[2026-08-05 19:13:05] [W-18] ⏭️ [fork1] 仓库 https://github.com/argoclaw/subconverter 1854h 未更新，跳过解析（无需追踪）
[2026-08-05 19:13:05] [W-18] ✅ 完成 [fork1] argoclaw/subconverter | 提取 0 | 新增 0 | 耗时 0s | 配额 4159/4800 11:13UTC | 主队列 28/200 发现队列 144/20000 [[fork1]:75 [user1]:69]
[2026-08-05 19:13:05] [W-18] 🔧 开始处理 [fork1] mjjonone/subconverter
[2026-08-05 19:13:05] [W-18] ⏭️ [fork1] 仓库 https://github.com/mjjonone/subconverter 22011h 未更新，跳过解析（无需追踪）
[2026-08-05 19:13:05] [W-18] ✅ 完成 [fork1] mjjonone/subconverter | 提取 0 | 新增 0 | 耗时 0s | 配额 4159/4800 11:13UTC | 主队列 28/200 发现队列 143/20000 [[fork1]:74 [user1]:69]
[2026-08-05 19:13:05] [W-18] 🔧 开始处理 [fork1] mulder125/subconverter_mtea
[2026-08-05 19:13:05] [W-18] ⏭️ [fork1] 仓库 https://github.com/mulder125/subconverter_mtea 5332h 未更新，跳过解析（无需追踪）
[2026-08-05 19:13:05] [W-18] ✅ 完成 [fork1] mulder125/subconverter_mtea | 提取 0 | 新增 0 | 耗时 0s | 配额 4159/4800 11:13UTC | 主队列 28/200 发现队列 142/20000 [[fork1]:73 [user1]:69]
[2026-08-05 19:13:05] [W-18] 🔧 开始处理 [fork1] bamzest/subconverter
[2026-08-05 19:13:05] [W-18] ⏭️ [fork1] 仓库 https://github.com/bamzest/subconverter 5120h 未更新，跳过解析（无需追踪）
[2026-08-05 19:13:05] [W-18] ✅ 完成 [fork1] bamzest/subconverter | 提取 0 | 新增 0 | 耗时 0s | 配额 4159/4800 11:13UTC | 主队列 28/200 发现队列 141/20000 [[fork1]:72 [user1]:69]
[2026-08-05 19:13:05] [W-18] 🔧 开始处理 [fork1] Seed680/subconverter
[2026-08-05 19:13:05] [W-18] 📝 已处理缓存: Seed680/subconverter
[2026-08-05 19:13:05] [W-18] ⏭️ [fork1] 仓库 https://github.com/Seed680/subconverter 5091h 未更新，跳过解析（无需追踪）
[2026-08-05 19:13:05] [W-18] ✅ 完成 [fork1] Seed680/subconverter | 提取 0 | 新增 0 | 耗时 0s | 配额 4159/4800 11:13UTC | 主队列 28/200 发现队列 140/20000 [[fork1]:71 [user1]:69]
[2026-08-05 19:13:05] [W-18] 🔧 开始处理 [fork1] howard55/subconverter
[2026-08-05 19:13:05] [W-18] ⏭️ [fork1] 仓库 https://github.com/howard55/subconverter 15521h 未更新，跳过解析（无需追踪）
[2026-08-05 19:13:05] [W-18] ✅ 完成 [fork1] howard55/subconverter | 提取 0 | 新增 0 | 耗时 0s | 配额 4159/4800 11:13UTC | 主队列 28/200 发现队列 139/20000 [[fork1]:70 [user1]:69]
[2026-08-05 19:13:05] [W-18] 🔧 开始处理 [fork1] wlnxing-fork/sub-with-meta
[2026-08-05 19:13:05] [W-18] ⏭️ [fork1] 仓库 https://github.com/wlnxing-fork/sub-with-meta 14585h 未更新，跳过解析（无需追踪）
[2026-08-05 19:13:05] [W-18] ✅ 完成 [fork1] wlnxing-fork/sub-with-meta | 提取 0 | 新增 0 | 耗时 0s | 配额 4159/4800 11:13UTC | 主队列 28/200 发现队列 138/20000 [[fork1]:69 [user1]:69]
[2026-08-05 19:13:05] [W-18] 🔧 开始处理 [fork1] fangcun518/metaSubconverter
[2026-08-05 19:13:05] [W-18] ⏭️ [fork1] 仓库 https://github.com/fangcun518/metaSubconverter 15521h 未更新，跳过解析（无需追踪）
[2026-08-05 19:13:05] [W-6] ✅ 完成 [user1] maoxikun/hysteria | 提取 0 | 新增 0 | 耗时 0s | 配额 4159/4800 11:13UTC | 主队列 28/200 发现队列 137/20000 [[fork1]:68 [user1]:69]
[2026-08-05 19:13:05] [W-6] 🔧 开始处理 [fork1] ayy123/subconverter
[2026-08-05 19:13:05] [W-20] ✅ 完成 [user1] maoxikun/mosdns | 提取 0 | 新增 0 | 耗时 0s | 配额 4159/4800 11:13UTC | 主队列 28/200 发现队列 137/20000 [[fork1]:68 [user1]:69]
[2026-08-05 19:13:05] [W-20] 🔧 开始处理 [fork1] hkxiaoyao/subconverter
[2026-08-05 19:13:05] [W-20] ⏭️ [fork1] 仓库 https://github.com/hkxiaoyao/subconverter 15521h 未更新，跳过解析（无需追踪）
[2026-08-05 19:13:05] [W-20] ✅ 完成 [fork1] hkxiaoyao/subconverter | 提取 0 | 新增 0 | 耗时 0s | 配额 4159/4800 11:13UTC | 主队列 28/200 发现队列 135/20000 [[fork1]:66 [user1]:69]
[2026-08-05 19:13:05] [W-13] ✅ 完成 [user1] maoxikun/adp-list | 提取 0 | 新增 0 | 耗时 0s | 配额 4159/4800 11:13UTC | 主队列 28/200 发现队列 137/20000 [[fork1]:68 [user1]:69]
[2026-08-05 19:13:05] [W-13] 🔧 开始处理 [fork1] kedzlcy/subconverter
[2026-08-05 19:13:05] [W-13] ⏭️ [fork1] 仓库 https://github.com/kedzlcy/subconverter 15521h 未更新，跳过解析（无需追踪）
[2026-08-05 19:13:05] [W-13] ✅ 完成 [fork1] kedzlcy/subconverter | 提取 0 | 新增 0 | 耗时 0s | 配额 4159/4800 11:13UTC | 主队列 28/200 发现队列 133/20000 [[fork1]:64 [user1]:69]
[2026-08-05 19:13:05] [W-13] 🔧 开始处理 [fork1] theworldhello/subconverter
[2026-08-05 19:13:05] [W-13] ⏭️ [fork1] 仓库 https://github.com/theworldhello/subconverter 2356h 未更新，跳过解析（无需追踪）
[2026-08-05 19:13:05] [W-15] ✅ 完成 [user1] maoxikun/ModemPro | 提取 0 | 新增 0 | 耗时 0s | 配额 4159/4800 11:13UTC | 主队列 28/200 发现队列 137/20000 [[fork1]:68 [user1]:69]
[2026-08-05 19:13:05] [W-15] 🔧 开始处理 [fork1] CrazyForks/subconverter-2
[2026-08-05 19:13:05] [W-15] ⏭️ [fork1] 仓库 https://github.com/CrazyForks/subconverter-2 15521h 未更新，跳过解析（无需追踪）
[2026-08-05 19:13:05] [W-15] ✅ 完成 [fork1] CrazyForks/subconverter-2 | 提取 0 | 新增 0 | 耗时 0s | 配额 4159/4800 11:13UTC | 主队列 28/200 发现队列 131/20000 [[fork1]:62 [user1]:69]
[2026-08-05 19:13:05] [W-3] ✅ 完成 [user1] maoxikun/cocopilot | 提取 0 | 新增 0 | 耗时 0s | 配额 4159/4800 11:13UTC | 主队列 28/200 发现队列 137/20000 [[fork1]:68 [user1]:69]
[2026-08-05 19:13:05] [W-3] 🔧 开始处理 [fork1] andyliukun/subconverter
[2026-08-05 19:13:05] [W-3] 📝 已处理缓存: andyliukun/subconverter
[2026-08-05 19:13:05] [W-17] ✅ 完成 [user1] maoxikun/Microsoft-Activation-Scripts | 提取 0 | 新增 0 | 耗时 0s | 配额 4159/4800 11:13UTC | 主队列 28/200 发现队列 136/20000 [[fork1]:67 [user1]:69]
[2026-08-05 19:13:05] [W-17] 🔧 开始处理 [fork1] siren202101/MetaCubeX-subconverter
[2026-08-05 19:13:05] [W-15] 🔧 开始处理 [fork1] gg99yl/subconverter
[2026-08-05 19:13:05] [W-6] ⏭️ [fork1] 仓库 https://github.com/ayy123/subconverter 15521h 未更新，跳过解析（无需追踪）
[2026-08-05 19:13:05] [W-6] ✅ 完成 [fork1] ayy123/subconverter | 提取 0 | 新增 0 | 耗时 0s | 配额 4159/4800 11:13UTC | 主队列 28/200 发现队列 128/20000 [[fork1]:59 [user1]:69]
[2026-08-05 19:13:05] [W-6] 🔧 开始处理 [fork1] vaechy/subconverter
[2026-08-05 19:13:05] [W-20] 🔧 开始处理 [fork1] titix1988/subconverter
[2026-08-05 19:13:05] [W-15] ⏭️ [fork1] 仓库 https://github.com/gg99yl/subconverter 15521h 未更新，跳过解析（无需追踪）
[2026-08-05 19:13:05] [W-3] ⏭️ [fork1] 仓库 https://github.com/andyliukun/subconverter 15521h 未更新，跳过解析（无需追踪）
[2026-08-05 19:13:05] [W-3] ✅ 完成 [fork1] andyliukun/subconverter | 提取 0 | 新增 0 | 耗时 0s | 配额 4159/4800 11:13UTC | 主队列 28/200 发现队列 127/20000 [[fork1]:58 [user1]:69]
[2026-08-05 19:13:05] [W-17] 📝 已处理缓存: siren202101/MetaCubeX-subconverter
[2026-08-05 19:13:05] [W-17] ⏭️ [fork1] 仓库 https://github.com/siren202101/MetaCubeX-subconverter 11135h 未更新，跳过解析（无需追踪）
[2026-08-05 19:13:05] [W-17] ✅ 完成 [fork1] siren202101/MetaCubeX-subconverter | 提取 0 | 新增 0 | 耗时 0s | 配额 4159/4800 11:13UTC | 主队列 28/200 发现队列 126/20000 [[fork1]:57 [user1]:69]
[2026-08-05 19:13:05] [W-18] ✅ 完成 [fork1] fangcun518/metaSubconverter | 提取 0 | 新增 0 | 耗时 0s | 配额 4159/4800 11:13UTC | 主队列 28/200 发现队列 134/20000 [[fork1]:65 [user1]:69]
[2026-08-05 19:13:05] [W-18] 🔧 开始处理 [fork1] 1fantasy1/subconverter
[2026-08-05 19:13:05] [W-18] 📝 已处理缓存: 1fantasy1/subconverter
[2026-08-05 19:13:05] [W-3] 🔧 开始处理 [fork1] yandangyun/subconverter
[2026-08-05 19:13:05] [W-3] 📝 已处理缓存: yandangyun/subconverter
[2026-08-05 19:13:05] [W-3] ⏭️ [fork1] 仓库 https://github.com/yandangyun/subconverter 15521h 未更新，跳过解析（无需追踪）
[2026-08-05 19:13:05] [W-13] ✅ 完成 [fork1] theworldhello/subconverter | 提取 0 | 新增 0 | 耗时 0s | 配额 4159/4800 11:13UTC | 主队列 28/200 发现队列 132/20000 [[fork1]:63 [user1]:69]
[2026-08-05 19:13:05] [W-13] 🔧 开始处理 [fork1] zengdavie/subconverter
[2026-08-05 19:13:05] [W-13] 📝 已处理缓存: zengdavie/subconverter
[2026-08-05 19:13:05] [W-13] ⏭️ [fork1] 仓库 https://github.com/zengdavie/subconverter 9584h 未更新，跳过解析（无需追踪）
[2026-08-05 19:13:05] [W-13] ✅ 完成 [fork1] zengdavie/subconverter | 提取 0 | 新增 0 | 耗时 0s | 配额 4159/4800 11:13UTC | 主队列 28/200 发现队列 123/20000 [[fork1]:54 [user1]:69]
[2026-08-05 19:13:05] [W-13] 🔧 开始处理 [fork1] mrericwood/subconverter
[2026-08-05 19:13:05] [W-3] ✅ 完成 [fork1] yandangyun/subconverter | 提取 0 | 新增 0 | 耗时 0s | 配额 4159/4800 11:13UTC | 主队列 28/200 发现队列 124/20000 [[fork1]:55 [user1]:69]
[2026-08-05 19:13:05] [W-6] 📝 已处理缓存: vaechy/subconverter
[2026-08-05 19:13:05] [W-6] ⏭️ [fork1] 仓库 https://github.com/vaechy/subconverter 15521h 未更新，跳过解析（无需追踪）
[2026-08-05 19:13:05] [W-6] ✅ 完成 [fork1] vaechy/subconverter | 提取 0 | 新增 0 | 耗时 0s | 配额 4159/4800 11:13UTC | 主队列 28/200 发现队列 121/20000 [[fork1]:52 [user1]:69]
[2026-08-05 19:13:05] [W-22] ✅ 完成 [user1] maoxikun/deploy | 提取 0 | 新增 0 | 耗时 0s | 配额 4159/4800 11:13UTC | 主队列 28/200 发现队列 136/20000 [[fork1]:67 [user1]:69]
[2026-08-05 19:13:05] [W-22] 🔧 开始处理 [fork1] kokoipz/subconverter
[2026-08-05 19:13:05] [W-22] 📝 已处理缓存: kokoipz/subconverter
[2026-08-05 19:13:05] [W-22] ⏭️ [fork1] 仓库 https://github.com/kokoipz/subconverter 2223h 未更新，跳过解析（无需追踪）
[2026-08-05 19:13:05] [W-22] ✅ 完成 [fork1] kokoipz/subconverter | 提取 0 | 新增 0 | 耗时 0s | 配额 4159/4800 11:13UTC | 主队列 28/200 发现队列 119/20000 [[fork1]:50 [user1]:69]
[2026-08-05 19:13:05] [W-22] 🔧 开始处理 [fork1] KarlZeo/subconverter
[2026-08-05 19:13:05] [W-22] 📝 已处理缓存: KarlZeo/subconverter
[2026-08-05 19:13:05] [W-22] ⏭️ [fork1] 仓库 https://github.com/KarlZeo/subconverter 3583h 未更新，跳过解析（无需追踪）
[2026-08-05 19:13:05] [W-22] ✅ 完成 [fork1] KarlZeo/subconverter | 提取 0 | 新增 0 | 耗时 0s | 配额 4159/4800 11:13UTC | 主队列 28/200 发现队列 118/20000 [[fork1]:49 [user1]:69]
[2026-08-05 19:13:05] [W-22] 🔧 开始处理 [fork1] vpnclashfa-backup/subconverter_mihomo
[2026-08-05 19:13:05] [W-22] 📝 已处理缓存: vpnclashfa-backup/subconverter_mihomo
[2026-08-05 19:13:05] [W-22] ⏭️ [fork1] 仓库 https://github.com/vpnclashfa-backup/subconverter_mihomo 9933h 未更新，跳过解析（无需追踪）
[2026-08-05 19:13:05] [W-22] ✅ 完成 [fork1] vpnclashfa-backup/subconverter_mihomo | 提取 0 | 新增 0 | 耗时 0s | 配额 4159/4800 11:13UTC | 主队列 28/200 发现队列 117/20000 [[fork1]:48 [user1]:69]
[2026-08-05 19:13:05] [W-22] 🔧 开始处理 [fork1] wglgren/Aethersailor_subconverter-smart
[2026-08-05 19:13:05] [W-22] 📝 已处理缓存: wglgren/Aethersailor_subconverter-smart
[2026-08-05 19:13:05] [W-22] ⏭️ [fork1] 仓库 https://github.com/wglgren/Aethersailor_subconverter-smart 8518h 未更新，跳过解析（无需追踪）
[2026-08-05 19:13:05] [W-22] ✅ 完成 [fork1] wglgren/Aethersailor_subconverter-smart | 提取 0 | 新增 0 | 耗时 0s | 配额 4159/4800 11:13UTC | 主队列 28/200 发现队列 116/20000 [[fork1]:47 [user1]:69]
[2026-08-05 19:13:05] [W-22] 🔧 开始处理 [fork1] Dawneng/subconverter
[2026-08-05 19:13:05] [W-22] 📝 已处理缓存: Dawneng/subconverter
[2026-08-05 19:13:05] [W-22] ⏭️ [fork1] 仓库 https://github.com/Dawneng/subconverter 4197h 未更新，跳过解析（无需追踪）
[2026-08-05 19:13:05] [W-22] ✅ 完成 [fork1] Dawneng/subconverter | 提取 0 | 新增 0 | 耗时 0s | 配额 4159/4800 11:13UTC | 主队列 28/200 发现队列 115/20000 [[fork1]:46 [user1]:69]
[2026-08-05 19:13:05] [W-22] 🔧 开始处理 [fork1] willamblack/subconverter_MetaCubeX
[2026-08-05 19:13:05] [W-22] 📝 已处理缓存: willamblack/subconverter_MetaCubeX
[2026-08-05 19:13:05] [W-22] ⏭️ [fork1] 仓库 https://github.com/willamblack/subconverter_MetaCubeX 9933h 未更新，跳过解析（无需追踪）
[2026-08-05 19:13:05] [W-22] ✅ 完成 [fork1] willamblack/subconverter_MetaCubeX | 提取 0 | 新增 0 | 耗时 0s | 配额 4159/4800 11:13UTC | 主队列 28/200 发现队列 114/20000 [[fork1]:45 [user1]:69]
[2026-08-05 19:13:05] [W-22] 🔧 开始处理 [fork1] bwb0101/subconverter_MetaCubeX
[2026-08-05 19:13:05] [W-22] 📝 已处理缓存: bwb0101/subconverter_MetaCubeX
[2026-08-05 19:13:05] [W-22] ⏭️ [fork1] 仓库 https://github.com/bwb0101/subconverter_MetaCubeX 8878h 未更新，跳过解析（无需追踪）
[2026-08-05 19:13:05] [W-22] ✅ 完成 [fork1] bwb0101/subconverter_MetaCubeX | 提取 0 | 新增 0 | 耗时 0s | 配额 4159/4800 11:13UTC | 主队列 28/200 发现队列 113/20000 [[fork1]:44 [user1]:69]
[2026-08-05 19:13:05] [W-22] 🔧 开始处理 [fork1] eramaslam356/subconverter
[2026-08-05 19:13:05] [W-22] 📝 已处理缓存: eramaslam356/subconverter
[2026-08-05 19:13:05] [W-22] ⏭️ [fork1] 仓库 https://github.com/eramaslam356/subconverter 8914h 未更新，跳过解析（无需追踪）
[2026-08-05 19:13:05] [W-17] 🔧 开始处理 [fork1] AndrewZhuCC/subconverter
[2026-08-05 19:13:05] [W-17] 📝 已处理缓存: AndrewZhuCC/subconverter
[2026-08-05 19:13:05] [W-17] ⏭️ [fork1] 仓库 https://github.com/AndrewZhuCC/subconverter 6506h 未更新，跳过解析（无需追踪）
[2026-08-05 19:13:05] [W-17] ✅ 完成 [fork1] AndrewZhuCC/subconverter | 提取 0 | 新增 0 | 耗时 0s | 配额 4159/4800 11:13UTC | 主队列 28/200 发现队列 112/20000 [[fork1]:43 [user1]:69]
[2026-08-05 19:13:05] [W-17] 🔧 开始处理 [fork1] Mingdrian/subconverter
[2026-08-05 19:13:05] [W-17] 📝 已处理缓存: Mingdrian/subconverter
[2026-08-05 19:13:05] [W-17] ⏭️ [fork1] 仓库 https://github.com/Mingdrian/subconverter 2757h 未更新，跳过解析（无需追踪）
[2026-08-05 19:13:05] [W-6] 🔧 开始处理 [fork1] hkfires/subconverter
[2026-08-05 19:13:05] [W-3] 🔧 开始处理 [fork1] kinami0331/subconverter
[2026-08-05 19:13:05] [W-3] 📝 已处理缓存: kinami0331/subconverter
[2026-08-05 19:13:05] [W-3] ⏭️ [fork1] 仓库 https://github.com/kinami0331/subconverter 9933h 未更新，跳过解析（无需追踪）
[2026-08-05 19:13:05] [W-3] ✅ 完成 [fork1] kinami0331/subconverter | 提取 0 | 新增 0 | 耗时 0s | 配额 4158/4800 11:13UTC | 主队列 28/200 发现队列 141/20000 [[fork1]:42 [user1]:99]
[2026-08-05 19:13:05] [W-14]   👤 用户仓库: 30 个 → 主队列 28/200 发现队列 141/20000 [[fork1]:42 [user1]:99]
[2026-08-05 19:13:05] [W-18] ⏭️ [fork1] 仓库 https://github.com/1fantasy1/subconverter 9792h 未更新，跳过解析（无需追踪）
[2026-08-05 19:13:05] [W-20] ⏭️ [fork1] 仓库 https://github.com/titix1988/subconverter 15521h 未更新，跳过解析（无需追踪）
[2026-08-05 19:13:05] [W-20] ✅ 完成 [fork1] titix1988/subconverter | 提取 0 | 新增 0 | 耗时 0s | 配额 4158/4800 11:13UTC | 主队列 28/200 发现队列 140/20000 [[fork1]:41 [user1]:99]
[2026-08-05 19:13:05] [W-20] 🔧 开始处理 [fork1] LittleYe233/subconverter
[2026-08-05 19:13:05] [W-6] 📝 已处理缓存: hkfires/subconverter
[2026-08-05 19:13:05] [W-15] ✅ 完成 [fork1] gg99yl/subconverter | 提取 0 | 新增 0 | 耗时 0s | 配额 4159/4800 11:13UTC | 主队列 28/200 发现队列 127/20000 [[fork1]:58 [user1]:69]
[2026-08-05 19:13:05] [W-18] ✅ 完成 [fork1] 1fantasy1/subconverter | 提取 0 | 新增 0 | 耗时 0s | 配额 4158/4800 11:13UTC | 主队列 28/200 发现队列 140/20000 [[fork1]:41 [user1]:99]
[2026-08-05 19:13:05] [W-18] 🔧 开始处理 [fork1] Revincx/subconverter
[2026-08-05 19:13:05] [W-18] 📝 已处理缓存: Revincx/subconverter
[2026-08-05 19:13:05] [W-17] ✅ 完成 [fork1] Mingdrian/subconverter | 提取 0 | 新增 0 | 耗时 0s | 配额 4159/4800 11:13UTC | 主队列 28/200 发现队列 111/20000 [[fork1]:42 [user1]:69]
[2026-08-05 19:13:05] [W-17] 🔧 开始处理 [fork1] dandeliono/subconverter
[2026-08-05 19:13:05] [W-3] 🔧 开始处理 [fork1] lovitus/subconverter
[2026-08-05 19:13:05] [W-3] 📝 已处理缓存: lovitus/subconverter
[2026-08-05 19:13:05] [W-6] ⏭️ [fork1] 仓库 https://github.com/hkfires/subconverter 9244h 未更新，跳过解析（无需追踪）
[2026-08-05 19:13:05] [W-15] 🔧 开始处理 [fork1] Israelx-Alex/subconverter-smart
[2026-08-05 19:13:05] [W-15] 📝 已处理缓存: Israelx-Alex/subconverter-smart
[2026-08-05 19:13:05] [W-15] ⏭️ [fork1] 仓库 https://github.com/Israelx-Alex/subconverter-smart 8824h 未更新，跳过解析（无需追踪）
[2026-08-05 19:13:05] [W-17] 📝 已处理缓存: dandeliono/subconverter
[2026-08-05 19:13:05] [W-13] 📝 已处理缓存: mrericwood/subconverter
[2026-08-05 19:13:05] [W-13] ⏭️ [fork1] 仓库 https://github.com/mrericwood/subconverter 9933h 未更新，跳过解析（无需追踪）
[2026-08-05 19:13:05] [W-13] ✅ 完成 [fork1] mrericwood/subconverter | 提取 0 | 新增 0 | 耗时 0s | 配额 4158/4800 11:13UTC | 主队列 28/200 发现队列 136/20000 [[fork1]:37 [user1]:99]
[2026-08-05 19:13:05] [W-13] 🔧 开始处理 [fork1] hzhq1255/subconverter
[2026-08-05 19:13:05] [W-18] ⏭️ [fork1] 仓库 https://github.com/Revincx/subconverter 9933h 未更新，跳过解析（无需追踪）
[2026-08-05 19:13:05] [W-18] ✅ 完成 [fork1] Revincx/subconverter | 提取 0 | 新增 0 | 耗时 0s | 配额 4158/4800 11:13UTC | 主队列 28/200 发现队列 135/20000 [[fork1]:36 [user1]:99]
[2026-08-05 19:13:05] [W-20] 📝 已处理缓存: LittleYe233/subconverter
[2026-08-05 19:13:05] [W-20] ⏭️ [fork1] 仓库 https://github.com/LittleYe233/subconverter 876h 未更新，跳过解析（无需追踪）
[2026-08-05 19:13:05] [W-17] ⏭️ [fork1] 仓库 https://github.com/dandeliono/subconverter 7516h 未更新，跳过解析（无需追踪）
[2026-08-05 19:13:05] [W-13] 📝 已处理缓存: hzhq1255/subconverter
[2026-08-05 19:13:05] [W-13] ⏭️ [fork1] 仓库 https://github.com/hzhq1255/subconverter 3211h 未更新，跳过解析（无需追踪）
[2026-08-05 19:13:05] [W-13] ✅ 完成 [fork1] hzhq1255/subconverter | 提取 0 | 新增 0 | 耗时 0s | 配额 4158/4800 11:13UTC | 主队列 28/200 发现队列 134/20000 [[fork1]:35 [user1]:99]
[2026-08-05 19:13:05] [W-3] ⏭️ [fork1] 仓库 https://github.com/lovitus/subconverter 9933h 未更新，跳过解析（无需追踪）
[2026-08-05 19:13:05] [W-14]   用户 wjs876046992 共查 30 个仓库
[2026-08-05 19:13:05] [W-14] ✅ 完成 [种子仓库] wjs876046992/subconverter | 提取 0 | 新增 0 | 耗时 95s | 配额 4158/4800 11:13UTC | 主队列 28/200 发现队列 133/20000 [[fork1]:34 [user1]:99]
[2026-08-05 19:13:05] [W-20] ✅ 完成 [fork1] LittleYe233/subconverter | 提取 0 | 新增 0 | 耗时 0s | 配额 4158/4800 11:13UTC | 主队列 28/200 发现队列 134/20000 [[fork1]:35 [user1]:99]
[2026-08-05 19:13:05] [W-18] 🔧 开始处理 [fork1] ymxkiss/subconverter
[2026-08-05 19:13:05] [W-17] ✅ 完成 [fork1] dandeliono/subconverter | 提取 0 | 新增 0 | 耗时 0s | 配额 4158/4800 11:13UTC | 主队列 28/200 发现队列 134/20000 [[fork1]:35 [user1]:99]
[2026-08-05 19:13:05] [W-17] 🔧 开始处理 [fork1] nook4sh/subconverter
[2026-08-05 19:13:05] [W-6] ✅ 完成 [fork1] hkfires/subconverter | 提取 0 | 新增 0 | 耗时 0s | 配额 4158/4800 11:13UTC | 主队列 28/200 发现队列 136/20000 [[fork1]:37 [user1]:99]
[2026-08-05 19:13:05] [W-22] ✅ 完成 [fork1] eramaslam356/subconverter | 提取 0 | 新增 0 | 耗时 0s | 配额 4159/4800 11:13UTC | 主队列 28/200 发现队列 112/20000 [[fork1]:43 [user1]:69]
[2026-08-05 19:13:05] [W-3] ✅ 完成 [fork1] lovitus/subconverter | 提取 0 | 新增 0 | 耗时 0s | 配额 4158/4800 11:13UTC | 主队列 28/200 发现队列 133/20000 [[fork1]:34 [user1]:99]
[2026-08-05 19:13:05] [W-3] 🔧 开始处理 [fork1] iruizr7/subconverter
[2026-08-05 19:13:05] [W-20] 🔧 开始处理 [fork1] swirly0p/subconverter
[2026-08-05 19:13:05] [W-18] 📝 已处理缓存: ymxkiss/subconverter
[2026-08-05 19:13:05] [W-18] ⏭️ [fork1] 仓库 https://github.com/ymxkiss/subconverter 7038h 未更新，跳过解析（无需追踪）
[2026-08-05 19:13:05] [W-18] ✅ 完成 [fork1] ymxkiss/subconverter | 提取 0 | 新增 0 | 耗时 0s | 配额 4158/4800 11:13UTC | 主队列 28/200 发现队列 127/20000 [[fork1]:28 [user1]:99]
[2026-08-05 19:13:05] [W-18] 🔧 开始处理 [fork1] zhongfly/subconverter
[2026-08-05 19:13:05] [W-6] 🔧 开始处理 [fork1] lly0010/subconverter
[2026-08-05 19:13:05] [W-6] 📝 已处理缓存: lly0010/subconverter
[2026-08-05 19:13:05] [W-15] ✅ 完成 [fork1] Israelx-Alex/subconverter-smart | 提取 0 | 新增 0 | 耗时 0s | 配额 4158/4800 11:13UTC | 主队列 28/200 发现队列 136/20000 [[fork1]:37 [user1]:99]
[2026-08-05 19:13:05] [W-20] 📝 已处理缓存: swirly0p/subconverter
[2026-08-05 19:13:05] [W-20] ⏭️ [fork1] 仓库 https://github.com/swirly0p/subconverter 2886h 未更新，跳过解析（无需追踪）
[2026-08-05 19:13:05] [W-18] 📝 已处理缓存: zhongfly/subconverter
[2026-08-05 19:13:05] [W-14] 🔧 开始处理 [fork1] loadinghtml/subconverter
[2026-08-05 19:13:05] [W-14] 📝 已处理缓存: loadinghtml/subconverter
[2026-08-05 19:13:05] [W-22] 🔧 开始处理 [fork1] zhxsi/subconverter
[2026-08-05 19:13:05] [W-22] 📝 已处理缓存: zhxsi/subconverter
[2026-08-05 19:13:05] [W-6] ⏭️ [fork1] 仓库 https://github.com/lly0010/subconverter 9933h 未更新，跳过解析（无需追踪）
[2026-08-05 19:13:05] [W-17] 📝 已处理缓存: nook4sh/subconverter
[2026-08-05 19:13:05] [W-17] ⏭️ [fork1] 仓库 https://github.com/nook4sh/subconverter 6626h 未更新，跳过解析（无需追踪）
[2026-08-05 19:13:05] [W-17] ✅ 完成 [fork1] nook4sh/subconverter | 提取 0 | 新增 0 | 耗时 0s | 配额 4158/4800 11:13UTC | 主队列 28/200 发现队列 125/20000 [[fork1]:26 [user1]:99]
[2026-08-05 19:13:05] [W-17] 🔧 开始处理 [fork1] 2931210929/subconverter
[2026-08-05 19:13:05] [W-6] ✅ 完成 [fork1] lly0010/subconverter | 提取 0 | 新增 0 | 耗时 0s | 配额 4158/4800 11:13UTC | 主队列 28/200 发现队列 125/20000 [[fork1]:26 [user1]:99]
[2026-08-05 19:13:05] [W-15] 🔧 开始处理 [fork1] mhcms/subconverter
[2026-08-05 19:13:05] [W-15] 📝 已处理缓存: mhcms/subconverter
[2026-08-05 19:13:05] [W-14] ⏭️ [fork1] 仓库 https://github.com/loadinghtml/subconverter 9933h 未更新，跳过解析（无需追踪）
[2026-08-05 19:13:05] [W-14] ✅ 完成 [fork1] loadinghtml/subconverter | 提取 0 | 新增 0 | 耗时 0s | 配额 4158/4800 11:13UTC | 主队列 28/200 发现队列 123/20000 [[fork1]:24 [user1]:99]
[2026-08-05 19:13:05] [W-18] ⏭️ [fork1] 仓库 https://github.com/zhongfly/subconverter 2622h 未更新，跳过解析（无需追踪）
[2026-08-05 19:13:05] [W-18] ✅ 完成 [fork1] zhongfly/subconverter | 提取 0 | 新增 0 | 耗时 0s | 配额 4158/4800 11:13UTC | 主队列 28/200 发现队列 122/20000 [[fork1]:23 [user1]:99]
[2026-08-05 19:13:05] [W-18] 🔧 开始处理 [fork1] capslock199299/subconverter
[2026-08-05 19:13:05] [W-18] 📝 已处理缓存: capslock199299/subconverter
[2026-08-05 19:13:05] [W-18] ⏭️ [fork1] 仓库 https://github.com/capslock199299/subconverter 6196h 未更新，跳过解析（无需追踪）
[2026-08-05 19:13:05] [W-18] ✅ 完成 [fork1] capslock199299/subconverter | 提取 0 | 新增 0 | 耗时 0s | 配额 4158/4800 11:13UTC | 主队列 28/200 发现队列 121/20000 [[fork1]:22 [user1]:99]
[2026-08-05 19:13:05] [W-18] 🔧 开始处理 [fork1] yongman/subconverter
[2026-08-05 19:13:05] [W-18] 📝 已处理缓存: yongman/subconverter
[2026-08-05 19:13:05] [W-18] ⏭️ [fork1] 仓库 https://github.com/yongman/subconverter 5661h 未更新，跳过解析（无需追踪）
[2026-08-05 19:13:05] [W-18] ✅ 完成 [fork1] yongman/subconverter | 提取 0 | 新增 0 | 耗时 0s | 配额 4158/4800 11:13UTC | 主队列 28/200 发现队列 120/20000 [[fork1]:21 [user1]:99]
[2026-08-05 19:13:05] [W-18] 🔧 开始处理 [fork1] hoobnn/subconverter
[2026-08-05 19:13:05] [W-18] 📝 已处理缓存: hoobnn/subconverter
[2026-08-05 19:13:05] [W-18] ⏭️ [fork1] 仓库 https://github.com/hoobnn/subconverter 2298h 未更新，跳过解析（无需追踪）
[2026-08-05 19:13:05] [W-18] ✅ 完成 [fork1] hoobnn/subconverter | 提取 0 | 新增 0 | 耗时 0s | 配额 4158/4800 11:13UTC | 主队列 28/200 发现队列 119/20000 [[fork1]:20 [user1]:99]
[2026-08-05 19:13:05] [W-18] 🔧 开始处理 [fork1] kumuweifengchun-sudo/subconverter
[2026-08-05 19:13:05] [W-18] 📝 已处理缓存: kumuweifengchun-sudo/subconverter
[2026-08-05 19:13:05] [W-18] ⏭️ [fork1] 仓库 https://github.com/kumuweifengchun-sudo/subconverter 4249h 未更新，跳过解析（无需追踪）
[2026-08-05 19:13:05] [W-18] ✅ 完成 [fork1] kumuweifengchun-sudo/subconverter | 提取 0 | 新增 0 | 耗时 0s | 配额 4158/4800 11:13UTC | 主队列 28/200 发现队列 118/20000 [[fork1]:19 [user1]:99]
[2026-08-05 19:13:05] [W-18] 🔧 开始处理 [fork1] Sagiri-kawaii01/subconverter
[2026-08-05 19:13:05] [W-18] 📝 已处理缓存: Sagiri-kawaii01/subconverter
[2026-08-05 19:13:05] [W-18] ⏭️ [fork1] 仓库 https://github.com/Sagiri-kawaii01/subconverter 4249h 未更新，跳过解析（无需追踪）
[2026-08-05 19:13:05] [W-18] ✅ 完成 [fork1] Sagiri-kawaii01/subconverter | 提取 0 | 新增 0 | 耗时 0s | 配额 4158/4800 11:13UTC | 主队列 28/200 发现队列 117/20000 [[fork1]:18 [user1]:99]
[2026-08-05 19:13:05] [W-18] 🔧 开始处理 [fork1] sivdead/subconverter
[2026-08-05 19:13:05] [W-18] 📝 已处理缓存: sivdead/subconverter
[2026-08-05 19:13:05] [W-18] ⏭️ [fork1] 仓库 https://github.com/sivdead/subconverter 248h 未更新，跳过解析（无需追踪）
[2026-08-05 19:13:05] [W-22] ⏭️ [fork1] 仓库 https://github.com/zhxsi/subconverter 2985h 未更新，跳过解析（无需追踪）
[2026-08-05 19:13:05] [W-3] 📝 已处理缓存: iruizr7/subconverter
[2026-08-05 19:13:05] [W-13] 🔧 开始处理 [fork1] ZHXSI1324/subconverter2
[2026-08-05 19:13:05] [W-13] 📝 已处理缓存: ZHXSI1324/subconverter2
[2026-08-05 19:13:05] [W-18] ✅ 完成 [fork1] sivdead/subconverter | 提取 0 | 新增 0 | 耗时 0s | 配额 4158/4800 11:13UTC | 主队列 28/200 发现队列 116/20000 [[fork1]:17 [user1]:99]
[2026-08-05 19:13:05] [W-17] 📝 已处理缓存: 2931210929/subconverter
[2026-08-05 19:13:05] [W-17] ⏭️ [fork1] 仓库 https://github.com/2931210929/subconverter 3365h 未更新，跳过解析（无需追踪）
[2026-08-05 19:13:05] [W-6] 🔧 开始处理 [fork1] huaituzi/subconverter
[2026-08-05 19:13:05] [W-14] 🔧 开始处理 [fork1] dayepao/subconverter
[2026-08-05 19:13:05] [W-22] ✅ 完成 [fork1] zhxsi/subconverter | 提取 0 | 新增 0 | 耗时 0s | 配额 4158/4800 11:13UTC | 主队列 28/200 发现队列 116/20000 [[fork1]:17 [user1]:99]
[2026-08-05 19:13:05] [W-22] 🔧 开始处理 [fork1] smilekevin/subconverter
[2026-08-05 19:13:05] [W-13] ⏭️ [fork1] 仓库 https://github.com/ZHXSI1324/subconverter2 9933h 未更新，跳过解析（无需追踪）
[2026-08-05 19:13:05] [W-13] ✅ 完成 [fork1] ZHXSI1324/subconverter2 | 提取 0 | 新增 0 | 耗时 0s | 配额 4158/4800 11:13UTC | 主队列 28/200 发现队列 114/20000 [[fork1]:15 [user1]:99]
[2026-08-05 19:13:05] [W-13] 🔧 开始处理 [fork1] anti-decoy/subconverter
[2026-08-05 19:13:05] [W-13] 📝 已处理缓存: anti-decoy/subconverter
[2026-08-05 19:13:05] [W-13] ⏭️ [fork1] 仓库 https://github.com/anti-decoy/subconverter 4249h 未更新，跳过解析（无需追踪）
[2026-08-05 19:13:05] [W-13] ✅ 完成 [fork1] anti-decoy/subconverter | 提取 0 | 新增 0 | 耗时 0s | 配额 4158/4800 11:13UTC | 主队列 28/200 发现队列 113/20000 [[fork1]:14 [user1]:99]
[2026-08-05 19:13:05] [W-14] 📝 已处理缓存: dayepao/subconverter
[2026-08-05 19:13:05] [W-22] 📝 已处理缓存: smilekevin/subconverter
[2026-08-05 19:13:05] [W-3] ⏭️ [fork1] 仓库 https://github.com/iruizr7/subconverter 4596h 未更新，跳过解析（无需追踪）
[2026-08-05 19:13:05] [W-3] ✅ 完成 [fork1] iruizr7/subconverter | 提取 0 | 新增 0 | 耗时 0s | 配额 4158/4800 11:13UTC | 主队列 28/200 发现队列 112/20000 [[fork1]:13 [user1]:99]
[2026-08-05 19:13:05] [W-20] ✅ 完成 [fork1] swirly0p/subconverter | 提取 0 | 新增 0 | 耗时 0s | 配额 4158/4800 11:13UTC | 主队列 28/200 发现队列 125/20000 [[fork1]:26 [user1]:99]
[2026-08-05 19:13:05] [W-6] 📝 已处理缓存: huaituzi/subconverter
[2026-08-05 19:13:05] [W-15] ⏭️ [fork1] 仓库 https://github.com/mhcms/subconverter 6386h 未更新，跳过解析（无需追踪）
[2026-08-05 19:13:05] [W-17] ✅ 完成 [fork1] 2931210929/subconverter | 提取 0 | 新增 0 | 耗时 0s | 配额 4158/4800 11:13UTC | 主队列 28/200 发现队列 115/20000 [[fork1]:16 [user1]:99]
[2026-08-05 19:13:05] [W-18] 🔧 开始处理 [fork1] chenxiex/subconverter
[2026-08-05 19:13:05] [W-14] ⏭️ [fork1] 仓库 https://github.com/dayepao/subconverter 986h 未更新，跳过解析（无需追踪）
[2026-08-05 19:13:05] [W-22] ⏭️ [fork1] 仓库 https://github.com/smilekevin/subconverter 4249h 未更新，跳过解析（无需追踪）
[2026-08-05 19:13:05] [W-13] 🔧 开始处理 [fork1] ADDGM/subconverter
[2026-08-05 19:13:05] [W-13] 📝 已处理缓存: ADDGM/subconverter
[2026-08-05 19:13:05] [W-20] 🔧 开始处理 [fork1] zihoo/subconverter
[2026-08-05 19:13:05] [W-20] 📝 已处理缓存: zihoo/subconverter
[2026-08-05 19:13:05] [W-15] ✅ 完成 [fork1] mhcms/subconverter | 提取 0 | 新增 0 | 耗时 0s | 配额 4158/4800 11:13UTC | 主队列 28/200 发现队列 110/20000 [[fork1]:11 [user1]:99]
[2026-08-05 19:13:05] [W-15] 🔧 开始处理 [fork1] sundxfansky/subconverter
[2026-08-05 19:13:05] [W-18] 📝 已处理缓存: chenxiex/subconverter
[2026-08-05 19:13:05] [W-14] ✅ 完成 [fork1] dayepao/subconverter | 提取 0 | 新增 0 | 耗时 0s | 配额 4158/4800 11:13UTC | 主队列 28/200 发现队列 109/20000 [[fork1]:10 [user1]:99]
[2026-08-05 19:13:05] [W-22] ✅ 完成 [fork1] smilekevin/subconverter | 提取 0 | 新增 0 | 耗时 0s | 配额 4158/4800 11:13UTC | 主队列 28/200 发现队列 109/20000 [[fork1]:10 [user1]:99]
[2026-08-05 19:13:05] [W-13] ⏭️ [fork1] 仓库 https://github.com/ADDGM/subconverter 531h 未更新，跳过解析（无需追踪）
[2026-08-05 19:13:05] [W-3] 🔧 开始处理 [fork1] Ekaba285/converF
[2026-08-05 19:13:05] [W-20] ⏭️ [fork1] 仓库 https://github.com/zihoo/subconverter 774h 未更新，跳过解析（无需追踪）
[2026-08-05 19:13:05] [W-6] ⏭️ [fork1] 仓库 https://github.com/huaituzi/subconverter 6142h 未更新，跳过解析（无需追踪）
[2026-08-05 19:13:05] [W-6] ✅ 完成 [fork1] huaituzi/subconverter | 提取 0 | 新增 0 | 耗时 0s | 配额 4158/4800 11:13UTC | 主队列 28/200 发现队列 106/20000 [[fork1]:7 [user1]:99]
[2026-08-05 19:13:05] [W-17] 🔧 开始处理 [fork1] J1ngyang/subconverter
[2026-08-05 19:13:05] [W-18] ⏭️ [fork1] 仓库 https://github.com/chenxiex/subconverter 258h 未更新，跳过解析（无需追踪）
[2026-08-05 19:13:05] [W-18] ✅ 完成 [fork1] chenxiex/subconverter | 提取 0 | 新增 0 | 耗时 0s | 配额 4158/4800 11:13UTC | 主队列 28/200 发现队列 105/20000 [[fork1]:6 [user1]:99]
[2026-08-05 19:13:05] [W-22] 🔧 开始处理 [fork1] banzhe/subconverter
[2026-08-05 19:13:05] [W-3] 📝 已处理缓存: Ekaba285/converF
[2026-08-05 19:13:05] [W-3] ⏭️ [fork1] 仓库 https://github.com/Ekaba285/converF 671h 未更新，跳过解析（无需追踪）
[2026-08-05 19:13:05] [W-20] ✅ 完成 [fork1] zihoo/subconverter | 提取 0 | 新增 0 | 耗时 0s | 配额 4158/4800 11:13UTC | 主队列 28/200 发现队列 106/20000 [[fork1]:7 [user1]:99]
[2026-08-05 19:13:05] [W-20] 🔧 开始处理 [fork1] maximaldog/subconverter
[2026-08-05 19:13:05] [W-6] 🔧 开始处理 [fork1] sky2016cn/subconverter-MetaCubeX
[2026-08-05 19:13:05] [W-17] 📝 已处理缓存: J1ngyang/subconverter
[2026-08-05 19:13:05] [W-18] 🔧 开始处理 [fork1] Margele/subconverter
[2026-08-05 19:13:05] [W-14] 🔧 开始处理 [fork1] se7enmuting/subconverter-meta
[2026-08-05 19:13:05] [W-14] 📝 已处理缓存: se7enmuting/subconverter-meta
[2026-08-05 19:13:05] [W-14] ⏭️ [fork1] 仓库 https://github.com/se7enmuting/subconverter-meta 816h 未更新，跳过解析（无需追踪）
[2026-08-05 19:13:05] [W-14] ✅ 完成 [fork1] se7enmuting/subconverter-meta | 提取 0 | 新增 0 | 耗时 0s | 配额 4158/4800 11:13UTC | 主队列 28/200 发现队列 103/20000 [[fork1]:4 [user1]:99]
[2026-08-05 19:13:05] [W-20] 📝 已处理缓存: maximaldog/subconverter
[2026-08-05 19:13:05] [W-3] ✅ 完成 [fork1] Ekaba285/converF | 提取 0 | 新增 0 | 耗时 0s | 配额 4158/4800 11:13UTC | 主队列 28/200 发现队列 104/20000 [[fork1]:5 [user1]:99]
[2026-08-05 19:13:05] [W-3] 🔧 开始处理 [fork1] xiaoyao-jimmy/subconverter
[2026-08-05 19:13:05] [W-3] 📝 已处理缓存: xiaoyao-jimmy/subconverter
[2026-08-05 19:13:05] [W-18] 📝 已处理缓存: Margele/subconverter
[2026-08-05 19:13:05] [W-14] 🔧 开始处理 [fork1] saki-ciallo/subconverter
[2026-08-05 19:13:05] [W-13] ✅ 完成 [fork1] ADDGM/subconverter | 提取 0 | 新增 0 | 耗时 0s | 配额 4158/4800 11:13UTC | 主队列 28/200 发现队列 106/20000 [[fork1]:7 [user1]:99]
[2026-08-05 19:13:05] [W-13] 🔧 开始处理 [fork1] qinggeng2015/subconverter
[2026-08-05 19:13:05] [W-15] 📝 已处理缓存: sundxfansky/subconverter
[2026-08-05 19:13:05] [W-15] ⏭️ [fork1] 仓库 https://github.com/sundxfansky/subconverter 4249h 未更新，跳过解析（无需追踪）
[2026-08-05 19:13:05] [W-15] ✅ 完成 [fork1] sundxfansky/subconverter | 提取 0 | 新增 0 | 耗时 0s | 配额 4158/4800 11:13UTC | 主队列 28/200 发现队列 100/20000 [[fork1]:1 [user1]:99]
[2026-08-05 19:13:05] [W-15] 🔧 开始处理 [fork1] StrangeYear/subconverter
[2026-08-05 19:13:05] [W-15] 📝 已处理缓存: StrangeYear/subconverter
[2026-08-05 19:13:05] [W-15] ⏭️ [fork1] 仓库 https://github.com/StrangeYear/subconverter 2083h 未更新，跳过解析（无需追踪）
[2026-08-05 19:13:05] [W-22] 📝 已处理缓存: banzhe/subconverter
[2026-08-05 19:13:05] [W-15] ✅ 完成 [fork1] StrangeYear/subconverter | 提取 0 | 新增 0 | 耗时 0s | 配额 4158/4800 11:13UTC | 主队列 28/200 发现队列 99/20000 [[user1]:99]
[2026-08-05 19:13:05] [W-6] 📝 已处理缓存: sky2016cn/subconverter-MetaCubeX
[2026-08-05 19:13:05] [W-6] ⏭️ [fork1] 仓库 https://github.com/sky2016cn/subconverter-MetaCubeX 4249h 未更新，跳过解析（无需追踪）
[2026-08-05 19:13:05] [W-6] ✅ 完成 [fork1] sky2016cn/subconverter-MetaCubeX | 提取 0 | 新增 0 | 耗时 0s | 配额 4158/4800 11:13UTC | 主队列 28/200 发现队列 98/20000 [[user1]:98]
[2026-08-05 19:13:05] [W-6] 🔧 开始处理 [user1] hncsjmj/Microsoft-Activation-Scripts
[2026-08-05 19:13:05] [W-6] ⏭️ [user1] 仓库 https://github.com/hncsjmj/Microsoft-Activation-Scripts 392h 未更新，跳过解析（无需追踪）
[2026-08-05 19:13:05] [W-6] ✅ 完成 [user1] hncsjmj/Microsoft-Activation-Scripts | 提取 0 | 新增 0 | 耗时 0s | 配额 4158/4800 11:13UTC | 主队列 28/200 发现队列 97/20000 [[user1]:97]
[2026-08-05 19:13:05] [W-6] 🔧 开始处理 [user1] hncsjmj/equity-research-skill
[2026-08-05 19:13:05] [W-6] ⏭️ [user1] 仓库 https://github.com/hncsjmj/equity-research-skill 450h 未更新，跳过解析（无需追踪）
[2026-08-05 19:13:05] [W-3] ⏭️ [fork1] 仓库 https://github.com/xiaoyao-jimmy/subconverter 4249h 未更新，跳过解析（无需追踪）
[2026-08-05 19:13:05] [W-3] ✅ 完成 [fork1] xiaoyao-jimmy/subconverter | 提取 0 | 新增 0 | 耗时 0s | 配额 4158/4800 11:13UTC | 主队列 28/200 发现队列 96/20000 [[user1]:96]
[2026-08-05 19:13:05] [W-3] 🔧 开始处理 [user1] hncsjmj/winutil
[2026-08-05 19:13:05] [W-3] ⏭️ [user1] 仓库 https://github.com/hncsjmj/winutil 465h 未更新，跳过解析（无需追踪）
[2026-08-05 19:13:05] [W-15] 🔧 开始处理 [user1] hncsjmj/wloc
[2026-08-05 19:13:05] [W-15] ⏭️ [user1] 仓库 https://github.com/hncsjmj/wloc 923h 未更新，跳过解析（无需追踪）
[2026-08-05 19:13:05] [W-15] ✅ 完成 [user1] hncsjmj/wloc | 提取 0 | 新增 0 | 耗时 0s | 配额 4158/4800 11:13UTC | 主队列 28/200 发现队列 95/20000 [[user1]:95]
[2026-08-05 19:13:05] [W-15] 🔧 开始处理 [user1] hncsjmj/voicebox
[2026-08-05 19:13:05] [W-15] ⏭️ [user1] 仓库 https://github.com/hncsjmj/voicebox 562h 未更新，跳过解析（无需追踪）
[2026-08-05 19:13:05] [W-15] ✅ 完成 [user1] hncsjmj/voicebox | 提取 0 | 新增 0 | 耗时 0s | 配额 4158/4800 11:13UTC | 主队列 28/200 发现队列 94/20000 [[user1]:94]
[2026-08-05 19:13:05] [W-15] 🔧 开始处理 [user1] hncsjmj/Agentkey
[2026-08-05 19:13:05] [W-15] ⏭️ [user1] 仓库 https://github.com/hncsjmj/Agentkey 462h 未更新，跳过解析（无需追踪）
[2026-08-05 19:13:05] [W-15] ✅ 完成 [user1] hncsjmj/Agentkey | 提取 0 | 新增 0 | 耗时 0s | 配额 4158/4800 11:13UTC | 主队列 28/200 发现队列 93/20000 [[user1]:93]
[2026-08-05 19:13:05] [W-22] ⏭️ [fork1] 仓库 https://github.com/banzhe/subconverter 1405h 未更新，跳过解析（无需追踪）
[2026-08-05 19:13:05] [W-22] ✅ 完成 [fork1] banzhe/subconverter | 提取 0 | 新增 0 | 耗时 0s | 配额 4158/4800 11:13UTC | 主队列 28/200 发现队列 92/20000 [[user1]:92]
[2026-08-05 19:13:05] [W-22] 🔧 开始处理 [user1] hncsjmj/vps-dd
[2026-08-05 19:13:05] [W-22] ⏭️ [user1] 仓库 https://github.com/hncsjmj/vps-dd 907h 未更新，跳过解析（无需追踪）
[2026-08-05 19:13:05] [W-22] ✅ 完成 [user1] hncsjmj/vps-dd | 提取 0 | 新增 0 | 耗时 0s | 配额 4158/4800 11:13UTC | 主队列 28/200 发现队列 91/20000 [[user1]:91]
[2026-08-05 19:13:05] [W-22] 🔧 开始处理 [user1] hncsjmj/Ant-Browser
[2026-08-05 19:13:05] [W-22] ⏭️ [user1] 仓库 https://github.com/hncsjmj/Ant-Browser 907h 未更新，跳过解析（无需追踪）
[2026-08-05 19:13:05] [W-22] ✅ 完成 [user1] hncsjmj/Ant-Browser | 提取 0 | 新增 0 | 耗时 0s | 配额 4158/4800 11:13UTC | 主队列 28/200 发现队列 90/20000 [[user1]:90]
[2026-08-05 19:13:05] [W-22] 🔧 开始处理 [user1] hncsjmj/FreeDomain
[2026-08-05 19:13:05] [W-22] ⏭️ [user1] 仓库 https://github.com/hncsjmj/FreeDomain 2469h 未更新，跳过解析（无需追踪）
[2026-08-05 19:13:05] [W-22] ✅ 完成 [user1] hncsjmj/FreeDomain | 提取 0 | 新增 0 | 耗时 0s | 配额 4158/4800 11:13UTC | 主队列 28/200 发现队列 89/20000 [[user1]:89]
[2026-08-05 19:13:05] [W-22] 🔧 开始处理 [user1] hncsjmj/N_m3u8DL-CLI
[2026-08-05 19:13:05] [W-22] ⏭️ [user1] 仓库 https://github.com/hncsjmj/N_m3u8DL-CLI 27818h 未更新，跳过解析（无需追踪）
[2026-08-05 19:13:05] [W-22] ✅ 完成 [user1] hncsjmj/N_m3u8DL-CLI | 提取 0 | 新增 0 | 耗时 0s | 配额 4158/4800 11:13UTC | 主队列 28/200 发现队列 88/20000 [[user1]:88]
[2026-08-05 19:13:05] [W-22] 🔧 开始处理 [user1] hncsjmj/mediago
[2026-08-05 19:13:05] [W-22] ⏭️ [user1] 仓库 https://github.com/hncsjmj/mediago 822h 未更新，跳过解析（无需追踪）
[2026-08-05 19:13:05] [W-20] ⏭️ [fork1] 仓库 https://github.com/maximaldog/subconverter 4249h 未更新，跳过解析（无需追踪）
[2026-08-05 19:13:05] [W-13] 📝 已处理缓存: qinggeng2015/subconverter
[2026-08-05 19:13:05] [W-14] 📝 已处理缓存: saki-ciallo/subconverter
[2026-08-05 19:13:05] [W-3] ✅ 完成 [user1] hncsjmj/winutil | 提取 0 | 新增 0 | 耗时 0s | 配额 4158/4800 11:13UTC | 主队列 28/200 发现队列 95/20000 [[user1]:95]
[2026-08-05 19:13:05] [W-22] ✅ 完成 [user1] hncsjmj/mediago | 提取 0 | 新增 0 | 耗时 0s | 配额 4158/4800 11:13UTC | 主队列 28/200 发现队列 87/20000 [[user1]:87]
[2026-08-05 19:13:05] [W-17] ⏭️ [fork1] 仓库 https://github.com/J1ngyang/subconverter 4249h 未更新，跳过解析（无需追踪）
[2026-08-05 19:13:05] [W-17] ✅ 完成 [fork1] J1ngyang/subconverter | 提取 0 | 新增 0 | 耗时 0s | 配额 4158/4800 11:13UTC | 主队列 28/200 发现队列 85/20000 [[user1]:85]
[2026-08-05 19:13:05] [W-18] ⏭️ [fork1] 仓库 https://github.com/Margele/subconverter 1483h 未更新，跳过解析（无需追踪）
[2026-08-05 19:13:05] [W-18] ✅ 完成 [fork1] Margele/subconverter | 提取 0 | 新增 0 | 耗时 0s | 配额 4158/4800 11:13UTC | 主队列 28/200 发现队列 84/20000 [[user1]:84]
[2026-08-05 19:13:05] [W-20] ✅ 完成 [fork1] maximaldog/subconverter | 提取 0 | 新增 0 | 耗时 0s | 配额 4158/4800 11:13UTC | 主队列 28/200 发现队列 87/20000 [[user1]:87]
[2026-08-05 19:13:05] [W-14] ⏭️ [fork1] 仓库 https://github.com/saki-ciallo/subconverter 1773h 未更新，跳过解析（无需追踪）
[2026-08-05 19:13:05] [W-13] ⏭️ [fork1] 仓库 https://github.com/qinggeng2015/subconverter 1990h 未更新，跳过解析（无需追踪）
[2026-08-05 19:13:05] [W-3] 🔧 开始处理 [user1] hncsjmj/tftpd64
[2026-08-05 19:13:05] [W-6] ✅ 完成 [user1] hncsjmj/equity-research-skill | 提取 0 | 新增 0 | 耗时 0s | 配额 4158/4800 11:13UTC | 主队列 28/200 发现队列 96/20000 [[user1]:96]
[2026-08-05 19:13:05] [W-18] 🔧 开始处理 [user1] hncsjmj/cat-catch
[2026-08-05 19:13:05] [W-15] 🔧 开始处理 [user1] hncsjmj/CyberMeowfia
[2026-08-05 19:13:05] [W-15] ⏭️ [user1] 仓库 https://github.com/hncsjmj/CyberMeowfia 773h 未更新，跳过解析（无需追踪）
[2026-08-05 19:13:05] [W-15] ✅ 完成 [user1] hncsjmj/CyberMeowfia | 提取 0 | 新增 0 | 耗时 0s | 配额 4158/4800 11:13UTC | 主队列 28/200 发现队列 81/20000 [[user1]:81]
[2026-08-05 19:13:05] [W-20] 🔧 开始处理 [user1] hncsjmj/cfmail
[2026-08-05 19:13:05] [W-14] ✅ 完成 [fork1] saki-ciallo/subconverter | 提取 0 | 新增 0 | 耗时 0s | 配额 4158/4800 11:13UTC | 主队列 28/200 发现队列 82/20000 [[user1]:82]
[2026-08-05 19:13:05] [W-13] ✅ 完成 [fork1] qinggeng2015/subconverter | 提取 0 | 新增 0 | 耗时 0s | 配额 4158/4800 11:13UTC | 主队列 28/200 发现队列 82/20000 [[user1]:82]
[2026-08-05 19:13:05] [W-3] ⏭️ [user1] 仓库 https://github.com/hncsjmj/tftpd64 6913h 未更新，跳过解析（无需追踪）
[2026-08-05 19:13:05] [W-15] 🔧 开始处理 [user1] hncsjmj/nsfw-prompt-templates-asian
[2026-08-05 19:13:05] [W-15] ⏭️ [user1] 仓库 https://github.com/hncsjmj/nsfw-prompt-templates-asian 2225h 未更新，跳过解析（无需追踪）
[2026-08-05 19:13:05] [W-15] ✅ 完成 [user1] hncsjmj/nsfw-prompt-templates-asian | 提取 0 | 新增 0 | 耗时 0s | 配额 4158/4800 11:13UTC | 主队列 28/200 发现队列 78/20000 [[user1]:78]
[2026-08-05 19:13:05] [W-15] 🔧 开始处理 [user1] hncsjmj/BiliHelper-personal
[2026-08-05 19:13:05] [W-15] ⏭️ [user1] 仓库 https://github.com/hncsjmj/BiliHelper-personal 2259h 未更新，跳过解析（无需追踪）
[2026-08-05 19:13:05] [W-20] ⏭️ [user1] 仓库 https://github.com/hncsjmj/cfmail 2909h 未更新，跳过解析（无需追踪）
[2026-08-05 19:13:05] [W-3] ✅ 完成 [user1] hncsjmj/tftpd64 | 提取 0 | 新增 0 | 耗时 0s | 配额 4158/4800 11:13UTC | 主队列 28/200 发现队列 78/20000 [[user1]:78]
[2026-08-05 19:13:05] [W-13] 🔧 开始处理 [user1] hncsjmj/FBNeo_IPS
[2026-08-05 19:13:05] [W-13] ⏭️ [user1] 仓库 https://github.com/hncsjmj/FBNeo_IPS 2356h 未更新，跳过解析（无需追踪）
[2026-08-05 19:13:05] [W-15] ✅ 完成 [user1] hncsjmj/BiliHelper-personal | 提取 0 | 新增 0 | 耗时 0s | 配额 4158/4800 11:13UTC | 主队列 28/200 发现队列 77/20000 [[user1]:77]
[2026-08-05 19:13:05] [W-17] 🔧 开始处理 [user1] hncsjmj/go-music-dl
[2026-08-05 19:13:05] [W-17] ⏭️ [user1] 仓库 https://github.com/hncsjmj/go-music-dl 1689h 未更新，跳过解析（无需追踪）
[2026-08-05 19:13:05] [W-17] ✅ 完成 [user1] hncsjmj/go-music-dl | 提取 0 | 新增 0 | 耗时 0s | 配额 4158/4800 11:13UTC | 主队列 28/200 发现队列 75/20000 [[user1]:75]
[2026-08-05 19:13:05] [W-6] 🔧 开始处理 [user1] hncsjmj/Qx
[2026-08-05 19:13:05] [W-6] ⏭️ [user1] 仓库 https://github.com/hncsjmj/Qx 1996h 未更新，跳过解析（无需追踪）
[2026-08-05 19:13:05] [W-20] ✅ 完成 [user1] hncsjmj/cfmail | 提取 0 | 新增 0 | 耗时 0s | 配额 4158/4800 11:13UTC | 主队列 28/200 发现队列 77/20000 [[user1]:77]
[2026-08-05 19:13:05] [W-3] 🔧 开始处理 [user1] hncsjmj/TrendRadar
[2026-08-05 19:13:05] [W-13] ✅ 完成 [user1] hncsjmj/FBNeo_IPS | 提取 0 | 新增 0 | 耗时 0s | 配额 4158/4800 11:13UTC | 主队列 28/200 发现队列 76/20000 [[user1]:76]
[2026-08-05 19:13:05] [W-22] 🔧 开始处理 [user1] hncsjmj/frp
[2026-08-05 19:13:05] [W-18] ⏭️ [user1] 仓库 https://github.com/hncsjmj/cat-catch 1819h 未更新，跳过解析（无需追踪）
[2026-08-05 19:13:05] [W-17] 🔧 开始处理 [user1] hncsjmj/kemeng-ai-anime-creation
[2026-08-05 19:13:05] [W-17] ⏭️ [user1] 仓库 https://github.com/hncsjmj/kemeng-ai-anime-creation 3314h 未更新，跳过解析（无需追踪）
[2026-08-05 19:13:05] [W-6] ✅ 完成 [user1] hncsjmj/Qx | 提取 0 | 新增 0 | 耗时 0s | 配额 4158/4800 11:13UTC | 主队列 28/200 发现队列 74/20000 [[user1]:74]
[2026-08-05 19:13:05] [W-6] 🔧 开始处理 [user1] hncsjmj/transmission-next-ui
[2026-08-05 19:13:05] [W-6] ⏭️ [user1] 仓库 https://github.com/hncsjmj/transmission-next-ui 2319h 未更新，跳过解析（无需追踪）
[2026-08-05 19:13:05] [W-6] ✅ 完成 [user1] hncsjmj/transmission-next-ui | 提取 0 | 新增 0 | 耗时 0s | 配额 4158/4800 11:13UTC | 主队列 28/200 发现队列 71/20000 [[user1]:71]
[2026-08-05 19:13:05] [W-6] 🔧 开始处理 [user1] hncsjmj/AutoTeam-F
[2026-08-05 19:13:05] [W-6] ⏭️ [user1] 仓库 https://github.com/hncsjmj/AutoTeam-F 2458h 未更新，跳过解析（无需追踪）
[2026-08-05 19:13:05] [W-6] ✅ 完成 [user1] hncsjmj/AutoTeam-F | 提取 0 | 新增 0 | 耗时 0s | 配额 4158/4800 11:13UTC | 主队列 28/200 发现队列 70/20000 [[user1]:70]
[2026-08-05 19:13:05] [W-6] 🔧 开始处理 [user1] hncsjmj/anything-analyzer
[2026-08-05 19:13:05] [W-6] ⏭️ [user1] 仓库 https://github.com/hncsjmj/anything-analyzer 2527h 未更新，跳过解析（无需追踪）
[2026-08-05 19:13:05] [W-6] ✅ 完成 [user1] hncsjmj/anything-analyzer | 提取 0 | 新增 0 | 耗时 0s | 配额 4158/4800 11:13UTC | 主队列 28/200 发现队列 69/20000 [[user1]:69]
[2026-08-05 19:13:05] [W-6] 🔧 开始处理 [user1] flyhong666/autoscroll
[2026-08-05 19:13:05] [W-6] [user1] 仓库 https://github.com/flyhong666/autoscroll (分支: main, size: 93505KB, pushed: 2026-08-05T09:49:09Z)
[2026-08-05 19:13:05] [W-20] 🔧 开始处理 [user1] hncsjmj/maigret
[2026-08-05 19:13:05] [W-15] 🔧 开始处理 [user1] hncsjmj/firecrawl
[2026-08-05 19:13:05] [W-15] ⏭️ [user1] 仓库 https://github.com/hncsjmj/firecrawl 2194h 未更新，跳过解析（无需追踪）
[2026-08-05 19:13:05] [W-13] 🔧 开始处理 [user1] hncsjmj/open-design
[2026-08-05 19:13:05] [W-14] 🔧 开始处理 [user1] hncsjmj/TVBoxOSC
[2026-08-05 19:13:05] [W-14] ⏭️ [user1] 仓库 https://github.com/hncsjmj/TVBoxOSC 3211h 未更新，跳过解析（无需追踪）
[2026-08-05 19:13:05] [W-18] ✅ 完成 [user1] hncsjmj/cat-catch | 提取 0 | 新增 0 | 耗时 0s | 配额 4158/4800 11:13UTC | 主队列 28/200 发现队列 72/20000 [[user1]:72]
[2026-08-05 19:13:05] [W-18] 🔧 开始处理 [user1] flyhong666/AutoBuildImmortalWrt
[2026-08-05 19:13:05] [W-20] ⏭️ [user1] 仓库 https://github.com/hncsjmj/maigret 2189h 未更新，跳过解析（无需追踪）
[2026-08-05 19:13:05] [W-15] ✅ 完成 [user1] hncsjmj/firecrawl | 提取 0 | 新增 0 | 耗时 0s | 配额 4158/4800 11:13UTC | 主队列 28/200 发现队列 68/20000 [[user1]:68]
[2026-08-05 19:13:05] [W-20] ✅ 完成 [user1] hncsjmj/maigret | 提取 0 | 新增 0 | 耗时 0s | 配额 4158/4800 11:13UTC | 主队列 28/200 发现队列 67/20000 [[user1]:67]
[2026-08-05 19:13:05] [W-20] 🔧 开始处理 [user1] flyhong666/subtitleedit
[2026-08-05 19:13:05] [W-20] [user1] 仓库 https://github.com/flyhong666/subtitleedit (分支: main, size: 221572KB, pushed: 2026-08-04T23:31:28Z)
[2026-08-05 19:13:05] [W-17] ✅ 完成 [user1] hncsjmj/kemeng-ai-anime-creation | 提取 0 | 新增 0 | 耗时 0s | 配额 4158/4800 11:13UTC | 主队列 28/200 发现队列 72/20000 [[user1]:72]
[2026-08-05 19:13:05] [W-22] ⏭️ [user1] 仓库 https://github.com/hncsjmj/frp 1401h 未更新，跳过解析（无需追踪）
[2026-08-05 19:13:05] [W-22] ✅ 完成 [user1] hncsjmj/frp | 提取 0 | 新增 0 | 耗时 0s | 配额 4158/4800 11:13UTC | 主队列 28/200 发现队列 64/20000 [[user1]:64]
[2026-08-05 19:13:05] [W-3] ⏭️ [user1] 仓库 https://github.com/hncsjmj/TrendRadar 2337h 未更新，跳过解析（无需追踪）
[2026-08-05 19:13:05] [W-15] 🔧 开始处理 [user1] flyhong666/AutoSlide
[2026-08-05 19:13:05] [W-14] ✅ 完成 [user1] hncsjmj/TVBoxOSC | 提取 0 | 新增 0 | 耗时 0s | 配额 4158/4800 11:13UTC | 主队列 28/200 发现队列 68/20000 [[user1]:68]
[2026-08-05 19:13:05] [W-18] [user1] 仓库 https://github.com/flyhong666/AutoBuildImmortalWrt (分支: master, size: 1290KB, pushed: 2026-08-04T23:33:12Z)
[2026-08-05 19:13:05] [W-17] 🔧 开始处理 [user1] flyhong666/dev-sidecar
[2026-08-05 19:13:05] [W-13] ⏭️ [user1] 仓库 https://github.com/hncsjmj/open-design 2189h 未更新，跳过解析（无需追踪）
[2026-08-05 19:13:05] [W-22] 🔧 开始处理 [user1] flyhong666/rustdesk
[2026-08-05 19:13:05] [W-3] ✅ 完成 [user1] hncsjmj/TrendRadar | 提取 0 | 新增 0 | 耗时 0s | 配额 4158/4800 11:13UTC | 主队列 28/200 发现队列 63/20000 [[user1]:63]
[2026-08-05 19:13:05] [W-15] [user1] 仓库 https://github.com/flyhong666/AutoSlide (分支: master, size: 1100KB, pushed: 2026-08-04T23:32:33Z)
[2026-08-05 19:13:05] [W-14] 🔧 开始处理 [user1] flyhong666/plain-app
[2026-08-05 19:13:05] [W-17] [user1] 仓库 https://github.com/flyhong666/dev-sidecar (分支: master, size: 13148KB, pushed: 2026-08-04T23:31:49Z)
[2026-08-05 19:13:05] [W-22] [user1] 仓库 https://github.com/flyhong666/rustdesk (分支: master, size: 75540KB, pushed: 2026-08-04T23:30:25Z)
[2026-08-05 19:13:05] [W-13] ✅ 完成 [user1] hncsjmj/open-design | 提取 0 | 新增 0 | 耗时 0s | 配额 4158/4800 11:13UTC | 主队列 28/200 发现队列 62/20000 [[user1]:62]
[2026-08-05 19:13:05] [W-3] 🔧 开始处理 [user1] flyhong666/lede
[2026-08-05 19:13:05] [W-14] [user1] 仓库 https://github.com/flyhong666/plain-app (分支: main, size: 189215KB, pushed: 2026-08-04T23:31:00Z)
[2026-08-05 19:13:05] [W-13] 🔧 开始处理 [user1] flyhong666/cherry-studio
[2026-08-05 19:13:05] [W-3] [user1] 仓库 https://github.com/flyhong666/lede (分支: master, size: 341787KB, pushed: 2026-08-04T23:29:50Z)
[2026-08-05 19:13:05] [W-13] [user1] 仓库 https://github.com/flyhong666/cherry-studio (分支: main, size: 160264KB, pushed: 2026-08-04T23:29:15Z)
[2026-08-05 19:13:05] [W-16] 仓库 https://github.com/FaceAce1/WorkerVless2sub 无候选文件 (总计 12 blob, 扩展名过滤 5, processed_shas 跳过 0, SHA 缓存跳过 7)
[2026-08-05 19:13:05] [W-16] ✅ 完成 [user1] FaceAce1/WorkerVless2sub | 提取 0 | 新增 0 | 耗时 0s | 配额 4157/4800 11:13UTC | 主队列 28/200 发现队列 60/20000 [[user1]:60]
[2026-08-05 19:13:05] [W-16] 🔧 开始处理 [user1] flyhong666/qqwry
[2026-08-05 19:13:05] [W-16] [user1] 仓库 https://github.com/flyhong666/qqwry (分支: main, size: 1453206KB, pushed: 2026-08-04T23:29:39Z)
[2026-08-05 19:13:07] [W-0] 仓库 https://github.com/chris202010/lunatv-config 候选文件 8 个
[2026-08-05 19:13:07] [W-8] 仓库 https://github.com/chris202010/yxip 候选文件 1 个
[2026-08-05 19:13:07] [W-7] 仓库 https://github.com/chris202010/WorkerVless2sub 无候选文件 (总计 12 blob, 扩展名过滤 5, processed_shas 跳过 0, SHA 缓存跳过 7)
[2026-08-05 19:13:07] [W-21] 仓库 https://github.com/chris202010/yxym 候选文件 2 个
[2026-08-05 19:13:07] [W-12] 仓库 https://github.com/clift190/v2ray-agent 无候选文件 (总计 34 blob, 扩展名过滤 19, processed_shas 跳过 0, SHA 缓存跳过 15)
[2026-08-05 19:13:07] [W-9] 仓库 https://github.com/kimmax603/WorkerVless2sub 无候选文件 (总计 12 blob, 扩展名过滤 5, processed_shas 跳过 0, SHA 缓存跳过 7)
[2026-08-05 19:13:07] [W-9] ✅ 完成 [user1] kimmax603/WorkerVless2sub | 提取 0 | 新增 0 | 耗时 2s | 配额 4151/4800 11:13UTC | 主队列 28/200 发现队列 59/20000 [[user1]:59]
[2026-08-05 19:13:07] [W-9] 🔧 开始处理 [user1] flyhong666/packages
[2026-08-05 19:13:07] [W-9] [user1] 仓库 https://github.com/flyhong666/packages (分支: master, size: 26681KB, pushed: 2026-08-04T23:29:23Z)
[2026-08-05 19:13:07] [W-1] 仓库 https://github.com/maoxikun/sync-fork 候选文件 1 个
[2026-08-05 19:13:07] [W-10] 仓库 https://github.com/maoxikun/ray-data-for-java 候选文件 4 个
[2026-08-05 19:13:07] [W-18] 仓库 https://github.com/flyhong666/AutoBuildImmortalWrt 无候选文件 (总计 64 blob, 扩展名过滤 26, processed_shas 跳过 0, SHA 缓存跳过 38)
[2026-08-05 19:13:07] [W-15] 仓库 https://github.com/flyhong666/AutoSlide 候选文件 4 个
[2026-08-05 19:13:07] [W-5] 仓库 https://github.com/clift190/sing-box 候选文件较多 (246 个)，先通过 commits API 过滤
[2026-08-05 19:13:07] [W-17] 仓库 https://github.com/flyhong666/dev-sidecar 候选文件 44 个
[2026-08-05 19:13:07] [W-6] 仓库 https://github.com/flyhong666/autoscroll 候选文件 4 个
[2026-08-05 19:13:07] [W-19] 仓库 https://github.com/njuFerret/bing-wallpaper 候选文件较多 (118 个)，先通过 commits API 过滤
[2026-08-05 19:13:07] [W-22] 仓库 https://github.com/flyhong666/rustdesk 候选文件较多 (146 个)，先通过 commits API 过滤
[2026-08-05 19:13:07] [W-11] 仓库 https://github.com/clift190/sumatrapdf 候选文件较多 (573 个)，先通过 commits API 过滤
[2026-08-05 19:13:07] [W-20] 仓库 https://github.com/flyhong666/subtitleedit 候选文件较多 (199 个)，先通过 commits API 过滤
[2026-08-05 19:13:07] [W-14] 仓库 https://github.com/flyhong666/plain-app 候选文件 62 个
[2026-08-05 19:13:07] [W-2] 仓库 https://github.com/clift190/PowerToys 候选文件较多 (594 个)，先通过 commits API 过滤
[2026-08-05 19:13:07] [W-13] 仓库 https://github.com/flyhong666/cherry-studio 候选文件较多 (553 个)，先通过 commits API 过滤
[2026-08-05 19:13:07] [W-7] ✅ 完成 [user1] chris202010/WorkerVless2sub | 提取 0 | 新增 0 | 耗时 2s | 配额 4135/4800 11:13UTC | 主队列 28/200 发现队列 58/20000 [[user1]:58]
[2026-08-05 19:13:07] [W-7] 🔧 开始处理 [user1] flyhong666/FluxDown
[2026-08-05 19:13:07] [W-7] [user1] 仓库 https://github.com/flyhong666/FluxDown (分支: main, size: 59214KB, pushed: 2026-08-04T23:26:57Z)
[2026-08-05 19:13:07] [W-12] ✅ 完成 [user1] clift190/v2ray-agent | 提取 0 | 新增 0 | 耗时 2s | 配额 4135/4800 11:13UTC | 主队列 28/200 发现队列 57/20000 [[user1]:57]
[2026-08-05 19:13:07] [W-12] 🔧 开始处理 [user1] flyhong666/ContextMenuMgr
[2026-08-05 19:13:07] [W-12] ⏭️ [user1] 仓库 https://github.com/flyhong666/ContextMenuMgr 179h 未更新，跳过解析（无需追踪）
[2026-08-05 19:13:07] [W-4] 仓库 https://github.com/clift190/sing-box-fscarmen 无候选文件 (总计 9 blob, 扩展名过滤 2, processed_shas 跳过 0, SHA 缓存跳过 7)
[2026-08-05 19:13:07] [W-3] 仓库 https://github.com/flyhong666/lede 候选文件较多 (1845 个)，先通过 commits API 过滤
[2026-08-05 19:13:09] [W-18] ✅ 完成 [user1] flyhong666/AutoBuildImmortalWrt | 提取 0 | 新增 0 | 耗时 2s | 配额 4134/4800 11:13UTC | 主队列 28/200 发现队列 56/20000 [[user1]:56]
[2026-08-05 19:13:10] [W-18] 🔧 开始处理 [user1] flyhong666/NekokoLPA2
[2026-08-05 19:13:10] [W-18] ⏭️ [user1] 仓库 https://github.com/flyhong666/NekokoLPA2 227h 未更新，跳过解析（无需追踪）
[2026-08-05 19:13:12] [W-0] 📝 已处理缓存: chris202010/lunatv-config
[2026-08-05 19:13:20] [W-12] ✅ 完成 [user1] flyhong666/ContextMenuMgr | 提取 0 | 新增 0 | 耗时 0s | 配额 4134/4800 11:13UTC | 主队列 28/200 发现队列 55/20000 [[user1]:55]
[2026-08-05 19:13:20] [W-12] 🔧 开始处理 [user1] flyhong666/hbb_common
[2026-08-05 19:13:20] [W-12] ⏭️ [user1] 仓库 https://github.com/flyhong666/hbb_common 227h 未更新，跳过解析（无需追踪）
[2026-08-05 19:13:20] [W-4] ✅ 完成 [user1] clift190/sing-box-fscarmen | 提取 0 | 新增 0 | 耗时 3s | 配额 4134/4800 11:13UTC | 主队列 28/200 发现队列 54/20000 [[user1]:54]
[2026-08-05 19:13:20] [W-4] 🔧 开始处理 [user1] flyhong666/lxmusic-
[2026-08-05 19:13:20] [W-4] ⏭️ [user1] 仓库 https://github.com/flyhong666/lxmusic- 271h 未更新，跳过解析（无需追踪）
[2026-08-05 19:13:20] [W-1] ✅ 完成 [user1] maoxikun/sync-fork | 提取 0 | 新增 0 | 耗时 3s | 配额 4134/4800 11:13UTC | 主队列 28/200 发现队列 53/20000 [[user1]:53]
[2026-08-05 19:13:20] [W-8] ✅ 完成 [user1] chris202010/yxip | 提取 0 | 新增 0 | 耗时 3s | 配额 4134/4800 11:13UTC | 主队列 28/200 发现队列 52/20000 [[user1]:52]
[2026-08-05 19:13:20] [W-1] 🔧 开始处理 [user1] flyhong666/imewlconverter
[2026-08-05 19:13:20] [W-1] ⏭️ [user1] 仓库 https://github.com/flyhong666/imewlconverter 347h 未更新，跳过解析（无需追踪）
[2026-08-05 19:13:20] [W-8] 🔧 开始处理 [user1] flyhong666/Mi8E5-Unlocker-by-CVE-2026-43499
[2026-08-05 19:13:20] [W-8] ⏭️ [user1] 仓库 https://github.com/flyhong666/Mi8E5-Unlocker-by-CVE-2026-43499 535h 未更新，跳过解析（无需追踪）
[2026-08-05 19:13:20] [W-16] 仓库 https://github.com/flyhong666/qqwry 候选文件 9 个
[2026-08-05 19:13:20] [W-21] ✅ 完成 [user1] chris202010/yxym | 提取 0 | 新增 0 | 耗时 3s | 配额 4133/4800 11:13UTC | 主队列 28/200 发现队列 51/20000 [[user1]:51]
[2026-08-05 19:13:20] [W-21] 🔧 开始处理 [user1] flyhong666/helloworld
[2026-08-05 19:13:20] [W-21] ⏭️ [user1] 仓库 https://github.com/flyhong666/helloworld 559h 未更新，跳过解析（无需追踪）
[2026-08-05 19:13:20] [W-15] ✅ 完成 [user1] flyhong666/AutoSlide | 提取 0 | 新增 0 | 耗时 3s | 配额 4133/4800 11:13UTC | 主队列 28/200 发现队列 50/20000 [[user1]:50]
[2026-08-05 19:13:20] [W-10] ✅ 完成 [user1] maoxikun/ray-data-for-java | 提取 0 | 新增 0 | 耗时 3s | 配额 4133/4800 11:13UTC | 主队列 28/200 发现队列 49/20000 [[user1]:49]
[2026-08-05 19:13:20] [W-15] 🔧 开始处理 [user1] flyhong666/store
[2026-08-05 19:13:20] [W-15] ⏭️ [user1] 仓库 https://github.com/flyhong666/store 683h 未更新，跳过解析（无需追踪）
[2026-08-05 19:13:20] [W-6] ✅ 完成 [user1] flyhong666/autoscroll | 提取 0 | 新增 0 | 耗时 4s | 配额 4133/4800 11:13UTC | 主队列 28/200 发现队列 48/20000 [[user1]:48]
[2026-08-05 19:13:20] [W-10] 🔧 开始处理 [user1] flyhong666/VideoCaptioner
[2026-08-05 19:13:20] [W-10] ⏭️ [user1] 仓库 https://github.com/flyhong666/VideoCaptioner 1184h 未更新，跳过解析（无需追踪）
[2026-08-05 19:13:20] [W-18] ✅ 完成 [user1] flyhong666/NekokoLPA2 | 提取 0 | 新增 0 | 耗时 0s | 配额 4133/4800 11:13UTC | 主队列 28/200 发现队列 47/20000 [[user1]:47]
[2026-08-05 19:13:20] [W-18] 🔧 开始处理 [user1] flyhong666/UpdateWinISO
[2026-08-05 19:13:20] [W-18] ⏭️ [user1] 仓库 https://github.com/flyhong666/UpdateWinISO 2531h 未更新，跳过解析（无需追踪）
[2026-08-05 19:13:20] [W-6] 🔧 开始处理 [user1] flyhong666/FlyOOBE
[2026-08-05 19:13:20] [W-6] ⏭️ [user1] 仓库 https://github.com/flyhong666/FlyOOBE 970h 未更新，跳过解析（无需追踪）
[2026-08-05 19:13:20] [W-14] ✅ 完成 [user1] flyhong666/plain-app | 提取 0 | 新增 0 | 耗时 6s | 配额 4133/4800 11:13UTC | 主队列 28/200 发现队列 46/20000 [[user1]:46]
[2026-08-05 19:13:20] [W-14] 🔧 开始处理 [user1] flyhong666/qqwry.dat
[2026-08-05 19:13:20] [W-14] ⏭️ [user1] 仓库 https://github.com/flyhong666/qqwry.dat 2531h 未更新，跳过解析（无需追踪）
[2026-08-05 19:13:22] [W-0] ✅ 完成 [user1] chris202010/lunatv-config | 提取 0 | 新增 0 | 耗时 8s | 配额 4132/4800 11:13UTC | 主队列 28/200 发现队列 45/20000 [[user1]:45]
[2026-08-05 19:13:22] [W-0] 🔧 开始处理 [user1] flyhong666/RunFilesBuilder
[2026-08-05 19:13:22] [W-0] ⏭️ [user1] 仓库 https://github.com/flyhong666/RunFilesBuilder 2791h 未更新，跳过解析（无需追踪）
[2026-08-05 19:13:22] [W-9] 仓库 https://github.com/flyhong666/packages 候选文件较多 (2055 个)，先通过 commits API 过滤
[2026-08-05 19:13:22] [W-12] ✅ 完成 [user1] flyhong666/hbb_common | 提取 0 | 新增 0 | 耗时 0s | 配额 4128/4800 11:13UTC | 主队列 28/200 发现队列 44/20000 [[user1]:44]
[2026-08-05 19:13:22] [W-12] 🔧 开始处理 [user1] flyhong666/openwrt-passwall
[2026-08-05 19:13:22] [W-12] ⏭️ [user1] 仓库 https://github.com/flyhong666/openwrt-passwall 7874h 未更新，跳过解析（无需追踪）
[2026-08-05 19:13:22] [W-4] ✅ 完成 [user1] flyhong666/lxmusic- | 提取 0 | 新增 0 | 耗时 0s | 配额 4128/4800 11:13UTC | 主队列 28/200 发现队列 43/20000 [[user1]:43]
[2026-08-05 19:13:22] [W-4] 🔧 开始处理 [user1] flyhong666/GoGoGo
[2026-08-05 19:13:22] [W-4] ⏭️ [user1] 仓库 https://github.com/flyhong666/GoGoGo 5938h 未更新，跳过解析（无需追踪）
[2026-08-05 19:13:22] [W-1] ✅ 完成 [user1] flyhong666/imewlconverter | 提取 0 | 新增 0 | 耗时 0s | 配额 4128/4800 11:13UTC | 主队列 28/200 发现队列 42/20000 [[user1]:42]
[2026-08-05 19:13:22] [W-1] 🔧 开始处理 [user1] flyhong666/tailscale-openwrt
[2026-08-05 19:13:22] [W-1] ⏭️ [user1] 仓库 https://github.com/flyhong666/tailscale-openwrt 8697h 未更新，跳过解析（无需追踪）
[2026-08-05 19:13:22] [W-8] ✅ 完成 [user1] flyhong666/Mi8E5-Unlocker-by-CVE-2026-43499 | 提取 0 | 新增 0 | 耗时 0s | 配额 4128/4800 11:13UTC | 主队列 28/200 发现队列 41/20000 [[user1]:41]
[2026-08-05 19:13:22] [W-8] 🔧 开始处理 [user1] flyhong666/docker
[2026-08-05 19:13:22] [W-8] ⏭️ [user1] 仓库 https://github.com/flyhong666/docker 8879h 未更新，跳过解析（无需追踪）
[2026-08-05 19:13:22] [W-21] ✅ 完成 [user1] flyhong666/helloworld | 提取 0 | 新增 0 | 耗时 0s | 配额 4128/4800 11:13UTC | 主队列 28/200 发现队列 40/20000 [[user1]:40]
[2026-08-05 19:13:22] [W-21] 🔧 开始处理 [user1] flyhong666/SmsForwarder
[2026-08-05 19:13:22] [W-21] ⏭️ [user1] 仓库 https://github.com/flyhong666/SmsForwarder 8939h 未更新，跳过解析（无需追踪）
[2026-08-05 19:13:22] [W-15] ✅ 完成 [user1] flyhong666/store | 提取 0 | 新增 0 | 耗时 0s | 配额 4128/4800 11:13UTC | 主队列 28/200 发现队列 39/20000 [[user1]:39]
[2026-08-05 19:13:22] [W-15] 🔧 开始处理 [user1] symantes/Sub-Store
[2026-08-05 19:13:22] [W-15] [user1] 仓库 https://github.com/symantes/Sub-Store (分支: master, size: 10960KB, pushed: 2026-08-05T10:58:09Z)
[2026-08-05 19:13:22] [W-10] ✅ 完成 [user1] flyhong666/VideoCaptioner | 提取 0 | 新增 0 | 耗时 0s | 配额 4128/4800 11:13UTC | 主队列 28/200 发现队列 38/20000 [[user1]:38]
[2026-08-05 19:13:22] [W-10] 🔧 开始处理 [user1] symantes/3x-ui
[2026-08-05 19:13:22] [W-10] [user1] 仓库 https://github.com/symantes/3x-ui (分支: main, size: 56255KB, pushed: 2026-08-04T21:44:10Z)
[2026-08-05 19:13:22] [W-18] ✅ 完成 [user1] flyhong666/UpdateWinISO | 提取 0 | 新增 0 | 耗时 0s | 配额 4128/4800 11:13UTC | 主队列 28/200 发现队列 37/20000 [[user1]:37]
[2026-08-05 19:13:22] [W-18] 🔧 开始处理 [user1] symantes/OpenWrt-nikki
[2026-08-05 19:13:22] [W-18] [user1] 仓库 https://github.com/symantes/OpenWrt-nikki (分支: main, size: 1620KB, pushed: 2026-08-04T21:38:19Z)
[2026-08-05 19:13:22] [W-6] ✅ 完成 [user1] flyhong666/FlyOOBE | 提取 0 | 新增 0 | 耗时 0s | 配额 4128/4800 11:13UTC | 主队列 28/200 发现队列 36/20000 [[user1]:36]
[2026-08-05 19:13:22] [W-6] 🔧 开始处理 [user1] symantes/openwrt-passwall
[2026-08-05 19:13:22] [W-6] [user1] 仓库 https://github.com/symantes/openwrt-passwall (分支: main, size: 23938KB, pushed: 2026-08-04T21:37:29Z)
[2026-08-05 19:13:22] [W-14] ✅ 完成 [user1] flyhong666/qqwry.dat | 提取 0 | 新增 0 | 耗时 0s | 配额 4128/4800 11:13UTC | 主队列 28/200 发现队列 35/20000 [[user1]:35]
[2026-08-05 19:13:22] [W-14] 🔧 开始处理 [user1] symantes/AutoBuildImmortalWrt
[2026-08-05 19:13:22] [W-14] ⏭️ [user1] 仓库 https://github.com/symantes/AutoBuildImmortalWrt 96h 未更新，跳过解析（无需追踪）
[2026-08-05 19:13:22] [W-14] ✅ 完成 [user1] symantes/AutoBuildImmortalWrt | 提取 0 | 新增 0 | 耗时 0s | 配额 4128/4800 11:13UTC | 主队列 28/200 发现队列 34/20000 [[user1]:34]
[2026-08-05 19:13:22] [W-14] 🔧 开始处理 [user1] symantes/argosbx
[2026-08-05 19:13:22] [W-14] ⏭️ [user1] 仓库 https://github.com/symantes/argosbx 181h 未更新，跳过解析（无需追踪）
[2026-08-05 19:13:24] [W-7] 仓库 https://github.com/flyhong666/FluxDown 候选文件较多 (163 个)，先通过 commits API 过滤
[2026-08-05 19:13:24] [W-23]   👤 用户仓库: 30 个 → 主队列 28/200 发现队列 63/20000 [[user1]:63]
[2026-08-05 19:13:24] [W-23]   用户 sec-js 共查 30 个仓库
[2026-08-05 19:13:24] [W-16] ✅ 完成 [user1] flyhong666/qqwry | 提取 0 | 新增 0 | 耗时 17s | 配额 4123/4800 11:13UTC | 主队列 28/200 发现队列 63/20000 [[user1]:63]
[2026-08-05 19:13:24] [W-0] ✅ 完成 [user1] flyhong666/RunFilesBuilder | 提取 0 | 新增 0 | 耗时 0s | 配额 4123/4800 11:13UTC | 主队列 28/200 发现队列 62/20000 [[user1]:62]
[2026-08-05 19:13:24] [W-0] 🔧 开始处理 [user1] symantes/OpenClash
[2026-08-05 19:13:24] [W-0] ⏭️ [user1] 仓库 https://github.com/symantes/OpenClash 主要语言 HTML，跳过
[2026-08-05 19:13:24] [W-16] 🔧 开始处理 [user1] symantes/sublink-worker
[2026-08-05 19:13:24] [W-16] ⏭️ [user1] 仓库 https://github.com/symantes/sublink-worker 398h 未更新，跳过解析（无需追踪）
[2026-08-05 19:13:28] [W-12] ✅ 完成 [user1] flyhong666/openwrt-passwall | 提取 0 | 新增 0 | 耗时 0s | 配额 4123/4800 11:13UTC | 主队列 28/200 发现队列 61/20000 [[user1]:61]
[2026-08-05 19:13:28] [W-12] 🔧 开始处理 [user1] symantes/Cloudflare-proxy
[2026-08-05 19:13:28] [W-12] ⏭️ [user1] 仓库 https://github.com/symantes/Cloudflare-proxy 1918h 未更新，跳过解析（无需追踪）
[2026-08-05 19:13:28] [W-4] ✅ 完成 [user1] flyhong666/GoGoGo | 提取 0 | 新增 0 | 耗时 0s | 配额 4123/4800 11:13UTC | 主队列 28/200 发现队列 60/20000 [[user1]:60]
[2026-08-05 19:13:28] [W-4] 🔧 开始处理 [user1] wjs876046992/claude-code-router-next
[2026-08-05 19:13:28] [W-4] ⏭️ [user1] 仓库 https://github.com/wjs876046992/claude-code-router-next 26h 未更新，跳过解析（无需追踪）
[2026-08-05 19:13:28] [W-1] ✅ 完成 [user1] flyhong666/tailscale-openwrt | 提取 0 | 新增 0 | 耗时 0s | 配额 4123/4800 11:13UTC | 主队列 28/200 发现队列 59/20000 [[user1]:59]
[2026-08-05 19:13:28] [W-1] 🔧 开始处理 [user1] wjs876046992/qRemote
[2026-08-05 19:13:28] [W-1] ⏭️ [user1] 仓库 https://github.com/wjs876046992/qRemote 125h 未更新，跳过解析（无需追踪）
[2026-08-05 19:13:28] [W-8] ✅ 完成 [user1] flyhong666/docker | 提取 0 | 新增 0 | 耗时 0s | 配额 4123/4800 11:13UTC | 主队列 28/200 发现队列 58/20000 [[user1]:58]
[2026-08-05 19:13:28] [W-8] 🔧 开始处理 [user1] wjs876046992/MoviePilot-Plugins
[2026-08-05 19:13:28] [W-8] ⏭️ [user1] 仓库 https://github.com/wjs876046992/MoviePilot-Plugins 676h 未更新，跳过解析（无需追踪）
[2026-08-05 19:13:28] [W-21] ✅ 完成 [user1] flyhong666/SmsForwarder | 提取 0 | 新增 0 | 耗时 0s | 配额 4123/4800 11:13UTC | 主队列 28/200 发现队列 57/20000 [[user1]:57]
[2026-08-05 19:13:28] [W-21] 🔧 开始处理 [user1] wjs876046992/sillygirl-client
[2026-08-05 19:13:28] [W-21] ⏭️ [user1] 仓库 https://github.com/wjs876046992/sillygirl-client 705h 未更新，跳过解析（无需追踪）
[2026-08-05 19:13:28] [W-14] ✅ 完成 [user1] symantes/argosbx | 提取 0 | 新增 0 | 耗时 0s | 配额 4123/4800 11:13UTC | 主队列 28/200 发现队列 56/20000 [[user1]:56]
[2026-08-05 19:13:28] [W-14] 🔧 开始处理 [user1] wjs876046992/sillyGirl
[2026-08-05 19:13:28] [W-14] ⏭️ [user1] 仓库 https://github.com/wjs876046992/sillyGirl 729h 未更新，跳过解析（无需追踪）
[2026-08-05 19:13:28] [W-17] ✅ 完成 [user1] flyhong666/dev-sidecar | 提取 0 | 新增 0 | 耗时 7s | 配额 4123/4800 11:13UTC | 主队列 28/200 发现队列 55/20000 [[user1]:55]
[2026-08-05 19:13:28] [W-17] 🔧 开始处理 [user1] wjs876046992/ilink-wechat
[2026-08-05 19:13:28] [W-17] ⏭️ [user1] 仓库 https://github.com/wjs876046992/ilink-wechat 820h 未更新，跳过解析（无需追踪）
[2026-08-05 19:13:28] [W-23] ✅ 完成 [种子仓库] sec-js/v2rayN | 提取 0 | 新增 0 | 耗时 95s | 配额 4122/4800 11:13UTC | 主队列 28/200 发现队列 54/20000 [[user1]:54]
[2026-08-05 19:13:28] [W-23] 🔧 开始处理 [user1] wjs876046992/sillyplus_plugins
[2026-08-05 19:13:28] [W-23] ⏭️ [user1] 仓库 https://github.com/wjs876046992/sillyplus_plugins 837h 未更新，跳过解析（无需追踪）
[2026-08-05 19:13:28] [W-0] ✅ 完成 [user1] symantes/OpenClash | 提取 0 | 新增 0 | 耗时 0s | 配额 4122/4800 11:13UTC | 主队列 28/200 发现队列 53/20000 [[user1]:53]
[2026-08-05 19:13:28] [W-0] 🔧 开始处理 [user1] wjs876046992/SovietExtension
[2026-08-05 19:13:28] [W-0] ⏭️ [user1] 仓库 https://github.com/wjs876046992/SovietExtension 889h 未更新，跳过解析（无需追踪）
[2026-08-05 19:13:28] [W-16] ✅ 完成 [user1] symantes/sublink-worker | 提取 0 | 新增 0 | 耗时 0s | 配额 4122/4800 11:13UTC | 主队列 28/200 发现队列 52/20000 [[user1]:52]
[2026-08-05 19:13:28] [W-16] 🔧 开始处理 [user1] wjs876046992/WeChatFerry
[2026-08-05 19:13:28] [W-16] ⏭️ [user1] 仓库 https://github.com/wjs876046992/WeChatFerry 15360h 未更新，跳过解析（无需追踪）
[2026-08-05 19:13:28] [W-3]   commits 过滤: 1845 → 0 (变更文件 0 个)
[2026-08-05 19:13:28] [W-3] 仓库 https://github.com/flyhong666/lede 候选文件经时间过滤后为空
[2026-08-05 19:13:28] [W-12] ✅ 完成 [user1] symantes/Cloudflare-proxy | 提取 0 | 新增 0 | 耗时 0s | 配额 4120/4800 11:13UTC | 主队列 28/200 发现队列 51/20000 [[user1]:51]
[2026-08-05 19:13:28] [W-12] 🔧 开始处理 [user1] wjs876046992/image
[2026-08-05 19:13:28] [W-12] ⏭️ [user1] 仓库 https://github.com/wjs876046992/image 15605h 未更新，跳过解析（无需追踪）
[2026-08-05 19:13:28] [W-12] ✅ 完成 [user1] wjs876046992/image | 提取 0 | 新增 0 | 耗时 0s | 配额 4120/4800 11:13UTC | 主队列 28/200 发现队列 50/20000 [[user1]:50]
[2026-08-05 19:13:28] [W-12] 🔧 开始处理 [user1] wjs876046992/file-server
[2026-08-05 19:13:28] [W-12] ⏭️ [user1] 仓库 https://github.com/wjs876046992/file-server 18483h 未更新，跳过解析（无需追踪）
[2026-08-05 19:13:28] [W-12] ✅ 完成 [user1] wjs876046992/file-server | 提取 0 | 新增 0 | 耗时 0s | 配额 4120/4800 11:13UTC | 主队列 28/200 发现队列 49/20000 [[user1]:49]
[2026-08-05 19:13:28] [W-12] 🔧 开始处理 [user1] wjs876046992/ACL4SSR
[2026-08-05 19:13:28] [W-12] ⏭️ [user1] 仓库 https://github.com/wjs876046992/ACL4SSR 213h 未更新，跳过解析（无需追踪）
[2026-08-05 19:13:28] [W-12] ✅ 完成 [user1] wjs876046992/ACL4SSR | 提取 0 | 新增 0 | 耗时 0s | 配额 4120/4800 11:13UTC | 主队列 28/200 发现队列 48/20000 [[user1]:48]
[2026-08-05 19:13:28] [W-12] 🔧 开始处理 [user1] wjs876046992/unidbg-boot-server
[2026-08-05 19:13:28] [W-12] ⏭️ [user1] 仓库 https://github.com/wjs876046992/unidbg-boot-server 19850h 未更新，跳过解析（无需追踪）
[2026-08-05 19:13:28] [W-12] ✅ 完成 [user1] wjs876046992/unidbg-boot-server | 提取 0 | 新增 0 | 耗时 0s | 配额 4120/4800 11:13UTC | 主队列 28/200 发现队列 47/20000 [[user1]:47]
[2026-08-05 19:13:28] [W-12] 🔧 开始处理 [user1] wjs876046992/build-openwrt
[2026-08-05 19:13:28] [W-12] ⏭️ [user1] 仓库 https://github.com/wjs876046992/build-openwrt 22060h 未更新，跳过解析（无需追踪）
[2026-08-05 19:13:28] [W-14] ✅ 完成 [user1] wjs876046992/sillyGirl | 提取 0 | 新增 0 | 耗时 0s | 配额 4120/4800 11:13UTC | 主队列 28/200 发现队列 46/20000 [[user1]:46]
[2026-08-05 19:13:28] [W-14] 🔧 开始处理 [user1] wjs876046992/octopus
[2026-08-05 19:13:28] [W-14] ⏭️ [user1] 仓库 https://github.com/wjs876046992/octopus 49127h 未更新，跳过解析（无需追踪）
[2026-08-05 19:13:28] [W-14] ✅ 完成 [user1] wjs876046992/octopus | 提取 0 | 新增 0 | 耗时 0s | 配额 4120/4800 11:13UTC | 主队列 28/200 发现队列 45/20000 [[user1]:45]
[2026-08-05 19:13:28] [W-14] 🔧 开始处理 [user1] wjs876046992/autojs
[2026-08-05 19:13:28] [W-14] ⏭️ [user1] 仓库 https://github.com/wjs876046992/autojs 25827h 未更新，跳过解析（无需追踪）
[2026-08-05 19:13:28] [W-14] ✅ 完成 [user1] wjs876046992/autojs | 提取 0 | 新增 0 | 耗时 0s | 配额 4120/4800 11:13UTC | 主队列 28/200 发现队列 44/20000 [[user1]:44]
[2026-08-05 19:13:28] [W-14] 🔧 开始处理 [user1] wjs876046992/Bncr
[2026-08-05 19:13:28] [W-14] ⏭️ [user1] 仓库 https://github.com/wjs876046992/Bncr 28219h 未更新，跳过解析（无需追踪）
[2026-08-05 19:13:28] [W-14] ✅ 完成 [user1] wjs876046992/Bncr | 提取 0 | 新增 0 | 耗时 0s | 配额 4120/4800 11:13UTC | 主队列 28/200 发现队列 43/20000 [[user1]:43]
[2026-08-05 19:13:28] [W-14] 🔧 开始处理 [user1] wjs876046992/spy_config
[2026-08-05 19:13:28] [W-14] ⚠️ [user1] 仓库 https://github.com/wjs876046992/spy_config 大小为 0，跳过
[2026-08-05 19:13:28] [W-14] ✅ 完成 [user1] wjs876046992/spy_config | 提取 0 | 新增 0 | 耗时 0s | 配额 4120/4800 11:13UTC | 主队列 28/200 发现队列 42/20000 [[user1]:42]
[2026-08-05 19:13:28] [W-14] 🔧 开始处理 [user1] wjs876046992/Blog
[2026-08-05 19:13:28] [W-14] ⏭️ [user1] 仓库 https://github.com/wjs876046992/Blog 30578h 未更新，跳过解析（无需追踪）
[2026-08-05 19:13:28] [W-14] ✅ 完成 [user1] wjs876046992/Blog | 提取 0 | 新增 0 | 耗时 0s | 配额 4120/4800 11:13UTC | 主队列 28/200 发现队列 41/20000 [[user1]:41]
[2026-08-05 19:13:28] [W-14] 🔧 开始处理 [user1] wjs876046992/vue-qrcode-component
[2026-08-05 19:13:28] [W-14] ⏭️ [user1] 仓库 https://github.com/wjs876046992/vue-qrcode-component 30594h 未更新，跳过解析（无需追踪）
[2026-08-05 19:13:28] [W-14] ✅ 完成 [user1] wjs876046992/vue-qrcode-component | 提取 0 | 新增 0 | 耗时 0s | 配额 4120/4800 11:13UTC | 主队列 28/200 发现队列 40/20000 [[user1]:40]
[2026-08-05 19:13:28] [W-14] 🔧 开始处理 [user1] wjs876046992/springframework-source-5.1.x
[2026-08-05 19:13:28] [W-14] ⏭️ [user1] 仓库 https://github.com/wjs876046992/springframework-source-5.1.x 29560h 未更新，跳过解析（无需追踪）
[2026-08-05 19:13:28] [W-14] ✅ 完成 [user1] wjs876046992/springframework-source-5.1.x | 提取 0 | 新增 0 | 耗时 0s | 配额 4120/4800 11:13UTC | 主队列 28/200 发现队列 39/20000 [[user1]:39]
[2026-08-05 19:13:28] [W-14] 🔧 开始处理 [user1] wjs876046992/sillyGirl_Plugins
[2026-08-05 19:13:28] [W-14] ⏭️ [user1] 仓库 https://github.com/wjs876046992/sillyGirl_Plugins 31315h 未更新，跳过解析（无需追踪）
[2026-08-05 19:13:28] [W-12] ✅ 完成 [user1] wjs876046992/build-openwrt | 提取 0 | 新增 0 | 耗时 0s | 配额 4120/4800 11:13UTC | 主队列 28/200 发现队列 38/20000 [[user1]:38]
[2026-08-05 19:13:28] [W-12] 🔧 开始处理 [user1] wjs876046992/javascript-algorithms
[2026-08-05 19:13:28] [W-12] ⏭️ [user1] 仓库 https://github.com/wjs876046992/javascript-algorithms 29097h 未更新，跳过解析（无需追踪）
[2026-08-05 19:13:28] [W-12] ✅ 完成 [user1] wjs876046992/javascript-algorithms | 提取 0 | 新增 0 | 耗时 0s | 配额 4120/4800 11:13UTC | 主队列 28/200 发现队列 37/20000 [[user1]:37]
[2026-08-05 19:13:28] [W-12] 🔧 开始处理 [user1] wjs876046992/redis
[2026-08-05 19:13:28] [W-12] ⏭️ [user1] 仓库 https://github.com/wjs876046992/redis 39121h 未更新，跳过解析（无需追踪）
[2026-08-05 19:13:28] [W-12] ✅ 完成 [user1] wjs876046992/redis | 提取 0 | 新增 0 | 耗时 0s | 配额 4120/4800 11:13UTC | 主队列 28/200 发现队列 36/20000 [[user1]:36]
[2026-08-05 19:13:28] [W-12] 🔧 开始处理 [user1] wjs876046992/java-books-collections
[2026-08-05 19:13:28] [W-12] ⏭️ [user1] 仓库 https://github.com/wjs876046992/java-books-collections 41668h 未更新，跳过解析（无需追踪）
[2026-08-05 19:13:28] [W-12] ✅ 完成 [user1] wjs876046992/java-books-collections | 提取 0 | 新增 0 | 耗时 0s | 配额 4120/4800 11:13UTC | 主队列 28/200 发现队列 35/20000 [[user1]:35]
[2026-08-05 19:13:28] [W-12] 🔧 开始处理 [user1] wjs876046992/ssr-backup
[2026-08-05 19:13:28] [W-12] ⏭️ [user1] 仓库 https://github.com/wjs876046992/ssr-backup 46557h 未更新，跳过解析（无需追踪）
[2026-08-05 19:13:28] [W-21] ✅ 完成 [user1] wjs876046992/sillygirl-client | 提取 0 | 新增 0 | 耗时 0s | 配额 4120/4800 11:13UTC | 主队列 28/200 发现队列 34/20000 [[user1]:34]
[2026-08-05 19:13:28] [W-21] 🔧 开始处理 [user1] wjs876046992/learngit
[2026-08-05 19:13:28] [W-21] ⏭️ [user1] 仓库 https://github.com/wjs876046992/learngit 79635h 未更新，跳过解析（无需追踪）
[2026-08-05 19:13:28] [W-21] ✅ 完成 [user1] wjs876046992/learngit | 提取 0 | 新增 0 | 耗时 0s | 配额 4120/4800 11:13UTC | 主队列 28/200 发现队列 33/20000 [[user1]:33]
[2026-08-05 19:13:28] [W-21] 🔧 开始处理 [user1] wjs876046992/qrcodejs
[2026-08-05 19:13:28] [W-21] ⏭️ [user1] 仓库 https://github.com/wjs876046992/qrcodejs 81741h 未更新，跳过解析（无需追踪）
[2026-08-05 19:13:28] [W-3] ✅ 完成 [user1] flyhong666/lede | 提取 0 | 新增 0 | 耗时 23s | 配额 4120/4800 11:13UTC | 主队列 28/200 发现队列 32/20000 [[user1]:32]
[2026-08-05 19:13:28] [W-4] ✅ 完成 [user1] wjs876046992/claude-code-router-next | 提取 0 | 新增 0 | 耗时 0s | 配额 4120/4800 11:13UTC | 主队列 28/200 发现队列 31/20000 [[user1]:31]
[2026-08-05 19:13:28] [W-4] 🔧 开始处理 [user1] wjs876046992/spring-mvc
[2026-08-05 19:13:28] [W-4] ⏭️ [user1] 仓库 https://github.com/wjs876046992/spring-mvc 80426h 未更新，跳过解析（无需追踪）
[2026-08-05 19:13:28] [W-3] 🔧 开始处理 [user1] wjs876046992/angular4
[2026-08-05 19:13:28] [W-3] ⏭️ [user1] 仓库 https://github.com/wjs876046992/angular4 79922h 未更新，跳过解析（无需追踪）
[2026-08-05 19:13:28] [W-14] ✅ 完成 [user1] wjs876046992/sillyGirl_Plugins | 提取 0 | 新增 0 | 耗时 0s | 配额 4120/4800 11:13UTC | 主队列 28/200 发现队列 30/20000 [[user1]:30]
[2026-08-05 19:13:28] [W-14] 🔧 开始处理 [user1] sec-js/privateGPT
[2026-08-05 19:13:28] [W-14] [user1] 仓库 https://github.com/sec-js/privateGPT (分支: main, size: 29728KB, pushed: 2026-08-05T11:04:05Z)
[2026-08-05 19:13:28] [W-1] ✅ 完成 [user1] wjs876046992/qRemote | 提取 0 | 新增 0 | 耗时 0s | 配额 4120/4800 11:13UTC | 主队列 28/200 发现队列 29/20000 [[user1]:29]
[2026-08-05 19:13:28] [W-1] 🔧 开始处理 [user1] sec-js/integrations
[2026-08-05 19:13:28] [W-1] [user1] 仓库 https://github.com/sec-js/integrations (分支: main, size: 137695KB, pushed: 2026-08-05T10:54:05Z)
[2026-08-05 19:13:30] [W-23] ✅ 完成 [user1] wjs876046992/sillyplus_plugins | 提取 0 | 新增 0 | 耗时 0s | 配额 4119/4800 11:13UTC | 主队列 28/200 发现队列 28/20000 [[user1]:28]
[2026-08-05 19:13:30] [W-23] 🔧 开始处理 [user1] sec-js/puter
[2026-08-05 19:13:30] [W-23] [user1] 仓库 https://github.com/sec-js/puter (分支: main, size: 46472KB, pushed: 2026-08-05T10:54:20Z)
[2026-08-05 19:13:30] [W-0] ✅ 完成 [user1] wjs876046992/SovietExtension | 提取 0 | 新增 0 | 耗时 0s | 配额 4119/4800 11:13UTC | 主队列 28/200 发现队列 27/20000 [[user1]:27]
[2026-08-05 19:13:30] [W-0] 🔧 开始处理 [user1] sec-js/openclaw
[2026-08-05 19:13:30] [W-0] [user1] 仓库 https://github.com/sec-js/openclaw (分支: main, size: 2015493KB, pushed: 2026-08-05T10:43:36Z)
[2026-08-05 19:13:30] [W-16] ✅ 完成 [user1] wjs876046992/WeChatFerry | 提取 0 | 新增 0 | 耗时 0s | 配额 4119/4800 11:13UTC | 主队列 28/200 发现队列 26/20000 [[user1]:26]
[2026-08-05 19:13:30] [W-16] 🔧 开始处理 [user1] sec-js/tor-nodes
[2026-08-05 19:13:30] [W-16] [user1] 仓库 https://github.com/sec-js/tor-nodes (分支: main, size: 150864KB, pushed: 2026-08-05T10:39:36Z)
[2026-08-05 19:13:30] [W-12] ✅ 完成 [user1] wjs876046992/ssr-backup | 提取 0 | 新增 0 | 耗时 0s | 配额 4119/4800 11:13UTC | 主队列 28/200 发现队列 25/20000 [[user1]:25]
[2026-08-05 19:13:30] [W-12] 🔧 开始处理 [user1] sec-js/web-ui
[2026-08-05 19:13:30] [W-12] [user1] 仓库 https://github.com/sec-js/web-ui (分支: master, size: 10076KB, pushed: 2026-08-05T10:37:38Z)
[2026-08-05 19:13:30] [W-21] ✅ 完成 [user1] wjs876046992/qrcodejs | 提取 0 | 新增 0 | 耗时 0s | 配额 4119/4800 11:13UTC | 主队列 28/200 发现队列 24/20000 [[user1]:24]
[2026-08-05 19:13:30] [W-21] 🔧 开始处理 [user1] sec-js/deepdarkCTI
[2026-08-05 19:13:30] [W-21] [user1] 仓库 https://github.com/sec-js/deepdarkCTI (分支: main, size: 3199KB, pushed: 2026-08-05T10:22:14Z)
[2026-08-05 19:13:30] [W-4] ✅ 完成 [user1] wjs876046992/spring-mvc | 提取 0 | 新增 0 | 耗时 0s | 配额 4119/4800 11:13UTC | 主队列 28/200 发现队列 23/20000 [[user1]:23]
[2026-08-05 19:13:30] [W-4] 🔧 开始处理 [user1] sec-js/ClawX
[2026-08-05 19:13:30] [W-4] [user1] 仓库 https://github.com/sec-js/ClawX (分支: main, size: 39192KB, pushed: 2026-08-05T09:56:36Z)
[2026-08-05 19:13:30] [W-8] ✅ 完成 [user1] wjs876046992/MoviePilot-Plugins | 提取 0 | 新增 0 | 耗时 0s | 配额 4119/4800 11:13UTC | 主队列 28/200 发现队列 22/20000 [[user1]:22]
[2026-08-05 19:13:30] [W-8] 🔧 开始处理 [user1] sec-js/osv-scanner
[2026-08-05 19:13:30] [W-8] [user1] 仓库 https://github.com/sec-js/osv-scanner (分支: main, size: 31177KB, pushed: 2026-08-05T09:53:04Z)
[2026-08-05 19:13:30] [W-3] ✅ 完成 [user1] wjs876046992/angular4 | 提取 0 | 新增 0 | 耗时 0s | 配额 4119/4800 11:13UTC | 主队列 28/200 发现队列 21/20000 [[user1]:21]
[2026-08-05 19:13:30] [W-3] 🔧 开始处理 [user1] sec-js/proxy-scraper
[2026-08-05 19:13:30] [W-3] [user1] 仓库 https://github.com/sec-js/proxy-scraper (分支: master, size: 2399079KB, pushed: 2026-08-05T09:50:05Z)
[2026-08-05 19:13:30] [W-17] ✅ 完成 [user1] wjs876046992/ilink-wechat | 提取 0 | 新增 0 | 耗时 0s | 配额 4119/4800 11:13UTC | 主队列 28/200 发现队列 20/20000 [[user1]:20]
[2026-08-05 19:13:30] [W-17] 🔧 开始处理 [user1] sec-js/gitnexus
[2026-08-05 19:13:30] [W-17] [user1] 仓库 https://github.com/sec-js/gitnexus (分支: main, size: 41492KB, pushed: 2026-08-05T09:19:38Z)
[2026-08-05 19:13:30] [W-22]   commits 过滤: 146 → 0 (变更文件 0 个)
[2026-08-05 19:13:30] [W-22] 仓库 https://github.com/flyhong666/rustdesk 候选文件经时间过滤后为空
[2026-08-05 19:13:30] [W-2]   commits 过滤: 594 → 0 (变更文件 0 个)
[2026-08-05 19:13:30] [W-2] 仓库 https://github.com/clift190/PowerToys 候选文件经时间过滤后为空
[2026-08-05 19:13:30] [W-18] 仓库 https://github.com/symantes/OpenWrt-nikki 无候选文件 (总计 48 blob, 扩展名过滤 28, processed_shas 跳过 0, SHA 缓存跳过 20)
[2026-08-05 19:13:30] [W-15] 仓库 https://github.com/symantes/Sub-Store 无候选文件 (总计 173 blob, 扩展名过滤 153, processed_shas 跳过 0, SHA 缓存跳过 20)
[2026-08-05 19:13:30] [W-15] 📝 已处理缓存: symantes/Sub-Store
[2026-08-05 19:13:30] [W-6] 仓库 https://github.com/symantes/openwrt-passwall 候选文件 26 个
[2026-08-05 19:13:30] [W-10] 仓库 https://github.com/symantes/3x-ui 候选文件 2 个
[2026-08-05 19:13:38] [W-22] ✅ 完成 [user1] flyhong666/rustdesk | 提取 0 | 新增 0 | 耗时 25s | 配额 4108/4800 11:13UTC | 主队列 28/200 发现队列 19/20000 [[user1]:19]
[2026-08-05 19:13:38] [W-22] 🔧 开始处理 [user1] sec-js/CyberChef
[2026-08-05 19:13:38] [W-22] [user1] 仓库 https://github.com/sec-js/CyberChef (分支: master, size: 142580KB, pushed: 2026-08-05T09:24:08Z)
[2026-08-05 19:13:38] [W-2] ✅ 完成 [user1] clift190/PowerToys | 提取 0 | 新增 0 | 耗时 25s | 配额 4108/4800 11:13UTC | 主队列 28/200 发现队列 18/20000 [[user1]:18]
[2026-08-05 19:13:38] [W-18] ✅ 完成 [user1] symantes/OpenWrt-nikki | 提取 0 | 新增 0 | 耗时 8s | 配额 4108/4800 11:13UTC | 主队列 28/200 发现队列 17/20000 [[user1]:17]
[2026-08-05 19:13:38] [W-15] ✅ 完成 [user1] symantes/Sub-Store | 提取 0 | 新增 0 | 耗时 8s | 配额 4108/4800 11:13UTC | 主队列 28/200 发现队列 16/20000 [[user1]:16]
[2026-08-05 19:13:38] [W-15] 🔧 开始处理 [user1] sec-js/awesome-python
[2026-08-05 19:13:38] [W-15] [user1] 仓库 https://github.com/sec-js/awesome-python (分支: master, size: 8213KB, pushed: 2026-08-05T08:37:04Z)
[2026-08-05 19:13:38] [W-2] 🔧 开始处理 [user1] sec-js/CheatSheetSeries
[2026-08-05 19:13:38] [W-2] [user1] 仓库 https://github.com/sec-js/CheatSheetSeries (分支: master, size: 649206KB, pushed: 2026-08-05T09:03:53Z)
[2026-08-05 19:13:38] [W-18] 🔧 开始处理 [user1] sec-js/scorecard
[2026-08-05 19:13:38] [W-18] [user1] 仓库 https://github.com/sec-js/scorecard (分支: main, size: 374537KB, pushed: 2026-08-05T08:52:05Z)
[2026-08-05 19:13:38] [W-19]   Compare API 返回 15 个变更文件 (3 次 API 调用)
[2026-08-05 19:13:38] [W-19]   commits 过滤: 118 → 9 (变更文件 15 个)
[2026-08-05 19:13:38] [W-19] 仓库 https://github.com/njuFerret/bing-wallpaper 候选文件 9 个
[2026-08-05 19:13:38] [W-10] ✅ 完成 [user1] symantes/3x-ui | 提取 0 | 新增 0 | 耗时 10s | 配额 4105/4800 11:13UTC | 主队列 28/200 发现队列 15/20000 [[user1]:15]
[2026-08-05 19:13:38] [W-10] 🔧 开始处理 [user1] sec-js/remediation-validation-portal
[2026-08-05 19:13:38] [W-10] [user1] 仓库 https://github.com/sec-js/remediation-validation-portal (分支: master, size: 230KB, pushed: 2026-08-05T07:54:06Z)
[2026-08-05 19:13:38] [W-1] 仓库 https://github.com/sec-js/integrations 候选文件较多 (367 个)，先通过 commits API 过滤
[2026-08-05 19:13:38] [W-6] ✅ 完成 [user1] symantes/openwrt-passwall | 提取 0 | 新增 0 | 耗时 11s | 配额 4105/4800 11:13UTC | 主队列 28/200 发现队列 14/20000 [[user1]:14]
[2026-08-05 19:13:38] [W-14] 仓库 https://github.com/sec-js/privateGPT 候选文件 52 个
[2026-08-05 19:13:38] [W-6] 🔧 开始处理 [user1] sec-js/clawhub
[2026-08-05 19:13:38] [W-6] [user1] 仓库 https://github.com/sec-js/clawhub (分支: main, size: 43234KB, pushed: 2026-08-05T07:01:36Z)
[2026-08-05 19:13:38] [W-5]   Compare API 返回 300 个变更文件 (3 次 API 调用)
[2026-08-05 19:13:38] [W-5]   commits 过滤: 246 → 0 (变更文件 300 个)
[2026-08-05 19:13:38] [W-5] 仓库 https://github.com/clift190/sing-box 候选文件经时间过滤后为空
[2026-08-05 19:13:38] [W-23] 仓库 https://github.com/sec-js/puter 候选文件较多 (274 个)，先通过 commits API 过滤
[2026-08-05 19:13:38] [W-0] 仓库 https://github.com/sec-js/openclaw 候选文件较多 (2566 个)，先通过 commits API 过滤
[2026-08-05 19:13:40] [W-5] ✅ 完成 [user1] clift190/sing-box | 提取 0 | 新增 0 | 耗时 33s | 配额 4102/4800 11:13UTC | 主队列 28/200 发现队列 13/20000 [[user1]:13]
[2026-08-05 19:13:40] [W-5] 🔧 开始处理 [user1] sec-js/agentskills
[2026-08-05 19:13:40] [W-5] [user1] 仓库 https://github.com/sec-js/agentskills (分支: main, size: 738KB, pushed: 2026-08-05T06:47:37Z)
[2026-08-05 19:13:40] [W-7]   commits 过滤: 163 → 0 (变更文件 0 个)
[2026-08-05 19:13:40] [W-7] 仓库 https://github.com/flyhong666/FluxDown 候选文件经时间过滤后为空
[2026-08-05 19:13:40] [W-7] ✅ 完成 [user1] flyhong666/FluxDown | 提取 0 | 新增 0 | 耗时 33s | 配额 4101/4800 11:13UTC | 主队列 28/200 发现队列 12/20000 [[user1]:12]
[2026-08-05 19:13:40] [W-9]   commits 过滤: 2055 → 0 (变更文件 0 个)
[2026-08-05 19:13:40] [W-9] 仓库 https://github.com/flyhong666/packages 候选文件经时间过滤后为空
[2026-08-05 19:13:40] [W-7] 🔧 开始处理 [user1] sec-js/SkillSpector
[2026-08-05 19:13:40] [W-7] [user1] 仓库 https://github.com/sec-js/SkillSpector (分支: main, size: 1603KB, pushed: 2026-08-05T05:54:35Z)
[2026-08-05 19:13:40] [W-21] 仓库 https://github.com/sec-js/deepdarkCTI 候选文件 3 个
[2026-08-05 19:13:40] [W-16] 仓库 https://github.com/sec-js/tor-nodes 无候选文件 (总计 11 blob, 扩展名过滤 6, processed_shas 跳过 0, SHA 缓存跳过 5)
[2026-08-05 19:13:40] [W-4] 仓库 https://github.com/sec-js/ClawX 候选文件较多 (186 个)，先通过 commits API 过滤
[2026-08-05 19:13:40] [W-8] 仓库 https://github.com/sec-js/osv-scanner 候选文件较多 (218 个)，先通过 commits API 过滤
[2026-08-05 19:13:40] [W-11]   Compare API 返回 78 个变更文件 (3 次 API 调用)
[2026-08-05 19:13:40] [W-11]   commits 过滤: 573 → 5 (变更文件 78 个)
[2026-08-05 19:13:40] [W-11] 仓库 https://github.com/clift190/sumatrapdf 候选文件 5 个
[2026-08-05 19:13:40] [W-12] 仓库 https://github.com/sec-js/web-ui 候选文件 35 个
[2026-08-05 19:13:40] [W-13]   Compare API 返回 65 个变更文件 (3 次 API 调用)
[2026-08-05 19:13:40] [W-13]   commits 过滤: 553 → 10 (变更文件 65 个)
[2026-08-05 19:13:40] [W-13] 仓库 https://github.com/flyhong666/cherry-studio 候选文件 10 个
[2026-08-05 19:13:40] [W-20]   Compare API 返回 53 个变更文件 (3 次 API 调用)
[2026-08-05 19:13:40] [W-20]   commits 过滤: 199 → 7 (变更文件 53 个)
[2026-08-05 19:13:40] [W-20] 仓库 https://github.com/flyhong666/subtitleedit 候选文件 7 个
[2026-08-05 19:13:40] [W-17] 仓库 https://github.com/sec-js/gitnexus 候选文件较多 (381 个)，先通过 commits API 过滤
[2026-08-05 19:13:42] [W-14] 📝 已处理缓存: sec-js/privateGPT
[2026-08-05 19:13:42] [W-3] 仓库 https://github.com/sec-js/proxy-scraper 候选文件 8 个
[2026-08-05 19:13:42] [W-9] ✅ 完成 [user1] flyhong666/packages | 提取 0 | 新增 0 | 耗时 33s | 配额 4090/4800 11:13UTC | 主队列 28/200 发现队列 11/20000 [[user1]:11]
[2026-08-05 19:13:42] [W-9] 🔧 开始处理 [user1] sec-js/winget-pkgs
[2026-08-05 19:13:42] [W-9] [user1] 仓库 https://github.com/sec-js/winget-pkgs (分支: master, size: 817348KB, pushed: 2026-08-05T05:52:06Z)
[2026-08-05 19:13:45] [W-16] ✅ 完成 [user1] sec-js/tor-nodes | 提取 0 | 新增 0 | 耗时 10s | 配额 4090/4800 11:13UTC | 主队列 28/200 发现队列 10/20000 [[user1]:10]
[2026-08-05 19:13:45] [W-16] 🔧 开始处理 [user1] sec-js/PoC-in-GitHub
[2026-08-05 19:13:45] [W-16] [user1] 仓库 https://github.com/sec-js/PoC-in-GitHub (分支: master, size: 935050KB, pushed: 2026-08-05T05:28:06Z)
[2026-08-05 19:13:48] [W-12] 📝 已处理缓存: sec-js/web-ui
[2026-08-05 19:13:49] [W-15] 仓库 https://github.com/sec-js/awesome-python 候选文件 1 个
[2026-08-05 19:13:49] [W-10] 仓库 https://github.com/sec-js/remediation-validation-portal 候选文件 19 个
[2026-08-05 19:13:49] [W-2] 仓库 https://github.com/sec-js/CheatSheetSeries 候选文件较多 (176 个)，先通过 commits API 过滤
[2026-08-05 19:13:49] [W-22] 仓库 https://github.com/sec-js/CyberChef 候选文件 31 个
[2026-08-05 19:13:49] [W-14] ✅ 完成 [user1] sec-js/privateGPT | 提取 0 | 新增 0 | 耗时 14s | 配额 4083/4800 11:13UTC | 主队列 28/200 发现队列 9/20000 [[user1]:9]
[2026-08-05 19:13:49] [W-14] 🔧 开始处理 [user1] sec-js/book-to-skill
[2026-08-05 19:13:49] [W-14] [user1] 仓库 https://github.com/sec-js/book-to-skill (分支: master, size: 1548KB, pushed: 2026-08-05T05:03:38Z)
[2026-08-05 19:13:49] [W-18] 仓库 https://github.com/sec-js/scorecard 候选文件较多 (421 个)，先通过 commits API 过滤
[2026-08-05 19:13:49] [W-6] 仓库 https://github.com/sec-js/clawhub 候选文件较多 (416 个)，先通过 commits API 过滤
[2026-08-05 19:13:49] [W-21] ✅ 完成 [user1] sec-js/deepdarkCTI | 提取 0 | 新增 0 | 耗时 12s | 配额 4081/4800 11:13UTC | 主队列 28/200 发现队列 8/20000 [[user1]:8]
[2026-08-05 19:13:49] [W-21] 🔧 开始处理 [user1] sec-js/docs-1
[2026-08-05 19:13:49] [W-21] [user1] 仓库 https://github.com/sec-js/docs-1 (分支: main, size: 2334061KB, pushed: 2026-08-05T04:49:04Z)
[2026-08-05 19:13:49] [W-15] 📝 已处理缓存: sec-js/awesome-python
[2026-08-05 19:13:51] [W-5] 仓库 https://github.com/sec-js/agentskills 候选文件 12 个
[2026-08-05 19:13:51] [W-11] ✅ 完成 [user1] clift190/sumatrapdf | 提取 0 | 新增 0 | 耗时 39s | 配额 4080/4800 11:13UTC | 主队列 28/200 发现队列 7/20000 [[user1]:7]
[2026-08-05 19:13:51] [W-11] 🔧 开始处理 [user1] sec-js/st2
[2026-08-05 19:13:51] [W-11] [user1] 仓库 https://github.com/sec-js/st2 (分支: master, size: 42570KB, pushed: 2026-08-05T04:48:04Z)
[2026-08-05 19:13:52] [W-10] 📝 已处理缓存: sec-js/remediation-validation-portal
[2026-08-05 19:13:52] [W-5] 📝 已处理缓存: sec-js/agentskills
[2026-08-05 19:13:53] [W-20] ✅ 完成 [user1] flyhong666/subtitleedit | 提取 0 | 新增 0 | 耗时 40s | 配额 4080/4800 11:13UTC | 主队列 28/200 发现队列 6/20000 [[user1]:6]
[2026-08-05 19:13:53] [W-20] 🔧 开始处理 [user1] sec-js/koreader
[2026-08-05 19:13:53] [W-20] [user1] 仓库 https://github.com/sec-js/koreader (分支: master, size: 61002KB, pushed: 2026-08-05T04:38:04Z)
[2026-08-05 19:13:53] [W-13] ✅ 完成 [user1] flyhong666/cherry-studio | 提取 0 | 新增 0 | 耗时 41s | 配额 4080/4800 11:13UTC | 主队列 28/200 发现队列 5/20000 [[user1]:5]
[2026-08-05 19:13:53] [W-7] 仓库 https://github.com/sec-js/SkillSpector 候选文件 73 个
[2026-08-05 19:13:53] [W-19] ✅ 完成 [user1] njuFerret/bing-wallpaper | 提取 0 | 新增 0 | 耗时 42s | 配额 4079/4800 11:13UTC | 主队列 28/200 发现队列 4/20000 [[user1]:4]
[2026-08-05 19:13:53] [W-13] 🔧 开始处理 [user1] sec-js/cartography
[2026-08-05 19:13:53] [W-13] [user1] 仓库 https://github.com/sec-js/cartography (分支: master, size: 28214KB, pushed: 2026-08-05T04:38:59Z)
[2026-08-05 19:13:53] [W-19] 🔧 开始处理 [user1] sec-js/ai-job-search
[2026-08-05 19:13:53] [W-19] [user1] 仓库 https://github.com/sec-js/ai-job-search (分支: master, size: 3341KB, pushed: 2026-08-05T04:36:35Z)
[2026-08-05 19:13:54] [W-12] ✅ 完成 [user1] sec-js/web-ui | 提取 0 | 新增 0 | 耗时 18s | 配额 4078/4800 11:13UTC | 主队列 28/200 发现队列 3/20000 [[user1]:3]
[2026-08-05 19:13:54] [W-12] 🔧 开始处理 [user1] sec-js/prowler
[2026-08-05 19:13:54] [W-12] [user1] 仓库 https://github.com/sec-js/prowler (分支: master, size: 291259KB, pushed: 2026-08-05T04:23:06Z)
[2026-08-05 19:13:54] [W-22] 📝 已处理缓存: sec-js/CyberChef
[2026-08-05 19:13:56] [W-15] ✅ 完成 [user1] sec-js/awesome-python | 提取 0 | 新增 0 | 耗时 11s | 配额 4076/4800 11:13UTC | 主队列 28/200 发现队列 2/20000 [[user1]:2]
[2026-08-05 19:13:56] [W-15] 🔧 开始处理 [user1] sec-js/wordlists-2
[2026-08-05 19:13:56] [W-15] [user1] 仓库 https://github.com/sec-js/wordlists-2 (分支: main, size: 2607892KB, pushed: 2026-08-05T04:03:06Z)
[2026-08-05 19:13:56] [W-7] 📝 已处理缓存: sec-js/SkillSpector
[2026-08-05 19:13:58] [W-10] ✅ 完成 [user1] sec-js/remediation-validation-portal | 提取 0 | 新增 0 | 耗时 14s | 配额 4076/4800 11:13UTC | 主队列 28/200 发现队列 1/20000 [[user1]:1]
[2026-08-05 19:13:58] [W-5] ✅ 完成 [user1] sec-js/agentskills | 提取 0 | 新增 0 | 耗时 12s | 配额 4076/4800 11:13UTC | 主队列 28/200 发现队列 0/20000 [空]
[2026-08-05 19:13:58] [W-5] 🔧 开始处理 [种子仓库] selenologist99/v2rayN
[2026-08-05 19:13:58] [W-10] 🔧 开始处理 [user1] sec-js/bevy
[2026-08-05 19:13:58] [W-10] [user1] 仓库 https://github.com/sec-js/bevy (分支: main, size: 174905KB, pushed: 2026-08-05T03:53:06Z)
[2026-08-05 19:13:58] [W-22] ✅ 完成 [user1] sec-js/CyberChef | 提取 0 | 新增 0 | 耗时 17s | 配额 4076/4800 11:13UTC | 主队列 27/200 发现队列 0/20000 [空]
[2026-08-05 19:13:58] [W-22] 🔧 开始处理 [种子仓库] kafeixiang/v2rayN
[2026-08-05 19:13:58] [W-9] 树数据被截断，尝试 Partial Clone 获取完整文件树
[2026-08-05 19:13:58] [W-3] ✅ 完成 [user1] sec-js/proxy-scraper | 提取 0 | 新增 0 | 耗时 26s | 配额 4074/4800 11:13UTC | 主队列 26/200 发现队列 0/20000 [空]
[2026-08-05 19:13:58] [W-3] 🔧 开始处理 [种子仓库] chizee/v2rayN
[2026-08-05 19:13:58] [W-16] 仓库 https://github.com/sec-js/PoC-in-GitHub 候选文件较多 (9251 个)，先通过 commits API 过滤
[2026-08-05 19:14:00] [W-14] 仓库 https://github.com/sec-js/book-to-skill 候选文件 27 个
[2026-08-05 19:14:00] [W-21] 仓库 https://github.com/sec-js/docs-1 候选文件较多 (9980 个)，先通过 commits API 过滤
[2026-08-05 19:14:01] [W-14] 📝 已处理缓存: sec-js/book-to-skill
