[2026-07-30 00:05:45] 🚀 程序启动
[2026-07-30 00:05:45] 关键词: 105 个
[2026-07-30 00:05:45] [MainThread] 已加载黑名单: 10159 个
[2026-07-30 00:05:45] [MainThread] 加载 SHA 缓存 206131 条 (1 分片)
[2026-07-30 00:05:45] [MainThread] 🚀 程序启动 | 配额上限 4800/小时
[2026-07-30 00:05:45] [MainThread] 🔵 阶段 1: 种子仓库 (592 个)
[2026-07-30 00:05:45] [种子] 🔵 种子仓库: 592 个 → 队列
[2026-07-30 00:05:45] [种子] 🔵 [种子 1/592] mahdibland/V2RayAggregator | 配额 4799/4800 16:05 UTC | 主队列 1/200 发现队列 0/600[2026-07-30 00:05:45] [W-0] 🔧 开始处理 mahdibland/V2RayAggregator

[2026-07-30 00:05:45] [W-0] 仓库 https://github.com/mahdibland/V2RayAggregator (分支: master, size: 4524370KB, pushed: 2026-07-29T15:02:21Z)
[2026-07-30 00:05:46] [种子] 🔵 [种子 2/592] gfpcom/free-proxy-list | 配额 4798/4800 16:05 UTC | 主队列 1/200 发现队列 0/600[2026-07-30 00:05:46] [W-1] 🔧 开始处理 gfpcom/free-proxy-list

[2026-07-30 00:05:46] [W-1] 仓库 https://github.com/gfpcom/free-proxy-list (分支: main, size: 37117KB, pushed: 2026-07-29T15:27:16Z)
[2026-07-30 00:05:46] [W-0] 仓库 https://github.com/mahdibland/V2RayAggregator 候选文件较多 (1526 个)，先通过 commits API 过滤
[2026-07-30 00:05:47] [W-1] 仓库 https://github.com/gfpcom/free-proxy-list 候选文件 1 个
[2026-07-30 00:05:47] [W-1] 🔗 递归发现仓库 wiki/gfpcom (来源 https://raw.githubusercontent.com/gfpcom/free-proxy-list/main/README.md)
[2026-07-30 00:05:49] [W-2] 🔧 开始处理 ninjastrikers/nexus-nodes
[2026-07-30 00:05:49] [种子] 🔵 [种子 3/592] ninjastrikers/nexus-nodes | 配额 4794/4800 16:05 UTC | 主队列 0/200 发现队列 0/600[2026-07-30 00:05:49] [W-2] 仓库 https://github.com/ninjastrikers/nexus-nodes (分支: main, size: 1017641KB, pushed: 2026-07-29T14:30:59Z)

[2026-07-30 00:05:49] repo info (wiki/gfpcom) 404，跳过
[2026-07-30 00:05:49] [W-1] 🔗 查子仓库: gfpcom/free-proxy-list
[2026-07-30 00:05:50] [W-2] 仓库 https://github.com/ninjastrikers/nexus-nodes 候选文件较多 (521 个)，先通过 commits API 过滤
[2026-07-30 00:05:52] [W-0]   Compare API 返回 25 个变更文件 (3 次 API 调用)
[2026-07-30 00:05:52] [W-0]   commits 过滤: 1526 → 21 (变更文件 25 个)
[2026-07-30 00:05:52] [W-0] 仓库 https://github.com/mahdibland/V2RayAggregator 候选文件 21 个
[2026-07-30 00:05:53] [ThreadPoolExecutor-1_12] 🔗 递归发现仓库 mahdibland/ShadowsocksAggregator (来源 https://raw.githubusercontent.com/mahdibland/V2RayAggregator/master/README.md)
[2026-07-30 00:05:53] [种子] 🔵 [种子 4/592] ermaozi/get_subscribe | 配额 4787/4800 16:05 UTC | 主队列 1/200 发现队列 0/600[2026-07-30 00:05:53] [W-3] 🔧 开始处理 ermaozi/get_subscribe

[2026-07-30 00:05:53] [W-3] 仓库 https://github.com/ermaozi/get_subscribe (分支: main, size: 116KB, pushed: 2026-07-29T12:46:45Z)
[2026-07-30 00:05:54] [W-3] 仓库 https://github.com/ermaozi/get_subscribe 候选文件 2 个
[2026-07-30 00:05:54] [种子] 🔵 [种子 5/592] pawdroid/Free-servers | 配额 4784/4800 16:05 UTC | 主队列 1/200 发现队列 0/600
[2026-07-30 00:05:54] [W-1]   🍴 子仓库: 30 个 → 主队列 1/200 发现队列 30/600
[2026-07-30 00:05:54] [W-1] 🔗 开始 Fork 链追踪 (gfpcom/free-proxy-list)
[2026-07-30 00:05:55] [W-3] 🔗 查子仓库: ermaozi/get_subscribe
[2026-07-30 00:05:56] [ThreadPoolExecutor-1_12] 🔗 发现仓库链接 mahdibland/SSAggregator (来源 https://raw.githubusercontent.com/mahdibland/V2RayAggregator/master/README.md)
[2026-07-30 00:05:57] [W-1] 👤 遍历用户仓库: gfpcom
[2026-07-30 00:05:59] [种子] 🔵 [种子 6/592] sevcator/5ubscrpt10n | 配额 4780/4800 16:05 UTC | 主队列 2/200 发现队列 31/600
[2026-07-30 00:05:59] [W-1]   用户 gfpcom 共查 0 个仓库[2026-07-30 00:05:59] [ThreadPoolExecutor-1_12] 🔗 发现仓库链接 ldir92664/Vmess-Actions (来源 https://raw.githubusercontent.com/mahdibland/V2RayAggregator/master/README.md)

[2026-07-30 00:06:00] [W-1] ✅ 完成 gfpcom/free-proxy-list (+4998 节点)
[2026-07-30 00:06:00] [种子] 🔵 [种子 7/592] roosterkid/openproxylist | 配额 4775/4800 16:06 UTC | 主队列 3/200 发现队列 31/600[2026-07-30 00:06:00] [W-1] 🔧 开始处理 josephGuo/free-proxy-list[2026-07-30 00:06:00] [W-3]   🍴 子仓库: 30 个 → 主队列 3/200 发现队列 61/600


[2026-07-30 00:06:00] [W-3] 🔗 开始 Fork 链追踪 (ermaozi/get_subscribe)[2026-07-30 00:06:00] [W-1] 仓库在黑名单中: https://github.com/josephGuo/free-proxy-list

[2026-07-30 00:06:00] [W-1] ✅ 完成 josephGuo/free-proxy-list (+0 节点)
[2026-07-30 00:06:00] [W-1] 🔧 开始处理 shouma1/free-proxy-list
[2026-07-30 00:06:00] [W-1] 仓库在黑名单中: https://github.com/shouma1/free-proxy-list
[2026-07-30 00:06:00] [W-1] ✅ 完成 shouma1/free-proxy-list (+0 节点)
[2026-07-30 00:06:00] [W-1] 🔧 开始处理 a414166402/free-proxy-list
[2026-07-30 00:06:00] [W-1] 仓库在黑名单中: https://github.com/a414166402/free-proxy-list
[2026-07-30 00:06:00] [W-1] ✅ 完成 a414166402/free-proxy-list (+0 节点)
[2026-07-30 00:06:00] [W-1] 🔧 开始处理 y-chell/free-proxy-list
[2026-07-30 00:06:00] [W-1] 仓库在黑名单中: https://github.com/y-chell/free-proxy-list
[2026-07-30 00:06:00] [W-1] ✅ 完成 y-chell/free-proxy-list (+0 节点)
[2026-07-30 00:06:00] [W-1] 🔧 开始处理 akaryc1b/free-proxy-list
[2026-07-30 00:06:00] [W-1] 仓库在黑名单中: https://github.com/akaryc1b/free-proxy-list
[2026-07-30 00:06:01] [W-1] ✅ 完成 akaryc1b/free-proxy-list (+0 节点)
[2026-07-30 00:06:01] [W-1] 🔧 开始处理 jokerbug8/free-proxy-list
[2026-07-30 00:06:01] [W-1] 仓库在黑名单中: https://github.com/jokerbug8/free-proxy-list
[2026-07-30 00:06:01] [W-1] ✅ 完成 jokerbug8/free-proxy-list (+0 节点)
[2026-07-30 00:06:01] [W-1] 🔧 开始处理 shuaibibi11/free-proxy-list
[2026-07-30 00:06:01] [W-1] 仓库在黑名单中: https://github.com/shuaibibi11/free-proxy-list
[2026-07-30 00:06:01] [W-1] ✅ 完成 shuaibibi11/free-proxy-list (+0 节点)
[2026-07-30 00:06:01] [W-1] 🔧 开始处理 martinpeng123/free-proxy-list
[2026-07-30 00:06:01] [W-1] 仓库在黑名单中: https://github.com/martinpeng123/free-proxy-list
[2026-07-30 00:06:01] [W-1] ✅ 完成 martinpeng123/free-proxy-list (+0 节点)
[2026-07-30 00:06:01] [W-1] 🔧 开始处理 shahramdll/free-proxy-list
[2026-07-30 00:06:01] [W-1] 仓库在黑名单中: https://github.com/shahramdll/free-proxy-list
[2026-07-30 00:06:01] [W-1] ✅ 完成 shahramdll/free-proxy-list (+0 节点)
[2026-07-30 00:06:01] [W-1] 🔧 开始处理 lw9726/free-proxy-list
[2026-07-30 00:06:01] [W-1] 仓库在黑名单中: https://github.com/lw9726/free-proxy-list
[2026-07-30 00:06:01] [W-1] ✅ 完成 lw9726/free-proxy-list (+0 节点)
[2026-07-30 00:06:01] [W-1] 🔧 开始处理 JiwaniZakir/free-proxy-list
[2026-07-30 00:06:01] [W-1] 仓库在黑名单中: https://github.com/JiwaniZakir/free-proxy-list
[2026-07-30 00:06:01] [W-1] ✅ 完成 JiwaniZakir/free-proxy-list (+0 节点)
[2026-07-30 00:06:01] [W-1] 🔧 开始处理 schinnermark/free-proxy-list
[2026-07-30 00:06:02] [W-1] 仓库在黑名单中: https://github.com/schinnermark/free-proxy-list
[2026-07-30 00:06:02] [W-1] ✅ 完成 schinnermark/free-proxy-list (+0 节点)
[2026-07-30 00:06:02] [W-1] 🔧 开始处理 ddbon-calvin/free-proxy-list
[2026-07-30 00:06:02] [W-1] 仓库在黑名单中: https://github.com/ddbon-calvin/free-proxy-list
[2026-07-30 00:06:02] [W-1] ✅ 完成 ddbon-calvin/free-proxy-list (+0 节点)
[2026-07-30 00:06:02] [W-1] 🔧 开始处理 sunqiso/free-proxy-list2
[2026-07-30 00:06:02] [W-1] 仓库在黑名单中: https://github.com/sunqiso/free-proxy-list2
[2026-07-30 00:06:02] [W-1] ✅ 完成 sunqiso/free-proxy-list2 (+0 节点)
[2026-07-30 00:06:02] [W-1] 🔧 开始处理 fanren112233/free-proxy-list[2026-07-30 00:06:02] [W-2]   Compare API 返回 300 个变更文件 (3 次 API 调用)

[2026-07-30 00:06:02] repo info (ldir92664/Vmess-Actions) 404，跳过[2026-07-30 00:06:02] [W-1] 仓库在黑名单中: https://github.com/fanren112233/free-proxy-list
[2026-07-30 00:06:03] [W-3] 👤 遍历用户仓库: ermaozi[2026-07-30 00:06:02] [种子] 🔵 [种子 8/592] V2RayRoot/V2RayConfig | 配额 4771/4800 16:06 UTC | 主队列 4/200 发现队列 47/600[2026-07-30 00:06:03] [W-2]   commits 过滤: 521 → 293 (变更文件 300 个)
[2026-07-30 00:06:03] [ThreadPoolExecutor-1_12] 🔗 发现仓库链接 anaer/Sub (来源 https://raw.githubusercontent.com/mahdibland/V2RayAggregator/master/README.md)



[2026-07-30 00:06:03] [W-1] ✅ 完成 fanren112233/free-proxy-list (+0 节点)[2026-07-30 00:06:03] [W-2] 仓库 https://github.com/ninjastrikers/nexus-nodes 候选文件 293 个

[2026-07-30 00:06:03] [W-1] 🔧 开始处理 jeffrichman01/gfpcom_free-proxy-list
[2026-07-30 00:06:03] [W-1] 仓库在黑名单中: https://github.com/jeffrichman01/gfpcom_free-proxy-list
[2026-07-30 00:06:03] [W-1] ✅ 完成 jeffrichman01/gfpcom_free-proxy-list (+0 节点)
[2026-07-30 00:06:03] [W-1] 🔧 开始处理 saeed6394/free-proxy-list
[2026-07-30 00:06:03] [W-1] 仓库在黑名单中: https://github.com/saeed6394/free-proxy-list
[2026-07-30 00:06:03] [W-1] ✅ 完成 saeed6394/free-proxy-list (+0 节点)
[2026-07-30 00:06:04] [W-1] 🔧 开始处理 1999FordFocus/free-proxy-list
[2026-07-30 00:06:04] [W-1] 仓库在黑名单中: https://github.com/1999FordFocus/free-proxy-list
[2026-07-30 00:06:04] [W-1] ✅ 完成 1999FordFocus/free-proxy-list (+0 节点)
[2026-07-30 00:06:04] [W-1] 🔧 开始处理 kimjune01/free-proxy-list
[2026-07-30 00:06:04] [W-1] 仓库在黑名单中: https://github.com/kimjune01/free-proxy-list
[2026-07-30 00:06:04] [W-1] ✅ 完成 kimjune01/free-proxy-list (+0 节点)
[2026-07-30 00:06:04] [W-1] 🔧 开始处理 mojtaba-aloevera/free-proxy-list
[2026-07-30 00:06:04] [W-1] 仓库在黑名单中: https://github.com/mojtaba-aloevera/free-proxy-list
[2026-07-30 00:06:04] [W-1] ✅ 完成 mojtaba-aloevera/free-proxy-list (+0 节点)
[2026-07-30 00:06:04] [W-1] 🔧 开始处理 luobikang1/free-proxy-list
[2026-07-30 00:06:04] [W-1] 仓库在黑名单中: https://github.com/luobikang1/free-proxy-list
[2026-07-30 00:06:04] [W-1] ✅ 完成 luobikang1/free-proxy-list (+0 节点)
[2026-07-30 00:06:04] [W-1] 🔧 开始处理 sanmaxdev/free-proxy-list
[2026-07-30 00:06:04] [W-1] 仓库在黑名单中: https://github.com/sanmaxdev/free-proxy-list
[2026-07-30 00:06:04] [W-1] ✅ 完成 sanmaxdev/free-proxy-list (+0 节点)
[2026-07-30 00:06:04] [W-1] 🔧 开始处理 DeimosDeployed/Proxy-List
[2026-07-30 00:06:04] [W-1] 仓库在黑名单中: https://github.com/DeimosDeployed/Proxy-List
[2026-07-30 00:06:04] [W-1] ✅ 完成 DeimosDeployed/Proxy-List (+0 节点)
[2026-07-30 00:06:04] [W-1] 🔧 开始处理 allanjoshuaf/free-proxy-list
[2026-07-30 00:06:04] [W-1] 仓库在黑名单中: https://github.com/allanjoshuaf/free-proxy-list
[2026-07-30 00:06:04] [W-1] ✅ 完成 allanjoshuaf/free-proxy-list (+0 节点)
[2026-07-30 00:06:04] [W-1] 🔧 开始处理 amir-rezaei/free-proxy-list
[2026-07-30 00:06:04] [W-1] ⏭️ 仓库 https://github.com/amir-rezaei/free-proxy-list 89h 未更新，跳过解析（追踪 fork 链）
[2026-07-30 00:06:04] [W-1] 🔗 查子仓库: amir-rezaei/free-proxy-list
[2026-07-30 00:06:05] [ThreadPoolExecutor-25_3] 📦 批次 0001 已持久化: /home/runner/work/test-college/test-college/batches/no_batch_0001.txt (5001 个节点, 累计 5002 个) | 主队列 4/200 发现队列 37/600
[2026-07-30 00:06:05] [ThreadPoolExecutor-25_3] SHA 缓存已保存: 206164 条, 1 分片
[2026-07-30 00:06:05] [种子] 🔵 [种子 9/592] Farid-Karimi/Config-Collector | 配额 4769/4800 16:06 UTC | 主队列 5/200 发现队列 37/600
[2026-07-30 00:06:05] [ThreadPoolExecutor-1_12] 🔗 发现仓库链接 mfuu/v2ray (来源 https://raw.githubusercontent.com/mahdibland/V2RayAggregator/master/README.md)
[2026-07-30 00:06:07] [W-1] 🔗 开始 Fork 链追踪 (amir-rezaei/free-proxy-list)
[2026-07-30 00:06:08] [W-3]   👤 用户仓库: 3 个 → 主队列 5/200 发现队列 41/600
[2026-07-30 00:06:08] [W-3]   用户 ermaozi 共查 3 个仓库
[2026-07-30 00:06:08] [W-3] ✅ 完成 ermaozi/get_subscribe (+2483 节点)
[2026-07-30 00:06:08] [W-3] 🔧 开始处理 AtenaPV/PL4
[2026-07-30 00:06:08] [W-3] ⏭️ 仓库 https://github.com/AtenaPV/PL4 71h 未更新，跳过解析（追踪 fork 链）
[2026-07-30 00:06:08] [W-3] 🔗 查子仓库: AtenaPV/PL4
[2026-07-30 00:06:08] [种子] 🔵 [种子 10/592] ehsanghaffar/config-sub-platform | 配额 4764/4800 16:06 UTC | 主队列 6/200 发现队列 40/600
[2026-07-30 00:06:08] [ThreadPoolExecutor-1_12] 🔗 发现仓库链接 peasoft/NoMoreWalls (来源 https://raw.githubusercontent.com/mahdibland/V2RayAggregator/master/README.md)
[2026-07-30 00:06:08] [W-1]   父仓库: gfpcom/free-proxy-list
[2026-07-30 00:06:10] [W-3] 🔗 开始 Fork 链追踪 (AtenaPV/PL4)
[2026-07-30 00:06:10] [ThreadPoolExecutor-1_12] 🔗 发现仓库链接 mahdibland/get_v2 (来源 https://raw.githubusercontent.com/mahdibland/V2RayAggregator/master/README.md)
[2026-07-30 00:06:10] [W-3]   父仓库: gfpcom/free-proxy-list[2026-07-30 00:06:10] [种子] 🔵 [种子 11/592] Airuop/config-fetcher | 配额 4758/4800 16:06 UTC | 主队列 7/200 发现队列 42/600

[2026-07-30 00:06:13] [种子] 🔵 [种子 12/592] free-nodes/v2rayfree | 配额 4756/4800 16:06 UTC | 主队列 8/200 发现队列 42/600
[2026-07-30 00:06:13] [ThreadPoolExecutor-1_12] 🔗 发现仓库链接 SnapdragonLee/SystemProxy (来源 https://raw.githubusercontent.com/mahdibland/V2RayAggregator/master/README.md)
[2026-07-30 00:06:13] [W-1]   🍴 兄弟仓库: 22 个 → 主队列 8/200 发现队列 65/600
[2026-07-30 00:06:13] [W-1] 👤 遍历用户仓库: amir-rezaei
[2026-07-30 00:06:14] [种子] 🔵 [种子 13/592] crashgfw/free-airport-nodes | 配额 4753/4800 16:06 UTC | 主队列 9/200 发现队列 65/600
[2026-07-30 00:06:16] [ThreadPoolExecutor-1_12] 🔗 发现仓库链接 Fndroid/clash_for_windows_pk (来源 https://raw.githubusercontent.com/mahdibland/V2RayAggregator/master/README.md)
[2026-07-30 00:06:16] [种子] 🔵 [种子 14/592] lza6/free-VPN | 配额 4750/4800 16:06 UTC | 主队列 10/200 发现队列 66/600
[2026-07-30 00:06:16] [W-3] 👤 遍历用户仓库: AtenaPV
[2026-07-30 00:06:17] [W-2] 🔗 查子仓库: ninjastrikers/nexus-nodes
[2026-07-30 00:06:18] repo info (Fndroid/clash_for_windows_pk) 404，跳过
[2026-07-30 00:06:18] [ThreadPoolExecutor-1_12] 🔗 发现仓库链接 Qv2ray/Qv2ra (来源 https://raw.githubusercontent.com/mahdibland/V2RayAggregator/master/README.md)
[2026-07-30 00:06:19] [种子] 🔵 [种子 15/592] guying23/AutoMergePublicNodes | 配额 4746/4800 16:06 UTC | 主队列 11/200 发现队列 66/600
[2026-07-30 00:06:21] [W-3]   👤 用户仓库: 30 个 → 主队列 11/200 发现队列 96/600
[2026-07-30 00:06:21] [W-3]   用户 AtenaPV 共查 30 个仓库
[2026-07-30 00:06:21] [W-3] ✅ 完成 AtenaPV/PL4 (+2560 节点)
[2026-07-30 00:06:21] [W-3] 🔧 开始处理 BLYLMS/PL-DN
[2026-07-30 00:06:21] [W-3] ⏭️ 仓库 https://github.com/BLYLMS/PL-DN 59h 未更新，跳过解析（追踪 fork 链）
[2026-07-30 00:06:21] [W-3] 🔗 查子仓库: BLYLMS/PL-DN
[2026-07-30 00:06:23] [W-1]   👤 用户仓库: 30 个 → 主队列 11/200 发现队列 125/600[2026-07-30 00:06:23] repo info (Qv2ray/Qv2ra) 404，跳过
[2026-07-30 00:06:23] [W-2]   🍴 子仓库: 7 个 → 主队列 11/200 发现队列 132/600[2026-07-30 00:06:23] [种子] 🔵 [种子 16/592] rtwo2/FastNodes | 配额 4738/4800 16:06 UTC | 主队列 12/200 发现队列 132/600[2026-07-30 00:06:23] [W-1]   用户 amir-rezaei 共查 30 个仓库


[2026-07-30 00:06:23] [W-2] 🔗 开始 Fork 链追踪 (ninjastrikers/nexus-nodes)
[2026-07-30 00:06:23] [ThreadPoolExecutor-1_12] 🔗 发现仓库链接 2dust/v2ray (来源 https://raw.githubusercontent.com/mahdibland/V2RayAggregator/master/README.md)
[2026-07-30 00:06:23] [W-1] ✅ 完成 amir-rezaei/free-proxy-list (+2760 节点)

[2026-07-30 00:06:23] [W-1] 🔧 开始处理 yangzhijun0325/free-proxy-list
[2026-07-30 00:06:23] [W-1] 仓库在黑名单中: https://github.com/yangzhijun0325/free-proxy-list
[2026-07-30 00:06:23] [W-1] ✅ 完成 yangzhijun0325/free-proxy-list (+0 节点)
[2026-07-30 00:06:23] [W-1] 🔧 开始处理 johne-parker/free-proxy-list
[2026-07-30 00:06:23] [W-1] 仓库在黑名单中: https://github.com/johne-parker/free-proxy-list
[2026-07-30 00:06:23] [W-1] ✅ 完成 johne-parker/free-proxy-list (+0 节点)
[2026-07-30 00:06:23] [W-1] 🔧 开始处理 devacius/free-proxy-list
[2026-07-30 00:06:23] [W-1] 仓库在黑名单中: https://github.com/devacius/free-proxy-list
[2026-07-30 00:06:23] [W-1] ✅ 完成 devacius/free-proxy-list (+0 节点)
[2026-07-30 00:06:23] [W-1] 🔧 开始处理 mahdibland/ShadowsocksAggregator
[2026-07-30 00:06:23] [W-1] 仓库 https://github.com/mahdibland/ShadowsocksAggregator (分支: master, size: 4524370KB, pushed: 2026-07-29T15:02:21Z)
[2026-07-30 00:06:25] [W-3] 🔗 开始 Fork 链追踪 (BLYLMS/PL-DN)
[2026-07-30 00:06:25] repo info (2dust/v2ray) 404，跳过
[2026-07-30 00:06:25] [ThreadPoolExecutor-1_12] 🔗 发现仓库链接 TheMRLL/winxra (来源 https://raw.githubusercontent.com/mahdibland/V2RayAggregator/master/README.md)
[2026-07-30 00:06:25] [W-2] 👤 遍历用户仓库: ninjastrikers
[2026-07-30 00:06:27] [W-3]   父仓库: gfpcom/free-proxy-list
[2026-07-30 00:06:27] [W-1] 仓库 https://github.com/mahdibland/ShadowsocksAggregator 候选文件较多 (1505 个)，先通过 commits API 过滤[2026-07-30 00:06:27] [种子] 🔵 [种子 17/592] wzdnzd/aggregator | 配额 4732/4800 16:06 UTC | 主队列 13/200 发现队列 128/600

[2026-07-30 00:06:29] repo info (TheMRLL/winxra) 404，跳过
[2026-07-30 00:06:29] [ThreadPoolExecutor-1_12] 🔗 发现仓库链接 shadowsocks/shadowsocks-window (来源 https://raw.githubusercontent.com/mahdibland/V2RayAggregator/master/README.md)
[2026-07-30 00:06:29] [W-2]   👤 用户仓库: 30 个 → 主队列 13/200 发现队列 158/600
[2026-07-30 00:06:29] [W-2]   用户 ninjastrikers 共查 30 个仓库
[2026-07-30 00:06:29] [W-2] ✅ 完成 ninjastrikers/nexus-nodes (+7756 节点)
[2026-07-30 00:06:29] [W-2] 🔧 开始处理 mahdibland/SSAggregator
[2026-07-30 00:06:29] [W-2] 仓库 https://github.com/mahdibland/SSAggregator (分支: master, size: 4524370KB, pushed: 2026-07-29T15:02:21Z)
[2026-07-30 00:06:31] [种子] 🔵 [种子 18/592] aiboboxx/v2rayfree | 配额 4726/4800 16:06 UTC | 主队列 14/200 发现队列 157/600
[2026-07-30 00:06:31] repo info (shadowsocks/shadowsocks-window) 404，跳过
[2026-07-30 00:06:31] [ThreadPoolExecutor-1_12] 🔗 发现仓库链接 HMBSbige/ShadowsocksR-Window (来源 https://raw.githubusercontent.com/mahdibland/V2RayAggregator/master/README.md)
[2026-07-30 00:06:31] [W-3] 👤 遍历用户仓库: BLYLMS
[2026-07-30 00:06:33] [W-2] 仓库 https://github.com/mahdibland/SSAggregator 候选文件较多 (1505 个)，先通过 commits API 过滤
[2026-07-30 00:06:35] repo info (HMBSbige/ShadowsocksR-Window) 404，跳过
[2026-07-30 00:06:35] [ThreadPoolExecutor-1_12] 🔗 发现仓库链接 yichengchen/clash (来源 https://raw.githubusercontent.com/mahdibland/V2RayAggregator/master/README.md)
[2026-07-30 00:06:35] [种子] 🔵 [种子 19/592] awesome-vpn/awesome-vpn | 配额 4719/4800 16:06 UTC | 主队列 15/200 发现队列 157/600
[2026-07-30 00:06:36] [W-3]   👤 用户仓库: 6 个 → 主队列 15/200 发现队列 163/600
[2026-07-30 00:06:36] [W-3]   用户 BLYLMS 共查 6 个仓库
[2026-07-30 00:06:36] [W-3] ✅ 完成 BLYLMS/PL-DN (+0 节点)
[2026-07-30 00:06:36] [W-3] 🔧 开始处理 yaney01/get_subscribe
[2026-07-30 00:06:36] [W-3] 仓库在黑名单中: https://github.com/yaney01/get_subscribe
[2026-07-30 00:06:36] [W-3] ✅ 完成 yaney01/get_subscribe (+0 节点)
[2026-07-30 00:06:36] [W-3] 🔧 开始处理 Dong-learn9/get_subscribe
[2026-07-30 00:06:36] [W-3] 仓库在黑名单中: https://github.com/Dong-learn9/get_subscribe
[2026-07-30 00:06:36] [W-3] ✅ 完成 Dong-learn9/get_subscribe (+0 节点)
[2026-07-30 00:06:36] [W-3] 🔧 开始处理 yelangmao/emzclash
[2026-07-30 00:06:36] [W-3] 仓库在黑名单中: https://github.com/yelangmao/emzclash
[2026-07-30 00:06:36] [W-3] ✅ 完成 yelangmao/emzclash (+0 节点)
[2026-07-30 00:06:36] [W-3] 🔧 开始处理 fantaiying7/get_subscribe
[2026-07-30 00:06:36] [W-3] 仓库在黑名单中: https://github.com/fantaiying7/get_subscribe
[2026-07-30 00:06:36] [W-3] ✅ 完成 fantaiying7/get_subscribe (+0 节点)
[2026-07-30 00:06:36] [W-3] 🔧 开始处理 lkmvip/get_subscribe
[2026-07-30 00:06:36] [W-3] 仓库在黑名单中: https://github.com/lkmvip/get_subscribe
[2026-07-30 00:06:36] [W-3] ✅ 完成 lkmvip/get_subscribe (+0 节点)
[2026-07-30 00:06:36] [W-3] 🔧 开始处理 tvbw/clash4
[2026-07-30 00:06:36] [W-3] 仓库在黑名单中: https://github.com/tvbw/clash4
[2026-07-30 00:06:36] [W-3] ✅ 完成 tvbw/clash4 (+0 节点)
[2026-07-30 00:06:36] [W-3] 🔧 开始处理 syly315531/get_subscribe
[2026-07-30 00:06:36] [W-3] 仓库在黑名单中: https://github.com/syly315531/get_subscribe
[2026-07-30 00:06:36] [W-3] ✅ 完成 syly315531/get_subscribe (+0 节点)
[2026-07-30 00:06:36] [W-3] 🔧 开始处理 MizunaRei/get_subscribe
[2026-07-30 00:06:36] [W-3] 仓库在黑名单中: https://github.com/MizunaRei/get_subscribe
[2026-07-30 00:06:36] [W-3] ✅ 完成 MizunaRei/get_subscribe (+0 节点)
[2026-07-30 00:06:36] [W-3] 🔧 开始处理 iyear/get_subscribe
[2026-07-30 00:06:36] [W-3] 仓库在黑名单中: https://github.com/iyear/get_subscribe
[2026-07-30 00:06:36] [W-3] ✅ 完成 iyear/get_subscribe (+0 节点)
[2026-07-30 00:06:36] [W-3] 🔧 开始处理 liaoduoduo/get_subscribe
[2026-07-30 00:06:36] [W-3] 仓库在黑名单中: https://github.com/liaoduoduo/get_subscribe
[2026-07-30 00:06:36] [W-3] ✅ 完成 liaoduoduo/get_subscribe (+0 节点)
[2026-07-30 00:06:36] [W-3] 🔧 开始处理 SeasonAndSun/get_subscribe
[2026-07-30 00:06:36] [W-3] 仓库在黑名单中: https://github.com/SeasonAndSun/get_subscribe
[2026-07-30 00:06:36] [W-3] ✅ 完成 SeasonAndSun/get_subscribe (+0 节点)
[2026-07-30 00:06:36] [W-3] 🔧 开始处理 jocelin110/get_subscribe
[2026-07-30 00:06:36] [W-3] 仓库在黑名单中: https://github.com/jocelin110/get_subscribe
[2026-07-30 00:06:36] [W-3] ✅ 完成 jocelin110/get_subscribe (+0 节点)
[2026-07-30 00:06:36] [W-3] 🔧 开始处理 Pyer-At-Gh/get_subscribe
[2026-07-30 00:06:36] [W-3] 仓库在黑名单中: https://github.com/Pyer-At-Gh/get_subscribe
[2026-07-30 00:06:36] [W-3] ✅ 完成 Pyer-At-Gh/get_subscribe (+0 节点)
[2026-07-30 00:06:36] [W-3] 🔧 开始处理 Liliie1/get_subscribe
[2026-07-30 00:06:36] [W-3] 仓库在黑名单中: https://github.com/Liliie1/get_subscribe
[2026-07-30 00:06:36] [W-3] ✅ 完成 Liliie1/get_subscribe (+0 节点)
[2026-07-30 00:06:36] [W-3] 🔧 开始处理 supreparhelia/get_subscribe
[2026-07-30 00:06:36] [W-3] 仓库在黑名单中: https://github.com/supreparhelia/get_subscribe
[2026-07-30 00:06:36] [W-3] ✅ 完成 supreparhelia/get_subscribe (+0 节点)
[2026-07-30 00:06:36] [W-3] 🔧 开始处理 chargeduck/get_subscribe
[2026-07-30 00:06:36] [W-3] 仓库在黑名单中: https://github.com/chargeduck/get_subscribe
[2026-07-30 00:06:36] [W-3] ✅ 完成 chargeduck/get_subscribe (+0 节点)
[2026-07-30 00:06:36] [W-3] 🔧 开始处理 hello-world-1989/get_subscribe
[2026-07-30 00:06:36] [W-3] 仓库在黑名单中: https://github.com/hello-world-1989/get_subscribe
[2026-07-30 00:06:36] [W-3] ✅ 完成 hello-world-1989/get_subscribe (+0 节点)
[2026-07-30 00:06:36] [W-3] 🔧 开始处理 cyl804987443/get_subscribe
[2026-07-30 00:06:36] [W-3] 仓库在黑名单中: https://github.com/cyl804987443/get_subscribe
[2026-07-30 00:06:36] [W-3] ✅ 完成 cyl804987443/get_subscribe (+0 节点)
[2026-07-30 00:06:36] [W-3] 🔧 开始处理 davidguo2012/get_subscribe
[2026-07-30 00:06:36] [W-3] 仓库在黑名单中: https://github.com/davidguo2012/get_subscribe
[2026-07-30 00:06:36] [W-3] ✅ 完成 davidguo2012/get_subscribe (+0 节点)
[2026-07-30 00:06:36] [W-3] 🔧 开始处理 jacobsikombe/get_subscribe
[2026-07-30 00:06:36] [W-3] 仓库在黑名单中: https://github.com/jacobsikombe/get_subscribe
[2026-07-30 00:06:36] [W-3] ✅ 完成 jacobsikombe/get_subscribe (+0 节点)
[2026-07-30 00:06:36] [W-3] 🔧 开始处理 yjx1804/get_subscribe
[2026-07-30 00:06:36] [W-3] 仓库在黑名单中: https://github.com/yjx1804/get_subscribe
[2026-07-30 00:06:36] [W-3] ✅ 完成 yjx1804/get_subscribe (+0 节点)
[2026-07-30 00:06:36] [W-3] 🔧 开始处理 1595113689/get_subscribe
[2026-07-30 00:06:36] [W-3] 仓库在黑名单中: https://github.com/1595113689/get_subscribe
[2026-07-30 00:06:36] [W-3] ✅ 完成 1595113689/get_subscribe (+0 节点)
[2026-07-30 00:06:36] [W-3] 🔧 开始处理 springxian163/get_subscribe
[2026-07-30 00:06:36] [W-3] 仓库在黑名单中: https://github.com/springxian163/get_subscribe
[2026-07-30 00:06:36] [W-3] ✅ 完成 springxian163/get_subscribe (+0 节点)
[2026-07-30 00:06:36] [W-3] 🔧 开始处理 clashv2ray-hub/get_subscribe
[2026-07-30 00:06:36] [W-3] 仓库在黑名单中: https://github.com/clashv2ray-hub/get_subscribe
[2026-07-30 00:06:36] [W-3] ✅ 完成 clashv2ray-hub/get_subscribe (+0 节点)
[2026-07-30 00:06:36] [W-3] 🔧 开始处理 vpei/get_subscribe
[2026-07-30 00:06:36] [W-3] 仓库在黑名单中: https://github.com/vpei/get_subscribe
[2026-07-30 00:06:36] [W-3] ✅ 完成 vpei/get_subscribe (+0 节点)
[2026-07-30 00:06:36] [W-3] 🔧 开始处理 dhui68/get_subscribe
[2026-07-30 00:06:36] [W-3] 仓库在黑名单中: https://github.com/dhui68/get_subscribe
[2026-07-30 00:06:36] [W-3] ✅ 完成 dhui68/get_subscribe (+0 节点)
[2026-07-30 00:06:36] [W-3] 🔧 开始处理 zhm9888/get_subscribe
[2026-07-30 00:06:36] [W-3] 仓库在黑名单中: https://github.com/zhm9888/get_subscribe
[2026-07-30 00:06:36] [W-3] ✅ 完成 zhm9888/get_subscribe (+0 节点)
[2026-07-30 00:06:36] [W-3] 🔧 开始处理 wulishuhan/get_subscribe
[2026-07-30 00:06:36] [W-3] 仓库在黑名单中: https://github.com/wulishuhan/get_subscribe
[2026-07-30 00:06:36] [W-3] ✅ 完成 wulishuhan/get_subscribe (+0 节点)
[2026-07-30 00:06:36] [W-3] 🔧 开始处理 gang-GitHub/get_subscribe
[2026-07-30 00:06:36] [W-3] 仓库在黑名单中: https://github.com/gang-GitHub/get_subscribe
[2026-07-30 00:06:36] [W-3] ✅ 完成 gang-GitHub/get_subscribe (+0 节点)
[2026-07-30 00:06:36] [W-3] 🔧 开始处理 fkgun/get_subscribe
[2026-07-30 00:06:36] [W-3] ⚠️ 仓库 https://github.com/fkgun/get_subscribe 303h 未更新，废弃 → 加入黑名单
[2026-07-30 00:06:36] [W-3] ✅ 完成 fkgun/get_subscribe (+0 节点)
[2026-07-30 00:06:36] [W-3] 🔧 开始处理 anaer/Sub
[2026-07-30 00:06:36] [W-3] 仓库 https://github.com/anaer/Sub (分支: main, size: 103KB, pushed: 2026-07-29T12:01:03Z)
[2026-07-30 00:06:38] [W-1]   Compare API 返回 25 个变更文件 (3 次 API 调用)
[2026-07-30 00:06:38] [W-1]   commits 过滤: 1505 → 0 (变更文件 25 个)
[2026-07-30 00:06:38] [W-1] 仓库 https://github.com/mahdibland/ShadowsocksAggregator 候选文件经时间过滤后为空
[2026-07-30 00:06:38] [W-1] 🔗 查子仓库: mahdibland/ShadowsocksAggregator
[2026-07-30 00:06:38] repo info (yichengchen/clash) 404，跳过
[2026-07-30 00:06:38] [ThreadPoolExecutor-1_12] 🔗 发现仓库链接 yanue/V2ray (来源 https://raw.githubusercontent.com/mahdibland/V2RayAggregator/master/README.md)
[2026-07-30 00:06:38] [种子] 🔵 [种子 20/592] bruceblink/free-v2ray | 配额 4714/4800 16:06 UTC | 主队列 16/200 发现队列 132/600
[2026-07-30 00:06:38] [W-3] 仓库 https://github.com/anaer/Sub 候选文件 1 个
[2026-07-30 00:06:40] [W-3] 🔗 发现仓库链接 xishang0128/geoi (来源 https://raw.githubusercontent.com/anaer/Sub/main/clash.yaml)
[2026-07-30 00:06:42] repo info (yanue/V2ray) 404，跳过
[2026-07-30 00:06:42] [ThreadPoolExecutor-1_12] 🔗 发现仓库链接 v2rayA/v2ray (来源 https://raw.githubusercontent.com/mahdibland/V2RayAggregator/master/README.md)[2026-07-30 00:06:42] [W-2]   Compare API 返回 25 个变更文件 (3 次 API 调用)

[2026-07-30 00:06:42] [W-2]   commits 过滤: 1505 → 0 (变更文件 25 个)
[2026-07-30 00:06:42] [W-2] 仓库 https://github.com/mahdibland/SSAggregator 候选文件经时间过滤后为空
[2026-07-30 00:06:42] [W-2] 🔗 查子仓库: mahdibland/SSAggregator
[2026-07-30 00:06:42] repo info (xishang0128/geoi) 404，跳过
[2026-07-30 00:06:42] [W-3] 🔗 查子仓库: anaer/Sub
[2026-07-30 00:06:42] [种子] 🔵 [种子 21/592] Mr-Meshky/vify | 配额 4707/4800 16:06 UTC | 主队列 17/200 发现队列 132/600
[2026-07-30 00:06:45] [W-1]   🍴 子仓库: 30 个 → 主队列 17/200 发现队列 162/600
[2026-07-30 00:06:45] [W-1] 🔗 开始 Fork 链追踪 (mahdibland/ShadowsocksAggregator)
[2026-07-30 00:06:47] repo info (v2rayA/v2ray) 404，跳过
[2026-07-30 00:06:47] [种子] 🔵 [种子 22/592] pog7x/vpn-configs | 配额 4702/4800 16:06 UTC | 主队列 18/200 发现队列 162/600[2026-07-30 00:06:47] [ThreadPoolExecutor-1_12] 🔗 发现仓库链接 Kr328/ClashForAndroi (来源 https://raw.githubusercontent.com/mahdibland/V2RayAggregator/master/README.md)

[2026-07-30 00:06:47] [W-1] 👤 遍历用户仓库: mahdibland
[2026-07-30 00:06:47] [W-2]   🍴 子仓库: 24 个 → 主队列 18/200 发现队列 186/600
[2026-07-30 00:06:47] [W-2] 🔗 开始 Fork 链追踪 (mahdibland/SSAggregator)
[2026-07-30 00:06:49] repo info (Kr328/ClashForAndroi) 404，跳过[2026-07-30 00:06:49] [W-3]   🍴 子仓库: 30 个 → 主队列 19/200 发现队列 216/600

[2026-07-30 00:06:49] [W-3] 🔗 开始 Fork 链追踪 (anaer/Sub)[2026-07-30 00:06:49] [种子] 🔵 [种子 23/592] mheidari98/.proxy | 配额 4696/4800 16:06 UTC | 主队列 19/200 发现队列 216/600[2026-07-30 00:06:49] [ThreadPoolExecutor-1_12] 🔗 发现仓库链接 SagerNet/SagerNe (来源 https://raw.githubusercontent.com/mahdibland/V2RayAggregator/master/README.md)


[2026-07-30 00:06:51] [W-2] 👤 遍历用户仓库: mahdibland
[2026-07-30 00:06:51] [W-1]   👤 用户仓库: 18 个 → 主队列 19/200 发现队列 234/600
[2026-07-30 00:06:51] [W-1]   用户 mahdibland 共查 18 个仓库
[2026-07-30 00:06:51] [W-1] ✅ 完成 mahdibland/ShadowsocksAggregator (+153 节点)
[2026-07-30 00:06:51] [W-1] 🔧 开始处理 ermaozi/OpenSourceNovel
[2026-07-30 00:06:51] [W-1] ⚠️ 仓库 https://github.com/ermaozi/OpenSourceNovel 大小为 0，跳过
[2026-07-30 00:06:51] [W-1] ✅ 完成 ermaozi/OpenSourceNovel (+0 节点)
[2026-07-30 00:06:51] [W-1] 🔧 开始处理 ermaozi/liar
[2026-07-30 00:06:51] [W-1] ⚠️ 仓库 https://github.com/ermaozi/liar 大小为 0，跳过
[2026-07-30 00:06:51] [W-1] ✅ 完成 ermaozi/liar (+0 节点)
[2026-07-30 00:06:51] [W-1] 🔧 开始处理 ermaozi/repository_info
[2026-07-30 00:06:51] [W-1] ⚠️ 仓库 https://github.com/ermaozi/repository_info 大小为 0，跳过
[2026-07-30 00:06:51] [W-1] ✅ 完成 ermaozi/repository_info (+0 节点)
[2026-07-30 00:06:51] [W-1] 🔧 开始处理 mfuu/v2ray
[2026-07-30 00:06:51] [W-1] 仓库 https://github.com/mfuu/v2ray (分支: master, size: 32KB, pushed: 2026-07-29T15:04:58Z)
[2026-07-30 00:06:51] repo info (SagerNet/SagerNe) 404，跳过
[2026-07-30 00:06:51] [ThreadPoolExecutor-1_12] 🔗 发现仓库链接 shadowsocks/shadowsocks-androi (来源 https://raw.githubusercontent.com/mahdibland/V2RayAggregator/master/README.md)
[2026-07-30 00:06:51] [W-3] 👤 遍历用户仓库: anaer
[2026-07-30 00:06:53] [W-1] 仓库 https://github.com/mfuu/v2ray 候选文件 2 个
[2026-07-30 00:06:54] [W-1] 🔗 查子仓库: mfuu/v2ray
[2026-07-30 00:06:55] [种子] 🔵 [种子 24/592] yitong2333/proxy-minging | 配额 4689/4800 16:06 UTC | 主队列 20/200 发现队列 230/600
[2026-07-30 00:06:56] [W-2]   用户 mahdibland 共查 0 个仓库
[2026-07-30 00:06:56] [W-2] ✅ 完成 mahdibland/SSAggregator (+160 节点)
[2026-07-30 00:06:56] [W-2] 🔧 开始处理 peasoft/NoMoreWalls
[2026-07-30 00:06:56] [W-2] 仓库 https://github.com/peasoft/NoMoreWalls (分支: master, size: 5046714KB, pushed: 2026-07-29T14:24:06Z)
[2026-07-30 00:06:56] [W-3]   👤 用户仓库: 30 个 → 主队列 20/200 发现队列 259/600
[2026-07-30 00:06:56] [W-3]   用户 anaer 共查 30 个仓库
[2026-07-30 00:06:56] [W-3] ✅ 完成 anaer/Sub (+160 节点)
[2026-07-30 00:06:56] [W-3] 🔧 开始处理 mahdibland/get_v2
[2026-07-30 00:06:56] [W-3] 仓库 https://github.com/mahdibland/get_v2 (分支: main, size: 659784KB, pushed: 2026-07-29T01:59:54Z)
[2026-07-30 00:06:58] repo info (shadowsocks/shadowsocks-androi) 404，跳过
[2026-07-30 00:06:58] [W-2] 仓库 https://github.com/peasoft/NoMoreWalls 候选文件 23 个
[2026-07-30 00:06:58] [ThreadPoolExecutor-1_12] 🔗 发现仓库链接 HMBSbige/ShadowsocksR-Androi (来源 https://raw.githubusercontent.com/mahdibland/V2RayAggregator/master/README.md)
[2026-07-30 00:07:00] [W-3] 仓库 https://github.com/mahdibland/get_v2 无候选文件 (总计 61 blob, 扩展名过滤 13, processed_shas 跳过 0, SHA 缓存跳过 48)[2026-07-30 00:07:00] [种子] 🔵 [种子 25/592] MhdiTaheri/V2rayCollector_Py | 配额 4681/4800 16:07 UTC | 主队列 21/200 发现队列 258/600

[2026-07-30 00:07:00] [W-3] 🔗 查子仓库: mahdibland/get_v2
[2026-07-30 00:07:00] repo info (HMBSbige/ShadowsocksR-Androi) 404，跳过
[2026-07-30 00:07:00] [W-0] 🔗 查子仓库: mahdibland/V2RayAggregator
[2026-07-30 00:07:00] [W-2] 🔗 查子仓库: peasoft/NoMoreWalls
[2026-07-30 00:07:02] [W-1]   🍴 子仓库: 30 个 → 主队列 21/200 发现队列 288/600
[2026-07-30 00:07:02] [W-1] 🔗 开始 Fork 链追踪 (mfuu/v2ray)
[2026-07-30 00:07:04] [W-3]   🍴 子仓库: 15 个 → 主队列 21/200 发现队列 303/600[2026-07-30 00:07:04] [种子] 🔵 [种子 26/592] mohamadfg-dev/telegram-v2ray-configs-collector | 配额 4674/4800 16:07 UTC | 主队列 22/200 发现队列 303/600

[2026-07-30 00:07:04] [W-3] 🔗 开始 Fork 链追踪 (mahdibland/get_v2)
[2026-07-30 00:07:04] [W-1] 👤 遍历用户仓库: mfuu
[2026-07-30 00:07:04] [W-3]   父仓库: 1857112/get_v2
[2026-07-30 00:07:04] [W-3] 仓库在黑名单中: https://github.com/1857112/get_v2
[2026-07-30 00:07:04] [W-3]   父仓库 +0 个节点
[2026-07-30 00:07:06] [W-0] 🔗 开始 Fork 链追踪 (mahdibland/V2RayAggregator)[2026-07-30 00:07:06] [W-2]   🍴 子仓库: 30 个 → 主队列 22/200 发现队列 333/600

[2026-07-30 00:07:06] [W-2] 🔗 开始 Fork 链追踪 (peasoft/NoMoreWalls)
[2026-07-30 00:07:08] forks of 1857112/get_v2 (p1) 404，跳过[2026-07-30 00:07:08] [种子] 🔵 [种子 27/592] free18/v2ray | 配额 4667/4800 16:07 UTC | 主队列 23/200 发现队列 333/600
[2026-07-30 00:07:08] [W-3] 👤 遍历用户仓库: mahdibland

[2026-07-30 00:07:09] [W-1]   👤 用户仓库: 30 个 → 主队列 23/200 发现队列 363/600
[2026-07-30 00:07:09] [W-1]   用户 mfuu 共查 30 个仓库
[2026-07-30 00:07:09] [W-1] ✅ 完成 mfuu/v2ray (+45 节点)
[2026-07-30 00:07:09] [W-1] 🔧 开始处理 KeJi1/free-proxy
[2026-07-30 00:07:09] [W-1] 仓库在黑名单中: https://github.com/KeJi1/free-proxy
[2026-07-30 00:07:09] [W-1] ✅ 完成 KeJi1/free-proxy (+0 节点)
[2026-07-30 00:07:09] [W-1] 🔧 开始处理 fenwehome/free-proxy-list
[2026-07-30 00:07:09] [W-1] 仓库 https://github.com/fenwehome/free-proxy-list (分支: main, size: 37052KB, pushed: 2026-07-29T15:13:21Z)
[2026-07-30 00:07:11] [W-2] 👤 遍历用户仓库: peasoft[2026-07-30 00:07:11] [W-0] 👤 遍历用户仓库: mahdibland

[2026-07-30 00:07:11] [W-3]   用户 mahdibland 共查 0 个仓库
[2026-07-30 00:07:11] [W-3] ✅ 完成 mahdibland/get_v2 (+38 节点)
[2026-07-30 00:07:11] [W-3] 🔧 开始处理 apolo2024a/free-proxy-list
[2026-07-30 00:07:11] [W-3] 仓库在黑名单中: https://github.com/apolo2024a/free-proxy-list
[2026-07-30 00:07:11] [W-3] ✅ 完成 apolo2024a/free-proxy-list (+0 节点)
[2026-07-30 00:07:11] [W-3] 🔧 开始处理 GenAibd/free-proxy-list
[2026-07-30 00:07:11] [W-3] 仓库在黑名单中: https://github.com/GenAibd/free-proxy-list
[2026-07-30 00:07:11] [W-3] ✅ 完成 GenAibd/free-proxy-list (+0 节点)
[2026-07-30 00:07:11] [W-3] 🔧 开始处理 Cuarentas/free-proxy-list
[2026-07-30 00:07:11] [W-3] 仓库 https://github.com/Cuarentas/free-proxy-list (分支: main, size: 36943KB, pushed: 2026-07-29T14:44:20Z)
[2026-07-30 00:07:13] [W-1] 仓库 https://github.com/fenwehome/free-proxy-list 候选文件 1 个[2026-07-30 00:07:13] [种子] 🔵 [种子 28/592] Epodonios/v2ray-configs | 配额 4659/4800 16:07 UTC | 主队列 24/200 发现队列 358/600

[2026-07-30 00:07:13] [W-1] 🔗 查子仓库: fenwehome/free-proxy-list
[2026-07-30 00:07:15] [W-3] 仓库 https://github.com/Cuarentas/free-proxy-list 候选文件 1 个
[2026-07-30 00:07:15] [W-2]   👤 用户仓库: 30 个 → 主队列 24/200 发现队列 388/600
[2026-07-30 00:07:15] [W-2]   用户 peasoft 共查 30 个仓库
[2026-07-30 00:07:15] [W-2] ✅ 完成 peasoft/NoMoreWalls (+38 节点)
[2026-07-30 00:07:15] [W-2] 🔧 开始处理 hackwuyue/free-proxy-list
[2026-07-30 00:07:15] [W-2] 仓库在黑名单中: https://github.com/hackwuyue/free-proxy-list
[2026-07-30 00:07:15] [W-2] ✅ 完成 hackwuyue/free-proxy-list (+0 节点)
[2026-07-30 00:07:15] [W-2] 🔧 开始处理 Alway4/free-proxy-list2
[2026-07-30 00:07:15] [W-2] 仓库在黑名单中: https://github.com/Alway4/free-proxy-list2
[2026-07-30 00:07:15] [W-2] ✅ 完成 Alway4/free-proxy-list2 (+0 节点)
[2026-07-30 00:07:15] [W-2] 🔧 开始处理 Nate2018/free-proxy-list
[2026-07-30 00:07:15] [W-2] 仓库在黑名单中: https://github.com/Nate2018/free-proxy-list
[2026-07-30 00:07:15] [W-2] ✅ 完成 Nate2018/free-proxy-list (+0 节点)
[2026-07-30 00:07:15] [W-2] 🔧 开始处理 tiendung-c/free-proxy-list
[2026-07-30 00:07:15] [W-2] 仓库在黑名单中: https://github.com/tiendung-c/free-proxy-list
[2026-07-30 00:07:15] [W-2] ✅ 完成 tiendung-c/free-proxy-list (+0 节点)
[2026-07-30 00:07:15] [W-2] 🔧 开始处理 ElonFutu/free-proxy-list
[2026-07-30 00:07:15] [W-2] 仓库在黑名单中: https://github.com/ElonFutu/free-proxy-list
[2026-07-30 00:07:15] [W-2] ✅ 完成 ElonFutu/free-proxy-list (+0 节点)
[2026-07-30 00:07:15] [W-2] 🔧 开始处理 Alibodama/free-proxy-list
[2026-07-30 00:07:15] [W-2] 仓库在黑名单中: https://github.com/Alibodama/free-proxy-list
[2026-07-30 00:07:15] [W-2] ✅ 完成 Alibodama/free-proxy-list (+0 节点)
[2026-07-30 00:07:15] [W-2] 🔧 开始处理 Ernest12287/free-proxy-list
[2026-07-30 00:07:15] [W-2] 仓库在黑名单中: https://github.com/Ernest12287/free-proxy-list
[2026-07-30 00:07:15] [W-2] ✅ 完成 Ernest12287/free-proxy-list (+0 节点)
[2026-07-30 00:07:15] [W-2] 🔧 开始处理 changsongyang/free-proxy-list
[2026-07-30 00:07:15] [W-2] 仓库 https://github.com/changsongyang/free-proxy-list (分支: main, size: 37096KB, pushed: 2026-07-29T12:07:55Z)
[2026-07-30 00:07:15] [W-0]   用户 mahdibland 共查 0 个仓库
[2026-07-30 00:07:15] [W-0] ✅ 完成 mahdibland/V2RayAggregator (+7956 节点)
[2026-07-30 00:07:15] [W-0] 🔧 开始处理 gavinhomework/free-proxy-list
[2026-07-30 00:07:15] [W-0] 仓库 https://github.com/gavinhomework/free-proxy-list (分支: main, size: 37114KB, pushed: 2026-07-29T15:28:40Z)
[2026-07-30 00:07:15] [W-3] 🔗 查子仓库: Cuarentas/free-proxy-list
[2026-07-30 00:07:17] [W-1] 🔗 开始 Fork 链追踪 (fenwehome/free-proxy-list)
[2026-07-30 00:07:17] [W-2] 仓库 https://github.com/changsongyang/free-proxy-list 候选文件 1 个
[2026-07-30 00:07:17] [W-2] 🔗 查子仓库: changsongyang/free-proxy-list
[2026-07-30 00:07:19] [种子] 🔵 [种子 29/592] acymz/AutoVPN | 配额 4652/4800 16:07 UTC | 主队列 25/200 发现队列 379/600[2026-07-30 00:07:19] [W-3] 🔗 开始 Fork 链追踪 (Cuarentas/free-proxy-list)[2026-07-30 00:07:19] [W-0] 仓库 https://github.com/gavinhomework/free-proxy-list 候选文件 1 个


[2026-07-30 00:07:19] [W-2] 🔗 开始 Fork 链追踪 (changsongyang/free-proxy-list)
[2026-07-30 00:07:19] [W-0] 🔗 查子仓库: gavinhomework/free-proxy-list
[2026-07-30 00:07:21] [W-3]   父仓库: gfpcom/free-proxy-list[2026-07-30 00:07:21] [W-1]   父仓库: gfpcom/free-proxy-list

[2026-07-30 00:07:21] [W-0] 🔗 开始 Fork 链追踪 (gavinhomework/free-proxy-list)
[2026-07-30 00:07:21] [种子] 🔵 [种子 30/592] snakem982/proxypool | 配额 4645/4800 16:07 UTC | 主队列 26/200 发现队列 379/600
[2026-07-30 00:07:21] [W-2]   父仓库: gfpcom/free-proxy-list
[2026-07-30 00:07:23] [W-0]   父仓库: gfpcom/free-proxy-list
[2026-07-30 00:07:25] [种子] 🔵 [种子 31/592] Leon406/SubCrawler | 配额 4639/4800 16:07 UTC | 主队列 27/200 发现队列 379/600
[2026-07-30 00:07:28] [W-1] 👤 遍历用户仓库: fenwehome
[2026-07-30 00:07:28] [W-2] 👤 遍历用户仓库: changsongyang[2026-07-30 00:07:28] [W-3] 👤 遍历用户仓库: Cuarentas

[2026-07-30 00:07:30] [W-0] 👤 遍历用户仓库: gavinhomework
[2026-07-30 00:07:30] [种子] 🔵 [种子 32/592] 603711936/SmartSub | 配额 4633/4800 16:07 UTC | 主队列 28/200 发现队列 379/600
[2026-07-30 00:07:31] [种子] 🔵 [种子 33/592] Triton-ix/v2ray-Finder | 配额 4632/4800 16:07 UTC | 主队列 29/200 发现队列 379/600
[2026-07-30 00:07:33] [W-3]   👤 用户仓库: 30 个 → 主队列 29/200 发现队列 409/600
[2026-07-30 00:07:33] [W-3]   用户 Cuarentas 共查 30 个仓库
[2026-07-30 00:07:33] [W-3] ✅ 完成 Cuarentas/free-proxy-list (+0 节点)
[2026-07-30 00:07:33] [W-3] 🔧 开始处理 mengtaotao27/free-proxy-list
[2026-07-30 00:07:33] [W-3] 仓库在黑名单中: https://github.com/mengtaotao27/free-proxy-list
[2026-07-30 00:07:33] [W-3] ✅ 完成 mengtaotao27/free-proxy-list (+0 节点)
[2026-07-30 00:07:33] [W-3] 🔧 开始处理 a97083435/free-proxy-list
[2026-07-30 00:07:33] [W-3] 仓库在黑名单中: https://github.com/a97083435/free-proxy-list
[2026-07-30 00:07:33] [W-3] ✅ 完成 a97083435/free-proxy-list (+0 节点)
[2026-07-30 00:07:33] [W-3] 🔧 开始处理 davidensky/free-proxy-list
[2026-07-30 00:07:33] [W-3] 仓库在黑名单中: https://github.com/davidensky/free-proxy-list
[2026-07-30 00:07:33] [W-3] ✅ 完成 davidensky/free-proxy-list (+0 节点)
[2026-07-30 00:07:33] [W-3] 🔧 开始处理 gocvuive/free-proxy-list
[2026-07-30 00:07:33] [W-3] 仓库在黑名单中: https://github.com/gocvuive/free-proxy-list
[2026-07-30 00:07:33] [W-3] ✅ 完成 gocvuive/free-proxy-list (+0 节点)
[2026-07-30 00:07:33] [W-3] 🔧 开始处理 duyouguo-svg/free-proxy
[2026-07-30 00:07:33] [W-3] 仓库在黑名单中: https://github.com/duyouguo-svg/free-proxy
[2026-07-30 00:07:33] [W-3] ✅ 完成 duyouguo-svg/free-proxy (+0 节点)
[2026-07-30 00:07:33] [W-3] 🔧 开始处理 dexterresurrection/free-proxy-list3
[2026-07-30 00:07:33] [W-3] 仓库在黑名单中: https://github.com/dexterresurrection/free-proxy-list3
[2026-07-30 00:07:33] [W-3] ✅ 完成 dexterresurrection/free-proxy-list3 (+0 节点)
[2026-07-30 00:07:33] [W-3] 🔧 开始处理 feitianyul/free-proxy-list
[2026-07-30 00:07:33] [W-3] 仓库在黑名单中: https://github.com/feitianyul/free-proxy-list
[2026-07-30 00:07:33] [W-3] ✅ 完成 feitianyul/free-proxy-list (+0 节点)
[2026-07-30 00:07:33] [W-3] 🔧 开始处理 MaraNoor/free-proxy-list
[2026-07-30 00:07:33] [W-3] 仓库在黑名单中: https://github.com/MaraNoor/free-proxy-list
[2026-07-30 00:07:33] [W-3] ✅ 完成 MaraNoor/free-proxy-list (+0 节点)
[2026-07-30 00:07:33] [W-3] 🔧 开始处理 SnapdragonLee/SystemProxy
[2026-07-30 00:07:33] [W-3] 仓库 https://github.com/SnapdragonLee/SystemProxy (分支: master, size: 10061KB, pushed: 2026-07-29T02:49:54Z)
[2026-07-30 00:07:33] repo info (alanbobs999/TopFreeProxies) 返回 403 (尝试 1/2)
[2026-07-30 00:07:33] repo info (alanbobs999/TopFreeProxies) 403（访问被拒，配额剩余 4892），跳过
[2026-07-30 00:07:33] [种子] ❌ 🔵 [种子 34/592] alanbobs999/TopFreeProxies 404 | 配额 4626/4800 16:07 UTC | 主队列 29/200 发现队列 400/600
[2026-07-30 00:07:35] [W-3] 仓库 https://github.com/SnapdragonLee/SystemProxy 候选文件 2 个
[2026-07-30 00:07:36] [W-3] 🔗 查子仓库: SnapdragonLee/SystemProxy
[2026-07-30 00:07:37] [种子] 🔵 [种子 35/592] wrfree/free | 配额 4621/4800 16:07 UTC | 主队列 30/200 发现队列 400/600
[2026-07-30 00:07:37] [W-0]   👤 用户仓库: 30 个 → 主队列 30/200 发现队列 430/600
[2026-07-30 00:07:37] [W-0]   用户 gavinhomework 共查 30 个仓库
[2026-07-30 00:07:37] [W-0] ✅ 完成 gavinhomework/free-proxy-list (+10 节点)
[2026-07-30 00:07:37] [W-0] 🔧 开始处理 AtenaPV/Proxy-sorter
[2026-07-30 00:07:37] [W-0] 仓库 https://github.com/AtenaPV/Proxy-sorter (分支: main, size: 1909441KB, pushed: 2026-07-29T05:48:02Z)
[2026-07-30 00:07:40] [W-0] 仓库 https://github.com/AtenaPV/Proxy-sorter 候选文件较多 (124 个)，先通过 commits API 过滤
[2026-07-30 00:07:40] [W-1]   👤 用户仓库: 30 个 → 主队列 30/200 发现队列 459/600
[2026-07-30 00:07:40] [W-1]   用户 fenwehome 共查 30 个仓库
[2026-07-30 00:07:40] [W-1] ✅ 完成 fenwehome/free-proxy-list (+10 节点)
[2026-07-30 00:07:40] [W-1] 🔧 开始处理 AtenaPV/xhttp-parser
[2026-07-30 00:07:40] [W-1] 仓库 https://github.com/AtenaPV/xhttp-parser (分支: main, size: 4728KB, pushed: 2026-07-29T02:52:58Z)
[2026-07-30 00:07:40] [W-3]   🍴 子仓库: 17 个 → 主队列 30/200 发现队列 475/600
[2026-07-30 00:07:40] [W-3] 🔗 开始 Fork 链追踪 (SnapdragonLee/SystemProxy)
[2026-07-30 00:07:42] [W-1] 仓库 https://github.com/AtenaPV/xhttp-parser 候选文件 3 个[2026-07-30 00:07:42] [种子] 🔵 [种子 36/592] barry-far/V2ray-Config | 配额 4611/4800 16:07 UTC | 主队列 31/200 发现队列 475/600

[2026-07-30 00:07:43] [W-1] 🔗 查子仓库: AtenaPV/xhttp-parser
[2026-07-30 00:07:44] [W-3] 👤 遍历用户仓库: SnapdragonLee
[2026-07-30 00:07:44] [W-1] 🔗 开始 Fork 链追踪 (AtenaPV/xhttp-parser)
[2026-07-30 00:07:48] [种子] 🔵 [种子 37/592] Ruk1ng001/freeSub | 配额 4606/4800 16:07 UTC | 主队列 32/200 发现队列 475/600
[2026-07-30 00:07:48] [W-1]   父仓库: Surfboardv2ray/xhttp-parser[2026-07-30 00:07:48] [W-2]   👤 用户仓库: 30 个 → 主队列 32/200 发现队列 505/600

[2026-07-30 00:07:48] [W-1] 仓库 https://github.com/Surfboardv2ray/xhttp-parser (分支: main, size: 4730KB, pushed: 2026-07-29T10:41:31Z)
[2026-07-30 00:07:48] [W-2]   用户 changsongyang 共查 30 个仓库
[2026-07-30 00:07:48] [W-2] ✅ 完成 changsongyang/free-proxy-list (+70 节点)
[2026-07-30 00:07:48] [W-2] 🔧 开始处理 AtenaPV/V2V
[2026-07-30 00:07:48] [W-2] 仓库 https://github.com/AtenaPV/V2V (分支: main, size: 307033KB, pushed: 2026-07-29T06:27:51Z)
[2026-07-30 00:07:48] [W-3]   👤 用户仓库: 22 个 → 主队列 32/200 发现队列 526/600
[2026-07-30 00:07:48] [W-3]   用户 SnapdragonLee 共查 22 个仓库
[2026-07-30 00:07:48] [W-3] ✅ 完成 SnapdragonLee/SystemProxy (+70 节点)
[2026-07-30 00:07:48] [W-3] 🔧 开始处理 AtenaPV/PL-DB
[2026-07-30 00:07:48] [W-3] ⏭️ 仓库 https://github.com/AtenaPV/PL-DB 50h 未更新，跳过解析（追踪 fork 链）
[2026-07-30 00:07:48] [W-3] 🔗 查子仓库: AtenaPV/PL-DB
[2026-07-30 00:07:48] [W-1] 仓库 https://github.com/Surfboardv2ray/xhttp-parser 候选文件 1 个
[2026-07-30 00:07:48] [W-3] 🔗 开始 Fork 链追踪 (AtenaPV/PL-DB)
[2026-07-30 00:07:49] [W-1] 🔗 查子仓库: Surfboardv2ray/xhttp-parser
[2026-07-30 00:07:50] [W-2] 仓库 https://github.com/AtenaPV/V2V 候选文件 3 个[2026-07-30 00:07:50] [W-0]   Compare API 返回 31 个变更文件 (3 次 API 调用)

[2026-07-30 00:07:50] [W-0]   commits 过滤: 124 → 15 (变更文件 31 个)
[2026-07-30 00:07:50] [W-0] 仓库 https://github.com/AtenaPV/Proxy-sorter 候选文件 15 个
[2026-07-30 00:07:51] [W-3]   父仓库: Argh94/Proxy-List
[2026-07-30 00:07:51] [W-3] 仓库 https://github.com/Argh94/Proxy-List (分支: main, size: 180439KB, pushed: 2026-07-29T16:00:53Z)
[2026-07-30 00:07:53] [种子] 🔵 [种子 38/592] learnhard-cn/free_proxy_ss | 配额 4596/4800 16:07 UTC | 主队列 33/200 发现队列 525/600
[2026-07-30 00:07:53] [W-3] 仓库 https://github.com/Argh94/Proxy-List 候选文件 14 个[2026-07-30 00:07:53] [W-1]   🍴 子仓库: 5 个 → 主队列 33/200 发现队列 530/600

[2026-07-30 00:07:53] [W-1] 🔗 开始 Fork 链追踪 (Surfboardv2ray/xhttp-parser)
[2026-07-30 00:07:54] [ThreadPoolExecutor-368_3] 🔗 发现仓库链接 Argh94/Proxy-Lis (来源 https://raw.githubusercontent.com/Argh94/Proxy-List/main/README.md)
[2026-07-30 00:07:56] [W-1] 👤 遍历用户仓库: Surfboardv2ray
[2026-07-30 00:07:56] [种子] 🔵 [种子 39/592] ssrsub/ssr | 配额 4592/4800 16:07 UTC | 主队列 34/200 发现队列 530/600[2026-07-30 00:07:56] repo info (Argh94/Proxy-Lis) 404，跳过

[2026-07-30 00:07:57] [种子] 🔵 [种子 40/592] mahdibland/ShadowsocksAggregator | 配额 4590/4800 16:07 UTC | 主队列 35/200 发现队列 530/600[2026-07-30 00:07:57] [ThreadPoolExecutor-356_14] 📦 批次 0002 已持久化: /home/runner/work/test-college/test-college/batches/no_batch_0002.txt (5271 个节点, 累计 10272 个) | 主队列 35/200 发现队列 530/600

[2026-07-30 00:08:00] [ThreadPoolExecutor-356_14] SHA 缓存已保存: 206443 条, 1 分片
[2026-07-30 00:08:00] [种子] 🔵 [种子 41/592] mahdibland/SSAggregator | 配额 4588/4800 16:08 UTC | 主队列 36/200 发现队列 530/600
[2026-07-30 00:08:00] [W-2] 🔗 查子仓库: AtenaPV/V2V
[2026-07-30 00:08:00] [W-3] 🔗 查子仓库: Argh94/Proxy-List
[2026-07-30 00:08:00] [W-0] 🔗 查子仓库: AtenaPV/Proxy-sorter
[2026-07-30 00:08:00] [W-1]   👤 用户仓库: 30 个 → 主队列 36/200 发现队列 560/600
[2026-07-30 00:08:00] [W-1]   用户 Surfboardv2ray 共查 30 个仓库
[2026-07-30 00:08:00] [W-1]   父仓库 +2268 个节点
[2026-07-30 00:08:00] [W-2] 🔗 开始 Fork 链追踪 (AtenaPV/V2V)
[2026-07-30 00:08:00] [W-0] 🔗 开始 Fork 链追踪 (AtenaPV/Proxy-sorter)
[2026-07-30 00:08:00] [W-2]   父仓库: SMBCRYP/V2V
[2026-07-30 00:08:00] [W-2] 仓库 https://github.com/SMBCRYP/V2V (分支: main, size: 307398KB, pushed: 2026-07-29T13:55:51Z)
[2026-07-30 00:08:02] [W-0]   父仓库: Surfboardv2ray/Proxy-sorter
[2026-07-30 00:08:02] [W-1] 👤 遍历用户仓库: AtenaPV
[2026-07-30 00:08:04] [种子] 🔵 [种子 42/592] anaer/Sub | 配额 4579/4800 16:08 UTC | 主队列 37/200 发现队列 560/600
[2026-07-30 00:08:04] [W-2] 仓库 https://github.com/SMBCRYP/V2V 候选文件 3 个
[2026-07-30 00:08:04] [W-3]   🍴 子仓库: 13 个 → 主队列 37/200 发现队列 573/600
[2026-07-30 00:08:04] [W-3] 🔗 开始 Fork 链追踪 (Argh94/Proxy-List)
[2026-07-30 00:08:05] [W-3] 👤 遍历用户仓库: Argh94
[2026-07-30 00:08:06] [W-2] 🔗 查子仓库: SMBCRYP/V2V
[2026-07-30 00:08:07] [W-1]   👤 用户仓库: 12 个 → 主队列 37/200 发现队列 585/600
[2026-07-30 00:08:07] [W-1]   用户 AtenaPV 共查 12 个仓库
[2026-07-30 00:08:07] [W-1] ✅ 完成 AtenaPV/xhttp-parser (+2878 节点)
[2026-07-30 00:08:07] [W-1] 🔧 开始处理 AtenaPV/AtenaPV
[2026-07-30 00:08:07] [W-1] ⏭️ 仓库 https://github.com/AtenaPV/AtenaPV 53h 未更新，跳过解析（追踪 fork 链）
[2026-07-30 00:08:07] [W-1] 🔗 查子仓库: AtenaPV/AtenaPV
[2026-07-30 00:08:09] [W-1] 🔗 开始 Fork 链追踪 (AtenaPV/AtenaPV)
[2026-07-30 00:08:09] [种子] 🔵 [种子 43/592] peasoft/NoMoreWalls | 配额 4568/4800 16:08 UTC | 主队列 38/200 发现队列 600/600
[2026-07-30 00:08:11] [W-2] 🔗 开始 Fork 链追踪 (SMBCRYP/V2V)
[2026-07-30 00:08:11] [种子] 🔵 [种子 44/592] SnapdragonLee/SystemProxy | 配额 4565/4800 16:08 UTC | 主队列 39/200 发现队列 600/600
[2026-07-30 00:08:11] [W-1] 👤 遍历用户仓库: AtenaPV
[2026-07-30 00:08:13] [W-2] 👤 遍历用户仓库: SMBCRYP
[2026-07-30 00:08:13] [种子] 🔵 [种子 45/592] mfuu/v2ray | 配额 4562/4800 16:08 UTC | 主队列 40/200 发现队列 600/600
[2026-07-30 00:08:15] [W-1]   用户 AtenaPV 共查 0 个仓库
[2026-07-30 00:08:15] [W-1] ✅ 完成 AtenaPV/AtenaPV (+0 节点)
[2026-07-30 00:08:15] [W-1] 🔧 开始处理 AtenaPV/cfbi
[2026-07-30 00:08:15] [W-1] ⏭️ 仓库 https://github.com/AtenaPV/cfbi 55h 未更新，跳过解析（追踪 fork 链）
[2026-07-30 00:08:15] [W-1] 🔗 查子仓库: AtenaPV/cfbi
[2026-07-30 00:08:17] [种子] 🔵 [种子 46/592] mahdibland/get_v2 | 配额 4557/4800 16:08 UTC | 主队列 41/200 发现队列 600/600
[2026-07-30 00:08:18] [W-1] 🔗 开始 Fork 链追踪 (AtenaPV/cfbi)
[2026-07-30 00:08:18] [W-1]   父仓库: 603711936/cf-bestip
[2026-07-30 00:08:18] [W-1] 仓库 https://github.com/603711936/cf-bestip (分支: main, size: 334KB, pushed: 2026-07-29T15:36:05Z)
[2026-07-30 00:08:18] [种子] 🔵 [种子 47/592] Misaka-blog/chromego_merge | 配额 4554/4800 16:08 UTC | 主队列 42/200 发现队列 600/600
[2026-07-30 00:08:18] [W-1] 仓库 https://github.com/603711936/cf-bestip 候选文件 5 个
[2026-07-30 00:08:20] [W-1] 🔗 递归发现仓库 monosans/proxy-list (来源 https://raw.githubusercontent.com/603711936/cf-bestip/main/README.md)
[2026-07-30 00:08:21] [种子] 🔵 [种子 48/592] ripaojiedian/freenode | 配额 4551/4800 16:08 UTC | 主队列 43/200 发现队列 600/600
[2026-07-30 00:08:22] [种子] 🔵 [种子 49/592] free-nodes/clashfree | 配额 4550/4800 16:08 UTC | 主队列 44/200 发现队列 600/600
[2026-07-30 00:08:22] [种子] 🔵 [种子 50/592] MrAbolfazlNorouzi/iran-configs | 配额 4549/4800 16:08 UTC | 主队列 45/200 发现队列 600/600
[2026-07-30 00:08:23] [种子] 🔵 [种子 51/592] miladtahanian/Config-Collector | 配额 4548/4800 16:08 UTC | 主队列 46/200 发现队列 600/600
[2026-07-30 00:08:24] [种子] 🔵 [种子 52/592] miladtahanian/V2RayCFGDumper | 配额 4547/4800 16:08 UTC | 主队列 47/200 发现队列 600/600
[2026-07-30 00:08:25] [种子] 🔵 [种子 53/592] mahsanet/MahsaFreeConfig | 配额 4546/4800 16:08 UTC | 主队列 48/200 发现队列 600/600
[2026-07-30 00:08:25] [种子] 🔵 [种子 54/592] zieng2/wl | 配额 4545/4800 16:08 UTC | 主队列 49/200 发现队列 600/600
[2026-07-30 00:08:26] [种子] 🔵 [种子 55/592] Mahdi0024/ProxyCollector | 配额 4544/4800 16:08 UTC | 主队列 50/200 发现队列 600/600
[2026-07-30 00:08:27] [种子] 🔵 [种子 56/592] 4n0nymou3/multi-proxy-config-fetcher | 配额 4543/4800 16:08 UTC | 主队列 51/200 发现队列 600/600
[2026-07-30 00:08:28] [种子] 🔵 [种子 57/592] Ashkan-m/v2ray | 配额 4542/4800 16:08 UTC | 主队列 52/200 发现队列 600/600
[2026-07-30 00:08:28] [种子] 🔵 [种子 58/592] iampedii/whitedns-sub | 配额 4541/4800 16:08 UTC | 主队列 53/200 发现队列 600/600
[2026-07-30 00:08:29] [种子] 🔵 [种子 59/592] Diversan313/apex-parser | 配额 4540/4800 16:08 UTC | 主队列 54/200 发现队列 600/600
[2026-07-30 00:08:30] [种子] 🔵 [种子 60/592] Kamyar19/configMs | 配额 4539/4800 16:08 UTC | 主队列 55/200 发现队列 600/600
[2026-07-30 00:08:31] [种子] 🔵 [种子 61/592] shabane/kamaji | 配额 4538/4800 16:08 UTC | 主队列 56/200 发现队列 600/600
[2026-07-30 00:08:31] [种子] 🔵 [种子 62/592] sakha1370/OpenRay | 配额 4537/4800 16:08 UTC | 主队列 57/200 发现队列 600/600
[2026-07-30 00:08:32] [种子] 🔵 [种子 63/592] noxenys/SmartSub | 配额 4536/4800 16:08 UTC | 主队列 58/200 发现队列 600/600
[2026-07-30 00:08:33] [种子] 🔵 [种子 64/592] FreeFolksOn/abc-configs-free-vpn-proxy-list | 配额 4535/4800 16:08 UTC | 主队列 59/200 发现队列 600/600
[2026-07-30 00:08:33] [种子] 🔵 [种子 65/592] way-fu/free-nodes-auto | 配额 4534/4800 16:08 UTC | 主队列 60/200 发现队列 600/600
[2026-07-30 00:08:34] [种子] 🔵 [种子 66/592] xcai413/fanqiang-navigation | 配额 4533/4800 16:08 UTC | 主队列 61/200 发现队列 600/600
[2026-07-30 00:08:35] [种子] 🔵 [种子 67/592] junjun266/FreeProxyGo | 配额 4532/4800 16:08 UTC | 主队列 62/200 发现队列 600/600
[2026-07-30 00:08:36] [种子] 🔵 [种子 68/592] imalyzer/mihomo-node-checker | 配额 4531/4800 16:08 UTC | 主队列 63/200 发现队列 600/600
[2026-07-30 00:08:36] [种子] 🔵 [种子 69/592] lerjtl/Testfree | 配额 4530/4800 16:08 UTC | 主队列 64/200 发现队列 600/600
[2026-07-30 00:08:37] [种子] 🔵 [种子 70/592] hansenlandun-prog/freeproxy-node-sub | 配额 4529/4800 16:08 UTC | 主队列 65/200 发现队列 600/600
[2026-07-30 00:08:38] [种子] 🔵 [种子 71/592] wenxig/free-nodes-sub | 配额 4528/4800 16:08 UTC | 主队列 66/200 发现队列 600/600
[2026-07-30 00:08:39] [种子] 🔵 [种子 72/592] LingQingOutAt11/free-vpn-subscriptions | 配额 4527/4800 16:08 UTC | 主队列 67/200 发现队列 600/600
[2026-07-30 00:08:39] [种子] 🔵 [种子 73/592] superokde/free-nodes | 配额 4526/4800 16:08 UTC | 主队列 68/200 发现队列 600/600
[2026-07-30 00:08:40] [种子] 🔵 [种子 74/592] XHegit/FreeNodes | 配额 4525/4800 16:08 UTC | 主队列 69/200 发现队列 600/600
[2026-07-30 00:08:41] [种子] 🔵 [种子 75/592] Yannik666/nodes | 配额 4524/4800 16:08 UTC | 主队列 70/200 发现队列 600/600
[2026-07-30 00:08:42] [种子] 🔵 [种子 76/592] wanvfx/FreeNodes | 配额 4523/4800 16:08 UTC | 主队列 71/200 发现队列 600/600
[2026-07-30 00:08:43] [种子] 🔵 [种子 77/592] hzhimingyang12345-a11y/airport-free | 配额 4522/4800 16:08 UTC | 主队列 72/200 发现队列 600/600
[2026-07-30 00:08:43] [种子] 🔵 [种子 78/592] luochen1975/FreeNodes | 配额 4521/4800 16:08 UTC | 主队列 73/200 发现队列 600/600
[2026-07-30 00:08:44] [种子] 🔵 [种子 79/592] wang1680/proxypool | 配额 4520/4800 16:08 UTC | 主队列 74/200 发现队列 600/600
[2026-07-30 00:08:45] [种子] 🔵 [种子 80/592] yangfh158/FreeNodes | 配额 4519/4800 16:08 UTC | 主队列 75/200 发现队列 600/600
[2026-07-30 00:08:46] [种子] 🔵 [种子 81/592] chengege666/FreeNodes | 配额 4518/4800 16:08 UTC | 主队列 76/200 发现队列 600/600
[2026-07-30 00:08:47] [种子] 🔵 [种子 82/592] gwcctv/FreeNodes | 配额 4517/4800 16:08 UTC | 主队列 77/200 发现队列 600/600
[2026-07-30 00:08:47] [种子] 🔵 [种子 83/592] HakurouKen/free-node | 配额 4516/4800 16:08 UTC | 主队列 78/200 发现队列 600/600
[2026-07-30 00:08:48] [种子] 🔵 [种子 84/592] PENZA84/free-node | 配额 4515/4800 16:08 UTC | 主队列 79/200 发现队列 600/600
[2026-07-30 00:08:49] [种子] 🔵 [种子 85/592] soufranciscoescola-png/Criar-fonte-TTF---BR---draw-your-font | 配额 4514/4800 16:08 UTC | 主队列 80/200 发现队列 600/600
[2026-07-30 00:08:49] [种子] ⏸️  主队列 ≥ 80（80/200），搜索暂停
[2026-07-30 00:09:11] [W-3] 🗑️  发现队列满，丢弃 Argh94/Proxy-List
[2026-07-30 00:09:15] [W-2] 🗑️  发现队列满，丢弃 SMBCRYP/V2V
[2026-07-30 00:09:15] [W-0] 🗑️  发现队列满，丢弃 1019410385/Proxy-sorter
[2026-07-30 00:09:21] [W-1] 🔗 发现仓库链接 features/actions (来源 https://raw.githubusercontent.com/603711936/cf-bestip/main/README.md)
[2026-07-30 00:09:22] repo info (features/actions) 404，跳过
[2026-07-30 00:09:22] [W-1] 🔗 发现仓库链接 yourusername/cf-bestip.git (来源 https://raw.githubusercontent.com/603711936/cf-bestip/main/README.md)
[2026-07-30 00:09:22] repo info (yourusername/cf-bestip.git) 404，跳过
[2026-07-30 00:09:22] [W-1] 🔗 发现仓库链接 yourusername/cf-besti (来源 https://raw.githubusercontent.com/603711936/cf-bestip/main/README.md)
[2026-07-30 00:09:23] repo info (yourusername/cf-besti) 404，跳过
[2026-07-30 00:09:23] [W-1] 🔗 发现仓库链接 yourusername/cf-bestip (来源 https://raw.githubusercontent.com/603711936/cf-bestip/main/README.md)
[2026-07-30 00:09:24] repo info (yourusername/cf-bestip) 404，跳过
[2026-07-30 00:09:24] [W-1] 仓库 https://github.com/603711936/cf-bestip 未提取到节点，加入黑名单
[2026-07-30 00:09:24] [W-1]   父仓库 +0 个节点
[2026-07-30 00:10:11] [W-3] 🗑️  发现队列满，丢弃 Argh94/V2RayAutoConfig
[2026-07-30 00:10:15] [W-2] 🗑️  发现队列满，丢弃 SMBCRYP/SulgX-Panel
[2026-07-30 00:10:15] [W-0] 🗑️  发现队列满，丢弃 himmel223/Proxy-sorter
[2026-07-30 00:10:24] [W-1] 🗑️  发现队列满，丢弃 DeimosDeployed/CF-BestIP
[2026-07-30 00:10:24] [W-1]   🍴 兄弟仓库: 1 个 → 主队列 80/200 发现队列 600/600
[2026-07-30 00:10:24] [W-1] 👤 遍历用户仓库: AtenaPV
[2026-07-30 00:10:26] [W-1]   用户 AtenaPV 共查 0 个仓库
[2026-07-30 00:10:26] [W-1] ✅ 完成 AtenaPV/cfbi (+0 节点)
[2026-07-30 00:10:26] [W-1] 🔧 开始处理 AtenaPV/PL6
[2026-07-30 00:10:26] [W-1] ⏭️ 仓库 https://github.com/AtenaPV/PL6 62h 未更新，跳过解析（追踪 fork 链）
[2026-07-30 00:10:26] [W-1] 🔗 查子仓库: AtenaPV/PL6
[2026-07-30 00:10:26] [W-1] 🔗 开始 Fork 链追踪 (AtenaPV/PL6)
[2026-07-30 00:10:26] [W-1]   父仓库: Anonym0usWork1221/Free-Proxies
[2026-07-30 00:10:26] [W-1] 仓库在黑名单中: https://github.com/Anonym0usWork1221/Free-Proxies
[2026-07-30 00:10:26] [W-1]   父仓库 +0 个节点
[2026-07-30 00:11:15] [W-2] 🗑️  发现队列满，丢弃 SMBCRYP/zizifn
[2026-07-30 00:11:15] [W-0] 🗑️  发现队列满，丢弃 xing2kong/Proxy-sorter-jiedian
[2026-07-30 00:11:26] [W-3] 🗑️  发现队列满，丢弃 Argh94/ProxyProwler
[2026-07-30 00:11:27] [W-1] 🗑️  发现队列满，丢弃 KaliRootSuperUser/Free-Proxies
[2026-07-30 00:12:15] [W-2] 🗑️  发现队列满，丢弃 SMBCRYP/sub-checker
[2026-07-30 00:12:15] [W-2]   👤 用户仓库: 4 个 → 主队列 80/200 发现队列 600/600
[2026-07-30 00:12:15] [W-2]   用户 SMBCRYP 共查 4 个仓库
[2026-07-30 00:12:15] [W-2]   父仓库 +550 个节点
[2026-07-30 00:12:15] [W-0] 🗑️  发现队列满，丢弃 BiHuDeH/Proxy-sorter
[2026-07-30 00:12:16] [W-2] 👤 遍历用户仓库: AtenaPV
[2026-07-30 00:12:17] [W-2]   用户 AtenaPV 共查 0 个仓库
[2026-07-30 00:12:17] [W-2] ✅ 完成 AtenaPV/V2V (+2818 节点)
[2026-07-30 00:12:17] [W-2] 🔧 开始处理 AtenaPV/Awesome-free-pl
[2026-07-30 00:12:17] [W-2] ⏭️ 仓库 https://github.com/AtenaPV/Awesome-free-pl 84h 未更新，跳过解析（追踪 fork 链）
[2026-07-30 00:12:17] [W-2] 🔗 查子仓库: AtenaPV/Awesome-free-pl
[2026-07-30 00:12:18] [W-2] 🔗 开始 Fork 链追踪 (AtenaPV/Awesome-free-pl)
[2026-07-30 00:12:18] [W-2]   父仓库: Thordata/awesome-free-proxy-list
[2026-07-30 00:12:18] [W-2] 仓库在黑名单中: https://github.com/Thordata/awesome-free-proxy-list
[2026-07-30 00:12:18] [W-2]   父仓库 +0 个节点
[2026-07-30 00:12:27] [W-1] 🗑️  发现队列满，丢弃 vAHiD55555/Free-Proxies
[2026-07-30 00:13:15] [W-0] 🗑️  发现队列满，丢弃 1779387745/Proxy-sorter
[2026-07-30 00:13:17] [W-3] 🗑️  发现队列满，丢弃 Argh94/farsi-shell
[2026-07-30 00:13:19] [W-2] 🗑️  发现队列满，丢弃 kael-odin/awesome-free-proxy-list
[2026-07-30 00:13:27] [W-1] 🗑️  发现队列满，丢弃 trieudao215/Free-Proxies
[2026-07-30 00:14:15] [W-0] 🗑️  发现队列满，丢弃 lixinyusiwen/Proxy-sorter
[2026-07-30 00:14:17] [W-3] 🗑️  发现队列满，丢弃 Argh94/Argh94
[2026-07-30 00:14:19] [W-2] 🗑️  发现队列满，丢弃 Elecman/awesome-free-proxy-list
[2026-07-30 00:14:19] [W-2]   🍴 兄弟仓库: 2 个 → 主队列 80/200 发现队列 600/600
[2026-07-30 00:14:19] [W-2] 👤 遍历用户仓库: AtenaPV
[2026-07-30 00:14:20] [W-2]   用户 AtenaPV 共查 0 个仓库
[2026-07-30 00:14:20] [W-2] ✅ 完成 AtenaPV/Awesome-free-pl (+0 节点)
[2026-07-30 00:14:20] [W-2] 🔧 开始处理 AtenaPV/P-Aggregator3
[2026-07-30 00:14:20] [W-2] ⏭️ 仓库 https://github.com/AtenaPV/P-Aggregator3 61h 未更新，跳过解析（追踪 fork 链）
[2026-07-30 00:14:20] [W-2] 🔗 查子仓库: AtenaPV/P-Aggregator3
[2026-07-30 00:14:20] [W-2] 🔗 开始 Fork 链追踪 (AtenaPV/P-Aggregator3)
[2026-07-30 00:14:20] [W-2]   父仓库: watchttvv/free-proxy-list
[2026-07-30 00:14:20] [W-2] 仓库在黑名单中: https://github.com/watchttvv/free-proxy-list
[2026-07-30 00:14:20] [W-2]   父仓库 +0 个节点
[2026-07-30 00:15:15] [W-0] 🗑️  发现队列满，丢弃 0000duck/Proxy-sorter
[2026-07-30 00:15:17] [W-3] 🗑️  发现队列满，丢弃 Argh94/Argh94.github.io
[2026-07-30 00:15:20] [W-1] 🗑️  发现队列满，丢弃 856668/Free-Proxies
[2026-07-30 00:15:22] [W-2] 🗑️  发现队列满，丢弃 sinspired/free-proxy-list
[2026-07-30 00:16:15] [W-0] 🗑️  发现队列满，丢弃 ttzyt/Proxy-sorter
[2026-07-30 00:16:17] [W-3] 🗑️  发现队列满，丢弃 Argh94/GitHub-Proxy-Worker
[2026-07-30 00:16:20] [W-1] 🗑️  发现队列满，丢弃 dwinurmijayanto/Free-Proxies
[2026-07-30 00:16:22] [W-2] 🗑️  发现队列满，丢弃 socks5-proxy/proxy
[2026-07-30 00:17:15] [W-0] 🗑️  发现队列满，丢弃 fzdy-zz/Proxy-sorter
[2026-07-30 00:17:17] [W-3] 🗑️  发现队列满，丢弃 Argh94/Telegram-Bot-API-Proxy-Cloudflare-Workers
[2026-07-30 00:17:20] [W-1] 🗑️  发现队列满，丢弃 outisronin/Fr-ee-Pr-oxies
[2026-07-30 00:17:22] [W-2] 🗑️  发现队列满，丢弃 zeroking1210/free-proxy-list-1
[2026-07-30 00:18:15] [W-0] 🗑️  发现队列满，丢弃 sanyueqideqi/Proxy-sorter
[2026-07-30 00:18:17] [W-3] 🗑️  发现队列满，丢弃 Argh94/GitHub-Backup-Tool
[2026-07-30 00:18:20] [W-1] 🗑️  发现队列满，丢弃 tangbaiwan/Free-Proxies
[2026-07-30 00:18:22] [W-2] 🗑️  发现队列满，丢弃 gfreen1/free-proxy-list
[2026-07-30 00:19:15] [W-0] 🗑️  发现队列满，丢弃 riverli01/Proxy-sorter
[2026-07-30 00:19:15] [W-0]   🍴 兄弟仓库: 28 个 → 主队列 80/200 发现队列 600/600
[2026-07-30 00:19:15] [W-0] 👤 遍历用户仓库: AtenaPV
[2026-07-30 00:19:16] [W-0]   用户 AtenaPV 共查 0 个仓库
[2026-07-30 00:19:16] [W-0] ✅ 完成 AtenaPV/Proxy-sorter (+2878 节点)
[2026-07-30 00:19:16] [W-0] 🔧 开始处理 AtenaPV/CFIP
[2026-07-30 00:19:16] [W-0] ⚠️ 仓库 https://github.com/AtenaPV/CFIP 231h 未更新，废弃 → 加入黑名单
[2026-07-30 00:19:16] [W-0] ✅ 完成 AtenaPV/CFIP (+0 节点)
[2026-07-30 00:19:16] [W-0] 🔧 开始处理 AtenaPV/CFYXIP
[2026-07-30 00:19:16] [W-0] ⏭️ 仓库 https://github.com/AtenaPV/CFYXIP 61h 未更新，跳过解析（追踪 fork 链）
[2026-07-30 00:19:16] [W-0] 🔗 查子仓库: AtenaPV/CFYXIP
[2026-07-30 00:19:17] [W-0] 🔗 开始 Fork 链追踪 (AtenaPV/CFYXIP)
[2026-07-30 00:19:17] [W-0]   父仓库: wanwushequ/cfyxip
[2026-07-30 00:19:17] [W-0] 仓库 https://github.com/wanwushequ/cfyxip (分支: main, size: 297061KB, pushed: 2026-07-29T16:11:30Z)
[2026-07-30 00:19:17] [W-0] 仓库 https://github.com/wanwushequ/cfyxip 候选文件较多 (771 个)，先通过 commits API 过滤
[2026-07-30 00:19:19] [W-0]   Compare API 返回 300 个变更文件 (3 次 API 调用)
[2026-07-30 00:19:19] [W-0]   commits 过滤: 771 → 300 (变更文件 300 个)
[2026-07-30 00:19:19] [W-0] 仓库 https://github.com/wanwushequ/cfyxip 候选文件 300 个
[2026-07-30 00:19:22] [W-2] 🗑️  发现队列满，丢弃 yijijianzaos/free-proxy-list
[2026-07-30 00:19:25] [W-0] 仓库 https://github.com/wanwushequ/cfyxip 未提取到节点，加入黑名单
[2026-07-30 00:19:25] [W-0]   父仓库 +0 个节点
[2026-07-30 00:20:16] [W-3] 🗑️  发现队列满，丢弃 Argh94/warp-Amnezia
[2026-07-30 00:20:16] [W-1] 🗑️  发现队列满，丢弃 arsscriptum/proxy-list-8
[2026-07-30 00:20:22] [W-2] 🗑️  发现队列满，丢弃 weiweia666/free-proxy-list
[2026-07-30 00:20:26] [W-0] 🗑️  发现队列满，丢弃 hc990275/cfyxip
[2026-07-30 00:21:16] [W-3] 🗑️  发现队列满，丢弃 Argh94/Amirza-Game
[2026-07-30 00:21:16] [W-1] 🗑️  发现队列满，丢弃 jszsl001/Free-Proxies
[2026-07-30 00:21:22] [W-2] 🗑️  发现队列满，丢弃 weizhe940605/free-proxy-list
[2026-07-30 00:21:26] [W-0] 🗑️  发现队列满，丢弃 agen2000/cfyxip
[2026-07-30 00:22:16] [W-3] 🗑️  发现队列满，丢弃 Argh94/Subify
[2026-07-30 00:22:16] [W-1] 🗑️  发现队列满，丢弃 acessrdpgg/Free-Proxies
[2026-07-30 00:22:22] [W-2] 🗑️  发现队列满，丢弃 serrortop/free-proxy-list
[2026-07-30 00:22:26] [W-0] 🗑️  发现队列满，丢弃 zhangbin188/cfyxip
[2026-07-30 00:23:16] [W-3] 🗑️  发现队列满，丢弃 Argh94/DataBlaze
[2026-07-30 00:23:16] [W-1] 🗑️  发现队列满，丢弃 Themeet77/Free-Proxies
[2026-07-30 00:23:22] [W-2] 🗑️  发现队列满，丢弃 yuzchu/free-proxy-list
[2026-07-30 00:23:26] [W-0] 🗑️  发现队列满，丢弃 LuckKang/cfyxip
[2026-07-30 00:24:16] [W-3] 🗑️  发现队列满，丢弃 Argh94/Analog-clock
[2026-07-30 00:24:16] [W-1] 🗑️  发现队列满，丢弃 QQ200550002/Free-Proxies
[2026-07-30 00:24:22] [W-2] 🗑️  发现队列满，丢弃 javon4016/free-proxy-list
[2026-07-30 00:24:26] [W-0] 🗑️  发现队列满，丢弃 yangshengxi/cfyxip
[2026-07-30 00:25:16] [W-3] 🗑️  发现队列满，丢弃 Argh94/Chess
[2026-07-30 00:25:16] [W-1] 🗑️  发现队列满，丢弃 xiamojes/Free-Proxies
[2026-07-30 00:25:22] [W-2] 🗑️  发现队列满，丢弃 emilc1808-pixel/free-proxy-list
[2026-07-30 00:25:26] [W-0] 🗑️  发现队列满，丢弃 blesdmm/cfyxip
[2026-07-30 00:26:16] [W-3] 🗑️  发现队列满，丢弃 Argh94/MBI-Calculate
[2026-07-30 00:26:16] [W-1] 🗑️  发现队列满，丢弃 fenzaiway/Free-Proxies
[2026-07-30 00:26:22] [W-2] 🗑️  发现队列满，丢弃 msechen/free-proxy-list9
[2026-07-30 00:26:26] [W-0] 🗑️  发现队列满，丢弃 xinlingmiyu-debug/cfyxip
[2026-07-30 00:27:16] [W-3] 🗑️  发现队列满，丢弃 Argh94/SNI-Scanner.ps1
[2026-07-30 00:27:16] [W-1] 🗑️  发现队列满，丢弃 kutu48/Free-Proxies
[2026-07-30 00:27:22] [W-2] 🗑️  发现队列满，丢弃 heyue07/free-proxy-list
[2026-07-30 00:27:26] [W-0] 🗑️  发现队列满，丢弃 374929972-art/cloudflare-
[2026-07-30 00:28:16] [W-3] 🗑️  发现队列满，丢弃 Argh94/Telegram_bot
[2026-07-30 00:28:16] [W-1] 🗑️  发现队列满，丢弃 mahmudislam47/Free-Proxies
[2026-07-30 00:28:22] [W-2] 🗑️  发现队列满，丢弃 wainyang/free-proxy-list
[2026-07-30 00:28:26] [W-0] 🗑️  发现队列满，丢弃 xiagefei/cfyxip2
[2026-07-30 00:29:16] [W-3] 🗑️  发现队列满，丢弃 Argh94/portscanner
[2026-07-30 00:29:16] [W-1] 🗑️  发现队列满，丢弃 ttzhenhao/Free-Proxies
[2026-07-30 00:29:22] [W-2] 🗑️  发现队列满，丢弃 longyizhang1314168/free-proxy-list
[2026-07-30 00:29:26] [W-0] 🗑️  发现队列满，丢弃 zhangwei7433/Cloudflare-EDT
[2026-07-30 00:30:16] [W-3] 🗑️  发现队列满，丢弃 Argh94/clean-ip-scanner
[2026-07-30 00:30:16] [W-1] 🗑️  发现队列满，丢弃 hostkimjang/Free-Proxies-auto
[2026-07-30 00:30:22] [W-2] 🗑️  发现队列满，丢弃 ewq5201314/free-proxy-list
[2026-07-30 00:30:26] [W-0] 🗑️  发现队列满，丢弃 lesucret/cfyxip
[2026-07-30 00:31:16] [W-3] 🗑️  发现队列满，丢弃 Argh94/WebSift
[2026-07-30 00:31:16] [W-1] 🗑️  发现队列满，丢弃 yiqiu1314/Free-Proxies
[2026-07-30 00:31:22] [W-2] 🗑️  发现队列满，丢弃 mika-leng/free-proxy-list
[2026-07-30 00:31:26] [W-0] 🗑️  发现队列满，丢弃 DemonFourth/cfyxip
[2026-07-30 00:32:16] [W-3] 🗑️  发现队列满，丢弃 Argh94/xstack-ssh-Tls
[2026-07-30 00:32:16] [W-1] 🗑️  发现队列满，丢弃 underplayer100/Free-Proxies
[2026-07-30 00:32:22] [W-2] 🗑️  发现队列满，丢弃 ericrichadly-666/free-proxy-list
[2026-07-30 00:32:26] [W-0] 🗑️  发现队列满，丢弃 Rezlify/CFYXIP
[2026-07-30 00:33:16] [W-3] 🗑️  发现队列满，丢弃 Argh94/proxy-configurator-chrome-extension[2026-07-30 00:33:16] [W-1] 🗑️  发现队列满，丢弃 Daddy666291/Free-Proxies

[2026-07-30 00:33:16] [W-1]   🍴 兄弟仓库: 23 个 → 主队列 80/200 发现队列 600/600
[2026-07-30 00:33:16] [W-1] 👤 遍历用户仓库: AtenaPV
[2026-07-30 00:33:17] [W-1]   用户 AtenaPV 共查 0 个仓库
[2026-07-30 00:33:17] [W-1] ✅ 完成 AtenaPV/PL6 (+0 节点)
[2026-07-30 00:33:17] [W-1] 🔧 开始处理 AtenaPV/V2RayAggregator
[2026-07-30 00:33:17] [W-1] ⏭️ 仓库 https://github.com/AtenaPV/V2RayAggregator 74h 未更新，跳过解析（追踪 fork 链）
[2026-07-30 00:33:17] [W-1] 🔗 查子仓库: AtenaPV/V2RayAggregator
[2026-07-30 00:33:17] [W-1] 🔗 开始 Fork 链追踪 (AtenaPV/V2RayAggregator)
[2026-07-30 00:33:18] [W-1]   父仓库: mahdibland/V2RayAggregator
[2026-07-30 00:33:19] [W-1] 👤 遍历用户仓库: AtenaPV
[2026-07-30 00:33:19] [W-1]   用户 AtenaPV 共查 0 个仓库
[2026-07-30 00:33:19] [W-1] ✅ 完成 AtenaPV/V2RayAggregator (+0 节点)
[2026-07-30 00:33:19] [W-0]   🍴 兄弟仓库: 14 个 → 主队列 80/200 发现队列 600/600
[2026-07-30 00:33:19] [W-1] 🔧 开始处理 AtenaPV/V2rayCollector[2026-07-30 00:33:19] [W-0] 👤 遍历用户仓库: AtenaPV
[2026-07-30 00:33:19] [W-1] ⏭️ 仓库 https://github.com/AtenaPV/V2rayCollector 62h 未更新，跳过解析（追踪 fork 链）

[2026-07-30 00:33:19] [W-1] 🔗 查子仓库: AtenaPV/V2rayCollector
[2026-07-30 00:33:20] [W-1] 🔗 开始 Fork 链追踪 (AtenaPV/V2rayCollector)
[2026-07-30 00:33:20] [W-1]   父仓库: MhdiTaheri/V2rayCollector
[2026-07-30 00:33:20] [W-1] 仓库 https://github.com/MhdiTaheri/V2rayCollector (分支: main, size: 943798KB, pushed: 2026-07-29T15:07:44Z)
[2026-07-30 00:33:20] [W-0]   用户 AtenaPV 共查 0 个仓库
[2026-07-30 00:33:20] [W-0] ✅ 完成 AtenaPV/CFYXIP (+0 节点)
[2026-07-30 00:33:20] [W-0] 🔧 开始处理 AtenaPV/Aggregator
[2026-07-30 00:33:20] [W-0] ⏭️ 仓库 https://github.com/AtenaPV/Aggregator 160h 未更新，跳过解析（追踪 fork 链）
[2026-07-30 00:33:20] [W-0] 🔗 查子仓库: AtenaPV/Aggregator
[2026-07-30 00:33:20] [W-1] 仓库 https://github.com/MhdiTaheri/V2rayCollector 候选文件 14 个
[2026-07-30 00:33:21] [W-0] 🔗 开始 Fork 链追踪 (AtenaPV/Aggregator)
[2026-07-30 00:33:21] [W-0]   父仓库: wzdnzd/aggregator
[2026-07-30 00:33:22] [W-1] 🔗 查子仓库: MhdiTaheri/V2rayCollector
[2026-07-30 00:34:17] [W-2] 🗑️  发现队列满，丢弃 dongbo5555/free-proxy-list
[2026-07-30 00:34:20] [W-3] 🗑️  发现队列满，丢弃 Argh94/Tor-Multi-proxy
[2026-07-30 00:34:23] [W-0] 🗑️  发现队列满，丢弃 PangTouY00/aggregator
[2026-07-30 00:34:23] [W-1] 🗑️  发现队列满，丢弃 hanzenrui/V2rayCollector
[2026-07-30 00:35:17] [W-2] 🗑️  发现队列满，丢弃 chen-jingliang/sock5-https
[2026-07-30 00:35:20] [W-3] 🗑️  发现队列满，丢弃 Argh94/Amirza-Peru-game-guide
[2026-07-30 00:35:23] [W-0] 🗑️  发现队列满，丢弃 ljsshd/aggregator
[2026-07-30 00:35:23] [W-1] 🗑️  发现队列满，丢弃 leon1067/V2rayCollector
[2026-07-30 00:36:17] [W-2] 🗑️  发现队列满，丢弃 shtrend/free-proxy-list
[2026-07-30 00:36:20] [W-3] 🗑️  发现队列满，丢弃 Argh94/WireGuardConfigGenerator-worker
[2026-07-30 00:36:20] [W-3]   👤 用户仓库: 30 个 → 主队列 80/200 发现队列 600/600
[2026-07-30 00:36:20] [W-3]   用户 Argh94 共查 30 个仓库
[2026-07-30 00:36:20] [W-3]   父仓库 +3129 个节点
[2026-07-30 00:36:21] [W-3] 👤 遍历用户仓库: AtenaPV
[2026-07-30 00:36:21] [W-3]   用户 AtenaPV 共查 0 个仓库
[2026-07-30 00:36:21] [W-3] ✅ 完成 AtenaPV/PL-DB (+3133 节点)
[2026-07-30 00:36:21] [W-3] 🔧 开始处理 AtenaPV/P-DB-Main
[2026-07-30 00:36:21] [W-3] ⏭️ 仓库 https://github.com/AtenaPV/P-DB-Main 70h 未更新，跳过解析（追踪 fork 链）
[2026-07-30 00:36:21] [W-3] 🔗 查子仓库: AtenaPV/P-DB-Main
[2026-07-30 00:36:22] [W-3] 🔗 开始 Fork 链追踪 (AtenaPV/P-DB-Main)
[2026-07-30 00:36:22] [W-3]   父仓库: fyvri/fresh-proxy-list
[2026-07-30 00:36:22] [W-3] 仓库在黑名单中: https://github.com/fyvri/fresh-proxy-list
[2026-07-30 00:36:22] [W-3]   父仓库 +0 个节点
[2026-07-30 00:36:23] [W-1] 🗑️  发现队列满，丢弃 apix7/V2rayCollector
[2026-07-30 00:37:17] [W-2] 🗑️  发现队列满，丢弃 Wind5170/free-proxy-list
[2026-07-30 00:37:21] [W-0] 🗑️  发现队列满，丢弃 polarxy/aggregator
[2026-07-30 00:37:23] [W-3] 🗑️  发现队列满，丢弃 icenicles/fresh-proxy-list
[2026-07-30 00:37:23] [W-1] 🗑️  发现队列满，丢弃 Rezlify/V2rayCollector
[2026-07-30 00:38:17] [W-2] 🗑️  发现队列满，丢弃 cdsky/free-proxy-list
[2026-07-30 00:38:21] [W-0] 🗑️  发现队列满，丢弃 oxwo/ssr-checkin
[2026-07-30 00:38:23] [W-3] 🗑️  发现队列满，丢弃 ElonFutu/fresh-proxy-list
[2026-07-30 00:38:23] [W-1] 🗑️  发现队列满，丢弃 jtgdyyzsg/V2rayCollector
[2026-07-30 00:39:17] [W-2] 🗑️  发现队列满，丢弃 liwanpeng888/free-proxy-list
[2026-07-30 00:39:21] [W-0] 🗑️  发现队列满，丢弃 oneperfect01/aggregator
[2026-07-30 00:39:23] [W-3] 🗑️  发现队列满，丢弃 Dareh123/fresh-proxy-list
[2026-07-30 00:39:23] [W-1] 🗑️  发现队列满，丢弃 HajRasool/V2rayCollector
[2026-07-30 00:40:17] [W-2] 🗑️  发现队列满，丢弃 hofccyf/free-proxy-list
[2026-07-30 00:40:21] [W-0] 🗑️  发现队列满，丢弃 fighter2011/aggregator
[2026-07-30 00:40:23] [W-3] 🗑️  发现队列满，丢弃 h3L3n128/fresh-proxy-list
[2026-07-30 00:40:23] [W-1] 🗑️  发现队列满，丢弃 vsevolobo/V2rayCollector
[2026-07-30 00:41:17] [W-2] 🗑️  发现队列满，丢弃 kouzhaobo/free-proxy-list
[2026-07-30 00:41:21] [W-0] 🗑️  发现队列满，丢弃 hunter3115/aggregator
[2026-07-30 00:41:23] [W-3] 🗑️  发现队列满，丢弃 ztwww2222/fresh-proxy-list
[2026-07-30 00:41:23] [W-1] 🗑️  发现队列满，丢弃 ihiopersonel/MhdiTaheri
[2026-07-30 00:42:17] [W-2] 🗑️  发现队列满，丢弃 chenyun170/free-proxy-list
[2026-07-30 00:42:21] [W-0] 🗑️  发现队列满，丢弃 TonyJiangWJ/aggregator
[2026-07-30 00:42:23] [W-3] 🗑️  发现队列满，丢弃 legendmeinan/fresh-proxy-list
[2026-07-30 00:42:23] [W-1] 🗑️  发现队列满，丢弃 royaansari5603-commits/V2rayCollector
[2026-07-30 00:43:17] [W-2] 🗑️  发现队列满，丢弃 chenlee86/free-proxy-list
[2026-07-30 00:43:21] [W-0] 🗑️  发现队列满，丢弃 liusil/aggregator
[2026-07-30 00:43:23] [W-3] 🗑️  发现队列满，丢弃 yoyongmsb/fresh-proxy-list
[2026-07-30 00:43:23] [W-1] 🗑️  发现队列满，丢弃 PENZA84/V2rayCollector-
[2026-07-30 00:44:17] [W-2] 🗑️  发现队列满，丢弃 leopard888/free-proxy-list
[2026-07-30 00:44:17] [W-2]   🍴 兄弟仓库: 30 个 → 主队列 80/200 发现队列 600/600
[2026-07-30 00:44:17] [W-2] 👤 遍历用户仓库: AtenaPV
[2026-07-30 00:44:18] [W-2]   用户 AtenaPV 共查 0 个仓库
[2026-07-30 00:44:18] [W-2] ✅ 完成 AtenaPV/P-Aggregator3 (+315 节点)
[2026-07-30 00:44:18] [W-2] 🔧 开始处理 AtenaPV/CloudflareIP
[2026-07-30 00:44:18] [W-2] ⏭️ 仓库 https://github.com/AtenaPV/CloudflareIP 70h 未更新，跳过解析（追踪 fork 链）
[2026-07-30 00:44:18] [W-2] 🔗 查子仓库: AtenaPV/CloudflareIP
[2026-07-30 00:44:18] [W-2] 🔗 开始 Fork 链追踪 (AtenaPV/CloudflareIP)
[2026-07-30 00:44:19] [W-2]   父仓库: gslege/CloudflareIP
[2026-07-30 00:44:19] [W-2] 仓库 https://github.com/gslege/CloudflareIP (分支: main, size: 14067KB, pushed: 2026-07-29T16:20:06Z)
[2026-07-30 00:44:19] [W-2] 仓库 https://github.com/gslege/CloudflareIP 候选文件 8 个
[2026-07-30 00:44:20] [W-2] 🔗 查子仓库: gslege/CloudflareIP
[2026-07-30 00:44:23] [W-3] 🗑️  发现队列满，丢弃 NarlyTV/fresh-proxy-list
[2026-07-30 00:44:23] [W-1] 🗑️  发现队列满，丢弃 shozeb599/V2rayCollector
[2026-07-30 00:45:18] [W-0] 🗑️  发现队列满，丢弃 SuperMan-su/aggregator
[2026-07-30 00:45:22] [W-2] 🗑️  发现队列满，丢弃 xzg268/CloudflareIP
[2026-07-30 00:45:23] [W-3] 🗑️  发现队列满，丢弃 CB-X2-Jun/fresh-proxy-list
[2026-07-30 00:45:23] [W-1] 🗑️  发现队列满，丢弃 arosstale/V2rayCollector
[2026-07-30 00:46:18] [W-0] 🗑️  发现队列满，丢弃 Superboos/aggregator
[2026-07-30 00:46:22] [W-2] 🗑️  发现队列满，丢弃 wuhanwumin81/CloudflareIP
[2026-07-30 00:46:23] [W-3] 🗑️  发现队列满，丢弃 dexterresurrection/fresh-proxy-list
[2026-07-30 00:46:23] [W-1] 🗑️  发现队列满，丢弃 ElderArcade/V2rayCollector
[2026-07-30 00:47:18] [W-0] 🗑️  发现队列满，丢弃 jouyouyun/aggregator
[2026-07-30 00:47:22] [W-2] 🗑️  发现队列满，丢弃 wxhvpn/CloudflareIP
[2026-07-30 00:47:23] [W-3] 🗑️  发现队列满，丢弃 loaferbozo/fresh-proxy-list
[2026-07-30 00:47:23] [W-1] 🗑️  发现队列满，丢弃 gaijin327/V2rayCollector
[2026-07-30 00:48:18] [W-0] 🗑️  发现队列满，丢弃 leonaii/tgff
[2026-07-30 00:48:22] [W-2] 🗑️  发现队列满，丢弃 kinghui-001/CloudflareIP_1
[2026-07-30 00:48:23] [W-3] 🗑️  发现队列满，丢弃 Zganz404/fresh-proxy-list
[2026-07-30 00:48:23] [W-3]   🍴 兄弟仓库: 12 个 → 主队列 80/200 发现队列 600/600
[2026-07-30 00:48:23] [W-3] 👤 遍历用户仓库: AtenaPV
[2026-07-30 00:48:23] [W-1] 🗑️  发现队列满，丢弃 Hadryan/V2rayCollector
[2026-07-30 00:48:23] [W-3]   用户 AtenaPV 共查 0 个仓库
[2026-07-30 00:48:23] [W-3] ✅ 完成 AtenaPV/P-DB-Main (+15 节点)
[2026-07-30 00:48:23] [W-3] 🔧 开始处理 AtenaPV/BestCFip
[2026-07-30 00:48:23] [W-3] ⏭️ 仓库 https://github.com/AtenaPV/BestCFip 72h 未更新，跳过解析（追踪 fork 链）
[2026-07-30 00:48:23] [W-3] 🔗 查子仓库: AtenaPV/BestCFip
[2026-07-30 00:48:24] [W-3] 🔗 开始 Fork 链追踪 (AtenaPV/BestCFip)
[2026-07-30 00:48:24] [W-3]   父仓库: joname1/BestCFip
[2026-07-30 00:48:24] [W-3] 仓库 https://github.com/joname1/BestCFip (分支: main, size: 3295KB, pushed: 2026-07-29T14:12:04Z)
[2026-07-30 00:48:24] [W-3] 仓库 https://github.com/joname1/BestCFip 候选文件 4 个
[2026-07-30 00:48:25] [W-3] 🔗 递归发现仓库 joname1/BestCFip (来源 https://raw.githubusercontent.com/joname1/BestCFip/main/README.md)
[2026-07-30 00:49:22] [W-2] 🗑️  发现队列满，丢弃 edith8245/CloudflareIP
[2026-07-30 00:49:23] [W-1] 🗑️  发现队列满，丢弃 s1998ak/V2rayCollector
[2026-07-30 00:49:23] [W-0] 🗑️  发现队列满，丢弃 agkjVIP/airportcheckin
[2026-07-30 00:49:26] [W-3] 🔗 发现仓库链接 joname1/BestCFi (来源 https://raw.githubusercontent.com/joname1/BestCFip/main/README.md)
[2026-07-30 00:49:27] repo info (joname1/BestCFi) 404，跳过
[2026-07-30 00:49:27] [W-3] 仓库 https://github.com/joname1/BestCFip 未提取到节点，加入黑名单
[2026-07-30 00:49:27] [W-3]   父仓库 +0 个节点
[2026-07-30 00:50:22] [W-2] 🗑️  发现队列满，丢弃 netbiostcp/CloudflareIP
[2026-07-30 00:50:23] [W-1] 🗑️  发现队列满，丢弃 bhaktadas/phpV2rayCollector
[2026-07-30 00:50:23] [W-0] 🗑️  发现队列满，丢弃 hiro-ito1/aggregator
[2026-07-30 00:50:29] [W-3] 🗑️  发现队列满，丢弃 jierry2028/ip-
[2026-07-30 00:51:22] [W-2] 🗑️  发现队列满，丢弃 tangleilei168/-
[2026-07-30 00:51:23] [W-1] 🗑️  发现队列满，丢弃 Dousa1120/V2rayCollector
[2026-07-30 00:51:23] [W-0] 🗑️  发现队列满，丢弃 zz80900/aggregator
[2026-07-30 00:51:29] [W-3] 🗑️  发现队列满，丢弃 yibing678/BestCFip33
[2026-07-30 00:52:22] [W-2] 🗑️  发现队列满，丢弃 uddn/CloudflareIP
[2026-07-30 00:52:23] [W-1] 🗑️  发现队列满，丢弃 Darklord2025/V2rayCollector
[2026-07-30 00:52:23] [W-0] 🗑️  发现队列满，丢弃 sorangegu/mio-pro
[2026-07-30 00:52:29] [W-3] 🗑️  发现队列满，丢弃 kinghui-001/BestCFip
[2026-07-30 00:53:22] [W-2] 🗑️  发现队列满，丢弃 edisuryanto/CloudflareIP
[2026-07-30 00:53:23] [W-1] 🗑️  发现队列满，丢弃 liccc118/V2rayCollector
[2026-07-30 00:53:23] [W-0] 🗑️  发现队列满，丢弃 1213sun/aggregator
[2026-07-30 00:53:29] [W-3] 🗑️  发现队列满，丢弃 you170ok/BestCFip
[2026-07-30 00:54:22] [W-2] 🗑️  发现队列满，丢弃 yangyayu-last/CloudflareIP
[2026-07-30 00:54:23] [W-1] 🗑️  发现队列满，丢弃 win2happy/V2rayCollector
[2026-07-30 00:54:23] [W-0] 🗑️  发现队列满，丢弃 dslz888/wzdnzd_wyt666-DSLZ
[2026-07-30 00:54:29] [W-3] 🗑️  发现队列满，丢弃 wxhvpn/BestCFip
[2026-07-30 00:55:22] [W-2] 🗑️  发现队列满，丢弃 Possiblle/CloudflareIP
[2026-07-30 00:55:23] [W-1] 🗑️  发现队列满，丢弃 SsSniperSkinZo/V2rayCollector
[2026-07-30 00:55:23] [W-0] 🗑️  发现队列满，丢弃 schalkiii/aggregator
[2026-07-30 00:55:29] [W-3] 🗑️  发现队列满，丢弃 sisi2099/BestCFip
[2026-07-30 00:56:22] [W-2] 🗑️  发现队列满，丢弃 123whaty/CloudflareIP
[2026-07-30 00:56:23] [W-1] 🗑️  发现队列满，丢弃 elyasnazari/V2rayCollector
[2026-07-30 00:56:23] [W-0] 🗑️  发现队列满，丢弃 friendliest520/aggregator
[2026-07-30 00:56:29] [W-3] 🗑️  发现队列满，丢弃 ship78892-ai/BestCFip
[2026-07-30 00:57:22] [W-2] 🗑️  发现队列满，丢弃 fengyiyang000/CloudflareIP
[2026-07-30 00:57:23] [W-1] 🗑️  发现队列满，丢弃 chinaHEN/V2rayCollector
[2026-07-30 00:57:23] [W-0] 🗑️  发现队列满，丢弃 szs122/aggregator
[2026-07-30 00:57:29] [W-3] 🗑️  发现队列满，丢弃 dpooooo/BestCFip
[2026-07-30 00:58:22] [W-2] 🗑️  发现队列满，丢弃 xiaoyu123-hub/CloudflareIP
[2026-07-30 00:58:23] [W-1] 🗑️  发现队列满，丢弃 bbylw/V2rayCollector
[2026-07-30 00:58:23] [W-0] 🗑️  发现队列满，丢弃 Naizei/aggregator
[2026-07-30 00:58:29] [W-3] 🗑️  发现队列满，丢弃 lzgdfun/BestCFip
[2026-07-30 00:59:22] [W-2] 🗑️  发现队列满，丢弃 110120911/CloudflareIP
[2026-07-30 00:59:23] [W-1] 🗑️  发现队列满，丢弃 zyjia/V2rayCollector
[2026-07-30 00:59:23] [W-0] 🗑️  发现队列满，丢弃 zackfoto/aggregator
[2026-07-30 00:59:29] [W-3] 🗑️  发现队列满，丢弃 nongsp/BestCFip
[2026-07-30 01:00:22] [W-2] 🗑️  发现队列满，丢弃 zhhtcop-sys/CloudflareIP
[2026-07-30 01:00:23] [W-1] 🗑️  发现队列满，丢弃 ellondoa/V2rayCollector
[2026-07-30 01:00:23] [W-1]   🍴 子仓库: 27 个 → 主队列 80/200 发现队列 600/600
[2026-07-30 01:00:23] [W-1] 🔗 开始 Fork 链追踪 (MhdiTaheri/V2rayCollector)
[2026-07-30 01:00:23] [W-0] 🗑️  发现队列满，丢弃 wvivi5/aggregator
[2026-07-30 01:00:23] [W-1] 👤 遍历用户仓库: MhdiTaheri
[2026-07-30 01:00:29] [W-3] 🗑️  发现队列满，丢弃 daier77/BestCFip
[2026-07-30 01:01:22] [W-2] 🗑️  发现队列满，丢弃 chenlpmao/CloudflareIP
[2026-07-30 01:01:23] [W-0] 🗑️  发现队列满，丢弃 li133099/aggregator
[2026-07-30 01:01:24] [W-1] 🗑️  发现队列满，丢弃 MhdiTaheri/V2rayCollector
[2026-07-30 01:01:29] [W-3] 🗑️  发现队列满，丢弃 Rezlify/CF-API
[2026-07-30 01:02:22] [W-2] 🗑️  发现队列满，丢弃 lierwin/CloudflareIP
[2026-07-30 01:02:23] [W-0] 🗑️  发现队列满，丢弃 chai-j/aggregator
[2026-07-30 01:02:23] [W-0]   🍴 兄弟仓库: 30 个 → 主队列 80/200 发现队列 600/600
[2026-07-30 01:02:23] [W-0] 👤 遍历用户仓库: AtenaPV
[2026-07-30 01:02:24] [W-1] 🗑️  发现队列满，丢弃 MhdiTaheri/TelegramSelf
[2026-07-30 01:02:24] [W-0]   用户 AtenaPV 共查 0 个仓库
[2026-07-30 01:02:24] [W-0] ✅ 完成 AtenaPV/Aggregator (+330 节点)
[2026-07-30 01:02:24] [W-0] 🔧 开始处理 AtenaPV/PoxyProwler
[2026-07-30 01:02:24] [W-0] ⏭️ 仓库 https://github.com/AtenaPV/PoxyProwler 78h 未更新，跳过解析（追踪 fork 链）
[2026-07-30 01:02:24] [W-0] 🔗 查子仓库: AtenaPV/PoxyProwler
[2026-07-30 01:02:24] [W-0] 🔗 开始 Fork 链追踪 (AtenaPV/PoxyProwler)
[2026-07-30 01:02:25] [W-0]   父仓库: Argh94/ProxyProwler
[2026-07-30 01:03:22] [W-2] 🗑️  发现队列满，丢弃 vm8e/CloudflareIP3
[2026-07-30 01:03:24] [W-1] 🗑️  发现队列满，丢弃 MhdiTaheri/ProxyCollector
[2026-07-30 01:03:24] [W-3] 🗑️  发现队列满，丢弃 fnxa0524/BestCFip
[2026-07-30 01:03:25] [W-0] 🗑️  发现队列满，丢弃 Poriya58p/ProxyProwler
[2026-07-30 01:04:22] [W-2] 🗑️  发现队列满，丢弃 mirkosalvato1-ctrl/CloudflareIP
[2026-07-30 01:04:24] [W-1] 🗑️  发现队列满，丢弃 MhdiTaheri/SNIChecker
[2026-07-30 01:04:24] [W-3] 🗑️  发现队列满，丢弃 zhujunyide/BestCFip
[2026-07-30 01:04:25] [W-0] 🗑️  发现队列满，丢弃 naviyanka/ProxyProwler
[2026-07-30 01:05:22] [W-2] 🗑️  发现队列满，丢弃 liu2572251866-bit/CloudflareIP
[2026-07-30 01:05:24] [W-1] 🗑️  发现队列满，丢弃 MhdiTaheri/sms-bomber
[2026-07-30 01:05:24] [W-3] 🗑️  发现队列满，丢弃 twmyyh/BestCFip
[2026-07-30 01:05:25] [W-0] 🗑️  发现队列满，丢弃 dexterresurrection/ProxyProwler
[2026-07-30 01:06:22] [W-2] 🗑️  发现队列满，丢弃 VerSonetto/CloudflareIP
[2026-07-30 01:06:24] [W-1] 🗑️  发现队列满，丢弃 MhdiTaheri/Memory-Marker
[2026-07-30 01:06:24] [W-3] 🗑️  发现队列满，丢弃 agen2000/BestCFip
[2026-07-30 01:06:25] [W-0] 🗑️  发现队列满，丢弃 lornexkillon/ProxyProwler
[2026-07-30 01:07:22] [W-2] 🗑️  发现队列满，丢弃 diyros/CloudflareIP
[2026-07-30 01:07:24] [W-1] 🗑️  发现队列满，丢弃 MhdiTaheri/CloudflareConfig
[2026-07-30 01:07:24] [W-3] 🗑️  发现队列满，丢弃 xiaoyu123-hub/BestCFip1
[2026-07-30 01:07:25] [W-0] 🗑️  发现队列满，丢弃 Vidson313/ProxyProwler
[2026-07-30 01:08:22] [W-2] 🗑️  发现队列满，丢弃 Jeary-Chen/CloudflareIP
[2026-07-30 01:08:24] [W-1] 🗑️  发现队列满，丢弃 MhdiTaheri/vmess-renamer
[2026-07-30 01:08:24] [W-3] 🗑️  发现队列满，丢弃 Special-Care/BestCFip
[2026-07-30 01:08:25] [W-0] 🗑️  发现队列满，丢弃 vsevolobo/ProxyProwler
[2026-07-30 01:09:22] [W-2] 🗑️  发现队列满，丢弃 lizheng31/CloudflareIP
[2026-07-30 01:09:24] [W-1] 🗑️  发现队列满，丢弃 MhdiTaheri/Base64-Converter
[2026-07-30 01:09:24] [W-3] 🗑️  发现队列满，丢弃 mrmiaofls/BestCFip
[2026-07-30 01:09:25] [W-0] 🗑️  发现队列满，丢弃 DeimosDeployed/ProxyProwler
[2026-07-30 01:10:22] [W-2] 🗑️  发现队列满，丢弃 Skycnhe/CloudflareIP
[2026-07-30 01:10:24] [W-1] 🗑️  发现队列满，丢弃 MhdiTaheri/telegram-contact-bot
[2026-07-30 01:10:24] [W-3] 🗑️  发现队列满，丢弃 jyhuang201900/BestCFip
[2026-07-30 01:10:25] [W-0] 🗑️  发现队列满，丢弃 Rezlify/ProxyProwler
[2026-07-30 01:10:25] [W-0]   🍴 兄弟仓库: 8 个 → 主队列 80/200 发现队列 600/600
[2026-07-30 01:10:25] [W-0] 👤 遍历用户仓库: AtenaPV
[2026-07-30 01:10:26] [W-0]   用户 AtenaPV 共查 0 个仓库
[2026-07-30 01:10:26] [W-0] ✅ 完成 AtenaPV/PoxyProwler (+0 节点)
[2026-07-30 01:10:26] [W-0] 🔧 开始处理 AtenaPV/Poxify
[2026-07-30 01:10:26] [W-0] ⏭️ 仓库 https://github.com/AtenaPV/Poxify 71h 未更新，跳过解析（追踪 fork 链）
[2026-07-30 01:10:26] [W-0] 🔗 查子仓库: AtenaPV/Poxify
[2026-07-30 01:10:27] [W-0] 🔗 开始 Fork 链追踪 (AtenaPV/Poxify)
[2026-07-30 01:10:28] [W-0]   父仓库: Firmfox/Proxify
[2026-07-30 01:10:28] [W-0] 仓库 https://github.com/Firmfox/Proxify (分支: main, size: 760244KB, pushed: 2026-07-29T16:20:18Z)
[2026-07-30 01:10:28] [W-0] 仓库 https://github.com/Firmfox/Proxify 候选文件较多 (131 个)，先通过 commits API 过滤
[2026-07-30 01:10:32] [W-0]   Compare API 返回 114 个变更文件 (3 次 API 调用)
[2026-07-30 01:10:32] [W-0]   commits 过滤: 131 → 114 (变更文件 114 个)
[2026-07-30 01:10:32] [W-0] 仓库 https://github.com/Firmfox/Proxify 候选文件 114 个
[2026-07-30 01:10:32] [ThreadPoolExecutor-726_10] 🔗 发现仓库链接 firmfox/Proxify (来源 https://raw.githubusercontent.com/Firmfox/Proxify/main/v2ray_configs/subscriptions/subscription-24.txt)
[2026-07-30 01:11:24] [W-1] 🗑️  发现队列满，丢弃 MhdiTaheri/Radiojavan-dl
[2026-07-30 01:11:24] [W-3] 🗑️  发现队列满，丢弃 nngt886/cf-yx-ip
[2026-07-30 01:11:26] [W-2] 🗑️  发现队列满，丢弃 csz620/CloudflareIP
[2026-07-30 01:11:33] [W-0] 🔗 查子仓库: Firmfox/Proxify
[2026-07-30 01:12:24] [W-1] 🗑️  发现队列满，丢弃 MhdiTaheri/MhdiTaheri
[2026-07-30 01:12:24] [W-1]   👤 用户仓库: 12 个 → 主队列 80/200 发现队列 600/600
[2026-07-30 01:12:24] [W-1]   用户 MhdiTaheri 共查 12 个仓库
[2026-07-30 01:12:24] [W-1]   父仓库 +1066 个节点
[2026-07-30 01:12:24] [W-3] 🗑️  发现队列满，丢弃 hoyien/BestCFip
[2026-07-30 01:12:25] [W-1] 👤 遍历用户仓库: AtenaPV
[2026-07-30 01:12:26] [W-1]   用户 AtenaPV 共查 0 个仓库
[2026-07-30 01:12:26] [W-1] ✅ 完成 AtenaPV/V2rayCollector (+1066 节点)
[2026-07-30 01:12:26] [W-1] 🔧 开始处理 AtenaPV/Daily-P
[2026-07-30 01:12:26] [W-1] ⏭️ 仓库 https://github.com/AtenaPV/Daily-P 76h 未更新，跳过解析（追踪 fork 链）
[2026-07-30 01:12:26] [W-1] 🔗 查子仓库: AtenaPV/Daily-P
[2026-07-30 01:12:26] [W-1] 🔗 开始 Fork 链追踪 (AtenaPV/Daily-P)
[2026-07-30 01:12:26] [W-1]   父仓库: Pxys-io/proxylistdaily
[2026-07-30 01:12:26] [W-1] 仓库 https://github.com/Pxys-io/proxylistdaily (分支: main, size: 42530KB, pushed: 2026-07-29T14:16:31Z)
[2026-07-30 01:12:27] [W-1] 仓库 https://github.com/Pxys-io/proxylistdaily 候选文件 3 个
[2026-07-30 01:12:28] README (Pxys-io/proxylistdaily) 404，跳过
[2026-07-30 01:12:28] [W-1] 仓库 https://github.com/Pxys-io/proxylistdaily 未提取到节点，加入黑名单
[2026-07-30 01:12:28] [W-1]   父仓库 +0 个节点
[2026-07-30 01:12:34] [W-0] 🗑️  发现队列满，丢弃 Moekyawaung/Proxify
[2026-07-30 01:13:24] [W-3] 🗑️  发现队列满，丢弃 ifelse01-debug/BestCFip
[2026-07-30 01:13:26] [W-2] 🗑️  发现队列满，丢弃 cmx183729/CloudflareIPcmx123
[2026-07-30 01:13:26] [W-2]   🍴 子仓库: 30 个 → 主队列 80/200 发现队列 600/600
[2026-07-30 01:13:26] [W-2] 🔗 开始 Fork 链追踪 (gslege/CloudflareIP)
[2026-07-30 01:13:26] [W-2] 👤 遍历用户仓库: gslege
[2026-07-30 01:13:28] [W-1] 🗑️  发现队列满，丢弃 PENZA84/proxylistdaily
[2026-07-30 01:13:34] [W-0] 🗑️  发现队列满，丢弃 H1d3r/Proxylist
[2026-07-30 01:14:24] [W-3] 🗑️  发现队列满，丢弃 xsheng2/BestCFip
[2026-07-30 01:14:27] [W-2] 🗑️  发现队列满，丢弃 gslege/CloudflareIP
[2026-07-30 01:14:28] [W-1] 🗑️  发现队列满，丢弃 Rezlify/Daily-PList
[2026-07-30 01:14:28] [W-1]   🍴 兄弟仓库: 2 个 → 主队列 80/200 发现队列 600/600
[2026-07-30 01:14:28] [W-1] 👤 遍历用户仓库: AtenaPV
[2026-07-30 01:14:29] [W-1]   用户 AtenaPV 共查 0 个仓库
[2026-07-30 01:14:29] [W-1] ✅ 完成 AtenaPV/Daily-P (+0 节点)
[2026-07-30 01:14:29] [W-1] 🔧 开始处理 AtenaPV/PL5
[2026-07-30 01:14:29] [W-1] ⏭️ 仓库 https://github.com/AtenaPV/PL5 71h 未更新，跳过解析（追踪 fork 链）
[2026-07-30 01:14:29] [W-1] 🔗 查子仓库: AtenaPV/PL5
[2026-07-30 01:14:29] [W-1] 🔗 开始 Fork 链追踪 (AtenaPV/PL5)
[2026-07-30 01:14:29] [W-1]   父仓库: proxifly/free-proxy-list
[2026-07-30 01:14:29] [W-1] 仓库在黑名单中: https://github.com/proxifly/free-proxy-list
[2026-07-30 01:14:29] [W-1]   父仓库 +0 个节点
[2026-07-30 01:15:24] [W-3] 🗑️  发现队列满，丢弃 laoxinwu/BestCFip
[2026-07-30 01:15:27] [W-2] 🗑️  发现队列满，丢弃 gslege/yzlege
[2026-07-30 01:15:29] [W-0] 🗑️  发现队列满，丢弃 hamedp-71/Proxify
[2026-07-30 01:15:31] [W-1] 🗑️  发现队列满，丢弃 asdf243dsfa/free-proxy-list
[2026-07-30 01:16:24] [W-3] 🗑️  发现队列满，丢弃 937802505/BestCFip
[2026-07-30 01:16:27] [W-2] 🗑️  发现队列满，丢弃 gslege/galaxy2
[2026-07-30 01:16:29] [W-0] 🗑️  发现队列满，丢弃 rezazza65-rgb/P
[2026-07-30 01:16:31] [W-1] 🗑️  发现队列满，丢弃 GeKoQ/free-proxy-list
[2026-07-30 01:17:24] [W-3] 🗑️  发现队列满，丢弃 HDS168/BestCFip
[2026-07-30 01:17:27] [W-2] 🗑️  发现队列满，丢弃 gslege/edgetunnel
[2026-07-30 01:17:29] [W-0] 🗑️  发现队列满，丢弃 Rezlify/Proxify
[2026-07-30 01:17:31] [W-1] 🗑️  发现队列满，丢弃 wjh040107/free-proxy-list
[2026-07-30 01:18:24] [W-3] 🗑️  发现队列满，丢弃 joeshinoda/BestCFip
[2026-07-30 01:18:27] [W-2] 🗑️  发现队列满，丢弃 gslege/AI
[2026-07-30 01:18:29] [W-0] 🗑️  发现队列满，丢弃 DeimosDeployed/Proxify
[2026-07-30 01:18:31] [W-1] 🗑️  发现队列满，丢弃 cashnenc-web/free-proxy-list
[2026-07-30 01:19:24] [W-3] 🗑️  发现队列满，丢弃 zmivip/BestCFip
[2026-07-30 01:19:24] [W-3]   🍴 兄弟仓库: 30 个 → 主队列 80/200 发现队列 600/600
[2026-07-30 01:19:24] [W-3] 👤 遍历用户仓库: AtenaPV
[2026-07-30 01:19:25] [W-3]   用户 AtenaPV 共查 0 个仓库
[2026-07-30 01:19:25] [W-3] ✅ 完成 AtenaPV/BestCFip (+736 节点)
[2026-07-30 01:19:25] [W-3] 🔧 开始处理 AtenaPV/Main-DB
[2026-07-30 01:19:25] [W-3] ⏭️ 仓库 https://github.com/AtenaPV/Main-DB 85h 未更新，跳过解析（追踪 fork 链）
[2026-07-30 01:19:25] [W-3] 🔗 查子仓库: AtenaPV/Main-DB
[2026-07-30 01:19:25] [W-3] 🔗 开始 Fork 链追踪 (AtenaPV/Main-DB)
[2026-07-30 01:19:25] [W-3]   父仓库: LoneKingCode/free-proxy-db
[2026-07-30 01:19:25] [W-3] ⏭️ 仓库 https://github.com/LoneKingCode/free-proxy-db 85h 未更新，跳过解析（追踪 fork 链）
[2026-07-30 01:19:25] [W-3] 🔗 查子仓库: LoneKingCode/free-proxy-db
[2026-07-30 01:19:29] [W-0] 🗑️  发现队列满，丢弃 luochen1975/Firmfox_Proxify
[2026-07-30 01:19:31] [W-1] 🗑️  发现队列满，丢弃 osombra/free-proxy-list
[2026-07-30 01:20:25] [W-2] 🗑️  发现队列满，丢弃 gslege/nav
[2026-07-30 01:20:26] [W-3] 🗑️  发现队列满，丢弃 dexterresurrection/free-proxy-db
[2026-07-30 01:20:29] [W-0] 🗑️  发现队列满，丢弃 alikhoshi2024/Proxify
[2026-07-30 01:20:31] [W-1] 🗑️  发现队列满，丢弃 Baobei321/-free-proxy-list
[2026-07-30 01:21:25] [W-2] 🗑️  发现队列满，丢弃 gslege/AI-xuangu
[2026-07-30 01:21:26] [W-3] 🗑️  发现队列满，丢弃 vitaly-s/free-proxy-db
[2026-07-30 01:21:29] [W-0] 🗑️  发现队列满，丢弃 rezagheisari/Proxify
[2026-07-30 01:21:31] [W-1] 🗑️  发现队列满，丢弃 wakenyacrypto-cell/free-proxy-list
[2026-07-30 01:22:25] [W-2] 🗑️  发现队列满，丢弃 gslege/smail
[2026-07-30 01:22:26] [W-3] 🗑️  发现队列满，丢弃 liyan-bit/free-proxy-db
[2026-07-30 01:22:26] [W-3]   🍴 子仓库: 3 个 → 主队列 80/200 发现队列 600/600
[2026-07-30 01:22:26] [W-3] 🔗 开始 Fork 链追踪 (LoneKingCode/free-proxy-db)
[2026-07-30 01:22:26] [W-3] 👤 遍历用户仓库: LoneKingCode
[2026-07-30 01:22:29] [W-0] 🗑️  发现队列满，丢弃 gglluukk/Proxify
[2026-07-30 01:22:31] [W-1] 🗑️  发现队列满，丢弃 SeDu-coder/free-proxy-list
[2026-07-30 01:23:25] [W-2] 🗑️  发现队列满，丢弃 gslege/Solara
[2026-07-30 01:23:27] [W-3] 🗑️  发现队列满，丢弃 LoneKingCode/jishiyu
[2026-07-30 01:23:29] [W-0] 🗑️  发现队列满，丢弃 zhuqq2020/Proxify
[2026-07-30 01:23:31] [W-1] 🗑️  发现队列满，丢弃 thingiskhankou-dotcom/free-proxy-list
[2026-07-30 01:24:25] [W-2] 🗑️  发现队列满，丢弃 gslege/bd
[2026-07-30 01:24:27] [W-3] 🗑️  发现队列满，丢弃 LoneKingCode/free-proxy-db
[2026-07-30 01:24:29] [W-0] 🗑️  发现队列满，丢弃 Egida/Proxify
[2026-07-30 01:24:31] [W-1] 🗑️  发现队列满，丢弃 3RichPips/free-proxy-list
[2026-07-30 01:25:25] [W-2] 🗑️  发现队列满，丢弃 gslege/SubsTracker
[2026-07-30 01:25:27] [W-3] 🗑️  发现队列满，丢弃 LoneKingCode/notion-backup
[2026-07-30 01:25:29] [W-0] 🗑️  发现队列满，丢弃 yoyongmsb/Proxify
[2026-07-30 01:25:31] [W-1] 🗑️  发现队列满，丢弃 uc9uc9/free-proxy-list
[2026-07-30 01:26:25] [W-2] 🗑️  发现队列满，丢弃 gslege/cloud-mail
[2026-07-30 01:26:27] [W-3] 🗑️  发现队列满，丢弃 LoneKingCode/NotionNext
[2026-07-30 01:26:29] [W-0] 🗑️  发现队列满，丢弃 arraya20/Proxify
[2026-07-30 01:26:31] [W-1] 🗑️  发现队列满，丢弃 KerwinChina/free-proxy-list
[2026-07-30 01:27:25] [W-2] 🗑️  发现队列满，丢弃 gslege/cfnew
[2026-07-30 01:27:27] [W-3] 🗑️  发现队列满，丢弃 LoneKingCode/tlbb
[2026-07-30 01:27:29] [W-0] 🗑️  发现队列满，丢弃 tslwyfy1202/Proxify
[2026-07-30 01:27:31] [W-1] 🗑️  发现队列满，丢弃 yangshengxi/free-proxy-list
[2026-07-30 01:28:25] [W-2] 🗑️  发现队列满，丢弃 gslege/Cloudflare-Vless
[2026-07-30 01:28:27] [W-3] 🗑️  发现队列满，丢弃 LoneKingCode/tlbb_server
[2026-07-30 01:28:29] [W-0] 🗑️  发现队列满，丢弃 NullMeDev/Proxify
[2026-07-30 01:28:31] [W-1] 🗑️  发现队列满，丢弃 307djy/free-proxy-list
[2026-07-30 01:29:25] [W-2] 🗑️  发现队列满，丢弃 gslege/Senflare-IP
[2026-07-30 01:29:27] [W-3] 🗑️  发现队列满，丢弃 LoneKingCode/tlbb_client
[2026-07-30 01:29:29] [W-0] 🗑️  发现队列满，丢弃 yuntin908/Proxify
[2026-07-30 01:29:29] [W-0]   🍴 子仓库: 18 个 → 主队列 80/200 发现队列 600/600
[2026-07-30 01:29:29] [W-0] 🔗 开始 Fork 链追踪 (Firmfox/Proxify)
[2026-07-30 01:29:29] [W-0] 👤 遍历用户仓库: Firmfox
[2026-07-30 01:29:29] [W-0]   用户 Firmfox 共查 0 个仓库
[2026-07-30 01:29:29] [W-0]   父仓库 +736 个节点
[2026-07-30 01:29:30] [W-0] 👤 遍历用户仓库: AtenaPV
[2026-07-30 01:29:31] [W-0]   用户 AtenaPV 共查 0 个仓库
[2026-07-30 01:29:31] [W-0] ✅ 完成 AtenaPV/Poxify (+736 节点)
[2026-07-30 01:29:31] [W-0] 🔧 开始处理 AtenaPV/VPSR
[2026-07-30 01:29:31] [W-0] ⏭️ 仓库 https://github.com/AtenaPV/VPSR 87h 未更新，跳过解析（追踪 fork 链）
[2026-07-30 01:29:31] [W-0] 🔗 查子仓库: AtenaPV/VPSR
[2026-07-30 01:29:31] [W-0] 🔗 开始 Fork 链追踪 (AtenaPV/VPSR)
[2026-07-30 01:29:31] [W-0]   父仓库: the-furry-hubofeverything/vps-ranges
[2026-07-30 01:29:31] [W-0] ⏭️ 仓库 https://github.com/the-furry-hubofeverything/vps-ranges 87h 未更新，跳过解析（追踪 fork 链）
[2026-07-30 01:29:31] [W-0] 🔗 查子仓库: the-furry-hubofeverything/vps-ranges
[2026-07-30 01:30:25] [W-2] 🗑️  发现队列满，丢弃 gslege/LibreTV
[2026-07-30 01:30:27] [W-3] 🗑️  发现队列满，丢弃 LoneKingCode/chinaunicom-AutoSignMachine
[2026-07-30 01:30:27] [W-3]   👤 用户仓库: 8 个 → 主队列 80/200 发现队列 600/600
[2026-07-30 01:30:27] [W-3]   用户 LoneKingCode 共查 8 个仓库
[2026-07-30 01:30:27] [W-3]   父仓库 +0 个节点
[2026-07-30 01:30:27] [W-3] 👤 遍历用户仓库: AtenaPV
[2026-07-30 01:30:28] [W-3]   用户 AtenaPV 共查 0 个仓库
[2026-07-30 01:30:28] [W-3] ✅ 完成 AtenaPV/Main-DB (+0 节点)
[2026-07-30 01:30:28] [W-3] 🔧 开始处理 AtenaPV/VpnClashFaCollector
[2026-07-30 01:30:28] [W-3] ⏭️ 仓库 https://github.com/AtenaPV/VpnClashFaCollector 78h 未更新，跳过解析（追踪 fork 链）
[2026-07-30 01:30:28] [W-3] 🔗 查子仓库: AtenaPV/VpnClashFaCollector
[2026-07-30 01:30:28] [W-3] 🔗 开始 Fork 链追踪 (AtenaPV/VpnClashFaCollector)
[2026-07-30 01:30:29] [W-3]   父仓库: 10ium/VpnClashFaCollector
[2026-07-30 01:30:29] [W-3] 仓库 https://github.com/10ium/VpnClashFaCollector (分支: main, size: 1959563KB, pushed: 2026-07-29T12:04:20Z)
[2026-07-30 01:30:29] [W-3] 仓库 https://github.com/10ium/VpnClashFaCollector 候选文件较多 (3046 个)，先通过 commits API 过滤
[2026-07-30 01:30:31] [W-3]   Compare API 返回 300 个变更文件 (3 次 API 调用)
[2026-07-30 01:30:31] [W-3]   commits 过滤: 3046 → 245 (变更文件 300 个)
[2026-07-30 01:30:31] [W-3] 仓库 https://github.com/10ium/VpnClashFaCollector 候选文件 245 个
[2026-07-30 01:30:32] [W-0] 🗑️  发现队列满，丢弃 Rezlify/VPS-Ranges
[2026-07-30 01:30:32] [W-0]   🍴 子仓库: 1 个 → 主队列 80/200 发现队列 600/600
[2026-07-30 01:30:32] [W-0] 🔗 开始 Fork 链追踪 (the-furry-hubofeverything/vps-ranges)
[2026-07-30 01:30:32] [W-0] 👤 遍历用户仓库: the-furry-hubofeverything[2026-07-30 01:30:32] [ThreadPoolExecutor-844_14] 🔗 发现仓库链接 immaghzbad/AetherS (来源 https://raw.githubusercontent.com/10ium/VpnClashFaCollector/main/src/telegram/AzadNet/messages.txt)

[2026-07-30 01:30:32] [ThreadPoolExecutor-844_7] 🔗 发现仓库链接 rahgozar94725/MTProto-Checker (来源 https://raw.githubusercontent.com/10ium/VpnClashFaCollector/main/src/telegram/rahgozar94725_ip/messages.txt)
[2026-07-30 01:30:33] [ThreadPoolExecutor-844_8] 🔗 发现仓库链接 amnezia-vpn/amnezia-clien (来源 https://raw.githubusercontent.com/10ium/VpnClashFaCollector/main/src/telegram/An0nymousTeam/messages.txt)
[2026-07-30 01:30:33] repo info (immaghzbad/AetherS) 404，跳过
[2026-07-30 01:30:33] [ThreadPoolExecutor-844_13] 🔗 发现仓库链接 xchacha20-poly1305/hus (来源 https://raw.githubusercontent.com/10ium/VpnClashFaCollector/main/src/telegram/merlinvpn/messages.txt)
[2026-07-30 01:30:33] repo info (amnezia-vpn/amnezia-clien) 404，跳过
[2026-07-30 01:30:34] [ThreadPoolExecutor-844_14] 🔗 发现仓库链接 UnboundTechCo/defyxVP (来源 https://raw.githubusercontent.com/10ium/VpnClashFaCollector/main/src/telegram/beshkan/messages.txt)
[2026-07-30 01:30:34] [ThreadPoolExecutor-844_10] 🔗 发现仓库链接 CluvexStudio/Aether (来源 https://raw.githubusercontent.com/10ium/VpnClashFaCollector/main/src/telegram/ConfigWireguard/messages.txt)
[2026-07-30 01:30:34] repo info (xchacha20-poly1305/hus) 404，跳过
[2026-07-30 01:30:34] repo info (UnboundTechCo/defyxVP) 404，跳过
[2026-07-30 01:30:34] [ThreadPoolExecutor-844_4] 🔗 发现仓库链接 Happ-proxy/happ-deskto (来源 https://raw.githubusercontent.com/10ium/VpnClashFaCollector/main/src/telegram/Express_freevpn/messages.txt)
[2026-07-30 01:30:35] repo info (Happ-proxy/happ-deskto) 404，跳过
[2026-07-30 01:30:35] [ThreadPoolExecutor-844_4] 🔗 发现仓库链接 hiddify/hiddify-ap (来源 https://raw.githubusercontent.com/10ium/VpnClashFaCollector/main/src/telegram/Express_freevpn/messages.txt)
[2026-07-30 01:30:36] repo info (hiddify/hiddify-ap) 404，跳过
[2026-07-30 01:31:25] [W-2] 🗑️  发现队列满，丢弃 gslege/CDN
[2026-07-30 01:31:28] [W-1] 🗑️  发现队列满，丢弃 ruyi513/free-proxy-list
[2026-07-30 01:31:33] [W-0] 🗑️  发现队列满，丢弃 the-furry-hubofeverything/MineSweeperJS
[2026-07-30 01:31:34] [ThreadPoolExecutor-844_10] 🔗 发现仓库链接 heiher/hev-socks5-tunnel (来源 https://raw.githubusercontent.com/10ium/VpnClashFaCollector/main/src/telegram/ConfigWireguard/messages.txt)
[2026-07-30 01:32:25] [W-2] 🗑️  发现队列满，丢弃 gslege/wuxian-IP
[2026-07-30 01:32:28] [W-1] 🗑️  发现队列满，丢弃 epicDavid-private/free-proxy-list
[2026-07-30 01:32:33] [W-0] 🗑️  发现队列满，丢弃 the-furry-hubofeverything/hubble-systems
[2026-07-30 01:32:35] [ThreadPoolExecutor-844_10] 🔗 发现仓库链接 immaghzbad/AetherST (来源 https://raw.githubusercontent.com/10ium/VpnClashFaCollector/main/src/telegram/ConfigWireguard/messages.txt)
[2026-07-30 01:33:25] [W-2] 🗑️  发现队列满，丢弃 gslege/ECH
[2026-07-30 01:33:28] [W-1] 🗑️  发现队列满，丢弃 R4GN4R0K-SEC/free-proxy-list
[2026-07-30 01:33:33] [W-0] 🗑️  发现队列满，丢弃 the-furry-hubofeverything/vps-ranges
[2026-07-30 01:33:36] [W-3] 🔗 查子仓库: 10ium/VpnClashFaCollector
[2026-07-30 01:34:25] [W-2] 🗑️  发现队列满，丢弃 gslege/Senflare-DNS-IP
[2026-07-30 01:34:28] [W-1] 🗑️  发现队列满，丢弃 QurolVoV/free-proxy-list
[2026-07-30 01:34:33] [W-0] 🗑️  发现队列满，丢弃 the-furry-hubofeverything/kodas-time-scheduler
[2026-07-30 01:34:37] [W-3] 🗑️  发现队列满，丢弃 10Dream/VpnClashFaCollector
[2026-07-30 01:35:25] [W-2] 🗑️  发现队列满，丢弃 gslege/BPB-Worker-Panel
[2026-07-30 01:35:28] [W-1] 🗑️  发现队列满，丢弃 nathanielrotschilds-creator/free-proxy-list
[2026-07-30 01:35:33] [W-0] 🗑️  发现队列满，丢弃 the-furry-hubofeverything/gulo-industries-pack
[2026-07-30 01:35:37] [W-3] 🗑️  发现队列满，丢弃 hamedkhamis/VpnClashFaCollector
[2026-07-30 01:36:25] [W-2] 🗑️  发现队列满，丢弃 gslege/CloudNav
[2026-07-30 01:36:28] [W-1] 🗑️  发现队列满，丢弃 Vien797/free-proxy-list
[2026-07-30 01:36:33] [W-0] 🗑️  发现队列满，丢弃 the-furry-hubofeverything/Create
[2026-07-30 01:36:37] [W-3] 🗑️  发现队列满，丢弃 quentin10coldwater/VpnClashFaCollector
[2026-07-30 01:37:25] [W-2] 🗑️  发现队列满，丢弃 gslege/cf-vless-st
[2026-07-30 01:37:28] [W-1] 🗑️  发现队列满，丢弃 kotinatormcschurtz/free-proxy-list
[2026-07-30 01:37:33] [W-0] 🗑️  发现队列满，丢弃 the-furry-hubofeverything/create-missiles
[2026-07-30 01:37:37] [W-3] 🗑️  发现队列满，丢弃 ahooee/VpnClashFaCollector
[2026-07-30 01:38:25] [W-2] 🗑️  发现队列满，丢弃 gslege/cf2dns
[2026-07-30 01:38:28] [W-1] 🗑️  发现队列满，丢弃 phntmzn/free-proxy-list
[2026-07-30 01:38:33] [W-0] 🗑️  发现队列满，丢弃 the-furry-hubofeverything/the-furry-hubofeverything.github.io
[2026-07-30 01:38:37] [W-3] 🗑️  发现队列满，丢弃 asarehfar/VpnClashFaCollector
[2026-07-30 01:39:25] [W-2] 🗑️  发现队列满，丢弃 gslege/node-ws
[2026-07-30 01:39:25] [W-2]   👤 用户仓库: 26 个 → 主队列 80/200 发现队列 600/600
[2026-07-30 01:39:25] [W-2]   用户 gslege 共查 26 个仓库
[2026-07-30 01:39:25] [W-2]   父仓库 +1089 个节点
[2026-07-30 01:39:28] [W-1] 🗑️  发现队列满，丢弃 Vyacheslav01/free-proxy-list
[2026-07-30 01:39:33] [W-0] 🗑️  发现队列满，丢弃 the-furry-hubofeverything/SnekStudio
[2026-07-30 01:39:37] [W-3] 🗑️  发现队列满，丢弃 barzakh110-png/VpnClashFaCollector
[2026-07-30 01:40:26] [W-2] 🗑️  发现队列满，丢弃 jamesmaster9886/CloudflareIP
[2026-07-30 01:40:28] [W-1] 🗑️  发现队列满，丢弃 DonTupa/free-proxy-list
[2026-07-30 01:40:33] [W-0] 🗑️  发现队列满，丢弃 the-furry-hubofeverything/telegram-plans-bot
[2026-07-30 01:40:37] [W-3] 🗑️  发现队列满，丢弃 omideshoonam-arch/VpnClashFaCollector
[2026-07-30 01:41:26] [W-2] 🗑️  发现队列满，丢弃 zxc125643/CloudflareIP
[2026-07-30 01:41:28] [W-1] 🗑️  发现队列满，丢弃 saucelivey/free-proxy-list
[2026-07-30 01:41:33] [W-0] 🗑️  发现队列满，丢弃 the-furry-hubofeverything/impart
[2026-07-30 01:41:37] [W-3] 🗑️  发现队列满，丢弃 nimaref/VpnClashFaCollector
[2026-07-30 01:42:26] [W-2] 🗑️  发现队列满，丢弃 Theodoo/CloudflareIP
[2026-07-30 01:42:28] [W-1] 🗑️  发现队列满，丢弃 win12341234/free-proxy-list
[2026-07-30 01:42:33] [W-0] 🗑️  发现队列满，丢弃 the-furry-hubofeverything/workshop-avatar-support
[2026-07-30 01:42:37] [W-3] 🗑️  发现队列满，丢弃 behzad-ordubadi/VpnClashFaCollector
[2026-07-30 01:43:26] [W-2] 🗑️  发现队列满，丢弃 Sleepy1195/CloudflareIP
[2026-07-30 01:43:28] [W-1] 🗑️  发现队列满，丢弃 babar0081/free-proxy-list
[2026-07-30 01:43:33] [W-0] 🗑️  发现队列满，丢弃 the-furry-hubofeverything/nix-warez
[2026-07-30 01:43:37] [W-3] 🗑️  发现队列满，丢弃 pedramabaspooor-cpu/VpnClashFaCollector
[2026-07-30 01:44:26] [W-2] 🗑️  发现队列满，丢弃 nagelea/CloudflareIP
[2026-07-30 01:44:28] [W-1] 🗑️  发现队列满，丢弃 RexRexRexx/free-proxy-list
[2026-07-30 01:44:28] [W-1]   🍴 兄弟仓库: 30 个 → 主队列 80/200 发现队列 600/600
[2026-07-30 01:44:28] [W-1] 👤 遍历用户仓库: AtenaPV
[2026-07-30 01:44:29] [W-1]   用户 AtenaPV 共查 0 个仓库
[2026-07-30 01:44:29] [W-1] ✅ 完成 AtenaPV/PL5 (+338 节点)
[2026-07-30 01:44:29] [W-1] 🔧 开始处理 AtenaPV/Sub-Sync
[2026-07-30 01:44:29] [W-1] ⏭️ 仓库 https://github.com/AtenaPV/Sub-Sync 100h 未更新，跳过解析（追踪 fork 链）
[2026-07-30 01:44:29] [W-1] 🔗 查子仓库: AtenaPV/Sub-Sync
[2026-07-30 01:44:29] [W-1] 🔗 开始 Fork 链追踪 (AtenaPV/Sub-Sync)
[2026-07-30 01:44:29] [W-1]   父仓库: sevcator/5ubscrpt10n
[2026-07-30 01:44:37] [W-3] 🗑️  发现队列满，丢弃 Rezlify/ClashFa
[2026-07-30 01:45:26] [W-2] 🗑️  发现队列满，丢弃 Rezlify/CF-Config-Worker
[2026-07-30 01:45:29] [W-0] 🗑️  发现队列满，丢弃 the-furry-hubofeverything/EditUITemplate
[2026-07-30 01:45:30] [W-1] 🗑️  发现队列满，丢弃 tslwyfy1202/5ubscrpt10n
[2026-07-30 01:45:37] [W-3] 🗑️  发现队列满，丢弃 NyxPV/VpnClashFaCollector
[2026-07-30 01:45:37] [W-3]   🍴 子仓库: 12 个 → 主队列 80/200 发现队列 600/600
[2026-07-30 01:45:37] [W-3] 🔗 开始 Fork 链追踪 (10ium/VpnClashFaCollector)
[2026-07-30 01:45:37] [W-3] 👤 遍历用户仓库: 10ium
[2026-07-30 01:46:26] [W-2] 🗑️  发现队列满，丢弃 xsyszf/gslege-Cloudflare-IP
[2026-07-30 01:46:29] [W-0] 🗑️  发现队列满，丢弃 the-furry-hubofeverything/VRCFury
[2026-07-30 01:46:30] [W-1] 🗑️  发现队列满，丢弃 hongjingeng/5ubscrpt10n
[2026-07-30 01:46:40] [W-3] 🗑️  发现队列满，丢弃 10ium/suspicious-config-filter
[2026-07-30 01:47:26] [W-2] 🗑️  发现队列满，丢弃 luckycocogao/CloudflareIP
[2026-07-30 01:47:29] [W-0] 🗑️  发现队列满，丢弃 the-furry-hubofeverything/musnix
[2026-07-30 01:47:30] [W-1] 🗑️  发现队列满，丢弃 AresPV/5ubscrpt10n
[2026-07-30 01:47:40] [W-3] 🗑️  发现队列满，丢弃 10ium/V2ray-Config
[2026-07-30 01:48:26] [W-2] 🗑️  发现队列满，丢弃 a97083435/CloudflareIP
[2026-07-30 01:48:29] [W-0] 🗑️  发现队列满，丢弃 the-furry-hubofeverything/sops-nix
[2026-07-30 01:48:30] [W-1] 🗑️  发现队列满，丢弃 HeraPV/WorldWide-Sub
[2026-07-30 01:48:40] [W-3] 🗑️  发现队列满，丢弃 10ium/multi-proxy-config-fetcher
[2026-07-30 01:49:26] [W-2] 🗑️  发现队列满，丢弃 hosonzuo8848/CloudflareIP
[2026-07-30 01:49:29] [W-0] 🗑️  发现队列满，丢弃 the-furry-hubofeverything/nixos-artwork
[2026-07-30 01:49:30] [W-1] 🗑️  发现队列满，丢弃 hahaer520/5ubscrpt10n
[2026-07-30 01:49:40] [W-3] 🗑️  发现队列满，丢弃 10ium/HiN-VPN
[2026-07-30 01:50:26] [W-2] 🗑️  发现队列满，丢弃 Iceman717/CloudflareIP
[2026-07-30 01:50:29] [W-0] 🗑️  发现队列满，丢弃 the-furry-hubofeverything/super-apply-modifier
[2026-07-30 01:50:30] [W-1] 🗑️  发现队列满，丢弃 vsevolobo/5ubscrpt10n
[2026-07-30 01:50:40] [W-3] 🗑️  发现队列满，丢弃 10ium/VpnClashFaCollector
[2026-07-30 01:51:26] [W-2] 🗑️  发现队列满，丢弃 jubaoyuou-stack/CloudflareIP
[2026-07-30 01:51:29] [W-0] 🗑️  发现队列满，丢弃 the-furry-hubofeverything/website
[2026-07-30 01:51:30] [W-1] 🗑️  发现队列满，丢弃 timelapse4/5ub
[2026-07-30 01:51:40] [W-3] 🗑️  发现队列满，丢弃 10ium/V2rayCollectorLite
[2026-07-30 01:52:26] [W-2] 🗑️  发现队列满，丢弃 xiaoddong/CloudflareIP
[2026-07-30 01:52:29] [W-0] 🗑️  发现队列满，丢弃 the-furry-hubofeverything/nurl
[2026-07-30 01:52:30] [W-1] 🗑️  发现队列满，丢弃 PENZA84/5ubscrpt10n
[2026-07-30 01:52:40] [W-3] 🗑️  发现队列满，丢弃 10ium/V2Hub3
[2026-07-30 01:53:26] [W-2] 🗑️  发现队列满，丢弃 goodook/CloudflareIP
[2026-07-30 01:53:29] [W-0] 🗑️  发现队列满，丢弃 the-furry-hubofeverything/nixos-hardware
[2026-07-30 01:53:30] [W-1] 🗑️  发现队列满，丢弃 Mahdi8080r/5ubscrpt10n
[2026-07-30 01:53:40] [W-3] 🗑️  发现队列满，丢弃 10ium/subconverter
[2026-07-30 01:54:26] [W-2] 🗑️  发现队列满，丢弃 shankesss/CloudflareIP
[2026-07-30 01:54:26] [W-2]   🍴 兄弟仓库: 15 个 → 主队列 80/200 发现队列 600/600
[2026-07-30 01:54:26] [W-2] 👤 遍历用户仓库: AtenaPV
[2026-07-30 01:54:27] [W-2]   用户 AtenaPV 共查 0 个仓库
[2026-07-30 01:54:27] [W-2] ✅ 完成 AtenaPV/CloudflareIP (+1089 节点)
[2026-07-30 01:54:27] [W-2] 🔧 开始处理 AtenaPV/PiP-Fetcher2
[2026-07-30 01:54:27] [W-2] ⚠️ 仓库 https://github.com/AtenaPV/PiP-Fetcher2 5690h 未更新，废弃 → 加入黑名单
[2026-07-30 01:54:27] [W-2] ✅ 完成 AtenaPV/PiP-Fetcher2 (+0 节点)
[2026-07-30 01:54:27] [W-2] 🔧 开始处理 AtenaPV/P-DB2
[2026-07-30 01:54:27] [W-2] ⚠️ 仓库 https://github.com/AtenaPV/P-DB2 3036h 未更新，废弃 → 加入黑名单
[2026-07-30 01:54:27] [W-2] ✅ 完成 AtenaPV/P-DB2 (+0 节点)
[2026-07-30 01:54:27] [W-2] 🔧 开始处理 AtenaPV/Emilia-PiP-Aggregator
[2026-07-30 01:54:27] [W-2] ⏭️ 仓库 https://github.com/AtenaPV/Emilia-PiP-Aggregator 77h 未更新，跳过解析（追踪 fork 链）
[2026-07-30 01:54:27] [W-2] 🔗 查子仓库: AtenaPV/Emilia-PiP-Aggregator
[2026-07-30 01:54:28] [W-2] 🔗 开始 Fork 链追踪 (AtenaPV/Emilia-PiP-Aggregator)
[2026-07-30 01:54:28] [W-2]   父仓库: papapapapdelesia/Emilia
[2026-07-30 01:54:28] [W-2] 仓库在黑名单中: https://github.com/papapapapdelesia/Emilia
[2026-07-30 01:54:28] [W-2]   父仓库 +0 个节点
[2026-07-30 01:55:27] [W-0] 🗑️  发现队列满，丢弃 the-furry-hubofeverything/fabric-server-optimizations
[2026-07-30 01:55:27] [W-1] 🗑️  发现队列满，丢弃 aigigi/5ubscrpt10n
[2026-07-30 01:55:27] [W-3] 🗑️  发现队列满，丢弃 10ium/telegram-configs-collector
[2026-07-30 01:55:29] [W-2] 🗑️  发现队列满，丢弃 keenturbo/Auto-Scan-Proxy-IP-ISP-For-Wolkers
[2026-07-30 01:56:27] [W-0] 🗑️  发现队列满，丢弃 the-furry-hubofeverything/login-service
[2026-07-30 01:56:27] [W-1] 🗑️  发现队列满，丢弃 disini/5ubscrpt10n
[2026-07-30 01:56:27] [W-3] 🗑️  发现队列满，丢弃 10ium/base64-encoder
[2026-07-30 01:56:29] [W-2] 🗑️  发现队列满，丢弃 yunxiaopan/Emilia
[2026-07-30 01:57:27] [W-0] 🗑️  发现队列满，丢弃 the-furry-hubofeverything/standalone
[2026-07-30 01:57:27] [W-1] 🗑️  发现队列满，丢弃 Amin710/5ubscrpt10n
[2026-07-30 01:57:27] [W-3] 🗑️  发现队列满，丢弃 10ium/dedup-configs
[2026-07-30 01:57:29] [W-2] 🗑️  发现队列满，丢弃 waited33/Emilia
[2026-07-30 01:58:27] [W-0] 🗑️  发现队列满，丢弃 the-furry-hubofeverything/java-edition
[2026-07-30 01:58:27] [W-1] 🗑️  发现队列满，丢弃 ahgu86/5ubscrpt10n
[2026-07-30 01:58:27] [W-3] 🗑️  发现队列满，丢弃 10ium/ScrapeAndCategorize
[2026-07-30 01:58:29] [W-2] 🗑️  发现队列满，丢弃 ziyosen/Emilia
[2026-07-30 01:59:27] [W-0] 🗑️  发现队列满，丢弃 the-furry-hubofeverything/sdk
[2026-07-30 01:59:27] [W-1] 🗑️  发现队列满，丢弃 luoqianyi/5ubscrpt10n
[2026-07-30 01:59:27] [W-3] 🗑️  发现队列满，丢弃 10ium/V2rayCollector
[2026-07-30 01:59:29] [W-2] 🗑️  发现队列满，丢弃 evenluyy/yyyytest
[2026-07-30 02:00:27] [W-0] 🗑️  发现队列满，丢弃 the-furry-hubofeverything/PBJelly
[2026-07-30 02:00:27] [W-0]   👤 用户仓库: 30 个 → 主队列 80/200 发现队列 600/600
[2026-07-30 02:00:27] [W-0]   用户 the-furry-hubofeverything 共查 30 个仓库
[2026-07-30 02:00:27] [W-0]   父仓库 +338 个节点
[2026-07-30 02:00:27] [W-1] 🗑️  发现队列满，丢弃 lycsqq/5ubscrpt10n[2026-07-30 02:00:27] [W-3] 🗑️  发现队列满，丢弃 10ium/free-sub-link

[2026-07-30 02:00:28] [W-0] 👤 遍历用户仓库: AtenaPV
[2026-07-30 02:00:28] [W-0]   用户 AtenaPV 共查 0 个仓库
[2026-07-30 02:00:28] [W-0] ✅ 完成 AtenaPV/VPSR (+338 节点)
[2026-07-30 02:00:28] [W-0] 🔧 开始处理 AtenaPV/P-Aggregator2
[2026-07-30 02:00:28] [W-0] ⏭️ 仓库 https://github.com/AtenaPV/P-Aggregator2 76h 未更新，跳过解析（追踪 fork 链）
[2026-07-30 02:00:28] [W-0] 🔗 查子仓库: AtenaPV/P-Aggregator2
[2026-07-30 02:00:29] [W-0] 🔗 开始 Fork 链追踪 (AtenaPV/P-Aggregator2)
[2026-07-30 02:00:29] [W-0]   父仓库: mehdi-hexing/HTTP-PROXY
[2026-07-30 02:00:29] [W-0] 仓库 https://github.com/mehdi-hexing/HTTP-PROXY (分支: main, size: 9520KB, pushed: 2026-07-29T14:33:54Z)
[2026-07-30 02:00:29] [W-0] 仓库 https://github.com/mehdi-hexing/HTTP-PROXY 候选文件较多 (272 个)，先通过 commits API 过滤
[2026-07-30 02:00:30] [W-0]   Compare API 返回 300 个变更文件 (3 次 API 调用)
[2026-07-30 02:00:30] [W-0]   commits 过滤: 272 → 148 (变更文件 300 个)
[2026-07-30 02:00:30] [W-0] 仓库 https://github.com/mehdi-hexing/HTTP-PROXY 候选文件 148 个
[2026-07-30 02:00:34] [W-0] 仓库 https://github.com/mehdi-hexing/HTTP-PROXY 未提取到节点，加入黑名单
[2026-07-30 02:00:34] [W-0]   父仓库 +0 个节点
[2026-07-30 02:01:27] [W-1] 🗑️  发现队列满，丢弃 110120911/5ubscrpt10n[2026-07-30 02:01:27] [W-3] 🗑️  发现队列满，丢弃 10ium/Public-DNS-Collector

[2026-07-30 02:01:28] [W-2] 🗑️  发现队列满，丢弃 Lemon199080/Scan
[2026-07-30 02:01:34] [W-0] 🗑️  发现队列满，丢弃 Rezlify/4-Proxy-Lib
[2026-07-30 02:01:34] [W-0]   🍴 兄弟仓库: 1 个 → 主队列 80/200 发现队列 600/600
[2026-07-30 02:01:34] [W-0] 👤 遍历用户仓库: AtenaPV
[2026-07-30 02:01:35] [W-0]   用户 AtenaPV 共查 0 个仓库
[2026-07-30 02:01:35] [W-0] ✅ 完成 AtenaPV/P-Aggregator2 (+0 节点)
[2026-07-30 02:01:35] [W-0] 🔧 开始处理 AtenaPV/P-DB
[2026-07-30 02:01:35] [W-0] ⏭️ 仓库 https://github.com/AtenaPV/P-DB 73h 未更新，跳过解析（追踪 fork 链）
[2026-07-30 02:01:35] [W-0] 🔗 查子仓库: AtenaPV/P-DB
[2026-07-30 02:01:36] [W-0] 🔗 开始 Fork 链追踪 (AtenaPV/P-DB)
[2026-07-30 02:01:36] [W-0]   父仓库: mauricegift/free-proxies
[2026-07-30 02:01:36] [W-0] 仓库在黑名单中: https://github.com/mauricegift/free-proxies
[2026-07-30 02:01:36] [W-0]   父仓库 +0 个节点
[2026-07-30 02:02:27] [W-1] 🗑️  发现队列满，丢弃 dexterresurrection/5ubscrpt10n
[2026-07-30 02:02:28] [W-2] 🗑️  发现队列满，丢弃 Niming-G/Proxy-IP1
[2026-07-30 02:02:35] [W-3] 🗑️  发现队列满，丢弃 10ium/XrayMultiTest
[2026-07-30 02:02:36] [W-0] 🗑️  发现队列满，丢弃 DotPaschal/free-proxies
[2026-07-30 02:03:27] [W-1] 🗑️  发现队列满，丢弃 shanhaiying/5ubscrpt10n
[2026-07-30 02:03:28] [W-2] 🗑️  发现队列满，丢弃 shizukumiray-hue/Emilia
[2026-07-30 02:03:35] [W-3] 🗑️  发现队列满，丢弃 10ium/Xray-Multi-Test
[2026-07-30 02:03:36] [W-0] 🗑️  发现队列满，丢弃 InvincibleBevan/free-proxies
[2026-07-30 02:04:27] [W-1] 🗑️  发现队列满，丢弃 olololok/5ubscrpt10k
[2026-07-30 02:04:28] [W-2] 🗑️  发现队列满，丢弃 whispin/TestRUST
[2026-07-30 02:04:35] [W-3] 🗑️  发现队列满，丢弃 10ium/Telegram-Proxy-Checker
[2026-07-30 02:04:36] [W-0] 🗑️  发现队列满，丢弃 DavidCyril1/free-proxies
[2026-07-30 02:05:27] [W-1] 🗑️  发现队列满，丢弃 CJHCSM/5ubscrpt10n
[2026-07-30 02:05:28] [W-2] 🗑️  发现队列满，丢弃 sierzhaozengxi2-boop/Emilia
[2026-07-30 02:05:35] [W-3] 🗑️  发现队列满，丢弃 10ium/free-config
[2026-07-30 02:05:36] [W-0] 🗑️  发现队列满，丢弃 Ismailmadini/free-proxies
[2026-07-30 02:06:27] [W-1] 🗑️  发现队列满，丢弃 afkelijah/khloefayewillard8
[2026-07-30 02:06:28] [W-2] 🗑️  发现队列满，丢弃 ddwx3399/Emilia
[2026-07-30 02:06:35] [W-3] 🗑️  发现队列满，丢弃 10ium/ConfigCollectorWindows
[2026-07-30 02:06:36] [W-0] 🗑️  发现队列满，丢弃 Rodgers4/Rodgers-free-proxies
[2026-07-30 02:07:27] [W-1] 🗑️  发现队列满，丢弃 Coil-Lab/5ubscrpt10n
[2026-07-30 02:07:27] [W-1]   🍴 兄弟仓库: 23 个 → 主队列 80/200 发现队列 600/600
[2026-07-30 02:07:27] [W-1] 👤 遍历用户仓库: AtenaPV
[2026-07-30 02:07:28] [W-1]   用户 AtenaPV 共查 0 个仓库
[2026-07-30 02:07:28] [W-1] ✅ 完成 AtenaPV/Sub-Sync (+0 节点)
[2026-07-30 02:07:28] [W-1] 🔧 开始处理 amir-rezaei/postcss
[2026-07-30 02:07:28] [W-1] ⏭️ 仓库 https://github.com/amir-rezaei/postcss 29h 未更新，跳过解析（追踪 fork 链）
[2026-07-30 02:07:28] [W-1] 🔗 查子仓库: amir-rezaei/postcss
[2026-07-30 02:07:28] [W-1] 🔗 开始 Fork 链追踪 (amir-rezaei/postcss)
[2026-07-30 02:07:29] [W-1]   父仓库: postcss/postcss
[2026-07-30 02:07:29] [W-1] 仓库 https://github.com/postcss/postcss (分支: main, size: 11353KB, pushed: 2026-07-29T14:06:32Z)
[2026-07-30 02:07:29] [W-1] 仓库 https://github.com/postcss/postcss 候选文件 26 个
[2026-07-30 02:07:29] [ThreadPoolExecutor-1239_7] 🔗 发现仓库链接 reworkcss/cs (来源 https://raw.githubusercontent.com/postcss/postcss/main/docs/architecture.md)
[2026-07-30 02:07:29] [ThreadPoolExecutor-1239_9] 🔗 发现仓库链接 postcss/postcss-scss (来源 https://raw.githubusercontent.com/postcss/postcss/main/docs/syntax.md)
[2026-07-30 02:07:29] [ThreadPoolExecutor-1239_14] 🔗 发现仓库链接 postcss/postcs (来源 https://raw.githubusercontent.com/postcss/postcss/main/package.json)
[2026-07-30 02:07:29] [ThreadPoolExecutor-1239_15] 🔗 发现仓库链接 sindresorhus/gulp-autoprefixer (来源 https://raw.githubusercontent.com/postcss/postcss/main/docs/guidelines/runner.md)
[2026-07-30 02:07:30] [ThreadPoolExecutor-1239_1] 🔗 发现仓库链接 postcss/autoprefixer (来源 https://raw.githubusercontent.com/postcss/postcss/main/docs/guidelines/plugin.md)
[2026-07-30 02:07:30] [ThreadPoolExecutor-1239_6] 🔗 发现仓库链接 postcss/postcss-plugin-boilerplate (来源 https://raw.githubusercontent.com/postcss/postcss/main/docs/writing-a-plugin.md)
[2026-07-30 02:07:30] [ThreadPoolExecutor-1239_3] 🔗 发现仓库链接 TrySound/postcss-inline-svg (来源 https://raw.githubusercontent.com/postcss/postcss/main/docs/README-cn.md)
[2026-07-30 02:07:30] [ThreadPoolExecutor-1239_12] 🔗 发现仓库链接 postcss/postcss (来源 https://raw.githubusercontent.com/postcss/postcss/main/README.md)
[2026-07-30 02:07:30] [ThreadPoolExecutor-1239_4] 🔗 发现仓库链接 postcss/postcss-plugin-context (来源 https://raw.githubusercontent.com/postcss/postcss/main/docs/plugins.md)
[2026-07-30 02:07:30] repo info (reworkcss/cs) 404，跳过
[2026-07-30 02:07:30] [ThreadPoolExecutor-1239_7] 🔗 发现仓库链接 babel/babe (来源 https://raw.githubusercontent.com/postcss/postcss/main/docs/architecture.md)
[2026-07-30 02:07:30] repo info (postcss/postcs) 404，跳过
[2026-07-30 02:07:30] [ThreadPoolExecutor-1239_14] 🔗 发现仓库链接 sponsors/ai (来源 https://raw.githubusercontent.com/postcss/postcss/main/package.json)
[2026-07-30 02:07:31] repo info (sponsors/ai) 404，跳过
[2026-07-30 02:07:31] repo info (babel/babe) 404，跳过
[2026-07-30 02:07:31] [ThreadPoolExecutor-1239_7] 🔗 发现仓库链接 csstree/csstree (来源 https://raw.githubusercontent.com/postcss/postcss/main/docs/architecture.md)
[2026-07-30 02:07:35] [W-3] 🗑️  发现队列满，丢弃 10ium/mihomo-configurator
[2026-07-30 02:07:36] [W-0] 🗑️  发现队列满，丢弃 durga3113/free-proxies
[2026-07-30 02:08:28] [W-2] 🗑️  发现队列满，丢弃 DeimosDeployed/Emilia-PiP-Scanner
[2026-07-30 02:08:30] [ThreadPoolExecutor-1239_15] 🔗 发现仓库链接 w0rm/gulp-postcss (来源 https://raw.githubusercontent.com/postcss/postcss/main/docs/guidelines/runner.md)
[2026-07-30 02:08:31] [ThreadPoolExecutor-1239_9] 🔗 发现仓库链接 postcss/postcss-safe-parser (来源 https://raw.githubusercontent.com/postcss/postcss/main/docs/syntax.md)
[2026-07-30 02:08:31] [ThreadPoolExecutor-1239_1] 🔗 发现仓库链接 cssnano/cssnano (来源 https://raw.githubusercontent.com/postcss/postcss/main/docs/guidelines/plugin.md)
[2026-07-30 02:08:31] [ThreadPoolExecutor-1239_6] 🔗 发现仓库链接 orgs/postcss (来源 https://raw.githubusercontent.com/postcss/postcss/main/docs/writing-a-plugin.md)
[2026-07-30 02:08:31] [ThreadPoolExecutor-1239_3] 🔗 发现仓库链接 jonathantneal/postcss-preset-env (来源 https://raw.githubusercontent.com/postcss/postcss/main/docs/README-cn.md)
[2026-07-30 02:08:31] [ThreadPoolExecutor-1239_12] 🔗 发现仓库链接 user-attachments/assets (来源 https://raw.githubusercontent.com/postcss/postcss/main/README.md)
[2026-07-30 02:08:31] [ThreadPoolExecutor-1239_4] 🔗 发现仓库链接 postcss/postcss-use (来源 https://raw.githubusercontent.com/postcss/postcss/main/docs/plugins.md)
[2026-07-30 02:08:31] repo info (orgs/postcss) 404，跳过
[2026-07-30 02:08:31] [ThreadPoolExecutor-1239_6] 🔗 发现仓库链接 larsenwork/postcss-easing-gradients (来源 https://raw.githubusercontent.com/postcss/postcss/main/docs/writing-a-plugin.md)
[2026-07-30 02:08:31] repo info (user-attachments/assets) 404，跳过
[2026-07-30 02:08:31] [ThreadPoolExecutor-1239_12] 🔗 发现仓库链接 csstools/postcss-plugin (来源 https://raw.githubusercontent.com/postcss/postcss/main/README.md)
[2026-07-30 02:08:32] repo info (csstools/postcss-plugin) 404，跳过
[2026-07-30 02:08:32] [ThreadPoolExecutor-1239_12] 🔗 发现仓库链接 gajus/react-css-modules (来源 https://raw.githubusercontent.com/postcss/postcss/main/README.md)
[2026-07-30 02:08:35] [W-3] 🗑️  发现队列满，丢弃 10ium/Windows-DNS-Tester
[2026-07-30 02:08:36] [W-0] 🗑️  发现队列满，丢弃 michaeanon/free-proxies
[2026-07-30 02:09:28] [W-2] 🗑️  发现队列满，丢弃 Rezlify/2-Emilia-PiP-Fetcher
[2026-07-30 02:09:31] [ThreadPoolExecutor-1239_15] 🔗 发现仓库链接 postcss/postcss-cli (来源 https://raw.githubusercontent.com/postcss/postcss/main/docs/guidelines/runner.md)
[2026-07-30 02:09:31] [ThreadPoolExecutor-1239_1] 🔗 发现仓库链接 postcss/postcss-mixins (来源 https://raw.githubusercontent.com/postcss/postcss/main/docs/guidelines/plugin.md)
[2026-07-30 02:09:31] [ThreadPoolExecutor-1239_9] 🔗 发现仓库链接 postcss/benchmark (来源 https://raw.githubusercontent.com/postcss/postcss/main/docs/syntax.md)
[2026-07-30 02:09:32] [ThreadPoolExecutor-1239_3] 🔗 发现仓库链接 maximkoretskiy/postcss-autoreset (来源 https://raw.githubusercontent.com/postcss/postcss/main/docs/README-cn.md)
[2026-07-30 02:09:32] [ThreadPoolExecutor-1239_4] 🔗 发现仓库链接 ismamz/postcss-utilities (来源 https://raw.githubusercontent.com/postcss/postcss/main/docs/plugins.md)
[2026-07-30 02:09:32] [ThreadPoolExecutor-1239_6] 🔗 发现仓库链接 postcss/postcss-dark-theme-class (来源 https://raw.githubusercontent.com/postcss/postcss/main/docs/writing-a-plugin.md)
[2026-07-30 02:09:33] [ThreadPoolExecutor-1239_12] 🔗 发现仓库链接 csstools/postcss-write-svg (来源 https://raw.githubusercontent.com/postcss/postcss/main/README.md)
[2026-07-30 02:09:35] [W-3] 🗑️  发现队列满，丢弃 10ium/MihomoSaz
[2026-07-30 02:09:36] [W-0] 🗑️  发现队列满，丢弃 Mayankjat005/free-proxies
[2026-07-30 02:10:28] [W-2] 🗑️  发现队列满，丢弃 avotccom/Emilia3
[2026-07-30 02:10:32] [ThreadPoolExecutor-1239_15] 🔗 发现仓库链接 borodean/postcss-assets (来源 https://raw.githubusercontent.com/postcss/postcss/main/docs/guidelines/runner.md)
[2026-07-30 02:10:32] [ThreadPoolExecutor-1239_9] 🔗 发现仓库链接 postcss/postcss-parser-tests (来源 https://raw.githubusercontent.com/postcss/postcss/main/docs/syntax.md)
[2026-07-30 02:10:32] [ThreadPoolExecutor-1239_1] 🔗 发现仓库链接 nodejs/LTS (来源 https://raw.githubusercontent.com/postcss/postcss/main/docs/guidelines/plugin.md)
[2026-07-30 02:10:33] [ThreadPoolExecutor-1239_3] 🔗 发现仓库链接 jonathantneal/postcss-write-svg (来源 https://raw.githubusercontent.com/postcss/postcss/main/docs/README-cn.md)
[2026-07-30 02:10:33] [ThreadPoolExecutor-1239_4] 🔗 发现仓库链接 h0tc0d3/postcss-hamster (来源 https://raw.githubusercontent.com/postcss/postcss/main/docs/plugins.md)
[2026-07-30 02:10:33] [ThreadPoolExecutor-1239_6] 🔗 发现仓库链接 luisrudge/postcss-flexbugs-fixes (来源 https://raw.githubusercontent.com/postcss/postcss/main/docs/writing-a-plugin.md)
[2026-07-30 02:10:34] [ThreadPoolExecutor-1239_12] 🔗 发现仓库链接 maximkoretskiy/postcss-initial (来源 https://raw.githubusercontent.com/postcss/postcss/main/README.md)
[2026-07-30 02:10:35] [W-3] 🗑️  发现队列满，丢弃 10ium/cloudflare-workers
[2026-07-30 02:10:36] [W-0] 🗑️  发现队列满，丢弃 Finjohns/free-proxies
[2026-07-30 02:11:28] [W-2] 🗑️  发现队列满，丢弃 Gendarxml/Emilia
[2026-07-30 02:11:33] [ThreadPoolExecutor-1239_15] 🔗 发现仓库链接 davidtheclark/postcss-log-warnings (来源 https://raw.githubusercontent.com/postcss/postcss/main/docs/guidelines/runner.md)
[2026-07-30 02:11:33] [ThreadPoolExecutor-1239_9] 🔗 发现仓库链接 postcss/postcss-scs (来源 https://raw.githubusercontent.com/postcss/postcss/main/docs/syntax.md)
[2026-07-30 02:11:34] repo info (postcss/postcss-scs) 404，跳过
[2026-07-30 02:11:34] [ThreadPoolExecutor-1239_4] 🔗 发现仓库链接 stylelint/stylelint (来源 https://raw.githubusercontent.com/postcss/postcss/main/docs/plugins.md)
[2026-07-30 02:11:34] [ThreadPoolExecutor-1239_1] 🔗 发现仓库链接 iamvdo/postcss-opacity (来源 https://raw.githubusercontent.com/postcss/postcss/main/docs/guidelines/plugin.md)
[2026-07-30 02:11:34] [ThreadPoolExecutor-1239_3] 🔗 发现仓库链接 2createStudio/postcss-sprites (来源 https://raw.githubusercontent.com/postcss/postcss/main/docs/README-cn.md)
[2026-07-30 02:11:35] [W-3] 🗑️  发现队列满，丢弃 10ium/LANSpark
[2026-07-30 02:11:36] [ThreadPoolExecutor-1239_6] 🔗 发现仓库链接 csstools/postcss-preset-env (来源 https://raw.githubusercontent.com/postcss/postcss/main/docs/writing-a-plugin.md)
[2026-07-30 02:11:36] [W-0] 🗑️  发现队列满，丢弃 shadowcompiler483/free-proxies
[2026-07-30 02:11:37] [ThreadPoolExecutor-1239_12] 🔗 发现仓库链接 outpunk/postcss-modules (来源 https://raw.githubusercontent.com/postcss/postcss/main/README.md)
[2026-07-30 02:12:28] [W-2] 🗑️  发现队列满，丢弃 stpdwrld/yu
[2026-07-30 02:12:34] [ThreadPoolExecutor-1239_15] 🔗 发现仓库链接 postcss/postcss-messages (来源 https://raw.githubusercontent.com/postcss/postcss/main/docs/guidelines/runner.md)
[2026-07-30 02:12:35] [ThreadPoolExecutor-1239_4] 🔗 发现仓库链接 seaneking/rucksack (来源 https://raw.githubusercontent.com/postcss/postcss/main/docs/plugins.md)
[2026-07-30 02:12:35] [W-3] 🗑️  发现队列满，丢弃 10ium/ClashFactory
[2026-07-30 02:12:35] [ThreadPoolExecutor-1239_3] 🔗 发现仓库链接 hudochenkov/postcss-sorting (来源 https://raw.githubusercontent.com/postcss/postcss/main/docs/README-cn.md)
[2026-07-30 02:12:36] [W-0] 🗑️  发现队列满，丢弃 keithnyukuri8/free-proxies
[2026-07-30 02:12:37] [ThreadPoolExecutor-1239_6] 🔗 发现仓库链接 postcss/postcss-100vh-fix (来源 https://raw.githubusercontent.com/postcss/postcss/main/docs/writing-a-plugin.md)
[2026-07-30 02:12:37] [ThreadPoolExecutor-1239_12] 🔗 发现仓库链接 csstools/postcss-font-magician (来源 https://raw.githubusercontent.com/postcss/postcss/main/README.md)
[2026-07-30 02:13:28] [W-2] 🗑️  发现队列满，丢弃 exball/Emilia
[2026-07-30 02:13:35] [W-3] 🗑️  发现队列满，丢弃 10ium/worker--Wizard
[2026-07-30 02:13:36] [ThreadPoolExecutor-1239_4] 🔗 发现仓库链接 stephenway/level4 (来源 https://raw.githubusercontent.com/postcss/postcss/main/docs/plugins.md)
[2026-07-30 02:13:36] [ThreadPoolExecutor-1239_3] 🔗 发现仓库链接 assetsjs/postcss-assets (来源 https://raw.githubusercontent.com/postcss/postcss/main/docs/README-cn.md)
[2026-07-30 02:13:36] [W-0] 🗑️  发现队列满，丢弃 agyaponggilbert150-dot/free-proxies
[2026-07-30 02:13:38] [ThreadPoolExecutor-1239_6] 🔗 发现仓库链接 postcss/postcss-nested (来源 https://raw.githubusercontent.com/postcss/postcss/main/docs/writing-a-plugin.md)
[2026-07-30 02:13:38] [ThreadPoolExecutor-1239_12] 🔗 发现仓库链接 ausi/cq-prolyfill (来源 https://raw.githubusercontent.com/postcss/postcss/main/README.md)
[2026-07-30 02:14:28] [W-2] 🗑️  发现队列满，丢弃 pashaee/Emilia
[2026-07-30 02:14:35] [W-3] 🗑️  发现队列满，丢弃 10ium/SNIScanner
[2026-07-30 02:14:35] [W-3]   👤 用户仓库: 30 个 → 主队列 80/200 发现队列 600/600
[2026-07-30 02:14:35] [W-3]   用户 10ium 共查 30 个仓库
[2026-07-30 02:14:35] [W-3]   父仓库 +338 个节点
[2026-07-30 02:14:36] [W-3] 👤 遍历用户仓库: AtenaPV
[2026-07-30 02:14:36] [W-3]   用户 AtenaPV 共查 0 个仓库
[2026-07-30 02:14:36] [W-3] ✅ 完成 AtenaPV/VpnClashFaCollector (+338 节点)
[2026-07-30 02:14:36] [W-3] 🔧 开始处理 amir-rezaei/open-design
[2026-07-30 02:14:36] [W-3] ⏭️ 仓库 https://github.com/amir-rezaei/open-design 29h 未更新，跳过解析（追踪 fork 链）
[2026-07-30 02:14:36] [W-3] 🔗 查子仓库: amir-rezaei/open-design
[2026-07-30 02:14:37] [W-3] 🔗 开始 Fork 链追踪 (amir-rezaei/open-design)
[2026-07-30 02:14:37] [W-3]   父仓库: nexu-io/open-design
[2026-07-30 02:14:37] [W-3] 仓库在黑名单中: https://github.com/nexu-io/open-design
[2026-07-30 02:14:37] [W-3]   父仓库 +0 个节点
[2026-07-30 02:14:37] [ThreadPoolExecutor-1239_4] 🔗 发现仓库链接 csstools/oldie (来源 https://raw.githubusercontent.com/postcss/postcss/main/docs/plugins.md)
[2026-07-30 02:14:37] [ThreadPoolExecutor-1239_3] 🔗 发现仓库链接 jonathantneal/postcss-font-magician (来源 https://raw.githubusercontent.com/postcss/postcss/main/docs/README-cn.md)
[2026-07-30 02:14:39] [ThreadPoolExecutor-1239_6] 🔗 发现仓库链接 w3c/csswg-draft (来源 https://raw.githubusercontent.com/postcss/postcss/main/docs/writing-a-plugin.md)
[2026-07-30 02:14:39] [ThreadPoolExecutor-1239_12] 🔗 发现仓库链接 postcss/postcss-url (来源 https://raw.githubusercontent.com/postcss/postcss/main/README.md)
[2026-07-30 02:14:39] repo info (w3c/csswg-draft) 404，跳过
[2026-07-30 02:14:39] [ThreadPoolExecutor-1239_6] 🔗 发现仓库链接 css-modules/css-modules (来源 https://raw.githubusercontent.com/postcss/postcss/main/docs/writing-a-plugin.md)
[2026-07-30 02:15:28] [W-2] 🗑️  发现队列满，丢弃 yumimayumi/Emilia
[2026-07-30 02:15:36] [W-0] 🗑️  发现队列满，丢弃 HencillCal/free-proxies
[2026-07-30 02:15:36] [W-0]   🍴 兄弟仓库: 14 个 → 主队列 80/200 发现队列 600/600
[2026-07-30 02:15:36] [W-0] 👤 遍历用户仓库: AtenaPV
[2026-07-30 02:15:37] [W-0]   用户 AtenaPV 共查 0 个仓库
[2026-07-30 02:15:37] [W-0] ✅ 完成 AtenaPV/P-DB (+0 节点)
[2026-07-30 02:15:37] [ThreadPoolExecutor-1239_4] 🔗 发现仓库链接 morishitter/atcss (来源 https://raw.githubusercontent.com/postcss/postcss/main/docs/plugins.md)[2026-07-30 02:15:37] [W-0] 🔧 开始处理 amir-rezaei/hyperframes

[2026-07-30 02:15:37] [W-0] ⏭️ 仓库 https://github.com/amir-rezaei/hyperframes 33h 未更新，跳过解析（追踪 fork 链）
[2026-07-30 02:15:37] [W-0] 🔗 查子仓库: amir-rezaei/hyperframes
[2026-07-30 02:15:38] [W-0] 🔗 开始 Fork 链追踪 (amir-rezaei/hyperframes)
[2026-07-30 02:15:38] [W-0]   父仓库: heygen-com/hyperframes
[2026-07-30 02:15:38] [W-0] 仓库在黑名单中: https://github.com/heygen-com/hyperframes
[2026-07-30 02:15:38] [W-0]   父仓库 +0 个节点
[2026-07-30 02:15:39] [W-3] 🗑️  发现队列满，丢弃 aresbit/autoagent-design
[2026-07-30 02:16:28] [W-2] 🗑️  发现队列满，丢弃 zhma48908/Emilia
[2026-07-30 02:16:39] [W-3] 🗑️  发现队列满，丢弃 sholajegede/open-design
[2026-07-30 02:16:39] [W-1] 仓库 https://github.com/postcss/postcss 未提取到节点，加入黑名单
[2026-07-30 02:16:39] [W-1]   父仓库 +0 个节点
[2026-07-30 02:16:40] [W-0] 🗑️  发现队列满，丢弃 smartaces/hyperframes
[2026-07-30 02:17:28] [W-2] 🗑️  发现队列满，丢弃 s1998ak/ProxyIsp
[2026-07-30 02:17:39] [W-3] 🗑️  发现队列满，丢弃 arupdas0825/open-design
[2026-07-30 02:17:40] [W-0] 🗑️  发现队列满，丢弃 WizardofTryout/hyperframes
[2026-07-30 02:17:41] [W-1] 🗑️  发现队列满，丢弃 yyx990803/postcss
[2026-07-30 02:18:28] [W-2] 🗑️  发现队列满，丢弃 penggik/Emilia
[2026-07-30 02:18:39] [W-3] 🗑️  发现队列满，丢弃 mvanhorn/open-design
[2026-07-30 02:18:40] [W-0] 🗑️  发现队列满，丢弃 feicaiclub/hyperframes
[2026-07-30 02:18:41] [W-1] 🗑️  发现队列满，丢弃 docschina/postcss
[2026-07-30 02:19:28] [W-2] 🗑️  发现队列满，丢弃 adalkaden/Emilia
[2026-07-30 02:19:39] [W-3] 🗑️  发现队列满，丢弃 fancyboi999/open-design
[2026-07-30 02:19:40] [W-0] 🗑️  发现队列满，丢弃 John-Varghese-EH/hyperframes
[2026-07-30 02:19:41] [W-1] 🗑️  发现队列满，丢弃 RobinMalfait/postcss
[2026-07-30 02:20:28] [W-2] 🗑️  发现队列满，丢弃 datayumiwandi/Emilia
[2026-07-30 02:20:39] [W-3] 🗑️  发现队列满，丢弃 ChristopherKahler/open-design
[2026-07-30 02:20:40] [W-0] 🗑️  发现队列满，丢弃 rohitg00/hyperframes
[2026-07-30 02:20:41] [W-1] 🗑️  发现队列满，丢弃 Schweinepriester/postcss
[2026-07-30 02:21:28] [W-2] 🗑️  发现队列满，丢弃 explorecyber/proxyip-Emilia
[2026-07-30 02:21:39] [W-3] 🗑️  发现队列满，丢弃 cognitum-one/open-design
[2026-07-30 02:21:40] [W-0] 🗑️  发现队列满，丢弃 sonlovinbot/hyperframes
[2026-07-30 02:21:41] [W-1] 🗑️  发现队列满，丢弃 webdev1001/postcss
[2026-07-30 02:22:28] [W-2] 🗑️  发现队列满，丢弃 mehdi-hexing/Auto-Scanner-ProxyIP
[2026-07-30 02:22:39] [W-3] 🗑️  发现队列满，丢弃 oalanicolas/open-design
[2026-07-30 02:22:40] [W-0] 🗑️  发现队列满，丢弃 ZERO-DAWN-X/hyperframes
[2026-07-30 02:22:41] [W-1] 🗑️  发现队列满，丢弃 f/postcss
[2026-07-30 02:23:28] [W-2] 🗑️  发现队列满，丢弃 ziy769/Emilia
[2026-07-30 02:23:39] [W-3] 🗑️  发现队列满，丢弃 NewTurn2017/open-design
[2026-07-30 02:23:40] [W-0] 🗑️  发现队列满，丢弃 JE4NVRG/hyperframes
[2026-07-30 02:23:41] [W-1] 🗑️  发现队列满，丢弃 Phantom05/postcss
[2026-07-30 02:24:28] [W-2] 🗑️  发现队列满，丢弃 danghaichau7wyfvqyz3cks-hub/Emilia
[2026-07-30 02:24:28] [W-2]   🍴 兄弟仓库: 30 个 → 主队列 80/200 发现队列 600/600
[2026-07-30 02:24:28] [W-2] 👤 遍历用户仓库: AtenaPV
[2026-07-30 02:24:29] [W-2]   用户 AtenaPV 共查 0 个仓库
[2026-07-30 02:24:29] [W-2] ✅ 完成 AtenaPV/Emilia-PiP-Aggregator (+0 节点)
[2026-07-30 02:24:29] [W-2] 🔧 开始处理 amir-rezaei/django
[2026-07-30 02:24:29] [W-2] ⏭️ 仓库 https://github.com/amir-rezaei/django 34h 未更新，跳过解析（追踪 fork 链）
[2026-07-30 02:24:29] [W-2] 🔗 查子仓库: amir-rezaei/django
[2026-07-30 02:24:29] [W-2] 🔗 开始 Fork 链追踪 (amir-rezaei/django)
[2026-07-30 02:24:30] [W-2]   父仓库: django/django
[2026-07-30 02:24:30] [W-2] 仓库 https://github.com/django/django (分支: main, size: 281476KB, pushed: 2026-07-29T14:11:26Z)
[2026-07-30 02:24:30] [W-2] 仓库 https://github.com/django/django 候选文件较多 (832 个)，先通过 commits API 过滤
[2026-07-30 02:24:31] [W-2]   Compare API 返回 14 个变更文件 (3 次 API 调用)
[2026-07-30 02:24:31] [W-2]   commits 过滤: 832 → 6 (变更文件 14 个)
[2026-07-30 02:24:31] [W-2] 仓库 https://github.com/django/django 候选文件 6 个
[2026-07-30 02:24:34] README (django/django) 404，跳过
[2026-07-30 02:24:34] [W-2] 仓库 https://github.com/django/django 未提取到节点，加入黑名单
[2026-07-30 02:24:34] [W-2]   父仓库 +0 个节点
[2026-07-30 02:24:40] [W-0] 🗑️  发现队列满，丢弃 wjlgatech/hyperframes
[2026-07-30 02:24:41] [W-1] 🗑️  发现队列满，丢弃 adasarpan404/postcss
[2026-07-30 02:25:29] [W-3] 🗑️  发现队列满，丢弃 claude-code-best/open-design
[2026-07-30 02:25:40] [W-0] 🗑️  发现队列满，丢弃 cpiprint/hyperframes
[2026-07-30 02:25:40] [W-2] 🗑️  发现队列满，丢弃 django-nonrel/django
[2026-07-30 02:25:41] [W-1] 🗑️  发现队列满，丢弃 githubdlke/postcss
[2026-07-30 02:26:29] [W-3] 🗑️  发现队列满，丢弃 yennanliu/open-design
[2026-07-30 02:26:40] [W-0] 🗑️  发现队列满，丢弃 BWE-Studio/hyperframes
[2026-07-30 02:26:40] [W-2] 🗑️  发现队列满，丢弃 andrewgodwin/django
[2026-07-30 02:26:41] [W-1] 🗑️  发现队列满，丢弃 weiwei3q/postcss
[2026-07-30 02:27:29] [W-3] 🗑️  发现队列满，丢弃 lkk989/open-design
[2026-07-30 02:27:40] [W-0] 🗑️  发现队列满，丢弃 stophobia/hyperframes
[2026-07-30 02:27:40] [W-2] 🗑️  发现队列满，丢弃 nirzaf/django
[2026-07-30 02:27:41] [W-1] 🗑️  发现队列满，丢弃 chengky/postcss
[2026-07-30 02:28:29] [W-3] 🗑️  发现队列满，丢弃 kokisanai/open-design
[2026-07-30 02:28:40] [W-0] 🗑️  发现队列满，丢弃 leandro754/hyperframes
[2026-07-30 02:28:40] [W-2] 🗑️  发现队列满，丢弃 timgraham/django
[2026-07-30 02:28:41] [W-1] 🗑️  发现队列满，丢弃 hyisfine/postcss
[2026-07-30 02:29:29] [W-3] 🗑️  发现队列满，丢弃 zinzied/open-design
[2026-07-30 02:29:40] [W-0] 🗑️  发现队列满，丢弃 jasonoviedo/hyperframes
[2026-07-30 02:29:40] [W-2] 🗑️  发现队列满，丢弃 FlipperPA/django
[2026-07-30 02:29:41] [W-1] 🗑️  发现队列满，丢弃 ezaruba/postcss
[2026-07-30 02:30:29] [W-3] 🗑️  发现队列满，丢弃 kuku-work/raccoonui
[2026-07-30 02:30:40] [W-0] 🗑️  发现队列满，丢弃 marklabz/hyperframes
[2026-07-30 02:30:40] [W-2] 🗑️  发现队列满，丢弃 amirhamiri/django
[2026-07-30 02:30:41] [W-1] 🗑️  发现队列满，丢弃 crftd/postcss
[2026-07-30 02:31:29] [W-3] 🗑️  发现队列满，丢弃 NeoXu954/open-design
[2026-07-30 02:31:40] [W-0] 🗑️  发现队列满，丢弃 hellogys22/hyperframes
[2026-07-30 02:31:40] [W-2] 🗑️  发现队列满，丢弃 freakboy3742/django
[2026-07-30 02:31:41] [W-1] 🗑️  发现队列满，丢弃 liukaijv/postcss
[2026-07-30 02:32:29] [W-3] 🗑️  发现队列满，丢弃 lefarcen/open-design
[2026-07-30 02:32:40] [W-0] 🗑️  发现队列满，丢弃 buildingwithai/hyperframes
[2026-07-30 02:32:40] [W-2] 🗑️  发现队列满，丢弃 coda-coda-23/django
[2026-07-30 02:32:41] [W-1] 🗑️  发现队列满，丢弃 lzm420241/postcss
[2026-07-30 02:33:29] [W-3] 🗑️  发现队列满，丢弃 epicsagas/open-design
[2026-07-30 02:33:40] [W-0] 🗑️  发现队列满，丢弃 sdfrfegr/hyperframes
[2026-07-30 02:33:40] [W-2] 🗑️  发现队列满，丢弃 akaariai/django
[2026-07-30 02:33:41] [W-1] 🗑️  发现队列满，丢弃 DarylLi/postcss
[2026-07-30 02:34:29] [W-3] 🗑️  发现队列满，丢弃 kondasviktor/open-design
[2026-07-30 02:34:40] [W-0] 🗑️  发现队列满，丢弃 walterrdev/hyperframes
[2026-07-30 02:34:40] [W-2] 🗑️  发现队列满，丢弃 the5fire/django-inside
[2026-07-30 02:34:41] [W-1] 🗑️  发现队列满，丢弃 NoahStepheno/postcss
[2026-07-30 02:35:29] [W-3] 🗑️  发现队列满，丢弃 lorryjovens-hub/open-design
[2026-07-30 02:35:40] [W-0] 🗑️  发现队列满，丢弃 andreyruvi/hyperframes
[2026-07-30 02:35:40] [W-2] 🗑️  发现队列满，丢弃 iMerica/dj-models
[2026-07-30 02:35:41] [W-1] 🗑️  发现队列满，丢弃 alexandesigner/postcss
[2026-07-30 02:36:29] [W-3] 🗑️  发现队列满，丢弃 agentik-os/Agentik-Design
[2026-07-30 02:36:40] [W-0] 🗑️  发现队列满，丢弃 jackypanster/hyperframes
[2026-07-30 02:36:40] [W-2] 🗑️  发现队列满，丢弃 MuhamedHabib/django
[2026-07-30 02:36:41] [W-1] 🗑️  发现队列满，丢弃 jonathantneal/postcss
[2026-07-30 02:37:29] [W-3] 🗑️  发现队列满，丢弃 bvnkame/open-design
[2026-07-30 02:37:40] [W-0] 🗑️  发现队列满，丢弃 griot89/hyperframes
[2026-07-30 02:37:40] [W-2] 🗑️  发现队列满，丢弃 omidcodes/django
[2026-07-30 02:37:41] [W-1] 🗑️  发现队列满，丢弃 admosity/postcss
[2026-07-30 02:38:29] [W-3] 🗑️  发现队列满，丢弃 eefynet/open-design
[2026-07-30 02:38:40] [W-0] 🗑️  发现队列满，丢弃 dofredtech/hyperframes
[2026-07-30 02:38:40] [W-2] 🗑️  发现队列满，丢弃 vitorfs/django
[2026-07-30 02:38:41] [W-1] 🗑️  发现队列满，丢弃 luangjokaj/postcss
[2026-07-30 02:39:29] [W-3] 🗑️  发现队列满，丢弃 FernandoTechSpace/open-design
[2026-07-30 02:39:40] [W-0] 🗑️  发现队列满，丢弃 psvhomecpy-cmd/hyperframes
[2026-07-30 02:39:40] [W-2] 🗑️  发现队列满，丢弃 hopebaba1102/django
[2026-07-30 02:39:41] [W-1] 🗑️  发现队列满，丢弃 muddv/postcss
[2026-07-30 02:40:29] [W-3] 🗑️  发现队列满，丢弃 diegomejiam/open-design-mc
[2026-07-30 02:40:40] [W-0] 🗑️  发现队列满，丢弃 llmra/hyperframes
[2026-07-30 02:40:40] [W-2] 🗑️  发现队列满，丢弃 koniiiik/django
[2026-07-30 02:40:41] [W-1] 🗑️  发现队列满，丢弃 stevemao/postcss
[2026-07-30 02:41:29] [W-3] 🗑️  发现队列满，丢弃 HimJoe/open-design
[2026-07-30 02:41:40] [W-0] 🗑️  发现队列满，丢弃 BlackRosePetals/hyperframes
[2026-07-30 02:41:40] [W-2] 🗑️  发现队列满，丢弃 beanbaginc/django
[2026-07-30 02:41:41] [W-1] 🗑️  发现队列满，丢弃 kmpeeduwee/postcss
[2026-07-30 02:42:29] [W-3] 🗑️  发现队列满，丢弃 adsorgcn/open-design
[2026-07-30 02:42:40] [W-0] 🗑️  发现队列满，丢弃 chinenyeegbe/hyperframes
[2026-07-30 02:42:40] [W-2] 🗑️  发现队列满，丢弃 ShitPostWG/thibaud
[2026-07-30 02:42:41] [W-1] 🗑️  发现队列满，丢弃 sarathfrancis90/postcss
[2026-07-30 02:43:29] [W-3] 🗑️  发现队列满，丢弃 faizalmd2603/open-design
[2026-07-30 02:43:40] [W-0] 🗑️  发现队列满，丢弃 Snakejuice87/HeyGEN---hyperframes
[2026-07-30 02:43:40] [W-2] 🗑️  发现队列满，丢弃 Karan36k/django
[2026-07-30 02:43:41] [W-1] 🗑️  发现队列满，丢弃 Goodwine/postcss
[2026-07-30 02:44:29] [W-3] 🗑️  发现队列满，丢弃 alex-shekhter/open-design
[2026-07-30 02:44:29] [W-3]   🍴 兄弟仓库: 30 个 → 主队列 80/200 发现队列 600/600
[2026-07-30 02:44:29] [W-3] 👤 遍历用户仓库: amir-rezaei
[2026-07-30 02:44:40] [W-0] 🗑️  发现队列满，丢弃 manupareekk/hyperframes
[2026-07-30 02:44:40] [W-2] 🗑️  发现队列满，丢弃 vsajip/django-python3-port
[2026-07-30 02:44:41] [W-1] 🗑️  发现队列满，丢弃 jicaishen/postcss
[2026-07-30 02:45:32] [W-3] 🗑️  发现队列满，丢弃 amir-rezaei/vellum-assistant
[2026-07-30 02:45:40] [W-0] 🗑️  发现队列满，丢弃 Miller-Bensaid/hyperframes
[2026-07-30 02:45:40] [W-0]   🍴 兄弟仓库: 30 个 → 主队列 80/200 发现队列 600/600
[2026-07-30 02:45:40] [W-0] 👤 遍历用户仓库: amir-rezaei
[2026-07-30 02:45:40] [W-2] 🗑️  发现队列满，丢弃 dennisivy/django
[2026-07-30 02:45:41] [W-1] 🗑️  发现队列满，丢弃 ben-lau/postcss
[2026-07-30 02:46:32] [W-3] 🗑️  发现队列满，丢弃 amir-rezaei/fingerprint-suite
[2026-07-30 02:46:40] [W-2] 🗑️  发现队列满，丢弃 supuna97/django
[2026-07-30 02:46:41] [W-1] 🗑️  发现队列满，丢弃 Eikonsphere/postcss
[2026-07-30 02:46:41] [W-1]   🍴 兄弟仓库: 30 个 → 主队列 80/200 发现队列 600/600
[2026-07-30 02:46:41] [W-1] 👤 遍历用户仓库: amir-rezaei
[2026-07-30 02:46:43] [W-0] 🗑️  发现队列满，丢弃 amir-rezaei/toolhive
[2026-07-30 02:47:32] [W-3] 🗑️  发现队列满，丢弃 amir-rezaei/openemr
[2026-07-30 02:47:40] [W-2] 🗑️  发现队列满，丢弃 khamedtaha/django
[2026-07-30 02:47:42] [W-1] 🗑️  发现队列满，丢弃 amir-rezaei/gascity
[2026-07-30 02:47:43] [W-0] 🗑️  发现队列满，丢弃 amir-rezaei/es-toolkit
[2026-07-30 02:48:32] [W-3] 🗑️  发现队列满，丢弃 amir-rezaei/owid-grapher
[2026-07-30 02:48:40] [W-2] 🗑️  发现队列满，丢弃 claudep/django
[2026-07-30 02:48:42] [W-1] 🗑️  发现队列满，丢弃 amir-rezaei/aicr
[2026-07-30 02:48:43] [W-0] 🗑️  发现队列满，丢弃 amir-rezaei/terraform-provider-vault
[2026-07-30 02:49:32] [W-3] 🗑️  发现队列满，丢弃 amir-rezaei/agents-last-exam
[2026-07-30 02:49:40] [W-2] 🗑️  发现队列满，丢弃 tarxemo/django
[2026-07-30 02:49:42] [W-1] 🗑️  发现队列满，丢弃 amir-rezaei/gh-aw-mcpg
[2026-07-30 02:49:43] [W-0] 🗑️  发现队列满，丢弃 amir-rezaei/circumflex
[2026-07-30 02:50:32] [W-3] 🗑️  发现队列满，丢弃 amir-rezaei/handsontable
[2026-07-30 02:50:40] [W-2] 🗑️  发现队列满，丢弃 stefanklug/django
[2026-07-30 02:50:42] [W-1] 🗑️  发现队列满，丢弃 amir-rezaei/sdk-go
[2026-07-30 02:50:43] [W-0] 🗑️  发现队列满，丢弃 amir-rezaei/lnreader
[2026-07-30 02:51:32] [W-3] 🗑️  发现队列满，丢弃 amir-rezaei/connectors
[2026-07-30 02:51:40] [W-2] 🗑️  发现队列满，丢弃 haffizaliraza/django
[2026-07-30 02:51:42] [W-1] 🗑️  发现队列满，丢弃 amir-rezaei/konflux-ci
[2026-07-30 02:51:43] [W-0] 🗑️  发现队列满，丢弃 amir-rezaei/hyperloglog
[2026-07-30 02:52:32] [W-3] 🗑️  发现队列满，丢弃 amir-rezaei/deepchat
[2026-07-30 02:52:40] [W-2] 🗑️  发现队列满，丢弃 QuvonchbekBobojonov/django
[2026-07-30 02:52:42] [W-1] 🗑️  发现队列满，丢弃 amir-rezaei/kubernetes-mcp-server
[2026-07-30 02:52:43] [W-0] 🗑️  发现队列满，丢弃 amir-rezaei/openwork
[2026-07-30 02:53:32] [W-3] 🗑️  发现队列满，丢弃 amir-rezaei/dify
[2026-07-30 02:53:40] [W-2] 🗑️  发现队列满，丢弃 developerrahulofficial/django
[2026-07-30 02:53:42] [W-1] 🗑️  发现队列满，丢弃 amir-rezaei/terraform-provider-btp
[2026-07-30 02:53:43] [W-0] 🗑️  发现队列满，丢弃 amir-rezaei/adblocker
[2026-07-30 02:54:32] [W-3] 🗑️  发现队列满，丢弃 amir-rezaei/BaiduPCS-Rust
[2026-07-30 02:54:40] [W-2] 🗑️  发现队列满，丢弃 adamchainz/django
[2026-07-30 02:54:40] [W-2]   🍴 兄弟仓库: 30 个 → 主队列 80/200 发现队列 600/600
[2026-07-30 02:54:40] [W-2] 👤 遍历用户仓库: amir-rezaei
[2026-07-30 02:54:42] [W-1] 🗑️  发现队列满，丢弃 amir-rezaei/gno
[2026-07-30 02:54:43] [W-0] 🗑️  发现队列满，丢弃 amir-rezaei/coze-loop
[2026-07-30 02:55:32] [W-3] 🗑️  发现队列满，丢弃 amir-rezaei/xllm
[2026-07-30 02:55:42] [W-2] 🗑️  发现队列满，丢弃 amir-rezaei/openagentskill
[2026-07-30 02:55:42] [W-1] 🗑️  发现队列满，丢弃 amir-rezaei/server
[2026-07-30 02:55:43] [W-0] 🗑️  发现队列满，丢弃 amir-rezaei/mobile-app
[2026-07-30 02:56:32] [W-3] 🗑️  发现队列满，丢弃 amir-rezaei/ragflow
[2026-07-30 02:56:42] [W-2] 🗑️  发现队列满，丢弃 amir-rezaei/fundamental-ngx
[2026-07-30 02:56:42] [W-1] 🗑️  发现队列满，丢弃 amir-rezaei/cynative
[2026-07-30 02:56:43] [W-0] 🗑️  发现队列满，丢弃 amir-rezaei/gumroad
[2026-07-30 02:57:32] [W-3] 🗑️  发现队列满，丢弃 amir-rezaei/operator
[2026-07-30 02:57:42] [W-2] 🗑️  发现队列满，丢弃 amir-rezaei/synergy
[2026-07-30 02:57:42] [W-1] 🗑️  发现队列满，丢弃 amir-rezaei/opendatahub-operator
[2026-07-30 02:57:43] [W-0] 🗑️  发现队列满，丢弃 amir-rezaei/swayfx
[2026-07-30 02:58:32] [W-3] 🗑️  发现队列满，丢弃 amir-rezaei/webmonetization
[2026-07-30 02:58:42] [W-2] 🗑️  发现队列满，丢弃 amir-rezaei/iPolloWork
[2026-07-30 02:58:42] [W-1] 🗑️  发现队列满，丢弃 amir-rezaei/kandev
[2026-07-30 02:58:43] [W-0] 🗑️  发现队列满，丢弃 amir-rezaei/fish-ai
[2026-07-30 02:59:32] [W-3] 🗑️  发现队列满，丢弃 amir-rezaei/asymptote
[2026-07-30 02:59:42] [W-2] 🗑️  发现队列满，丢弃 amir-rezaei/orbit
[2026-07-30 02:59:42] [W-1] 🗑️  发现队列满，丢弃 amir-rezaei/dedao-dl
[2026-07-30 02:59:43] [W-0] 🗑️  发现队列满，丢弃 amir-rezaei/linearmouse
[2026-07-30 03:00:32] [W-3] 🗑️  发现队列满，丢弃 amir-rezaei/MEV-Arbitrage-Bot
[2026-07-30 03:00:42] [W-2] 🗑️  发现队列满，丢弃 amir-rezaei/estella
[2026-07-30 03:00:42] [W-1] 🗑️  发现队列满，丢弃 amir-rezaei/lws
[2026-07-30 03:00:43] [W-0] 🗑️  发现队列满，丢弃 amir-rezaei/nostr-vpn
[2026-07-30 03:01:32] [W-3] 🗑️  发现队列满，丢弃 amir-rezaei/enscribe.dev
[2026-07-30 03:01:42] [W-2] 🗑️  发现队列满，丢弃 amir-rezaei/tine
[2026-07-30 03:01:42] [W-1] 🗑️  发现队列满，丢弃 amir-rezaei/manager
[2026-07-30 03:01:43] [W-0] 🗑️  发现队列满，丢弃 amir-rezaei/vize
[2026-07-30 03:02:32] [W-3] 🗑️  发现队列满，丢弃 amir-rezaei/go-interview-practice
[2026-07-30 03:02:42] [W-2] 🗑️  发现队列满，丢弃 amir-rezaei/flowix
[2026-07-30 03:02:42] [W-1] 🗑️  发现队列满，丢弃 amir-rezaei/superlog
[2026-07-30 03:02:43] [W-0] 🗑️  发现队列满，丢弃 amir-rezaei/go-playground
[2026-07-30 03:03:32] [W-3] 🗑️  发现队列满，丢弃 amir-rezaei/loop-engineering
[2026-07-30 03:03:42] [W-2] 🗑️  发现队列满，丢弃 amir-rezaei/fdm-monster
[2026-07-30 03:03:42] [W-1] 🗑️  发现队列满，丢弃 amir-rezaei/vmark
[2026-07-30 03:03:43] [W-0] 🗑️  发现队列满，丢弃 amir-rezaei/agent-compose
[2026-07-30 03:04:32] [W-3] 🗑️  发现队列满，丢弃 amir-rezaei/cmux
[2026-07-30 03:04:42] [W-2] 🗑️  发现队列满，丢弃 amir-rezaei/encrypt-storage
[2026-07-30 03:04:42] [W-1] 🗑️  发现队列满，丢弃 amir-rezaei/WhyBuddy
[2026-07-30 03:04:43] [W-0] 🗑️  发现队列满，丢弃 amir-rezaei/velero-plugin-for-aws
[2026-07-30 03:05:32] [W-3] 🗑️  发现队列满，丢弃 amir-rezaei/amae-koromo
[2026-07-30 03:05:42] [W-2] 🗑️  发现队列满，丢弃 amir-rezaei/lodestar
[2026-07-30 03:05:42] [W-1] 🗑️  发现队列满，丢弃 amir-rezaei/aws-toolkit-vscode
[2026-07-30 03:05:43] [W-0] 🗑️  发现队列满，丢弃 amir-rezaei/foundation
[2026-07-30 03:06:32] [W-3] 🗑️  发现队列满，丢弃 amir-rezaei/dotfiles
[2026-07-30 03:06:42] [W-2] 🗑️  发现队列满，丢弃 amir-rezaei/Kova
[2026-07-30 03:06:42] [W-1] 🗑️  发现队列满，丢弃 amir-rezaei/nx-plugins
[2026-07-30 03:06:43] [W-0] 🗑️  发现队列满，丢弃 amir-rezaei/github-datasource
[2026-07-30 03:07:32] [W-3] 🗑️  发现队列满，丢弃 amir-rezaei/rjsxrd
[2026-07-30 03:07:42] [W-2] 🗑️  发现队列满，丢弃 amir-rezaei/classroom50
[2026-07-30 03:07:42] [W-1] 🗑️  发现队列满，丢弃 amir-rezaei/aeon
[2026-07-30 03:07:43] [W-0] 🗑️  发现队列满，丢弃 amir-rezaei/moai-adk
[2026-07-30 03:08:32] [W-3] 🗑️  发现队列满，丢弃 amir-rezaei/LiveAgent
[2026-07-30 03:08:42] [W-2] 🗑️  发现队列满，丢弃 amir-rezaei/dxos
[2026-07-30 03:08:42] [W-1] 🗑️  发现队列满，丢弃 amir-rezaei/igniteui-angular
[2026-07-30 03:08:43] [W-0] 🗑️  发现队列满，丢弃 amir-rezaei/mongodb-atlas-cli
[2026-07-30 03:09:32] [W-3] 🗑️  发现队列满，丢弃 amir-rezaei/Codeman
[2026-07-30 03:09:42] [W-2] 🗑️  发现队列满，丢弃 amir-rezaei/os-june
[2026-07-30 03:09:42] [W-1] 🗑️  发现队列满，丢弃 amir-rezaei/osrd
[2026-07-30 03:09:43] [W-0] 🗑️  发现队列满，丢弃 amir-rezaei/muninndb
[2026-07-30 03:10:32] [W-3] 🗑️  发现队列满，丢弃 amir-rezaei/canvas-ui
[2026-07-30 03:10:42] [W-2] 🗑️  发现队列满，丢弃 amir-rezaei/arr-dashboard
[2026-07-30 03:10:42] [W-1] 🗑️  发现队列满，丢弃 amir-rezaei/em
[2026-07-30 03:10:43] [W-0] 🗑️  发现队列满，丢弃 amir-rezaei/mongo-tools
[2026-07-30 03:11:32] [W-3] 🗑️  发现队列满，丢弃 amir-rezaei/librephotos
[2026-07-30 03:11:42] [W-2] 🗑️  发现队列满，丢弃 amir-rezaei/KohakuTerrarium
[2026-07-30 03:11:42] [W-1] 🗑️  发现队列满，丢弃 amir-rezaei/vm0
[2026-07-30 03:11:43] [W-0] 🗑️  发现队列满，丢弃 amir-rezaei/vix
[2026-07-30 03:12:32] [W-3] 🗑️  发现队列满，丢弃 amir-rezaei/no-mistakes
[2026-07-30 03:12:42] [W-2] 🗑️  发现队列满，丢弃 amir-rezaei/sdk
[2026-07-30 03:12:42] [W-1] 🗑️  发现队列满，丢弃 amir-rezaei/llm-exe
[2026-07-30 03:12:43] [W-0] 🗑️  发现队列满，丢弃 amir-rezaei/kubernetes-nmstate
[2026-07-30 03:13:32] [W-3] 🗑️  发现队列满，丢弃 amir-rezaei/iup-go
[2026-07-30 03:13:42] [W-2] 🗑️  发现队列满，丢弃 amir-rezaei/TheRock
[2026-07-30 03:13:42] [W-1] 🗑️  发现队列满，丢弃 amir-rezaei/GeoLibre
[2026-07-30 03:13:43] [W-0] 🗑️  发现队列满，丢弃 amir-rezaei/terraform-provider-stackit
[2026-07-30 03:14:32] [W-3] 🗑️  发现队列满，丢弃 amir-rezaei/rulesync
[2026-07-30 03:14:32] [W-3]   👤 用户仓库: 30 个 → 主队列 80/200 发现队列 600/600
[2026-07-30 03:14:32] [W-3]   用户 amir-rezaei 共查 30 个仓库
[2026-07-30 03:14:32] [W-3] ✅ 完成 amir-rezaei/open-design (+0 节点)
[2026-07-30 03:14:32] [W-3] 🔧 开始处理 amir-rezaei/tornado
[2026-07-30 03:14:32] [W-3] ⏭️ 仓库 https://github.com/amir-rezaei/tornado 35h 未更新，跳过解析（追踪 fork 链）
[2026-07-30 03:14:32] [W-3] 🔗 查子仓库: amir-rezaei/tornado
[2026-07-30 03:14:32] [W-3] 🔗 开始 Fork 链追踪 (amir-rezaei/tornado)
[2026-07-30 03:14:33] [W-3]   父仓库: tornadoweb/tornado
[2026-07-30 03:14:33] [W-3] ⚠️ 仓库 https://github.com/tornadoweb/tornado 506h 未更新，废弃 → 加入黑名单
[2026-07-30 03:14:33] [W-3]   父仓库 +0 个节点
[2026-07-30 03:14:42] [W-1] 🗑️  发现队列满，丢弃 amir-rezaei/spica
[2026-07-30 03:14:43] [W-0] 🗑️  发现队列满，丢弃 amir-rezaei/aaaaxy
[2026-07-30 03:15:32] [W-2] 🗑️  发现队列满，丢弃 amir-rezaei/roam-code
[2026-07-30 03:15:35] [W-3] 🗑️  发现队列满，丢弃 fiorix/cyclone
[2026-07-30 03:15:42] [W-1] 🗑️  发现队列满，丢弃 amir-rezaei/clickhouse-js
[2026-07-30 03:15:43] [W-0] 🗑️  发现队列满，丢弃 amir-rezaei/deja-vu
[2026-07-30 03:15:43] [W-0]   👤 用户仓库: 30 个 → 主队列 80/200 发现队列 600/600
[2026-07-30 03:15:43] [W-0]   用户 amir-rezaei 共查 30 个仓库
[2026-07-30 03:15:43] [W-0] ✅ 完成 amir-rezaei/hyperframes (+0 节点)
[2026-07-30 03:15:43] [W-0] 🔧 开始处理 amir-rezaei/sqlfluff
[2026-07-30 03:15:43] [W-0] ⏭️ 仓库 https://github.com/amir-rezaei/sqlfluff 35h 未更新，跳过解析（追踪 fork 链）
[2026-07-30 03:15:43] [W-0] 🔗 查子仓库: amir-rezaei/sqlfluff
[2026-07-30 03:15:44] [W-0] 🔗 开始 Fork 链追踪 (amir-rezaei/sqlfluff)
[2026-07-30 03:15:44] [W-0]   父仓库: sqlfluff/sqlfluff
[2026-07-30 03:15:44] [W-0] 仓库 https://github.com/sqlfluff/sqlfluff (分支: main, size: 52454KB, pushed: 2026-07-29T03:08:30Z)
[2026-07-30 03:15:44] [W-0] 仓库 https://github.com/sqlfluff/sqlfluff 候选文件较多 (2637 个)，先通过 commits API 过滤
[2026-07-30 03:15:45] [W-0]   Compare API 返回 46 个变更文件 (3 次 API 调用)
[2026-07-30 03:15:45] [W-0]   commits 过滤: 2637 → 8 (变更文件 46 个)
[2026-07-30 03:15:45] [W-0] 仓库 https://github.com/sqlfluff/sqlfluff 候选文件 8 个
[2026-07-30 03:15:49] [W-0] 仓库 https://github.com/sqlfluff/sqlfluff 未提取到节点，加入黑名单
[2026-07-30 03:15:49] [W-0]   父仓库 +0 个节点
[2026-07-30 03:16:35] [W-3] 🗑️  发现队列满，丢弃 milancermak/tornado
[2026-07-30 03:16:42] [W-1] 🗑️  发现队列满，丢弃 amir-rezaei/cbioportal-frontend
[2026-07-30 03:16:42] [W-1]   👤 用户仓库: 30 个 → 主队列 80/200 发现队列 600/600
[2026-07-30 03:16:42] [W-1]   用户 amir-rezaei 共查 30 个仓库
[2026-07-30 03:16:42] [W-1] ✅ 完成 amir-rezaei/postcss (+0 节点)
[2026-07-30 03:16:42] [W-1] 🔧 开始处理 amir-rezaei/httpx
[2026-07-30 03:16:42] [W-1] ⏭️ 仓库 https://github.com/amir-rezaei/httpx 35h 未更新，跳过解析（追踪 fork 链）
[2026-07-30 03:16:42] [W-1] 🔗 查子仓库: amir-rezaei/httpx
[2026-07-30 03:16:43] [W-1] 🔗 开始 Fork 链追踪 (amir-rezaei/httpx)
[2026-07-30 03:16:43] [W-1]   父仓库: encode/httpx
[2026-07-30 03:16:43] [W-1] ⚠️ 仓库 https://github.com/encode/httpx 2947h 未更新，废弃 → 加入黑名单
[2026-07-30 03:16:43] [W-1]   父仓库 +0 个节点
[2026-07-30 03:16:50] [W-0] 🗑️  发现队列满，丢弃 alanmcruickshank/sqlfluff
[2026-07-30 03:17:35] [W-3] 🗑️  发现队列满，丢弃 dustin/tornado
[2026-07-30 03:17:42] [W-2] 🗑️  发现队列满，丢弃 amir-rezaei/lightly-studio
[2026-07-30 03:17:44] [W-1] 🗑️  发现队列满，丢弃 Sen-Takatsuki/httpx
[2026-07-30 03:17:50] [W-0] 🗑️  发现队列满，丢弃 ChackSingl/sqlfluff
[2026-07-30 03:18:35] [W-3] 🗑️  发现队列满，丢弃 breezemind/tornado
[2026-07-30 03:18:42] [W-2] 🗑️  发现队列满，丢弃 amir-rezaei/MisakaNet
[2026-07-30 03:18:44] [W-1] 🗑️  发现队列满，丢弃 willmcgugan/httpx
[2026-07-30 03:18:50] [W-0] 🗑️  发现队列满，丢弃 ktaranov/sqlfluff
[2026-07-30 03:19:35] [W-3] 🗑️  发现队列满，丢弃 bdarnell/tornado
[2026-07-30 03:19:42] [W-2] 🗑️  发现队列满，丢弃 amir-rezaei/Orbital
[2026-07-30 03:19:44] [W-1] 🗑️  发现队列满，丢弃 mxrch/httpx
[2026-07-30 03:19:50] [W-0] 🗑️  发现队列满，丢弃 AI-App/SQLFluff
[2026-07-30 03:20:35] [W-3] 🗑️  发现队列满，丢弃 nephics/tornado
[2026-07-30 03:20:42] [W-2] 🗑️  发现队列满，丢弃 amir-rezaei/seclab-taskflow-agent
[2026-07-30 03:20:44] [W-1] 🗑️  发现队列满，丢弃 Zproger/httpx
[2026-07-30 03:20:50] [W-0] 🗑️  发现队列满，丢弃 dohoudaniel/sqlfluff
[2026-07-30 03:21:35] [W-3] 🗑️  发现队列满，丢弃 FRiCKLE/tornado-appengine
[2026-07-30 03:21:42] [W-2] 🗑️  发现队列满，丢弃 amir-rezaei/k-wave-python
[2026-07-30 03:21:44] [W-1] 🗑️  发现队列满，丢弃 didip/http3
[2026-07-30 03:21:50] [W-0] 🗑️  发现队列满，丢弃 Magicianred/sqlfluff
[2026-07-30 03:22:35] [W-3] 🗑️  发现队列满，丢弃 alekstorm/tornado
[2026-07-30 03:22:42] [W-2] 🗑️  发现队列满，丢弃 amir-rezaei/pastas
[2026-07-30 03:22:44] [W-1] 🗑️  发现队列满，丢弃 xgorn/httpx
[2026-07-30 03:22:50] [W-0] 🗑️  发现队列满，丢弃 krokofant/sqlfluff
[2026-07-30 03:23:35] [W-3] 🗑️  发现队列满，丢弃 flier/tornado-spdy
[2026-07-30 03:23:42] [W-2] 🗑️  发现队列满，丢弃 amir-rezaei/InferenceX
[2026-07-30 03:23:42] [W-2]   👤 用户仓库: 30 个 → 主队列 80/200 发现队列 600/600
[2026-07-30 03:23:42] [W-2]   用户 amir-rezaei 共查 30 个仓库
[2026-07-30 03:23:42] [W-2] ✅ 完成 amir-rezaei/django (+0 节点)
[2026-07-30 03:23:42] [W-2] 🔧 开始处理 amir-rezaei/celery
[2026-07-30 03:23:42] [W-2] ⏭️ 仓库 https://github.com/amir-rezaei/celery 35h 未更新，跳过解析（追踪 fork 链）
[2026-07-30 03:23:42] [W-2] 🔗 查子仓库: amir-rezaei/celery
[2026-07-30 03:23:43] [W-2] 🔗 开始 Fork 链追踪 (amir-rezaei/celery)
[2026-07-30 03:23:43] [W-2]   父仓库: celery/celery
[2026-07-30 03:23:43] [W-2] ⏭️ 仓库 https://github.com/celery/celery 53h 未更新，跳过解析（追踪 fork 链）
[2026-07-30 03:23:43] [W-2] 🔗 查子仓库: celery/celery
[2026-07-30 03:23:50] [W-0] 🗑️  发现队列满，丢弃 menzenski/sqlfluff
[2026-07-30 03:24:35] [W-3] 🗑️  发现队列满，丢弃 karldoenitz/tornado
[2026-07-30 03:24:42] [W-1] 🗑️  发现队列满，丢弃 jy02140251/httpx
[2026-07-30 03:24:45] [W-2] 🗑️  发现队列满，丢弃 ask/celery
[2026-07-30 03:24:50] [W-0] 🗑️  发现队列满，丢弃 annegl/fork_sqlfluff
[2026-07-30 03:25:35] [W-3] 🗑️  发现队列满，丢弃 anandology/tornado
[2026-07-30 03:25:42] [W-1] 🗑️  发现队列满，丢弃 0xLaylo/httpx-async-llm-client
[2026-07-30 03:25:45] [W-2] 🗑️  发现队列满，丢弃 sensisoft/celery
[2026-07-30 03:25:50] [W-0] 🗑️  发现队列满，丢弃 nyawanga/sqlfluff
[2026-07-30 03:26:35] [W-3] 🗑️  发现队列满，丢弃 Rock92897/tornado
[2026-07-30 03:26:42] [W-1] 🗑️  发现队列满，丢弃 cclauss/httpx
[2026-07-30 03:26:45] [W-2] 🗑️  发现队列满，丢弃 HaydarovAkbar/celery
[2026-07-30 03:26:50] [W-0] 🗑️  发现队列满，丢弃 karabulute/sqlfluff
[2026-07-30 03:27:35] [W-3] 🗑️  发现队列满，丢弃 DanMcInerney/tornado
[2026-07-30 03:27:42] [W-1] 🗑️  发现队列满，丢弃 jlcjohns/httpx
[2026-07-30 03:27:45] [W-2] 🗑️  发现队列满，丢弃 mitsuhiko/celery
[2026-07-30 03:27:50] [W-0] 🗑️  发现队列满，丢弃 miketheman/sqlfluff
[2026-07-30 03:28:35] [W-3] 🗑️  发现队列满，丢弃 a-zb/tornado
[2026-07-30 03:28:42] [W-1] 🗑️  发现队列满，丢弃 mitchell-codecov/httpx
[2026-07-30 03:28:45] [W-2] 🗑️  发现队列满，丢弃 dcramer/celery
[2026-07-30 03:28:50] [W-0] 🗑️  发现队列满，丢弃 m-kuhn/sqlfluff
[2026-07-30 03:29:35] [W-3] 🗑️  发现队列满，丢弃 NickNeedsAName/tornado
[2026-07-30 03:29:42] [W-1] 🗑️  发现队列满，丢弃 izeye/httpx
[2026-07-30 03:29:45] [W-2] 🗑️  发现队列满，丢弃 discord/celery
[2026-07-30 03:29:50] [W-0] 🗑️  发现队列满，丢弃 sethwoodworth/sqlfluff
[2026-07-30 03:30:35] [W-3] 🗑️  发现队列满，丢弃 arjunbanker/tornado
[2026-07-30 03:30:42] [W-1] 🗑️  发现队列满，丢弃 onesquarepeg/httpx
[2026-07-30 03:30:45] [W-2] 🗑️  发现队列满，丢弃 richleland/celery
[2026-07-30 03:30:50] [W-0] 🗑️  发现队列满，丢弃 nathalisr/sqlfluff
[2026-07-30 03:31:35] [W-3] 🗑️  发现队列满，丢弃 eklitzke/tornado
[2026-07-30 03:31:42] [W-1] 🗑️  发现队列满，丢弃 juliaabrams/httpx
[2026-07-30 03:31:45] [W-2] 🗑️  发现队列满，丢弃 jmymay/celery
[2026-07-30 03:31:50] [W-0] 🗑️  发现队列满，丢弃 s-pace/sqlfluff
[2026-07-30 03:32:35] [W-3] 🗑️  发现队列满，丢弃 bitly/tornado
[2026-07-30 03:32:42] [W-1] 🗑️  发现队列满，丢弃 amitripshtos/httpx
[2026-07-30 03:32:45] [W-2] 🗑️  发现队列满，丢弃 coderanger/celery
[2026-07-30 03:32:50] [W-0] 🗑️  发现队列满，丢弃 maoxingda/sqlfluff
[2026-07-30 03:33:35] [W-3] 🗑️  发现队列满，丢弃 AmineFouzai/tornado
[2026-07-30 03:33:42] [W-1] 🗑️  发现队列满，丢弃 3roSki/httpx
[2026-07-30 03:33:45] [W-2] 🗑️  发现队列满，丢弃 ionelmc/celery
[2026-07-30 03:33:50] [W-0] 🗑️  发现队列满，丢弃 Epic-R-R/sqlfluff
[2026-07-30 03:34:35] [W-3] 🗑️  发现队列满，丢弃 xinyu7/tornado
[2026-07-30 03:34:42] [W-1] 🗑️  发现队列满，丢弃 kousikmitra/httpx
[2026-07-30 03:34:45] [W-2] 🗑️  发现队列满，丢弃 0xLaylo/celery-llm-tasks
[2026-07-30 03:34:50] [W-0] 🗑️  发现队列满，丢弃 bobbyiliev/sqlfluff
[2026-07-30 03:35:35] [W-3] 🗑️  发现队列满，丢弃 rbu/tornado
[2026-07-30 03:35:42] [W-1] 🗑️  发现队列满，丢弃 camilamaia/httpx
[2026-07-30 03:35:45] [W-2] 🗑️  发现队列满，丢弃 aleszoulek/celery
[2026-07-30 03:35:50] [W-0] 🗑️  发现队列满，丢弃 sumit0k/sqlfluff
[2026-07-30 03:36:35] [W-3] 🗑️  发现队列满，丢弃 SethCLong/tornado
[2026-07-30 03:36:42] [W-1] 🗑️  发现队列满，丢弃 javacoder720/httpx
[2026-07-30 03:36:45] [W-2] 🗑️  发现队列满，丢弃 idan/celery
[2026-07-30 03:36:50] [W-0] 🗑️  发现队列满，丢弃 andres-lowrie/sqlfluff
[2026-07-30 03:37:35] [W-3] 🗑️  发现队列满，丢弃 schacon/tornado
[2026-07-30 03:37:42] [W-1] 🗑️  发现队列满，丢弃 justlund/httpx
[2026-07-30 03:37:45] [W-2] 🗑️  发现队列满，丢弃 eldondev/celery
[2026-07-30 03:37:50] [W-0] 🗑️  发现队列满，丢弃 zbernstein68/sqlfluff
[2026-07-30 03:38:35] [W-3] 🗑️  发现队列满，丢弃 themoriarty/tornado
[2026-07-30 03:38:42] [W-1] 🗑️  发现队列满，丢弃 alimp5/httpx
[2026-07-30 03:38:45] [W-2] 🗑️  发现队列满，丢弃 dln/celery
[2026-07-30 03:38:50] [W-0] 🗑️  发现队列满，丢弃 TheCleric/sqlfluff
[2026-07-30 03:39:35] [W-3] 🗑️  发现队列满，丢弃 bufferx/tornado
[2026-07-30 03:39:42] [W-1] 🗑️  发现队列满，丢弃 sthagen/encode-httpx
[2026-07-30 03:39:45] [W-2] 🗑️  发现队列满，丢弃 honzakral/celery
[2026-07-30 03:39:50] [W-0] 🗑️  发现队列满，丢弃 bonexx5/sqlfluff
[2026-07-30 03:40:35] [W-3] 🗑️  发现队列满，丢弃 coopernurse/tornado
[2026-07-30 03:40:42] [W-1] 🗑️  发现队列满，丢弃 PearceChen42/httpx_Python
[2026-07-30 03:40:45] [W-2] 🗑️  发现队列满，丢弃 bts94/celery
[2026-07-30 03:40:50] [W-0] 🗑️  发现队列满，丢弃 clairetaylor352/sqlfluff
[2026-07-30 03:41:35] [W-3] 🗑️  发现队列满，丢弃 comforx/tornado
[2026-07-30 03:41:42] [W-1] 🗑️  发现队列满，丢弃 giannitedesco/httpx
[2026-07-30 03:41:45] [W-2] 🗑️  发现队列满，丢弃 kmike/celery
[2026-07-30 03:41:50] [W-0] 🗑️  发现队列满，丢弃 sarnaz1304/sqlfluff
[2026-07-30 03:42:35] [W-3] 🗑️  发现队列满，丢弃 ei-grad/tornado
[2026-07-30 03:42:42] [W-1] 🗑️  发现队列满，丢弃 sbhadr/httpx
[2026-07-30 03:42:45] [W-2] 🗑️  发现队列满，丢弃 acdha/celery
[2026-07-30 03:42:50] [W-0] 🗑️  发现队列满，丢弃 wmorin/sqlfluff
[2026-07-30 03:43:35] [W-3] 🗑️  发现队列满，丢弃 simplegeo/tornado
[2026-07-30 03:43:42] [W-1] 🗑️  发现队列满，丢弃 JayH5/httpx
[2026-07-30 03:43:45] [W-2] 🗑️  发现队列满，丢弃 jcsp/celery
[2026-07-30 03:43:50] [W-0] 🗑️  发现队列满，丢弃 ANT0071/sqlfluff
[2026-07-30 03:44:35] [W-3] 🗑️  发现队列满，丢弃 ankrgyl/tornado
[2026-07-30 03:44:35] [W-3]   🍴 兄弟仓库: 30 个 → 主队列 80/200 发现队列 600/600
[2026-07-30 03:44:35] [W-3] 👤 遍历用户仓库: amir-rezaei
[2026-07-30 03:44:42] [W-1] 🗑️  发现队列满，丢弃 adriangb/httpx
[2026-07-30 03:44:45] [W-2] 🗑️  发现队列满，丢弃 winhamwr/celery
[2026-07-30 03:44:50] [W-0] 🗑️  发现队列满，丢弃 jtcohen6/sqlfluff
[2026-07-30 03:45:37] [W-3] 🗑️  发现队列满，丢弃 amir-rezaei/devicetype-library
[2026-07-30 03:45:42] [W-1] 🗑️  发现队列满，丢弃 JulienErgan/httpx
[2026-07-30 03:45:45] [W-2] 🗑️  发现队列满，丢弃 rgaiser/celery
[2026-07-30 03:45:50] [W-0] 🗑️  发现队列满，丢弃 Seiikuu/sqlfluff
[2026-07-30 03:45:50] [W-0]   🍴 兄弟仓库: 30 个 → 主队列 80/200 发现队列 600/600
[2026-07-30 03:45:50] [W-0] 👤 遍历用户仓库: amir-rezaei
[2026-07-30 03:45:52] [W-0]   用户 amir-rezaei 共查 0 个仓库
[2026-07-30 03:45:52] [W-0] ✅ 完成 amir-rezaei/sqlfluff (+0 节点)
[2026-07-30 03:45:52] [W-0] 🔧 开始处理 amir-rezaei/mypy
[2026-07-30 03:45:52] [W-0] ⏭️ 仓库 https://github.com/amir-rezaei/mypy 35h 未更新，跳过解析（追踪 fork 链）
[2026-07-30 03:45:52] [W-0] 🔗 查子仓库: amir-rezaei/mypy
[2026-07-30 03:45:52] [W-0] 🔗 开始 Fork 链追踪 (amir-rezaei/mypy)
[2026-07-30 03:45:52] [W-0]   父仓库: python/mypy
[2026-07-30 03:45:52] [W-0] ⏭️ 仓库 https://github.com/python/mypy 106h 未更新，跳过解析（追踪 fork 链）
[2026-07-30 03:45:52] [W-0] 🔗 查子仓库: python/mypy
[2026-07-30 03:46:42] [W-1] 🗑️  发现队列满，丢弃 JasoNiorS/httpx
[2026-07-30 03:46:42] [W-1]   🍴 兄弟仓库: 30 个 → 主队列 80/200 发现队列 600/600
[2026-07-30 03:46:42] [W-1] 👤 遍历用户仓库: amir-rezaei
[2026-07-30 03:46:45] [W-1]   用户 amir-rezaei 共查 0 个仓库
[2026-07-30 03:46:45] [W-1] ✅ 完成 amir-rezaei/httpx (+0 节点)
[2026-07-30 03:46:45] [W-1] 🔧 开始处理 amir-rezaei/pip
[2026-07-30 03:46:45] [W-1] ⏭️ 仓库 https://github.com/amir-rezaei/pip 35h 未更新，跳过解析（追踪 fork 链）
[2026-07-30 03:46:45] [W-1] 🔗 查子仓库: amir-rezaei/pip
[2026-07-30 03:46:45] [W-1] 🔗 开始 Fork 链追踪 (amir-rezaei/pip)
[2026-07-30 03:46:45] [W-1]   父仓库: pypa/pip
[2026-07-30 03:46:45] [W-1] ⏭️ 仓库 https://github.com/pypa/pip 31h 未更新，跳过解析（追踪 fork 链）
[2026-07-30 03:46:45] [W-1] 🔗 查子仓库: pypa/pip
[2026-07-30 03:46:52] [W-3] 🗑️  发现队列满，丢弃 amir-rezaei/eventyay
[2026-07-30 03:46:54] [W-0] 🗑️  发现队列满，丢弃 gvanrossum/mypy
[2026-07-30 03:47:45] [W-2] 🗑️  发现队列满，丢弃 adamend/celery
[2026-07-30 03:47:47] [W-1] 🗑️  发现队列满，丢弃 Python-Repository-Hub/pip
[2026-07-30 03:47:52] [W-3] 🗑️  发现队列满，丢弃 amir-rezaei/superlocalmemory
[2026-07-30 03:47:54] [W-0] 🗑️  发现队列满，丢弃 lshariprasad/mypy
[2026-07-30 03:48:45] [W-2] 🗑️  发现队列满，丢弃 flaper87/celery
[2026-07-30 03:48:47] [W-1] 🗑️  发现队列满，丢弃 dstufft/pip
[2026-07-30 03:48:52] [W-3] 🗑️  发现队列满，丢弃 amir-rezaei/schema
[2026-07-30 03:48:54] [W-0] 🗑️  发现队列满，丢弃 msullivan/mypy-typemap
[2026-07-30 03:49:45] [W-2] 🗑️  发现队列满，丢弃 berg/celery
[2026-07-30 03:49:47] [W-1] 🗑️  发现队列满，丢弃 dgladkov/pip
[2026-07-30 03:49:52] [W-3] 🗑️  发现队列满，丢弃 amir-rezaei/leo-editor
[2026-07-30 03:49:54] [W-0] 🗑️  发现队列满，丢弃 yangkyeongmo/mypyind
[2026-07-30 03:50:45] [W-2] 🗑️  发现队列满，丢弃 cangove/celery
[2026-07-30 03:50:47] [W-1] 🗑️  发现队列满，丢弃 dholth/pip
[2026-07-30 03:50:52] [W-3] 🗑️  发现队列满，丢弃 amir-rezaei/taskdog
[2026-07-30 03:50:54] [W-0] 🗑️  发现队列满，丢弃 o11c/mypy
[2026-07-30 03:51:45] [W-2] 🗑️  发现队列满，丢弃 rlotun/celery
[2026-07-30 03:51:47] [W-1] 🗑️  发现队列满，丢弃 replit/pip
[2026-07-30 03:51:52] [W-3] 🗑️  发现队列满，丢弃 amir-rezaei/hass-opnsense
[2026-07-30 03:51:54] [W-0] 🗑️  发现队列满，丢弃 refi64/mypy
[2026-07-30 03:52:45] [W-2] 🗑️  发现队列满，丢弃 thaingo/celery
[2026-07-30 03:52:47] [W-1] 🗑️  发现队列满，丢弃 theupdateframework/pip
[2026-07-30 03:52:52] [W-3] 🗑️  发现队列满，丢弃 amir-rezaei/vite
[2026-07-30 03:52:54] [W-0] 🗑️  发现队列满，丢弃 ilevkivskyi/mypy
[2026-07-30 03:53:45] [W-2] 🗑️  发现队列满，丢弃 paltman/celery
[2026-07-30 03:53:45] [W-2]   🍴 子仓库: 30 个 → 主队列 80/200 发现队列 600/600
[2026-07-30 03:53:45] [W-2] 🔗 开始 Fork 链追踪 (celery/celery)
[2026-07-30 03:53:45] [W-2] 👤 遍历用户仓库: celery
[2026-07-30 03:53:47] [W-1] 🗑️  发现队列满，丢弃 mwhooker/pip
[2026-07-30 03:53:52] [W-3] 🗑️  发现队列满，丢弃 amir-rezaei/cline
[2026-07-30 03:53:54] [W-0] 🗑️  发现队列满，丢弃 Rehan-Ul-Haq/mypy
[2026-07-30 03:54:46] [W-2] 🗑️  发现队列满，丢弃 celery/celery
[2026-07-30 03:54:47] [W-1] 🗑️  发现队列满，丢弃 osupython/pip
[2026-07-30 03:54:52] [W-3] 🗑️  发现队列满，丢弃 amir-rezaei/rfi_legacy
[2026-07-30 03:54:54] [W-0] 🗑️  发现队列满，丢弃 jusinamine/mypy
[2026-07-30 03:55:46] [W-2] 🗑️  发现队列满，丢弃 celery/django-celery-beat
[2026-07-30 03:55:47] [W-1] 🗑️  发现队列满，丢弃 TC01/pip
[2026-07-30 03:55:52] [W-3] 🗑️  发现队列满，丢弃 amir-rezaei/shapenetCoreVAE
[2026-07-30 03:55:54] [W-0] 🗑️  发现队列满，丢弃 brunohdmacedo/mypy
[2026-07-30 03:56:46] [W-2] 🗑️  发现队列满，丢弃 celery/django-celery-results
[2026-07-30 03:56:47] [W-1] 🗑️  发现队列满，丢弃 davidmerwin/pip
[2026-07-30 03:56:52] [W-3] 🗑️  发现队列满，丢弃 amir-rezaei/rfi
[2026-07-30 03:56:54] [W-0] 🗑️  发现队列满，丢弃 rushabh-v/mypy
[2026-07-30 03:57:46] [W-2] 🗑️  发现队列满，丢弃 celery/django-celery
[2026-07-30 03:57:47] [W-1] 🗑️  发现队列满，丢弃 axaroth/pip
[2026-07-30 03:57:52] [W-3] 🗑️  发现队列满，丢弃 amir-rezaei/rfimgisac
[2026-07-30 03:57:52] [W-3]   👤 用户仓库: 14 个 → 主队列 80/200 发现队列 600/600
[2026-07-30 03:57:52] [W-3]   用户 amir-rezaei 共查 14 个仓库
[2026-07-30 03:57:52] [W-3] ✅ 完成 amir-rezaei/tornado (+0 节点)
[2026-07-30 03:57:52] [W-3] 🔧 开始处理 amir-rezaei/pytest
[2026-07-30 03:57:52] [W-3] ⏭️ 仓库 https://github.com/amir-rezaei/pytest 30h 未更新，跳过解析（追踪 fork 链）
[2026-07-30 03:57:52] [W-3] 🔗 查子仓库: amir-rezaei/pytest
[2026-07-30 03:57:52] [W-3] 🔗 开始 Fork 链追踪 (amir-rezaei/pytest)
[2026-07-30 03:57:52] [W-3]   父仓库: pytest-dev/pytest
[2026-07-30 03:57:52] [W-3] 仓库 https://github.com/pytest-dev/pytest (分支: main, size: 40987KB, pushed: 2026-07-29T08:15:28Z)
[2026-07-30 03:57:53] [W-3] 仓库 https://github.com/pytest-dev/pytest 候选文件 42 个
[2026-07-30 03:57:54] README (pytest-dev/pytest) 404，跳过
[2026-07-30 03:57:54] [W-3] 仓库 https://github.com/pytest-dev/pytest 未提取到节点，加入黑名单
[2026-07-30 03:57:54] [W-3]   父仓库 +0 个节点
[2026-07-30 03:58:46] [W-2] 🗑️  发现队列满，丢弃 celery/librabbitmq
[2026-07-30 03:58:47] [W-1] 🗑️  发现队列满，丢弃 remram44/pip-datelimit
[2026-07-30 03:58:52] [W-0] 🗑️  发现队列满，丢弃 mirumirumi/mypy
[2026-07-30 03:58:55] [W-3] 🗑️  发现队列满，丢弃 BiehNandikki/pytest
[2026-07-30 03:59:46] [W-2] 🗑️  发现队列满，丢弃 celery/kombu
[2026-07-30 03:59:47] [W-1] 🗑️  发现队列满，丢弃 trbs/pip
[2026-07-30 03:59:52] [W-0] 🗑️  发现队列满，丢弃 doc22940/mypy
[2026-07-30 03:59:55] [W-3] 🗑️  发现队列满，丢弃 Sup3rGeo/pytest
[2026-07-30 04:00:46] [W-2] 🗑️  发现队列满，丢弃 celery/pytest-celery
[2026-07-30 04:00:47] [W-1] 🗑️  发现队列满，丢弃 vbabiy/pip
[2026-07-30 04:00:52] [W-0] 🗑️  发现队列满，丢弃 UmaMaheswari2659/mypy
[2026-07-30 04:00:55] [W-3] 🗑️  发现队列满，丢弃 0xLaylo/pytest-llm-patterns
[2026-07-30 04:01:46] [W-2] 🗑️  发现队列满，丢弃 celery/vine
[2026-07-30 04:01:47] [W-1] 🗑️  发现队列满，丢弃 ctxis/pip
[2026-07-30 04:01:52] [W-0] 🗑️  发现队列满，丢弃 wlmgithub/mypy
[2026-07-30 04:01:55] [W-3] 🗑️  发现队列满，丢弃 blueyed/pytest
[2026-07-30 04:02:46] [W-2] 🗑️  发现队列满，丢弃 celery/billiard
[2026-07-30 04:02:47] [W-1] 🗑️  发现队列满，丢弃 waveform80/pip
[2026-07-30 04:02:52] [W-0] 🗑️  发现队列满，丢弃 PGrayCS/mypy
[2026-07-30 04:02:55] [W-3] 🗑️  发现队列满，丢弃 jakevdp/pytest
[2026-07-30 04:03:46] [W-2] 🗑️  发现队列满，丢弃 celery/py-amqp
[2026-07-30 04:03:47] [W-1] 🗑️  发现队列满，丢弃 feifeivv/pip
[2026-07-30 04:03:52] [W-0] 🗑️  发现队列满，丢弃 saraasara/mypy
[2026-07-30 04:03:55] [W-3] 🗑️  发现队列满，丢弃 RonnyPfannschmidt/pytest
[2026-07-30 04:04:46] [W-2] 🗑️  发现队列满，丢弃 celery/jumpstarter
[2026-07-30 04:04:47] [W-1] 🗑️  发现队列满，丢弃 queenmoon-bot/pip
[2026-07-30 04:04:52] [W-0] 🗑️  发现队列满，丢弃 alexdolbun/mypy
[2026-07-30 04:04:55] [W-3] 🗑️  发现队列满，丢弃 bts94/pytest
[2026-07-30 04:05:46] [W-2] 🗑️  发现队列满，丢弃 celery/Celery-Kubernetes-Operator
[2026-07-30 04:05:47] [W-1] 🗑️  发现队列满，丢弃 gabrielgrant/pip
[2026-07-30 04:05:49] ⏳ 等待队列清空 (主队列 80/200 发现队列 600/600)...
[2026-07-30 04:05:49] ⚠️ 停止信号，放弃剩余任务
[2026-07-30 04:05:49] 队列处理完毕
[2026-07-30 04:05:52] [W-0] 🗑️  发现队列满，丢弃 tariksalay/mypy
[2026-07-30 04:05:55] [W-3] 🗑️  发现队列满，丢弃 AntoniHub/pytest
[2026-07-30 04:06:46] [W-2] 🗑️  发现队列满，丢弃 celery/ceps
[2026-07-30 04:06:47] [W-1] 🗑️  发现队列满，丢弃 rbtcollins/pip
[2026-07-30 04:06:52] [W-0] 🗑️  发现队列满，丢弃 Wuisch/mypy
[2026-07-30 04:06:55] [W-3] 🗑️  发现队列满，丢弃 hackebrot/pytest
[2026-07-30 04:07:46] [W-2] 🗑️  发现队列满，丢弃 celery/cyanide
[2026-07-30 04:07:47] [W-1] 🗑️  发现队列满，丢弃 bloomberg/pip
[2026-07-30 04:07:52] [W-0] 🗑️  发现队列满，丢弃 zhaopufeng/mypy
[2026-07-30 04:07:55] [W-3] 🗑️  发现队列满，丢弃 kunchenguid/pytest
[2026-07-30 04:08:46] [W-2] 🗑️  发现队列满，丢弃 celery/sphinx_celery
[2026-07-30 04:08:47] [W-1] 🗑️  发现队列满，丢弃 wbond/pip
[2026-07-30 04:08:52] [W-0] 🗑️  发现队列满，丢弃 jivid/mypy
[2026-07-30 04:08:55] [W-3] 🗑️  发现队列满，丢弃 LaserPhaser/pytest
[2026-07-30 04:09:46] [W-2] 🗑️  发现队列满，丢弃 celery/case
[2026-07-30 04:09:47] [W-1] 🗑️  发现队列满，丢弃 poisk-ls/pip
[2026-07-30 04:09:52] [W-0] 🗑️  发现队列满，丢弃 crossresmii/mypy
[2026-07-30 04:09:55] [W-3] 🗑️  发现队列满，丢弃 dmerejkowsky/pytest
[2026-07-30 04:10:46] [W-2] 🗑️  发现队列满，丢弃 celery/cyme
[2026-07-30 04:10:47] [W-1] 🗑️  发现队列满，丢弃 hltbra/pip
[2026-07-30 04:10:52] [W-0] 🗑️  发现队列满，丢弃 Priyans00/mypy
[2026-07-30 04:10:55] [W-3] 🗑️  发现队列满，丢弃 TheVinhLuong102/PyTest
[2026-07-30 04:11:46] [W-2] 🗑️  发现队列满，丢弃 celery/celeryproject
[2026-07-30 04:11:47] [W-1] 🗑️  发现队列满，丢弃 linkedatai/pip
[2026-07-30 04:11:52] [W-0] 🗑️  发现队列满，丢弃 colinxu2020/mypy
[2026-07-30 04:11:55] [W-3] 🗑️  发现队列满，丢弃 Test-and-Code/ok
[2026-07-30 04:12:46] [W-2] 🗑️  发现队列满，丢弃 celery/celery-wheelhouse
[2026-07-30 04:12:47] [W-1] 🗑️  发现队列满，丢弃 jeverling/pip
[2026-07-30 04:12:52] [W-0] 🗑️  发现队列满，丢弃 discord/mypy
[2026-07-30 04:12:55] [W-3] 🗑️  发现队列满，丢弃 The-Compiler/pytest
[2026-07-30 04:13:46] [W-2] 🗑️  发现队列满，丢弃 celery/cookiecutter-celeryproject
[2026-07-30 04:13:47] [W-1] 🗑️  发现队列满，丢弃 chrahunt/pip
[2026-07-30 04:13:52] [W-0] 🗑️  发现队列满，丢弃 sthagen/python-mypy
[2026-07-30 04:13:55] [W-3] 🗑️  发现队列满，丢弃 Tusenka/pytest
[2026-07-30 04:14:46] [W-2] 🗑️  发现队列满，丢弃 celery/umbrella
[2026-07-30 04:14:47] [W-1] 🗑️  发现队列满，丢弃 ptone/pip
[2026-07-30 04:14:52] [W-0] 🗑️  发现队列满，丢弃 Saiprasad16/mypy
[2026-07-30 04:14:55] [W-3] 🗑️  发现队列满，丢弃 123yvie/pytest
[2026-07-30 04:15:46] [W-2] 🗑️  发现队列满，丢弃 celery/amqpframe
[2026-07-30 04:15:47] [W-1] 🗑️  发现队列满，丢弃 monlinaa/pip
[2026-07-30 04:15:52] [W-0] 🗑️  发现队列满，丢弃 crypto318/mypy
[2026-07-30 04:15:52] [W-0]   🍴 子仓库: 30 个 → 主队列 84/200 发现队列 600/600
[2026-07-30 04:15:52] [W-0] 🔗 开始 Fork 链追踪 (python/mypy)
[2026-07-30 04:15:52] [W-0] 👤 遍历用户仓库: python
[2026-07-30 04:15:55] [W-3] 🗑️  发现队列满，丢弃 sscherfke/pytest
[2026-07-30 04:16:46] [W-2] 🗑️  发现队列满，丢弃 celery/bootsteps
[2026-07-30 04:16:47] [W-1] 🗑️  发现队列满，丢弃 mgax/pip
[2026-07-30 04:16:47] [W-1]   🍴 子仓库: 30 个 → 主队列 84/200 发现队列 600/600
[2026-07-30 04:16:47] [W-1] 🔗 开始 Fork 链追踪 (pypa/pip)
[2026-07-30 04:16:48] [W-1] 👤 遍历用户仓库: pypa
[2026-07-30 04:16:54] [W-0] 🗑️  发现队列满，丢弃 python/pythondotorg
[2026-07-30 04:16:55] [W-3] 🗑️  发现队列满，丢弃 freelancing-solutions/pytest
[2026-07-30 04:17:46] [W-2] 🗑️  发现队列满，丢弃 celery/.github
[2026-07-30 04:17:48] [W-1] 🗑️  发现队列满，丢弃 pypa/pip
[2026-07-30 04:17:54] [W-0] 🗑️  发现队列满，丢弃 python/pymanager
[2026-07-30 04:17:55] [W-3] 🗑️  发现队列满，丢弃 shoyer/pytest
[2026-07-30 04:18:46] [W-2] 🗑️  发现队列满，丢弃 celery/celerytest
[2026-07-30 04:18:48] [W-1] 🗑️  发现队列满，丢弃 pypa/packaging.python.org
[2026-07-30 04:18:54] [W-0] 🗑️  发现队列满，丢弃 python/cpython
[2026-07-30 04:18:55] [W-3] 🗑️  发现队列满，丢弃 SeleniumK/pytest
[2026-07-30 04:19:46] [W-2] 🗑️  发现队列满，丢弃 celery/rabbitmq-c
[2026-07-30 04:19:48] [W-1] 🗑️  发现队列满，丢弃 pypa/setuptools
[2026-07-30 04:19:54] [W-0] 🗑️  发现队列满，丢弃 python/mypy
[2026-07-30 04:19:55] [W-3] 🗑️  发现队列满，丢弃 xtryaii/pytest
[2026-07-30 04:20:46] [W-2] 🗑️  发现队列满，丢弃 celery/qpid-proton
[2026-07-30 04:20:46] [W-2]   👤 用户仓库: 27 个 → 主队列 84/200 发现队列 600/600
[2026-07-30 04:20:46] [W-2]   用户 celery 共查 27 个仓库
[2026-07-30 04:20:46] [W-2]   父仓库 +0 个节点
[2026-07-30 04:20:48] [W-1] 🗑️  发现队列满，丢弃 pypa/pipx
[2026-07-30 04:20:54] [W-0] 🗑️  发现队列满，丢弃 python/python-docs-pl
[2026-07-30 04:20:55] [W-3] 🗑️  发现队列满，丢弃 vgorkavenko/pytest
[2026-07-30 04:21:47] [W-2] 🗑️  发现队列满，丢弃 h4k1m13or/celery
[2026-07-30 04:21:48] [W-1] 🗑️  发现队列满，丢弃 pypa/twine
[2026-07-30 04:21:54] [W-0] 🗑️  发现队列满，丢弃 python/typeshed
[2026-07-30 04:21:55] [W-3] 🗑️  发现队列满，丢弃 mvoitko/pytest
[2026-07-30 04:22:47] [W-2] 🗑️  发现队列满，丢弃 dpwhite2/celery
[2026-07-30 04:22:48] [W-1] 🗑️  发现队列满，丢弃 pypa/setuptools-scm
[2026-07-30 04:22:54] [W-0] 🗑️  发现队列满，丢弃 python/peps
[2026-07-30 04:22:55] [W-3] 🗑️  发现队列满，丢弃 Sardor99/pytest
[2026-07-30 04:23:47] [W-2] 🗑️  发现队列满，丢弃 tutumcloud/celery
[2026-07-30 04:23:48] [W-1] 🗑️  发现队列满，丢弃 pypa/hatch
[2026-07-30 04:23:54] [W-0] 🗑️  发现队列满，丢弃 python/python-insider-blog
[2026-07-30 04:23:55] [W-3] 🗑️  发现队列满，丢弃 zooba/pytest
[2026-07-30 04:24:47] [W-2] 🗑️  发现队列满，丢弃 pankajmore/celery
[2026-07-30 04:24:48] [W-1] 🗑️  发现队列满，丢弃 pypa/pip-audit
[2026-07-30 04:24:54] [W-0] 🗑️  发现队列满，丢弃 python/python-docs-theme
[2026-07-30 04:24:55] [W-3] 🗑️  发现队列满，丢弃 praneethhere/pytest
[2026-07-30 04:25:47] [W-2] 🗑️  发现队列满，丢弃 dellsystem/celery
[2026-07-30 04:25:48] [W-1] 🗑️  发现队列满，丢弃 pypa/build
[2026-07-30 04:25:54] [W-0] 🗑️  发现队列满，丢弃 python/python-docs-id
[2026-07-30 04:25:55] [W-3] 🗑️  发现队列满，丢弃 wwtechhacker/pytest
[2026-07-30 04:26:47] [W-2] 🗑️  发现队列满，丢弃 vbabiy/celery
[2026-07-30 04:26:48] [W-1] 🗑️  发现队列满，丢弃 pypa/advisory-database
[2026-07-30 04:26:54] [W-0] 🗑️  发现队列满，丢弃 python/devguide
[2026-07-30 04:26:55] [W-3] 🗑️  发现队列满，丢弃 EternalRights/pytest
[2026-07-30 04:27:47] [W-2] 🗑️  发现队列满，丢弃 colinhowe/celery
[2026-07-30 04:27:48] [W-1] 🗑️  发现队列满，丢弃 pypa/virtualenv
[2026-07-30 04:27:54] [W-0] 🗑️  发现队列满，丢弃 python/prebuilt-cpython
[2026-07-30 04:27:55] [W-3] 🗑️  发现队列满，丢弃 kumiDa/pytest
[2026-07-30 04:27:55] [W-3]   🍴 兄弟仓库: 30 个 → 主队列 84/200 发现队列 600/600
[2026-07-30 04:27:55] [W-3] 👤 遍历用户仓库: amir-rezaei
[2026-07-30 04:27:58] [W-3]   用户 amir-rezaei 共查 0 个仓库
[2026-07-30 04:27:58] [W-3] ✅ 完成 amir-rezaei/pytest (+0 节点)
[2026-07-30 04:28:47] [W-2] 🗑️  发现队列满，丢弃 gcachet/celery
[2026-07-30 04:28:48] [W-1] 🗑️  发现队列满，丢弃 pypa/pipenv
[2026-07-30 04:28:54] [W-0] 🗑️  发现队列满，丢弃 python/typing
[2026-07-30 04:29:47] [W-2] 🗑️  发现队列满，丢弃 sverrejoh/celery
[2026-07-30 04:29:48] [W-1] 🗑️  发现队列满，丢弃 pypa/dependency-groups
[2026-07-30 04:29:54] [W-0] 🗑️  发现队列满，丢弃 python/asyncio
[2026-07-30 04:30:47] [W-2] 🗑️  发现队列满，丢弃 tarequeh/celery
[2026-07-30 04:30:48] [W-1] 🗑️  发现队列满，丢弃 pypa/sampleproject
[2026-07-30 04:30:54] [W-0] 🗑️  发现队列满，丢弃 python/python-docs-zh-cn
[2026-07-30 04:31:47] [W-2] 🗑️  发现队列满，丢弃 andrewwatts/celery
[2026-07-30 04:31:48] [W-1] 🗑️  发现队列满，丢弃 pypa/bootstrap
[2026-07-30 04:31:54] [W-0] 🗑️  发现队列满，丢弃 python/docs-community
[2026-07-30 04:32:47] [W-2] 🗑️  发现队列满，丢弃 maximbo/celery
[2026-07-30 04:32:48] [W-1] 🗑️  发现队列满，丢弃 pypa/installer
[2026-07-30 04:32:54] [W-0] 🗑️  发现队列满，丢弃 python/python-docs-ja
[2026-07-30 04:33:47] [W-2] 🗑️  发现队列满，丢弃 amplify-education/celery
[2026-07-30 04:33:48] [W-1] 🗑️  发现队列满，丢弃 pypa/wheel
[2026-07-30 04:33:54] [W-0] 🗑️  发现队列满，丢弃 python/buildmaster-config
[2026-07-30 04:34:47] [W-2] 🗑️  发现队列满，丢弃 dmishe/celery
[2026-07-30 04:34:48] [W-1] 🗑️  发现队列满，丢弃 pypa/cibuildwheel
[2026-07-30 04:34:54] [W-0] 🗑️  发现队列满，丢弃 python/pyperformance
[2026-07-30 04:35:47] [W-2] 🗑️  发现队列满，丢弃 aaronelliotross/celery
[2026-07-30 04:35:48] [W-1] 🗑️  发现队列满，丢弃 pypa/pipfile
[2026-07-30 04:35:54] [W-0] 🗑️  发现队列满，丢弃 python/typing_extensions
[2026-07-30 04:36:47] [W-2] 🗑️  发现队列满，丢弃 MuhamedHabib/celery
[2026-07-30 04:36:48] [W-1] 🗑️  发现队列满，丢弃 pypa/get-pip
[2026-07-30 04:36:54] [W-0] 🗑️  发现队列满，丢弃 python/python-docs-es
[2026-07-30 04:37:47] [W-2] 🗑️  发现队列满，丢弃 tsugliani/celery
[2026-07-30 04:37:48] [W-1] 🗑️  发现队列满，丢弃 pypa/flit
[2026-07-30 04:37:54] [W-0] 🗑️  发现队列满，丢弃 python/release-tools
[2026-07-30 04:38:47] [W-2] 🗑️  发现队列满，丢弃 sebleier/celery
[2026-07-30 04:38:48] [W-1] 🗑️  发现队列满，丢弃 pypa/packaging
[2026-07-30 04:38:54] [W-0] 🗑️  发现队列满，丢弃 python/cherry-picker
[2026-07-30 04:39:47] [W-2] 🗑️  发现队列满，丢弃 fredj/celery
[2026-07-30 04:39:48] [W-1] 🗑️  发现队列满，丢弃 pypa/gh-action-pypi-publish
[2026-07-30 04:39:54] [W-0] 🗑️  发现队列满，丢弃 python/mypy_extensions
[2026-07-30 04:40:47] [W-2] 🗑️  发现队列满，丢弃 cupcicm/celery
[2026-07-30 04:40:48] [W-1] 🗑️  发现队列满，丢弃 pypa/bandersnatch
[2026-07-30 04:40:54] [W-0] 🗑️  发现队列满，丢弃 python/python-docs-tr
[2026-07-30 04:41:47] [W-2] 🗑️  发现队列满，丢弃 d4n13lbc/celery
[2026-07-30 04:41:48] [W-1] 🗑️  发现队列满，丢弃 pypa/manylinux
[2026-07-30 04:41:54] [W-0] 🗑️  发现队列满，丢弃 python/python-docs-pt-br
[2026-07-30 04:42:47] [W-2] 🗑️  发现队列满，丢弃 molotov/celery
[2026-07-30 04:42:48] [W-1] 🗑️  发现队列满，丢弃 pypa/auditwheel
[2026-07-30 04:42:54] [W-0] 🗑️  发现队列满，丢弃 python/python-docs-fr
[2026-07-30 04:43:47] [W-2] 🗑️  发现队列满，丢弃 jbochi/celery
[2026-07-30 04:43:47] [W-2]   🍴 兄弟仓库: 23 个 → 主队列 84/200 发现队列 600/600
[2026-07-30 04:43:47] [W-2] 👤 遍历用户仓库: amir-rezaei
[2026-07-30 04:43:48] [W-1] 🗑️  发现队列满，丢弃 pypa/distutils
[2026-07-30 04:43:49] [W-2]   用户 amir-rezaei 共查 0 个仓库
[2026-07-30 04:43:49] [W-2] ✅ 完成 amir-rezaei/celery (+0 节点)
[2026-07-30 04:43:54] [W-0] 🗑️  发现队列满，丢弃 python/planet
[2026-07-30 04:44:48] [W-1] 🗑️  发现队列满，丢弃 pypa/readme_renderer
[2026-07-30 04:44:54] [W-0] 🗑️  发现队列满，丢弃 python/python-docs-it
[2026-07-30 04:45:48] [W-1] 🗑️  发现队列满，丢弃 pypa/abi3audit
[2026-07-30 04:45:54] [W-0] 🗑️  发现队列满，丢弃 python/pycon-code-of-conduct
[2026-07-30 04:45:54] [W-0]   👤 用户仓库: 30 个 → 主队列 84/200 发现队列 600/600
[2026-07-30 04:45:54] [W-0]   用户 python 共查 30 个仓库
[2026-07-30 04:45:54] [W-0]   父仓库 +0 个节点
[2026-07-30 04:46:48] [W-1] 🗑️  发现队列满，丢弃 pypa/sample-namespace-packages
[2026-07-30 04:46:48] [W-1]   👤 用户仓库: 30 个 → 主队列 84/200 发现队列 600/600
[2026-07-30 04:46:48] [W-1]   用户 pypa 共查 30 个仓库
[2026-07-30 04:46:48] [W-1]   父仓库 +0 个节点
[2026-07-30 04:46:56] [W-0] 🗑️  发现队列满，丢弃 alexmojaki/mypy
[2026-07-30 04:47:51] [W-1] 🗑️  发现队列满，丢弃 andreif/pip
[2026-07-30 04:47:56] [W-0] 🗑️  发现队列满，丢弃 dallal9/mypy
[2026-07-30 04:48:51] [W-1] 🗑️  发现队列满，丢弃 ogirardot/pip
[2026-07-30 04:48:56] [W-0] 🗑️  发现队列满，丢弃 lunixbochs/mypy
[2026-07-30 04:49:51] [W-1] 🗑️  发现队列满，丢弃 mdmintz/pip
[2026-07-30 04:49:56] [W-0] 🗑️  发现队列满，丢弃 XD-DENG/mypy
[2026-07-30 04:50:51] [W-1] 🗑️  发现队列满，丢弃 ravenac95/pip
[2026-07-30 04:50:56] [W-0] 🗑️  发现队列满，丢弃 d4vucat/MyPy
[2026-07-30 04:51:51] [W-1] 🗑️  发现队列满，丢弃 tleyden/pip
[2026-07-30 04:51:56] [W-0] 🗑️  发现队列满，丢弃 chadrik/mypy
[2026-07-30 04:52:51] [W-1] 🗑️  发现队列满，丢弃 fengcc086/pip
[2026-07-30 04:52:56] [W-0] 🗑️  发现队列满，丢弃 mowmanminer/mypy
[2026-07-30 04:53:51] [W-1] 🗑️  发现队列满，丢弃 filmancco/pip
[2026-07-30 04:53:56] [W-0] 🗑️  发现队列满，丢弃 LGC33/mypy
[2026-07-30 04:54:51] [W-1] 🗑️  发现队列满，丢弃 timscharfenort11/pip
[2026-07-30 04:54:56] [W-0] 🗑️  发现队列满，丢弃 Ramil77/mypy
[2026-07-30 04:55:51] [W-1] 🗑️  发现队列满，丢弃 deererum/cc-pip
[2026-07-30 04:55:56] [W-0] 🗑️  发现队列满，丢弃 freelancing-solutions/mypy
[2026-07-30 04:56:51] [W-1] 🗑️  发现队列满，丢弃 benjaoming/pip
[2026-07-30 04:56:56] [W-0] 🗑️  发现队列满，丢弃 codecakes/mypy
[2026-07-30 04:57:51] [W-1] 🗑️  发现队列满，丢弃 mhluongo/pip
[2026-07-30 04:57:56] [W-0] 🗑️  发现队列满，丢弃 tmke8/mypy
[2026-07-30 04:58:51] [W-1] 🗑️  发现队列满，丢弃 DimitriPapadopoulos/pip
[2026-07-30 04:58:56] [W-0] 🗑️  发现队列满，丢弃 untitaker/mypy
[2026-07-30 04:59:51] [W-1] 🗑️  发现队列满，丢弃 philwhln/pip
[2026-07-30 04:59:56] [W-0] 🗑️  发现队列满，丢弃 carltongibson/mypy
[2026-07-30 05:00:51] [W-1] 🗑️  发现队列满，丢弃 hisato-kawaji/pip
[2026-07-30 05:00:56] [W-0] 🗑️  发现队列满，丢弃 asvetlov/mypy
[2026-07-30 05:01:51] [W-1] 🗑️  发现队列满，丢弃 SMFOSS/pip
[2026-07-30 05:01:56] [W-0] 🗑️  发现队列满，丢弃 smrpb/mypy
[2026-07-30 05:01:56] [W-0]   🍴 兄弟仓库: 16 个 → 主队列 84/200 发现队列 600/600
[2026-07-30 05:01:56] [W-0] 👤 遍历用户仓库: amir-rezaei
[2026-07-30 05:01:57] [W-0]   用户 amir-rezaei 共查 0 个仓库
[2026-07-30 05:01:57] [W-0] ✅ 完成 amir-rezaei/mypy (+0 节点)
[2026-07-30 05:02:51] [W-1] 🗑️  发现队列满，丢弃 kunkun073/pip
[2026-07-30 05:03:51] [W-1] 🗑️  发现队列满，丢弃 pombredanne/pip
[2026-07-30 05:04:51] [W-1] 🗑️  发现队列满，丢弃 cjerdonek/pip
[2026-07-30 05:05:51] [W-1] 🗑️  发现队列满，丢弃 93578237/pip
[2026-07-30 05:06:51] [W-1] 🗑️  发现队列满，丢弃 liqingjia/pip
[2026-07-30 05:07:51] [W-1] 🗑️  发现队列满，丢弃 ericholscher/pip-1
[2026-07-30 05:08:51] [W-1] 🗑️  发现队列满，丢弃 gonsuke/pip
[2026-07-30 05:09:51] [W-1] 🗑️  发现队列满，丢弃 canhpm/pip
[2026-07-30 05:10:51] [W-1] 🗑️  发现队列满，丢弃 rvats20/pip
[2026-07-30 05:11:51] [W-1] 🗑️  发现队列满，丢弃 DiddiLeija/pip
[2026-07-30 05:12:51] [W-1] 🗑️  发现队列满，丢弃 CNXTEoEorg/pip
[2026-07-30 05:13:51] [W-1] 🗑️  发现队列满，丢弃 easyjaz1674/pip
[2026-07-30 05:13:51] [W-1]   🍴 兄弟仓库: 27 个 → 主队列 84/200 发现队列 600/600
[2026-07-30 05:13:51] [W-1] 👤 遍历用户仓库: amir-rezaei
[2026-07-30 05:13:52] [W-1]   用户 amir-rezaei 共查 0 个仓库
[2026-07-30 05:13:52] [W-1] ✅ 完成 amir-rezaei/pip (+0 节点)
[2026-07-30 05:13:52] ⚠️ 运行时间 18488s 超出上限 14400s（已提前停止搜集）
[2026-07-30 05:13:52] 📦 批次 0003 已持久化: /home/runner/work/test-college/test-college/batches/no_batch_0003.txt (1976 个节点, 累计 12248 个) | 主队列 0/200 发现队列 600/600
[2026-07-30 05:13:53] SHA 缓存已保存: 207224 条, 1 分片
[2026-07-30 05:13:53] 保存 no_li.txt (648 条)
[2026-07-30 05:13:53] SHA 缓存已保存: 207224 条, 1 分片

============================================================
  搜集完成 — 总耗时 18488s
============================================================
  [种子仓库]
    检查仓库: 0, 下载文件: 1093, 耗时: 14405s
    新增节点: 23193, API 调用: 0
