[2026-07-15 00:01:45] 🚀 程序启动
[2026-07-15 00:01:45] 关键词: 90 个
[2026-07-15 00:01:45] 已加载黑名单: 1537 个
[2026-07-15 00:01:45] 加载 SHA 缓存 31626 条 (1 分片)
[2026-07-15 00:01:45] 🚀 程序启动
[2026-07-15 00:01:45] 🔵 种子仓库: 38 个 → 队列
[2026-07-15 00:01:46] 仓库 https://github.com/mahdibland/V2RayAggregator (分支: master, size: 4476115KB, pushed: 2026-07-14T14:43:29Z)
[2026-07-15 00:01:46] ⏱️ Code [1/26] vmess:// extension:yaml | 1s | +0 节点
[2026-07-15 00:01:47] 仓库 https://github.com/gfpcom/free-proxy-list (分支: main, size: 37040KB, pushed: 2026-07-14T15:07:04Z)
[2026-07-15 00:01:47] 仓库 https://github.com/mahdibland/V2RayAggregator 候选文件较多 (1531 个)，先通过 commits API 过滤
[2026-07-15 00:01:48] ⏱️ Code [2/26] vless:// extension:yaml | 2s | +0 节点
[2026-07-15 00:01:49] 仓库 https://github.com/ninjastrikers/nexus-nodes (分支: main, size: 845488KB, pushed: 2026-07-14T14:08:43Z)[2026-07-15 00:01:49] 仓库 https://github.com/gfpcom/free-proxy-list 候选文件 1 个

[2026-07-15 00:01:49] 📄 https://raw.githubusercontent.com/gfpcom/free-proxy-list/main/README.md ✅ 解析 2 候选 → 2 个有效节点 → 去重后新增 2 个
[2026-07-15 00:01:49] 🔗 递归发现仓库 wiki/gfpcom (来源 https://raw.githubusercontent.com/gfpcom/free-proxy-list/main/README.md)
[2026-07-15 00:01:51] ⏱️ Code [3/26] trojan:// extension:yaml | 3s | +2 节点
[2026-07-15 00:01:51] repo info (wiki/gfpcom) 404，跳过
[2026-07-15 00:01:51] 🔗 查子仓库: gfpcom/free-proxy-list
[2026-07-15 00:01:53] 仓库 https://github.com/ermaozi/get_subscribe (分支: main, size: 95KB, pushed: 2026-07-14T12:33:15Z)[2026-07-15 00:01:53] 仓库 https://github.com/ninjastrikers/nexus-nodes 候选文件较多 (515 个)，先通过 commits API 过滤
[2026-07-15 00:01:53] ⏱️ Code [4/26] ss:// extension:yaml | 2s | +0 节点

[2026-07-15 00:01:57] 仓库 https://github.com/ermaozi/get_subscribe 候选文件 2 个[2026-07-15 00:01:57] ⏱️ Code [5/26] hysteria2:// extension:yaml | 4s | +0 节点

[2026-07-15 00:01:57]   Compare API 返回 24 个变更文件 (3 次 API 调用)[2026-07-15 00:01:57]   🍴 子仓库: 30 个 → 队列

[2026-07-15 00:01:57] 🔗 开始 Fork 链追踪 (gfpcom/free-proxy-list)[2026-07-15 00:01:57]   commits 过滤: 1531 → 20 (变更文件 24 个)

[2026-07-15 00:01:57] 仓库 https://github.com/mahdibland/V2RayAggregator 候选文件 20 个
[2026-07-15 00:01:58] 📄 https://raw.githubusercontent.com/mahdibland/V2RayAggregator/master/sub/list/12.txt ✅ 解析 189 候选 → 189 个有效节点 → 去重后新增 189 个
[2026-07-15 00:01:58] 📄 https://raw.githubusercontent.com/mahdibland/V2RayAggregator/master/sub/list/17.txt ✅ 解析 7 候选 → 7 个有效节点 → 去重后新增 5 个
[2026-07-15 00:01:58] 📄 https://raw.githubusercontent.com/mahdibland/V2RayAggregator/master/Eternity.yml ✅ 解析 190 候选 → 190 个有效节点 → 去重后新增 1 个
[2026-07-15 00:01:58] 📄 https://raw.githubusercontent.com/mahdibland/V2RayAggregator/master/sub/list/32.txt ✅ 解析 112 候选 → 112 个有效节点 → 去重后新增 102 个
[2026-07-15 00:01:58] 📄 https://raw.githubusercontent.com/mahdibland/V2RayAggregator/master/Eternity.txt ✅ 解析 196 候选 → 196 个有效节点 → 去重后新增 32 个
[2026-07-15 00:01:58] 📄 https://raw.githubusercontent.com/mahdibland/V2RayAggregator/master/README.md ✅ 解析 383 候选 → 383 个有效节点 → 去重后新增 186 个
[2026-07-15 00:01:58] 🔗 递归发现仓库 mahdibland/ShadowsocksAggregator (来源 https://raw.githubusercontent.com/mahdibland/V2RayAggregator/master/README.md)
[2026-07-15 00:01:58] 📄 https://raw.githubusercontent.com/mahdibland/V2RayAggregator/master/sub/splitted/trojan.txt ✅ 解析 526 候选 → 526 个有效节点 → 去重后新增 452 个
[2026-07-15 00:01:58] 📄 https://raw.githubusercontent.com/mahdibland/V2RayAggregator/master/sub/splitted/ssr.txt ✅ 解析 43 候选 → 43 个有效节点 → 去重后新增 40 个
[2026-07-15 00:01:58] 📄 https://raw.githubusercontent.com/mahdibland/V2RayAggregator/master/sub/list/24.txt ✅ 解析 5 候选 → 5 个有效节点 → 去重后新增 2 个
[2026-07-15 00:01:58] 📄 https://raw.githubusercontent.com/mahdibland/V2RayAggregator/master/sub/list/41.txt ✅ 解析 67 候选 → 67 个有效节点 → 去重后新增 26 个
[2026-07-15 00:01:58] 📄 https://raw.githubusercontent.com/ermaozi/get_subscribe/main/subscribe/clash.yml ✅ 解析 11 候选 → 11 个有效节点 → 去重后新增 4 个
[2026-07-15 00:01:59] 📄 https://raw.githubusercontent.com/ermaozi/get_subscribe/main/subscribe/v2ray.txt ✅ 解析 13 候选 → 13 个有效节点 → 去重后新增 2 个
[2026-07-15 00:01:59] 🔗 查子仓库: ermaozi/get_subscribe
[2026-07-15 00:01:59] 📄 https://raw.githubusercontent.com/mahdibland/V2RayAggregator/master/sub/splitted/ss.txt ✅ 解析 1829 候选 → 1829 个有效节点 → 去重后新增 1600 个
[2026-07-15 00:02:00] 📄 https://raw.githubusercontent.com/mahdibland/V2RayAggregator/master/sub/list/20.txt ✅ 解析 1493 候选 → 1493 个有效节点 → 去重后新增 1402 个
[2026-07-15 00:02:01] 👤 遍历用户仓库: gfpcom[2026-07-15 00:02:01] ⏱️ Code [6/26] tuic:// extension:yaml | 4s | +4043 节点

[2026-07-15 00:02:02] ⏱️ Code [7/26] vmess:// extension:txt | 1s | +0 节点
[2026-07-15 00:02:02] 📄 https://raw.githubusercontent.com/mahdibland/V2RayAggregator/master/LogInfo.txt ✅ 解析 4760 候选 → 4760 个有效节点 → 去重后新增 917 个
[2026-07-15 00:02:04]   👤 用户仓库: 5 个 → 队列
[2026-07-15 00:02:04]   用户 gfpcom 共查 5 个仓库
[2026-07-15 00:02:04] 仓库 https://github.com/mahdibland/ShadowsocksAggregator (分支: master, size: 4476115KB, pushed: 2026-07-14T14:43:29Z)
[2026-07-15 00:02:04] 仓库 https://github.com/pawdroid/Free-servers (分支: main, size: 84KB, pushed: 2026-07-14T16:00:39Z)
[2026-07-15 00:02:05] ⏱️ Code [8/26] vless:// extension:txt | 3s | +917 节点
[2026-07-15 00:02:07] 仓库 https://github.com/pawdroid/Free-servers 候选文件 32 个
[2026-07-15 00:02:07]   🍴 子仓库: 30 个 → 队列
[2026-07-15 00:02:07] 🔗 开始 Fork 链追踪 (ermaozi/get_subscribe)
[2026-07-15 00:02:07] 仓库 https://github.com/mahdibland/ShadowsocksAggregator 候选文件较多 (1513 个)，先通过 commits API 过滤
[2026-07-15 00:02:07]   Compare API 返回 300 个变更文件 (3 次 API 调用)
[2026-07-15 00:02:07] 📄 https://raw.githubusercontent.com/mahdibland/V2RayAggregator/master/sub/sub_merge_yaml.yml ✅ 解析 4761 候选 → 4761 个有效节点 → 去重后新增 1 个
[2026-07-15 00:02:07]   commits 过滤: 515 → 252 (变更文件 300 个)
[2026-07-15 00:02:07] 仓库 https://github.com/ninjastrikers/nexus-nodes 候选文件 252 个
[2026-07-15 00:02:07] 📄 https://raw.githubusercontent.com/pawdroid/Free-servers/main/README.md ✅ 解析 16 候选 → 16 个有效节点 → 去重后新增 13 个
[2026-07-15 00:02:07] 📄 https://raw.githubusercontent.com/pawdroid/Free-servers/main/static/README-en.md ✅ 解析 20 候选 → 20 个有效节点 → 去重后新增 19 个[2026-07-15 00:02:07] 📄 https://raw.githubusercontent.com/pawdroid/Free-servers/main/static/README-id.md ✅ 解析 20 候选 → 20 个有效节点 → 去重后新增 16 个[2026-07-15 00:02:07] 📦 批次 0001 已持久化: /home/runner/work/test-college/test-college/batches/no_batch_0001.txt (5011 个节点, 累计 5011 个)[2026-07-15 00:02:07] 📄 https://raw.githubusercontent.com/pawdroid/Free-servers/main/static/README-hi.md ✅ 解析 20 候选 → 20 个有效节点 → 去重后新增 15 个

[2026-07-15 00:02:07] 📄 https://raw.githubusercontent.com/pawdroid/Free-servers/main/static/README-fr.md ✅ 解析 20 候选 → 20 个有效节点 → 去重后新增 11 个

[2026-07-15 00:02:07] 📄 https://raw.githubusercontent.com/pawdroid/Free-servers/main/static/README-ja.md ✅ 解析 20 候选 → 20 个有效节点 → 去重后新增 16 个[2026-07-15 00:02:07] 📄 https://raw.githubusercontent.com/pawdroid/Free-servers/main/static/README-es.md ✅ 解析 20 候选 → 20 个有效节点 → 去重后新增 17 个
[2026-07-15 00:02:07] 📄 https://raw.githubusercontent.com/pawdroid/Free-servers/main/static/README-bn.md ✅ 解析 20 候选 → 20 个有效节点 → 去重后新增 15 个
[2026-07-15 00:02:07] 📄 https://raw.githubusercontent.com/pawdroid/Free-servers/main/static/README-de.md ✅ 解析 20 候选 → 20 个有效节点 → 去重后新增 16 个[2026-07-15 00:02:07] 📄 https://raw.githubusercontent.com/pawdroid/Free-servers/main/static/README-ar.md ✅ 解析 20 候选 → 20 个有效节点 → 去重后新增 15 个[2026-07-15 00:02:07] 📄 https://raw.githubusercontent.com/pawdroid/Free-servers/main/static/README-ru.md ✅ 解析 20 候选 → 20 个有效节点 → 去重后新增 13 个
[2026-07-15 00:02:07] 🔗 递归发现仓库 Pawdroid/Free-servers (来源 https://raw.githubusercontent.com/pawdroid/Free-servers/main/static/README-hi.md)[2026-07-15 00:02:07] 🔗 递归发现仓库 Pawdroid/Free-servers (来源 https://raw.githubusercontent.com/pawdroid/Free-servers/main/static/README-id.md)




[2026-07-15 00:02:08] 🔗 递归发现仓库 Pawdroid/Free-servers (来源 https://raw.githubusercontent.com/pawdroid/Free-servers/main/static/README-ar.md)[2026-07-15 00:02:07] 🔗 递归发现仓库 Pawdroid/Free-servers (来源 https://raw.githubusercontent.com/pawdroid/Free-servers/main/static/README-en.md)[2026-07-15 00:02:08] 🔗 递归发现仓库 Pawdroid/Free-servers (来源 https://raw.githubusercontent.com/pawdroid/Free-servers/main/static/README-fr.md)[2026-07-15 00:02:08] 🔗 递归发现仓库 Pawdroid/Free-servers (来源 https://raw.githubusercontent.com/pawdroid/Free-servers/main/static/README-bn.md)
[2026-07-15 00:02:08] 🔗 递归发现仓库 Pawdroid/Free-servers (来源 https://raw.githubusercontent.com/pawdroid/Free-servers/main/static/README-de.md)

[2026-07-15 00:02:08] 🔗 递归发现仓库 Pawdroid/Free-servers (来源 https://raw.githubusercontent.com/pawdroid/Free-servers/main/static/README-ru.md)[2026-07-15 00:02:08] 📄 https://raw.githubusercontent.com/pawdroid/Free-servers/main/static/README-vi.md ✅ 解析 20 候选 → 20 个有效节点 → 去重后新增 14 个
[2026-07-15 00:02:08] 🔗 递归发现仓库 Pawdroid/Free-servers (来源 https://raw.githubusercontent.com/pawdroid/Free-servers/main/static/README-es.md)
[2026-07-15 00:02:08] 🔗 递归发现仓库 Pawdroid/Free-servers (来源 https://raw.githubusercontent.com/pawdroid/Free-servers/main/static/README-ja.md)



[2026-07-15 00:02:08] 📄 https://raw.githubusercontent.com/pawdroid/Free-servers/main/static/README-ko-KR.md ✅ 解析 20 候选 → 20 个有效节点 → 去重后新增 15 个[2026-07-15 00:02:08] 📄 https://raw.githubusercontent.com/pawdroid/Free-servers/main/static/README-pt-BR.md ✅ 解析 20 候选 → 20 个有效节点 → 去重后新增 11 个

[2026-07-15 00:02:08] 📄 https://raw.githubusercontent.com/ninjastrikers/nexus-nodes/main/configs/countries/al/vless.txt ✅ 解析 1 候选 → 1 个有效节点 → 去重后新增 1 个
[2026-07-15 00:02:08] 🔗 递归发现仓库 Pawdroid/Free-servers (来源 https://raw.githubusercontent.com/pawdroid/Free-servers/main/static/README-vi.md)[2026-07-15 00:02:08] 🔗 递归发现仓库 Pawdroid/Free-servers (来源 https://raw.githubusercontent.com/pawdroid/Free-servers/main/static/README-pt-BR.md)[2026-07-15 00:02:08] 🔗 递归发现仓库 Pawdroid/Free-servers (来源 https://raw.githubusercontent.com/pawdroid/Free-servers/main/static/README-ko-KR.md)

[2026-07-15 00:02:08] SHA 缓存已保存: 31662 条, 1 分片

[2026-07-15 00:02:08] 🔗 递归发现仓库 Pawdroid/Free-servers (来源 https://raw.githubusercontent.com/pawdroid/Free-servers/main/README.md)

[2026-07-15 00:02:08] 📄 https://raw.githubusercontent.com/ninjastrikers/nexus-nodes/main/configs/countries/ae/trojan.txt ✅ 解析 2 候选 → 2 个有效节点 → 去重后新增 1 个
[2026-07-15 00:02:08] 📄 https://raw.githubusercontent.com/pawdroid/Free-servers/main/static/README-pl.md ✅ 解析 20 候选 → 20 个有效节点 → 去重后新增 11 个
[2026-07-15 00:02:08] 🔗 递归发现仓库 Pawdroid/Free-servers (来源 https://raw.githubusercontent.com/pawdroid/Free-servers/main/static/README-pl.md)
[2026-07-15 00:02:08] 📄 https://raw.githubusercontent.com/pawdroid/Free-servers/main/static/README-ur-PK.md ✅ 解析 20 候选 → 20 个有效节点 → 去重后新增 8 个
[2026-07-15 00:02:08] 🔗 递归发现仓库 Pawdroid/Free-servers (来源 https://raw.githubusercontent.com/pawdroid/Free-servers/main/static/README-ur-PK.md)
[2026-07-15 00:02:08] 📄 https://raw.githubusercontent.com/ninjastrikers/nexus-nodes/main/configs/countries/at/light.txt ✅ 解析 10 候选 → 10 个有效节点 → 去重后新增 6 个
[2026-07-15 00:02:08] 📄 https://raw.githubusercontent.com/ninjastrikers/nexus-nodes/main/configs/countries/ae/shadowsocks.txt ✅ 解析 12 候选 → 12 个有效节点 → 去重后新增 6 个
[2026-07-15 00:02:08] 📄 https://raw.githubusercontent.com/ninjastrikers/nexus-nodes/main/configs/countries/al/all.txt ✅ 解析 3 候选 → 3 个有效节点 → 去重后新增 1 个
[2026-07-15 00:02:08] 📄 https://raw.githubusercontent.com/ninjastrikers/nexus-nodes/main/configs/countries/am/all.txt ✅ 解析 3 候选 → 3 个有效节点 → 去重后新增 1 个
[2026-07-15 00:02:08] 📄 https://raw.githubusercontent.com/ninjastrikers/nexus-nodes/main/configs/countries/ae/light.txt ✅ 解析 26 候选 → 26 个有效节点 → 去重后新增 9 个
[2026-07-15 00:02:08] 📄 https://raw.githubusercontent.com/ninjastrikers/nexus-nodes/main/configs/countries/az/light.txt ✅ 解析 11 候选 → 11 个有效节点 → 去重后新增 9 个
[2026-07-15 00:02:08] 📄 https://raw.githubusercontent.com/ninjastrikers/nexus-nodes/main/configs/countries/au/all.txt ✅ 解析 56 候选 → 56 个有效节点 → 去重后新增 14 个
[2026-07-15 00:02:08] 📄 https://raw.githubusercontent.com/ninjastrikers/nexus-nodes/main/configs/countries/be/all.txt ✅ 解析 14 候选 → 14 个有效节点 → 去重后新增 10 个
[2026-07-15 00:02:08] 📄 https://raw.githubusercontent.com/ninjastrikers/nexus-nodes/main/configs/countries/ba/all.txt ✅ 解析 5 候选 → 5 个有效节点 → 去重后新增 4 个
[2026-07-15 00:02:08] 📄 https://raw.githubusercontent.com/ninjastrikers/nexus-nodes/main/configs/countries/bg/vless.txt ✅ 解析 3 候选 → 3 个有效节点 → 去重后新增 3 个
[2026-07-15 00:02:08] 📄 https://raw.githubusercontent.com/ninjastrikers/nexus-nodes/main/configs/countries/bg/shadowsocks.txt ✅ 解析 3 候选 → 3 个有效节点 → 去重后新增 2 个
[2026-07-15 00:02:08] 📄 https://raw.githubusercontent.com/ninjastrikers/nexus-nodes/main/configs/countries/br/vmess.txt ✅ 解析 7 候选 → 7 个有效节点 → 去重后新增 1 个[2026-07-15 00:02:09] 📄 https://raw.githubusercontent.com/ninjastrikers/nexus-nodes/main/configs/countries/br/vless.txt ✅ 解析 11 候选 → 11 个有效节点 → 去重后新增 9 个
[2026-07-15 00:02:09] 📄 https://raw.githubusercontent.com/ninjastrikers/nexus-nodes/main/configs/countries/br/all.txt ✅ 解析 21 候选 → 21 个有效节点 → 去重后新增 1 个

[2026-07-15 00:02:09] 📄 https://raw.githubusercontent.com/ninjastrikers/nexus-nodes/main/configs/countries/by/light.txt ✅ 解析 1 候选 → 1 个有效节点 → 去重后新增 1 个
[2026-07-15 00:02:09] 📄 https://raw.githubusercontent.com/ninjastrikers/nexus-nodes/main/configs/countries/bz/trojan.txt ✅ 解析 1 候选 → 1 个有效节点 → 去重后新增 1 个
[2026-07-15 00:02:09] 📄 https://raw.githubusercontent.com/ninjastrikers/nexus-nodes/main/configs/countries/bz/vless.txt ✅ 解析 6 候选 → 6 个有效节点 → 去重后新增 5 个
[2026-07-15 00:02:09] 📄 https://raw.githubusercontent.com/ninjastrikers/nexus-nodes/main/configs/countries/ch/light.txt ✅ 解析 36 候选 → 36 个有效节点 → 去重后新增 31 个
[2026-07-15 00:02:09] 📄 https://raw.githubusercontent.com/ninjastrikers/nexus-nodes/main/configs/countries/cl/all.txt ✅ 解析 5 候选 → 5 个有效节点 → 去重后新增 2 个
[2026-07-15 00:02:09] ⏱️ Code [9/26] trojan:// extension:txt | 4s | +344 节点[2026-07-15 00:02:09] 📄 https://raw.githubusercontent.com/ninjastrikers/nexus-nodes/main/configs/countries/ca/light.txt ✅ 解析 91 候选 → 91 个有效节点 → 去重后新增 69 个

[2026-07-15 00:02:09] 👤 遍历用户仓库: ermaozi[2026-07-15 00:02:09] 📄 https://raw.githubusercontent.com/ninjastrikers/nexus-nodes/main/configs/countries/cn/shadowsocks.txt ✅ 解析 76 候选 → 76 个有效节点 → 去重后新增 4 个

[2026-07-15 00:02:10] 📄 https://raw.githubusercontent.com/ninjastrikers/nexus-nodes/main/configs/countries/cn/vmess.txt ✅ 解析 22 候选 → 22 个有效节点 → 去重后新增 1 个
[2026-07-15 00:02:10] 📄 https://raw.githubusercontent.com/ninjastrikers/nexus-nodes/main/configs/countries/cr/light.txt ✅ 解析 20 候选 → 20 个有效节点 → 去重后新增 5 个
[2026-07-15 00:02:10] 📄 https://raw.githubusercontent.com/ninjastrikers/nexus-nodes/main/configs/countries/cr/trojan.txt ✅ 解析 1 候选 → 1 个有效节点 → 去重后新增 1 个[2026-07-15 00:02:10] 📄 https://raw.githubusercontent.com/ninjastrikers/nexus-nodes/main/configs/countries/ca/shadowsocks.txt ✅ 解析 229 候选 → 229 个有效节点 → 去重后新增 81 个[2026-07-15 00:02:10] 📄 https://raw.githubusercontent.com/ninjastrikers/nexus-nodes/main/configs/countries/cn/vless.txt ✅ 解析 1 候选 → 1 个有效节点 → 去重后新增 1 个


[2026-07-15 00:02:10] 📄 https://raw.githubusercontent.com/ninjastrikers/nexus-nodes/main/configs/countries/ca/vless.txt ✅ 解析 269 候选 → 269 个有效节点 → 去重后新增 193 个
[2026-07-15 00:02:10] 📄 https://raw.githubusercontent.com/ninjastrikers/nexus-nodes/main/configs/countries/cw/light.txt ✅ 解析 4 候选 → 4 个有效节点 → 去重后新增 4 个
[2026-07-15 00:02:10] 📄 https://raw.githubusercontent.com/ninjastrikers/nexus-nodes/main/configs/countries/cy/shadowsocks.txt ✅ 解析 2 候选 → 2 个有效节点 → 去重后新增 1 个
[2026-07-15 00:02:10] 📄 https://raw.githubusercontent.com/ninjastrikers/nexus-nodes/main/configs/countries/cy/vless.txt ✅ 解析 3 候选 → 3 个有效节点 → 去重后新增 3 个
[2026-07-15 00:02:10] 📄 https://raw.githubusercontent.com/ninjastrikers/nexus-nodes/main/configs/countries/cz/light.txt ✅ 解析 11 候选 → 11 个有效节点 → 去重后新增 6 个
[2026-07-15 00:02:10] 📄 https://raw.githubusercontent.com/ninjastrikers/nexus-nodes/main/configs/all.txt ✅ 解析 1523 候选 → 1523 个有效节点 → 去重后新增 702 个
[2026-07-15 00:02:10] 📄 https://raw.githubusercontent.com/ninjastrikers/nexus-nodes/main/configs/countries/ca/trojan.txt ✅ 解析 119 候选 → 119 个有效节点 → 去重后新增 69 个
[2026-07-15 00:02:10] 📄 https://raw.githubusercontent.com/ninjastrikers/nexus-nodes/main/configs/countries/de/shadowsocks.txt ✅ 解析 128 候选 → 128 个有效节点 → 去重后新增 81 个
[2026-07-15 00:02:11] 📄 https://raw.githubusercontent.com/ninjastrikers/nexus-nodes/main/configs/countries/de/light.txt ✅ 解析 73 候选 → 73 个有效节点 → 去重后新增 13 个
[2026-07-15 00:02:11] 📄 https://raw.githubusercontent.com/ninjastrikers/nexus-nodes/main/configs/countries/dk/all.txt ✅ 解析 6 候选 → 6 个有效节点 → 去重后新增 3 个[2026-07-15 00:02:11] 📄 https://raw.githubusercontent.com/ninjastrikers/nexus-nodes/main/configs/countries/ee/light.txt ✅ 解析 8 候选 → 8 个有效节点 → 去重后新增 2 个
[2026-07-15 00:02:11] 📄 https://raw.githubusercontent.com/ninjastrikers/nexus-nodes/main/configs/countries/de/trojan.txt ✅ 解析 53 候选 → 53 个有效节点 → 去重后新增 13 个
[2026-07-15 00:02:11] 📄 https://raw.githubusercontent.com/ninjastrikers/nexus-nodes/main/configs/countries/eg/all.txt ✅ 解析 2 候选 → 2 个有效节点 → 去重后新增 2 个
[2026-07-15 00:02:11] 📄 https://raw.githubusercontent.com/ninjastrikers/nexus-nodes/main/configs/countries/ca/vmess.txt ✅ 解析 411 候选 → 411 个有效节点 → 去重后新增 8 个

[2026-07-15 00:02:11] 📄 https://raw.githubusercontent.com/ninjastrikers/nexus-nodes/main/configs/countries/de/vless.txt ✅ 解析 225 候选 → 225 个有效节点 → 去重后新增 148 个
[2026-07-15 00:02:11] 📄 https://raw.githubusercontent.com/ninjastrikers/nexus-nodes/main/configs/countries/es/vless.txt ✅ 解析 7 候选 → 7 个有效节点 → 去重后新增 1 个[2026-07-15 00:02:11] 📄 https://raw.githubusercontent.com/ninjastrikers/nexus-nodes/main/configs/countries/fi/shadowsocks.txt ✅ 解析 14 候选 → 14 个有效节点 → 去重后新增 7 个
[2026-07-15 00:02:11] 📄 https://raw.githubusercontent.com/ninjastrikers/nexus-nodes/main/configs/countries/es/light.txt ✅ 解析 35 候选 → 35 个有效节点 → 去重后新增 3 个

[2026-07-15 00:02:11] 📄 https://raw.githubusercontent.com/ninjastrikers/nexus-nodes/main/configs/countries/de/vmess.txt ✅ 解析 127 候选 → 127 个有效节点 → 去重后新增 5 个[2026-07-15 00:02:11] 仓库 https://github.com/Pawdroid/Free-servers (分支: main, size: 84KB, pushed: 2026-07-14T16:00:39Z)[2026-07-15 00:02:11] 仓库 https://github.com/Pawdroid/Free-servers (分支: main, size: 84KB, pushed: 2026-07-14T16:00:39Z)


[2026-07-15 00:02:12] 📄 https://raw.githubusercontent.com/ninjastrikers/nexus-nodes/main/configs/countries/fi/all.txt ✅ 解析 63 候选 → 63 个有效节点 → 去重后新增 15 个
[2026-07-15 00:02:12] 📄 https://raw.githubusercontent.com/ninjastrikers/nexus-nodes/main/configs/countries/fr/shadowsocks.txt ✅ 解析 66 候选 → 66 个有效节点 → 去重后新增 24 个[2026-07-15 00:02:12] 📄 https://raw.githubusercontent.com/ninjastrikers/nexus-nodes/main/configs/countries/fr/trojan.txt ✅ 解析 73 候选 → 73 个有效节点 → 去重后新增 6 个

[2026-07-15 00:02:12] 📄 https://raw.githubusercontent.com/ninjastrikers/nexus-nodes/main/configs/countries/fr/light.txt ✅ 解析 70 候选 → 70 个有效节点 → 去重后新增 10 个[2026-07-15 00:02:12] 📄 https://raw.githubusercontent.com/ninjastrikers/nexus-nodes/main/configs/countries/gb/trojan.txt ✅ 解析 23 候选 → 23 个有效节点 → 去重后新增 4 个
[2026-07-15 00:02:12] 📄 https://raw.githubusercontent.com/ninjastrikers/nexus-nodes/main/configs/countries/ca/all.txt ✅ 解析 721 候选 → 721 个有效节点 → 去重后新增 95 个[2026-07-15 00:02:12] 📄 https://raw.githubusercontent.com/ninjastrikers/nexus-nodes/main/configs/countries/fr/vmess.txt ✅ 解析 79 候选 → 79 个有效节点 → 去重后新增 1 个


[2026-07-15 00:02:12] 📄 https://raw.githubusercontent.com/ninjastrikers/nexus-nodes/main/configs/countries/gb/shadowsocks.txt ✅ 解析 191 候选 → 191 个有效节点 → 去重后新增 30 个
[2026-07-15 00:02:13] 📄 https://raw.githubusercontent.com/ninjastrikers/nexus-nodes/main/configs/countries/gr/light.txt ✅ 解析 4 候选 → 4 个有效节点 → 去重后新增 2 个
[2026-07-15 00:02:13] 📄 https://raw.githubusercontent.com/ninjastrikers/nexus-nodes/main/configs/countries/fr/vless.txt ✅ 解析 115 候选 → 115 个有效节点 → 去重后新增 60 个
[2026-07-15 00:02:13] 📄 https://raw.githubusercontent.com/ninjastrikers/nexus-nodes/main/configs/countries/hk/shadowsocks.txt ✅ 解析 24 候选 → 24 个有效节点 → 去重后新增 5 个
[2026-07-15 00:02:13] 📄 https://raw.githubusercontent.com/ninjastrikers/nexus-nodes/main/configs/countries/hk/vless.txt ✅ 解析 31 候选 → 31 个有效节点 → 去重后新增 20 个
[2026-07-15 00:02:13] 仓库 https://github.com/Pawdroid/Free-servers (分支: main, size: 84KB, pushed: 2026-07-14T16:00:39Z)[2026-07-15 00:02:13] 仓库 https://github.com/Pawdroid/Free-servers (分支: main, size: 84KB, pushed: 2026-07-14T16:00:39Z)[2026-07-15 00:02:13] 仓库 https://github.com/Pawdroid/Free-servers (分支: main, size: 84KB, pushed: 2026-07-14T16:00:39Z)[2026-07-15 00:02:13] 仓库 https://github.com/Pawdroid/Free-servers (分支: main, size: 84KB, pushed: 2026-07-14T16:00:39Z)[2026-07-15 00:02:13] 仓库 https://github.com/Pawdroid/Free-servers (分支: main, size: 84KB, pushed: 2026-07-14T16:00:39Z)[2026-07-15 00:02:13] 仓库 https://github.com/Pawdroid/Free-servers (分支: main, size: 84KB, pushed: 2026-07-14T16:00:39Z)

[2026-07-15 00:02:14] 仓库 https://github.com/Pawdroid/Free-servers (分支: main, size: 84KB, pushed: 2026-07-14T16:00:39Z)[2026-07-15 00:02:14] 仓库 https://github.com/Pawdroid/Free-servers (分支: main, size: 84KB, pushed: 2026-07-14T16:00:39Z)[2026-07-15 00:02:14] 仓库 https://github.com/Pawdroid/Free-servers (分支: main, size: 84KB, pushed: 2026-07-14T16:00:39Z)

[2026-07-15 00:02:14] 仓库 https://github.com/Pawdroid/Free-servers (分支: main, size: 84KB, pushed: 2026-07-14T16:00:39Z)[2026-07-15 00:02:14] 仓库 https://github.com/Pawdroid/Free-servers (分支: main, size: 84KB, pushed: 2026-07-14T16:00:39Z)





[2026-07-15 00:02:14] 仓库 https://github.com/Pawdroid/Free-servers (分支: main, size: 84KB, pushed: 2026-07-14T16:00:39Z)[2026-07-15 00:02:14] 仓库 https://github.com/Pawdroid/Free-servers (分支: main, size: 84KB, pushed: 2026-07-14T16:00:39Z)[2026-07-15 00:02:14] 仓库 https://github.com/Pawdroid/Free-servers (分支: main, size: 84KB, pushed: 2026-07-14T16:00:39Z)



[2026-07-15 00:02:14] 📄 https://raw.githubusercontent.com/ninjastrikers/nexus-nodes/main/configs/countries/hu/all.txt ✅ 解析 19 候选 → 19 个有效节点 → 去重后新增 1 个
[2026-07-15 00:02:14] 📄 https://raw.githubusercontent.com/ninjastrikers/nexus-nodes/main/configs/countries/gb/vless.txt ✅ 解析 97 候选 → 97 个有效节点 → 去重后新增 52 个
[2026-07-15 00:02:14] 📄 https://raw.githubusercontent.com/ninjastrikers/nexus-nodes/main/configs/countries/hk/trojan.txt ✅ 解析 148 候选 → 148 个有效节点 → 去重后新增 106 个
[2026-07-15 00:02:14] 📄 https://raw.githubusercontent.com/ninjastrikers/nexus-nodes/main/configs/countries/hk/vmess.txt ✅ 解析 193 候选 → 193 个有效节点 → 去重后新增 3 个
[2026-07-15 00:02:14] 📄 https://raw.githubusercontent.com/ninjastrikers/nexus-nodes/main/configs/countries/gb/all.txt ✅ 解析 361 候选 → 361 个有效节点 → 去重后新增 1 个
[2026-07-15 00:02:14] 📄 https://raw.githubusercontent.com/ninjastrikers/nexus-nodes/main/configs/countries/de/all.txt ✅ 解析 567 候选 → 567 个有效节点 → 去重后新增 49 个
[2026-07-15 00:02:14] 📄 https://raw.githubusercontent.com/ninjastrikers/nexus-nodes/main/configs/countries/ie/light.txt ✅ 解析 27 候选 → 27 个有效节点 → 去重后新增 10 个[2026-07-15 00:02:14] 📄 https://raw.githubusercontent.com/ninjastrikers/nexus-nodes/main/configs/countries/il/light.txt ✅ 解析 4 候选 → 4 个有效节点 → 去重后新增 3 个

[2026-07-15 00:02:14] 📄 https://raw.githubusercontent.com/ninjastrikers/nexus-nodes/main/configs/countries/in/light.txt ✅ 解析 30 候选 → 30 个有效节点 → 去重后新增 6 个
[2026-07-15 00:02:14] 📄 https://raw.githubusercontent.com/ninjastrikers/nexus-nodes/main/configs/countries/ir/shadowsocks.txt ✅ 解析 494 候选 → 494 个有效节点 → 去重后新增 13 个
[2026-07-15 00:02:14] 📄 https://raw.githubusercontent.com/ninjastrikers/nexus-nodes/main/configs/countries/it/all.txt ✅ 解析 80 候选 → 80 个有效节点 → 去重后新增 41 个
[2026-07-15 00:02:14] 📄 https://raw.githubusercontent.com/ninjastrikers/nexus-nodes/main/configs/countries/ir/vmess.txt ✅ 解析 31 候选 → 31 个有效节点 → 去重后新增 6 个
[2026-07-15 00:02:14] 📄 https://raw.githubusercontent.com/ninjastrikers/nexus-nodes/main/configs/countries/ir/light.txt ✅ 解析 96 候选 → 96 个有效节点 → 去重后新增 4 个
[2026-07-15 00:02:14] 📄 https://raw.githubusercontent.com/ninjastrikers/nexus-nodes/main/configs/countries/jp/shadowsocks.txt ✅ 解析 35 候选 → 35 个有效节点 → 去重后新增 7 个
[2026-07-15 00:02:14] 📄 https://raw.githubusercontent.com/ninjastrikers/nexus-nodes/main/configs/countries/it/trojan.txt ✅ 解析 2 候选 → 2 个有效节点 → 去重后新增 2 个
[2026-07-15 00:02:14] 📄 https://raw.githubusercontent.com/ninjastrikers/nexus-nodes/main/configs/countries/ir/trojan.txt ✅ 解析 421 候选 → 421 个有效节点 → 去重后新增 54 个
[2026-07-15 00:02:14] 📄 https://raw.githubusercontent.com/ninjastrikers/nexus-nodes/main/configs/countries/kr/all.txt ✅ 解析 119 候选 → 119 个有效节点 → 去重后新增 9 个
[2026-07-15 00:02:14] 📄 https://raw.githubusercontent.com/ninjastrikers/nexus-nodes/main/configs/countries/jp/trojan.txt ✅ 解析 96 候选 → 96 个有效节点 → 去重后新增 19 个[2026-07-15 00:02:14] 📄 https://raw.githubusercontent.com/ninjastrikers/nexus-nodes/main/configs/countries/jp/vless.txt ✅ 解析 53 候选 → 53 个有效节点 → 去重后新增 25 个

[2026-07-15 00:02:15] 📄 https://raw.githubusercontent.com/ninjastrikers/nexus-nodes/main/configs/countries/ir/vless.txt ✅ 解析 309 候选 → 309 个有效节点 → 去重后新增 161 个
[2026-07-15 00:02:15] 📄 https://raw.githubusercontent.com/ninjastrikers/nexus-nodes/main/configs/countries/kz/light.txt ✅ 解析 22 候选 → 22 个有效节点 → 去重后新增 3 个
[2026-07-15 00:02:15] 📄 https://raw.githubusercontent.com/ninjastrikers/nexus-nodes/main/configs/countries/jp/vmess.txt ✅ 解析 77 候选 → 77 个有效节点 → 去重后新增 1 个
[2026-07-15 00:02:15] 📄 https://raw.githubusercontent.com/ninjastrikers/nexus-nodes/main/configs/countries/lu/all.txt ✅ 解析 3 候选 → 3 个有效节点 → 去重后新增 1 个
[2026-07-15 00:02:15] 📄 https://raw.githubusercontent.com/ninjastrikers/nexus-nodes/main/configs/countries/lt/vless.txt ✅ 解析 20 候选 → 20 个有效节点 → 去重后新增 9 个
[2026-07-15 00:02:15] 📄 https://raw.githubusercontent.com/ninjastrikers/nexus-nodes/main/configs/countries/lv/all.txt ✅ 解析 21 候选 → 21 个有效节点 → 去重后新增 2 个
[2026-07-15 00:02:15] 📄 https://raw.githubusercontent.com/ninjastrikers/nexus-nodes/main/configs/countries/lt/all.txt ✅ 解析 27 候选 → 27 个有效节点 → 去重后新增 1 个
[2026-07-15 00:02:15] 📄 https://raw.githubusercontent.com/ninjastrikers/nexus-nodes/main/configs/countries/mk/all.txt ✅ 解析 3 候选 → 3 个有效节点 → 去重后新增 2 个
[2026-07-15 00:02:15] 📄 https://raw.githubusercontent.com/ninjastrikers/nexus-nodes/main/configs/countries/md/shadowsocks.txt ✅ 解析 4 候选 → 4 个有效节点 → 去重后新增 3 个
[2026-07-15 00:02:15] 📄 https://raw.githubusercontent.com/ninjastrikers/nexus-nodes/main/configs/countries/md/all.txt ✅ 解析 6 候选 → 6 个有效节点 → 去重后新增 1 个[2026-07-15 00:02:15] 📄 https://raw.githubusercontent.com/ninjastrikers/nexus-nodes/main/configs/countries/mo/light.txt ✅ 解析 4 候选 → 4 个有效节点 → 去重后新增 1 个

[2026-07-15 00:02:15] 📄 https://raw.githubusercontent.com/ninjastrikers/nexus-nodes/main/configs/countries/ir/all.txt ✅ 解析 1332 候选 → 1332 个有效节点 → 去重后新增 5 个
[2026-07-15 00:02:15] 📄 https://raw.githubusercontent.com/ninjastrikers/nexus-nodes/main/configs/countries/mx/light.txt ✅ 解析 3 候选 → 3 个有效节点 → 去重后新增 1 个
[2026-07-15 00:02:15] 📄 https://raw.githubusercontent.com/ninjastrikers/nexus-nodes/main/configs/countries/my/vless.txt ✅ 解析 2 候选 → 2 个有效节点 → 去重后新增 1 个
[2026-07-15 00:02:16] 📄 https://raw.githubusercontent.com/ninjastrikers/nexus-nodes/main/configs/countries/nl/trojan.txt ✅ 解析 24 候选 → 24 个有效节点 → 去重后新增 4 个
[2026-07-15 00:02:16] 📄 https://raw.githubusercontent.com/ninjastrikers/nexus-nodes/main/configs/countries/ng/all.txt ✅ 解析 2 候选 → 2 个有效节点 → 去重后新增 1 个
[2026-07-15 00:02:16] 📄 https://raw.githubusercontent.com/ninjastrikers/nexus-nodes/main/configs/countries/my/light.txt ✅ 解析 19 候选 → 19 个有效节点 → 去重后新增 5 个
[2026-07-15 00:02:16] 📄 https://raw.githubusercontent.com/ninjastrikers/nexus-nodes/main/configs/countries/nl/light.txt ✅ 解析 62 候选 → 62 个有效节点 → 去重后新增 1 个
[2026-07-15 00:02:16] 📄 https://raw.githubusercontent.com/ninjastrikers/nexus-nodes/main/configs/countries/no/shadowsocks.txt ✅ 解析 3 候选 → 3 个有效节点 → 去重后新增 2 个
[2026-07-15 00:02:16] 📄 https://raw.githubusercontent.com/ninjastrikers/nexus-nodes/main/configs/countries/nl/vless.txt ✅ 解析 159 候选 → 159 个有效节点 → 去重后新增 97 个
[2026-07-15 00:02:16] 📄 https://raw.githubusercontent.com/ninjastrikers/nexus-nodes/main/configs/countries/pa/light.txt ✅ 解析 1 候选 → 1 个有效节点 → 去重后新增 1 个
[2026-07-15 00:02:16] 📄 https://raw.githubusercontent.com/ninjastrikers/nexus-nodes/main/configs/countries/nl/shadowsocks.txt ✅ 解析 163 候选 → 163 个有效节点 → 去重后新增 22 个
[2026-07-15 00:02:16] 📄 https://raw.githubusercontent.com/ninjastrikers/nexus-nodes/main/configs/countries/pl/shadowsocks.txt ✅ 解析 61 候选 → 61 个有效节点 → 去重后新增 8 个
[2026-07-15 00:02:16] 📄 https://raw.githubusercontent.com/ninjastrikers/nexus-nodes/main/configs/countries/nl/all.txt ✅ 解析 393 候选 → 393 个有效节点 → 去重后新增 6 个
[2026-07-15 00:02:16] 📄 https://raw.githubusercontent.com/ninjastrikers/nexus-nodes/main/configs/countries/pl/all.txt ✅ 解析 121 候选 → 121 个有效节点 → 去重后新增 8 个
[2026-07-15 00:02:16] 🔗 查子仓库: ninjastrikers/nexus-nodes
[2026-07-15 00:02:20] ⏱️ Code [10/26] ss:// extension:txt | 10s | +2387 节点
[2026-07-15 00:02:24] 仓库 https://github.com/Pawdroid/Free-servers 候选文件 16 个[2026-07-15 00:02:24] 仓库 https://github.com/Pawdroid/Free-servers 候选文件 16 个[2026-07-15 00:02:24] 仓库 https://github.com/Pawdroid/Free-servers 候选文件 16 个


[2026-07-15 00:02:25] 👤 遍历用户仓库: Pawdroid
[2026-07-15 00:02:25] 👤 遍历用户仓库: Pawdroid
[2026-07-15 00:02:25] 👤 遍历用户仓库: Pawdroid
[2026-07-15 00:02:26] Code搜索第1页 返回 403 (尝试 1/2)[2026-07-15 00:02:26]   👤 用户仓库: 22 个 → 队列
[2026-07-15 00:02:26] 仓库 https://github.com/Pawdroid/Free-servers 无候选文件 (总计 49 blob, 扩展名过滤 17, processed_shas 跳过 32, SHA 缓存跳过 0)
[2026-07-15 00:02:26] 仓库 https://github.com/Pawdroid/Free-servers 无候选文件 (总计 49 blob, 扩展名过滤 17, processed_shas 跳过 32, SHA 缓存跳过 0)[2026-07-15 00:02:26] 仓库 https://github.com/Pawdroid/Free-servers 无候选文件 (总计 49 blob, 扩展名过滤 17, processed_shas 跳过 32, SHA 缓存跳过 0)[2026-07-15 00:02:26] 仓库 https://github.com/Pawdroid/Free-servers 无候选文件 (总计 49 blob, 扩展名过滤 17, processed_shas 跳过 32, SHA 缓存跳过 0)[2026-07-15 00:02:26]   用户 ermaozi 共查 22 个仓库[2026-07-15 00:02:26] 仓库 https://github.com/Pawdroid/Free-servers 无候选文件 (总计 49 blob, 扩展名过滤 17, processed_shas 跳过 32, SHA 缓存跳过 0)[2026-07-15 00:02:26] 仓库 https://github.com/Pawdroid/Free-servers 无候选文件 (总计 49 blob, 扩展名过滤 17, processed_shas 跳过 32, SHA 缓存跳过 0)
[2026-07-15 00:02:26] 仓库 https://github.com/Pawdroid/Free-servers 无候选文件 (总计 49 blob, 扩展名过滤 17, processed_shas 跳过 32, SHA 缓存跳过 0)[2026-07-15 00:02:26] 仓库 https://github.com/Pawdroid/Free-servers 无候选文件 (总计 49 blob, 扩展名过滤 17, processed_shas 跳过 32, SHA 缓存跳过 0)





[2026-07-15 00:02:26] 仓库 https://github.com/Pawdroid/Free-servers 无候选文件 (总计 49 blob, 扩展名过滤 17, processed_shas 跳过 32, SHA 缓存跳过 0)
[2026-07-15 00:02:26] 👤 遍历用户仓库: Pawdroid
[2026-07-15 00:02:26] 触发限流，等待 25s ...[2026-07-15 00:02:26] 👤 遍历用户仓库: Pawdroid[2026-07-15 00:02:26] 👤 遍历用户仓库: Pawdroid
[2026-07-15 00:02:26] 👤 遍历用户仓库: Pawdroid[2026-07-15 00:02:26] 👤 遍历用户仓库: Pawdroid[2026-07-15 00:02:26] 👤 遍历用户仓库: Pawdroid
[2026-07-15 00:02:26] 👤 遍历用户仓库: Pawdroid
[2026-07-15 00:02:26] 仓库 https://github.com/Pawdroid/Free-servers 无候选文件 (总计 49 blob, 扩展名过滤 17, processed_shas 跳过 32, SHA 缓存跳过 0)


[2026-07-15 00:02:26] 仓库 https://github.com/sevcator/5ubscrpt10n (分支: main, size: 66146678KB, pushed: 2026-07-14T14:59:58Z)


[2026-07-15 00:02:26] 👤 遍历用户仓库: Pawdroid


[2026-07-15 00:02:26] 👤 遍历用户仓库: Pawdroid[2026-07-15 00:02:26] 👤 遍历用户仓库: Pawdroid

[2026-07-15 00:02:28] 仓库 https://github.com/Pawdroid/Free-servers 无候选文件 (总计 49 blob, 扩展名过滤 17, processed_shas 跳过 32, SHA 缓存跳过 0)[2026-07-15 00:02:28] 仓库 https://github.com/Pawdroid/Free-servers 无候选文件 (总计 49 blob, 扩展名过滤 17, processed_shas 跳过 32, SHA 缓存跳过 0)
[2026-07-15 00:02:28] 仓库 https://github.com/Pawdroid/Free-servers 无候选文件 (总计 49 blob, 扩展名过滤 17, processed_shas 跳过 32, SHA 缓存跳过 0)
[2026-07-15 00:02:28] 👤 遍历用户仓库: Pawdroid[2026-07-15 00:02:28] 👤 遍历用户仓库: Pawdroid


[2026-07-15 00:02:28] 👤 遍历用户仓库: Pawdroid
[2026-07-15 00:02:36]   Compare API 返回 24 个变更文件 (3 次 API 调用)
[2026-07-15 00:02:36]   commits 过滤: 1513 → 2 (变更文件 24 个)
[2026-07-15 00:02:36] 仓库 https://github.com/mahdibland/ShadowsocksAggregator 候选文件 2 个
[2026-07-15 00:02:40]   🍴 子仓库: 6 个 → 队列
[2026-07-15 00:02:40] 🔗 开始 Fork 链追踪 (ninjastrikers/nexus-nodes)
[2026-07-15 00:02:41] 👤 遍历用户仓库: mahdibland
[2026-07-15 00:02:42] 仓库 https://github.com/sevcator/5ubscrpt10n 候选文件较多 (305 个)，先通过 commits API 过滤
[2026-07-15 00:02:42]   👤 用户仓库: 17 个 → 队列
[2026-07-15 00:02:42]   用户 Pawdroid 共查 17 个仓库
[2026-07-15 00:02:42] 🔗 发现仓库链接 Cenmrev/V2Ray (来源 https://raw.githubusercontent.com/pawdroid/Free-servers/main/static/README-bn.md)
[2026-07-15 00:02:50]   用户 Pawdroid 共查 0 个仓库
[2026-07-15 00:02:50] 🔗 发现仓库链接 Cenmrev/V2Ray (来源 https://raw.githubusercontent.com/pawdroid/Free-servers/main/static/README-fr.md)[2026-07-15 00:02:50]   用户 Pawdroid 共查 0 个仓库

[2026-07-15 00:02:50]   用户 Pawdroid 共查 0 个仓库[2026-07-15 00:02:50]   用户 Pawdroid 共查 0 个仓库[2026-07-15 00:02:50]   用户 Pawdroid 共查 0 个仓库


[2026-07-15 00:02:50]   用户 Pawdroid 共查 0 个仓库
[2026-07-15 00:02:50]   用户 Pawdroid 共查 0 个仓库
[2026-07-15 00:02:50]   用户 Pawdroid 共查 0 个仓库
[2026-07-15 00:02:50]   用户 Pawdroid 共查 0 个仓库
[2026-07-15 00:02:50]   用户 Pawdroid 共查 0 个仓库
[2026-07-15 00:02:50]   用户 Pawdroid 共查 0 个仓库
[2026-07-15 00:02:50]   用户 Pawdroid 共查 0 个仓库
[2026-07-15 00:02:50]   用户 Pawdroid 共查 0 个仓库
[2026-07-15 00:02:50]   用户 Pawdroid 共查 0 个仓库
[2026-07-15 00:02:50] 👤 遍历用户仓库: ninjastrikers
[2026-07-15 00:02:52] repo info (Cenmrev/V2Ray) 404，跳过[2026-07-15 00:02:52]   用户 Pawdroid 共查 0 个仓库

[2026-07-15 00:03:02] repo info (Cenmrev/V2Ray) 404，跳过
[2026-07-15 00:03:02] ⏱️ Code [11/26] hysteria2:// extension:txt | 42s | +0 节点
[2026-07-15 00:03:02] 🔗 查子仓库: pawdroid/Free-servers
[2026-07-15 00:03:04]   👤 用户仓库: 20 个 → 队列
[2026-07-15 00:03:04]   用户 mahdibland 共查 20 个仓库
[2026-07-15 00:03:04] 🔗 查子仓库: mahdibland/V2RayAggregator
[2026-07-15 00:03:06]   👤 用户仓库: 30 个 → 队列[2026-07-15 00:03:06] ⏱️ Code [12/26] tuic:// extension:txt | 4s | +0 节点

[2026-07-15 00:03:06]   用户 ninjastrikers 共查 30 个仓库
[2026-07-15 00:03:06] 仓库 https://github.com/roosterkid/openproxylist (分支: main, size: 1069363KB, pushed: 2026-07-14T16:00:31Z)
[2026-07-15 00:03:06] 仓库 https://github.com/roosterkid/openproxylist 候选文件 9 个
[2026-07-15 00:03:09] 📄 https://raw.githubusercontent.com/roosterkid/openproxylist/main/V2RAY.txt ✅ 解析 119 候选 → 119 个有效节点 → 去重后新增 23 个
[2026-07-15 00:03:09]   🍴 子仓库: 30 个 → 队列
[2026-07-15 00:03:09] 🔗 开始 Fork 链追踪 (pawdroid/Free-servers)
[2026-07-15 00:03:09] ⏱️ Code [13/26] vmess:// extension:json | 3s | +23 节点[2026-07-15 00:03:09]   Compare API 返回 142 个变更文件 (3 次 API 调用)

[2026-07-15 00:03:09]   commits 过滤: 305 → 140 (变更文件 142 个)
[2026-07-15 00:03:09] 仓库 https://github.com/sevcator/5ubscrpt10n 候选文件 140 个
[2026-07-15 00:03:09] 🔗 查子仓库: roosterkid/openproxylist
[2026-07-15 00:03:10] 📄 https://raw.githubusercontent.com/sevcator/5ubscrpt10n/main/mini/m1n1-5ub-11.txt ✅ 解析 3505 候选 → 3505 个有效节点 → 去重后新增 3490 个
[2026-07-15 00:03:11]   🍴 子仓库: 30 个 → 队列
[2026-07-15 00:03:11] 🔗 开始 Fork 链追踪 (mahdibland/V2RayAggregator)
[2026-07-15 00:03:11] 📦 批次 0002 已持久化: /home/runner/work/test-college/test-college/batches/no_batch_0002.txt (6264 个节点, 累计 11275 个)
[2026-07-15 00:03:11] 📄 https://raw.githubusercontent.com/sevcator/5ubscrpt10n/main/mini/m1n1-5ub-13.txt ✅ 解析 3834 候选 → 3834 个有效节点 → 去重后新增 3570 个
[2026-07-15 00:03:12] SHA 缓存已保存: 31894 条, 1 分片
[2026-07-15 00:03:13] 👤 遍历用户仓库: pawdroid[2026-07-15 00:03:13] ⏱️ Code [14/26] vless:// extension:json | 4s | +7060 节点

[2026-07-15 00:03:13] 👤 遍历用户仓库: mahdibland
[2026-07-15 00:03:13] 📄 https://raw.githubusercontent.com/sevcator/5ubscrpt10n/main/mini/m1n1-5ub-10.txt ✅ 解析 3948 候选 → 3948 个有效节点 → 去重后新增 3055 个
[2026-07-15 00:03:14] 📦 批次 0003 已持久化: /home/runner/work/test-college/test-college/batches/no_batch_0003.txt (6625 个节点, 累计 17900 个)
[2026-07-15 00:03:14] ⏱️ Code [15/26] hysteria2:// extension:json | 1s | +3055 节点
[2026-07-15 00:03:15] 📄 https://raw.githubusercontent.com/sevcator/5ubscrpt10n/main/mini/m1n1-5ub-12.txt ✅ 解析 2650 候选 → 2650 个有效节点 → 去重后新增 2071 个
[2026-07-15 00:03:16] SHA 缓存已保存: 31896 条, 1 分片
[2026-07-15 00:03:16] 📄 https://raw.githubusercontent.com/sevcator/5ubscrpt10n/main/mini/m1n1-5ub-17.txt ✅ 解析 4919 候选 → 4919 个有效节点 → 去重后新增 4502 个
[2026-07-15 00:03:16] 📦 批次 0004 已持久化: /home/runner/work/test-college/test-college/batches/no_batch_0004.txt (6573 个节点, 累计 24473 个)
[2026-07-15 00:03:17] 📄 https://raw.githubusercontent.com/sevcator/5ubscrpt10n/main/mini/m1n1-5ub-18.txt ✅ 解析 4457 候选 → 4457 个有效节点 → 去重后新增 3734 个
[2026-07-15 00:03:17] 📄 https://raw.githubusercontent.com/sevcator/5ubscrpt10n/main/mini/m1n1-5ub-21.txt ✅ 解析 4132 候选 → 4132 个有效节点 → 去重后新增 3167 个
[2026-07-15 00:03:17] 📄 https://raw.githubusercontent.com/sevcator/5ubscrpt10n/main/mini/m1n1-5ub-14.txt ✅ 解析 1706 候选 → 1706 个有效节点 → 去重后新增 1020 个[2026-07-15 00:03:18] 📦 批次 0005 已持久化: /home/runner/work/test-college/test-college/batches/no_batch_0005.txt (6901 个节点, 累计 32394 个)

[2026-07-15 00:03:18] 📄 https://raw.githubusercontent.com/sevcator/5ubscrpt10n/main/mini/m1n1-5ub-19.txt ✅ 解析 4722 候选 → 4722 个有效节点 → 去重后新增 3739 个
[2026-07-15 00:03:18] ⏱️ Code [16/26] tuic:// extension:json | 4s | +18233 节点
[2026-07-15 00:03:18] SHA 缓存已保存: 31901 条, 1 分片
[2026-07-15 00:03:18]   用户 pawdroid 共查 0 个仓库[2026-07-15 00:03:18] 📄 https://raw.githubusercontent.com/sevcator/5ubscrpt10n/main/mini/m1n1-5ub-16.txt ✅ 解析 4456 候选 → 4456 个有效节点 → 去重后新增 3395 个[2026-07-15 00:03:18]   用户 mahdibland 共查 0 个仓库


[2026-07-15 00:03:19] 📄 https://raw.githubusercontent.com/sevcator/5ubscrpt10n/main/mini/m1n1-5ub-15.txt ✅ 解析 3660 候选 → 3660 个有效节点 → 去重后新增 2898 个[2026-07-15 00:03:19] 仓库 https://github.com/V2RayRoot/V2RayConfig (分支: main, size: 508175KB, pushed: 2026-07-14T14:50:37Z)[2026-07-15 00:03:19] 仓库 https://github.com/Farid-Karimi/Config-Collector (分支: main, size: 324006KB, pushed: 2026-07-14T15:23:46Z)
[2026-07-15 00:03:19] 📦 批次 0006 已持久化: /home/runner/work/test-college/test-college/batches/no_batch_0006.txt (11052 个节点, 累计 42426 个)


[2026-07-15 00:03:19] SHA 缓存已保存: 31903 条, 1 分片
[2026-07-15 00:03:20] 📄 https://raw.githubusercontent.com/sevcator/5ubscrpt10n/main/mini/m1n1-5ub-1.txt ✅ 解析 5703 候选 → 5703 个有效节点 → 去重后新增 1937 个
[2026-07-15 00:03:20] 📄 https://raw.githubusercontent.com/sevcator/5ubscrpt10n/main/mini/m1n1-5ub-20.txt ✅ 解析 4435 候选 → 4435 个有效节点 → 去重后新增 3129 个
[2026-07-15 00:03:20] 📦 批次 0007 已持久化: /home/runner/work/test-college/test-college/batches/no_batch_0007.txt (5066 个节点, 累计 47492 个)
[2026-07-15 00:03:20] SHA 缓存已保存: 31905 条, 1 分片
[2026-07-15 00:03:21] ⏱️ Code [17/26] "type: vmess" extension:yaml | 3s | +13260 节点[2026-07-15 00:03:21]   🍴 子仓库: 30 个 → 队列[2026-07-15 00:03:21] 📄 https://raw.githubusercontent.com/sevcator/5ubscrpt10n/main/mini/m1n1-5ub-2.txt ✅ 解析 5791 候选 → 5791 个有效节点 → 去重后新增 2704 个


[2026-07-15 00:03:21] SHA 缓存已保存: 31906 条, 1 分片
[2026-07-15 00:03:21] 🔗 开始 Fork 链追踪 (roosterkid/openproxylist)
[2026-07-15 00:03:21] 仓库 https://github.com/Farid-Karimi/Config-Collector 候选文件 5 个
[2026-07-15 00:03:21] 👤 遍历用户仓库: roosterkid
[2026-07-15 00:03:21] 仓库 https://github.com/V2RayRoot/V2RayConfig 无候选文件 (总计 19 blob, 扩展名过滤 2, processed_shas 跳过 0, SHA 缓存跳过 17)
[2026-07-15 00:03:21] 🔗 查子仓库: V2RayRoot/V2RayConfig
[2026-07-15 00:03:23] 📄 https://raw.githubusercontent.com/sevcator/5ubscrpt10n/main/mini/m1n1-5ub-22.txt ✅ 解析 5693 候选 → 5693 个有效节点 → 去重后新增 1526 个
[2026-07-15 00:03:23] 📄 https://raw.githubusercontent.com/Farid-Karimi/Config-Collector/main/mixed_iran.txt ✅ 解析 492 候选 → 492 个有效节点 → 去重后新增 24 个
[2026-07-15 00:03:24] ⏱️ Code [18/26] "type: vless" extension:yaml | 2s | +1550 节点
[2026-07-15 00:03:24] 📄 https://raw.githubusercontent.com/sevcator/5ubscrpt10n/main/mini/m1n1-5ub-23.txt ✅ 解析 5048 候选 → 5048 个有效节点 → 去重后新增 2255 个
[2026-07-15 00:03:24] 📦 批次 0008 已持久化: /home/runner/work/test-college/test-college/batches/no_batch_0008.txt (6509 个节点, 累计 54001 个)
[2026-07-15 00:03:25] 📄 https://raw.githubusercontent.com/sevcator/5ubscrpt10n/main/mini/m1n1-5ub-32.txt ✅ 解析 3709 候选 → 3709 个有效节点 → 去重后新增 16 个
[2026-07-15 00:03:26] SHA 缓存已保存: 31910 条, 1 分片
[2026-07-15 00:03:26] ⏱️ Code [19/26] "type: trojan" extension:yaml | 3s | +2271 节点
[2026-07-15 00:03:27]   👤 用户仓库: 12 个 → 队列[2026-07-15 00:03:27]   🍴 子仓库: 19 个 → 队列
[2026-07-15 00:03:27] ⏱️ Code [20/26] "type: hysteria2" extension:json | 0s | +0 节点
[2026-07-15 00:03:27]   用户 roosterkid 共查 12 个仓库
[2026-07-15 00:03:28] 🔗 开始 Fork 链追踪 (V2RayRoot/V2RayConfig)

[2026-07-15 00:03:28] 仓库在黑名单中: https://github.com/ehsanghaffar/config-sub-platform
[2026-07-15 00:03:28] 仓库在黑名单中: https://github.com/Airuop/config-fetcher
[2026-07-15 00:03:29] 仓库 https://github.com/free-nodes/v2rayfree (分支: main, size: 18342KB, pushed: 2026-07-14T13:53:06Z)
[2026-07-15 00:03:29] 📄 https://raw.githubusercontent.com/sevcator/5ubscrpt10n/main/mini/m1n1-5ub-3.txt ✅ 解析 6340 候选 → 6340 个有效节点 → 去重后新增 204 个
[2026-07-15 00:03:30] Code搜索第1页 返回 403 (尝试 1/2)
[2026-07-15 00:03:30] 触发限流，等待 33s ...
[2026-07-15 00:03:30] 👤 遍历用户仓库: V2RayRoot
[2026-07-15 00:03:31] 📄 https://raw.githubusercontent.com/sevcator/5ubscrpt10n/main/mini/m1n1-5ub-5.txt ✅ 解析 6957 候选 → 6957 个有效节点 → 去重后新增 623 个
[2026-07-15 00:03:32] 📄 https://raw.githubusercontent.com/Farid-Karimi/Config-Collector/main/ss_iran.txt ✅ 解析 2594 候选 → 2594 个有效节点 → 去重后新增 203 个
[2026-07-15 00:03:32] 仓库 https://github.com/free-nodes/v2rayfree 候选文件 3 个
[2026-07-15 00:03:34]   👤 用户仓库: 8 个 → 队列
[2026-07-15 00:03:34]   用户 V2RayRoot 共查 8 个仓库
[2026-07-15 00:03:34] 仓库在黑名单中: https://github.com/crashgfw/free-airport-nodes
[2026-07-15 00:03:35] 仓库在黑名单中: https://github.com/lza6/free-VPN[2026-07-15 00:03:35] 📄 https://raw.githubusercontent.com/sevcator/5ubscrpt10n/main/mini/m1n1-5ub-6.txt ✅ 解析 7606 候选 → 7606 个有效节点 → 去重后新增 1406 个

[2026-07-15 00:03:35] 📄 https://raw.githubusercontent.com/Farid-Karimi/Config-Collector/main/trojan_iran.txt ✅ 解析 458 候选 → 458 个有效节点 → 去重后新增 9 个[2026-07-15 00:03:35] 仓库在黑名单中: https://github.com/guying23/AutoMergePublicNodes

[2026-07-15 00:03:36] 仓库 https://github.com/rtwo2/FastNodes (分支: main, size: 1615405KB, pushed: 2026-07-14T13:35:46Z)
[2026-07-15 00:03:36] 📄 https://raw.githubusercontent.com/sevcator/5ubscrpt10n/main/mini/m1n1-5ub-24.txt ✅ 解析 3096 候选 → 3096 个有效节点 → 去重后新增 1222 个
[2026-07-15 00:03:37] 📄 https://raw.githubusercontent.com/sevcator/5ubscrpt10n/main/working/countries/Afghanistan.txt ✅ 解析 14 候选 → 14 个有效节点 → 去重后新增 4 个
[2026-07-15 00:03:38] 仓库 https://github.com/rtwo2/FastNodes 候选文件较多 (176 个)，先通过 commits API 过滤[2026-07-15 00:03:38] 📄 https://raw.githubusercontent.com/sevcator/5ubscrpt10n/main/working/countries/Albania.txt ✅ 解析 8 候选 → 8 个有效节点 → 去重后新增 1 个
[2026-07-15 00:03:38] 📄 https://raw.githubusercontent.com/sevcator/5ubscrpt10n/main/mini/m1n1-5ub-9.txt ✅ 解析 6859 候选 → 6859 个有效节点 → 去重后新增 2299 个
[2026-07-15 00:03:39] 📄 https://raw.githubusercontent.com/sevcator/5ubscrpt10n/main/mini/m1n1-5ub-25.txt ✅ 解析 3176 候选 → 3176 个有效节点 → 去重后新增 808 个
[2026-07-15 00:03:40] 📄 https://raw.githubusercontent.com/free-nodes/v2rayfree/main/README.md ✅ 解析 606 候选 → 606 个有效节点 → 去重后新增 5 个

[2026-07-15 00:03:40] 📦 批次 0009 已持久化: /home/runner/work/test-college/test-college/batches/no_batch_0009.txt (6795 个节点, 累计 60801 个)
[2026-07-15 00:03:41] 📄 https://raw.githubusercontent.com/sevcator/5ubscrpt10n/main/working/countries/Andorra.txt ✅ 解析 3 候选 → 3 个有效节点 → 去重后新增 1 个
[2026-07-15 00:03:41] 📄 https://raw.githubusercontent.com/sevcator/5ubscrpt10n/main/working/countries/Anguilla.txt ✅ 解析 7 候选 → 7 个有效节点 → 去重后新增 2 个
[2026-07-15 00:03:42] 📄 https://raw.githubusercontent.com/sevcator/5ubscrpt10n/main/working/countries/Argentina.txt ✅ 解析 169 候选 → 169 个有效节点 → 去重后新增 11 个[2026-07-15 00:03:42] 📄 https://raw.githubusercontent.com/sevcator/5ubscrpt10n/main/working/countries/Armenia.txt ✅ 解析 24 候选 → 24 个有效节点 → 去重后新增 2 个

[2026-07-15 00:03:43] 📄 https://raw.githubusercontent.com/sevcator/5ubscrpt10n/main/working/countries/Austria.txt ✅ 解析 17 候选 → 17 个有效节点 → 去重后新增 1 个
[2026-07-15 00:03:43] 📄 https://raw.githubusercontent.com/sevcator/5ubscrpt10n/main/working/countries/Australia.txt ✅ 解析 85 候选 → 85 个有效节点 → 去重后新增 10 个
[2026-07-15 00:03:43] SHA 缓存已保存: 31927 条, 1 分片
[2026-07-15 00:03:44] 📄 https://raw.githubusercontent.com/sevcator/5ubscrpt10n/main/working/countries/Barbados.txt ✅ 解析 16 候选 → 16 个有效节点 → 去重后新增 9 个
[2026-07-15 00:03:45] 📄 https://raw.githubusercontent.com/sevcator/5ubscrpt10n/main/working/countries/Belgium.txt ✅ 解析 16 候选 → 16 个有效节点 → 去重后新增 4 个
[2026-07-15 00:03:45] 📄 https://raw.githubusercontent.com/sevcator/5ubscrpt10n/main/mini/m1n1-5ub-26.txt ✅ 解析 1902 候选 → 1902 个有效节点 → 去重后新增 275 个
[2026-07-15 00:03:45] 📄 https://raw.githubusercontent.com/sevcator/5ubscrpt10n/main/working/countries/Azerbaijan.txt ✅ 解析 71 候选 → 71 个有效节点 → 去重后新增 17 个
[2026-07-15 00:03:45] 📄 https://raw.githubusercontent.com/Farid-Karimi/Config-Collector/main/vless_iran.txt ✅ 解析 1542 候选 → 1542 个有效节点 → 去重后新增 66 个
[2026-07-15 00:03:45] 📄 https://raw.githubusercontent.com/sevcator/5ubscrpt10n/main/working/countries/Bosnia & Herzegovina.txt ✅ 解析 9 候选 → 9 个有效节点 → 去重后新增 2 个
[2026-07-15 00:03:46] 📄 https://raw.githubusercontent.com/sevcator/5ubscrpt10n/main/working/countries/Brazil.txt ✅ 解析 19 候选 → 19 个有效节点 → 去重后新增 2 个
[2026-07-15 00:03:46] 📄 https://raw.githubusercontent.com/sevcator/5ubscrpt10n/main/working/countries/Cambodia.txt ✅ 解析 3 候选 → 3 个有效节点 → 去重后新增 1 个
[2026-07-15 00:03:47] 📄 https://raw.githubusercontent.com/sevcator/5ubscrpt10n/main/working/countries/Bulgaria.txt ✅ 解析 25 候选 → 25 个有效节点 → 去重后新增 2 个
[2026-07-15 00:03:47] repo info (alanbobs999/TopFreeProxies) 返回 403 (尝试 1/2)
[2026-07-15 00:03:47] repo info (alanbobs999/TopFreeProxies) 403（访问被拒，配额剩余 4895），跳过
[2026-07-15 00:03:48] 📄 https://raw.githubusercontent.com/sevcator/5ubscrpt10n/main/working/countries/Ceuta & Melilla.txt ✅ 解析 3 候选 → 3 个有效节点 → 去重后新增 1 个
[2026-07-15 00:03:49]   Compare API 返回 178 个变更文件 (3 次 API 调用)
[2026-07-15 00:03:49]   commits 过滤: 176 → 174 (变更文件 178 个)
[2026-07-15 00:03:49] 仓库 https://github.com/rtwo2/FastNodes 候选文件 174 个
[2026-07-15 00:03:49] 🔗 查子仓库: free-nodes/v2rayfree
[2026-07-15 00:03:49] 📄 https://raw.githubusercontent.com/sevcator/5ubscrpt10n/main/working/countries/Chile.txt ✅ 解析 43 候选 → 43 个有效节点 → 去重后新增 1 个
[2026-07-15 00:03:50] 🔗 查子仓库: Farid-Karimi/Config-Collector
[2026-07-15 00:03:50]   🍴 子仓库: 2 个 → 队列
[2026-07-15 00:03:50] 🔗 开始 Fork 链追踪 (Farid-Karimi/Config-Collector)
[2026-07-15 00:03:51] 🔵 关键词: 122 个
[2026-07-15 00:03:51]   父仓库: mrvcoder/V2rayCollector
[2026-07-15 00:03:51] 仓库在黑名单中: https://github.com/mrvcoder/V2rayCollector
[2026-07-15 00:03:51]   父仓库 +0 个节点
[2026-07-15 00:03:51]   🍴 子仓库: 30 个 → 队列
[2026-07-15 00:03:51] 🔗 开始 Fork 链追踪 (free-nodes/v2rayfree)
[2026-07-15 00:03:52] 👤 遍历用户仓库: free-nodes
[2026-07-15 00:03:53]   👤 用户仓库: 12 个 → 队列
[2026-07-15 00:03:54]   用户 free-nodes 共查 12 个仓库
[2026-07-15 00:03:54] ⏭️ 仓库 https://github.com/wzdnzd/aggregator 126h 未更新，跳过
[2026-07-15 00:03:54] 仓库 https://github.com/aiboboxx/v2rayfree (分支: main, size: 18342KB, pushed: 2026-07-14T13:53:06Z)
[2026-07-15 00:03:54]   🍴 兄弟仓库: 30 个 → 队列
[2026-07-15 00:03:54] 👤 遍历用户仓库: Farid-Karimi
[2026-07-15 00:03:55] 📄 https://raw.githubusercontent.com/rtwo2/FastNodes/main/sub/countries/AL.txt ✅ 解析 22 候选 → 22 个有效节点 → 去重后新增 3 个
[2026-07-15 00:03:55]   👤 用户仓库: 29 个 → 队列
[2026-07-15 00:03:55]   用户 Farid-Karimi 共查 29 个仓库
[2026-07-15 00:03:56] 仓库 https://github.com/awesome-vpn/awesome-vpn (分支: master, size: 2928KB, pushed: 2026-07-14T01:49:27Z)
[2026-07-15 00:03:56] 📄 https://raw.githubusercontent.com/rtwo2/FastNodes/main/sub/countries/AL.yaml ✅ 解析 22 候选 → 22 个有效节点 → 去重后新增 3 个
[2026-07-15 00:03:57] 仓库 https://github.com/aiboboxx/v2rayfree 无候选文件 (总计 11 blob, 扩展名过滤 0, processed_shas 跳过 3, SHA 缓存跳过 8)
[2026-07-15 00:03:57] 🔗 查子仓库: aiboboxx/v2rayfree
[2026-07-15 00:03:57] 📄 https://raw.githubusercontent.com/rtwo2/FastNodes/main/sub/countries/AM.txt ✅ 解析 22 候选 → 22 个有效节点 → 去重后新增 6 个
[2026-07-15 00:03:59] 仓库 https://github.com/awesome-vpn/awesome-vpn 无候选文件 (总计 44 blob, 扩展名过滤 27, processed_shas 跳过 0, SHA 缓存跳过 17)[2026-07-15 00:03:59]   🍴 子仓库: 17 个 → 队列

[2026-07-15 00:03:59] 🔗 查子仓库: awesome-vpn/awesome-vpn[2026-07-15 00:03:59] 🔗 开始 Fork 链追踪 (aiboboxx/v2rayfree)

[2026-07-15 00:04:00] 👤 遍历用户仓库: aiboboxx
[2026-07-15 00:04:00]   用户 aiboboxx 共查 0 个仓库
[2026-07-15 00:04:00] 仓库在黑名单中: https://github.com/bruceblink/free-v2ray
[2026-07-15 00:04:00] 仓库 https://github.com/Mr-Meshky/vify (分支: main, size: 158760KB, pushed: 2026-07-14T15:21:29Z)
[2026-07-15 00:04:00] 📄 https://raw.githubusercontent.com/rtwo2/FastNodes/main/sub/continents/SouthAmerica.txt ✅ 解析 66 候选 → 66 个有效节点 → 去重后新增 5 个
[2026-07-15 00:04:01]   🍴 子仓库: 30 个 → 队列
[2026-07-15 00:04:01] 🔗 开始 Fork 链追踪 (awesome-vpn/awesome-vpn)
[2026-07-15 00:04:01] 📄 https://raw.githubusercontent.com/rtwo2/FastNodes/main/sub/continents/SouthAmerica.yaml ✅ 解析 67 候选 → 67 个有效节点 → 去重后新增 1 个
[2026-07-15 00:04:01] 📄 https://raw.githubusercontent.com/sevcator/5ubscrpt10n/main/working/countries/Central African Republic.txt ✅ 解析 145 候选 → 145 个有效节点 → 去重后新增 20 个
[2026-07-15 00:04:01] 📄 https://raw.githubusercontent.com/rtwo2/FastNodes/main/sub/countries/AE.txt ✅ 解析 139 候选 → 139 个有效节点 → 去重后新增 27 个
[2026-07-15 00:04:01] 👤 遍历用户仓库: awesome-vpn
[2026-07-15 00:04:01] 📄 https://raw.githubusercontent.com/rtwo2/FastNodes/main/sub/continents/Oceania.txt ✅ 解析 120 候选 → 120 个有效节点 → 去重后新增 3 个
[2026-07-15 00:04:01] 📄 https://raw.githubusercontent.com/rtwo2/FastNodes/main/sub/continents/Oceania.yaml ✅ 解析 123 候选 → 123 个有效节点 → 去重后新增 7 个
[2026-07-15 00:04:01] 📄 https://raw.githubusercontent.com/rtwo2/FastNodes/main/sub/countries/AT.txt ✅ 解析 78 候选 → 78 个有效节点 → 去重后新增 5 个
[2026-07-15 00:04:02] 📄 https://raw.githubusercontent.com/rtwo2/FastNodes/main/sub/countries/AE.yaml ✅ 解析 140 候选 → 140 个有效节点 → 去重后新增 1 个
[2026-07-15 00:04:02]   👤 用户仓库: 2 个 → 队列
[2026-07-15 00:04:02]   用户 awesome-vpn 共查 2 个仓库
[2026-07-15 00:04:02] 仓库 https://github.com/pog7x/vpn-configs (分支: master, size: 685767KB, pushed: 2026-07-14T14:54:06Z)
[2026-07-15 00:04:02] ⏱️ [1/122] free nodes pushed:>2026-07-13T16:01:45Z fork:true -language: | 11s | +779
[2026-07-15 00:04:02] 📄 https://raw.githubusercontent.com/rtwo2/FastNodes/main/sub/countries/BY.txt ✅ 解析 7 候选 → 7 个有效节点 → 去重后新增 1 个
[2026-07-15 00:04:03] 📄 https://raw.githubusercontent.com/rtwo2/FastNodes/main/sub/countries/BY.yaml ✅ 解析 7 候选 → 7 个有效节点 → 去重后新增 1 个
[2026-07-15 00:04:03] 📄 https://raw.githubusercontent.com/sevcator/5ubscrpt10n/main/working/countries/Colombia.txt ✅ 解析 17 候选 → 17 个有效节点 → 去重后新增 6 个
[2026-07-15 00:04:04] ⏱️ Code [21/26] proxy-groups extension:yaml | 36s | +9394 节点
[2026-07-15 00:04:04] 📄 https://raw.githubusercontent.com/rtwo2/FastNodes/main/sub/countries/BE.txt ✅ 解析 34 候选 → 34 个有效节点 → 去重后新增 1 个
[2026-07-15 00:04:04] 📄 https://raw.githubusercontent.com/rtwo2/FastNodes/main/sub/countries/BE.yaml ✅ 解析 36 候选 → 36 个有效节点 → 去重后新增 2 个
[2026-07-15 00:04:04] 📄 https://raw.githubusercontent.com/rtwo2/FastNodes/main/sub/countries/BG.yaml ✅ 解析 32 候选 → 32 个有效节点 → 去重后新增 1 个
[2026-07-15 00:04:05] 📄 https://raw.githubusercontent.com/rtwo2/FastNodes/main/sub/countries/BG.txt ✅ 解析 32 候选 → 32 个有效节点 → 去重后新增 1 个
[2026-07-15 00:04:06] ⏱️ [2/122] free proxy nodes pushed:>2026-07-13T16:01:45Z fork:true -lan | 4s | +214[2026-07-15 00:04:06] ⏱️ Code [22/26] outbounds extension:json | 2s | +119 节点

[2026-07-15 00:04:07] 📄 https://raw.githubusercontent.com/rtwo2/FastNodes/main/sub/countries/CN.yaml ✅ 解析 13 候选 → 13 个有效节点 → 去重后新增 3 个
[2026-07-15 00:04:09] ⏱️ Code [23/26] subscription-userinfo extension:txt | 2s | +103 节点
[2026-07-15 00:04:10] ⏱️ Code [24/26] v2ray aggregator extension:py | 2s | +24 节点
[2026-07-15 00:04:11] ⏱️ [3/122] free v2ray nodes pushed:>2026-07-13T16:01:45Z fork:true -lan | 4s | +141
[2026-07-15 00:04:11] 仓库 https://github.com/Mr-Meshky/vify 候选文件 60 个
[2026-07-15 00:04:11] 仓库 https://github.com/pog7x/vpn-configs 候选文件 20 个
[2026-07-15 00:04:11] 📄 https://raw.githubusercontent.com/rtwo2/FastNodes/main/sub/countries/CZ.txt ✅ 解析 64 候选 → 64 个有效节点 → 去重后新增 11 个
[2026-07-15 00:04:11] 📄 https://raw.githubusercontent.com/sevcator/5ubscrpt10n/main/working/countries/China.txt ✅ 解析 737 候选 → 737 个有效节点 → 去重后新增 217 个
[2026-07-15 00:04:11] ⏱️ Code [25/26] proxy collector extension:py | 1s | +293 节点
[2026-07-15 00:04:11] 📄 https://raw.githubusercontent.com/sevcator/5ubscrpt10n/main/working/countries/Czechia.txt ✅ 解析 37 候选 → 37 个有效节点 → 去重后新增 1 个
[2026-07-15 00:04:12] ⏱️ Code [26/26] vmess:// raw.githubusercontent extension:py | 1s | +145 节点
[2026-07-15 00:04:12] 📄 https://raw.githubusercontent.com/Mr-Meshky/vify/main/configs/countries/BE.txt ✅ 解析 1 候选 → 1 个有效节点 → 去重后新增 1 个
[2026-07-15 00:04:13] 📄 https://raw.githubusercontent.com/Mr-Meshky/vify/main/configs/countries/CZ.txt ✅ 解析 1 候选 → 1 个有效节点 → 去重后新增 1 个
[2026-07-15 00:04:13] 📄 https://raw.githubusercontent.com/Mr-Meshky/vify/main/configs/countries/CH.txt ✅ 解析 3 候选 → 3 个有效节点 → 去重后新增 1 个
[2026-07-15 00:04:16] ⏱️ [4/122] free clash nodes pushed:>2026-07-13T16:01:45Z fork:true -lan | 5s | +474
[2026-07-15 00:04:18] 📄 https://raw.githubusercontent.com/rtwo2/FastNodes/main/sub/countries/CH.yaml ✅ 解析 80 候选 → 80 个有效节点 → 去重后新增 8 个
[2026-07-15 00:04:20] ⏱️ [5/122] free trojan nodes pushed:>2026-07-13T16:01:45Z fork:true -la | 4s | +57[2026-07-15 00:04:20] 📄 https://raw.githubusercontent.com/sevcator/5ubscrpt10n/main/working/countries/Estonia.txt ✅ 解析 17 候选 → 17 个有效节点 → 去重后新增 1 个

[2026-07-15 00:04:23] ⏱️ [6/122] free hysteria nodes pushed:>2026-07-13T16:01:45Z fork:true - | 3s | +20
[2026-07-15 00:04:24] 📄 https://raw.githubusercontent.com/Mr-Meshky/vify/main/configs/countries/FI.txt ✅ 解析 14 候选 → 14 个有效节点 → 去重后新增 2 个
[2026-07-15 00:04:24] 📄 https://raw.githubusercontent.com/Mr-Meshky/vify/main/configs/alive/vmess.txt ✅ 解析 28 候选 → 28 个有效节点 → 去重后新增 1 个
[2026-07-15 00:04:25] 📄 https://raw.githubusercontent.com/Mr-Meshky/vify/main/configs/countries/JP.txt ✅ 解析 12 候选 → 12 个有效节点 → 去重后新增 3 个
[2026-07-15 00:04:25] 📄 https://raw.githubusercontent.com/Mr-Meshky/vify/main/configs/countries/FR.txt ✅ 解析 25 候选 → 25 个有效节点 → 去重后新增 4 个
[2026-07-15 00:04:25] 📄 https://raw.githubusercontent.com/Mr-Meshky/vify/main/configs/countries/KR.txt ✅ 解析 22 候选 → 22 个有效节点 → 去重后新增 17 个
[2026-07-15 00:04:25] 📄 https://raw.githubusercontent.com/pog7x/vpn-configs/master/githubmirror/23.txt ✅ 解析 55 候选 → 55 个有效节点 → 去重后新增 24 个
[2026-07-15 00:04:25] 📄 https://raw.githubusercontent.com/Mr-Meshky/vify/main/configs/countries/DE.txt ✅ 解析 48 候选 → 48 个有效节点 → 去重后新增 9 个
[2026-07-15 00:04:25] 📄 https://raw.githubusercontent.com/rtwo2/FastNodes/main/sub/countries/CA.txt ✅ 解析 153 候选 → 153 个有效节点 → 去重后新增 10 个
[2026-07-15 00:04:25] 📄 https://raw.githubusercontent.com/rtwo2/FastNodes/main/sub/countries/CY.yaml ✅ 解析 146 候选 → 146 个有效节点 → 去重后新增 20 个
[2026-07-15 00:04:25] 📄 https://raw.githubusercontent.com/Mr-Meshky/vify/main/configs/countries/PL.txt ✅ 解析 5 候选 → 5 个有效节点 → 去重后新增 1 个
[2026-07-15 00:04:27] ⏱️ [7/122] free vless nodes pushed:>2026-07-13T16:01:45Z fork:true -lan | 3s | +268
[2026-07-15 00:04:28] 📄 https://raw.githubusercontent.com/Mr-Meshky/vify/main/configs/countries/SE.txt ✅ 解析 14 候选 → 14 个有效节点 → 去重后新增 9 个
[2026-07-15 00:04:28] 📄 https://raw.githubusercontent.com/Mr-Meshky/vify/main/configs/countries/SG.txt ✅ 解析 12 候选 → 12 个有效节点 → 去重后新增 3 个
[2026-07-15 00:04:29] 📄 https://raw.githubusercontent.com/Mr-Meshky/vify/main/configs/countries/TR.txt ✅ 解析 5 候选 → 5 个有效节点 → 去重后新增 1 个
[2026-07-15 00:04:29] ⏱️ [8/122] free hysteria2 nodes pushed:>2026-07-13T16:01:45Z fork:true  | 3s | +69
[2026-07-15 00:04:30] ⏱️ [9/122] free tuic nodes pushed:>2026-07-13T16:01:45Z fork:true -lang | 0s | +12
[2026-07-15 00:04:33] ⏱️ [10/122] free reality nodes pushed:>2026-07-13T16:01:45Z fork:true -l | 3s | +90
[2026-07-15 00:04:35] 📄 https://raw.githubusercontent.com/rtwo2/FastNodes/main/sub/countries/CY.txt ✅ 解析 143 候选 → 143 个有效节点 → 去重后新增 1 个
[2026-07-15 00:04:37] ⏱️ [11/122] free singbox nodes pushed:>2026-07-13T16:01:45Z fork:true -l | 4s | +50
[2026-07-15 00:04:37] 📄 https://raw.githubusercontent.com/rtwo2/FastNodes/main/sub/countries/ES.yaml ✅ 解析 55 候选 → 55 个有效节点 → 去重后新增 1 个
[2026-07-15 00:04:37] 📄 https://raw.githubusercontent.com/rtwo2/FastNodes/main/sub/countries/ES.txt ✅ 解析 55 候选 → 55 个有效节点 → 去重后新增 4 个
[2026-07-15 00:04:40] ⏱️ [12/122] free shadowsocks nodes pushed:>2026-07-13T16:01:45Z fork:tru | 3s | +47
[2026-07-15 00:04:40] ⏱️ [13/122] free wireguard nodes pushed:>2026-07-13T16:01:45Z fork:true  | 0s | +4
[2026-07-15 00:04:41] 📄 https://raw.githubusercontent.com/rtwo2/FastNodes/main/sub/countries/EE.txt ✅ 解析 87 候选 → 87 个有效节点 → 去重后新增 6 个
[2026-07-15 00:04:44] 📄 https://raw.githubusercontent.com/pog7x/vpn-configs/master/githubmirror/4.txt ✅ 解析 124 候选 → 124 个有效节点 → 去重后新增 1 个
[2026-07-15 00:04:44] 📄 https://raw.githubusercontent.com/sevcator/5ubscrpt10n/main/working/countries/Finland.txt ✅ 解析 132 候选 → 132 个有效节点 → 去重后新增 3 个
[2026-07-15 00:04:45] 📄 https://raw.githubusercontent.com/rtwo2/FastNodes/main/sub/countries/GR.txt ✅ 解析 11 候选 → 11 个有效节点 → 去重后新增 1 个
[2026-07-15 00:04:45] 📄 https://raw.githubusercontent.com/Mr-Meshky/vify/main/configs/vmess.txt ✅ 解析 73 候选 → 73 个有效节点 → 去重后新增 15 个
[2026-07-15 00:04:45] 📄 https://raw.githubusercontent.com/rtwo2/FastNodes/main/sub/countries/EE.yaml ✅ 解析 88 候选 → 88 个有效节点 → 去重后新增 1 个
[2026-07-15 00:04:45] 📄 https://raw.githubusercontent.com/rtwo2/FastNodes/main/sub/continents/Europe.yaml ✅ 解析 472 候选 → 472 个有效节点 → 去重后新增 94 个
[2026-07-15 00:04:45] 📄 https://raw.githubusercontent.com/Mr-Meshky/vify/main/configs/countries/US.txt ✅ 解析 125 候选 → 125 个有效节点 → 去重后新增 6 个
[2026-07-15 00:04:45] 📄 https://raw.githubusercontent.com/pog7x/vpn-configs/master/githubmirror/22.txt ✅ 解析 300 候选 → 300 个有效节点 → 去重后新增 1 个
[2026-07-15 00:04:45] 📄 https://raw.githubusercontent.com/Mr-Meshky/vify/main/configs/trojan.txt ✅ 解析 180 候选 → 180 个有效节点 → 去重后新增 2 个
[2026-07-15 00:04:45] 📄 https://raw.githubusercontent.com/pog7x/vpn-configs/master/githubmirror/9.txt ✅ 解析 259 候选 → 259 个有效节点 → 去重后新增 1 个
[2026-07-15 00:04:45] 📦 批次 0010 已持久化: /home/runner/work/test-college/test-college/batches/no_batch_0010.txt (5131 个节点, 累计 65937 个)
[2026-07-15 00:04:45] 📄 https://raw.githubusercontent.com/rtwo2/FastNodes/main/sub/continents/Asia.yaml ✅ 解析 625 候选 → 625 个有效节点 → 去重后新增 32 个
[2026-07-15 00:04:45] SHA 缓存已保存: 32073 条, 1 分片
[2026-07-15 00:04:45] 📄 https://raw.githubusercontent.com/rtwo2/FastNodes/main/sub/countries/HR.txt ✅ 解析 7 候选 → 7 个有效节点 → 去重后新增 2 个
[2026-07-15 00:04:45] 📄 https://raw.githubusercontent.com/Mr-Meshky/vify/main/configs/countries/CA.txt ✅ 解析 358 候选 → 358 个有效节点 → 去重后新增 9 个
[2026-07-15 00:04:45] 📄 https://raw.githubusercontent.com/rtwo2/FastNodes/main/sub/countries/FI.txt ✅ 解析 382 候选 → 382 个有效节点 → 去重后新增 65 个
[2026-07-15 00:04:45] 📄 https://raw.githubusercontent.com/sevcator/5ubscrpt10n/main/working/countries/Georgia.txt ✅ 解析 3 候选 → 3 个有效节点 → 去重后新增 1 个
[2026-07-15 00:04:46] 📄 https://raw.githubusercontent.com/rtwo2/FastNodes/main/sub/countries/HU.yaml ✅ 解析 20 候选 → 20 个有效节点 → 去重后新增 12 个
[2026-07-15 00:04:46] 📄 https://raw.githubusercontent.com/sevcator/5ubscrpt10n/main/working/countries/France.txt ✅ 解析 575 候选 → 575 个有效节点 → 去重后新增 4 个
[2026-07-15 00:04:46] 📄 https://raw.githubusercontent.com/rtwo2/FastNodes/main/sub/continents/Africa.yaml ✅ 解析 860 候选 → 860 个有效节点 → 去重后新增 23 个
[2026-07-15 00:04:46] 📄 https://raw.githubusercontent.com/rtwo2/FastNodes/main/sub/continents/NorthAmerica.yaml ✅ 解析 811 候选 → 811 个有效节点 → 去重后新增 20 个
[2026-07-15 00:04:46] 📄 https://raw.githubusercontent.com/sevcator/5ubscrpt10n/main/working/countries/Canada.txt ✅ 解析 969 候选 → 969 个有效节点 → 去重后新增 9 个
[2026-07-15 00:04:46] 📄 https://raw.githubusercontent.com/rtwo2/FastNodes/main/sub/countries/FR.txt ✅ 解析 653 候选 → 653 个有效节点 → 去重后新增 52 个
[2026-07-15 00:04:46] 📄 https://raw.githubusercontent.com/rtwo2/FastNodes/main/sub/countries/IM.txt ✅ 解析 25 候选 → 25 个有效节点 → 去重后新增 1 个
[2026-07-15 00:04:46] 📄 https://raw.githubusercontent.com/pog7x/vpn-configs/master/githubmirror/20.txt ✅ 解析 761 候选 → 761 个有效节点 → 去重后新增 348 个
[2026-07-15 00:04:46] 📄 https://raw.githubusercontent.com/rtwo2/FastNodes/main/sub/countries/DE.yaml ✅ 解析 848 候选 → 848 个有效节点 → 去重后新增 12 个
[2026-07-15 00:04:46] 📄 https://raw.githubusercontent.com/rtwo2/FastNodes/main/sub/countries/HK.txt ✅ 解析 405 候选 → 405 个有效节点 → 去重后新增 8 个
[2026-07-15 00:04:46] 📄 https://raw.githubusercontent.com/sevcator/5ubscrpt10n/main/mini/m1n1-5ub-27.txt ✅ 解析 2665 候选 → 2665 个有效节点 → 去重后新增 313 个
[2026-07-15 00:04:46] 📄 https://raw.githubusercontent.com/rtwo2/FastNodes/main/sub/continents/Africa.txt ✅ 解析 1140 候选 → 1140 个有效节点 → 去重后新增 57 个
[2026-07-15 00:04:46] 📄 https://raw.githubusercontent.com/Mr-Meshky/vify/main/configs/clash.yaml ✅ 解析 936 候选 → 936 个有效节点 → 去重后新增 12 个
[2026-07-15 00:04:46] 📄 https://raw.githubusercontent.com/pog7x/vpn-configs/master/githubmirror/24.txt ✅ 解析 879 候选 → 879 个有效节点 → 去重后新增 39 个
[2026-07-15 00:04:46] 📄 https://raw.githubusercontent.com/rtwo2/FastNodes/main/sub/countries/HK.yaml ✅ 解析 409 候选 → 409 个有效节点 → 去重后新增 4 个
[2026-07-15 00:04:46] 📄 https://raw.githubusercontent.com/rtwo2/FastNodes/main/sub/countries/GB.txt ✅ 解析 807 候选 → 807 个有效节点 → 去重后新增 41 个
[2026-07-15 00:04:46] 📄 https://raw.githubusercontent.com/Mr-Meshky/vify/main/configs/vless.txt ✅ 解析 880 候选 → 880 个有效节点 → 去重后新增 8 个
[2026-07-15 00:04:47] 📄 https://raw.githubusercontent.com/rtwo2/FastNodes/main/sub/countries/IQ.yaml ✅ 解析 4 候选 → 4 个有效节点 → 去重后新增 1 个
[2026-07-15 00:04:48] 📄 https://raw.githubusercontent.com/sevcator/5ubscrpt10n/main/working/countries/Iceland.txt ✅ 解析 8 候选 → 8 个有效节点 → 去重后新增 5 个
[2026-07-15 00:04:48] 📄 https://raw.githubusercontent.com/rtwo2/FastNodes/main/sub/countries/IT.yaml ✅ 解析 111 候选 → 111 个有效节点 → 去重后新增 7 个
[2026-07-15 00:04:48] 📄 https://raw.githubusercontent.com/sevcator/5ubscrpt10n/main/mini/m1n1-5ub-4.txt ✅ 解析 6234 候选 → 6234 个有效节点 → 去重后新增 1942 个
[2026-07-15 00:04:48] 📄 https://raw.githubusercontent.com/sevcator/5ubscrpt10n/main/working/countries/Germany.txt ✅ 解析 914 候选 → 914 个有效节点 → 去重后新增 24 个
[2026-07-15 00:04:49] ⏱️ [14/122] free proxy list pushed:>2026-07-13T16:01:45Z fork:true -lang | 8s | +5697
[2026-07-15 00:04:50] 🔗 查子仓库: Mr-Meshky/vify
[2026-07-15 00:04:50] 📄 https://raw.githubusercontent.com/rtwo2/FastNodes/main/sub/countries/JP.txt ✅ 解析 412 候选 → 412 个有效节点 → 去重后新增 5 个
[2026-07-15 00:04:50] 📄 https://raw.githubusercontent.com/rtwo2/FastNodes/main/sub/countries/IR.txt ✅ 解析 409 候选 → 409 个有效节点 → 去重后新增 56 个
[2026-07-15 00:04:50] 📄 https://raw.githubusercontent.com/rtwo2/FastNodes/main/sub/countries/IR.yaml ✅ 解析 408 候选 → 408 个有效节点 → 去重后新增 5 个
[2026-07-15 00:04:50] 📄 https://raw.githubusercontent.com/rtwo2/FastNodes/main/sub/countries/LU.yaml ✅ 解析 70 候选 → 70 个有效节点 → 去重后新增 4 个
[2026-07-15 00:04:50] 📄 https://raw.githubusercontent.com/rtwo2/FastNodes/main/sub/countries/KZ.yaml ✅ 解析 115 候选 → 115 个有效节点 → 去重后新增 1 个
[2026-07-15 00:04:50] 📄 https://raw.githubusercontent.com/sevcator/5ubscrpt10n/main/working/countries/India.txt ✅ 解析 138 候选 → 138 个有效节点 → 去重后新增 12 个
[2026-07-15 00:04:50] 📦 批次 0011 已持久化: /home/runner/work/test-college/test-college/batches/no_batch_0011.txt (5138 个节点, 累计 71072 个)
[2026-07-15 00:04:50] 📄 https://raw.githubusercontent.com/rtwo2/FastNodes/main/sub/countries/KR.txt ✅ 解析 190 候选 → 190 个有效节点 → 去重后新增 1 个
[2026-07-15 00:04:50] SHA 缓存已保存: 32138 条, 1 分片
[2026-07-15 00:04:50] 📄 https://raw.githubusercontent.com/sevcator/5ubscrpt10n/main/working/countries/Indonesia.txt ✅ 解析 225 候选 → 225 个有效节点 → 去重后新增 1 个
[2026-07-15 00:04:50] 📄 https://raw.githubusercontent.com/sevcator/5ubscrpt10n/main/working/countries/Hong Kong SAR China.txt ✅ 解析 604 候选 → 604 个有效节点 → 去重后新增 22 个
[2026-07-15 00:04:50] 📄 https://raw.githubusercontent.com/rtwo2/FastNodes/main/sub/countries/MD.yaml ✅ 解析 11 候选 → 11 个有效节点 → 去重后新增 2 个
[2026-07-15 00:04:50]   🍴 子仓库: 2 个 → 队列
[2026-07-15 00:04:50] 🔗 开始 Fork 链追踪 (Mr-Meshky/vify)
[2026-07-15 00:04:51] 👤 遍历用户仓库: Mr-Meshky
[2026-07-15 00:04:52]   👤 用户仓库: 19 个 → 队列
[2026-07-15 00:04:52]   用户 Mr-Meshky 共查 19 个仓库
[2026-07-15 00:04:52] 仓库 https://github.com/mheidari98/.proxy (分支: main, size: 68961KB, pushed: 2026-07-14T15:26:17Z)
[2026-07-15 00:04:52] 📄 https://raw.githubusercontent.com/rtwo2/FastNodes/main/sub/countries/MT.yaml ✅ 解析 14 候选 → 14 个有效节点 → 去重后新增 1 个
[2026-07-15 00:04:52] 📄 https://raw.githubusercontent.com/sevcator/5ubscrpt10n/main/working/countries/Italy.txt ✅ 解析 80 候选 → 80 个有效节点 → 去重后新增 1 个
[2026-07-15 00:04:52] 📄 https://raw.githubusercontent.com/rtwo2/FastNodes/main/sub/countries/LT.txt ✅ 解析 409 候选 → 409 个有效节点 → 去重后新增 9 个
[2026-07-15 00:04:52] 仓库 https://github.com/mheidari98/.proxy 候选文件 6 个
[2026-07-15 00:04:52] 📄 https://raw.githubusercontent.com/rtwo2/FastNodes/main/sub/countries/LT.yaml ✅ 解析 413 候选 → 413 个有效节点 → 去重后新增 4 个
[2026-07-15 00:04:52] 📄 https://raw.githubusercontent.com/rtwo2/FastNodes/main/sub/countries/DE.txt ✅ 解析 2008 候选 → 2008 个有效节点 → 去重后新增 159 个
[2026-07-15 00:04:52] 📄 https://raw.githubusercontent.com/rtwo2/FastNodes/main/sub/countries/LV.yaml ✅ 解析 249 候选 → 249 个有效节点 → 去重后新增 3 个
[2026-07-15 00:04:52] 📄 https://raw.githubusercontent.com/rtwo2/FastNodes/main/sub/countries/LV.txt ✅ 解析 249 候选 → 249 个有效节点 → 去重后新增 3 个
[2026-07-15 00:04:52] ⏱️ [15/122] free proxy subscription pushed:>2026-07-13T16:01:45Z fork:tr | 3s | +1599
[2026-07-15 00:04:52] 📄 https://raw.githubusercontent.com/rtwo2/FastNodes/main/sub/continents/Asia.txt ✅ 解析 2460 候选 → 2460 个有效节点 → 去重后新增 42 个
[2026-07-15 00:04:52] 📄 https://raw.githubusercontent.com/sevcator/5ubscrpt10n/main/working/countries/Japan.txt ✅ 解析 570 候选 → 570 个有效节点 → 去重后新增 12 个
[2026-07-15 00:04:52] 📄 https://raw.githubusercontent.com/rtwo2/FastNodes/main/sub/countries/NO.yaml ✅ 解析 11 候选 → 11 个有效节点 → 去重后新增 1 个
[2026-07-15 00:04:52] 📄 https://raw.githubusercontent.com/rtwo2/FastNodes/main/sub/countries/NL.yaml ✅ 解析 895 候选 → 895 个有效节点 → 去重后新增 33 个
[2026-07-15 00:04:52] 📄 https://raw.githubusercontent.com/rtwo2/FastNodes/main/sub/countries/OM.yaml ✅ 解析 6 候选 → 6 个有效节点 → 去重后新增 1 个
[2026-07-15 00:04:52] 📄 https://raw.githubusercontent.com/sevcator/5ubscrpt10n/main/working/countries/Macao SAR China.txt ✅ 解析 11 候选 → 11 个有效节点 → 去重后新增 1 个
[2026-07-15 00:04:52] 📄 https://raw.githubusercontent.com/sevcator/5ubscrpt10n/main/mini/m1n1-5ub-28.txt ✅ 解析 3231 候选 → 3231 个有效节点 → 去重后新增 727 个
[2026-07-15 00:04:54] 📄 https://raw.githubusercontent.com/rtwo2/FastNodes/main/sub/countries/PT.yaml ✅ 解析 3 候选 → 3 个有效节点 → 去重后新增 1 个
[2026-07-15 00:04:56] ⏱️ [16/122] free proxy config pushed:>2026-07-13T16:01:45Z fork:true -la | 4s | +1297
[2026-07-15 00:04:56] 📄 https://raw.githubusercontent.com/rtwo2/FastNodes/main/sub/countries/SA.yaml ✅ 解析 13 候选 → 13 个有效节点 → 去重后新增 1 个
[2026-07-15 00:04:57] 📄 https://raw.githubusercontent.com/sevcator/5ubscrpt10n/main/mini/m1n1-5ub-30.txt ✅ 解析 3627 候选 → 3627 个有效节点 → 去重后新增 1725 个
[2026-07-15 00:04:59] ⏱️ [17/122] free proxy yaml pushed:>2026-07-13T16:01:45Z fork:true -lang | 3s | +101
[2026-07-15 00:05:02] ⏱️ [18/122] free proxy json pushed:>2026-07-13T16:01:45Z fork:true -lang | 3s | +22
[2026-07-15 00:05:02] 📄 https://raw.githubusercontent.com/rtwo2/FastNodes/main/sub/countries/SI.yaml ✅ 解析 38 候选 → 38 个有效节点 → 去重后新增 2 个
[2026-07-15 00:05:02] ⏱️ [19/122] free proxy base64 pushed:>2026-07-13T16:01:45Z fork:true -la | 0s | +2
[2026-07-15 00:05:03] 📄 https://raw.githubusercontent.com/rtwo2/FastNodes/main/sub/countries/PL.yaml ✅ 解析 202 候选 → 202 个有效节点 → 去重后新增 8 个
[2026-07-15 00:05:03] 📄 https://raw.githubusercontent.com/rtwo2/FastNodes/main/sub/countries/RO.txt ✅ 解析 165 候选 → 165 个有效节点 → 去重后新增 11 个
[2026-07-15 00:05:03] 📄 https://raw.githubusercontent.com/rtwo2/FastNodes/main/sub/countries/SE.yaml ✅ 解析 294 候选 → 294 个有效节点 → 去重后新增 27 个
[2026-07-15 00:05:03] 📄 https://raw.githubusercontent.com/rtwo2/FastNodes/main/sub/countries/SE.txt ✅ 解析 294 候选 → 294 个有效节点 → 去重后新增 1 个
[2026-07-15 00:05:03] 📄 https://raw.githubusercontent.com/sevcator/5ubscrpt10n/main/mini/m1n1-5ub-31.txt ✅ 解析 4067 候选 → 4067 个有效节点 → 去重后新增 2168 个
[2026-07-15 00:05:03] 📄 https://raw.githubusercontent.com/rtwo2/FastNodes/main/sub/countries/SG.yaml ✅ 解析 577 候选 → 577 个有效节点 → 去重后新增 27 个
[2026-07-15 00:05:03] 📄 https://raw.githubusercontent.com/rtwo2/FastNodes/main/sub/countries/NL.txt ✅ 解析 1784 候选 → 1784 个有效节点 → 去重后新增 39 个
[2026-07-15 00:05:05] 📄 https://raw.githubusercontent.com/rtwo2/FastNodes/main/sub/countries/UA.txt ✅ 解析 17 候选 → 17 个有效节点 → 去重后新增 2 个
[2026-07-15 00:05:06] 📄 https://raw.githubusercontent.com/rtwo2/FastNodes/main/sub/countries/ZA.yaml ✅ 解析 51 候选 → 51 个有效节点 → 去重后新增 1 个
[2026-07-15 00:05:06] 📄 https://raw.githubusercontent.com/sevcator/5ubscrpt10n/main/working/countries/Seychelles.txt ✅ 解析 63 候选 → 63 个有效节点 → 去重后新增 1 个
[2026-07-15 00:05:06] 📄 https://raw.githubusercontent.com/rtwo2/FastNodes/main/sub/protocols/hysteria2.txt ✅ 解析 47 候选 → 47 个有效节点 → 去重后新增 2 个
[2026-07-15 00:05:06] 📄 https://raw.githubusercontent.com/sevcator/5ubscrpt10n/main/mini/m1n1-5ub-29.txt ✅ 解析 5075 候选 → 5075 个有效节点 → 去重后新增 2087 个
[2026-07-15 00:05:06] 📄 https://raw.githubusercontent.com/rtwo2/FastNodes/main/sub/countries/TR.yaml ✅ 解析 185 候选 → 185 个有效节点 → 去重后新增 30 个
[2026-07-15 00:05:06] 📄 https://raw.githubusercontent.com/rtwo2/FastNodes/main/sub/countries/TR.txt ✅ 解析 185 候选 → 185 个有效节点 → 去重后新增 1 个
[2026-07-15 00:05:06] ⏱️ [20/122] ACL4SSR pushed:>2026-07-13T16:01:45Z fork:true -language:HTM | 4s | +1137
[2026-07-15 00:05:06] 📄 https://raw.githubusercontent.com/rtwo2/FastNodes/main/sub/continents/NorthAmerica.txt ✅ 解析 4760 候选 → 4760 个有效节点 → 去重后新增 406 个
[2026-07-15 00:05:06] 📄 https://raw.githubusercontent.com/rtwo2/FastNodes/main/sub/countries/RU.txt ✅ 解析 1227 候选 → 1227 个有效节点 → 去重后新增 42 个
[2026-07-15 00:05:09] ⏱️ [21/122] subconverter pushed:>2026-07-13T16:01:45Z fork:true -languag | 3s | +278
[2026-07-15 00:05:17] 📄 https://raw.githubusercontent.com/sevcator/5ubscrpt10n/main/working/countries/Iran.txt ✅ 解析 2927 候选 → 2927 个有效节点 → 去重后新增 2 个
[2026-07-15 00:05:17] 📄 https://raw.githubusercontent.com/rtwo2/FastNodes/main/sub/protocols/vless.yaml ✅ 解析 470 候选 → 470 个有效节点 → 去重后新增 2 个
[2026-07-15 00:05:17] 📄 https://raw.githubusercontent.com/rtwo2/FastNodes/main/sub/protocols/trojan.yaml ✅ 解析 737 候选 → 737 个有效节点 → 去重后新增 14 个
[2026-07-15 00:05:17] 📄 https://raw.githubusercontent.com/pog7x/vpn-configs/master/githubmirror/10.txt ✅ 解析 4813 候选 → 4813 个有效节点 → 去重后新增 1 个
[2026-07-15 00:05:17] 📄 https://raw.githubusercontent.com/rtwo2/FastNodes/main/sub/protocols/vmess.txt ✅ 解析 815 候选 → 815 个有效节点 → 去重后新增 53 个
[2026-07-15 00:05:17] 📄 https://raw.githubusercontent.com/sevcator/5ubscrpt10n/main/mini/m1n1-5ub-8.txt ✅ 解析 5456 候选 → 5456 个有效节点 → 去重后新增 722 个
[2026-07-15 00:05:17] 📄 https://raw.githubusercontent.com/rtwo2/FastNodes/main/sub/protocols/ss.yaml ✅ 解析 851 候选 → 851 个有效节点 → 去重后新增 24 个
[2026-07-15 00:05:17] 📄 https://raw.githubusercontent.com/pog7x/vpn-configs/master/githubmirror/3.txt ✅ 解析 5582 候选 → 5582 个有效节点 → 去重后新增 1657 个
[2026-07-15 00:05:18] 📄 https://raw.githubusercontent.com/sevcator/5ubscrpt10n/main/mini/m1n1-5ub-7.txt ✅ 解析 6558 候选 → 6558 个有效节点 → 去重后新增 163 个
[2026-07-15 00:05:18] 📄 https://raw.githubusercontent.com/rtwo2/FastNodes/main/sub/protocols/ss.txt ✅ 解析 2109 候选 → 2109 个有效节点 → 去重后新增 50 个
[2026-07-15 00:05:21] 📄 https://raw.githubusercontent.com/rtwo2/FastNodes/main/sub/continents/Europe.txt ✅ 解析 9375 候选 → 9375 个有效节点 → 去重后新增 377 个
[2026-07-15 00:05:21] 📄 https://raw.githubusercontent.com/rtwo2/FastNodes/main/sub/protocols/trojan.txt ✅ 解析 5789 候选 → 5789 个有效节点 → 去重后新增 2 个
[2026-07-15 00:05:21] 📄 https://raw.githubusercontent.com/rtwo2/FastNodes/main/sub/protocols/vless.txt ✅ 解析 10845 候选 → 10845 个有效节点 → 去重后新增 25 个
[2026-07-15 00:05:21] 📄 https://raw.githubusercontent.com/mheidari98/.proxy/main/all ✅ 解析 12654 候选 → 12654 个有效节点 → 去重后新增 273 个
[2026-07-15 00:05:22] 📄 https://raw.githubusercontent.com/rtwo2/FastNodes/main/sub/everything.txt ✅ 解析 19605 候选 → 19605 个有效节点 → 去重后新增 1 个
[2026-07-15 00:05:22] 🔗 查子仓库: rtwo2/FastNodes
[2026-07-15 00:05:22] 📄 https://raw.githubusercontent.com/sevcator/5ubscrpt10n/main/working/countries/Belarus.txt ✅ 解析 50241 候选 → 50241 个有效节点 → 去重后新增 1 个
[2026-07-15 00:05:22] 🔗 查子仓库: pog7x/vpn-configs
[2026-07-15 00:05:22] 🔗 查子仓库: sevcator/5ubscrpt10n
[2026-07-15 00:05:22]   🍴 子仓库: 4 个 → 队列
[2026-07-15 00:05:22] 🔗 开始 Fork 链追踪 (rtwo2/FastNodes)
[2026-07-15 00:05:23] 👤 遍历用户仓库: rtwo2
[2026-07-15 00:05:23]   🍴 子仓库: 6 个 → 队列
[2026-07-15 00:05:23] 🔗 开始 Fork 链追踪 (pog7x/vpn-configs)
[2026-07-15 00:05:23]   用户 rtwo2 共查 0 个仓库
[2026-07-15 00:05:23] 仓库 https://github.com/yitong2333/proxy-minging (分支: main, size: 1745318KB, pushed: 2026-07-14T15:26:43Z)
[2026-07-15 00:05:23] 👤 遍历用户仓库: pog7x
[2026-07-15 00:05:23]   🍴 子仓库: 20 个 → 队列
[2026-07-15 00:05:23] 🔗 开始 Fork 链追踪 (sevcator/5ubscrpt10n)
[2026-07-15 00:05:24] 👤 遍历用户仓库: sevcator
[2026-07-15 00:05:24] 仓库 https://github.com/yitong2333/proxy-minging 候选文件 3 个
[2026-07-15 00:05:24]   👤 用户仓库: 14 个 → 队列
[2026-07-15 00:05:24]   用户 pog7x 共查 14 个仓库
[2026-07-15 00:05:24] 仓库 https://github.com/MhdiTaheri/V2rayCollector_Py (分支: main, size: 31204KB, pushed: 2026-07-14T14:54:32Z)
[2026-07-15 00:05:24] 仓库 https://github.com/MhdiTaheri/V2rayCollector_Py 候选文件 2 个
[2026-07-15 00:05:25]   👤 用户仓库: 30 个 → 队列
[2026-07-15 00:05:28]   用户 sevcator 共查 30 个仓库
[2026-07-15 00:05:28] 仓库 https://github.com/mohamadfg-dev/telegram-v2ray-configs-collector (分支: main, size: 52232KB, pushed: 2026-07-14T14:32:52Z)
[2026-07-15 00:05:29] 仓库 https://github.com/mohamadfg-dev/telegram-v2ray-configs-collector 候选文件 45 个
[2026-07-15 00:05:29] 📄 https://raw.githubusercontent.com/MhdiTaheri/V2rayCollector_Py/main/sub/Mix/mix.txt ✅ 解析 273 候选 → 273 个有效节点 → 去重后新增 3 个
[2026-07-15 00:05:29] 🔗 查子仓库: MhdiTaheri/V2rayCollector_Py
[2026-07-15 00:05:29] 📄 https://raw.githubusercontent.com/mheidari98/.proxy/main/vless ✅ 解析 4845 候选 → 4845 个有效节点 → 去重后新增 1 个
[2026-07-15 00:05:30] 📄 https://raw.githubusercontent.com/yitong2333/proxy-minging/main/v2ray.txt ✅ 解析 5581 候选 → 5581 个有效节点 → 去重后新增 15 个
[2026-07-15 00:05:30] 🔗 查子仓库: yitong2333/proxy-minging
[2026-07-15 00:05:31]   🍴 子仓库: 30 个 → 队列
[2026-07-15 00:05:31] 🔗 开始 Fork 链追踪 (MhdiTaheri/V2rayCollector_Py)
[2026-07-15 00:05:31]   🍴 子仓库: 7 个 → 队列
[2026-07-15 00:05:31] 🔗 开始 Fork 链追踪 (yitong2333/proxy-minging)
[2026-07-15 00:05:31] 👤 遍历用户仓库: MhdiTaheri
[2026-07-15 00:05:31]   父仓库: anaer/proxy-minging
[2026-07-15 00:05:31] 仓库在黑名单中: https://github.com/anaer/proxy-minging
[2026-07-15 00:05:31]   父仓库 +0 个节点
[2026-07-15 00:05:31]   👤 用户仓库: 13 个 → 队列
[2026-07-15 00:05:31]   用户 MhdiTaheri 共查 13 个仓库
[2026-07-15 00:05:31] 仓库 https://github.com/free18/v2ray (分支: main, size: 17757KB, pushed: 2026-07-14T04:43:01Z)
[2026-07-15 00:05:32] 仓库 https://github.com/free18/v2ray 无候选文件 (总计 6 blob, 扩展名过滤 1, processed_shas 跳过 0, SHA 缓存跳过 5)
[2026-07-15 00:05:32] 🔗 查子仓库: free18/v2ray
[2026-07-15 00:05:32]   🍴 兄弟仓库: 5 个 → 队列
[2026-07-15 00:05:32] 👤 遍历用户仓库: yitong2333
[2026-07-15 00:05:33] 🔗 查子仓库: mohamadfg-dev/telegram-v2ray-configs-collector
[2026-07-15 00:05:33]   👤 用户仓库: 30 个 → 队列
[2026-07-15 00:05:33]   用户 yitong2333 共查 30 个仓库
[2026-07-15 00:05:33] 仓库 https://github.com/Epodonios/v2ray-configs (分支: main, size: 25174894KB, pushed: 2026-07-14T14:21:35Z)
[2026-07-15 00:05:33]   🍴 子仓库: 30 个 → 队列
[2026-07-15 00:05:33] 🔗 开始 Fork 链追踪 (free18/v2ray)
[2026-07-15 00:05:34]   🍴 子仓库: 8 个 → 队列
[2026-07-15 00:05:34] 🔗 开始 Fork 链追踪 (mohamadfg-dev/telegram-v2ray-configs-collector)[2026-07-15 00:05:34] 👤 遍历用户仓库: free18

[2026-07-15 00:05:34] 仓库 https://github.com/Epodonios/v2ray-configs 候选文件较多 (992 个)，先通过 commits API 过滤
[2026-07-15 00:05:34] 👤 遍历用户仓库: mohamadfg-dev
[2026-07-15 00:05:34]   👤 用户仓库: 3 个 → 队列
[2026-07-15 00:05:34]   用户 free18 共查 3 个仓库
[2026-07-15 00:05:34] 仓库 https://github.com/acymz/AutoVPN (分支: main, size: 153311KB, pushed: 2026-07-14T14:58:08Z)
[2026-07-15 00:05:34]   👤 用户仓库: 1 个 → 队列
[2026-07-15 00:05:34]   用户 mohamadfg-dev 共查 1 个仓库
[2026-07-15 00:05:34] 仓库 https://github.com/snakem982/proxypool (分支: main, size: 48790KB, pushed: 2026-07-14T13:13:20Z)
[2026-07-15 00:05:35] 仓库 https://github.com/snakem982/proxypool 候选文件 3 个
[2026-07-15 00:05:35]   Compare API 返回 20 个变更文件 (3 次 API 调用)
[2026-07-15 00:05:35]   commits 过滤: 992 → 20 (变更文件 20 个)
[2026-07-15 00:05:35] 仓库 https://github.com/Epodonios/v2ray-configs 候选文件 20 个
[2026-07-15 00:05:36] 📄 https://raw.githubusercontent.com/Epodonios/v2ray-configs/main/Base64/Sub1_base64.txt ✅ 解析 427 候选 → 427 个有效节点 → 去重后新增 7 个
[2026-07-15 00:05:37] 📄 https://raw.githubusercontent.com/mheidari98/.proxy/main/vmess ✅ 解析 3389 候选 → 3389 个有效节点 → 去重后新增 1 个
[2026-07-15 00:05:37] 🔗 查子仓库: mheidari98/.proxy
[2026-07-15 00:05:37] 📄 https://raw.githubusercontent.com/Epodonios/v2ray-configs/main/Base64/Sub7_base64.txt ✅ 解析 409 候选 → 409 个有效节点 → 去重后新增 21 个
[2026-07-15 00:05:38] 📄 https://raw.githubusercontent.com/Epodonios/v2ray-configs/main/Sub3.txt ✅ 解析 460 候选 → 460 个有效节点 → 去重后新增 1 个
[2026-07-15 00:05:38] 📄 https://raw.githubusercontent.com/Epodonios/v2ray-configs/main/Sub5.txt ✅ 解析 412 候选 → 412 个有效节点 → 去重后新增 4 个
[2026-07-15 00:05:38] 📄 https://raw.githubusercontent.com/Epodonios/v2ray-configs/main/Base64/Sub2_base64.txt ✅ 解析 540 候选 → 540 个有效节点 → 去重后新增 6 个
[2026-07-15 00:05:38]   🍴 子仓库: 24 个 → 队列
[2026-07-15 00:05:38] 🔗 开始 Fork 链追踪 (mheidari98/.proxy)
[2026-07-15 00:05:39] 📄 https://raw.githubusercontent.com/snakem982/proxypool/main/source/clash-meta-2.yaml ✅ 解析 25 候选 → 25 个有效节点 → 去重后新增 1 个
[2026-07-15 00:05:39] 👤 遍历用户仓库: mheidari98
[2026-07-15 00:05:40] 🔗 查子仓库: snakem982/proxypool
[2026-07-15 00:05:40]   👤 用户仓库: 30 个 → 队列
[2026-07-15 00:05:40]   用户 mheidari98 共查 30 个仓库
[2026-07-15 00:05:40] 仓库 https://github.com/Leon406/SubCrawler (分支: main, size: 2050824KB, pushed: 2026-07-14T11:23:24Z)
[2026-07-15 00:05:41] 仓库 https://github.com/Leon406/SubCrawler 候选文件 5 个
[2026-07-15 00:05:41]   🍴 子仓库: 30 个 → 队列
[2026-07-15 00:05:41] 🔗 开始 Fork 链追踪 (snakem982/proxypool)
[2026-07-15 00:05:41] 👤 遍历用户仓库: snakem982
[2026-07-15 00:05:41] 📄 https://raw.githubusercontent.com/Epodonios/v2ray-configs/main/Splitted-By-Protocol/vless.txt ✅ 解析 2062 候选 → 2062 个有效节点 → 去重后新增 1 个
[2026-07-15 00:05:42]   👤 用户仓库: 7 个 → 队列
[2026-07-15 00:05:42]   用户 snakem982 共查 7 个仓库
[2026-07-15 00:05:42] 仓库 https://github.com/603711936/SmartSub (分支: main, size: 202016KB, pushed: 2026-07-13T20:47:20Z)
[2026-07-15 00:05:42] 📄 https://raw.githubusercontent.com/Leon406/SubCrawler/main/sub/share/hysteria2 ✅ 解析 7 候选 → 7 个有效节点 → 去重后新增 3 个
[2026-07-15 00:05:42] 🔗 查子仓库: Epodonios/v2ray-configs
[2026-07-15 00:05:42] 仓库 https://github.com/acymz/AutoVPN 候选文件较多 (14900 个)，先通过 commits API 过滤
[2026-07-15 00:05:42] 仓库 https://github.com/603711936/SmartSub 候选文件较多 (187 个)，先通过 commits API 过滤
[2026-07-15 00:05:43]   Compare API 返回 11 个变更文件 (3 次 API 调用)
[2026-07-15 00:05:43]   commits 过滤: 14900 → 3 (变更文件 11 个)
[2026-07-15 00:05:43] 仓库 https://github.com/acymz/AutoVPN 候选文件 3 个
[2026-07-15 00:05:43] 📄 https://raw.githubusercontent.com/acymz/AutoVPN/main/data/V2.txt ✅ 解析 279 候选 → 279 个有效节点 → 去重后新增 1 个
[2026-07-15 00:05:43]   🍴 子仓库: 30 个 → 队列
[2026-07-15 00:05:43] 🔗 开始 Fork 链追踪 (Epodonios/v2ray-configs)
[2026-07-15 00:05:43]   Compare API 返回 6 个变更文件 (3 次 API 调用)
[2026-07-15 00:05:43]   commits 过滤: 187 → 0 (变更文件 6 个)
[2026-07-15 00:05:43] 仓库 https://github.com/603711936/SmartSub 候选文件经时间过滤后为空
[2026-07-15 00:05:43] 🔗 查子仓库: 603711936/SmartSub
[2026-07-15 00:05:47] 🔗 开始 Fork 链追踪 (603711936/SmartSub)[2026-07-15 00:05:47] 👤 遍历用户仓库: Epodonios

[2026-07-15 00:05:47]   父仓库: noxenys/SmartSub
[2026-07-15 00:05:47] 仓库 https://github.com/noxenys/SmartSub (分支: main, size: 191201KB, pushed: 2026-07-13T21:16:43Z)
[2026-07-15 00:05:47]   👤 用户仓库: 8 个 → 队列
[2026-07-15 00:05:47]   用户 Epodonios 共查 8 个仓库
[2026-07-15 00:05:47] ⏭️ 仓库 https://github.com/Triton-ix/v2ray-Finder 38h 未更新，跳过
[2026-07-15 00:05:47] 仓库在黑名单中: https://github.com/wrfree/free
[2026-07-15 00:05:47] 🔗 查子仓库: acymz/AutoVPN
[2026-07-15 00:05:47] 仓库 https://github.com/barry-far/V2ray-Config (分支: main, size: 9627676KB, pushed: 2026-07-14T15:01:07Z)
[2026-07-15 00:05:47] 仓库 https://github.com/noxenys/SmartSub 候选文件较多 (183 个)，先通过 commits API 过滤
[2026-07-15 00:05:48] 仓库 https://github.com/barry-far/V2ray-Config 候选文件 34 个
[2026-07-15 00:05:48]   🍴 子仓库: 19 个 → 队列
[2026-07-15 00:05:48] 🔗 开始 Fork 链追踪 (acymz/AutoVPN)
[2026-07-15 00:05:49] 👤 遍历用户仓库: acymz
[2026-07-15 00:05:49]   Compare API 返回 7 个变更文件 (3 次 API 调用)
[2026-07-15 00:05:49]   commits 过滤: 183 → 0 (变更文件 7 个)
[2026-07-15 00:05:49] 仓库 https://github.com/noxenys/SmartSub 候选文件经时间过滤后为空
[2026-07-15 00:05:49] 👤 遍历用户仓库: noxenys
[2026-07-15 00:05:49]   👤 用户仓库: 5 个 → 队列
[2026-07-15 00:05:49]   用户 acymz 共查 5 个仓库
[2026-07-15 00:05:50] 仓库 https://github.com/Ruk1ng001/freeSub (分支: main, size: 501KB, pushed: 2026-07-14T14:00:06Z)
[2026-07-15 00:05:50] 仓库 https://github.com/Ruk1ng001/freeSub 候选文件 4 个
[2026-07-15 00:05:51]   👤 用户仓库: 30 个 → 队列
[2026-07-15 00:05:51]   用户 noxenys 共查 30 个仓库
[2026-07-15 00:05:51]   父仓库 +0 个节点
[2026-07-15 00:05:51] 📄 https://raw.githubusercontent.com/Ruk1ng001/freeSub/main/clash.yaml ✅ 解析 11 候选 → 11 个有效节点 → 去重后新增 4 个
[2026-07-15 00:05:51]   🍴 兄弟仓库: 7 个 → 队列
[2026-07-15 00:05:51] 👤 遍历用户仓库: 603711936
[2026-07-15 00:05:52] 🔗 查子仓库: Ruk1ng001/freeSub
[2026-07-15 00:05:52]   👤 用户仓库: 10 个 → 队列
[2026-07-15 00:05:52]   用户 603711936 共查 10 个仓库
[2026-07-15 00:05:52] 仓库在黑名单中: https://github.com/learnhard-cn/free_proxy_ss
[2026-07-15 00:05:52] 仓库 https://github.com/VitorHUM/word-explorer (分支: main, size: 1278KB, pushed: 2026-07-14T16:01:42Z)
[2026-07-15 00:05:54] 仓库 https://github.com/VitorHUM/word-explorer 候选文件 18 个
[2026-07-15 00:05:54]   🍴 子仓库: 30 个 → 队列
[2026-07-15 00:05:54] 🔗 开始 Fork 链追踪 (Ruk1ng001/freeSub)
[2026-07-15 00:05:55] 👤 遍历用户仓库: Ruk1ng001
[2026-07-15 00:05:55]   👤 用户仓库: 16 个 → 队列
[2026-07-15 00:05:55]   用户 Ruk1ng001 共查 16 个仓库
[2026-07-15 00:05:56] 仓库 https://github.com/junjun266/FreeProxyGo (分支: main, size: 1508KB, pushed: 2026-07-14T16:00:01Z)
[2026-07-15 00:05:56] 🔗 查子仓库: barry-far/V2ray-Config
[2026-07-15 00:05:56] 仓库 https://github.com/junjun266/FreeProxyGo 候选文件 1 个
[2026-07-15 00:05:57] 🔗 查子仓库: junjun266/FreeProxyGo
[2026-07-15 00:05:57]   🍴 子仓库: 30 个 → 队列
[2026-07-15 00:05:57] 🔗 开始 Fork 链追踪 (barry-far/V2ray-Config)
[2026-07-15 00:05:57]   🍴 子仓库: 3 个 → 队列
[2026-07-15 00:05:57] 🔗 开始 Fork 链追踪 (junjun266/FreeProxyGo)
[2026-07-15 00:05:58] 仓库 https://github.com/VitorHUM/word-explorer 未提取到节点，加入黑名单
[2026-07-15 00:05:58] 仓库 https://github.com/FreeFolksOn/abc-configs-free-vpn-proxy-list (分支: main, size: 4330KB, pushed: 2026-07-14T15:58:25Z)
[2026-07-15 00:05:58] 👤 遍历用户仓库: junjun266
[2026-07-15 00:05:58] 👤 遍历用户仓库: barry-far
[2026-07-15 00:05:58]   用户 junjun266 共查 0 个仓库
[2026-07-15 00:05:58] 仓库 https://github.com/LingQingOutAt11/free-vpn-subscriptions (分支: main, size: 54915KB, pushed: 2026-07-14T15:57:42Z)
[2026-07-15 00:05:58] 仓库 https://github.com/FreeFolksOn/abc-configs-free-vpn-proxy-list 候选文件 1 个
[2026-07-15 00:05:58]   👤 用户仓库: 6 个 → 队列
[2026-07-15 00:05:58]   用户 barry-far 共查 6 个仓库
[2026-07-15 00:05:58] 仓库 https://github.com/Baobei321/-FreeNodes (分支: main, size: 32260KB, pushed: 2026-07-14T15:55:23Z)
[2026-07-15 00:05:58] 📄 https://raw.githubusercontent.com/FreeFolksOn/abc-configs-free-vpn-proxy-list/main/README.md ✅ 解析 17 候选 → 17 个有效节点 → 去重后新增 3 个
[2026-07-15 00:05:58] 🔗 查子仓库: FreeFolksOn/abc-configs-free-vpn-proxy-list
[2026-07-15 00:05:59] 仓库 https://github.com/LingQingOutAt11/free-vpn-subscriptions 候选文件 22 个
[2026-07-15 00:05:59] 仓库 https://github.com/Baobei321/-FreeNodes 候选文件 2 个
[2026-07-15 00:05:59]   🍴 子仓库: 2 个 → 队列
[2026-07-15 00:05:59] 📄 https://raw.githubusercontent.com/LingQingOutAt11/free-vpn-subscriptions/main/output/by-country/clash-SC.yaml ✅ 解析 4 候选 → 4 个有效节点 → 去重后新增 1 个
[2026-07-15 00:05:59] 🔗 开始 Fork 链追踪 (FreeFolksOn/abc-configs-free-vpn-proxy-list)
[2026-07-15 00:05:59] 📄 https://raw.githubusercontent.com/LingQingOutAt11/free-vpn-subscriptions/main/output/by-country/clash-US.yaml ✅ 解析 15 候选 → 15 个有效节点 → 去重后新增 2 个
[2026-07-15 00:05:59] 📄 https://raw.githubusercontent.com/LingQingOutAt11/free-vpn-subscriptions/main/output/clash.yaml ✅ 解析 92 候选 → 92 个有效节点 → 去重后新增 1 个[2026-07-15 00:05:59] 👤 遍历用户仓库: FreeFolksOn

[2026-07-15 00:06:00] 🔗 查子仓库: LingQingOutAt11/free-vpn-subscriptions
[2026-07-15 00:06:00]   用户 FreeFolksOn 共查 0 个仓库
[2026-07-15 00:06:00] 仓库 https://github.com/taokun5881/FreeNodes (分支: main, size: 32122KB, pushed: 2026-07-14T15:54:16Z)
[2026-07-15 00:06:00] 🔗 开始 Fork 链追踪 (LingQingOutAt11/free-vpn-subscriptions)
[2026-07-15 00:06:02] 仓库 https://github.com/taokun5881/FreeNodes 候选文件 2 个
[2026-07-15 00:06:02]   父仓库: Au1rxx/free-vpn-subscriptions
[2026-07-15 00:06:05] 仓库 https://github.com/Baobei321/-FreeNodes 未提取到节点，加入黑名单
[2026-07-15 00:06:05]   🍴 兄弟仓库: 30 个 → 队列
[2026-07-15 00:06:05] 👤 遍历用户仓库: LingQingOutAt11[2026-07-15 00:06:05] 仓库 https://github.com/fengye0903/FreeNodes (分支: main, size: 33113KB, pushed: 2026-07-14T15:54:03Z)

[2026-07-15 00:06:05] 仓库 https://github.com/taokun5881/FreeNodes 未提取到节点，加入黑名单
[2026-07-15 00:06:05] ⚠️ 仓库 https://github.com/ojuliocouto/meta-ads-uploader 大小为 0，跳过
[2026-07-15 00:06:05] 仓库 https://github.com/XHegit/FreeNodes (分支: main, size: 18049KB, pushed: 2026-07-14T15:30:04Z)
[2026-07-15 00:06:05] 仓库 https://github.com/fengye0903/FreeNodes 候选文件 2 个
[2026-07-15 00:06:05]   👤 用户仓库: 1 个 → 队列
[2026-07-15 00:06:05]   用户 LingQingOutAt11 共查 1 个仓库
[2026-07-15 00:06:05] 仓库 https://github.com/wanvfx/FreeNodes (分支: main, size: 22298KB, pushed: 2026-07-14T15:29:39Z)
[2026-07-15 00:06:05] 仓库 https://github.com/XHegit/FreeNodes 无候选文件 (总计 39 blob, 扩展名过滤 15, processed_shas 跳过 0, SHA 缓存跳过 24)
[2026-07-15 00:06:05] 🔗 查子仓库: XHegit/FreeNodes
[2026-07-15 00:06:05] 🔗 开始 Fork 链追踪 (XHegit/FreeNodes)
[2026-07-15 00:06:06] 仓库 https://github.com/wanvfx/FreeNodes 无候选文件 (总计 41 blob, 扩展名过滤 15, processed_shas 跳过 0, SHA 缓存跳过 26)
[2026-07-15 00:06:06] 🔗 查子仓库: wanvfx/FreeNodes[2026-07-15 00:06:06]   父仓库: Barabama/FreeNodes

[2026-07-15 00:06:06] 🔗 开始 Fork 链追踪 (wanvfx/FreeNodes)
[2026-07-15 00:06:08]   父仓库: Barabama/FreeNodes
[2026-07-15 00:06:09] 仓库 https://github.com/fengye0903/FreeNodes 未提取到节点，加入黑名单
[2026-07-15 00:06:09] 仓库 https://github.com/sclyxcn/airport-free (分支: main, size: 34611KB, pushed: 2026-07-14T15:26:33Z)
[2026-07-15 00:06:09]   🍴 兄弟仓库: 30 个 → 队列[2026-07-15 00:06:09]   🍴 兄弟仓库: 24 个 → 队列

[2026-07-15 00:06:09] 👤 遍历用户仓库: XHegit[2026-07-15 00:06:09] 👤 遍历用户仓库: wanvfx

[2026-07-15 00:06:09] 仓库 https://github.com/sclyxcn/airport-free 候选文件 1 个
[2026-07-15 00:06:10] 仓库 https://github.com/sclyxcn/airport-free 未提取到节点，加入黑名单
[2026-07-15 00:06:10] 仓库 https://github.com/admariner/n8n (分支: master, size: 352511KB, pushed: 2026-07-14T15:26:20Z)
[2026-07-15 00:06:11]   👤 用户仓库: 30 个 → 队列
[2026-07-15 00:06:11]   用户 wanvfx 共查 30 个仓库
[2026-07-15 00:06:11] 仓库 https://github.com/luochen1975/FreeNodes (分支: main, size: 22327KB, pushed: 2026-07-14T15:25:11Z)
[2026-07-15 00:06:11] 仓库 https://github.com/luochen1975/FreeNodes 无候选文件 (总计 41 blob, 扩展名过滤 15, processed_shas 跳过 0, SHA 缓存跳过 26)
[2026-07-15 00:06:11] 🔗 查子仓库: luochen1975/FreeNodes
[2026-07-15 00:06:11] 🔗 开始 Fork 链追踪 (luochen1975/FreeNodes)
[2026-07-15 00:06:12]   父仓库: Barabama/FreeNodes
[2026-07-15 00:06:13] 👤 遍历用户仓库: luochen1975
[2026-07-15 00:06:13]   👤 用户仓库: 30 个 → 队列
[2026-07-15 00:06:13]   用户 XHegit 共查 30 个仓库
[2026-07-15 00:06:13] 仓库 https://github.com/yangfh158/FreeNodes (分支: main, size: 20830KB, pushed: 2026-07-14T15:23:59Z)
[2026-07-15 00:06:14] 仓库 https://github.com/yangfh158/FreeNodes 无候选文件 (总计 41 blob, 扩展名过滤 15, processed_shas 跳过 0, SHA 缓存跳过 26)
[2026-07-15 00:06:14] 🔗 查子仓库: yangfh158/FreeNodes
[2026-07-15 00:06:14] 🔗 开始 Fork 链追踪 (yangfh158/FreeNodes)
[2026-07-15 00:06:14]   父仓库: Barabama/FreeNodes
[2026-07-15 00:06:15] 📄 https://raw.githubusercontent.com/Leon406/SubCrawler/main/sub/share/vless ✅ 解析 21385 候选 → 21385 个有效节点 → 去重后新增 14993 个
[2026-07-15 00:06:15] 📦 批次 0012 已持久化: /home/runner/work/test-college/test-college/batches/no_batch_0012.txt (19897 个节点, 累计 90962 个)
[2026-07-15 00:06:15] SHA 缓存已保存: 32466 条, 1 分片
[2026-07-15 00:06:15] 👤 遍历用户仓库: yangfh158
[2026-07-15 00:06:15] 仓库 https://github.com/admariner/n8n 候选文件较多 (4307 个)，先通过 commits API 过滤
[2026-07-15 00:06:15]   👤 用户仓库: 4 个 → 队列
[2026-07-15 00:06:15]   用户 yangfh158 共查 4 个仓库
[2026-07-15 00:06:15] 仓库 https://github.com/haishen121/FreeNodes (分支: main, size: 35481KB, pushed: 2026-07-14T15:23:08Z)
[2026-07-15 00:06:16] 仓库 https://github.com/haishen121/FreeNodes 候选文件 1 个
[2026-07-15 00:06:17] 仓库 https://github.com/haishen121/FreeNodes 未提取到节点，加入黑名单
[2026-07-15 00:06:17] 仓库 https://github.com/chengege666/FreeNodes (分支: main, size: 22412KB, pushed: 2026-07-14T15:22:16Z)
[2026-07-15 00:06:17]   👤 用户仓库: 30 个 → 队列
[2026-07-15 00:06:18]   用户 luochen1975 共查 30 个仓库
[2026-07-15 00:06:18] 仓库 https://github.com/gwcctv/FreeNodes (分支: main, size: 20584KB, pushed: 2026-07-14T15:22:00Z)
[2026-07-15 00:06:18] 仓库 https://github.com/chengege666/FreeNodes 无候选文件 (总计 41 blob, 扩展名过滤 15, processed_shas 跳过 0, SHA 缓存跳过 26)
[2026-07-15 00:06:18] 🔗 查子仓库: chengege666/FreeNodes
[2026-07-15 00:06:18] 仓库 https://github.com/gwcctv/FreeNodes 无候选文件 (总计 41 blob, 扩展名过滤 15, processed_shas 跳过 0, SHA 缓存跳过 26)
[2026-07-15 00:06:18] 🔗 查子仓库: gwcctv/FreeNodes
[2026-07-15 00:06:18] 🔗 开始 Fork 链追踪 (chengege666/FreeNodes)
[2026-07-15 00:06:18] 🔗 开始 Fork 链追踪 (gwcctv/FreeNodes)
[2026-07-15 00:06:19] 🔗 查子仓库: Leon406/SubCrawler[2026-07-15 00:06:19]   Compare API 返回 300 个变更文件 (3 次 API 调用)[2026-07-15 00:06:19]   父仓库: Barabama/FreeNodes[2026-07-15 00:06:19]   父仓库: Barabama/FreeNodes


[2026-07-15 00:06:19]   commits 过滤: 4307 → 89 (变更文件 300 个)

[2026-07-15 00:06:19] 仓库 https://github.com/admariner/n8n 候选文件 89 个
[2026-07-15 00:06:20] 👤 遍历用户仓库: chengege666
[2026-07-15 00:06:20] 👤 遍历用户仓库: gwcctv
[2026-07-15 00:06:22] 仓库 https://github.com/admariner/n8n 未提取到节点，加入黑名单
[2026-07-15 00:06:22] 仓库 https://github.com/wenxig/free-nodes-sub (分支: main, size: 11912KB, pushed: 2026-07-14T15:20:57Z)
[2026-07-15 00:06:22]   🍴 子仓库: 30 个 → 队列
[2026-07-15 00:06:22] 🔗 开始 Fork 链追踪 (Leon406/SubCrawler)
[2026-07-15 00:06:22]   👤 用户仓库: 22 个 → 队列
[2026-07-15 00:06:22]   用户 chengege666 共查 22 个仓库
[2026-07-15 00:06:22] 仓库 https://github.com/Au1rxx/free-vpn-subscriptions (分支: main, size: 63153KB, pushed: 2026-07-14T15:17:00Z)
[2026-07-15 00:06:24] 👤 遍历用户仓库: Leon406
[2026-07-15 00:06:24] 仓库 https://github.com/wenxig/free-nodes-sub 候选文件 3 个
[2026-07-15 00:06:24] 仓库 https://github.com/Au1rxx/free-vpn-subscriptions 候选文件 32 个
[2026-07-15 00:06:25] 🔗 查子仓库: Au1rxx/free-vpn-subscriptions
[2026-07-15 00:06:26] 📄 https://raw.githubusercontent.com/wenxig/free-nodes-sub/main/data/sub.yaml ✅ 解析 604 候选 → 604 个有效节点 → 去重后新增 2 个
[2026-07-15 00:06:26] 🔗 查子仓库: wenxig/free-nodes-sub
[2026-07-15 00:06:27]   👤 用户仓库: 30 个 → 队列
[2026-07-15 00:06:27]   用户 Leon406 共查 30 个仓库
[2026-07-15 00:06:27] 仓库 https://github.com/ww940/free-6-20 (分支: main, size: 11915KB, pushed: 2026-07-14T15:13:49Z)
[2026-07-15 00:06:29] 仓库 https://github.com/ww940/free-6-20 候选文件 1 个[2026-07-15 00:06:29]   🍴 子仓库: 3 个 → 队列

[2026-07-15 00:06:29] 🔗 开始 Fork 链追踪 (Au1rxx/free-vpn-subscriptions)
[2026-07-15 00:06:29] 仓库 https://github.com/ww940/free-6-20 未提取到节点，加入黑名单
[2026-07-15 00:06:29] 仓库 https://github.com/Yannik666/nodes (分支: main, size: 1434839KB, pushed: 2026-07-14T15:04:55Z)
[2026-07-15 00:06:31]   🍴 子仓库: 8 个 → 队列
[2026-07-15 00:06:31] 🔗 开始 Fork 链追踪 (wenxig/free-nodes-sub)
[2026-07-15 00:06:31]   👤 用户仓库: 30 个 → 队列
[2026-07-15 00:06:31]   用户 gwcctv 共查 30 个仓库
[2026-07-15 00:06:31] 仓库 https://github.com/JerryZhuxf/free-servers (分支: main, size: 80KB, pushed: 2026-07-14T15:00:43Z)
[2026-07-15 00:06:31] 👤 遍历用户仓库: Au1rxx
[2026-07-15 00:06:31] 👤 遍历用户仓库: wenxig
[2026-07-15 00:06:33] 仓库 https://github.com/JerryZhuxf/free-servers 候选文件 32 个
[2026-07-15 00:06:33] 仓库 https://github.com/Yannik666/nodes 候选文件较多 (1152 个)，先通过 commits API 过滤
[2026-07-15 00:06:33] 📄 https://raw.githubusercontent.com/JerryZhuxf/free-servers/main/static/README-fr.md ✅ 解析 18 候选 → 18 个有效节点 → 去重后新增 1 个
[2026-07-15 00:06:33] 📄 https://raw.githubusercontent.com/JerryZhuxf/free-servers/main/static/README-pl.md ✅ 解析 18 候选 → 18 个有效节点 → 去重后新增 1 个
[2026-07-15 00:06:34] 📄 https://raw.githubusercontent.com/JerryZhuxf/free-servers/main/static/README-de.md ✅ 解析 18 候选 → 18 个有效节点 → 去重后新增 1 个
[2026-07-15 00:06:34] 📄 https://raw.githubusercontent.com/JerryZhuxf/free-servers/main/static/README-ko-KR.md ✅ 解析 18 候选 → 18 个有效节点 → 去重后新增 1 个
[2026-07-15 00:06:34] 📄 https://raw.githubusercontent.com/JerryZhuxf/free-servers/main/static/README-vi.md ✅ 解析 18 候选 → 18 个有效节点 → 去重后新增 1 个
[2026-07-15 00:06:34] 🔗 查子仓库: JerryZhuxf/free-servers
[2026-07-15 00:06:35]   👤 用户仓库: 25 个 → 队列
[2026-07-15 00:06:35]   用户 Au1rxx 共查 25 个仓库
[2026-07-15 00:06:35] 仓库 https://github.com/davidaparicio/open-saas (分支: main, size: 136975KB, pushed: 2026-07-14T14:54:32Z)
[2026-07-15 00:06:35]   👤 用户仓库: 14 个 → 队列
[2026-07-15 00:06:35]   用户 wenxig 共查 14 个仓库
[2026-07-15 00:06:35] 仓库 https://github.com/gifted-g1/Ow-Arena (分支: main, size: 72KB, pushed: 2026-07-14T14:47:42Z)
[2026-07-15 00:06:37] 🔗 开始 Fork 链追踪 (JerryZhuxf/free-servers)
[2026-07-15 00:06:37] 仓库 https://github.com/davidaparicio/open-saas 无候选文件 (总计 587 blob, 扩展名过滤 502, processed_shas 跳过 0, SHA 缓存跳过 85)
[2026-07-15 00:06:37] 🔗 查子仓库: davidaparicio/open-saas
[2026-07-15 00:06:37] 🔗 开始 Fork 链追踪 (davidaparicio/open-saas)
[2026-07-15 00:06:39]   父仓库: Pawdroid/Free-servers[2026-07-15 00:06:39] 仓库 https://github.com/gifted-g1/Ow-Arena 候选文件 14 个

[2026-07-15 00:06:40] 仓库 https://github.com/gifted-g1/Ow-Arena 未提取到节点，加入黑名单
[2026-07-15 00:06:40] 仓库 https://github.com/TheRakeshPurohit/n8n (分支: master, size: 353706KB, pushed: 2026-07-14T15:53:15Z)
[2026-07-15 00:06:41]   父仓库: wasp-lang/open-saas
[2026-07-15 00:06:41] 仓库 https://github.com/wasp-lang/open-saas (分支: main, size: 140793KB, pushed: 2026-07-14T09:07:42Z)
[2026-07-15 00:06:42]   Compare API 返回 2 个变更文件 (3 次 API 调用)
[2026-07-15 00:06:42]   commits 过滤: 1152 → 2 (变更文件 2 个)
[2026-07-15 00:06:42] 仓库 https://github.com/Yannik666/nodes 候选文件 2 个
[2026-07-15 00:06:42] 仓库 https://github.com/wasp-lang/open-saas 无候选文件 (总计 587 blob, 扩展名过滤 502, processed_shas 跳过 0, SHA 缓存跳过 85)
[2026-07-15 00:06:42] 👤 遍历用户仓库: wasp-lang
[2026-07-15 00:06:42] 📄 https://raw.githubusercontent.com/Yannik666/nodes/main/README.md ✅ 解析 186 候选 → 186 个有效节点 → 去重后新增 148 个
[2026-07-15 00:06:43] 🔗 查子仓库: Yannik666/nodes
[2026-07-15 00:06:44] 仓库 https://github.com/TheRakeshPurohit/n8n 候选文件较多 (4225 个)，先通过 commits API 过滤
[2026-07-15 00:06:44] 🔗 开始 Fork 链追踪 (Yannik666/nodes)
[2026-07-15 00:06:46]   👤 用户仓库: 30 个 → 队列
[2026-07-15 00:06:46]   🍴 兄弟仓库: 26 个 → 队列
[2026-07-15 00:06:46]   用户 wasp-lang 共查 30 个仓库[2026-07-15 00:06:46] 👤 遍历用户仓库: JerryZhuxf

[2026-07-15 00:06:46]   父仓库 +148 个节点
[2026-07-15 00:06:48]   父仓库: imyaoxp/nodes
[2026-07-15 00:06:48] 仓库在黑名单中: https://github.com/imyaoxp/nodes
[2026-07-15 00:06:48]   父仓库 +0 个节点
[2026-07-15 00:06:50]   👤 用户仓库: 2 个 → 队列
[2026-07-15 00:06:50]   用户 JerryZhuxf 共查 2 个仓库
[2026-07-15 00:06:50] 仓库 https://github.com/mfuu/v2ray (分支: master, size: 31KB, pushed: 2026-07-14T14:42:05Z)
[2026-07-15 00:06:51] 仓库 https://github.com/mfuu/v2ray 候选文件 3 个
[2026-07-15 00:06:51]   🍴 兄弟仓库: 5 个 → 队列
[2026-07-15 00:06:51] 👤 遍历用户仓库: Yannik666
[2026-07-15 00:06:51] 🔗 查子仓库: mfuu/v2ray
[2026-07-15 00:06:53]   🍴 兄弟仓库: 30 个 → 队列
[2026-07-15 00:06:53]   Compare API 返回 300 个变更文件 (3 次 API 调用)
[2026-07-15 00:06:53]   commits 过滤: 4225 → 2 (变更文件 300 个)[2026-07-15 00:06:53] 👤 遍历用户仓库: davidaparicio

[2026-07-15 00:06:53] 仓库 https://github.com/TheRakeshPurohit/n8n 候选文件 2 个
[2026-07-15 00:06:54] 仓库 https://github.com/TheRakeshPurohit/n8n 未提取到节点，加入黑名单
[2026-07-15 00:06:54] 仓库 https://github.com/DXFH/clash-free-cleaner (分支: main, size: 1999979KB, pushed: 2026-07-14T14:36:14Z)
[2026-07-15 00:06:55]   用户 Yannik666 共查 0 个仓库
[2026-07-15 00:06:55] 仓库 https://github.com/Nelinski/n8n (分支: master, size: 353374KB, pushed: 2026-07-14T14:22:28Z)
[2026-07-15 00:06:55] 仓库 https://github.com/DXFH/clash-free-cleaner 候选文件较多 (215 个)，先通过 commits API 过滤
[2026-07-15 00:06:56]   🍴 子仓库: 30 个 → 队列
[2026-07-15 00:06:56] 🔗 开始 Fork 链追踪 (mfuu/v2ray)
[2026-07-15 00:06:58] 仓库 https://github.com/Nelinski/n8n 候选文件较多 (4223 个)，先通过 commits API 过滤
[2026-07-15 00:07:00] 👤 遍历用户仓库: mfuu
[2026-07-15 00:07:02]   Compare API 返回 158 个变更文件 (3 次 API 调用)
[2026-07-15 00:07:02]   commits 过滤: 215 → 150 (变更文件 158 个)
[2026-07-15 00:07:02] 仓库 https://github.com/DXFH/clash-free-cleaner 候选文件 150 个
[2026-07-15 00:07:02] 📄 https://raw.githubusercontent.com/DXFH/clash-free-cleaner/main/sub/Best-Results/top150.txt ✅ 解析 148 候选 → 148 个有效节点 → 去重后新增 9 个
[2026-07-15 00:07:02] ⚠️ 并行下载异常: sub/Best-Results/top50.json: 'utf-8' codec can't encode characters in position 0-3: surrogates not allowed
[2026-07-15 00:07:02] 📄 https://raw.githubusercontent.com/DXFH/clash-free-cleaner/main/sub/countries/AM.txt ✅ 解析 78 候选 → 78 个有效节点 → 去重后新增 1 个[2026-07-15 00:07:03] ⚠️ 并行下载异常: sub/countries/AE.json: 'utf-8' codec can't encode characters in position 0-3: surrogates not allowed

[2026-07-15 00:07:03] 📄 https://raw.githubusercontent.com/DXFH/clash-free-cleaner/main/sub/Best-Results/top200.txt ✅ 解析 197 候选 → 197 个有效节点 → 去重后新增 1 个[2026-07-15 00:07:03] 📄 https://raw.githubusercontent.com/DXFH/clash-free-cleaner/main/sub/countries/AU.txt ✅ 解析 92 候选 → 92 个有效节点 → 去重后新增 9 个[2026-07-15 00:07:03] 📄 https://raw.githubusercontent.com/DXFH/clash-free-cleaner/main/sub/countries/AT.txt ✅ 解析 106 候选 → 106 个有效节点 → 去重后新增 4 个
[2026-07-15 00:07:03] 📄 https://raw.githubusercontent.com/DXFH/clash-free-cleaner/main/sub/countries/AZ.txt ✅ 解析 17 候选 → 17 个有效节点 → 去重后新增 1 个

[2026-07-15 00:07:03] ⚠️ 并行下载异常: sub/Best-Results/top150.json: 'utf-8' codec can't encode characters in position 0-3: surrogates not allowed[2026-07-15 00:07:03] 📄 https://raw.githubusercontent.com/DXFH/clash-free-cleaner/main/sub/countries/AE.txt ✅ 解析 221 候选 → 221 个有效节点 → 去重后新增 12 个[2026-07-15 00:07:03] 📄 https://raw.githubusercontent.com/DXFH/clash-free-cleaner/main/sub/countries/BG.txt ✅ 解析 114 候选 → 114 个有效节点 → 去重后新增 24 个



[2026-07-15 00:07:03] ⚠️ 并行下载异常: sub/countries/AT.json: 'utf-8' codec can't encode characters in position 0-3: surrogates not allowed
[2026-07-15 00:07:03] ⚠️ 并行下载异常: sub/countries/AU.json: 'utf-8' codec can't encode characters in position 0-3: surrogates not allowed
[2026-07-15 00:07:03] ⚠️ 并行下载异常: sub/Best-Results/top200.json: 'utf-8' codec can't encode characters in position 0-3: surrogates not allowed
[2026-07-15 00:07:03] ⚠️ 并行下载异常: sub/countries/BY.json: 'utf-8' codec can't encode characters in position 0-3: surrogates not allowed
[2026-07-15 00:07:03] ⚠️ 并行下载异常: sub/countries/BG.json: 'utf-8' codec can't encode characters in position 0-3: surrogates not allowed
[2026-07-15 00:07:03] ⚠️ 并行下载异常: sub/countries/BE.json: 'utf-8' codec can't encode characters in position 0-3: surrogates not allowed
[2026-07-15 00:07:03] 📄 https://raw.githubusercontent.com/DXFH/clash-free-cleaner/main/sub/countries/BR.txt ✅ 解析 70 候选 → 70 个有效节点 → 去重后新增 8 个
[2026-07-15 00:07:03] 📄 https://raw.githubusercontent.com/DXFH/clash-free-cleaner/main/sub/countries/CZ.txt ✅ 解析 110 候选 → 110 个有效节点 → 去重后新增 12 个
[2026-07-15 00:07:03] 📄 https://raw.githubusercontent.com/DXFH/clash-free-cleaner/main/sub/countries/EE.txt ✅ 解析 113 候选 → 113 个有效节点 → 去重后新增 10 个[2026-07-15 00:07:03] ⚠️ 并行下载异常: sub/countries/DK.json: 'utf-8' codec can't encode characters in position 0-3: surrogates not allowed[2026-07-15 00:07:03] 📄 https://raw.githubusercontent.com/DXFH/clash-free-cleaner/main/sub/countries/CY.txt ✅ 解析 185 候选 → 185 个有效节点 → 去重后新增 9 个[2026-07-15 00:07:04] 📄 https://raw.githubusercontent.com/DXFH/clash-free-cleaner/main/sub/countries/CH.txt ✅ 解析 360 候选 → 360 个有效节点 → 去重后新增 10 个


[2026-07-15 00:07:04] 📄 https://raw.githubusercontent.com/DXFH/clash-free-cleaner/main/sub/countries/ES.txt ✅ 解析 106 候选 → 106 个有效节点 → 去重后新增 8 个
[2026-07-15 00:07:04] 📄 https://raw.githubusercontent.com/DXFH/clash-free-cleaner/main/sub/countries/CA.txt ✅ 解析 482 候选 → 482 个有效节点 → 去重后新增 19 个
[2026-07-15 00:07:04] ⚠️ 并行下载异常: sub/countries/CH.json: 'utf-8' codec can't encode characters in position 0-3: surrogates not allowed

[2026-07-15 00:07:04] ⚠️ 并行下载异常: sub/countries/CA.json: 'utf-8' codec can't encode characters in position 0-3: surrogates not allowed
[2026-07-15 00:07:04] ⚠️ 并行下载异常: sub/countries/ES.json: 'utf-8' codec can't encode characters in position 0-3: surrogates not allowed
[2026-07-15 00:07:04] ⚠️ 并行下载异常: sub/countries/CY.json: 'utf-8' codec can't encode characters in position 0-3: surrogates not allowed
[2026-07-15 00:07:04] ⚠️ 并行下载异常: sub/countries/CN.json: 'utf-8' codec can't encode characters in position 0-3: surrogates not allowed
[2026-07-15 00:07:04]   👤 用户仓库: 30 个 → 队列
[2026-07-15 00:07:04]   用户 davidaparicio 共查 30 个仓库
[2026-07-15 00:07:04]   👤 用户仓库: 30 个 → 队列[2026-07-15 00:07:04] 仓库 https://github.com/gristlabs/n8n (分支: master, size: 339242KB, pushed: 2026-07-14T14:29:27Z)
[2026-07-15 00:07:04] 📄 https://raw.githubusercontent.com/DXFH/clash-free-cleaner/main/sub/countries/GE.txt ✅ 解析 15 候选 → 15 个有效节点 → 去重后新增 1 个

[2026-07-15 00:07:04] 📄 https://raw.githubusercontent.com/DXFH/clash-free-cleaner/main/sub/countries/FI.txt ✅ 解析 677 候选 → 677 个有效节点 → 去重后新增 47 个[2026-07-15 00:07:04]   用户 mfuu 共查 30 个仓库

[2026-07-15 00:07:04] ⚠️ 并行下载异常: sub/countries/HR.json: 'utf-8' codec can't encode characters in position 0-3: surrogates not allowed
[2026-07-15 00:07:05] ⚠️ 并行下载异常: sub/countries/HU.json: 'utf-8' codec can't encode characters in position 0-3: surrogates not allowed
[2026-07-15 00:07:05] 仓库 https://github.com/PENZA84/free-node (分支: main, size: 25370KB, pushed: 2026-07-14T14:01:30Z)
[2026-07-15 00:07:05] 📄 https://raw.githubusercontent.com/DXFH/clash-free-cleaner/main/sub/countries/ID.txt ✅ 解析 19 候选 → 19 个有效节点 → 去重后新增 2 个
[2026-07-15 00:07:05] ⚠️ 并行下载异常: sub/countries/ID.json: 'utf-8' codec can't encode characters in position 0-3: surrogates not allowed
[2026-07-15 00:07:05] 📄 https://raw.githubusercontent.com/DXFH/clash-free-cleaner/main/sub/countries/HU.txt ✅ 解析 34 候选 → 34 个有效节点 → 去重后新增 3 个
[2026-07-15 00:07:05] 📄 https://raw.githubusercontent.com/DXFH/clash-free-cleaner/main/sub/countries/IE.txt ✅ 解析 117 候选 → 117 个有效节点 → 去重后新增 6 个
[2026-07-15 00:07:05] ⚠️ 并行下载异常: sub/countries/FI.json: 'utf-8' codec can't encode characters in position 0-3: surrogates not allowed
[2026-07-15 00:07:06] 📄 https://raw.githubusercontent.com/DXFH/clash-free-cleaner/main/sub/countries/IN.txt ✅ 解析 107 候选 → 107 个有效节点 → 去重后新增 15 个
[2026-07-15 00:07:06] 📄 https://raw.githubusercontent.com/DXFH/clash-free-cleaner/main/sub/countries/HK.txt ✅ 解析 1054 候选 → 1054 个有效节点 → 去重后新增 40 个
[2026-07-15 00:07:06] 仓库 https://github.com/PENZA84/free-node 候选文件 1 个
[2026-07-15 00:07:06] 📄 https://raw.githubusercontent.com/DXFH/clash-free-cleaner/main/sub/countries/GB.txt ✅ 解析 1325 候选 → 1325 个有效节点 → 去重后新增 60 个
[2026-07-15 00:07:10]   Compare API 返回 300 个变更文件 (3 次 API 调用)
[2026-07-15 00:07:10]   commits 过滤: 4223 → 10 (变更文件 300 个)
[2026-07-15 00:07:10] 仓库 https://github.com/Nelinski/n8n 候选文件 10 个
[2026-07-15 00:07:11] 🔗 查子仓库: PENZA84/free-node
[2026-07-15 00:07:11] 📄 https://raw.githubusercontent.com/DXFH/clash-free-cleaner/main/sub/countries/FR.txt ✅ 解析 1898 候选 → 1898 个有效节点 → 去重后新增 52 个
[2026-07-15 00:07:11] 🔗 开始 Fork 链追踪 (PENZA84/free-node)
[2026-07-15 00:07:12]   父仓库: HakurouKen/free-node
[2026-07-15 00:07:12] ⚠️ 并行下载异常: sub/countries/IN.json: 'utf-8' codec can't encode characters in position 0-3: surrogates not allowed
[2026-07-15 00:07:12] ⚠️ 并行下载异常: sub/countries/KZ.json: 'utf-8' codec can't encode characters in position 0-3: surrogates not allowed
[2026-07-15 00:07:12] ⚠️ 并行下载异常: sub/countries/FR.json: 'utf-8' codec can't encode characters in position 0-3: surrogates not allowed
[2026-07-15 00:07:12] 📄 https://raw.githubusercontent.com/DXFH/clash-free-cleaner/main/sub/countries/KZ.txt ✅ 解析 130 候选 → 130 个有效节点 → 去重后新增 1 个
[2026-07-15 00:07:12] ⚠️ 并行下载异常: sub/countries/IT.json: 'utf-8' codec can't encode characters in position 0-3: surrogates not allowed
[2026-07-15 00:07:12] 📄 https://raw.githubusercontent.com/DXFH/clash-free-cleaner/main/sub/countries/IT.txt ✅ 解析 209 候选 → 209 个有效节点 → 去重后新增 9 个
[2026-07-15 00:07:12] ⚠️ 并行下载异常: sub/countries/HK.json: 'utf-8' codec can't encode characters in position 0-3: surrogates not allowed
[2026-07-15 00:07:12] ⚠️ 并行下载异常: sub/countries/JP.json: 'utf-8' codec can't encode characters in position 0-3: surrogates not allowed
[2026-07-15 00:07:12] ⚠️ 并行下载异常: sub/countries/IR.json: 'utf-8' codec can't encode characters in position 0-3: surrogates not allowed
[2026-07-15 00:07:12] ⚠️ 并行下载异常: sub/countries/LT.json: 'utf-8' codec can't encode characters in position 0-3: surrogates not allowed
[2026-07-15 00:07:12] 📄 https://raw.githubusercontent.com/DXFH/clash-free-cleaner/main/sub/countries/KR.txt ✅ 解析 610 候选 → 610 个有效节点 → 去重后新增 18 个
[2026-07-15 00:07:12] ⚠️ 并行下载异常: sub/countries/GB.json: 'utf-8' codec can't encode characters in position 0-3: surrogates not allowed
[2026-07-15 00:07:12] 📄 https://raw.githubusercontent.com/DXFH/clash-free-cleaner/main/sub/countries/IR.txt ✅ 解析 919 候选 → 919 个有效节点 → 去重后新增 43 个
[2026-07-15 00:07:12] ⚠️ 并行下载异常: sub/countries/DE.json: 'utf-8' codec can't encode characters in position 0-3: surrogates not allowed[2026-07-15 00:07:12] 📄 https://raw.githubusercontent.com/DXFH/clash-free-cleaner/main/sub/countries/JP.txt ✅ 解析 1155 候选 → 1155 个有效节点 → 去重后新增 58 个[2026-07-15 00:07:12] 📄 https://raw.githubusercontent.com/DXFH/clash-free-cleaner/main/sub/countries/DE.txt ✅ 解析 4753 候选 → 4753 个有效节点 → 去重后新增 143 个


[2026-07-15 00:07:12]   🍴 兄弟仓库: 17 个 → 队列
[2026-07-15 00:07:12] 👤 遍历用户仓库: PENZA84
[2026-07-15 00:07:12] 📄 https://raw.githubusercontent.com/DXFH/clash-free-cleaner/main/sub/countries/LT.txt ✅ 解析 484 候选 → 484 个有效节点 → 去重后新增 11 个
[2026-07-15 00:07:12] 📄 https://raw.githubusercontent.com/DXFH/clash-free-cleaner/main/sub/countries/LU.txt ✅ 解析 86 候选 → 86 个有效节点 → 去重后新增 3 个
[2026-07-15 00:07:13] 📄 https://raw.githubusercontent.com/DXFH/clash-free-cleaner/main/sub/countries/MD.txt ✅ 解析 218 候选 → 218 个有效节点 → 去重后新增 6 个
[2026-07-15 00:07:13] 📄 https://raw.githubusercontent.com/DXFH/clash-free-cleaner/main/sub/countries/LV.txt ✅ 解析 547 候选 → 547 个有效节点 → 去重后新增 8 个
[2026-07-15 00:07:13] ⚠️ 并行下载异常: sub/countries/LU.json: 'utf-8' codec can't encode characters in position 0-3: surrogates not allowed
[2026-07-15 00:07:13] 📄 https://raw.githubusercontent.com/DXFH/clash-free-cleaner/main/sub/countries/SA.txt ✅ 解析 16 候选 → 16 个有效节点 → 去重后新增 2 个
[2026-07-15 00:07:13] 📄 https://raw.githubusercontent.com/DXFH/clash-free-cleaner/main/sub/countries/RO.txt ✅ 解析 244 候选 → 244 个有效节点 → 去重后新增 27 个
[2026-07-15 00:07:13] ⚠️ 并行下载异常: sub/countries/MD.json: 'utf-8' codec can't encode characters in position 0-3: surrogates not allowed
[2026-07-15 00:07:13] 📄 https://raw.githubusercontent.com/DXFH/clash-free-cleaner/main/sub/countries/PL.txt ✅ 解析 387 候选 → 387 个有效节点 → 去重后新增 15 个
[2026-07-15 00:07:14] ⚠️ 并行下载异常: sub/countries/TH.json: 'utf-8' codec can't encode characters in position 0-3: surrogates not allowed
[2026-07-15 00:07:14] ⚠️ 并行下载异常: sub/countries/RO.json: 'utf-8' codec can't encode characters in position 0-3: surrogates not allowed
[2026-07-15 00:07:14] 📄 https://raw.githubusercontent.com/DXFH/clash-free-cleaner/main/sub/countries/TH.txt ✅ 解析 20 候选 → 20 个有效节点 → 去重后新增 1 个
[2026-07-15 00:07:14] ⚠️ 并行下载异常: sub/countries/PL.json: 'utf-8' codec can't encode characters in position 0-3: surrogates not allowed
[2026-07-15 00:07:14] 📄 https://raw.githubusercontent.com/DXFH/clash-free-cleaner/main/sub/countries/SE.txt ✅ 解析 557 候选 → 557 个有效节点 → 去重后新增 24 个
[2026-07-15 00:07:14] 📄 https://raw.githubusercontent.com/DXFH/clash-free-cleaner/main/sub/countries/UA.txt ✅ 解析 55 候选 → 55 个有效节点 → 去重后新增 2 个
[2026-07-15 00:07:14] 📄 https://raw.githubusercontent.com/DXFH/clash-free-cleaner/main/sub/countries/TW.txt ✅ 解析 181 候选 → 181 个有效节点 → 去重后新增 33 个[2026-07-15 00:07:14] ⚠️ 并行下载异常: sub/countries/TW.json: 'utf-8' codec can't encode characters in position 0-3: surrogates not allowed

[2026-07-15 00:07:14] 📄 https://raw.githubusercontent.com/DXFH/clash-free-cleaner/main/sub/countries/SG.txt ✅ 解析 1044 候选 → 1044 个有效节点 → 去重后新增 61 个[2026-07-15 00:07:14] 📄 https://raw.githubusercontent.com/DXFH/clash-free-cleaner/main/sub/countries/TR.txt ✅ 解析 252 候选 → 252 个有效节点 → 去重后新增 10 个

[2026-07-15 00:07:15] 📄 https://raw.githubusercontent.com/DXFH/clash-free-cleaner/main/sub/countries/VN.txt ✅ 解析 79 候选 → 79 个有效节点 → 去重后新增 3 个[2026-07-15 00:07:15] 仓库 https://github.com/Nelinski/n8n 未提取到节点，加入黑名单[2026-07-15 00:07:15] ⚠️ 并行下载异常: sub/countries/VG.json: 'utf-8' codec can't encode characters in position 0-3: surrogates not allowed[2026-07-15 00:07:15] 📄 https://raw.githubusercontent.com/DXFH/clash-free-cleaner/main/sub/countries/SC.txt ✅ 解析 1177 候选 → 1177 个有效节点 → 去重后新增 9 个


[2026-07-15 00:07:16] 📄 https://raw.githubusercontent.com/DXFH/clash-free-cleaner/main/sub/countries/ZA.txt ✅ 解析 79 候选 → 79 个有效节点 → 去重后新增 2 个

[2026-07-15 00:07:16] ⚠️ 并行下载异常: sub/countries/SE.json: 'utf-8' codec can't encode characters in position 0-3: surrogates not allowed
[2026-07-15 00:07:16] 仓库 https://github.com/advijithkumar/Open-Node-Backend-Platform (分支: master, size: 13KB, pushed: 2026-07-14T14:00:52Z)
[2026-07-15 00:07:17] ⚠️ 并行下载异常: sub/countries/ZA.json: 'utf-8' codec can't encode characters in position 0-3: surrogates not allowed
[2026-07-15 00:07:17] 📄 https://raw.githubusercontent.com/DXFH/clash-free-cleaner/main/sub/protocols/hysteria2.txt ✅ 解析 577 候选 → 577 个有效节点 → 去重后新增 181 个[2026-07-15 00:07:17] 📄 https://raw.githubusercontent.com/DXFH/clash-free-cleaner/main/sub/countries/RU.txt ✅ 解析 2718 候选 → 2718 个有效节点 → 去重后新增 1004 个

[2026-07-15 00:07:17] ⚠️ 并行下载异常: sub/countries/TR.json: 'utf-8' codec can't encode characters in position 0-3: surrogates not allowed[2026-07-15 00:07:17] 📄 https://raw.githubusercontent.com/DXFH/clash-free-cleaner/main/sub/countries/NL.txt ✅ 解析 2532 候选 → 2532 个有效节点 → 去重后新增 42 个

[2026-07-15 00:07:17] ⚠️ 并行下载异常: sub/countries/SG.json: 'utf-8' codec can't encode characters in position 0-3: surrogates not allowed
[2026-07-15 00:07:17] 仓库 https://github.com/advijithkumar/Open-Node-Backend-Platform 候选文件 5 个
[2026-07-15 00:07:17] ⚠️ 并行下载异常: sub/countries/SC.json: 'utf-8' codec can't encode characters in position 0-3: surrogates not allowed
[2026-07-15 00:07:18] 📄 https://raw.githubusercontent.com/DXFH/clash-free-cleaner/main/sub/protocols/vmess.txt ✅ 解析 16 候选 → 16 个有效节点 → 去重后新增 1 个
[2026-07-15 00:07:18] ⚠️ 并行下载异常: sub/protocols/vmess.json: 'utf-8' codec can't encode characters in position 0-3: surrogates not allowed[2026-07-15 00:07:18]   👤 用户仓库: 30 个 → 队列

[2026-07-15 00:07:18]   用户 PENZA84 共查 30 个仓库
[2026-07-15 00:07:19] 仓库 https://github.com/Tiamat-Tech/n8n (分支: master, size: 352978KB, pushed: 2026-07-14T13:59:24Z)
[2026-07-15 00:07:19] 📄 https://raw.githubusercontent.com/DXFH/clash-free-cleaner/main/sub/countries/US.txt ✅ 解析 7143 候选 → 7143 个有效节点 → 去重后新增 74 个
[2026-07-15 00:07:19] 📄 https://raw.githubusercontent.com/DXFH/clash-free-cleaner/main/sub/protocols/ss.txt ✅ 解析 7229 候选 → 7229 个有效节点 → 去重后新增 154 个
[2026-07-15 00:07:20] 仓库 https://github.com/advijithkumar/Open-Node-Backend-Platform 未提取到节点，加入黑名单
[2026-07-15 00:07:21] ⚠️ 并行下载异常: sub/countries/RU.json: 'utf-8' codec can't encode characters in position 0-3: surrogates not allowed
[2026-07-15 00:07:21] 仓库 https://github.com/ohay5128/free-nodes (分支: main, size: 12947KB, pushed: 2026-07-14T13:59:06Z)
[2026-07-15 00:07:21] ⚠️ 并行下载异常: sub/countries/NL.json: 'utf-8' codec can't encode characters in position 0-3: surrogates not allowed
[2026-07-15 00:07:21] 仓库 https://github.com/ohay5128/free-nodes 候选文件 1 个
[2026-07-15 00:07:22] 仓库 https://github.com/gristlabs/n8n 候选文件较多 (4158 个)，先通过 commits API 过滤
[2026-07-15 00:07:22] 仓库 https://github.com/ohay5128/free-nodes 未提取到节点，加入黑名单
[2026-07-15 00:07:22] 仓库 https://github.com/afasari/open-saas (分支: main, size: 136975KB, pushed: 2026-07-14T13:49:05Z)
[2026-07-15 00:07:23]   commits 过滤: 4158 → 0 (变更文件 0 个)
[2026-07-15 00:07:23] 仓库 https://github.com/gristlabs/n8n 候选文件经时间过滤后为空
[2026-07-15 00:07:23] 🔗 查子仓库: gristlabs/n8n
[2026-07-15 00:07:24]   🍴 子仓库: 1 个 → 队列
[2026-07-15 00:07:24] 🔗 开始 Fork 链追踪 (gristlabs/n8n)
[2026-07-15 00:07:25]   父仓库: n8n-io/n8n
[2026-07-15 00:07:25] 仓库 https://github.com/afasari/open-saas 无候选文件 (总计 587 blob, 扩展名过滤 502, processed_shas 跳过 0, SHA 缓存跳过 85)[2026-07-15 00:07:25] 仓库 https://github.com/n8n-io/n8n (分支: master, size: 524630KB, pushed: 2026-07-14T16:02:50Z)

[2026-07-15 00:07:25] 🔗 查子仓库: afasari/open-saas
[2026-07-15 00:07:25] 🔗 开始 Fork 链追踪 (afasari/open-saas)
[2026-07-15 00:07:26]   父仓库: wasp-lang/open-saas
[2026-07-15 00:07:27] 📄 https://raw.githubusercontent.com/DXFH/clash-free-cleaner/main/sub/protocols/trojan.txt ✅ 解析 12938 候选 → 12938 个有效节点 → 去重后新增 2 个
[2026-07-15 00:07:29]   🍴 兄弟仓库: 18 个 → 队列
[2026-07-15 00:07:29] 👤 遍历用户仓库: afasari
[2026-07-15 00:07:30]   👤 用户仓库: 28 个 → 队列
[2026-07-15 00:07:30]   用户 afasari 共查 28 个仓库
[2026-07-15 00:07:30] 仓库 https://github.com/HakurouKen/free-node (分支: main, size: 25365KB, pushed: 2026-07-14T13:48:25Z)
[2026-07-15 00:07:31] 仓库 https://github.com/HakurouKen/free-node 候选文件 1 个
[2026-07-15 00:07:31] 🔗 查子仓库: HakurouKen/free-node[2026-07-15 00:07:32] ⚠️ 并行下载异常: sub/protocols/ss.json: 'utf-8' codec can't encode characters in position 0-3: surrogates not allowed

[2026-07-15 00:07:32] ⚠️ 并行下载异常: sub/countries/US.json: 'utf-8' codec can't encode characters in position 0-3: surrogates not allowed
[2026-07-15 00:07:34] 🔗 开始 Fork 链追踪 (HakurouKen/free-node)
[2026-07-15 00:07:34] 👤 遍历用户仓库: HakurouKen
[2026-07-15 00:07:37] 📄 https://raw.githubusercontent.com/DXFH/clash-free-cleaner/main/sub/protocols/vless.txt ✅ 解析 23191 候选 → 23191 个有效节点 → 去重后新增 68 个
[2026-07-15 00:07:38]   👤 用户仓库: 30 个 → 队列
[2026-07-15 00:07:38]   用户 HakurouKen 共查 30 个仓库
[2026-07-15 00:07:38] 仓库 https://github.com/daguhe/airport-free (分支: main, size: 33749KB, pushed: 2026-07-14T13:47:39Z)
[2026-07-15 00:07:39] 仓库 https://github.com/daguhe/airport-free 候选文件 1 个
[2026-07-15 00:07:39] 仓库 https://github.com/daguhe/airport-free 未提取到节点，加入黑名单
[2026-07-15 00:07:39] 仓库 https://github.com/Matrixstar2000/FastNodes (分支: main, size: 1627740KB, pushed: 2026-07-14T13:47:04Z)
[2026-07-15 00:07:41] 仓库 https://github.com/Matrixstar2000/FastNodes 候选文件较多 (186 个)，先通过 commits API 过滤
[2026-07-15 00:07:47] ⚠️ 并行下载异常: sub/protocols/trojan.json: 'utf-8' codec can't encode characters in position 0-1: surrogates not allowed
[2026-07-15 00:07:50]   Compare API 返回 158 个变更文件 (3 次 API 调用)
[2026-07-15 00:07:50]   commits 过滤: 186 → 129 (变更文件 158 个)
[2026-07-15 00:07:50] 仓库 https://github.com/Matrixstar2000/FastNodes 候选文件 129 个
[2026-07-15 00:07:52] ⚠️ 并行下载异常: sub/countries/BE.json: 'utf-8' codec can't encode characters in position 0-3: surrogates not allowed
[2026-07-15 00:07:52] ⚠️ 并行下载异常: sub/Best-Results/top200.json: 'utf-8' codec can't encode characters in position 0-3: surrogates not allowed
[2026-07-15 00:07:52] ⚠️ 并行下载异常: sub/countries/BY.json: 'utf-8' codec can't encode characters in position 0-3: surrogates not allowed
[2026-07-15 00:07:52] ⚠️ 并行下载异常: sub/countries/BG.json: 'utf-8' codec can't encode characters in position 0-3: surrogates not allowed
[2026-07-15 00:07:52] ⚠️ 并行下载异常: sub/countries/AE.json: 'utf-8' codec can't encode characters in position 0-3: surrogates not allowed
[2026-07-15 00:07:53] ⚠️ 并行下载异常: sub/countries/CY.json: 'utf-8' codec can't encode characters in position 0-3: surrogates not allowed
[2026-07-15 00:07:53] ⚠️ 并行下载异常: sub/countries/ES.json: 'utf-8' codec can't encode characters in position 0-3: surrogates not allowed
[2026-07-15 00:07:54] 📄 https://raw.githubusercontent.com/Matrixstar2000/FastNodes/main/sub/countries/FI.txt ✅ 解析 656 候选 → 656 个有效节点 → 去重后新增 1 个
[2026-07-15 00:07:54] ⚠️ 并行下载异常: sub/countries/CN.json: 'utf-8' codec can't encode characters in position 0-3: surrogates not allowed
[2026-07-15 00:07:54] ⚠️ 并行下载异常: sub/countries/ID.json: 'utf-8' codec can't encode characters in position 0-3: surrogates not allowed
[2026-07-15 00:07:55] ⚠️ 并行下载异常: sub/countries/CA.json: 'utf-8' codec can't encode characters in position 0-3: surrogates not allowed
[2026-07-15 00:07:55] ⚠️ 并行下载异常: sub/countries/IN.json: 'utf-8' codec can't encode characters in position 0-3: surrogates not allowed
[2026-07-15 00:07:56] 📄 https://raw.githubusercontent.com/Matrixstar2000/FastNodes/main/sub/countries/HK.txt ✅ 解析 1055 候选 → 1055 个有效节点 → 去重后新增 1 个
[2026-07-15 00:07:56] 📄 https://raw.githubusercontent.com/Matrixstar2000/FastNodes/main/sub/countries/IT.txt ✅ 解析 206 候选 → 206 个有效节点 → 去重后新增 1 个
[2026-07-15 00:07:56] ⚠️ 并行下载异常: sub/countries/IT.json: 'utf-8' codec can't encode characters in position 0-3: surrogates not allowed
[2026-07-15 00:07:56] ⚠️ 并行下载异常: sub/countries/FI.json: 'utf-8' codec can't encode characters in position 0-3: surrogates not allowed
[2026-07-15 00:07:57] 📄 https://raw.githubusercontent.com/Matrixstar2000/FastNodes/main/sub/countries/JP.txt ✅ 解析 1154 候选 → 1154 个有效节点 → 去重后新增 1 个
[2026-07-15 00:07:57] ⚠️ 并行下载异常: sub/countries/LU.json: 'utf-8' codec can't encode characters in position 0-3: surrogates not allowed
[2026-07-15 00:07:59] ⚠️ 并行下载异常: sub/countries/MD.json: 'utf-8' codec can't encode characters in position 0-3: surrogates not allowed
[2026-07-15 00:08:00] ⚠️ 并行下载异常: sub/countries/HK.json: 'utf-8' codec can't encode characters in position 0-3: surrogates not allowed
[2026-07-15 00:08:00] ⚠️ 并行下载异常: sub/countries/GB.json: 'utf-8' codec can't encode characters in position 0-3: surrogates not allowed
[2026-07-15 00:08:01] ⚠️ 并行下载异常: sub/countries/IR.json: 'utf-8' codec can't encode characters in position 0-3: surrogates not allowed
[2026-07-15 00:08:01] ⚠️ 并行下载异常: sub/countries/LT.json: 'utf-8' codec can't encode characters in position 0-3: surrogates not allowed
[2026-07-15 00:08:03] 📄 https://raw.githubusercontent.com/Matrixstar2000/FastNodes/main/sub/countries/SE.txt ✅ 解析 532 候选 → 532 个有效节点 → 去重后新增 1 个
[2026-07-15 00:08:03] ⚠️ 并行下载异常: sub/countries/PL.json: 'utf-8' codec can't encode characters in position 0-3: surrogates not allowed
[2026-07-15 00:08:04] ⚠️ 并行下载异常: sub/countries/RO.json: 'utf-8' codec can't encode characters in position 0-3: surrogates not allowed
[2026-07-15 00:08:04] 📄 https://raw.githubusercontent.com/Matrixstar2000/FastNodes/main/sub/countries/NL.txt ✅ 解析 2503 候选 → 2503 个有效节点 → 去重后新增 1 个
[2026-07-15 00:08:05] ⚠️ 并行下载异常: sub/countries/TH.json: 'utf-8' codec can't encode characters in position 0-3: surrogates not allowed
[2026-07-15 00:08:05] ⚠️ 并行下载异常: sub/countries/FR.json: 'utf-8' codec can't encode characters in position 0-3: surrogates not allowed
[2026-07-15 00:08:05] ⚠️ 并行下载异常: sub/countries/SE.json: 'utf-8' codec can't encode characters in position 0-3: surrogates not allowed
[2026-07-15 00:08:06] ⚠️ 并行下载异常: sub/countries/TR.json: 'utf-8' codec can't encode characters in position 0-3: surrogates not allowed
[2026-07-15 00:08:08] 仓库 https://github.com/Tiamat-Tech/n8n 候选文件较多 (4214 个)，先通过 commits API 过滤
[2026-07-15 00:08:09] 📄 https://raw.githubusercontent.com/Matrixstar2000/FastNodes/main/sub/countries/DE.txt ✅ 解析 4676 候选 → 4676 个有效节点 → 去重后新增 6 个
[2026-07-15 00:08:10] ⚠️ 并行下载异常: sub/countries/SC.json: 'utf-8' codec can't encode characters in position 0-3: surrogates not allowed
[2026-07-15 00:08:10] 📄 https://raw.githubusercontent.com/Matrixstar2000/FastNodes/main/sub/countries/RU.txt ✅ 解析 2707 候选 → 2707 个有效节点 → 去重后新增 3 个
[2026-07-15 00:08:13] ⚠️ 并行下载异常: sub/protocols/vmess.json: 'utf-8' codec can't encode characters in position 0-3: surrogates not allowed
[2026-07-15 00:08:13] 📄 https://raw.githubusercontent.com/Matrixstar2000/FastNodes/main/sub/protocols/ss.txt ✅ 解析 6685 候选 → 6685 个有效节点 → 去重后新增 3 个
[2026-07-15 00:08:14] 📄 https://raw.githubusercontent.com/Matrixstar2000/FastNodes/main/sub/countries/US.txt ✅ 解析 7078 候选 → 7078 个有效节点 → 去重后新增 1 个
[2026-07-15 00:08:14] ⚠️ 并行下载异常: sub/countries/NL.json: 'utf-8' codec can't encode characters in position 0-3: surrogates not allowed
[2026-07-15 00:08:18] 仓库 https://github.com/n8n-io/n8n 候选文件较多 (4219 个)，先通过 commits API 过滤
[2026-07-15 00:08:18] ⚠️ 并行下载异常: sub/countries/RU.json: 'utf-8' codec can't encode characters in position 0-3: surrogates not allowed
[2026-07-15 00:08:20] ⚠️ 并行下载异常: sub/countries/DE.json: 'utf-8' codec can't encode characters in position 0-3: surrogates not allowed
[2026-07-15 00:08:20]   Compare API 返回 300 个变更文件 (3 次 API 调用)
[2026-07-15 00:08:20]   commits 过滤: 4214 → 1 (变更文件 300 个)
[2026-07-15 00:08:20] 仓库 https://github.com/Tiamat-Tech/n8n 候选文件 1 个
[2026-07-15 00:08:22] 仓库 https://github.com/Tiamat-Tech/n8n 未提取到节点，加入黑名单
[2026-07-15 00:08:22] 仓库 https://github.com/Shreyash0895/Freelancer-Web-App (分支: main, size: 10876KB, pushed: 2026-07-14T13:44:38Z)
[2026-07-15 00:08:24] 仓库 https://github.com/Shreyash0895/Freelancer-Web-App 候选文件 11 个
[2026-07-15 00:08:26] 📄 https://raw.githubusercontent.com/Matrixstar2000/FastNodes/main/sub/protocols/trojan.txt ✅ 解析 12926 候选 → 12926 个有效节点 → 去重后新增 1 个
[2026-07-15 00:08:28] 仓库 https://github.com/Shreyash0895/Freelancer-Web-App 未提取到节点，加入黑名单
[2026-07-15 00:08:29] 仓库 https://github.com/rtwo2/FastNodes (分支: main, size: 1615405KB, pushed: 2026-07-14T13:35:46Z)
[2026-07-15 00:08:30] ⚠️ 并行下载异常: sub/protocols/vless.json: 'utf-8' codec can't encode characters in position 0-1: surrogates not allowed
[2026-07-15 00:08:30] 仓库 https://github.com/rtwo2/FastNodes 候选文件 2 个
[2026-07-15 00:08:31]   Compare API 返回 300 个变更文件 (3 次 API 调用)
[2026-07-15 00:08:31]   commits 过滤: 4219 → 13 (变更文件 300 个)
[2026-07-15 00:08:31] 仓库 https://github.com/n8n-io/n8n 候选文件 13 个
[2026-07-15 00:08:31] 🔗 查子仓库: rtwo2/FastNodes
[2026-07-15 00:08:32] 🔗 开始 Fork 链追踪 (rtwo2/FastNodes)
[2026-07-15 00:08:32] 👤 遍历用户仓库: rtwo2
[2026-07-15 00:08:32] ⚠️ 并行下载异常: sub/protocols/ss.json: 'utf-8' codec can't encode characters in position 0-3: surrogates not allowed
[2026-07-15 00:08:33]   用户 rtwo2 共查 0 个仓库
[2026-07-15 00:08:33] 仓库 https://github.com/Raad63/tamame-url-free-config-aliii-V2RAY-and-CLASH-Subscription-Links (分支: main, size: 2237KB, pushed: 2026-07-14T13:26:11Z)
[2026-07-15 00:08:33] 仓库 https://github.com/n8n-io/n8n 未提取到节点，加入黑名单
[2026-07-15 00:08:33]   父仓库 +90 个节点
[2026-07-15 00:08:33] 仓库 https://github.com/Raad63/tamame-url-free-config-aliii-V2RAY-and-CLASH-Subscription-Links 无候选文件 (总计 4 blob, 扩展名过滤 1, processed_shas 跳过 0, SHA 缓存跳过 3)
[2026-07-15 00:08:33] 🔗 查子仓库: Raad63/tamame-url-free-config-aliii-V2RAY-and-CLASH-Subscription-Links
[2026-07-15 00:08:34] 🔗 开始 Fork 链追踪 (Raad63/tamame-url-free-config-aliii-V2RAY-and-CLASH-Subscription-Links)
[2026-07-15 00:08:34]   父仓库: mermeroo/V2RAY-CLASH-BASE64-Subscription.Links
[2026-07-15 00:08:34] 仓库在黑名单中: https://github.com/mermeroo/V2RAY-CLASH-BASE64-Subscription.Links
[2026-07-15 00:08:34]   父仓库 +0 个节点
[2026-07-15 00:08:35] ⚠️ 并行下载异常: sub/countries/US.json: 'utf-8' codec can't encode characters in position 0-3: surrogates not allowed
[2026-07-15 00:08:39]   🍴 兄弟仓库: 30 个 → 队列
[2026-07-15 00:08:39] 👤 遍历用户仓库: Raad63
[2026-07-15 00:08:41]   👤 用户仓库: 30 个 → 队列
[2026-07-15 00:08:41]   用户 Raad63 共查 30 个仓库
[2026-07-15 00:08:41] 仓库 https://github.com/davidchim/proxypool (分支: main, size: 48790KB, pushed: 2026-07-14T13:25:06Z)[2026-07-15 00:08:41]   🍴 兄弟仓库: 30 个 → 队列

[2026-07-15 00:08:41] 👤 遍历用户仓库: gristlabs
[2026-07-15 00:08:42] 📄 https://raw.githubusercontent.com/Matrixstar2000/FastNodes/main/sub/protocols/vless.txt ✅ 解析 23000 候选 → 23000 个有效节点 → 去重后新增 5 个
[2026-07-15 00:08:42] 仓库 https://github.com/davidchim/proxypool 无候选文件 (总计 38 blob, 扩展名过滤 24, processed_shas 跳过 3, SHA 缓存跳过 11)
[2026-07-15 00:08:42] 🔗 查子仓库: davidchim/proxypool
[2026-07-15 00:08:42] 🔗 开始 Fork 链追踪 (davidchim/proxypool)
[2026-07-15 00:08:43]   👤 用户仓库: 30 个 → 队列[2026-07-15 00:08:43]   父仓库: snakem982/proxypool

[2026-07-15 00:08:43]   用户 gristlabs 共查 30 个仓库
[2026-07-15 00:08:43] 仓库 https://github.com/xiaoji235/airport-free (分支: main, size: 37291KB, pushed: 2026-07-14T13:20:14Z)
[2026-07-15 00:08:45] 仓库 https://github.com/xiaoji235/airport-free 候选文件 1 个
[2026-07-15 00:08:45] 仓库 https://github.com/xiaoji235/airport-free 未提取到节点，加入黑名单
[2026-07-15 00:08:46] 仓库 https://github.com/kongling02/V2RAY-CLASH-BASE64-Subscription.Links (分支: main, size: 2237KB, pushed: 2026-07-14T13:20:10Z)
[2026-07-15 00:08:46]   🍴 兄弟仓库: 21 个 → 队列
[2026-07-15 00:08:46] 👤 遍历用户仓库: davidchim
[2026-07-15 00:08:46] 仓库 https://github.com/kongling02/V2RAY-CLASH-BASE64-Subscription.Links 无候选文件 (总计 4 blob, 扩展名过滤 1, processed_shas 跳过 0, SHA 缓存跳过 3)
[2026-07-15 00:08:46] 🔗 查子仓库: kongling02/V2RAY-CLASH-BASE64-Subscription.Links
[2026-07-15 00:08:47] 🔗 开始 Fork 链追踪 (kongling02/V2RAY-CLASH-BASE64-Subscription.Links)
[2026-07-15 00:08:48]   父仓库: mermeroo/V2RAY-CLASH-BASE64-Subscription.Links
[2026-07-15 00:08:48] 仓库在黑名单中: https://github.com/mermeroo/V2RAY-CLASH-BASE64-Subscription.Links
[2026-07-15 00:08:48]   父仓库 +0 个节点
[2026-07-15 00:08:49] ⚠️ 并行下载异常: sub/protocols/trojan.json: 'utf-8' codec can't encode characters in position 0-1: surrogates not allowed
[2026-07-15 00:08:49]   🍴 兄弟仓库: 22 个 → 队列
[2026-07-15 00:08:50] 👤 遍历用户仓库: kongling02
[2026-07-15 00:08:55]   👤 用户仓库: 26 个 → 队列
[2026-07-15 00:08:55]   用户 kongling02 共查 26 个仓库
[2026-07-15 00:08:55] 仓库 https://github.com/snakem982/proxypool (分支: main, size: 48790KB, pushed: 2026-07-14T13:13:20Z)
[2026-07-15 00:08:56] 仓库 https://github.com/snakem982/proxypool 无候选文件 (总计 38 blob, 扩展名过滤 24, processed_shas 跳过 3, SHA 缓存跳过 11)
[2026-07-15 00:08:56] 🔗 查子仓库: snakem982/proxypool
[2026-07-15 00:08:57]   👤 用户仓库: 30 个 → 队列
[2026-07-15 00:08:57]   用户 davidchim 共查 30 个仓库[2026-07-15 00:08:57] 🔗 开始 Fork 链追踪 (snakem982/proxypool)

[2026-07-15 00:08:57] 仓库 https://github.com/OREGYR/airport-free (分支: main, size: 33069KB, pushed: 2026-07-14T13:12:36Z)
[2026-07-15 00:08:58] 👤 遍历用户仓库: snakem982
[2026-07-15 00:08:59] 仓库 https://github.com/OREGYR/airport-free 候选文件 1 个
[2026-07-15 00:08:59]   用户 snakem982 共查 0 个仓库
[2026-07-15 00:09:00] 仓库 https://github.com/hansenlandun-prog/freeproxy-node-sub (分支: main, size: 72842KB, pushed: 2026-07-14T13:03:57Z)
[2026-07-15 00:09:00] 仓库 https://github.com/OREGYR/airport-free 未提取到节点，加入黑名单
[2026-07-15 00:09:00] 仓库 https://github.com/xcai413/fanqiang-navigation (分支: master, size: 149KB, pushed: 2026-07-14T13:00:00Z)
[2026-07-15 00:09:01] 仓库 https://github.com/hansenlandun-prog/freeproxy-node-sub 候选文件 4 个
[2026-07-15 00:09:01] 仓库 https://github.com/xcai413/fanqiang-navigation 候选文件 4 个
[2026-07-15 00:09:04] 🔗 查子仓库: xcai413/fanqiang-navigation
[2026-07-15 00:09:04] 🔗 开始 Fork 链追踪 (xcai413/fanqiang-navigation)
[2026-07-15 00:09:05] 👤 遍历用户仓库: xcai413
[2026-07-15 00:09:06]   👤 用户仓库: 4 个 → 队列
[2026-07-15 00:09:07]   用户 xcai413 共查 4 个仓库
[2026-07-15 00:09:07] 仓库 https://github.com/Spencerx/n8n (分支: master, size: 352873KB, pushed: 2026-07-14T12:32:07Z)
[2026-07-15 00:09:17] ⚠️ 并行下载异常: sub/protocols/vless.json: 'utf-8' codec can't encode characters in position 0-3: surrogates not allowed
[2026-07-15 00:09:19] ⚠️ 并行下载异常: sub/everything.json: 'utf-8' codec can't encode characters in position 0-3: surrogates not allowed
[2026-07-15 00:09:19] 🔗 查子仓库: DXFH/clash-free-cleaner
[2026-07-15 00:09:19] 🔗 开始 Fork 链追踪 (DXFH/clash-free-cleaner)
[2026-07-15 00:09:20]   父仓库: rtwo2/FastNodes
[2026-07-15 00:09:20] 👤 遍历用户仓库: DXFH
[2026-07-15 00:09:21]   👤 用户仓库: 30 个 → 队列
[2026-07-15 00:09:22]   用户 DXFH 共查 30 个仓库
[2026-07-15 00:09:22] 仓库 https://github.com/parhelia512/V2RAY-CLASH-BASE64-Subscription.Links (分支: main, size: 2237KB, pushed: 2026-07-14T12:06:09Z)
[2026-07-15 00:09:22] 仓库 https://github.com/parhelia512/V2RAY-CLASH-BASE64-Subscription.Links 无候选文件 (总计 4 blob, 扩展名过滤 1, processed_shas 跳过 0, SHA 缓存跳过 3)
[2026-07-15 00:09:22] 🔗 查子仓库: parhelia512/V2RAY-CLASH-BASE64-Subscription.Links
[2026-07-15 00:09:22] 🔗 开始 Fork 链追踪 (parhelia512/V2RAY-CLASH-BASE64-Subscription.Links)
[2026-07-15 00:09:23]   父仓库: mermeroo/V2RAY-CLASH-BASE64-Subscription.Links
[2026-07-15 00:09:23] 仓库在黑名单中: https://github.com/mermeroo/V2RAY-CLASH-BASE64-Subscription.Links
[2026-07-15 00:09:23]   父仓库 +0 个节点
[2026-07-15 00:09:23] 🔗 查子仓库: hansenlandun-prog/freeproxy-node-sub
[2026-07-15 00:09:23] 🔗 开始 Fork 链追踪 (hansenlandun-prog/freeproxy-node-sub)
[2026-07-15 00:09:23] 👤 遍历用户仓库: hansenlandun-prog
[2026-07-15 00:09:24]   👤 用户仓库: 1 个 → 队列
[2026-07-15 00:09:24]   用户 hansenlandun-prog 共查 1 个仓库
[2026-07-15 00:09:24] 仓库 https://github.com/skka3134/Free-servers (分支: main, size: 241KB, pushed: 2026-07-14T12:00:56Z)
[2026-07-15 00:09:24] 👤 遍历用户仓库: parhelia512
[2026-07-15 00:09:24] 仓库 https://github.com/skka3134/Free-servers 候选文件 1 个
[2026-07-15 00:09:25] 仓库 https://github.com/skka3134/Free-servers README 含广告词，加入黑名单
[2026-07-15 00:09:25] 仓库 https://github.com/lerjtl/Testfree (分支: main, size: 665KB, pushed: 2026-07-14T12:00:04Z)
[2026-07-15 00:09:26] 仓库 https://github.com/lerjtl/Testfree 无候选文件 (总计 4 blob, 扩展名过滤 0, processed_shas 跳过 0, SHA 缓存跳过 4)
[2026-07-15 00:09:26] 🔗 查子仓库: lerjtl/Testfree
[2026-07-15 00:09:26]   🍴 子仓库: 1 个 → 队列
[2026-07-15 00:09:26] 🔗 开始 Fork 链追踪 (lerjtl/Testfree)
[2026-07-15 00:09:26] 👤 遍历用户仓库: lerjtl
[2026-07-15 00:09:27]   👤 用户仓库: 7 个 → 队列
[2026-07-15 00:09:27]   用户 lerjtl 共查 7 个仓库
[2026-07-15 00:09:27] 仓库 https://github.com/Thilagan-Digital/bare-metal-bootstrap (分支: main, size: 80KB, pushed: 2026-07-14T11:50:20Z)
[2026-07-15 00:09:27] 仓库 https://github.com/Spencerx/n8n 候选文件较多 (4222 个)，先通过 commits API 过滤
[2026-07-15 00:09:27] 仓库 https://github.com/Thilagan-Digital/bare-metal-bootstrap 候选文件 14 个
[2026-07-15 00:09:29] 仓库 https://github.com/Thilagan-Digital/bare-metal-bootstrap 未提取到节点，加入黑名单
[2026-07-15 00:09:29] 仓库 https://github.com/Mu-L/n8n (分支: master, size: 352785KB, pushed: 2026-07-14T11:45:35Z)
[2026-07-15 00:09:30]   Compare API 返回 300 个变更文件 (3 次 API 调用)
[2026-07-15 00:09:30]   commits 过滤: 4222 → 15 (变更文件 300 个)
[2026-07-15 00:09:30] 仓库 https://github.com/Spencerx/n8n 候选文件 15 个
[2026-07-15 00:09:32] 仓库 https://github.com/Spencerx/n8n 未提取到节点，加入黑名单
[2026-07-15 00:09:32] 仓库 https://github.com/githubwubian/proxypool (分支: main, size: 48783KB, pushed: 2026-07-14T11:38:07Z)
[2026-07-15 00:09:33] 仓库 https://github.com/githubwubian/proxypool 候选文件 1 个
[2026-07-15 00:09:33] 📄 https://raw.githubusercontent.com/githubwubian/proxypool/main/source/v2ray-2.txt ✅ 解析 44 候选 → 44 个有效节点 → 去重后新增 2 个
[2026-07-15 00:09:33] 🔗 查子仓库: githubwubian/proxypool
[2026-07-15 00:09:34] 🔗 开始 Fork 链追踪 (githubwubian/proxypool)
[2026-07-15 00:09:34] ⚠️ 并行下载异常: sub/everything.json: 'utf-8' codec can't encode characters in position 0-1: surrogates not allowed
[2026-07-15 00:09:34] 🔗 查子仓库: Matrixstar2000/FastNodes
[2026-07-15 00:09:34]   👤 用户仓库: 30 个 → 队列
[2026-07-15 00:09:34]   用户 parhelia512 共查 30 个仓库
[2026-07-15 00:09:34] 仓库 https://github.com/FBI-tool/n8n (分支: master, size: 356541KB, pushed: 2026-07-14T11:31:11Z)
[2026-07-15 00:09:34]   父仓库: snakem982/proxypool
[2026-07-15 00:09:34] 仓库 https://github.com/Mu-L/n8n 候选文件较多 (4212 个)，先通过 commits API 过滤
[2026-07-15 00:09:34] 🔗 开始 Fork 链追踪 (Matrixstar2000/FastNodes)
[2026-07-15 00:09:34]   父仓库: rtwo2/FastNodes
[2026-07-15 00:09:35] 👤 遍历用户仓库: githubwubian
[2026-07-15 00:09:35] 👤 遍历用户仓库: Matrixstar2000
[2026-07-15 00:09:35]   用户 Matrixstar2000 共查 0 个仓库
[2026-07-15 00:09:35] 仓库 https://github.com/DuChen212/proxypool (分支: main, size: 48783KB, pushed: 2026-07-14T11:18:56Z)
[2026-07-15 00:09:35]   👤 用户仓库: 30 个 → 队列
[2026-07-15 00:09:35]   用户 githubwubian 共查 30 个仓库
[2026-07-15 00:09:35] 仓库 https://github.com/DuChen212/Free-servers (分支: main, size: 86KB, pushed: 2026-07-14T11:16:54Z)
[2026-07-15 00:09:35]   Compare API 返回 300 个变更文件 (3 次 API 调用)
[2026-07-15 00:09:35]   commits 过滤: 4212 → 1 (变更文件 300 个)
[2026-07-15 00:09:35] 仓库 https://github.com/Mu-L/n8n 候选文件 1 个
[2026-07-15 00:09:36] 仓库 https://github.com/DuChen212/proxypool 无候选文件 (总计 38 blob, 扩展名过滤 24, processed_shas 跳过 1, SHA 缓存跳过 13)
[2026-07-15 00:09:36] 🔗 查子仓库: DuChen212/proxypool
[2026-07-15 00:09:36] 仓库 https://github.com/FBI-tool/n8n 候选文件较多 (4216 个)，先通过 commits API 过滤
[2026-07-15 00:09:36] 🔗 开始 Fork 链追踪 (DuChen212/proxypool)
[2026-07-15 00:09:36] 仓库 https://github.com/DuChen212/Free-servers 候选文件 32 个
[2026-07-15 00:09:36] 仓库 https://github.com/Mu-L/n8n 未提取到节点，加入黑名单
[2026-07-15 00:09:36] 仓库 https://github.com/dubbypanda/open-saas (分支: main, size: 136973KB, pushed: 2026-07-14T10:51:35Z)
[2026-07-15 00:09:36]   父仓库: snakem982/proxypool
[2026-07-15 00:09:36] 📄 https://raw.githubusercontent.com/DuChen212/Free-servers/main/static/README-hi.md ✅ 解析 20 候选 → 20 个有效节点 → 去重后新增 1 个
[2026-07-15 00:09:36] 📄 https://raw.githubusercontent.com/DuChen212/Free-servers/main/static/README-de.md ✅ 解析 20 候选 → 20 个有效节点 → 去重后新增 1 个
[2026-07-15 00:09:36] 📄 https://raw.githubusercontent.com/DuChen212/Free-servers/main/static/README-pl.md ✅ 解析 20 候选 → 20 个有效节点 → 去重后新增 1 个
[2026-07-15 00:09:36] 仓库 https://github.com/dubbypanda/open-saas 无候选文件 (总计 587 blob, 扩展名过滤 502, processed_shas 跳过 0, SHA 缓存跳过 85)
[2026-07-15 00:09:36] 🔗 查子仓库: dubbypanda/open-saas
[2026-07-15 00:09:37] 🔗 查子仓库: DuChen212/Free-servers
[2026-07-15 00:09:37] 🔗 开始 Fork 链追踪 (dubbypanda/open-saas)
[2026-07-15 00:09:37] 👤 遍历用户仓库: DuChen212
[2026-07-15 00:09:37] 🔗 开始 Fork 链追踪 (DuChen212/Free-servers)
[2026-07-15 00:09:37]   父仓库: wasp-lang/open-saas
[2026-07-15 00:09:37]   Compare API 返回 300 个变更文件 (3 次 API 调用)
[2026-07-15 00:09:37]   commits 过滤: 4216 → 3 (变更文件 300 个)
[2026-07-15 00:09:37] 仓库 https://github.com/FBI-tool/n8n 候选文件 3 个
[2026-07-15 00:09:37]   父仓库: Pawdroid/Free-servers
[2026-07-15 00:09:37]   👤 用户仓库: 30 个 → 队列
[2026-07-15 00:09:37]   用户 DuChen212 共查 30 个仓库
[2026-07-15 00:09:37] 仓库 https://github.com/code-watch/n8n (分支: master, size: 355632KB, pushed: 2026-07-14T10:43:30Z)
[2026-07-15 00:09:38] 👤 遍历用户仓库: dubbypanda
[2026-07-15 00:09:38] 仓库 https://github.com/FBI-tool/n8n 未提取到节点，加入黑名单
[2026-07-15 00:09:38] 仓库 https://github.com/bhardwajRahul/open-saas (分支: main, size: 136973KB, pushed: 2026-07-14T10:37:19Z)
[2026-07-15 00:09:38] 👤 遍历用户仓库: DuChen212
[2026-07-15 00:09:38] 仓库 https://github.com/bhardwajRahul/open-saas 无候选文件 (总计 587 blob, 扩展名过滤 502, processed_shas 跳过 0, SHA 缓存跳过 85)
[2026-07-15 00:09:38] 🔗 查子仓库: bhardwajRahul/open-saas
[2026-07-15 00:09:38]   👤 用户仓库: 5 个 → 队列
[2026-07-15 00:09:38]   用户 DuChen212 共查 5 个仓库
[2026-07-15 00:09:38] 仓库 https://github.com/soitun/n8n (分支: master, size: 352751KB, pushed: 2026-07-14T10:30:17Z)
[2026-07-15 00:09:38] 🔗 开始 Fork 链追踪 (bhardwajRahul/open-saas)
[2026-07-15 00:09:39]   父仓库: wasp-lang/open-saas
[2026-07-15 00:09:39] 仓库 https://github.com/code-watch/n8n 候选文件较多 (4213 个)，先通过 commits API 过滤
[2026-07-15 00:09:40] 👤 遍历用户仓库: bhardwajRahul
[2026-07-15 00:09:40] 仓库 https://github.com/soitun/n8n 候选文件较多 (4213 个)，先通过 commits API 过滤
[2026-07-15 00:09:40]   Compare API 返回 300 个变更文件 (3 次 API 调用)
[2026-07-15 00:09:40]   commits 过滤: 4213 → 0 (变更文件 300 个)
[2026-07-15 00:09:40] 仓库 https://github.com/code-watch/n8n 候选文件经时间过滤后为空
[2026-07-15 00:09:40] 🔗 查子仓库: code-watch/n8n
[2026-07-15 00:09:40] 🔗 开始 Fork 链追踪 (code-watch/n8n)
[2026-07-15 00:09:41]   👤 用户仓库: 30 个 → 队列
[2026-07-15 00:09:41]   用户 dubbypanda 共查 30 个仓库
[2026-07-15 00:09:41] 仓库 https://github.com/wang1680/proxypool (分支: main, size: 48783KB, pushed: 2026-07-14T10:19:05Z)
[2026-07-15 00:09:41]   父仓库: n8n-io/n8n
[2026-07-15 00:09:41] 仓库在黑名单中: https://github.com/n8n-io/n8n
[2026-07-15 00:09:41]   父仓库 +0 个节点
[2026-07-15 00:09:41]   Compare API 返回 300 个变更文件 (3 次 API 调用)
[2026-07-15 00:09:41]   commits 过滤: 4213 → 0 (变更文件 300 个)
[2026-07-15 00:09:41] 仓库 https://github.com/soitun/n8n 候选文件经时间过滤后为空
[2026-07-15 00:09:41] 🔗 查子仓库: soitun/n8n
[2026-07-15 00:09:41] 仓库 https://github.com/wang1680/proxypool 无候选文件 (总计 38 blob, 扩展名过滤 24, processed_shas 跳过 1, SHA 缓存跳过 13)
[2026-07-15 00:09:41] 🔗 查子仓库: wang1680/proxypool
[2026-07-15 00:09:41] 🔗 开始 Fork 链追踪 (soitun/n8n)
[2026-07-15 00:09:41] 🔗 开始 Fork 链追踪 (wang1680/proxypool)
[2026-07-15 00:09:41]   父仓库: n8n-io/n8n
[2026-07-15 00:09:41] 仓库在黑名单中: https://github.com/n8n-io/n8n
[2026-07-15 00:09:41]   父仓库 +0 个节点
[2026-07-15 00:09:41]   父仓库: snakem982/proxypool
[2026-07-15 00:09:42] 👤 遍历用户仓库: wang1680
[2026-07-15 00:09:44]   👤 用户仓库: 30 个 → 队列
[2026-07-15 00:09:44]   用户 wang1680 共查 30 个仓库
[2026-07-15 00:09:44] 仓库 https://github.com/amnaatgit/Examforge (分支: main, size: 1327KB, pushed: 2026-07-14T10:18:14Z)
[2026-07-15 00:09:44]   👤 用户仓库: 30 个 → 队列
[2026-07-15 00:09:44]   用户 bhardwajRahul 共查 30 个仓库
[2026-07-15 00:09:44] 仓库 https://github.com/phiberoptick/n8n (分支: master, size: 357739KB, pushed: 2026-07-14T11:15:32Z)
[2026-07-15 00:09:45] 仓库 https://github.com/amnaatgit/Examforge 候选文件较多 (206 个)，先通过 commits API 过滤
[2026-07-15 00:09:46]   Compare API 返回 3 个变更文件 (3 次 API 调用)
[2026-07-15 00:09:46]   commits 过滤: 206 → 1 (变更文件 3 个)
[2026-07-15 00:09:46] 仓库 https://github.com/amnaatgit/Examforge 候选文件 1 个
[2026-07-15 00:09:46] 仓库 https://github.com/phiberoptick/n8n 候选文件较多 (4213 个)，先通过 commits API 过滤
[2026-07-15 00:09:46] 仓库 https://github.com/amnaatgit/Examforge 未提取到节点，加入黑名单
[2026-07-15 00:09:46] 仓库 https://github.com/berkayturanci/voicebridge (分支: main, size: 2305KB, pushed: 2026-07-14T10:15:10Z)
[2026-07-15 00:09:47] 仓库 https://github.com/berkayturanci/voicebridge 候选文件 83 个
[2026-07-15 00:09:47]   Compare API 返回 300 个变更文件 (3 次 API 调用)
[2026-07-15 00:09:47]   commits 过滤: 4213 → 0 (变更文件 300 个)
[2026-07-15 00:09:47] 仓库 https://github.com/phiberoptick/n8n 候选文件经时间过滤后为空
[2026-07-15 00:09:47] 🔗 查子仓库: phiberoptick/n8n
[2026-07-15 00:09:47] 🔗 开始 Fork 链追踪 (phiberoptick/n8n)
[2026-07-15 00:09:48]   父仓库: n8n-io/n8n
[2026-07-15 00:09:48] 仓库在黑名单中: https://github.com/n8n-io/n8n
[2026-07-15 00:09:48]   父仓库 +0 个节点
[2026-07-15 00:09:48]   🍴 兄弟仓库: 30 个 → 队列
[2026-07-15 00:09:48] 👤 遍历用户仓库: code-watch
[2026-07-15 00:09:48] 👤 遍历用户仓库: soitun
[2026-07-15 00:09:48] 仓库 https://github.com/berkayturanci/voicebridge 未提取到节点，加入黑名单
[2026-07-15 00:09:48] 仓库 https://github.com/dagaidushu/AutoScrapeFreeNodes (分支: main, size: 2267KB, pushed: 2026-07-14T09:56:39Z)
[2026-07-15 00:09:49] 仓库 https://github.com/dagaidushu/AutoScrapeFreeNodes 候选文件 3 个
[2026-07-15 00:09:50] 仓库 https://github.com/dagaidushu/AutoScrapeFreeNodes 未提取到节点，加入黑名单
[2026-07-15 00:09:50] 仓库 https://github.com/yzkee/open-saas (分支: main, size: 136973KB, pushed: 2026-07-14T09:54:06Z)
[2026-07-15 00:09:50] 仓库 https://github.com/yzkee/open-saas 无候选文件 (总计 587 blob, 扩展名过滤 502, processed_shas 跳过 0, SHA 缓存跳过 85)
[2026-07-15 00:09:50] 🔗 查子仓库: yzkee/open-saas
[2026-07-15 00:09:50] 🔗 开始 Fork 链追踪 (yzkee/open-saas)
[2026-07-15 00:09:51]   父仓库: wasp-lang/open-saas
[2026-07-15 00:09:51]   👤 用户仓库: 30 个 → 队列
[2026-07-15 00:09:51]   用户 code-watch 共查 30 个仓库
[2026-07-15 00:09:51] 仓库 https://github.com/zhuwint/idurar-erp-crm (分支: master, size: 23370KB, pushed: 2026-07-14T09:32:50Z)
[2026-07-15 00:09:52] 仓库 https://github.com/zhuwint/idurar-erp-crm 候选文件 96 个
[2026-07-15 00:09:52] 👤 遍历用户仓库: yzkee
[2026-07-15 00:09:54] 仓库 https://github.com/zhuwint/idurar-erp-crm 未提取到节点，加入黑名单
[2026-07-15 00:09:54] 仓库 https://github.com/libraz/libsonare (分支: main, size: 9171KB, pushed: 2026-07-14T09:47:38Z)
[2026-07-15 00:09:54] 仓库 https://github.com/libraz/libsonare 候选文件较多 (104 个)，先通过 commits API 过滤
[2026-07-15 00:09:55]   👤 用户仓库: 30 个 → 队列
[2026-07-15 00:09:55]   用户 soitun 共查 30 个仓库
[2026-07-15 00:09:55] 仓库 https://github.com/dazeb/open-saas (分支: main, size: 137049KB, pushed: 2026-07-14T09:13:08Z)
[2026-07-15 00:09:55] 👤 遍历用户仓库: phiberoptick
[2026-07-15 00:09:55] 仓库 https://github.com/dazeb/open-saas 无候选文件 (总计 587 blob, 扩展名过滤 502, processed_shas 跳过 0, SHA 缓存跳过 85)
[2026-07-15 00:09:55] 🔗 查子仓库: dazeb/open-saas
[2026-07-15 00:09:55] 🔗 开始 Fork 链追踪 (dazeb/open-saas)
[2026-07-15 00:09:55]   Compare API 返回 148 个变更文件 (3 次 API 调用)
[2026-07-15 00:09:55]   commits 过滤: 104 → 7 (变更文件 148 个)
[2026-07-15 00:09:55] 仓库 https://github.com/libraz/libsonare 候选文件 7 个
[2026-07-15 00:09:56]   父仓库: wasp-lang/open-saas
[2026-07-15 00:09:57] 👤 遍历用户仓库: dazeb
[2026-07-15 00:09:58] 仓库 https://github.com/libraz/libsonare 未提取到节点，加入黑名单
[2026-07-15 00:09:58] 仓库 https://github.com/yafeisun/v2raynode (分支: main, size: 65122KB, pushed: 2026-07-14T09:10:03Z)
[2026-07-15 00:09:58] 仓库 https://github.com/yafeisun/v2raynode 候选文件较多 (2096 个)，先通过 commits API 过滤
[2026-07-15 00:09:59]   👤 用户仓库: 30 个 → 队列
[2026-07-15 00:09:59]   用户 yzkee 共查 30 个仓库
[2026-07-15 00:09:59] 仓库 https://github.com/twj0/subseek (分支: master, size: 63053KB, pushed: 2026-07-14T08:47:40Z)
[2026-07-15 00:09:59]   👤 用户仓库: 30 个 → 队列
[2026-07-15 00:09:59]   用户 phiberoptick 共查 30 个仓库
[2026-07-15 00:09:59] 仓库 https://github.com/duoduo546/Free-servers-- (分支: main, size: 85KB, pushed: 2026-07-14T08:00:50Z)
[2026-07-15 00:09:59]   Compare API 返回 11 个变更文件 (3 次 API 调用)
[2026-07-15 00:09:59]   commits 过滤: 2096 → 11 (变更文件 11 个)
[2026-07-15 00:09:59] 仓库 https://github.com/yafeisun/v2raynode 候选文件 11 个
[2026-07-15 00:09:59] 仓库 https://github.com/twj0/subseek 候选文件较多 (197 个)，先通过 commits API 过滤
[2026-07-15 00:09:59] 仓库 https://github.com/duoduo546/Free-servers-- 无候选文件 (总计 49 blob, 扩展名过滤 17, processed_shas 跳过 0, SHA 缓存跳过 32)
[2026-07-15 00:09:59] 🔗 查子仓库: duoduo546/Free-servers--
[2026-07-15 00:09:59] 🔗 开始 Fork 链追踪 (duoduo546/Free-servers--)
[2026-07-15 00:10:00]   父仓库: Pawdroid/Free-servers[2026-07-15 00:10:00] 📄 https://raw.githubusercontent.com/yafeisun/v2raynode/main/result/20260714/nodetotal.txt ✅ 解析 2270 候选 → 2270 个有效节点 → 去重后新增 24 个

[2026-07-15 00:10:00]   Compare API 返回 5 个变更文件 (3 次 API 调用)
[2026-07-15 00:10:00]   commits 过滤: 197 → 3 (变更文件 5 个)
[2026-07-15 00:10:00] 仓库 https://github.com/twj0/subseek 候选文件 3 个
[2026-07-15 00:10:00] 🔗 查子仓库: yafeisun/v2raynode
[2026-07-15 00:10:00] 🔗 开始 Fork 链追踪 (yafeisun/v2raynode)
[2026-07-15 00:10:01] 👤 遍历用户仓库: yafeisun
[2026-07-15 00:10:01] 📄 https://raw.githubusercontent.com/twj0/subseek/master/data/github/2026/07/14/sub_github.txt ✅ 解析 1419 候选 → 1419 个有效节点 → 去重后新增 618 个
[2026-07-15 00:10:01]   👤 用户仓库: 2 个 → 队列
[2026-07-15 00:10:01]   用户 yafeisun 共查 2 个仓库
[2026-07-15 00:10:01] 仓库 https://github.com/Vivek-C-Shah/Node-Nuker (分支: main, size: 7KB, pushed: 2026-07-14T07:16:01Z)
[2026-07-15 00:10:01] 👤 遍历用户仓库: duoduo546
[2026-07-15 00:10:01]   👤 用户仓库: 1 个 → 队列
[2026-07-15 00:10:01]   用户 duoduo546 共查 1 个仓库
[2026-07-15 00:10:01] 仓库 https://github.com/rrzt/FreeNodes (分支: main, size: 22850KB, pushed: 2026-07-14T06:15:29Z)
[2026-07-15 00:10:02] 仓库 https://github.com/Vivek-C-Shah/Node-Nuker 候选文件 3 个
[2026-07-15 00:10:02] 仓库 https://github.com/rrzt/FreeNodes 无候选文件 (总计 44 blob, 扩展名过滤 16, processed_shas 跳过 0, SHA 缓存跳过 28)
[2026-07-15 00:10:02] 🔗 查子仓库: rrzt/FreeNodes
[2026-07-15 00:10:02] 🔗 开始 Fork 链追踪 (rrzt/FreeNodes)
[2026-07-15 00:10:02] 仓库 https://github.com/Vivek-C-Shah/Node-Nuker 未提取到节点，加入黑名单
[2026-07-15 00:10:02] 仓库 https://github.com/viereck-lan/FreeNodes (分支: main, size: 25044KB, pushed: 2026-07-14T06:13:30Z)
[2026-07-15 00:10:02]   父仓库: Barabama/FreeNodes
[2026-07-15 00:10:02] 📄 https://raw.githubusercontent.com/twj0/subseek/master/data/sub_github_base64.txt ✅ 解析 1420 候选 → 1420 个有效节点 → 去重后新增 1 个
[2026-07-15 00:10:02] 🔗 查子仓库: twj0/subseek
[2026-07-15 00:10:03] 仓库 https://github.com/viereck-lan/FreeNodes 无候选文件 (总计 44 blob, 扩展名过滤 16, processed_shas 跳过 0, SHA 缓存跳过 28)
[2026-07-15 00:10:03] 🔗 查子仓库: viereck-lan/FreeNodes
[2026-07-15 00:10:03]   🍴 子仓库: 1 个 → 队列
[2026-07-15 00:10:03] 🔗 开始 Fork 链追踪 (twj0/subseek)
[2026-07-15 00:10:03] 🔗 开始 Fork 链追踪 (viereck-lan/FreeNodes)
[2026-07-15 00:10:03] 👤 遍历用户仓库: twj0
[2026-07-15 00:10:03]   父仓库: Barabama/FreeNodes
[2026-07-15 00:10:04] 👤 遍历用户仓库: rrzt
[2026-07-15 00:10:04] 👤 遍历用户仓库: viereck-lan
[2026-07-15 00:10:04]   👤 用户仓库: 1 个 → 队列
[2026-07-15 00:10:04]   用户 viereck-lan 共查 1 个仓库
[2026-07-15 00:10:04] 仓库 https://github.com/cyj4215/FreeNodes (分支: main, size: 22835KB, pushed: 2026-07-14T06:12:29Z)
[2026-07-15 00:10:05] 仓库 https://github.com/cyj4215/FreeNodes 无候选文件 (总计 43 blob, 扩展名过滤 16, processed_shas 跳过 0, SHA 缓存跳过 27)
[2026-07-15 00:10:05] 🔗 查子仓库: cyj4215/FreeNodes
[2026-07-15 00:10:05] 🔗 开始 Fork 链追踪 (cyj4215/FreeNodes)
[2026-07-15 00:10:05]   👤 用户仓库: 30 个 → 队列
[2026-07-15 00:10:05]   用户 rrzt 共查 30 个仓库
[2026-07-15 00:10:05] 仓库 https://github.com/shenguidao/FreeNodes (分支: main, size: 21751KB, pushed: 2026-07-14T06:12:12Z)
[2026-07-15 00:10:05]   👤 用户仓库: 30 个 → 队列
[2026-07-15 00:10:05]   用户 twj0 共查 30 个仓库
[2026-07-15 00:10:05] 仓库 https://github.com/4258806/FreeNodes (分支: main, size: 20687KB, pushed: 2026-07-14T06:10:45Z)
[2026-07-15 00:10:05]   父仓库: Barabama/FreeNodes
[2026-07-15 00:10:06] 仓库 https://github.com/shenguidao/FreeNodes 无候选文件 (总计 41 blob, 扩展名过滤 15, processed_shas 跳过 0, SHA 缓存跳过 26)
[2026-07-15 00:10:06] 🔗 查子仓库: shenguidao/FreeNodes
[2026-07-15 00:10:06] 仓库 https://github.com/4258806/FreeNodes 无候选文件 (总计 41 blob, 扩展名过滤 15, processed_shas 跳过 0, SHA 缓存跳过 26)
[2026-07-15 00:10:06] 🔗 查子仓库: 4258806/FreeNodes
[2026-07-15 00:10:06] 🔗 开始 Fork 链追踪 (shenguidao/FreeNodes)
[2026-07-15 00:10:06] 🔗 开始 Fork 链追踪 (4258806/FreeNodes)
[2026-07-15 00:10:06]   父仓库: Barabama/FreeNodes
[2026-07-15 00:10:06] 👤 遍历用户仓库: cyj4215
[2026-07-15 00:10:08]   父仓库: Barabama/FreeNodes
[2026-07-15 00:10:08]   👤 用户仓库: 30 个 → 队列
[2026-07-15 00:10:08]   用户 dazeb 共查 30 个仓库
[2026-07-15 00:10:08] 仓库 https://github.com/jiayou88/FreeNodes- (分支: main, size: 22759KB, pushed: 2026-07-14T06:10:43Z)
[2026-07-15 00:10:10]   👤 用户仓库: 3 个 → 队列
[2026-07-15 00:10:10]   用户 cyj4215 共查 3 个仓库
[2026-07-15 00:10:10] 仓库 https://github.com/Barabama/FreeNodes (分支: feat/ai-crawler-v2, size: 29933KB, pushed: 2026-07-14T06:07:20Z)
[2026-07-15 00:10:10] 👤 遍历用户仓库: shenguidao
[2026-07-15 00:10:12] 仓库 https://github.com/jiayou88/FreeNodes- 无候选文件 (总计 43 blob, 扩展名过滤 16, processed_shas 跳过 0, SHA 缓存跳过 27)
[2026-07-15 00:10:12] 仓库 https://github.com/Barabama/FreeNodes 无候选文件 (总计 48 blob, 扩展名过滤 18, processed_shas 跳过 0, SHA 缓存跳过 30)[2026-07-15 00:10:12] 🔗 查子仓库: jiayou88/FreeNodes-
[2026-07-15 00:10:12] 🔗 查子仓库: Barabama/FreeNodes

[2026-07-15 00:10:14] 👤 遍历用户仓库: 4258806
[2026-07-15 00:10:15]   👤 用户仓库: 30 个 → 队列
[2026-07-15 00:10:15]   用户 shenguidao 共查 30 个仓库
[2026-07-15 00:10:15] 仓库 https://github.com/corelengine/FreeNodes (分支: feat/ai-crawler-v2, size: 29933KB, pushed: 2026-07-14T06:07:20Z)
[2026-07-15 00:10:15] 🔗 开始 Fork 链追踪 (jiayou88/FreeNodes-)
[2026-07-15 00:10:17] 仓库 https://github.com/corelengine/FreeNodes 无候选文件 (总计 48 blob, 扩展名过滤 18, processed_shas 跳过 0, SHA 缓存跳过 30)
[2026-07-15 00:10:17] 🔗 查子仓库: corelengine/FreeNodes
[2026-07-15 00:10:17]   👤 用户仓库: 10 个 → 队列
[2026-07-15 00:10:17]   用户 4258806 共查 10 个仓库
[2026-07-15 00:10:17] 仓库 https://github.com/perfectweiwei-rgb/FreeNodes (分支: main, size: 22865KB, pushed: 2026-07-14T06:02:39Z)
[2026-07-15 00:10:19] 🔗 开始 Fork 链追踪 (corelengine/FreeNodes)
[2026-07-15 00:10:19]   父仓库: Barabama/FreeNodes[2026-07-15 00:10:19] 🔗 开始 Fork 链追踪 (Barabama/FreeNodes)

[2026-07-15 00:10:21] 仓库 https://github.com/perfectweiwei-rgb/FreeNodes 无候选文件 (总计 43 blob, 扩展名过滤 16, processed_shas 跳过 0, SHA 缓存跳过 27)
[2026-07-15 00:10:21] 🔗 查子仓库: perfectweiwei-rgb/FreeNodes
[2026-07-15 00:10:21] 🔗 开始 Fork 链追踪 (perfectweiwei-rgb/FreeNodes)
[2026-07-15 00:10:21] 👤 遍历用户仓库: Barabama
[2026-07-15 00:10:21]   父仓库: Barabama/FreeNodes
[2026-07-15 00:10:23]   父仓库: Barabama/FreeNodes
[2026-07-15 00:10:25]   👤 用户仓库: 10 个 → 队列
[2026-07-15 00:10:25]   用户 Barabama 共查 10 个仓库
[2026-07-15 00:10:25] 仓库 https://github.com/hank66zxc/FreeNodes (分支: main, size: 22850KB, pushed: 2026-07-14T06:02:36Z)
[2026-07-15 00:10:25] 👤 遍历用户仓库: corelengine
[2026-07-15 00:10:25] 👤 遍历用户仓库: jiayou88
[2026-07-15 00:10:27] 仓库 https://github.com/hank66zxc/FreeNodes 无候选文件 (总计 43 blob, 扩展名过滤 16, processed_shas 跳过 0, SHA 缓存跳过 27)
[2026-07-15 00:10:27] 🔗 查子仓库: hank66zxc/FreeNodes
[2026-07-15 00:10:30]   👤 用户仓库: 30 个 → 队列
[2026-07-15 00:10:30]   用户 jiayou88 共查 30 个仓库
[2026-07-15 00:10:30] 仓库 https://github.com/PENZA84/v2rayshare_subcription (分支: main, size: 2726KB, pushed: 2026-07-14T05:55:23Z)
[2026-07-15 00:10:30]   👤 用户仓库: 30 个 → 队列
[2026-07-15 00:10:30]   用户 corelengine 共查 30 个仓库
[2026-07-15 00:10:30] 仓库 https://github.com/firefoxmmx2/v2rayshare_subcription (分支: main, size: 2726KB, pushed: 2026-07-14T05:54:57Z)
[2026-07-15 00:10:32] 🔗 开始 Fork 链追踪 (hank66zxc/FreeNodes)
[2026-07-15 00:10:32] 👤 遍历用户仓库: perfectweiwei-rgb[2026-07-15 00:10:32] 仓库 https://github.com/PENZA84/v2rayshare_subcription 无候选文件 (总计 9 blob, 扩展名过滤 1, processed_shas 跳过 0, SHA 缓存跳过 8)

[2026-07-15 00:10:32] 🔗 查子仓库: PENZA84/v2rayshare_subcription
[2026-07-15 00:10:32] 🔗 开始 Fork 链追踪 (PENZA84/v2rayshare_subcription)
[2026-07-15 00:10:34]   父仓库: Barabama/FreeNodes[2026-07-15 00:10:34] 仓库 https://github.com/firefoxmmx2/v2rayshare_subcription 无候选文件 (总计 9 blob, 扩展名过滤 1, processed_shas 跳过 0, SHA 缓存跳过 8)

[2026-07-15 00:10:34] 🔗 查子仓库: firefoxmmx2/v2rayshare_subcription
[2026-07-15 00:10:36]   父仓库: firefoxmmx2/v2rayshare_subcription
[2026-07-15 00:10:36]   👤 用户仓库: 1 个 → 队列
[2026-07-15 00:10:36]   用户 perfectweiwei-rgb 共查 1 个仓库
[2026-07-15 00:10:36] 仓库 https://github.com/fushuain-collab/free-nodes (分支: main, size: 62KB, pushed: 2026-07-14T04:55:03Z)
[2026-07-15 00:10:38] 仓库 https://github.com/fushuain-collab/free-nodes 无候选文件 (总计 3 blob, 扩展名过滤 1, processed_shas 跳过 0, SHA 缓存跳过 2)[2026-07-15 00:10:38]   🍴 兄弟仓库: 8 个 → 队列

[2026-07-15 00:10:38] 👤 遍历用户仓库: PENZA84[2026-07-15 00:10:38] 🔗 查子仓库: fushuain-collab/free-nodes

[2026-07-15 00:10:40] 🔗 开始 Fork 链追踪 (firefoxmmx2/v2rayshare_subcription)
[2026-07-15 00:10:40] 🔗 开始 Fork 链追踪 (fushuain-collab/free-nodes)
[2026-07-15 00:10:40] 👤 遍历用户仓库: firefoxmmx2
[2026-07-15 00:10:42] 👤 遍历用户仓库: fushuain-collab[2026-07-15 00:10:42] 👤 遍历用户仓库: hank66zxc

[2026-07-15 00:10:47]   👤 用户仓库: 8 个 → 队列
[2026-07-15 00:10:47]   用户 fushuain-collab 共查 8 个仓库
[2026-07-15 00:10:47] 仓库 https://github.com/PENZA84/subseek (分支: master, size: 67845KB, pushed: 2026-07-14T04:05:58Z)
[2026-07-15 00:10:47]   👤 用户仓库: 30 个 → 队列
[2026-07-15 00:10:47]   用户 firefoxmmx2 共查 30 个仓库
[2026-07-15 00:10:47] 仓库 https://github.com/muxd93/awesome-vpn (分支: master, size: 2923KB, pushed: 2026-07-14T03:09:35Z)
[2026-07-15 00:10:47]   👤 用户仓库: 10 个 → 队列
[2026-07-15 00:10:47]   用户 hank66zxc 共查 10 个仓库
[2026-07-15 00:10:47] 仓库 https://github.com/Link-Start/clashfree-free-nodes (分支: main, size: 14621KB, pushed: 2026-07-14T01:52:52Z)
[2026-07-15 00:10:47]   👤 用户仓库: 30 个 → 队列
[2026-07-15 00:10:47]   用户 PENZA84 共查 30 个仓库
[2026-07-15 00:10:47] 仓库 https://github.com/awesome-vpn/awesome-vpn (分支: master, size: 2928KB, pushed: 2026-07-14T01:49:27Z)
[2026-07-15 00:10:49] 仓库 https://github.com/Link-Start/clashfree-free-nodes 无候选文件 (总计 11 blob, 扩展名过滤 0, processed_shas 跳过 0, SHA 缓存跳过 11)[2026-07-15 00:10:49] 仓库 https://github.com/muxd93/awesome-vpn 无候选文件 (总计 44 blob, 扩展名过滤 27, processed_shas 跳过 0, SHA 缓存跳过 17)

[2026-07-15 00:10:49] 仓库 https://github.com/PENZA84/subseek 候选文件较多 (145 个)，先通过 commits API 过滤[2026-07-15 00:10:49] 🔗 查子仓库: muxd93/awesome-vpn

[2026-07-15 00:10:49] 🔗 查子仓库: Link-Start/clashfree-free-nodes
[2026-07-15 00:10:51] 仓库 https://github.com/awesome-vpn/awesome-vpn 无候选文件 (总计 44 blob, 扩展名过滤 27, processed_shas 跳过 0, SHA 缓存跳过 17)
[2026-07-15 00:10:51] 🔗 查子仓库: awesome-vpn/awesome-vpn
[2026-07-15 00:10:51] 🔗 开始 Fork 链追踪 (Link-Start/clashfree-free-nodes)
[2026-07-15 00:10:51] 🔗 开始 Fork 链追踪 (muxd93/awesome-vpn)
[2026-07-15 00:10:53]   父仓库: free-nodes/clashfree
[2026-07-15 00:10:55]   父仓库: awesome-vpn/awesome-vpn
[2026-07-15 00:10:55]   Compare API 返回 2 个变更文件 (3 次 API 调用)
[2026-07-15 00:10:55]   commits 过滤: 145 → 0 (变更文件 2 个)
[2026-07-15 00:10:55] 仓库 https://github.com/PENZA84/subseek 候选文件经时间过滤后为空
[2026-07-15 00:10:55] 🔗 查子仓库: PENZA84/subseek
[2026-07-15 00:10:56] 🔗 开始 Fork 链追踪 (PENZA84/subseek)
[2026-07-15 00:10:58]   🍴 兄弟仓库: 28 个 → 队列[2026-07-15 00:10:58] 🔗 开始 Fork 链追踪 (awesome-vpn/awesome-vpn)

[2026-07-15 00:10:58] 👤 遍历用户仓库: muxd93
[2026-07-15 00:11:00]   父仓库: twj0/subseek
[2026-07-15 00:11:00] 👤 遍历用户仓库: awesome-vpn
[2026-07-15 00:11:00] 👤 遍历用户仓库: PENZA84
[2026-07-15 00:11:02]   🍴 兄弟仓库: 30 个 → 队列
[2026-07-15 00:11:02] 👤 遍历用户仓库: Link-Start
[2026-07-15 00:11:04]   👤 用户仓库: 20 个 → 队列
[2026-07-15 00:11:04]   用户 muxd93 共查 20 个仓库
[2026-07-15 00:11:04] 仓库 https://github.com/way-fu/free-nodes-auto (分支: main, size: 462KB, pushed: 2026-07-14T01:25:48Z)
[2026-07-15 00:11:04]   用户 awesome-vpn 共查 0 个仓库
[2026-07-15 00:11:04] 仓库 https://github.com/shinbunbun/nixos-observability (分支: main, size: 137KB, pushed: 2026-07-14T00:43:29Z)
[2026-07-15 00:11:05] 仓库 https://github.com/shinbunbun/nixos-observability 候选文件 6 个
[2026-07-15 00:11:05] 仓库 https://github.com/way-fu/free-nodes-auto 无候选文件 (总计 7 blob, 扩展名过滤 1, processed_shas 跳过 0, SHA 缓存跳过 6)
[2026-07-15 00:11:05] 🔗 查子仓库: way-fu/free-nodes-auto
[2026-07-15 00:11:07]   👤 用户仓库: 30 个 → 队列
[2026-07-15 00:11:07]   用户 PENZA84 共查 30 个仓库
[2026-07-15 00:11:07] 仓库 https://github.com/woss/n8n (分支: master, size: 351855KB, pushed: 2026-07-13T23:07:26Z)
[2026-07-15 00:11:07] 仓库 https://github.com/shinbunbun/nixos-observability 未提取到节点，加入黑名单
[2026-07-15 00:11:07] 仓库 https://github.com/hzhimingyang12345-a11y/airport-free (分支: main, size: 46802KB, pushed: 2026-07-13T20:49:36Z)
[2026-07-15 00:11:09] 🔗 开始 Fork 链追踪 (way-fu/free-nodes-auto)
[2026-07-15 00:11:09] 👤 遍历用户仓库: way-fu
[2026-07-15 00:11:09] 仓库 https://github.com/hzhimingyang12345-a11y/airport-free 无候选文件 (总计 29 blob, 扩展名过滤 13, processed_shas 跳过 0, SHA 缓存跳过 16)
[2026-07-15 00:11:09] 🔗 查子仓库: hzhimingyang12345-a11y/airport-free
[2026-07-15 00:11:11] 仓库 https://github.com/woss/n8n 候选文件较多 (4276 个)，先通过 commits API 过滤
[2026-07-15 00:11:13] 🔗 开始 Fork 链追踪 (hzhimingyang12345-a11y/airport-free)
[2026-07-15 00:11:13]   👤 用户仓库: 19 个 → 队列
[2026-07-15 00:11:13]   用户 way-fu 共查 19 个仓库
[2026-07-15 00:11:13] 仓库 https://github.com/superokde/free-nodes (分支: master, size: 512KB, pushed: 2026-07-13T17:52:45Z)
[2026-07-15 00:11:14]   父仓库: xiaoji235/airport-free
[2026-07-15 00:11:16] 仓库 https://github.com/superokde/free-nodes 无候选文件 (总计 22 blob, 扩展名过滤 8, processed_shas 跳过 0, SHA 缓存跳过 14)[2026-07-15 00:11:16]   👤 用户仓库: 30 个 → 队列

[2026-07-15 00:11:16] 🔗 查子仓库: superokde/free-nodes[2026-07-15 00:11:16]   用户 Link-Start 共查 30 个仓库

[2026-07-15 00:11:16] 仓库 https://github.com/protanvir/BHServe (分支: master, size: 1792KB, pushed: 2026-07-13T17:12:48Z)
[2026-07-15 00:11:18] 🔗 开始 Fork 链追踪 (superokde/free-nodes)
[2026-07-15 00:11:18] 👤 遍历用户仓库: superokde
[2026-07-15 00:11:18] 仓库 https://github.com/protanvir/BHServe 无候选文件 (总计 135 blob, 扩展名过滤 109, processed_shas 跳过 0, SHA 缓存跳过 26)
[2026-07-15 00:11:18] 🔗 查子仓库: protanvir/BHServe
[2026-07-15 00:11:20]   Compare API 返回 31 个变更文件 (3 次 API 调用)[2026-07-15 00:11:20]   🍴 兄弟仓库: 30 个 → 队列
[2026-07-15 00:11:20]   commits 过滤: 4276 → 0 (变更文件 31 个)

[2026-07-15 00:11:20] 👤 遍历用户仓库: hzhimingyang12345-a11y
[2026-07-15 00:11:20] 仓库 https://github.com/woss/n8n 候选文件经时间过滤后为空
[2026-07-15 00:11:20] 🔗 查子仓库: woss/n8n
[2026-07-15 00:11:22] 🔗 开始 Fork 链追踪 (protanvir/BHServe)
[2026-07-15 00:11:22]   👤 用户仓库: 2 个 → 队列
[2026-07-15 00:11:22]   用户 superokde 共查 2 个仓库
[2026-07-15 00:11:22] 仓库 https://github.com/amishakov/n8n (分支: master, size: 351835KB, pushed: 2026-07-13T17:06:26Z)
[2026-07-15 00:11:22] 🔗 开始 Fork 链追踪 (woss/n8n)
[2026-07-15 00:11:22]   父仓库: wpexpertinbd/BHServe
[2026-07-15 00:11:22] 仓库在黑名单中: https://github.com/wpexpertinbd/BHServe
[2026-07-15 00:11:22]   父仓库 +0 个节点
[2026-07-15 00:11:24]   父仓库: n8n-io/n8n
[2026-07-15 00:11:24] 仓库在黑名单中: https://github.com/n8n-io/n8n
[2026-07-15 00:11:24]   父仓库 +0 个节点
[2026-07-15 00:11:24] 仓库 https://github.com/amishakov/n8n 候选文件较多 (4276 个)，先通过 commits API 过滤
[2026-07-15 00:11:26]   👤 用户仓库: 4 个 → 队列
[2026-07-15 00:11:26]   用户 hzhimingyang12345-a11y 共查 4 个仓库
[2026-07-15 00:11:26] 仓库 https://github.com/ed-would/cleardisk (分支: main, size: 22121KB, pushed: 2026-07-14T15:52:46Z)
[2026-07-15 00:11:27]   🍴 兄弟仓库: 7 个 → 队列
[2026-07-15 00:11:27] 👤 遍历用户仓库: protanvir
[2026-07-15 00:11:29] ⏱️ [22/122] v2rayN pushed:>2026-07-13T16:01:45Z fork:true -language:HTML | 379s | +19257[2026-07-15 00:11:29] 仓库 https://github.com/ed-would/cleardisk 无候选文件 (总计 54 blob, 扩展名过滤 44, processed_shas 跳过 0, SHA 缓存跳过 10)

[2026-07-15 00:11:29] 🔗 查子仓库: ed-would/cleardisk
[2026-07-15 00:11:29] 🔗 开始 Fork 链追踪 (ed-would/cleardisk)
[2026-07-15 00:11:33]   父仓库: bysiber/cleardisk
[2026-07-15 00:11:33] 仓库在黑名单中: https://github.com/bysiber/cleardisk
[2026-07-15 00:11:33]   父仓库 +0 个节点
[2026-07-15 00:11:33]   👤 用户仓库: 23 个 → 队列
[2026-07-15 00:11:33]   用户 protanvir 共查 23 个仓库
[2026-07-15 00:11:33] 仓库 https://github.com/lowgame/cleardisk (分支: main, size: 22146KB, pushed: 2026-07-13T16:51:43Z)
[2026-07-15 00:11:33]   Compare API 返回 31 个变更文件 (3 次 API 调用)
[2026-07-15 00:11:33]   commits 过滤: 4276 → 0 (变更文件 31 个)
[2026-07-15 00:11:33] 仓库 https://github.com/amishakov/n8n 候选文件经时间过滤后为空
[2026-07-15 00:11:33] 🔗 查子仓库: amishakov/n8n
[2026-07-15 00:11:35] 仓库 https://github.com/lowgame/cleardisk 无候选文件 (总计 54 blob, 扩展名过滤 44, processed_shas 跳过 0, SHA 缓存跳过 10)
[2026-07-15 00:11:35] 🔗 查子仓库: lowgame/cleardisk
[2026-07-15 00:11:35] 🔗 开始 Fork 链追踪 (lowgame/cleardisk)
[2026-07-15 00:11:37]   🍴 兄弟仓库: 27 个 → 队列
[2026-07-15 00:11:37] 👤 遍历用户仓库: ed-would
[2026-07-15 00:11:37] 🔗 开始 Fork 链追踪 (amishakov/n8n)[2026-07-15 00:11:37] 👤 遍历用户仓库: woss

[2026-07-15 00:11:40]   父仓库: bysiber/cleardisk[2026-07-15 00:11:40]   父仓库: n8n-io/n8n

[2026-07-15 00:11:40] 仓库在黑名单中: https://github.com/bysiber/cleardisk[2026-07-15 00:11:40] 仓库在黑名单中: https://github.com/n8n-io/n8n

[2026-07-15 00:11:40]   父仓库 +0 个节点[2026-07-15 00:11:40]   父仓库 +0 个节点

[2026-07-15 00:11:42]   👤 用户仓库: 4 个 → 队列
[2026-07-15 00:11:42]   用户 ed-would 共查 4 个仓库
[2026-07-15 00:11:42] 仓库 https://github.com/sosh-ncampbell/cleardisk (分支: main, size: 22146KB, pushed: 2026-07-13T16:51:43Z)
[2026-07-15 00:11:42] 仓库 https://github.com/sosh-ncampbell/cleardisk 无候选文件 (总计 54 blob, 扩展名过滤 44, processed_shas 跳过 0, SHA 缓存跳过 10)
[2026-07-15 00:11:42] 🔗 查子仓库: sosh-ncampbell/cleardisk
[2026-07-15 00:11:42] 👤 遍历用户仓库: lowgame
[2026-07-15 00:11:44] 🔗 开始 Fork 链追踪 (sosh-ncampbell/cleardisk)
[2026-07-15 00:11:44]   父仓库: bysiber/cleardisk
[2026-07-15 00:11:44] 仓库在黑名单中: https://github.com/bysiber/cleardisk
[2026-07-15 00:11:44]   父仓库 +0 个节点
[2026-07-15 00:11:47]   👤 用户仓库: 15 个 → 队列
[2026-07-15 00:11:47]   用户 lowgame 共查 15 个仓库
[2026-07-15 00:11:47] 仓库 https://github.com/ebrasha/free-v2ray-public-list (分支: main, size: 15876KB, pushed: 2026-07-14T15:59:06Z)
[2026-07-15 00:11:49] 👤 遍历用户仓库: sosh-ncampbell
[2026-07-15 00:11:49]   👤 用户仓库: 30 个 → 队列
[2026-07-15 00:11:49]   用户 woss 共查 30 个仓库
[2026-07-15 00:11:49] 仓库 https://github.com/fenwehome/free-proxy-list (分支: main, size: 36988KB, pushed: 2026-07-14T15:58:50Z)
[2026-07-15 00:11:49] 仓库 https://github.com/ebrasha/free-v2ray-public-list 候选文件较多 (698 个)，先通过 commits API 过滤
[2026-07-15 00:11:51]   👤 用户仓库: 8 个 → 队列
[2026-07-15 00:11:51]   用户 sosh-ncampbell 共查 8 个仓库
[2026-07-15 00:11:51] 仓库 https://github.com/fenwehome/free-proxy-list 候选文件 1 个
[2026-07-15 00:11:51] 仓库 https://github.com/changsongyang/free-proxy-list (分支: main, size: 37039KB, pushed: 2026-07-14T15:58:10Z)
[2026-07-15 00:11:51] 👤 遍历用户仓库: amishakov
[2026-07-15 00:11:52] 🔗 查子仓库: fenwehome/free-proxy-list
[2026-07-15 00:11:53] 🔗 开始 Fork 链追踪 (fenwehome/free-proxy-list)
[2026-07-15 00:11:53]   仓库无 24h 前 commit（新仓库/新分支），不跳过任何文件
[2026-07-15 00:11:53]   commits API 失败，降级为直接下载
[2026-07-15 00:11:53] 仓库 https://github.com/ebrasha/free-v2ray-public-list 候选文件 698 个
[2026-07-15 00:11:54] 仓库 https://github.com/changsongyang/free-proxy-list 候选文件 1 个
[2026-07-15 00:11:54]   父仓库: gfpcom/free-proxy-list
[2026-07-15 00:11:54] 📄 https://raw.githubusercontent.com/ebrasha/free-v2ray-public-list/main/mixed-protocol-chunks/EbraSha-Mixed-Config-005.txt ✅ 解析 991 候选 → 991 个有效节点 → 去重后新增 957 个
[2026-07-15 00:11:54] 📄 https://raw.githubusercontent.com/ebrasha/free-v2ray-public-list/main/mixed-protocol-chunks/EbraSha-Mixed-Config-002.txt ✅ 解析 412 候选 → 412 个有效节点 → 去重后新增 190 个
[2026-07-15 00:11:54] 🔗 查子仓库: changsongyang/free-proxy-list
[2026-07-15 00:11:54] 📄 https://raw.githubusercontent.com/ebrasha/free-v2ray-public-list/main/mixed-protocol-chunks/EbraSha-Mixed-Config-007.txt ✅ 解析 666 候选 → 666 个有效节点 → 去重后新增 491 个
[2026-07-15 00:11:54] 📄 https://raw.githubusercontent.com/ebrasha/free-v2ray-public-list/main/mixed-protocol-chunks/EbraSha-Mixed-Config-006.txt ✅ 解析 706 候选 → 706 个有效节点 → 去重后新增 530 个
[2026-07-15 00:11:54] 📦 批次 0013 已持久化: /home/runner/work/test-college/test-college/batches/no_batch_0013.txt (5374 个节点, 累计 96336 个)
[2026-07-15 00:11:54] 📄 https://raw.githubusercontent.com/ebrasha/free-v2ray-public-list/main/mixed-protocol-chunks/EbraSha-Mixed-Config-003.txt ✅ 解析 611 候选 → 611 个有效节点 → 去重后新增 406 个
[2026-07-15 00:11:55] 📄 https://raw.githubusercontent.com/ebrasha/free-v2ray-public-list/main/mixed-protocol-chunks/EbraSha-Mixed-Config-001.txt ✅ 解析 354 候选 → 354 个有效节点 → 去重后新增 145 个
[2026-07-15 00:11:55] 📄 https://raw.githubusercontent.com/ebrasha/free-v2ray-public-list/main/mixed-protocol-chunks/EbraSha-Mixed-Config-004.txt ✅ 解析 983 候选 → 983 个有效节点 → 去重后新增 938 个
[2026-07-15 00:11:55] 📄 https://raw.githubusercontent.com/ebrasha/free-v2ray-public-list/main/mixed-protocol-chunks/EbraSha-Mixed-Config-008.txt ✅ 解析 667 候选 → 667 个有效节点 → 去重后新增 471 个
[2026-07-15 00:11:55] 📄 https://raw.githubusercontent.com/ebrasha/free-v2ray-public-list/main/mixed-protocol-chunks/EbraSha-Mixed-Config-010.txt ✅ 解析 675 候选 → 675 个有效节点 → 去重后新增 475 个
[2026-07-15 00:11:55] SHA 缓存已保存: 33179 条, 1 分片
[2026-07-15 00:11:55] 📄 https://raw.githubusercontent.com/ebrasha/free-v2ray-public-list/main/mixed-protocol-chunks/EbraSha-Mixed-Config-013.txt ✅ 解析 490 候选 → 490 个有效节点 → 去重后新增 331 个[2026-07-15 00:11:55] 📄 https://raw.githubusercontent.com/ebrasha/free-v2ray-public-list/main/mixed-protocol-chunks/EbraSha-Mixed-Config-012.txt ✅ 解析 666 候选 → 666 个有效节点 → 去重后新增 425 个

[2026-07-15 00:11:56] 📄 https://raw.githubusercontent.com/ebrasha/free-v2ray-public-list/main/mixed-protocol-chunks/EbraSha-Mixed-Config-014.txt ✅ 解析 630 候选 → 630 个有效节点 → 去重后新增 402 个[2026-07-15 00:11:56] 📄 https://raw.githubusercontent.com/ebrasha/free-v2ray-public-list/main/mixed-protocol-chunks/EbraSha-Mixed-Config-015.txt ✅ 解析 682 候选 → 682 个有效节点 → 去重后新增 474 个

[2026-07-15 00:11:56] 📄 https://raw.githubusercontent.com/ebrasha/free-v2ray-public-list/main/mixed-protocol-chunks/EbraSha-Mixed-Config-009.txt ✅ 解析 649 候选 → 649 个有效节点 → 去重后新增 419 个[2026-07-15 00:11:56] 📄 https://raw.githubusercontent.com/ebrasha/free-v2ray-public-list/main/mixed-protocol-chunks/EbraSha-Mixed-Config-011.txt ✅ 解析 610 候选 → 610 个有效节点 → 去重后新增 414 个

[2026-07-15 00:11:56] 📄 https://raw.githubusercontent.com/ebrasha/free-v2ray-public-list/main/mixed-protocol-chunks/EbraSha-Mixed-Config-017.txt ✅ 解析 659 候选 → 659 个有效节点 → 去重后新增 431 个
[2026-07-15 00:11:56] 📄 https://raw.githubusercontent.com/ebrasha/free-v2ray-public-list/main/mixed-protocol-chunks/EbraSha-Mixed-Config-020.txt ✅ 解析 687 候选 → 687 个有效节点 → 去重后新增 440 个[2026-07-15 00:11:56] 🔗 开始 Fork 链追踪 (changsongyang/free-proxy-list)[2026-07-15 00:11:56] 📦 批次 0014 已持久化: /home/runner/work/test-college/test-college/batches/no_batch_0014.txt (5331 个节点, 累计 102545 个)

[2026-07-15 00:11:56] 📄 https://raw.githubusercontent.com/ebrasha/free-v2ray-public-list/main/mixed-protocol-chunks/EbraSha-Mixed-Config-022.txt ✅ 解析 904 候选 → 904 个有效节点 → 去重后新增 815 个
[2026-07-15 00:11:56] 📄 https://raw.githubusercontent.com/ebrasha/free-v2ray-public-list/main/mixed-protocol-chunks/EbraSha-Mixed-Config-016.txt ✅ 解析 664 候选 → 664 个有效节点 → 去重后新增 438 个
[2026-07-15 00:11:56] 📄 https://raw.githubusercontent.com/ebrasha/free-v2ray-public-list/main/mixed-protocol-chunks/EbraSha-Mixed-Config-021.txt ✅ 解析 587 候选 → 587 个有效节点 → 去重后新增 388 个[2026-07-15 00:11:56] 📄 https://raw.githubusercontent.com/ebrasha/free-v2ray-public-list/main/mixed-protocol-chunks/EbraSha-Mixed-Config-019.txt ✅ 解析 624 候选 → 624 个有效节点 → 去重后新增 401 个[2026-07-15 00:11:56] 📄 https://raw.githubusercontent.com/ebrasha/free-v2ray-public-list/main/mixed-protocol-chunks/EbraSha-Mixed-Config-018.txt ✅ 解析 697 候选 → 697 个有效节点 → 去重后新增 454 个



[2026-07-15 00:11:57] SHA 缓存已保存: 33192 条, 1 分片
[2026-07-15 00:11:58] 📄 https://raw.githubusercontent.com/ebrasha/free-v2ray-public-list/main/mixed-protocol-chunks/EbraSha-Mixed-Config-028.txt ✅ 解析 582 候选 → 582 个有效节点 → 去重后新增 318 个
[2026-07-15 00:11:58] 📦 批次 0015 已持久化: /home/runner/work/test-college/test-college/batches/no_batch_0015.txt (8260 个节点, 累计 109951 个)
[2026-07-15 00:11:58] SHA 缓存已保存: 33193 条, 1 分片
[2026-07-15 00:11:58] 📄 https://raw.githubusercontent.com/ebrasha/free-v2ray-public-list/main/mixed-protocol-chunks/EbraSha-Mixed-Config-029.txt ✅ 解析 577 候选 → 577 个有效节点 → 去重后新增 353 个
[2026-07-15 00:11:58]   父仓库: gfpcom/free-proxy-list
[2026-07-15 00:11:59] 📄 https://raw.githubusercontent.com/ebrasha/free-v2ray-public-list/main/mixed-protocol-chunks/EbraSha-Mixed-Config-033.txt ✅ 解析 672 候选 → 672 个有效节点 → 去重后新增 535 个
[2026-07-15 00:11:59] 📄 https://raw.githubusercontent.com/ebrasha/free-v2ray-public-list/main/mixed-protocol-chunks/EbraSha-Mixed-Config-030.txt ✅ 解析 622 候选 → 622 个有效节点 → 去重后新增 359 个
[2026-07-15 00:11:59] 📄 https://raw.githubusercontent.com/ebrasha/free-v2ray-public-list/main/mixed-protocol-chunks/EbraSha-Mixed-Config-032.txt ✅ 解析 666 候选 → 666 个有效节点 → 去重后新增 422 个
[2026-07-15 00:11:59]   🍴 兄弟仓库: 16 个 → 队列
[2026-07-15 00:11:59] 👤 遍历用户仓库: fenwehome
[2026-07-15 00:12:00] 📄 https://raw.githubusercontent.com/ebrasha/free-v2ray-public-list/main/mixed-protocol-chunks/EbraSha-Mixed-Config-031.txt ✅ 解析 695 候选 → 695 个有效节点 → 去重后新增 427 个
[2026-07-15 00:12:00] 👤 遍历用户仓库: changsongyang
[2026-07-15 00:12:00] 📄 https://raw.githubusercontent.com/ebrasha/free-v2ray-public-list/main/mixed-protocol-chunks/EbraSha-Mixed-Config-034.txt ✅ 解析 627 候选 → 627 个有效节点 → 去重后新增 391 个
[2026-07-15 00:12:00] 📄 https://raw.githubusercontent.com/ebrasha/free-v2ray-public-list/main/mixed-protocol-chunks/EbraSha-Mixed-Config-036.txt ✅ 解析 684 候选 → 684 个有效节点 → 去重后新增 441 个
[2026-07-15 00:12:00] 📄 https://raw.githubusercontent.com/ebrasha/free-v2ray-public-list/main/mixed-protocol-chunks/EbraSha-Mixed-Config-023.txt ✅ 解析 793 候选 → 793 个有效节点 → 去重后新增 649 个
[2026-07-15 00:12:02] 📄 https://raw.githubusercontent.com/ebrasha/free-v2ray-public-list/main/mixed-protocol-chunks/EbraSha-Mixed-Config-035.txt ✅ 解析 674 候选 → 674 个有效节点 → 去重后新增 431 个
[2026-07-15 00:12:03] 📄 https://raw.githubusercontent.com/ebrasha/free-v2ray-public-list/main/mixed-protocol-chunks/EbraSha-Mixed-Config-024.txt ✅ 解析 783 候选 → 783 个有效节点 → 去重后新增 630 个
[2026-07-15 00:12:04] 📄 https://raw.githubusercontent.com/ebrasha/free-v2ray-public-list/main/mixed-protocol-chunks/EbraSha-Mixed-Config-027.txt ✅ 解析 857 候选 → 857 个有效节点 → 去重后新增 726 个
[2026-07-15 00:12:04]   👤 用户仓库: 30 个 → 队列
[2026-07-15 00:12:04]   用户 fenwehome 共查 30 个仓库
[2026-07-15 00:12:05] 仓库 https://github.com/Cuarentas/free-proxy-list (分支: main, size: 36883KB, pushed: 2026-07-14T15:58:08Z)
[2026-07-15 00:12:06] 📄 https://raw.githubusercontent.com/ebrasha/free-v2ray-public-list/main/mixed-protocol-chunks/EbraSha-Mixed-Config-025.txt ✅ 解析 792 候选 → 792 个有效节点 → 去重后新增 633 个
[2026-07-15 00:12:07]   👤 用户仓库: 30 个 → 队列
[2026-07-15 00:12:07]   用户 amishakov 共查 30 个仓库
[2026-07-15 00:12:07] 仓库 https://github.com/nikita29a/FreeProxyList (分支: main, size: 1612127KB, pushed: 2026-07-14T15:56:56Z)
[2026-07-15 00:12:07] 仓库 https://github.com/Cuarentas/free-proxy-list 候选文件 1 个
[2026-07-15 00:12:07] 📄 https://raw.githubusercontent.com/ebrasha/free-v2ray-public-list/main/mixed-protocol-chunks/EbraSha-Mixed-Config-026.txt ✅ 解析 841 候选 → 841 个有效节点 → 去重后新增 672 个
[2026-07-15 00:12:07] 仓库 https://github.com/nikita29a/FreeProxyList 候选文件 18 个
[2026-07-15 00:12:07] 📄 https://raw.githubusercontent.com/ebrasha/free-v2ray-public-list/main/mixed-protocol-chunks/EbraSha-Mixed-Config-046.txt ✅ 解析 592 候选 → 592 个有效节点 → 去重后新增 299 个
[2026-07-15 00:12:07] 📄 https://raw.githubusercontent.com/ebrasha/free-v2ray-public-list/main/mixed-protocol-chunks/EbraSha-Mixed-Config-047.txt ✅ 解析 563 候选 → 563 个有效节点 → 去重后新增 287 个
[2026-07-15 00:12:07] 📄 https://raw.githubusercontent.com/ebrasha/free-v2ray-public-list/main/mixed-protocol-chunks/EbraSha-Mixed-Config-042.txt ✅ 解析 637 候选 → 637 个有效节点 → 去重后新增 368 个
[2026-07-15 00:12:07] 📄 https://raw.githubusercontent.com/ebrasha/free-v2ray-public-list/main/mixed-protocol-chunks/EbraSha-Mixed-Config-048.txt ✅ 解析 652 候选 → 652 个有效节点 → 去重后新增 381 个
[2026-07-15 00:12:07] 📄 https://raw.githubusercontent.com/ebrasha/free-v2ray-public-list/main/mixed-protocol-chunks/EbraSha-Mixed-Config-038.txt ✅ 解析 697 候选 → 697 个有效节点 → 去重后新增 410 个
[2026-07-15 00:12:07] 📄 https://raw.githubusercontent.com/ebrasha/free-v2ray-public-list/main/mixed-protocol-chunks/EbraSha-Mixed-Config-045.txt ✅ 解析 626 候选 → 626 个有效节点 → 去重后新增 337 个
[2026-07-15 00:12:07] 📦 批次 0016 已持久化: /home/runner/work/test-college/test-college/batches/no_batch_0016.txt (5220 个节点, 累计 115446 个)
[2026-07-15 00:12:07] 📄 https://raw.githubusercontent.com/ebrasha/free-v2ray-public-list/main/mixed-protocol-chunks/EbraSha-Mixed-Config-041.txt ✅ 解析 672 候选 → 672 个有效节点 → 去重后新增 433 个
[2026-07-15 00:12:07] 📄 https://raw.githubusercontent.com/ebrasha/free-v2ray-public-list/main/mixed-protocol-chunks/EbraSha-Mixed-Config-040.txt ✅ 解析 634 候选 → 634 个有效节点 → 去重后新增 375 个
[2026-07-15 00:12:08] SHA 缓存已保存: 33214 条, 1 分片
[2026-07-15 00:12:08] 🔗 查子仓库: Cuarentas/free-proxy-list
[2026-07-15 00:12:09] 🔗 开始 Fork 链追踪 (Cuarentas/free-proxy-list)
[2026-07-15 00:12:09]   父仓库: gfpcom/free-proxy-list
[2026-07-15 00:12:10]   👤 用户仓库: 30 个 → 队列
[2026-07-15 00:12:10]   用户 changsongyang 共查 30 个仓库
[2026-07-15 00:12:10] 仓库 https://github.com/gnxD3RfTT2WE/anonymous-proxy-list-free (分支: main, size: 12KB, pushed: 2026-07-14T15:40:21Z)
[2026-07-15 00:12:11] 👤 遍历用户仓库: Cuarentas
[2026-07-15 00:12:13] 仓库 https://github.com/gnxD3RfTT2WE/anonymous-proxy-list-free 候选文件 3 个
[2026-07-15 00:12:13]   👤 用户仓库: 30 个 → 队列
[2026-07-15 00:12:13]   用户 Cuarentas 共查 30 个仓库
[2026-07-15 00:12:13] 仓库 https://github.com/wakenyacrypto-cell/free-proxy-list (分支: main, size: 4962185KB, pushed: 2026-07-14T15:34:07Z)
[2026-07-15 00:12:14] 📄 https://raw.githubusercontent.com/ebrasha/free-v2ray-public-list/main/mixed-protocol-chunks/EbraSha-Mixed-Config-044.txt ✅ 解析 619 候选 → 619 个有效节点 → 去重后新增 438 个
[2026-07-15 00:12:16] 仓库 https://github.com/gnxD3RfTT2WE/anonymous-proxy-list-free 未提取到节点，加入黑名单
[2026-07-15 00:12:16] 📄 https://raw.githubusercontent.com/ebrasha/free-v2ray-public-list/main/mixed-protocol-chunks/EbraSha-Mixed-Config-037.txt ✅ 解析 654 候选 → 654 个有效节点 → 去重后新增 373 个
[2026-07-15 00:12:16] 仓库 https://github.com/proxifly/free-proxy-list (分支: main, size: 5420324KB, pushed: 2026-07-14T15:25:54Z)
[2026-07-15 00:12:18] 📄 https://raw.githubusercontent.com/nikita29a/FreeProxyList/main/mirror/25.txt ✅ 解析 66 候选 → 66 个有效节点 → 去重后新增 1 个
[2026-07-15 00:12:18] ⏱️ [23/122] v2rayNG pushed:>2026-07-13T16:01:45Z fork:true -language:HTM | 50s | +22380
[2026-07-15 00:12:19] 📄 https://raw.githubusercontent.com/ebrasha/free-v2ray-public-list/main/mixed-protocol-chunks/EbraSha-Mixed-Config-052.txt ✅ 解析 101 候选 → 101 个有效节点 → 去重后新增 53 个
[2026-07-15 00:12:20] 📄 https://raw.githubusercontent.com/ebrasha/free-v2ray-public-list/main/mixed-protocol-chunks/EbraSha-Mixed-Config-053.txt ✅ 解析 115 候选 → 115 个有效节点 → 去重后新增 65 个
[2026-07-15 00:12:20] 📄 https://raw.githubusercontent.com/ebrasha/free-v2ray-public-list/main/mixed-protocol-chunks/EbraSha-Mixed-Config-043.txt ✅ 解析 655 候选 → 655 个有效节点 → 去重后新增 363 个
[2026-07-15 00:12:20] 📄 https://raw.githubusercontent.com/ebrasha/free-v2ray-public-list/main/mixed-protocol-chunks/EbraSha-Mixed-Config-039.txt ✅ 解析 686 候选 → 686 个有效节点 → 去重后新增 399 个
[2026-07-15 00:12:24] 📄 https://raw.githubusercontent.com/ebrasha/free-v2ray-public-list/main/mixed-protocol-chunks/EbraSha-Mixed-Config-051.txt ✅ 解析 255 候选 → 255 个有效节点 → 去重后新增 129 个
[2026-07-15 00:12:34] 📄 https://raw.githubusercontent.com/ebrasha/free-v2ray-public-list/main/mixed-protocol-chunks/EbraSha-Mixed-Config-049.txt ✅ 解析 685 候选 → 685 个有效节点 → 去重后新增 397 个
[2026-07-15 00:12:36] 📄 https://raw.githubusercontent.com/ebrasha/free-v2ray-public-list/main/mixed-protocol-chunks/EbraSha-Mixed-Config-054.txt ✅ 解析 411 候选 → 411 个有效节点 → 去重后新增 268 个
[2026-07-15 00:12:41] 仓库 https://github.com/wakenyacrypto-cell/free-proxy-list 候选文件较多 (154 个)，先通过 commits API 过滤
[2026-07-15 00:12:42]   Compare API 返回 2 个变更文件 (3 次 API 调用)
[2026-07-15 00:12:42]   commits 过滤: 154 → 0 (变更文件 2 个)
[2026-07-15 00:12:42] 仓库 https://github.com/wakenyacrypto-cell/free-proxy-list 候选文件经时间过滤后为空
[2026-07-15 00:12:42] 🔗 查子仓库: wakenyacrypto-cell/free-proxy-list
[2026-07-15 00:12:42] 🔗 开始 Fork 链追踪 (wakenyacrypto-cell/free-proxy-list)
[2026-07-15 00:12:42]   父仓库: proxifly/free-proxy-list
[2026-07-15 00:12:43] 仓库 https://github.com/proxifly/free-proxy-list 候选文件较多 (126 个)，先通过 commits API 过滤
[2026-07-15 00:12:43] 📄 https://raw.githubusercontent.com/ebrasha/free-v2ray-public-list/main/mixed-protocol-chunks/EbraSha-Mixed-Config-050.txt ✅ 解析 627 候选 → 627 个有效节点 → 去重后新增 384 个
[2026-07-15 00:12:43] 📄 https://raw.githubusercontent.com/ebrasha/free-v2ray-public-list/main/mixed-protocol-chunks/EbraSha-Mixed-Config-056.txt ✅ 解析 652 候选 → 652 个有效节点 → 去重后新增 360 个
[2026-07-15 00:12:43] 📄 https://raw.githubusercontent.com/ebrasha/free-v2ray-public-list/main/mixed-protocol-chunks/EbraSha-Mixed-Config-058.txt ✅ 解析 626 候选 → 626 个有效节点 → 去重后新增 375 个
[2026-07-15 00:12:43] 📄 https://raw.githubusercontent.com/ebrasha/free-v2ray-public-list/main/mixed-protocol-chunks/EbraSha-Mixed-Config-057.txt ✅ 解析 670 候选 → 670 个有效节点 → 去重后新增 152 个
[2026-07-15 00:12:43] 📄 https://raw.githubusercontent.com/ebrasha/free-v2ray-public-list/main/mixed-protocol-chunks/EbraSha-Mixed-Config-060.txt ✅ 解析 671 候选 → 671 个有效节点 → 去重后新增 262 个
[2026-07-15 00:12:43] 📦 批次 0017 已持久化: /home/runner/work/test-college/test-college/batches/no_batch_0017.txt (5096 个节点, 累计 120254 个)
[2026-07-15 00:12:43] SHA 缓存已保存: 33242 条, 1 分片
[2026-07-15 00:12:43] 📄 https://raw.githubusercontent.com/ebrasha/free-v2ray-public-list/main/mixed-protocol-chunks/EbraSha-Mixed-Config-059.txt ✅ 解析 732 候选 → 732 个有效节点 → 去重后新增 369 个
[2026-07-15 00:12:43] 📄 https://raw.githubusercontent.com/ebrasha/free-v2ray-public-list/main/mixed-protocol-chunks/EbraSha-Mixed-Config-061.txt ✅ 解析 693 候选 → 693 个有效节点 → 去重后新增 184 个
[2026-07-15 00:12:43] 📄 https://raw.githubusercontent.com/ebrasha/free-v2ray-public-list/main/mixed-protocol-chunks/EbraSha-Mixed-Config-055.txt ✅ 解析 764 候选 → 764 个有效节点 → 去重后新增 360 个
[2026-07-15 00:12:43] 📄 https://raw.githubusercontent.com/ebrasha/free-v2ray-public-list/main/mixed-protocol-chunks/EbraSha-Mixed-Config-062.txt ✅ 解析 742 候选 → 742 个有效节点 → 去重后新增 158 个
[2026-07-15 00:12:43] 📄 https://raw.githubusercontent.com/ebrasha/free-v2ray-public-list/main/mixed-protocol-chunks/EbraSha-Mixed-Config-063.txt ✅ 解析 745 候选 → 745 个有效节点 → 去重后新增 185 个
[2026-07-15 00:12:45]   🍴 兄弟仓库: 30 个 → 队列
[2026-07-15 00:12:45] 👤 遍历用户仓库: wakenyacrypto-cell
[2026-07-15 00:12:45] 📄 https://raw.githubusercontent.com/ebrasha/free-v2ray-public-list/main/mixed-protocol-chunks/EbraSha-Mixed-Config-066.txt ✅ 解析 828 候选 → 828 个有效节点 → 去重后新增 300 个
[2026-07-15 00:12:45] 📄 https://raw.githubusercontent.com/ebrasha/free-v2ray-public-list/main/mixed-protocol-chunks/EbraSha-Mixed-Config-065.txt ✅ 解析 836 候选 → 836 个有效节点 → 去重后新增 160 个
[2026-07-15 00:12:45] 📄 https://raw.githubusercontent.com/ebrasha/free-v2ray-public-list/main/mixed-protocol-chunks/EbraSha-Mixed-Config-067.txt ✅ 解析 703 候选 → 703 个有效节点 → 去重后新增 416 个
[2026-07-15 00:12:45] 📄 https://raw.githubusercontent.com/ebrasha/free-v2ray-public-list/main/mixed-protocol-chunks/EbraSha-Mixed-Config-064.txt ✅ 解析 867 候选 → 867 个有效节点 → 去重后新增 157 个
[2026-07-15 00:12:45]   Compare API 返回 228 个变更文件 (3 次 API 调用)
[2026-07-15 00:12:45]   commits 过滤: 126 → 126 (变更文件 228 个)
[2026-07-15 00:12:45] 仓库 https://github.com/proxifly/free-proxy-list 候选文件 126 个
[2026-07-15 00:12:45] 📄 https://raw.githubusercontent.com/ebrasha/free-v2ray-public-list/main/mixed-protocol-chunks/EbraSha-Mixed-Config-072.txt ✅ 解析 685 候选 → 685 个有效节点 → 去重后新增 380 个[2026-07-15 00:12:45] 📄 https://raw.githubusercontent.com/ebrasha/free-v2ray-public-list/main/mixed-protocol-chunks/EbraSha-Mixed-Config-077.txt ✅ 解析 638 候选 → 638 个有效节点 → 去重后新增 360 个

[2026-07-15 00:12:45] 📄 https://raw.githubusercontent.com/ebrasha/free-v2ray-public-list/main/mixed-protocol-chunks/EbraSha-Mixed-Config-075.txt ✅ 解析 627 候选 → 627 个有效节点 → 去重后新增 344 个
[2026-07-15 00:12:45] 📄 https://raw.githubusercontent.com/ebrasha/free-v2ray-public-list/main/mixed-protocol-chunks/EbraSha-Mixed-Config-074.txt ✅ 解析 672 候选 → 672 个有效节点 → 去重后新增 398 个
[2026-07-15 00:12:48] 📄 https://raw.githubusercontent.com/ebrasha/free-v2ray-public-list/main/mixed-protocol-chunks/EbraSha-Mixed-Config-076.txt ✅ 解析 610 候选 → 610 个有效节点 → 去重后新增 208 个
[2026-07-15 00:12:48] 📄 https://raw.githubusercontent.com/ebrasha/free-v2ray-public-list/main/mixed-protocol-chunks/EbraSha-Mixed-Config-071.txt ✅ 解析 609 候选 → 609 个有效节点 → 去重后新增 299 个
[2026-07-15 00:12:48] 📄 https://raw.githubusercontent.com/ebrasha/free-v2ray-public-list/main/mixed-protocol-chunks/EbraSha-Mixed-Config-069.txt ✅ 解析 828 候选 → 828 个有效节点 → 去重后新增 621 个
[2026-07-15 00:12:48] 📦 批次 0018 已持久化: /home/runner/work/test-college/test-college/batches/no_batch_0018.txt (5281 个节点, 累计 125534 个)
[2026-07-15 00:12:48] SHA 缓存已保存: 33335 条, 1 分片
[2026-07-15 00:12:48] 📄 https://raw.githubusercontent.com/ebrasha/free-v2ray-public-list/main/mixed-protocol-chunks/EbraSha-Mixed-Config-068.txt ✅ 解析 642 候选 → 642 个有效节点 → 去重后新增 338 个
[2026-07-15 00:12:49] 📄 https://raw.githubusercontent.com/ebrasha/free-v2ray-public-list/main/mixed-protocol-chunks/EbraSha-Mixed-Config-073.txt ✅ 解析 702 候选 → 702 个有效节点 → 去重后新增 454 个
[2026-07-15 00:12:49] 📄 https://raw.githubusercontent.com/ebrasha/free-v2ray-public-list/main/mixed-protocol-chunks/EbraSha-Mixed-Config-070.txt ✅ 解析 635 候选 → 635 个有效节点 → 去重后新增 334 个
[2026-07-15 00:12:49] 📄 https://raw.githubusercontent.com/nikita29a/FreeProxyList/main/mirror/1.txt ✅ 解析 3191 候选 → 3191 个有效节点 → 去重后新增 77 个
[2026-07-15 00:12:49] 📄 https://raw.githubusercontent.com/ebrasha/free-v2ray-public-list/main/mixed-protocol-chunks/EbraSha-Mixed-Config-084.txt ✅ 解析 624 候选 → 624 个有效节点 → 去重后新增 462 个
[2026-07-15 00:12:49] 📄 https://raw.githubusercontent.com/ebrasha/free-v2ray-public-list/main/mixed-protocol-chunks/EbraSha-Mixed-Config-081.txt ✅ 解析 659 候选 → 659 个有效节点 → 去重后新增 355 个
[2026-07-15 00:12:49] 📄 https://raw.githubusercontent.com/ebrasha/free-v2ray-public-list/main/mixed-protocol-chunks/EbraSha-Mixed-Config-078.txt ✅ 解析 649 候选 → 649 个有效节点 → 去重后新增 338 个
[2026-07-15 00:12:49] 📄 https://raw.githubusercontent.com/ebrasha/free-v2ray-public-list/main/mixed-protocol-chunks/EbraSha-Mixed-Config-085.txt ✅ 解析 687 候选 → 687 个有效节点 → 去重后新增 673 个
[2026-07-15 00:12:50] 📄 https://raw.githubusercontent.com/ebrasha/free-v2ray-public-list/main/mixed-protocol-chunks/EbraSha-Mixed-Config-079.txt ✅ 解析 619 候选 → 619 个有效节点 → 去重后新增 299 个
[2026-07-15 00:12:53] 📄 https://raw.githubusercontent.com/ebrasha/free-v2ray-public-list/main/mixed-protocol-chunks/EbraSha-Mixed-Config-092.txt ✅ 解析 14 候选 → 14 个有效节点 → 去重后新增 1 个
[2026-07-15 00:12:53] 📄 https://raw.githubusercontent.com/ebrasha/free-v2ray-public-list/main/mixed-protocol-chunks/EbraSha-Mixed-Config-082.txt ✅ 解析 726 候选 → 726 个有效节点 → 去重后新增 498 个
[2026-07-15 00:12:53] 📄 https://raw.githubusercontent.com/ebrasha/free-v2ray-public-list/main/mixed-protocol-chunks/EbraSha-Mixed-Config-080.txt ✅ 解析 660 候选 → 660 个有效节点 → 去重后新增 368 个
[2026-07-15 00:12:53] 📄 https://raw.githubusercontent.com/ebrasha/free-v2ray-public-list/main/mixed-protocol-chunks/EbraSha-Mixed-Config-083.txt ✅ 解析 673 候选 → 673 个有效节点 → 去重后新增 406 个
[2026-07-15 00:12:53] 仓库 https://github.com/proxifly/free-proxy-list 未提取到节点，加入黑名单
[2026-07-15 00:12:53] 仓库 https://github.com/slxkware/Vless-list (分支: main, size: 1150KB, pushed: 2026-07-14T15:16:09Z)
[2026-07-15 00:12:53] 📄 https://raw.githubusercontent.com/ebrasha/free-v2ray-public-list/main/mixed-protocol-chunks/EbraSha-Mixed-Config-091.txt ✅ 解析 332 候选 → 332 个有效节点 → 去重后新增 131 个
[2026-07-15 00:12:53] 📄 https://raw.githubusercontent.com/ebrasha/free-v2ray-public-list/main/mixed-protocol-chunks/EbraSha-Mixed-Config-094.txt ✅ 解析 384 候选 → 384 个有效节点 → 去重后新增 181 个
[2026-07-15 00:12:53]   👤 用户仓库: 30 个 → 队列
[2026-07-15 00:12:53]   用户 wakenyacrypto-cell 共查 30 个仓库
[2026-07-15 00:12:53] 仓库 https://github.com/gavinhomework/free-proxy-list (分支: main, size: 37051KB, pushed: 2026-07-14T14:45:28Z)
[2026-07-15 00:12:53] 📄 https://raw.githubusercontent.com/ebrasha/free-v2ray-public-list/main/mixed-protocol-chunks/EbraSha-Mixed-Config-090.txt ✅ 解析 614 候选 → 614 个有效节点 → 去重后新增 314 个
[2026-07-15 00:12:53] 📦 批次 0019 已持久化: /home/runner/work/test-college/test-college/batches/no_batch_0019.txt (5109 个节点, 累计 130642 个)
[2026-07-15 00:12:53] SHA 缓存已保存: 33403 条, 1 分片
[2026-07-15 00:12:53] 📄 https://raw.githubusercontent.com/ebrasha/free-v2ray-public-list/main/mixed-protocol-chunks/EbraSha-Mixed-Config-088.txt ✅ 解析 675 候选 → 675 个有效节点 → 去重后新增 405 个
[2026-07-15 00:12:53] 📄 https://raw.githubusercontent.com/ebrasha/free-v2ray-public-list/main/mixed-protocol-chunks/EbraSha-Mixed-Config-086.txt ✅ 解析 657 候选 → 657 个有效节点 → 去重后新增 426 个
[2026-07-15 00:12:53] 📄 https://raw.githubusercontent.com/ebrasha/free-v2ray-public-list/main/mixed-protocol-chunks/EbraSha-Mixed-Config-089.txt ✅ 解析 600 候选 → 600 个有效节点 → 去重后新增 334 个
[2026-07-15 00:12:53] 📄 https://raw.githubusercontent.com/ebrasha/free-v2ray-public-list/main/mixed-protocol-chunks/EbraSha-Mixed-Config-095.txt ✅ 解析 686 候选 → 686 个有效节点 → 去重后新增 450 个
[2026-07-15 00:12:53] 📄 https://raw.githubusercontent.com/ebrasha/free-v2ray-public-list/main/mixed-protocol-chunks/EbraSha-Mixed-Config-087.txt ✅ 解析 636 候选 → 636 个有效节点 → 去重后新增 290 个
[2026-07-15 00:12:53] 📄 https://raw.githubusercontent.com/ebrasha/free-v2ray-public-list/main/mixed-protocol-chunks/EbraSha-Mixed-Config-096.txt ✅ 解析 649 候选 → 649 个有效节点 → 去重后新增 357 个
[2026-07-15 00:12:53] 仓库 https://github.com/slxkware/Vless-list 候选文件 2 个
[2026-07-15 00:12:55] 📄 https://raw.githubusercontent.com/ebrasha/free-v2ray-public-list/main/mixed-protocol-chunks/EbraSha-Mixed-Config-100.txt ✅ 解析 55 候选 → 55 个有效节点 → 去重后新增 14 个
[2026-07-15 00:12:55] 仓库 https://github.com/gavinhomework/free-proxy-list 候选文件 1 个
[2026-07-15 00:12:55] 📄 https://raw.githubusercontent.com/ebrasha/free-v2ray-public-list/main/mixed-protocol-chunks/EbraSha-Mixed-Config-099.txt ✅ 解析 105 候选 → 105 个有效节点 → 去重后新增 54 个
[2026-07-15 00:12:55] 📄 https://raw.githubusercontent.com/ebrasha/free-v2ray-public-list/main/mixed-protocol-chunks/EbraSha-Mixed-Config-101.txt ✅ 解析 246 候选 → 246 个有效节点 → 去重后新增 36 个
[2026-07-15 00:12:55] 📄 https://raw.githubusercontent.com/ebrasha/free-v2ray-public-list/main/mixed-protocol-chunks/EbraSha-Mixed-Config-107.txt ✅ 解析 320 候选 → 320 个有效节点 → 去重后新增 7 个
[2026-07-15 00:12:55] 📄 https://raw.githubusercontent.com/ebrasha/free-v2ray-public-list/main/mixed-protocol-chunks/EbraSha-Mixed-Config-106.txt ✅ 解析 468 候选 → 468 个有效节点 → 去重后新增 23 个
[2026-07-15 00:12:55] 📄 https://raw.githubusercontent.com/ebrasha/free-v2ray-public-list/main/mixed-protocol-chunks/EbraSha-Mixed-Config-102.txt ✅ 解析 513 候选 → 513 个有效节点 → 去重后新增 38 个
[2026-07-15 00:12:55] 📄 https://raw.githubusercontent.com/ebrasha/free-v2ray-public-list/main/mixed-protocol-chunks/EbraSha-Mixed-Config-108.txt ✅ 解析 523 候选 → 523 个有效节点 → 去重后新增 24 个
[2026-07-15 00:12:55] 📄 https://raw.githubusercontent.com/ebrasha/free-v2ray-public-list/main/mixed-protocol-chunks/EbraSha-Mixed-Config-103.txt ✅ 解析 544 候选 → 544 个有效节点 → 去重后新增 55 个
[2026-07-15 00:12:55] 📄 https://raw.githubusercontent.com/ebrasha/free-v2ray-public-list/main/mixed-protocol-chunks/EbraSha-Mixed-Config-110.txt ✅ 解析 552 候选 → 552 个有效节点 → 去重后新增 15 个
[2026-07-15 00:12:55] 📄 https://raw.githubusercontent.com/ebrasha/free-v2ray-public-list/main/mixed-protocol-chunks/EbraSha-Mixed-Config-104.txt ✅ 解析 596 候选 → 596 个有效节点 → 去重后新增 41 个
[2026-07-15 00:12:55] 📄 https://raw.githubusercontent.com/ebrasha/free-v2ray-public-list/main/mixed-protocol-chunks/EbraSha-Mixed-Config-098.txt ✅ 解析 571 候选 → 571 个有效节点 → 去重后新增 282 个
[2026-07-15 00:12:55] 📄 https://raw.githubusercontent.com/ebrasha/free-v2ray-public-list/main/mixed-protocol-chunks/EbraSha-Mixed-Config-109.txt ✅ 解析 569 候选 → 569 个有效节点 → 去重后新增 17 个
[2026-07-15 00:12:55] 📄 https://raw.githubusercontent.com/ebrasha/free-v2ray-public-list/main/mixed-protocol-chunks/EbraSha-Mixed-Config-097.txt ✅ 解析 665 候选 → 665 个有效节点 → 去重后新增 357 个
[2026-07-15 00:12:55] 📄 https://raw.githubusercontent.com/ebrasha/free-v2ray-public-list/main/mixed-protocol-chunks/EbraSha-Mixed-Config-105.txt ✅ 解析 654 候选 → 654 个有效节点 → 去重后新增 61 个
[2026-07-15 00:12:55] 🔗 查子仓库: slxkware/Vless-list
[2026-07-15 00:12:55] 🔗 开始 Fork 链追踪 (slxkware/Vless-list)
[2026-07-15 00:12:56] 👤 遍历用户仓库: slxkware
[2026-07-15 00:12:56]   用户 slxkware 共查 0 个仓库
[2026-07-15 00:12:56] 仓库 https://github.com/joy-deploy/free-proxy-list (分支: main, size: 2607KB, pushed: 2026-07-14T13:46:35Z)
[2026-07-15 00:12:56] 🔗 查子仓库: gavinhomework/free-proxy-list
[2026-07-15 00:12:56] 📄 https://raw.githubusercontent.com/ebrasha/free-v2ray-public-list/main/mixed-protocol-chunks/EbraSha-Mixed-Config-112.txt ✅ 解析 362 候选 → 362 个有效节点 → 去重后新增 1 个
[2026-07-15 00:12:56] 📄 https://raw.githubusercontent.com/ebrasha/free-v2ray-public-list/main/mixed-protocol-chunks/EbraSha-Mixed-Config-117.txt ✅ 解析 342 候选 → 342 个有效节点 → 去重后新增 2 个
[2026-07-15 00:12:56] 📄 https://raw.githubusercontent.com/ebrasha/free-v2ray-public-list/main/mixed-protocol-chunks/EbraSha-Mixed-Config-114.txt ✅ 解析 351 候选 → 351 个有效节点 → 去重后新增 1 个
[2026-07-15 00:12:56] 📄 https://raw.githubusercontent.com/ebrasha/free-v2ray-public-list/main/mixed-protocol-chunks/EbraSha-Mixed-Config-124.txt ✅ 解析 462 候选 → 462 个有效节点 → 去重后新增 18 个
[2026-07-15 00:12:56] 📄 https://raw.githubusercontent.com/ebrasha/free-v2ray-public-list/main/mixed-protocol-chunks/EbraSha-Mixed-Config-123.txt ✅ 解析 477 候选 → 477 个有效节点 → 去重后新增 3 个
[2026-07-15 00:12:56] 📄 https://raw.githubusercontent.com/ebrasha/free-v2ray-public-list/main/mixed-protocol-chunks/EbraSha-Mixed-Config-111.txt ✅ 解析 482 候选 → 482 个有效节点 → 去重后新增 25 个
[2026-07-15 00:12:56] 🔗 开始 Fork 链追踪 (gavinhomework/free-proxy-list)
[2026-07-15 00:12:57]   父仓库: gfpcom/free-proxy-list
[2026-07-15 00:12:58] 📄 https://raw.githubusercontent.com/ebrasha/free-v2ray-public-list/main/mixed-protocol-chunks/EbraSha-Mixed-Config-128.txt ✅ 解析 144 候选 → 144 个有效节点 → 去重后新增 11 个
[2026-07-15 00:12:58] 📄 https://raw.githubusercontent.com/ebrasha/free-v2ray-public-list/main/mixed-protocol-chunks/EbraSha-Mixed-Config-129.txt ✅ 解析 140 候选 → 140 个有效节点 → 去重后新增 1 个
[2026-07-15 00:12:58] 📄 https://raw.githubusercontent.com/ebrasha/free-v2ray-public-list/main/mixed-protocol-chunks/EbraSha-Mixed-Config-126.txt ✅ 解析 219 候选 → 219 个有效节点 → 去重后新增 4 个
[2026-07-15 00:12:58] 📄 https://raw.githubusercontent.com/ebrasha/free-v2ray-public-list/main/mixed-protocol-chunks/EbraSha-Mixed-Config-135.txt ✅ 解析 235 候选 → 235 个有效节点 → 去重后新增 19 个
[2026-07-15 00:12:58] 📄 https://raw.githubusercontent.com/ebrasha/free-v2ray-public-list/main/mixed-protocol-chunks/EbraSha-Mixed-Config-127.txt ✅ 解析 323 候选 → 323 个有效节点 → 去重后新增 37 个
[2026-07-15 00:12:58] 📄 https://raw.githubusercontent.com/ebrasha/free-v2ray-public-list/main/mixed-protocol-chunks/EbraSha-Mixed-Config-137.txt ✅ 解析 360 候选 → 360 个有效节点 → 去重后新增 26 个
[2026-07-15 00:12:58] 📄 https://raw.githubusercontent.com/ebrasha/free-v2ray-public-list/main/mixed-protocol-chunks/EbraSha-Mixed-Config-136.txt ✅ 解析 388 候选 → 388 个有效节点 → 去重后新增 84 个
[2026-07-15 00:12:58] 📄 https://raw.githubusercontent.com/ebrasha/free-v2ray-public-list/main/mixed-protocol-chunks/EbraSha-Mixed-Config-125.txt ✅ 解析 414 候选 → 414 个有效节点 → 去重后新增 12 个
[2026-07-15 00:12:58] 📄 https://raw.githubusercontent.com/ebrasha/free-v2ray-public-list/main/mixed-protocol-chunks/EbraSha-Mixed-Config-138.txt ✅ 解析 548 候选 → 548 个有效节点 → 去重后新增 7 个
[2026-07-15 00:12:58] 📄 https://raw.githubusercontent.com/ebrasha/free-v2ray-public-list/main/mixed-protocol-chunks/EbraSha-Mixed-Config-133.txt ✅ 解析 529 候选 → 529 个有效节点 → 去重后新增 2 个
[2026-07-15 00:12:58] 📄 https://raw.githubusercontent.com/ebrasha/free-v2ray-public-list/main/mixed-protocol-chunks/EbraSha-Mixed-Config-134.txt ✅ 解析 550 候选 → 550 个有效节点 → 去重后新增 26 个
[2026-07-15 00:12:59] 👤 遍历用户仓库: gavinhomework
[2026-07-15 00:12:59] 📄 https://raw.githubusercontent.com/ebrasha/free-v2ray-public-list/main/mixed-protocol-chunks/EbraSha-Mixed-Config-151.txt ✅ 解析 48 候选 → 48 个有效节点 → 去重后新增 1 个
[2026-07-15 00:12:59] 📄 https://raw.githubusercontent.com/ebrasha/free-v2ray-public-list/main/mixed-protocol-chunks/EbraSha-Mixed-Config-147.txt ✅ 解析 276 候选 → 276 个有效节点 → 去重后新增 17 个
[2026-07-15 00:12:59] 📄 https://raw.githubusercontent.com/ebrasha/free-v2ray-public-list/main/mixed-protocol-chunks/EbraSha-Mixed-Config-143.txt ✅ 解析 330 候选 → 330 个有效节点 → 去重后新增 24 个
[2026-07-15 00:12:59] 📄 https://raw.githubusercontent.com/ebrasha/free-v2ray-public-list/main/mixed-protocol-chunks/EbraSha-Mixed-Config-139.txt ✅ 解析 403 候选 → 403 个有效节点 → 去重后新增 14 个
[2026-07-15 00:12:59] 📄 https://raw.githubusercontent.com/ebrasha/free-v2ray-public-list/main/mixed-protocol-chunks/EbraSha-Mixed-Config-142.txt ✅ 解析 446 候选 → 446 个有效节点 → 去重后新增 30 个
[2026-07-15 00:12:59] 📄 https://raw.githubusercontent.com/ebrasha/free-v2ray-public-list/main/mixed-protocol-chunks/EbraSha-Mixed-Config-146.txt ✅ 解析 423 候选 → 423 个有效节点 → 去重后新增 16 个
[2026-07-15 00:12:59] 📄 https://raw.githubusercontent.com/ebrasha/free-v2ray-public-list/main/mixed-protocol-chunks/EbraSha-Mixed-Config-144.txt ✅ 解析 462 候选 → 462 个有效节点 → 去重后新增 27 个
[2026-07-15 00:12:59] 📄 https://raw.githubusercontent.com/ebrasha/free-v2ray-public-list/main/mixed-protocol-chunks/EbraSha-Mixed-Config-141.txt ✅ 解析 486 候选 → 486 个有效节点 → 去重后新增 36 个
[2026-07-15 00:12:59] 📄 https://raw.githubusercontent.com/ebrasha/free-v2ray-public-list/main/mixed-protocol-chunks/EbraSha-Mixed-Config-140.txt ✅ 解析 601 候选 → 601 个有效节点 → 去重后新增 12 个
[2026-07-15 00:12:59] 仓库 https://github.com/joy-deploy/free-proxy-list 候选文件较多 (1425 个)，先通过 commits API 过滤
[2026-07-15 00:13:00]   Compare API 返回 6 个变更文件 (3 次 API 调用)
[2026-07-15 00:13:00]   commits 过滤: 1425 → 0 (变更文件 6 个)
[2026-07-15 00:13:00] 仓库 https://github.com/joy-deploy/free-proxy-list 候选文件经时间过滤后为空
[2026-07-15 00:13:00] 🔗 查子仓库: joy-deploy/free-proxy-list
[2026-07-15 00:13:01] 📄 https://raw.githubusercontent.com/ebrasha/free-v2ray-public-list/main/mixed-protocol-chunks/EbraSha-Mixed-Config-155.txt ✅ 解析 110 候选 → 110 个有效节点 → 去重后新增 3 个
[2026-07-15 00:13:01] 📄 https://raw.githubusercontent.com/ebrasha/free-v2ray-public-list/main/mixed-protocol-chunks/EbraSha-Mixed-Config-156.txt ✅ 解析 118 候选 → 118 个有效节点 → 去重后新增 8 个
[2026-07-15 00:13:01] 📄 https://raw.githubusercontent.com/ebrasha/free-v2ray-public-list/main/mixed-protocol-chunks/EbraSha-Mixed-Config-154.txt ✅ 解析 114 候选 → 114 个有效节点 → 去重后新增 1 个
[2026-07-15 00:13:01] 🔗 开始 Fork 链追踪 (joy-deploy/free-proxy-list)
[2026-07-15 00:13:01] 📄 https://raw.githubusercontent.com/ebrasha/free-v2ray-public-list/main/mixed-protocol-chunks/EbraSha-Mixed-Config-157.txt ✅ 解析 242 候选 → 242 个有效节点 → 去重后新增 34 个
[2026-07-15 00:13:01] 📄 https://raw.githubusercontent.com/ebrasha/free-v2ray-public-list/main/mixed-protocol-chunks/EbraSha-Mixed-Config-165.txt ✅ 解析 402 候选 → 402 个有效节点 → 去重后新增 27 个
[2026-07-15 00:13:01] 📄 https://raw.githubusercontent.com/ebrasha/free-v2ray-public-list/main/mixed-protocol-chunks/EbraSha-Mixed-Config-166.txt ✅ 解析 413 候选 → 413 个有效节点 → 去重后新增 173 个
[2026-07-15 00:13:01] 📄 https://raw.githubusercontent.com/ebrasha/free-v2ray-public-list/main/mixed-protocol-chunks/EbraSha-Mixed-Config-158.txt ✅ 解析 534 候选 → 534 个有效节点 → 去重后新增 348 个
[2026-07-15 00:13:01] 📄 https://raw.githubusercontent.com/ebrasha/free-v2ray-public-list/main/mixed-protocol-chunks/EbraSha-Mixed-Config-162.txt ✅ 解析 709 候选 → 709 个有效节点 → 去重后新增 481 个
[2026-07-15 00:13:01] 📄 https://raw.githubusercontent.com/ebrasha/free-v2ray-public-list/main/mixed-protocol-chunks/EbraSha-Mixed-Config-161.txt ✅ 解析 710 候选 → 710 个有效节点 → 去重后新增 495 个
[2026-07-15 00:13:01] 📄 https://raw.githubusercontent.com/ebrasha/free-v2ray-public-list/main/mixed-protocol-chunks/EbraSha-Mixed-Config-164.txt ✅ 解析 685 候选 → 685 个有效节点 → 去重后新增 166 个
[2026-07-15 00:13:01] 📄 https://raw.githubusercontent.com/ebrasha/free-v2ray-public-list/main/mixed-protocol-chunks/EbraSha-Mixed-Config-163.txt ✅ 解析 722 候选 → 722 个有效节点 → 去重后新增 501 个
[2026-07-15 00:13:01] 📄 https://raw.githubusercontent.com/ebrasha/free-v2ray-public-list/main/mixed-protocol-chunks/EbraSha-Mixed-Config-159.txt ✅ 解析 758 候选 → 758 个有效节点 → 去重后新增 534 个
[2026-07-15 00:13:01] 📦 批次 0020 已持久化: /home/runner/work/test-college/test-college/batches/no_batch_0020.txt (5063 个节点, 累计 135699 个)
[2026-07-15 00:13:01] 📄 https://raw.githubusercontent.com/ebrasha/free-v2ray-public-list/main/mixed-protocol-chunks/EbraSha-Mixed-Config-160.txt ✅ 解析 786 候选 → 786 个有效节点 → 去重后新增 571 个
[2026-07-15 00:13:01] SHA 缓存已保存: 33486 条, 1 分片
[2026-07-15 00:13:01] 👤 遍历用户仓库: joy-deploy
[2026-07-15 00:13:02]   👤 用户仓库: 7 个 → 队列
[2026-07-15 00:13:02]   用户 joy-deploy 共查 7 个仓库
[2026-07-15 00:13:02] 仓库 https://github.com/gnxD3RfTT2WE/crawler-proxy-list (分支: main, size: 22KB, pushed: 2026-07-14T13:39:55Z)
[2026-07-15 00:13:02] 仓库 https://github.com/gnxD3RfTT2WE/crawler-proxy-list 候选文件 3 个
[2026-07-15 00:13:03] 📄 https://raw.githubusercontent.com/ebrasha/free-v2ray-public-list/main/mixed-protocol-chunks/EbraSha-Mixed-Config-174.txt ✅ 解析 483 候选 → 483 个有效节点 → 去重后新增 129 个
[2026-07-15 00:13:03] 📄 https://raw.githubusercontent.com/ebrasha/free-v2ray-public-list/main/mixed-protocol-chunks/EbraSha-Mixed-Config-180.txt ✅ 解析 555 候选 → 555 个有效节点 → 去重后新增 160 个
[2026-07-15 00:13:03] 📄 https://raw.githubusercontent.com/ebrasha/free-v2ray-public-list/main/mixed-protocol-chunks/EbraSha-Mixed-Config-177.txt ✅ 解析 481 候选 → 481 个有效节点 → 去重后新增 163 个
[2026-07-15 00:13:03] 📄 https://raw.githubusercontent.com/ebrasha/free-v2ray-public-list/main/mixed-protocol-chunks/EbraSha-Mixed-Config-173.txt ✅ 解析 523 候选 → 523 个有效节点 → 去重后新增 168 个
[2026-07-15 00:13:03] 📄 https://raw.githubusercontent.com/ebrasha/free-v2ray-public-list/main/mixed-protocol-chunks/EbraSha-Mixed-Config-178.txt ✅ 解析 512 候选 → 512 个有效节点 → 去重后新增 194 个
[2026-07-15 00:13:03] 📄 https://raw.githubusercontent.com/ebrasha/free-v2ray-public-list/main/mixed-protocol-chunks/EbraSha-Mixed-Config-167.txt ✅ 解析 531 候选 → 531 个有效节点 → 去重后新增 142 个
[2026-07-15 00:13:03] 📄 https://raw.githubusercontent.com/ebrasha/free-v2ray-public-list/main/mixed-protocol-chunks/EbraSha-Mixed-Config-179.txt ✅ 解析 538 候选 → 538 个有效节点 → 去重后新增 194 个
[2026-07-15 00:13:03] 📄 https://raw.githubusercontent.com/ebrasha/free-v2ray-public-list/main/mixed-protocol-chunks/EbraSha-Mixed-Config-168.txt ✅ 解析 577 候选 → 577 个有效节点 → 去重后新增 198 个
[2026-07-15 00:13:03] 📄 https://raw.githubusercontent.com/ebrasha/free-v2ray-public-list/main/mixed-protocol-chunks/EbraSha-Mixed-Config-175.txt ✅ 解析 551 候选 → 551 个有效节点 → 去重后新增 222 个
[2026-07-15 00:13:03] 📄 https://raw.githubusercontent.com/ebrasha/free-v2ray-public-list/main/mixed-protocol-chunks/EbraSha-Mixed-Config-169.txt ✅ 解析 575 候选 → 575 个有效节点 → 去重后新增 294 个
[2026-07-15 00:13:03] 📄 https://raw.githubusercontent.com/ebrasha/free-v2ray-public-list/main/mixed-protocol-chunks/EbraSha-Mixed-Config-176.txt ✅ 解析 594 候选 → 594 个有效节点 → 去重后新增 204 个
[2026-07-15 00:13:03] 📄 https://raw.githubusercontent.com/ebrasha/free-v2ray-public-list/main/mixed-protocol-chunks/EbraSha-Mixed-Config-172.txt ✅ 解析 622 候选 → 622 个有效节点 → 去重后新增 242 个
[2026-07-15 00:13:03] 📄 https://raw.githubusercontent.com/ebrasha/free-v2ray-public-list/main/mixed-protocol-chunks/EbraSha-Mixed-Config-170.txt ✅ 解析 918 候选 → 918 个有效节点 → 去重后新增 835 个
[2026-07-15 00:13:03] 📄 https://raw.githubusercontent.com/ebrasha/free-v2ray-public-list/main/mixed-protocol-chunks/EbraSha-Mixed-Config-171.txt ✅ 解析 922 候选 → 922 个有效节点 → 去重后新增 846 个
[2026-07-15 00:13:03] 🔗 查子仓库: nikita29a/FreeProxyList
[2026-07-15 00:13:03] 📄 https://raw.githubusercontent.com/ebrasha/free-v2ray-public-list/main/V2Ray-Config-By-EbraSha-All-Type.txt ✅ 解析 51350 候选 → 51350 个有效节点 → 去重后新增 2 个
[2026-07-15 00:13:03] 📄 https://raw.githubusercontent.com/ebrasha/free-v2ray-public-list/main/all_extracted_configs.txt ✅ 解析 130405 候选 → 130405 个有效节点 → 去重后新增 24889 个
[2026-07-15 00:13:03] 📦 批次 0021 已持久化: /home/runner/work/test-college/test-college/batches/no_batch_0021.txt (28897 个节点, 累计 164593 个)
[2026-07-15 00:13:04]   🍴 子仓库: 8 个 → 队列
[2026-07-15 00:13:04] 🔗 开始 Fork 链追踪 (nikita29a/FreeProxyList)
[2026-07-15 00:13:04] 👤 遍历用户仓库: nikita29a
[2026-07-15 00:13:04] 📄 https://raw.githubusercontent.com/ebrasha/free-v2ray-public-list/main/mixed-protocol-chunks/EbraSha-Mixed-Config-188.txt ✅ 解析 624 候选 → 624 个有效节点 → 去重后新增 2 个[2026-07-15 00:13:04] SHA 缓存已保存: 33515 条, 1 分片

[2026-07-15 00:13:04] 仓库 https://github.com/gnxD3RfTT2WE/crawler-proxy-list 未提取到节点，加入黑名单
[2026-07-15 00:13:05]   👤 用户仓库: 1 个 → 队列
[2026-07-15 00:13:05]   用户 nikita29a 共查 1 个仓库
[2026-07-15 00:13:05] 仓库 https://github.com/Andyworldclub/openproxylist (分支: main, size: 1069201KB, pushed: 2026-07-14T13:30:25Z)[2026-07-15 00:13:05] 仓库 https://github.com/n3rddd/free-proxy-list (分支: main, size: 5420044KB, pushed: 2026-07-14T13:26:32Z)

[2026-07-15 00:13:05]   👤 用户仓库: 30 个 → 队列[2026-07-15 00:13:05] 📄 https://raw.githubusercontent.com/ebrasha/free-v2ray-public-list/main/mixed-protocol-chunks/EbraSha-Mixed-Config-191.txt ✅ 解析 522 候选 → 522 个有效节点 → 去重后新增 1 个[2026-07-15 00:13:05] 📄 https://raw.githubusercontent.com/ebrasha/free-v2ray-public-list/main/mixed-protocol-chunks/EbraSha-Mixed-Config-199.txt ✅ 解析 511 候选 → 511 个有效节点 → 去重后新增 1 个
[2026-07-15 00:13:05] 📄 https://raw.githubusercontent.com/ebrasha/free-v2ray-public-list/main/mixed-protocol-chunks/EbraSha-Mixed-Config-201.txt ✅ 解析 460 候选 → 460 个有效节点 → 去重后新增 2 个


[2026-07-15 00:13:06]   用户 gavinhomework 共查 30 个仓库
[2026-07-15 00:13:06] 仓库 https://github.com/gnxD3RfTT2WE/proxy-list-for-scraping (分支: main, size: 20KB, pushed: 2026-07-14T12:39:42Z)
[2026-07-15 00:13:08] 仓库 https://github.com/Andyworldclub/openproxylist 候选文件 9 个
[2026-07-15 00:13:08] 仓库 https://github.com/gnxD3RfTT2WE/proxy-list-for-scraping 候选文件 3 个
[2026-07-15 00:13:08] 仓库 https://github.com/n3rddd/free-proxy-list 候选文件较多 (142 个)，先通过 commits API 过滤
[2026-07-15 00:13:09] 📄 https://raw.githubusercontent.com/ebrasha/free-v2ray-public-list/main/mixed-protocol-chunks/EbraSha-Mixed-Config-225.txt ✅ 解析 555 候选 → 555 个有效节点 → 去重后新增 1 个
[2026-07-15 00:13:09] 📄 https://raw.githubusercontent.com/ebrasha/free-v2ray-public-list/main/mixed-protocol-chunks/EbraSha-Mixed-Config-222.txt ✅ 解析 547 候选 → 547 个有效节点 → 去重后新增 1 个
[2026-07-15 00:13:09] 📄 https://raw.githubusercontent.com/ebrasha/free-v2ray-public-list/main/mixed-protocol-chunks/EbraSha-Mixed-Config-220.txt ✅ 解析 621 候选 → 621 个有效节点 → 去重后新增 1 个
[2026-07-15 00:13:09] 仓库 https://github.com/gnxD3RfTT2WE/proxy-list-for-scraping 未提取到节点，加入黑名单
[2026-07-15 00:13:10] 📄 https://raw.githubusercontent.com/ebrasha/free-v2ray-public-list/main/mixed-protocol-chunks/EbraSha-Mixed-Config-235.txt ✅ 解析 610 候选 → 610 个有效节点 → 去重后新增 2 个[2026-07-15 00:13:10] 仓库 https://github.com/Baobei321/-free-proxy-list (分支: main, size: 5420044KB, pushed: 2026-07-14T12:29:12Z)

[2026-07-15 00:13:11] 📄 https://raw.githubusercontent.com/ebrasha/free-v2ray-public-list/main/mixed-protocol-chunks/EbraSha-Mixed-Config-238.txt ✅ 解析 535 候选 → 535 个有效节点 → 去重后新增 1 个
[2026-07-15 00:13:11] 📄 https://raw.githubusercontent.com/ebrasha/free-v2ray-public-list/main/mixed-protocol-chunks/EbraSha-Mixed-Config-239.txt ✅ 解析 381 候选 → 381 个有效节点 → 去重后新增 1 个
[2026-07-15 00:13:11] 仓库 https://github.com/Baobei321/-free-proxy-list 候选文件较多 (142 个)，先通过 commits API 过滤
[2026-07-15 00:13:13] 📄 https://raw.githubusercontent.com/ebrasha/free-v2ray-public-list/main/mixed-protocol-chunks/EbraSha-Mixed-Config-253.txt ✅ 解析 614 候选 → 614 个有效节点 → 去重后新增 2 个
[2026-07-15 00:13:13] 🔗 查子仓库: Andyworldclub/openproxylist
[2026-07-15 00:13:13] 📄 https://raw.githubusercontent.com/ebrasha/free-v2ray-public-list/main/mixed-protocol-chunks/EbraSha-Mixed-Config-262.txt ✅ 解析 365 候选 → 365 个有效节点 → 去重后新增 9 个[2026-07-15 00:13:14]   Compare API 返回 242 个变更文件 (3 次 API 调用)

[2026-07-15 00:13:14]   commits 过滤: 142 → 142 (变更文件 242 个)
[2026-07-15 00:13:14] 🔗 开始 Fork 链追踪 (Andyworldclub/openproxylist)[2026-07-15 00:13:14] 仓库 https://github.com/n3rddd/free-proxy-list 候选文件 142 个

[2026-07-15 00:13:14] 📄 https://raw.githubusercontent.com/ebrasha/free-v2ray-public-list/main/mixed-protocol-chunks/EbraSha-Mixed-Config-263.txt ✅ 解析 295 候选 → 295 个有效节点 → 去重后新增 1 个
[2026-07-15 00:13:14] 📄 https://raw.githubusercontent.com/ebrasha/free-v2ray-public-list/main/mixed-protocol-chunks/EbraSha-Mixed-Config-271.txt ✅ 解析 416 候选 → 416 个有效节点 → 去重后新增 1 个
[2026-07-15 00:13:14] 📄 https://raw.githubusercontent.com/ebrasha/free-v2ray-public-list/main/mixed-protocol-chunks/EbraSha-Mixed-Config-270.txt ✅ 解析 668 候选 → 668 个有效节点 → 去重后新增 1 个
[2026-07-15 00:13:15]   父仓库: roosterkid/openproxylist
[2026-07-15 00:13:15] 📄 https://raw.githubusercontent.com/ebrasha/free-v2ray-public-list/main/mixed-protocol-chunks/EbraSha-Mixed-Config-274.txt ✅ 解析 542 候选 → 542 个有效节点 → 去重后新增 1 个
[2026-07-15 00:13:16] 📄 https://raw.githubusercontent.com/ebrasha/free-v2ray-public-list/main/mixed-protocol-chunks/EbraSha-Mixed-Config-277.txt ✅ 解析 658 候选 → 658 个有效节点 → 去重后新增 1 个
[2026-07-15 00:13:17]   Compare API 返回 242 个变更文件 (3 次 API 调用)
[2026-07-15 00:13:17] 📄 https://raw.githubusercontent.com/ebrasha/free-v2ray-public-list/main/mixed-protocol-chunks/EbraSha-Mixed-Config-286.txt ✅ 解析 558 候选 → 558 个有效节点 → 去重后新增 1 个
[2026-07-15 00:13:17]   commits 过滤: 142 → 142 (变更文件 242 个)
[2026-07-15 00:13:18] 📄 https://raw.githubusercontent.com/ebrasha/free-v2ray-public-list/main/mixed-protocol-chunks/EbraSha-Mixed-Config-290.txt ✅ 解析 591 候选 → 591 个有效节点 → 去重后新增 1 个[2026-07-15 00:13:18] 仓库 https://github.com/Baobei321/-free-proxy-list 候选文件 142 个

[2026-07-15 00:13:19]   🍴 兄弟仓库: 23 个 → 队列
[2026-07-15 00:13:19] 👤 遍历用户仓库: Andyworldclub
[2026-07-15 00:13:19] 📄 https://raw.githubusercontent.com/ebrasha/free-v2ray-public-list/main/mixed-protocol-chunks/EbraSha-Mixed-Config-285.txt ✅ 解析 590 候选 → 590 个有效节点 → 去重后新增 1 个
[2026-07-15 00:13:22]   👤 用户仓库: 30 个 → 队列
[2026-07-15 00:13:22]   用户 Andyworldclub 共查 30 个仓库
[2026-07-15 00:13:23] 仓库 https://github.com/Superoldman96/free-proxy-list (分支: main, size: 5419833KB, pushed: 2026-07-14T11:46:07Z)
[2026-07-15 00:13:31] 仓库 https://github.com/n3rddd/free-proxy-list 未提取到节点，加入黑名单
[2026-07-15 00:13:31] 仓库 https://github.com/gnxD3RfTT2WE/socks-proxy-list-free (分支: main, size: 20KB, pushed: 2026-07-14T10:39:17Z)
[2026-07-15 00:13:31] 📄 https://raw.githubusercontent.com/ebrasha/free-v2ray-public-list/main/mixed-protocol-chunks/EbraSha-Mixed-Config-301.txt ✅ 解析 582 候选 → 582 个有效节点 → 去重后新增 1 个
[2026-07-15 00:13:31] 仓库 https://github.com/Superoldman96/free-proxy-list 候选文件较多 (136 个)，先通过 commits API 过滤
[2026-07-15 00:13:32] 仓库 https://github.com/gnxD3RfTT2WE/socks-proxy-list-free 候选文件 3 个
[2026-07-15 00:13:35] 仓库 https://github.com/gnxD3RfTT2WE/socks-proxy-list-free 未提取到节点，加入黑名单
[2026-07-15 00:13:36] 📄 https://raw.githubusercontent.com/ebrasha/free-v2ray-public-list/main/mixed-protocol-chunks/EbraSha-Mixed-Config-317.txt ✅ 解析 555 候选 → 555 个有效节点 → 去重后新增 1 个[2026-07-15 00:13:36] 仓库 https://github.com/7alva7/free-proxy-list (分支: main, size: 5419591KB, pushed: 2026-07-14T10:21:26Z)

[2026-07-15 00:13:36] 下载 mixed-protocol-chunks/EbraSha-Mixed-Config-337.txt 404，跳过[2026-07-15 00:13:36] 下载 mixed-protocol-chunks/EbraSha-Mixed-Config-338.txt 404，跳过

[2026-07-15 00:13:37] 仓库 https://github.com/7alva7/free-proxy-list 候选文件较多 (136 个)，先通过 commits API 过滤
[2026-07-15 00:13:40]   Compare API 返回 256 个变更文件 (3 次 API 调用)
[2026-07-15 00:13:40]   commits 过滤: 136 → 136 (变更文件 256 个)
[2026-07-15 00:13:40] 仓库 https://github.com/Superoldman96/free-proxy-list 候选文件 136 个
[2026-07-15 00:13:45] 仓库 https://github.com/Baobei321/-free-proxy-list 未提取到节点，加入黑名单
[2026-07-15 00:13:46]   Compare API 返回 269 个变更文件 (3 次 API 调用)
[2026-07-15 00:13:46] 仓库 https://github.com/gnxD3RfTT2WE/free-proxy-list-daily (分支: main, size: 21KB, pushed: 2026-07-14T09:39:04Z)[2026-07-15 00:13:46]   commits 过滤: 136 → 136 (变更文件 269 个)

[2026-07-15 00:13:46] 仓库 https://github.com/7alva7/free-proxy-list 候选文件 136 个
[2026-07-15 00:13:47] 仓库 https://github.com/gnxD3RfTT2WE/free-proxy-list-daily 候选文件 3 个
[2026-07-15 00:13:51] 📄 https://raw.githubusercontent.com/ebrasha/free-v2ray-public-list/main/separated-protocols-chunks/ss/EbraSha-Protocol-Chunks-ss-059.txt ✅ 解析 701 候选 → 701 个有效节点 → 去重后新增 1 个
[2026-07-15 00:13:52] 仓库 https://github.com/gnxD3RfTT2WE/free-proxy-list-daily 未提取到节点，加入黑名单
[2026-07-15 00:13:52] 📄 https://raw.githubusercontent.com/ebrasha/free-v2ray-public-list/main/separated-protocols-chunks/ss/EbraSha-Protocol-Chunks-ss-063.txt ✅ 解析 676 候选 → 676 个有效节点 → 去重后新增 1 个
[2026-07-15 00:13:53] 仓库 https://github.com/SoliSpirit/mtproto (分支: master, size: 683KB, pushed: 2026-07-14T09:02:59Z)
[2026-07-15 00:13:54] 仓库 https://github.com/SoliSpirit/mtproto 候选文件 1 个
[2026-07-15 00:13:58] 仓库 https://github.com/SoliSpirit/mtproto 未提取到节点，加入黑名单
[2026-07-15 00:13:58] 仓库 https://github.com/luiq18/Free-Proxy (分支: main, size: 12567041KB, pushed: 2026-07-14T08:02:31Z)
[2026-07-15 00:14:00] 仓库 https://github.com/luiq18/Free-Proxy 候选文件 5 个
[2026-07-15 00:14:00] 下载 separated-protocols-chunks/ss/EbraSha-Protocol-Chunks-ss-100.txt 404，跳过[2026-07-15 00:14:01] 下载 separated-protocols-chunks/ss/EbraSha-Protocol-Chunks-ss-101.txt 404，跳过

[2026-07-15 00:14:10] 仓库 https://github.com/Superoldman96/free-proxy-list 未提取到节点，加入黑名单
[2026-07-15 00:14:10] 仓库 https://github.com/gnxD3RfTT2WE/working-proxy-list (分支: main, size: 21KB, pushed: 2026-07-14T07:38:39Z)
[2026-07-15 00:14:11] 仓库 https://github.com/gnxD3RfTT2WE/working-proxy-list 候选文件 3 个
[2026-07-15 00:14:11] 仓库 https://github.com/7alva7/free-proxy-list 未提取到节点，加入黑名单
[2026-07-15 00:14:11] 仓库 https://github.com/ws94666ws/awesome-vpn (分支: master, size: 8367KB, pushed: 2026-07-14T02:59:59Z)
[2026-07-15 00:14:11] 仓库 https://github.com/luiq18/Free-Proxy 未提取到节点，加入黑名单
[2026-07-15 00:14:12] 仓库 https://github.com/worldmarketing02-design/proxy-master-list (分支: main, size: 6134KB, pushed: 2026-07-14T02:52:04Z)
[2026-07-15 00:14:12] 仓库 https://github.com/ws94666ws/awesome-vpn 无候选文件 (总计 38 blob, 扩展名过滤 26, processed_shas 跳过 0, SHA 缓存跳过 12)
[2026-07-15 00:14:12] 🔗 查子仓库: ws94666ws/awesome-vpn
[2026-07-15 00:14:12] 🔗 开始 Fork 链追踪 (ws94666ws/awesome-vpn)
[2026-07-15 00:14:12] 仓库 https://github.com/worldmarketing02-design/proxy-master-list 无候选文件 (总计 4 blob, 扩展名过滤 1, processed_shas 跳过 0, SHA 缓存跳过 3)[2026-07-15 00:14:12] 仓库 https://github.com/gnxD3RfTT2WE/working-proxy-list 未提取到节点，加入黑名单

[2026-07-15 00:14:12] 🔗 查子仓库: worldmarketing02-design/proxy-master-list[2026-07-15 00:14:13]   父仓库: awesome-vpn/awesome-vpn

[2026-07-15 00:14:13] 仓库 https://github.com/CloudEngineHub/free-proxy-list (分支: main, size: 5418905KB, pushed: 2026-07-14T01:39:44Z)
[2026-07-15 00:14:13] 🔗 开始 Fork 链追踪 (worldmarketing02-design/proxy-master-list)
[2026-07-15 00:14:13] 👤 遍历用户仓库: worldmarketing02-design
[2026-07-15 00:14:14] 仓库 https://github.com/CloudEngineHub/free-proxy-list 无候选文件 (总计 322 blob, 扩展名过滤 106, processed_shas 跳过 0, SHA 缓存跳过 216)
[2026-07-15 00:14:14] 🔗 查子仓库: CloudEngineHub/free-proxy-list
[2026-07-15 00:14:14]   用户 worldmarketing02-design 共查 0 个仓库
[2026-07-15 00:14:14] 仓库 https://github.com/chancat87/awesome-vpn (分支: master, size: 8514KB, pushed: 2026-07-14T01:33:20Z)
[2026-07-15 00:14:14] 🔗 开始 Fork 链追踪 (CloudEngineHub/free-proxy-list)
[2026-07-15 00:14:15] 👤 遍历用户仓库: ws94666ws
[2026-07-15 00:14:15] 仓库 https://github.com/chancat87/awesome-vpn 无候选文件 (总计 38 blob, 扩展名过滤 26, processed_shas 跳过 0, SHA 缓存跳过 12)[2026-07-15 00:14:15]   父仓库: proxifly/free-proxy-list

[2026-07-15 00:14:15] 🔗 查子仓库: chancat87/awesome-vpn
[2026-07-15 00:14:16] 🔗 开始 Fork 链追踪 (chancat87/awesome-vpn)
[2026-07-15 00:14:16]   父仓库: awesome-vpn/awesome-vpn
[2026-07-15 00:14:18]   🍴 兄弟仓库: 24 个 → 队列
[2026-07-15 00:14:18] 👤 遍历用户仓库: CloudEngineHub
[2026-07-15 00:14:19] 👤 遍历用户仓库: chancat87
[2026-07-15 00:14:22]   👤 用户仓库: 30 个 → 队列
[2026-07-15 00:14:22]   用户 ws94666ws 共查 30 个仓库
[2026-07-15 00:14:22] 仓库 https://github.com/mkorkmaz55/VPSLab-Free-Proxy-List (分支: main, size: 416619KB, pushed: 2026-07-13T20:16:37Z)
[2026-07-15 00:14:23] 仓库 https://github.com/mkorkmaz55/VPSLab-Free-Proxy-List 无候选文件 (总计 17 blob, 扩展名过滤 0, processed_shas 跳过 0, SHA 缓存跳过 17)
[2026-07-15 00:14:23] 🔗 查子仓库: mkorkmaz55/VPSLab-Free-Proxy-List
[2026-07-15 00:14:23] 🔗 开始 Fork 链追踪 (mkorkmaz55/VPSLab-Free-Proxy-List)
[2026-07-15 00:14:24]   父仓库: VPSLabCloud/VPSLab-Free-Proxy-List
[2026-07-15 00:14:24] 仓库在黑名单中: https://github.com/VPSLabCloud/VPSLab-Free-Proxy-List
[2026-07-15 00:14:24]   父仓库 +0 个节点
[2026-07-15 00:14:25]   🍴 兄弟仓库: 18 个 → 队列
[2026-07-15 00:14:25] 👤 遍历用户仓库: mkorkmaz55
[2026-07-15 00:14:26]   用户 mkorkmaz55 共查 0 个仓库
[2026-07-15 00:14:26] 仓库 https://github.com/Alexandros6140/VPSLab-Free-Proxy-List (分支: main, size: 416619KB, pushed: 2026-07-13T20:16:37Z)
[2026-07-15 00:14:27] 仓库 https://github.com/Alexandros6140/VPSLab-Free-Proxy-List 无候选文件 (总计 17 blob, 扩展名过滤 0, processed_shas 跳过 0, SHA 缓存跳过 17)
[2026-07-15 00:14:27] 🔗 查子仓库: Alexandros6140/VPSLab-Free-Proxy-List
[2026-07-15 00:14:27] 🔗 开始 Fork 链追踪 (Alexandros6140/VPSLab-Free-Proxy-List)
[2026-07-15 00:14:27]   父仓库: VPSLabCloud/VPSLab-Free-Proxy-List
[2026-07-15 00:14:28] 仓库在黑名单中: https://github.com/VPSLabCloud/VPSLab-Free-Proxy-List
[2026-07-15 00:14:28]   父仓库 +0 个节点
[2026-07-15 00:14:29] 👤 遍历用户仓库: Alexandros6140
[2026-07-15 00:14:30]   用户 Alexandros6140 共查 0 个仓库
[2026-07-15 00:14:30] 仓库 https://github.com/cautonwong/free-proxy-sub (分支: master, size: 2360KB, pushed: 2026-07-14T15:55:47Z)
[2026-07-15 00:14:31] 仓库 https://github.com/cautonwong/free-proxy-sub 候选文件 2 个
[2026-07-15 00:14:32] 📄 https://raw.githubusercontent.com/cautonwong/free-proxy-sub/master/output/qx.txt ✅ 解析 50 候选 → 50 个有效节点 → 去重后新增 50 个
[2026-07-15 00:14:32] 🔗 查子仓库: cautonwong/free-proxy-sub
[2026-07-15 00:14:33] 🔗 开始 Fork 链追踪 (cautonwong/free-proxy-sub)
[2026-07-15 00:14:33]   父仓库: steam-100/free-proxy-sub
[2026-07-15 00:14:33] 仓库在黑名单中: https://github.com/steam-100/free-proxy-sub
[2026-07-15 00:14:33]   父仓库 +0 个节点
[2026-07-15 00:14:33]   👤 用户仓库: 30 个 → 队列
[2026-07-15 00:14:33]   用户 CloudEngineHub 共查 30 个仓库
[2026-07-15 00:14:34] 仓库 https://github.com/Alirewa/V2ray-Configs (分支: main, size: 23635KB, pushed: 2026-07-14T15:38:32Z)
[2026-07-15 00:14:34] 下载 separated-protocols-chunks/vless/EbraSha-Protocol-Chunks-vless-161.txt 404，跳过
[2026-07-15 00:14:34]   🍴 兄弟仓库: 1 个 → 队列
[2026-07-15 00:14:34] 👤 遍历用户仓库: cautonwong
[2026-07-15 00:14:35] 仓库 https://github.com/Alirewa/V2ray-Configs 候选文件 4 个
[2026-07-15 00:14:35]   👤 用户仓库: 30 个 → 队列
[2026-07-15 00:14:35]   用户 chancat87 共查 30 个仓库
[2026-07-15 00:14:35] 仓库 https://github.com/F0rc3Run/F0rc3Run (分支: main, size: 444270KB, pushed: 2026-07-14T14:12:27Z)
[2026-07-15 00:14:36] 仓库 https://github.com/F0rc3Run/F0rc3Run 候选文件 52 个
[2026-07-15 00:14:36] 下载 separated-protocols-chunks/vmess/EbraSha-Protocol-Chunks-vmess-013.txt 404，跳过
[2026-07-15 00:14:37] 📄 https://raw.githubusercontent.com/F0rc3Run/F0rc3Run/main/splitted-by-country/Singapore.txt ✅ 解析 10 候选 → 10 个有效节点 → 去重后新增 1 个
[2026-07-15 00:14:38] 📄 https://raw.githubusercontent.com/F0rc3Run/F0rc3Run/main/Best-Results/proxies.txt ✅ 解析 733 候选 → 733 个有效节点 → 去重后新增 49 个
[2026-07-15 00:14:38] 📄 https://raw.githubusercontent.com/F0rc3Run/F0rc3Run/main/Special/Telegram.txt ✅ 解析 412 候选 → 412 个有效节点 → 去重后新增 73 个
[2026-07-15 00:14:39] 📄 https://raw.githubusercontent.com/Alirewa/V2ray-Configs/main/config.txt ✅ 解析 1924 候选 → 1924 个有效节点 → 去重后新增 23 个
[2026-07-15 00:14:39] 🔗 查子仓库: F0rc3Run/F0rc3Run
[2026-07-15 00:14:40]   🍴 子仓库: 16 个 → 队列
[2026-07-15 00:14:40] 🔗 开始 Fork 链追踪 (F0rc3Run/F0rc3Run)
[2026-07-15 00:14:41] 👤 遍历用户仓库: F0rc3Run
[2026-07-15 00:14:41] 🔗 查子仓库: Alirewa/V2ray-Configs
[2026-07-15 00:14:41]   👤 用户仓库: 2 个 → 队列
[2026-07-15 00:14:41]   用户 F0rc3Run 共查 2 个仓库
[2026-07-15 00:14:41] 仓库 https://github.com/sunmiao4458/free-proxy-airport (分支: main, size: 111KB, pushed: 2026-07-14T11:50:34Z)
[2026-07-15 00:14:41] 🔗 开始 Fork 链追踪 (Alirewa/V2ray-Configs)
[2026-07-15 00:14:41] 👤 遍历用户仓库: Alirewa
[2026-07-15 00:14:41] 仓库 https://github.com/sunmiao4458/free-proxy-airport 候选文件 2 个
[2026-07-15 00:14:42]   👤 用户仓库: 20 个 → 队列
[2026-07-15 00:14:42]   用户 Alirewa 共查 20 个仓库
[2026-07-15 00:14:42] 仓库 https://github.com/asgharkapk/Sub-Config-Extractor (分支: main, size: 735310KB, pushed: 2026-07-14T08:06:52Z)
[2026-07-15 00:14:43] 🔗 查子仓库: sunmiao4458/free-proxy-airport
[2026-07-15 00:14:43] 🔗 开始 Fork 链追踪 (sunmiao4458/free-proxy-airport)
[2026-07-15 00:14:43] 👤 遍历用户仓库: sunmiao4458
[2026-07-15 00:14:44]   👤 用户仓库: 1 个 → 队列
[2026-07-15 00:14:44]   用户 sunmiao4458 共查 1 个仓库
[2026-07-15 00:14:44]   👤 用户仓库: 30 个 → 队列
[2026-07-15 00:14:44] 仓库 https://github.com/SnapdragonLee/SystemProxy (分支: master, size: 9900KB, pushed: 2026-07-14T02:42:13Z)
[2026-07-15 00:14:44]   用户 cautonwong 共查 30 个仓库
[2026-07-15 00:14:44] 仓库 https://github.com/needle-mirror/com.unity.collab-proxy (分支: master, size: 129445KB, pushed: 2026-07-13T22:10:37Z)
[2026-07-15 00:14:45] 仓库 https://github.com/SnapdragonLee/SystemProxy 无候选文件 (总计 13 blob, 扩展名过滤 3, processed_shas 跳过 0, SHA 缓存跳过 10)
[2026-07-15 00:14:45] 🔗 查子仓库: SnapdragonLee/SystemProxy
[2026-07-15 00:14:45] 仓库 https://github.com/asgharkapk/Sub-Config-Extractor 候选文件较多 (826 个)，先通过 commits API 过滤
[2026-07-15 00:14:46] 仓库 https://github.com/needle-mirror/com.unity.collab-proxy 候选文件较多 (116 个)，先通过 commits API 过滤
[2026-07-15 00:14:46]   🍴 子仓库: 17 个 → 队列
[2026-07-15 00:14:46] 🔗 开始 Fork 链追踪 (SnapdragonLee/SystemProxy)
[2026-07-15 00:14:46] 👤 遍历用户仓库: SnapdragonLee
[2026-07-15 00:14:46]   commits 过滤: 116 → 0 (变更文件 0 个)
[2026-07-15 00:14:46] 仓库 https://github.com/needle-mirror/com.unity.collab-proxy 候选文件经时间过滤后为空
[2026-07-15 00:14:46] 🔗 查子仓库: needle-mirror/com.unity.collab-proxy
[2026-07-15 00:14:47]   🍴 子仓库: 1 个 → 队列
[2026-07-15 00:14:47] 🔗 开始 Fork 链追踪 (needle-mirror/com.unity.collab-proxy)
[2026-07-15 00:14:47]   👤 用户仓库: 22 个 → 队列
[2026-07-15 00:14:47]   用户 SnapdragonLee 共查 22 个仓库
[2026-07-15 00:14:47] 仓库 https://github.com/vorz1k/v2box (分支: main, size: 209KB, pushed: 2026-07-13T18:16:58Z)
[2026-07-15 00:14:47] 👤 遍历用户仓库: needle-mirror
[2026-07-15 00:14:47] 仓库 https://github.com/vorz1k/v2box 无候选文件 (总计 6 blob, 扩展名过滤 0, processed_shas 跳过 0, SHA 缓存跳过 6)
[2026-07-15 00:14:47] 🔗 查子仓库: vorz1k/v2box
[2026-07-15 00:14:48]   🍴 子仓库: 14 个 → 队列
[2026-07-15 00:14:48] 🔗 开始 Fork 链追踪 (vorz1k/v2box)
[2026-07-15 00:14:49] 👤 遍历用户仓库: vorz1k
[2026-07-15 00:14:49]   用户 vorz1k 共查 0 个仓库
[2026-07-15 00:14:49] 仓库 https://github.com/iboxz/free-v2ray-collector (分支: main, size: 31775KB, pushed: 2026-07-14T15:55:44Z)
[2026-07-15 00:14:49]   Compare API 返回 300 个变更文件 (3 次 API 调用)
[2026-07-15 00:14:49]   commits 过滤: 826 → 183 (变更文件 300 个)
[2026-07-15 00:14:50] 仓库 https://github.com/asgharkapk/Sub-Config-Extractor 候选文件 183 个
[2026-07-15 00:14:50] 仓库 https://github.com/iboxz/free-v2ray-collector 候选文件 2 个
[2026-07-15 00:14:50] 📄 https://raw.githubusercontent.com/asgharkapk/Sub-Config-Extractor/main/output_configs/clash/10ium/base64-encoder/Surfboardv2ray/_IR.yaml ✅ 解析 59 候选 → 59 个有效节点 → 去重后新增 2 个
[2026-07-15 00:14:52] 📄 https://raw.githubusercontent.com/asgharkapk/Sub-Config-Extractor/main/output_configs/clash/66_42_50_118.yaml ✅ 解析 130 候选 → 130 个有效节点 → 去重后新增 1 个
[2026-07-15 00:14:52] 📄 https://raw.githubusercontent.com/asgharkapk/Sub-Config-Extractor/main/output_configs/clash/10ium/base64-encoder/peasoft_list_raw.yaml ✅ 解析 94 候选 → 94 个有效节点 → 去重后新增 2 个
[2026-07-15 00:14:52] 📄 https://raw.githubusercontent.com/asgharkapk/Sub-Config-Extractor/main/output_configs/clash/10ium/base64-encoder/10ium_vmess_iran.txt.yaml ✅ 解析 247 候选 → 247 个有效节点 → 去重后新增 9 个
[2026-07-15 00:14:53] 📄 https://raw.githubusercontent.com/asgharkapk/Sub-Config-Extractor/main/output_configs/clash/Leon406/SubCrawler/sub/share/a11.yaml ✅ 解析 88 候选 → 88 个有效节点 → 去重后新增 1 个
[2026-07-15 00:14:54] 🔗 查子仓库: iboxz/free-v2ray-collector
[2026-07-15 00:14:55] 📄 https://raw.githubusercontent.com/asgharkapk/Sub-Config-Extractor/main/output_configs/clash/MatinGhanbari/-super-sub.yaml ✅ 解析 198 候选 → 198 个有效节点 → 去重后新增 1 个
[2026-07-15 00:14:55]   🍴 子仓库: 13 个 → 队列
[2026-07-15 00:14:55] 🔗 开始 Fork 链追踪 (iboxz/free-v2ray-collector)
[2026-07-15 00:14:56] 👤 遍历用户仓库: iboxz
[2026-07-15 00:14:56] 📄 https://raw.githubusercontent.com/asgharkapk/Sub-Config-Extractor/main/output_configs/clash/10ium/base64-encoder/ebrasha/_lite.yaml ✅ 解析 397 候选 → 397 个有效节点 → 去重后新增 104 个
[2026-07-15 00:14:57] 📄 https://raw.githubusercontent.com/asgharkapk/Sub-Config-Extractor/main/output_configs/clash/10ium/base64-encoder/10ium_trojan_iran.txt.yaml ✅ 解析 488 候选 → 488 个有效节点 → 去重后新增 2 个
[2026-07-15 00:14:58] 📄 https://raw.githubusercontent.com/asgharkapk/Sub-Config-Extractor/main/output_configs/clash/MatinGhanbari/v2ray-configs/ss.txt.yaml ✅ 解析 1167 候选 → 1167 个有效节点 → 去重后新增 3 个
[2026-07-15 00:14:58]   👤 用户仓库: 4 个 → 队列[2026-07-15 00:14:59] 📄 https://raw.githubusercontent.com/asgharkapk/Sub-Config-Extractor/main/output_configs/clash/Epodonios/v2ray-configs/Splitted-By-Protocol/trojan.txt.yaml ✅ 解析 279 候选 → 279 个有效节点 → 去重后新增 1 个
[2026-07-15 00:14:59] 📄 https://raw.githubusercontent.com/asgharkapk/Sub-Config-Extractor/main/output_configs/clash/MatinGhanbari/v2ray-configs/subscriptions/filtered/subs/vless.txt.yaml ✅ 解析 283 候选 → 283 个有效节点 → 去重后新增 2 个
[2026-07-15 00:15:00] 📄 https://raw.githubusercontent.com/asgharkapk/Sub-Config-Extractor/main/output_configs/clash/ermaozi.yaml ✅ 解析 22 候选 → 22 个有效节点 → 去重后新增 1 个
[2026-07-15 00:15:00] 📄 https://raw.githubusercontent.com/asgharkapk/Sub-Config-Extractor/main/output_configs/clash/azadnet05.pages.dev/sub/4d794980-54c0-4fcb-8def-c2beaecadbad.yaml ✅ 解析 72 候选 → 72 个有效节点 → 去重后新增 36 个[2026-07-15 00:15:00] 📄 https://raw.githubusercontent.com/asgharkapk/Sub-Config-Extractor/main/output_configs/clash/firefoxmmx2.yaml ✅ 解析 28 候选 → 28 个有效节点 → 去重后新增 21 个
[2026-07-15 00:15:01] 📄 https://raw.githubusercontent.com/asgharkapk/Sub-Config-Extractor/main/output_configs/clash/darkvpn.yaml ✅ 解析 14 候选 → 14 个有效节点 → 去重后新增 2 个[2026-07-15 00:15:00] 📄 https://raw.githubusercontent.com/asgharkapk/Sub-Config-Extractor/main/output_configs/clash/SnapdragonLee_clash_config_extra_US.yaml ✅ 解析 41 候选 → 41 个有效节点 → 去重后新增 1 个[2026-07-15 00:15:01]   用户 iboxz 共查 4 个仓库




[2026-07-15 00:15:04] 仓库 https://github.com/MohammadBahemmat/V2ray-Collector (分支: main, size: 22058316KB, pushed: 2026-07-14T15:48:22Z)
[2026-07-15 00:15:05] 📄 https://raw.githubusercontent.com/asgharkapk/Sub-Config-Extractor/main/output_configs/clash/hamedp-71/_Sub_Checker_Creator_final.yaml ✅ 解析 229 候选 → 229 个有效节点 → 去重后新增 41 个
[2026-07-15 00:15:06] 仓库 https://github.com/MohammadBahemmat/V2ray-Collector 候选文件 14 个[2026-07-15 00:15:06]   👤 用户仓库: 30 个 → 队列

[2026-07-15 00:15:06]   用户 needle-mirror 共查 30 个仓库
[2026-07-15 00:15:07] 📄 https://raw.githubusercontent.com/asgharkapk/Sub-Config-Extractor/main/output_configs/mixed/10ium/base64-encoder/10ium_ss_iran.txt.yaml ✅ 解析 395 候选 → 395 个有效节点 → 去重后新增 21 个
[2026-07-15 00:15:07] 仓库 https://github.com/lm705/vair (分支: main, size: 7814KB, pushed: 2026-07-14T15:36:18Z)[2026-07-15 00:15:07] 📄 https://raw.githubusercontent.com/asgharkapk/Sub-Config-Extractor/main/output_configs/mixed/10ium/base64-encoder/10ium_vmess_iran.txt.yaml ✅ 解析 250 候选 → 250 个有效节点 → 去重后新增 1 个[2026-07-15 00:15:08] 📄 https://raw.githubusercontent.com/asgharkapk/Sub-Config-Extractor/main/output_configs/clash/maimengmeng/_custom.yaml ✅ 解析 253 候选 → 253 个有效节点 → 去重后新增 222 个


[2026-07-15 00:15:10] 仓库 https://github.com/lm705/vair 候选文件 1 个
[2026-07-15 00:15:13] 📄 https://raw.githubusercontent.com/lm705/vair/main/vless_alive.txt ✅ 解析 114 候选 → 114 个有效节点 → 去重后新增 11 个
[2026-07-15 00:15:13] 🔗 查子仓库: lm705/vair
[2026-07-15 00:15:13] 📄 https://raw.githubusercontent.com/asgharkapk/Sub-Config-Extractor/main/output_configs/clash/MahanKenway/Freedom-V2Ray/main/configs/mix_sub.txt.yaml ✅ 解析 1644 候选 → 1644 个有效节点 → 去重后新增 1 个
[2026-07-15 00:15:14] 📄 https://raw.githubusercontent.com/asgharkapk/Sub-Config-Extractor/main/output_configs/mixed/azadnet05.pages.dev/sub/4d794980-54c0-4fcb-8def-c2beaecadbad.yaml ✅ 解析 36 候选 → 36 个有效节点 → 去重后新增 12 个
[2026-07-15 00:15:14]   🍴 子仓库: 3 个 → 队列
[2026-07-15 00:15:14] 🔗 开始 Fork 链追踪 (lm705/vair)
[2026-07-15 00:15:15] 👤 遍历用户仓库: lm705
[2026-07-15 00:15:15]   用户 lm705 共查 0 个仓库
[2026-07-15 00:15:16] 仓库 https://github.com/kort0881/vpn-vless-configs-russia (分支: main, size: 1800074KB, pushed: 2026-07-14T15:26:20Z)
[2026-07-15 00:15:16] 📄 https://raw.githubusercontent.com/asgharkapk/Sub-Config-Extractor/main/output_configs/mixed/maimengmeng/_custom.yaml ✅ 解析 172 候选 → 172 个有效节点 → 去重后新增 60 个
[2026-07-15 00:15:17] 📄 https://raw.githubusercontent.com/asgharkapk/Sub-Config-Extractor/main/output_configs/clash/robin.victoriacross.ir.yaml ✅ 解析 540 候选 → 540 个有效节点 → 去重后新增 10 个
[2026-07-15 00:15:17] 仓库 https://github.com/kort0881/vpn-vless-configs-russia 候选文件较多 (140 个)，先通过 commits API 过滤
[2026-07-15 00:15:21] 📄 https://raw.githubusercontent.com/asgharkapk/Sub-Config-Extractor/main/output_configs/ss/maimengmeng/_custom.yaml ✅ 解析 79 候选 → 79 个有效节点 → 去重后新增 37 个
[2026-07-15 00:15:27] 📄 https://raw.githubusercontent.com/asgharkapk/Sub-Config-Extractor/main/output_configs/ss/rasool083-sub.yaml ✅ 解析 2596 候选 → 2596 个有效节点 → 去重后新增 278 个
[2026-07-15 00:15:33]   Compare API 返回 146 个变更文件 (3 次 API 调用)
[2026-07-15 00:15:33]   commits 过滤: 140 → 140 (变更文件 146 个)
[2026-07-15 00:15:33] 仓库 https://github.com/kort0881/vpn-vless-configs-russia 候选文件 140 个
[2026-07-15 00:15:34] 📄 https://raw.githubusercontent.com/kort0881/vpn-vless-configs-russia/main/data/githubmirror/clean/hysteria2.txt ✅ 解析 58 候选 → 58 个有效节点 → 去重后新增 7 个
[2026-07-15 00:15:37] 📄 https://raw.githubusercontent.com/kort0881/vpn-vless-configs-russia/main/data/githubmirror/new/by_protocol/ss/ss_006.txt ✅ 解析 345 候选 → 345 个有效节点 → 去重后新增 1 个
[2026-07-15 00:15:41] 📄 https://raw.githubusercontent.com/asgharkapk/Sub-Config-Extractor/main/output_configs/clash/mahdibland/SSAggregator/sub/sub_merge_base64.txt.yaml ✅ 解析 4977 候选 → 4977 个有效节点 → 去重后新增 1 个
[2026-07-15 00:15:46] 📄 https://raw.githubusercontent.com/kort0881/vpn-vless-configs-russia/main/data/githubmirror/new/by_protocol/trojan/trojan_001.txt ✅ 解析 243 候选 → 243 个有效节点 → 去重后新增 5 个
[2026-07-15 00:15:46] 📄 https://raw.githubusercontent.com/kort0881/vpn-vless-configs-russia/main/data/githubmirror/new/by_protocol/trojan/trojan_003.txt ✅ 解析 273 候选 → 273 个有效节点 → 去重后新增 13 个
[2026-07-15 00:15:47] 📄 https://raw.githubusercontent.com/kort0881/vpn-vless-configs-russia/main/data/githubmirror/clean/trojan.txt ✅ 解析 5438 候选 → 5438 个有效节点 → 去重后新增 1 个
[2026-07-15 00:15:47] 📄 https://raw.githubusercontent.com/asgharkapk/Sub-Config-Extractor/main/output_configs/clash/Epodonios/v2ray-configs/All_Configs_base64_Sub.txt.yaml ✅ 解析 2373 候选 → 2373 个有效节点 → 去重后新增 14 个[2026-07-15 00:15:47] 📄 https://raw.githubusercontent.com/kort0881/vpn-vless-configs-russia/main/data/githubmirror/new/by_protocol/ss/ss_041.txt ✅ 解析 545 候选 → 545 个有效节点 → 去重后新增 70 个

[2026-07-15 00:15:48] 📄 https://raw.githubusercontent.com/kort0881/vpn-vless-configs-russia/main/data/githubmirror/new/by_protocol/ss/ss_040.txt ✅ 解析 619 候选 → 619 个有效节点 → 去重后新增 86 个
[2026-07-15 00:15:50] 📄 https://raw.githubusercontent.com/kort0881/vpn-vless-configs-russia/main/data/githubmirror/new/by_protocol/vless/vless_010.txt ✅ 解析 268 候选 → 268 个有效节点 → 去重后新增 3 个
[2026-07-15 00:15:50] 📄 https://raw.githubusercontent.com/kort0881/vpn-vless-configs-russia/main/data/githubmirror/new/by_protocol/vless/vless_001.txt ✅ 解析 250 候选 → 250 个有效节点 → 去重后新增 3 个[2026-07-15 00:15:50] 📄 https://raw.githubusercontent.com/kort0881/vpn-vless-configs-russia/main/data/githubmirror/new/by_protocol/vless/vless_008.txt ✅ 解析 295 候选 → 295 个有效节点 → 去重后新增 6 个

[2026-07-15 00:15:50] 📄 https://raw.githubusercontent.com/kort0881/vpn-vless-configs-russia/main/data/githubmirror/new/by_protocol/vless/vless_009.txt ✅ 解析 320 候选 → 320 个有效节点 → 去重后新增 2 个[2026-07-15 00:15:50] 📄 https://raw.githubusercontent.com/asgharkapk/Sub-Config-Extractor/main/output_configs/mixed/rasool083-sub.yaml ✅ 解析 8222 候选 → 8222 个有效节点 → 去重后新增 106 个[2026-07-15 00:15:50] 📄 https://raw.githubusercontent.com/kort0881/vpn-vless-configs-russia/main/data/githubmirror/new/by_protocol/vless/vless_007.txt ✅ 解析 294 候选 → 294 个有效节点 → 去重后新增 5 个[2026-07-15 00:15:50] 📄 https://raw.githubusercontent.com/kort0881/vpn-vless-configs-russia/main/data/githubmirror/new/by_protocol/vless/vless_011.txt ✅ 解析 264 候选 → 264 个有效节点 → 去重后新增 2 个
[2026-07-15 00:15:50] 📄 https://raw.githubusercontent.com/kort0881/vpn-vless-configs-russia/main/data/githubmirror/new/by_protocol/vless/vless_012.txt ✅ 解析 289 候选 → 289 个有效节点 → 去重后新增 2 个[2026-07-15 00:15:50] 📄 https://raw.githubusercontent.com/kort0881/vpn-vless-configs-russia/main/data/githubmirror/new/by_protocol/vless/vless_016.txt ✅ 解析 284 候选 → 284 个有效节点 → 去重后新增 3 个


[2026-07-15 00:15:51] 📄 https://raw.githubusercontent.com/kort0881/vpn-vless-configs-russia/main/data/githubmirror/new/by_protocol/vless/vless_015.txt ✅ 解析 260 候选 → 260 个有效节点 → 去重后新增 1 个[2026-07-15 00:15:51] 📄 https://raw.githubusercontent.com/kort0881/vpn-vless-configs-russia/main/data/githubmirror/new/by_protocol/vless/vless_013.txt ✅ 解析 333 候选 → 333 个有效节点 → 去重后新增 1 个



[2026-07-15 00:15:52] 📄 https://raw.githubusercontent.com/kort0881/vpn-vless-configs-russia/main/data/githubmirror/new/by_protocol/vless/vless_018.txt ✅ 解析 301 候选 → 301 个有效节点 → 去重后新增 1 个
[2026-07-15 00:15:52] 📄 https://raw.githubusercontent.com/kort0881/vpn-vless-configs-russia/main/data/githubmirror/new/by_protocol/vless/vless_021.txt ✅ 解析 313 候选 → 313 个有效节点 → 去重后新增 1 个
[2026-07-15 00:15:52] 📄 https://raw.githubusercontent.com/kort0881/vpn-vless-configs-russia/main/data/githubmirror/new/by_protocol/vless/vless_024.txt ✅ 解析 338 候选 → 338 个有效节点 → 去重后新增 5 个
[2026-07-15 00:15:52] 📄 https://raw.githubusercontent.com/kort0881/vpn-vless-configs-russia/main/data/githubmirror/new/by_protocol/vless/vless_025.txt ✅ 解析 282 候选 → 282 个有效节点 → 去重后新增 1 个[2026-07-15 00:15:52] 📄 https://raw.githubusercontent.com/kort0881/vpn-vless-configs-russia/main/data/githubmirror/new/by_protocol/vless/vless_022.txt ✅ 解析 291 候选 → 291 个有效节点 → 去重后新增 2 个

[2026-07-15 00:15:53] 📄 https://raw.githubusercontent.com/kort0881/vpn-vless-configs-russia/main/data/githubmirror/new/by_protocol/vless/vless_023.txt ✅ 解析 326 候选 → 326 个有效节点 → 去重后新增 5 个
[2026-07-15 00:15:53] 📄 https://raw.githubusercontent.com/kort0881/vpn-vless-configs-russia/main/data/githubmirror/new/by_protocol/vless/vless_027.txt ✅ 解析 304 候选 → 304 个有效节点 → 去重后新增 6 个[2026-07-15 00:15:53] 📄 https://raw.githubusercontent.com/kort0881/vpn-vless-configs-russia/main/data/githubmirror/new/by_protocol/vless/vless_029.txt ✅ 解析 311 候选 → 311 个有效节点 → 去重后新增 3 个[2026-07-15 00:15:53] 📄 https://raw.githubusercontent.com/kort0881/vpn-vless-configs-russia/main/data/githubmirror/new/by_protocol/vless/vless_034.txt ✅ 解析 310 候选 → 310 个有效节点 → 去重后新增 5 个
[2026-07-15 00:15:53] 📄 https://raw.githubusercontent.com/kort0881/vpn-vless-configs-russia/main/data/githubmirror/new/by_protocol/vless/vless_026.txt ✅ 解析 318 候选 → 318 个有效节点 → 去重后新增 5 个[2026-07-15 00:15:54] 📄 https://raw.githubusercontent.com/kort0881/vpn-vless-configs-russia/main/data/githubmirror/new/by_protocol/vless/vless_030.txt ✅ 解析 296 候选 → 296 个有效节点 → 去重后新增 4 个



[2026-07-15 00:15:54] 📄 https://raw.githubusercontent.com/kort0881/vpn-vless-configs-russia/main/data/githubmirror/new/by_protocol/vless/vless_032.txt ✅ 解析 123 候选 → 123 个有效节点 → 去重后新增 1 个
[2026-07-15 00:15:55] 📄 https://raw.githubusercontent.com/kort0881/vpn-vless-configs-russia/main/data/githubmirror/new/by_protocol/vless/vless_038.txt ✅ 解析 346 候选 → 346 个有效节点 → 去重后新增 5 个
[2026-07-15 00:15:55] 📄 https://raw.githubusercontent.com/kort0881/vpn-vless-configs-russia/main/data/githubmirror/clean/vmess.txt ✅ 解析 2292 候选 → 2292 个有效节点 → 去重后新增 207 个[2026-07-15 00:15:55] 📄 https://raw.githubusercontent.com/kort0881/vpn-vless-configs-russia/main/data/githubmirror/new/by_protocol/vless/vless_035.txt ✅ 解析 313 候选 → 313 个有效节点 → 去重后新增 3 个
[2026-07-15 00:15:55] 📄 https://raw.githubusercontent.com/kort0881/vpn-vless-configs-russia/main/data/githubmirror/new/by_protocol/vless/vless_039.txt ✅ 解析 279 候选 → 279 个有效节点 → 去重后新增 1 个

[2026-07-15 00:15:56] 📄 https://raw.githubusercontent.com/kort0881/vpn-vless-configs-russia/main/data/githubmirror/new/cf_fresh.txt ✅ 解析 50 候选 → 50 个有效节点 → 去重后新增 38 个
[2026-07-15 00:16:24] 📄 https://raw.githubusercontent.com/kort0881/vpn-vless-configs-russia/main/data/githubmirror/new/by_protocol/vmess/vmess_009.txt ✅ 解析 326 候选 → 326 个有效节点 → 去重后新增 1 个
[2026-07-15 00:16:26] 📄 https://raw.githubusercontent.com/kort0881/vpn-vless-configs-russia/main/data/githubmirror/new/by_protocol/vmess/vmess_008.txt ✅ 解析 390 候选 → 390 个有效节点 → 去重后新增 1 个
[2026-07-15 00:17:43] 📄 https://raw.githubusercontent.com/asgharkapk/Sub-Config-Extractor/main/output_configs/clash/rasool083-sub.yaml ✅ 解析 12793 候选 → 12793 个有效节点 → 去重后新增 588 个
[2026-07-15 00:17:43] 🔗 查子仓库: asgharkapk/Sub-Config-Extractor
[2026-07-15 00:17:43] 🔗 查子仓库: MohammadBahemmat/V2ray-Collector
[2026-07-15 00:17:43]   🍴 子仓库: 4 个 → 队列
[2026-07-15 00:17:43] 🔗 开始 Fork 链追踪 (asgharkapk/Sub-Config-Extractor)
[2026-07-15 00:17:44] 👤 遍历用户仓库: asgharkapk
[2026-07-15 00:17:44] 🔗 查子仓库: kort0881/vpn-vless-configs-russia
[2026-07-15 00:17:44]   👤 用户仓库: 14 个 → 队列
[2026-07-15 00:17:44]   用户 asgharkapk 共查 14 个仓库
[2026-07-15 00:17:44] 仓库 https://github.com/blesdmm/vpn-vless-configs-russia (分支: main, size: 1499092KB, pushed: 2026-07-14T15:23:22Z)
[2026-07-15 00:17:45] 🔗 查子仓库: ebrasha/free-v2ray-public-list
[2026-07-15 00:17:45] 仓库 https://github.com/blesdmm/vpn-vless-configs-russia 候选文件 1 个
[2026-07-15 00:17:45]   🍴 子仓库: 30 个 → 队列
[2026-07-15 00:17:45] 🔗 开始 Fork 链追踪 (MohammadBahemmat/V2ray-Collector)
[2026-07-15 00:17:45]   🍴 子仓库: 30 个 → 队列
[2026-07-15 00:17:45] 🔗 开始 Fork 链追踪 (kort0881/vpn-vless-configs-russia)
[2026-07-15 00:17:45] 👤 遍历用户仓库: MohammadBahemmat
[2026-07-15 00:17:45] 仓库 https://github.com/blesdmm/vpn-vless-configs-russia 未提取到节点，加入黑名单
[2026-07-15 00:17:45] 仓库 https://github.com/748171997rui-afk/vpn-vless-configs-russia (分支: main, size: 1502902KB, pushed: 2026-07-14T15:21:41Z)
[2026-07-15 00:17:45] 👤 遍历用户仓库: kort0881
[2026-07-15 00:17:46] 仓库 https://github.com/748171997rui-afk/vpn-vless-configs-russia 候选文件 1 个
[2026-07-15 00:17:46]   👤 用户仓库: 24 个 → 队列
[2026-07-15 00:17:46]   用户 kort0881 共查 24 个仓库
[2026-07-15 00:17:46] 仓库 https://github.com/sasabuzovkin9-lgtm/vpn-vless-configs-russia (分支: main, size: 1615427KB, pushed: 2026-07-14T14:57:22Z)
[2026-07-15 00:17:46]   👤 用户仓库: 2 个 → 队列
[2026-07-15 00:17:46]   用户 MohammadBahemmat 共查 2 个仓库
[2026-07-15 00:17:46] 仓库 https://github.com/pog7x/vpn-configs (分支: master, size: 685767KB, pushed: 2026-07-14T14:54:06Z)
[2026-07-15 00:17:46] 仓库 https://github.com/pog7x/vpn-configs 候选文件 11 个
[2026-07-15 00:17:46] 仓库 https://github.com/sasabuzovkin9-lgtm/vpn-vless-configs-russia 候选文件 3 个
[2026-07-15 00:17:46] 仓库 https://github.com/748171997rui-afk/vpn-vless-configs-russia 未提取到节点，加入黑名单
[2026-07-15 00:17:46] ⚠️ 仓库 https://github.com/huseynnhuseynn232-cmd/Free-fire-proxy- 大小为 0，跳过
[2026-07-15 00:17:46] 仓库 https://github.com/Freedom-Guard-Builder/Freedom-Finder (分支: main, size: 7277KB, pushed: 2026-07-14T05:36:46Z)
[2026-07-15 00:17:47] 📄 https://raw.githubusercontent.com/sasabuzovkin9-lgtm/vpn-vless-configs-russia/main/githubmirror/clean/vless.txt ✅ 解析 49 候选 → 49 个有效节点 → 去重后新增 48 个
[2026-07-15 00:17:47] 仓库 https://github.com/Freedom-Guard-Builder/Freedom-Finder 无候选文件 (总计 60 blob, 扩展名过滤 32, processed_shas 跳过 0, SHA 缓存跳过 28)
[2026-07-15 00:17:47] 🔗 查子仓库: Freedom-Guard-Builder/Freedom-Finder
[2026-07-15 00:17:47]   🍴 子仓库: 30 个 → 队列
[2026-07-15 00:17:47] 🔗 开始 Fork 链追踪 (ebrasha/free-v2ray-public-list)
[2026-07-15 00:17:47] 🔗 查子仓库: sasabuzovkin9-lgtm/vpn-vless-configs-russia
[2026-07-15 00:17:47] 🔗 开始 Fork 链追踪 (sasabuzovkin9-lgtm/vpn-vless-configs-russia)
[2026-07-15 00:17:47] 👤 遍历用户仓库: ebrasha
[2026-07-15 00:17:47]   🍴 子仓库: 1 个 → 队列
[2026-07-15 00:17:47] 🔗 开始 Fork 链追踪 (Freedom-Guard-Builder/Freedom-Finder)
[2026-07-15 00:17:48]   父仓库: kort0881/vpn-vless-configs-russia
[2026-07-15 00:17:48] 👤 遍历用户仓库: Freedom-Guard-Builder
[2026-07-15 00:17:48] 🔗 查子仓库: pog7x/vpn-configs
[2026-07-15 00:17:48]   👤 用户仓库: 4 个 → 队列
[2026-07-15 00:17:48]   用户 Freedom-Guard-Builder 共查 4 个仓库
[2026-07-15 00:17:48] 仓库 https://github.com/liMilCo/v2r (分支: main, size: 1171837KB, pushed: 2026-07-14T03:17:24Z)
[2026-07-15 00:17:48]   🍴 兄弟仓库: 2 个 → 队列
[2026-07-15 00:17:48] 👤 遍历用户仓库: sasabuzovkin9-lgtm
[2026-07-15 00:17:48] 🔗 开始 Fork 链追踪 (pog7x/vpn-configs)
[2026-07-15 00:17:48] 仓库 https://github.com/liMilCo/v2r 无候选文件 (总计 56 blob, 扩展名过滤 10, processed_shas 跳过 0, SHA 缓存跳过 46)
[2026-07-15 00:17:48] 🔗 查子仓库: liMilCo/v2r
[2026-07-15 00:17:48]   👤 用户仓库: 2 个 → 队列
[2026-07-15 00:17:48]   用户 sasabuzovkin9-lgtm 共查 2 个仓库
[2026-07-15 00:17:48] 仓库 https://github.com/PENZA84/v2r (分支: main, size: 1168179KB, pushed: 2026-07-14T02:56:16Z)
[2026-07-15 00:17:49] 👤 遍历用户仓库: pog7x
[2026-07-15 00:17:49] 仓库 https://github.com/PENZA84/v2r 候选文件 37 个
[2026-07-15 00:17:49]   🍴 子仓库: 15 个 → 队列
[2026-07-15 00:17:49] 🔗 开始 Fork 链追踪 (liMilCo/v2r)
[2026-07-15 00:17:49] 📄 https://raw.githubusercontent.com/PENZA84/v2r/main/base64/13.txt ✅ 解析 11 候选 → 11 个有效节点 → 去重后新增 1 个
[2026-07-15 00:17:49]   用户 pog7x 共查 0 个仓库
[2026-07-15 00:17:49] 仓库 https://github.com/Zwerrie4lyfe/Claude-Fable-5-Free (分支: master, size: 4KB, pushed: 2026-07-13T18:34:10Z)
[2026-07-15 00:17:49]   👤 用户仓库: 30 个 → 队列
[2026-07-15 00:17:49]   用户 ebrasha 共查 30 个仓库[2026-07-15 00:17:49] 👤 遍历用户仓库: liMilCo

[2026-07-15 00:17:49] 仓库 https://github.com/thinker007/ACL4SSR (分支: main, size: 401KB, pushed: 2026-07-14T14:48:18Z)
[2026-07-15 00:17:50] 仓库 https://github.com/Zwerrie4lyfe/Claude-Fable-5-Free 无候选文件 (总计 2 blob, 扩展名过滤 0, processed_shas 跳过 0, SHA 缓存跳过 2)
[2026-07-15 00:17:50] 🔗 查子仓库: Zwerrie4lyfe/Claude-Fable-5-Free
[2026-07-15 00:17:50] 🔗 开始 Fork 链追踪 (Zwerrie4lyfe/Claude-Fable-5-Free)
[2026-07-15 00:17:50] 仓库 https://github.com/thinker007/ACL4SSR 候选文件 20 个[2026-07-15 00:17:50] 📄 https://raw.githubusercontent.com/PENZA84/v2r/main/base64/4.txt ✅ 解析 428 候选 → 428 个有效节点 → 去重后新增 6 个

[2026-07-15 00:17:51] 📄 https://raw.githubusercontent.com/PENZA84/v2r/main/base64/10.txt ✅ 解析 465 候选 → 465 个有效节点 → 去重后新增 16 个[2026-07-15 00:17:51] 📄 https://raw.githubusercontent.com/PENZA84/v2r/main/base64/12.txt ✅ 解析 471 候选 → 471 个有效节点 → 去重后新增 21 个[2026-07-15 00:17:51] 📄 https://raw.githubusercontent.com/PENZA84/v2r/main/base64/11.txt ✅ 解析 476 候选 → 476 个有效节点 → 去重后新增 25 个[2026-07-15 00:17:51]   父仓库: fable5claude/Claude-Fable-5-Free

[2026-07-15 00:17:51]   👤 用户仓库: 18 个 → 队列
[2026-07-15 00:17:51] 📄 https://raw.githubusercontent.com/PENZA84/v2r/main/base64/8.txt ✅ 解析 461 候选 → 461 个有效节点 → 去重后新增 14 个[2026-07-15 00:17:51] 📄 https://raw.githubusercontent.com/PENZA84/v2r/main/base64/5.txt ✅ 解析 465 候选 → 465 个有效节点 → 去重后新增 18 个[2026-07-15 00:17:51] 📄 https://raw.githubusercontent.com/PENZA84/v2r/main/base64/9.txt ✅ 解析 460 候选 → 460 个有效节点 → 去重后新增 21 个[2026-07-15 00:17:51] 📄 https://raw.githubusercontent.com/PENZA84/v2r/main/base64/6.txt ✅ 解析 462 候选 → 462 个有效节点 → 去重后新增 15 个



[2026-07-15 00:17:51] 仓库在黑名单中: https://github.com/fable5claude/Claude-Fable-5-Free


[2026-07-15 00:17:52]   父仓库 +0 个节点[2026-07-15 00:17:52]   用户 liMilCo 共查 18 个仓库

[2026-07-15 00:17:52] 📄 https://raw.githubusercontent.com/PENZA84/v2r/main/base64/7.txt ✅ 解析 449 候选 → 449 个有效节点 → 去重后新增 11 个
[2026-07-15 00:17:52] 仓库 https://github.com/yeqiangx/ACL4SSR (分支: master, size: 29348KB, pushed: 2026-07-14T14:27:22Z)
[2026-07-15 00:17:52] 👤 遍历用户仓库: Zwerrie4lyfe
[2026-07-15 00:17:53] 仓库 https://github.com/yeqiangx/ACL4SSR 候选文件较多 (330 个)，先通过 commits API 过滤
[2026-07-15 00:17:53] 仓库 https://github.com/thinker007/ACL4SSR 未提取到节点，加入黑名单
[2026-07-15 00:17:53] 仓库 https://github.com/jirong0214/ACL4SSR (分支: JLY, size: 27319KB, pushed: 2026-07-14T13:56:02Z)
[2026-07-15 00:17:53] 📄 https://raw.githubusercontent.com/PENZA84/v2r/main/sub/8.txt ✅ 解析 462 候选 → 462 个有效节点 → 去重后新增 1 个
[2026-07-15 00:17:53] 仓库 https://github.com/jirong0214/ACL4SSR 候选文件 8 个
[2026-07-15 00:17:54]   Compare API 返回 2 个变更文件 (3 次 API 调用)
[2026-07-15 00:17:54]   commits 过滤: 330 → 2 (变更文件 2 个)
[2026-07-15 00:17:54] 仓库 https://github.com/yeqiangx/ACL4SSR 候选文件 2 个
[2026-07-15 00:17:55] 仓库 https://github.com/yeqiangx/ACL4SSR 未提取到节点，加入黑名单
[2026-07-15 00:17:55] 仓库 https://github.com/OliverGrace/ACL4SSR (分支: master, size: 33334KB, pushed: 2026-07-14T13:35:45Z)
[2026-07-15 00:17:56] ⏱️ [24/122] Clash.Meta pushed:>2026-07-13T16:01:45Z fork:true -language: | 337s | +50571
[2026-07-15 00:17:56]   👤 用户仓库: 30 个 → 队列[2026-07-15 00:17:56] 仓库 https://github.com/OliverGrace/ACL4SSR 候选文件较多 (347 个)，先通过 commits API 过滤
[2026-07-15 00:17:56]   用户 Zwerrie4lyfe 共查 30 个仓库

[2026-07-15 00:17:56] 仓库 https://github.com/litedamianlee/ACL4SSR (分支: master, size: 33269KB, pushed: 2026-07-14T11:56:52Z)
[2026-07-15 00:17:57] 仓库 https://github.com/litedamianlee/ACL4SSR 候选文件较多 (335 个)，先通过 commits API 过滤
[2026-07-15 00:17:57]   Compare API 返回 5 个变更文件 (3 次 API 调用)
[2026-07-15 00:17:57]   commits 过滤: 347 → 4 (变更文件 5 个)
[2026-07-15 00:17:57] 仓库 https://github.com/OliverGrace/ACL4SSR 候选文件 4 个
[2026-07-15 00:17:57] 📄 https://raw.githubusercontent.com/PENZA84/v2r/main/configs.txt ✅ 解析 4378 候选 → 4378 个有效节点 → 去重后新增 2 个
[2026-07-15 00:17:57] 🔗 查子仓库: PENZA84/v2r
[2026-07-15 00:17:57] 仓库 https://github.com/jirong0214/ACL4SSR 未提取到节点，加入黑名单
[2026-07-15 00:17:57] 仓库 https://github.com/makersy/ACL4SSR (分支: master, size: 12990KB, pushed: 2026-07-14T11:36:29Z)
[2026-07-15 00:17:57] 🔗 开始 Fork 链追踪 (PENZA84/v2r)
[2026-07-15 00:17:57]   父仓库: liMilCo/v2r
[2026-07-15 00:17:58]   Compare API 返回 1 个变更文件 (3 次 API 调用)
[2026-07-15 00:17:58]   commits 过滤: 335 → 0 (变更文件 1 个)
[2026-07-15 00:17:58] 仓库 https://github.com/litedamianlee/ACL4SSR 候选文件经时间过滤后为空
[2026-07-15 00:17:58] 🔗 查子仓库: litedamianlee/ACL4SSR
[2026-07-15 00:17:58] 仓库 https://github.com/makersy/ACL4SSR 候选文件较多 (204 个)，先通过 commits API 过滤
[2026-07-15 00:17:58] 🔗 开始 Fork 链追踪 (litedamianlee/ACL4SSR)
[2026-07-15 00:17:58] 👤 遍历用户仓库: PENZA84
[2026-07-15 00:17:58]   父仓库: ACL4SSR/ACL4SSR
[2026-07-15 00:17:58] 仓库在黑名单中: https://github.com/ACL4SSR/ACL4SSR
[2026-07-15 00:17:58]   父仓库 +0 个节点
[2026-07-15 00:17:58]   Compare API 返回 1 个变更文件 (3 次 API 调用)
[2026-07-15 00:17:58]   commits 过滤: 204 → 1 (变更文件 1 个)
[2026-07-15 00:17:58] 仓库 https://github.com/makersy/ACL4SSR 候选文件 1 个
[2026-07-15 00:17:59] 仓库 https://github.com/OliverGrace/ACL4SSR 未提取到节点，加入黑名单
[2026-07-15 00:17:59] 仓库 https://github.com/GuangYu-yu/ACL4SSR (分支: main, size: 1691KB, pushed: 2026-07-14T10:11:46Z)
[2026-07-15 00:17:59] 仓库 https://github.com/makersy/ACL4SSR 未提取到节点，加入黑名单
[2026-07-15 00:17:59] 仓库 https://github.com/housaiyinmamaide/ACL4SSR (分支: main, size: 265739KB, pushed: 2026-07-14T08:28:05Z)
[2026-07-15 00:17:59] 仓库 https://github.com/GuangYu-yu/ACL4SSR 候选文件 6 个
[2026-07-15 00:17:59] 仓库 https://github.com/housaiyinmamaide/ACL4SSR 无候选文件 (总计 35 blob, 扩展名过滤 14, processed_shas 跳过 0, SHA 缓存跳过 21)
[2026-07-15 00:17:59] 🔗 查子仓库: housaiyinmamaide/ACL4SSR
[2026-07-15 00:17:59]   🍴 兄弟仓库: 30 个 → 队列
[2026-07-15 00:17:59] 👤 遍历用户仓库: litedamianlee
[2026-07-15 00:18:00] 🔗 开始 Fork 链追踪 (housaiyinmamaide/ACL4SSR)
[2026-07-15 00:18:00]   👤 用户仓库: 30 个 → 队列
[2026-07-15 00:18:00]   用户 PENZA84 共查 30 个仓库
[2026-07-15 00:18:00] 仓库 https://github.com/iskoldt-X/ACL4SSR (分支: main, size: 267436KB, pushed: 2026-07-14T06:33:41Z)
[2026-07-15 00:18:00]   父仓库: cmliu/ACL4SSR
[2026-07-15 00:18:00] 仓库 https://github.com/iskoldt-X/ACL4SSR 无候选文件 (总计 28 blob, 扩展名过滤 12, processed_shas 跳过 0, SHA 缓存跳过 16)
[2026-07-15 00:18:00] 🔗 查子仓库: iskoldt-X/ACL4SSR
[2026-07-15 00:18:00] 🔗 开始 Fork 链追踪 (iskoldt-X/ACL4SSR)
[2026-07-15 00:18:00]   父仓库: cmliu/ACL4SSR
[2026-07-15 00:18:01]   👤 用户仓库: 30 个 → 队列
[2026-07-15 00:18:01]   用户 litedamianlee 共查 30 个仓库
[2026-07-15 00:18:01] 仓库 https://github.com/jason7vv/ACL4SSR2 (分支: main, size: 267453KB, pushed: 2026-07-14T06:31:26Z)
[2026-07-15 00:18:01] 仓库 https://github.com/jason7vv/ACL4SSR2 无候选文件 (总计 28 blob, 扩展名过滤 12, processed_shas 跳过 0, SHA 缓存跳过 16)
[2026-07-15 00:18:01] 🔗 查子仓库: jason7vv/ACL4SSR2
[2026-07-15 00:18:01] 🔗 开始 Fork 链追踪 (jason7vv/ACL4SSR2)
[2026-07-15 00:18:01]   🍴 兄弟仓库: 30 个 → 队列
[2026-07-15 00:18:01] 👤 遍历用户仓库: housaiyinmamaide
[2026-07-15 00:18:01]   🍴 兄弟仓库: 21 个 → 队列
[2026-07-15 00:18:01] 👤 遍历用户仓库: iskoldt-X
[2026-07-15 00:18:01]   父仓库: cmliu/ACL4SSR
[2026-07-15 00:18:02]   👤 用户仓库: 5 个 → 队列
[2026-07-15 00:18:02]   用户 housaiyinmamaide 共查 5 个仓库
[2026-07-15 00:18:02] 仓库 https://github.com/toda-adot/ACL4SSR (分支: master, size: 33247KB, pushed: 2026-07-14T06:04:22Z)
[2026-07-15 00:18:02] 仓库 https://github.com/toda-adot/ACL4SSR 候选文件较多 (335 个)，先通过 commits API 过滤
[2026-07-15 00:18:02] 👤 遍历用户仓库: jason7vv
[2026-07-15 00:18:02] 仓库 https://github.com/GuangYu-yu/ACL4SSR 未提取到节点，加入黑名单
[2026-07-15 00:18:02] 仓库 https://github.com/fenwehome/ACL4SSR (分支: main, size: 265740KB, pushed: 2026-07-14T05:29:11Z)
[2026-07-15 00:18:02]   👤 用户仓库: 30 个 → 队列
[2026-07-15 00:18:02]   用户 iskoldt-X 共查 30 个仓库
[2026-07-15 00:18:02] 仓库 https://github.com/sclyxcn/ACL4SSR (分支: main, size: 265740KB, pushed: 2026-07-14T05:03:05Z)
[2026-07-15 00:18:03] 仓库 https://github.com/sclyxcn/ACL4SSR 无候选文件 (总计 35 blob, 扩展名过滤 14, processed_shas 跳过 0, SHA 缓存跳过 21)
[2026-07-15 00:18:03] 🔗 查子仓库: sclyxcn/ACL4SSR
[2026-07-15 00:18:03] 仓库 https://github.com/fenwehome/ACL4SSR 无候选文件 (总计 35 blob, 扩展名过滤 14, processed_shas 跳过 0, SHA 缓存跳过 21)
[2026-07-15 00:18:03] 🔗 查子仓库: fenwehome/ACL4SSR
[2026-07-15 00:18:03]   👤 用户仓库: 12 个 → 队列
[2026-07-15 00:18:03]   用户 jason7vv 共查 12 个仓库
[2026-07-15 00:18:03] 仓库 https://github.com/lilikimi/ACL4SSR (分支: main, size: 265740KB, pushed: 2026-07-14T04:58:31Z)
[2026-07-15 00:18:03] 🔗 开始 Fork 链追踪 (sclyxcn/ACL4SSR)
[2026-07-15 00:18:03] 🔗 开始 Fork 链追踪 (fenwehome/ACL4SSR)
[2026-07-15 00:18:03]   Compare API 返回 0 个变更文件 (3 次 API 调用)
[2026-07-15 00:18:03]   commits 过滤: 335 → 0 (变更文件 0 个)
[2026-07-15 00:18:03] 仓库 https://github.com/toda-adot/ACL4SSR 候选文件经时间过滤后为空
[2026-07-15 00:18:03] 🔗 查子仓库: toda-adot/ACL4SSR
[2026-07-15 00:18:03]   父仓库: cmliu/ACL4SSR
[2026-07-15 00:18:03] 🔗 开始 Fork 链追踪 (toda-adot/ACL4SSR)
[2026-07-15 00:18:03]   父仓库: cmliu/ACL4SSR
[2026-07-15 00:18:03] 仓库 https://github.com/lilikimi/ACL4SSR 无候选文件 (总计 35 blob, 扩展名过滤 14, processed_shas 跳过 0, SHA 缓存跳过 21)
[2026-07-15 00:18:03] 🔗 查子仓库: lilikimi/ACL4SSR
[2026-07-15 00:18:03] 🔗 开始 Fork 链追踪 (lilikimi/ACL4SSR)
[2026-07-15 00:18:04]   父仓库: ACL4SSR/ACL4SSR
[2026-07-15 00:18:04] 仓库在黑名单中: https://github.com/ACL4SSR/ACL4SSR
[2026-07-15 00:18:04]   父仓库 +0 个节点
[2026-07-15 00:18:04]   父仓库: cmliu/ACL4SSR
[2026-07-15 00:18:04] 👤 遍历用户仓库: sclyxcn
[2026-07-15 00:18:04] 👤 遍历用户仓库: fenwehome
[2026-07-15 00:18:04]   🍴 兄弟仓库: 18 个 → 队列
[2026-07-15 00:18:04] 👤 遍历用户仓库: toda-adot
[2026-07-15 00:18:04] 👤 遍历用户仓库: lilikimi
[2026-07-15 00:18:05]   👤 用户仓库: 2 个 → 队列
[2026-07-15 00:18:05]   用户 toda-adot 共查 2 个仓库
[2026-07-15 00:18:05] 仓库 https://github.com/Cucosai/ACL4SSR (分支: main, size: 265784KB, pushed: 2026-07-14T03:27:09Z)
[2026-07-15 00:18:05] 仓库 https://github.com/Cucosai/ACL4SSR 无候选文件 (总计 35 blob, 扩展名过滤 14, processed_shas 跳过 0, SHA 缓存跳过 21)
[2026-07-15 00:18:05] 🔗 查子仓库: Cucosai/ACL4SSR
[2026-07-15 00:18:05]   👤 用户仓库: 30 个 → 队列
[2026-07-15 00:18:05]   用户 sclyxcn 共查 30 个仓库
[2026-07-15 00:18:05] 仓库 https://github.com/chengshuai986/ACL4SSR (分支: main, size: 265740KB, pushed: 2026-07-14T03:23:45Z)
[2026-07-15 00:18:05] 🔗 开始 Fork 链追踪 (Cucosai/ACL4SSR)
[2026-07-15 00:18:05]   👤 用户仓库: 25 个 → 队列
[2026-07-15 00:18:05]   用户 lilikimi 共查 25 个仓库
[2026-07-15 00:18:05] 仓库 https://github.com/cmliu/ACL4SSR (分支: main, size: 265740KB, pushed: 2026-07-14T02:56:07Z)
[2026-07-15 00:18:05] 仓库 https://github.com/chengshuai986/ACL4SSR 无候选文件 (总计 35 blob, 扩展名过滤 14, processed_shas 跳过 0, SHA 缓存跳过 21)
[2026-07-15 00:18:05] 🔗 查子仓库: chengshuai986/ACL4SSR
[2026-07-15 00:18:05]   父仓库: cmliu/ACL4SSR
[2026-07-15 00:18:06] 仓库 https://github.com/cmliu/ACL4SSR 无候选文件 (总计 35 blob, 扩展名过滤 14, processed_shas 跳过 0, SHA 缓存跳过 21)
[2026-07-15 00:18:06] 🔗 查子仓库: cmliu/ACL4SSR
[2026-07-15 00:18:06] 🔗 开始 Fork 链追踪 (chengshuai986/ACL4SSR)
[2026-07-15 00:18:06]   父仓库: cmliu/ACL4SSR
[2026-07-15 00:18:06] 👤 遍历用户仓库: Cucosai
[2026-07-15 00:18:06] 🔗 开始 Fork 链追踪 (cmliu/ACL4SSR)
[2026-07-15 00:18:06]   👤 用户仓库: 30 个 → 队列
[2026-07-15 00:18:06]   用户 fenwehome 共查 30 个仓库
[2026-07-15 00:18:06] 仓库 https://github.com/Sowevo/subconverter (分支: main, size: 132KB, pushed: 2026-07-14T15:55:04Z)
[2026-07-15 00:18:06] 👤 遍历用户仓库: chengshuai986
[2026-07-15 00:18:06] 👤 遍历用户仓库: cmliu
[2026-07-15 00:18:07]   👤 用户仓库: 18 个 → 队列
[2026-07-15 00:18:07]   用户 Cucosai 共查 18 个仓库
[2026-07-15 00:18:07] 仓库 https://github.com/XinSSS/AdditionalRuleList (分支: main, size: 384KB, pushed: 2026-07-14T11:21:21Z)
[2026-07-15 00:18:07] 仓库 https://github.com/Sowevo/subconverter 候选文件 26 个
[2026-07-15 00:18:07] 仓库 https://github.com/XinSSS/AdditionalRuleList 候选文件 71 个
[2026-07-15 00:18:07]   👤 用户仓库: 30 个 → 队列
[2026-07-15 00:18:07]   用户 cmliu 共查 30 个仓库
[2026-07-15 00:18:07] 仓库 https://github.com/macarlosvamos/subconverter (分支: master, size: 7976KB, pushed: 2026-07-14T11:19:10Z)
[2026-07-15 00:18:08] 仓库 https://github.com/Sowevo/subconverter README 含广告词，加入黑名单
[2026-07-15 00:18:08] 仓库 https://github.com/luiq18/subconverter (分支: master, size: 7945KB, pushed: 2026-07-14T08:01:22Z)
[2026-07-15 00:18:08]   👤 用户仓库: 30 个 → 队列
[2026-07-15 00:18:08]   用户 chengshuai986 共查 30 个仓库
[2026-07-15 00:18:08] 仓库 https://github.com/10ium/subconverter (分支: main, size: 74747KB, pushed: 2026-07-14T07:24:57Z)
[2026-07-15 00:18:08] 仓库 https://github.com/macarlosvamos/subconverter 候选文件较多 (344 个)，先通过 commits API 过滤
[2026-07-15 00:18:08] 仓库 https://github.com/luiq18/subconverter 候选文件较多 (344 个)，先通过 commits API 过滤
[2026-07-15 00:18:08] 仓库 https://github.com/10ium/subconverter 候选文件 1 个
[2026-07-15 00:18:08]   commits 过滤: 344 → 0 (变更文件 0 个)
[2026-07-15 00:18:08] 仓库 https://github.com/luiq18/subconverter 候选文件经时间过滤后为空
[2026-07-15 00:18:08] 🔗 查子仓库: luiq18/subconverter
[2026-07-15 00:18:09] 🔗 开始 Fork 链追踪 (luiq18/subconverter)
[2026-07-15 00:18:09]   Compare API 返回 1 个变更文件 (3 次 API 调用)
[2026-07-15 00:18:09]   commits 过滤: 344 → 0 (变更文件 1 个)
[2026-07-15 00:18:09] 仓库 https://github.com/macarlosvamos/subconverter 候选文件经时间过滤后为空
[2026-07-15 00:18:09] 🔗 查子仓库: macarlosvamos/subconverter
[2026-07-15 00:18:09] 📄 https://raw.githubusercontent.com/XinSSS/AdditionalRuleList/main/snippets/Surge_example.conf ✅ 解析 2 候选 → 2 个有效节点 → 去重后新增 2 个
[2026-07-15 00:18:09] 🔗 开始 Fork 链追踪 (macarlosvamos/subconverter)
[2026-07-15 00:18:09] 📄 https://raw.githubusercontent.com/10ium/subconverter/main/output_configs/clash/10ium_V2rayCollector_Mix.yaml ✅ 解析 414 候选 → 414 个有效节点 → 去重后新增 52 个
[2026-07-15 00:18:09] 🔗 查子仓库: 10ium/subconverter
[2026-07-15 00:18:09] 🔗 查子仓库: XinSSS/AdditionalRuleList
[2026-07-15 00:18:09]   父仓库: asdlokj1qpi233/subconverter
[2026-07-15 00:18:09] ⏭️ 仓库 https://github.com/asdlokj1qpi233/subconverter 106h 未更新，跳过
[2026-07-15 00:18:09]   父仓库 +0 个节点
[2026-07-15 00:18:09] 🔗 开始 Fork 链追踪 (XinSSS/AdditionalRuleList)
[2026-07-15 00:18:09]   父仓库: asdlokj1qpi233/subconverter
[2026-07-15 00:18:09] ⏭️ 仓库 https://github.com/asdlokj1qpi233/subconverter 106h 未更新，跳过
[2026-07-15 00:18:09]   父仓库 +0 个节点
[2026-07-15 00:18:09] 👤 遍历用户仓库: XinSSS
[2026-07-15 00:18:09]   🍴 子仓库: 1 个 → 队列
[2026-07-15 00:18:09] 🔗 开始 Fork 链追踪 (10ium/subconverter)
[2026-07-15 00:18:10]   父仓库: vpnclashfa-backup/subconverter
[2026-07-15 00:18:10] 仓库在黑名单中: https://github.com/vpnclashfa-backup/subconverter
[2026-07-15 00:18:10]   父仓库 +0 个节点
[2026-07-15 00:18:10]   🍴 兄弟仓库: 1 个 → 队列
[2026-07-15 00:18:10] 👤 遍历用户仓库: 10ium
[2026-07-15 00:18:10]   👤 用户仓库: 27 个 → 队列
[2026-07-15 00:18:10]   用户 XinSSS 共查 27 个仓库
[2026-07-15 00:18:10] 仓库 https://github.com/ntiwagxm/Rules (分支: main, size: 1167KB, pushed: 2026-07-13T19:10:56Z)
[2026-07-15 00:18:10]   🍴 兄弟仓库: 30 个 → 队列
[2026-07-15 00:18:10] 👤 遍历用户仓库: luiq18
[2026-07-15 00:18:10]   🍴 兄弟仓库: 24 个 → 队列
[2026-07-15 00:18:10] 👤 遍历用户仓库: macarlosvamos
[2026-07-15 00:18:11]   👤 用户仓库: 1 个 → 队列
[2026-07-15 00:18:11]   用户 macarlosvamos 共查 1 个仓库
[2026-07-15 00:18:11] 仓库 https://github.com/V2RAYCONFIGSPOOL/V2RAY_SUB (分支: main, size: 290150KB, pushed: 2026-07-14T16:03:56Z)
[2026-07-15 00:18:11] 仓库 https://github.com/ntiwagxm/Rules 候选文件较多 (977 个)，先通过 commits API 过滤
[2026-07-15 00:18:11]   👤 用户仓库: 17 个 → 队列
[2026-07-15 00:18:11]   用户 luiq18 共查 17 个仓库
[2026-07-15 00:18:11] 仓库 https://github.com/crackbest/V2ray-Config (分支: main, size: 100281KB, pushed: 2026-07-14T16:00:06Z)
[2026-07-15 00:18:11] 仓库 https://github.com/V2RAYCONFIGSPOOL/V2RAY_SUB 候选文件 10 个
[2026-07-15 00:18:11] 仓库 https://github.com/crackbest/V2ray-Config 候选文件 1 个
[2026-07-15 00:18:12] 🔗 查子仓库: crackbest/V2ray-Config
[2026-07-15 00:18:12]   Compare API 返回 1 个变更文件 (3 次 API 调用)
[2026-07-15 00:18:12]   commits 过滤: 977 → 0 (变更文件 1 个)
[2026-07-15 00:18:12] 仓库 https://github.com/ntiwagxm/Rules 候选文件经时间过滤后为空
[2026-07-15 00:18:12] 🔗 查子仓库: ntiwagxm/Rules
[2026-07-15 00:18:12] 🔗 开始 Fork 链追踪 (ntiwagxm/Rules)
[2026-07-15 00:18:12]   🍴 子仓库: 5 个 → 队列
[2026-07-15 00:18:12] 🔗 开始 Fork 链追踪 (crackbest/V2ray-Config)
[2026-07-15 00:18:12]   父仓库: LM-Firefly/Rules
[2026-07-15 00:18:12] 仓库在黑名单中: https://github.com/LM-Firefly/Rules
[2026-07-15 00:18:12]   父仓库 +0 个节点
[2026-07-15 00:18:12] 👤 遍历用户仓库: crackbest
[2026-07-15 00:18:13]   👤 用户仓库: 1 个 → 队列
[2026-07-15 00:18:13]   用户 crackbest 共查 1 个仓库
[2026-07-15 00:18:13] 仓库 https://github.com/0xRadikal/Free-v2ray-Configs (分支: main, size: 2705071KB, pushed: 2026-07-14T15:52:33Z)
[2026-07-15 00:18:13]   👤 用户仓库: 30 个 → 队列
[2026-07-15 00:18:13]   用户 10ium 共查 30 个仓库
[2026-07-15 00:18:13] 仓库 https://github.com/Surfboardv2ray/TGParse (分支: main, size: 3749231KB, pushed: 2026-07-14T15:21:42Z)
[2026-07-15 00:18:13] 仓库 https://github.com/0xRadikal/Free-v2ray-Configs 候选文件 32 个
[2026-07-15 00:18:13] 🔗 查子仓库: V2RAYCONFIGSPOOL/V2RAY_SUB
[2026-07-15 00:18:14]   🍴 兄弟仓库: 30 个 → 队列
[2026-07-15 00:18:14] 👤 遍历用户仓库: ntiwagxm
[2026-07-15 00:18:15]   🍴 子仓库: 22 个 → 队列[2026-07-15 00:18:15]   👤 用户仓库: 5 个 → 队列

[2026-07-15 00:18:15] 🔗 开始 Fork 链追踪 (V2RAYCONFIGSPOOL/V2RAY_SUB)[2026-07-15 00:18:16]   用户 ntiwagxm 共查 5 个仓库

[2026-07-15 00:18:16] 仓库 https://github.com/Mokafela/Co-Killer (分支: master, size: 26154KB, pushed: 2026-07-14T15:16:03Z)[2026-07-15 00:18:17] 👤 遍历用户仓库: V2RAYCONFIGSPOOL

[2026-07-15 00:18:17] 📄 https://raw.githubusercontent.com/0xRadikal/Free-v2ray-Configs/main/all/configs.txt ✅ 解析 2433 候选 → 2433 个有效节点 → 去重后新增 3 个
[2026-07-15 00:18:18] 仓库 https://github.com/Mokafela/Co-Killer 候选文件较多 (140 个)，先通过 commits API 过滤[2026-07-15 00:18:18]   👤 用户仓库: 16 个 → 队列

[2026-07-15 00:18:18]   用户 V2RAYCONFIGSPOOL 共查 16 个仓库
[2026-07-15 00:18:18] 仓库 https://github.com/Devindan/EasyV2raySub (分支: main, size: 12923KB, pushed: 2026-07-14T15:14:31Z)
[2026-07-15 00:18:20] 仓库 https://github.com/Devindan/EasyV2raySub 候选文件 1 个
[2026-07-15 00:18:23] 📄 https://raw.githubusercontent.com/0xRadikal/Free-v2ray-Configs/main/all/clash.yaml ✅ 解析 1201 候选 → 1201 个有效节点 → 去重后新增 1 个
[2026-07-15 00:18:26]   Compare API 返回 50 个变更文件 (3 次 API 调用)
[2026-07-15 00:18:26]   commits 过滤: 140 → 47 (变更文件 50 个)
[2026-07-15 00:18:26] 仓库 https://github.com/Mokafela/Co-Killer 候选文件 47 个
[2026-07-15 00:18:26] 🔗 查子仓库: Devindan/EasyV2raySub
[2026-07-15 00:18:26] 📄 https://raw.githubusercontent.com/Mokafela/Co-Killer/master/subs/sub-AT.txt ✅ 解析 3 候选 → 3 个有效节点 → 去重后新增 1 个
[2026-07-15 00:18:27] 📄 https://raw.githubusercontent.com/0xRadikal/Free-v2ray-Configs/main/archive/all_duplicates_base64.txt ✅ 解析 1610 候选 → 1610 个有效节点 → 去重后新增 2 个
[2026-07-15 00:18:27]   🍴 子仓库: 9 个 → 队列
[2026-07-15 00:18:27] 🔗 开始 Fork 链追踪 (Devindan/EasyV2raySub)
[2026-07-15 00:18:27] 👤 遍历用户仓库: Devindan
[2026-07-15 00:18:28] 🔗 查子仓库: 0xRadikal/Free-v2ray-Configs
[2026-07-15 00:18:28]   👤 用户仓库: 5 个 → 队列
[2026-07-15 00:18:28]   用户 Devindan 共查 5 个仓库
[2026-07-15 00:18:28] 仓库 https://github.com/miladtahanian/V2RayCFGDumper (分支: main, size: 146925KB, pushed: 2026-07-14T15:11:54Z)
[2026-07-15 00:18:28] 🔗 查子仓库: Mokafela/Co-Killer
[2026-07-15 00:18:28]   🍴 子仓库: 1 个 → 队列
[2026-07-15 00:18:28] 🔗 开始 Fork 链追踪 (0xRadikal/Free-v2ray-Configs)
[2026-07-15 00:18:28] 仓库 https://github.com/Surfboardv2ray/TGParse 候选文件较多 (8819 个)，先通过 commits API 过滤
[2026-07-15 00:18:28] 🔗 开始 Fork 链追踪 (Mokafela/Co-Killer)
[2026-07-15 00:18:28] 👤 遍历用户仓库: 0xRadikal
[2026-07-15 00:18:28] 仓库 https://github.com/miladtahanian/V2RayCFGDumper 候选文件 2 个
[2026-07-15 00:18:28] 👤 遍历用户仓库: Mokafela
[2026-07-15 00:18:29] 🔗 查子仓库: miladtahanian/V2RayCFGDumper
[2026-07-15 00:18:29]   👤 用户仓库: 25 个 → 队列
[2026-07-15 00:18:29]   用户 0xRadikal 共查 25 个仓库
[2026-07-15 00:18:29] 仓库 https://github.com/Super-Zoe/v2rayN (分支: master, size: 48849KB, pushed: 2026-07-14T15:10:09Z)
[2026-07-15 00:18:29]   👤 用户仓库: 15 个 → 队列
[2026-07-15 00:18:29]   用户 Mokafela 共查 15 个仓库
[2026-07-15 00:18:29] 仓库 https://github.com/Raad63/v2rayN-windows (分支: master, size: 48446KB, pushed: 2026-07-14T15:03:12Z)
[2026-07-15 00:18:29] 仓库 https://github.com/Super-Zoe/v2rayN 无候选文件 (总计 422 blob, 扩展名过滤 372, processed_shas 跳过 0, SHA 缓存跳过 50)
[2026-07-15 00:18:29] 🔗 查子仓库: Super-Zoe/v2rayN
[2026-07-15 00:18:29] 🔗 开始 Fork 链追踪 (Super-Zoe/v2rayN)
[2026-07-15 00:18:29]   Compare API 返回 45 个变更文件 (3 次 API 调用)
[2026-07-15 00:18:29]   commits 过滤: 8819 → 22 (变更文件 45 个)
[2026-07-15 00:18:29] 仓库 https://github.com/Surfboardv2ray/TGParse 候选文件 22 个
[2026-07-15 00:18:29]   🍴 子仓库: 20 个 → 队列
[2026-07-15 00:18:29] 🔗 开始 Fork 链追踪 (miladtahanian/V2RayCFGDumper)
[2026-07-15 00:18:29] 仓库 https://github.com/Raad63/v2rayN-windows 无候选文件 (总计 422 blob, 扩展名过滤 372, processed_shas 跳过 0, SHA 缓存跳过 50)
[2026-07-15 00:18:29] 🔗 查子仓库: Raad63/v2rayN-windows
[2026-07-15 00:18:30]   父仓库: 2dust/v2rayN
[2026-07-15 00:18:30] 🔗 开始 Fork 链追踪 (Raad63/v2rayN-windows)
[2026-07-15 00:18:30] 👤 遍历用户仓库: miladtahanian
[2026-07-15 00:18:30]   父仓库: 2dust/v2rayN
[2026-07-15 00:18:33]   👤 用户仓库: 30 个 → 队列
[2026-07-15 00:18:33]   用户 miladtahanian 共查 30 个仓库
[2026-07-15 00:18:33] 仓库 https://github.com/h1w/v2rayN-RU (分支: master, size: 48468KB, pushed: 2026-07-14T15:02:35Z)
[2026-07-15 00:18:34]   🍴 兄弟仓库: 30 个 → 队列
[2026-07-15 00:18:34] 👤 遍历用户仓库: Super-Zoe
[2026-07-15 00:18:34]   🍴 兄弟仓库: 28 个 → 队列
[2026-07-15 00:18:34] 👤 遍历用户仓库: Raad63
[2026-07-15 00:18:36]   👤 用户仓库: 6 个 → 队列
[2026-07-15 00:18:36]   用户 Raad63 共查 6 个仓库
[2026-07-15 00:18:36] 仓库 https://github.com/barry-far/V2ray-Config (分支: main, size: 9627676KB, pushed: 2026-07-14T15:01:07Z)
[2026-07-15 00:18:36] 仓库 https://github.com/h1w/v2rayN-RU 候选文件 2 个
[2026-07-15 00:18:36] 📄 https://raw.githubusercontent.com/Surfboardv2ray/TGParse/main/splitted/vless ✅ 解析 1844 候选 → 1844 个有效节点 → 去重后新增 1 个
[2026-07-15 00:18:36] 🔗 查子仓库: Surfboardv2ray/TGParse
[2026-07-15 00:18:36]   👤 用户仓库: 30 个 → 队列
[2026-07-15 00:18:36]   用户 Super-Zoe 共查 30 个仓库
[2026-07-15 00:18:36] 仓库 https://github.com/jing5460/v2rayN (分支: master, size: 48846KB, pushed: 2026-07-14T14:57:24Z)
[2026-07-15 00:18:36] 仓库 https://github.com/barry-far/V2ray-Config 候选文件 34 个
[2026-07-15 00:18:36] 仓库 https://github.com/h1w/v2rayN-RU 未提取到节点，加入黑名单
[2026-07-15 00:18:36] 仓库 https://github.com/cyzzc/v2rayN (分支: master, size: 48846KB, pushed: 2026-07-14T14:56:13Z)
[2026-07-15 00:18:36] 仓库 https://github.com/jing5460/v2rayN 无候选文件 (总计 422 blob, 扩展名过滤 372, processed_shas 跳过 0, SHA 缓存跳过 50)
[2026-07-15 00:18:36] 🔗 查子仓库: jing5460/v2rayN
[2026-07-15 00:18:37] 🔗 开始 Fork 链追踪 (jing5460/v2rayN)
[2026-07-15 00:18:37]   父仓库: 2dust/v2rayN
[2026-07-15 00:18:37]   🍴 子仓库: 29 个 → 队列
[2026-07-15 00:18:37] 🔗 开始 Fork 链追踪 (Surfboardv2ray/TGParse)
[2026-07-15 00:18:37] 仓库 https://github.com/cyzzc/v2rayN 无候选文件 (总计 422 blob, 扩展名过滤 372, processed_shas 跳过 0, SHA 缓存跳过 50)
[2026-07-15 00:18:37] 🔗 查子仓库: cyzzc/v2rayN
[2026-07-15 00:18:38] 👤 遍历用户仓库: Surfboardv2ray
[2026-07-15 00:18:38] 🔗 开始 Fork 链追踪 (cyzzc/v2rayN)
[2026-07-15 00:18:38]   父仓库: 2dust/v2rayN
[2026-07-15 00:18:40] 👤 遍历用户仓库: jing5460
[2026-07-15 00:18:40]   👤 用户仓库: 30 个 → 队列
[2026-07-15 00:18:40]   用户 Surfboardv2ray 共查 30 个仓库
[2026-07-15 00:18:40] 仓库 https://github.com/myikuns/jichangtz-tuijian (分支: main, size: 148198KB, pushed: 2026-07-14T14:52:22Z)
[2026-07-15 00:18:40] 仓库 https://github.com/myikuns/jichangtz-tuijian 候选文件 1 个
[2026-07-15 00:18:41] 👤 遍历用户仓库: cyzzc
[2026-07-15 00:18:41] 🔗 查子仓库: barry-far/V2ray-Config
[2026-07-15 00:18:41] 仓库 https://github.com/myikuns/jichangtz-tuijian README 含广告词，加入黑名单
[2026-07-15 00:18:41] 仓库 https://github.com/MrArrowww/v2rayN (分支: master, size: 48446KB, pushed: 2026-07-14T14:40:59Z)
[2026-07-15 00:18:41] 仓库 https://github.com/MrArrowww/v2rayN 无候选文件 (总计 422 blob, 扩展名过滤 372, processed_shas 跳过 0, SHA 缓存跳过 50)
[2026-07-15 00:18:41] 🔗 查子仓库: MrArrowww/v2rayN
[2026-07-15 00:18:41] 🔗 开始 Fork 链追踪 (MrArrowww/v2rayN)
[2026-07-15 00:18:41]   父仓库: 2dust/v2rayN
[2026-07-15 00:18:42]   🍴 子仓库: 24 个 → 队列
[2026-07-15 00:18:42] 🔗 开始 Fork 链追踪 (barry-far/V2ray-Config)
[2026-07-15 00:18:42] 👤 遍历用户仓库: barry-far
[2026-07-15 00:18:43]   用户 barry-far 共查 0 个仓库
[2026-07-15 00:18:43] 仓库 https://github.com/Arui66/v2rayN (分支: master, size: 48846KB, pushed: 2026-07-14T14:40:20Z)
[2026-07-15 00:18:43] 仓库 https://github.com/Arui66/v2rayN 无候选文件 (总计 422 blob, 扩展名过滤 372, processed_shas 跳过 0, SHA 缓存跳过 50)
[2026-07-15 00:18:43] 🔗 查子仓库: Arui66/v2rayN
[2026-07-15 00:18:43] 🔗 开始 Fork 链追踪 (Arui66/v2rayN)
[2026-07-15 00:18:43]   👤 用户仓库: 30 个 → 队列
[2026-07-15 00:18:43]   用户 jing5460 共查 30 个仓库
[2026-07-15 00:18:43] 仓库 https://github.com/957057/v2rayN (分支: master, size: 48446KB, pushed: 2026-07-14T14:39:12Z)
[2026-07-15 00:18:43]   父仓库: 2dust/v2rayN
[2026-07-15 00:18:44]   👤 用户仓库: 30 个 → 队列
[2026-07-15 00:18:44]   用户 cyzzc 共查 30 个仓库
[2026-07-15 00:18:44] 仓库 https://github.com/q7451647-ship-it/v2rayN (分支: master, size: 48446KB, pushed: 2026-07-14T14:32:31Z)
[2026-07-15 00:18:44] 仓库 https://github.com/957057/v2rayN 无候选文件 (总计 422 blob, 扩展名过滤 372, processed_shas 跳过 0, SHA 缓存跳过 50)
[2026-07-15 00:18:44] 🔗 查子仓库: 957057/v2rayN
[2026-07-15 00:18:44] 🔗 开始 Fork 链追踪 (957057/v2rayN)
[2026-07-15 00:18:44] 👤 遍历用户仓库: MrArrowww
[2026-07-15 00:18:44] 仓库 https://github.com/q7451647-ship-it/v2rayN 无候选文件 (总计 422 blob, 扩展名过滤 372, processed_shas 跳过 0, SHA 缓存跳过 50)
[2026-07-15 00:18:44] 🔗 查子仓库: q7451647-ship-it/v2rayN
[2026-07-15 00:18:44]   父仓库: 2dust/v2rayN
[2026-07-15 00:18:45] 🔗 开始 Fork 链追踪 (q7451647-ship-it/v2rayN)
[2026-07-15 00:18:45]   👤 用户仓库: 8 个 → 队列
[2026-07-15 00:18:45]   用户 MrArrowww 共查 8 个仓库
[2026-07-15 00:18:45] 仓库 https://github.com/tristan-deng/v2rayNodesSelected (分支: main, size: 1222KB, pushed: 2026-07-14T14:27:03Z)
[2026-07-15 00:18:45] 👤 遍历用户仓库: Arui66
[2026-07-15 00:18:45]   父仓库: 2dust/v2rayN
[2026-07-15 00:18:45] 仓库 https://github.com/tristan-deng/v2rayNodesSelected 候选文件 2 个
[2026-07-15 00:18:45] 🔗 查子仓库: tristan-deng/v2rayNodesSelected
[2026-07-15 00:18:46]   🍴 子仓库: 1 个 → 队列
[2026-07-15 00:18:46] 🔗 开始 Fork 链追踪 (tristan-deng/v2rayNodesSelected)
[2026-07-15 00:18:46] 👤 遍历用户仓库: tristan-deng
[2026-07-15 00:18:46]   👤 用户仓库: 30 个 → 队列
[2026-07-15 00:18:46]   用户 Arui66 共查 30 个仓库
[2026-07-15 00:18:46] 仓库 https://github.com/linG5821/v2rayN (分支: master, size: 48846KB, pushed: 2026-07-14T14:24:30Z)
[2026-07-15 00:18:46] 👤 遍历用户仓库: 957057
[2026-07-15 00:18:46]   👤 用户仓库: 4 个 → 队列
[2026-07-15 00:18:46]   用户 tristan-deng 共查 4 个仓库
[2026-07-15 00:18:46] 仓库 https://github.com/teamy/v2rayN (分支: master, size: 48846KB, pushed: 2026-07-14T14:24:16Z)
[2026-07-15 00:18:47] 👤 遍历用户仓库: q7451647-ship-it
[2026-07-15 00:18:47] 仓库 https://github.com/linG5821/v2rayN 无候选文件 (总计 422 blob, 扩展名过滤 372, processed_shas 跳过 0, SHA 缓存跳过 50)
[2026-07-15 00:18:47] 🔗 查子仓库: linG5821/v2rayN
[2026-07-15 00:18:47] 🔗 开始 Fork 链追踪 (linG5821/v2rayN)
[2026-07-15 00:18:47] 仓库 https://github.com/teamy/v2rayN 无候选文件 (总计 422 blob, 扩展名过滤 372, processed_shas 跳过 0, SHA 缓存跳过 50)
[2026-07-15 00:18:47] 🔗 查子仓库: teamy/v2rayN
[2026-07-15 00:18:47]   👤 用户仓库: 12 个 → 队列
[2026-07-15 00:18:47]   用户 q7451647-ship-it 共查 12 个仓库
[2026-07-15 00:18:47] 仓库 https://github.com/WANGjs6736/v2rayN (分支: master, size: 48846KB, pushed: 2026-07-14T14:23:18Z)
[2026-07-15 00:18:47] 🔗 开始 Fork 链追踪 (teamy/v2rayN)
[2026-07-15 00:18:47]   父仓库: 2dust/v2rayN
[2026-07-15 00:18:47]   父仓库: 2dust/v2rayN
[2026-07-15 00:18:48] 仓库 https://github.com/WANGjs6736/v2rayN 无候选文件 (总计 422 blob, 扩展名过滤 372, processed_shas 跳过 0, SHA 缓存跳过 50)
[2026-07-15 00:18:48] 🔗 查子仓库: WANGjs6736/v2rayN
[2026-07-15 00:18:48] 🔗 开始 Fork 链追踪 (WANGjs6736/v2rayN)
[2026-07-15 00:18:48]   父仓库: 2dust/v2rayN
[2026-07-15 00:18:49]   👤 用户仓库: 30 个 → 队列
[2026-07-15 00:18:49]   用户 957057 共查 30 个仓库
[2026-07-15 00:18:49] 仓库 https://github.com/qaz-t/v2rayN (分支: master, size: 48846KB, pushed: 2026-07-14T14:23:08Z)
[2026-07-15 00:18:49] 仓库 https://github.com/qaz-t/v2rayN 无候选文件 (总计 422 blob, 扩展名过滤 372, processed_shas 跳过 0, SHA 缓存跳过 50)
[2026-07-15 00:18:49] 🔗 查子仓库: qaz-t/v2rayN
[2026-07-15 00:18:49] 🔗 开始 Fork 链追踪 (qaz-t/v2rayN)
[2026-07-15 00:18:49]   父仓库: 2dust/v2rayN
[2026-07-15 00:18:50] 👤 遍历用户仓库: teamy
[2026-07-15 00:18:50] 👤 遍历用户仓库: linG5821
[2026-07-15 00:18:50] 👤 遍历用户仓库: WANGjs6736
[2026-07-15 00:18:50]   👤 用户仓库: 30 个 → 队列
[2026-07-15 00:18:50]   用户 teamy 共查 30 个仓库
[2026-07-15 00:18:50] 仓库 https://github.com/limeihui110/v2ray-speed-sub (分支: main, size: 73KB, pushed: 2026-07-14T14:18:01Z)
[2026-07-15 00:18:51] 仓库 https://github.com/limeihui110/v2ray-speed-sub 候选文件 2 个
[2026-07-15 00:18:51]   👤 用户仓库: 29 个 → 队列
[2026-07-15 00:18:51]   用户 WANGjs6736 共查 29 个仓库
[2026-07-15 00:18:51] 仓库 https://github.com/GH6324/v2rayN (分支: master, size: 48846KB, pushed: 2026-07-14T14:17:16Z)
[2026-07-15 00:18:51] 🔗 查子仓库: limeihui110/v2ray-speed-sub
[2026-07-15 00:18:51]   👤 用户仓库: 30 个 → 队列
[2026-07-15 00:18:51]   用户 linG5821 共查 30 个仓库
[2026-07-15 00:18:51] 仓库 https://github.com/sincalaway/v2rayN (分支: master, size: 48446KB, pushed: 2026-07-14T14:12:39Z)
[2026-07-15 00:18:51] 🔗 开始 Fork 链追踪 (limeihui110/v2ray-speed-sub)
[2026-07-15 00:18:52] 👤 遍历用户仓库: limeihui110
[2026-07-15 00:18:52] 仓库 https://github.com/GH6324/v2rayN 无候选文件 (总计 422 blob, 扩展名过滤 372, processed_shas 跳过 0, SHA 缓存跳过 50)
[2026-07-15 00:18:52] 🔗 查子仓库: GH6324/v2rayN
[2026-07-15 00:18:52] 仓库 https://github.com/sincalaway/v2rayN 无候选文件 (总计 422 blob, 扩展名过滤 372, processed_shas 跳过 0, SHA 缓存跳过 50)
[2026-07-15 00:18:52] 🔗 查子仓库: sincalaway/v2rayN
[2026-07-15 00:18:52] 🔗 开始 Fork 链追踪 (sincalaway/v2rayN)
[2026-07-15 00:18:52] 🔗 开始 Fork 链追踪 (GH6324/v2rayN)
[2026-07-15 00:18:52] 👤 遍历用户仓库: qaz-t
[2026-07-15 00:18:52]   父仓库: 2dust/v2rayN
[2026-07-15 00:18:52]   父仓库: 2dust/v2rayN
[2026-07-15 00:18:52]   👤 用户仓库: 16 个 → 队列
[2026-07-15 00:18:52]   用户 limeihui110 共查 16 个仓库
[2026-07-15 00:18:52] 仓库 https://github.com/A-Archives-and-Forks/v2rayN (分支: master, size: 48846KB, pushed: 2026-07-14T14:12:10Z)
[2026-07-15 00:18:53]   👤 用户仓库: 30 个 → 队列
[2026-07-15 00:18:53]   用户 qaz-t 共查 30 个仓库
[2026-07-15 00:18:53] 仓库 https://github.com/windzyyy/v2rayN (分支: master, size: 48446KB, pushed: 2026-07-14T14:10:07Z)
[2026-07-15 00:18:53] 仓库 https://github.com/A-Archives-and-Forks/v2rayN 无候选文件 (总计 422 blob, 扩展名过滤 372, processed_shas 跳过 0, SHA 缓存跳过 50)
[2026-07-15 00:18:53] 🔗 查子仓库: A-Archives-and-Forks/v2rayN
[2026-07-15 00:18:53] 🔗 开始 Fork 链追踪 (A-Archives-and-Forks/v2rayN)
[2026-07-15 00:18:53] 仓库 https://github.com/windzyyy/v2rayN 无候选文件 (总计 422 blob, 扩展名过滤 372, processed_shas 跳过 0, SHA 缓存跳过 50)
[2026-07-15 00:18:53] 🔗 查子仓库: windzyyy/v2rayN
[2026-07-15 00:18:53] 👤 遍历用户仓库: GH6324
[2026-07-15 00:18:53]   父仓库: 2dust/v2rayN
[2026-07-15 00:18:53] 🔗 开始 Fork 链追踪 (windzyyy/v2rayN)
[2026-07-15 00:18:53] 👤 遍历用户仓库: sincalaway
[2026-07-15 00:18:54]   父仓库: 2dust/v2rayN
[2026-07-15 00:18:55] 👤 遍历用户仓库: A-Archives-and-Forks
[2026-07-15 00:18:55] 👤 遍历用户仓库: windzyyy
[2026-07-15 00:18:55]   👤 用户仓库: 14 个 → 队列
[2026-07-15 00:18:55]   用户 windzyyy 共查 14 个仓库
[2026-07-15 00:18:55] 仓库 https://github.com/woyin/v2rayN (分支: master, size: 48446KB, pushed: 2026-07-14T14:09:11Z)
[2026-07-15 00:18:56] 仓库 https://github.com/woyin/v2rayN 无候选文件 (总计 422 blob, 扩展名过滤 372, processed_shas 跳过 0, SHA 缓存跳过 50)
[2026-07-15 00:18:56] 🔗 查子仓库: woyin/v2rayN
[2026-07-15 00:18:56] 🔗 开始 Fork 链追踪 (woyin/v2rayN)
[2026-07-15 00:18:56]   👤 用户仓库: 30 个 → 队列
[2026-07-15 00:18:56]   用户 sincalaway 共查 30 个仓库
[2026-07-15 00:18:56] 仓库 https://github.com/PENZA84/v2raynode (分支: main, size: 845KB, pushed: 2026-07-14T14:01:17Z)
[2026-07-15 00:18:56]   父仓库: 2dust/v2rayN
[2026-07-15 00:18:57] 仓库 https://github.com/PENZA84/v2raynode 候选文件 3 个
[2026-07-15 00:18:57] 🔗 查子仓库: PENZA84/v2raynode
[2026-07-15 00:18:57] 🔗 开始 Fork 链追踪 (PENZA84/v2raynode)
[2026-07-15 00:18:58] 👤 遍历用户仓库: woyin
[2026-07-15 00:18:58]   父仓库: nodesfree/v2raynode
[2026-07-15 00:18:58]   🍴 兄弟仓库: 9 个 → 队列
[2026-07-15 00:18:58] 👤 遍历用户仓库: PENZA84
[2026-07-15 00:19:00]   👤 用户仓库: 27 个 → 队列
[2026-07-15 00:19:00]   用户 PENZA84 共查 27 个仓库
[2026-07-15 00:19:00] 仓库 https://github.com/ppker/v2rayN (分支: master, size: 48846KB, pushed: 2026-07-14T13:58:15Z)
[2026-07-15 00:19:01] 仓库 https://github.com/ppker/v2rayN 无候选文件 (总计 422 blob, 扩展名过滤 372, processed_shas 跳过 0, SHA 缓存跳过 50)
[2026-07-15 00:19:01] 🔗 查子仓库: ppker/v2rayN
[2026-07-15 00:19:01] 🔗 开始 Fork 链追踪 (ppker/v2rayN)
[2026-07-15 00:19:01]   👤 用户仓库: 30 个 → 队列
[2026-07-15 00:19:01]   用户 A-Archives-and-Forks 共查 30 个仓库
[2026-07-15 00:19:01] 仓库 https://github.com/one2020-1/v2rayN (分支: master, size: 48446KB, pushed: 2026-07-14T13:57:42Z)
[2026-07-15 00:19:01]   👤 用户仓库: 30 个 → 队列
[2026-07-15 00:19:01]   用户 woyin 共查 30 个仓库
[2026-07-15 00:19:01] 仓库 https://github.com/nodesfree/v2raynode (分支: main, size: 750KB, pushed: 2026-07-14T13:55:04Z)
[2026-07-15 00:19:01]   父仓库: 2dust/v2rayN
[2026-07-15 00:19:01] 仓库 https://github.com/nodesfree/v2raynode 无候选文件 (总计 115 blob, 扩展名过滤 95, processed_shas 跳过 0, SHA 缓存跳过 20)
[2026-07-15 00:19:01] 🔗 查子仓库: nodesfree/v2raynode
[2026-07-15 00:19:01] 仓库 https://github.com/one2020-1/v2rayN 无候选文件 (总计 422 blob, 扩展名过滤 372, processed_shas 跳过 0, SHA 缓存跳过 50)
[2026-07-15 00:19:01] 🔗 查子仓库: one2020-1/v2rayN
[2026-07-15 00:19:01] 🔗 开始 Fork 链追踪 (one2020-1/v2rayN)
[2026-07-15 00:19:02] 🔗 开始 Fork 链追踪 (nodesfree/v2raynode)
[2026-07-15 00:19:02]   父仓库: 2dust/v2rayN
[2026-07-15 00:19:02] 👤 遍历用户仓库: nodesfree
[2026-07-15 00:19:02]   👤 用户仓库: 30 个 → 队列
[2026-07-15 00:19:02]   用户 GH6324 共查 30 个仓库
[2026-07-15 00:19:02] 仓库 https://github.com/chenlong622/v2rayN (分支: master, size: 48446KB, pushed: 2026-07-14T13:53:05Z)
[2026-07-15 00:19:03] 仓库 https://github.com/chenlong622/v2rayN 无候选文件 (总计 422 blob, 扩展名过滤 372, processed_shas 跳过 0, SHA 缓存跳过 50)
[2026-07-15 00:19:03] 🔗 查子仓库: chenlong622/v2rayN[2026-07-15 00:19:03]   👤 用户仓库: 17 个 → 队列

[2026-07-15 00:19:03]   用户 nodesfree 共查 17 个仓库
[2026-07-15 00:19:03] 仓库 https://github.com/ethanjiang7/v2rayN (分支: master, size: 48446KB, pushed: 2026-07-14T13:46:06Z)
[2026-07-15 00:19:03] 🔗 开始 Fork 链追踪 (chenlong622/v2rayN)
[2026-07-15 00:19:03] 👤 遍历用户仓库: ppker
[2026-07-15 00:19:03] 仓库 https://github.com/ethanjiang7/v2rayN 无候选文件 (总计 422 blob, 扩展名过滤 372, processed_shas 跳过 0, SHA 缓存跳过 50)
[2026-07-15 00:19:03] 🔗 查子仓库: ethanjiang7/v2rayN
[2026-07-15 00:19:03]   父仓库: 2dust/v2rayN
[2026-07-15 00:19:03] 🔗 开始 Fork 链追踪 (ethanjiang7/v2rayN)
[2026-07-15 00:19:03]   父仓库: 2dust/v2rayN
[2026-07-15 00:19:04] 👤 遍历用户仓库: one2020-1
[2026-07-15 00:19:04] 👤 遍历用户仓库: chenlong622
[2026-07-15 00:19:04]   👤 用户仓库: 21 个 → 队列
[2026-07-15 00:19:04]   用户 one2020-1 共查 21 个仓库
[2026-07-15 00:19:04] 仓库 https://github.com/xwcyg6/v2raynode (分支: main, size: 850KB, pushed: 2026-07-14T13:45:36Z)
[2026-07-15 00:19:05] 仓库 https://github.com/xwcyg6/v2raynode 无候选文件 (总计 115 blob, 扩展名过滤 95, processed_shas 跳过 0, SHA 缓存跳过 20)
[2026-07-15 00:19:05] 🔗 查子仓库: xwcyg6/v2raynode
[2026-07-15 00:19:05] 🔗 开始 Fork 链追踪 (xwcyg6/v2raynode)
[2026-07-15 00:19:05]   父仓库: nodesfree/v2raynode
[2026-07-15 00:19:05] 👤 遍历用户仓库: ethanjiang7
[2026-07-15 00:19:06] 👤 遍历用户仓库: xwcyg6
[2026-07-15 00:19:06]   👤 用户仓库: 30 个 → 队列
[2026-07-15 00:19:06]   用户 chenlong622 共查 30 个仓库
[2026-07-15 00:19:06] 仓库 https://github.com/linyanghao/v2rayN (分支: master, size: 48846KB, pushed: 2026-07-14T13:43:17Z)
[2026-07-15 00:19:07]   👤 用户仓库: 30 个 → 队列
[2026-07-15 00:19:07]   用户 ethanjiang7 共查 30 个仓库
[2026-07-15 00:19:07] 仓库 https://github.com/dxyzx0/v2rayN (分支: master, size: 48846KB, pushed: 2026-07-14T13:36:19Z)
[2026-07-15 00:19:07] 仓库 https://github.com/linyanghao/v2rayN 无候选文件 (总计 422 blob, 扩展名过滤 372, processed_shas 跳过 0, SHA 缓存跳过 50)
[2026-07-15 00:19:07] 🔗 查子仓库: linyanghao/v2rayN
[2026-07-15 00:19:07] 🔗 开始 Fork 链追踪 (linyanghao/v2rayN)
[2026-07-15 00:19:07] 仓库 https://github.com/dxyzx0/v2rayN 无候选文件 (总计 422 blob, 扩展名过滤 372, processed_shas 跳过 0, SHA 缓存跳过 50)
[2026-07-15 00:19:07] 🔗 查子仓库: dxyzx0/v2rayN
[2026-07-15 00:19:07]   父仓库: 2dust/v2rayN
[2026-07-15 00:19:07] 🔗 开始 Fork 链追踪 (dxyzx0/v2rayN)
[2026-07-15 00:19:08]   父仓库: 2dust/v2rayN
[2026-07-15 00:19:08]   👤 用户仓库: 30 个 → 队列
[2026-07-15 00:19:08]   用户 xwcyg6 共查 30 个仓库
[2026-07-15 00:19:08] 仓库 https://github.com/rsoorajs/v2rayN (分支: master, size: 48846KB, pushed: 2026-07-14T13:35:25Z)
[2026-07-15 00:19:08] 仓库 https://github.com/rsoorajs/v2rayN 无候选文件 (总计 422 blob, 扩展名过滤 372, processed_shas 跳过 0, SHA 缓存跳过 50)
[2026-07-15 00:19:08] 🔗 查子仓库: rsoorajs/v2rayN
[2026-07-15 00:19:08] 🔗 开始 Fork 链追踪 (rsoorajs/v2rayN)
[2026-07-15 00:19:09]   父仓库: 2dust/v2rayN
[2026-07-15 00:19:09] 👤 遍历用户仓库: linyanghao
[2026-07-15 00:19:10] 👤 遍历用户仓库: dxyzx0
[2026-07-15 00:19:10] 👤 遍历用户仓库: rsoorajs
[2026-07-15 00:19:10]   👤 用户仓库: 30 个 → 队列
[2026-07-15 00:19:10]   用户 linyanghao 共查 30 个仓库
[2026-07-15 00:19:10] 仓库 https://github.com/lidebyte/v2rayN (分支: master, size: 48446KB, pushed: 2026-07-14T13:33:39Z)
[2026-07-15 00:19:11] 仓库 https://github.com/lidebyte/v2rayN 无候选文件 (总计 422 blob, 扩展名过滤 372, processed_shas 跳过 0, SHA 缓存跳过 50)
[2026-07-15 00:19:11] 🔗 查子仓库: lidebyte/v2rayN
[2026-07-15 00:19:11]   👤 用户仓库: 30 个 → 队列
[2026-07-15 00:19:11]   用户 dxyzx0 共查 30 个仓库
[2026-07-15 00:19:11] 仓库 https://github.com/tianhm/v2rayN (分支: master, size: 48446KB, pushed: 2026-07-14T13:31:11Z)
[2026-07-15 00:19:11] 🔗 开始 Fork 链追踪 (lidebyte/v2rayN)
[2026-07-15 00:19:11]   父仓库: 2dust/v2rayN
[2026-07-15 00:19:11] 仓库 https://github.com/tianhm/v2rayN 无候选文件 (总计 422 blob, 扩展名过滤 372, processed_shas 跳过 0, SHA 缓存跳过 50)
[2026-07-15 00:19:11] 🔗 查子仓库: tianhm/v2rayN
[2026-07-15 00:19:11]   👤 用户仓库: 30 个 → 队列
[2026-07-15 00:19:11]   用户 ppker 共查 30 个仓库
[2026-07-15 00:19:11] 仓库 https://github.com/catcat0921/v2rayN (分支: master, size: 48846KB, pushed: 2026-07-14T13:28:18Z)
[2026-07-15 00:19:11] 🔗 开始 Fork 链追踪 (tianhm/v2rayN)
[2026-07-15 00:19:12]   父仓库: 2dust/v2rayN
[2026-07-15 00:19:12] 仓库 https://github.com/catcat0921/v2rayN 无候选文件 (总计 422 blob, 扩展名过滤 372, processed_shas 跳过 0, SHA 缓存跳过 50)
[2026-07-15 00:19:12] 🔗 查子仓库: catcat0921/v2rayN
[2026-07-15 00:19:12] 🔗 开始 Fork 链追踪 (catcat0921/v2rayN)
[2026-07-15 00:19:12]   父仓库: 2dust/v2rayN
[2026-07-15 00:19:14] 👤 遍历用户仓库: lidebyte
[2026-07-15 00:19:15] 👤 遍历用户仓库: tianhm
[2026-07-15 00:19:15] 👤 遍历用户仓库: catcat0921
[2026-07-15 00:19:19]   👤 用户仓库: 30 个 → 队列
[2026-07-15 00:19:19]   用户 lidebyte 共查 30 个仓库
[2026-07-15 00:19:19] 仓库 https://github.com/ofepo/v2rayN (分支: master, size: 48846KB, pushed: 2026-07-14T13:27:18Z)
[2026-07-15 00:19:21] 仓库 https://github.com/ofepo/v2rayN 无候选文件 (总计 422 blob, 扩展名过滤 372, processed_shas 跳过 0, SHA 缓存跳过 50)
[2026-07-15 00:19:21] 🔗 查子仓库: ofepo/v2rayN
[2026-07-15 00:19:21] 🔗 开始 Fork 链追踪 (ofepo/v2rayN)
[2026-07-15 00:19:23]   👤 用户仓库: 30 个 → 队列
[2026-07-15 00:19:23]   用户 rsoorajs 共查 30 个仓库
[2026-07-15 00:19:23] 仓库 https://github.com/uvswifft/v2rayN (分支: master, size: 48846KB, pushed: 2026-07-14T13:24:23Z)
[2026-07-15 00:19:25]   父仓库: 2dust/v2rayN
[2026-07-15 00:19:25]   👤 用户仓库: 30 个 → 队列
[2026-07-15 00:19:25]   用户 catcat0921 共查 30 个仓库
[2026-07-15 00:19:25] 仓库 https://github.com/zuofeng1028/v2rayN (分支: master, size: 48446KB, pushed: 2026-07-14T13:00:27Z)
[2026-07-15 00:19:26] 仓库 https://github.com/uvswifft/v2rayN 无候选文件 (总计 422 blob, 扩展名过滤 372, processed_shas 跳过 0, SHA 缓存跳过 50)
[2026-07-15 00:19:26] 🔗 查子仓库: uvswifft/v2rayN
[2026-07-15 00:19:26] 仓库 https://github.com/zuofeng1028/v2rayN 无候选文件 (总计 422 blob, 扩展名过滤 372, processed_shas 跳过 0, SHA 缓存跳过 50)
[2026-07-15 00:19:26] 🔗 查子仓库: zuofeng1028/v2rayN
[2026-07-15 00:19:28] 🔗 开始 Fork 链追踪 (uvswifft/v2rayN)
[2026-07-15 00:19:28] 🔗 开始 Fork 链追踪 (zuofeng1028/v2rayN)
[2026-07-15 00:19:28]   父仓库: 2dust/v2rayN
[2026-07-15 00:19:30]   父仓库: 2dust/v2rayN[2026-07-15 00:19:30]   👤 用户仓库: 30 个 → 队列
[2026-07-15 00:19:30] 👤 遍历用户仓库: ofepo

[2026-07-15 00:19:30]   用户 tianhm 共查 30 个仓库
[2026-07-15 00:19:30] 仓库 https://github.com/selenologist99/v2rayN (分支: master, size: 48446KB, pushed: 2026-07-14T12:58:07Z)
[2026-07-15 00:19:33] 仓库 https://github.com/selenologist99/v2rayN 无候选文件 (总计 422 blob, 扩展名过滤 372, processed_shas 跳过 0, SHA 缓存跳过 50)
[2026-07-15 00:19:33] 🔗 查子仓库: selenologist99/v2rayN
[2026-07-15 00:19:33] 🔗 开始 Fork 链追踪 (selenologist99/v2rayN)
[2026-07-15 00:19:35] 👤 遍历用户仓库: zuofeng1028
[2026-07-15 00:19:35] 👤 遍历用户仓库: uvswifft
[2026-07-15 00:19:37]   父仓库: 2dust/v2rayN
[2026-07-15 00:19:37]   👤 用户仓库: 30 个 → 队列
[2026-07-15 00:19:37]   用户 ofepo 共查 30 个仓库
[2026-07-15 00:19:37] 仓库 https://github.com/AvetGR8/EasyV2raySub (分支: main, size: 11788KB, pushed: 2026-07-14T12:49:42Z)
[2026-07-15 00:19:37] 仓库 https://github.com/AvetGR8/EasyV2raySub 候选文件 1 个
[2026-07-15 00:19:38] 🔗 查子仓库: AvetGR8/EasyV2raySub
[2026-07-15 00:19:38]   👤 用户仓库: 30 个 → 队列
[2026-07-15 00:19:38]   用户 zuofeng1028 共查 30 个仓库
[2026-07-15 00:19:38] 仓库 https://github.com/sec-js/v2rayN (分支: master, size: 48846KB, pushed: 2026-07-14T12:45:04Z)
[2026-07-15 00:19:40] 🔗 开始 Fork 链追踪 (AvetGR8/EasyV2raySub)[2026-07-15 00:19:40] 👤 遍历用户仓库: selenologist99

[2026-07-15 00:19:42] 仓库 https://github.com/sec-js/v2rayN 无候选文件 (总计 422 blob, 扩展名过滤 372, processed_shas 跳过 0, SHA 缓存跳过 50)
[2026-07-15 00:19:42] 🔗 查子仓库: sec-js/v2rayN
[2026-07-15 00:19:42] 🔗 开始 Fork 链追踪 (sec-js/v2rayN)
[2026-07-15 00:19:42]   父仓库: Devindan/EasyV2raySub
[2026-07-15 00:19:42]   父仓库: 2dust/v2rayN
[2026-07-15 00:19:47]   👤 用户仓库: 30 个 → 队列
[2026-07-15 00:19:47]   用户 selenologist99 共查 30 个仓库
[2026-07-15 00:19:47] 仓库 https://github.com/kafeixiang/v2rayN (分支: master, size: 48458KB, pushed: 2026-07-14T15:38:21Z)
[2026-07-15 00:19:47] 👤 遍历用户仓库: AvetGR8
[2026-07-15 00:19:47]   👤 用户仓库: 30 个 → 队列
[2026-07-15 00:19:47]   用户 uvswifft 共查 30 个仓库
[2026-07-15 00:19:47] 仓库 https://github.com/python-net-dev/anytls-vless-reality-hysteria2-tuic-ss (分支: main, size: 112KB, pushed: 2026-07-14T12:37:56Z)
[2026-07-15 00:19:49] 仓库 https://github.com/kafeixiang/v2rayN 无候选文件 (总计 422 blob, 扩展名过滤 372, processed_shas 跳过 0, SHA 缓存跳过 50)[2026-07-15 00:19:49] 👤 遍历用户仓库: sec-js

[2026-07-15 00:19:49] 🔗 查子仓库: kafeixiang/v2rayN
[2026-07-15 00:19:51] 仓库 https://github.com/python-net-dev/anytls-vless-reality-hysteria2-tuic-ss 候选文件 4 个
[2026-07-15 00:19:51]   用户 AvetGR8 共查 0 个仓库
[2026-07-15 00:19:51] 仓库 https://github.com/Orynomnix/v2rayN (分支: master, size: 48846KB, pushed: 2026-07-14T12:37:32Z)
[2026-07-15 00:19:51] 🔗 开始 Fork 链追踪 (kafeixiang/v2rayN)
[2026-07-15 00:19:52] 仓库 https://github.com/python-net-dev/anytls-vless-reality-hysteria2-tuic-ss README 含广告词，加入黑名单
[2026-07-15 00:19:52] 仓库 https://github.com/changsongyang/v2rayN (分支: master, size: 48846KB, pushed: 2026-07-14T12:36:47Z)
[2026-07-15 00:19:53] 仓库 https://github.com/Orynomnix/v2rayN 无候选文件 (总计 422 blob, 扩展名过滤 372, processed_shas 跳过 0, SHA 缓存跳过 50)
[2026-07-15 00:19:53] 🔗 查子仓库: Orynomnix/v2rayN
[2026-07-15 00:19:53] 🔗 开始 Fork 链追踪 (Orynomnix/v2rayN)
[2026-07-15 00:19:53]   父仓库: 2dust/v2rayN
[2026-07-15 00:19:55] 仓库 https://github.com/changsongyang/v2rayN 无候选文件 (总计 422 blob, 扩展名过滤 372, processed_shas 跳过 0, SHA 缓存跳过 50)[2026-07-15 00:19:55]   父仓库: 2dust/v2rayN

[2026-07-15 00:19:55] 🔗 查子仓库: changsongyang/v2rayN
[2026-07-15 00:19:57] 🔗 开始 Fork 链追踪 (changsongyang/v2rayN)
[2026-07-15 00:19:58]   父仓库: 2dust/v2rayN
[2026-07-15 00:19:58] 👤 遍历用户仓库: kafeixiang
[2026-07-15 00:20:02]   👤 用户仓库: 18 个 → 队列
[2026-07-15 00:20:02]   用户 kafeixiang 共查 18 个仓库
[2026-07-15 00:20:02] 仓库 https://github.com/FengHaoyun-MONSTER/v2rayN_Pro (分支: master, size: 48132KB, pushed: 2026-07-14T12:35:48Z)
[2026-07-15 00:20:02] 👤 遍历用户仓库: Orynomnix
[2026-07-15 00:20:02] 仓库 https://github.com/FengHaoyun-MONSTER/v2rayN_Pro 候选文件 2 个
[2026-07-15 00:20:03] 仓库 https://github.com/FengHaoyun-MONSTER/v2rayN_Pro 未提取到节点，加入黑名单
[2026-07-15 00:20:03] 仓库 https://github.com/IvanSolis1989/Smart-Config-Kit (分支: main, size: 413738KB, pushed: 2026-07-14T12:27:22Z)
[2026-07-15 00:20:03]   👤 用户仓库: 30 个 → 队列
[2026-07-15 00:20:03]   用户 Orynomnix 共查 30 个仓库
[2026-07-15 00:20:03] 仓库 https://github.com/Kiterepo/v2rayN-2 (分支: master, size: 48846KB, pushed: 2026-07-14T12:14:30Z)
[2026-07-15 00:20:05] 👤 遍历用户仓库: changsongyang
[2026-07-15 00:20:05] 仓库 https://github.com/IvanSolis1989/Smart-Config-Kit 候选文件较多 (962 个)，先通过 commits API 过滤[2026-07-15 00:20:05]   👤 用户仓库: 30 个 → 队列

[2026-07-15 00:20:05]   用户 sec-js 共查 30 个仓库
[2026-07-15 00:20:05] 仓库 https://github.com/danilog28/V2ray_Configs (分支: main, size: 1296KB, pushed: 2026-07-14T12:07:44Z)
[2026-07-15 00:20:07] 仓库 https://github.com/Kiterepo/v2rayN-2 无候选文件 (总计 422 blob, 扩展名过滤 372, processed_shas 跳过 0, SHA 缓存跳过 50)
[2026-07-15 00:20:07] 🔗 查子仓库: Kiterepo/v2rayN-2
[2026-07-15 00:20:07] 🔗 开始 Fork 链追踪 (Kiterepo/v2rayN-2)
[2026-07-15 00:20:07] 仓库 https://github.com/danilog28/V2ray_Configs 候选文件 1 个
[2026-07-15 00:20:08] 📄 https://raw.githubusercontent.com/danilog28/V2ray_Configs/main/V2rayMHMD_TI.txt ✅ 解析 222 候选 → 222 个有效节点 → 去重后新增 2 个
[2026-07-15 00:20:08] 🔗 查子仓库: danilog28/V2ray_Configs
[2026-07-15 00:20:09]   父仓库: 2dust/v2rayN
[2026-07-15 00:20:11] 🔗 开始 Fork 链追踪 (danilog28/V2ray_Configs)
[2026-07-15 00:20:12] 👤 遍历用户仓库: danilog28
[2026-07-15 00:20:12]   👤 用户仓库: 1 个 → 队列
[2026-07-15 00:20:12]   用户 danilog28 共查 1 个仓库
[2026-07-15 00:20:12] 仓库 https://github.com/soitun/v2rayN (分支: master, size: 48846KB, pushed: 2026-07-14T12:05:15Z)
[2026-07-15 00:20:14]   Compare API 返回 120 个变更文件 (3 次 API 调用)
[2026-07-15 00:20:14]   commits 过滤: 962 → 75 (变更文件 120 个)
[2026-07-15 00:20:14] 仓库 https://github.com/IvanSolis1989/Smart-Config-Kit 候选文件 75 个
[2026-07-15 00:20:15] 📄 https://raw.githubusercontent.com/IvanSolis1989/Smart-Config-Kit/main/SingBox/SingBox(sing-box)-full.json ✅ 解析 21 候选 → 21 个有效节点 → 去重后新增 21 个
[2026-07-15 00:20:16] 仓库 https://github.com/soitun/v2rayN 无候选文件 (总计 422 blob, 扩展名过滤 372, processed_shas 跳过 0, SHA 缓存跳过 50)
[2026-07-15 00:20:16] 🔗 查子仓库: soitun/v2rayN
[2026-07-15 00:20:17] 🔗 开始 Fork 链追踪 (soitun/v2rayN)
[2026-07-15 00:20:17]   父仓库: 2dust/v2rayN
[2026-07-15 00:20:18] 👤 遍历用户仓库: Kiterepo
[2026-07-15 00:20:22] 👤 遍历用户仓库: soitun
[2026-07-15 00:20:24]   👤 用户仓库: 30 个 → 队列
[2026-07-15 00:20:24]   用户 changsongyang 共查 30 个仓库
[2026-07-15 00:20:24] 仓库 https://github.com/wuyaoboss/v2rayN_YB (分支: master, size: 48446KB, pushed: 2026-07-14T12:02:04Z)
[2026-07-15 00:20:26] 仓库 https://github.com/wuyaoboss/v2rayN_YB 无候选文件 (总计 422 blob, 扩展名过滤 372, processed_shas 跳过 0, SHA 缓存跳过 50)
[2026-07-15 00:20:26] 🔗 查子仓库: wuyaoboss/v2rayN_YB
[2026-07-15 00:20:27] 🔗 开始 Fork 链追踪 (wuyaoboss/v2rayN_YB)
[2026-07-15 00:20:27]   父仓库: 2dust/v2rayN
[2026-07-15 00:20:31] 👤 遍历用户仓库: wuyaoboss
[2026-07-15 00:20:32]   👤 用户仓库: 30 个 → 队列
[2026-07-15 00:20:32]   用户 Kiterepo 共查 30 个仓库
[2026-07-15 00:20:32] 仓库 https://github.com/wuyaoboss/v2rayNG_YB (分支: master, size: 35659KB, pushed: 2026-07-14T12:01:47Z)
[2026-07-15 00:20:32]   👤 用户仓库: 23 个 → 队列
[2026-07-15 00:20:32]   用户 wuyaoboss 共查 23 个仓库
[2026-07-15 00:20:32] 仓库 https://github.com/clift190/v2rayN (分支: master, size: 48846KB, pushed: 2026-07-14T11:55:52Z)
[2026-07-15 00:20:33] 仓库 https://github.com/wuyaoboss/v2rayNG_YB 无候选文件 (总计 388 blob, 扩展名过滤 365, processed_shas 跳过 0, SHA 缓存跳过 23)
[2026-07-15 00:20:33] 🔗 查子仓库: wuyaoboss/v2rayNG_YB
[2026-07-15 00:20:33] 🔗 开始 Fork 链追踪 (wuyaoboss/v2rayNG_YB)
[2026-07-15 00:20:34] 仓库 https://github.com/clift190/v2rayN 无候选文件 (总计 422 blob, 扩展名过滤 372, processed_shas 跳过 0, SHA 缓存跳过 50)
[2026-07-15 00:20:34] 🔗 查子仓库: clift190/v2rayN
[2026-07-15 00:20:34] 🔗 开始 Fork 链追踪 (clift190/v2rayN)
[2026-07-15 00:20:34]   父仓库: 2dust/v2rayNG
[2026-07-15 00:20:34] ⏭️ 仓库 https://github.com/2dust/v2rayNG 102h 未更新，跳过
[2026-07-15 00:20:34]   父仓库 +0 个节点
[2026-07-15 00:20:34]   父仓库: 2dust/v2rayN
[2026-07-15 00:20:41]   👤 用户仓库: 30 个 → 队列
[2026-07-15 00:20:41]   用户 soitun 共查 30 个仓库
[2026-07-15 00:20:41] 仓库 https://github.com/LHONG1008/v2rayN (分支: master, size: 48846KB, pushed: 2026-07-14T11:55:13Z)
[2026-07-15 00:20:41] 👤 遍历用户仓库: clift190
[2026-07-15 00:20:41] 仓库 https://github.com/LHONG1008/v2rayN 无候选文件 (总计 422 blob, 扩展名过滤 372, processed_shas 跳过 0, SHA 缓存跳过 50)
[2026-07-15 00:20:41] 🔗 查子仓库: LHONG1008/v2rayN
[2026-07-15 00:20:41]   🍴 兄弟仓库: 30 个 → 队列
[2026-07-15 00:20:41] 🔗 开始 Fork 链追踪 (LHONG1008/v2rayN)[2026-07-15 00:20:41] 👤 遍历用户仓库: wuyaoboss

[2026-07-15 00:20:42]   父仓库: 2dust/v2rayN
[2026-07-15 00:20:42]   用户 wuyaoboss 共查 0 个仓库
[2026-07-15 00:20:42] 仓库 https://github.com/fenwehome/v2rayN (分支: master, size: 48445KB, pushed: 2026-07-14T11:47:12Z)
[2026-07-15 00:20:42]   👤 用户仓库: 30 个 → 队列
[2026-07-15 00:20:42]   用户 clift190 共查 30 个仓库
[2026-07-15 00:20:42] 仓库 https://github.com/Mu-L/v2rayN (分支: master, size: 48844KB, pushed: 2026-07-14T11:46:31Z)
[2026-07-15 00:20:43] 仓库 https://github.com/fenwehome/v2rayN 无候选文件 (总计 422 blob, 扩展名过滤 372, processed_shas 跳过 0, SHA 缓存跳过 50)
[2026-07-15 00:20:43] 🔗 查子仓库: fenwehome/v2rayN
[2026-07-15 00:20:43] 🔗 开始 Fork 链追踪 (fenwehome/v2rayN)
[2026-07-15 00:20:43] 仓库 https://github.com/Mu-L/v2rayN 无候选文件 (总计 422 blob, 扩展名过滤 372, processed_shas 跳过 0, SHA 缓存跳过 50)
[2026-07-15 00:20:43] 🔗 查子仓库: Mu-L/v2rayN
[2026-07-15 00:20:43] 🔗 开始 Fork 链追踪 (Mu-L/v2rayN)
[2026-07-15 00:20:43]   父仓库: 2dust/v2rayN
[2026-07-15 00:20:45]   父仓库: 2dust/v2rayN[2026-07-15 00:20:45] 👤 遍历用户仓库: LHONG1008

[2026-07-15 00:20:47]   👤 用户仓库: 30 个 → 队列
[2026-07-15 00:20:47]   用户 LHONG1008 共查 30 个仓库
[2026-07-15 00:20:47] 仓库 https://github.com/ipx2001/v2rayN (分支: master, size: 48844KB, pushed: 2026-07-14T11:46:08Z)
[2026-07-15 00:20:49] 👤 遍历用户仓库: fenwehome
[2026-07-15 00:20:49] 👤 遍历用户仓库: Mu-L
[2026-07-15 00:20:50] 仓库 https://github.com/ipx2001/v2rayN 无候选文件 (总计 422 blob, 扩展名过滤 372, processed_shas 跳过 0, SHA 缓存跳过 50)
[2026-07-15 00:20:50] 🔗 查子仓库: ipx2001/v2rayN
[2026-07-15 00:20:50] 🔗 开始 Fork 链追踪 (ipx2001/v2rayN)
[2026-07-15 00:20:50]   父仓库: 2dust/v2rayN
[2026-07-15 00:21:00] 👤 遍历用户仓库: ipx2001
[2026-07-15 00:21:01]   👤 用户仓库: 30 个 → 队列
[2026-07-15 00:21:01]   用户 fenwehome 共查 30 个仓库
[2026-07-15 00:21:01] 仓库 https://github.com/Little-Star888/v2rayN (分支: master, size: 48898KB, pushed: 2026-07-14T11:45:05Z)
[2026-07-15 00:21:02]   👤 用户仓库: 30 个 → 队列
[2026-07-15 00:21:02]   用户 ipx2001 共查 30 个仓库
[2026-07-15 00:21:02] 仓库 https://github.com/pthis/v2rayN (分支: master, size: 48844KB, pushed: 2026-07-14T11:38:26Z)
[2026-07-15 00:21:02] 仓库 https://github.com/Little-Star888/v2rayN 无候选文件 (总计 422 blob, 扩展名过滤 372, processed_shas 跳过 0, SHA 缓存跳过 50)
[2026-07-15 00:21:02] 🔗 查子仓库: Little-Star888/v2rayN
[2026-07-15 00:21:02] 🔗 开始 Fork 链追踪 (Little-Star888/v2rayN)
[2026-07-15 00:21:03]   父仓库: 2dust/v2rayN
[2026-07-15 00:21:03] 仓库 https://github.com/pthis/v2rayN 无候选文件 (总计 422 blob, 扩展名过滤 372, processed_shas 跳过 0, SHA 缓存跳过 50)
[2026-07-15 00:21:03] 🔗 查子仓库: pthis/v2rayN
[2026-07-15 00:21:03] 🔗 开始 Fork 链追踪 (pthis/v2rayN)
[2026-07-15 00:21:04]   父仓库: 2dust/v2rayN
[2026-07-15 00:21:04] 👤 遍历用户仓库: Little-Star888
[2026-07-15 00:21:06] 👤 遍历用户仓库: pthis
[2026-07-15 00:21:06]   👤 用户仓库: 30 个 → 队列
[2026-07-15 00:21:06]   用户 Mu-L 共查 30 个仓库
[2026-07-15 00:21:06] 仓库 https://github.com/88alt/v2rayN (分支: master, size: 48445KB, pushed: 2026-07-14T11:31:44Z)
[2026-07-15 00:21:07] 仓库 https://github.com/88alt/v2rayN 无候选文件 (总计 422 blob, 扩展名过滤 372, processed_shas 跳过 0, SHA 缓存跳过 50)
[2026-07-15 00:21:07] 🔗 查子仓库: 88alt/v2rayN
[2026-07-15 00:21:07] 🔗 开始 Fork 链追踪 (88alt/v2rayN)
[2026-07-15 00:21:08]   父仓库: 2dust/v2rayN
[2026-07-15 00:21:09]   👤 用户仓库: 30 个 → 队列
[2026-07-15 00:21:09]   用户 Little-Star888 共查 30 个仓库
[2026-07-15 00:21:09] 仓库 https://github.com/timeflysoon/v2rayN (分支: master, size: 48445KB, pushed: 2026-07-14T11:31:39Z)
[2026-07-15 00:21:12] 👤 遍历用户仓库: 88alt
[2026-07-15 00:21:12] 仓库 https://github.com/timeflysoon/v2rayN 无候选文件 (总计 422 blob, 扩展名过滤 372, processed_shas 跳过 0, SHA 缓存跳过 50)
[2026-07-15 00:21:12] 🔗 查子仓库: timeflysoon/v2rayN
[2026-07-15 00:21:12]   👤 用户仓库: 30 个 → 队列
[2026-07-15 00:21:12]   用户 pthis 共查 30 个仓库
[2026-07-15 00:21:12] 仓库 https://github.com/symantes/v2rayN (分支: master, size: 48445KB, pushed: 2026-07-14T11:28:39Z)
[2026-07-15 00:21:12] 🔗 开始 Fork 链追踪 (timeflysoon/v2rayN)
[2026-07-15 00:21:14]   👤 用户仓库: 30 个 → 队列
[2026-07-15 00:21:14]   用户 88alt 共查 30 个仓库
[2026-07-15 00:21:14] 仓库 https://github.com/jiuqianyuan/v2rayN (分支: master, size: 48465KB, pushed: 2026-07-14T11:26:54Z)
[2026-07-15 00:21:14]   父仓库: 2dust/v2rayN
[2026-07-15 00:21:15] 仓库 https://github.com/symantes/v2rayN 无候选文件 (总计 422 blob, 扩展名过滤 372, processed_shas 跳过 0, SHA 缓存跳过 50)
[2026-07-15 00:21:16] 🔗 查子仓库: symantes/v2rayN
[2026-07-15 00:21:16] 仓库 https://github.com/jiuqianyuan/v2rayN 无候选文件 (总计 422 blob, 扩展名过滤 372, processed_shas 跳过 0, SHA 缓存跳过 50)[2026-07-15 00:21:16] 🔗 开始 Fork 链追踪 (symantes/v2rayN)

[2026-07-15 00:21:16] 🔗 查子仓库: jiuqianyuan/v2rayN
[2026-07-15 00:21:18] 🔗 开始 Fork 链追踪 (jiuqianyuan/v2rayN)
[2026-07-15 00:21:18]   父仓库: 2dust/v2rayN
[2026-07-15 00:21:19]   父仓库: 2dust/v2rayN
[2026-07-15 00:21:19] 👤 遍历用户仓库: timeflysoon
[2026-07-15 00:21:22] 👤 遍历用户仓库: symantes
[2026-07-15 00:21:22] 👤 遍历用户仓库: jiuqianyuan
[2026-07-15 00:21:25]   👤 用户仓库: 8 个 → 队列
[2026-07-15 00:21:25]   用户 symantes 共查 8 个仓库
[2026-07-15 00:21:25] 仓库 https://github.com/RepoBackup/v2rayN (分支: master, size: 48844KB, pushed: 2026-07-14T11:20:32Z)
[2026-07-15 00:21:25]   👤 用户仓库: 30 个 → 队列
[2026-07-15 00:21:25]   用户 timeflysoon 共查 30 个仓库
[2026-07-15 00:21:25] 仓库 https://github.com/phpmooc/v2rayN (分支: master, size: 48445KB, pushed: 2026-07-14T11:19:05Z)
[2026-07-15 00:21:25]   👤 用户仓库: 20 个 → 队列
[2026-07-15 00:21:25]   用户 jiuqianyuan 共查 20 个仓库
[2026-07-15 00:21:25] 仓库 https://github.com/FairyWorld/fq_v2rayN (分支: master, size: 48844KB, pushed: 2026-07-14T11:11:24Z)
[2026-07-15 00:21:26] 仓库 https://github.com/phpmooc/v2rayN 无候选文件 (总计 422 blob, 扩展名过滤 372, processed_shas 跳过 0, SHA 缓存跳过 50)[2026-07-15 00:21:26] 仓库 https://github.com/FairyWorld/fq_v2rayN 无候选文件 (总计 422 blob, 扩展名过滤 372, processed_shas 跳过 0, SHA 缓存跳过 50)[2026-07-15 00:21:26] 仓库 https://github.com/RepoBackup/v2rayN 无候选文件 (总计 422 blob, 扩展名过滤 372, processed_shas 跳过 0, SHA 缓存跳过 50)


[2026-07-15 00:21:26] 🔗 查子仓库: phpmooc/v2rayN[2026-07-15 00:21:26] 🔗 查子仓库: RepoBackup/v2rayN

[2026-07-15 00:21:27] 🔗 查子仓库: FairyWorld/fq_v2rayN
[2026-07-15 00:21:29] 🔗 开始 Fork 链追踪 (FairyWorld/fq_v2rayN)[2026-07-15 00:21:29] 🔗 开始 Fork 链追踪 (phpmooc/v2rayN)
[2026-07-15 00:21:29] 🔗 开始 Fork 链追踪 (RepoBackup/v2rayN)

[2026-07-15 00:21:31]   父仓库: 2dust/v2rayN
[2026-07-15 00:21:31]   父仓库: 2dust/v2rayN
[2026-07-15 00:21:32]   父仓库: 2dust/v2rayN
[2026-07-15 00:21:34] 👤 遍历用户仓库: FairyWorld
[2026-07-15 00:21:35] 👤 遍历用户仓库: phpmooc
[2026-07-15 00:21:35] 👤 遍历用户仓库: RepoBackup
[2026-07-15 00:21:40]   👤 用户仓库: 30 个 → 队列
[2026-07-15 00:21:40]   用户 phpmooc 共查 30 个仓库
[2026-07-15 00:21:40] 仓库 https://github.com/Corey01327/v2rayN (分支: master, size: 48445KB, pushed: 2026-07-14T11:11:13Z)
[2026-07-15 00:21:40] 仓库 https://github.com/Corey01327/v2rayN 无候选文件 (总计 422 blob, 扩展名过滤 372, processed_shas 跳过 0, SHA 缓存跳过 50)
[2026-07-15 00:21:40] 🔗 查子仓库: Corey01327/v2rayN
[2026-07-15 00:21:40] 🔗 开始 Fork 链追踪 (Corey01327/v2rayN)
[2026-07-15 00:21:41]   父仓库: 2dust/v2rayN
[2026-07-15 00:21:43]   👤 用户仓库: 30 个 → 队列
[2026-07-15 00:21:43]   用户 RepoBackup 共查 30 个仓库
[2026-07-15 00:21:43] 仓库 https://github.com/gowing520/v2rayN (分支: master, size: 48445KB, pushed: 2026-07-14T11:00:06Z)
[2026-07-15 00:21:44] 仓库 https://github.com/gowing520/v2rayN 无候选文件 (总计 422 blob, 扩展名过滤 372, processed_shas 跳过 0, SHA 缓存跳过 50)
[2026-07-15 00:21:44] 🔗 查子仓库: gowing520/v2rayN
[2026-07-15 00:21:46] 👤 遍历用户仓库: Corey01327
[2026-07-15 00:21:46]   👤 用户仓库: 30 个 → 队列
[2026-07-15 00:21:46]   用户 FairyWorld 共查 30 个仓库
[2026-07-15 00:21:46] 仓库 https://github.com/juzi1994/v2rayN (分支: master, size: 48844KB, pushed: 2026-07-14T10:45:07Z)
[2026-07-15 00:21:46] 🔗 开始 Fork 链追踪 (gowing520/v2rayN)
[2026-07-15 00:21:46]   父仓库: 2dust/v2rayN
[2026-07-15 00:21:49] 仓库 https://github.com/juzi1994/v2rayN 无候选文件 (总计 422 blob, 扩展名过滤 372, processed_shas 跳过 0, SHA 缓存跳过 50)
[2026-07-15 00:21:49] 🔗 查子仓库: juzi1994/v2rayN
[2026-07-15 00:21:49]   👤 用户仓库: 14 个 → 队列
[2026-07-15 00:21:49]   用户 Corey01327 共查 14 个仓库
[2026-07-15 00:21:49] 仓库 https://github.com/kimikkorow/v2rayN (分支: master, size: 48844KB, pushed: 2026-07-14T10:44:12Z)
[2026-07-15 00:21:49] 🔗 开始 Fork 链追踪 (juzi1994/v2rayN)
[2026-07-15 00:21:51]   父仓库: 2dust/v2rayN
[2026-07-15 00:21:51] 仓库 https://github.com/kimikkorow/v2rayN 无候选文件 (总计 422 blob, 扩展名过滤 372, processed_shas 跳过 0, SHA 缓存跳过 50)
[2026-07-15 00:21:51] 🔗 查子仓库: kimikkorow/v2rayN
[2026-07-15 00:21:51] 🔗 开始 Fork 链追踪 (kimikkorow/v2rayN)
[2026-07-15 00:21:54] 👤 遍历用户仓库: gowing520
[2026-07-15 00:21:55]   父仓库: 2dust/v2rayN
[2026-07-15 00:21:56] 🔗 查子仓库: IvanSolis1989/Smart-Config-Kit[2026-07-15 00:21:56] 👤 遍历用户仓库: juzi1994

[2026-07-15 00:21:56]   👤 用户仓库: 30 个 → 队列
[2026-07-15 00:21:56]   用户 gowing520 共查 30 个仓库
[2026-07-15 00:21:56] 仓库 https://github.com/huanjk1/V2rayN_Clash_Node_Getter (分支: main, size: 19147KB, pushed: 2026-07-14T10:42:41Z)
[2026-07-15 00:21:56]   👤 用户仓库: 8 个 → 队列
[2026-07-15 00:21:56]   用户 juzi1994 共查 8 个仓库
[2026-07-15 00:21:56] 仓库 https://github.com/xiechangan123/v2rayN (分支: master, size: 48445KB, pushed: 2026-07-14T10:41:44Z)
[2026-07-15 00:21:58] 仓库 https://github.com/huanjk1/V2rayN_Clash_Node_Getter 候选文件 3 个
[2026-07-15 00:22:00] 🔗 查子仓库: huanjk1/V2rayN_Clash_Node_Getter
[2026-07-15 00:22:00] 仓库 https://github.com/xiechangan123/v2rayN 无候选文件 (总计 422 blob, 扩展名过滤 372, processed_shas 跳过 0, SHA 缓存跳过 50)
[2026-07-15 00:22:00] 🔗 查子仓库: xiechangan123/v2rayN
[2026-07-15 00:22:00] 🔗 开始 Fork 链追踪 (xiechangan123/v2rayN)
[2026-07-15 00:22:01]   🍴 子仓库: 30 个 → 队列
[2026-07-15 00:22:01] 🔗 开始 Fork 链追踪 (IvanSolis1989/Smart-Config-Kit)
[2026-07-15 00:22:03] 🔗 开始 Fork 链追踪 (huanjk1/V2rayN_Clash_Node_Getter)[2026-07-15 00:22:03]   父仓库: 2dust/v2rayN

[2026-07-15 00:22:03] 👤 遍历用户仓库: kimikkorow
[2026-07-15 00:22:05] 👤 遍历用户仓库: IvanSolis1989
[2026-07-15 00:22:05]   父仓库: Q3dlaXpoaQ/V2rayN_Clash_Node_Getter
[2026-07-15 00:22:05] ⏭️ 仓库 https://github.com/Q3dlaXpoaQ/V2rayN_Clash_Node_Getter 149h 未更新，跳过
[2026-07-15 00:22:05]   父仓库 +0 个节点
[2026-07-15 00:22:05]   👤 用户仓库: 1 个 → 队列
[2026-07-15 00:22:05]   用户 IvanSolis1989 共查 1 个仓库
[2026-07-15 00:22:05] 仓库 https://github.com/cysk003/v2rayN (分支: master, size: 48445KB, pushed: 2026-07-14T10:34:29Z)
[2026-07-15 00:22:09] 仓库 https://github.com/cysk003/v2rayN 无候选文件 (总计 422 blob, 扩展名过滤 372, processed_shas 跳过 0, SHA 缓存跳过 50)
[2026-07-15 00:22:09] 🔗 查子仓库: cysk003/v2rayN
[2026-07-15 00:22:09] 🔗 开始 Fork 链追踪 (cysk003/v2rayN)
[2026-07-15 00:22:09]   父仓库: 2dust/v2rayN
[2026-07-15 00:22:09] 👤 遍历用户仓库: xiechangan123
[2026-07-15 00:22:11]   🍴 兄弟仓库: 30 个 → 队列
[2026-07-15 00:22:11] 👤 遍历用户仓库: huanjk1
[2026-07-15 00:22:14]   👤 用户仓库: 30 个 → 队列
[2026-07-15 00:22:14]   用户 kimikkorow 共查 30 个仓库
[2026-07-15 00:22:14] 仓库 https://github.com/utenkekkou/v2rayN (分支: master, size: 48844KB, pushed: 2026-07-14T10:27:18Z)
[2026-07-15 00:22:14]   👤 用户仓库: 30 个 → 队列
[2026-07-15 00:22:14]   用户 xiechangan123 共查 30 个仓库
[2026-07-15 00:22:14] 仓库 https://github.com/TZ0385/v2rayN (分支: master, size: 48445KB, pushed: 2026-07-14T10:12:11Z)
[2026-07-15 00:22:16] 👤 遍历用户仓库: cysk003[2026-07-15 00:22:16] 仓库 https://github.com/utenkekkou/v2rayN 无候选文件 (总计 422 blob, 扩展名过滤 372, processed_shas 跳过 0, SHA 缓存跳过 50)

[2026-07-15 00:22:16] 🔗 查子仓库: utenkekkou/v2rayN
[2026-07-15 00:22:18] 仓库 https://github.com/TZ0385/v2rayN 无候选文件 (总计 422 blob, 扩展名过滤 372, processed_shas 跳过 0, SHA 缓存跳过 50)
[2026-07-15 00:22:18] 🔗 查子仓库: TZ0385/v2rayN
[2026-07-15 00:22:18]   👤 用户仓库: 21 个 → 队列
[2026-07-15 00:22:18]   用户 huanjk1 共查 21 个仓库
[2026-07-15 00:22:18] 仓库 https://github.com/mengzhisuoliu/v2rayN (分支: master, size: 48844KB, pushed: 2026-07-14T10:11:21Z)
[2026-07-15 00:22:18] 🔗 开始 Fork 链追踪 (utenkekkou/v2rayN)
[2026-07-15 00:22:20] 🔗 开始 Fork 链追踪 (TZ0385/v2rayN)[2026-07-15 00:22:20] 仓库 https://github.com/mengzhisuoliu/v2rayN 无候选文件 (总计 422 blob, 扩展名过滤 372, processed_shas 跳过 0, SHA 缓存跳过 50)

[2026-07-15 00:22:20] 🔗 查子仓库: mengzhisuoliu/v2rayN
[2026-07-15 00:22:20] 🔗 开始 Fork 链追踪 (mengzhisuoliu/v2rayN)
[2026-07-15 00:22:22]   父仓库: 2dust/v2rayN[2026-07-15 00:22:22]   父仓库: 2dust/v2rayN

[2026-07-15 00:22:24]   父仓库: 2dust/v2rayN
[2026-07-15 00:22:27] 👤 遍历用户仓库: TZ0385[2026-07-15 00:22:27] 👤 遍历用户仓库: utenkekkou

[2026-07-15 00:22:29] 👤 遍历用户仓库: mengzhisuoliu
[2026-07-15 00:22:29]   👤 用户仓库: 30 个 → 队列
[2026-07-15 00:22:29]   用户 cysk003 共查 30 个仓库
[2026-07-15 00:22:29] 仓库 https://github.com/onekr-billy/v2rayN (分支: master, size: 48898KB, pushed: 2026-07-14T10:11:10Z)
[2026-07-15 00:22:31]   👤 用户仓库: 4 个 → 队列
[2026-07-15 00:22:31]   用户 utenkekkou 共查 4 个仓库
[2026-07-15 00:22:31] 仓库 https://github.com/noaai/v2rayN (分支: master, size: 48445KB, pushed: 2026-07-14T10:11:07Z)
[2026-07-15 00:22:31] 仓库 https://github.com/noaai/v2rayN 无候选文件 (总计 422 blob, 扩展名过滤 372, processed_shas 跳过 0, SHA 缓存跳过 50)
[2026-07-15 00:22:31] 🔗 查子仓库: noaai/v2rayN
[2026-07-15 00:22:31] 仓库 https://github.com/onekr-billy/v2rayN 无候选文件 (总计 422 blob, 扩展名过滤 372, processed_shas 跳过 0, SHA 缓存跳过 50)
[2026-07-15 00:22:31] 🔗 查子仓库: onekr-billy/v2rayN
[2026-07-15 00:22:32] 🔗 开始 Fork 链追踪 (noaai/v2rayN)
[2026-07-15 00:22:34] 🔗 开始 Fork 链追踪 (onekr-billy/v2rayN)
[2026-07-15 00:22:34]   父仓库: 2dust/v2rayN
[2026-07-15 00:22:36]   父仓库: 2dust/v2rayN
[2026-07-15 00:22:38] 👤 遍历用户仓库: noaai[2026-07-15 00:22:38] 👤 遍历用户仓库: onekr-billy

[2026-07-15 00:22:40]   👤 用户仓库: 30 个 → 队列[2026-07-15 00:22:40]   👤 用户仓库: 30 个 → 队列

[2026-07-15 00:22:40]   用户 TZ0385 共查 30 个仓库[2026-07-15 00:22:40]   用户 mengzhisuoliu 共查 30 个仓库

[2026-07-15 00:22:40] 仓库 https://github.com/chaoduzj/v2rayN (分支: master, size: 48844KB, pushed: 2026-07-14T10:01:10Z)
[2026-07-15 00:22:40] 仓库 https://github.com/txwdzxq/v2rayN (分支: master, size: 48844KB, pushed: 2026-07-14T09:59:05Z)
[2026-07-15 00:22:41] 仓库 https://github.com/chaoduzj/v2rayN 无候选文件 (总计 422 blob, 扩展名过滤 372, processed_shas 跳过 0, SHA 缓存跳过 50)
[2026-07-15 00:22:41] 🔗 查子仓库: chaoduzj/v2rayN
[2026-07-15 00:22:43] 仓库 https://github.com/txwdzxq/v2rayN 无候选文件 (总计 422 blob, 扩展名过滤 372, processed_shas 跳过 0, SHA 缓存跳过 50)
[2026-07-15 00:22:43] 🔗 查子仓库: txwdzxq/v2rayN
[2026-07-15 00:22:43]   👤 用户仓库: 30 个 → 队列
[2026-07-15 00:22:43]   用户 noaai 共查 30 个仓库
[2026-07-15 00:22:43] 仓库 https://github.com/kany2000/v2rayN (分支: master, size: 48445KB, pushed: 2026-07-14T09:58:34Z)
[2026-07-15 00:22:45] 🔗 开始 Fork 链追踪 (txwdzxq/v2rayN)[2026-07-15 00:22:45] 🔗 开始 Fork 链追踪 (chaoduzj/v2rayN)

[2026-07-15 00:22:47] 仓库 https://github.com/kany2000/v2rayN 无候选文件 (总计 422 blob, 扩展名过滤 372, processed_shas 跳过 0, SHA 缓存跳过 50)
[2026-07-15 00:22:47] 🔗 查子仓库: kany2000/v2rayN
[2026-07-15 00:22:47]   👤 用户仓库: 30 个 → 队列
[2026-07-15 00:22:47]   用户 onekr-billy 共查 30 个仓库
[2026-07-15 00:22:47] 仓库 https://github.com/checkvip/v2rayN (分支: master, size: 48445KB, pushed: 2026-07-14T09:56:16Z)
[2026-07-15 00:22:47] 🔗 开始 Fork 链追踪 (kany2000/v2rayN)
[2026-07-15 00:22:49]   父仓库: 2dust/v2rayN
[2026-07-15 00:22:49]   父仓库: 2dust/v2rayN[2026-07-15 00:22:49] 仓库 https://github.com/checkvip/v2rayN 无候选文件 (总计 422 blob, 扩展名过滤 372, processed_shas 跳过 0, SHA 缓存跳过 50)

[2026-07-15 00:22:49] 🔗 查子仓库: checkvip/v2rayN
[2026-07-15 00:22:49] 🔗 开始 Fork 链追踪 (checkvip/v2rayN)
[2026-07-15 00:22:51]   父仓库: 2dust/v2rayN
[2026-07-15 00:22:53]   父仓库: 2dust/v2rayN
[2026-07-15 00:22:54] 👤 遍历用户仓库: chaoduzj
[2026-07-15 00:22:56] 👤 遍历用户仓库: txwdzxq
[2026-07-15 00:22:56] 👤 遍历用户仓库: kany2000
[2026-07-15 00:22:57] 👤 遍历用户仓库: checkvip
[2026-07-15 00:22:59]   👤 用户仓库: 30 个 → 队列
[2026-07-15 00:22:59]   用户 kany2000 共查 30 个仓库
[2026-07-15 00:22:59] 仓库 https://github.com/Neonity2020/v2rayN (分支: master, size: 48445KB, pushed: 2026-07-14T09:55:34Z)
[2026-07-15 00:23:01]   👤 用户仓库: 30 个 → 队列
[2026-07-15 00:23:01]   用户 chaoduzj 共查 30 个仓库
[2026-07-15 00:23:01] 仓库 https://github.com/jasonperter/v2rayN (分支: master, size: 48445KB, pushed: 2026-07-14T09:53:09Z)
[2026-07-15 00:23:03] 仓库 https://github.com/Neonity2020/v2rayN 无候选文件 (总计 422 blob, 扩展名过滤 372, processed_shas 跳过 0, SHA 缓存跳过 50)
[2026-07-15 00:23:03] 🔗 查子仓库: Neonity2020/v2rayN
[2026-07-15 00:23:03]   👤 用户仓库: 30 个 → 队列
[2026-07-15 00:23:03]   用户 checkvip 共查 30 个仓库
[2026-07-15 00:23:03] 仓库 https://github.com/Baobei321/v2rayN (分支: master, size: 48445KB, pushed: 2026-07-14T09:45:11Z)
[2026-07-15 00:23:03]   👤 用户仓库: 30 个 → 队列
[2026-07-15 00:23:03]   用户 txwdzxq 共查 30 个仓库
[2026-07-15 00:23:03] 仓库 https://github.com/tt2563/v2rayN (分支: master, size: 48445KB, pushed: 2026-07-14T09:42:14Z)
[2026-07-15 00:23:03] 🔗 开始 Fork 链追踪 (Neonity2020/v2rayN)
[2026-07-15 00:23:05] 仓库 https://github.com/jasonperter/v2rayN 无候选文件 (总计 422 blob, 扩展名过滤 372, processed_shas 跳过 0, SHA 缓存跳过 50)
[2026-07-15 00:23:05] 🔗 查子仓库: jasonperter/v2rayN[2026-07-15 00:23:05] 仓库 https://github.com/tt2563/v2rayN 无候选文件 (总计 422 blob, 扩展名过滤 372, processed_shas 跳过 0, SHA 缓存跳过 50)[2026-07-15 00:23:05] 仓库 https://github.com/Baobei321/v2rayN 无候选文件 (总计 422 blob, 扩展名过滤 372, processed_shas 跳过 0, SHA 缓存跳过 50)

[2026-07-15 00:23:05] 🔗 查子仓库: tt2563/v2rayN

[2026-07-15 00:23:05] 🔗 查子仓库: Baobei321/v2rayN
[2026-07-15 00:23:07]   父仓库: 2dust/v2rayN
[2026-07-15 00:23:07] 🔗 开始 Fork 链追踪 (jasonperter/v2rayN)
[2026-07-15 00:23:07] 🔗 开始 Fork 链追踪 (Baobei321/v2rayN)
[2026-07-15 00:23:09] 🔗 开始 Fork 链追踪 (tt2563/v2rayN)[2026-07-15 00:23:09]   父仓库: 2dust/v2rayN

[2026-07-15 00:23:11]   父仓库: 2dust/v2rayN
[2026-07-15 00:23:11]   父仓库: 2dust/v2rayN
[2026-07-15 00:23:14] 👤 遍历用户仓库: Baobei321
[2026-07-15 00:23:14] 👤 遍历用户仓库: jasonperter
[2026-07-15 00:23:14] 👤 遍历用户仓库: Neonity2020
[2026-07-15 00:23:16] 👤 遍历用户仓库: tt2563
[2026-07-15 00:23:18]   👤 用户仓库: 3 个 → 队列
[2026-07-15 00:23:18]   用户 jasonperter 共查 3 个仓库
[2026-07-15 00:23:18] 仓库 https://github.com/barreler126/v2rayN (分支: master, size: 48445KB, pushed: 2026-07-14T09:40:08Z)
[2026-07-15 00:23:19]   用户 tt2563 共查 0 个仓库
[2026-07-15 00:23:19] 仓库 https://github.com/dannysl/v2rayN (分支: master, size: 48445KB, pushed: 2026-07-14T09:29:04Z)
[2026-07-15 00:23:19] 仓库 https://github.com/barreler126/v2rayN 无候选文件 (总计 422 blob, 扩展名过滤 372, processed_shas 跳过 0, SHA 缓存跳过 50)
[2026-07-15 00:23:19] 🔗 查子仓库: barreler126/v2rayN
[2026-07-15 00:23:21] 仓库 https://github.com/dannysl/v2rayN 无候选文件 (总计 422 blob, 扩展名过滤 372, processed_shas 跳过 0, SHA 缓存跳过 50)
[2026-07-15 00:23:21] 🔗 查子仓库: dannysl/v2rayN
[2026-07-15 00:23:23] 🔗 开始 Fork 链追踪 (barreler126/v2rayN)
[2026-07-15 00:23:23]   👤 用户仓库: 30 个 → 队列
[2026-07-15 00:23:23]   用户 Baobei321 共查 30 个仓库
[2026-07-15 00:23:23] 仓库 https://github.com/2dust/v2rayN (分支: master, size: 48874KB, pushed: 2026-07-14T09:27:50Z)
[2026-07-15 00:23:23] 🔗 开始 Fork 链追踪 (dannysl/v2rayN)
[2026-07-15 00:23:23]   父仓库: 2dust/v2rayN
[2026-07-15 00:23:25]   父仓库: 2dust/v2rayN
[2026-07-15 00:23:25] 仓库 https://github.com/2dust/v2rayN 无候选文件 (总计 422 blob, 扩展名过滤 372, processed_shas 跳过 0, SHA 缓存跳过 50)
[2026-07-15 00:23:25] 🔗 查子仓库: 2dust/v2rayN
[2026-07-15 00:23:27]   👤 用户仓库: 30 个 → 队列
[2026-07-15 00:23:27]   用户 Neonity2020 共查 30 个仓库
[2026-07-15 00:23:27] 仓库 https://github.com/volonearchmage/v2rayN (分支: master, size: 48878KB, pushed: 2026-07-14T09:27:50Z)
[2026-07-15 00:23:28] 仓库 https://github.com/volonearchmage/v2rayN 无候选文件 (总计 422 blob, 扩展名过滤 372, processed_shas 跳过 0, SHA 缓存跳过 50)
[2026-07-15 00:23:28] 🔗 查子仓库: volonearchmage/v2rayN
[2026-07-15 00:23:30] 👤 遍历用户仓库: barreler126
[2026-07-15 00:23:30] 🔗 开始 Fork 链追踪 (volonearchmage/v2rayN)
[2026-07-15 00:23:32] 👤 遍历用户仓库: dannysl
[2026-07-15 00:23:32]   父仓库: 2dust/v2rayN
[2026-07-15 00:23:32] 🔗 开始 Fork 链追踪 (2dust/v2rayN)
[2026-07-15 00:23:32] 👤 遍历用户仓库: 2dust
[2026-07-15 00:23:34]   👤 用户仓库: 30 个 → 队列
[2026-07-15 00:23:34]   用户 dannysl 共查 30 个仓库
[2026-07-15 00:23:34] 仓库 https://github.com/HtLimite/v2rayN (分支: master, size: 48954KB, pushed: 2026-07-14T13:18:17Z)
[2026-07-15 00:23:37]   👤 用户仓库: 30 个 → 队列
[2026-07-15 00:23:37]   用户 barreler126 共查 30 个仓库
[2026-07-15 00:23:37] 仓库 https://github.com/fkii78809/v2rayN (分支: master, size: 48444KB, pushed: 2026-07-14T08:42:43Z)
[2026-07-15 00:23:37]   👤 用户仓库: 13 个 → 队列
[2026-07-15 00:23:37]   用户 2dust 共查 13 个仓库
[2026-07-15 00:23:37] 仓库 https://github.com/jtaosj/v2rayNG (分支: master, size: 268266KB, pushed: 2026-07-14T08:18:58Z)
[2026-07-15 00:23:39] 仓库 https://github.com/HtLimite/v2rayN 无候选文件 (总计 422 blob, 扩展名过滤 372, processed_shas 跳过 0, SHA 缓存跳过 50)[2026-07-15 00:23:39] 仓库 https://github.com/fkii78809/v2rayN 无候选文件 (总计 422 blob, 扩展名过滤 372, processed_shas 跳过 0, SHA 缓存跳过 50)
[2026-07-15 00:23:39] 👤 遍历用户仓库: volonearchmage
[2026-07-15 00:23:39] 🔗 查子仓库: HtLimite/v2rayN

[2026-07-15 00:23:39] 🔗 查子仓库: fkii78809/v2rayN
[2026-07-15 00:23:39] 🔗 开始 Fork 链追踪 (HtLimite/v2rayN)
[2026-07-15 00:23:41] 🔗 开始 Fork 链追踪 (fkii78809/v2rayN)
[2026-07-15 00:23:41] 仓库 https://github.com/jtaosj/v2rayNG 候选文件 1 个
[2026-07-15 00:23:41] 仓库 https://github.com/jtaosj/v2rayNG 未提取到节点，加入黑名单
[2026-07-15 00:23:41] 仓库 https://github.com/PENZA84/Sub-Config-Extractor (分支: main, size: 733135KB, pushed: 2026-07-14T08:05:11Z)
[2026-07-15 00:23:43]   父仓库: 2dust/v2rayN
[2026-07-15 00:23:43]   👤 用户仓库: 2 个 → 队列
[2026-07-15 00:23:43]   用户 volonearchmage 共查 2 个仓库
[2026-07-15 00:23:43] 仓库 https://github.com/a117171/v2rayN (分支: master, size: 48927KB, pushed: 2026-07-14T07:46:12Z)
[2026-07-15 00:23:43]   父仓库: 2dust/v2rayN
[2026-07-15 00:23:43] 仓库 https://github.com/a117171/v2rayN 候选文件 1 个
[2026-07-15 00:23:44] 仓库 https://github.com/a117171/v2rayN 未提取到节点，加入黑名单
[2026-07-15 00:23:44] 仓库 https://github.com/satan791/v2rayN (分支: master, size: 48447KB, pushed: 2026-07-14T06:51:34Z)
[2026-07-15 00:23:45] 仓库 https://github.com/PENZA84/Sub-Config-Extractor 候选文件较多 (659 个)，先通过 commits API 过滤
[2026-07-15 00:23:48] 仓库 https://github.com/satan791/v2rayN 无候选文件 (总计 422 blob, 扩展名过滤 372, processed_shas 跳过 0, SHA 缓存跳过 50)[2026-07-15 00:23:48] 👤 遍历用户仓库: HtLimite
[2026-07-15 00:23:48] 👤 遍历用户仓库: fkii78809
[2026-07-15 00:23:48] 🔗 查子仓库: satan791/v2rayN

[2026-07-15 00:23:50] 🔗 开始 Fork 链追踪 (satan791/v2rayN)
[2026-07-15 00:23:50]   父仓库: 2dust/v2rayN
[2026-07-15 00:23:52]   Compare API 返回 300 个变更文件 (3 次 API 调用)
[2026-07-15 00:23:52]   commits 过滤: 659 → 22 (变更文件 300 个)
[2026-07-15 00:23:52] 仓库 https://github.com/PENZA84/Sub-Config-Extractor 候选文件 22 个
[2026-07-15 00:23:52] 📄 https://raw.githubusercontent.com/PENZA84/Sub-Config-Extractor/main/output_configs/mixed/maimengmeng/_custom.yaml ✅ 解析 167 候选 → 167 个有效节点 → 去重后新增 27 个
[2026-07-15 00:23:53] 📄 https://raw.githubusercontent.com/PENZA84/Sub-Config-Extractor/main/output_configs/ss/maimengmeng/_custom.yaml ✅ 解析 77 候选 → 77 个有效节点 → 去重后新增 11 个
[2026-07-15 00:23:54] 📄 https://raw.githubusercontent.com/PENZA84/Sub-Config-Extractor/main/output_configs/clash/maimengmeng/_custom.yaml ✅ 解析 252 候选 → 252 个有效节点 → 去重后新增 13 个
[2026-07-15 00:23:54]   👤 用户仓库: 15 个 → 队列
[2026-07-15 00:23:54]   用户 HtLimite 共查 15 个仓库
[2026-07-15 00:23:54] 仓库 https://github.com/lwhx/v2rayN (分支: master, size: 48447KB, pushed: 2026-07-14T06:30:12Z)
[2026-07-15 00:23:55]   👤 用户仓库: 30 个 → 队列
[2026-07-15 00:23:55]   用户 fkii78809 共查 30 个仓库
[2026-07-15 00:23:55] 仓库 https://github.com/fonaix/v2rayN (分支: master, size: 48447KB, pushed: 2026-07-14T05:42:13Z)
[2026-07-15 00:23:55] 👤 遍历用户仓库: satan791
[2026-07-15 00:23:55] 仓库 https://github.com/lwhx/v2rayN 无候选文件 (总计 422 blob, 扩展名过滤 372, processed_shas 跳过 0, SHA 缓存跳过 50)
[2026-07-15 00:23:55] 🔗 查子仓库: lwhx/v2rayN
[2026-07-15 00:23:55] 仓库 https://github.com/fonaix/v2rayN 无候选文件 (总计 422 blob, 扩展名过滤 372, processed_shas 跳过 0, SHA 缓存跳过 50)
[2026-07-15 00:23:55] 🔗 查子仓库: fonaix/v2rayN
[2026-07-15 00:23:57] 🔗 开始 Fork 链追踪 (lwhx/v2rayN)
[2026-07-15 00:23:57]   👤 用户仓库: 30 个 → 队列
[2026-07-15 00:23:57]   用户 satan791 共查 30 个仓库
[2026-07-15 00:23:57] 仓库 https://github.com/ceo1st/v2rayN (分支: master, size: 48447KB, pushed: 2026-07-14T05:25:41Z)
[2026-07-15 00:23:57] 🔗 查子仓库: PENZA84/Sub-Config-Extractor
[2026-07-15 00:23:57] 🔗 开始 Fork 链追踪 (fonaix/v2rayN)
[2026-07-15 00:23:59]   父仓库: 2dust/v2rayN
[2026-07-15 00:23:59] 🔗 开始 Fork 链追踪 (PENZA84/Sub-Config-Extractor)[2026-07-15 00:23:59] 仓库 https://github.com/ceo1st/v2rayN 无候选文件 (总计 422 blob, 扩展名过滤 372, processed_shas 跳过 0, SHA 缓存跳过 50)

[2026-07-15 00:23:59] 🔗 查子仓库: ceo1st/v2rayN
[2026-07-15 00:24:01]   父仓库: 2dust/v2rayN
[2026-07-15 00:24:02] 🔗 开始 Fork 链追踪 (ceo1st/v2rayN)
[2026-07-15 00:24:02]   父仓库: asgharkapk/Sub-Config-Extractor
[2026-07-15 00:24:02]   父仓库: 2dust/v2rayN
[2026-07-15 00:24:06] 👤 遍历用户仓库: PENZA84
[2026-07-15 00:24:06] 👤 遍历用户仓库: fonaix
[2026-07-15 00:24:06] 👤 遍历用户仓库: ceo1st
[2026-07-15 00:24:08] 👤 遍历用户仓库: lwhx
[2026-07-15 00:24:09]   👤 用户仓库: 16 个 → 队列
[2026-07-15 00:24:09]   用户 fonaix 共查 16 个仓库
[2026-07-15 00:24:09] 仓库 https://github.com/Delta-Kronecker/V2ray-Config (分支: main, size: 747293KB, pushed: 2026-07-14T04:59:21Z)
[2026-07-15 00:24:13] 仓库 https://github.com/Delta-Kronecker/V2ray-Config 候选文件 6 个
[2026-07-15 00:24:13]   用户 PENZA84 共查 0 个仓库
[2026-07-15 00:24:13] 仓库 https://github.com/freekof/v2rayN (分支: master, size: 48447KB, pushed: 2026-07-14T04:52:26Z)
[2026-07-15 00:24:13] 仓库 https://github.com/freekof/v2rayN 无候选文件 (总计 422 blob, 扩展名过滤 372, processed_shas 跳过 0, SHA 缓存跳过 50)
[2026-07-15 00:24:13] 🔗 查子仓库: freekof/v2rayN
[2026-07-15 00:24:13] 🔗 开始 Fork 链追踪 (freekof/v2rayN)
[2026-07-15 00:24:16]   父仓库: 2dust/v2rayN
[2026-07-15 00:24:16] 📄 https://raw.githubusercontent.com/Delta-Kronecker/V2ray-Config/main/sub.txt ✅ 解析 8 候选 → 8 个有效节点 → 去重后新增 1 个
[2026-07-15 00:24:16] 🔗 查子仓库: Delta-Kronecker/V2ray-Config
[2026-07-15 00:24:19] 👤 遍历用户仓库: freekof
[2026-07-15 00:24:19]   👤 用户仓库: 30 个 → 队列
[2026-07-15 00:24:19]   用户 lwhx 共查 30 个仓库
[2026-07-15 00:24:19] 仓库 https://github.com/ysm827/v2rayN (分支: master, size: 48447KB, pushed: 2026-07-14T04:38:46Z)
[2026-07-15 00:24:21]   🍴 子仓库: 26 个 → 队列
[2026-07-15 00:24:21]   👤 用户仓库: 30 个 → 队列[2026-07-15 00:24:21] 🔗 开始 Fork 链追踪 (Delta-Kronecker/V2ray-Config)

[2026-07-15 00:24:21]   用户 ceo1st 共查 30 个仓库
[2026-07-15 00:24:21] 仓库 https://github.com/NeuralNode-Dev/clash-v2rayn-shadowrocket (分支: main, size: 91KB, pushed: 2026-07-14T04:05:32Z)
[2026-07-15 00:24:23] 仓库 https://github.com/ysm827/v2rayN 无候选文件 (总计 422 blob, 扩展名过滤 372, processed_shas 跳过 0, SHA 缓存跳过 50)
[2026-07-15 00:24:23] 🔗 查子仓库: ysm827/v2rayN
[2026-07-15 00:24:23]   👤 用户仓库: 9 个 → 队列
[2026-07-15 00:24:23]   用户 freekof 共查 9 个仓库
[2026-07-15 00:24:23] 仓库 https://github.com/catcat0921/vpn-net (分支: main, size: 901KB, pushed: 2026-07-14T02:23:17Z)
[2026-07-15 00:24:23] 🔗 开始 Fork 链追踪 (ysm827/v2rayN)
[2026-07-15 00:24:23] 👤 遍历用户仓库: Delta-Kronecker
[2026-07-15 00:24:25] 仓库 https://github.com/NeuralNode-Dev/clash-v2rayn-shadowrocket 无候选文件 (总计 6 blob, 扩展名过滤 1, processed_shas 跳过 0, SHA 缓存跳过 5)[2026-07-15 00:24:25]   父仓库: 2dust/v2rayN
[2026-07-15 00:24:25] 仓库 https://github.com/catcat0921/vpn-net 无候选文件 (总计 7 blob, 扩展名过滤 0, processed_shas 跳过 0, SHA 缓存跳过 7)

[2026-07-15 00:24:25] 🔗 查子仓库: catcat0921/vpn-net
[2026-07-15 00:24:25] 🔗 查子仓库: NeuralNode-Dev/clash-v2rayn-shadowrocket
[2026-07-15 00:24:27]   👤 用户仓库: 21 个 → 队列
[2026-07-15 00:24:27]   用户 Delta-Kronecker 共查 21 个仓库
[2026-07-15 00:24:27] 仓库 https://github.com/dumpmemory/v2rayN (分支: master, size: 48849KB, pushed: 2026-07-14T02:12:27Z)
[2026-07-15 00:24:27] 🔗 开始 Fork 链追踪 (NeuralNode-Dev/clash-v2rayn-shadowrocket)
[2026-07-15 00:24:29] 🔗 开始 Fork 链追踪 (catcat0921/vpn-net)[2026-07-15 00:24:29] 仓库 https://github.com/dumpmemory/v2rayN 无候选文件 (总计 422 blob, 扩展名过滤 372, processed_shas 跳过 0, SHA 缓存跳过 50)

[2026-07-15 00:24:29] 🔗 查子仓库: dumpmemory/v2rayN
[2026-07-15 00:24:31] 👤 遍历用户仓库: NeuralNode-Dev
[2026-07-15 00:24:31] 🔗 开始 Fork 链追踪 (dumpmemory/v2rayN)
[2026-07-15 00:24:31]   父仓库: VpnNetwork01/vpn-net
[2026-07-15 00:24:33]   父仓库: 2dust/v2rayN
[2026-07-15 00:24:33] 👤 遍历用户仓库: ysm827
[2026-07-15 00:24:35]   👤 用户仓库: 8 个 → 队列
[2026-07-15 00:24:35]   用户 NeuralNode-Dev 共查 8 个仓库
[2026-07-15 00:24:35] 仓库 https://github.com/CloudEngineHub/v2rayN (分支: master, size: 48849KB, pushed: 2026-07-14T02:12:17Z)
[2026-07-15 00:24:36]   🍴 兄弟仓库: 30 个 → 队列
[2026-07-15 00:24:36] 👤 遍历用户仓库: catcat0921
[2026-07-15 00:24:36] 仓库 https://github.com/CloudEngineHub/v2rayN 无候选文件 (总计 422 blob, 扩展名过滤 372, processed_shas 跳过 0, SHA 缓存跳过 50)
[2026-07-15 00:24:36] 🔗 查子仓库: CloudEngineHub/v2rayN
[2026-07-15 00:24:36] 🔗 开始 Fork 链追踪 (CloudEngineHub/v2rayN)
[2026-07-15 00:24:38]   父仓库: 2dust/v2rayN
[2026-07-15 00:24:40] 👤 遍历用户仓库: dumpmemory
[2026-07-15 00:24:41] 👤 遍历用户仓库: CloudEngineHub
[2026-07-15 00:24:44]   👤 用户仓库: 30 个 → 队列
[2026-07-15 00:24:44]   用户 catcat0921 共查 30 个仓库
[2026-07-15 00:24:44] 仓库 https://github.com/VpnNetwork01/vpn-net (分支: main, size: 901KB, pushed: 2026-07-14T02:10:41Z)
[2026-07-15 00:24:46] 仓库 https://github.com/VpnNetwork01/vpn-net 无候选文件 (总计 7 blob, 扩展名过滤 0, processed_shas 跳过 0, SHA 缓存跳过 7)
[2026-07-15 00:24:46] 🔗 查子仓库: VpnNetwork01/vpn-net
[2026-07-15 00:24:48]   👤 用户仓库: 30 个 → 队列
[2026-07-15 00:24:48]   用户 ysm827 共查 30 个仓库
[2026-07-15 00:24:48] 仓库 https://github.com/limingzhang648-ai/v2rayN (分支: master, size: 48778KB, pushed: 2026-07-14T01:57:00Z)
[2026-07-15 00:24:50] 🔗 开始 Fork 链追踪 (VpnNetwork01/vpn-net)
[2026-07-15 00:24:51]   👤 用户仓库: 30 个 → 队列
[2026-07-15 00:24:51]   用户 dumpmemory 共查 30 个仓库
[2026-07-15 00:24:51] 仓库 https://github.com/cpalead-john/v2rayN (分支: master, size: 48878KB, pushed: 2026-07-14T01:57:00Z)
[2026-07-15 00:24:51] 仓库 https://github.com/limingzhang648-ai/v2rayN 无候选文件 (总计 422 blob, 扩展名过滤 372, processed_shas 跳过 0, SHA 缓存跳过 50)
[2026-07-15 00:24:51] 🔗 查子仓库: limingzhang648-ai/v2rayN
[2026-07-15 00:24:51] 👤 遍历用户仓库: VpnNetwork01
[2026-07-15 00:24:53] 🔗 开始 Fork 链追踪 (limingzhang648-ai/v2rayN)
[2026-07-15 00:24:53] 仓库 https://github.com/cpalead-john/v2rayN 无候选文件 (总计 422 blob, 扩展名过滤 372, processed_shas 跳过 0, SHA 缓存跳过 50)
[2026-07-15 00:24:53] 🔗 查子仓库: cpalead-john/v2rayN
[2026-07-15 00:24:55] 🔗 开始 Fork 链追踪 (cpalead-john/v2rayN)
[2026-07-15 00:24:55]   父仓库: 2dust/v2rayN
[2026-07-15 00:24:55]   👤 用户仓库: 1 个 → 队列
[2026-07-15 00:24:55]   用户 VpnNetwork01 共查 1 个仓库
[2026-07-15 00:24:55] 仓库 https://github.com/a447357039/v2rayN (分支: master, size: 48878KB, pushed: 2026-07-14T01:57:00Z)
[2026-07-15 00:24:57]   父仓库: 2dust/v2rayN
[2026-07-15 00:24:57]   👤 用户仓库: 30 个 → 队列
[2026-07-15 00:24:57]   用户 CloudEngineHub 共查 30 个仓库
[2026-07-15 00:24:57] 仓库 https://github.com/dagaidushu/v2rayN (分支: master, size: 48453KB, pushed: 2026-07-14T09:14:48Z)
[2026-07-15 00:24:59] 仓库 https://github.com/a447357039/v2rayN 无候选文件 (总计 422 blob, 扩展名过滤 372, processed_shas 跳过 0, SHA 缓存跳过 50)
[2026-07-15 00:24:59] 🔗 查子仓库: a447357039/v2rayN
[2026-07-15 00:24:59] 🔗 开始 Fork 链追踪 (a447357039/v2rayN)
[2026-07-15 00:24:59]   父仓库: 2dust/v2rayN
[2026-07-15 00:24:59] 仓库 https://github.com/dagaidushu/v2rayN 无候选文件 (总计 422 blob, 扩展名过滤 372, processed_shas 跳过 0, SHA 缓存跳过 50)
[2026-07-15 00:24:59] 🔗 查子仓库: dagaidushu/v2rayN
[2026-07-15 00:25:01] 👤 遍历用户仓库: limingzhang648-ai
[2026-07-15 00:25:03] 🔗 开始 Fork 链追踪 (dagaidushu/v2rayN)
[2026-07-15 00:25:04]   父仓库: 2dust/v2rayN
[2026-07-15 00:25:04]   用户 limingzhang648-ai 共查 0 个仓库
[2026-07-15 00:25:04] 仓库 https://github.com/ZKFNB/v2rayN (分支: master, size: 48878KB, pushed: 2026-07-14T01:57:00Z)
[2026-07-15 00:25:06] 👤 遍历用户仓库: cpalead-john[2026-07-15 00:25:06] 👤 遍历用户仓库: a447357039

[2026-07-15 00:25:08] 仓库 https://github.com/ZKFNB/v2rayN 无候选文件 (总计 422 blob, 扩展名过滤 372, processed_shas 跳过 0, SHA 缓存跳过 50)
[2026-07-15 00:25:08] 🔗 查子仓库: ZKFNB/v2rayN
[2026-07-15 00:25:08] 🔗 开始 Fork 链追踪 (ZKFNB/v2rayN)
[2026-07-15 00:25:10]   👤 用户仓库: 2 个 → 队列
[2026-07-15 00:25:10]   用户 cpalead-john 共查 2 个仓库
[2026-07-15 00:25:10] 仓库 https://github.com/ecikou/v2rayN (分支: master, size: 48878KB, pushed: 2026-07-14T01:57:00Z)
[2026-07-15 00:25:10] 👤 遍历用户仓库: dagaidushu
[2026-07-15 00:25:10]   父仓库: 2dust/v2rayN
[2026-07-15 00:25:12]   👤 用户仓库: 4 个 → 队列
[2026-07-15 00:25:12]   用户 a447357039 共查 4 个仓库
[2026-07-15 00:25:12] 仓库 https://github.com/henrylee529/v2rayN (分支: master, size: 48430KB, pushed: 2026-07-14T01:32:24Z)
[2026-07-15 00:25:13] 仓库 https://github.com/ecikou/v2rayN 无候选文件 (总计 422 blob, 扩展名过滤 372, processed_shas 跳过 0, SHA 缓存跳过 50)
[2026-07-15 00:25:13] 🔗 查子仓库: ecikou/v2rayN
[2026-07-15 00:25:13] 仓库 https://github.com/henrylee529/v2rayN 无候选文件 (总计 422 blob, 扩展名过滤 372, processed_shas 跳过 0, SHA 缓存跳过 50)
[2026-07-15 00:25:13] 🔗 查子仓库: henrylee529/v2rayN
[2026-07-15 00:25:15]   👤 用户仓库: 11 个 → 队列
[2026-07-15 00:25:15]   用户 dagaidushu 共查 11 个仓库
[2026-07-15 00:25:15] 🔗 开始 Fork 链追踪 (ecikou/v2rayN)
[2026-07-15 00:25:15] 仓库 https://github.com/Mars-FlyFly/v2rayN (分支: master, size: 48430KB, pushed: 2026-07-14T01:20:02Z)
[2026-07-15 00:25:17] 🔗 开始 Fork 链追踪 (henrylee529/v2rayN)
[2026-07-15 00:25:17]   父仓库: 2dust/v2rayN
[2026-07-15 00:25:17]   父仓库: 2dust/v2rayN
[2026-07-15 00:25:17] ⏱️ [25/122] mihomo pushed:>2026-07-13T16:01:45Z fork:true -language:HTML | 441s | +139
[2026-07-15 00:25:19] 仓库 https://github.com/Mars-FlyFly/v2rayN 无候选文件 (总计 422 blob, 扩展名过滤 372, processed_shas 跳过 0, SHA 缓存跳过 50)[2026-07-15 00:25:19] 👤 遍历用户仓库: ZKFNB

[2026-07-15 00:25:19] 🔗 查子仓库: Mars-FlyFly/v2rayN
[2026-07-15 00:25:21] 🔗 开始 Fork 链追踪 (Mars-FlyFly/v2rayN)
[2026-07-15 00:25:23]   父仓库: 2dust/v2rayN
[2026-07-15 00:25:23] 👤 遍历用户仓库: ecikou
[2026-07-15 00:25:23] 👤 遍历用户仓库: henrylee529
[2026-07-15 00:25:25]   👤 用户仓库: 4 个 → 队列
[2026-07-15 00:25:25]   用户 ZKFNB 共查 4 个仓库
[2026-07-15 00:25:25] 仓库 https://github.com/nfun-216/v2rayNG (分支: master, size: 35659KB, pushed: 2026-07-14T01:03:15Z)
[2026-07-15 00:25:26] 仓库 https://github.com/nfun-216/v2rayNG 无候选文件 (总计 388 blob, 扩展名过滤 365, processed_shas 跳过 0, SHA 缓存跳过 23)
[2026-07-15 00:25:26] 🔗 查子仓库: nfun-216/v2rayNG
[2026-07-15 00:25:26]   👤 用户仓库: 6 个 → 队列
[2026-07-15 00:25:26]   用户 ecikou 共查 6 个仓库
[2026-07-15 00:25:26] 仓库 https://github.com/aleksandr-miheichev/v2rayN (分支: master, size: 48357KB, pushed: 2026-07-13T19:06:04Z)
[2026-07-15 00:25:28] 🔗 开始 Fork 链追踪 (nfun-216/v2rayNG)
[2026-07-15 00:25:30] 仓库 https://github.com/aleksandr-miheichev/v2rayN 无候选文件 (总计 415 blob, 扩展名过滤 365, processed_shas 跳过 0, SHA 缓存跳过 50)
[2026-07-15 00:25:30] 🔗 查子仓库: aleksandr-miheichev/v2rayN
[2026-07-15 00:25:30]   👤 用户仓库: 30 个 → 队列
[2026-07-15 00:25:30]   用户 henrylee529 共查 30 个仓库
[2026-07-15 00:25:30] 仓库 https://github.com/cbusifabcap/daily_free_vpn (分支: main, size: 322KB, pushed: 2026-07-14T16:10:08Z)
[2026-07-15 00:25:30] 🔗 开始 Fork 链追踪 (aleksandr-miheichev/v2rayN)
[2026-07-15 00:25:30]   父仓库: 2dust/v2rayNG
[2026-07-15 00:25:32]   父仓库: 2dust/v2rayN
[2026-07-15 00:25:32] 仓库 https://github.com/cbusifabcap/daily_free_vpn 候选文件 13 个[2026-07-15 00:25:32] 👤 遍历用户仓库: Mars-FlyFly

[2026-07-15 00:25:32] 📄 https://raw.githubusercontent.com/cbusifabcap/daily_free_vpn/main/Z.txt ✅ 解析 1085 候选 → 1085 个有效节点 → 去重后新增 133 个
[2026-07-15 00:25:33] 📄 https://raw.githubusercontent.com/cbusifabcap/daily_free_vpn/main/sub/Surge.yml ✅ 解析 635 候选 → 635 个有效节点 → 去重后新增 166 个
[2026-07-15 00:25:36]   🍴 兄弟仓库: 29 个 → 队列
[2026-07-15 00:25:36] 👤 遍历用户仓库: nfun-216
[2026-07-15 00:25:37]   👤 用户仓库: 29 个 → 队列
[2026-07-15 00:25:37]   用户 Mars-FlyFly 共查 29 个仓库
[2026-07-15 00:25:37] 仓库 https://github.com/AvenCores/goida-vpn-configs (分支: main, size: 8476715KB, pushed: 2026-07-14T15:55:05Z)
[2026-07-15 00:25:37]   👤 用户仓库: 5 个 → 队列
[2026-07-15 00:25:38]   用户 nfun-216 共查 5 个仓库
[2026-07-15 00:25:38] 仓库 https://github.com/DarkRoyalty/shnajder-vpn-configs (分支: main, size: 496643KB, pushed: 2026-07-14T15:53:25Z)
[2026-07-15 00:25:38] 👤 遍历用户仓库: aleksandr-miheichev
[2026-07-15 00:25:39] 仓库 https://github.com/AvenCores/goida-vpn-configs 候选文件 24 个
[2026-07-15 00:25:39] 仓库 https://github.com/DarkRoyalty/shnajder-vpn-configs 候选文件 19 个
[2026-07-15 00:25:40]   👤 用户仓库: 15 个 → 队列
[2026-07-15 00:25:40]   用户 aleksandr-miheichev 共查 15 个仓库
[2026-07-15 00:25:40] 仓库 https://github.com/miladtahanian/V2RayScrapeByCountry (分支: main, size: 64828KB, pushed: 2026-07-14T15:23:50Z)
[2026-07-15 00:25:41] 仓库 https://github.com/miladtahanian/V2RayScrapeByCountry 候选文件 5 个
[2026-07-15 00:25:44] 📄 https://raw.githubusercontent.com/miladtahanian/V2RayScrapeByCountry/main/output_configs/ShadowSocks.txt ✅ 解析 298 候选 → 298 个有效节点 → 去重后新增 68 个
[2026-07-15 00:25:45] 🔗 查子仓库: cbusifabcap/daily_free_vpn
[2026-07-15 00:25:45] 🔗 查子仓库: miladtahanian/V2RayScrapeByCountry
[2026-07-15 00:25:46]   🍴 子仓库: 8 个 → 队列
[2026-07-15 00:25:46] 🔗 开始 Fork 链追踪 (cbusifabcap/daily_free_vpn)
[2026-07-15 00:25:46] 📄 https://raw.githubusercontent.com/DarkRoyalty/shnajder-vpn-configs/main/githubmirror/26.txt ✅ 解析 3087 候选 → 3087 个有效节点 → 去重后新增 39 个
[2026-07-15 00:25:46] 👤 遍历用户仓库: cbusifabcap
[2026-07-15 00:25:46]   👤 用户仓库: 2 个 → 队列
[2026-07-15 00:25:46]   用户 cbusifabcap 共查 2 个仓库
[2026-07-15 00:25:46]   🍴 子仓库: 10 个 → 队列[2026-07-15 00:25:46] 仓库 https://github.com/Firmfox/Proxify (分支: main, size: 503113KB, pushed: 2026-07-14T14:48:29Z)

[2026-07-15 00:25:47] 🔗 开始 Fork 链追踪 (miladtahanian/V2RayScrapeByCountry)
[2026-07-15 00:25:47] 👤 遍历用户仓库: miladtahanian
[2026-07-15 00:25:48] 仓库 https://github.com/Firmfox/Proxify 候选文件较多 (124 个)，先通过 commits API 过滤
[2026-07-15 00:25:50]   👤 用户仓库: 11 个 → 队列
[2026-07-15 00:25:50]   用户 miladtahanian 共查 11 个仓库
[2026-07-15 00:25:50] 仓库 https://github.com/hotseo123/jichangtizi-youhuima (分支: main, size: 219KB, pushed: 2026-07-14T14:48:04Z)
[2026-07-15 00:25:51] 仓库 https://github.com/hotseo123/jichangtizi-youhuima 候选文件 2 个
[2026-07-15 00:25:51]   Compare API 返回 111 个变更文件 (3 次 API 调用)
[2026-07-15 00:25:51]   commits 过滤: 124 → 108 (变更文件 111 个)
[2026-07-15 00:25:51] 仓库 https://github.com/Firmfox/Proxify 候选文件 108 个
[2026-07-15 00:25:51] 📄 https://raw.githubusercontent.com/Firmfox/Proxify/main/v2ray_configs/separated_by_protocol/shadowsocks.txt ✅ 解析 298 候选 → 298 个有效节点 → 去重后新增 1 个
[2026-07-15 00:25:52] 仓库 https://github.com/hotseo123/jichangtizi-youhuima README 含广告词，加入黑名单
[2026-07-15 00:25:52] 仓库 https://github.com/hiztin/VLESS-PO-GRIBI (分支: main, size: 74190KB, pushed: 2026-07-14T13:42:15Z)
[2026-07-15 00:25:52] 仓库 https://github.com/hiztin/VLESS-PO-GRIBI 候选文件 24 个
[2026-07-15 00:25:53] 📄 https://raw.githubusercontent.com/hiztin/VLESS-PO-GRIBI/main/deploy/subscriptions/21.txt ✅ 解析 187 候选 → 187 个有效节点 → 去重后新增 8 个
[2026-07-15 00:25:54] 📄 https://raw.githubusercontent.com/hiztin/VLESS-PO-GRIBI/main/deploy/subscriptions/13.txt ✅ 解析 167 候选 → 167 个有效节点 → 去重后新增 6 个
[2026-07-15 00:25:54] 📄 https://raw.githubusercontent.com/hiztin/VLESS-PO-GRIBI/main/deploy/subscriptions/1.txt ✅ 解析 155 候选 → 155 个有效节点 → 去重后新增 2 个
[2026-07-15 00:25:54] 📄 https://raw.githubusercontent.com/hiztin/VLESS-PO-GRIBI/main/deploy/subscriptions/9.txt ✅ 解析 121 候选 → 121 个有效节点 → 去重后新增 81 个
[2026-07-15 00:25:54] 📄 https://raw.githubusercontent.com/hiztin/VLESS-PO-GRIBI/main/deploy/subscriptions/17.txt ✅ 解析 137 候选 → 137 个有效节点 → 去重后新增 1 个
[2026-07-15 00:25:59] 📄 https://raw.githubusercontent.com/hiztin/VLESS-PO-GRIBI/main/deploy/sub.txt ✅ 解析 2255 候选 → 2255 个有效节点 → 去重后新增 269 个
[2026-07-15 00:26:00] 🔗 查子仓库: Firmfox/Proxify
[2026-07-15 00:26:00] 🔗 查子仓库: hiztin/VLESS-PO-GRIBI
[2026-07-15 00:26:00]   🍴 子仓库: 1 个 → 队列
[2026-07-15 00:26:00] 🔗 开始 Fork 链追踪 (hiztin/VLESS-PO-GRIBI)
[2026-07-15 00:26:00]   🍴 子仓库: 17 个 → 队列
[2026-07-15 00:26:00] 🔗 开始 Fork 链追踪 (Firmfox/Proxify)
[2026-07-15 00:26:01] 👤 遍历用户仓库: Firmfox
[2026-07-15 00:26:01] 👤 遍历用户仓库: hiztin
[2026-07-15 00:26:01]   用户 Firmfox 共查 0 个仓库
[2026-07-15 00:26:01] 仓库 https://github.com/getpower668/kuaiji-vpn (分支: master, size: 44699KB, pushed: 2026-07-14T13:28:18Z)
[2026-07-15 00:26:02]   👤 用户仓库: 8 个 → 队列
[2026-07-15 00:26:02]   用户 hiztin 共查 8 个仓库
[2026-07-15 00:26:02] 仓库 https://github.com/KH-Danial/my.vtoray.con (分支: main, size: 1739141KB, pushed: 2026-07-14T13:17:28Z)
[2026-07-15 00:26:02] 仓库 https://github.com/getpower668/kuaiji-vpn 候选文件 1 个
[2026-07-15 00:26:03] 仓库 https://github.com/KH-Danial/my.vtoray.con 候选文件较多 (111 个)，先通过 commits API 过滤
[2026-07-15 00:26:07]   Compare API 返回 100 个变更文件 (3 次 API 调用)
[2026-07-15 00:26:07]   commits 过滤: 111 → 100 (变更文件 100 个)
[2026-07-15 00:26:07] 仓库 https://github.com/KH-Danial/my.vtoray.con 候选文件 100 个
[2026-07-15 00:26:08] 🔗 查子仓库: getpower668/kuaiji-vpn
[2026-07-15 00:26:08] 🔗 开始 Fork 链追踪 (getpower668/kuaiji-vpn)
[2026-07-15 00:26:08] 📄 https://raw.githubusercontent.com/KH-Danial/my.vtoray.con/main/config/hysteria2/hysteria2.txt ✅ 解析 504 候选 → 504 个有效节点 → 去重后新增 307 个
[2026-07-15 00:26:08] 👤 遍历用户仓库: getpower668
[2026-07-15 00:26:09]   👤 用户仓库: 2 个 → 队列
[2026-07-15 00:26:09]   用户 getpower668 共查 2 个仓库
[2026-07-15 00:26:09] 仓库 https://github.com/luxxuria/harvester (分支: main, size: 24892KB, pushed: 2026-07-14T12:01:44Z)
[2026-07-15 00:26:11] 仓库 https://github.com/luxxuria/harvester 候选文件 4 个
[2026-07-15 00:26:14] 📄 https://raw.githubusercontent.com/KH-Danial/my.vtoray.con/main/config/reality/reality_12.txt ✅ 解析 676 候选 → 676 个有效节点 → 去重后新增 232 个
[2026-07-15 00:26:15] 📄 https://raw.githubusercontent.com/luxxuria/harvester/main/ping_tested.txt ✅ 解析 112 候选 → 112 个有效节点 → 去重后新增 2 个
[2026-07-15 00:26:15] 📄 https://raw.githubusercontent.com/KH-Danial/my.vtoray.con/main/config/reality/reality_22.txt ✅ 解析 132 候选 → 132 个有效节点 → 去重后新增 61 个
[2026-07-15 00:26:15] 📄 https://raw.githubusercontent.com/KH-Danial/my.vtoray.con/main/config/reality/reality_20.txt ✅ 解析 953 候选 → 953 个有效节点 → 去重后新增 333 个
[2026-07-15 00:26:18] 🔗 查子仓库: luxxuria/harvester
[2026-07-15 00:26:19] 📄 https://raw.githubusercontent.com/KH-Danial/my.vtoray.con/main/config/reality/reality_21.txt ✅ 解析 955 候选 → 955 个有效节点 → 去重后新增 320 个
[2026-07-15 00:26:20] 📄 https://raw.githubusercontent.com/KH-Danial/my.vtoray.con/main/config/reality/reality_18.txt ✅ 解析 1157 候选 → 1157 个有效节点 → 去重后新增 440 个
[2026-07-15 00:26:20]   🍴 子仓库: 3 个 → 队列[2026-07-15 00:26:20] 📦 批次 0022 已持久化: /home/runner/work/test-college/test-college/batches/no_batch_0022.txt (5135 个节点, 累计 169728 个)

[2026-07-15 00:26:20] 📄 https://raw.githubusercontent.com/KH-Danial/my.vtoray.con/main/config/reality/reality_14.txt ✅ 解析 1255 候选 → 1255 个有效节点 → 去重后新增 438 个
[2026-07-15 00:26:21] 🔗 开始 Fork 链追踪 (luxxuria/harvester)[2026-07-15 00:26:22] 📄 https://raw.githubusercontent.com/KH-Danial/my.vtoray.con/main/config/reality/reality_11.txt ✅ 解析 758 候选 → 758 个有效节点 → 去重后新增 218 个

[2026-07-15 00:26:23] 👤 遍历用户仓库: luxxuria
[2026-07-15 00:26:23] 📄 https://raw.githubusercontent.com/KH-Danial/my.vtoray.con/main/config/reality/reality_15.txt ✅ 解析 877 候选 → 877 个有效节点 → 去重后新增 238 个
[2026-07-15 00:26:23]   👤 用户仓库: 1 个 → 队列
[2026-07-15 00:26:24]   用户 luxxuria 共查 1 个仓库[2026-07-15 00:26:24] SHA 缓存已保存: 35482 条, 1 分片

[2026-07-15 00:26:24] 仓库 https://github.com/kasanetetouwu0401/MikuRay (分支: master, size: 69280KB, pushed: 2026-07-14T11:56:46Z)
[2026-07-15 00:26:25] 📄 https://raw.githubusercontent.com/KH-Danial/my.vtoray.con/main/config/reality/reality_13.txt ✅ 解析 1078 候选 → 1078 个有效节点 → 去重后新增 355 个[2026-07-15 00:26:25] 📄 https://raw.githubusercontent.com/KH-Danial/my.vtoray.con/main/config/reality/reality_10.txt ✅ 解析 1146 候选 → 1146 个有效节点 → 去重后新增 293 个

[2026-07-15 00:26:26] 📄 https://raw.githubusercontent.com/KH-Danial/my.vtoray.con/main/config/reality/reality_1.txt ✅ 解析 1166 候选 → 1166 个有效节点 → 去重后新增 305 个
[2026-07-15 00:26:26] 📄 https://raw.githubusercontent.com/KH-Danial/my.vtoray.con/main/config/reality/reality_2.txt ✅ 解析 1181 候选 → 1181 个有效节点 → 去重后新增 339 个
[2026-07-15 00:26:27] ⏱️ [26/122] Hiddify pushed:>2026-07-13T16:01:45Z fork:true -language:HTM | 70s | +4655
[2026-07-15 00:26:28] 仓库 https://github.com/kasanetetouwu0401/MikuRay 无候选文件 (总计 751 blob, 扩展名过滤 731, processed_shas 跳过 0, SHA 缓存跳过 20)
[2026-07-15 00:26:28] 📄 https://raw.githubusercontent.com/KH-Danial/my.vtoray.con/main/config/ss/ss_11.txt ✅ 解析 32 候选 → 32 个有效节点 → 去重后新增 3 个
[2026-07-15 00:26:28] 🔗 查子仓库: kasanetetouwu0401/MikuRay
[2026-07-15 00:26:28] 📄 https://raw.githubusercontent.com/KH-Danial/my.vtoray.con/main/config/reality/reality_16.txt ✅ 解析 1044 候选 → 1044 个有效节点 → 去重后新增 270 个
[2026-07-15 00:26:28] 📄 https://raw.githubusercontent.com/KH-Danial/my.vtoray.con/main/config/reality/reality_19.txt ✅ 解析 962 候选 → 962 个有效节点 → 去重后新增 185 个
[2026-07-15 00:26:29] 🔗 开始 Fork 链追踪 (kasanetetouwu0401/MikuRay)
[2026-07-15 00:26:29] 📄 https://raw.githubusercontent.com/KH-Danial/my.vtoray.con/main/config/reality/reality_17.txt ✅ 解析 1064 候选 → 1064 个有效节点 → 去重后新增 352 个
[2026-07-15 00:26:29]   父仓库: HatsuneMikuUwU/MikuRay
[2026-07-15 00:26:30] 仓库在黑名单中: https://github.com/HatsuneMikuUwU/MikuRay[2026-07-15 00:26:30] 📄 https://raw.githubusercontent.com/KH-Danial/my.vtoray.con/main/config/reality/reality_3.txt ✅ 解析 1014 候选 → 1014 个有效节点 → 去重后新增 258 个

[2026-07-15 00:26:30]   父仓库 +63 个节点
[2026-07-15 00:26:31]   🍴 兄弟仓库: 4 个 → 队列
[2026-07-15 00:26:32] 👤 遍历用户仓库: kasanetetouwu0401
[2026-07-15 00:26:32] 📄 https://raw.githubusercontent.com/KH-Danial/my.vtoray.con/main/config/reality/reality_4.txt ✅ 解析 998 候选 → 998 个有效节点 → 去重后新增 263 个
[2026-07-15 00:26:33]   👤 用户仓库: 4 个 → 队列
[2026-07-15 00:26:33]   用户 kasanetetouwu0401 共查 4 个仓库
[2026-07-15 00:26:33] 仓库 https://github.com/lanzm/MetaFetch (分支: master, size: 2853KB, pushed: 2026-07-14T16:07:44Z)
[2026-07-15 00:26:35] 📄 https://raw.githubusercontent.com/KH-Danial/my.vtoray.con/main/config/reality/reality_6.txt ✅ 解析 796 候选 → 796 个有效节点 → 去重后新增 208 个[2026-07-15 00:26:35] 仓库 https://github.com/lanzm/MetaFetch 候选文件 2 个

[2026-07-15 00:26:36] 📄 https://raw.githubusercontent.com/KH-Danial/my.vtoray.con/main/config/ss/ss_4.txt ✅ 解析 1142 候选 → 1142 个有效节点 → 去重后新增 284 个
[2026-07-15 00:26:36] 📄 https://raw.githubusercontent.com/KH-Danial/my.vtoray.con/main/config/ss/ss_7.txt ✅ 解析 1326 候选 → 1326 个有效节点 → 去重后新增 380 个
[2026-07-15 00:26:38] 📄 https://raw.githubusercontent.com/KH-Danial/my.vtoray.con/main/config/ss/ss_6.txt ✅ 解析 375 候选 → 375 个有效节点 → 去重后新增 76 个
[2026-07-15 00:26:38] 📄 https://raw.githubusercontent.com/KH-Danial/my.vtoray.con/main/config/reality/reality_5.txt ✅ 解析 590 候选 → 590 个有效节点 → 去重后新增 129 个[2026-07-15 00:26:38] 📄 https://raw.githubusercontent.com/KH-Danial/my.vtoray.con/main/config/reality/reality_7.txt ✅ 解析 620 候选 → 620 个有效节点 → 去重后新增 53 个

[2026-07-15 00:26:39] 📄 https://raw.githubusercontent.com/KH-Danial/my.vtoray.con/main/config/ss/ss_8.txt ✅ 解析 1984 候选 → 1984 个有效节点 → 去重后新增 334 个
[2026-07-15 00:26:39] 📄 https://raw.githubusercontent.com/KH-Danial/my.vtoray.con/main/config/ss/ss_5.txt ✅ 解析 1091 候选 → 1091 个有效节点 → 去重后新增 288 个
[2026-07-15 00:26:40] 📦 批次 0023 已持久化: /home/runner/work/test-college/test-college/batches/no_batch_0023.txt (5269 个节点, 累计 174997 个)
[2026-07-15 00:26:40] 📄 https://raw.githubusercontent.com/lanzm/MetaFetch/master/list.meta.yml ✅ 解析 175 候选 → 175 个有效节点 → 去重后新增 7 个
[2026-07-15 00:26:41] 🔗 查子仓库: lanzm/MetaFetch
[2026-07-15 00:26:41] 📄 https://raw.githubusercontent.com/KH-Danial/my.vtoray.con/main/config/reality/reality_8.txt ✅ 解析 1044 候选 → 1044 个有效节点 → 去重后新增 188 个
[2026-07-15 00:26:41]   🍴 子仓库: 3 个 → 队列
[2026-07-15 00:26:42] 🔗 开始 Fork 链追踪 (lanzm/MetaFetch)
[2026-07-15 00:26:42] 📄 https://raw.githubusercontent.com/KH-Danial/my.vtoray.con/main/config/ss/ss_1.txt ✅ 解析 2221 候选 → 2221 个有效节点 → 去重后新增 562 个[2026-07-15 00:26:42] SHA 缓存已保存: 35507 条, 1 分片

[2026-07-15 00:26:42] 👤 遍历用户仓库: lanzm
[2026-07-15 00:26:43] 📄 https://raw.githubusercontent.com/KH-Danial/my.vtoray.con/main/config/reality/reality_9.txt ✅ 解析 1291 候选 → 1291 个有效节点 → 去重后新增 424 个
[2026-07-15 00:26:43]   👤 用户仓库: 4 个 → 队列
[2026-07-15 00:26:44]   用户 lanzm 共查 4 个仓库
[2026-07-15 00:26:44] 仓库 https://github.com/mycum/ClashMetaForAndroid (分支: main, size: 19009KB, pushed: 2026-07-14T16:01:24Z)
[2026-07-15 00:26:44] 📄 https://raw.githubusercontent.com/KH-Danial/my.vtoray.con/main/config/ss/ss_3.txt ✅ 解析 1618 候选 → 1618 个有效节点 → 去重后新增 288 个
[2026-07-15 00:26:48] 仓库 https://github.com/mycum/ClashMetaForAndroid 候选文件 2 个
[2026-07-15 00:26:48] 📄 https://raw.githubusercontent.com/KH-Danial/my.vtoray.con/main/config/ss/ss_9.txt ✅ 解析 2055 候选 → 2055 个有效节点 → 去重后新增 283 个
[2026-07-15 00:26:48] 📄 https://raw.githubusercontent.com/KH-Danial/my.vtoray.con/main/config/ss/ss_10.txt ✅ 解析 2010 候选 → 2010 个有效节点 → 去重后新增 291 个[2026-07-15 00:26:49] 📄 https://raw.githubusercontent.com/KH-Danial/my.vtoray.con/main/config/ss/ss_2.txt ✅ 解析 2165 候选 → 2165 个有效节点 → 去重后新增 287 个

[2026-07-15 00:26:49] 📄 https://raw.githubusercontent.com/KH-Danial/my.vtoray.con/main/config/trojan/trojan_1.txt ✅ 解析 1784 候选 → 1784 个有效节点 → 去重后新增 219 个
[2026-07-15 00:26:51] 📄 https://raw.githubusercontent.com/KH-Danial/my.vtoray.con/main/config/trojan/trojan_4.txt ✅ 解析 2063 候选 → 2063 个有效节点 → 去重后新增 801 个
[2026-07-15 00:26:52] 📄 https://raw.githubusercontent.com/KH-Danial/my.vtoray.con/main/config/trojan/trojan_6.txt ✅ 解析 2145 候选 → 2145 个有效节点 → 去重后新增 222 个
[2026-07-15 00:26:52] 📄 https://raw.githubusercontent.com/KH-Danial/my.vtoray.con/main/config/trojan/trojan_5.txt ✅ 解析 1425 候选 → 1425 个有效节点 → 去重后新增 333 个
[2026-07-15 00:26:52] 📄 https://raw.githubusercontent.com/KH-Danial/my.vtoray.con/main/config/trojan/trojan_9.txt ✅ 解析 2636 候选 → 2636 个有效节点 → 去重后新增 1012 个
[2026-07-15 00:26:53] 📄 https://raw.githubusercontent.com/KH-Danial/my.vtoray.con/main/config/trojan/trojan_2.txt ✅ 解析 2086 候选 → 2086 个有效节点 → 去重后新增 235 个
[2026-07-15 00:26:53] 📦 批次 0024 已持久化: /home/runner/work/test-college/test-college/batches/no_batch_0024.txt (5152 个节点, 累计 180149 个)
[2026-07-15 00:26:53] 📄 https://raw.githubusercontent.com/KH-Danial/my.vtoray.con/main/config/trojan/trojan_3.txt ✅ 解析 1772 候选 → 1772 个有效节点 → 去重后新增 67 个
[2026-07-15 00:26:54] 📄 https://raw.githubusercontent.com/KH-Danial/my.vtoray.con/main/config/trojan/trojan_8.txt ✅ 解析 1044 候选 → 1044 个有效节点 → 去重后新增 358 个
[2026-07-15 00:26:54] 📄 https://raw.githubusercontent.com/KH-Danial/my.vtoray.con/main/config/trojan/trojan_7.txt ✅ 解析 1824 候选 → 1824 个有效节点 → 去重后新增 472 个
[2026-07-15 00:26:55] SHA 缓存已保存: 35522 条, 1 分片
[2026-07-15 00:26:55] 📄 https://raw.githubusercontent.com/KH-Danial/my.vtoray.con/main/config/vless/vless_10.txt ✅ 解析 1080 候选 → 1080 个有效节点 → 去重后新增 280 个
[2026-07-15 00:26:58] 📄 https://raw.githubusercontent.com/KH-Danial/my.vtoray.con/main/config/vless/vless_12.txt ✅ 解析 1287 候选 → 1287 个有效节点 → 去重后新增 296 个
[2026-07-15 00:26:58] 📄 https://raw.githubusercontent.com/KH-Danial/my.vtoray.con/main/config/vless/vless_11.txt ✅ 解析 1290 候选 → 1290 个有效节点 → 去重后新增 366 个
[2026-07-15 00:26:59] 📄 https://raw.githubusercontent.com/KH-Danial/my.vtoray.con/main/config/vless/vless_1.txt ✅ 解析 1031 候选 → 1031 个有效节点 → 去重后新增 277 个
[2026-07-15 00:27:00] 📄 https://raw.githubusercontent.com/KH-Danial/my.vtoray.con/main/config/vless/vless_13.txt ✅ 解析 1251 候选 → 1251 个有效节点 → 去重后新增 496 个
[2026-07-15 00:27:00] 📄 https://raw.githubusercontent.com/KH-Danial/my.vtoray.con/main/config/vless/vless_14.txt ✅ 解析 1348 候选 → 1348 个有效节点 → 去重后新增 646 个
[2026-07-15 00:27:04] 📄 https://raw.githubusercontent.com/KH-Danial/my.vtoray.con/main/config/vless/vless_15.txt ✅ 解析 1272 候选 → 1272 个有效节点 → 去重后新增 297 个
[2026-07-15 00:27:05] 📄 https://raw.githubusercontent.com/KH-Danial/my.vtoray.con/main/config/vless/vless_16.txt ✅ 解析 1282 候选 → 1282 个有效节点 → 去重后新增 370 个
[2026-07-15 00:27:08] 📄 https://raw.githubusercontent.com/KH-Danial/my.vtoray.con/main/config/vless/vless_19.txt ✅ 解析 1032 候选 → 1032 个有效节点 → 去重后新增 278 个
[2026-07-15 00:27:08] 📄 https://raw.githubusercontent.com/KH-Danial/my.vtoray.con/main/config/vless/vless_2.txt ✅ 解析 1474 候选 → 1474 个有效节点 → 去重后新增 352 个[2026-07-15 00:27:08] 📄 https://raw.githubusercontent.com/KH-Danial/my.vtoray.con/main/config/vless/vless_24.txt ✅ 解析 570 候选 → 570 个有效节点 → 去重后新增 96 个

[2026-07-15 00:27:08] 🔗 查子仓库: mycum/ClashMetaForAndroid
[2026-07-15 00:27:09] 🔗 开始 Fork 链追踪 (mycum/ClashMetaForAndroid)
[2026-07-15 00:27:09] 📄 https://raw.githubusercontent.com/KH-Danial/my.vtoray.con/main/config/vless/vless_17.txt ✅ 解析 1408 候选 → 1408 个有效节点 → 去重后新增 494 个[2026-07-15 00:27:09] 📄 https://raw.githubusercontent.com/KH-Danial/my.vtoray.con/main/config/vless/vless_20.txt ✅ 解析 1004 候选 → 1004 个有效节点 → 去重后新增 229 个[2026-07-15 00:27:10]   父仓库: MetaCubeX/ClashMetaForAndroid
[2026-07-15 00:27:10] 📄 https://raw.githubusercontent.com/KH-Danial/my.vtoray.con/main/config/vless/vless_18.txt ✅ 解析 1003 候选 → 1003 个有效节点 → 去重后新增 199 个


[2026-07-15 00:27:11] 仓库在黑名单中: https://github.com/MetaCubeX/ClashMetaForAndroid[2026-07-15 00:27:11] 📦 批次 0025 已持久化: /home/runner/work/test-college/test-college/batches/no_batch_0025.txt (5573 个节点, 累计 185722 个)

[2026-07-15 00:27:11]   父仓库 +0 个节点
[2026-07-15 00:27:12] 📄 https://raw.githubusercontent.com/KH-Danial/my.vtoray.con/main/config/vless/vless_21.txt ✅ 解析 962 候选 → 962 个有效节点 → 去重后新增 285 个
[2026-07-15 00:27:12] 📄 https://raw.githubusercontent.com/KH-Danial/my.vtoray.con/main/config/vless/vless_22.txt ✅ 解析 936 候选 → 936 个有效节点 → 去重后新增 255 个
[2026-07-15 00:27:13] 📄 https://raw.githubusercontent.com/KH-Danial/my.vtoray.con/main/config/vless/vless_23.txt ✅ 解析 1914 候选 → 1914 个有效节点 → 去重后新增 1242 个
[2026-07-15 00:27:13] SHA 缓存已保存: 35540 条, 1 分片
[2026-07-15 00:27:14] 📄 https://raw.githubusercontent.com/KH-Danial/my.vtoray.con/main/config/vless/vless_28.txt ✅ 解析 1051 候选 → 1051 个有效节点 → 去重后新增 64 个
[2026-07-15 00:27:15] 📄 https://raw.githubusercontent.com/KH-Danial/my.vtoray.con/main/config/vless/vless_29.txt ✅ 解析 1213 候选 → 1213 个有效节点 → 去重后新增 148 个
[2026-07-15 00:27:15] 📄 https://raw.githubusercontent.com/KH-Danial/my.vtoray.con/main/config/vless/vless_27.txt ✅ 解析 896 候选 → 896 个有效节点 → 去重后新增 286 个
[2026-07-15 00:27:16]   🍴 兄弟仓库: 30 个 → 队列
[2026-07-15 00:27:16] 👤 遍历用户仓库: mycum[2026-07-15 00:27:16] 📄 https://raw.githubusercontent.com/KH-Danial/my.vtoray.con/main/config/vless/vless_26.txt ✅ 解析 1351 候选 → 1351 个有效节点 → 去重后新增 472 个

[2026-07-15 00:27:18] 📄 https://raw.githubusercontent.com/KH-Danial/my.vtoray.con/main/config/vless/vless_25.txt ✅ 解析 1083 候选 → 1083 个有效节点 → 去重后新增 303 个
[2026-07-15 00:27:18]   👤 用户仓库: 7 个 → 队列
[2026-07-15 00:27:18]   用户 mycum 共查 7 个仓库
[2026-07-15 00:27:19] 仓库 https://github.com/diyeah-create/airport (分支: main, size: 8072KB, pushed: 2026-07-14T15:52:42Z)
[2026-07-15 00:27:21] 仓库 https://github.com/diyeah-create/airport 候选文件 14 个
[2026-07-15 00:27:22] 📄 https://raw.githubusercontent.com/KH-Danial/my.vtoray.con/main/config/vless/vless_3.txt ✅ 解析 1103 候选 → 1103 个有效节点 → 去重后新增 276 个
[2026-07-15 00:27:23] 📄 https://raw.githubusercontent.com/KH-Danial/my.vtoray.con/main/config/vless/vless_30.txt ✅ 解析 1142 候选 → 1142 个有效节点 → 去重后新增 247 个
[2026-07-15 00:27:24] 📄 https://raw.githubusercontent.com/diyeah-create/airport/main/subs/Argh73.yaml ✅ 解析 189 候选 → 189 个有效节点 → 去重后新增 36 个
[2026-07-15 00:27:25] 📄 https://raw.githubusercontent.com/KH-Danial/my.vtoray.con/main/config/vless/vless_31.txt ✅ 解析 1194 候选 → 1194 个有效节点 → 去重后新增 413 个
[2026-07-15 00:27:26] 📄 https://raw.githubusercontent.com/KH-Danial/my.vtoray.con/main/config/vless/vless_39.txt ✅ 解析 641 候选 → 641 个有效节点 → 去重后新增 146 个
[2026-07-15 00:27:26] 📄 https://raw.githubusercontent.com/KH-Danial/my.vtoray.con/main/config/vless/vless_35.txt ✅ 解析 1296 候选 → 1296 个有效节点 → 去重后新增 358 个
[2026-07-15 00:27:26] 📄 https://raw.githubusercontent.com/diyeah-create/airport/main/subs/ZYFXS.yaml ✅ 解析 100 候选 → 100 个有效节点 → 去重后新增 23 个
[2026-07-15 00:27:27] 📄 https://raw.githubusercontent.com/KH-Danial/my.vtoray.con/main/config/vless/vless_33.txt ✅ 解析 1152 候选 → 1152 个有效节点 → 去重后新增 247 个[2026-07-15 00:27:27] 📄 https://raw.githubusercontent.com/KH-Danial/my.vtoray.con/main/config/vless/vless_38.txt ✅ 解析 907 候选 → 907 个有效节点 → 去重后新增 195 个[2026-07-15 00:27:27] 📄 https://raw.githubusercontent.com/KH-Danial/my.vtoray.con/main/config/vless/vless_36.txt ✅ 解析 1139 候选 → 1139 个有效节点 → 去重后新增 210 个

[2026-07-15 00:27:28] 📦 批次 0026 已持久化: /home/runner/work/test-college/test-college/batches/no_batch_0026.txt (5206 个节点, 累计 190928 个)
[2026-07-15 00:27:28] 📄 https://raw.githubusercontent.com/KH-Danial/my.vtoray.con/main/config/vless/vless_37.txt ✅ 解析 657 候选 → 657 个有效节点 → 去重后新增 95 个
[2026-07-15 00:27:28] 📄 https://raw.githubusercontent.com/KH-Danial/my.vtoray.con/main/config/vless/vless_46.txt ✅ 解析 82 候选 → 82 个有效节点 → 去重后新增 7 个

[2026-07-15 00:27:29] 📄 https://raw.githubusercontent.com/KH-Danial/my.vtoray.con/main/config/vless/vless_32.txt ✅ 解析 1491 候选 → 1491 个有效节点 → 去重后新增 756 个
[2026-07-15 00:27:30] 📄 https://raw.githubusercontent.com/KH-Danial/my.vtoray.con/main/config/vless/vless_34.txt ✅ 解析 1082 候选 → 1082 个有效节点 → 去重后新增 246 个
[2026-07-15 00:27:31] SHA 缓存已保存: 35568 条, 1 分片
[2026-07-15 00:27:32] 📄 https://raw.githubusercontent.com/diyeah-create/airport/main/subs/barry-far.yaml ✅ 解析 836 候选 → 836 个有效节点 → 去重后新增 1 个
[2026-07-15 00:27:33] 📄 https://raw.githubusercontent.com/KH-Danial/my.vtoray.con/main/config/vless/vless_4.txt ✅ 解析 855 候选 → 855 个有效节点 → 去重后新增 162 个
[2026-07-15 00:27:33] 📄 https://raw.githubusercontent.com/KH-Danial/my.vtoray.con/main/config/vless/vless_40.txt ✅ 解析 831 候选 → 831 个有效节点 → 去重后新增 185 个[2026-07-15 00:27:33] 📄 https://raw.githubusercontent.com/KH-Danial/my.vtoray.con/main/config/vless/vless_41.txt ✅ 解析 808 候选 → 808 个有效节点 → 去重后新增 218 个

[2026-07-15 00:27:34] 🔗 查子仓库: diyeah-create/airport
[2026-07-15 00:27:35] 📄 https://raw.githubusercontent.com/KH-Danial/my.vtoray.con/main/config/vless/vless_42.txt ✅ 解析 459 候选 → 459 个有效节点 → 去重后新增 23 个[2026-07-15 00:27:35] 📄 https://raw.githubusercontent.com/KH-Danial/my.vtoray.con/main/config/vless/vless_43.txt ✅ 解析 1025 候选 → 1025 个有效节点 → 去重后新增 199 个[2026-07-15 00:27:35] 🔗 开始 Fork 链追踪 (diyeah-create/airport)


[2026-07-15 00:27:36]   父仓库: dongchengjie/airport
[2026-07-15 00:27:37] 📄 https://raw.githubusercontent.com/KH-Danial/my.vtoray.con/main/config/vless/vless_44.txt ✅ 解析 1491 候选 → 1491 个有效节点 → 去重后新增 821 个
[2026-07-15 00:27:38] 📄 https://raw.githubusercontent.com/KH-Danial/my.vtoray.con/main/config/vless/vless_45.txt ✅ 解析 1124 候选 → 1124 个有效节点 → 去重后新增 331 个
[2026-07-15 00:27:40]   🍴 兄弟仓库: 30 个 → 队列
[2026-07-15 00:27:40] 👤 遍历用户仓库: diyeah-create
[2026-07-15 00:27:41] 📄 https://raw.githubusercontent.com/KH-Danial/my.vtoray.con/main/config/vless/vless_6.txt ✅ 解析 1302 候选 → 1302 个有效节点 → 去重后新增 387 个
[2026-07-15 00:27:41]   👤 用户仓库: 12 个 → 队列
[2026-07-15 00:27:41]   用户 diyeah-create 共查 12 个仓库
[2026-07-15 00:27:41] 📄 https://raw.githubusercontent.com/KH-Danial/my.vtoray.con/main/config/vless/vless_9.txt ✅ 解析 1186 候选 → 1186 个有效节点 → 去重后新增 363 个
[2026-07-15 00:27:41] 仓库 https://github.com/HZX-0107/MIHOMO_YAMLS (分支: main, size: 717146KB, pushed: 2026-07-14T15:45:24Z)[2026-07-15 00:27:42] 📄 https://raw.githubusercontent.com/KH-Danial/my.vtoray.con/main/config/vless/vless_5.txt ✅ 解析 945 候选 → 945 个有效节点 → 去重后新增 318 个

[2026-07-15 00:27:42] 📄 https://raw.githubusercontent.com/KH-Danial/my.vtoray.con/main/config/vless/vless_7.txt ✅ 解析 1227 候选 → 1227 个有效节点 → 去重后新增 312 个[2026-07-15 00:27:42] 📄 https://raw.githubusercontent.com/KH-Danial/my.vtoray.con/main/config/vless/vless_8.txt ✅ 解析 830 候选 → 830 个有效节点 → 去重后新增 183 个

[2026-07-15 00:27:44] 仓库 https://github.com/HZX-0107/MIHOMO_YAMLS 候选文件较多 (286 个)，先通过 commits API 过滤
[2026-07-15 00:27:48]   Compare API 返回 91 个变更文件 (3 次 API 调用)
[2026-07-15 00:27:48]   commits 过滤: 286 → 0 (变更文件 91 个)
[2026-07-15 00:27:48] 仓库 https://github.com/HZX-0107/MIHOMO_YAMLS 候选文件经时间过滤后为空
[2026-07-15 00:27:48] 🔗 查子仓库: HZX-0107/MIHOMO_YAMLS
[2026-07-15 00:27:48] 🔗 开始 Fork 链追踪 (HZX-0107/MIHOMO_YAMLS)
[2026-07-15 00:27:49] 📄 https://raw.githubusercontent.com/KH-Danial/my.vtoray.con/main/config/vmess/vmess_6.txt ✅ 解析 1189 候选 → 1189 个有效节点 → 去重后新增 299 个
[2026-07-15 00:27:49]   父仓库: HenryChiao/MIHOMO_YAMLS
[2026-07-15 00:27:51] 📄 https://raw.githubusercontent.com/KH-Danial/my.vtoray.con/main/config/vmess/vmess_2.txt ✅ 解析 1618 候选 → 1618 个有效节点 → 去重后新增 252 个
[2026-07-15 00:27:51] 📦 批次 0027 已持久化: /home/runner/work/test-college/test-college/batches/no_batch_0027.txt (5158 个节点, 累计 196086 个)
[2026-07-15 00:27:51] 📄 https://raw.githubusercontent.com/KH-Danial/my.vtoray.con/main/config/vmess/vmess_3.txt ✅ 解析 2680 候选 → 2680 个有效节点 → 去重后新增 102 个
[2026-07-15 00:27:52]   🍴 兄弟仓库: 30 个 → 队列[2026-07-15 00:27:52] SHA 缓存已保存: 35587 条, 1 分片[2026-07-15 00:27:52] 📄 https://raw.githubusercontent.com/KH-Danial/my.vtoray.con/main/config/vmess/vmess_4.txt ✅ 解析 1635 候选 → 1635 个有效节点 → 去重后新增 735 个

[2026-07-15 00:27:52] 👤 遍历用户仓库: HZX-0107

[2026-07-15 00:27:52] 📄 https://raw.githubusercontent.com/KH-Danial/my.vtoray.con/main/config/vmess/vmess_5.txt ✅ 解析 2208 候选 → 2208 个有效节点 → 去重后新增 1083 个
[2026-07-15 00:27:53]   👤 用户仓库: 18 个 → 队列
[2026-07-15 00:27:53]   用户 HZX-0107 共查 18 个仓库
[2026-07-15 00:27:53] 仓库 https://github.com/PuddinCat/BestClash (分支: main, size: 22796KB, pushed: 2026-07-14T15:37:33Z)
[2026-07-15 00:27:53] 📄 https://raw.githubusercontent.com/KH-Danial/my.vtoray.con/main/config/vmess/vmess_1.txt ✅ 解析 2590 候选 → 2590 个有效节点 → 去重后新增 394 个
[2026-07-15 00:27:53] 🔗 查子仓库: KH-Danial/my.vtoray.con
[2026-07-15 00:27:53] 仓库 https://github.com/PuddinCat/BestClash 候选文件 1 个
[2026-07-15 00:27:54]   🍴 子仓库: 1 个 → 队列
[2026-07-15 00:27:54] 🔗 开始 Fork 链追踪 (KH-Danial/my.vtoray.con)
[2026-07-15 00:27:54] 👤 遍历用户仓库: KH-Danial
[2026-07-15 00:27:54]   👤 用户仓库: 3 个 → 队列
[2026-07-15 00:27:54]   用户 KH-Danial 共查 3 个仓库
[2026-07-15 00:27:54] 仓库 https://github.com/jmhw826/cf-worker-mihomo (分支: main, size: 54908KB, pushed: 2026-07-14T15:35:34Z)
[2026-07-15 00:27:55] 仓库 https://github.com/jmhw826/cf-worker-mihomo 候选文件 1 个
[2026-07-15 00:27:56] 📄 https://raw.githubusercontent.com/PuddinCat/BestClash/main/proxies.yaml ✅ 解析 16 候选 → 16 个有效节点 → 去重后新增 4 个
[2026-07-15 00:27:56] 仓库 https://github.com/jmhw826/cf-worker-mihomo 未提取到节点，加入黑名单[2026-07-15 00:27:56] 🔗 查子仓库: PuddinCat/BestClash

[2026-07-15 00:27:56] 仓库 https://github.com/dongchengjie/airport (分支: main, size: 23875KB, pushed: 2026-07-14T15:06:36Z)
[2026-07-15 00:27:57] 仓库 https://github.com/dongchengjie/airport 候选文件 3 个
[2026-07-15 00:27:58]   🍴 子仓库: 30 个 → 队列
[2026-07-15 00:27:58] 🔗 开始 Fork 链追踪 (PuddinCat/BestClash)
[2026-07-15 00:27:58] 👤 遍历用户仓库: PuddinCat
[2026-07-15 00:27:59]   👤 用户仓库: 11 个 → 队列
[2026-07-15 00:27:59]   用户 PuddinCat 共查 11 个仓库
[2026-07-15 00:27:59] 仓库 https://github.com/abclq/cf-worker-mihomo (分支: main, size: 55520KB, pushed: 2026-07-14T15:00:07Z)
[2026-07-15 00:28:00] 仓库 https://github.com/abclq/cf-worker-mihomo 无候选文件 (总计 96 blob, 扩展名过滤 47, processed_shas 跳过 1, SHA 缓存跳过 48)
[2026-07-15 00:28:00] 🔗 查子仓库: abclq/cf-worker-mihomo
[2026-07-15 00:28:00] 🔗 开始 Fork 链追踪 (abclq/cf-worker-mihomo)
[2026-07-15 00:28:00]   父仓库: Kwisma/cf-SubCloud
[2026-07-15 00:28:01] 仓库在黑名单中: https://github.com/Kwisma/cf-SubCloud
[2026-07-15 00:28:01]   父仓库 +0 个节点
[2026-07-15 00:28:02] 🔗 查子仓库: dongchengjie/airport
[2026-07-15 00:28:03]   🍴 兄弟仓库: 30 个 → 队列
[2026-07-15 00:28:03] 👤 遍历用户仓库: abclq
[2026-07-15 00:28:03]   🍴 子仓库: 18 个 → 队列
[2026-07-15 00:28:03] 🔗 开始 Fork 链追踪 (dongchengjie/airport)
[2026-07-15 00:28:04] 👤 遍历用户仓库: dongchengjie
[2026-07-15 00:28:05]   👤 用户仓库: 30 个 → 队列
[2026-07-15 00:28:05]   用户 abclq 共查 30 个仓库
[2026-07-15 00:28:05] 仓库 https://github.com/exicok/ClashMetaForAndroid-miuix (分支: main, size: 4623KB, pushed: 2026-07-14T14:20:06Z)
[2026-07-15 00:28:05]   👤 用户仓库: 12 个 → 队列
[2026-07-15 00:28:05]   用户 dongchengjie 共查 12 个仓库
[2026-07-15 00:28:05] 仓库 https://github.com/748171997rui-afk/airport (分支: main, size: 7595KB, pushed: 2026-07-14T14:16:39Z)
[2026-07-15 00:28:06] 仓库 https://github.com/exicok/ClashMetaForAndroid-miuix 无候选文件 (总计 518 blob, 扩展名过滤 493, processed_shas 跳过 0, SHA 缓存跳过 25)
[2026-07-15 00:28:06] 🔗 查子仓库: exicok/ClashMetaForAndroid-miuix
[2026-07-15 00:28:06] 仓库 https://github.com/748171997rui-afk/airport 候选文件 6 个
[2026-07-15 00:28:06] 🔗 开始 Fork 链追踪 (exicok/ClashMetaForAndroid-miuix)
[2026-07-15 00:28:07]   父仓库: MetaCubeX/ClashMetaForAndroid
[2026-07-15 00:28:07] 仓库在黑名单中: https://github.com/MetaCubeX/ClashMetaForAndroid
[2026-07-15 00:28:07]   父仓库 +0 个节点
[2026-07-15 00:28:09]   🍴 兄弟仓库: 26 个 → 队列
[2026-07-15 00:28:09] 👤 遍历用户仓库: exicok
[2026-07-15 00:28:10]   👤 用户仓库: 9 个 → 队列
[2026-07-15 00:28:10]   用户 exicok 共查 9 个仓库
[2026-07-15 00:28:10] 仓库 https://github.com/tuoefg/utto-miho (分支: main, size: 55805KB, pushed: 2026-07-14T14:14:30Z)
[2026-07-15 00:28:11] 仓库 https://github.com/tuoefg/utto-miho 无候选文件 (总计 96 blob, 扩展名过滤 47, processed_shas 跳过 1, SHA 缓存跳过 48)
[2026-07-15 00:28:11] 🔗 查子仓库: tuoefg/utto-miho
[2026-07-15 00:28:12] 🔗 开始 Fork 链追踪 (tuoefg/utto-miho)
[2026-07-15 00:28:13]   父仓库: Kwisma/cf-SubCloud
[2026-07-15 00:28:13] 仓库在黑名单中: https://github.com/Kwisma/cf-SubCloud
[2026-07-15 00:28:13]   父仓库 +0 个节点
[2026-07-15 00:28:14] 🔗 查子仓库: 748171997rui-afk/airport
[2026-07-15 00:28:14] 🔗 开始 Fork 链追踪 (748171997rui-afk/airport)
[2026-07-15 00:28:15]   🍴 兄弟仓库: 17 个 → 队列
[2026-07-15 00:28:15] 👤 遍历用户仓库: tuoefg
[2026-07-15 00:28:15]   父仓库: dongchengjie/airport
[2026-07-15 00:28:15]   👤 用户仓库: 11 个 → 队列
[2026-07-15 00:28:16]   用户 tuoefg 共查 11 个仓库
[2026-07-15 00:28:16] 仓库 https://github.com/billkit/vanic-mix-subs (分支: main, size: 1109KB, pushed: 2026-07-14T14:10:32Z)
[2026-07-15 00:28:16] 👤 遍历用户仓库: 748171997rui-afk
[2026-07-15 00:28:16] 仓库 https://github.com/billkit/vanic-mix-subs 候选文件 1 个
[2026-07-15 00:28:21] 📄 https://raw.githubusercontent.com/billkit/vanic-mix-subs/main/vanic_universal.yaml ✅ 解析 363 候选 → 363 个有效节点 → 去重后新增 256 个
[2026-07-15 00:28:21] 🔗 查子仓库: billkit/vanic-mix-subs
[2026-07-15 00:28:22] 🔗 开始 Fork 链追踪 (billkit/vanic-mix-subs)
[2026-07-15 00:28:22]   👤 用户仓库: 30 个 → 队列
[2026-07-15 00:28:22]   用户 748171997rui-afk 共查 30 个仓库
[2026-07-15 00:28:22] 仓库 https://github.com/takeoff96/cf-subcloud (分支: main, size: 55778KB, pushed: 2026-07-14T14:08:13Z)
[2026-07-15 00:28:24] 👤 遍历用户仓库: billkit
[2026-07-15 00:28:25] 仓库 https://github.com/takeoff96/cf-subcloud 无候选文件 (总计 96 blob, 扩展名过滤 47, processed_shas 跳过 1, SHA 缓存跳过 48)
[2026-07-15 00:28:25] 🔗 查子仓库: takeoff96/cf-subcloud
[2026-07-15 00:28:25] 🔗 开始 Fork 链追踪 (takeoff96/cf-subcloud)
[2026-07-15 00:28:25]   父仓库: Kwisma/cf-SubCloud
[2026-07-15 00:28:25] 仓库在黑名单中: https://github.com/Kwisma/cf-SubCloud
[2026-07-15 00:28:26]   父仓库 +0 个节点
[2026-07-15 00:28:27] 👤 遍历用户仓库: takeoff96
[2026-07-15 00:28:28]   👤 用户仓库: 3 个 → 队列
[2026-07-15 00:28:28]   用户 takeoff96 共查 3 个仓库
[2026-07-15 00:28:28] 仓库 https://github.com/hyqzj2000/cf-worker-mihomo (分支: main, size: 55519KB, pushed: 2026-07-14T14:03:36Z)
[2026-07-15 00:28:28] 📄 https://raw.githubusercontent.com/AvenCores/goida-vpn-configs/main/githubmirror/21.txt ✅ 解析 91658 候选 → 91658 个有效节点 → 去重后新增 898 个
[2026-07-15 00:28:28] 🔗 查子仓库: AvenCores/goida-vpn-configs
[2026-07-15 00:28:28] 🔗 查子仓库: DarkRoyalty/shnajder-vpn-configs
[2026-07-15 00:28:28] 仓库 https://github.com/hyqzj2000/cf-worker-mihomo 候选文件 1 个
[2026-07-15 00:28:29]   🍴 子仓库: 1 个 → 队列
[2026-07-15 00:28:29] 🔗 开始 Fork 链追踪 (DarkRoyalty/shnajder-vpn-configs)
[2026-07-15 00:28:29] 仓库 https://github.com/hyqzj2000/cf-worker-mihomo 未提取到节点，加入黑名单
[2026-07-15 00:28:29] 仓库 https://github.com/zhangdengjie/clash-rules (分支: main, size: 2137KB, pushed: 2026-07-14T14:01:25Z)
[2026-07-15 00:28:29] 👤 遍历用户仓库: DarkRoyalty
[2026-07-15 00:28:29] 仓库 https://github.com/zhangdengjie/clash-rules 候选文件 15 个
[2026-07-15 00:28:29]   👤 用户仓库: 3 个 → 队列
[2026-07-15 00:28:29]   用户 DarkRoyalty 共查 3 个仓库
[2026-07-15 00:28:29] 仓库 https://github.com/liwp914/BestClash (分支: main, size: 302250KB, pushed: 2026-07-14T13:49:08Z)
[2026-07-15 00:28:30] 仓库 https://github.com/liwp914/BestClash 候选文件 1 个
[2026-07-15 00:28:30] 📄 https://raw.githubusercontent.com/zhangdengjie/clash-rules/main/feiniaoyun.yaml ✅ 解析 35 候选 → 35 个有效节点 → 去重后新增 15 个
[2026-07-15 00:28:30]   🍴 子仓库: 30 个 → 队列
[2026-07-15 00:28:30] 🔗 开始 Fork 链追踪 (AvenCores/goida-vpn-configs)
[2026-07-15 00:28:30] 📄 https://raw.githubusercontent.com/zhangdengjie/clash-rules/main/v2free.yaml ✅ 解析 166 候选 → 166 个有效节点 → 去重后新增 166 个
[2026-07-15 00:28:30] 👤 遍历用户仓库: AvenCores
[2026-07-15 00:28:32]   👤 用户仓库: 30 个 → 队列
[2026-07-15 00:28:32]   用户 AvenCores 共查 30 个仓库
[2026-07-15 00:28:32] 仓库 https://github.com/latifangren/mihombreng (分支: main, size: 2362KB, pushed: 2026-07-14T13:37:54Z)
[2026-07-15 00:28:32] 仓库 https://github.com/latifangren/mihombreng 候选文件较多 (105 个)，先通过 commits API 过滤
[2026-07-15 00:28:32] 🔗 查子仓库: zhangdengjie/clash-rules
[2026-07-15 00:28:33] 🔗 开始 Fork 链追踪 (zhangdengjie/clash-rules)
[2026-07-15 00:28:33]   父仓库: earoftoast/clash-rules
[2026-07-15 00:28:33] ⚠️ 仓库 https://github.com/earoftoast/clash-rules 9508h 未更新，废弃 → 加入黑名单
[2026-07-15 00:28:33]   父仓库 +0 个节点
[2026-07-15 00:28:34]   Compare API 返回 34 个变更文件 (3 次 API 调用)
[2026-07-15 00:28:34]   commits 过滤: 105 → 7 (变更文件 34 个)
[2026-07-15 00:28:34] 仓库 https://github.com/latifangren/mihombreng 候选文件 7 个
[2026-07-15 00:28:34]   🍴 兄弟仓库: 10 个 → 队列
[2026-07-15 00:28:34]   👤 用户仓库: 30 个 → 队列[2026-07-15 00:28:34] 👤 遍历用户仓库: zhangdengjie

[2026-07-15 00:28:34]   用户 billkit 共查 30 个仓库
[2026-07-15 00:28:34] 仓库 https://github.com/Hawaiine/OasisicUI (分支: main, size: 455KB, pushed: 2026-07-14T13:04:27Z)
[2026-07-15 00:28:34] 仓库 https://github.com/Hawaiine/OasisicUI 候选文件 15 个
[2026-07-15 00:28:35] 📄 https://raw.githubusercontent.com/liwp914/BestClash/main/proxies.yaml ✅ 解析 4797 候选 → 4797 个有效节点 → 去重后新增 1954 个
[2026-07-15 00:28:35] 📦 批次 0028 已持久化: /home/runner/work/test-college/test-college/batches/no_batch_0028.txt (5607 个节点, 累计 201693 个)
[2026-07-15 00:28:35]   👤 用户仓库: 30 个 → 队列
[2026-07-15 00:28:35]   用户 zhangdengjie 共查 30 个仓库
[2026-07-15 00:28:35] 仓库 https://github.com/Use4Free/breakfree (分支: master, size: 729107KB, pushed: 2026-07-14T13:01:16Z)
[2026-07-15 00:28:35] SHA 缓存已保存: 35641 条, 1 分片
[2026-07-15 00:28:35] 🔗 查子仓库: liwp914/BestClash
[2026-07-15 00:28:35] 仓库 https://github.com/latifangren/mihombreng 未提取到节点，加入黑名单
[2026-07-15 00:28:35] 仓库 https://github.com/6180339887v0/cf-SubCloud (分支: main, size: 54753KB, pushed: 2026-07-14T11:06:32Z)
[2026-07-15 00:28:36] 🔗 开始 Fork 链追踪 (liwp914/BestClash)
[2026-07-15 00:28:36] 仓库 https://github.com/Use4Free/breakfree 候选文件 14 个
[2026-07-15 00:28:36] 仓库 https://github.com/Hawaiine/OasisicUI 未提取到节点，加入黑名单
[2026-07-15 00:28:36] 仓库 https://github.com/omtebly/proxy-rules (分支: main, size: 28KB, pushed: 2026-07-14T09:24:55Z)
[2026-07-15 00:28:36]   父仓库: PuddinCat/BestClash[2026-07-15 00:28:36] 仓库 https://github.com/6180339887v0/cf-SubCloud 候选文件 1 个

[2026-07-15 00:28:36] 仓库 https://github.com/omtebly/proxy-rules 候选文件 11 个
[2026-07-15 00:28:36] 仓库 https://github.com/6180339887v0/cf-SubCloud 未提取到节点，加入黑名单
[2026-07-15 00:28:36] 仓库 https://github.com/madeye/meow-rs (分支: main, size: 6590KB, pushed: 2026-07-14T08:19:14Z)
[2026-07-15 00:28:39] 仓库 https://github.com/madeye/meow-rs 候选文件较多 (193 个)，先通过 commits API 过滤
[2026-07-15 00:28:39] 仓库 https://github.com/omtebly/proxy-rules 未提取到节点，加入黑名单
[2026-07-15 00:28:39]   🍴 兄弟仓库: 19 个 → 队列
[2026-07-15 00:28:39] 👤 遍历用户仓库: liwp914
[2026-07-15 00:28:39] 仓库 https://github.com/reason4love/ClashMetaForAndroid (分支: main, size: 3917KB, pushed: 2026-07-14T11:41:58Z)
[2026-07-15 00:28:39] ⚠️ 并行下载异常: release/Sing-Box/cn-lite.json: 'utf-8' codec can't encode characters in position 0-3: surrogates not allowed
[2026-07-15 00:28:40] ⚠️ 并行下载异常: release/Sing-Box/cn-lite-notun.json: 'utf-8' codec can't encode characters in position 0-3: surrogates not allowed
[2026-07-15 00:28:41]   Compare API 返回 13 个变更文件 (3 次 API 调用)[2026-07-15 00:28:41] ⚠️ 并行下载异常: release/Sing-Box/ir-sfw-lite.json: 'utf-8' codec can't encode characters in position 0-3: surrogates not allowed

[2026-07-15 00:28:41]   commits 过滤: 193 → 0 (变更文件 13 个)[2026-07-15 00:28:41] ⚠️ 并行下载异常: release/Sing-Box/ir-lite-notun.json: 'utf-8' codec can't encode characters in position 0-3: surrogates not allowed
[2026-07-15 00:28:41] 仓库 https://github.com/madeye/meow-rs 候选文件经时间过滤后为空

[2026-07-15 00:28:41] 🔗 查子仓库: madeye/meow-rs
[2026-07-15 00:28:41] 仓库 https://github.com/reason4love/ClashMetaForAndroid 无候选文件 (总计 518 blob, 扩展名过滤 493, processed_shas 跳过 0, SHA 缓存跳过 25)
[2026-07-15 00:28:41] 🔗 查子仓库: reason4love/ClashMetaForAndroid
[2026-07-15 00:28:41] ⚠️ 并行下载异常: release/Sing-Box/ir-lite.json: 'utf-8' codec can't encode characters in position 6-7: surrogates not allowed
[2026-07-15 00:28:41] 🔗 开始 Fork 链追踪 (reason4love/ClashMetaForAndroid)
[2026-07-15 00:28:42] ⚠️ 并行下载异常: release/Sing-Box/cn-sfw-lite.json: 'utf-8' codec can't encode characters in position 0-3: surrogates not allowed
[2026-07-15 00:28:42]   父仓库: MetaCubeX/ClashMetaForAndroid
[2026-07-15 00:28:43] 仓库在黑名单中: https://github.com/MetaCubeX/ClashMetaForAndroid
[2026-07-15 00:28:43]   父仓库 +0 个节点
[2026-07-15 00:28:44] ⚠️ 并行下载异常: servers-lite.json: quote_from_bytes() expected bytes
[2026-07-15 00:28:45]   🍴 子仓库: 30 个 → 队列
[2026-07-15 00:28:45] 🔗 开始 Fork 链追踪 (madeye/meow-rs)[2026-07-15 00:28:46]   👤 用户仓库: 30 个 → 队列

[2026-07-15 00:28:46]   用户 liwp914 共查 30 个仓库
[2026-07-15 00:28:47] 👤 遍历用户仓库: madeye[2026-07-15 00:28:47] 仓库 https://github.com/cendon-999/MIHOMO_YAMLS (分支: main, size: 3649KB, pushed: 2026-07-14T04:06:00Z)

[2026-07-15 00:28:48] 👤 遍历用户仓库: reason4love
[2026-07-15 00:28:52] 仓库 https://github.com/cendon-999/MIHOMO_YAMLS 候选文件较多 (287 个)，先通过 commits API 过滤
[2026-07-15 00:28:52]   👤 用户仓库: 30 个 → 队列
[2026-07-15 00:28:53]   用户 reason4love 共查 30 个仓库
[2026-07-15 00:28:53] 仓库 https://github.com/dongchengjie/meta-json-schema (分支: main, size: 962KB, pushed: 2026-07-14T04:03:29Z)
[2026-07-15 00:28:54]   👤 用户仓库: 30 个 → 队列
[2026-07-15 00:28:54]   用户 madeye 共查 30 个仓库
[2026-07-15 00:28:55] 仓库 https://github.com/thatwolin/MyClash (分支: main, size: 6341KB, pushed: 2026-07-14T03:49:12Z)
[2026-07-15 00:28:55] 仓库 https://github.com/dongchengjie/meta-json-schema 候选文件 96 个
[2026-07-15 00:28:57] 仓库 https://github.com/thatwolin/MyClash 无候选文件 (总计 14 blob, 扩展名过滤 8, processed_shas 跳过 0, SHA 缓存跳过 6)
[2026-07-15 00:28:57] 🔗 查子仓库: thatwolin/MyClash[2026-07-15 00:28:57]   Compare API 返回 91 个变更文件 (3 次 API 调用)

[2026-07-15 00:28:58]   commits 过滤: 287 → 0 (变更文件 91 个)
[2026-07-15 00:28:59] 仓库 https://github.com/cendon-999/MIHOMO_YAMLS 候选文件经时间过滤后为空
[2026-07-15 00:28:59] 🔗 开始 Fork 链追踪 (thatwolin/MyClash)[2026-07-15 00:28:59] 🔗 查子仓库: cendon-999/MIHOMO_YAMLS

[2026-07-15 00:29:00] 🔗 开始 Fork 链追踪 (cendon-999/MIHOMO_YAMLS)
[2026-07-15 00:29:01]   父仓库: AIsouler/MyClash
[2026-07-15 00:29:03]   🍴 兄弟仓库: 19 个 → 队列[2026-07-15 00:29:04]   父仓库: HenryChiao/MIHOMO_YAMLS

[2026-07-15 00:29:05] 👤 遍历用户仓库: thatwolin
[2026-07-15 00:29:06]   👤 用户仓库: 18 个 → 队列
[2026-07-15 00:29:06]   用户 thatwolin 共查 18 个仓库
[2026-07-15 00:29:06] 仓库 https://github.com/dongchengjie/meta-json-schema 未提取到节点，加入黑名单
[2026-07-15 00:29:07] 仓库 https://github.com/pingg241/Clash.Meta (分支: main, size: 11695KB, pushed: 2026-07-14T03:15:54Z)
[2026-07-15 00:29:07] 仓库 https://github.com/Mugzx/MyClashFork (分支: main, size: 6341KB, pushed: 2026-07-14T13:07:48Z)
[2026-07-15 00:29:08] ⚠️ 并行下载异常: release/Sing-Box/cn.json: 'utf-8' codec can't encode characters in position 0-3: surrogates not allowed
[2026-07-15 00:29:10] 仓库 https://github.com/Mugzx/MyClashFork 无候选文件 (总计 14 blob, 扩展名过滤 8, processed_shas 跳过 0, SHA 缓存跳过 6)
[2026-07-15 00:29:10] 🔗 查子仓库: Mugzx/MyClashFork
[2026-07-15 00:29:10] 🔗 开始 Fork 链追踪 (Mugzx/MyClashFork)
[2026-07-15 00:29:10]   🍴 兄弟仓库: 17 个 → 队列
[2026-07-15 00:29:10] 👤 遍历用户仓库: cendon-999
[2026-07-15 00:29:11] ⚠️ 并行下载异常: servers.json: quote_from_bytes() expected bytes
[2026-07-15 00:29:11] ⚠️ 并行下载异常: release/Sing-Box/ir-notun.json: 'utf-8' codec can't encode characters in position 0-3: surrogates not allowed
[2026-07-15 00:29:11]   父仓库: AIsouler/MyClash
[2026-07-15 00:29:12]   👤 用户仓库: 11 个 → 队列[2026-07-15 00:29:12] ⚠️ 并行下载异常: release/Sing-Box/cn-notun.json: 'utf-8' codec can't encode characters in position 0-3: surrogates not allowed
[2026-07-15 00:29:12]   用户 cendon-999 共查 11 个仓库

[2026-07-15 00:29:12] 仓库 https://github.com/aoyavp/cf-worker-mihomo (分支: main, size: 55191KB, pushed: 2026-07-14T01:55:32Z)
[2026-07-15 00:29:12] 仓库 https://github.com/pingg241/Clash.Meta 无候选文件 (总计 968 blob, 扩展名过滤 919, processed_shas 跳过 0, SHA 缓存跳过 49)
[2026-07-15 00:29:12] 🔗 查子仓库: pingg241/Clash.Meta[2026-07-15 00:29:12] 👤 遍历用户仓库: Mugzx[2026-07-15 00:29:12] ⚠️ 并行下载异常: release/Sing-Box/cn-sfw.json: 'utf-8' codec can't encode characters in position 0-3: surrogates not allowed


[2026-07-15 00:29:12] 🔗 开始 Fork 链追踪 (pingg241/Clash.Meta)
[2026-07-15 00:29:12] ⚠️ 并行下载异常: release/Sing-Box/ir.json: 'utf-8' codec can't encode characters in position 0-1: surrogates not allowed
[2026-07-15 00:29:13] ⚠️ 并行下载异常: release/Sing-Box/ir-sfw.json: 'utf-8' codec can't encode characters in position 0-1: surrogates not allowed
[2026-07-15 00:29:13] 仓库 https://github.com/aoyavp/cf-worker-mihomo 无候选文件 (总计 96 blob, 扩展名过滤 47, processed_shas 跳过 0, SHA 缓存跳过 49)
[2026-07-15 00:29:13] 🔗 查子仓库: aoyavp/cf-worker-mihomo
[2026-07-15 00:29:13] 👤 遍历用户仓库: pingg241
[2026-07-15 00:29:13]   👤 用户仓库: 10 个 → 队列
[2026-07-15 00:29:13]   用户 Mugzx 共查 10 个仓库
[2026-07-15 00:29:13] 仓库 https://github.com/Acacia-Ma/ClashMetaForAndroid (分支: main, size: 2309KB, pushed: 2026-07-14T01:25:39Z)
[2026-07-15 00:29:13] 🔗 开始 Fork 链追踪 (aoyavp/cf-worker-mihomo)
[2026-07-15 00:29:13] 仓库 https://github.com/Use4Free/breakfree 未提取到节点，加入黑名单
[2026-07-15 00:29:13] 仓库 https://github.com/AIsouler/MyClash (分支: main, size: 6341KB, pushed: 2026-07-14T01:23:36Z)
[2026-07-15 00:29:13] 仓库 https://github.com/Acacia-Ma/ClashMetaForAndroid 无候选文件 (总计 518 blob, 扩展名过滤 493, processed_shas 跳过 0, SHA 缓存跳过 25)
[2026-07-15 00:29:13] 🔗 查子仓库: Acacia-Ma/ClashMetaForAndroid
[2026-07-15 00:29:13] 🔗 开始 Fork 链追踪 (Acacia-Ma/ClashMetaForAndroid)
[2026-07-15 00:29:13] 仓库 https://github.com/AIsouler/MyClash 无候选文件 (总计 14 blob, 扩展名过滤 8, processed_shas 跳过 0, SHA 缓存跳过 6)
[2026-07-15 00:29:13] 🔗 查子仓库: AIsouler/MyClash
[2026-07-15 00:29:14]   👤 用户仓库: 30 个 → 队列
[2026-07-15 00:29:14]   用户 pingg241 共查 30 个仓库
[2026-07-15 00:29:14] 仓库 https://github.com/HenryChiao/MIHOMO_YAMLS (分支: main, size: 449930KB, pushed: 2026-07-13T23:50:14Z)
[2026-07-15 00:29:14] 🔗 开始 Fork 链追踪 (AIsouler/MyClash)
[2026-07-15 00:29:14] 👤 遍历用户仓库: AIsouler
[2026-07-15 00:29:14] 仓库 https://github.com/HenryChiao/MIHOMO_YAMLS 候选文件较多 (286 个)，先通过 commits API 过滤
[2026-07-15 00:29:14]   父仓库: Kwisma/cf-SubCloud
[2026-07-15 00:29:14] 仓库在黑名单中: https://github.com/Kwisma/cf-SubCloud
[2026-07-15 00:29:14]   父仓库 +0 个节点
[2026-07-15 00:29:14]   父仓库: MetaCubeX/ClashMetaForAndroid
[2026-07-15 00:29:14] 仓库在黑名单中: https://github.com/MetaCubeX/ClashMetaForAndroid
[2026-07-15 00:29:14]   父仓库 +0 个节点
[2026-07-15 00:29:15]   👤 用户仓库: 8 个 → 队列
[2026-07-15 00:29:15]   用户 AIsouler 共查 8 个仓库
[2026-07-15 00:29:15] 仓库 https://github.com/hanliuxing/mihomo_yamls (分支: main, size: 757KB, pushed: 2026-07-13T23:27:21Z)
[2026-07-15 00:29:15] 仓库 https://github.com/hanliuxing/mihomo_yamls 候选文件较多 (105 个)，先通过 commits API 过滤
[2026-07-15 00:29:15] 👤 遍历用户仓库: aoyavp
[2026-07-15 00:29:16] 👤 遍历用户仓库: Acacia-Ma
[2026-07-15 00:29:16]   👤 用户仓库: 28 个 → 队列
[2026-07-15 00:29:16]   用户 aoyavp 共查 28 个仓库
[2026-07-15 00:29:16] 仓库 https://github.com/chaoduzj/mihomo_yamls (分支: main, size: 6310KB, pushed: 2026-07-14T00:14:24Z)
[2026-07-15 00:29:16] 仓库 https://github.com/chaoduzj/mihomo_yamls 候选文件较多 (110 个)，先通过 commits API 过滤
[2026-07-15 00:29:17]   👤 用户仓库: 30 个 → 队列
[2026-07-15 00:29:17]   用户 Acacia-Ma 共查 30 个仓库
[2026-07-15 00:29:17] 仓库 https://github.com/chenlong622/mihomo_yamls (分支: main, size: 706KB, pushed: 2026-07-13T23:24:44Z)
[2026-07-15 00:29:17]   Compare API 返回 1 个变更文件 (3 次 API 调用)
[2026-07-15 00:29:17]   commits 过滤: 110 → 0 (变更文件 1 个)
[2026-07-15 00:29:17] 仓库 https://github.com/chaoduzj/mihomo_yamls 候选文件经时间过滤后为空
[2026-07-15 00:29:17] 🔗 查子仓库: chaoduzj/mihomo_yamls
[2026-07-15 00:29:17] 🔗 开始 Fork 链追踪 (chaoduzj/mihomo_yamls)
[2026-07-15 00:29:17]   Compare API 返回 1 个变更文件 (3 次 API 调用)
[2026-07-15 00:29:17]   commits 过滤: 105 → 0 (变更文件 1 个)
[2026-07-15 00:29:17] 仓库 https://github.com/hanliuxing/mihomo_yamls 候选文件经时间过滤后为空
[2026-07-15 00:29:17] 🔗 查子仓库: hanliuxing/mihomo_yamls
[2026-07-15 00:29:17] 仓库 https://github.com/chenlong622/mihomo_yamls 候选文件较多 (103 个)，先通过 commits API 过滤
[2026-07-15 00:29:17] 🔗 开始 Fork 链追踪 (hanliuxing/mihomo_yamls)
[2026-07-15 00:29:17]   父仓库: HenryChiao/MIHOMO_YAMLS
[2026-07-15 00:29:18]   Compare API 返回 91 个变更文件 (3 次 API 调用)
[2026-07-15 00:29:18]   commits 过滤: 286 → 0 (变更文件 91 个)
[2026-07-15 00:29:18] 仓库 https://github.com/HenryChiao/MIHOMO_YAMLS 候选文件经时间过滤后为空
[2026-07-15 00:29:18] 🔗 查子仓库: HenryChiao/MIHOMO_YAMLS
[2026-07-15 00:29:18]   父仓库: HenryChiao/MIHOMO_YAMLS
[2026-07-15 00:29:18] 🔗 开始 Fork 链追踪 (HenryChiao/MIHOMO_YAMLS)
[2026-07-15 00:29:18] 👤 遍历用户仓库: chaoduzj
[2026-07-15 00:29:18]   Compare API 返回 1 个变更文件 (3 次 API 调用)
[2026-07-15 00:29:18]   commits 过滤: 103 → 0 (变更文件 1 个)
[2026-07-15 00:29:18] 仓库 https://github.com/chenlong622/mihomo_yamls 候选文件经时间过滤后为空
[2026-07-15 00:29:18] 🔗 查子仓库: chenlong622/mihomo_yamls
[2026-07-15 00:29:18] 🔗 开始 Fork 链追踪 (chenlong622/mihomo_yamls)
[2026-07-15 00:29:18] 👤 遍历用户仓库: hanliuxing
[2026-07-15 00:29:18] 👤 遍历用户仓库: HenryChiao
[2026-07-15 00:29:19]   父仓库: HenryChiao/MIHOMO_YAMLS
[2026-07-15 00:29:19]   👤 用户仓库: 15 个 → 队列
[2026-07-15 00:29:19]   用户 hanliuxing 共查 15 个仓库
[2026-07-15 00:29:19] 仓库 https://github.com/idadawn/v2ray-rules-dat (分支: master, size: 6327KB, pushed: 2026-07-13T22:51:38Z)
[2026-07-15 00:29:19] ⏱️ [27/122] Shadowrocket pushed:>2026-07-13T16:01:45Z fork:true -languag | 172s | +29781
[2026-07-15 00:29:19] 👤 遍历用户仓库: chenlong622
[2026-07-15 00:29:20] 仓库 https://github.com/idadawn/v2ray-rules-dat 无候选文件 (总计 4 blob, 扩展名过滤 0, processed_shas 跳过 0, SHA 缓存跳过 4)
[2026-07-15 00:29:20] 🔗 查子仓库: idadawn/v2ray-rules-dat
[2026-07-15 00:29:20] 🔗 开始 Fork 链追踪 (idadawn/v2ray-rules-dat)
[2026-07-15 00:29:20]   👤 用户仓库: 30 个 → 队列
[2026-07-15 00:29:20]   用户 HenryChiao 共查 30 个仓库
[2026-07-15 00:29:20] 仓库 https://github.com/novimaksim/v2ray-rules-dat (分支: master, size: 6327KB, pushed: 2026-07-13T22:51:38Z)
[2026-07-15 00:29:20]   父仓库: Loyalsoldier/v2ray-rules-dat
[2026-07-15 00:29:20] 仓库在黑名单中: https://github.com/Loyalsoldier/v2ray-rules-dat
[2026-07-15 00:29:20]   父仓库 +0 个节点
[2026-07-15 00:29:21]   👤 用户仓库: 30 个 → 队列
[2026-07-15 00:29:21]   用户 chenlong622 共查 30 个仓库
[2026-07-15 00:29:21] 仓库 https://github.com/antifragile0/Config-Open-ClashMeta (分支: main, size: 2614259KB, pushed: 2026-07-13T20:06:10Z)
[2026-07-15 00:29:21]   👤 用户仓库: 30 个 → 队列
[2026-07-15 00:29:21]   用户 chaoduzj 共查 30 个仓库
[2026-07-15 00:29:21] 仓库 https://github.com/maxbirdman/auto_meta_yml (分支: main, size: 768KB, pushed: 2026-07-13T18:46:39Z)
[2026-07-15 00:29:21] 仓库 https://github.com/novimaksim/v2ray-rules-dat 无候选文件 (总计 4 blob, 扩展名过滤 0, processed_shas 跳过 0, SHA 缓存跳过 4)
[2026-07-15 00:29:21] 🔗 查子仓库: novimaksim/v2ray-rules-dat
[2026-07-15 00:29:21] 🔗 开始 Fork 链追踪 (novimaksim/v2ray-rules-dat)
[2026-07-15 00:29:22] 仓库 https://github.com/antifragile0/Config-Open-ClashMeta 无候选文件 (总计 32 blob, 扩展名过滤 8, processed_shas 跳过 0, SHA 缓存跳过 24)
[2026-07-15 00:29:22] 🔗 查子仓库: antifragile0/Config-Open-ClashMeta
[2026-07-15 00:29:22] 仓库 https://github.com/maxbirdman/auto_meta_yml 无候选文件 (总计 8 blob, 扩展名过滤 2, processed_shas 跳过 0, SHA 缓存跳过 6)
[2026-07-15 00:29:22] 🔗 查子仓库: maxbirdman/auto_meta_yml
[2026-07-15 00:29:22]   父仓库: Loyalsoldier/v2ray-rules-dat
[2026-07-15 00:29:22] 仓库在黑名单中: https://github.com/Loyalsoldier/v2ray-rules-dat
[2026-07-15 00:29:22]   父仓库 +0 个节点
[2026-07-15 00:29:22] 🔗 开始 Fork 链追踪 (antifragile0/Config-Open-ClashMeta)
[2026-07-15 00:29:22]   🍴 兄弟仓库: 30 个 → 队列
[2026-07-15 00:29:22] 👤 遍历用户仓库: idadawn
[2026-07-15 00:29:22]   🍴 子仓库: 1 个 → 队列
[2026-07-15 00:29:22] 🔗 开始 Fork 链追踪 (maxbirdman/auto_meta_yml)
[2026-07-15 00:29:22]   父仓库: rizkikotet-dev/Config-Open-ClashMeta
[2026-07-15 00:29:22] 仓库在黑名单中: https://github.com/rizkikotet-dev/Config-Open-ClashMeta
[2026-07-15 00:29:22]   父仓库 +0 个节点
[2026-07-15 00:29:22] 👤 遍历用户仓库: maxbirdman
[2026-07-15 00:29:22]   🍴 兄弟仓库: 2 个 → 队列
[2026-07-15 00:29:22] 👤 遍历用户仓库: antifragile0
[2026-07-15 00:29:23]   🍴 兄弟仓库: 20 个 → 队列
[2026-07-15 00:29:23] 👤 遍历用户仓库: novimaksim
[2026-07-15 00:29:23]   👤 用户仓库: 1 个 → 队列
[2026-07-15 00:29:23]   用户 novimaksim 共查 1 个仓库
[2026-07-15 00:29:23] 仓库 https://github.com/thatwolin/cf-worker-mihomo (分支: main, size: 55191KB, pushed: 2026-07-13T18:13:33Z)
[2026-07-15 00:29:23] 仓库 https://github.com/thatwolin/cf-worker-mihomo 无候选文件 (总计 96 blob, 扩展名过滤 47, processed_shas 跳过 0, SHA 缓存跳过 49)
[2026-07-15 00:29:23] 🔗 查子仓库: thatwolin/cf-worker-mihomo
[2026-07-15 00:29:23]   👤 用户仓库: 30 个 → 队列
[2026-07-15 00:29:23]   用户 maxbirdman 共查 30 个仓库
[2026-07-15 00:29:23] 仓库 https://github.com/wanghe1531/cf-worker-mihomo (分支: main, size: 54906KB, pushed: 2026-07-13T17:58:28Z)
[2026-07-15 00:29:24] 🔗 开始 Fork 链追踪 (thatwolin/cf-worker-mihomo)
[2026-07-15 00:29:24] 仓库 https://github.com/wanghe1531/cf-worker-mihomo 无候选文件 (总计 96 blob, 扩展名过滤 47, processed_shas 跳过 0, SHA 缓存跳过 49)
[2026-07-15 00:29:24] 🔗 查子仓库: wanghe1531/cf-worker-mihomo
[2026-07-15 00:29:24]   父仓库: Kwisma/cf-SubCloud
[2026-07-15 00:29:24] 仓库在黑名单中: https://github.com/Kwisma/cf-SubCloud
[2026-07-15 00:29:24]   父仓库 +0 个节点
[2026-07-15 00:29:24] 🔗 开始 Fork 链追踪 (wanghe1531/cf-worker-mihomo)
[2026-07-15 00:29:24]   👤 用户仓库: 30 个 → 队列
[2026-07-15 00:29:24]   用户 antifragile0 共查 30 个仓库
[2026-07-15 00:29:24] 仓库 https://github.com/LEECHaoGitHub/cf-worker-mihomo (分支: main, size: 52913KB, pushed: 2026-07-13T17:52:45Z)
[2026-07-15 00:29:24]   父仓库: Kwisma/cf-SubCloud
[2026-07-15 00:29:24] 仓库在黑名单中: https://github.com/Kwisma/cf-SubCloud
[2026-07-15 00:29:24]   父仓库 +0 个节点
[2026-07-15 00:29:24] 仓库 https://github.com/LEECHaoGitHub/cf-worker-mihomo 无候选文件 (总计 95 blob, 扩展名过滤 46, processed_shas 跳过 0, SHA 缓存跳过 49)
[2026-07-15 00:29:24] 🔗 查子仓库: LEECHaoGitHub/cf-worker-mihomo
[2026-07-15 00:29:25] 👤 遍历用户仓库: thatwolin
[2026-07-15 00:29:25] 🔗 开始 Fork 链追踪 (LEECHaoGitHub/cf-worker-mihomo)
[2026-07-15 00:29:25]   父仓库: Kwisma/cf-SubCloud
[2026-07-15 00:29:25] 仓库在黑名单中: https://github.com/Kwisma/cf-SubCloud
[2026-07-15 00:29:25]   父仓库 +0 个节点
[2026-07-15 00:29:25] 👤 遍历用户仓库: wanghe1531
[2026-07-15 00:29:25]   用户 thatwolin 共查 0 个仓库
[2026-07-15 00:29:25] 仓库 https://github.com/xiaocall/cf-worker-mihomo (分支: main, size: 52912KB, pushed: 2026-07-13T17:48:45Z)
[2026-07-15 00:29:26] 仓库 https://github.com/xiaocall/cf-worker-mihomo 无候选文件 (总计 95 blob, 扩展名过滤 46, processed_shas 跳过 0, SHA 缓存跳过 49)
[2026-07-15 00:29:26] 🔗 查子仓库: xiaocall/cf-worker-mihomo
[2026-07-15 00:29:26] 👤 遍历用户仓库: LEECHaoGitHub
[2026-07-15 00:29:26] 🔗 开始 Fork 链追踪 (xiaocall/cf-worker-mihomo)
[2026-07-15 00:29:26]   父仓库: Kwisma/cf-SubCloud
[2026-07-15 00:29:26] 仓库在黑名单中: https://github.com/Kwisma/cf-SubCloud
[2026-07-15 00:29:26]   父仓库 +0 个节点
[2026-07-15 00:29:27]   👤 用户仓库: 30 个 → 队列
[2026-07-15 00:29:27]   用户 wanghe1531 共查 30 个仓库
[2026-07-15 00:29:27] 仓库 https://github.com/krisxu23/cf-worker-mihomo (分支: main, size: 52912KB, pushed: 2026-07-13T17:47:27Z)
[2026-07-15 00:29:27] 👤 遍历用户仓库: xiaocall
[2026-07-15 00:29:27]   👤 用户仓库: 30 个 → 队列
[2026-07-15 00:29:27]   用户 LEECHaoGitHub 共查 30 个仓库
[2026-07-15 00:29:27] 仓库 https://github.com/fenbi/rule-for-surge (分支: master, size: 6893KB, pushed: 2026-07-13T16:42:41Z)
[2026-07-15 00:29:27] 仓库 https://github.com/krisxu23/cf-worker-mihomo 无候选文件 (总计 95 blob, 扩展名过滤 46, processed_shas 跳过 0, SHA 缓存跳过 49)
[2026-07-15 00:29:27] 🔗 查子仓库: krisxu23/cf-worker-mihomo
[2026-07-15 00:29:27] 🔗 开始 Fork 链追踪 (krisxu23/cf-worker-mihomo)
[2026-07-15 00:29:27] 仓库 https://github.com/fenbi/rule-for-surge 无候选文件 (总计 152 blob, 扩展名过滤 96, processed_shas 跳过 0, SHA 缓存跳过 56)
[2026-07-15 00:29:27] 🔗 查子仓库: fenbi/rule-for-surge
[2026-07-15 00:29:27] 🔗 开始 Fork 链追踪 (fenbi/rule-for-surge)
[2026-07-15 00:29:28]   父仓库: Kwisma/cf-SubCloud
[2026-07-15 00:29:28] 仓库在黑名单中: https://github.com/Kwisma/cf-SubCloud
[2026-07-15 00:29:28]   父仓库 +0 个节点
[2026-07-15 00:29:28]   父仓库: SukkaW/Surge
[2026-07-15 00:29:28] ⏭️ 仓库 https://github.com/SukkaW/Surge 26h 未更新，跳过
[2026-07-15 00:29:28]   父仓库 +0 个节点
[2026-07-15 00:29:28] 👤 遍历用户仓库: krisxu23
[2026-07-15 00:29:29]   👤 用户仓库: 30 个 → 队列
[2026-07-15 00:29:29]   用户 xiaocall 共查 30 个仓库
[2026-07-15 00:29:29] ⚠️ 仓库 https://github.com/scoltzero/u60pro-devui-remix 大小为 0，跳过
[2026-07-15 00:29:29] ⚠️ 仓库 https://github.com/muzihuaner/Mihomo-Zashboard-Docker 大小为 0，跳过
[2026-07-15 00:29:29] 仓库 https://github.com/qljsyph/ruleset-icon (分支: main, size: 17986KB, pushed: 2026-07-14T16:05:00Z)
[2026-07-15 00:29:29]   👤 用户仓库: 30 个 → 队列
[2026-07-15 00:29:29]   用户 krisxu23 共查 30 个仓库
[2026-07-15 00:29:29] 仓库 https://github.com/Sgraqwq/Proxy-override (分支: main, size: 174KB, pushed: 2026-07-14T16:03:09Z)
[2026-07-15 00:29:29] 仓库 https://github.com/qljsyph/ruleset-icon 候选文件 40 个
[2026-07-15 00:29:29]   🍴 兄弟仓库: 30 个 → 队列
[2026-07-15 00:29:29] 👤 遍历用户仓库: fenbi
[2026-07-15 00:29:29]   👤 用户仓库: 30 个 → 队列
[2026-07-15 00:29:29]   用户 idadawn 共查 30 个仓库
[2026-07-15 00:29:29] 仓库 https://github.com/ifwerez/proxy-config-builder (分支: main, size: 292469KB, pushed: 2026-07-14T15:57:53Z)
[2026-07-15 00:29:30] 仓库 https://github.com/Sgraqwq/Proxy-override 候选文件 3 个
[2026-07-15 00:29:30] 仓库 https://github.com/ifwerez/proxy-config-builder 候选文件 1 个
[2026-07-15 00:29:30] 仓库 https://github.com/Sgraqwq/Proxy-override README 含广告词，加入黑名单
[2026-07-15 00:29:30] 仓库 https://github.com/LufsX/mono-box (分支: main, size: 753KB, pushed: 2026-07-14T15:54:51Z)
[2026-07-15 00:29:31]   👤 用户仓库: 30 个 → 队列
[2026-07-15 00:29:31]   用户 fenbi 共查 30 个仓库
[2026-07-15 00:29:31] 仓库 https://github.com/GuangYu-yu/AdBlock_Rule_For_Clash (分支: main, size: 28633877KB, pushed: 2026-07-14T15:54:20Z)
[2026-07-15 00:29:31] 仓库 https://github.com/LufsX/mono-box 候选文件 10 个
[2026-07-15 00:29:31] 仓库 https://github.com/GuangYu-yu/AdBlock_Rule_For_Clash 候选文件 6 个
[2026-07-15 00:29:31] ⚠️ Worker 异常: ifwerez/proxy-config-builder: quote_from_bytes() expected bytes
[2026-07-15 00:29:31] 仓库 https://github.com/kafeixiang/mihomo (分支: Alpha, size: 12663KB, pushed: 2026-07-14T16:17:28Z)
[2026-07-15 00:29:32] 仓库 https://github.com/kafeixiang/mihomo 无候选文件 (总计 1006 blob, 扩展名过滤 965, processed_shas 跳过 0, SHA 缓存跳过 41)
[2026-07-15 00:29:32] 🔗 查子仓库: kafeixiang/mihomo
[2026-07-15 00:29:33] 🔗 开始 Fork 链追踪 (kafeixiang/mihomo)
[2026-07-15 00:29:33]   父仓库: MetaCubeX/mihomo
[2026-07-15 00:29:36] 仓库 https://github.com/qljsyph/ruleset-icon 未提取到节点，加入黑名单
[2026-07-15 00:29:36] 仓库 https://github.com/MetaCubeX/mihomo (分支: main, size: 12582KB, pushed: 2026-07-14T15:37:18Z)
[2026-07-15 00:29:36] 仓库 https://github.com/MetaCubeX/mihomo 无候选文件 (总计 30 blob, 扩展名过滤 20, processed_shas 跳过 0, SHA 缓存跳过 10)
[2026-07-15 00:29:36] 🔗 查子仓库: MetaCubeX/mihomo
[2026-07-15 00:29:37]   🍴 兄弟仓库: 30 个 → 队列
[2026-07-15 00:29:37] 👤 遍历用户仓库: kafeixiang
[2026-07-15 00:29:37]   用户 kafeixiang 共查 0 个仓库
[2026-07-15 00:29:37] 仓库 https://github.com/vargalott/mihomo (分支: main, size: 22KB, pushed: 2026-07-14T15:33:28Z)
[2026-07-15 00:29:38] 仓库 https://github.com/LufsX/mono-box 未提取到节点，加入黑名单
[2026-07-15 00:29:38] 仓库 https://github.com/Elegying/SSRVPN (分支: main, size: 3181KB, pushed: 2026-07-14T15:33:07Z)
[2026-07-15 00:29:38]   🍴 子仓库: 19 个 → 队列
[2026-07-15 00:29:38] 🔗 开始 Fork 链追踪 (MetaCubeX/mihomo)
[2026-07-15 00:29:38] 仓库 https://github.com/vargalott/mihomo 候选文件 5 个
[2026-07-15 00:29:38] 👤 遍历用户仓库: MetaCubeX
[2026-07-15 00:29:38] 仓库 https://github.com/Elegying/SSRVPN 候选文件 20 个
[2026-07-15 00:29:38] ⏱️ [28/122] Quantumult X pushed:>2026-07-13T16:01:45Z fork:true -languag | 19s | +0
[2026-07-15 00:29:39] 📄 https://raw.githubusercontent.com/Elegying/SSRVPN/main/.github/workflows/release.yml ✅ 解析 1 候选 → 1 个有效节点 → 去重后新增 1 个
[2026-07-15 00:29:39] 🔗 查子仓库: Elegying/SSRVPN
[2026-07-15 00:29:39] 📄 https://raw.githubusercontent.com/vargalott/mihomo/main/config.example.yaml ✅ 解析 2 候选 → 2 个有效节点 → 去重后新增 2 个
[2026-07-15 00:29:40]   🍴 子仓库: 1 个 → 队列
[2026-07-15 00:29:40] 🔗 开始 Fork 链追踪 (Elegying/SSRVPN)
[2026-07-15 00:29:40]   👤 用户仓库: 30 个 → 队列
[2026-07-15 00:29:40]   用户 MetaCubeX 共查 30 个仓库
[2026-07-15 00:29:40] 仓库 https://github.com/vrzdrb/unified-mihomo-rulesets (分支: main, size: 529041KB, pushed: 2026-07-14T15:31:51Z)
[2026-07-15 00:29:40] 🔗 查子仓库: vargalott/mihomo
[2026-07-15 00:29:40] 👤 遍历用户仓库: Elegying
[2026-07-15 00:29:40] 仓库 https://github.com/vrzdrb/unified-mihomo-rulesets 候选文件 16 个
[2026-07-15 00:29:40]   👤 用户仓库: 3 个 → 队列[2026-07-15 00:29:40]   🍴 子仓库: 1 个 → 队列
[2026-07-15 00:29:40]   用户 Elegying 共查 3 个仓库

[2026-07-15 00:29:40] 🔗 开始 Fork 链追踪 (vargalott/mihomo)[2026-07-15 00:29:40] 仓库 https://github.com/wsyzxjn/metacubexd (分支: main, size: 252011KB, pushed: 2026-07-14T15:27:21Z)

[2026-07-15 00:29:43] 👤 遍历用户仓库: vargalott
[2026-07-15 00:29:43]   👤 用户仓库: 3 个 → 队列
[2026-07-15 00:29:43]   用户 vargalott 共查 3 个仓库
[2026-07-15 00:29:43] 仓库 https://github.com/wsyzxjn/metacubexd 候选文件 6 个
[2026-07-15 00:29:43] 仓库 https://github.com/Jeamorg/metacubexd (分支: main, size: 257124KB, pushed: 2026-07-14T15:25:13Z)
[2026-07-15 00:29:46] 仓库 https://github.com/wsyzxjn/metacubexd 未提取到节点，加入黑名单
[2026-07-15 00:29:46] 仓库 https://github.com/ovmvo/FreeSub (分支: main, size: 14KB, pushed: 2026-07-14T15:14:32Z)
[2026-07-15 00:29:46] 仓库 https://github.com/Jeamorg/metacubexd 无候选文件 (总计 440 blob, 扩展名过滤 383, processed_shas 跳过 6, SHA 缓存跳过 51)
[2026-07-15 00:29:46] 🔗 查子仓库: Jeamorg/metacubexd
[2026-07-15 00:29:47] 🔗 开始 Fork 链追踪 (Jeamorg/metacubexd)
[2026-07-15 00:29:47] 仓库 https://github.com/ovmvo/FreeSub 候选文件 2 个
[2026-07-15 00:29:47]   父仓库: MetaCubeX/metacubexd
[2026-07-15 00:29:48] 📄 https://raw.githubusercontent.com/ovmvo/FreeSub/main/sub/latest/74525127.yaml ✅ 解析 81 候选 → 81 个有效节点 → 去重后新增 5 个
[2026-07-15 00:29:48] 🔗 查子仓库: ovmvo/FreeSub
[2026-07-15 00:29:49]   🍴 兄弟仓库: 30 个 → 队列
[2026-07-15 00:29:50] 👤 遍历用户仓库: Jeamorg
[2026-07-15 00:29:50]   🍴 子仓库: 15 个 → 队列
[2026-07-15 00:29:50] 🔗 开始 Fork 链追踪 (ovmvo/FreeSub)
[2026-07-15 00:29:50] 👤 遍历用户仓库: ovmvo
[2026-07-15 00:29:52]   用户 ovmvo 共查 0 个仓库
[2026-07-15 00:29:52] 仓库 https://github.com/CrazyForks/sparkle (分支: master, size: 10775KB, pushed: 2026-07-14T15:13:36Z)
[2026-07-15 00:29:52]   👤 用户仓库: 26 个 → 队列
[2026-07-15 00:29:52]   用户 Jeamorg 共查 26 个仓库
[2026-07-15 00:29:53] 仓库 https://github.com/hyqzj2000/sparkle (分支: master, size: 10704KB, pushed: 2026-07-14T15:09:38Z)
[2026-07-15 00:29:53] 仓库 https://github.com/CrazyForks/sparkle 候选文件 14 个
[2026-07-15 00:29:53] 仓库 https://github.com/hyqzj2000/sparkle 候选文件 14 个
[2026-07-15 00:29:53] 仓库 https://github.com/vrzdrb/unified-mihomo-rulesets 未提取到节点，加入黑名单
[2026-07-15 00:29:53] 仓库 https://github.com/CharlesGool/ip-purity-detector (分支: main, size: 66KB, pushed: 2026-07-14T15:07:18Z)
[2026-07-15 00:29:54] 仓库 https://github.com/CharlesGool/ip-purity-detector 候选文件 6 个
[2026-07-15 00:29:54] 仓库 https://github.com/hyqzj2000/sparkle 未提取到节点，加入黑名单
[2026-07-15 00:29:54] 仓库 https://github.com/CrazyForks/sparkle 未提取到节点，加入黑名单
[2026-07-15 00:29:54] 仓库 https://github.com/ron33tui/clash-merger (分支: main, size: 623KB, pushed: 2026-07-14T15:03:55Z)[2026-07-15 00:29:54] 仓库 https://github.com/Goooler/Tabby (分支: trunk, size: 8251KB, pushed: 2026-07-14T15:15:09Z)

[2026-07-15 00:29:55] 仓库 https://github.com/ron33tui/clash-merger 候选文件 1 个
[2026-07-15 00:29:55] 仓库 https://github.com/Goooler/Tabby 候选文件 11 个
[2026-07-15 00:29:55] 仓库 https://github.com/ron33tui/clash-merger 未提取到节点，加入黑名单
[2026-07-15 00:29:55] 仓库 https://github.com/hvwin8/autojiedian (分支: master, size: 153102KB, pushed: 2026-07-14T14:55:48Z)
[2026-07-15 00:29:56] 仓库 https://github.com/CharlesGool/ip-purity-detector 未提取到节点，加入黑名单
[2026-07-15 00:29:56] 仓库 https://github.com/xishang0128/sparkle (分支: master, size: 10775KB, pushed: 2026-07-14T15:02:16Z)
[2026-07-15 00:29:56] 仓库 https://github.com/hvwin8/autojiedian 候选文件 9 个
[2026-07-15 00:29:56] 仓库 https://github.com/Goooler/Tabby 未提取到节点，加入黑名单
[2026-07-15 00:29:56] 仓库 https://github.com/mustang651/mihomo-rulesets (分支: main, size: 5KB, pushed: 2026-07-14T14:27:56Z)
[2026-07-15 00:29:56] 仓库 https://github.com/xishang0128/sparkle 无候选文件 (总计 263 blob, 扩展名过滤 230, processed_shas 跳过 14, SHA 缓存跳过 19)
[2026-07-15 00:29:56] 🔗 查子仓库: xishang0128/sparkle
[2026-07-15 00:29:57] 仓库 https://github.com/mustang651/mihomo-rulesets 候选文件 5 个
[2026-07-15 00:29:58] 仓库 https://github.com/mustang651/mihomo-rulesets 未提取到节点，加入黑名单
[2026-07-15 00:29:58] 仓库 https://github.com/xzchsia/mihomo (分支: Alpha, size: 13075KB, pushed: 2026-07-14T14:20:17Z)
[2026-07-15 00:29:58]   🍴 子仓库: 30 个 → 队列
[2026-07-15 00:29:58] 🔗 开始 Fork 链追踪 (xishang0128/sparkle)
[2026-07-15 00:29:59] 仓库 https://github.com/xzchsia/mihomo 无候选文件 (总计 1006 blob, 扩展名过滤 965, processed_shas 跳过 0, SHA 缓存跳过 41)
[2026-07-15 00:29:59] 🔗 查子仓库: xzchsia/mihomo
[2026-07-15 00:29:59]   父仓库: mihomo-party-org/clash-party
[2026-07-15 00:30:06] 🔗 开始 Fork 链追踪 (xzchsia/mihomo)
[2026-07-15 00:30:06]   父仓库: MetaCubeX/mihomo
[2026-07-15 00:30:06] 📄 https://raw.githubusercontent.com/hvwin8/autojiedian/master/clash.yaml ✅ 解析 294 候选 → 294 个有效节点 → 去重后新增 4 个
[2026-07-15 00:30:06]   🍴 兄弟仓库: 30 个 → 队列
[2026-07-15 00:30:07] 👤 遍历用户仓库: xishang0128
[2026-07-15 00:30:07] 👤 遍历用户仓库: xzchsia
[2026-07-15 00:30:08]   👤 用户仓库: 30 个 → 队列
[2026-07-15 00:30:08]   用户 xishang0128 共查 30 个仓库
[2026-07-15 00:30:08] 仓库 https://github.com/MetaCubeX/metacubexd (分支: main, size: 254414KB, pushed: 2026-07-14T14:02:03Z)
[2026-07-15 00:30:08] 🔗 查子仓库: hvwin8/autojiedian
[2026-07-15 00:30:08] 🔗 开始 Fork 链追踪 (hvwin8/autojiedian)
[2026-07-15 00:30:09] 仓库 https://github.com/MetaCubeX/metacubexd 无候选文件 (总计 440 blob, 扩展名过滤 383, processed_shas 跳过 6, SHA 缓存跳过 51)
[2026-07-15 00:30:09] 🔗 查子仓库: MetaCubeX/metacubexd
[2026-07-15 00:30:09] 👤 遍历用户仓库: hvwin8
[2026-07-15 00:30:09]   👤 用户仓库: 30 个 → 队列
[2026-07-15 00:30:09]   用户 xzchsia 共查 30 个仓库
[2026-07-15 00:30:09] 仓库 https://github.com/soratanmer/metacubexd (分支: main, size: 257255KB, pushed: 2026-07-14T13:59:09Z)
[2026-07-15 00:30:09]   👤 用户仓库: 2 个 → 队列
[2026-07-15 00:30:09]   用户 hvwin8 共查 2 个仓库
[2026-07-15 00:30:09] 仓库 https://github.com/MugeTong/mihomo-tui (分支: master, size: 307KB, pushed: 2026-07-14T13:57:39Z)
[2026-07-15 00:30:09] 仓库 https://github.com/soratanmer/metacubexd 无候选文件 (总计 440 blob, 扩展名过滤 383, processed_shas 跳过 6, SHA 缓存跳过 51)
[2026-07-15 00:30:09] 🔗 查子仓库: soratanmer/metacubexd
[2026-07-15 00:30:11] 仓库 https://github.com/MugeTong/mihomo-tui 候选文件 8 个
[2026-07-15 00:30:11]   🍴 子仓库: 19 个 → 队列
[2026-07-15 00:30:12] 🔗 开始 Fork 链追踪 (MetaCubeX/metacubexd)
[2026-07-15 00:30:12] 🔗 开始 Fork 链追踪 (soratanmer/metacubexd)
[2026-07-15 00:30:12] 👤 遍历用户仓库: MetaCubeX
[2026-07-15 00:30:14]   父仓库: MetaCubeX/metacubexd
[2026-07-15 00:30:15] 👤 遍历用户仓库: soratanmer
[2026-07-15 00:30:15]   👤 用户仓库: 30 个 → 队列
[2026-07-15 00:30:15]   用户 MetaCubeX 共查 30 个仓库
[2026-07-15 00:30:15] 仓库 https://github.com/Skycnhe/alpine-mihomo (分支: Hk001, size: 129KB, pushed: 2026-07-14T13:56:02Z)
[2026-07-15 00:30:15] 📄 https://raw.githubusercontent.com/MugeTong/mihomo-tui/master/internal/subscription/testdata/full-config.yaml ✅ 解析 2 候选 → 2 个有效节点 → 去重后新增 2 个
[2026-07-15 00:30:15] 🔗 查子仓库: MugeTong/mihomo-tui
[2026-07-15 00:30:17]   👤 用户仓库: 30 个 → 队列
[2026-07-15 00:30:17]   用户 soratanmer 共查 30 个仓库
[2026-07-15 00:30:17] 仓库 https://github.com/zhangjianyong66/mihomo-manager (分支: master, size: 16902KB, pushed: 2026-07-14T13:54:20Z)
[2026-07-15 00:30:17] 🔗 开始 Fork 链追踪 (MugeTong/mihomo-tui)
[2026-07-15 00:30:18] 仓库 https://github.com/Skycnhe/alpine-mihomo 候选文件 2 个
[2026-07-15 00:30:18] 👤 遍历用户仓库: MugeTong
[2026-07-15 00:30:19] 仓库 https://github.com/Skycnhe/alpine-mihomo 未提取到节点，加入黑名单
[2026-07-15 00:30:19] 仓库 https://github.com/jifengyuan/BPB-Worker-Panel (分支: main, size: 64942KB, pushed: 2026-07-14T15:23:56Z)
[2026-07-15 00:30:20] 仓库 https://github.com/zhangjianyong66/mihomo-manager 候选文件 82 个
[2026-07-15 00:30:20]   👤 用户仓库: 9 个 → 队列
[2026-07-15 00:30:20]   用户 MugeTong 共查 9 个仓库
[2026-07-15 00:30:20] 仓库 https://github.com/jifengyuan/BPB-Worker-Panel 无候选文件 (总计 134 blob, 扩展名过滤 78, processed_shas 跳过 0, SHA 缓存跳过 56)
[2026-07-15 00:30:20] 🔗 查子仓库: jifengyuan/BPB-Worker-Panel
[2026-07-15 00:30:20] 仓库 https://github.com/10Dream/mihomo_converter (分支: main, size: 52752KB, pushed: 2026-07-14T13:44:56Z)
[2026-07-15 00:30:23] 🔗 开始 Fork 链追踪 (jifengyuan/BPB-Worker-Panel)
[2026-07-15 00:30:23]   父仓库: bia-pain-bache/BPB-Worker-Panel
[2026-07-15 00:30:23] 仓库 https://github.com/10Dream/mihomo_converter 候选文件 22 个
[2026-07-15 00:30:24] 📄 https://raw.githubusercontent.com/10Dream/mihomo_converter/main/sub/10ium-telegram-configs-collector-neighboring-countries.yaml ✅ 解析 156 候选 → 156 个有效节点 → 去重后新增 54 个
[2026-07-15 00:30:24] 📄 https://raw.githubusercontent.com/10Dream/mihomo_converter/main/sub/10ium-telegram-configs-collector-grpc-http.yaml ✅ 解析 96 候选 → 96 个有效节点 → 去重后新增 19 个
[2026-07-15 00:30:25] 📄 https://raw.githubusercontent.com/10Dream/mihomo_converter/main/sub/10ium-multi-proxy-config-fetcher.yaml ✅ 解析 229 候选 → 229 个有效节点 → 去重后新增 2 个
[2026-07-15 00:30:25] 📄 https://raw.githubusercontent.com/10Dream/mihomo_converter/main/sub/10ium-telegram-configs-collector-non-tls.yaml ✅ 解析 463 候选 → 463 个有效节点 → 去重后新增 34 个
[2026-07-15 00:30:27] 📄 https://raw.githubusercontent.com/10Dream/mihomo_converter/main/sub/maimengmeng-mysub-valid-content.yaml ✅ 解析 159 候选 → 159 个有效节点 → 去重后新增 4 个[2026-07-15 00:30:27] 📄 https://raw.githubusercontent.com/10Dream/mihomo_converter/main/sub/@gheychiamoozesh-v2-alicivil-workers-list-mix.yaml ✅ 解析 219 候选 → 219 个有效节点 → 去重后新增 5 个
[2026-07-15 00:30:27] 📄 https://raw.githubusercontent.com/10Dream/mihomo_converter/main/sub/10ium-telegram-configs-collector-hysteria-reality.yaml ✅ 解析 500 候选 → 500 个有效节点 → 去重后新增 144 个

[2026-07-15 00:30:28] 📄 https://raw.githubusercontent.com/10Dream/mihomo_converter/main/sub/10ium-telegram-configs-collector-tls.yaml ✅ 解析 480 候选 → 480 个有效节点 → 去重后新增 76 个[2026-07-15 00:30:28] 📄 https://raw.githubusercontent.com/10Dream/mihomo_converter/main/sub/10ium-telegram-configs-collector-tcp.yaml ✅ 解析 489 候选 → 489 个有效节点 → 去重后新增 65 个

[2026-07-15 00:30:28] 📄 https://raw.githubusercontent.com/10Dream/mihomo_converter/main/sub/10ium-telegram-configs-collector-ws.yaml ✅ 解析 483 候选 → 483 个有效节点 → 去重后新增 21 个
[2026-07-15 00:30:29] 🔗 查子仓库: 10Dream/mihomo_converter
[2026-07-15 00:30:29] 🔗 开始 Fork 链追踪 (10Dream/mihomo_converter)
[2026-07-15 00:30:30] 👤 遍历用户仓库: 10Dream
[2026-07-15 00:30:30]   👤 用户仓库: 4 个 → 队列
[2026-07-15 00:30:30]   用户 10Dream 共查 4 个仓库
[2026-07-15 00:30:31] 仓库 https://github.com/zzyo77/subboost (分支: main, size: 3114KB, pushed: 2026-07-14T13:34:17Z)
[2026-07-15 00:30:31]   🍴 兄弟仓库: 30 个 → 队列
[2026-07-15 00:30:31] 👤 遍历用户仓库: jifengyuan
[2026-07-15 00:30:32] 仓库 https://github.com/zzyo77/subboost 无候选文件 (总计 549 blob, 扩展名过滤 520, processed_shas 跳过 0, SHA 缓存跳过 29)
[2026-07-15 00:30:32] 🔗 查子仓库: zzyo77/subboost
[2026-07-15 00:30:32]   👤 用户仓库: 13 个 → 队列
[2026-07-15 00:30:32]   用户 jifengyuan 共查 13 个仓库
[2026-07-15 00:30:33] 仓库 https://github.com/Aman9690/clash-config-editor (分支: main, size: 1953KB, pushed: 2026-07-14T16:17:04Z)[2026-07-15 00:30:33] 🔗 开始 Fork 链追踪 (zzyo77/subboost)

[2026-07-15 00:30:33]   父仓库: SubBoost/subboost
[2026-07-15 00:30:33] 仓库在黑名单中: https://github.com/SubBoost/subboost
[2026-07-15 00:30:33]   父仓库 +0 个节点
[2026-07-15 00:30:34] 仓库 https://github.com/Aman9690/clash-config-editor 无候选文件 (总计 36 blob, 扩展名过滤 20, processed_shas 跳过 0, SHA 缓存跳过 16)
[2026-07-15 00:30:34] 🔗 查子仓库: Aman9690/clash-config-editor
[2026-07-15 00:30:34] 🔗 开始 Fork 链追踪 (Aman9690/clash-config-editor)
[2026-07-15 00:30:34] 👤 遍历用户仓库: Aman9690
[2026-07-15 00:30:35]   用户 Aman9690 共查 0 个仓库
[2026-07-15 00:30:35] 仓库 https://github.com/ji1360677347/OpenWrt-nikki (分支: main, size: 1594KB, pushed: 2026-07-14T13:23:16Z)
[2026-07-15 00:30:35]   🍴 兄弟仓库: 30 个 → 队列
[2026-07-15 00:30:35] 👤 遍历用户仓库: zzyo77
[2026-07-15 00:30:35] 仓库 https://github.com/ji1360677347/OpenWrt-nikki 无候选文件 (总计 48 blob, 扩展名过滤 28, processed_shas 跳过 0, SHA 缓存跳过 20)
[2026-07-15 00:30:35] 仓库 https://github.com/zhangjianyong66/mihomo-manager 未提取到节点，加入黑名单
[2026-07-15 00:30:35] 🔗 查子仓库: ji1360677347/OpenWrt-nikki
[2026-07-15 00:30:35] 仓库 https://github.com/iggymayer/Bettbox (分支: main, size: 53354KB, pushed: 2026-07-14T13:10:41Z)
[2026-07-15 00:30:35] 🔗 开始 Fork 链追踪 (ji1360677347/OpenWrt-nikki)
[2026-07-15 00:30:36]   父仓库: nikkinikki-org/OpenWrt-nikki
[2026-07-15 00:30:38] 仓库 https://github.com/iggymayer/Bettbox 候选文件较多 (192 个)，先通过 commits API 过滤
[2026-07-15 00:30:38]   👤 用户仓库: 30 个 → 队列
[2026-07-15 00:30:38]   用户 zzyo77 共查 30 个仓库
[2026-07-15 00:30:38] 仓库 https://github.com/xiaen-8/jsnzkpg (分支: Jsnzkpg, size: 16551KB, pushed: 2026-07-14T13:09:42Z)
[2026-07-15 00:30:40] 仓库 https://github.com/xiaen-8/jsnzkpg 候选文件 1 个
[2026-07-15 00:30:40]   commits 过滤: 192 → 0 (变更文件 0 个)
[2026-07-15 00:30:40] 仓库 https://github.com/iggymayer/Bettbox 候选文件经时间过滤后为空
[2026-07-15 00:30:40] 🔗 查子仓库: iggymayer/Bettbox
[2026-07-15 00:30:40] 🔗 查子仓库: xiaen-8/jsnzkpg
[2026-07-15 00:30:42]   🍴 兄弟仓库: 30 个 → 队列
[2026-07-15 00:30:42] 👤 遍历用户仓库: ji1360677347
[2026-07-15 00:30:42] 🔗 开始 Fork 链追踪 (iggymayer/Bettbox)
[2026-07-15 00:30:43] 🔗 开始 Fork 链追踪 (xiaen-8/jsnzkpg)
[2026-07-15 00:30:43]   父仓库: appshubcc/Bettbox
[2026-07-15 00:30:43] 仓库 https://github.com/appshubcc/Bettbox (分支: main, size: 118960KB, pushed: 2026-07-14T16:27:25Z)
[2026-07-15 00:30:45]   父仓库: Wanone1188/jsnzkpg
[2026-07-15 00:30:45] 仓库在黑名单中: https://github.com/Wanone1188/jsnzkpg
[2026-07-15 00:30:45]   父仓库 +0 个节点
[2026-07-15 00:30:46] 👤 遍历用户仓库: xiaen-8
[2026-07-15 00:30:47] 仓库 https://github.com/appshubcc/Bettbox 候选文件较多 (192 个)，先通过 commits API 过滤
[2026-07-15 00:30:47] 仓库 https://github.com/GuangYu-yu/AdBlock_Rule_For_Clash 未提取到节点，加入黑名单
[2026-07-15 00:30:47] 仓库 https://github.com/mohmdkh600/Nova-Proxy (分支: main, size: 8811KB, pushed: 2026-07-14T12:48:39Z)
[2026-07-15 00:30:49]   👤 用户仓库: 30 个 → 队列[2026-07-15 00:30:49]   👤 用户仓库: 6 个 → 队列

[2026-07-15 00:30:49]   用户 xiaen-8 共查 6 个仓库
[2026-07-15 00:30:49] 仓库 https://github.com/biliperson/clash-mihomo-rules (分支: main, size: 68KB, pushed: 2026-07-14T12:42:37Z)
[2026-07-15 00:30:49]   用户 ji1360677347 共查 30 个仓库
[2026-07-15 00:30:49] 仓库 https://github.com/CrazyForks/ShellCrash (分支: dev, size: 4545878KB, pushed: 2026-07-14T12:29:28Z)
[2026-07-15 00:30:51] 仓库 https://github.com/biliperson/clash-mihomo-rules 候选文件 3 个[2026-07-15 00:30:51] 仓库 https://github.com/mohmdkh600/Nova-Proxy 候选文件 6 个[2026-07-15 00:30:51] 仓库 https://github.com/CrazyForks/ShellCrash 无候选文件 (总计 259 blob, 扩展名过滤 191, processed_shas 跳过 0, SHA 缓存跳过 68)


[2026-07-15 00:30:51] 🔗 查子仓库: CrazyForks/ShellCrash
[2026-07-15 00:30:51] 🔗 开始 Fork 链追踪 (CrazyForks/ShellCrash)
[2026-07-15 00:30:52] 仓库 https://github.com/biliperson/clash-mihomo-rules 未提取到节点，加入黑名单
[2026-07-15 00:30:52] 仓库 https://github.com/marvinli001/ClashMax (分支: master, size: 7124KB, pushed: 2026-07-14T12:20:11Z)
[2026-07-15 00:30:52] 仓库 https://github.com/mohmdkh600/Nova-Proxy 未提取到节点，加入黑名单
[2026-07-15 00:30:52] 仓库 https://github.com/HSSkyBoy/Mihomo (分支: Alpha, size: 12373KB, pushed: 2026-07-14T12:42:15Z)
[2026-07-15 00:30:53]   commits 过滤: 192 → 0 (变更文件 0 个)
[2026-07-15 00:30:53] 仓库 https://github.com/appshubcc/Bettbox 候选文件经时间过滤后为空
[2026-07-15 00:30:53] 👤 遍历用户仓库: appshubcc
[2026-07-15 00:30:54]   父仓库: juewuy/ShellCrash
[2026-07-15 00:30:54] 仓库在黑名单中: https://github.com/juewuy/ShellCrash
[2026-07-15 00:30:54]   父仓库 +0 个节点
[2026-07-15 00:30:54]   👤 用户仓库: 4 个 → 队列
[2026-07-15 00:30:54]   用户 appshubcc 共查 4 个仓库
[2026-07-15 00:30:54]   父仓库 +0 个节点
[2026-07-15 00:30:56] 仓库 https://github.com/marvinli001/ClashMax 候选文件 27 个[2026-07-15 00:30:56] 仓库 https://github.com/HSSkyBoy/Mihomo 无候选文件 (总计 1002 blob, 扩展名过滤 961, processed_shas 跳过 0, SHA 缓存跳过 41)

[2026-07-15 00:30:56] 🔗 查子仓库: HSSkyBoy/Mihomo
[2026-07-15 00:30:57] 仓库 https://github.com/marvinli001/ClashMax 未提取到节点，加入黑名单
[2026-07-15 00:30:57] 仓库 https://github.com/88alt/small (分支: master, size: 85454KB, pushed: 2026-07-14T11:31:28Z)
[2026-07-15 00:30:58] 🔗 开始 Fork 链追踪 (HSSkyBoy/Mihomo)
[2026-07-15 00:30:58]   父仓库: MetaCubeX/mihomo
[2026-07-15 00:30:58]   🍴 兄弟仓库: 30 个 → 队列
[2026-07-15 00:30:58] 👤 遍历用户仓库: CrazyForks
[2026-07-15 00:31:00] 仓库 https://github.com/88alt/small 候选文件较多 (171 个)，先通过 commits API 过滤[2026-07-15 00:31:00]   🍴 兄弟仓库: 30 个 → 队列

[2026-07-15 00:31:00] 👤 遍历用户仓库: iggymayer
[2026-07-15 00:31:05] 👤 遍历用户仓库: HSSkyBoy
[2026-07-15 00:31:07]   Compare API 返回 24 个变更文件 (3 次 API 调用)
[2026-07-15 00:31:07]   commits 过滤: 171 → 1 (变更文件 24 个)
[2026-07-15 00:31:07] 仓库 https://github.com/88alt/small 候选文件 1 个
[2026-07-15 00:31:07]   👤 用户仓库: 9 个 → 队列
[2026-07-15 00:31:07]   用户 iggymayer 共查 9 个仓库
[2026-07-15 00:31:07] 仓库 https://github.com/kiss2u/ShellCrash (分支: dev, size: 4545878KB, pushed: 2026-07-14T11:04:33Z)
[2026-07-15 00:31:07] 仓库 https://github.com/kiss2u/ShellCrash 无候选文件 (总计 259 blob, 扩展名过滤 191, processed_shas 跳过 0, SHA 缓存跳过 68)
[2026-07-15 00:31:07] 🔗 查子仓库: kiss2u/ShellCrash
[2026-07-15 00:31:07] 仓库 https://github.com/88alt/small 未提取到节点，加入黑名单
[2026-07-15 00:31:07] 仓库 https://github.com/MFSGA/Chimera (分支: master, size: 3103KB, pushed: 2026-07-14T10:55:41Z)
[2026-07-15 00:31:07] 🔗 开始 Fork 链追踪 (kiss2u/ShellCrash)
[2026-07-15 00:31:08]   父仓库: juewuy/ShellCrash
[2026-07-15 00:31:08] 仓库在黑名单中: https://github.com/juewuy/ShellCrash
[2026-07-15 00:31:08]   父仓库 +0 个节点
[2026-07-15 00:31:10] 仓库 https://github.com/MFSGA/Chimera 候选文件 65 个
[2026-07-15 00:31:12] 仓库 https://github.com/MFSGA/Chimera 未提取到节点，加入黑名单
[2026-07-15 00:31:12] 仓库 https://github.com/woyin/ShellCrash (分支: dev, size: 4545878KB, pushed: 2026-07-14T10:46:11Z)
[2026-07-15 00:31:12]   👤 用户仓库: 30 个 → 队列
[2026-07-15 00:31:12]   用户 HSSkyBoy 共查 30 个仓库
[2026-07-15 00:31:12] 仓库 https://github.com/tikhonp/mikrotik (分支: master, size: 13KB, pushed: 2026-07-14T10:38:30Z)
[2026-07-15 00:31:12] ⏱️ [29/122] Stash pushed:>2026-07-13T16:01:45Z fork:true -language:HTML | 94s | +438
[2026-07-15 00:31:12]   🍴 兄弟仓库: 22 个 → 队列
[2026-07-15 00:31:12] 👤 遍历用户仓库: kiss2u
[2026-07-15 00:31:14] 仓库 https://github.com/tikhonp/mikrotik 候选文件 2 个[2026-07-15 00:31:14] 仓库 https://github.com/woyin/ShellCrash 无候选文件 (总计 259 blob, 扩展名过滤 191, processed_shas 跳过 0, SHA 缓存跳过 68)

[2026-07-15 00:31:14]   👤 用户仓库: 30 个 → 队列[2026-07-15 00:31:14] 🔗 查子仓库: woyin/ShellCrash

[2026-07-15 00:31:14]   用户 CrazyForks 共查 30 个仓库
[2026-07-15 00:31:14] 仓库 https://github.com/shit6/ShellCrash (分支: dev, size: 4545878KB, pushed: 2026-07-14T10:17:31Z)
[2026-07-15 00:31:15] 仓库 https://github.com/tikhonp/mikrotik 未提取到节点，加入黑名单
[2026-07-15 00:31:15] 仓库 https://github.com/ewigl/mihomo-config-windows (分支: main, size: 61KB, pushed: 2026-07-14T10:09:43Z)
[2026-07-15 00:31:16] 🔗 开始 Fork 链追踪 (woyin/ShellCrash)
[2026-07-15 00:31:17] 仓库 https://github.com/ewigl/mihomo-config-windows 候选文件 5 个
[2026-07-15 00:31:17]   父仓库: juewuy/ShellCrash
[2026-07-15 00:31:17] 仓库在黑名单中: https://github.com/juewuy/ShellCrash
[2026-07-15 00:31:17]   父仓库 +0 个节点
[2026-07-15 00:31:18] 仓库 https://github.com/ewigl/mihomo-config-windows 未提取到节点，加入黑名单
[2026-07-15 00:31:18] 仓库 https://github.com/josbu/ShellCrash (分支: dev, size: 4545878KB, pushed: 2026-07-14T10:00:11Z)
[2026-07-15 00:31:19] 仓库 https://github.com/shit6/ShellCrash 无候选文件 (总计 259 blob, 扩展名过滤 191, processed_shas 跳过 0, SHA 缓存跳过 68)
[2026-07-15 00:31:19] 🔗 查子仓库: shit6/ShellCrash
[2026-07-15 00:31:19] 🔗 开始 Fork 链追踪 (shit6/ShellCrash)
[2026-07-15 00:31:21]   父仓库: juewuy/ShellCrash[2026-07-15 00:31:21] 仓库 https://github.com/josbu/ShellCrash 无候选文件 (总计 259 blob, 扩展名过滤 191, processed_shas 跳过 0, SHA 缓存跳过 68)

[2026-07-15 00:31:21] 🔗 查子仓库: josbu/ShellCrash[2026-07-15 00:31:21] 仓库在黑名单中: https://github.com/juewuy/ShellCrash

[2026-07-15 00:31:21]   父仓库 +0 个节点
[2026-07-15 00:31:23] 🔗 开始 Fork 链追踪 (josbu/ShellCrash)
[2026-07-15 00:31:24] 👤 遍历用户仓库: woyin
[2026-07-15 00:31:24]   父仓库: juewuy/ShellCrash
[2026-07-15 00:31:24] 仓库在黑名单中: https://github.com/juewuy/ShellCrash
[2026-07-15 00:31:24]   父仓库 +0 个节点
[2026-07-15 00:31:26] 👤 遍历用户仓库: shit6
[2026-07-15 00:31:26]   👤 用户仓库: 30 个 → 队列
[2026-07-15 00:31:26]   用户 kiss2u 共查 30 个仓库
[2026-07-15 00:31:26] 仓库 https://github.com/xdm2211/anti-AD (分支: master, size: 1752252KB, pushed: 2026-07-14T09:56:07Z)
[2026-07-15 00:31:28] 仓库 https://github.com/xdm2211/anti-AD 无候选文件 (总计 26 blob, 扩展名过滤 3, processed_shas 跳过 0, SHA 缓存跳过 23)
[2026-07-15 00:31:28] 🔗 查子仓库: xdm2211/anti-AD
[2026-07-15 00:31:28] 👤 遍历用户仓库: josbu
[2026-07-15 00:31:28] 🔗 开始 Fork 链追踪 (xdm2211/anti-AD)
[2026-07-15 00:31:30]   👤 用户仓库: 30 个 → 队列
[2026-07-15 00:31:30]   用户 woyin 共查 30 个仓库
[2026-07-15 00:31:30] 仓库 https://github.com/lenow55/meta-rules-dat (分支: master, size: 7KB, pushed: 2026-07-14T09:49:55Z)
[2026-07-15 00:31:32]   👤 用户仓库: 30 个 → 队列[2026-07-15 00:31:32]   父仓库: privacy-protection-tools/anti-AD

[2026-07-15 00:31:32]   用户 shit6 共查 30 个仓库
[2026-07-15 00:31:32] 仓库 https://github.com/josbu/clash-mihomo-rule (分支: main, size: 13163KB, pushed: 2026-07-14T09:41:20Z)
[2026-07-15 00:31:35] 仓库 https://github.com/lenow55/meta-rules-dat 候选文件 3 个[2026-07-15 00:31:35] 仓库 https://github.com/josbu/clash-mihomo-rule 候选文件 30 个

[2026-07-15 00:31:35] README (lenow55/meta-rules-dat) 404，跳过
[2026-07-15 00:31:35] 仓库 https://github.com/lenow55/meta-rules-dat 未提取到节点，加入黑名单
[2026-07-15 00:31:35] 仓库 https://github.com/jingyi251/Jsnzkpg (分支: Jsnzkpg, size: 24423KB, pushed: 2026-07-14T09:37:12Z)
[2026-07-15 00:31:36] 仓库 https://github.com/josbu/clash-mihomo-rule 未提取到节点，加入黑名单
[2026-07-15 00:31:36] 仓库 https://github.com/BigFishWuhu/sparkle (分支: master, size: 10696KB, pushed: 2026-07-14T09:36:42Z)
[2026-07-15 00:31:37] 仓库 https://github.com/jingyi251/Jsnzkpg 无候选文件 (总计 32 blob, 扩展名过滤 14, processed_shas 跳过 0, SHA 缓存跳过 18)
[2026-07-15 00:31:37] 🔗 查子仓库: jingyi251/Jsnzkpg
[2026-07-15 00:31:37] 仓库 https://github.com/BigFishWuhu/sparkle 无候选文件 (总计 263 blob, 扩展名过滤 230, processed_shas 跳过 14, SHA 缓存跳过 19)
[2026-07-15 00:31:37] 🔗 查子仓库: BigFishWuhu/sparkle
[2026-07-15 00:31:37] 🔗 开始 Fork 链追踪 (jingyi251/Jsnzkpg)
[2026-07-15 00:31:39] 🔗 开始 Fork 链追踪 (BigFishWuhu/sparkle)[2026-07-15 00:31:39]   🍴 兄弟仓库: 30 个 → 队列

[2026-07-15 00:31:39]   👤 用户仓库: 30 个 → 队列
[2026-07-15 00:31:39] 👤 遍历用户仓库: xdm2211[2026-07-15 00:31:39]   用户 josbu 共查 30 个仓库

[2026-07-15 00:31:39] 仓库 https://github.com/MioHueCode/MIHOMO_OVERRIDE_JS (分支: main, size: 502KB, pushed: 2026-07-14T09:21:47Z)
[2026-07-15 00:31:39]   父仓库: Jsnzkpg/Jsnzkpg
[2026-07-15 00:31:39] ⏭️ 仓库 https://github.com/Jsnzkpg/Jsnzkpg 47h 未更新，跳过
[2026-07-15 00:31:39]   父仓库 +0 个节点
[2026-07-15 00:31:41]   父仓库: xishang0128/sparkle[2026-07-15 00:31:41] 仓库 https://github.com/MioHueCode/MIHOMO_OVERRIDE_JS 无候选文件 (总计 4 blob, 扩展名过滤 4, processed_shas 跳过 0, SHA 缓存跳过 0)

[2026-07-15 00:31:42] README (MioHueCode/MIHOMO_OVERRIDE_JS) 404，跳过
[2026-07-15 00:31:42] 仓库 https://github.com/MioHueCode/MIHOMO_OVERRIDE_JS 未提取到节点，加入黑名单
[2026-07-15 00:31:42] 仓库 https://github.com/thatwolin/Rules (分支: main, size: 476295KB, pushed: 2026-07-14T08:57:07Z)
[2026-07-15 00:31:44] 仓库 https://github.com/thatwolin/Rules 候选文件较多 (686 个)，先通过 commits API 过滤
[2026-07-15 00:31:44]   🍴 兄弟仓库: 30 个 → 队列
[2026-07-15 00:31:44] 👤 遍历用户仓库: jingyi251
[2026-07-15 00:31:48]   🍴 兄弟仓库: 22 个 → 队列
[2026-07-15 00:31:48] 👤 遍历用户仓库: BigFishWuhu
[2026-07-15 00:31:49]   👤 用户仓库: 30 个 → 队列
[2026-07-15 00:31:49]   用户 jingyi251 共查 30 个仓库
[2026-07-15 00:31:49] 仓库 https://github.com/Wanzi-z/ShellCrashdev (分支: dev, size: 4545878KB, pushed: 2026-07-14T08:41:09Z)
[2026-07-15 00:31:49]   👤 用户仓库: 30 个 → 队列
[2026-07-15 00:31:49]   用户 xdm2211 共查 30 个仓库
[2026-07-15 00:31:49] 仓库 https://github.com/mhqschen/override-rules (分支: main, size: 3491KB, pushed: 2026-07-14T08:36:19Z)
[2026-07-15 00:31:49]   Compare API 返回 3 个变更文件 (3 次 API 调用)
[2026-07-15 00:31:49]   commits 过滤: 686 → 0 (变更文件 3 个)
[2026-07-15 00:31:49] 仓库 https://github.com/thatwolin/Rules 候选文件经时间过滤后为空
[2026-07-15 00:31:49] 🔗 查子仓库: thatwolin/Rules
[2026-07-15 00:31:51] 仓库 https://github.com/Wanzi-z/ShellCrashdev 无候选文件 (总计 259 blob, 扩展名过滤 191, processed_shas 跳过 0, SHA 缓存跳过 68)[2026-07-15 00:31:51] 仓库 https://github.com/mhqschen/override-rules 候选文件 7 个

[2026-07-15 00:31:51] 🔗 查子仓库: Wanzi-z/ShellCrashdev
[2026-07-15 00:31:53] 🔗 开始 Fork 链追踪 (thatwolin/Rules)
[2026-07-15 00:31:53]   👤 用户仓库: 30 个 → 队列
[2026-07-15 00:31:53]   用户 BigFishWuhu 共查 30 个仓库
[2026-07-15 00:31:53] 仓库 https://github.com/andyleesoso94/clashmi (分支: main, size: 101083KB, pushed: 2026-07-14T08:15:32Z)
[2026-07-15 00:31:53] 🔗 开始 Fork 链追踪 (Wanzi-z/ShellCrashdev)
[2026-07-15 00:31:53]   父仓库: Lanlan13-14/Rules
[2026-07-15 00:31:53] 仓库在黑名单中: https://github.com/Lanlan13-14/Rules
[2026-07-15 00:31:53]   父仓库 +0 个节点
[2026-07-15 00:31:53] 仓库 https://github.com/mhqschen/override-rules README 含广告词，加入黑名单
[2026-07-15 00:31:53] 仓库 https://github.com/s-bug0ff/roscomvpn-routing (分支: main, size: 443KB, pushed: 2026-07-14T08:14:34Z)
[2026-07-15 00:31:55]   父仓库: juewuy/ShellCrash
[2026-07-15 00:31:55] 仓库在黑名单中: https://github.com/juewuy/ShellCrash
[2026-07-15 00:31:55]   父仓库 +0 个节点
[2026-07-15 00:31:55] 仓库 https://github.com/andyleesoso94/clashmi 无候选文件 (总计 393 blob, 扩展名过滤 338, processed_shas 跳过 0, SHA 缓存跳过 55)
[2026-07-15 00:31:55] 🔗 查子仓库: andyleesoso94/clashmi
[2026-07-15 00:31:55] 🔗 开始 Fork 链追踪 (andyleesoso94/clashmi)
[2026-07-15 00:31:57] 仓库 https://github.com/s-bug0ff/roscomvpn-routing 候选文件 4 个
[2026-07-15 00:31:58]   父仓库: KaringX/clashmi
[2026-07-15 00:31:58] ⏭️ 仓库 https://github.com/KaringX/clashmi 39h 未更新，跳过
[2026-07-15 00:31:58]   父仓库 +0 个节点
[2026-07-15 00:31:59] 仓库 https://github.com/s-bug0ff/roscomvpn-routing 未提取到节点，加入黑名单
[2026-07-15 00:31:59] 仓库 https://github.com/A-Archives-and-Forks/ShellCrash (分支: dev, size: 4545878KB, pushed: 2026-07-14T08:10:13Z)
[2026-07-15 00:32:00] 👤 遍历用户仓库: Wanzi-z[2026-07-15 00:32:00]   🍴 兄弟仓库: 30 个 → 队列

[2026-07-15 00:32:00] 👤 遍历用户仓库: thatwolin
[2026-07-15 00:32:00] 仓库 https://github.com/A-Archives-and-Forks/ShellCrash 无候选文件 (总计 259 blob, 扩展名过滤 191, processed_shas 跳过 0, SHA 缓存跳过 68)
[2026-07-15 00:32:00] 🔗 查子仓库: A-Archives-and-Forks/ShellCrash
[2026-07-15 00:32:02] 🔗 开始 Fork 链追踪 (A-Archives-and-Forks/ShellCrash)
[2026-07-15 00:32:04]   用户 thatwolin 共查 0 个仓库
[2026-07-15 00:32:04] 仓库 https://github.com/Debik5/mihomo-rulesets (分支: main, size: 91249KB, pushed: 2026-07-14T08:06:49Z)
[2026-07-15 00:32:05] 仓库 https://github.com/Debik5/mihomo-rulesets 候选文件 19 个
[2026-07-15 00:32:05]   🍴 兄弟仓库: 30 个 → 队列
[2026-07-15 00:32:05] 👤 遍历用户仓库: andyleesoso94
[2026-07-15 00:32:06]   👤 用户仓库: 25 个 → 队列
[2026-07-15 00:32:06]   用户 andyleesoso94 共查 25 个仓库
[2026-07-15 00:32:06] 仓库 https://github.com/damaged-soda/conduit (分支: main, size: 240KB, pushed: 2026-07-14T07:54:43Z)
[2026-07-15 00:32:06]   父仓库: juewuy/ShellCrash
[2026-07-15 00:32:06] 仓库在黑名单中: https://github.com/juewuy/ShellCrash
[2026-07-15 00:32:06]   父仓库 +0 个节点
[2026-07-15 00:32:07] 仓库 https://github.com/Debik5/mihomo-rulesets 未提取到节点，加入黑名单
[2026-07-15 00:32:07] 仓库 https://github.com/xiongtee/mihomo (分支: main, size: 8132KB, pushed: 2026-07-14T07:52:16Z)
[2026-07-15 00:32:08] 仓库 https://github.com/damaged-soda/conduit 候选文件 20 个
[2026-07-15 00:32:09]   👤 用户仓库: 30 个 → 队列
[2026-07-15 00:32:09]   用户 Wanzi-z 共查 30 个仓库
[2026-07-15 00:32:09] 仓库 https://github.com/Wanzi-z/ShellCrash (分支: dev, size: 4545878KB, pushed: 2026-07-14T07:49:09Z)
[2026-07-15 00:32:09] 👤 遍历用户仓库: A-Archives-and-Forks
[2026-07-15 00:32:09] 📄 https://raw.githubusercontent.com/damaged-soda/conduit/main/tests/fixtures/sub.clash.yaml ✅ 解析 2 候选 → 2 个有效节点 → 去重后新增 2 个
[2026-07-15 00:32:09] 🔗 查子仓库: damaged-soda/conduit
[2026-07-15 00:32:11] 仓库 https://github.com/xiongtee/mihomo 候选文件 2 个[2026-07-15 00:32:11] 仓库 https://github.com/Wanzi-z/ShellCrash 无候选文件 (总计 259 blob, 扩展名过滤 191, processed_shas 跳过 0, SHA 缓存跳过 68)

[2026-07-15 00:32:11] 🔗 查子仓库: Wanzi-z/ShellCrash
[2026-07-15 00:32:11] 🔗 开始 Fork 链追踪 (Wanzi-z/ShellCrash)
[2026-07-15 00:32:11] 🔗 开始 Fork 链追踪 (damaged-soda/conduit)
[2026-07-15 00:32:12] README (xiongtee/mihomo) 404，跳过
[2026-07-15 00:32:12] 仓库 https://github.com/xiongtee/mihomo 未提取到节点，加入黑名单
[2026-07-15 00:32:12] 仓库 https://github.com/josbu/mihomo-onekey (分支: main, size: 223184KB, pushed: 2026-07-14T07:47:11Z)
[2026-07-15 00:32:13]   父仓库: juewuy/ShellCrash
[2026-07-15 00:32:13] 仓库在黑名单中: https://github.com/juewuy/ShellCrash
[2026-07-15 00:32:13]   父仓库 +0 个节点
[2026-07-15 00:32:13] 👤 遍历用户仓库: damaged-soda
[2026-07-15 00:32:15] 仓库 https://github.com/josbu/mihomo-onekey 无候选文件 (总计 73 blob, 扩展名过滤 45, processed_shas 跳过 0, SHA 缓存跳过 28)
[2026-07-15 00:32:15] 🔗 查子仓库: josbu/mihomo-onekey
[2026-07-15 00:32:17]   👤 用户仓库: 17 个 → 队列
[2026-07-15 00:32:17]   用户 damaged-soda 共查 17 个仓库
[2026-07-15 00:32:17] 仓库 https://github.com/lvqh020/BPB-Worker-Panel (分支: main, size: 64942KB, pushed: 2026-07-14T10:03:35Z)
[2026-07-15 00:32:17] 🔗 开始 Fork 链追踪 (josbu/mihomo-onekey)
[2026-07-15 00:32:18] 👤 遍历用户仓库: Wanzi-z
[2026-07-15 00:32:20]   父仓库: Abcd789JK/Tools[2026-07-15 00:32:20] 仓库 https://github.com/lvqh020/BPB-Worker-Panel 无候选文件 (总计 134 blob, 扩展名过滤 78, processed_shas 跳过 0, SHA 缓存跳过 56)

[2026-07-15 00:32:20] 仓库在黑名单中: https://github.com/Abcd789JK/Tools[2026-07-15 00:32:20] 🔗 查子仓库: lvqh020/BPB-Worker-Panel
[2026-07-15 00:32:20]   父仓库 +0 个节点

[2026-07-15 00:32:20] 🔗 开始 Fork 链追踪 (lvqh020/BPB-Worker-Panel)
[2026-07-15 00:32:22]   👤 用户仓库: 30 个 → 队列
[2026-07-15 00:32:22]   用户 A-Archives-and-Forks 共查 30 个仓库
[2026-07-15 00:32:22] 仓库 https://github.com/lux5am/mihomo (分支: Alpha, size: 13135KB, pushed: 2026-07-14T07:23:51Z)
[2026-07-15 00:32:24]   父仓库: bia-pain-bache/BPB-Worker-Panel
[2026-07-15 00:32:24]   🍴 兄弟仓库: 11 个 → 队列
[2026-07-15 00:32:24] 👤 遍历用户仓库: josbu
[2026-07-15 00:32:24] 仓库 https://github.com/lux5am/mihomo 无候选文件 (总计 1001 blob, 扩展名过滤 960, processed_shas 跳过 0, SHA 缓存跳过 41)
[2026-07-15 00:32:24] 🔗 查子仓库: lux5am/mihomo
[2026-07-15 00:32:25] 🔗 开始 Fork 链追踪 (lux5am/mihomo)
[2026-07-15 00:32:27]   👤 用户仓库: 30 个 → 队列
[2026-07-15 00:32:27]   用户 Wanzi-z 共查 30 个仓库
[2026-07-15 00:32:27] 仓库 https://github.com/kiss2u/mihomo-rust (分支: main, size: 6748KB, pushed: 2026-07-14T07:16:31Z)
[2026-07-15 00:32:29]   父仓库: MetaCubeX/mihomo[2026-07-15 00:32:29]   🍴 兄弟仓库: 28 个 → 队列

[2026-07-15 00:32:29] 👤 遍历用户仓库: lvqh020
[2026-07-15 00:32:31] 仓库 https://github.com/kiss2u/mihomo-rust 候选文件较多 (193 个)，先通过 commits API 过滤
[2026-07-15 00:32:33]   Compare API 返回 13 个变更文件 (3 次 API 调用)
[2026-07-15 00:32:33]   commits 过滤: 193 → 0 (变更文件 13 个)
[2026-07-15 00:32:33] 仓库 https://github.com/kiss2u/mihomo-rust 候选文件经时间过滤后为空
[2026-07-15 00:32:33] 🔗 查子仓库: kiss2u/mihomo-rust
[2026-07-15 00:32:35] 👤 遍历用户仓库: lux5am
[2026-07-15 00:32:36]   👤 用户仓库: 30 个 → 队列
[2026-07-15 00:32:36]   用户 lvqh020 共查 30 个仓库
[2026-07-15 00:32:36] 仓库 https://github.com/lanyi233/mihomo (分支: Alpha, size: 13063KB, pushed: 2026-07-14T07:41:14Z)
[2026-07-15 00:32:36] 🔗 开始 Fork 链追踪 (kiss2u/mihomo-rust)
[2026-07-15 00:32:36]   父仓库: madeye/meow-rs
[2026-07-15 00:32:38] 仓库 https://github.com/lanyi233/mihomo 无候选文件 (总计 1018 blob, 扩展名过滤 977, processed_shas 跳过 0, SHA 缓存跳过 41)
[2026-07-15 00:32:38]   👤 用户仓库: 30 个 → 队列
[2026-07-15 00:32:38] 🔗 查子仓库: lanyi233/mihomo
[2026-07-15 00:32:38]   用户 josbu 共查 30 个仓库
[2026-07-15 00:32:38] 仓库 https://github.com/tossp/metacubexd (分支: main, size: 252011KB, pushed: 2026-07-14T06:38:20Z)
[2026-07-15 00:32:38]   👤 用户仓库: 28 个 → 队列
[2026-07-15 00:32:38]   用户 lux5am 共查 28 个仓库
[2026-07-15 00:32:38] 仓库 https://github.com/siinanano/override-rules (分支: main, size: 3912KB, pushed: 2026-07-14T06:33:36Z)
[2026-07-15 00:32:40] 🔗 开始 Fork 链追踪 (lanyi233/mihomo)[2026-07-15 00:32:40] 仓库 https://github.com/tossp/metacubexd 无候选文件 (总计 433 blob, 扩展名过滤 376, processed_shas 跳过 0, SHA 缓存跳过 57)

[2026-07-15 00:32:40] 🔗 查子仓库: tossp/metacubexd
[2026-07-15 00:32:42] 仓库 https://github.com/siinanano/override-rules 无候选文件 (总计 65 blob, 扩展名过滤 32, processed_shas 跳过 0, SHA 缓存跳过 33)
[2026-07-15 00:32:42] 🔗 查子仓库: siinanano/override-rules
[2026-07-15 00:32:42] 🔗 开始 Fork 链追踪 (tossp/metacubexd)
[2026-07-15 00:32:42] 🔗 开始 Fork 链追踪 (siinanano/override-rules)
[2026-07-15 00:32:44]   父仓库: vernesong/mihomo[2026-07-15 00:32:44]   🍴 兄弟仓库: 2 个 → 队列
[2026-07-15 00:32:44]   父仓库: MetaCubeX/metacubexd

[2026-07-15 00:32:44] 👤 遍历用户仓库: kiss2u
[2026-07-15 00:32:44]   父仓库: powerfullz/override-rules
[2026-07-15 00:32:44] 仓库在黑名单中: https://github.com/powerfullz/override-rules
[2026-07-15 00:32:44]   父仓库 +0 个节点
[2026-07-15 00:32:49] 👤 遍历用户仓库: tossp
[2026-07-15 00:32:49]   🍴 兄弟仓库: 30 个 → 队列
[2026-07-15 00:32:49] 👤 遍历用户仓库: siinanano
[2026-07-15 00:32:49]   🍴 兄弟仓库: 30 个 → 队列
[2026-07-15 00:32:49] 👤 遍历用户仓库: lanyi233
[2026-07-15 00:32:51]   用户 siinanano 共查 0 个仓库
[2026-07-15 00:32:51] 仓库 https://github.com/mhmdxahmd/mafly (分支: main, size: 7525KB, pushed: 2026-07-14T06:21:53Z)
[2026-07-15 00:32:53] 仓库 https://github.com/mhmdxahmd/mafly 无候选文件 (总计 51 blob, 扩展名过滤 31, processed_shas 跳过 0, SHA 缓存跳过 20)
[2026-07-15 00:32:53] 🔗 查子仓库: mhmdxahmd/mafly
[2026-07-15 00:32:54]   👤 用户仓库: 11 个 → 队列
[2026-07-15 00:32:54]   用户 lanyi233 共查 11 个仓库
[2026-07-15 00:32:54] 仓库 https://github.com/Hugengrui/anti-AD (分支: master, size: 1370538KB, pushed: 2026-07-14T06:05:29Z)
[2026-07-15 00:32:56] 🔗 开始 Fork 链追踪 (mhmdxahmd/mafly)[2026-07-15 00:32:56]   👤 用户仓库: 30 个 → 队列

[2026-07-15 00:32:56]   用户 kiss2u 共查 30 个仓库
[2026-07-15 00:32:56] 仓库 https://github.com/danielgzd/proxy-rules (分支: main, size: 84KB, pushed: 2026-07-14T05:41:34Z)
[2026-07-15 00:32:56] 👤 遍历用户仓库: mhmdxahmd
[2026-07-15 00:32:58] 仓库 https://github.com/danielgzd/proxy-rules 无候选文件 (总计 21 blob, 扩展名过滤 6, processed_shas 跳过 0, SHA 缓存跳过 15)
[2026-07-15 00:32:58] 🔗 查子仓库: danielgzd/proxy-rules
[2026-07-15 00:32:58] 仓库 https://github.com/Hugengrui/anti-AD 无候选文件 (总计 29 blob, 扩展名过滤 3, processed_shas 跳过 0, SHA 缓存跳过 26)
[2026-07-15 00:32:58] 🔗 查子仓库: Hugengrui/anti-AD
[2026-07-15 00:33:00]   用户 mhmdxahmd 共查 0 个仓库
[2026-07-15 00:33:00] ⚠️ 仓库 https://github.com/proother/HarnessCore 大小为 0，跳过
[2026-07-15 00:33:00] 仓库 https://github.com/oxygen121/rules-mrs (分支: main, size: 86404KB, pushed: 2026-07-14T05:30:54Z)
[2026-07-15 00:33:00] 🔗 开始 Fork 链追踪 (danielgzd/proxy-rules)
[2026-07-15 00:33:00] 🔗 开始 Fork 链追踪 (Hugengrui/anti-AD)
[2026-07-15 00:33:02] 👤 遍历用户仓库: danielgzd[2026-07-15 00:33:02] 仓库 https://github.com/oxygen121/rules-mrs 无候选文件 (总计 3 blob, 扩展名过滤 2, processed_shas 跳过 0, SHA 缓存跳过 1)

[2026-07-15 00:33:02] 🔗 查子仓库: oxygen121/rules-mrs
[2026-07-15 00:33:04]   父仓库: privacy-protection-tools/anti-AD
[2026-07-15 00:33:04]   👤 用户仓库: 30 个 → 队列
[2026-07-15 00:33:04]   用户 tossp 共查 30 个仓库
[2026-07-15 00:33:04] 仓库 https://github.com/omaler886/mihomo_ossp_proxies (分支: main, size: 20956KB, pushed: 2026-07-14T05:12:33Z)
[2026-07-15 00:33:04] 🔗 开始 Fork 链追踪 (oxygen121/rules-mrs)
[2026-07-15 00:33:04] 👤 遍历用户仓库: oxygen121
[2026-07-15 00:33:06] 仓库 https://github.com/omaler886/mihomo_ossp_proxies 无候选文件 (总计 22 blob, 扩展名过滤 5, processed_shas 跳过 0, SHA 缓存跳过 17)
[2026-07-15 00:33:06] 🔗 查子仓库: omaler886/mihomo_ossp_proxies
[2026-07-15 00:33:08]   👤 用户仓库: 3 个 → 队列
[2026-07-15 00:33:08]   用户 oxygen121 共查 3 个仓库
[2026-07-15 00:33:08] 仓库 https://github.com/ckeiituk/mihomo-rule-sets (分支: main, size: 4340358KB, pushed: 2026-07-14T05:11:50Z)
[2026-07-15 00:33:08]   👤 用户仓库: 30 个 → 队列
[2026-07-15 00:33:08]   用户 danielgzd 共查 30 个仓库
[2026-07-15 00:33:08] 仓库 https://github.com/ysm827/clash-party (分支: smart_core, size: 18050KB, pushed: 2026-07-14T04:39:12Z)
[2026-07-15 00:33:09] 🔗 开始 Fork 链追踪 (omaler886/mihomo_ossp_proxies)
[2026-07-15 00:33:11] 仓库 https://github.com/ckeiituk/mihomo-rule-sets 无候选文件 (总计 83 blob, 扩展名过滤 34, processed_shas 跳过 0, SHA 缓存跳过 49)[2026-07-15 00:33:11] 仓库 https://github.com/ysm827/clash-party 无候选文件 (总计 336 blob, 扩展名过滤 289, processed_shas 跳过 0, SHA 缓存跳过 47)[2026-07-15 00:33:11]   🍴 兄弟仓库: 24 个 → 队列


[2026-07-15 00:33:11] 🔗 查子仓库: ckeiituk/mihomo-rule-sets[2026-07-15 00:33:11] 👤 遍历用户仓库: Hugengrui[2026-07-15 00:33:11] 🔗 查子仓库: ysm827/clash-party


[2026-07-15 00:33:13] 👤 遍历用户仓库: omaler886
[2026-07-15 00:33:13] 🔗 开始 Fork 链追踪 (ckeiituk/mihomo-rule-sets)
[2026-07-15 00:33:13] 🔗 开始 Fork 链追踪 (ysm827/clash-party)
[2026-07-15 00:33:15] ⏱️ [30/122] clash verge pushed:>2026-07-13T16:01:45Z fork:true -language | 123s | +2[2026-07-15 00:33:15]   父仓库: legiz-ru/mihomo-rule-sets

[2026-07-15 00:33:15] 仓库在黑名单中: https://github.com/legiz-ru/mihomo-rule-sets
[2026-07-15 00:33:15]   父仓库 +0 个节点
[2026-07-15 00:33:17]   父仓库: mihomo-party-org/clash-party
[2026-07-15 00:33:17]   👤 用户仓库: 28 个 → 队列
[2026-07-15 00:33:17]   用户 omaler886 共查 28 个仓库
[2026-07-15 00:33:17] 仓库 https://github.com/Mozideart/mihomo-rust (分支: main, size: 6545KB, pushed: 2026-07-14T04:03:35Z)
[2026-07-15 00:33:17]   👤 用户仓库: 24 个 → 队列
[2026-07-15 00:33:17]   用户 Hugengrui 共查 24 个仓库
[2026-07-15 00:33:17] 仓库 https://github.com/wangzheuser/ShellCrash (分支: dev, size: 4545878KB, pushed: 2026-07-14T03:35:06Z)
[2026-07-15 00:33:19] 仓库 https://github.com/Mozideart/mihomo-rust 候选文件较多 (193 个)，先通过 commits API 过滤
[2026-07-15 00:33:21] 仓库 https://github.com/wangzheuser/ShellCrash 无候选文件 (总计 259 blob, 扩展名过滤 191, processed_shas 跳过 0, SHA 缓存跳过 68)
[2026-07-15 00:33:21] 🔗 查子仓库: wangzheuser/ShellCrash
[2026-07-15 00:33:21] 🔗 开始 Fork 链追踪 (wangzheuser/ShellCrash)
[2026-07-15 00:33:23]   🍴 兄弟仓库: 30 个 → 队列[2026-07-15 00:33:23] ⏱️ [31/122] clash verge rev pushed:>2026-07-13T16:01:45Z fork:true -lang | 8s | +0
[2026-07-15 00:33:23]   父仓库: juewuy/ShellCrash
[2026-07-15 00:33:23]   🍴 兄弟仓库: 18 个 → 队列[2026-07-15 00:33:23] 👤 遍历用户仓库: ckeiituk


[2026-07-15 00:33:23] 仓库在黑名单中: https://github.com/juewuy/ShellCrash[2026-07-15 00:33:23] 👤 遍历用户仓库: ysm827

[2026-07-15 00:33:23]   父仓库 +0 个节点
[2026-07-15 00:33:26]   Compare API 返回 13 个变更文件 (3 次 API 调用)
[2026-07-15 00:33:26]   commits 过滤: 193 → 0 (变更文件 13 个)
[2026-07-15 00:33:26] 仓库 https://github.com/Mozideart/mihomo-rust 候选文件经时间过滤后为空
[2026-07-15 00:33:26] 🔗 查子仓库: Mozideart/mihomo-rust
[2026-07-15 00:33:28] 🔗 开始 Fork 链追踪 (Mozideart/mihomo-rust)
[2026-07-15 00:33:30] 👤 遍历用户仓库: wangzheuser
[2026-07-15 00:33:30]   👤 用户仓库: 19 个 → 队列
[2026-07-15 00:33:30]   用户 ckeiituk 共查 19 个仓库
[2026-07-15 00:33:30] 仓库 https://github.com/alps-sun/clash-for-linux-install (分支: master, size: 79073KB, pushed: 2026-07-14T03:03:46Z)
[2026-07-15 00:33:32]   父仓库: madeye/meow-rs
[2026-07-15 00:33:32] 仓库 https://github.com/alps-sun/clash-for-linux-install 无候选文件 (总计 46 blob, 扩展名过滤 30, processed_shas 跳过 0, SHA 缓存跳过 16)
[2026-07-15 00:33:32] 🔗 查子仓库: alps-sun/clash-for-linux-install
[2026-07-15 00:33:34]   👤 用户仓库: 30 个 → 队列
[2026-07-15 00:33:34]   用户 wangzheuser 共查 30 个仓库
[2026-07-15 00:33:34] 仓库 https://github.com/Leslie-Tsui/clash-for-linux-install (分支: master, size: 79073KB, pushed: 2026-07-14T03:03:46Z)
[2026-07-15 00:33:36] 🔗 开始 Fork 链追踪 (alps-sun/clash-for-linux-install)[2026-07-15 00:33:36] 👤 遍历用户仓库: Mozideart

[2026-07-15 00:33:37]   👤 用户仓库: 30 个 → 队列
[2026-07-15 00:33:37]   用户 ysm827 共查 30 个仓库
[2026-07-15 00:33:37] 仓库 https://github.com/huiyijian/clash-for-linux-install (分支: master, size: 79073KB, pushed: 2026-07-14T03:03:46Z)
[2026-07-15 00:33:39]   父仓库: nelvko/clash-for-linux-install[2026-07-15 00:33:39] 仓库 https://github.com/Leslie-Tsui/clash-for-linux-install 无候选文件 (总计 46 blob, 扩展名过滤 30, processed_shas 跳过 0, SHA 缓存跳过 16)

[2026-07-15 00:33:39] 仓库在黑名单中: https://github.com/nelvko/clash-for-linux-install[2026-07-15 00:33:39] 🔗 查子仓库: Leslie-Tsui/clash-for-linux-install

[2026-07-15 00:33:39]   父仓库 +0 个节点
[2026-07-15 00:33:39] 🔗 开始 Fork 链追踪 (Leslie-Tsui/clash-for-linux-install)
[2026-07-15 00:33:41]   👤 用户仓库: 3 个 → 队列[2026-07-15 00:33:41] 仓库 https://github.com/huiyijian/clash-for-linux-install 无候选文件 (总计 46 blob, 扩展名过滤 30, processed_shas 跳过 0, SHA 缓存跳过 16)

[2026-07-15 00:33:41]   用户 Mozideart 共查 3 个仓库[2026-07-15 00:33:41] 🔗 查子仓库: huiyijian/clash-for-linux-install

[2026-07-15 00:33:41] 仓库 https://github.com/lifewxy/mihomo-party (分支: master, size: 18060KB, pushed: 2026-07-14T02:53:18Z)
[2026-07-15 00:33:43]   父仓库: nelvko/clash-for-linux-install
[2026-07-15 00:33:43] 仓库在黑名单中: https://github.com/nelvko/clash-for-linux-install
[2026-07-15 00:33:43]   父仓库 +0 个节点
[2026-07-15 00:33:43] 🔗 开始 Fork 链追踪 (huiyijian/clash-for-linux-install)
[2026-07-15 00:33:43]   父仓库: nelvko/clash-for-linux-install
[2026-07-15 00:33:43] 仓库在黑名单中: https://github.com/nelvko/clash-for-linux-install
[2026-07-15 00:33:43]   父仓库 +0 个节点
[2026-07-15 00:33:43] 仓库 https://github.com/lifewxy/mihomo-party 无候选文件 (总计 336 blob, 扩展名过滤 289, processed_shas 跳过 0, SHA 缓存跳过 47)
[2026-07-15 00:33:43] 🔗 查子仓库: lifewxy/mihomo-party
[2026-07-15 00:33:45]   🍴 兄弟仓库: 30 个 → 队列
[2026-07-15 00:33:45] 👤 遍历用户仓库: alps-sun
[2026-07-15 00:33:47] 🔗 开始 Fork 链追踪 (lifewxy/mihomo-party)
[2026-07-15 00:33:47]   父仓库: mihomo-party-org/clash-party
[2026-07-15 00:33:48]   🍴 兄弟仓库: 21 个 → 队列
[2026-07-15 00:33:48] 👤 遍历用户仓库: huiyijian
[2026-07-15 00:33:48] 👤 遍历用户仓库: Leslie-Tsui
[2026-07-15 00:33:52]   👤 用户仓库: 30 个 → 队列
[2026-07-15 00:33:52]   用户 huiyijian 共查 30 个仓库
[2026-07-15 00:33:52] 仓库 https://github.com/NotNoneX/OverRide-HUB (分支: main, size: 536KB, pushed: 2026-07-14T01:39:10Z)
[2026-07-15 00:33:52]   👤 用户仓库: 30 个 → 队列
[2026-07-15 00:33:52]   用户 alps-sun 共查 30 个仓库
[2026-07-15 00:33:52] 仓库 https://github.com/vernesong/mihomo-oix (分支: Alpha, size: 13294KB, pushed: 2026-07-14T01:36:21Z)
[2026-07-15 00:33:52]   👤 用户仓库: 6 个 → 队列
[2026-07-15 00:33:52]   用户 Leslie-Tsui 共查 6 个仓库
[2026-07-15 00:33:52] 仓库 https://github.com/ShIlVy/hassio-mihomo (分支: main, size: 1197225KB, pushed: 2026-07-14T01:17:24Z)
[2026-07-15 00:33:54] 仓库 https://github.com/NotNoneX/OverRide-HUB 无候选文件 (总计 14 blob, 扩展名过滤 1, processed_shas 跳过 0, SHA 缓存跳过 13)
[2026-07-15 00:33:54] 🔗 查子仓库: NotNoneX/OverRide-HUB
[2026-07-15 00:33:54] 👤 遍历用户仓库: lifewxy[2026-07-15 00:33:54] 仓库 https://github.com/vernesong/mihomo-oix 无候选文件 (总计 994 blob, 扩展名过滤 953, processed_shas 跳过 0, SHA 缓存跳过 41)

[2026-07-15 00:33:54] 🔗 查子仓库: vernesong/mihomo-oix
[2026-07-15 00:33:56] 仓库 https://github.com/ShIlVy/hassio-mihomo 无候选文件 (总计 16 blob, 扩展名过滤 1, processed_shas 跳过 0, SHA 缓存跳过 15)
[2026-07-15 00:33:56] 🔗 查子仓库: ShIlVy/hassio-mihomo
[2026-07-15 00:33:56] 🔗 开始 Fork 链追踪 (ShIlVy/hassio-mihomo)
[2026-07-15 00:33:56] 🔗 开始 Fork 链追踪 (NotNoneX/OverRide-HUB)
[2026-07-15 00:33:58]   父仓库: kapuic/hassio-mihomo
[2026-07-15 00:33:58] 仓库在黑名单中: https://github.com/kapuic/hassio-mihomo
[2026-07-15 00:33:58]   父仓库 +0 个节点
[2026-07-15 00:33:58]   👤 用户仓库: 30 个 → 队列
[2026-07-15 00:33:58]   用户 lifewxy 共查 30 个仓库
[2026-07-15 00:33:58] 仓库 https://github.com/Rainbowend/clash-party (分支: smart_core, size: 18103KB, pushed: 2026-07-14T01:07:30Z)
[2026-07-15 00:34:00]   🍴 子仓库: 3 个 → 队列
[2026-07-15 00:34:00] 🔗 开始 Fork 链追踪 (vernesong/mihomo-oix)
[2026-07-15 00:34:00]   父仓库: Seameee/override-hub
[2026-07-15 00:34:02] 仓库 https://github.com/Rainbowend/clash-party 无候选文件 (总计 336 blob, 扩展名过滤 289, processed_shas 跳过 0, SHA 缓存跳过 47)
[2026-07-15 00:34:02] 🔗 查子仓库: Rainbowend/clash-party
[2026-07-15 00:34:02]   🍴 兄弟仓库: 4 个 → 队列
[2026-07-15 00:34:02] 👤 遍历用户仓库: ShIlVy
[2026-07-15 00:34:02] 🔗 开始 Fork 链追踪 (Rainbowend/clash-party)
[2026-07-15 00:34:02] 👤 遍历用户仓库: vernesong
[2026-07-15 00:34:04]   父仓库: mihomo-party-org/clash-party
[2026-07-15 00:34:06]   用户 ShIlVy 共查 0 个仓库
[2026-07-15 00:34:06] 仓库 https://github.com/Seameee/override-hub (分支: main, size: 541KB, pushed: 2026-07-14T01:06:42Z)
[2026-07-15 00:34:06]   👤 用户仓库: 23 个 → 队列
[2026-07-15 00:34:06]   用户 vernesong 共查 23 个仓库
[2026-07-15 00:34:06] 仓库 https://github.com/d2184/mihomo (分支: main, size: 11980KB, pushed: 2026-07-14T05:27:10Z)
[2026-07-15 00:34:08]   🍴 兄弟仓库: 23 个 → 队列[2026-07-15 00:34:08] 仓库 https://github.com/Seameee/override-hub 无候选文件 (总计 14 blob, 扩展名过滤 1, processed_shas 跳过 0, SHA 缓存跳过 13)

[2026-07-15 00:34:08] 👤 遍历用户仓库: NotNoneX
[2026-07-15 00:34:08] 🔗 查子仓库: Seameee/override-hub
[2026-07-15 00:34:11] 仓库 https://github.com/d2184/mihomo 无候选文件 (总计 30 blob, 扩展名过滤 20, processed_shas 跳过 0, SHA 缓存跳过 10)[2026-07-15 00:34:11] 👤 遍历用户仓库: Rainbowend

[2026-07-15 00:34:11] 🔗 查子仓库: d2184/mihomo
[2026-07-15 00:34:13] 🔗 开始 Fork 链追踪 (Seameee/override-hub)
[2026-07-15 00:34:13] 🔗 开始 Fork 链追踪 (d2184/mihomo)
[2026-07-15 00:34:13]   父仓库: mihomo-party-org/override-hub
[2026-07-15 00:34:13] 仓库在黑名单中: https://github.com/mihomo-party-org/override-hub
[2026-07-15 00:34:13]   父仓库 +0 个节点
[2026-07-15 00:34:15]   父仓库: MetaCubeX/mihomo
[2026-07-15 00:34:17]   👤 用户仓库: 8 个 → 队列
[2026-07-15 00:34:17]   用户 Rainbowend 共查 8 个仓库
[2026-07-15 00:34:17] 仓库 https://github.com/nikkinikki-org/OpenWrt-nikki (分支: main, size: 1596KB, pushed: 2026-07-14T00:35:54Z)
[2026-07-15 00:34:17]   👤 用户仓库: 30 个 → 队列
[2026-07-15 00:34:17]   用户 NotNoneX 共查 30 个仓库
[2026-07-15 00:34:17] 仓库 https://github.com/Amirchelios/Bettbox (分支: main, size: 53412KB, pushed: 2026-07-14T01:54:43Z)
[2026-07-15 00:34:17] 仓库 https://github.com/nikkinikki-org/OpenWrt-nikki 无候选文件 (总计 48 blob, 扩展名过滤 28, processed_shas 跳过 0, SHA 缓存跳过 20)
[2026-07-15 00:34:17] 🔗 查子仓库: nikkinikki-org/OpenWrt-nikki
[2026-07-15 00:34:18] 仓库 https://github.com/Amirchelios/Bettbox 候选文件较多 (192 个)，先通过 commits API 过滤
[2026-07-15 00:34:20]   🍴 兄弟仓库: 30 个 → 队列
[2026-07-15 00:34:20] 👤 遍历用户仓库: Seameee
[2026-07-15 00:34:22] 👤 遍历用户仓库: d2184[2026-07-15 00:34:22]   🍴 子仓库: 26 个 → 队列

[2026-07-15 00:34:22] 🔗 开始 Fork 链追踪 (nikkinikki-org/OpenWrt-nikki)
[2026-07-15 00:34:24]   👤 用户仓库: 30 个 → 队列
[2026-07-15 00:34:24]   用户 Seameee 共查 30 个仓库
[2026-07-15 00:34:24] 仓库 https://github.com/yimmy23/clash-party (分支: smart_core, size: 18104KB, pushed: 2026-07-14T00:08:12Z)
[2026-07-15 00:34:24] 👤 遍历用户仓库: nikkinikki-org
[2026-07-15 00:34:24]   Compare API 返回 8 个变更文件 (3 次 API 调用)
[2026-07-15 00:34:24]   commits 过滤: 192 → 0 (变更文件 8 个)
[2026-07-15 00:34:24] 仓库 https://github.com/Amirchelios/Bettbox 候选文件经时间过滤后为空
[2026-07-15 00:34:24] 🔗 查子仓库: Amirchelios/Bettbox
[2026-07-15 00:34:26] 仓库 https://github.com/yimmy23/clash-party 无候选文件 (总计 336 blob, 扩展名过滤 289, processed_shas 跳过 0, SHA 缓存跳过 47)
[2026-07-15 00:34:26] 🔗 查子仓库: yimmy23/clash-party
[2026-07-15 00:34:28] 🔗 开始 Fork 链追踪 (Amirchelios/Bettbox)
[2026-07-15 00:34:28]   👤 用户仓库: 1 个 → 队列
[2026-07-15 00:34:28]   用户 nikkinikki-org 共查 1 个仓库
[2026-07-15 00:34:28] 仓库 https://github.com/pharmcube/ai-proxy-rules (分支: main, size: 398KB, pushed: 2026-07-13T23:44:06Z)
[2026-07-15 00:34:28]   👤 用户仓库: 30 个 → 队列
[2026-07-15 00:34:28]   用户 d2184 共查 30 个仓库
[2026-07-15 00:34:28] 仓库 https://github.com/FairyWorld/fq_clash-party (分支: smart_core, size: 18050KB, pushed: 2026-07-13T23:35:44Z)
[2026-07-15 00:34:29] 🔗 开始 Fork 链追踪 (yimmy23/clash-party)
[2026-07-15 00:34:31]   父仓库: appshubcc/Bettbox[2026-07-15 00:34:31] 仓库 https://github.com/pharmcube/ai-proxy-rules 候选文件较多 (845 个)，先通过 commits API 过滤[2026-07-15 00:34:31] 仓库 https://github.com/FairyWorld/fq_clash-party 无候选文件 (总计 336 blob, 扩展名过滤 289, processed_shas 跳过 0, SHA 缓存跳过 47)


[2026-07-15 00:34:31] 🔗 查子仓库: FairyWorld/fq_clash-party
[2026-07-15 00:34:33]   父仓库: mihomo-party-org/clash-party
[2026-07-15 00:34:33] 🔗 开始 Fork 链追踪 (FairyWorld/fq_clash-party)
[2026-07-15 00:34:35]   父仓库: mihomo-party-org/clash-party
[2026-07-15 00:34:37] 👤 遍历用户仓库: yimmy23
[2026-07-15 00:34:37]   🍴 兄弟仓库: 23 个 → 队列
[2026-07-15 00:34:37] 👤 遍历用户仓库: Amirchelios
[2026-07-15 00:34:39]   Compare API 返回 35 个变更文件 (3 次 API 调用)
[2026-07-15 00:34:39]   commits 过滤: 845 → 0 (变更文件 35 个)
[2026-07-15 00:34:39] 仓库 https://github.com/pharmcube/ai-proxy-rules 候选文件经时间过滤后为空
[2026-07-15 00:34:39] 🔗 查子仓库: pharmcube/ai-proxy-rules
[2026-07-15 00:34:39] 🔗 开始 Fork 链追踪 (pharmcube/ai-proxy-rules)
[2026-07-15 00:34:39] 👤 遍历用户仓库: FairyWorld
[2026-07-15 00:34:39]   父仓库: VPSDance/ai-proxy-rules
[2026-07-15 00:34:39] 仓库在黑名单中: https://github.com/VPSDance/ai-proxy-rules
[2026-07-15 00:34:39]   父仓库 +0 个节点
[2026-07-15 00:34:44]   👤 用户仓库: 30 个 → 队列
[2026-07-15 00:34:44]   用户 Amirchelios 共查 30 个仓库
[2026-07-15 00:34:44] 仓库 https://github.com/gushengrui0906/meta-rules-dat (分支: master, size: 63643KB, pushed: 2026-07-13T23:28:07Z)
[2026-07-15 00:34:44]   🍴 兄弟仓库: 7 个 → 队列
[2026-07-15 00:34:44] 👤 遍历用户仓库: pharmcube
[2026-07-15 00:34:44] 仓库 https://github.com/gushengrui0906/meta-rules-dat 无候选文件 (总计 16 blob, 扩展名过滤 5, processed_shas 跳过 0, SHA 缓存跳过 11)
[2026-07-15 00:34:44] 🔗 查子仓库: gushengrui0906/meta-rules-dat
[2026-07-15 00:34:48] 🔗 开始 Fork 链追踪 (gushengrui0906/meta-rules-dat)
[2026-07-15 00:34:48]   👤 用户仓库: 29 个 → 队列
[2026-07-15 00:34:48]   用户 pharmcube 共查 29 个仓库
[2026-07-15 00:34:48] 仓库 https://github.com/zzm1908822163/clash-party (分支: smart_core, size: 18050KB, pushed: 2026-07-13T23:17:04Z)
[2026-07-15 00:34:48]   父仓库: MetaCubeX/meta-rules-dat
[2026-07-15 00:34:48] 仓库在黑名单中: https://github.com/MetaCubeX/meta-rules-dat
[2026-07-15 00:34:48]   父仓库 +0 个节点
[2026-07-15 00:34:50]   👤 用户仓库: 30 个 → 队列[2026-07-15 00:34:50] 仓库 https://github.com/zzm1908822163/clash-party 无候选文件 (总计 336 blob, 扩展名过滤 289, processed_shas 跳过 0, SHA 缓存跳过 47)

[2026-07-15 00:34:50]   用户 yimmy23 共查 30 个仓库[2026-07-15 00:34:50] 🔗 查子仓库: zzm1908822163/clash-party

[2026-07-15 00:34:50] 仓库 https://github.com/Fldicoahkiin/clash-party (分支: smart_core, size: 18050KB, pushed: 2026-07-13T23:14:16Z)
[2026-07-15 00:34:52] 🔗 开始 Fork 链追踪 (zzm1908822163/clash-party)
[2026-07-15 00:34:53] 仓库 https://github.com/Fldicoahkiin/clash-party 无候选文件 (总计 336 blob, 扩展名过滤 289, processed_shas 跳过 0, SHA 缓存跳过 47)
[2026-07-15 00:34:53] 🔗 查子仓库: Fldicoahkiin/clash-party
[2026-07-15 00:34:53]   父仓库: mihomo-party-org/clash-party
[2026-07-15 00:34:55] 🔗 开始 Fork 链追踪 (Fldicoahkiin/clash-party)[2026-07-15 00:34:55]   🍴 兄弟仓库: 30 个 → 队列[2026-07-15 00:34:55]   👤 用户仓库: 30 个 → 队列


[2026-07-15 00:34:55] 👤 遍历用户仓库: gushengrui0906[2026-07-15 00:34:55]   用户 FairyWorld 共查 30 个仓库

[2026-07-15 00:34:55] 仓库 https://github.com/mihomo-party-org/clash-party (分支: smart_core, size: 18105KB, pushed: 2026-07-13T22:28:57Z)
[2026-07-15 00:34:57]   父仓库: mihomo-party-org/clash-party
[2026-07-15 00:34:57] 👤 遍历用户仓库: zzm1908822163
[2026-07-15 00:34:57] 仓库 https://github.com/mihomo-party-org/clash-party 无候选文件 (总计 336 blob, 扩展名过滤 289, processed_shas 跳过 0, SHA 缓存跳过 47)
[2026-07-15 00:34:57] 🔗 查子仓库: mihomo-party-org/clash-party
[2026-07-15 00:34:59]   👤 用户仓库: 12 个 → 队列
[2026-07-15 00:34:59]   用户 zzm1908822163 共查 12 个仓库
[2026-07-15 00:34:59] 仓库 https://github.com/SaltyMonkey/justclash (分支: main, size: 3338KB, pushed: 2026-07-13T22:17:31Z)
[2026-07-15 00:35:01]   👤 用户仓库: 14 个 → 队列
[2026-07-15 00:35:01]   用户 gushengrui0906 共查 14 个仓库
[2026-07-15 00:35:01] 👤 遍历用户仓库: Fldicoahkiin
[2026-07-15 00:35:01] 仓库 https://github.com/wfover/metacubexd (分支: main, size: 252011KB, pushed: 2026-07-13T22:03:42Z)
[2026-07-15 00:35:03] 仓库 https://github.com/SaltyMonkey/justclash 候选文件 39 个
[2026-07-15 00:35:04] 🔗 开始 Fork 链追踪 (mihomo-party-org/clash-party)
[2026-07-15 00:35:04] 📄 https://raw.githubusercontent.com/SaltyMonkey/justclash/main/info/01_uci-structure.md ✅ 解析 1 候选 → 1 个有效节点 → 去重后新增 1 个
[2026-07-15 00:35:04] 仓库 https://github.com/wfover/metacubexd 无候选文件 (总计 433 blob, 扩展名过滤 376, processed_shas 跳过 0, SHA 缓存跳过 57)
[2026-07-15 00:35:04] 🔗 查子仓库: wfover/metacubexd
[2026-07-15 00:35:04] 👤 遍历用户仓库: mihomo-party-org
[2026-07-15 00:35:04] 🔗 查子仓库: SaltyMonkey/justclash
[2026-07-15 00:35:06] 🔗 开始 Fork 链追踪 (wfover/metacubexd)
[2026-07-15 00:35:06]   👤 用户仓库: 30 个 → 队列
[2026-07-15 00:35:06]   用户 Fldicoahkiin 共查 30 个仓库
[2026-07-15 00:35:06] 仓库 https://github.com/bia-pain-bache/BPB-Worker-Panel (分支: main, size: 65423KB, pushed: 2026-07-13T21:58:31Z)
[2026-07-15 00:35:08]   父仓库: MetaCubeX/metacubexd
[2026-07-15 00:35:08] 仓库 https://github.com/bia-pain-bache/BPB-Worker-Panel 无候选文件 (总计 134 blob, 扩展名过滤 78, processed_shas 跳过 0, SHA 缓存跳过 56)
[2026-07-15 00:35:08] 🔗 查子仓库: bia-pain-bache/BPB-Worker-Panel
[2026-07-15 00:35:10]   🍴 子仓库: 1 个 → 队列
[2026-07-15 00:35:10] 🔗 开始 Fork 链追踪 (SaltyMonkey/justclash)
[2026-07-15 00:35:10]   👤 用户仓库: 14 个 → 队列
[2026-07-15 00:35:10]   用户 mihomo-party-org 共查 14 个仓库
[2026-07-15 00:35:10] 仓库 https://github.com/opsing1/BPB-Worker-Panel (分支: main, size: 65423KB, pushed: 2026-07-13T21:58:31Z)
[2026-07-15 00:35:10] 👤 遍历用户仓库: SaltyMonkey
[2026-07-15 00:35:13] 仓库 https://github.com/opsing1/BPB-Worker-Panel 无候选文件 (总计 134 blob, 扩展名过滤 78, processed_shas 跳过 0, SHA 缓存跳过 56)
[2026-07-15 00:35:13] 🔗 查子仓库: opsing1/BPB-Worker-Panel
[2026-07-15 00:35:15] ⏱️ [32/122] v2rayA pushed:>2026-07-13T16:01:45Z fork:true -language:HTML | 112s | +1[2026-07-15 00:35:15] 👤 遍历用户仓库: wfover

[2026-07-15 00:35:15]   👤 用户仓库: 28 个 → 队列
[2026-07-15 00:35:15]   用户 SaltyMonkey 共查 28 个仓库
[2026-07-15 00:35:15] 仓库 https://github.com/wy357251/BPB-Worker-Panel (分支: main, size: 65423KB, pushed: 2026-07-13T21:58:31Z)
[2026-07-15 00:35:15] 🔗 开始 Fork 链追踪 (opsing1/BPB-Worker-Panel)
[2026-07-15 00:35:17] 仓库 https://github.com/wy357251/BPB-Worker-Panel 无候选文件 (总计 134 blob, 扩展名过滤 78, processed_shas 跳过 0, SHA 缓存跳过 56)
[2026-07-15 00:35:17] 🔗 查子仓库: wy357251/BPB-Worker-Panel
[2026-07-15 00:35:19] 🔗 开始 Fork 链追踪 (bia-pain-bache/BPB-Worker-Panel)[2026-07-15 00:35:19]   父仓库: bia-pain-bache/BPB-Worker-Panel

[2026-07-15 00:35:19]   👤 用户仓库: 30 个 → 队列
[2026-07-15 00:35:19]   用户 wfover 共查 30 个仓库
[2026-07-15 00:35:19] 仓库 https://github.com/inorawipu10-dev/BPB-Worker-Panel (分支: main, size: 65423KB, pushed: 2026-07-13T21:58:31Z)
[2026-07-15 00:35:21] 🔗 开始 Fork 链追踪 (wy357251/BPB-Worker-Panel)[2026-07-15 00:35:21] 👤 遍历用户仓库: bia-pain-bache

[2026-07-15 00:35:21]   父仓库: bia-pain-bache/BPB-Worker-Panel
[2026-07-15 00:35:23] ⏱️ [33/122] Nekoray pushed:>2026-07-13T16:01:45Z fork:true -language:HTM | 9s | +0[2026-07-15 00:35:23]   👤 用户仓库: 6 个 → 队列[2026-07-15 00:35:23] 仓库 https://github.com/inorawipu10-dev/BPB-Worker-Panel 无候选文件 (总计 134 blob, 扩展名过滤 78, processed_shas 跳过 0, SHA 缓存跳过 56)


[2026-07-15 00:35:23] 🔗 查子仓库: inorawipu10-dev/BPB-Worker-Panel
[2026-07-15 00:35:23]   用户 bia-pain-bache 共查 6 个仓库
[2026-07-15 00:35:23] 仓库 https://github.com/Samyar-Sharafi/BPB-Worker-Panel (分支: main, size: 65423KB, pushed: 2026-07-13T21:58:31Z)
[2026-07-15 00:35:25] 🔗 开始 Fork 链追踪 (inorawipu10-dev/BPB-Worker-Panel)
[2026-07-15 00:35:26] 仓库 https://github.com/Samyar-Sharafi/BPB-Worker-Panel 无候选文件 (总计 134 blob, 扩展名过滤 78, processed_shas 跳过 0, SHA 缓存跳过 56)
[2026-07-15 00:35:26] 🔗 查子仓库: Samyar-Sharafi/BPB-Worker-Panel
[2026-07-15 00:35:28]   父仓库: bia-pain-bache/BPB-Worker-Panel
[2026-07-15 00:35:28] 👤 遍历用户仓库: wy357251
[2026-07-15 00:35:30] 👤 遍历用户仓库: opsing1[2026-07-15 00:35:30] 🔗 开始 Fork 链追踪 (Samyar-Sharafi/BPB-Worker-Panel)

[2026-07-15 00:35:30]   父仓库: bia-pain-bache/BPB-Worker-Panel
[2026-07-15 00:35:32]   👤 用户仓库: 4 个 → 队列
[2026-07-15 00:35:32]   用户 opsing1 共查 4 个仓库
[2026-07-15 00:35:32] 仓库 https://github.com/brucewang260/BPB-Worker-Panel (分支: main, size: 64216KB, pushed: 2026-07-14T04:25:40Z)
[2026-07-15 00:35:34]   👤 用户仓库: 30 个 → 队列
[2026-07-15 00:35:34]   用户 wy357251 共查 30 个仓库
[2026-07-15 00:35:34] 仓库 https://github.com/czy1975/BPB-Worker-Panel (分支: main, size: 65423KB, pushed: 2026-07-13T21:58:31Z)
[2026-07-15 00:35:34] 仓库 https://github.com/brucewang260/BPB-Worker-Panel 无候选文件 (总计 134 blob, 扩展名过滤 78, processed_shas 跳过 0, SHA 缓存跳过 56)
[2026-07-15 00:35:34] 🔗 查子仓库: brucewang260/BPB-Worker-Panel
[2026-07-15 00:35:34] 仓库 https://github.com/czy1975/BPB-Worker-Panel 无候选文件 (总计 134 blob, 扩展名过滤 78, processed_shas 跳过 0, SHA 缓存跳过 56)
[2026-07-15 00:35:34] 🔗 查子仓库: czy1975/BPB-Worker-Panel
[2026-07-15 00:35:36] 🔗 开始 Fork 链追踪 (brucewang260/BPB-Worker-Panel)[2026-07-15 00:35:36] 👤 遍历用户仓库: Samyar-Sharafi[2026-07-15 00:35:36] 👤 遍历用户仓库: inorawipu10-dev


[2026-07-15 00:35:38] 🔗 开始 Fork 链追踪 (czy1975/BPB-Worker-Panel)
[2026-07-15 00:35:39]   父仓库: bia-pain-bache/BPB-Worker-Panel
[2026-07-15 00:35:39]   父仓库: bia-pain-bache/BPB-Worker-Panel
[2026-07-15 00:35:41]   👤 用户仓库: 1 个 → 队列
[2026-07-15 00:35:41]   用户 inorawipu10-dev 共查 1 个仓库
[2026-07-15 00:35:41] 仓库 https://github.com/ikk99/BPB-Worker-Panel (分支: main, size: 65423KB, pushed: 2026-07-13T21:58:31Z)
[2026-07-15 00:35:41]   👤 用户仓库: 14 个 → 队列
[2026-07-15 00:35:41]   用户 Samyar-Sharafi 共查 14 个仓库
[2026-07-15 00:35:41] 仓库 https://github.com/eyafonebafa014-boop/BPB-Worker-Panel (分支: main, size: 65423KB, pushed: 2026-07-13T21:58:31Z)
[2026-07-15 00:35:43] 仓库 https://github.com/ikk99/BPB-Worker-Panel 无候选文件 (总计 134 blob, 扩展名过滤 78, processed_shas 跳过 0, SHA 缓存跳过 56)
[2026-07-15 00:35:43] 🔗 查子仓库: ikk99/BPB-Worker-Panel
[2026-07-15 00:35:45] 🔗 开始 Fork 链追踪 (ikk99/BPB-Worker-Panel)[2026-07-15 00:35:45] ⏱️ [34/122] Nekobox pushed:>2026-07-13T16:01:45Z fork:true -language:HTM | 22s | +0

[2026-07-15 00:35:45] 仓库 https://github.com/eyafonebafa014-boop/BPB-Worker-Panel 无候选文件 (总计 134 blob, 扩展名过滤 78, processed_shas 跳过 0, SHA 缓存跳过 56)
[2026-07-15 00:35:45] 🔗 查子仓库: eyafonebafa014-boop/BPB-Worker-Panel
[2026-07-15 00:35:45] 👤 遍历用户仓库: brucewang260
[2026-07-15 00:35:47] 🔗 开始 Fork 链追踪 (eyafonebafa014-boop/BPB-Worker-Panel)[2026-07-15 00:35:47]   父仓库: bia-pain-bache/BPB-Worker-Panel

[2026-07-15 00:35:49] 👤 遍历用户仓库: czy1975
[2026-07-15 00:35:49]   👤 用户仓库: 4 个 → 队列
[2026-07-15 00:35:49]   用户 brucewang260 共查 4 个仓库
[2026-07-15 00:35:49] 仓库 https://github.com/NotNoneX/MetaCubeXD (分支: main, size: 252011KB, pushed: 2026-07-13T21:45:00Z)
[2026-07-15 00:35:51]   父仓库: bia-pain-bache/BPB-Worker-Panel
[2026-07-15 00:35:51]   👤 用户仓库: 10 个 → 队列
[2026-07-15 00:35:51]   用户 czy1975 共查 10 个仓库
[2026-07-15 00:35:51] 仓库 https://github.com/changle66/anti-AD (分支: master, size: 1702676KB, pushed: 2026-07-13T21:39:20Z)
[2026-07-15 00:35:53] 仓库 https://github.com/NotNoneX/MetaCubeXD 无候选文件 (总计 433 blob, 扩展名过滤 376, processed_shas 跳过 0, SHA 缓存跳过 57)
[2026-07-15 00:35:53] 🔗 查子仓库: NotNoneX/MetaCubeXD[2026-07-15 00:35:53] 👤 遍历用户仓库: ikk99

[2026-07-15 00:35:55] 仓库 https://github.com/changle66/anti-AD 无候选文件 (总计 26 blob, 扩展名过滤 3, processed_shas 跳过 0, SHA 缓存跳过 23)
[2026-07-15 00:35:55] 🔗 查子仓库: changle66/anti-AD
[2026-07-15 00:35:55] 🔗 开始 Fork 链追踪 (changle66/anti-AD)
[2026-07-15 00:35:55] 🔗 开始 Fork 链追踪 (NotNoneX/MetaCubeXD)
[2026-07-15 00:35:57]   父仓库: privacy-protection-tools/anti-AD[2026-07-15 00:35:57] 👤 遍历用户仓库: eyafonebafa014-boop

[2026-07-15 00:35:57]   👤 用户仓库: 5 个 → 队列
[2026-07-15 00:35:57]   用户 ikk99 共查 5 个仓库
[2026-07-15 00:35:57] 仓库 https://github.com/charys117/metacubexd (分支: main, size: 252011KB, pushed: 2026-07-13T21:08:00Z)
[2026-07-15 00:35:59]   父仓库: MetaCubeX/metacubexd
[2026-07-15 00:36:01] 仓库 https://github.com/charys117/metacubexd 无候选文件 (总计 433 blob, 扩展名过滤 376, processed_shas 跳过 0, SHA 缓存跳过 57)
[2026-07-15 00:36:01] 🔗 查子仓库: charys117/metacubexd
[2026-07-15 00:36:02]   用户 eyafonebafa014-boop 共查 0 个仓库
[2026-07-15 00:36:02] 仓库 https://github.com/laoxiao789/metacubexd (分支: main, size: 252013KB, pushed: 2026-07-13T21:06:57Z)
[2026-07-15 00:36:02] 🔗 开始 Fork 链追踪 (charys117/metacubexd)
[2026-07-15 00:36:04] 👤 遍历用户仓库: changle66
[2026-07-15 00:36:04] 仓库 https://github.com/laoxiao789/metacubexd 无候选文件 (总计 433 blob, 扩展名过滤 376, processed_shas 跳过 0, SHA 缓存跳过 57)
[2026-07-15 00:36:04] 🔗 查子仓库: laoxiao789/metacubexd
[2026-07-15 00:36:04] 🔗 开始 Fork 链追踪 (laoxiao789/metacubexd)
[2026-07-15 00:36:06]   父仓库: MetaCubeX/metacubexd[2026-07-15 00:36:06] 👤 遍历用户仓库: NotNoneX

[2026-07-15 00:36:08]   父仓库: MetaCubeX/metacubexd
[2026-07-15 00:36:08]   👤 用户仓库: 5 个 → 队列
[2026-07-15 00:36:08]   用户 changle66 共查 5 个仓库
[2026-07-15 00:36:08] 仓库 https://github.com/R3pl4c3r/domain-list-custom (分支: master, size: 60535KB, pushed: 2026-07-13T20:49:40Z)
[2026-07-15 00:36:10] 仓库 https://github.com/R3pl4c3r/domain-list-custom 无候选文件 (总计 53 blob, 扩展名过滤 4, processed_shas 跳过 0, SHA 缓存跳过 49)[2026-07-15 00:36:10] 👤 遍历用户仓库: laoxiao789

[2026-07-15 00:36:10] 🔗 查子仓库: R3pl4c3r/domain-list-custom
[2026-07-15 00:36:12] 👤 遍历用户仓库: charys117
[2026-07-15 00:36:12] ⏱️ [35/122] FlClash pushed:>2026-07-13T16:01:45Z fork:true -language:HTM | 28s | +0
[2026-07-15 00:36:13]   🍴 子仓库: 1 个 → 队列
[2026-07-15 00:36:13] 🔗 开始 Fork 链追踪 (R3pl4c3r/domain-list-custom)
[2026-07-15 00:36:17]   父仓库: v2fly/domain-list-community
[2026-07-15 00:36:17] 仓库在黑名单中: https://github.com/v2fly/domain-list-community
[2026-07-15 00:36:17]   父仓库 +0 个节点
[2026-07-15 00:36:17]   👤 用户仓库: 30 个 → 队列
[2026-07-15 00:36:17]   用户 charys117 共查 30 个仓库
[2026-07-15 00:36:17] 仓库 https://github.com/DustinWin/ruleset_geodata (分支: main, size: 11698KB, pushed: 2026-07-13T20:16:44Z)
[2026-07-15 00:36:17]   👤 用户仓库: 30 个 → 队列
[2026-07-15 00:36:17]   用户 NotNoneX 共查 30 个仓库
[2026-07-15 00:36:17]   👤 用户仓库: 30 个 → 队列[2026-07-15 00:36:17] 仓库 https://github.com/XiangZheng2283/ruleset_geodata (分支: main, size: 11698KB, pushed: 2026-07-13T20:16:44Z)

[2026-07-15 00:36:17]   用户 laoxiao789 共查 30 个仓库
[2026-07-15 00:36:17] 仓库 https://github.com/cendon-999/proxy (分支: main, size: 177453KB, pushed: 2026-07-13T20:03:32Z)
[2026-07-15 00:36:19] ⏱️ [36/122] free subscription github pushed:>2026-07-13T16:01:45Z fork:t | 6s | +0
[2026-07-15 00:36:19] 仓库 https://github.com/DustinWin/ruleset_geodata 无候选文件 (总计 15 blob, 扩展名过滤 10, processed_shas 跳过 0, SHA 缓存跳过 5)
[2026-07-15 00:36:19] 🔗 查子仓库: DustinWin/ruleset_geodata
[2026-07-15 00:36:21] 仓库 https://github.com/XiangZheng2283/ruleset_geodata 无候选文件 (总计 15 blob, 扩展名过滤 10, processed_shas 跳过 0, SHA 缓存跳过 5)[2026-07-15 00:36:21] 仓库 https://github.com/cendon-999/proxy 候选文件 2 个

[2026-07-15 00:36:21] 🔗 查子仓库: XiangZheng2283/ruleset_geodata
[2026-07-15 00:36:22] 仓库 https://github.com/cendon-999/proxy 未提取到节点，加入黑名单
[2026-07-15 00:36:22] 仓库 https://github.com/thatwolin/proxy (分支: main, size: 177412KB, pushed: 2026-07-13T20:02:35Z)
[2026-07-15 00:36:23]   🍴 兄弟仓库: 30 个 → 队列
[2026-07-15 00:36:23] 👤 遍历用户仓库: R3pl4c3r
[2026-07-15 00:36:25] 🔗 开始 Fork 链追踪 (XiangZheng2283/ruleset_geodata)
[2026-07-15 00:36:25]   父仓库: DustinWin/ruleset_geodata
[2026-07-15 00:36:25] ⏱️ [37/122] daily subscription pushed:>2026-07-13T16:01:45Z fork:true -l | 6s | +0
[2026-07-15 00:36:27] 仓库 https://github.com/thatwolin/proxy 无候选文件 (总计 2479 blob, 扩展名过滤 2380, processed_shas 跳过 2, SHA 缓存跳过 97)[2026-07-15 00:36:27]   🍴 子仓库: 30 个 → 队列

[2026-07-15 00:36:27] 🔗 开始 Fork 链追踪 (DustinWin/ruleset_geodata)[2026-07-15 00:36:27] 🔗 查子仓库: thatwolin/proxy

[2026-07-15 00:36:29]   👤 用户仓库: 18 个 → 队列
[2026-07-15 00:36:29]   用户 R3pl4c3r 共查 18 个仓库
[2026-07-15 00:36:29] 仓库 https://github.com/privacy-protection-tools/anti-AD (分支: master, size: 1757475KB, pushed: 2026-07-13T19:55:43Z)
[2026-07-15 00:36:29] 🔗 开始 Fork 链追踪 (thatwolin/proxy)
[2026-07-15 00:36:29]   父仓库: Loyalsoldier/v2ray-rules-dat
[2026-07-15 00:36:29] 仓库在黑名单中: https://github.com/Loyalsoldier/v2ray-rules-dat
[2026-07-15 00:36:29]   父仓库 +0 个节点
[2026-07-15 00:36:31] ⏱️ [38/122] base64 subscription pushed:>2026-07-13T16:01:45Z fork:true - | 7s | +0
[2026-07-15 00:36:31] 仓库 https://github.com/privacy-protection-tools/anti-AD 无候选文件 (总计 26 blob, 扩展名过滤 3, processed_shas 跳过 0, SHA 缓存跳过 23)
[2026-07-15 00:36:31] 🔗 查子仓库: privacy-protection-tools/anti-AD
[2026-07-15 00:36:31]   父仓库: echs-top/proxy
[2026-07-15 00:36:31]   🍴 兄弟仓库: 25 个 → 队列[2026-07-15 00:36:31] 仓库在黑名单中: https://github.com/echs-top/proxy
[2026-07-15 00:36:31] 👤 遍历用户仓库: XiangZheng2283
[2026-07-15 00:36:31]   父仓库 +0 个节点

[2026-07-15 00:36:36]   🍴 兄弟仓库: 10 个 → 队列
[2026-07-15 00:36:36] 👤 遍历用户仓库: DustinWin[2026-07-15 00:36:36] 👤 遍历用户仓库: thatwolin

[2026-07-15 00:36:38]   👤 用户仓库: 7 个 → 队列
[2026-07-15 00:36:38]   用户 XiangZheng2283 共查 7 个仓库
[2026-07-15 00:36:38] 仓库 https://github.com/ztyawc/mihomo (分支: main, size: 12549KB, pushed: 2026-07-13T19:58:26Z)
[2026-07-15 00:36:38]   👤 用户仓库: 11 个 → 队列
[2026-07-15 00:36:38]   用户 DustinWin 共查 11 个仓库
[2026-07-15 00:36:38] 仓库 https://github.com/icepark2020/Rules (分支: main, size: 479256KB, pushed: 2026-07-13T19:39:03Z)
[2026-07-15 00:36:40] 仓库 https://github.com/ztyawc/mihomo 无候选文件 (总计 1008 blob, 扩展名过滤 964, processed_shas 跳过 0, SHA 缓存跳过 44)
[2026-07-15 00:36:40] 🔗 查子仓库: ztyawc/mihomo
[2026-07-15 00:36:40] 🔗 开始 Fork 链追踪 (privacy-protection-tools/anti-AD)
[2026-07-15 00:36:42] 仓库 https://github.com/icepark2020/Rules 候选文件较多 (685 个)，先通过 commits API 过滤
[2026-07-15 00:36:42]   用户 thatwolin 共查 0 个仓库
[2026-07-15 00:36:42] 仓库 https://github.com/cendon-999/Rules (分支: main, size: 479377KB, pushed: 2026-07-13T19:38:34Z)
[2026-07-15 00:36:42] 🔗 开始 Fork 链追踪 (ztyawc/mihomo)
[2026-07-15 00:36:45] 👤 遍历用户仓库: privacy-protection-tools
[2026-07-15 00:36:45]   父仓库: MetaCubeX/mihomo[2026-07-15 00:36:45] 仓库 https://github.com/cendon-999/Rules 候选文件较多 (687 个)，先通过 commits API 过滤

[2026-07-15 00:36:47]   👤 用户仓库: 3 个 → 队列
[2026-07-15 00:36:47]   用户 privacy-protection-tools 共查 3 个仓库
[2026-07-15 00:36:47] 仓库 https://github.com/liyan1972/Rules (分支: main, size: 477348KB, pushed: 2026-07-13T19:36:41Z)
[2026-07-15 00:36:49]   Compare API 返回 3 个变更文件 (3 次 API 调用)
[2026-07-15 00:36:49]   commits 过滤: 685 → 0 (变更文件 3 个)
[2026-07-15 00:36:49] 仓库 https://github.com/icepark2020/Rules 候选文件经时间过滤后为空
[2026-07-15 00:36:49] 🔗 查子仓库: icepark2020/Rules
[2026-07-15 00:36:51] 仓库 https://github.com/liyan1972/Rules 候选文件较多 (685 个)，先通过 commits API 过滤
[2026-07-15 00:36:51] 🔗 开始 Fork 链追踪 (icepark2020/Rules)
[2026-07-15 00:36:51]   父仓库: Lanlan13-14/Rules
[2026-07-15 00:36:51] 仓库在黑名单中: https://github.com/Lanlan13-14/Rules
[2026-07-15 00:36:51]   父仓库 +0 个节点
[2026-07-15 00:36:53] 👤 遍历用户仓库: ztyawc[2026-07-15 00:36:53]   Compare API 返回 3 个变更文件 (3 次 API 调用)

[2026-07-15 00:36:53]   commits 过滤: 687 → 0 (变更文件 3 个)
[2026-07-15 00:36:53] 仓库 https://github.com/cendon-999/Rules 候选文件经时间过滤后为空
[2026-07-15 00:36:53] 🔗 查子仓库: cendon-999/Rules
[2026-07-15 00:36:55] 🔗 开始 Fork 链追踪 (cendon-999/Rules)
[2026-07-15 00:36:56]   Compare API 返回 3 个变更文件 (3 次 API 调用)
[2026-07-15 00:36:56]   commits 过滤: 685 → 0 (变更文件 3 个)
[2026-07-15 00:36:56] 仓库 https://github.com/liyan1972/Rules 候选文件经时间过滤后为空
[2026-07-15 00:36:56] 🔗 查子仓库: liyan1972/Rules
[2026-07-15 00:36:56]   🍴 兄弟仓库: 23 个 → 队列
[2026-07-15 00:36:56] 👤 遍历用户仓库: icepark2020
[2026-07-15 00:36:58]   父仓库: Lanlan13-14/Rules[2026-07-15 00:36:58] 🔗 开始 Fork 链追踪 (liyan1972/Rules)

[2026-07-15 00:36:58] 仓库在黑名单中: https://github.com/Lanlan13-14/Rules
[2026-07-15 00:36:58]   父仓库 +0 个节点
[2026-07-15 00:37:00]   👤 用户仓库: 30 个 → 队列
[2026-07-15 00:37:00]   用户 ztyawc 共查 30 个仓库
[2026-07-15 00:37:00] 仓库 https://github.com/aspieteer/Prox_Rules (分支: main, size: 476349KB, pushed: 2026-07-13T19:28:27Z)
[2026-07-15 00:37:00]   👤 用户仓库: 12 个 → 队列
[2026-07-15 00:37:00]   用户 icepark2020 共查 12 个仓库
[2026-07-15 00:37:00] 仓库 https://github.com/7ac9d42/Rules (分支: main, size: 477744KB, pushed: 2026-07-13T19:24:57Z)
[2026-07-15 00:37:00]   父仓库: Lanlan13-14/Rules
[2026-07-15 00:37:00] 仓库在黑名单中: https://github.com/Lanlan13-14/Rules
[2026-07-15 00:37:00]   父仓库 +0 个节点
[2026-07-15 00:37:02] 仓库 https://github.com/aspieteer/Prox_Rules 候选文件较多 (686 个)，先通过 commits API 过滤[2026-07-15 00:37:02] 仓库 https://github.com/7ac9d42/Rules 候选文件较多 (692 个)，先通过 commits API 过滤

[2026-07-15 00:37:04] 👤 遍历用户仓库: liyan1972
[2026-07-15 00:37:06] 👤 遍历用户仓库: cendon-999
[2026-07-15 00:37:08]   👤 用户仓库: 17 个 → 队列
[2026-07-15 00:37:08]   用户 liyan1972 共查 17 个仓库
[2026-07-15 00:37:08] 仓库 https://github.com/SunsetMkt/metacubexd (分支: main, size: 257190KB, pushed: 2026-07-13T19:21:10Z)
[2026-07-15 00:37:09]   Compare API 返回 3 个变更文件 (3 次 API 调用)
[2026-07-15 00:37:09]   commits 过滤: 692 → 0 (变更文件 3 个)
[2026-07-15 00:37:09] 仓库 https://github.com/7ac9d42/Rules 候选文件经时间过滤后为空
[2026-07-15 00:37:09] 🔗 查子仓库: 7ac9d42/Rules
[2026-07-15 00:37:09]   Compare API 返回 3 个变更文件 (3 次 API 调用)
[2026-07-15 00:37:09]   commits 过滤: 686 → 0 (变更文件 3 个)
[2026-07-15 00:37:09] 仓库 https://github.com/aspieteer/Prox_Rules 候选文件经时间过滤后为空
[2026-07-15 00:37:09] 🔗 查子仓库: aspieteer/Prox_Rules
[2026-07-15 00:37:11] 仓库 https://github.com/SunsetMkt/metacubexd 无候选文件 (总计 433 blob, 扩展名过滤 376, processed_shas 跳过 0, SHA 缓存跳过 57)
[2026-07-15 00:37:11] 🔗 查子仓库: SunsetMkt/metacubexd[2026-07-15 00:37:11] 🔗 开始 Fork 链追踪 (7ac9d42/Rules)

[2026-07-15 00:37:13] 🔗 开始 Fork 链追踪 (aspieteer/Prox_Rules)
[2026-07-15 00:37:13]   用户 cendon-999 共查 0 个仓库
[2026-07-15 00:37:13] 仓库 https://github.com/qweasz66/Rules (分支: main, size: 476295KB, pushed: 2026-07-13T19:19:25Z)
[2026-07-15 00:37:13] 🔗 开始 Fork 链追踪 (SunsetMkt/metacubexd)
[2026-07-15 00:37:13]   父仓库: Lanlan13-14/Rules
[2026-07-15 00:37:13] 仓库在黑名单中: https://github.com/Lanlan13-14/Rules
[2026-07-15 00:37:13]   父仓库 +0 个节点
[2026-07-15 00:37:15]   父仓库: Lanlan13-14/Rules[2026-07-15 00:37:15]   父仓库: MetaCubeX/metacubexd[2026-07-15 00:37:15] 仓库 https://github.com/qweasz66/Rules 候选文件较多 (686 个)，先通过 commits API 过滤


[2026-07-15 00:37:15] 仓库在黑名单中: https://github.com/Lanlan13-14/Rules
[2026-07-15 00:37:15]   父仓库 +0 个节点
[2026-07-15 00:37:17] 👤 遍历用户仓库: 7ac9d42
[2026-07-15 00:37:21] 👤 遍历用户仓库: aspieteer
[2026-07-15 00:37:22]   👤 用户仓库: 9 个 → 队列
[2026-07-15 00:37:22]   用户 7ac9d42 共查 9 个仓库
[2026-07-15 00:37:22] 仓库 https://github.com/istoliving/Rules (分支: main, size: 478258KB, pushed: 2026-07-13T19:16:40Z)
[2026-07-15 00:37:22] 👤 遍历用户仓库: SunsetMkt
[2026-07-15 00:37:24]   Compare API 返回 3 个变更文件 (3 次 API 调用)[2026-07-15 00:37:24] 仓库 https://github.com/istoliving/Rules 候选文件较多 (694 个)，先通过 commits API 过滤

[2026-07-15 00:37:24]   commits 过滤: 686 → 0 (变更文件 3 个)
[2026-07-15 00:37:24] 仓库 https://github.com/qweasz66/Rules 候选文件经时间过滤后为空
[2026-07-15 00:37:24] 🔗 查子仓库: qweasz66/Rules
[2026-07-15 00:37:26]   👤 用户仓库: 10 个 → 队列
[2026-07-15 00:37:26]   用户 aspieteer 共查 10 个仓库
[2026-07-15 00:37:26] 仓库 https://github.com/huyanluanyuqaq/Rules (分支: main, size: 478298KB, pushed: 2026-07-13T19:14:53Z)
[2026-07-15 00:37:26] 🔗 开始 Fork 链追踪 (qweasz66/Rules)
[2026-07-15 00:37:26]   父仓库: Lanlan13-14/Rules
[2026-07-15 00:37:26] 仓库在黑名单中: https://github.com/Lanlan13-14/Rules
[2026-07-15 00:37:26]   父仓库 +0 个节点
[2026-07-15 00:37:28] 仓库 https://github.com/huyanluanyuqaq/Rules 候选文件较多 (688 个)，先通过 commits API 过滤
[2026-07-15 00:37:30]   Compare API 返回 3 个变更文件 (3 次 API 调用)
[2026-07-15 00:37:30]   commits 过滤: 694 → 0 (变更文件 3 个)
[2026-07-15 00:37:30] 仓库 https://github.com/istoliving/Rules 候选文件经时间过滤后为空
[2026-07-15 00:37:30] 🔗 查子仓库: istoliving/Rules
[2026-07-15 00:37:32] 🔗 开始 Fork 链追踪 (istoliving/Rules)
[2026-07-15 00:37:33]   👤 用户仓库: 30 个 → 队列
[2026-07-15 00:37:33]   用户 SunsetMkt 共查 30 个仓库
[2026-07-15 00:37:33] 仓库 https://github.com/mp176135255/Rules (分支: main, size: 478317KB, pushed: 2026-07-13T19:13:09Z)
[2026-07-15 00:37:35]   父仓库: Lanlan13-14/Rules[2026-07-15 00:37:35] 👤 遍历用户仓库: qweasz66[2026-07-15 00:37:35]   Compare API 返回 3 个变更文件 (3 次 API 调用)


[2026-07-15 00:37:35] 仓库在黑名单中: https://github.com/Lanlan13-14/Rules[2026-07-15 00:37:35]   commits 过滤: 688 → 0 (变更文件 3 个)

[2026-07-15 00:37:35] 仓库 https://github.com/huyanluanyuqaq/Rules 候选文件经时间过滤后为空[2026-07-15 00:37:35]   父仓库 +0 个节点

[2026-07-15 00:37:35] 🔗 查子仓库: huyanluanyuqaq/Rules
[2026-07-15 00:37:37] 仓库 https://github.com/mp176135255/Rules 候选文件较多 (685 个)，先通过 commits API 过滤
[2026-07-15 00:37:37] 🔗 开始 Fork 链追踪 (huyanluanyuqaq/Rules)
[2026-07-15 00:37:39]   父仓库: Lanlan13-14/Rules
[2026-07-15 00:37:39] 仓库在黑名单中: https://github.com/Lanlan13-14/Rules
[2026-07-15 00:37:39]   父仓库 +0 个节点
[2026-07-15 00:37:41] 👤 遍历用户仓库: istoliving
[2026-07-15 00:37:41]   👤 用户仓库: 27 个 → 队列
[2026-07-15 00:37:41]   用户 qweasz66 共查 27 个仓库
[2026-07-15 00:37:41] 仓库 https://github.com/mirufa1121/metacubexd (分支: main, size: 254328KB, pushed: 2026-07-13T18:53:33Z)
[2026-07-15 00:37:41]   Compare API 返回 3 个变更文件 (3 次 API 调用)
[2026-07-15 00:37:41]   commits 过滤: 685 → 0 (变更文件 3 个)
[2026-07-15 00:37:41] 仓库 https://github.com/mp176135255/Rules 候选文件经时间过滤后为空
[2026-07-15 00:37:41] 🔗 查子仓库: mp176135255/Rules
[2026-07-15 00:37:43] 仓库 https://github.com/mirufa1121/metacubexd 无候选文件 (总计 433 blob, 扩展名过滤 376, processed_shas 跳过 0, SHA 缓存跳过 57)[2026-07-15 00:37:43] 👤 遍历用户仓库: huyanluanyuqaq

[2026-07-15 00:37:43] 🔗 查子仓库: mirufa1121/metacubexd
[2026-07-15 00:37:44] 🔗 开始 Fork 链追踪 (mp176135255/Rules)
[2026-07-15 00:37:46] 🔗 开始 Fork 链追踪 (mirufa1121/metacubexd)
[2026-07-15 00:37:46] ⏱️ [39/122] free sub pushed:>2026-07-13T16:01:45Z fork:true -language:HT | 74s | +0
[2026-07-15 00:37:48]   父仓库: Lanlan13-14/Rules
[2026-07-15 00:37:48] 仓库在黑名单中: https://github.com/Lanlan13-14/Rules
[2026-07-15 00:37:48]   父仓库 +0 个节点
[2026-07-15 00:37:48]   👤 用户仓库: 16 个 → 队列
[2026-07-15 00:37:48]   用户 huyanluanyuqaq 共查 16 个仓库
[2026-07-15 00:37:48] 仓库 https://github.com/411A/V2RayDAR (分支: main, size: 5551KB, pushed: 2026-07-13T18:40:59Z)
[2026-07-15 00:37:50]   父仓库: MetaCubeX/metacubexd
[2026-07-15 00:37:50] 👤 遍历用户仓库: mp176135255
[2026-07-15 00:37:52] 仓库 https://github.com/411A/V2RayDAR 无候选文件 (总计 60 blob, 扩展名过滤 48, processed_shas 跳过 0, SHA 缓存跳过 12)
[2026-07-15 00:37:52] 🔗 查子仓库: 411A/V2RayDAR
[2026-07-15 00:37:54]   👤 用户仓库: 30 个 → 队列
[2026-07-15 00:37:54]   用户 mp176135255 共查 30 个仓库
[2026-07-15 00:37:54] 仓库 https://github.com/Volundio/override-rules (分支: main, size: 3039KB, pushed: 2026-07-13T17:39:14Z)
[2026-07-15 00:37:54]   🍴 子仓库: 2 个 → 队列
[2026-07-15 00:37:54] 🔗 开始 Fork 链追踪 (411A/V2RayDAR)
[2026-07-15 00:37:56] 👤 遍历用户仓库: mirufa1121
[2026-07-15 00:37:56] 仓库 https://github.com/Volundio/override-rules 无候选文件 (总计 52 blob, 扩展名过滤 20, processed_shas 跳过 0, SHA 缓存跳过 32)
[2026-07-15 00:37:56] 🔗 查子仓库: Volundio/override-rules
[2026-07-15 00:37:57] 🔗 开始 Fork 链追踪 (Volundio/override-rules)
[2026-07-15 00:37:59] 👤 遍历用户仓库: 411A[2026-07-15 00:37:59]   👤 用户仓库: 30 个 → 队列

[2026-07-15 00:37:59]   用户 istoliving 共查 30 个仓库
[2026-07-15 00:37:59] 仓库 https://github.com/y1024/clashmi (分支: main, size: 101083KB, pushed: 2026-07-13T17:11:54Z)
[2026-07-15 00:37:59]   👤 用户仓库: 30 个 → 队列
[2026-07-15 00:37:59]   用户 mirufa1121 共查 30 个仓库
[2026-07-15 00:37:59] 仓库 https://github.com/ronigooja/mihomo (分支: main, size: 12526KB, pushed: 2026-07-13T17:08:12Z)
[2026-07-15 00:38:01]   父仓库: powerfullz/override-rules
[2026-07-15 00:38:01] 仓库在黑名单中: https://github.com/powerfullz/override-rules
[2026-07-15 00:38:01] 仓库 https://github.com/y1024/clashmi 无候选文件 (总计 393 blob, 扩展名过滤 338, processed_shas 跳过 0, SHA 缓存跳过 55)[2026-07-15 00:38:01]   父仓库 +0 个节点
[2026-07-15 00:38:01] 🔗 查子仓库: y1024/clashmi

[2026-07-15 00:38:03] 仓库 https://github.com/ronigooja/mihomo 无候选文件 (总计 30 blob, 扩展名过滤 20, processed_shas 跳过 0, SHA 缓存跳过 10)
[2026-07-15 00:38:03] 🔗 查子仓库: ronigooja/mihomo
[2026-07-15 00:38:03]   👤 用户仓库: 30 个 → 队列
[2026-07-15 00:38:03]   用户 411A 共查 30 个仓库
[2026-07-15 00:38:03] 仓库 https://github.com/lwt009595-boop/mihomo (分支: main, size: 12526KB, pushed: 2026-07-13T17:08:12Z)
[2026-07-15 00:38:03] 🔗 开始 Fork 链追踪 (y1024/clashmi)
[2026-07-15 00:38:05] 🔗 开始 Fork 链追踪 (ronigooja/mihomo)
[2026-07-15 00:38:05] 仓库 https://github.com/lwt009595-boop/mihomo 无候选文件 (总计 30 blob, 扩展名过滤 20, processed_shas 跳过 0, SHA 缓存跳过 10)
[2026-07-15 00:38:05] 🔗 查子仓库: lwt009595-boop/mihomo
[2026-07-15 00:38:05] 🔗 开始 Fork 链追踪 (lwt009595-boop/mihomo)
[2026-07-15 00:38:07]   父仓库: KaringX/clashmi[2026-07-15 00:38:07]   父仓库: MetaCubeX/mihomo

[2026-07-15 00:38:07]   🍴 兄弟仓库: 16 个 → 队列
[2026-07-15 00:38:07] ⏭️ 仓库 https://github.com/KaringX/clashmi 39h 未更新，跳过
[2026-07-15 00:38:07]   父仓库 +0 个节点[2026-07-15 00:38:07] 👤 遍历用户仓库: Volundio

[2026-07-15 00:38:09]   父仓库: MetaCubeX/mihomo
[2026-07-15 00:38:12]   🍴 兄弟仓库: 25 个 → 队列[2026-07-15 00:38:12] 👤 遍历用户仓库: ronigooja

[2026-07-15 00:38:12] 👤 遍历用户仓库: y1024
[2026-07-15 00:38:12]   👤 用户仓库: 25 个 → 队列
[2026-07-15 00:38:12]   用户 Volundio 共查 25 个仓库
[2026-07-15 00:38:12] 仓库 https://github.com/vernesong/mihomo (分支: Alpha, size: 14160KB, pushed: 2026-07-13T16:46:31Z)
[2026-07-15 00:38:14] 👤 遍历用户仓库: lwt009595-boop
[2026-07-15 00:38:16] 仓库 https://github.com/vernesong/mihomo 候选文件 2 个
[2026-07-15 00:38:16]   👤 用户仓库: 2 个 → 队列
[2026-07-15 00:38:16]   用户 ronigooja 共查 2 个仓库
[2026-07-15 00:38:16] ⏭️ 仓库 https://github.com/sakana164/clash-party 24h 未更新，跳过
[2026-07-15 00:38:16] ⏭️ 仓库 https://github.com/gentslava/submerge 25h 未更新，跳过
[2026-07-15 00:38:16] 仓库 https://github.com/tiagorrg/vless-checker (分支: main, size: 6323KB, pushed: 2026-07-14T16:22:46Z)
[2026-07-15 00:38:16]   👤 用户仓库: 18 个 → 队列
[2026-07-15 00:38:16]   用户 lwt009595-boop 共查 18 个仓库
[2026-07-15 00:38:16] 仓库 https://github.com/sinavm/SVM (分支: main, size: 200324KB, pushed: 2026-07-14T16:15:52Z)
[2026-07-15 00:38:17] 仓库 https://github.com/vernesong/mihomo 未提取到节点，加入黑名单
[2026-07-15 00:38:17] 仓库 https://github.com/hiddify/hiddify-sing-box (分支: extended, size: 20176KB, pushed: 2026-07-14T15:48:32Z)
[2026-07-15 00:38:18] 仓库 https://github.com/tiagorrg/vless-checker 候选文件 1 个
[2026-07-15 00:38:18] 📄 https://raw.githubusercontent.com/tiagorrg/vless-checker/main/docs/keys.json ✅ 解析 54 候选 → 54 个有效节点 → 去重后新增 6 个
[2026-07-15 00:38:18] 🔗 查子仓库: tiagorrg/vless-checker
[2026-07-15 00:38:19] 仓库 https://github.com/sinavm/SVM 候选文件较多 (168 个)，先通过 commits API 过滤
[2026-07-15 00:38:21] 仓库 https://github.com/hiddify/hiddify-sing-box 候选文件较多 (316 个)，先通过 commits API 过滤
[2026-07-15 00:38:23]   🍴 子仓库: 6 个 → 队列
[2026-07-15 00:38:23] 🔗 开始 Fork 链追踪 (tiagorrg/vless-checker)
[2026-07-15 00:38:25]   👤 用户仓库: 30 个 → 队列
[2026-07-15 00:38:25]   用户 y1024 共查 30 个仓库
[2026-07-15 00:38:25] 仓库 https://github.com/aviamastersgh/vpn-free-russia (分支: main, size: 4494KB, pushed: 2026-07-14T15:00:55Z)
[2026-07-15 00:38:25] 👤 遍历用户仓库: tiagorrg
[2026-07-15 00:38:25]   commits 过滤: 316 → 0 (变更文件 0 个)
[2026-07-15 00:38:25] 仓库 https://github.com/hiddify/hiddify-sing-box 候选文件经时间过滤后为空
[2026-07-15 00:38:25] 🔗 查子仓库: hiddify/hiddify-sing-box
[2026-07-15 00:38:25] 仓库 https://github.com/aviamastersgh/vpn-free-russia 候选文件 4 个
[2026-07-15 00:38:25]   Compare API 返回 23 个变更文件 (3 次 API 调用)
[2026-07-15 00:38:25]   commits 过滤: 168 → 22 (变更文件 23 个)
[2026-07-15 00:38:25] 仓库 https://github.com/sinavm/SVM 候选文件 22 个
[2026-07-15 00:38:26] 📄 https://raw.githubusercontent.com/sinavm/SVM/main/lite/subscriptions/xray/normal/reality ✅ 解析 16 候选 → 16 个有效节点 → 去重后新增 3 个
[2026-07-15 00:38:26] 📄 https://raw.githubusercontent.com/sinavm/SVM/main/lite/subscriptions/meta/vless ✅ 解析 62 候选 → 62 个有效节点 → 去重后新增 6 个
[2026-07-15 00:38:26] 📄 https://raw.githubusercontent.com/sinavm/SVM/main/lite/subscriptions/meta/mix ✅ 解析 86 候选 → 86 个有效节点 → 去重后新增 3 个
[2026-07-15 00:38:26] 📄 https://raw.githubusercontent.com/sinavm/SVM/main/config.txt ✅ 解析 430 候选 → 430 个有效节点 → 去重后新增 23 个
[2026-07-15 00:38:26] 📄 https://raw.githubusercontent.com/sinavm/SVM/main/subscriptions/xray/base64/mix ✅ 解析 725 候选 → 725 个有效节点 → 去重后新增 3 个
[2026-07-15 00:38:28]   👤 用户仓库: 18 个 → 队列
[2026-07-15 00:38:28]   用户 tiagorrg 共查 18 个仓库
[2026-07-15 00:38:28] 仓库 https://github.com/mn-hacker/Hiddify-Custom-Edition (分支: main, size: 113836KB, pushed: 2026-07-14T14:43:19Z)
[2026-07-15 00:38:28] 🔗 查子仓库: aviamastersgh/vpn-free-russia
[2026-07-15 00:38:28] 🔗 查子仓库: sinavm/SVM
[2026-07-15 00:38:28] 🔗 开始 Fork 链追踪 (aviamastersgh/vpn-free-russia)
[2026-07-15 00:38:30] 仓库 https://github.com/mn-hacker/Hiddify-Custom-Edition 候选文件 69 个[2026-07-15 00:38:30]   🍴 子仓库: 30 个 → 队列

[2026-07-15 00:38:30] 🔗 开始 Fork 链追踪 (hiddify/hiddify-sing-box)
[2026-07-15 00:38:31] 📄 https://raw.githubusercontent.com/mn-hacker/Hiddify-Custom-Edition/main/other/deprecated/clash/meta-proxies.yml ✅ 解析 2 候选 → 2 个有效节点 → 去重后新增 2 个
[2026-07-15 00:38:31] 📄 https://raw.githubusercontent.com/mn-hacker/Hiddify-Custom-Edition/main/other/deprecated/clash/only_iran.yml ✅ 解析 3 候选 → 3 个有效节点 → 去重后新增 3 个
[2026-07-15 00:38:32] 👤 遍历用户仓库: aviamastersgh
[2026-07-15 00:38:32]   🍴 子仓库: 18 个 → 队列
[2026-07-15 00:38:32] 🔗 开始 Fork 链追踪 (sinavm/SVM)
[2026-07-15 00:38:32] 🔗 查子仓库: mn-hacker/Hiddify-Custom-Edition
[2026-07-15 00:38:32]   父仓库: SagerNet/sing-box
[2026-07-15 00:38:32] 仓库 https://github.com/SagerNet/sing-box (分支: testing, size: 21825KB, pushed: 2026-07-14T16:06:24Z)
[2026-07-15 00:38:34]   👤 用户仓库: 1 个 → 队列[2026-07-15 00:38:34] 👤 遍历用户仓库: sinavm
[2026-07-15 00:38:34]   用户 aviamastersgh 共查 1 个仓库

[2026-07-15 00:38:34] 仓库 https://github.com/mn-hacker/hiddifypanel (分支: dev, size: 56350KB, pushed: 2026-07-14T14:42:16Z)
[2026-07-15 00:38:36] 仓库 https://github.com/SagerNet/sing-box 候选文件较多 (318 个)，先通过 commits API 过滤
[2026-07-15 00:38:37]   🍴 子仓库: 2 个 → 队列
[2026-07-15 00:38:37] 🔗 开始 Fork 链追踪 (mn-hacker/Hiddify-Custom-Edition)
[2026-07-15 00:38:37] 👤 遍历用户仓库: mn-hacker
[2026-07-15 00:38:39] 仓库 https://github.com/mn-hacker/hiddifypanel 候选文件 49 个
[2026-07-15 00:38:39] 📄 https://raw.githubusercontent.com/mn-hacker/hiddifypanel/dev/hiddifypanel/panel/user/templates/all_configs.txt ✅ 解析 1 候选 → 1 个有效节点 → 去重后新增 1 个
[2026-07-15 00:38:40] 🔗 查子仓库: mn-hacker/hiddifypanel
[2026-07-15 00:38:41]   👤 用户仓库: 13 个 → 队列
[2026-07-15 00:38:41]   用户 sinavm 共查 13 个仓库
[2026-07-15 00:38:41] 仓库 https://github.com/Use4Free/Hiddify-Warp (分支: main, size: 633KB, pushed: 2026-07-14T13:51:28Z)
[2026-07-15 00:38:41]   👤 用户仓库: 5 个 → 队列
[2026-07-15 00:38:41]   用户 mn-hacker 共查 5 个仓库
[2026-07-15 00:38:41] 仓库 https://github.com/cyberanrhy/ski-proxy (分支: main, size: 1077KB, pushed: 2026-07-14T13:33:12Z)
[2026-07-15 00:38:43] 🔗 开始 Fork 链追踪 (mn-hacker/hiddifypanel)
[2026-07-15 00:38:43]   Compare API 返回 33 个变更文件 (3 次 API 调用)
[2026-07-15 00:38:43] 仓库 https://github.com/Use4Free/Hiddify-Warp 候选文件 4 个
[2026-07-15 00:38:43]   commits 过滤: 318 → 8 (变更文件 33 个)
[2026-07-15 00:38:43] 仓库 https://github.com/SagerNet/sing-box 候选文件 8 个
[2026-07-15 00:38:43]   父仓库: hiddify/hiddifypanel
[2026-07-15 00:38:43] ⚠️ 仓库 https://github.com/hiddify/hiddifypanel 570h 未更新，废弃 → 加入黑名单
[2026-07-15 00:38:43]   父仓库 +0 个节点
[2026-07-15 00:38:44] 仓库 https://github.com/Use4Free/Hiddify-Warp 未提取到节点，加入黑名单
[2026-07-15 00:38:44] 仓库 https://github.com/lanopivijo93782-ops/hiddify-vless-xhttp-parser (分支: main, size: 523KB, pushed: 2026-07-14T13:12:40Z)
[2026-07-15 00:38:45] 仓库 https://github.com/cyberanrhy/ski-proxy 候选文件 1 个
[2026-07-15 00:38:45] 🔗 查子仓库: cyberanrhy/ski-proxy
[2026-07-15 00:38:46] 🔗 开始 Fork 链追踪 (cyberanrhy/ski-proxy)
[2026-07-15 00:38:46] 仓库 https://github.com/lanopivijo93782-ops/hiddify-vless-xhttp-parser 候选文件 6 个
[2026-07-15 00:38:46] 仓库 https://github.com/SagerNet/sing-box 未提取到节点，加入黑名单
[2026-07-15 00:38:46]   父仓库 +1 个节点
[2026-07-15 00:38:46] 👤 遍历用户仓库: cyberanrhy
[2026-07-15 00:38:48] 🔗 查子仓库: lanopivijo93782-ops/hiddify-vless-xhttp-parser
[2026-07-15 00:38:48] 🔗 开始 Fork 链追踪 (lanopivijo93782-ops/hiddify-vless-xhttp-parser)
[2026-07-15 00:38:50] 👤 遍历用户仓库: lanopivijo93782-ops[2026-07-15 00:38:50]   🍴 兄弟仓库: 30 个 → 队列
[2026-07-15 00:38:50]   🍴 兄弟仓库: 30 个 → 队列

[2026-07-15 00:38:50] 👤 遍历用户仓库: mn-hacker[2026-07-15 00:38:50] 👤 遍历用户仓库: hiddify

[2026-07-15 00:38:52]   👤 用户仓库: 8 个 → 队列
[2026-07-15 00:38:52]   用户 cyberanrhy 共查 8 个仓库
[2026-07-15 00:38:52] 仓库 https://github.com/xibanyahu/phppachong-freenode (分支: main, size: 28483KB, pushed: 2026-07-14T08:00:05Z)
[2026-07-15 00:38:52]   用户 mn-hacker 共查 0 个仓库
[2026-07-15 00:38:52] 仓库 https://github.com/shinexus/LearnToProgram (分支: master, size: 33373KB, pushed: 2026-07-14T06:00:46Z)
[2026-07-15 00:38:54]   用户 lanopivijo93782-ops 共查 0 个仓库[2026-07-15 00:38:54] 仓库 https://github.com/xibanyahu/phppachong-freenode 候选文件较多 (329 个)，先通过 commits API 过滤

[2026-07-15 00:38:54] 仓库 https://github.com/terik21/HiddifySubs-VlessKeys (分支: main, size: 6297KB, pushed: 2026-07-14T05:39:30Z)
[2026-07-15 00:38:56] 仓库 https://github.com/shinexus/LearnToProgram 无候选文件 (总计 99 blob, 扩展名过滤 79, processed_shas 跳过 0, SHA 缓存跳过 20)
[2026-07-15 00:38:56] 🔗 查子仓库: shinexus/LearnToProgram
[2026-07-15 00:38:57] 🔗 开始 Fork 链追踪 (shinexus/LearnToProgram)
[2026-07-15 00:38:59] 仓库 https://github.com/terik21/HiddifySubs-VlessKeys 无候选文件 (总计 10 blob, 扩展名过滤 0, processed_shas 跳过 0, SHA 缓存跳过 10)[2026-07-15 00:38:59] 👤 遍历用户仓库: shinexus

[2026-07-15 00:38:59] 🔗 查子仓库: terik21/HiddifySubs-VlessKeys
[2026-07-15 00:39:01]   👤 用户仓库: 30 个 → 队列
[2026-07-15 00:39:01]   用户 hiddify 共查 30 个仓库
[2026-07-15 00:39:01] 仓库 https://github.com/ClickDevTech/CELERITY-panel (分支: main, size: 3257KB, pushed: 2026-07-14T01:08:24Z)
[2026-07-15 00:39:01]   👤 用户仓库: 1 个 → 队列
[2026-07-15 00:39:01]   用户 shinexus 共查 1 个仓库
[2026-07-15 00:39:01] 仓库 https://github.com/lazycat-contrib/sub-store-lzcapp (分支: main, size: 119KB, pushed: 2026-07-14T16:20:50Z)
[2026-07-15 00:39:03] 仓库 https://github.com/ClickDevTech/CELERITY-panel 无候选文件 (总计 206 blob, 扩展名过滤 180, processed_shas 跳过 0, SHA 缓存跳过 26)[2026-07-15 00:39:03]   🍴 子仓库: 2 个 → 队列[2026-07-15 00:39:03]   Compare API 返回 4 个变更文件 (3 次 API 调用)


[2026-07-15 00:39:03] 🔗 开始 Fork 链追踪 (terik21/HiddifySubs-VlessKeys)[2026-07-15 00:39:03] 🔗 查子仓库: ClickDevTech/CELERITY-panel
[2026-07-15 00:39:03]   commits 过滤: 329 → 0 (变更文件 4 个)

[2026-07-15 00:39:03] 仓库 https://github.com/xibanyahu/phppachong-freenode 候选文件经时间过滤后为空
[2026-07-15 00:39:03] 🔗 查子仓库: xibanyahu/phppachong-freenode
[2026-07-15 00:39:05] 仓库 https://github.com/lazycat-contrib/sub-store-lzcapp 候选文件 8 个
[2026-07-15 00:39:05] 🔗 开始 Fork 链追踪 (xibanyahu/phppachong-freenode)
[2026-07-15 00:39:05] 👤 遍历用户仓库: terik21
[2026-07-15 00:39:07] 👤 遍历用户仓库: xibanyahu
[2026-07-15 00:39:07]   🍴 子仓库: 30 个 → 队列
[2026-07-15 00:39:07] 🔗 开始 Fork 链追踪 (ClickDevTech/CELERITY-panel)
[2026-07-15 00:39:08] 仓库 https://github.com/lazycat-contrib/sub-store-lzcapp 未提取到节点，加入黑名单
[2026-07-15 00:39:08] 仓库 https://github.com/julxxy/smart-proxy-rules (分支: main, size: 535KB, pushed: 2026-07-14T16:07:42Z)
[2026-07-15 00:39:09] 👤 遍历用户仓库: ClickDevTech
[2026-07-15 00:39:10]   用户 xibanyahu 共查 0 个仓库
[2026-07-15 00:39:10] 仓库 https://github.com/peasoft/NoMoreWalls (分支: master, size: 5036123KB, pushed: 2026-07-14T16:06:16Z)
[2026-07-15 00:39:12]   👤 用户仓库: 12 个 → 队列[2026-07-15 00:39:12] 仓库 https://github.com/julxxy/smart-proxy-rules 候选文件 1 个
[2026-07-15 00:39:12]   用户 terik21 共查 12 个仓库

[2026-07-15 00:39:12] 仓库 https://github.com/Mikenco7878/ConfigShadowrocket (分支: main, size: 204KB, pushed: 2026-07-14T16:06:15Z)
[2026-07-15 00:39:12] 仓库 https://github.com/julxxy/smart-proxy-rules 未提取到节点，加入黑名单
[2026-07-15 00:39:12] 仓库 https://github.com/senkosanss11-stack/ff-shadowrocket-scripts (分支: main, size: 3KB, pushed: 2026-07-14T15:45:25Z)
[2026-07-15 00:39:14] 仓库 https://github.com/peasoft/NoMoreWalls 候选文件 21 个
[2026-07-15 00:39:14]   👤 用户仓库: 4 个 → 队列
[2026-07-15 00:39:14]   用户 ClickDevTech 共查 4 个仓库
[2026-07-15 00:39:14] 仓库 https://github.com/qqizai/ios-location-spoofer (分支: main, size: 6755KB, pushed: 2026-07-14T14:53:35Z)
[2026-07-15 00:39:14] 仓库 https://github.com/senkosanss11-stack/ff-shadowrocket-scripts 无候选文件 (总计 1 blob, 扩展名过滤 1, processed_shas 跳过 0, SHA 缓存跳过 0)[2026-07-15 00:39:14] 仓库 https://github.com/Mikenco7878/ConfigShadowrocket 候选文件 2 个

[2026-07-15 00:39:14] 仓库 https://github.com/qqizai/ios-location-spoofer 无候选文件 (总计 25 blob, 扩展名过滤 13, processed_shas 跳过 0, SHA 缓存跳过 12)
[2026-07-15 00:39:15] 🔗 查子仓库: qqizai/ios-location-spoofer
[2026-07-15 00:39:15] README (senkosanss11-stack/ff-shadowrocket-scripts) 404，跳过
[2026-07-15 00:39:15] 仓库 https://github.com/senkosanss11-stack/ff-shadowrocket-scripts 未提取到节点，加入黑名单
[2026-07-15 00:39:15] 仓库 https://github.com/homalozoa/shadowrocket_watchdog (分支: main, size: 16KB, pushed: 2026-07-14T13:52:56Z)
[2026-07-15 00:39:15] 仓库 https://github.com/Mikenco7878/ConfigShadowrocket 未提取到节点，加入黑名单
[2026-07-15 00:39:15] 仓库 https://github.com/fuguanyi-lgtm/shadowrocket-sub (分支: main, size: 691KB, pushed: 2026-07-14T13:29:23Z)
[2026-07-15 00:39:15] 🔗 查子仓库: peasoft/NoMoreWalls
[2026-07-15 00:39:17] 🔗 开始 Fork 链追踪 (qqizai/ios-location-spoofer)
[2026-07-15 00:39:17] 仓库 https://github.com/homalozoa/shadowrocket_watchdog 候选文件 3 个
[2026-07-15 00:39:17] 仓库 https://github.com/fuguanyi-lgtm/shadowrocket-sub 候选文件 1 个
[2026-07-15 00:39:17]   父仓库: mekos2772/ios-location-spoofer
[2026-07-15 00:39:17] ⏭️ 仓库 https://github.com/mekos2772/ios-location-spoofer 106h 未更新，跳过
[2026-07-15 00:39:17]   父仓库 +0 个节点
[2026-07-15 00:39:17] 🔗 查子仓库: fuguanyi-lgtm/shadowrocket-sub
[2026-07-15 00:39:18] 仓库 https://github.com/homalozoa/shadowrocket_watchdog 未提取到节点，加入黑名单
[2026-07-15 00:39:18] 仓库 https://github.com/A-Archives-and-Forks/shadowrocket-rules (分支: main, size: 10356806KB, pushed: 2026-07-14T13:20:09Z)
[2026-07-15 00:39:19] 🔗 开始 Fork 链追踪 (fuguanyi-lgtm/shadowrocket-sub)
[2026-07-15 00:39:19] 👤 遍历用户仓库: fuguanyi-lgtm
[2026-07-15 00:39:20]   🍴 子仓库: 30 个 → 队列
[2026-07-15 00:39:20] 🔗 开始 Fork 链追踪 (peasoft/NoMoreWalls)
[2026-07-15 00:39:22] 仓库 https://github.com/A-Archives-and-Forks/shadowrocket-rules 候选文件较多 (744 个)，先通过 commits API 过滤
[2026-07-15 00:39:24] 👤 遍历用户仓库: peasoft[2026-07-15 00:39:24] ⏱️ [40/122] v2ray sub pushed:>2026-07-13T16:01:45Z fork:true -language:H | 98s | +50

[2026-07-15 00:39:24]   用户 fuguanyi-lgtm 共查 0 个仓库
[2026-07-15 00:39:24] 仓库 https://github.com/s-theo/www.shadowrocket.cc (分支: main, size: 334KB, pushed: 2026-07-14T11:29:58Z)
[2026-07-15 00:39:26] 仓库 https://github.com/s-theo/www.shadowrocket.cc 候选文件 35 个[2026-07-15 00:39:26]   🍴 兄弟仓库: 30 个 → 队列

[2026-07-15 00:39:26] 👤 遍历用户仓库: qqizai
[2026-07-15 00:39:27] README (s-theo/www.shadowrocket.cc) 404，跳过
[2026-07-15 00:39:27] 仓库 https://github.com/s-theo/www.shadowrocket.cc 未提取到节点，加入黑名单
[2026-07-15 00:39:27] 仓库 https://github.com/ffinly/shadowrocket-rules (分支: main, size: 10356805KB, pushed: 2026-07-14T11:07:12Z)
[2026-07-15 00:39:28]   👤 用户仓库: 30 个 → 队列
[2026-07-15 00:39:28]   用户 peasoft 共查 30 个仓库
[2026-07-15 00:39:28] 仓库 https://github.com/just-mironov/shadowrocket-config (分支: main, size: 15KB, pushed: 2026-07-14T10:51:15Z)
[2026-07-15 00:39:28] 仓库 https://github.com/just-mironov/shadowrocket-config 候选文件 4 个
[2026-07-15 00:39:28] 仓库 https://github.com/ffinly/shadowrocket-rules 候选文件较多 (744 个)，先通过 commits API 过滤
[2026-07-15 00:39:29] 仓库 https://github.com/just-mironov/shadowrocket-config 未提取到节点，加入黑名单
[2026-07-15 00:39:29] 仓库 https://github.com/windy222/ios-location-spoofer (分支: main, size: 6755KB, pushed: 2026-07-14T10:49:10Z)
[2026-07-15 00:39:30]   Compare API 返回 12 个变更文件 (3 次 API 调用)
[2026-07-15 00:39:30]   commits 过滤: 744 → 6 (变更文件 12 个)
[2026-07-15 00:39:30] 仓库 https://github.com/A-Archives-and-Forks/shadowrocket-rules 候选文件 6 个
[2026-07-15 00:39:33] 仓库 https://github.com/windy222/ios-location-spoofer 无候选文件 (总计 25 blob, 扩展名过滤 13, processed_shas 跳过 0, SHA 缓存跳过 12)
[2026-07-15 00:39:33] 🔗 查子仓库: windy222/ios-location-spoofer
[2026-07-15 00:39:33] 🔗 开始 Fork 链追踪 (windy222/ios-location-spoofer)
[2026-07-15 00:39:36]   父仓库: mekos2772/ios-location-spoofer
[2026-07-15 00:39:36] ⏭️ 仓库 https://github.com/mekos2772/ios-location-spoofer 106h 未更新，跳过
[2026-07-15 00:39:36]   父仓库 +0 个节点
[2026-07-15 00:39:37]   🍴 兄弟仓库: 17 个 → 队列
[2026-07-15 00:39:37] 👤 遍历用户仓库: windy222
[2026-07-15 00:39:37]   Compare API 返回 12 个变更文件 (3 次 API 调用)
[2026-07-15 00:39:37]   commits 过滤: 744 → 6 (变更文件 12 个)
[2026-07-15 00:39:37] 仓库 https://github.com/ffinly/shadowrocket-rules 候选文件 6 个
[2026-07-15 00:39:37]   👤 用户仓库: 24 个 → 队列
[2026-07-15 00:39:37]   用户 windy222 共查 24 个仓库
[2026-07-15 00:39:38] 仓库 https://github.com/destinyodin/shadowrocket-rules (分支: main, size: 10358898KB, pushed: 2026-07-14T10:36:28Z)
[2026-07-15 00:39:38] 仓库 https://github.com/destinyodin/shadowrocket-rules 候选文件较多 (744 个)，先通过 commits API 过滤
[2026-07-15 00:39:41]   👤 用户仓库: 30 个 → 队列
[2026-07-15 00:39:41]   用户 qqizai 共查 30 个仓库
[2026-07-15 00:39:41] 仓库 https://github.com/mikealexsoldatkin/shadowrocket-conf (分支: main, size: 129KB, pushed: 2026-07-14T10:10:29Z)
[2026-07-15 00:39:43] 仓库 https://github.com/mikealexsoldatkin/shadowrocket-conf 候选文件 2 个
[2026-07-15 00:39:43] 仓库 https://github.com/A-Archives-and-Forks/shadowrocket-rules README 含广告词，加入黑名单
[2026-07-15 00:39:43] 仓库 https://github.com/OrochW/Shadowrocket-Whitelist (分支: main, size: 53532KB, pushed: 2026-07-14T10:01:28Z)
[2026-07-15 00:39:44]   Compare API 返回 12 个变更文件 (3 次 API 调用)
[2026-07-15 00:39:44]   commits 过滤: 744 → 6 (变更文件 12 个)
[2026-07-15 00:39:44] 仓库 https://github.com/destinyodin/shadowrocket-rules 候选文件 6 个
[2026-07-15 00:39:44] 仓库 https://github.com/OrochW/Shadowrocket-Whitelist 候选文件 3 个
[2026-07-15 00:39:45] README (mikealexsoldatkin/shadowrocket-conf) 404，跳过
[2026-07-15 00:39:45] 仓库 https://github.com/mikealexsoldatkin/shadowrocket-conf 未提取到节点，加入黑名单
[2026-07-15 00:39:45] 仓库 https://github.com/ccyhiboy/shadowrocket-rule (分支: main, size: 36KB, pushed: 2026-07-14T09:59:01Z)
[2026-07-15 00:39:45] 仓库 https://github.com/ccyhiboy/shadowrocket-rule 候选文件 2 个
[2026-07-15 00:39:47] README (ccyhiboy/shadowrocket-rule) 404，跳过
[2026-07-15 00:39:48] 仓库 https://github.com/ccyhiboy/shadowrocket-rule 未提取到节点，加入黑名单
[2026-07-15 00:39:48] 仓库 https://github.com/bbylw/v2ray- (分支: main, size: 17757KB, pushed: 2026-07-14T08:39:05Z)
[2026-07-15 00:39:48] 仓库 https://github.com/bbylw/v2ray- 无候选文件 (总计 6 blob, 扩展名过滤 1, processed_shas 跳过 0, SHA 缓存跳过 5)
[2026-07-15 00:39:48] 🔗 查子仓库: bbylw/v2ray-
[2026-07-15 00:39:48] 🔗 开始 Fork 链追踪 (bbylw/v2ray-)
[2026-07-15 00:39:49]   父仓库: free18/v2ray
[2026-07-15 00:39:50] 仓库 https://github.com/ffinly/shadowrocket-rules README 含广告词，加入黑名单
[2026-07-15 00:39:50] 仓库 https://github.com/bigdargon/hostsVN (分支: master, size: 220090KB, pushed: 2026-07-14T04:23:35Z)
[2026-07-15 00:39:51]   🍴 兄弟仓库: 26 个 → 队列
[2026-07-15 00:39:51] 👤 遍历用户仓库: bbylw
[2026-07-15 00:39:51] 仓库 https://github.com/bigdargon/hostsVN 候选文件 75 个
[2026-07-15 00:39:51] 仓库 https://github.com/OrochW/Shadowrocket-Whitelist README 含广告词，加入黑名单
[2026-07-15 00:39:51] 仓库 https://github.com/hsiica/ios-location-spoofer (分支: main, size: 6758KB, pushed: 2026-07-14T04:19:16Z)
[2026-07-15 00:39:54] 仓库 https://github.com/hsiica/ios-location-spoofer 无候选文件 (总计 25 blob, 扩展名过滤 13, processed_shas 跳过 0, SHA 缓存跳过 12)
[2026-07-15 00:39:54] 🔗 查子仓库: hsiica/ios-location-spoofer
[2026-07-15 00:39:54] 🔗 开始 Fork 链追踪 (hsiica/ios-location-spoofer)
[2026-07-15 00:39:55]   父仓库: mekos2772/ios-location-spoofer
[2026-07-15 00:39:55] ⏭️ 仓库 https://github.com/mekos2772/ios-location-spoofer 106h 未更新，跳过
[2026-07-15 00:39:55]   父仓库 +0 个节点
[2026-07-15 00:39:56] 📄 https://raw.githubusercontent.com/bigdargon/hostsVN/master/option/hostsVN-loon.conf ✅ 解析 1 候选 → 1 个有效节点 → 去重后新增 1 个
[2026-07-15 00:39:57] 👤 遍历用户仓库: hsiica
[2026-07-15 00:39:58]   👤 用户仓库: 7 个 → 队列
[2026-07-15 00:39:58]   用户 hsiica 共查 7 个仓库
[2026-07-15 00:39:58] 仓库 https://github.com/gggitit/Rules (分支: main, size: 764595KB, pushed: 2026-07-14T03:18:14Z)
[2026-07-15 00:39:58] 🔗 查子仓库: bigdargon/hostsVN
[2026-07-15 00:39:58] 仓库 https://github.com/gggitit/Rules 无候选文件 (总计 76 blob, 扩展名过滤 21, processed_shas 跳过 0, SHA 缓存跳过 55)
[2026-07-15 00:39:58] 🔗 查子仓库: gggitit/Rules
[2026-07-15 00:39:59]   🍴 子仓库: 1 个 → 队列
[2026-07-15 00:39:59] 🔗 开始 Fork 链追踪 (gggitit/Rules)
[2026-07-15 00:39:59]   父仓库: skylark36/Rules
[2026-07-15 00:39:59] 仓库在黑名单中: https://github.com/skylark36/Rules
[2026-07-15 00:39:59]   父仓库 +0 个节点
[2026-07-15 00:39:59]   👤 用户仓库: 30 个 → 队列
[2026-07-15 00:39:59]   用户 bbylw 共查 30 个仓库
[2026-07-15 00:39:59] 仓库 https://github.com/dirtss/Sub-Store (分支: master, size: 11800KB, pushed: 2026-07-14T02:46:37Z)
[2026-07-15 00:40:00] 仓库 https://github.com/dirtss/Sub-Store 无候选文件 (总计 171 blob, 扩展名过滤 151, processed_shas 跳过 0, SHA 缓存跳过 20)
[2026-07-15 00:40:00] 🔗 查子仓库: dirtss/Sub-Store
[2026-07-15 00:40:00]   🍴 子仓库: 30 个 → 队列
[2026-07-15 00:40:00] 🔗 开始 Fork 链追踪 (bigdargon/hostsVN)
[2026-07-15 00:40:00]   🍴 兄弟仓库: 18 个 → 队列
[2026-07-15 00:40:00] 👤 遍历用户仓库: gggitit
[2026-07-15 00:40:00] 🔗 开始 Fork 链追踪 (dirtss/Sub-Store)
[2026-07-15 00:40:00] 👤 遍历用户仓库: bigdargon
[2026-07-15 00:40:02] 仓库 https://github.com/destinyodin/shadowrocket-rules README 含广告词，加入黑名单
[2026-07-15 00:40:02] ⚠️ 仓库 https://github.com/leduwn/Shadowrocket-conf 大小为 0，跳过
[2026-07-15 00:40:02] 仓库 https://github.com/Sierra-deploy/shadowrocket-rules (分支: master, size: 1177940KB, pushed: 2026-07-14T00:08:42Z)
[2026-07-15 00:40:02]   父仓库: sub-store-org/Sub-Store
[2026-07-15 00:40:02] 仓库在黑名单中: https://github.com/sub-store-org/Sub-Store
[2026-07-15 00:40:02]   父仓库 +0 个节点
[2026-07-15 00:40:02]   👤 用户仓库: 14 个 → 队列
[2026-07-15 00:40:02]   用户 gggitit 共查 14 个仓库
[2026-07-15 00:40:02] 仓库 https://github.com/AimWhy/shadowrocket-rules (分支: master, size: 1177940KB, pushed: 2026-07-13T23:53:32Z)
[2026-07-15 00:40:04] 仓库 https://github.com/Sierra-deploy/shadowrocket-rules 无候选文件 (总计 20 blob, 扩展名过滤 7, processed_shas 跳过 0, SHA 缓存跳过 13)[2026-07-15 00:40:04] ⏱️ [41/122] clash sub pushed:>2026-07-13T16:01:45Z fork:true -language:H | 41s | +1
[2026-07-15 00:40:04] 仓库 https://github.com/AimWhy/shadowrocket-rules 无候选文件 (总计 20 blob, 扩展名过滤 7, processed_shas 跳过 0, SHA 缓存跳过 13)[2026-07-15 00:40:04] 🔗 查子仓库: Sierra-deploy/shadowrocket-rules

[2026-07-15 00:40:04] 🔗 查子仓库: AimWhy/shadowrocket-rules

[2026-07-15 00:40:06]   👤 用户仓库: 10 个 → 队列
[2026-07-15 00:40:06]   用户 bigdargon 共查 10 个仓库
[2026-07-15 00:40:06] 仓库 https://github.com/leandro4979-hub/shadowrocket-rules (分支: master, size: 1177940KB, pushed: 2026-07-13T23:49:29Z)
[2026-07-15 00:40:07] 🔗 开始 Fork 链追踪 (Sierra-deploy/shadowrocket-rules)
[2026-07-15 00:40:07] 🔗 开始 Fork 链追踪 (AimWhy/shadowrocket-rules)
[2026-07-15 00:40:09] 仓库 https://github.com/leandro4979-hub/shadowrocket-rules 无候选文件 (总计 20 blob, 扩展名过滤 7, processed_shas 跳过 0, SHA 缓存跳过 13)[2026-07-15 00:40:09]   父仓库: GMOogway/shadowrocket-rules
[2026-07-15 00:40:09]   🍴 兄弟仓库: 30 个 → 队列
[2026-07-15 00:40:09] 🔗 查子仓库: leandro4979-hub/shadowrocket-rules

[2026-07-15 00:40:09] 👤 遍历用户仓库: dirtss
[2026-07-15 00:40:11]   父仓库: GMOogway/shadowrocket-rules
[2026-07-15 00:40:11] 🔗 开始 Fork 链追踪 (leandro4979-hub/shadowrocket-rules)
[2026-07-15 00:40:15]   父仓库: GMOogway/shadowrocket-rules
[2026-07-15 00:40:15]   👤 用户仓库: 7 个 → 队列
[2026-07-15 00:40:15]   用户 dirtss 共查 7 个仓库
[2026-07-15 00:40:15] 仓库 https://github.com/aaapao/shadowrocket-rules (分支: master, size: 1177940KB, pushed: 2026-07-13T23:43:52Z)
[2026-07-15 00:40:15]   🍴 兄弟仓库: 30 个 → 队列
[2026-07-15 00:40:15] 👤 遍历用户仓库: Sierra-deploy
[2026-07-15 00:40:17]   🍴 兄弟仓库: 20 个 → 队列[2026-07-15 00:40:17] 仓库 https://github.com/aaapao/shadowrocket-rules 无候选文件 (总计 20 blob, 扩展名过滤 7, processed_shas 跳过 0, SHA 缓存跳过 13)

[2026-07-15 00:40:17] 👤 遍历用户仓库: leandro4979-hub[2026-07-15 00:40:17] 🔗 查子仓库: aaapao/shadowrocket-rules[2026-07-15 00:40:17] 👤 遍历用户仓库: AimWhy


[2026-07-15 00:40:19]   👤 用户仓库: 15 个 → 队列
[2026-07-15 00:40:19]   用户 Sierra-deploy 共查 15 个仓库
[2026-07-15 00:40:19] 仓库 https://github.com/GMOogway/shadowrocket-rules (分支: master, size: 1177940KB, pushed: 2026-07-13T23:25:56Z)
[2026-07-15 00:40:19] 🔗 开始 Fork 链追踪 (aaapao/shadowrocket-rules)
[2026-07-15 00:40:20]   父仓库: GMOogway/shadowrocket-rules
[2026-07-15 00:40:22] 仓库 https://github.com/GMOogway/shadowrocket-rules 无候选文件 (总计 20 blob, 扩展名过滤 7, processed_shas 跳过 0, SHA 缓存跳过 13)
[2026-07-15 00:40:22] 🔗 查子仓库: GMOogway/shadowrocket-rules
[2026-07-15 00:40:22]   👤 用户仓库: 30 个 → 队列
[2026-07-15 00:40:22]   用户 leandro4979-hub 共查 30 个仓库
[2026-07-15 00:40:22] 仓库 https://github.com/Howie989/shadowrocket-rules (分支: master, size: 1177940KB, pushed: 2026-07-13T23:25:56Z)
[2026-07-15 00:40:26] 👤 遍历用户仓库: aaapao[2026-07-15 00:40:26] 仓库 https://github.com/Howie989/shadowrocket-rules 无候选文件 (总计 20 blob, 扩展名过滤 7, processed_shas 跳过 0, SHA 缓存跳过 13)
[2026-07-15 00:40:26] 🔗 开始 Fork 链追踪 (GMOogway/shadowrocket-rules)

[2026-07-15 00:40:26] 🔗 查子仓库: Howie989/shadowrocket-rules
[2026-07-15 00:40:28] 🔗 开始 Fork 链追踪 (Howie989/shadowrocket-rules)
[2026-07-15 00:40:28] 👤 遍历用户仓库: GMOogway
[2026-07-15 00:40:28]   父仓库: GMOogway/shadowrocket-rules
[2026-07-15 00:40:30]   👤 用户仓库: 30 个 → 队列
[2026-07-15 00:40:30]   用户 AimWhy 共查 30 个仓库
[2026-07-15 00:40:30] 仓库 https://github.com/Johnshall/Shadowrocket-ADBlock-Rules-Forever (分支: release, size: 351705KB, pushed: 2026-07-13T23:17:51Z)
[2026-07-15 00:40:32]   👤 用户仓库: 26 个 → 队列
[2026-07-15 00:40:32]   用户 GMOogway 共查 26 个仓库
[2026-07-15 00:40:32] 仓库 https://github.com/JairHan/Shadowrocket-ADBlock-Rules-Forever (分支: release, size: 351705KB, pushed: 2026-07-13T23:17:51Z)
[2026-07-15 00:40:33] 👤 遍历用户仓库: Howie989
[2026-07-15 00:40:33] 仓库 https://github.com/Johnshall/Shadowrocket-ADBlock-Rules-Forever 无候选文件 (总计 33 blob, 扩展名过滤 15, processed_shas 跳过 0, SHA 缓存跳过 18)
[2026-07-15 00:40:33] 🔗 查子仓库: Johnshall/Shadowrocket-ADBlock-Rules-Forever
[2026-07-15 00:40:35] 仓库 https://github.com/JairHan/Shadowrocket-ADBlock-Rules-Forever 无候选文件 (总计 33 blob, 扩展名过滤 15, processed_shas 跳过 0, SHA 缓存跳过 18)
[2026-07-15 00:40:35] 🔗 查子仓库: JairHan/Shadowrocket-ADBlock-Rules-Forever
[2026-07-15 00:40:37]   👤 用户仓库: 30 个 → 队列
[2026-07-15 00:40:37]   用户 Howie989 共查 30 个仓库
[2026-07-15 00:40:37] 仓库 https://github.com/hainingshen/shadowrocket-policy-module (分支: main, size: 1381KB, pushed: 2026-07-13T22:44:51Z)
[2026-07-15 00:40:37] 🔗 开始 Fork 链追踪 (JairHan/Shadowrocket-ADBlock-Rules-Forever)
[2026-07-15 00:40:37]   父仓库: Johnshall/Shadowrocket-ADBlock-Rules-Forever
[2026-07-15 00:40:39] 仓库 https://github.com/hainingshen/shadowrocket-policy-module 无候选文件 (总计 27 blob, 扩展名过滤 5, processed_shas 跳过 0, SHA 缓存跳过 22)[2026-07-15 00:40:39]   🍴 子仓库: 30 个 → 队列

[2026-07-15 00:40:39] 🔗 查子仓库: hainingshen/shadowrocket-policy-module
[2026-07-15 00:40:39] 🔗 开始 Fork 链追踪 (Johnshall/Shadowrocket-ADBlock-Rules-Forever)
[2026-07-15 00:40:41]   👤 用户仓库: 30 个 → 队列
[2026-07-15 00:40:41]   用户 aaapao 共查 30 个仓库
[2026-07-15 00:40:41] 仓库 https://github.com/zhouzhouprogram/Shadowrocket-ADBlock-Rules (分支: master, size: 227514KB, pushed: 2026-07-13T19:00:28Z)
[2026-07-15 00:40:41] 👤 遍历用户仓库: Johnshall
[2026-07-15 00:40:43]   🍴 兄弟仓库: 18 个 → 队列[2026-07-15 00:40:43] 仓库 https://github.com/zhouzhouprogram/Shadowrocket-ADBlock-Rules 无候选文件 (总计 58 blob, 扩展名过滤 21, processed_shas 跳过 0, SHA 缓存跳过 37)

[2026-07-15 00:40:43] 🔗 查子仓库: zhouzhouprogram/Shadowrocket-ADBlock-Rules[2026-07-15 00:40:43] 👤 遍历用户仓库: JairHan

[2026-07-15 00:40:45]   🍴 子仓库: 1 个 → 队列
[2026-07-15 00:40:45] 🔗 开始 Fork 链追踪 (hainingshen/shadowrocket-policy-module)
[2026-07-15 00:40:45]   👤 用户仓库: 9 个 → 队列
[2026-07-15 00:40:45]   用户 Johnshall 共查 9 个仓库
[2026-07-15 00:40:45] 仓库 https://github.com/zing518/QuantumultX-Rewrite (分支: master, size: 11244628KB, pushed: 2026-07-14T16:00:27Z)
[2026-07-15 00:40:46] 👤 遍历用户仓库: hainingshen
[2026-07-15 00:40:46] 仓库 https://github.com/zing518/QuantumultX-Rewrite 候选文件较多 (1011 个)，先通过 commits API 过滤
[2026-07-15 00:40:50]   🍴 子仓库: 30 个 → 队列
[2026-07-15 00:40:50] 🔗 开始 Fork 链追踪 (zhouzhouprogram/Shadowrocket-ADBlock-Rules)
[2026-07-15 00:40:50]   👤 用户仓库: 30 个 → 队列
[2026-07-15 00:40:50]   用户 hainingshen 共查 30 个仓库
[2026-07-15 00:40:50] 仓库 https://github.com/deezertidal/QuantumultX-Rewrite (分支: master, size: 11247421KB, pushed: 2026-07-14T15:52:36Z)
[2026-07-15 00:40:50]   👤 用户仓库: 30 个 → 队列
[2026-07-15 00:40:50]   用户 JairHan 共查 30 个仓库
[2026-07-15 00:40:50] 仓库 https://github.com/WILL-yy/QuantumultX-Rewrite (分支: master, size: 11247421KB, pushed: 2026-07-14T15:22:25Z)
[2026-07-15 00:40:52] 👤 遍历用户仓库: zhouzhouprogram
[2026-07-15 00:40:52] 仓库 https://github.com/deezertidal/QuantumultX-Rewrite 候选文件较多 (1011 个)，先通过 commits API 过滤
[2026-07-15 00:40:54] 仓库 https://github.com/WILL-yy/QuantumultX-Rewrite 候选文件较多 (1017 个)，先通过 commits API 过滤[2026-07-15 00:40:54]   Compare API 返回 12 个变更文件 (3 次 API 调用)

[2026-07-15 00:40:54]   commits 过滤: 1011 → 0 (变更文件 12 个)
[2026-07-15 00:40:54] 仓库 https://github.com/zing518/QuantumultX-Rewrite 候选文件经时间过滤后为空
[2026-07-15 00:40:54] 🔗 查子仓库: zing518/QuantumultX-Rewrite
[2026-07-15 00:40:57]   👤 用户仓库: 2 个 → 队列
[2026-07-15 00:40:57]   用户 zhouzhouprogram 共查 2 个仓库
[2026-07-15 00:40:57] 仓库 https://github.com/ffinly/QuantumultX-Rewrite (分支: master, size: 11247421KB, pushed: 2026-07-14T15:21:12Z)
[2026-07-15 00:40:57] 🔗 开始 Fork 链追踪 (zing518/QuantumultX-Rewrite)
[2026-07-15 00:40:59] 仓库 https://github.com/ffinly/QuantumultX-Rewrite 候选文件较多 (1017 个)，先通过 commits API 过滤[2026-07-15 00:40:59]   Compare API 返回 12 个变更文件 (3 次 API 调用)

[2026-07-15 00:40:59]   commits 过滤: 1011 → 0 (变更文件 12 个)
[2026-07-15 00:40:59] 仓库 https://github.com/deezertidal/QuantumultX-Rewrite 候选文件经时间过滤后为空
[2026-07-15 00:40:59] 🔗 查子仓库: deezertidal/QuantumultX-Rewrite
[2026-07-15 00:41:01]   父仓库: deezertidal/QuantumultX-Rewrite
[2026-07-15 00:41:03]   🍴 子仓库: 30 个 → 队列
[2026-07-15 00:41:03] 🔗 开始 Fork 链追踪 (deezertidal/QuantumultX-Rewrite)
[2026-07-15 00:41:03]   🍴 兄弟仓库: 16 个 → 队列
[2026-07-15 00:41:03] 👤 遍历用户仓库: zing518
[2026-07-15 00:41:05] 👤 遍历用户仓库: deezertidal[2026-07-15 00:41:05]   Compare API 返回 12 个变更文件 (3 次 API 调用)
[2026-07-15 00:41:05]   Compare API 返回 12 个变更文件 (3 次 API 调用)

[2026-07-15 00:41:05]   commits 过滤: 1017 → 6 (变更文件 12 个)[2026-07-15 00:41:05]   commits 过滤: 1017 → 6 (变更文件 12 个)

[2026-07-15 00:41:05] 仓库 https://github.com/ffinly/QuantumultX-Rewrite 候选文件 6 个
[2026-07-15 00:41:05] 仓库 https://github.com/WILL-yy/QuantumultX-Rewrite 候选文件 6 个
[2026-07-15 00:41:08]   👤 用户仓库: 5 个 → 队列
[2026-07-15 00:41:08]   用户 deezertidal 共查 5 个仓库
[2026-07-15 00:41:08] 仓库 https://github.com/monkey6468/Quantumult-X (分支: master, size: 13874KB, pushed: 2026-07-14T15:18:04Z)
[2026-07-15 00:41:08] 仓库 https://github.com/monkey6468/Quantumult-X 候选文件较多 (146 个)，先通过 commits API 过滤
[2026-07-15 00:41:11]   Compare API 返回 0 个变更文件 (3 次 API 调用)
[2026-07-15 00:41:11]   commits 过滤: 146 → 0 (变更文件 0 个)
[2026-07-15 00:41:11] 仓库 https://github.com/monkey6468/Quantumult-X 候选文件经时间过滤后为空
[2026-07-15 00:41:11] 🔗 查子仓库: monkey6468/Quantumult-X
[2026-07-15 00:41:11]   👤 用户仓库: 30 个 → 队列
[2026-07-15 00:41:11]   用户 zing518 共查 30 个仓库
[2026-07-15 00:41:11] 仓库 https://github.com/fyrs3101/QuantumultX-Rewrite (分支: master, size: 11247421KB, pushed: 2026-07-14T14:45:27Z)
[2026-07-15 00:41:14]   🍴 子仓库: 4 个 → 队列
[2026-07-15 00:41:14] 🔗 开始 Fork 链追踪 (monkey6468/Quantumult-X)
[2026-07-15 00:41:14] 👤 遍历用户仓库: monkey6468
[2026-07-15 00:41:14] 仓库 https://github.com/fyrs3101/QuantumultX-Rewrite 候选文件较多 (1013 个)，先通过 commits API 过滤
[2026-07-15 00:41:17]   👤 用户仓库: 30 个 → 队列
[2026-07-15 00:41:17]   用户 monkey6468 共查 30 个仓库
[2026-07-15 00:41:17] 仓库 https://github.com/11hapiness/QuantumultX-Rewrite (分支: master, size: 11247421KB, pushed: 2026-07-14T14:33:06Z)
[2026-07-15 00:41:19]   Compare API 返回 12 个变更文件 (3 次 API 调用)
[2026-07-15 00:41:19]   commits 过滤: 1013 → 2 (变更文件 12 个)
[2026-07-15 00:41:19] 仓库 https://github.com/fyrs3101/QuantumultX-Rewrite 候选文件 2 个
[2026-07-15 00:41:19] 仓库 https://github.com/ffinly/QuantumultX-Rewrite README 含广告词，加入黑名单
[2026-07-15 00:41:19] 仓库 https://github.com/abu9/QuantumultX (分支: master, size: 2659KB, pushed: 2026-07-14T14:32:18Z)
[2026-07-15 00:41:20] 仓库 https://github.com/11hapiness/QuantumultX-Rewrite 候选文件较多 (1011 个)，先通过 commits API 过滤
[2026-07-15 00:41:21] 仓库 https://github.com/abu9/QuantumultX 候选文件 15 个
[2026-07-15 00:41:21] 仓库 https://github.com/abu9/QuantumultX 未提取到节点，加入黑名单
[2026-07-15 00:41:22] 仓库 https://github.com/8680/GOODBYEADS (分支: master, size: 1056665KB, pushed: 2026-07-14T13:55:47Z)
[2026-07-15 00:41:22]   Compare API 返回 12 个变更文件 (3 次 API 调用)
[2026-07-15 00:41:22]   commits 过滤: 1011 → 0 (变更文件 12 个)
[2026-07-15 00:41:22] 仓库 https://github.com/11hapiness/QuantumultX-Rewrite 候选文件经时间过滤后为空
[2026-07-15 00:41:22] 🔗 查子仓库: 11hapiness/QuantumultX-Rewrite
[2026-07-15 00:41:22] 🔗 开始 Fork 链追踪 (11hapiness/QuantumultX-Rewrite)
[2026-07-15 00:41:22] 仓库 https://github.com/fyrs3101/QuantumultX-Rewrite README 含广告词，加入黑名单
[2026-07-15 00:41:22] 仓库 https://github.com/602832789/QuantumultX-Rewrite (分支: master, size: 11247420KB, pushed: 2026-07-14T13:28:18Z)
[2026-07-15 00:41:22] 仓库 https://github.com/8680/GOODBYEADS 候选文件 8 个
[2026-07-15 00:41:22]   父仓库: deezertidal/QuantumultX-Rewrite
[2026-07-15 00:41:22] 仓库 https://github.com/WILL-yy/QuantumultX-Rewrite README 含广告词，加入黑名单
[2026-07-15 00:41:22] 仓库 https://github.com/ohyoxo/QuantumultX-Rewrite (分支: master, size: 11247420KB, pushed: 2026-07-14T13:23:11Z)
[2026-07-15 00:41:23] 仓库 https://github.com/602832789/QuantumultX-Rewrite 候选文件较多 (1011 个)，先通过 commits API 过滤
[2026-07-15 00:41:25] 仓库 https://github.com/ohyoxo/QuantumultX-Rewrite 候选文件较多 (1011 个)，先通过 commits API 过滤
[2026-07-15 00:41:28] 👤 遍历用户仓库: 11hapiness
[2026-07-15 00:41:30]   👤 用户仓库: 29 个 → 队列
[2026-07-15 00:41:30]   用户 11hapiness 共查 29 个仓库
[2026-07-15 00:41:30]   Compare API 返回 12 个变更文件 (3 次 API 调用)
[2026-07-15 00:41:30] 仓库 https://github.com/ShAlIow/QuantumultX-Rewrite (分支: master, size: 11257421KB, pushed: 2026-07-14T12:57:07Z)[2026-07-15 00:41:30]   Compare API 返回 12 个变更文件 (3 次 API 调用)
[2026-07-15 00:41:30]   commits 过滤: 1011 → 0 (变更文件 12 个)[2026-07-15 00:41:30]   commits 过滤: 1011 → 0 (变更文件 12 个)


[2026-07-15 00:41:30] 仓库 https://github.com/602832789/QuantumultX-Rewrite 候选文件经时间过滤后为空[2026-07-15 00:41:30] 仓库 https://github.com/ohyoxo/QuantumultX-Rewrite 候选文件经时间过滤后为空

[2026-07-15 00:41:30] 🔗 查子仓库: ohyoxo/QuantumultX-Rewrite[2026-07-15 00:41:30] 🔗 查子仓库: 602832789/QuantumultX-Rewrite

[2026-07-15 00:41:30] 🔗 开始 Fork 链追踪 (602832789/QuantumultX-Rewrite)
[2026-07-15 00:41:32] 🔗 开始 Fork 链追踪 (ohyoxo/QuantumultX-Rewrite)[2026-07-15 00:41:32] 仓库 https://github.com/ShAlIow/QuantumultX-Rewrite 候选文件较多 (1011 个)，先通过 commits API 过滤

[2026-07-15 00:41:33]   父仓库: deezertidal/QuantumultX-Rewrite
[2026-07-15 00:41:34] 仓库 https://github.com/8680/GOODBYEADS 未提取到节点，加入黑名单
[2026-07-15 00:41:34] 仓库 https://github.com/MaYIHEI/paperclip (分支: main, size: 846KB, pushed: 2026-07-14T12:15:11Z)
[2026-07-15 00:41:35]   父仓库: deezertidal/QuantumultX-Rewrite
[2026-07-15 00:41:37] 仓库 https://github.com/MaYIHEI/paperclip 候选文件 46 个[2026-07-15 00:41:37] 👤 遍历用户仓库: 602832789
[2026-07-15 00:41:37]   Compare API 返回 12 个变更文件 (3 次 API 调用)

[2026-07-15 00:41:37]   commits 过滤: 1011 → 0 (变更文件 12 个)
[2026-07-15 00:41:37] 仓库 https://github.com/ShAlIow/QuantumultX-Rewrite 候选文件经时间过滤后为空
[2026-07-15 00:41:37] 🔗 查子仓库: ShAlIow/QuantumultX-Rewrite
[2026-07-15 00:41:38] 仓库 https://github.com/MaYIHEI/paperclip README 含广告词，加入黑名单
[2026-07-15 00:41:38] 仓库 https://github.com/Z-Vaj/Quantumult-X89996462 (分支: main, size: 3502KB, pushed: 2026-07-14T12:03:14Z)
[2026-07-15 00:41:39] 👤 遍历用户仓库: ohyoxo
[2026-07-15 00:41:39] 🔗 开始 Fork 链追踪 (ShAlIow/QuantumultX-Rewrite)
[2026-07-15 00:41:39] 仓库 https://github.com/Z-Vaj/Quantumult-X89996462 无候选文件 (总计 849 blob, 扩展名过滤 803, processed_shas 跳过 0, SHA 缓存跳过 46)
[2026-07-15 00:41:39] 🔗 查子仓库: Z-Vaj/Quantumult-X89996462
[2026-07-15 00:41:41]   父仓库: deezertidal/QuantumultX-Rewrite[2026-07-15 00:41:41]   👤 用户仓库: 9 个 → 队列

[2026-07-15 00:41:41]   用户 602832789 共查 9 个仓库
[2026-07-15 00:41:41] 仓库 https://github.com/agesky/Quantumult-X (分支: main, size: 3502KB, pushed: 2026-07-14T11:33:23Z)
[2026-07-15 00:41:43] 🔗 开始 Fork 链追踪 (Z-Vaj/Quantumult-X89996462)
[2026-07-15 00:41:44]   父仓库: 89996462/Quantumult-X
[2026-07-15 00:41:44] 仓库 https://github.com/agesky/Quantumult-X 无候选文件 (总计 849 blob, 扩展名过滤 803, processed_shas 跳过 0, SHA 缓存跳过 46)
[2026-07-15 00:41:44] 🔗 查子仓库: agesky/Quantumult-X
[2026-07-15 00:41:46] 👤 遍历用户仓库: ShAlIow
[2026-07-15 00:41:48] 🔗 开始 Fork 链追踪 (agesky/Quantumult-X)
[2026-07-15 00:41:48]   父仓库: 89996462/Quantumult-X
[2026-07-15 00:41:48]   🍴 兄弟仓库: 30 个 → 队列
[2026-07-15 00:41:48] 👤 遍历用户仓库: Z-Vaj
[2026-07-15 00:41:51]   🍴 兄弟仓库: 16 个 → 队列
[2026-07-15 00:41:51] 👤 遍历用户仓库: agesky
[2026-07-15 00:41:53]   👤 用户仓库: 24 个 → 队列
[2026-07-15 00:41:53]   用户 Z-Vaj 共查 24 个仓库
[2026-07-15 00:41:53] 仓库 https://github.com/mercerhorton157169/QuantumultX-deezertidal (分支: master, size: 11251039KB, pushed: 2026-07-14T11:04:15Z)
[2026-07-15 00:41:53]   👤 用户仓库: 22 个 → 队列
[2026-07-15 00:41:53]   用户 agesky 共查 22 个仓库
[2026-07-15 00:41:53] 仓库 https://github.com/y0han11/Quantumult-X (分支: main, size: 3502KB, pushed: 2026-07-14T10:56:20Z)
[2026-07-15 00:41:55]   👤 用户仓库: 30 个 → 队列[2026-07-15 00:41:55]   👤 用户仓库: 30 个 → 队列[2026-07-15 00:41:55] 仓库 https://github.com/mercerhorton157169/QuantumultX-deezertidal 候选文件较多 (1011 个)，先通过 commits API 过滤


[2026-07-15 00:41:55]   用户 ohyoxo 共查 30 个仓库
[2026-07-15 00:41:55]   用户 ShAlIow 共查 30 个仓库
[2026-07-15 00:41:55] 仓库 https://github.com/Hitooooo/QuantumultX (分支: main, size: 9609KB, pushed: 2026-07-14T10:34:35Z)
[2026-07-15 00:41:55] 仓库 https://github.com/602832789/Quantumult-X (分支: main, size: 3502KB, pushed: 2026-07-14T09:36:18Z)
[2026-07-15 00:41:57] 仓库 https://github.com/y0han11/Quantumult-X 无候选文件 (总计 849 blob, 扩展名过滤 803, processed_shas 跳过 0, SHA 缓存跳过 46)
[2026-07-15 00:41:57] 🔗 查子仓库: y0han11/Quantumult-X
[2026-07-15 00:41:57] 🔗 开始 Fork 链追踪 (y0han11/Quantumult-X)
[2026-07-15 00:41:58] 仓库 https://github.com/Hitooooo/QuantumultX 无候选文件 (总计 25 blob, 扩展名过滤 7, processed_shas 跳过 0, SHA 缓存跳过 18)
[2026-07-15 00:41:58] 🔗 查子仓库: Hitooooo/QuantumultX
[2026-07-15 00:42:00]   父仓库: 89996462/Quantumult-X
[2026-07-15 00:42:00] 仓库 https://github.com/602832789/Quantumult-X 无候选文件 (总计 849 blob, 扩展名过滤 803, processed_shas 跳过 0, SHA 缓存跳过 46)
[2026-07-15 00:42:00] 🔗 查子仓库: 602832789/Quantumult-X
[2026-07-15 00:42:02] 🔗 开始 Fork 链追踪 (Hitooooo/QuantumultX)
[2026-07-15 00:42:02] 🔗 开始 Fork 链追踪 (602832789/Quantumult-X)
[2026-07-15 00:42:02]   父仓库: curtinp118/QuantumultX
[2026-07-15 00:42:02] 仓库在黑名单中: https://github.com/curtinp118/QuantumultX
[2026-07-15 00:42:02]   父仓库 +0 个节点
[2026-07-15 00:42:02]   父仓库: 89996462/Quantumult-X
[2026-07-15 00:42:04]   Compare API 返回 12 个变更文件 (3 次 API 调用)
[2026-07-15 00:42:04]   commits 过滤: 1011 → 0 (变更文件 12 个)
[2026-07-15 00:42:04] 仓库 https://github.com/mercerhorton157169/QuantumultX-deezertidal 候选文件经时间过滤后为空
[2026-07-15 00:42:04] 🔗 查子仓库: mercerhorton157169/QuantumultX-deezertidal
[2026-07-15 00:42:06]   🍴 兄弟仓库: 11 个 → 队列
[2026-07-15 00:42:06] 👤 遍历用户仓库: Hitooooo
[2026-07-15 00:42:06] 🔗 开始 Fork 链追踪 (mercerhorton157169/QuantumultX-deezertidal)
[2026-07-15 00:42:06] 👤 遍历用户仓库: 602832789
[2026-07-15 00:42:08] 👤 遍历用户仓库: y0han11[2026-07-15 00:42:08]   父仓库: deezertidal/QuantumultX-Rewrite

[2026-07-15 00:42:10]   👤 用户仓库: 29 个 → 队列
[2026-07-15 00:42:10]   用户 Hitooooo 共查 29 个仓库
[2026-07-15 00:42:11] 仓库 https://github.com/T00700/Quantumult-X (分支: main, size: 3502KB, pushed: 2026-07-14T07:45:12Z)
[2026-07-15 00:42:11]   用户 602832789 共查 0 个仓库
[2026-07-15 00:42:11] 仓库 https://github.com/89996462/Quantumult-X (分支: main, size: 3502KB, pushed: 2026-07-14T07:40:02Z)
[2026-07-15 00:42:13] 仓库 https://github.com/T00700/Quantumult-X 无候选文件 (总计 849 blob, 扩展名过滤 803, processed_shas 跳过 0, SHA 缓存跳过 46)[2026-07-15 00:42:13] 仓库 https://github.com/89996462/Quantumult-X 无候选文件 (总计 849 blob, 扩展名过滤 803, processed_shas 跳过 0, SHA 缓存跳过 46)

[2026-07-15 00:42:13] 🔗 查子仓库: 89996462/Quantumult-X
[2026-07-15 00:42:13] 🔗 查子仓库: T00700/Quantumult-X
[2026-07-15 00:42:15] 👤 遍历用户仓库: mercerhorton157169
[2026-07-15 00:42:15]   👤 用户仓库: 30 个 → 队列
[2026-07-15 00:42:15]   用户 y0han11 共查 30 个仓库
[2026-07-15 00:42:15] 仓库 https://github.com/Tschebbischeff/habitat-stash (分支: main, size: 30KB, pushed: 2026-07-14T16:08:42Z)
[2026-07-15 00:42:15] 🔗 开始 Fork 链追踪 (T00700/Quantumult-X)
[2026-07-15 00:42:15]   父仓库: 89996462/Quantumult-X
[2026-07-15 00:42:17] 仓库 https://github.com/Tschebbischeff/habitat-stash 候选文件 15 个
[2026-07-15 00:42:18] 仓库 https://github.com/Tschebbischeff/habitat-stash 未提取到节点，加入黑名单
[2026-07-15 00:42:18] 仓库 https://github.com/mister-nikitos/zieng2-wl-stash (分支: main, size: 17459KB, pushed: 2026-07-14T16:06:50Z)
[2026-07-15 00:42:19]   👤 用户仓库: 15 个 → 队列
[2026-07-15 00:42:19]   用户 mercerhorton157169 共查 15 个仓库
[2026-07-15 00:42:19] ⚠️ 仓库 https://github.com/ninounini/stash-box-postgres 大小为 0，跳过
[2026-07-15 00:42:19] 仓库 https://github.com/Serechops/vexxx-stash (分支: master, size: 18267KB, pushed: 2026-07-14T15:53:11Z)
[2026-07-15 00:42:20] 仓库 https://github.com/mister-nikitos/zieng2-wl-stash 候选文件 6 个
[2026-07-15 00:42:20] 🔗 开始 Fork 链追踪 (89996462/Quantumult-X)
[2026-07-15 00:42:20] 📄 https://raw.githubusercontent.com/mister-nikitos/zieng2-wl-stash/main/output/stash_lite.yaml ✅ 解析 101 候选 → 101 个有效节点 → 去重后新增 2 个
[2026-07-15 00:42:22] 🔗 查子仓库: mister-nikitos/zieng2-wl-stash
[2026-07-15 00:42:22] 👤 遍历用户仓库: T00700[2026-07-15 00:42:22] 仓库 https://github.com/Serechops/vexxx-stash 候选文件较多 (185 个)，先通过 commits API 过滤

[2026-07-15 00:42:22] 🔗 开始 Fork 链追踪 (mister-nikitos/zieng2-wl-stash)
[2026-07-15 00:42:22] 👤 遍历用户仓库: 89996462
[2026-07-15 00:42:24] 👤 遍历用户仓库: mister-nikitos
[2026-07-15 00:42:26]   👤 用户仓库: 5 个 → 队列
[2026-07-15 00:42:26]   用户 89996462 共查 5 个仓库
[2026-07-15 00:42:26] 仓库 https://github.com/deezertidal/stash-override (分支: master, size: 15638553KB, pushed: 2026-07-14T15:52:47Z)
[2026-07-15 00:42:28]   Compare API 返回 35 个变更文件 (3 次 API 调用)[2026-07-15 00:42:28] 仓库 https://github.com/deezertidal/stash-override 候选文件较多 (735 个)，先通过 commits API 过滤

[2026-07-15 00:42:28]   commits 过滤: 185 → 1 (变更文件 35 个)
[2026-07-15 00:42:28] 仓库 https://github.com/Serechops/vexxx-stash 候选文件 1 个
[2026-07-15 00:42:29] 仓库 https://github.com/Serechops/vexxx-stash 未提取到节点，加入黑名单
[2026-07-15 00:42:29] 仓库 https://github.com/tanlidoushen/my-stash-toolbox (分支: main, size: 49KB, pushed: 2026-07-14T15:29:18Z)
[2026-07-15 00:42:30]   👤 用户仓库: 1 个 → 队列
[2026-07-15 00:42:30]   用户 mister-nikitos 共查 1 个仓库
[2026-07-15 00:42:30] 仓库 https://github.com/blydiet/DevStash (分支: development, size: 71KB, pushed: 2026-07-14T15:22:13Z)
[2026-07-15 00:42:30]   👤 用户仓库: 30 个 → 队列
[2026-07-15 00:42:30]   用户 T00700 共查 30 个仓库
[2026-07-15 00:42:30] 仓库 https://github.com/Kimiblock/stashpak (分支: master, size: 139KB, pushed: 2026-07-14T15:16:18Z)
[2026-07-15 00:42:32] 仓库 https://github.com/tanlidoushen/my-stash-toolbox 候选文件 6 个[2026-07-15 00:42:32] 仓库 https://github.com/blydiet/DevStash 候选文件 8 个
[2026-07-15 00:42:32] 仓库 https://github.com/Kimiblock/stashpak 候选文件 3 个

[2026-07-15 00:42:34] 仓库 https://github.com/Kimiblock/stashpak 未提取到节点，加入黑名单
[2026-07-15 00:42:34] 仓库 https://github.com/Joe-Speed/sprue (分支: main, size: 19KB, pushed: 2026-07-14T15:04:23Z)
[2026-07-15 00:42:35] 仓库 https://github.com/tanlidoushen/my-stash-toolbox 未提取到节点，加入黑名单
[2026-07-15 00:42:35] 仓库 https://github.com/maso2k20/stash-playlists (分支: main, size: 1486KB, pushed: 2026-07-14T15:00:58Z)
[2026-07-15 00:42:35] 仓库 https://github.com/blydiet/DevStash 未提取到节点，加入黑名单
[2026-07-15 00:42:35] 仓库 https://github.com/nihalxofficial/Stash-Online-Gaming-Site (分支: main, size: 14645KB, pushed: 2026-07-14T14:51:01Z)
[2026-07-15 00:42:35] 仓库 https://github.com/Joe-Speed/sprue 候选文件 7 个
[2026-07-15 00:42:35] 仓库 https://github.com/maso2k20/stash-playlists 候选文件 9 个
[2026-07-15 00:42:35] 仓库 https://github.com/nihalxofficial/Stash-Online-Gaming-Site 候选文件 3 个
[2026-07-15 00:42:36]   Compare API 返回 12 个变更文件 (3 次 API 调用)
[2026-07-15 00:42:36]   commits 过滤: 735 → 0 (变更文件 12 个)
[2026-07-15 00:42:36] 仓库 https://github.com/deezertidal/stash-override 候选文件经时间过滤后为空
[2026-07-15 00:42:36] 🔗 查子仓库: deezertidal/stash-override
[2026-07-15 00:42:36] 仓库 https://github.com/nihalxofficial/Stash-Online-Gaming-Site 未提取到节点，加入黑名单
[2026-07-15 00:42:36] 仓库 https://github.com/stashgg/stash-native (分支: main, size: 2794KB, pushed: 2026-07-14T14:42:36Z)
[2026-07-15 00:42:37] 仓库 https://github.com/Joe-Speed/sprue 未提取到节点，加入黑名单
[2026-07-15 00:42:37] 仓库 https://github.com/50P3D/Stash (分支: main, size: 4KB, pushed: 2026-07-14T14:23:34Z)
[2026-07-15 00:42:37] 仓库 https://github.com/stashgg/stash-native 候选文件 21 个
[2026-07-15 00:42:37]   🍴 子仓库: 30 个 → 队列
[2026-07-15 00:42:37] 🔗 开始 Fork 链追踪 (deezertidal/stash-override)
[2026-07-15 00:42:38] 仓库 https://github.com/stashgg/stash-native 未提取到节点，加入黑名单
[2026-07-15 00:42:38] 仓库 https://github.com/bancolombia/bin-stash (分支: master, size: 713KB, pushed: 2026-07-14T14:00:43Z)
[2026-07-15 00:42:38] 仓库 https://github.com/maso2k20/stash-playlists 未提取到节点，加入黑名单
[2026-07-15 00:42:38] 仓库 https://github.com/DeckardGer/stashr-skills (分支: main, size: 5KB, pushed: 2026-07-14T13:41:49Z)
[2026-07-15 00:42:39] 仓库 https://github.com/50P3D/Stash 候选文件 2 个
[2026-07-15 00:42:39] 👤 遍历用户仓库: deezertidal
[2026-07-15 00:42:39] 仓库 https://github.com/DeckardGer/stashr-skills 候选文件 3 个
[2026-07-15 00:42:39] 仓库 https://github.com/bancolombia/bin-stash 候选文件 17 个
[2026-07-15 00:42:40] 仓库 https://github.com/50P3D/Stash 未提取到节点，加入黑名单
[2026-07-15 00:42:40] 仓库 https://github.com/smafnan/notion-tab-stash (分支: main, size: 5KB, pushed: 2026-07-14T13:27:56Z)
[2026-07-15 00:42:40] 仓库 https://github.com/bancolombia/bin-stash 未提取到节点，加入黑名单
[2026-07-15 00:42:40] 仓库 https://github.com/mekedron/InputStash (分支: main, size: 1336KB, pushed: 2026-07-14T13:01:32Z)
[2026-07-15 00:42:40] 仓库 https://github.com/DeckardGer/stashr-skills 未提取到节点，加入黑名单
[2026-07-15 00:42:40] 仓库 https://github.com/JaydenCJ/stashd (分支: main, size: 62KB, pushed: 2026-07-14T12:55:18Z)
[2026-07-15 00:42:41]   用户 deezertidal 共查 0 个仓库
[2026-07-15 00:42:41] 仓库 https://github.com/tanmayairbase/AgentStash (分支: main, size: 2956KB, pushed: 2026-07-14T11:42:29Z)
[2026-07-15 00:42:42] 仓库 https://github.com/smafnan/notion-tab-stash 候选文件 2 个
[2026-07-15 00:42:42] 仓库 https://github.com/JaydenCJ/stashd 候选文件 11 个
[2026-07-15 00:42:42] 仓库 https://github.com/mekedron/InputStash 候选文件 14 个
[2026-07-15 00:42:42] 仓库 https://github.com/tanmayairbase/AgentStash 候选文件 18 个
[2026-07-15 00:42:42] 仓库 https://github.com/smafnan/notion-tab-stash 未提取到节点，加入黑名单
[2026-07-15 00:42:42] 仓库 https://github.com/GamingShitposting/TomoStash (分支: main, size: 248KB, pushed: 2026-07-14T11:28:16Z)
[2026-07-15 00:42:42] 仓库 https://github.com/JaydenCJ/stashd 未提取到节点，加入黑名单
[2026-07-15 00:42:42] 仓库 https://github.com/liliu-z/stashbase (分支: main, size: 60101KB, pushed: 2026-07-14T11:27:50Z)
[2026-07-15 00:42:43] 仓库 https://github.com/tanmayairbase/AgentStash 未提取到节点，加入黑名单
[2026-07-15 00:42:43] 仓库 https://github.com/VahaC/stashboard (分支: main, size: 2961KB, pushed: 2026-07-14T10:52:00Z)
[2026-07-15 00:42:45] 仓库 https://github.com/GamingShitposting/TomoStash 候选文件较多 (167 个)，先通过 commits API 过滤
[2026-07-15 00:42:45] 仓库 https://github.com/liliu-z/stashbase 候选文件 10 个
[2026-07-15 00:42:45] 仓库 https://github.com/VahaC/stashboard 候选文件较多 (199 个)，先通过 commits API 过滤
[2026-07-15 00:42:46] 仓库 https://github.com/mekedron/InputStash 未提取到节点，加入黑名单
[2026-07-15 00:42:46] 仓库 https://github.com/sprintertech/sprinter-stash-contracts (分支: main, size: 9893KB, pushed: 2026-07-14T10:43:44Z)
[2026-07-15 00:42:47] 仓库 https://github.com/liliu-z/stashbase 未提取到节点，加入黑名单
[2026-07-15 00:42:47] 仓库 https://github.com/oziomaokorie01-rgb/Zee-s-World- (分支: main, size: 81331KB, pushed: 2026-07-14T10:24:02Z)
[2026-07-15 00:42:49] 仓库 https://github.com/sprintertech/sprinter-stash-contracts 候选文件 20 个
[2026-07-15 00:42:49]   Compare API 返回 10 个变更文件 (3 次 API 调用)
[2026-07-15 00:42:49]   commits 过滤: 167 → 8 (变更文件 10 个)
[2026-07-15 00:42:49] 仓库 https://github.com/GamingShitposting/TomoStash 候选文件 8 个
[2026-07-15 00:42:50]   Compare API 返回 35 个变更文件 (3 次 API 调用)
[2026-07-15 00:42:50]   commits 过滤: 199 → 6 (变更文件 35 个)
[2026-07-15 00:42:50] 仓库 https://github.com/VahaC/stashboard 候选文件 6 个
[2026-07-15 00:42:50] 仓库 https://github.com/sprintertech/sprinter-stash-contracts 未提取到节点，加入黑名单
[2026-07-15 00:42:50] 仓库 https://github.com/kagura-agent/memes (分支: main, size: 189KB, pushed: 2026-07-14T10:06:57Z)
[2026-07-15 00:42:50] 仓库 https://github.com/oziomaokorie01-rgb/Zee-s-World- 候选文件较多 (849 个)，先通过 commits API 过滤
[2026-07-15 00:42:51] 仓库 https://github.com/kagura-agent/memes 候选文件 8 个
[2026-07-15 00:42:53] 仓库 https://github.com/GamingShitposting/TomoStash 未提取到节点，加入黑名单
[2026-07-15 00:42:53] 仓库 https://github.com/aki-riko/Gitora (分支: master, size: 1088KB, pushed: 2026-07-14T10:13:15Z)
[2026-07-15 00:42:53] 仓库 https://github.com/VahaC/stashboard 未提取到节点，加入黑名单
[2026-07-15 00:42:53] 仓库 https://github.com/rwrife/stash-stash (分支: main, size: 237KB, pushed: 2026-07-14T09:06:38Z)
[2026-07-15 00:42:53] 仓库 https://github.com/kagura-agent/memes 未提取到节点，加入黑名单
[2026-07-15 00:42:53] 仓库 https://github.com/rwrife/quackpack (分支: main, size: 171KB, pushed: 2026-07-14T09:02:13Z)
[2026-07-15 00:42:53] 仓库 https://github.com/rwrife/quackpack 候选文件 10 个
[2026-07-15 00:42:53] 仓库 https://github.com/aki-riko/Gitora 候选文件 10 个
[2026-07-15 00:42:53] 仓库 https://github.com/rwrife/stash-stash 候选文件 4 个
[2026-07-15 00:42:53]   Compare API 返回 1 个变更文件 (3 次 API 调用)
[2026-07-15 00:42:53]   commits 过滤: 849 → 0 (变更文件 1 个)
[2026-07-15 00:42:53] 仓库 https://github.com/oziomaokorie01-rgb/Zee-s-World- 候选文件经时间过滤后为空
[2026-07-15 00:42:53] 🔗 查子仓库: oziomaokorie01-rgb/Zee-s-World-
[2026-07-15 00:42:54] 仓库 https://github.com/rwrife/stash-stash 未提取到节点，加入黑名单
[2026-07-15 00:42:54] ⚠️ 仓库 https://github.com/vishlearn14/git-stash-command 大小为 0，跳过
[2026-07-15 00:42:54] 仓库 https://github.com/Fergana-Labs/stash (分支: main, size: 42941KB, pushed: 2026-07-14T05:25:15Z)
[2026-07-15 00:42:55] 仓库 https://github.com/aki-riko/Gitora 未提取到节点，加入黑名单
[2026-07-15 00:42:55] ⚠️ 仓库 https://github.com/Ibrahim-2804/gitStash 大小为 0，跳过
[2026-07-15 00:42:55] ⚠️ 仓库 https://github.com/leongieser/stashly-models 大小为 0，跳过
[2026-07-15 00:42:55] 仓库 https://github.com/surgioproject/surgio (分支: master, size: 15980KB, pushed: 2026-07-13T20:10:14Z)
[2026-07-15 00:42:56] 🔗 开始 Fork 链追踪 (oziomaokorie01-rgb/Zee-s-World-)
[2026-07-15 00:42:56] 👤 遍历用户仓库: oziomaokorie01-rgb
[2026-07-15 00:42:57] 仓库 https://github.com/rwrife/quackpack 未提取到节点，加入黑名单
[2026-07-15 00:42:57] 仓库 https://github.com/EhsanWebDev/FateenStash (分支: main, size: 355KB, pushed: 2026-07-13T18:22:41Z)
[2026-07-15 00:42:58] 仓库 https://github.com/surgioproject/surgio 无候选文件 (总计 331 blob, 扩展名过滤 247, processed_shas 跳过 0, SHA 缓存跳过 84)
[2026-07-15 00:42:58] 🔗 查子仓库: surgioproject/surgio
[2026-07-15 00:42:58] 仓库 https://github.com/Fergana-Labs/stash 候选文件较多 (110 个)，先通过 commits API 过滤
[2026-07-15 00:43:00] 仓库 https://github.com/EhsanWebDev/FateenStash 候选文件较多 (103 个)，先通过 commits API 过滤
[2026-07-15 00:43:02]   👤 用户仓库: 14 个 → 队列
[2026-07-15 00:43:02]   用户 oziomaokorie01-rgb 共查 14 个仓库
[2026-07-15 00:43:02] ⚠️ 仓库 https://github.com/ZelmerMeteor/reaction-stash-server 大小为 0，跳过
[2026-07-15 00:43:02] ⚠️ 仓库 https://github.com/skynet2791/clash-verge-rev-css 大小为 0，跳过
[2026-07-15 00:43:02] 仓库 https://github.com/700322/clash-verge-script (分支: main, size: 44KB, pushed: 2026-07-14T15:51:34Z)
[2026-07-15 00:43:03] 仓库 https://github.com/700322/clash-verge-script 候选文件 2 个
[2026-07-15 00:43:03] 仓库 https://github.com/700322/clash-verge-script 未提取到节点，加入黑名单
[2026-07-15 00:43:03] 仓库 https://github.com/victorweichen/clash-config (分支: main, size: 3120KB, pushed: 2026-07-14T14:43:36Z)
[2026-07-15 00:43:05]   Compare API 返回 26 个变更文件 (3 次 API 调用)[2026-07-15 00:43:05]   🍴 子仓库: 30 个 → 队列

[2026-07-15 00:43:05]   commits 过滤: 110 → 0 (变更文件 26 个)[2026-07-15 00:43:05] 🔗 开始 Fork 链追踪 (surgioproject/surgio)

[2026-07-15 00:43:05] 仓库 https://github.com/Fergana-Labs/stash 候选文件经时间过滤后为空
[2026-07-15 00:43:05] 🔗 查子仓库: Fergana-Labs/stash
[2026-07-15 00:43:07]   Compare API 返回 2 个变更文件 (3 次 API 调用)
[2026-07-15 00:43:07]   commits 过滤: 103 → 0 (变更文件 2 个)
[2026-07-15 00:43:07] 仓库 https://github.com/EhsanWebDev/FateenStash 候选文件经时间过滤后为空
[2026-07-15 00:43:07] 🔗 查子仓库: EhsanWebDev/FateenStash
[2026-07-15 00:43:07] 🔗 开始 Fork 链追踪 (EhsanWebDev/FateenStash)
[2026-07-15 00:43:07] 👤 遍历用户仓库: surgioproject
[2026-07-15 00:43:07] 仓库 https://github.com/victorweichen/clash-config 候选文件 6 个
[2026-07-15 00:43:07] 👤 遍历用户仓库: EhsanWebDev
[2026-07-15 00:43:09]   👤 用户仓库: 4 个 → 队列
[2026-07-15 00:43:09]   用户 surgioproject 共查 4 个仓库
[2026-07-15 00:43:09] 仓库 https://github.com/Harukite/clash-verge-rev (分支: dev, size: 75362KB, pushed: 2026-07-14T12:35:33Z)
[2026-07-15 00:43:10] 📄 https://raw.githubusercontent.com/victorweichen/clash-config/main/EdNovasCloud_clash.yaml ✅ 解析 40 候选 → 40 个有效节点 → 去重后新增 40 个
[2026-07-15 00:43:11]   🍴 子仓库: 30 个 → 队列
[2026-07-15 00:43:11] 🔗 开始 Fork 链追踪 (Fergana-Labs/stash)
[2026-07-15 00:43:11]   👤 用户仓库: 30 个 → 队列
[2026-07-15 00:43:11]   用户 EhsanWebDev 共查 30 个仓库
[2026-07-15 00:43:11] 仓库 https://github.com/lucienlmy/clash-verge-rev (分支: dev, size: 75362KB, pushed: 2026-07-14T12:29:31Z)
[2026-07-15 00:43:12] 🔗 查子仓库: victorweichen/clash-config
[2026-07-15 00:43:13] 👤 遍历用户仓库: Fergana-Labs[2026-07-15 00:43:13] 仓库 https://github.com/Harukite/clash-verge-rev 候选文件较多 (202 个)，先通过 commits API 过滤

[2026-07-15 00:43:14] 🔗 开始 Fork 链追踪 (victorweichen/clash-config)
[2026-07-15 00:43:16] 👤 遍历用户仓库: victorweichen[2026-07-15 00:43:16] 仓库 https://github.com/lucienlmy/clash-verge-rev 候选文件较多 (202 个)，先通过 commits API 过滤

[2026-07-15 00:43:18]   👤 用户仓库: 8 个 → 队列
[2026-07-15 00:43:18]   用户 Fergana-Labs 共查 8 个仓库
[2026-07-15 00:43:18] 仓库 https://github.com/ayayime/clash-verge-rev (分支: dev, size: 75362KB, pushed: 2026-07-14T10:06:33Z)
[2026-07-15 00:43:18]   Compare API 返回 3 个变更文件 (3 次 API 调用)
[2026-07-15 00:43:18]   commits 过滤: 202 → 0 (变更文件 3 个)
[2026-07-15 00:43:18] 仓库 https://github.com/Harukite/clash-verge-rev 候选文件经时间过滤后为空
[2026-07-15 00:43:18] 🔗 查子仓库: Harukite/clash-verge-rev
[2026-07-15 00:43:20] 仓库 https://github.com/ayayime/clash-verge-rev 候选文件较多 (202 个)，先通过 commits API 过滤
[2026-07-15 00:43:22] 🔗 开始 Fork 链追踪 (Harukite/clash-verge-rev)
[2026-07-15 00:43:22]   👤 用户仓库: 13 个 → 队列
[2026-07-15 00:43:22]   用户 victorweichen 共查 13 个仓库
[2026-07-15 00:43:22] 仓库 https://github.com/xdm2211/clash-verge-rev (分支: dev, size: 76529KB, pushed: 2026-07-14T09:49:20Z)
[2026-07-15 00:43:24]   父仓库: clash-verge-rev/clash-verge-rev[2026-07-15 00:43:24]   Compare API 返回 3 个变更文件 (3 次 API 调用)

[2026-07-15 00:43:24] 仓库 https://github.com/xdm2211/clash-verge-rev 候选文件较多 (202 个)，先通过 commits API 过滤[2026-07-15 00:43:24] 仓库在黑名单中: https://github.com/clash-verge-rev/clash-verge-rev[2026-07-15 00:43:24]   commits 过滤: 202 → 0 (变更文件 3 个)

[2026-07-15 00:43:24] 仓库 https://github.com/lucienlmy/clash-verge-rev 候选文件经时间过滤后为空

[2026-07-15 00:43:24] 🔗 查子仓库: lucienlmy/clash-verge-rev
[2026-07-15 00:43:24]   父仓库 +0 个节点
[2026-07-15 00:43:24] 🔗 开始 Fork 链追踪 (lucienlmy/clash-verge-rev)
[2026-07-15 00:43:28]   父仓库: clash-verge-rev/clash-verge-rev
[2026-07-15 00:43:28] 仓库在黑名单中: https://github.com/clash-verge-rev/clash-verge-rev
[2026-07-15 00:43:28]   父仓库 +0 个节点
[2026-07-15 00:43:29]   Compare API 返回 3 个变更文件 (3 次 API 调用)
[2026-07-15 00:43:29]   commits 过滤: 202 → 0 (变更文件 3 个)
[2026-07-15 00:43:29] 仓库 https://github.com/ayayime/clash-verge-rev 候选文件经时间过滤后为空
[2026-07-15 00:43:29] 🔗 查子仓库: ayayime/clash-verge-rev
[2026-07-15 00:43:29] 🔗 开始 Fork 链追踪 (ayayime/clash-verge-rev)
[2026-07-15 00:43:31]   Compare API 返回 3 个变更文件 (3 次 API 调用)[2026-07-15 00:43:31]   🍴 兄弟仓库: 30 个 → 队列

[2026-07-15 00:43:31]   commits 过滤: 202 → 0 (变更文件 3 个)[2026-07-15 00:43:31] 👤 遍历用户仓库: Harukite

[2026-07-15 00:43:31] 仓库 https://github.com/xdm2211/clash-verge-rev 候选文件经时间过滤后为空
[2026-07-15 00:43:31] 🔗 查子仓库: xdm2211/clash-verge-rev
[2026-07-15 00:43:33]   父仓库: clash-verge-rev/clash-verge-rev
[2026-07-15 00:43:33] 仓库在黑名单中: https://github.com/clash-verge-rev/clash-verge-rev
[2026-07-15 00:43:33]   父仓库 +0 个节点
[2026-07-15 00:43:33] 🔗 开始 Fork 链追踪 (xdm2211/clash-verge-rev)
[2026-07-15 00:43:33]   父仓库: clash-verge-rev/clash-verge-rev
[2026-07-15 00:43:33] 仓库在黑名单中: https://github.com/clash-verge-rev/clash-verge-rev
[2026-07-15 00:43:33]   父仓库 +0 个节点
[2026-07-15 00:43:34]   🍴 兄弟仓库: 21 个 → 队列
[2026-07-15 00:43:34] 👤 遍历用户仓库: lucienlmy
[2026-07-15 00:43:36] 👤 遍历用户仓库: ayayime
[2026-07-15 00:43:38]   👤 用户仓库: 30 个 → 队列
[2026-07-15 00:43:38]   用户 Harukite 共查 30 个仓库
[2026-07-15 00:43:38] 仓库 https://github.com/theshy-tang/clash-verge-rev (分支: dev, size: 75362KB, pushed: 2026-07-14T11:17:38Z)
[2026-07-15 00:43:38] 仓库 https://github.com/theshy-tang/clash-verge-rev 候选文件较多 (202 个)，先通过 commits API 过滤
[2026-07-15 00:43:40] 👤 遍历用户仓库: xdm2211
[2026-07-15 00:43:42]   👤 用户仓库: 25 个 → 队列
[2026-07-15 00:43:42]   用户 ayayime 共查 25 个仓库
[2026-07-15 00:43:42] 仓库 https://github.com/paycoder/clash-verge-rev (分支: dev, size: 76639KB, pushed: 2026-07-14T08:27:05Z)
[2026-07-15 00:43:43] 仓库 https://github.com/paycoder/clash-verge-rev 候选文件较多 (202 个)，先通过 commits API 过滤
[2026-07-15 00:43:43]   Compare API 返回 3 个变更文件 (3 次 API 调用)
[2026-07-15 00:43:43]   commits 过滤: 202 → 0 (变更文件 3 个)
[2026-07-15 00:43:43] 仓库 https://github.com/theshy-tang/clash-verge-rev 候选文件经时间过滤后为空
[2026-07-15 00:43:43] 🔗 查子仓库: theshy-tang/clash-verge-rev
[2026-07-15 00:43:45] 🔗 开始 Fork 链追踪 (theshy-tang/clash-verge-rev)
[2026-07-15 00:43:47]   父仓库: clash-verge-rev/clash-verge-rev
[2026-07-15 00:43:47] 仓库在黑名单中: https://github.com/clash-verge-rev/clash-verge-rev
[2026-07-15 00:43:47]   父仓库 +0 个节点
[2026-07-15 00:43:47]   Compare API 返回 3 个变更文件 (3 次 API 调用)
[2026-07-15 00:43:47]   commits 过滤: 202 → 0 (变更文件 3 个)
[2026-07-15 00:43:47] 仓库 https://github.com/paycoder/clash-verge-rev 候选文件经时间过滤后为空
[2026-07-15 00:43:47] 🔗 查子仓库: paycoder/clash-verge-rev
[2026-07-15 00:43:47] 🔗 开始 Fork 链追踪 (paycoder/clash-verge-rev)
[2026-07-15 00:43:50]   👤 用户仓库: 30 个 → 队列
[2026-07-15 00:43:50]   用户 xdm2211 共查 30 个仓库
[2026-07-15 00:43:50] 仓库 https://github.com/cdryzun/clash-verge-rev (分支: dev, size: 75362KB, pushed: 2026-07-14T07:55:32Z)
[2026-07-15 00:43:52]   👤 用户仓库: 30 个 → 队列[2026-07-15 00:43:52]   父仓库: clash-verge-rev/clash-verge-rev

[2026-07-15 00:43:52] 👤 遍历用户仓库: theshy-tang[2026-07-15 00:43:52]   用户 lucienlmy 共查 30 个仓库
[2026-07-15 00:43:52] 仓库在黑名单中: https://github.com/clash-verge-rev/clash-verge-rev
[2026-07-15 00:43:52] 仓库 https://github.com/liushunqiu/clash-verge-rev (分支: dev, size: 76872KB, pushed: 2026-07-14T06:42:08Z)
[2026-07-15 00:43:52]   父仓库 +0 个节点

[2026-07-15 00:43:54] 仓库 https://github.com/cdryzun/clash-verge-rev 候选文件较多 (202 个)，先通过 commits API 过滤
[2026-07-15 00:43:54] 仓库 https://github.com/liushunqiu/clash-verge-rev 候选文件较多 (202 个)，先通过 commits API 过滤
[2026-07-15 00:43:56]   👤 用户仓库: 30 个 → 队列
[2026-07-15 00:43:56]   用户 theshy-tang 共查 30 个仓库
[2026-07-15 00:43:56] 仓库 https://github.com/darkseed0202/clash-verge-rev (分支: dev, size: 76872KB, pushed: 2026-07-14T06:42:08Z)
[2026-07-15 00:43:58]   Compare API 返回 3 个变更文件 (3 次 API 调用)[2026-07-15 00:43:58] 👤 遍历用户仓库: paycoder

[2026-07-15 00:43:58]   commits 过滤: 202 → 0 (变更文件 3 个)
[2026-07-15 00:43:58] 仓库 https://github.com/cdryzun/clash-verge-rev 候选文件经时间过滤后为空
[2026-07-15 00:43:58] 🔗 查子仓库: cdryzun/clash-verge-rev
[2026-07-15 00:44:00] 仓库 https://github.com/darkseed0202/clash-verge-rev 候选文件较多 (202 个)，先通过 commits API 过滤
[2026-07-15 00:44:00] 🔗 开始 Fork 链追踪 (cdryzun/clash-verge-rev)
[2026-07-15 00:44:00]   Compare API 返回 3 个变更文件 (3 次 API 调用)
[2026-07-15 00:44:00]   commits 过滤: 202 → 0 (变更文件 3 个)
[2026-07-15 00:44:00] 仓库 https://github.com/liushunqiu/clash-verge-rev 候选文件经时间过滤后为空
[2026-07-15 00:44:00] 🔗 查子仓库: liushunqiu/clash-verge-rev
[2026-07-15 00:44:02]   父仓库: clash-verge-rev/clash-verge-rev
[2026-07-15 00:44:02] 仓库在黑名单中: https://github.com/clash-verge-rev/clash-verge-rev
[2026-07-15 00:44:02]   父仓库 +0 个节点
[2026-07-15 00:44:04] 🔗 开始 Fork 链追踪 (liushunqiu/clash-verge-rev)
[2026-07-15 00:44:05]   👤 用户仓库: 30 个 → 队列
[2026-07-15 00:44:05]   用户 paycoder 共查 30 个仓库
[2026-07-15 00:44:05] 仓库 https://github.com/Young0902/clash-verge-rev (分支: dev, size: 76872KB, pushed: 2026-07-14T06:42:08Z)
[2026-07-15 00:44:05]   父仓库: clash-verge-rev/clash-verge-rev
[2026-07-15 00:44:05] 仓库在黑名单中: https://github.com/clash-verge-rev/clash-verge-rev
[2026-07-15 00:44:05]   父仓库 +0 个节点
[2026-07-15 00:44:05]   Compare API 返回 3 个变更文件 (3 次 API 调用)
[2026-07-15 00:44:05]   commits 过滤: 202 → 0 (变更文件 3 个)
[2026-07-15 00:44:05] 仓库 https://github.com/darkseed0202/clash-verge-rev 候选文件经时间过滤后为空
[2026-07-15 00:44:05] 🔗 查子仓库: darkseed0202/clash-verge-rev
[2026-07-15 00:44:07] 仓库 https://github.com/Young0902/clash-verge-rev 候选文件较多 (202 个)，先通过 commits API 过滤
[2026-07-15 00:44:09] 🔗 开始 Fork 链追踪 (darkseed0202/clash-verge-rev)
[2026-07-15 00:44:09]   父仓库: clash-verge-rev/clash-verge-rev
[2026-07-15 00:44:09] 仓库在黑名单中: https://github.com/clash-verge-rev/clash-verge-rev
[2026-07-15 00:44:09]   父仓库 +0 个节点
[2026-07-15 00:44:11] 👤 遍历用户仓库: liushunqiu[2026-07-15 00:44:11] 👤 遍历用户仓库: cdryzun

[2026-07-15 00:44:11]   Compare API 返回 3 个变更文件 (3 次 API 调用)
[2026-07-15 00:44:11]   commits 过滤: 202 → 0 (变更文件 3 个)
[2026-07-15 00:44:11] 仓库 https://github.com/Young0902/clash-verge-rev 候选文件经时间过滤后为空
[2026-07-15 00:44:11] 🔗 查子仓库: Young0902/clash-verge-rev
[2026-07-15 00:44:15] 🔗 开始 Fork 链追踪 (Young0902/clash-verge-rev)
[2026-07-15 00:44:15]   👤 用户仓库: 6 个 → 队列
[2026-07-15 00:44:15]   用户 liushunqiu 共查 6 个仓库
[2026-07-15 00:44:15] 仓库 https://github.com/jack-github/clash-verge-rev (分支: dev, size: 76872KB, pushed: 2026-07-14T06:42:08Z)
[2026-07-15 00:44:16]   父仓库: clash-verge-rev/clash-verge-rev
[2026-07-15 00:44:16] 仓库在黑名单中: https://github.com/clash-verge-rev/clash-verge-rev
[2026-07-15 00:44:16]   父仓库 +0 个节点
[2026-07-15 00:44:16] 👤 遍历用户仓库: darkseed0202
[2026-07-15 00:44:18] 仓库 https://github.com/jack-github/clash-verge-rev 候选文件较多 (202 个)，先通过 commits API 过滤
[2026-07-15 00:44:20]   👤 用户仓库: 30 个 → 队列[2026-07-15 00:44:20]   👤 用户仓库: 12 个 → 队列

[2026-07-15 00:44:20]   用户 darkseed0202 共查 12 个仓库[2026-07-15 00:44:20]   用户 cdryzun 共查 30 个仓库

[2026-07-15 00:44:20] 仓库 https://github.com/kid-1214/clash-verge-rev (分支: dev, size: 76872KB, pushed: 2026-07-14T06:42:08Z)
[2026-07-15 00:44:20] 仓库 https://github.com/baobalas/clash-verge-rev (分支: dev, size: 76872KB, pushed: 2026-07-14T06:42:08Z)
[2026-07-15 00:44:22] 仓库 https://github.com/kid-1214/clash-verge-rev 候选文件较多 (202 个)，先通过 commits API 过滤
[2026-07-15 00:44:22] 仓库 https://github.com/baobalas/clash-verge-rev 候选文件较多 (202 个)，先通过 commits API 过滤[2026-07-15 00:44:22] 👤 遍历用户仓库: Young0902

[2026-07-15 00:44:26]   👤 用户仓库: 1 个 → 队列[2026-07-15 00:44:26]   Compare API 返回 3 个变更文件 (3 次 API 调用)

[2026-07-15 00:44:26]   commits 过滤: 202 → 0 (变更文件 3 个)[2026-07-15 00:44:26]   用户 Young0902 共查 1 个仓库
[2026-07-15 00:44:26] 仓库 https://github.com/jack-github/clash-verge-rev 候选文件经时间过滤后为空

[2026-07-15 00:44:26] 🔗 查子仓库: jack-github/clash-verge-rev
[2026-07-15 00:44:26] 仓库 https://github.com/chiyasakura/clash-verge-rev (分支: dev, size: 76841KB, pushed: 2026-07-14T06:42:08Z)
[2026-07-15 00:44:28] 🔗 开始 Fork 链追踪 (jack-github/clash-verge-rev)
[2026-07-15 00:44:29]   Compare API 返回 3 个变更文件 (3 次 API 调用)
[2026-07-15 00:44:29]   commits 过滤: 202 → 0 (变更文件 3 个)
[2026-07-15 00:44:29] 仓库 https://github.com/kid-1214/clash-verge-rev 候选文件经时间过滤后为空
[2026-07-15 00:44:29] 🔗 查子仓库: kid-1214/clash-verge-rev
[2026-07-15 00:44:29]   Compare API 返回 3 个变更文件 (3 次 API 调用)
[2026-07-15 00:44:29]   commits 过滤: 202 → 0 (变更文件 3 个)
[2026-07-15 00:44:29] 仓库 https://github.com/baobalas/clash-verge-rev 候选文件经时间过滤后为空
[2026-07-15 00:44:29] 🔗 查子仓库: baobalas/clash-verge-rev
[2026-07-15 00:44:31]   父仓库: clash-verge-rev/clash-verge-rev[2026-07-15 00:44:31] 仓库 https://github.com/chiyasakura/clash-verge-rev 候选文件较多 (202 个)，先通过 commits API 过滤

[2026-07-15 00:44:31] 🔗 开始 Fork 链追踪 (kid-1214/clash-verge-rev)[2026-07-15 00:44:31] 仓库在黑名单中: https://github.com/clash-verge-rev/clash-verge-rev

[2026-07-15 00:44:31]   父仓库 +0 个节点
[2026-07-15 00:44:33] 🔗 开始 Fork 链追踪 (baobalas/clash-verge-rev)
[2026-07-15 00:44:33]   父仓库: clash-verge-rev/clash-verge-rev
[2026-07-15 00:44:33] 仓库在黑名单中: https://github.com/clash-verge-rev/clash-verge-rev
[2026-07-15 00:44:33]   父仓库 +0 个节点
[2026-07-15 00:44:35]   父仓库: clash-verge-rev/clash-verge-rev
[2026-07-15 00:44:35] 仓库在黑名单中: https://github.com/clash-verge-rev/clash-verge-rev
[2026-07-15 00:44:35]   父仓库 +0 个节点
[2026-07-15 00:44:35]   Compare API 返回 3 个变更文件 (3 次 API 调用)
[2026-07-15 00:44:35]   commits 过滤: 202 → 0 (变更文件 3 个)
[2026-07-15 00:44:35] 仓库 https://github.com/chiyasakura/clash-verge-rev 候选文件经时间过滤后为空
[2026-07-15 00:44:35] 🔗 查子仓库: chiyasakura/clash-verge-rev
[2026-07-15 00:44:37] 👤 遍历用户仓库: jack-github
[2026-07-15 00:44:39] 🔗 开始 Fork 链追踪 (chiyasakura/clash-verge-rev)
[2026-07-15 00:44:39]   父仓库: clash-verge-rev/clash-verge-rev
[2026-07-15 00:44:39] 仓库在黑名单中: https://github.com/clash-verge-rev/clash-verge-rev
[2026-07-15 00:44:39]   父仓库 +0 个节点
[2026-07-15 00:44:40] 👤 遍历用户仓库: baobalas
[2026-07-15 00:44:40] 👤 遍历用户仓库: kid-1214
[2026-07-15 00:44:42]   用户 baobalas 共查 0 个仓库
[2026-07-15 00:44:42] 仓库 https://github.com/leeshiming/clash-verge-rev (分支: dev, size: 76841KB, pushed: 2026-07-14T06:42:08Z)
[2026-07-15 00:44:44] 👤 遍历用户仓库: chiyasakura
[2026-07-15 00:44:46] 仓库 https://github.com/leeshiming/clash-verge-rev 候选文件较多 (202 个)，先通过 commits API 过滤
[2026-07-15 00:44:46]   👤 用户仓库: 30 个 → 队列
[2026-07-15 00:44:46]   用户 jack-github 共查 30 个仓库
[2026-07-15 00:44:46] 仓库 https://github.com/hoxiyigu/clash-verge-rev (分支: dev, size: 76872KB, pushed: 2026-07-14T06:42:08Z)
[2026-07-15 00:44:46]   👤 用户仓库: 6 个 → 队列
[2026-07-15 00:44:46]   用户 kid-1214 共查 6 个仓库
[2026-07-15 00:44:46] 仓库 https://github.com/ounce0212/clash-verge-rev (分支: dev, size: 76872KB, pushed: 2026-07-14T06:42:08Z)
[2026-07-15 00:44:48] 仓库 https://github.com/hoxiyigu/clash-verge-rev 候选文件较多 (202 个)，先通过 commits API 过滤
[2026-07-15 00:44:48]   👤 用户仓库: 30 个 → 队列
[2026-07-15 00:44:48]   用户 chiyasakura 共查 30 个仓库
[2026-07-15 00:44:48] 仓库 https://github.com/Harry-Chen-Dev/clash-verge-rev (分支: dev, size: 75355KB, pushed: 2026-07-14T05:40:12Z)
[2026-07-15 00:44:50] 仓库 https://github.com/ounce0212/clash-verge-rev 候选文件较多 (202 个)，先通过 commits API 过滤
[2026-07-15 00:44:52] 仓库 https://github.com/Harry-Chen-Dev/clash-verge-rev 候选文件较多 (203 个)，先通过 commits API 过滤
[2026-07-15 00:44:54]   Compare API 返回 3 个变更文件 (3 次 API 调用)[2026-07-15 00:44:54]   Compare API 返回 3 个变更文件 (3 次 API 调用)

[2026-07-15 00:44:54]   commits 过滤: 202 → 0 (变更文件 3 个)[2026-07-15 00:44:54]   commits 过滤: 202 → 0 (变更文件 3 个)

[2026-07-15 00:44:54] 仓库 https://github.com/hoxiyigu/clash-verge-rev 候选文件经时间过滤后为空[2026-07-15 00:44:54] 仓库 https://github.com/leeshiming/clash-verge-rev 候选文件经时间过滤后为空
[2026-07-15 00:44:54] 🔗 查子仓库: hoxiyigu/clash-verge-rev
[2026-07-15 00:44:54] 🔗 查子仓库: leeshiming/clash-verge-rev

[2026-07-15 00:44:54] 🔗 开始 Fork 链追踪 (leeshiming/clash-verge-rev)
[2026-07-15 00:44:56] 🔗 开始 Fork 链追踪 (hoxiyigu/clash-verge-rev)[2026-07-15 00:44:56]   commits 过滤: 203 → 0 (变更文件 0 个)

[2026-07-15 00:44:56] 仓库 https://github.com/Harry-Chen-Dev/clash-verge-rev 候选文件经时间过滤后为空
[2026-07-15 00:44:56] 🔗 查子仓库: Harry-Chen-Dev/clash-verge-rev
[2026-07-15 00:44:58]   父仓库: clash-verge-rev/clash-verge-rev
[2026-07-15 00:44:58] 仓库在黑名单中: https://github.com/clash-verge-rev/clash-verge-rev
[2026-07-15 00:44:58]   父仓库 +0 个节点
[2026-07-15 00:44:59] 🔗 开始 Fork 链追踪 (Harry-Chen-Dev/clash-verge-rev)
[2026-07-15 00:44:59]   父仓库: clash-verge-rev/clash-verge-rev
[2026-07-15 00:44:59] 仓库在黑名单中: https://github.com/clash-verge-rev/clash-verge-rev
[2026-07-15 00:44:59]   父仓库 +0 个节点
[2026-07-15 00:44:59]   Compare API 返回 3 个变更文件 (3 次 API 调用)
[2026-07-15 00:44:59]   commits 过滤: 202 → 0 (变更文件 3 个)
[2026-07-15 00:44:59] 仓库 https://github.com/ounce0212/clash-verge-rev 候选文件经时间过滤后为空
[2026-07-15 00:44:59] 🔗 查子仓库: ounce0212/clash-verge-rev
[2026-07-15 00:45:01]   父仓库: clash-verge-rev/clash-verge-rev
[2026-07-15 00:45:01] 仓库在黑名单中: https://github.com/clash-verge-rev/clash-verge-rev
[2026-07-15 00:45:01]   父仓库 +0 个节点
[2026-07-15 00:45:03] 🔗 开始 Fork 链追踪 (ounce0212/clash-verge-rev)
[2026-07-15 00:45:03]   父仓库: clash-verge-rev/clash-verge-rev
[2026-07-15 00:45:03] 仓库在黑名单中: https://github.com/clash-verge-rev/clash-verge-rev
[2026-07-15 00:45:03]   父仓库 +0 个节点
[2026-07-15 00:45:03] 👤 遍历用户仓库: hoxiyigu
[2026-07-15 00:45:03] 👤 遍历用户仓库: leeshiming
[2026-07-15 00:45:06]   👤 用户仓库: 30 个 → 队列
[2026-07-15 00:45:06]   用户 hoxiyigu 共查 30 个仓库
[2026-07-15 00:45:06] 仓库 https://github.com/Link-Start/clash-verge-rev_clash-verge-rev (分支: dev, size: 77016KB, pushed: 2026-07-14T01:52:50Z)
[2026-07-15 00:45:08] 👤 遍历用户仓库: Harry-Chen-Dev
[2026-07-15 00:45:08] 👤 遍历用户仓库: ounce0212
[2026-07-15 00:45:10] 仓库 https://github.com/Link-Start/clash-verge-rev_clash-verge-rev 候选文件较多 (203 个)，先通过 commits API 过滤
[2026-07-15 00:45:10]   👤 用户仓库: 30 个 → 队列
[2026-07-15 00:45:10]   用户 leeshiming 共查 30 个仓库
[2026-07-15 00:45:10] 仓库 https://github.com/CloudEngineHub/clash-verge-rev (分支: dev, size: 76706KB, pushed: 2026-07-14T01:30:48Z)
[2026-07-15 00:45:10]   commits 过滤: 203 → 0 (变更文件 0 个)
[2026-07-15 00:45:10] 仓库 https://github.com/Link-Start/clash-verge-rev_clash-verge-rev 候选文件经时间过滤后为空
[2026-07-15 00:45:10] 🔗 查子仓库: Link-Start/clash-verge-rev_clash-verge-rev
[2026-07-15 00:45:12] 仓库 https://github.com/CloudEngineHub/clash-verge-rev 候选文件较多 (203 个)，先通过 commits API 过滤
[2026-07-15 00:45:14] 🔗 开始 Fork 链追踪 (Link-Start/clash-verge-rev_clash-verge-rev)
[2026-07-15 00:45:14]   👤 用户仓库: 30 个 → 队列
[2026-07-15 00:45:14]   用户 Harry-Chen-Dev 共查 30 个仓库
[2026-07-15 00:45:14] 仓库 https://github.com/flearc/clash-verge-rev (分支: dev, size: 76854KB, pushed: 2026-07-13T23:37:55Z)
[2026-07-15 00:45:14]   父仓库: clash-verge-rev/clash-verge-rev
[2026-07-15 00:45:14] 仓库在黑名单中: https://github.com/clash-verge-rev/clash-verge-rev
[2026-07-15 00:45:14]   父仓库 +0 个节点
[2026-07-15 00:45:16]   commits 过滤: 203 → 0 (变更文件 0 个)[2026-07-15 00:45:16] 仓库 https://github.com/flearc/clash-verge-rev 候选文件较多 (203 个)，先通过 commits API 过滤

[2026-07-15 00:45:16] 仓库 https://github.com/CloudEngineHub/clash-verge-rev 候选文件经时间过滤后为空
[2026-07-15 00:45:16] 🔗 查子仓库: CloudEngineHub/clash-verge-rev
[2026-07-15 00:45:19]   👤 用户仓库: 30 个 → 队列
[2026-07-15 00:45:19]   用户 ounce0212 共查 30 个仓库
[2026-07-15 00:45:19] 仓库 https://github.com/teddingdev/clash-verge-rev (分支: dev, size: 76854KB, pushed: 2026-07-13T23:37:55Z)
[2026-07-15 00:45:19] 🔗 开始 Fork 链追踪 (CloudEngineHub/clash-verge-rev)
[2026-07-15 00:45:21] 👤 遍历用户仓库: Link-Start[2026-07-15 00:45:21]   父仓库: clash-verge-rev/clash-verge-rev
[2026-07-15 00:45:21] 仓库 https://github.com/teddingdev/clash-verge-rev 候选文件较多 (203 个)，先通过 commits API 过滤
[2026-07-15 00:45:21] 仓库在黑名单中: https://github.com/clash-verge-rev/clash-verge-rev

[2026-07-15 00:45:21]   父仓库 +0 个节点
[2026-07-15 00:45:23]   commits 过滤: 203 → 0 (变更文件 0 个)
[2026-07-15 00:45:23] 仓库 https://github.com/flearc/clash-verge-rev 候选文件经时间过滤后为空
[2026-07-15 00:45:23] 🔗 查子仓库: flearc/clash-verge-rev
[2026-07-15 00:45:23] 🔗 开始 Fork 链追踪 (flearc/clash-verge-rev)
[2026-07-15 00:45:23]   commits 过滤: 203 → 0 (变更文件 0 个)
[2026-07-15 00:45:23] 仓库 https://github.com/teddingdev/clash-verge-rev 候选文件经时间过滤后为空
[2026-07-15 00:45:23] 🔗 查子仓库: teddingdev/clash-verge-rev
[2026-07-15 00:45:25]   父仓库: clash-verge-rev/clash-verge-rev
[2026-07-15 00:45:25] 仓库在黑名单中: https://github.com/clash-verge-rev/clash-verge-rev
[2026-07-15 00:45:25]   父仓库 +0 个节点
[2026-07-15 00:45:27] 🔗 开始 Fork 链追踪 (teddingdev/clash-verge-rev)
[2026-07-15 00:45:27]   父仓库: clash-verge-rev/clash-verge-rev
[2026-07-15 00:45:27] 仓库在黑名单中: https://github.com/clash-verge-rev/clash-verge-rev
[2026-07-15 00:45:27]   父仓库 +0 个节点
[2026-07-15 00:45:28] 👤 遍历用户仓库: CloudEngineHub
[2026-07-15 00:45:32] 👤 遍历用户仓库: flearc
[2026-07-15 00:45:32] 👤 遍历用户仓库: teddingdev
[2026-07-15 00:45:32]   👤 用户仓库: 18 个 → 队列
[2026-07-15 00:45:32]   用户 flearc 共查 18 个仓库
[2026-07-15 00:45:32] 仓库 https://github.com/ffformer/clash-verge-rev (分支: dev, size: 76854KB, pushed: 2026-07-13T23:37:55Z)
[2026-07-15 00:45:35] 仓库 https://github.com/ffformer/clash-verge-rev 候选文件较多 (203 个)，先通过 commits API 过滤
[2026-07-15 00:45:37]   👤 用户仓库: 30 个 → 队列
[2026-07-15 00:45:37]   用户 Link-Start 共查 30 个仓库
[2026-07-15 00:45:37] 仓库 https://github.com/lehoon/clash-verge-rev (分支: dev, size: 76854KB, pushed: 2026-07-13T23:37:55Z)
[2026-07-15 00:45:37]   👤 用户仓库: 30 个 → 队列
[2026-07-15 00:45:37]   用户 teddingdev 共查 30 个仓库
[2026-07-15 00:45:37] 仓库 https://github.com/kaiwisdom/clash-verge-rev (分支: dev, size: 76854KB, pushed: 2026-07-13T23:37:55Z)
[2026-07-15 00:45:37]   commits 过滤: 203 → 0 (变更文件 0 个)
[2026-07-15 00:45:37] 仓库 https://github.com/ffformer/clash-verge-rev 候选文件经时间过滤后为空
[2026-07-15 00:45:37] 🔗 查子仓库: ffformer/clash-verge-rev
[2026-07-15 00:45:39] 仓库 https://github.com/lehoon/clash-verge-rev 候选文件较多 (203 个)，先通过 commits API 过滤[2026-07-15 00:45:39] 仓库 https://github.com/kaiwisdom/clash-verge-rev 候选文件较多 (203 个)，先通过 commits API 过滤

[2026-07-15 00:45:41] 🔗 开始 Fork 链追踪 (ffformer/clash-verge-rev)
[2026-07-15 00:45:41]   父仓库: clash-verge-rev/clash-verge-rev
[2026-07-15 00:45:41] 仓库在黑名单中: https://github.com/clash-verge-rev/clash-verge-rev
[2026-07-15 00:45:41]   父仓库 +0 个节点
[2026-07-15 00:45:43]   commits 过滤: 203 → 0 (变更文件 0 个)
[2026-07-15 00:45:43]   commits 过滤: 203 → 0 (变更文件 0 个)[2026-07-15 00:45:43] ⏱️ [42/122] trojan sub pushed:>2026-07-13T16:01:45Z fork:true -language: | 339s | +42[2026-07-15 00:45:43]   👤 用户仓库: 30 个 → 队列
[2026-07-15 00:45:43] 仓库 https://github.com/kaiwisdom/clash-verge-rev 候选文件经时间过滤后为空


[2026-07-15 00:45:43]   用户 CloudEngineHub 共查 30 个仓库[2026-07-15 00:45:43] 🔗 查子仓库: kaiwisdom/clash-verge-rev

[2026-07-15 00:45:43] 仓库 https://github.com/lehoon/clash-verge-rev 候选文件经时间过滤后为空
[2026-07-15 00:45:43] 🔗 查子仓库: lehoon/clash-verge-rev[2026-07-15 00:45:43] 仓库 https://github.com/zzz6519003/clash-verge-rev (分支: dev, size: 76854KB, pushed: 2026-07-13T23:37:55Z)

[2026-07-15 00:45:45] 🔗 开始 Fork 链追踪 (kaiwisdom/clash-verge-rev)
[2026-07-15 00:45:45] 🔗 开始 Fork 链追踪 (lehoon/clash-verge-rev)
[2026-07-15 00:45:47]   父仓库: clash-verge-rev/clash-verge-rev[2026-07-15 00:45:47] 仓库 https://github.com/zzz6519003/clash-verge-rev 候选文件较多 (203 个)，先通过 commits API 过滤[2026-07-15 00:45:47] 👤 遍历用户仓库: ffformer


[2026-07-15 00:45:47] 仓库在黑名单中: https://github.com/clash-verge-rev/clash-verge-rev
[2026-07-15 00:45:47]   父仓库 +0 个节点
[2026-07-15 00:45:49]   父仓库: clash-verge-rev/clash-verge-rev
[2026-07-15 00:45:49] 仓库在黑名单中: https://github.com/clash-verge-rev/clash-verge-rev
[2026-07-15 00:45:49]   父仓库 +0 个节点
[2026-07-15 00:45:52]   👤 用户仓库: 3 个 → 队列
[2026-07-15 00:45:52]   用户 ffformer 共查 3 个仓库
[2026-07-15 00:45:52] 仓库 https://github.com/donghupo/clash-verge-rev (分支: dev, size: 76854KB, pushed: 2026-07-13T23:37:55Z)
[2026-07-15 00:45:54]   commits 过滤: 203 → 0 (变更文件 0 个)
[2026-07-15 00:45:54] 仓库 https://github.com/zzz6519003/clash-verge-rev 候选文件经时间过滤后为空
[2026-07-15 00:45:54] 👤 遍历用户仓库: kaiwisdom[2026-07-15 00:45:54] 👤 遍历用户仓库: lehoon[2026-07-15 00:45:54] 🔗 查子仓库: zzz6519003/clash-verge-rev


[2026-07-15 00:45:56] 仓库 https://github.com/donghupo/clash-verge-rev 候选文件较多 (203 个)，先通过 commits API 过滤
[2026-07-15 00:45:56] 🔗 开始 Fork 链追踪 (zzz6519003/clash-verge-rev)
[2026-07-15 00:45:56] ⏱️ [43/122] ss sub pushed:>2026-07-13T16:01:45Z fork:true -language:HTML | 13s | +0
[2026-07-15 00:45:58]   commits 过滤: 203 → 0 (变更文件 0 个)[2026-07-15 00:45:58]   父仓库: clash-verge-rev/clash-verge-rev

[2026-07-15 00:45:58] 仓库在黑名单中: https://github.com/clash-verge-rev/clash-verge-rev[2026-07-15 00:45:58] 仓库 https://github.com/donghupo/clash-verge-rev 候选文件经时间过滤后为空

[2026-07-15 00:45:58] 🔗 查子仓库: donghupo/clash-verge-rev[2026-07-15 00:45:58]   父仓库 +0 个节点

[2026-07-15 00:46:00] 🔗 开始 Fork 链追踪 (donghupo/clash-verge-rev)
[2026-07-15 00:46:02] ⏱️ [44/122] ssr sub pushed:>2026-07-13T16:01:45Z fork:true -language:HTM | 6s | +0
[2026-07-15 00:46:02]   父仓库: clash-verge-rev/clash-verge-rev
[2026-07-15 00:46:02] 仓库在黑名单中: https://github.com/clash-verge-rev/clash-verge-rev
[2026-07-15 00:46:02]   父仓库 +0 个节点
[2026-07-15 00:46:03] 👤 遍历用户仓库: zzz6519003
[2026-07-15 00:46:07]   👤 用户仓库: 30 个 → 队列
[2026-07-15 00:46:07]   用户 kaiwisdom 共查 30 个仓库
[2026-07-15 00:46:07] 仓库 https://github.com/ysakura99/clash-verge-rev (分支: dev, size: 76860KB, pushed: 2026-07-14T06:38:26Z)
[2026-07-15 00:46:09] 👤 遍历用户仓库: donghupo
[2026-07-15 00:46:11] 仓库 https://github.com/ysakura99/clash-verge-rev 候选文件较多 (203 个)，先通过 commits API 过滤
[2026-07-15 00:46:11]   👤 用户仓库: 3 个 → 队列
[2026-07-15 00:46:11]   用户 donghupo 共查 3 个仓库
[2026-07-15 00:46:11] 仓库 https://github.com/Aries-0331/clash-verge-rev (分支: dev, size: 75381KB, pushed: 2026-07-14T04:04:03Z)
[2026-07-15 00:46:13] 仓库 https://github.com/Aries-0331/clash-verge-rev 候选文件较多 (203 个)，先通过 commits API 过滤
[2026-07-15 00:46:14]   commits 过滤: 203 → 0 (变更文件 0 个)
[2026-07-15 00:46:14] 仓库 https://github.com/ysakura99/clash-verge-rev 候选文件经时间过滤后为空
[2026-07-15 00:46:14] 🔗 查子仓库: ysakura99/clash-verge-rev
[2026-07-15 00:46:16]   👤 用户仓库: 30 个 → 队列[2026-07-15 00:46:16]   commits 过滤: 203 → 0 (变更文件 0 个)
[2026-07-15 00:46:16]   👤 用户仓库: 30 个 → 队列
[2026-07-15 00:46:16]   用户 lehoon 共查 30 个仓库[2026-07-15 00:46:16] 仓库 https://github.com/Aries-0331/clash-verge-rev 候选文件经时间过滤后为空

[2026-07-15 00:46:16] 仓库 https://github.com/tuke-code/clash-verge-rev (分支: dev, size: 76797KB, pushed: 2026-07-13T19:04:48Z)

[2026-07-15 00:46:16]   用户 zzz6519003 共查 30 个仓库
[2026-07-15 00:46:16] 🔗 查子仓库: Aries-0331/clash-verge-rev
[2026-07-15 00:46:16] 仓库 https://github.com/chsoul/clash-verge-rev (分支: dev, size: 75355KB, pushed: 2026-07-13T17:56:29Z)
[2026-07-15 00:46:18] 🔗 开始 Fork 链追踪 (ysakura99/clash-verge-rev)
[2026-07-15 00:46:18] 🔗 开始 Fork 链追踪 (Aries-0331/clash-verge-rev)
[2026-07-15 00:46:18]   父仓库: clash-verge-rev/clash-verge-rev
[2026-07-15 00:46:18] 仓库在黑名单中: https://github.com/clash-verge-rev/clash-verge-rev
[2026-07-15 00:46:18]   父仓库 +0 个节点
[2026-07-15 00:46:18]   父仓库: clash-verge-rev/clash-verge-rev
[2026-07-15 00:46:18] 仓库在黑名单中: https://github.com/clash-verge-rev/clash-verge-rev
[2026-07-15 00:46:18]   父仓库 +0 个节点
[2026-07-15 00:46:20] 仓库 https://github.com/chsoul/clash-verge-rev 候选文件较多 (203 个)，先通过 commits API 过滤[2026-07-15 00:46:20] 仓库 https://github.com/tuke-code/clash-verge-rev 候选文件较多 (203 个)，先通过 commits API 过滤

[2026-07-15 00:46:22]   commits 过滤: 203 → 0 (变更文件 0 个)
[2026-07-15 00:46:22] 仓库 https://github.com/chsoul/clash-verge-rev 候选文件经时间过滤后为空
[2026-07-15 00:46:22] 🔗 查子仓库: chsoul/clash-verge-rev
[2026-07-15 00:46:24]   commits 过滤: 203 → 0 (变更文件 0 个)[2026-07-15 00:46:24] 👤 遍历用户仓库: ysakura99[2026-07-15 00:46:24] 👤 遍历用户仓库: Aries-0331


[2026-07-15 00:46:24] 仓库 https://github.com/tuke-code/clash-verge-rev 候选文件经时间过滤后为空
[2026-07-15 00:46:24] 🔗 查子仓库: tuke-code/clash-verge-rev
[2026-07-15 00:46:26] 🔗 开始 Fork 链追踪 (chsoul/clash-verge-rev)
[2026-07-15 00:46:27] 🔗 开始 Fork 链追踪 (tuke-code/clash-verge-rev)
[2026-07-15 00:46:27]   父仓库: clash-verge-rev/clash-verge-rev
[2026-07-15 00:46:27] 仓库在黑名单中: https://github.com/clash-verge-rev/clash-verge-rev
[2026-07-15 00:46:27]   父仓库 +0 个节点
[2026-07-15 00:46:29]   👤 用户仓库: 1 个 → 队列
[2026-07-15 00:46:29]   用户 ysakura99 共查 1 个仓库
[2026-07-15 00:46:29] 仓库 https://github.com/wheakerd/clash-verge-rev (分支: dev, size: 76740KB, pushed: 2026-07-13T17:51:48Z)
[2026-07-15 00:46:29]   父仓库: clash-verge-rev/clash-verge-rev
[2026-07-15 00:46:29] 仓库在黑名单中: https://github.com/clash-verge-rev/clash-verge-rev
[2026-07-15 00:46:29]   父仓库 +0 个节点
[2026-07-15 00:46:31]   👤 用户仓库: 27 个 → 队列
[2026-07-15 00:46:31]   用户 Aries-0331 共查 27 个仓库
[2026-07-15 00:46:31] 仓库 https://github.com/ronigooja/clash-verge-rev (分支: dev, size: 76857KB, pushed: 2026-07-14T04:24:55Z)
[2026-07-15 00:46:31] 仓库 https://github.com/wheakerd/clash-verge-rev 候选文件较多 (203 个)，先通过 commits API 过滤
[2026-07-15 00:46:33] 👤 遍历用户仓库: chsoul[2026-07-15 00:46:33] 仓库 https://github.com/ronigooja/clash-verge-rev 候选文件较多 (203 个)，先通过 commits API 过滤

[2026-07-15 00:46:33] 👤 遍历用户仓库: tuke-code
[2026-07-15 00:46:35]   commits 过滤: 203 → 0 (变更文件 0 个)
[2026-07-15 00:46:35] 仓库 https://github.com/wheakerd/clash-verge-rev 候选文件经时间过滤后为空
[2026-07-15 00:46:35] 🔗 查子仓库: wheakerd/clash-verge-rev
[2026-07-15 00:46:36] 🔗 开始 Fork 链追踪 (wheakerd/clash-verge-rev)
[2026-07-15 00:46:38]   commits 过滤: 203 → 0 (变更文件 0 个)
[2026-07-15 00:46:38] 仓库 https://github.com/ronigooja/clash-verge-rev 候选文件经时间过滤后为空
[2026-07-15 00:46:38] 🔗 查子仓库: ronigooja/clash-verge-rev
[2026-07-15 00:46:40]   父仓库: clash-verge-rev/clash-verge-rev
[2026-07-15 00:46:40] 仓库在黑名单中: https://github.com/clash-verge-rev/clash-verge-rev
[2026-07-15 00:46:40]   父仓库 +0 个节点
[2026-07-15 00:46:40]   👤 用户仓库: 30 个 → 队列
[2026-07-15 00:46:40]   用户 chsoul 共查 30 个仓库
[2026-07-15 00:46:40] 仓库 https://github.com/mahdi225/V2RayAutoConfig (分支: main, size: 11667050KB, pushed: 2026-07-14T16:14:54Z)
[2026-07-15 00:46:40] 🔗 开始 Fork 链追踪 (ronigooja/clash-verge-rev)
[2026-07-15 00:46:40]   父仓库: clash-verge-rev/clash-verge-rev
[2026-07-15 00:46:40] 仓库在黑名单中: https://github.com/clash-verge-rev/clash-verge-rev
[2026-07-15 00:46:40]   父仓库 +0 个节点
[2026-07-15 00:46:42] 仓库 https://github.com/mahdi225/V2RayAutoConfig 候选文件 83 个
[2026-07-15 00:46:42] 📄 https://raw.githubusercontent.com/mahdi225/V2RayAutoConfig/main/configs/Belgium.txt ✅ 解析 9 候选 → 9 个有效节点 → 去重后新增 2 个
[2026-07-15 00:46:42] 📄 https://raw.githubusercontent.com/mahdi225/V2RayAutoConfig/main/configs/Albania.txt ✅ 解析 10 候选 → 10 个有效节点 → 去重后新增 1 个
[2026-07-15 00:46:42] 📄 https://raw.githubusercontent.com/mahdi225/V2RayAutoConfig/main/configs/Brazil.txt ✅ 解析 12 候选 → 12 个有效节点 → 去重后新增 1 个
[2026-07-15 00:46:43] 📄 https://raw.githubusercontent.com/mahdi225/V2RayAutoConfig/main/configs/Canada.txt ✅ 解析 317 候选 → 317 个有效节点 → 去重后新增 4 个
[2026-07-15 00:46:43] 📄 https://raw.githubusercontent.com/mahdi225/V2RayAutoConfig/main/configs/Czechia.txt ✅ 解析 24 候选 → 24 个有效节点 → 去重后新增 1 个
[2026-07-15 00:46:43] 📄 https://raw.githubusercontent.com/mahdi225/V2RayAutoConfig/main/configs/Finland.txt ✅ 解析 135 候选 → 135 个有效节点 → 去重后新增 2 个
[2026-07-15 00:46:43] 📄 https://raw.githubusercontent.com/mahdi225/V2RayAutoConfig/main/configs/France.txt ✅ 解析 327 候选 → 327 个有效节点 → 去重后新增 6 个
[2026-07-15 00:46:43] 📄 https://raw.githubusercontent.com/mahdi225/V2RayAutoConfig/main/configs/Hysteria2.txt ✅ 解析 90 候选 → 90 个有效节点 → 去重后新增 7 个
[2026-07-15 00:46:43] 📄 https://raw.githubusercontent.com/mahdi225/V2RayAutoConfig/main/configs/Ireland.txt ✅ 解析 21 候选 → 21 个有效节点 → 去重后新增 2 个[2026-07-15 00:46:43] 📄 https://raw.githubusercontent.com/mahdi225/V2RayAutoConfig/main/configs/Kazakhstan.txt ✅ 解析 17 候选 → 17 个有效节点 → 去重后新增 1 个
[2026-07-15 00:46:43] 📄 https://raw.githubusercontent.com/mahdi225/V2RayAutoConfig/main/configs/Germany.txt ✅ 解析 514 候选 → 514 个有效节点 → 去重后新增 37 个

[2026-07-15 00:46:43] 📄 https://raw.githubusercontent.com/mahdi225/V2RayAutoConfig/main/configs/Iran.txt ✅ 解析 167 候选 → 167 个有效节点 → 去重后新增 4 个[2026-07-15 00:46:43] 📄 https://raw.githubusercontent.com/mahdi225/V2RayAutoConfig/main/configs/Italy.txt ✅ 解析 61 候选 → 61 个有效节点 → 去重后新增 1 个
[2026-07-15 00:46:43] 📄 https://raw.githubusercontent.com/mahdi225/V2RayAutoConfig/main/configs/Japan.txt ✅ 解析 217 候选 → 217 个有效节点 → 去重后新增 2 个

[2026-07-15 00:46:43] 📄 https://raw.githubusercontent.com/mahdi225/V2RayAutoConfig/main/configs/Malaysia.txt ✅ 解析 14 候选 → 14 个有效节点 → 去重后新增 1 个
[2026-07-15 00:46:43] 📄 https://raw.githubusercontent.com/mahdi225/V2RayAutoConfig/main/configs/Indonesia.txt ✅ 解析 504 候选 → 504 个有效节点 → 去重后新增 21 个
[2026-07-15 00:46:43] 📄 https://raw.githubusercontent.com/mahdi225/V2RayAutoConfig/main/configs/Oman.txt ✅ 解析 3 候选 → 3 个有效节点 → 去重后新增 2 个
[2026-07-15 00:46:43] 📄 https://raw.githubusercontent.com/mahdi225/V2RayAutoConfig/main/configs/Netherlands.txt ✅ 解析 303 候选 → 303 个有效节点 → 去重后新增 6 个[2026-07-15 00:46:43] 📄 https://raw.githubusercontent.com/mahdi225/V2RayAutoConfig/main/configs/Poland.txt ✅ 解析 100 候选 → 100 个有效节点 → 去重后新增 2 个
[2026-07-15 00:46:43] 📄 https://raw.githubusercontent.com/mahdi225/V2RayAutoConfig/main/configs/Norway.txt ✅ 解析 121 候选 → 121 个有效节点 → 去重后新增 13 个
[2026-07-15 00:46:43] 📄 https://raw.githubusercontent.com/mahdi225/V2RayAutoConfig/main/configs/Samoa.txt ✅ 解析 131 候选 → 131 个有效节点 → 去重后新增 15 个

[2026-07-15 00:46:44] 📄 https://raw.githubusercontent.com/mahdi225/V2RayAutoConfig/main/configs/Sweden.txt ✅ 解析 42 候选 → 42 个有效节点 → 去重后新增 1 个
[2026-07-15 00:46:44] 📄 https://raw.githubusercontent.com/mahdi225/V2RayAutoConfig/main/configs/Russia.txt ✅ 解析 103 候选 → 103 个有效节点 → 去重后新增 2 个[2026-07-15 00:46:44] 📄 https://raw.githubusercontent.com/mahdi225/V2RayAutoConfig/main/configs/Spain.txt ✅ 解析 22 候选 → 22 个有效节点 → 去重后新增 2 个

[2026-07-15 00:46:44] 📄 https://raw.githubusercontent.com/mahdi225/V2RayAutoConfig/main/configs/Montenegro.txt ✅ 解析 521 候选 → 521 个有效节点 → 去重后新增 56 个
[2026-07-15 00:46:44] 📄 https://raw.githubusercontent.com/mahdi225/V2RayAutoConfig/main/configs/UAE.txt ✅ 解析 15 候选 → 15 个有效节点 → 去重后新增 1 个
[2026-07-15 00:46:44] 📄 https://raw.githubusercontent.com/mahdi225/V2RayAutoConfig/main/configs/Tuic.txt ✅ 解析 10 候选 → 10 个有效节点 → 去重后新增 1 个
[2026-07-15 00:46:44] 📄 https://raw.githubusercontent.com/mahdi225/V2RayAutoConfig/main/configs/Turkey.txt ✅ 解析 50 候选 → 50 个有效节点 → 去重后新增 2 个
[2026-07-15 00:46:44] 📄 https://raw.githubusercontent.com/mahdi225/V2RayAutoConfig/main/configs/UK.txt ✅ 解析 284 候选 → 284 个有效节点 → 去重后新增 1 个
[2026-07-15 00:46:45] 👤 遍历用户仓库: wheakerd[2026-07-15 00:46:45] 👤 遍历用户仓库: ronigooja

[2026-07-15 00:46:45]   用户 ronigooja 共查 0 个仓库
[2026-07-15 00:46:45] 仓库 https://github.com/HoomanGS/V2RayAutoConfig (分支: main, size: 17911851KB, pushed: 2026-07-14T16:11:07Z)
[2026-07-15 00:46:45] 📄 https://raw.githubusercontent.com/mahdi225/V2RayAutoConfig/main/configs/USA.txt ✅ 解析 2298 候选 → 2298 个有效节点 → 去重后新增 49 个
[2026-07-15 00:46:47]   👤 用户仓库: 30 个 → 队列
[2026-07-15 00:46:47]   用户 wheakerd 共查 30 个仓库
[2026-07-15 00:46:47] 仓库 https://github.com/Argh94/V2RayAutoConfig (分支: main, size: 11681182KB, pushed: 2026-07-14T14:52:18Z)
[2026-07-15 00:46:48] 仓库 https://github.com/HoomanGS/V2RayAutoConfig 候选文件 46 个
[2026-07-15 00:46:48] 仓库 https://github.com/Argh94/V2RayAutoConfig 候选文件 42 个
[2026-07-15 00:46:49] 📄 https://raw.githubusercontent.com/Argh94/V2RayAutoConfig/main/configs/Estonia.txt ✅ 解析 7 候选 → 7 个有效节点 → 去重后新增 1 个
[2026-07-15 00:46:50] 📄 https://raw.githubusercontent.com/Argh94/V2RayAutoConfig/main/configs/Montenegro.txt ✅ 解析 549 候选 → 549 个有效节点 → 去重后新增 23 个
[2026-07-15 00:46:50] 📄 https://raw.githubusercontent.com/Argh94/V2RayAutoConfig/main/configs/Sweden.txt ✅ 解析 43 候选 → 43 个有效节点 → 去重后新增 1 个
[2026-07-15 00:46:51]   👤 用户仓库: 30 个 → 队列
[2026-07-15 00:46:51]   用户 tuke-code 共查 30 个仓库
[2026-07-15 00:46:52] 仓库 https://github.com/happyzhoujay/V2RayAggregator (分支: master, size: 4471362KB, pushed: 2026-07-14T14:44:10Z)
[2026-07-15 00:46:53] 📄 https://raw.githubusercontent.com/Argh94/V2RayAutoConfig/main/configs/USA.txt ✅ 解析 2274 候选 → 2274 个有效节点 → 去重后新增 15 个
[2026-07-15 00:46:53] 仓库 https://github.com/happyzhoujay/V2RayAggregator 候选文件较多 (1525 个)，先通过 commits API 过滤
[2026-07-15 00:46:57] 📄 https://raw.githubusercontent.com/mahdi225/V2RayAutoConfig/main/configs/Vmess.txt ✅ 解析 3244 候选 → 3244 个有效节点 → 去重后新增 1 个
[2026-07-15 00:46:57]   Compare API 返回 24 个变更文件 (3 次 API 调用)
[2026-07-15 00:46:57]   commits 过滤: 1525 → 14 (变更文件 24 个)
[2026-07-15 00:46:57] 仓库 https://github.com/happyzhoujay/V2RayAggregator 候选文件 14 个
[2026-07-15 00:47:12] 🔗 查子仓库: happyzhoujay/V2RayAggregator
[2026-07-15 00:47:13] 🔗 开始 Fork 链追踪 (happyzhoujay/V2RayAggregator)
[2026-07-15 00:47:13]   父仓库: mahdibland/V2RayAggregator
[2026-07-15 00:47:15]   🍴 兄弟仓库: 22 个 → 队列
[2026-07-15 00:47:15] 👤 遍历用户仓库: happyzhoujay
[2026-07-15 00:47:17]   👤 用户仓库: 30 个 → 队列
[2026-07-15 00:47:17]   用户 happyzhoujay 共查 30 个仓库
[2026-07-15 00:47:17] 仓库 https://github.com/g4384631-cmyk/V2RayAggregator (分支: master, size: 4474865KB, pushed: 2026-07-14T14:43:56Z)
[2026-07-15 00:47:19] 仓库 https://github.com/g4384631-cmyk/V2RayAggregator 候选文件较多 (1525 个)，先通过 commits API 过滤
[2026-07-15 00:47:23]   Compare API 返回 24 个变更文件 (3 次 API 调用)
[2026-07-15 00:47:23]   commits 过滤: 1525 → 14 (变更文件 24 个)
[2026-07-15 00:47:23] 仓库 https://github.com/g4384631-cmyk/V2RayAggregator 候选文件 14 个
[2026-07-15 00:47:32] 📄 https://raw.githubusercontent.com/Argh94/V2RayAutoConfig/main/configs/Vless.txt ✅ 解析 20785 候选 → 20785 个有效节点 → 去重后新增 3 个
[2026-07-15 00:47:35] 📄 https://raw.githubusercontent.com/Argh94/V2RayAutoConfig/main/configs/ShadowSocks.txt ✅ 解析 23823 候选 → 23823 个有效节点 → 去重后新增 10700 个
[2026-07-15 00:47:35] 📦 批次 0029 已持久化: /home/runner/work/test-college/test-college/batches/no_batch_0029.txt (11526 个节点, 累计 213219 个)
[2026-07-15 00:47:36] SHA 缓存已保存: 37075 条, 1 分片
[2026-07-15 00:47:36] 🔗 查子仓库: Argh94/V2RayAutoConfig
[2026-07-15 00:47:39]   🍴 子仓库: 30 个 → 队列
[2026-07-15 00:47:39] 🔗 开始 Fork 链追踪 (Argh94/V2RayAutoConfig)
[2026-07-15 00:47:39] 🔗 查子仓库: g4384631-cmyk/V2RayAggregator
[2026-07-15 00:47:39] 🔗 开始 Fork 链追踪 (g4384631-cmyk/V2RayAggregator)
[2026-07-15 00:47:39] 👤 遍历用户仓库: Argh94
[2026-07-15 00:47:39]   父仓库: mahdibland/V2RayAggregator
[2026-07-15 00:47:41] 👤 遍历用户仓库: g4384631-cmyk
[2026-07-15 00:47:41]   用户 g4384631-cmyk 共查 0 个仓库
[2026-07-15 00:47:41] 仓库 https://github.com/chennijy/V2RayAggregator (分支: master, size: 4473827KB, pushed: 2026-07-14T14:43:40Z)
[2026-07-15 00:47:41]   👤 用户仓库: 30 个 → 队列
[2026-07-15 00:47:41]   用户 Argh94 共查 30 个仓库
[2026-07-15 00:47:41] 仓库 https://github.com/rostamimohammadamin8-dot/V2RayAggregator (分支: master, size: 4473714KB, pushed: 2026-07-14T14:43:24Z)
[2026-07-15 00:47:42] 仓库 https://github.com/chennijy/V2RayAggregator 候选文件较多 (1524 个)，先通过 commits API 过滤
[2026-07-15 00:47:42] 仓库 https://github.com/rostamimohammadamin8-dot/V2RayAggregator 候选文件较多 (1525 个)，先通过 commits API 过滤
[2026-07-15 00:47:47]   Compare API 返回 24 个变更文件 (3 次 API 调用)
[2026-07-15 00:47:47]   commits 过滤: 1524 → 13 (变更文件 24 个)
[2026-07-15 00:47:47] 仓库 https://github.com/chennijy/V2RayAggregator 候选文件 13 个
[2026-07-15 00:47:47]   Compare API 返回 24 个变更文件 (3 次 API 调用)
[2026-07-15 00:47:47]   commits 过滤: 1525 → 14 (变更文件 24 个)
[2026-07-15 00:47:47] 仓库 https://github.com/rostamimohammadamin8-dot/V2RayAggregator 候选文件 14 个
[2026-07-15 00:48:35] 🔗 查子仓库: rostamimohammadamin8-dot/V2RayAggregator
[2026-07-15 00:48:35] 🔗 查子仓库: chennijy/V2RayAggregator
[2026-07-15 00:48:35] 🔗 开始 Fork 链追踪 (rostamimohammadamin8-dot/V2RayAggregator)
[2026-07-15 00:48:35] 🔗 开始 Fork 链追踪 (chennijy/V2RayAggregator)
[2026-07-15 00:48:35]   父仓库: mahdibland/V2RayAggregator
[2026-07-15 00:48:35]   父仓库: mahdibland/V2RayAggregator
[2026-07-15 00:48:37] 👤 遍历用户仓库: chennijy
[2026-07-15 00:48:37] 👤 遍历用户仓库: rostamimohammadamin8-dot
[2026-07-15 00:48:37] 📄 https://raw.githubusercontent.com/mahdi225/V2RayAutoConfig/main/configs/Vless.txt ✅ 解析 57783 候选 → 57783 个有效节点 → 去重后新增 17 个
[2026-07-15 00:48:37] 📄 https://raw.githubusercontent.com/HoomanGS/V2RayAutoConfig/main/configs/ShadowSocks.txt ✅ 解析 64475 候选 → 64475 个有效节点 → 去重后新增 5189 个[2026-07-15 00:48:37] 📄 https://raw.githubusercontent.com/mahdi225/V2RayAutoConfig/main/configs/ShadowSocks.txt ✅ 解析 64548 候选 → 64548 个有效节点 → 去重后新增 47 个

[2026-07-15 00:48:37] 📦 批次 0030 已持久化: /home/runner/work/test-college/test-college/batches/no_batch_0030.txt (5253 个节点, 累计 218472 个)
[2026-07-15 00:48:37] 🔗 查子仓库: mahdi225/V2RayAutoConfig
[2026-07-15 00:48:37] SHA 缓存已保存: 37104 条, 1 分片
[2026-07-15 00:48:37] 🔗 查子仓库: HoomanGS/V2RayAutoConfig
[2026-07-15 00:48:37]   👤 用户仓库: 6 个 → 队列
[2026-07-15 00:48:37]   用户 rostamimohammadamin8-dot 共查 6 个仓库
[2026-07-15 00:48:37] 仓库 https://github.com/lzban8/V2RayAggregator (分支: master, size: 4477646KB, pushed: 2026-07-14T14:39:32Z)
[2026-07-15 00:48:37] 🔗 开始 Fork 链追踪 (mahdi225/V2RayAutoConfig)
[2026-07-15 00:48:37]   👤 用户仓库: 19 个 → 队列
[2026-07-15 00:48:37]   用户 chennijy 共查 19 个仓库
[2026-07-15 00:48:37] 仓库 https://github.com/georip/V2RayAggregator (分支: master, size: 4472945KB, pushed: 2026-07-14T14:25:45Z)
[2026-07-15 00:48:38] 🔗 开始 Fork 链追踪 (HoomanGS/V2RayAutoConfig)
[2026-07-15 00:48:38]   父仓库: Argh94/V2RayAutoConfig
[2026-07-15 00:48:38] 仓库 https://github.com/lzban8/V2RayAggregator 候选文件较多 (1524 个)，先通过 commits API 过滤
[2026-07-15 00:48:38]   父仓库: Argh94/V2RayAutoConfig
[2026-07-15 00:48:38] 仓库 https://github.com/georip/V2RayAggregator 候选文件较多 (1524 个)，先通过 commits API 过滤
[2026-07-15 00:48:39]   🍴 兄弟仓库: 23 个 → 队列
[2026-07-15 00:48:39] 👤 遍历用户仓库: HoomanGS
[2026-07-15 00:48:39] 👤 遍历用户仓库: mahdi225
[2026-07-15 00:48:39]   Compare API 返回 24 个变更文件 (3 次 API 调用)
[2026-07-15 00:48:39]   commits 过滤: 1524 → 13 (变更文件 24 个)
[2026-07-15 00:48:39] 仓库 https://github.com/lzban8/V2RayAggregator 候选文件 13 个
[2026-07-15 00:48:39]   👤 用户仓库: 1 个 → 队列
[2026-07-15 00:48:39]   用户 mahdi225 共查 1 个仓库
[2026-07-15 00:48:39] 仓库 https://github.com/Bulichrun/V2RayAggregator (分支: master, size: 4478555KB, pushed: 2026-07-14T14:22:00Z)
[2026-07-15 00:48:39]   Compare API 返回 25 个变更文件 (3 次 API 调用)
[2026-07-15 00:48:39]   commits 过滤: 1524 → 14 (变更文件 25 个)
[2026-07-15 00:48:39] 仓库 https://github.com/georip/V2RayAggregator 候选文件 14 个
[2026-07-15 00:48:40]   👤 用户仓库: 21 个 → 队列
[2026-07-15 00:48:40]   用户 HoomanGS 共查 21 个仓库
[2026-07-15 00:48:40] 仓库 https://github.com/tonnyinfo/V2RayAggregator (分支: master, size: 4478183KB, pushed: 2026-07-14T14:21:23Z)
[2026-07-15 00:48:40] ⏱️ [45/122] sing-box sub pushed:>2026-07-13T16:01:45Z fork:true -languag | 158s | +16243
[2026-07-15 00:48:40] 仓库 https://github.com/Bulichrun/V2RayAggregator 候选文件较多 (1524 个)，先通过 commits API 过滤
[2026-07-15 00:48:42] 仓库 https://github.com/tonnyinfo/V2RayAggregator 候选文件较多 (1524 个)，先通过 commits API 过滤
[2026-07-15 00:48:43] ⏱️ [46/122] hysteria sub pushed:>2026-07-13T16:01:45Z fork:true -languag | 3s | +0
[2026-07-15 00:48:46] ⏱️ [47/122] tuic sub pushed:>2026-07-13T16:01:45Z fork:true -language:HT | 3s | +0
[2026-07-15 00:48:51]   Compare API 返回 24 个变更文件 (3 次 API 调用)
[2026-07-15 00:48:51]   commits 过滤: 1524 → 13 (变更文件 24 个)
[2026-07-15 00:48:51] 仓库 https://github.com/Bulichrun/V2RayAggregator 候选文件 13 个
[2026-07-15 00:48:55] 📄 https://raw.githubusercontent.com/georip/V2RayAggregator/master/sub/list/75.txt ✅ 解析 1370 候选 → 1370 个有效节点 → 去重后新增 32 个
[2026-07-15 00:48:55]   Compare API 返回 24 个变更文件 (3 次 API 调用)
[2026-07-15 00:48:55]   commits 过滤: 1524 → 13 (变更文件 24 个)
[2026-07-15 00:48:55] 仓库 https://github.com/tonnyinfo/V2RayAggregator 候选文件 13 个
[2026-07-15 00:49:00] 📄 https://raw.githubusercontent.com/lzban8/V2RayAggregator/master/sub/sub_merge_base64.txt ✅ 解析 4987 候选 → 4987 个有效节点 → 去重后新增 1 个
[2026-07-15 00:49:01] 📄 https://raw.githubusercontent.com/georip/V2RayAggregator/master/sub/sub_merge_base64.txt ✅ 解析 4985 候选 → 4985 个有效节点 → 去重后新增 1 个
[2026-07-15 00:49:01] 🔗 查子仓库: lzban8/V2RayAggregator
[2026-07-15 00:49:01] 🔗 开始 Fork 链追踪 (lzban8/V2RayAggregator)
[2026-07-15 00:49:02] 🔗 查子仓库: georip/V2RayAggregator
[2026-07-15 00:49:02]   父仓库: mahdibland/V2RayAggregator
[2026-07-15 00:49:02] 🔗 开始 Fork 链追踪 (georip/V2RayAggregator)
[2026-07-15 00:49:03]   父仓库: mahdibland/V2RayAggregator
[2026-07-15 00:49:06] 👤 遍历用户仓库: georip
[2026-07-15 00:49:06] 👤 遍历用户仓库: lzban8
[2026-07-15 00:49:09]   👤 用户仓库: 30 个 → 队列
[2026-07-15 00:49:09]   用户 lzban8 共查 30 个仓库
[2026-07-15 00:49:09] 仓库 https://github.com/hofccyf/V2RayAggregator (分支: master, size: 4477617KB, pushed: 2026-07-14T14:20:02Z)
[2026-07-15 00:49:11] ⏱️ [48/122] sub list pushed:>2026-07-13T16:01:45Z fork:true -language:HT | 25s | +34
[2026-07-15 00:49:13] 仓库 https://github.com/hofccyf/V2RayAggregator 候选文件较多 (1524 个)，先通过 commits API 过滤
[2026-07-15 00:49:15]   👤 用户仓库: 30 个 → 队列
[2026-07-15 00:49:15]   用户 georip 共查 30 个仓库
[2026-07-15 00:49:15] 仓库 https://github.com/lingsha2024/V2RayAggregator (分支: master, size: 4490131KB, pushed: 2026-07-14T14:08:45Z)
[2026-07-15 00:49:16] 🔗 查子仓库: Bulichrun/V2RayAggregator
[2026-07-15 00:49:16] 🔗 查子仓库: tonnyinfo/V2RayAggregator
[2026-07-15 00:49:16]   Compare API 返回 24 个变更文件 (3 次 API 调用)
[2026-07-15 00:49:16]   commits 过滤: 1524 → 13 (变更文件 24 个)
[2026-07-15 00:49:16] 仓库 https://github.com/hofccyf/V2RayAggregator 候选文件 13 个
[2026-07-15 00:49:16] 仓库 https://github.com/lingsha2024/V2RayAggregator 候选文件较多 (1524 个)，先通过 commits API 过滤
[2026-07-15 00:49:16] 🔗 开始 Fork 链追踪 (Bulichrun/V2RayAggregator)
[2026-07-15 00:49:17] 🔗 开始 Fork 链追踪 (tonnyinfo/V2RayAggregator)
[2026-07-15 00:49:17]   父仓库: mahdibland/V2RayAggregator
[2026-07-15 00:49:17]   父仓库: mahdibland/V2RayAggregator
[2026-07-15 00:49:18] 👤 遍历用户仓库: Bulichrun
[2026-07-15 00:49:18] 👤 遍历用户仓库: tonnyinfo
[2026-07-15 00:49:19]   用户 Bulichrun 共查 0 个仓库
[2026-07-15 00:49:19] 仓库 https://github.com/jansonlily501-beep/V2RayAggregator (分支: master, size: 4354637KB, pushed: 2026-07-14T14:05:55Z)
[2026-07-15 00:49:22]   👤 用户仓库: 30 个 → 队列
[2026-07-15 00:49:22]   用户 tonnyinfo 共查 30 个仓库
[2026-07-15 00:49:22] 仓库 https://github.com/teddy4556/V2RayAggregator (分支: master, size: 4481423KB, pushed: 2026-07-14T14:04:11Z)
[2026-07-15 00:49:22]   Compare API 返回 24 个变更文件 (3 次 API 调用)
[2026-07-15 00:49:22]   commits 过滤: 1524 → 13 (变更文件 24 个)
[2026-07-15 00:49:22] 仓库 https://github.com/lingsha2024/V2RayAggregator 候选文件 13 个
[2026-07-15 00:49:22] 仓库 https://github.com/jansonlily501-beep/V2RayAggregator 候选文件较多 (1432 个)，先通过 commits API 过滤
[2026-07-15 00:49:24] 仓库 https://github.com/teddy4556/V2RayAggregator 候选文件较多 (1524 个)，先通过 commits API 过滤
[2026-07-15 00:49:24]   Compare API 返回 11 个变更文件 (3 次 API 调用)
[2026-07-15 00:49:24]   commits 过滤: 1432 → 2 (变更文件 11 个)
[2026-07-15 00:49:24] 仓库 https://github.com/jansonlily501-beep/V2RayAggregator 候选文件 2 个
[2026-07-15 00:49:25] 📄 https://raw.githubusercontent.com/jansonlily501-beep/V2RayAggregator/master/README.md ✅ 解析 383 候选 → 383 个有效节点 → 去重后新增 10 个
[2026-07-15 00:49:29] 🔗 查子仓库: hofccyf/V2RayAggregator
[2026-07-15 00:49:29] 🔗 开始 Fork 链追踪 (hofccyf/V2RayAggregator)
[2026-07-15 00:49:30]   父仓库: mahdibland/V2RayAggregator
[2026-07-15 00:49:31]   Compare API 返回 24 个变更文件 (3 次 API 调用)
[2026-07-15 00:49:31]   commits 过滤: 1524 → 13 (变更文件 24 个)
[2026-07-15 00:49:31] 仓库 https://github.com/teddy4556/V2RayAggregator 候选文件 13 个
[2026-07-15 00:49:33] 👤 遍历用户仓库: hofccyf
[2026-07-15 00:49:41]   👤 用户仓库: 30 个 → 队列
[2026-07-15 00:49:41]   用户 hofccyf 共查 30 个仓库
[2026-07-15 00:49:42] 仓库 https://github.com/PoliakovaAN/V2RayAggregator (分支: master, size: 4507855KB, pushed: 2026-07-14T13:54:10Z)
[2026-07-15 00:49:42] 🔗 查子仓库: lingsha2024/V2RayAggregator
[2026-07-15 00:49:43] 🔗 开始 Fork 链追踪 (lingsha2024/V2RayAggregator)
[2026-07-15 00:49:43]   父仓库: mahdibland/V2RayAggregator
[2026-07-15 00:49:44] 🔗 查子仓库: jansonlily501-beep/V2RayAggregator
[2026-07-15 00:49:45] 🔗 开始 Fork 链追踪 (jansonlily501-beep/V2RayAggregator)
[2026-07-15 00:49:45] 仓库 https://github.com/PoliakovaAN/V2RayAggregator 候选文件较多 (1524 个)，先通过 commits API 过滤
[2026-07-15 00:49:45]   父仓库: mahdibland/V2RayAggregator[2026-07-15 00:49:45] 👤 遍历用户仓库: lingsha2024

[2026-07-15 00:49:46]   👤 用户仓库: 9 个 → 队列
[2026-07-15 00:49:46]   用户 lingsha2024 共查 9 个仓库
[2026-07-15 00:49:46] 仓库 https://github.com/googva/V2RayAggregator (分支: master, size: 4494848KB, pushed: 2026-07-14T13:43:56Z)
[2026-07-15 00:49:46] 📄 https://raw.githubusercontent.com/teddy4556/V2RayAggregator/master/sub/sub_merge_base64.txt ✅ 解析 4986 候选 → 4986 个有效节点 → 去重后新增 1 个
[2026-07-15 00:49:46] 🔗 查子仓库: teddy4556/V2RayAggregator
[2026-07-15 00:49:46] 👤 遍历用户仓库: jansonlily501-beep
[2026-07-15 00:49:46] 🔗 开始 Fork 链追踪 (teddy4556/V2RayAggregator)
[2026-07-15 00:49:47] 仓库 https://github.com/googva/V2RayAggregator 候选文件较多 (1526 个)，先通过 commits API 过滤
[2026-07-15 00:49:47]   👤 用户仓库: 1 个 → 队列
[2026-07-15 00:49:47]   用户 jansonlily501-beep 共查 1 个仓库
[2026-07-15 00:49:47] 仓库 https://github.com/reza-ghaderi/V2RayAggregator (分支: master, size: 4499686KB, pushed: 2026-07-14T13:42:25Z)
[2026-07-15 00:49:47]   父仓库: mahdibland/V2RayAggregator
[2026-07-15 00:49:47]   Compare API 返回 24 个变更文件 (3 次 API 调用)
[2026-07-15 00:49:47]   commits 过滤: 1524 → 13 (变更文件 24 个)
[2026-07-15 00:49:47] 仓库 https://github.com/PoliakovaAN/V2RayAggregator 候选文件 13 个
[2026-07-15 00:49:47] 👤 遍历用户仓库: teddy4556
[2026-07-15 00:49:47] 仓库 https://github.com/reza-ghaderi/V2RayAggregator 候选文件较多 (1510 个)，先通过 commits API 过滤
[2026-07-15 00:49:52]   Compare API 返回 28 个变更文件 (3 次 API 调用)
[2026-07-15 00:49:52]   commits 过滤: 1526 → 18 (变更文件 28 个)
[2026-07-15 00:49:52] 仓库 https://github.com/googva/V2RayAggregator 候选文件 18 个
[2026-07-15 00:49:53]   Compare API 返回 24 个变更文件 (3 次 API 调用)
[2026-07-15 00:49:53]   commits 过滤: 1510 → 14 (变更文件 24 个)
[2026-07-15 00:49:53] 仓库 https://github.com/reza-ghaderi/V2RayAggregator 候选文件 14 个
[2026-07-15 00:49:53] 📄 https://raw.githubusercontent.com/googva/V2RayAggregator/master/sub/list/66.txt ✅ 解析 108 候选 → 108 个有效节点 → 去重后新增 11 个
[2026-07-15 00:49:54]   👤 用户仓库: 30 个 → 队列
[2026-07-15 00:49:54]   用户 teddy4556 共查 30 个仓库
[2026-07-15 00:49:54] 仓库 https://github.com/redgame3/V2RayAggregator (分支: master, size: 4492414KB, pushed: 2026-07-14T13:38:10Z)
[2026-07-15 00:49:56] 仓库 https://github.com/redgame3/V2RayAggregator 候选文件较多 (1523 个)，先通过 commits API 过滤
[2026-07-15 00:50:02] 📄 https://raw.githubusercontent.com/googva/V2RayAggregator/master/sub/list/42.txt ✅ 解析 816 候选 → 816 个有效节点 → 去重后新增 59 个
[2026-07-15 00:50:05] 🔗 查子仓库: PoliakovaAN/V2RayAggregator
[2026-07-15 00:50:06] 🔗 开始 Fork 链追踪 (PoliakovaAN/V2RayAggregator)
[2026-07-15 00:50:07]   父仓库: mahdibland/V2RayAggregator
[2026-07-15 00:50:10]   Compare API 返回 24 个变更文件 (3 次 API 调用)
[2026-07-15 00:50:10]   commits 过滤: 1523 → 14 (变更文件 24 个)
[2026-07-15 00:50:10] 仓库 https://github.com/redgame3/V2RayAggregator 候选文件 14 个
[2026-07-15 00:50:11] 👤 遍历用户仓库: PoliakovaAN
[2026-07-15 00:50:13]   👤 用户仓库: 17 个 → 队列
[2026-07-15 00:50:13]   用户 PoliakovaAN 共查 17 个仓库
[2026-07-15 00:50:13] 仓库 https://github.com/xihaoduo/V2RayAggregator (分支: master, size: 4508950KB, pushed: 2026-07-14T13:37:19Z)
[2026-07-15 00:50:16] 仓库 https://github.com/xihaoduo/V2RayAggregator 候选文件较多 (1520 个)，先通过 commits API 过滤
[2026-07-15 00:50:17] 📄 https://raw.githubusercontent.com/reza-ghaderi/V2RayAggregator/master/sub/sub_merge_base64.txt ✅ 解析 4985 候选 → 4985 个有效节点 → 去重后新增 1 个
[2026-07-15 00:50:19] 🔗 查子仓库: reza-ghaderi/V2RayAggregator
[2026-07-15 00:50:19] 🔗 查子仓库: googva/V2RayAggregator
[2026-07-15 00:50:20] 🔗 开始 Fork 链追踪 (googva/V2RayAggregator)[2026-07-15 00:50:20] 🔗 开始 Fork 链追踪 (reza-ghaderi/V2RayAggregator)

[2026-07-15 00:50:21]   父仓库: mahdibland/V2RayAggregator[2026-07-15 00:50:21]   父仓库: mahdibland/V2RayAggregator

[2026-07-15 00:50:22]   Compare API 返回 24 个变更文件 (3 次 API 调用)
[2026-07-15 00:50:22]   commits 过滤: 1520 → 13 (变更文件 24 个)
[2026-07-15 00:50:22] 仓库 https://github.com/xihaoduo/V2RayAggregator 候选文件 13 个
[2026-07-15 00:50:23] 👤 遍历用户仓库: googva
[2026-07-15 00:50:23] 👤 遍历用户仓库: reza-ghaderi
[2026-07-15 00:50:23]   👤 用户仓库: 2 个 → 队列
[2026-07-15 00:50:23]   用户 reza-ghaderi 共查 2 个仓库
[2026-07-15 00:50:23] 仓库 https://github.com/cysk003/V2RayAggregator (分支: master, size: 4475666KB, pushed: 2026-07-14T07:53:28Z)
[2026-07-15 00:50:23]   👤 用户仓库: 2 个 → 队列
[2026-07-15 00:50:23]   用户 googva 共查 2 个仓库
[2026-07-15 00:50:24] 仓库 https://github.com/bbylw/V2RayAggregator (分支: master, size: 4474957KB, pushed: 2026-07-14T07:29:07Z)
[2026-07-15 00:50:25] 仓库 https://github.com/cysk003/V2RayAggregator 候选文件较多 (1507 个)，先通过 commits API 过滤
[2026-07-15 00:50:26] 仓库 https://github.com/bbylw/V2RayAggregator 候选文件较多 (1507 个)，先通过 commits API 过滤
[2026-07-15 00:50:27] 🔗 查子仓库: redgame3/V2RayAggregator
[2026-07-15 00:50:27] 🔗 开始 Fork 链追踪 (redgame3/V2RayAggregator)
[2026-07-15 00:50:28]   父仓库: mahdibland/V2RayAggregator
[2026-07-15 00:50:30]   Compare API 返回 23 个变更文件 (3 次 API 调用)
[2026-07-15 00:50:30]   commits 过滤: 1507 → 0 (变更文件 23 个)
[2026-07-15 00:50:30] 仓库 https://github.com/cysk003/V2RayAggregator 候选文件经时间过滤后为空
[2026-07-15 00:50:30] 🔗 查子仓库: cysk003/V2RayAggregator
[2026-07-15 00:50:30] 👤 遍历用户仓库: redgame3
[2026-07-15 00:50:31] 🔗 开始 Fork 链追踪 (cysk003/V2RayAggregator)
[2026-07-15 00:50:31]   👤 用户仓库: 2 个 → 队列
[2026-07-15 00:50:31]   用户 redgame3 共查 2 个仓库
[2026-07-15 00:50:31] 仓库 https://github.com/hyqzj2000/V2RayAggregator (分支: master, size: 4474957KB, pushed: 2026-07-14T06:08:09Z)
[2026-07-15 00:50:31]   Compare API 返回 23 个变更文件 (3 次 API 调用)
[2026-07-15 00:50:31]   commits 过滤: 1507 → 0 (变更文件 23 个)
[2026-07-15 00:50:31] 仓库 https://github.com/bbylw/V2RayAggregator 候选文件经时间过滤后为空
[2026-07-15 00:50:31] 🔗 查子仓库: bbylw/V2RayAggregator
[2026-07-15 00:50:31]   父仓库: mahdibland/V2RayAggregator[2026-07-15 00:50:31] 🔗 开始 Fork 链追踪 (bbylw/V2RayAggregator)

[2026-07-15 00:50:32]   父仓库: mahdibland/V2RayAggregator
[2026-07-15 00:50:33] 仓库 https://github.com/hyqzj2000/V2RayAggregator 候选文件较多 (1507 个)，先通过 commits API 过滤
[2026-07-15 00:50:33] 👤 遍历用户仓库: cysk003
[2026-07-15 00:50:34] 👤 遍历用户仓库: bbylw
[2026-07-15 00:50:34] 📄 https://raw.githubusercontent.com/xihaoduo/V2RayAggregator/master/sub/sub_merge_base64.txt ✅ 解析 4987 候选 → 4987 个有效节点 → 去重后新增 1 个
[2026-07-15 00:50:34] 🔗 查子仓库: xihaoduo/V2RayAggregator
[2026-07-15 00:50:34] 🔗 开始 Fork 链追踪 (xihaoduo/V2RayAggregator)
[2026-07-15 00:50:34]   父仓库: mahdibland/V2RayAggregator
[2026-07-15 00:50:35]   Compare API 返回 23 个变更文件 (3 次 API 调用)
[2026-07-15 00:50:35]   commits 过滤: 1507 → 0 (变更文件 23 个)
[2026-07-15 00:50:35] 仓库 https://github.com/hyqzj2000/V2RayAggregator 候选文件经时间过滤后为空
[2026-07-15 00:50:35] 🔗 查子仓库: hyqzj2000/V2RayAggregator
[2026-07-15 00:50:35] 🔗 开始 Fork 链追踪 (hyqzj2000/V2RayAggregator)
[2026-07-15 00:50:35]   父仓库: mahdibland/V2RayAggregator
[2026-07-15 00:50:35] 👤 遍历用户仓库: xihaoduo
[2026-07-15 00:50:36]   👤 用户仓库: 7 个 → 队列
[2026-07-15 00:50:36]   用户 xihaoduo 共查 7 个仓库
[2026-07-15 00:50:36] 仓库 https://github.com/googbad/V2RayAggregator (分支: master, size: 4474957KB, pushed: 2026-07-14T05:40:20Z)
[2026-07-15 00:50:36] 👤 遍历用户仓库: hyqzj2000
[2026-07-15 00:50:36] 仓库 https://github.com/googbad/V2RayAggregator 候选文件较多 (1507 个)，先通过 commits API 过滤
[2026-07-15 00:50:37]   👤 用户仓库: 30 个 → 队列
[2026-07-15 00:50:37]   用户 bbylw 共查 30 个仓库
[2026-07-15 00:50:37] 仓库 https://github.com/samling-jackyjyo/V2RayAggregator (分支: master, size: 4474957KB, pushed: 2026-07-14T04:50:08Z)
[2026-07-15 00:50:37]   👤 用户仓库: 30 个 → 队列
[2026-07-15 00:50:37]   用户 hyqzj2000 共查 30 个仓库
[2026-07-15 00:50:37] 仓库 https://github.com/parhelia512/nekoray-win7 (分支: dev, size: 29017KB, pushed: 2026-07-14T09:28:11Z)
[2026-07-15 00:50:37] 仓库 https://github.com/samling-jackyjyo/V2RayAggregator 候选文件较多 (1507 个)，先通过 commits API 过滤
[2026-07-15 00:50:37] 仓库 https://github.com/parhelia512/nekoray-win7 无候选文件 (总计 867 blob, 扩展名过滤 831, processed_shas 跳过 0, SHA 缓存跳过 36)
[2026-07-15 00:50:37] 🔗 查子仓库: parhelia512/nekoray-win7
[2026-07-15 00:50:37]   Compare API 返回 23 个变更文件 (3 次 API 调用)
[2026-07-15 00:50:37]   commits 过滤: 1507 → 0 (变更文件 23 个)
[2026-07-15 00:50:37] 仓库 https://github.com/googbad/V2RayAggregator 候选文件经时间过滤后为空
[2026-07-15 00:50:37] 🔗 查子仓库: googbad/V2RayAggregator
[2026-07-15 00:50:38] 🔗 开始 Fork 链追踪 (googbad/V2RayAggregator)
[2026-07-15 00:50:38]   🍴 子仓库: 3 个 → 队列
[2026-07-15 00:50:38] 🔗 开始 Fork 链追踪 (parhelia512/nekoray-win7)
[2026-07-15 00:50:38]   父仓库: mahdibland/V2RayAggregator
[2026-07-15 00:50:38]   父仓库: throneproj/Throne
[2026-07-15 00:50:38] 仓库在黑名单中: https://github.com/throneproj/Throne
[2026-07-15 00:50:38]   父仓库 +0 个节点
[2026-07-15 00:50:38]   👤 用户仓库: 30 个 → 队列
[2026-07-15 00:50:38]   用户 cysk003 共查 30 个仓库
[2026-07-15 00:50:38] 仓库 https://github.com/Mdrzxsony/nekome (分支: main, size: 703KB, pushed: 2026-07-14T08:31:21Z)
[2026-07-15 00:50:39] 👤 遍历用户仓库: googbad
[2026-07-15 00:50:39]   Compare API 返回 24 个变更文件 (3 次 API 调用)
[2026-07-15 00:50:39]   commits 过滤: 1507 → 0 (变更文件 24 个)
[2026-07-15 00:50:39] 仓库 https://github.com/samling-jackyjyo/V2RayAggregator 候选文件经时间过滤后为空
[2026-07-15 00:50:39] 🔗 查子仓库: samling-jackyjyo/V2RayAggregator
[2026-07-15 00:50:39] 仓库 https://github.com/Mdrzxsony/nekome 无候选文件 (总计 345 blob, 扩展名过滤 315, processed_shas 跳过 0, SHA 缓存跳过 30)
[2026-07-15 00:50:39] 🔗 查子仓库: Mdrzxsony/nekome
[2026-07-15 00:50:39] 🔗 开始 Fork 链追踪 (samling-jackyjyo/V2RayAggregator)
[2026-07-15 00:50:39]   父仓库: mahdibland/V2RayAggregator
[2026-07-15 00:50:39]   🍴 子仓库: 1 个 → 队列
[2026-07-15 00:50:39] 🔗 开始 Fork 链追踪 (Mdrzxsony/nekome)
[2026-07-15 00:50:39]   👤 用户仓库: 26 个 → 队列
[2026-07-15 00:50:39]   用户 googbad 共查 26 个仓库
[2026-07-15 00:50:39] 仓库 https://github.com/hawkff/NekoBoxForAndroid (分支: main, size: 7823KB, pushed: 2026-07-14T16:12:08Z)
[2026-07-15 00:50:39] 👤 遍历用户仓库: Mdrzxsony
[2026-07-15 00:50:39]   🍴 兄弟仓库: 30 个 → 队列
[2026-07-15 00:50:39] 👤 遍历用户仓库: parhelia512
[2026-07-15 00:50:40] 仓库 https://github.com/hawkff/NekoBoxForAndroid 候选文件 5 个
[2026-07-15 00:50:40] 👤 遍历用户仓库: samling-jackyjyo
[2026-07-15 00:50:40]   👤 用户仓库: 12 个 → 队列
[2026-07-15 00:50:40]   用户 Mdrzxsony 共查 12 个仓库
[2026-07-15 00:50:40] 仓库 https://github.com/HatsuneMikuUwU/HatsuneBox (分支: main, size: 6980KB, pushed: 2026-07-14T14:14:59Z)
[2026-07-15 00:50:40] 仓库 https://github.com/HatsuneMikuUwU/HatsuneBox 候选文件 1 个
[2026-07-15 00:50:41] 仓库 https://github.com/HatsuneMikuUwU/HatsuneBox 未提取到节点，加入黑名单
[2026-07-15 00:50:41] 仓库 https://github.com/hnrrn/nekobox (分支: main, size: 133242KB, pushed: 2026-07-14T13:25:48Z)
[2026-07-15 00:50:41] 仓库 https://github.com/hawkff/NekoBoxForAndroid 未提取到节点，加入黑名单
[2026-07-15 00:50:41] 仓库 https://github.com/Remission78/Remission (分支: main, size: 9758KB, pushed: 2026-07-14T13:25:48Z)
[2026-07-15 00:50:41] 仓库 https://github.com/hnrrn/nekobox 候选文件 1 个
[2026-07-15 00:50:42] 仓库 https://github.com/Remission78/Remission 候选文件 2 个
[2026-07-15 00:50:42] 仓库 https://github.com/hnrrn/nekobox 未提取到节点，加入黑名单
[2026-07-15 00:50:42] 仓库 https://github.com/crolankawasaki/WhiteListClash-FLClashX (分支: main, size: 4069KB, pushed: 2026-07-14T15:26:19Z)
[2026-07-15 00:50:42] 仓库 https://github.com/crolankawasaki/WhiteListClash-FLClashX 候选文件 4 个
[2026-07-15 00:50:43] ⚠️ Worker 异常: Remission78/Remission: quote_from_bytes() expected bytes
[2026-07-15 00:50:43] 仓库 https://github.com/fqfqgo/FlClash-new (分支: main, size: 53161KB, pushed: 2026-07-14T14:50:05Z)
[2026-07-15 00:50:43]   👤 用户仓库: 30 个 → 队列
[2026-07-15 00:50:43]   用户 samling-jackyjyo 共查 30 个仓库
[2026-07-15 00:50:43] 仓库 https://github.com/Code-newWorld/FlClash (分支: main, size: 56513KB, pushed: 2026-07-14T13:22:07Z)
[2026-07-15 00:50:43] 仓库 https://github.com/fqfqgo/FlClash-new 候选文件 8 个
[2026-07-15 00:50:43] 仓库 https://github.com/Code-newWorld/FlClash 候选文件 3 个
[2026-07-15 00:50:44] 📄 https://raw.githubusercontent.com/crolankawasaki/WhiteListClash-FLClashX/main/merged_flclash.yaml ✅ 解析 865 候选 → 865 个有效节点 → 去重后新增 239 个
[2026-07-15 00:50:45] 仓库 https://github.com/Code-newWorld/FlClash 未提取到节点，加入黑名单
[2026-07-15 00:50:45] 仓库 https://github.com/go2world-icu/FlClash (分支: main, size: 56062KB, pushed: 2026-07-14T06:00:11Z)
[2026-07-15 00:50:45] 仓库 https://github.com/go2world-icu/FlClash 无候选文件 (总计 686 blob, 扩展名过滤 577, processed_shas 跳过 0, SHA 缓存跳过 109)
[2026-07-15 00:50:45] 🔗 查子仓库: go2world-icu/FlClash
[2026-07-15 00:50:46] 🔗 开始 Fork 链追踪 (go2world-icu/FlClash)
[2026-07-15 00:50:46]   父仓库: chen08209/FlClash
[2026-07-15 00:50:46] ⏭️ 仓库 https://github.com/chen08209/FlClash 31h 未更新，跳过
[2026-07-15 00:50:46]   父仓库 +0 个节点
[2026-07-15 00:50:46] 仓库 https://github.com/fqfqgo/FlClash-new 未提取到节点，加入黑名单
[2026-07-15 00:50:46] 仓库 https://github.com/ofrifat-prime/flclash-0.8.94 (分支: main, size: 150178KB, pushed: 2026-07-14T03:56:08Z)
[2026-07-15 00:50:47]   🍴 兄弟仓库: 30 个 → 队列
[2026-07-15 00:50:47] 👤 遍历用户仓库: go2world-icu
[2026-07-15 00:50:47] 仓库 https://github.com/ofrifat-prime/flclash-0.8.94 无候选文件 (总计 1607 blob, 扩展名过滤 1459, processed_shas 跳过 0, SHA 缓存跳过 148)
[2026-07-15 00:50:47] 🔗 查子仓库: ofrifat-prime/flclash-0.8.94
[2026-07-15 00:50:48] 🔗 开始 Fork 链追踪 (ofrifat-prime/flclash-0.8.94)
[2026-07-15 00:50:48]   👤 用户仓库: 12 个 → 队列
[2026-07-15 00:50:48]   用户 go2world-icu 共查 12 个仓库
[2026-07-15 00:50:48] 仓库 https://github.com/94267426/FlClash (分支: main, size: 54675KB, pushed: 2026-07-14T03:53:18Z)
[2026-07-15 00:50:48] 👤 遍历用户仓库: ofrifat-prime
[2026-07-15 00:50:48]   👤 用户仓库: 30 个 → 队列
[2026-07-15 00:50:48]   用户 parhelia512 共查 30 个仓库
[2026-07-15 00:50:48] 仓库 https://github.com/94267426/FlClash 无候选文件 (总计 686 blob, 扩展名过滤 577, processed_shas 跳过 0, SHA 缓存跳过 109)[2026-07-15 00:50:48] ⚠️ 仓库 https://github.com/SnehaSiddhaganesh/Fitness-Agent- 大小为 0，跳过

[2026-07-15 00:50:48]   用户 ofrifat-prime 共查 0 个仓库
[2026-07-15 00:50:48] 仓库 https://github.com/lem85930/GuovinTV (分支: master, size: 129940KB, pushed: 2026-07-14T10:22:18Z)[2026-07-15 00:50:48] 🔗 查子仓库: 94267426/FlClash[2026-07-15 00:50:48] 仓库 https://github.com/mehrtat/vless-collector (分支: main, size: 5206KB, pushed: 2026-07-14T15:25:26Z)


[2026-07-15 00:50:49] 🔗 开始 Fork 链追踪 (94267426/FlClash)
[2026-07-15 00:50:49] 仓库 https://github.com/mehrtat/vless-collector 候选文件 3 个
[2026-07-15 00:50:49]   父仓库: chen08209/FlClash
[2026-07-15 00:50:49] 🔗 查子仓库: crolankawasaki/WhiteListClash-FLClashX[2026-07-15 00:50:49] ⏭️ 仓库 https://github.com/chen08209/FlClash 31h 未更新，跳过

[2026-07-15 00:50:49]   父仓库 +0 个节点
[2026-07-15 00:50:49] 仓库 https://github.com/lem85930/GuovinTV 候选文件 30 个
[2026-07-15 00:50:49] 🔗 开始 Fork 链追踪 (crolankawasaki/WhiteListClash-FLClashX)
[2026-07-15 00:50:49] 👤 遍历用户仓库: crolankawasaki
[2026-07-15 00:50:50]   👤 用户仓库: 2 个 → 队列
[2026-07-15 00:50:50]   用户 crolankawasaki 共查 2 个仓库
[2026-07-15 00:50:50] 仓库 https://github.com/Bors6656/free-vpn-sub (分支: master, size: 156KB, pushed: 2026-07-14T16:22:55Z)
[2026-07-15 00:50:50]   🍴 兄弟仓库: 22 个 → 队列
[2026-07-15 00:50:50] 👤 遍历用户仓库: 94267426
[2026-07-15 00:50:50] 🔗 查子仓库: mehrtat/vless-collector
[2026-07-15 00:50:50] 仓库 https://github.com/Bors6656/free-vpn-sub 候选文件 1 个
[2026-07-15 00:50:50] 🔗 开始 Fork 链追踪 (mehrtat/vless-collector)
[2026-07-15 00:50:50]   👤 用户仓库: 6 个 → 队列
[2026-07-15 00:50:50]   用户 94267426 共查 6 个仓库
[2026-07-15 00:50:50] 仓库 https://github.com/kooker/FreeSubsCheck (分支: main, size: 10235KB, pushed: 2026-07-14T16:00:50Z)
[2026-07-15 00:50:50] 👤 遍历用户仓库: mehrtat
[2026-07-15 00:50:51] 🔗 查子仓库: Bors6656/free-vpn-sub
[2026-07-15 00:50:51] 仓库 https://github.com/kooker/FreeSubsCheck 候选文件 6 个
[2026-07-15 00:50:51] 🔗 开始 Fork 链追踪 (Bors6656/free-vpn-sub)
[2026-07-15 00:50:51] ⏱️ [49/122] sub store pushed:>2026-07-13T16:01:45Z fork:true -language:H | 99s | +325
[2026-07-15 00:50:51]   👤 用户仓库: 1 个 → 队列
[2026-07-15 00:50:51]   用户 mehrtat 共查 1 个仓库
[2026-07-15 00:50:51] 仓库 https://github.com/UIRAN23/free-vpn-subscriptions (分支: main, size: 1360KB, pushed: 2026-07-14T16:00:38Z)
[2026-07-15 00:50:51] 仓库 https://github.com/lem85930/GuovinTV README 含广告词，加入黑名单
[2026-07-15 00:50:51] 仓库 https://github.com/dgshsh031-code/free-vpn-sub (分支: main, size: 4986KB, pushed: 2026-07-14T16:00:05Z)
[2026-07-15 00:50:51] 👤 遍历用户仓库: Bors6656
[2026-07-15 00:50:51] 📄 https://raw.githubusercontent.com/kooker/FreeSubsCheck/main/all.yaml ✅ 解析 14 候选 → 14 个有效节点 → 去重后新增 1 个
[2026-07-15 00:50:51] 仓库 https://github.com/dgshsh031-code/free-vpn-sub 候选文件 1 个
[2026-07-15 00:50:51] 仓库 https://github.com/UIRAN23/free-vpn-subscriptions 候选文件 25 个
[2026-07-15 00:50:51]   👤 用户仓库: 2 个 → 队列
[2026-07-15 00:50:51]   用户 Bors6656 共查 2 个仓库
[2026-07-15 00:50:51] 仓库 https://github.com/yutheGreat/Docker-FreeSubsCheck (分支: main, size: 520KB, pushed: 2026-07-14T15:24:08Z)
[2026-07-15 00:50:51] 📄 https://raw.githubusercontent.com/UIRAN23/free-vpn-subscriptions/main/sub/sing-box-bwl.json ✅ 解析 24 候选 → 24 个有效节点 → 去重后新增 9 个
[2026-07-15 00:50:52] 🔗 查子仓库: dgshsh031-code/free-vpn-sub[2026-07-15 00:50:52] 📄 https://raw.githubusercontent.com/UIRAN23/free-vpn-subscriptions/main/sub/mihomo-all.yaml ✅ 解析 142 候选 → 142 个有效节点 → 去重后新增 1 个[2026-07-15 00:50:52] 仓库 https://github.com/yutheGreat/Docker-FreeSubsCheck 候选文件 1 个


[2026-07-15 00:50:53] 🔗 开始 Fork 链追踪 (dgshsh031-code/free-vpn-sub)
[2026-07-15 00:50:53] 👤 遍历用户仓库: dgshsh031-code
[2026-07-15 00:50:53]   用户 dgshsh031-code 共查 0 个仓库
[2026-07-15 00:50:53] 仓库 https://github.com/hom2541/FreeSubsCheck (分支: main, size: 3970KB, pushed: 2026-07-14T15:21:23Z)
[2026-07-15 00:50:53] 仓库 https://github.com/yutheGreat/Docker-FreeSubsCheck 未提取到节点，加入黑名单
[2026-07-15 00:50:54] 仓库 https://github.com/wwz09/FreeSubsCheck (分支: main, size: 6494KB, pushed: 2026-07-14T15:19:57Z)
[2026-07-15 00:50:54] 仓库 https://github.com/hom2541/FreeSubsCheck 候选文件 1 个[2026-07-15 00:50:54] 📄 https://raw.githubusercontent.com/kooker/FreeSubsCheck/main/kooker.jp.txt ✅ 解析 923 候选 → 923 个有效节点 → 去重后新增 3 个

[2026-07-15 00:50:55] 仓库 https://github.com/wwz09/FreeSubsCheck 候选文件 1 个[2026-07-15 00:50:55] 🔗 查子仓库: kooker/FreeSubsCheck

[2026-07-15 00:50:56] 仓库 https://github.com/hom2541/FreeSubsCheck 未提取到节点，加入黑名单
[2026-07-15 00:50:56] 仓库 https://github.com/007freeman/FreeSubsCheck (分支: main, size: 3712KB, pushed: 2026-07-14T15:19:46Z)
[2026-07-15 00:50:57]   🍴 子仓库: 5 个 → 队列
[2026-07-15 00:50:57] 🔗 开始 Fork 链追踪 (kooker/FreeSubsCheck)
[2026-07-15 00:50:58] 👤 遍历用户仓库: kooker[2026-07-15 00:50:58] 仓库 https://github.com/007freeman/FreeSubsCheck 候选文件 1 个

[2026-07-15 00:50:58] 仓库 https://github.com/wwz09/FreeSubsCheck 未提取到节点，加入黑名单
[2026-07-15 00:50:58] 仓库 https://github.com/jiuzhiecloud/free-sub (分支: main, size: 82KB, pushed: 2026-07-14T13:49:29Z)
[2026-07-15 00:50:58] ⏱️ [50/122] sub collection pushed:>2026-07-13T16:01:45Z fork:true -langu | 8s | +14
[2026-07-15 00:50:58]   👤 用户仓库: 1 个 → 队列
[2026-07-15 00:50:58]   用户 kooker 共查 1 个仓库
[2026-07-15 00:50:59] 仓库 https://github.com/Kris0721/Match-Risk-Engine (分支: main, size: 204328KB, pushed: 2026-07-14T13:37:01Z)
[2026-07-15 00:50:59] 仓库 https://github.com/007freeman/FreeSubsCheck 未提取到节点，加入黑名单
[2026-07-15 00:50:59] 仓库 https://github.com/marshall888666/free_clash_subscribe (分支: main, size: 727KB, pushed: 2026-07-14T13:23:41Z)
[2026-07-15 00:50:59] 仓库 https://github.com/jiuzhiecloud/free-sub 候选文件 1 个
[2026-07-15 00:50:59] 仓库 https://github.com/Kris0721/Match-Risk-Engine 候选文件 2 个
[2026-07-15 00:50:59] 仓库 https://github.com/marshall888666/free_clash_subscribe 无候选文件 (总计 6 blob, 扩展名过滤 0, processed_shas 跳过 2, SHA 缓存跳过 4)
[2026-07-15 00:50:59] 🔗 查子仓库: marshall888666/free_clash_subscribe
[2026-07-15 00:50:59] 🔗 查子仓库: UIRAN23/free-vpn-subscriptions
[2026-07-15 00:50:59] 仓库 https://github.com/jiuzhiecloud/free-sub 未提取到节点，加入黑名单
[2026-07-15 00:50:59] 仓库 https://github.com/LancelotRar/free-subs (分支: main, size: 1184KB, pushed: 2026-07-14T13:15:00Z)
[2026-07-15 00:50:59] 🔗 开始 Fork 链追踪 (UIRAN23/free-vpn-subscriptions)
[2026-07-15 00:50:59] 🔗 开始 Fork 链追踪 (marshall888666/free_clash_subscribe)
[2026-07-15 00:51:00] 👤 遍历用户仓库: UIRAN23
[2026-07-15 00:51:00] 👤 遍历用户仓库: marshall888666
[2026-07-15 00:51:00] 仓库 https://github.com/LancelotRar/free-subs 无候选文件 (总计 12 blob, 扩展名过滤 4, processed_shas 跳过 0, SHA 缓存跳过 8)
[2026-07-15 00:51:00] 🔗 查子仓库: LancelotRar/free-subs
[2026-07-15 00:51:00]   👤 用户仓库: 1 个 → 队列
[2026-07-15 00:51:00]   用户 marshall888666 共查 1 个仓库
[2026-07-15 00:51:00] 仓库 https://github.com/oyajibuki/subtitle-ai-free (分支: main, size: 52566KB, pushed: 2026-07-14T11:43:27Z)
[2026-07-15 00:51:00]   👤 用户仓库: 2 个 → 队列
[2026-07-15 00:51:00]   用户 UIRAN23 共查 2 个仓库
[2026-07-15 00:51:00] 仓库 https://github.com/monomono98/FREE-sub (分支: main, size: 86KB, pushed: 2026-07-14T06:27:55Z)
[2026-07-15 00:51:00] 仓库 https://github.com/Kris0721/Match-Risk-Engine 未提取到节点，加入黑名单
[2026-07-15 00:51:00] 仓库 https://github.com/fifthidea/sub (分支: main, size: 64054KB, pushed: 2026-07-14T16:33:16Z)
[2026-07-15 00:51:00]   🍴 子仓库: 4 个 → 队列
[2026-07-15 00:51:00] 🔗 开始 Fork 链追踪 (LancelotRar/free-subs)
[2026-07-15 00:51:00] 👤 遍历用户仓库: LancelotRar
[2026-07-15 00:51:00] 仓库 https://github.com/oyajibuki/subtitle-ai-free 候选文件 9 个
[2026-07-15 00:51:00] 仓库 https://github.com/monomono98/FREE-sub 无候选文件 (总计 2 blob, 扩展名过滤 0, processed_shas 跳过 0, SHA 缓存跳过 2)
[2026-07-15 00:51:00] 🔗 查子仓库: monomono98/FREE-sub
[2026-07-15 00:51:00] 仓库 https://github.com/fifthidea/sub 候选文件 40 个
[2026-07-15 00:51:00] 🔗 开始 Fork 链追踪 (monomono98/FREE-sub)
[2026-07-15 00:51:01] 📄 https://raw.githubusercontent.com/fifthidea/sub/main/channels/ConfigsHUB2.txt ✅ 解析 242 候选 → 242 个有效节点 → 去重后新增 9 个
[2026-07-15 00:51:01]   👤 用户仓库: 2 个 → 队列
[2026-07-15 00:51:01]   用户 LancelotRar 共查 2 个仓库
[2026-07-15 00:51:01] 仓库 https://github.com/wangyingbo/v2rayse_sub (分支: main, size: 300957KB, pushed: 2026-07-14T16:30:32Z)
[2026-07-15 00:51:01] 👤 遍历用户仓库: monomono98
[2026-07-15 00:51:01] 📄 https://raw.githubusercontent.com/fifthidea/sub/main/channels/V2rayBaaz.txt ✅ 解析 143 候选 → 143 个有效节点 → 去重后新增 2 个
[2026-07-15 00:51:01] 📄 https://raw.githubusercontent.com/fifthidea/sub/main/channels/CafeTweetFa.txt ✅ 解析 368 候选 → 368 个有效节点 → 去重后新增 5 个
[2026-07-15 00:51:01] 📄 https://raw.githubusercontent.com/fifthidea/sub/main/channels/NamazVPN.txt ✅ 解析 281 候选 → 281 个有效节点 → 去重后新增 25 个
[2026-07-15 00:51:01] 📄 https://raw.githubusercontent.com/fifthidea/sub/main/channels/iranconnecting.txt ✅ 解析 455 候选 → 455 个有效节点 → 去重后新增 7 个[2026-07-15 00:51:01]   用户 monomono98 共查 0 个仓库

[2026-07-15 00:51:01] 仓库 https://github.com/YG-Blue/v2ray-subscription (分支: main, size: 4996KB, pushed: 2026-07-14T16:22:37Z)
[2026-07-15 00:51:01] 📄 https://raw.githubusercontent.com/fifthidea/sub/main/channels/persianvpnhub.txt ✅ 解析 246 候选 → 246 个有效节点 → 去重后新增 2 个
[2026-07-15 00:51:01] 仓库 https://github.com/wangyingbo/v2rayse_sub 候选文件较多 (278 个)，先通过 commits API 过滤[2026-07-15 00:51:01] 📄 https://raw.githubusercontent.com/fifthidea/sub/main/channels/ConfigYab_AUTO.txt ✅ 解析 992 候选 → 992 个有效节点 → 去重后新增 5 个

[2026-07-15 00:51:01] 📄 https://raw.githubusercontent.com/fifthidea/sub/main/channels/v2ray_configs_pool.txt ✅ 解析 161 候选 → 161 个有效节点 → 去重后新增 5 个
[2026-07-15 00:51:02] 📄 https://raw.githubusercontent.com/fifthidea/sub/main/channels/lebertad.txt ✅ 解析 584 候选 → 584 个有效节点 → 去重后新增 37 个
[2026-07-15 00:51:02] 📄 https://raw.githubusercontent.com/fifthidea/sub/main/channels/vpnfreev2rayconfig.txt ✅ 解析 115 候选 → 115 个有效节点 → 去重后新增 7 个
[2026-07-15 00:51:02] 📄 https://raw.githubusercontent.com/fifthidea/sub/main/channels/meliproxyy.txt ✅ 解析 660 候选 → 660 个有效节点 → 去重后新增 4 个
[2026-07-15 00:51:02] 📄 https://raw.githubusercontent.com/fifthidea/sub/main/channels/v2ray_Extractor.txt ✅ 解析 955 候选 → 955 个有效节点 → 去重后新增 1 个
[2026-07-15 00:51:03] 📄 https://raw.githubusercontent.com/fifthidea/sub/main/channels/v2ray_dalghak.txt ✅ 解析 1243 候选 → 1243 个有效节点 → 去重后新增 1 个[2026-07-15 00:51:03]   Compare API 返回 13 个变更文件 (3 次 API 调用)
[2026-07-15 00:51:03] 仓库 https://github.com/oyajibuki/subtitle-ai-free 未提取到节点，加入黑名单

[2026-07-15 00:51:03]   commits 过滤: 278 → 7 (变更文件 13 个)
[2026-07-15 00:51:03] 仓库 https://github.com/wangyingbo/v2rayse_sub 候选文件 7 个
[2026-07-15 00:51:03] 📄 https://raw.githubusercontent.com/fifthidea/sub/main/sub/ir-actual.txt ✅ 解析 758 候选 → 758 个有效节点 → 去重后新增 7 个[2026-07-15 00:51:03] 仓库 https://github.com/teknovpnhub/v2ray-subscription (分支: main, size: 29732KB, pushed: 2026-07-14T16:18:16Z)

[2026-07-15 00:51:04] 📄 https://raw.githubusercontent.com/fifthidea/sub/main/channels/chillguy_vpn.txt ✅ 解析 1378 候选 → 1378 个有效节点 → 去重后新增 2 个
[2026-07-15 00:51:04] 📄 https://raw.githubusercontent.com/fifthidea/sub/main/channels/GalaxyMVPN.txt ✅ 解析 2487 候选 → 2487 个有效节点 → 去重后新增 18 个
[2026-07-15 00:51:05] 仓库 https://github.com/YG-Blue/v2ray-subscription 候选文件较多 (2215 个)，先通过 commits API 过滤
[2026-07-15 00:51:05] 仓库 https://github.com/teknovpnhub/v2ray-subscription 候选文件较多 (2807 个)，先通过 commits API 过滤
[2026-07-15 00:51:06] 仓库 https://github.com/wangyingbo/v2rayse_sub 未提取到节点，加入黑名单
[2026-07-15 00:51:06] 仓库 https://github.com/le45tx1m/SubCrawler (分支: main, size: 2249692KB, pushed: 2026-07-14T16:08:45Z)
[2026-07-15 00:51:06]   Compare API 返回 20 个变更文件 (3 次 API 调用)
[2026-07-15 00:51:06]   commits 过滤: 2215 → 9 (变更文件 20 个)
[2026-07-15 00:51:06] 仓库 https://github.com/YG-Blue/v2ray-subscription 候选文件 9 个
[2026-07-15 00:51:07] 仓库 https://github.com/le45tx1m/SubCrawler 候选文件 5 个
[2026-07-15 00:51:08] 📄 https://raw.githubusercontent.com/YG-Blue/v2ray-subscription/main/servers.txt ✅ 解析 31 候选 → 31 个有效节点 → 去重后新增 2 个
[2026-07-15 00:51:08]   Compare API 返回 66 个变更文件 (3 次 API 调用)
[2026-07-15 00:51:08]   commits 过滤: 2807 → 51 (变更文件 66 个)
[2026-07-15 00:51:08] 仓库 https://github.com/teknovpnhub/v2ray-subscription 候选文件 51 个
[2026-07-15 00:51:11] 🔗 查子仓库: teknovpnhub/v2ray-subscription
[2026-07-15 00:51:11] 🔗 查子仓库: YG-Blue/v2ray-subscription[2026-07-15 00:51:12]   🍴 子仓库: 1 个 → 队列

[2026-07-15 00:51:12] 🔗 开始 Fork 链追踪 (teknovpnhub/v2ray-subscription)
[2026-07-15 00:51:12] 🔗 查子仓库: fifthidea/sub
[2026-07-15 00:51:14] 👤 遍历用户仓库: teknovpnhub[2026-07-15 00:51:14] 🔗 开始 Fork 链追踪 (YG-Blue/v2ray-subscription)[2026-07-15 00:51:14] 🔗 开始 Fork 链追踪 (fifthidea/sub)


[2026-07-15 00:51:15] 👤 遍历用户仓库: YG-Blue
[2026-07-15 00:51:15] 👤 遍历用户仓库: fifthidea
[2026-07-15 00:51:15]   👤 用户仓库: 4 个 → 队列
[2026-07-15 00:51:15]   用户 teknovpnhub 共查 4 个仓库
[2026-07-15 00:51:15] 仓库 https://github.com/rasool083/v2ray-sub (分支: main, size: 177788KB, pushed: 2026-07-14T15:56:01Z)
[2026-07-15 00:51:15]   用户 YG-Blue 共查 0 个仓库
[2026-07-15 00:51:15] 仓库 https://github.com/YawStar/Proxy-Hunter (分支: main, size: 26311KB, pushed: 2026-07-14T15:53:36Z)
[2026-07-15 00:51:15]   👤 用户仓库: 5 个 → 队列
[2026-07-15 00:51:15]   用户 fifthidea 共查 5 个仓库
[2026-07-15 00:51:15] 仓库 https://github.com/onlymeoneme/v2ray_subs (分支: main, size: 4114KB, pushed: 2026-07-14T15:37:21Z)
[2026-07-15 00:51:15] 仓库 https://github.com/rasool083/v2ray-sub 候选文件 1 个
[2026-07-15 00:51:15] 仓库 https://github.com/YawStar/Proxy-Hunter 候选文件 10 个
[2026-07-15 00:51:16] 仓库 https://github.com/onlymeoneme/v2ray_subs 无候选文件 (总计 1 blob, 扩展名过滤 0, processed_shas 跳过 0, SHA 缓存跳过 1)
[2026-07-15 00:51:16] 🔗 查子仓库: onlymeoneme/v2ray_subs
[2026-07-15 00:51:16] 🔗 开始 Fork 链追踪 (onlymeoneme/v2ray_subs)
[2026-07-15 00:51:16] 👤 遍历用户仓库: onlymeoneme
[2026-07-15 00:51:16]   👤 用户仓库: 11 个 → 队列
[2026-07-15 00:51:16]   用户 onlymeoneme 共查 11 个仓库
[2026-07-15 00:51:16] 仓库 https://github.com/who-2000/sublink-worker (分支: main, size: 3418KB, pushed: 2026-07-14T15:26:11Z)
[2026-07-15 00:51:17] 仓库 https://github.com/who-2000/sublink-worker 无候选文件 (总计 117 blob, 扩展名过滤 97, processed_shas 跳过 0, SHA 缓存跳过 20)
[2026-07-15 00:51:17] 🔗 查子仓库: who-2000/sublink-worker
[2026-07-15 00:51:17] 🔗 开始 Fork 链追踪 (who-2000/sublink-worker)
[2026-07-15 00:51:17]   父仓库: 7Sageer/sublink-worker
[2026-07-15 00:51:17] 仓库在黑名单中: https://github.com/7Sageer/sublink-worker
[2026-07-15 00:51:17]   父仓库 +0 个节点
[2026-07-15 00:51:20]   🍴 兄弟仓库: 30 个 → 队列
[2026-07-15 00:51:20] 👤 遍历用户仓库: who-2000
[2026-07-15 00:51:21]   👤 用户仓库: 12 个 → 队列
[2026-07-15 00:51:21]   用户 who-2000 共查 12 个仓库
[2026-07-15 00:51:21] 仓库 https://github.com/akafshdouz/v2ray-sub (分支: main, size: 478KB, pushed: 2026-07-14T15:19:58Z)
[2026-07-15 00:51:21] 仓库 https://github.com/akafshdouz/v2ray-sub 候选文件 1 个
[2026-07-15 00:51:21] 🔗 查子仓库: YawStar/Proxy-Hunter
[2026-07-15 00:51:22] 🔗 查子仓库: akafshdouz/v2ray-sub
[2026-07-15 00:51:22]   🍴 子仓库: 1 个 → 队列
[2026-07-15 00:51:22] 🔗 开始 Fork 链追踪 (YawStar/Proxy-Hunter)[2026-07-15 00:51:22] 🔗 开始 Fork 链追踪 (akafshdouz/v2ray-sub)

[2026-07-15 00:51:23] 👤 遍历用户仓库: akafshdouz
[2026-07-15 00:51:23] 👤 遍历用户仓库: YawStar
[2026-07-15 00:51:23]   👤 用户仓库: 1 个 → 队列
[2026-07-15 00:51:23]   用户 akafshdouz 共查 1 个仓库
[2026-07-15 00:51:23] 仓库 https://github.com/googledslz/V2ray-Configs_SUBS (分支: main, size: 5298958KB, pushed: 2026-07-14T15:16:55Z)
[2026-07-15 00:51:23]   👤 用户仓库: 5 个 → 队列
[2026-07-15 00:51:23]   用户 YawStar 共查 5 个仓库
[2026-07-15 00:51:23] 仓库 https://github.com/shervinofpersia/Subscrip (分支: main, size: 12278KB, pushed: 2026-07-14T15:14:17Z)
[2026-07-15 00:51:24] 仓库 https://github.com/googledslz/V2ray-Configs_SUBS 候选文件 11 个
[2026-07-15 00:51:24] 仓库 https://github.com/shervinofpersia/Subscrip 候选文件 3 个
[2026-07-15 00:51:30] 🔗 查子仓库: googledslz/V2ray-Configs_SUBS
[2026-07-15 00:51:30] 🔗 开始 Fork 链追踪 (googledslz/V2ray-Configs_SUBS)
[2026-07-15 00:51:30] ⚠️ Worker 异常: shervinofpersia/Subscrip: quote_from_bytes() expected bytes
[2026-07-15 00:51:30] 仓库 https://github.com/Annihilater/sublink-worker (分支: main, size: 3418KB, pushed: 2026-07-14T14:20:19Z)
[2026-07-15 00:51:30]   父仓库: nyeinkokoaung404/V2ray-Configs
[2026-07-15 00:51:30] 仓库 https://github.com/nyeinkokoaung404/V2ray-Configs (分支: main, size: 5344536KB, pushed: 2026-07-14T16:48:54Z)
[2026-07-15 00:51:31] 仓库 https://github.com/nyeinkokoaung404/V2ray-Configs 候选文件 21 个
[2026-07-15 00:51:31] 仓库 https://github.com/Annihilater/sublink-worker 无候选文件 (总计 117 blob, 扩展名过滤 97, processed_shas 跳过 0, SHA 缓存跳过 20)
[2026-07-15 00:51:31] 🔗 查子仓库: Annihilater/sublink-worker
[2026-07-15 00:51:31] 🔗 开始 Fork 链追踪 (Annihilater/sublink-worker)
[2026-07-15 00:51:32]   父仓库: 7Sageer/sublink-worker
[2026-07-15 00:51:32] 仓库在黑名单中: https://github.com/7Sageer/sublink-worker
[2026-07-15 00:51:32]   父仓库 +0 个节点
[2026-07-15 00:51:36]   🍴 兄弟仓库: 21 个 → 队列
[2026-07-15 00:51:36] 👤 遍历用户仓库: Annihilater
[2026-07-15 00:51:36] 👤 遍历用户仓库: nyeinkokoaung404
[2026-07-15 00:51:40]   👤 用户仓库: 30 个 → 队列
[2026-07-15 00:51:40]   用户 nyeinkokoaung404 共查 30 个仓库
[2026-07-15 00:51:40]   父仓库 +0 个节点
[2026-07-15 00:51:41]   🍴 兄弟仓库: 10 个 → 队列
[2026-07-15 00:51:41] 👤 遍历用户仓库: googledslz
[2026-07-15 00:51:43] 📄 https://raw.githubusercontent.com/le45tx1m/SubCrawler/main/sub/share/vless ✅ 解析 20442 候选 → 20442 个有效节点 → 去重后新增 4 个
[2026-07-15 00:51:43] 📄 https://raw.githubusercontent.com/rasool083/v2ray-sub/main/sub.txt ✅ 解析 13599 候选 → 13599 个有效节点 → 去重后新增 236 个
[2026-07-15 00:51:43] 🔗 查子仓库: rasool083/v2ray-sub
[2026-07-15 00:51:43] 🔗 开始 Fork 链追踪 (rasool083/v2ray-sub)
[2026-07-15 00:51:43] 👤 遍历用户仓库: rasool083
[2026-07-15 00:51:44]   👤 用户仓库: 1 个 → 队列
[2026-07-15 00:51:44]   用户 rasool083 共查 1 个仓库
[2026-07-15 00:51:44] 仓库 https://github.com/ParsaPanahi/vpn-kral (分支: main, size: 2652KB, pushed: 2026-07-14T14:03:32Z)
[2026-07-15 00:51:45] 仓库 https://github.com/ParsaPanahi/vpn-kral 候选文件 1 个
[2026-07-15 00:51:46] 📄 https://raw.githubusercontent.com/ParsaPanahi/vpn-kral/main/kral-subs.txt ✅ 解析 31 候选 → 31 个有效节点 → 去重后新增 3 个
[2026-07-15 00:51:46] 🔗 查子仓库: ParsaPanahi/vpn-kral
[2026-07-15 00:51:46] 🔗 开始 Fork 链追踪 (ParsaPanahi/vpn-kral)
[2026-07-15 00:51:46] 👤 遍历用户仓库: ParsaPanahi
[2026-07-15 00:51:47]   👤 用户仓库: 2 个 → 队列
[2026-07-15 00:51:47]   用户 ParsaPanahi 共查 2 个仓库
[2026-07-15 00:51:47] 仓库 https://github.com/wanghz/clash-get_subscribe (分支: main, size: 211KB, pushed: 2026-07-14T13:58:59Z)
[2026-07-15 00:51:47]   👤 用户仓库: 30 个 → 队列
[2026-07-15 00:51:47]   用户 googledslz 共查 30 个仓库
[2026-07-15 00:51:47] 仓库 https://github.com/mahdisandughdaran-sys/V2ray-sub (分支: main, size: 91127KB, pushed: 2026-07-14T13:52:19Z)
[2026-07-15 00:51:47] 🔗 查子仓库: le45tx1m/SubCrawler
[2026-07-15 00:51:47] 仓库 https://github.com/wanghz/clash-get_subscribe 无候选文件 (总计 60 blob, 扩展名过滤 51, processed_shas 跳过 0, SHA 缓存跳过 9)
[2026-07-15 00:51:47] 🔗 查子仓库: wanghz/clash-get_subscribe
[2026-07-15 00:51:47] 🔗 开始 Fork 链追踪 (wanghz/clash-get_subscribe)
[2026-07-15 00:51:48] 仓库 https://github.com/mahdisandughdaran-sys/V2ray-sub 候选文件 2 个
[2026-07-15 00:51:48] 🔗 开始 Fork 链追踪 (le45tx1m/SubCrawler)
[2026-07-15 00:51:48]   父仓库: Leon406/SubCrawler
[2026-07-15 00:51:48]   父仓库: ermaozi/get_subscribe
[2026-07-15 00:51:48]   👤 用户仓库: 30 个 → 队列
[2026-07-15 00:51:48]   用户 Annihilater 共查 30 个仓库
[2026-07-15 00:51:48] 仓库 https://github.com/3inker/v2ray-subscription (分支: main, size: 2826KB, pushed: 2026-07-14T13:51:22Z)
[2026-07-15 00:51:48] 仓库 https://github.com/3inker/v2ray-subscription 候选文件 3 个
[2026-07-15 00:51:49] 🔗 查子仓库: mahdisandughdaran-sys/V2ray-sub
[2026-07-15 00:51:49] 🔗 开始 Fork 链追踪 (mahdisandughdaran-sys/V2ray-sub)
[2026-07-15 00:51:49] 📄 https://raw.githubusercontent.com/3inker/v2ray-subscription/main/subs/all_not_ru.txt ✅ 解析 235 候选 → 235 个有效节点 → 去重后新增 22 个
[2026-07-15 00:51:49] 👤 遍历用户仓库: mahdisandughdaran-sys
[2026-07-15 00:51:49]   🍴 兄弟仓库: 19 个 → 队列
[2026-07-15 00:51:49] 👤 遍历用户仓库: wanghz
[2026-07-15 00:51:49] 📄 https://raw.githubusercontent.com/3inker/v2ray-subscription/main/subs/all_ru.txt ✅ 解析 20 候选 → 20 个有效节点 → 去重后新增 2 个
[2026-07-15 00:51:49] 🔗 查子仓库: 3inker/v2ray-subscription
[2026-07-15 00:51:49]   🍴 兄弟仓库: 27 个 → 队列
[2026-07-15 00:51:49] 👤 遍历用户仓库: le45tx1m
[2026-07-15 00:51:49]   👤 用户仓库: 6 个 → 队列
[2026-07-15 00:51:49]   用户 mahdisandughdaran-sys 共查 6 个仓库
[2026-07-15 00:51:49] 仓库 https://github.com/mehrdadmb2/V2ray_Sub (分支: main, size: 2480KB, pushed: 2026-07-14T13:48:10Z)
[2026-07-15 00:51:49]   🍴 子仓库: 1 个 → 队列
[2026-07-15 00:51:49] 🔗 开始 Fork 链追踪 (3inker/v2ray-subscription)
[2026-07-15 00:51:50] 仓库 https://github.com/mehrdadmb2/V2ray_Sub 候选文件 1 个
[2026-07-15 00:51:50] 👤 遍历用户仓库: 3inker
[2026-07-15 00:51:50] 🔗 查子仓库: mehrdadmb2/V2ray_Sub
[2026-07-15 00:51:50]   👤 用户仓库: 10 个 → 队列
[2026-07-15 00:51:50]   用户 3inker 共查 10 个仓库
[2026-07-15 00:51:50] 仓库 https://github.com/guangxuemu/get_subscribe (分支: main, size: 682KB, pushed: 2026-07-14T13:18:06Z)
[2026-07-15 00:51:50] 🔗 开始 Fork 链追踪 (mehrdadmb2/V2ray_Sub)
[2026-07-15 00:51:50] 👤 遍历用户仓库: mehrdadmb2
[2026-07-15 00:51:51] 仓库 https://github.com/guangxuemu/get_subscribe 候选文件 1 个
[2026-07-15 00:51:51]   👤 用户仓库: 30 个 → 队列
[2026-07-15 00:51:51]   用户 wanghz 共查 30 个仓库
[2026-07-15 00:51:51] 仓库 https://github.com/hajmeti0/V2rayTun0_sub (分支: main, size: 33KB, pushed: 2026-07-14T12:34:41Z)
[2026-07-15 00:51:51]   👤 用户仓库: 22 个 → 队列
[2026-07-15 00:51:51]   用户 mehrdadmb2 共查 22 个仓库
[2026-07-15 00:51:51] 仓库 https://github.com/zxmqqzz/SubCrawler (分支: main, size: 2050824KB, pushed: 2026-07-14T12:30:05Z)
[2026-07-15 00:51:51] 仓库 https://github.com/hajmeti0/V2rayTun0_sub 候选文件 1 个
[2026-07-15 00:51:51] 仓库 https://github.com/zxmqqzz/SubCrawler 无候选文件 (总计 75 blob, 扩展名过滤 43, processed_shas 跳过 5, SHA 缓存跳过 27)
[2026-07-15 00:51:51] 🔗 查子仓库: zxmqqzz/SubCrawler
[2026-07-15 00:51:52] 🔗 开始 Fork 链追踪 (zxmqqzz/SubCrawler)
[2026-07-15 00:51:52] 📄 https://raw.githubusercontent.com/hajmeti0/V2rayTun0_sub/main/README.md ✅ 解析 17 候选 → 17 个有效节点 → 去重后新增 3 个
[2026-07-15 00:51:52] 🔗 查子仓库: hajmeti0/V2rayTun0_sub
[2026-07-15 00:51:52] 🔗 开始 Fork 链追踪 (hajmeti0/V2rayTun0_sub)
[2026-07-15 00:51:52]   父仓库: Leon406/SubCrawler
[2026-07-15 00:51:52] 📄 https://raw.githubusercontent.com/guangxuemu/get_subscribe/main/subscribe/v2ray.txt ✅ 解析 7581 候选 → 7581 个有效节点 → 去重后新增 99 个[2026-07-15 00:51:52] 👤 遍历用户仓库: hajmeti0

[2026-07-15 00:51:52] 🔗 查子仓库: guangxuemu/get_subscribe
[2026-07-15 00:51:52]   👤 用户仓库: 30 个 → 队列
[2026-07-15 00:51:52]   用户 le45tx1m 共查 30 个仓库
[2026-07-15 00:51:52] 仓库 https://github.com/MZWNET/V2RAY-and-CLASH-Subscription-Links (分支: main, size: 2237KB, pushed: 2026-07-14T10:28:11Z)
[2026-07-15 00:51:52] 树 API 失败，回退到 Contents API
[2026-07-15 00:51:52] ⚠️ Worker 异常: MZWNET/V2RAY-and-CLASH-Subscription-Links: signal only works in main thread of the main interpreter
[2026-07-15 00:51:52] 🔗 开始 Fork 链追踪 (guangxuemu/get_subscribe)
[2026-07-15 00:51:52] 👤 遍历用户仓库: guangxuemu
[2026-07-15 00:51:52]   用户 guangxuemu 共查 0 个仓库
[2026-07-15 00:51:52]   👤 用户仓库: 6 个 → 队列
[2026-07-15 00:51:52]   用户 hajmeti0 共查 6 个仓库
[2026-07-15 00:51:53] 👤 遍历用户仓库: zxmqqzz
[2026-07-15 00:51:53]   用户 zxmqqzz 共查 0 个仓库
[2026-07-15 00:51:54] ⏱️ [51/122] 免费节点 pushed:>2026-07-13T16:01:45Z fork:true -language:HTML | 56s | +508
[2026-07-15 00:51:54] ⏱️ [52/122] 免费clash订阅 pushed:>2026-07-13T16:01:45Z fork:true -language:H | 0s | +0
[2026-07-15 00:51:54] ⏱️ [53/122] 免费v2ray订阅 pushed:>2026-07-13T16:01:45Z fork:true -language:H | 0s | +0
[2026-07-15 00:51:54] ⏱️ [54/122] 免费机场节点 pushed:>2026-07-13T16:01:45Z fork:true -language:HTML | 0s | +0
[2026-07-15 00:51:54] ⏱️ [55/122] 节点订阅 pushed:>2026-07-13T16:01:45Z fork:true -language:HTML | 0s | +0
[2026-07-15 00:51:54] ⏱️ [56/122] 免费机场 pushed:>2026-07-13T16:01:45Z fork:true -language:HTML | 0s | +0
[2026-07-15 00:51:54] ⏱️ [57/122] 科学上网 pushed:>2026-07-13T16:01:45Z fork:true -language:HTML | 0s | +0
[2026-07-15 00:51:54] ⏱️ [58/122] 梯子 pushed:>2026-07-13T16:01:45Z fork:true -language:HTML | 0s | +0
[2026-07-15 00:51:54] ⏱️ [59/122] 代理 pushed:>2026-07-13T16:01:45Z fork:true -language:HTML | 0s | +0
[2026-07-15 00:51:54] ⏱️ [60/122] 免费ssr节点 pushed:>2026-07-13T16:01:45Z fork:true -language:HTM | 0s | +0
[2026-07-15 00:51:54] ⏱️ [61/122] 免费vless节点 pushed:>2026-07-13T16:01:45Z fork:true -language:H | 0s | +0
[2026-07-15 00:51:54] ⏱️ [62/122] 免费reality节点 pushed:>2026-07-13T16:01:45Z fork:true -language | 0s | +0
[2026-07-15 00:51:54] ⏱️ [63/122] 免费tuic节点 pushed:>2026-07-13T16:01:45Z fork:true -language:HT | 0s | +0
[2026-07-15 00:51:54] ⏱️ [64/122] 免费singbox节点 pushed:>2026-07-13T16:01:45Z fork:true -language | 0s | +0
[2026-07-15 00:51:54] ⏱️ [65/122] 免费翻墙 pushed:>2026-07-13T16:01:45Z fork:true -language:HTML | 0s | +0
[2026-07-15 00:51:54] ⏱️ [66/122] 公益节点 pushed:>2026-07-13T16:01:45Z fork:true -language:HTML | 0s | +0
[2026-07-15 00:51:54] ⏱️ [67/122] 节点分享 pushed:>2026-07-13T16:01:45Z fork:true -language:HTML | 0s | +0
[2026-07-15 00:51:54] ⏱️ [68/122] 节点仓库 pushed:>2026-07-13T16:01:45Z fork:true -language:HTML | 0s | +0
[2026-07-15 00:51:54] ⏱️ [69/122] 每日节点 pushed:>2026-07-13T16:01:45Z fork:true -language:HTML | 0s | +0
[2026-07-15 00:51:54] ⏱️ [70/122] 免费节点合集 pushed:>2026-07-13T16:01:45Z fork:true -language:HTML | 0s | +0
[2026-07-15 00:51:54] ⏱️ [71/122] 免费 (clash OR v2ray OR trojan) (订阅 OR 节点 OR 机场) pushed:>2026- | 0s | +0
[2026-07-15 00:51:54] ⏱️ [72/122] clash (订阅 OR 配置 OR 节点) github pushed:>2026-07-13T16:01:45Z f | 0s | +0
[2026-07-15 00:51:54] ⏱️ [73/122] v2ray (订阅 OR 配置 OR 节点) github pushed:>2026-07-13T16:01:45Z f | 0s | +0
[2026-07-15 00:51:54] ⏱️ [74/122] trojan (订阅 OR 配置 OR 节点) github pushed:>2026-07-13T16:01:45Z  | 0s | +0
[2026-07-15 00:51:54] ⏱️ [75/122] hysteria (订阅 OR 配置 OR 节点) github pushed:>2026-07-13T16:01:45 | 0s | +0
[2026-07-15 00:51:54] ⏱️ [76/122] hysteria2 (订阅 OR 配置 OR 节点) github pushed:>2026-07-13T16:01:4 | 0s | +0
[2026-07-15 00:51:54] ⏱️ [77/122] tuic (订阅 OR 配置 OR 节点) github pushed:>2026-07-13T16:01:45Z fo | 0s | +0
[2026-07-15 00:51:54] ⏱️ [78/122] singbox (订阅 OR 配置 OR 节点) github pushed:>2026-07-13T16:01:45Z | 0s | +0
[2026-07-15 00:51:54] ⏱️ [79/122] TelegramV2rayCollector pushed:>2026-07-13T16:01:45Z fork:tru | 0s | +0
[2026-07-15 00:51:54] ⏱️ [80/122] ProxyCollector pushed:>2026-07-13T16:01:45Z fork:true -langu | 0s | +0
[2026-07-15 00:51:54] ⏱️ [81/122] V2RAY-CLASH-BASE64-Subscription pushed:>2026-07-13T16:01:45Z | 0s | +0
[2026-07-15 00:51:54] ⏱️ [82/122] free airport nodes pushed:>2026-07-13T16:01:45Z fork:true -l | 0s | +0
[2026-07-15 00:51:54] ⏱️ [83/122] free shadowrocket nodes pushed:>2026-07-13T16:01:45Z fork:tr | 0s | +0
[2026-07-15 00:51:54] ⏱️ [84/122] free hiddify nodes pushed:>2026-07-13T16:01:45Z fork:true -l | 0s | +0
[2026-07-15 00:51:54] ⏱️ [85/122] free v2rayng nodes pushed:>2026-07-13T16:01:45Z fork:true -l | 0s | +0
[2026-07-15 00:51:54] ⏱️ [86/122] free clash meta nodes pushed:>2026-07-13T16:01:45Z fork:true | 0s | +0
[2026-07-15 00:51:54] ⏱️ [87/122] free mihomo nodes pushed:>2026-07-13T16:01:45Z fork:true -la | 0s | +0
[2026-07-15 00:51:54] ⏱️ [88/122] free proxy scraper pushed:>2026-07-13T16:01:45Z fork:true -l | 0s | +0
[2026-07-15 00:51:54] ⏱️ [89/122] free proxy spider pushed:>2026-07-13T16:01:45Z fork:true -la | 0s | +0
[2026-07-15 00:51:54] ⏱️ [90/122] free proxy bot pushed:>2026-07-13T16:01:45Z fork:true -langu | 0s | +0
[2026-07-15 00:51:54] ⏱️ [91/122] topic:proxypool pushed:>2026-07-13T16:01:45Z fork:true | 0s | +0
[2026-07-15 00:51:54] ⏱️ [92/122] topic:v2ray pushed:>2026-07-13T16:01:45Z fork:true | 0s | +0
[2026-07-15 00:51:54] ⏱️ [93/122] topic:sing-box pushed:>2026-07-13T16:01:45Z fork:true | 0s | +0
[2026-07-15 00:51:54] ⏱️ [94/122] topic:hysteria2 pushed:>2026-07-13T16:01:45Z fork:true | 0s | +0
[2026-07-15 00:51:54] ⏱️ [95/122] topic:mihomo pushed:>2026-07-13T16:01:45Z fork:true | 0s | +0
[2026-07-15 00:51:54] ⏱️ [96/122] topic:clash pushed:>2026-07-13T16:01:45Z fork:true | 0s | +0
[2026-07-15 00:51:54] ⏱️ [97/122] topic:subconverter pushed:>2026-07-13T16:01:45Z fork:true | 0s | +0
[2026-07-15 00:51:54] ⏱️ [98/122] topic:shadowsocks pushed:>2026-07-13T16:01:45Z fork:true | 0s | +0
[2026-07-15 00:51:54] ⏱️ [99/122] topic:wireguard pushed:>2026-07-13T16:01:45Z fork:true | 0s | +0
[2026-07-15 00:51:54] ⏱️ [100/122] topic:free-proxy pushed:>2026-07-13T16:01:45Z fork:true | 0s | +0
[2026-07-15 00:51:54] ⏱️ [101/122] topic:proxy-list pushed:>2026-07-13T16:01:45Z fork:true | 0s | +0
[2026-07-15 00:51:54] ⏱️ [102/122] topic:v2ray-nodes pushed:>2026-07-13T16:01:45Z fork:true | 0s | +0
[2026-07-15 00:51:54] ⏱️ [103/122] topic:vpn pushed:>2026-07-13T16:01:45Z fork:true | 0s | +0
[2026-07-15 00:51:54] ⏱️ [104/122] topic:clash-subscribe pushed:>2026-07-13T16:01:45Z fork:true | 0s | +0
[2026-07-15 00:51:54] ⏱️ [105/122] topic:v2ray-subscribe pushed:>2026-07-13T16:01:45Z fork:true | 0s | +0
[2026-07-15 00:51:54] ⏱️ [106/122] topic:v2ray-config pushed:>2026-07-13T16:01:45Z fork:true | 0s | +0
[2026-07-15 00:51:54] ⏱️ [107/122] topic:clash-config pushed:>2026-07-13T16:01:45Z fork:true | 0s | +0
[2026-07-15 00:51:54] ⏱️ [108/122] Clash.Meta 订阅 in:readme pushed:>2026-07-13T16:01:45Z fork:tr | 0s | +0
[2026-07-15 00:51:54] ⏱️ [109/122] v2rayN 订阅 in:readme pushed:>2026-07-13T16:01:45Z fork:true | 0s | +0
[2026-07-15 00:51:54] ⏱️ [110/122] v2rayNG 配置 in:readme pushed:>2026-07-13T16:01:45Z fork:true | 0s | +0
[2026-07-15 00:51:54] ⏱️ [111/122] sing-box config in:readme pushed:>2026-07-13T16:01:45Z fork: | 0s | +0
[2026-07-15 00:51:54] ⏱️ [112/122] Shadowrocket 订阅 in:readme pushed:>2026-07-13T16:01:45Z fork: | 0s | +0
[2026-07-15 00:51:54] ⏱️ [113/122] Nekobox 配置 in:readme pushed:>2026-07-13T16:01:45Z fork:true | 0s | +0
[2026-07-15 00:51:54] ⏱️ [114/122] FlClash 节点 in:readme pushed:>2026-07-13T16:01:45Z fork:true | 0s | +0
[2026-07-15 00:51:54] ⏱️ [115/122] Hiddify config in:readme pushed:>2026-07-13T16:01:45Z fork:t | 0s | +0
[2026-07-15 00:51:54] ⏱️ [116/122] mihomo 订阅 in:readme pushed:>2026-07-13T16:01:45Z fork:true | 0s | +0
[2026-07-15 00:51:54] ⏱️ [117/122] proxy-groups clash in:readme pushed:>2026-07-13T16:01:45Z fo | 0s | +0
[2026-07-15 00:51:54] ⏱️ [118/122] vmess:// vless:// in:readme pushed:>2026-07-13T16:01:45Z for | 0s | +0
[2026-07-15 00:51:54] ⏱️ [119/122] trojan:// ss:// in:readme pushed:>2026-07-13T16:01:45Z fork: | 0s | +0
[2026-07-15 00:51:54] ⏱️ [120/122] 机场订阅 in:readme pushed:>2026-07-13T16:01:45Z fork:true | 0s | +0
[2026-07-15 00:51:54] ⏱️ [121/122] 免费节点 订阅链接 in:readme pushed:>2026-07-13T16:01:45Z fork:true | 0s | +0
[2026-07-15 00:51:54] ⏱️ [122/122] clash 订阅 节点 in:readme pushed:>2026-07-13T16:01:45Z fork:true | 0s | +0
