[2026-07-11 23:34:46] 🚀 程序启动
[2026-07-11 23:34:46] 关键词: 90 个
[2026-07-11 23:34:46] 已加载黑名单: 31352 个
[2026-07-11 23:34:47] 加载 SHA 缓存 1153934 条 (2 分片)
[2026-07-11 23:34:47] 🚀 程序启动
[2026-07-11 23:34:47] 🔵 种子仓库: 38 个 → 队列
[2026-07-11 23:34:47] 仓库 https://github.com/mahdibland/V2RayAggregator (分支: master, size: 4472705KB, pushed: 2026-07-11T14:23:50Z)
[2026-07-11 23:34:47] 仓库 https://github.com/mahdibland/V2RayAggregator 候选文件 22 个
[2026-07-11 23:34:48] 📄 https://raw.githubusercontent.com/mahdibland/V2RayAggregator/master/sub/list/24.txt ✅ 解析 6 候选 → 6 个有效节点 → 去重后新增 6 个[2026-07-11 23:34:48] 📄 https://raw.githubusercontent.com/mahdibland/V2RayAggregator/master/sub/splitted/ssr.txt ✅ 解析 50 候选 → 50 个有效节点 → 去重后新增 50 个[2026-07-11 23:34:48] 📄 https://raw.githubusercontent.com/mahdibland/V2RayAggregator/master/sub/list/17.txt ✅ 解析 10 候选 → 10 个有效节点 → 去重后新增 10 个[2026-07-11 23:34:48] 仓库 https://github.com/gfpcom/free-proxy-list (分支: main, size: 37030KB, pushed: 2026-07-11T15:18:58Z)

[2026-07-11 23:34:48] 📄 https://raw.githubusercontent.com/mahdibland/V2RayAggregator/master/Eternity ✅ 解析 187 候选 → 187 个有效节点 → 去重后新增 182 个

[2026-07-11 23:34:48] ⏱️ Code [1/26] vmess:// extension:yaml | 1s | +248 节点[2026-07-11 23:34:48] 📄 https://raw.githubusercontent.com/mahdibland/V2RayAggregator/master/README.md ✅ 解析 372 候选 → 372 个有效节点 → 去重后新增 181 个[2026-07-11 23:34:48] 📄 https://raw.githubusercontent.com/mahdibland/V2RayAggregator/master/sub/list/00.txt ✅ 解析 60 候选 → 60 个有效节点 → 去重后新增 59 个[2026-07-11 23:34:48] 📄 https://raw.githubusercontent.com/mahdibland/V2RayAggregator/master/sub/list/41.txt ✅ 解析 20 候选 → 20 个有效节点 → 去重后新增 19 个
[2026-07-11 23:34:48] 📄 https://raw.githubusercontent.com/mahdibland/V2RayAggregator/master/sub/list/12.txt ✅ 解析 193 候选 → 193 个有效节点 → 去重后新增 15 个


[2026-07-11 23:34:48] 📄 https://raw.githubusercontent.com/mahdibland/V2RayAggregator/master/sub/list/68.txt ✅ 解析 192 候选 → 192 个有效节点 → 去重后新增 64 个

[2026-07-11 23:34:48] 📄 https://raw.githubusercontent.com/mahdibland/V2RayAggregator/master/sub/list/32.txt ✅ 解析 161 候选 → 161 个有效节点 → 去重后新增 121 个
[2026-07-11 23:34:48] 🔗 递归发现仓库 mahdibland/ShadowsocksAggregator (来源 https://raw.githubusercontent.com/mahdibland/V2RayAggregator/master/README.md)
[2026-07-11 23:34:48] 📄 https://raw.githubusercontent.com/mahdibland/V2RayAggregator/master/sub/splitted/ss.txt ✅ 解析 1839 候选 → 1839 个有效节点 → 去重后新增 1571 个
[2026-07-11 23:34:48] 🔗 递归发现仓库 mianfeifq/share (来源 https://raw.githubusercontent.com/mahdibland/V2RayAggregator/master/sub/sub_list.json)

[2026-07-11 23:34:48] 仓库 https://github.com/ninjastrikers/nexus-nodes (分支: main, size: 812327KB, pushed: 2026-07-11T13:49:14Z)[2026-07-11 23:34:49] 仓库 https://github.com/gfpcom/free-proxy-list 候选文件 1 个

[2026-07-11 23:34:49] 📄 https://raw.githubusercontent.com/mahdibland/V2RayAggregator/master/sub/splitted/trojan.txt ✅ 解析 738 候选 → 738 个有效节点 → 去重后新增 638 个
[2026-07-11 23:34:49] 📄 https://raw.githubusercontent.com/gfpcom/free-proxy-list/main/README.md ✅ 解析 2 候选 → 2 个有效节点 → 去重后新增 2 个
[2026-07-11 23:34:49] 🔗 递归发现仓库 wiki/gfpcom (来源 https://raw.githubusercontent.com/gfpcom/free-proxy-list/main/README.md)
[2026-07-11 23:34:49] ⏱️ Code [2/26] vless:// extension:yaml | 1s | +2211 节点
[2026-07-11 23:34:49] 仓库 https://github.com/ermaozi/get_subscribe (分支: main, size: 164KB, pushed: 2026-07-11T12:24:02Z)
[2026-07-11 23:34:49] 仓库 https://github.com/ninjastrikers/nexus-nodes 候选文件较多 (320 个)，先通过 commits API 过滤
[2026-07-11 23:34:49] ⏱️ Code [3/26] trojan:// extension:yaml | 0s | +0 节点
[2026-07-11 23:34:49] repo info (mianfeifq/share) 404，跳过
[2026-07-11 23:34:50] 🔗 递归发现仓库 vpei/Free-Node-Merge (来源 https://raw.githubusercontent.com/mahdibland/V2RayAggregator/master/sub/sub_list.json)[2026-07-11 23:34:50] ⏱️ Code [4/26] ss:// extension:yaml | 0s | +0 节点

[2026-07-11 23:34:50] 仓库 https://github.com/mahdibland/ShadowsocksAggregator (分支: master, size: 4472705KB, pushed: 2026-07-11T14:23:50Z)[2026-07-11 23:34:50] repo info (wiki/gfpcom) 404，跳过

[2026-07-11 23:34:50] 仓库 https://github.com/ermaozi/get_subscribe 候选文件 2 个[2026-07-11 23:34:50] ⏱️ Code [5/26] hysteria2:// extension:yaml | 1s | +0 节点[2026-07-11 23:34:50] 🔗 查子仓库: gfpcom/free-proxy-list


[2026-07-11 23:34:50] repo info (vpei/Free-Node-Merge) 返回 403 (尝试 1/2)[2026-07-11 23:34:51] 仓库 https://github.com/pawdroid/Free-servers (分支: main, size: 64KB, pushed: 2026-07-11T15:00:28Z)

[2026-07-11 23:34:51] repo info (vpei/Free-Node-Merge) 403（访问被拒，配额剩余 4984），跳过
[2026-07-11 23:34:51] 🔗 递归发现仓库 ssrsub/ssr (来源 https://raw.githubusercontent.com/mahdibland/V2RayAggregator/master/sub/sub_list.json)
[2026-07-11 23:34:51] ⏱️ Code [6/26] tuic:// extension:yaml | 0s | +0 节点
[2026-07-11 23:34:51] 📄 https://raw.githubusercontent.com/ermaozi/get_subscribe/main/subscribe/clash.yml ✅ 解析 17 候选 → 17 个有效节点 → 去重后新增 7 个
[2026-07-11 23:34:52] 仓库 https://github.com/pawdroid/Free-servers 候选文件 32 个
[2026-07-11 23:34:52] 仓库 https://github.com/sevcator/5ubscrpt10n (分支: main, size: 65963379KB, pushed: 2026-07-11T15:04:04Z)[2026-07-11 23:34:52] 📄 https://raw.githubusercontent.com/ermaozi/get_subscribe/main/subscribe/v2ray.txt ✅ 解析 18 候选 → 18 个有效节点 → 去重后新增 1 个[2026-07-11 23:34:52] ⏱️ Code [7/26] vmess:// extension:txt | 0s | +8 节点
[2026-07-11 23:34:52] 仓库 https://github.com/ssrsub/ssr (分支: master, size: 22599KB, pushed: 2026-07-11T13:21:11Z)

[2026-07-11 23:34:52] 📄 https://raw.githubusercontent.com/pawdroid/Free-servers/main/README.md ✅ 解析 13 候选 → 13 个有效节点 → 去重后新增 5 个[2026-07-11 23:34:52] 🔗 查子仓库: ermaozi/get_subscribe[2026-07-11 23:34:52] 📄 https://raw.githubusercontent.com/pawdroid/Free-servers/main/static/README-ar.md ✅ 解析 13 候选 → 13 个有效节点 → 去重后新增 11 个[2026-07-11 23:34:52] 📄 https://raw.githubusercontent.com/pawdroid/Free-servers/main/static/README-fr.md ✅ 解析 13 候选 → 13 个有效节点 → 去重后新增 9 个[2026-07-11 23:34:52] 📄 https://raw.githubusercontent.com/pawdroid/Free-servers/main/static/README-de.md ✅ 解析 13 候选 → 13 个有效节点 → 去重后新增 10 个
[2026-07-11 23:34:52] 📄 https://raw.githubusercontent.com/pawdroid/Free-servers/main/static/README-hi.md ✅ 解析 13 候选 → 13 个有效节点 → 去重后新增 9 个[2026-07-11 23:34:52] 📄 https://raw.githubusercontent.com/pawdroid/Free-servers/main/static/README-es.md ✅ 解析 13 候选 → 13 个有效节点 → 去重后新增 9 个[2026-07-11 23:34:52] 📄 https://raw.githubusercontent.com/pawdroid/Free-servers/main/static/README-ja.md ✅ 解析 13 候选 → 13 个有效节点 → 去重后新增 10 个

[2026-07-11 23:34:52] 📄 https://raw.githubusercontent.com/pawdroid/Free-servers/main/static/README-bn.md ✅ 解析 13 候选 → 13 个有效节点 → 去重后新增 9 个[2026-07-11 23:34:52] 📄 https://raw.githubusercontent.com/pawdroid/Free-servers/main/static/README-pt-BR.md ✅ 解析 13 候选 → 13 个有效节点 → 去重后新增 9 个
[2026-07-11 23:34:52] 📄 https://raw.githubusercontent.com/pawdroid/Free-servers/main/static/README-vi.md ✅ 解析 13 候选 → 13 个有效节点 → 去重后新增 6 个[2026-07-11 23:34:53] 📄 https://raw.githubusercontent.com/pawdroid/Free-servers/main/static/README-pl.md ✅ 解析 13 候选 → 13 个有效节点 → 去重后新增 11 个



[2026-07-11 23:34:52] 📄 https://raw.githubusercontent.com/pawdroid/Free-servers/main/static/README-en.md ✅ 解析 13 候选 → 13 个有效节点 → 去重后新增 7 个
[2026-07-11 23:34:53] 📄 https://raw.githubusercontent.com/pawdroid/Free-servers/main/static/README-ur-PK.md ✅ 解析 13 候选 → 13 个有效节点 → 去重后新增 11 个[2026-07-11 23:34:53] 📄 https://raw.githubusercontent.com/pawdroid/Free-servers/main/static/README-ru.md ✅ 解析 13 候选 → 13 个有效节点 → 去重后新增 7 个[2026-07-11 23:34:53]   🍴 子仓库: 30 个 → 队列
[2026-07-11 23:34:54] 仓库 https://github.com/sevcator/5ubscrpt10n 候选文件较多 (127 个)，先通过 commits API 过滤[2026-07-11 23:34:52] 📄 https://raw.githubusercontent.com/pawdroid/Free-servers/main/static/README-id.md ✅ 解析 13 候选 → 13 个有效节点 → 去重后新增 4 个
[2026-07-11 23:34:54] 🔗 递归发现仓库 Pawdroid/Free-servers (来源 https://raw.githubusercontent.com/pawdroid/Free-servers/main/README.md)[2026-07-11 23:34:54] 📄 https://raw.githubusercontent.com/mahdibland/V2RayAggregator/master/sub/splitted/vmess.txt ✅ 解析 2353 候选 → 2353 个有效节点 → 去重后新增 2275 个




[2026-07-11 23:34:52] 📄 https://raw.githubusercontent.com/pawdroid/Free-servers/main/static/README-ko-KR.md ✅ 解析 13 候选 → 13 个有效节点 → 去重后新增 11 个[2026-07-11 23:34:54] ⏱️ Code [8/26] vless:// extension:txt | 0s | +2275 节点
[2026-07-11 23:34:53] 仓库 https://github.com/roosterkid/openproxylist (分支: main, size: 1068058KB, pushed: 2026-07-11T15:00:27Z)[2026-07-11 23:34:54] 仓库 https://github.com/ssrsub/ssr 候选文件 3 个[2026-07-11 23:34:54] 仓库 https://github.com/mahdibland/ShadowsocksAggregator 无候选文件 (总计 1557 blob, 扩展名过滤 21, processed_shas 跳过 18, SHA 缓存跳过 1518)[2026-07-11 23:34:54] 仓库 https://github.com/V2RayRoot/V2RayConfig (分支: main, size: 508138KB, pushed: 2026-07-11T15:30:12Z)
[2026-07-11 23:34:54] 📦 批次 0001 已持久化: /home/runner/work/test-college/test-college/batches/no_batch_0001.txt (5339 个节点, 累计 5339 个)[2026-07-11 23:34:54] 🔗 递归发现仓库 Pawdroid/Free-servers (来源 https://raw.githubusercontent.com/pawdroid/Free-servers/main/static/README-fr.md)[2026-07-11 23:34:54] 🔗 递归发现仓库 Pawdroid/Free-servers (来源 https://raw.githubusercontent.com/pawdroid/Free-servers/main/static/README-ja.md)
[2026-07-11 23:34:54] 🔗 递归发现仓库 Pawdroid/Free-servers (来源 https://raw.githubusercontent.com/pawdroid/Free-servers/main/static/README-pt-BR.md)

[2026-07-11 23:34:55] 🔗 递归发现仓库 Pawdroid/Free-servers (来源 https://raw.githubusercontent.com/pawdroid/Free-servers/main/static/README-de.md)[2026-07-11 23:34:55] 🔗 递归发现仓库 Pawdroid/Free-servers (来源 https://raw.githubusercontent.com/pawdroid/Free-servers/main/static/README-vi.md)[2026-07-11 23:34:54] 🔗 递归发现仓库 Pawdroid/Free-servers (来源 https://raw.githubusercontent.com/pawdroid/Free-servers/main/static/README-ar.md)[2026-07-11 23:34:55] 🔗 递归发现仓库 Pawdroid/Free-servers (来源 https://raw.githubusercontent.com/pawdroid/Free-servers/main/static/README-pl.md)





[2026-07-11 23:34:55] 🔗 递归发现仓库 Pawdroid/Free-servers (来源 https://raw.githubusercontent.com/pawdroid/Free-servers/main/static/README-bn.md)




[2026-07-11 23:34:55] 🔗 递归发现仓库 Pawdroid/Free-servers (来源 https://raw.githubusercontent.com/pawdroid/Free-servers/main/static/README-en.md)[2026-07-11 23:34:56] 📄 https://raw.githubusercontent.com/mahdibland/V2RayAggregator/master/sub/list/20.txt ✅ 解析 2137 候选 → 2137 个有效节点 → 去重后新增 449 个[2026-07-11 23:34:56] 🔗 递归发现仓库 Pawdroid/Free-servers (来源 https://raw.githubusercontent.com/pawdroid/Free-servers/main/static/README-ur-PK.md)

[2026-07-11 23:34:55] 🔗 递归发现仓库 Pawdroid/Free-servers (来源 https://raw.githubusercontent.com/pawdroid/Free-servers/main/static/README-ru.md)
[2026-07-11 23:34:56] 仓库 https://github.com/Pawdroid/Free-servers (分支: main, size: 64KB, pushed: 2026-07-11T15:00:28Z)[2026-07-11 23:34:56] 🔗 递归发现仓库 Pawdroid/Free-servers (来源 https://raw.githubusercontent.com/pawdroid/Free-servers/main/static/README-ko-KR.md)

[2026-07-11 23:34:57] 🔗 递归发现仓库 Pawdroid/Free-servers (来源 https://raw.githubusercontent.com/pawdroid/Free-servers/main/static/README-hi.md)[2026-07-11 23:34:57] 仓库 https://github.com/roosterkid/openproxylist 候选文件 9 个[2026-07-11 23:34:57]   🍴 子仓库: 30 个 → 队列[2026-07-11 23:34:57] 🔗 开始 Fork 链追踪 (gfpcom/free-proxy-list)[2026-07-11 23:34:58] 👤 遍历用户仓库: mahdibland

[2026-07-11 23:34:58] 🔗 递归发现仓库 Pawdroid/Free-servers (来源 https://raw.githubusercontent.com/pawdroid/Free-servers/main/static/README-id.md)[2026-07-11 23:34:58] 仓库 https://github.com/Pawdroid/Free-servers (分支: main, size: 64KB, pushed: 2026-07-11T15:00:28Z)

[2026-07-11 23:34:58] 仓库 https://github.com/Pawdroid/Free-servers (分支: main, size: 64KB, pushed: 2026-07-11T15:00:28Z)





[2026-07-11 23:34:58] 仓库 https://github.com/Pawdroid/Free-servers (分支: main, size: 64KB, pushed: 2026-07-11T15:00:28Z)[2026-07-11 23:34:58] ⏱️ Code [9/26] trojan:// extension:txt | 0s | +0 节点[2026-07-11 23:34:58] 仓库 https://github.com/Pawdroid/Free-servers (分支: main, size: 64KB, pushed: 2026-07-11T15:00:28Z)[2026-07-11 23:34:58] 仓库 https://github.com/Pawdroid/Free-servers (分支: main, size: 64KB, pushed: 2026-07-11T15:00:28Z)[2026-07-11 23:34:58] 仓库 https://github.com/V2RayRoot/V2RayConfig 无候选文件 (总计 19 blob, 扩展名过滤 2, processed_shas 跳过 0, SHA 缓存跳过 17)



[2026-07-11 23:34:59] 仓库 https://github.com/Pawdroid/Free-servers 无候选文件 (总计 49 blob, 扩展名过滤 17, processed_shas 跳过 16, SHA 缓存跳过 16)
[2026-07-11 23:34:59]   Compare API 返回 300 个变更文件 (3 次 API 调用)[2026-07-11 23:34:59] 仓库 https://github.com/Pawdroid/Free-servers (分支: main, size: 64KB, pushed: 2026-07-11T15:00:28Z)[2026-07-11 23:34:58] 仓库 https://github.com/Pawdroid/Free-servers (分支: main, size: 64KB, pushed: 2026-07-11T15:00:28Z)


[2026-07-11 23:34:59] 仓库 https://github.com/Pawdroid/Free-servers (分支: main, size: 64KB, pushed: 2026-07-11T15:00:28Z)
[2026-07-11 23:34:59] 👤 遍历用户仓库: gfpcom[2026-07-11 23:34:59] 仓库 https://github.com/Pawdroid/Free-servers 无候选文件 (总计 49 blob, 扩展名过滤 17, processed_shas 跳过 16, SHA 缓存跳过 16)
[2026-07-11 23:34:59] 🔗 开始 Fork 链追踪 (ermaozi/get_subscribe)



[2026-07-11 23:34:59] ⏱️ Code [10/26] ss:// extension:txt | 0s | +22 节点
[2026-07-11 23:34:59] 仓库 https://github.com/Pawdroid/Free-servers (分支: main, size: 64KB, pushed: 2026-07-11T15:00:28Z)[2026-07-11 23:34:59] 仓库 https://github.com/Pawdroid/Free-servers 无候选文件 (总计 49 blob, 扩展名过滤 17, processed_shas 跳过 16, SHA 缓存跳过 16)
[2026-07-11 23:34:59] 📄 https://raw.githubusercontent.com/ssrsub/ssr/master/clash.yaml ✅ 解析 34 候选 → 34 个有效节点 → 去重后新增 22 个[2026-07-11 23:35:00] 👤 遍历用户仓库: Pawdroid[2026-07-11 23:35:00] 仓库 https://github.com/Pawdroid/Free-servers (分支: main, size: 64KB, pushed: 2026-07-11T15:00:28Z)[2026-07-11 23:35:00] 仓库 https://github.com/Pawdroid/Free-servers (分支: main, size: 64KB, pushed: 2026-07-11T15:00:28Z)
[2026-07-11 23:35:00]   👤 用户仓库: 4 个 → 队列[2026-07-11 23:35:00] 🔗 查子仓库: V2RayRoot/V2RayConfig[2026-07-11 23:35:00] 仓库 https://github.com/Pawdroid/Free-servers 无候选文件 (总计 49 blob, 扩展名过滤 17, processed_shas 跳过 16, SHA 缓存跳过 16)[2026-07-11 23:35:00] 仓库 https://github.com/Pawdroid/Free-servers (分支: main, size: 64KB, pushed: 2026-07-11T15:00:28Z)







[2026-07-11 23:35:00] 仓库 https://github.com/Pawdroid/Free-servers (分支: main, size: 64KB, pushed: 2026-07-11T15:00:28Z)
[2026-07-11 23:35:00]   commits 过滤: 320 → 237 (变更文件 300 个)
[2026-07-11 23:35:00] 仓库 https://github.com/Pawdroid/Free-servers 无候选文件 (总计 49 blob, 扩展名过滤 17, processed_shas 跳过 16, SHA 缓存跳过 16)[2026-07-11 23:35:00] 仓库 https://github.com/Pawdroid/Free-servers 无候选文件 (总计 49 blob, 扩展名过滤 17, processed_shas 跳过 16, SHA 缓存跳过 16)
[2026-07-11 23:35:00] 👤 遍历用户仓库: Pawdroid[2026-07-11 23:35:00] 仓库 https://github.com/Pawdroid/Free-servers 无候选文件 (总计 49 blob, 扩展名过滤 17, processed_shas 跳过 16, SHA 缓存跳过 16)[2026-07-11 23:35:00] Code搜索第1页 返回 403 (尝试 1/2)[2026-07-11 23:35:00] 仓库 https://github.com/Pawdroid/Free-servers (分支: main, size: 64KB, pushed: 2026-07-11T15:00:28Z)[2026-07-11 23:35:00]   👤 用户仓库: 1 个 → 队列
[2026-07-11 23:35:01] 仓库 https://github.com/Pawdroid/Free-servers 无候选文件 (总计 49 blob, 扩展名过滤 17, processed_shas 跳过 16, SHA 缓存跳过 16)
[2026-07-11 23:35:01] 👤 遍历用户仓库: Pawdroid



[2026-07-11 23:35:01]   用户 mahdibland 共查 4 个仓库[2026-07-11 23:35:01] 👤 遍历用户仓库: Pawdroid
[2026-07-11 23:35:01] 👤 遍历用户仓库: ermaozi[2026-07-11 23:35:01] 仓库 https://github.com/Pawdroid/Free-servers 无候选文件 (总计 49 blob, 扩展名过滤 17, processed_shas 跳过 16, SHA 缓存跳过 16)
[2026-07-11 23:35:01]   👤 用户仓库: 1 个 → 队列
[2026-07-11 23:35:01] 📄 https://raw.githubusercontent.com/roosterkid/openproxylist/main/V2RAY.txt ✅ 解析 140 候选 → 140 个有效节点 → 去重后新增 88 个



[2026-07-11 23:35:01] 仓库 https://github.com/Pawdroid/Free-servers 无候选文件 (总计 49 blob, 扩展名过滤 17, processed_shas 跳过 16, SHA 缓存跳过 16)

[2026-07-11 23:35:02]   用户 gfpcom 共查 1 个仓库[2026-07-11 23:35:02] 👤 遍历用户仓库: Pawdroid[2026-07-11 23:35:02] 仓库 https://github.com/ninjastrikers/nexus-nodes 候选文件 237 个[2026-07-11 23:35:02] 仓库 https://github.com/Pawdroid/Free-servers 无候选文件 (总计 49 blob, 扩展名过滤 17, processed_shas 跳过 16, SHA 缓存跳过 16)[2026-07-11 23:35:02] 仓库 https://github.com/Pawdroid/Free-servers 无候选文件 (总计 49 blob, 扩展名过滤 17, processed_shas 跳过 16, SHA 缓存跳过 16)[2026-07-11 23:35:02] 👤 遍历用户仓库: ssrsub[2026-07-11 23:35:02]   🍴 子仓库: 18 个 → 队列[2026-07-11 23:35:02] 仓库 https://github.com/Pawdroid/Free-servers 无候选文件 (总计 49 blob, 扩展名过滤 17, processed_shas 跳过 16, SHA 缓存跳过 16)[2026-07-11 23:35:02] 触发限流，等待 50s ...[2026-07-11 23:35:02] 👤 遍历用户仓库: Pawdroid






[2026-07-11 23:35:02] 仓库 https://github.com/Pawdroid/Free-servers 无候选文件 (总计 49 blob, 扩展名过滤 17, processed_shas 跳过 16, SHA 缓存跳过 16)

[2026-07-11 23:35:02] 👤 遍历用户仓库: Pawdroid[2026-07-11 23:35:02] 仓库 https://github.com/Pawdroid/Free-servers 无候选文件 (总计 49 blob, 扩展名过滤 17, processed_shas 跳过 16, SHA 缓存跳过 16)


[2026-07-11 23:35:02] 👤 遍历用户仓库: Pawdroid
[2026-07-11 23:35:02] 👤 遍历用户仓库: Pawdroid[2026-07-11 23:35:02]   用户 Pawdroid 共查 0 个仓库[2026-07-11 23:35:02]   用户 Pawdroid 共查 1 个仓库[2026-07-11 23:35:02] 👤 遍历用户仓库: Pawdroid
[2026-07-11 23:35:02]   用户 Pawdroid 共查 0 个仓库
[2026-07-11 23:35:02] 🔗 开始 Fork 链追踪 (V2RayRoot/V2RayConfig)[2026-07-11 23:35:02] 仓库 https://github.com/Farid-Karimi/Config-Collector (分支: main, size: 320823KB, pushed: 2026-07-11T14:53:14Z)[2026-07-11 23:35:02] 👤 遍历用户仓库: Pawdroid[2026-07-11 23:35:02]   用户 Pawdroid 共查 0 个仓库[2026-07-11 23:35:03] 📄 https://raw.githubusercontent.com/ninjastrikers/nexus-nodes/main/configs/countries/ae/shadowsocks.txt ✅ 解析 12 候选 → 12 个有效节点 → 去重后新增 5 个


[2026-07-11 23:35:03] 📄 https://raw.githubusercontent.com/ninjastrikers/nexus-nodes/main/configs/countries/ae/trojan.txt ✅ 解析 2 候选 → 2 个有效节点 → 去重后新增 1 个

[2026-07-11 23:35:03]   👤 用户仓库: 7 个 → 队列[2026-07-11 23:35:03] 👤 遍历用户仓库: Pawdroid
[2026-07-11 23:35:03] 👤 遍历用户仓库: Pawdroid[2026-07-11 23:35:03] 📄 https://raw.githubusercontent.com/ninjastrikers/nexus-nodes/main/configs/countries/al/shadowsocks.txt ✅ 解析 2 候选 → 2 个有效节点 → 去重后新增 1 个[2026-07-11 23:35:03] 📄 https://raw.githubusercontent.com/ninjastrikers/nexus-nodes/main/configs/countries/al/all.txt ✅ 解析 5 候选 → 5 个有效节点 → 去重后新增 2 个[2026-07-11 23:35:03] 📄 https://raw.githubusercontent.com/ninjastrikers/nexus-nodes/main/configs/countries/al/trojan.txt ✅ 解析 1 候选 → 1 个有效节点 → 去重后新增 1 个
[2026-07-11 23:35:03] 📄 https://raw.githubusercontent.com/ninjastrikers/nexus-nodes/main/configs/countries/at/all.txt ✅ 解析 11 候选 → 11 个有效节点 → 去重后新增 5 个[2026-07-11 23:35:03]   👤 用户仓库: 2 个 → 队列[2026-07-11 23:35:03] 📄 https://raw.githubusercontent.com/ninjastrikers/nexus-nodes/main/configs/countries/am/vless.txt ✅ 解析 3 候选 → 3 个有效节点 → 去重后新增 3 个[2026-07-11 23:35:03]   用户 Pawdroid 共查 0 个仓库
[2026-07-11 23:35:03] 📄 https://raw.githubusercontent.com/ninjastrikers/nexus-nodes/main/configs/countries/au/shadowsocks.txt ✅ 解析 13 候选 → 13 个有效节点 → 去重后新增 6 个[2026-07-11 23:35:03] 🔗 查子仓库: roosterkid/openproxylist[2026-07-11 23:35:03] 👤 遍历用户仓库: Pawdroid[2026-07-11 23:35:03] 📄 https://raw.githubusercontent.com/ninjastrikers/nexus-nodes/main/configs/countries/au/vless.txt ✅ 解析 5 候选 → 5 个有效节点 → 去重后新增 5 个


[2026-07-11 23:35:04] 📄 https://raw.githubusercontent.com/ninjastrikers/nexus-nodes/main/configs/countries/au/trojan.txt ✅ 解析 14 候选 → 14 个有效节点 → 去重后新增 4 个[2026-07-11 23:35:04] 📄 https://raw.githubusercontent.com/ninjastrikers/nexus-nodes/main/configs/countries/au/light.txt ✅ 解析 60 候选 → 60 个有效节点 → 去重后新增 2 个
[2026-07-11 23:35:03]   用户 Pawdroid 共查 0 个仓库









[2026-07-11 23:35:03] 📄 https://raw.githubusercontent.com/ninjastrikers/nexus-nodes/main/configs/countries/ae/vless.txt ✅ 解析 9 候选 → 9 个有效节点 → 去重后新增 8 个[2026-07-11 23:35:04] 📄 https://raw.githubusercontent.com/ninjastrikers/nexus-nodes/main/configs/countries/az/all.txt ✅ 解析 12 候选 → 12 个有效节点 → 去重后新增 10 个




[2026-07-11 23:35:04]   用户 ssrsub 共查 2 个仓库[2026-07-11 23:35:04]   用户 Pawdroid 共查 0 个仓库[2026-07-11 23:35:04] 📄 https://raw.githubusercontent.com/ninjastrikers/nexus-nodes/main/configs/countries/be/vless.txt ✅ 解析 2 候选 → 2 个有效节点 → 去重后新增 2 个[2026-07-11 23:35:04] 📄 https://raw.githubusercontent.com/ninjastrikers/nexus-nodes/main/configs/countries/be/all.txt ✅ 解析 20 候选 → 20 个有效节点 → 去重后新增 13 个

[2026-07-11 23:35:04] 👤 遍历用户仓库: Pawdroid[2026-07-11 23:35:04]   用户 ermaozi 共查 7 个仓库
[2026-07-11 23:35:04] 📄 https://raw.githubusercontent.com/ninjastrikers/nexus-nodes/main/configs/countries/ba/all.txt ✅ 解析 5 候选 → 5 个有效节点 → 去重后新增 4 个




[2026-07-11 23:35:04] 👤 遍历用户仓库: V2RayRoot
[2026-07-11 23:35:04]   用户 Pawdroid 共查 0 个仓库[2026-07-11 23:35:04] 📄 https://raw.githubusercontent.com/ninjastrikers/nexus-nodes/main/configs/countries/bg/all.txt ✅ 解析 11 候选 → 11 个有效节点 → 去重后新增 5 个

[2026-07-11 23:35:04]   用户 Pawdroid 共查 0 个仓库



[2026-07-11 23:35:04] 📄 https://raw.githubusercontent.com/ninjastrikers/nexus-nodes/main/configs/countries/br/shadowsocks.txt ✅ 解析 2 候选 → 2 个有效节点 → 去重后新增 2 个[2026-07-11 23:35:04]   用户 Pawdroid 共查 0 个仓库[2026-07-11 23:35:04]   用户 Pawdroid 共查 0 个仓库[2026-07-11 23:35:04] 仓库 https://github.com/Farid-Karimi/Config-Collector 候选文件 5 个

[2026-07-11 23:35:04] 仓库在黑名单中: https://github.com/ehsanghaffar/config-sub-platform
[2026-07-11 23:35:04]   用户 Pawdroid 共查 0 个仓库


[2026-07-11 23:35:05] 📄 https://raw.githubusercontent.com/ninjastrikers/nexus-nodes/main/configs/countries/br/vless.txt ✅ 解析 4 候选 → 4 个有效节点 → 去重后新增 1 个[2026-07-11 23:35:05] 仓库在黑名单中: https://github.com/Airuop/config-fetcher[2026-07-11 23:35:05]   用户 Pawdroid 共查 0 个仓库


[2026-07-11 23:35:05] 仓库 https://github.com/free-nodes/v2rayfree (分支: main, size: 16875KB, pushed: 2026-07-11T13:35:56Z)[2026-07-11 23:35:05] 📄 https://raw.githubusercontent.com/ninjastrikers/nexus-nodes/main/configs/countries/by/all.txt ✅ 解析 3 候选 → 3 个有效节点 → 去重后新增 3 个[2026-07-11 23:35:05]   用户 Pawdroid 共查 0 个仓库[2026-07-11 23:35:05]   用户 Pawdroid 共查 0 个仓库


[2026-07-11 23:35:06]   👤 用户仓库: 3 个 → 队列[2026-07-11 23:35:06]   Compare API 返回 131 个变更文件 (3 次 API 调用)


[2026-07-11 23:35:06]   commits 过滤: 127 → 127 (变更文件 131 个)[2026-07-11 23:35:06]   用户 V2RayRoot 共查 3 个仓库

[2026-07-11 23:35:07] 仓库 https://github.com/sevcator/5ubscrpt10n 候选文件 127 个[2026-07-11 23:35:07] 仓库在黑名单中: https://github.com/crashgfw/free-airport-nodes

[2026-07-11 23:35:07] 仓库在黑名单中: https://github.com/lza6/free-VPN
[2026-07-11 23:35:07] 仓库在黑名单中: https://github.com/guying23/AutoMergePublicNodes
[2026-07-11 23:35:07] 仓库 https://github.com/rtwo2/FastNodes (分支: main, size: 1574912KB, pushed: 2026-07-11T13:19:37Z)
[2026-07-11 23:35:07] 📄 https://raw.githubusercontent.com/ninjastrikers/nexus-nodes/main/configs/countries/br/all.txt ✅ 解析 14 候选 → 14 个有效节点 → 去重后新增 3 个
[2026-07-11 23:35:07]   🍴 子仓库: 30 个 → 队列
[2026-07-11 23:35:07] 🔗 开始 Fork 链追踪 (roosterkid/openproxylist)
[2026-07-11 23:35:07] 📄 https://raw.githubusercontent.com/ninjastrikers/nexus-nodes/main/configs/countries/bz/vless.txt ✅ 解析 8 候选 → 8 个有效节点 → 去重后新增 7 个
[2026-07-11 23:35:08] 👤 遍历用户仓库: roosterkid
[2026-07-11 23:35:08] 📄 https://raw.githubusercontent.com/ninjastrikers/nexus-nodes/main/configs/countries/ch/shadowsocks.txt ✅ 解析 6 候选 → 6 个有效节点 → 去重后新增 5 个
[2026-07-11 23:35:08] 📄 https://raw.githubusercontent.com/ninjastrikers/nexus-nodes/main/configs/countries/cl/all.txt ✅ 解析 4 候选 → 4 个有效节点 → 去重后新增 1 个
[2026-07-11 23:35:08]   👤 用户仓库: 1 个 → 队列
[2026-07-11 23:35:08]   用户 roosterkid 共查 1 个仓库
[2026-07-11 23:35:08] 仓库在黑名单中: https://github.com/wzdnzd/aggregator
[2026-07-11 23:35:08] 仓库 https://github.com/aiboboxx/v2rayfree (分支: main, size: 16875KB, pushed: 2026-07-11T13:35:56Z)
[2026-07-11 23:35:08] 仓库 https://github.com/free-nodes/v2rayfree 候选文件 3 个
[2026-07-11 23:35:12] 📄 https://raw.githubusercontent.com/ninjastrikers/nexus-nodes/main/configs/countries/ch/trojan.txt ✅ 解析 25 候选 → 25 个有效节点 → 去重后新增 19 个
[2026-07-11 23:35:15] 📄 https://raw.githubusercontent.com/ninjastrikers/nexus-nodes/main/configs/countries/ch/vless.txt ✅ 解析 20 候选 → 20 个有效节点 → 去重后新增 6 个
[2026-07-11 23:35:15] 📄 https://raw.githubusercontent.com/ninjastrikers/nexus-nodes/main/configs/countries/co/all.txt ✅ 解析 3 候选 → 3 个有效节点 → 去重后新增 1 个
[2026-07-11 23:35:22] repo info (alanbobs999/TopFreeProxies) 返回 403 (尝试 1/2)
[2026-07-11 23:35:22] repo info (alanbobs999/TopFreeProxies) 403（访问被拒，配额剩余 4904），跳过
[2026-07-11 23:35:23] 📄 https://raw.githubusercontent.com/ninjastrikers/nexus-nodes/main/configs/countries/cn/vmess.txt ✅ 解析 22 候选 → 22 个有效节点 → 去重后新增 1 个
[2026-07-11 23:35:25] 📄 https://raw.githubusercontent.com/ninjastrikers/nexus-nodes/main/configs/countries/cr/shadowsocks.txt ✅ 解析 2 候选 → 2 个有效节点 → 去重后新增 1 个
[2026-07-11 23:35:26] 🔵 关键词: 122 个
[2026-07-11 23:35:28] 仓库 https://github.com/aiboboxx/v2rayfree 无候选文件 (总计 11 blob, 扩展名过滤 0, processed_shas 跳过 0, SHA 缓存跳过 11)
[2026-07-11 23:35:28] 🔗 查子仓库: aiboboxx/v2rayfree
[2026-07-11 23:35:32]   🍴 子仓库: 30 个 → 队列
[2026-07-11 23:35:32] 🔗 开始 Fork 链追踪 (aiboboxx/v2rayfree)
[2026-07-11 23:35:32] 📄 https://raw.githubusercontent.com/ninjastrikers/nexus-nodes/main/configs/countries/cr/all.txt ✅ 解析 26 候选 → 26 个有效节点 → 去重后新增 9 个[2026-07-11 23:35:32] 📄 https://raw.githubusercontent.com/ninjastrikers/nexus-nodes/main/configs/countries/cw/all.txt ✅ 解析 4 候选 → 4 个有效节点 → 去重后新增 4 个

[2026-07-11 23:35:32] 👤 遍历用户仓库: aiboboxx
[2026-07-11 23:35:32] 📄 https://raw.githubusercontent.com/ninjastrikers/nexus-nodes/main/configs/countries/ch/light.txt ✅ 解析 49 候选 → 49 个有效节点 → 去重后新增 15 个
[2026-07-11 23:35:32]   用户 aiboboxx 共查 0 个仓库
[2026-07-11 23:35:32] 仓库 https://github.com/awesome-vpn/awesome-vpn (分支: master, size: 2865KB, pushed: 2026-07-11T01:57:50Z)
[2026-07-11 23:35:32] 📄 https://raw.githubusercontent.com/ninjastrikers/nexus-nodes/main/configs/countries/ch/all.txt ✅ 解析 54 候选 → 54 个有效节点 → 去重后新增 1 个
[2026-07-11 23:35:33] SHA 缓存已保存: 1154472 条, 2 分片
[2026-07-11 23:35:33] 📄 https://raw.githubusercontent.com/ninjastrikers/nexus-nodes/main/configs/countries/cy/shadowsocks.txt ✅ 解析 2 候选 → 2 个有效节点 → 去重后新增 1 个[2026-07-11 23:35:33] 🔗 查子仓库: pawdroid/Free-servers

[2026-07-11 23:35:33] 📄 https://raw.githubusercontent.com/ninjastrikers/nexus-nodes/main/configs/countries/cy/vless.txt ✅ 解析 4 候选 → 4 个有效节点 → 去重后新增 4 个
[2026-07-11 23:35:33] 仓库 https://github.com/awesome-vpn/awesome-vpn 候选文件 3 个
[2026-07-11 23:35:33] 📄 https://raw.githubusercontent.com/ninjastrikers/nexus-nodes/main/configs/countries/cn/shadowsocks.txt ✅ 解析 73 候选 → 73 个有效节点 → 去重后新增 1 个
[2026-07-11 23:35:33] 📄 https://raw.githubusercontent.com/ninjastrikers/nexus-nodes/main/configs/countries/ca/trojan.txt ✅ 解析 119 候选 → 119 个有效节点 → 去重后新增 52 个
[2026-07-11 23:35:33] 📄 https://raw.githubusercontent.com/ninjastrikers/nexus-nodes/main/configs/countries/cn/all.txt ✅ 解析 146 候选 → 146 个有效节点 → 去重后新增 1 个
[2026-07-11 23:35:33] 📄 https://raw.githubusercontent.com/ninjastrikers/nexus-nodes/main/configs/countries/cz/all.txt ✅ 解析 13 候选 → 13 个有效节点 → 去重后新增 3 个
[2026-07-11 23:35:33] 📄 https://raw.githubusercontent.com/ninjastrikers/nexus-nodes/main/configs/countries/cz/vless.txt ✅ 解析 6 候选 → 6 个有效节点 → 去重后新增 4 个
[2026-07-11 23:35:33] 📄 https://raw.githubusercontent.com/ninjastrikers/nexus-nodes/main/configs/countries/ca/shadowsocks.txt ✅ 解析 233 候选 → 233 个有效节点 → 去重后新增 81 个
[2026-07-11 23:35:34] 📄 https://raw.githubusercontent.com/ninjastrikers/nexus-nodes/main/configs/countries/ee/all.txt ✅ 解析 9 候选 → 9 个有效节点 → 去重后新增 2 个[2026-07-11 23:35:34] 📄 https://raw.githubusercontent.com/ninjastrikers/nexus-nodes/main/configs/countries/dk/shadowsocks.txt ✅ 解析 6 候选 → 6 个有效节点 → 去重后新增 1 个

[2026-07-11 23:35:34] 📄 https://raw.githubusercontent.com/ninjastrikers/nexus-nodes/main/configs/countries/ca/vless.txt ✅ 解析 281 候选 → 281 个有效节点 → 去重后新增 213 个
[2026-07-11 23:35:34] 📄 https://raw.githubusercontent.com/awesome-vpn/awesome-vpn/master/all ✅ 解析 33 候选 → 33 个有效节点 → 去重后新增 6 个
[2026-07-11 23:35:34] 📄 https://raw.githubusercontent.com/ninjastrikers/nexus-nodes/main/configs/countries/de/trojan.txt ✅ 解析 61 候选 → 61 个有效节点 → 去重后新增 10 个
[2026-07-11 23:35:34] 📄 https://raw.githubusercontent.com/ninjastrikers/nexus-nodes/main/configs/countries/de/light.txt ✅ 解析 75 候选 → 75 个有效节点 → 去重后新增 1 个
[2026-07-11 23:35:35]   🍴 子仓库: 30 个 → 队列
[2026-07-11 23:35:35] 🔗 开始 Fork 链追踪 (pawdroid/Free-servers)
[2026-07-11 23:35:35] 📄 https://raw.githubusercontent.com/ninjastrikers/nexus-nodes/main/configs/countries/es/trojan.txt ✅ 解析 5 候选 → 5 个有效节点 → 去重后新增 2 个
[2026-07-11 23:35:35] 📦 批次 0002 已持久化: /home/runner/work/test-college/test-college/batches/no_batch_0002.txt (5545 个节点, 累计 10902 个)
[2026-07-11 23:35:35] 📦 批次 0003 已持久化: /home/runner/work/test-college/test-college/batches/no_batch_0003.txt (32 个节点, 累计 10923 个)
[2026-07-11 23:35:35] 👤 遍历用户仓库: pawdroid
[2026-07-11 23:35:35] 📄 https://raw.githubusercontent.com/ninjastrikers/nexus-nodes/main/configs/countries/de/vmess.txt ✅ 解析 118 候选 → 118 个有效节点 → 去重后新增 2 个
[2026-07-11 23:35:36] 📄 https://raw.githubusercontent.com/ninjastrikers/nexus-nodes/main/configs/countries/fi/trojan.txt ✅ 解析 1 候选 → 1 个有效节点 → 去重后新增 1 个
[2026-07-11 23:35:36]   用户 pawdroid 共查 0 个仓库
[2026-07-11 23:35:36] 仓库在黑名单中: https://github.com/bruceblink/free-v2ray
[2026-07-11 23:35:36] 仓库 https://github.com/Mr-Meshky/vify (分支: main, size: 154328KB, pushed: 2026-07-11T14:49:12Z)
[2026-07-11 23:35:36] 📄 https://raw.githubusercontent.com/ninjastrikers/nexus-nodes/main/configs/countries/es/vless.txt ✅ 解析 8 候选 → 8 个有效节点 → 去重后新增 5 个
[2026-07-11 23:35:37] 仓库 https://github.com/rtwo2/FastNodes 候选文件较多 (183 个)，先通过 commits API 过滤
[2026-07-11 23:35:37] 📄 https://raw.githubusercontent.com/ninjastrikers/nexus-nodes/main/configs/countries/es/shadowsocks.txt ✅ 解析 22 候选 → 22 个有效节点 → 去重后新增 1 个
[2026-07-11 23:35:37] 📄 https://raw.githubusercontent.com/ninjastrikers/nexus-nodes/main/configs/countries/de/shadowsocks.txt ✅ 解析 127 候选 → 127 个有效节点 → 去重后新增 44 个
[2026-07-11 23:35:37] 📄 https://raw.githubusercontent.com/ninjastrikers/nexus-nodes/main/configs/countries/fi/shadowsocks.txt ✅ 解析 18 候选 → 18 个有效节点 → 去重后新增 12 个
[2026-07-11 23:35:38] 📄 https://raw.githubusercontent.com/ninjastrikers/nexus-nodes/main/configs/countries/fi/light.txt ✅ 解析 36 候选 → 36 个有效节点 → 去重后新增 8 个
[2026-07-11 23:35:39] ⏱️ [1/122] free nodes pushed:>2026-07-10T15:34:46Z fork:true -language: | 12s | +5254
[2026-07-11 23:35:40]   Compare API 返回 185 个变更文件 (3 次 API 调用)
[2026-07-11 23:35:40]   commits 过滤: 183 → 183 (变更文件 185 个)
[2026-07-11 23:35:40] 仓库 https://github.com/rtwo2/FastNodes 候选文件 183 个
[2026-07-11 23:35:40] 📄 https://raw.githubusercontent.com/ninjastrikers/nexus-nodes/main/configs/countries/fi/all.txt ✅ 解析 81 候选 → 81 个有效节点 → 去重后新增 27 个
[2026-07-11 23:35:40] 📄 https://raw.githubusercontent.com/ninjastrikers/nexus-nodes/main/configs/countries/fr/all.txt ✅ 解析 406 候选 → 406 个有效节点 → 去重后新增 97 个
[2026-07-11 23:35:42] ⏱️ [2/122] free proxy nodes pushed:>2026-07-10T15:34:46Z fork:true -lan | 3s | +324
[2026-07-11 23:35:49] 📄 https://raw.githubusercontent.com/ninjastrikers/nexus-nodes/main/configs/countries/ca/vmess.txt ✅ 解析 408 候选 → 408 个有效节点 → 去重后新增 5 个
[2026-07-11 23:35:49] 📄 https://raw.githubusercontent.com/rtwo2/FastNodes/main/sub/countries/AL.yaml ✅ 解析 20 候选 → 20 个有效节点 → 去重后新增 20 个
[2026-07-11 23:35:50] ⏱️ [3/122] free v2ray nodes pushed:>2026-07-10T15:34:46Z fork:true -lan | 7s | +500
[2026-07-11 23:35:50] SHA 缓存已保存: 1154660 条, 2 分片[2026-07-11 23:35:50] SHA 缓存已保存: 1154660 条, 2 分片

[2026-07-11 23:35:51] 📄 https://raw.githubusercontent.com/ninjastrikers/nexus-nodes/main/configs/countries/de/vless.txt ✅ 解析 227 候选 → 227 个有效节点 → 去重后新增 156 个
[2026-07-11 23:35:51] 📄 https://raw.githubusercontent.com/ninjastrikers/nexus-nodes/main/configs/countries/fr/shadowsocks.txt ✅ 解析 64 候选 → 64 个有效节点 → 去重后新增 4 个
[2026-07-11 23:35:51] 📄 https://raw.githubusercontent.com/ninjastrikers/nexus-nodes/main/configs/countries/gr/shadowsocks.txt ✅ 解析 3 候选 → 3 个有效节点 → 去重后新增 1 个
[2026-07-11 23:35:52] 📄 https://raw.githubusercontent.com/ninjastrikers/nexus-nodes/main/configs/countries/gr/all.txt ✅ 解析 4 候选 → 4 个有效节点 → 去重后新增 1 个
[2026-07-11 23:35:52] 📄 https://raw.githubusercontent.com/ninjastrikers/nexus-nodes/main/configs/countries/gb/trojan.txt ✅ 解析 21 候选 → 21 个有效节点 → 去重后新增 1 个
[2026-07-11 23:35:52] 📄 https://raw.githubusercontent.com/rtwo2/FastNodes/main/sub/continents/SouthAmerica.yaml ✅ 解析 68 候选 → 68 个有效节点 → 去重后新增 62 个
[2026-07-11 23:35:52] 📄 https://raw.githubusercontent.com/rtwo2/FastNodes/main/sub/countries/AM.yaml ✅ 解析 41 候选 → 41 个有效节点 → 去重后新增 12 个
[2026-07-11 23:35:52] 📄 https://raw.githubusercontent.com/Farid-Karimi/Config-Collector/main/mixed_iran.txt ✅ 解析 426 候选 → 426 个有效节点 → 去重后新增 300 个
[2026-07-11 23:35:52] 📄 https://raw.githubusercontent.com/rtwo2/FastNodes/main/sub/countries/AE.yaml ✅ 解析 148 候选 → 148 个有效节点 → 去重后新增 118 个
[2026-07-11 23:35:52] 📄 https://raw.githubusercontent.com/rtwo2/FastNodes/main/sub/countries/AM.txt ✅ 解析 41 候选 → 41 个有效节点 → 去重后新增 23 个
[2026-07-11 23:35:52] 📄 https://raw.githubusercontent.com/ninjastrikers/nexus-nodes/main/configs/countries/hk/shadowsocks.txt ✅ 解析 24 候选 → 24 个有效节点 → 去重后新增 5 个
[2026-07-11 23:35:52] 📄 https://raw.githubusercontent.com/ninjastrikers/nexus-nodes/main/configs/countries/fr/trojan.txt ✅ 解析 105 候选 → 105 个有效节点 → 去重后新增 4 个
[2026-07-11 23:35:52] 📄 https://raw.githubusercontent.com/rtwo2/FastNodes/main/sub/continents/Oceania.yaml ✅ 解析 126 候选 → 126 个有效节点 → 去重后新增 82 个
[2026-07-11 23:35:52] 📄 https://raw.githubusercontent.com/ninjastrikers/nexus-nodes/main/configs/countries/gb/vless.txt ✅ 解析 91 候选 → 91 个有效节点 → 去重后新增 35 个
[2026-07-11 23:35:52] 📄 https://raw.githubusercontent.com/awesome-vpn/awesome-vpn/master/clash.yaml ✅ 解析 140 候选 → 140 个有效节点 → 去重后新增 22 个
[2026-07-11 23:35:53] 📄 https://raw.githubusercontent.com/rtwo2/FastNodes/main/sub/continents/SouthAmerica.txt ✅ 解析 67 候选 → 67 个有效节点 → 去重后新增 2 个
[2026-07-11 23:35:53] ⏱️ Code [11/26] hysteria2:// extension:txt | 53s | +8495 节点
[2026-07-11 23:35:53] ⏱️ Code [12/26] tuic:// extension:txt | 0s | +66 节点
[2026-07-11 23:35:53] 📄 https://raw.githubusercontent.com/ninjastrikers/nexus-nodes/main/configs/countries/fr/vless.txt ✅ 解析 142 候选 → 142 个有效节点 → 去重后新增 4 个
[2026-07-11 23:35:54] ⏱️ Code [13/26] vmess:// extension:json | 0s | +24 节点
[2026-07-11 23:35:54] ⏱️ Code [14/26] vless:// extension:json | 0s | +15 节点
[2026-07-11 23:35:54] 📄 https://raw.githubusercontent.com/ninjastrikers/nexus-nodes/main/configs/countries/id/all.txt ✅ 解析 8 候选 → 8 个有效节点 → 去重后新增 2 个
[2026-07-11 23:35:54] 📄 https://raw.githubusercontent.com/ninjastrikers/nexus-nodes/main/configs/countries/hu/vless.txt ✅ 解析 25 候选 → 25 个有效节点 → 去重后新增 18 个
[2026-07-11 23:35:54] 📄 https://raw.githubusercontent.com/ninjastrikers/nexus-nodes/main/configs/countries/hu/all.txt ✅ 解析 27 候选 → 27 个有效节点 → 去重后新增 7 个
[2026-07-11 23:35:54] 📄 https://raw.githubusercontent.com/rtwo2/FastNodes/main/sub/continents/Oceania.txt ✅ 解析 124 候选 → 124 个有效节点 → 去重后新增 4 个
[2026-07-11 23:35:54] 📄 https://raw.githubusercontent.com/rtwo2/FastNodes/main/sub/countries/AT.yaml ✅ 解析 74 候选 → 74 个有效节点 → 去重后新增 53 个
[2026-07-11 23:35:54] 📄 https://raw.githubusercontent.com/ninjastrikers/nexus-nodes/main/configs/countries/hk/vless.txt ✅ 解析 38 候选 → 38 个有效节点 → 去重后新增 17 个
[2026-07-11 23:35:54] 📄 https://raw.githubusercontent.com/ninjastrikers/nexus-nodes/main/configs/countries/ie/light.txt ✅ 解析 29 候选 → 29 个有效节点 → 去重后新增 1 个
[2026-07-11 23:35:54] 📄 https://raw.githubusercontent.com/ninjastrikers/nexus-nodes/main/configs/countries/ie/all.txt ✅ 解析 30 候选 → 30 个有效节点 → 去重后新增 13 个
[2026-07-11 23:35:54] 仓库 https://github.com/Mr-Meshky/vify 候选文件 61 个
[2026-07-11 23:35:54] ⏱️ Code [15/26] hysteria2:// extension:json | 0s | +993 节点
[2026-07-11 23:35:54] 📄 https://raw.githubusercontent.com/rtwo2/FastNodes/main/sub/countries/BA.yaml ✅ 解析 3 候选 → 3 个有效节点 → 去重后新增 3 个
[2026-07-11 23:35:54] 📄 https://raw.githubusercontent.com/ninjastrikers/nexus-nodes/main/configs/countries/im/all.txt ✅ 解析 3 候选 → 3 个有效节点 → 去重后新增 2 个
[2026-07-11 23:35:54] 📄 https://raw.githubusercontent.com/rtwo2/FastNodes/main/sub/countries/AE.txt ✅ 解析 146 候选 → 146 个有效节点 → 去重后新增 3 个
[2026-07-11 23:35:54] 📄 https://raw.githubusercontent.com/rtwo2/FastNodes/main/sub/countries/BE.txt ✅ 解析 32 候选 → 32 个有效节点 → 去重后新增 23 个
[2026-07-11 23:35:54] 📄 https://raw.githubusercontent.com/rtwo2/FastNodes/main/sub/countries/AT.txt ✅ 解析 74 候选 → 74 个有效节点 → 去重后新增 10 个
[2026-07-11 23:35:54] 📦 批次 0004 已持久化: /home/runner/work/test-college/test-college/batches/no_batch_0004.txt (5060 个节点, 累计 15979 个)
[2026-07-11 23:35:54] ⏱️ [4/122] free clash nodes pushed:>2026-07-10T15:34:46Z fork:true -lan | 4s | +3632[2026-07-11 23:35:54] ⏱️ Code [16/26] tuic:// extension:json | 0s | +571 节点

[2026-07-11 23:35:55] ⏱️ Code [17/26] "type: vmess" extension:yaml | 0s | +10 节点
[2026-07-11 23:35:55] ⏱️ Code [18/26] "type: vless" extension:yaml | 0s | +11 节点
[2026-07-11 23:35:56] ⏱️ Code [19/26] "type: trojan" extension:yaml | 1s | +10 节点
[2026-07-11 23:35:57] ⏱️ Code [20/26] "type: hysteria2" extension:json | 1s | +17 节点[2026-07-11 23:35:57] 📄 https://raw.githubusercontent.com/Mr-Meshky/vify/main/configs/countries/CZ.txt ✅ 解析 1 候选 → 1 个有效节点 → 去重后新增 1 个

[2026-07-11 23:35:57] Code搜索第1页 返回 403 (尝试 1/2)
[2026-07-11 23:35:57] 触发限流，等待 61s ...
[2026-07-11 23:35:57] 📄 https://raw.githubusercontent.com/Mr-Meshky/vify/main/configs/countries/AM.txt ✅ 解析 2 候选 → 2 个有效节点 → 去重后新增 1 个
[2026-07-11 23:35:57] 📄 https://raw.githubusercontent.com/Mr-Meshky/vify/main/configs/countries/AE.txt ✅ 解析 5 候选 → 5 个有效节点 → 去重后新增 1 个
[2026-07-11 23:35:57] 📄 https://raw.githubusercontent.com/Mr-Meshky/vify/main/configs/countries/AL.txt ✅ 解析 1 候选 → 1 个有效节点 → 去重后新增 1 个
[2026-07-11 23:35:58] 📄 https://raw.githubusercontent.com/ninjastrikers/nexus-nodes/main/configs/countries/gb/shadowsocks.txt ✅ 解析 190 候选 → 190 个有效节点 → 去重后新增 23 个
[2026-07-11 23:35:58] 📄 https://raw.githubusercontent.com/Mr-Meshky/vify/main/configs/countries/CH.txt ✅ 解析 3 候选 → 3 个有效节点 → 去重后新增 1 个
[2026-07-11 23:35:58] 📄 https://raw.githubusercontent.com/rtwo2/FastNodes/main/sub/countries/BY.txt ✅ 解析 5 候选 → 5 个有效节点 → 去重后新增 3 个
[2026-07-11 23:35:58] 📄 https://raw.githubusercontent.com/ninjastrikers/nexus-nodes/main/configs/countries/in/vless.txt ✅ 解析 7 候选 → 7 个有效节点 → 去重后新增 2 个
[2026-07-11 23:35:58] 📄 https://raw.githubusercontent.com/Mr-Meshky/vify/main/configs/countries/EE.txt ✅ 解析 1 候选 → 1 个有效节点 → 去重后新增 1 个
[2026-07-11 23:35:58] 📄 https://raw.githubusercontent.com/ninjastrikers/nexus-nodes/main/configs/countries/in/vmess.txt ✅ 解析 11 候选 → 11 个有效节点 → 去重后新增 1 个
[2026-07-11 23:35:58] 📄 https://raw.githubusercontent.com/Mr-Meshky/vify/main/configs/countries/EG.txt ✅ 解析 1 候选 → 1 个有效节点 → 去重后新增 1 个
[2026-07-11 23:35:58] 📄 https://raw.githubusercontent.com/Mr-Meshky/vify/main/configs/countries/CY.txt ✅ 解析 3 候选 → 3 个有效节点 → 去重后新增 2 个
[2026-07-11 23:35:58] 📄 https://raw.githubusercontent.com/ninjastrikers/nexus-nodes/main/configs/countries/is/trojan.txt ✅ 解析 1 候选 → 1 个有效节点 → 去重后新增 1 个
[2026-07-11 23:35:58] 📄 https://raw.githubusercontent.com/Mr-Meshky/vify/main/configs/countries/FI.txt ✅ 解析 13 候选 → 13 个有效节点 → 去重后新增 7 个
[2026-07-11 23:35:58] 🔗 查子仓库: awesome-vpn/awesome-vpn
[2026-07-11 23:35:58] 📄 https://raw.githubusercontent.com/ninjastrikers/nexus-nodes/main/configs/countries/is/all.txt ✅ 解析 4 候选 → 4 个有效节点 → 去重后新增 1 个
[2026-07-11 23:35:59] 📄 https://raw.githubusercontent.com/Mr-Meshky/vify/main/configs/countries/GR.txt ✅ 解析 1 候选 → 1 个有效节点 → 去重后新增 1 个
[2026-07-11 23:35:59] ⏱️ [5/122] free trojan nodes pushed:>2026-07-10T15:34:46Z fork:true -la | 4s | +458
[2026-07-11 23:35:59] 📄 https://raw.githubusercontent.com/rtwo2/FastNodes/main/sub/countries/BE.yaml ✅ 解析 35 候选 → 35 个有效节点 → 去重后新增 3 个
[2026-07-11 23:35:59] 📄 https://raw.githubusercontent.com/rtwo2/FastNodes/main/sub/countries/BG.yaml ✅ 解析 30 候选 → 30 个有效节点 → 去重后新增 19 个
[2026-07-11 23:35:59] 📄 https://raw.githubusercontent.com/Mr-Meshky/vify/main/configs/countries/JP.txt ✅ 解析 9 候选 → 9 个有效节点 → 去重后新增 6 个
[2026-07-11 23:35:59] 📄 https://raw.githubusercontent.com/Mr-Meshky/vify/main/configs/alive/vmess.txt ✅ 解析 21 候选 → 21 个有效节点 → 去重后新增 1 个
[2026-07-11 23:35:59] 📄 https://raw.githubusercontent.com/Mr-Meshky/vify/main/configs/countries/LT.txt ✅ 解析 2 候选 → 2 个有效节点 → 去重后新增 1 个
[2026-07-11 23:35:59] 📄 https://raw.githubusercontent.com/Mr-Meshky/vify/main/configs/countries/FR.txt ✅ 解析 28 候选 → 28 个有效节点 → 去重后新增 6 个
[2026-07-11 23:35:59] 📄 https://raw.githubusercontent.com/Mr-Meshky/vify/main/configs/countries/KZ.txt ✅ 解析 3 候选 → 3 个有效节点 → 去重后新增 1 个
[2026-07-11 23:35:59]   🍴 子仓库: 30 个 → 队列
[2026-07-11 23:35:59] 🔗 开始 Fork 链追踪 (awesome-vpn/awesome-vpn)
[2026-07-11 23:35:59] 📄 https://raw.githubusercontent.com/Mr-Meshky/vify/main/configs/countries/IT.txt ✅ 解析 3 候选 → 3 个有效节点 → 去重后新增 2 个
[2026-07-11 23:36:00] 📄 https://raw.githubusercontent.com/Mr-Meshky/vify/main/configs/countries/MT.txt ✅ 解析 1 候选 → 1 个有效节点 → 去重后新增 1 个
[2026-07-11 23:36:00] 👤 遍历用户仓库: awesome-vpn
[2026-07-11 23:36:00] 📄 https://raw.githubusercontent.com/Mr-Meshky/vify/main/configs/countries/MY.txt ✅ 解析 3 候选 → 3 个有效节点 → 去重后新增 1 个
[2026-07-11 23:36:00]   用户 awesome-vpn 共查 0 个仓库
[2026-07-11 23:36:00] 仓库 https://github.com/pog7x/vpn-configs (分支: master, size: 660968KB, pushed: 2026-07-11T14:55:58Z)
[2026-07-11 23:36:00] 📄 https://raw.githubusercontent.com/Mr-Meshky/vify/main/configs/countries/RO.txt ✅ 解析 2 候选 → 2 个有效节点 → 去重后新增 1 个
[2026-07-11 23:36:00] 📄 https://raw.githubusercontent.com/rtwo2/FastNodes/main/sub/continents/Europe.yaml ✅ 解析 702 候选 → 702 个有效节点 → 去重后新增 556 个
[2026-07-11 23:36:00] 📄 https://raw.githubusercontent.com/ninjastrikers/nexus-nodes/main/configs/countries/ir/vmess.txt ✅ 解析 30 候选 → 30 个有效节点 → 去重后新增 4 个
[2026-07-11 23:36:00] 📄 https://raw.githubusercontent.com/Mr-Meshky/vify/main/configs/countries/PL.txt ✅ 解析 6 候选 → 6 个有效节点 → 去重后新增 3 个
[2026-07-11 23:36:00] 📄 https://raw.githubusercontent.com/rtwo2/FastNodes/main/sub/countries/BG.txt ✅ 解析 30 候选 → 30 个有效节点 → 去重后新增 5 个
[2026-07-11 23:36:00] 📄 https://raw.githubusercontent.com/Mr-Meshky/vify/main/configs/countries/SE.txt ✅ 解析 7 候选 → 7 个有效节点 → 去重后新增 4 个
[2026-07-11 23:36:00] 📄 https://raw.githubusercontent.com/ninjastrikers/nexus-nodes/main/configs/countries/it/trojan.txt ✅ 解析 4 候选 → 4 个有效节点 → 去重后新增 1 个
[2026-07-11 23:36:00] 📄 https://raw.githubusercontent.com/rtwo2/FastNodes/main/sub/countries/BZ.txt ✅ 解析 30 候选 → 30 个有效节点 → 去重后新增 5 个
[2026-07-11 23:36:00] 📄 https://raw.githubusercontent.com/Mr-Meshky/vify/main/configs/countries/TR.txt ✅ 解析 2 候选 → 2 个有效节点 → 去重后新增 1 个
[2026-07-11 23:36:00] 📄 https://raw.githubusercontent.com/ninjastrikers/nexus-nodes/main/configs/countries/hk/trojan.txt ✅ 解析 150 候选 → 150 个有效节点 → 去重后新增 10 个
[2026-07-11 23:36:00] 📄 https://raw.githubusercontent.com/Mr-Meshky/vify/main/configs/countries/SG.txt ✅ 解析 10 候选 → 10 个有效节点 → 去重后新增 4 个
[2026-07-11 23:36:01] 📄 https://raw.githubusercontent.com/Mr-Meshky/vify/main/configs/countries/ZA.txt ✅ 解析 3 候选 → 3 个有效节点 → 去重后新增 1 个
[2026-07-11 23:36:01] ⏱️ [6/122] free hysteria nodes pushed:>2026-07-10T15:34:46Z fork:true - | 3s | +733
[2026-07-11 23:36:02] SHA 缓存已保存: 1154707 条, 2 分片
[2026-07-11 23:36:02] 📄 https://raw.githubusercontent.com/Mr-Meshky/vify/main/configs/countries/DE.txt ✅ 解析 55 候选 → 55 个有效节点 → 去重后新增 15 个
[2026-07-11 23:36:03] 📄 https://raw.githubusercontent.com/ninjastrikers/nexus-nodes/main/configs/countries/it/shadowsocks.txt ✅ 解析 14 候选 → 14 个有效节点 → 去重后新增 3 个
[2026-07-11 23:36:03] 📄 https://raw.githubusercontent.com/free-nodes/v2rayfree/main/README.md ✅ 解析 570 候选 → 570 个有效节点 → 去重后新增 368 个
[2026-07-11 23:36:03] 📄 https://raw.githubusercontent.com/Mr-Meshky/vify/main/configs/countries/GB.txt ✅ 解析 57 候选 → 57 个有效节点 → 去重后新增 4 个
[2026-07-11 23:36:04] 📄 https://raw.githubusercontent.com/rtwo2/FastNodes/main/sub/countries/CN.yaml ✅ 解析 14 候选 → 14 个有效节点 → 去重后新增 2 个
[2026-07-11 23:36:04] 📄 https://raw.githubusercontent.com/Mr-Meshky/vify/main/configs/countries/NL.txt ✅ 解析 39 候选 → 39 个有效节点 → 去重后新增 10 个
[2026-07-11 23:36:04] 📄 https://raw.githubusercontent.com/rtwo2/FastNodes/main/sub/countries/CN.txt ✅ 解析 14 候选 → 14 个有效节点 → 去重后新增 5 个
[2026-07-11 23:36:04] 📄 https://raw.githubusercontent.com/ninjastrikers/nexus-nodes/main/configs/countries/it/light.txt ✅ 解析 52 候选 → 52 个有效节点 → 去重后新增 6 个
[2026-07-11 23:36:04] 📄 https://raw.githubusercontent.com/ninjastrikers/nexus-nodes/main/configs/countries/ir/light.txt ✅ 解析 96 候选 → 96 个有效节点 → 去重后新增 1 个
[2026-07-11 23:36:04] 📄 https://raw.githubusercontent.com/Mr-Meshky/vify/main/configs/alive/ss.txt ✅ 解析 80 候选 → 80 个有效节点 → 去重后新增 3 个
[2026-07-11 23:36:04] 📄 https://raw.githubusercontent.com/rtwo2/FastNodes/main/sub/countries/CH.yaml ✅ 解析 86 候选 → 86 个有效节点 → 去重后新增 5 个
[2026-07-11 23:36:04] 仓库 https://github.com/pog7x/vpn-configs 候选文件 22 个
[2026-07-11 23:36:04] 📄 https://raw.githubusercontent.com/rtwo2/FastNodes/main/sub/countries/CH.txt ✅ 解析 86 候选 → 86 个有效节点 → 去重后新增 42 个
[2026-07-11 23:36:04] 📄 https://raw.githubusercontent.com/Mr-Meshky/vify/main/configs/vmess.txt ✅ 解析 58 候选 → 58 个有效节点 → 去重后新增 20 个
[2026-07-11 23:36:05] ⏱️ [7/122] free vless nodes pushed:>2026-07-10T15:34:46Z fork:true -lan | 4s | +1364
[2026-07-11 23:36:05] 📄 https://raw.githubusercontent.com/rtwo2/FastNodes/main/sub/countries/CZ.txt ✅ 解析 54 候选 → 54 个有效节点 → 去重后新增 29 个
[2026-07-11 23:36:07] 📄 https://raw.githubusercontent.com/rtwo2/FastNodes/main/sub/countries/DK.txt ✅ 解析 12 候选 → 12 个有效节点 → 去重后新增 9 个
[2026-07-11 23:36:07] 📄 https://raw.githubusercontent.com/rtwo2/FastNodes/main/sub/countries/CY.yaml ✅ 解析 143 候选 → 143 个有效节点 → 去重后新增 91 个
[2026-07-11 23:36:07] 📄 https://raw.githubusercontent.com/rtwo2/FastNodes/main/sub/countries/EC.txt ✅ 解析 2 候选 → 2 个有效节点 → 去重后新增 1 个
[2026-07-11 23:36:09] ⏱️ [8/122] free hysteria2 nodes pushed:>2026-07-10T15:34:46Z fork:true  | 3s | +152
[2026-07-11 23:36:09] ⏱️ [9/122] free tuic nodes pushed:>2026-07-10T15:34:46Z fork:true -lang | 0s | +13
[2026-07-11 23:36:10] 📄 https://raw.githubusercontent.com/Mr-Meshky/vify/main/configs/alive/trojan.txt ✅ 解析 167 候选 → 167 个有效节点 → 去重后新增 18 个
[2026-07-11 23:36:10] 📄 https://raw.githubusercontent.com/ninjastrikers/nexus-nodes/main/configs/countries/it/all.txt ✅ 解析 94 候选 → 94 个有效节点 → 去重后新增 3 个
[2026-07-11 23:36:11] 📄 https://raw.githubusercontent.com/pog7x/vpn-configs/master/githubmirror/16.txt ✅ 解析 13 候选 → 13 个有效节点 → 去重后新增 1 个
[2026-07-11 23:36:12] 📄 https://raw.githubusercontent.com/ninjastrikers/nexus-nodes/main/configs/countries/jp/light.txt ✅ 解析 82 候选 → 82 个有效节点 → 去重后新增 18 个
[2026-07-11 23:36:12] ⏱️ [10/122] free reality nodes pushed:>2026-07-10T15:34:46Z fork:true -l | 3s | +194
[2026-07-11 23:36:12] 📄 https://raw.githubusercontent.com/ninjastrikers/nexus-nodes/main/configs/countries/hk/vmess.txt ✅ 解析 196 候选 → 196 个有效节点 → 去重后新增 2 个
[2026-07-11 23:36:12] 📄 https://raw.githubusercontent.com/rtwo2/FastNodes/main/sub/countries/ES.yaml ✅ 解析 56 候选 → 56 个有效节点 → 去重后新增 43 个
[2026-07-11 23:36:12] 📄 https://raw.githubusercontent.com/pog7x/vpn-configs/master/githubmirror/5.txt ✅ 解析 41 候选 → 41 个有效节点 → 去重后新增 15 个
[2026-07-11 23:36:12] 📄 https://raw.githubusercontent.com/rtwo2/FastNodes/main/sub/countries/CA.txt ✅ 解析 155 候选 → 155 个有效节点 → 去重后新增 97 个
[2026-07-11 23:36:12] 📄 https://raw.githubusercontent.com/Mr-Meshky/vify/main/configs/countries/US.txt ✅ 解析 139 候选 → 139 个有效节点 → 去重后新增 34 个
[2026-07-11 23:36:12] 📄 https://raw.githubusercontent.com/ninjastrikers/nexus-nodes/main/configs/countries/jp/vless.txt ✅ 解析 52 候选 → 52 个有效节点 → 去重后新增 4 个
[2026-07-11 23:36:12] 📄 https://raw.githubusercontent.com/ninjastrikers/nexus-nodes/main/configs/countries/jp/shadowsocks.txt ✅ 解析 60 候选 → 60 个有效节点 → 去重后新增 12 个
[2026-07-11 23:36:13] 📄 https://raw.githubusercontent.com/rtwo2/FastNodes/main/sub/countries/CY.txt ✅ 解析 141 候选 → 141 个有效节点 → 去重后新增 11 个
[2026-07-11 23:36:13] 📄 https://raw.githubusercontent.com/rtwo2/FastNodes/main/sub/continents/NorthAmerica.yaml ✅ 解析 851 候选 → 851 个有效节点 → 去重后新增 661 个
[2026-07-11 23:36:13] 📄 https://raw.githubusercontent.com/ninjastrikers/nexus-nodes/main/configs/countries/ca/all.txt ✅ 解析 753 候选 → 753 个有效节点 → 去重后新增 55 个
[2026-07-11 23:36:13] 📄 https://raw.githubusercontent.com/rtwo2/FastNodes/main/sub/countries/EE.yaml ✅ 解析 91 候选 → 91 个有效节点 → 去重后新增 10 个
[2026-07-11 23:36:13] 📄 https://raw.githubusercontent.com/pog7x/vpn-configs/master/githubmirror/23.txt ✅ 解析 91 候选 → 91 个有效节点 → 去重后新增 40 个
[2026-07-11 23:36:13] 📄 https://raw.githubusercontent.com/ninjastrikers/nexus-nodes/main/configs/countries/kr/trojan.txt ✅ 解析 27 候选 → 27 个有效节点 → 去重后新增 1 个
[2026-07-11 23:36:13] 📄 https://raw.githubusercontent.com/rtwo2/FastNodes/main/sub/countries/EE.txt ✅ 解析 91 候选 → 91 个有效节点 → 去重后新增 40 个
[2026-07-11 23:36:13] 📄 https://raw.githubusercontent.com/Mr-Meshky/vify/main/configs/countries/RU.txt ✅ 解析 137 候选 → 137 个有效节点 → 去重后新增 58 个
[2026-07-11 23:36:13] 📄 https://raw.githubusercontent.com/ninjastrikers/nexus-nodes/main/configs/countries/gb/all.txt ✅ 解析 352 候选 → 352 个有效节点 → 去重后新增 10 个
[2026-07-11 23:36:13] 📄 https://raw.githubusercontent.com/ninjastrikers/nexus-nodes/main/configs/countries/jp/trojan.txt ✅ 解析 96 候选 → 96 个有效节点 → 去重后新增 2 个
[2026-07-11 23:36:13] 📄 https://raw.githubusercontent.com/rtwo2/FastNodes/main/sub/continents/Asia.yaml ✅ 解析 741 候选 → 741 个有效节点 → 去重后新增 404 个
[2026-07-11 23:36:13] 📄 https://raw.githubusercontent.com/pog7x/vpn-configs/master/githubmirror/4.txt ✅ 解析 124 候选 → 124 个有效节点 → 去重后新增 34 个
[2026-07-11 23:36:14] ⏱️ [11/122] free singbox nodes pushed:>2026-07-10T15:34:46Z fork:true -l | 3s | +1878
[2026-07-11 23:36:16] 📄 https://raw.githubusercontent.com/ninjastrikers/nexus-nodes/main/configs/countries/kz/shadowsocks.txt ✅ 解析 4 候选 → 4 个有效节点 → 去重后新增 1 个
[2026-07-11 23:36:16] 📄 https://raw.githubusercontent.com/rtwo2/FastNodes/main/sub/countries/GR.yaml ✅ 解析 11 候选 → 11 个有效节点 → 去重后新增 10 个
[2026-07-11 23:36:17] 📄 https://raw.githubusercontent.com/rtwo2/FastNodes/main/sub/countries/GE.yaml ✅ 解析 3 候选 → 3 个有效节点 → 去重后新增 3 个
[2026-07-11 23:36:17] ⏱️ [12/122] free shadowsocks nodes pushed:>2026-07-10T15:34:46Z fork:tru | 3s | +131
[2026-07-11 23:36:18] ⏱️ [13/122] free wireguard nodes pushed:>2026-07-10T15:34:46Z fork:true  | 0s | +7
[2026-07-11 23:36:20] 📦 批次 0005 已持久化: /home/runner/work/test-college/test-college/batches/no_batch_0005.txt (5030 个节点, 累计 21008 个)
[2026-07-11 23:36:20] 📄 https://raw.githubusercontent.com/rtwo2/FastNodes/main/sub/countries/HR.txt ✅ 解析 10 候选 → 10 个有效节点 → 去重后新增 10 个
[2026-07-11 23:36:21] 📄 https://raw.githubusercontent.com/ninjastrikers/nexus-nodes/main/configs/countries/kz/all.txt ✅ 解析 21 候选 → 21 个有效节点 → 去重后新增 1 个
[2026-07-11 23:36:21] 📄 https://raw.githubusercontent.com/ninjastrikers/nexus-nodes/main/configs/countries/de/all.txt ✅ 解析 572 候选 → 572 个有效节点 → 去重后新增 21 个
[2026-07-11 23:36:21] 📄 https://raw.githubusercontent.com/Mr-Meshky/vify/main/configs/trojan.txt ✅ 解析 185 候选 → 185 个有效节点 → 去重后新增 7 个
[2026-07-11 23:36:22] 📄 https://raw.githubusercontent.com/ninjastrikers/nexus-nodes/main/configs/countries/lt/vless.txt ✅ 解析 17 候选 → 17 个有效节点 → 去重后新增 14 个
[2026-07-11 23:36:22] 📄 https://raw.githubusercontent.com/rtwo2/FastNodes/main/sub/countries/HU.yaml ✅ 解析 20 候选 → 20 个有效节点 → 去重后新增 2 个
[2026-07-11 23:36:22] 📄 https://raw.githubusercontent.com/ninjastrikers/nexus-nodes/main/configs/countries/lv/vless.txt ✅ 解析 4 候选 → 4 个有效节点 → 去重后新增 1 个
[2026-07-11 23:36:22] 📄 https://raw.githubusercontent.com/ninjastrikers/nexus-nodes/main/configs/countries/lt/all.txt ✅ 解析 24 候选 → 24 个有效节点 → 去重后新增 1 个
[2026-07-11 23:36:22] 📄 https://raw.githubusercontent.com/ninjastrikers/nexus-nodes/main/configs/countries/hk/all.txt ✅ 解析 407 候选 → 407 个有效节点 → 去重后新增 14 个
[2026-07-11 23:36:22] 📄 https://raw.githubusercontent.com/rtwo2/FastNodes/main/sub/countries/HU.txt ✅ 解析 20 候选 → 20 个有效节点 → 去重后新增 6 个
[2026-07-11 23:36:22] 📄 https://raw.githubusercontent.com/ninjastrikers/nexus-nodes/main/configs/countries/lv/shadowsocks.txt ✅ 解析 16 候选 → 16 个有效节点 → 去重后新增 1 个
[2026-07-11 23:36:22] 📄 https://raw.githubusercontent.com/rtwo2/FastNodes/main/sub/countries/ID.txt ✅ 解析 6 候选 → 6 个有效节点 → 去重后新增 2 个
[2026-07-11 23:36:22] 📄 https://raw.githubusercontent.com/ninjastrikers/nexus-nodes/main/configs/countries/md/shadowsocks.txt ✅ 解析 4 候选 → 4 个有效节点 → 去重后新增 1 个
[2026-07-11 23:36:23] 📄 https://raw.githubusercontent.com/ninjastrikers/nexus-nodes/main/configs/countries/kr/all.txt ✅ 解析 125 候选 → 125 个有效节点 → 去重后新增 1 个
[2026-07-11 23:36:24] 📄 https://raw.githubusercontent.com/rtwo2/FastNodes/main/sub/countries/IE.txt ✅ 解析 28 候选 → 28 个有效节点 → 去重后新增 6 个
[2026-07-11 23:36:24] 📄 https://raw.githubusercontent.com/pog7x/vpn-configs/master/githubmirror/13.txt ✅ 解析 176 候选 → 176 个有效节点 → 去重后新增 4 个
[2026-07-11 23:36:24] SHA 缓存已保存: 1154726 条, 2 分片
[2026-07-11 23:36:24] 📄 https://raw.githubusercontent.com/ninjastrikers/nexus-nodes/main/configs/countries/my/vmess.txt ✅ 解析 13 候选 → 13 个有效节点 → 去重后新增 1 个
[2026-07-11 23:36:24] 📄 https://raw.githubusercontent.com/ninjastrikers/nexus-nodes/main/configs/countries/my/all.txt ✅ 解析 17 候选 → 17 个有效节点 → 去重后新增 1 个
[2026-07-11 23:36:24] 📄 https://raw.githubusercontent.com/rtwo2/FastNodes/main/sub/countries/IL.txt ✅ 解析 8 候选 → 8 个有效节点 → 去重后新增 1 个
[2026-07-11 23:36:24] 📄 https://raw.githubusercontent.com/ninjastrikers/nexus-nodes/main/configs/countries/ir/vless.txt ✅ 解析 351 候选 → 351 个有效节点 → 去重后新增 44 个
[2026-07-11 23:36:24] 📄 https://raw.githubusercontent.com/pog7x/vpn-configs/master/githubmirror/17.txt ✅ 解析 262 候选 → 262 个有效节点 → 去重后新增 57 个
[2026-07-11 23:36:24] 📄 https://raw.githubusercontent.com/Mr-Meshky/vify/main/configs/countries/CA.txt ✅ 解析 367 候选 → 367 个有效节点 → 去重后新增 54 个
[2026-07-11 23:36:24] 📄 https://raw.githubusercontent.com/rtwo2/FastNodes/main/sub/countries/IM.txt ✅ 解析 25 候选 → 25 个有效节点 → 去重后新增 18 个
[2026-07-11 23:36:24] 📄 https://raw.githubusercontent.com/ninjastrikers/nexus-nodes/main/configs/countries/ir/trojan.txt ✅ 解析 403 候选 → 403 个有效节点 → 去重后新增 2 个
[2026-07-11 23:36:24] 📄 https://raw.githubusercontent.com/Mr-Meshky/vify/main/configs/ss.txt ✅ 解析 391 候选 → 391 个有效节点 → 去重后新增 284 个
[2026-07-11 23:36:24] 📄 https://raw.githubusercontent.com/pog7x/vpn-configs/master/githubmirror/15.txt ✅ 解析 355 候选 → 355 个有效节点 → 去重后新增 112 个
[2026-07-11 23:36:24] 📄 https://raw.githubusercontent.com/pog7x/vpn-configs/master/githubmirror/22.txt ✅ 解析 314 候选 → 314 个有效节点 → 去重后新增 31 个
[2026-07-11 23:36:24] 📄 https://raw.githubusercontent.com/pog7x/vpn-configs/master/githubmirror/18.txt ✅ 解析 328 候选 → 328 个有效节点 → 去重后新增 135 个
[2026-07-11 23:36:24] 📄 https://raw.githubusercontent.com/ninjastrikers/nexus-nodes/main/configs/countries/nl/vless.txt ✅ 解析 176 候选 → 176 个有效节点 → 去重后新增 46 个
[2026-07-11 23:36:24] 📄 https://raw.githubusercontent.com/ninjastrikers/nexus-nodes/main/configs/countries/nl/shadowsocks.txt ✅ 解析 169 候选 → 169 个有效节点 → 去重后新增 12 个
[2026-07-11 23:36:25] 📄 https://raw.githubusercontent.com/ninjastrikers/nexus-nodes/main/configs/countries/ir/shadowsocks.txt ✅ 解析 485 候选 → 485 个有效节点 → 去重后新增 17 个
[2026-07-11 23:36:25] 📄 https://raw.githubusercontent.com/ninjastrikers/nexus-nodes/main/configs/countries/pl/vless.txt ✅ 解析 30 候选 → 30 个有效节点 → 去重后新增 4 个
[2026-07-11 23:36:25] 📄 https://raw.githubusercontent.com/pog7x/vpn-configs/master/githubmirror/11.txt ✅ 解析 395 候选 → 395 个有效节点 → 去重后新增 15 个
[2026-07-11 23:36:25] 📄 https://raw.githubusercontent.com/rtwo2/FastNodes/main/sub/countries/IN.txt ✅ 解析 42 候选 → 42 个有效节点 → 去重后新增 8 个
[2026-07-11 23:36:25] 📄 https://raw.githubusercontent.com/rtwo2/FastNodes/main/sub/countries/IN.yaml ✅ 解析 43 候选 → 43 个有效节点 → 去重后新增 1 个
[2026-07-11 23:36:25] 📄 https://raw.githubusercontent.com/rtwo2/FastNodes/main/sub/countries/FI.txt ✅ 解析 340 候选 → 340 个有效节点 → 去重后新增 212 个
[2026-07-11 23:36:25] 📄 https://raw.githubusercontent.com/pog7x/vpn-configs/master/githubmirror/9.txt ✅ 解析 250 候选 → 250 个有效节点 → 去重后新增 99 个
[2026-07-11 23:36:25] 📄 https://raw.githubusercontent.com/rtwo2/FastNodes/main/sub/countries/FI.yaml ✅ 解析 344 候选 → 344 个有效节点 → 去重后新增 5 个
[2026-07-11 23:36:25] 📦 批次 0006 已持久化: /home/runner/work/test-college/test-college/batches/no_batch_0006.txt (5105 个节点, 累计 26125 个)
[2026-07-11 23:36:25] ⏱️ [14/122] free proxy list pushed:>2026-07-10T15:34:46Z fork:true -lang | 7s | +5197
[2026-07-11 23:36:27] 📄 https://raw.githubusercontent.com/rtwo2/FastNodes/main/sub/countries/IQ.txt ✅ 解析 4 候选 → 4 个有效节点 → 去重后新增 2 个
[2026-07-11 23:36:27] 📄 https://raw.githubusercontent.com/pog7x/vpn-configs/master/githubmirror/7.txt ✅ 解析 294 候选 → 294 个有效节点 → 去重后新增 8 个
[2026-07-11 23:36:27] 📄 https://raw.githubusercontent.com/rtwo2/FastNodes/main/sub/countries/JO.txt ✅ 解析 11 候选 → 11 个有效节点 → 去重后新增 6 个
[2026-07-11 23:36:28] 📄 https://raw.githubusercontent.com/rtwo2/FastNodes/main/sub/countries/HK.txt ✅ 解析 407 候选 → 407 个有效节点 → 去重后新增 240 个
[2026-07-11 23:36:28] ⏱️ [15/122] free proxy subscription pushed:>2026-07-10T15:34:46Z fork:tr | 3s | +667
[2026-07-11 23:36:30] SHA 缓存已保存: 1154726 条, 2 分片
[2026-07-11 23:36:30] 📄 https://raw.githubusercontent.com/rtwo2/FastNodes/main/sub/continents/Africa.yaml ✅ 解析 885 候选 → 885 个有效节点 → 去重后新增 106 个
[2026-07-11 23:36:30] 📄 https://raw.githubusercontent.com/rtwo2/FastNodes/main/sub/countries/IT.txt ✅ 解析 91 候选 → 91 个有效节点 → 去重后新增 40 个
[2026-07-11 23:36:30] 📄 https://raw.githubusercontent.com/Mr-Meshky/vify/main/configs/alive/vless.txt ✅ 解析 697 候选 → 697 个有效节点 → 去重后新增 26 个
[2026-07-11 23:36:30] 📄 https://raw.githubusercontent.com/rtwo2/FastNodes/main/sub/countries/HK.yaml ✅ 解析 411 候选 → 411 个有效节点 → 去重后新增 4 个
[2026-07-11 23:36:30] 📄 https://raw.githubusercontent.com/ninjastrikers/nexus-nodes/main/configs/countries/nl/all.txt ✅ 解析 420 候选 → 420 个有效节点 → 去重后新增 1 个
[2026-07-11 23:36:31] 📄 https://raw.githubusercontent.com/rtwo2/FastNodes/main/sub/countries/IR.yaml ✅ 解析 427 候选 → 427 个有效节点 → 去重后新增 140 个
[2026-07-11 23:36:31] 📄 https://raw.githubusercontent.com/rtwo2/FastNodes/main/sub/countries/FR.txt ✅ 解析 671 候选 → 671 个有效节点 → 去重后新增 400 个
[2026-07-11 23:36:31] 📦 批次 0007 已持久化: /home/runner/work/test-college/test-college/batches/no_batch_0007.txt (5535 个节点, 累计 31661 个)
[2026-07-11 23:36:31] 📄 https://raw.githubusercontent.com/rtwo2/FastNodes/main/sub/countries/GB.yaml ✅ 解析 803 候选 → 803 个有效节点 → 去重后新增 144 个
[2026-07-11 23:36:31] 📄 https://raw.githubusercontent.com/rtwo2/FastNodes/main/sub/countries/KR.txt ✅ 解析 175 候选 → 175 个有效节点 → 去重后新增 28 个
[2026-07-11 23:36:31] ⏱️ [16/122] free proxy config pushed:>2026-07-10T15:34:46Z fork:true -la | 3s | +5038
[2026-07-11 23:36:33] 📄 https://raw.githubusercontent.com/ninjastrikers/nexus-nodes/main/configs/all.txt ✅ 解析 1495 候选 → 1495 个有效节点 → 去重后新增 162 个
[2026-07-11 23:36:33] 📄 https://raw.githubusercontent.com/Mr-Meshky/vify/main/configs/singbox.json ✅ 解析 885 候选 → 885 个有效节点 → 去重后新增 1 个
[2026-07-11 23:36:33] 📄 https://raw.githubusercontent.com/Mr-Meshky/vify/main/configs/clash.yaml ✅ 解析 1019 候选 → 1019 个有效节点 → 去重后新增 11 个
[2026-07-11 23:36:34] 📄 https://raw.githubusercontent.com/rtwo2/FastNodes/main/sub/countries/IR.txt ✅ 解析 429 候选 → 429 个有效节点 → 去重后新增 74 个
[2026-07-11 23:36:34] 📄 https://raw.githubusercontent.com/rtwo2/FastNodes/main/sub/countries/KZ.txt ✅ 解析 118 候选 → 118 个有效节点 → 去重后新增 34 个
[2026-07-11 23:36:34] ⏱️ [17/122] free proxy yaml pushed:>2026-07-10T15:34:46Z fork:true -lang | 3s | +971
[2026-07-11 23:36:35] 📄 https://raw.githubusercontent.com/rtwo2/FastNodes/main/sub/countries/JP.txt ✅ 解析 440 候选 → 440 个有效节点 → 去重后新增 111 个
[2026-07-11 23:36:35] SHA 缓存已保存: 1154726 条, 2 分片
[2026-07-11 23:36:35] 📄 https://raw.githubusercontent.com/rtwo2/FastNodes/main/sub/continents/Africa.txt ✅ 解析 1181 候选 → 1181 个有效节点 → 去重后新增 884 个
[2026-07-11 23:36:35] 📄 https://raw.githubusercontent.com/rtwo2/FastNodes/main/sub/countries/LU.txt ✅ 解析 71 候选 → 71 个有效节点 → 去重后新增 43 个
[2026-07-11 23:36:35] 📄 https://raw.githubusercontent.com/Mr-Meshky/vify/main/configs/alive.txt ✅ 解析 965 候选 → 965 个有效节点 → 去重后新增 5 个
[2026-07-11 23:36:35] 📄 https://raw.githubusercontent.com/rtwo2/FastNodes/main/sub/countries/MD.txt ✅ 解析 13 候选 → 13 个有效节点 → 去重后新增 8 个
[2026-07-11 23:36:35] 📄 https://raw.githubusercontent.com/Mr-Meshky/vify/main/configs/vless.txt ✅ 解析 960 候选 → 960 个有效节点 → 去重后新增 142 个
[2026-07-11 23:36:35] 📄 https://raw.githubusercontent.com/rtwo2/FastNodes/main/sub/countries/GB.txt ✅ 解析 805 候选 → 805 个有效节点 → 去重后新增 380 个
[2026-07-11 23:36:35] 📄 https://raw.githubusercontent.com/pog7x/vpn-configs/master/githubmirror/19.txt ✅ 解析 939 候选 → 939 个有效节点 → 去重后新增 175 个
[2026-07-11 23:36:35] 📄 https://raw.githubusercontent.com/rtwo2/FastNodes/main/sub/countries/MT.yaml ✅ 解析 13 候选 → 13 个有效节点 → 去重后新增 5 个
[2026-07-11 23:36:35] 📄 https://raw.githubusercontent.com/rtwo2/FastNodes/main/sub/countries/MX.yaml ✅ 解析 7 候选 → 7 个有效节点 → 去重后新增 1 个
[2026-07-11 23:36:35] 📄 https://raw.githubusercontent.com/rtwo2/FastNodes/main/sub/countries/MT.txt ✅ 解析 13 候选 → 13 个有效节点 → 去重后新增 1 个
[2026-07-11 23:36:36] 📄 https://raw.githubusercontent.com/pog7x/vpn-configs/master/githubmirror/20.txt ✅ 解析 1049 候选 → 1049 个有效节点 → 去重后新增 457 个
[2026-07-11 23:36:37] 📄 https://raw.githubusercontent.com/rtwo2/FastNodes/main/sub/countries/NO.yaml ✅ 解析 10 候选 → 10 个有效节点 → 去重后新增 1 个
[2026-07-11 23:36:37] 📄 https://raw.githubusercontent.com/rtwo2/FastNodes/main/sub/countries/NO.txt ✅ 解析 9 候选 → 9 个有效节点 → 去重后新增 2 个
[2026-07-11 23:36:37] 📄 https://raw.githubusercontent.com/rtwo2/FastNodes/main/sub/countries/OM.txt ✅ 解析 5 候选 → 5 个有效节点 → 去重后新增 4 个
[2026-07-11 23:36:37] ⏱️ [18/122] free proxy json pushed:>2026-07-10T15:34:46Z fork:true -lang | 3s | +2729
[2026-07-11 23:36:37] 📄 https://raw.githubusercontent.com/rtwo2/FastNodes/main/sub/countries/OM.yaml ✅ 解析 6 候选 → 6 个有效节点 → 去重后新增 1 个
[2026-07-11 23:36:37] 📄 https://raw.githubusercontent.com/rtwo2/FastNodes/main/sub/countries/LV.txt ✅ 解析 255 候选 → 255 个有效节点 → 去重后新增 103 个
[2026-07-11 23:36:37] 📄 https://raw.githubusercontent.com/rtwo2/FastNodes/main/sub/countries/LT.yaml ✅ 解析 417 候选 → 417 个有效节点 → 去重后新增 127 个
[2026-07-11 23:36:37] 🔗 查子仓库: free-nodes/v2rayfree
[2026-07-11 23:36:37] 📄 https://raw.githubusercontent.com/rtwo2/FastNodes/main/sub/countries/PK.txt ✅ 解析 4 候选 → 4 个有效节点 → 去重后新增 2 个
[2026-07-11 23:36:37] 📄 https://raw.githubusercontent.com/rtwo2/FastNodes/main/sub/countries/PH.yaml ✅ 解析 6 候选 → 6 个有效节点 → 去重后新增 2 个
[2026-07-11 23:36:37] 📄 https://raw.githubusercontent.com/rtwo2/FastNodes/main/sub/countries/PT.txt ✅ 解析 2 候选 → 2 个有效节点 → 去重后新增 2 个
[2026-07-11 23:36:37] 📦 批次 0008 已持久化: /home/runner/work/test-college/test-college/batches/no_batch_0008.txt (5117 个节点, 累计 36763 个)
[2026-07-11 23:36:39]   🍴 子仓库: 18 个 → 队列
[2026-07-11 23:36:39] 🔗 开始 Fork 链追踪 (free-nodes/v2rayfree)
[2026-07-11 23:36:40] 👤 遍历用户仓库: free-nodes
[2026-07-11 23:36:40] ⏱️ [19/122] free proxy base64 pushed:>2026-07-10T15:34:46Z fork:true -la | 3s | +1295
[2026-07-11 23:36:40]   👤 用户仓库: 5 个 → 队列
[2026-07-11 23:36:40]   用户 free-nodes 共查 5 个仓库
[2026-07-11 23:36:41] 仓库 https://github.com/mheidari98/.proxy (分支: main, size: 21736KB, pushed: 2026-07-11T15:10:05Z)
[2026-07-11 23:36:41] 📄 https://raw.githubusercontent.com/rtwo2/FastNodes/main/sub/countries/SA.txt ✅ 解析 12 候选 → 12 个有效节点 → 去重后新增 4 个
[2026-07-11 23:36:42] 📄 https://raw.githubusercontent.com/ninjastrikers/nexus-nodes/main/configs/countries/ir/all.txt ✅ 解析 1297 候选 → 1297 个有效节点 → 去重后新增 1 个
[2026-07-11 23:36:42] 🔗 查子仓库: ninjastrikers/nexus-nodes
[2026-07-11 23:36:42] 📄 https://raw.githubusercontent.com/sevcator/5ubscrpt10n/main/mini/m1n1-5ub-13.txt ✅ 解析 1850 候选 → 1850 个有效节点 → 去重后新增 1173 个
[2026-07-11 23:36:42] 仓库 https://github.com/mheidari98/.proxy 候选文件 6 个
[2026-07-11 23:36:42]   🍴 子仓库: 5 个 → 队列
[2026-07-11 23:36:42] 🔗 开始 Fork 链追踪 (ninjastrikers/nexus-nodes)
[2026-07-11 23:36:43] 👤 遍历用户仓库: ninjastrikers
[2026-07-11 23:36:43] ⏱️ [20/122] ACL4SSR pushed:>2026-07-10T15:34:46Z fork:true -language:HTM | 3s | +430
[2026-07-11 23:36:44]   👤 用户仓库: 1 个 → 队列
[2026-07-11 23:36:44]   用户 ninjastrikers 共查 1 个仓库
[2026-07-11 23:36:44] 仓库 https://github.com/yitong2333/proxy-minging (分支: main, size: 1742907KB, pushed: 2026-07-11T14:55:40Z)
[2026-07-11 23:36:46] ⏱️ [21/122] subconverter pushed:>2026-07-10T15:34:46Z fork:true -languag | 3s | +401
[2026-07-11 23:36:46] 仓库 https://github.com/yitong2333/proxy-minging 候选文件 3 个
[2026-07-11 23:36:48] SHA 缓存已保存: 1154735 条, 2 分片
[2026-07-11 23:36:54] 📄 https://raw.githubusercontent.com/rtwo2/FastNodes/main/sub/countries/PL.yaml ✅ 解析 194 候选 → 194 个有效节点 → 去重后新增 86 个
[2026-07-11 23:36:56] 📄 https://raw.githubusercontent.com/rtwo2/FastNodes/main/sub/countries/RO.yaml ✅ 解析 168 候选 → 168 个有效节点 → 去重后新增 74 个
[2026-07-11 23:36:56] 📄 https://raw.githubusercontent.com/rtwo2/FastNodes/main/sub/countries/PL.txt ✅ 解析 194 候选 → 194 个有效节点 → 去重后新增 1 个
[2026-07-11 23:36:57] 📄 https://raw.githubusercontent.com/rtwo2/FastNodes/main/sub/countries/SI.txt ✅ 解析 36 候选 → 36 个有效节点 → 去重后新增 10 个
[2026-07-11 23:36:57] 📄 https://raw.githubusercontent.com/rtwo2/FastNodes/main/sub/countries/SI.yaml ✅ 解析 36 候选 → 36 个有效节点 → 去重后新增 1 个
[2026-07-11 23:36:57] 📄 https://raw.githubusercontent.com/Mr-Meshky/vify/main/configs/all.txt ✅ 解析 1594 候选 → 1594 个有效节点 → 去重后新增 1 个
[2026-07-11 23:36:57] 📄 https://raw.githubusercontent.com/rtwo2/FastNodes/main/sub/countries/SE.txt ✅ 解析 294 候选 → 294 个有效节点 → 去重后新增 126 个
[2026-07-11 23:36:57] 🔗 查子仓库: Mr-Meshky/vify
[2026-07-11 23:36:57] 📄 https://raw.githubusercontent.com/rtwo2/FastNodes/main/sub/countries/SE.yaml ✅ 解析 294 候选 → 294 个有效节点 → 去重后新增 2 个
[2026-07-11 23:36:57] 📄 https://raw.githubusercontent.com/rtwo2/FastNodes/main/sub/countries/TH.yaml ✅ 解析 13 候选 → 13 个有效节点 → 去重后新增 3 个
[2026-07-11 23:36:57] 📄 https://raw.githubusercontent.com/sevcator/5ubscrpt10n/main/mini/m1n1-5ub-23.txt ✅ 解析 2311 候选 → 2311 个有效节点 → 去重后新增 1220 个
[2026-07-11 23:36:57] 📄 https://raw.githubusercontent.com/pog7x/vpn-configs/master/githubmirror/14.txt ✅ 解析 1745 候选 → 1745 个有效节点 → 去重后新增 350 个
[2026-07-11 23:36:57] 📦 批次 0009 已持久化: /home/runner/work/test-college/test-college/batches/no_batch_0009.txt (5402 个节点, 累计 42166 个)
[2026-07-11 23:36:57]   🍴 子仓库: 2 个 → 队列
[2026-07-11 23:36:57] 🔗 开始 Fork 链追踪 (Mr-Meshky/vify)
[2026-07-11 23:36:57] 👤 遍历用户仓库: Mr-Meshky
[2026-07-11 23:36:58] 📄 https://raw.githubusercontent.com/rtwo2/FastNodes/main/sub/countries/NL.yaml ✅ 解析 892 候选 → 892 个有效节点 → 去重后新增 335 个
[2026-07-11 23:36:58]   👤 用户仓库: 2 个 → 队列
[2026-07-11 23:36:58]   用户 Mr-Meshky 共查 2 个仓库
[2026-07-11 23:36:58] 仓库 https://github.com/MhdiTaheri/V2rayCollector_Py (分支: main, size: 31131KB, pushed: 2026-07-11T14:56:20Z)
[2026-07-11 23:36:58] 📄 https://raw.githubusercontent.com/rtwo2/FastNodes/main/sub/countries/TR.yaml ✅ 解析 167 候选 → 167 个有效节点 → 去重后新增 48 个
[2026-07-11 23:36:59] 📄 https://raw.githubusercontent.com/rtwo2/FastNodes/main/sub/countries/UA.txt ✅ 解析 16 候选 → 16 个有效节点 → 去重后新增 4 个
[2026-07-11 23:36:59] ⏱️ Code [21/26] proxy-groups extension:yaml | 62s | +26290 节点
[2026-07-11 23:36:59] ⏱️ Code [22/26] outbounds extension:json | 0s | +40 节点
[2026-07-11 23:36:59] 仓库 https://github.com/MhdiTaheri/V2rayCollector_Py 候选文件 2 个
[2026-07-11 23:37:00] ⏱️ Code [23/26] subscription-userinfo extension:txt | 1s | +25 节点
[2026-07-11 23:37:04] ⏱️ Code [24/26] v2ray aggregator extension:py | 4s | +4 节点
[2026-07-11 23:37:04] ⏱️ Code [25/26] proxy collector extension:py | 0s | +11 节点
[2026-07-11 23:37:05] ⏱️ Code [26/26] vmess:// raw.githubusercontent extension:py | 0s | +8 节点
[2026-07-11 23:37:06] 📄 https://raw.githubusercontent.com/rtwo2/FastNodes/main/sub/countries/TR.txt ✅ 解析 167 候选 → 167 个有效节点 → 去重后新增 32 个
[2026-07-11 23:37:08] 📄 https://raw.githubusercontent.com/rtwo2/FastNodes/main/sub/countries/VN.yaml ✅ 解析 18 候选 → 18 个有效节点 → 去重后新增 1 个
[2026-07-11 23:37:08] 📄 https://raw.githubusercontent.com/rtwo2/FastNodes/main/sub/countries/TW.yaml ✅ 解析 79 候选 → 79 个有效节点 → 去重后新增 24 个
[2026-07-11 23:37:09] SHA 缓存已保存: 1154737 条, 2 分片
[2026-07-11 23:37:09] 📄 https://raw.githubusercontent.com/rtwo2/FastNodes/main/sub/countries/ZA.yaml ✅ 解析 49 候选 → 49 个有效节点 → 去重后新增 1 个
[2026-07-11 23:37:09] 📄 https://raw.githubusercontent.com/rtwo2/FastNodes/main/sub/countries/DE.txt ✅ 解析 1901 候选 → 1901 个有效节点 → 去重后新增 1156 个
[2026-07-11 23:37:09] 📄 https://raw.githubusercontent.com/rtwo2/FastNodes/main/sub/countries/SG.txt ✅ 解析 561 候选 → 561 个有效节点 → 去重后新增 28 个
[2026-07-11 23:37:14] 📄 https://raw.githubusercontent.com/rtwo2/FastNodes/main/sub/protocols/hysteria2.yaml ✅ 解析 41 候选 → 41 个有效节点 → 去重后新增 19 个
[2026-07-11 23:37:14] 📄 https://raw.githubusercontent.com/rtwo2/FastNodes/main/sub/protocols/hysteria2.txt ✅ 解析 41 候选 → 41 个有效节点 → 去重后新增 8 个
[2026-07-11 23:37:14] 📄 https://raw.githubusercontent.com/rtwo2/FastNodes/main/sub/countries/SG.yaml ✅ 解析 587 候选 → 587 个有效节点 → 去重后新增 26 个
[2026-07-11 23:37:16] 🔗 查子仓库: MhdiTaheri/V2rayCollector_Py
[2026-07-11 23:37:17] 📄 https://raw.githubusercontent.com/sevcator/5ubscrpt10n/main/mini/m1n1-5ub-21.txt ✅ 解析 2861 候选 → 2861 个有效节点 → 去重后新增 1432 个
[2026-07-11 23:37:18]   🍴 子仓库: 30 个 → 队列
[2026-07-11 23:37:18] 🔗 开始 Fork 链追踪 (MhdiTaheri/V2rayCollector_Py)
[2026-07-11 23:37:18] 👤 遍历用户仓库: MhdiTaheri
[2026-07-11 23:37:19]   👤 用户仓库: 2 个 → 队列
[2026-07-11 23:37:19]   用户 MhdiTaheri 共查 2 个仓库
[2026-07-11 23:37:19] 仓库 https://github.com/mohamadfg-dev/telegram-v2ray-configs-collector (分支: main, size: 52547KB, pushed: 2026-07-11T14:11:13Z)
[2026-07-11 23:37:21] 📄 https://raw.githubusercontent.com/sevcator/5ubscrpt10n/main/mini/m1n1-5ub-11.txt ✅ 解析 2657 候选 → 2657 个有效节点 → 去重后新增 2079 个
[2026-07-11 23:37:25] 📄 https://raw.githubusercontent.com/sevcator/5ubscrpt10n/main/mini/m1n1-5ub-22.txt ✅ 解析 3116 候选 → 3116 个有效节点 → 去重后新增 1441 个
[2026-07-11 23:37:29] 📄 https://raw.githubusercontent.com/rtwo2/FastNodes/main/sub/continents/Asia.txt ✅ 解析 2515 候选 → 2515 个有效节点 → 去重后新增 304 个
[2026-07-11 23:37:29] 📄 https://raw.githubusercontent.com/Farid-Karimi/Config-Collector/main/ss_iran.txt ✅ 解析 2568 候选 → 2568 个有效节点 → 去重后新增 490 个
[2026-07-11 23:37:29] 仓库 https://github.com/mohamadfg-dev/telegram-v2ray-configs-collector 候选文件 36 个
[2026-07-11 23:37:29] 📦 批次 0010 已持久化: /home/runner/work/test-college/test-college/batches/no_batch_0010.txt (5414 个节点, 累计 47581 个)
[2026-07-11 23:37:31] 📦 批次 0011 已持久化: /home/runner/work/test-college/test-college/batches/no_batch_0011.txt (36 个节点, 累计 47619 个)
[2026-07-11 23:37:32] 📄 https://raw.githubusercontent.com/mohamadfg-dev/telegram-v2ray-configs-collector/main/category/Iran.txt ✅ 解析 20 候选 → 20 个有效节点 → 去重后新增 1 个
[2026-07-11 23:37:33] 📄 https://raw.githubusercontent.com/mohamadfg-dev/telegram-v2ray-configs-collector/main/category/ss.txt ✅ 解析 27 候选 → 27 个有效节点 → 去重后新增 4 个
[2026-07-11 23:37:34] 📄 https://raw.githubusercontent.com/rtwo2/FastNodes/main/sub/countries/RU.txt ✅ 解析 1204 候选 → 1204 个有效节点 → 去重后新增 225 个
[2026-07-11 23:37:36] SHA 缓存已保存: 1154773 条, 2 分片
[2026-07-11 23:37:36] SHA 缓存已保存: 1154773 条, 2 分片
[2026-07-11 23:37:36] 📄 https://raw.githubusercontent.com/rtwo2/FastNodes/main/sub/protocols/ss.yaml ✅ 解析 867 候选 → 867 个有效节点 → 去重后新增 371 个
[2026-07-11 23:37:36] 📄 https://raw.githubusercontent.com/sevcator/5ubscrpt10n/main/mini/m1n1-5ub-12.txt ✅ 解析 3289 候选 → 3289 个有效节点 → 去重后新增 2401 个
[2026-07-11 23:37:36] 🔗 查子仓库: mohamadfg-dev/telegram-v2ray-configs-collector
[2026-07-11 23:37:36] 📄 https://raw.githubusercontent.com/rtwo2/FastNodes/main/sub/countries/NL.txt ✅ 解析 1773 候选 → 1773 个有效节点 → 去重后新增 316 个
[2026-07-11 23:37:36] 📄 https://raw.githubusercontent.com/Farid-Karimi/Config-Collector/main/trojan_iran.txt ✅ 解析 475 候选 → 475 个有效节点 → 去重后新增 3 个
[2026-07-11 23:37:36] 📄 https://raw.githubusercontent.com/rtwo2/FastNodes/main/sub/protocols/vmess.txt ✅ 解析 835 候选 → 835 个有效节点 → 去重后新增 62 个
[2026-07-11 23:37:37]   🍴 子仓库: 8 个 → 队列
[2026-07-11 23:37:37] 🔗 开始 Fork 链追踪 (mohamadfg-dev/telegram-v2ray-configs-collector)
[2026-07-11 23:37:37] 📄 https://raw.githubusercontent.com/sevcator/5ubscrpt10n/main/mini/m1n1-5ub-10.txt ✅ 解析 3617 候选 → 3617 个有效节点 → 去重后新增 2400 个
[2026-07-11 23:37:37] 👤 遍历用户仓库: mohamadfg-dev
[2026-07-11 23:37:38]   👤 用户仓库: 1 个 → 队列
[2026-07-11 23:37:38]   用户 mohamadfg-dev 共查 1 个仓库
[2026-07-11 23:37:38] 仓库 https://github.com/free18/v2ray (分支: main, size: 17809KB, pushed: 2026-07-11T04:36:54Z)
[2026-07-11 23:37:39] 仓库 https://github.com/free18/v2ray 候选文件 1 个
[2026-07-11 23:37:40] 📦 批次 0012 已持久化: /home/runner/work/test-college/test-college/batches/no_batch_0012.txt (5404 个节点, 累计 53027 个)
[2026-07-11 23:37:43] SHA 缓存已保存: 1154774 条, 2 分片
[2026-07-11 23:37:43] 🔗 查子仓库: free18/v2ray
[2026-07-11 23:37:43] 📄 https://raw.githubusercontent.com/pog7x/vpn-configs/master/githubmirror/1.txt ✅ 解析 3575 候选 → 3575 个有效节点 → 去重后新增 553 个
[2026-07-11 23:37:43] 📄 https://raw.githubusercontent.com/sevcator/5ubscrpt10n/main/mini/m1n1-5ub-24.txt ✅ 解析 2456 候选 → 2456 个有效节点 → 去重后新增 372 个
[2026-07-11 23:37:43] 📄 https://raw.githubusercontent.com/pog7x/vpn-configs/master/githubmirror/10.txt ✅ 解析 4059 候选 → 4059 个有效节点 → 去重后新增 333 个
[2026-07-11 23:37:44] 📄 https://raw.githubusercontent.com/rtwo2/FastNodes/main/sub/continents/NorthAmerica.txt ✅ 解析 4414 候选 → 4414 个有效节点 → 去重后新增 960 个
[2026-07-11 23:37:44] 📦 批次 0013 已持久化: /home/runner/work/test-college/test-college/batches/no_batch_0013.txt (5537 个节点, 累计 58557 个)
[2026-07-11 23:37:45]   🍴 子仓库: 30 个 → 队列
[2026-07-11 23:37:45] 🔗 开始 Fork 链追踪 (free18/v2ray)
[2026-07-11 23:37:45] 📄 https://raw.githubusercontent.com/rtwo2/FastNodes/main/sub/protocols/ss.txt ✅ 解析 2146 候选 → 2146 个有效节点 → 去重后新增 172 个
[2026-07-11 23:37:45] 📄 https://raw.githubusercontent.com/sevcator/5ubscrpt10n/main/mini/m1n1-5ub-16.txt ✅ 解析 5037 候选 → 5037 个有效节点 → 去重后新增 2399 个
[2026-07-11 23:37:45] 👤 遍历用户仓库: free18
[2026-07-11 23:37:45]   👤 用户仓库: 1 个 → 队列
[2026-07-11 23:37:45]   用户 free18 共查 1 个仓库
[2026-07-11 23:37:45] 仓库 https://github.com/Epodonios/v2ray-configs (分支: main, size: 25154299KB, pushed: 2026-07-11T14:29:00Z)
[2026-07-11 23:37:47] 📄 https://raw.githubusercontent.com/sevcator/5ubscrpt10n/main/mini/m1n1-5ub-17.txt ✅ 解析 4858 候选 → 4858 个有效节点 → 去重后新增 2608 个
[2026-07-11 23:37:47] 📄 https://raw.githubusercontent.com/sevcator/5ubscrpt10n/main/mini/m1n1-5ub-18.txt ✅ 解析 5012 候选 → 5012 个有效节点 → 去重后新增 2766 个
[2026-07-11 23:37:52] SHA 缓存已保存: 1154776 条, 2 分片
[2026-07-11 23:37:52] 🔗 查子仓库: mahdibland/V2RayAggregator
[2026-07-11 23:37:52] 📄 https://raw.githubusercontent.com/sevcator/5ubscrpt10n/main/mini/m1n1-5ub-14.txt ✅ 解析 5023 候选 → 5023 个有效节点 → 去重后新增 2645 个
[2026-07-11 23:37:52] 📄 https://raw.githubusercontent.com/sevcator/5ubscrpt10n/main/mini/m1n1-5ub-15.txt ✅ 解析 5153 候选 → 5153 个有效节点 → 去重后新增 2479 个
[2026-07-11 23:37:52] 📄 https://raw.githubusercontent.com/sevcator/5ubscrpt10n/main/mini/m1n1-5ub-1.txt ✅ 解析 5099 候选 → 5099 个有效节点 → 去重后新增 826 个
[2026-07-11 23:37:52] 📄 https://raw.githubusercontent.com/Farid-Karimi/Config-Collector/main/vless_iran.txt ✅ 解析 1472 候选 → 1472 个有效节点 → 去重后新增 78 个
[2026-07-11 23:37:54]   🍴 子仓库: 30 个 → 队列
[2026-07-11 23:37:54] 🔗 开始 Fork 链追踪 (mahdibland/V2RayAggregator)
[2026-07-11 23:37:54] 👤 遍历用户仓库: mahdibland
[2026-07-11 23:37:55]   用户 mahdibland 共查 0 个仓库
[2026-07-11 23:37:55] 仓库 https://github.com/acymz/AutoVPN (分支: main, size: 152892KB, pushed: 2026-07-11T15:00:02Z)
[2026-07-11 23:37:55] 📄 https://raw.githubusercontent.com/Farid-Karimi/Config-Collector/main/vmess_iran.txt ✅ 解析 71 候选 → 71 个有效节点 → 去重后新增 1 个
[2026-07-11 23:37:55] 🔗 查子仓库: Farid-Karimi/Config-Collector
[2026-07-11 23:37:55] 📄 https://raw.githubusercontent.com/sevcator/5ubscrpt10n/main/mini/m1n1-5ub-19.txt ✅ 解析 5343 候选 → 5343 个有效节点 → 去重后新增 1560 个
[2026-07-11 23:37:55]   🍴 子仓库: 2 个 → 队列
[2026-07-11 23:37:55] 🔗 开始 Fork 链追踪 (Farid-Karimi/Config-Collector)
[2026-07-11 23:37:55]   父仓库: mrvcoder/V2rayCollector
[2026-07-11 23:37:55] 仓库在黑名单中: https://github.com/mrvcoder/V2rayCollector
[2026-07-11 23:37:55]   父仓库 +0 个节点
[2026-07-11 23:37:55] 📄 https://raw.githubusercontent.com/sevcator/5ubscrpt10n/main/mini/m1n1-5ub-25.txt ✅ 解析 3275 候选 → 3275 个有效节点 → 去重后新增 889 个
[2026-07-11 23:37:57]   🍴 兄弟仓库: 30 个 → 队列
[2026-07-11 23:37:57] 👤 遍历用户仓库: Farid-Karimi
[2026-07-11 23:37:58]   👤 用户仓库: 1 个 → 队列
[2026-07-11 23:37:58]   用户 Farid-Karimi 共查 1 个仓库
[2026-07-11 23:37:58] 仓库 https://github.com/snakem982/proxypool (分支: main, size: 48613KB, pushed: 2026-07-11T12:59:11Z)
[2026-07-11 23:38:00] 仓库 https://github.com/snakem982/proxypool 候选文件 3 个
[2026-07-11 23:38:02] 📄 https://raw.githubusercontent.com/sevcator/5ubscrpt10n/main/mini/m1n1-5ub-20.txt ✅ 解析 5837 候选 → 5837 个有效节点 → 去重后新增 1615 个
[2026-07-11 23:38:05] 🔗 查子仓库: snakem982/proxypool
[2026-07-11 23:38:07]   🍴 子仓库: 30 个 → 队列
[2026-07-11 23:38:07] 🔗 开始 Fork 链追踪 (snakem982/proxypool)
[2026-07-11 23:38:07] 👤 遍历用户仓库: snakem982
[2026-07-11 23:38:07] 📄 https://raw.githubusercontent.com/pog7x/vpn-configs/master/githubmirror/3.txt ✅ 解析 5533 候选 → 5533 个有效节点 → 去重后新增 2011 个
[2026-07-11 23:38:07] 仓库 https://github.com/Epodonios/v2ray-configs 候选文件 19 个
[2026-07-11 23:38:08]   👤 用户仓库: 2 个 → 队列
[2026-07-11 23:38:08]   用户 snakem982 共查 2 个仓库
[2026-07-11 23:38:08] 仓库 https://github.com/Leon406/SubCrawler (分支: main, size: 2024509KB, pushed: 2026-07-11T11:00:31Z)
[2026-07-11 23:38:14] 仓库 https://github.com/Leon406/SubCrawler 候选文件 6 个
[2026-07-11 23:38:14] 📦 批次 0014 已持久化: /home/runner/work/test-college/test-college/batches/no_batch_0014.txt (5486 个节点, 累计 64045 个)
[2026-07-11 23:38:15] 📄 https://raw.githubusercontent.com/sevcator/5ubscrpt10n/main/mini/m1n1-5ub-28.txt ✅ 解析 3552 候选 → 3552 个有效节点 → 去重后新增 2077 个
[2026-07-11 23:38:17] 📄 https://raw.githubusercontent.com/Leon406/SubCrawler/main/sub/share/a11 ✅ 解析 80 候选 → 80 个有效节点 → 去重后新增 1 个
[2026-07-11 23:38:17] SHA 缓存已保存: 1154803 条, 2 分片
[2026-07-11 23:38:38] 📄 https://raw.githubusercontent.com/sevcator/5ubscrpt10n/main/mini/m1n1-5ub-27.txt ✅ 解析 3763 候选 → 3763 个有效节点 → 去重后新增 2058 个
[2026-07-11 23:38:41] 📄 https://raw.githubusercontent.com/sevcator/5ubscrpt10n/main/working/countries/Armenia.txt ✅ 解析 21 候选 → 21 个有效节点 → 去重后新增 1 个
[2026-07-11 23:38:45] 📄 https://raw.githubusercontent.com/Epodonios/v2ray-configs/main/Base64/Sub5_base64.txt ✅ 解析 470 候选 → 470 个有效节点 → 去重后新增 1 个
[2026-07-11 23:38:50] 📄 https://raw.githubusercontent.com/sevcator/5ubscrpt10n/main/working/countries/Argentina.txt ✅ 解析 340 候选 → 340 个有效节点 → 去重后新增 5 个
[2026-07-11 23:38:50] 📄 https://raw.githubusercontent.com/sevcator/5ubscrpt10n/main/working/countries/Australia.txt ✅ 解析 82 候选 → 82 个有效节点 → 去重后新增 8 个
[2026-07-11 23:38:52] 📄 https://raw.githubusercontent.com/sevcator/5ubscrpt10n/main/mini/m1n1-5ub-2.txt ✅ 解析 6561 候选 → 6561 个有效节点 → 去重后新增 524 个
[2026-07-11 23:38:53] 📄 https://raw.githubusercontent.com/sevcator/5ubscrpt10n/main/working/countries/Belgium.txt ✅ 解析 15 候选 → 15 个有效节点 → 去重后新增 2 个
[2026-07-11 23:38:55] 📄 https://raw.githubusercontent.com/sevcator/5ubscrpt10n/main/working/countries/Azerbaijan.txt ✅ 解析 52 候选 → 52 个有效节点 → 去重后新增 2 个
[2026-07-11 23:38:58] 📄 https://raw.githubusercontent.com/sevcator/5ubscrpt10n/main/working/countries/Brazil.txt ✅ 解析 16 候选 → 16 个有效节点 → 去重后新增 1 个
[2026-07-11 23:39:11] 📄 https://raw.githubusercontent.com/sevcator/5ubscrpt10n/main/mini/m1n1-5ub-26.txt ✅ 解析 4800 候选 → 4800 个有效节点 → 去重后新增 2230 个
[2026-07-11 23:39:11] 📄 https://raw.githubusercontent.com/yitong2333/proxy-minging/main/v2ray.txt ✅ 解析 5557 候选 → 5557 个有效节点 → 去重后新增 17 个
[2026-07-11 23:39:11] 🔗 查子仓库: yitong2333/proxy-minging
[2026-07-11 23:39:11] 📄 https://raw.githubusercontent.com/sevcator/5ubscrpt10n/main/working/countries/Canada.txt ✅ 解析 911 候选 → 911 个有效节点 → 去重后新增 16 个
[2026-07-11 23:39:11] 📄 https://raw.githubusercontent.com/sevcator/5ubscrpt10n/main/working/countries/China.txt ✅ 解析 713 候选 → 713 个有效节点 → 去重后新增 8 个
[2026-07-11 23:39:12] 📦 批次 0015 已持久化: /home/runner/work/test-college/test-college/batches/no_batch_0015.txt (5041 个节点, 累计 69086 个)
[2026-07-11 23:39:12]   🍴 子仓库: 7 个 → 队列
[2026-07-11 23:39:12] 🔗 开始 Fork 链追踪 (yitong2333/proxy-minging)
[2026-07-11 23:39:12] 📄 https://raw.githubusercontent.com/rtwo2/FastNodes/main/sub/protocols/trojan.txt ✅ 解析 5811 候选 → 5811 个有效节点 → 去重后新增 78 个
[2026-07-11 23:39:12]   父仓库: anaer/proxy-minging
[2026-07-11 23:39:12] 仓库在黑名单中: https://github.com/anaer/proxy-minging
[2026-07-11 23:39:12]   父仓库 +0 个节点
[2026-07-11 23:39:13]   🍴 兄弟仓库: 5 个 → 队列
[2026-07-11 23:39:13] 👤 遍历用户仓库: yitong2333
[2026-07-11 23:39:14]   👤 用户仓库: 3 个 → 队列
[2026-07-11 23:39:14]   用户 yitong2333 共查 3 个仓库
[2026-07-11 23:39:14] 仓库 https://github.com/603711936/SmartSub (分支: main, size: 197163KB, pushed: 2026-07-10T20:59:39Z)
[2026-07-11 23:39:14] 📄 https://raw.githubusercontent.com/sevcator/5ubscrpt10n/main/working/countries/Finland.txt ✅ 解析 101 候选 → 101 个有效节点 → 去重后新增 5 个
[2026-07-11 23:39:15] SHA 缓存已保存: 1154805 条, 2 分片
[2026-07-11 23:39:15] 📄 https://raw.githubusercontent.com/sevcator/5ubscrpt10n/main/mini/m1n1-5ub-29.txt ✅ 解析 5032 候选 → 5032 个有效节点 → 去重后新增 635 个
[2026-07-11 23:39:15] 仓库 https://github.com/603711936/SmartSub 候选文件 8 个
[2026-07-11 23:39:15] 📄 https://raw.githubusercontent.com/Epodonios/v2ray-configs/main/All_Configs_base64_Sub.txt ✅ 解析 2732 候选 → 2732 个有效节点 → 去重后新增 1 个
[2026-07-11 23:39:15] 🔗 查子仓库: Epodonios/v2ray-configs
[2026-07-11 23:39:17]   🍴 子仓库: 30 个 → 队列
[2026-07-11 23:39:17] 🔗 开始 Fork 链追踪 (Epodonios/v2ray-configs)
[2026-07-11 23:39:17] 👤 遍历用户仓库: Epodonios
[2026-07-11 23:39:17] 📄 https://raw.githubusercontent.com/sevcator/5ubscrpt10n/main/working/countries/India.txt ✅ 解析 137 候选 → 137 个有效节点 → 去重后新增 4 个
[2026-07-11 23:39:17] 📄 https://raw.githubusercontent.com/sevcator/5ubscrpt10n/main/working/countries/Germany.txt ✅ 解析 749 候选 → 749 个有效节点 → 去重后新增 6 个
[2026-07-11 23:39:17] 📄 https://raw.githubusercontent.com/sevcator/5ubscrpt10n/main/mini/m1n1-5ub-9.txt ✅ 解析 3873 候选 → 3873 个有效节点 → 去重后新增 747 个
[2026-07-11 23:39:17] 📄 https://raw.githubusercontent.com/sevcator/5ubscrpt10n/main/mini/m1n1-5ub-3.txt ✅ 解析 5803 候选 → 5803 个有效节点 → 去重后新增 1789 个
[2026-07-11 23:39:17]   👤 用户仓库: 2 个 → 队列
[2026-07-11 23:39:17]   用户 Epodonios 共查 2 个仓库
[2026-07-11 23:39:17] 仓库 https://github.com/Triton-ix/v2ray-Finder (分支: main, size: 524523KB, pushed: 2026-07-11T01:36:40Z)
[2026-07-11 23:39:18] 仓库 https://github.com/Triton-ix/v2ray-Finder 候选文件 1 个
[2026-07-11 23:39:18] 📄 https://raw.githubusercontent.com/sevcator/5ubscrpt10n/main/working/countries/Italy.txt ✅ 解析 86 候选 → 86 个有效节点 → 去重后新增 1 个
[2026-07-11 23:39:18] 📄 https://raw.githubusercontent.com/rtwo2/FastNodes/main/sub/continents/Europe.txt ✅ 解析 9184 候选 → 9184 个有效节点 → 去重后新增 564 个
[2026-07-11 23:39:19] 📄 https://raw.githubusercontent.com/sevcator/5ubscrpt10n/main/working/countries/Namibia.txt ✅ 解析 307 候选 → 307 个有效节点 → 去重后新增 9 个
[2026-07-11 23:39:19] 📄 https://raw.githubusercontent.com/sevcator/5ubscrpt10n/main/mini/m1n1-5ub-7.txt ✅ 解析 6037 候选 → 6037 个有效节点 → 去重后新增 1030 个
[2026-07-11 23:39:26] 📄 https://raw.githubusercontent.com/sevcator/5ubscrpt10n/main/working/countries/Montenegro.txt ✅ 解析 833 候选 → 833 个有效节点 → 去重后新增 3 个
[2026-07-11 23:39:26] 📦 批次 0016 已持久化: /home/runner/work/test-college/test-college/batches/no_batch_0016.txt (5046 个节点, 累计 74134 个)
[2026-07-11 23:39:28] 📄 https://raw.githubusercontent.com/sevcator/5ubscrpt10n/main/mini/m1n1-5ub-6.txt ✅ 解析 6541 候选 → 6541 个有效节点 → 去重后新增 426 个
[2026-07-11 23:39:30] 📄 https://raw.githubusercontent.com/sevcator/5ubscrpt10n/main/mini/m1n1-5ub-8.txt ✅ 解析 6208 候选 → 6208 个有效节点 → 去重后新增 1003 个
[2026-07-11 23:39:30] SHA 缓存已保存: 1154812 条, 2 分片
[2026-07-11 23:39:34] 📄 https://raw.githubusercontent.com/sevcator/5ubscrpt10n/main/mini/m1n1-5ub-5.txt ✅ 解析 7473 候选 → 7473 个有效节点 → 去重后新增 367 个
[2026-07-11 23:39:34] 📄 https://raw.githubusercontent.com/rtwo2/FastNodes/main/sub/protocols/vless.txt ✅ 解析 10184 候选 → 10184 个有效节点 → 去重后新增 14 个
[2026-07-11 23:39:34] 📄 https://raw.githubusercontent.com/sevcator/5ubscrpt10n/main/mini/m1n1-5ub-4.txt ✅ 解析 7607 候选 → 7607 个有效节点 → 去重后新增 389 个
[2026-07-11 23:39:34] 📄 https://raw.githubusercontent.com/sevcator/5ubscrpt10n/main/working/countries/Iran.txt ✅ 解析 2742 候选 → 2742 个有效节点 → 去重后新增 2 个
[2026-07-11 23:39:34] 📄 https://raw.githubusercontent.com/mheidari98/.proxy/main/all ✅ 解析 11823 候选 → 11823 个有效节点 → 去重后新增 624 个
[2026-07-11 23:39:35] 📄 https://raw.githubusercontent.com/603711936/SmartSub/main/collected_nodes.txt ✅ 解析 6257 候选 → 6257 个有效节点 → 去重后新增 2263 个
[2026-07-11 23:39:35] 📄 https://raw.githubusercontent.com/sevcator/5ubscrpt10n/main/protocols/ss.txt ✅ 解析 10165 候选 → 10165 个有效节点 → 去重后新增 283 个
[2026-07-11 23:39:35] 📦 批次 0017 已持久化: /home/runner/work/test-college/test-college/batches/no_batch_0017.txt (5090 个节点, 累计 79221 个)
[2026-07-11 23:39:38] SHA 缓存已保存: 1154812 条, 2 分片
[2026-07-11 23:39:38] 📄 https://raw.githubusercontent.com/603711936/SmartSub/main/sub/providers/all-proxies.yaml ✅ 解析 150 候选 → 150 个有效节点 → 去重后新增 8 个
[2026-07-11 23:39:46] 📄 https://raw.githubusercontent.com/sevcator/5ubscrpt10n/main/protocols/tr.txt ✅ 解析 15554 候选 → 15554 个有效节点 → 去重后新增 215 个
[2026-07-11 23:39:46] 📄 https://raw.githubusercontent.com/rtwo2/FastNodes/main/sub/everything.txt ✅ 解析 19017 候选 → 19017 个有效节点 → 去重后新增 12 个
[2026-07-11 23:39:46] 📦 批次 0018 已持久化: /home/runner/work/test-college/test-college/batches/no_batch_0018.txt (5191 个节点, 累计 84412 个)
[2026-07-11 23:39:49] SHA 缓存已保存: 1154812 条, 2 分片
[2026-07-11 23:39:49] 🔗 查子仓库: rtwo2/FastNodes
[2026-07-11 23:39:49] 📄 https://raw.githubusercontent.com/Triton-ix/v2ray-Finder/main/Full_uniqe-config.txt ✅ 解析 10985 候选 → 10985 个有效节点 → 去重后新增 1991 个
[2026-07-11 23:39:49] 🔗 查子仓库: Triton-ix/v2ray-Finder
[2026-07-11 23:39:49] 仓库 https://github.com/acymz/AutoVPN 候选文件 10 个
[2026-07-11 23:39:49] 🔗 开始 Fork 链追踪 (Triton-ix/v2ray-Finder)
[2026-07-11 23:39:49] 📄 https://raw.githubusercontent.com/pog7x/vpn-configs/master/githubmirror/2.txt ✅ 解析 23205 候选 → 23205 个有效节点 → 去重后新增 112 个
[2026-07-11 23:39:49] 🔗 查子仓库: pog7x/vpn-configs
[2026-07-11 23:39:49]   🍴 子仓库: 3 个 → 队列
[2026-07-11 23:39:49] 🔗 开始 Fork 链追踪 (rtwo2/FastNodes)
[2026-07-11 23:39:49] 👤 遍历用户仓库: Triton-ix
[2026-07-11 23:39:49] 📄 https://raw.githubusercontent.com/mheidari98/.proxy/main/vless ✅ 解析 4020 候选 → 4020 个有效节点 → 去重后新增 2 个
[2026-07-11 23:39:49] 📄 https://raw.githubusercontent.com/Leon406/SubCrawler/main/sub/share/vless ✅ 解析 20675 候选 → 20675 个有效节点 → 去重后新增 14709 个
[2026-07-11 23:39:49] 📄 https://raw.githubusercontent.com/acymz/AutoVPN/main/history/V2_202607101701.txt ✅ 解析 80 候选 → 80 个有效节点 → 去重后新增 1 个
[2026-07-11 23:39:49] 👤 遍历用户仓库: rtwo2
[2026-07-11 23:39:50]   👤 用户仓库: 5 个 → 队列[2026-07-11 23:39:50]   🍴 子仓库: 6 个 → 队列

[2026-07-11 23:39:50]   用户 Triton-ix 共查 5 个仓库[2026-07-11 23:39:50] 🔗 开始 Fork 链追踪 (pog7x/vpn-configs)

[2026-07-11 23:39:50]   用户 rtwo2 共查 0 个仓库[2026-07-11 23:39:50] 仓库在黑名单中: https://github.com/wrfree/free

[2026-07-11 23:39:50] 仓库 https://github.com/barry-far/V2ray-Config (分支: main, size: 9588268KB, pushed: 2026-07-11T14:57:43Z)[2026-07-11 23:39:50] 仓库 https://github.com/Ruk1ng001/freeSub (分支: main, size: 512KB, pushed: 2026-07-11T14:00:06Z)

[2026-07-11 23:39:50] 👤 遍历用户仓库: pog7x
[2026-07-11 23:39:50] 仓库 https://github.com/Ruk1ng001/freeSub 候选文件 4 个
[2026-07-11 23:39:50]   👤 用户仓库: 1 个 → 队列
[2026-07-11 23:39:50]   用户 pog7x 共查 1 个仓库
[2026-07-11 23:39:50] 仓库在黑名单中: https://github.com/learnhard-cn/free_proxy_ss
[2026-07-11 23:39:50] 仓库 https://github.com/xcai413/fanqiang-navigation (分支: master, size: 216KB, pushed: 2026-07-11T15:32:38Z)
[2026-07-11 23:39:51] 📄 https://raw.githubusercontent.com/acymz/AutoVPN/main/history/V2_202607101941.txt ✅ 解析 102 候选 → 102 个有效节点 → 去重后新增 4 个
[2026-07-11 23:39:51] 📄 https://raw.githubusercontent.com/Ruk1ng001/freeSub/main/clash.yaml ✅ 解析 17 候选 → 17 个有效节点 → 去重后新增 1 个
[2026-07-11 23:39:51] 仓库 https://github.com/xcai413/fanqiang-navigation 候选文件 3 个
[2026-07-11 23:39:52] 仓库 https://github.com/barry-far/V2ray-Config 候选文件 32 个
[2026-07-11 23:39:52] 🔗 查子仓库: Ruk1ng001/freeSub[2026-07-11 23:39:52] 📄 https://raw.githubusercontent.com/sevcator/5ubscrpt10n/main/working/countries/Belarus.txt ✅ 解析 47201 候选 → 47201 个有效节点 → 去重后新增 489 个

[2026-07-11 23:39:53] 🔗 查子仓库: xcai413/fanqiang-navigation
[2026-07-11 23:39:53] 🔗 开始 Fork 链追踪 (xcai413/fanqiang-navigation)[2026-07-11 23:39:53] 📄 https://raw.githubusercontent.com/barry-far/V2ray-Config/main/Base64/Sub12_base64.txt ✅ 解析 393 候选 → 393 个有效节点 → 去重后新增 24 个

[2026-07-11 23:39:54] 🔗 查子仓库: sevcator/5ubscrpt10n
[2026-07-11 23:39:54] 👤 遍历用户仓库: xcai413
[2026-07-11 23:39:55]   👤 用户仓库: 4 个 → 队列
[2026-07-11 23:39:55] 📄 https://raw.githubusercontent.com/acymz/AutoVPN/main/history/V2_202607110619.txt ✅ 解析 165 候选 → 165 个有效节点 → 去重后新增 1 个[2026-07-11 23:39:55]   用户 xcai413 共查 4 个仓库

[2026-07-11 23:39:55] 仓库 https://github.com/FreeFolksOn/abc-configs-free-vpn-proxy-list (分支: main, size: 3947KB, pushed: 2026-07-11T15:28:26Z)
[2026-07-11 23:39:55]   🍴 子仓库: 20 个 → 队列
[2026-07-11 23:39:55] 🔗 开始 Fork 链追踪 (sevcator/5ubscrpt10n)
[2026-07-11 23:39:56]   🍴 子仓库: 30 个 → 队列
[2026-07-11 23:39:56] 仓库 https://github.com/FreeFolksOn/abc-configs-free-vpn-proxy-list 候选文件 1 个[2026-07-11 23:39:56] 🔗 开始 Fork 链追踪 (Ruk1ng001/freeSub)

[2026-07-11 23:39:56] 👤 遍历用户仓库: sevcator[2026-07-11 23:39:56] 🔗 查子仓库: mheidari98/.proxy

[2026-07-11 23:39:56] 👤 遍历用户仓库: Ruk1ng001[2026-07-11 23:39:56] 📄 https://raw.githubusercontent.com/FreeFolksOn/abc-configs-free-vpn-proxy-list/main/README.md ✅ 解析 15 候选 → 15 个有效节点 → 去重后新增 1 个

[2026-07-11 23:39:56] 🔗 查子仓库: FreeFolksOn/abc-configs-free-vpn-proxy-list
[2026-07-11 23:39:56] 🔗 查子仓库: acymz/AutoVPN
[2026-07-11 23:39:56]   🍴 子仓库: 2 个 → 队列
[2026-07-11 23:39:56] 🔗 开始 Fork 链追踪 (FreeFolksOn/abc-configs-free-vpn-proxy-list)
[2026-07-11 23:39:57] 👤 遍历用户仓库: FreeFolksOn
[2026-07-11 23:39:57]   👤 用户仓库: 2 个 → 队列[2026-07-11 23:39:57]   🍴 子仓库: 24 个 → 队列

[2026-07-11 23:39:57]   👤 用户仓库: 9 个 → 队列[2026-07-11 23:39:57] 🔗 开始 Fork 链追踪 (mheidari98/.proxy)[2026-07-11 23:39:57]   用户 sevcator 共查 2 个仓库


[2026-07-11 23:39:57]   用户 Ruk1ng001 共查 9 个仓库[2026-07-11 23:39:57] 仓库 https://github.com/Thilagan-Digital/bare-metal-bootstrap (分支: main, size: 43KB, pushed: 2026-07-11T15:27:18Z)[2026-07-11 23:39:57]   用户 FreeFolksOn 共查 0 个仓库


[2026-07-11 23:39:57] 仓库 https://github.com/XHegit/FreeNodes (分支: main, size: 18042KB, pushed: 2026-07-11T15:03:46Z)[2026-07-11 23:39:57] 仓库 https://github.com/wanvfx/FreeNodes (分支: main, size: 22291KB, pushed: 2026-07-11T15:03:31Z)

[2026-07-11 23:39:57]   🍴 子仓库: 19 个 → 队列
[2026-07-11 23:39:57] 🔗 开始 Fork 链追踪 (acymz/AutoVPN)
[2026-07-11 23:39:57] 👤 遍历用户仓库: mheidari98
[2026-07-11 23:39:58] 👤 遍历用户仓库: acymz[2026-07-11 23:39:58] 仓库 https://github.com/Thilagan-Digital/bare-metal-bootstrap 候选文件 12 个
[2026-07-11 23:39:58] 仓库 https://github.com/wanvfx/FreeNodes 无候选文件 (总计 41 blob, 扩展名过滤 15, processed_shas 跳过 0, SHA 缓存跳过 26)[2026-07-11 23:39:58] 仓库 https://github.com/XHegit/FreeNodes 无候选文件 (总计 39 blob, 扩展名过滤 15, processed_shas 跳过 0, SHA 缓存跳过 24)


[2026-07-11 23:39:58] 🔗 查子仓库: wanvfx/FreeNodes[2026-07-11 23:39:59] 🔗 查子仓库: XHegit/FreeNodes

[2026-07-11 23:39:59]   👤 用户仓库: 1 个 → 队列[2026-07-11 23:39:59] 🔗 开始 Fork 链追踪 (XHegit/FreeNodes)[2026-07-11 23:39:59] 🔗 开始 Fork 链追踪 (wanvfx/FreeNodes)
[2026-07-11 23:39:59]   👤 用户仓库: 1 个 → 队列

[2026-07-11 23:39:59]   用户 mheidari98 共查 1 个仓库

[2026-07-11 23:39:59]   用户 acymz 共查 1 个仓库[2026-07-11 23:39:59] 仓库 https://github.com/wwz09/Free-servers (分支: main, size: 610022KB, pushed: 2026-07-11T15:03:04Z)

[2026-07-11 23:39:59]   父仓库: Barabama/FreeNodes[2026-07-11 23:39:59] 仓库 https://github.com/Thilagan-Digital/bare-metal-bootstrap 未提取到节点，加入黑名单
[2026-07-11 23:39:59] 仓库 https://github.com/sclyxcn/airport-free (分支: main, size: 34177KB, pushed: 2026-07-11T14:58:48Z)

[2026-07-11 23:39:59] 仓库 https://github.com/luochen1975/FreeNodes (分支: main, size: 22321KB, pushed: 2026-07-11T14:55:32Z)
[2026-07-11 23:39:59]   父仓库: Barabama/FreeNodes
[2026-07-11 23:40:00] 仓库 https://github.com/wwz09/Free-servers 无候选文件 (总计 50 blob, 扩展名过滤 17, processed_shas 跳过 32, SHA 缓存跳过 1)
[2026-07-11 23:40:00] 🔗 查子仓库: wwz09/Free-servers
[2026-07-11 23:40:00] 🔗 开始 Fork 链追踪 (wwz09/Free-servers)
[2026-07-11 23:40:00] 仓库 https://github.com/sclyxcn/airport-free 候选文件 8 个
[2026-07-11 23:40:00] 仓库 https://github.com/luochen1975/FreeNodes 无候选文件 (总计 41 blob, 扩展名过滤 15, processed_shas 跳过 0, SHA 缓存跳过 26)
[2026-07-11 23:40:00] 🔗 查子仓库: luochen1975/FreeNodes
[2026-07-11 23:40:00] 🔗 开始 Fork 链追踪 (luochen1975/FreeNodes)
[2026-07-11 23:40:00]   父仓库: Pawdroid/Free-servers
[2026-07-11 23:40:00]   父仓库: Barabama/FreeNodes
[2026-07-11 23:40:01]   🍴 兄弟仓库: 30 个 → 队列[2026-07-11 23:40:01]   🍴 兄弟仓库: 24 个 → 队列[2026-07-11 23:40:01] 📄 https://raw.githubusercontent.com/barry-far/V2ray-Config/main/All_Configs_base64_Sub.txt ✅ 解析 2727 候选 → 2727 个有效节点 → 去重后新增 2 个


[2026-07-11 23:40:01] 👤 遍历用户仓库: wanvfx
[2026-07-11 23:40:01] 👤 遍历用户仓库: XHegit
[2026-07-11 23:40:01] 👤 遍历用户仓库: luochen1975
[2026-07-11 23:40:02] 🔗 查子仓库: Leon406/SubCrawler
[2026-07-11 23:40:02]   🍴 兄弟仓库: 26 个 → 队列
[2026-07-11 23:40:02] 👤 遍历用户仓库: wwz09
[2026-07-11 23:40:03]   👤 用户仓库: 30 个 → 队列
[2026-07-11 23:40:03]   用户 wanvfx 共查 30 个仓库
[2026-07-11 23:40:03] 仓库 https://github.com/yangfh158/FreeNodes (分支: main, size: 20823KB, pushed: 2026-07-11T14:52:07Z)
[2026-07-11 23:40:03] 仓库 https://github.com/yangfh158/FreeNodes 无候选文件 (总计 41 blob, 扩展名过滤 15, processed_shas 跳过 0, SHA 缓存跳过 26)
[2026-07-11 23:40:03] 🔗 查子仓库: yangfh158/FreeNodes
[2026-07-11 23:40:03] 🔗 开始 Fork 链追踪 (yangfh158/FreeNodes)
[2026-07-11 23:40:03]   👤 用户仓库: 30 个 → 队列
[2026-07-11 23:40:03]   用户 wwz09 共查 30 个仓库
[2026-07-11 23:40:03] 仓库 https://github.com/chengege666/FreeNodes (分支: main, size: 22406KB, pushed: 2026-07-11T14:50:04Z)
[2026-07-11 23:40:03]   父仓库: Barabama/FreeNodes
[2026-07-11 23:40:04] 📄 https://raw.githubusercontent.com/sclyxcn/airport-free/main/v2ray.txt ✅ 解析 839 候选 → 839 个有效节点 → 去重后新增 19 个
[2026-07-11 23:40:04] 仓库 https://github.com/chengege666/FreeNodes 无候选文件 (总计 41 blob, 扩展名过滤 15, processed_shas 跳过 0, SHA 缓存跳过 26)
[2026-07-11 23:40:04] 🔗 查子仓库: chengege666/FreeNodes
[2026-07-11 23:40:04]   🍴 子仓库: 30 个 → 队列
[2026-07-11 23:40:04] 🔗 开始 Fork 链追踪 (Leon406/SubCrawler)
[2026-07-11 23:40:04] 🔗 开始 Fork 链追踪 (chengege666/FreeNodes)
[2026-07-11 23:40:04] 👤 遍历用户仓库: Leon406
[2026-07-11 23:40:04] 👤 遍历用户仓库: yangfh158
[2026-07-11 23:40:04]   父仓库: Barabama/FreeNodes
[2026-07-11 23:40:05]   用户 yangfh158 共查 0 个仓库
[2026-07-11 23:40:05] 🔗 查子仓库: sclyxcn/airport-free
[2026-07-11 23:40:05] 仓库 https://github.com/gwcctv/FreeNodes (分支: main, size: 20576KB, pushed: 2026-07-11T14:49:59Z)
[2026-07-11 23:40:05]   👤 用户仓库: 3 个 → 队列
[2026-07-11 23:40:05]   用户 Leon406 共查 3 个仓库
[2026-07-11 23:40:05] 仓库 https://github.com/wenxig/free-nodes-sub (分支: main, size: 11533KB, pushed: 2026-07-11T14:48:40Z)
[2026-07-11 23:40:05] 🔗 开始 Fork 链追踪 (sclyxcn/airport-free)
[2026-07-11 23:40:05] 仓库 https://github.com/wenxig/free-nodes-sub 候选文件 3 个
[2026-07-11 23:40:05] 仓库 https://github.com/gwcctv/FreeNodes 无候选文件 (总计 41 blob, 扩展名过滤 15, processed_shas 跳过 0, SHA 缓存跳过 26)
[2026-07-11 23:40:05]   父仓库: xiaoji235/airport-free[2026-07-11 23:40:05] 🔗 查子仓库: gwcctv/FreeNodes

[2026-07-11 23:40:05] 仓库在黑名单中: https://github.com/xiaoji235/airport-free
[2026-07-11 23:40:05]   父仓库 +0 个节点
[2026-07-11 23:40:05]   👤 用户仓库: 25 个 → 队列
[2026-07-11 23:40:05]   用户 luochen1975 共查 25 个仓库
[2026-07-11 23:40:05] 🔗 开始 Fork 链追踪 (gwcctv/FreeNodes)[2026-07-11 23:40:05] 仓库 https://github.com/zhuhaiuk/free-nodes (分支: main, size: 126KB, pushed: 2026-07-11T14:35:45Z)

[2026-07-11 23:40:05]   👤 用户仓库: 30 个 → 队列
[2026-07-11 23:40:06]   用户 XHegit 共查 30 个仓库
[2026-07-11 23:40:06] 仓库 https://github.com/Au1rxx/free-vpn-subscriptions (分支: main, size: 62755KB, pushed: 2026-07-11T14:27:58Z)[2026-07-11 23:40:06] 👤 遍历用户仓库: chengege666

[2026-07-11 23:40:06]   父仓库: Barabama/FreeNodes
[2026-07-11 23:40:06] 仓库 https://github.com/zhuhaiuk/free-nodes 候选文件 6 个
[2026-07-11 23:40:06] 仓库 https://github.com/Au1rxx/free-vpn-subscriptions 候选文件 32 个
[2026-07-11 23:40:07]   🍴 兄弟仓库: 30 个 → 队列
[2026-07-11 23:40:07]   👤 用户仓库: 19 个 → 队列
[2026-07-11 23:40:07] 👤 遍历用户仓库: sclyxcn[2026-07-11 23:40:07]   用户 chengege666 共查 19 个仓库

[2026-07-11 23:40:07] 仓库 https://github.com/quansilong/FreeNodes-Barabama (分支: main, size: 22859KB, pushed: 2026-07-11T14:22:54Z)
[2026-07-11 23:40:07] 📄 https://raw.githubusercontent.com/zhuhaiuk/free-nodes/main/clash_config.yaml ✅ 解析 23 候选 → 23 个有效节点 → 去重后新增 11 个
[2026-07-11 23:40:07] 👤 遍历用户仓库: gwcctv
[2026-07-11 23:40:08] 仓库 https://github.com/quansilong/FreeNodes-Barabama 候选文件 3 个[2026-07-11 23:40:08] 🔗 查子仓库: zhuhaiuk/free-nodes

[2026-07-11 23:40:08] 🔗 查子仓库: Au1rxx/free-vpn-subscriptions
[2026-07-11 23:40:08]   🍴 子仓库: 1 个 → 队列
[2026-07-11 23:40:08] 🔗 开始 Fork 链追踪 (zhuhaiuk/free-nodes)
[2026-07-11 23:40:08]   👤 用户仓库: 10 个 → 队列[2026-07-11 23:40:08] 👤 遍历用户仓库: zhuhaiuk

[2026-07-11 23:40:08] 📄 https://raw.githubusercontent.com/603711936/SmartSub/main/sub/sub_all_url_check.txt ✅ 解析 22971 候选 → 22971 个有效节点 → 去重后新增 1605 个[2026-07-11 23:40:08]   用户 sclyxcn 共查 10 个仓库

[2026-07-11 23:40:08] 📄 https://raw.githubusercontent.com/quansilong/FreeNodes-Barabama/main/nodes/simple.txt ✅ 解析 64 候选 → 64 个有效节点 → 去重后新增 1 个
[2026-07-11 23:40:08] 仓库 https://github.com/mfuu/v2ray (分支: master, size: 21KB, pushed: 2026-07-11T14:18:23Z)[2026-07-11 23:40:08] 🔗 查子仓库: quansilong/FreeNodes-Barabama

[2026-07-11 23:40:08] 📦 批次 0019 已持久化: /home/runner/work/test-college/test-college/batches/no_batch_0019.txt (6187 个节点, 累计 90597 个)
[2026-07-11 23:40:09] 🔗 查子仓库: wenxig/free-nodes-sub
[2026-07-11 23:40:09]   🍴 子仓库: 30 个 → 队列[2026-07-11 23:40:09] 🔗 开始 Fork 链追踪 (quansilong/FreeNodes-Barabama)

[2026-07-11 23:40:09] 🔗 开始 Fork 链追踪 (Au1rxx/free-vpn-subscriptions)
[2026-07-11 23:40:09]   👤 用户仓库: 1 个 → 队列
[2026-07-11 23:40:09]   用户 zhuhaiuk 共查 1 个仓库
[2026-07-11 23:40:09] 仓库 https://github.com/DXFH/clash-free-cleaner (分支: main, size: 1917003KB, pushed: 2026-07-11T14:17:33Z)
[2026-07-11 23:40:09] 仓库 https://github.com/mfuu/v2ray 候选文件 3 个[2026-07-11 23:40:09] ⚠️ Worker 异常: 603711936/SmartSub: dictionary changed size during iteration

[2026-07-11 23:40:09] 仓库 https://github.com/josephGuo/proxypool (分支: main, size: 48637KB, pushed: 2026-07-11T13:43:04Z)
[2026-07-11 23:40:09]   父仓库: Barabama/FreeNodes
[2026-07-11 23:40:09] 👤 遍历用户仓库: Au1rxx
[2026-07-11 23:40:09]   🍴 子仓库: 9 个 → 队列
[2026-07-11 23:40:09] 🔗 开始 Fork 链追踪 (wenxig/free-nodes-sub)
[2026-07-11 23:40:09] 仓库 https://github.com/DXFH/clash-free-cleaner 候选文件较多 (172 个)，先通过 commits API 过滤
[2026-07-11 23:40:09] 仓库 https://github.com/josephGuo/proxypool 无候选文件 (总计 39 blob, 扩展名过滤 24, processed_shas 跳过 3, SHA 缓存跳过 12)
[2026-07-11 23:40:09] 🔗 查子仓库: josephGuo/proxypool
[2026-07-11 23:40:09] 👤 遍历用户仓库: wenxig
[2026-07-11 23:40:09]   👤 用户仓库: 5 个 → 队列
[2026-07-11 23:40:09]   用户 Au1rxx 共查 5 个仓库
[2026-07-11 23:40:09] 仓库 https://github.com/PENZA84/free-node (分支: main, size: 25360KB, pushed: 2026-07-11T13:42:55Z)
[2026-07-11 23:40:09] 🔗 开始 Fork 链追踪 (josephGuo/proxypool)
[2026-07-11 23:40:09] 🔗 查子仓库: mfuu/v2ray
[2026-07-11 23:40:09] 🔗 查子仓库: barry-far/V2ray-Config
[2026-07-11 23:40:09]   👤 用户仓库: 1 个 → 队列
[2026-07-11 23:40:09]   用户 wenxig 共查 1 个仓库
[2026-07-11 23:40:09] 仓库 https://github.com/Matrixstar2000/FastNodes (分支: main, size: 1578481KB, pushed: 2026-07-11T13:32:31Z)
[2026-07-11 23:40:09] 👤 遍历用户仓库: quansilong
[2026-07-11 23:40:09]   父仓库: snakem982/proxypool
[2026-07-11 23:40:09] 仓库 https://github.com/PENZA84/free-node 候选文件 1 个
[2026-07-11 23:40:09] 🔗 查子仓库: PENZA84/free-node
[2026-07-11 23:40:10] 🔗 开始 Fork 链追踪 (PENZA84/free-node)
[2026-07-11 23:40:10] 仓库 https://github.com/Matrixstar2000/FastNodes 候选文件 86 个
[2026-07-11 23:40:10] 📄 https://raw.githubusercontent.com/Matrixstar2000/FastNodes/main/sub/Best-Results/top50.txt ✅ 解析 49 候选 → 49 个有效节点 → 去重后新增 2 个
[2026-07-11 23:40:10] 📄 https://raw.githubusercontent.com/Matrixstar2000/FastNodes/main/sub/Best-Results/top100.txt ✅ 解析 98 候选 → 98 个有效节点 → 去重后新增 4 个[2026-07-11 23:40:10]   父仓库: HakurouKen/free-node

[2026-07-11 23:40:10] 📄 https://raw.githubusercontent.com/Matrixstar2000/FastNodes/main/sub/Best-Results/top200.txt ✅ 解析 193 候选 → 193 个有效节点 → 去重后新增 4 个
[2026-07-11 23:40:10] ⚠️ 并行下载异常: sub/Best-Results/top50.json: 'utf-8' codec can't encode characters in position 0-1: surrogates not allowed
[2026-07-11 23:40:10] 📄 https://raw.githubusercontent.com/Matrixstar2000/FastNodes/main/sub/countries/AT.txt ✅ 解析 102 候选 → 102 个有效节点 → 去重后新增 3 个
[2026-07-11 23:40:10]   👤 用户仓库: 30 个 → 队列[2026-07-11 23:40:10] 📄 https://raw.githubusercontent.com/Matrixstar2000/FastNodes/main/sub/countries/AU.txt ✅ 解析 92 候选 → 92 个有效节点 → 去重后新增 9 个

[2026-07-11 23:40:10] ⚠️ 并行下载异常: sub/countries/AU.json: 'utf-8' codec can't encode characters in position 0-3: surrogates not allowed[2026-07-11 23:40:10]   用户 gwcctv 共查 30 个仓库

[2026-07-11 23:40:11] ⚠️ 并行下载异常: sub/countries/AE.json: 'utf-8' codec can't encode characters in position 0-3: surrogates not allowed[2026-07-11 23:40:11] 📄 https://raw.githubusercontent.com/Matrixstar2000/FastNodes/main/sub/countries/AE.txt ✅ 解析 216 候选 → 216 个有效节点 → 去重后新增 14 个

[2026-07-11 23:40:11] 📄 https://raw.githubusercontent.com/Matrixstar2000/FastNodes/main/sub/countries/CZ.txt ✅ 解析 104 候选 → 104 个有效节点 → 去重后新增 9 个[2026-07-11 23:40:11] 仓库 https://github.com/davidchim/proxypool (分支: main, size: 48613KB, pushed: 2026-07-11T13:25:05Z)[2026-07-11 23:40:11]   🍴 兄弟仓库: 21 个 → 队列[2026-07-11 23:40:11] 📄 https://raw.githubusercontent.com/Matrixstar2000/FastNodes/main/sub/countries/ES.txt ✅ 解析 108 候选 → 108 个有效节点 → 去重后新增 9 个[2026-07-11 23:40:11] ⚠️ 并行下载异常: sub/Best-Results/top200.json: 'utf-8' codec can't encode characters in position 0-1: surrogates not allowed

[2026-07-11 23:40:11] 📄 https://raw.githubusercontent.com/Matrixstar2000/FastNodes/main/sub/countries/EE.txt ✅ 解析 115 候选 → 115 个有效节点 → 去重后新增 9 个[2026-07-11 23:40:11] 📄 https://raw.githubusercontent.com/Matrixstar2000/FastNodes/main/sub/countries/CH.txt ✅ 解析 351 候选 → 351 个有效节点 → 去重后新增 18 个



[2026-07-11 23:40:11]   🍴 子仓库: 30 个 → 队列[2026-07-11 23:40:11] 📄 https://raw.githubusercontent.com/Matrixstar2000/FastNodes/main/sub/countries/CA.txt ✅ 解析 478 候选 → 478 个有效节点 → 去重后新增 18 个
[2026-07-11 23:40:11]   🍴 兄弟仓库: 18 个 → 队列[2026-07-11 23:40:12]   🍴 子仓库: 30 个 → 队列
[2026-07-11 23:40:12] ⚠️ 并行下载异常: sub/Best-Results/top150.json: 'utf-8' codec can't encode characters in position 0-3: surrogates not allowed
[2026-07-11 23:40:12] 👤 遍历用户仓库: josephGuo



[2026-07-11 23:40:12] 🔗 开始 Fork 链追踪 (mfuu/v2ray)[2026-07-11 23:40:12] 👤 遍历用户仓库: PENZA84[2026-07-11 23:40:12] ⚠️ 并行下载异常: sub/countries/CZ.json: 'utf-8' codec can't encode characters in position 0-3: surrogates not allowed
[2026-07-11 23:40:12] 📄 https://raw.githubusercontent.com/Matrixstar2000/FastNodes/main/sub/countries/ID.txt ✅ 解析 19 候选 → 19 个有效节点 → 去重后新增 2 个[2026-07-11 23:40:12] 仓库 https://github.com/davidchim/proxypool 无候选文件 (总计 38 blob, 扩展名过滤 24, processed_shas 跳过 3, SHA 缓存跳过 11)[2026-07-11 23:40:12] 🔗 开始 Fork 链追踪 (barry-far/V2ray-Config)




[2026-07-11 23:40:12] 📄 https://raw.githubusercontent.com/Matrixstar2000/FastNodes/main/sub/countries/IN.txt ✅ 解析 103 候选 → 103 个有效节点 → 去重后新增 16 个[2026-07-11 23:40:12] 📄 https://raw.githubusercontent.com/Matrixstar2000/FastNodes/main/sub/countries/IE.txt ✅ 解析 121 候选 → 121 个有效节点 → 去重后新增 13 个[2026-07-11 23:40:13] 📄 https://raw.githubusercontent.com/Matrixstar2000/FastNodes/main/sub/countries/IQ.txt ✅ 解析 11 候选 → 11 个有效节点 → 去重后新增 1 个[2026-07-11 23:40:13] ⚠️ 并行下载异常: sub/countries/CH.json: 'utf-8' codec can't encode characters in position 0-3: surrogates not allowed
[2026-07-11 23:40:13] 📄 https://raw.githubusercontent.com/Matrixstar2000/FastNodes/main/sub/countries/FI.txt ✅ 解析 640 候选 → 640 个有效节点 → 去重后新增 34 个

[2026-07-11 23:40:13] 🔗 查子仓库: davidchim/proxypool[2026-07-11 23:40:13] 👤 遍历用户仓库: mfuu
[2026-07-11 23:40:13] ⚠️ 并行下载异常: sub/countries/ES.json: 'utf-8' codec can't encode characters in position 0-3: surrogates not allowed[2026-07-11 23:40:14] 👤 遍历用户仓库: barry-far

[2026-07-11 23:40:14] ⏱️ [22/122] v2rayN pushed:>2026-07-10T15:34:46Z fork:true -language:HTML | 208s | +53080

[2026-07-11 23:40:14] ⚠️ 并行下载异常: sub/countries/CA.json: 'utf-8' codec can't encode characters in position 0-3: surrogates not allowed


[2026-07-11 23:40:15] ⚠️ 并行下载异常: sub/countries/ID.json: 'utf-8' codec can't encode characters in position 0-3: surrogates not allowed
[2026-07-11 23:40:15] ⚠️ 并行下载异常: sub/countries/CN.json: 'utf-8' codec can't encode characters in position 0-3: surrogates not allowed
[2026-07-11 23:40:15] ⚠️ 并行下载异常: sub/countries/IN.json: 'utf-8' codec can't encode characters in position 0-3: surrogates not allowed
[2026-07-11 23:40:15] 🔗 开始 Fork 链追踪 (davidchim/proxypool)
[2026-07-11 23:40:15]   👤 用户仓库: 3 个 → 队列
[2026-07-11 23:40:15]   父仓库: snakem982/proxypool
[2026-07-11 23:40:16]   用户 barry-far 共查 3 个仓库
[2026-07-11 23:40:17] 仓库 https://github.com/HakurouKen/free-node (分支: main, size: 25355KB, pushed: 2026-07-11T13:24:18Z)
[2026-07-11 23:40:17]   👤 用户仓库: 3 个 → 队列
[2026-07-11 23:40:18]   用户 mfuu 共查 3 个仓库
[2026-07-11 23:40:18] 仓库 https://github.com/daguhe/airport-free (分支: main, size: 33350KB, pushed: 2026-07-11T13:22:59Z)
[2026-07-11 23:40:19]   👤 用户仓库: 30 个 → 队列
[2026-07-11 23:40:19]   用户 quansilong 共查 30 个仓库
[2026-07-11 23:40:19] 仓库 https://github.com/rtwo2/FastNodes (分支: main, size: 1574912KB, pushed: 2026-07-11T13:19:37Z)
[2026-07-11 23:40:20] 👤 遍历用户仓库: davidchim
[2026-07-11 23:40:20]   Compare API 返回 180 个变更文件 (3 次 API 调用)[2026-07-11 23:40:20]   👤 用户仓库: 30 个 → 队列

[2026-07-11 23:40:20]   commits 过滤: 172 → 172 (变更文件 180 个)
[2026-07-11 23:40:20]   用户 josephGuo 共查 30 个仓库
[2026-07-11 23:40:20] 仓库 https://github.com/snakem982/proxypool (分支: main, size: 48613KB, pushed: 2026-07-11T12:59:11Z)[2026-07-11 23:40:20] 仓库 https://github.com/DXFH/clash-free-cleaner 候选文件 172 个
[2026-07-11 23:40:20]   👤 用户仓库: 30 个 → 队列

[2026-07-11 23:40:20]   用户 PENZA84 共查 30 个仓库
[2026-07-11 23:40:20] 仓库 https://github.com/OREGYR/airport-free (分支: main, size: 32670KB, pushed: 2026-07-11T12:58:31Z)
[2026-07-11 23:40:20] 仓库 https://github.com/daguhe/airport-free 候选文件 3 个
[2026-07-11 23:40:21] ⚠️ 并行下载异常: sub/Best-Results/top100.json: 'utf-8' codec can't encode characters in position 0-1: surrogates not allowed
[2026-07-11 23:40:22] 仓库 https://github.com/HakurouKen/free-node 候选文件 1 个
[2026-07-11 23:40:22] 仓库 https://github.com/OREGYR/airport-free 候选文件 3 个
[2026-07-11 23:40:23] 仓库 https://github.com/snakem982/proxypool 无候选文件 (总计 38 blob, 扩展名过滤 24, processed_shas 跳过 3, SHA 缓存跳过 11)[2026-07-11 23:40:23] ⚠️ 并行下载异常: sub/countries/FI.json: 'utf-8' codec can't encode characters in position 0-3: surrogates not allowed

[2026-07-11 23:40:23] 🔗 查子仓库: snakem982/proxypool
[2026-07-11 23:40:23] ⚠️ 并行下载异常: sub/countries/AL.json: 'utf-8' codec can't encode characters in position 0-3: surrogates not allowed
[2026-07-11 23:40:23] 🔗 查子仓库: HakurouKen/free-node
[2026-07-11 23:40:23] 📄 https://raw.githubusercontent.com/DXFH/clash-free-cleaner/main/sub/countries/AL.txt ✅ 解析 22 候选 → 22 个有效节点 → 去重后新增 1 个
[2026-07-11 23:40:23] ⚠️ 并行下载异常: sub/Best-Results/top150.json: 'utf-8' codec can't encode characters in position 0-3: surrogates not allowed
[2026-07-11 23:40:23] ⚠️ 并行下载异常: sub/Best-Results/top200.json: 'utf-8' codec can't encode characters in position 0-3: surrogates not allowed
[2026-07-11 23:40:23] 仓库 https://github.com/rtwo2/FastNodes 无候选文件 (总计 245 blob, 扩展名过滤 14, processed_shas 跳过 183, SHA 缓存跳过 48)
[2026-07-11 23:40:23] 🔗 查子仓库: rtwo2/FastNodes
[2026-07-11 23:40:23] 📄 https://raw.githubusercontent.com/DXFH/clash-free-cleaner/main/sub/countries/AM.txt ✅ 解析 72 候选 → 72 个有效节点 → 去重后新增 1 个
[2026-07-11 23:40:23] ⚠️ 并行下载异常: sub/countries/IT.json: 'utf-8' codec can't encode characters in position 0-3: surrogates not allowed
[2026-07-11 23:40:23] 📄 https://raw.githubusercontent.com/DXFH/clash-free-cleaner/main/sub/Best-Results/top150.txt ✅ 解析 146 候选 → 146 个有效节点 → 去重后新增 2 个
[2026-07-11 23:40:23] ⚠️ 并行下载异常: sub/countries/HK.json: 'utf-8' codec can't encode characters in position 0-3: surrogates not allowed
[2026-07-11 23:40:23] 📄 https://raw.githubusercontent.com/DXFH/clash-free-cleaner/main/sub/Best-Results/top200.txt ✅ 解析 195 候选 → 195 个有效节点 → 去重后新增 11 个
[2026-07-11 23:40:23] 📄 https://raw.githubusercontent.com/Matrixstar2000/FastNodes/main/sub/countries/IT.txt ✅ 解析 185 候选 → 185 个有效节点 → 去重后新增 12 个
[2026-07-11 23:40:23] 🔗 开始 Fork 链追踪 (rtwo2/FastNodes)
[2026-07-11 23:40:23] 🔗 开始 Fork 链追踪 (HakurouKen/free-node)
[2026-07-11 23:40:23] 👤 遍历用户仓库: rtwo2
[2026-07-11 23:40:24] 👤 遍历用户仓库: HakurouKen
[2026-07-11 23:40:24]   用户 rtwo2 共查 0 个仓库
[2026-07-11 23:40:24] 仓库 https://github.com/hansenlandun-prog/freeproxy-node-sub (分支: main, size: 67939KB, pushed: 2026-07-11T12:51:48Z)
[2026-07-11 23:40:24] 🔗 开始 Fork 链追踪 (snakem982/proxypool)
[2026-07-11 23:40:24] ⚠️ 并行下载异常: sub/countries/DE.json: 'utf-8' codec can't encode characters in position 0-3: surrogates not allowed
[2026-07-11 23:40:24] ⚠️ 并行下载异常: sub/countries/BE.json: 'utf-8' codec can't encode characters in position 0-3: surrogates not allowed
[2026-07-11 23:40:24] 📄 https://raw.githubusercontent.com/DXFH/clash-free-cleaner/main/sub/countries/BR.txt ✅ 解析 67 候选 → 67 个有效节点 → 去重后新增 8 个
[2026-07-11 23:40:24] 📄 https://raw.githubusercontent.com/DXFH/clash-free-cleaner/main/sub/countries/BG.txt ✅ 解析 113 候选 → 113 个有效节点 → 去重后新增 23 个
[2026-07-11 23:40:24] ⚠️ 并行下载异常: sub/countries/JP.json: 'utf-8' codec can't encode characters in position 0-3: surrogates not allowed
[2026-07-11 23:40:24] ⚠️ 并行下载异常: sub/countries/BG.json: 'utf-8' codec can't encode characters in position 0-3: surrogates not allowed
[2026-07-11 23:40:24] ⚠️ 并行下载异常: sub/countries/KR.json: 'utf-8' codec can't encode characters in position 0-3: surrogates not allowed[2026-07-11 23:40:24] 📄 https://raw.githubusercontent.com/Matrixstar2000/FastNodes/main/sub/countries/HK.txt ✅ 解析 1007 候选 → 1007 个有效节点 → 去重后新增 41 个

[2026-07-11 23:40:24] 👤 遍历用户仓库: snakem982
[2026-07-11 23:40:25]   用户 snakem982 共查 0 个仓库
[2026-07-11 23:40:25] 仓库 https://github.com/granttrumanus-tech/free-nodes (分支: main, size: 126KB, pushed: 2026-07-11T12:12:42Z)
[2026-07-11 23:40:25]   👤 用户仓库: 30 个 → 队列
[2026-07-11 23:40:25]   用户 davidchim 共查 30 个仓库
[2026-07-11 23:40:25] 仓库 https://github.com/lerjtl/Testfree (分支: main, size: 628KB, pushed: 2026-07-11T12:01:01Z)
[2026-07-11 23:40:26]   👤 用户仓库: 30 个 → 队列
[2026-07-11 23:40:26]   用户 HakurouKen 共查 30 个仓库
[2026-07-11 23:40:26] 仓库 https://github.com/githubwubian/proxypool (分支: main, size: 48608KB, pushed: 2026-07-11T11:38:06Z)
[2026-07-11 23:40:26] ⚠️ 并行下载异常: sub/countries/LV.json: 'utf-8' codec can't encode characters in position 0-3: surrogates not allowed
[2026-07-11 23:40:26] 仓库 https://github.com/granttrumanus-tech/free-nodes 候选文件 2 个
[2026-07-11 23:40:28] ⏱️ [23/122] v2rayNG pushed:>2026-07-10T15:34:46Z fork:true -language:HTM | 14s | +100
[2026-07-11 23:40:29] 仓库 https://github.com/lerjtl/Testfree 候选文件 2 个
[2026-07-11 23:40:30] 仓库 https://github.com/githubwubian/proxypool 候选文件 3 个
[2026-07-11 23:40:30] 仓库 https://github.com/hansenlandun-prog/freeproxy-node-sub 候选文件 2 个
[2026-07-11 23:40:33] 📄 https://raw.githubusercontent.com/granttrumanus-tech/free-nodes/main/clash_config.yaml ✅ 解析 15 候选 → 15 个有效节点 → 去重后新增 6 个
[2026-07-11 23:40:33] 🔗 查子仓库: lerjtl/Testfree
[2026-07-11 23:40:33] ⚠️ 并行下载异常: sub/countries/CY.json: 'utf-8' codec can't encode characters in position 0-3: surrogates not allowed
[2026-07-11 23:40:33] 📄 https://raw.githubusercontent.com/Matrixstar2000/FastNodes/main/sub/countries/KR.txt ✅ 解析 562 候选 → 562 个有效节点 → 去重后新增 19 个
[2026-07-11 23:40:33] ⚠️ 并行下载异常: sub/countries/MD.json: 'utf-8' codec can't encode characters in position 0-3: surrogates not allowed[2026-07-11 23:40:33] ⚠️ 并行下载异常: sub/countries/CN.json: 'utf-8' codec can't encode characters in position 0-3: surrogates not allowed

[2026-07-11 23:40:33] ⚠️ 并行下载异常: sub/countries/IR.json: 'utf-8' codec can't encode characters in position 0-3: surrogates not allowed
[2026-07-11 23:40:33] ⚠️ 并行下载异常: sub/countries/CA.json: 'utf-8' codec can't encode characters in position 0-3: surrogates not allowed
[2026-07-11 23:40:33] 📄 https://raw.githubusercontent.com/DXFH/clash-free-cleaner/main/sub/countries/CY.txt ✅ 解析 180 候选 → 180 个有效节点 → 去重后新增 7 个
[2026-07-11 23:40:33] ⚠️ 并行下载异常: sub/countries/FR.json: 'utf-8' codec can't encode characters in position 0-3: surrogates not allowed
[2026-07-11 23:40:33]   🍴 子仓库: 1 个 → 队列
[2026-07-11 23:40:33] 🔗 开始 Fork 链追踪 (lerjtl/Testfree)
[2026-07-11 23:40:33] 👤 遍历用户仓库: lerjtl
[2026-07-11 23:40:34]   用户 lerjtl 共查 0 个仓库
[2026-07-11 23:40:34] 仓库 https://github.com/wang1680/proxypool (分支: main, size: 48608KB, pushed: 2026-07-11T10:19:05Z)
[2026-07-11 23:40:36] ⚠️ 并行下载异常: sub/countries/DE.json: 'utf-8' codec can't encode characters in position 0-3: surrogates not allowed
[2026-07-11 23:40:36] 🔗 查子仓库: granttrumanus-tech/free-nodes
[2026-07-11 23:40:36] ⚠️ 并行下载异常: sub/countries/GB.json: 'utf-8' codec can't encode characters in position 0-3: surrogates not allowed
[2026-07-11 23:40:36] 仓库 https://github.com/wang1680/proxypool 无候选文件 (总计 38 blob, 扩展名过滤 24, processed_shas 跳过 2, SHA 缓存跳过 12)
[2026-07-11 23:40:36] 🔗 查子仓库: wang1680/proxypool
[2026-07-11 23:40:36] 📄 https://raw.githubusercontent.com/Matrixstar2000/FastNodes/main/sub/countries/MD.txt ✅ 解析 220 候选 → 220 个有效节点 → 去重后新增 6 个
[2026-07-11 23:40:36] ⚠️ 并行下载异常: sub/countries/LT.json: 'utf-8' codec can't encode characters in position 0-3: surrogates not allowed
[2026-07-11 23:40:36] 📄 https://raw.githubusercontent.com/Matrixstar2000/FastNodes/main/sub/countries/LT.txt ✅ 解析 485 候选 → 485 个有效节点 → 去重后新增 11 个
[2026-07-11 23:40:36] ⚠️ 并行下载异常: sub/countries/RO.json: 'utf-8' codec can't encode characters in position 0-3: surrogates not allowed
[2026-07-11 23:40:36] 🔗 开始 Fork 链追踪 (granttrumanus-tech/free-nodes)
[2026-07-11 23:40:36] 🔗 开始 Fork 链追踪 (wang1680/proxypool)
[2026-07-11 23:40:37]   父仓库: zhuhaiuk/free-nodes
[2026-07-11 23:40:37]   父仓库: snakem982/proxypool
[2026-07-11 23:40:37] 👤 遍历用户仓库: granttrumanus-tech
[2026-07-11 23:40:37]   用户 granttrumanus-tech 共查 0 个仓库
[2026-07-11 23:40:38] 仓库 https://github.com/MS33834/freenode (分支: main, size: 936KB, pushed: 2026-07-11T09:44:42Z)
[2026-07-11 23:40:39] 👤 遍历用户仓库: wang1680
[2026-07-11 23:40:41] ⚠️ 并行下载异常: sub/countries/HR.json: 'utf-8' codec can't encode characters in position 0-3: surrogates not allowed
[2026-07-11 23:40:41] ⚠️ 并行下载异常: sub/countries/PL.json: 'utf-8' codec can't encode characters in position 0-3: surrogates not allowed
[2026-07-11 23:40:41] ⚠️ 并行下载异常: sub/countries/FI.json: 'utf-8' codec can't encode characters in position 0-3: surrogates not allowed
[2026-07-11 23:40:41] ⚠️ 并行下载异常: sub/countries/HU.json: 'utf-8' codec can't encode characters in position 0-3: surrogates not allowed
[2026-07-11 23:40:41] ⚠️ 并行下载异常: sub/countries/ID.json: 'utf-8' codec can't encode characters in position 0-3: surrogates not allowed
[2026-07-11 23:40:41] 📄 https://raw.githubusercontent.com/Matrixstar2000/FastNodes/main/sub/countries/RO.txt ✅ 解析 236 候选 → 236 个有效节点 → 去重后新增 31 个
[2026-07-11 23:40:41] 📄 https://raw.githubusercontent.com/DXFH/clash-free-cleaner/main/sub/countries/HU.txt ✅ 解析 32 候选 → 32 个有效节点 → 去重后新增 3 个
[2026-07-11 23:40:41] 仓库 https://github.com/MS33834/freenode 候选文件 20 个
[2026-07-11 23:40:41] 🔗 查子仓库: githubwubian/proxypool
[2026-07-11 23:40:41]   👤 用户仓库: 30 个 → 队列
[2026-07-11 23:40:41]   用户 wang1680 共查 30 个仓库
[2026-07-11 23:40:41] 仓库 https://github.com/twj0/subseek (分支: master, size: 62660KB, pushed: 2026-07-11T09:08:22Z)
[2026-07-11 23:40:41] 🔗 开始 Fork 链追踪 (githubwubian/proxypool)
[2026-07-11 23:40:42]   父仓库: snakem982/proxypool
[2026-07-11 23:40:42] 🔗 查子仓库: daguhe/airport-free
[2026-07-11 23:40:42] 📄 https://raw.githubusercontent.com/Matrixstar2000/FastNodes/main/sub/countries/PL.txt ✅ 解析 375 候选 → 375 个有效节点 → 去重后新增 16 个
[2026-07-11 23:40:42] 📄 https://raw.githubusercontent.com/Matrixstar2000/FastNodes/main/sub/countries/JP.txt ✅ 解析 1125 候选 → 1125 个有效节点 → 去重后新增 55 个
[2026-07-11 23:40:42] 📄 https://raw.githubusercontent.com/DXFH/clash-free-cleaner/main/sub/countries/IL.txt ✅ 解析 22 候选 → 22 个有效节点 → 去重后新增 1 个
[2026-07-11 23:40:42] 📄 https://raw.githubusercontent.com/Matrixstar2000/FastNodes/main/sub/countries/LV.txt ✅ 解析 500 候选 → 500 个有效节点 → 去重后新增 4 个
[2026-07-11 23:40:42] 📄 https://raw.githubusercontent.com/Matrixstar2000/FastNodes/main/sub/countries/IR.txt ✅ 解析 924 候选 → 924 个有效节点 → 去重后新增 42 个
[2026-07-11 23:40:42] ⚠️ 并行下载异常: sub/countries/HK.json: 'utf-8' codec can't encode characters in position 0-3: surrogates not allowed
[2026-07-11 23:40:42] 仓库 https://github.com/MS33834/freenode 未提取到节点，加入黑名单
[2026-07-11 23:40:42] 仓库 https://github.com/yafeisun/v2raynode (分支: main, size: 64679KB, pushed: 2026-07-11T08:52:04Z)
[2026-07-11 23:40:42] 🔗 开始 Fork 链追踪 (daguhe/airport-free)
[2026-07-11 23:40:43]   父仓库: xiaoji235/airport-free
[2026-07-11 23:40:43] 仓库在黑名单中: https://github.com/xiaoji235/airport-free
[2026-07-11 23:40:43]   父仓库 +0 个节点
[2026-07-11 23:40:43] 👤 遍历用户仓库: githubwubian
[2026-07-11 23:40:44]   🍴 兄弟仓库: 26 个 → 队列
[2026-07-11 23:40:44] 👤 遍历用户仓库: daguhe
[2026-07-11 23:40:44]   👤 用户仓库: 24 个 → 队列
[2026-07-11 23:40:44]   用户 githubwubian 共查 24 个仓库
[2026-07-11 23:40:44] 仓库 https://github.com/fushuain-collab/free-nodes (分支: main, size: 55KB, pushed: 2026-07-11T08:29:59Z)
[2026-07-11 23:40:44]   用户 daguhe 共查 0 个仓库
[2026-07-11 23:40:44] 仓库 https://github.com/amansh2/askdocs (分支: main, size: 25KB, pushed: 2026-07-11T07:41:07Z)
[2026-07-11 23:40:46] 仓库 https://github.com/fushuain-collab/free-nodes 候选文件 1 个
[2026-07-11 23:40:48] ⚠️ 并行下载异常: sub/countries/SE.json: 'utf-8' codec can't encode characters in position 0-3: surrogates not allowed
[2026-07-11 23:40:50] 仓库 https://github.com/amansh2/askdocs 候选文件 12 个
[2026-07-11 23:40:50] ⚠️ 并行下载异常: sub/countries/IN.json: 'utf-8' codec can't encode characters in position 0-3: surrogates not allowed
[2026-07-11 23:40:50] ⚠️ 并行下载异常: sub/countries/GB.json: 'utf-8' codec can't encode characters in position 0-3: surrogates not allowed
[2026-07-11 23:40:50] 🔗 查子仓库: fushuain-collab/free-nodes
[2026-07-11 23:40:50] ⚠️ 并行下载异常: sub/countries/TW.json: 'utf-8' codec can't encode characters in position 0-3: surrogates not allowed
[2026-07-11 23:40:50] ⚠️ 并行下载异常: sub/countries/IT.json: 'utf-8' codec can't encode characters in position 0-3: surrogates not allowed
[2026-07-11 23:40:50] 仓库 https://github.com/amansh2/askdocs 未提取到节点，加入黑名单
[2026-07-11 23:40:50] 仓库 https://github.com/micadibugit/free-vpn-subscriptions (分支: main, size: 61454KB, pushed: 2026-07-11T07:31:03Z)
[2026-07-11 23:40:50] 📄 https://raw.githubusercontent.com/Matrixstar2000/FastNodes/main/sub/countries/TW.txt ✅ 解析 177 候选 → 177 个有效节点 → 去重后新增 31 个
[2026-07-11 23:40:50] ⚠️ 并行下载异常: sub/countries/FR.json: 'utf-8' codec can't encode characters in position 0-3: surrogates not allowed
[2026-07-11 23:40:50] ⚠️ 并行下载异常: sub/countries/KZ.json: 'utf-8' codec can't encode characters in position 0-3: surrogates not allowed
[2026-07-11 23:40:50] 📄 https://raw.githubusercontent.com/DXFH/clash-free-cleaner/main/sub/countries/FI.txt ✅ 解析 643 候选 → 643 个有效节点 → 去重后新增 3 个
[2026-07-11 23:40:50] ⚠️ 并行下载异常: sub/countries/NL.json: 'utf-8' codec can't encode characters in position 0-3: surrogates not allowed
[2026-07-11 23:40:50] 📄 https://raw.githubusercontent.com/Matrixstar2000/FastNodes/main/sub/countries/GB.txt ✅ 解析 1268 候选 → 1268 个有效节点 → 去重后新增 53 个
[2026-07-11 23:40:50] 🔗 开始 Fork 链追踪 (fushuain-collab/free-nodes)
[2026-07-11 23:40:50] 📄 https://raw.githubusercontent.com/Matrixstar2000/FastNodes/main/sub/countries/SE.txt ✅ 解析 443 候选 → 443 个有效节点 → 去重后新增 31 个
[2026-07-11 23:40:50] 👤 遍历用户仓库: fushuain-collab
[2026-07-11 23:40:51]   👤 用户仓库: 7 个 → 队列
[2026-07-11 23:40:51]   用户 fushuain-collab 共查 7 个仓库
[2026-07-11 23:40:51] 仓库 https://github.com/aditibh19/Prep-Ai (分支: main, size: 3000KB, pushed: 2026-07-11T06:26:33Z)
[2026-07-11 23:40:56] 仓库 https://github.com/twj0/subseek 候选文件 3 个
[2026-07-11 23:40:56] 📄 https://raw.githubusercontent.com/Matrixstar2000/FastNodes/main/sub/countries/VN.txt ✅ 解析 78 候选 → 78 个有效节点 → 去重后新增 2 个
[2026-07-11 23:40:56] 仓库 https://github.com/micadibugit/free-vpn-subscriptions 候选文件 35 个
[2026-07-11 23:40:56] 📄 https://raw.githubusercontent.com/Matrixstar2000/FastNodes/main/sub/countries/SG.txt ✅ 解析 1014 候选 → 1014 个有效节点 → 去重后新增 60 个
[2026-07-11 23:40:57] 📄 https://raw.githubusercontent.com/DXFH/clash-free-cleaner/main/sub/countries/LU.txt ✅ 解析 86 候选 → 86 个有效节点 → 去重后新增 3 个
[2026-07-11 23:40:59] 🔗 查子仓库: OREGYR/airport-free
[2026-07-11 23:40:59] ⚠️ 并行下载异常: sub/countries/LU.json: 'utf-8' codec can't encode characters in position 0-3: surrogates not allowed
[2026-07-11 23:40:59] 🔗 开始 Fork 链追踪 (OREGYR/airport-free)
[2026-07-11 23:40:59] ⚠️ 并行下载异常: sub/countries/VN.json: 'utf-8' codec can't encode characters in position 0-3: surrogates not allowed
[2026-07-11 23:41:02]   父仓库: xiaoji235/airport-free
[2026-07-11 23:41:02] 仓库在黑名单中: https://github.com/xiaoji235/airport-free
[2026-07-11 23:41:02]   父仓库 +0 个节点
[2026-07-11 23:41:04] 👤 遍历用户仓库: OREGYR
[2026-07-11 23:41:05]   👤 用户仓库: 11 个 → 队列
[2026-07-11 23:41:05]   用户 OREGYR 共查 11 个仓库
[2026-07-11 23:41:05] 仓库 https://github.com/rrzt/FreeNodes (分支: main, size: 22847KB, pushed: 2026-07-11T06:18:14Z)
[2026-07-11 23:41:05] 仓库 https://github.com/aditibh19/Prep-Ai 候选文件 27 个
[2026-07-11 23:41:15] 📄 https://raw.githubusercontent.com/DXFH/clash-free-cleaner/main/sub/countries/KZ.txt ✅ 解析 126 候选 → 126 个有效节点 → 去重后新增 3 个
[2026-07-11 23:41:17] 仓库 https://github.com/aditibh19/Prep-Ai 未提取到节点，加入黑名单
[2026-07-11 23:41:18] 仓库 https://github.com/viereck-lan/FreeNodes (分支: main, size: 24429KB, pushed: 2026-07-11T06:16:19Z)
[2026-07-11 23:41:24] 📄 https://raw.githubusercontent.com/Matrixstar2000/FastNodes/main/sub/countries/FR.txt ✅ 解析 1784 候选 → 1784 个有效节点 → 去重后新增 65 个
[2026-07-11 23:41:36] 仓库 https://github.com/rrzt/FreeNodes 无候选文件 (总计 44 blob, 扩展名过滤 16, processed_shas 跳过 0, SHA 缓存跳过 28)
[2026-07-11 23:41:36] 🔗 查子仓库: rrzt/FreeNodes
[2026-07-11 23:41:37] 🔗 开始 Fork 链追踪 (rrzt/FreeNodes)
[2026-07-11 23:41:38]   父仓库: Barabama/FreeNodes
[2026-07-11 23:41:41] 👤 遍历用户仓库: rrzt
[2026-07-11 23:41:43]   👤 用户仓库: 30 个 → 队列
[2026-07-11 23:41:43]   用户 rrzt 共查 30 个仓库
[2026-07-11 23:41:43] 仓库 https://github.com/cyj4215/FreeNodes (分支: main, size: 22833KB, pushed: 2026-07-11T06:15:45Z)
[2026-07-11 23:41:47] 仓库 https://github.com/viereck-lan/FreeNodes 候选文件 5 个
[2026-07-11 23:41:48] ⚠️ 并行下载异常: sub/countries/SC.json: 'utf-8' codec can't encode characters in position 0-3: surrogates not allowed
[2026-07-11 23:41:53] 🔗 查子仓库: micadibugit/free-vpn-subscriptions
[2026-07-11 23:41:53] 🔗 开始 Fork 链追踪 (micadibugit/free-vpn-subscriptions)
[2026-07-11 23:41:54]   父仓库: Au1rxx/free-vpn-subscriptions
[2026-07-11 23:41:54] 📄 https://raw.githubusercontent.com/viereck-lan/FreeNodes/main/nodes/clashmeta.yaml ✅ 解析 15 候选 → 15 个有效节点 → 去重后新增 8 个
[2026-07-11 23:41:54]   🍴 兄弟仓库: 1 个 → 队列
[2026-07-11 23:41:54] 👤 遍历用户仓库: micadibugit
[2026-07-11 23:41:59] 📄 https://raw.githubusercontent.com/DXFH/clash-free-cleaner/main/sub/countries/MX.txt ✅ 解析 19 候选 → 19 个有效节点 → 去重后新增 3 个
[2026-07-11 23:42:00]   👤 用户仓库: 30 个 → 队列
[2026-07-11 23:42:00]   用户 micadibugit 共查 30 个仓库
[2026-07-11 23:42:00] 仓库 https://github.com/shenguidao/FreeNodes (分支: main, size: 21749KB, pushed: 2026-07-11T06:13:55Z)
[2026-07-11 23:42:00] ⚠️ 并行下载异常: sub/protocols/ss.json: 'utf-8' codec can't encode characters in position 0-3: surrogates not allowed
[2026-07-11 23:42:00] ⚠️ 并行下载异常: sub/countries/MY.json: 'utf-8' codec can't encode characters in position 0-3: surrogates not allowed
[2026-07-11 23:42:00] 仓库 https://github.com/cyj4215/FreeNodes 无候选文件 (总计 43 blob, 扩展名过滤 16, processed_shas 跳过 0, SHA 缓存跳过 27)
[2026-07-11 23:42:00] 🔗 查子仓库: cyj4215/FreeNodes
[2026-07-11 23:42:00] ⚠️ 并行下载异常: sub/countries/IR.json: 'utf-8' codec can't encode characters in position 0-3: surrogates not allowed
[2026-07-11 23:42:00] ⚠️ 并行下载异常: sub/countries/MD.json: 'utf-8' codec can't encode characters in position 0-3: surrogates not allowed
[2026-07-11 23:42:00] ⚠️ 并行下载异常: sub/protocols/trojan.json: 'utf-8' codec can't encode characters in position 0-3: surrogates not allowed
[2026-07-11 23:42:00] ⚠️ 并行下载异常: sub/countries/LT.json: 'utf-8' codec can't encode characters in position 0-3: surrogates not allowed
[2026-07-11 23:42:00] ⚠️ 并行下载异常: sub/countries/SG.json: 'utf-8' codec can't encode characters in position 0-3: surrogates not allowed
[2026-07-11 23:42:00] 🔗 开始 Fork 链追踪 (cyj4215/FreeNodes)
[2026-07-11 23:42:00] ⚠️ 并行下载异常: sub/countries/RU.json: 'utf-8' codec can't encode characters in position 0-3: surrogates not allowed
[2026-07-11 23:42:00]   父仓库: Barabama/FreeNodes
[2026-07-11 23:42:02] 👤 遍历用户仓库: cyj4215
[2026-07-11 23:42:02]   用户 cyj4215 共查 0 个仓库
[2026-07-11 23:42:02] 仓库 https://github.com/jiayou88/FreeNodes- (分支: main, size: 22757KB, pushed: 2026-07-11T06:12:27Z)
[2026-07-11 23:42:02] 仓库 https://github.com/shenguidao/FreeNodes 无候选文件 (总计 41 blob, 扩展名过滤 15, processed_shas 跳过 0, SHA 缓存跳过 26)
[2026-07-11 23:42:02] 🔗 查子仓库: shenguidao/FreeNodes
[2026-07-11 23:42:02] 📄 https://raw.githubusercontent.com/Matrixstar2000/FastNodes/main/sub/countries/SC.txt ✅ 解析 1196 候选 → 1196 个有效节点 → 去重后新增 14 个
[2026-07-11 23:42:02] 🔗 开始 Fork 链追踪 (shenguidao/FreeNodes)
[2026-07-11 23:42:02]   父仓库: Barabama/FreeNodes
[2026-07-11 23:42:04] 👤 遍历用户仓库: shenguidao
[2026-07-11 23:42:07]   👤 用户仓库: 28 个 → 队列
[2026-07-11 23:42:07]   用户 shenguidao 共查 28 个仓库
[2026-07-11 23:42:07] 仓库 https://github.com/4258806/FreeNodes (分支: main, size: 20686KB, pushed: 2026-07-11T06:12:20Z)
[2026-07-11 23:42:07] ⚠️ 并行下载异常: sub/countries/PL.json: 'utf-8' codec can't encode characters in position 0-3: surrogates not allowed
[2026-07-11 23:42:07] 仓库 https://github.com/jiayou88/FreeNodes- 无候选文件 (总计 43 blob, 扩展名过滤 16, processed_shas 跳过 0, SHA 缓存跳过 27)
[2026-07-11 23:42:07] 🔗 查子仓库: jiayou88/FreeNodes-
[2026-07-11 23:42:07] 仓库 https://github.com/4258806/FreeNodes 无候选文件 (总计 41 blob, 扩展名过滤 15, processed_shas 跳过 0, SHA 缓存跳过 26)
[2026-07-11 23:42:07] 🔗 查子仓库: 4258806/FreeNodes
[2026-07-11 23:42:07] ⚠️ 并行下载异常: sub/countries/RO.json: 'utf-8' codec can't encode characters in position 0-3: surrogates not allowed
[2026-07-11 23:42:07] 🔗 开始 Fork 链追踪 (jiayou88/FreeNodes-)
[2026-07-11 23:42:07] 🔗 开始 Fork 链追踪 (4258806/FreeNodes)
[2026-07-11 23:42:07] ⚠️ 并行下载异常: sub/countries/SE.json: 'utf-8' codec can't encode characters in position 0-3: surrogates not allowed
[2026-07-11 23:42:08]   父仓库: Barabama/FreeNodes
[2026-07-11 23:42:08]   父仓库: Barabama/FreeNodes
[2026-07-11 23:42:08] ⚠️ 并行下载异常: sub/countries/TH.json: 'utf-8' codec can't encode characters in position 0-3: surrogates not allowed
[2026-07-11 23:42:08] 📄 https://raw.githubusercontent.com/DXFH/clash-free-cleaner/main/sub/countries/TH.txt ✅ 解析 21 候选 → 21 个有效节点 → 去重后新增 1 个
[2026-07-11 23:42:08] ⚠️ 并行下载异常: sub/countries/TR.json: 'utf-8' codec can't encode characters in position 0-3: surrogates not allowed
[2026-07-11 23:42:08] 📄 https://raw.githubusercontent.com/DXFH/clash-free-cleaner/main/sub/countries/TR.txt ✅ 解析 239 候选 → 239 个有效节点 → 去重后新增 13 个
[2026-07-11 23:42:08] ⚠️ 并行下载异常: sub/countries/VG.json: 'utf-8' codec can't encode characters in position 0-3: surrogates not allowed
[2026-07-11 23:42:08] 👤 遍历用户仓库: jiayou88[2026-07-11 23:42:08] 👤 遍历用户仓库: 4258806

[2026-07-11 23:42:09]   👤 用户仓库: 7 个 → 队列
[2026-07-11 23:42:09]   用户 4258806 共查 7 个仓库
[2026-07-11 23:42:09] 仓库 https://github.com/Barabama/FreeNodes (分支: feat/ai-crawler-v2, size: 28378KB, pushed: 2026-07-11T06:10:43Z)
[2026-07-11 23:42:10]   👤 用户仓库: 30 个 → 队列
[2026-07-11 23:42:10]   用户 jiayou88 共查 30 个仓库
[2026-07-11 23:42:10] 仓库 https://github.com/david1982528-source/FreeNodes (分支: feat/ai-crawler-v2, size: 28378KB, pushed: 2026-07-11T06:10:43Z)
[2026-07-11 23:42:13] 📄 https://raw.githubusercontent.com/DXFH/clash-free-cleaner/main/sub/countries/UA.txt ✅ 解析 54 候选 → 54 个有效节点 → 去重后新增 2 个
[2026-07-11 23:42:13] 仓库 https://github.com/david1982528-source/FreeNodes 候选文件 13 个
[2026-07-11 23:42:13] ⚠️ 并行下载异常: sub/countries/NL.json: 'utf-8' codec can't encode characters in position 0-3: surrogates not allowed
[2026-07-11 23:42:13] 仓库 https://github.com/yafeisun/v2raynode 候选文件 11 个
[2026-07-11 23:42:13] 仓库 https://github.com/Barabama/FreeNodes 候选文件 1 个
[2026-07-11 23:42:14] 仓库 https://github.com/Barabama/FreeNodes 未提取到节点，加入黑名单
[2026-07-11 23:42:15] 仓库 https://github.com/firefoxmmx2/v2rayshare_subcription (分支: main, size: 2735KB, pushed: 2026-07-11T05:58:54Z)
[2026-07-11 23:42:21] 📄 https://raw.githubusercontent.com/david1982528-source/FreeNodes/feat/ai-crawler-v2/nodes/oneclash.txt ✅ 解析 28 候选 → 28 个有效节点 → 去重后新增 10 个
[2026-07-11 23:42:21] 仓库 https://github.com/firefoxmmx2/v2rayshare_subcription 候选文件 2 个
[2026-07-11 23:42:21] 📄 https://raw.githubusercontent.com/viereck-lan/FreeNodes/main/nodes/simple.txt ✅ 解析 687 候选 → 687 个有效节点 → 去重后新增 5 个
[2026-07-11 23:42:21] 🔗 查子仓库: viereck-lan/FreeNodes
[2026-07-11 23:42:21] 📄 https://raw.githubusercontent.com/DXFH/clash-free-cleaner/main/sub/countries/ZA.txt ✅ 解析 78 候选 → 78 个有效节点 → 去重后新增 3 个
[2026-07-11 23:42:21] 📄 https://raw.githubusercontent.com/Matrixstar2000/FastNodes/main/sub/countries/NL.txt ✅ 解析 2482 候选 → 2482 个有效节点 → 去重后新增 77 个
[2026-07-11 23:42:22] 🔗 开始 Fork 链追踪 (viereck-lan/FreeNodes)
[2026-07-11 23:42:22] ⚠️ 并行下载异常: sub/countries/SG.json: 'utf-8' codec can't encode characters in position 0-3: surrogates not allowed
[2026-07-11 23:42:22] ⚠️ 并行下载异常: sub/countries/SC.json: 'utf-8' codec can't encode characters in position 0-3: surrogates not allowed
[2026-07-11 23:42:22] 📄 https://raw.githubusercontent.com/twj0/subseek/master/data/github/2026/07/11/sub_github.txt ✅ 解析 1904 候选 → 1904 个有效节点 → 去重后新增 768 个
[2026-07-11 23:42:22] 🔗 查子仓库: firefoxmmx2/v2rayshare_subcription
[2026-07-11 23:42:22]   父仓库: Barabama/FreeNodes
[2026-07-11 23:42:22] 📄 https://raw.githubusercontent.com/yafeisun/v2raynode/main/result/karing.txt ✅ 解析 645 候选 → 645 个有效节点 → 去重后新增 2 个
[2026-07-11 23:42:22]   🍴 子仓库: 9 个 → 队列
[2026-07-11 23:42:22] 🔗 开始 Fork 链追踪 (firefoxmmx2/v2rayshare_subcription)
[2026-07-11 23:42:22] 👤 遍历用户仓库: firefoxmmx2
[2026-07-11 23:42:23] ⚠️ 并行下载异常: sub/protocols/vmess.json: 'utf-8' codec can't encode characters in position 0-3: surrogates not allowed
[2026-07-11 23:42:23] 👤 遍历用户仓库: viereck-lan
[2026-07-11 23:42:23]   用户 viereck-lan 共查 0 个仓库
[2026-07-11 23:42:23] 仓库 https://github.com/PENZA84/subseek (分支: master, size: 61248KB, pushed: 2026-07-11T04:13:28Z)
[2026-07-11 23:42:24]   👤 用户仓库: 30 个 → 队列
[2026-07-11 23:42:24]   用户 firefoxmmx2 共查 30 个仓库
[2026-07-11 23:42:24] 仓库 https://github.com/feiyu02/free-nodes (分支: main, size: 113KB, pushed: 2026-07-11T04:11:47Z)
[2026-07-11 23:42:25] 📄 https://raw.githubusercontent.com/DXFH/clash-free-cleaner/main/sub/protocols/vmess.txt ✅ 解析 15 候选 → 15 个有效节点 → 去重后新增 1 个
[2026-07-11 23:42:26] 仓库 https://github.com/feiyu02/free-nodes 候选文件 2 个
[2026-07-11 23:42:35] 📄 https://raw.githubusercontent.com/Matrixstar2000/FastNodes/main/sub/countries/RU.txt ✅ 解析 2663 候选 → 2663 个有效节点 → 去重后新增 1030 个
[2026-07-11 23:42:39] 📄 https://raw.githubusercontent.com/feiyu02/free-nodes/main/clash_config.yaml ✅ 解析 31 候选 → 31 个有效节点 → 去重后新增 4 个
[2026-07-11 23:42:41] ⚠️ 并行下载异常: sub/countries/RU.json: 'utf-8' codec can't encode characters in position 0-3: surrogates not allowed
[2026-07-11 23:42:58] 📄 https://raw.githubusercontent.com/feiyu02/free-nodes/main/nodes.txt ✅ 解析 39 候选 → 39 个有效节点 → 去重后新增 2 个
[2026-07-11 23:42:58] 🔗 查子仓库: feiyu02/free-nodes
[2026-07-11 23:42:59] 🔗 开始 Fork 链追踪 (feiyu02/free-nodes)
[2026-07-11 23:42:59]   父仓库: zhuhaiuk/free-nodes
[2026-07-11 23:43:01] 👤 遍历用户仓库: feiyu02
[2026-07-11 23:43:02]   👤 用户仓库: 9 个 → 队列
[2026-07-11 23:43:02]   用户 feiyu02 共查 9 个仓库
[2026-07-11 23:43:02] 仓库 https://github.com/muxd93/awesome-vpn (分支: master, size: 2860KB, pushed: 2026-07-11T03:10:28Z)
[2026-07-11 23:43:14] 仓库 https://github.com/muxd93/awesome-vpn 无候选文件 (总计 44 blob, 扩展名过滤 27, processed_shas 跳过 3, SHA 缓存跳过 14)
[2026-07-11 23:43:14] 🔗 查子仓库: muxd93/awesome-vpn
[2026-07-11 23:43:14] 🔗 开始 Fork 链追踪 (muxd93/awesome-vpn)
[2026-07-11 23:43:14] 📄 https://raw.githubusercontent.com/Matrixstar2000/FastNodes/main/sub/countries/DE.txt ✅ 解析 4128 候选 → 4128 个有效节点 → 去重后新增 136 个[2026-07-11 23:43:14]   父仓库: awesome-vpn/awesome-vpn

[2026-07-11 23:43:15]   🍴 兄弟仓库: 26 个 → 队列
[2026-07-11 23:43:15] 👤 遍历用户仓库: muxd93
[2026-07-11 23:43:15] 📄 https://raw.githubusercontent.com/DXFH/clash-free-cleaner/main/sub/protocols/hysteria2.txt ✅ 解析 624 候选 → 624 个有效节点 → 去重后新增 164 个
[2026-07-11 23:43:16]   👤 用户仓库: 20 个 → 队列
[2026-07-11 23:43:16]   用户 muxd93 共查 20 个仓库
[2026-07-11 23:43:16] 仓库 https://github.com/awesome-vpn/awesome-vpn (分支: master, size: 2865KB, pushed: 2026-07-11T01:57:50Z)
[2026-07-11 23:43:19] 📄 https://raw.githubusercontent.com/yafeisun/v2raynode/main/result/20260711/nodetotal.txt ✅ 解析 844 候选 → 844 个有效节点 → 去重后新增 6 个
[2026-07-11 23:43:19] 🔗 查子仓库: yafeisun/v2raynode
[2026-07-11 23:43:19] 🔗 开始 Fork 链追踪 (yafeisun/v2raynode)
[2026-07-11 23:43:19] 仓库 https://github.com/awesome-vpn/awesome-vpn 无候选文件 (总计 44 blob, 扩展名过滤 27, processed_shas 跳过 3, SHA 缓存跳过 14)
[2026-07-11 23:43:19] 🔗 查子仓库: awesome-vpn/awesome-vpn
[2026-07-11 23:43:20] 👤 遍历用户仓库: yafeisun
[2026-07-11 23:43:20]   用户 yafeisun 共查 0 个仓库
[2026-07-11 23:43:20] 仓库 https://github.com/micadibugit/awesome-vpn (分支: master, size: 2865KB, pushed: 2026-07-11T01:57:50Z)
[2026-07-11 23:43:20] 🔗 开始 Fork 链追踪 (awesome-vpn/awesome-vpn)
[2026-07-11 23:43:22] 👤 遍历用户仓库: awesome-vpn
[2026-07-11 23:43:22]   用户 awesome-vpn 共查 0 个仓库
[2026-07-11 23:43:22] 仓库 https://github.com/Jack520GG/free-vpn-subscriptions (分支: main, size: 60359KB, pushed: 2026-07-11T01:25:03Z)
[2026-07-11 23:43:24] 仓库 https://github.com/micadibugit/awesome-vpn 无候选文件 (总计 44 blob, 扩展名过滤 27, processed_shas 跳过 3, SHA 缓存跳过 14)
[2026-07-11 23:43:24] 🔗 查子仓库: micadibugit/awesome-vpn
[2026-07-11 23:43:24] 🔗 开始 Fork 链追踪 (micadibugit/awesome-vpn)
[2026-07-11 23:43:25]   父仓库: awesome-vpn/awesome-vpn
[2026-07-11 23:43:26] 👤 遍历用户仓库: micadibugit
[2026-07-11 23:43:32] ⚠️ 并行下载异常: sub/countries/US.json: 'utf-8' codec can't encode characters in position 0-3: surrogates not allowed
[2026-07-11 23:43:32] 仓库 https://github.com/Jack520GG/free-vpn-subscriptions 候选文件 41 个
[2026-07-11 23:43:32] 仓库 https://github.com/PENZA84/subseek 候选文件 2 个
[2026-07-11 23:43:32] ⚠️ 并行下载异常: sub/protocols/ss.json: 'utf-8' codec can't encode characters in position 0-3: surrogates not allowed
[2026-07-11 23:43:32] 📄 https://raw.githubusercontent.com/david1982528-source/FreeNodes/feat/ai-crawler-v2/nodes/merged.yaml ✅ 解析 1227 候选 → 1227 个有效节点 → 去重后新增 45 个
[2026-07-11 23:43:32]   👤 用户仓库: 30 个 → 队列
[2026-07-11 23:43:32]   用户 micadibugit 共查 30 个仓库
[2026-07-11 23:43:32] 仓库 https://github.com/steakandshrimp/BeautyBuild (分支: main, size: 15KB, pushed: 2026-07-10T23:48:06Z)
[2026-07-11 23:43:34] 仓库 https://github.com/steakandshrimp/BeautyBuild 候选文件 4 个
[2026-07-11 23:43:34] 📄 https://raw.githubusercontent.com/Jack520GG/free-vpn-subscriptions/main/output/singbox.json ✅ 解析 65 候选 → 65 个有效节点 → 去重后新增 1 个
[2026-07-11 23:43:34] 📄 https://raw.githubusercontent.com/PENZA84/subseek/master/data/sub_platform.txt ✅ 解析 117 候选 → 117 个有效节点 → 去重后新增 28 个
[2026-07-11 23:43:34] 🔗 查子仓库: Jack520GG/free-vpn-subscriptions
[2026-07-11 23:43:34] 🔗 开始 Fork 链追踪 (Jack520GG/free-vpn-subscriptions)
[2026-07-11 23:43:34] 📄 https://raw.githubusercontent.com/DXFH/clash-free-cleaner/main/sub/countries/DE.txt ✅ 解析 4128 候选 → 4128 个有效节点 → 去重后新增 1 个
[2026-07-11 23:43:34] 🔗 查子仓库: PENZA84/subseek
[2026-07-11 23:43:34] 📄 https://raw.githubusercontent.com/david1982528-source/FreeNodes/feat/ai-crawler-v2/nodes/clashnode.txt ✅ 解析 1850 候选 → 1850 个有效节点 → 去重后新增 36 个
[2026-07-11 23:43:34] 📄 https://raw.githubusercontent.com/david1982528-source/FreeNodes/feat/ai-crawler-v2/nodes/merged.txt ✅ 解析 1859 候选 → 1859 个有效节点 → 去重后新增 4 个
[2026-07-11 23:43:34] 🔗 查子仓库: david1982528-source/FreeNodes
[2026-07-11 23:43:34] 📄 https://raw.githubusercontent.com/DXFH/clash-free-cleaner/main/sub/countries/RU.txt ✅ 解析 2657 候选 → 2657 个有效节点 → 去重后新增 9 个
[2026-07-11 23:43:34] 🔗 开始 Fork 链追踪 (PENZA84/subseek)
[2026-07-11 23:43:34]   父仓库: Au1rxx/free-vpn-subscriptions
[2026-07-11 23:43:34] 仓库 https://github.com/steakandshrimp/BeautyBuild 未提取到节点，加入黑名单
[2026-07-11 23:43:34] 仓库 https://github.com/yclfch/free-vpn-subscriptions (分支: main, size: 59944KB, pushed: 2026-07-10T22:13:15Z)
[2026-07-11 23:43:34] 🔗 开始 Fork 链追踪 (david1982528-source/FreeNodes)
[2026-07-11 23:43:35] 📄 https://raw.githubusercontent.com/twj0/subseek/master/data/sub_github_base64.txt ✅ 解析 1904 候选 → 1904 个有效节点 → 去重后新增 1 个
[2026-07-11 23:43:35] ⚠️ 并行下载异常: sub/countries/US.json: 'utf-8' codec can't encode characters in position 0-3: surrogates not allowed
[2026-07-11 23:43:35] 🔗 查子仓库: twj0/subseek
[2026-07-11 23:43:35]   父仓库: twj0/subseek
[2026-07-11 23:43:35]   父仓库: Barabama/FreeNodes
[2026-07-11 23:43:35] 仓库 https://github.com/yclfch/free-vpn-subscriptions 候选文件 38 个
[2026-07-11 23:43:35]   🍴 兄弟仓库: 1 个 → 队列
[2026-07-11 23:43:35] 👤 遍历用户仓库: PENZA84
[2026-07-11 23:43:35] 🔗 开始 Fork 链追踪 (twj0/subseek)
[2026-07-11 23:43:35] 👤 遍历用户仓库: Jack520GG
[2026-07-11 23:43:35] 👤 遍历用户仓库: twj0
[2026-07-11 23:43:35] 👤 遍历用户仓库: david1982528-source
[2026-07-11 23:43:35] 🔗 查子仓库: yclfch/free-vpn-subscriptions
[2026-07-11 23:43:35]   👤 用户仓库: 11 个 → 队列
[2026-07-11 23:43:35]   用户 Jack520GG 共查 11 个仓库
[2026-07-11 23:43:35] 仓库 https://github.com/juan9772/freelance-services-platform (分支: main, size: 2870KB, pushed: 2026-07-10T22:01:49Z)
[2026-07-11 23:43:35] 🔗 开始 Fork 链追踪 (yclfch/free-vpn-subscriptions)
[2026-07-11 23:43:36] 📄 https://raw.githubusercontent.com/Matrixstar2000/FastNodes/main/sub/countries/US.txt ✅ 解析 6361 候选 → 6361 个有效节点 → 去重后新增 46 个
[2026-07-11 23:43:36]   用户 david1982528-source 共查 0 个仓库
[2026-07-11 23:43:36] 仓库 https://github.com/stbestichhh/svm (分支: master, size: 34KB, pushed: 2026-07-10T21:12:58Z)
[2026-07-11 23:43:36] 📄 https://raw.githubusercontent.com/Matrixstar2000/FastNodes/main/sub/protocols/ss.txt ✅ 解析 6699 候选 → 6699 个有效节点 → 去重后新增 341 个
[2026-07-11 23:43:36] 🔗 查子仓库: hansenlandun-prog/freeproxy-node-sub
[2026-07-11 23:43:36]   父仓库: Au1rxx/free-vpn-subscriptions
[2026-07-11 23:43:36] 仓库 https://github.com/juan9772/freelance-services-platform 候选文件 12 个
[2026-07-11 23:43:36] 仓库 https://github.com/stbestichhh/svm 候选文件 6 个
[2026-07-11 23:43:36] 🔗 开始 Fork 链追踪 (hansenlandun-prog/freeproxy-node-sub)
[2026-07-11 23:43:36] 👤 遍历用户仓库: hansenlandun-prog
[2026-07-11 23:43:36] 👤 遍历用户仓库: yclfch
[2026-07-11 23:43:36]   用户 hansenlandun-prog 共查 0 个仓库
[2026-07-11 23:43:36] 仓库 https://github.com/hzhimingyang12345-a11y/airport-free (分支: main, size: 46384KB, pushed: 2026-07-10T20:59:32Z)
[2026-07-11 23:43:37]   👤 用户仓库: 20 个 → 队列
[2026-07-11 23:43:37]   用户 yclfch 共查 20 个仓库
[2026-07-11 23:43:37] 仓库 https://github.com/Joey-Jireh/RIPPLE (分支: main, size: 16KB, pushed: 2026-07-10T18:31:48Z)
[2026-07-11 23:43:37] 仓库 https://github.com/hzhimingyang12345-a11y/airport-free 候选文件 4 个
[2026-07-11 23:43:37] 仓库 https://github.com/juan9772/freelance-services-platform 未提取到节点，加入黑名单
[2026-07-11 23:43:37] 仓库 https://github.com/superokde/free-nodes (分支: master, size: 442KB, pushed: 2026-07-10T17:45:44Z)
[2026-07-11 23:43:37]   👤 用户仓库: 30 个 → 队列
[2026-07-11 23:43:37]   用户 twj0 共查 30 个仓库
[2026-07-11 23:43:37] 仓库 https://github.com/Nachossrd/nexxoryx-presentation (分支: main, size: 2864KB, pushed: 2026-07-10T17:31:27Z)
[2026-07-11 23:43:37]   👤 用户仓库: 13 个 → 队列
[2026-07-11 23:43:37]   用户 PENZA84 共查 13 个仓库
[2026-07-11 23:43:37] 仓库 https://github.com/fenwehome/free-proxy-list (分支: main, size: 36979KB, pushed: 2026-07-11T15:32:30Z)
[2026-07-11 23:43:37] ⚠️ 并行下载异常: sub/protocols/trojan.json: 'utf-8' codec can't encode characters in position 0-1: surrogates not allowed
[2026-07-11 23:43:37] 仓库 https://github.com/stbestichhh/svm 未提取到节点，加入黑名单
[2026-07-11 23:43:37] 仓库 https://github.com/nikita29a/FreeProxyList (分支: main, size: 1571106KB, pushed: 2026-07-11T15:31:10Z)
[2026-07-11 23:43:37] 仓库 https://github.com/Joey-Jireh/RIPPLE 候选文件 8 个
[2026-07-11 23:43:37] 仓库 https://github.com/Nachossrd/nexxoryx-presentation 候选文件 6 个
[2026-07-11 23:43:37] 仓库 https://github.com/superokde/free-nodes 候选文件 4 个
[2026-07-11 23:43:38] 仓库 https://github.com/fenwehome/free-proxy-list 候选文件 1 个
[2026-07-11 23:43:38] 仓库 https://github.com/nikita29a/FreeProxyList 候选文件 19 个
[2026-07-11 23:43:38] 🔗 查子仓库: fenwehome/free-proxy-list
[2026-07-11 23:43:38] 🔗 开始 Fork 链追踪 (fenwehome/free-proxy-list)
[2026-07-11 23:43:39]   父仓库: gfpcom/free-proxy-list
[2026-07-11 23:43:39] 仓库 https://github.com/Joey-Jireh/RIPPLE 未提取到节点，加入黑名单
[2026-07-11 23:43:39] 仓库 https://github.com/Cuarentas/free-proxy-list (分支: main, size: 36875KB, pushed: 2026-07-11T15:30:30Z)
[2026-07-11 23:43:39] ⏱️ [24/122] Clash.Meta pushed:>2026-07-10T15:34:46Z fork:true -language: | 191s | +3325
[2026-07-11 23:43:40]   🍴 兄弟仓库: 17 个 → 队列
[2026-07-11 23:43:40] 👤 遍历用户仓库: fenwehome
[2026-07-11 23:43:42] 仓库 https://github.com/Nachossrd/nexxoryx-presentation 未提取到节点，加入黑名单
[2026-07-11 23:43:42] 仓库 https://github.com/ebrasha/free-v2ray-public-list (分支: main, size: 15366KB, pushed: 2026-07-11T15:30:26Z)
[2026-07-11 23:43:42] 📄 https://raw.githubusercontent.com/nikita29a/FreeProxyList/main/mirror/26.txt ✅ 解析 36 候选 → 36 个有效节点 → 去重后新增 3 个
[2026-07-11 23:43:45]   👤 用户仓库: 30 个 → 队列
[2026-07-11 23:43:45]   用户 fenwehome 共查 30 个仓库
[2026-07-11 23:43:45] 仓库 https://github.com/slxkware/Vless-list (分支: main, size: 1026KB, pushed: 2026-07-11T14:44:19Z)
[2026-07-11 23:43:46] 仓库 https://github.com/slxkware/Vless-list 候选文件 2 个
[2026-07-11 23:43:47] 仓库 https://github.com/Cuarentas/free-proxy-list 候选文件 1 个
[2026-07-11 23:43:47] 📄 https://raw.githubusercontent.com/hzhimingyang12345-a11y/airport-free/main/v2ray.txt ✅ 解析 1128 候选 → 1128 个有效节点 → 去重后新增 141 个
[2026-07-11 23:43:47] 🔗 查子仓库: Cuarentas/free-proxy-list
[2026-07-11 23:43:48] 🔗 开始 Fork 链追踪 (Cuarentas/free-proxy-list)
[2026-07-11 23:43:48]   父仓库: gfpcom/free-proxy-list
[2026-07-11 23:43:49] 👤 遍历用户仓库: Cuarentas
[2026-07-11 23:43:49] 📄 https://raw.githubusercontent.com/nikita29a/FreeProxyList/main/mirror/25.txt ✅ 解析 101 候选 → 101 个有效节点 → 去重后新增 2 个
[2026-07-11 23:43:50]   👤 用户仓库: 12 个 → 队列
[2026-07-11 23:43:50]   用户 Cuarentas 共查 12 个仓库
[2026-07-11 23:43:50] 仓库 https://github.com/gavinhomework/free-proxy-list (分支: main, size: 37041KB, pushed: 2026-07-11T14:35:07Z)
[2026-07-11 23:43:51] 📄 https://raw.githubusercontent.com/slxkware/Vless-list/main/White Vless.txt ✅ 解析 29 候选 → 29 个有效节点 → 去重后新增 3 个
[2026-07-11 23:43:51] 🔗 查子仓库: slxkware/Vless-list
[2026-07-11 23:43:51] 仓库 https://github.com/gavinhomework/free-proxy-list 候选文件 1 个
[2026-07-11 23:43:51] 🔗 开始 Fork 链追踪 (slxkware/Vless-list)
[2026-07-11 23:43:51] 🔗 查子仓库: gavinhomework/free-proxy-list
[2026-07-11 23:43:51] 👤 遍历用户仓库: slxkware
[2026-07-11 23:43:51] 🔗 开始 Fork 链追踪 (gavinhomework/free-proxy-list)
[2026-07-11 23:43:51]   用户 slxkware 共查 0 个仓库
[2026-07-11 23:43:51] 仓库 https://github.com/Andyworldclub/openproxylist (分支: main, size: 1067945KB, pushed: 2026-07-11T13:30:42Z)
[2026-07-11 23:43:52]   父仓库: gfpcom/free-proxy-list
[2026-07-11 23:43:53] 👤 遍历用户仓库: gavinhomework
[2026-07-11 23:43:55] 仓库 https://github.com/Andyworldclub/openproxylist 候选文件 9 个
[2026-07-11 23:43:56] 📄 https://raw.githubusercontent.com/hzhimingyang12345-a11y/airport-free/main/v2ray/github_public.txt ✅ 解析 386 候选 → 386 个有效节点 → 去重后新增 1 个
[2026-07-11 23:43:56] 仓库 https://github.com/ebrasha/free-v2ray-public-list 候选文件较多 (304 个)，先通过 commits API 过滤
[2026-07-11 23:43:56]   仓库无 24h 前 commit（新仓库/新分支），不跳过任何文件
[2026-07-11 23:43:56]   commits API 失败，降级为直接下载
[2026-07-11 23:43:56] 仓库 https://github.com/ebrasha/free-v2ray-public-list 候选文件 304 个
[2026-07-11 23:43:58]   👤 用户仓库: 30 个 → 队列
[2026-07-11 23:43:58]   用户 gavinhomework 共查 30 个仓库
[2026-07-11 23:43:58] 仓库 https://github.com/gnxD3RfTT2WE/free-proxy-api-list (分支: main, size: 10KB, pushed: 2026-07-11T13:17:03Z)
[2026-07-11 23:43:58] 仓库 https://github.com/gnxD3RfTT2WE/free-proxy-api-list 候选文件 3 个
[2026-07-11 23:43:59] 📄 https://raw.githubusercontent.com/nikita29a/FreeProxyList/main/mirror/19.txt ✅ 解析 1474 候选 → 1474 个有效节点 → 去重后新增 1 个
[2026-07-11 23:43:59] 仓库 https://github.com/gnxD3RfTT2WE/free-proxy-api-list 未提取到节点，加入黑名单
[2026-07-11 23:43:59] 仓库 https://github.com/gnxD3RfTT2WE/proxy-endpoints-free (分支: main, size: 11KB, pushed: 2026-07-11T12:16:43Z)
[2026-07-11 23:44:00] 仓库 https://github.com/gnxD3RfTT2WE/proxy-endpoints-free 候选文件 3 个
[2026-07-11 23:44:02] 仓库 https://github.com/gnxD3RfTT2WE/proxy-endpoints-free 未提取到节点，加入黑名单
[2026-07-11 23:44:02] 仓库 https://github.com/vchain/free-proxy-list (分支: main, size: 5412131KB, pushed: 2026-07-11T12:06:12Z)
[2026-07-11 23:44:06] 📄 https://raw.githubusercontent.com/ebrasha/free-v2ray-public-list/main/mixed-protocol-chunks/EbraSha-Mixed-Config-001.txt ✅ 解析 477 候选 → 477 个有效节点 → 去重后新增 1 个
[2026-07-11 23:44:06] 仓库 https://github.com/vchain/free-proxy-list 候选文件较多 (146 个)，先通过 commits API 过滤
[2026-07-11 23:44:07] 🔗 查子仓库: superokde/free-nodes
[2026-07-11 23:44:07] 🔗 开始 Fork 链追踪 (superokde/free-nodes)
[2026-07-11 23:44:07] 📄 https://raw.githubusercontent.com/ebrasha/free-v2ray-public-list/main/mixed-protocol-chunks/EbraSha-Mixed-Config-005.txt ✅ 解析 763 候选 → 763 个有效节点 → 去重后新增 2 个
[2026-07-11 23:44:07] 📄 https://raw.githubusercontent.com/Matrixstar2000/FastNodes/main/sub/protocols/trojan.txt ✅ 解析 12819 候选 → 12819 个有效节点 → 去重后新增 3 个
[2026-07-11 23:44:07] 👤 遍历用户仓库: superokde
[2026-07-11 23:44:08]   👤 用户仓库: 2 个 → 队列
[2026-07-11 23:44:08]   用户 superokde 共查 2 个仓库
[2026-07-11 23:44:08] 仓库 https://github.com/guntursatya25/free-proxy-list (分支: master, size: 10KB, pushed: 2026-07-11T11:54:30Z)
[2026-07-11 23:44:08] 🔗 查子仓库: Andyworldclub/openproxylist
[2026-07-11 23:44:08]   Compare API 返回 288 个变更文件 (3 次 API 调用)
[2026-07-11 23:44:08]   commits 过滤: 146 → 144 (变更文件 288 个)
[2026-07-11 23:44:08] 仓库 https://github.com/vchain/free-proxy-list 候选文件 144 个
[2026-07-11 23:44:08] 🔗 开始 Fork 链追踪 (Andyworldclub/openproxylist)
[2026-07-11 23:44:08]   父仓库: roosterkid/openproxylist
[2026-07-11 23:44:08] 仓库 https://github.com/guntursatya25/free-proxy-list 候选文件 3 个
[2026-07-11 23:44:10]   🍴 兄弟仓库: 23 个 → 队列
[2026-07-11 23:44:10] 👤 遍历用户仓库: Andyworldclub
[2026-07-11 23:44:11]   👤 用户仓库: 1 个 → 队列
[2026-07-11 23:44:11]   用户 Andyworldclub 共查 1 个仓库
[2026-07-11 23:44:11] 仓库 https://github.com/gnxD3RfTT2WE/proxy-checker-list (分支: main, size: 10KB, pushed: 2026-07-11T09:15:41Z)
[2026-07-11 23:44:13] 仓库 https://github.com/guntursatya25/free-proxy-list 未提取到节点，加入黑名单
[2026-07-11 23:44:13] 仓库 https://github.com/LADLABS/free-proxy-list (分支: main, size: 5411878KB, pushed: 2026-07-11T08:29:22Z)
[2026-07-11 23:44:14] 📄 https://raw.githubusercontent.com/ebrasha/free-v2ray-public-list/main/mixed-protocol-chunks/EbraSha-Mixed-Config-009.txt ✅ 解析 799 候选 → 799 个有效节点 → 去重后新增 1 个
[2026-07-11 23:44:14] 仓库 https://github.com/gnxD3RfTT2WE/proxy-checker-list 候选文件 3 个
[2026-07-11 23:44:20] 仓库 https://github.com/gnxD3RfTT2WE/proxy-checker-list 未提取到节点，加入黑名单
[2026-07-11 23:44:20] 仓库 https://github.com/shtrend/free-proxy-list (分支: main, size: 7216KB, pushed: 2026-07-11T06:50:06Z)
[2026-07-11 23:44:21] 仓库 https://github.com/vchain/free-proxy-list 未提取到节点，加入黑名单
[2026-07-11 23:44:22] 仓库 https://github.com/gnxD3RfTT2WE/anonymous-proxy-list-free (分支: main, size: 12KB, pushed: 2026-07-11T06:14:39Z)
[2026-07-11 23:44:24] 仓库 https://github.com/gnxD3RfTT2WE/anonymous-proxy-list-free 候选文件 3 个
[2026-07-11 23:44:24] 仓库 https://github.com/shtrend/free-proxy-list 候选文件 1 个
[2026-07-11 23:44:24] 📄 https://raw.githubusercontent.com/ebrasha/free-v2ray-public-list/main/mixed-protocol-chunks/EbraSha-Mixed-Config-014.txt ✅ 解析 616 候选 → 616 个有效节点 → 去重后新增 1 个
[2026-07-11 23:44:24] 🔗 查子仓库: hzhimingyang12345-a11y/airport-free
[2026-07-11 23:44:24] 仓库 https://github.com/LADLABS/free-proxy-list 候选文件较多 (154 个)，先通过 commits API 过滤
[2026-07-11 23:44:24] 🔗 开始 Fork 链追踪 (hzhimingyang12345-a11y/airport-free)
[2026-07-11 23:44:25]   父仓库: xiaoji235/airport-free
[2026-07-11 23:44:25] 仓库在黑名单中: https://github.com/xiaoji235/airport-free
[2026-07-11 23:44:25]   父仓库 +0 个节点
[2026-07-11 23:44:25] 仓库 https://github.com/shtrend/free-proxy-list 未提取到节点，加入黑名单
[2026-07-11 23:44:25] 仓库 https://github.com/gnxD3RfTT2WE/crawler-proxy-list (分支: main, size: 11KB, pushed: 2026-07-11T04:13:50Z)
[2026-07-11 23:44:25] 仓库 https://github.com/gnxD3RfTT2WE/anonymous-proxy-list-free 未提取到节点，加入黑名单
[2026-07-11 23:44:26] 仓库 https://github.com/ws94666ws/awesome-vpn (分支: master, size: 8227KB, pushed: 2026-07-11T03:24:12Z)
[2026-07-11 23:44:26]   Compare API 返回 289 个变更文件 (3 次 API 调用)
[2026-07-11 23:44:26]   commits 过滤: 154 → 154 (变更文件 289 个)
[2026-07-11 23:44:26] 仓库 https://github.com/LADLABS/free-proxy-list 候选文件 154 个
[2026-07-11 23:44:26] 仓库 https://github.com/gnxD3RfTT2WE/crawler-proxy-list 候选文件 3 个
[2026-07-11 23:44:26] 👤 遍历用户仓库: hzhimingyang12345-a11y
[2026-07-11 23:44:26] 仓库 https://github.com/ws94666ws/awesome-vpn 候选文件 3 个
[2026-07-11 23:44:26]   👤 用户仓库: 1 个 → 队列
[2026-07-11 23:44:26]   用户 hzhimingyang12345-a11y 共查 1 个仓库
[2026-07-11 23:44:27] 仓库 https://github.com/worldmarketing02-design/proxy-master-list (分支: main, size: 5865KB, pushed: 2026-07-11T03:15:30Z)
[2026-07-11 23:44:29] 仓库 https://github.com/gnxD3RfTT2WE/crawler-proxy-list 未提取到节点，加入黑名单
[2026-07-11 23:44:29] 仓库 https://github.com/gnxD3RfTT2WE/proxy-list-for-scraping (分支: main, size: 10KB, pushed: 2026-07-11T03:13:29Z)
[2026-07-11 23:44:30] 仓库 https://github.com/worldmarketing02-design/proxy-master-list 候选文件 2 个
[2026-07-11 23:44:32] 仓库 https://github.com/gnxD3RfTT2WE/proxy-list-for-scraping 候选文件 3 个
[2026-07-11 23:44:32] 📄 https://raw.githubusercontent.com/ebrasha/free-v2ray-public-list/main/mixed-protocol-chunks/EbraSha-Mixed-Config-036.txt ✅ 解析 230 候选 → 230 个有效节点 → 去重后新增 1 个
[2026-07-11 23:44:34] 仓库 https://github.com/gnxD3RfTT2WE/proxy-list-for-scraping 未提取到节点，加入黑名单
[2026-07-11 23:44:34] 仓库 https://github.com/chancat87/awesome-vpn (分支: master, size: 8334KB, pushed: 2026-07-11T01:51:23Z)
[2026-07-11 23:44:37] 仓库 https://github.com/chancat87/awesome-vpn 候选文件 3 个
[2026-07-11 23:44:37] 仓库 https://github.com/LADLABS/free-proxy-list 未提取到节点，加入黑名单
[2026-07-11 23:44:37] 仓库 https://github.com/gnxD3RfTT2WE/socks-proxy-list-free (分支: main, size: 10KB, pushed: 2026-07-11T01:12:48Z)
[2026-07-11 23:44:38] 仓库 https://github.com/gnxD3RfTT2WE/socks-proxy-list-free 候选文件 3 个
[2026-07-11 23:44:38] 📄 https://raw.githubusercontent.com/ebrasha/free-v2ray-public-list/main/mixed-protocol-chunks/EbraSha-Mixed-Config-054.txt ✅ 解析 109 候选 → 109 个有效节点 → 去重后新增 1 个
[2026-07-11 23:44:38] 📄 https://raw.githubusercontent.com/ws94666ws/awesome-vpn/master/clash.yaml ✅ 解析 322 候选 → 322 个有效节点 → 去重后新增 2 个
[2026-07-11 23:44:40] 📄 https://raw.githubusercontent.com/worldmarketing02-design/proxy-master-list/main/sub.txt ✅ 解析 710 候选 → 710 个有效节点 → 去重后新增 6 个
[2026-07-11 23:44:40] 🔗 查子仓库: worldmarketing02-design/proxy-master-list
[2026-07-11 23:44:40] 🔗 查子仓库: ws94666ws/awesome-vpn
[2026-07-11 23:44:40] 🔗 开始 Fork 链追踪 (worldmarketing02-design/proxy-master-list)
[2026-07-11 23:44:40] 仓库 https://github.com/gnxD3RfTT2WE/socks-proxy-list-free 未提取到节点，加入黑名单
[2026-07-11 23:44:40] 🔗 开始 Fork 链追踪 (ws94666ws/awesome-vpn)
[2026-07-11 23:44:40] 仓库 https://github.com/gnxD3RfTT2WE/free-proxy-list-daily (分支: main, size: 11KB, pushed: 2026-07-11T00:12:24Z)
[2026-07-11 23:44:41]   父仓库: awesome-vpn/awesome-vpn[2026-07-11 23:44:41] 👤 遍历用户仓库: worldmarketing02-design

[2026-07-11 23:44:41]   用户 worldmarketing02-design 共查 0 个仓库
[2026-07-11 23:44:41] 仓库 https://github.com/uc9uc9/free-proxy-list (分支: main, size: 5411815KB, pushed: 2026-07-10T23:39:35Z)
[2026-07-11 23:44:41] 仓库 https://github.com/gnxD3RfTT2WE/free-proxy-list-daily 候选文件 3 个
[2026-07-11 23:44:41] 📄 https://raw.githubusercontent.com/nikita29a/FreeProxyList/main/mirror/1.txt ✅ 解析 3505 候选 → 3505 个有效节点 → 去重后新增 12 个
[2026-07-11 23:44:41] 📄 https://raw.githubusercontent.com/ebrasha/free-v2ray-public-list/main/mixed-protocol-chunks/EbraSha-Mixed-Config-067.txt ✅ 解析 367 候选 → 367 个有效节点 → 去重后新增 7 个
[2026-07-11 23:44:41] 📄 https://raw.githubusercontent.com/DXFH/clash-free-cleaner/main/sub/protocols/trojan.txt ✅ 解析 12820 候选 → 12820 个有效节点 → 去重后新增 2 个
[2026-07-11 23:44:42] 👤 遍历用户仓库: ws94666ws
[2026-07-11 23:44:42] 📄 https://raw.githubusercontent.com/ebrasha/free-v2ray-public-list/main/mixed-protocol-chunks/EbraSha-Mixed-Config-070.txt ✅ 解析 453 候选 → 453 个有效节点 → 去重后新增 1 个
[2026-07-11 23:44:42] 📄 https://raw.githubusercontent.com/ebrasha/free-v2ray-public-list/main/mixed-protocol-chunks/EbraSha-Mixed-Config-074.txt ✅ 解析 534 候选 → 534 个有效节点 → 去重后新增 1 个
[2026-07-11 23:44:42] 📄 https://raw.githubusercontent.com/ebrasha/free-v2ray-public-list/main/mixed-protocol-chunks/EbraSha-Mixed-Config-075.txt ✅ 解析 532 候选 → 532 个有效节点 → 去重后新增 1 个
[2026-07-11 23:44:44] 仓库 https://github.com/uc9uc9/free-proxy-list 候选文件较多 (126 个)，先通过 commits API 过滤
[2026-07-11 23:44:44] 📄 https://raw.githubusercontent.com/ebrasha/free-v2ray-public-list/main/mixed-protocol-chunks/EbraSha-Mixed-Config-077.txt ✅ 解析 596 候选 → 596 个有效节点 → 去重后新增 2 个
[2026-07-11 23:44:44] 🔗 查子仓库: chancat87/awesome-vpn
[2026-07-11 23:44:44] 仓库 https://github.com/gnxD3RfTT2WE/free-proxy-list-daily 未提取到节点，加入黑名单
[2026-07-11 23:44:44] 仓库 https://github.com/gnxD3RfTT2WE/working-proxy-list (分支: main, size: 11KB, pushed: 2026-07-10T22:11:43Z)
[2026-07-11 23:44:44] 📄 https://raw.githubusercontent.com/ebrasha/free-v2ray-public-list/main/mixed-protocol-chunks/EbraSha-Mixed-Config-078.txt ✅ 解析 539 候选 → 539 个有效节点 → 去重后新增 1 个
[2026-07-11 23:44:44] 🔗 开始 Fork 链追踪 (chancat87/awesome-vpn)
[2026-07-11 23:44:44]   父仓库: awesome-vpn/awesome-vpn
[2026-07-11 23:44:45] 仓库 https://github.com/gnxD3RfTT2WE/working-proxy-list 候选文件 3 个
[2026-07-11 23:44:45] 📄 https://raw.githubusercontent.com/ebrasha/free-v2ray-public-list/main/mixed-protocol-chunks/EbraSha-Mixed-Config-082.txt ✅ 解析 426 候选 → 426 个有效节点 → 去重后新增 1 个
[2026-07-11 23:44:45] 📄 https://raw.githubusercontent.com/ebrasha/free-v2ray-public-list/main/mixed-protocol-chunks/EbraSha-Mixed-Config-084.txt ✅ 解析 509 候选 → 509 个有效节点 → 去重后新增 1 个
[2026-07-11 23:44:45]   👤 用户仓库: 30 个 → 队列
[2026-07-11 23:44:45]   用户 ws94666ws 共查 30 个仓库
[2026-07-11 23:44:45] 仓库 https://github.com/gnxD3RfTT2WE/global-proxy-list (分支: main, size: 11KB, pushed: 2026-07-10T21:11:21Z)
[2026-07-11 23:44:45] 📄 https://raw.githubusercontent.com/ebrasha/free-v2ray-public-list/main/mixed-protocol-chunks/EbraSha-Mixed-Config-088.txt ✅ 解析 534 候选 → 534 个有效节点 → 去重后新增 1 个
[2026-07-11 23:44:45] 📄 https://raw.githubusercontent.com/ebrasha/free-v2ray-public-list/main/mixed-protocol-chunks/EbraSha-Mixed-Config-085.txt ✅ 解析 649 候选 → 649 个有效节点 → 去重后新增 2 个
[2026-07-11 23:44:46] 👤 遍历用户仓库: chancat87
[2026-07-11 23:44:46] 仓库 https://github.com/gnxD3RfTT2WE/global-proxy-list 候选文件 3 个
[2026-07-11 23:44:46]   Compare API 返回 289 个变更文件 (3 次 API 调用)
[2026-07-11 23:44:46]   commits 过滤: 126 → 126 (变更文件 289 个)
[2026-07-11 23:44:46] 仓库 https://github.com/uc9uc9/free-proxy-list 候选文件 126 个
[2026-07-11 23:44:46] 仓库 https://github.com/gnxD3RfTT2WE/working-proxy-list 未提取到节点，加入黑名单
[2026-07-11 23:44:46] 仓库 https://github.com/gnxD3RfTT2WE/proxies-st-free (分支: main, size: 10KB, pushed: 2026-07-10T20:11:00Z)
[2026-07-11 23:44:50] 仓库 https://github.com/gnxD3RfTT2WE/global-proxy-list 未提取到节点，加入黑名单
[2026-07-11 23:44:50] 仓库 https://github.com/Chm0kes/ssclprlist (分支: main, size: 1001KB, pushed: 2026-07-10T19:40:04Z)
[2026-07-11 23:44:51] 仓库 https://github.com/gnxD3RfTT2WE/proxies-st-free 候选文件 3 个
[2026-07-11 23:44:51] 仓库 https://github.com/Chm0kes/ssclprlist 候选文件 1 个
[2026-07-11 23:44:51] 📄 https://raw.githubusercontent.com/Chm0kes/ssclprlist/main/sslist.txt ✅ 解析 41 候选 → 41 个有效节点 → 去重后新增 3 个
[2026-07-11 23:44:51] 🔗 查子仓库: Chm0kes/ssclprlist
[2026-07-11 23:44:52] 🔗 开始 Fork 链追踪 (Chm0kes/ssclprlist)
[2026-07-11 23:44:52] 👤 遍历用户仓库: Chm0kes
[2026-07-11 23:44:53] 仓库 https://github.com/gnxD3RfTT2WE/proxies-st-free 未提取到节点，加入黑名单
[2026-07-11 23:44:53]   用户 Chm0kes 共查 0 个仓库
[2026-07-11 23:44:54] 仓库 https://github.com/Alirewa/V2ray-Configs (分支: main, size: 20834KB, pushed: 2026-07-11T15:35:01Z)[2026-07-11 23:44:54] 仓库 https://github.com/gnxD3RfTT2WE/proxy-feed (分支: main, size: 12KB, pushed: 2026-07-10T17:09:43Z)

[2026-07-11 23:44:55] 仓库 https://github.com/gnxD3RfTT2WE/proxy-feed 候选文件 3 个
[2026-07-11 23:44:55] 仓库 https://github.com/Alirewa/V2ray-Configs 候选文件 4 个
[2026-07-11 23:44:55] 📄 https://raw.githubusercontent.com/ebrasha/free-v2ray-public-list/main/mixed-protocol-chunks/EbraSha-Mixed-Config-092.txt ✅ 解析 562 候选 → 562 个有效节点 → 去重后新增 1 个
[2026-07-11 23:44:56] 📄 https://raw.githubusercontent.com/ebrasha/free-v2ray-public-list/main/mixed-protocol-chunks/EbraSha-Mixed-Config-090.txt ✅ 解析 587 候选 → 587 个有效节点 → 去重后新增 7 个
[2026-07-11 23:44:56] 仓库 https://github.com/uc9uc9/free-proxy-list 未提取到节点，加入黑名单
[2026-07-11 23:44:56] 仓库 https://github.com/sunmiao4458/free-proxy-airport (分支: main, size: 88KB, pushed: 2026-07-11T14:38:09Z)
[2026-07-11 23:44:56] 📄 https://raw.githubusercontent.com/ebrasha/free-v2ray-public-list/main/mixed-protocol-chunks/EbraSha-Mixed-Config-099.txt ✅ 解析 403 候选 → 403 个有效节点 → 去重后新增 1 个
[2026-07-11 23:44:57] 仓库 https://github.com/gnxD3RfTT2WE/proxy-feed 未提取到节点，加入黑名单
[2026-07-11 23:44:57] 仓库 https://github.com/cautonwong/free-proxy-sub (分支: master, size: 2279KB, pushed: 2026-07-11T14:35:39Z)
[2026-07-11 23:44:57] 📄 https://raw.githubusercontent.com/ebrasha/free-v2ray-public-list/main/mixed-protocol-chunks/EbraSha-Mixed-Config-100.txt ✅ 解析 481 候选 → 481 个有效节点 → 去重后新增 4 个
[2026-07-11 23:44:57] 仓库 https://github.com/sunmiao4458/free-proxy-airport 候选文件 1 个
[2026-07-11 23:44:57]   👤 用户仓库: 30 个 → 队列
[2026-07-11 23:44:57]   用户 chancat87 共查 30 个仓库
[2026-07-11 23:44:57] 仓库 https://github.com/neiroxgod/frkn (分支: main, size: 2661KB, pushed: 2026-07-11T14:22:12Z)
[2026-07-11 23:44:57] 仓库 https://github.com/cautonwong/free-proxy-sub 候选文件 2 个
[2026-07-11 23:44:57] 📄 https://raw.githubusercontent.com/ebrasha/free-v2ray-public-list/main/mixed-protocol-chunks/EbraSha-Mixed-Config-097.txt ✅ 解析 501 候选 → 501 个有效节点 → 去重后新增 1 个
[2026-07-11 23:44:57] 📄 https://raw.githubusercontent.com/ebrasha/free-v2ray-public-list/main/mixed-protocol-chunks/EbraSha-Mixed-Config-094.txt ✅ 解析 589 候选 → 589 个有效节点 → 去重后新增 3 个
[2026-07-11 23:44:57] 📄 https://raw.githubusercontent.com/ebrasha/free-v2ray-public-list/main/mixed-protocol-chunks/EbraSha-Mixed-Config-106.txt ✅ 解析 535 候选 → 535 个有效节点 → 去重后新增 1 个
[2026-07-11 23:44:59] 🔗 查子仓库: sunmiao4458/free-proxy-airport
[2026-07-11 23:44:59] 📄 https://raw.githubusercontent.com/ebrasha/free-v2ray-public-list/main/mixed-protocol-chunks/EbraSha-Mixed-Config-108.txt ✅ 解析 283 候选 → 283 个有效节点 → 去重后新增 9 个
[2026-07-11 23:44:59] 📄 https://raw.githubusercontent.com/ebrasha/free-v2ray-public-list/main/mixed-protocol-chunks/EbraSha-Mixed-Config-112.txt ✅ 解析 433 候选 → 433 个有效节点 → 去重后新增 3 个
[2026-07-11 23:44:59] 🔗 开始 Fork 链追踪 (sunmiao4458/free-proxy-airport)
[2026-07-11 23:44:59] 👤 遍历用户仓库: sunmiao4458
[2026-07-11 23:44:59] 📄 https://raw.githubusercontent.com/cautonwong/free-proxy-sub/master/output/qx.txt ✅ 解析 50 候选 → 50 个有效节点 → 去重后新增 50 个
[2026-07-11 23:44:59] 🔗 查子仓库: cautonwong/free-proxy-sub
[2026-07-11 23:44:59] 📄 https://raw.githubusercontent.com/ebrasha/free-v2ray-public-list/main/mixed-protocol-chunks/EbraSha-Mixed-Config-107.txt ✅ 解析 540 候选 → 540 个有效节点 → 去重后新增 2 个
[2026-07-11 23:44:59] 仓库 https://github.com/neiroxgod/frkn 候选文件较多 (138 个)，先通过 commits API 过滤
[2026-07-11 23:44:59]   👤 用户仓库: 1 个 → 队列
[2026-07-11 23:44:59]   用户 sunmiao4458 共查 1 个仓库
[2026-07-11 23:44:59] 仓库 https://github.com/F0rc3Run/F0rc3Run (分支: main, size: 442396KB, pushed: 2026-07-11T13:20:39Z)
[2026-07-11 23:44:59] 📄 https://raw.githubusercontent.com/ebrasha/free-v2ray-public-list/main/mixed-protocol-chunks/EbraSha-Mixed-Config-119.txt ✅ 解析 486 候选 → 486 个有效节点 → 去重后新增 1 个
[2026-07-11 23:44:59] 📄 https://raw.githubusercontent.com/ebrasha/free-v2ray-public-list/main/mixed-protocol-chunks/EbraSha-Mixed-Config-116.txt ✅ 解析 525 候选 → 525 个有效节点 → 去重后新增 3 个
[2026-07-11 23:44:59] 📄 https://raw.githubusercontent.com/ebrasha/free-v2ray-public-list/main/mixed-protocol-chunks/EbraSha-Mixed-Config-115.txt ✅ 解析 570 候选 → 570 个有效节点 → 去重后新增 1 个
[2026-07-11 23:44:59] 🔗 开始 Fork 链追踪 (cautonwong/free-proxy-sub)
[2026-07-11 23:44:59]   父仓库: steam-100/free-proxy-sub[2026-07-11 23:45:00]   仓库无 24h 前 commit（新仓库/新分支），不跳过任何文件

[2026-07-11 23:45:00] 仓库在黑名单中: https://github.com/steam-100/free-proxy-sub[2026-07-11 23:45:00]   commits API 失败，降级为直接下载

[2026-07-11 23:45:00]   父仓库 +0 个节点[2026-07-11 23:45:00] 仓库 https://github.com/neiroxgod/frkn 候选文件 138 个

[2026-07-11 23:45:01] 📄 https://raw.githubusercontent.com/ebrasha/free-v2ray-public-list/main/mixed-protocol-chunks/EbraSha-Mixed-Config-121.txt ✅ 解析 609 候选 → 609 个有效节点 → 去重后新增 1 个
[2026-07-11 23:45:01]   🍴 兄弟仓库: 1 个 → 队列
[2026-07-11 23:45:01] 👤 遍历用户仓库: cautonwong
[2026-07-11 23:45:01] 📄 https://raw.githubusercontent.com/ebrasha/free-v2ray-public-list/main/mixed-protocol-chunks/EbraSha-Mixed-Config-118.txt ✅ 解析 589 候选 → 589 个有效节点 → 去重后新增 1 个
[2026-07-11 23:45:01] 仓库 https://github.com/F0rc3Run/F0rc3Run 候选文件 53 个
[2026-07-11 23:45:07] 仓库 https://github.com/neiroxgod/frkn 未提取到节点，加入黑名单
[2026-07-11 23:45:07] 仓库 https://github.com/asgharkapk/Sub-Config-Extractor (分支: main, size: 724743KB, pushed: 2026-07-11T08:08:14Z)
[2026-07-11 23:45:07] ⚠️ 并行下载异常: sub/protocols/vless.json: 'utf-8' codec can't encode characters in position 0-1: surrogates not allowed
[2026-07-11 23:45:07] 📄 https://raw.githubusercontent.com/F0rc3Run/F0rc3Run/main/Special/Telegram.txt ✅ 解析 471 候选 → 471 个有效节点 → 去重后新增 51 个
[2026-07-11 23:45:09] 📄 https://raw.githubusercontent.com/ebrasha/free-v2ray-public-list/main/mixed-protocol-chunks/EbraSha-Mixed-Config-126.txt ✅ 解析 435 候选 → 435 个有效节点 → 去重后新增 5 个
[2026-07-11 23:45:09] 📄 https://raw.githubusercontent.com/ebrasha/free-v2ray-public-list/main/mixed-protocol-chunks/EbraSha-Mixed-Config-134.txt ✅ 解析 420 候选 → 420 个有效节点 → 去重后新增 2 个
[2026-07-11 23:45:09] 📄 https://raw.githubusercontent.com/ebrasha/free-v2ray-public-list/main/mixed-protocol-chunks/EbraSha-Mixed-Config-130.txt ✅ 解析 548 候选 → 548 个有效节点 → 去重后新增 1 个
[2026-07-11 23:45:09] 📄 https://raw.githubusercontent.com/ebrasha/free-v2ray-public-list/main/mixed-protocol-chunks/EbraSha-Mixed-Config-127.txt ✅ 解析 544 候选 → 544 个有效节点 → 去重后新增 12 个
[2026-07-11 23:45:09]   👤 用户仓库: 30 个 → 队列
[2026-07-11 23:45:09]   用户 cautonwong 共查 30 个仓库
[2026-07-11 23:45:09] 仓库 https://github.com/SnapdragonLee/SystemProxy (分支: master, size: 9870KB, pushed: 2026-07-11T02:50:21Z)
[2026-07-11 23:45:10] 仓库 https://github.com/SnapdragonLee/SystemProxy 候选文件 2 个
[2026-07-11 23:45:10] 🔗 查子仓库: F0rc3Run/F0rc3Run
[2026-07-11 23:45:10] 📄 https://raw.githubusercontent.com/Alirewa/V2ray-Configs/main/config.txt ✅ 解析 1921 候选 → 1921 个有效节点 → 去重后新增 33 个
[2026-07-11 23:45:10]   🍴 子仓库: 16 个 → 队列
[2026-07-11 23:45:10] 🔗 开始 Fork 链追踪 (F0rc3Run/F0rc3Run)
[2026-07-11 23:45:11] 👤 遍历用户仓库: F0rc3Run
[2026-07-11 23:45:11]   👤 用户仓库: 2 个 → 队列
[2026-07-11 23:45:11]   用户 F0rc3Run 共查 2 个仓库
[2026-07-11 23:45:11] 仓库 https://github.com/iboxz/free-v2ray-collector (分支: main, size: 31636KB, pushed: 2026-07-11T15:35:44Z)
[2026-07-11 23:45:11] 🔗 查子仓库: SnapdragonLee/SystemProxy
[2026-07-11 23:45:13] 仓库 https://github.com/iboxz/free-v2ray-collector 候选文件 1 个
[2026-07-11 23:45:13] 🔗 查子仓库: Alirewa/V2ray-Configs
[2026-07-11 23:45:13]   🍴 子仓库: 17 个 → 队列
[2026-07-11 23:45:13] 🔗 开始 Fork 链追踪 (SnapdragonLee/SystemProxy)
[2026-07-11 23:45:13] 🔗 开始 Fork 链追踪 (Alirewa/V2ray-Configs)
[2026-07-11 23:45:13] 👤 遍历用户仓库: SnapdragonLee
[2026-07-11 23:45:13] 👤 遍历用户仓库: Alirewa
[2026-07-11 23:45:13]   用户 SnapdragonLee 共查 0 个仓库
[2026-07-11 23:45:13] 仓库 https://github.com/MohammadBahemmat/V2ray-Collector (分支: main, size: 20471141KB, pushed: 2026-07-11T15:29:32Z)
[2026-07-11 23:45:13] 🔗 查子仓库: iboxz/free-v2ray-collector
[2026-07-11 23:45:14]   👤 用户仓库: 20 个 → 队列
[2026-07-11 23:45:15]   用户 Alirewa 共查 20 个仓库
[2026-07-11 23:45:15] 仓库 https://github.com/sasabuzovkin9-lgtm/vpn-vless-configs-russia (分支: main, size: 1615380KB, pushed: 2026-07-11T15:00:11Z)
[2026-07-11 23:45:15]   🍴 子仓库: 13 个 → 队列
[2026-07-11 23:45:15] 🔗 开始 Fork 链追踪 (iboxz/free-v2ray-collector)
[2026-07-11 23:45:15] 仓库 https://github.com/MohammadBahemmat/V2ray-Collector 候选文件 13 个
[2026-07-11 23:45:15] 👤 遍历用户仓库: iboxz
[2026-07-11 23:45:15]   用户 iboxz 共查 0 个仓库
[2026-07-11 23:45:15] 仓库 https://github.com/kort0881/vpn-vless-configs-russia (分支: main, size: 1775105KB, pushed: 2026-07-11T14:56:57Z)
[2026-07-11 23:45:24] 仓库 https://github.com/sasabuzovkin9-lgtm/vpn-vless-configs-russia 候选文件 3 个
[2026-07-11 23:45:24] ⚠️ 并行下载异常: sub/everything.json: 'utf-8' codec can't encode characters in position 0-3: surrogates not allowed
[2026-07-11 23:45:24] 仓库 https://github.com/kort0881/vpn-vless-configs-russia 候选文件 53 个
[2026-07-11 23:45:24] ⚠️ 并行下载异常: sub/everything.json: 'utf-8' codec can't encode characters in position 0-1: surrogates not allowed
[2026-07-11 23:45:27] 📄 https://raw.githubusercontent.com/kort0881/vpn-vless-configs-russia/main/data/githubmirror/new/by_protocol/hysteria2/hysteria2_001.txt ✅ 解析 25 候选 → 25 个有效节点 → 去重后新增 1 个
[2026-07-11 23:45:27] 📄 https://raw.githubusercontent.com/kort0881/vpn-vless-configs-russia/main/data/githubmirror/clean/hysteria2.txt ✅ 解析 25 候选 → 25 个有效节点 → 去重后新增 4 个
[2026-07-11 23:45:29] 📄 https://raw.githubusercontent.com/sasabuzovkin9-lgtm/vpn-vless-configs-russia/main/githubmirror/clean/vless.txt ✅ 解析 50 候选 → 50 个有效节点 → 去重后新增 49 个
[2026-07-11 23:45:30] 📄 https://raw.githubusercontent.com/kort0881/vpn-vless-configs-russia/main/data/githubmirror/new/by_protocol/ss/ss_002.txt ✅ 解析 282 候选 → 282 个有效节点 → 去重后新增 2 个
[2026-07-11 23:45:30] 📄 https://raw.githubusercontent.com/kort0881/vpn-vless-configs-russia/main/data/githubmirror/new/by_protocol/trojan/trojan_006.txt ✅ 解析 251 候选 → 251 个有效节点 → 去重后新增 3 个
[2026-07-11 23:45:30] 📄 https://raw.githubusercontent.com/kort0881/vpn-vless-configs-russia/main/data/githubmirror/new/by_protocol/ss/ss_004.txt ✅ 解析 318 候选 → 318 个有效节点 → 去重后新增 2 个
[2026-07-11 23:45:30] 📄 https://raw.githubusercontent.com/kort0881/vpn-vless-configs-russia/main/data/githubmirror/new/by_protocol/trojan/trojan_007.txt ✅ 解析 260 候选 → 260 个有效节点 → 去重后新增 1 个
[2026-07-11 23:45:30] 🔗 查子仓库: sasabuzovkin9-lgtm/vpn-vless-configs-russia
[2026-07-11 23:45:30] 🔗 开始 Fork 链追踪 (sasabuzovkin9-lgtm/vpn-vless-configs-russia)
[2026-07-11 23:45:31]   父仓库: kort0881/vpn-vless-configs-russia
[2026-07-11 23:45:31] 📄 https://raw.githubusercontent.com/kort0881/vpn-vless-configs-russia/main/data/githubmirror/new/by_protocol/trojan/trojan_005.txt ✅ 解析 302 候选 → 302 个有效节点 → 去重后新增 1 个
[2026-07-11 23:45:32] 📄 https://raw.githubusercontent.com/kort0881/vpn-vless-configs-russia/main/data/githubmirror/new/by_protocol/vless/vless_004.txt ✅ 解析 141 候选 → 141 个有效节点 → 去重后新增 1 个
[2026-07-11 23:45:44]   🍴 兄弟仓库: 30 个 → 队列
[2026-07-11 23:45:44] 👤 遍历用户仓库: sasabuzovkin9-lgtm
[2026-07-11 23:45:44]   👤 用户仓库: 2 个 → 队列
[2026-07-11 23:45:44]   用户 sasabuzovkin9-lgtm 共查 2 个仓库
[2026-07-11 23:45:44] 仓库 https://github.com/lm705/vair (分支: main, size: 7763KB, pushed: 2026-07-11T14:56:29Z)
[2026-07-11 23:45:48] 仓库 https://github.com/lm705/vair 候选文件 1 个
[2026-07-11 23:45:52] 📄 https://raw.githubusercontent.com/Matrixstar2000/FastNodes/main/sub/protocols/vless.txt ✅ 解析 21001 候选 → 21001 个有效节点 → 去重后新增 69 个
[2026-07-11 23:45:57] 📄 https://raw.githubusercontent.com/kort0881/vpn-vless-configs-russia/main/data/githubmirror/new/by_protocol/vless/vless_005.txt ✅ 解析 256 候选 → 256 个有效节点 → 去重后新增 4 个
[2026-07-11 23:46:02] 📄 https://raw.githubusercontent.com/kort0881/vpn-vless-configs-russia/main/data/githubmirror/new/by_protocol/vless/vless_003.txt ✅ 解析 276 候选 → 276 个有效节点 → 去重后新增 3 个
[2026-07-11 23:46:06] 🔗 查子仓库: lm705/vair
[2026-07-11 23:46:06]   🍴 子仓库: 3 个 → 队列
[2026-07-11 23:46:06] 🔗 开始 Fork 链追踪 (lm705/vair)
[2026-07-11 23:46:06] 👤 遍历用户仓库: lm705
[2026-07-11 23:46:07]   用户 lm705 共查 0 个仓库
[2026-07-11 23:46:07] 仓库 https://github.com/pog7x/vpn-configs (分支: master, size: 660968KB, pushed: 2026-07-11T14:55:58Z)
[2026-07-11 23:46:10] 📄 https://raw.githubusercontent.com/kort0881/vpn-vless-configs-russia/main/data/githubmirror/new/by_protocol/vless/vless_007.txt ✅ 解析 244 候选 → 244 个有效节点 → 去重后新增 3 个
[2026-07-11 23:46:12] 📄 https://raw.githubusercontent.com/kort0881/vpn-vless-configs-russia/main/data/githubmirror/new/by_protocol/vless/vless_009.txt ✅ 解析 262 候选 → 262 个有效节点 → 去重后新增 5 个
[2026-07-11 23:46:12] 📄 https://raw.githubusercontent.com/kort0881/vpn-vless-configs-russia/main/data/githubmirror/new/by_protocol/vless/vless_010.txt ✅ 解析 265 候选 → 265 个有效节点 → 去重后新增 4 个
[2026-07-11 23:46:15] 仓库 https://github.com/pog7x/vpn-configs 无候选文件 (总计 52 blob, 扩展名过滤 4, processed_shas 跳过 23, SHA 缓存跳过 25)
[2026-07-11 23:46:15] 🔗 查子仓库: pog7x/vpn-configs
[2026-07-11 23:46:15] 🔗 开始 Fork 链追踪 (pog7x/vpn-configs)
[2026-07-11 23:46:15] 👤 遍历用户仓库: pog7x
[2026-07-11 23:46:16]   用户 pog7x 共查 0 个仓库
[2026-07-11 23:46:16] 仓库 https://github.com/Freedom-Guard-Builder/Freedom-Finder (分支: main, size: 7209KB, pushed: 2026-07-11T05:46:06Z)
[2026-07-11 23:46:18] 📄 https://raw.githubusercontent.com/kort0881/vpn-vless-configs-russia/main/data/githubmirror/new/by_protocol/vless/vless_008.txt ✅ 解析 285 候选 → 285 个有效节点 → 去重后新增 3 个
[2026-07-11 23:46:25] 🔗 查子仓库: MohammadBahemmat/V2ray-Collector
[2026-07-11 23:46:25] 仓库 https://github.com/Freedom-Guard-Builder/Freedom-Finder 候选文件 10 个
[2026-07-11 23:46:25] 📄 https://raw.githubusercontent.com/kort0881/vpn-vless-configs-russia/main/data/githubmirror/new/by_protocol/vless/vless_011.txt ✅ 解析 278 候选 → 278 个有效节点 → 去重后新增 1 个
[2026-07-11 23:46:25] 📄 https://raw.githubusercontent.com/kort0881/vpn-vless-configs-russia/main/data/githubmirror/new/by_protocol/vless/vless_013.txt ✅ 解析 232 候选 → 232 个有效节点 → 去重后新增 2 个
[2026-07-11 23:46:25] 📄 https://raw.githubusercontent.com/kort0881/vpn-vless-configs-russia/main/data/githubmirror/new/by_protocol/vless/vless_014.txt ✅ 解析 247 候选 → 247 个有效节点 → 去重后新增 2 个
[2026-07-11 23:46:25] 📄 https://raw.githubusercontent.com/kort0881/vpn-vless-configs-russia/main/data/githubmirror/new/by_protocol/vless/vless_012.txt ✅ 解析 307 候选 → 307 个有效节点 → 去重后新增 7 个
[2026-07-11 23:46:26] 📄 https://raw.githubusercontent.com/kort0881/vpn-vless-configs-russia/main/data/githubmirror/new/cf_fresh.txt ✅ 解析 50 候选 → 50 个有效节点 → 去重后新增 32 个
[2026-07-11 23:46:27]   🍴 子仓库: 30 个 → 队列
[2026-07-11 23:46:27] 🔗 开始 Fork 链追踪 (MohammadBahemmat/V2ray-Collector)
[2026-07-11 23:46:27] 👤 遍历用户仓库: MohammadBahemmat
[2026-07-11 23:46:28]   用户 MohammadBahemmat 共查 0 个仓库
[2026-07-11 23:46:28] 仓库 https://github.com/liMilCo/v2r (分支: main, size: 1165083KB, pushed: 2026-07-11T03:28:11Z)
[2026-07-11 23:46:28] 仓库 https://github.com/liMilCo/v2r 候选文件 35 个
[2026-07-11 23:46:37] 📄 https://raw.githubusercontent.com/liMilCo/v2r/main/base64/12.txt ✅ 解析 259 候选 → 259 个有效节点 → 去重后新增 10 个
[2026-07-11 23:46:38] 📄 https://raw.githubusercontent.com/liMilCo/v2r/main/base64/8.txt ✅ 解析 460 候选 → 460 个有效节点 → 去重后新增 28 个
[2026-07-11 23:46:38] 📄 https://raw.githubusercontent.com/liMilCo/v2r/main/base64/10.txt ✅ 解析 459 候选 → 459 个有效节点 → 去重后新增 17 个
[2026-07-11 23:46:38] 📄 https://raw.githubusercontent.com/liMilCo/v2r/main/base64/4.txt ✅ 解析 460 候选 → 460 个有效节点 → 去重后新增 9 个
[2026-07-11 23:46:38] 📄 https://raw.githubusercontent.com/liMilCo/v2r/main/base64/5.txt ✅ 解析 462 候选 → 462 个有效节点 → 去重后新增 24 个
[2026-07-11 23:46:38] 📄 https://raw.githubusercontent.com/liMilCo/v2r/main/base64/6.txt ✅ 解析 463 候选 → 463 个有效节点 → 去重后新增 25 个
[2026-07-11 23:46:38] 📄 https://raw.githubusercontent.com/liMilCo/v2r/main/base64/11.txt ✅ 解析 457 候选 → 457 个有效节点 → 去重后新增 15 个
[2026-07-11 23:46:39] 📄 https://raw.githubusercontent.com/liMilCo/v2r/main/base64/9.txt ✅ 解析 459 候选 → 459 个有效节点 → 去重后新增 19 个
[2026-07-11 23:46:39] 📄 https://raw.githubusercontent.com/liMilCo/v2r/main/base64/7.txt ✅ 解析 468 候选 → 468 个有效节点 → 去重后新增 21 个
[2026-07-11 23:46:39] ⚠️ 并行下载异常: sub/protocols/vless.json: 'utf-8' codec can't encode characters in position 0-3: surrogates not allowed
[2026-07-11 23:46:40] 📄 https://raw.githubusercontent.com/Freedom-Guard-Builder/Freedom-Finder/main/out/configs/all.txt ✅ 解析 437 候选 → 437 个有效节点 → 去重后新增 9 个
[2026-07-11 23:46:40] 仓库 https://github.com/asgharkapk/Sub-Config-Extractor 候选文件较多 (274 个)，先通过 commits API 过滤
[2026-07-11 23:46:43]   Compare API 返回 300 个变更文件 (3 次 API 调用)
[2026-07-11 23:46:43]   commits 过滤: 274 → 207 (变更文件 300 个)
[2026-07-11 23:46:43] 仓库 https://github.com/asgharkapk/Sub-Config-Extractor 候选文件 207 个
[2026-07-11 23:46:45] 📄 https://raw.githubusercontent.com/asgharkapk/Sub-Config-Extractor/main/output_configs/clash/10ium/HiN-VPN/subscription/source/base64/lrnbymaa.yaml ✅ 解析 21 候选 → 21 个有效节点 → 去重后新增 1 个
[2026-07-11 23:46:51] 📄 https://raw.githubusercontent.com/asgharkapk/Sub-Config-Extractor/main/output_configs/clash/10ium/HiN-VPN/subscription/source/base64/v2ray1_ng.yaml ✅ 解析 58 候选 → 58 个有效节点 → 去重后新增 1 个
[2026-07-11 23:46:51] 📄 https://raw.githubusercontent.com/asgharkapk/Sub-Config-Extractor/main/output_configs/clash/10ium/base64-encoder/Surfboardv2ray/_IR.yaml ✅ 解析 67 候选 → 67 个有效节点 → 去重后新增 1 个
[2026-07-11 23:46:51] 📄 https://raw.githubusercontent.com/asgharkapk/Sub-Config-Extractor/main/output_configs/clash/10ium/HiN-VPN/subscription/source/base64/ar14n24b.yaml ✅ 解析 190 候选 → 190 个有效节点 → 去重后新增 1 个
[2026-07-11 23:46:51] 📄 https://raw.githubusercontent.com/asgharkapk/Sub-Config-Extractor/main/output_configs/clash/10ium/V2Hub3/vmess.yaml ✅ 解析 127 候选 → 127 个有效节点 → 去重后新增 2 个
[2026-07-11 23:46:51] 📄 https://raw.githubusercontent.com/asgharkapk/Sub-Config-Extractor/main/output_configs/clash/10ium/base64-encoder/Surfboardv2ray/_ipv6.yaml ✅ 解析 5 候选 → 5 个有效节点 → 去重后新增 4 个
[2026-07-11 23:46:53] 📄 https://raw.githubusercontent.com/asgharkapk/Sub-Config-Extractor/main/output_configs/clash/10ium/V2Hub3/trojan.yaml ✅ 解析 204 候选 → 204 个有效节点 → 去重后新增 1 个
[2026-07-11 23:46:53] 📄 https://raw.githubusercontent.com/asgharkapk/Sub-Config-Extractor/main/output_configs/clash/10ium/V2Hub3/reality.yaml ✅ 解析 192 候选 → 192 个有效节点 → 去重后新增 3 个
[2026-07-11 23:47:04] 📄 https://raw.githubusercontent.com/asgharkapk/Sub-Config-Extractor/main/output_configs/clash/10ium/base64-encoder/10ium_vmess_iran.txt.yaml ✅ 解析 243 候选 → 243 个有效节点 → 去重后新增 9 个
[2026-07-11 23:47:06] 📄 https://raw.githubusercontent.com/DXFH/clash-free-cleaner/main/sub/protocols/vless.txt ✅ 解析 20989 候选 → 20989 个有效节点 → 去重后新增 2 个
[2026-07-11 23:47:06] 📄 https://raw.githubusercontent.com/kort0881/vpn-vless-configs-russia/main/data/githubmirror/clean/vless.txt ✅ 解析 3208 候选 → 3208 个有效节点 → 去重后新增 25 个
[2026-07-11 23:47:06] 下载 separated-protocols-chunks/vless/EbraSha-Protocol-Chunks-vless-068.txt 404，跳过
[2026-07-11 23:47:14] 📄 https://raw.githubusercontent.com/asgharkapk/Sub-Config-Extractor/main/output_configs/clash/Ruk1ng001.yaml ✅ 解析 19 候选 → 19 个有效节点 → 去重后新增 1 个
[2026-07-11 23:47:16] 📄 https://raw.githubusercontent.com/asgharkapk/Sub-Config-Extractor/main/output_configs/clash/10ium/base64-encoder/ebrasha/_lite.yaml ✅ 解析 366 候选 → 366 个有效节点 → 去重后新增 92 个
[2026-07-11 23:47:27] 📄 https://raw.githubusercontent.com/asgharkapk/Sub-Config-Extractor/main/output_configs/clash/10ium/base64-encoder/10ium_trojan_iran.txt.yaml ✅ 解析 526 候选 → 526 个有效节点 → 去重后新增 2 个
[2026-07-11 23:47:27] 📄 https://raw.githubusercontent.com/asgharkapk/Sub-Config-Extractor/main/output_configs/clash/Epodonios/v2ray-configs/Splitted-By-Protocol/trojan.txt.yaml ✅ 解析 295 候选 → 295 个有效节点 → 去重后新增 1 个
[2026-07-11 23:47:28] 📄 https://raw.githubusercontent.com/asgharkapk/Sub-Config-Extractor/main/output_configs/clash/darkvpn.yaml ✅ 解析 14 候选 → 14 个有效节点 → 去重后新增 2 个
[2026-07-11 23:47:28] 📄 https://raw.githubusercontent.com/asgharkapk/Sub-Config-Extractor/main/output_configs/clash/azadnet05.pages.dev/sub/4d794980-54c0-4fcb-8def-c2beaecadbad.yaml ✅ 解析 72 候选 → 72 个有效节点 → 去重后新增 36 个
[2026-07-11 23:47:29] 📄 https://raw.githubusercontent.com/asgharkapk/Sub-Config-Extractor/main/output_configs/clash/ALIILAPRO/v2rayNG-Config/sub.txt.yaml ✅ 解析 511 候选 → 511 个有效节点 → 去重后新增 1 个
[2026-07-11 23:47:51] 🔗 查子仓库: Freedom-Guard-Builder/Freedom-Finder
[2026-07-11 23:47:51]   🍴 子仓库: 1 个 → 队列
[2026-07-11 23:47:51] 🔗 开始 Fork 链追踪 (Freedom-Guard-Builder/Freedom-Finder)
[2026-07-11 23:47:52] 👤 遍历用户仓库: Freedom-Guard-Builder
[2026-07-11 23:47:52]   用户 Freedom-Guard-Builder 共查 0 个仓库
[2026-07-11 23:47:53] 仓库 https://github.com/PENZA84/v2r (分支: main, size: 1161524KB, pushed: 2026-07-11T03:20:24Z)
[2026-07-11 23:47:57] 📄 https://raw.githubusercontent.com/asgharkapk/Sub-Config-Extractor/main/output_configs/clash/hamedp-71/_Sub_Checker_Creator_final.yaml ✅ 解析 229 候选 → 229 个有效节点 → 去重后新增 49 个
[2026-07-11 23:48:05] 仓库 https://github.com/PENZA84/v2r 候选文件 34 个
[2026-07-11 23:48:05] 📄 https://raw.githubusercontent.com/asgharkapk/Sub-Config-Extractor/main/output_configs/clash/maimengmeng/_custom.yaml ✅ 解析 286 候选 → 286 个有效节点 → 去重后新增 166 个
[2026-07-11 23:48:14] 📄 https://raw.githubusercontent.com/asgharkapk/Sub-Config-Extractor/main/output_configs/clash/hamedp-71/_Trojan_hp.yaml ✅ 解析 367 候选 → 367 个有效节点 → 去重后新增 1 个
[2026-07-11 23:48:38] 📄 https://raw.githubusercontent.com/asgharkapk/Sub-Config-Extractor/main/output_configs/clash/10ium/V2Hub3/merged_base64.yaml ✅ 解析 1163 候选 → 1163 个有效节点 → 去重后新增 6 个
[2026-07-11 23:48:39] 📄 https://raw.githubusercontent.com/PENZA84/v2r/main/base64/5.txt ✅ 解析 469 候选 → 469 个有效节点 → 去重后新增 1 个
[2026-07-11 23:48:39] 📦 批次 0020 已持久化: /home/runner/work/test-college/test-college/batches/no_batch_0020.txt (5009 个节点, 累计 95606 个)
[2026-07-11 23:48:41] 📄 https://raw.githubusercontent.com/asgharkapk/Sub-Config-Extractor/main/output_configs/clash/robin.victoriacross.ir.yaml ✅ 解析 558 候选 → 558 个有效节点 → 去重后新增 10 个
[2026-07-11 23:48:43] SHA 缓存已保存: 1156896 条, 2 分片
[2026-07-11 23:48:43] 📄 https://raw.githubusercontent.com/asgharkapk/Sub-Config-Extractor/main/output_configs/clash/MahanKenway/Freedom-V2Ray/main/configs/mix_sub.txt.yaml ✅ 解析 1653 候选 → 1653 个有效节点 → 去重后新增 1 个
[2026-07-11 23:48:43] 📄 https://raw.githubusercontent.com/asgharkapk/Sub-Config-Extractor/main/output_configs/mixed/10ium/base64-encoder/10ium_vmess_iran.txt.yaml ✅ 解析 247 候选 → 247 个有效节点 → 去重后新增 1 个
[2026-07-11 23:48:43] 📄 https://raw.githubusercontent.com/asgharkapk/Sub-Config-Extractor/main/output_configs/clash/Surfboardv2ray/TGParse/splitted/vless.yaml ✅ 解析 1480 候选 → 1480 个有效节点 → 去重后新增 12 个
[2026-07-11 23:48:43] 📄 https://raw.githubusercontent.com/asgharkapk/Sub-Config-Extractor/main/output_configs/mixed/10ium/base64-encoder/10ium_ss_iran.txt.yaml ✅ 解析 365 候选 → 365 个有效节点 → 去重后新增 40 个
[2026-07-11 23:48:45] 📄 https://raw.githubusercontent.com/asgharkapk/Sub-Config-Extractor/main/output_configs/mixed/azadnet05.pages.dev/sub/4d794980-54c0-4fcb-8def-c2beaecadbad.yaml ✅ 解析 36 候选 → 36 个有效节点 → 去重后新增 12 个
[2026-07-11 23:48:45] 📄 https://raw.githubusercontent.com/asgharkapk/Sub-Config-Extractor/main/output_configs/clash/Epodonios/v2ray-configs/All_Configs_base64_Sub.txt.yaml ✅ 解析 2353 候选 → 2353 个有效节点 → 去重后新增 2 个
[2026-07-11 23:48:50] 🔗 查子仓库: liMilCo/v2r
[2026-07-11 23:48:50] 📄 https://raw.githubusercontent.com/asgharkapk/Sub-Config-Extractor/main/output_configs/mixed/maimengmeng/_custom.yaml ✅ 解析 168 候选 → 168 个有效节点 → 去重后新增 47 个
[2026-07-11 23:48:50]   🍴 子仓库: 15 个 → 队列
[2026-07-11 23:48:50] 🔗 开始 Fork 链追踪 (liMilCo/v2r)
[2026-07-11 23:48:51] 👤 遍历用户仓库: liMilCo
[2026-07-11 23:48:51] 🔗 查子仓库: kort0881/vpn-vless-configs-russia
[2026-07-11 23:48:51]   用户 liMilCo 共查 0 个仓库
[2026-07-11 23:48:51] 仓库 https://github.com/Riyoway/Proxcy (分支: main, size: 12402KB, pushed: 2026-07-11T06:19:45Z)
[2026-07-11 23:48:51] 📄 https://raw.githubusercontent.com/asgharkapk/Sub-Config-Extractor/main/output_configs/ss/maimengmeng/_custom.yaml ✅ 解析 72 候选 → 72 个有效节点 → 去重后新增 34 个
[2026-07-11 23:48:52] 仓库 https://github.com/Riyoway/Proxcy 候选文件 6 个
[2026-07-11 23:48:52] 📄 https://raw.githubusercontent.com/asgharkapk/Sub-Config-Extractor/main/output_configs/clash/mahdibland/SSAggregator/sub/sub_merge_base64.txt.yaml ✅ 解析 4984 候选 → 4984 个有效节点 → 去重后新增 1 个
[2026-07-11 23:48:52]   🍴 子仓库: 4 个 → 队列
[2026-07-11 23:48:52] 🔗 开始 Fork 链追踪 (kort0881/vpn-vless-configs-russia)
[2026-07-11 23:48:53] 👤 遍历用户仓库: kort0881
[2026-07-11 23:48:53]   👤 用户仓库: 8 个 → 队列
[2026-07-11 23:48:53]   用户 kort0881 共查 8 个仓库
[2026-07-11 23:48:53] 仓库 https://github.com/zlotus/acl-merge (分支: master, size: 7KB, pushed: 2026-07-11T15:26:43Z)
[2026-07-11 23:48:55] 仓库 https://github.com/zlotus/acl-merge 候选文件 4 个
[2026-07-11 23:48:55] 🔗 查子仓库: PENZA84/v2r
[2026-07-11 23:48:55] 📄 https://raw.githubusercontent.com/asgharkapk/Sub-Config-Extractor/main/output_configs/clash/anaer.yaml ✅ 解析 5559 候选 → 5559 个有效节点 → 去重后新增 615 个
[2026-07-11 23:48:55] 仓库 https://github.com/Riyoway/Proxcy 未提取到节点，加入黑名单
[2026-07-11 23:48:55] 仓库 https://github.com/OldCoding/ACL4SSR (分支: main, size: 12KB, pushed: 2026-07-10T23:22:34Z)
[2026-07-11 23:48:55] 🔗 开始 Fork 链追踪 (PENZA84/v2r)
[2026-07-11 23:48:55] 仓库 https://github.com/OldCoding/ACL4SSR 候选文件 2 个
[2026-07-11 23:48:55] 📄 https://raw.githubusercontent.com/zlotus/acl-merge/master/sample_output.yaml ✅ 解析 1 候选 → 1 个有效节点 → 去重后新增 1 个
[2026-07-11 23:48:55]   父仓库: liMilCo/v2r
[2026-07-11 23:48:55] 🔗 查子仓库: zlotus/acl-merge
[2026-07-11 23:48:55] 🔗 开始 Fork 链追踪 (zlotus/acl-merge)
[2026-07-11 23:48:55] 👤 遍历用户仓库: PENZA84
[2026-07-11 23:48:55] README (OldCoding/ACL4SSR) 404，跳过
[2026-07-11 23:48:55] 仓库 https://github.com/OldCoding/ACL4SSR 未提取到节点，加入黑名单
[2026-07-11 23:48:55] 仓库 https://github.com/Monopink/my-sub (分支: main, size: 634KB, pushed: 2026-07-11T15:20:54Z)
[2026-07-11 23:48:55] 👤 遍历用户仓库: zlotus
[2026-07-11 23:48:55] 仓库 https://github.com/Monopink/my-sub 候选文件 30 个
[2026-07-11 23:48:56] 🔗 查子仓库: nikita29a/FreeProxyList
[2026-07-11 23:48:56]   👤 用户仓库: 20 个 → 队列
[2026-07-11 23:48:56]   用户 zlotus 共查 20 个仓库
[2026-07-11 23:48:56] 仓库 https://github.com/i-ccs/SubConverter-Extended (分支: master, size: 3301KB, pushed: 2026-07-11T12:26:14Z)
[2026-07-11 23:48:56] 仓库 https://github.com/Monopink/my-sub 未提取到节点，加入黑名单
[2026-07-11 23:48:56] 仓库 https://github.com/gfunc/subconvergo (分支: main, size: 1153KB, pushed: 2026-07-11T12:17:12Z)
[2026-07-11 23:48:56]   🍴 子仓库: 7 个 → 队列
[2026-07-11 23:48:56] 🔗 开始 Fork 链追踪 (nikita29a/FreeProxyList)
[2026-07-11 23:48:56] 📄 https://raw.githubusercontent.com/asgharkapk/Sub-Config-Extractor/main/output_configs/mixed/rasool083-sub.yaml ✅ 解析 8219 候选 → 8219 个有效节点 → 去重后新增 106 个
[2026-07-11 23:48:56] 仓库 https://github.com/i-ccs/SubConverter-Extended 候选文件 2 个
[2026-07-11 23:48:56] 👤 遍历用户仓库: nikita29a
[2026-07-11 23:48:56] 📄 https://raw.githubusercontent.com/asgharkapk/Sub-Config-Extractor/main/output_configs/clash/rasool083-sub.yaml ✅ 解析 12845 候选 → 12845 个有效节点 → 去重后新增 779 个
[2026-07-11 23:48:56] 🔗 查子仓库: asgharkapk/Sub-Config-Extractor
[2026-07-11 23:48:56] 仓库 https://github.com/gfunc/subconvergo 候选文件 1 个
[2026-07-11 23:48:57]   用户 nikita29a 共查 0 个仓库
[2026-07-11 23:48:57] 仓库 https://github.com/ironstraight/SubConverter-Extended (分支: master, size: 3236KB, pushed: 2026-07-11T09:47:00Z)
[2026-07-11 23:48:57] 仓库 https://github.com/i-ccs/SubConverter-Extended README 含广告词，加入黑名单
[2026-07-11 23:48:57] 仓库 https://github.com/10ium/subconverter (分支: main, size: 72003KB, pushed: 2026-07-11T07:24:42Z)
[2026-07-11 23:48:57] 仓库 https://github.com/gfunc/subconvergo 未提取到节点，加入黑名单
[2026-07-11 23:48:57] 仓库 https://github.com/hshsr42her/sub-web-modify (分支: master, size: 1853KB, pushed: 2026-07-11T05:46:07Z)
[2026-07-11 23:48:57] 仓库 https://github.com/ironstraight/SubConverter-Extended 无候选文件 (总计 300 blob, 扩展名过滤 245, processed_shas 跳过 1, SHA 缓存跳过 54)
[2026-07-11 23:48:57] 🔗 查子仓库: ironstraight/SubConverter-Extended
[2026-07-11 23:48:57]   🍴 子仓库: 4 个 → 队列
[2026-07-11 23:48:57] 🔗 开始 Fork 链追踪 (asgharkapk/Sub-Config-Extractor)
[2026-07-11 23:48:57] 🔗 开始 Fork 链追踪 (ironstraight/SubConverter-Extended)
[2026-07-11 23:48:57] 🔗 查子仓库: Matrixstar2000/FastNodes
[2026-07-11 23:48:57] 仓库 https://github.com/10ium/subconverter 候选文件 40 个
[2026-07-11 23:48:57] 👤 遍历用户仓库: asgharkapk
[2026-07-11 23:48:57]   父仓库: Aethersailor/SubConverter-Extended
[2026-07-11 23:48:57] 仓库在黑名单中: https://github.com/Aethersailor/SubConverter-Extended
[2026-07-11 23:48:57]   父仓库 +0 个节点
[2026-07-11 23:48:57] 🔗 开始 Fork 链追踪 (Matrixstar2000/FastNodes)
[2026-07-11 23:48:58]   父仓库: rtwo2/FastNodes
[2026-07-11 23:49:00] 👤 遍历用户仓库: Matrixstar2000
[2026-07-11 23:49:00]   👤 用户仓库: 1 个 → 队列
[2026-07-11 23:49:01]   用户 asgharkapk 共查 1 个仓库
[2026-07-11 23:49:01] 仓库 https://github.com/TommyLiu-1985/SubConverter-Extended (分支: master, size: 3236KB, pushed: 2026-07-11T04:08:06Z)
[2026-07-11 23:49:02]   用户 Matrixstar2000 共查 0 个仓库
[2026-07-11 23:49:03] 仓库 https://github.com/anka-io/subconverter (分支: master, size: 7326KB, pushed: 2026-07-10T23:29:59Z)
[2026-07-11 23:49:03] 仓库 https://github.com/hshsr42her/sub-web-modify 候选文件 1 个
[2026-07-11 23:49:04]   用户 PENZA84 共查 0 个仓库[2026-07-11 23:49:04]   🍴 兄弟仓库: 30 个 → 队列

[2026-07-11 23:49:04] 👤 遍历用户仓库: ironstraight[2026-07-11 23:49:04] 仓库 https://github.com/netshowers/SubConverter-Extended (分支: master, size: 9899KB, pushed: 2026-07-10T21:14:20Z)

[2026-07-11 23:49:04] 📄 https://raw.githubusercontent.com/10ium/subconverter/main/output_configs/clash/10ium_telegram_configs_collector_Hysteria_Tuic.yaml ✅ 解析 20 候选 → 20 个有效节点 → 去重后新增 10 个
[2026-07-11 23:49:04] 📄 https://raw.githubusercontent.com/10ium/subconverter/main/output_configs/clash/10ium_telegram_configs_collector_Iran.yaml ✅ 解析 72 候选 → 72 个有效节点 → 去重后新增 30 个
[2026-07-11 23:49:04] 📄 https://raw.githubusercontent.com/10ium/subconverter/main/output_configs/clash/10ium_telegram_configs_collector_GRPC.yaml ✅ 解析 95 候选 → 95 个有效节点 → 去重后新增 33 个
[2026-07-11 23:49:04] 仓库 https://github.com/netshowers/SubConverter-Extended 无候选文件 (总计 300 blob, 扩展名过滤 245, processed_shas 跳过 1, SHA 缓存跳过 54)
[2026-07-11 23:49:04] 🔗 查子仓库: netshowers/SubConverter-Extended
[2026-07-11 23:49:04] 仓库 https://github.com/TommyLiu-1985/SubConverter-Extended 无候选文件 (总计 300 blob, 扩展名过滤 245, processed_shas 跳过 1, SHA 缓存跳过 54)
[2026-07-11 23:49:04] 🔗 查子仓库: TommyLiu-1985/SubConverter-Extended
[2026-07-11 23:49:04] 📄 https://raw.githubusercontent.com/10ium/subconverter/main/output_configs/clash/10ium_multi_proxy_config_fetcher.yaml ✅ 解析 194 候选 → 194 个有效节点 → 去重后新增 1 个
[2026-07-11 23:49:04] 仓库 https://github.com/hshsr42her/sub-web-modify 未提取到节点，加入黑名单
[2026-07-11 23:49:04] 仓库 https://github.com/CoverUp137/SubConverter-Extended (分支: master, size: 3236KB, pushed: 2026-07-10T19:39:37Z)
[2026-07-11 23:49:04] 🔗 开始 Fork 链追踪 (netshowers/SubConverter-Extended)
[2026-07-11 23:49:04] 🔗 开始 Fork 链追踪 (TommyLiu-1985/SubConverter-Extended)
[2026-07-11 23:49:05]   父仓库: Aethersailor/SubConverter-Extended
[2026-07-11 23:49:05]   父仓库: Aethersailor/SubConverter-Extended[2026-07-11 23:49:05] 仓库在黑名单中: https://github.com/Aethersailor/SubConverter-Extended

[2026-07-11 23:49:05] 仓库在黑名单中: https://github.com/Aethersailor/SubConverter-Extended
[2026-07-11 23:49:05]   父仓库 +0 个节点
[2026-07-11 23:49:06]   父仓库 +0 个节点
[2026-07-11 23:49:06]   👤 用户仓库: 19 个 → 队列
[2026-07-11 23:49:07]   用户 ironstraight 共查 19 个仓库
[2026-07-11 23:49:07] 仓库 https://github.com/V2RAYCONFIGSPOOL/V2RAY_SUB (分支: main, size: 284210KB, pushed: 2026-07-11T15:36:36Z)
[2026-07-11 23:49:08]   🍴 兄弟仓库: 15 个 → 队列
[2026-07-11 23:49:08] 👤 遍历用户仓库: netshowers
[2026-07-11 23:49:08] 👤 遍历用户仓库: TommyLiu-1985
[2026-07-11 23:49:08] 仓库 https://github.com/V2RAYCONFIGSPOOL/V2RAY_SUB 候选文件 10 个
[2026-07-11 23:49:08] 📄 https://raw.githubusercontent.com/10ium/subconverter/main/output_configs/clash/10ium_V2rayCollector_Mix.yaml ✅ 解析 400 候选 → 400 个有效节点 → 去重后新增 60 个[2026-07-11 23:49:08] 📄 https://raw.githubusercontent.com/10ium/subconverter/main/output_configs/clash/MrBihal_Meli.yaml ✅ 解析 20 候选 → 20 个有效节点 → 去重后新增 4 个

[2026-07-11 23:49:08] 📄 https://raw.githubusercontent.com/10ium/subconverter/main/output_configs/clash/Telegram_Eag1e_YT.yaml ✅ 解析 41 候选 → 41 个有效节点 → 去重后新增 1 个
[2026-07-11 23:49:08] 📄 https://raw.githubusercontent.com/10ium/subconverter/main/output_configs/clash/10ium_telegram_configs_collector_Reality.yaml ✅ 解析 516 候选 → 516 个有效节点 → 去重后新增 158 个
[2026-07-11 23:49:08] 📄 https://raw.githubusercontent.com/10ium/subconverter/main/output_configs/clash/10ium_V2rayCollectorLite_mixed.yaml ✅ 解析 406 候选 → 406 个有效节点 → 去重后新增 4 个
[2026-07-11 23:49:08] 仓库 https://github.com/CoverUp137/SubConverter-Extended 无候选文件 (总计 300 blob, 扩展名过滤 245, processed_shas 跳过 1, SHA 缓存跳过 54)
[2026-07-11 23:49:08] 🔗 查子仓库: CoverUp137/SubConverter-Extended
[2026-07-11 23:49:08] 📄 https://raw.githubusercontent.com/10ium/subconverter/main/output_configs/clash/gheychiamoozesh_list_mix_count_500_shuffle_false_unique_false.yaml ✅ 解析 123 候选 → 123 个有效节点 → 去重后新增 23 个
[2026-07-11 23:49:08] 仓库 https://github.com/anka-io/subconverter 无候选文件 (总计 508 blob, 扩展名过滤 140, processed_shas 跳过 0, SHA 缓存跳过 368)
[2026-07-11 23:49:08] 🔗 查子仓库: anka-io/subconverter
[2026-07-11 23:49:08] 📄 https://raw.githubusercontent.com/10ium/subconverter/main/output_configs/clash/10ium_V2rayCollectorLite_vmess.yaml ✅ 解析 466 候选 → 466 个有效节点 → 去重后新增 15 个
[2026-07-11 23:49:08] 📄 https://raw.githubusercontent.com/10ium/subconverter/main/output_configs/clash/10ium_telegram_configs_collector_shadowsocks.yaml ✅ 解析 299 候选 → 299 个有效节点 → 去重后新增 60 个
[2026-07-11 23:49:08] 📄 https://raw.githubusercontent.com/10ium/subconverter/main/output_configs/clash/maimengmeng_custom.yaml ✅ 解析 274 候选 → 274 个有效节点 → 去重后新增 30 个
[2026-07-11 23:49:08] 📄 https://raw.githubusercontent.com/10ium/subconverter/main/output_configs/clash/10ium_telegram_configs_collector_trojan.yaml ✅ 解析 439 候选 → 439 个有效节点 → 去重后新增 108 个
[2026-07-11 23:49:08] 🔗 开始 Fork 链追踪 (anka-io/subconverter)[2026-07-11 23:49:08] 🔗 开始 Fork 链追踪 (CoverUp137/SubConverter-Extended)

[2026-07-11 23:49:08]   👤 用户仓库: 3 个 → 队列
[2026-07-11 23:49:09]   用户 TommyLiu-1985 共查 3 个仓库
[2026-07-11 23:49:09]   父仓库: Aethersailor/SubConverter-Extended[2026-07-11 23:49:09] 仓库 https://github.com/AvetGR8/EasyV2raySub (分支: main, size: 11435KB, pushed: 2026-07-11T15:33:07Z)[2026-07-11 23:49:09]   父仓库: tindy2013/subconverter


[2026-07-11 23:49:09] 仓库在黑名单中: https://github.com/Aethersailor/SubConverter-Extended[2026-07-11 23:49:09] ⏭️ 仓库 https://github.com/tindy2013/subconverter 48h 未更新，跳过

[2026-07-11 23:49:09]   父仓库 +0 个节点
[2026-07-11 23:49:10]   父仓库 +0 个节点
[2026-07-11 23:49:10] 仓库 https://github.com/AvetGR8/EasyV2raySub 候选文件 1 个
[2026-07-11 23:49:10] 📄 https://raw.githubusercontent.com/10ium/subconverter/main/output_configs/clash/10ium_telegram_configs_collector_TLS.yaml ✅ 解析 490 候选 → 490 个有效节点 → 去重后新增 64 个
[2026-07-11 23:49:10] 📄 https://raw.githubusercontent.com/10ium/subconverter/main/output_configs/clash/10ium_telegram_configs_collector_TCP.yaml ✅ 解析 575 候选 → 575 个有效节点 → 去重后新增 94 个
[2026-07-11 23:49:10] 🔗 查子仓库: DXFH/clash-free-cleaner
[2026-07-11 23:49:10] 📄 https://raw.githubusercontent.com/10ium/subconverter/main/output_configs/clash/maimengmeng_valid_content_all_mix.yaml ✅ 解析 248 候选 → 248 个有效节点 → 去重后新增 15 个
[2026-07-11 23:49:10] 📄 https://raw.githubusercontent.com/10ium/subconverter/main/output_configs/clash/server_channel_pro_vpnmarket.yaml ✅ 解析 469 候选 → 469 个有效节点 → 去重后新增 185 个
[2026-07-11 23:49:10] 🔗 查子仓库: 10ium/subconverter
[2026-07-11 23:49:10] 🔗 开始 Fork 链追踪 (DXFH/clash-free-cleaner)
[2026-07-11 23:49:10]   🍴 子仓库: 1 个 → 队列
[2026-07-11 23:49:10] 🔗 开始 Fork 链追踪 (10ium/subconverter)
[2026-07-11 23:49:10] 👤 遍历用户仓库: CoverUp137
[2026-07-11 23:49:10]   父仓库: rtwo2/FastNodes
[2026-07-11 23:49:11] 🔗 查子仓库: AvetGR8/EasyV2raySub
[2026-07-11 23:49:11]   父仓库: vpnclashfa-backup/subconverter
[2026-07-11 23:49:11] 仓库在黑名单中: https://github.com/vpnclashfa-backup/subconverter
[2026-07-11 23:49:11]   父仓库 +0 个节点
[2026-07-11 23:49:11]   👤 用户仓库: 30 个 → 队列
[2026-07-11 23:49:11]   用户 netshowers 共查 30 个仓库
[2026-07-11 23:49:11] 仓库 https://github.com/Mokafela/Co-Killer (分支: master, size: 19316KB, pushed: 2026-07-11T15:28:12Z)
[2026-07-11 23:49:11] 🔗 开始 Fork 链追踪 (AvetGR8/EasyV2raySub)
[2026-07-11 23:49:11] 👤 遍历用户仓库: DXFH
[2026-07-11 23:49:11]   🍴 兄弟仓库: 1 个 → 队列
[2026-07-11 23:49:11] 👤 遍历用户仓库: 10ium
[2026-07-11 23:49:11] 仓库 https://github.com/Mokafela/Co-Killer 候选文件 54 个
[2026-07-11 23:49:11] 📄 https://raw.githubusercontent.com/ebrasha/free-v2ray-public-list/main/V2Ray-Config-By-EbraSha-All-Type.txt ✅ 解析 47299 候选 → 47299 个有效节点 → 去重后新增 2 个[2026-07-11 23:49:11] 📄 https://raw.githubusercontent.com/ebrasha/free-v2ray-public-list/main/all_extracted_configs.txt ✅ 解析 50660 候选 → 50660 个有效节点 → 去重后新增 10 个

[2026-07-11 23:49:11] 📄 https://raw.githubusercontent.com/Mokafela/Co-Killer/master/subs/sub-AM.txt ✅ 解析 2 候选 → 2 个有效节点 → 去重后新增 1 个
[2026-07-11 23:49:11]   父仓库: Devindan/EasyV2raySub
[2026-07-11 23:49:11] 🔗 查子仓库: ebrasha/free-v2ray-public-list
[2026-07-11 23:49:11] 🔗 查子仓库: V2RAYCONFIGSPOOL/V2RAY_SUB
[2026-07-11 23:49:12]   🍴 兄弟仓库: 9 个 → 队列
[2026-07-11 23:49:12] 👤 遍历用户仓库: AvetGR8
[2026-07-11 23:49:12]   🍴 兄弟仓库: 30 个 → 队列
[2026-07-11 23:49:12] 👤 遍历用户仓库: anka-io
[2026-07-11 23:49:12]   👤 用户仓库: 30 个 → 队列[2026-07-11 23:49:12]   用户 AvetGR8 共查 0 个仓库

[2026-07-11 23:49:12]   用户 CoverUp137 共查 30 个仓库
[2026-07-11 23:49:12] 仓库 https://github.com/0xRadikal/Free-v2ray-Configs (分支: main, size: 2514024KB, pushed: 2026-07-11T15:22:29Z)
[2026-07-11 23:49:12] 仓库 https://github.com/mikyllyn/v2rayNG (分支: master, size: 35199KB, pushed: 2026-07-11T15:20:38Z)
[2026-07-11 23:49:12] 🔗 查子仓库: Mokafela/Co-Killer
[2026-07-11 23:49:12]   👤 用户仓库: 1 个 → 队列
[2026-07-11 23:49:12]   用户 DXFH 共查 1 个仓库
[2026-07-11 23:49:12] 仓库 https://github.com/Super-Zoe/v2rayN (分支: master, size: 48752KB, pushed: 2026-07-11T15:10:14Z)
[2026-07-11 23:49:12]   🍴 子仓库: 22 个 → 队列
[2026-07-11 23:49:12] 🔗 开始 Fork 链追踪 (V2RAYCONFIGSPOOL/V2RAY_SUB)
[2026-07-11 23:49:12] 🔗 开始 Fork 链追踪 (Mokafela/Co-Killer)
[2026-07-11 23:49:12] 仓库 https://github.com/0xRadikal/Free-v2ray-Configs 候选文件 32 个
[2026-07-11 23:49:12] 👤 遍历用户仓库: V2RAYCONFIGSPOOL
[2026-07-11 23:49:12] 仓库 https://github.com/Super-Zoe/v2rayN 无候选文件 (总计 415 blob, 扩展名过滤 365, processed_shas 跳过 0, SHA 缓存跳过 50)
[2026-07-11 23:49:12] 🔗 查子仓库: Super-Zoe/v2rayN
[2026-07-11 23:49:12] 仓库 https://github.com/mikyllyn/v2rayNG 候选文件 2 个
[2026-07-11 23:49:12] 👤 遍历用户仓库: Mokafela
[2026-07-11 23:49:12] 🔗 开始 Fork 链追踪 (Super-Zoe/v2rayN)
[2026-07-11 23:49:13]   父仓库: 2dust/v2rayN
[2026-07-11 23:49:13]   🍴 子仓库: 30 个 → 队列
[2026-07-11 23:49:13]   用户 V2RAYCONFIGSPOOL 共查 0 个仓库
[2026-07-11 23:49:13] 🔗 开始 Fork 链追踪 (ebrasha/free-v2ray-public-list)[2026-07-11 23:49:13] 仓库 https://github.com/mikyllyn/v2rayNG 未提取到节点，加入黑名单

[2026-07-11 23:49:13] 仓库 https://github.com/shervinofpersia/V2rayng-Psiphon (分支: main, size: 496KB, pushed: 2026-07-11T15:07:17Z)
[2026-07-11 23:49:13]   👤 用户仓库: 15 个 → 队列[2026-07-11 23:49:13] 仓库 https://github.com/Raad63/v2rayN-windows (分支: master, size: 48352KB, pushed: 2026-07-11T15:03:50Z)

[2026-07-11 23:49:14]   用户 Mokafela 共查 15 个仓库[2026-07-11 23:49:14] 👤 遍历用户仓库: ebrasha

[2026-07-11 23:49:14] 仓库 https://github.com/shervinofpersia/V2rayng-Psiphon 候选文件 1 个[2026-07-11 23:49:14] 仓库 https://github.com/barry-far/V2ray-Config (分支: main, size: 9588268KB, pushed: 2026-07-11T14:57:43Z)

[2026-07-11 23:49:16] 🔗 查子仓库: shervinofpersia/V2rayng-Psiphon
[2026-07-11 23:49:16] 🔗 开始 Fork 链追踪 (shervinofpersia/V2rayng-Psiphon)
[2026-07-11 23:49:16]   👤 用户仓库: 30 个 → 队列[2026-07-11 23:49:17] 仓库 https://github.com/Raad63/v2rayN-windows 无候选文件 (总计 415 blob, 扩展名过滤 365, processed_shas 跳过 0, SHA 缓存跳过 50)
[2026-07-11 23:49:17] 👤 遍历用户仓库: shervinofpersia[2026-07-11 23:49:17] 仓库 https://github.com/barry-far/V2ray-Config 无候选文件 (总计 59 blob, 扩展名过滤 2, processed_shas 跳过 32, SHA 缓存跳过 25)


[2026-07-11 23:49:19]   用户 anka-io 共查 30 个仓库[2026-07-11 23:49:19] 🔗 查子仓库: barry-far/V2ray-Config[2026-07-11 23:49:19]   🍴 兄弟仓库: 30 个 → 队列

[2026-07-11 23:49:19] 🔗 查子仓库: Raad63/v2rayN-windows
[2026-07-11 23:49:20]   👤 用户仓库: 18 个 → 队列
[2026-07-11 23:49:21] 👤 遍历用户仓库: Super-Zoe[2026-07-11 23:49:21] 仓库 https://github.com/jing5460/v2rayN (分支: master, size: 48752KB, pushed: 2026-07-11T14:57:24Z)


[2026-07-11 23:49:23]   用户 10ium 共查 18 个仓库[2026-07-11 23:49:23] 🔗 开始 Fork 链追踪 (Raad63/v2rayN-windows)

[2026-07-11 23:49:24]   父仓库: 2dust/v2rayN
[2026-07-11 23:49:24] 仓库 https://github.com/cyzzc/v2rayN (分支: master, size: 48752KB, pushed: 2026-07-11T14:56:18Z)
[2026-07-11 23:49:25]   👤 用户仓库: 30 个 → 队列
[2026-07-11 23:49:25]   用户 ebrasha 共查 30 个仓库
[2026-07-11 23:49:26] 仓库 https://github.com/miladtahanian/V2RayCFGDumper (分支: main, size: 146844KB, pushed: 2026-07-11T14:51:24Z)
[2026-07-11 23:49:26]   👤 用户仓库: 30 个 → 队列
[2026-07-11 23:49:26]   用户 shervinofpersia 共查 30 个仓库
[2026-07-11 23:49:26] 仓库 https://github.com/crackbest/V2ray-Config (分支: main, size: 100417KB, pushed: 2026-07-11T14:51:20Z)
[2026-07-11 23:49:27] 仓库 https://github.com/miladtahanian/V2RayCFGDumper 候选文件 1 个[2026-07-11 23:49:27] 仓库 https://github.com/jing5460/v2rayN 无候选文件 (总计 415 blob, 扩展名过滤 365, processed_shas 跳过 0, SHA 缓存跳过 50)

[2026-07-11 23:49:27] 🔗 查子仓库: jing5460/v2rayN[2026-07-11 23:49:27] 仓库 https://github.com/crackbest/V2ray-Config 候选文件 1 个

[2026-07-11 23:49:28] 仓库 https://github.com/cyzzc/v2rayN 无候选文件 (总计 415 blob, 扩展名过滤 365, processed_shas 跳过 0, SHA 缓存跳过 50)
[2026-07-11 23:49:28] 🔗 查子仓库: cyzzc/v2rayN
[2026-07-11 23:49:28] 🔗 查子仓库: miladtahanian/V2RayCFGDumper
[2026-07-11 23:49:28] 🔗 开始 Fork 链追踪 (jing5460/v2rayN)[2026-07-11 23:49:29] 🔗 开始 Fork 链追踪 (cyzzc/v2rayN)

[2026-07-11 23:49:29]   🍴 子仓库: 24 个 → 队列[2026-07-11 23:49:29]   👤 用户仓库: 30 个 → 队列

[2026-07-11 23:49:30] 🔗 开始 Fork 链追踪 (barry-far/V2ray-Config)[2026-07-11 23:49:30]   父仓库: 2dust/v2rayN[2026-07-11 23:49:30] 📄 https://raw.githubusercontent.com/0xRadikal/Free-v2ray-Configs/main/archive/heavy_duplicates_base64.txt ✅ 解析 1371 候选 → 1371 个有效节点 → 去重后新增 1 个


[2026-07-11 23:49:30]   用户 Super-Zoe 共查 30 个仓库[2026-07-11 23:49:30]   🍴 兄弟仓库: 29 个 → 队列[2026-07-11 23:49:30]   父仓库: 2dust/v2rayN


[2026-07-11 23:49:30] 👤 遍历用户仓库: Raad63[2026-07-11 23:49:30]   🍴 子仓库: 20 个 → 队列[2026-07-11 23:49:30] 仓库 https://github.com/Surfboardv2ray/TGParse (分支: main, size: 3740555KB, pushed: 2026-07-11T14:49:23Z)

[2026-07-11 23:49:30] 👤 遍历用户仓库: barry-far

[2026-07-11 23:49:30] 🔗 开始 Fork 链追踪 (miladtahanian/V2RayCFGDumper)[2026-07-11 23:49:30] 📄 https://raw.githubusercontent.com/crackbest/V2ray-Config/main/config.txt ✅ 解析 410 候选 → 410 个有效节点 → 去重后新增 1 个

[2026-07-11 23:49:31] 🔗 查子仓库: crackbest/V2ray-Config
[2026-07-11 23:49:31]   用户 barry-far 共查 0 个仓库
[2026-07-11 23:49:31] 仓库 https://github.com/Devindan/EasyV2raySub (分支: main, size: 12575KB, pushed: 2026-07-11T14:42:51Z)
[2026-07-11 23:49:31] 👤 遍历用户仓库: miladtahanian
[2026-07-11 23:49:31] 🔗 查子仓库: 0xRadikal/Free-v2ray-Configs
[2026-07-11 23:49:31]   🍴 子仓库: 5 个 → 队列
[2026-07-11 23:49:31] 🔗 开始 Fork 链追踪 (crackbest/V2ray-Config)
[2026-07-11 23:49:31] 仓库 https://github.com/Devindan/EasyV2raySub 候选文件 1 个
[2026-07-11 23:49:31]   🍴 子仓库: 1 个 → 队列[2026-07-11 23:49:31] 👤 遍历用户仓库: crackbest[2026-07-11 23:49:31] 仓库 https://github.com/Surfboardv2ray/TGParse 候选文件 32 个


[2026-07-11 23:49:31] 🔗 开始 Fork 链追踪 (0xRadikal/Free-v2ray-Configs)
[2026-07-11 23:49:31]   👤 用户仓库: 9 个 → 队列
[2026-07-11 23:49:31]   用户 Raad63 共查 9 个仓库
[2026-07-11 23:49:31] 仓库 https://github.com/Arui66/v2rayN (分支: master, size: 48752KB, pushed: 2026-07-11T14:40:18Z)[2026-07-11 23:49:31] 👤 遍历用户仓库: 0xRadikal

[2026-07-11 23:49:31]   用户 crackbest 共查 0 个仓库
[2026-07-11 23:49:31] 仓库 https://github.com/957057/v2rayN (分支: master, size: 48352KB, pushed: 2026-07-11T14:39:10Z)
[2026-07-11 23:49:32] 📄 https://raw.githubusercontent.com/Devindan/EasyV2raySub/main/links3.txt ✅ 解析 556 候选 → 556 个有效节点 → 去重后新增 1 个
[2026-07-11 23:49:32] 🔗 查子仓库: Devindan/EasyV2raySub[2026-07-11 23:49:32] 仓库 https://github.com/Arui66/v2rayN 无候选文件 (总计 415 blob, 扩展名过滤 365, processed_shas 跳过 0, SHA 缓存跳过 50)

[2026-07-11 23:49:32] 🔗 查子仓库: Arui66/v2rayN
[2026-07-11 23:49:32] 仓库 https://github.com/957057/v2rayN 无候选文件 (总计 415 blob, 扩展名过滤 365, processed_shas 跳过 0, SHA 缓存跳过 50)[2026-07-11 23:49:32]   👤 用户仓库: 2 个 → 队列

[2026-07-11 23:49:32] 🔗 查子仓库: 957057/v2rayN[2026-07-11 23:49:32]   用户 miladtahanian 共查 2 个仓库[2026-07-11 23:49:32] 👤 遍历用户仓库: jing5460


[2026-07-11 23:49:32]   👤 用户仓库: 1 个 → 队列
[2026-07-11 23:49:32] 🔗 开始 Fork 链追踪 (Arui66/v2rayN)[2026-07-11 23:49:32] 🔗 开始 Fork 链追踪 (957057/v2rayN)[2026-07-11 23:49:32] 仓库 https://github.com/q7451647-ship-it/v2rayN (分支: master, size: 48381KB, pushed: 2026-07-11T14:32:28Z)[2026-07-11 23:49:32]   用户 0xRadikal 共查 1 个仓库



[2026-07-11 23:49:32] 仓库 https://github.com/linG5821/v2rayN (分支: master, size: 48780KB, pushed: 2026-07-11T14:24:27Z)
[2026-07-11 23:49:32] 👤 遍历用户仓库: cyzzc
[2026-07-11 23:49:33] 🔗 开始 Fork 链追踪 (Devindan/EasyV2raySub)
[2026-07-11 23:49:33]   父仓库: 2dust/v2rayN
[2026-07-11 23:49:33] 👤 遍历用户仓库: Devindan[2026-07-11 23:49:33]   父仓库: 2dust/v2rayN

[2026-07-11 23:49:37] 仓库 https://github.com/linG5821/v2rayN 无候选文件 (总计 415 blob, 扩展名过滤 365, processed_shas 跳过 0, SHA 缓存跳过 50)[2026-07-11 23:49:37] 仓库 https://github.com/q7451647-ship-it/v2rayN 无候选文件 (总计 415 blob, 扩展名过滤 365, processed_shas 跳过 0, SHA 缓存跳过 50)

[2026-07-11 23:49:37]   用户 Devindan 共查 0 个仓库[2026-07-11 23:49:37] 🔗 查子仓库: linG5821/v2rayN[2026-07-11 23:49:37] 📄 https://raw.githubusercontent.com/Surfboardv2ray/TGParse/main/configtg.txt ✅ 解析 2310 候选 → 2310 个有效节点 → 去重后新增 2 个
[2026-07-11 23:49:37] 🔗 查子仓库: q7451647-ship-it/v2rayN


[2026-07-11 23:49:38] 仓库 https://github.com/teamy/v2rayN (分支: master, size: 48780KB, pushed: 2026-07-11T14:24:13Z)
[2026-07-11 23:49:40] 👤 遍历用户仓库: 957057[2026-07-11 23:49:40] 🔗 开始 Fork 链追踪 (q7451647-ship-it/v2rayN)

[2026-07-11 23:49:41] 🔗 开始 Fork 链追踪 (linG5821/v2rayN)[2026-07-11 23:49:41] 👤 遍历用户仓库: Arui66

[2026-07-11 23:49:42] 仓库 https://github.com/teamy/v2rayN 无候选文件 (总计 415 blob, 扩展名过滤 365, processed_shas 跳过 0, SHA 缓存跳过 50)
[2026-07-11 23:49:42] 🔗 查子仓库: teamy/v2rayN
[2026-07-11 23:49:43] 🔗 开始 Fork 链追踪 (teamy/v2rayN)
[2026-07-11 23:49:43]   父仓库: 2dust/v2rayN
[2026-07-11 23:49:43]   父仓库: 2dust/v2rayN
[2026-07-11 23:49:44]   父仓库: 2dust/v2rayN
[2026-07-11 23:49:46]   👤 用户仓库: 30 个 → 队列
[2026-07-11 23:49:46]   用户 cyzzc 共查 30 个仓库
[2026-07-11 23:49:46] 仓库 https://github.com/WANGjs6736/v2rayN (分支: master, size: 48780KB, pushed: 2026-07-11T14:23:15Z)
[2026-07-11 23:49:48]   👤 用户仓库: 30 个 → 队列
[2026-07-11 23:49:48]   用户 Arui66 共查 30 个仓库
[2026-07-11 23:49:48] 👤 遍历用户仓库: q7451647-ship-it
[2026-07-11 23:49:48] 仓库 https://github.com/qaz-t/v2rayN (分支: master, size: 48780KB, pushed: 2026-07-11T14:23:07Z)
[2026-07-11 23:49:48] 仓库 https://github.com/WANGjs6736/v2rayN 无候选文件 (总计 415 blob, 扩展名过滤 365, processed_shas 跳过 0, SHA 缓存跳过 50)
[2026-07-11 23:49:48] 🔗 查子仓库: WANGjs6736/v2rayN
[2026-07-11 23:49:49] 🔗 开始 Fork 链追踪 (WANGjs6736/v2rayN)
[2026-07-11 23:49:49]   👤 用户仓库: 4 个 → 队列
[2026-07-11 23:49:49] 👤 遍历用户仓库: linG5821
[2026-07-11 23:49:49]   用户 q7451647-ship-it 共查 4 个仓库[2026-07-11 23:49:49]   父仓库: 2dust/v2rayN[2026-07-11 23:49:49] 👤 遍历用户仓库: teamy
[2026-07-11 23:49:49] 仓库 https://github.com/qaz-t/v2rayN 无候选文件 (总计 415 blob, 扩展名过滤 365, processed_shas 跳过 0, SHA 缓存跳过 50)


[2026-07-11 23:49:49]   👤 用户仓库: 30 个 → 队列
[2026-07-11 23:49:49] 🔗 查子仓库: qaz-t/v2rayN[2026-07-11 23:49:49] 仓库 https://github.com/GH6324/v2rayN (分支: master, size: 48780KB, pushed: 2026-07-11T14:17:21Z)

[2026-07-11 23:49:49]   用户 957057 共查 30 个仓库
[2026-07-11 23:49:49] 仓库 https://github.com/dumpmemory/v2rayN (分支: master, size: 48780KB, pushed: 2026-07-11T14:12:45Z)
[2026-07-11 23:49:49] 🔗 开始 Fork 链追踪 (qaz-t/v2rayN)
[2026-07-11 23:49:49] 📄 https://raw.githubusercontent.com/Surfboardv2ray/TGParse/main/archives/202607/2026-07-10_18-20-17/mixed ✅ 解析 2434 候选 → 2434 个有效节点 → 去重后新增 1 个
[2026-07-11 23:49:49] 🔗 查子仓库: Surfboardv2ray/TGParse
[2026-07-11 23:49:50] 仓库 https://github.com/GH6324/v2rayN 无候选文件 (总计 415 blob, 扩展名过滤 365, processed_shas 跳过 0, SHA 缓存跳过 50)
[2026-07-11 23:49:50] 🔗 查子仓库: GH6324/v2rayN
[2026-07-11 23:49:50] 仓库 https://github.com/dumpmemory/v2rayN 无候选文件 (总计 415 blob, 扩展名过滤 365, processed_shas 跳过 0, SHA 缓存跳过 50)
[2026-07-11 23:49:50] 🔗 查子仓库: dumpmemory/v2rayN
[2026-07-11 23:49:50] 🔗 开始 Fork 链追踪 (GH6324/v2rayN)
[2026-07-11 23:49:50]   父仓库: 2dust/v2rayN
[2026-07-11 23:49:50] 🔗 开始 Fork 链追踪 (dumpmemory/v2rayN)
[2026-07-11 23:49:50]   👤 用户仓库: 30 个 → 队列
[2026-07-11 23:49:50]   用户 jing5460 共查 30 个仓库
[2026-07-11 23:49:50] 仓库 https://github.com/A-Archives-and-Forks/v2rayN (分支: master, size: 48780KB, pushed: 2026-07-11T14:12:11Z)
[2026-07-11 23:49:50]   父仓库: 2dust/v2rayN
[2026-07-11 23:49:50]   父仓库: 2dust/v2rayN
[2026-07-11 23:49:50] 仓库 https://github.com/A-Archives-and-Forks/v2rayN 无候选文件 (总计 415 blob, 扩展名过滤 365, processed_shas 跳过 0, SHA 缓存跳过 50)
[2026-07-11 23:49:50] 🔗 查子仓库: A-Archives-and-Forks/v2rayN
[2026-07-11 23:49:50]   👤 用户仓库: 30 个 → 队列
[2026-07-11 23:49:50]   用户 teamy 共查 30 个仓库
[2026-07-11 23:49:50] 仓库 https://github.com/windzyyy/v2rayN (分支: master, size: 48381KB, pushed: 2026-07-11T14:10:08Z)
[2026-07-11 23:49:50]   👤 用户仓库: 30 个 → 队列
[2026-07-11 23:49:50]   用户 linG5821 共查 30 个仓库
[2026-07-11 23:49:50] 仓库 https://github.com/woyin/v2rayN (分支: master, size: 48381KB, pushed: 2026-07-11T14:09:13Z)
[2026-07-11 23:49:50] 🔗 开始 Fork 链追踪 (A-Archives-and-Forks/v2rayN)
[2026-07-11 23:49:50]   🍴 子仓库: 29 个 → 队列
[2026-07-11 23:49:50] 🔗 开始 Fork 链追踪 (Surfboardv2ray/TGParse)
[2026-07-11 23:49:50] 仓库 https://github.com/windzyyy/v2rayN 无候选文件 (总计 415 blob, 扩展名过滤 365, processed_shas 跳过 0, SHA 缓存跳过 50)
[2026-07-11 23:49:50] 🔗 查子仓库: windzyyy/v2rayN
[2026-07-11 23:49:50] 仓库 https://github.com/woyin/v2rayN 无候选文件 (总计 415 blob, 扩展名过滤 365, processed_shas 跳过 0, SHA 缓存跳过 50)
[2026-07-11 23:49:50] 🔗 查子仓库: woyin/v2rayN
[2026-07-11 23:49:50]   父仓库: 2dust/v2rayN
[2026-07-11 23:49:50] 🔗 开始 Fork 链追踪 (windzyyy/v2rayN)
[2026-07-11 23:49:50] 👤 遍历用户仓库: Surfboardv2ray
[2026-07-11 23:49:50] 🔗 开始 Fork 链追踪 (woyin/v2rayN)
[2026-07-11 23:49:50]   父仓库: 2dust/v2rayN
[2026-07-11 23:49:51]   父仓库: 2dust/v2rayN
[2026-07-11 23:49:51] 👤 遍历用户仓库: WANGjs6736
[2026-07-11 23:49:51]   👤 用户仓库: 6 个 → 队列
[2026-07-11 23:49:51]   用户 Surfboardv2ray 共查 6 个仓库
[2026-07-11 23:49:51] 仓库 https://github.com/ppker/v2rayN (分支: master, size: 48780KB, pushed: 2026-07-11T13:58:15Z)
[2026-07-11 23:49:51] 👤 遍历用户仓库: A-Archives-and-Forks
[2026-07-11 23:49:51] 👤 遍历用户仓库: dumpmemory
[2026-07-11 23:49:51] 仓库 https://github.com/ppker/v2rayN 无候选文件 (总计 415 blob, 扩展名过滤 365, processed_shas 跳过 0, SHA 缓存跳过 50)
[2026-07-11 23:49:51] 🔗 查子仓库: ppker/v2rayN
[2026-07-11 23:49:51] 👤 遍历用户仓库: qaz-t
[2026-07-11 23:49:51] 👤 遍历用户仓库: GH6324
[2026-07-11 23:49:51] 🔗 开始 Fork 链追踪 (ppker/v2rayN)
[2026-07-11 23:49:51]   👤 用户仓库: 25 个 → 队列
[2026-07-11 23:49:51]   用户 WANGjs6736 共查 25 个仓库
[2026-07-11 23:49:51] 仓库 https://github.com/chenlong622/v2rayN (分支: master, size: 48381KB, pushed: 2026-07-11T13:53:04Z)
[2026-07-11 23:49:52] 👤 遍历用户仓库: woyin
[2026-07-11 23:49:52]   父仓库: 2dust/v2rayN
[2026-07-11 23:49:52] 仓库 https://github.com/chenlong622/v2rayN 无候选文件 (总计 415 blob, 扩展名过滤 365, processed_shas 跳过 0, SHA 缓存跳过 50)
[2026-07-11 23:49:52] 🔗 查子仓库: chenlong622/v2rayN
[2026-07-11 23:49:52] 🔗 开始 Fork 链追踪 (chenlong622/v2rayN)
[2026-07-11 23:49:52]   👤 用户仓库: 27 个 → 队列
[2026-07-11 23:49:52]   用户 qaz-t 共查 27 个仓库
[2026-07-11 23:49:52] 仓库 https://github.com/sysit/v2rayNG (分支: master, size: 35663KB, pushed: 2026-07-11T13:52:09Z)
[2026-07-11 23:49:52] 👤 遍历用户仓库: windzyyy
[2026-07-11 23:49:52]   父仓库: 2dust/v2rayN
[2026-07-11 23:49:52] 仓库 https://github.com/sysit/v2rayNG 无候选文件 (总计 388 blob, 扩展名过滤 365, processed_shas 跳过 0, SHA 缓存跳过 23)
[2026-07-11 23:49:52] 🔗 查子仓库: sysit/v2rayNG
[2026-07-11 23:49:52] 🔗 开始 Fork 链追踪 (sysit/v2rayNG)
[2026-07-11 23:49:52]   👤 用户仓库: 9 个 → 队列
[2026-07-11 23:49:52]   用户 windzyyy 共查 9 个仓库
[2026-07-11 23:49:52] 仓库 https://github.com/ethanjiang7/v2rayN (分支: master, size: 48381KB, pushed: 2026-07-11T13:46:05Z)
[2026-07-11 23:49:52]   父仓库: 2dust/v2rayNG
[2026-07-11 23:49:52] ⏭️ 仓库 https://github.com/2dust/v2rayNG 30h 未更新，跳过
[2026-07-11 23:49:52]   父仓库 +0 个节点
[2026-07-11 23:49:52] 仓库 https://github.com/ethanjiang7/v2rayN 无候选文件 (总计 415 blob, 扩展名过滤 365, processed_shas 跳过 0, SHA 缓存跳过 50)
[2026-07-11 23:49:52] 🔗 查子仓库: ethanjiang7/v2rayN
[2026-07-11 23:49:52] 🔗 开始 Fork 链追踪 (ethanjiang7/v2rayN)
[2026-07-11 23:49:53] 👤 遍历用户仓库: ppker
[2026-07-11 23:49:53]   父仓库: 2dust/v2rayN
[2026-07-11 23:49:53] 👤 遍历用户仓库: chenlong622
[2026-07-11 23:49:54]   🍴 兄弟仓库: 30 个 → 队列
[2026-07-11 23:49:54] 👤 遍历用户仓库: sysit
[2026-07-11 23:49:54] 👤 遍历用户仓库: ethanjiang7
[2026-07-11 23:49:54]   👤 用户仓库: 12 个 → 队列
[2026-07-11 23:49:54]   用户 sysit 共查 12 个仓库
[2026-07-11 23:49:54] 仓库 https://github.com/linyanghao/v2rayN (分支: master, size: 48780KB, pushed: 2026-07-11T13:43:17Z)
[2026-07-11 23:49:54] 仓库 https://github.com/linyanghao/v2rayN 无候选文件 (总计 415 blob, 扩展名过滤 365, processed_shas 跳过 0, SHA 缓存跳过 50)
[2026-07-11 23:49:54] 🔗 查子仓库: linyanghao/v2rayN
[2026-07-11 23:49:54] 🔗 开始 Fork 链追踪 (linyanghao/v2rayN)
[2026-07-11 23:49:54]   👤 用户仓库: 30 个 → 队列
[2026-07-11 23:49:54]   用户 woyin 共查 30 个仓库
[2026-07-11 23:49:54] 仓库 https://github.com/sincalaway/v2rayN (分支: master, size: 48381KB, pushed: 2026-07-11T13:39:03Z)
[2026-07-11 23:49:54]   父仓库: 2dust/v2rayN
[2026-07-11 23:49:55] 仓库 https://github.com/sincalaway/v2rayN 无候选文件 (总计 415 blob, 扩展名过滤 365, processed_shas 跳过 0, SHA 缓存跳过 50)
[2026-07-11 23:49:55] 🔗 查子仓库: sincalaway/v2rayN
[2026-07-11 23:49:55] 🔗 开始 Fork 链追踪 (sincalaway/v2rayN)
[2026-07-11 23:49:55]   父仓库: 2dust/v2rayN
[2026-07-11 23:49:55]   👤 用户仓库: 30 个 → 队列
[2026-07-11 23:49:55]   用户 ethanjiang7 共查 30 个仓库
[2026-07-11 23:49:55] 仓库 https://github.com/dxyzx0/v2rayN (分支: master, size: 48780KB, pushed: 2026-07-11T13:36:34Z)
[2026-07-11 23:49:55]   👤 用户仓库: 30 个 → 队列
[2026-07-11 23:49:55]   用户 chenlong622 共查 30 个仓库
[2026-07-11 23:49:55] 仓库 https://github.com/rsoorajs/v2rayN (分支: master, size: 48780KB, pushed: 2026-07-11T13:35:38Z)
[2026-07-11 23:49:55] 仓库 https://github.com/rsoorajs/v2rayN 无候选文件 (总计 415 blob, 扩展名过滤 365, processed_shas 跳过 0, SHA 缓存跳过 50)
[2026-07-11 23:49:55] 🔗 查子仓库: rsoorajs/v2rayN
[2026-07-11 23:49:55] 仓库 https://github.com/dxyzx0/v2rayN 无候选文件 (总计 415 blob, 扩展名过滤 365, processed_shas 跳过 0, SHA 缓存跳过 50)
[2026-07-11 23:49:55] 🔗 查子仓库: dxyzx0/v2rayN
[2026-07-11 23:49:55] 🔗 开始 Fork 链追踪 (rsoorajs/v2rayN)
[2026-07-11 23:49:55] 🔗 开始 Fork 链追踪 (dxyzx0/v2rayN)
[2026-07-11 23:49:55] 👤 遍历用户仓库: linyanghao
[2026-07-11 23:49:55]   父仓库: 2dust/v2rayN
[2026-07-11 23:49:56]   父仓库: 2dust/v2rayN
[2026-07-11 23:49:56] ⏱️ [25/122] mihomo pushed:>2026-07-10T15:34:46Z fork:true -language:HTML | 377s | +3643
[2026-07-11 23:49:56] 👤 遍历用户仓库: sincalaway
[2026-07-11 23:49:56]   👤 用户仓库: 30 个 → 队列
[2026-07-11 23:49:56]   用户 A-Archives-and-Forks 共查 30 个仓库
[2026-07-11 23:49:56] 仓库 https://github.com/tianhm/v2rayN (分支: master, size: 48381KB, pushed: 2026-07-11T13:31:15Z)
[2026-07-11 23:49:56]   👤 用户仓库: 30 个 → 队列
[2026-07-11 23:49:56]   用户 GH6324 共查 30 个仓库
[2026-07-11 23:49:56] 仓库 https://github.com/catcat0921/v2rayN (分支: master, size: 48780KB, pushed: 2026-07-11T13:28:25Z)
[2026-07-11 23:49:56] 👤 遍历用户仓库: rsoorajs
[2026-07-11 23:49:56] 👤 遍历用户仓库: dxyzx0
[2026-07-11 23:49:56]   👤 用户仓库: 30 个 → 队列
[2026-07-11 23:49:56]   用户 linyanghao 共查 30 个仓库
[2026-07-11 23:49:56] 仓库 https://github.com/ofepo/v2rayN (分支: master, size: 48780KB, pushed: 2026-07-11T13:27:26Z)
[2026-07-11 23:49:57] 仓库 https://github.com/tianhm/v2rayN 无候选文件 (总计 415 blob, 扩展名过滤 365, processed_shas 跳过 0, SHA 缓存跳过 50)
[2026-07-11 23:49:57] 🔗 查子仓库: tianhm/v2rayN
[2026-07-11 23:49:57] 🔗 开始 Fork 链追踪 (tianhm/v2rayN)
[2026-07-11 23:49:57] 仓库 https://github.com/catcat0921/v2rayN 无候选文件 (总计 415 blob, 扩展名过滤 365, processed_shas 跳过 0, SHA 缓存跳过 50)
[2026-07-11 23:49:57] 🔗 查子仓库: catcat0921/v2rayN
[2026-07-11 23:49:57] 🔗 开始 Fork 链追踪 (catcat0921/v2rayN)
[2026-07-11 23:49:57] 仓库 https://github.com/ofepo/v2rayN 无候选文件 (总计 415 blob, 扩展名过滤 365, processed_shas 跳过 0, SHA 缓存跳过 50)
[2026-07-11 23:49:57] 🔗 查子仓库: ofepo/v2rayN
[2026-07-11 23:49:57]   父仓库: 2dust/v2rayN
[2026-07-11 23:49:57] 🔗 开始 Fork 链追踪 (ofepo/v2rayN)
[2026-07-11 23:49:57]   父仓库: 2dust/v2rayN
[2026-07-11 23:49:57]   父仓库: 2dust/v2rayN
[2026-07-11 23:49:57]   👤 用户仓库: 30 个 → 队列
[2026-07-11 23:49:57]   用户 dxyzx0 共查 30 个仓库
[2026-07-11 23:49:57] 仓库 https://github.com/xwcyg6/v2raynode (分支: main, size: 852KB, pushed: 2026-07-11T13:20:57Z)
[2026-07-11 23:49:58] 仓库 https://github.com/xwcyg6/v2raynode 无候选文件 (总计 115 blob, 扩展名过滤 95, processed_shas 跳过 0, SHA 缓存跳过 20)
[2026-07-11 23:49:58] 🔗 查子仓库: xwcyg6/v2raynode
[2026-07-11 23:49:58] 🔗 开始 Fork 链追踪 (xwcyg6/v2raynode)
[2026-07-11 23:49:58] 👤 遍历用户仓库: tianhm
[2026-07-11 23:49:58] 👤 遍历用户仓库: catcat0921
[2026-07-11 23:49:58]   👤 用户仓库: 30 个 → 队列
[2026-07-11 23:49:58]   用户 dumpmemory 共查 30 个仓库
[2026-07-11 23:49:58] 仓库 https://github.com/lidebyte/v2rayN (分支: master, size: 48381KB, pushed: 2026-07-11T13:17:21Z)
[2026-07-11 23:49:58]   父仓库: nodesfree/v2raynode
[2026-07-11 23:49:58] 仓库在黑名单中: https://github.com/nodesfree/v2raynode
[2026-07-11 23:49:58]   父仓库 +0 个节点
[2026-07-11 23:49:58] 👤 遍历用户仓库: ofepo
[2026-07-11 23:49:58] 仓库 https://github.com/lidebyte/v2rayN 无候选文件 (总计 415 blob, 扩展名过滤 365, processed_shas 跳过 0, SHA 缓存跳过 50)
[2026-07-11 23:49:58] 🔗 查子仓库: lidebyte/v2rayN
[2026-07-11 23:49:58] 🔗 开始 Fork 链追踪 (lidebyte/v2rayN)
[2026-07-11 23:49:58]   👤 用户仓库: 30 个 → 队列
[2026-07-11 23:49:58]   用户 sincalaway 共查 30 个仓库
[2026-07-11 23:49:58] 仓库 https://github.com/yongshuai1013/v2rayNG (分支: master, size: 35663KB, pushed: 2026-07-11T13:08:36Z)
[2026-07-11 23:49:58]   🍴 兄弟仓库: 10 个 → 队列
[2026-07-11 23:49:58] 👤 遍历用户仓库: xwcyg6
[2026-07-11 23:49:59]   父仓库: 2dust/v2rayN
[2026-07-11 23:49:59] 仓库 https://github.com/yongshuai1013/v2rayNG 无候选文件 (总计 388 blob, 扩展名过滤 365, processed_shas 跳过 0, SHA 缓存跳过 23)
[2026-07-11 23:49:59] 🔗 查子仓库: yongshuai1013/v2rayNG
[2026-07-11 23:49:59] 🔗 开始 Fork 链追踪 (yongshuai1013/v2rayNG)
[2026-07-11 23:49:59]   父仓库: 2dust/v2rayNG
[2026-07-11 23:49:59] ⏭️ 仓库 https://github.com/2dust/v2rayNG 30h 未更新，跳过
[2026-07-11 23:49:59]   父仓库 +0 个节点
[2026-07-11 23:49:59]   👤 用户仓库: 30 个 → 队列
[2026-07-11 23:49:59]   用户 ppker 共查 30 个仓库
[2026-07-11 23:49:59] 仓库 https://github.com/josbu/v2rayNG (分支: master, size: 48381KB, pushed: 2026-07-11T13:07:31Z)
[2026-07-11 23:49:59] 仓库 https://github.com/josbu/v2rayNG 无候选文件 (总计 415 blob, 扩展名过滤 365, processed_shas 跳过 0, SHA 缓存跳过 50)
[2026-07-11 23:49:59] 🔗 查子仓库: josbu/v2rayNG
[2026-07-11 23:50:00]   🍴 子仓库: 1 个 → 队列
[2026-07-11 23:50:00] 🔗 开始 Fork 链追踪 (josbu/v2rayNG)
[2026-07-11 23:50:00]   👤 用户仓库: 30 个 → 队列
[2026-07-11 23:50:00]   用户 ofepo 共查 30 个仓库
[2026-07-11 23:50:00] 仓库 https://github.com/ws94666ws/v2rayN (分支: master, size: 48780KB, pushed: 2026-07-11T13:01:18Z)
[2026-07-11 23:50:00]   👤 用户仓库: 30 个 → 队列
[2026-07-11 23:50:00]   用户 xwcyg6 共查 30 个仓库
[2026-07-11 23:50:00] 仓库 https://github.com/selenologist99/v2rayN (分支: master, size: 48381KB, pushed: 2026-07-11T12:58:07Z)
[2026-07-11 23:50:00]   父仓库: 2dust/v2rayN
[2026-07-11 23:50:00] 仓库 https://github.com/ws94666ws/v2rayN 无候选文件 (总计 415 blob, 扩展名过滤 365, processed_shas 跳过 0, SHA 缓存跳过 50)
[2026-07-11 23:50:00] 🔗 查子仓库: ws94666ws/v2rayN
[2026-07-11 23:50:00]   🍴 兄弟仓库: 29 个 → 队列
[2026-07-11 23:50:00] 👤 遍历用户仓库: yongshuai1013
[2026-07-11 23:50:00] 🔗 开始 Fork 链追踪 (ws94666ws/v2rayN)
[2026-07-11 23:50:00] 仓库 https://github.com/selenologist99/v2rayN 无候选文件 (总计 415 blob, 扩展名过滤 365, processed_shas 跳过 0, SHA 缓存跳过 50)
[2026-07-11 23:50:00] 🔗 查子仓库: selenologist99/v2rayN
[2026-07-11 23:50:00] 🔗 开始 Fork 链追踪 (selenologist99/v2rayN)
[2026-07-11 23:50:00] ⏱️ [26/122] Hiddify pushed:>2026-07-10T15:34:46Z fork:true -language:HTM | 4s | +0
[2026-07-11 23:50:00]   父仓库: 2dust/v2rayN
[2026-07-11 23:50:00] 👤 遍历用户仓库: lidebyte
[2026-07-11 23:50:00]   父仓库: 2dust/v2rayN
[2026-07-11 23:50:01]   👤 用户仓库: 30 个 → 队列
[2026-07-11 23:50:01]   用户 catcat0921 共查 30 个仓库
[2026-07-11 23:50:01] 仓库 https://github.com/Orynomnix/v2rayN (分支: master, size: 48780KB, pushed: 2026-07-11T12:38:09Z)
[2026-07-11 23:50:01] 仓库 https://github.com/Orynomnix/v2rayN 无候选文件 (总计 415 blob, 扩展名过滤 365, processed_shas 跳过 0, SHA 缓存跳过 50)
[2026-07-11 23:50:01] 🔗 查子仓库: Orynomnix/v2rayN
[2026-07-11 23:50:01]   👤 用户仓库: 30 个 → 队列
[2026-07-11 23:50:01]   用户 rsoorajs 共查 30 个仓库
[2026-07-11 23:50:01] 仓库 https://github.com/lwhx/v2rayN (分支: master, size: 48381KB, pushed: 2026-07-11T12:30:20Z)
[2026-07-11 23:50:01] 👤 遍历用户仓库: josbu
[2026-07-11 23:50:01] 🔗 开始 Fork 链追踪 (Orynomnix/v2rayN)
[2026-07-11 23:50:01] 仓库 https://github.com/lwhx/v2rayN 无候选文件 (总计 415 blob, 扩展名过滤 365, processed_shas 跳过 0, SHA 缓存跳过 50)
[2026-07-11 23:50:01] 🔗 查子仓库: lwhx/v2rayN
[2026-07-11 23:50:01] 🔗 开始 Fork 链追踪 (lwhx/v2rayN)
[2026-07-11 23:50:01]   👤 用户仓库: 30 个 → 队列
[2026-07-11 23:50:01]   用户 yongshuai1013 共查 30 个仓库
[2026-07-11 23:50:01] 仓库 https://github.com/LHONG1008/v2rayN (分支: master, size: 48780KB, pushed: 2026-07-11T11:55:12Z)
[2026-07-11 23:50:01]   父仓库: 2dust/v2rayN
[2026-07-11 23:50:01] 👤 遍历用户仓库: ws94666ws
[2026-07-11 23:50:01] 👤 遍历用户仓库: selenologist99
[2026-07-11 23:50:01]   父仓库: 2dust/v2rayN
[2026-07-11 23:50:01] 仓库 https://github.com/LHONG1008/v2rayN 无候选文件 (总计 415 blob, 扩展名过滤 365, processed_shas 跳过 0, SHA 缓存跳过 50)
[2026-07-11 23:50:01] 🔗 查子仓库: LHONG1008/v2rayN
[2026-07-11 23:50:02] 🔗 开始 Fork 链追踪 (LHONG1008/v2rayN)
[2026-07-11 23:50:02]   父仓库: 2dust/v2rayN
[2026-07-11 23:50:02] 👤 遍历用户仓库: Orynomnix
[2026-07-11 23:50:02]   👤 用户仓库: 30 个 → 队列
[2026-07-11 23:50:02]   用户 selenologist99 共查 30 个仓库
[2026-07-11 23:50:02] 仓库 https://github.com/fenwehome/v2rayN (分支: master, size: 48381KB, pushed: 2026-07-11T11:47:12Z)
[2026-07-11 23:50:02] 仓库 https://github.com/fenwehome/v2rayN 无候选文件 (总计 415 blob, 扩展名过滤 365, processed_shas 跳过 0, SHA 缓存跳过 50)
[2026-07-11 23:50:02] 🔗 查子仓库: fenwehome/v2rayN
[2026-07-11 23:50:03] 🔗 开始 Fork 链追踪 (fenwehome/v2rayN)
[2026-07-11 23:50:03]   👤 用户仓库: 27 个 → 队列
[2026-07-11 23:50:03]   用户 Orynomnix 共查 27 个仓库
[2026-07-11 23:50:03] 仓库 https://github.com/Mu-L/v2rayN (分支: master, size: 48780KB, pushed: 2026-07-11T11:46:27Z)
[2026-07-11 23:50:03] 👤 遍历用户仓库: LHONG1008
[2026-07-11 23:50:03] 👤 遍历用户仓库: lwhx
[2026-07-11 23:50:03]   父仓库: 2dust/v2rayN
[2026-07-11 23:50:03] 仓库 https://github.com/Mu-L/v2rayN 无候选文件 (总计 415 blob, 扩展名过滤 365, processed_shas 跳过 0, SHA 缓存跳过 50)
[2026-07-11 23:50:03] 🔗 查子仓库: Mu-L/v2rayN
[2026-07-11 23:50:03]   👤 用户仓库: 30 个 → 队列
[2026-07-11 23:50:03]   用户 lidebyte 共查 30 个仓库
[2026-07-11 23:50:03] 仓库 https://github.com/ipx2001/v2rayN (分支: master, size: 48780KB, pushed: 2026-07-11T11:46:08Z)
[2026-07-11 23:50:03] 🔗 开始 Fork 链追踪 (Mu-L/v2rayN)
[2026-07-11 23:50:03]   父仓库: 2dust/v2rayN
[2026-07-11 23:50:03] 仓库 https://github.com/ipx2001/v2rayN 无候选文件 (总计 415 blob, 扩展名过滤 365, processed_shas 跳过 0, SHA 缓存跳过 50)
[2026-07-11 23:50:03] 🔗 查子仓库: ipx2001/v2rayN
[2026-07-11 23:50:03] 🔗 开始 Fork 链追踪 (ipx2001/v2rayN)
[2026-07-11 23:50:03]   👤 用户仓库: 30 个 → 队列
[2026-07-11 23:50:03]   用户 ws94666ws 共查 30 个仓库
[2026-07-11 23:50:03] 仓库 https://github.com/Little-Star888/v2rayN (分支: master, size: 48835KB, pushed: 2026-07-11T11:45:06Z)
[2026-07-11 23:50:03]   父仓库: 2dust/v2rayN
[2026-07-11 23:50:04] 仓库 https://github.com/Little-Star888/v2rayN 无候选文件 (总计 415 blob, 扩展名过滤 365, processed_shas 跳过 0, SHA 缓存跳过 50)
[2026-07-11 23:50:04] 🔗 查子仓库: Little-Star888/v2rayN
[2026-07-11 23:50:04] 🔗 开始 Fork 链追踪 (Little-Star888/v2rayN)
[2026-07-11 23:50:04]   父仓库: 2dust/v2rayN
[2026-07-11 23:50:04] 👤 遍历用户仓库: fenwehome
[2026-07-11 23:50:04]   👤 用户仓库: 30 个 → 队列
[2026-07-11 23:50:04]   用户 tianhm 共查 30 个仓库
[2026-07-11 23:50:04] 仓库 https://github.com/pthis/v2rayN (分支: master, size: 48780KB, pushed: 2026-07-11T11:38:27Z)
[2026-07-11 23:50:04] 仓库 https://github.com/pthis/v2rayN 无候选文件 (总计 415 blob, 扩展名过滤 365, processed_shas 跳过 0, SHA 缓存跳过 50)
[2026-07-11 23:50:04] 🔗 查子仓库: pthis/v2rayN
[2026-07-11 23:50:04] 🔗 开始 Fork 链追踪 (pthis/v2rayN)
[2026-07-11 23:50:04] 👤 遍历用户仓库: ipx2001
[2026-07-11 23:50:04]   👤 用户仓库: 30 个 → 队列
[2026-07-11 23:50:04]   用户 LHONG1008 共查 30 个仓库
[2026-07-11 23:50:04] 仓库 https://github.com/timeflysoon/v2rayN (分支: master, size: 48381KB, pushed: 2026-07-11T11:31:34Z)
[2026-07-11 23:50:04]   父仓库: 2dust/v2rayN
[2026-07-11 23:50:05] 👤 遍历用户仓库: Mu-L
[2026-07-11 23:50:05] 仓库 https://github.com/timeflysoon/v2rayN 无候选文件 (总计 415 blob, 扩展名过滤 365, processed_shas 跳过 0, SHA 缓存跳过 50)
[2026-07-11 23:50:05] 🔗 查子仓库: timeflysoon/v2rayN
[2026-07-11 23:50:05] 👤 遍历用户仓库: Little-Star888
[2026-07-11 23:50:05] 🔗 开始 Fork 链追踪 (timeflysoon/v2rayN)
[2026-07-11 23:50:05]   父仓库: 2dust/v2rayN
[2026-07-11 23:50:05]   👤 用户仓库: 30 个 → 队列
[2026-07-11 23:50:05]   用户 ipx2001 共查 30 个仓库
[2026-07-11 23:50:05] 仓库 https://github.com/RepoBackup/v2rayN (分支: master, size: 48780KB, pushed: 2026-07-11T11:20:29Z)
[2026-07-11 23:50:05] 👤 遍历用户仓库: pthis
[2026-07-11 23:50:06] 仓库 https://github.com/RepoBackup/v2rayN 无候选文件 (总计 415 blob, 扩展名过滤 365, processed_shas 跳过 0, SHA 缓存跳过 50)
[2026-07-11 23:50:06] 🔗 查子仓库: RepoBackup/v2rayN
[2026-07-11 23:50:06] 🔗 开始 Fork 链追踪 (RepoBackup/v2rayN)
[2026-07-11 23:50:06] 👤 遍历用户仓库: timeflysoon
[2026-07-11 23:50:06]   父仓库: 2dust/v2rayN
[2026-07-11 23:50:06]   👤 用户仓库: 30 个 → 队列
[2026-07-11 23:50:06]   用户 lwhx 共查 30 个仓库
[2026-07-11 23:50:06] 仓库 https://github.com/phpmooc/v2rayN (分支: master, size: 48381KB, pushed: 2026-07-11T11:19:05Z)
[2026-07-11 23:50:07] 仓库 https://github.com/phpmooc/v2rayN 无候选文件 (总计 415 blob, 扩展名过滤 365, processed_shas 跳过 0, SHA 缓存跳过 50)
[2026-07-11 23:50:07] 🔗 查子仓库: phpmooc/v2rayN
[2026-07-11 23:50:07] 🔗 开始 Fork 链追踪 (phpmooc/v2rayN)
[2026-07-11 23:50:07] 👤 遍历用户仓库: RepoBackup
[2026-07-11 23:50:07]   👤 用户仓库: 30 个 → 队列
[2026-07-11 23:50:07]   用户 pthis 共查 30 个仓库
[2026-07-11 23:50:07] 仓库 https://github.com/FairyWorld/fq_v2rayN (分支: master, size: 48780KB, pushed: 2026-07-11T11:11:24Z)
[2026-07-11 23:50:07]   父仓库: 2dust/v2rayN
[2026-07-11 23:50:07]   👤 用户仓库: 30 个 → 队列
[2026-07-11 23:50:07]   用户 timeflysoon 共查 30 个仓库
[2026-07-11 23:50:07] 仓库 https://github.com/Corey01327/v2rayN (分支: master, size: 48381KB, pushed: 2026-07-11T11:11:12Z)
[2026-07-11 23:50:07] 仓库 https://github.com/FairyWorld/fq_v2rayN 无候选文件 (总计 415 blob, 扩展名过滤 365, processed_shas 跳过 0, SHA 缓存跳过 50)
[2026-07-11 23:50:07] 🔗 查子仓库: FairyWorld/fq_v2rayN
[2026-07-11 23:50:07] 🔗 开始 Fork 链追踪 (FairyWorld/fq_v2rayN)
[2026-07-11 23:50:07] 仓库 https://github.com/Corey01327/v2rayN 无候选文件 (总计 415 blob, 扩展名过滤 365, processed_shas 跳过 0, SHA 缓存跳过 50)
[2026-07-11 23:50:07] 🔗 查子仓库: Corey01327/v2rayN
[2026-07-11 23:50:07]   👤 用户仓库: 30 个 → 队列
[2026-07-11 23:50:07]   用户 fenwehome 共查 30 个仓库
[2026-07-11 23:50:07] 仓库 https://github.com/juzi1994/v2rayN (分支: master, size: 48780KB, pushed: 2026-07-11T10:45:10Z)
[2026-07-11 23:50:07] 🔗 开始 Fork 链追踪 (Corey01327/v2rayN)
[2026-07-11 23:50:07]   👤 用户仓库: 30 个 → 队列
[2026-07-11 23:50:07]   用户 Little-Star888 共查 30 个仓库
[2026-07-11 23:50:07] 仓库 https://github.com/Sasan-C0derz/v2rayN (分支: master, size: 48381KB, pushed: 2026-07-11T11:32:29Z)
[2026-07-11 23:50:08]   父仓库: 2dust/v2rayN
[2026-07-11 23:50:08] 仓库 https://github.com/juzi1994/v2rayN 无候选文件 (总计 415 blob, 扩展名过滤 365, processed_shas 跳过 0, SHA 缓存跳过 50)
[2026-07-11 23:50:08] 🔗 查子仓库: juzi1994/v2rayN
[2026-07-11 23:50:08]   父仓库: 2dust/v2rayN
[2026-07-11 23:50:08] 🔗 开始 Fork 链追踪 (juzi1994/v2rayN)
[2026-07-11 23:50:08] 仓库 https://github.com/Sasan-C0derz/v2rayN 无候选文件 (总计 415 blob, 扩展名过滤 365, processed_shas 跳过 0, SHA 缓存跳过 50)
[2026-07-11 23:50:08] 🔗 查子仓库: Sasan-C0derz/v2rayN
[2026-07-11 23:50:08] 🔗 开始 Fork 链追踪 (Sasan-C0derz/v2rayN)
[2026-07-11 23:50:08]   父仓库: 2dust/v2rayN
[2026-07-11 23:50:08] 👤 遍历用户仓库: phpmooc
[2026-07-11 23:50:08]   父仓库: 2dust/v2rayN
[2026-07-11 23:50:08]   👤 用户仓库: 30 个 → 队列
[2026-07-11 23:50:08]   用户 josbu 共查 30 个仓库
[2026-07-11 23:50:08] 仓库 https://github.com/kimikkorow/v2rayN (分支: master, size: 48780KB, pushed: 2026-07-11T10:44:18Z)
[2026-07-11 23:50:08] 仓库 https://github.com/kimikkorow/v2rayN 无候选文件 (总计 415 blob, 扩展名过滤 365, processed_shas 跳过 0, SHA 缓存跳过 50)
[2026-07-11 23:50:08] 🔗 查子仓库: kimikkorow/v2rayN
[2026-07-11 23:50:08] 🔗 开始 Fork 链追踪 (kimikkorow/v2rayN)
[2026-07-11 23:50:08] 👤 遍历用户仓库: FairyWorld
[2026-07-11 23:50:09]   父仓库: 2dust/v2rayN
[2026-07-11 23:50:09] 👤 遍历用户仓库: Corey01327
[2026-07-11 23:50:09] 👤 遍历用户仓库: juzi1994
[2026-07-11 23:50:09]   👤 用户仓库: 7 个 → 队列
[2026-07-11 23:50:09]   用户 Corey01327 共查 7 个仓库
[2026-07-11 23:50:09] 仓库 https://github.com/xiechangan123/v2rayN (分支: master, size: 48381KB, pushed: 2026-07-11T10:42:16Z)
[2026-07-11 23:50:09]   👤 用户仓库: 4 个 → 队列
[2026-07-11 23:50:09]   用户 juzi1994 共查 4 个仓库
[2026-07-11 23:50:09] 仓库 https://github.com/cysk003/v2rayN (分支: master, size: 48381KB, pushed: 2026-07-11T10:34:39Z)
[2026-07-11 23:50:09] 仓库 https://github.com/xiechangan123/v2rayN 无候选文件 (总计 415 blob, 扩展名过滤 365, processed_shas 跳过 0, SHA 缓存跳过 50)
[2026-07-11 23:50:09] 🔗 查子仓库: xiechangan123/v2rayN
[2026-07-11 23:50:09] 仓库 https://github.com/cysk003/v2rayN 无候选文件 (总计 415 blob, 扩展名过滤 365, processed_shas 跳过 0, SHA 缓存跳过 50)
[2026-07-11 23:50:09] 🔗 查子仓库: cysk003/v2rayN
[2026-07-11 23:50:09] 🔗 开始 Fork 链追踪 (xiechangan123/v2rayN)
[2026-07-11 23:50:09] 👤 遍历用户仓库: Sasan-C0derz
[2026-07-11 23:50:09] 🔗 开始 Fork 链追踪 (cysk003/v2rayN)
[2026-07-11 23:50:09] 👤 遍历用户仓库: kimikkorow
[2026-07-11 23:50:10]   父仓库: 2dust/v2rayN
[2026-07-11 23:50:10]   用户 Sasan-C0derz 共查 0 个仓库
[2026-07-11 23:50:10] 仓库 https://github.com/utenkekkou/v2rayN (分支: master, size: 48780KB, pushed: 2026-07-11T10:27:21Z)
[2026-07-11 23:50:10]   父仓库: 2dust/v2rayN
[2026-07-11 23:50:10]   👤 用户仓库: 30 个 → 队列
[2026-07-11 23:50:10]   用户 Mu-L 共查 30 个仓库
[2026-07-11 23:50:10] 仓库 https://github.com/TZ0385/v2rayN (分支: master, size: 48381KB, pushed: 2026-07-11T10:12:13Z)
[2026-07-11 23:50:10] 仓库 https://github.com/utenkekkou/v2rayN 无候选文件 (总计 415 blob, 扩展名过滤 365, processed_shas 跳过 0, SHA 缓存跳过 50)
[2026-07-11 23:50:10] 🔗 查子仓库: utenkekkou/v2rayN
[2026-07-11 23:50:10] 🔗 开始 Fork 链追踪 (utenkekkou/v2rayN)
[2026-07-11 23:50:10] 仓库 https://github.com/TZ0385/v2rayN 无候选文件 (总计 415 blob, 扩展名过滤 365, processed_shas 跳过 0, SHA 缓存跳过 50)
[2026-07-11 23:50:10] 🔗 查子仓库: TZ0385/v2rayN
[2026-07-11 23:50:10] 🔗 开始 Fork 链追踪 (TZ0385/v2rayN)
[2026-07-11 23:50:10]   父仓库: 2dust/v2rayN
[2026-07-11 23:50:10]   父仓库: 2dust/v2rayN
[2026-07-11 23:50:11] 👤 遍历用户仓库: cysk003
[2026-07-11 23:50:11] 👤 遍历用户仓库: xiechangan123
[2026-07-11 23:50:11]   👤 用户仓库: 30 个 → 队列
[2026-07-11 23:50:11]   用户 phpmooc 共查 30 个仓库
[2026-07-11 23:50:11] 仓库 https://github.com/huanjk1/V2rayN_Clash_Node_Getter (分支: main, size: 18745KB, pushed: 2026-07-11T10:12:09Z)
[2026-07-11 23:50:11]   👤 用户仓库: 30 个 → 队列
[2026-07-11 23:50:11]   用户 RepoBackup 共查 30 个仓库
[2026-07-11 23:50:11] 仓库 https://github.com/mengzhisuoliu/v2rayN (分支: master, size: 48753KB, pushed: 2026-07-11T10:11:30Z)
[2026-07-11 23:50:11] 仓库 https://github.com/huanjk1/V2rayN_Clash_Node_Getter 候选文件 4 个
[2026-07-11 23:50:11] 仓库 https://github.com/mengzhisuoliu/v2rayN 无候选文件 (总计 415 blob, 扩展名过滤 365, processed_shas 跳过 0, SHA 缓存跳过 50)
[2026-07-11 23:50:11] 🔗 查子仓库: mengzhisuoliu/v2rayN
[2026-07-11 23:50:11] 👤 遍历用户仓库: utenkekkou
[2026-07-11 23:50:11] 🔗 开始 Fork 链追踪 (mengzhisuoliu/v2rayN)
[2026-07-11 23:50:11]   👤 用户仓库: 1 个 → 队列
[2026-07-11 23:50:11]   用户 utenkekkou 共查 1 个仓库
[2026-07-11 23:50:11] 仓库 https://github.com/onekr-billy/v2rayN (分支: master, size: 48808KB, pushed: 2026-07-11T10:11:14Z)
[2026-07-11 23:50:12]   父仓库: 2dust/v2rayN
[2026-07-11 23:50:12] 👤 遍历用户仓库: TZ0385
[2026-07-11 23:50:12] 仓库 https://github.com/onekr-billy/v2rayN 无候选文件 (总计 415 blob, 扩展名过滤 365, processed_shas 跳过 0, SHA 缓存跳过 50)
[2026-07-11 23:50:12] 🔗 查子仓库: onekr-billy/v2rayN
[2026-07-11 23:50:12] 🔗 开始 Fork 链追踪 (onekr-billy/v2rayN)
[2026-07-11 23:50:12]   父仓库: 2dust/v2rayN
[2026-07-11 23:50:12]   👤 用户仓库: 30 个 → 队列
[2026-07-11 23:50:12]   用户 kimikkorow 共查 30 个仓库
[2026-07-11 23:50:12] 仓库 https://github.com/noaai/v2rayN (分支: master, size: 48354KB, pushed: 2026-07-11T10:11:09Z)
[2026-07-11 23:50:12]   👤 用户仓库: 30 个 → 队列
[2026-07-11 23:50:12]   用户 xiechangan123 共查 30 个仓库
[2026-07-11 23:50:12] 仓库 https://github.com/blam7make/proxy- (分支: main, size: 2KB, pushed: 2026-07-11T10:00:50Z)
[2026-07-11 23:50:13] 仓库 https://github.com/blam7make/proxy- 候选文件 1 个
[2026-07-11 23:50:13] 🔗 查子仓库: huanjk1/V2rayN_Clash_Node_Getter
[2026-07-11 23:50:13] 仓库 https://github.com/noaai/v2rayN 无候选文件 (总计 415 blob, 扩展名过滤 365, processed_shas 跳过 0, SHA 缓存跳过 50)
[2026-07-11 23:50:13] 🔗 查子仓库: noaai/v2rayN
[2026-07-11 23:50:13] 👤 遍历用户仓库: mengzhisuoliu
[2026-07-11 23:50:13] 🔗 开始 Fork 链追踪 (noaai/v2rayN)
[2026-07-11 23:50:13] 📄 https://raw.githubusercontent.com/blam7make/proxy-/main/us.txt ✅ 解析 16 候选 → 16 个有效节点 → 去重后新增 16 个
[2026-07-11 23:50:13] 🔗 查子仓库: blam7make/proxy-
[2026-07-11 23:50:13]   🍴 子仓库: 1 个 → 队列
[2026-07-11 23:50:13] 🔗 开始 Fork 链追踪 (huanjk1/V2rayN_Clash_Node_Getter)
[2026-07-11 23:50:13] 🔗 开始 Fork 链追踪 (blam7make/proxy-)
[2026-07-11 23:50:13]   父仓库: 2dust/v2rayN
[2026-07-11 23:50:13] 👤 遍历用户仓库: blam7make
[2026-07-11 23:50:13]   父仓库: Q3dlaXpoaQ/V2rayN_Clash_Node_Getter
[2026-07-11 23:50:13] ⏭️ 仓库 https://github.com/Q3dlaXpoaQ/V2rayN_Clash_Node_Getter 77h 未更新，跳过
[2026-07-11 23:50:13]   父仓库 +0 个节点
[2026-07-11 23:50:13] 👤 遍历用户仓库: onekr-billy
[2026-07-11 23:50:13]   用户 blam7make 共查 0 个仓库
[2026-07-11 23:50:13] 仓库 https://github.com/txwdzxq/v2rayN (分支: master, size: 48753KB, pushed: 2026-07-11T09:59:30Z)
[2026-07-11 23:50:14] 仓库 https://github.com/txwdzxq/v2rayN 无候选文件 (总计 415 blob, 扩展名过滤 365, processed_shas 跳过 0, SHA 缓存跳过 50)
[2026-07-11 23:50:14] 🔗 查子仓库: txwdzxq/v2rayN
[2026-07-11 23:50:14] 🔗 开始 Fork 链追踪 (txwdzxq/v2rayN)
[2026-07-11 23:50:14]   父仓库: 2dust/v2rayN
[2026-07-11 23:50:14] 👤 遍历用户仓库: noaai
[2026-07-11 23:50:14]   🍴 兄弟仓库: 30 个 → 队列
[2026-07-11 23:50:14] 👤 遍历用户仓库: huanjk1
[2026-07-11 23:50:15]   👤 用户仓库: 30 个 → 队列
[2026-07-11 23:50:15]   用户 FairyWorld 共查 30 个仓库
[2026-07-11 23:50:15] 仓库 https://github.com/kany2000/v2rayN (分支: master, size: 48354KB, pushed: 2026-07-11T09:59:24Z)
[2026-07-11 23:50:15]   👤 用户仓库: 1 个 → 队列
[2026-07-11 23:50:15]   用户 huanjk1 共查 1 个仓库
[2026-07-11 23:50:15] 仓库 https://github.com/checkvip/v2rayN (分支: master, size: 48354KB, pushed: 2026-07-11T09:57:06Z)
[2026-07-11 23:50:15]   👤 用户仓库: 30 个 → 队列
[2026-07-11 23:50:15]   用户 onekr-billy 共查 30 个仓库
[2026-07-11 23:50:15] 仓库 https://github.com/Neonity2020/v2rayN (分支: master, size: 48354KB, pushed: 2026-07-11T09:56:42Z)
[2026-07-11 23:50:15] 👤 遍历用户仓库: txwdzxq
[2026-07-11 23:50:15]   👤 用户仓库: 22 个 → 队列
[2026-07-11 23:50:15]   用户 noaai 共查 22 个仓库
[2026-07-11 23:50:15] 仓库 https://github.com/jasonperter/v2rayN (分支: master, size: 48354KB, pushed: 2026-07-11T09:54:02Z)
[2026-07-11 23:50:15] 仓库 https://github.com/kany2000/v2rayN 无候选文件 (总计 415 blob, 扩展名过滤 365, processed_shas 跳过 0, SHA 缓存跳过 50)
[2026-07-11 23:50:15] 🔗 查子仓库: kany2000/v2rayN
[2026-07-11 23:50:15] 仓库 https://github.com/checkvip/v2rayN 无候选文件 (总计 415 blob, 扩展名过滤 365, processed_shas 跳过 0, SHA 缓存跳过 50)
[2026-07-11 23:50:15] 🔗 查子仓库: checkvip/v2rayN
[2026-07-11 23:50:15] 仓库 https://github.com/Neonity2020/v2rayN 无候选文件 (总计 415 blob, 扩展名过滤 365, processed_shas 跳过 0, SHA 缓存跳过 50)
[2026-07-11 23:50:15] 🔗 查子仓库: Neonity2020/v2rayN
[2026-07-11 23:50:15] 🔗 开始 Fork 链追踪 (kany2000/v2rayN)
[2026-07-11 23:50:15] 🔗 开始 Fork 链追踪 (checkvip/v2rayN)
[2026-07-11 23:50:15] 仓库 https://github.com/jasonperter/v2rayN 无候选文件 (总计 415 blob, 扩展名过滤 365, processed_shas 跳过 0, SHA 缓存跳过 50)
[2026-07-11 23:50:15] 🔗 查子仓库: jasonperter/v2rayN
[2026-07-11 23:50:15] 🔗 开始 Fork 链追踪 (Neonity2020/v2rayN)
[2026-07-11 23:50:15] 🔗 开始 Fork 链追踪 (jasonperter/v2rayN)
[2026-07-11 23:50:15]   父仓库: 2dust/v2rayN
[2026-07-11 23:50:15]   父仓库: 2dust/v2rayN
[2026-07-11 23:50:15]   父仓库: 2dust/v2rayN
[2026-07-11 23:50:15]   父仓库: 2dust/v2rayN
[2026-07-11 23:50:16] ⏱️ [27/122] Shadowrocket pushed:>2026-07-10T15:34:46Z fork:true -languag | 15s | +16
[2026-07-11 23:50:16] 👤 遍历用户仓库: checkvip
[2026-07-11 23:50:16] 👤 遍历用户仓库: kany2000
[2026-07-11 23:50:16] 👤 遍历用户仓库: Neonity2020
[2026-07-11 23:50:16] 👤 遍历用户仓库: jasonperter
[2026-07-11 23:50:16]   👤 用户仓库: 1 个 → 队列
[2026-07-11 23:50:16]   用户 jasonperter 共查 1 个仓库
[2026-07-11 23:50:16] 仓库 https://github.com/Baobei321/v2rayN (分支: master, size: 48354KB, pushed: 2026-07-11T09:45:17Z)
[2026-07-11 23:50:17]   👤 用户仓库: 28 个 → 队列
[2026-07-11 23:50:17]   用户 checkvip 共查 28 个仓库
[2026-07-11 23:50:17] 仓库 https://github.com/2dust/v2rayN (分支: master, size: 48783KB, pushed: 2026-07-11T09:45:12Z)
[2026-07-11 23:50:17]   👤 用户仓库: 30 个 → 队列
[2026-07-11 23:50:17]   用户 cysk003 共查 30 个仓库
[2026-07-11 23:50:17] 仓库 https://github.com/barreler126/v2rayN (分支: master, size: 48352KB, pushed: 2026-07-11T09:40:13Z)
[2026-07-11 23:50:17] 仓库 https://github.com/Baobei321/v2rayN 无候选文件 (总计 415 blob, 扩展名过滤 365, processed_shas 跳过 0, SHA 缓存跳过 50)
[2026-07-11 23:50:17] 🔗 查子仓库: Baobei321/v2rayN
[2026-07-11 23:50:17] 🔗 开始 Fork 链追踪 (Baobei321/v2rayN)
[2026-07-11 23:50:17] 仓库 https://github.com/2dust/v2rayN 无候选文件 (总计 415 blob, 扩展名过滤 365, processed_shas 跳过 0, SHA 缓存跳过 50)
[2026-07-11 23:50:17] 🔗 查子仓库: 2dust/v2rayN
[2026-07-11 23:50:17] 仓库 https://github.com/barreler126/v2rayN 无候选文件 (总计 415 blob, 扩展名过滤 365, processed_shas 跳过 0, SHA 缓存跳过 50)
[2026-07-11 23:50:17] 🔗 查子仓库: barreler126/v2rayN
[2026-07-11 23:50:17]   父仓库: 2dust/v2rayN
[2026-07-11 23:50:17] 🔗 开始 Fork 链追踪 (barreler126/v2rayN)
[2026-07-11 23:50:17]   父仓库: 2dust/v2rayN
[2026-07-11 23:50:17]   👤 用户仓库: 30 个 → 队列
[2026-07-11 23:50:17]   用户 TZ0385 共查 30 个仓库
[2026-07-11 23:50:17] 仓库 https://github.com/SillyShalong/v2rayN_lite (分支: master, size: 51581KB, pushed: 2026-07-11T09:16:23Z)
[2026-07-11 23:50:17] 仓库 https://github.com/SillyShalong/v2rayN_lite 候选文件 2 个
[2026-07-11 23:50:18] 仓库 https://github.com/SillyShalong/v2rayN_lite 未提取到节点，加入黑名单
[2026-07-11 23:50:18] 仓库 https://github.com/symantes/v2rayN (分支: master, size: 48352KB, pushed: 2026-07-11T09:05:31Z)
[2026-07-11 23:50:18]   👤 用户仓库: 30 个 → 队列
[2026-07-11 23:50:18]   用户 kany2000 共查 30 个仓库
[2026-07-11 23:50:18] 仓库 https://github.com/ttincc1122/v2rayN (分支: master, size: 48352KB, pushed: 2026-07-11T08:07:51Z)
[2026-07-11 23:50:18] 👤 遍历用户仓库: Baobei321
[2026-07-11 23:50:18] 🔗 开始 Fork 链追踪 (2dust/v2rayN)
[2026-07-11 23:50:18] 仓库 https://github.com/ttincc1122/v2rayN 无候选文件 (总计 415 blob, 扩展名过滤 365, processed_shas 跳过 0, SHA 缓存跳过 50)
[2026-07-11 23:50:18] 🔗 查子仓库: ttincc1122/v2rayN
[2026-07-11 23:50:18] 仓库 https://github.com/symantes/v2rayN 无候选文件 (总计 415 blob, 扩展名过滤 365, processed_shas 跳过 0, SHA 缓存跳过 50)
[2026-07-11 23:50:18] 🔗 查子仓库: symantes/v2rayN
[2026-07-11 23:50:18] 🔗 开始 Fork 链追踪 (ttincc1122/v2rayN)
[2026-07-11 23:50:18] 🔗 开始 Fork 链追踪 (symantes/v2rayN)
[2026-07-11 23:50:18]   👤 用户仓库: 30 个 → 队列
[2026-07-11 23:50:18]   用户 txwdzxq 共查 30 个仓库
[2026-07-11 23:50:18] 仓库 https://github.com/raymao96/v2rayN (分支: master, size: 48781KB, pushed: 2026-07-11T08:06:26Z)
[2026-07-11 23:50:18] 👤 遍历用户仓库: 2dust
[2026-07-11 23:50:18] 👤 遍历用户仓库: barreler126
[2026-07-11 23:50:18]   父仓库: 2dust/v2rayN
[2026-07-11 23:50:18] 仓库 https://github.com/raymao96/v2rayN 无候选文件 (总计 415 blob, 扩展名过滤 365, processed_shas 跳过 0, SHA 缓存跳过 50)
[2026-07-11 23:50:18] 🔗 查子仓库: raymao96/v2rayN
[2026-07-11 23:50:18]   父仓库: 2dust/v2rayN
[2026-07-11 23:50:18] 🔗 开始 Fork 链追踪 (raymao96/v2rayN)
[2026-07-11 23:50:18]   👤 用户仓库: 2 个 → 队列
[2026-07-11 23:50:18]   用户 2dust 共查 2 个仓库
[2026-07-11 23:50:18] 仓库 https://github.com/PENZA84/Sub-Config-Extractor (分支: main, size: 722755KB, pushed: 2026-07-11T08:06:22Z)
[2026-07-11 23:50:19]   父仓库: 2dust/v2rayN
[2026-07-11 23:50:19] 仓库 https://github.com/PENZA84/Sub-Config-Extractor 候选文件 27 个
[2026-07-11 23:50:20] ⏱️ [28/122] Quantumult X pushed:>2026-07-10T15:34:46Z fork:true -languag | 4s | +0[2026-07-11 23:50:20] 📄 https://raw.githubusercontent.com/PENZA84/Sub-Config-Extractor/main/output_configs/ss/maimengmeng/_custom.yaml ✅ 解析 69 候选 → 69 个有效节点 → 去重后新增 5 个

[2026-07-11 23:50:20] 📄 https://raw.githubusercontent.com/PENZA84/Sub-Config-Extractor/main/output_configs/mixed/maimengmeng/_custom.yaml ✅ 解析 170 候选 → 170 个有效节点 → 去重后新增 9 个[2026-07-11 23:50:20] 📄 https://raw.githubusercontent.com/PENZA84/Sub-Config-Extractor/main/output_configs/v2ray/maimengmeng/_custom.yaml ✅ 解析 30 候选 → 30 个有效节点 → 去重后新增 1 个
[2026-07-11 23:50:21] 👤 遍历用户仓库: ttincc1122

[2026-07-11 23:50:21] 👤 遍历用户仓库: symantes
[2026-07-11 23:50:21]   👤 用户仓库: 30 个 → 队列
[2026-07-11 23:50:21]   用户 barreler126 共查 30 个仓库
[2026-07-11 23:50:21] 仓库 https://github.com/ztyawc/v2rayN (分支: master, size: 48809KB, pushed: 2026-07-11T07:50:56Z)
[2026-07-11 23:50:22] 📄 https://raw.githubusercontent.com/PENZA84/Sub-Config-Extractor/main/output_configs/clash/maimengmeng/_custom.yaml ✅ 解析 272 候选 → 272 个有效节点 → 去重后新增 2 个
[2026-07-11 23:50:22] 👤 遍历用户仓库: raymao96
[2026-07-11 23:50:22]   👤 用户仓库: 13 个 → 队列
[2026-07-11 23:50:22]   用户 ttincc1122 共查 13 个仓库[2026-07-11 23:50:22]   👤 用户仓库: 5 个 → 队列

[2026-07-11 23:50:22]   用户 symantes 共查 5 个仓库[2026-07-11 23:50:22] 仓库 https://github.com/xiewenchong2020/v2rayN (分支: master, size: 47903KB, pushed: 2026-07-11T07:42:44Z)
[2026-07-11 23:50:22]   👤 用户仓库: 30 个 → 队列

[2026-07-11 23:50:22] 仓库 https://github.com/satan791/v2rayN (分支: master, size: 48349KB, pushed: 2026-07-11T07:40:54Z)[2026-07-11 23:50:22]   用户 mengzhisuoliu 共查 30 个仓库[2026-07-11 23:50:22]   👤 用户仓库: 5 个 → 队列


[2026-07-11 23:50:22] 仓库 https://github.com/uvswifft/v2rayN (分支: master, size: 48749KB, pushed: 2026-07-11T07:24:24Z)
[2026-07-11 23:50:22]   用户 raymao96 共查 5 个仓库
[2026-07-11 23:50:22] 仓库 https://github.com/AliDev-ir/FreeVPN (分支: main, size: 1057KB, pushed: 2026-07-11T06:16:37Z)
[2026-07-11 23:50:22] 仓库 https://github.com/ztyawc/v2rayN 候选文件 3 个
[2026-07-11 23:50:22]   👤 用户仓库: 30 个 → 队列
[2026-07-11 23:50:23]   用户 Baobei321 共查 30 个仓库
[2026-07-11 23:50:23] 仓库 https://github.com/Kiterepo/v2rayN-2 (分支: master, size: 48717KB, pushed: 2026-07-11T06:14:30Z)
[2026-07-11 23:50:23] 仓库 https://github.com/uvswifft/v2rayN 无候选文件 (总计 415 blob, 扩展名过滤 365, processed_shas 跳过 0, SHA 缓存跳过 50)
[2026-07-11 23:50:23] 仓库 https://github.com/satan791/v2rayN 无候选文件 (总计 415 blob, 扩展名过滤 365, processed_shas 跳过 0, SHA 缓存跳过 50)[2026-07-11 23:50:23] 仓库 https://github.com/AliDev-ir/FreeVPN 候选文件 1 个
[2026-07-11 23:50:23] 仓库 https://github.com/xiewenchong2020/v2rayN 候选文件 13 个
[2026-07-11 23:50:23] 🔗 查子仓库: satan791/v2rayN

[2026-07-11 23:50:23] 🔗 查子仓库: uvswifft/v2rayN
[2026-07-11 23:50:23] 🔗 开始 Fork 链追踪 (satan791/v2rayN)
[2026-07-11 23:50:23] 🔗 开始 Fork 链追踪 (uvswifft/v2rayN)[2026-07-11 23:50:23] 仓库 https://github.com/Kiterepo/v2rayN-2 无候选文件 (总计 415 blob, 扩展名过滤 365, processed_shas 跳过 0, SHA 缓存跳过 50)[2026-07-11 23:50:23] 🔗 查子仓库: AliDev-ir/FreeVPN


[2026-07-11 23:50:23] 🔗 查子仓库: Kiterepo/v2rayN-2
[2026-07-11 23:50:23] 仓库 https://github.com/ztyawc/v2rayN 未提取到节点，加入黑名单
[2026-07-11 23:50:23] 仓库 https://github.com/soitun/v2rayN (分支: master, size: 48717KB, pushed: 2026-07-11T06:05:16Z)
[2026-07-11 23:50:23] 🔗 开始 Fork 链追踪 (Kiterepo/v2rayN-2)
[2026-07-11 23:50:23]   父仓库: 2dust/v2rayN
[2026-07-11 23:50:23]   父仓库: 2dust/v2rayN
[2026-07-11 23:50:23] 仓库 https://github.com/xiewenchong2020/v2rayN 未提取到节点，加入黑名单
[2026-07-11 23:50:23] 仓库 https://github.com/ceo1st/v2rayN (分支: master, size: 48315KB, pushed: 2026-07-11T05:36:35Z)
[2026-07-11 23:50:24]   🍴 子仓库: 1 个 → 队列
[2026-07-11 23:50:24] 🔗 开始 Fork 链追踪 (AliDev-ir/FreeVPN)
[2026-07-11 23:50:24] 👤 遍历用户仓库: AliDev-ir
[2026-07-11 23:50:24]   父仓库: 2dust/v2rayN
[2026-07-11 23:50:24] 仓库 https://github.com/soitun/v2rayN 无候选文件 (总计 415 blob, 扩展名过滤 365, processed_shas 跳过 0, SHA 缓存跳过 50)
[2026-07-11 23:50:24] 🔗 查子仓库: soitun/v2rayN
[2026-07-11 23:50:24] 🔗 开始 Fork 链追踪 (soitun/v2rayN)
[2026-07-11 23:50:24] 仓库 https://github.com/ceo1st/v2rayN 无候选文件 (总计 415 blob, 扩展名过滤 365, processed_shas 跳过 0, SHA 缓存跳过 50)
[2026-07-11 23:50:24] 🔗 查子仓库: ceo1st/v2rayN
[2026-07-11 23:50:24] 🔗 开始 Fork 链追踪 (ceo1st/v2rayN)
[2026-07-11 23:50:24]   👤 用户仓库: 8 个 → 队列[2026-07-11 23:50:24]   父仓库: 2dust/v2rayN

[2026-07-11 23:50:24]   用户 AliDev-ir 共查 8 个仓库
[2026-07-11 23:50:24] 仓库 https://github.com/Delta-Kronecker/V2ray-Config (分支: main, size: 716277KB, pushed: 2026-07-11T05:11:39Z)
[2026-07-11 23:50:24]   👤 用户仓库: 30 个 → 队列
[2026-07-11 23:50:24]   用户 Neonity2020 共查 30 个仓库
[2026-07-11 23:50:24] 仓库 https://github.com/aqjiuweng/v2rayN (分支: master, size: 48316KB, pushed: 2026-07-11T04:53:55Z)
[2026-07-11 23:50:25]   父仓库: 2dust/v2rayN
[2026-07-11 23:50:25] 仓库 https://github.com/Delta-Kronecker/V2ray-Config 候选文件较多 (161 个)，先通过 commits API 过滤
[2026-07-11 23:50:25] 👤 遍历用户仓库: uvswifft[2026-07-11 23:50:25] 👤 遍历用户仓库: satan791

[2026-07-11 23:50:25] 仓库 https://github.com/aqjiuweng/v2rayN 无候选文件 (总计 415 blob, 扩展名过滤 365, processed_shas 跳过 0, SHA 缓存跳过 50)
[2026-07-11 23:50:25] 🔗 查子仓库: aqjiuweng/v2rayN
[2026-07-11 23:50:25] 🔗 开始 Fork 链追踪 (aqjiuweng/v2rayN)[2026-07-11 23:50:25] 👤 遍历用户仓库: Kiterepo

[2026-07-11 23:50:26]   父仓库: 2dust/v2rayN
[2026-07-11 23:50:26] 👤 遍历用户仓库: soitun
[2026-07-11 23:50:27]   👤 用户仓库: 30 个 → 队列
[2026-07-11 23:50:27]   用户 satan791 共查 30 个仓库
[2026-07-11 23:50:27] 仓库 https://github.com/ysm827/v2rayNG (分支: master, size: 35701KB, pushed: 2026-07-11T04:52:25Z)
[2026-07-11 23:50:27] 👤 遍历用户仓库: ceo1st
[2026-07-11 23:50:27] 仓库 https://github.com/ysm827/v2rayNG 无候选文件 (总计 388 blob, 扩展名过滤 365, processed_shas 跳过 0, SHA 缓存跳过 23)
[2026-07-11 23:50:27] 🔗 查子仓库: ysm827/v2rayNG
[2026-07-11 23:50:27] 🔗 开始 Fork 链追踪 (ysm827/v2rayNG)
[2026-07-11 23:50:27] 👤 遍历用户仓库: aqjiuweng
[2026-07-11 23:50:27]   父仓库: 2dust/v2rayNG
[2026-07-11 23:50:28]   👤 用户仓库: 30 个 → 队列
[2026-07-11 23:50:28]   用户 uvswifft 共查 30 个仓库
[2026-07-11 23:50:28] 仓库 https://github.com/ysm827/v2rayN (分支: master, size: 48316KB, pushed: 2026-07-11T04:51:34Z)
[2026-07-11 23:50:28] 🔗 查子仓库: PENZA84/Sub-Config-Extractor
[2026-07-11 23:50:28] 🔗 开始 Fork 链追踪 (PENZA84/Sub-Config-Extractor)
[2026-07-11 23:50:28] 仓库 https://github.com/ysm827/v2rayN 无候选文件 (总计 415 blob, 扩展名过滤 365, processed_shas 跳过 0, SHA 缓存跳过 50)
[2026-07-11 23:50:28] 🔗 查子仓库: ysm827/v2rayN
[2026-07-11 23:50:28]   父仓库: asgharkapk/Sub-Config-Extractor
[2026-07-11 23:50:28] 🔗 开始 Fork 链追踪 (ysm827/v2rayN)
[2026-07-11 23:50:28] 👤 遍历用户仓库: PENZA84
[2026-07-11 23:50:28]   父仓库: 2dust/v2rayN
[2026-07-11 23:50:28] 👤 遍历用户仓库: ysm827
[2026-07-11 23:50:29]   👤 用户仓库: 30 个 → 队列
[2026-07-11 23:50:29]   用户 Kiterepo 共查 30 个仓库
[2026-07-11 23:50:29] 仓库 https://github.com/sec-js/v2rayN (分支: master, size: 48716KB, pushed: 2026-07-11T04:45:04Z)
[2026-07-11 23:50:29] 仓库 https://github.com/sec-js/v2rayN 无候选文件 (总计 415 blob, 扩展名过滤 365, processed_shas 跳过 0, SHA 缓存跳过 50)
[2026-07-11 23:50:29] 🔗 查子仓库: sec-js/v2rayN
[2026-07-11 23:50:29] 🔗 开始 Fork 链追踪 (sec-js/v2rayN)
[2026-07-11 23:50:29]   父仓库: 2dust/v2rayN
[2026-07-11 23:50:29] 👤 遍历用户仓库: ysm827
[2026-07-11 23:50:30]   用户 PENZA84 共查 0 个仓库
[2026-07-11 23:50:30] 仓库 https://github.com/FredWe/v2rayN-fix-sudo-password-whitespace (分支: master, size: 48317KB, pushed: 2026-07-11T04:28:59Z)
[2026-07-11 23:50:30] 仓库 https://github.com/FredWe/v2rayN-fix-sudo-password-whitespace 无候选文件 (总计 415 blob, 扩展名过滤 365, processed_shas 跳过 0, SHA 缓存跳过 50)
[2026-07-11 23:50:30] 🔗 查子仓库: FredWe/v2rayN-fix-sudo-password-whitespace
[2026-07-11 23:50:30] 🔗 开始 Fork 链追踪 (FredWe/v2rayN-fix-sudo-password-whitespace)
[2026-07-11 23:50:30]   Compare API 返回 161 个变更文件 (3 次 API 调用)
[2026-07-11 23:50:30]   commits 过滤: 161 → 161 (变更文件 161 个)
[2026-07-11 23:50:30] 仓库 https://github.com/Delta-Kronecker/V2ray-Config 候选文件 161 个
[2026-07-11 23:50:30]   父仓库: 2dust/v2rayN
[2026-07-11 23:50:31] 👤 遍历用户仓库: sec-js
[2026-07-11 23:50:35] 📄 https://raw.githubusercontent.com/Delta-Kronecker/V2ray-Config/main/config/batches/clash/batch_004.yaml ✅ 解析 460 候选 → 460 个有效节点 → 去重后新增 71 个
[2026-07-11 23:50:35] 📄 https://raw.githubusercontent.com/Delta-Kronecker/V2ray-Config/main/config/batches/clash/batch_007.yaml ✅ 解析 457 候选 → 457 个有效节点 → 去重后新增 62 个
[2026-07-11 23:50:36] 📄 https://raw.githubusercontent.com/Delta-Kronecker/V2ray-Config/main/config/batches/clash/batch_001.yaml ✅ 解析 468 候选 → 468 个有效节点 → 去重后新增 81 个
[2026-07-11 23:50:36] 📄 https://raw.githubusercontent.com/Delta-Kronecker/V2ray-Config/main/config/batches/clash/batch_006.yaml ✅ 解析 472 候选 → 472 个有效节点 → 去重后新增 76 个[2026-07-11 23:50:36] 📄 https://raw.githubusercontent.com/Delta-Kronecker/V2ray-Config/main/config/batches/clash/batch_003.yaml ✅ 解析 465 候选 → 465 个有效节点 → 去重后新增 66 个[2026-07-11 23:50:36] 📄 https://raw.githubusercontent.com/Delta-Kronecker/V2ray-Config/main/config/batches/clash/batch_002.yaml ✅ 解析 467 候选 → 467 个有效节点 → 去重后新增 65 个

[2026-07-11 23:50:37] 📄 https://raw.githubusercontent.com/Delta-Kronecker/V2ray-Config/main/config/batches/clash/batch_017.yaml ✅ 解析 82 候选 → 82 个有效节点 → 去重后新增 10 个[2026-07-11 23:50:37] 📄 https://raw.githubusercontent.com/Delta-Kronecker/V2ray-Config/main/config/batches/clash/batch_008.yaml ✅ 解析 463 候选 → 463 个有效节点 → 去重后新增 68 个
[2026-07-11 23:50:38] 👤 遍历用户仓库: FredWe


[2026-07-11 23:50:38] 📄 https://raw.githubusercontent.com/Delta-Kronecker/V2ray-Config/main/config/batches/clash/batch_015.yaml ✅ 解析 464 候选 → 464 个有效节点 → 去重后新增 73 个[2026-07-11 23:50:39] 📄 https://raw.githubusercontent.com/Delta-Kronecker/V2ray-Config/main/config/batches/clash/batch_012.yaml ✅ 解析 471 候选 → 471 个有效节点 → 去重后新增 62 个

[2026-07-11 23:50:39] 📄 https://raw.githubusercontent.com/Delta-Kronecker/V2ray-Config/main/config/batches/clash/batch_009.yaml ✅ 解析 470 候选 → 470 个有效节点 → 去重后新增 95 个[2026-07-11 23:50:39] 📄 https://raw.githubusercontent.com/Delta-Kronecker/V2ray-Config/main/config/batches/clash/batch_013.yaml ✅ 解析 469 候选 → 469 个有效节点 → 去重后新增 61 个[2026-07-11 23:50:39] 📄 https://raw.githubusercontent.com/Delta-Kronecker/V2ray-Config/main/config/batches/clash/batch_011.yaml ✅ 解析 467 候选 → 467 个有效节点 → 去重后新增 70 个


[2026-07-11 23:50:39] 📄 https://raw.githubusercontent.com/Delta-Kronecker/V2ray-Config/main/config/batches/clash/batch_005.yaml ✅ 解析 471 候选 → 471 个有效节点 → 去重后新增 72 个[2026-07-11 23:50:40] 📄 https://raw.githubusercontent.com/Delta-Kronecker/V2ray-Config/main/config/batches/clash/batch_010.yaml ✅ 解析 467 候选 → 467 个有效节点 → 去重后新增 65 个

[2026-07-11 23:50:40] 📄 https://raw.githubusercontent.com/Delta-Kronecker/V2ray-Config/main/config/batches/clash/batch_014.yaml ✅ 解析 464 候选 → 464 个有效节点 → 去重后新增 66 个
[2026-07-11 23:50:40]   👤 用户仓库: 30 个 → 队列
[2026-07-11 23:50:41]   用户 aqjiuweng 共查 30 个仓库
[2026-07-11 23:50:41] 仓库 https://github.com/fonaix/v2rayN (分支: master, size: 48316KB, pushed: 2026-07-11T03:52:04Z)
[2026-07-11 23:50:43]   👤 用户仓库: 30 个 → 队列[2026-07-11 23:50:43] 📄 https://raw.githubusercontent.com/Delta-Kronecker/V2ray-Config/main/config/batches/clash/batch_016.yaml ✅ 解析 479 候选 → 479 个有效节点 → 去重后新增 69 个

[2026-07-11 23:50:45]   用户 soitun 共查 30 个仓库
[2026-07-11 23:50:45] 📄 https://raw.githubusercontent.com/Delta-Kronecker/V2ray-Config/main/config/all_configs.txt ✅ 解析 6070 候选 → 6070 个有效节点 → 去重后新增 2 个
[2026-07-11 23:50:46]   👤 用户仓库: 30 个 → 队列
[2026-07-11 23:50:46]   用户 ceo1st 共查 30 个仓库[2026-07-11 23:50:46] 仓库 https://github.com/strangerEatWatermelon/v2rayN (分支: master, size: 48745KB, pushed: 2026-07-11T03:42:00Z)

[2026-07-11 23:50:47]   👤 用户仓库: 30 个 → 队列[2026-07-11 23:50:47] 仓库 https://github.com/fonaix/v2rayN 无候选文件 (总计 415 blob, 扩展名过滤 365, processed_shas 跳过 0, SHA 缓存跳过 50)[2026-07-11 23:50:47] 仓库 https://github.com/chnbsdan/sub-converter (分支: main, size: 3384KB, pushed: 2026-07-11T03:32:58Z)


[2026-07-11 23:50:48]   用户 FredWe 共查 30 个仓库
[2026-07-11 23:50:49] 🔗 查子仓库: fonaix/v2rayN[2026-07-11 23:50:49] 仓库 https://github.com/mohamadahmadisadr/v2rayNG (分支: master, size: 36448KB, pushed: 2026-07-11T14:41:42Z)

[2026-07-11 23:50:50] 🔗 开始 Fork 链追踪 (fonaix/v2rayN)
[2026-07-11 23:50:50] 仓库 https://github.com/chnbsdan/sub-converter 无候选文件 (总计 115 blob, 扩展名过滤 95, processed_shas 跳过 0, SHA 缓存跳过 20)
[2026-07-11 23:50:51] 🔗 查子仓库: chnbsdan/sub-converter
[2026-07-11 23:50:51] 仓库 https://github.com/strangerEatWatermelon/v2rayN 无候选文件 (总计 415 blob, 扩展名过滤 365, processed_shas 跳过 0, SHA 缓存跳过 50)
[2026-07-11 23:50:51] 🔗 查子仓库: strangerEatWatermelon/v2rayN[2026-07-11 23:50:51]   父仓库: 2dust/v2rayN[2026-07-11 23:50:52] 🔗 开始 Fork 链追踪 (chnbsdan/sub-converter)


[2026-07-11 23:50:54] 🔗 开始 Fork 链追踪 (strangerEatWatermelon/v2rayN)
[2026-07-11 23:50:54] 📄 https://raw.githubusercontent.com/Delta-Kronecker/V2ray-Config/main/config/batches/sni_clash/batch_001.yaml ✅ 解析 4 候选 → 4 个有效节点 → 去重后新增 1 个
[2026-07-11 23:50:54]   父仓库: eooce/sub-converter
[2026-07-11 23:50:55] 仓库 https://github.com/mohamadahmadisadr/v2rayNG 候选文件 10 个[2026-07-11 23:50:56] ⚠️ 仓库 https://github.com/eooce/sub-converter 1223h 未更新，废弃 → 加入黑名单

[2026-07-11 23:50:56]   父仓库: 2dust/v2rayN
[2026-07-11 23:50:57]   父仓库 +0 个节点
[2026-07-11 23:50:59]   👤 用户仓库: 30 个 → 队列
[2026-07-11 23:50:59]   用户 ysm827 共查 30 个仓库
[2026-07-11 23:50:59] 仓库 https://github.com/maoxikun/v2rayNG (分支: master, size: 35664KB, pushed: 2026-07-10T20:59:05Z)
[2026-07-11 23:51:01] 👤 遍历用户仓库: fonaix
[2026-07-11 23:51:01]   👤 用户仓库: 30 个 → 队列
[2026-07-11 23:51:02]   用户 ysm827 共查 30 个仓库
[2026-07-11 23:51:02] 仓库 https://github.com/danilog28/V2ray_Configs (分支: main, size: 1219KB, pushed: 2026-07-10T17:13:07Z)
[2026-07-11 23:51:02] 👤 遍历用户仓库: strangerEatWatermelon
[2026-07-11 23:51:04] 仓库 https://github.com/danilog28/V2ray_Configs 候选文件 1 个
[2026-07-11 23:51:04]   🍴 兄弟仓库: 30 个 → 队列[2026-07-11 23:51:05]   👤 用户仓库: 16 个 → 队列

[2026-07-11 23:51:07] 👤 遍历用户仓库: chnbsdan[2026-07-11 23:51:08]   用户 fonaix 共查 16 个仓库

[2026-07-11 23:51:08] 仓库 https://github.com/zuofeng1028/v2rayNG (分支: master, size: 35663KB, pushed: 2026-07-10T16:10:34Z)[2026-07-11 23:51:08] 仓库 https://github.com/maoxikun/v2rayNG 无候选文件 (总计 388 blob, 扩展名过滤 365, processed_shas 跳过 0, SHA 缓存跳过 23)

[2026-07-11 23:51:09] 🔗 查子仓库: maoxikun/v2rayNG
[2026-07-11 23:51:09] 📄 https://raw.githubusercontent.com/Delta-Kronecker/V2ray-Config/main/config/batches/sni_v2ray/batch_003.txt ✅ 解析 8 候选 → 8 个有效节点 → 去重后新增 2 个
[2026-07-11 23:51:10] 📄 https://raw.githubusercontent.com/Delta-Kronecker/V2ray-Config/main/config/batches/sni_v2ray/batch_006.txt ✅ 解析 6 候选 → 6 个有效节点 → 去重后新增 1 个[2026-07-11 23:51:10] 🔗 开始 Fork 链追踪 (maoxikun/v2rayNG)

[2026-07-11 23:51:11]   👤 用户仓库: 30 个 → 队列[2026-07-11 23:51:11] 📄 https://raw.githubusercontent.com/Delta-Kronecker/V2ray-Config/main/config/batches/sni_v2ray/batch_010.txt ✅ 解析 9 候选 → 9 个有效节点 → 去重后新增 1 个[2026-07-11 23:51:11] 📄 https://raw.githubusercontent.com/Delta-Kronecker/V2ray-Config/main/config/batches/sni_v2ray/batch_008.txt ✅ 解析 7 候选 → 7 个有效节点 → 去重后新增 1 个


[2026-07-11 23:51:11] 📄 https://raw.githubusercontent.com/danilog28/V2ray_Configs/main/V2rayMHMD_TI.txt ✅ 解析 168 候选 → 168 个有效节点 → 去重后新增 5 个[2026-07-11 23:51:12]   用户 strangerEatWatermelon 共查 30 个仓库[2026-07-11 23:51:12]   父仓库: 2dust/v2rayNG

[2026-07-11 23:51:12] 📄 https://raw.githubusercontent.com/Delta-Kronecker/V2ray-Config/main/config/batches/sni_v2ray/batch_015.txt ✅ 解析 6 候选 → 6 个有效节点 → 去重后新增 2 个
[2026-07-11 23:51:12] 📄 https://raw.githubusercontent.com/Delta-Kronecker/V2ray-Config/main/config/batches/sni_v2ray/batch_014.txt ✅ 解析 7 候选 → 7 个有效节点 → 去重后新增 2 个
[2026-07-11 23:51:12]   👤 用户仓库: 30 个 → 队列
[2026-07-11 23:51:12] 仓库 https://github.com/cbusifabcap/daily_free_vpn (分支: main, size: 558KB, pushed: 2026-07-11T15:40:06Z)
[2026-07-11 23:51:12] 🔗 查子仓库: danilog28/V2ray_Configs
[2026-07-11 23:51:13] 仓库 https://github.com/zuofeng1028/v2rayNG 无候选文件 (总计 388 blob, 扩展名过滤 365, processed_shas 跳过 0, SHA 缓存跳过 23)[2026-07-11 23:51:13]   用户 sec-js 共查 30 个仓库


[2026-07-11 23:51:13] 仓库 https://github.com/mohamadahmadisadr/v2rayNG 未提取到节点，加入黑名单
[2026-07-11 23:51:13] 🔗 查子仓库: zuofeng1028/v2rayNG[2026-07-11 23:51:13] 仓库 https://github.com/miladtahanian/V2RayScrapeByCountry (分支: main, size: 64483KB, pushed: 2026-07-11T15:15:16Z)

[2026-07-11 23:51:13] 仓库 https://github.com/AvenCores/goida-vpn-configs (分支: main, size: 8446214KB, pushed: 2026-07-11T15:12:46Z)
[2026-07-11 23:51:14] 🔗 开始 Fork 链追踪 (danilog28/V2ray_Configs)[2026-07-11 23:51:14] 🔗 开始 Fork 链追踪 (zuofeng1028/v2rayNG)
[2026-07-11 23:51:14] 仓库 https://github.com/cbusifabcap/daily_free_vpn 候选文件 12 个

[2026-07-11 23:51:14] 仓库 https://github.com/miladtahanian/V2RayScrapeByCountry 候选文件 5 个
[2026-07-11 23:51:14] 👤 遍历用户仓库: danilog28
[2026-07-11 23:51:14]   父仓库: 2dust/v2rayNG[2026-07-11 23:51:14] 仓库 https://github.com/AvenCores/goida-vpn-configs 候选文件 25 个
[2026-07-11 23:51:14]   用户 danilog28 共查 0 个仓库

[2026-07-11 23:51:14] 👤 遍历用户仓库: maoxikun
[2026-07-11 23:51:14] 仓库 https://github.com/DarkRoyalty/shnajder-vpn-configs (分支: main, size: 459519KB, pushed: 2026-07-11T15:06:20Z)
[2026-07-11 23:51:15] 仓库 https://github.com/DarkRoyalty/shnajder-vpn-configs 候选文件 11 个[2026-07-11 23:51:15] 📄 https://raw.githubusercontent.com/miladtahanian/V2RayScrapeByCountry/main/output_configs/ShadowSocks.txt ✅ 解析 326 候选 → 326 个有效节点 → 去重后新增 74 个

[2026-07-11 23:51:16] 📄 https://raw.githubusercontent.com/cbusifabcap/daily_free_vpn/main/sub/Surfboard.yml ✅ 解析 545 候选 → 545 个有效节点 → 去重后新增 171 个
[2026-07-11 23:51:17]   👤 用户仓库: 28 个 → 队列
[2026-07-11 23:51:18]   用户 maoxikun 共查 28 个仓库
[2026-07-11 23:51:18] 仓库 https://github.com/Firmfox/Proxify (分支: main, size: 429942KB, pushed: 2026-07-11T14:52:35Z)
[2026-07-11 23:51:18] ⏱️ [29/122] Stash pushed:>2026-07-10T15:34:46Z fork:true -language:HTML | 58s | +1396
[2026-07-11 23:51:20] 👤 遍历用户仓库: zuofeng1028
[2026-07-11 23:51:22] 仓库 https://github.com/Firmfox/Proxify 候选文件较多 (110 个)，先通过 commits API 过滤
[2026-07-11 23:51:22] 🔗 查子仓库: miladtahanian/V2RayScrapeByCountry
[2026-07-11 23:51:24] 📄 https://raw.githubusercontent.com/cbusifabcap/daily_free_vpn/main/Z.txt ✅ 解析 1101 候选 → 1101 个有效节点 → 去重后新增 9 个
[2026-07-11 23:51:26]   👤 用户仓库: 30 个 → 队列
[2026-07-11 23:51:26]   🍴 子仓库: 10 个 → 队列
[2026-07-11 23:51:26]   👤 用户仓库: 30 个 → 队列[2026-07-11 23:51:26]   用户 chnbsdan 共查 30 个仓库

[2026-07-11 23:51:28] 🔗 开始 Fork 链追踪 (miladtahanian/V2RayScrapeByCountry)[2026-07-11 23:51:28]   用户 zuofeng1028 共查 30 个仓库

[2026-07-11 23:51:28] 仓库 https://github.com/luxxuria/harvester (分支: main, size: 24733KB, pushed: 2026-07-11T13:23:41Z)[2026-07-11 23:51:28] 仓库 https://github.com/hiztin/VLESS-PO-GRIBI (分支: main, size: 73247KB, pushed: 2026-07-11T13:18:06Z)

[2026-07-11 23:51:29] 👤 遍历用户仓库: miladtahanian
[2026-07-11 23:51:31] 仓库 https://github.com/luxxuria/harvester 候选文件 3 个[2026-07-11 23:51:31] 仓库 https://github.com/hiztin/VLESS-PO-GRIBI 候选文件 21 个

[2026-07-11 23:51:33] 📄 https://raw.githubusercontent.com/AvenCores/goida-vpn-configs/main/githubmirror/26.txt ✅ 解析 3206 候选 → 3206 个有效节点 → 去重后新增 34 个[2026-07-11 23:51:33] 📄 https://raw.githubusercontent.com/DarkRoyalty/shnajder-vpn-configs/main/githubmirror/26.txt ✅ 解析 2287 候选 → 2287 个有效节点 → 去重后新增 2 个

[2026-07-11 23:51:34] 📄 https://raw.githubusercontent.com/hiztin/VLESS-PO-GRIBI/main/deploy/subscriptions/13.txt ✅ 解析 162 候选 → 162 个有效节点 → 去重后新增 3 个
[2026-07-11 23:51:36] 📄 https://raw.githubusercontent.com/luxxuria/harvester/main/non_ru.txt ✅ 解析 96 候选 → 96 个有效节点 → 去重后新增 7 个[2026-07-11 23:51:36]   用户 miladtahanian 共查 0 个仓库

[2026-07-11 23:51:38] 仓库 https://github.com/KH-Danial/my.vtoray.con (分支: main, size: 1621420KB, pushed: 2026-07-11T13:05:08Z)
[2026-07-11 23:51:40] 仓库 https://github.com/KH-Danial/my.vtoray.con 候选文件 97 个
[2026-07-11 23:51:44] 📄 https://raw.githubusercontent.com/luxxuria/harvester/main/ping_tested.txt ✅ 解析 228 候选 → 228 个有效节点 → 去重后新增 2 个
[2026-07-11 23:51:48] 🔗 查子仓库: luxxuria/harvester
[2026-07-11 23:51:51]   🍴 子仓库: 3 个 → 队列
[2026-07-11 23:51:51] 🔗 开始 Fork 链追踪 (luxxuria/harvester)
[2026-07-11 23:51:53] 👤 遍历用户仓库: luxxuria
[2026-07-11 23:51:59]   用户 luxxuria 共查 0 个仓库
[2026-07-11 23:51:59] 仓库 https://github.com/PrinceVSFX/Hysteria2-Configs (分支: main, size: 3717KB, pushed: 2026-07-11T09:56:42Z)
[2026-07-11 23:52:01] 📄 https://raw.githubusercontent.com/cbusifabcap/daily_free_vpn/main/sub/ClashMeta.yml ✅ 解析 1102 候选 → 1102 个有效节点 → 去重后新增 6 个
[2026-07-11 23:52:02] 📄 https://raw.githubusercontent.com/hiztin/VLESS-PO-GRIBI/main/deploy/sub.txt ✅ 解析 2406 候选 → 2406 个有效节点 → 去重后新增 287 个[2026-07-11 23:52:02] 仓库 https://github.com/PrinceVSFX/Hysteria2-Configs 候选文件 1 个

[2026-07-11 23:52:04] 📄 https://raw.githubusercontent.com/KH-Danial/my.vtoray.con/main/config/hysteria2/hysteria2.txt ✅ 解析 513 候选 → 513 个有效节点 → 去重后新增 295 个
[2026-07-11 23:52:07] 📄 https://raw.githubusercontent.com/PrinceVSFX/Hysteria2-Configs/main/Configs_list.txt ✅ 解析 33 候选 → 33 个有效节点 → 去重后新增 20 个
[2026-07-11 23:52:08] 🔗 查子仓库: PrinceVSFX/Hysteria2-Configs
[2026-07-11 23:52:09] 🔗 查子仓库: hiztin/VLESS-PO-GRIBI
[2026-07-11 23:52:09] 🔗 开始 Fork 链追踪 (PrinceVSFX/Hysteria2-Configs)
[2026-07-11 23:52:10] 👤 遍历用户仓库: PrinceVSFX
[2026-07-11 23:52:12] 🔗 查子仓库: cbusifabcap/daily_free_vpn
[2026-07-11 23:52:13]   🍴 子仓库: 1 个 → 队列
[2026-07-11 23:52:14]   👤 用户仓库: 1 个 → 队列
[2026-07-11 23:52:16] 🔗 开始 Fork 链追踪 (hiztin/VLESS-PO-GRIBI)[2026-07-11 23:52:16]   用户 PrinceVSFX 共查 1 个仓库

[2026-07-11 23:52:17] 仓库 https://github.com/9kaki/MyClash (分支: main, size: 6368KB, pushed: 2026-07-11T15:39:53Z)
[2026-07-11 23:52:18]   🍴 子仓库: 7 个 → 队列
[2026-07-11 23:52:18] 🔗 开始 Fork 链追踪 (cbusifabcap/daily_free_vpn)
[2026-07-11 23:52:19] 👤 遍历用户仓库: hiztin
[2026-07-11 23:52:19]   Compare API 返回 110 个变更文件 (3 次 API 调用)[2026-07-11 23:52:19] 📄 https://raw.githubusercontent.com/KH-Danial/my.vtoray.con/main/config/reality/reality_21.txt ✅ 解析 123 候选 → 123 个有效节点 → 去重后新增 69 个

[2026-07-11 23:52:20]   commits 过滤: 110 → 110 (变更文件 110 个)
[2026-07-11 23:52:21] 仓库 https://github.com/Firmfox/Proxify 候选文件 110 个[2026-07-11 23:52:21] 👤 遍历用户仓库: cbusifabcap[2026-07-11 23:52:21] 仓库 https://github.com/9kaki/MyClash 候选文件 3 个


[2026-07-11 23:52:23]   用户 hiztin 共查 0 个仓库
[2026-07-11 23:52:24] 仓库 https://github.com/mycum/ClashMetaForAndroid (分支: main, size: 17859KB, pushed: 2026-07-11T15:33:59Z)
[2026-07-11 23:52:24]   用户 cbusifabcap 共查 0 个仓库
[2026-07-11 23:52:28] 仓库 https://github.com/diyeah-create/airport (分支: main, size: 7718KB, pushed: 2026-07-11T15:15:59Z)
[2026-07-11 23:52:32] 仓库 https://github.com/diyeah-create/airport 候选文件 17 个
[2026-07-11 23:52:34] 📄 https://raw.githubusercontent.com/Firmfox/Proxify/main/v2ray_configs/separated_by_protocol/shadowsocks.txt ✅ 解析 346 候选 → 346 个有效节点 → 去重后新增 2 个
[2026-07-11 23:52:35] 仓库 https://github.com/mycum/ClashMetaForAndroid 候选文件 4 个
[2026-07-11 23:52:39] 仓库 https://github.com/9kaki/MyClash README 含广告词，加入黑名单
[2026-07-11 23:52:43] 仓库 https://github.com/PuddinCat/BestClash (分支: main, size: 23377KB, pushed: 2026-07-11T15:05:36Z)
[2026-07-11 23:52:44] 📄 https://raw.githubusercontent.com/diyeah-create/airport/main/subs/Argh73.yaml ✅ 解析 148 候选 → 148 个有效节点 → 去重后新增 20 个
[2026-07-11 23:52:47] 仓库 https://github.com/PuddinCat/BestClash 候选文件 1 个
[2026-07-11 23:52:47] 📄 https://raw.githubusercontent.com/diyeah-create/airport/main/subs/Barabama.yaml ✅ 解析 210 候选 → 210 个有效节点 → 去重后新增 57 个[2026-07-11 23:52:48] 📄 https://raw.githubusercontent.com/KH-Danial/my.vtoray.con/main/config/reality/reality_1.txt ✅ 解析 1133 候选 → 1133 个有效节点 → 去重后新增 499 个[2026-07-11 23:52:48] 📄 https://raw.githubusercontent.com/diyeah-create/airport/main/subs/KimTaeyeon309.yaml ✅ 解析 267 候选 → 267 个有效节点 → 去重后新增 46 个
[2026-07-11 23:52:50] 📦 批次 0021 已持久化: /home/runner/work/test-college/test-college/batches/no_batch_0021.txt (5009 个节点, 累计 100615 个)


[2026-07-11 23:52:59] 📄 https://raw.githubusercontent.com/KH-Danial/my.vtoray.con/main/config/reality/reality_11.txt ✅ 解析 746 候选 → 746 个有效节点 → 去重后新增 269 个
[2026-07-11 23:53:00] 📄 https://raw.githubusercontent.com/KH-Danial/my.vtoray.con/main/config/reality/reality_14.txt ✅ 解析 965 候选 → 965 个有效节点 → 去重后新增 435 个
[2026-07-11 23:53:01] 📄 https://raw.githubusercontent.com/KH-Danial/my.vtoray.con/main/config/reality/reality_17.txt ✅ 解析 1128 候选 → 1128 个有效节点 → 去重后新增 523 个
[2026-07-11 23:53:03] 📄 https://raw.githubusercontent.com/diyeah-create/airport/main/subs/ZYFXS.yaml ✅ 解析 320 候选 → 320 个有效节点 → 去重后新增 72 个
[2026-07-11 23:53:09] 📄 https://raw.githubusercontent.com/diyeah-create/airport/main/subs/Vanic24.yaml ✅ 解析 378 候选 → 378 个有效节点 → 去重后新增 243 个[2026-07-11 23:53:09] 📄 https://raw.githubusercontent.com/KH-Danial/my.vtoray.con/main/config/reality/reality_2.txt ✅ 解析 1173 候选 → 1173 个有效节点 → 去重后新增 476 个

[2026-07-11 23:53:12] 📄 https://raw.githubusercontent.com/KH-Danial/my.vtoray.con/main/config/reality/reality_15.txt ✅ 解析 842 候选 → 842 个有效节点 → 去重后新增 358 个
[2026-07-11 23:53:14] 📄 https://raw.githubusercontent.com/KH-Danial/my.vtoray.con/main/config/reality/reality_12.txt ✅ 解析 838 候选 → 838 个有效节点 → 去重后新增 275 个
[2026-07-11 23:53:16] 📄 https://raw.githubusercontent.com/KH-Danial/my.vtoray.con/main/config/reality/reality_13.txt ✅ 解析 1328 候选 → 1328 个有效节点 → 去重后新增 577 个[2026-07-11 23:53:16] 📄 https://raw.githubusercontent.com/KH-Danial/my.vtoray.con/main/config/reality/reality_19.txt ✅ 解析 1011 候选 → 1011 个有效节点 → 去重后新增 363 个

[2026-07-11 23:53:17] 📄 https://raw.githubusercontent.com/KH-Danial/my.vtoray.con/main/config/reality/reality_3.txt ✅ 解析 947 候选 → 947 个有效节点 → 去重后新增 347 个
[2026-07-11 23:53:20] 📄 https://raw.githubusercontent.com/KH-Danial/my.vtoray.con/main/config/reality/reality_16.txt ✅ 解析 1072 候选 → 1072 个有效节点 → 去重后新增 439 个
[2026-07-11 23:53:22] 📄 https://raw.githubusercontent.com/KH-Danial/my.vtoray.con/main/config/reality/reality_20.txt ✅ 解析 904 候选 → 904 个有效节点 → 去重后新增 307 个
[2026-07-11 23:53:24] 📄 https://raw.githubusercontent.com/KH-Danial/my.vtoray.con/main/config/reality/reality_4.txt ✅ 解析 928 候选 → 928 个有效节点 → 去重后新增 321 个
[2026-07-11 23:53:25] 📦 批次 0022 已持久化: /home/runner/work/test-college/test-college/batches/no_batch_0022.txt (5005 个节点, 累计 105620 个)
[2026-07-11 23:53:33] 📄 https://raw.githubusercontent.com/KH-Danial/my.vtoray.con/main/config/reality/reality_5.txt ✅ 解析 715 候选 → 715 个有效节点 → 去重后新增 180 个
[2026-07-11 23:53:33] 📄 https://raw.githubusercontent.com/PuddinCat/BestClash/main/proxies.yaml ✅ 解析 16 候选 → 16 个有效节点 → 去重后新增 5 个
[2026-07-11 23:53:34] 🔗 查子仓库: PuddinCat/BestClash
[2026-07-11 23:53:36] 📄 https://raw.githubusercontent.com/Delta-Kronecker/V2ray-Config/main/config/tcp-pass-sni/batch_011.txt ✅ 解析 25 候选 → 25 个有效节点 → 去重后新增 3 个
[2026-07-11 23:53:38] 📄 https://raw.githubusercontent.com/KH-Danial/my.vtoray.con/main/config/reality/reality_10.txt ✅ 解析 966 候选 → 966 个有效节点 → 去重后新增 234 个
[2026-07-11 23:53:38] 📄 https://raw.githubusercontent.com/KH-Danial/my.vtoray.con/main/config/reality/reality_18.txt ✅ 解析 999 候选 → 999 个有效节点 → 去重后新增 272 个
[2026-07-11 23:53:42] 📄 https://raw.githubusercontent.com/KH-Danial/my.vtoray.con/main/config/ss/ss_6.txt ✅ 解析 1199 候选 → 1199 个有效节点 → 去重后新增 204 个
[2026-07-11 23:53:45] 📄 https://raw.githubusercontent.com/KH-Danial/my.vtoray.con/main/config/ss/ss_5.txt ✅ 解析 503 候选 → 503 个有效节点 → 去重后新增 144 个
[2026-07-11 23:53:47]   🍴 子仓库: 30 个 → 队列
[2026-07-11 23:53:47] 📄 https://raw.githubusercontent.com/KH-Danial/my.vtoray.con/main/config/ss/ss_4.txt ✅ 解析 1234 候选 → 1234 个有效节点 → 去重后新增 376 个[2026-07-11 23:53:48] 🔗 开始 Fork 链追踪 (PuddinCat/BestClash)[2026-07-11 23:53:48] 📄 https://raw.githubusercontent.com/KH-Danial/my.vtoray.con/main/config/ss/ss_7.txt ✅ 解析 1984 候选 → 1984 个有效节点 → 去重后新增 371 个


[2026-07-11 23:53:50] 📄 https://raw.githubusercontent.com/KH-Danial/my.vtoray.con/main/config/trojan/trojan_10.txt ✅ 解析 348 候选 → 348 个有效节点 → 去重后新增 161 个
[2026-07-11 23:53:53] 👤 遍历用户仓库: PuddinCat
[2026-07-11 23:53:54] 📄 https://raw.githubusercontent.com/KH-Danial/my.vtoray.con/main/config/ss/ss_3.txt ✅ 解析 1025 候选 → 1025 个有效节点 → 去重后新增 327 个[2026-07-11 23:53:54] 📄 https://raw.githubusercontent.com/Delta-Kronecker/V2ray-Config/main/config/tcp-pass-sni/batch_012.txt ✅ 解析 26 候选 → 26 个有效节点 → 去重后新增 7 个

[2026-07-11 23:53:56]   👤 用户仓库: 2 个 → 队列
[2026-07-11 23:53:56]   用户 PuddinCat 共查 2 个仓库
[2026-07-11 23:53:56] 仓库 https://github.com/dongchengjie/airport (分支: main, size: 23514KB, pushed: 2026-07-11T14:52:47Z)
[2026-07-11 23:53:58] 📄 https://raw.githubusercontent.com/KH-Danial/my.vtoray.con/main/config/reality/reality_6.txt ✅ 解析 589 候选 → 589 个有效节点 → 去重后新增 202 个
[2026-07-11 23:53:59] 📄 https://raw.githubusercontent.com/KH-Danial/my.vtoray.con/main/config/ss/ss_9.txt ✅ 解析 1017 候选 → 1017 个有效节点 → 去重后新增 577 个
[2026-07-11 23:54:00] 仓库 https://github.com/dongchengjie/airport 候选文件 10 个
[2026-07-11 23:55:01] SHA 缓存已保存: 1157660 条, 2 分片
[2026-07-11 23:55:01] 🔗 查子仓库: Firmfox/Proxify
[2026-07-11 23:55:03]   🍴 子仓库: 17 个 → 队列[2026-07-11 23:55:03] SHA 缓存已保存: 1157660 条, 2 分片

[2026-07-11 23:55:03] 🔗 开始 Fork 链追踪 (Firmfox/Proxify)
[2026-07-11 23:55:03] 👤 遍历用户仓库: Firmfox
[2026-07-11 23:55:03] 📄 https://raw.githubusercontent.com/Delta-Kronecker/V2ray-Config/main/config/tcp-pass-sni/batch_013.txt ✅ 解析 123 候选 → 123 个有效节点 → 去重后新增 15 个
[2026-07-11 23:55:03] 📄 https://raw.githubusercontent.com/Delta-Kronecker/V2ray-Config/main/config/tcp-pass-sni/batch_014.txt ✅ 解析 100 候选 → 100 个有效节点 → 去重后新增 7 个
[2026-07-11 23:55:03]   用户 Firmfox 共查 0 个仓库
[2026-07-11 23:55:03] 仓库 https://github.com/ForestSun2023/Clash-Script (分支: main, size: 3057KB, pushed: 2026-07-11T14:32:07Z)
[2026-07-11 23:55:06] 仓库 https://github.com/ForestSun2023/Clash-Script 候选文件 5 个
[2026-07-11 23:55:12] 仓库 https://github.com/ForestSun2023/Clash-Script 未提取到节点，加入黑名单
[2026-07-11 23:55:12] 仓库 https://github.com/748171997rui-afk/airport (分支: main, size: 7408KB, pushed: 2026-07-11T14:03:45Z)
[2026-07-11 23:55:16] 仓库 https://github.com/748171997rui-afk/airport 候选文件 5 个
[2026-07-11 23:55:16] 📄 https://raw.githubusercontent.com/KH-Danial/my.vtoray.con/main/config/trojan/trojan_8.txt ✅ 解析 491 候选 → 491 个有效节点 → 去重后新增 38 个
[2026-07-11 23:55:16] 📦 批次 0023 已持久化: /home/runner/work/test-college/test-college/batches/no_batch_0023.txt (7514 个节点, 累计 113137 个)
[2026-07-11 23:55:19] 🔗 查子仓库: mycum/ClashMetaForAndroid
[2026-07-11 23:55:19] 🔗 开始 Fork 链追踪 (mycum/ClashMetaForAndroid)
[2026-07-11 23:55:19]   父仓库: MetaCubeX/ClashMetaForAndroid
[2026-07-11 23:55:19] 仓库在黑名单中: https://github.com/MetaCubeX/ClashMetaForAndroid
[2026-07-11 23:55:19]   父仓库 +0 个节点
[2026-07-11 23:55:20] SHA 缓存已保存: 1157670 条, 2 分片
[2026-07-11 23:55:20]   🍴 兄弟仓库: 30 个 → 队列
[2026-07-11 23:55:20] 👤 遍历用户仓库: mycum
[2026-07-11 23:55:20] 📄 https://raw.githubusercontent.com/KH-Danial/my.vtoray.con/main/config/reality/reality_7.txt ✅ 解析 860 候选 → 860 个有效节点 → 去重后新增 400 个
[2026-07-11 23:55:20] 📄 https://raw.githubusercontent.com/KH-Danial/my.vtoray.con/main/config/vless/vless_1.txt ✅ 解析 1011 候选 → 1011 个有效节点 → 去重后新增 309 个
[2026-07-11 23:55:21]   👤 用户仓库: 2 个 → 队列
[2026-07-11 23:55:21]   用户 mycum 共查 2 个仓库
[2026-07-11 23:55:21] 仓库 https://github.com/Kwisma/cf-SubCloud (分支: main, size: 54234KB, pushed: 2026-07-11T14:02:49Z)
[2026-07-11 23:55:26] 仓库 https://github.com/Kwisma/cf-SubCloud 候选文件 13 个
[2026-07-11 23:55:26] 📄 https://raw.githubusercontent.com/KH-Danial/my.vtoray.con/main/config/reality/reality_8.txt ✅ 解析 1073 候选 → 1073 个有效节点 → 去重后新增 340 个
[2026-07-11 23:55:26] 📦 批次 0024 已持久化: /home/runner/work/test-college/test-college/batches/no_batch_0024.txt (5800 个节点, 累计 118964 个)
[2026-07-11 23:55:30] 📄 https://raw.githubusercontent.com/KH-Danial/my.vtoray.con/main/config/ss/ss_8.txt ✅ 解析 2084 候选 → 2084 个有效节点 → 去重后新增 543 个
[2026-07-11 23:55:30] 仓库 https://github.com/Kwisma/cf-SubCloud 未提取到节点，加入黑名单
[2026-07-11 23:55:30] 仓库 https://github.com/laoxinwu/cf-worker-mihomo (分支: main, size: 53772KB, pushed: 2026-07-11T13:53:37Z)
[2026-07-11 23:55:33] 📄 https://raw.githubusercontent.com/KH-Danial/my.vtoray.con/main/config/reality/reality_9.txt ✅ 解析 1145 候选 → 1145 个有效节点 → 去重后新增 456 个
[2026-07-11 23:55:33] SHA 缓存已保存: 1157683 条, 2 分片
[2026-07-11 23:55:33] 仓库 https://github.com/laoxinwu/cf-worker-mihomo 无候选文件 (总计 96 blob, 扩展名过滤 47, processed_shas 跳过 13, SHA 缓存跳过 36)
[2026-07-11 23:55:33] 🔗 查子仓库: laoxinwu/cf-worker-mihomo
[2026-07-11 23:55:34] 🔗 开始 Fork 链追踪 (laoxinwu/cf-worker-mihomo)
[2026-07-11 23:55:34]   父仓库: Kwisma/cf-SubCloud
[2026-07-11 23:55:36]   🍴 兄弟仓库: 30 个 → 队列
[2026-07-11 23:55:36] 👤 遍历用户仓库: laoxinwu
[2026-07-11 23:55:37] 📄 https://raw.githubusercontent.com/KH-Danial/my.vtoray.con/main/config/trojan/trojan_5.txt ✅ 解析 1374 候选 → 1374 个有效节点 → 去重后新增 449 个
[2026-07-11 23:55:37] 📄 https://raw.githubusercontent.com/748171997rui-afk/airport/main/subs/Vanic24.yaml ✅ 解析 340 候选 → 340 个有效节点 → 去重后新增 6 个
[2026-07-11 23:55:37] 📦 批次 0025 已持久化: /home/runner/work/test-college/test-college/batches/no_batch_0025.txt (5462 个节点, 累计 124403 个)
[2026-07-11 23:55:39]   👤 用户仓库: 30 个 → 队列
[2026-07-11 23:55:39]   用户 laoxinwu 共查 30 个仓库
[2026-07-11 23:55:39] 📄 https://raw.githubusercontent.com/KH-Danial/my.vtoray.con/main/config/trojan/trojan_1.txt ✅ 解析 1709 候选 → 1709 个有效节点 → 去重后新增 192 个[2026-07-11 23:55:39] 仓库 https://github.com/billkit/vanic-mix-subs (分支: main, size: 838KB, pushed: 2026-07-11T13:50:18Z)

[2026-07-11 23:55:42] 仓库 https://github.com/billkit/vanic-mix-subs 候选文件 3 个
[2026-07-11 23:55:45] SHA 缓存已保存: 1157686 条, 2 分片
[2026-07-11 23:55:45] 📄 https://raw.githubusercontent.com/KH-Danial/my.vtoray.con/main/config/trojan/trojan_3.txt ✅ 解析 1770 候选 → 1770 个有效节点 → 去重后新增 66 个
[2026-07-11 23:55:45] 📄 https://raw.githubusercontent.com/KH-Danial/my.vtoray.con/main/config/trojan/trojan_6.txt ✅ 解析 1788 候选 → 1788 个有效节点 → 去重后新增 182 个
[2026-07-11 23:55:45] 📄 https://raw.githubusercontent.com/KH-Danial/my.vtoray.con/main/config/trojan/trojan_4.txt ✅ 解析 1983 候选 → 1983 个有效节点 → 去重后新增 536 个
[2026-07-11 23:55:45] 📄 https://raw.githubusercontent.com/KH-Danial/my.vtoray.con/main/config/trojan/trojan_2.txt ✅ 解析 2051 候选 → 2051 个有效节点 → 去重后新增 235 个
[2026-07-11 23:55:45] 📄 https://raw.githubusercontent.com/KH-Danial/my.vtoray.con/main/config/ss/ss_2.txt ✅ 解析 1855 候选 → 1855 个有效节点 → 去重后新增 891 个
[2026-07-11 23:55:54] 📄 https://raw.githubusercontent.com/KH-Danial/my.vtoray.con/main/config/vless/vless_12.txt ✅ 解析 1110 候选 → 1110 个有效节点 → 去重后新增 283 个
[2026-07-11 23:55:54] 📄 https://raw.githubusercontent.com/KH-Danial/my.vtoray.con/main/config/vless/vless_10.txt ✅ 解析 1148 候选 → 1148 个有效节点 → 去重后新增 476 个
[2026-07-11 23:55:54] 📄 https://raw.githubusercontent.com/KH-Danial/my.vtoray.con/main/config/trojan/trojan_7.txt ✅ 解析 2237 候选 → 2237 个有效节点 → 去重后新增 483 个
[2026-07-11 23:55:54] 📦 批次 0026 已持久化: /home/runner/work/test-college/test-college/batches/no_batch_0026.txt (5310 个节点, 累计 129717 个)
[2026-07-11 23:55:56] 📄 https://raw.githubusercontent.com/KH-Danial/my.vtoray.con/main/config/vless/vless_11.txt ✅ 解析 1208 候选 → 1208 个有效节点 → 去重后新增 283 个
[2026-07-11 23:56:02] 📄 https://raw.githubusercontent.com/KH-Danial/my.vtoray.con/main/config/ss/ss_1.txt ✅ 解析 2370 候选 → 2370 个有效节点 → 去重后新增 1667 个
[2026-07-11 23:56:03] 📄 https://raw.githubusercontent.com/KH-Danial/my.vtoray.con/main/config/vless/vless_15.txt ✅ 解析 1171 候选 → 1171 个有效节点 → 去重后新增 284 个
[2026-07-11 23:56:03] SHA 缓存已保存: 1157686 条, 2 分片
[2026-07-11 23:56:07] 📄 https://raw.githubusercontent.com/KH-Danial/my.vtoray.con/main/config/vless/vless_14.txt ✅ 解析 1267 候选 → 1267 个有效节点 → 去重后新增 459 个
[2026-07-11 23:56:07] 📄 https://raw.githubusercontent.com/KH-Danial/my.vtoray.con/main/config/vless/vless_13.txt ✅ 解析 1415 候选 → 1415 个有效节点 → 去重后新增 604 个
[2026-07-11 23:56:07] 📄 https://raw.githubusercontent.com/KH-Danial/my.vtoray.con/main/config/vless/vless_17.txt ✅ 解析 1113 候选 → 1113 个有效节点 → 去重后新增 347 个
[2026-07-11 23:56:07] 📦 批次 0027 已持久化: /home/runner/work/test-college/test-college/batches/no_batch_0027.txt (5334 个节点, 累计 135045 个)
[2026-07-11 23:56:11] 📄 https://raw.githubusercontent.com/KH-Danial/my.vtoray.con/main/config/vless/vless_24.txt ✅ 解析 620 候选 → 620 个有效节点 → 去重后新增 156 个
[2026-07-11 23:56:14] 📄 https://raw.githubusercontent.com/KH-Danial/my.vtoray.con/main/config/vless/vless_20.txt ✅ 解析 886 候选 → 886 个有效节点 → 去重后新增 191 个
[2026-07-11 23:56:15] SHA 缓存已保存: 1157686 条, 2 分片
[2026-07-11 23:56:15] 📄 https://raw.githubusercontent.com/KH-Danial/my.vtoray.con/main/config/trojan/trojan_9.txt ✅ 解析 2929 候选 → 2929 个有效节点 → 去重后新增 2152 个
[2026-07-11 23:56:15] 📄 https://raw.githubusercontent.com/KH-Danial/my.vtoray.con/main/config/vless/vless_19.txt ✅ 解析 961 候选 → 961 个有效节点 → 去重后新增 307 个
[2026-07-11 23:56:15] 📄 https://raw.githubusercontent.com/KH-Danial/my.vtoray.con/main/config/vless/vless_27.txt ✅ 解析 624 候选 → 624 个有效节点 → 去重后新增 104 个
[2026-07-11 23:56:15] 📄 https://raw.githubusercontent.com/KH-Danial/my.vtoray.con/main/config/vless/vless_18.txt ✅ 解析 1084 候选 → 1084 个有效节点 → 去重后新增 228 个
[2026-07-11 23:56:15] 📄 https://raw.githubusercontent.com/748171997rui-afk/airport/main/subs/barry-far.yaml ✅ 解析 1329 候选 → 1329 个有效节点 → 去重后新增 5 个
[2026-07-11 23:56:15] 🔗 查子仓库: 748171997rui-afk/airport
[2026-07-11 23:56:15] 📄 https://raw.githubusercontent.com/KH-Danial/my.vtoray.con/main/config/vless/vless_16.txt ✅ 解析 1446 候选 → 1446 个有效节点 → 去重后新增 427 个
[2026-07-11 23:56:15] 📄 https://raw.githubusercontent.com/KH-Danial/my.vtoray.con/main/config/vless/vless_21.txt ✅ 解析 1161 候选 → 1161 个有效节点 → 去重后新增 361 个
[2026-07-11 23:56:15] 🔗 查子仓库: billkit/vanic-mix-subs
[2026-07-11 23:56:15] 📄 https://raw.githubusercontent.com/KH-Danial/my.vtoray.con/main/config/vless/vless_23.txt ✅ 解析 1095 候选 → 1095 个有效节点 → 去重后新增 182 个
[2026-07-11 23:56:16] 🔗 开始 Fork 链追踪 (billkit/vanic-mix-subs)[2026-07-11 23:56:16] 🔗 开始 Fork 链追踪 (748171997rui-afk/airport)

[2026-07-11 23:56:16] 👤 遍历用户仓库: billkit
[2026-07-11 23:56:16]   父仓库: dongchengjie/airport
[2026-07-11 23:56:18]   🍴 兄弟仓库: 30 个 → 队列
[2026-07-11 23:56:18] 👤 遍历用户仓库: 748171997rui-afk
[2026-07-11 23:56:23]   👤 用户仓库: 30 个 → 队列
[2026-07-11 23:56:23]   用户 748171997rui-afk 共查 30 个仓库
[2026-07-11 23:56:23] 仓库 https://github.com/chenx-dust/Clash.Meta (分支: FlClash, size: 12321KB, pushed: 2026-07-11T13:28:39Z)
[2026-07-11 23:56:27]   👤 用户仓库: 30 个 → 队列
[2026-07-11 23:56:27]   用户 billkit 共查 30 个仓库
[2026-07-11 23:56:27] 仓库 https://github.com/liwp914/BestClash (分支: main, size: 304248KB, pushed: 2026-07-11T13:24:44Z)
[2026-07-11 23:56:29] 仓库 https://github.com/liwp914/BestClash 候选文件 1 个
[2026-07-11 23:56:29] 📄 https://raw.githubusercontent.com/KH-Danial/my.vtoray.con/main/config/vless/vless_2.txt ✅ 解析 1393 候选 → 1393 个有效节点 → 去重后新增 362 个
[2026-07-11 23:56:29] 仓库 https://github.com/chenx-dust/Clash.Meta 无候选文件 (总计 976 blob, 扩展名过滤 935, processed_shas 跳过 0, SHA 缓存跳过 41)
[2026-07-11 23:56:29] 🔗 查子仓库: chenx-dust/Clash.Meta
[2026-07-11 23:56:29] 📄 https://raw.githubusercontent.com/KH-Danial/my.vtoray.con/main/config/vless/vless_26.txt ✅ 解析 1161 候选 → 1161 个有效节点 → 去重后新增 390 个
[2026-07-11 23:56:30] 🔗 开始 Fork 链追踪 (chenx-dust/Clash.Meta)
[2026-07-11 23:56:30]   父仓库: chen08209/Clash.Meta
[2026-07-11 23:56:31] 仓库在黑名单中: https://github.com/chen08209/Clash.Meta
[2026-07-11 23:56:31]   父仓库 +1 个节点
[2026-07-11 23:56:34]   🍴 兄弟仓库: 30 个 → 队列
[2026-07-11 23:56:34] 👤 遍历用户仓库: chenx-dust
[2026-07-11 23:56:37]   👤 用户仓库: 30 个 → 队列
[2026-07-11 23:56:37]   用户 chenx-dust 共查 30 个仓库
[2026-07-11 23:56:37] 仓库 https://github.com/thatwolin/cf-worker-mihomo (分支: main, size: 53597KB, pushed: 2026-07-11T13:21:39Z)
[2026-07-11 23:56:40] 仓库 https://github.com/thatwolin/cf-worker-mihomo 无候选文件 (总计 96 blob, 扩展名过滤 47, processed_shas 跳过 6, SHA 缓存跳过 43)
[2026-07-11 23:56:40] 🔗 查子仓库: thatwolin/cf-worker-mihomo
[2026-07-11 23:56:40] 📄 https://raw.githubusercontent.com/KH-Danial/my.vtoray.con/main/config/vless/vless_25.txt ✅ 解析 1290 候选 → 1290 个有效节点 → 去重后新增 347 个
[2026-07-11 23:56:40] 📦 批次 0028 已持久化: /home/runner/work/test-college/test-college/batches/no_batch_0028.txt (6106 个节点, 累计 141152 个)
[2026-07-11 23:56:40] 🔗 开始 Fork 链追踪 (thatwolin/cf-worker-mihomo)
[2026-07-11 23:56:40]   父仓库: Kwisma/cf-SubCloud
[2026-07-11 23:56:41]   🍴 兄弟仓库: 17 个 → 队列
[2026-07-11 23:56:41] 👤 遍历用户仓库: thatwolin
[2026-07-11 23:56:42]   👤 用户仓库: 16 个 → 队列
[2026-07-11 23:56:42]   用户 thatwolin 共查 16 个仓库
[2026-07-11 23:56:42] 仓库 https://github.com/lanzm/MetaFetch (分支: master, size: 2176KB, pushed: 2026-07-11T12:54:52Z)
[2026-07-11 23:56:43] 仓库 https://github.com/lanzm/MetaFetch 候选文件 2 个
[2026-07-11 23:56:43] SHA 缓存已保存: 1157689 条, 2 分片
[2026-07-11 23:56:46] 📄 https://raw.githubusercontent.com/KH-Danial/my.vtoray.con/main/config/vless/vless_3.txt ✅ 解析 1076 候选 → 1076 个有效节点 → 去重后新增 253 个
[2026-07-11 23:56:46] 📄 https://raw.githubusercontent.com/KH-Danial/my.vtoray.con/main/config/vless/vless_22.txt ✅ 解析 1617 候选 → 1617 个有效节点 → 去重后新增 806 个
[2026-07-11 23:56:46] 📄 https://raw.githubusercontent.com/KH-Danial/my.vtoray.con/main/config/vless/vless_29.txt ✅ 解析 1168 候选 → 1168 个有效节点 → 去重后新增 239 个
[2026-07-11 23:56:46] 📄 https://raw.githubusercontent.com/KH-Danial/my.vtoray.con/main/config/vless/vless_36.txt ✅ 解析 631 候选 → 631 个有效节点 → 去重后新增 189 个
[2026-07-11 23:56:46] 📄 https://raw.githubusercontent.com/KH-Danial/my.vtoray.con/main/config/vless/vless_38.txt ✅ 解析 712 候选 → 712 个有效节点 → 去重后新增 218 个
[2026-07-11 23:56:46] 📄 https://raw.githubusercontent.com/KH-Danial/my.vtoray.con/main/config/vless/vless_37.txt ✅ 解析 876 候选 → 876 个有效节点 → 去重后新增 213 个
[2026-07-11 23:56:46] 📦 批次 0029 已持久化: /home/runner/work/test-college/test-college/batches/no_batch_0029.txt (5193 个节点, 累计 146339 个)
[2026-07-11 23:56:52] 📄 https://raw.githubusercontent.com/KH-Danial/my.vtoray.con/main/config/vless/vless_28.txt ✅ 解析 1357 候选 → 1357 个有效节点 → 去重后新增 73 个
[2026-07-11 23:56:55] 📄 https://raw.githubusercontent.com/KH-Danial/my.vtoray.con/main/config/vless/vless_39.txt ✅ 解析 812 候选 → 812 个有效节点 → 去重后新增 139 个
[2026-07-11 23:56:59] SHA 缓存已保存: 1157689 条, 2 分片
[2026-07-11 23:57:03] 📄 https://raw.githubusercontent.com/KH-Danial/my.vtoray.con/main/config/vless/vless_30.txt ✅ 解析 1023 候选 → 1023 个有效节点 → 去重后新增 221 个
[2026-07-11 23:57:03] 📄 https://raw.githubusercontent.com/KH-Danial/my.vtoray.con/main/config/vless/vless_45.txt ✅ 解析 120 候选 → 120 个有效节点 → 去重后新增 15 个
[2026-07-11 23:57:05] 📄 https://raw.githubusercontent.com/KH-Danial/my.vtoray.con/main/config/vless/vless_4.txt ✅ 解析 844 候选 → 844 个有效节点 → 去重后新增 158 个
[2026-07-11 23:57:08] 📄 https://raw.githubusercontent.com/KH-Danial/my.vtoray.con/main/config/vless/vless_32.txt ✅ 解析 1066 候选 → 1066 个有效节点 → 去重后新增 230 个
[2026-07-11 23:57:08] 📄 https://raw.githubusercontent.com/lanzm/MetaFetch/master/list.meta.yml ✅ 解析 671 候选 → 671 个有效节点 → 去重后新增 7 个
[2026-07-11 23:57:08] 🔗 查子仓库: lanzm/MetaFetch
[2026-07-11 23:57:08] 📄 https://raw.githubusercontent.com/KH-Danial/my.vtoray.con/main/config/vless/vless_40.txt ✅ 解析 672 候选 → 672 个有效节点 → 去重后新增 153 个
[2026-07-11 23:57:08]   🍴 子仓库: 3 个 → 队列
[2026-07-11 23:57:08] 🔗 开始 Fork 链追踪 (lanzm/MetaFetch)
[2026-07-11 23:57:09] 👤 遍历用户仓库: lanzm
[2026-07-11 23:57:09] 📄 https://raw.githubusercontent.com/KH-Danial/my.vtoray.con/main/config/vless/vless_33.txt ✅ 解析 1239 候选 → 1239 个有效节点 → 去重后新增 242 个
[2026-07-11 23:57:09]   👤 用户仓库: 1 个 → 队列
[2026-07-11 23:57:09]   用户 lanzm 共查 1 个仓库
[2026-07-11 23:57:09] 仓库 https://github.com/BeliefDawn/Clash-RuleSet-Mod (分支: main, size: 170KB, pushed: 2026-07-11T11:53:53Z)
[2026-07-11 23:57:17] 📄 https://raw.githubusercontent.com/KH-Danial/my.vtoray.con/main/config/vless/vless_35.txt ✅ 解析 1133 候选 → 1133 个有效节点 → 去重后新增 252 个
[2026-07-11 23:57:19] 仓库 https://github.com/BeliefDawn/Clash-RuleSet-Mod 候选文件 7 个
[2026-07-11 23:57:22] 仓库 https://github.com/BeliefDawn/Clash-RuleSet-Mod 未提取到节点，加入黑名单
[2026-07-11 23:57:22] 仓库 https://github.com/Nyoli/Surge (分支: master, size: 6813KB, pushed: 2026-07-11T10:29:54Z)
[2026-07-11 23:57:22] 📄 https://raw.githubusercontent.com/KH-Danial/my.vtoray.con/main/config/vless/vless_34.txt ✅ 解析 1214 候选 → 1214 个有效节点 → 去重后新增 231 个
[2026-07-11 23:57:22] 仓库 https://github.com/Nyoli/Surge 候选文件 4 个
[2026-07-11 23:57:22] 📄 https://raw.githubusercontent.com/KH-Danial/my.vtoray.con/main/config/vless/vless_31.txt ✅ 解析 1500 候选 → 1500 个有效节点 → 去重后新增 467 个
[2026-07-11 23:57:22] 📄 https://raw.githubusercontent.com/KH-Danial/my.vtoray.con/main/config/vless/vless_44.txt ✅ 解析 635 候选 → 635 个有效节点 → 去重后新增 61 个
[2026-07-11 23:57:22] 📦 批次 0030 已持久化: /home/runner/work/test-college/test-college/batches/no_batch_0030.txt (5499 个节点, 累计 151839 个)
[2026-07-11 23:57:25] 仓库 https://github.com/Nyoli/Surge README 含广告词，加入黑名单
[2026-07-11 23:57:25] 仓库 https://github.com/cmzt-coder/mihomo (分支: main, size: 12334KB, pushed: 2026-07-11T09:47:56Z)
[2026-07-11 23:57:27] 仓库 https://github.com/cmzt-coder/mihomo 无候选文件 (总计 30 blob, 扩展名过滤 20, processed_shas 跳过 0, SHA 缓存跳过 10)
[2026-07-11 23:57:27] 🔗 查子仓库: cmzt-coder/mihomo
[2026-07-11 23:57:27] 🔗 开始 Fork 链追踪 (cmzt-coder/mihomo)
[2026-07-11 23:57:28]   父仓库: MetaCubeX/mihomo
[2026-07-11 23:57:28] 仓库在黑名单中: https://github.com/MetaCubeX/mihomo
[2026-07-11 23:57:28]   父仓库 +0 个节点
[2026-07-11 23:57:28] SHA 缓存已保存: 1157700 条, 2 分片
[2026-07-11 23:57:28] 📄 https://raw.githubusercontent.com/KH-Danial/my.vtoray.con/main/config/vless/vless_41.txt ✅ 解析 808 候选 → 808 个有效节点 → 去重后新增 112 个
[2026-07-11 23:57:28] 📄 https://raw.githubusercontent.com/KH-Danial/my.vtoray.con/main/config/vless/vless_5.txt ✅ 解析 899 候选 → 899 个有效节点 → 去重后新增 209 个
[2026-07-11 23:57:28] 📄 https://raw.githubusercontent.com/KH-Danial/my.vtoray.con/main/config/vless/vless_42.txt ✅ 解析 915 候选 → 915 个有效节点 → 去重后新增 148 个
[2026-07-11 23:57:28] 📄 https://raw.githubusercontent.com/Delta-Kronecker/V2ray-Config/main/config/tcp-pass/batch_014.txt ✅ 解析 5087 候选 → 5087 个有效节点 → 去重后新增 2179 个
[2026-07-11 23:57:28] 📄 https://raw.githubusercontent.com/KH-Danial/my.vtoray.con/main/config/vless/vless_8.txt ✅ 解析 862 候选 → 862 个有效节点 → 去重后新增 183 个
[2026-07-11 23:57:28] 📄 https://raw.githubusercontent.com/KH-Danial/my.vtoray.con/main/config/vless/vless_7.txt ✅ 解析 1197 候选 → 1197 个有效节点 → 去重后新增 207 个
[2026-07-11 23:57:28] 📄 https://raw.githubusercontent.com/KH-Danial/my.vtoray.con/main/config/vless/vless_9.txt ✅ 解析 1202 候选 → 1202 个有效节点 → 去重后新增 237 个
[2026-07-11 23:57:28] 📄 https://raw.githubusercontent.com/KH-Danial/my.vtoray.con/main/config/vless/vless_6.txt ✅ 解析 1301 候选 → 1301 个有效节点 → 去重后新增 352 个
[2026-07-11 23:57:28] 📄 https://raw.githubusercontent.com/KH-Danial/my.vtoray.con/main/config/vless/vless_43.txt ✅ 解析 1612 候选 → 1612 个有效节点 → 去重后新增 538 个
[2026-07-11 23:57:28] 📦 批次 0031 已持久化: /home/runner/work/test-college/test-college/batches/no_batch_0031.txt (5759 个节点, 累计 157604 个)
[2026-07-11 23:57:29]   🍴 兄弟仓库: 30 个 → 队列
[2026-07-11 23:57:29] 👤 遍历用户仓库: cmzt-coder
[2026-07-11 23:57:31]   👤 用户仓库: 30 个 → 队列
[2026-07-11 23:57:31]   用户 cmzt-coder 共查 30 个仓库
[2026-07-11 23:57:31] 仓库 https://github.com/ccpro1/ClashMetaForAndroid (分支: main, size: 4623KB, pushed: 2026-07-11T08:00:13Z)
[2026-07-11 23:57:31] 📄 https://raw.githubusercontent.com/diyeah-create/airport/main/subs/10ium.yaml ✅ 解析 6397 候选 → 6397 个有效节点 → 去重后新增 706 个
[2026-07-11 23:57:31] 🔗 查子仓库: diyeah-create/airport
[2026-07-11 23:57:31] 🔗 开始 Fork 链追踪 (diyeah-create/airport)
[2026-07-11 23:57:31] 📄 https://raw.githubusercontent.com/Delta-Kronecker/V2ray-Config/main/config/tcp-pass/batch_012.txt ✅ 解析 6010 候选 → 6010 个有效节点 → 去重后新增 3502 个
[2026-07-11 23:57:31]   父仓库: dongchengjie/airport
[2026-07-11 23:57:31] SHA 缓存已保存: 1157700 条, 2 分片
[2026-07-11 23:57:32] 📄 https://raw.githubusercontent.com/KH-Danial/my.vtoray.con/main/config/vmess/vmess_6.txt ✅ 解析 1061 候选 → 1061 个有效节点 → 去重后新增 233 个
[2026-07-11 23:57:32] 仓库 https://github.com/ccpro1/ClashMetaForAndroid 无候选文件 (总计 518 blob, 扩展名过滤 493, processed_shas 跳过 0, SHA 缓存跳过 25)
[2026-07-11 23:57:32] 🔗 查子仓库: ccpro1/ClashMetaForAndroid
[2026-07-11 23:57:32] 📄 https://raw.githubusercontent.com/KH-Danial/my.vtoray.con/main/config/vmess/vmess_4.txt ✅ 解析 1689 候选 → 1689 个有效节点 → 去重后新增 561 个
[2026-07-11 23:57:32] 📄 https://raw.githubusercontent.com/KH-Danial/my.vtoray.con/main/config/vmess/vmess_2.txt ✅ 解析 1663 候选 → 1663 个有效节点 → 去重后新增 175 个
[2026-07-11 23:57:32] 🔗 开始 Fork 链追踪 (ccpro1/ClashMetaForAndroid)
[2026-07-11 23:57:32] 📄 https://raw.githubusercontent.com/KH-Danial/my.vtoray.con/main/config/vmess/vmess_5.txt ✅ 解析 2095 候选 → 2095 个有效节点 → 去重后新增 676 个
[2026-07-11 23:57:32] 📄 https://raw.githubusercontent.com/Delta-Kronecker/V2ray-Config/main/config/tcp-pass/batch_013.txt ✅ 解析 6672 候选 → 6672 个有效节点 → 去重后新增 2915 个
[2026-07-11 23:57:32]   🍴 兄弟仓库: 18 个 → 队列
[2026-07-11 23:57:32] 👤 遍历用户仓库: diyeah-create
[2026-07-11 23:57:32] 📄 https://raw.githubusercontent.com/Delta-Kronecker/V2ray-Config/main/config/tcp-pass/batch_011.txt ✅ 解析 7102 候选 → 7102 个有效节点 → 去重后新增 2394 个
[2026-07-11 23:57:32] 📄 https://raw.githubusercontent.com/KH-Danial/my.vtoray.con/main/config/vmess/vmess_1.txt ✅ 解析 2528 候选 → 2528 个有效节点 → 去重后新增 427 个
[2026-07-11 23:57:32] 📄 https://raw.githubusercontent.com/KH-Danial/my.vtoray.con/main/config/vmess/vmess_3.txt ✅ 解析 2652 候选 → 2652 个有效节点 → 去重后新增 70 个
[2026-07-11 23:57:32] 🔗 查子仓库: KH-Danial/my.vtoray.con
[2026-07-11 23:57:32]   父仓库: MetaCubeX/ClashMetaForAndroid
[2026-07-11 23:57:32] 仓库在黑名单中: https://github.com/MetaCubeX/ClashMetaForAndroid
[2026-07-11 23:57:32]   父仓库 +0 个节点
[2026-07-11 23:57:32] 📄 https://raw.githubusercontent.com/dongchengjie/airport/main/subs/coldwater-10.yaml ✅ 解析 3829 候选 → 3829 个有效节点 → 去重后新增 863 个
[2026-07-11 23:57:32] 🔗 查子仓库: dongchengjie/airport
[2026-07-11 23:57:32] 📄 https://raw.githubusercontent.com/Delta-Kronecker/V2ray-Config/main/config/tcp-pass/batch_003.txt ✅ 解析 7951 候选 → 7951 个有效节点 → 去重后新增 1854 个
[2026-07-11 23:57:32] 📄 https://raw.githubusercontent.com/Delta-Kronecker/V2ray-Config/main/config/tcp-pass/batch_001.txt ✅ 解析 7878 候选 → 7878 个有效节点 → 去重后新增 1844 个
[2026-07-11 23:57:32] 📄 https://raw.githubusercontent.com/Delta-Kronecker/V2ray-Config/main/config/tcp-pass/batch_006.txt ✅ 解析 7861 候选 → 7861 个有效节点 → 去重后新增 1846 个
[2026-07-11 23:57:32] 📄 https://raw.githubusercontent.com/Delta-Kronecker/V2ray-Config/main/config/tcp-pass/batch_009.txt ✅ 解析 8145 候选 → 8145 个有效节点 → 去重后新增 1696 个
[2026-07-11 23:57:32] 📄 https://raw.githubusercontent.com/Delta-Kronecker/V2ray-Config/main/config/tcp-pass/batch_004.txt ✅ 解析 7913 候选 → 7913 个有效节点 → 去重后新增 1808 个
[2026-07-11 23:57:32] 📄 https://raw.githubusercontent.com/Delta-Kronecker/V2ray-Config/main/config/tcp-pass/batch_002.txt ✅ 解析 7868 候选 → 7868 个有效节点 → 去重后新增 1713 个
[2026-07-11 23:57:32] 📄 https://raw.githubusercontent.com/Delta-Kronecker/V2ray-Config/main/config/tcp-pass/batch_007.txt ✅ 解析 7990 候选 → 7990 个有效节点 → 去重后新增 1817 个
[2026-07-11 23:57:32] 📄 https://raw.githubusercontent.com/Delta-Kronecker/V2ray-Config/main/config/tcp-pass/batch_008.txt ✅ 解析 7884 候选 → 7884 个有效节点 → 去重后新增 1848 个
[2026-07-11 23:57:32] 📄 https://raw.githubusercontent.com/Delta-Kronecker/V2ray-Config/main/config/tcp-pass/batch_005.txt ✅ 解析 7882 候选 → 7882 个有效节点 → 去重后新增 1816 个
[2026-07-11 23:57:32]   👤 用户仓库: 4 个 → 队列
[2026-07-11 23:57:32]   用户 diyeah-create 共查 4 个仓库
[2026-07-11 23:57:32] 仓库 https://github.com/Jacky-Bruse/subbehind (分支: master, size: 8246KB, pushed: 2026-07-11T05:03:26Z)
[2026-07-11 23:57:32] 📄 https://raw.githubusercontent.com/Delta-Kronecker/V2ray-Config/main/config/tcp-pass/batch_010.txt ✅ 解析 8092 候选 → 8092 个有效节点 → 去重后新增 562 个
[2026-07-11 23:57:32] 🔗 查子仓库: Delta-Kronecker/V2ray-Config
[2026-07-11 23:57:32]   🍴 子仓库: 1 个 → 队列
[2026-07-11 23:57:32] 🔗 开始 Fork 链追踪 (KH-Danial/my.vtoray.con)
[2026-07-11 23:57:32] 📄 https://raw.githubusercontent.com/liwp914/BestClash/main/proxies.yaml ✅ 解析 8917 候选 → 8917 个有效节点 → 去重后新增 1427 个
[2026-07-11 23:57:32] 🔗 查子仓库: liwp914/BestClash
[2026-07-11 23:57:32] 🔗 查子仓库: DarkRoyalty/shnajder-vpn-configs
[2026-07-11 23:57:32] 🔗 查子仓库: AvenCores/goida-vpn-configs
[2026-07-11 23:57:32] 仓库 https://github.com/Jacky-Bruse/subbehind 无候选文件 (总计 510 blob, 扩展名过滤 142, processed_shas 跳过 0, SHA 缓存跳过 368)
[2026-07-11 23:57:32] 🔗 查子仓库: Jacky-Bruse/subbehind
[2026-07-11 23:57:32] 🔗 开始 Fork 链追踪 (liwp914/BestClash)
[2026-07-11 23:57:32] 👤 遍历用户仓库: KH-Danial
[2026-07-11 23:57:32] 🔗 开始 Fork 链追踪 (dongchengjie/airport)
[2026-07-11 23:57:32] 🔗 开始 Fork 链追踪 (Jacky-Bruse/subbehind)
[2026-07-11 23:57:32]   父仓库: PuddinCat/BestClash
[2026-07-11 23:57:32]   用户 KH-Danial 共查 0 个仓库
[2026-07-11 23:57:32] 仓库 https://github.com/tuoefg/utto-miho (分支: main, size: 52737KB, pushed: 2026-07-11T02:38:44Z)
[2026-07-11 23:57:32] 👤 遍历用户仓库: dongchengjie
[2026-07-11 23:57:33]   🍴 子仓库: 1 个 → 队列
[2026-07-11 23:57:33] 🔗 开始 Fork 链追踪 (DarkRoyalty/shnajder-vpn-configs)
[2026-07-11 23:57:33]   父仓库: asdlokj1qpi233/subconverter
[2026-07-11 23:57:33]   🍴 子仓库: 25 个 → 队列
[2026-07-11 23:57:33] 🔗 开始 Fork 链追踪 (Delta-Kronecker/V2ray-Config)
[2026-07-11 23:57:33] 仓库 https://github.com/tuoefg/utto-miho 候选文件 1 个
[2026-07-11 23:57:33] 👤 遍历用户仓库: DarkRoyalty
[2026-07-11 23:57:33] 👤 遍历用户仓库: Delta-Kronecker
[2026-07-11 23:57:33]   👤 用户仓库: 1 个 → 队列
[2026-07-11 23:57:33]   用户 dongchengjie 共查 1 个仓库
[2026-07-11 23:57:33] 仓库 https://github.com/aoyavp/cf-worker-mihomo (分支: main, size: 52905KB, pushed: 2026-07-11T01:18:47Z)
[2026-07-11 23:57:33] 仓库 https://github.com/tuoefg/utto-miho 未提取到节点，加入黑名单
[2026-07-11 23:57:33] 仓库 https://github.com/haovhd/MyClash (分支: main, size: 6338KB, pushed: 2026-07-11T01:15:36Z)
[2026-07-11 23:57:33]   用户 DarkRoyalty 共查 0 个仓库
[2026-07-11 23:57:33] 仓库 https://github.com/stehdev/MIHOMO_YAMLS (分支: main, size: 548874KB, pushed: 2026-07-10T23:50:52Z)
[2026-07-11 23:57:33]   👤 用户仓库: 9 个 → 队列
[2026-07-11 23:57:33]   用户 Delta-Kronecker 共查 9 个仓库
[2026-07-11 23:57:33] 仓库 https://github.com/Loncc/MIHOMO_YAMLS (分支: main, size: 548874KB, pushed: 2026-07-10T23:50:52Z)
[2026-07-11 23:57:33] 仓库 https://github.com/aoyavp/cf-worker-mihomo 无候选文件 (总计 95 blob, 扩展名过滤 46, processed_shas 跳过 1, SHA 缓存跳过 48)
[2026-07-11 23:57:33] 🔗 查子仓库: aoyavp/cf-worker-mihomo
[2026-07-11 23:57:33] 仓库 https://github.com/haovhd/MyClash 候选文件 3 个
[2026-07-11 23:57:33]   🍴 兄弟仓库: 27 个 → 队列
[2026-07-11 23:57:33] 👤 遍历用户仓库: ccpro1
[2026-07-11 23:57:33] 仓库 https://github.com/stehdev/MIHOMO_YAMLS 无候选文件 (总计 516 blob, 扩展名过滤 118, processed_shas 跳过 0, SHA 缓存跳过 398)
[2026-07-11 23:57:33] 🔗 查子仓库: stehdev/MIHOMO_YAMLS
[2026-07-11 23:57:33] 🔗 开始 Fork 链追踪 (aoyavp/cf-worker-mihomo)
[2026-07-11 23:57:33] 🔗 开始 Fork 链追踪 (stehdev/MIHOMO_YAMLS)
[2026-07-11 23:57:33] 仓库 https://github.com/Loncc/MIHOMO_YAMLS 无候选文件 (总计 516 blob, 扩展名过滤 118, processed_shas 跳过 0, SHA 缓存跳过 398)
[2026-07-11 23:57:33] 🔗 查子仓库: Loncc/MIHOMO_YAMLS
[2026-07-11 23:57:33]   父仓库: Kwisma/cf-SubCloud
[2026-07-11 23:57:33] 🔗 开始 Fork 链追踪 (Loncc/MIHOMO_YAMLS)
[2026-07-11 23:57:33]   🍴 子仓库: 30 个 → 队列
[2026-07-11 23:57:33] 🔗 开始 Fork 链追踪 (AvenCores/goida-vpn-configs)
[2026-07-11 23:57:33]   🍴 兄弟仓库: 17 个 → 队列
[2026-07-11 23:57:33] 👤 遍历用户仓库: liwp914
[2026-07-11 23:57:33]   👤 用户仓库: 6 个 → 队列
[2026-07-11 23:57:33]   用户 ccpro1 共查 6 个仓库
[2026-07-11 23:57:33] 仓库 https://github.com/Jack520GG/BestClash (分支: main, size: 23140KB, pushed: 2026-07-10T21:14:25Z)
[2026-07-11 23:57:33]   父仓库: HenryChiao/MIHOMO_YAMLS
[2026-07-11 23:57:33] 仓库在黑名单中: https://github.com/HenryChiao/MIHOMO_YAMLS
[2026-07-11 23:57:33]   父仓库 +0 个节点
[2026-07-11 23:57:34] 仓库 https://github.com/haovhd/MyClash README 含广告词，加入黑名单
[2026-07-11 23:57:34] 仓库 https://github.com/LEECHaoGitHub/cf-worker-mihomo (分支: main, size: 52739KB, pushed: 2026-07-10T19:36:58Z)
[2026-07-11 23:57:34] 👤 遍历用户仓库: AvenCores
[2026-07-11 23:57:34]   父仓库: HenryChiao/MIHOMO_YAMLS
[2026-07-11 23:57:34] 仓库在黑名单中: https://github.com/HenryChiao/MIHOMO_YAMLS
[2026-07-11 23:57:34]   父仓库 +0 个节点
[2026-07-11 23:57:34] 仓库 https://github.com/Jack520GG/BestClash 候选文件 1 个
[2026-07-11 23:57:34]   🍴 兄弟仓库: 30 个 → 队列
[2026-07-11 23:57:34] 👤 遍历用户仓库: Jacky-Bruse
[2026-07-11 23:57:34] 仓库 https://github.com/LEECHaoGitHub/cf-worker-mihomo 无候选文件 (总计 95 blob, 扩展名过滤 46, processed_shas 跳过 1, SHA 缓存跳过 48)
[2026-07-11 23:57:34] 🔗 查子仓库: LEECHaoGitHub/cf-worker-mihomo
[2026-07-11 23:57:34] 🔗 开始 Fork 链追踪 (LEECHaoGitHub/cf-worker-mihomo)
[2026-07-11 23:57:34] 👤 遍历用户仓库: aoyavp
[2026-07-11 23:57:34]   父仓库: Kwisma/cf-SubCloud
[2026-07-11 23:57:34] 🔗 查子仓库: Jack520GG/BestClash
[2026-07-11 23:57:35]   🍴 兄弟仓库: 30 个 → 队列
[2026-07-11 23:57:35] 👤 遍历用户仓库: stehdev
[2026-07-11 23:57:35]   🍴 兄弟仓库: 16 个 → 队列
[2026-07-11 23:57:35] 👤 遍历用户仓库: Loncc
[2026-07-11 23:57:35]   👤 用户仓库: 22 个 → 队列
[2026-07-11 23:57:35]   用户 AvenCores 共查 22 个仓库
[2026-07-11 23:57:35] 仓库 https://github.com/maxbirdman/auto_meta_yml (分支: main, size: 896KB, pushed: 2026-07-10T18:25:39Z)
[2026-07-11 23:57:35] 🔗 开始 Fork 链追踪 (Jack520GG/BestClash)
[2026-07-11 23:57:35]   👤 用户仓库: 27 个 → 队列
[2026-07-11 23:57:35]   用户 aoyavp 共查 27 个仓库
[2026-07-11 23:57:35] 仓库 https://github.com/zaofu88/cf-worker-mihomo (分支: main, size: 52904KB, pushed: 2026-07-10T17:49:38Z)
[2026-07-11 23:57:35]   👤 用户仓库: 30 个 → 队列
[2026-07-11 23:57:35]   用户 Jacky-Bruse 共查 30 个仓库
[2026-07-11 23:57:35] 仓库 https://github.com/huliannnn/cf-SubCloud (分支: main, size: 52905KB, pushed: 2026-07-10T17:40:31Z)
[2026-07-11 23:57:35] 👤 遍历用户仓库: LEECHaoGitHub
[2026-07-11 23:57:35]   用户 Loncc 共查 0 个仓库
[2026-07-11 23:57:35] 仓库 https://github.com/sakana164/ClashMetaForAndroid (分支: main, size: 2309KB, pushed: 2026-07-10T17:08:07Z)
[2026-07-11 23:57:35] 仓库 https://github.com/maxbirdman/auto_meta_yml 候选文件 1 个
[2026-07-11 23:57:35]   父仓库: PuddinCat/BestClash
[2026-07-11 23:57:35] 仓库 https://github.com/huliannnn/cf-SubCloud 无候选文件 (总计 95 blob, 扩展名过滤 46, processed_shas 跳过 1, SHA 缓存跳过 48)
[2026-07-11 23:57:35] 🔗 查子仓库: huliannnn/cf-SubCloud
[2026-07-11 23:57:35] 仓库 https://github.com/zaofu88/cf-worker-mihomo 无候选文件 (总计 95 blob, 扩展名过滤 46, processed_shas 跳过 1, SHA 缓存跳过 48)
[2026-07-11 23:57:35] 🔗 查子仓库: zaofu88/cf-worker-mihomo
[2026-07-11 23:57:35] 🔗 开始 Fork 链追踪 (huliannnn/cf-SubCloud)
[2026-07-11 23:57:35] 🔗 开始 Fork 链追踪 (zaofu88/cf-worker-mihomo)
[2026-07-11 23:57:35] 📄 https://raw.githubusercontent.com/maxbirdman/auto_meta_yml/main/outcome.meta.yml ✅ 解析 52 候选 → 52 个有效节点 → 去重后新增 2 个
[2026-07-11 23:57:35] 🔗 查子仓库: maxbirdman/auto_meta_yml
[2026-07-11 23:57:35] 仓库 https://github.com/sakana164/ClashMetaForAndroid 无候选文件 (总计 518 blob, 扩展名过滤 493, processed_shas 跳过 0, SHA 缓存跳过 25)
[2026-07-11 23:57:35] 🔗 查子仓库: sakana164/ClashMetaForAndroid
[2026-07-11 23:57:35]   父仓库: Kwisma/cf-SubCloud
[2026-07-11 23:57:35]   父仓库: Kwisma/cf-SubCloud
[2026-07-11 23:57:35]   👤 用户仓库: 27 个 → 队列
[2026-07-11 23:57:35]   用户 stehdev 共查 27 个仓库
[2026-07-11 23:57:35] 仓库 https://github.com/wanghe1531/cf-worker-mihomo (分支: main, size: 52737KB, pushed: 2026-07-10T17:07:18Z)
[2026-07-11 23:57:35] 👤 遍历用户仓库: Jack520GG
[2026-07-11 23:57:35] ⏱️ [30/122] clash verge pushed:>2026-07-10T15:34:46Z fork:true -language | 376s | +63276
[2026-07-11 23:57:35]   🍴 子仓库: 1 个 → 队列
[2026-07-11 23:57:35] 🔗 开始 Fork 链追踪 (maxbirdman/auto_meta_yml)
[2026-07-11 23:57:35]   🍴 子仓库: 1 个 → 队列
[2026-07-11 23:57:35] 🔗 开始 Fork 链追踪 (sakana164/ClashMetaForAndroid)
[2026-07-11 23:57:35] 仓库 https://github.com/wanghe1531/cf-worker-mihomo 无候选文件 (总计 95 blob, 扩展名过滤 46, processed_shas 跳过 0, SHA 缓存跳过 49)
[2026-07-11 23:57:35] 🔗 查子仓库: wanghe1531/cf-worker-mihomo
[2026-07-11 23:57:35]   用户 Jack520GG 共查 0 个仓库
[2026-07-11 23:57:35] 仓库 https://github.com/wanghe1531/sing-box-yg (分支: main, size: 338207KB, pushed: 2026-07-10T17:06:00Z)
[2026-07-11 23:57:35] 👤 遍历用户仓库: maxbirdman
[2026-07-11 23:57:35]   父仓库: MetaCubeX/ClashMetaForAndroid
[2026-07-11 23:57:35] 仓库在黑名单中: https://github.com/MetaCubeX/ClashMetaForAndroid
[2026-07-11 23:57:35]   父仓库 +0 个节点
[2026-07-11 23:57:36] 🔗 开始 Fork 链追踪 (wanghe1531/cf-worker-mihomo)
[2026-07-11 23:57:36]   👤 用户仓库: 30 个 → 队列
[2026-07-11 23:57:36]   用户 LEECHaoGitHub 共查 30 个仓库
[2026-07-11 23:57:36] 仓库 https://github.com/paomianyhb234/BestClash (分支: main, size: 22982KB, pushed: 2026-07-10T15:58:28Z)
[2026-07-11 23:57:36] 👤 遍历用户仓库: zaofu88
[2026-07-11 23:57:36] 👤 遍历用户仓库: huliannnn
[2026-07-11 23:57:36] 仓库 https://github.com/wanghe1531/sing-box-yg 无候选文件 (总计 18 blob, 扩展名过滤 8, processed_shas 跳过 0, SHA 缓存跳过 10)
[2026-07-11 23:57:36] 🔗 查子仓库: wanghe1531/sing-box-yg
[2026-07-11 23:57:36]   👤 用户仓库: 30 个 → 队列
[2026-07-11 23:57:36]   用户 liwp914 共查 30 个仓库
[2026-07-11 23:57:36] 仓库 https://github.com/Aman9690/clash-config-editor (分支: main, size: 1953KB, pushed: 2026-07-11T15:23:44Z)
[2026-07-11 23:57:36] 🔗 开始 Fork 链追踪 (wanghe1531/sing-box-yg)
[2026-07-11 23:57:36]   父仓库: Kwisma/cf-SubCloud
[2026-07-11 23:57:36] 仓库 https://github.com/paomianyhb234/BestClash 无候选文件 (总计 6 blob, 扩展名过滤 2, processed_shas 跳过 0, SHA 缓存跳过 4)
[2026-07-11 23:57:36] 🔗 查子仓库: paomianyhb234/BestClash
[2026-07-11 23:57:36] 仓库 https://github.com/Aman9690/clash-config-editor 无候选文件 (总计 36 blob, 扩展名过滤 20, processed_shas 跳过 0, SHA 缓存跳过 16)
[2026-07-11 23:57:36] 🔗 查子仓库: Aman9690/clash-config-editor
[2026-07-11 23:57:36] 🔗 开始 Fork 链追踪 (paomianyhb234/BestClash)
[2026-07-11 23:57:36]   👤 用户仓库: 11 个 → 队列
[2026-07-11 23:57:36]   用户 huliannnn 共查 11 个仓库
[2026-07-11 23:57:36] ⚠️ 仓库 https://github.com/biwin-wangli/mihomo-rules 大小为 0，跳过
[2026-07-11 23:57:36] 仓库 https://github.com/hvwin8/autojiedian (分支: master, size: 152194KB, pushed: 2026-07-11T14:58:27Z)
[2026-07-11 23:57:36]   父仓库: yonggekkk/sing-box-yg
[2026-07-11 23:57:36] 仓库在黑名单中: https://github.com/yonggekkk/sing-box-yg
[2026-07-11 23:57:36]   父仓库 +0 个节点
[2026-07-11 23:57:36] 🔗 开始 Fork 链追踪 (Aman9690/clash-config-editor)
[2026-07-11 23:57:36] 仓库 https://github.com/hvwin8/autojiedian 候选文件 9 个
[2026-07-11 23:57:36]   父仓库: PuddinCat/BestClash
[2026-07-11 23:57:36] 👤 遍历用户仓库: sakana164
[2026-07-11 23:57:36] 👤 遍历用户仓库: Aman9690
[2026-07-11 23:57:36] 👤 遍历用户仓库: wanghe1531
[2026-07-11 23:57:36]   👤 用户仓库: 8 个 → 队列
[2026-07-11 23:57:36]   用户 maxbirdman 共查 8 个仓库
[2026-07-11 23:57:36] ⚠️ 仓库 https://github.com/zhoushu44/clash-socks5-ops 大小为 0，跳过
[2026-07-11 23:57:36] 仓库 https://github.com/ifwerez/proxy-config-builder (分支: main, size: 280176KB, pushed: 2026-07-11T14:34:36Z)
[2026-07-11 23:57:36]   用户 Aman9690 共查 0 个仓库
[2026-07-11 23:57:36] 仓库 https://github.com/abcfy2/ShellCrash (分支: dev, size: 4545784KB, pushed: 2026-07-11T15:05:29Z)
[2026-07-11 23:57:36]   👤 用户仓库: 30 个 → 队列
[2026-07-11 23:57:36]   用户 zaofu88 共查 30 个仓库
[2026-07-11 23:57:36] 仓库 https://github.com/4evergr8/WorkersSub (分支: main, size: 503KB, pushed: 2026-07-11T14:22:36Z)
[2026-07-11 23:57:36] 仓库 https://github.com/ifwerez/proxy-config-builder 候选文件 26 个
[2026-07-11 23:57:37] 仓库 https://github.com/4evergr8/WorkersSub 候选文件 5 个
[2026-07-11 23:57:37] 仓库 https://github.com/abcfy2/ShellCrash 无候选文件 (总计 259 blob, 扩展名过滤 191, processed_shas 跳过 0, SHA 缓存跳过 68)
[2026-07-11 23:57:37] 🔗 查子仓库: abcfy2/ShellCrash
[2026-07-11 23:57:37] 👤 遍历用户仓库: paomianyhb234
[2026-07-11 23:57:37] 🔗 开始 Fork 链追踪 (abcfy2/ShellCrash)
[2026-07-11 23:57:38]   👤 用户仓库: 30 个 → 队列
[2026-07-11 23:57:38]   用户 sakana164 共查 30 个仓库
[2026-07-11 23:57:38]   父仓库: juewuy/ShellCrash[2026-07-11 23:57:38] 仓库 https://github.com/aixiaoo/mihomo-kit (分支: main, size: 12411KB, pushed: 2026-07-11T14:15:22Z)

[2026-07-11 23:57:38] 仓库在黑名单中: https://github.com/juewuy/ShellCrash
[2026-07-11 23:57:39]   父仓库 +0 个节点
[2026-07-11 23:57:39] ⏱️ [31/122] clash verge rev pushed:>2026-07-10T15:34:46Z fork:true -lang | 3s | +0
[2026-07-11 23:57:39]   👤 用户仓库: 22 个 → 队列
[2026-07-11 23:57:39]   用户 paomianyhb234 共查 22 个仓库[2026-07-11 23:57:39]   🍴 兄弟仓库: 30 个 → 队列
[2026-07-11 23:57:39]   👤 用户仓库: 30 个 → 队列
[2026-07-11 23:57:39] 仓库 https://github.com/A-Archives-and-Forks/ShellCrash (分支: dev, size: 4545653KB, pushed: 2026-07-11T14:10:11Z)
[2026-07-11 23:57:39] 👤 遍历用户仓库: wanghe1531

[2026-07-11 23:57:40] 仓库 https://github.com/aixiaoo/mihomo-kit 候选文件 45 个
[2026-07-11 23:57:41]   用户 wanghe1531 共查 30 个仓库
[2026-07-11 23:57:43] 仓库 https://github.com/MugeTong/mihomo-tui (分支: master, size: 122KB, pushed: 2026-07-11T14:06:56Z)
[2026-07-11 23:57:46]   🍴 兄弟仓库: 30 个 → 队列
[2026-07-11 23:57:46] 仓库 https://github.com/MugeTong/mihomo-tui 候选文件 8 个
[2026-07-11 23:57:46] 👤 遍历用户仓库: abcfy2[2026-07-11 23:57:46] 仓库 https://github.com/A-Archives-and-Forks/ShellCrash 无候选文件 (总计 259 blob, 扩展名过滤 191, processed_shas 跳过 0, SHA 缓存跳过 68)

[2026-07-11 23:57:46] 仓库 https://github.com/4evergr8/WorkersSub 未提取到节点，加入黑名单
[2026-07-11 23:57:47] 🔗 查子仓库: A-Archives-and-Forks/ShellCrash
[2026-07-11 23:57:49] 仓库 https://github.com/rick-yao/meta-rules-dat (分支: master, size: 138185KB, pushed: 2026-07-11T14:09:38Z)[2026-07-11 23:57:49] 📄 https://raw.githubusercontent.com/ifwerez/proxy-config-builder/main/clash_2.yaml ✅ 解析 850 候选 → 850 个有效节点 → 去重后新增 2 个[2026-07-11 23:57:49] 📄 https://raw.githubusercontent.com/ifwerez/proxy-config-builder/main/clash_1.yaml ✅ 解析 846 候选 → 846 个有效节点 → 去重后新增 2 个[2026-07-11 23:57:49] 🔗 开始 Fork 链追踪 (A-Archives-and-Forks/ShellCrash)


[2026-07-11 23:57:51]   👤 用户仓库: 29 个 → 队列

[2026-07-11 23:57:52]   用户 wanghe1531 共查 29 个仓库
[2026-07-11 23:57:52] 仓库 https://github.com/wangzheuser/ShellCrash (分支: dev, size: 4545653KB, pushed: 2026-07-11T13:56:28Z)
[2026-07-11 23:57:52]   父仓库: juewuy/ShellCrash
[2026-07-11 23:57:52] 仓库在黑名单中: https://github.com/juewuy/ShellCrash
[2026-07-11 23:57:53] 仓库 https://github.com/aixiaoo/mihomo-kit 未提取到节点，加入黑名单
[2026-07-11 23:57:53]   父仓库 +2 个节点[2026-07-11 23:57:53] 📄 https://raw.githubusercontent.com/MugeTong/mihomo-tui/master/internal/subscription/testdata/full-config.yaml ✅ 解析 2 候选 → 2 个有效节点 → 去重后新增 2 个

[2026-07-11 23:57:53] 仓库 https://github.com/rick-yao/meta-rules-dat 候选文件 1 个
[2026-07-11 23:57:54] 仓库 https://github.com/Wanzi-z/ShellCrash (分支: dev, size: 4545653KB, pushed: 2026-07-11T13:49:08Z)[2026-07-11 23:57:54] 🔗 查子仓库: MugeTong/mihomo-tui

[2026-07-11 23:57:54] 🔗 开始 Fork 链追踪 (MugeTong/mihomo-tui)[2026-07-11 23:57:54] 仓库 https://github.com/wangzheuser/ShellCrash 无候选文件 (总计 259 blob, 扩展名过滤 191, processed_shas 跳过 0, SHA 缓存跳过 68)
[2026-07-11 23:57:54]   👤 用户仓库: 30 个 → 队列

[2026-07-11 23:57:55] 🔗 查子仓库: wangzheuser/ShellCrash[2026-07-11 23:57:55]   用户 abcfy2 共查 30 个仓库

[2026-07-11 23:57:56] 仓库 https://github.com/sater315/5gcpe-openwrt-mihomo-persist (分支: main, size: 15935KB, pushed: 2026-07-11T13:43:38Z)[2026-07-11 23:57:56] 仓库 https://github.com/rick-yao/meta-rules-dat 未提取到节点，加入黑名单[2026-07-11 23:57:56] 👤 遍历用户仓库: MugeTong
[2026-07-11 23:57:57] 🔗 开始 Fork 链追踪 (wangzheuser/ShellCrash)
[2026-07-11 23:57:57] 📄 https://raw.githubusercontent.com/hvwin8/autojiedian/master/clash.yaml ✅ 解析 307 候选 → 307 个有效节点 → 去重后新增 3 个


[2026-07-11 23:57:58] 仓库 https://github.com/Wanzi-z/ShellCrash 无候选文件 (总计 259 blob, 扩展名过滤 191, processed_shas 跳过 0, SHA 缓存跳过 68)[2026-07-11 23:57:58]   🍴 兄弟仓库: 22 个 → 队列[2026-07-11 23:57:58] 仓库 https://github.com/N0va6/TailorProxy (分支: main, size: 515KB, pushed: 2026-07-11T13:39:59Z)
[2026-07-11 23:57:59] 仓库 https://github.com/sater315/5gcpe-openwrt-mihomo-persist 候选文件 12 个[2026-07-11 23:57:59]   父仓库: juewuy/ShellCrash

[2026-07-11 23:58:00] 🔗 查子仓库: Wanzi-z/ShellCrash


[2026-07-11 23:58:00] 仓库在黑名单中: https://github.com/juewuy/ShellCrash[2026-07-11 23:58:00]   👤 用户仓库: 9 个 → 队列

[2026-07-11 23:58:01]   用户 MugeTong 共查 9 个仓库[2026-07-11 23:58:01] 👤 遍历用户仓库: A-Archives-and-Forks[2026-07-11 23:58:02] 🔗 开始 Fork 链追踪 (Wanzi-z/ShellCrash)


[2026-07-11 23:58:02] 仓库 https://github.com/N0va6/TailorProxy 候选文件 4 个[2026-07-11 23:58:02]   父仓库 +0 个节点[2026-07-11 23:58:02] 仓库 https://github.com/robot221/BPB-Worker-Panel (分支: main, size: 65373KB, pushed: 2026-07-11T13:33:39Z)


[2026-07-11 23:58:02]   父仓库: juewuy/ShellCrash
[2026-07-11 23:58:03] 仓库在黑名单中: https://github.com/juewuy/ShellCrash
[2026-07-11 23:58:03]   父仓库 +0 个节点
[2026-07-11 23:58:03] 仓库 https://github.com/sater315/5gcpe-openwrt-mihomo-persist 未提取到节点，加入黑名单
[2026-07-11 23:58:03] 仓库 https://github.com/robot221/BPB-Worker-Panel 无候选文件 (总计 134 blob, 扩展名过滤 78, processed_shas 跳过 0, SHA 缓存跳过 56)
[2026-07-11 23:58:03] 🔗 查子仓库: robot221/BPB-Worker-Panel[2026-07-11 23:58:03] 仓库 https://github.com/10Dream/mihomo_converter (分支: main, size: 50940KB, pushed: 2026-07-11T13:20:15Z)

[2026-07-11 23:58:04] 🔗 开始 Fork 链追踪 (robot221/BPB-Worker-Panel)
[2026-07-11 23:58:04]   父仓库: bia-pain-bache/BPB-Worker-Panel[2026-07-11 23:58:04] 仓库 https://github.com/10Dream/mihomo_converter 候选文件 24 个

[2026-07-11 23:58:05] 仓库在黑名单中: https://github.com/bia-pain-bache/BPB-Worker-Panel
[2026-07-11 23:58:05]   父仓库 +0 个节点
[2026-07-11 23:58:05] 🔗 查子仓库: hvwin8/autojiedian
[2026-07-11 23:58:05] 🔗 开始 Fork 链追踪 (hvwin8/autojiedian)
[2026-07-11 23:58:06] 👤 遍历用户仓库: wangzheuser
[2026-07-11 23:58:06] 👤 遍历用户仓库: hvwin8
[2026-07-11 23:58:07] 📄 https://raw.githubusercontent.com/10Dream/mihomo_converter/main/sub/10ium-telegram-configs-collector-non-tls.yaml ✅ 解析 464 候选 → 464 个有效节点 → 去重后新增 12 个
[2026-07-11 23:58:07] 👤 遍历用户仓库: Wanzi-z
[2026-07-11 23:58:08]   用户 hvwin8 共查 0 个仓库
[2026-07-11 23:58:08] 仓库 https://github.com/N0va6/TailorProxy 未提取到节点，加入黑名单[2026-07-11 23:58:08] 📄 https://raw.githubusercontent.com/10Dream/mihomo_converter/main/sub/10ium-telegram-configs-collector-neighboring-countries.yaml ✅ 解析 183 候选 → 183 个有效节点 → 去重后新增 29 个
[2026-07-11 23:58:09] 仓库 https://github.com/urbnywrt/skill-remnawave-xray (分支: main, size: 89KB, pushed: 2026-07-11T13:14:57Z)

[2026-07-11 23:58:11] 仓库 https://github.com/xiaen-8/jsnzkpg (分支: Jsnzkpg, size: 16525KB, pushed: 2026-07-11T12:56:34Z)[2026-07-11 23:58:12] 📄 https://raw.githubusercontent.com/10Dream/mihomo_converter/main/sub/10ium-VpnClashFaCollector-mixed.yaml ✅ 解析 443 候选 → 443 个有效节点 → 去重后新增 36 个
[2026-07-11 23:58:12] 📦 批次 0032 已持久化: /home/runner/work/test-college/test-college/batches/no_batch_0032.txt (5022 个节点, 累计 162619 个)

[2026-07-11 23:58:12] 📄 https://raw.githubusercontent.com/10Dream/mihomo_converter/main/sub/maimengmeng-mysub-valid-content.yaml ✅ 解析 160 候选 → 160 个有效节点 → 去重后新增 2 个[2026-07-11 23:58:13] 仓库 https://github.com/urbnywrt/skill-remnawave-xray 候选文件 1 个

[2026-07-11 23:58:14] 📄 https://raw.githubusercontent.com/10Dream/mihomo_converter/main/sub/10ium-telegram-configs-collector-hysteria-reality.yaml ✅ 解析 500 候选 → 500 个有效节点 → 去重后新增 9 个[2026-07-11 23:58:14] ⏱️ [32/122] v2rayA pushed:>2026-07-10T15:34:46Z fork:true -language:HTML | 35s | +97[2026-07-11 23:58:14] 仓库 https://github.com/xiaen-8/jsnzkpg 候选文件 1 个
[2026-07-11 23:58:14] ⚠️ 并行下载异常: sub/igareck-vpn-configs-for-russia-BLACK-mix.yaml: dictionary changed size during iteration

[2026-07-11 23:58:14] 📄 https://raw.githubusercontent.com/10Dream/mihomo_converter/main/sub/10ium-telegram-configs-collector-tls.yaml ✅ 解析 479 候选 → 479 个有效节点 → 去重后新增 18 个
[2026-07-11 23:58:15] 📄 https://raw.githubusercontent.com/10Dream/mihomo_converter/main/sub/@gheychiamoozesh-v2-alicivil-workers-list-mix.yaml ✅ 解析 247 候选 → 247 个有效节点 → 去重后新增 1 个

[2026-07-11 23:58:15]   🍴 兄弟仓库: 30 个 → 队列[2026-07-11 23:58:15] 📄 https://raw.githubusercontent.com/10Dream/mihomo_converter/main/sub/10ium-telegram-configs-collector-tcp.yaml ✅ 解析 491 候选 → 491 个有效节点 → 去重后新增 10 个

[2026-07-11 23:58:15] 🔗 查子仓库: xiaen-8/jsnzkpg[2026-07-11 23:58:15] 👤 遍历用户仓库: robot221[2026-07-11 23:58:16] 📄 https://raw.githubusercontent.com/10Dream/mihomo_converter/main/sub/10ium-telegram-configs-collector-ws.yaml ✅ 解析 479 候选 → 479 个有效节点 → 去重后新增 11 个
[2026-07-11 23:58:16] 仓库 https://github.com/urbnywrt/skill-remnawave-xray 未提取到节点，加入黑名单


[2026-07-11 23:58:16] 仓库 https://github.com/69gg/RotatorProxy (分支: main, size: 566KB, pushed: 2026-07-11T12:52:19Z)
[2026-07-11 23:58:16] 🔗 开始 Fork 链追踪 (xiaen-8/jsnzkpg)
[2026-07-11 23:58:17] 仓库 https://github.com/69gg/RotatorProxy 候选文件 1 个
[2026-07-11 23:58:17]   👤 用户仓库: 15 个 → 队列
[2026-07-11 23:58:17]   用户 robot221 共查 15 个仓库[2026-07-11 23:58:17]   父仓库: Wanone1188/jsnzkpg

[2026-07-11 23:58:17] 仓库在黑名单中: https://github.com/Wanone1188/jsnzkpg[2026-07-11 23:58:18] 仓库 https://github.com/mphin/ShellCrash (分支: dev, size: 4545653KB, pushed: 2026-07-11T12:49:10Z)

[2026-07-11 23:58:18]   父仓库 +0 个节点
[2026-07-11 23:58:18] 📄 https://raw.githubusercontent.com/69gg/RotatorProxy/main/README.md ✅ 解析 2 候选 → 2 个有效节点 → 去重后新增 1 个
[2026-07-11 23:58:18] 🔗 查子仓库: 69gg/RotatorProxy
[2026-07-11 23:58:18]   👤 用户仓库: 30 个 → 队列[2026-07-11 23:58:18] 🔗 查子仓库: ifwerez/proxy-config-builder

[2026-07-11 23:58:18] ⏱️ [33/122] Nekoray pushed:>2026-07-10T15:34:46Z fork:true -language:HTM | 3s | +22
[2026-07-11 23:58:18] 🔗 开始 Fork 链追踪 (69gg/RotatorProxy)[2026-07-11 23:58:18]   用户 wangzheuser 共查 30 个仓库

[2026-07-11 23:58:18] 仓库 https://github.com/eddiexyang/mihomo (分支: Alpha, size: 11769KB, pushed: 2026-07-11T12:48:57Z)
[2026-07-11 23:58:18] 👤 遍历用户仓库: xiaen-8
[2026-07-11 23:58:18] 🔗 开始 Fork 链追踪 (ifwerez/proxy-config-builder)[2026-07-11 23:58:18] 仓库 https://github.com/mphin/ShellCrash 无候选文件 (总计 259 blob, 扩展名过滤 191, processed_shas 跳过 0, SHA 缓存跳过 68)

[2026-07-11 23:58:18] 🔗 查子仓库: mphin/ShellCrash
[2026-07-11 23:58:18]   👤 用户仓库: 30 个 → 队列
[2026-07-11 23:58:18]   用户 Wanzi-z 共查 30 个仓库
[2026-07-11 23:58:18] 仓库 https://github.com/realchendahuang/sub-store-cloudflare (分支: main, size: 1691KB, pushed: 2026-07-11T12:38:02Z)
[2026-07-11 23:58:18] 👤 遍历用户仓库: 69gg
[2026-07-11 23:58:19] 🔗 开始 Fork 链追踪 (mphin/ShellCrash)
[2026-07-11 23:58:19] 👤 遍历用户仓库: ifwerez
[2026-07-11 23:58:19] 🔗 查子仓库: 10Dream/mihomo_converter
[2026-07-11 23:58:19] 仓库 https://github.com/eddiexyang/mihomo 候选文件 3 个
[2026-07-11 23:58:19]   👤 用户仓库: 5 个 → 队列
[2026-07-11 23:58:19]   用户 xiaen-8 共查 5 个仓库
[2026-07-11 23:58:19] 仓库 https://github.com/CrazyForks/ShellCrash (分支: dev, size: 4545653KB, pushed: 2026-07-11T12:29:43Z)
[2026-07-11 23:58:19] 🔗 开始 Fork 链追踪 (10Dream/mihomo_converter)
[2026-07-11 23:58:19]   用户 ifwerez 共查 0 个仓库
[2026-07-11 23:58:19] 仓库 https://github.com/kkkzbh/proxy-state-plasmoid (分支: main, size: 10330KB, pushed: 2026-07-11T12:22:41Z)
[2026-07-11 23:58:19] 仓库 https://github.com/realchendahuang/sub-store-cloudflare 候选文件 31 个
[2026-07-11 23:58:19]   父仓库: juewuy/ShellCrash
[2026-07-11 23:58:19] 仓库在黑名单中: https://github.com/juewuy/ShellCrash
[2026-07-11 23:58:19]   父仓库 +0 个节点
[2026-07-11 23:58:19] 👤 遍历用户仓库: 10Dream
[2026-07-11 23:58:19] 仓库 https://github.com/CrazyForks/ShellCrash 无候选文件 (总计 259 blob, 扩展名过滤 191, processed_shas 跳过 0, SHA 缓存跳过 68)
[2026-07-11 23:58:19] 🔗 查子仓库: CrazyForks/ShellCrash
[2026-07-11 23:58:19]   👤 用户仓库: 30 个 → 队列
[2026-07-11 23:58:19]   用户 69gg 共查 30 个仓库
[2026-07-11 23:58:19] 仓库 https://github.com/limo13660/ysbl-mihomo (分支: main, size: 1238KB, pushed: 2026-07-11T12:21:24Z)
[2026-07-11 23:58:19] 🔗 开始 Fork 链追踪 (CrazyForks/ShellCrash)
[2026-07-11 23:58:19] 仓库 https://github.com/kkkzbh/proxy-state-plasmoid 候选文件 5 个
[2026-07-11 23:58:19]   👤 用户仓库: 2 个 → 队列
[2026-07-11 23:58:19]   用户 10Dream 共查 2 个仓库
[2026-07-11 23:58:19] 仓库 https://github.com/kafeixiang/mihomo (分支: Alpha, size: 12462KB, pushed: 2026-07-11T12:31:01Z)
[2026-07-11 23:58:19] 📄 https://raw.githubusercontent.com/eddiexyang/mihomo/Alpha/docs/config.yaml ✅ 解析 2 候选 → 2 个有效节点 → 去重后新增 2 个
[2026-07-11 23:58:19] 🔗 查子仓库: eddiexyang/mihomo
[2026-07-11 23:58:19]   父仓库: juewuy/ShellCrash[2026-07-11 23:58:19] 🔗 开始 Fork 链追踪 (eddiexyang/mihomo)

[2026-07-11 23:58:19] 仓库在黑名单中: https://github.com/juewuy/ShellCrash
[2026-07-11 23:58:19]   父仓库 +0 个节点
[2026-07-11 23:58:20]   父仓库: MetaCubeX/mihomo
[2026-07-11 23:58:20] 仓库在黑名单中: https://github.com/MetaCubeX/mihomo
[2026-07-11 23:58:20]   父仓库 +0 个节点
[2026-07-11 23:58:20] 仓库 https://github.com/limo13660/ysbl-mihomo 无候选文件 (总计 963 blob, 扩展名过滤 921, processed_shas 跳过 0, SHA 缓存跳过 42)
[2026-07-11 23:58:20] 🔗 查子仓库: limo13660/ysbl-mihomo
[2026-07-11 23:58:20] 👤 遍历用户仓库: mphin
[2026-07-11 23:58:20] 仓库 https://github.com/kafeixiang/mihomo 无候选文件 (总计 964 blob, 扩展名过滤 923, processed_shas 跳过 1, SHA 缓存跳过 40)
[2026-07-11 23:58:20] 🔗 查子仓库: kafeixiang/mihomo
[2026-07-11 23:58:20] 仓库 https://github.com/realchendahuang/sub-store-cloudflare 未提取到节点，加入黑名单
[2026-07-11 23:58:20] 仓库 https://github.com/AugustT666/mihomo-chain-proxy (分支: main, size: 5KB, pushed: 2026-07-11T11:52:04Z)
[2026-07-11 23:58:20] 🔗 开始 Fork 链追踪 (limo13660/ysbl-mihomo)
[2026-07-11 23:58:20] 仓库 https://github.com/kkkzbh/proxy-state-plasmoid README 含广告词，加入黑名单
[2026-07-11 23:58:20] 仓库 https://github.com/Jungle728/clash-sub2api-deploy (分支: main, size: 143KB, pushed: 2026-07-11T11:30:52Z)
[2026-07-11 23:58:20] 🔗 开始 Fork 链追踪 (kafeixiang/mihomo)
[2026-07-11 23:58:20] 仓库 https://github.com/AugustT666/mihomo-chain-proxy 候选文件 4 个
[2026-07-11 23:58:20] 👤 遍历用户仓库: limo13660
[2026-07-11 23:58:20]   👤 用户仓库: 30 个 → 队列
[2026-07-11 23:58:20]   用户 A-Archives-and-Forks 共查 30 个仓库
[2026-07-11 23:58:20] 仓库 https://github.com/githubdadada/dabuliu-vpn (分支: main, size: 21065KB, pushed: 2026-07-11T11:22:07Z)
[2026-07-11 23:58:20] 👤 遍历用户仓库: CrazyForks
[2026-07-11 23:58:20]   父仓库: MetaCubeX/mihomo
[2026-07-11 23:58:20] 仓库在黑名单中: https://github.com/MetaCubeX/mihomo
[2026-07-11 23:58:20]   父仓库 +0 个节点
[2026-07-11 23:58:20] 仓库 https://github.com/Jungle728/clash-sub2api-deploy 候选文件 7 个
[2026-07-11 23:58:20]   👤 用户仓库: 23 个 → 队列
[2026-07-11 23:58:20]   用户 mphin 共查 23 个仓库
[2026-07-11 23:58:20] 仓库 https://github.com/jingyi251/Jsnzkpg (分支: Jsnzkpg, size: 24420KB, pushed: 2026-07-11T11:18:42Z)
[2026-07-11 23:58:20] 仓库 https://github.com/githubdadada/dabuliu-vpn 候选文件 13 个
[2026-07-11 23:58:20] 仓库 https://github.com/AugustT666/mihomo-chain-proxy 未提取到节点，加入黑名单
[2026-07-11 23:58:20] 仓库 https://github.com/kiss2u/ShellCrash (分支: dev, size: 4545653KB, pushed: 2026-07-11T11:06:51Z)
[2026-07-11 23:58:20] 仓库 https://github.com/jingyi251/Jsnzkpg 无候选文件 (总计 32 blob, 扩展名过滤 14, processed_shas 跳过 0, SHA 缓存跳过 18)
[2026-07-11 23:58:20] 🔗 查子仓库: jingyi251/Jsnzkpg
[2026-07-11 23:58:20] 🔗 开始 Fork 链追踪 (jingyi251/Jsnzkpg)
[2026-07-11 23:58:20]   🍴 兄弟仓库: 23 个 → 队列
[2026-07-11 23:58:20] 👤 遍历用户仓库: eddiexyang
[2026-07-11 23:58:20] 仓库 https://github.com/kiss2u/ShellCrash 无候选文件 (总计 259 blob, 扩展名过滤 191, processed_shas 跳过 0, SHA 缓存跳过 68)
[2026-07-11 23:58:20] 🔗 查子仓库: kiss2u/ShellCrash
[2026-07-11 23:58:20] 仓库 https://github.com/githubdadada/dabuliu-vpn 未提取到节点，加入黑名单
[2026-07-11 23:58:20] 仓库 https://github.com/Skycnhe/alpine-mihomo (分支: Hk001, size: 91KB, pushed: 2026-07-11T11:02:34Z)
[2026-07-11 23:58:21] 🔗 开始 Fork 链追踪 (kiss2u/ShellCrash)
[2026-07-11 23:58:21]   父仓库: Jsnzkpg/Jsnzkpg
[2026-07-11 23:58:21] 仓库在黑名单中: https://github.com/Jsnzkpg/Jsnzkpg
[2026-07-11 23:58:21]   父仓库 +0 个节点
[2026-07-11 23:58:21] 仓库 https://github.com/Jungle728/clash-sub2api-deploy 未提取到节点，加入黑名单
[2026-07-11 23:58:21] 仓库 https://github.com/dff652/homelab-doctor (分支: main, size: 28KB, pushed: 2026-07-11T11:00:11Z)
[2026-07-11 23:58:21]   👤 用户仓库: 30 个 → 队列
[2026-07-11 23:58:21]   用户 limo13660 共查 30 个仓库
[2026-07-11 23:58:21] 仓库 https://github.com/woyin/ShellCrash (分支: dev, size: 4545653KB, pushed: 2026-07-11T10:46:20Z)
[2026-07-11 23:58:21] 仓库 https://github.com/Skycnhe/alpine-mihomo 候选文件 2 个
[2026-07-11 23:58:21]   父仓库: juewuy/ShellCrash
[2026-07-11 23:58:21] 仓库在黑名单中: https://github.com/juewuy/ShellCrash
[2026-07-11 23:58:21]   父仓库 +0 个节点
[2026-07-11 23:58:21] 👤 遍历用户仓库: kafeixiang
[2026-07-11 23:58:21]   👤 用户仓库: 11 个 → 队列
[2026-07-11 23:58:21]   用户 eddiexyang 共查 11 个仓库
[2026-07-11 23:58:21] 仓库 https://github.com/shit6/ShellCrash (分支: dev, size: 4545653KB, pushed: 2026-07-11T10:17:42Z)
[2026-07-11 23:58:21] 仓库 https://github.com/woyin/ShellCrash 无候选文件 (总计 259 blob, 扩展名过滤 191, processed_shas 跳过 0, SHA 缓存跳过 68)
[2026-07-11 23:58:21] 🔗 查子仓库: woyin/ShellCrash
[2026-07-11 23:58:21] 仓库 https://github.com/dff652/homelab-doctor 候选文件 18 个
[2026-07-11 23:58:21] 仓库 https://github.com/Skycnhe/alpine-mihomo 未提取到节点，加入黑名单
[2026-07-11 23:58:21] 仓库 https://github.com/zdabing/subboost (分支: main, size: 2951KB, pushed: 2026-07-11T10:04:41Z)
[2026-07-11 23:58:21] ⏱️ [34/122] Nekobox pushed:>2026-07-10T15:34:46Z fork:true -language:HTM | 3s | +2
[2026-07-11 23:58:21] 🔗 开始 Fork 链追踪 (woyin/ShellCrash)
[2026-07-11 23:58:21] 仓库 https://github.com/shit6/ShellCrash 无候选文件 (总计 259 blob, 扩展名过滤 191, processed_shas 跳过 0, SHA 缓存跳过 68)
[2026-07-11 23:58:21] 🔗 查子仓库: shit6/ShellCrash
[2026-07-11 23:58:21]   👤 用户仓库: 14 个 → 队列
[2026-07-11 23:58:21]   用户 kafeixiang 共查 14 个仓库
[2026-07-11 23:58:21] 仓库 https://github.com/josbu/ShellCrash (分支: dev, size: 4545653KB, pushed: 2026-07-11T10:00:36Z)
[2026-07-11 23:58:21] 🔗 开始 Fork 链追踪 (shit6/ShellCrash)
[2026-07-11 23:58:21]   父仓库: juewuy/ShellCrash
[2026-07-11 23:58:21] 仓库在黑名单中: https://github.com/juewuy/ShellCrash
[2026-07-11 23:58:21]   父仓库 +0 个节点
[2026-07-11 23:58:21] 仓库 https://github.com/zdabing/subboost 无候选文件 (总计 541 blob, 扩展名过滤 512, processed_shas 跳过 0, SHA 缓存跳过 29)
[2026-07-11 23:58:21] 🔗 查子仓库: zdabing/subboost
[2026-07-11 23:58:21] 仓库 https://github.com/dff652/homelab-doctor 未提取到节点，加入黑名单
[2026-07-11 23:58:21] 仓库 https://github.com/ahgu86/ShellCrash (分支: dev, size: 4545653KB, pushed: 2026-07-11T09:54:46Z)
[2026-07-11 23:58:21] 🔗 开始 Fork 链追踪 (zdabing/subboost)
[2026-07-11 23:58:21] 仓库 https://github.com/josbu/ShellCrash 无候选文件 (总计 259 blob, 扩展名过滤 191, processed_shas 跳过 0, SHA 缓存跳过 68)
[2026-07-11 23:58:21] 🔗 查子仓库: josbu/ShellCrash
[2026-07-11 23:58:21] 👤 遍历用户仓库: kiss2u
[2026-07-11 23:58:21] 🔗 开始 Fork 链追踪 (josbu/ShellCrash)
[2026-07-11 23:58:21]   父仓库: juewuy/ShellCrash
[2026-07-11 23:58:21] 仓库在黑名单中: https://github.com/juewuy/ShellCrash
[2026-07-11 23:58:21]   父仓库 +0 个节点
[2026-07-11 23:58:22] 仓库 https://github.com/ahgu86/ShellCrash 无候选文件 (总计 259 blob, 扩展名过滤 191, processed_shas 跳过 0, SHA 缓存跳过 68)
[2026-07-11 23:58:22] 🔗 查子仓库: ahgu86/ShellCrash
[2026-07-11 23:58:22]   父仓库: SubBoost/subboost
[2026-07-11 23:58:22] 仓库在黑名单中: https://github.com/SubBoost/subboost
[2026-07-11 23:58:22]   父仓库 +0 个节点
[2026-07-11 23:58:22]   父仓库: juewuy/ShellCrash
[2026-07-11 23:58:22] 仓库在黑名单中: https://github.com/juewuy/ShellCrash
[2026-07-11 23:58:22]   父仓库 +0 个节点
[2026-07-11 23:58:22] 🔗 开始 Fork 链追踪 (ahgu86/ShellCrash)
[2026-07-11 23:58:22]   🍴 兄弟仓库: 30 个 → 队列
[2026-07-11 23:58:22] 👤 遍历用户仓库: jingyi251
[2026-07-11 23:58:22] 👤 遍历用户仓库: woyin
[2026-07-11 23:58:22]   父仓库: juewuy/ShellCrash
[2026-07-11 23:58:22] 仓库在黑名单中: https://github.com/juewuy/ShellCrash
[2026-07-11 23:58:22]   父仓库 +0 个节点
[2026-07-11 23:58:22] 👤 遍历用户仓库: shit6
[2026-07-11 23:58:22] 👤 遍历用户仓库: josbu
[2026-07-11 23:58:22] 👤 遍历用户仓库: ahgu86
[2026-07-11 23:58:23]   🍴 兄弟仓库: 30 个 → 队列
[2026-07-11 23:58:23] 👤 遍历用户仓库: zdabing
[2026-07-11 23:58:23]   👤 用户仓库: 30 个 → 队列
[2026-07-11 23:58:23]   用户 jingyi251 共查 30 个仓库
[2026-07-11 23:58:23] 仓库 https://github.com/klashroyal/roscomvpn-routing (分支: main, size: 365KB, pushed: 2026-07-11T09:50:07Z)
[2026-07-11 23:58:23]   👤 用户仓库: 30 个 → 队列
[2026-07-11 23:58:23]   用户 shit6 共查 30 个仓库
[2026-07-11 23:58:23] 仓库 https://github.com/limo13660/mihomo (分支: main, size: 11743KB, pushed: 2026-07-11T10:11:29Z)
[2026-07-11 23:58:23]   👤 用户仓库: 23 个 → 队列
[2026-07-11 23:58:23]   用户 ahgu86 共查 23 个仓库
[2026-07-11 23:58:23] 仓库 https://github.com/ForestL18/mihomo-party (分支: beta, size: 6595KB, pushed: 2026-07-11T09:33:47Z)
[2026-07-11 23:58:23] 仓库 https://github.com/klashroyal/roscomvpn-routing 候选文件 6 个
[2026-07-11 23:58:23]   👤 用户仓库: 10 个 → 队列
[2026-07-11 23:58:23]   用户 zdabing 共查 10 个仓库
[2026-07-11 23:58:23] 仓库 https://github.com/ashi009/mihomo-nogvisor (分支: main, size: 11KB, pushed: 2026-07-11T09:12:57Z)
[2026-07-11 23:58:23] 仓库 https://github.com/limo13660/mihomo 无候选文件 (总计 30 blob, 扩展名过滤 20, processed_shas 跳过 0, SHA 缓存跳过 10)
[2026-07-11 23:58:23] 🔗 查子仓库: limo13660/mihomo
[2026-07-11 23:58:23] 🔗 开始 Fork 链追踪 (limo13660/mihomo)
[2026-07-11 23:58:23] 仓库 https://github.com/ForestL18/mihomo-party 候选文件 22 个
[2026-07-11 23:58:23] 仓库 https://github.com/ashi009/mihomo-nogvisor 候选文件 2 个
[2026-07-11 23:58:23]   父仓库: MetaCubeX/mihomo
[2026-07-11 23:58:23] 仓库在黑名单中: https://github.com/MetaCubeX/mihomo
[2026-07-11 23:58:23]   父仓库 +0 个节点
[2026-07-11 23:58:24] 仓库 https://github.com/ashi009/mihomo-nogvisor 未提取到节点，加入黑名单
[2026-07-11 23:58:24] 仓库 https://github.com/Mu-L/ShellCrash (分支: dev, size: 4545653KB, pushed: 2026-07-11T08:43:44Z)
[2026-07-11 23:58:24] ⏱️ [35/122] FlClash pushed:>2026-07-10T15:34:46Z fork:true -language:HTM | 3s | +0
[2026-07-11 23:58:24] 仓库 https://github.com/klashroyal/roscomvpn-routing 未提取到节点，加入黑名单
[2026-07-11 23:58:24] 仓库 https://github.com/Mu-L/ShellCrash 无候选文件 (总计 259 blob, 扩展名过滤 191, processed_shas 跳过 0, SHA 缓存跳过 68)
[2026-07-11 23:58:24] 🔗 查子仓库: Mu-L/ShellCrash
[2026-07-11 23:58:24] 仓库 https://github.com/Wanzi-z/ShellCrashdev (分支: dev, size: 4545653KB, pushed: 2026-07-11T08:41:11Z)
[2026-07-11 23:58:24] 🔗 开始 Fork 链追踪 (Mu-L/ShellCrash)
[2026-07-11 23:58:24]   👤 用户仓库: 30 个 → 队列
[2026-07-11 23:58:24]   用户 woyin 共查 30 个仓库
[2026-07-11 23:58:24] 仓库 https://github.com/nekohalawrence/proxy-resource (分支: main, size: 384KB, pushed: 2026-07-11T08:13:14Z)
[2026-07-11 23:58:24] 👤 遍历用户仓库: limo13660[2026-07-11 23:58:24]   父仓库: juewuy/ShellCrash

[2026-07-11 23:58:25] 仓库在黑名单中: https://github.com/juewuy/ShellCrash
[2026-07-11 23:58:25]   父仓库 +0 个节点
[2026-07-11 23:58:25] 仓库 https://github.com/Wanzi-z/ShellCrashdev 无候选文件 (总计 259 blob, 扩展名过滤 191, processed_shas 跳过 0, SHA 缓存跳过 68)
[2026-07-11 23:58:25] 🔗 查子仓库: Wanzi-z/ShellCrashdev[2026-07-11 23:58:25] 仓库 https://github.com/nekohalawrence/proxy-resource 候选文件 69 个

[2026-07-11 23:58:25]   👤 用户仓库: 30 个 → 队列
[2026-07-11 23:58:25]   用户 CrazyForks 共查 30 个仓库
[2026-07-11 23:58:25] 仓库 https://github.com/NextWeb4/yaml-proxy-editor (分支: main, size: 9726KB, pushed: 2026-07-11T08:02:01Z)
[2026-07-11 23:58:25] 仓库 https://github.com/ForestL18/mihomo-party 未提取到节点，加入黑名单
[2026-07-11 23:58:25] 仓库 https://github.com/gwygw8/clashmi (分支: main, size: 100296KB, pushed: 2026-07-11T07:49:26Z)
[2026-07-11 23:58:25] 🔗 开始 Fork 链追踪 (Wanzi-z/ShellCrashdev)
[2026-07-11 23:58:25]   👤 用户仓库: 4 个 → 队列
[2026-07-11 23:58:25]   用户 limo13660 共查 4 个仓库
[2026-07-11 23:58:25] 仓库 https://github.com/hxhlb/Bettbox (分支: main, size: 118894KB, pushed: 2026-07-11T07:47:35Z)
[2026-07-11 23:58:25] 仓库 https://github.com/gwygw8/clashmi 无候选文件 (总计 393 blob, 扩展名过滤 338, processed_shas 跳过 0, SHA 缓存跳过 55)
[2026-07-11 23:58:25] 🔗 查子仓库: gwygw8/clashmi
[2026-07-11 23:58:25] 仓库 https://github.com/NextWeb4/yaml-proxy-editor 候选文件 7 个
[2026-07-11 23:58:25]   父仓库: juewuy/ShellCrash
[2026-07-11 23:58:25] 仓库在黑名单中: https://github.com/juewuy/ShellCrash
[2026-07-11 23:58:25]   父仓库 +0 个节点
[2026-07-11 23:58:25] 🔗 开始 Fork 链追踪 (gwygw8/clashmi)
[2026-07-11 23:58:25] 仓库 https://github.com/nekohalawrence/proxy-resource 未提取到节点，加入黑名单
[2026-07-11 23:58:25] 仓库 https://github.com/aisubing/clash-for-linux-install (分支: master, size: 78940KB, pushed: 2026-07-11T07:43:14Z)
[2026-07-11 23:58:25] 👤 遍历用户仓库: Mu-L
[2026-07-11 23:58:25] 仓库 https://github.com/hxhlb/Bettbox 候选文件 9 个
[2026-07-11 23:58:25]   父仓库: KaringX/clashmi
[2026-07-11 23:58:25] ⏭️ 仓库 https://github.com/KaringX/clashmi 37h 未更新，跳过
[2026-07-11 23:58:25]   父仓库 +0 个节点
[2026-07-11 23:58:25] 仓库 https://github.com/aisubing/clash-for-linux-install 无候选文件 (总计 46 blob, 扩展名过滤 30, processed_shas 跳过 0, SHA 缓存跳过 16)
[2026-07-11 23:58:25] 🔗 查子仓库: aisubing/clash-for-linux-install
[2026-07-11 23:58:25] 🔗 开始 Fork 链追踪 (aisubing/clash-for-linux-install)
[2026-07-11 23:58:26] 👤 遍历用户仓库: Wanzi-z
[2026-07-11 23:58:26] 仓库 https://github.com/NextWeb4/yaml-proxy-editor 未提取到节点，加入黑名单
[2026-07-11 23:58:26] 仓库 https://github.com/AIsouler/Bettbox (分支: main, size: 53352KB, pushed: 2026-07-11T08:04:25Z)
[2026-07-11 23:58:26]   父仓库: nelvko/clash-for-linux-install
[2026-07-11 23:58:26] 仓库在黑名单中: https://github.com/nelvko/clash-for-linux-install
[2026-07-11 23:58:26]   父仓库 +0 个节点
[2026-07-11 23:58:26] 仓库 https://github.com/AIsouler/Bettbox 候选文件 7 个
[2026-07-11 23:58:26]   🍴 兄弟仓库: 30 个 → 队列
[2026-07-11 23:58:26] 👤 遍历用户仓库: gwygw8
[2026-07-11 23:58:26] 仓库 https://github.com/hxhlb/Bettbox README 含广告词，加入黑名单
[2026-07-11 23:58:26] 仓库 https://github.com/gbcwror/BPB-Worker-Panel (分支: main, size: 65363KB, pushed: 2026-07-11T15:36:57Z)
[2026-07-11 23:58:27] 仓库 https://github.com/gbcwror/BPB-Worker-Panel 无候选文件 (总计 134 blob, 扩展名过滤 78, processed_shas 跳过 0, SHA 缓存跳过 56)
[2026-07-11 23:58:27] 🔗 查子仓库: gbcwror/BPB-Worker-Panel
[2026-07-11 23:58:27] 🔗 开始 Fork 链追踪 (gbcwror/BPB-Worker-Panel)
[2026-07-11 23:58:27] 仓库 https://github.com/AIsouler/Bettbox README 含广告词，加入黑名单
[2026-07-11 23:58:27] 仓库 https://github.com/e30-source/Nova-Proxy (分支: main, size: 8316KB, pushed: 2026-07-11T05:49:03Z)
[2026-07-11 23:58:27] ⏱️ [36/122] free subscription github pushed:>2026-07-10T15:34:46Z fork:t | 3s | +0
[2026-07-11 23:58:27]   🍴 兄弟仓库: 30 个 → 队列
[2026-07-11 23:58:27] 👤 遍历用户仓库: aisubing
[2026-07-11 23:58:27]   父仓库: bia-pain-bache/BPB-Worker-Panel
[2026-07-11 23:58:27] 仓库在黑名单中: https://github.com/bia-pain-bache/BPB-Worker-Panel
[2026-07-11 23:58:27]   父仓库 +0 个节点
[2026-07-11 23:58:27] 仓库 https://github.com/e30-source/Nova-Proxy 无候选文件 (总计 13 blob, 扩展名过滤 7, processed_shas 跳过 0, SHA 缓存跳过 6)
[2026-07-11 23:58:27] 🔗 查子仓库: e30-source/Nova-Proxy
[2026-07-11 23:58:27]   👤 用户仓库: 30 个 → 队列
[2026-07-11 23:58:27]   用户 Wanzi-z 共查 30 个仓库
[2026-07-11 23:58:27] 仓库 https://github.com/Liut-gif/roscomvpn-routing (分支: main, size: 384KB, pushed: 2026-07-11T05:48:25Z)
[2026-07-11 23:58:27]   👤 用户仓库: 8 个 → 队列
[2026-07-11 23:58:27]   用户 aisubing 共查 8 个仓库
[2026-07-11 23:58:27] 仓库 https://github.com/LIUbing-5/my-nomorewalls (分支: main, size: 383KB, pushed: 2026-07-11T05:48:13Z)
[2026-07-11 23:58:27] 🔗 开始 Fork 链追踪 (e30-source/Nova-Proxy)
[2026-07-11 23:58:27]   👤 用户仓库: 30 个 → 队列
[2026-07-11 23:58:27]   用户 gwygw8 共查 30 个仓库
[2026-07-11 23:58:27] 仓库 https://github.com/jeffzc24-cmyk/clash-chain-proxy_skill (分支: main, size: 15KB, pushed: 2026-07-11T05:47:36Z)
[2026-07-11 23:58:27] 仓库 https://github.com/LIUbing-5/my-nomorewalls 候选文件 4 个
[2026-07-11 23:58:27] 仓库 https://github.com/Liut-gif/roscomvpn-routing 候选文件 6 个
[2026-07-11 23:58:27] 仓库 https://github.com/jeffzc24-cmyk/clash-chain-proxy_skill 候选文件 5 个
[2026-07-11 23:58:27]   父仓库: IRNova/Nova-Proxy
[2026-07-11 23:58:27] ⏭️ 仓库 https://github.com/IRNova/Nova-Proxy 25h 未更新，跳过
[2026-07-11 23:58:27]   父仓库 +0 个节点
[2026-07-11 23:58:28] 仓库 https://github.com/jeffzc24-cmyk/clash-chain-proxy_skill 未提取到节点，加入黑名单
[2026-07-11 23:58:28] 仓库 https://github.com/ownik/OpenWrt-nikki (分支: main, size: 1598KB, pushed: 2026-07-11T05:47:01Z)
[2026-07-11 23:58:28]   👤 用户仓库: 30 个 → 队列
[2026-07-11 23:58:28]   用户 josbu 共查 30 个仓库
[2026-07-11 23:58:28] 仓库 https://github.com/oxygen121/rules-mrs (分支: main, size: 84337KB, pushed: 2026-07-11T05:41:36Z)
[2026-07-11 23:58:28]   👤 用户仓库: 30 个 → 队列
[2026-07-11 23:58:28]   用户 kiss2u 共查 30 个仓库
[2026-07-11 23:58:28] 仓库 https://github.com/mhmdxahmd/mafly (分支: main, size: 7514KB, pushed: 2026-07-11T05:40:38Z)
[2026-07-11 23:58:28] 仓库 https://github.com/ownik/OpenWrt-nikki 无候选文件 (总计 48 blob, 扩展名过滤 28, processed_shas 跳过 0, SHA 缓存跳过 20)
[2026-07-11 23:58:28] 🔗 查子仓库: ownik/OpenWrt-nikki
[2026-07-11 23:58:28] 🔗 开始 Fork 链追踪 (ownik/OpenWrt-nikki)
[2026-07-11 23:58:28]   🍴 兄弟仓库: 30 个 → 队列
[2026-07-11 23:58:28] 👤 遍历用户仓库: e30-source
[2026-07-11 23:58:28] 仓库 https://github.com/oxygen121/rules-mrs 无候选文件 (总计 3 blob, 扩展名过滤 2, processed_shas 跳过 0, SHA 缓存跳过 1)
[2026-07-11 23:58:28] 仓库 https://github.com/mhmdxahmd/mafly 候选文件 15 个[2026-07-11 23:58:28] 🔗 查子仓库: oxygen121/rules-mrs

[2026-07-11 23:58:28] 仓库 https://github.com/Liut-gif/roscomvpn-routing 未提取到节点，加入黑名单
[2026-07-11 23:58:28] 仓库 https://github.com/omaler886/mihomo_ossp_proxies (分支: main, size: 20252KB, pushed: 2026-07-11T05:24:23Z)
[2026-07-11 23:58:28]   父仓库: nikkinikki-org/OpenWrt-nikki[2026-07-11 23:58:28] 🔗 开始 Fork 链追踪 (oxygen121/rules-mrs)

[2026-07-11 23:58:29] 仓库在黑名单中: https://github.com/nikkinikki-org/OpenWrt-nikki
[2026-07-11 23:58:29] 📄 https://raw.githubusercontent.com/mhmdxahmd/mafly/main/MAfly1/sub/hh.txt ✅ 解析 25 候选 → 25 个有效节点 → 去重后新增 25 个
[2026-07-11 23:58:29]   父仓库 +25 个节点[2026-07-11 23:58:29] 👤 遍历用户仓库: oxygen121

[2026-07-11 23:58:29] 仓库 https://github.com/omaler886/mihomo_ossp_proxies 候选文件 9 个
[2026-07-11 23:58:29]   👤 用户仓库: 15 个 → 队列
[2026-07-11 23:58:29]   用户 e30-source 共查 15 个仓库
[2026-07-11 23:58:29] 仓库 https://github.com/cestquoi/Jsnzkpg (分支: Jsnzkpg, size: 24426KB, pushed: 2026-07-11T04:08:42Z)[2026-07-11 23:58:29] 🔗 查子仓库: LIUbing-5/my-nomorewalls

[2026-07-11 23:58:29] 📄 https://raw.githubusercontent.com/mhmdxahmd/mafly/main/MAfly1/sub/kulao7-7.txt ✅ 解析 163 候选 → 163 个有效节点 → 去重后新增 52 个
[2026-07-11 23:58:29] 🔗 查子仓库: mhmdxahmd/mafly
[2026-07-11 23:58:29]   用户 oxygen121 共查 0 个仓库
[2026-07-11 23:58:29] 仓库 https://github.com/ddkpp9/cf-worker-mihomo (分支: main, size: 5877KB, pushed: 2026-07-11T02:59:15Z)
[2026-07-11 23:58:29] 🔗 开始 Fork 链追踪 (LIUbing-5/my-nomorewalls)
[2026-07-11 23:58:29] 🔗 开始 Fork 链追踪 (mhmdxahmd/mafly)
[2026-07-11 23:58:29] 仓库 https://github.com/cestquoi/Jsnzkpg 无候选文件 (总计 33 blob, 扩展名过滤 15, processed_shas 跳过 0, SHA 缓存跳过 18)
[2026-07-11 23:58:29] 🔗 查子仓库: cestquoi/Jsnzkpg
[2026-07-11 23:58:29] 👤 遍历用户仓库: LIUbing-5
[2026-07-11 23:58:29] 👤 遍历用户仓库: mhmdxahmd
[2026-07-11 23:58:29] 仓库 https://github.com/ddkpp9/cf-worker-mihomo 候选文件 32 个
[2026-07-11 23:58:29] 🔗 开始 Fork 链追踪 (cestquoi/Jsnzkpg)
[2026-07-11 23:58:30]   用户 mhmdxahmd 共查 0 个仓库
[2026-07-11 23:58:30] 仓库 https://github.com/i-ccs/clashmi (分支: main, size: 100251KB, pushed: 2026-07-11T01:50:02Z)
[2026-07-11 23:58:30]   👤 用户仓库: 3 个 → 队列
[2026-07-11 23:58:30]   用户 LIUbing-5 共查 3 个仓库
[2026-07-11 23:58:30] 仓库 https://github.com/zz023/OpenWrt-nikki (分支: main, size: 1609KB, pushed: 2026-07-11T00:37:53Z)
[2026-07-11 23:58:30]   父仓库: Jsnzkpg/Jsnzkpg
[2026-07-11 23:58:30] 仓库在黑名单中: https://github.com/Jsnzkpg/Jsnzkpg
[2026-07-11 23:58:30]   父仓库 +0 个节点
[2026-07-11 23:58:30] 仓库 https://github.com/zz023/OpenWrt-nikki 无候选文件 (总计 48 blob, 扩展名过滤 28, processed_shas 跳过 0, SHA 缓存跳过 20)
[2026-07-11 23:58:31] ⏱️ [37/122] daily subscription pushed:>2026-07-10T15:34:46Z fork:true -l | 4s | +77
[2026-07-11 23:58:31] 🔗 查子仓库: zz023/OpenWrt-nikki[2026-07-11 23:58:31]   🍴 兄弟仓库: 30 个 → 队列

[2026-07-11 23:58:32] 仓库 https://github.com/i-ccs/clashmi 无候选文件 (总计 393 blob, 扩展名过滤 338, processed_shas 跳过 0, SHA 缓存跳过 55)[2026-07-11 23:58:33] 🔗 开始 Fork 链追踪 (zz023/OpenWrt-nikki)[2026-07-11 23:58:33]   🍴 兄弟仓库: 28 个 → 队列[2026-07-11 23:58:33] 👤 遍历用户仓库: ownik



[2026-07-11 23:58:34] 🔗 查子仓库: i-ccs/clashmi[2026-07-11 23:58:34] 👤 遍历用户仓库: gbcwror

[2026-07-11 23:58:34]   父仓库: nikkinikki-org/OpenWrt-nikki
[2026-07-11 23:58:34] 🔗 开始 Fork 链追踪 (i-ccs/clashmi)
[2026-07-11 23:58:34]   🍴 兄弟仓库: 27 个 → 队列[2026-07-11 23:58:34] 仓库在黑名单中: https://github.com/nikkinikki-org/OpenWrt-nikki

[2026-07-11 23:58:34] 👤 遍历用户仓库: cestquoi[2026-07-11 23:58:34]   👤 用户仓库: 30 个 → 队列

[2026-07-11 23:58:34]   父仓库 +0 个节点
[2026-07-11 23:58:34]   用户 Mu-L 共查 30 个仓库
[2026-07-11 23:58:34] 仓库 https://github.com/6180339887v0/cf-worker-mihomo (分支: main, size: 52737KB, pushed: 2026-07-11T00:26:16Z)
[2026-07-11 23:58:34]   👤 用户仓库: 2 个 → 队列
[2026-07-11 23:58:34]   用户 gbcwror 共查 2 个仓库
[2026-07-11 23:58:34] 仓库 https://github.com/ParsaST3/BPB-Worker-Panel (分支: main, size: 65363KB, pushed: 2026-07-11T00:10:37Z)
[2026-07-11 23:58:34] 仓库 https://github.com/ddkpp9/cf-worker-mihomo 未提取到节点，加入黑名单
[2026-07-11 23:58:34] 仓库 https://github.com/bahhah284/BPB-Worker-Panel (分支: main, size: 65363KB, pushed: 2026-07-11T00:10:37Z)
[2026-07-11 23:58:34] 仓库 https://github.com/6180339887v0/cf-worker-mihomo 无候选文件 (总计 95 blob, 扩展名过滤 46, processed_shas 跳过 1, SHA 缓存跳过 48)
[2026-07-11 23:58:34] 🔗 查子仓库: 6180339887v0/cf-worker-mihomo
[2026-07-11 23:58:34]   父仓库: KaringX/clashmi
[2026-07-11 23:58:34] ⏭️ 仓库 https://github.com/KaringX/clashmi 37h 未更新，跳过
[2026-07-11 23:58:34]   父仓库 +0 个节点
[2026-07-11 23:58:34] 仓库 https://github.com/ParsaST3/BPB-Worker-Panel 无候选文件 (总计 134 blob, 扩展名过滤 78, processed_shas 跳过 0, SHA 缓存跳过 56)
[2026-07-11 23:58:34] 🔗 查子仓库: ParsaST3/BPB-Worker-Panel
[2026-07-11 23:58:36] 🔗 开始 Fork 链追踪 (ParsaST3/BPB-Worker-Panel)[2026-07-11 23:58:36] 🔗 开始 Fork 链追踪 (6180339887v0/cf-worker-mihomo)

[2026-07-11 23:58:36]   👤 用户仓库: 6 个 → 队列[2026-07-11 23:58:36]   👤 用户仓库: 19 个 → 队列[2026-07-11 23:58:36] 仓库 https://github.com/bahhah284/BPB-Worker-Panel 无候选文件 (总计 134 blob, 扩展名过滤 78, processed_shas 跳过 0, SHA 缓存跳过 56)


[2026-07-11 23:58:36]   用户 ownik 共查 19 个仓库[2026-07-11 23:58:36]   用户 cestquoi 共查 6 个仓库[2026-07-11 23:58:36] 🔗 查子仓库: bahhah284/BPB-Worker-Panel


[2026-07-11 23:58:36] ⏱️ [38/122] base64 subscription pushed:>2026-07-10T15:34:46Z fork:true - | 5s | +0[2026-07-11 23:58:37] 仓库 https://github.com/GoingTime/meta-rules-dat (分支: master, size: 73609KB, pushed: 2026-07-11T04:22:23Z)[2026-07-11 23:58:37] 仓库 https://github.com/majun0911/meta-rules-dat (分支: master, size: 73471KB, pushed: 2026-07-10T23:30:21Z)[2026-07-11 23:58:37]   🍴 兄弟仓库: 25 个 → 队列[2026-07-11 23:58:37]   父仓库: bia-pain-bache/BPB-Worker-Panel
[2026-07-11 23:58:37]   父仓库: Kwisma/cf-SubCloud




[2026-07-11 23:58:37] 仓库在黑名单中: https://github.com/bia-pain-bache/BPB-Worker-Panel[2026-07-11 23:58:37] 🔗 开始 Fork 链追踪 (bahhah284/BPB-Worker-Panel)

[2026-07-11 23:58:37] 👤 遍历用户仓库: zz023[2026-07-11 23:58:37]   父仓库 +0 个节点

[2026-07-11 23:58:37]   🍴 兄弟仓库: 25 个 → 队列
[2026-07-11 23:58:37] 👤 遍历用户仓库: i-ccs
[2026-07-11 23:58:37] 仓库 https://github.com/GoingTime/meta-rules-dat 无候选文件 (总计 16 blob, 扩展名过滤 5, processed_shas 跳过 0, SHA 缓存跳过 11)
[2026-07-11 23:58:37] 仓库 https://github.com/majun0911/meta-rules-dat 无候选文件 (总计 16 blob, 扩展名过滤 5, processed_shas 跳过 0, SHA 缓存跳过 11)[2026-07-11 23:58:37] 🔗 查子仓库: GoingTime/meta-rules-dat

[2026-07-11 23:58:37]   父仓库: bia-pain-bache/BPB-Worker-Panel[2026-07-11 23:58:37] 🔗 查子仓库: majun0911/meta-rules-dat

[2026-07-11 23:58:37] 仓库在黑名单中: https://github.com/bia-pain-bache/BPB-Worker-Panel
[2026-07-11 23:58:37]   父仓库 +0 个节点
[2026-07-11 23:58:37] 🔗 开始 Fork 链追踪 (GoingTime/meta-rules-dat)
[2026-07-11 23:58:37] 🔗 开始 Fork 链追踪 (majun0911/meta-rules-dat)
[2026-07-11 23:58:37]   父仓库: MetaCubeX/meta-rules-dat
[2026-07-11 23:58:37] 仓库在黑名单中: https://github.com/MetaCubeX/meta-rules-dat
[2026-07-11 23:58:37]   父仓库 +0 个节点
[2026-07-11 23:58:37]   父仓库: MetaCubeX/meta-rules-dat
[2026-07-11 23:58:37] 仓库在黑名单中: https://github.com/MetaCubeX/meta-rules-dat
[2026-07-11 23:58:38]   父仓库 +0 个节点
[2026-07-11 23:58:38]   👤 用户仓库: 17 个 → 队列
[2026-07-11 23:58:38]   用户 i-ccs 共查 17 个仓库
[2026-07-11 23:58:38] 仓库 https://github.com/kelp200/meta-rules-dat (分支: master, size: 73471KB, pushed: 2026-07-10T23:30:21Z)
[2026-07-11 23:58:38] 👤 遍历用户仓库: 6180339887v0
[2026-07-11 23:58:38] 仓库 https://github.com/kelp200/meta-rules-dat 无候选文件 (总计 16 blob, 扩展名过滤 5, processed_shas 跳过 0, SHA 缓存跳过 11)
[2026-07-11 23:58:38] 🔗 查子仓库: kelp200/meta-rules-dat
[2026-07-11 23:58:38]   👤 用户仓库: 30 个 → 队列
[2026-07-11 23:58:38]   用户 zz023 共查 30 个仓库
[2026-07-11 23:58:38] 仓库 https://github.com/300737/Jsnzkpg (分支: Jsnzkpg, size: 24420KB, pushed: 2026-07-10T22:37:45Z)
[2026-07-11 23:58:38] 🔗 开始 Fork 链追踪 (kelp200/meta-rules-dat)
[2026-07-11 23:58:38]   👤 用户仓库: 2 个 → 队列
[2026-07-11 23:58:38]   用户 6180339887v0 共查 2 个仓库
[2026-07-11 23:58:38] 仓库 https://github.com/CanMoqiu/proxly (分支: main, size: 9889KB, pushed: 2026-07-10T22:13:09Z)
[2026-07-11 23:58:38] 仓库 https://github.com/300737/Jsnzkpg 无候选文件 (总计 32 blob, 扩展名过滤 14, processed_shas 跳过 0, SHA 缓存跳过 18)
[2026-07-11 23:58:38] 🔗 查子仓库: 300737/Jsnzkpg
[2026-07-11 23:58:38] 🔗 开始 Fork 链追踪 (300737/Jsnzkpg)
[2026-07-11 23:58:39]   父仓库: MetaCubeX/meta-rules-dat
[2026-07-11 23:58:39] 仓库在黑名单中: https://github.com/MetaCubeX/meta-rules-dat
[2026-07-11 23:58:39]   父仓库 +0 个节点
[2026-07-11 23:58:39]   🍴 兄弟仓库: 30 个 → 队列
[2026-07-11 23:58:39] 👤 遍历用户仓库: GoingTime
[2026-07-11 23:58:39]   父仓库: Jsnzkpg/Jsnzkpg
[2026-07-11 23:58:39]   🍴 兄弟仓库: 24 个 → 队列
[2026-07-11 23:58:39] 仓库在黑名单中: https://github.com/Jsnzkpg/Jsnzkpg[2026-07-11 23:58:39] 👤 遍历用户仓库: majun0911

[2026-07-11 23:58:39]   父仓库 +0 个节点[2026-07-11 23:58:39] 仓库 https://github.com/CanMoqiu/proxly 候选文件 4 个

[2026-07-11 23:58:40]   👤 用户仓库: 23 个 → 队列
[2026-07-11 23:58:40] 👤 遍历用户仓库: ParsaST3[2026-07-11 23:58:40]   用户 majun0911 共查 23 个仓库
[2026-07-11 23:58:40] 👤 遍历用户仓库: bahhah284

[2026-07-11 23:58:40] 仓库 https://github.com/CanMoqiu/proxly 未提取到节点，加入黑名单
[2026-07-11 23:58:40] 👤 遍历用户仓库: kelp200[2026-07-11 23:58:40] 仓库 https://github.com/dead-man1/Nova-Proxy (分支: main, size: 8212KB, pushed: 2026-07-10T21:37:49Z)

[2026-07-11 23:58:40] 仓库 https://github.com/eli000021/eli_bpb (分支: main, size: 65327KB, pushed: 2026-07-10T20:11:44Z)
[2026-07-11 23:58:40]   👤 用户仓库: 5 个 → 队列[2026-07-11 23:58:40] 仓库 https://github.com/dead-man1/Nova-Proxy 无候选文件 (总计 13 blob, 扩展名过滤 7, processed_shas 跳过 0, SHA 缓存跳过 6)

[2026-07-11 23:58:40]   用户 ParsaST3 共查 5 个仓库[2026-07-11 23:58:40] 🔗 查子仓库: dead-man1/Nova-Proxy

[2026-07-11 23:58:40] 仓库 https://github.com/mihomo-party-org/clash-party (分支: smart_core, size: 18077KB, pushed: 2026-07-10T19:39:05Z)
[2026-07-11 23:58:40]   👤 用户仓库: 7 个 → 队列[2026-07-11 23:58:40] 👤 遍历用户仓库: 300737
[2026-07-11 23:58:40]   用户 kelp200 共查 7 个仓库

[2026-07-11 23:58:40] 仓库 https://github.com/lincanshu/clash-party (分支: smart_core, size: 18077KB, pushed: 2026-07-10T19:39:05Z)
[2026-07-11 23:58:40]   👤 用户仓库: 12 个 → 队列
[2026-07-11 23:58:40]   用户 bahhah284 共查 12 个仓库
[2026-07-11 23:58:40] 🔗 开始 Fork 链追踪 (dead-man1/Nova-Proxy)[2026-07-11 23:58:40] 仓库 https://github.com/jismyname/clash-party (分支: smart_core, size: 18077KB, pushed: 2026-07-10T19:39:05Z)

[2026-07-11 23:58:41] 仓库 https://github.com/eli000021/eli_bpb 无候选文件 (总计 134 blob, 扩展名过滤 78, processed_shas 跳过 0, SHA 缓存跳过 56)
[2026-07-11 23:58:41] 🔗 查子仓库: eli000021/eli_bpb
[2026-07-11 23:58:41] 🔗 开始 Fork 链追踪 (eli000021/eli_bpb)
[2026-07-11 23:58:41] 仓库 https://github.com/mihomo-party-org/clash-party 无候选文件 (总计 335 blob, 扩展名过滤 288, processed_shas 跳过 0, SHA 缓存跳过 47)
[2026-07-11 23:58:41] 🔗 查子仓库: mihomo-party-org/clash-party
[2026-07-11 23:58:41]   父仓库: IRNova/Nova-Proxy[2026-07-11 23:58:41] ⏱️ [39/122] free sub pushed:>2026-07-10T15:34:46Z fork:true -language:HT | 4s | +0

[2026-07-11 23:58:41] ⏭️ 仓库 https://github.com/IRNova/Nova-Proxy 25h 未更新，跳过
[2026-07-11 23:58:41]   父仓库 +0 个节点
[2026-07-11 23:58:41] 仓库 https://github.com/lincanshu/clash-party 无候选文件 (总计 335 blob, 扩展名过滤 288, processed_shas 跳过 0, SHA 缓存跳过 47)
[2026-07-11 23:58:41] 🔗 查子仓库: lincanshu/clash-party
[2026-07-11 23:58:41] 仓库 https://github.com/jismyname/clash-party 无候选文件 (总计 335 blob, 扩展名过滤 288, processed_shas 跳过 0, SHA 缓存跳过 47)
[2026-07-11 23:58:41] 🔗 查子仓库: jismyname/clash-party
[2026-07-11 23:58:41]   父仓库: bia-pain-bache/BPB-Worker-Panel
[2026-07-11 23:58:41] 仓库在黑名单中: https://github.com/bia-pain-bache/BPB-Worker-Panel
[2026-07-11 23:58:41]   父仓库 +0 个节点
[2026-07-11 23:58:41] 🔗 开始 Fork 链追踪 (lincanshu/clash-party)
[2026-07-11 23:58:41] 🔗 开始 Fork 链追踪 (jismyname/clash-party)
[2026-07-11 23:58:42]   父仓库: mihomo-party-org/clash-party[2026-07-11 23:58:42]   👤 用户仓库: 28 个 → 队列[2026-07-11 23:58:42]   父仓库: mihomo-party-org/clash-party


[2026-07-11 23:58:42]   用户 300737 共查 28 个仓库
[2026-07-11 23:58:42] 仓库 https://github.com/Sakura520222/clash-party (分支: smart_core, size: 18077KB, pushed: 2026-07-10T19:39:05Z)
[2026-07-11 23:58:42]   👤 用户仓库: 30 个 → 队列
[2026-07-11 23:58:42]   用户 GoingTime 共查 30 个仓库
[2026-07-11 23:58:42] 仓库 https://github.com/partners-sh/mihomo-client-windows (分支: main, size: 45942KB, pushed: 2026-07-10T19:21:28Z)
[2026-07-11 23:58:42] 仓库 https://github.com/partners-sh/mihomo-client-windows 无候选文件 (总计 49 blob, 扩展名过滤 47, processed_shas 跳过 0, SHA 缓存跳过 2)
[2026-07-11 23:58:42] 仓库 https://github.com/Sakura520222/clash-party 无候选文件 (总计 335 blob, 扩展名过滤 288, processed_shas 跳过 0, SHA 缓存跳过 47)
[2026-07-11 23:58:42] 🔗 查子仓库: partners-sh/mihomo-client-windows[2026-07-11 23:58:42] 🔗 查子仓库: Sakura520222/clash-party

[2026-07-11 23:58:42]   🍴 兄弟仓库: 24 个 → 队列
[2026-07-11 23:58:42] 👤 遍历用户仓库: dead-man1
[2026-07-11 23:58:42]   🍴 子仓库: 30 个 → 队列
[2026-07-11 23:58:42] 🔗 开始 Fork 链追踪 (mihomo-party-org/clash-party)
[2026-07-11 23:58:42] 🔗 开始 Fork 链追踪 (partners-sh/mihomo-client-windows)[2026-07-11 23:58:42] 🔗 开始 Fork 链追踪 (Sakura520222/clash-party)

[2026-07-11 23:58:42]   🍴 兄弟仓库: 18 个 → 队列
[2026-07-11 23:58:42] 👤 遍历用户仓库: jismyname
[2026-07-11 23:58:42] 👤 遍历用户仓库: lincanshu
[2026-07-11 23:58:43] 👤 遍历用户仓库: mihomo-party-org
[2026-07-11 23:58:43] 👤 遍历用户仓库: partners-sh
[2026-07-11 23:58:43]   父仓库: mihomo-party-org/clash-party
[2026-07-11 23:58:43]   👤 用户仓库: 1 个 → 队列
[2026-07-11 23:58:43]   用户 partners-sh 共查 1 个仓库
[2026-07-11 23:58:43] 仓库 https://github.com/jasonz142/override-rules (分支: main, size: 4056KB, pushed: 2026-07-10T19:11:44Z)
[2026-07-11 23:58:43]   👤 用户仓库: 1 个 → 队列
[2026-07-11 23:58:43]   用户 jismyname 共查 1 个仓库[2026-07-11 23:58:43]   👤 用户仓库: 15 个 → 队列
[2026-07-11 23:58:43]   👤 用户仓库: 24 个 → 队列

[2026-07-11 23:58:43] 仓库 https://github.com/ashi009/ShellCrash (分支: dev, size: 5598251KB, pushed: 2026-07-11T08:38:50Z)[2026-07-11 23:58:43]   用户 lincanshu 共查 24 个仓库
[2026-07-11 23:58:43]   用户 mihomo-party-org 共查 15 个仓库

[2026-07-11 23:58:43] 仓库 https://github.com/evaslr/ShellCrash (分支: dev, size: 5597142KB, pushed: 2026-07-10T18:44:31Z)[2026-07-11 23:58:43] 仓库 https://github.com/ztyawc/mihomo (分支: main, size: 12292KB, pushed: 2026-07-10T18:30:43Z)

[2026-07-11 23:58:44] 仓库 https://github.com/jasonz142/override-rules 无候选文件 (总计 59 blob, 扩展名过滤 31, processed_shas 跳过 0, SHA 缓存跳过 28)
[2026-07-11 23:58:44] 🔗 查子仓库: jasonz142/override-rules[2026-07-11 23:58:44] 👤 遍历用户仓库: Sakura520222

[2026-07-11 23:58:44] 🔗 开始 Fork 链追踪 (jasonz142/override-rules)
[2026-07-11 23:58:44] 仓库 https://github.com/ashi009/ShellCrash 无候选文件 (总计 259 blob, 扩展名过滤 191, processed_shas 跳过 0, SHA 缓存跳过 68)
[2026-07-11 23:58:44] 🔗 查子仓库: ashi009/ShellCrash
[2026-07-11 23:58:44] 仓库 https://github.com/evaslr/ShellCrash 无候选文件 (总计 259 blob, 扩展名过滤 191, processed_shas 跳过 0, SHA 缓存跳过 68)
[2026-07-11 23:58:44] 🔗 查子仓库: evaslr/ShellCrash
[2026-07-11 23:58:44] 🔗 开始 Fork 链追踪 (ashi009/ShellCrash)
[2026-07-11 23:58:44] 👤 遍历用户仓库: eli000021[2026-07-11 23:58:44] 🔗 开始 Fork 链追踪 (evaslr/ShellCrash)

[2026-07-11 23:58:44]   父仓库: powerfullz/override-rules
[2026-07-11 23:58:44] 仓库在黑名单中: https://github.com/powerfullz/override-rules
[2026-07-11 23:58:44]   父仓库 +0 个节点
[2026-07-11 23:58:44] 仓库 https://github.com/ztyawc/mihomo 候选文件 5 个
[2026-07-11 23:58:44]   父仓库: juewuy/ShellCrash
[2026-07-11 23:58:44] 仓库在黑名单中: https://github.com/juewuy/ShellCrash
[2026-07-11 23:58:44]   父仓库 +0 个节点
[2026-07-11 23:58:44]   父仓库: juewuy/ShellCrash
[2026-07-11 23:58:44] 仓库在黑名单中: https://github.com/juewuy/ShellCrash
[2026-07-11 23:58:44]   父仓库 +0 个节点[2026-07-11 23:58:44]   用户 eli000021 共查 0 个仓库

[2026-07-11 23:58:44] 仓库 https://github.com/Charles-0509/ProxyRule (分支: main, size: 1468KB, pushed: 2026-07-10T17:19:38Z)
[2026-07-11 23:58:44]   👤 用户仓库: 30 个 → 队列
[2026-07-11 23:58:44]   用户 dead-man1 共查 30 个仓库
[2026-07-11 23:58:44] 仓库 https://github.com/SHAHIN328/BPB-Worker-Panel (分支: main, size: 64217KB, pushed: 2026-07-10T17:13:39Z)
[2026-07-11 23:58:45] 仓库 https://github.com/Charles-0509/ProxyRule 候选文件 63 个
[2026-07-11 23:58:45]   👤 用户仓库: 30 个 → 队列
[2026-07-11 23:58:45]   用户 Sakura520222 共查 30 个仓库[2026-07-11 23:58:45] 仓库 https://github.com/SHAHIN328/BPB-Worker-Panel 无候选文件 (总计 134 blob, 扩展名过滤 78, processed_shas 跳过 0, SHA 缓存跳过 56)

[2026-07-11 23:58:45] 仓库 https://github.com/sakana164/clash-party (分支: master, size: 18022KB, pushed: 2026-07-10T17:08:14Z)
[2026-07-11 23:58:46] 🔗 查子仓库: SHAHIN328/BPB-Worker-Panel
[2026-07-11 23:58:46] ⏱️ [40/122] v2ray sub pushed:>2026-07-10T15:34:46Z fork:true -language:H | 5s | +0[2026-07-11 23:58:46] 🔗 开始 Fork 链追踪 (SHAHIN328/BPB-Worker-Panel)

[2026-07-11 23:58:46] 👤 遍历用户仓库: ashi009
[2026-07-11 23:58:46] 👤 遍历用户仓库: evaslr
[2026-07-11 23:58:46]   🍴 兄弟仓库: 30 个 → 队列
[2026-07-11 23:58:46] 👤 遍历用户仓库: jasonz142
[2026-07-11 23:58:46]   父仓库: bia-pain-bache/BPB-Worker-Panel
[2026-07-11 23:58:46] 仓库在黑名单中: https://github.com/bia-pain-bache/BPB-Worker-Panel
[2026-07-11 23:58:46] 仓库 https://github.com/sakana164/clash-party 无候选文件 (总计 335 blob, 扩展名过滤 288, processed_shas 跳过 0, SHA 缓存跳过 47)[2026-07-11 23:58:46]   父仓库 +0 个节点

[2026-07-11 23:58:47] 🔗 查子仓库: sakana164/clash-party[2026-07-11 23:58:47] 🔗 查子仓库: ztyawc/mihomo
[2026-07-11 23:58:47]   👤 用户仓库: 1 个 → 队列

[2026-07-11 23:58:47]   用户 jasonz142 共查 1 个仓库[2026-07-11 23:58:47] 🔗 开始 Fork 链追踪 (ztyawc/mihomo)

[2026-07-11 23:58:47] 🔗 开始 Fork 链追踪 (sakana164/clash-party)[2026-07-11 23:58:47] 仓库 https://github.com/adamknightzmy/knight2-BPB-Panel (分支: main, size: 64217KB, pushed: 2026-07-10T16:28:53Z)

[2026-07-11 23:58:47]   父仓库: MetaCubeX/mihomo
[2026-07-11 23:58:48] 仓库在黑名单中: https://github.com/MetaCubeX/mihomo[2026-07-11 23:58:48]   父仓库: mihomo-party-org/clash-party

[2026-07-11 23:58:48]   父仓库 +0 个节点
[2026-07-11 23:58:48] 仓库 https://github.com/adamknightzmy/knight2-BPB-Panel 无候选文件 (总计 134 blob, 扩展名过滤 78, processed_shas 跳过 0, SHA 缓存跳过 56)
[2026-07-11 23:58:48] 🔗 查子仓库: adamknightzmy/knight2-BPB-Panel[2026-07-11 23:58:48]   👤 用户仓库: 30 个 → 队列

[2026-07-11 23:58:49]   用户 evaslr 共查 30 个仓库
[2026-07-11 23:58:49] 仓库 https://github.com/billuwdev/hiddify-app (分支: main, size: 88994KB, pushed: 2026-07-11T15:37:55Z)
[2026-07-11 23:58:49] 🔗 开始 Fork 链追踪 (adamknightzmy/knight2-BPB-Panel)
[2026-07-11 23:58:49]   父仓库: bia-pain-bache/BPB-Worker-Panel
[2026-07-11 23:58:49] 仓库在黑名单中: https://github.com/bia-pain-bache/BPB-Worker-Panel
[2026-07-11 23:58:49]   父仓库 +0 个节点
[2026-07-11 23:58:49] 👤 遍历用户仓库: ztyawc
[2026-07-11 23:58:49] 👤 遍历用户仓库: sakana164[2026-07-11 23:58:49] 仓库 https://github.com/billuwdev/hiddify-app 无候选文件 (总计 694 blob, 扩展名过滤 587, processed_shas 跳过 0, SHA 缓存跳过 107)

[2026-07-11 23:58:49] 🔗 查子仓库: billuwdev/hiddify-app
[2026-07-11 23:58:50] 🔗 开始 Fork 链追踪 (billuwdev/hiddify-app)
[2026-07-11 23:58:50]   👤 用户仓库: 30 个 → 队列
[2026-07-11 23:58:50]   用户 ashi009 共查 30 个仓库
[2026-07-11 23:58:50] 仓库 https://github.com/tiagorrg/vless-checker (分支: main, size: 5630KB, pushed: 2026-07-11T15:01:04Z)
[2026-07-11 23:58:50]   父仓库: hiddify/hiddify-app
[2026-07-11 23:58:50] 仓库在黑名单中: https://github.com/hiddify/hiddify-app
[2026-07-11 23:58:50]   父仓库 +0 个节点
[2026-07-11 23:58:51] 仓库 https://github.com/tiagorrg/vless-checker 候选文件 1 个[2026-07-11 23:58:51] 👤 遍历用户仓库: SHAHIN328

[2026-07-11 23:58:51]   👤 用户仓库: 13 个 → 队列[2026-07-11 23:58:51]   👤 用户仓库: 30 个 → 队列

[2026-07-11 23:58:51]   用户 ztyawc 共查 30 个仓库[2026-07-11 23:58:51]   用户 sakana164 共查 13 个仓库

[2026-07-11 23:58:51] 仓库 https://github.com/aviamastersgh/vpn-free-russia (分支: main, size: 2549KB, pushed: 2026-07-11T15:00:36Z)[2026-07-11 23:58:51] 仓库 https://github.com/sinavm/SVM (分支: main, size: 199561KB, pushed: 2026-07-11T13:11:40Z)

[2026-07-11 23:58:52] 🔗 查子仓库: tiagorrg/vless-checker
[2026-07-11 23:58:52]   👤 用户仓库: 6 个 → 队列
[2026-07-11 23:58:52]   用户 SHAHIN328 共查 6 个仓库
[2026-07-11 23:58:53] 仓库 https://github.com/lanopivijo93782-ops/hiddify-vless-xhttp-parser (分支: main, size: 484KB, pushed: 2026-07-11T12:59:02Z)
[2026-07-11 23:58:53] 仓库 https://github.com/aviamastersgh/vpn-free-russia 候选文件 4 个
[2026-07-11 23:58:53] 👤 遍历用户仓库: adamknightzmy
[2026-07-11 23:58:53] 仓库 https://github.com/sinavm/SVM 候选文件 22 个[2026-07-11 23:58:53]   🍴 子仓库: 6 个 → 队列

[2026-07-11 23:58:53] 仓库 https://github.com/lanopivijo93782-ops/hiddify-vless-xhttp-parser 候选文件 3 个
[2026-07-11 23:58:53] 🔗 开始 Fork 链追踪 (tiagorrg/vless-checker)
[2026-07-11 23:58:54]   👤 用户仓库: 11 个 → 队列
[2026-07-11 23:58:54]   用户 adamknightzmy 共查 11 个仓库
[2026-07-11 23:58:54] 仓库 https://github.com/allanjoshuaf/hiddify-app (分支: main, size: 64150KB, pushed: 2026-07-11T12:34:10Z)[2026-07-11 23:58:54] 📄 https://raw.githubusercontent.com/sinavm/SVM/main/lite/subscriptions/xray/base64/reality ✅ 解析 16 候选 → 16 个有效节点 → 去重后新增 5 个[2026-07-11 23:58:54] 👤 遍历用户仓库: tiagorrg
[2026-07-11 23:58:54] 📄 https://raw.githubusercontent.com/sinavm/SVM/main/lite/config.txt ✅ 解析 104 候选 → 104 个有效节点 → 去重后新增 7 个


[2026-07-11 23:58:54]   🍴 兄弟仓库: 30 个 → 队列
[2026-07-11 23:58:54] 📄 https://raw.githubusercontent.com/sinavm/SVM/main/lite/subscriptions/meta/mix ✅ 解析 86 候选 → 86 个有效节点 → 去重后新增 2 个
[2026-07-11 23:58:54] 👤 遍历用户仓库: billuwdev[2026-07-11 23:58:54] 📄 https://raw.githubusercontent.com/sinavm/SVM/main/config.txt ✅ 解析 430 候选 → 430 个有效节点 → 去重后新增 45 个

[2026-07-11 23:58:55] 🔗 查子仓库: lanopivijo93782-ops/hiddify-vless-xhttp-parser
[2026-07-11 23:58:55] 🔗 开始 Fork 链追踪 (lanopivijo93782-ops/hiddify-vless-xhttp-parser)[2026-07-11 23:58:55]   用户 billuwdev 共查 0 个仓库

[2026-07-11 23:58:55] 仓库 https://github.com/terik21/HiddifySubs-VlessKeys (分支: main, size: 6197KB, pushed: 2026-07-11T07:51:32Z)
[2026-07-11 23:58:56]   👤 用户仓库: 2 个 → 队列
[2026-07-11 23:58:57] 👤 遍历用户仓库: lanopivijo93782-ops[2026-07-11 23:58:57]   用户 tiagorrg 共查 2 个仓库

[2026-07-11 23:58:58] 仓库 https://github.com/shinexus/LearnToProgram (分支: master, size: 33218KB, pushed: 2026-07-11T06:08:22Z)
[2026-07-11 23:58:58]   用户 lanopivijo93782-ops 共查 0 个仓库
[2026-07-11 23:58:59] 仓库 https://github.com/fuguanyi-lgtm/shadowrocket-sub (分支: main, size: 636KB, pushed: 2026-07-11T15:43:38Z)
[2026-07-11 23:59:01] ⏱️ [41/122] clash sub pushed:>2026-07-10T15:34:46Z fork:true -language:H | 15s | +61
[2026-07-11 23:59:01] 仓库 https://github.com/terik21/HiddifySubs-VlessKeys 候选文件 3 个[2026-07-11 23:59:01] 仓库 https://github.com/fuguanyi-lgtm/shadowrocket-sub 候选文件 1 个

[2026-07-11 23:59:03] 🔗 查子仓库: fuguanyi-lgtm/shadowrocket-sub
[2026-07-11 23:59:04] 🔗 开始 Fork 链追踪 (fuguanyi-lgtm/shadowrocket-sub)
[2026-07-11 23:59:04] 👤 遍历用户仓库: fuguanyi-lgtm
[2026-07-11 23:59:04] 仓库 https://github.com/Charles-0509/ProxyRule 未提取到节点，加入黑名单
[2026-07-11 23:59:04] 仓库 https://github.com/shinexus/LearnToProgram 候选文件 3 个
[2026-07-11 23:59:04]   用户 fuguanyi-lgtm 共查 0 个仓库[2026-07-11 23:59:04] 仓库 https://github.com/peasoft/NoMoreWalls (分支: master, size: 5034021KB, pushed: 2026-07-11T15:41:41Z)

[2026-07-11 23:59:04] 仓库 https://github.com/KxK3lv1n/usque-shadowrocket-converter (分支: main, size: 20KB, pushed: 2026-07-11T15:03:04Z)
[2026-07-11 23:59:05] 仓库 https://github.com/KxK3lv1n/usque-shadowrocket-converter 候选文件 1 个
[2026-07-11 23:59:06] 仓库 https://github.com/KxK3lv1n/usque-shadowrocket-converter 未提取到节点，加入黑名单
[2026-07-11 23:59:06] 仓库 https://github.com/s-theo/www.shadowrocket.cc (分支: main, size: 330KB, pushed: 2026-07-11T15:01:11Z)
[2026-07-11 23:59:11] 仓库 https://github.com/peasoft/NoMoreWalls 候选文件 17 个
[2026-07-11 23:59:13] 仓库 https://github.com/s-theo/www.shadowrocket.cc 候选文件 35 个
[2026-07-11 23:59:16] README (s-theo/www.shadowrocket.cc) 404，跳过
[2026-07-11 23:59:16] 仓库 https://github.com/s-theo/www.shadowrocket.cc 未提取到节点，加入黑名单
[2026-07-11 23:59:16] 仓库 https://github.com/chasylexus/shadowrocket-proxifying (分支: main, size: 43KB, pushed: 2026-07-11T14:40:53Z)
[2026-07-11 23:59:17] 仓库 https://github.com/chasylexus/shadowrocket-proxifying 候选文件 9 个
[2026-07-11 23:59:18] 仓库 https://github.com/allanjoshuaf/hiddify-app 无候选文件 (总计 710 blob, 扩展名过滤 608, processed_shas 跳过 0, SHA 缓存跳过 102)
[2026-07-11 23:59:18] 🔗 查子仓库: allanjoshuaf/hiddify-app
[2026-07-11 23:59:19] 🔗 开始 Fork 链追踪 (allanjoshuaf/hiddify-app)
[2026-07-11 23:59:19] 🔗 查子仓库: peasoft/NoMoreWalls
[2026-07-11 23:59:19]   父仓库: hiddify/hiddify-app
[2026-07-11 23:59:19] 仓库在黑名单中: https://github.com/hiddify/hiddify-app
[2026-07-11 23:59:19]   父仓库 +0 个节点
[2026-07-11 23:59:20] 仓库 https://github.com/chasylexus/shadowrocket-proxifying 未提取到节点，加入黑名单
[2026-07-11 23:59:20]   🍴 子仓库: 30 个 → 队列
[2026-07-11 23:59:20] 🔗 开始 Fork 链追踪 (peasoft/NoMoreWalls)
[2026-07-11 23:59:20]   🍴 兄弟仓库: 23 个 → 队列
[2026-07-11 23:59:20] 👤 遍历用户仓库: allanjoshuaf
[2026-07-11 23:59:20] 仓库 https://github.com/CheerfulTony/ShadowRocket (分支: main, size: 111KB, pushed: 2026-07-11T13:17:58Z)
[2026-07-11 23:59:20] 👤 遍历用户仓库: peasoft
[2026-07-11 23:59:21]   👤 用户仓库: 9 个 → 队列
[2026-07-11 23:59:21]   用户 allanjoshuaf 共查 9 个仓库
[2026-07-11 23:59:21] 仓库 https://github.com/SteveLuo-root/shadowrocket-config (分支: main, size: 5KB, pushed: 2026-07-11T12:05:21Z)
[2026-07-11 23:59:21] 仓库 https://github.com/CheerfulTony/ShadowRocket 候选文件 9 个
[2026-07-11 23:59:21] 仓库 https://github.com/SteveLuo-root/shadowrocket-config 候选文件 1 个
[2026-07-11 23:59:21] 仓库 https://github.com/SteveLuo-root/shadowrocket-config 未提取到节点，加入黑名单
[2026-07-11 23:59:21] 仓库 https://github.com/659287/Shadowrocket_Rules (分支: main, size: 223KB, pushed: 2026-07-11T10:24:28Z)
[2026-07-11 23:59:22] 仓库 https://github.com/659287/Shadowrocket_Rules 候选文件 1 个
[2026-07-11 23:59:22] README (659287/Shadowrocket_Rules) 404，跳过
[2026-07-11 23:59:22] 仓库 https://github.com/659287/Shadowrocket_Rules 未提取到节点，加入黑名单
[2026-07-11 23:59:22] 仓库 https://github.com/geevpnfree/geevpn (分支: main, size: 1KB, pushed: 2026-07-11T09:32:28Z)
[2026-07-11 23:59:23] 仓库 https://github.com/geevpnfree/geevpn 候选文件 1 个
[2026-07-11 23:59:23]   👤 用户仓库: 30 个 → 队列
[2026-07-11 23:59:23]   用户 peasoft 共查 30 个仓库
[2026-07-11 23:59:23] 仓库 https://github.com/bbylw/v2ray- (分支: main, size: 17809KB, pushed: 2026-07-11T08:39:05Z)
[2026-07-11 23:59:23] README (CheerfulTony/ShadowRocket) 404，跳过
[2026-07-11 23:59:23] 仓库 https://github.com/CheerfulTony/ShadowRocket 未提取到节点，加入黑名单
[2026-07-11 23:59:23] 仓库 https://github.com/gordonhwc/shadowrocket-configs (分支: main, size: 15KB, pushed: 2026-07-11T08:33:18Z)
[2026-07-11 23:59:23] 仓库 https://github.com/geevpnfree/geevpn 未提取到节点，加入黑名单
[2026-07-11 23:59:23] 仓库 https://github.com/evanZheng1021/shadowrocket-routing-config (分支: main, size: 6KB, pushed: 2026-07-11T08:27:55Z)
[2026-07-11 23:59:24] 仓库 https://github.com/gordonhwc/shadowrocket-configs 候选文件 3 个
[2026-07-11 23:59:24] 仓库 https://github.com/bbylw/v2ray- 无候选文件 (总计 6 blob, 扩展名过滤 1, processed_shas 跳过 2, SHA 缓存跳过 3)
[2026-07-11 23:59:24] 仓库 https://github.com/evanZheng1021/shadowrocket-routing-config 候选文件 3 个[2026-07-11 23:59:24] 🔗 查子仓库: bbylw/v2ray-

[2026-07-11 23:59:24] 🔗 开始 Fork 链追踪 (bbylw/v2ray-)
[2026-07-11 23:59:24]   父仓库: free18/v2ray
[2026-07-11 23:59:24] 📄 https://raw.githubusercontent.com/gordonhwc/shadowrocket-configs/main/gordon.conf ✅ 解析 3 候选 → 3 个有效节点 → 去重后新增 3 个[2026-07-11 23:59:24] 仓库 https://github.com/evanZheng1021/shadowrocket-routing-config 未提取到节点，加入黑名单

[2026-07-11 23:59:24] 仓库 https://github.com/hsiica/ios-location-spoofer (分支: main, size: 6793KB, pushed: 2026-07-11T05:27:22Z)
[2026-07-11 23:59:25] 🔗 查子仓库: gordonhwc/shadowrocket-configs
[2026-07-11 23:59:25] 🔗 开始 Fork 链追踪 (gordonhwc/shadowrocket-configs)
[2026-07-11 23:59:25]   🍴 兄弟仓库: 26 个 → 队列
[2026-07-11 23:59:25] 👤 遍历用户仓库: bbylw
[2026-07-11 23:59:25] 👤 遍历用户仓库: gordonhwc
[2026-07-11 23:59:25] 🔗 查子仓库: terik21/HiddifySubs-VlessKeys
[2026-07-11 23:59:25] 仓库 https://github.com/hsiica/ios-location-spoofer 无候选文件 (总计 25 blob, 扩展名过滤 13, processed_shas 跳过 0, SHA 缓存跳过 12)
[2026-07-11 23:59:25] 🔗 查子仓库: hsiica/ios-location-spoofer
[2026-07-11 23:59:26] 🔗 开始 Fork 链追踪 (hsiica/ios-location-spoofer)
[2026-07-11 23:59:26]   🍴 子仓库: 2 个 → 队列
[2026-07-11 23:59:26] 🔗 开始 Fork 链追踪 (terik21/HiddifySubs-VlessKeys)
[2026-07-11 23:59:26]   父仓库: mekos2772/ios-location-spoofer
[2026-07-11 23:59:26]   👤 用户仓库: 19 个 → 队列
[2026-07-11 23:59:26] 仓库在黑名单中: https://github.com/mekos2772/ios-location-spoofer
[2026-07-11 23:59:26]   用户 gordonhwc 共查 19 个仓库[2026-07-11 23:59:26] 👤 遍历用户仓库: terik21[2026-07-11 23:59:26]   父仓库 +0 个节点


[2026-07-11 23:59:26] 仓库 https://github.com/Cooperiano/soyetty (分支: main, size: 3KB, pushed: 2026-07-11T05:11:52Z)
[2026-07-11 23:59:26] 仓库 https://github.com/Cooperiano/soyetty 候选文件 1 个
[2026-07-11 23:59:26]   👤 用户仓库: 1 个 → 队列
[2026-07-11 23:59:26]   用户 terik21 共查 1 个仓库
[2026-07-11 23:59:27] 仓库 https://github.com/boynxk/Shadowrocket-Ad-DNS-Leak-Rules (分支: main, size: 112418KB, pushed: 2026-07-11T04:12:28Z)
[2026-07-11 23:59:27] 仓库 https://github.com/Cooperiano/soyetty README 含广告词，加入黑名单
[2026-07-11 23:59:27] 仓库 https://github.com/lincong001/daily_free_vpn (分支: main, size: 1035KB, pushed: 2026-07-11T03:30:05Z)
[2026-07-11 23:59:27] 仓库 https://github.com/lincong001/daily_free_vpn 候选文件 12 个
[2026-07-11 23:59:27]   🍴 兄弟仓库: 30 个 → 队列
[2026-07-11 23:59:28] 👤 遍历用户仓库: hsiica
[2026-07-11 23:59:28] 仓库 https://github.com/boynxk/Shadowrocket-Ad-DNS-Leak-Rules 候选文件 15 个
[2026-07-11 23:59:28] 🔗 查子仓库: aviamastersgh/vpn-free-russia
[2026-07-11 23:59:28] 📄 https://raw.githubusercontent.com/sinavm/SVM/main/subscriptions/xray/base64/mix ✅ 解析 725 候选 → 725 个有效节点 → 去重后新增 4 个[2026-07-11 23:59:28] 📄 https://raw.githubusercontent.com/shinexus/LearnToProgram/master/HiddifyConfigsCLI/valid_links/valid_links.txt ✅ 解析 2324 候选 → 2324 个有效节点 → 去重后新增 1 个

[2026-07-11 23:59:28] 🔗 开始 Fork 链追踪 (aviamastersgh/vpn-free-russia)
[2026-07-11 23:59:28]   👤 用户仓库: 7 个 → 队列[2026-07-11 23:59:28] 🔗 查子仓库: sinavm/SVM

[2026-07-11 23:59:28] 👤 遍历用户仓库: aviamastersgh[2026-07-11 23:59:28]   用户 hsiica 共查 7 个仓库

[2026-07-11 23:59:28] 仓库 https://github.com/onarai/Shadowrocket-ADBlock-Rules-Forever (分支: release, size: 351686KB, pushed: 2026-07-10T23:18:32Z)[2026-07-11 23:59:28] 🔗 查子仓库: shinexus/LearnToProgram

[2026-07-11 23:59:29] 🔗 开始 Fork 链追踪 (shinexus/LearnToProgram)
[2026-07-11 23:59:29]   👤 用户仓库: 1 个 → 队列
[2026-07-11 23:59:29] 👤 遍历用户仓库: shinexus[2026-07-11 23:59:29] 仓库 https://github.com/onarai/Shadowrocket-ADBlock-Rules-Forever 候选文件 11 个

[2026-07-11 23:59:29] 📄 https://raw.githubusercontent.com/lincong001/daily_free_vpn/main/sub/Surge.yml ✅ 解析 718 候选 → 718 个有效节点 → 去重后新增 41 个[2026-07-11 23:59:29]   用户 aviamastersgh 共查 1 个仓库

[2026-07-11 23:59:29] 仓库 https://github.com/junqianml/Sub-Store (分支: master, size: 11749KB, pushed: 2026-07-10T23:03:01Z)
[2026-07-11 23:59:29]   👤 用户仓库: 1 个 → 队列
[2026-07-11 23:59:29]   用户 shinexus 共查 1 个仓库
[2026-07-11 23:59:30] 仓库 https://github.com/dyingembers/Sub-Store (分支: master, size: 11749KB, pushed: 2026-07-10T23:03:01Z)
[2026-07-11 23:59:30]   🍴 子仓库: 18 个 → 队列
[2026-07-11 23:59:30] 🔗 开始 Fork 链追踪 (sinavm/SVM)
[2026-07-11 23:59:30] 👤 遍历用户仓库: sinavm
[2026-07-11 23:59:30] 仓库 https://github.com/junqianml/Sub-Store 候选文件 1 个
[2026-07-11 23:59:31] 仓库 https://github.com/dyingembers/Sub-Store 无候选文件 (总计 171 blob, 扩展名过滤 151, processed_shas 跳过 0, SHA 缓存跳过 20)
[2026-07-11 23:59:31] 🔗 查子仓库: dyingembers/Sub-Store
[2026-07-11 23:59:31] 🔗 开始 Fork 链追踪 (dyingembers/Sub-Store)
[2026-07-11 23:59:32]   父仓库: sub-store-org/Sub-Store
[2026-07-11 23:59:32] 仓库在黑名单中: https://github.com/sub-store-org/Sub-Store
[2026-07-11 23:59:32] 仓库 https://github.com/junqianml/Sub-Store 未提取到节点，加入黑名单[2026-07-11 23:59:32] 📄 https://raw.githubusercontent.com/lincong001/daily_free_vpn/main/sub/URI.yml ✅ 解析 2006 候选 → 2006 个有效节点 → 去重后新增 3 个[2026-07-11 23:59:32]   用户 sinavm 共查 0 个仓库


[2026-07-11 23:59:33]   父仓库 +3 个节点
[2026-07-11 23:59:33] 仓库 https://github.com/MrYYeung/Sub-Store (分支: master, size: 11749KB, pushed: 2026-07-10T23:03:01Z)[2026-07-11 23:59:33] 仓库 https://github.com/TheFoxKD/corelink-public (分支: main, size: 5KB, pushed: 2026-07-10T21:47:33Z)

[2026-07-11 23:59:35] 仓库 https://github.com/TheFoxKD/corelink-public 候选文件 1 个
[2026-07-11 23:59:35]   👤 用户仓库: 30 个 → 队列
[2026-07-11 23:59:35]   用户 bbylw 共查 30 个仓库
[2026-07-11 23:59:36] 仓库 https://github.com/MrYYeung/Sub-Store 无候选文件 (总计 171 blob, 扩展名过滤 151, processed_shas 跳过 1, SHA 缓存跳过 19)[2026-07-11 23:59:36] 仓库 https://github.com/hkwx/am-tunnel (分支: dev, size: 376KB, pushed: 2026-07-11T14:25:19Z)

[2026-07-11 23:59:37] 🔗 查子仓库: MrYYeung/Sub-Store
[2026-07-11 23:59:38] 📄 https://raw.githubusercontent.com/TheFoxKD/corelink-public/main/shadowrocket.conf ✅ 解析 1 候选 → 1 个有效节点 → 去重后新增 1 个
[2026-07-11 23:59:38] 🔗 开始 Fork 链追踪 (MrYYeung/Sub-Store)[2026-07-11 23:59:38] 🔗 查子仓库: TheFoxKD/corelink-public

[2026-07-11 23:59:39]   🍴 兄弟仓库: 30 个 → 队列
[2026-07-11 23:59:40] 🔗 开始 Fork 链追踪 (TheFoxKD/corelink-public)[2026-07-11 23:59:40] 仓库 https://github.com/hkwx/am-tunnel 候选文件 3 个[2026-07-11 23:59:40] 👤 遍历用户仓库: dyingembers
[2026-07-11 23:59:40]   父仓库: sub-store-org/Sub-Store


[2026-07-11 23:59:43] 仓库在黑名单中: https://github.com/sub-store-org/Sub-Store[2026-07-11 23:59:43] 👤 遍历用户仓库: TheFoxKD

[2026-07-11 23:59:44]   父仓库 +0 个节点
[2026-07-11 23:59:45]   👤 用户仓库: 5 个 → 队列
[2026-07-11 23:59:45]   用户 dyingembers 共查 5 个仓库
[2026-07-11 23:59:45] 仓库 https://github.com/Walvez/glados-auto-checkin (分支: main, size: 7KB, pushed: 2026-07-11T09:50:46Z)
[2026-07-11 23:59:46] 仓库 https://github.com/Walvez/glados-auto-checkin 候选文件 4 个
[2026-07-11 23:59:47] 仓库 https://github.com/hkwx/am-tunnel 未提取到节点，加入黑名单
[2026-07-11 23:59:49]   👤 用户仓库: 30 个 → 队列
[2026-07-11 23:59:49] 仓库 https://github.com/huluma1314/ConfigForge (分支: main, size: 109KB, pushed: 2026-07-11T08:36:56Z)
[2026-07-11 23:59:49]   用户 TheFoxKD 共查 30 个仓库
[2026-07-11 23:59:50] 仓库 https://github.com/46EULER/wloc (分支: main, size: 38KB, pushed: 2026-07-11T05:45:17Z)
[2026-07-11 23:59:52]   🍴 兄弟仓库: 21 个 → 队列
[2026-07-11 23:59:54] 👤 遍历用户仓库: MrYYeung
[2026-07-11 23:59:54] 仓库 https://github.com/Walvez/glados-auto-checkin 未提取到节点，加入黑名单
[2026-07-11 23:59:54] 仓库 https://github.com/agesky/Quantumult-X (分支: main, size: 3617KB, pushed: 2026-07-11T05:33:23Z)
[2026-07-11 23:59:54] 仓库 https://github.com/46EULER/wloc 候选文件 1 个[2026-07-11 23:59:55] 仓库 https://github.com/huluma1314/ConfigForge 候选文件 12 个

[2026-07-11 23:59:57]   👤 用户仓库: 16 个 → 队列
[2026-07-11 23:59:57]   用户 MrYYeung 共查 16 个仓库
[2026-07-11 23:59:57] 仓库 https://github.com/moezx/Qure (分支: master, size: 170476KB, pushed: 2026-07-10T21:29:20Z)
[2026-07-11 23:59:57] 📄 https://raw.githubusercontent.com/huluma1314/ConfigForge/main/test/fixtures/complex-clash.yaml ✅ 解析 2 候选 → 2 个有效节点 → 去重后新增 2 个[2026-07-11 23:59:57] 📄 https://raw.githubusercontent.com/huluma1314/ConfigForge/main/test/fixtures/clash.yaml ✅ 解析 2 候选 → 2 个有效节点 → 去重后新增 2 个

[2026-07-11 23:59:57] 仓库 https://github.com/46EULER/wloc 未提取到节点，加入黑名单
[2026-07-11 23:59:58] 仓库 https://github.com/Unclasp3882/Quantumult-X (分支: master, size: 38573KB, pushed: 2026-07-10T17:07:41Z)
[2026-07-11 23:59:59] 🔗 查子仓库: huluma1314/ConfigForge
[2026-07-12 00:00:00] 🔗 开始 Fork 链追踪 (huluma1314/ConfigForge)
[2026-07-12 00:00:00] 仓库 https://github.com/agesky/Quantumult-X 候选文件 1 个
[2026-07-12 00:00:00] 👤 遍历用户仓库: huluma1314
[2026-07-12 00:00:00] 仓库 https://github.com/moezx/Qure 无候选文件 (总计 1375 blob, 扩展名过滤 1359, processed_shas 跳过 0, SHA 缓存跳过 16)
[2026-07-12 00:00:00] 🔗 查子仓库: moezx/Qure
[2026-07-12 00:00:01] 🔗 开始 Fork 链追踪 (moezx/Qure)
[2026-07-12 00:00:01]   👤 用户仓库: 20 个 → 队列
[2026-07-12 00:00:01]   用户 huluma1314 共查 20 个仓库
[2026-07-12 00:00:02] 仓库 https://github.com/Minu181/Stash (分支: main, size: 967KB, pushed: 2026-07-11T15:43:51Z)
[2026-07-12 00:00:03] 仓库 https://github.com/agesky/Quantumult-X 未提取到节点，加入黑名单[2026-07-12 00:00:03]   父仓库: Koolson/Qure
[2026-07-12 00:00:04] 仓库 https://github.com/mister-nikitos/zieng2-wl-stash (分支: main, size: 17182KB, pushed: 2026-07-11T15:41:58Z)

[2026-07-12 00:00:04] 仓库在黑名单中: https://github.com/Koolson/Qure
[2026-07-12 00:00:05]   父仓库 +0 个节点
[2026-07-12 00:00:07] README (onarai/Shadowrocket-ADBlock-Rules-Forever) 404，跳过
[2026-07-12 00:00:07] 仓库 https://github.com/onarai/Shadowrocket-ADBlock-Rules-Forever 未提取到节点，加入黑名单
[2026-07-12 00:00:07] 仓库 https://github.com/armink/Stash (分支: master, size: 20902KB, pushed: 2026-07-11T15:41:07Z)
[2026-07-12 00:00:07] 仓库 https://github.com/Minu181/Stash 候选文件 4 个
[2026-07-12 00:00:08]   🍴 兄弟仓库: 30 个 → 队列
[2026-07-12 00:00:08] 👤 遍历用户仓库: moezx
[2026-07-12 00:00:08] 仓库 https://github.com/mister-nikitos/zieng2-wl-stash 候选文件 5 个
[2026-07-12 00:00:10]   👤 用户仓库: 30 个 → 队列
[2026-07-12 00:00:10]   用户 moezx 共查 30 个仓库
[2026-07-12 00:00:10] 仓库 https://github.com/nihalxofficial/Stash---Online-Gaming-Site (分支: main, size: 9732KB, pushed: 2026-07-11T15:20:08Z)[2026-07-12 00:00:10] 仓库 https://github.com/Minu181/Stash 未提取到节点，加入黑名单

[2026-07-12 00:00:10] ⚠️ 仓库 https://github.com/eigger/stash 大小为 0，跳过
[2026-07-12 00:00:10] 仓库 https://github.com/kawaii-not-kawaii/slopper (分支: master, size: 2080KB, pushed: 2026-07-11T15:05:30Z)
[2026-07-12 00:00:13] README (boynxk/Shadowrocket-Ad-DNS-Leak-Rules) 404，跳过
[2026-07-12 00:00:13] 仓库 https://github.com/boynxk/Shadowrocket-Ad-DNS-Leak-Rules 未提取到节点，加入黑名单
[2026-07-12 00:00:13] 仓库 https://github.com/nihalxofficial/Stash---Online-Gaming-Site 候选文件 3 个
[2026-07-12 00:00:13] 仓库 https://github.com/0xAfterSnow/STASHORRA-BACKEND-ENGINEERING-ASSESSMENT (分支: main, size: 17KB, pushed: 2026-07-11T15:04:17Z)
[2026-07-12 00:00:13] 仓库 https://github.com/0xAfterSnow/STASHORRA-BACKEND-ENGINEERING-ASSESSMENT 候选文件 1 个
[2026-07-12 00:00:14] README (0xAfterSnow/STASHORRA-BACKEND-ENGINEERING-ASSESSMENT) 404，跳过
[2026-07-12 00:00:14] 仓库 https://github.com/0xAfterSnow/STASHORRA-BACKEND-ENGINEERING-ASSESSMENT 未提取到节点，加入黑名单
[2026-07-12 00:00:14] ⚠️ 仓库 https://github.com/kayzenndev/DevStash 大小为 0，跳过
[2026-07-12 00:00:14] ⚠️ 仓库 https://github.com/Sunanda-2003/git-stash 大小为 0，跳过
[2026-07-12 00:00:14] 仓库 https://github.com/init4saurabh/stashd (分支: main, size: 42KB, pushed: 2026-07-11T14:14:12Z)
[2026-07-12 00:00:15] 仓库 https://github.com/nihalxofficial/Stash---Online-Gaming-Site 未提取到节点，加入黑名单
[2026-07-12 00:00:15] 仓库 https://github.com/josfire18/tarkov-stash-helper (分支: master, size: 60KB, pushed: 2026-07-11T14:09:58Z)
[2026-07-12 00:00:16] 仓库 https://github.com/josfire18/tarkov-stash-helper 候选文件 4 个
[2026-07-12 00:00:16] 仓库 https://github.com/init4saurabh/stashd 候选文件 15 个
[2026-07-12 00:00:16] 仓库 https://github.com/Unclasp3882/Quantumult-X 无候选文件 (总计 1363 blob, 扩展名过滤 1227, processed_shas 跳过 0, SHA 缓存跳过 136)
[2026-07-12 00:00:16] 🔗 查子仓库: Unclasp3882/Quantumult-X
[2026-07-12 00:00:16] 仓库 https://github.com/kawaii-not-kawaii/slopper 候选文件较多 (174 个)，先通过 commits API 过滤
[2026-07-12 00:00:17] 仓库 https://github.com/armink/Stash 无候选文件 (总计 1206 blob, 扩展名过滤 981, processed_shas 跳过 0, SHA 缓存跳过 225)
[2026-07-12 00:00:17] 🔗 查子仓库: armink/Stash
[2026-07-12 00:00:17] 🔗 开始 Fork 链追踪 (Unclasp3882/Quantumult-X)
[2026-07-12 00:00:17] 🔗 开始 Fork 链追踪 (armink/Stash)
[2026-07-12 00:00:17]   父仓库: Semporia/Quantumult-X
[2026-07-12 00:00:17] 仓库在黑名单中: https://github.com/Semporia/Quantumult-X
[2026-07-12 00:00:17]   父仓库 +0 个节点
[2026-07-12 00:00:17] 📄 https://raw.githubusercontent.com/omaler886/mihomo_ossp_proxies/main/published/pools/github-source-raw.yaml ✅ 解析 12181 候选 → 12181 个有效节点 → 去重后新增 3163 个[2026-07-12 00:00:17]   父仓库: rawnaldclark/Stash

[2026-07-12 00:00:17] 仓库在黑名单中: https://github.com/rawnaldclark/Stash
[2026-07-12 00:00:17]   父仓库 +0 个节点
[2026-07-12 00:00:17] 🔗 查子仓库: omaler886/mihomo_ossp_proxies[2026-07-12 00:00:17] 🔗 查子仓库: lincong001/daily_free_vpn

[2026-07-12 00:00:17] README (init4saurabh/stashd) 404，跳过
[2026-07-12 00:00:17] 仓库 https://github.com/init4saurabh/stashd 未提取到节点，加入黑名单
[2026-07-12 00:00:17] 仓库 https://github.com/jw216995/Sakotos-Stash-Repo (分支: main, size: 29517KB, pushed: 2026-07-11T14:08:08Z)
[2026-07-12 00:00:17] 仓库 https://github.com/josfire18/tarkov-stash-helper 未提取到节点，加入黑名单
[2026-07-12 00:00:17] 仓库 https://github.com/ninja-con-gafas/academia (分支: master, size: 5KB, pushed: 2026-07-11T13:08:26Z)
[2026-07-12 00:00:17]   Compare API 返回 7 个变更文件 (3 次 API 调用)
[2026-07-12 00:00:17]   commits 过滤: 174 → 1 (变更文件 7 个)
[2026-07-12 00:00:17] 仓库 https://github.com/kawaii-not-kawaii/slopper 候选文件 1 个
[2026-07-12 00:00:17] 🔗 开始 Fork 链追踪 (omaler886/mihomo_ossp_proxies)[2026-07-12 00:00:17] 🔗 开始 Fork 链追踪 (lincong001/daily_free_vpn)

[2026-07-12 00:00:17] 仓库 https://github.com/ninja-con-gafas/academia 候选文件 1 个
[2026-07-12 00:00:17] 👤 遍历用户仓库: omaler886
[2026-07-12 00:00:17] 仓库 https://github.com/jw216995/Sakotos-Stash-Repo 候选文件 55 个
[2026-07-12 00:00:17] 仓库 https://github.com/kawaii-not-kawaii/slopper 未提取到节点，加入黑名单
[2026-07-12 00:00:17] 仓库 https://github.com/hehee9/prompt-stash (分支: main, size: 33KB, pushed: 2026-07-11T13:03:43Z)
[2026-07-12 00:00:17]   父仓库: cbusifabcap/daily_free_vpn
[2026-07-12 00:00:17]   🍴 兄弟仓库: 22 个 → 队列
[2026-07-12 00:00:17] 👤 遍历用户仓库: armink
[2026-07-12 00:00:18] 仓库 https://github.com/hehee9/prompt-stash 候选文件 12 个[2026-07-12 00:00:18] README (ninja-con-gafas/academia) 404，跳过

[2026-07-12 00:00:18] 🔗 查子仓库: mister-nikitos/zieng2-wl-stash
[2026-07-12 00:00:18] 仓库 https://github.com/ninja-con-gafas/academia 未提取到节点，加入黑名单
[2026-07-12 00:00:18] 仓库 https://github.com/Mafinko/mafin_ox_logs (分支: main, size: 81KB, pushed: 2026-07-11T12:44:51Z)
[2026-07-12 00:00:18] 👤 遍历用户仓库: lincong001
[2026-07-12 00:00:18]   🍴 兄弟仓库: 30 个 → 队列
[2026-07-12 00:00:18] 👤 遍历用户仓库: Unclasp3882
[2026-07-12 00:00:18] 🔗 开始 Fork 链追踪 (mister-nikitos/zieng2-wl-stash)
[2026-07-12 00:00:18] 仓库 https://github.com/jw216995/Sakotos-Stash-Repo 未提取到节点，加入黑名单
[2026-07-12 00:00:18] 仓库 https://github.com/jw216995/stash-plugins (分支: main, size: 1398KB, pushed: 2026-07-11T12:44:49Z)
[2026-07-12 00:00:18]   👤 用户仓库: 23 个 → 队列
[2026-07-12 00:00:18]   用户 omaler886 共查 23 个仓库
[2026-07-12 00:00:18] 仓库 https://github.com/x45fh56/stash_v1 (分支: main, size: 2590KB, pushed: 2026-07-11T12:28:35Z)
[2026-07-12 00:00:18] 👤 遍历用户仓库: mister-nikitos
[2026-07-12 00:00:18]   👤 用户仓库: 4 个 → 队列
[2026-07-12 00:00:18]   用户 lincong001 共查 4 个仓库
[2026-07-12 00:00:18] 仓库 https://github.com/itinybad/StashUtility (分支: main, size: 1103KB, pushed: 2026-07-11T11:38:58Z)
[2026-07-12 00:00:18]   👤 用户仓库: 30 个 → 队列
[2026-07-12 00:00:18]   用户 armink 共查 30 个仓库
[2026-07-12 00:00:18] 仓库 https://github.com/mu3issa/pbc-stash (分支: main, size: 4KB, pushed: 2026-07-11T11:19:55Z)
[2026-07-12 00:00:18] 仓库 https://github.com/hehee9/prompt-stash 未提取到节点，加入黑名单
[2026-07-12 00:00:18] 仓库 https://github.com/Pool-Of-Tears/GreenStash (分支: main, size: 26252KB, pushed: 2026-07-11T08:52:15Z)
[2026-07-12 00:00:18] 仓库 https://github.com/jw216995/stash-plugins 候选文件 32 个
[2026-07-12 00:00:18] 仓库 https://github.com/x45fh56/stash_v1 候选文件 7 个
[2026-07-12 00:00:18] 仓库 https://github.com/Mafinko/mafin_ox_logs 候选文件 2 个
[2026-07-12 00:00:18]   👤 用户仓库: 1 个 → 队列
[2026-07-12 00:00:18]   用户 mister-nikitos 共查 1 个仓库
[2026-07-12 00:00:18] 仓库 https://github.com/AnshumanDubey1999/TagStash-App (分支: main, size: 113322KB, pushed: 2026-07-11T07:29:10Z)
[2026-07-12 00:00:18] 仓库 https://github.com/mu3issa/pbc-stash 候选文件 2 个
[2026-07-12 00:00:18] 仓库 https://github.com/itinybad/StashUtility 候选文件 3 个
[2026-07-12 00:00:19]   👤 用户仓库: 30 个 → 队列
[2026-07-12 00:00:19]   用户 Unclasp3882 共查 30 个仓库
[2026-07-12 00:00:19] 仓库 https://github.com/geethasree0713/SnipStash (分支: main, size: 10KB, pushed: 2026-07-11T06:36:10Z)
[2026-07-12 00:00:19] 仓库 https://github.com/Pool-Of-Tears/GreenStash 候选文件 83 个
[2026-07-12 00:00:19] 仓库 https://github.com/AnshumanDubey1999/TagStash-App 候选文件 17 个
[2026-07-12 00:00:19] 仓库 https://github.com/Mafinko/mafin_ox_logs 未提取到节点，加入黑名单
[2026-07-12 00:00:19] 仓库 https://github.com/Gneysiff/git-stash-practice (分支: main, size: 41KB, pushed: 2026-07-11T06:28:58Z)
[2026-07-12 00:00:19] 仓库 https://github.com/geethasree0713/SnipStash 候选文件 2 个
[2026-07-12 00:00:19] README (mu3issa/pbc-stash) 404，跳过
[2026-07-12 00:00:19] 仓库 https://github.com/mu3issa/pbc-stash 未提取到节点，加入黑名单
[2026-07-12 00:00:19] ⚠️ 仓库 https://github.com/shreyaspatil9741/stash 大小为 0，跳过
[2026-07-12 00:00:19] 仓库 https://github.com/charleslucas/poe-trade-mcp (分支: master, size: 150KB, pushed: 2026-07-11T05:39:44Z)
[2026-07-12 00:00:19] 仓库 https://github.com/jw216995/stash-plugins 未提取到节点，加入黑名单
[2026-07-12 00:00:19] 仓库 https://github.com/Awais-H/Stash (分支: calendar, size: 4378KB, pushed: 2026-07-11T05:04:24Z)
[2026-07-12 00:00:19] 仓库 https://github.com/Gneysiff/git-stash-practice 候选文件 1 个[2026-07-12 00:00:19] 仓库 https://github.com/charleslucas/poe-trade-mcp 候选文件 4 个

[2026-07-12 00:00:20] 仓库 https://github.com/geethasree0713/SnipStash 未提取到节点，加入黑名单
[2026-07-12 00:00:21] 仓库 https://github.com/itinybad/StashUtility 未提取到节点，加入黑名单[2026-07-12 00:00:21] 仓库 https://github.com/Nikitamce/tab-stash (分支: master, size: 44573KB, pushed: 2026-07-11T04:24:56Z)

[2026-07-12 00:00:21] 仓库 https://github.com/AnshumanDubey1999/TagStash-App 未提取到节点，加入黑名单
[2026-07-12 00:00:21] 仓库 https://github.com/Awais-H/Stash 候选文件 24 个
[2026-07-12 00:00:21] 仓库 https://github.com/Gneysiff/git-stash-practice 未提取到节点，加入黑名单[2026-07-12 00:00:21] 仓库 https://github.com/Ku00115/LootRun (分支: main, size: 590KB, pushed: 2026-07-11T02:15:18Z)[2026-07-12 00:00:21] 仓库 https://github.com/Dithilli/stash (分支: main, size: 42546KB, pushed: 2026-07-11T00:48:54Z)


[2026-07-12 00:00:22] 仓库 https://github.com/Nikitamce/tab-stash 候选文件 32 个
[2026-07-12 00:00:22] 仓库 https://github.com/ouj/skills (分支: main, size: 71KB, pushed: 2026-07-11T00:02:31Z)
[2026-07-12 00:00:22] 仓库 https://github.com/charleslucas/poe-trade-mcp 未提取到节点，加入黑名单
[2026-07-12 00:00:22] 仓库 https://github.com/Digoska/stashhunter (分支: main, size: 442KB, pushed: 2026-07-10T22:35:01Z)
[2026-07-12 00:00:22] 仓库 https://github.com/Ku00115/LootRun 候选文件较多 (128 个)，先通过 commits API 过滤[2026-07-12 00:00:22] 仓库 https://github.com/ouj/skills 候选文件 10 个

[2026-07-12 00:00:22] 📄 https://raw.githubusercontent.com/x45fh56/stash_v1/main/files/stash_grok.yaml ✅ 解析 84 候选 → 84 个有效节点 → 去重后新增 1 个
[2026-07-12 00:00:23]   仓库无 24h 前 commit（新仓库/新分支），不跳过任何文件
[2026-07-12 00:00:23]   commits API 失败，降级为直接下载
[2026-07-12 00:00:23] 仓库 https://github.com/Ku00115/LootRun 候选文件 128 个
[2026-07-12 00:00:23] 仓库 https://github.com/Digoska/stashhunter 候选文件 8 个
[2026-07-12 00:00:24] 🔗 查子仓库: x45fh56/stash_v1
[2026-07-12 00:00:24] 🔗 开始 Fork 链追踪 (x45fh56/stash_v1)
[2026-07-12 00:00:24] 👤 遍历用户仓库: x45fh56[2026-07-12 00:00:24] 仓库 https://github.com/Dithilli/stash 候选文件 10 个

[2026-07-12 00:00:25]   👤 用户仓库: 8 个 → 队列
[2026-07-12 00:00:25]   用户 x45fh56 共查 8 个仓库
[2026-07-12 00:00:25] 仓库 https://github.com/JerryCiccotti/DevStash (分支: main, size: 71KB, pushed: 2026-07-10T22:21:39Z)
[2026-07-12 00:00:26] 仓库 https://github.com/ouj/skills 未提取到节点，加入黑名单
[2026-07-12 00:00:26] 仓库 https://github.com/Abhyudit22/Stash-Go (分支: main, size: 173KB, pushed: 2026-07-10T20:48:22Z)
[2026-07-12 00:00:26] 仓库 https://github.com/JerryCiccotti/DevStash 候选文件 5 个
[2026-07-12 00:00:26] 仓库 https://github.com/Awais-H/Stash 未提取到节点，加入黑名单
[2026-07-12 00:00:26] 仓库 https://github.com/Nikitamce/tab-stash 未提取到节点，加入黑名单
[2026-07-12 00:00:26] 仓库 https://github.com/jlmarcos99/BareWT (分支: main, size: 55KB, pushed: 2026-07-11T09:50:10Z)
[2026-07-12 00:00:26] 仓库 https://github.com/projetoheranca/stashFlix (分支: main, size: 59865KB, pushed: 2026-07-10T19:43:04Z)
[2026-07-12 00:00:26] 仓库 https://github.com/Ku00115/LootRun 未提取到节点，加入黑名单
[2026-07-12 00:00:26] 仓库 https://github.com/DD-ai427/stash-kb (分支: main, size: 22KB, pushed: 2026-07-10T18:36:04Z)
[2026-07-12 00:00:26] 仓库 https://github.com/Abhyudit22/Stash-Go 候选文件 10 个
[2026-07-12 00:00:26] 仓库 https://github.com/Digoska/stashhunter 未提取到节点，加入黑名单
[2026-07-12 00:00:26] 仓库 https://github.com/quixotic1111/FunGen-AI-Powered-Funscript-Generator (分支: main, size: 19743KB, pushed: 2026-07-10T17:49:20Z)
[2026-07-12 00:00:26] 仓库 https://github.com/jlmarcos99/BareWT 候选文件 10 个
[2026-07-12 00:00:26] 仓库 https://github.com/DD-ai427/stash-kb 候选文件 12 个[2026-07-12 00:00:26] 仓库 https://github.com/projetoheranca/stashFlix 候选文件 12 个

[2026-07-12 00:00:27] 仓库 https://github.com/quixotic1111/FunGen-AI-Powered-Funscript-Generator 候选文件 16 个
[2026-07-12 00:00:27] 仓库 https://github.com/Pool-Of-Tears/GreenStash 未提取到节点，加入黑名单
[2026-07-12 00:00:27] 仓库 https://github.com/Dithilli/stash 未提取到节点，加入黑名单
[2026-07-12 00:00:27] 仓库 https://github.com/altaf-star/stashpoint (分支: master, size: 72KB, pushed: 2026-07-10T17:15:00Z)[2026-07-12 00:00:27] 仓库 https://github.com/djnewage/movement-trainer (分支: main, size: 75KB, pushed: 2026-07-10T17:04:32Z)

[2026-07-12 00:00:28] 仓库 https://github.com/altaf-star/stashpoint 候选文件 8 个
[2026-07-12 00:00:28] 仓库 https://github.com/djnewage/movement-trainer 候选文件 5 个[2026-07-12 00:00:28] 仓库 https://github.com/DD-ai427/stash-kb 未提取到节点，加入黑名单

[2026-07-12 00:00:28] 仓库 https://github.com/zhaojinze86-code/xiaoze-prompt (分支: main, size: 10KB, pushed: 2026-07-11T14:46:50Z)
[2026-07-12 00:00:28] 仓库 https://github.com/JerryCiccotti/DevStash 未提取到节点，加入黑名单
[2026-07-12 00:00:28] 仓库 https://github.com/quixotic1111/FunGen-AI-Powered-Funscript-Generator 未提取到节点，加入黑名单
[2026-07-12 00:00:28] 仓库 https://github.com/Abhyudit22/Stash-Go 未提取到节点，加入黑名单
[2026-07-12 00:00:28] 仓库 https://github.com/zhaojinze86-code/xiaoze-prompt 候选文件 5 个
[2026-07-12 00:00:28] 仓库 https://github.com/paycoder/clash-verge-rev (分支: dev, size: 76551KB, pushed: 2026-07-11T14:27:05Z)
[2026-07-12 00:00:28] 仓库 https://github.com/cdryzun/clash-verge-rev (分支: dev, size: 75274KB, pushed: 2026-07-11T13:55:39Z)
[2026-07-12 00:00:28] 仓库 https://github.com/lucienlmy/clash-verge-rev (分支: dev, size: 75259KB, pushed: 2026-07-11T12:29:47Z)
[2026-07-12 00:00:30] 仓库 https://github.com/zhaojinze86-code/xiaoze-prompt 未提取到节点，加入黑名单
[2026-07-12 00:00:30] 仓库 https://github.com/lucienlmy/clash-verge-rev 候选文件 1 个[2026-07-12 00:00:30] 仓库 https://github.com/cdryzun/clash-verge-rev 无候选文件 (总计 644 blob, 扩展名过滤 440, processed_shas 跳过 0, SHA 缓存跳过 204)

[2026-07-12 00:00:30] 仓库 https://github.com/ashurajo/clash-verge-rev (分支: dev, size: 76667KB, pushed: 2026-07-11T12:25:02Z)[2026-07-12 00:00:30] 仓库 https://github.com/djnewage/movement-trainer 未提取到节点，加入黑名单[2026-07-12 00:00:30] 🔗 查子仓库: cdryzun/clash-verge-rev


[2026-07-12 00:00:30] 仓库 https://github.com/paycoder/clash-verge-rev 无候选文件 (总计 644 blob, 扩展名过滤 440, processed_shas 跳过 0, SHA 缓存跳过 204)
[2026-07-12 00:00:30] 🔗 查子仓库: paycoder/clash-verge-rev
[2026-07-12 00:00:30] 仓库 https://github.com/KenwayLyy/clash-verge-rev (分支: dev, size: 76667KB, pushed: 2026-07-11T12:25:02Z)
[2026-07-12 00:00:30] 🔗 开始 Fork 链追踪 (cdryzun/clash-verge-rev)
[2026-07-12 00:00:30] README (projetoheranca/stashFlix) 404，跳过
[2026-07-12 00:00:30] 仓库 https://github.com/projetoheranca/stashFlix 未提取到节点，加入黑名单
[2026-07-12 00:00:30] 仓库 https://github.com/DuChen212/clash-verge-rev (分支: dev, size: 75257KB, pushed: 2026-07-11T11:07:10Z)
[2026-07-12 00:00:30] 🔗 开始 Fork 链追踪 (paycoder/clash-verge-rev)
[2026-07-12 00:00:30] 仓库 https://github.com/jlmarcos99/BareWT 未提取到节点，加入黑名单
[2026-07-12 00:00:30] 仓库 https://github.com/lucienlmy/clash-verge-rev README 含广告词，加入黑名单
[2026-07-12 00:00:30] 仓库 https://github.com/wzgpt/clash-verge-rev (分支: dev, size: 76667KB, pushed: 2026-07-11T10:10:57Z)
[2026-07-12 00:00:30] 仓库 https://github.com/dushenglong-star/clash-verge-rev (分支: dev, size: 76716KB, pushed: 2026-07-11T10:10:57Z)
[2026-07-12 00:00:30]   父仓库: clash-verge-rev/clash-verge-rev
[2026-07-12 00:00:30] 仓库在黑名单中: https://github.com/clash-verge-rev/clash-verge-rev
[2026-07-12 00:00:30]   父仓库 +0 个节点
[2026-07-12 00:00:30]   父仓库: clash-verge-rev/clash-verge-rev
[2026-07-12 00:00:30] 仓库在黑名单中: https://github.com/clash-verge-rev/clash-verge-rev
[2026-07-12 00:00:30]   父仓库 +0 个节点
[2026-07-12 00:00:30] 仓库 https://github.com/ashurajo/clash-verge-rev 无候选文件 (总计 644 blob, 扩展名过滤 440, processed_shas 跳过 1, SHA 缓存跳过 203)[2026-07-12 00:00:30] 仓库 https://github.com/KenwayLyy/clash-verge-rev 无候选文件 (总计 644 blob, 扩展名过滤 440, processed_shas 跳过 1, SHA 缓存跳过 203)

[2026-07-12 00:00:30] 🔗 查子仓库: KenwayLyy/clash-verge-rev[2026-07-12 00:00:30] 🔗 查子仓库: ashurajo/clash-verge-rev

[2026-07-12 00:00:30] 仓库 https://github.com/DuChen212/clash-verge-rev 无候选文件 (总计 648 blob, 扩展名过滤 444, processed_shas 跳过 1, SHA 缓存跳过 203)
[2026-07-12 00:00:30] 🔗 查子仓库: DuChen212/clash-verge-rev
[2026-07-12 00:00:30] 🔗 开始 Fork 链追踪 (KenwayLyy/clash-verge-rev)
[2026-07-12 00:00:30] 🔗 开始 Fork 链追踪 (ashurajo/clash-verge-rev)
[2026-07-12 00:00:30] 🔗 开始 Fork 链追踪 (DuChen212/clash-verge-rev)
[2026-07-12 00:00:30] 仓库 https://github.com/dushenglong-star/clash-verge-rev 无候选文件 (总计 648 blob, 扩展名过滤 444, processed_shas 跳过 1, SHA 缓存跳过 203)
[2026-07-12 00:00:30] 🔗 查子仓库: dushenglong-star/clash-verge-rev
[2026-07-12 00:00:30] 仓库 https://github.com/wzgpt/clash-verge-rev 无候选文件 (总计 648 blob, 扩展名过滤 444, processed_shas 跳过 1, SHA 缓存跳过 203)
[2026-07-12 00:00:30] 🔗 查子仓库: wzgpt/clash-verge-rev
[2026-07-12 00:00:30] README (altaf-star/stashpoint) 404，跳过
[2026-07-12 00:00:30] 仓库 https://github.com/altaf-star/stashpoint 未提取到节点，加入黑名单
[2026-07-12 00:00:30] 仓库 https://github.com/ahgu86/v2ray-SSR-Clash-Verge-Shadowrocke (分支: main, size: 1499KB, pushed: 2026-07-11T09:20:25Z)
[2026-07-12 00:00:30]   父仓库: clash-verge-rev/clash-verge-rev
[2026-07-12 00:00:30] 仓库在黑名单中: https://github.com/clash-verge-rev/clash-verge-rev
[2026-07-12 00:00:30]   父仓库 +0 个节点
[2026-07-12 00:00:30] 🔗 开始 Fork 链追踪 (wzgpt/clash-verge-rev)
[2026-07-12 00:00:30]   父仓库: clash-verge-rev/clash-verge-rev
[2026-07-12 00:00:30] 仓库在黑名单中: https://github.com/clash-verge-rev/clash-verge-rev
[2026-07-12 00:00:30]   父仓库 +0 个节点
[2026-07-12 00:00:30] 🔗 开始 Fork 链追踪 (dushenglong-star/clash-verge-rev)
[2026-07-12 00:00:30]   父仓库: clash-verge-rev/clash-verge-rev
[2026-07-12 00:00:30] 仓库在黑名单中: https://github.com/clash-verge-rev/clash-verge-rev
[2026-07-12 00:00:30]   父仓库 +0 个节点
[2026-07-12 00:00:30] 仓库 https://github.com/ahgu86/v2ray-SSR-Clash-Verge-Shadowrocke 候选文件 1 个
[2026-07-12 00:00:31]   父仓库: clash-verge-rev/clash-verge-rev
[2026-07-12 00:00:31] 仓库在黑名单中: https://github.com/clash-verge-rev/clash-verge-rev
[2026-07-12 00:00:31]   父仓库 +0 个节点
[2026-07-12 00:00:31]   父仓库: clash-verge-rev/clash-verge-rev
[2026-07-12 00:00:31] 仓库在黑名单中: https://github.com/clash-verge-rev/clash-verge-rev
[2026-07-12 00:00:31]   父仓库 +0 个节点
[2026-07-12 00:00:31] 📄 https://raw.githubusercontent.com/ahgu86/v2ray-SSR-Clash-Verge-Shadowrocke/main/README.md ✅ 解析 58 候选 → 58 个有效节点 → 去重后新增 1 个
[2026-07-12 00:00:31] 🔗 查子仓库: ahgu86/v2ray-SSR-Clash-Verge-Shadowrocke
[2026-07-12 00:00:31] 🔗 开始 Fork 链追踪 (ahgu86/v2ray-SSR-Clash-Verge-Shadowrocke)
[2026-07-12 00:00:31]   父仓库: John19187/v2ray-SSR-Clash-Verge-Shadowrocke
[2026-07-12 00:00:31] ⚠️ 仓库 https://github.com/John19187/v2ray-SSR-Clash-Verge-Shadowrocke 763h 未更新，废弃 → 加入黑名单
[2026-07-12 00:00:31]   父仓库 +0 个节点
[2026-07-12 00:00:32]   🍴 兄弟仓库: 30 个 → 队列
[2026-07-12 00:00:32] 👤 遍历用户仓库: cdryzun
[2026-07-12 00:00:32]   🍴 兄弟仓库: 21 个 → 队列
[2026-07-12 00:00:32] 👤 遍历用户仓库: paycoder
[2026-07-12 00:00:32] 👤 遍历用户仓库: DuChen212
[2026-07-12 00:00:32] 👤 遍历用户仓库: ashurajo
[2026-07-12 00:00:32] 👤 遍历用户仓库: KenwayLyy
[2026-07-12 00:00:32] 👤 遍历用户仓库: wzgpt
[2026-07-12 00:00:32] 👤 遍历用户仓库: dushenglong-star
[2026-07-12 00:00:32]   👤 用户仓库: 6 个 → 队列
[2026-07-12 00:00:32]   用户 wzgpt 共查 6 个仓库
[2026-07-12 00:00:32] 仓库 https://github.com/iCoobin/clash-verge-rev (分支: dev, size: 76716KB, pushed: 2026-07-11T07:49:21Z)
[2026-07-12 00:00:32]   👤 用户仓库: 4 个 → 队列
[2026-07-12 00:00:32]   用户 DuChen212 共查 4 个仓库
[2026-07-12 00:00:32] 仓库 https://github.com/superryanguo/clash-verge-rev (分支: dev, size: 76716KB, pushed: 2026-07-11T07:49:21Z)
[2026-07-12 00:00:32]   🍴 兄弟仓库: 30 个 → 队列
[2026-07-12 00:00:32] 👤 遍历用户仓库: ahgu86
[2026-07-12 00:00:32] 仓库 https://github.com/iCoobin/clash-verge-rev 无候选文件 (总计 648 blob, 扩展名过滤 444, processed_shas 跳过 1, SHA 缓存跳过 203)
[2026-07-12 00:00:32] 🔗 查子仓库: iCoobin/clash-verge-rev
[2026-07-12 00:00:33] 🔗 开始 Fork 链追踪 (iCoobin/clash-verge-rev)
[2026-07-12 00:00:33] 仓库 https://github.com/superryanguo/clash-verge-rev 无候选文件 (总计 648 blob, 扩展名过滤 444, processed_shas 跳过 1, SHA 缓存跳过 203)
[2026-07-12 00:00:33] 🔗 查子仓库: superryanguo/clash-verge-rev
[2026-07-12 00:00:33]   👤 用户仓库: 25 个 → 队列
[2026-07-12 00:00:33]   用户 KenwayLyy 共查 25 个仓库
[2026-07-12 00:00:33] 仓库 https://github.com/longcom20/clash-verge-script (分支: main, size: 45KB, pushed: 2026-07-11T06:55:40Z)
[2026-07-12 00:00:33] 🔗 开始 Fork 链追踪 (superryanguo/clash-verge-rev)
[2026-07-12 00:00:33]   父仓库: clash-verge-rev/clash-verge-rev
[2026-07-12 00:00:33] 仓库在黑名单中: https://github.com/clash-verge-rev/clash-verge-rev
[2026-07-12 00:00:33]   父仓库 +0 个节点
[2026-07-12 00:00:33] 仓库 https://github.com/longcom20/clash-verge-script 候选文件 1 个
[2026-07-12 00:00:33]   父仓库: clash-verge-rev/clash-verge-rev
[2026-07-12 00:00:33] 仓库在黑名单中: https://github.com/clash-verge-rev/clash-verge-rev
[2026-07-12 00:00:33]   父仓库 +0 个节点
[2026-07-12 00:00:33] 仓库 https://github.com/longcom20/clash-verge-script 未提取到节点，加入黑名单
[2026-07-12 00:00:33] 仓库 https://github.com/Xezun/clash-verge-rev (分支: dev, size: 75244KB, pushed: 2026-07-11T11:06:49Z)
[2026-07-12 00:00:33]   用户 ahgu86 共查 0 个仓库
[2026-07-12 00:00:33] 仓库 https://github.com/Misaka273/clash-verge-rev (分支: dev, size: 75229KB, pushed: 2026-07-11T04:39:39Z)
[2026-07-12 00:00:33]   👤 用户仓库: 30 个 → 队列
[2026-07-12 00:00:33]   用户 dushenglong-star 共查 30 个仓库
[2026-07-12 00:00:33] 仓库 https://github.com/coutcin-xw/clash-verge-rev (分支: dev, size: 75229KB, pushed: 2026-07-11T04:06:22Z)
[2026-07-12 00:00:33] 仓库 https://github.com/Xezun/clash-verge-rev 无候选文件 (总计 648 blob, 扩展名过滤 444, processed_shas 跳过 1, SHA 缓存跳过 203)
[2026-07-12 00:00:33] 🔗 查子仓库: Xezun/clash-verge-rev
[2026-07-12 00:00:33] 仓库 https://github.com/Misaka273/clash-verge-rev 无候选文件 (总计 648 blob, 扩展名过滤 444, processed_shas 跳过 0, SHA 缓存跳过 204)
[2026-07-12 00:00:33] 🔗 查子仓库: Misaka273/clash-verge-rev
[2026-07-12 00:00:33] 仓库 https://github.com/coutcin-xw/clash-verge-rev 无候选文件 (总计 648 blob, 扩展名过滤 444, processed_shas 跳过 0, SHA 缓存跳过 204)
[2026-07-12 00:00:33] 🔗 查子仓库: coutcin-xw/clash-verge-rev
[2026-07-12 00:00:33] 🔗 开始 Fork 链追踪 (Xezun/clash-verge-rev)
[2026-07-12 00:00:33]   👤 用户仓库: 30 个 → 队列
[2026-07-12 00:00:33]   用户 paycoder 共查 30 个仓库
[2026-07-12 00:00:33] 仓库 https://github.com/xb18/clash-verge-rev (分支: dev, size: 76625KB, pushed: 2026-07-11T03:57:08Z)
[2026-07-12 00:00:33] 🔗 开始 Fork 链追踪 (Misaka273/clash-verge-rev)
[2026-07-12 00:00:33] 🔗 开始 Fork 链追踪 (coutcin-xw/clash-verge-rev)
[2026-07-12 00:00:34]   父仓库: clash-verge-rev/clash-verge-rev
[2026-07-12 00:00:34] 仓库在黑名单中: https://github.com/clash-verge-rev/clash-verge-rev
[2026-07-12 00:00:34]   父仓库 +0 个节点
[2026-07-12 00:00:34]   父仓库: clash-verge-rev/clash-verge-rev
[2026-07-12 00:00:34] 仓库在黑名单中: https://github.com/clash-verge-rev/clash-verge-rev
[2026-07-12 00:00:34]   父仓库 +0 个节点
[2026-07-12 00:00:34] 仓库 https://github.com/xb18/clash-verge-rev 无候选文件 (总计 648 blob, 扩展名过滤 444, processed_shas 跳过 0, SHA 缓存跳过 204)
[2026-07-12 00:00:34] 🔗 查子仓库: xb18/clash-verge-rev
[2026-07-12 00:00:34]   父仓库: clash-verge-rev/clash-verge-rev
[2026-07-12 00:00:34] 仓库在黑名单中: https://github.com/clash-verge-rev/clash-verge-rev
[2026-07-12 00:00:34]   父仓库 +0 个节点
[2026-07-12 00:00:34] 🔗 开始 Fork 链追踪 (xb18/clash-verge-rev)
[2026-07-12 00:00:34]   👤 用户仓库: 30 个 → 队列
[2026-07-12 00:00:34]   用户 cdryzun 共查 30 个仓库
[2026-07-12 00:00:34] 仓库 https://github.com/SKLDFHIENM/clash-verge-script (分支: main, size: 45KB, pushed: 2026-07-11T02:51:05Z)
[2026-07-12 00:00:34]   父仓库: clash-verge-rev/clash-verge-rev
[2026-07-12 00:00:34] 仓库在黑名单中: https://github.com/clash-verge-rev/clash-verge-rev
[2026-07-12 00:00:34]   父仓库 +0 个节点
[2026-07-12 00:00:34] 👤 遍历用户仓库: superryanguo
[2026-07-12 00:00:34] 仓库 https://github.com/SKLDFHIENM/clash-verge-script 无候选文件 (总计 5 blob, 扩展名过滤 3, processed_shas 跳过 1, SHA 缓存跳过 1)
[2026-07-12 00:00:34] 🔗 查子仓库: SKLDFHIENM/clash-verge-script
[2026-07-12 00:00:34] 🔗 开始 Fork 链追踪 (SKLDFHIENM/clash-verge-script)
[2026-07-12 00:00:34] 👤 遍历用户仓库: iCoobin
[2026-07-12 00:00:34] 👤 遍历用户仓库: Misaka273
[2026-07-12 00:00:34] 👤 遍历用户仓库: coutcin-xw
[2026-07-12 00:00:34]   父仓库: xiaolin-007/clash-verge-script
[2026-07-12 00:00:35] ⏱️ [42/122] trojan sub pushed:>2026-07-10T15:34:46Z fork:true -language: | 93s | +3220
[2026-07-12 00:00:35]   👤 用户仓库: 18 个 → 队列
[2026-07-12 00:00:35]   用户 Misaka273 共查 18 个仓库
[2026-07-12 00:00:35] 仓库 https://github.com/CloudEngineHub/clash-verge-rev (分支: dev, size: 76579KB, pushed: 2026-07-11T01:49:03Z)
[2026-07-12 00:00:35] 👤 遍历用户仓库: Xezun
[2026-07-12 00:00:35] 仓库 https://github.com/CloudEngineHub/clash-verge-rev 无候选文件 (总计 648 blob, 扩展名过滤 444, processed_shas 跳过 0, SHA 缓存跳过 204)
[2026-07-12 00:00:35] 🔗 查子仓库: CloudEngineHub/clash-verge-rev
[2026-07-12 00:00:35] 🔗 开始 Fork 链追踪 (CloudEngineHub/clash-verge-rev)
[2026-07-12 00:00:35] 👤 遍历用户仓库: xb18
[2026-07-12 00:00:35]   👤 用户仓库: 30 个 → 队列
[2026-07-12 00:00:35]   用户 coutcin-xw 共查 30 个仓库
[2026-07-12 00:00:35] 仓库 https://github.com/jeryaiwei/clash-verge-rev (分支: dev, size: 76634KB, pushed: 2026-07-11T00:37:31Z)
[2026-07-12 00:00:35]   父仓库: clash-verge-rev/clash-verge-rev
[2026-07-12 00:00:35] 仓库在黑名单中: https://github.com/clash-verge-rev/clash-verge-rev
[2026-07-12 00:00:35]   父仓库 +0 个节点
[2026-07-12 00:00:35]   🍴 兄弟仓库: 30 个 → 队列
[2026-07-12 00:00:35] 👤 遍历用户仓库: SKLDFHIENM
[2026-07-12 00:00:36]   👤 用户仓库: 27 个 → 队列
[2026-07-12 00:00:36]   用户 Xezun 共查 27 个仓库
[2026-07-12 00:00:36] 仓库 https://github.com/guoguo310/clash-verge-rev (分支: dev, size: 76634KB, pushed: 2026-07-11T00:37:31Z)
[2026-07-12 00:00:36] 仓库 https://github.com/jeryaiwei/clash-verge-rev 无候选文件 (总计 648 blob, 扩展名过滤 444, processed_shas 跳过 0, SHA 缓存跳过 204)
[2026-07-12 00:00:36] 🔗 查子仓库: jeryaiwei/clash-verge-rev
[2026-07-12 00:00:36] 🔗 开始 Fork 链追踪 (jeryaiwei/clash-verge-rev)
[2026-07-12 00:00:36] 仓库 https://github.com/guoguo310/clash-verge-rev 无候选文件 (总计 648 blob, 扩展名过滤 444, processed_shas 跳过 0, SHA 缓存跳过 204)
[2026-07-12 00:00:36] 🔗 查子仓库: guoguo310/clash-verge-rev
[2026-07-12 00:00:36]   父仓库: clash-verge-rev/clash-verge-rev
[2026-07-12 00:00:36] 仓库在黑名单中: https://github.com/clash-verge-rev/clash-verge-rev
[2026-07-12 00:00:36]   父仓库 +0 个节点
[2026-07-12 00:00:36] 🔗 开始 Fork 链追踪 (guoguo310/clash-verge-rev)
[2026-07-12 00:00:36]   父仓库: clash-verge-rev/clash-verge-rev
[2026-07-12 00:00:36] 仓库在黑名单中: https://github.com/clash-verge-rev/clash-verge-rev
[2026-07-12 00:00:36]   父仓库 +0 个节点
[2026-07-12 00:00:37] 👤 遍历用户仓库: CloudEngineHub
[2026-07-12 00:00:37]   👤 用户仓库: 30 个 → 队列
[2026-07-12 00:00:37]   用户 SKLDFHIENM 共查 30 个仓库
[2026-07-12 00:00:37] 仓库 https://github.com/drkdeeplove/clash-verge-rev (分支: dev, size: 76634KB, pushed: 2026-07-11T00:37:31Z)
[2026-07-12 00:00:37]   👤 用户仓库: 30 个 → 队列
[2026-07-12 00:00:37]   用户 iCoobin 共查 30 个仓库
[2026-07-12 00:00:37] 仓库 https://github.com/owowo/clash-verge-rev (分支: dev, size: 76634KB, pushed: 2026-07-11T00:37:31Z)
[2026-07-12 00:00:37] 仓库 https://github.com/drkdeeplove/clash-verge-rev 无候选文件 (总计 648 blob, 扩展名过滤 444, processed_shas 跳过 0, SHA 缓存跳过 204)
[2026-07-12 00:00:37] 🔗 查子仓库: drkdeeplove/clash-verge-rev
[2026-07-12 00:00:37] 👤 遍历用户仓库: jeryaiwei
[2026-07-12 00:00:37] 🔗 开始 Fork 链追踪 (drkdeeplove/clash-verge-rev)
[2026-07-12 00:00:37] 仓库 https://github.com/owowo/clash-verge-rev 无候选文件 (总计 648 blob, 扩展名过滤 444, processed_shas 跳过 0, SHA 缓存跳过 204)
[2026-07-12 00:00:37] 🔗 查子仓库: owowo/clash-verge-rev
[2026-07-12 00:00:37] 🔗 开始 Fork 链追踪 (owowo/clash-verge-rev)
[2026-07-12 00:00:37] 👤 遍历用户仓库: guoguo310
[2026-07-12 00:00:37]   父仓库: clash-verge-rev/clash-verge-rev
[2026-07-12 00:00:37] 仓库在黑名单中: https://github.com/clash-verge-rev/clash-verge-rev
[2026-07-12 00:00:37]   父仓库 +0 个节点
[2026-07-12 00:00:37]   父仓库: clash-verge-rev/clash-verge-rev
[2026-07-12 00:00:37] 仓库在黑名单中: https://github.com/clash-verge-rev/clash-verge-rev
[2026-07-12 00:00:37]   父仓库 +0 个节点
[2026-07-12 00:00:37] ⏱️ [43/122] ss sub pushed:>2026-07-10T15:34:46Z fork:true -language:HTML | 3s | +0
[2026-07-12 00:00:38] 👤 遍历用户仓库: drkdeeplove
[2026-07-12 00:00:38] 👤 遍历用户仓库: owowo
[2026-07-12 00:00:39]   👤 用户仓库: 7 个 → 队列
[2026-07-12 00:00:39]   用户 drkdeeplove 共查 7 个仓库
[2026-07-12 00:00:39] 仓库 https://github.com/xiaolin-007/clash-verge-script (分支: main, size: 45KB, pushed: 2026-07-10T23:50:41Z)
[2026-07-12 00:00:39] 仓库 https://github.com/xiaolin-007/clash-verge-script 无候选文件 (总计 5 blob, 扩展名过滤 3, processed_shas 跳过 1, SHA 缓存跳过 1)
[2026-07-12 00:00:39] 🔗 查子仓库: xiaolin-007/clash-verge-script
[2026-07-12 00:00:39]   👤 用户仓库: 30 个 → 队列
[2026-07-12 00:00:39]   用户 guoguo310 共查 30 个仓库
[2026-07-12 00:00:39] 仓库 https://github.com/JKLOVW/clash-verge (分支: main, size: 45KB, pushed: 2026-07-10T23:50:41Z)
[2026-07-12 00:00:39] 仓库 https://github.com/JKLOVW/clash-verge 无候选文件 (总计 5 blob, 扩展名过滤 3, processed_shas 跳过 1, SHA 缓存跳过 1)
[2026-07-12 00:00:39] 🔗 查子仓库: JKLOVW/clash-verge
[2026-07-12 00:00:39] 🔗 开始 Fork 链追踪 (JKLOVW/clash-verge)
[2026-07-12 00:00:39]   父仓库: xiaolin-007/clash-verge-script
[2026-07-12 00:00:39]   🍴 子仓库: 27 个 → 队列
[2026-07-12 00:00:39] 🔗 开始 Fork 链追踪 (xiaolin-007/clash-verge-script)
[2026-07-12 00:00:39] 👤 遍历用户仓库: xiaolin-007
[2026-07-12 00:00:40]   👤 用户仓库: 7 个 → 队列
[2026-07-12 00:00:40]   用户 xiaolin-007 共查 7 个仓库
[2026-07-12 00:00:40] 仓库 https://github.com/ddasdsadas4343/clash-verge-rev (分支: dev, size: 76631KB, pushed: 2026-07-10T20:59:04Z)
[2026-07-12 00:00:40] 仓库 https://github.com/ddasdsadas4343/clash-verge-rev 无候选文件 (总计 648 blob, 扩展名过滤 444, processed_shas 跳过 0, SHA 缓存跳过 204)
[2026-07-12 00:00:40] 🔗 查子仓库: ddasdsadas4343/clash-verge-rev
[2026-07-12 00:00:40]   👤 用户仓库: 30 个 → 队列
[2026-07-12 00:00:40]   用户 owowo 共查 30 个仓库
[2026-07-12 00:00:40] 仓库 https://github.com/chsoul/clash-verge-rev (分支: dev, size: 75220KB, pushed: 2026-07-10T17:48:40Z)
[2026-07-12 00:00:40] 🔗 开始 Fork 链追踪 (ddasdsadas4343/clash-verge-rev)
[2026-07-12 00:00:40] 👤 遍历用户仓库: JKLOVW
[2026-07-12 00:00:40] 仓库 https://github.com/chsoul/clash-verge-rev 无候选文件 (总计 648 blob, 扩展名过滤 444, processed_shas 跳过 0, SHA 缓存跳过 204)
[2026-07-12 00:00:40] 🔗 查子仓库: chsoul/clash-verge-rev
[2026-07-12 00:00:40]   父仓库: clash-verge-rev/clash-verge-rev
[2026-07-12 00:00:40] 仓库在黑名单中: https://github.com/clash-verge-rev/clash-verge-rev
[2026-07-12 00:00:40]   父仓库 +0 个节点
[2026-07-12 00:00:40] 🔗 开始 Fork 链追踪 (chsoul/clash-verge-rev)
[2026-07-12 00:00:40]   👤 用户仓库: 30 个 → 队列
[2026-07-12 00:00:40]   用户 ashurajo 共查 30 个仓库
[2026-07-12 00:00:40] 仓库 https://github.com/wheakerd/clash-verge-rev (分支: dev, size: 76579KB, pushed: 2026-07-10T17:44:45Z)
[2026-07-12 00:00:40] ⏱️ [44/122] ssr sub pushed:>2026-07-10T15:34:46Z fork:true -language:HTM | 3s | +0
[2026-07-12 00:00:40]   👤 用户仓库: 8 个 → 队列
[2026-07-12 00:00:40]   用户 JKLOVW 共查 8 个仓库
[2026-07-12 00:00:40] 仓库 https://github.com/chaoduzj/V2RayAutoConfig (分支: main, size: 11654375KB, pushed: 2026-07-11T15:48:54Z)
[2026-07-12 00:00:40]   👤 用户仓库: 30 个 → 队列
[2026-07-12 00:00:40]   用户 jeryaiwei 共查 30 个仓库
[2026-07-12 00:00:40] 仓库 https://github.com/Argh94/V2RayAutoConfig (分支: main, size: 11606687KB, pushed: 2026-07-11T15:44:54Z)
[2026-07-12 00:00:41]   父仓库: clash-verge-rev/clash-verge-rev
[2026-07-12 00:00:41] 仓库在黑名单中: https://github.com/clash-verge-rev/clash-verge-rev
[2026-07-12 00:00:41]   父仓库 +0 个节点
[2026-07-12 00:00:41] 仓库 https://github.com/wheakerd/clash-verge-rev 无候选文件 (总计 648 blob, 扩展名过滤 444, processed_shas 跳过 0, SHA 缓存跳过 204)
[2026-07-12 00:00:41] 🔗 查子仓库: wheakerd/clash-verge-rev
[2026-07-12 00:00:41] 仓库 https://github.com/chaoduzj/V2RayAutoConfig 候选文件 81 个
[2026-07-12 00:00:41] 仓库 https://github.com/Argh94/V2RayAutoConfig 候选文件 4 个
[2026-07-12 00:00:41] 🔗 开始 Fork 链追踪 (wheakerd/clash-verge-rev)
[2026-07-12 00:00:41] 📄 https://raw.githubusercontent.com/chaoduzj/V2RayAutoConfig/main/configs/Australia.txt ✅ 解析 57 候选 → 57 个有效节点 → 去重后新增 1 个
[2026-07-12 00:00:41] 📄 https://raw.githubusercontent.com/chaoduzj/V2RayAutoConfig/main/configs/Brazil.txt ✅ 解析 13 候选 → 13 个有效节点 → 去重后新增 2 个
[2026-07-12 00:00:41] 📄 https://raw.githubusercontent.com/chaoduzj/V2RayAutoConfig/main/configs/Canada.txt ✅ 解析 333 候选 → 333 个有效节点 → 去重后新增 3 个
[2026-07-12 00:00:41] 📄 https://raw.githubusercontent.com/chaoduzj/V2RayAutoConfig/main/configs/Czechia.txt ✅ 解析 29 候选 → 29 个有效节点 → 去重后新增 1 个
[2026-07-12 00:00:41]   父仓库: clash-verge-rev/clash-verge-rev[2026-07-12 00:00:41] 📄 https://raw.githubusercontent.com/chaoduzj/V2RayAutoConfig/main/configs/India.txt ✅ 解析 26 候选 → 26 个有效节点 → 去重后新增 1 个

[2026-07-12 00:00:41] 📄 https://raw.githubusercontent.com/chaoduzj/V2RayAutoConfig/main/configs/Italy.txt ✅ 解析 57 候选 → 57 个有效节点 → 去重后新增 1 个[2026-07-12 00:00:41] 仓库在黑名单中: https://github.com/clash-verge-rev/clash-verge-rev[2026-07-12 00:00:41] 📄 https://raw.githubusercontent.com/chaoduzj/V2RayAutoConfig/main/configs/Indonesia.txt ✅ 解析 113 候选 → 113 个有效节点 → 去重后新增 6 个


[2026-07-12 00:00:41] 📄 https://raw.githubusercontent.com/chaoduzj/V2RayAutoConfig/main/configs/Iran.txt ✅ 解析 160 候选 → 160 个有效节点 → 去重后新增 11 个[2026-07-12 00:00:41]   父仓库 +17 个节点[2026-07-12 00:00:41] 📄 https://raw.githubusercontent.com/chaoduzj/V2RayAutoConfig/main/configs/Lithuania.txt ✅ 解析 27 候选 → 27 个有效节点 → 去重后新增 3 个[2026-07-12 00:00:41] 📄 https://raw.githubusercontent.com/chaoduzj/V2RayAutoConfig/main/configs/Germany.txt ✅ 解析 398 候选 → 398 个有效节点 → 去重后新增 2 个[2026-07-12 00:00:41] 📄 https://raw.githubusercontent.com/chaoduzj/V2RayAutoConfig/main/configs/Norway.txt ✅ 解析 7 候选 → 7 个有效节点 → 去重后新增 1 个




[2026-07-12 00:00:41] 📄 https://raw.githubusercontent.com/chaoduzj/V2RayAutoConfig/main/configs/Japan.txt ✅ 解析 268 候选 → 268 个有效节点 → 去重后新增 1 个
[2026-07-12 00:00:41] 📄 https://raw.githubusercontent.com/chaoduzj/V2RayAutoConfig/main/configs/France.txt ✅ 解析 301 候选 → 301 个有效节点 → 去重后新增 3 个[2026-07-12 00:00:41] 📄 https://raw.githubusercontent.com/chaoduzj/V2RayAutoConfig/main/configs/Netherlands.txt ✅ 解析 267 候选 → 267 个有效节点 → 去重后新增 1 个

[2026-07-12 00:00:42] 📄 https://raw.githubusercontent.com/chaoduzj/V2RayAutoConfig/main/configs/Samoa.txt ✅ 解析 40 候选 → 40 个有效节点 → 去重后新增 2 个
[2026-07-12 00:00:42] 📄 https://raw.githubusercontent.com/chaoduzj/V2RayAutoConfig/main/configs/Montenegro.txt ✅ 解析 357 候选 → 357 个有效节点 → 去重后新增 34 个
[2026-07-12 00:00:42] 📄 https://raw.githubusercontent.com/chaoduzj/V2RayAutoConfig/main/configs/Sweden.txt ✅ 解析 48 候选 → 48 个有效节点 → 去重后新增 1 个
[2026-07-12 00:00:42] 📄 https://raw.githubusercontent.com/chaoduzj/V2RayAutoConfig/main/configs/Seychelles.txt ✅ 解析 84 候选 → 84 个有效节点 → 去重后新增 1 个
[2026-07-12 00:00:42] 📄 https://raw.githubusercontent.com/chaoduzj/V2RayAutoConfig/main/configs/Ukraine.txt ✅ 解析 6 候选 → 6 个有效节点 → 去重后新增 1 个
[2026-07-12 00:00:42] 📄 https://raw.githubusercontent.com/chaoduzj/V2RayAutoConfig/main/configs/Singapore.txt ✅ 解析 190 候选 → 190 个有效节点 → 去重后新增 1 个
[2026-07-12 00:00:42] 📄 https://raw.githubusercontent.com/chaoduzj/V2RayAutoConfig/main/configs/UK.txt ✅ 解析 288 候选 → 288 个有效节点 → 去重后新增 2 个
[2026-07-12 00:00:42]   👤 用户仓库: 30 个 → 队列[2026-07-12 00:00:42]   👤 用户仓库: 30 个 → 队列

[2026-07-12 00:00:42]   用户 CloudEngineHub 共查 30 个仓库[2026-07-12 00:00:42]   用户 xb18 共查 30 个仓库

[2026-07-12 00:00:42] 👤 遍历用户仓库: ddasdsadas4343[2026-07-12 00:00:42] 仓库 https://github.com/happyzhoujay/V2RayAggregator (分支: master, size: 4468176KB, pushed: 2026-07-11T14:24:27Z)[2026-07-12 00:00:42] 仓库 https://github.com/HoomanGS/V2RayAutoConfig (分支: main, size: 17867167KB, pushed: 2026-07-11T15:02:37Z)


[2026-07-12 00:00:42] 👤 遍历用户仓库: chsoul
[2026-07-12 00:00:42]   用户 ddasdsadas4343 共查 0 个仓库
[2026-07-12 00:00:42] 仓库 https://github.com/chennijy/V2RayAggregator (分支: master, size: 4470777KB, pushed: 2026-07-11T14:22:47Z)[2026-07-12 00:00:42] 📄 https://raw.githubusercontent.com/chaoduzj/V2RayAutoConfig/main/configs/USA.txt ✅ 解析 2081 候选 → 2081 个有效节点 → 去重后新增 12 个

[2026-07-12 00:00:42]   👤 用户仓库: 30 个 → 队列
[2026-07-12 00:00:42]   用户 superryanguo 共查 30 个仓库
[2026-07-12 00:00:42] 仓库 https://github.com/g4384631-cmyk/V2RayAggregator (分支: master, size: 4471612KB, pushed: 2026-07-11T14:22:31Z)
[2026-07-12 00:00:42] 仓库 https://github.com/HoomanGS/V2RayAutoConfig 候选文件 36 个
[2026-07-12 00:00:43] 👤 遍历用户仓库: wheakerd
[2026-07-12 00:00:44] 仓库 https://github.com/happyzhoujay/V2RayAggregator 候选文件 11 个
[2026-07-12 00:00:44] ⏱️ [45/122] sing-box sub pushed:>2026-07-10T15:34:46Z fork:true -languag | 3s | +91
[2026-07-12 00:00:44] 仓库 https://github.com/g4384631-cmyk/V2RayAggregator 候选文件 14 个
[2026-07-12 00:00:44]   👤 用户仓库: 30 个 → 队列
[2026-07-12 00:00:44]   用户 chsoul 共查 30 个仓库
[2026-07-12 00:00:44] 仓库 https://github.com/chennijy/V2RayAggregator 候选文件 11 个[2026-07-12 00:00:44] 仓库 https://github.com/rostamimohammadamin8-dot/V2RayAggregator (分支: master, size: 4470416KB, pushed: 2026-07-11T14:22:17Z)

[2026-07-12 00:00:44]   👤 用户仓库: 30 个 → 队列
[2026-07-12 00:00:44]   用户 wheakerd 共查 30 个仓库
[2026-07-12 00:00:44] 仓库 https://github.com/lzban8/V2RayAggregator (分支: master, size: 4474580KB, pushed: 2026-07-11T14:19:57Z)
[2026-07-12 00:00:46] ⏱️ [46/122] hysteria sub pushed:>2026-07-10T15:34:46Z fork:true -languag | 3s | +0
[2026-07-12 00:00:47] 仓库 https://github.com/rostamimohammadamin8-dot/V2RayAggregator 候选文件 11 个
[2026-07-12 00:00:47] 仓库 https://github.com/lzban8/V2RayAggregator 候选文件 11 个
[2026-07-12 00:00:49] ⏱️ [47/122] tuic sub pushed:>2026-07-10T15:34:46Z fork:true -language:HT | 3s | +0
[2026-07-12 00:00:53] ⏱️ [48/122] sub list pushed:>2026-07-10T15:34:46Z fork:true -language:HT | 4s | +0
[2026-07-12 00:01:42] 📄 https://raw.githubusercontent.com/g4384631-cmyk/V2RayAggregator/master/sub/sub_merge_base64.txt ✅ 解析 4978 候选 → 4978 个有效节点 → 去重后新增 2 个
[2026-07-12 00:01:42] 🔗 查子仓库: happyzhoujay/V2RayAggregator
[2026-07-12 00:01:43] 🔗 开始 Fork 链追踪 (happyzhoujay/V2RayAggregator)
[2026-07-12 00:01:44]   父仓库: mahdibland/V2RayAggregator[2026-07-12 00:01:44] 🔗 查子仓库: g4384631-cmyk/V2RayAggregator

[2026-07-12 00:01:45] 🔗 开始 Fork 链追踪 (g4384631-cmyk/V2RayAggregator)
[2026-07-12 00:01:46]   父仓库: mahdibland/V2RayAggregator
[2026-07-12 00:01:47] 🔗 查子仓库: rostamimohammadamin8-dot/V2RayAggregator
[2026-07-12 00:01:47] 🔗 查子仓库: chennijy/V2RayAggregator
[2026-07-12 00:01:48]   🍴 兄弟仓库: 22 个 → 队列[2026-07-12 00:01:48] 🔗 开始 Fork 链追踪 (rostamimohammadamin8-dot/V2RayAggregator)

[2026-07-12 00:01:48] 👤 遍历用户仓库: g4384631-cmyk[2026-07-12 00:01:48] 🔗 开始 Fork 链追踪 (chennijy/V2RayAggregator)[2026-07-12 00:01:48] 👤 遍历用户仓库: happyzhoujay


[2026-07-12 00:01:49]   父仓库: mahdibland/V2RayAggregator[2026-07-12 00:01:49]   父仓库: mahdibland/V2RayAggregator

[2026-07-12 00:01:49]   用户 g4384631-cmyk 共查 0 个仓库
[2026-07-12 00:01:49] 仓库 https://github.com/georip/V2RayAggregator (分支: master, size: 4468832KB, pushed: 2026-07-11T14:00:54Z)
[2026-07-12 00:01:51]   👤 用户仓库: 30 个 → 队列
[2026-07-12 00:01:51]   用户 happyzhoujay 共查 30 个仓库[2026-07-12 00:01:51] 🔗 查子仓库: lzban8/V2RayAggregator

[2026-07-12 00:01:51] 仓库 https://github.com/Bulichrun/V2RayAggregator (分支: master, size: 4475099KB, pushed: 2026-07-11T13:57:48Z)
[2026-07-12 00:01:51] 🔗 开始 Fork 链追踪 (lzban8/V2RayAggregator)
[2026-07-12 00:01:51] 👤 遍历用户仓库: chennijy
[2026-07-12 00:01:52] 👤 遍历用户仓库: rostamimohammadamin8-dot
[2026-07-12 00:01:52]   父仓库: mahdibland/V2RayAggregator
[2026-07-12 00:01:52]   👤 用户仓库: 2 个 → 队列[2026-07-12 00:01:52] 仓库 https://github.com/georip/V2RayAggregator 候选文件 11 个

[2026-07-12 00:01:53]   用户 rostamimohammadamin8-dot 共查 2 个仓库
[2026-07-12 00:01:53] 仓库 https://github.com/hofccyf/V2RayAggregator (分支: master, size: 4474267KB, pushed: 2026-07-11T13:56:49Z)
[2026-07-12 00:01:53]   👤 用户仓库: 19 个 → 队列
[2026-07-12 00:01:53]   用户 chennijy 共查 19 个仓库
[2026-07-12 00:01:53] 仓库 https://github.com/tonnyinfo/V2RayAggregator (分支: master, size: 4475032KB, pushed: 2026-07-11T13:55:44Z)
[2026-07-12 00:01:55] 仓库 https://github.com/Bulichrun/V2RayAggregator 候选文件 11 个[2026-07-12 00:01:55] 👤 遍历用户仓库: lzban8

[2026-07-12 00:01:57] 仓库 https://github.com/hofccyf/V2RayAggregator 候选文件 12 个
[2026-07-12 00:01:58] 仓库 https://github.com/tonnyinfo/V2RayAggregator 候选文件 11 个
[2026-07-12 00:01:58]   👤 用户仓库: 30 个 → 队列
[2026-07-12 00:01:58]   用户 lzban8 共查 30 个仓库
[2026-07-12 00:01:59] 仓库 https://github.com/lingsha2024/V2RayAggregator (分支: master, size: 4486342KB, pushed: 2026-07-11T13:49:12Z)
[2026-07-12 00:02:07] 仓库 https://github.com/lingsha2024/V2RayAggregator 候选文件 11 个
[2026-07-12 00:03:18] 📦 批次 0033 已持久化: /home/runner/work/test-college/test-college/batches/no_batch_0033.txt (5089 个节点, 累计 167708 个)
[2026-07-12 00:03:21] SHA 缓存已保存: 1159330 条, 2 分片
[2026-07-12 00:03:22] 🔗 查子仓库: lingsha2024/V2RayAggregator
[2026-07-12 00:03:22] 🔗 查子仓库: georip/V2RayAggregator
[2026-07-12 00:03:22] 🔗 查子仓库: tonnyinfo/V2RayAggregator
[2026-07-12 00:03:22] 🔗 查子仓库: Bulichrun/V2RayAggregator
[2026-07-12 00:03:22] 🔗 查子仓库: hofccyf/V2RayAggregator
[2026-07-12 00:03:22] 🔗 开始 Fork 链追踪 (lingsha2024/V2RayAggregator)
[2026-07-12 00:03:22] 🔗 开始 Fork 链追踪 (georip/V2RayAggregator)
[2026-07-12 00:03:22] 🔗 开始 Fork 链追踪 (Bulichrun/V2RayAggregator)
[2026-07-12 00:03:22] 🔗 开始 Fork 链追踪 (tonnyinfo/V2RayAggregator)
[2026-07-12 00:03:23] 🔗 开始 Fork 链追踪 (hofccyf/V2RayAggregator)
[2026-07-12 00:03:23]   父仓库: mahdibland/V2RayAggregator
[2026-07-12 00:03:23]   父仓库: mahdibland/V2RayAggregator
[2026-07-12 00:03:23]   父仓库: mahdibland/V2RayAggregator
[2026-07-12 00:03:23]   父仓库: mahdibland/V2RayAggregator
[2026-07-12 00:03:23]   父仓库: mahdibland/V2RayAggregator
[2026-07-12 00:03:23] 👤 遍历用户仓库: Bulichrun
[2026-07-12 00:03:23] 👤 遍历用户仓库: georip
[2026-07-12 00:03:23] 👤 遍历用户仓库: lingsha2024
[2026-07-12 00:03:23] 👤 遍历用户仓库: hofccyf
[2026-07-12 00:03:23] 👤 遍历用户仓库: tonnyinfo
[2026-07-12 00:03:23] 📄 https://raw.githubusercontent.com/HoomanGS/V2RayAutoConfig/main/configs/Vless.txt ✅ 解析 18401 候选 → 18401 个有效节点 → 去重后新增 7 个
[2026-07-12 00:03:23]   用户 Bulichrun 共查 0 个仓库
[2026-07-12 00:03:23] 仓库 https://github.com/teddy4556/V2RayAggregator (分支: master, size: 4477351KB, pushed: 2026-07-11T13:47:42Z)
[2026-07-12 00:03:23] 📄 https://raw.githubusercontent.com/chaoduzj/V2RayAutoConfig/main/configs/ShadowSocks.txt ✅ 解析 21084 候选 → 21084 个有效节点 → 去重后新增 5645 个
[2026-07-12 00:03:23] 🔗 查子仓库: chaoduzj/V2RayAutoConfig
[2026-07-12 00:03:23] 📄 https://raw.githubusercontent.com/Argh94/V2RayAutoConfig/main/configs/ShadowSocks.txt ✅ 解析 21088 候选 → 21088 个有效节点 → 去重后新增 11 个[2026-07-12 00:03:23] 📄 https://raw.githubusercontent.com/HoomanGS/V2RayAutoConfig/main/configs/ShadowSocks.txt ✅ 解析 21080 候选 → 21080 个有效节点 → 去重后新增 57 个

[2026-07-12 00:03:23] 🔗 查子仓库: HoomanGS/V2RayAutoConfig
[2026-07-12 00:03:24] 🔗 开始 Fork 链追踪 (HoomanGS/V2RayAutoConfig)
[2026-07-12 00:03:24] 🔗 开始 Fork 链追踪 (chaoduzj/V2RayAutoConfig)
[2026-07-12 00:03:24]   👤 用户仓库: 9 个 → 队列
[2026-07-12 00:03:24]   用户 lingsha2024 共查 9 个仓库
[2026-07-12 00:03:24] 仓库 https://github.com/jansonlily501-beep/V2RayAggregator (分支: master, size: 4354136KB, pushed: 2026-07-11T13:46:14Z)
[2026-07-12 00:03:24]   父仓库: Argh94/V2RayAutoConfig
[2026-07-12 00:03:24]   父仓库: Argh94/V2RayAutoConfig
[2026-07-12 00:03:24] 仓库 https://github.com/teddy4556/V2RayAggregator 候选文件 11 个
[2026-07-12 00:03:25] 仓库 https://github.com/jansonlily501-beep/V2RayAggregator 候选文件 2 个
[2026-07-12 00:03:25] 📄 https://raw.githubusercontent.com/jansonlily501-beep/V2RayAggregator/master/README.md ✅ 解析 383 候选 → 383 个有效节点 → 去重后新增 9 个
[2026-07-12 00:03:25]   🍴 兄弟仓库: 30 个 → 队列
[2026-07-12 00:03:25]   🍴 兄弟仓库: 25 个 → 队列[2026-07-12 00:03:25] 👤 遍历用户仓库: chaoduzj

[2026-07-12 00:03:25] 👤 遍历用户仓库: HoomanGS
[2026-07-12 00:03:25]   👤 用户仓库: 30 个 → 队列
[2026-07-12 00:03:26]   用户 tonnyinfo 共查 30 个仓库
[2026-07-12 00:03:26] 仓库 https://github.com/PoliakovaAN/V2RayAggregator (分支: master, size: 4504233KB, pushed: 2026-07-11T13:40:42Z)
[2026-07-12 00:03:26]   👤 用户仓库: 21 个 → 队列
[2026-07-12 00:03:26]   用户 HoomanGS 共查 21 个仓库
[2026-07-12 00:03:26] 仓库 https://github.com/googva/V2RayAggregator (分支: master, size: 4491072KB, pushed: 2026-07-11T13:33:27Z)
[2026-07-12 00:03:27]   👤 用户仓库: 30 个 → 队列
[2026-07-12 00:03:27]   用户 hofccyf 共查 30 个仓库
[2026-07-12 00:03:27] 仓库 https://github.com/reza-ghaderi/V2RayAggregator (分支: master, size: 4495956KB, pushed: 2026-07-11T13:30:00Z)
[2026-07-12 00:03:28] 仓库 https://github.com/PoliakovaAN/V2RayAggregator 候选文件 13 个
[2026-07-12 00:03:29]   👤 用户仓库: 30 个 → 队列
[2026-07-12 00:03:29]   用户 georip 共查 30 个仓库
[2026-07-12 00:03:29] 仓库 https://github.com/redgame3/V2RayAggregator (分支: master, size: 4488794KB, pushed: 2026-07-11T13:25:02Z)
[2026-07-12 00:03:32] 仓库 https://github.com/googva/V2RayAggregator 候选文件 11 个
[2026-07-12 00:03:32] 仓库 https://github.com/reza-ghaderi/V2RayAggregator 候选文件 11 个
[2026-07-12 00:03:35]   👤 用户仓库: 18 个 → 队列
[2026-07-12 00:03:36]   用户 chaoduzj 共查 18 个仓库
[2026-07-12 00:03:36] 仓库 https://github.com/xihaoduo/V2RayAggregator (分支: master, size: 4505164KB, pushed: 2026-07-11T13:23:47Z)
[2026-07-12 00:04:18] 仓库 https://github.com/redgame3/V2RayAggregator 候选文件 12 个
[2026-07-12 00:04:18] 仓库 https://github.com/xihaoduo/V2RayAggregator 候选文件 12 个
[2026-07-12 00:04:49] 🔗 查子仓库: jansonlily501-beep/V2RayAggregator
[2026-07-12 00:04:49] 🔗 查子仓库: PoliakovaAN/V2RayAggregator
[2026-07-12 00:04:49] 📄 https://raw.githubusercontent.com/reza-ghaderi/V2RayAggregator/master/sub/sub_merge_base64.txt ✅ 解析 4977 候选 → 4977 个有效节点 → 去重后新增 1 个
[2026-07-12 00:04:49] 🔗 查子仓库: reza-ghaderi/V2RayAggregator
[2026-07-12 00:04:49] 🔗 查子仓库: teddy4556/V2RayAggregator
[2026-07-12 00:04:49] 🔗 查子仓库: googva/V2RayAggregator
[2026-07-12 00:04:49] 📄 https://raw.githubusercontent.com/xihaoduo/V2RayAggregator/master/sub/sub_merge_base64.txt ✅ 解析 4977 候选 → 4977 个有效节点 → 去重后新增 1 个
[2026-07-12 00:04:49] 🔗 开始 Fork 链追踪 (jansonlily501-beep/V2RayAggregator)
[2026-07-12 00:04:49] 🔗 开始 Fork 链追踪 (PoliakovaAN/V2RayAggregator)
[2026-07-12 00:04:49] 🔗 查子仓库: redgame3/V2RayAggregator
[2026-07-12 00:04:49] 🔗 开始 Fork 链追踪 (reza-ghaderi/V2RayAggregator)
[2026-07-12 00:04:49] 🔗 查子仓库: Argh94/V2RayAutoConfig[2026-07-12 00:04:49] 🔗 开始 Fork 链追踪 (teddy4556/V2RayAggregator)[2026-07-12 00:04:49] 🔗 开始 Fork 链追踪 (googva/V2RayAggregator)


[2026-07-12 00:04:49] 🔗 查子仓库: xihaoduo/V2RayAggregator
[2026-07-12 00:04:49]   父仓库: mahdibland/V2RayAggregator
[2026-07-12 00:04:49]   父仓库: mahdibland/V2RayAggregator
[2026-07-12 00:04:49] 🔗 开始 Fork 链追踪 (redgame3/V2RayAggregator)
[2026-07-12 00:04:49] 🔗 开始 Fork 链追踪 (xihaoduo/V2RayAggregator)
[2026-07-12 00:04:49]   父仓库: mahdibland/V2RayAggregator
[2026-07-12 00:04:49]   父仓库: mahdibland/V2RayAggregator
[2026-07-12 00:04:49]   父仓库: mahdibland/V2RayAggregator
[2026-07-12 00:04:49]   父仓库: mahdibland/V2RayAggregator
[2026-07-12 00:04:49]   父仓库: mahdibland/V2RayAggregator
[2026-07-12 00:04:50] 🔗 开始 Fork 链追踪 (Argh94/V2RayAutoConfig)
[2026-07-12 00:04:50] 👤 遍历用户仓库: jansonlily501-beep
[2026-07-12 00:04:50] 👤 遍历用户仓库: PoliakovaAN
[2026-07-12 00:04:50] 👤 遍历用户仓库: Argh94
[2026-07-12 00:04:50] 👤 遍历用户仓库: teddy4556
[2026-07-12 00:04:50] 👤 遍历用户仓库: reza-ghaderi
[2026-07-12 00:04:50] 👤 遍历用户仓库: googva
[2026-07-12 00:04:50] 👤 遍历用户仓库: xihaoduo
[2026-07-12 00:04:50]   用户 jansonlily501-beep 共查 0 个仓库
[2026-07-12 00:04:50] 仓库 https://github.com/yuki1sntSnow/v2raya-node-rotator (分支: main, size: 87KB, pushed: 2026-07-11T09:03:27Z)
[2026-07-12 00:04:50] 👤 遍历用户仓库: redgame3
[2026-07-12 00:04:50]   用户 googva 共查 0 个仓库
[2026-07-12 00:04:50] 仓库 https://github.com/mrdevmohamed/V2RayAggregator (分支: master, size: 4462644KB, pushed: 2026-07-11T08:28:57Z)
[2026-07-12 00:04:50]   👤 用户仓库: 2 个 → 队列
[2026-07-12 00:04:50]   用户 reza-ghaderi 共查 2 个仓库
[2026-07-12 00:04:50] 仓库 https://github.com/chaoduzj/V2RayAggregator (分支: master, size: 4472467KB, pushed: 2026-07-11T07:36:10Z)
[2026-07-12 00:04:50]   👤 用户仓库: 1 个 → 队列
[2026-07-12 00:04:50]   用户 redgame3 共查 1 个仓库
[2026-07-12 00:04:50] 仓库 https://github.com/bbylw/V2RayAggregator (分支: master, size: 4471758KB, pushed: 2026-07-11T07:29:07Z)
[2026-07-12 00:04:50] 仓库 https://github.com/yuki1sntSnow/v2raya-node-rotator 候选文件 5 个
[2026-07-12 00:04:50]   👤 用户仓库: 7 个 → 队列
[2026-07-12 00:04:50]   用户 xihaoduo 共查 7 个仓库
[2026-07-12 00:04:50] 仓库 https://github.com/hyqzj2000/V2RayAggregator (分支: master, size: 4471758KB, pushed: 2026-07-11T06:08:08Z)
[2026-07-12 00:04:50] 仓库 https://github.com/mrdevmohamed/V2RayAggregator 候选文件 22 个
[2026-07-12 00:04:50]   👤 用户仓库: 17 个 → 队列
[2026-07-12 00:04:50]   用户 PoliakovaAN 共查 17 个仓库
[2026-07-12 00:04:50] 仓库 https://github.com/googbad/V2RayAggregator (分支: master, size: 4471758KB, pushed: 2026-07-11T05:40:21Z)
[2026-07-12 00:04:50] 仓库 https://github.com/chaoduzj/V2RayAggregator 候选文件 14 个
[2026-07-12 00:04:52] 仓库 https://github.com/yuki1sntSnow/v2raya-node-rotator 未提取到节点，加入黑名单
[2026-07-12 00:04:52] 仓库 https://github.com/gaozhenxing3210/v2 (分支: main, size: 204319KB, pushed: 2026-07-11T05:06:52Z)
[2026-07-12 00:04:52] 仓库 https://github.com/bbylw/V2RayAggregator 无候选文件 (总计 1557 blob, 扩展名过滤 21, processed_shas 跳过 16, SHA 缓存跳过 1520)
[2026-07-12 00:04:52] 🔗 查子仓库: bbylw/V2RayAggregator
[2026-07-12 00:04:52] ⏱️ [49/122] sub store pushed:>2026-07-10T15:34:46Z fork:true -language:H | 239s | +5733[2026-07-12 00:04:52] 仓库 https://github.com/googbad/V2RayAggregator 无候选文件 (总计 1557 blob, 扩展名过滤 21, processed_shas 跳过 16, SHA 缓存跳过 1520)[2026-07-12 00:04:52] 仓库 https://github.com/hyqzj2000/V2RayAggregator 无候选文件 (总计 1557 blob, 扩展名过滤 21, processed_shas 跳过 16, SHA 缓存跳过 1520)

[2026-07-12 00:04:53] 🔗 开始 Fork 链追踪 (bbylw/V2RayAggregator)
[2026-07-12 00:04:53] 🔗 查子仓库: googbad/V2RayAggregator
[2026-07-12 00:04:53]   👤 用户仓库: 8 个 → 队列[2026-07-12 00:04:53] 仓库 https://github.com/gaozhenxing3210/v2 候选文件 20 个


[2026-07-12 00:04:53] 🔗 查子仓库: hyqzj2000/V2RayAggregator
[2026-07-12 00:04:53]   用户 Argh94 共查 8 个仓库
[2026-07-12 00:04:53] 仓库 https://github.com/samling-jackyjyo/V2RayAggregator (分支: master, size: 4471758KB, pushed: 2026-07-11T04:50:08Z)
[2026-07-12 00:04:53] 🔗 开始 Fork 链追踪 (googbad/V2RayAggregator)[2026-07-12 00:04:53] 🔗 开始 Fork 链追踪 (hyqzj2000/V2RayAggregator)

[2026-07-12 00:04:53]   父仓库: mahdibland/V2RayAggregator
[2026-07-12 00:04:53]   父仓库: mahdibland/V2RayAggregator
[2026-07-12 00:04:53]   父仓库: mahdibland/V2RayAggregator
[2026-07-12 00:04:54] 仓库 https://github.com/gaozhenxing3210/v2 未提取到节点，加入黑名单
[2026-07-12 00:04:55] 仓库 https://github.com/Mdrzxsony/nekome (分支: main, size: 757KB, pushed: 2026-07-11T10:28:26Z)
[2026-07-12 00:04:55]   👤 用户仓库: 30 个 → 队列
[2026-07-12 00:04:55]   用户 teddy4556 共查 30 个仓库
[2026-07-12 00:04:56] 仓库 https://github.com/yishisanren/proxy-rulesets (分支: main, size: 6405KB, pushed: 2026-07-11T08:55:43Z)
[2026-07-12 00:04:56] 👤 遍历用户仓库: hyqzj2000
[2026-07-12 00:04:56] 👤 遍历用户仓库: bbylw
[2026-07-12 00:04:56] 👤 遍历用户仓库: googbad[2026-07-12 00:04:56] 仓库 https://github.com/yishisanren/proxy-rulesets 候选文件 8 个

[2026-07-12 00:04:57] 仓库 https://github.com/Mdrzxsony/nekome 候选文件 2 个
[2026-07-12 00:04:57] 仓库 https://github.com/samling-jackyjyo/V2RayAggregator 无候选文件 (总计 1557 blob, 扩展名过滤 21, processed_shas 跳过 16, SHA 缓存跳过 1520)
[2026-07-12 00:04:58] 🔗 查子仓库: samling-jackyjyo/V2RayAggregator
[2026-07-12 00:04:58] 📄 https://raw.githubusercontent.com/Mdrzxsony/nekome/main/Splash ✅ 解析 27 候选 → 27 个有效节点 → 去重后新增 26 个
[2026-07-12 00:04:58] ⏱️ [50/122] sub collection pushed:>2026-07-10T15:34:46Z fork:true -langu | 5s | +26[2026-07-12 00:04:58] 🔗 开始 Fork 链追踪 (samling-jackyjyo/V2RayAggregator)

[2026-07-12 00:04:59]   👤 用户仓库: 26 个 → 队列
[2026-07-12 00:04:59]   用户 googbad 共查 26 个仓库[2026-07-12 00:04:59] 📄 https://raw.githubusercontent.com/Mdrzxsony/nekome/main/configs ✅ 解析 98 候选 → 98 个有效节点 → 去重后新增 96 个
[2026-07-12 00:04:59]   👤 用户仓库: 30 个 → 队列
[2026-07-12 00:05:00]   父仓库: mahdibland/V2RayAggregator[2026-07-12 00:05:00] 仓库 https://github.com/cmhr0086/CCHR-Box (分支: main, size: 6092KB, pushed: 2026-07-11T08:39:23Z)[2026-07-12 00:05:00] 🔗 查子仓库: Mdrzxsony/nekome



[2026-07-12 00:05:01]   用户 hyqzj2000 共查 30 个仓库
[2026-07-12 00:05:02] 仓库 https://github.com/tgshopai/FlClash (分支: main, size: 54480KB, pushed: 2026-07-11T15:10:35Z)
[2026-07-12 00:05:02]   🍴 子仓库: 1 个 → 队列
[2026-07-12 00:05:02] 🔗 开始 Fork 链追踪 (Mdrzxsony/nekome)
[2026-07-12 00:05:03] 👤 遍历用户仓库: Mdrzxsony
[2026-07-12 00:05:05] 仓库 https://github.com/cmhr0086/CCHR-Box 候选文件 6 个
[2026-07-12 00:05:05]   👤 用户仓库: 2 个 → 队列
[2026-07-12 00:05:06]   用户 Mdrzxsony 共查 2 个仓库[2026-07-12 00:05:06] 👤 遍历用户仓库: samling-jackyjyo

[2026-07-12 00:05:06] 仓库 https://github.com/crolankawasaki/WhiteListClash-FLClashX (分支: main, size: 2834KB, pushed: 2026-07-11T14:58:29Z)
[2026-07-12 00:05:06] 仓库 https://github.com/tgshopai/FlClash 候选文件 3 个
[2026-07-12 00:05:07] 仓库 https://github.com/crolankawasaki/WhiteListClash-FLClashX 候选文件 5 个
[2026-07-12 00:05:08] 仓库 https://github.com/cmhr0086/CCHR-Box README 含广告词，加入黑名单
[2026-07-12 00:05:08] 仓库 https://github.com/xcxnig/FlClash (分支: main, size: 55560KB, pushed: 2026-07-11T14:35:18Z)
[2026-07-12 00:05:08] 仓库 https://github.com/tgshopai/FlClash 未提取到节点，加入黑名单
[2026-07-12 00:05:09] 仓库 https://github.com/wizos/FlClash (分支: main, size: 54678KB, pushed: 2026-07-11T13:00:24Z)
[2026-07-12 00:05:11] 仓库 https://github.com/xcxnig/FlClash 候选文件 10 个
[2026-07-12 00:05:11] 仓库 https://github.com/wizos/FlClash 无候选文件 (总计 686 blob, 扩展名过滤 577, processed_shas 跳过 0, SHA 缓存跳过 109)
[2026-07-12 00:05:11] 🔗 查子仓库: wizos/FlClash
[2026-07-12 00:05:11]   👤 用户仓库: 12 个 → 队列
[2026-07-12 00:05:11]   用户 bbylw 共查 12 个仓库
[2026-07-12 00:05:11] 仓库 https://github.com/jinzaizhichi/FlClash (分支: main, size: 54678KB, pushed: 2026-07-11T12:59:35Z)[2026-07-12 00:05:11] 🔗 开始 Fork 链追踪 (wizos/FlClash)

[2026-07-12 00:05:12]   父仓库: chen08209/FlClash
[2026-07-12 00:05:12] 仓库在黑名单中: https://github.com/chen08209/FlClash
[2026-07-12 00:05:12]   父仓库 +0 个节点
[2026-07-12 00:05:14]   👤 用户仓库: 30 个 → 队列
[2026-07-12 00:05:14]   用户 samling-jackyjyo 共查 30 个仓库
[2026-07-12 00:05:14] 仓库 https://github.com/chen08209/FlClash-fdroid-repo (分支: main, size: 99586KB, pushed: 2026-07-11T12:37:28Z)
[2026-07-12 00:05:14] 仓库 https://github.com/jinzaizhichi/FlClash 无候选文件 (总计 686 blob, 扩展名过滤 577, processed_shas 跳过 9, SHA 缓存跳过 100)
[2026-07-12 00:05:14] 🔗 查子仓库: jinzaizhichi/FlClash
[2026-07-12 00:05:14] 🔗 开始 Fork 链追踪 (jinzaizhichi/FlClash)
[2026-07-12 00:05:15] 仓库 https://github.com/xcxnig/FlClash 未提取到节点，加入黑名单
[2026-07-12 00:05:15] 仓库 https://github.com/ndysw/FlClash (分支: main, size: 56112KB, pushed: 2026-07-11T12:35:22Z)[2026-07-12 00:05:15] 仓库 https://github.com/chen08209/FlClash-fdroid-repo 候选文件 5 个
[2026-07-12 00:05:15]   父仓库: chen08209/FlClash

[2026-07-12 00:05:15] 仓库在黑名单中: https://github.com/chen08209/FlClash
[2026-07-12 00:05:15]   父仓库 +0 个节点
[2026-07-12 00:05:15]   🍴 兄弟仓库: 30 个 → 队列
[2026-07-12 00:05:16] 👤 遍历用户仓库: wizos
[2026-07-12 00:05:18] 📄 https://raw.githubusercontent.com/crolankawasaki/WhiteListClash-FLClashX/main/merged_flclash.yaml ✅ 解析 862 候选 → 862 个有效节点 → 去重后新增 227 个
[2026-07-12 00:05:18] 仓库 https://github.com/chen08209/FlClash-fdroid-repo 未提取到节点，加入黑名单
[2026-07-12 00:05:18] 仓库 https://github.com/oXoi/FlClash (分支: main, size: 54675KB, pushed: 2026-07-11T12:23:11Z)[2026-07-12 00:05:18] 仓库 https://github.com/ndysw/FlClash 无候选文件 (总计 686 blob, 扩展名过滤 577, processed_shas 跳过 10, SHA 缓存跳过 99)

[2026-07-12 00:05:18] 🔗 查子仓库: ndysw/FlClash
[2026-07-12 00:05:19] 🔗 开始 Fork 链追踪 (ndysw/FlClash)
[2026-07-12 00:05:19]   🍴 兄弟仓库: 22 个 → 队列
[2026-07-12 00:05:19] 👤 遍历用户仓库: jinzaizhichi
[2026-07-12 00:05:19]   父仓库: chen08209/FlClash
[2026-07-12 00:05:19] 仓库在黑名单中: https://github.com/chen08209/FlClash
[2026-07-12 00:05:19]   父仓库 +0 个节点
[2026-07-12 00:05:19] 🔗 查子仓库: mrdevmohamed/V2RayAggregator
[2026-07-12 00:05:19] 🔗 查子仓库: chaoduzj/V2RayAggregator
[2026-07-12 00:05:19] 🔗 开始 Fork 链追踪 (chaoduzj/V2RayAggregator)[2026-07-12 00:05:19] 🔗 开始 Fork 链追踪 (mrdevmohamed/V2RayAggregator)

[2026-07-12 00:05:20] 仓库 https://github.com/oXoi/FlClash 无候选文件 (总计 686 blob, 扩展名过滤 577, processed_shas 跳过 9, SHA 缓存跳过 100)
[2026-07-12 00:05:20] 🔗 查子仓库: oXoi/FlClash
[2026-07-12 00:05:20]   父仓库: mahdibland/V2RayAggregator
[2026-07-12 00:05:20]   父仓库: mahdibland/V2RayAggregator
[2026-07-12 00:05:20] 🔗 开始 Fork 链追踪 (oXoi/FlClash)
[2026-07-12 00:05:20] 👤 遍历用户仓库: ndysw
[2026-07-12 00:05:20]   父仓库: chen08209/FlClash
[2026-07-12 00:05:20] 仓库在黑名单中: https://github.com/chen08209/FlClash
[2026-07-12 00:05:21]   父仓库 +0 个节点
[2026-07-12 00:05:21] 👤 遍历用户仓库: chaoduzj
[2026-07-12 00:05:21] 👤 遍历用户仓库: mrdevmohamed
[2026-07-12 00:05:22] 👤 遍历用户仓库: oXoi[2026-07-12 00:05:22]   👤 用户仓库: 27 个 → 队列

[2026-07-12 00:05:22]   用户 mrdevmohamed 共查 27 个仓库
[2026-07-12 00:05:22] 仓库 https://github.com/joey4859/FlClash (分支: main, size: 56109KB, pushed: 2026-07-11T12:17:07Z)
[2026-07-12 00:05:24] 仓库 https://github.com/joey4859/FlClash 无候选文件 (总计 686 blob, 扩展名过滤 577, processed_shas 跳过 9, SHA 缓存跳过 100)
[2026-07-12 00:05:24] 🔗 查子仓库: joey4859/FlClash
[2026-07-12 00:05:24] 🔗 开始 Fork 链追踪 (joey4859/FlClash)
[2026-07-12 00:05:24]   父仓库: chen08209/FlClash
[2026-07-12 00:05:24] 仓库在黑名单中: https://github.com/chen08209/FlClash
[2026-07-12 00:05:24]   父仓库 +0 个节点
[2026-07-12 00:05:24]   👤 用户仓库: 30 个 → 队列
[2026-07-12 00:05:25]   用户 oXoi 共查 30 个仓库
[2026-07-12 00:05:25] 仓库 https://github.com/EbiDevSharp/FlClash (分支: main, size: 56109KB, pushed: 2026-07-11T12:12:16Z)
[2026-07-12 00:05:25]   用户 chaoduzj 共查 0 个仓库
[2026-07-12 00:05:25] 仓库 https://github.com/shug666/FlClash (分支: main, size: 54498KB, pushed: 2026-07-11T05:25:01Z)
[2026-07-12 00:05:26] 🔗 查子仓库: crolankawasaki/WhiteListClash-FLClashX
[2026-07-12 00:05:26] 仓库 https://github.com/shug666/FlClash 候选文件 4 个
[2026-07-12 00:05:26] 🔗 开始 Fork 链追踪 (crolankawasaki/WhiteListClash-FLClashX)
[2026-07-12 00:05:26] 仓库 https://github.com/EbiDevSharp/FlClash 候选文件 4 个
[2026-07-12 00:05:26]   👤 用户仓库: 30 个 → 队列
[2026-07-12 00:05:26]   用户 wizos 共查 30 个仓库
[2026-07-12 00:05:26] 仓库 https://github.com/univcorp2-ctrl/cascade-circuit (分支: main, size: 103KB, pushed: 2026-07-11T12:03:50Z)[2026-07-12 00:05:26] 👤 遍历用户仓库: joey4859

[2026-07-12 00:05:26] 👤 遍历用户仓库: crolankawasaki
[2026-07-12 00:05:27] 仓库 https://github.com/univcorp2-ctrl/cascade-circuit 候选文件 11 个
[2026-07-12 00:05:27]   👤 用户仓库: 2 个 → 队列
[2026-07-12 00:05:27]   用户 crolankawasaki 共查 2 个仓库
[2026-07-12 00:05:27] 仓库 https://github.com/big-main/chalkpicks-pro (分支: main, size: 2041KB, pushed: 2026-07-11T12:35:30Z)
[2026-07-12 00:05:27]   👤 用户仓库: 11 个 → 队列
[2026-07-12 00:05:27]   用户 joey4859 共查 11 个仓库[2026-07-12 00:05:27] 仓库 https://github.com/EbiDevSharp/FlClash 未提取到节点，加入黑名单

[2026-07-12 00:05:27] 仓库 https://github.com/shug666/FlClash 未提取到节点，加入黑名单[2026-07-12 00:05:27] 仓库 https://github.com/travis4770/ember-habit-tracker (分支: main, size: 10KB, pushed: 2026-07-11T08:46:34Z)

[2026-07-12 00:05:27] 仓库 https://github.com/mehrtat/vless-collector (分支: main, size: 4234KB, pushed: 2026-07-11T15:53:28Z)
[2026-07-12 00:05:27] 仓库 https://github.com/UIRAN23/free-vpn-subscriptions (分支: main, size: 472KB, pushed: 2026-07-11T15:45:16Z)
[2026-07-12 00:05:27] 仓库 https://github.com/big-main/chalkpicks-pro 候选文件 74 个
[2026-07-12 00:05:27] 仓库 https://github.com/UIRAN23/free-vpn-subscriptions 候选文件 15 个
[2026-07-12 00:05:27] 仓库 https://github.com/mehrtat/vless-collector 候选文件 3 个
[2026-07-12 00:05:27] 仓库 https://github.com/travis4770/ember-habit-tracker 候选文件 5 个
[2026-07-12 00:05:27] 仓库 https://github.com/univcorp2-ctrl/cascade-circuit 未提取到节点，加入黑名单
[2026-07-12 00:05:27] 仓库 https://github.com/dskim080830/barrier-free-subway (分支: main, size: 132KB, pushed: 2026-07-11T15:03:31Z)
[2026-07-12 00:05:28] 仓库 https://github.com/dskim080830/barrier-free-subway 候选文件 6 个
[2026-07-12 00:05:30] 仓库 https://github.com/travis4770/ember-habit-tracker 未提取到节点，加入黑名单
[2026-07-12 00:05:31] 仓库 https://github.com/dgshsh031-code/free-vpn-sub (分支: main, size: 4532KB, pushed: 2026-07-11T15:00:09Z)
[2026-07-12 00:05:32] 仓库 https://github.com/dgshsh031-code/free-vpn-sub 候选文件 1 个
[2026-07-12 00:05:33] 仓库 https://github.com/dskim080830/barrier-free-subway 未提取到节点，加入黑名单
[2026-07-12 00:05:33] 🔗 查子仓库: mehrtat/vless-collector
[2026-07-12 00:05:33] 仓库 https://github.com/Bors6656/free-vpn-sub (分支: master, size: 114KB, pushed: 2026-07-11T14:59:57Z)
[2026-07-12 00:05:33] 🔗 开始 Fork 链追踪 (mehrtat/vless-collector)
[2026-07-12 00:05:33]   👤 用户仓库: 30 个 → 队列
[2026-07-12 00:05:34]   用户 jinzaizhichi 共查 30 个仓库
[2026-07-12 00:05:34] 仓库 https://github.com/kooker/FreeSubsCheck (分支: main, size: 9796KB, pushed: 2026-07-11T14:49:48Z)[2026-07-12 00:05:34] 👤 遍历用户仓库: mehrtat

[2026-07-12 00:05:34] 仓库 https://github.com/Bors6656/free-vpn-sub 候选文件 1 个
[2026-07-12 00:05:34]   用户 mehrtat 共查 0 个仓库
[2026-07-12 00:05:34] 仓库 https://github.com/Nafjan/summon (分支: main, size: 202KB, pushed: 2026-07-11T14:42:00Z)
[2026-07-12 00:05:35] 🔗 查子仓库: dgshsh031-code/free-vpn-sub
[2026-07-12 00:05:35] 仓库 https://github.com/kooker/FreeSubsCheck 候选文件 6 个
[2026-07-12 00:05:35] 🔗 开始 Fork 链追踪 (dgshsh031-code/free-vpn-sub)
[2026-07-12 00:05:35] 👤 遍历用户仓库: dgshsh031-code
[2026-07-12 00:05:35] 🔗 查子仓库: Bors6656/free-vpn-sub
[2026-07-12 00:05:36] 🔗 开始 Fork 链追踪 (Bors6656/free-vpn-sub)
[2026-07-12 00:05:36]   用户 dgshsh031-code 共查 0 个仓库[2026-07-12 00:05:36] 仓库 https://github.com/Nafjan/summon 候选文件 39 个

[2026-07-12 00:05:36] 仓库 https://github.com/Ghael-V/LilyOS (分支: main, size: 181KB, pushed: 2026-07-11T13:45:46Z)
[2026-07-12 00:05:36] 👤 遍历用户仓库: Bors6656
[2026-07-12 00:05:37] 仓库 https://github.com/Ghael-V/LilyOS 候选文件 4 个
[2026-07-12 00:05:37]   👤 用户仓库: 2 个 → 队列
[2026-07-12 00:05:37]   用户 Bors6656 共查 2 个仓库
[2026-07-12 00:05:37] 仓库 https://github.com/marshall888666/free_clash_subscribe (分支: main, size: 684KB, pushed: 2026-07-11T13:08:30Z)
[2026-07-12 00:05:37]   👤 用户仓库: 30 个 → 队列
[2026-07-12 00:05:37]   用户 ndysw 共查 30 个仓库
[2026-07-12 00:05:37] 仓库 https://github.com/jmarrr/ios-submission-checklist (分支: main, size: 6KB, pushed: 2026-07-11T11:57:49Z)
[2026-07-12 00:05:38] 仓库 https://github.com/marshall888666/free_clash_subscribe 无候选文件 (总计 6 blob, 扩展名过滤 0, processed_shas 跳过 2, SHA 缓存跳过 4)
[2026-07-12 00:05:38] 🔗 查子仓库: marshall888666/free_clash_subscribe
[2026-07-12 00:05:38] 🔗 开始 Fork 链追踪 (marshall888666/free_clash_subscribe)
[2026-07-12 00:05:38] 仓库 https://github.com/Nafjan/summon 未提取到节点，加入黑名单[2026-07-12 00:05:38] 仓库 https://github.com/jmarrr/ios-submission-checklist 候选文件 5 个

[2026-07-12 00:05:38] 仓库 https://github.com/big-main/chalkpicks-pro 未提取到节点，加入黑名单
[2026-07-12 00:05:38] 仓库 https://github.com/Ghael-V/LilyOS 未提取到节点，加入黑名单
[2026-07-12 00:05:38] 仓库 https://github.com/monomono98/FREE-sub (分支: main, size: 72KB, pushed: 2026-07-11T09:23:01Z)
[2026-07-12 00:05:38] 仓库 https://github.com/chentang1127-hub/ipgeo (分支: main, size: 13351KB, pushed: 2026-07-11T09:38:25Z)
[2026-07-12 00:05:38] 👤 遍历用户仓库: marshall888666[2026-07-12 00:05:38] 仓库 https://github.com/danielmevit/vecto (分支: main, size: 316KB, pushed: 2026-07-11T07:49:23Z)

[2026-07-12 00:05:38] 📄 https://raw.githubusercontent.com/kooker/FreeSubsCheck/main/kooker.jp.txt ✅ 解析 789 候选 → 789 个有效节点 → 去重后新增 5 个
[2026-07-12 00:05:39] 🔗 查子仓库: kooker/FreeSubsCheck
[2026-07-12 00:05:39]   👤 用户仓库: 1 个 → 队列
[2026-07-12 00:05:39]   用户 marshall888666 共查 1 个仓库
[2026-07-12 00:05:39] 仓库 https://github.com/rajat397/Quant-Finance-Library (分支: main, size: 1200KB, pushed: 2026-07-11T07:20:26Z)
[2026-07-12 00:05:39] 仓库 https://github.com/monomono98/FREE-sub 候选文件 1 个
[2026-07-12 00:05:39] 仓库 https://github.com/danielmevit/vecto 候选文件 4 个
[2026-07-12 00:05:39] 🔗 查子仓库: monomono98/FREE-sub
[2026-07-12 00:05:39] 仓库 https://github.com/jmarrr/ios-submission-checklist 未提取到节点，加入黑名单[2026-07-12 00:05:39] 仓库 https://github.com/chentang1127-hub/ipgeo 候选文件 19 个

[2026-07-12 00:05:40] 🔗 开始 Fork 链追踪 (monomono98/FREE-sub)
[2026-07-12 00:05:40]   🍴 子仓库: 9 个 → 队列[2026-07-12 00:05:40] 仓库 https://github.com/KevinRangel09122/free-subscriptions-boilerplate-kit (分支: main, size: 2KB, pushed: 2026-07-11T06:13:51Z)

[2026-07-12 00:05:40] 🔗 开始 Fork 链追踪 (kooker/FreeSubsCheck)
[2026-07-12 00:05:40] 仓库 https://github.com/rajat397/Quant-Finance-Library 候选文件 9 个
[2026-07-12 00:05:40] 👤 遍历用户仓库: monomono98
[2026-07-12 00:05:40] 👤 遍历用户仓库: kooker
[2026-07-12 00:05:40] 仓库 https://github.com/KevinRangel09122/free-subscriptions-boilerplate-kit 候选文件 2 个
[2026-07-12 00:05:41]   用户 monomono98 共查 0 个仓库
[2026-07-12 00:05:41] 仓库 https://github.com/hbaktash/subgrid-marching (分支: main, size: 5064KB, pushed: 2026-07-11T05:07:57Z)
[2026-07-12 00:05:41] 仓库 https://github.com/danielmevit/vecto 未提取到节点，加入黑名单
[2026-07-12 00:05:41]   用户 kooker 共查 0 个仓库
[2026-07-12 00:05:41] 仓库 https://github.com/MrZidez/free-sub (分支: main, size: 1306KB, pushed: 2026-07-10T17:59:27Z)[2026-07-12 00:05:41] 仓库 https://github.com/Rasoolesp/rasoolesp-sub (分支: main, size: 81KB, pushed: 2026-07-11T15:56:26Z)

[2026-07-12 00:05:41] 🔗 查子仓库: UIRAN23/free-vpn-subscriptions[2026-07-12 00:05:41] 仓库 https://github.com/KevinRangel09122/free-subscriptions-boilerplate-kit 未提取到节点，加入黑名单

[2026-07-12 00:05:41] 仓库 https://github.com/akafshdouz/v2ray-sub (分支: main, size: 429KB, pushed: 2026-07-11T15:49:38Z)
[2026-07-12 00:05:41] 🔗 开始 Fork 链追踪 (UIRAN23/free-vpn-subscriptions)
[2026-07-12 00:05:41] 仓库 https://github.com/Rasoolesp/rasoolesp-sub 候选文件 1 个
[2026-07-12 00:05:41] 仓库 https://github.com/chentang1127-hub/ipgeo 未提取到节点，加入黑名单
[2026-07-12 00:05:41] 仓库 https://github.com/MrZidez/free-sub 候选文件 1 个[2026-07-12 00:05:41] 仓库 https://github.com/fifthidea/sub (分支: main, size: 45600KB, pushed: 2026-07-11T15:45:29Z)

[2026-07-12 00:05:41] 仓库 https://github.com/hbaktash/subgrid-marching 候选文件 14 个
[2026-07-12 00:05:41] 👤 遍历用户仓库: UIRAN23
[2026-07-12 00:05:41] 仓库 https://github.com/akafshdouz/v2ray-sub 候选文件 1 个
[2026-07-12 00:05:41] 🔗 查子仓库: Rasoolesp/rasoolesp-sub
[2026-07-12 00:05:42] 🔗 开始 Fork 链追踪 (Rasoolesp/rasoolesp-sub)
[2026-07-12 00:05:42] 仓库 https://github.com/fifthidea/sub 候选文件 9 个
[2026-07-12 00:05:42] 📄 https://raw.githubusercontent.com/akafshdouz/v2ray-sub/main/subscription.txt ✅ 解析 41 候选 → 41 个有效节点 → 去重后新增 1 个
[2026-07-12 00:05:42] 🔗 查子仓库: akafshdouz/v2ray-sub
[2026-07-12 00:05:42] 仓库 https://github.com/MrZidez/free-sub 未提取到节点，加入黑名单
[2026-07-12 00:05:42] 仓库 https://github.com/googledslz/V2ray-Configs_SUBS (分支: main, size: 5295344KB, pushed: 2026-07-11T15:44:44Z)
[2026-07-12 00:05:42] 👤 遍历用户仓库: Rasoolesp
[2026-07-12 00:05:42] 🔗 开始 Fork 链追踪 (akafshdouz/v2ray-sub)[2026-07-12 00:05:42] 仓库 https://github.com/hbaktash/subgrid-marching 未提取到节点，加入黑名单[2026-07-12 00:05:42]   👤 用户仓库: 15 个 → 队列


[2026-07-12 00:05:42]   用户 UIRAN23 共查 15 个仓库
[2026-07-12 00:05:42] 仓库 https://github.com/le45tx1m/SubCrawler (分支: main, size: 2224066KB, pushed: 2026-07-11T15:44:16Z)[2026-07-12 00:05:42] 仓库 https://github.com/onlymeoneme/v2ray_subs (分支: main, size: 4107KB, pushed: 2026-07-11T15:37:22Z)

[2026-07-12 00:05:42] 👤 遍历用户仓库: akafshdouz
[2026-07-12 00:05:42]   👤 用户仓库: 3 个 → 队列[2026-07-12 00:05:42] 仓库 https://github.com/googledslz/V2ray-Configs_SUBS 候选文件 10 个

[2026-07-12 00:05:42]   用户 Rasoolesp 共查 3 个仓库
[2026-07-12 00:05:42] 仓库 https://github.com/mosapase/v2ray-sub (分支: main, size: 8779KB, pushed: 2026-07-11T15:31:50Z)
[2026-07-12 00:05:43] 仓库 https://github.com/onlymeoneme/v2ray_subs 无候选文件 (总计 1 blob, 扩展名过滤 0, processed_shas 跳过 0, SHA 缓存跳过 1)[2026-07-12 00:05:43] 仓库 https://github.com/le45tx1m/SubCrawler 候选文件 6 个

[2026-07-12 00:05:43] 🔗 查子仓库: onlymeoneme/v2ray_subs
[2026-07-12 00:05:43]   👤 用户仓库: 1 个 → 队列
[2026-07-12 00:05:43]   用户 akafshdouz 共查 1 个仓库
[2026-07-12 00:05:43] 仓库 https://github.com/rasool083/v2ray-sub (分支: main, size: 162879KB, pushed: 2026-07-11T15:30:13Z)
[2026-07-12 00:05:43] 🔗 开始 Fork 链追踪 (onlymeoneme/v2ray_subs)
[2026-07-12 00:05:43] 仓库 https://github.com/mosapase/v2ray-sub 候选文件 3 个
[2026-07-12 00:05:43] 👤 遍历用户仓库: onlymeoneme
[2026-07-12 00:05:43] 仓库 https://github.com/rasool083/v2ray-sub 候选文件 1 个
[2026-07-12 00:05:43] 📄 https://raw.githubusercontent.com/mosapase/v2ray-sub/main/configs.txt ✅ 解析 135 候选 → 135 个有效节点 → 去重后新增 28 个
[2026-07-12 00:05:44]   👤 用户仓库: 11 个 → 队列
[2026-07-12 00:05:44]   用户 onlymeoneme 共查 11 个仓库
[2026-07-12 00:05:44] 仓库 https://github.com/YawStar/Proxy-Hunter (分支: main, size: 25385KB, pushed: 2026-07-11T15:21:40Z)
[2026-07-12 00:05:44] 仓库 https://github.com/rajat397/Quant-Finance-Library 未提取到节点，加入黑名单
[2026-07-12 00:05:44] 仓库 https://github.com/xinghe118/v2ray-subscription-aggregator (分支: main, size: 26512KB, pushed: 2026-07-11T14:45:46Z)
[2026-07-12 00:05:44] 仓库 https://github.com/YawStar/Proxy-Hunter 候选文件 9 个[2026-07-12 00:05:44] 🔗 查子仓库: mosapase/v2ray-sub

[2026-07-12 00:05:45] 🔗 开始 Fork 链追踪 (mosapase/v2ray-sub)
[2026-07-12 00:05:45] 仓库 https://github.com/xinghe118/v2ray-subscription-aggregator 候选文件 12 个
[2026-07-12 00:05:45] 👤 遍历用户仓库: mosapase
[2026-07-12 00:05:45]   👤 用户仓库: 3 个 → 队列
[2026-07-12 00:05:45]   用户 mosapase 共查 3 个仓库
[2026-07-12 00:05:45] 仓库 https://github.com/vmvps/sublink-worker (分支: main, size: 3418KB, pushed: 2026-07-11T14:30:14Z)
[2026-07-12 00:05:46] 🔗 查子仓库: fifthidea/sub
[2026-07-12 00:05:46] 🔗 开始 Fork 链追踪 (fifthidea/sub)
[2026-07-12 00:05:46] 仓库 https://github.com/xinghe118/v2ray-subscription-aggregator 未提取到节点，加入黑名单
[2026-07-12 00:05:46] 仓库 https://github.com/ParsaPanahi/vpn-kral (分支: main, size: 2466KB, pushed: 2026-07-11T13:44:09Z)
[2026-07-12 00:05:46] 👤 遍历用户仓库: fifthidea
[2026-07-12 00:05:47] 仓库 https://github.com/vmvps/sublink-worker 无候选文件 (总计 117 blob, 扩展名过滤 97, processed_shas 跳过 0, SHA 缓存跳过 20)
[2026-07-12 00:05:47] 🔗 查子仓库: vmvps/sublink-worker
[2026-07-12 00:05:47] 🔗 开始 Fork 链追踪 (vmvps/sublink-worker)
[2026-07-12 00:05:47] 仓库 https://github.com/ParsaPanahi/vpn-kral 候选文件 1 个
[2026-07-12 00:05:47]   👤 用户仓库: 5 个 → 队列
[2026-07-12 00:05:47]   用户 fifthidea 共查 5 个仓库
[2026-07-12 00:05:47]   父仓库: 7Sageer/sublink-worker
[2026-07-12 00:05:47] 仓库 https://github.com/wanghz/clash-get_subscribe (分支: main, size: 216KB, pushed: 2026-07-11T13:40:47Z)[2026-07-12 00:05:48] 仓库在黑名单中: https://github.com/7Sageer/sublink-worker

[2026-07-12 00:05:48]   父仓库 +0 个节点
[2026-07-12 00:05:48] 仓库 https://github.com/wanghz/clash-get_subscribe 无候选文件 (总计 60 blob, 扩展名过滤 51, processed_shas 跳过 0, SHA 缓存跳过 9)
[2026-07-12 00:05:48] 🔗 查子仓库: wanghz/clash-get_subscribe
[2026-07-12 00:05:48] 🔗 开始 Fork 链追踪 (wanghz/clash-get_subscribe)
[2026-07-12 00:05:48] 📄 https://raw.githubusercontent.com/ParsaPanahi/vpn-kral/main/kral-subs.txt ✅ 解析 34 候选 → 34 个有效节点 → 去重后新增 3 个
[2026-07-12 00:05:49]   父仓库: ermaozi/get_subscribe
[2026-07-12 00:05:49] 🔗 查子仓库: ParsaPanahi/vpn-kral
[2026-07-12 00:05:49] 🔗 开始 Fork 链追踪 (ParsaPanahi/vpn-kral)
[2026-07-12 00:05:50] 👤 遍历用户仓库: ParsaPanahi
[2026-07-12 00:05:50]   👤 用户仓库: 2 个 → 队列
[2026-07-12 00:05:50]   用户 ParsaPanahi 共查 2 个仓库
[2026-07-12 00:05:50] 仓库 https://github.com/3inker/v2ray-subscription (分支: main, size: 2741KB, pushed: 2026-07-11T13:30:37Z)
[2026-07-12 00:05:51]   🍴 兄弟仓库: 30 个 → 队列
[2026-07-12 00:05:51] 👤 遍历用户仓库: vmvps
[2026-07-12 00:05:51]   🍴 兄弟仓库: 19 个 → 队列
[2026-07-12 00:05:51] 👤 遍历用户仓库: wanghz
[2026-07-12 00:05:51] 仓库 https://github.com/3inker/v2ray-subscription 候选文件 3 个
[2026-07-12 00:05:51]   👤 用户仓库: 13 个 → 队列
[2026-07-12 00:05:51]   用户 vmvps 共查 13 个仓库
[2026-07-12 00:05:51] 仓库 https://github.com/mahdisandughdaran-sys/V2ray-sub (分支: main, size: 87608KB, pushed: 2026-07-11T13:28:45Z)
[2026-07-12 00:05:52] 📄 https://raw.githubusercontent.com/3inker/v2ray-subscription/main/subs/all_not_ru.txt ✅ 解析 268 候选 → 268 个有效节点 → 去重后新增 6 个
[2026-07-12 00:05:52] 仓库 https://github.com/mahdisandughdaran-sys/V2ray-sub 候选文件 2 个[2026-07-12 00:05:52] 🔗 查子仓库: 3inker/v2ray-subscription

[2026-07-12 00:05:52]   🍴 子仓库: 1 个 → 队列
[2026-07-12 00:05:52] 🔗 开始 Fork 链追踪 (3inker/v2ray-subscription)
[2026-07-12 00:05:53] 👤 遍历用户仓库: 3inker
[2026-07-12 00:05:53]   👤 用户仓库: 10 个 → 队列
[2026-07-12 00:05:53]   👤 用户仓库: 5 个 → 队列
[2026-07-12 00:05:53]   用户 3inker 共查 10 个仓库
[2026-07-12 00:05:54]   用户 wanghz 共查 5 个仓库
[2026-07-12 00:05:54] 仓库 https://github.com/guangxuemu/get_subscribe (分支: main, size: 3320KB, pushed: 2026-07-11T13:03:49Z)
[2026-07-12 00:05:54] 仓库 https://github.com/mehrdadmb2/V2ray_Sub (分支: main, size: 2464KB, pushed: 2026-07-11T12:57:14Z)
[2026-07-12 00:05:54] 仓库 https://github.com/mehrdadmb2/V2ray_Sub 候选文件 1 个
[2026-07-12 00:05:54] 仓库 https://github.com/guangxuemu/get_subscribe 候选文件 1 个
[2026-07-12 00:05:55] 🔗 查子仓库: mehrdadmb2/V2ray_Sub
[2026-07-12 00:05:55] 🔗 查子仓库: googledslz/V2ray-Configs_SUBS
[2026-07-12 00:05:55] 🔗 开始 Fork 链追踪 (mehrdadmb2/V2ray_Sub)
[2026-07-12 00:05:55] 🔗 开始 Fork 链追踪 (googledslz/V2ray-Configs_SUBS)
[2026-07-12 00:05:55] 🔗 查子仓库: mahdisandughdaran-sys/V2ray-sub
[2026-07-12 00:05:55] 👤 遍历用户仓库: mehrdadmb2
[2026-07-12 00:05:57] 🔗 开始 Fork 链追踪 (mahdisandughdaran-sys/V2ray-sub)
[2026-07-12 00:05:57]   父仓库: nyeinkokoaung404/V2ray-Configs
[2026-07-12 00:05:57] 仓库 https://github.com/nyeinkokoaung404/V2ray-Configs (分支: main, size: 5334720KB, pushed: 2026-07-11T16:02:59Z)
[2026-07-12 00:05:57] 👤 遍历用户仓库: mahdisandughdaran-sys
[2026-07-12 00:05:57] 仓库 https://github.com/nyeinkokoaung404/V2ray-Configs 候选文件 21 个[2026-07-12 00:05:57]   👤 用户仓库: 22 个 → 队列

[2026-07-12 00:05:57]   用户 mehrdadmb2 共查 22 个仓库
[2026-07-12 00:05:57] 仓库 https://github.com/zxmqqzz/SubCrawler (分支: main, size: 2024509KB, pushed: 2026-07-11T12:30:05Z)
[2026-07-12 00:05:58]   👤 用户仓库: 6 个 → 队列
[2026-07-12 00:05:58] 仓库 https://github.com/zxmqqzz/SubCrawler 无候选文件 (总计 75 blob, 扩展名过滤 43, processed_shas 跳过 6, SHA 缓存跳过 26)
[2026-07-12 00:05:58]   用户 mahdisandughdaran-sys 共查 6 个仓库
[2026-07-12 00:05:58] 🔗 查子仓库: zxmqqzz/SubCrawler[2026-07-12 00:05:58] 🔗 查子仓库: YawStar/Proxy-Hunter[2026-07-12 00:05:58] 仓库 https://github.com/FuaerCN/sublink-worker (分支: main, size: 3418KB, pushed: 2026-07-11T10:33:51Z)


[2026-07-12 00:05:59] 🔗 开始 Fork 链追踪 (zxmqqzz/SubCrawler)
[2026-07-12 00:06:00] 🔗 开始 Fork 链追踪 (YawStar/Proxy-Hunter)
[2026-07-12 00:06:00]   父仓库: Leon406/SubCrawler
[2026-07-12 00:06:00] 仓库 https://github.com/FuaerCN/sublink-worker 无候选文件 (总计 117 blob, 扩展名过滤 97, processed_shas 跳过 0, SHA 缓存跳过 20)
[2026-07-12 00:06:01] 🔗 查子仓库: FuaerCN/sublink-worker[2026-07-12 00:06:01] 👤 遍历用户仓库: YawStar

[2026-07-12 00:06:02] 🔗 开始 Fork 链追踪 (FuaerCN/sublink-worker)
[2026-07-12 00:06:02]   用户 YawStar 共查 0 个仓库
[2026-07-12 00:06:02] 仓库 https://github.com/rb360full/Reza_V2ray_Sub (分支: main, size: 28965KB, pushed: 2026-07-11T09:38:37Z)
[2026-07-12 00:06:02]   父仓库: 7Sageer/sublink-worker
[2026-07-12 00:06:03] 仓库在黑名单中: https://github.com/7Sageer/sublink-worker
[2026-07-12 00:06:03]   父仓库 +0 个节点
[2026-07-12 00:06:04]   🍴 兄弟仓库: 26 个 → 队列
[2026-07-12 00:06:04] 👤 遍历用户仓库: zxmqqzz
[2026-07-12 00:06:04] 仓库 https://github.com/rb360full/Reza_V2ray_Sub 候选文件 8 个
[2026-07-12 00:06:05]   👤 用户仓库: 29 个 → 队列
[2026-07-12 00:06:05]   用户 zxmqqzz 共查 29 个仓库
[2026-07-12 00:06:05] 仓库 https://github.com/Cycle1997/sublink-worker (分支: main, size: 3418KB, pushed: 2026-07-11T09:37:40Z)
[2026-07-12 00:06:06] 仓库 https://github.com/Cycle1997/sublink-worker 无候选文件 (总计 117 blob, 扩展名过滤 97, processed_shas 跳过 0, SHA 缓存跳过 20)
[2026-07-12 00:06:06] 🔗 查子仓库: Cycle1997/sublink-worker
[2026-07-12 00:06:06] 👤 遍历用户仓库: nyeinkokoaung404
[2026-07-12 00:06:06] 🔗 开始 Fork 链追踪 (Cycle1997/sublink-worker)
[2026-07-12 00:06:06]   🍴 兄弟仓库: 22 个 → 队列
[2026-07-12 00:06:06] 👤 遍历用户仓库: FuaerCN
[2026-07-12 00:06:06]   父仓库: 7Sageer/sublink-worker
[2026-07-12 00:06:07] 仓库在黑名单中: https://github.com/7Sageer/sublink-worker
[2026-07-12 00:06:07]   父仓库 +0 个节点
[2026-07-12 00:06:09] 👤 遍历用户仓库: Cycle1997
[2026-07-12 00:06:10]   👤 用户仓库: 2 个 → 队列
[2026-07-12 00:06:10]   用户 Cycle1997 共查 2 个仓库
[2026-07-12 00:06:10] 仓库 https://github.com/lgxbh2010/sublink-worker (分支: main, size: 3423KB, pushed: 2026-07-11T08:45:25Z)
[2026-07-12 00:06:10] 📄 https://raw.githubusercontent.com/guangxuemu/get_subscribe/main/subscribe/v2ray.txt ✅ 解析 7839 候选 → 7839 个有效节点 → 去重后新增 91 个[2026-07-12 00:06:10] 仓库 https://github.com/yishisanren/proxy-rulesets 未提取到节点，加入黑名单

[2026-07-12 00:06:10] 🔗 查子仓库: guangxuemu/get_subscribe[2026-07-12 00:06:10] 仓库 https://github.com/roadnich/ru-v2ray-sub (分支: main, size: 333KB, pushed: 2026-07-11T07:26:21Z)

[2026-07-12 00:06:10] 仓库 https://github.com/lgxbh2010/sublink-worker 候选文件 1 个[2026-07-12 00:06:11]   👤 用户仓库: 30 个 → 队列

[2026-07-12 00:06:11]   用户 nyeinkokoaung404 共查 30 个仓库[2026-07-12 00:06:11] 🔗 开始 Fork 链追踪 (guangxuemu/get_subscribe)[2026-07-12 00:06:11] 📄 https://raw.githubusercontent.com/rb360full/Reza_V2ray_Sub/main/merged.txt ✅ 解析 2313 候选 → 2313 个有效节点 → 去重后新增 87 个

[2026-07-12 00:06:11]   父仓库 +178 个节点

[2026-07-12 00:06:11]   👤 用户仓库: 30 个 → 队列
[2026-07-12 00:06:11]   用户 FuaerCN 共查 30 个仓库
[2026-07-12 00:06:11] 仓库 https://github.com/Achillesy/v2ray-sub (分支: main, size: 563KB, pushed: 2026-07-11T05:38:57Z)
[2026-07-12 00:06:11] 仓库 https://github.com/roadnich/ru-v2ray-sub 候选文件 1 个
[2026-07-12 00:06:11]   父仓库: ermaozi/get_subscribe
[2026-07-12 00:06:11] 仓库 https://github.com/lgxbh2010/sublink-worker 未提取到节点，加入黑名单
[2026-07-12 00:06:11] 仓库 https://github.com/MZWNET/V2RAY-and-CLASH-Subscription-Links (分支: main, size: 2236KB, pushed: 2026-07-11T04:28:10Z)
[2026-07-12 00:06:11] 仓库 https://github.com/Achillesy/v2ray-sub 候选文件 2 个
[2026-07-12 00:06:11] 🔗 查子仓库: roadnich/ru-v2ray-sub
[2026-07-12 00:06:11] 🔗 开始 Fork 链追踪 (roadnich/ru-v2ray-sub)
[2026-07-12 00:06:11]   🍴 兄弟仓库: 10 个 → 队列
[2026-07-12 00:06:11] 👤 遍历用户仓库: googledslz
[2026-07-12 00:06:11] 📄 https://raw.githubusercontent.com/Achillesy/v2ray-sub/main/sub.txt ✅ 解析 134 候选 → 134 个有效节点 → 去重后新增 1 个[2026-07-12 00:06:11] 仓库 https://github.com/MZWNET/V2RAY-and-CLASH-Subscription-Links 无候选文件 (总计 4 blob, 扩展名过滤 1, processed_shas 跳过 0, SHA 缓存跳过 3)[2026-07-12 00:06:11] 👤 遍历用户仓库: roadnich


[2026-07-12 00:06:14] 🔗 查子仓库: MZWNET/V2RAY-and-CLASH-Subscription-Links
[2026-07-12 00:06:14] 🔗 开始 Fork 链追踪 (MZWNET/V2RAY-and-CLASH-Subscription-Links)
[2026-07-12 00:06:14] 📄 https://raw.githubusercontent.com/Achillesy/v2ray-sub/main/trust_sub.txt ✅ 解析 12 候选 → 12 个有效节点 → 去重后新增 1 个
[2026-07-12 00:06:14] 🔗 查子仓库: Achillesy/v2ray-sub
[2026-07-12 00:06:14] 👤 遍历用户仓库: guangxuemu[2026-07-12 00:06:14]   用户 roadnich 共查 0 个仓库

[2026-07-12 00:06:15] 仓库 https://github.com/rankalpha/v2ray_sub (分支: main, size: 2310KB, pushed: 2026-07-11T01:41:29Z)
[2026-07-12 00:06:15] 🔗 开始 Fork 链追踪 (Achillesy/v2ray-sub)
[2026-07-12 00:06:15]   父仓库: mermeroo/V2RAY-CLASH-BASE64-Subscription.Links
[2026-07-12 00:06:15] 仓库在黑名单中: https://github.com/mermeroo/V2RAY-CLASH-BASE64-Subscription.Links
[2026-07-12 00:06:15]   父仓库 +0 个节点
[2026-07-12 00:06:15] 👤 遍历用户仓库: Achillesy
[2026-07-12 00:06:15] 仓库 https://github.com/rankalpha/v2ray_sub 候选文件 2 个
[2026-07-12 00:06:16]   👤 用户仓库: 30 个 → 队列
[2026-07-12 00:06:16]   用户 Achillesy 共查 30 个仓库
[2026-07-12 00:06:16] 仓库 https://github.com/huang-lao/sublink-worker (分支: main, size: 3421KB, pushed: 2026-07-10T21:25:23Z)
[2026-07-12 00:06:17] 仓库 https://github.com/huang-lao/sublink-worker 无候选文件 (总计 117 blob, 扩展名过滤 97, processed_shas 跳过 0, SHA 缓存跳过 20)
[2026-07-12 00:06:17] 🔗 查子仓库: huang-lao/sublink-worker
[2026-07-12 00:06:17]   👤 用户仓库: 5 个 → 队列
[2026-07-12 00:06:17]   用户 guangxuemu 共查 5 个仓库
[2026-07-12 00:06:17] 仓库 https://github.com/amirali098-sys/v2ray-sub (分支: main, size: 51KB, pushed: 2026-07-10T17:02:18Z)
[2026-07-12 00:06:17] 🔗 开始 Fork 链追踪 (huang-lao/sublink-worker)
[2026-07-12 00:06:17]   父仓库: 7Sageer/sublink-worker
[2026-07-12 00:06:17] 仓库在黑名单中: https://github.com/7Sageer/sublink-worker[2026-07-12 00:06:17] 仓库 https://github.com/amirali098-sys/v2ray-sub 无候选文件 (总计 2 blob, 扩展名过滤 0, processed_shas 跳过 0, SHA 缓存跳过 2)

[2026-07-12 00:06:18]   🍴 兄弟仓库: 30 个 → 队列
[2026-07-12 00:06:18]   父仓库 +0 个节点[2026-07-12 00:06:18] 🔗 查子仓库: amirali098-sys/v2ray-sub
[2026-07-12 00:06:18] 👤 遍历用户仓库: MZWNET

[2026-07-12 00:06:19] 🔗 开始 Fork 链追踪 (amirali098-sys/v2ray-sub)
[2026-07-12 00:06:19] 👤 遍历用户仓库: amirali098-sys
[2026-07-12 00:06:19]   👤 用户仓库: 1 个 → 队列
[2026-07-12 00:06:19]   用户 amirali098-sys 共查 1 个仓库
[2026-07-12 00:06:20] ⏭️ 仓库 https://github.com/hajmeti0/V2rayTun0_sub 24h 未更新，跳过
[2026-07-12 00:06:20] 仓库 https://github.com/ZhurinDanil/clash-sub (分支: main, size: 3745KB, pushed: 2026-07-11T15:52:30Z)
[2026-07-12 00:06:20]   👤 用户仓库: 30 个 → 队列
[2026-07-12 00:06:20]   用户 MZWNET 共查 30 个仓库
[2026-07-12 00:06:20] 仓库 https://github.com/devojony/ClashSub (分支: master, size: 35600KB, pushed: 2026-07-11T15:05:51Z)
[2026-07-12 00:06:20] 仓库 https://github.com/ZhurinDanil/clash-sub 候选文件 1 个
[2026-07-12 00:06:20] 仓库 https://github.com/devojony/ClashSub 候选文件 2 个
[2026-07-12 00:06:20] 🔗 查子仓库: rb360full/Reza_V2ray_Sub
[2026-07-12 00:06:20] 🔗 查子仓库: rankalpha/v2ray_sub
[2026-07-12 00:06:20] 🔗 开始 Fork 链追踪 (rb360full/Reza_V2ray_Sub)
[2026-07-12 00:06:21] 🔗 开始 Fork 链追踪 (rankalpha/v2ray_sub)[2026-07-12 00:06:21] 🔗 查子仓库: ZhurinDanil/clash-sub

[2026-07-12 00:06:21] 👤 遍历用户仓库: huang-lao[2026-07-12 00:06:21] 👤 遍历用户仓库: rb360full

[2026-07-12 00:06:21]   👤 用户仓库: 30 个 → 队列[2026-07-12 00:06:21] 🔗 开始 Fork 链追踪 (ZhurinDanil/clash-sub)

[2026-07-12 00:06:21]   用户 googledslz 共查 30 个仓库
[2026-07-12 00:06:21] 仓库 https://github.com/Shangjhih/sub2clash_Gui (分支: main, size: 7KB, pushed: 2026-07-11T14:26:34Z)[2026-07-12 00:06:21] 👤 遍历用户仓库: rankalpha

[2026-07-12 00:06:21] 👤 遍历用户仓库: ZhurinDanil
[2026-07-12 00:06:21]   👤 用户仓库: 13 个 → 队列
[2026-07-12 00:06:21]   👤 用户仓库: 12 个 → 队列[2026-07-12 00:06:22] 仓库 https://github.com/Shangjhih/sub2clash_Gui 候选文件 1 个
[2026-07-12 00:06:22]   用户 rb360full 共查 13 个仓库

[2026-07-12 00:06:22]   👤 用户仓库: 1 个 → 队列[2026-07-12 00:06:22]   用户 huang-lao 共查 12 个仓库

[2026-07-12 00:06:22] 仓库 https://github.com/Shangjhih/sub2clash (分支: main, size: 7KB, pushed: 2026-07-11T12:28:39Z)[2026-07-12 00:06:22]   用户 ZhurinDanil 共查 1 个仓库
[2026-07-12 00:06:22] 仓库 https://github.com/anaer/Sub (分支: main, size: 268KB, pushed: 2026-07-11T11:07:14Z)

[2026-07-12 00:06:22] 仓库 https://github.com/wubozh/clash-sub-pages (分支: main, size: 15762KB, pushed: 2026-07-11T11:01:05Z)
[2026-07-12 00:06:22] README (Shangjhih/sub2clash_Gui) 404，跳过
[2026-07-12 00:06:22] 仓库 https://github.com/Shangjhih/sub2clash_Gui 未提取到节点，加入黑名单
[2026-07-12 00:06:22] 仓库 https://github.com/anaer/Sub 候选文件 1 个[2026-07-12 00:06:22] 仓库 https://github.com/g-star1024/my-clash-subscribe (分支: main, size: 829KB, pushed: 2026-07-11T09:23:28Z)

[2026-07-12 00:06:22] 仓库 https://github.com/wubozh/clash-sub-pages 候选文件 4 个
[2026-07-12 00:06:23] 仓库 https://github.com/Shangjhih/sub2clash 候选文件 1 个
[2026-07-12 00:06:23] 仓库 https://github.com/g-star1024/my-clash-subscribe 候选文件 1 个[2026-07-12 00:06:23] 📄 https://raw.githubusercontent.com/Shangjhih/sub2clash/main/README.MD ✅ 解析 3 候选 → 3 个有效节点 → 去重后新增 3 个

[2026-07-12 00:06:24] 🔗 查子仓库: Shangjhih/sub2clash
[2026-07-12 00:06:24] 📄 https://raw.githubusercontent.com/wubozh/clash-sub-pages/main/open.yaml ✅ 解析 30 候选 → 30 个有效节点 → 去重后新增 5 个
[2026-07-12 00:06:24] 🔗 开始 Fork 链追踪 (Shangjhih/sub2clash)
[2026-07-12 00:06:24] 👤 遍历用户仓库: Shangjhih
[2026-07-12 00:06:26] README (g-star1024/my-clash-subscribe) 404，跳过
[2026-07-12 00:06:26]   👤 用户仓库: 10 个 → 队列
[2026-07-12 00:06:26] 仓库 https://github.com/g-star1024/my-clash-subscribe 未提取到节点，加入黑名单[2026-07-12 00:06:26] 🔗 查子仓库: wubozh/clash-sub-pages[2026-07-12 00:06:26]   用户 Shangjhih 共查 10 个仓库


[2026-07-12 00:06:26] 仓库 https://github.com/10yanhon/clash-sub (分支: main, size: 1520KB, pushed: 2026-07-11T07:27:51Z)
[2026-07-12 00:06:26] 🔗 开始 Fork 链追踪 (wubozh/clash-sub-pages)
[2026-07-12 00:06:26] 仓库 https://github.com/atomhb/Auto_Update_Sub (分支: main, size: 185201KB, pushed: 2026-07-11T06:24:34Z)
[2026-07-12 00:06:27] 📄 https://raw.githubusercontent.com/rasool083/v2ray-sub/main/sub.txt ✅ 解析 13579 候选 → 13579 个有效节点 → 去重后新增 66 个
[2026-07-12 00:06:27] 🔗 查子仓库: rasool083/v2ray-sub
[2026-07-12 00:06:27] 👤 遍历用户仓库: wubozh[2026-07-12 00:06:28] 仓库 https://github.com/10yanhon/clash-sub 候选文件 3 个[2026-07-12 00:06:28] 仓库 https://github.com/atomhb/Auto_Update_Sub 候选文件 8 个


[2026-07-12 00:06:28] 🔗 开始 Fork 链追踪 (rasool083/v2ray-sub)
[2026-07-12 00:06:29]   👤 用户仓库: 5 个 → 队列
[2026-07-12 00:06:29]   用户 wubozh 共查 5 个仓库
[2026-07-12 00:06:29] 👤 遍历用户仓库: rasool083
[2026-07-12 00:06:29] 仓库 https://github.com/feixingzhou/clash-subscription (分支: main, size: 1801KB, pushed: 2026-07-11T04:58:24Z)
[2026-07-12 00:06:29] 🔗 查子仓库: 10yanhon/clash-sub
[2026-07-12 00:06:29]   👤 用户仓库: 1 个 → 队列
[2026-07-12 00:06:29] 🔗 开始 Fork 链追踪 (10yanhon/clash-sub)[2026-07-12 00:06:29]   用户 rasool083 共查 1 个仓库

[2026-07-12 00:06:30] 仓库 https://github.com/feixingzhou/clash-subscription 候选文件 2 个[2026-07-12 00:06:30] 仓库 https://github.com/wxb729/SmartSub (分支: main, size: 202408KB, pushed: 2026-07-11T04:00:44Z)

[2026-07-12 00:06:31] 👤 遍历用户仓库: 10yanhon[2026-07-12 00:06:31] 📄 https://raw.githubusercontent.com/devojony/ClashSub/master/clash/proxies.yaml ✅ 解析 3007 候选 → 3007 个有效节点 → 去重后新增 2 个

[2026-07-12 00:06:33] 仓库 https://github.com/wxb729/SmartSub 候选文件 17 个
[2026-07-12 00:06:34]   👤 用户仓库: 30 个 → 队列
[2026-07-12 00:06:34]   用户 10yanhon 共查 30 个仓库
[2026-07-12 00:06:34] 仓库 https://github.com/awwy1222/clash-sub (分支: master, size: 224KB, pushed: 2026-07-11T03:28:44Z)
[2026-07-12 00:06:35] 仓库 https://github.com/awwy1222/clash-sub 候选文件 1 个
[2026-07-12 00:06:35] 🔗 查子仓库: atomhb/Auto_Update_Sub
[2026-07-12 00:06:36] 📄 https://raw.githubusercontent.com/awwy1222/clash-sub/master/sub.yaml ✅ 解析 45 候选 → 45 个有效节点 → 去重后新增 1 个
[2026-07-12 00:06:36] 🔗 查子仓库: awwy1222/clash-sub[2026-07-12 00:06:36] 🔗 开始 Fork 链追踪 (atomhb/Auto_Update_Sub)

[2026-07-12 00:06:36] 🔗 开始 Fork 链追踪 (awwy1222/clash-sub)
[2026-07-12 00:06:36] 👤 遍历用户仓库: atomhb
[2026-07-12 00:06:36] 👤 遍历用户仓库: awwy1222
[2026-07-12 00:06:37]   👤 用户仓库: 2 个 → 队列
[2026-07-12 00:06:37]   用户 atomhb 共查 2 个仓库
[2026-07-12 00:06:37] 仓库 https://github.com/guangxuemu/SmartSub (分支: main, size: 182673KB, pushed: 2026-07-10T21:17:35Z)
[2026-07-12 00:06:38]   👤 用户仓库: 6 个 → 队列
[2026-07-12 00:06:38]   👤 用户仓库: 30 个 → 队列[2026-07-12 00:06:38]   用户 awwy1222 共查 6 个仓库

[2026-07-12 00:06:38]   用户 rankalpha 共查 30 个仓库[2026-07-12 00:06:38] 仓库 https://github.com/noxenys/SmartSub (分支: main, size: 191711KB, pushed: 2026-07-10T21:16:35Z)

[2026-07-12 00:06:39] 仓库 https://github.com/603711936/SmartSub (分支: main, size: 197163KB, pushed: 2026-07-10T20:59:39Z)
[2026-07-12 00:06:39] 仓库 https://github.com/guangxuemu/SmartSub 候选文件 16 个
[2026-07-12 00:06:39] 仓库 https://github.com/noxenys/SmartSub 候选文件 7 个
[2026-07-12 00:06:40] 仓库 https://github.com/603711936/SmartSub 无候选文件 (总计 211 blob, 扩展名过滤 20, processed_shas 跳过 9, SHA 缓存跳过 182)
[2026-07-12 00:06:40] 🔗 查子仓库: 603711936/SmartSub
[2026-07-12 00:06:40] 🔗 开始 Fork 链追踪 (603711936/SmartSub)
[2026-07-12 00:06:41]   父仓库: noxenys/SmartSub
[2026-07-12 00:06:42]   🍴 兄弟仓库: 3 个 → 队列
[2026-07-12 00:06:42] 👤 遍历用户仓库: 603711936
[2026-07-12 00:06:43]   用户 603711936 共查 0 个仓库
[2026-07-12 00:06:43] 仓库 https://github.com/Rayan-Config/C-Sub (分支: main, size: 25990KB, pushed: 2026-07-11T15:47:19Z)
[2026-07-12 00:06:43] 🔗 查子仓库: feixingzhou/clash-subscription
[2026-07-12 00:06:44] 🔗 开始 Fork 链追踪 (feixingzhou/clash-subscription)
[2026-07-12 00:06:44] 仓库 https://github.com/Rayan-Config/C-Sub 候选文件 2 个
[2026-07-12 00:06:45] 👤 遍历用户仓库: feixingzhou
[2026-07-12 00:06:45]   👤 用户仓库: 2 个 → 队列
[2026-07-12 00:06:45]   用户 feixingzhou 共查 2 个仓库
[2026-07-12 00:06:45] 仓库 https://github.com/myniua/WorkerVless2sub (分支: main, size: 3781KB, pushed: 2026-07-11T15:27:02Z)
[2026-07-12 00:06:46] 📄 https://raw.githubusercontent.com/Rayan-Config/C-Sub/main/configs/proxy.txt ✅ 解析 54 候选 → 54 个有效节点 → 去重后新增 20 个
[2026-07-12 00:06:46] 🔗 查子仓库: Rayan-Config/C-Sub
[2026-07-12 00:06:47] 仓库 https://github.com/myniua/WorkerVless2sub 候选文件 1 个
[2026-07-12 00:06:47]   🍴 子仓库: 2 个 → 队列
[2026-07-12 00:06:47] 🔗 开始 Fork 链追踪 (Rayan-Config/C-Sub)
[2026-07-12 00:06:48]   父仓库: goldrad/multi-proxy-config-fetcher
[2026-07-12 00:06:49] 仓库 https://github.com/myniua/WorkerVless2sub 未提取到节点，加入黑名单
[2026-07-12 00:06:49] 仓库在黑名单中: https://github.com/goldrad/multi-proxy-config-fetcher
[2026-07-12 00:06:49]   父仓库 +0 个节点
[2026-07-12 00:06:49] 仓库 https://github.com/xiaoye0902/WorkerVless2sub (分支: main, size: 3781KB, pushed: 2026-07-11T15:23:39Z)
[2026-07-12 00:06:49] 🔗 查子仓库: devojony/ClashSub
[2026-07-12 00:06:50] 仓库 https://github.com/xiaoye0902/WorkerVless2sub 无候选文件 (总计 12 blob, 扩展名过滤 5, processed_shas 跳过 1, SHA 缓存跳过 6)
[2026-07-12 00:06:50] 🔗 查子仓库: xiaoye0902/WorkerVless2sub
[2026-07-12 00:06:50] 🔗 开始 Fork 链追踪 (xiaoye0902/WorkerVless2sub)
[2026-07-12 00:06:50]   🍴 子仓库: 1 个 → 队列
[2026-07-12 00:06:50] 🔗 开始 Fork 链追踪 (devojony/ClashSub)
[2026-07-12 00:06:50] 📄 https://raw.githubusercontent.com/wxb729/SmartSub/main/collected_nodes.txt ✅ 解析 6277 候选 → 6277 个有效节点 → 去重后新增 724 个
[2026-07-12 00:06:50] 📦 批次 0034 已持久化: /home/runner/work/test-college/test-college/batches/no_batch_0034.txt (5540 个节点, 累计 173248 个)
[2026-07-12 00:06:50]   父仓库: cmliu/WorkerVless2sub
[2026-07-12 00:06:51] 👤 遍历用户仓库: devojony
[2026-07-12 00:06:51]   🍴 兄弟仓库: 30 个 → 队列
[2026-07-12 00:06:51] 👤 遍历用户仓库: Rayan-Config
[2026-07-12 00:06:53]   👤 用户仓库: 1 个 → 队列
[2026-07-12 00:06:53]   用户 Rayan-Config 共查 1 个仓库
[2026-07-12 00:06:53] 仓库 https://github.com/jiedian6666/WorkerVless2sub (分支: main, size: 3781KB, pushed: 2026-07-11T15:02:03Z)
[2026-07-12 00:06:54]   用户 devojony 共查 0 个仓库
[2026-07-12 00:06:54] 仓库 https://github.com/wdssfff00/WorkerVless2sub (分支: main, size: 3781KB, pushed: 2026-07-11T14:57:19Z)
[2026-07-12 00:06:55] 仓库 https://github.com/jiedian6666/WorkerVless2sub 无候选文件 (总计 12 blob, 扩展名过滤 5, processed_shas 跳过 1, SHA 缓存跳过 6)
[2026-07-12 00:06:55] 🔗 查子仓库: jiedian6666/WorkerVless2sub
[2026-07-12 00:06:55] 🔗 开始 Fork 链追踪 (jiedian6666/WorkerVless2sub)[2026-07-12 00:06:55] 仓库 https://github.com/wdssfff00/WorkerVless2sub 无候选文件 (总计 12 blob, 扩展名过滤 5, processed_shas 跳过 1, SHA 缓存跳过 6)

[2026-07-12 00:06:56] 🔗 查子仓库: wdssfff00/WorkerVless2sub
[2026-07-12 00:06:56] 🔗 开始 Fork 链追踪 (wdssfff00/WorkerVless2sub)
[2026-07-12 00:06:56]   🍴 兄弟仓库: 30 个 → 队列[2026-07-12 00:06:56]   父仓库: cmliu/WorkerVless2sub

[2026-07-12 00:06:57] 👤 遍历用户仓库: xiaoye0902[2026-07-12 00:06:57]   父仓库: cmliu/WorkerVless2sub

[2026-07-12 00:06:58]   👤 用户仓库: 2 个 → 队列
[2026-07-12 00:06:58]   用户 xiaoye0902 共查 2 个仓库
[2026-07-12 00:06:59] 仓库 https://github.com/itwhs/WorkerVless2sub (分支: main, size: 3781KB, pushed: 2026-07-11T14:48:22Z)
[2026-07-12 00:06:59] 仓库 https://github.com/itwhs/WorkerVless2sub 无候选文件 (总计 12 blob, 扩展名过滤 5, processed_shas 跳过 1, SHA 缓存跳过 6)
[2026-07-12 00:07:00] 🔗 查子仓库: itwhs/WorkerVless2sub
[2026-07-12 00:07:00] 🔗 开始 Fork 链追踪 (itwhs/WorkerVless2sub)
[2026-07-12 00:07:00]   🍴 兄弟仓库: 30 个 → 队列[2026-07-12 00:07:00] 📄 https://raw.githubusercontent.com/guangxuemu/SmartSub/main/collected_nodes.txt ✅ 解析 6212 候选 → 6212 个有效节点 → 去重后新增 508 个

[2026-07-12 00:07:00] 👤 遍历用户仓库: jiedian6666[2026-07-12 00:07:00]   父仓库: cmliu/WorkerVless2sub

[2026-07-12 00:07:00] 👤 遍历用户仓库: wdssfff00
[2026-07-12 00:07:02] 📄 https://raw.githubusercontent.com/noxenys/SmartSub/main/collected_nodes.txt ✅ 解析 6313 候选 → 6313 个有效节点 → 去重后新增 395 个
[2026-07-12 00:07:02]   👤 用户仓库: 4 个 → 队列
[2026-07-12 00:07:02]   用户 jiedian6666 共查 4 个仓库
[2026-07-12 00:07:02] 仓库 https://github.com/LimitlessTao/WorkerVless2sub (分支: main, size: 3781KB, pushed: 2026-07-11T14:45:05Z)[2026-07-12 00:07:02] 🔗 查子仓库: anaer/Sub

[2026-07-12 00:07:03] 仓库 https://github.com/LimitlessTao/WorkerVless2sub 无候选文件 (总计 12 blob, 扩展名过滤 5, processed_shas 跳过 1, SHA 缓存跳过 6)
[2026-07-12 00:07:03] 🔗 查子仓库: LimitlessTao/WorkerVless2sub
[2026-07-12 00:07:03] 🔗 开始 Fork 链追踪 (LimitlessTao/WorkerVless2sub)
[2026-07-12 00:07:03] 👤 遍历用户仓库: itwhs
[2026-07-12 00:07:03]   父仓库: cmliu/WorkerVless2sub
[2026-07-12 00:07:04]   👤 用户仓库: 30 个 → 队列
[2026-07-12 00:07:04]   用户 wdssfff00 共查 30 个仓库
[2026-07-12 00:07:04] 仓库 https://github.com/cmliu/WorkerVless2sub (分支: main, size: 4628KB, pushed: 2026-07-11T14:22:56Z)
[2026-07-12 00:07:04] 仓库 https://github.com/cmliu/WorkerVless2sub 无候选文件 (总计 12 blob, 扩展名过滤 5, processed_shas 跳过 1, SHA 缓存跳过 6)
[2026-07-12 00:07:04] 🔗 查子仓库: cmliu/WorkerVless2sub
[2026-07-12 00:07:05] 📄 https://raw.githubusercontent.com/wxb729/SmartSub/main/sub/sub_all_clash.txt ✅ 解析 6276 候选 → 6276 个有效节点 → 去重后新增 2 个
[2026-07-12 00:07:05]   🍴 子仓库: 30 个 → 队列
[2026-07-12 00:07:05] 🔗 开始 Fork 链追踪 (anaer/Sub)
[2026-07-12 00:07:05] 👤 遍历用户仓库: anaer
[2026-07-12 00:07:05]   👤 用户仓库: 30 个 → 队列
[2026-07-12 00:07:05]   用户 itwhs 共查 30 个仓库
[2026-07-12 00:07:05] 仓库 https://github.com/qiubei000/WorkerVless2sub (分支: main, size: 3781KB, pushed: 2026-07-11T03:28:07Z)
[2026-07-12 00:07:05] 👤 遍历用户仓库: LimitlessTao
[2026-07-12 00:07:06] 仓库 https://github.com/qiubei000/WorkerVless2sub 无候选文件 (总计 12 blob, 扩展名过滤 5, processed_shas 跳过 0, SHA 缓存跳过 7)
[2026-07-12 00:07:06] 🔗 查子仓库: qiubei000/WorkerVless2sub
[2026-07-12 00:07:06] 🔗 开始 Fork 链追踪 (qiubei000/WorkerVless2sub)
[2026-07-12 00:07:06]   父仓库: cmliu/WorkerVless2sub
[2026-07-12 00:07:06] 📄 https://raw.githubusercontent.com/guangxuemu/SmartSub/main/sub/sub_all_clash.txt ✅ 解析 6215 候选 → 6215 个有效节点 → 去重后新增 2 个
[2026-07-12 00:07:07]   👤 用户仓库: 22 个 → 队列
[2026-07-12 00:07:07] 🔗 开始 Fork 链追踪 (cmliu/WorkerVless2sub)
[2026-07-12 00:07:07]   用户 LimitlessTao 共查 22 个仓库
[2026-07-12 00:07:07] 仓库 https://github.com/fengcen-qq/WorkerVless2sub (分支: main, size: 3781KB, pushed: 2026-07-11T03:28:02Z)
[2026-07-12 00:07:07] 👤 遍历用户仓库: cmliu
[2026-07-12 00:07:07] 仓库 https://github.com/fengcen-qq/WorkerVless2sub 无候选文件 (总计 12 blob, 扩展名过滤 5, processed_shas 跳过 0, SHA 缓存跳过 7)
[2026-07-12 00:07:07] 🔗 查子仓库: fengcen-qq/WorkerVless2sub
[2026-07-12 00:07:07] 🔗 开始 Fork 链追踪 (fengcen-qq/WorkerVless2sub)
[2026-07-12 00:07:07]   👤 用户仓库: 30 个 → 队列
[2026-07-12 00:07:07]   用户 anaer 共查 30 个仓库
[2026-07-12 00:07:08] 仓库 https://github.com/qingshujun/WorkerVless2sub (分支: main, size: 4628KB, pushed: 2026-07-11T03:26:40Z)
[2026-07-12 00:07:08]   父仓库: cmliu/WorkerVless2sub
[2026-07-12 00:07:08] 👤 遍历用户仓库: qiubei000
[2026-07-12 00:07:08] 仓库 https://github.com/qingshujun/WorkerVless2sub 无候选文件 (总计 12 blob, 扩展名过滤 5, processed_shas 跳过 0, SHA 缓存跳过 7)
[2026-07-12 00:07:08] 🔗 查子仓库: qingshujun/WorkerVless2sub
[2026-07-12 00:07:08] 🔗 开始 Fork 链追踪 (qingshujun/WorkerVless2sub)
[2026-07-12 00:07:08]   👤 用户仓库: 17 个 → 队列
[2026-07-12 00:07:08]   用户 cmliu 共查 17 个仓库
[2026-07-12 00:07:08] 仓库 https://github.com/mzketto/WorkerVless2sub (分支: main, size: 3781KB, pushed: 2026-07-11T03:25:48Z)
[2026-07-12 00:07:08]   父仓库: cmliu/WorkerVless2sub
[2026-07-12 00:07:09]   👤 用户仓库: 22 个 → 队列
[2026-07-12 00:07:09]   用户 qiubei000 共查 22 个仓库[2026-07-12 00:07:09] 仓库 https://github.com/mzketto/WorkerVless2sub 无候选文件 (总计 12 blob, 扩展名过滤 5, processed_shas 跳过 0, SHA 缓存跳过 7)

[2026-07-12 00:07:09] 仓库 https://github.com/Xylonify/WorkerVless2sub (分支: main, size: 3781KB, pushed: 2026-07-11T03:23:46Z)
[2026-07-12 00:07:09] 🔗 查子仓库: mzketto/WorkerVless2sub
[2026-07-12 00:07:10] 👤 遍历用户仓库: fengcen-qq[2026-07-12 00:07:10] 🔗 开始 Fork 链追踪 (mzketto/WorkerVless2sub)

[2026-07-12 00:07:10] 仓库 https://github.com/Xylonify/WorkerVless2sub 无候选文件 (总计 12 blob, 扩展名过滤 5, processed_shas 跳过 0, SHA 缓存跳过 7)
[2026-07-12 00:07:10] 🔗 查子仓库: Xylonify/WorkerVless2sub
[2026-07-12 00:07:10]   👤 用户仓库: 2 个 → 队列
[2026-07-12 00:07:10]   用户 fengcen-qq 共查 2 个仓库
[2026-07-12 00:07:10] 仓库 https://github.com/kgdpyeifk/WorkerVless2sub (分支: main, size: 3781KB, pushed: 2026-07-11T03:21:29Z)[2026-07-12 00:07:10]   父仓库: cmliu/WorkerVless2sub

[2026-07-12 00:07:10] 🔗 开始 Fork 链追踪 (Xylonify/WorkerVless2sub)
[2026-07-12 00:07:11] 仓库 https://github.com/kgdpyeifk/WorkerVless2sub 无候选文件 (总计 12 blob, 扩展名过滤 5, processed_shas 跳过 0, SHA 缓存跳过 7)
[2026-07-12 00:07:11] 🔗 查子仓库: kgdpyeifk/WorkerVless2sub
[2026-07-12 00:07:12]   父仓库: cmliu/WorkerVless2sub[2026-07-12 00:07:12] 🔗 开始 Fork 链追踪 (kgdpyeifk/WorkerVless2sub)

[2026-07-12 00:07:12] 👤 遍历用户仓库: qingshujun
[2026-07-12 00:07:12]   父仓库: cmliu/WorkerVless2sub
[2026-07-12 00:07:13]   👤 用户仓库: 28 个 → 队列[2026-07-12 00:07:13] 👤 遍历用户仓库: mzketto

[2026-07-12 00:07:13]   用户 qingshujun 共查 28 个仓库
[2026-07-12 00:07:13] 仓库 https://github.com/JHK19970416/CM-WorkerVless2sub (分支: main, size: 4628KB, pushed: 2026-07-11T03:21:16Z)
[2026-07-12 00:07:14] 👤 遍历用户仓库: Xylonify
[2026-07-12 00:07:14] 仓库 https://github.com/JHK19970416/CM-WorkerVless2sub 无候选文件 (总计 12 blob, 扩展名过滤 5, processed_shas 跳过 0, SHA 缓存跳过 7)[2026-07-12 00:07:14] 👤 遍历用户仓库: kgdpyeifk

[2026-07-12 00:07:14] 🔗 查子仓库: JHK19970416/CM-WorkerVless2sub
[2026-07-12 00:07:14] 🔗 开始 Fork 链追踪 (JHK19970416/CM-WorkerVless2sub)
[2026-07-12 00:07:15]   父仓库: cmliu/WorkerVless2sub
[2026-07-12 00:07:15] 📄 https://raw.githubusercontent.com/wxb729/SmartSub/main/sub/sub_all_url_check.txt ✅ 解析 17948 候选 → 17948 个有效节点 → 去重后新增 52 个
[2026-07-12 00:07:16]   👤 用户仓库: 30 个 → 队列
[2026-07-12 00:07:16]   用户 Xylonify 共查 30 个仓库
[2026-07-12 00:07:16] 仓库 https://github.com/anyejingling01/WorkerVless2sub (分支: main, size: 3781KB, pushed: 2026-07-11T03:16:19Z)
[2026-07-12 00:07:17] 👤 遍历用户仓库: JHK19970416
[2026-07-12 00:07:17]   👤 用户仓库: 30 个 → 队列
[2026-07-12 00:07:17]   用户 kgdpyeifk 共查 30 个仓库
[2026-07-12 00:07:17] 仓库 https://github.com/anyejingling01/WorkerVless2sub 无候选文件 (总计 12 blob, 扩展名过滤 5, processed_shas 跳过 0, SHA 缓存跳过 7)[2026-07-12 00:07:17] 仓库 https://github.com/hjhuan66/WorkerVless2sub (分支: main, size: 3781KB, pushed: 2026-07-11T03:16:08Z)

[2026-07-12 00:07:17] 🔗 查子仓库: anyejingling01/WorkerVless2sub
[2026-07-12 00:07:17] 🔗 开始 Fork 链追踪 (anyejingling01/WorkerVless2sub)
[2026-07-12 00:07:17]   👤 用户仓库: 14 个 → 队列
[2026-07-12 00:07:17]   用户 JHK19970416 共查 14 个仓库
[2026-07-12 00:07:18] 仓库 https://github.com/cxr9912/WorkerVless2sub (分支: main, size: 3781KB, pushed: 2026-07-11T03:13:39Z)
[2026-07-12 00:07:18]   👤 用户仓库: 30 个 → 队列
[2026-07-12 00:07:18] 仓库 https://github.com/hjhuan66/WorkerVless2sub 无候选文件 (总计 12 blob, 扩展名过滤 5, processed_shas 跳过 0, SHA 缓存跳过 7)[2026-07-12 00:07:18]   用户 mzketto 共查 30 个仓库

[2026-07-12 00:07:18] 🔗 查子仓库: hjhuan66/WorkerVless2sub[2026-07-12 00:07:18] 仓库 https://github.com/chris202010/WorkerVless2sub (分支: main, size: 3817KB, pushed: 2026-07-11T03:13:10Z)[2026-07-12 00:07:18]   父仓库: cmliu/WorkerVless2sub


[2026-07-12 00:07:18] 仓库 https://github.com/cxr9912/WorkerVless2sub 无候选文件 (总计 12 blob, 扩展名过滤 5, processed_shas 跳过 0, SHA 缓存跳过 7)[2026-07-12 00:07:18] 🔗 开始 Fork 链追踪 (hjhuan66/WorkerVless2sub)

[2026-07-12 00:07:18] 🔗 查子仓库: cxr9912/WorkerVless2sub
[2026-07-12 00:07:18] 🔗 开始 Fork 链追踪 (cxr9912/WorkerVless2sub)
[2026-07-12 00:07:18] 仓库 https://github.com/chris202010/WorkerVless2sub 无候选文件 (总计 12 blob, 扩展名过滤 5, processed_shas 跳过 0, SHA 缓存跳过 7)
[2026-07-12 00:07:18] 🔗 查子仓库: chris202010/WorkerVless2sub
[2026-07-12 00:07:19]   父仓库: cmliu/WorkerVless2sub
[2026-07-12 00:07:19]   父仓库: cmliu/WorkerVless2sub
[2026-07-12 00:07:19]   🍴 子仓库: 1 个 → 队列
[2026-07-12 00:07:19] 🔗 开始 Fork 链追踪 (chris202010/WorkerVless2sub)
[2026-07-12 00:07:20]   父仓库: cmliu/WorkerVless2sub
[2026-07-12 00:07:20] 👤 遍历用户仓库: anyejingling01
[2026-07-12 00:07:20] 👤 遍历用户仓库: hjhuan66
[2026-07-12 00:07:21] SHA 缓存已保存: 1159893 条, 2 分片
[2026-07-12 00:07:21] 👤 遍历用户仓库: cxr9912
[2026-07-12 00:07:21]   👤 用户仓库: 5 个 → 队列
[2026-07-12 00:07:21]   用户 hjhuan66 共查 5 个仓库[2026-07-12 00:07:21] 🔗 查子仓库: wxb729/SmartSub

[2026-07-12 00:07:21] 仓库 https://github.com/hereVg0/WorkerVless2sub (分支: main, size: 3781KB, pushed: 2026-07-11T02:55:33Z)
[2026-07-12 00:07:21] 👤 遍历用户仓库: chris202010
[2026-07-12 00:07:22]   👤 用户仓库: 30 个 → 队列[2026-07-12 00:07:22] 🔗 开始 Fork 链追踪 (wxb729/SmartSub)
[2026-07-12 00:07:22] 仓库 https://github.com/hereVg0/WorkerVless2sub 无候选文件 (总计 12 blob, 扩展名过滤 5, processed_shas 跳过 0, SHA 缓存跳过 7)

[2026-07-12 00:07:22]   用户 anyejingling01 共查 30 个仓库[2026-07-12 00:07:22] 🔗 查子仓库: hereVg0/WorkerVless2sub

[2026-07-12 00:07:22] 仓库 https://github.com/xiagefei/cm2sub (分支: main, size: 3807KB, pushed: 2026-07-11T02:55:32Z)
[2026-07-12 00:07:22]   👤 用户仓库: 28 个 → 队列
[2026-07-12 00:07:22] 🔗 开始 Fork 链追踪 (hereVg0/WorkerVless2sub)[2026-07-12 00:07:22]   用户 cxr9912 共查 28 个仓库

[2026-07-12 00:07:22]   父仓库: noxenys/SmartSub
[2026-07-12 00:07:22] 仓库 https://github.com/dynamicbeam/WorkerVless2sub (分支: main, size: 3792KB, pushed: 2026-07-11T02:51:59Z)
[2026-07-12 00:07:22]   父仓库: cmliu/WorkerVless2sub
[2026-07-12 00:07:22] 仓库 https://github.com/xiagefei/cm2sub 无候选文件 (总计 12 blob, 扩展名过滤 5, processed_shas 跳过 0, SHA 缓存跳过 7)
[2026-07-12 00:07:22] 🔗 查子仓库: xiagefei/cm2sub
[2026-07-12 00:07:22] 🔗 开始 Fork 链追踪 (xiagefei/cm2sub)
[2026-07-12 00:07:22] 仓库 https://github.com/dynamicbeam/WorkerVless2sub 无候选文件 (总计 12 blob, 扩展名过滤 5, processed_shas 跳过 0, SHA 缓存跳过 7)
[2026-07-12 00:07:23] 🔗 查子仓库: dynamicbeam/WorkerVless2sub
[2026-07-12 00:07:23] 👤 遍历用户仓库: wxb729
[2026-07-12 00:07:23] 🔗 开始 Fork 链追踪 (dynamicbeam/WorkerVless2sub)
[2026-07-12 00:07:23]   父仓库: cmliu/WorkerVless2sub
[2026-07-12 00:07:24]   父仓库: cmliu/WorkerVless2sub
[2026-07-12 00:07:24]   👤 用户仓库: 30 个 → 队列
[2026-07-12 00:07:24]   用户 chris202010 共查 30 个仓库
[2026-07-12 00:07:24] 仓库 https://github.com/qq270895042/WorkerVless2sub (分支: main, size: 3781KB, pushed: 2026-07-11T02:50:18Z)
[2026-07-12 00:07:24]   👤 用户仓库: 20 个 → 队列
[2026-07-12 00:07:24]   用户 wxb729 共查 20 个仓库
[2026-07-12 00:07:24] 仓库 https://github.com/mahdianoosheh/WorkerVless2sub (分支: main, size: 3781KB, pushed: 2026-07-11T02:44:57Z)
[2026-07-12 00:07:24] 仓库 https://github.com/qq270895042/WorkerVless2sub 无候选文件 (总计 12 blob, 扩展名过滤 5, processed_shas 跳过 0, SHA 缓存跳过 7)
[2026-07-12 00:07:24] 🔗 查子仓库: qq270895042/WorkerVless2sub
[2026-07-12 00:07:24] 👤 遍历用户仓库: hereVg0
[2026-07-12 00:07:24] 🔗 开始 Fork 链追踪 (qq270895042/WorkerVless2sub)[2026-07-12 00:07:24] 仓库 https://github.com/mahdianoosheh/WorkerVless2sub 无候选文件 (总计 12 blob, 扩展名过滤 5, processed_shas 跳过 0, SHA 缓存跳过 7)

[2026-07-12 00:07:25] 👤 遍历用户仓库: xiagefei
[2026-07-12 00:07:25] 🔗 查子仓库: mahdianoosheh/WorkerVless2sub
[2026-07-12 00:07:25]   👤 用户仓库: 9 个 → 队列
[2026-07-12 00:07:25] 🔗 开始 Fork 链追踪 (mahdianoosheh/WorkerVless2sub)[2026-07-12 00:07:25]   父仓库: cmliu/WorkerVless2sub
[2026-07-12 00:07:25]   用户 hereVg0 共查 9 个仓库

[2026-07-12 00:07:25] 仓库 https://github.com/amirsajjadieh/WorkerVless2sub (分支: main, size: 3781KB, pushed: 2026-07-11T02:44:11Z)
[2026-07-12 00:07:25] 👤 遍历用户仓库: dynamicbeam[2026-07-12 00:07:25] 📄 https://raw.githubusercontent.com/le45tx1m/SubCrawler/main/sub/share/vless ✅ 解析 19761 候选 → 19761 个有效节点 → 去重后新增 4 个

[2026-07-12 00:07:25]   父仓库: cmliu/WorkerVless2sub
[2026-07-12 00:07:25] 仓库 https://github.com/amirsajjadieh/WorkerVless2sub 无候选文件 (总计 12 blob, 扩展名过滤 5, processed_shas 跳过 0, SHA 缓存跳过 7)
[2026-07-12 00:07:25] 🔗 查子仓库: amirsajjadieh/WorkerVless2sub
[2026-07-12 00:07:26] 🔗 开始 Fork 链追踪 (amirsajjadieh/WorkerVless2sub)
[2026-07-12 00:07:26]   父仓库: cmliu/WorkerVless2sub
[2026-07-12 00:07:26] 📄 https://raw.githubusercontent.com/guangxuemu/SmartSub/main/sub/sub_all_url_check.txt ✅ 解析 18525 候选 → 18525 个有效节点 → 去重后新增 15 个
[2026-07-12 00:07:26] 🔗 查子仓库: guangxuemu/SmartSub
[2026-07-12 00:07:26] 👤 遍历用户仓库: qq270895042[2026-07-12 00:07:27]   👤 用户仓库: 30 个 → 队列
[2026-07-12 00:07:27]   👤 用户仓库: 30 个 → 队列
[2026-07-12 00:07:27] 🔗 开始 Fork 链追踪 (guangxuemu/SmartSub)

[2026-07-12 00:07:27]   用户 xiagefei 共查 30 个仓库[2026-07-12 00:07:27]   用户 dynamicbeam 共查 30 个仓库
[2026-07-12 00:07:27] 👤 遍历用户仓库: mahdianoosheh
[2026-07-12 00:07:27] 仓库 https://github.com/ZXCV-design/WorkerVless2sub (分支: main, size: 3781KB, pushed: 2026-07-11T02:40:46Z)[2026-07-12 00:07:27] 仓库 https://github.com/bjxccloud/WorkerVless2sub (分支: main, size: 4608KB, pushed: 2026-07-11T02:39:59Z)


[2026-07-12 00:07:28]   父仓库: noxenys/SmartSub
[2026-07-12 00:07:28] 仓库 https://github.com/ZXCV-design/WorkerVless2sub 无候选文件 (总计 12 blob, 扩展名过滤 5, processed_shas 跳过 0, SHA 缓存跳过 7)[2026-07-12 00:07:28] 仓库 https://github.com/bjxccloud/WorkerVless2sub 无候选文件 (总计 12 blob, 扩展名过滤 5, processed_shas 跳过 0, SHA 缓存跳过 7)

[2026-07-12 00:07:28] 🔗 查子仓库: bjxccloud/WorkerVless2sub[2026-07-12 00:07:28] 🔗 查子仓库: ZXCV-design/WorkerVless2sub

[2026-07-12 00:07:28]   👤 用户仓库: 6 个 → 队列
[2026-07-12 00:07:28]   👤 用户仓库: 15 个 → 队列[2026-07-12 00:07:28]   用户 mahdianoosheh 共查 6 个仓库

[2026-07-12 00:07:28]   用户 qq270895042 共查 15 个仓库
[2026-07-12 00:07:28] 仓库 https://github.com/chenjian199609/WorkerVless2sub (分支: main, size: 3781KB, pushed: 2026-07-11T02:39:49Z)[2026-07-12 00:07:28] 仓库 https://github.com/oahxu/WorkerVless2sub (分支: main, size: 3781KB, pushed: 2026-07-11T02:38:52Z)[2026-07-12 00:07:28] 👤 遍历用户仓库: guangxuemu[2026-07-12 00:07:28] 🔗 开始 Fork 链追踪 (bjxccloud/WorkerVless2sub)



[2026-07-12 00:07:28] 👤 遍历用户仓库: amirsajjadieh[2026-07-12 00:07:28] 🔗 开始 Fork 链追踪 (ZXCV-design/WorkerVless2sub)

[2026-07-12 00:07:28]   父仓库: cmliu/WorkerVless2sub[2026-07-12 00:07:28] 仓库 https://github.com/oahxu/WorkerVless2sub 无候选文件 (总计 12 blob, 扩展名过滤 5, processed_shas 跳过 0, SHA 缓存跳过 7)

[2026-07-12 00:07:28] 仓库 https://github.com/chenjian199609/WorkerVless2sub 无候选文件 (总计 12 blob, 扩展名过滤 5, processed_shas 跳过 0, SHA 缓存跳过 7)[2026-07-12 00:07:28]   父仓库: cmliu/WorkerVless2sub[2026-07-12 00:07:28] 🔗 查子仓库: oahxu/WorkerVless2sub


[2026-07-12 00:07:28] 🔗 查子仓库: chenjian199609/WorkerVless2sub
[2026-07-12 00:07:28]   👤 用户仓库: 5 个 → 队列
[2026-07-12 00:07:28]   用户 amirsajjadieh 共查 5 个仓库
[2026-07-12 00:07:28] 仓库 https://github.com/cheng8889/WorkerVless2sub (分支: main, size: 3844KB, pushed: 2026-07-11T02:34:31Z)
[2026-07-12 00:07:28] 🔗 开始 Fork 链追踪 (chenjian199609/WorkerVless2sub)[2026-07-12 00:07:28] 🔗 开始 Fork 链追踪 (oahxu/WorkerVless2sub)

[2026-07-12 00:07:29] 仓库 https://github.com/cheng8889/WorkerVless2sub 无候选文件 (总计 12 blob, 扩展名过滤 5, processed_shas 跳过 0, SHA 缓存跳过 7)
[2026-07-12 00:07:29] 🔗 查子仓库: cheng8889/WorkerVless2sub
[2026-07-12 00:07:29]   父仓库: cmliu/WorkerVless2sub
[2026-07-12 00:07:29]   父仓库: cmliu/WorkerVless2sub
[2026-07-12 00:07:29] 🔗 开始 Fork 链追踪 (cheng8889/WorkerVless2sub)
[2026-07-12 00:07:29]   父仓库: cmliu/WorkerVless2sub
[2026-07-12 00:07:29] 👤 遍历用户仓库: ZXCV-design[2026-07-12 00:07:29] 👤 遍历用户仓库: bjxccloud

[2026-07-12 00:07:29]   用户 guangxuemu 共查 0 个仓库
[2026-07-12 00:07:30] 仓库 https://github.com/shenxinli/WorkerVless2sub (分支: main, size: 3781KB, pushed: 2026-07-11T02:33:13Z)
[2026-07-12 00:07:30]   👤 用户仓库: 1 个 → 队列
[2026-07-12 00:07:30]   用户 bjxccloud 共查 1 个仓库[2026-07-12 00:07:30]   👤 用户仓库: 10 个 → 队列

[2026-07-12 00:07:30] 仓库 https://github.com/a117171/WorkerVless2sub (分支: main, size: 4629KB, pushed: 2026-07-11T02:33:08Z)[2026-07-12 00:07:30]   用户 ZXCV-design 共查 10 个仓库

[2026-07-12 00:07:30] 仓库 https://github.com/jian86/WorkerVless2sub (分支: main, size: 3781KB, pushed: 2026-07-11T02:32:18Z)[2026-07-12 00:07:30] 👤 遍历用户仓库: chenjian199609

[2026-07-12 00:07:30] 👤 遍历用户仓库: oahxu
[2026-07-12 00:07:30] 仓库 https://github.com/shenxinli/WorkerVless2sub 无候选文件 (总计 12 blob, 扩展名过滤 5, processed_shas 跳过 0, SHA 缓存跳过 7)
[2026-07-12 00:07:30] 🔗 查子仓库: shenxinli/WorkerVless2sub
[2026-07-12 00:07:30] 仓库 https://github.com/a117171/WorkerVless2sub 无候选文件 (总计 12 blob, 扩展名过滤 5, processed_shas 跳过 0, SHA 缓存跳过 7)
[2026-07-12 00:07:30] 🔗 查子仓库: a117171/WorkerVless2sub
[2026-07-12 00:07:30] 👤 遍历用户仓库: cheng8889
[2026-07-12 00:07:30] 仓库 https://github.com/jian86/WorkerVless2sub 无候选文件 (总计 12 blob, 扩展名过滤 5, processed_shas 跳过 0, SHA 缓存跳过 7)[2026-07-12 00:07:30] ⏱️ [51/122] 免费节点 pushed:>2026-07-10T15:34:46Z fork:true -language:HTML | 152s | +2345

[2026-07-12 00:07:30] 🔗 开始 Fork 链追踪 (shenxinli/WorkerVless2sub)[2026-07-12 00:07:30] 🔗 开始 Fork 链追踪 (a117171/WorkerVless2sub)[2026-07-12 00:07:30] 🔗 查子仓库: jian86/WorkerVless2sub


[2026-07-12 00:07:31] 🔗 开始 Fork 链追踪 (jian86/WorkerVless2sub)
[2026-07-12 00:07:31]   父仓库: cmliu/WorkerVless2sub
[2026-07-12 00:07:31]   父仓库: cmliu/WorkerVless2sub
[2026-07-12 00:07:31] 🔗 查子仓库: le45tx1m/SubCrawler
[2026-07-12 00:07:31]   父仓库: cmliu/WorkerVless2sub
[2026-07-12 00:07:32]   👤 用户仓库: 30 个 → 队列
[2026-07-12 00:07:32]   用户 chenjian199609 共查 30 个仓库
[2026-07-12 00:07:32]   👤 用户仓库: 15 个 → 队列[2026-07-12 00:07:32] 仓库 https://github.com/95270001/WorkerVless2sub (分支: main, size: 3781KB, pushed: 2026-07-11T02:27:35Z)

[2026-07-12 00:07:32]   用户 cheng8889 共查 15 个仓库
[2026-07-12 00:07:32] 仓库 https://github.com/supercrypto1984/WorkerVless2sub (分支: main, size: 3781KB, pushed: 2026-07-11T02:27:04Z)[2026-07-12 00:07:32] 🔗 开始 Fork 链追踪 (le45tx1m/SubCrawler)
[2026-07-12 00:07:32]   👤 用户仓库: 30 个 → 队列

[2026-07-12 00:07:32]   用户 oahxu 共查 30 个仓库
[2026-07-12 00:07:32] 仓库 https://github.com/bike3097/WorkerVless2sub (分支: main, size: 3782KB, pushed: 2026-07-11T02:24:14Z)
[2026-07-12 00:07:32] 仓库 https://github.com/95270001/WorkerVless2sub 无候选文件 (总计 12 blob, 扩展名过滤 5, processed_shas 跳过 0, SHA 缓存跳过 7)[2026-07-12 00:07:32]   父仓库: Leon406/SubCrawler

[2026-07-12 00:07:32] 🔗 查子仓库: 95270001/WorkerVless2sub
[2026-07-12 00:07:32] 仓库 https://github.com/supercrypto1984/WorkerVless2sub 无候选文件 (总计 12 blob, 扩展名过滤 5, processed_shas 跳过 0, SHA 缓存跳过 7)[2026-07-12 00:07:32] 仓库 https://github.com/bike3097/WorkerVless2sub 无候选文件 (总计 12 blob, 扩展名过滤 5, processed_shas 跳过 0, SHA 缓存跳过 7)

[2026-07-12 00:07:32] 🔗 开始 Fork 链追踪 (95270001/WorkerVless2sub)
[2026-07-12 00:07:32] 🔗 查子仓库: supercrypto1984/WorkerVless2sub
[2026-07-12 00:07:32] 🔗 查子仓库: bike3097/WorkerVless2sub
[2026-07-12 00:07:32] 🔗 开始 Fork 链追踪 (supercrypto1984/WorkerVless2sub)
[2026-07-12 00:07:32] 🔗 开始 Fork 链追踪 (bike3097/WorkerVless2sub)
[2026-07-12 00:07:33]   父仓库: cmliu/WorkerVless2sub
[2026-07-12 00:07:33]   父仓库: cmliu/WorkerVless2sub
[2026-07-12 00:07:33]   父仓库: cmliu/WorkerVless2sub[2026-07-12 00:07:33] 👤 遍历用户仓库: a117171

[2026-07-12 00:07:33] 👤 遍历用户仓库: shenxinli[2026-07-12 00:07:33] 👤 遍历用户仓库: jian86

[2026-07-12 00:07:34] 👤 遍历用户仓库: le45tx1m
[2026-07-12 00:07:34] 👤 遍历用户仓库: 95270001
[2026-07-12 00:07:34] 👤 遍历用户仓库: supercrypto1984
[2026-07-12 00:07:34]   👤 用户仓库: 30 个 → 队列
[2026-07-12 00:07:34]   用户 a117171 共查 30 个仓库
[2026-07-12 00:07:34] 仓库 https://github.com/Petory51/WorkerVless2sub (分支: main, size: 3781KB, pushed: 2026-07-11T02:22:26Z)
[2026-07-12 00:07:34] 👤 遍历用户仓库: bike3097
[2026-07-12 00:07:34] 📄 https://raw.githubusercontent.com/noxenys/SmartSub/main/sub/sub_all_url_check.txt ✅ 解析 16788 候选 → 16788 个有效节点 → 去重后新增 6 个
[2026-07-12 00:07:34] 🔗 查子仓库: noxenys/SmartSub
[2026-07-12 00:07:34]   👤 用户仓库: 29 个 → 队列
[2026-07-12 00:07:34]   用户 jian86 共查 29 个仓库
[2026-07-12 00:07:34] 仓库 https://github.com/DaBaival/WorkerVless2sub (分支: main, size: 3781KB, pushed: 2026-07-11T02:22:02Z)
[2026-07-12 00:07:34] 仓库 https://github.com/Petory51/WorkerVless2sub 无候选文件 (总计 12 blob, 扩展名过滤 5, processed_shas 跳过 0, SHA 缓存跳过 7)
[2026-07-12 00:07:34] 🔗 查子仓库: Petory51/WorkerVless2sub
[2026-07-12 00:07:34]   👤 用户仓库: 9 个 → 队列
[2026-07-12 00:07:34]   用户 95270001 共查 9 个仓库
[2026-07-12 00:07:34] 仓库 https://github.com/Kwisma/WorkerVless2sub (分支: main, size: 3781KB, pushed: 2026-07-11T02:20:23Z)
[2026-07-12 00:07:35] 🔗 开始 Fork 链追踪 (noxenys/SmartSub)
[2026-07-12 00:07:35] 仓库 https://github.com/DaBaival/WorkerVless2sub 无候选文件 (总计 12 blob, 扩展名过滤 5, processed_shas 跳过 0, SHA 缓存跳过 7)
[2026-07-12 00:07:35] 🔗 查子仓库: DaBaival/WorkerVless2sub
[2026-07-12 00:07:35] 🔗 开始 Fork 链追踪 (Petory51/WorkerVless2sub)
[2026-07-12 00:07:35] 🔗 开始 Fork 链追踪 (DaBaival/WorkerVless2sub)
[2026-07-12 00:07:35] 仓库 https://github.com/Kwisma/WorkerVless2sub 无候选文件 (总计 12 blob, 扩展名过滤 5, processed_shas 跳过 0, SHA 缓存跳过 7)
[2026-07-12 00:07:35] 🔗 查子仓库: Kwisma/WorkerVless2sub
[2026-07-12 00:07:35] 👤 遍历用户仓库: noxenys
[2026-07-12 00:07:35]   父仓库: cmliu/WorkerVless2sub
[2026-07-12 00:07:35] 🔗 开始 Fork 链追踪 (Kwisma/WorkerVless2sub)
[2026-07-12 00:07:35]   父仓库: cmliu/WorkerVless2sub
[2026-07-12 00:07:35]   👤 用户仓库: 25 个 → 队列
[2026-07-12 00:07:35]   用户 bike3097 共查 25 个仓库
[2026-07-12 00:07:35] 仓库 https://github.com/ken58688/WorkerVless2sub (分支: main, size: 3781KB, pushed: 2026-07-11T02:06:57Z)
[2026-07-12 00:07:35]   父仓库: cmliu/WorkerVless2sub
[2026-07-12 00:07:35] 仓库 https://github.com/ken58688/WorkerVless2sub 无候选文件 (总计 12 blob, 扩展名过滤 5, processed_shas 跳过 0, SHA 缓存跳过 7)
[2026-07-12 00:07:35] 🔗 查子仓库: ken58688/WorkerVless2sub
[2026-07-12 00:07:35] 🔗 开始 Fork 链追踪 (ken58688/WorkerVless2sub)
[2026-07-12 00:07:35]   👤 用户仓库: 4 个 → 队列
[2026-07-12 00:07:35]   用户 noxenys 共查 4 个仓库
[2026-07-12 00:07:35] 仓库 https://github.com/cxiyaoe/WorkerVless2sub (分支: main, size: 3781KB, pushed: 2026-07-11T02:05:20Z)
[2026-07-12 00:07:35] 👤 遍历用户仓库: Petory51
[2026-07-12 00:07:35]   父仓库: cmliu/WorkerVless2sub
[2026-07-12 00:07:35] 👤 遍历用户仓库: DaBaival
[2026-07-12 00:07:36] 仓库 https://github.com/cxiyaoe/WorkerVless2sub 无候选文件 (总计 12 blob, 扩展名过滤 5, processed_shas 跳过 0, SHA 缓存跳过 7)
[2026-07-12 00:07:36] 🔗 查子仓库: cxiyaoe/WorkerVless2sub
[2026-07-12 00:07:36] 🔗 开始 Fork 链追踪 (cxiyaoe/WorkerVless2sub)
[2026-07-12 00:07:36] 👤 遍历用户仓库: Kwisma
[2026-07-12 00:07:36]   父仓库: cmliu/WorkerVless2sub
[2026-07-12 00:07:36]   👤 用户仓库: 27 个 → 队列
[2026-07-12 00:07:36]   用户 Petory51 共查 27 个仓库
[2026-07-12 00:07:36] 仓库 https://github.com/qingfeng033358/WorkerVless2sub (分支: main, size: 3781KB, pushed: 2026-07-11T02:05:13Z)
[2026-07-12 00:07:36] 👤 遍历用户仓库: ken58688
[2026-07-12 00:07:36]   👤 用户仓库: 30 个 → 队列
[2026-07-12 00:07:36]   用户 shenxinli 共查 30 个仓库
[2026-07-12 00:07:36] 仓库 https://github.com/lhfga/WorkerVless2sub (分支: main, size: 3781KB, pushed: 2026-07-11T02:05:00Z)
[2026-07-12 00:07:36] 仓库 https://github.com/qingfeng033358/WorkerVless2sub 无候选文件 (总计 12 blob, 扩展名过滤 5, processed_shas 跳过 0, SHA 缓存跳过 7)
[2026-07-12 00:07:36] 🔗 查子仓库: qingfeng033358/WorkerVless2sub
[2026-07-12 00:07:36]   👤 用户仓库: 30 个 → 队列
[2026-07-12 00:07:36]   用户 Kwisma 共查 30 个仓库
[2026-07-12 00:07:36] 仓库 https://github.com/blesdmm/WorkerVless2sub (分支: main, size: 3781KB, pushed: 2026-07-11T02:04:32Z)
[2026-07-12 00:07:36] 仓库 https://github.com/lhfga/WorkerVless2sub 无候选文件 (总计 12 blob, 扩展名过滤 5, processed_shas 跳过 0, SHA 缓存跳过 7)
[2026-07-12 00:07:36] 🔗 查子仓库: lhfga/WorkerVless2sub
[2026-07-12 00:07:36] 🔗 开始 Fork 链追踪 (qingfeng033358/WorkerVless2sub)
[2026-07-12 00:07:36] 🔗 开始 Fork 链追踪 (lhfga/WorkerVless2sub)
[2026-07-12 00:07:36] 👤 遍历用户仓库: cxiyaoe
[2026-07-12 00:07:37]   👤 用户仓库: 11 个 → 队列
[2026-07-12 00:07:37]   用户 ken58688 共查 11 个仓库
[2026-07-12 00:07:37] 仓库 https://github.com/melsanlanth/CF_Worker_Vless2sub (分支: main, size: 3781KB, pushed: 2026-07-11T02:04:18Z)
[2026-07-12 00:07:37] 仓库 https://github.com/blesdmm/WorkerVless2sub 无候选文件 (总计 12 blob, 扩展名过滤 5, processed_shas 跳过 0, SHA 缓存跳过 7)
[2026-07-12 00:07:37] 🔗 查子仓库: blesdmm/WorkerVless2sub
[2026-07-12 00:07:37]   👤 用户仓库: 30 个 → 队列
[2026-07-12 00:07:37]   用户 DaBaival 共查 30 个仓库
[2026-07-12 00:07:37] 仓库 https://github.com/lgeng1900/WorkerVless2sub (分支: main, size: 3782KB, pushed: 2026-07-11T02:00:02Z)
[2026-07-12 00:07:37]   父仓库: cmliu/WorkerVless2sub
[2026-07-12 00:07:37] 🔗 开始 Fork 链追踪 (blesdmm/WorkerVless2sub)
[2026-07-12 00:07:37]   父仓库: cmliu/WorkerVless2sub
[2026-07-12 00:07:37]   👤 用户仓库: 2 个 → 队列
[2026-07-12 00:07:37]   用户 cxiyaoe 共查 2 个仓库
[2026-07-12 00:07:37] 仓库 https://github.com/DUQIA/WorkerVless2sub (分支: main, size: 3781KB, pushed: 2026-07-11T01:58:04Z)
[2026-07-12 00:07:37] 仓库 https://github.com/melsanlanth/CF_Worker_Vless2sub 无候选文件 (总计 12 blob, 扩展名过滤 5, processed_shas 跳过 0, SHA 缓存跳过 7)
[2026-07-12 00:07:37] 🔗 查子仓库: melsanlanth/CF_Worker_Vless2sub
[2026-07-12 00:07:37] 仓库 https://github.com/lgeng1900/WorkerVless2sub 无候选文件 (总计 12 blob, 扩展名过滤 5, processed_shas 跳过 0, SHA 缓存跳过 7)
[2026-07-12 00:07:37] 🔗 查子仓库: lgeng1900/WorkerVless2sub
[2026-07-12 00:07:37] 🔗 开始 Fork 链追踪 (lgeng1900/WorkerVless2sub)
[2026-07-12 00:07:37] 🔗 开始 Fork 链追踪 (melsanlanth/CF_Worker_Vless2sub)
[2026-07-12 00:07:37]   父仓库: cmliu/WorkerVless2sub
[2026-07-12 00:07:37] 仓库 https://github.com/DUQIA/WorkerVless2sub 无候选文件 (总计 12 blob, 扩展名过滤 5, processed_shas 跳过 0, SHA 缓存跳过 7)
[2026-07-12 00:07:37] 🔗 查子仓库: DUQIA/WorkerVless2sub
[2026-07-12 00:07:37]   👤 用户仓库: 30 个 → 队列
[2026-07-12 00:07:37]   用户 le45tx1m 共查 30 个仓库
[2026-07-12 00:07:37] 仓库 https://github.com/wuyang0909/WorkerVless2sub (分支: main, size: 3781KB, pushed: 2026-07-11T01:53:18Z)
[2026-07-12 00:07:37] 🔗 开始 Fork 链追踪 (DUQIA/WorkerVless2sub)
[2026-07-12 00:07:37]   父仓库: cmliu/WorkerVless2sub
[2026-07-12 00:07:37]   父仓库: cmliu/WorkerVless2sub
[2026-07-12 00:07:37] 仓库 https://github.com/wuyang0909/WorkerVless2sub 无候选文件 (总计 12 blob, 扩展名过滤 5, processed_shas 跳过 0, SHA 缓存跳过 7)
[2026-07-12 00:07:37] 🔗 查子仓库: wuyang0909/WorkerVless2sub
[2026-07-12 00:07:37]   父仓库: cmliu/WorkerVless2sub
[2026-07-12 00:07:37] 👤 遍历用户仓库: qingfeng033358
[2026-07-12 00:07:37] 🔗 开始 Fork 链追踪 (wuyang0909/WorkerVless2sub)
[2026-07-12 00:07:37] 👤 遍历用户仓库: lhfga
[2026-07-12 00:07:37] 👤 遍历用户仓库: blesdmm
[2026-07-12 00:07:37]   父仓库: cmliu/WorkerVless2sub
[2026-07-12 00:07:37]   👤 用户仓库: 6 个 → 队列
[2026-07-12 00:07:37]   用户 qingfeng033358 共查 6 个仓库
[2026-07-12 00:07:37] 仓库 https://github.com/STBD1574/WorkerVless2sub (分支: main, size: 3781KB, pushed: 2026-07-11T01:50:22Z)
[2026-07-12 00:07:38]   👤 用户仓库: 30 个 → 队列
[2026-07-12 00:07:38]   用户 supercrypto1984 共查 30 个仓库
[2026-07-12 00:07:38] 仓库 https://github.com/armjukl/WorkerVless2sub (分支: main, size: 3781KB, pushed: 2026-07-11T01:50:08Z)
[2026-07-12 00:07:38] 👤 遍历用户仓库: lgeng1900
[2026-07-12 00:07:38] 仓库 https://github.com/STBD1574/WorkerVless2sub 无候选文件 (总计 12 blob, 扩展名过滤 5, processed_shas 跳过 0, SHA 缓存跳过 7)
[2026-07-12 00:07:38] 🔗 查子仓库: STBD1574/WorkerVless2sub
[2026-07-12 00:07:38] 🔗 开始 Fork 链追踪 (STBD1574/WorkerVless2sub)
[2026-07-12 00:07:38] 👤 遍历用户仓库: melsanlanth
[2026-07-12 00:07:38] 👤 遍历用户仓库: DUQIA
[2026-07-12 00:07:38] 仓库 https://github.com/armjukl/WorkerVless2sub 无候选文件 (总计 12 blob, 扩展名过滤 5, processed_shas 跳过 0, SHA 缓存跳过 7)
[2026-07-12 00:07:38] 🔗 查子仓库: armjukl/WorkerVless2sub
[2026-07-12 00:07:38]   父仓库: cmliu/WorkerVless2sub
[2026-07-12 00:07:38] 🔗 开始 Fork 链追踪 (armjukl/WorkerVless2sub)
[2026-07-12 00:07:38] 👤 遍历用户仓库: wuyang0909
[2026-07-12 00:07:38]   父仓库: cmliu/WorkerVless2sub
[2026-07-12 00:07:38]   👤 用户仓库: 19 个 → 队列
[2026-07-12 00:07:38]   用户 DUQIA 共查 19 个仓库
[2026-07-12 00:07:38] 仓库 https://github.com/brinishness/WorkerVless2sub (分支: main, size: 3781KB, pushed: 2026-07-11T01:48:13Z)
[2026-07-12 00:07:38]   👤 用户仓库: 30 个 → 队列
[2026-07-12 00:07:38]   用户 lhfga 共查 30 个仓库
[2026-07-12 00:07:38] 仓库 https://github.com/Ardentwheel/WorkerVless2sub (分支: main, size: 3781KB, pushed: 2026-07-11T01:46:25Z)
[2026-07-12 00:07:38]   👤 用户仓库: 23 个 → 队列
[2026-07-12 00:07:38]   用户 melsanlanth 共查 23 个仓库
[2026-07-12 00:07:38] 仓库 https://github.com/Godloveshot/WorkerVless2sub (分支: main, size: 3782KB, pushed: 2026-07-11T01:46:16Z)
[2026-07-12 00:07:38]   👤 用户仓库: 30 个 → 队列
[2026-07-12 00:07:38]   用户 lgeng1900 共查 30 个仓库
[2026-07-12 00:07:38] 仓库 https://github.com/LevisVIP/WorkerVless2sub (分支: main, size: 3781KB, pushed: 2026-07-11T01:45:51Z)
[2026-07-12 00:07:38] 仓库 https://github.com/brinishness/WorkerVless2sub 无候选文件 (总计 12 blob, 扩展名过滤 5, processed_shas 跳过 0, SHA 缓存跳过 7)
[2026-07-12 00:07:38] 🔗 查子仓库: brinishness/WorkerVless2sub
[2026-07-12 00:07:39] 仓库 https://github.com/Ardentwheel/WorkerVless2sub 无候选文件 (总计 12 blob, 扩展名过滤 5, processed_shas 跳过 0, SHA 缓存跳过 7)
[2026-07-12 00:07:39] 🔗 查子仓库: Ardentwheel/WorkerVless2sub
[2026-07-12 00:07:39] 🔗 开始 Fork 链追踪 (brinishness/WorkerVless2sub)
[2026-07-12 00:07:39] 仓库 https://github.com/Godloveshot/WorkerVless2sub 无候选文件 (总计 12 blob, 扩展名过滤 5, processed_shas 跳过 0, SHA 缓存跳过 7)
[2026-07-12 00:07:39] 🔗 查子仓库: Godloveshot/WorkerVless2sub
[2026-07-12 00:07:39] 👤 遍历用户仓库: STBD1574
[2026-07-12 00:07:39] 🔗 开始 Fork 链追踪 (Ardentwheel/WorkerVless2sub)
[2026-07-12 00:07:39]   👤 用户仓库: 15 个 → 队列
[2026-07-12 00:07:39]   用户 wuyang0909 共查 15 个仓库
[2026-07-12 00:07:39] 仓库 https://github.com/1Beehive/WorkerVless2sub (分支: main, size: 3781KB, pushed: 2026-07-11T01:45:47Z)
[2026-07-12 00:07:39] 仓库 https://github.com/LevisVIP/WorkerVless2sub 无候选文件 (总计 12 blob, 扩展名过滤 5, processed_shas 跳过 0, SHA 缓存跳过 7)
[2026-07-12 00:07:39] 🔗 查子仓库: LevisVIP/WorkerVless2sub
[2026-07-12 00:07:39] 🔗 开始 Fork 链追踪 (Godloveshot/WorkerVless2sub)
[2026-07-12 00:07:39] 🔗 开始 Fork 链追踪 (LevisVIP/WorkerVless2sub)
[2026-07-12 00:07:39]   父仓库: cmliu/WorkerVless2sub
[2026-07-12 00:07:39]   父仓库: cmliu/WorkerVless2sub
[2026-07-12 00:07:39] 仓库 https://github.com/1Beehive/WorkerVless2sub 无候选文件 (总计 12 blob, 扩展名过滤 5, processed_shas 跳过 0, SHA 缓存跳过 7)
[2026-07-12 00:07:39] 🔗 查子仓库: 1Beehive/WorkerVless2sub
[2026-07-12 00:07:39]   父仓库: cmliu/WorkerVless2sub
[2026-07-12 00:07:39] 👤 遍历用户仓库: armjukl
[2026-07-12 00:07:39] 🔗 开始 Fork 链追踪 (1Beehive/WorkerVless2sub)
[2026-07-12 00:07:39]   父仓库: cmliu/WorkerVless2sub
[2026-07-12 00:07:39]   👤 用户仓库: 30 个 → 队列
[2026-07-12 00:07:39]   用户 blesdmm 共查 30 个仓库
[2026-07-12 00:07:39] 仓库 https://github.com/ipx2003/WorkerVless2sub (分支: main, size: 3783KB, pushed: 2026-07-11T01:44:50Z)
[2026-07-12 00:07:39]   👤 用户仓库: 10 个 → 队列
[2026-07-12 00:07:39]   用户 STBD1574 共查 10 个仓库
[2026-07-12 00:07:39] 仓库 https://github.com/renzhiai00/WorkerVless2sub (分支: main, size: 3781KB, pushed: 2026-07-11T01:44:37Z)
[2026-07-12 00:07:39]   父仓库: cmliu/WorkerVless2sub
[2026-07-12 00:07:39] 仓库 https://github.com/ipx2003/WorkerVless2sub 无候选文件 (总计 12 blob, 扩展名过滤 5, processed_shas 跳过 0, SHA 缓存跳过 7)
[2026-07-12 00:07:39] 🔗 查子仓库: ipx2003/WorkerVless2sub
[2026-07-12 00:07:39] 仓库 https://github.com/renzhiai00/WorkerVless2sub 无候选文件 (总计 12 blob, 扩展名过滤 5, processed_shas 跳过 0, SHA 缓存跳过 7)
[2026-07-12 00:07:39] 🔗 查子仓库: renzhiai00/WorkerVless2sub
[2026-07-12 00:07:39] 🔗 开始 Fork 链追踪 (ipx2003/WorkerVless2sub)
[2026-07-12 00:07:39] 🔗 开始 Fork 链追踪 (renzhiai00/WorkerVless2sub)
[2026-07-12 00:07:39]   👤 用户仓库: 30 个 → 队列
[2026-07-12 00:07:39]   用户 armjukl 共查 30 个仓库
[2026-07-12 00:07:39] 仓库 https://github.com/luzihaofather/WorkerVless2sub (分支: main, size: 3781KB, pushed: 2026-07-11T01:43:41Z)
[2026-07-12 00:07:39] 👤 遍历用户仓库: brinishness
[2026-07-12 00:07:39] 👤 遍历用户仓库: Ardentwheel
[2026-07-12 00:07:40]   父仓库: cmliu/WorkerVless2sub
[2026-07-12 00:07:40] 👤 遍历用户仓库: Godloveshot
[2026-07-12 00:07:40]   父仓库: cmliu/WorkerVless2sub
[2026-07-12 00:07:40] 👤 遍历用户仓库: LevisVIP
[2026-07-12 00:07:40] 仓库 https://github.com/luzihaofather/WorkerVless2sub 无候选文件 (总计 12 blob, 扩展名过滤 5, processed_shas 跳过 0, SHA 缓存跳过 7)
[2026-07-12 00:07:40] 🔗 查子仓库: luzihaofather/WorkerVless2sub
[2026-07-12 00:07:40] 🔗 开始 Fork 链追踪 (luzihaofather/WorkerVless2sub)
[2026-07-12 00:07:40] 👤 遍历用户仓库: 1Beehive
[2026-07-12 00:07:40] ⏱️ [52/122] 免费clash订阅 pushed:>2026-07-10T15:34:46Z fork:true -language:H | 9s | +6
[2026-07-12 00:07:40]   👤 用户仓库: 6 个 → 队列
[2026-07-12 00:07:40]   用户 Godloveshot 共查 6 个仓库
[2026-07-12 00:07:40] 仓库 https://github.com/jovinleung/WorkerVless2sub (分支: main, size: 3782KB, pushed: 2026-07-11T01:41:22Z)
[2026-07-12 00:07:40]   👤 用户仓库: 9 个 → 队列
[2026-07-12 00:07:40]   用户 LevisVIP 共查 9 个仓库
[2026-07-12 00:07:40] 仓库 https://github.com/Liqw343a/WorkerVless2sub (分支: main, size: 3781KB, pushed: 2026-07-11T01:29:41Z)
[2026-07-12 00:07:40]   父仓库: cmliu/WorkerVless2sub
[2026-07-12 00:07:40] 仓库 https://github.com/jovinleung/WorkerVless2sub 无候选文件 (总计 12 blob, 扩展名过滤 5, processed_shas 跳过 0, SHA 缓存跳过 7)
[2026-07-12 00:07:40] 🔗 查子仓库: jovinleung/WorkerVless2sub
[2026-07-12 00:07:40] 仓库 https://github.com/Liqw343a/WorkerVless2sub 无候选文件 (总计 12 blob, 扩展名过滤 5, processed_shas 跳过 0, SHA 缓存跳过 7)
[2026-07-12 00:07:40] 🔗 查子仓库: Liqw343a/WorkerVless2sub
[2026-07-12 00:07:40] 🔗 开始 Fork 链追踪 (jovinleung/WorkerVless2sub)
[2026-07-12 00:07:40] 👤 遍历用户仓库: ipx2003
[2026-07-12 00:07:40] 👤 遍历用户仓库: renzhiai00
[2026-07-12 00:07:40]   👤 用户仓库: 28 个 → 队列
[2026-07-12 00:07:40]   用户 brinishness 共查 28 个仓库
[2026-07-12 00:07:40] 仓库 https://github.com/ktzhush/WorkerVless2sub (分支: main, size: 3781KB, pushed: 2026-07-11T01:21:17Z)
[2026-07-12 00:07:40] 🔗 开始 Fork 链追踪 (Liqw343a/WorkerVless2sub)
[2026-07-12 00:07:40]   父仓库: cmliu/WorkerVless2sub
[2026-07-12 00:07:40] 仓库 https://github.com/ktzhush/WorkerVless2sub 无候选文件 (总计 12 blob, 扩展名过滤 5, processed_shas 跳过 0, SHA 缓存跳过 7)
[2026-07-12 00:07:40] 🔗 查子仓库: ktzhush/WorkerVless2sub
[2026-07-12 00:07:40]   父仓库: cmliu/WorkerVless2sub
[2026-07-12 00:07:40] 🔗 开始 Fork 链追踪 (ktzhush/WorkerVless2sub)
[2026-07-12 00:07:41]   👤 用户仓库: 30 个 → 队列
[2026-07-12 00:07:41]   用户 Ardentwheel 共查 30 个仓库
[2026-07-12 00:07:41] 仓库 https://github.com/k871688/WorkerVless2sub (分支: main, size: 3781KB, pushed: 2026-07-11T01:20:25Z)
[2026-07-12 00:07:41] 👤 遍历用户仓库: luzihaofather
[2026-07-12 00:07:41]   父仓库: cmliu/WorkerVless2sub
[2026-07-12 00:07:41] 仓库 https://github.com/k871688/WorkerVless2sub 无候选文件 (总计 12 blob, 扩展名过滤 5, processed_shas 跳过 0, SHA 缓存跳过 7)
[2026-07-12 00:07:41] 🔗 查子仓库: k871688/WorkerVless2sub
[2026-07-12 00:07:41]   👤 用户仓库: 25 个 → 队列
[2026-07-12 00:07:41]   用户 ipx2003 共查 25 个仓库
[2026-07-12 00:07:41] 仓库 https://github.com/shaufo2/WorkerVless2sub (分支: main, size: 3781KB, pushed: 2026-07-11T01:18:55Z)
[2026-07-12 00:07:41]   👤 用户仓库: 3 个 → 队列
[2026-07-12 00:07:41]   用户 luzihaofather 共查 3 个仓库
[2026-07-12 00:07:41] 仓库 https://github.com/liu667788/WorkerVless2sub (分支: main, size: 3781KB, pushed: 2026-07-11T01:18:53Z)
[2026-07-12 00:07:41] 🔗 开始 Fork 链追踪 (k871688/WorkerVless2sub)
[2026-07-12 00:07:41] 👤 遍历用户仓库: jovinleung
[2026-07-12 00:07:41]   👤 用户仓库: 30 个 → 队列
[2026-07-12 00:07:41]   用户 renzhiai00 共查 30 个仓库
[2026-07-12 00:07:41] 仓库 https://github.com/fengcen-ms/WorkerVless2sub (分支: main, size: 3781KB, pushed: 2026-07-11T01:16:19Z)
[2026-07-12 00:07:41] 仓库 https://github.com/shaufo2/WorkerVless2sub 无候选文件 (总计 12 blob, 扩展名过滤 5, processed_shas 跳过 0, SHA 缓存跳过 7)
[2026-07-12 00:07:41] 🔗 查子仓库: shaufo2/WorkerVless2sub
[2026-07-12 00:07:41]   父仓库: cmliu/WorkerVless2sub
[2026-07-12 00:07:41] 仓库 https://github.com/liu667788/WorkerVless2sub 无候选文件 (总计 12 blob, 扩展名过滤 5, processed_shas 跳过 0, SHA 缓存跳过 7)
[2026-07-12 00:07:41] 🔗 查子仓库: liu667788/WorkerVless2sub
[2026-07-12 00:07:41] 🔗 开始 Fork 链追踪 (shaufo2/WorkerVless2sub)
[2026-07-12 00:07:41] 🔗 开始 Fork 链追踪 (liu667788/WorkerVless2sub)
[2026-07-12 00:07:41] 仓库 https://github.com/fengcen-ms/WorkerVless2sub 无候选文件 (总计 12 blob, 扩展名过滤 5, processed_shas 跳过 0, SHA 缓存跳过 7)
[2026-07-12 00:07:41] 🔗 查子仓库: fengcen-ms/WorkerVless2sub
[2026-07-12 00:07:41] 🔗 开始 Fork 链追踪 (fengcen-ms/WorkerVless2sub)
[2026-07-12 00:07:41] 👤 遍历用户仓库: Liqw343a
[2026-07-12 00:07:41]   父仓库: cmliu/WorkerVless2sub
[2026-07-12 00:07:41]   👤 用户仓库: 7 个 → 队列
[2026-07-12 00:07:41]   用户 jovinleung 共查 7 个仓库
[2026-07-12 00:07:41] 仓库 https://github.com/bsteven999/CM-WorkerVless2sub (分支: main, size: 4610KB, pushed: 2026-07-11T01:13:46Z)
[2026-07-12 00:07:41]   父仓库: cmliu/WorkerVless2sub
[2026-07-12 00:07:41] 👤 遍历用户仓库: ktzhush
[2026-07-12 00:07:41]   父仓库: cmliu/WorkerVless2sub
[2026-07-12 00:07:42] 仓库 https://github.com/bsteven999/CM-WorkerVless2sub 无候选文件 (总计 12 blob, 扩展名过滤 5, processed_shas 跳过 0, SHA 缓存跳过 7)
[2026-07-12 00:07:42] 🔗 查子仓库: bsteven999/CM-WorkerVless2sub
[2026-07-12 00:07:42] 🔗 开始 Fork 链追踪 (bsteven999/CM-WorkerVless2sub)
[2026-07-12 00:07:42] 👤 遍历用户仓库: k871688
[2026-07-12 00:07:42]   👤 用户仓库: 20 个 → 队列
[2026-07-12 00:07:42]   用户 Liqw343a 共查 20 个仓库
[2026-07-12 00:07:42] 仓库 https://github.com/3467654709/WorkerVless2sub (分支: main, size: 3781KB, pushed: 2026-07-10T21:32:23Z)
[2026-07-12 00:07:42]   父仓库: cmliu/WorkerVless2sub
[2026-07-12 00:07:42] 👤 遍历用户仓库: shaufo2
[2026-07-12 00:07:42] 仓库 https://github.com/3467654709/WorkerVless2sub 无候选文件 (总计 12 blob, 扩展名过滤 5, processed_shas 跳过 0, SHA 缓存跳过 7)
[2026-07-12 00:07:42] 🔗 查子仓库: 3467654709/WorkerVless2sub
[2026-07-12 00:07:42] 👤 遍历用户仓库: liu667788
[2026-07-12 00:07:42] 🔗 开始 Fork 链追踪 (3467654709/WorkerVless2sub)
[2026-07-12 00:07:42]   👤 用户仓库: 30 个 → 队列
[2026-07-12 00:07:42]   用户 1Beehive 共查 30 个仓库
[2026-07-12 00:07:42] 仓库 https://github.com/wangai14/WorkerVless2sub (分支: main, size: 3781KB, pushed: 2026-07-10T20:12:24Z)
[2026-07-12 00:07:42] 👤 遍历用户仓库: fengcen-ms
[2026-07-12 00:07:42]   👤 用户仓库: 5 个 → 队列
[2026-07-12 00:07:42]   用户 shaufo2 共查 5 个仓库
[2026-07-12 00:07:42] 仓库 https://github.com/daxuewuyu8-dotcom/WorkerVless2sub (分支: main, size: 3781KB, pushed: 2026-07-10T20:00:36Z)
[2026-07-12 00:07:42]   👤 用户仓库: 20 个 → 队列
[2026-07-12 00:07:42]   用户 k871688 共查 20 个仓库
[2026-07-12 00:07:42] 仓库 https://github.com/qhy5697062/WorkerVless2sub (分支: main, size: 3781KB, pushed: 2026-07-10T19:27:49Z)
[2026-07-12 00:07:42]   父仓库: cmliu/WorkerVless2sub
[2026-07-12 00:07:42] 仓库 https://github.com/wangai14/WorkerVless2sub 无候选文件 (总计 12 blob, 扩展名过滤 5, processed_shas 跳过 0, SHA 缓存跳过 7)
[2026-07-12 00:07:42] 🔗 查子仓库: wangai14/WorkerVless2sub
[2026-07-12 00:07:42]   👤 用户仓库: 1 个 → 队列
[2026-07-12 00:07:42]   用户 fengcen-ms 共查 1 个仓库
[2026-07-12 00:07:42] 仓库 https://github.com/w-163/WorkerVless2sub (分支: main, size: 3781KB, pushed: 2026-07-10T19:27:06Z)
[2026-07-12 00:07:42] 仓库 https://github.com/daxuewuyu8-dotcom/WorkerVless2sub 无候选文件 (总计 12 blob, 扩展名过滤 5, processed_shas 跳过 0, SHA 缓存跳过 7)
[2026-07-12 00:07:42] 🔗 查子仓库: daxuewuyu8-dotcom/WorkerVless2sub
[2026-07-12 00:07:42]   👤 用户仓库: 9 个 → 队列
[2026-07-12 00:07:42]   用户 liu667788 共查 9 个仓库
[2026-07-12 00:07:42] 仓库 https://github.com/yangpf5271/WorkerVless2sub (分支: main, size: 3781KB, pushed: 2026-07-10T19:00:51Z)
[2026-07-12 00:07:42] 🔗 开始 Fork 链追踪 (wangai14/WorkerVless2sub)
[2026-07-12 00:07:42] 仓库 https://github.com/qhy5697062/WorkerVless2sub 无候选文件 (总计 12 blob, 扩展名过滤 5, processed_shas 跳过 0, SHA 缓存跳过 7)
[2026-07-12 00:07:42] 🔗 查子仓库: qhy5697062/WorkerVless2sub
[2026-07-12 00:07:42] 🔗 开始 Fork 链追踪 (daxuewuyu8-dotcom/WorkerVless2sub)
[2026-07-12 00:07:43] 仓库 https://github.com/w-163/WorkerVless2sub 无候选文件 (总计 12 blob, 扩展名过滤 5, processed_shas 跳过 0, SHA 缓存跳过 7)
[2026-07-12 00:07:43] 🔗 查子仓库: w-163/WorkerVless2sub
[2026-07-12 00:07:43] 👤 遍历用户仓库: bsteven999
[2026-07-12 00:07:43] 🔗 开始 Fork 链追踪 (qhy5697062/WorkerVless2sub)
[2026-07-12 00:07:43] 仓库 https://github.com/yangpf5271/WorkerVless2sub 无候选文件 (总计 12 blob, 扩展名过滤 5, processed_shas 跳过 0, SHA 缓存跳过 7)
[2026-07-12 00:07:43] 🔗 查子仓库: yangpf5271/WorkerVless2sub
[2026-07-12 00:07:43]   父仓库: cmliu/WorkerVless2sub
[2026-07-12 00:07:43] 🔗 开始 Fork 链追踪 (w-163/WorkerVless2sub)
[2026-07-12 00:07:43]   父仓库: cmliu/WorkerVless2sub
[2026-07-12 00:07:43] 🔗 开始 Fork 链追踪 (yangpf5271/WorkerVless2sub)
[2026-07-12 00:07:43]   父仓库: cmliu/WorkerVless2sub
[2026-07-12 00:07:43]   父仓库: cmliu/WorkerVless2sub
[2026-07-12 00:07:43]   父仓库: cmliu/WorkerVless2sub
[2026-07-12 00:07:43] 👤 遍历用户仓库: 3467654709
[2026-07-12 00:07:43]   👤 用户仓库: 21 个 → 队列
[2026-07-12 00:07:43]   用户 bsteven999 共查 21 个仓库
[2026-07-12 00:07:43] 仓库 https://github.com/Love-AronaPlana/WorkerVless2sub (分支: main, size: 4609KB, pushed: 2026-07-10T18:58:08Z)
[2026-07-12 00:07:43] 👤 遍历用户仓库: wangai14
[2026-07-12 00:07:43]   👤 用户仓库: 30 个 → 队列
[2026-07-12 00:07:43]   用户 ktzhush 共查 30 个仓库
[2026-07-12 00:07:43] 仓库 https://github.com/laibabaifei/cmliu-WorkerVless2sub (分支: main, size: 3781KB, pushed: 2026-07-10T18:03:42Z)
[2026-07-12 00:07:43] 👤 遍历用户仓库: daxuewuyu8-dotcom
[2026-07-12 00:07:43] 仓库 https://github.com/Love-AronaPlana/WorkerVless2sub 无候选文件 (总计 12 blob, 扩展名过滤 5, processed_shas 跳过 0, SHA 缓存跳过 7)
[2026-07-12 00:07:43] 🔗 查子仓库: Love-AronaPlana/WorkerVless2sub
[2026-07-12 00:07:43]   👤 用户仓库: 24 个 → 队列
[2026-07-12 00:07:43]   用户 3467654709 共查 24 个仓库
[2026-07-12 00:07:43] 仓库 https://github.com/huangjin7511/WorkerVless2sub (分支: main, size: 3781KB, pushed: 2026-07-10T17:50:50Z)
[2026-07-12 00:07:43] 👤 遍历用户仓库: qhy5697062
[2026-07-12 00:07:43] 🔗 开始 Fork 链追踪 (Love-AronaPlana/WorkerVless2sub)
[2026-07-12 00:07:43] 仓库 https://github.com/laibabaifei/cmliu-WorkerVless2sub 无候选文件 (总计 12 blob, 扩展名过滤 5, processed_shas 跳过 0, SHA 缓存跳过 7)
[2026-07-12 00:07:43] 🔗 查子仓库: laibabaifei/cmliu-WorkerVless2sub
[2026-07-12 00:07:44] 👤 遍历用户仓库: yangpf5271
[2026-07-12 00:07:44] 👤 遍历用户仓库: w-163
[2026-07-12 00:07:44] 仓库 https://github.com/huangjin7511/WorkerVless2sub 无候选文件 (总计 12 blob, 扩展名过滤 5, processed_shas 跳过 0, SHA 缓存跳过 7)
[2026-07-12 00:07:44] 🔗 查子仓库: huangjin7511/WorkerVless2sub
[2026-07-12 00:07:44] 🔗 开始 Fork 链追踪 (laibabaifei/cmliu-WorkerVless2sub)
[2026-07-12 00:07:44]   父仓库: cmliu/WorkerVless2sub
[2026-07-12 00:07:44] 🔗 开始 Fork 链追踪 (huangjin7511/WorkerVless2sub)
[2026-07-12 00:07:44]   👤 用户仓库: 8 个 → 队列
[2026-07-12 00:07:44]   用户 daxuewuyu8-dotcom 共查 8 个仓库
[2026-07-12 00:07:44]   父仓库: cmliu/WorkerVless2sub[2026-07-12 00:07:44] 仓库 https://github.com/YifLee/WorkerVless2sub (分支: main, size: 3781KB, pushed: 2026-07-10T17:48:37Z)

[2026-07-12 00:07:44]   👤 用户仓库: 7 个 → 队列
[2026-07-12 00:07:44]   用户 w-163 共查 7 个仓库
[2026-07-12 00:07:44] 仓库 https://github.com/yk3141/WorkerVless2sub (分支: main, size: 3781KB, pushed: 2026-07-10T17:18:05Z)
[2026-07-12 00:07:44]   父仓库: cmliu/WorkerVless2sub
[2026-07-12 00:07:44] 仓库 https://github.com/yk3141/WorkerVless2sub 无候选文件 (总计 12 blob, 扩展名过滤 5, processed_shas 跳过 0, SHA 缓存跳过 7)
[2026-07-12 00:07:44] 🔗 查子仓库: yk3141/WorkerVless2sub
[2026-07-12 00:07:44] 仓库 https://github.com/YifLee/WorkerVless2sub 无候选文件 (总计 12 blob, 扩展名过滤 5, processed_shas 跳过 0, SHA 缓存跳过 7)
[2026-07-12 00:07:44] 🔗 查子仓库: YifLee/WorkerVless2sub
[2026-07-12 00:07:44] 🔗 开始 Fork 链追踪 (YifLee/WorkerVless2sub)
[2026-07-12 00:07:44] 🔗 开始 Fork 链追踪 (yk3141/WorkerVless2sub)
[2026-07-12 00:07:44] 👤 遍历用户仓库: Love-AronaPlana
[2026-07-12 00:07:44]   父仓库: cmliu/WorkerVless2sub
[2026-07-12 00:07:44]   父仓库: cmliu/WorkerVless2sub
[2026-07-12 00:07:44] 👤 遍历用户仓库: laibabaifei
[2026-07-12 00:07:45] 👤 遍历用户仓库: huangjin7511
[2026-07-12 00:07:45]   👤 用户仓库: 30 个 → 队列
[2026-07-12 00:07:45]   用户 qhy5697062 共查 30 个仓库
[2026-07-12 00:07:45] 仓库 https://github.com/xlh001/WorkerVless2sub (分支: main, size: 3781KB, pushed: 2026-07-10T17:08:11Z)
[2026-07-12 00:07:45] 👤 遍历用户仓库: YifLee
[2026-07-12 00:07:45] 👤 遍历用户仓库: yk3141
[2026-07-12 00:07:45] 仓库 https://github.com/xlh001/WorkerVless2sub 无候选文件 (总计 12 blob, 扩展名过滤 5, processed_shas 跳过 0, SHA 缓存跳过 7)
[2026-07-12 00:07:45] 🔗 查子仓库: xlh001/WorkerVless2sub
[2026-07-12 00:07:45] 🔗 开始 Fork 链追踪 (xlh001/WorkerVless2sub)
[2026-07-12 00:07:45]   👤 用户仓库: 30 个 → 队列
[2026-07-12 00:07:45]   用户 Love-AronaPlana 共查 30 个仓库
[2026-07-12 00:07:45] 仓库 https://github.com/sabarishsais13/Blockchain-Based-Smart-Subsidy-Delivery-System-SSDS- (分支: main, size: 3KB, pushed: 2026-07-11T07:50:46Z)
[2026-07-12 00:07:45]   👤 用户仓库: 30 个 → 队列
[2026-07-12 00:07:45]   用户 laibabaifei 共查 30 个仓库
[2026-07-12 00:07:45] 仓库 https://github.com/zhiwoxing/auto-ss-sub (分支: main, size: 357KB, pushed: 2026-07-11T05:29:35Z)
[2026-07-12 00:07:45]   👤 用户仓库: 3 个 → 队列
[2026-07-12 00:07:45]   用户 yk3141 共查 3 个仓库
[2026-07-12 00:07:45] 仓库 https://github.com/muzaffer72/multi-proxy-config-fetcher (分支: main, size: 33106KB, pushed: 2026-07-11T15:56:45Z)
[2026-07-12 00:07:45]   👤 用户仓库: 30 个 → 队列
[2026-07-12 00:07:45]   用户 huangjin7511 共查 30 个仓库
[2026-07-12 00:07:45] 仓库 https://github.com/riestru/multi-proxy-config-fetcher (分支: main, size: 26419KB, pushed: 2026-07-11T15:51:29Z)
[2026-07-12 00:07:45]   👤 用户仓库: 8 个 → 队列
[2026-07-12 00:07:45]   用户 YifLee 共查 8 个仓库
[2026-07-12 00:07:45] 仓库 https://github.com/googledslz/multi-proxy-config-fetcher (分支: main, size: 52869KB, pushed: 2026-07-11T15:50:46Z)
[2026-07-12 00:07:45]   父仓库: cmliu/WorkerVless2sub
[2026-07-12 00:07:45] 仓库 https://github.com/muzaffer72/multi-proxy-config-fetcher 候选文件 8 个
[2026-07-12 00:07:45] 仓库 https://github.com/zhiwoxing/auto-ss-sub 候选文件 1 个
[2026-07-12 00:07:45] 仓库 https://github.com/sabarishsais13/Blockchain-Based-Smart-Subsidy-Delivery-System-SSDS- 候选文件 2 个
[2026-07-12 00:07:45] 仓库 https://github.com/riestru/multi-proxy-config-fetcher 候选文件 5 个
[2026-07-12 00:07:45] 仓库 https://github.com/googledslz/multi-proxy-config-fetcher 候选文件 5 个
[2026-07-12 00:07:46] 📄 https://raw.githubusercontent.com/zhiwoxing/auto-ss-sub/main/sub.txt ✅ 解析 24 候选 → 24 个有效节点 → 去重后新增 6 个
[2026-07-12 00:07:46] 🔗 查子仓库: zhiwoxing/auto-ss-sub
[2026-07-12 00:07:46] 🔗 开始 Fork 链追踪 (zhiwoxing/auto-ss-sub)
[2026-07-12 00:07:46] README (sabarishsais13/Blockchain-Based-Smart-Subsidy-Delivery-System-SSDS-) 404，跳过[2026-07-12 00:07:46] 👤 遍历用户仓库: zhiwoxing

[2026-07-12 00:07:46] 仓库 https://github.com/sabarishsais13/Blockchain-Based-Smart-Subsidy-Delivery-System-SSDS- 未提取到节点，加入黑名单
[2026-07-12 00:07:46] 仓库 https://github.com/Leovikii/Sing-Sub (分支: main, size: 486KB, pushed: 2026-07-11T15:18:09Z)
[2026-07-12 00:07:46]   👤 用户仓库: 30 个 → 队列
[2026-07-12 00:07:46]   用户 yangpf5271 共查 30 个仓库
[2026-07-12 00:07:46] 仓库 https://github.com/nyeinkokoaung404/multi-proxy-config-fetcher (分支: main, size: 57910KB, pushed: 2026-07-11T13:15:02Z)
[2026-07-12 00:07:46]   👤 用户仓库: 2 个 → 队列
[2026-07-12 00:07:46]   用户 zhiwoxing 共查 2 个仓库
[2026-07-12 00:07:46] 仓库 https://github.com/Leovikii/Sing-Sub 候选文件 9 个
[2026-07-12 00:07:46] 仓库 https://github.com/4n0nymou3/multi-proxy-config-fetcher (分支: main, size: 68661KB, pushed: 2026-07-11T13:04:25Z)
[2026-07-12 00:07:46] 仓库 https://github.com/nyeinkokoaung404/multi-proxy-config-fetcher 候选文件 8 个
[2026-07-12 00:07:46] 🔗 查子仓库: riestru/multi-proxy-config-fetcher
[2026-07-12 00:07:46] 仓库 https://github.com/4n0nymou3/multi-proxy-config-fetcher 候选文件 12 个
[2026-07-12 00:07:47] 🔗 开始 Fork 链追踪 (riestru/multi-proxy-config-fetcher)
[2026-07-12 00:07:47]   父仓库: 4n0nymou3/multi-proxy-config-fetcher
[2026-07-12 00:07:47] 👤 遍历用户仓库: xlh001
[2026-07-12 00:07:47] ⏱️ [53/122] 免费v2ray订阅 pushed:>2026-07-10T15:34:46Z fork:true -language:H | 8s | +6
[2026-07-12 00:07:49]   🍴 兄弟仓库: 27 个 → 队列
[2026-07-12 00:07:50] 🔗 查子仓库: googledslz/multi-proxy-config-fetcher
[2026-07-12 00:07:50] 👤 遍历用户仓库: riestru
[2026-07-12 00:07:50] 🔗 开始 Fork 链追踪 (googledslz/multi-proxy-config-fetcher)
[2026-07-12 00:07:51]   父仓库: 4n0nymou3/multi-proxy-config-fetcher
[2026-07-12 00:07:52]   👤 用户仓库: 18 个 → 队列
[2026-07-12 00:07:52]   用户 riestru 共查 18 个仓库
[2026-07-12 00:07:52] 仓库 https://github.com/Kirolos124/multi-proxy-config-fetcher (分支: main, size: 64555KB, pushed: 2026-07-11T12:59:31Z)
[2026-07-12 00:07:52]   👤 用户仓库: 30 个 → 队列[2026-07-12 00:07:52] 👤 遍历用户仓库: googledslz[2026-07-12 00:07:52] 仓库 https://github.com/Leovikii/Sing-Sub 未提取到节点，加入黑名单
[2026-07-12 00:07:53] ⏱️ [54/122] 免费机场节点 pushed:>2026-07-10T15:34:46Z fork:true -language:HTML | 5s | +0


[2026-07-12 00:07:53]   👤 用户仓库: 30 个 → 队列[2026-07-12 00:07:53] 仓库 https://github.com/iphoneten/multi-proxy-config-fetcher (分支: main, size: 64493KB, pushed: 2026-07-11T12:59:23Z)[2026-07-12 00:07:53]   用户 xlh001 共查 30 个仓库
[2026-07-12 00:07:53] 仓库 https://github.com/Kirolos124/multi-proxy-config-fetcher 候选文件 8 个


[2026-07-12 00:07:53]   用户 wangai14 共查 30 个仓库
[2026-07-12 00:07:53] 仓库 https://github.com/jooya98/proxy-fetcher (分支: main, size: 66346KB, pushed: 2026-07-11T12:47:19Z)
[2026-07-12 00:07:54] 仓库 https://github.com/panboo0106/sing-box-subscribe (分支: main, size: 1228KB, pushed: 2026-07-11T10:39:23Z)[2026-07-12 00:07:54] 仓库 https://github.com/iphoneten/multi-proxy-config-fetcher 候选文件 8 个

[2026-07-12 00:07:54] 🔗 查子仓库: 4n0nymou3/multi-proxy-config-fetcher
[2026-07-12 00:07:55] 仓库 https://github.com/panboo0106/sing-box-subscribe 候选文件 15 个
[2026-07-12 00:07:55] 仓库 https://github.com/jooya98/proxy-fetcher 候选文件 9 个
[2026-07-12 00:07:55] 📄 https://raw.githubusercontent.com/panboo0106/sing-box-subscribe/main/docs/hysteria2-yg-notes.md ✅ 解析 1 候选 → 1 个有效节点 → 去重后新增 1 个
[2026-07-12 00:07:55] 🔗 查子仓库: muzaffer72/multi-proxy-config-fetcher
[2026-07-12 00:07:56] 🔗 查子仓库: panboo0106/sing-box-subscribe
[2026-07-12 00:07:56] 🔗 开始 Fork 链追踪 (muzaffer72/multi-proxy-config-fetcher)
[2026-07-12 00:07:56] 🔗 开始 Fork 链追踪 (panboo0106/sing-box-subscribe)
[2026-07-12 00:07:56] 🔗 开始 Fork 链追踪 (4n0nymou3/multi-proxy-config-fetcher)
[2026-07-12 00:07:56]   父仓库: 4n0nymou3/multi-proxy-config-fetcher
[2026-07-12 00:07:56] 👤 遍历用户仓库: 4n0nymou3
[2026-07-12 00:07:56]   父仓库: Toperlock/sing-box-subscribe
[2026-07-12 00:07:56] 仓库在黑名单中: https://github.com/Toperlock/sing-box-subscribe
[2026-07-12 00:07:56]   父仓库 +0 个节点
[2026-07-12 00:07:57]   👤 用户仓库: 1 个 → 队列
[2026-07-12 00:07:57]   用户 4n0nymou3 共查 1 个仓库
[2026-07-12 00:07:57] 仓库 https://github.com/pili2100/sing-box-subscribe (分支: main, size: 1205KB, pushed: 2026-07-11T10:32:21Z)
[2026-07-12 00:07:57] 👤 遍历用户仓库: muzaffer72
[2026-07-12 00:07:57] 仓库 https://github.com/pili2100/sing-box-subscribe 候选文件 6 个
[2026-07-12 00:07:59]   🍴 兄弟仓库: 30 个 → 队列
[2026-07-12 00:07:59] 👤 遍历用户仓库: panboo0106
[2026-07-12 00:08:00]   👤 用户仓库: 8 个 → 队列
[2026-07-12 00:08:00]   用户 panboo0106 共查 8 个仓库
[2026-07-12 00:08:00] 仓库 https://github.com/Sasha21332133/multi-proxy-config-fetcher (分支: main, size: 30738KB, pushed: 2026-07-11T10:20:58Z)
[2026-07-12 00:08:00]   👤 用户仓库: 30 个 → 队列
[2026-07-12 00:08:00]   用户 muzaffer72 共查 30 个仓库
[2026-07-12 00:08:00] 仓库 https://github.com/YJCXACE/sing-box-subscribe (分支: main, size: 1259KB, pushed: 2026-07-11T02:10:29Z)
[2026-07-12 00:08:01] 仓库 https://github.com/Sasha21332133/multi-proxy-config-fetcher 候选文件 9 个
[2026-07-12 00:08:01] 仓库 https://github.com/pili2100/sing-box-subscribe 未提取到节点，加入黑名单[2026-07-12 00:08:01] 仓库 https://github.com/YJCXACE/sing-box-subscribe 候选文件 1 个

[2026-07-12 00:08:01] 仓库 https://github.com/ranakrishna26/an-subscriber-list-demo (分支: main, size: 34KB, pushed: 2026-07-11T13:37:13Z)
[2026-07-12 00:08:01]   👤 用户仓库: 30 个 → 队列
[2026-07-12 00:08:02]   用户 googledslz 共查 30 个仓库
[2026-07-12 00:08:02] 仓库 https://github.com/ykphnby/SubdomainLister (分支: main, size: 1KB, pushed: 2026-07-11T02:08:05Z)
[2026-07-12 00:08:02] 仓库 https://github.com/ranakrishna26/an-subscriber-list-demo 候选文件 4 个[2026-07-12 00:08:02] 仓库 https://github.com/ykphnby/SubdomainLister 候选文件 1 个

[2026-07-12 00:08:03] README (ykphnby/SubdomainLister) 404，跳过
[2026-07-12 00:08:03] 仓库 https://github.com/ykphnby/SubdomainLister 未提取到节点，加入黑名单
[2026-07-12 00:08:03] ⚠️ Worker 异常: YJCXACE/sing-box-subscribe: quote_from_bytes() expected bytes
[2026-07-12 00:08:03] 仓库 https://github.com/syldxt2/Sub-Store-Workers2 (分支: multi-tenant, size: 393KB, pushed: 2026-07-11T12:53:56Z)[2026-07-12 00:08:03] 🔗 查子仓库: nyeinkokoaung404/multi-proxy-config-fetcher
[2026-07-12 00:08:03] 仓库 https://github.com/syldxt2/sub-store-workers (分支: main, size: 4958KB, pushed: 2026-07-11T12:53:23Z)

[2026-07-12 00:08:04] 🔗 开始 Fork 链追踪 (nyeinkokoaung404/multi-proxy-config-fetcher)
[2026-07-12 00:08:04] 仓库 https://github.com/ranakrishna26/an-subscriber-list-demo 未提取到节点，加入黑名单
[2026-07-12 00:08:04] 仓库 https://github.com/ihsan12312/MAUT--STORE-SUBWAY-Desktop (分支: main, size: 5687KB, pushed: 2026-07-11T11:59:29Z)[2026-07-12 00:08:04] 仓库 https://github.com/syldxt2/sub-store-workers 候选文件 1 个[2026-07-12 00:08:04] 👤 遍历用户仓库: nyeinkokoaung404


[2026-07-12 00:08:04] 仓库 https://github.com/syldxt2/Sub-Store-Workers2 无候选文件 (总计 154 blob, 扩展名过滤 146, processed_shas 跳过 0, SHA 缓存跳过 8)
[2026-07-12 00:08:04] 🔗 查子仓库: syldxt2/Sub-Store-Workers2
[2026-07-12 00:08:05] 🔗 开始 Fork 链追踪 (syldxt2/Sub-Store-Workers2)
[2026-07-12 00:08:05] 仓库 https://github.com/ihsan12312/MAUT--STORE-SUBWAY-Desktop 候选文件 2 个[2026-07-12 00:08:05]   父仓库: SaintWe/Sub-Store-Workers

[2026-07-12 00:08:05] 仓库在黑名单中: https://github.com/SaintWe/Sub-Store-Workers
[2026-07-12 00:08:05] 仓库 https://github.com/syldxt2/sub-store-workers 未提取到节点，加入黑名单[2026-07-12 00:08:05]   父仓库 +0 个节点

[2026-07-12 00:08:06] 仓库 https://github.com/bugbug9999/app-store-submit (分支: main, size: 18KB, pushed: 2026-07-11T11:48:54Z)
[2026-07-12 00:08:06] 仓库 https://github.com/ihsan12312/MAUT--STORE-SUBWAY-Desktop 未提取到节点，加入黑名单
[2026-07-12 00:08:06] 仓库 https://github.com/rogeecn/sub-store-cloudflare (分支: main, size: 1643KB, pushed: 2026-07-11T11:25:34Z)
[2026-07-12 00:08:06] 仓库 https://github.com/bugbug9999/app-store-submit 候选文件 6 个
[2026-07-12 00:08:08] 🔗 查子仓库: Kirolos124/multi-proxy-config-fetcher
[2026-07-12 00:08:08] 🔗 查子仓库: iphoneten/multi-proxy-config-fetcher
[2026-07-12 00:08:08] 仓库 https://github.com/rogeecn/sub-store-cloudflare 候选文件 17 个
[2026-07-12 00:08:08] 🔗 开始 Fork 链追踪 (iphoneten/multi-proxy-config-fetcher)
[2026-07-12 00:08:08] 🔗 开始 Fork 链追踪 (Kirolos124/multi-proxy-config-fetcher)
[2026-07-12 00:08:08]   🍴 兄弟仓库: 30 个 → 队列
[2026-07-12 00:08:08] 👤 遍历用户仓库: syldxt2
[2026-07-12 00:08:08]   父仓库: 4n0nymou3/multi-proxy-config-fetcher
[2026-07-12 00:08:09]   👤 用户仓库: 30 个 → 队列[2026-07-12 00:08:09]   父仓库: 4n0nymou3/multi-proxy-config-fetcher[2026-07-12 00:08:09] 仓库 https://github.com/bugbug9999/app-store-submit 未提取到节点，加入黑名单


[2026-07-12 00:08:09]   用户 nyeinkokoaung404 共查 30 个仓库[2026-07-12 00:08:09] 🔗 查子仓库: jooya98/proxy-fetcher

[2026-07-12 00:08:09] 仓库 https://github.com/syldxt2/sub-store-cloudflare (分支: main, size: 1644KB, pushed: 2026-07-11T07:22:56Z)
[2026-07-12 00:08:09] 仓库 https://github.com/thoot-235/proxy-sub-store (分支: main, size: 34544KB, pushed: 2026-07-11T08:17:15Z)
[2026-07-12 00:08:09] 仓库 https://github.com/rogeecn/sub-store-cloudflare 未提取到节点，加入黑名单
[2026-07-12 00:08:09] 仓库 https://github.com/jinzaizhichi/sub-store-cloudflare (分支: main, size: 1556KB, pushed: 2026-07-11T05:29:37Z)
[2026-07-12 00:08:09] 🔗 开始 Fork 链追踪 (jooya98/proxy-fetcher)
[2026-07-12 00:08:09]   👤 用户仓库: 30 个 → 队列
[2026-07-12 00:08:09] 👤 遍历用户仓库: iphoneten
[2026-07-12 00:08:09]   用户 syldxt2 共查 30 个仓库
[2026-07-12 00:08:09] 仓库 https://github.com/Rayirth27/principal-storage-engine (分支: main, size: 10KB, pushed: 2026-07-11T04:57:34Z)[2026-07-12 00:08:09] 仓库 https://github.com/thoot-235/proxy-sub-store 候选文件 1 个

[2026-07-12 00:08:09]   父仓库: 4n0nymou3/multi-proxy-config-fetcher
[2026-07-12 00:08:09] 仓库 https://github.com/jinzaizhichi/sub-store-cloudflare 候选文件 5 个
[2026-07-12 00:08:09] 仓库 https://github.com/syldxt2/sub-store-cloudflare 无候选文件 (总计 269 blob, 扩展名过滤 210, processed_shas 跳过 26, SHA 缓存跳过 33)
[2026-07-12 00:08:09] 🔗 查子仓库: syldxt2/sub-store-cloudflare
[2026-07-12 00:08:09] 👤 遍历用户仓库: Kirolos124
[2026-07-12 00:08:09] 🔗 开始 Fork 链追踪 (syldxt2/sub-store-cloudflare)
[2026-07-12 00:08:09] 仓库 https://github.com/Rayirth27/principal-storage-engine 候选文件 2 个
[2026-07-12 00:08:10]   父仓库: realchendahuang/sub-store-cloudflare
[2026-07-12 00:08:10]   👤 用户仓库: 9 个 → 队列
[2026-07-12 00:08:10]   用户 Kirolos124 共查 9 个仓库
[2026-07-12 00:08:10] 仓库 https://github.com/iiio-oiii/Sub-Store-Actions (分支: main, size: 5427KB, pushed: 2026-07-11T01:48:53Z)
[2026-07-12 00:08:10] 👤 遍历用户仓库: jooya98
[2026-07-12 00:08:10] README (Rayirth27/principal-storage-engine) 404，跳过
[2026-07-12 00:08:10] 仓库 https://github.com/Rayirth27/principal-storage-engine 未提取到节点，加入黑名单
[2026-07-12 00:08:10] 仓库 https://github.com/chris20221008/sub-store-workers (分支: main, size: 4977KB, pushed: 2026-07-10T23:22:33Z)
[2026-07-12 00:08:10] 仓库 https://github.com/jinzaizhichi/sub-store-cloudflare 未提取到节点，加入黑名单[2026-07-12 00:08:10] 仓库 https://github.com/iiio-oiii/Sub-Store-Actions 候选文件 1 个

[2026-07-12 00:08:10] 仓库 https://github.com/pyiy/MiSub-Store (分支: main, size: 8024KB, pushed: 2026-07-10T22:56:05Z)
[2026-07-12 00:08:10]   👤 用户仓库: 2 个 → 队列
[2026-07-12 00:08:10]   用户 jooya98 共查 2 个仓库
[2026-07-12 00:08:10] 仓库 https://github.com/suliult/sub-store-workers (分支: main, size: 4977KB, pushed: 2026-07-10T22:29:53Z)
[2026-07-12 00:08:10] 仓库 https://github.com/chris20221008/sub-store-workers 无候选文件 (总计 33 blob, 扩展名过滤 25, processed_shas 跳过 1, SHA 缓存跳过 7)
[2026-07-12 00:08:10] 🔗 查子仓库: chris20221008/sub-store-workers
[2026-07-12 00:08:10] 🔗 开始 Fork 链追踪 (chris20221008/sub-store-workers)
[2026-07-12 00:08:11] 仓库 https://github.com/suliult/sub-store-workers 无候选文件 (总计 33 blob, 扩展名过滤 25, processed_shas 跳过 1, SHA 缓存跳过 7)
[2026-07-12 00:08:11] 🔗 查子仓库: suliult/sub-store-workers
[2026-07-12 00:08:11]   父仓库: Yu9191/sub-store-workers
[2026-07-12 00:08:11] 仓库在黑名单中: https://github.com/Yu9191/sub-store-workers[2026-07-12 00:08:11] 🔗 开始 Fork 链追踪 (suliult/sub-store-workers)
[2026-07-12 00:08:11]   🍴 兄弟仓库: 30 个 → 队列[2026-07-12 00:08:11] 仓库 https://github.com/pyiy/MiSub-Store 候选文件 7 个
[2026-07-12 00:08:11]   父仓库 +0 个节点

[2026-07-12 00:08:11] 🔗 查子仓库: Sasha21332133/multi-proxy-config-fetcher

[2026-07-12 00:08:11] 👤 遍历用户仓库: syldxt2
[2026-07-12 00:08:11] 🔗 开始 Fork 链追踪 (Sasha21332133/multi-proxy-config-fetcher)
[2026-07-12 00:08:11]   父仓库: Yu9191/sub-store-workers
[2026-07-12 00:08:11] 仓库在黑名单中: https://github.com/Yu9191/sub-store-workers
[2026-07-12 00:08:11]   父仓库 +0 个节点
[2026-07-12 00:08:12]   父仓库: 4n0nymou3/multi-proxy-config-fetcher[2026-07-12 00:08:12] 🔗 查子仓库: iiio-oiii/Sub-Store-Actions

[2026-07-12 00:08:12] 🔗 开始 Fork 链追踪 (iiio-oiii/Sub-Store-Actions)
[2026-07-12 00:08:12]   👤 用户仓库: 2 个 → 队列
[2026-07-12 00:08:12]   用户 syldxt2 共查 2 个仓库
[2026-07-12 00:08:12] 仓库 https://github.com/yjh623783435-prog/sub-store-workers (分支: main, size: 4977KB, pushed: 2026-07-10T17:47:18Z)
[2026-07-12 00:08:12] 👤 遍历用户仓库: iiio-oiii
[2026-07-12 00:08:12] 仓库 https://github.com/yjh623783435-prog/sub-store-workers 无候选文件 (总计 33 blob, 扩展名过滤 25, processed_shas 跳过 1, SHA 缓存跳过 7)
[2026-07-12 00:08:12] 🔗 查子仓库: yjh623783435-prog/sub-store-workers
[2026-07-12 00:08:12] 🔗 开始 Fork 链追踪 (yjh623783435-prog/sub-store-workers)
[2026-07-12 00:08:12] 👤 遍历用户仓库: Sasha21332133
[2026-07-12 00:08:12]   👤 用户仓库: 2 个 → 队列[2026-07-12 00:08:12] 📄 https://raw.githubusercontent.com/thoot-235/proxy-sub-store/main/ClashMeta.txt ✅ 解析 5106 候选 → 5106 个有效节点 → 去重后新增 20 个

[2026-07-12 00:08:12] 🔗 查子仓库: thoot-235/proxy-sub-store[2026-07-12 00:08:12]   用户 iiio-oiii 共查 2 个仓库[2026-07-12 00:08:12]   🍴 兄弟仓库: 30 个 → 队列


[2026-07-12 00:08:12] 👤 遍历用户仓库: chris20221008[2026-07-12 00:08:12]   🍴 兄弟仓库: 21 个 → 队列[2026-07-12 00:08:12] 仓库 https://github.com/bkskys/sub-store-cf-workers (分支: main, size: 4951KB, pushed: 2026-07-10T17:44:22Z)


[2026-07-12 00:08:12] 👤 遍历用户仓库: suliult
[2026-07-12 00:08:12]   父仓库: Yu9191/sub-store-workers
[2026-07-12 00:08:12] 仓库在黑名单中: https://github.com/Yu9191/sub-store-workers
[2026-07-12 00:08:12]   父仓库 +0 个节点
[2026-07-12 00:08:13]   👤 用户仓库: 10 个 → 队列
[2026-07-12 00:08:13]   用户 Sasha21332133 共查 10 个仓库
[2026-07-12 00:08:13] 仓库 https://github.com/mengxin796/sub-store-workers (分支: main, size: 4954KB, pushed: 2026-07-10T17:44:03Z)
[2026-07-12 00:08:13] 🔗 查子仓库: pyiy/MiSub-Store
[2026-07-12 00:08:13] 仓库 https://github.com/bkskys/sub-store-cf-workers 无候选文件 (总计 33 blob, 扩展名过滤 25, processed_shas 跳过 1, SHA 缓存跳过 7)
[2026-07-12 00:08:13] 🔗 查子仓库: bkskys/sub-store-cf-workers
[2026-07-12 00:08:13]   🍴 子仓库: 1 个 → 队列
[2026-07-12 00:08:13] 🔗 开始 Fork 链追踪 (thoot-235/proxy-sub-store)
[2026-07-12 00:08:13] 🔗 开始 Fork 链追踪 (pyiy/MiSub-Store)
[2026-07-12 00:08:13] 🔗 开始 Fork 链追踪 (bkskys/sub-store-cf-workers)
[2026-07-12 00:08:13]   👤 用户仓库: 27 个 → 队列
[2026-07-12 00:08:13]   用户 suliult 共查 27 个仓库
[2026-07-12 00:08:13] 仓库 https://github.com/KuaiCode/sub-store-workers (分支: main, size: 4977KB, pushed: 2026-07-10T17:43:59Z)
[2026-07-12 00:08:13] 仓库 https://github.com/mengxin796/sub-store-workers 无候选文件 (总计 33 blob, 扩展名过滤 25, processed_shas 跳过 1, SHA 缓存跳过 7)
[2026-07-12 00:08:13] 🔗 查子仓库: mengxin796/sub-store-workers
[2026-07-12 00:08:13]   👤 用户仓库: 30 个 → 队列
[2026-07-12 00:08:13]   用户 chris20221008 共查 30 个仓库
[2026-07-12 00:08:13] 仓库 https://github.com/agczsz/sub-store-workers (分支: main, size: 4951KB, pushed: 2026-07-10T17:43:42Z)
[2026-07-12 00:08:13] 🔗 开始 Fork 链追踪 (mengxin796/sub-store-workers)
[2026-07-12 00:08:13] 👤 遍历用户仓库: thoot-235
[2026-07-12 00:08:13]   父仓库: imzyb/MiSub
[2026-07-12 00:08:13] ⏭️ 仓库 https://github.com/imzyb/MiSub 28h 未更新，跳过[2026-07-12 00:08:13]   父仓库: Yu9191/sub-store-workers
[2026-07-12 00:08:13]   父仓库 +0 个节点

[2026-07-12 00:08:13] 仓库在黑名单中: https://github.com/Yu9191/sub-store-workers
[2026-07-12 00:08:13]   父仓库 +0 个节点
[2026-07-12 00:08:13] 仓库 https://github.com/KuaiCode/sub-store-workers 无候选文件 (总计 33 blob, 扩展名过滤 25, processed_shas 跳过 1, SHA 缓存跳过 7)
[2026-07-12 00:08:13] 🔗 查子仓库: KuaiCode/sub-store-workers
[2026-07-12 00:08:13] 👤 遍历用户仓库: yjh623783435-prog
[2026-07-12 00:08:13] 仓库 https://github.com/agczsz/sub-store-workers 无候选文件 (总计 33 blob, 扩展名过滤 25, processed_shas 跳过 1, SHA 缓存跳过 7)
[2026-07-12 00:08:13] 🔗 查子仓库: agczsz/sub-store-workers
[2026-07-12 00:08:13]   父仓库: Yu9191/sub-store-workers
[2026-07-12 00:08:13] 仓库在黑名单中: https://github.com/Yu9191/sub-store-workers
[2026-07-12 00:08:13]   父仓库 +0 个节点
[2026-07-12 00:08:13] 🔗 开始 Fork 链追踪 (KuaiCode/sub-store-workers)
[2026-07-12 00:08:13] 🔗 开始 Fork 链追踪 (agczsz/sub-store-workers)
[2026-07-12 00:08:13]   用户 thoot-235 共查 0 个仓库
[2026-07-12 00:08:13] 仓库 https://github.com/Wisil/sub-store-workers (分支: main, size: 4980KB, pushed: 2026-07-10T17:41:59Z)
[2026-07-12 00:08:13]   👤 用户仓库: 8 个 → 队列
[2026-07-12 00:08:13]   用户 yjh623783435-prog 共查 8 个仓库
[2026-07-12 00:08:13] 仓库 https://github.com/hope0719/web-store-submission-pack (分支: main, size: 7KB, pushed: 2026-07-10T17:31:57Z)
[2026-07-12 00:08:13]   父仓库: Yu9191/sub-store-workers
[2026-07-12 00:08:13] 仓库在黑名单中: https://github.com/Yu9191/sub-store-workers
[2026-07-12 00:08:13]   父仓库 +0 个节点
[2026-07-12 00:08:13] 👤 遍历用户仓库: bkskys
[2026-07-12 00:08:13]   父仓库: Yu9191/sub-store-workers
[2026-07-12 00:08:13] 仓库在黑名单中: https://github.com/Yu9191/sub-store-workers
[2026-07-12 00:08:13]   父仓库 +0 个节点
[2026-07-12 00:08:13] 仓库 https://github.com/Wisil/sub-store-workers 无候选文件 (总计 33 blob, 扩展名过滤 25, processed_shas 跳过 1, SHA 缓存跳过 7)
[2026-07-12 00:08:13] 🔗 查子仓库: Wisil/sub-store-workers
[2026-07-12 00:08:14] 🔗 开始 Fork 链追踪 (Wisil/sub-store-workers)
[2026-07-12 00:08:14] 仓库 https://github.com/hope0719/web-store-submission-pack 候选文件 3 个
[2026-07-12 00:08:14] 👤 遍历用户仓库: mengxin796
[2026-07-12 00:08:14]   父仓库: Yu9191/sub-store-workers
[2026-07-12 00:08:14] 仓库在黑名单中: https://github.com/Yu9191/sub-store-workers
[2026-07-12 00:08:14]   父仓库 +0 个节点
[2026-07-12 00:08:14]   👤 用户仓库: 2 个 → 队列
[2026-07-12 00:08:14]   用户 mengxin796 共查 2 个仓库
[2026-07-12 00:08:14] ⚠️ 仓库 https://github.com/AbdelrahmanKhalafalla/Leetcode-submissions 大小为 0，跳过
[2026-07-12 00:08:14] 仓库 https://github.com/piyushkale/Leetcode-Submissions (分支: main, size: 7KB, pushed: 2026-07-11T13:59:56Z)
[2026-07-12 00:08:14]   👤 用户仓库: 14 个 → 队列
[2026-07-12 00:08:14]   用户 bkskys 共查 14 个仓库
[2026-07-12 00:08:14] 仓库 https://github.com/tushargoyalbtp/leetcode_submissions (分支: main, size: 559KB, pushed: 2026-07-11T13:50:05Z)
[2026-07-12 00:08:14] 仓库 https://github.com/hope0719/web-store-submission-pack 未提取到节点，加入黑名单
[2026-07-12 00:08:14] 仓库 https://github.com/melanyss/awesome-claude-code-subagents (分支: main, size: 809KB, pushed: 2026-07-11T13:46:40Z)
[2026-07-12 00:08:14]   🍴 兄弟仓库: 30 个 → 队列
[2026-07-12 00:08:14] 👤 遍历用户仓库: pyiy
[2026-07-12 00:08:14] 👤 遍历用户仓库: agczsz
[2026-07-12 00:08:14] 👤 遍历用户仓库: KuaiCode
[2026-07-12 00:08:14] 仓库 https://github.com/piyushkale/Leetcode-Submissions 候选文件 2 个
[2026-07-12 00:08:14] 仓库 https://github.com/melanyss/awesome-claude-code-subagents 无候选文件 (总计 189 blob, 扩展名过滤 2, processed_shas 跳过 0, SHA 缓存跳过 187)
[2026-07-12 00:08:14] 🔗 查子仓库: melanyss/awesome-claude-code-subagents
[2026-07-12 00:08:14] 仓库 https://github.com/tushargoyalbtp/leetcode_submissions 无候选文件 (总计 388 blob, 扩展名过滤 193, processed_shas 跳过 0, SHA 缓存跳过 195)
[2026-07-12 00:08:14] 🔗 查子仓库: tushargoyalbtp/leetcode_submissions
[2026-07-12 00:08:14] 🔗 开始 Fork 链追踪 (melanyss/awesome-claude-code-subagents)
[2026-07-12 00:08:14] 🔗 开始 Fork 链追踪 (tushargoyalbtp/leetcode_submissions)
[2026-07-12 00:08:14] 👤 遍历用户仓库: Wisil
[2026-07-12 00:08:14] 仓库 https://github.com/piyushkale/Leetcode-Submissions 未提取到节点，加入黑名单
[2026-07-12 00:08:14] 仓库 https://github.com/akshitgupta21/leetcode-submissions (分支: main, size: 12KB, pushed: 2026-07-11T10:13:36Z)
[2026-07-12 00:08:14] 👤 遍历用户仓库: tushargoyalbtp
[2026-07-12 00:08:15]   父仓库: VoltAgent/awesome-claude-code-subagents
[2026-07-12 00:08:15] 仓库在黑名单中: https://github.com/VoltAgent/awesome-claude-code-subagents
[2026-07-12 00:08:15]   父仓库 +0 个节点
[2026-07-12 00:08:15]   用户 Wisil 共查 0 个仓库
[2026-07-12 00:08:15] 仓库 https://github.com/cfv2ray/subCollection (分支: main, size: 2290KB, pushed: 2026-07-11T08:51:13Z)
[2026-07-12 00:08:15]   👤 用户仓库: 30 个 → 队列
[2026-07-12 00:08:15]   用户 iphoneten 共查 30 个仓库
[2026-07-12 00:08:15] 仓库 https://github.com/maroofrind124-sys/My-portfolio (分支: main, size: 740KB, pushed: 2026-07-10T17:38:07Z)
[2026-07-12 00:08:15]   👤 用户仓库: 28 个 → 队列
[2026-07-12 00:08:15]   用户 pyiy 共查 28 个仓库
[2026-07-12 00:08:15] 仓库 https://github.com/gslege/CloudflareIP (分支: main, size: 13626KB, pushed: 2026-07-11T16:04:27Z)
[2026-07-12 00:08:15] 仓库 https://github.com/akshitgupta21/leetcode-submissions 候选文件 1 个
[2026-07-12 00:08:15]   👤 用户仓库: 18 个 → 队列
[2026-07-12 00:08:15]   用户 KuaiCode 共查 18 个仓库
[2026-07-12 00:08:15] 仓库 https://github.com/1211a/CloudflareIP (分支: main, size: 13472KB, pushed: 2026-07-11T16:04:20Z)
[2026-07-12 00:08:15] 仓库 https://github.com/akshitgupta21/leetcode-submissions 未提取到节点，加入黑名单
[2026-07-12 00:08:15] 仓库 https://github.com/yizhidahaozi/CloudflareIP (分支: main, size: 13580KB, pushed: 2026-07-11T16:03:58Z)
[2026-07-12 00:08:15] 仓库 https://github.com/gslege/CloudflareIP 候选文件 8 个
[2026-07-12 00:08:15] 仓库 https://github.com/cfv2ray/subCollection 候选文件 2 个
[2026-07-12 00:08:15] 仓库 https://github.com/maroofrind124-sys/My-portfolio 候选文件 4 个
[2026-07-12 00:08:15] 仓库 https://github.com/1211a/CloudflareIP 候选文件 7 个
[2026-07-12 00:08:15] 仓库 https://github.com/yizhidahaozi/CloudflareIP 候选文件 5 个
[2026-07-12 00:08:15]   👤 用户仓库: 30 个 → 队列
[2026-07-12 00:08:15]   用户 agczsz 共查 30 个仓库
[2026-07-12 00:08:15] 仓库 https://github.com/hnztlyh/CloudflareIP (分支: main, size: 13291KB, pushed: 2026-07-11T16:03:35Z)
[2026-07-12 00:08:15] ⏱️ [55/122] 节点订阅 pushed:>2026-07-10T15:34:46Z fork:true -language:HTML | 22s | +42
[2026-07-12 00:08:15] 仓库 https://github.com/hnztlyh/CloudflareIP 候选文件 7 个
[2026-07-12 00:08:15] 仓库 https://github.com/maroofrind124-sys/My-portfolio 未提取到节点，加入黑名单
[2026-07-12 00:08:15] 仓库 https://github.com/Wwuyi123/CloudflareIP (分支: main, size: 13548KB, pushed: 2026-07-11T16:03:35Z)[2026-07-12 00:08:15]   👤 用户仓库: 30 个 → 队列

[2026-07-12 00:08:15]   用户 tushargoyalbtp 共查 30 个仓库
[2026-07-12 00:08:15] 仓库 https://github.com/guangshanhl/CloudflareIP (分支: main, size: 13176KB, pushed: 2026-07-11T16:02:05Z)
[2026-07-12 00:08:16] 🔗 查子仓库: cfv2ray/subCollection
[2026-07-12 00:08:16]   🍴 兄弟仓库: 30 个 → 队列
[2026-07-12 00:08:16] 👤 遍历用户仓库: melanyss
[2026-07-12 00:08:16] 📄 https://raw.githubusercontent.com/gslege/CloudflareIP/main/Vless.txt ✅ 解析 20 候选 → 20 个有效节点 → 去重后新增 1 个
[2026-07-12 00:08:16] 🔗 查子仓库: gslege/CloudflareIP
[2026-07-12 00:08:16] 🔗 查子仓库: yizhidahaozi/CloudflareIP
[2026-07-12 00:08:16] 仓库 https://github.com/Wwuyi123/CloudflareIP 候选文件 7 个
[2026-07-12 00:08:16] 🔗 开始 Fork 链追踪 (cfv2ray/subCollection)
[2026-07-12 00:08:16] 仓库 https://github.com/guangshanhl/CloudflareIP 候选文件 6 个
[2026-07-12 00:08:16] 🔗 开始 Fork 链追踪 (yizhidahaozi/CloudflareIP)
[2026-07-12 00:08:16] 👤 遍历用户仓库: cfv2ray
[2026-07-12 00:08:16]   父仓库: gslege/CloudflareIP
[2026-07-12 00:08:16] 📄 https://raw.githubusercontent.com/1211a/CloudflareIP/main/Vless.txt ✅ 解析 20 候选 → 20 个有效节点 → 去重后新增 1 个
[2026-07-12 00:08:16] 🔗 查子仓库: 1211a/CloudflareIP
[2026-07-12 00:08:16] 🔗 查子仓库: hnztlyh/CloudflareIP
[2026-07-12 00:08:16] 🔗 开始 Fork 链追踪 (1211a/CloudflareIP)
[2026-07-12 00:08:16] 🔗 开始 Fork 链追踪 (hnztlyh/CloudflareIP)
[2026-07-12 00:08:16]   父仓库: gslege/CloudflareIP
[2026-07-12 00:08:16]   👤 用户仓库: 9 个 → 队列
[2026-07-12 00:08:16]   用户 cfv2ray 共查 9 个仓库
[2026-07-12 00:08:16] 仓库 https://github.com/weizhe940605/CloudflareIP (分支: main, size: 11437KB, pushed: 2026-07-11T16:01:42Z)
[2026-07-12 00:08:16] 📄 https://raw.githubusercontent.com/guangshanhl/CloudflareIP/main/Vless.txt ✅ 解析 20 候选 → 20 个有效节点 → 去重后新增 1 个
[2026-07-12 00:08:16] 🔗 查子仓库: guangshanhl/CloudflareIP
[2026-07-12 00:08:16] 🔗 查子仓库: Wwuyi123/CloudflareIP
[2026-07-12 00:08:16]   🍴 子仓库: 30 个 → 队列
[2026-07-12 00:08:16] 🔗 开始 Fork 链追踪 (gslege/CloudflareIP)
[2026-07-12 00:08:16] 🔗 开始 Fork 链追踪 (guangshanhl/CloudflareIP)
[2026-07-12 00:08:16]   父仓库: gslege/CloudflareIP
[2026-07-12 00:08:16] 🔗 开始 Fork 链追踪 (Wwuyi123/CloudflareIP)
[2026-07-12 00:08:16]   🍴 兄弟仓库: 11 个 → 队列
[2026-07-12 00:08:16] 👤 遍历用户仓库: yizhidahaozi
[2026-07-12 00:08:17] 仓库 https://github.com/weizhe940605/CloudflareIP 候选文件 6 个
[2026-07-12 00:08:17] 👤 遍历用户仓库: gslege
[2026-07-12 00:08:17]   父仓库: gslege/CloudflareIP
[2026-07-12 00:08:17]   父仓库: gslege/CloudflareIP
[2026-07-12 00:08:17] 👤 遍历用户仓库: 1211a
[2026-07-12 00:08:17] 👤 遍历用户仓库: hnztlyh
[2026-07-12 00:08:17]   👤 用户仓库: 4 个 → 队列
[2026-07-12 00:08:17]   用户 1211a 共查 4 个仓库
[2026-07-12 00:08:17] 仓库 https://github.com/Skycnhe/CloudflareIP (分支: main, size: 13219KB, pushed: 2026-07-11T16:01:29Z)
[2026-07-12 00:08:17]   👤 用户仓库: 1 个 → 队列
[2026-07-12 00:08:17]   用户 gslege 共查 1 个仓库
[2026-07-12 00:08:17] 仓库 https://github.com/BonXxe1/CloudflareIP (分支: main, size: 13404KB, pushed: 2026-07-11T16:00:59Z)
[2026-07-12 00:08:17] 👤 遍历用户仓库: Wwuyi123
[2026-07-12 00:08:17] 🔗 查子仓库: weizhe940605/CloudflareIP
[2026-07-12 00:08:17] 👤 遍历用户仓库: guangshanhl
[2026-07-12 00:08:17] 仓库 https://github.com/Skycnhe/CloudflareIP 候选文件 9 个
[2026-07-12 00:08:17] 仓库 https://github.com/BonXxe1/CloudflareIP 候选文件 7 个
[2026-07-12 00:08:17] 🔗 开始 Fork 链追踪 (weizhe940605/CloudflareIP)
[2026-07-12 00:08:17]   👤 用户仓库: 30 个 → 队列
[2026-07-12 00:08:17]   用户 yizhidahaozi 共查 30 个仓库
[2026-07-12 00:08:17] 仓库 https://github.com/helluen/CloudflareIP (分支: main, size: 13293KB, pushed: 2026-07-11T16:00:16Z)
[2026-07-12 00:08:17] 仓库 https://github.com/helluen/CloudflareIP 候选文件 7 个
[2026-07-12 00:08:17]   父仓库: gslege/CloudflareIP
[2026-07-12 00:08:18]   👤 用户仓库: 15 个 → 队列
[2026-07-12 00:08:18]   用户 Wwuyi123 共查 15 个仓库
[2026-07-12 00:08:18] 仓库 https://github.com/zmei19881989/AutoMergePublicNodes (分支: master, size: 8079977KB, pushed: 2026-07-11T15:57:57Z)
[2026-07-12 00:08:18] 仓库 https://github.com/zmei19881989/AutoMergePublicNodes 候选文件 16 个
[2026-07-12 00:08:18]   👤 用户仓库: 25 个 → 队列
[2026-07-12 00:08:18]   用户 guangshanhl 共查 25 个仓库
[2026-07-12 00:08:18] 仓库 https://github.com/diyros/CloudflareIP (分支: main, size: 13596KB, pushed: 2026-07-11T15:57:52Z)
[2026-07-12 00:08:18] 🔗 查子仓库: Skycnhe/CloudflareIP
[2026-07-12 00:08:18] 仓库 https://github.com/diyros/CloudflareIP 候选文件 7 个
[2026-07-12 00:08:18] 🔗 查子仓库: BonXxe1/CloudflareIP[2026-07-12 00:08:18] 👤 遍历用户仓库: weizhe940605

[2026-07-12 00:08:18] 🔗 开始 Fork 链追踪 (Skycnhe/CloudflareIP)[2026-07-12 00:08:18] 🔗 查子仓库: helluen/CloudflareIP

[2026-07-12 00:08:18] 🔗 开始 Fork 链追踪 (BonXxe1/CloudflareIP)[2026-07-12 00:08:19] 🔗 开始 Fork 链追踪 (helluen/CloudflareIP)

[2026-07-12 00:08:19]   父仓库: gslege/CloudflareIP
[2026-07-12 00:08:19]   父仓库: gslege/CloudflareIP
[2026-07-12 00:08:19]   父仓库: gslege/CloudflareIP
[2026-07-12 00:08:19]   👤 用户仓库: 30 个 → 队列
[2026-07-12 00:08:19]   用户 melanyss 共查 30 个仓库
[2026-07-12 00:08:19] 仓库 https://github.com/Use4Free/VMesslinks (分支: main, size: 56430KB, pushed: 2026-07-11T15:56:31Z)
[2026-07-12 00:08:19] 🔗 查子仓库: zmei19881989/AutoMergePublicNodes
[2026-07-12 00:08:19] 🔗 开始 Fork 链追踪 (zmei19881989/AutoMergePublicNodes)[2026-07-12 00:08:19] ⏱️ [56/122] 免费机场 pushed:>2026-07-10T15:34:46Z fork:true -language:HTML | 4s | +3

[2026-07-12 00:08:19]   👤 用户仓库: 30 个 → 队列
[2026-07-12 00:08:19]   用户 weizhe940605 共查 30 个仓库
[2026-07-12 00:08:19] 仓库 https://github.com/wangbaipiao/AutoMergePublicNodes (分支: master, size: 3020KB, pushed: 2026-07-11T15:55:06Z)
[2026-07-12 00:08:20] 🔗 查子仓库: diyros/CloudflareIP
[2026-07-12 00:08:20] 仓库 https://github.com/Use4Free/VMesslinks 候选文件 1 个
[2026-07-12 00:08:20] 👤 遍历用户仓库: Skycnhe
[2026-07-12 00:08:20] 🔗 开始 Fork 链追踪 (diyros/CloudflareIP)
[2026-07-12 00:08:20]   父仓库: chengaopan/AutoMergePublicNodes
[2026-07-12 00:08:20] 📄 https://raw.githubusercontent.com/Use4Free/VMesslinks/main/links/vmess ✅ 解析 17 候选 → 17 个有效节点 → 去重后新增 13 个
[2026-07-12 00:08:20] 🔗 查子仓库: Use4Free/VMesslinks
[2026-07-12 00:08:20] 仓库 https://github.com/wangbaipiao/AutoMergePublicNodes 候选文件 42 个
[2026-07-12 00:08:20] 👤 遍历用户仓库: helluen
[2026-07-12 00:08:20] 👤 遍历用户仓库: BonXxe1
[2026-07-12 00:08:20]   父仓库: gslege/CloudflareIP
[2026-07-12 00:08:20] 📄 https://raw.githubusercontent.com/wangbaipiao/AutoMergePublicNodes/master/snippets/nodes_DE.yml ✅ 解析 39 候选 → 39 个有效节点 → 去重后新增 8 个
[2026-07-12 00:08:20] 📄 https://raw.githubusercontent.com/wangbaipiao/AutoMergePublicNodes/master/snippets/nodes_EE.meta.yml ✅ 解析 4 候选 → 4 个有效节点 → 去重后新增 4 个
[2026-07-12 00:08:20]   🍴 子仓库: 2 个 → 队列
[2026-07-12 00:08:20] 🔗 开始 Fork 链追踪 (Use4Free/VMesslinks)
[2026-07-12 00:08:20] 📄 https://raw.githubusercontent.com/wangbaipiao/AutoMergePublicNodes/master/snippets/nodes_GB.meta.yml ✅ 解析 36 候选 → 36 个有效节点 → 去重后新增 4 个
[2026-07-12 00:08:21] 📄 https://raw.githubusercontent.com/wangbaipiao/AutoMergePublicNodes/master/snippets/nodes_HK.meta.yml ✅ 解析 124 候选 → 124 个有效节点 → 去重后新增 4 个
[2026-07-12 00:08:21] 📄 https://raw.githubusercontent.com/wangbaipiao/AutoMergePublicNodes/master/snippets/nodes_RU.meta.yml ✅ 解析 17 候选 → 17 个有效节点 → 去重后新增 1 个[2026-07-12 00:08:21]   父仓库: Memory2314/VMesslinks[2026-07-12 00:08:21] 📄 https://raw.githubusercontent.com/wangbaipiao/AutoMergePublicNodes/master/snippets/nodes_KR.yml ✅ 解析 29 候选 → 29 个有效节点 → 去重后新增 2 个


[2026-07-12 00:08:21] 📄 https://raw.githubusercontent.com/wangbaipiao/AutoMergePublicNodes/master/snippets/nodes_JP.yml ✅ 解析 107 候选 → 107 个有效节点 → 去重后新增 29 个[2026-07-12 00:08:21] 📄 https://raw.githubusercontent.com/wangbaipiao/AutoMergePublicNodes/master/snippets/nodes_CN.yml ✅ 解析 195 候选 → 195 个有效节点 → 去重后新增 22 个

[2026-07-12 00:08:21] 仓库在黑名单中: https://github.com/Memory2314/VMesslinks[2026-07-12 00:08:21] 📄 https://raw.githubusercontent.com/wangbaipiao/AutoMergePublicNodes/master/snippets/nodes_SG.yml ✅ 解析 57 候选 → 57 个有效节点 → 去重后新增 2 个[2026-07-12 00:08:21]   👤 用户仓库: 24 个 → 队列[2026-07-12 00:08:21]   👤 用户仓库: 29 个 → 队列



[2026-07-12 00:08:21]   用户 BonXxe1 共查 24 个仓库[2026-07-12 00:08:21]   父仓库 +2 个节点

[2026-07-12 00:08:21]   用户 helluen 共查 29 个仓库
[2026-07-12 00:08:21] 👤 遍历用户仓库: diyros[2026-07-12 00:08:22]   👤 用户仓库: 30 个 → 队列

[2026-07-12 00:08:22]   👤 用户仓库: 30 个 → 队列[2026-07-12 00:08:22] 仓库 https://github.com/JHC000abc/ProxyParseForSing-box (分支: master, size: 408478KB, pushed: 2026-07-11T15:54:09Z)[2026-07-12 00:08:22] 仓库 https://github.com/v2raynnodes/v2rayfree (分支: main, size: 4449KB, pushed: 2026-07-11T15:50:32Z)[2026-07-12 00:08:22]   用户 Skycnhe 共查 30 个仓库



[2026-07-12 00:08:22]   用户 hnztlyh 共查 30 个仓库[2026-07-12 00:08:22] 仓库 https://github.com/iswhat/AutoMergePublicNodes (分支: master, size: 8092312KB, pushed: 2026-07-11T15:46:06Z)

[2026-07-12 00:08:22] 仓库 https://github.com/justin1hugo/SubCrawler (分支: main, size: 2192810KB, pushed: 2026-07-11T15:45:56Z)
[2026-07-12 00:08:23]   🍴 兄弟仓库: 13 个 → 队列
[2026-07-12 00:08:23] 👤 遍历用户仓库: Use4Free
[2026-07-12 00:08:23]   🍴 兄弟仓库: 30 个 → 队列
[2026-07-12 00:08:23] 👤 遍历用户仓库: zmei19881989
[2026-07-12 00:08:24] 📄 https://raw.githubusercontent.com/wangbaipiao/AutoMergePublicNodes/master/snippets/nodes_US.yml ✅ 解析 755 候选 → 755 个有效节点 → 去重后新增 5 个[2026-07-12 00:08:24] 仓库 https://github.com/iswhat/AutoMergePublicNodes 候选文件 6 个[2026-07-12 00:08:24] 仓库 https://github.com/v2raynnodes/v2rayfree 候选文件 2 个

[2026-07-12 00:08:24] 仓库 https://github.com/justin1hugo/SubCrawler 候选文件 6 个
[2026-07-12 00:08:24]   👤 用户仓库: 1 个 → 队列

[2026-07-12 00:08:25]   用户 zmei19881989 共查 1 个仓库
[2026-07-12 00:08:25] 仓库 https://github.com/licheng527/Free-servers (分支: main, size: 976KB, pushed: 2026-07-11T15:43:18Z)[2026-07-12 00:08:25]   👤 用户仓库: 30 个 → 队列[2026-07-12 00:08:25]   👤 用户仓库: 8 个 → 队列


[2026-07-12 00:08:26]   用户 diyros 共查 30 个仓库[2026-07-12 00:08:26]   用户 Use4Free 共查 8 个仓库

[2026-07-12 00:08:27] 仓库 https://github.com/pyfpyfpyf/AutoMergePublicNodes (分支: master, size: 8091761KB, pushed: 2026-07-11T15:32:00Z)[2026-07-12 00:08:27] 仓库 https://github.com/licheng527/Free-servers 候选文件 1 个

[2026-07-12 00:08:27] 仓库 https://github.com/prhom-jpg/AutoMergePublicNodes (分支: master, size: 20213360KB, pushed: 2026-07-11T15:31:44Z)
[2026-07-12 00:08:29] 📄 https://raw.githubusercontent.com/v2raynnodes/v2rayfree/main/README.md ✅ 解析 169 候选 → 169 个有效节点 → 去重后新增 47 个
[2026-07-12 00:08:29] 仓库 https://github.com/prhom-jpg/AutoMergePublicNodes 候选文件 6 个[2026-07-12 00:08:29] 📄 https://raw.githubusercontent.com/wangbaipiao/AutoMergePublicNodes/master/list_raw.txt ✅ 解析 3753 候选 → 3753 个有效节点 → 去重后新增 14 个[2026-07-12 00:08:29] 仓库 https://github.com/pyfpyfpyf/AutoMergePublicNodes 候选文件 3 个
[2026-07-12 00:08:30] 仓库 https://github.com/licheng527/Free-servers 未提取到节点，加入黑名单

[2026-07-12 00:08:31] 🔗 查子仓库: v2raynnodes/v2rayfree

[2026-07-12 00:08:32] 仓库 https://github.com/A2722629488/zidongpachong (分支: master, size: 8088891KB, pushed: 2026-07-11T15:31:36Z)
[2026-07-12 00:08:32] 📄 https://raw.githubusercontent.com/prhom-jpg/AutoMergePublicNodes/master/list.txt ✅ 解析 10 候选 → 10 个有效节点 → 去重后新增 1 个
[2026-07-12 00:08:32]   🍴 子仓库: 7 个 → 队列
[2026-07-12 00:08:32] 🔗 开始 Fork 链追踪 (v2raynnodes/v2rayfree)
[2026-07-12 00:08:32] 👤 遍历用户仓库: v2raynnodes
[2026-07-12 00:08:33] 仓库 https://github.com/A2722629488/zidongpachong 候选文件 3 个
[2026-07-12 00:08:34] 仓库 https://github.com/JHC000abc/ProxyParseForSing-box 候选文件 26 个
[2026-07-12 00:08:34]   用户 v2raynnodes 共查 0 个仓库
[2026-07-12 00:08:35] 仓库 https://github.com/hahahahalipoterr/AutoMergePublicNodes (分支: master, size: 8087765KB, pushed: 2026-07-11T15:31:31Z)
[2026-07-12 00:08:36] 📄 https://raw.githubusercontent.com/wangbaipiao/AutoMergePublicNodes/master/snippets/nodes.yml ✅ 解析 2576 候选 → 2576 个有效节点 → 去重后新增 1 个
[2026-07-12 00:08:37] 仓库 https://github.com/hahahahalipoterr/AutoMergePublicNodes 候选文件 3 个
[2026-07-12 00:08:38] 🔗 查子仓库: JHC000abc/ProxyParseForSing-box
[2026-07-12 00:08:39] 🔗 开始 Fork 链追踪 (JHC000abc/ProxyParseForSing-box)
[2026-07-12 00:08:39] 👤 遍历用户仓库: JHC000abc
[2026-07-12 00:08:42] 🔗 查子仓库: iswhat/AutoMergePublicNodes
[2026-07-12 00:08:42] ⏱️ [57/122] 科学上网 pushed:>2026-07-10T15:34:46Z fork:true -language:HTML | 23s | +157
[2026-07-12 00:08:42] 🔗 开始 Fork 链追踪 (iswhat/AutoMergePublicNodes)
[2026-07-12 00:08:43]   👤 用户仓库: 30 个 → 队列
[2026-07-12 00:08:43]   用户 JHC000abc 共查 30 个仓库
[2026-07-12 00:08:43]   父仓库: chengaopan/AutoMergePublicNodes
[2026-07-12 00:08:43] 仓库 https://github.com/zhongrunqiu/AutoMergePublicNodes (分支: master, size: 8092381KB, pushed: 2026-07-11T15:31:27Z)
[2026-07-12 00:08:44] 仓库 https://github.com/zhongrunqiu/AutoMergePublicNodes 候选文件 3 个
[2026-07-12 00:08:45]   🍴 兄弟仓库: 8 个 → 队列
[2026-07-12 00:08:45] 👤 遍历用户仓库: iswhat
[2026-07-12 00:08:45] 🔗 查子仓库: pyfpyfpyf/AutoMergePublicNodes
[2026-07-12 00:08:46] 🔗 开始 Fork 链追踪 (pyfpyfpyf/AutoMergePublicNodes)
[2026-07-12 00:08:46] 🔗 查子仓库: wangbaipiao/AutoMergePublicNodes
[2026-07-12 00:08:46] 🔗 开始 Fork 链追踪 (wangbaipiao/AutoMergePublicNodes)
[2026-07-12 00:08:46]   父仓库: chengaopan/AutoMergePublicNodes
[2026-07-12 00:08:46] 🔗 查子仓库: A2722629488/zidongpachong
[2026-07-12 00:08:46] 🔗 开始 Fork 链追踪 (A2722629488/zidongpachong)
[2026-07-12 00:08:46]   父仓库: chengaopan/AutoMergePublicNodes
[2026-07-12 00:08:46]   父仓库: chengaopan/AutoMergePublicNodes
[2026-07-12 00:08:47] 👤 遍历用户仓库: pyfpyfpyf
[2026-07-12 00:08:47] 🔗 查子仓库: hahahahalipoterr/AutoMergePublicNodes
[2026-07-12 00:08:47]   👤 用户仓库: 30 个 → 队列
[2026-07-12 00:08:47]   用户 iswhat 共查 30 个仓库
[2026-07-12 00:08:47] 仓库 https://github.com/lonng2024/AutoMergePublicNodes (分支: master, size: 8090100KB, pushed: 2026-07-11T15:31:27Z)
[2026-07-12 00:08:47] 🔗 开始 Fork 链追踪 (hahahahalipoterr/AutoMergePublicNodes)
[2026-07-12 00:08:47] 👤 遍历用户仓库: wangbaipiao
[2026-07-12 00:08:47] 仓库 https://github.com/lonng2024/AutoMergePublicNodes 候选文件 3 个
[2026-07-12 00:08:47] 👤 遍历用户仓库: A2722629488
[2026-07-12 00:08:47]   父仓库: chengaopan/AutoMergePublicNodes
[2026-07-12 00:08:47]   👤 用户仓库: 12 个 → 队列
[2026-07-12 00:08:47]   用户 pyfpyfpyf 共查 12 个仓库
[2026-07-12 00:08:47] 仓库 https://github.com/wnsnnnmwlls/AutoMergePublicNodes (分支: master, size: 8078144KB, pushed: 2026-07-11T15:31:27Z)
[2026-07-12 00:08:47]   👤 用户仓库: 7 个 → 队列
[2026-07-12 00:08:47]   用户 wangbaipiao 共查 7 个仓库
[2026-07-12 00:08:47] 仓库 https://github.com/CrowleyLian/AutoMergePublicNodes (分支: master, size: 8092238KB, pushed: 2026-07-11T15:30:44Z)[2026-07-12 00:08:47]   👤 用户仓库: 5 个 → 队列

[2026-07-12 00:08:48]   用户 A2722629488 共查 5 个仓库
[2026-07-12 00:08:48] 仓库 https://github.com/gbhga/AutoMergePublicNodes (分支: master, size: 20768701KB, pushed: 2026-07-11T15:30:30Z)
[2026-07-12 00:08:48] 仓库 https://github.com/wnsnnnmwlls/AutoMergePublicNodes 候选文件 3 个
[2026-07-12 00:08:48] 仓库 https://github.com/CrowleyLian/AutoMergePublicNodes 候选文件 3 个[2026-07-12 00:08:48] 仓库 https://github.com/gbhga/AutoMergePublicNodes 候选文件 2 个

[2026-07-12 00:08:48] 👤 遍历用户仓库: hahahahalipoterr
[2026-07-12 00:08:48] 🔗 查子仓库: zhongrunqiu/AutoMergePublicNodes
[2026-07-12 00:08:48] 🔗 开始 Fork 链追踪 (zhongrunqiu/AutoMergePublicNodes)
[2026-07-12 00:08:49]   父仓库: chengaopan/AutoMergePublicNodes
[2026-07-12 00:08:50] 👤 遍历用户仓库: zhongrunqiu
[2026-07-12 00:08:51]   👤 用户仓库: 8 个 → 队列
[2026-07-12 00:08:51]   用户 zhongrunqiu 共查 8 个仓库
[2026-07-12 00:08:51] 仓库 https://github.com/lejia1314520/AutoMergePublicNodes (分支: master, size: 8080383KB, pushed: 2026-07-11T15:30:28Z)
[2026-07-12 00:08:52] 🔗 查子仓库: lonng2024/AutoMergePublicNodes
[2026-07-12 00:08:53] 🔗 开始 Fork 链追踪 (lonng2024/AutoMergePublicNodes)
[2026-07-12 00:08:53] ⏱️ [58/122] 梯子 pushed:>2026-07-10T15:34:46Z fork:true -language:HTML | 11s | +0
[2026-07-12 00:08:53] 仓库 https://github.com/lejia1314520/AutoMergePublicNodes 候选文件 3 个
[2026-07-12 00:08:53]   父仓库: chengaopan/AutoMergePublicNodes
[2026-07-12 00:08:54] 🔗 查子仓库: wnsnnnmwlls/AutoMergePublicNodes
[2026-07-12 00:08:54] 🔗 开始 Fork 链追踪 (wnsnnnmwlls/AutoMergePublicNodes)
[2026-07-12 00:08:54]   父仓库: chengaopan/AutoMergePublicNodes
[2026-07-12 00:08:55] 👤 遍历用户仓库: lonng2024[2026-07-12 00:08:55] 🔗 查子仓库: CrowleyLian/AutoMergePublicNodes

[2026-07-12 00:08:55] 🔗 开始 Fork 链追踪 (CrowleyLian/AutoMergePublicNodes)
[2026-07-12 00:08:55]   👤 用户仓库: 30 个 → 队列
[2026-07-12 00:08:55]   用户 hahahahalipoterr 共查 30 个仓库
[2026-07-12 00:08:55] 仓库 https://github.com/yg8080/AutoMergePublicNodes (分支: master, size: 8071097KB, pushed: 2026-07-11T15:30:20Z)
[2026-07-12 00:08:55]   父仓库: chengaopan/AutoMergePublicNodes
[2026-07-12 00:08:56] 👤 遍历用户仓库: wnsnnnmwlls
[2026-07-12 00:08:56] 仓库 https://github.com/yg8080/AutoMergePublicNodes 候选文件 3 个
[2026-07-12 00:08:56]   👤 用户仓库: 20 个 → 队列
[2026-07-12 00:08:56]   用户 lonng2024 共查 20 个仓库
[2026-07-12 00:08:56] 仓库 https://github.com/ww940/AutoMergePublicNodes (分支: master, size: 8092190KB, pushed: 2026-07-11T15:29:35Z)
[2026-07-12 00:08:59]   👤 用户仓库: 15 个 → 队列
[2026-07-12 00:08:59]   用户 wnsnnnmwlls 共查 15 个仓库
[2026-07-12 00:09:00] 仓库 https://github.com/xiao33521/AutoMergePublicNodes33521 (分支: master, size: 8088087KB, pushed: 2026-07-11T15:29:24Z)[2026-07-12 00:09:00] 👤 遍历用户仓库: CrowleyLian

[2026-07-12 00:09:00] 仓库 https://github.com/ww940/AutoMergePublicNodes 候选文件 3 个[2026-07-12 00:09:00] 仓库 https://github.com/xiao33521/AutoMergePublicNodes33521 候选文件 3 个

[2026-07-12 00:09:00]   用户 CrowleyLian 共查 0 个仓库
[2026-07-12 00:09:00] 仓库 https://github.com/suanxidanian/AutoMergePublicNodes (分支: master, size: 8086633KB, pushed: 2026-07-11T15:29:21Z)
[2026-07-12 00:09:01] 仓库 https://github.com/suanxidanian/AutoMergePublicNodes 候选文件 3 个
[2026-07-12 00:09:01] 🔗 查子仓库: lejia1314520/AutoMergePublicNodes
[2026-07-12 00:09:02] 🔗 开始 Fork 链追踪 (lejia1314520/AutoMergePublicNodes)
[2026-07-12 00:09:02]   父仓库: chengaopan/AutoMergePublicNodes
[2026-07-12 00:09:06] 👤 遍历用户仓库: lejia1314520
[2026-07-12 00:09:06]   👤 用户仓库: 6 个 → 队列
[2026-07-12 00:09:07]   用户 lejia1314520 共查 6 个仓库
[2026-07-12 00:09:07] 仓库 https://github.com/sileopro/AutoMergePublicNodes (分支: master, size: 8086288KB, pushed: 2026-07-11T15:29:16Z)
[2026-07-12 00:09:08] 🔗 查子仓库: yg8080/AutoMergePublicNodes
[2026-07-12 00:09:08] 🔗 开始 Fork 链追踪 (yg8080/AutoMergePublicNodes)
[2026-07-12 00:09:08]   父仓库: chengaopan/AutoMergePublicNodes
[2026-07-12 00:09:08] 仓库 https://github.com/sileopro/AutoMergePublicNodes 候选文件 3 个
[2026-07-12 00:09:10] 👤 遍历用户仓库: yg8080[2026-07-12 00:09:10] 🔗 查子仓库: ww940/AutoMergePublicNodes

[2026-07-12 00:09:10] 🔗 开始 Fork 链追踪 (ww940/AutoMergePublicNodes)
[2026-07-12 00:09:11] 🔗 查子仓库: suanxidanian/AutoMergePublicNodes
[2026-07-12 00:09:11]   父仓库: chengaopan/AutoMergePublicNodes
[2026-07-12 00:09:11] 🔗 开始 Fork 链追踪 (suanxidanian/AutoMergePublicNodes)
[2026-07-12 00:09:12]   👤 用户仓库: 22 个 → 队列
[2026-07-12 00:09:12]   父仓库: chengaopan/AutoMergePublicNodes[2026-07-12 00:09:12]   用户 yg8080 共查 22 个仓库

[2026-07-12 00:09:12] 仓库 https://github.com/mkmkgo/AutoMergePublicNodes (分支: master, size: 8091670KB, pushed: 2026-07-11T15:29:15Z)
[2026-07-12 00:09:14] 🔗 查子仓库: xiao33521/AutoMergePublicNodes33521
[2026-07-12 00:09:14] 🔗 开始 Fork 链追踪 (xiao33521/AutoMergePublicNodes33521)
[2026-07-12 00:09:15] 👤 遍历用户仓库: ww940
[2026-07-12 00:09:15]   父仓库: chengaopan/AutoMergePublicNodes
[2026-07-12 00:09:15] 仓库 https://github.com/mkmkgo/AutoMergePublicNodes 候选文件 3 个
[2026-07-12 00:09:15] 👤 遍历用户仓库: suanxidanian
[2026-07-12 00:09:16]   👤 用户仓库: 26 个 → 队列
[2026-07-12 00:09:16]   用户 ww940 共查 26 个仓库
[2026-07-12 00:09:16] 仓库 https://github.com/shibaobei1/AutoMergePublicNodes--mfjd (分支: master, size: 8087192KB, pushed: 2026-07-11T15:29:12Z)
[2026-07-12 00:09:18] 👤 遍历用户仓库: xiao33521
[2026-07-12 00:09:18]   👤 用户仓库: 30 个 → 队列
[2026-07-12 00:09:18] 仓库 https://github.com/shibaobei1/AutoMergePublicNodes--mfjd 候选文件 3 个
[2026-07-12 00:09:18]   用户 suanxidanian 共查 30 个仓库
[2026-07-12 00:09:19] 仓库 https://github.com/zz379688/AutoMergePublicNodes (分支: master, size: 8090798KB, pushed: 2026-07-11T15:29:09Z)
[2026-07-12 00:09:19]   👤 用户仓库: 17 个 → 队列
[2026-07-12 00:09:19]   用户 xiao33521 共查 17 个仓库
[2026-07-12 00:09:19] 仓库 https://github.com/liuhtt/AutoMergePublicNodes (分支: master, size: 21197798KB, pushed: 2026-07-11T15:29:07Z)[2026-07-12 00:09:19] 🔗 查子仓库: sileopro/AutoMergePublicNodes

[2026-07-12 00:09:20] 仓库 https://github.com/zz379688/AutoMergePublicNodes 候选文件 3 个
[2026-07-12 00:09:20] 🔗 开始 Fork 链追踪 (sileopro/AutoMergePublicNodes)
[2026-07-12 00:09:20] 仓库 https://github.com/liuhtt/AutoMergePublicNodes 候选文件 2 个[2026-07-12 00:09:20]   父仓库: chengaopan/AutoMergePublicNodes

[2026-07-12 00:09:25] 👤 遍历用户仓库: sileopro
[2026-07-12 00:09:25] 🔗 查子仓库: mkmkgo/AutoMergePublicNodes
[2026-07-12 00:09:25] 🔗 开始 Fork 链追踪 (mkmkgo/AutoMergePublicNodes)
[2026-07-12 00:09:26]   父仓库: chengaopan/AutoMergePublicNodes[2026-07-12 00:09:26]   👤 用户仓库: 14 个 → 队列

[2026-07-12 00:09:26]   用户 sileopro 共查 14 个仓库
[2026-07-12 00:09:26] 仓库 https://github.com/jianwu-zhao/AutoMergePublicNodes (分支: master, size: 21126183KB, pushed: 2026-07-11T15:29:04Z)
[2026-07-12 00:09:27] 仓库 https://github.com/jianwu-zhao/AutoMergePublicNodes 候选文件 2 个
[2026-07-12 00:09:28] 👤 遍历用户仓库: mkmkgo
[2026-07-12 00:09:28] 🔗 查子仓库: shibaobei1/AutoMergePublicNodes--mfjd
[2026-07-12 00:09:29] 🔗 开始 Fork 链追踪 (shibaobei1/AutoMergePublicNodes--mfjd)[2026-07-12 00:09:29] 🔗 查子仓库: zz379688/AutoMergePublicNodes

[2026-07-12 00:09:29] 🔗 开始 Fork 链追踪 (zz379688/AutoMergePublicNodes)
[2026-07-12 00:09:29]   父仓库: chengaopan/AutoMergePublicNodes
[2026-07-12 00:09:29]   父仓库: chengaopan/AutoMergePublicNodes
[2026-07-12 00:09:30]   👤 用户仓库: 30 个 → 队列
[2026-07-12 00:09:30]   用户 mkmkgo 共查 30 个仓库
[2026-07-12 00:09:30] 仓库 https://github.com/leo-qin815/AutoMergePublicNodes (分支: master, size: 8088101KB, pushed: 2026-07-11T15:29:01Z)
[2026-07-12 00:09:30] 仓库 https://github.com/leo-qin815/AutoMergePublicNodes 候选文件 3 个
[2026-07-12 00:09:31] 👤 遍历用户仓库: shibaobei1
[2026-07-12 00:09:31] 👤 遍历用户仓库: zz379688
[2026-07-12 00:09:31]   👤 用户仓库: 12 个 → 队列
[2026-07-12 00:09:31]   用户 zz379688 共查 12 个仓库
[2026-07-12 00:09:31] 仓库 https://github.com/lyxgmxit/AutoMergePublicNodes (分支: master, size: 21084749KB, pushed: 2026-07-11T15:29:00Z)
[2026-07-12 00:09:32] 仓库 https://github.com/lyxgmxit/AutoMergePublicNodes 候选文件 2 个
[2026-07-12 00:09:33]   👤 用户仓库: 30 个 → 队列
[2026-07-12 00:09:33]   用户 shibaobei1 共查 30 个仓库
[2026-07-12 00:09:33] 仓库 https://github.com/fgkhi/AutoMergePublicNodes (分支: master, size: 8084983KB, pushed: 2026-07-11T15:28:58Z)
[2026-07-12 00:09:34] 仓库 https://github.com/fgkhi/AutoMergePublicNodes 候选文件 3 个
[2026-07-12 00:09:39] 🔗 查子仓库: leo-qin815/AutoMergePublicNodes
[2026-07-12 00:09:40] 🔗 开始 Fork 链追踪 (leo-qin815/AutoMergePublicNodes)
[2026-07-12 00:09:41]   父仓库: chengaopan/AutoMergePublicNodes
[2026-07-12 00:09:43] 👤 遍历用户仓库: leo-qin815
[2026-07-12 00:09:44]   👤 用户仓库: 9 个 → 队列
[2026-07-12 00:09:44]   用户 leo-qin815 共查 9 个仓库
[2026-07-12 00:09:45] 仓库 https://github.com/rf916711-del/AutoMergePublicNodes (分支: master, size: 8083080KB, pushed: 2026-07-11T15:28:58Z)
[2026-07-12 00:09:47] 🔗 查子仓库: fgkhi/AutoMergePublicNodes
[2026-07-12 00:09:47] 仓库 https://github.com/rf916711-del/AutoMergePublicNodes 候选文件 3 个
[2026-07-12 00:09:48] 🔗 开始 Fork 链追踪 (fgkhi/AutoMergePublicNodes)
[2026-07-12 00:09:49]   父仓库: chengaopan/AutoMergePublicNodes
[2026-07-12 00:09:53] 👤 遍历用户仓库: fgkhi
[2026-07-12 00:09:54]   👤 用户仓库: 7 个 → 队列
[2026-07-12 00:09:54]   用户 fgkhi 共查 7 个仓库
[2026-07-12 00:09:54] 仓库 https://github.com/lihong19801/zidongzhuaqu4 (分支: master, size: 7758065KB, pushed: 2026-07-11T15:28:56Z)
[2026-07-12 00:09:55] 仓库 https://github.com/lihong19801/zidongzhuaqu4 候选文件 3 个
[2026-07-12 00:10:03] 🔗 查子仓库: rf916711-del/AutoMergePublicNodes
[2026-07-12 00:10:03] 🔗 开始 Fork 链追踪 (rf916711-del/AutoMergePublicNodes)
[2026-07-12 00:10:04]   父仓库: chengaopan/AutoMergePublicNodes
[2026-07-12 00:10:10] 👤 遍历用户仓库: rf916711-del
[2026-07-12 00:10:11]   👤 用户仓库: 1 个 → 队列
[2026-07-12 00:10:11]   用户 rf916711-del 共查 1 个仓库
[2026-07-12 00:10:11] 仓库 https://github.com/eshao731/AutoMergePublicNodes (分支: master, size: 21541KB, pushed: 2026-07-11T15:28:50Z)
[2026-07-12 00:10:14] 🔗 查子仓库: lihong19801/zidongzhuaqu4
[2026-07-12 00:10:14] 🔗 开始 Fork 链追踪 (lihong19801/zidongzhuaqu4)
[2026-07-12 00:10:15] 仓库 https://github.com/eshao731/AutoMergePublicNodes 候选文件 19 个
[2026-07-12 00:10:16]   父仓库: chengaopan/AutoMergePublicNodes
[2026-07-12 00:10:22] 👤 遍历用户仓库: lihong19801
[2026-07-12 00:10:23] 🔗 查子仓库: prhom-jpg/AutoMergePublicNodes
[2026-07-12 00:10:23]   👤 用户仓库: 15 个 → 队列
[2026-07-12 00:10:24]   用户 lihong19801 共查 15 个仓库
[2026-07-12 00:10:24] 仓库 https://github.com/hnonly/AutoMergePublicNodes (分支: master, size: 8084053KB, pushed: 2026-07-11T15:28:38Z)
[2026-07-12 00:10:25] 🔗 开始 Fork 链追踪 (prhom-jpg/AutoMergePublicNodes)
[2026-07-12 00:10:26] 仓库 https://github.com/hnonly/AutoMergePublicNodes 候选文件 3 个
[2026-07-12 00:10:26]   父仓库: chengaopan/AutoMergePublicNodes
[2026-07-12 00:10:30] 👤 遍历用户仓库: prhom-jpg
[2026-07-12 00:10:31]   👤 用户仓库: 2 个 → 队列
[2026-07-12 00:10:31]   用户 prhom-jpg 共查 2 个仓库
[2026-07-12 00:10:31] 仓库 https://github.com/dalazhi/AutoMergePublicNodes (分支: master, size: 8091478KB, pushed: 2026-07-11T15:28:28Z)
[2026-07-12 00:10:32] 仓库 https://github.com/dalazhi/AutoMergePublicNodes 候选文件 3 个
[2026-07-12 00:10:39] 🔗 查子仓库: hnonly/AutoMergePublicNodes
[2026-07-12 00:10:39] 🔗 开始 Fork 链追踪 (hnonly/AutoMergePublicNodes)
[2026-07-12 00:10:40]   父仓库: chengaopan/AutoMergePublicNodes
[2026-07-12 00:10:43] 🔗 查子仓库: dalazhi/AutoMergePublicNodes
[2026-07-12 00:10:43] 🔗 查子仓库: eshao731/AutoMergePublicNodes
[2026-07-12 00:10:43] 👤 遍历用户仓库: hnonly
[2026-07-12 00:10:43] 🔗 开始 Fork 链追踪 (dalazhi/AutoMergePublicNodes)
[2026-07-12 00:10:43] 🔗 开始 Fork 链追踪 (eshao731/AutoMergePublicNodes)
[2026-07-12 00:10:44]   父仓库: chengaopan/AutoMergePublicNodes
[2026-07-12 00:10:44]   父仓库: chengaopan/AutoMergePublicNodes
[2026-07-12 00:10:45]   👤 用户仓库: 30 个 → 队列
[2026-07-12 00:10:45]   用户 hnonly 共查 30 个仓库
[2026-07-12 00:10:45] 仓库 https://github.com/liujiangbaba/AutoMergePublicNodes (分支: master, size: 21250200KB, pushed: 2026-07-11T15:28:18Z)
[2026-07-12 00:10:45] 👤 遍历用户仓库: dalazhi
[2026-07-12 00:10:45] 👤 遍历用户仓库: eshao731
[2026-07-12 00:10:45] 仓库 https://github.com/liujiangbaba/AutoMergePublicNodes 候选文件 2 个
[2026-07-12 00:10:46]   👤 用户仓库: 14 个 → 队列
[2026-07-12 00:10:47] 🔗 查子仓库: gbhga/AutoMergePublicNodes
[2026-07-12 00:10:47]   用户 eshao731 共查 14 个仓库
[2026-07-12 00:10:47] 仓库 https://github.com/ligusx/Auto (分支: master, size: 21303870KB, pushed: 2026-07-11T15:27:58Z)
[2026-07-12 00:10:47] 🔗 开始 Fork 链追踪 (gbhga/AutoMergePublicNodes)
[2026-07-12 00:10:47]   👤 用户仓库: 24 个 → 队列[2026-07-12 00:10:47] 仓库 https://github.com/ligusx/Auto 候选文件 2 个

[2026-07-12 00:10:48]   用户 dalazhi 共查 24 个仓库[2026-07-12 00:10:49]   父仓库: chengaopan/AutoMergePublicNodes

[2026-07-12 00:10:49] 仓库 https://github.com/xfxx2022/AutoMergePublicNodes (分支: master, size: 20816467KB, pushed: 2026-07-11T15:27:57Z)
[2026-07-12 00:10:49] 仓库 https://github.com/xfxx2022/AutoMergePublicNodes 候选文件 2 个
[2026-07-12 00:10:51] 👤 遍历用户仓库: gbhga
[2026-07-12 00:10:52]   👤 用户仓库: 13 个 → 队列
[2026-07-12 00:10:52]   用户 gbhga 共查 13 个仓库
[2026-07-12 00:10:52] 仓库 https://github.com/ggmsub/AutoMergePublicNodes (分支: master, size: 8087095KB, pushed: 2026-07-11T15:27:46Z)
[2026-07-12 00:10:53] 仓库 https://github.com/ggmsub/AutoMergePublicNodes 候选文件 3 个
[2026-07-12 00:10:57] 📄 https://raw.githubusercontent.com/justin1hugo/SubCrawler/main/sub/share/vless ✅ 解析 19575 候选 → 19575 个有效节点 → 去重后新增 4 个
[2026-07-12 00:11:02] 🔗 查子仓库: ggmsub/AutoMergePublicNodes
[2026-07-12 00:11:02] 🔗 开始 Fork 链追踪 (ggmsub/AutoMergePublicNodes)
[2026-07-12 00:11:02]   父仓库: chengaopan/AutoMergePublicNodes
[2026-07-12 00:11:06] 👤 遍历用户仓库: ggmsub
[2026-07-12 00:11:08]   👤 用户仓库: 19 个 → 队列
[2026-07-12 00:11:08]   用户 ggmsub 共查 19 个仓库
[2026-07-12 00:11:08] 仓库 https://github.com/chengzhiming/AutoMergePublicNodes (分支: master, size: 21301348KB, pushed: 2026-07-11T15:27:32Z)
[2026-07-12 00:11:08] 仓库 https://github.com/chengzhiming/AutoMergePublicNodes 候选文件 2 个
[2026-07-12 00:11:16] 🔗 查子仓库: jianwu-zhao/AutoMergePublicNodes
[2026-07-12 00:11:21] 🔗 开始 Fork 链追踪 (jianwu-zhao/AutoMergePublicNodes)
[2026-07-12 00:11:21]   父仓库: chengaopan/AutoMergePublicNodes
[2026-07-12 00:11:25] 👤 遍历用户仓库: jianwu-zhao
[2026-07-12 00:11:30]   👤 用户仓库: 30 个 → 队列
[2026-07-12 00:11:30]   用户 jianwu-zhao 共查 30 个仓库
[2026-07-12 00:11:30] 仓库 https://github.com/hanxiaochan/AutoMergePublicNodes (分支: master, size: 8094494KB, pushed: 2026-07-11T15:26:53Z)
[2026-07-12 00:11:31] 仓库 https://github.com/hanxiaochan/AutoMergePublicNodes 候选文件 3 个
[2026-07-12 00:11:33] 🔗 查子仓库: justin1hugo/SubCrawler
[2026-07-12 00:11:33] 🔗 查子仓库: liuhtt/AutoMergePublicNodes
[2026-07-12 00:11:34] 🔗 开始 Fork 链追踪 (justin1hugo/SubCrawler)[2026-07-12 00:11:34] 🔗 开始 Fork 链追踪 (liuhtt/AutoMergePublicNodes)

[2026-07-12 00:11:35]   父仓库: chengaopan/AutoMergePublicNodes
[2026-07-12 00:11:35]   父仓库: Leon406/SubCrawler
[2026-07-12 00:11:37] 👤 遍历用户仓库: liuhtt
[2026-07-12 00:11:38] 👤 遍历用户仓库: justin1hugo
[2026-07-12 00:11:40]   👤 用户仓库: 2 个 → 队列
[2026-07-12 00:11:41]   用户 justin1hugo 共查 2 个仓库
[2026-07-12 00:11:41] 仓库 https://github.com/chengaopan/AutoMergePublicNodes (分支: master, size: 8092489KB, pushed: 2026-07-11T15:26:50Z)[2026-07-12 00:11:41]   👤 用户仓库: 30 个 → 队列

[2026-07-12 00:11:41]   用户 liuhtt 共查 30 个仓库
[2026-07-12 00:11:42] 仓库 https://github.com/ming1386/AutoMergePublicNodes (分支: master, size: 21276737KB, pushed: 2026-07-11T15:26:47Z)
[2026-07-12 00:11:42] 仓库 https://github.com/chengaopan/AutoMergePublicNodes 无候选文件 (总计 56 blob, 扩展名过滤 4, processed_shas 跳过 16, SHA 缓存跳过 36)
[2026-07-12 00:11:42] 🔗 查子仓库: chengaopan/AutoMergePublicNodes
[2026-07-12 00:11:42] 仓库 https://github.com/ming1386/AutoMergePublicNodes 候选文件 2 个
[2026-07-12 00:11:45] 🔗 开始 Fork 链追踪 (chengaopan/AutoMergePublicNodes)
[2026-07-12 00:11:46] 👤 遍历用户仓库: chengaopan
[2026-07-12 00:11:47] 🔗 查子仓库: lyxgmxit/AutoMergePublicNodes
[2026-07-12 00:11:47] 🔗 查子仓库: hanxiaochan/AutoMergePublicNodes
[2026-07-12 00:11:47] 🔗 开始 Fork 链追踪 (lyxgmxit/AutoMergePublicNodes)
[2026-07-12 00:11:47] 🔗 开始 Fork 链追踪 (hanxiaochan/AutoMergePublicNodes)[2026-07-12 00:11:47]   👤 用户仓库: 11 个 → 队列

[2026-07-12 00:11:48]   用户 chengaopan 共查 11 个仓库
[2026-07-12 00:11:48] 仓库 https://github.com/ncn2023/AutoMergePublicNodes (分支: master, size: 20863224KB, pushed: 2026-07-11T15:26:45Z)
[2026-07-12 00:11:48]   父仓库: chengaopan/AutoMergePublicNodes
[2026-07-12 00:11:48]   父仓库: chengaopan/AutoMergePublicNodes
[2026-07-12 00:11:48] 仓库 https://github.com/ncn2023/AutoMergePublicNodes 候选文件 2 个
[2026-07-12 00:11:51] 👤 遍历用户仓库: hanxiaochan[2026-07-12 00:11:51] 👤 遍历用户仓库: lyxgmxit

[2026-07-12 00:11:51]   用户 hanxiaochan 共查 0 个仓库
[2026-07-12 00:11:51] 仓库 https://github.com/akflytiger/AutoMergePublicNodes (分支: master, size: 8092494KB, pushed: 2026-07-11T15:26:43Z)
[2026-07-12 00:11:52] 仓库 https://github.com/akflytiger/AutoMergePublicNodes 候选文件 3 个
[2026-07-12 00:11:52]   👤 用户仓库: 30 个 → 队列
[2026-07-12 00:11:53]   用户 lyxgmxit 共查 30 个仓库
[2026-07-12 00:11:53] 仓库 https://github.com/yuntin908/AutoMergePublicNodes (分支: master, size: 8077265KB, pushed: 2026-07-11T15:26:36Z)
[2026-07-12 00:11:53] 仓库 https://github.com/yuntin908/AutoMergePublicNodes 候选文件 3 个
[2026-07-12 00:12:02] 🔗 查子仓库: akflytiger/AutoMergePublicNodes
[2026-07-12 00:12:02] 🔗 开始 Fork 链追踪 (akflytiger/AutoMergePublicNodes)
[2026-07-12 00:12:03]   父仓库: chengaopan/AutoMergePublicNodes
[2026-07-12 00:12:04] 🔗 查子仓库: yuntin908/AutoMergePublicNodes
[2026-07-12 00:12:04] 🔗 开始 Fork 链追踪 (yuntin908/AutoMergePublicNodes)
[2026-07-12 00:12:05]   父仓库: chengaopan/AutoMergePublicNodes
[2026-07-12 00:12:05] 👤 遍历用户仓库: akflytiger
[2026-07-12 00:12:07]   👤 用户仓库: 5 个 → 队列
[2026-07-12 00:12:07]   用户 akflytiger 共查 5 个仓库
[2026-07-12 00:12:07] 仓库 https://github.com/gowing520/AutoMergePublicNodes (分支: master, size: 8092312KB, pushed: 2026-07-11T15:21:50Z)
[2026-07-12 00:12:08] 仓库 https://github.com/gowing520/AutoMergePublicNodes 候选文件 3 个
[2026-07-12 00:12:08] 👤 遍历用户仓库: yuntin908
[2026-07-12 00:12:12]   👤 用户仓库: 30 个 → 队列
[2026-07-12 00:12:13]   用户 yuntin908 共查 30 个仓库
[2026-07-12 00:12:14] 仓库 https://github.com/shaoyouvip/free (分支: main, size: 17435KB, pushed: 2026-07-11T15:14:34Z)
[2026-07-12 00:12:17] 仓库 https://github.com/shaoyouvip/free 候选文件 4 个
[2026-07-12 00:12:22] 🔗 查子仓库: shaoyouvip/free
[2026-07-12 00:12:25]   🍴 子仓库: 30 个 → 队列
[2026-07-12 00:12:25] 🔗 开始 Fork 链追踪 (shaoyouvip/free)
[2026-07-12 00:12:26] 👤 遍历用户仓库: shaoyouvip
[2026-07-12 00:12:28] 🔗 查子仓库: gowing520/AutoMergePublicNodes
[2026-07-12 00:12:29] 🔗 开始 Fork 链追踪 (gowing520/AutoMergePublicNodes)
[2026-07-12 00:12:30]   父仓库: chengaopan/AutoMergePublicNodes
[2026-07-12 00:12:32]   👤 用户仓库: 14 个 → 队列
[2026-07-12 00:12:32]   用户 shaoyouvip 共查 14 个仓库
[2026-07-12 00:12:32] 仓库 https://github.com/zhanghoa/AutoMergePublicNodes (分支: master, size: 8091866KB, pushed: 2026-07-11T14:36:02Z)
[2026-07-12 00:12:34] 仓库 https://github.com/zhanghoa/AutoMergePublicNodes 候选文件 3 个
[2026-07-12 00:12:34] 👤 遍历用户仓库: gowing520
[2026-07-12 00:12:38] 🔗 查子仓库: xfxx2022/AutoMergePublicNodes
[2026-07-12 00:12:39]   👤 用户仓库: 30 个 → 队列
[2026-07-12 00:12:39]   用户 gowing520 共查 30 个仓库
[2026-07-12 00:12:39] 仓库 https://github.com/shtrend/AutoMergePublicNodes (分支: master, size: 8086318KB, pushed: 2026-07-11T14:35:53Z)
[2026-07-12 00:12:39] 🔗 开始 Fork 链追踪 (xfxx2022/AutoMergePublicNodes)
[2026-07-12 00:12:40]   父仓库: chengaopan/AutoMergePublicNodes[2026-07-12 00:12:40] 仓库 https://github.com/shtrend/AutoMergePublicNodes 候选文件 3 个

[2026-07-12 00:12:44] 👤 遍历用户仓库: xfxx2022
[2026-07-12 00:12:46] 🔗 查子仓库: liujiangbaba/AutoMergePublicNodes
[2026-07-12 00:12:47] 🔗 开始 Fork 链追踪 (liujiangbaba/AutoMergePublicNodes)[2026-07-12 00:12:47] 🔗 查子仓库: zhanghoa/AutoMergePublicNodes

[2026-07-12 00:12:47] 🔗 开始 Fork 链追踪 (zhanghoa/AutoMergePublicNodes)
[2026-07-12 00:12:48]   父仓库: chengaopan/AutoMergePublicNodes
[2026-07-12 00:12:49]   父仓库: chengaopan/AutoMergePublicNodes
[2026-07-12 00:12:51] 👤 遍历用户仓库: liujiangbaba
[2026-07-12 00:12:51] 👤 遍历用户仓库: zhanghoa
[2026-07-12 00:12:51]   👤 用户仓库: 1 个 → 队列
[2026-07-12 00:12:51]   用户 liujiangbaba 共查 1 个仓库
[2026-07-12 00:12:51] 仓库 https://github.com/x-isd/AutoMergePublicNodes (分支: master, size: 8084695KB, pushed: 2026-07-11T14:35:48Z)
[2026-07-12 00:12:52] 🔗 查子仓库: shtrend/AutoMergePublicNodes
[2026-07-12 00:12:52] 🔗 查子仓库: ligusx/Auto
[2026-07-12 00:12:53] 🔗 开始 Fork 链追踪 (shtrend/AutoMergePublicNodes)
[2026-07-12 00:12:53] 🔗 开始 Fork 链追踪 (ligusx/Auto)
[2026-07-12 00:12:53] 仓库 https://github.com/x-isd/AutoMergePublicNodes 候选文件 3 个[2026-07-12 00:12:53]   父仓库: chengaopan/AutoMergePublicNodes

[2026-07-12 00:12:53]   👤 用户仓库: 30 个 → 队列
[2026-07-12 00:12:53]   用户 zhanghoa 共查 30 个仓库
[2026-07-12 00:12:53] 仓库 https://github.com/aquace/-dl (分支: master, size: 8083664KB, pushed: 2026-07-11T14:35:46Z)
[2026-07-12 00:12:53]   父仓库: chengaopan/AutoMergePublicNodes
[2026-07-12 00:12:54] 仓库 https://github.com/aquace/-dl 候选文件 3 个
[2026-07-12 00:12:54] 👤 遍历用户仓库: shtrend
[2026-07-12 00:12:54] 👤 遍历用户仓库: ligusx
[2026-07-12 00:12:57]   👤 用户仓库: 30 个 → 队列
[2026-07-12 00:12:57]   用户 ligusx 共查 30 个仓库
[2026-07-12 00:12:57] 仓库 https://github.com/link8077/AutoMergePublicNodes (分支: master, size: 8084787KB, pushed: 2026-07-11T14:35:41Z)
[2026-07-12 00:12:58] 仓库 https://github.com/link8077/AutoMergePublicNodes 候选文件 3 个
[2026-07-12 00:12:58]   👤 用户仓库: 30 个 → 队列
[2026-07-12 00:12:58]   用户 xfxx2022 共查 30 个仓库
[2026-07-12 00:12:58] 仓库 https://github.com/liuhuo12358/vpn-cdn (分支: master, size: 8092489KB, pushed: 2026-07-11T14:20:39Z)
[2026-07-12 00:12:58]   👤 用户仓库: 30 个 → 队列
[2026-07-12 00:12:58]   用户 shtrend 共查 30 个仓库
[2026-07-12 00:12:58] 仓库 https://github.com/yong739/AutoMergePublicNodes (分支: master, size: 6438039KB, pushed: 2026-07-11T13:58:34Z)
[2026-07-12 00:12:58] 🔗 查子仓库: x-isd/AutoMergePublicNodes
[2026-07-12 00:12:58] 🔗 开始 Fork 链追踪 (x-isd/AutoMergePublicNodes)
[2026-07-12 00:12:58] 仓库 https://github.com/liuhuo12358/vpn-cdn 无候选文件 (总计 56 blob, 扩展名过滤 4, processed_shas 跳过 16, SHA 缓存跳过 36)
[2026-07-12 00:12:58] 🔗 查子仓库: liuhuo12358/vpn-cdn
[2026-07-12 00:12:58] 仓库 https://github.com/yong739/AutoMergePublicNodes 候选文件 2 个
[2026-07-12 00:12:59] 🔗 开始 Fork 链追踪 (liuhuo12358/vpn-cdn)
[2026-07-12 00:12:59]   父仓库: chengaopan/AutoMergePublicNodes
[2026-07-12 00:12:59] 🔗 查子仓库: aquace/-dl
[2026-07-12 00:12:59]   父仓库: chengaopan/AutoMergePublicNodes
[2026-07-12 00:12:59] 🔗 开始 Fork 链追踪 (aquace/-dl)
[2026-07-12 00:13:01]   父仓库: chengaopan/AutoMergePublicNodes
[2026-07-12 00:13:01] 👤 遍历用户仓库: liuhuo12358
[2026-07-12 00:13:03] 👤 遍历用户仓库: x-isd
[2026-07-12 00:13:04] 👤 遍历用户仓库: aquace
[2026-07-12 00:13:05]   👤 用户仓库: 30 个 → 队列
[2026-07-12 00:13:05]   用户 aquace 共查 30 个仓库
[2026-07-12 00:13:05] 仓库 https://github.com/Eleven1985/Scrape-By-Country (分支: main, size: 85931KB, pushed: 2026-07-11T13:44:23Z)
[2026-07-12 00:13:07] 仓库 https://github.com/Eleven1985/Scrape-By-Country 候选文件 53 个
[2026-07-12 00:13:07]   👤 用户仓库: 30 个 → 队列
[2026-07-12 00:13:07]   用户 liuhuo12358 共查 30 个仓库
[2026-07-12 00:13:07] 仓库 https://github.com/fznan/spider-clash (分支: main, size: 8115KB, pushed: 2026-07-11T13:43:08Z)
[2026-07-12 00:13:07] 📄 https://raw.githubusercontent.com/Eleven1985/Scrape-By-Country/main/configs/countries/Austria.txt ✅ 解析 15 候选 → 15 个有效节点 → 去重后新增 2 个[2026-07-12 00:13:07] 📄 https://raw.githubusercontent.com/Eleven1985/Scrape-By-Country/main/configs/countries/Brazil.txt ✅ 解析 25 候选 → 25 个有效节点 → 去重后新增 1 个

[2026-07-12 00:13:07] 📄 https://raw.githubusercontent.com/Eleven1985/Scrape-By-Country/main/configs/countries/China.txt ✅ 解析 19 候选 → 19 个有效节点 → 去重后新增 1 个
[2026-07-12 00:13:07] 📄 https://raw.githubusercontent.com/Eleven1985/Scrape-By-Country/main/configs/countries/Finland.txt ✅ 解析 90 候选 → 90 个有效节点 → 去重后新增 5 个
[2026-07-12 00:13:08] 📄 https://raw.githubusercontent.com/Eleven1985/Scrape-By-Country/main/configs/countries/Ireland.txt ✅ 解析 12 候选 → 12 个有效节点 → 去重后新增 1 个[2026-07-12 00:13:08] 📄 https://raw.githubusercontent.com/Eleven1985/Scrape-By-Country/main/configs/countries/Estonia.txt ✅ 解析 23 候选 → 23 个有效节点 → 去重后新增 3 个[2026-07-12 00:13:08] 📄 https://raw.githubusercontent.com/Eleven1985/Scrape-By-Country/main/configs/countries/India.txt ✅ 解析 38 候选 → 38 个有效节点 → 去重后新增 5 个
[2026-07-12 00:13:08] 📄 https://raw.githubusercontent.com/Eleven1985/Scrape-By-Country/main/configs/countries/HongKong.txt ✅ 解析 101 候选 → 101 个有效节点 → 去重后新增 17 个

[2026-07-12 00:13:08] 📄 https://raw.githubusercontent.com/Eleven1985/Scrape-By-Country/main/configs/countries/France.txt ✅ 解析 313 候选 → 313 个有效节点 → 去重后新增 6 个
[2026-07-12 00:13:08] 📄 https://raw.githubusercontent.com/Eleven1985/Scrape-By-Country/main/configs/countries/Iran.txt ✅ 解析 94 候选 → 94 个有效节点 → 去重后新增 10 个[2026-07-12 00:13:08] 📄 https://raw.githubusercontent.com/Eleven1985/Scrape-By-Country/main/configs/countries/Kazakhstan.txt ✅ 解析 40 候选 → 40 个有效节点 → 去重后新增 3 个[2026-07-12 00:13:08] 📄 https://raw.githubusercontent.com/Eleven1985/Scrape-By-Country/main/configs/countries/Italy.txt ✅ 解析 98 候选 → 98 个有效节点 → 去重后新增 2 个


[2026-07-12 00:13:09]   👤 用户仓库: 30 个 → 队列
[2026-07-12 00:13:09] 仓库 https://github.com/fznan/spider-clash 候选文件 4 个[2026-07-12 00:13:09] 📄 https://raw.githubusercontent.com/Eleven1985/Scrape-By-Country/main/configs/countries/Lithuania.txt ✅ 解析 396 候选 → 396 个有效节点 → 去重后新增 2 个
[2026-07-12 00:13:09]   用户 x-isd 共查 30 个仓库[2026-07-12 00:13:09] 📄 https://raw.githubusercontent.com/Eleven1985/Scrape-By-Country/main/configs/countries/Japan.txt ✅ 解析 337 候选 → 337 个有效节点 → 去重后新增 63 个
[2026-07-12 00:13:09] 📄 https://raw.githubusercontent.com/Eleven1985/Scrape-By-Country/main/configs/countries/Seychelles.txt ✅ 解析 17 候选 → 17 个有效节点 → 去重后新增 1 个

[2026-07-12 00:13:10] 📄 https://raw.githubusercontent.com/Eleven1985/Scrape-By-Country/main/configs/countries/Poland.txt ✅ 解析 116 候选 → 116 个有效节点 → 去重后新增 16 个
[2026-07-12 00:13:10] 📄 https://raw.githubusercontent.com/Eleven1985/Scrape-By-Country/main/configs/countries/Sweden.txt ✅ 解析 162 候选 → 162 个有效节点 → 去重后新增 16 个[2026-07-12 00:13:10] 📄 https://raw.githubusercontent.com/Eleven1985/Scrape-By-Country/main/configs/countries/Montenegro.txt ✅ 解析 456 候选 → 456 个有效节点 → 去重后新增 163 个[2026-07-12 00:13:10] 📄 https://raw.githubusercontent.com/Eleven1985/Scrape-By-Country/main/configs/countries/Thailand.txt ✅ 解析 10 候选 → 10 个有效节点 → 去重后新增 1 个[2026-07-12 00:13:10] 📄 https://raw.githubusercontent.com/Eleven1985/Scrape-By-Country/main/configs/countries/Turkey.txt ✅ 解析 134 候选 → 134 个有效节点 → 去重后新增 17 个[2026-07-12 00:13:10] 📄 https://raw.githubusercontent.com/Eleven1985/Scrape-By-Country/main/configs/countries/Singapore.txt ✅ 解析 202 候选 → 202 个有效节点 → 去重后新增 19 个[2026-07-12 00:13:10] 📄 https://raw.githubusercontent.com/Eleven1985/Scrape-By-Country/main/configs/countries/SouthKorea.txt ✅ 解析 168 候选 → 168 个有效节点 → 去重后新增 24 个



[2026-07-12 00:13:11] 📄 https://raw.githubusercontent.com/Eleven1985/Scrape-By-Country/main/configs/countries/UAE.txt ✅ 解析 26 候选 → 26 个有效节点 → 去重后新增 5 个[2026-07-12 00:13:10] 📄 https://raw.githubusercontent.com/Eleven1985/Scrape-By-Country/main/configs/countries/Spain.txt ✅ 解析 138 候选 → 138 个有效节点 → 去重后新增 45 个[2026-07-12 00:13:11] 仓库 https://github.com/yuzengbaocy/AutoMergePublicNodes (分支: master, size: 8092429KB, pushed: 2026-07-11T13:40:06Z)


[2026-07-12 00:13:11] 🔗 查子仓库: link8077/AutoMergePublicNodes[2026-07-12 00:13:11] 📄 https://raw.githubusercontent.com/Eleven1985/Scrape-By-Country/main/configs/countries/Canada.txt ✅ 解析 725 候选 → 725 个有效节点 → 去重后新增 61 个[2026-07-12 00:13:11] 📄 https://raw.githubusercontent.com/Eleven1985/Scrape-By-Country/main/configs/countries/Germany.txt ✅ 解析 565 候选 → 565 个有效节点 → 去重后新增 69 个
[2026-07-12 00:13:11] 📄 https://raw.githubusercontent.com/Eleven1985/Scrape-By-Country/main/configs/countries/UK.txt ✅ 解析 153 候选 → 153 个有效节点 → 去重后新增 7 个[2026-07-12 00:13:11] 📄 https://raw.githubusercontent.com/Eleven1985/Scrape-By-Country/main/configs/countries/Netherlands.txt ✅ 解析 397 候选 → 397 个有效节点 → 去重后新增 38 个
[2026-07-12 00:13:11] 📄 https://raw.githubusercontent.com/Eleven1985/Scrape-By-Country/main/configs/countries/Russia.txt ✅ 解析 351 候选 → 351 个有效节点 → 去重后新增 15 个







[2026-07-12 00:13:12] 📄 https://raw.githubusercontent.com/Eleven1985/Scrape-By-Country/main/configs/protocols/Hysteria2.txt ✅ 解析 83 候选 → 83 个有效节点 → 去重后新增 2 个[2026-07-12 00:13:12] 🔗 开始 Fork 链追踪 (link8077/AutoMergePublicNodes)[2026-07-12 00:13:12] 📄 https://raw.githubusercontent.com/fznan/spider-clash/main/output/clash.yaml ✅ 解析 48 候选 → 48 个有效节点 → 去重后新增 6 个


[2026-07-12 00:13:13] 📄 https://raw.githubusercontent.com/Eleven1985/Scrape-By-Country/main/configs/protocols/Trojan.txt ✅ 解析 587 候选 → 587 个有效节点 → 去重后新增 7 个
[2026-07-12 00:13:13] 仓库 https://github.com/yuzengbaocy/AutoMergePublicNodes 候选文件 6 个
[2026-07-12 00:13:14]   父仓库: chengaopan/AutoMergePublicNodes
[2026-07-12 00:13:14] 📄 https://raw.githubusercontent.com/fznan/spider-clash/main/output/clash_all.yaml ✅ 解析 67 候选 → 67 个有效节点 → 去重后新增 4 个
[2026-07-12 00:13:15] 📄 https://raw.githubusercontent.com/Eleven1985/Scrape-By-Country/main/configs/protocols/Vmess.txt ✅ 解析 217 候选 → 217 个有效节点 → 去重后新增 5 个
[2026-07-12 00:13:16] 📄 https://raw.githubusercontent.com/fznan/spider-clash/main/output/subscribe_all.txt ✅ 解析 325 候选 → 325 个有效节点 → 去重后新增 7 个
[2026-07-12 00:13:16] 🔗 查子仓库: fznan/spider-clash
[2026-07-12 00:13:16] 🔗 查子仓库: chengzhiming/AutoMergePublicNodes
[2026-07-12 00:13:16] 📄 https://raw.githubusercontent.com/Eleven1985/Scrape-By-Country/main/configs/countries/USA.txt ✅ 解析 1459 候选 → 1459 个有效节点 → 去重后新增 132 个
[2026-07-12 00:13:17] 👤 遍历用户仓库: link8077
[2026-07-12 00:13:17] 🔗 开始 Fork 链追踪 (fznan/spider-clash)
[2026-07-12 00:13:17]   👤 用户仓库: 3 个 → 队列[2026-07-12 00:13:17] 🔗 开始 Fork 链追踪 (chengzhiming/AutoMergePublicNodes)

[2026-07-12 00:13:17]   用户 link8077 共查 3 个仓库[2026-07-12 00:13:18]   父仓库: xituimao/spider-clash

[2026-07-12 00:13:18] 仓库 https://github.com/focse/spider-clash (分支: main, size: 7405KB, pushed: 2026-07-11T13:39:07Z)
[2026-07-12 00:13:18]   父仓库: chengaopan/AutoMergePublicNodes
[2026-07-12 00:13:18]   🍴 兄弟仓库: 3 个 → 队列
[2026-07-12 00:13:18] 👤 遍历用户仓库: fznan
[2026-07-12 00:13:19] 仓库 https://github.com/focse/spider-clash 候选文件 4 个
[2026-07-12 00:13:19]   用户 fznan 共查 0 个仓库
[2026-07-12 00:13:20] 仓库 https://github.com/comanche2008/AutoMergePublicNodes (分支: master, size: 8092429KB, pushed: 2026-07-11T13:38:56Z)
[2026-07-12 00:13:20] 仓库 https://github.com/comanche2008/AutoMergePublicNodes 无候选文件 (总计 56 blob, 扩展名过滤 4, processed_shas 跳过 12, SHA 缓存跳过 40)[2026-07-12 00:13:21] 👤 遍历用户仓库: chengzhiming

[2026-07-12 00:13:21] 🔗 查子仓库: comanche2008/AutoMergePublicNodes
[2026-07-12 00:13:22] 🔗 开始 Fork 链追踪 (comanche2008/AutoMergePublicNodes)
[2026-07-12 00:13:23]   父仓库: chengaopan/AutoMergePublicNodes
[2026-07-12 00:13:24]   👤 用户仓库: 2 个 → 队列
[2026-07-12 00:13:24]   用户 chengzhiming 共查 2 个仓库
[2026-07-12 00:13:24] 仓库 https://github.com/WLget/V2ray_free (分支: master, size: 3321KB, pushed: 2026-07-11T13:25:16Z)
[2026-07-12 00:13:24] 🔗 查子仓库: focse/spider-clash
[2026-07-12 00:13:25] 🔗 开始 Fork 链追踪 (focse/spider-clash)
[2026-07-12 00:13:25]   父仓库: xituimao/spider-clash
[2026-07-12 00:13:25] 🔗 查子仓库: yuzengbaocy/AutoMergePublicNodes
[2026-07-12 00:13:25] 仓库 https://github.com/WLget/V2ray_free 候选文件 1 个[2026-07-12 00:13:25] 👤 遍历用户仓库: comanche2008
[2026-07-12 00:13:25] 🔗 开始 Fork 链追踪 (yuzengbaocy/AutoMergePublicNodes)

[2026-07-12 00:13:26] 👤 遍历用户仓库: focse
[2026-07-12 00:13:26] 🔗 查子仓库: WLget/V2ray_free
[2026-07-12 00:13:27]   父仓库: chengaopan/AutoMergePublicNodes
[2026-07-12 00:13:27]   👤 用户仓库: 3 个 → 队列[2026-07-12 00:13:27]   🍴 子仓库: 4 个 → 队列

[2026-07-12 00:13:27]   用户 focse 共查 3 个仓库
[2026-07-12 00:13:28] 🔗 开始 Fork 链追踪 (WLget/V2ray_free)[2026-07-12 00:13:29] 仓库 https://github.com/v2raynnodes/clashfree (分支: main, size: 5766KB, pushed: 2026-07-11T13:22:48Z)

[2026-07-12 00:13:29] 🔗 查子仓库: ncn2023/AutoMergePublicNodes
[2026-07-12 00:13:29] 👤 遍历用户仓库: WLget[2026-07-12 00:13:30] 仓库 https://github.com/v2raynnodes/clashfree 候选文件 3 个

[2026-07-12 00:13:30] 🔗 开始 Fork 链追踪 (ncn2023/AutoMergePublicNodes)
[2026-07-12 00:13:30]   父仓库: chengaopan/AutoMergePublicNodes
[2026-07-12 00:13:30] 👤 遍历用户仓库: yuzengbaocy
[2026-07-12 00:13:32] 📄 https://raw.githubusercontent.com/Eleven1985/Scrape-By-Country/main/configs/protocols/Vless.txt ✅ 解析 4980 候选 → 4980 个有效节点 → 去重后新增 169 个
[2026-07-12 00:13:33]   👤 用户仓库: 2 个 → 队列
[2026-07-12 00:13:33]   用户 WLget 共查 2 个仓库
[2026-07-12 00:13:33] 仓库 https://github.com/dandan7675/free (分支: main, size: 17435KB, pushed: 2026-07-11T13:10:26Z)
[2026-07-12 00:13:33]   👤 用户仓库: 2 个 → 队列
[2026-07-12 00:13:33]   用户 yuzengbaocy 共查 2 个仓库
[2026-07-12 00:13:33] 🔗 查子仓库: ming1386/AutoMergePublicNodes
[2026-07-12 00:13:33] 仓库 https://github.com/ishalumi/proxy-node-collector (分支: main, size: 52307KB, pushed: 2026-07-11T13:07:17Z)[2026-07-12 00:13:33]   👤 用户仓库: 30 个 → 队列
[2026-07-12 00:13:33] 仓库 https://github.com/dandan7675/free 候选文件 3 个

[2026-07-12 00:13:33]   用户 comanche2008 共查 30 个仓库
[2026-07-12 00:13:33] 仓库 https://github.com/xinlingmiyu-debug/- (分支: main, size: 7518KB, pushed: 2026-07-11T12:59:45Z)
[2026-07-12 00:13:34] 🔗 开始 Fork 链追踪 (ming1386/AutoMergePublicNodes)
[2026-07-12 00:13:34] 👤 遍历用户仓库: ncn2023
[2026-07-12 00:13:34] 仓库 https://github.com/ishalumi/proxy-node-collector 候选文件 8 个
[2026-07-12 00:13:34]   父仓库: chengaopan/AutoMergePublicNodes
[2026-07-12 00:13:34] 📄 https://raw.githubusercontent.com/Eleven1985/Scrape-By-Country/main/configs/protocols/ShadowSocks.txt ✅ 解析 5201 候选 → 5201 个有效节点 → 去重后新增 626 个
[2026-07-12 00:13:35] 🔗 查子仓库: dandan7675/free
[2026-07-12 00:13:35] 🔗 开始 Fork 链追踪 (dandan7675/free)
[2026-07-12 00:13:35] 仓库 https://github.com/xinlingmiyu-debug/- 候选文件 4 个
[2026-07-12 00:13:35]   👤 用户仓库: 24 个 → 队列
[2026-07-12 00:13:35]   用户 ncn2023 共查 24 个仓库
[2026-07-12 00:13:35] 仓库 https://github.com/Kicken898/AutoMergePublicNodes (分支: master, size: 7989302KB, pushed: 2026-07-11T12:59:21Z)
[2026-07-12 00:13:35]   父仓库: shaoyouvip/free
[2026-07-12 00:13:36] 👤 遍历用户仓库: ming1386
[2026-07-12 00:13:36] 仓库 https://github.com/Kicken898/AutoMergePublicNodes 候选文件 1 个
[2026-07-12 00:13:37] 📄 https://raw.githubusercontent.com/v2raynnodes/clashfree/main/README.md ✅ 解析 128 候选 → 128 个有效节点 → 去重后新增 19 个
[2026-07-12 00:13:37]   🍴 兄弟仓库: 24 个 → 队列
[2026-07-12 00:13:37] 👤 遍历用户仓库: dandan7675
[2026-07-12 00:13:38] 🔗 查子仓库: Kicken898/AutoMergePublicNodes
[2026-07-12 00:13:38] 🔗 开始 Fork 链追踪 (Kicken898/AutoMergePublicNodes)
[2026-07-12 00:13:38]   👤 用户仓库: 30 个 → 队列
[2026-07-12 00:13:38]   用户 ming1386 共查 30 个仓库
[2026-07-12 00:13:38] 仓库 https://github.com/zcr268/AutoMergePublicNodes (分支: master, size: 8092429KB, pushed: 2026-07-11T12:37:43Z)
[2026-07-12 00:13:38]   父仓库: chengaopan/AutoMergePublicNodes
[2026-07-12 00:13:38] 仓库 https://github.com/zcr268/AutoMergePublicNodes 无候选文件 (总计 56 blob, 扩展名过滤 4, processed_shas 跳过 16, SHA 缓存跳过 36)
[2026-07-12 00:13:39] 🔗 查子仓库: xinlingmiyu-debug/-
[2026-07-12 00:13:39] 🔗 查子仓库: zcr268/AutoMergePublicNodes
[2026-07-12 00:13:39] 🔗 开始 Fork 链追踪 (zcr268/AutoMergePublicNodes)[2026-07-12 00:13:40] 🔗 开始 Fork 链追踪 (xinlingmiyu-debug/-)

[2026-07-12 00:13:40]   父仓库: xituimao/spider-clash
[2026-07-12 00:13:40]   父仓库: chengaopan/AutoMergePublicNodes
[2026-07-12 00:13:40] 👤 遍历用户仓库: Kicken898
[2026-07-12 00:13:40] 👤 遍历用户仓库: xinlingmiyu-debug
[2026-07-12 00:13:41]   👤 用户仓库: 5 个 → 队列
[2026-07-12 00:13:41]   用户 Kicken898 共查 5 个仓库[2026-07-12 00:13:41]   👤 用户仓库: 5 个 → 队列

[2026-07-12 00:13:41]   用户 xinlingmiyu-debug 共查 5 个仓库
[2026-07-12 00:13:42] 仓库 https://github.com/5474312/AutoMergePublicNodes (分支: master, size: 8092429KB, pushed: 2026-07-11T12:37:10Z)
[2026-07-12 00:13:42] 仓库 https://github.com/xlh001/AutoMergePublicNodes (分支: master, size: 8092430KB, pushed: 2026-07-11T12:24:30Z)
[2026-07-12 00:13:42] 👤 遍历用户仓库: zcr268
[2026-07-12 00:13:43] 仓库 https://github.com/5474312/AutoMergePublicNodes 无候选文件 (总计 56 blob, 扩展名过滤 4, processed_shas 跳过 16, SHA 缓存跳过 36)
[2026-07-12 00:13:43] 🔗 查子仓库: 5474312/AutoMergePublicNodes
[2026-07-12 00:13:43] 仓库 https://github.com/xlh001/AutoMergePublicNodes 无候选文件 (总计 56 blob, 扩展名过滤 4, processed_shas 跳过 16, SHA 缓存跳过 36)
[2026-07-12 00:13:43] 🔗 开始 Fork 链追踪 (5474312/AutoMergePublicNodes)
[2026-07-12 00:13:43] 🔗 查子仓库: xlh001/AutoMergePublicNodes
[2026-07-12 00:13:44]   父仓库: chengaopan/AutoMergePublicNodes[2026-07-12 00:13:44] 🔗 开始 Fork 链追踪 (xlh001/AutoMergePublicNodes)

[2026-07-12 00:13:44] 🔗 查子仓库: v2raynnodes/clashfree
[2026-07-12 00:13:45]   父仓库: chengaopan/AutoMergePublicNodes
[2026-07-12 00:13:45] 🔗 开始 Fork 链追踪 (v2raynnodes/clashfree)
[2026-07-12 00:13:46] 👤 遍历用户仓库: v2raynnodes
[2026-07-12 00:13:46]   👤 用户仓库: 30 个 → 队列
[2026-07-12 00:13:46]   用户 dandan7675 共查 30 个仓库
[2026-07-12 00:13:46] 🔗 查子仓库: ishalumi/proxy-node-collector
[2026-07-12 00:13:46] 👤 遍历用户仓库: 5474312[2026-07-12 00:13:46] 仓库 https://github.com/xituimao/spider-clash (分支: main, size: 7664KB, pushed: 2026-07-11T12:18:20Z)

[2026-07-12 00:13:46]   用户 v2raynnodes 共查 0 个仓库
[2026-07-12 00:13:46] 仓库 https://github.com/88alt/v2rayfree (分支: main, size: 17471KB, pushed: 2026-07-11T11:31:52Z)
[2026-07-12 00:13:47]   🍴 子仓库: 2 个 → 队列
[2026-07-12 00:13:47] 🔗 开始 Fork 链追踪 (ishalumi/proxy-node-collector)
[2026-07-12 00:13:47] 仓库 https://github.com/88alt/v2rayfree 候选文件 3 个
[2026-07-12 00:13:47] 👤 遍历用户仓库: xlh001
[2026-07-12 00:13:47] 👤 遍历用户仓库: ishalumi
[2026-07-12 00:13:47] 仓库 https://github.com/xituimao/spider-clash 候选文件 4 个
[2026-07-12 00:13:48]   👤 用户仓库: 30 个 → 队列
[2026-07-12 00:13:48]   用户 5474312 共查 30 个仓库
[2026-07-12 00:13:48] 仓库 https://github.com/kuabyd/AutoMergePublicNodes (分支: master, size: 8092372KB, pushed: 2026-07-11T11:31:04Z)
[2026-07-12 00:13:48] 仓库 https://github.com/kuabyd/AutoMergePublicNodes 候选文件 3 个
[2026-07-12 00:13:49]   👤 用户仓库: 9 个 → 队列
[2026-07-12 00:13:49]   用户 ishalumi 共查 9 个仓库
[2026-07-12 00:13:49] 仓库 https://github.com/zhangchuanlong20-source/FreeProxies (分支: main, size: 9142KB, pushed: 2026-07-11T11:30:35Z)
[2026-07-12 00:13:49]   👤 用户仓库: 30 个 → 队列
[2026-07-12 00:13:49]   用户 zcr268 共查 30 个仓库
[2026-07-12 00:13:49] 仓库 https://github.com/lem85930/AutoMergePublicNodes (分支: master, size: 8092376KB, pushed: 2026-07-11T10:45:19Z)
[2026-07-12 00:13:49] 仓库 https://github.com/zhangchuanlong20-source/FreeProxies 候选文件 1 个
[2026-07-12 00:13:49]   👤 用户仓库: 30 个 → 队列
[2026-07-12 00:13:49]   用户 xlh001 共查 30 个仓库
[2026-07-12 00:13:50] 仓库 https://github.com/yanzhang4013/AutoMergePublicNodes (分支: master, size: 8092312KB, pushed: 2026-07-11T10:27:12Z)
[2026-07-12 00:13:50] 仓库 https://github.com/lem85930/AutoMergePublicNodes 无候选文件 (总计 56 blob, 扩展名过滤 4, processed_shas 跳过 13, SHA 缓存跳过 39)
[2026-07-12 00:13:50] 🔗 查子仓库: lem85930/AutoMergePublicNodes
[2026-07-12 00:13:50] 仓库 https://github.com/zhangchuanlong20-source/FreeProxies README 含广告词，加入黑名单
[2026-07-12 00:13:51] 🔗 开始 Fork 链追踪 (lem85930/AutoMergePublicNodes)
[2026-07-12 00:13:51] 🔗 查子仓库: xituimao/spider-clash
[2026-07-12 00:13:51] 仓库 https://github.com/n3rddd/AutoMergePublicNodes (分支: master, size: 8092312KB, pushed: 2026-07-11T10:26:13Z)[2026-07-12 00:13:51] 仓库 https://github.com/yanzhang4013/AutoMergePublicNodes 候选文件 7 个

[2026-07-12 00:13:51]   父仓库: chengaopan/AutoMergePublicNodes
[2026-07-12 00:13:51] 🔗 开始 Fork 链追踪 (xituimao/spider-clash)
[2026-07-12 00:13:52] 👤 遍历用户仓库: xituimao[2026-07-12 00:13:52] 仓库 https://github.com/n3rddd/AutoMergePublicNodes 无候选文件 (总计 56 blob, 扩展名过滤 4, processed_shas 跳过 9, SHA 缓存跳过 43)

[2026-07-12 00:13:52] 🔗 查子仓库: n3rddd/AutoMergePublicNodes[2026-07-12 00:13:52] 🔗 查子仓库: Eleven1985/Scrape-By-Country

[2026-07-12 00:13:52] 🔗 查子仓库: 88alt/v2rayfree[2026-07-12 00:13:52]   🍴 子仓库: 3 个 → 队列

[2026-07-12 00:13:52] 🔗 开始 Fork 链追踪 (n3rddd/AutoMergePublicNodes)
[2026-07-12 00:13:52] 🔗 开始 Fork 链追踪 (88alt/v2rayfree)
[2026-07-12 00:13:52]   用户 xituimao 共查 0 个仓库
[2026-07-12 00:13:53] 仓库 https://github.com/cqw1896/fanqiang (分支: main, size: 8201KB, pushed: 2026-07-11T09:54:30Z)
[2026-07-12 00:13:53]   父仓库: free-nodes/v2rayfree[2026-07-12 00:13:53]   🍴 子仓库: 3 个 → 队列
[2026-07-12 00:13:53]   父仓库: chengaopan/AutoMergePublicNodes

[2026-07-12 00:13:53] 🔗 开始 Fork 链追踪 (Eleven1985/Scrape-By-Country)
[2026-07-12 00:13:54] 👤 遍历用户仓库: lem85930
[2026-07-12 00:13:54] 👤 遍历用户仓库: Eleven1985
[2026-07-12 00:13:54] 仓库 https://github.com/cqw1896/fanqiang 候选文件 1 个
[2026-07-12 00:13:55] 仓库 https://github.com/cqw1896/fanqiang 未提取到节点，加入黑名单
[2026-07-12 00:13:55] 仓库 https://github.com/ts-sf/fly (分支: main, size: 13419454KB, pushed: 2026-07-11T09:50:36Z)
[2026-07-12 00:13:55] 🔗 查子仓库: kuabyd/AutoMergePublicNodes
[2026-07-12 00:13:55] 👤 遍历用户仓库: n3rddd[2026-07-12 00:13:55]   👤 用户仓库: 7 个 → 队列

[2026-07-12 00:13:55]   用户 Eleven1985 共查 7 个仓库
[2026-07-12 00:13:55] 🔗 开始 Fork 链追踪 (kuabyd/AutoMergePublicNodes)
[2026-07-12 00:13:55] 仓库 https://github.com/Huibq/TrojanLinks (分支: master, size: 29779KB, pushed: 2026-07-11T09:42:44Z)
[2026-07-12 00:13:55] 👤 遍历用户仓库: 88alt
[2026-07-12 00:13:55] 仓库 https://github.com/ts-sf/fly 候选文件 3 个
[2026-07-12 00:13:56] 仓库 https://github.com/Huibq/TrojanLinks 候选文件 1 个[2026-07-12 00:13:56]   父仓库: chengaopan/AutoMergePublicNodes

[2026-07-12 00:13:56] 🔗 查子仓库: Huibq/TrojanLinks
[2026-07-12 00:13:57] 👤 遍历用户仓库: kuabyd
[2026-07-12 00:13:57]   👤 用户仓库: 30 个 → 队列
[2026-07-12 00:13:57]   用户 88alt 共查 30 个仓库
[2026-07-12 00:13:57] 仓库 https://github.com/stockimen/clashfree (分支: main, size: 15074KB, pushed: 2026-07-11T09:25:17Z)
[2026-07-12 00:13:57] 🔗 查子仓库: ts-sf/fly
[2026-07-12 00:13:57] 仓库 https://github.com/stockimen/clashfree 候选文件 3 个
[2026-07-12 00:13:57]   👤 用户仓库: 30 个 → 队列
[2026-07-12 00:13:57]   用户 lem85930 共查 30 个仓库
[2026-07-12 00:13:57] 仓库 https://github.com/clovershell/freenode (分支: main, size: 9346KB, pushed: 2026-07-11T06:37:06Z)
[2026-07-12 00:13:58] 仓库 https://github.com/clovershell/freenode 候选文件 2 个[2026-07-12 00:13:58]   👤 用户仓库: 16 个 → 队列

[2026-07-12 00:13:59]   用户 kuabyd 共查 16 个仓库
[2026-07-12 00:13:59]   🍴 子仓库: 30 个 → 队列
[2026-07-12 00:13:59] 🔗 开始 Fork 链追踪 (Huibq/TrojanLinks)[2026-07-12 00:13:59] 仓库 https://github.com/obscure1990/AutoMergePublicNodes (分支: master, size: 8092198KB, pushed: 2026-07-11T05:31:29Z)

[2026-07-12 00:13:59] 🔗 查子仓库: yanzhang4013/AutoMergePublicNodes
[2026-07-12 00:13:59] 👤 遍历用户仓库: Huibq
[2026-07-12 00:13:59] 🔗 开始 Fork 链追踪 (yanzhang4013/AutoMergePublicNodes)
[2026-07-12 00:13:59] 仓库 https://github.com/obscure1990/AutoMergePublicNodes 候选文件 3 个
[2026-07-12 00:13:59]   🍴 子仓库: 30 个 → 队列
[2026-07-12 00:13:59] 🔗 开始 Fork 链追踪 (ts-sf/fly)
[2026-07-12 00:13:59]   父仓库: chengaopan/AutoMergePublicNodes
[2026-07-12 00:13:59] 👤 遍历用户仓库: ts-sf
[2026-07-12 00:14:00] 🔗 查子仓库: clovershell/freenode
[2026-07-12 00:14:00] 🔗 开始 Fork 链追踪 (clovershell/freenode)
[2026-07-12 00:14:00]   用户 ts-sf 共查 0 个仓库
[2026-07-12 00:14:00] 仓库 https://github.com/laibabaifei/freenode (分支: main, size: 9346KB, pushed: 2026-07-11T05:06:06Z)
[2026-07-12 00:14:00]   父仓库: ripaojiedian/freenode
[2026-07-12 00:14:01] 仓库 https://github.com/laibabaifei/freenode 无候选文件 (总计 11 blob, 扩展名过滤 0, processed_shas 跳过 2, SHA 缓存跳过 9)
[2026-07-12 00:14:01] 🔗 查子仓库: laibabaifei/freenode
[2026-07-12 00:14:01] 👤 遍历用户仓库: yanzhang4013[2026-07-12 00:14:01] 🔗 开始 Fork 链追踪 (laibabaifei/freenode)

[2026-07-12 00:14:01]   父仓库: ripaojiedian/freenode
[2026-07-12 00:14:01]   👤 用户仓库: 30 个 → 队列
[2026-07-12 00:14:02]   用户 Huibq 共查 30 个仓库
[2026-07-12 00:14:02] 仓库 https://github.com/yp202309/OmniRoute (分支: main, size: 261057KB, pushed: 2026-07-11T04:47:03Z)
[2026-07-12 00:14:02]   🍴 兄弟仓库: 30 个 → 队列
[2026-07-12 00:14:02] 👤 遍历用户仓库: clovershell
[2026-07-12 00:14:02]   👤 用户仓库: 26 个 → 队列
[2026-07-12 00:14:02]   用户 yanzhang4013 共查 26 个仓库
[2026-07-12 00:14:02] 仓库 https://github.com/vluma/free-vpn2clash (分支: main, size: 180KB, pushed: 2026-07-11T03:16:51Z)
[2026-07-12 00:14:02]   🍴 兄弟仓库: 20 个 → 队列
[2026-07-12 00:14:02] 👤 遍历用户仓库: laibabaifei
[2026-07-12 00:14:02] 仓库 https://github.com/vluma/free-vpn2clash 候选文件 1 个
[2026-07-12 00:14:03] 📄 https://raw.githubusercontent.com/vluma/free-vpn2clash/main/output/free-VPN.yaml ✅ 解析 14 候选 → 14 个有效节点 → 去重后新增 7 个
[2026-07-12 00:14:03] 🔗 查子仓库: vluma/free-vpn2clash
[2026-07-12 00:14:04]   👤 用户仓库: 7 个 → 队列
[2026-07-12 00:14:04]   用户 laibabaifei 共查 7 个仓库
[2026-07-12 00:14:04] 仓库 https://github.com/xiao-fanfan/clashfree (分支: main, size: 8179KB, pushed: 2026-07-11T02:32:06Z)
[2026-07-12 00:14:04]   🍴 子仓库: 1 个 → 队列
[2026-07-12 00:14:04] 🔗 开始 Fork 链追踪 (vluma/free-vpn2clash)
[2026-07-12 00:14:04]   👤 用户仓库: 30 个 → 队列
[2026-07-12 00:14:04] 👤 遍历用户仓库: vluma
[2026-07-12 00:14:04]   用户 n3rddd 共查 30 个仓库
[2026-07-12 00:14:04] 仓库 https://github.com/yuanxiawan/freevless (分支: main, size: 1848KB, pushed: 2026-07-11T02:24:48Z)[2026-07-12 00:14:04] 仓库 https://github.com/xiao-fanfan/clashfree 候选文件 1 个

[2026-07-12 00:14:05] 🔗 查子仓库: xiao-fanfan/clashfree
[2026-07-12 00:14:05] 仓库 https://github.com/yuanxiawan/freevless 候选文件 2 个
[2026-07-12 00:14:05] 🔗 开始 Fork 链追踪 (xiao-fanfan/clashfree)
[2026-07-12 00:14:06]   父仓库: free-nodes/clashfree[2026-07-12 00:14:06]   👤 用户仓库: 7 个 → 队列

[2026-07-12 00:14:06] 🔗 查子仓库: obscure1990/AutoMergePublicNodes[2026-07-12 00:14:06]   👤 用户仓库: 30 个 → 队列[2026-07-12 00:14:06]   用户 vluma 共查 7 个仓库[2026-07-12 00:14:06] 仓库在黑名单中: https://github.com/free-nodes/clashfree



[2026-07-12 00:14:06] 🔗 查子仓库: yuanxiawan/freevless[2026-07-12 00:14:06]   用户 clovershell 共查 30 个仓库

[2026-07-12 00:14:06] 仓库 https://github.com/cjuwen/freenode (分支: main, size: 9346KB, pushed: 2026-07-11T02:24:26Z)[2026-07-12 00:14:06]   父仓库 +0 个节点[2026-07-12 00:14:06] 🔗 开始 Fork 链追踪 (obscure1990/AutoMergePublicNodes)
[2026-07-12 00:14:07] 仓库 https://github.com/xymn2023/cf-pages (分支: main, size: 21031KB, pushed: 2026-07-11T01:25:10Z)


[2026-07-12 00:14:07] 🔗 开始 Fork 链追踪 (yuanxiawan/freevless)
[2026-07-12 00:14:07]   父仓库: chengaopan/AutoMergePublicNodes[2026-07-12 00:14:07] 👤 遍历用户仓库: yuanxiawan

[2026-07-12 00:14:07] 仓库 https://github.com/xymn2023/cf-pages 候选文件 3 个
[2026-07-12 00:14:07] 仓库 https://github.com/cjuwen/freenode 无候选文件 (总计 11 blob, 扩展名过滤 0, processed_shas 跳过 2, SHA 缓存跳过 9)
[2026-07-12 00:14:07] 🔗 查子仓库: cjuwen/freenode
[2026-07-12 00:14:07] 🔗 开始 Fork 链追踪 (cjuwen/freenode)
[2026-07-12 00:14:07]   父仓库: ripaojiedian/freenode
[2026-07-12 00:14:08] 仓库 https://github.com/xymn2023/cf-pages 未提取到节点，加入黑名单
[2026-07-12 00:14:08] 仓库 https://github.com/ripaojiedian/freenode (分支: main, size: 9346KB, pushed: 2026-07-11T01:02:47Z)
[2026-07-12 00:14:08]   👤 用户仓库: 26 个 → 队列
[2026-07-12 00:14:08] 👤 遍历用户仓库: obscure1990
[2026-07-12 00:14:08]   用户 yuanxiawan 共查 26 个仓库
[2026-07-12 00:14:08]   🍴 兄弟仓库: 30 个 → 队列[2026-07-12 00:14:08] 仓库 https://github.com/ripaojiedian/freenode 无候选文件 (总计 11 blob, 扩展名过滤 0, processed_shas 跳过 2, SHA 缓存跳过 9)[2026-07-12 00:14:08] 仓库 https://github.com/G2ONE/free-ssr-ss-v2ray-vpn-clash (分支: main, size: 1426KB, pushed: 2026-07-10T22:59:09Z)


[2026-07-12 00:14:09] 👤 遍历用户仓库: xiao-fanfan[2026-07-12 00:14:09] 🔗 查子仓库: ripaojiedian/freenode

[2026-07-12 00:14:09]   👤 用户仓库: 12 个 → 队列
[2026-07-12 00:14:09]   用户 obscure1990 共查 12 个仓库[2026-07-12 00:14:09] 👤 遍历用户仓库: cjuwen

[2026-07-12 00:14:09] 仓库 https://github.com/Git-688/edgetunnel (分支: main, size: 21031KB, pushed: 2026-07-10T22:37:53Z)
[2026-07-12 00:14:09] 仓库 https://github.com/G2ONE/free-ssr-ss-v2ray-vpn-clash 候选文件 1 个[2026-07-12 00:14:09]   用户 xiao-fanfan 共查 0 个仓库

[2026-07-12 00:14:09] 仓库 https://github.com/morfell/zrf_free (分支: main, size: 17424KB, pushed: 2026-07-10T20:55:20Z)
[2026-07-12 00:14:10] 仓库 https://github.com/Git-688/edgetunnel 无候选文件 (总计 9 blob, 扩展名过滤 3, processed_shas 跳过 3, SHA 缓存跳过 3)
[2026-07-12 00:14:10] 🔗 查子仓库: Git-688/edgetunnel
[2026-07-12 00:14:10] 🔗 开始 Fork 链追踪 (ripaojiedian/freenode)
[2026-07-12 00:14:10] 仓库 https://github.com/G2ONE/free-ssr-ss-v2ray-vpn-clash README 含广告词，加入黑名单
[2026-07-12 00:14:10] 仓库 https://github.com/morfell/zrf_free 候选文件 3 个[2026-07-12 00:14:10] 仓库 https://github.com/knightadam/knight-CloudflareIP (分支: main, size: 13601KB, pushed: 2026-07-10T16:26:58Z)

[2026-07-12 00:14:10] 🔗 开始 Fork 链追踪 (Git-688/edgetunnel)[2026-07-12 00:14:10]   👤 用户仓库: 21 个 → 队列[2026-07-12 00:14:10] 👤 遍历用户仓库: ripaojiedian


[2026-07-12 00:14:10] 仓库 https://github.com/yp202309/OmniRoute 无候选文件 (总计 8613 blob, 扩展名过滤 6965, processed_shas 跳过 0, SHA 缓存跳过 1648)
[2026-07-12 00:14:10]   用户 cjuwen 共查 21 个仓库
[2026-07-12 00:14:11] 🔗 查子仓库: yp202309/OmniRoute
[2026-07-12 00:14:11] 仓库 https://github.com/g-star1024/free (分支: main, size: 17434KB, pushed: 2026-07-11T16:05:35Z)[2026-07-12 00:14:11]   用户 ripaojiedian 共查 0 个仓库[2026-07-12 00:14:11]   父仓库: cmliu/edgetunnel[2026-07-12 00:14:11] 仓库 https://github.com/knightadam/knight-CloudflareIP 无候选文件 (总计 41 blob, 扩展名过滤 13, processed_shas 跳过 0, SHA 缓存跳过 28)



[2026-07-12 00:14:11] 仓库在黑名单中: https://github.com/cmliu/edgetunnel[2026-07-12 00:14:11] 🔗 查子仓库: knightadam/knight-CloudflareIP[2026-07-12 00:14:11] 🔗 开始 Fork 链追踪 (yp202309/OmniRoute)


[2026-07-12 00:14:11] 🔗 查子仓库: stockimen/clashfree[2026-07-12 00:14:12] 🔗 开始 Fork 链追踪 (knightadam/knight-CloudflareIP)[2026-07-12 00:14:11] 仓库 https://github.com/cxddgtb/dljdsjq (分支: main, size: 344748KB, pushed: 2026-07-11T16:04:58Z)
[2026-07-12 00:14:12]   父仓库: diegosouzapw/OmniRoute[2026-07-12 00:14:12]   父仓库 +0 个节点



[2026-07-12 00:14:12] 🔗 查子仓库: morfell/zrf_free[2026-07-12 00:14:12] 仓库 https://github.com/g-star1024/free 无候选文件 (总计 5 blob, 扩展名过滤 0, processed_shas 跳过 4, SHA 缓存跳过 1)

[2026-07-12 00:14:12] 仓库在黑名单中: https://github.com/diegosouzapw/OmniRoute[2026-07-12 00:14:12] 🔗 查子仓库: g-star1024/free

[2026-07-12 00:14:12] 🔗 开始 Fork 链追踪 (stockimen/clashfree)[2026-07-12 00:14:12]   父仓库 +0 个节点

[2026-07-12 00:14:12] 🔗 开始 Fork 链追踪 (morfell/zrf_free)
[2026-07-12 00:14:12]   父仓库: gslege/CloudflareIP
[2026-07-12 00:14:12] 🔗 开始 Fork 链追踪 (g-star1024/free)
[2026-07-12 00:14:12] 仓库 https://github.com/cxddgtb/dljdsjq 候选文件 8 个
[2026-07-12 00:14:12]   父仓库: free-nodes/clashfree[2026-07-12 00:14:12]   父仓库: shaoyouvip/free

[2026-07-12 00:14:12] 仓库在黑名单中: https://github.com/free-nodes/clashfree[2026-07-12 00:14:12]   父仓库: shaoyouvip/free

[2026-07-12 00:14:13]   父仓库 +0 个节点
[2026-07-12 00:14:13] 🔗 查子仓库: yong739/AutoMergePublicNodes
[2026-07-12 00:14:13] 📄 https://raw.githubusercontent.com/cxddgtb/dljdsjq/main/output/easy_proxy_asia.txt ✅ 解析 909 候选 → 909 个有效节点 → 去重后新增 181 个
[2026-07-12 00:14:13] 👤 遍历用户仓库: knightadam
[2026-07-12 00:14:13] 🔗 开始 Fork 链追踪 (yong739/AutoMergePublicNodes)
[2026-07-12 00:14:13] 👤 遍历用户仓库: morfell
[2026-07-12 00:14:13]   父仓库: chengaopan/AutoMergePublicNodes
[2026-07-12 00:14:13]   🍴 兄弟仓库: 20 个 → 队列
[2026-07-12 00:14:13] 👤 遍历用户仓库: stockimen
[2026-07-12 00:14:13]   🍴 兄弟仓库: 30 个 → 队列
[2026-07-12 00:14:13] 👤 遍历用户仓库: yp202309
[2026-07-12 00:14:13] 👤 遍历用户仓库: g-star1024
[2026-07-12 00:14:14] 👤 遍历用户仓库: yong739[2026-07-12 00:14:14] 📄 https://raw.githubusercontent.com/cxddgtb/dljdsjq/main/output/easy_proxy_chatgpt.txt ✅ 解析 7530 候选 → 7530 个有效节点 → 去重后新增 1588 个

[2026-07-12 00:14:14]   👤 用户仓库: 30 个 → 队列
[2026-07-12 00:14:14]   用户 knightadam 共查 30 个仓库
[2026-07-12 00:14:14] 仓库 https://github.com/hello-world-1989/cn-news (分支: main, size: 2805KB, pushed: 2026-07-11T16:00:10Z)
[2026-07-12 00:14:14]   👤 用户仓库: 30 个 → 队列
[2026-07-12 00:14:14]   用户 morfell 共查 30 个仓库
[2026-07-12 00:14:14] 仓库 https://github.com/imocence/Proxy (分支: main, size: 9346KB, pushed: 2026-07-11T03:43:13Z)
[2026-07-12 00:14:14]   👤 用户仓库: 30 个 → 队列
[2026-07-12 00:14:14]   用户 stockimen 共查 30 个仓库
[2026-07-12 00:14:14] 仓库 https://github.com/sywgod/clash-freenode (分支: main, size: 205KB, pushed: 2026-07-10T21:05:59Z)
[2026-07-12 00:14:14] 仓库 https://github.com/hello-world-1989/cn-news 候选文件 2 个
[2026-07-12 00:14:14] 仓库 https://github.com/imocence/Proxy 无候选文件 (总计 11 blob, 扩展名过滤 0, processed_shas 跳过 2, SHA 缓存跳过 9)
[2026-07-12 00:14:14] 🔗 查子仓库: imocence/Proxy
[2026-07-12 00:14:14] 🔗 开始 Fork 链追踪 (imocence/Proxy)
[2026-07-12 00:14:15] 仓库 https://github.com/sywgod/clash-freenode 候选文件 1 个
[2026-07-12 00:14:15]   父仓库: ripaojiedian/freenode
[2026-07-12 00:14:15]   👤 用户仓库: 15 个 → 队列
[2026-07-12 00:14:15]   用户 g-star1024 共查 15 个仓库
[2026-07-12 00:14:15] 仓库 https://github.com/testtff/NoMoreWalls (分支: master, size: 4996106KB, pushed: 2026-07-11T15:44:07Z)
[2026-07-12 00:14:15] 仓库 https://github.com/sywgod/clash-freenode 未提取到节点，加入黑名单
[2026-07-12 00:14:15] 仓库 https://github.com/lukea99/NWalls (分支: master, size: 5033359KB, pushed: 2026-07-11T15:42:19Z)
[2026-07-12 00:14:15]   👤 用户仓库: 30 个 → 队列
[2026-07-12 00:14:15]   用户 yp202309 共查 30 个仓库
[2026-07-12 00:14:15] 仓库 https://github.com/kadidalax/SubPanel (分支: main, size: 379KB, pushed: 2026-07-11T13:47:04Z)
[2026-07-12 00:14:15] 仓库 https://github.com/testtff/NoMoreWalls 候选文件 16 个
[2026-07-12 00:14:15] 仓库 https://github.com/lukea99/NWalls 候选文件 8 个
[2026-07-12 00:14:15] 仓库 https://github.com/kadidalax/SubPanel 候选文件 11 个
[2026-07-12 00:14:16]   👤 用户仓库: 30 个 → 队列[2026-07-12 00:14:16] 👤 遍历用户仓库: imocence

[2026-07-12 00:14:16]   用户 yong739 共查 30 个仓库
[2026-07-12 00:14:16] 仓库 https://github.com/LeilaoMi/AutoMergePublicNodes-Optimized (分支: main, size: 432583KB, pushed: 2026-07-11T13:43:21Z)
[2026-07-12 00:14:16] 📄 https://raw.githubusercontent.com/hello-world-1989/cn-news/main/clash.yaml ✅ 解析 2 候选 → 2 个有效节点 → 去重后新增 1 个
[2026-07-12 00:14:16] 🔗 查子仓库: hello-world-1989/cn-news
[2026-07-12 00:14:17] 仓库 https://github.com/LeilaoMi/AutoMergePublicNodes-Optimized 候选文件 41 个
[2026-07-12 00:14:17]   🍴 兄弟仓库: 30 个 → 队列
[2026-07-12 00:14:17] 👤 遍历用户仓库: Git-688
[2026-07-12 00:14:17]   🍴 子仓库: 19 个 → 队列
[2026-07-12 00:14:17] 🔗 开始 Fork 链追踪 (hello-world-1989/cn-news)
[2026-07-12 00:14:18] 👤 遍历用户仓库: hello-world-1989
[2026-07-12 00:14:18] 仓库 https://github.com/kadidalax/SubPanel 未提取到节点，加入黑名单
[2026-07-12 00:14:18]   👤 用户仓库: 30 个 → 队列[2026-07-12 00:14:18]   👤 用户仓库: 10 个 → 队列

[2026-07-12 00:14:18] 仓库 https://github.com/whluwit/AutoMergePublicNodes-Optimized (分支: main, size: 454223KB, pushed: 2026-07-11T13:14:27Z)[2026-07-12 00:14:19]   用户 imocence 共查 30 个仓库[2026-07-12 00:14:19]   用户 Git-688 共查 10 个仓库

[2026-07-12 00:14:19] 🔗 查子仓库: testtff/NoMoreWalls
[2026-07-12 00:14:19] 仓库 https://github.com/Andy181-github/Autoscrapefreenodes (分支: main, size: 2194KB, pushed: 2026-07-11T10:37:13Z)

[2026-07-12 00:14:19] 仓库 https://github.com/henrylam-mo/AutoMergePublicNodes-Optimized (分支: main, size: 434083KB, pushed: 2026-07-11T08:09:04Z)[2026-07-12 00:14:19]   👤 用户仓库: 2 个 → 队列
[2026-07-12 00:14:20]   用户 hello-world-1989 共查 2 个仓库
[2026-07-12 00:14:20] 🔗 开始 Fork 链追踪 (testtff/NoMoreWalls)

[2026-07-12 00:14:20] 仓库 https://github.com/whluwit/AutoMergePublicNodes-Optimized 候选文件 40 个[2026-07-12 00:14:20] 仓库 https://github.com/lou1997/cf-v (分支: main, size: 9184KB, pushed: 2026-07-11T04:25:01Z)

[2026-07-12 00:14:20] 仓库 https://github.com/Andy181-github/Autoscrapefreenodes 候选文件 5 个
[2026-07-12 00:14:21]   父仓库: peasoft/NoMoreWalls
[2026-07-12 00:14:21] 仓库 https://github.com/henrylam-mo/AutoMergePublicNodes-Optimized 候选文件 41 个
[2026-07-12 00:14:21] 仓库 https://github.com/lou1997/cf-v 无候选文件 (总计 9 blob, 扩展名过滤 5, processed_shas 跳过 0, SHA 缓存跳过 4)
[2026-07-12 00:14:21] 🔗 查子仓库: lou1997/cf-v
[2026-07-12 00:14:21] 🔗 开始 Fork 链追踪 (lou1997/cf-v)
[2026-07-12 00:14:22]   父仓库: eooce/Cloudflare-proxy
[2026-07-12 00:14:22] 仓库在黑名单中: https://github.com/eooce/Cloudflare-proxy
[2026-07-12 00:14:22]   父仓库 +0 个节点
[2026-07-12 00:14:26]   🍴 兄弟仓库: 17 个 → 队列
[2026-07-12 00:14:26] 👤 遍历用户仓库: testtff
[2026-07-12 00:14:28]   👤 用户仓库: 29 个 → 队列
[2026-07-12 00:14:28]   用户 testtff 共查 29 个仓库
[2026-07-12 00:14:28] 仓库 https://github.com/XavierXIEXIN/CF-Workers-SUB (分支: main, size: 4746KB, pushed: 2026-07-11T04:04:57Z)
[2026-07-12 00:14:28]   🍴 兄弟仓库: 30 个 → 队列
[2026-07-12 00:14:28] 👤 遍历用户仓库: lou1997
[2026-07-12 00:14:30] 仓库 https://github.com/XavierXIEXIN/CF-Workers-SUB 候选文件 15 个
[2026-07-12 00:14:30]   👤 用户仓库: 7 个 → 队列
[2026-07-12 00:14:30]   用户 lou1997 共查 7 个仓库
[2026-07-12 00:14:31] 仓库 https://github.com/klxyymail/merge (分支: main, size: 148799KB, pushed: 2026-07-11T03:57:38Z)
[2026-07-12 00:14:31] 📄 https://raw.githubusercontent.com/XavierXIEXIN/CF-Workers-SUB/main/LINK.txt ✅ 解析 40 候选 → 40 个有效节点 → 去重后新增 35 个[2026-07-12 00:14:31] 📄 https://raw.githubusercontent.com/XavierXIEXIN/CF-Workers-SUB/main/probe-data/cf-edge-dual-loop/remote-candidates-zhongb-tail.txt ✅ 解析 48 候选 → 48 个有效节点 → 去重后新增 30 个

[2026-07-12 00:14:32] 📄 https://raw.githubusercontent.com/XavierXIEXIN/CF-Workers-SUB/main/probe-data/cf-edge-dual-loop/remote-candidates-winbox.txt ✅ 解析 108 候选 → 108 个有效节点 → 去重后新增 32 个
[2026-07-12 00:14:33] 仓库 https://github.com/klxyymail/merge 候选文件 4 个
[2026-07-12 00:14:37] 🔗 查子仓库: XavierXIEXIN/CF-Workers-SUB
[2026-07-12 00:14:38] 🔗 开始 Fork 链追踪 (XavierXIEXIN/CF-Workers-SUB)
[2026-07-12 00:14:38] 🔗 查子仓库: lukea99/NWalls
[2026-07-12 00:14:38]   父仓库: cmliu/CF-Workers-SUB
[2026-07-12 00:14:39] 🔗 开始 Fork 链追踪 (lukea99/NWalls)
[2026-07-12 00:14:41]   父仓库: peasoft/NoMoreWalls
[2026-07-12 00:14:46]   🍴 兄弟仓库: 30 个 → 队列
[2026-07-12 00:14:46] 👤 遍历用户仓库: XavierXIEXIN
[2026-07-12 00:14:46] 👤 遍历用户仓库: lukea99
[2026-07-12 00:14:47] 📄 https://raw.githubusercontent.com/cxddgtb/dljdsjq/main/output/nodes.txt ✅ 解析 9395 候选 → 9395 个有效节点 → 去重后新增 666 个[2026-07-12 00:14:48]   👤 用户仓库: 12 个 → 队列

[2026-07-12 00:14:48]   用户 lukea99 共查 12 个仓库
[2026-07-12 00:14:48] 仓库 https://github.com/xiaowei0605/wodemianban (分支: main, size: 3781KB, pushed: 2026-07-11T03:23:12Z)
[2026-07-12 00:14:49]   👤 用户仓库: 14 个 → 队列[2026-07-12 00:14:49] 📦 批次 0035 已持久化: /home/runner/work/test-college/test-college/batches/no_batch_0035.txt (5331 个节点, 累计 178579 个)

[2026-07-12 00:14:49]   用户 XavierXIEXIN 共查 14 个仓库
[2026-07-12 00:14:49] 仓库 https://github.com/TravelLeobai/SCHPD (分支: main, size: 149KB, pushed: 2026-07-11T02:32:08Z)
[2026-07-12 00:14:50] 仓库 https://github.com/xiaowei0605/wodemianban 无候选文件 (总计 12 blob, 扩展名过滤 5, processed_shas 跳过 0, SHA 缓存跳过 7)
[2026-07-12 00:14:50] 🔗 查子仓库: xiaowei0605/wodemianban
[2026-07-12 00:14:50] 仓库 https://github.com/TravelLeobai/SCHPD 无候选文件 (总计 4 blob, 扩展名过滤 0, processed_shas 跳过 0, SHA 缓存跳过 4)[2026-07-12 00:14:50] 📄 https://raw.githubusercontent.com/klxyymail/merge/main/sub/merged_proxies_new.yaml ✅ 解析 804 候选 → 804 个有效节点 → 去重后新增 3 个

[2026-07-12 00:14:50] 🔗 查子仓库: TravelLeobai/SCHPD
[2026-07-12 00:14:50] 🔗 开始 Fork 链追踪 (TravelLeobai/SCHPD)
[2026-07-12 00:14:50] 🔗 开始 Fork 链追踪 (xiaowei0605/wodemianban)
[2026-07-12 00:14:50] 👤 遍历用户仓库: TravelLeobai
[2026-07-12 00:14:52]   父仓库: cmliu/WorkerVless2sub
[2026-07-12 00:14:52]   👤 用户仓库: 6 个 → 队列
[2026-07-12 00:14:52]   用户 TravelLeobai 共查 6 个仓库
[2026-07-12 00:14:53] 仓库 https://github.com/wzg2829919990/yxip1 (分支: main, size: 3781KB, pushed: 2026-07-11T02:24:38Z)
[2026-07-12 00:14:54] 仓库 https://github.com/wzg2829919990/yxip1 无候选文件 (总计 12 blob, 扩展名过滤 5, processed_shas 跳过 0, SHA 缓存跳过 7)
[2026-07-12 00:14:54] 🔗 查子仓库: wzg2829919990/yxip1
[2026-07-12 00:14:55] 🔗 开始 Fork 链追踪 (wzg2829919990/yxip1)
[2026-07-12 00:14:56]   父仓库: cmliu/WorkerVless2sub
[2026-07-12 00:14:56] 👤 遍历用户仓库: xiaowei0605
[2026-07-12 00:15:01] 👤 遍历用户仓库: wzg2829919990
[2026-07-12 00:15:04]   👤 用户仓库: 30 个 → 队列
[2026-07-12 00:15:04]   用户 xiaowei0605 共查 30 个仓库
[2026-07-12 00:15:04] 仓库 https://github.com/ybjbox/edgetunnel (分支: main, size: 21034KB, pushed: 2026-07-11T01:59:23Z)[2026-07-12 00:15:04]   👤 用户仓库: 14 个 → 队列

[2026-07-12 00:15:04]   用户 wzg2829919990 共查 14 个仓库
[2026-07-12 00:15:05] 仓库 https://github.com/frankhanson1230/Worker (分支: main, size: 3781KB, pushed: 2026-07-11T01:14:20Z)
[2026-07-12 00:15:06] 仓库 https://github.com/ybjbox/edgetunnel 候选文件 1 个
[2026-07-12 00:15:08] 仓库 https://github.com/frankhanson1230/Worker 无候选文件 (总计 12 blob, 扩展名过滤 5, processed_shas 跳过 0, SHA 缓存跳过 7)
[2026-07-12 00:15:08] 🔗 查子仓库: frankhanson1230/Worker
[2026-07-12 00:15:09] 🔗 开始 Fork 链追踪 (frankhanson1230/Worker)
[2026-07-12 00:15:10]   父仓库: cmliu/WorkerVless2sub
[2026-07-12 00:15:10] 仓库 https://github.com/ybjbox/edgetunnel 未提取到节点，加入黑名单
[2026-07-12 00:15:10] 仓库 https://github.com/DSmegumi/CF-Workers-SUB (分支: main, size: 260KB, pushed: 2026-07-11T00:57:37Z)
[2026-07-12 00:15:11] 仓库 https://github.com/DSmegumi/CF-Workers-SUB 候选文件 1 个
[2026-07-12 00:15:11] 🔗 查子仓库: klxyymail/merge
[2026-07-12 00:15:12] 📄 https://raw.githubusercontent.com/DSmegumi/CF-Workers-SUB/main/README.md ✅ 解析 2 候选 → 2 个有效节点 → 去重后新增 1 个
[2026-07-12 00:15:12] 🔗 开始 Fork 链追踪 (klxyymail/merge)[2026-07-12 00:15:12] ⚠️ 并行下载异常: output/all.json: quote_from_bytes() expected bytes

[2026-07-12 00:15:12] 🔗 查子仓库: DSmegumi/CF-Workers-SUB
[2026-07-12 00:15:13]   父仓库: joname1/merge
[2026-07-12 00:15:13] 🔗 开始 Fork 链追踪 (DSmegumi/CF-Workers-SUB)[2026-07-12 00:15:13] 仓库在黑名单中: https://github.com/joname1/merge

[2026-07-12 00:15:14]   父仓库 +0 个节点
[2026-07-12 00:15:14]   父仓库: cmliu/CF-Workers-SUB
[2026-07-12 00:15:14] 👤 遍历用户仓库: frankhanson1230
[2026-07-12 00:15:15]   🍴 兄弟仓库: 4 个 → 队列
[2026-07-12 00:15:15] 👤 遍历用户仓库: klxyymail
[2026-07-12 00:15:16]   👤 用户仓库: 14 个 → 队列
[2026-07-12 00:15:16]   👤 用户仓库: 11 个 → 队列[2026-07-12 00:15:16]   用户 frankhanson1230 共查 14 个仓库

[2026-07-12 00:15:17]   用户 klxyymail 共查 11 个仓库
[2026-07-12 00:15:18] 仓库 https://github.com/wilsonhall001789/youxuan (分支: main, size: 3782KB, pushed: 2026-07-10T18:52:48Z)[2026-07-12 00:15:18] 仓库 https://github.com/sxueck/clash_quality (分支: master, size: 43KB, pushed: 2026-07-10T16:25:32Z)

[2026-07-12 00:15:21] 仓库 https://github.com/sxueck/clash_quality 候选文件 6 个
[2026-07-12 00:15:23] 仓库 https://github.com/wilsonhall001789/youxuan 无候选文件 (总计 12 blob, 扩展名过滤 5, processed_shas 跳过 0, SHA 缓存跳过 7)
[2026-07-12 00:15:23] 🔗 查子仓库: wilsonhall001789/youxuan
[2026-07-12 00:15:24] 🔗 开始 Fork 链追踪 (wilsonhall001789/youxuan)
[2026-07-12 00:15:26] ⚠️ 并行下载异常: output/all.json: quote_from_bytes() expected bytes
[2026-07-12 00:15:26]   🍴 兄弟仓库: 28 个 → 队列
[2026-07-12 00:15:26] 👤 遍历用户仓库: DSmegumi
[2026-07-12 00:15:27]   父仓库: cmliu/WorkerVless2sub
[2026-07-12 00:15:29]   👤 用户仓库: 1 个 → 队列
[2026-07-12 00:15:29]   用户 DSmegumi 共查 1 个仓库
[2026-07-12 00:15:29] ⚠️ 并行下载异常: output/all.json: quote_from_bytes() expected bytes[2026-07-12 00:15:29] 仓库 https://github.com/g-hunter-g/awesome-vpn (分支: main, size: 49331KB, pushed: 2026-07-11T15:50:25Z)
[2026-07-12 00:15:29] 仓库 https://github.com/sxueck/clash_quality 未提取到节点，加入黑名单

[2026-07-12 00:15:30] 仓库 https://github.com/Hawaiine/FlareDDNS (分支: main, size: 12KB, pushed: 2026-07-11T15:16:26Z)
[2026-07-12 00:15:31] 仓库 https://github.com/g-hunter-g/awesome-vpn 候选文件 1 个
[2026-07-12 00:15:32] 仓库 https://github.com/Hawaiine/FlareDDNS 候选文件 3 个
[2026-07-12 00:15:33] 👤 遍历用户仓库: wilsonhall001789
[2026-07-12 00:15:33]   👤 用户仓库: 7 个 → 队列
[2026-07-12 00:15:33]   用户 wilsonhall001789 共查 7 个仓库
[2026-07-12 00:15:34] 仓库 https://github.com/maoyunvpn/wireguard (分支: main, size: 2582KB, pushed: 2026-07-11T14:22:28Z)
[2026-07-12 00:15:36] 仓库 https://github.com/maoyunvpn/wireguard 候选文件 1 个[2026-07-12 00:15:36] 仓库 https://github.com/Hawaiine/FlareDDNS 未提取到节点，加入黑名单

[2026-07-12 00:15:36] 仓库 https://github.com/jeffernn/jeffern-qx (分支: main, size: 20254KB, pushed: 2026-07-11T13:49:23Z)
[2026-07-12 00:15:38] 仓库 https://github.com/maoyunvpn/wireguard README 含广告词，加入黑名单
[2026-07-12 00:15:38] 仓库 https://github.com/jichangtuijian-1024/jichangvpn (分支: main, size: 58KB, pushed: 2026-07-11T12:13:03Z)
[2026-07-12 00:15:40] 仓库 https://github.com/jeffernn/jeffern-qx 候选文件 12 个
[2026-07-12 00:15:40] 仓库 https://github.com/jichangtuijian-1024/jichangvpn 候选文件 2 个
[2026-07-12 00:15:44] 仓库 https://github.com/jichangtuijian-1024/jichangvpn README 含广告词，加入黑名单
[2026-07-12 00:15:45] 🔗 查子仓库: g-hunter-g/awesome-vpn
[2026-07-12 00:15:45] 仓库 https://github.com/soursour010/Top10 (分支: main, size: 4KB, pushed: 2026-07-11T10:13:50Z)
[2026-07-12 00:15:46] 🔗 开始 Fork 链追踪 (g-hunter-g/awesome-vpn)
[2026-07-12 00:15:46] 👤 遍历用户仓库: g-hunter-g
[2026-07-12 00:15:48] 仓库 https://github.com/soursour010/Top10 候选文件 1 个
[2026-07-12 00:15:49]   用户 g-hunter-g 共查 0 个仓库
[2026-07-12 00:15:49] 仓库 https://github.com/clayfu/Chan-books (分支: main, size: 11523KB, pushed: 2026-07-11T08:18:39Z)
[2026-07-12 00:15:50] 仓库 https://github.com/soursour010/Top10 README 含广告词，加入黑名单
[2026-07-12 00:15:50] 仓库 https://github.com/clayfu/Chan-books 候选文件 1 个
[2026-07-12 00:15:51] 仓库 https://github.com/fyy898/AutoVPN (分支: main, size: 7934KB, pushed: 2026-07-10T18:24:38Z)
[2026-07-12 00:15:53] 仓库 https://github.com/clayfu/Chan-books 未提取到节点，加入黑名单
[2026-07-12 00:15:53] 仓库 https://github.com/n0rma1playe2/tizi-for-abroad (分支: main, size: 21031KB, pushed: 2026-07-11T02:50:03Z)
[2026-07-12 00:15:55] 仓库 https://github.com/n0rma1playe2/tizi-for-abroad 无候选文件 (总计 9 blob, 扩展名过滤 3, processed_shas 跳过 3, SHA 缓存跳过 3)
[2026-07-12 00:15:55] 🔗 查子仓库: n0rma1playe2/tizi-for-abroad
[2026-07-12 00:15:56] 🔗 开始 Fork 链追踪 (n0rma1playe2/tizi-for-abroad)
[2026-07-12 00:15:56] 仓库 https://github.com/fyy898/AutoVPN 候选文件 1 个
[2026-07-12 00:15:56]   父仓库: cmliu/edgetunnel
[2026-07-12 00:15:56] 仓库在黑名单中: https://github.com/cmliu/edgetunnel[2026-07-12 00:15:57] 📄 https://raw.githubusercontent.com/LeilaoMi/AutoMergePublicNodes-Optimized/main/output/all.txt ✅ 解析 19999 候选 → 19999 个有效节点 → 去重后新增 167 个

[2026-07-12 00:15:57]   父仓库 +167 个节点
[2026-07-12 00:15:59] 🔗 查子仓库: fyy898/AutoVPN
[2026-07-12 00:16:00] 🔗 开始 Fork 链追踪 (fyy898/AutoVPN)
[2026-07-12 00:16:00]   父仓库: cymz6/AutoVPN
[2026-07-12 00:16:01] 仓库在黑名单中: https://github.com/cymz6/AutoVPN
[2026-07-12 00:16:01]   父仓库 +0 个节点
[2026-07-12 00:16:03]   🍴 兄弟仓库: 6 个 → 队列
[2026-07-12 00:16:03] 👤 遍历用户仓库: fyy898
[2026-07-12 00:16:03] 📄 https://raw.githubusercontent.com/henrylam-mo/AutoMergePublicNodes-Optimized/main/output/all.txt ✅ 解析 19893 候选 → 19893 个有效节点 → 去重后新增 4 个
[2026-07-12 00:16:04]   用户 fyy898 共查 0 个仓库
[2026-07-12 00:16:04] ⚠️ 仓库 https://github.com/dashxio/deepseek-claude-proxy 大小为 0，跳过
[2026-07-12 00:16:05] 仓库 https://github.com/Qomicex-Public/Qomicex.Tauri (分支: main, size: 5535KB, pushed: 2026-07-11T16:07:39Z)
[2026-07-12 00:16:06]   🍴 兄弟仓库: 29 个 → 队列
[2026-07-12 00:16:06] 👤 遍历用户仓库: n0rma1playe2
[2026-07-12 00:16:07] 🔗 查子仓库: Andy181-github/Autoscrapefreenodes
[2026-07-12 00:16:08] 📄 https://raw.githubusercontent.com/whluwit/AutoMergePublicNodes-Optimized/main/output/all.txt ✅ 解析 19996 候选 → 19996 个有效节点 → 去重后新增 2 个
[2026-07-12 00:16:08] 仓库 https://github.com/Qomicex-Public/Qomicex.Tauri 候选文件 18 个
[2026-07-12 00:16:08]   👤 用户仓库: 23 个 → 队列
[2026-07-12 00:16:08]   用户 n0rma1playe2 共查 23 个仓库
[2026-07-12 00:16:08] ⚠️ 仓库 https://github.com/jahnfrens/IEZsYAXfNo 大小为 0，跳过
[2026-07-12 00:16:08] 仓库 https://github.com/miniLV/llm-wiki-agent-memory (分支: master, size: 6748KB, pushed: 2026-07-11T16:07:07Z)
[2026-07-12 00:16:08] 🔗 开始 Fork 链追踪 (Andy181-github/Autoscrapefreenodes)
[2026-07-12 00:16:09] 👤 遍历用户仓库: Andy181-github
[2026-07-12 00:16:09] 仓库 https://github.com/miniLV/llm-wiki-agent-memory 候选文件 15 个
[2026-07-12 00:16:09]   用户 Andy181-github 共查 0 个仓库
[2026-07-12 00:16:09] ⚠️ 仓库 https://github.com/jahnfrens/bZGsKILtoU 大小为 0，跳过
[2026-07-12 00:16:09] ⚠️ 仓库 https://github.com/rufus567ba/PhgkLlBo 大小为 0，跳过
[2026-07-12 00:16:09] ⚠️ 仓库 https://github.com/rufus567ba/qlavtZMq 大小为 0，跳过
[2026-07-12 00:16:09] ⚠️ 仓库 https://github.com/jahnfrens/MQaHctuBzB 大小为 0，跳过
[2026-07-12 00:16:09] ⚠️ 仓库 https://github.com/rufus567ba/UxqhfOKH 大小为 0，跳过
[2026-07-12 00:16:10] 仓库 https://github.com/rickytan/SmartLLMRouter (分支: main, size: 9733KB, pushed: 2026-07-11T15:59:57Z)
[2026-07-12 00:16:10] SHA 缓存已保存: 1160765 条, 2 分片
[2026-07-12 00:16:11] 仓库 https://github.com/rickytan/SmartLLMRouter 候选文件 39 个
[2026-07-12 00:16:11] 仓库 https://github.com/miniLV/llm-wiki-agent-memory 未提取到节点，加入黑名单
[2026-07-12 00:16:11] ⚠️ 仓库 https://github.com/rufus567ba/JoUQSpTS 大小为 0，跳过
[2026-07-12 00:16:11] 仓库 https://github.com/0xMlyr/BioTransWorkers (分支: main, size: 1052KB, pushed: 2026-07-11T15:58:43Z)
[2026-07-12 00:16:11] 仓库 https://github.com/0xMlyr/BioTransWorkers 候选文件 14 个
[2026-07-12 00:16:15] 仓库 https://github.com/rickytan/SmartLLMRouter 未提取到节点，加入黑名单
[2026-07-12 00:16:15] ⚠️ 仓库 https://github.com/rufus567ba/JyfRrccy 大小为 0，跳过
[2026-07-12 00:16:15] ⚠️ 仓库 https://github.com/jahnfrens/qJIPKWSBEZ 大小为 0，跳过
[2026-07-12 00:16:15] 仓库 https://github.com/sugergirl520/subs-checker (分支: main, size: 276069KB, pushed: 2026-07-11T15:56:42Z)
[2026-07-12 00:16:16] 仓库 https://github.com/sugergirl520/subs-checker 候选文件 2 个
[2026-07-12 00:16:18] 🔗 查子仓库: sugergirl520/subs-checker
[2026-07-12 00:16:18]   🍴 子仓库: 1 个 → 队列
[2026-07-12 00:16:18] 🔗 开始 Fork 链追踪 (sugergirl520/subs-checker)
[2026-07-12 00:16:19] 👤 遍历用户仓库: sugergirl520
[2026-07-12 00:16:19]   用户 sugergirl520 共查 0 个仓库
[2026-07-12 00:16:19] 仓库 https://github.com/yuki1122-fehu/st-theater-opencode (分支: main, size: 485KB, pushed: 2026-07-11T15:56:02Z)
[2026-07-12 00:16:20] 仓库 https://github.com/yuki1122-fehu/st-theater-opencode 候选文件 4 个
[2026-07-12 00:16:26] 仓库 https://github.com/yuki1122-fehu/st-theater-opencode 未提取到节点，加入黑名单
[2026-07-12 00:16:26] ⚠️ 仓库 https://github.com/boom5497/LwvuCfql 大小为 0，跳过
[2026-07-12 00:16:26] 仓库 https://github.com/Mooloco/mihomo-proxy (分支: main, size: 9KB, pushed: 2026-07-11T15:56:08Z)
[2026-07-12 00:16:27] 仓库 https://github.com/Mooloco/mihomo-proxy 候选文件 3 个
[2026-07-12 00:16:28] 仓库 https://github.com/Mooloco/mihomo-proxy 未提取到节点，加入黑名单
[2026-07-12 00:16:28] ⚠️ 仓库 https://github.com/boom5497/OnoNRskD 大小为 0，跳过
[2026-07-12 00:16:29] ⚠️ 仓库 https://github.com/jahnfrens/brbOEfjLFY 大小为 0，跳过
[2026-07-12 00:16:29] ⚠️ 仓库 https://github.com/boom5497/GWUaVvYc 大小为 0，跳过
[2026-07-12 00:16:29] ⚠️ 仓库 https://github.com/songsir-hub/windows-fastgithub-setup 大小为 0，跳过
[2026-07-12 00:16:29] ⚠️ 仓库 https://github.com/doomispawd/XvxXbZBKMy 大小为 0，跳过
[2026-07-12 00:16:29] ⚠️ 仓库 https://github.com/boom5497/DFcYlqZW 大小为 0，跳过
[2026-07-12 00:16:29] ⚠️ 仓库 https://github.com/doomispawd/YyjFJZbVrc 大小为 0，跳过
[2026-07-12 00:16:29] ⚠️ 仓库 https://github.com/boom5497/KUFmkzgV 大小为 0，跳过
[2026-07-12 00:16:29] ⚠️ 仓库 https://github.com/boom5497/Vrieordv 大小为 0，跳过
[2026-07-12 00:16:29] ⚠️ 仓库 https://github.com/doomispawd/UguavkaZRN 大小为 0，跳过
[2026-07-12 00:16:29] 仓库 https://github.com/iCyrene093/GitHubProxy (分支: main, size: 39KB, pushed: 2026-07-11T15:40:05Z)
[2026-07-12 00:16:30] 仓库 https://github.com/iCyrene093/GitHubProxy 候选文件 2 个
[2026-07-12 00:16:34] 仓库 https://github.com/iCyrene093/GitHubProxy 未提取到节点，加入黑名单
[2026-07-12 00:16:37] ⚠️ 仓库 https://github.com/doomispawd/VYQTYBWyNF 大小为 0，跳过
[2026-07-12 00:16:38] ⚠️ 仓库 https://github.com/doomispawd/WdUedfIqZr 大小为 0，跳过
[2026-07-12 00:16:38] 仓库 https://github.com/ljcyt/grokbuild-proxy (分支: main, size: 367KB, pushed: 2026-07-11T15:37:21Z)
[2026-07-12 00:16:43] 仓库 https://github.com/ljcyt/grokbuild-proxy 候选文件 22 个
[2026-07-12 00:16:55] 仓库 https://github.com/ljcyt/grokbuild-proxy 未提取到节点，加入黑名单
[2026-07-12 00:16:57] ⚠️ 仓库 https://github.com/boom5497/jYWlSEyY 大小为 0，跳过
[2026-07-12 00:16:57] ⚠️ 仓库 https://github.com/1685yhy/fortune-agent 大小为 0，跳过
[2026-07-12 00:16:57] ⚠️ 仓库 https://github.com/boom5497/TewlxQvf 大小为 0，跳过
[2026-07-12 00:16:57] 仓库 https://github.com/zhangtyzzz/gpt-load (分支: main, size: 26249KB, pushed: 2026-07-11T15:35:09Z)
[2026-07-12 00:16:58] 🔗 查子仓库: cxddgtb/dljdsjq
[2026-07-12 00:17:01]   🍴 子仓库: 1 个 → 队列
[2026-07-12 00:17:01] 🔗 开始 Fork 链追踪 (cxddgtb/dljdsjq)
[2026-07-12 00:17:02] 仓库 https://github.com/zhangtyzzz/gpt-load 候选文件 18 个
[2026-07-12 00:17:02] 👤 遍历用户仓库: cxddgtb
[2026-07-12 00:17:06]   👤 用户仓库: 5 个 → 队列
[2026-07-12 00:17:06]   用户 cxddgtb 共查 5 个仓库
[2026-07-12 00:17:06] ⚠️ 仓库 https://github.com/doomispawd/ZUhClsaDYY 大小为 0，跳过
[2026-07-12 00:17:06] 仓库 https://github.com/TBWISK/gemini (分支: main, size: 12KB, pushed: 2026-07-11T15:33:47Z)
[2026-07-12 00:17:08] 仓库 https://github.com/TBWISK/gemini 候选文件 1 个
[2026-07-12 00:17:09] 仓库 https://github.com/0xMlyr/BioTransWorkers 未提取到节点，加入黑名单
[2026-07-12 00:17:10] ⚠️ 仓库 https://github.com/doomispawd/leKPBSwUpz 大小为 0，跳过
[2026-07-12 00:17:11] ⚠️ 仓库 https://github.com/boom5497/EiWsUGts 大小为 0，跳过[2026-07-12 00:17:11] 仓库 https://github.com/TBWISK/gemini 未提取到节点，加入黑名单

[2026-07-12 00:17:15] ⚠️ 仓库 https://github.com/doomispawd/TqKHNNAVpn 大小为 0，跳过
[2026-07-12 00:17:15] ⚠️ 仓库 https://github.com/doomispawd/KDXUNdAVIh 大小为 0，跳过[2026-07-12 00:17:15] ⚠️ 仓库 https://github.com/atrago/vsuqalVv 大小为 0，跳过

[2026-07-12 00:17:15] 仓库 https://github.com/Yachiyo1680/yachiyo-cache-pool (分支: master, size: 63KB, pushed: 2026-07-11T15:26:07Z)[2026-07-12 00:17:15] ⚠️ 仓库 https://github.com/atrago/AxRkKMMY 大小为 0，跳过

[2026-07-12 00:17:16] 仓库 https://github.com/zhangtyzzz/gpt-load 未提取到节点，加入黑名单
[2026-07-12 00:17:16] ⚠️ 仓库 https://github.com/doomispawd/bmNGgVQQxm 大小为 0，跳过[2026-07-12 00:17:17] 仓库 https://github.com/Yachiyo1680/yachiyo-cache-pool 候选文件 4 个

[2026-07-12 00:17:17] 仓库 https://github.com/draiagent/Input-Process-Pipeline-Output-Obsidian-Framework (分支: main, size: 7KB, pushed: 2026-07-11T15:23:33Z)[2026-07-12 00:17:17] ⚠️ 仓库 https://github.com/brentberli/RduwTQePfj 大小为 0，跳过[2026-07-12 00:17:17] 仓库 https://github.com/jeffernn/jeffern-qx 未提取到节点，加入黑名单


[2026-07-12 00:17:18] ⚠️ 仓库 https://github.com/brentberli/QxthxSwBVm 大小为 0，跳过
[2026-07-12 00:17:18] ⚠️ 仓库 https://github.com/atrago/SWHQrELl 大小为 0，跳过[2026-07-12 00:17:18] 仓库 https://github.com/xweiba/pp-ssh-proxy (分支: main, size: 111064KB, pushed: 2026-07-11T15:18:53Z)

[2026-07-12 00:17:18] ⚠️ 仓库 https://github.com/atrago/aOKNoium 大小为 0，跳过
[2026-07-12 00:17:18] ⚠️ 仓库 https://github.com/brentberli/QdRVorWnAJ 大小为 0，跳过
[2026-07-12 00:17:18] ⚠️ 仓库 https://github.com/atrago/lSFHdPYS 大小为 0，跳过
[2026-07-12 00:17:18] ⚠️ 仓库 https://github.com/brentberli/aPlJMLXDod 大小为 0，跳过
[2026-07-12 00:17:18] ⚠️ 仓库 https://github.com/atrago/RfaLeQnB 大小为 0，跳过
[2026-07-12 00:17:19] ⚠️ 仓库 https://github.com/atrago/ABDbvlOX 大小为 0，跳过
[2026-07-12 00:17:19] 仓库 https://github.com/draiagent/Input-Process-Pipeline-Output-Obsidian-Framework 候选文件 2 个
[2026-07-12 00:17:19] 仓库 https://github.com/Yachiyo1680/yachiyo-cache-pool 未提取到节点，加入黑名单[2026-07-12 00:17:19] 仓库 https://github.com/xweiba/pp-ssh-proxy 候选文件 10 个[2026-07-12 00:17:19] 仓库 https://github.com/brentberli/QKtxqavCaY (分支: main, size: 3KB, pushed: 2026-07-11T15:08:52Z)


[2026-07-12 00:17:20] 仓库 https://github.com/atrago/lRAmjCnn (分支: main, size: 3KB, pushed: 2026-07-11T15:05:24Z)[2026-07-12 00:17:20] 仓库 https://github.com/brentberli/QKtxqavCaY 无候选文件 (总计 1 blob, 扩展名过滤 0, processed_shas 跳过 0, SHA 缓存跳过 1)

[2026-07-12 00:17:21] 🔗 查子仓库: brentberli/QKtxqavCaY
[2026-07-12 00:17:21] 仓库 https://github.com/draiagent/Input-Process-Pipeline-Output-Obsidian-Framework 未提取到节点，加入黑名单
[2026-07-12 00:17:21] 🔗 开始 Fork 链追踪 (brentberli/QKtxqavCaY)
[2026-07-12 00:17:21] 仓库 https://github.com/brentberli/JENRQtLINc (分支: main, size: 3KB, pushed: 2026-07-11T15:02:04Z)
[2026-07-12 00:17:21] 仓库 https://github.com/atrago/lRAmjCnn 候选文件 1 个
[2026-07-12 00:17:22] 👤 遍历用户仓库: brentberli
[2026-07-12 00:17:22] 仓库 https://github.com/brentberli/JENRQtLINc 无候选文件 (总计 1 blob, 扩展名过滤 0, processed_shas 跳过 0, SHA 缓存跳过 1)
[2026-07-12 00:17:23] 🔗 查子仓库: brentberli/JENRQtLINc
[2026-07-12 00:17:23] 仓库 https://github.com/atrago/lRAmjCnn 未提取到节点，加入黑名单
[2026-07-12 00:17:23] 🔗 开始 Fork 链追踪 (brentberli/JENRQtLINc)[2026-07-12 00:17:23] 仓库 https://github.com/atrago/YeaxlTPP (分支: main, size: 3KB, pushed: 2026-07-11T15:01:11Z)

[2026-07-12 00:17:24] 👤 遍历用户仓库: brentberli
[2026-07-12 00:17:24] 仓库 https://github.com/atrago/YeaxlTPP 候选文件 1 个
[2026-07-12 00:17:25] 仓库 https://github.com/atrago/YeaxlTPP 未提取到节点，加入黑名单
[2026-07-12 00:17:26] 仓库 https://github.com/brentberli/IIrViXOPxu (分支: main, size: 3KB, pushed: 2026-07-11T15:00:57Z)
[2026-07-12 00:17:26] 仓库 https://github.com/brentberli/IIrViXOPxu 无候选文件 (总计 1 blob, 扩展名过滤 0, processed_shas 跳过 0, SHA 缓存跳过 1)
[2026-07-12 00:17:26] 🔗 查子仓库: brentberli/IIrViXOPxu
[2026-07-12 00:17:26] 🔗 开始 Fork 链追踪 (brentberli/IIrViXOPxu)
[2026-07-12 00:17:27] 👤 遍历用户仓库: brentberli
[2026-07-12 00:17:28] 📄 https://raw.githubusercontent.com/LeilaoMi/AutoMergePublicNodes-Optimized/main/output/all.yaml ✅ 解析 20653 候选 → 20653 个有效节点 → 去重后新增 20 个
[2026-07-12 00:17:30] 🔗 查子仓库: LeilaoMi/AutoMergePublicNodes-Optimized
[2026-07-12 00:17:31] 🔗 查子仓库: henrylam-mo/AutoMergePublicNodes-Optimized
[2026-07-12 00:17:31]   🍴 子仓库: 2 个 → 队列
[2026-07-12 00:17:31] 🔗 开始 Fork 链追踪 (LeilaoMi/AutoMergePublicNodes-Optimized)
[2026-07-12 00:17:31] 🔗 开始 Fork 链追踪 (henrylam-mo/AutoMergePublicNodes-Optimized)
[2026-07-12 00:17:32] 👤 遍历用户仓库: LeilaoMi
[2026-07-12 00:17:32]   父仓库: LeilaoMi/AutoMergePublicNodes-Optimized
[2026-07-12 00:17:32] 👤 遍历用户仓库: henrylam-mo
[2026-07-12 00:17:32]   用户 LeilaoMi 共查 0 个仓库
[2026-07-12 00:17:32] 仓库 https://github.com/zysicyj-xxc/workbuddy-tool (分支: main, size: 2129KB, pushed: 2026-07-11T14:59:48Z)
[2026-07-12 00:17:33]   👤 用户仓库: 30 个 → 队列
[2026-07-12 00:17:33]   用户 brentberli 共查 30 个仓库
[2026-07-12 00:17:33] 仓库 https://github.com/jb21cn/proxy-subscription (分支: main, size: 20801KB, pushed: 2026-07-11T14:51:11Z)
[2026-07-12 00:17:33] 仓库 https://github.com/zysicyj-xxc/workbuddy-tool 候选文件 11 个
[2026-07-12 00:17:33]   👤 用户仓库: 22 个 → 队列[2026-07-12 00:17:33] 仓库 https://github.com/jb21cn/proxy-subscription 候选文件 5 个

[2026-07-12 00:17:33]   用户 henrylam-mo 共查 22 个仓库[2026-07-12 00:17:33]   👤 用户仓库: 30 个 → 队列

[2026-07-12 00:17:33] 仓库 https://github.com/clacf/black_list (分支: main, size: 1KB, pushed: 2026-07-11T14:39:11Z)
[2026-07-12 00:17:33]   用户 brentberli 共查 30 个仓库
[2026-07-12 00:17:34] 仓库 https://github.com/jamebal/xray-kuma-probe (分支: main, size: 36KB, pushed: 2026-07-11T14:26:53Z)
[2026-07-12 00:17:34] 🔗 查子仓库: whluwit/AutoMergePublicNodes-Optimized
[2026-07-12 00:17:34] 仓库 https://github.com/clacf/black_list 候选文件 1 个[2026-07-12 00:17:34] 仓库 https://github.com/zysicyj-xxc/workbuddy-tool 未提取到节点，加入黑名单

[2026-07-12 00:17:34] 仓库 https://github.com/jamebal/xray-kuma-probe 候选文件 6 个[2026-07-12 00:17:34] 仓库 https://github.com/YYC-Cube/YYC3-Management (分支: main, size: 17768KB, pushed: 2026-07-11T14:23:22Z)

[2026-07-12 00:17:34]   👤 用户仓库: 30 个 → 队列
[2026-07-12 00:17:34]   用户 brentberli 共查 30 个仓库
[2026-07-12 00:17:34] 仓库 https://github.com/gradient30/ProxySwitch (分支: main, size: 779KB, pushed: 2026-07-11T14:22:28Z)
[2026-07-12 00:17:34] 🔗 开始 Fork 链追踪 (whluwit/AutoMergePublicNodes-Optimized)
[2026-07-12 00:17:34] README (clacf/black_list) 404，跳过
[2026-07-12 00:17:34] 仓库 https://github.com/clacf/black_list 未提取到节点，加入黑名单
[2026-07-12 00:17:34] 仓库 https://github.com/jilin0105/CFspider (分支: main, size: 16210KB, pushed: 2026-07-11T14:17:23Z)
[2026-07-12 00:17:34]   父仓库: LeilaoMi/AutoMergePublicNodes-Optimized
[2026-07-12 00:17:34] 仓库 https://github.com/gradient30/ProxySwitch 候选文件 9 个
[2026-07-12 00:17:35] 🔗 查子仓库: jb21cn/proxy-subscription
[2026-07-12 00:17:35] 仓库 https://github.com/jilin0105/CFspider 候选文件 1 个
[2026-07-12 00:17:35] 👤 遍历用户仓库: whluwit
[2026-07-12 00:17:35] 仓库 https://github.com/YYC-Cube/YYC3-Management 候选文件较多 (232 个)，先通过 commits API 过滤[2026-07-12 00:17:35] 🔗 开始 Fork 链追踪 (jb21cn/proxy-subscription)

[2026-07-12 00:17:35] 仓库 https://github.com/jamebal/xray-kuma-probe 未提取到节点，加入黑名单
[2026-07-12 00:17:35] 👤 遍历用户仓库: jb21cn
[2026-07-12 00:17:35] 仓库 https://github.com/junagent/windows-python-env (分支: main, size: 13KB, pushed: 2026-07-11T14:12:49Z)[2026-07-12 00:17:35] 🔗 查子仓库: jilin0105/CFspider

[2026-07-12 00:17:35] 🔗 开始 Fork 链追踪 (jilin0105/CFspider)
[2026-07-12 00:17:35]   👤 用户仓库: 1 个 → 队列
[2026-07-12 00:17:35]   用户 jb21cn 共查 1 个仓库
[2026-07-12 00:17:35] 仓库 https://github.com/MiaoJiyu/BarkBridge (分支: main, size: 261KB, pushed: 2026-07-11T14:07:44Z)
[2026-07-12 00:17:35] 仓库 https://github.com/junagent/windows-python-env 候选文件 9 个
[2026-07-12 00:17:36]   父仓库: violettoolssite/CFspider
[2026-07-12 00:17:36] 仓库在黑名单中: https://github.com/violettoolssite/CFspider
[2026-07-12 00:17:36]   父仓库 +0 个节点
[2026-07-12 00:17:36] forks of violettoolssite/CFspider (p1) 404，跳过
[2026-07-12 00:17:36] 👤 遍历用户仓库: jilin0105
[2026-07-12 00:17:36] 仓库 https://github.com/MiaoJiyu/BarkBridge 候选文件 21 个
[2026-07-12 00:17:36] 仓库 https://github.com/gradient30/ProxySwitch 未提取到节点，加入黑名单
[2026-07-12 00:17:36] 仓库 https://github.com/mrzhaojiaxuan/ai-education-chatbot (分支: main, size: 223KB, pushed: 2026-07-11T14:03:31Z)
[2026-07-12 00:17:36]   👤 用户仓库: 25 个 → 队列
[2026-07-12 00:17:36]   用户 whluwit 共查 25 个仓库
[2026-07-12 00:17:36] 仓库 https://github.com/dengkaitraining/google-ai-tools (分支: main, size: 26276KB, pushed: 2026-07-11T14:02:55Z)
[2026-07-12 00:17:37] 仓库 https://github.com/mrzhaojiaxuan/ai-education-chatbot 候选文件 21 个
[2026-07-12 00:17:37] 仓库 https://github.com/dengkaitraining/google-ai-tools 候选文件 8 个
[2026-07-12 00:17:38] 仓库 https://github.com/junagent/windows-python-env 未提取到节点，加入黑名单
[2026-07-12 00:17:38] 仓库 https://github.com/S0ngRu1/domain-vpn-router (分支: main, size: 69KB, pushed: 2026-07-11T13:59:02Z)
[2026-07-12 00:17:38] 仓库 https://github.com/Qomicex-Public/Qomicex.Tauri 未提取到节点，加入黑名单
[2026-07-12 00:17:38] 仓库 https://github.com/hui592015-oss/Cloudflare-vless-trojan (分支: main, size: 165806KB, pushed: 2026-07-11T13:35:39Z)
[2026-07-12 00:17:39]   👤 用户仓库: 30 个 → 队列
[2026-07-12 00:17:39]   用户 jilin0105 共查 30 个仓库
[2026-07-12 00:17:39] 仓库 https://github.com/yangzijian52/CSworld (分支: main, size: 54KB, pushed: 2026-07-11T13:33:39Z)
[2026-07-12 00:17:39] 仓库 https://github.com/S0ngRu1/domain-vpn-router 候选文件 4 个
[2026-07-12 00:17:39]   Compare API 返回 300 个变更文件 (3 次 API 调用)
[2026-07-12 00:17:39]   commits 过滤: 232 → 15 (变更文件 300 个)
[2026-07-12 00:17:39] 仓库 https://github.com/YYC-Cube/YYC3-Management 候选文件 15 个
[2026-07-12 00:17:39] 仓库 https://github.com/mrzhaojiaxuan/ai-education-chatbot 未提取到节点，加入黑名单
[2026-07-12 00:17:39] 仓库 https://github.com/Ycpan-seis/CodeX-responses-chat-proxy (分支: main, size: 99KB, pushed: 2026-07-11T13:23:28Z)
[2026-07-12 00:17:39] 仓库 https://github.com/MiaoJiyu/BarkBridge README 含广告词，加入黑名单
[2026-07-12 00:17:39] 仓库 https://github.com/noaul/2025-blog-public (分支: my-features, size: 219074KB, pushed: 2026-07-11T13:23:15Z)
[2026-07-12 00:17:39] 仓库 https://github.com/hui592015-oss/Cloudflare-vless-trojan 无候选文件 (总计 47 blob, 扩展名过滤 24, processed_shas 跳过 0, SHA 缓存跳过 23)
[2026-07-12 00:17:39] 🔗 查子仓库: hui592015-oss/Cloudflare-vless-trojan
[2026-07-12 00:17:39] 仓库 https://github.com/yangzijian52/CSworld 候选文件 6 个
[2026-07-12 00:17:39] 🔗 开始 Fork 链追踪 (hui592015-oss/Cloudflare-vless-trojan)
[2026-07-12 00:17:39] 仓库 https://github.com/Ycpan-seis/CodeX-responses-chat-proxy 候选文件 10 个
[2026-07-12 00:17:39] 仓库 https://github.com/YYC-Cube/YYC3-Management 未提取到节点，加入黑名单
[2026-07-12 00:17:39] 仓库 https://github.com/rowanssv4/VSub-Sanitizer (分支: main, size: 31254KB, pushed: 2026-07-11T13:19:27Z)
[2026-07-12 00:17:39] 仓库 https://github.com/noaul/2025-blog-public 候选文件 14 个
[2026-07-12 00:17:39] 仓库 https://github.com/S0ngRu1/domain-vpn-router 未提取到节点，加入黑名单
[2026-07-12 00:17:39] 仓库 https://github.com/SunsetRNE/box (分支: master, size: 18394KB, pushed: 2026-07-11T13:14:05Z)
[2026-07-12 00:17:39]   父仓库: yonggekkk/Cloudflare-vless-trojan
[2026-07-12 00:17:39] 仓库在黑名单中: https://github.com/yonggekkk/Cloudflare-vless-trojan
[2026-07-12 00:17:39]   父仓库 +0 个节点
[2026-07-12 00:17:43] 仓库 https://github.com/rowanssv4/VSub-Sanitizer 候选文件 3 个
[2026-07-12 00:17:43] 仓库 https://github.com/SunsetRNE/box 无候选文件 (总计 30 blob, 扩展名过滤 19, processed_shas 跳过 0, SHA 缓存跳过 11)
[2026-07-12 00:17:43] 🔗 查子仓库: SunsetRNE/box
[2026-07-12 00:17:44] 🔗 开始 Fork 链追踪 (SunsetRNE/box)
[2026-07-12 00:17:44] 仓库 https://github.com/yangzijian52/CSworld 未提取到节点，加入黑名单
[2026-07-12 00:17:44] 仓库 https://github.com/wangdongpeng1/springboot-agent (分支: main, size: 41575KB, pushed: 2026-07-11T13:10:17Z)
[2026-07-12 00:17:44]   父仓库: boxproxy/box
[2026-07-12 00:17:44] 仓库在黑名单中: https://github.com/boxproxy/box
[2026-07-12 00:17:44]   父仓库 +0 个节点
[2026-07-12 00:17:44] 仓库 https://github.com/Ycpan-seis/CodeX-responses-chat-proxy 未提取到节点，加入黑名单[2026-07-12 00:17:44]   🍴 兄弟仓库: 30 个 → 队列

[2026-07-12 00:17:44] 👤 遍历用户仓库: hui592015-oss
[2026-07-12 00:17:45] 仓库 https://github.com/yswenli/luban-framework (分支: main, size: 72091KB, pushed: 2026-07-11T13:09:32Z)
[2026-07-12 00:17:45]   👤 用户仓库: 2 个 → 队列
[2026-07-12 00:17:45]   用户 hui592015-oss 共查 2 个仓库
[2026-07-12 00:17:45] 仓库 https://github.com/Johncora/ESP01S_Light (分支: main, size: 607KB, pushed: 2026-07-11T13:02:53Z)
[2026-07-12 00:17:45] 仓库 https://github.com/noaul/2025-blog-public README 含广告词，加入黑名单
[2026-07-12 00:17:45] 仓库 https://github.com/lumenatte/nodejs-argo888 (分支: main, size: 27309KB, pushed: 2026-07-11T13:02:15Z)
[2026-07-12 00:17:45] 仓库 https://github.com/Johncora/ESP01S_Light 候选文件 2 个
[2026-07-12 00:17:45] 仓库 https://github.com/lumenatte/nodejs-argo888 候选文件 1 个
[2026-07-12 00:17:45] 仓库 https://github.com/yswenli/luban-framework 候选文件 77 个
[2026-07-12 00:17:45]   🍴 兄弟仓库: 30 个 → 队列
[2026-07-12 00:17:45] 👤 遍历用户仓库: SunsetRNE
[2026-07-12 00:17:46] README (Johncora/ESP01S_Light) 404，跳过
[2026-07-12 00:17:46] 仓库 https://github.com/Johncora/ESP01S_Light 未提取到节点，加入黑名单
[2026-07-12 00:17:46] 仓库 https://github.com/wuchunfu/TurnsApi (分支: master, size: 16204KB, pushed: 2026-07-11T12:58:23Z)
[2026-07-12 00:17:46] 仓库 https://github.com/lumenatte/nodejs-argo888 未提取到节点，加入黑名单
[2026-07-12 00:17:46] 仓库 https://github.com/YixuAnsensei/Local-LLM-Content-Framework (分支: main, size: 11376KB, pushed: 2026-07-11T12:59:48Z)
[2026-07-12 00:17:46] 仓库 https://github.com/wuchunfu/TurnsApi 候选文件 8 个
[2026-07-12 00:17:47] 仓库 https://github.com/YixuAnsensei/Local-LLM-Content-Framework 候选文件 22 个[2026-07-12 00:17:47]   👤 用户仓库: 29 个 → 队列

[2026-07-12 00:17:48]   用户 SunsetRNE 共查 29 个仓库
[2026-07-12 00:17:48] 仓库 https://github.com/kattyGG/daxionglink (分支: main, size: 732350KB, pushed: 2026-07-11T12:55:40Z)
[2026-07-12 00:17:49] 仓库 https://github.com/yswenli/luban-framework README 含广告词，加入黑名单
[2026-07-12 00:17:49] 仓库 https://github.com/spincat/SmartProxyPipeline (分支: main, size: 14162KB, pushed: 2026-07-11T12:54:13Z)
[2026-07-12 00:17:49] 仓库 https://github.com/kattyGG/daxionglink 候选文件 1 个
[2026-07-12 00:17:49] 仓库 https://github.com/spincat/SmartProxyPipeline 候选文件 1 个
[2026-07-12 00:17:49] 仓库 https://github.com/wuchunfu/TurnsApi 未提取到节点，加入黑名单
[2026-07-12 00:17:49] 仓库 https://github.com/klxyymail/ClashForge (分支: main, size: 128707KB, pushed: 2026-07-11T12:52:57Z)
[2026-07-12 00:17:49] 📄 https://raw.githubusercontent.com/rowanssv4/VSub-Sanitizer/main/nodes.txt ✅ 解析 3424 候选 → 3424 个有效节点 → 去重后新增 2 个
[2026-07-12 00:17:50] 仓库 https://github.com/wangdongpeng1/springboot-agent 候选文件较多 (246 个)，先通过 commits API 过滤
[2026-07-12 00:17:50] 仓库 https://github.com/klxyymail/ClashForge 候选文件 2 个
[2026-07-12 00:17:50] 仓库 https://github.com/YixuAnsensei/Local-LLM-Content-Framework 未提取到节点，加入黑名单
[2026-07-12 00:17:50] 仓库 https://github.com/Youzini-afk/grokbuild-proxy (分支: main, size: 378KB, pushed: 2026-07-11T12:51:21Z)
[2026-07-12 00:17:50]   仓库无 24h 前 commit（新仓库/新分支），不跳过任何文件
[2026-07-12 00:17:50]   commits API 失败，降级为直接下载
[2026-07-12 00:17:50] 仓库 https://github.com/wangdongpeng1/springboot-agent 候选文件 246 个
[2026-07-12 00:17:50] 🔗 查子仓库: spincat/SmartProxyPipeline
[2026-07-12 00:17:50] 仓库 https://github.com/Youzini-afk/grokbuild-proxy 候选文件 10 个
[2026-07-12 00:17:51]   🍴 子仓库: 1 个 → 队列
[2026-07-12 00:17:51] 🔗 开始 Fork 链追踪 (spincat/SmartProxyPipeline)
[2026-07-12 00:17:52] 👤 遍历用户仓库: spincat
[2026-07-12 00:17:52]   用户 spincat 共查 0 个仓库
[2026-07-12 00:17:52] 仓库 https://github.com/Cathy-wang132/Mall-System-Node.js-express-vue-mysql-uniapp (分支: main, size: 2KB, pushed: 2026-07-11T12:49:40Z)
[2026-07-12 00:17:53] 仓库 https://github.com/Cathy-wang132/Mall-System-Node.js-express-vue-mysql-uniapp 候选文件 1 个
[2026-07-12 00:17:53] 🔗 查子仓库: klxyymail/ClashForge
[2026-07-12 00:17:53] 仓库 https://github.com/Cathy-wang132/Mall-System-Node.js-express-vue-mysql-uniapp README 含广告词，加入黑名单
[2026-07-12 00:17:53] 仓库 https://github.com/Youzini-afk/grokbuild-proxy 未提取到节点，加入黑名单
[2026-07-12 00:17:53] 🔗 开始 Fork 链追踪 (klxyymail/ClashForge)
[2026-07-12 00:17:53] 仓库 https://github.com/it-glen/EMBY_CF (分支: trae/solo, size: 207KB, pushed: 2026-07-11T12:48:52Z)
[2026-07-12 00:17:54] 仓库 https://github.com/EaseCation/Nemisys (分支: master, size: 8169KB, pushed: 2026-07-11T12:47:03Z)
[2026-07-12 00:17:54]   父仓库: w154594742/ClashForge
[2026-07-12 00:17:54] 仓库在黑名单中: https://github.com/w154594742/ClashForge
[2026-07-12 00:17:54]   父仓库 +0 个节点
[2026-07-12 00:17:54] 仓库 https://github.com/it-glen/EMBY_CF 无候选文件 (总计 7 blob, 扩展名过滤 2, processed_shas 跳过 0, SHA 缓存跳过 5)
[2026-07-12 00:17:54] 🔗 查子仓库: it-glen/EMBY_CF
[2026-07-12 00:17:54] forks of w154594742/ClashForge (p1) 404，跳过
[2026-07-12 00:17:54] 👤 遍历用户仓库: klxyymail
[2026-07-12 00:17:55] 🔗 开始 Fork 链追踪 (it-glen/EMBY_CF)
[2026-07-12 00:17:55] 仓库 https://github.com/EaseCation/Nemisys 候选文件 12 个
[2026-07-12 00:17:55]   父仓库: Dirige/EMBY_CF
[2026-07-12 00:17:55] ⚠️ 仓库 https://github.com/Dirige/EMBY_CF 320h 未更新，废弃 → 加入黑名单
[2026-07-12 00:17:55]   父仓库 +0 个节点
[2026-07-12 00:17:55]   用户 klxyymail 共查 0 个仓库
[2026-07-12 00:17:55] 仓库 https://github.com/Joey-Kot/dufs-interface (分支: main, size: 207KB, pushed: 2026-07-11T12:39:12Z)
[2026-07-12 00:17:56] 仓库 https://github.com/Joey-Kot/dufs-interface 候选文件 5 个
[2026-07-12 00:17:56] 仓库 https://github.com/EaseCation/Nemisys 未提取到节点，加入黑名单
[2026-07-12 00:17:56] 仓库 https://github.com/hq10123/argosbx (分支: main, size: 906KB, pushed: 2026-07-11T12:38:24Z)
[2026-07-12 00:17:57] 仓库 https://github.com/hq10123/argosbx 无候选文件 (总计 15 blob, 扩展名过滤 9, processed_shas 跳过 0, SHA 缓存跳过 6)
[2026-07-12 00:17:57] 🔗 查子仓库: hq10123/argosbx
[2026-07-12 00:17:57] 🔗 开始 Fork 链追踪 (hq10123/argosbx)
[2026-07-12 00:17:57]   🍴 兄弟仓库: 30 个 → 队列
[2026-07-12 00:17:57] 👤 遍历用户仓库: it-glen
[2026-07-12 00:17:57] 仓库 https://github.com/wangdongpeng1/springboot-agent 未提取到节点，加入黑名单
[2026-07-12 00:17:58]   父仓库: yonggekkk/argosbx
[2026-07-12 00:17:58] 仓库在黑名单中: https://github.com/yonggekkk/argosbx
[2026-07-12 00:17:58] 仓库 https://github.com/SychO3/grokbuild-proxy (分支: main, size: 367KB, pushed: 2026-07-11T12:36:02Z)[2026-07-12 00:17:58]   父仓库 +0 个节点

[2026-07-12 00:17:58] 仓库 https://github.com/Joey-Kot/dufs-interface 未提取到节点，加入黑名单
[2026-07-12 00:17:58] 仓库 https://github.com/guaren40/grokbuild-proxy (分支: main, size: 367KB, pushed: 2026-07-11T12:36:02Z)
[2026-07-12 00:17:58]   👤 用户仓库: 15 个 → 队列
[2026-07-12 00:17:59]   用户 it-glen 共查 15 个仓库
[2026-07-12 00:17:59] 仓库 https://github.com/daugf2527/grokbuild-proxy (分支: main, size: 367KB, pushed: 2026-07-11T12:36:02Z)
[2026-07-12 00:17:59] 仓库 https://github.com/SychO3/grokbuild-proxy 无候选文件 (总计 116 blob, 扩展名过滤 84, processed_shas 跳过 22, SHA 缓存跳过 10)
[2026-07-12 00:17:59] 🔗 查子仓库: SychO3/grokbuild-proxy
[2026-07-12 00:17:59] 仓库 https://github.com/guaren40/grokbuild-proxy 无候选文件 (总计 116 blob, 扩展名过滤 84, processed_shas 跳过 22, SHA 缓存跳过 10)
[2026-07-12 00:17:59] 🔗 开始 Fork 链追踪 (SychO3/grokbuild-proxy)
[2026-07-12 00:17:59] 🔗 查子仓库: guaren40/grokbuild-proxy
[2026-07-12 00:18:00] 仓库 https://github.com/daugf2527/grokbuild-proxy 无候选文件 (总计 116 blob, 扩展名过滤 84, processed_shas 跳过 22, SHA 缓存跳过 10)
[2026-07-12 00:18:00] 🔗 查子仓库: daugf2527/grokbuild-proxy
[2026-07-12 00:18:00] 🔗 开始 Fork 链追踪 (guaren40/grokbuild-proxy)
[2026-07-12 00:18:00] 🔗 开始 Fork 链追踪 (daugf2527/grokbuild-proxy)
[2026-07-12 00:18:00]   父仓库: GreyGunG/grokbuild-proxy
[2026-07-12 00:18:00] 仓库在黑名单中: https://github.com/GreyGunG/grokbuild-proxy
[2026-07-12 00:18:00]   父仓库 +0 个节点
[2026-07-12 00:18:00]   父仓库: GreyGunG/grokbuild-proxy[2026-07-12 00:18:00]   父仓库: GreyGunG/grokbuild-proxy

[2026-07-12 00:18:00] 仓库在黑名单中: https://github.com/GreyGunG/grokbuild-proxy
[2026-07-12 00:18:00] 仓库在黑名单中: https://github.com/GreyGunG/grokbuild-proxy
[2026-07-12 00:18:00]   父仓库 +0 个节点
[2026-07-12 00:18:01]   父仓库 +0 个节点
[2026-07-12 00:18:01] 仓库 https://github.com/xweiba/pp-ssh-proxy 未提取到节点，加入黑名单
[2026-07-12 00:18:01]   🍴 兄弟仓库: 30 个 → 队列
[2026-07-12 00:18:01] 仓库 https://github.com/WindC0X/grokbuild-proxy (分支: main, size: 367KB, pushed: 2026-07-11T15:55:57Z)
[2026-07-12 00:18:01] 👤 遍历用户仓库: hq10123
[2026-07-12 00:18:01]   🍴 兄弟仓库: 24 个 → 队列
[2026-07-12 00:18:01] 👤 遍历用户仓库: SychO3
[2026-07-12 00:18:01] 👤 遍历用户仓库: daugf2527
[2026-07-12 00:18:01]   👤 用户仓库: 6 个 → 队列
[2026-07-12 00:18:01] 仓库 https://github.com/WindC0X/grokbuild-proxy 无候选文件 (总计 116 blob, 扩展名过滤 84, processed_shas 跳过 22, SHA 缓存跳过 10)[2026-07-12 00:18:01]   用户 hq10123 共查 6 个仓库

[2026-07-12 00:18:01] 🔗 查子仓库: WindC0X/grokbuild-proxy[2026-07-12 00:18:01] 仓库 https://github.com/gc801/webhometv (分支: main, size: 132962KB, pushed: 2026-07-11T12:24:31Z)

[2026-07-12 00:18:01] 👤 遍历用户仓库: guaren40
[2026-07-12 00:18:02] 🔗 开始 Fork 链追踪 (WindC0X/grokbuild-proxy)
[2026-07-12 00:18:02]   父仓库: GreyGunG/grokbuild-proxy
[2026-07-12 00:18:02] 仓库在黑名单中: https://github.com/GreyGunG/grokbuild-proxy
[2026-07-12 00:18:02]   父仓库 +0 个节点
[2026-07-12 00:18:02] 🔗 查子仓库: kattyGG/daxionglink
[2026-07-12 00:18:03]   👤 用户仓库: 30 个 → 队列[2026-07-12 00:18:03] 🔗 开始 Fork 链追踪 (kattyGG/daxionglink)

[2026-07-12 00:18:03]   用户 guaren40 共查 30 个仓库
[2026-07-12 00:18:03] 仓库 https://github.com/fanhua77/railway (分支: main, size: 27770KB, pushed: 2026-07-11T12:11:46Z)
[2026-07-12 00:18:03] 👤 遍历用户仓库: WindC0X
[2026-07-12 00:18:03]   👤 用户仓库: 30 个 → 队列[2026-07-12 00:18:03] 👤 遍历用户仓库: kattyGG

[2026-07-12 00:18:03]   用户 daugf2527 共查 30 个仓库
[2026-07-12 00:18:03] 仓库 https://github.com/chaoscard/weatherkit-proxy (分支: main, size: 2741KB, pushed: 2026-07-11T12:05:18Z)
[2026-07-12 00:18:03] 仓库 https://github.com/fanhua77/railway 候选文件 1 个[2026-07-12 00:18:03] 仓库 https://github.com/gc801/webhometv 无候选文件 (总计 1989 blob, 扩展名过滤 1931, processed_shas 跳过 0, SHA 缓存跳过 58)

[2026-07-12 00:18:03] 🔗 查子仓库: gc801/webhometv
[2026-07-12 00:18:03] 🔗 开始 Fork 链追踪 (gc801/webhometv)
[2026-07-12 00:18:03]   👤 用户仓库: 9 个 → 队列
[2026-07-12 00:18:03]   用户 kattyGG 共查 9 个仓库
[2026-07-12 00:18:03] 仓库 https://github.com/w-897/webhtv (分支: main, size: 132962KB, pushed: 2026-07-11T12:01:25Z)
[2026-07-12 00:18:03] 仓库 https://github.com/chaoscard/weatherkit-proxy 无候选文件 (总计 42 blob, 扩展名过滤 28, processed_shas 跳过 0, SHA 缓存跳过 14)
[2026-07-12 00:18:03] 🔗 查子仓库: chaoscard/weatherkit-proxy
[2026-07-12 00:18:03] README (fanhua77/railway) 404，跳过
[2026-07-12 00:18:03] 仓库 https://github.com/fanhua77/railway 未提取到节点，加入黑名单
[2026-07-12 00:18:04]   父仓库: fish2018/webhtv[2026-07-12 00:18:04] 仓库 https://github.com/donotletmedown-xz/sing-box-yg-argo (分支: main, size: 338207KB, pushed: 2026-07-11T11:57:08Z)
[2026-07-12 00:18:04] 🔗 开始 Fork 链追踪 (chaoscard/weatherkit-proxy)
[2026-07-12 00:18:04] 仓库在黑名单中: https://github.com/fish2018/webhtv

[2026-07-12 00:18:04]   父仓库 +0 个节点
[2026-07-12 00:18:04]   父仓库: meme-lau/weatherkit-proxy
[2026-07-12 00:18:04] 仓库在黑名单中: https://github.com/meme-lau/weatherkit-proxy
[2026-07-12 00:18:04]   父仓库 +0 个节点
[2026-07-12 00:18:04] 仓库 https://github.com/donotletmedown-xz/sing-box-yg-argo 无候选文件 (总计 18 blob, 扩展名过滤 8, processed_shas 跳过 0, SHA 缓存跳过 10)
[2026-07-12 00:18:04] 🔗 查子仓库: donotletmedown-xz/sing-box-yg-argo
[2026-07-12 00:18:04] 📄 https://raw.githubusercontent.com/rowanssv4/VSub-Sanitizer/main/sub.txt ✅ 解析 3425 候选 → 3425 个有效节点 → 去重后新增 1 个
[2026-07-12 00:18:04] 🔗 查子仓库: rowanssv4/VSub-Sanitizer
[2026-07-12 00:18:04] 仓库 https://github.com/w-897/webhtv 无候选文件 (总计 1989 blob, 扩展名过滤 1931, processed_shas 跳过 0, SHA 缓存跳过 58)
[2026-07-12 00:18:04] 🔗 查子仓库: w-897/webhtv
[2026-07-12 00:18:04]   👤 用户仓库: 30 个 → 队列
[2026-07-12 00:18:04]   用户 WindC0X 共查 30 个仓库
[2026-07-12 00:18:04] 仓库 https://github.com/GalaxyTrinf/VerityMod-Proxy-Tool-CLI (分支: main, size: 6KB, pushed: 2026-07-11T11:55:21Z)
[2026-07-12 00:18:04] 🔗 开始 Fork 链追踪 (donotletmedown-xz/sing-box-yg-argo)
[2026-07-12 00:18:04] 🔗 开始 Fork 链追踪 (rowanssv4/VSub-Sanitizer)
[2026-07-12 00:18:04] 🔗 开始 Fork 链追踪 (w-897/webhtv)
[2026-07-12 00:18:18] 仓库 https://github.com/GalaxyTrinf/VerityMod-Proxy-Tool-CLI 候选文件 1 个[2026-07-12 00:18:18]   父仓库: fish2018/webhtv[2026-07-12 00:18:18]   父仓库: yonggekkk/sing-box-yg

[2026-07-12 00:18:18] 👤 遍历用户仓库: rowanssv4

[2026-07-12 00:18:19] 仓库在黑名单中: https://github.com/yonggekkk/sing-box-yg[2026-07-12 00:18:19]   🍴 兄弟仓库: 11 个 → 队列[2026-07-12 00:18:19] 仓库在黑名单中: https://github.com/fish2018/webhtv[2026-07-12 00:18:19]   🍴 兄弟仓库: 30 个 → 队列



[2026-07-12 00:18:19]   父仓库 +0 个节点[2026-07-12 00:18:19] 👤 遍历用户仓库: chaoscard[2026-07-12 00:18:19]   父仓库 +0 个节点[2026-07-12 00:18:19] 👤 遍历用户仓库: gc801



[2026-07-12 00:18:19] README (GalaxyTrinf/VerityMod-Proxy-Tool-CLI) 404，跳过
[2026-07-12 00:18:19] 仓库 https://github.com/GalaxyTrinf/VerityMod-Proxy-Tool-CLI 未提取到节点，加入黑名单
[2026-07-12 00:18:19] 仓库 https://github.com/tangshi757-cmd/wechat-download-api (分支: main, size: 824KB, pushed: 2026-07-11T11:49:13Z)
[2026-07-12 00:18:19]   👤 用户仓库: 30 个 → 队列
[2026-07-12 00:18:19]   用户 SychO3 共查 30 个仓库
[2026-07-12 00:18:19] 仓库 https://github.com/zeasin/qihang-ai-assistant (分支: plan/feishu-freelancer-agent, size: 2405KB, pushed: 2026-07-11T11:35:02Z)
[2026-07-12 00:18:19]   👤 用户仓库: 3 个 → 队列
[2026-07-12 00:18:19]   👤 用户仓库: 8 个 → 队列[2026-07-12 00:18:19]   用户 chaoscard 共查 3 个仓库

[2026-07-12 00:18:19]   用户 rowanssv4 共查 8 个仓库[2026-07-12 00:18:19] 仓库 https://github.com/LogicShao/intern-scout (分支: main, size: 42KB, pushed: 2026-07-11T11:28:52Z)

[2026-07-12 00:18:19] 仓库 https://github.com/mycat1688/nodejs-argo (分支: main, size: 27001KB, pushed: 2026-07-11T11:17:33Z)
[2026-07-12 00:18:19] 仓库 https://github.com/tangshi757-cmd/wechat-download-api 无候选文件 (总计 61 blob, 扩展名过滤 49, processed_shas 跳过 0, SHA 缓存跳过 12)
[2026-07-12 00:18:19] 🔗 查子仓库: tangshi757-cmd/wechat-download-api
[2026-07-12 00:18:19] 仓库 https://github.com/LogicShao/intern-scout 候选文件 3 个
[2026-07-12 00:18:19] 🔗 开始 Fork 链追踪 (tangshi757-cmd/wechat-download-api)
[2026-07-12 00:18:19] 仓库 https://github.com/mycat1688/nodejs-argo 候选文件 1 个
[2026-07-12 00:18:20] 仓库 https://github.com/zeasin/qihang-ai-assistant 候选文件 9 个
[2026-07-12 00:18:20]   🍴 兄弟仓库: 15 个 → 队列
[2026-07-12 00:18:20] 👤 遍历用户仓库: w-897
[2026-07-12 00:18:20] README (mycat1688/nodejs-argo) 404，跳过[2026-07-12 00:18:20]   父仓库: tmwgsicp/wechat-download-api

[2026-07-12 00:18:20] 仓库 https://github.com/mycat1688/nodejs-argo 未提取到节点，加入黑名单[2026-07-12 00:18:20] 仓库在黑名单中: https://github.com/tmwgsicp/wechat-download-api

[2026-07-12 00:18:20]   父仓库 +0 个节点
[2026-07-12 00:18:20] 仓库 https://github.com/TiiJeiJ8/kaoyan-math-ai (分支: main, size: 18595KB, pushed: 2026-07-11T11:05:54Z)
[2026-07-12 00:18:20]   👤 用户仓库: 30 个 → 队列
[2026-07-12 00:18:20]   用户 gc801 共查 30 个仓库
[2026-07-12 00:18:20] 仓库 https://github.com/Kozty119/gpt-load (分支: main, size: 5536KB, pushed: 2026-07-11T11:03:05Z)
[2026-07-12 00:18:20]   🍴 兄弟仓库: 18 个 → 队列
[2026-07-12 00:18:20] 👤 遍历用户仓库: donotletmedown-xz
[2026-07-12 00:18:20]   👤 用户仓库: 11 个 → 队列
[2026-07-12 00:18:20]   用户 w-897 共查 11 个仓库
[2026-07-12 00:18:20] 仓库 https://github.com/HengXin666/HX-Resume (分支: main, size: 2659KB, pushed: 2026-07-11T10:41:37Z)
[2026-07-12 00:18:20] 仓库 https://github.com/LogicShao/intern-scout 未提取到节点，加入黑名单
[2026-07-12 00:18:20] 仓库 https://github.com/hamamj/webhtv (分支: main, size: 925673KB, pushed: 2026-07-11T10:22:23Z)
[2026-07-12 00:18:20] 仓库 https://github.com/Kozty119/gpt-load 无候选文件 (总计 174 blob, 扩展名过滤 144, processed_shas 跳过 0, SHA 缓存跳过 30)
[2026-07-12 00:18:20] 🔗 查子仓库: Kozty119/gpt-load
[2026-07-12 00:18:20] 🔗 开始 Fork 链追踪 (Kozty119/gpt-load)
[2026-07-12 00:18:20] 仓库 https://github.com/HengXin666/HX-Resume 候选文件 10 个
[2026-07-12 00:18:21]   父仓库: tbphp/gpt-load
[2026-07-12 00:18:21] ⏭️ 仓库 https://github.com/tbphp/gpt-load 58h 未更新，跳过
[2026-07-12 00:18:21]   父仓库 +0 个节点
[2026-07-12 00:18:21]   👤 用户仓库: 30 个 → 队列
[2026-07-12 00:18:21]   用户 donotletmedown-xz 共查 30 个仓库
[2026-07-12 00:18:21] 仓库 https://github.com/trybestforbetter/singleR (分支: main, size: 2KB, pushed: 2026-07-11T10:20:37Z)
[2026-07-12 00:18:21] 仓库 https://github.com/TiiJeiJ8/kaoyan-math-ai 候选文件较多 (408 个)，先通过 commits API 过滤
[2026-07-12 00:18:21] 仓库 https://github.com/trybestforbetter/singleR 候选文件 2 个
[2026-07-12 00:18:21] 仓库 https://github.com/zeasin/qihang-ai-assistant README 含广告词，加入黑名单
[2026-07-12 00:18:21] 仓库 https://github.com/smithjohn1998/freeproxy (分支: master, size: 47778KB, pushed: 2026-07-11T10:18:35Z)
[2026-07-12 00:18:21]   🍴 兄弟仓库: 30 个 → 队列[2026-07-12 00:18:21] 仓库 https://github.com/hamamj/webhtv 无候选文件 (总计 1989 blob, 扩展名过滤 1931, processed_shas 跳过 0, SHA 缓存跳过 58)

[2026-07-12 00:18:21] 👤 遍历用户仓库: tangshi757-cmd[2026-07-12 00:18:21] 🔗 查子仓库: hamamj/webhtv

[2026-07-12 00:18:22] 🔗 开始 Fork 链追踪 (hamamj/webhtv)
[2026-07-12 00:18:22] 仓库 https://github.com/smithjohn1998/freeproxy 候选文件 1 个
[2026-07-12 00:18:22] README (trybestforbetter/singleR) 404，跳过
[2026-07-12 00:18:22]   用户 tangshi757-cmd 共查 0 个仓库
[2026-07-12 00:18:22] 仓库 https://github.com/trybestforbetter/singleR 未提取到节点，加入黑名单[2026-07-12 00:18:22] 仓库 https://github.com/sayangmd/iYrrQSAU (分支: main, size: 3KB, pushed: 2026-07-11T10:12:35Z)

[2026-07-12 00:18:22] 仓库 https://github.com/chenzy0001/PodeCode (分支: main, size: 370KB, pushed: 2026-07-11T10:11:28Z)
[2026-07-12 00:18:22]   父仓库: fish2018/webhtv
[2026-07-12 00:18:22] 仓库在黑名单中: https://github.com/fish2018/webhtv
[2026-07-12 00:18:22]   父仓库 +0 个节点
[2026-07-12 00:18:22] 仓库 https://github.com/sayangmd/iYrrQSAU 候选文件 1 个
[2026-07-12 00:18:22]   🍴 兄弟仓库: 30 个 → 队列
[2026-07-12 00:18:22] 👤 遍历用户仓库: Kozty119
[2026-07-12 00:18:22] 仓库 https://github.com/chenzy0001/PodeCode 候选文件 6 个
[2026-07-12 00:18:22] 仓库 https://github.com/sayangmd/iYrrQSAU 未提取到节点，加入黑名单
[2026-07-12 00:18:22] 仓库 https://github.com/sayangmd/LqAyyjkr (分支: main, size: 3KB, pushed: 2026-07-11T10:11:08Z)
[2026-07-12 00:18:23]   👤 用户仓库: 3 个 → 队列
[2026-07-12 00:18:23]   用户 Kozty119 共查 3 个仓库
[2026-07-12 00:18:23] 仓库 https://github.com/Splash04/OpenLoaf (分支: main, size: 201402KB, pushed: 2026-07-11T10:09:01Z)
[2026-07-12 00:18:23] 仓库 https://github.com/sayangmd/LqAyyjkr 候选文件 1 个
[2026-07-12 00:18:23] 👤 遍历用户仓库: hamamj
[2026-07-12 00:18:24] 仓库 https://github.com/HengXin666/HX-Resume 未提取到节点，加入黑名单[2026-07-12 00:18:24] 仓库 https://github.com/sayangmd/LqAyyjkr 未提取到节点，加入黑名单

[2026-07-12 00:18:24] 仓库 https://github.com/iotames/proxypool (分支: master, size: 48KB, pushed: 2026-07-11T10:03:18Z)
[2026-07-12 00:18:24] 仓库 https://github.com/sayangmd/ViybzbzL (分支: main, size: 3KB, pushed: 2026-07-11T10:06:49Z)
[2026-07-12 00:18:24] 仓库 https://github.com/chenzy0001/PodeCode 未提取到节点，加入黑名单[2026-07-12 00:18:24]   👤 用户仓库: 9 个 → 队列

[2026-07-12 00:18:24]   用户 hamamj 共查 9 个仓库
[2026-07-12 00:18:24] 仓库 https://github.com/tianma-if/zhaoming (分支: main, size: 969KB, pushed: 2026-07-11T10:03:05Z)[2026-07-12 00:18:24] 仓库 https://github.com/sayangmd/xtbHAWBl (分支: main, size: 3KB, pushed: 2026-07-11T10:02:40Z)

[2026-07-12 00:18:24] 仓库 https://github.com/sayangmd/ViybzbzL 候选文件 1 个
[2026-07-12 00:18:24] 仓库 https://github.com/iotames/proxypool 候选文件 7 个
[2026-07-12 00:18:24] 仓库 https://github.com/sayangmd/xtbHAWBl 候选文件 1 个
[2026-07-12 00:18:24] 仓库 https://github.com/sayangmd/ViybzbzL 未提取到节点，加入黑名单
[2026-07-12 00:18:25] 仓库 https://github.com/tony0392/ClashForge (分支: main, size: 2684KB, pushed: 2026-07-11T09:58:06Z)
[2026-07-12 00:18:25] 仓库 https://github.com/tianma-if/zhaoming 候选文件 6 个
[2026-07-12 00:18:25]   Compare API 返回 300 个变更文件 (3 次 API 调用)
[2026-07-12 00:18:25]   commits 过滤: 408 → 179 (变更文件 300 个)
[2026-07-12 00:18:25] 仓库 https://github.com/sayangmd/xtbHAWBl 未提取到节点，加入黑名单[2026-07-12 00:18:25] 仓库 https://github.com/TiiJeiJ8/kaoyan-math-ai 候选文件 179 个

[2026-07-12 00:18:25] 仓库 https://github.com/tony0392/ClashForge 候选文件 1 个
[2026-07-12 00:18:25] 仓库 https://github.com/sayangmd/fngkSwOm (分支: main, size: 3KB, pushed: 2026-07-11T09:55:42Z)
[2026-07-12 00:18:26] 仓库 https://github.com/sayangmd/fngkSwOm 候选文件 1 个
[2026-07-12 00:18:26] 仓库 https://github.com/iotames/proxypool 未提取到节点，加入黑名单
[2026-07-12 00:18:26] 仓库 https://github.com/sayangmd/DgmIRpKA (分支: main, size: 3KB, pushed: 2026-07-11T09:52:54Z)[2026-07-12 00:18:26] 🔗 查子仓库: tony0392/ClashForge

[2026-07-12 00:18:26] 仓库 https://github.com/Splash04/OpenLoaf 候选文件较多 (366 个)，先通过 commits API 过滤
[2026-07-12 00:18:26] 仓库 https://github.com/sayangmd/fngkSwOm 未提取到节点，加入黑名单
[2026-07-12 00:18:26] 仓库 https://github.com/tianma-if/zhaoming 未提取到节点，加入黑名单
[2026-07-12 00:18:27] 仓库 https://github.com/sayangmd/DgmIRpKA 候选文件 1 个[2026-07-12 00:18:27] 仓库 https://github.com/sayangmd/zwNeXWnt (分支: main, size: 3KB, pushed: 2026-07-11T09:51:32Z)[2026-07-12 00:18:27] 🔗 开始 Fork 链追踪 (tony0392/ClashForge)


[2026-07-12 00:18:29] 仓库 https://github.com/smithjohn1998/freeproxy README 含广告词，加入黑名单[2026-07-12 00:18:29] 仓库 https://github.com/psikent/surge-log-analyzer (分支: master, size: 8KB, pushed: 2026-07-11T09:47:59Z)

[2026-07-12 00:18:30] 仓库 https://github.com/NevinXuHui/grokbuild-proxy (分支: main, size: 212KB, pushed: 2026-07-11T09:46:28Z)
[2026-07-12 00:18:30]   父仓库: fish2018/ClashForge
[2026-07-12 00:18:30] 仓库在黑名单中: https://github.com/fish2018/ClashForge
[2026-07-12 00:18:30]   父仓库 +0 个节点
[2026-07-12 00:18:30] 仓库 https://github.com/sayangmd/zwNeXWnt 候选文件 1 个
[2026-07-12 00:18:30] 仓库 https://github.com/sayangmd/DgmIRpKA 未提取到节点，加入黑名单
[2026-07-12 00:18:30] 仓库 https://github.com/psikent/surge-log-analyzer 候选文件 2 个
[2026-07-12 00:18:30] 仓库 https://github.com/yomingpan/clipai (分支: main, size: 4495KB, pushed: 2026-07-11T10:01:06Z)
[2026-07-12 00:18:30]   Compare API 返回 88 个变更文件 (3 次 API 调用)
[2026-07-12 00:18:30] 仓库 https://github.com/NevinXuHui/grokbuild-proxy 候选文件 5 个
[2026-07-12 00:18:30]   commits 过滤: 366 → 15 (变更文件 88 个)
[2026-07-12 00:18:30] 仓库 https://github.com/Splash04/OpenLoaf 候选文件 15 个
[2026-07-12 00:18:30] 仓库 https://github.com/sayangmd/zwNeXWnt 未提取到节点，加入黑名单
[2026-07-12 00:18:30] 仓库 https://github.com/lrquor-t/QVMHub (分支: main, size: 3269KB, pushed: 2026-07-11T09:42:09Z)
[2026-07-12 00:18:30] 仓库 https://github.com/yomingpan/clipai 候选文件 23 个
[2026-07-12 00:18:30] README (psikent/surge-log-analyzer) 404，跳过
[2026-07-12 00:18:30] 仓库 https://github.com/psikent/surge-log-analyzer 未提取到节点，加入黑名单
[2026-07-12 00:18:30] 仓库 https://github.com/voldenbar/zbTUCYaO (分支: main, size: 3KB, pushed: 2026-07-11T09:41:09Z)
[2026-07-12 00:18:31] 仓库 https://github.com/TiiJeiJ8/kaoyan-math-ai README 含广告词，加入黑名单
[2026-07-12 00:18:31] 仓库 https://github.com/editfdisk-svg/nodejs-argo (分支: main, size: 27250KB, pushed: 2026-07-11T09:33:43Z)
[2026-07-12 00:18:31] 仓库 https://github.com/voldenbar/zbTUCYaO 候选文件 1 个
[2026-07-12 00:18:31] 仓库 https://github.com/lrquor-t/QVMHub 候选文件 10 个
[2026-07-12 00:18:31] 仓库 https://github.com/yomingpan/clipai 未提取到节点，加入黑名单
[2026-07-12 00:18:31] 仓库 https://github.com/Splash04/OpenLoaf 未提取到节点，加入黑名单
[2026-07-12 00:18:31] 仓库 https://github.com/voldenbar/KNBcRvIu (分支: main, size: 3KB, pushed: 2026-07-11T09:32:39Z)
[2026-07-12 00:18:31] 仓库 https://github.com/editfdisk-svg/nodejs-argo 候选文件 1 个
[2026-07-12 00:18:31] 仓库 https://github.com/voldenbar/mTxBlCwl (分支: main, size: 3KB, pushed: 2026-07-11T09:31:17Z)
[2026-07-12 00:18:31] 仓库 https://github.com/voldenbar/zbTUCYaO 未提取到节点，加入黑名单
[2026-07-12 00:18:31] 仓库 https://github.com/rolte789/lobehub (分支: canary, size: 804071KB, pushed: 2026-07-11T09:30:48Z)
[2026-07-12 00:18:31] 仓库 https://github.com/NevinXuHui/grokbuild-proxy 未提取到节点，加入黑名单
[2026-07-12 00:18:31] 仓库 https://github.com/voldenbar/pLwtHtLK (分支: main, size: 3KB, pushed: 2026-07-11T09:29:53Z)
[2026-07-12 00:18:31] 仓库 https://github.com/voldenbar/KNBcRvIu 候选文件 1 个
[2026-07-12 00:18:32] README (editfdisk-svg/nodejs-argo) 404，跳过
[2026-07-12 00:18:32] 仓库 https://github.com/voldenbar/mTxBlCwl 候选文件 1 个
[2026-07-12 00:18:32] 仓库 https://github.com/editfdisk-svg/nodejs-argo 未提取到节点，加入黑名单
[2026-07-12 00:18:32] 仓库 https://github.com/voldenbar/LNhZOUVC (分支: main, size: 3KB, pushed: 2026-07-11T09:27:01Z)[2026-07-12 00:18:32]   🍴 兄弟仓库: 30 个 → 队列

[2026-07-12 00:18:32] 👤 遍历用户仓库: tony0392
[2026-07-12 00:18:32] 仓库 https://github.com/voldenbar/pLwtHtLK 候选文件 1 个
[2026-07-12 00:18:32] 仓库 https://github.com/voldenbar/mTxBlCwl 未提取到节点，加入黑名单
[2026-07-12 00:18:32] 仓库 https://github.com/voldenbar/KNBcRvIu 未提取到节点，加入黑名单
[2026-07-12 00:18:32] 仓库 https://github.com/2951461586/Grok-Register-Tool (分支: main, size: 410KB, pushed: 2026-07-11T09:24:57Z)
[2026-07-12 00:18:32] 仓库 https://github.com/voldenbar/LNhZOUVC 候选文件 1 个[2026-07-12 00:18:32] 仓库 https://github.com/voldenbar/KGJJqwFV (分支: main, size: 3KB, pushed: 2026-07-11T09:22:54Z)

[2026-07-12 00:18:32] 仓库 https://github.com/voldenbar/pLwtHtLK 未提取到节点，加入黑名单
[2026-07-12 00:18:32] 仓库 https://github.com/ibislon/CEsenjpAen (分支: main, size: 3KB, pushed: 2026-07-11T09:21:10Z)
[2026-07-12 00:18:32] 仓库 https://github.com/2951461586/Grok-Register-Tool 候选文件 14 个
[2026-07-12 00:18:32] 仓库 https://github.com/voldenbar/LNhZOUVC 未提取到节点，加入黑名单
[2026-07-12 00:18:32]   👤 用户仓库: 2 个 → 队列[2026-07-12 00:18:32] 仓库 https://github.com/meakuna/cyCronet (分支: main, size: 354491KB, pushed: 2026-07-11T09:20:09Z)[2026-07-12 00:18:32] 仓库 https://github.com/voldenbar/KGJJqwFV 候选文件 1 个


[2026-07-12 00:18:32] 仓库 https://github.com/ibislon/CEsenjpAen 无候选文件 (总计 1 blob, 扩展名过滤 0, processed_shas 跳过 0, SHA 缓存跳过 1)[2026-07-12 00:18:32]   用户 tony0392 共查 2 个仓库

[2026-07-12 00:18:33] 🔗 查子仓库: ibislon/CEsenjpAen[2026-07-12 00:18:33] 仓库 https://github.com/amd5/requirement-closure (分支: main, size: 18KB, pushed: 2026-07-11T09:19:56Z)

[2026-07-12 00:18:33] 🔗 开始 Fork 链追踪 (ibislon/CEsenjpAen)
[2026-07-12 00:18:33] 仓库 https://github.com/lrquor-t/QVMHub 未提取到节点，加入黑名单
[2026-07-12 00:18:33] 仓库 https://github.com/3048606379/2025-blog-public (分支: main, size: 17942KB, pushed: 2026-07-11T09:33:29Z)
[2026-07-12 00:18:33] 👤 遍历用户仓库: ibislon
[2026-07-12 00:18:33] 仓库 https://github.com/amd5/requirement-closure 候选文件 14 个[2026-07-12 00:18:33] 仓库 https://github.com/voldenbar/KGJJqwFV 未提取到节点，加入黑名单

[2026-07-12 00:18:33] 仓库 https://github.com/ibislon/tLVmJjCgZu (分支: main, size: 3KB, pushed: 2026-07-11T09:18:48Z)
[2026-07-12 00:18:33] 仓库 https://github.com/2951461586/Grok-Register-Tool 未提取到节点，加入黑名单
[2026-07-12 00:18:33] 仓库 https://github.com/crowneddie/eZlmHwhK (分支: main, size: 3KB, pushed: 2026-07-11T09:15:37Z)
[2026-07-12 00:18:33] 仓库 https://github.com/3048606379/2025-blog-public 候选文件 6 个
[2026-07-12 00:18:33] 仓库 https://github.com/ibislon/tLVmJjCgZu 无候选文件 (总计 1 blob, 扩展名过滤 0, processed_shas 跳过 0, SHA 缓存跳过 1)
[2026-07-12 00:18:33] 🔗 查子仓库: ibislon/tLVmJjCgZu
[2026-07-12 00:18:34] 仓库 https://github.com/crowneddie/eZlmHwhK 候选文件 1 个
[2026-07-12 00:18:34] 🔗 开始 Fork 链追踪 (ibislon/tLVmJjCgZu)
[2026-07-12 00:18:34] 仓库 https://github.com/amd5/requirement-closure 未提取到节点，加入黑名单
[2026-07-12 00:18:34] 仓库 https://github.com/ibislon/nAsCESifKr (分支: main, size: 3KB, pushed: 2026-07-11T09:13:08Z)
[2026-07-12 00:18:34] 仓库 https://github.com/crowneddie/eZlmHwhK 未提取到节点，加入黑名单
[2026-07-12 00:18:34] 仓库 https://github.com/crowneddie/xcqRCMvE (分支: main, size: 3KB, pushed: 2026-07-11T09:12:46Z)
[2026-07-12 00:18:34] 👤 遍历用户仓库: ibislon
[2026-07-12 00:18:34] 仓库 https://github.com/ibislon/nAsCESifKr 无候选文件 (总计 1 blob, 扩展名过滤 0, processed_shas 跳过 0, SHA 缓存跳过 1)
[2026-07-12 00:18:34] 🔗 查子仓库: ibislon/nAsCESifKr
[2026-07-12 00:18:34] 🔗 开始 Fork 链追踪 (ibislon/nAsCESifKr)
[2026-07-12 00:18:34] 仓库 https://github.com/crowneddie/xcqRCMvE 候选文件 1 个
[2026-07-12 00:18:34] 仓库 https://github.com/meakuna/cyCronet 候选文件较多 (871 个)，先通过 commits API 过滤
[2026-07-12 00:18:34] 👤 遍历用户仓库: ibislon
[2026-07-12 00:18:34] 仓库 https://github.com/crowneddie/xcqRCMvE 未提取到节点，加入黑名单
[2026-07-12 00:18:34] 仓库 https://github.com/3048606379/2025-blog-public README 含广告词，加入黑名单
[2026-07-12 00:18:34] 仓库 https://github.com/crowneddie/HZpXIPdz (分支: main, size: 3KB, pushed: 2026-07-11T09:11:21Z)
[2026-07-12 00:18:34] 仓库 https://github.com/ibislon/CnKBbWlxbD (分支: main, size: 3KB, pushed: 2026-07-11T09:10:50Z)
[2026-07-12 00:18:35]   commits 过滤: 871 → 0 (变更文件 0 个)
[2026-07-12 00:18:35] 仓库 https://github.com/meakuna/cyCronet 候选文件经时间过滤后为空
[2026-07-12 00:18:35] 🔗 查子仓库: meakuna/cyCronet
[2026-07-12 00:18:35] 仓库 https://github.com/ibislon/CnKBbWlxbD 无候选文件 (总计 1 blob, 扩展名过滤 0, processed_shas 跳过 0, SHA 缓存跳过 1)
[2026-07-12 00:18:35] 🔗 查子仓库: ibislon/CnKBbWlxbD
[2026-07-12 00:18:35] 🔗 开始 Fork 链追踪 (meakuna/cyCronet)
[2026-07-12 00:18:35] 仓库 https://github.com/crowneddie/HZpXIPdz 候选文件 1 个
[2026-07-12 00:18:35] 🔗 开始 Fork 链追踪 (ibislon/CnKBbWlxbD)
[2026-07-12 00:18:35]   父仓库: 2833844911/cyCronet
[2026-07-12 00:18:35] 仓库在黑名单中: https://github.com/2833844911/cyCronet
[2026-07-12 00:18:35]   父仓库 +0 个节点
[2026-07-12 00:18:35] 仓库 https://github.com/crowneddie/HZpXIPdz 未提取到节点，加入黑名单
[2026-07-12 00:18:35] 👤 遍历用户仓库: ibislon[2026-07-12 00:18:35] 仓库 https://github.com/crowneddie/RbGdIhCV (分支: main, size: 3KB, pushed: 2026-07-11T09:09:55Z)

[2026-07-12 00:18:35] 仓库 https://github.com/crowneddie/RbGdIhCV 候选文件 1 个
[2026-07-12 00:18:36] 仓库 https://github.com/crowneddie/RbGdIhCV 未提取到节点，加入黑名单
[2026-07-12 00:18:36] 仓库 https://github.com/ibislon/ApZHPXGYEz (分支: main, size: 3KB, pushed: 2026-07-11T09:09:47Z)
[2026-07-12 00:18:36] 仓库 https://github.com/ibislon/ApZHPXGYEz 无候选文件 (总计 1 blob, 扩展名过滤 0, processed_shas 跳过 0, SHA 缓存跳过 1)
[2026-07-12 00:18:36] 🔗 查子仓库: ibislon/ApZHPXGYEz
[2026-07-12 00:18:36] 🔗 开始 Fork 链追踪 (ibislon/ApZHPXGYEz)
[2026-07-12 00:18:36] 👤 遍历用户仓库: ibislon
[2026-07-12 00:18:37]   🍴 兄弟仓库: 30 个 → 队列
[2026-07-12 00:18:37] 👤 遍历用户仓库: meakuna
[2026-07-12 00:18:37]   👤 用户仓库: 1 个 → 队列
[2026-07-12 00:18:37]   用户 meakuna 共查 1 个仓库
[2026-07-12 00:18:37] 仓库 https://github.com/ibislon/yZUSJTCxMJ (分支: main, size: 3KB, pushed: 2026-07-11T09:08:37Z)
[2026-07-12 00:18:37] 仓库 https://github.com/rolte789/lobehub 候选文件较多 (646 个)，先通过 commits API 过滤
[2026-07-12 00:18:37] 仓库 https://github.com/ibislon/yZUSJTCxMJ 无候选文件 (总计 1 blob, 扩展名过滤 0, processed_shas 跳过 0, SHA 缓存跳过 1)
[2026-07-12 00:18:37] 🔗 查子仓库: ibislon/yZUSJTCxMJ
[2026-07-12 00:18:37] 🔗 开始 Fork 链追踪 (ibislon/yZUSJTCxMJ)
[2026-07-12 00:18:38] 👤 遍历用户仓库: ibislon
[2026-07-12 00:18:38]   👤 用户仓库: 30 个 → 队列
[2026-07-12 00:18:39]   用户 ibislon 共查 30 个仓库
[2026-07-12 00:18:39] 仓库 https://github.com/crowneddie/uewTZytA (分支: main, size: 3KB, pushed: 2026-07-11T09:08:30Z)
[2026-07-12 00:18:39]   👤 用户仓库: 30 个 → 队列
[2026-07-12 00:18:39]   用户 ibislon 共查 30 个仓库
[2026-07-12 00:18:39] 仓库 https://github.com/ibislon/SsYzFLHwfS (分支: main, size: 3KB, pushed: 2026-07-11T09:07:26Z)
[2026-07-12 00:18:39]   👤 用户仓库: 30 个 → 队列
[2026-07-12 00:18:39]   用户 ibislon 共查 30 个仓库
[2026-07-12 00:18:39] 仓库 https://github.com/ibislon/CFlvcZNlMM (分支: main, size: 3KB, pushed: 2026-07-11T09:06:20Z)
[2026-07-12 00:18:39]   Compare API 返回 152 个变更文件 (3 次 API 调用)
[2026-07-12 00:18:39]   commits 过滤: 646 → 24 (变更文件 152 个)
[2026-07-12 00:18:39] 仓库 https://github.com/rolte789/lobehub 候选文件 24 个
[2026-07-12 00:18:39] 仓库 https://github.com/crowneddie/uewTZytA 候选文件 1 个
[2026-07-12 00:18:39] 仓库 https://github.com/ibislon/SsYzFLHwfS 无候选文件 (总计 1 blob, 扩展名过滤 0, processed_shas 跳过 0, SHA 缓存跳过 1)
[2026-07-12 00:18:39] 🔗 查子仓库: ibislon/SsYzFLHwfS
[2026-07-12 00:18:40] 仓库 https://github.com/ibislon/CFlvcZNlMM 无候选文件 (总计 1 blob, 扩展名过滤 0, processed_shas 跳过 0, SHA 缓存跳过 1)[2026-07-12 00:18:40] 🔗 开始 Fork 链追踪 (ibislon/SsYzFLHwfS)

[2026-07-12 00:18:40] 仓库 https://github.com/dengkaitraining/google-ai-tools 未提取到节点，加入黑名单[2026-07-12 00:18:40] 🔗 查子仓库: ibislon/CFlvcZNlMM

[2026-07-12 00:18:40] 仓库 https://github.com/ibislon/IeuDlqwXLj (分支: main, size: 3KB, pushed: 2026-07-11T09:05:09Z)
[2026-07-12 00:18:40] 仓库 https://github.com/crowneddie/uewTZytA 未提取到节点，加入黑名单
[2026-07-12 00:18:40] 🔗 开始 Fork 链追踪 (ibislon/CFlvcZNlMM)
[2026-07-12 00:18:40] 仓库 https://github.com/dollarser/modern-ai-agent-architecture (分支: main, size: 277KB, pushed: 2026-07-11T09:04:52Z)
[2026-07-12 00:18:40]   👤 用户仓库: 30 个 → 队列
[2026-07-12 00:18:40]   用户 ibislon 共查 30 个仓库
[2026-07-12 00:18:40] 仓库 https://github.com/crowneddie/lCLAKAsj (分支: main, size: 3KB, pushed: 2026-07-11T09:04:15Z)
[2026-07-12 00:18:40] 👤 遍历用户仓库: ibislon
[2026-07-12 00:18:40] 👤 遍历用户仓库: ibislon
[2026-07-12 00:18:40] 仓库 https://github.com/ibislon/IeuDlqwXLj 无候选文件 (总计 1 blob, 扩展名过滤 0, processed_shas 跳过 0, SHA 缓存跳过 1)
[2026-07-12 00:18:40] 🔗 查子仓库: ibislon/IeuDlqwXLj
[2026-07-12 00:18:40] 仓库 https://github.com/rolte789/lobehub 未提取到节点，加入黑名单
[2026-07-12 00:18:40] 仓库 https://github.com/ibislon/gRdiRjPfcE (分支: main, size: 3KB, pushed: 2026-07-11T09:04:05Z)
[2026-07-12 00:18:40] 仓库 https://github.com/crowneddie/lCLAKAsj 候选文件 1 个
[2026-07-12 00:18:40] 🔗 开始 Fork 链追踪 (ibislon/IeuDlqwXLj)
[2026-07-12 00:18:40] 仓库 https://github.com/dollarser/modern-ai-agent-architecture 候选文件 80 个
[2026-07-12 00:18:40] 仓库 https://github.com/crowneddie/lCLAKAsj 未提取到节点，加入黑名单
[2026-07-12 00:18:40] 仓库 https://github.com/donetkit/CF-Workers-docker.io (分支: main, size: 37KB, pushed: 2026-07-11T09:03:30Z)
[2026-07-12 00:18:40] 仓库 https://github.com/ibislon/gRdiRjPfcE 无候选文件 (总计 1 blob, 扩展名过滤 0, processed_shas 跳过 0, SHA 缓存跳过 1)
[2026-07-12 00:18:40] 🔗 查子仓库: ibislon/gRdiRjPfcE
[2026-07-12 00:18:40] 👤 遍历用户仓库: ibislon
[2026-07-12 00:18:40] 🔗 开始 Fork 链追踪 (ibislon/gRdiRjPfcE)
[2026-07-12 00:18:40] 👤 遍历用户仓库: ibislon
[2026-07-12 00:18:40] 仓库 https://github.com/donetkit/CF-Workers-docker.io 候选文件 1 个
[2026-07-12 00:18:41] 仓库 https://github.com/donetkit/CF-Workers-docker.io 未提取到节点，加入黑名单
[2026-07-12 00:18:41] 仓库 https://github.com/ibislon/SUPDFMPoDo (分支: main, size: 3KB, pushed: 2026-07-11T09:02:59Z)
[2026-07-12 00:18:41]   👤 用户仓库: 30 个 → 队列
[2026-07-12 00:18:41]   用户 ibislon 共查 30 个仓库
[2026-07-12 00:18:41] 仓库 https://github.com/crowneddie/GuCsCkyI (分支: main, size: 3KB, pushed: 2026-07-11T09:02:49Z)
[2026-07-12 00:18:41] 仓库 https://github.com/dollarser/modern-ai-agent-architecture 未提取到节点，加入黑名单
[2026-07-12 00:18:41] 仓库 https://github.com/crowneddie/ZwWYaaKJ (分支: main, size: 3KB, pushed: 2026-07-11T09:01:23Z)
[2026-07-12 00:18:41] 仓库 https://github.com/ibislon/SUPDFMPoDo 无候选文件 (总计 1 blob, 扩展名过滤 0, processed_shas 跳过 0, SHA 缓存跳过 1)
[2026-07-12 00:18:41] 🔗 查子仓库: ibislon/SUPDFMPoDo
[2026-07-12 00:18:41] 仓库 https://github.com/crowneddie/GuCsCkyI 候选文件 1 个
[2026-07-12 00:18:41] 🔗 开始 Fork 链追踪 (ibislon/SUPDFMPoDo)
[2026-07-12 00:18:41] 仓库 https://github.com/crowneddie/ZwWYaaKJ 候选文件 1 个
[2026-07-12 00:18:41] 仓库 https://github.com/crowneddie/ZwWYaaKJ 未提取到节点，加入黑名单
[2026-07-12 00:18:41] 仓库 https://github.com/crowneddie/KaZAPyVt (分支: main, size: 3KB, pushed: 2026-07-11T08:58:33Z)
[2026-07-12 00:18:41] 👤 遍历用户仓库: ibislon
[2026-07-12 00:18:41] 仓库 https://github.com/crowneddie/GuCsCkyI 未提取到节点，加入黑名单
[2026-07-12 00:18:41] 仓库 https://github.com/crowneddie/IUMvxalZ (分支: main, size: 3KB, pushed: 2026-07-11T08:51:24Z)
[2026-07-12 00:18:41] 仓库 https://github.com/crowneddie/KaZAPyVt 候选文件 1 个
[2026-07-12 00:18:42] 仓库 https://github.com/crowneddie/IUMvxalZ 候选文件 1 个
[2026-07-12 00:18:42] 仓库 https://github.com/crowneddie/KaZAPyVt 未提取到节点，加入黑名单
[2026-07-12 00:18:42] 仓库 https://github.com/lights-rix/KIOvMsJJ (分支: main, size: 3KB, pushed: 2026-07-11T08:48:17Z)
[2026-07-12 00:18:42] 仓库 https://github.com/crowneddie/IUMvxalZ 未提取到节点，加入黑名单
[2026-07-12 00:18:42] 仓库 https://github.com/lights-rix/wsiKgIAk (分支: main, size: 3KB, pushed: 2026-07-11T08:41:05Z)
[2026-07-12 00:18:42]   👤 用户仓库: 30 个 → 队列
[2026-07-12 00:18:42]   用户 ibislon 共查 30 个仓库
[2026-07-12 00:18:42] 仓库 https://github.com/lights-rix/TWRDmqMJ (分支: main, size: 3KB, pushed: 2026-07-11T08:39:38Z)
[2026-07-12 00:18:42] 仓库 https://github.com/lights-rix/KIOvMsJJ 候选文件 1 个
[2026-07-12 00:18:42] 仓库 https://github.com/lights-rix/KIOvMsJJ 未提取到节点，加入黑名单
[2026-07-12 00:18:42] 仓库 https://github.com/aquasofts/emby (分支: main, size: 386KB, pushed: 2026-07-11T08:36:43Z)
[2026-07-12 00:18:42] 仓库 https://github.com/lights-rix/TWRDmqMJ 候选文件 1 个
[2026-07-12 00:18:42] 仓库 https://github.com/lights-rix/wsiKgIAk 候选文件 1 个
[2026-07-12 00:18:42] 仓库 https://github.com/lights-rix/TWRDmqMJ 未提取到节点，加入黑名单
[2026-07-12 00:18:42] 仓库 https://github.com/lights-rix/rCqTCpyy (分支: main, size: 3KB, pushed: 2026-07-11T08:33:56Z)
[2026-07-12 00:18:42] 仓库 https://github.com/lights-rix/wsiKgIAk 未提取到节点，加入黑名单[2026-07-12 00:18:42] 仓库 https://github.com/aquasofts/emby 候选文件 12 个

[2026-07-12 00:18:42] 仓库 https://github.com/lights-rix/BNRodaAf (分支: main, size: 3KB, pushed: 2026-07-11T08:31:03Z)
[2026-07-12 00:18:42]   👤 用户仓库: 30 个 → 队列
[2026-07-12 00:18:42]   用户 ibislon 共查 30 个仓库
[2026-07-12 00:18:42] 仓库 https://github.com/lights-rix/HTYpZkTP (分支: main, size: 3KB, pushed: 2026-07-11T08:29:39Z)
[2026-07-12 00:18:42]   👤 用户仓库: 30 个 → 队列
[2026-07-12 00:18:42]   用户 ibislon 共查 30 个仓库
[2026-07-12 00:18:42] 仓库 https://github.com/lights-rix/WBtSHRoO (分支: main, size: 3KB, pushed: 2026-07-11T08:26:54Z)
[2026-07-12 00:18:42] 仓库 https://github.com/aquasofts/emby 未提取到节点，加入黑名单
[2026-07-12 00:18:42] 仓库 https://github.com/molamolaxxx/cmd-proxy (分支: master, size: 658KB, pushed: 2026-07-11T08:21:30Z)
[2026-07-12 00:18:42] 仓库 https://github.com/lights-rix/rCqTCpyy 候选文件 1 个
[2026-07-12 00:18:42] 仓库 https://github.com/lights-rix/BNRodaAf 候选文件 1 个
[2026-07-12 00:18:42] 仓库 https://github.com/lights-rix/HTYpZkTP 候选文件 1 个
[2026-07-12 00:18:42]   👤 用户仓库: 30 个 → 队列
[2026-07-12 00:18:42]   用户 ibislon 共查 30 个仓库
[2026-07-12 00:18:42] 仓库 https://github.com/nanxias/nodejs-argo0 (分支: main, size: 27040KB, pushed: 2026-07-11T08:20:12Z)
[2026-07-12 00:18:43] 仓库 https://github.com/lights-rix/rCqTCpyy 未提取到节点，加入黑名单
[2026-07-12 00:18:43] 仓库 https://github.com/gogoore/pcRqhHCs (分支: main, size: 3KB, pushed: 2026-07-11T08:15:29Z)
[2026-07-12 00:18:43] 仓库 https://github.com/lights-rix/BNRodaAf 未提取到节点，加入黑名单
[2026-07-12 00:18:43] 仓库 https://github.com/gogoore/qGUYJPlm (分支: main, size: 3KB, pushed: 2026-07-11T08:12:36Z)
[2026-07-12 00:18:43] 仓库 https://github.com/lights-rix/HTYpZkTP 未提取到节点，加入黑名单
[2026-07-12 00:18:43] 仓库 https://github.com/gogoore/aaFXbHDQ (分支: main, size: 3KB, pushed: 2026-07-11T08:09:48Z)
[2026-07-12 00:18:43] 仓库 https://github.com/lights-rix/WBtSHRoO 候选文件 1 个
[2026-07-12 00:18:43] 仓库 https://github.com/molamolaxxx/cmd-proxy 无候选文件 (总计 108 blob, 扩展名过滤 104, processed_shas 跳过 0, SHA 缓存跳过 4)
[2026-07-12 00:18:43] 🔗 查子仓库: molamolaxxx/cmd-proxy
[2026-07-12 00:18:43]   👤 用户仓库: 30 个 → 队列
[2026-07-12 00:18:43]   用户 ibislon 共查 30 个仓库
[2026-07-12 00:18:43] 仓库 https://github.com/gogoore/grsSGySd (分支: main, size: 3KB, pushed: 2026-07-11T08:07:03Z)
[2026-07-12 00:18:43] 仓库 https://github.com/nanxias/nodejs-argo0 候选文件 1 个
[2026-07-12 00:18:43] 🔗 开始 Fork 链追踪 (molamolaxxx/cmd-proxy)
[2026-07-12 00:18:43] 仓库 https://github.com/lights-rix/WBtSHRoO 未提取到节点，加入黑名单
[2026-07-12 00:18:43] 仓库 https://github.com/gogoore/KkERyAFP (分支: main, size: 3KB, pushed: 2026-07-11T08:05:41Z)
[2026-07-12 00:18:43] 仓库 https://github.com/gogoore/pcRqhHCs 候选文件 1 个
[2026-07-12 00:18:43] 仓库 https://github.com/gogoore/qGUYJPlm 候选文件 1 个
[2026-07-12 00:18:43] 仓库 https://github.com/gogoore/aaFXbHDQ 候选文件 1 个
[2026-07-12 00:18:43] 👤 遍历用户仓库: molamolaxxx
[2026-07-12 00:18:43] README (nanxias/nodejs-argo0) 404，跳过
[2026-07-12 00:18:43] 仓库 https://github.com/nanxias/nodejs-argo0 未提取到节点，加入黑名单
[2026-07-12 00:18:43] 仓库 https://github.com/gogoore/SoUFstss (分支: main, size: 3KB, pushed: 2026-07-11T08:04:15Z)
[2026-07-12 00:18:43] 仓库 https://github.com/gogoore/grsSGySd 候选文件 1 个
[2026-07-12 00:18:43] 仓库 https://github.com/gogoore/pcRqhHCs 未提取到节点，加入黑名单
[2026-07-12 00:18:43] 仓库 https://github.com/gogoore/dIdaZBLO (分支: main, size: 3KB, pushed: 2026-07-11T07:58:40Z)
[2026-07-12 00:18:43] 仓库 https://github.com/gogoore/qGUYJPlm 未提取到节点，加入黑名单
[2026-07-12 00:18:43] 仓库 https://github.com/ijabyregra/WCZiRJhXdf (分支: main, size: 3KB, pushed: 2026-07-11T07:57:44Z)
[2026-07-12 00:18:43] 仓库 https://github.com/gogoore/KkERyAFP 候选文件 1 个
[2026-07-12 00:18:43] 仓库 https://github.com/gogoore/grsSGySd 未提取到节点，加入黑名单
[2026-07-12 00:18:43] 仓库 https://github.com/henryz78/grokbuild-proxy (分支: main, size: 197KB, pushed: 2026-07-11T07:57:42Z)
[2026-07-12 00:18:43] 仓库 https://github.com/gogoore/aaFXbHDQ 未提取到节点，加入黑名单
[2026-07-12 00:18:43] 仓库 https://github.com/Greysea905/GeminiProxy-Sims4 (分支: main, size: 3KB, pushed: 2026-07-11T07:55:55Z)
[2026-07-12 00:18:43] 仓库 https://github.com/gogoore/SoUFstss 候选文件 1 个
[2026-07-12 00:18:43] 仓库 https://github.com/gogoore/KkERyAFP 未提取到节点，加入黑名单
[2026-07-12 00:18:43] 仓库 https://github.com/gogoore/ZAzjyalo (分支: main, size: 3KB, pushed: 2026-07-11T07:55:48Z)
[2026-07-12 00:18:43] 仓库 https://github.com/gogoore/dIdaZBLO 候选文件 1 个
[2026-07-12 00:18:43] 仓库 https://github.com/ijabyregra/WCZiRJhXdf 无候选文件 (总计 1 blob, 扩展名过滤 0, processed_shas 跳过 0, SHA 缓存跳过 1)
[2026-07-12 00:18:43] 🔗 查子仓库: ijabyregra/WCZiRJhXdf
[2026-07-12 00:18:43] 仓库 https://github.com/henryz78/grokbuild-proxy 候选文件 5 个
[2026-07-12 00:18:43] 🔗 开始 Fork 链追踪 (ijabyregra/WCZiRJhXdf)
[2026-07-12 00:18:43] 仓库 https://github.com/gogoore/SoUFstss 未提取到节点，加入黑名单
[2026-07-12 00:18:43] 仓库 https://github.com/ijabyregra/TjUpYSYmXP (分支: main, size: 3KB, pushed: 2026-07-11T07:55:26Z)
[2026-07-12 00:18:43] 仓库 https://github.com/Greysea905/GeminiProxy-Sims4 无候选文件 (总计 2 blob, 扩展名过滤 2, processed_shas 跳过 0, SHA 缓存跳过 0)
[2026-07-12 00:18:43] 仓库 https://github.com/gogoore/dIdaZBLO 未提取到节点，加入黑名单
[2026-07-12 00:18:43] 仓库 https://github.com/gogoore/srJHoJTs (分支: main, size: 3KB, pushed: 2026-07-11T07:54:22Z)
[2026-07-12 00:18:43] 仓库 https://github.com/gogoore/ZAzjyalo 候选文件 1 个
[2026-07-12 00:18:43] README (Greysea905/GeminiProxy-Sims4) 404，跳过
[2026-07-12 00:18:43] 仓库 https://github.com/Greysea905/GeminiProxy-Sims4 未提取到节点，加入黑名单
[2026-07-12 00:18:43] 仓库 https://github.com/hartlez022/GqxouLQcyT (分支: main, size: 3KB, pushed: 2026-07-11T07:51:50Z)
[2026-07-12 00:18:43] 👤 遍历用户仓库: ijabyregra
[2026-07-12 00:18:43]   👤 用户仓库: 30 个 → 队列
[2026-07-12 00:18:43]   用户 ibislon 共查 30 个仓库
[2026-07-12 00:18:43] 仓库 https://github.com/owenbrave/gJuORgQg (分支: main, size: 3KB, pushed: 2026-07-11T07:51:23Z)
[2026-07-12 00:18:43] 仓库 https://github.com/ijabyregra/TjUpYSYmXP 无候选文件 (总计 1 blob, 扩展名过滤 0, processed_shas 跳过 0, SHA 缓存跳过 1)
[2026-07-12 00:18:43] 🔗 查子仓库: ijabyregra/TjUpYSYmXP
[2026-07-12 00:18:43] 仓库 https://github.com/gogoore/srJHoJTs 候选文件 1 个
[2026-07-12 00:18:44] 仓库 https://github.com/gogoore/ZAzjyalo 未提取到节点，加入黑名单
[2026-07-12 00:18:44] 仓库 https://github.com/hartlez022/whQPQeuimP (分支: main, size: 3KB, pushed: 2026-07-11T07:50:45Z)
[2026-07-12 00:18:44] 🔗 开始 Fork 链追踪 (ijabyregra/TjUpYSYmXP)
[2026-07-12 00:18:44] 仓库 https://github.com/hartlez022/GqxouLQcyT 无候选文件 (总计 1 blob, 扩展名过滤 0, processed_shas 跳过 0, SHA 缓存跳过 1)
[2026-07-12 00:18:44] 🔗 查子仓库: hartlez022/GqxouLQcyT
[2026-07-12 00:18:44] 仓库 https://github.com/gogoore/srJHoJTs 未提取到节点，加入黑名单
[2026-07-12 00:18:44] 仓库 https://github.com/owenbrave/LxGmJKxw (分支: main, size: 3KB, pushed: 2026-07-11T07:47:09Z)
[2026-07-12 00:18:44] 仓库 https://github.com/owenbrave/gJuORgQg 候选文件 1 个
[2026-07-12 00:18:44] 🔗 开始 Fork 链追踪 (hartlez022/GqxouLQcyT)
[2026-07-12 00:18:44] 👤 遍历用户仓库: ijabyregra
[2026-07-12 00:18:44] 仓库 https://github.com/hartlez022/whQPQeuimP 无候选文件 (总计 1 blob, 扩展名过滤 0, processed_shas 跳过 0, SHA 缓存跳过 1)
[2026-07-12 00:18:44] 🔗 查子仓库: hartlez022/whQPQeuimP
[2026-07-12 00:18:44] 仓库 https://github.com/henryz78/grokbuild-proxy 未提取到节点，加入黑名单
[2026-07-12 00:18:44] 仓库 https://github.com/owenbrave/HsfHITWH (分支: main, size: 3KB, pushed: 2026-07-11T07:45:43Z)
[2026-07-12 00:18:44] 仓库 https://github.com/owenbrave/gJuORgQg 未提取到节点，加入黑名单
[2026-07-12 00:18:44] 仓库 https://github.com/hartlez022/fDobLuJIZn (分支: main, size: 3KB, pushed: 2026-07-11T07:43:55Z)
[2026-07-12 00:18:44] 🔗 开始 Fork 链追踪 (hartlez022/whQPQeuimP)
[2026-07-12 00:18:44] 仓库 https://github.com/owenbrave/LxGmJKxw 候选文件 1 个
[2026-07-12 00:18:44] 👤 遍历用户仓库: hartlez022
[2026-07-12 00:18:44]   👤 用户仓库: 30 个 → 队列
[2026-07-12 00:18:44]   用户 molamolaxxx 共查 30 个仓库
[2026-07-12 00:18:44] 仓库 https://github.com/hartlez022/oSgfgwkcoh (分支: main, size: 3KB, pushed: 2026-07-11T07:39:28Z)
[2026-07-12 00:18:44] 仓库 https://github.com/owenbrave/LxGmJKxw 未提取到节点，加入黑名单
[2026-07-12 00:18:44] ⚠️ 仓库 https://github.com/HermAgent/devtether 大小为 0，跳过
[2026-07-12 00:18:44] 仓库 https://github.com/owenbrave/PbojQaCK (分支: main, size: 3KB, pushed: 2026-07-11T07:38:43Z)
[2026-07-12 00:18:44] 👤 遍历用户仓库: hartlez022
[2026-07-12 00:18:44] 仓库 https://github.com/owenbrave/HsfHITWH 候选文件 1 个
[2026-07-12 00:18:44] 仓库 https://github.com/hartlez022/fDobLuJIZn 无候选文件 (总计 1 blob, 扩展名过滤 0, processed_shas 跳过 0, SHA 缓存跳过 1)
[2026-07-12 00:18:44] 🔗 查子仓库: hartlez022/fDobLuJIZn
[2026-07-12 00:18:44] 🔗 开始 Fork 链追踪 (hartlez022/fDobLuJIZn)
[2026-07-12 00:18:44] 仓库 https://github.com/owenbrave/HsfHITWH 未提取到节点，加入黑名单
[2026-07-12 00:18:44] 仓库 https://github.com/hartlez022/TuwlpcBqth (分支: main, size: 3KB, pushed: 2026-07-11T07:38:18Z)
[2026-07-12 00:18:44] 仓库 https://github.com/owenbrave/PbojQaCK 候选文件 1 个[2026-07-12 00:18:44] 仓库 https://github.com/hartlez022/oSgfgwkcoh 无候选文件 (总计 1 blob, 扩展名过滤 0, processed_shas 跳过 0, SHA 缓存跳过 1)

[2026-07-12 00:18:44] 🔗 查子仓库: hartlez022/oSgfgwkcoh
[2026-07-12 00:18:44] 👤 遍历用户仓库: hartlez022
[2026-07-12 00:18:44] 🔗 开始 Fork 链追踪 (hartlez022/oSgfgwkcoh)
[2026-07-12 00:18:44] 仓库 https://github.com/owenbrave/PbojQaCK 未提取到节点，加入黑名单
[2026-07-12 00:18:44] 仓库 https://github.com/owenbrave/qZckmgds (分支: main, size: 3KB, pushed: 2026-07-11T07:37:19Z)
[2026-07-12 00:18:44] 仓库 https://github.com/hartlez022/TuwlpcBqth 无候选文件 (总计 1 blob, 扩展名过滤 0, processed_shas 跳过 0, SHA 缓存跳过 1)
[2026-07-12 00:18:44] 🔗 查子仓库: hartlez022/TuwlpcBqth
[2026-07-12 00:18:44] 🔗 开始 Fork 链追踪 (hartlez022/TuwlpcBqth)
[2026-07-12 00:18:44] 👤 遍历用户仓库: hartlez022
[2026-07-12 00:18:45] 仓库 https://github.com/owenbrave/qZckmgds 候选文件 1 个
[2026-07-12 00:18:45] 👤 遍历用户仓库: hartlez022
[2026-07-12 00:18:45] 仓库 https://github.com/owenbrave/qZckmgds 未提取到节点，加入黑名单
[2026-07-12 00:18:45] 仓库 https://github.com/hartlez022/wkTGroRfFu (分支: main, size: 3KB, pushed: 2026-07-11T07:37:02Z)
[2026-07-12 00:18:45] 仓库 https://github.com/hartlez022/wkTGroRfFu 无候选文件 (总计 1 blob, 扩展名过滤 0, processed_shas 跳过 0, SHA 缓存跳过 1)
[2026-07-12 00:18:45] 🔗 查子仓库: hartlez022/wkTGroRfFu
[2026-07-12 00:18:45] 🔗 开始 Fork 链追踪 (hartlez022/wkTGroRfFu)
[2026-07-12 00:18:45] 👤 遍历用户仓库: hartlez022
[2026-07-12 00:18:47]   👤 用户仓库: 30 个 → 队列
[2026-07-12 00:18:47]   用户 ijabyregra 共查 30 个仓库
[2026-07-12 00:18:47]   👤 用户仓库: 30 个 → 队列[2026-07-12 00:18:47] 仓库 https://github.com/owenbrave/ECfxTSTA (分支: main, size: 3KB, pushed: 2026-07-11T07:35:55Z)

[2026-07-12 00:18:47]   用户 ijabyregra 共查 30 个仓库
[2026-07-12 00:18:47] 仓库 https://github.com/hartlez022/CWtxPQZund (分支: main, size: 3KB, pushed: 2026-07-11T07:35:53Z)
[2026-07-12 00:18:47] 仓库 https://github.com/owenbrave/ECfxTSTA 候选文件 1 个
[2026-07-12 00:18:47] 仓库 https://github.com/hartlez022/CWtxPQZund 无候选文件 (总计 1 blob, 扩展名过滤 0, processed_shas 跳过 0, SHA 缓存跳过 1)
[2026-07-12 00:18:47] 🔗 查子仓库: hartlez022/CWtxPQZund
[2026-07-12 00:18:47] 🔗 开始 Fork 链追踪 (hartlez022/CWtxPQZund)
[2026-07-12 00:18:47] 仓库 https://github.com/owenbrave/ECfxTSTA 未提取到节点，加入黑名单
[2026-07-12 00:18:47] 仓库 https://github.com/hartlez022/LKJCqJpPup (分支: main, size: 3KB, pushed: 2026-07-11T07:34:48Z)
[2026-07-12 00:18:48] 👤 遍历用户仓库: hartlez022
[2026-07-12 00:18:48]   👤 用户仓库: 30 个 → 队列
[2026-07-12 00:18:48]   用户 hartlez022 共查 30 个仓库
[2026-07-12 00:18:48] 仓库 https://github.com/hartlez022/rbNQopJqDh (分支: main, size: 3KB, pushed: 2026-07-11T07:33:41Z)
[2026-07-12 00:18:48]   👤 用户仓库: 30 个 → 队列
[2026-07-12 00:18:48]   用户 hartlez022 共查 30 个仓库
[2026-07-12 00:18:48] 仓库 https://github.com/owenbrave/vyBvZGRd (分支: main, size: 3KB, pushed: 2026-07-11T07:33:07Z)
[2026-07-12 00:18:48]   👤 用户仓库: 30 个 → 队列
[2026-07-12 00:18:48]   用户 hartlez022 共查 30 个仓库
[2026-07-12 00:18:48] 仓库 https://github.com/owenbrave/ypNJABsK (分支: main, size: 3KB, pushed: 2026-07-11T07:31:47Z)
[2026-07-12 00:18:48]   👤 用户仓库: 30 个 → 队列[2026-07-12 00:18:48]   👤 用户仓库: 30 个 → 队列
[2026-07-12 00:18:48]   用户 hartlez022 共查 30 个仓库[2026-07-12 00:18:48]   👤 用户仓库: 30 个 → 队列
[2026-07-12 00:18:48]   用户 hartlez022 共查 30 个仓库
[2026-07-12 00:18:48] 仓库 https://github.com/hartlez022/hGJUNmNlkO (分支: main, size: 3KB, pushed: 2026-07-11T07:31:29Z)
[2026-07-12 00:18:48]   用户 hartlez022 共查 30 个仓库
[2026-07-12 00:18:48] 仓库 https://github.com/owenbrave/LvcZrQaU (分支: main, size: 3KB, pushed: 2026-07-11T07:30:24Z)

[2026-07-12 00:18:48] 仓库 https://github.com/cauwen/SwSsxRXzvt (分支: main, size: 3KB, pushed: 2026-07-11T07:30:12Z)

[2026-07-12 00:18:48] 仓库 https://github.com/hartlez022/LKJCqJpPup 无候选文件 (总计 1 blob, 扩展名过滤 0, processed_shas 跳过 0, SHA 缓存跳过 1)
[2026-07-12 00:18:48] 🔗 查子仓库: hartlez022/LKJCqJpPup
[2026-07-12 00:18:48] 🔗 开始 Fork 链追踪 (hartlez022/LKJCqJpPup)
[2026-07-12 00:18:48] 仓库 https://github.com/owenbrave/vyBvZGRd 候选文件 1 个[2026-07-12 00:18:48] 仓库 https://github.com/owenbrave/ypNJABsK 候选文件 1 个

[2026-07-12 00:18:48] 仓库 https://github.com/hartlez022/rbNQopJqDh 无候选文件 (总计 1 blob, 扩展名过滤 0, processed_shas 跳过 0, SHA 缓存跳过 1)
[2026-07-12 00:18:48] 🔗 查子仓库: hartlez022/rbNQopJqDh
[2026-07-12 00:18:48] 仓库 https://github.com/owenbrave/LvcZrQaU 候选文件 1 个
[2026-07-12 00:18:48] 仓库 https://github.com/hartlez022/hGJUNmNlkO 无候选文件 (总计 1 blob, 扩展名过滤 0, processed_shas 跳过 0, SHA 缓存跳过 1)
[2026-07-12 00:18:48] 🔗 查子仓库: hartlez022/hGJUNmNlkO
[2026-07-12 00:18:48] 仓库 https://github.com/cauwen/SwSsxRXzvt 无候选文件 (总计 1 blob, 扩展名过滤 0, processed_shas 跳过 0, SHA 缓存跳过 1)
[2026-07-12 00:18:48] 🔗 查子仓库: cauwen/SwSsxRXzvt
[2026-07-12 00:18:48] 👤 遍历用户仓库: hartlez022
[2026-07-12 00:18:48] 🔗 开始 Fork 链追踪 (hartlez022/rbNQopJqDh)
[2026-07-12 00:18:48] 🔗 开始 Fork 链追踪 (hartlez022/hGJUNmNlkO)
[2026-07-12 00:18:48] 🔗 开始 Fork 链追踪 (cauwen/SwSsxRXzvt)
[2026-07-12 00:18:48] ⏱️ [59/122] 代理 pushed:>2026-07-10T15:34:46Z fork:true -language:HTML | 595s | +4364
[2026-07-12 00:18:48] 仓库 https://github.com/owenbrave/ypNJABsK 未提取到节点，加入黑名单
[2026-07-12 00:18:48] 仓库 https://github.com/jccgjccg/Cloudflare_vless_trojan (分支: main, size: 165676KB, pushed: 2026-07-11T07:29:54Z)
[2026-07-12 00:18:48] 仓库 https://github.com/owenbrave/vyBvZGRd 未提取到节点，加入黑名单
[2026-07-12 00:18:48] 仓库 https://github.com/cauwen/TmGVfcjdFC (分支: main, size: 3KB, pushed: 2026-07-11T07:29:07Z)
[2026-07-12 00:18:48] 仓库 https://github.com/owenbrave/LvcZrQaU 未提取到节点，加入黑名单
[2026-07-12 00:18:48] 仓库 https://github.com/cauwen/bbQyQWVkol (分支: main, size: 3KB, pushed: 2026-07-11T07:26:57Z)
[2026-07-12 00:18:48] 👤 遍历用户仓库: hartlez022
[2026-07-12 00:18:48] 👤 遍历用户仓库: hartlez022
[2026-07-12 00:18:48] 👤 遍历用户仓库: cauwen
[2026-07-12 00:18:48] 仓库 https://github.com/cauwen/TmGVfcjdFC 无候选文件 (总计 1 blob, 扩展名过滤 0, processed_shas 跳过 0, SHA 缓存跳过 1)
[2026-07-12 00:18:48] 🔗 查子仓库: cauwen/TmGVfcjdFC
[2026-07-12 00:18:48] 仓库 https://github.com/cauwen/bbQyQWVkol 无候选文件 (总计 1 blob, 扩展名过滤 0, processed_shas 跳过 0, SHA 缓存跳过 1)
[2026-07-12 00:18:48] 🔗 查子仓库: cauwen/bbQyQWVkol
[2026-07-12 00:18:48] 仓库 https://github.com/jccgjccg/Cloudflare_vless_trojan 无候选文件 (总计 47 blob, 扩展名过滤 24, processed_shas 跳过 0, SHA 缓存跳过 23)
[2026-07-12 00:18:48] 🔗 查子仓库: jccgjccg/Cloudflare_vless_trojan
[2026-07-12 00:18:48] 🔗 开始 Fork 链追踪 (cauwen/bbQyQWVkol)
[2026-07-12 00:18:48] 🔗 开始 Fork 链追踪 (cauwen/TmGVfcjdFC)
[2026-07-12 00:18:48] 🔗 开始 Fork 链追踪 (jccgjccg/Cloudflare_vless_trojan)
[2026-07-12 00:18:49] 👤 遍历用户仓库: cauwen
[2026-07-12 00:18:49] 👤 遍历用户仓库: cauwen
[2026-07-12 00:18:49]   父仓库: yonggekkk/Cloudflare-vless-trojan
[2026-07-12 00:18:49] 仓库在黑名单中: https://github.com/yonggekkk/Cloudflare-vless-trojan
[2026-07-12 00:18:49]   父仓库 +0 个节点
[2026-07-12 00:18:50]   👤 用户仓库: 30 个 → 队列
[2026-07-12 00:18:50]   用户 hartlez022 共查 30 个仓库
[2026-07-12 00:18:50] 仓库 https://github.com/davidtall/openwrt-daede (分支: main, size: 1100KB, pushed: 2026-07-11T07:26:07Z)
[2026-07-12 00:18:50] 仓库 https://github.com/davidtall/openwrt-daede 候选文件 3 个
[2026-07-12 00:18:50]   👤 用户仓库: 30 个 → 队列
[2026-07-12 00:18:50]   用户 hartlez022 共查 30 个仓库
[2026-07-12 00:18:50] 仓库 https://github.com/cauwen/LHREKUPyZM (分支: main, size: 3KB, pushed: 2026-07-11T07:24:40Z)
[2026-07-12 00:18:50]   👤 用户仓库: 30 个 → 队列
[2026-07-12 00:18:50]   用户 hartlez022 共查 30 个仓库
[2026-07-12 00:18:50] 仓库 https://github.com/rufus567ba/PdRtRZQa (分支: main, size: 3KB, pushed: 2026-07-11T07:24:39Z)
[2026-07-12 00:18:50] 仓库 https://github.com/cauwen/LHREKUPyZM 无候选文件 (总计 1 blob, 扩展名过滤 0, processed_shas 跳过 0, SHA 缓存跳过 1)
[2026-07-12 00:18:50] 🔗 查子仓库: cauwen/LHREKUPyZM
[2026-07-12 00:18:50]   👤 用户仓库: 30 个 → 队列
[2026-07-12 00:18:50]   用户 hartlez022 共查 30 个仓库
[2026-07-12 00:18:50] 仓库 https://github.com/cauwen/oqijfbnQAV (分支: main, size: 3KB, pushed: 2026-07-11T07:23:38Z)
[2026-07-12 00:18:50] 🔗 开始 Fork 链追踪 (cauwen/LHREKUPyZM)
[2026-07-12 00:18:50] 仓库 https://github.com/davidtall/openwrt-daede 未提取到节点，加入黑名单
[2026-07-12 00:18:50] 仓库 https://github.com/cauwen/aVqUSRTpzH (分支: main, size: 3KB, pushed: 2026-07-11T07:22:35Z)
[2026-07-12 00:18:51] 仓库 https://github.com/rufus567ba/PdRtRZQa 候选文件 1 个
[2026-07-12 00:18:51] 仓库 https://github.com/cauwen/oqijfbnQAV 无候选文件 (总计 1 blob, 扩展名过滤 0, processed_shas 跳过 0, SHA 缓存跳过 1)
[2026-07-12 00:18:51] 🔗 查子仓库: cauwen/oqijfbnQAV
[2026-07-12 00:18:51]   🍴 兄弟仓库: 24 个 → 队列
[2026-07-12 00:18:51] 👤 遍历用户仓库: jccgjccg
[2026-07-12 00:18:51] 👤 遍历用户仓库: cauwen
[2026-07-12 00:18:51] 🔗 开始 Fork 链追踪 (cauwen/oqijfbnQAV)
[2026-07-12 00:18:51] 仓库 https://github.com/rufus567ba/PdRtRZQa 未提取到节点，加入黑名单
[2026-07-12 00:18:51] 仓库 https://github.com/cauwen/wmrarPOTFJ (分支: main, size: 3KB, pushed: 2026-07-11T07:21:25Z)
[2026-07-12 00:18:51] 仓库 https://github.com/cauwen/aVqUSRTpzH 无候选文件 (总计 1 blob, 扩展名过滤 0, processed_shas 跳过 0, SHA 缓存跳过 1)
[2026-07-12 00:18:51] 🔗 查子仓库: cauwen/aVqUSRTpzH
[2026-07-12 00:18:51] 🔗 开始 Fork 链追踪 (cauwen/aVqUSRTpzH)
[2026-07-12 00:18:51] 👤 遍历用户仓库: cauwen
[2026-07-12 00:18:51] 仓库 https://github.com/cauwen/wmrarPOTFJ 无候选文件 (总计 1 blob, 扩展名过滤 0, processed_shas 跳过 0, SHA 缓存跳过 1)
[2026-07-12 00:18:51] 🔗 查子仓库: cauwen/wmrarPOTFJ
[2026-07-12 00:18:51] 🔗 开始 Fork 链追踪 (cauwen/wmrarPOTFJ)
[2026-07-12 00:18:51] 👤 遍历用户仓库: cauwen
[2026-07-12 00:18:51] 👤 遍历用户仓库: cauwen
[2026-07-12 00:18:51]   👤 用户仓库: 20 个 → 队列
[2026-07-12 00:18:51]   用户 jccgjccg 共查 20 个仓库
[2026-07-12 00:18:51] 仓库 https://github.com/cauwen/bFfqgpOjtQ (分支: main, size: 3KB, pushed: 2026-07-11T07:20:14Z)
[2026-07-12 00:18:51] 仓库 https://github.com/cauwen/bFfqgpOjtQ 无候选文件 (总计 1 blob, 扩展名过滤 0, processed_shas 跳过 0, SHA 缓存跳过 1)
[2026-07-12 00:18:51] 🔗 查子仓库: cauwen/bFfqgpOjtQ
[2026-07-12 00:18:52]   👤 用户仓库: 30 个 → 队列[2026-07-12 00:18:52] 🔗 开始 Fork 链追踪 (cauwen/bFfqgpOjtQ)
[2026-07-12 00:18:52]   用户 cauwen 共查 30 个仓库

[2026-07-12 00:18:52] 仓库 https://github.com/rufus567ba/YloiWUnd (分支: main, size: 3KB, pushed: 2026-07-11T07:16:08Z)
[2026-07-12 00:18:52]   👤 用户仓库: 30 个 → 队列
[2026-07-12 00:18:52]   用户 cauwen 共查 30 个仓库
[2026-07-12 00:18:52] 仓库 https://github.com/rufus567ba/fKAxUoGB (分支: main, size: 3KB, pushed: 2026-07-11T07:13:14Z)
[2026-07-12 00:18:52]   👤 用户仓库: 30 个 → 队列
[2026-07-12 00:18:52]   用户 cauwen 共查 30 个仓库
[2026-07-12 00:18:52] 仓库 https://github.com/cauwen/GZQGbNWCpk (分支: main, size: 3KB, pushed: 2026-07-11T07:09:04Z)
[2026-07-12 00:18:52] 👤 遍历用户仓库: cauwen
[2026-07-12 00:18:52] 仓库 https://github.com/rufus567ba/YloiWUnd 候选文件 1 个
[2026-07-12 00:18:52] 仓库 https://github.com/cauwen/GZQGbNWCpk 无候选文件 (总计 1 blob, 扩展名过滤 0, processed_shas 跳过 0, SHA 缓存跳过 1)
[2026-07-12 00:18:52] 🔗 查子仓库: cauwen/GZQGbNWCpk
[2026-07-12 00:18:52] 仓库 https://github.com/rufus567ba/fKAxUoGB 候选文件 1 个
[2026-07-12 00:18:52] 🔗 开始 Fork 链追踪 (cauwen/GZQGbNWCpk)
[2026-07-12 00:18:52] 仓库 https://github.com/rufus567ba/YloiWUnd 未提取到节点，加入黑名单
[2026-07-12 00:18:52] 仓库 https://github.com/rufus567ba/APUZUUNG (分支: main, size: 3KB, pushed: 2026-07-11T07:07:37Z)
[2026-07-12 00:18:52] 仓库 https://github.com/rufus567ba/fKAxUoGB 未提取到节点，加入黑名单
[2026-07-12 00:18:52] 仓库 https://github.com/jahnfrens/rdjbHgtHfA (分支: main, size: 3KB, pushed: 2026-07-11T07:05:33Z)
[2026-07-12 00:18:52] 👤 遍历用户仓库: cauwen
[2026-07-12 00:18:52] 仓库 https://github.com/rufus567ba/APUZUUNG 候选文件 1 个
[2026-07-12 00:18:52] 仓库 https://github.com/jahnfrens/rdjbHgtHfA 无候选文件 (总计 1 blob, 扩展名过滤 0, processed_shas 跳过 0, SHA 缓存跳过 1)
[2026-07-12 00:18:52] 🔗 查子仓库: jahnfrens/rdjbHgtHfA
[2026-07-12 00:18:52] 🔗 开始 Fork 链追踪 (jahnfrens/rdjbHgtHfA)
[2026-07-12 00:18:52] 仓库 https://github.com/rufus567ba/APUZUUNG 未提取到节点，加入黑名单
[2026-07-12 00:18:52] 仓库 https://github.com/jahnfrens/BDMvnZhTsd (分支: main, size: 3KB, pushed: 2026-07-11T07:04:26Z)
[2026-07-12 00:18:52] 👤 遍历用户仓库: jahnfrens
[2026-07-12 00:18:52] 仓库 https://github.com/jahnfrens/BDMvnZhTsd 无候选文件 (总计 1 blob, 扩展名过滤 0, processed_shas 跳过 0, SHA 缓存跳过 1)
[2026-07-12 00:18:52] 🔗 查子仓库: jahnfrens/BDMvnZhTsd
[2026-07-12 00:18:53] 🔗 开始 Fork 链追踪 (jahnfrens/BDMvnZhTsd)
[2026-07-12 00:18:53] 👤 遍历用户仓库: jahnfrens
[2026-07-12 00:18:53]   👤 用户仓库: 30 个 → 队列
[2026-07-12 00:18:53]   用户 cauwen 共查 30 个仓库
[2026-07-12 00:18:53] 仓库 https://github.com/rufus567ba/VrTkrQxd (分支: main, size: 3KB, pushed: 2026-07-11T07:03:27Z)
[2026-07-12 00:18:53]   👤 用户仓库: 30 个 → 队列
[2026-07-12 00:18:53]   用户 cauwen 共查 30 个仓库
[2026-07-12 00:18:53] 仓库 https://github.com/jahnfrens/nXhUVvXToX (分支: main, size: 3KB, pushed: 2026-07-11T07:03:17Z)
[2026-07-12 00:18:53] 仓库 https://github.com/rufus567ba/VrTkrQxd 候选文件 1 个
[2026-07-12 00:18:53] 仓库 https://github.com/jahnfrens/nXhUVvXToX 无候选文件 (总计 1 blob, 扩展名过滤 0, processed_shas 跳过 0, SHA 缓存跳过 1)
[2026-07-12 00:18:53] 🔗 查子仓库: jahnfrens/nXhUVvXToX
[2026-07-12 00:18:53]   👤 用户仓库: 30 个 → 队列
[2026-07-12 00:18:53]   用户 cauwen 共查 30 个仓库
[2026-07-12 00:18:53] 仓库 https://github.com/jahnfrens/ftZkfUHxJh (分支: main, size: 3KB, pushed: 2026-07-11T07:02:10Z)
[2026-07-12 00:18:53] 仓库 https://github.com/rufus567ba/VrTkrQxd 未提取到节点，加入黑名单
[2026-07-12 00:18:53] 仓库 https://github.com/rufus567ba/jFaLHEOc (分支: main, size: 3KB, pushed: 2026-07-11T07:00:36Z)
[2026-07-12 00:18:53] 🔗 开始 Fork 链追踪 (jahnfrens/nXhUVvXToX)
[2026-07-12 00:18:53]   👤 用户仓库: 30 个 → 队列
[2026-07-12 00:18:53]   用户 cauwen 共查 30 个仓库
[2026-07-12 00:18:53] 仓库 https://github.com/jahnfrens/jOyQcnxtme (分支: main, size: 3KB, pushed: 2026-07-11T06:59:52Z)
[2026-07-12 00:18:53] 👤 遍历用户仓库: jahnfrens
[2026-07-12 00:18:53] 仓库 https://github.com/jahnfrens/ftZkfUHxJh 无候选文件 (总计 1 blob, 扩展名过滤 0, processed_shas 跳过 0, SHA 缓存跳过 1)
[2026-07-12 00:18:53] 🔗 查子仓库: jahnfrens/ftZkfUHxJh
[2026-07-12 00:18:53] 仓库 https://github.com/rufus567ba/jFaLHEOc 候选文件 1 个
[2026-07-12 00:18:53] 🔗 开始 Fork 链追踪 (jahnfrens/ftZkfUHxJh)
[2026-07-12 00:18:53] 仓库 https://github.com/rufus567ba/jFaLHEOc 未提取到节点，加入黑名单
[2026-07-12 00:18:53] 仓库 https://github.com/jahnfrens/zXuRtqKJZB (分支: main, size: 3KB, pushed: 2026-07-11T06:58:43Z)
[2026-07-12 00:18:54] 仓库 https://github.com/jahnfrens/jOyQcnxtme 无候选文件 (总计 1 blob, 扩展名过滤 0, processed_shas 跳过 0, SHA 缓存跳过 1)
[2026-07-12 00:18:54] 🔗 查子仓库: jahnfrens/jOyQcnxtme
[2026-07-12 00:18:54] 👤 遍历用户仓库: jahnfrens
[2026-07-12 00:18:54] 🔗 开始 Fork 链追踪 (jahnfrens/jOyQcnxtme)
[2026-07-12 00:18:54] 仓库 https://github.com/jahnfrens/zXuRtqKJZB 无候选文件 (总计 1 blob, 扩展名过滤 0, processed_shas 跳过 0, SHA 缓存跳过 1)
[2026-07-12 00:18:54] 🔗 查子仓库: jahnfrens/zXuRtqKJZB
[2026-07-12 00:18:54]   👤 用户仓库: 30 个 → 队列
[2026-07-12 00:18:54]   用户 cauwen 共查 30 个仓库
[2026-07-12 00:18:54] 仓库 https://github.com/jahnfrens/skZNdxiyKs (分支: main, size: 3KB, pushed: 2026-07-11T06:57:37Z)
[2026-07-12 00:18:54] 👤 遍历用户仓库: jahnfrens
[2026-07-12 00:18:54] 🔗 开始 Fork 链追踪 (jahnfrens/zXuRtqKJZB)
[2026-07-12 00:18:54] 👤 遍历用户仓库: jahnfrens
[2026-07-12 00:18:54] 仓库 https://github.com/jahnfrens/skZNdxiyKs 无候选文件 (总计 1 blob, 扩展名过滤 0, processed_shas 跳过 0, SHA 缓存跳过 1)
[2026-07-12 00:18:54] 🔗 查子仓库: jahnfrens/skZNdxiyKs
[2026-07-12 00:18:54] 🔗 开始 Fork 链追踪 (jahnfrens/skZNdxiyKs)
[2026-07-12 00:18:54]   👤 用户仓库: 30 个 → 队列
[2026-07-12 00:18:54]   用户 cauwen 共查 30 个仓库
[2026-07-12 00:18:54] 仓库 https://github.com/longcom20/Cloudflare_vless_trojan (分支: main, size: 165676KB, pushed: 2026-07-11T06:56:55Z)
[2026-07-12 00:18:54] 👤 遍历用户仓库: jahnfrens
[2026-07-12 00:18:54] 仓库 https://github.com/longcom20/Cloudflare_vless_trojan 无候选文件 (总计 47 blob, 扩展名过滤 24, processed_shas 跳过 0, SHA 缓存跳过 23)
[2026-07-12 00:18:54] 🔗 查子仓库: longcom20/Cloudflare_vless_trojan
[2026-07-12 00:18:54] 🔗 开始 Fork 链追踪 (longcom20/Cloudflare_vless_trojan)
[2026-07-12 00:18:55]   父仓库: yonggekkk/Cloudflare-vless-trojan
[2026-07-12 00:18:55] 仓库在黑名单中: https://github.com/yonggekkk/Cloudflare-vless-trojan
[2026-07-12 00:18:55]   父仓库 +0 个节点
[2026-07-12 00:18:55] ⏱️ [60/122] 免费ssr节点 pushed:>2026-07-10T15:34:46Z fork:true -language:HTM | 7s | +0
[2026-07-12 00:18:56]   👤 用户仓库: 30 个 → 队列
[2026-07-12 00:18:56]   用户 jahnfrens 共查 30 个仓库
[2026-07-12 00:18:56] 仓库 https://github.com/xkeyC/codex2api (分支: main, size: 8848KB, pushed: 2026-07-11T06:56:52Z)
[2026-07-12 00:18:56]   👤 用户仓库: 30 个 → 队列
[2026-07-12 00:18:56]   用户 jahnfrens 共查 30 个仓库
[2026-07-12 00:18:56] 仓库 https://github.com/jahnfrens/jWZIeLqfQO (分支: main, size: 3KB, pushed: 2026-07-11T06:56:29Z)
[2026-07-12 00:18:56]   👤 用户仓库: 30 个 → 队列
[2026-07-12 00:18:56]   用户 jahnfrens 共查 30 个仓库
[2026-07-12 00:18:56] 仓库 https://github.com/jahnfrens/jydkXxdtQo (分支: main, size: 3KB, pushed: 2026-07-11T06:55:23Z)
[2026-07-12 00:18:56] 仓库 https://github.com/xkeyC/codex2api 候选文件 10 个
[2026-07-12 00:18:56] 仓库 https://github.com/jahnfrens/jWZIeLqfQO 无候选文件 (总计 1 blob, 扩展名过滤 0, processed_shas 跳过 0, SHA 缓存跳过 1)
[2026-07-12 00:18:56] 🔗 查子仓库: jahnfrens/jWZIeLqfQO
[2026-07-12 00:18:56] 仓库 https://github.com/jahnfrens/jydkXxdtQo 无候选文件 (总计 1 blob, 扩展名过滤 0, processed_shas 跳过 0, SHA 缓存跳过 1)
[2026-07-12 00:18:56] 🔗 查子仓库: jahnfrens/jydkXxdtQo
[2026-07-12 00:18:56] 🔗 开始 Fork 链追踪 (jahnfrens/jWZIeLqfQO)
[2026-07-12 00:18:56] 🔗 开始 Fork 链追踪 (jahnfrens/jydkXxdtQo)
[2026-07-12 00:18:56] 👤 遍历用户仓库: jahnfrens
[2026-07-12 00:18:56] 👤 遍历用户仓库: jahnfrens
[2026-07-12 00:18:57] 👤 遍历用户仓库: longcom20
[2026-07-12 00:18:57]   👤 用户仓库: 30 个 → 队列
[2026-07-12 00:18:57]   用户 jahnfrens 共查 30 个仓库
[2026-07-12 00:18:57] 仓库 https://github.com/jahnfrens/rjiiyCkmbz (分支: main, size: 3KB, pushed: 2026-07-11T06:52:03Z)
[2026-07-12 00:18:57]   👤 用户仓库: 30 个 → 队列
[2026-07-12 00:18:57]   用户 jahnfrens 共查 30 个仓库
[2026-07-12 00:18:57]   👤 用户仓库: 30 个 → 队列
[2026-07-12 00:18:57] 仓库 https://github.com/boom5497/vTBVdwdK (分支: main, size: 3KB, pushed: 2026-07-11T06:52:02Z)
[2026-07-12 00:18:57]   用户 jahnfrens 共查 30 个仓库
[2026-07-12 00:18:57] 仓库 https://github.com/boom5497/uIuwaRxh (分支: main, size: 3KB, pushed: 2026-07-11T06:50:36Z)
[2026-07-12 00:18:57]   👤 用户仓库: 30 个 → 队列
[2026-07-12 00:18:57]   用户 jahnfrens 共查 30 个仓库
[2026-07-12 00:18:57] 仓库 https://github.com/jahnfrens/OjKpXSKLHe (分支: main, size: 3KB, pushed: 2026-07-11T06:47:34Z)
[2026-07-12 00:18:57] 仓库 https://github.com/jahnfrens/rjiiyCkmbz 无候选文件 (总计 1 blob, 扩展名过滤 0, processed_shas 跳过 0, SHA 缓存跳过 1)
[2026-07-12 00:18:57] 🔗 查子仓库: jahnfrens/rjiiyCkmbz
[2026-07-12 00:18:57] 仓库 https://github.com/jahnfrens/OjKpXSKLHe 无候选文件 (总计 1 blob, 扩展名过滤 0, processed_shas 跳过 0, SHA 缓存跳过 1)
[2026-07-12 00:18:57] 🔗 查子仓库: jahnfrens/OjKpXSKLHe
[2026-07-12 00:18:57] 仓库 https://github.com/boom5497/vTBVdwdK 候选文件 1 个
[2026-07-12 00:18:57] 仓库 https://github.com/boom5497/uIuwaRxh 候选文件 1 个
[2026-07-12 00:18:57] 🔗 开始 Fork 链追踪 (jahnfrens/OjKpXSKLHe)
[2026-07-12 00:18:57] 🔗 开始 Fork 链追踪 (jahnfrens/rjiiyCkmbz)
[2026-07-12 00:18:57]   👤 用户仓库: 10 个 → 队列
[2026-07-12 00:18:57]   用户 longcom20 共查 10 个仓库
[2026-07-12 00:18:57] 仓库 https://github.com/doomispawd/ZctLGrHWNF (分支: main, size: 3KB, pushed: 2026-07-11T06:45:19Z)
[2026-07-12 00:18:57] 仓库 https://github.com/boom5497/vTBVdwdK 未提取到节点，加入黑名单
[2026-07-12 00:18:57] 仓库 https://github.com/boom5497/zQZTpnXU (分支: main, size: 3KB, pushed: 2026-07-11T06:43:32Z)
[2026-07-12 00:18:57] 仓库 https://github.com/boom5497/uIuwaRxh 未提取到节点，加入黑名单
[2026-07-12 00:18:57] 仓库 https://github.com/doomispawd/NpMkHqnFUp (分支: main, size: 3KB, pushed: 2026-07-11T06:43:00Z)
[2026-07-12 00:18:57] 👤 遍历用户仓库: jahnfrens
[2026-07-12 00:18:57] 👤 遍历用户仓库: jahnfrens
[2026-07-12 00:18:57] 仓库 https://github.com/doomispawd/ZctLGrHWNF 无候选文件 (总计 1 blob, 扩展名过滤 0, processed_shas 跳过 0, SHA 缓存跳过 1)
[2026-07-12 00:18:57] 🔗 查子仓库: doomispawd/ZctLGrHWNF
[2026-07-12 00:18:57] 仓库 https://github.com/doomispawd/NpMkHqnFUp 无候选文件 (总计 1 blob, 扩展名过滤 0, processed_shas 跳过 0, SHA 缓存跳过 1)
[2026-07-12 00:18:57] 🔗 查子仓库: doomispawd/NpMkHqnFUp
[2026-07-12 00:18:57] 仓库 https://github.com/boom5497/zQZTpnXU 候选文件 1 个
[2026-07-12 00:18:57] 🔗 开始 Fork 链追踪 (doomispawd/ZctLGrHWNF)
[2026-07-12 00:18:58] 🔗 开始 Fork 链追踪 (doomispawd/NpMkHqnFUp)
[2026-07-12 00:18:58] 仓库 https://github.com/boom5497/zQZTpnXU 未提取到节点，加入黑名单
[2026-07-12 00:18:58] 仓库 https://github.com/doomispawd/typOWHZqmN (分支: main, size: 3KB, pushed: 2026-07-11T06:40:43Z)
[2026-07-12 00:18:58] 👤 遍历用户仓库: doomispawd[2026-07-12 00:18:58] 👤 遍历用户仓库: doomispawd

[2026-07-12 00:18:58] 仓库 https://github.com/doomispawd/typOWHZqmN 无候选文件 (总计 1 blob, 扩展名过滤 0, processed_shas 跳过 0, SHA 缓存跳过 1)
[2026-07-12 00:18:58] 🔗 查子仓库: doomispawd/typOWHZqmN
[2026-07-12 00:18:58] ⏱️ [61/122] 免费vless节点 pushed:>2026-07-10T15:34:46Z fork:true -language:H | 3s | +0
[2026-07-12 00:18:58] 🔗 开始 Fork 链追踪 (doomispawd/typOWHZqmN)
[2026-07-12 00:18:58] 👤 遍历用户仓库: doomispawd
[2026-07-12 00:18:59] 仓库 https://github.com/xkeyC/codex2api 未提取到节点，加入黑名单
[2026-07-12 00:18:59] 仓库 https://github.com/doomispawd/OeBVKORuOg (分支: main, size: 3KB, pushed: 2026-07-11T06:39:36Z)
[2026-07-12 00:18:59] 仓库 https://github.com/doomispawd/OeBVKORuOg 无候选文件 (总计 1 blob, 扩展名过滤 0, processed_shas 跳过 0, SHA 缓存跳过 1)
[2026-07-12 00:18:59] 🔗 查子仓库: doomispawd/OeBVKORuOg
[2026-07-12 00:18:59] 🔗 开始 Fork 链追踪 (doomispawd/OeBVKORuOg)
[2026-07-12 00:18:59]   👤 用户仓库: 30 个 → 队列
[2026-07-12 00:18:59]   用户 jahnfrens 共查 30 个仓库
[2026-07-12 00:18:59] 仓库 https://github.com/doomispawd/LZjwKsKSbp (分支: main, size: 3KB, pushed: 2026-07-11T06:38:29Z)
[2026-07-12 00:18:59] 👤 遍历用户仓库: doomispawd
[2026-07-12 00:18:59]   👤 用户仓库: 30 个 → 队列
[2026-07-12 00:18:59]   用户 jahnfrens 共查 30 个仓库
[2026-07-12 00:18:59] 仓库 https://github.com/boom5497/ldTKHpyn (分支: main, size: 3KB, pushed: 2026-07-11T06:37:56Z)
[2026-07-12 00:18:59] 仓库 https://github.com/doomispawd/LZjwKsKSbp 无候选文件 (总计 1 blob, 扩展名过滤 0, processed_shas 跳过 0, SHA 缓存跳过 1)
[2026-07-12 00:18:59] 🔗 查子仓库: doomispawd/LZjwKsKSbp
[2026-07-12 00:18:59] 🔗 开始 Fork 链追踪 (doomispawd/LZjwKsKSbp)
[2026-07-12 00:18:59] 仓库 https://github.com/boom5497/ldTKHpyn 候选文件 1 个
[2026-07-12 00:18:59] 👤 遍历用户仓库: doomispawd
[2026-07-12 00:19:00] 仓库 https://github.com/boom5497/ldTKHpyn 未提取到节点，加入黑名单
[2026-07-12 00:19:00] 仓库 https://github.com/boom5497/fRLhJsOi (分支: main, size: 3KB, pushed: 2026-07-11T06:36:33Z)
[2026-07-12 00:19:00] 仓库 https://github.com/boom5497/fRLhJsOi 候选文件 1 个
[2026-07-12 00:19:00] 仓库 https://github.com/boom5497/fRLhJsOi 未提取到节点，加入黑名单
[2026-07-12 00:19:00] 仓库 https://github.com/doomispawd/KJkbcoXJtZ (分支: main, size: 3KB, pushed: 2026-07-11T06:36:22Z)
[2026-07-12 00:19:00]   👤 用户仓库: 30 个 → 队列
[2026-07-12 00:19:00]   用户 jahnfrens 共查 30 个仓库
[2026-07-12 00:19:00] 仓库 https://github.com/boom5497/RervYBEz (分支: main, size: 3KB, pushed: 2026-07-11T06:35:10Z)
[2026-07-12 00:19:00]   👤 用户仓库: 30 个 → 队列
[2026-07-12 00:19:00]   用户 jahnfrens 共查 30 个仓库
[2026-07-12 00:19:00] 仓库 https://github.com/boom5497/XqjUAVGv (分支: main, size: 3KB, pushed: 2026-07-11T06:33:47Z)
[2026-07-12 00:19:00] 仓库 https://github.com/doomispawd/KJkbcoXJtZ 无候选文件 (总计 1 blob, 扩展名过滤 0, processed_shas 跳过 0, SHA 缓存跳过 1)
[2026-07-12 00:19:00] 🔗 查子仓库: doomispawd/KJkbcoXJtZ
[2026-07-12 00:19:00] 仓库 https://github.com/boom5497/RervYBEz 候选文件 1 个
[2026-07-12 00:19:00] 🔗 开始 Fork 链追踪 (doomispawd/KJkbcoXJtZ)
[2026-07-12 00:19:00] 仓库 https://github.com/boom5497/XqjUAVGv 候选文件 1 个
[2026-07-12 00:19:00] 仓库 https://github.com/boom5497/RervYBEz 未提取到节点，加入黑名单
[2026-07-12 00:19:00] 仓库 https://github.com/fengcc-hub/library-management-system (分支: main, size: 1289KB, pushed: 2026-07-11T06:33:11Z)
[2026-07-12 00:19:00] 👤 遍历用户仓库: doomispawd
[2026-07-12 00:19:00] 仓库 https://github.com/boom5497/XqjUAVGv 未提取到节点，加入黑名单
[2026-07-12 00:19:00] 仓库 https://github.com/boom5497/uWdWjgxN (分支: main, size: 3KB, pushed: 2026-07-11T06:32:23Z)
[2026-07-12 00:19:00] ⏱️ [62/122] 免费reality节点 pushed:>2026-07-10T15:34:46Z fork:true -language | 2s | +0
[2026-07-12 00:19:01] 仓库 https://github.com/fengcc-hub/library-management-system 候选文件 5 个
[2026-07-12 00:19:01] 仓库 https://github.com/boom5497/uWdWjgxN 候选文件 1 个
[2026-07-12 00:19:01] 仓库 https://github.com/boom5497/uWdWjgxN 未提取到节点，加入黑名单
[2026-07-12 00:19:01] 仓库 https://github.com/boom5497/pNnWjnHh (分支: main, size: 3KB, pushed: 2026-07-11T06:31:01Z)
[2026-07-12 00:19:01] 仓库 https://github.com/boom5497/pNnWjnHh 候选文件 1 个
[2026-07-12 00:19:01] 仓库 https://github.com/boom5497/pNnWjnHh 未提取到节点，加入黑名单
[2026-07-12 00:19:01] 仓库 https://github.com/boom5497/XPxvmahd (分支: main, size: 3KB, pushed: 2026-07-11T06:29:34Z)
[2026-07-12 00:19:01]   👤 用户仓库: 30 个 → 队列[2026-07-12 00:19:01]   👤 用户仓库: 30 个 → 队列

[2026-07-12 00:19:01] 仓库 https://github.com/boom5497/XPxvmahd 候选文件 1 个
[2026-07-12 00:19:01]   用户 doomispawd 共查 30 个仓库[2026-07-12 00:19:01]   用户 doomispawd 共查 30 个仓库

[2026-07-12 00:19:02] 仓库 https://github.com/doomispawd/edfNeyRYej (分支: main, size: 3KB, pushed: 2026-07-11T06:28:05Z)
[2026-07-12 00:19:02] 仓库 https://github.com/atrago/ZfCiFPFn (分支: main, size: 3KB, pushed: 2026-07-11T06:28:00Z)
[2026-07-12 00:19:02]   👤 用户仓库: 30 个 → 队列
[2026-07-12 00:19:02]   用户 doomispawd 共查 30 个仓库
[2026-07-12 00:19:02] 仓库 https://github.com/brightmann/2bp (分支: main, size: 17205KB, pushed: 2026-07-11T06:27:24Z)
[2026-07-12 00:19:02]   👤 用户仓库: 30 个 → 队列
[2026-07-12 00:19:02]   用户 doomispawd 共查 30 个仓库
[2026-07-12 00:19:02] 仓库 https://github.com/doomispawd/xRTfnCLcFK (分支: main, size: 3KB, pushed: 2026-07-11T06:27:02Z)
[2026-07-12 00:19:02] 仓库 https://github.com/boom5497/XPxvmahd 未提取到节点，加入黑名单
[2026-07-12 00:19:02] 仓库 https://github.com/atrago/McHNYxIF (分支: main, size: 1KB, pushed: 2026-07-11T06:22:23Z)
[2026-07-12 00:19:02] 仓库 https://github.com/fengcc-hub/library-management-system 未提取到节点，加入黑名单
[2026-07-12 00:19:02] 仓库 https://github.com/rolte789/Kun (分支: master, size: 242036KB, pushed: 2026-07-11T06:19:24Z)
[2026-07-12 00:19:02]   👤 用户仓库: 30 个 → 队列
[2026-07-12 00:19:02]   用户 doomispawd 共查 30 个仓库
[2026-07-12 00:19:02] 仓库 https://github.com/waveXu/headroom (分支: main, size: 61878KB, pushed: 2026-07-11T06:16:55Z)
[2026-07-12 00:19:02] 仓库 https://github.com/doomispawd/edfNeyRYej 候选文件 1 个
[2026-07-12 00:19:02] 仓库 https://github.com/atrago/ZfCiFPFn 候选文件 1 个
[2026-07-12 00:19:02] 仓库 https://github.com/atrago/McHNYxIF 无候选文件 (总计 1 blob, 扩展名过滤 0, processed_shas 跳过 0, SHA 缓存跳过 1)
[2026-07-12 00:19:02] 🔗 查子仓库: atrago/McHNYxIF
[2026-07-12 00:19:02] 仓库 https://github.com/doomispawd/xRTfnCLcFK 候选文件 1 个
[2026-07-12 00:19:02] 仓库 https://github.com/brightmann/2bp 候选文件 7 个
[2026-07-12 00:19:02] 🔗 开始 Fork 链追踪 (atrago/McHNYxIF)
[2026-07-12 00:19:02] 仓库 https://github.com/doomispawd/edfNeyRYej README 含广告词，加入黑名单
[2026-07-12 00:19:02] 仓库 https://github.com/atrago/pqrIcYvc (分支: main, size: 1KB, pushed: 2026-07-11T06:16:42Z)
[2026-07-12 00:19:02] 仓库 https://github.com/rolte789/Kun 候选文件较多 (112 个)，先通过 commits API 过滤
[2026-07-12 00:19:02] 仓库 https://github.com/waveXu/headroom 候选文件 44 个
[2026-07-12 00:19:02] 仓库 https://github.com/atrago/ZfCiFPFn 未提取到节点，加入黑名单
[2026-07-12 00:19:02] 仓库 https://github.com/atrago/GkUwvtMc (分支: main, size: 1KB, pushed: 2026-07-11T06:13:49Z)
[2026-07-12 00:19:02] 👤 遍历用户仓库: atrago
[2026-07-12 00:19:02] 仓库 https://github.com/doomispawd/xRTfnCLcFK README 含广告词，加入黑名单
[2026-07-12 00:19:02] 仓库 https://github.com/DF-Guan/ai-website-cloner-template (分支: master, size: 818KB, pushed: 2026-07-11T06:12:11Z)
[2026-07-12 00:19:02] 仓库 https://github.com/atrago/pqrIcYvc 无候选文件 (总计 1 blob, 扩展名过滤 0, processed_shas 跳过 0, SHA 缓存跳过 1)
[2026-07-12 00:19:02] 🔗 查子仓库: atrago/pqrIcYvc
[2026-07-12 00:19:02] 🔗 开始 Fork 链追踪 (atrago/pqrIcYvc)[2026-07-12 00:19:02] 仓库 https://github.com/atrago/GkUwvtMc 无候选文件 (总计 1 blob, 扩展名过滤 0, processed_shas 跳过 0, SHA 缓存跳过 1)
[2026-07-12 00:19:03]   commits 过滤: 112 → 0 (变更文件 0 个)

[2026-07-12 00:19:03] 🔗 查子仓库: atrago/GkUwvtMc
[2026-07-12 00:19:03] 仓库 https://github.com/rolte789/Kun 候选文件经时间过滤后为空
[2026-07-12 00:19:03] 仓库 https://github.com/DF-Guan/ai-website-cloner-template 无候选文件 (总计 61 blob, 扩展名过滤 15, processed_shas 跳过 0, SHA 缓存跳过 46)[2026-07-12 00:19:03] 🔗 查子仓库: rolte789/Kun

[2026-07-12 00:19:03] 🔗 查子仓库: DF-Guan/ai-website-cloner-template
[2026-07-12 00:19:03] 🔗 开始 Fork 链追踪 (atrago/GkUwvtMc)[2026-07-12 00:19:03] 🔗 开始 Fork 链追踪 (DF-Guan/ai-website-cloner-template)[2026-07-12 00:19:03] 🔗 开始 Fork 链追踪 (rolte789/Kun)

[2026-07-12 00:19:03] 👤 遍历用户仓库: atrago

[2026-07-12 00:19:03] ⏱️ [63/122] 免费tuic节点 pushed:>2026-07-10T15:34:46Z fork:true -language:HT | 3s | +0[2026-07-12 00:19:03] 👤 遍历用户仓库: atrago

[2026-07-12 00:19:03] 👤 遍历用户仓库: DF-Guan
[2026-07-12 00:19:03]   父仓库: KunAgent/Kun
[2026-07-12 00:19:03] 仓库 https://github.com/KunAgent/Kun (分支: master, size: 242040KB, pushed: 2026-07-11T11:22:23Z)
[2026-07-12 00:19:03] 仓库 https://github.com/brightmann/2bp README 含广告词，加入黑名单
[2026-07-12 00:19:04] 仓库 https://github.com/atrago/zFOuecka (分支: main, size: 1KB, pushed: 2026-07-11T06:10:59Z)
[2026-07-12 00:19:04] 仓库 https://github.com/waveXu/headroom 未提取到节点，加入黑名单
[2026-07-12 00:19:04] 仓库 https://github.com/atrago/kzFGimaR (分支: main, size: 1KB, pushed: 2026-07-11T06:08:09Z)
[2026-07-12 00:19:04] 仓库 https://github.com/KunAgent/Kun 无候选文件 (总计 1760 blob, 扩展名过滤 1628, processed_shas 跳过 0, SHA 缓存跳过 132)
[2026-07-12 00:19:04] 👤 遍历用户仓库: KunAgent
[2026-07-12 00:19:04]   👤 用户仓库: 9 个 → 队列
[2026-07-12 00:19:04]   用户 DF-Guan 共查 9 个仓库
[2026-07-12 00:19:04] 仓库 https://github.com/Ocean-kang/AI-Workflow-Prompts (分支: main, size: 104KB, pushed: 2026-07-11T05:54:58Z)
[2026-07-12 00:19:04] 仓库 https://github.com/atrago/zFOuecka 无候选文件 (总计 1 blob, 扩展名过滤 0, processed_shas 跳过 0, SHA 缓存跳过 1)
[2026-07-12 00:19:04] 🔗 查子仓库: atrago/zFOuecka
[2026-07-12 00:19:04] 仓库 https://github.com/atrago/kzFGimaR 无候选文件 (总计 1 blob, 扩展名过滤 0, processed_shas 跳过 0, SHA 缓存跳过 1)
[2026-07-12 00:19:04] 🔗 查子仓库: atrago/kzFGimaR
[2026-07-12 00:19:04]   👤 用户仓库: 1 个 → 队列
[2026-07-12 00:19:04]   用户 KunAgent 共查 1 个仓库
[2026-07-12 00:19:04]   父仓库 +0 个节点
[2026-07-12 00:19:04] 🔗 开始 Fork 链追踪 (atrago/zFOuecka)
[2026-07-12 00:19:04] 仓库 https://github.com/Ocean-kang/AI-Workflow-Prompts 候选文件 22 个
[2026-07-12 00:19:04] 🔗 开始 Fork 链追踪 (atrago/kzFGimaR)
[2026-07-12 00:19:04] 👤 遍历用户仓库: atrago
[2026-07-12 00:19:04]   👤 用户仓库: 30 个 → 队列
[2026-07-12 00:19:04]   用户 doomispawd 共查 30 个仓库
[2026-07-12 00:19:04] 仓库 https://github.com/xuchaoji/moon-bridge (分支: main, size: 8504KB, pushed: 2026-07-11T05:50:48Z)
[2026-07-12 00:19:04] 👤 遍历用户仓库: atrago
[2026-07-12 00:19:04] 仓库 https://github.com/Ocean-kang/AI-Workflow-Prompts 未提取到节点，加入黑名单
[2026-07-12 00:19:04] 仓库 https://github.com/waveXu/codebase-memory-mcp (分支: main, size: 173291KB, pushed: 2026-07-11T05:43:00Z)
[2026-07-12 00:19:04] 仓库 https://github.com/xuchaoji/moon-bridge 无候选文件 (总计 367 blob, 扩展名过滤 325, processed_shas 跳过 0, SHA 缓存跳过 42)
[2026-07-12 00:19:04] 🔗 查子仓库: xuchaoji/moon-bridge
[2026-07-12 00:19:04] 🔗 开始 Fork 链追踪 (xuchaoji/moon-bridge)
[2026-07-12 00:19:04] 仓库 https://github.com/waveXu/codebase-memory-mcp 候选文件 12 个
[2026-07-12 00:19:05]   父仓库: ZhiYi-R/moon-bridge
[2026-07-12 00:19:05] 仓库 https://github.com/ZhiYi-R/moon-bridge (分支: main, size: 8516KB, pushed: 2026-07-11T06:27:17Z)
[2026-07-12 00:19:05] 仓库 https://github.com/ZhiYi-R/moon-bridge 无候选文件 (总计 367 blob, 扩展名过滤 325, processed_shas 跳过 0, SHA 缓存跳过 42)
[2026-07-12 00:19:05] 👤 遍历用户仓库: ZhiYi-R
[2026-07-12 00:19:05]   👤 用户仓库: 9 个 → 队列
[2026-07-12 00:19:06]   用户 ZhiYi-R 共查 9 个仓库
[2026-07-12 00:19:06]   父仓库 +0 个节点
[2026-07-12 00:19:06] 仓库 https://github.com/waveXu/codebase-memory-mcp 未提取到节点，加入黑名单
[2026-07-12 00:19:06] 仓库 https://github.com/river2heaven/tongtian (分支: main, size: 17694KB, pushed: 2026-07-11T06:35:49Z)
[2026-07-12 00:19:06] 仓库 https://github.com/river2heaven/tongtian 候选文件 18 个
[2026-07-12 00:19:06] ⏱️ [64/122] 免费singbox节点 pushed:>2026-07-10T15:34:46Z fork:true -language | 3s | +0
[2026-07-12 00:19:06] 仓库 https://github.com/river2heaven/tongtian 未提取到节点，加入黑名单
[2026-07-12 00:19:06] 仓库 https://github.com/hexinzhe/Emby-In-One (分支: main, size: 2921KB, pushed: 2026-07-11T05:20:04Z)
[2026-07-12 00:19:06]   🍴 兄弟仓库: 30 个 → 队列
[2026-07-12 00:19:06] 👤 遍历用户仓库: rolte789
[2026-07-12 00:19:06] 仓库 https://github.com/hexinzhe/Emby-In-One 候选文件 11 个
[2026-07-12 00:19:06]   👤 用户仓库: 30 个 → 队列[2026-07-12 00:19:06]   👤 用户仓库: 30 个 → 队列

[2026-07-12 00:19:06]   用户 atrago 共查 30 个仓库[2026-07-12 00:19:06]   用户 atrago 共查 30 个仓库
[2026-07-12 00:19:06] 仓库 https://github.com/yeyingsrc/mieru (分支: main, size: 3359KB, pushed: 2026-07-11T05:11:12Z)

[2026-07-12 00:19:06]   👤 用户仓库: 30 个 → 队列[2026-07-12 00:19:06] 仓库 https://github.com/cole-666/VoiceHub (分支: main, size: 28724KB, pushed: 2026-07-11T05:08:44Z)

[2026-07-12 00:19:06]   用户 atrago 共查 30 个仓库
[2026-07-12 00:19:06] 仓库 https://github.com/bluoruo/nodejs-argo (分支: main, size: 27079KB, pushed: 2026-07-11T05:08:49Z)
[2026-07-12 00:19:07]   🍴 兄弟仓库: 30 个 → 队列
[2026-07-12 00:19:07] 👤 遍历用户仓库: xuchaoji
[2026-07-12 00:19:07] 仓库 https://github.com/bluoruo/nodejs-argo 无候选文件 (总计 6 blob, 扩展名过滤 2, processed_shas 跳过 0, SHA 缓存跳过 4)
[2026-07-12 00:19:07] 🔗 查子仓库: bluoruo/nodejs-argo
[2026-07-12 00:19:07] 仓库 https://github.com/yeyingsrc/mieru 候选文件 7 个
[2026-07-12 00:19:07]   👤 用户仓库: 30 个 → 队列
[2026-07-12 00:19:07]   用户 atrago 共查 30 个仓库
[2026-07-12 00:19:07] 仓库 https://github.com/cole-666/VoiceHub 候选文件 6 个[2026-07-12 00:19:07] 仓库 https://github.com/2ahc/desktop-agent (分支: main, size: 40KB, pushed: 2026-07-11T04:46:33Z)

[2026-07-12 00:19:07]   👤 用户仓库: 30 个 → 队列
[2026-07-12 00:19:07]   用户 atrago 共查 30 个仓库
[2026-07-12 00:19:07] 仓库 https://github.com/y1024/mieru (分支: main, size: 3359KB, pushed: 2026-07-11T04:26:04Z)
[2026-07-12 00:19:07] 仓库 https://github.com/hexinzhe/Emby-In-One README 含广告词，加入黑名单
[2026-07-12 00:19:07] 仓库 https://github.com/scorpiolcw/data-science-personal-practice (分支: main, size: 2057KB, pushed: 2026-07-11T04:19:28Z)
[2026-07-12 00:19:07] 🔗 开始 Fork 链追踪 (bluoruo/nodejs-argo)
[2026-07-12 00:19:07] 仓库 https://github.com/2ahc/desktop-agent 候选文件 7 个
[2026-07-12 00:19:07]   父仓库: eooce/nodejs-argo
[2026-07-12 00:19:07] 仓库在黑名单中: https://github.com/eooce/nodejs-argo
[2026-07-12 00:19:07]   父仓库 +0 个节点
[2026-07-12 00:19:07] 仓库 https://github.com/y1024/mieru 无候选文件 (总计 388 blob, 扩展名过滤 251, processed_shas 跳过 2, SHA 缓存跳过 135)
[2026-07-12 00:19:07] 🔗 查子仓库: y1024/mieru
[2026-07-12 00:19:07] 仓库 https://github.com/scorpiolcw/data-science-personal-practice 候选文件 1 个
[2026-07-12 00:19:07] 🔗 开始 Fork 链追踪 (y1024/mieru)
[2026-07-12 00:19:07] README (scorpiolcw/data-science-personal-practice) 404，跳过
[2026-07-12 00:19:07] 仓库 https://github.com/scorpiolcw/data-science-personal-practice 未提取到节点，加入黑名单
[2026-07-12 00:19:07] 仓库 https://github.com/Hululu007/webhtv (分支: main, size: 132871KB, pushed: 2026-07-11T04:06:15Z)
[2026-07-12 00:19:07]   父仓库: enfein/mieru
[2026-07-12 00:19:08] 仓库 https://github.com/yeyingsrc/mieru 未提取到节点，加入黑名单
[2026-07-12 00:19:08] 仓库 https://github.com/glds2048/buildadmin (分支: v2, size: 12377KB, pushed: 2026-07-11T04:05:03Z)
[2026-07-12 00:19:08] 仓库 https://github.com/Hululu007/webhtv 无候选文件 (总计 1987 blob, 扩展名过滤 1929, processed_shas 跳过 0, SHA 缓存跳过 58)
[2026-07-12 00:19:08] 🔗 查子仓库: Hululu007/webhtv
[2026-07-12 00:19:08]   🍴 子仓库: 1 个 → 队列
[2026-07-12 00:19:08] 🔗 开始 Fork 链追踪 (Hululu007/webhtv)
[2026-07-12 00:19:08] 仓库 https://github.com/glds2048/buildadmin 无候选文件 (总计 585 blob, 扩展名过滤 566, processed_shas 跳过 0, SHA 缓存跳过 19)
[2026-07-12 00:19:08] 🔗 查子仓库: glds2048/buildadmin[2026-07-12 00:19:08] 仓库 https://github.com/2ahc/desktop-agent 未提取到节点，加入黑名单

[2026-07-12 00:19:08] 仓库 https://github.com/Hukeqing/rule-forge (分支: main, size: 40KB, pushed: 2026-07-11T04:03:53Z)
[2026-07-12 00:19:08] 🔗 开始 Fork 链追踪 (glds2048/buildadmin)
[2026-07-12 00:19:08]   👤 用户仓库: 30 个 → 队列
[2026-07-12 00:19:08]   用户 xuchaoji 共查 30 个仓库
[2026-07-12 00:19:08] 仓库 https://github.com/takoyakiwhite/weatherkit-proxy (分支: main, size: 2746KB, pushed: 2026-07-11T03:56:02Z)
[2026-07-12 00:19:08]   父仓库: fish2018/webhtv
[2026-07-12 00:19:08] 仓库在黑名单中: https://github.com/fish2018/webhtv
[2026-07-12 00:19:08]   父仓库 +0 个节点
[2026-07-12 00:19:08]   父仓库: build-admin/buildadmin
[2026-07-12 00:19:08] 仓库在黑名单中: https://github.com/build-admin/buildadmin
[2026-07-12 00:19:08]   父仓库 +0 个节点
[2026-07-12 00:19:08] 仓库 https://github.com/Hukeqing/rule-forge 候选文件较多 (157 个)，先通过 commits API 过滤
[2026-07-12 00:19:09] 仓库 https://github.com/takoyakiwhite/weatherkit-proxy 无候选文件 (总计 44 blob, 扩展名过滤 30, processed_shas 跳过 0, SHA 缓存跳过 14)
[2026-07-12 00:19:09] 🔗 查子仓库: takoyakiwhite/weatherkit-proxy
[2026-07-12 00:19:09]   🍴 兄弟仓库: 30 个 → 队列
[2026-07-12 00:19:09] 👤 遍历用户仓库: y1024
[2026-07-12 00:19:09] 🔗 开始 Fork 链追踪 (takoyakiwhite/weatherkit-proxy)
[2026-07-12 00:19:09]   父仓库: meme-lau/weatherkit-proxy
[2026-07-12 00:19:09] 仓库在黑名单中: https://github.com/meme-lau/weatherkit-proxy
[2026-07-12 00:19:09]   父仓库 +0 个节点
[2026-07-12 00:19:09] 仓库 https://github.com/cole-666/VoiceHub 未提取到节点，加入黑名单
[2026-07-12 00:19:09] 仓库 https://github.com/iambonboncat/Cloudflare_vless_trojan (分支: main, size: 165827KB, pushed: 2026-07-11T03:55:48Z)
[2026-07-12 00:19:09] 仓库 https://github.com/iambonboncat/Cloudflare_vless_trojan 无候选文件 (总计 47 blob, 扩展名过滤 24, processed_shas 跳过 0, SHA 缓存跳过 23)
[2026-07-12 00:19:09] 🔗 查子仓库: iambonboncat/Cloudflare_vless_trojan
[2026-07-12 00:19:09] 👤 遍历用户仓库: Hululu007
[2026-07-12 00:19:09]   Compare API 返回 5 个变更文件 (3 次 API 调用)
[2026-07-12 00:19:09]   commits 过滤: 157 → 5 (变更文件 5 个)
[2026-07-12 00:19:09] 仓库 https://github.com/Hukeqing/rule-forge 候选文件 5 个
[2026-07-12 00:19:09] 🔗 开始 Fork 链追踪 (iambonboncat/Cloudflare_vless_trojan)
[2026-07-12 00:19:09] 👤 遍历用户仓库: takoyakiwhite
[2026-07-12 00:19:10]   🍴 兄弟仓库: 30 个 → 队列
[2026-07-12 00:19:10] 👤 遍历用户仓库: bluoruo
[2026-07-12 00:19:10]   父仓库: yonggekkk/Cloudflare-vless-trojan
[2026-07-12 00:19:10] 仓库在黑名单中: https://github.com/yonggekkk/Cloudflare-vless-trojan
[2026-07-12 00:19:10]   父仓库 +0 个节点
[2026-07-12 00:19:10]   🍴 兄弟仓库: 30 个 → 队列
[2026-07-12 00:19:10] 👤 遍历用户仓库: glds2048
[2026-07-12 00:19:10]   👤 用户仓库: 26 个 → 队列
[2026-07-12 00:19:10]   用户 takoyakiwhite 共查 26 个仓库
[2026-07-12 00:19:10] 仓库 https://github.com/muzili0712/webhtv (分支: main, size: 134178KB, pushed: 2026-07-11T03:42:36Z)
[2026-07-12 00:19:10]   👤 用户仓库: 15 个 → 队列
[2026-07-12 00:19:10]   用户 bluoruo 共查 15 个仓库
[2026-07-12 00:19:10] 仓库 https://github.com/zengqingfu1442/competition-baseline (分支: master, size: 27805KB, pushed: 2026-07-11T03:38:16Z)
[2026-07-12 00:19:10]   👤 用户仓库: 30 个 → 队列
[2026-07-12 00:19:10]   用户 rolte789 共查 30 个仓库
[2026-07-12 00:19:10] 仓库 https://github.com/CrazyForks/mieru (分支: main, size: 3374KB, pushed: 2026-07-11T03:28:56Z)
[2026-07-12 00:19:10] 仓库 https://github.com/Hukeqing/rule-forge 未提取到节点，加入黑名单
[2026-07-12 00:19:10] 仓库 https://github.com/litonglab/OpenTranshub (分支: master, size: 8069KB, pushed: 2026-07-11T03:28:23Z)
[2026-07-12 00:19:10] 仓库 https://github.com/muzili0712/webhtv 无候选文件 (总计 1987 blob, 扩展名过滤 1929, processed_shas 跳过 0, SHA 缓存跳过 58)
[2026-07-12 00:19:10] 🔗 查子仓库: muzili0712/webhtv
[2026-07-12 00:19:10] 仓库 https://github.com/zengqingfu1442/competition-baseline 候选文件 81 个
[2026-07-12 00:19:10] 🔗 开始 Fork 链追踪 (muzili0712/webhtv)
[2026-07-12 00:19:10] 仓库 https://github.com/CrazyForks/mieru 无候选文件 (总计 388 blob, 扩展名过滤 251, processed_shas 跳过 7, SHA 缓存跳过 130)
[2026-07-12 00:19:10] 🔗 查子仓库: CrazyForks/mieru
[2026-07-12 00:19:10]   👤 用户仓库: 12 个 → 队列
[2026-07-12 00:19:10]   用户 glds2048 共查 12 个仓库
[2026-07-12 00:19:10] 仓库 https://github.com/pzmmy/mo-ti (分支: main, size: 38468KB, pushed: 2026-07-11T03:27:03Z)
[2026-07-12 00:19:10] 🔗 开始 Fork 链追踪 (CrazyForks/mieru)
[2026-07-12 00:19:10] 仓库 https://github.com/litonglab/OpenTranshub 候选文件 2 个
[2026-07-12 00:19:10]   父仓库: fish2018/webhtv
[2026-07-12 00:19:10] 仓库在黑名单中: https://github.com/fish2018/webhtv
[2026-07-12 00:19:10]   父仓库 +0 个节点
[2026-07-12 00:19:11] 仓库 https://github.com/litonglab/OpenTranshub 未提取到节点，加入黑名单
[2026-07-12 00:19:11] 仓库 https://github.com/SongMin90/freeproxy (分支: main, size: 4239KB, pushed: 2026-07-11T03:23:04Z)
[2026-07-12 00:19:11]   父仓库: enfein/mieru
[2026-07-12 00:19:11] 仓库 https://github.com/pzmmy/mo-ti 候选文件较多 (421 个)，先通过 commits API 过滤
[2026-07-12 00:19:11] 👤 遍历用户仓库: iambonboncat
[2026-07-12 00:19:11] 仓库 https://github.com/zengqingfu1442/competition-baseline README 含广告词，加入黑名单
[2026-07-12 00:19:11] 仓库 https://github.com/yinshunyao/script (分支: main, size: 2637KB, pushed: 2026-07-11T03:22:18Z)
[2026-07-12 00:19:11] 仓库 https://github.com/SongMin90/freeproxy 候选文件 2 个
[2026-07-12 00:19:11] 👤 遍历用户仓库: muzili0712
[2026-07-12 00:19:11] 仓库 https://github.com/yinshunyao/script 候选文件 30 个
[2026-07-12 00:19:11]   👤 用户仓库: 6 个 → 队列
[2026-07-12 00:19:11]   用户 iambonboncat 共查 6 个仓库
[2026-07-12 00:19:11] 仓库 https://github.com/datawhalechina/competition-baseline (分支: master, size: 27805KB, pushed: 2026-07-11T03:21:33Z)
[2026-07-12 00:19:11]   🍴 兄弟仓库: 14 个 → 队列
[2026-07-12 00:19:11] 👤 遍历用户仓库: CrazyForks
[2026-07-12 00:19:11] 📄 https://raw.githubusercontent.com/SongMin90/freeproxy/main/results/ping_test_results.txt ✅ 解析 133 候选 → 133 个有效节点 → 去重后新增 16 个
[2026-07-12 00:19:12] 仓库 https://github.com/datawhalechina/competition-baseline 无候选文件 (总计 350 blob, 扩展名过滤 261, processed_shas 跳过 81, SHA 缓存跳过 8)
[2026-07-12 00:19:12] 🔗 查子仓库: SongMin90/freeproxy
[2026-07-12 00:19:12] 🔗 查子仓库: datawhalechina/competition-baseline
[2026-07-12 00:19:12] 🔗 开始 Fork 链追踪 (SongMin90/freeproxy)
[2026-07-12 00:19:13] 👤 遍历用户仓库: SongMin90
[2026-07-12 00:19:13]   Compare API 返回 67 个变更文件 (3 次 API 调用)
[2026-07-12 00:19:13]   commits 过滤: 421 → 33 (变更文件 67 个)
[2026-07-12 00:19:13] 仓库 https://github.com/pzmmy/mo-ti 候选文件 33 个
[2026-07-12 00:19:13] 仓库 https://github.com/yinshunyao/script 未提取到节点，加入黑名单
[2026-07-12 00:19:13] 仓库 https://github.com/lzhs1995/codex2api (分支: main, size: 8591KB, pushed: 2026-07-11T03:04:57Z)
[2026-07-12 00:19:13] 仓库 https://github.com/lzhs1995/codex2api 候选文件 2 个
[2026-07-12 00:19:13] 仓库 https://github.com/pzmmy/mo-ti README 含广告词，加入黑名单
[2026-07-12 00:19:13] 仓库 https://github.com/CG-spring/airport-rec-f1pvev (分支: main, size: 7KB, pushed: 2026-07-11T02:58:45Z)
[2026-07-12 00:19:14]   👤 用户仓库: 27 个 → 队列
[2026-07-12 00:19:14]   用户 SongMin90 共查 27 个仓库
[2026-07-12 00:19:14] 仓库 https://github.com/clashhub-net/airport-rec-vev6lo (分支: main, size: 7KB, pushed: 2026-07-11T02:58:10Z)
[2026-07-12 00:19:14]   🍴 子仓库: 30 个 → 队列
[2026-07-12 00:19:14] 🔗 开始 Fork 链追踪 (datawhalechina/competition-baseline)
[2026-07-12 00:19:14] 仓库 https://github.com/CG-spring/airport-rec-f1pvev 候选文件 4 个
[2026-07-12 00:19:14] 👤 遍历用户仓库: datawhalechina
[2026-07-12 00:19:14] 仓库 https://github.com/clashhub-net/airport-rec-vev6lo 无候选文件 (总计 7 blob, 扩展名过滤 2, processed_shas 跳过 0, SHA 缓存跳过 5)
[2026-07-12 00:19:14] 🔗 查子仓库: clashhub-net/airport-rec-vev6lo
[2026-07-12 00:19:14] 🔗 开始 Fork 链追踪 (clashhub-net/airport-rec-vev6lo)
[2026-07-12 00:19:14] 👤 遍历用户仓库: clashhub-net
[2026-07-12 00:19:14] 仓库 https://github.com/CG-spring/airport-rec-f1pvev README 含广告词，加入黑名单
[2026-07-12 00:19:14] 仓库 https://github.com/Niming-G/CM-EDtunnel (分支: main, size: 21031KB, pushed: 2026-07-11T02:50:15Z)
[2026-07-12 00:19:14] 仓库 https://github.com/lzhs1995/codex2api 未提取到节点，加入黑名单
[2026-07-12 00:19:14] 仓库 https://github.com/tmby/AWAvenue-Ads-Rule (分支: main, size: 11443KB, pushed: 2026-07-11T02:48:50Z)
[2026-07-12 00:19:14] 仓库 https://github.com/Niming-G/CM-EDtunnel 无候选文件 (总计 9 blob, 扩展名过滤 3, processed_shas 跳过 3, SHA 缓存跳过 3)
[2026-07-12 00:19:14] 🔗 查子仓库: Niming-G/CM-EDtunnel
[2026-07-12 00:19:14] 仓库 https://github.com/tmby/AWAvenue-Ads-Rule 无候选文件 (总计 59 blob, 扩展名过滤 29, processed_shas 跳过 0, SHA 缓存跳过 30)
[2026-07-12 00:19:14] 🔗 查子仓库: tmby/AWAvenue-Ads-Rule
[2026-07-12 00:19:14] 🔗 开始 Fork 链追踪 (tmby/AWAvenue-Ads-Rule)
[2026-07-12 00:19:15] 🔗 开始 Fork 链追踪 (Niming-G/CM-EDtunnel)
[2026-07-12 00:19:15]   父仓库: TG-Twilight/AWAvenue-Ads-Rule
[2026-07-12 00:19:15] 仓库在黑名单中: https://github.com/TG-Twilight/AWAvenue-Ads-Rule
[2026-07-12 00:19:15]   父仓库 +0 个节点
[2026-07-12 00:19:15]   父仓库: cmliu/edgetunnel
[2026-07-12 00:19:15] 仓库在黑名单中: https://github.com/cmliu/edgetunnel
[2026-07-12 00:19:15]   父仓库 +0 个节点
[2026-07-12 00:19:15] ⏱️ [65/122] 免费翻墙 pushed:>2026-07-10T15:34:46Z fork:true -language:HTML | 9s | +16
[2026-07-12 00:19:16]   🍴 兄弟仓库: 30 个 → 队列
[2026-07-12 00:19:16] 👤 遍历用户仓库: tmby
[2026-07-12 00:19:16]   👤 用户仓库: 4 个 → 队列
[2026-07-12 00:19:16]   用户 tmby 共查 4 个仓库
[2026-07-12 00:19:16] 仓库 https://github.com/ddclping0926/nodejs-argo (分支: main, size: 27240KB, pushed: 2026-07-11T02:46:28Z)
[2026-07-12 00:19:16]   👤 用户仓库: 30 个 → 队列
[2026-07-12 00:19:16]   用户 y1024 共查 30 个仓库
[2026-07-12 00:19:16] 仓库 https://github.com/CaoXiLin/douban-proxy (分支: main, size: 6KB, pushed: 2026-07-11T02:28:41Z)
[2026-07-12 00:19:16] 仓库 https://github.com/ddclping0926/nodejs-argo 候选文件 1 个
[2026-07-12 00:19:16]   👤 用户仓库: 30 个 → 队列
[2026-07-12 00:19:16]   用户 datawhalechina 共查 30 个仓库
[2026-07-12 00:19:16] 仓库 https://github.com/wfeng7818/pydantic-ai (分支: main, size: 206818KB, pushed: 2026-07-11T02:23:56Z)
[2026-07-12 00:19:17]   👤 用户仓库: 30 个 → 队列
[2026-07-12 00:19:17]   用户 CrazyForks 共查 30 个仓库
[2026-07-12 00:19:17] 仓库 https://github.com/Link-Start/anything-analyzer-Mouseww (分支: main, size: 1093KB, pushed: 2026-07-11T01:58:52Z)
[2026-07-12 00:19:17] 仓库 https://github.com/CaoXiLin/douban-proxy 候选文件 3 个
[2026-07-12 00:19:17] 仓库 https://github.com/ddclping0926/nodejs-argo 未提取到节点，加入黑名单
[2026-07-12 00:19:17] 仓库 https://github.com/yiyenian/PromptFill (分支: main, size: 24262KB, pushed: 2026-07-11T01:46:22Z)
[2026-07-12 00:19:17] 仓库 https://github.com/wfeng7818/pydantic-ai 候选文件较多 (1436 个)，先通过 commits API 过滤
[2026-07-12 00:19:17] 仓库 https://github.com/Link-Start/anything-analyzer-Mouseww 无候选文件 (总计 182 blob, 扩展名过滤 159, processed_shas 跳过 0, SHA 缓存跳过 23)
[2026-07-12 00:19:17] 🔗 查子仓库: Link-Start/anything-analyzer-Mouseww
[2026-07-12 00:19:17] 🔗 开始 Fork 链追踪 (Link-Start/anything-analyzer-Mouseww)
[2026-07-12 00:19:17] 仓库 https://github.com/CaoXiLin/douban-proxy README 含广告词，加入黑名单
[2026-07-12 00:19:17] 仓库 https://github.com/douxt/cc-tee (分支: master, size: 35KB, pushed: 2026-07-11T01:39:02Z)
[2026-07-12 00:19:17]   父仓库: Mouseww/anything-analyzer
[2026-07-12 00:19:17] ⏭️ 仓库 https://github.com/Mouseww/anything-analyzer 33h 未更新，跳过
[2026-07-12 00:19:17]   父仓库 +0 个节点
[2026-07-12 00:19:17] 仓库 https://github.com/douxt/cc-tee 候选文件 13 个
[2026-07-12 00:19:17] 仓库 https://github.com/douxt/cc-tee 未提取到节点，加入黑名单
[2026-07-12 00:19:17] 仓库 https://github.com/guangmingdai91/nodejs-argo (分支: main, size: 27165KB, pushed: 2026-07-11T00:59:40Z)
[2026-07-12 00:19:17] 仓库 https://github.com/yiyenian/PromptFill 候选文件 68 个
[2026-07-12 00:19:17]   Compare API 返回 41 个变更文件 (3 次 API 调用)
[2026-07-12 00:19:17]   commits 过滤: 1436 → 15 (变更文件 41 个)
[2026-07-12 00:19:17] 仓库 https://github.com/wfeng7818/pydantic-ai 候选文件 15 个
[2026-07-12 00:19:18] 仓库 https://github.com/guangmingdai91/nodejs-argo 候选文件 1 个
[2026-07-12 00:19:18] ⏱️ [66/122] 公益节点 pushed:>2026-07-10T15:34:46Z fork:true -language:HTML | 3s | +0
[2026-07-12 00:19:19] 仓库 https://github.com/guangmingdai91/nodejs-argo 未提取到节点，加入黑名单
[2026-07-12 00:19:19] 👤 遍历用户仓库: Niming-G
[2026-07-12 00:19:19] 仓库 https://github.com/ibislon/wHmehAFjkY (分支: main, size: 3KB, pushed: 2026-07-11T00:10:45Z)
[2026-07-12 00:19:19]   🍴 兄弟仓库: 30 个 → 队列
[2026-07-12 00:19:20] 👤 遍历用户仓库: Link-Start
[2026-07-12 00:19:20] 仓库 https://github.com/ibislon/wHmehAFjkY 无候选文件 (总计 1 blob, 扩展名过滤 0, processed_shas 跳过 0, SHA 缓存跳过 1)
[2026-07-12 00:19:20]   👤 用户仓库: 10 个 → 队列[2026-07-12 00:19:20] 🔗 查子仓库: ibislon/wHmehAFjkY

[2026-07-12 00:19:20]   用户 Niming-G 共查 10 个仓库
[2026-07-12 00:19:20]   👤 用户仓库: 30 个 → 队列
[2026-07-12 00:19:20]   用户 clashhub-net 共查 30 个仓库[2026-07-12 00:19:20] 仓库 https://github.com/ibislon/NPCXTwNUaF (分支: main, size: 3KB, pushed: 2026-07-11T00:08:34Z)
[2026-07-12 00:19:20] 仓库 https://github.com/wfeng7818/pydantic-ai 未提取到节点，加入黑名单

[2026-07-12 00:19:20] 仓库 https://github.com/ibislon/hwAXdwcHdk (分支: main, size: 3KB, pushed: 2026-07-11T00:06:15Z)
[2026-07-12 00:19:20] 仓库 https://github.com/ibislon/heAIYHsKSr (分支: main, size: 3KB, pushed: 2026-07-11T00:05:07Z)
[2026-07-12 00:19:20]   👤 用户仓库: 30 个 → 队列[2026-07-12 00:19:20] 🔗 开始 Fork 链追踪 (ibislon/wHmehAFjkY)

[2026-07-12 00:19:20]   用户 Hululu007 共查 30 个仓库
[2026-07-12 00:19:20] 仓库 https://github.com/ibislon/MeLNMNQutR (分支: main, size: 3KB, pushed: 2026-07-11T00:03:59Z)
[2026-07-12 00:19:20]   👤 用户仓库: 30 个 → 队列
[2026-07-12 00:19:20]   用户 muzili0712 共查 30 个仓库
[2026-07-12 00:19:20] 仓库 https://github.com/enfein/mieru (分支: main, size: 3415KB, pushed: 2026-07-10T23:49:40Z)
[2026-07-12 00:19:20] 👤 遍历用户仓库: ibislon
[2026-07-12 00:19:20] 仓库 https://github.com/yiyenian/PromptFill 未提取到节点，加入黑名单
[2026-07-12 00:19:20] 仓库 https://github.com/wmjlxl/mieru (分支: main, size: 3415KB, pushed: 2026-07-10T23:49:40Z)
[2026-07-12 00:19:20] 仓库 https://github.com/ibislon/hwAXdwcHdk 无候选文件 (总计 1 blob, 扩展名过滤 0, processed_shas 跳过 0, SHA 缓存跳过 1)
[2026-07-12 00:19:20] 🔗 查子仓库: ibislon/hwAXdwcHdk
[2026-07-12 00:19:20] 仓库 https://github.com/ibislon/NPCXTwNUaF 无候选文件 (总计 1 blob, 扩展名过滤 0, processed_shas 跳过 0, SHA 缓存跳过 1)
[2026-07-12 00:19:20] 🔗 查子仓库: ibislon/NPCXTwNUaF
[2026-07-12 00:19:20] 仓库 https://github.com/ibislon/heAIYHsKSr 无候选文件 (总计 1 blob, 扩展名过滤 0, processed_shas 跳过 0, SHA 缓存跳过 1)
[2026-07-12 00:19:20] 🔗 查子仓库: ibislon/heAIYHsKSr
[2026-07-12 00:19:20] 仓库 https://github.com/ibislon/MeLNMNQutR 无候选文件 (总计 1 blob, 扩展名过滤 0, processed_shas 跳过 0, SHA 缓存跳过 1)
[2026-07-12 00:19:20] 🔗 查子仓库: ibislon/MeLNMNQutR
[2026-07-12 00:19:20] 🔗 开始 Fork 链追踪 (ibislon/hwAXdwcHdk)
[2026-07-12 00:19:20] 仓库 https://github.com/enfein/mieru 无候选文件 (总计 388 blob, 扩展名过滤 251, processed_shas 跳过 7, SHA 缓存跳过 130)
[2026-07-12 00:19:20] 🔗 查子仓库: enfein/mieru
[2026-07-12 00:19:20] 🔗 开始 Fork 链追踪 (ibislon/heAIYHsKSr)
[2026-07-12 00:19:20] 🔗 开始 Fork 链追踪 (ibislon/MeLNMNQutR)
[2026-07-12 00:19:20] 🔗 开始 Fork 链追踪 (ibislon/NPCXTwNUaF)
[2026-07-12 00:19:20] 仓库 https://github.com/wmjlxl/mieru 无候选文件 (总计 388 blob, 扩展名过滤 251, processed_shas 跳过 7, SHA 缓存跳过 130)
[2026-07-12 00:19:20] 🔗 查子仓库: wmjlxl/mieru
[2026-07-12 00:19:20] 👤 遍历用户仓库: ibislon
[2026-07-12 00:19:20] 🔗 开始 Fork 链追踪 (wmjlxl/mieru)
[2026-07-12 00:19:21] 👤 遍历用户仓库: ibislon
[2026-07-12 00:19:21] 👤 遍历用户仓库: ibislon
[2026-07-12 00:19:21] 👤 遍历用户仓库: ibislon
[2026-07-12 00:19:21]   父仓库: enfein/mieru
[2026-07-12 00:19:21] 🔗 开始 Fork 链追踪 (enfein/mieru)
[2026-07-12 00:19:21] 👤 遍历用户仓库: enfein
[2026-07-12 00:19:21]   👤 用户仓库: 7 个 → 队列
[2026-07-12 00:19:21]   用户 enfein 共查 7 个仓库
[2026-07-12 00:19:21] 仓库 https://github.com/wujiyu115/cmux-windows (分支: main, size: 794KB, pushed: 2026-07-10T23:26:29Z)
[2026-07-12 00:19:21] 👤 遍历用户仓库: wmjlxl
[2026-07-12 00:19:22] 仓库 https://github.com/wujiyu115/cmux-windows 候选文件 7 个
[2026-07-12 00:19:22] ⏱️ [67/122] 节点分享 pushed:>2026-07-10T15:34:46Z fork:true -language:HTML | 3s | +0
[2026-07-12 00:19:23] 仓库 https://github.com/wujiyu115/cmux-windows 未提取到节点，加入黑名单
[2026-07-12 00:19:23] 仓库 https://github.com/boboidvtw/langchain (分支: master, size: 585308KB, pushed: 2026-07-10T23:06:20Z)
[2026-07-12 00:19:23]   👤 用户仓库: 30 个 → 队列
[2026-07-12 00:19:23]   用户 wmjlxl 共查 30 个仓库
[2026-07-12 00:19:23] 仓库 https://github.com/ijabyregra/AaUjmaAQDj (分支: main, size: 3KB, pushed: 2026-07-10T22:56:48Z)
[2026-07-12 00:19:23]   👤 用户仓库: 7 个 → 队列
[2026-07-12 00:19:23]   用户 ibislon 共查 7 个仓库
[2026-07-12 00:19:23] 仓库 https://github.com/hartlez022/YcoVGSHJWt (分支: main, size: 3KB, pushed: 2026-07-10T22:34:09Z)
[2026-07-12 00:19:23]   用户 ibislon 共查 0 个仓库
[2026-07-12 00:19:23] 仓库 https://github.com/hartlez022/LyEEzCnJjf (分支: main, size: 3KB, pushed: 2026-07-10T22:32:58Z)
[2026-07-12 00:19:23] 仓库 https://github.com/ijabyregra/AaUjmaAQDj 无候选文件 (总计 1 blob, 扩展名过滤 0, processed_shas 跳过 0, SHA 缓存跳过 1)
[2026-07-12 00:19:23] 🔗 查子仓库: ijabyregra/AaUjmaAQDj
[2026-07-12 00:19:23] 仓库 https://github.com/hartlez022/YcoVGSHJWt 无候选文件 (总计 1 blob, 扩展名过滤 0, processed_shas 跳过 0, SHA 缓存跳过 1)
[2026-07-12 00:19:23] 🔗 查子仓库: hartlez022/YcoVGSHJWt
[2026-07-12 00:19:23] 仓库 https://github.com/boboidvtw/langchain 候选文件 28 个
[2026-07-12 00:19:23] 🔗 开始 Fork 链追踪 (ijabyregra/AaUjmaAQDj)
[2026-07-12 00:19:23] 🔗 开始 Fork 链追踪 (hartlez022/YcoVGSHJWt)
[2026-07-12 00:19:23] 仓库 https://github.com/hartlez022/LyEEzCnJjf 无候选文件 (总计 1 blob, 扩展名过滤 0, processed_shas 跳过 0, SHA 缓存跳过 1)
[2026-07-12 00:19:23] 🔗 查子仓库: hartlez022/LyEEzCnJjf
[2026-07-12 00:19:23] 🔗 开始 Fork 链追踪 (hartlez022/LyEEzCnJjf)[2026-07-12 00:19:23] 👤 遍历用户仓库: ijabyregra[2026-07-12 00:19:23] 👤 遍历用户仓库: hartlez022


[2026-07-12 00:19:24]   用户 ibislon 共查 0 个仓库
[2026-07-12 00:19:24] 仓库 https://github.com/hartlez022/HoXQMDALME (分支: main, size: 3KB, pushed: 2026-07-10T22:31:52Z)
[2026-07-12 00:19:24]   用户 ibislon 共查 0 个仓库
[2026-07-12 00:19:24] 仓库 https://github.com/jahnfrens/XrEPpKJZkE (分支: main, size: 3KB, pushed: 2026-07-10T21:49:42Z)
[2026-07-12 00:19:24]   用户 ibislon 共查 0 个仓库
[2026-07-12 00:19:24] 仓库 https://github.com/jahnfrens/ivHHKIhkQV (分支: main, size: 3KB, pushed: 2026-07-10T21:47:25Z)
[2026-07-12 00:19:24] 👤 遍历用户仓库: hartlez022
[2026-07-12 00:19:24] 仓库 https://github.com/jahnfrens/XrEPpKJZkE 无候选文件 (总计 1 blob, 扩展名过滤 0, processed_shas 跳过 0, SHA 缓存跳过 1)
[2026-07-12 00:19:24] 🔗 查子仓库: jahnfrens/XrEPpKJZkE
[2026-07-12 00:19:24] 仓库 https://github.com/hartlez022/HoXQMDALME 无候选文件 (总计 1 blob, 扩展名过滤 0, processed_shas 跳过 0, SHA 缓存跳过 1)
[2026-07-12 00:19:24] 🔗 查子仓库: hartlez022/HoXQMDALME
[2026-07-12 00:19:24] 仓库 https://github.com/jahnfrens/ivHHKIhkQV 无候选文件 (总计 1 blob, 扩展名过滤 0, processed_shas 跳过 0, SHA 缓存跳过 1)
[2026-07-12 00:19:24] 🔗 查子仓库: jahnfrens/ivHHKIhkQV
[2026-07-12 00:19:24] 🔗 开始 Fork 链追踪 (jahnfrens/XrEPpKJZkE)
[2026-07-12 00:19:24] 仓库 https://github.com/boboidvtw/langchain 未提取到节点，加入黑名单
[2026-07-12 00:19:24] 仓库 https://github.com/jahnfrens/SWxHfSvZuW (分支: main, size: 3KB, pushed: 2026-07-10T21:46:11Z)
[2026-07-12 00:19:24] 🔗 开始 Fork 链追踪 (hartlez022/HoXQMDALME)
[2026-07-12 00:19:24] 🔗 开始 Fork 链追踪 (jahnfrens/ivHHKIhkQV)
[2026-07-12 00:19:24] 👤 遍历用户仓库: jahnfrens
[2026-07-12 00:19:24] 👤 遍历用户仓库: hartlez022
[2026-07-12 00:19:24] 仓库 https://github.com/jahnfrens/SWxHfSvZuW 无候选文件 (总计 1 blob, 扩展名过滤 0, processed_shas 跳过 0, SHA 缓存跳过 1)
[2026-07-12 00:19:24] 🔗 查子仓库: jahnfrens/SWxHfSvZuW
[2026-07-12 00:19:24] 👤 遍历用户仓库: jahnfrens
[2026-07-12 00:19:24] 🔗 开始 Fork 链追踪 (jahnfrens/SWxHfSvZuW)
[2026-07-12 00:19:24] 👤 遍历用户仓库: jahnfrens
[2026-07-12 00:19:24]   👤 用户仓库: 30 个 → 队列
[2026-07-12 00:19:24]   用户 Link-Start 共查 30 个仓库
[2026-07-12 00:19:24] 仓库 https://github.com/PlatoMml/Cloudflare-vless-trojan (分支: main, size: 165676KB, pushed: 2026-07-10T22:52:45Z)
[2026-07-12 00:19:25] 仓库 https://github.com/PlatoMml/Cloudflare-vless-trojan 无候选文件 (总计 47 blob, 扩展名过滤 24, processed_shas 跳过 0, SHA 缓存跳过 23)
[2026-07-12 00:19:25] 🔗 查子仓库: PlatoMml/Cloudflare-vless-trojan
[2026-07-12 00:19:25] 🔗 开始 Fork 链追踪 (PlatoMml/Cloudflare-vless-trojan)
[2026-07-12 00:19:25]   父仓库: yonggekkk/Cloudflare-vless-trojan
[2026-07-12 00:19:25] 仓库在黑名单中: https://github.com/yonggekkk/Cloudflare-vless-trojan
[2026-07-12 00:19:25]   父仓库 +0 个节点
[2026-07-12 00:19:25] ⏱️ [68/122] 节点仓库 pushed:>2026-07-10T15:34:46Z fork:true -language:HTML | 3s | +0
[2026-07-12 00:19:26] 👤 遍历用户仓库: PlatoMml
[2026-07-12 00:19:26]   👤 用户仓库: 8 个 → 队列
[2026-07-12 00:19:26]   用户 PlatoMml 共查 8 个仓库
[2026-07-12 00:19:26] 仓库 https://github.com/doomispawd/AnvrFHmiKK (分支: main, size: 3KB, pushed: 2026-07-10T21:27:58Z)
[2026-07-12 00:19:26] 仓库 https://github.com/doomispawd/AnvrFHmiKK 无候选文件 (总计 1 blob, 扩展名过滤 0, processed_shas 跳过 0, SHA 缓存跳过 1)
[2026-07-12 00:19:26] 🔗 查子仓库: doomispawd/AnvrFHmiKK
[2026-07-12 00:19:27]   👤 用户仓库: 6 个 → 队列
[2026-07-12 00:19:27]   用户 jahnfrens 共查 6 个仓库
[2026-07-12 00:19:27] 仓库 https://github.com/doomispawd/BFjRMVMiRl (分支: main, size: 3KB, pushed: 2026-07-10T21:24:44Z)
[2026-07-12 00:19:27] 🔗 开始 Fork 链追踪 (doomispawd/AnvrFHmiKK)
[2026-07-12 00:19:27] 👤 遍历用户仓库: doomispawd
[2026-07-12 00:19:27] 仓库 https://github.com/doomispawd/BFjRMVMiRl 无候选文件 (总计 1 blob, 扩展名过滤 0, processed_shas 跳过 0, SHA 缓存跳过 1)
[2026-07-12 00:19:27] 🔗 查子仓库: doomispawd/BFjRMVMiRl
[2026-07-12 00:19:27] 🔗 开始 Fork 链追踪 (doomispawd/BFjRMVMiRl)
[2026-07-12 00:19:27]   用户 jahnfrens 共查 0 个仓库
[2026-07-12 00:19:27] 仓库 https://github.com/openclawsean024-create/hotel-pm (分支: main, size: 2KB, pushed: 2026-07-10T20:19:32Z)
[2026-07-12 00:19:27]   用户 jahnfrens 共查 0 个仓库
[2026-07-12 00:19:27] 仓库 https://github.com/nergane/MAX-API (分支: main, size: 10236KB, pushed: 2026-07-10T18:35:04Z)
[2026-07-12 00:19:27] 👤 遍历用户仓库: doomispawd
[2026-07-12 00:19:27]   👤 用户仓库: 30 个 → 队列
[2026-07-12 00:19:27]   用户 hartlez022 共查 30 个仓库
[2026-07-12 00:19:27] 仓库 https://github.com/ibislon/SIqscmbqco (分支: main, size: 3KB, pushed: 2026-07-10T18:25:03Z)
[2026-07-12 00:19:27]   👤 用户仓库: 6 个 → 队列
[2026-07-12 00:19:27]   用户 hartlez022 共查 6 个仓库
[2026-07-12 00:19:27] 仓库 https://github.com/ibislon/wYCzXaThoH (分支: main, size: 3KB, pushed: 2026-07-10T18:23:53Z)
[2026-07-12 00:19:27]   用户 hartlez022 共查 0 个仓库
[2026-07-12 00:19:27] 仓库 https://github.com/ibislon/dwAfEbwPiT (分支: main, size: 3KB, pushed: 2026-07-10T18:22:46Z)
[2026-07-12 00:19:27] 仓库 https://github.com/openclawsean024-create/hotel-pm 候选文件 1 个
[2026-07-12 00:19:27] 仓库 https://github.com/nergane/MAX-API 候选文件 6 个
[2026-07-12 00:19:27] 仓库 https://github.com/ibislon/SIqscmbqco 无候选文件 (总计 1 blob, 扩展名过滤 0, processed_shas 跳过 0, SHA 缓存跳过 1)
[2026-07-12 00:19:27] 🔗 查子仓库: ibislon/SIqscmbqco
[2026-07-12 00:19:27] 仓库 https://github.com/ibislon/wYCzXaThoH 无候选文件 (总计 1 blob, 扩展名过滤 0, processed_shas 跳过 0, SHA 缓存跳过 1)
[2026-07-12 00:19:27] 🔗 查子仓库: ibislon/wYCzXaThoH
[2026-07-12 00:19:27] 仓库 https://github.com/ibislon/dwAfEbwPiT 无候选文件 (总计 1 blob, 扩展名过滤 0, processed_shas 跳过 0, SHA 缓存跳过 1)
[2026-07-12 00:19:27] 🔗 查子仓库: ibislon/dwAfEbwPiT
[2026-07-12 00:19:27] README (openclawsean024-create/hotel-pm) 404，跳过
[2026-07-12 00:19:27] 仓库 https://github.com/openclawsean024-create/hotel-pm 未提取到节点，加入黑名单
[2026-07-12 00:19:27] 仓库 https://github.com/ibislon/eWWdvkxJaY (分支: main, size: 3KB, pushed: 2026-07-10T18:19:20Z)
[2026-07-12 00:19:27] 🔗 开始 Fork 链追踪 (ibislon/SIqscmbqco)
[2026-07-12 00:19:27] 🔗 开始 Fork 链追踪 (ibislon/dwAfEbwPiT)
[2026-07-12 00:19:27] 🔗 开始 Fork 链追踪 (ibislon/wYCzXaThoH)
[2026-07-12 00:19:28] 👤 遍历用户仓库: ibislon
[2026-07-12 00:19:28] 仓库 https://github.com/ibislon/eWWdvkxJaY 无候选文件 (总计 1 blob, 扩展名过滤 0, processed_shas 跳过 0, SHA 缓存跳过 1)[2026-07-12 00:19:28] 👤 遍历用户仓库: ibislon[2026-07-12 00:19:28] 👤 遍历用户仓库: ibislon


[2026-07-12 00:19:28] 🔗 查子仓库: ibislon/eWWdvkxJaY
[2026-07-12 00:19:28] 🔗 开始 Fork 链追踪 (ibislon/eWWdvkxJaY)
[2026-07-12 00:19:28] 👤 遍历用户仓库: ibislon
[2026-07-12 00:19:28]   👤 用户仓库: 30 个 → 队列
[2026-07-12 00:19:28]   用户 ijabyregra 共查 30 个仓库
[2026-07-12 00:19:28] 仓库 https://github.com/ibislon/WlLutUIuIA (分支: main, size: 3KB, pushed: 2026-07-10T18:17:05Z)
[2026-07-12 00:19:28] 仓库 https://github.com/ibislon/WlLutUIuIA 无候选文件 (总计 1 blob, 扩展名过滤 0, processed_shas 跳过 0, SHA 缓存跳过 1)
[2026-07-12 00:19:28] 🔗 查子仓库: ibislon/WlLutUIuIA
[2026-07-12 00:19:28] 🔗 开始 Fork 链追踪 (ibislon/WlLutUIuIA)
[2026-07-12 00:19:29] 👤 遍历用户仓库: ibislon
[2026-07-12 00:19:29] ⏱️ [69/122] 每日节点 pushed:>2026-07-10T15:34:46Z fork:true -language:HTML | 4s | +0
[2026-07-12 00:19:30]   👤 用户仓库: 30 个 → 队列
[2026-07-12 00:19:30]   用户 doomispawd 共查 30 个仓库
[2026-07-12 00:19:30] 仓库 https://github.com/ibislon/nMiFBpSdiL (分支: main, size: 3KB, pushed: 2026-07-10T18:12:23Z)
[2026-07-12 00:19:30]   👤 用户仓库: 30 个 → 队列
[2026-07-12 00:19:30]   用户 doomispawd 共查 30 个仓库
[2026-07-12 00:19:30] 仓库 https://github.com/ibislon/izqwfYKmpu (分支: main, size: 3KB, pushed: 2026-07-10T18:09:07Z)
[2026-07-12 00:19:31] 仓库 https://github.com/ibislon/izqwfYKmpu 无候选文件 (总计 1 blob, 扩展名过滤 0, processed_shas 跳过 0, SHA 缓存跳过 1)
[2026-07-12 00:19:31] 🔗 查子仓库: ibislon/izqwfYKmpu
[2026-07-12 00:19:31] 仓库 https://github.com/ibislon/nMiFBpSdiL 无候选文件 (总计 1 blob, 扩展名过滤 0, processed_shas 跳过 0, SHA 缓存跳过 1)
[2026-07-12 00:19:31] 🔗 查子仓库: ibislon/nMiFBpSdiL
[2026-07-12 00:19:31] 🔗 开始 Fork 链追踪 (ibislon/izqwfYKmpu)
[2026-07-12 00:19:31] 🔗 开始 Fork 链追踪 (ibislon/nMiFBpSdiL)
[2026-07-12 00:19:31]   用户 ibislon 共查 0 个仓库[2026-07-12 00:19:31]   用户 ibislon 共查 0 个仓库
[2026-07-12 00:19:31]   用户 ibislon 共查 0 个仓库

[2026-07-12 00:19:31]   用户 ibislon 共查 0 个仓库
[2026-07-12 00:19:31] 仓库 https://github.com/aURORA-JC/hubproxy (分支: main, size: 9096KB, pushed: 2026-07-10T17:59:00Z)[2026-07-12 00:19:31] 仓库 https://github.com/ibislon/uWIaIGwCGu (分支: main, size: 3KB, pushed: 2026-07-10T18:06:49Z)

[2026-07-12 00:19:31] 仓库 https://github.com/Make-magic/Gemini-ModelFamily-Chat (分支: master, size: 32101KB, pushed: 2026-07-11T11:10:52Z)
[2026-07-12 00:19:31] ⚠️ 仓库 https://github.com/luffysky/ai-island-bridge 大小为 0，跳过
[2026-07-12 00:19:31] 仓库 https://github.com/ijabyregra/IuupeQPMJc (分支: main, size: 3KB, pushed: 2026-07-10T17:15:23Z)
[2026-07-12 00:19:31] 👤 遍历用户仓库: ibislon
[2026-07-12 00:19:31] 👤 遍历用户仓库: ibislon
[2026-07-12 00:19:31] 仓库 https://github.com/ijabyregra/IuupeQPMJc 无候选文件 (总计 1 blob, 扩展名过滤 0, processed_shas 跳过 0, SHA 缓存跳过 1)[2026-07-12 00:19:31] 仓库 https://github.com/ibislon/uWIaIGwCGu 无候选文件 (总计 1 blob, 扩展名过滤 0, processed_shas 跳过 0, SHA 缓存跳过 1)

[2026-07-12 00:19:31] 仓库 https://github.com/aURORA-JC/hubproxy 无候选文件 (总计 46 blob, 扩展名过滤 36, processed_shas 跳过 0, SHA 缓存跳过 10)[2026-07-12 00:19:31] 🔗 查子仓库: ijabyregra/IuupeQPMJc[2026-07-12 00:19:31] 🔗 查子仓库: ibislon/uWIaIGwCGu


[2026-07-12 00:19:31] 🔗 查子仓库: aURORA-JC/hubproxy
[2026-07-12 00:19:31] 🔗 开始 Fork 链追踪 (ijabyregra/IuupeQPMJc)
[2026-07-12 00:19:31] 🔗 开始 Fork 链追踪 (ibislon/uWIaIGwCGu)[2026-07-12 00:19:31] 🔗 开始 Fork 链追踪 (aURORA-JC/hubproxy)

[2026-07-12 00:19:31] 仓库 https://github.com/Make-magic/Gemini-ModelFamily-Chat 候选文件 12 个
[2026-07-12 00:19:32] ⏱️ [70/122] 免费节点合集 pushed:>2026-07-10T15:34:46Z fork:true -language:HTML | 3s | +0
[2026-07-12 00:19:32]   用户 ibislon 共查 0 个仓库
[2026-07-12 00:19:32] 仓库 https://github.com/AntaresFeng/windows-proxy-env (分支: main, size: 11KB, pushed: 2026-07-10T17:13:42Z)
[2026-07-12 00:19:32] 👤 遍历用户仓库: ijabyregra
[2026-07-12 00:19:32] 仓库 https://github.com/nergane/MAX-API README 含广告词，加入黑名单
[2026-07-12 00:19:32] 仓库 https://github.com/ijabyregra/wDiHStIKKb (分支: main, size: 3KB, pushed: 2026-07-10T17:11:59Z)
[2026-07-12 00:19:32] 👤 遍历用户仓库: ibislon
[2026-07-12 00:19:32]   父仓库: sky22333/hubproxy
[2026-07-12 00:19:32] 仓库在黑名单中: https://github.com/sky22333/hubproxy
[2026-07-12 00:19:32]   父仓库 +0 个节点
[2026-07-12 00:19:32] 仓库 https://github.com/AntaresFeng/windows-proxy-env 候选文件 4 个
[2026-07-12 00:19:32] 仓库 https://github.com/ijabyregra/wDiHStIKKb 无候选文件 (总计 1 blob, 扩展名过滤 0, processed_shas 跳过 0, SHA 缓存跳过 1)
[2026-07-12 00:19:32] 🔗 查子仓库: ijabyregra/wDiHStIKKb
[2026-07-12 00:19:32] 🔗 开始 Fork 链追踪 (ijabyregra/wDiHStIKKb)
[2026-07-12 00:19:32] 👤 遍历用户仓库: ijabyregra
[2026-07-12 00:19:32] 仓库 https://github.com/AntaresFeng/windows-proxy-env 未提取到节点，加入黑名单
[2026-07-12 00:19:32] 仓库 https://github.com/mythchen-1024/agentank-framework (分支: main, size: 98KB, pushed: 2026-07-10T17:08:13Z)
[2026-07-12 00:19:33] 仓库 https://github.com/Make-magic/Gemini-ModelFamily-Chat 未提取到节点，加入黑名单
[2026-07-12 00:19:33] ⚠️ 仓库 https://github.com/jiangtaixing/agentank-framework 大小为 0，跳过
[2026-07-12 00:19:33] 仓库 https://github.com/gogoore/TdSBKHLW (分支: main, size: 3KB, pushed: 2026-07-10T17:04:52Z)
[2026-07-12 00:19:33]   🍴 兄弟仓库: 30 个 → 队列
[2026-07-12 00:19:33] 👤 遍历用户仓库: aURORA-JC
[2026-07-12 00:19:33] 仓库 https://github.com/mythchen-1024/agentank-framework 候选文件 7 个
[2026-07-12 00:19:33] 仓库 https://github.com/gogoore/TdSBKHLW 无候选文件 (总计 1 blob, 扩展名过滤 0, processed_shas 跳过 0, SHA 缓存跳过 1)
[2026-07-12 00:19:33] 🔗 查子仓库: gogoore/TdSBKHLW
[2026-07-12 00:19:33] 🔗 开始 Fork 链追踪 (gogoore/TdSBKHLW)
[2026-07-12 00:19:33]   👤 用户仓库: 12 个 → 队列
[2026-07-12 00:19:33]   用户 aURORA-JC 共查 12 个仓库
[2026-07-12 00:19:33] 仓库 https://github.com/ijabyregra/bykaiYEtMZ (分支: main, size: 3KB, pushed: 2026-07-10T17:04:11Z)
[2026-07-12 00:19:33] 👤 遍历用户仓库: gogoore
[2026-07-12 00:19:33] 仓库 https://github.com/ijabyregra/bykaiYEtMZ 无候选文件 (总计 1 blob, 扩展名过滤 0, processed_shas 跳过 0, SHA 缓存跳过 1)
[2026-07-12 00:19:33] 🔗 查子仓库: ijabyregra/bykaiYEtMZ
[2026-07-12 00:19:33]   用户 ibislon 共查 0 个仓库
[2026-07-12 00:19:33] 仓库 https://github.com/gogoore/xWyCqkjm (分支: main, size: 2KB, pushed: 2026-07-10T17:03:27Z)
[2026-07-12 00:19:33] 🔗 开始 Fork 链追踪 (ijabyregra/bykaiYEtMZ)
[2026-07-12 00:19:33] 仓库 https://github.com/mythchen-1024/agentank-framework 未提取到节点，加入黑名单
[2026-07-12 00:19:34] 仓库 https://github.com/ijabyregra/SsJWgDAJtP (分支: main, size: 3KB, pushed: 2026-07-10T17:02:00Z)
[2026-07-12 00:19:34] 👤 遍历用户仓库: ijabyregra
[2026-07-12 00:19:34] 仓库 https://github.com/gogoore/xWyCqkjm 无候选文件 (总计 1 blob, 扩展名过滤 0, processed_shas 跳过 0, SHA 缓存跳过 1)
[2026-07-12 00:19:34] 🔗 查子仓库: gogoore/xWyCqkjm
[2026-07-12 00:19:34] 🔗 开始 Fork 链追踪 (gogoore/xWyCqkjm)
[2026-07-12 00:19:34]   用户 ibislon 共查 0 个仓库
[2026-07-12 00:19:34] 仓库 https://github.com/gogoore/hLNEkkbT (分支: main, size: 2KB, pushed: 2026-07-10T17:01:59Z)
[2026-07-12 00:19:34] 仓库 https://github.com/ijabyregra/SsJWgDAJtP 无候选文件 (总计 1 blob, 扩展名过滤 0, processed_shas 跳过 0, SHA 缓存跳过 1)
[2026-07-12 00:19:34] 🔗 查子仓库: ijabyregra/SsJWgDAJtP
[2026-07-12 00:19:34] 👤 遍历用户仓库: gogoore
[2026-07-12 00:19:34] 仓库 https://github.com/gogoore/hLNEkkbT 无候选文件 (总计 1 blob, 扩展名过滤 0, processed_shas 跳过 0, SHA 缓存跳过 1)
[2026-07-12 00:19:34] 🔗 查子仓库: gogoore/hLNEkkbT
[2026-07-12 00:19:34] 🔗 开始 Fork 链追踪 (ijabyregra/SsJWgDAJtP)
[2026-07-12 00:19:34] 🔗 开始 Fork 链追踪 (gogoore/hLNEkkbT)
[2026-07-12 00:19:34] 👤 遍历用户仓库: ijabyregra
[2026-07-12 00:19:34]   用户 ibislon 共查 0 个仓库
[2026-07-12 00:19:34] 仓库 https://github.com/ijabyregra/sNUBETToqi (分支: main, size: 3KB, pushed: 2026-07-10T17:00:54Z)
[2026-07-12 00:19:34] 👤 遍历用户仓库: gogoore
[2026-07-12 00:19:34] 仓库 https://github.com/ijabyregra/sNUBETToqi 无候选文件 (总计 1 blob, 扩展名过滤 0, processed_shas 跳过 0, SHA 缓存跳过 1)
[2026-07-12 00:19:34] 🔗 查子仓库: ijabyregra/sNUBETToqi
[2026-07-12 00:19:34] 🔗 开始 Fork 链追踪 (ijabyregra/sNUBETToqi)
[2026-07-12 00:19:35] 👤 遍历用户仓库: ijabyregra
[2026-07-12 00:19:35]   👤 用户仓库: 30 个 → 队列
[2026-07-12 00:19:35]   用户 ijabyregra 共查 30 个仓库
[2026-07-12 00:19:35] 仓库 https://github.com/gogoore/sIpFeOsZ (分支: main, size: 3KB, pushed: 2026-07-10T17:00:32Z)
[2026-07-12 00:19:35]   👤 用户仓库: 30 个 → 队列
[2026-07-12 00:19:35]   用户 ijabyregra 共查 30 个仓库
[2026-07-12 00:19:35] 仓库 https://github.com/ijabyregra/pWSTGpRRoC (分支: main, size: 3KB, pushed: 2026-07-10T16:59:41Z)
[2026-07-12 00:19:35] 仓库 https://github.com/gogoore/sIpFeOsZ 无候选文件 (总计 1 blob, 扩展名过滤 0, processed_shas 跳过 0, SHA 缓存跳过 1)
[2026-07-12 00:19:35] 🔗 查子仓库: gogoore/sIpFeOsZ
[2026-07-12 00:19:35] 仓库 https://github.com/ijabyregra/pWSTGpRRoC 无候选文件 (总计 1 blob, 扩展名过滤 0, processed_shas 跳过 0, SHA 缓存跳过 1)
[2026-07-12 00:19:35] 🔗 查子仓库: ijabyregra/pWSTGpRRoC
[2026-07-12 00:19:35] 🔗 开始 Fork 链追踪 (ijabyregra/pWSTGpRRoC)
[2026-07-12 00:19:35] 🔗 开始 Fork 链追踪 (gogoore/sIpFeOsZ)
[2026-07-12 00:19:35] 👤 遍历用户仓库: ijabyregra
[2026-07-12 00:19:35] 👤 遍历用户仓库: gogoore
[2026-07-12 00:19:36]   👤 用户仓库: 30 个 → 队列
[2026-07-12 00:19:36]   用户 ijabyregra 共查 30 个仓库
[2026-07-12 00:19:36] 仓库 https://github.com/gogoore/JCHBqLlr (分支: main, size: 3KB, pushed: 2026-07-10T16:59:09Z)
[2026-07-12 00:19:36] 仓库 https://github.com/gogoore/JCHBqLlr 无候选文件 (总计 1 blob, 扩展名过滤 0, processed_shas 跳过 0, SHA 缓存跳过 1)
[2026-07-12 00:19:36] 🔗 查子仓库: gogoore/JCHBqLlr
[2026-07-12 00:19:36] 🔗 开始 Fork 链追踪 (gogoore/JCHBqLlr)
[2026-07-12 00:19:36]   👤 用户仓库: 30 个 → 队列
[2026-07-12 00:19:36]   用户 ijabyregra 共查 30 个仓库
[2026-07-12 00:19:36] 仓库 https://github.com/ijabyregra/JpfgLuDByk (分支: main, size: 3KB, pushed: 2026-07-10T16:58:37Z)
[2026-07-12 00:19:36]   👤 用户仓库: 30 个 → 队列
[2026-07-12 00:19:36]   用户 gogoore 共查 30 个仓库
[2026-07-12 00:19:36] 仓库 https://github.com/ijabyregra/cBRnwLemCP (分支: main, size: 3KB, pushed: 2026-07-10T16:57:27Z)
[2026-07-12 00:19:36]   👤 用户仓库: 30 个 → 队列
[2026-07-12 00:19:36]   用户 gogoore 共查 30 个仓库
[2026-07-12 00:19:36] 仓库 https://github.com/ijabyregra/AqwvvwVRNp (分支: main, size: 3KB, pushed: 2026-07-10T16:56:19Z)
[2026-07-12 00:19:36] 👤 遍历用户仓库: gogoore
[2026-07-12 00:19:36] 仓库 https://github.com/ijabyregra/JpfgLuDByk 无候选文件 (总计 1 blob, 扩展名过滤 0, processed_shas 跳过 0, SHA 缓存跳过 1)
[2026-07-12 00:19:36] 🔗 查子仓库: ijabyregra/JpfgLuDByk
[2026-07-12 00:19:36] 仓库 https://github.com/ijabyregra/cBRnwLemCP 无候选文件 (总计 1 blob, 扩展名过滤 0, processed_shas 跳过 0, SHA 缓存跳过 1)
[2026-07-12 00:19:36] 🔗 查子仓库: ijabyregra/cBRnwLemCP
[2026-07-12 00:19:36] 🔗 开始 Fork 链追踪 (ijabyregra/JpfgLuDByk)
[2026-07-12 00:19:36] 🔗 开始 Fork 链追踪 (ijabyregra/cBRnwLemCP)
[2026-07-12 00:19:36]   👤 用户仓库: 30 个 → 队列
[2026-07-12 00:19:36]   用户 gogoore 共查 30 个仓库
[2026-07-12 00:19:36] 仓库 https://github.com/ijabyregra/WNKTaxXASx (分支: main, size: 3KB, pushed: 2026-07-10T16:55:11Z)
[2026-07-12 00:19:37] 👤 遍历用户仓库: ijabyregra
[2026-07-12 00:19:37] 👤 遍历用户仓库: ijabyregra
[2026-07-12 00:19:37] 仓库 https://github.com/ijabyregra/WNKTaxXASx 无候选文件 (总计 1 blob, 扩展名过滤 0, processed_shas 跳过 0, SHA 缓存跳过 1)
[2026-07-12 00:19:37] 🔗 查子仓库: ijabyregra/WNKTaxXASx
[2026-07-12 00:19:37]   👤 用户仓库: 30 个 → 队列
[2026-07-12 00:19:37]   用户 ijabyregra 共查 30 个仓库
[2026-07-12 00:19:37] 仓库 https://github.com/hartlez022/MRcCMMGuRs (分支: main, size: 3KB, pushed: 2026-07-10T16:53:49Z)
[2026-07-12 00:19:37] 🔗 开始 Fork 链追踪 (ijabyregra/WNKTaxXASx)
[2026-07-12 00:19:37] 仓库 https://github.com/ijabyregra/AqwvvwVRNp 无候选文件 (总计 1 blob, 扩展名过滤 0, processed_shas 跳过 0, SHA 缓存跳过 1)
[2026-07-12 00:19:37] 🔗 查子仓库: ijabyregra/AqwvvwVRNp
[2026-07-12 00:19:37] 🔗 开始 Fork 链追踪 (ijabyregra/AqwvvwVRNp)
[2026-07-12 00:19:37] 仓库 https://github.com/hartlez022/MRcCMMGuRs 无候选文件 (总计 1 blob, 扩展名过滤 0, processed_shas 跳过 0, SHA 缓存跳过 1)
[2026-07-12 00:19:37] 🔗 查子仓库: hartlez022/MRcCMMGuRs
[2026-07-12 00:19:37] 👤 遍历用户仓库: ijabyregra
[2026-07-12 00:19:37] 🔗 开始 Fork 链追踪 (hartlez022/MRcCMMGuRs)
[2026-07-12 00:19:37] 👤 遍历用户仓库: ijabyregra
[2026-07-12 00:19:37] 👤 遍历用户仓库: hartlez022
[2026-07-12 00:19:37]   👤 用户仓库: 30 个 → 队列
[2026-07-12 00:19:37]   用户 gogoore 共查 30 个仓库
[2026-07-12 00:19:37] 仓库 https://github.com/hartlez022/xZzQNiAnMM (分支: main, size: 3KB, pushed: 2026-07-10T16:52:50Z)
[2026-07-12 00:19:37]   👤 用户仓库: 30 个 → 队列
[2026-07-12 00:19:37]   用户 ijabyregra 共查 30 个仓库
[2026-07-12 00:19:37] 仓库 https://github.com/owenbrave/XQfLoeYj (分支: main, size: 3KB, pushed: 2026-07-10T16:51:42Z)
[2026-07-12 00:19:37] 仓库 https://github.com/hartlez022/xZzQNiAnMM 无候选文件 (总计 1 blob, 扩展名过滤 0, processed_shas 跳过 0, SHA 缓存跳过 1)
[2026-07-12 00:19:37] 🔗 查子仓库: hartlez022/xZzQNiAnMM
[2026-07-12 00:19:38] 仓库 https://github.com/owenbrave/XQfLoeYj 无候选文件 (总计 1 blob, 扩展名过滤 0, processed_shas 跳过 0, SHA 缓存跳过 1)
[2026-07-12 00:19:38] 🔗 查子仓库: owenbrave/XQfLoeYj
[2026-07-12 00:19:38] 🔗 开始 Fork 链追踪 (hartlez022/xZzQNiAnMM)
[2026-07-12 00:19:38] 🔗 开始 Fork 链追踪 (owenbrave/XQfLoeYj)
[2026-07-12 00:19:38] 👤 遍历用户仓库: hartlez022
[2026-07-12 00:19:38] 👤 遍历用户仓库: owenbrave
[2026-07-12 00:19:38]   👤 用户仓库: 30 个 → 队列
[2026-07-12 00:19:38]   用户 gogoore 共查 30 个仓库
[2026-07-12 00:19:38] 仓库 https://github.com/hartlez022/eMBJZiHYJA (分支: main, size: 3KB, pushed: 2026-07-10T16:51:42Z)
[2026-07-12 00:19:38]   👤 用户仓库: 30 个 → 队列
[2026-07-12 00:19:38]   用户 ijabyregra 共查 30 个仓库
[2026-07-12 00:19:38] 仓库 https://github.com/hartlez022/QiVTBkfgkl (分支: main, size: 3KB, pushed: 2026-07-10T16:50:31Z)
[2026-07-12 00:19:38] 仓库 https://github.com/hartlez022/eMBJZiHYJA 无候选文件 (总计 1 blob, 扩展名过滤 0, processed_shas 跳过 0, SHA 缓存跳过 1)
[2026-07-12 00:19:38] 🔗 查子仓库: hartlez022/eMBJZiHYJA
[2026-07-12 00:19:39]   👤 用户仓库: 30 个 → 队列
[2026-07-12 00:19:39]   用户 ijabyregra 共查 30 个仓库
[2026-07-12 00:19:39] 仓库 https://github.com/owenbrave/EwtpWVIR (分支: main, size: 3KB, pushed: 2026-07-10T16:48:54Z)
[2026-07-12 00:19:39] 🔗 开始 Fork 链追踪 (hartlez022/eMBJZiHYJA)
[2026-07-12 00:19:39] 仓库 https://github.com/hartlez022/QiVTBkfgkl 无候选文件 (总计 1 blob, 扩展名过滤 0, processed_shas 跳过 0, SHA 缓存跳过 1)
[2026-07-12 00:19:39] 🔗 查子仓库: hartlez022/QiVTBkfgkl
[2026-07-12 00:19:39] 👤 遍历用户仓库: hartlez022
[2026-07-12 00:19:39] 🔗 开始 Fork 链追踪 (hartlez022/QiVTBkfgkl)
[2026-07-12 00:19:39] 仓库 https://github.com/owenbrave/EwtpWVIR 无候选文件 (总计 1 blob, 扩展名过滤 0, processed_shas 跳过 0, SHA 缓存跳过 1)
[2026-07-12 00:19:39] 🔗 查子仓库: owenbrave/EwtpWVIR
[2026-07-12 00:19:39]   👤 用户仓库: 16 个 → 队列[2026-07-12 00:19:39] 🔗 开始 Fork 链追踪 (owenbrave/EwtpWVIR)
[2026-07-12 00:19:39]   用户 ijabyregra 共查 16 个仓库

[2026-07-12 00:19:39] 仓库 https://github.com/oveerou/study-ai (分支: master, size: 1971KB, pushed: 2026-07-10T16:47:42Z)
[2026-07-12 00:19:39] 👤 遍历用户仓库: hartlez022
[2026-07-12 00:19:39] 👤 遍历用户仓库: owenbrave
[2026-07-12 00:19:39] 仓库 https://github.com/oveerou/study-ai 候选文件 5 个
[2026-07-12 00:19:39]   用户 ijabyregra 共查 0 个仓库
[2026-07-12 00:19:39] 仓库 https://github.com/owenbrave/WwPhOxBj (分支: main, size: 3KB, pushed: 2026-07-10T16:47:28Z)
[2026-07-12 00:19:40] 仓库 https://github.com/oveerou/study-ai 未提取到节点，加入黑名单
[2026-07-12 00:19:40] 仓库 https://github.com/hartlez022/zkZEfypnzu (分支: main, size: 3KB, pushed: 2026-07-10T16:47:02Z)
[2026-07-12 00:19:40] 仓库 https://github.com/owenbrave/WwPhOxBj 无候选文件 (总计 1 blob, 扩展名过滤 0, processed_shas 跳过 0, SHA 缓存跳过 1)
[2026-07-12 00:19:40] 🔗 查子仓库: owenbrave/WwPhOxBj
[2026-07-12 00:19:40] 🔗 开始 Fork 链追踪 (owenbrave/WwPhOxBj)
[2026-07-12 00:19:40] 仓库 https://github.com/hartlez022/zkZEfypnzu 无候选文件 (总计 1 blob, 扩展名过滤 0, processed_shas 跳过 0, SHA 缓存跳过 1)
[2026-07-12 00:19:40] 🔗 查子仓库: hartlez022/zkZEfypnzu
[2026-07-12 00:19:40]   用户 hartlez022 共查 0 个仓库
[2026-07-12 00:19:40] 🔗 开始 Fork 链追踪 (hartlez022/zkZEfypnzu)
[2026-07-12 00:19:40] 仓库 https://github.com/hartlez022/FoUOzcDnIL (分支: main, size: 3KB, pushed: 2026-07-10T16:45:51Z)
[2026-07-12 00:19:40] 👤 遍历用户仓库: owenbrave
[2026-07-12 00:19:40]   用户 hartlez022 共查 0 个仓库
[2026-07-12 00:19:40] 仓库 https://github.com/owenbrave/hIYbMVdb (分支: main, size: 3KB, pushed: 2026-07-10T16:44:40Z)
[2026-07-12 00:19:40] 👤 遍历用户仓库: hartlez022
[2026-07-12 00:19:40] 仓库 https://github.com/hartlez022/FoUOzcDnIL 无候选文件 (总计 1 blob, 扩展名过滤 0, processed_shas 跳过 0, SHA 缓存跳过 1)
[2026-07-12 00:19:40] 🔗 查子仓库: hartlez022/FoUOzcDnIL
[2026-07-12 00:19:40] 🔗 开始 Fork 链追踪 (hartlez022/FoUOzcDnIL)
[2026-07-12 00:19:40] 仓库 https://github.com/owenbrave/hIYbMVdb 无候选文件 (总计 1 blob, 扩展名过滤 0, processed_shas 跳过 0, SHA 缓存跳过 1)
[2026-07-12 00:19:40] 🔗 查子仓库: owenbrave/hIYbMVdb
[2026-07-12 00:19:40] 🔗 开始 Fork 链追踪 (owenbrave/hIYbMVdb)
[2026-07-12 00:19:40] 👤 遍历用户仓库: hartlez022
[2026-07-12 00:19:40] 👤 遍历用户仓库: owenbrave
[2026-07-12 00:19:41]   👤 用户仓库: 30 个 → 队列
[2026-07-12 00:19:41]   用户 owenbrave 共查 30 个仓库
[2026-07-12 00:19:41] 仓库 https://github.com/owenbrave/efRsqAIJ (分支: main, size: 2KB, pushed: 2026-07-10T16:41:53Z)
[2026-07-12 00:19:41] 仓库 https://github.com/owenbrave/efRsqAIJ 无候选文件 (总计 1 blob, 扩展名过滤 0, processed_shas 跳过 0, SHA 缓存跳过 1)
[2026-07-12 00:19:41] 🔗 查子仓库: owenbrave/efRsqAIJ
[2026-07-12 00:19:41] 🔗 开始 Fork 链追踪 (owenbrave/efRsqAIJ)
[2026-07-12 00:19:41]   👤 用户仓库: 30 个 → 队列
[2026-07-12 00:19:41]   用户 owenbrave 共查 30 个仓库
[2026-07-12 00:19:41] 仓库 https://github.com/hartlez022/rydtMDHIBG (分支: main, size: 3KB, pushed: 2026-07-10T16:41:18Z)[2026-07-12 00:19:41] 👤 遍历用户仓库: owenbrave

[2026-07-12 00:19:41]   用户 hartlez022 共查 0 个仓库
[2026-07-12 00:19:41] 仓库 https://github.com/owenbrave/yYxyDhPM (分支: main, size: 2KB, pushed: 2026-07-10T16:39:05Z)
[2026-07-12 00:19:41]   用户 hartlez022 共查 0 个仓库
[2026-07-12 00:19:41] 仓库 https://github.com/owenbrave/QCXHWStE (分支: main, size: 2KB, pushed: 2026-07-10T16:37:37Z)
[2026-07-12 00:19:41] 仓库 https://github.com/hartlez022/rydtMDHIBG 无候选文件 (总计 1 blob, 扩展名过滤 0, processed_shas 跳过 0, SHA 缓存跳过 1)
[2026-07-12 00:19:41] 🔗 查子仓库: hartlez022/rydtMDHIBG
[2026-07-12 00:19:41] 🔗 开始 Fork 链追踪 (hartlez022/rydtMDHIBG)
[2026-07-12 00:19:41] 仓库 https://github.com/owenbrave/yYxyDhPM 无候选文件 (总计 1 blob, 扩展名过滤 0, processed_shas 跳过 0, SHA 缓存跳过 1)
[2026-07-12 00:19:41] 🔗 查子仓库: owenbrave/yYxyDhPM
[2026-07-12 00:19:42] 🔗 开始 Fork 链追踪 (owenbrave/yYxyDhPM)
[2026-07-12 00:19:42] 仓库 https://github.com/owenbrave/QCXHWStE 无候选文件 (总计 1 blob, 扩展名过滤 0, processed_shas 跳过 0, SHA 缓存跳过 1)
[2026-07-12 00:19:42] 🔗 查子仓库: owenbrave/QCXHWStE
[2026-07-12 00:19:42] 👤 遍历用户仓库: hartlez022
[2026-07-12 00:19:42] 🔗 开始 Fork 链追踪 (owenbrave/QCXHWStE)
[2026-07-12 00:19:42] 👤 遍历用户仓库: owenbrave
[2026-07-12 00:19:42] 👤 遍历用户仓库: owenbrave
[2026-07-12 00:19:42]   👤 用户仓库: 30 个 → 队列
[2026-07-12 00:19:42]   用户 owenbrave 共查 30 个仓库
[2026-07-12 00:19:42] 仓库 https://github.com/hartlez022/udfOUcETLD (分支: main, size: 3KB, pushed: 2026-07-10T16:35:33Z)
[2026-07-12 00:19:42]   用户 hartlez022 共查 0 个仓库
[2026-07-12 00:19:42] 仓库 https://github.com/owenbrave/bBoBSDwa (分支: main, size: 2KB, pushed: 2026-07-10T16:34:45Z)
[2026-07-12 00:19:42] 仓库 https://github.com/hartlez022/udfOUcETLD 无候选文件 (总计 1 blob, 扩展名过滤 0, processed_shas 跳过 0, SHA 缓存跳过 1)
[2026-07-12 00:19:42] 🔗 查子仓库: hartlez022/udfOUcETLD
[2026-07-12 00:19:42] 🔗 开始 Fork 链追踪 (hartlez022/udfOUcETLD)
[2026-07-12 00:19:42] 仓库 https://github.com/owenbrave/bBoBSDwa 无候选文件 (总计 1 blob, 扩展名过滤 0, processed_shas 跳过 0, SHA 缓存跳过 1)
[2026-07-12 00:19:42] 🔗 查子仓库: owenbrave/bBoBSDwa
[2026-07-12 00:19:42] 🔗 开始 Fork 链追踪 (owenbrave/bBoBSDwa)
[2026-07-12 00:19:42] 👤 遍历用户仓库: hartlez022
[2026-07-12 00:19:42]   用户 hartlez022 共查 0 个仓库
[2026-07-12 00:19:42] 仓库 https://github.com/hartlez022/rdluYpDaQx (分支: main, size: 3KB, pushed: 2026-07-10T16:33:24Z)
[2026-07-12 00:19:42]   👤 用户仓库: 30 个 → 队列
[2026-07-12 00:19:42]   用户 owenbrave 共查 30 个仓库
[2026-07-12 00:19:42] 仓库 https://github.com/owenbrave/ybzoAjgJ (分支: main, size: 2KB, pushed: 2026-07-10T16:33:20Z)
[2026-07-12 00:19:43] 👤 遍历用户仓库: owenbrave
[2026-07-12 00:19:43] 仓库 https://github.com/owenbrave/ybzoAjgJ 无候选文件 (总计 1 blob, 扩展名过滤 0, processed_shas 跳过 0, SHA 缓存跳过 1)
[2026-07-12 00:19:43] 🔗 查子仓库: owenbrave/ybzoAjgJ
[2026-07-12 00:19:43] 仓库 https://github.com/hartlez022/rdluYpDaQx 无候选文件 (总计 1 blob, 扩展名过滤 0, processed_shas 跳过 0, SHA 缓存跳过 1)
[2026-07-12 00:19:43] 🔗 查子仓库: hartlez022/rdluYpDaQx
[2026-07-12 00:19:43] 🔗 开始 Fork 链追踪 (owenbrave/ybzoAjgJ)
[2026-07-12 00:19:43] 🔗 开始 Fork 链追踪 (hartlez022/rdluYpDaQx)
[2026-07-12 00:19:43] 👤 遍历用户仓库: hartlez022
[2026-07-12 00:19:43] 👤 遍历用户仓库: owenbrave
[2026-07-12 00:19:43]   👤 用户仓库: 30 个 → 队列
[2026-07-12 00:19:43]   用户 owenbrave 共查 30 个仓库
[2026-07-12 00:19:43] 仓库 https://github.com/cauwen/XXPqxPKTjA (分支: main, size: 3KB, pushed: 2026-07-10T16:29:56Z)
[2026-07-12 00:19:43] 仓库 https://github.com/cauwen/XXPqxPKTjA 无候选文件 (总计 1 blob, 扩展名过滤 0, processed_shas 跳过 0, SHA 缓存跳过 1)
[2026-07-12 00:19:43] 🔗 查子仓库: cauwen/XXPqxPKTjA
[2026-07-12 00:19:43] 🔗 开始 Fork 链追踪 (cauwen/XXPqxPKTjA)
[2026-07-12 00:19:43]   用户 hartlez022 共查 0 个仓库
[2026-07-12 00:19:43] 仓库 https://github.com/owenbrave/bgsLMrfd (分支: main, size: 2KB, pushed: 2026-07-10T16:29:04Z)
[2026-07-12 00:19:44] 👤 遍历用户仓库: cauwen
[2026-07-12 00:19:44] 仓库 https://github.com/owenbrave/bgsLMrfd 无候选文件 (总计 1 blob, 扩展名过滤 0, processed_shas 跳过 0, SHA 缓存跳过 1)
[2026-07-12 00:19:44] 🔗 查子仓库: owenbrave/bgsLMrfd
[2026-07-12 00:19:44]   👤 用户仓库: 30 个 → 队列
[2026-07-12 00:19:44]   用户 owenbrave 共查 30 个仓库
[2026-07-12 00:19:44] 仓库 https://github.com/cauwen/oInmgiJjoO (分支: main, size: 3KB, pushed: 2026-07-10T16:27:40Z)
[2026-07-12 00:19:44]   👤 用户仓库: 30 个 → 队列
[2026-07-12 00:19:44]   用户 owenbrave 共查 30 个仓库
[2026-07-12 00:19:44] 仓库 https://github.com/cauwen/qJcrqoyQJH (分支: main, size: 3KB, pushed: 2026-07-10T16:26:33Z)
[2026-07-12 00:19:44] 🔗 开始 Fork 链追踪 (owenbrave/bgsLMrfd)
[2026-07-12 00:19:44] 仓库 https://github.com/cauwen/qJcrqoyQJH 无候选文件 (总计 1 blob, 扩展名过滤 0, processed_shas 跳过 0, SHA 缓存跳过 1)
[2026-07-12 00:19:44] 🔗 查子仓库: cauwen/qJcrqoyQJH
[2026-07-12 00:19:44] 仓库 https://github.com/cauwen/oInmgiJjoO 无候选文件 (总计 1 blob, 扩展名过滤 0, processed_shas 跳过 0, SHA 缓存跳过 1)
[2026-07-12 00:19:44] 🔗 查子仓库: cauwen/oInmgiJjoO
[2026-07-12 00:19:44] 👤 遍历用户仓库: owenbrave
[2026-07-12 00:19:44] 🔗 开始 Fork 链追踪 (cauwen/qJcrqoyQJH)
[2026-07-12 00:19:44] 🔗 开始 Fork 链追踪 (cauwen/oInmgiJjoO)
[2026-07-12 00:19:44] 👤 遍历用户仓库: cauwen
[2026-07-12 00:19:44] 👤 遍历用户仓库: cauwen
[2026-07-12 00:19:44]   👤 用户仓库: 30 个 → 队列
[2026-07-12 00:19:44]   用户 owenbrave 共查 30 个仓库
[2026-07-12 00:19:44] 仓库 https://github.com/cauwen/XFoEEFLXWZ (分支: main, size: 3KB, pushed: 2026-07-10T16:24:24Z)
[2026-07-12 00:19:44]   用户 hartlez022 共查 0 个仓库
[2026-07-12 00:19:44] 仓库 https://github.com/cauwen/DmRcSfhJMd (分支: main, size: 3KB, pushed: 2026-07-10T16:22:03Z)
[2026-07-12 00:19:45] 仓库 https://github.com/cauwen/XFoEEFLXWZ 无候选文件 (总计 1 blob, 扩展名过滤 0, processed_shas 跳过 0, SHA 缓存跳过 1)
[2026-07-12 00:19:45] 🔗 查子仓库: cauwen/XFoEEFLXWZ
[2026-07-12 00:19:45] 仓库 https://github.com/cauwen/DmRcSfhJMd 无候选文件 (总计 1 blob, 扩展名过滤 0, processed_shas 跳过 0, SHA 缓存跳过 1)
[2026-07-12 00:19:45] 🔗 查子仓库: cauwen/DmRcSfhJMd
[2026-07-12 00:19:45] 🔗 开始 Fork 链追踪 (cauwen/DmRcSfhJMd)[2026-07-12 00:19:45] 🔗 开始 Fork 链追踪 (cauwen/XFoEEFLXWZ)

[2026-07-12 00:19:45] 👤 遍历用户仓库: cauwen
[2026-07-12 00:19:45]   用户 hartlez022 共查 0 个仓库
[2026-07-12 00:19:45] 👤 遍历用户仓库: cauwen[2026-07-12 00:19:45] 仓库 https://github.com/cauwen/xYHqqsReLQ (分支: main, size: 3KB, pushed: 2026-07-10T16:20:55Z)

[2026-07-12 00:19:45]   👤 用户仓库: 30 个 → 队列
[2026-07-12 00:19:45]   用户 owenbrave 共查 30 个仓库
[2026-07-12 00:19:45] 仓库 https://github.com/s459517271/Commonly-used-high-value-skills (分支: main, size: 15165KB, pushed: 2026-07-10T16:19:58Z)
[2026-07-12 00:19:45] 仓库 https://github.com/cauwen/xYHqqsReLQ 无候选文件 (总计 1 blob, 扩展名过滤 0, processed_shas 跳过 0, SHA 缓存跳过 1)
[2026-07-12 00:19:45] 🔗 查子仓库: cauwen/xYHqqsReLQ
[2026-07-12 00:19:45] 🔗 开始 Fork 链追踪 (cauwen/xYHqqsReLQ)
[2026-07-12 00:19:45] 仓库 https://github.com/s459517271/Commonly-used-high-value-skills 候选文件 32 个
[2026-07-12 00:19:45] 👤 遍历用户仓库: cauwen
[2026-07-12 00:19:47] 仓库 https://github.com/s459517271/Commonly-used-high-value-skills 未提取到节点，加入黑名单
[2026-07-12 00:19:47] 仓库 https://github.com/cauwen/yoWrTxUhjF (分支: main, size: 3KB, pushed: 2026-07-10T16:19:48Z)
[2026-07-12 00:19:47]   👤 用户仓库: 30 个 → 队列
[2026-07-12 00:19:47]   用户 owenbrave 共查 30 个仓库
[2026-07-12 00:19:47] ⏭️ 仓库 https://github.com/cauwen/kbTSgxGCmP 24h 未更新，跳过
[2026-07-12 00:19:47] ⏭️ 仓库 https://github.com/cauwen/DniIlLYVzi 24h 未更新，跳过
[2026-07-12 00:19:47] ⏭️ 仓库 https://github.com/cauwen/kexunopZPI 24h 未更新，跳过
[2026-07-12 00:19:47] ⏭️ 仓库 https://github.com/jahnfrens/tatZKISPZr 24h 未更新，跳过
[2026-07-12 00:19:47] ⏭️ 仓库 https://github.com/jahnfrens/TpQHTdsiej 24h 未更新，跳过
[2026-07-12 00:19:47] ⏭️ 仓库 https://github.com/jahnfrens/RrzOccJULt 24h 未更新，跳过
[2026-07-12 00:19:47] ⏭️ 仓库 https://github.com/jahnfrens/xaGtZoFBLE 24h 未更新，跳过
[2026-07-12 00:19:47] ⏭️ 仓库 https://github.com/SzeMeng76/CORSAPI 24h 未更新，跳过
[2026-07-12 00:19:47] ⏭️ 仓库 https://github.com/ahochika/CORSAPI 24h 未更新，跳过
[2026-07-12 00:19:47] ⏭️ 仓库 https://github.com/boom5497/WrdMBmGh 24h 未更新，跳过
[2026-07-12 00:19:47] ⏭️ 仓库 https://github.com/boom5497/wQuXeXdS 24h 未更新，跳过
[2026-07-12 00:19:47] ⏭️ 仓库 https://github.com/boom5497/Acpoumhf 25h 未更新，跳过
[2026-07-12 00:19:47] ⏭️ 仓库 https://github.com/boom5497/xAKwgDza 25h 未更新，跳过
[2026-07-12 00:19:47] ⏭️ 仓库 https://github.com/boom5497/UNtwKOSJ 25h 未更新，跳过
[2026-07-12 00:19:47] 仓库 https://github.com/firstrain311/cfnb (分支: main, size: 622KB, pushed: 2026-07-11T13:12:02Z)
[2026-07-12 00:19:47] 仓库 https://github.com/firstrain311/cfnb 无候选文件 (总计 12 blob, 扩展名过滤 7, processed_shas 跳过 0, SHA 缓存跳过 5)
[2026-07-12 00:19:47] 🔗 查子仓库: firstrain311/cfnb
[2026-07-12 00:19:47] 仓库 https://github.com/cauwen/yoWrTxUhjF 无候选文件 (总计 1 blob, 扩展名过滤 0, processed_shas 跳过 0, SHA 缓存跳过 1)
[2026-07-12 00:19:47] 🔗 查子仓库: cauwen/yoWrTxUhjF
[2026-07-12 00:19:47] 🔗 开始 Fork 链追踪 (firstrain311/cfnb)
[2026-07-12 00:19:47] 🔗 开始 Fork 链追踪 (cauwen/yoWrTxUhjF)
[2026-07-12 00:19:47] 👤 遍历用户仓库: cauwen
[2026-07-12 00:19:47]   父仓库: xinyitang3/cfnb
[2026-07-12 00:19:47] 仓库在黑名单中: https://github.com/xinyitang3/cfnb
[2026-07-12 00:19:47]   父仓库 +0 个节点
[2026-07-12 00:19:47]   👤 用户仓库: 30 个 → 队列[2026-07-12 00:19:47]   👤 用户仓库: 30 个 → 队列

[2026-07-12 00:19:47]   用户 cauwen 共查 30 个仓库[2026-07-12 00:19:47]   用户 cauwen 共查 30 个仓库

[2026-07-12 00:19:47] ⚠️ 仓库 https://github.com/kklkdg/ai-writing-buddy 大小为 0，跳过
[2026-07-12 00:19:47] 仓库 https://github.com/waited33/cfnb (分支: main, size: 47KB, pushed: 2026-07-11T08:21:42Z)
[2026-07-12 00:19:47] 仓库 https://github.com/sucooer/CloudFlare-ImgBed (分支: main, size: 713827KB, pushed: 2026-07-11T16:11:10Z)
[2026-07-12 00:19:47]   👤 用户仓库: 15 个 → 队列
[2026-07-12 00:19:47]   用户 cauwen 共查 15 个仓库
[2026-07-12 00:19:47] 仓库 https://github.com/dumpmemory/cloudflare_temp_email (分支: main, size: 10172KB, pushed: 2026-07-11T16:05:27Z)
[2026-07-12 00:19:48] 仓库 https://github.com/waited33/cfnb 候选文件 2 个
[2026-07-12 00:19:48] 仓库 https://github.com/sucooer/CloudFlare-ImgBed 无候选文件 (总计 226 blob, 扩展名过滤 208, processed_shas 跳过 0, SHA 缓存跳过 18)
[2026-07-12 00:19:48] 🔗 查子仓库: sucooer/CloudFlare-ImgBed
[2026-07-12 00:19:48] 仓库 https://github.com/dumpmemory/cloudflare_temp_email 候选文件 2 个
[2026-07-12 00:19:48] 🔗 开始 Fork 链追踪 (sucooer/CloudFlare-ImgBed)
[2026-07-12 00:19:48]   用户 cauwen 共查 0 个仓库
[2026-07-12 00:19:48] 仓库 https://github.com/cq230/CloudFlare-ImgBed (分支: main, size: 713827KB, pushed: 2026-07-11T16:05:09Z)
[2026-07-12 00:19:48]   用户 cauwen 共查 0 个仓库
[2026-07-12 00:19:48] 仓库 https://github.com/haoxinyu1/CloudFlare-ImgBed (分支: main, size: 713826KB, pushed: 2026-07-11T15:57:14Z)
[2026-07-12 00:19:48]   父仓库: MarSeventh/CloudFlare-ImgBed
[2026-07-12 00:19:48] 仓库 https://github.com/MarSeventh/CloudFlare-ImgBed (分支: main, size: 719721KB, pushed: 2026-07-11T11:09:45Z)
[2026-07-12 00:19:48] 仓库 https://github.com/waited33/cfnb README 含广告词，加入黑名单
[2026-07-12 00:19:48] 仓库 https://github.com/GZC888/CloudFlare-ImgBed (分支: main, size: 713826KB, pushed: 2026-07-11T15:53:10Z)
[2026-07-12 00:19:48] 仓库 https://github.com/cq230/CloudFlare-ImgBed 无候选文件 (总计 226 blob, 扩展名过滤 208, processed_shas 跳过 0, SHA 缓存跳过 18)
[2026-07-12 00:19:48] 🔗 查子仓库: cq230/CloudFlare-ImgBed
[2026-07-12 00:19:48] 仓库 https://github.com/haoxinyu1/CloudFlare-ImgBed 无候选文件 (总计 226 blob, 扩展名过滤 208, processed_shas 跳过 0, SHA 缓存跳过 18)
[2026-07-12 00:19:48] 🔗 查子仓库: haoxinyu1/CloudFlare-ImgBed
[2026-07-12 00:19:48] 仓库 https://github.com/dumpmemory/cloudflare_temp_email 未提取到节点，加入黑名单
[2026-07-12 00:19:48] 仓库 https://github.com/OrangeCatSleepless/cloudflare_temp_email (分支: main, size: 10172KB, pushed: 2026-07-11T15:32:35Z)
[2026-07-12 00:19:48] 🔗 开始 Fork 链追踪 (cq230/CloudFlare-ImgBed)
[2026-07-12 00:19:48] 仓库 https://github.com/MarSeventh/CloudFlare-ImgBed 无候选文件 (总计 226 blob, 扩展名过滤 208, processed_shas 跳过 0, SHA 缓存跳过 18)
[2026-07-12 00:19:48] 👤 遍历用户仓库: MarSeventh
[2026-07-12 00:19:48] 🔗 开始 Fork 链追踪 (haoxinyu1/CloudFlare-ImgBed)
[2026-07-12 00:19:48]   🍴 兄弟仓库: 30 个 → 队列
[2026-07-12 00:19:48] 👤 遍历用户仓库: firstrain311
[2026-07-12 00:19:48] 仓库 https://github.com/GZC888/CloudFlare-ImgBed 无候选文件 (总计 226 blob, 扩展名过滤 208, processed_shas 跳过 0, SHA 缓存跳过 18)
[2026-07-12 00:19:48] 🔗 查子仓库: GZC888/CloudFlare-ImgBed
[2026-07-12 00:19:48]   用户 cauwen 共查 0 个仓库
[2026-07-12 00:19:48] 仓库 https://github.com/wonktondI/CloudFlare-ImgBed (分支: main, size: 719564KB, pushed: 2026-07-11T15:18:58Z)
[2026-07-12 00:19:48] 仓库 https://github.com/OrangeCatSleepless/cloudflare_temp_email 无候选文件 (总计 418 blob, 扩展名过滤 278, processed_shas 跳过 2, SHA 缓存跳过 138)
[2026-07-12 00:19:48] 🔗 查子仓库: OrangeCatSleepless/cloudflare_temp_email
[2026-07-12 00:19:48]   父仓库: MarSeventh/CloudFlare-ImgBed
[2026-07-12 00:19:48] 仓库 https://github.com/MarSeventh/CloudFlare-ImgBed (分支: main, size: 719721KB, pushed: 2026-07-11T11:09:45Z)
[2026-07-12 00:19:48] 🔗 开始 Fork 链追踪 (GZC888/CloudFlare-ImgBed)
[2026-07-12 00:19:48]   父仓库: MarSeventh/CloudFlare-ImgBed
[2026-07-12 00:19:48] 仓库 https://github.com/MarSeventh/CloudFlare-ImgBed (分支: main, size: 719721KB, pushed: 2026-07-11T11:09:45Z)
[2026-07-12 00:19:48] 🔗 开始 Fork 链追踪 (OrangeCatSleepless/cloudflare_temp_email)
[2026-07-12 00:19:48] 仓库 https://github.com/MarSeventh/CloudFlare-ImgBed 无候选文件 (总计 226 blob, 扩展名过滤 208, processed_shas 跳过 0, SHA 缓存跳过 18)
[2026-07-12 00:19:48] 👤 遍历用户仓库: MarSeventh
[2026-07-12 00:19:49] 仓库 https://github.com/wonktondI/CloudFlare-ImgBed 无候选文件 (总计 226 blob, 扩展名过滤 208, processed_shas 跳过 0, SHA 缓存跳过 18)
[2026-07-12 00:19:49] 🔗 查子仓库: wonktondI/CloudFlare-ImgBed
[2026-07-12 00:19:49]   父仓库: MarSeventh/CloudFlare-ImgBed
[2026-07-12 00:19:49] 仓库 https://github.com/MarSeventh/CloudFlare-ImgBed (分支: main, size: 719721KB, pushed: 2026-07-11T11:09:45Z)
[2026-07-12 00:19:49] 仓库 https://github.com/MarSeventh/CloudFlare-ImgBed 无候选文件 (总计 226 blob, 扩展名过滤 208, processed_shas 跳过 0, SHA 缓存跳过 18)
[2026-07-12 00:19:49] 👤 遍历用户仓库: MarSeventh
[2026-07-12 00:19:49] 🔗 开始 Fork 链追踪 (wonktondI/CloudFlare-ImgBed)
[2026-07-12 00:19:49]   父仓库: dreamhunter2333/cloudflare_temp_email
[2026-07-12 00:19:49] 仓库在黑名单中: https://github.com/dreamhunter2333/cloudflare_temp_email
[2026-07-12 00:19:49]   父仓库 +0 个节点
[2026-07-12 00:19:49] 仓库 https://github.com/MarSeventh/CloudFlare-ImgBed 无候选文件 (总计 226 blob, 扩展名过滤 208, processed_shas 跳过 0, SHA 缓存跳过 18)
[2026-07-12 00:19:49] 👤 遍历用户仓库: MarSeventh
[2026-07-12 00:19:49]   👤 用户仓库: 3 个 → 队列
[2026-07-12 00:19:49]   用户 MarSeventh 共查 3 个仓库
[2026-07-12 00:19:49]   父仓库 +0 个节点
[2026-07-12 00:19:49]   用户 MarSeventh 共查 0 个仓库
[2026-07-12 00:19:49]   父仓库 +0 个节点
[2026-07-12 00:19:49]   用户 MarSeventh 共查 0 个仓库
[2026-07-12 00:19:49]   父仓库 +0 个节点
[2026-07-12 00:19:49]   父仓库: MarSeventh/CloudFlare-ImgBed
[2026-07-12 00:19:49]   👤 用户仓库: 30 个 → 队列
[2026-07-12 00:19:49]   用户 firstrain311 共查 30 个仓库
[2026-07-12 00:19:49] 仓库 https://github.com/Cvsly/CloudFlare-ImgBed (分支: main, size: 719564KB, pushed: 2026-07-11T15:18:52Z)
[2026-07-12 00:19:49]   用户 MarSeventh 共查 0 个仓库
[2026-07-12 00:19:49]   父仓库 +0 个节点
[2026-07-12 00:19:49] 仓库 https://github.com/Cvsly/CloudFlare-ImgBed 无候选文件 (总计 226 blob, 扩展名过滤 208, processed_shas 跳过 0, SHA 缓存跳过 18)
[2026-07-12 00:19:49] 🔗 查子仓库: Cvsly/CloudFlare-ImgBed
[2026-07-12 00:19:49] 🔗 开始 Fork 链追踪 (Cvsly/CloudFlare-ImgBed)
[2026-07-12 00:19:49]   父仓库: MarSeventh/CloudFlare-ImgBed
[2026-07-12 00:19:49]   用户 cauwen 共查 0 个仓库
[2026-07-12 00:19:49] 仓库 https://github.com/gyagp/awesome-zhuiju-free (分支: main, size: 901KB, pushed: 2026-07-11T15:17:18Z)
[2026-07-12 00:19:50] 仓库 https://github.com/gyagp/awesome-zhuiju-free 候选文件 24 个
[2026-07-12 00:19:50]   🍴 兄弟仓库: 29 个 → 队列[2026-07-12 00:19:50] 👤 遍历用户仓库: haoxinyu1[2026-07-12 00:19:50]   🍴 兄弟仓库: 30 个 → 队列


[2026-07-12 00:19:50] 👤 遍历用户仓库: wonktondI[2026-07-12 00:19:50] 👤 遍历用户仓库: sucooer[2026-07-12 00:19:50] 👤 遍历用户仓库: GZC888[2026-07-12 00:19:50] 👤 遍历用户仓库: cq230



[2026-07-12 00:19:50]   🍴 兄弟仓库: 30 个 → 队列
[2026-07-12 00:19:50] 👤 遍历用户仓库: OrangeCatSleepless
[2026-07-12 00:19:50] 仓库 https://github.com/gyagp/awesome-zhuiju-free README 含广告词，加入黑名单
[2026-07-12 00:19:50] 仓库 https://github.com/lingbaoboy/CloudFlare-ImgBed (分支: main, size: 719564KB, pushed: 2026-07-11T15:15:27Z)
[2026-07-12 00:19:50] 仓库 https://github.com/lingbaoboy/CloudFlare-ImgBed 无候选文件 (总计 226 blob, 扩展名过滤 208, processed_shas 跳过 0, SHA 缓存跳过 18)
[2026-07-12 00:19:50] 🔗 查子仓库: lingbaoboy/CloudFlare-ImgBed
[2026-07-12 00:19:50]   👤 用户仓库: 10 个 → 队列
[2026-07-12 00:19:50]   用户 cq230 共查 10 个仓库
[2026-07-12 00:19:50] 仓库 https://github.com/snakexgc/CloudFlare-ImgBed (分支: main, size: 719564KB, pushed: 2026-07-11T15:14:39Z)
[2026-07-12 00:19:50] 👤 遍历用户仓库: Cvsly
[2026-07-12 00:19:50] 🔗 开始 Fork 链追踪 (lingbaoboy/CloudFlare-ImgBed)
[2026-07-12 00:19:51]   👤 用户仓库: 30 个 → 队列
[2026-07-12 00:19:51]   用户 OrangeCatSleepless 共查 30 个仓库
[2026-07-12 00:19:51] 仓库 https://github.com/creeper2020/live (分支: main, size: 1713910KB, pushed: 2026-07-11T15:14:12Z)
[2026-07-12 00:19:51]   👤 用户仓库: 21 个 → 队列
[2026-07-12 00:19:51]   用户 wonktondI 共查 21 个仓库
[2026-07-12 00:19:51] 仓库 https://github.com/erziorg/live (分支: main, size: 1713499KB, pushed: 2026-07-11T15:13:36Z)
[2026-07-12 00:19:51] 仓库 https://github.com/snakexgc/CloudFlare-ImgBed 无候选文件 (总计 226 blob, 扩展名过滤 208, processed_shas 跳过 0, SHA 缓存跳过 18)
[2026-07-12 00:19:51] 🔗 查子仓库: snakexgc/CloudFlare-ImgBed
[2026-07-12 00:19:51]   父仓库: MarSeventh/CloudFlare-ImgBed
[2026-07-12 00:19:51] 🔗 开始 Fork 链追踪 (snakexgc/CloudFlare-ImgBed)
[2026-07-12 00:19:51] 仓库 https://github.com/creeper2020/live 无候选文件 (总计 1447 blob, 扩展名过滤 1437, processed_shas 跳过 0, SHA 缓存跳过 10)
[2026-07-12 00:19:51] 🔗 查子仓库: creeper2020/live
[2026-07-12 00:19:51] 仓库 https://github.com/erziorg/live 无候选文件 (总计 1447 blob, 扩展名过滤 1437, processed_shas 跳过 0, SHA 缓存跳过 10)
[2026-07-12 00:19:51] 🔗 查子仓库: erziorg/live
[2026-07-12 00:19:51]   👤 用户仓库: 30 个 → 队列
[2026-07-12 00:19:51]   用户 sucooer 共查 30 个仓库
[2026-07-12 00:19:51] 仓库 https://github.com/ihymn/fanmingminglive (分支: main, size: 1680247KB, pushed: 2026-07-11T15:12:11Z)
[2026-07-12 00:19:51] 🔗 开始 Fork 链追踪 (creeper2020/live)
[2026-07-12 00:19:51]   父仓库: MarSeventh/CloudFlare-ImgBed
[2026-07-12 00:19:51] 🔗 开始 Fork 链追踪 (erziorg/live)
[2026-07-12 00:19:51]   父仓库: fanmingming/live
[2026-07-12 00:19:51] 仓库 https://github.com/fanmingming/live (分支: main, size: 1698290KB, pushed: 2026-07-11T08:54:05Z)
[2026-07-12 00:19:51]   👤 用户仓库: 30 个 → 队列
[2026-07-12 00:19:51]   用户 GZC888 共查 30 个仓库
[2026-07-12 00:19:51] 仓库 https://github.com/leiyou-li/gxlive (分支: main, size: 1633755KB, pushed: 2026-07-11T15:12:04Z)
[2026-07-12 00:19:51] 仓库 https://github.com/ihymn/fanmingminglive 无候选文件 (总计 1447 blob, 扩展名过滤 1437, processed_shas 跳过 0, SHA 缓存跳过 10)
[2026-07-12 00:19:51] 🔗 查子仓库: ihymn/fanmingminglive
[2026-07-12 00:19:51]   父仓库: fanmingming/live
[2026-07-12 00:19:51] 仓库 https://github.com/fanmingming/live (分支: main, size: 1698290KB, pushed: 2026-07-11T08:54:05Z)
[2026-07-12 00:19:51] 🔗 开始 Fork 链追踪 (ihymn/fanmingminglive)
[2026-07-12 00:19:51] 仓库 https://github.com/fanmingming/live 无候选文件 (总计 1447 blob, 扩展名过滤 1437, processed_shas 跳过 0, SHA 缓存跳过 10)
[2026-07-12 00:19:51] 👤 遍历用户仓库: fanmingming
[2026-07-12 00:19:51] 仓库 https://github.com/fanmingming/live 无候选文件 (总计 1447 blob, 扩展名过滤 1437, processed_shas 跳过 0, SHA 缓存跳过 10)
[2026-07-12 00:19:51] 👤 遍历用户仓库: fanmingming
[2026-07-12 00:19:51] 仓库 https://github.com/leiyou-li/gxlive 无候选文件 (总计 1444 blob, 扩展名过滤 1434, processed_shas 跳过 0, SHA 缓存跳过 10)
[2026-07-12 00:19:51] 🔗 查子仓库: leiyou-li/gxlive
[2026-07-12 00:19:51]   父仓库: fanmingming/live
[2026-07-12 00:19:51] 仓库 https://github.com/fanmingming/live (分支: main, size: 1698290KB, pushed: 2026-07-11T08:54:05Z)
[2026-07-12 00:19:51] 🔗 开始 Fork 链追踪 (leiyou-li/gxlive)
[2026-07-12 00:19:52]   👤 用户仓库: 30 个 → 队列
[2026-07-12 00:19:52]   用户 Cvsly 共查 30 个仓库
[2026-07-12 00:19:52] 仓库 https://github.com/fydyy/live (分支: main, size: 1668834KB, pushed: 2026-07-11T15:11:37Z)
[2026-07-12 00:19:52]   👤 用户仓库: 1 个 → 队列
[2026-07-12 00:19:52]   用户 fanmingming 共查 1 个仓库
[2026-07-12 00:19:52]   父仓库 +0 个节点
[2026-07-12 00:19:52]   用户 fanmingming 共查 0 个仓库
[2026-07-12 00:19:52]   父仓库 +0 个节点
[2026-07-12 00:19:52]   父仓库: fanmingming/live
[2026-07-12 00:19:52] 仓库 https://github.com/fanmingming/live 无候选文件 (总计 1447 blob, 扩展名过滤 1437, processed_shas 跳过 0, SHA 缓存跳过 10)
[2026-07-12 00:19:52] 👤 遍历用户仓库: fanmingming
[2026-07-12 00:19:52] 👤 遍历用户仓库: lingbaoboy
[2026-07-12 00:19:52] 👤 遍历用户仓库: snakexgc
[2026-07-12 00:19:52] 仓库 https://github.com/fydyy/live 无候选文件 (总计 1447 blob, 扩展名过滤 1437, processed_shas 跳过 0, SHA 缓存跳过 10)
[2026-07-12 00:19:52] 🔗 查子仓库: fydyy/live
[2026-07-12 00:19:52] 🔗 开始 Fork 链追踪 (fydyy/live)
[2026-07-12 00:19:52]   👤 用户仓库: 9 个 → 队列
[2026-07-12 00:19:52]   用户 lingbaoboy 共查 9 个仓库
[2026-07-12 00:19:52] 仓库 https://github.com/beOJZ/CloudFlare-ImgBed (分支: main, size: 719564KB, pushed: 2026-07-11T15:07:14Z)
[2026-07-12 00:19:52]   用户 fanmingming 共查 0 个仓库
[2026-07-12 00:19:52]   父仓库 +0 个节点
[2026-07-12 00:19:52]   父仓库: fanmingming/live
[2026-07-12 00:19:52] 仓库 https://github.com/beOJZ/CloudFlare-ImgBed 无候选文件 (总计 226 blob, 扩展名过滤 208, processed_shas 跳过 0, SHA 缓存跳过 18)
[2026-07-12 00:19:52] 🔗 查子仓库: beOJZ/CloudFlare-ImgBed
[2026-07-12 00:19:52]   👤 用户仓库: 21 个 → 队列
[2026-07-12 00:19:52]   用户 snakexgc 共查 21 个仓库
[2026-07-12 00:19:52] 仓库 https://github.com/zhangfanxp/speech_agent (分支: main, size: 22KB, pushed: 2026-07-11T15:07:01Z)
[2026-07-12 00:19:52] 🔗 开始 Fork 链追踪 (beOJZ/CloudFlare-ImgBed)
[2026-07-12 00:19:52] 仓库 https://github.com/zhangfanxp/speech_agent 候选文件 4 个
[2026-07-12 00:19:52]   父仓库: MarSeventh/CloudFlare-ImgBed
[2026-07-12 00:19:53]   🍴 兄弟仓库: 23 个 → 队列
[2026-07-12 00:19:53] 👤 遍历用户仓库: creeper2020[2026-07-12 00:19:53] 👤 遍历用户仓库: ihymn

[2026-07-12 00:19:53]   🍴 兄弟仓库: 29 个 → 队列
[2026-07-12 00:19:53] 👤 遍历用户仓库: erziorg
[2026-07-12 00:19:53] 👤 遍历用户仓库: leiyou-li
[2026-07-12 00:19:53] 仓库 https://github.com/zhangfanxp/speech_agent 未提取到节点，加入黑名单
[2026-07-12 00:19:53] 仓库 https://github.com/xqd922/CloudFlare-ImgBed (分支: main, size: 719564KB, pushed: 2026-07-11T15:06:17Z)
[2026-07-12 00:19:53] 👤 遍历用户仓库: fydyy
[2026-07-12 00:19:53] 仓库 https://github.com/xqd922/CloudFlare-ImgBed 无候选文件 (总计 226 blob, 扩展名过滤 208, processed_shas 跳过 0, SHA 缓存跳过 18)
[2026-07-12 00:19:53] 🔗 查子仓库: xqd922/CloudFlare-ImgBed
[2026-07-12 00:19:53] 🔗 开始 Fork 链追踪 (xqd922/CloudFlare-ImgBed)
[2026-07-12 00:19:53]   👤 用户仓库: 2 个 → 队列
[2026-07-12 00:19:53]   用户 fydyy 共查 2 个仓库
[2026-07-12 00:19:53] 仓库 https://github.com/tszlznl/CloudFlare-ImgBed (分支: main, size: 719564KB, pushed: 2026-07-11T15:02:13Z)
[2026-07-12 00:19:53] 👤 遍历用户仓库: beOJZ
[2026-07-12 00:19:53]   父仓库: MarSeventh/CloudFlare-ImgBed
[2026-07-12 00:19:53]   👤 用户仓库: 4 个 → 队列
[2026-07-12 00:19:53]   用户 beOJZ 共查 4 个仓库
[2026-07-12 00:19:53] 仓库 https://github.com/rockzhang99/substack-exporter (分支: main, size: 189KB, pushed: 2026-07-11T14:59:55Z)
[2026-07-12 00:19:53] 仓库 https://github.com/tszlznl/CloudFlare-ImgBed 无候选文件 (总计 226 blob, 扩展名过滤 208, processed_shas 跳过 0, SHA 缓存跳过 18)
[2026-07-12 00:19:53] 🔗 查子仓库: tszlznl/CloudFlare-ImgBed
[2026-07-12 00:19:53]   👤 用户仓库: 30 个 → 队列
[2026-07-12 00:19:53]   用户 creeper2020 共查 30 个仓库
[2026-07-12 00:19:53] 仓库 https://github.com/xiaohaiya/fanmingming-live (分支: main, size: 1698290KB, pushed: 2026-07-11T14:58:56Z)
[2026-07-12 00:19:53] 🔗 开始 Fork 链追踪 (tszlznl/CloudFlare-ImgBed)
[2026-07-12 00:19:53] 仓库 https://github.com/rockzhang99/substack-exporter 候选文件 4 个
[2026-07-12 00:19:54] 仓库 https://github.com/xiaohaiya/fanmingming-live 无候选文件 (总计 1447 blob, 扩展名过滤 1437, processed_shas 跳过 0, SHA 缓存跳过 10)
[2026-07-12 00:19:54] 🔗 查子仓库: xiaohaiya/fanmingming-live
[2026-07-12 00:19:54]   父仓库: MarSeventh/CloudFlare-ImgBed
[2026-07-12 00:19:54]   👤 用户仓库: 30 个 → 队列
[2026-07-12 00:19:54]   用户 ihymn 共查 30 个仓库
[2026-07-12 00:19:54] 仓库 https://github.com/KrabsWong/live (分支: main, size: 1698290KB, pushed: 2026-07-11T14:52:10Z)
[2026-07-12 00:19:54] 🔗 开始 Fork 链追踪 (xiaohaiya/fanmingming-live)
[2026-07-12 00:19:54] 仓库 https://github.com/KrabsWong/live 无候选文件 (总计 1447 blob, 扩展名过滤 1437, processed_shas 跳过 0, SHA 缓存跳过 10)
[2026-07-12 00:19:54] 🔗 查子仓库: KrabsWong/live
[2026-07-12 00:19:54] 仓库 https://github.com/rockzhang99/substack-exporter 未提取到节点，加入黑名单
[2026-07-12 00:19:54] 仓库 https://github.com/liuxin03014/CloudFlare-ImgBed (分支: main, size: 719564KB, pushed: 2026-07-11T14:52:05Z)
[2026-07-12 00:19:54]   父仓库: fanmingming/live
[2026-07-12 00:19:54]   👤 用户仓库: 30 个 → 队列
[2026-07-12 00:19:54]   用户 erziorg 共查 30 个仓库
[2026-07-12 00:19:54] 仓库 https://github.com/Komorebiehco/CloudFlare-ImgBed (分支: main, size: 719564KB, pushed: 2026-07-11T14:49:05Z)
[2026-07-12 00:19:54] 🔗 开始 Fork 链追踪 (KrabsWong/live)
[2026-07-12 00:19:54] 仓库 https://github.com/liuxin03014/CloudFlare-ImgBed 无候选文件 (总计 226 blob, 扩展名过滤 208, processed_shas 跳过 0, SHA 缓存跳过 18)
[2026-07-12 00:19:54] 🔗 查子仓库: liuxin03014/CloudFlare-ImgBed
[2026-07-12 00:19:54] 仓库 https://github.com/Komorebiehco/CloudFlare-ImgBed 无候选文件 (总计 226 blob, 扩展名过滤 208, processed_shas 跳过 0, SHA 缓存跳过 18)
[2026-07-12 00:19:54] 🔗 查子仓库: Komorebiehco/CloudFlare-ImgBed
[2026-07-12 00:19:54]   父仓库: fanmingming/live
[2026-07-12 00:19:54] 🔗 开始 Fork 链追踪 (liuxin03014/CloudFlare-ImgBed)
[2026-07-12 00:19:54] 👤 遍历用户仓库: xqd922
[2026-07-12 00:19:54] 🔗 开始 Fork 链追踪 (Komorebiehco/CloudFlare-ImgBed)
[2026-07-12 00:19:54]   父仓库: MarSeventh/CloudFlare-ImgBed
[2026-07-12 00:19:54] 👤 遍历用户仓库: tszlznl
[2026-07-12 00:19:54]   父仓库: MarSeventh/CloudFlare-ImgBed
[2026-07-12 00:19:55] 👤 遍历用户仓库: xiaohaiya
[2026-07-12 00:19:55] 👤 遍历用户仓库: KrabsWong
[2026-07-12 00:19:55]   👤 用户仓库: 30 个 → 队列
[2026-07-12 00:19:55]   用户 tszlznl 共查 30 个仓库
[2026-07-12 00:19:55] 仓库 https://github.com/wofy-92/CloudFlare-ImgBed (分支: main, size: 719564KB, pushed: 2026-07-11T14:42:38Z)
[2026-07-12 00:19:55] 👤 遍历用户仓库: liuxin03014
[2026-07-12 00:19:55] 👤 遍历用户仓库: Komorebiehco
[2026-07-12 00:19:55] 仓库 https://github.com/wofy-92/CloudFlare-ImgBed 无候选文件 (总计 226 blob, 扩展名过滤 208, processed_shas 跳过 0, SHA 缓存跳过 18)
[2026-07-12 00:19:55] 🔗 查子仓库: wofy-92/CloudFlare-ImgBed
[2026-07-12 00:19:55]   👤 用户仓库: 30 个 → 队列
[2026-07-12 00:19:55]   用户 leiyou-li 共查 30 个仓库
[2026-07-12 00:19:55] 仓库 https://github.com/dolfly/live (分支: main, size: 1698290KB, pushed: 2026-07-11T14:38:05Z)
[2026-07-12 00:19:55] 🔗 开始 Fork 链追踪 (wofy-92/CloudFlare-ImgBed)
[2026-07-12 00:19:56]   父仓库: MarSeventh/CloudFlare-ImgBed
[2026-07-12 00:19:56] 仓库 https://github.com/dolfly/live 无候选文件 (总计 1447 blob, 扩展名过滤 1437, processed_shas 跳过 0, SHA 缓存跳过 10)
[2026-07-12 00:19:56] 🔗 查子仓库: dolfly/live
[2026-07-12 00:19:56] 🔗 开始 Fork 链追踪 (dolfly/live)
[2026-07-12 00:19:56]   父仓库: fanmingming/live
[2026-07-12 00:19:56]   👤 用户仓库: 30 个 → 队列
[2026-07-12 00:19:56]   用户 KrabsWong 共查 30 个仓库
[2026-07-12 00:19:56] 仓库 https://github.com/hotker/CloudFlare-ImgBed (分支: main, size: 719564KB, pushed: 2026-07-11T14:31:11Z)
[2026-07-12 00:19:56]   👤 用户仓库: 30 个 → 队列
[2026-07-12 00:19:56]   用户 liuxin03014 共查 30 个仓库
[2026-07-12 00:19:56]   👤 用户仓库: 30 个 → 队列[2026-07-12 00:19:56] 仓库 https://github.com/Aurora2624/HKL (分支: main, size: 38030KB, pushed: 2026-07-11T14:28:32Z)
[2026-07-12 00:19:56]   用户 xiaohaiya 共查 30 个仓库

[2026-07-12 00:19:56] 仓库 https://github.com/lazycat-contrib/butterfly-lzcapp (分支: main, size: 136KB, pushed: 2026-07-11T14:26:51Z)
[2026-07-12 00:19:56] 👤 遍历用户仓库: wofy-92
[2026-07-12 00:19:56] 仓库 https://github.com/lazycat-contrib/butterfly-lzcapp 候选文件 7 个
[2026-07-12 00:19:56] 仓库 https://github.com/hotker/CloudFlare-ImgBed 无候选文件 (总计 226 blob, 扩展名过滤 208, processed_shas 跳过 0, SHA 缓存跳过 18)
[2026-07-12 00:19:56] 🔗 查子仓库: hotker/CloudFlare-ImgBed
[2026-07-12 00:19:56] 仓库 https://github.com/Aurora2624/HKL 候选文件 6 个
[2026-07-12 00:19:56]   👤 用户仓库: 30 个 → 队列
[2026-07-12 00:19:56]   用户 Komorebiehco 共查 30 个仓库
[2026-07-12 00:19:56] 仓库 https://github.com/taomylife521/AI-video-Replicate (分支: main, size: 2362KB, pushed: 2026-07-11T14:21:31Z)
[2026-07-12 00:19:56] 🔗 开始 Fork 链追踪 (hotker/CloudFlare-ImgBed)
[2026-07-12 00:19:56]   👤 用户仓库: 30 个 → 队列
[2026-07-12 00:19:56]   用户 xqd922 共查 30 个仓库
[2026-07-12 00:19:56] 仓库 https://github.com/folkson/cloudflare_temp_email (分支: main, size: 10173KB, pushed: 2026-07-11T14:20:26Z)
[2026-07-12 00:19:57] 仓库 https://github.com/taomylife521/AI-video-Replicate 候选文件 14 个
[2026-07-12 00:19:57]   父仓库: MarSeventh/CloudFlare-ImgBed
[2026-07-12 00:19:57] 👤 遍历用户仓库: dolfly
[2026-07-12 00:19:57]   👤 用户仓库: 30 个 → 队列
[2026-07-12 00:19:57]   用户 wofy-92 共查 30 个仓库
[2026-07-12 00:19:57] 仓库 https://github.com/kuiyr0810/CloudFlare-ImgBed (分支: main, size: 719564KB, pushed: 2026-07-11T14:20:06Z)
[2026-07-12 00:19:57] 仓库 https://github.com/folkson/cloudflare_temp_email 无候选文件 (总计 418 blob, 扩展名过滤 278, processed_shas 跳过 2, SHA 缓存跳过 138)
[2026-07-12 00:19:57] 🔗 查子仓库: folkson/cloudflare_temp_email
[2026-07-12 00:19:57] 🔗 开始 Fork 链追踪 (folkson/cloudflare_temp_email)
[2026-07-12 00:19:57] 仓库 https://github.com/kuiyr0810/CloudFlare-ImgBed 无候选文件 (总计 226 blob, 扩展名过滤 208, processed_shas 跳过 0, SHA 缓存跳过 18)
[2026-07-12 00:19:57] 🔗 查子仓库: kuiyr0810/CloudFlare-ImgBed
[2026-07-12 00:19:57] 仓库 https://github.com/taomylife521/AI-video-Replicate README 含广告词，加入黑名单
[2026-07-12 00:19:57] 仓库 https://github.com/liyuan3210/docker_image_pusher (分支: main, size: 752KB, pushed: 2026-07-11T14:19:53Z)
[2026-07-12 00:19:57]   父仓库: dreamhunter2333/cloudflare_temp_email
[2026-07-12 00:19:57] 仓库在黑名单中: https://github.com/dreamhunter2333/cloudflare_temp_email
[2026-07-12 00:19:57]   父仓库 +0 个节点
[2026-07-12 00:19:57] 🔗 开始 Fork 链追踪 (kuiyr0810/CloudFlare-ImgBed)
[2026-07-12 00:19:57] 仓库 https://github.com/lazycat-contrib/butterfly-lzcapp 未提取到节点，加入黑名单
[2026-07-12 00:19:57] 仓库 https://github.com/RicharZhaoyj/prompt-market (分支: master, size: 42KB, pushed: 2026-07-11T14:17:25Z)
[2026-07-12 00:19:57] 仓库 https://github.com/Aurora2624/HKL 未提取到节点，加入黑名单
[2026-07-12 00:19:57] 仓库 https://github.com/candies404/CloudFlare-ImgBed (分支: main, size: 719564KB, pushed: 2026-07-11T14:17:17Z)
[2026-07-12 00:19:57] 仓库 https://github.com/liyuan3210/docker_image_pusher 候选文件 1 个
[2026-07-12 00:19:57]   父仓库: MarSeventh/CloudFlare-ImgBed
[2026-07-12 00:19:57] 仓库 https://github.com/RicharZhaoyj/prompt-market 候选文件 3 个
[2026-07-12 00:19:57] 仓库 https://github.com/candies404/CloudFlare-ImgBed 无候选文件 (总计 226 blob, 扩展名过滤 208, processed_shas 跳过 0, SHA 缓存跳过 18)
[2026-07-12 00:19:57] 🔗 查子仓库: candies404/CloudFlare-ImgBed
[2026-07-12 00:19:57] 仓库 https://github.com/liyuan3210/docker_image_pusher 未提取到节点，加入黑名单
[2026-07-12 00:19:57] 仓库 https://github.com/wuliber/awesome-zhuiju-free (分支: main, size: 874KB, pushed: 2026-07-11T14:15:26Z)
[2026-07-12 00:19:57] 👤 遍历用户仓库: hotker
[2026-07-12 00:19:57] 🔗 开始 Fork 链追踪 (candies404/CloudFlare-ImgBed)
[2026-07-12 00:19:58] 仓库 https://github.com/wuliber/awesome-zhuiju-free 候选文件 2 个
[2026-07-12 00:19:58]   父仓库: MarSeventh/CloudFlare-ImgBed
[2026-07-12 00:19:58]   👤 用户仓库: 30 个 → 队列
[2026-07-12 00:19:58]   用户 haoxinyu1 共查 30 个仓库
[2026-07-12 00:19:58] 仓库 https://github.com/JimmeryZou/awesome-zhuiju-free (分支: main, size: 874KB, pushed: 2026-07-11T14:15:26Z)
[2026-07-12 00:19:58] 仓库 https://github.com/RicharZhaoyj/prompt-market 未提取到节点，加入黑名单
[2026-07-12 00:19:58] 仓库 https://github.com/raclen/AnhePlayer (分支: master, size: 19993KB, pushed: 2026-07-11T14:11:35Z)
[2026-07-12 00:19:58] 仓库 https://github.com/JimmeryZou/awesome-zhuiju-free 无候选文件 (总计 47 blob, 扩展名过滤 10, processed_shas 跳过 22, SHA 缓存跳过 15)
[2026-07-12 00:19:58] 🔗 查子仓库: JimmeryZou/awesome-zhuiju-free
[2026-07-12 00:19:58] 仓库 https://github.com/wuliber/awesome-zhuiju-free README 含广告词，加入黑名单
[2026-07-12 00:19:58] 仓库 https://github.com/q1163225096-arch/v-kneeforyou (分支: main, size: 420641KB, pushed: 2026-07-11T14:00:48Z)
[2026-07-12 00:19:58] 👤 遍历用户仓库: kuiyr0810
[2026-07-12 00:19:58] 🔗 开始 Fork 链追踪 (JimmeryZou/awesome-zhuiju-free)
[2026-07-12 00:19:58] 仓库 https://github.com/raclen/AnhePlayer 候选文件 39 个
[2026-07-12 00:19:58]   父仓库: laoma2053/awesome-zhuiju-free
[2026-07-12 00:19:58] 仓库在黑名单中: https://github.com/laoma2053/awesome-zhuiju-free
[2026-07-12 00:19:58]   父仓库 +0 个节点
[2026-07-12 00:19:58]   🍴 兄弟仓库: 21 个 → 队列
[2026-07-12 00:19:58] 👤 遍历用户仓库: folkson
[2026-07-12 00:19:58]   👤 用户仓库: 30 个 → 队列
[2026-07-12 00:19:58]   用户 hotker 共查 30 个仓库
[2026-07-12 00:19:58] 仓库 https://github.com/zjccc1999/CloudFlare-ImgBed (分支: main, size: 719564KB, pushed: 2026-07-11T14:00:07Z)
[2026-07-12 00:19:59] 仓库 https://github.com/zjccc1999/CloudFlare-ImgBed 无候选文件 (总计 226 blob, 扩展名过滤 208, processed_shas 跳过 0, SHA 缓存跳过 18)
[2026-07-12 00:19:59] 👤 遍历用户仓库: candies404
[2026-07-12 00:19:59] 🔗 查子仓库: zjccc1999/CloudFlare-ImgBed
[2026-07-12 00:19:59] 🔗 开始 Fork 链追踪 (zjccc1999/CloudFlare-ImgBed)
[2026-07-12 00:19:59]   👤 用户仓库: 30 个 → 队列
[2026-07-12 00:19:59]   用户 kuiyr0810 共查 30 个仓库
[2026-07-12 00:19:59] 仓库 https://github.com/lilinhai/docker_image_pusher (分支: main, size: 776KB, pushed: 2026-07-11T13:56:20Z)
[2026-07-12 00:19:59]   父仓库: MarSeventh/CloudFlare-ImgBed
[2026-07-12 00:19:59]   🍴 兄弟仓库: 30 个 → 队列
[2026-07-12 00:19:59] 👤 遍历用户仓库: JimmeryZou
[2026-07-12 00:19:59] 仓库 https://github.com/lilinhai/docker_image_pusher 候选文件 1 个
[2026-07-12 00:19:59] 仓库 https://github.com/raclen/AnhePlayer 未提取到节点，加入黑名单
[2026-07-12 00:19:59] 仓库 https://github.com/cxrcool/CloudFlare-ImgBed (分支: main, size: 719564KB, pushed: 2026-07-11T13:54:15Z)
[2026-07-12 00:20:00] 树数据被截断，回退到 Contents API[2026-07-12 00:20:00]   👤 用户仓库: 30 个 → 队列

[2026-07-12 00:20:00] 仓库 https://github.com/lilinhai/docker_image_pusher 未提取到节点，加入黑名单
[2026-07-12 00:20:00]   用户 candies404 共查 30 个仓库
[2026-07-12 00:20:00] 仓库 https://github.com/LoveLimbo/live (分支: main, size: 1698290KB, pushed: 2026-07-11T13:52:09Z)
[2026-07-12 00:20:00] 仓库 https://github.com/zhendehanzi/lulu-capybara-codex-pet (分支: main, size: 6053KB, pushed: 2026-07-11T13:47:27Z)
[2026-07-12 00:20:00] 仓库 https://github.com/cxrcool/CloudFlare-ImgBed 无候选文件 (总计 226 blob, 扩展名过滤 208, processed_shas 跳过 0, SHA 缓存跳过 18)
[2026-07-12 00:20:00] 🔗 查子仓库: cxrcool/CloudFlare-ImgBed
[2026-07-12 00:20:00] 👤 遍历用户仓库: zjccc1999
[2026-07-12 00:20:00] 🔗 开始 Fork 链追踪 (cxrcool/CloudFlare-ImgBed)
[2026-07-12 00:20:00] 树 API 失败，回退到 Contents API
[2026-07-12 00:20:00] ⚠️ Worker 异常: q1163225096-arch/v-kneeforyou: signal only works in main thread of the main interpreter
[2026-07-12 00:20:00] 仓库 https://github.com/yang-chengye/KeepChatGPT (分支: main, size: 14574KB, pushed: 2026-07-11T13:45:08Z)
[2026-07-12 00:20:00] 仓库 https://github.com/zhendehanzi/lulu-capybara-codex-pet 候选文件 7 个
[2026-07-12 00:20:00] 仓库 https://github.com/LoveLimbo/live 无候选文件 (总计 1447 blob, 扩展名过滤 1437, processed_shas 跳过 0, SHA 缓存跳过 10)
[2026-07-12 00:20:00] 🔗 查子仓库: LoveLimbo/live
[2026-07-12 00:20:00]   父仓库: MarSeventh/CloudFlare-ImgBed
[2026-07-12 00:20:00] 🔗 开始 Fork 链追踪 (LoveLimbo/live)
[2026-07-12 00:20:00] 仓库 https://github.com/yang-chengye/KeepChatGPT 无候选文件 (总计 40 blob, 扩展名过滤 31, processed_shas 跳过 0, SHA 缓存跳过 9)
[2026-07-12 00:20:00] 🔗 查子仓库: yang-chengye/KeepChatGPT
[2026-07-12 00:20:00] 🔗 开始 Fork 链追踪 (yang-chengye/KeepChatGPT)
[2026-07-12 00:20:00]   父仓库: fanmingming/live
[2026-07-12 00:20:00]   👤 用户仓库: 30 个 → 队列
[2026-07-12 00:20:00]   用户 folkson 共查 30 个仓库
[2026-07-12 00:20:00] 仓库 https://github.com/imt983/okx-withdrawal-guide (分支: main, size: 10KB, pushed: 2026-07-11T13:44:54Z)
[2026-07-12 00:20:00]   父仓库: xcanwin/KeepChatGPT
[2026-07-12 00:20:00] ⚠️ 仓库 https://github.com/xcanwin/KeepChatGPT 472h 未更新，废弃 → 加入黑名单
[2026-07-12 00:20:00]   父仓库 +0 个节点
[2026-07-12 00:20:00] 仓库 https://github.com/imt983/okx-withdrawal-guide 候选文件 1 个
[2026-07-12 00:20:01]   👤 用户仓库: 30 个 → 队列
[2026-07-12 00:20:01]   用户 zjccc1999 共查 30 个仓库
[2026-07-12 00:20:01] 仓库 https://github.com/jywxg/domain-renew (分支: main, size: 22KB, pushed: 2026-07-11T13:44:06Z)
[2026-07-12 00:20:01] 👤 遍历用户仓库: cxrcool
[2026-07-12 00:20:01] 仓库 https://github.com/imt983/okx-withdrawal-guide README 含广告词，加入黑名单
[2026-07-12 00:20:01] 仓库 https://github.com/xj63/.CloudFlare-ImgBed (分支: main, size: 719564KB, pushed: 2026-07-11T13:40:08Z)
[2026-07-12 00:20:01] 仓库 https://github.com/zhendehanzi/lulu-capybara-codex-pet 未提取到节点，加入黑名单
[2026-07-12 00:20:01] 仓库 https://github.com/zouyuxuan122/ZX-code (分支: main, size: 32749KB, pushed: 2026-07-11T13:39:06Z)
[2026-07-12 00:20:01] 仓库 https://github.com/jywxg/domain-renew 候选文件 3 个
[2026-07-12 00:20:01] 仓库 https://github.com/xj63/.CloudFlare-ImgBed 无候选文件 (总计 226 blob, 扩展名过滤 208, processed_shas 跳过 0, SHA 缓存跳过 18)
[2026-07-12 00:20:01] 🔗 查子仓库: xj63/.CloudFlare-ImgBed
[2026-07-12 00:20:01] 仓库 https://github.com/zouyuxuan122/ZX-code 候选文件 24 个
[2026-07-12 00:20:01] 👤 遍历用户仓库: LoveLimbo
[2026-07-12 00:20:01] 🔗 开始 Fork 链追踪 (xj63/.CloudFlare-ImgBed)
[2026-07-12 00:20:01]   👤 用户仓库: 19 个 → 队列
[2026-07-12 00:20:01]   用户 cxrcool 共查 19 个仓库
[2026-07-12 00:20:01] 仓库 https://github.com/winning1120xx/cloudflare_temp_email (分支: main, size: 10175KB, pushed: 2026-07-11T13:35:44Z)
[2026-07-12 00:20:01]   👤 用户仓库: 5 个 → 队列
[2026-07-12 00:20:01]   用户 LoveLimbo 共查 5 个仓库
[2026-07-12 00:20:01] 仓库 https://github.com/LYX20080115/- (分支: main, size: 1KB, pushed: 2026-07-11T13:26:57Z)[2026-07-12 00:20:01]   父仓库: MarSeventh/CloudFlare-ImgBed

[2026-07-12 00:20:01] 仓库 https://github.com/jywxg/domain-renew 未提取到节点，加入黑名单
[2026-07-12 00:20:01] 仓库 https://github.com/jc-lw/CloudFlare-ImgBed (分支: main, size: 719564KB, pushed: 2026-07-11T13:22:08Z)
[2026-07-12 00:20:01] 仓库 https://github.com/winning1120xx/cloudflare_temp_email 无候选文件 (总计 418 blob, 扩展名过滤 278, processed_shas 跳过 2, SHA 缓存跳过 138)
[2026-07-12 00:20:01] 🔗 查子仓库: winning1120xx/cloudflare_temp_email
[2026-07-12 00:20:01] 仓库 https://github.com/LYX20080115/- 候选文件 1 个
[2026-07-12 00:20:01]   🍴 兄弟仓库: 30 个 → 队列
[2026-07-12 00:20:01] 👤 遍历用户仓库: yang-chengye
[2026-07-12 00:20:02] 🔗 开始 Fork 链追踪 (winning1120xx/cloudflare_temp_email)
[2026-07-12 00:20:02]   用户 yang-chengye 共查 0 个仓库
[2026-07-12 00:20:02] 仓库 https://github.com/xunxun10/repo-viewer (分支: main, size: 1804KB, pushed: 2026-07-11T13:16:42Z)
[2026-07-12 00:20:02] 仓库 https://github.com/LYX20080115/- 未提取到节点，加入黑名单
[2026-07-12 00:20:02]   父仓库: dreamhunter2333/cloudflare_temp_email[2026-07-12 00:20:02] 仓库 https://github.com/jc-lw/CloudFlare-ImgBed 无候选文件 (总计 226 blob, 扩展名过滤 208, processed_shas 跳过 0, SHA 缓存跳过 18)

[2026-07-12 00:20:02] 仓库 https://github.com/zxleegg-ui/OpenBidKit_Yibiao (分支: main, size: 13265KB, pushed: 2026-07-11T13:08:47Z)[2026-07-12 00:20:02] 🔗 查子仓库: jc-lw/CloudFlare-ImgBed[2026-07-12 00:20:02] 仓库在黑名单中: https://github.com/dreamhunter2333/cloudflare_temp_email


[2026-07-12 00:20:02]   父仓库 +0 个节点
[2026-07-12 00:20:02] 🔗 开始 Fork 链追踪 (jc-lw/CloudFlare-ImgBed)
[2026-07-12 00:20:02] 仓库 https://github.com/xunxun10/repo-viewer 候选文件 13 个
[2026-07-12 00:20:02] 仓库 https://github.com/zxleegg-ui/OpenBidKit_Yibiao 候选文件 7 个
[2026-07-12 00:20:02] 仓库 https://github.com/zouyuxuan122/ZX-code 未提取到节点，加入黑名单
[2026-07-12 00:20:02] 仓库 https://github.com/fantaiying7/fanmingming-live (分支: main, size: 1698290KB, pushed: 2026-07-11T13:05:32Z)
[2026-07-12 00:20:02]   父仓库: MarSeventh/CloudFlare-ImgBed
[2026-07-12 00:20:03] 👤 遍历用户仓库: xj63
[2026-07-12 00:20:03] 仓库 https://github.com/fantaiying7/fanmingming-live 无候选文件 (总计 1447 blob, 扩展名过滤 1437, processed_shas 跳过 0, SHA 缓存跳过 10)[2026-07-12 00:20:03]   👤 用户仓库: 30 个 → 队列

[2026-07-12 00:20:03]   用户 dolfly 共查 30 个仓库[2026-07-12 00:20:03] 🔗 查子仓库: fantaiying7/fanmingming-live

[2026-07-12 00:20:03] 仓库 https://github.com/xynong/travel-share (分支: main, size: 23754KB, pushed: 2026-07-11T13:04:03Z)
[2026-07-12 00:20:03] 仓库 https://github.com/xunxun10/repo-viewer 未提取到节点，加入黑名单
[2026-07-12 00:20:03] 仓库 https://github.com/BycoLin/GoDr (分支: main, size: 86507KB, pushed: 2026-07-11T13:02:02Z)
[2026-07-12 00:20:03]   🍴 子仓库: 2 个 → 队列
[2026-07-12 00:20:03] 🔗 开始 Fork 链追踪 (fantaiying7/fanmingming-live)
[2026-07-12 00:20:03] 仓库 https://github.com/BycoLin/GoDr 候选文件 18 个
[2026-07-12 00:20:03] 👤 遍历用户仓库: jc-lw
[2026-07-12 00:20:03]   👤 用户仓库: 25 个 → 队列
[2026-07-12 00:20:03]   用户 xj63 共查 25 个仓库
[2026-07-12 00:20:03] 仓库 https://github.com/tao-wt/docker_image_pusher (分支: main, size: 750KB, pushed: 2026-07-11T12:55:46Z)
[2026-07-12 00:20:03]   父仓库: fanmingming/live
[2026-07-12 00:20:03] 👤 遍历用户仓库: winning1120xx
[2026-07-12 00:20:03]   👤 用户仓库: 20 个 → 队列[2026-07-12 00:20:04] 仓库 https://github.com/tao-wt/docker_image_pusher 候选文件 1 个

[2026-07-12 00:20:04]   用户 jc-lw 共查 20 个仓库
[2026-07-12 00:20:04] 仓库 https://github.com/uni688/epic-awesome-gamer (分支: main, size: 38084KB, pushed: 2026-07-11T12:57:28Z)
[2026-07-12 00:20:04] 仓库 https://github.com/BycoLin/GoDr README 含广告词，加入黑名单
[2026-07-12 00:20:04] 仓库 https://github.com/callacat/CloudFlare-ImgBed (分支: main, size: 719564KB, pushed: 2026-07-11T12:47:13Z)
[2026-07-12 00:20:04] 仓库 https://github.com/xynong/travel-share 候选文件 90 个
[2026-07-12 00:20:04] 仓库 https://github.com/callacat/CloudFlare-ImgBed 无候选文件 (总计 226 blob, 扩展名过滤 208, processed_shas 跳过 0, SHA 缓存跳过 18)[2026-07-12 00:20:04] 仓库 https://github.com/zxleegg-ui/OpenBidKit_Yibiao README 含广告词，加入黑名单[2026-07-12 00:20:04] 仓库 https://github.com/uni688/epic-awesome-gamer 候选文件 6 个[2026-07-12 00:20:04] 仓库 https://github.com/tao-wt/docker_image_pusher 未提取到节点，加入黑名单



[2026-07-12 00:20:04] 仓库 https://github.com/maxhuangping/live (分支: main, size: 1698290KB, pushed: 2026-07-11T12:38:08Z)[2026-07-12 00:20:04] 🔗 查子仓库: callacat/CloudFlare-ImgBed[2026-07-12 00:20:04] 👤 遍历用户仓库: fantaiying7


[2026-07-12 00:20:04] 仓库 https://github.com/jia1013/cloudflare_temp_email (分支: main, size: 10177KB, pushed: 2026-07-11T12:39:23Z)
[2026-07-12 00:20:04] 🔗 开始 Fork 链追踪 (callacat/CloudFlare-ImgBed)
[2026-07-12 00:20:05]   父仓库: MarSeventh/CloudFlare-ImgBed
[2026-07-12 00:20:05] 仓库 https://github.com/jia1013/cloudflare_temp_email 候选文件 1 个
[2026-07-12 00:20:05] 仓库 https://github.com/maxhuangping/live 无候选文件 (总计 1447 blob, 扩展名过滤 1437, processed_shas 跳过 0, SHA 缓存跳过 10)
[2026-07-12 00:20:05] 🔗 查子仓库: maxhuangping/live
[2026-07-12 00:20:05] 🔗 开始 Fork 链追踪 (maxhuangping/live)
[2026-07-12 00:20:05] README (xynong/travel-share) 404，跳过
[2026-07-12 00:20:05] 仓库 https://github.com/xynong/travel-share 未提取到节点，加入黑名单
[2026-07-12 00:20:05] 仓库 https://github.com/zy111x/CloudFlare-ImgBed (分支: main, size: 719587KB, pushed: 2026-07-11T12:33:08Z)
[2026-07-12 00:20:05]   👤 用户仓库: 6 个 → 队列
[2026-07-12 00:20:05]   用户 fantaiying7 共查 6 个仓库
[2026-07-12 00:20:05] 仓库 https://github.com/jeebeys/docker_image_pusher (分支: main, size: 779KB, pushed: 2026-07-11T12:30:15Z)
[2026-07-12 00:20:05] 仓库 https://github.com/uni688/epic-awesome-gamer 未提取到节点，加入黑名单
[2026-07-12 00:20:05] 仓库 https://github.com/rayyume/CloudFlare-ImgBed (分支: main, size: 719564KB, pushed: 2026-07-11T12:27:48Z)
[2026-07-12 00:20:05] 仓库 https://github.com/zy111x/CloudFlare-ImgBed 无候选文件 (总计 226 blob, 扩展名过滤 208, processed_shas 跳过 0, SHA 缓存跳过 18)
[2026-07-12 00:20:05] 🔗 查子仓库: zy111x/CloudFlare-ImgBed[2026-07-12 00:20:05]   父仓库: fanmingming/live

[2026-07-12 00:20:05] 仓库 https://github.com/jia1013/cloudflare_temp_email 未提取到节点，加入黑名单
[2026-07-12 00:20:05] 仓库 https://github.com/CrazyForks/live (分支: main, size: 1698290KB, pushed: 2026-07-11T12:26:13Z)
[2026-07-12 00:20:05] 仓库 https://github.com/jeebeys/docker_image_pusher 候选文件 1 个
[2026-07-12 00:20:05] 仓库 https://github.com/rayyume/CloudFlare-ImgBed 无候选文件 (总计 226 blob, 扩展名过滤 208, processed_shas 跳过 0, SHA 缓存跳过 18)
[2026-07-12 00:20:05] 🔗 查子仓库: rayyume/CloudFlare-ImgBed
[2026-07-12 00:20:05]   🍴 子仓库: 1 个 → 队列
[2026-07-12 00:20:05] 🔗 开始 Fork 链追踪 (zy111x/CloudFlare-ImgBed)
[2026-07-12 00:20:05] 👤 遍历用户仓库: callacat
[2026-07-12 00:20:05] 🔗 开始 Fork 链追踪 (rayyume/CloudFlare-ImgBed)
[2026-07-12 00:20:06] 仓库 https://github.com/jeebeys/docker_image_pusher 未提取到节点，加入黑名单
[2026-07-12 00:20:06] 仓库 https://github.com/gfw2016/awesome-zhuiju-free (分支: main, size: 874KB, pushed: 2026-07-11T12:26:13Z)
[2026-07-12 00:20:06] 仓库 https://github.com/CrazyForks/live 无候选文件 (总计 1447 blob, 扩展名过滤 1437, processed_shas 跳过 0, SHA 缓存跳过 10)
[2026-07-12 00:20:06] 🔗 查子仓库: CrazyForks/live
[2026-07-12 00:20:06] 🔗 开始 Fork 链追踪 (CrazyForks/live)
[2026-07-12 00:20:06]   父仓库: MarSeventh/CloudFlare-ImgBed
[2026-07-12 00:20:06]   父仓库: MarSeventh/CloudFlare-ImgBed
[2026-07-12 00:20:06] 仓库 https://github.com/gfw2016/awesome-zhuiju-free 候选文件 7 个
[2026-07-12 00:20:06] 👤 遍历用户仓库: maxhuangping
[2026-07-12 00:20:06]   父仓库: fanmingming/live
[2026-07-12 00:20:06]   👤 用户仓库: 4 个 → 队列
[2026-07-12 00:20:06]   用户 maxhuangping 共查 4 个仓库
[2026-07-12 00:20:06] 仓库 https://github.com/wwwww1wwwww/awesome-zhuiju-free (分支: main, size: 864KB, pushed: 2026-07-11T12:26:13Z)
[2026-07-12 00:20:06]   👤 用户仓库: 30 个 → 队列
[2026-07-12 00:20:06]   用户 callacat 共查 30 个仓库
[2026-07-12 00:20:06] 仓库 https://github.com/yokeay/awesome-zhuiju-free (分支: main, size: 864KB, pushed: 2026-07-11T12:26:13Z)
[2026-07-12 00:20:06]   👤 用户仓库: 30 个 → 队列
[2026-07-12 00:20:06]   用户 JimmeryZou 共查 30 个仓库
[2026-07-12 00:20:06] 仓库 https://github.com/hl128k/CloudFlare-ImgBed (分支: main, size: 719564KB, pushed: 2026-07-11T12:20:21Z)
[2026-07-12 00:20:06] 仓库 https://github.com/wwwww1wwwww/awesome-zhuiju-free 无候选文件 (总计 44 blob, 扩展名过滤 10, processed_shas 跳过 17, SHA 缓存跳过 17)
[2026-07-12 00:20:06] 🔗 查子仓库: wwwww1wwwww/awesome-zhuiju-free
[2026-07-12 00:20:06] 👤 遍历用户仓库: zy111x
[2026-07-12 00:20:06] 🔗 开始 Fork 链追踪 (wwwww1wwwww/awesome-zhuiju-free)
[2026-07-12 00:20:06] 仓库 https://github.com/yokeay/awesome-zhuiju-free 无候选文件 (总计 44 blob, 扩展名过滤 10, processed_shas 跳过 18, SHA 缓存跳过 16)
[2026-07-12 00:20:06] 🔗 查子仓库: yokeay/awesome-zhuiju-free
[2026-07-12 00:20:06] 仓库 https://github.com/hl128k/CloudFlare-ImgBed 无候选文件 (总计 226 blob, 扩展名过滤 208, processed_shas 跳过 0, SHA 缓存跳过 18)
[2026-07-12 00:20:06] 🔗 查子仓库: hl128k/CloudFlare-ImgBed
[2026-07-12 00:20:06] 👤 遍历用户仓库: rayyume
[2026-07-12 00:20:06] 🔗 开始 Fork 链追踪 (yokeay/awesome-zhuiju-free)
[2026-07-12 00:20:06] 🔗 开始 Fork 链追踪 (hl128k/CloudFlare-ImgBed)
[2026-07-12 00:20:06] 仓库 https://github.com/gfw2016/awesome-zhuiju-free README 含广告词，加入黑名单
[2026-07-12 00:20:06] 仓库 https://github.com/caoyc75/Solara (分支: main, size: 32839KB, pushed: 2026-07-11T12:15:19Z)
[2026-07-12 00:20:07]   父仓库: laoma2053/awesome-zhuiju-free
[2026-07-12 00:20:07] 仓库在黑名单中: https://github.com/laoma2053/awesome-zhuiju-free
[2026-07-12 00:20:07]   父仓库 +0 个节点
[2026-07-12 00:20:07] 👤 遍历用户仓库: CrazyForks
[2026-07-12 00:20:07]   父仓库: laoma2053/awesome-zhuiju-free
[2026-07-12 00:20:07] 仓库在黑名单中: https://github.com/laoma2053/awesome-zhuiju-free
[2026-07-12 00:20:07]   父仓库 +0 个节点
[2026-07-12 00:20:07]   父仓库: MarSeventh/CloudFlare-ImgBed
[2026-07-12 00:20:07] 仓库 https://github.com/caoyc75/Solara 候选文件 1 个
[2026-07-12 00:20:07]   👤 用户仓库: 24 个 → 队列
[2026-07-12 00:20:07]   用户 rayyume 共查 24 个仓库
[2026-07-12 00:20:07] 仓库 https://github.com/justincnn/CloudFlare-ImgBed (分支: main, size: 719564KB, pushed: 2026-07-11T12:09:50Z)
[2026-07-12 00:20:07] 仓库 https://github.com/caoyc75/Solara 未提取到节点，加入黑名单
[2026-07-12 00:20:07] 仓库 https://github.com/chinkeikin/cloudflare_temp_email (分支: main, size: 10175KB, pushed: 2026-07-11T12:06:50Z)
[2026-07-12 00:20:07]   🍴 兄弟仓库: 20 个 → 队列
[2026-07-12 00:20:07] 👤 遍历用户仓库: wwwww1wwwww
[2026-07-12 00:20:07] 仓库 https://github.com/justincnn/CloudFlare-ImgBed 无候选文件 (总计 226 blob, 扩展名过滤 208, processed_shas 跳过 0, SHA 缓存跳过 18)
[2026-07-12 00:20:07] 🔗 查子仓库: justincnn/CloudFlare-ImgBed
[2026-07-12 00:20:07] 👤 遍历用户仓库: yokeay
[2026-07-12 00:20:07] 🔗 开始 Fork 链追踪 (justincnn/CloudFlare-ImgBed)
[2026-07-12 00:20:07] 仓库 https://github.com/chinkeikin/cloudflare_temp_email 无候选文件 (总计 418 blob, 扩展名过滤 278, processed_shas 跳过 2, SHA 缓存跳过 138)
[2026-07-12 00:20:07] 🔗 查子仓库: chinkeikin/cloudflare_temp_email
[2026-07-12 00:20:07]   👤 用户仓库: 9 个 → 队列
[2026-07-12 00:20:07]   用户 zy111x 共查 9 个仓库
[2026-07-12 00:20:07] 仓库 https://github.com/nariahlamb/cloudflare_temp_email (分支: main, size: 10173KB, pushed: 2026-07-11T12:05:38Z)
[2026-07-12 00:20:07] 🔗 开始 Fork 链追踪 (chinkeikin/cloudflare_temp_email)
[2026-07-12 00:20:07] 👤 遍历用户仓库: hl128k
[2026-07-12 00:20:07]   父仓库: MarSeventh/CloudFlare-ImgBed
[2026-07-12 00:20:07] 仓库 https://github.com/nariahlamb/cloudflare_temp_email 无候选文件 (总计 418 blob, 扩展名过滤 278, processed_shas 跳过 2, SHA 缓存跳过 138)
[2026-07-12 00:20:07] 🔗 查子仓库: nariahlamb/cloudflare_temp_email
[2026-07-12 00:20:07] 🔗 开始 Fork 链追踪 (nariahlamb/cloudflare_temp_email)
[2026-07-12 00:20:07]   父仓库: dreamhunter2333/cloudflare_temp_email
[2026-07-12 00:20:07] 仓库在黑名单中: https://github.com/dreamhunter2333/cloudflare_temp_email
[2026-07-12 00:20:07]   父仓库 +0 个节点
[2026-07-12 00:20:08]   父仓库: dreamhunter2333/cloudflare_temp_email
[2026-07-12 00:20:08] 仓库在黑名单中: https://github.com/dreamhunter2333/cloudflare_temp_email
[2026-07-12 00:20:08]   父仓库 +0 个节点
[2026-07-12 00:20:08]   👤 用户仓库: 29 个 → 队列
[2026-07-12 00:20:08]   用户 wwwww1wwwww 共查 29 个仓库
[2026-07-12 00:20:08] 仓库 https://github.com/xliuqq/docker_image_pusher (分支: main, size: 735KB, pushed: 2026-07-11T12:04:40Z)
[2026-07-12 00:20:08] 仓库 https://github.com/xliuqq/docker_image_pusher 候选文件 1 个
[2026-07-12 00:20:08]   👤 用户仓库: 30 个 → 队列
[2026-07-12 00:20:08]   用户 hl128k 共查 30 个仓库
[2026-07-12 00:20:08] 仓库 https://github.com/CrazyForks/awesome-zhuiju-free (分支: main, size: 863KB, pushed: 2026-07-11T12:04:18Z)
[2026-07-12 00:20:08] 👤 遍历用户仓库: justincnn
[2026-07-12 00:20:08] 仓库 https://github.com/xliuqq/docker_image_pusher 未提取到节点，加入黑名单
[2026-07-12 00:20:08] 仓库 https://github.com/gth0001/cloudflare_temp_email (分支: main, size: 10173KB, pushed: 2026-07-11T12:03:09Z)
[2026-07-12 00:20:08] 仓库 https://github.com/CrazyForks/awesome-zhuiju-free 候选文件 2 个
[2026-07-12 00:20:08] 仓库 https://github.com/gth0001/cloudflare_temp_email 无候选文件 (总计 418 blob, 扩展名过滤 278, processed_shas 跳过 2, SHA 缓存跳过 138)
[2026-07-12 00:20:08] 🔗 查子仓库: gth0001/cloudflare_temp_email
[2026-07-12 00:20:08] 👤 遍历用户仓库: chinkeikin
[2026-07-12 00:20:08] 🔗 开始 Fork 链追踪 (gth0001/cloudflare_temp_email)
[2026-07-12 00:20:08]   👤 用户仓库: 30 个 → 队列
[2026-07-12 00:20:08]   用户 justincnn 共查 30 个仓库
[2026-07-12 00:20:08] 仓库 https://github.com/islideer/CloudFlare-ImgBed (分支: main, size: 719564KB, pushed: 2026-07-11T12:03:08Z)
[2026-07-12 00:20:08]   👤 用户仓库: 30 个 → 队列
[2026-07-12 00:20:08]   用户 yokeay 共查 30 个仓库
[2026-07-12 00:20:08] 仓库 https://github.com/VitalyAnkh/cloudflare_temp_email (分支: main, size: 10173KB, pushed: 2026-07-11T12:01:17Z)
[2026-07-12 00:20:09]   父仓库: dreamhunter2333/cloudflare_temp_email
[2026-07-12 00:20:09] 仓库在黑名单中: https://github.com/dreamhunter2333/cloudflare_temp_email
[2026-07-12 00:20:09]   父仓库 +0 个节点
[2026-07-12 00:20:09] 仓库 https://github.com/CrazyForks/awesome-zhuiju-free README 含广告词，加入黑名单
[2026-07-12 00:20:09] 仓库 https://github.com/lancer-wang/CloudFlare-ImgBed (分支: main, size: 719564KB, pushed: 2026-07-11T11:58:23Z)
[2026-07-12 00:20:09]   👤 用户仓库: 8 个 → 队列
[2026-07-12 00:20:09]   用户 chinkeikin 共查 8 个仓库
[2026-07-12 00:20:09] 仓库 https://github.com/zimoxi/CloudFlare-ImgBed (分支: main, size: 719564KB, pushed: 2026-07-11T11:58:07Z)
[2026-07-12 00:20:09] 👤 遍历用户仓库: nariahlamb
[2026-07-12 00:20:09] 仓库 https://github.com/VitalyAnkh/cloudflare_temp_email 无候选文件 (总计 418 blob, 扩展名过滤 278, processed_shas 跳过 2, SHA 缓存跳过 138)
[2026-07-12 00:20:09] 🔗 查子仓库: VitalyAnkh/cloudflare_temp_email
[2026-07-12 00:20:09] 仓库 https://github.com/islideer/CloudFlare-ImgBed 无候选文件 (总计 226 blob, 扩展名过滤 208, processed_shas 跳过 0, SHA 缓存跳过 18)
[2026-07-12 00:20:09] 🔗 查子仓库: islideer/CloudFlare-ImgBed
[2026-07-12 00:20:09] 🔗 开始 Fork 链追踪 (VitalyAnkh/cloudflare_temp_email)
[2026-07-12 00:20:09] 🔗 开始 Fork 链追踪 (islideer/CloudFlare-ImgBed)
[2026-07-12 00:20:09] 仓库 https://github.com/zimoxi/CloudFlare-ImgBed 无候选文件 (总计 226 blob, 扩展名过滤 208, processed_shas 跳过 0, SHA 缓存跳过 18)
[2026-07-12 00:20:09] 🔗 查子仓库: zimoxi/CloudFlare-ImgBed
[2026-07-12 00:20:09] 仓库 https://github.com/lancer-wang/CloudFlare-ImgBed 无候选文件 (总计 226 blob, 扩展名过滤 208, processed_shas 跳过 0, SHA 缓存跳过 18)
[2026-07-12 00:20:09] 🔗 查子仓库: lancer-wang/CloudFlare-ImgBed
[2026-07-12 00:20:09] 🔗 开始 Fork 链追踪 (zimoxi/CloudFlare-ImgBed)
[2026-07-12 00:20:09] 🔗 开始 Fork 链追踪 (lancer-wang/CloudFlare-ImgBed)
[2026-07-12 00:20:09]   父仓库: MarSeventh/CloudFlare-ImgBed
[2026-07-12 00:20:09]   父仓库: dreamhunter2333/cloudflare_temp_email
[2026-07-12 00:20:09] 仓库在黑名单中: https://github.com/dreamhunter2333/cloudflare_temp_email
[2026-07-12 00:20:09]   父仓库 +0 个节点
[2026-07-12 00:20:09]   父仓库: MarSeventh/CloudFlare-ImgBed
[2026-07-12 00:20:09]   父仓库: MarSeventh/CloudFlare-ImgBed
[2026-07-12 00:20:09] 👤 遍历用户仓库: gth0001
[2026-07-12 00:20:10]   👤 用户仓库: 30 个 → 队列
[2026-07-12 00:20:10]   用户 nariahlamb 共查 30 个仓库
[2026-07-12 00:20:10] 仓库 https://github.com/lwllvyb/cloudflare_temp_email (分支: main, size: 10173KB, pushed: 2026-07-11T11:57:10Z)
[2026-07-12 00:20:10]   👤 用户仓库: 11 个 → 队列
[2026-07-12 00:20:10]   用户 gth0001 共查 11 个仓库
[2026-07-12 00:20:10] 仓库 https://github.com/WilliamPeterMatthew/cloudflare_temp_email (分支: main, size: 10176KB, pushed: 2026-07-11T11:52:34Z)
[2026-07-12 00:20:10] 👤 遍历用户仓库: islideer
[2026-07-12 00:20:10] 👤 遍历用户仓库: zimoxi
[2026-07-12 00:20:10] 👤 遍历用户仓库: VitalyAnkh
[2026-07-12 00:20:10] 仓库 https://github.com/lwllvyb/cloudflare_temp_email 无候选文件 (总计 418 blob, 扩展名过滤 278, processed_shas 跳过 2, SHA 缓存跳过 138)
[2026-07-12 00:20:10] 🔗 查子仓库: lwllvyb/cloudflare_temp_email
[2026-07-12 00:20:10] 仓库 https://github.com/WilliamPeterMatthew/cloudflare_temp_email 无候选文件 (总计 418 blob, 扩展名过滤 278, processed_shas 跳过 2, SHA 缓存跳过 138)
[2026-07-12 00:20:10] 🔗 查子仓库: WilliamPeterMatthew/cloudflare_temp_email
[2026-07-12 00:20:10] 🔗 开始 Fork 链追踪 (lwllvyb/cloudflare_temp_email)
[2026-07-12 00:20:10] 🔗 开始 Fork 链追踪 (WilliamPeterMatthew/cloudflare_temp_email)
[2026-07-12 00:20:10] 👤 遍历用户仓库: lancer-wang
[2026-07-12 00:20:10]   👤 用户仓库: 30 个 → 队列
[2026-07-12 00:20:10]   用户 winning1120xx 共查 30 个仓库
[2026-07-12 00:20:10] 仓库 https://github.com/kevinstar9527/inpaint-web (分支: main, size: 200925KB, pushed: 2026-07-11T12:05:34Z)
[2026-07-12 00:20:10]   父仓库: dreamhunter2333/cloudflare_temp_email
[2026-07-12 00:20:10] 仓库在黑名单中: https://github.com/dreamhunter2333/cloudflare_temp_email
[2026-07-12 00:20:10]   父仓库 +0 个节点
[2026-07-12 00:20:10]   父仓库: dreamhunter2333/cloudflare_temp_email
[2026-07-12 00:20:10] 仓库在黑名单中: https://github.com/dreamhunter2333/cloudflare_temp_email
[2026-07-12 00:20:10]   父仓库 +0 个节点
[2026-07-12 00:20:10]   👤 用户仓库: 30 个 → 队列
[2026-07-12 00:20:10]   用户 CrazyForks 共查 30 个仓库
[2026-07-12 00:20:10] 仓库 https://github.com/baiyu2683/douyin-downloader (分支: main, size: 3300KB, pushed: 2026-07-11T11:37:13Z)
[2026-07-12 00:20:10]   👤 用户仓库: 30 个 → 队列
[2026-07-12 00:20:10]   用户 zimoxi 共查 30 个仓库
[2026-07-12 00:20:10] 仓库 https://github.com/nxyzorg/cloudflare_temp_email (分支: main, size: 10173KB, pushed: 2026-07-11T11:31:05Z)
[2026-07-12 00:20:10]   👤 用户仓库: 30 个 → 队列
[2026-07-12 00:20:10]   用户 islideer 共查 30 个仓库
[2026-07-12 00:20:10] 仓库 https://github.com/dreekon/cloudflare_temp_email (分支: main, size: 10176KB, pushed: 2026-07-11T11:30:35Z)
[2026-07-12 00:20:10] 仓库 https://github.com/kevinstar9527/inpaint-web 候选文件 17 个
[2026-07-12 00:20:10] 仓库 https://github.com/nxyzorg/cloudflare_temp_email 无候选文件 (总计 418 blob, 扩展名过滤 278, processed_shas 跳过 2, SHA 缓存跳过 138)
[2026-07-12 00:20:10] 🔗 查子仓库: nxyzorg/cloudflare_temp_email
[2026-07-12 00:20:10] 仓库 https://github.com/baiyu2683/douyin-downloader 无候选文件 (总计 145 blob, 扩展名过滤 121, processed_shas 跳过 0, SHA 缓存跳过 24)
[2026-07-12 00:20:10] 🔗 查子仓库: baiyu2683/douyin-downloader
[2026-07-12 00:20:10]   👤 用户仓库: 20 个 → 队列
[2026-07-12 00:20:10]   用户 lancer-wang 共查 20 个仓库
[2026-07-12 00:20:10] 仓库 https://github.com/dishao123/cloudflare_temp_email (分支: main, size: 10173KB, pushed: 2026-07-11T11:28:13Z)
[2026-07-12 00:20:11] 仓库 https://github.com/dreekon/cloudflare_temp_email 无候选文件 (总计 418 blob, 扩展名过滤 278, processed_shas 跳过 2, SHA 缓存跳过 138)
[2026-07-12 00:20:11] 🔗 查子仓库: dreekon/cloudflare_temp_email
[2026-07-12 00:20:11] 🔗 开始 Fork 链追踪 (nxyzorg/cloudflare_temp_email)
[2026-07-12 00:20:11] 🔗 开始 Fork 链追踪 (dreekon/cloudflare_temp_email)[2026-07-12 00:20:11] 🔗 开始 Fork 链追踪 (baiyu2683/douyin-downloader)

[2026-07-12 00:20:11] 仓库 https://github.com/dishao123/cloudflare_temp_email 无候选文件 (总计 418 blob, 扩展名过滤 278, processed_shas 跳过 2, SHA 缓存跳过 138)
[2026-07-12 00:20:11] 🔗 查子仓库: dishao123/cloudflare_temp_email
[2026-07-12 00:20:11]   父仓库: dreamhunter2333/cloudflare_temp_email
[2026-07-12 00:20:11] 仓库在黑名单中: https://github.com/dreamhunter2333/cloudflare_temp_email
[2026-07-12 00:20:11]   父仓库 +0 个节点
[2026-07-12 00:20:11]   父仓库: dreamhunter2333/cloudflare_temp_email
[2026-07-12 00:20:11] 仓库在黑名单中: https://github.com/dreamhunter2333/cloudflare_temp_email
[2026-07-12 00:20:11]   父仓库 +0 个节点
[2026-07-12 00:20:11] 🔗 开始 Fork 链追踪 (dishao123/cloudflare_temp_email)
[2026-07-12 00:20:11]   父仓库: jiji262/douyin-downloader
[2026-07-12 00:20:11] 仓库在黑名单中: https://github.com/jiji262/douyin-downloader
[2026-07-12 00:20:11]   父仓库 +0 个节点
[2026-07-12 00:20:11] 👤 遍历用户仓库: lwllvyb
[2026-07-12 00:20:11]   父仓库: dreamhunter2333/cloudflare_temp_email
[2026-07-12 00:20:11] 仓库在黑名单中: https://github.com/dreamhunter2333/cloudflare_temp_email
[2026-07-12 00:20:11]   父仓库 +0 个节点
[2026-07-12 00:20:11] 👤 遍历用户仓库: WilliamPeterMatthew
[2026-07-12 00:20:12] 仓库 https://github.com/kevinstar9527/inpaint-web 未提取到节点，加入黑名单
[2026-07-12 00:20:12] 仓库 https://github.com/Obito-404/CloudFlare-ImgBed (分支: main, size: 719564KB, pushed: 2026-07-11T11:26:06Z)
[2026-07-12 00:20:12] 👤 遍历用户仓库: dreekon
[2026-07-12 00:20:12] 👤 遍历用户仓库: nxyzorg
[2026-07-12 00:20:12] 仓库 https://github.com/Obito-404/CloudFlare-ImgBed 无候选文件 (总计 226 blob, 扩展名过滤 208, processed_shas 跳过 0, SHA 缓存跳过 18)
[2026-07-12 00:20:12] 🔗 查子仓库: Obito-404/CloudFlare-ImgBed
[2026-07-12 00:20:12]   👤 用户仓库: 10 个 → 队列
[2026-07-12 00:20:12]   用户 dreekon 共查 10 个仓库
[2026-07-12 00:20:12] 仓库 https://github.com/Jisucloud/CloudFlare-ImgBed (分支: main, size: 719721KB, pushed: 2026-07-11T11:23:10Z)
[2026-07-12 00:20:12]   👤 用户仓库: 30 个 → 队列
[2026-07-12 00:20:12]   用户 WilliamPeterMatthew 共查 30 个仓库
[2026-07-12 00:20:12] 仓库 https://github.com/lazydog28/cloudflare_temp_email (分支: main, size: 10173KB, pushed: 2026-07-11T11:22:33Z)
[2026-07-12 00:20:12] 🔗 开始 Fork 链追踪 (Obito-404/CloudFlare-ImgBed)
[2026-07-12 00:20:12]   👤 用户仓库: 30 个 → 队列
[2026-07-12 00:20:12]   用户 VitalyAnkh 共查 30 个仓库
[2026-07-12 00:20:12] 仓库 https://github.com/hailantian74110/iptv-api (分支: master, size: 101865KB, pushed: 2026-07-11T11:19:49Z)
[2026-07-12 00:20:12] 👤 遍历用户仓库: dishao123
[2026-07-12 00:20:12] 仓库 https://github.com/Jisucloud/CloudFlare-ImgBed 无候选文件 (总计 226 blob, 扩展名过滤 208, processed_shas 跳过 0, SHA 缓存跳过 18)
[2026-07-12 00:20:12] 🔗 查子仓库: Jisucloud/CloudFlare-ImgBed
[2026-07-12 00:20:12]   🍴 兄弟仓库: 30 个 → 队列
[2026-07-12 00:20:12] 👤 遍历用户仓库: baiyu2683
[2026-07-12 00:20:12]   👤 用户仓库: 30 个 → 队列
[2026-07-12 00:20:12]   用户 nxyzorg 共查 30 个仓库
[2026-07-12 00:20:12] 仓库 https://github.com/CoodTools/cloudflare_temp_email (分支: main, size: 10173KB, pushed: 2026-07-11T11:17:08Z)
[2026-07-12 00:20:12] 仓库 https://github.com/lazydog28/cloudflare_temp_email 无候选文件 (总计 418 blob, 扩展名过滤 278, processed_shas 跳过 2, SHA 缓存跳过 138)
[2026-07-12 00:20:12] 🔗 查子仓库: lazydog28/cloudflare_temp_email
[2026-07-12 00:20:12] 🔗 开始 Fork 链追踪 (Jisucloud/CloudFlare-ImgBed)
[2026-07-12 00:20:12]   父仓库: MarSeventh/CloudFlare-ImgBed
[2026-07-12 00:20:12] 🔗 开始 Fork 链追踪 (lazydog28/cloudflare_temp_email)
[2026-07-12 00:20:12] 仓库 https://github.com/CoodTools/cloudflare_temp_email 无候选文件 (总计 418 blob, 扩展名过滤 278, processed_shas 跳过 2, SHA 缓存跳过 138)
[2026-07-12 00:20:12] 🔗 查子仓库: CoodTools/cloudflare_temp_email
[2026-07-12 00:20:12]   父仓库: MarSeventh/CloudFlare-ImgBed
[2026-07-12 00:20:13] 🔗 开始 Fork 链追踪 (CoodTools/cloudflare_temp_email)
[2026-07-12 00:20:13]   👤 用户仓库: 19 个 → 队列
[2026-07-12 00:20:13]   用户 dishao123 共查 19 个仓库
[2026-07-12 00:20:13] 仓库 https://github.com/znspace/cloudflare_temp_email (分支: main, size: 10173KB, pushed: 2026-07-11T11:09:13Z)
[2026-07-12 00:20:13]   父仓库: dreamhunter2333/cloudflare_temp_email
[2026-07-12 00:20:13] 仓库在黑名单中: https://github.com/dreamhunter2333/cloudflare_temp_email
[2026-07-12 00:20:13]   父仓库 +0 个节点
[2026-07-12 00:20:13] 仓库 https://github.com/znspace/cloudflare_temp_email 无候选文件 (总计 418 blob, 扩展名过滤 278, processed_shas 跳过 2, SHA 缓存跳过 138)
[2026-07-12 00:20:13] 🔗 查子仓库: znspace/cloudflare_temp_email
[2026-07-12 00:20:13]   父仓库: dreamhunter2333/cloudflare_temp_email
[2026-07-12 00:20:13] 仓库在黑名单中: https://github.com/dreamhunter2333/cloudflare_temp_email
[2026-07-12 00:20:13]   父仓库 +0 个节点
[2026-07-12 00:20:13] 🔗 开始 Fork 链追踪 (znspace/cloudflare_temp_email)
[2026-07-12 00:20:13] 👤 遍历用户仓库: Obito-404
[2026-07-12 00:20:13] 仓库 https://github.com/hailantian74110/iptv-api 候选文件 5 个
[2026-07-12 00:20:13]   父仓库: dreamhunter2333/cloudflare_temp_email
[2026-07-12 00:20:13] 仓库在黑名单中: https://github.com/dreamhunter2333/cloudflare_temp_email
[2026-07-12 00:20:13]   父仓库 +0 个节点
[2026-07-12 00:20:13] 👤 遍历用户仓库: Jisucloud
[2026-07-12 00:20:13]   👤 用户仓库: 18 个 → 队列
[2026-07-12 00:20:13]   用户 Obito-404 共查 18 个仓库
[2026-07-12 00:20:13] 仓库 https://github.com/masterzy/iptv-api (分支: master, size: 119563KB, pushed: 2026-07-11T11:08:22Z)
[2026-07-12 00:20:13] 👤 遍历用户仓库: lazydog28
[2026-07-12 00:20:13] 👤 遍历用户仓库: CoodTools
[2026-07-12 00:20:14]   👤 用户仓库: 9 个 → 队列
[2026-07-12 00:20:14]   用户 CoodTools 共查 9 个仓库
[2026-07-12 00:20:14] 仓库 https://github.com/sche11/cloudflare_temp_email (分支: main, size: 10173KB, pushed: 2026-07-11T11:07:29Z)
[2026-07-12 00:20:14]   👤 用户仓库: 30 个 → 队列
[2026-07-12 00:20:14]   用户 baiyu2683 共查 30 个仓库
[2026-07-12 00:20:14] 仓库 https://github.com/yuhb1975/cloudflare_temp_email (分支: main, size: 10173KB, pushed: 2026-07-11T11:07:03Z)
[2026-07-12 00:20:14]   👤 用户仓库: 16 个 → 队列
[2026-07-12 00:20:14]   用户 lazydog28 共查 16 个仓库
[2026-07-12 00:20:14] 仓库 https://github.com/chanleafon/iptv-api (分支: master, size: 105983KB, pushed: 2026-07-11T11:06:23Z)
[2026-07-12 00:20:14] 仓库 https://github.com/yuhb1975/cloudflare_temp_email 无候选文件 (总计 418 blob, 扩展名过滤 278, processed_shas 跳过 2, SHA 缓存跳过 138)[2026-07-12 00:20:14] 仓库 https://github.com/sche11/cloudflare_temp_email 无候选文件 (总计 418 blob, 扩展名过滤 278, processed_shas 跳过 2, SHA 缓存跳过 138)

[2026-07-12 00:20:14] 🔗 查子仓库: sche11/cloudflare_temp_email[2026-07-12 00:20:14] 🔗 查子仓库: yuhb1975/cloudflare_temp_email

[2026-07-12 00:20:14] 🔗 开始 Fork 链追踪 (yuhb1975/cloudflare_temp_email)[2026-07-12 00:20:14] 🔗 开始 Fork 链追踪 (sche11/cloudflare_temp_email)

[2026-07-12 00:20:14]   父仓库: dreamhunter2333/cloudflare_temp_email
[2026-07-12 00:20:14] 仓库在黑名单中: https://github.com/dreamhunter2333/cloudflare_temp_email
[2026-07-12 00:20:14]   父仓库 +0 个节点[2026-07-12 00:20:14] 仓库 https://github.com/masterzy/iptv-api 无候选文件 (总计 218 blob, 扩展名过滤 135, processed_shas 跳过 0, SHA 缓存跳过 83)

[2026-07-12 00:20:14]   父仓库: dreamhunter2333/cloudflare_temp_email[2026-07-12 00:20:14] 👤 遍历用户仓库: znspace[2026-07-12 00:20:14] 🔗 查子仓库: masterzy/iptv-api


[2026-07-12 00:20:14] 仓库在黑名单中: https://github.com/dreamhunter2333/cloudflare_temp_email
[2026-07-12 00:20:14]   父仓库 +0 个节点
[2026-07-12 00:20:14] 仓库 https://github.com/hailantian74110/iptv-api README 含广告词，加入黑名单
[2026-07-12 00:20:14] 仓库 https://github.com/jiadingren/iptv-api (分支: master, size: 121837KB, pushed: 2026-07-11T11:04:39Z)
[2026-07-12 00:20:14] 🔗 开始 Fork 链追踪 (masterzy/iptv-api)
[2026-07-12 00:20:15]   父仓库: Guovin/iptv-api
[2026-07-12 00:20:15] 仓库在黑名单中: https://github.com/Guovin/iptv-api
[2026-07-12 00:20:15]   父仓库 +0 个节点
[2026-07-12 00:20:15]   👤 用户仓库: 30 个 → 队列
[2026-07-12 00:20:15]   用户 znspace 共查 30 个仓库
[2026-07-12 00:20:15] 仓库 https://github.com/lism/iptv-api (分支: master, size: 104496KB, pushed: 2026-07-11T11:00:47Z)
[2026-07-12 00:20:15] 👤 遍历用户仓库: yuhb1975
[2026-07-12 00:20:15] 仓库 https://github.com/chanleafon/iptv-api 无候选文件 (总计 217 blob, 扩展名过滤 134, processed_shas 跳过 0, SHA 缓存跳过 83)
[2026-07-12 00:20:15] 🔗 查子仓库: chanleafon/iptv-api
[2026-07-12 00:20:15] 👤 遍历用户仓库: sche11
[2026-07-12 00:20:15] 🔗 开始 Fork 链追踪 (chanleafon/iptv-api)
[2026-07-12 00:20:15]   父仓库: Guovin/iptv-api
[2026-07-12 00:20:15] 仓库在黑名单中: https://github.com/Guovin/iptv-api
[2026-07-12 00:20:15]   父仓库 +0 个节点
[2026-07-12 00:20:15] 仓库 https://github.com/jiadingren/iptv-api 无候选文件 (总计 217 blob, 扩展名过滤 134, processed_shas 跳过 0, SHA 缓存跳过 83)
[2026-07-12 00:20:15] 🔗 查子仓库: jiadingren/iptv-api
[2026-07-12 00:20:15] 🔗 开始 Fork 链追踪 (jiadingren/iptv-api)
[2026-07-12 00:20:15]   👤 用户仓库: 24 个 → 队列
[2026-07-12 00:20:15]   用户 yuhb1975 共查 24 个仓库
[2026-07-12 00:20:15] 仓库 https://github.com/OiCkilL/cloudflare_temp_email (分支: main, size: 10173KB, pushed: 2026-07-11T10:52:57Z)
[2026-07-12 00:20:15]   父仓库: Guovin/iptv-api
[2026-07-12 00:20:15] 仓库在黑名单中: https://github.com/Guovin/iptv-api
[2026-07-12 00:20:15]   父仓库 +0 个节点
[2026-07-12 00:20:15] ⏱️ [71/122] 免费 (clash OR v2ray OR trojan) (订阅 OR 节点 OR 机场) pushed:>2026- | 44s | +0
[2026-07-12 00:20:16] 仓库 https://github.com/OiCkilL/cloudflare_temp_email 无候选文件 (总计 418 blob, 扩展名过滤 278, processed_shas 跳过 2, SHA 缓存跳过 138)
[2026-07-12 00:20:16] 🔗 查子仓库: OiCkilL/cloudflare_temp_email
[2026-07-12 00:20:16]   👤 用户仓库: 30 个 → 队列
[2026-07-12 00:20:16]   用户 sche11 共查 30 个仓库
[2026-07-12 00:20:16] 仓库 https://github.com/melsecme-ship-it/iptv-api (分支: master, size: 105298KB, pushed: 2026-07-11T10:51:49Z)
[2026-07-12 00:20:16] 🔗 开始 Fork 链追踪 (OiCkilL/cloudflare_temp_email)
[2026-07-12 00:20:16] 仓库 https://github.com/lism/iptv-api 无候选文件 (总计 218 blob, 扩展名过滤 135, processed_shas 跳过 0, SHA 缓存跳过 83)
[2026-07-12 00:20:16] 🔗 查子仓库: lism/iptv-api
[2026-07-12 00:20:16]   父仓库: dreamhunter2333/cloudflare_temp_email
[2026-07-12 00:20:16] 仓库在黑名单中: https://github.com/dreamhunter2333/cloudflare_temp_email
[2026-07-12 00:20:16]   父仓库 +0 个节点
[2026-07-12 00:20:16] 🔗 开始 Fork 链追踪 (lism/iptv-api)
[2026-07-12 00:20:16]   🍴 兄弟仓库: 30 个 → 队列
[2026-07-12 00:20:16] 👤 遍历用户仓库: masterzy
[2026-07-12 00:20:16]   父仓库: Guovin/iptv-api
[2026-07-12 00:20:16] 仓库在黑名单中: https://github.com/Guovin/iptv-api
[2026-07-12 00:20:16]   父仓库 +0 个节点
[2026-07-12 00:20:16] 仓库 https://github.com/melsecme-ship-it/iptv-api 无候选文件 (总计 217 blob, 扩展名过滤 134, processed_shas 跳过 0, SHA 缓存跳过 83)
[2026-07-12 00:20:16] 🔗 查子仓库: melsecme-ship-it/iptv-api
[2026-07-12 00:20:16]   🍴 兄弟仓库: 27 个 → 队列
[2026-07-12 00:20:16] 👤 遍历用户仓库: chanleafon
[2026-07-12 00:20:16] 🔗 开始 Fork 链追踪 (melsecme-ship-it/iptv-api)
[2026-07-12 00:20:16]   👤 用户仓库: 9 个 → 队列
[2026-07-12 00:20:16]   用户 masterzy 共查 9 个仓库
[2026-07-12 00:20:16] 仓库 https://github.com/bxf471494973/iptv-api (分支: master, size: 110727KB, pushed: 2026-07-11T10:51:46Z)
[2026-07-12 00:20:16]   👤 用户仓库: 2 个 → 队列
[2026-07-12 00:20:16]   用户 chanleafon 共查 2 个仓库
[2026-07-12 00:20:16] 仓库 https://github.com/Dsnsir/young- (分支: main, size: 108KB, pushed: 2026-07-11T10:46:19Z)
[2026-07-12 00:20:17]   👤 用户仓库: 30 个 → 队列
[2026-07-12 00:20:17]   用户 lwllvyb 共查 30 个仓库
[2026-07-12 00:20:17] 仓库 https://github.com/cuijianzhuang/cloudflare_temp_email (分支: main, size: 10173KB, pushed: 2026-07-11T10:45:42Z)
[2026-07-12 00:20:17]   父仓库: Guovin/iptv-api
[2026-07-12 00:20:17] 仓库在黑名单中: https://github.com/Guovin/iptv-api
[2026-07-12 00:20:17]   父仓库 +0 个节点
[2026-07-12 00:20:17] 👤 遍历用户仓库: jiadingren
[2026-07-12 00:20:17] 👤 遍历用户仓库: OiCkilL
[2026-07-12 00:20:17] 👤 遍历用户仓库: lism
[2026-07-12 00:20:17] 仓库 https://github.com/Dsnsir/young- 候选文件 10 个
[2026-07-12 00:20:17] 仓库 https://github.com/cuijianzhuang/cloudflare_temp_email 无候选文件 (总计 418 blob, 扩展名过滤 278, processed_shas 跳过 2, SHA 缓存跳过 138)
[2026-07-12 00:20:17] 🔗 查子仓库: cuijianzhuang/cloudflare_temp_email
[2026-07-12 00:20:17]   👤 用户仓库: 1 个 → 队列
[2026-07-12 00:20:17]   用户 jiadingren 共查 1 个仓库
[2026-07-12 00:20:17] 仓库 https://github.com/1u3ec/cloudflare_temp_email (分支: main, size: 10173KB, pushed: 2026-07-11T10:41:00Z)
[2026-07-12 00:20:17] 🔗 开始 Fork 链追踪 (cuijianzhuang/cloudflare_temp_email)
[2026-07-12 00:20:17] 仓库 https://github.com/1u3ec/cloudflare_temp_email 无候选文件 (总计 418 blob, 扩展名过滤 278, processed_shas 跳过 2, SHA 缓存跳过 138)
[2026-07-12 00:20:17] 🔗 查子仓库: 1u3ec/cloudflare_temp_email
[2026-07-12 00:20:17]   父仓库: dreamhunter2333/cloudflare_temp_email
[2026-07-12 00:20:17] 仓库在黑名单中: https://github.com/dreamhunter2333/cloudflare_temp_email
[2026-07-12 00:20:17]   父仓库 +0 个节点
[2026-07-12 00:20:17] 🔗 开始 Fork 链追踪 (1u3ec/cloudflare_temp_email)
[2026-07-12 00:20:17] 👤 遍历用户仓库: melsecme-ship-it
[2026-07-12 00:20:17]   父仓库: dreamhunter2333/cloudflare_temp_email
[2026-07-12 00:20:17] 仓库在黑名单中: https://github.com/dreamhunter2333/cloudflare_temp_email
[2026-07-12 00:20:17]   父仓库 +0 个节点
[2026-07-12 00:20:17]   用户 melsecme-ship-it 共查 0 个仓库
[2026-07-12 00:20:17] 仓库 https://github.com/jiz4oh/cloudflare_temp_email (分支: main, size: 10175KB, pushed: 2026-07-11T10:37:07Z)
[2026-07-12 00:20:17] 仓库 https://github.com/bxf471494973/iptv-api 无候选文件 (总计 218 blob, 扩展名过滤 135, processed_shas 跳过 0, SHA 缓存跳过 83)
[2026-07-12 00:20:17] 🔗 查子仓库: bxf471494973/iptv-api
[2026-07-12 00:20:17]   👤 用户仓库: 30 个 → 队列
[2026-07-12 00:20:17]   用户 OiCkilL 共查 30 个仓库
[2026-07-12 00:20:17] 仓库 https://github.com/FujiiTaki/cloudflare_temp_email (分支: main, size: 10173KB, pushed: 2026-07-11T10:25:09Z)
[2026-07-12 00:20:17] 🔗 开始 Fork 链追踪 (bxf471494973/iptv-api)
[2026-07-12 00:20:18] 仓库 https://github.com/jiz4oh/cloudflare_temp_email 无候选文件 (总计 418 blob, 扩展名过滤 278, processed_shas 跳过 2, SHA 缓存跳过 138)
[2026-07-12 00:20:18]   父仓库: Guovin/iptv-api[2026-07-12 00:20:18] 🔗 查子仓库: jiz4oh/cloudflare_temp_email

[2026-07-12 00:20:18] 仓库 https://github.com/FujiiTaki/cloudflare_temp_email 无候选文件 (总计 418 blob, 扩展名过滤 278, processed_shas 跳过 2, SHA 缓存跳过 138)
[2026-07-12 00:20:18] 仓库在黑名单中: https://github.com/Guovin/iptv-api[2026-07-12 00:20:18] 🔗 查子仓库: FujiiTaki/cloudflare_temp_email

[2026-07-12 00:20:18]   父仓库 +0 个节点
[2026-07-12 00:20:18] 👤 遍历用户仓库: cuijianzhuang
[2026-07-12 00:20:18] 🔗 开始 Fork 链追踪 (jiz4oh/cloudflare_temp_email)
[2026-07-12 00:20:18] 🔗 开始 Fork 链追踪 (FujiiTaki/cloudflare_temp_email)
[2026-07-12 00:20:18] 👤 遍历用户仓库: 1u3ec
[2026-07-12 00:20:18]   父仓库: dreamhunter2333/cloudflare_temp_email
[2026-07-12 00:20:18] 仓库在黑名单中: https://github.com/dreamhunter2333/cloudflare_temp_email
[2026-07-12 00:20:18]   父仓库 +0 个节点
[2026-07-12 00:20:18]   父仓库: dreamhunter2333/cloudflare_temp_email
[2026-07-12 00:20:18] 仓库在黑名单中: https://github.com/dreamhunter2333/cloudflare_temp_email
[2026-07-12 00:20:18]   父仓库 +0 个节点
[2026-07-12 00:20:18]   👤 用户仓库: 1 个 → 队列
[2026-07-12 00:20:18]   用户 1u3ec 共查 1 个仓库
[2026-07-12 00:20:18] 仓库 https://github.com/12204503/docker_image_pusher (分支: main, size: 956KB, pushed: 2026-07-11T10:25:06Z)
[2026-07-12 00:20:18] 仓库 https://github.com/12204503/docker_image_pusher 候选文件 3 个
[2026-07-12 00:20:18] 仓库 https://github.com/Dsnsir/young- 未提取到节点，加入黑名单
[2026-07-12 00:20:18] 仓库 https://github.com/EightBigWinds/cloudflare_temp_email (分支: main, size: 10173KB, pushed: 2026-07-11T10:24:55Z)
[2026-07-12 00:20:19] 👤 遍历用户仓库: bxf471494973
[2026-07-12 00:20:19] ⏱️ [72/122] clash (订阅 OR 配置 OR 节点) github pushed:>2026-07-10T15:34:46Z f | 3s | +0
[2026-07-12 00:20:19] 👤 遍历用户仓库: FujiiTaki
[2026-07-12 00:20:19] 仓库 https://github.com/EightBigWinds/cloudflare_temp_email 无候选文件 (总计 418 blob, 扩展名过滤 278, processed_shas 跳过 2, SHA 缓存跳过 138)
[2026-07-12 00:20:19] 🔗 查子仓库: EightBigWinds/cloudflare_temp_email
[2026-07-12 00:20:19]   👤 用户仓库: 1 个 → 队列
[2026-07-12 00:20:19]   用户 bxf471494973 共查 1 个仓库
[2026-07-12 00:20:19] 仓库 https://github.com/mazongYY/cloudflare_temp_email (分支: main, size: 10173KB, pushed: 2026-07-11T10:22:00Z)
[2026-07-12 00:20:19] 🔗 开始 Fork 链追踪 (EightBigWinds/cloudflare_temp_email)
[2026-07-12 00:20:19] 仓库 https://github.com/12204503/docker_image_pusher 未提取到节点，加入黑名单
[2026-07-12 00:20:19] 仓库 https://github.com/xsyszf/dreamhunter2333-cloudflare_temp_email (分支: main, size: 10173KB, pushed: 2026-07-11T10:15:45Z)
[2026-07-12 00:20:19] 👤 遍历用户仓库: jiz4oh
[2026-07-12 00:20:19] 仓库 https://github.com/mazongYY/cloudflare_temp_email 无候选文件 (总计 418 blob, 扩展名过滤 278, processed_shas 跳过 2, SHA 缓存跳过 138)
[2026-07-12 00:20:19] 🔗 查子仓库: mazongYY/cloudflare_temp_email
[2026-07-12 00:20:19] 仓库 https://github.com/xsyszf/dreamhunter2333-cloudflare_temp_email 无候选文件 (总计 418 blob, 扩展名过滤 278, processed_shas 跳过 2, SHA 缓存跳过 138)
[2026-07-12 00:20:19] 🔗 查子仓库: xsyszf/dreamhunter2333-cloudflare_temp_email
[2026-07-12 00:20:19]   父仓库: dreamhunter2333/cloudflare_temp_email
[2026-07-12 00:20:19] 仓库在黑名单中: https://github.com/dreamhunter2333/cloudflare_temp_email
[2026-07-12 00:20:19]   父仓库 +0 个节点
[2026-07-12 00:20:19] 🔗 开始 Fork 链追踪 (mazongYY/cloudflare_temp_email)
[2026-07-12 00:20:19] 🔗 开始 Fork 链追踪 (xsyszf/dreamhunter2333-cloudflare_temp_email)
[2026-07-12 00:20:19]   👤 用户仓库: 30 个 → 队列
[2026-07-12 00:20:19]   用户 cuijianzhuang 共查 30 个仓库
[2026-07-12 00:20:19] 仓库 https://github.com/Etsinshao/cloudflare_temp_email (分支: main, size: 10175KB, pushed: 2026-07-11T10:12:11Z)
[2026-07-12 00:20:19]   👤 用户仓库: 30 个 → 队列
[2026-07-12 00:20:19]   用户 FujiiTaki 共查 30 个仓库
[2026-07-12 00:20:19] 仓库 https://github.com/dongbonidhao/FGBLH (分支: main, size: 37831KB, pushed: 2026-07-11T10:05:35Z)
[2026-07-12 00:20:19]   父仓库: dreamhunter2333/cloudflare_temp_email
[2026-07-12 00:20:19] 仓库在黑名单中: https://github.com/dreamhunter2333/cloudflare_temp_email
[2026-07-12 00:20:19]   父仓库 +0 个节点
[2026-07-12 00:20:19]   父仓库: dreamhunter2333/cloudflare_temp_email
[2026-07-12 00:20:19] 仓库在黑名单中: https://github.com/dreamhunter2333/cloudflare_temp_email
[2026-07-12 00:20:19]   父仓库 +0 个节点
[2026-07-12 00:20:19] 仓库 https://github.com/Etsinshao/cloudflare_temp_email 无候选文件 (总计 418 blob, 扩展名过滤 278, processed_shas 跳过 2, SHA 缓存跳过 138)
[2026-07-12 00:20:19] 🔗 查子仓库: Etsinshao/cloudflare_temp_email
[2026-07-12 00:20:19]   👤 用户仓库: 30 个 → 队列
[2026-07-12 00:20:19]   用户 Jisucloud 共查 30 个仓库
[2026-07-12 00:20:19] 仓库 https://github.com/ken088/FGBLH (分支: main, size: 37831KB, pushed: 2026-07-11T10:05:35Z)
[2026-07-12 00:20:19] 仓库 https://github.com/dongbonidhao/FGBLH 候选文件 2 个
[2026-07-12 00:20:19] 🔗 开始 Fork 链追踪 (Etsinshao/cloudflare_temp_email)
[2026-07-12 00:20:20] 👤 遍历用户仓库: EightBigWinds
[2026-07-12 00:20:20] 仓库 https://github.com/ken088/FGBLH 无候选文件 (总计 93 blob, 扩展名过滤 79, processed_shas 跳过 1, SHA 缓存跳过 13)
[2026-07-12 00:20:20] 🔗 查子仓库: ken088/FGBLH
[2026-07-12 00:20:20]   父仓库: dreamhunter2333/cloudflare_temp_email
[2026-07-12 00:20:20] 仓库在黑名单中: https://github.com/dreamhunter2333/cloudflare_temp_email
[2026-07-12 00:20:20]   父仓库 +0 个节点
[2026-07-12 00:20:20] 🔗 开始 Fork 链追踪 (ken088/FGBLH)
[2026-07-12 00:20:20]   👤 用户仓库: 30 个 → 队列
[2026-07-12 00:20:20]   用户 jiz4oh 共查 30 个仓库
[2026-07-12 00:20:20] 仓库 https://github.com/lidachui1998/cloudflare_temp_email (分支: main, size: 10173KB, pushed: 2026-07-11T10:04:22Z)
[2026-07-12 00:20:20] 👤 遍历用户仓库: mazongYY
[2026-07-12 00:20:20] 仓库 https://github.com/dongbonidhao/FGBLH 未提取到节点，加入黑名单
[2026-07-12 00:20:20] 仓库 https://github.com/kylinpoet/cloudflare_temp_email (分支: main, size: 10173KB, pushed: 2026-07-11T10:04:19Z)
[2026-07-12 00:20:20] 👤 遍历用户仓库: xsyszf
[2026-07-12 00:20:20]   👤 用户仓库: 12 个 → 队列
[2026-07-12 00:20:20]   用户 EightBigWinds 共查 12 个仓库
[2026-07-12 00:20:20] 仓库 https://github.com/weikkadd/Godlike (分支: main, size: 203KB, pushed: 2026-07-11T10:02:55Z)
[2026-07-12 00:20:20]   父仓库: dongbonidhao/FGBLH
[2026-07-12 00:20:20] 仓库 https://github.com/lidachui1998/cloudflare_temp_email 无候选文件 (总计 418 blob, 扩展名过滤 278, processed_shas 跳过 2, SHA 缓存跳过 138)
[2026-07-12 00:20:20] 🔗 查子仓库: lidachui1998/cloudflare_temp_email
[2026-07-12 00:20:20] 仓库 https://github.com/weikkadd/Godlike 候选文件 2 个
[2026-07-12 00:20:20] 仓库 https://github.com/kylinpoet/cloudflare_temp_email 无候选文件 (总计 418 blob, 扩展名过滤 278, processed_shas 跳过 2, SHA 缓存跳过 138)
[2026-07-12 00:20:20] 🔗 查子仓库: kylinpoet/cloudflare_temp_email
[2026-07-12 00:20:20]   👤 用户仓库: 11 个 → 队列
[2026-07-12 00:20:20]   用户 mazongYY 共查 11 个仓库
[2026-07-12 00:20:20] 仓库 https://github.com/CaoYunzhou/cloudflare_temp_email (分支: main, size: 10173KB, pushed: 2026-07-11T10:02:48Z)
[2026-07-12 00:20:20]   🍴 兄弟仓库: 2 个 → 队列
[2026-07-12 00:20:20] 👤 遍历用户仓库: ken088
[2026-07-12 00:20:20] 🔗 开始 Fork 链追踪 (lidachui1998/cloudflare_temp_email)
[2026-07-12 00:20:20] 👤 遍历用户仓库: Etsinshao
[2026-07-12 00:20:20] 🔗 开始 Fork 链追踪 (kylinpoet/cloudflare_temp_email)
[2026-07-12 00:20:20] 仓库 https://github.com/weikkadd/Godlike README 含广告词，加入黑名单
[2026-07-12 00:20:20] 仓库 https://github.com/jakernel/cloudflare_temp_email (分支: main, size: 10173KB, pushed: 2026-07-11T09:50:52Z)
[2026-07-12 00:20:20]   父仓库: dreamhunter2333/cloudflare_temp_email
[2026-07-12 00:20:20] 仓库在黑名单中: https://github.com/dreamhunter2333/cloudflare_temp_email
[2026-07-12 00:20:20]   父仓库 +0 个节点
[2026-07-12 00:20:20] 仓库 https://github.com/CaoYunzhou/cloudflare_temp_email 无候选文件 (总计 418 blob, 扩展名过滤 278, processed_shas 跳过 2, SHA 缓存跳过 138)
[2026-07-12 00:20:20] 🔗 查子仓库: CaoYunzhou/cloudflare_temp_email
[2026-07-12 00:20:20]   父仓库: dreamhunter2333/cloudflare_temp_email
[2026-07-12 00:20:20] 仓库在黑名单中: https://github.com/dreamhunter2333/cloudflare_temp_email
[2026-07-12 00:20:20]   父仓库 +0 个节点
[2026-07-12 00:20:21] 🔗 开始 Fork 链追踪 (CaoYunzhou/cloudflare_temp_email)
[2026-07-12 00:20:21] 仓库 https://github.com/jakernel/cloudflare_temp_email 无候选文件 (总计 418 blob, 扩展名过滤 278, processed_shas 跳过 2, SHA 缓存跳过 138)
[2026-07-12 00:20:21] 🔗 查子仓库: jakernel/cloudflare_temp_email
[2026-07-12 00:20:21] 🔗 开始 Fork 链追踪 (jakernel/cloudflare_temp_email)
[2026-07-12 00:20:21]   父仓库: dreamhunter2333/cloudflare_temp_email
[2026-07-12 00:20:21] 仓库在黑名单中: https://github.com/dreamhunter2333/cloudflare_temp_email
[2026-07-12 00:20:21]   父仓库 +0 个节点
[2026-07-12 00:20:21]   父仓库: dreamhunter2333/cloudflare_temp_email
[2026-07-12 00:20:21] 仓库在黑名单中: https://github.com/dreamhunter2333/cloudflare_temp_email
[2026-07-12 00:20:21]   父仓库 +0 个节点
[2026-07-12 00:20:21] 👤 遍历用户仓库: lidachui1998
[2026-07-12 00:20:21] 👤 遍历用户仓库: kylinpoet
[2026-07-12 00:20:21] 👤 遍历用户仓库: CaoYunzhou
[2026-07-12 00:20:21]   👤 用户仓库: 30 个 → 队列
[2026-07-12 00:20:21]   用户 ken088 共查 30 个仓库
[2026-07-12 00:20:21] 仓库 https://github.com/ariesljm/cloudflare_temp_email (分支: main, size: 10173KB, pushed: 2026-07-11T09:50:29Z)
[2026-07-12 00:20:22]   👤 用户仓库: 30 个 → 队列
[2026-07-12 00:20:22]   用户 lidachui1998 共查 30 个仓库
[2026-07-12 00:20:22] 仓库 https://github.com/yspcn/live (分支: main, size: 1698290KB, pushed: 2026-07-11T09:48:30Z)
[2026-07-12 00:20:22] 仓库 https://github.com/ariesljm/cloudflare_temp_email 无候选文件 (总计 418 blob, 扩展名过滤 278, processed_shas 跳过 2, SHA 缓存跳过 138)
[2026-07-12 00:20:22] 🔗 查子仓库: ariesljm/cloudflare_temp_email
[2026-07-12 00:20:22] 🔗 开始 Fork 链追踪 (ariesljm/cloudflare_temp_email)
[2026-07-12 00:20:22] 👤 遍历用户仓库: jakernel
[2026-07-12 00:20:22] 仓库 https://github.com/yspcn/live 无候选文件 (总计 1447 blob, 扩展名过滤 1437, processed_shas 跳过 0, SHA 缓存跳过 10)
[2026-07-12 00:20:22] 🔗 查子仓库: yspcn/live
[2026-07-12 00:20:22]   👤 用户仓库: 30 个 → 队列
[2026-07-12 00:20:22]   用户 kylinpoet 共查 30 个仓库
[2026-07-12 00:20:22] 仓库 https://github.com/Daniel622/live (分支: main, size: 1698257KB, pushed: 2026-07-11T09:48:08Z)
[2026-07-12 00:20:22] 🔗 开始 Fork 链追踪 (yspcn/live)
[2026-07-12 00:20:22]   父仓库: dreamhunter2333/cloudflare_temp_email
[2026-07-12 00:20:22] 仓库在黑名单中: https://github.com/dreamhunter2333/cloudflare_temp_email
[2026-07-12 00:20:22]   父仓库 +0 个节点
[2026-07-12 00:20:22]   父仓库: fanmingming/live
[2026-07-12 00:20:22] ⏱️ [73/122] v2ray (订阅 OR 配置 OR 节点) github pushed:>2026-07-10T15:34:46Z f | 4s | +0
[2026-07-12 00:20:22] 仓库 https://github.com/Daniel622/live 无候选文件 (总计 1448 blob, 扩展名过滤 1438, processed_shas 跳过 0, SHA 缓存跳过 10)
[2026-07-12 00:20:22] 🔗 查子仓库: Daniel622/live
[2026-07-12 00:20:22]   👤 用户仓库: 30 个 → 队列
[2026-07-12 00:20:22]   用户 Etsinshao 共查 30 个仓库
[2026-07-12 00:20:22] 仓库 https://github.com/MeowCollections/cloudflare_temp_email (分支: main, size: 10175KB, pushed: 2026-07-11T09:47:24Z)
[2026-07-12 00:20:22] 🔗 开始 Fork 链追踪 (Daniel622/live)
[2026-07-12 00:20:22]   👤 用户仓库: 30 个 → 队列
[2026-07-12 00:20:22]   用户 jakernel 共查 30 个仓库
[2026-07-12 00:20:22] 仓库 https://github.com/conglaifengliu/live (分支: main, size: 1698261KB, pushed: 2026-07-11T09:46:30Z)
[2026-07-12 00:20:22] 仓库 https://github.com/MeowCollections/cloudflare_temp_email 无候选文件 (总计 418 blob, 扩展名过滤 278, processed_shas 跳过 2, SHA 缓存跳过 138)
[2026-07-12 00:20:22] 🔗 查子仓库: MeowCollections/cloudflare_temp_email
[2026-07-12 00:20:23]   父仓库: fanmingming/live
[2026-07-12 00:20:23] 🔗 开始 Fork 链追踪 (MeowCollections/cloudflare_temp_email)
[2026-07-12 00:20:23] 👤 遍历用户仓库: ariesljm
[2026-07-12 00:20:23] 仓库 https://github.com/conglaifengliu/live 无候选文件 (总计 1447 blob, 扩展名过滤 1437, processed_shas 跳过 0, SHA 缓存跳过 10)
[2026-07-12 00:20:23] 🔗 查子仓库: conglaifengliu/live
[2026-07-12 00:20:23] 🔗 开始 Fork 链追踪 (conglaifengliu/live)
[2026-07-12 00:20:23] 👤 遍历用户仓库: yspcn
[2026-07-12 00:20:23]   父仓库: dreamhunter2333/cloudflare_temp_email
[2026-07-12 00:20:23] 仓库在黑名单中: https://github.com/dreamhunter2333/cloudflare_temp_email
[2026-07-12 00:20:23]   父仓库 +0 个节点
[2026-07-12 00:20:23]   👤 用户仓库: 14 个 → 队列
[2026-07-12 00:20:23]   用户 ariesljm 共查 14 个仓库
[2026-07-12 00:20:23] 仓库 https://github.com/abedormancy/cloudflare_temp_email (分支: main, size: 10173KB, pushed: 2026-07-11T09:39:08Z)
[2026-07-12 00:20:23]   父仓库: fanmingming/live
[2026-07-12 00:20:23]   👤 用户仓库: 30 个 → 队列
[2026-07-12 00:20:23]   用户 CaoYunzhou 共查 30 个仓库
[2026-07-12 00:20:23] 仓库 https://github.com/kakakakaka1/cloudflare_temp_email (分支: main, size: 10176KB, pushed: 2026-07-11T09:39:03Z)
[2026-07-12 00:20:23] 👤 遍历用户仓库: Daniel622
[2026-07-12 00:20:23] 仓库 https://github.com/abedormancy/cloudflare_temp_email 无候选文件 (总计 418 blob, 扩展名过滤 278, processed_shas 跳过 2, SHA 缓存跳过 138)
[2026-07-12 00:20:23] 🔗 查子仓库: abedormancy/cloudflare_temp_email
[2026-07-12 00:20:23] 🔗 开始 Fork 链追踪 (abedormancy/cloudflare_temp_email)
[2026-07-12 00:20:23] 仓库 https://github.com/kakakakaka1/cloudflare_temp_email 无候选文件 (总计 418 blob, 扩展名过滤 278, processed_shas 跳过 2, SHA 缓存跳过 138)
[2026-07-12 00:20:23] 🔗 查子仓库: kakakakaka1/cloudflare_temp_email
[2026-07-12 00:20:23] 👤 遍历用户仓库: MeowCollections
[2026-07-12 00:20:23] 🔗 开始 Fork 链追踪 (kakakakaka1/cloudflare_temp_email)
[2026-07-12 00:20:23]   父仓库: dreamhunter2333/cloudflare_temp_email
[2026-07-12 00:20:23] 仓库在黑名单中: https://github.com/dreamhunter2333/cloudflare_temp_email
[2026-07-12 00:20:23]   父仓库 +0 个节点
[2026-07-12 00:20:24]   父仓库: dreamhunter2333/cloudflare_temp_email
[2026-07-12 00:20:24] 仓库在黑名单中: https://github.com/dreamhunter2333/cloudflare_temp_email
[2026-07-12 00:20:24]   父仓库 +0 个节点
[2026-07-12 00:20:24] 👤 遍历用户仓库: conglaifengliu
[2026-07-12 00:20:24]   👤 用户仓库: 26 个 → 队列
[2026-07-12 00:20:24]   用户 Daniel622 共查 26 个仓库
[2026-07-12 00:20:24] 仓库 https://github.com/hangyubin/zyfun (分支: main, size: 46868KB, pushed: 2026-07-11T09:36:49Z)
[2026-07-12 00:20:24]   👤 用户仓库: 30 个 → 队列
[2026-07-12 00:20:24]   用户 yspcn 共查 30 个仓库
[2026-07-12 00:20:24] 仓库 https://github.com/baizhougod/cloudflare_temp_email (分支: main, size: 10175KB, pushed: 2026-07-11T09:36:30Z)
[2026-07-12 00:20:24] 仓库 https://github.com/hangyubin/zyfun 候选文件 56 个
[2026-07-12 00:20:24] 仓库 https://github.com/baizhougod/cloudflare_temp_email 无候选文件 (总计 418 blob, 扩展名过滤 278, processed_shas 跳过 2, SHA 缓存跳过 138)
[2026-07-12 00:20:24] 🔗 查子仓库: baizhougod/cloudflare_temp_email
[2026-07-12 00:20:24]   👤 用户仓库: 13 个 → 队列[2026-07-12 00:20:24] 🔗 开始 Fork 链追踪 (baizhougod/cloudflare_temp_email)
[2026-07-12 00:20:24]   👤 用户仓库: 30 个 → 队列

[2026-07-12 00:20:24]   用户 MeowCollections 共查 30 个仓库[2026-07-12 00:20:24]   用户 conglaifengliu 共查 13 个仓库

[2026-07-12 00:20:24] 仓库 https://github.com/longer008/cloudflare_temp_email (分支: main, size: 10173KB, pushed: 2026-07-11T09:30:34Z)
[2026-07-12 00:20:24] 仓库 https://github.com/FBI-tool/cloudflare_temp_email (分支: main, size: 10175KB, pushed: 2026-07-11T09:28:14Z)
[2026-07-12 00:20:24] 👤 遍历用户仓库: abedormancy
[2026-07-12 00:20:24] 👤 遍历用户仓库: kakakakaka1
[2026-07-12 00:20:24]   父仓库: dreamhunter2333/cloudflare_temp_email
[2026-07-12 00:20:24] 仓库在黑名单中: https://github.com/dreamhunter2333/cloudflare_temp_email
[2026-07-12 00:20:24]   父仓库 +0 个节点
[2026-07-12 00:20:24] 仓库 https://github.com/FBI-tool/cloudflare_temp_email 无候选文件 (总计 418 blob, 扩展名过滤 278, processed_shas 跳过 2, SHA 缓存跳过 138)
[2026-07-12 00:20:24] 🔗 查子仓库: FBI-tool/cloudflare_temp_email
[2026-07-12 00:20:24] 仓库 https://github.com/longer008/cloudflare_temp_email 无候选文件 (总计 418 blob, 扩展名过滤 278, processed_shas 跳过 2, SHA 缓存跳过 138)
[2026-07-12 00:20:24] 🔗 查子仓库: longer008/cloudflare_temp_email
[2026-07-12 00:20:25] 🔗 开始 Fork 链追踪 (longer008/cloudflare_temp_email)[2026-07-12 00:20:25] 🔗 开始 Fork 链追踪 (FBI-tool/cloudflare_temp_email)

[2026-07-12 00:20:25]   👤 用户仓库: 22 个 → 队列[2026-07-12 00:20:25] ⏱️ [74/122] trojan (订阅 OR 配置 OR 节点) github pushed:>2026-07-10T15:34:46Z  | 3s | +0

[2026-07-12 00:20:25]   用户 kakakakaka1 共查 22 个仓库[2026-07-12 00:20:25]   父仓库: dreamhunter2333/cloudflare_temp_email[2026-07-12 00:20:25]   父仓库: dreamhunter2333/cloudflare_temp_email


[2026-07-12 00:20:25] 仓库 https://github.com/songjiezhang/cloudflare_temp_email (分支: main, size: 10173KB, pushed: 2026-07-11T09:23:58Z)[2026-07-12 00:20:25] 仓库在黑名单中: https://github.com/dreamhunter2333/cloudflare_temp_email
[2026-07-12 00:20:25] 仓库在黑名单中: https://github.com/dreamhunter2333/cloudflare_temp_email

[2026-07-12 00:20:25]   👤 用户仓库: 30 个 → 队列[2026-07-12 00:20:25]   父仓库 +0 个节点

[2026-07-12 00:20:25]   父仓库 +0 个节点
[2026-07-12 00:20:25]   👤 用户仓库: 30 个 → 队列
[2026-07-12 00:20:25]   用户 lism 共查 30 个仓库
[2026-07-12 00:20:25]   用户 abedormancy 共查 30 个仓库[2026-07-12 00:20:25] 仓库 https://github.com/XingLingQAQ/cloudflare_temp_email (分支: main, size: 10173KB, pushed: 2026-07-11T09:20:58Z)

[2026-07-12 00:20:25] 仓库 https://github.com/mgskkk/live (分支: main, size: 1698290KB, pushed: 2026-07-11T09:08:22Z)
[2026-07-12 00:20:25] 👤 遍历用户仓库: baizhougod
[2026-07-12 00:20:25] 仓库 https://github.com/songjiezhang/cloudflare_temp_email 无候选文件 (总计 418 blob, 扩展名过滤 278, processed_shas 跳过 2, SHA 缓存跳过 138)
[2026-07-12 00:20:25] 🔗 查子仓库: songjiezhang/cloudflare_temp_email
[2026-07-12 00:20:26] 🔗 开始 Fork 链追踪 (songjiezhang/cloudflare_temp_email)
[2026-07-12 00:20:26] 仓库 https://github.com/XingLingQAQ/cloudflare_temp_email 无候选文件 (总计 418 blob, 扩展名过滤 278, processed_shas 跳过 2, SHA 缓存跳过 138)
[2026-07-12 00:20:26] 🔗 查子仓库: XingLingQAQ/cloudflare_temp_email
[2026-07-12 00:20:26] 🔗 开始 Fork 链追踪 (XingLingQAQ/cloudflare_temp_email)[2026-07-12 00:20:26]   👤 用户仓库: 13 个 → 队列

[2026-07-12 00:20:26]   用户 baizhougod 共查 13 个仓库
[2026-07-12 00:20:26] 仓库 https://github.com/yudiFish/docker_image_pusher (分支: main, size: 751KB, pushed: 2026-07-11T09:05:15Z)
[2026-07-12 00:20:26]   父仓库: dreamhunter2333/cloudflare_temp_email
[2026-07-12 00:20:26] 仓库在黑名单中: https://github.com/dreamhunter2333/cloudflare_temp_email
[2026-07-12 00:20:26]   父仓库 +0 个节点[2026-07-12 00:20:26] 仓库 https://github.com/mgskkk/live 无候选文件 (总计 1447 blob, 扩展名过滤 1437, processed_shas 跳过 0, SHA 缓存跳过 10)

[2026-07-12 00:20:26] 🔗 查子仓库: mgskkk/live
[2026-07-12 00:20:26] 🔗 开始 Fork 链追踪 (mgskkk/live)
[2026-07-12 00:20:26]   父仓库: dreamhunter2333/cloudflare_temp_email
[2026-07-12 00:20:26] 仓库 https://github.com/yudiFish/docker_image_pusher 候选文件 1 个[2026-07-12 00:20:26] 👤 遍历用户仓库: longer008

[2026-07-12 00:20:26] 仓库在黑名单中: https://github.com/dreamhunter2333/cloudflare_temp_email
[2026-07-12 00:20:26]   父仓库 +0 个节点
[2026-07-12 00:20:26] 👤 遍历用户仓库: FBI-tool
[2026-07-12 00:20:26] 仓库 https://github.com/hangyubin/zyfun 未提取到节点，加入黑名单
[2026-07-12 00:20:26] 仓库 https://github.com/akvsdk/cloudflare_temp_email (分支: main, size: 10175KB, pushed: 2026-07-11T09:04:48Z)
[2026-07-12 00:20:26]   父仓库: fanmingming/live
[2026-07-12 00:20:26] 仓库 https://github.com/yudiFish/docker_image_pusher 未提取到节点，加入黑名单
[2026-07-12 00:20:26] 仓库 https://github.com/ETO-bigbang/live (分支: main, size: 1698290KB, pushed: 2026-07-11T09:03:29Z)
[2026-07-12 00:20:26] 仓库 https://github.com/akvsdk/cloudflare_temp_email 无候选文件 (总计 418 blob, 扩展名过滤 278, processed_shas 跳过 2, SHA 缓存跳过 138)
[2026-07-12 00:20:26] 🔗 查子仓库: akvsdk/cloudflare_temp_email
[2026-07-12 00:20:26] 🔗 开始 Fork 链追踪 (akvsdk/cloudflare_temp_email)
[2026-07-12 00:20:26] 👤 遍历用户仓库: songjiezhang
[2026-07-12 00:20:27] 仓库 https://github.com/ETO-bigbang/live 无候选文件 (总计 1447 blob, 扩展名过滤 1437, processed_shas 跳过 0, SHA 缓存跳过 10)
[2026-07-12 00:20:27] 🔗 查子仓库: ETO-bigbang/live
[2026-07-12 00:20:27]   👤 用户仓库: 30 个 → 队列
[2026-07-12 00:20:27]   用户 xsyszf 共查 30 个仓库
[2026-07-12 00:20:27]   父仓库: dreamhunter2333/cloudflare_temp_email[2026-07-12 00:20:27] 仓库 https://github.com/Madecn/cloudflare_temp_email (分支: main, size: 10173KB, pushed: 2026-07-11T09:03:25Z)

[2026-07-12 00:20:27] 仓库在黑名单中: https://github.com/dreamhunter2333/cloudflare_temp_email
[2026-07-12 00:20:27]   父仓库 +0 个节点
[2026-07-12 00:20:27] 🔗 开始 Fork 链追踪 (ETO-bigbang/live)
[2026-07-12 00:20:27] 👤 遍历用户仓库: XingLingQAQ
[2026-07-12 00:20:27]   👤 用户仓库: 12 个 → 队列
[2026-07-12 00:20:27]   用户 songjiezhang 共查 12 个仓库
[2026-07-12 00:20:27] 仓库 https://github.com/ixmust/cloudflare_temp_email (分支: main, size: 10173KB, pushed: 2026-07-11T09:03:22Z)
[2026-07-12 00:20:27] 仓库 https://github.com/Madecn/cloudflare_temp_email 无候选文件 (总计 418 blob, 扩展名过滤 278, processed_shas 跳过 2, SHA 缓存跳过 138)
[2026-07-12 00:20:27] 🔗 查子仓库: Madecn/cloudflare_temp_email
[2026-07-12 00:20:27]   父仓库: fanmingming/live
[2026-07-12 00:20:27] 🔗 开始 Fork 链追踪 (Madecn/cloudflare_temp_email)
[2026-07-12 00:20:27] 仓库 https://github.com/ixmust/cloudflare_temp_email 无候选文件 (总计 418 blob, 扩展名过滤 278, processed_shas 跳过 2, SHA 缓存跳过 138)
[2026-07-12 00:20:27] 🔗 查子仓库: ixmust/cloudflare_temp_email
[2026-07-12 00:20:27] 🔗 开始 Fork 链追踪 (ixmust/cloudflare_temp_email)
[2026-07-12 00:20:27] 👤 遍历用户仓库: mgskkk
[2026-07-12 00:20:27]   父仓库: dreamhunter2333/cloudflare_temp_email
[2026-07-12 00:20:27] 仓库在黑名单中: https://github.com/dreamhunter2333/cloudflare_temp_email
[2026-07-12 00:20:27]   父仓库 +0 个节点
[2026-07-12 00:20:27]   👤 用户仓库: 30 个 → 队列
[2026-07-12 00:20:27]   用户 longer008 共查 30 个仓库
[2026-07-12 00:20:27] 仓库 https://github.com/yingxiaomo/cloudflare_temp_email (分支: main, size: 10173KB, pushed: 2026-07-11T08:58:10Z)
[2026-07-12 00:20:27]   👤 用户仓库: 30 个 → 队列
[2026-07-12 00:20:27]   用户 XingLingQAQ 共查 30 个仓库
[2026-07-12 00:20:27] 仓库 https://github.com/mw03251214/live_fanmingming (分支: main, size: 1698290KB, pushed: 2026-07-11T08:58:07Z)
[2026-07-12 00:20:27] 👤 遍历用户仓库: akvsdk
[2026-07-12 00:20:27]   父仓库: dreamhunter2333/cloudflare_temp_email
[2026-07-12 00:20:27] 仓库在黑名单中: https://github.com/dreamhunter2333/cloudflare_temp_email
[2026-07-12 00:20:27]   父仓库 +0 个节点
[2026-07-12 00:20:27]   👤 用户仓库: 30 个 → 队列
[2026-07-12 00:20:27]   用户 FBI-tool 共查 30 个仓库
[2026-07-12 00:20:27] 仓库 https://github.com/psorii/cloudflare_temp_email (分支: main, size: 1725KB, pushed: 2026-07-11T08:56:33Z)
[2026-07-12 00:20:27] 仓库 https://github.com/yingxiaomo/cloudflare_temp_email 无候选文件 (总计 418 blob, 扩展名过滤 278, processed_shas 跳过 2, SHA 缓存跳过 138)
[2026-07-12 00:20:27] 🔗 查子仓库: yingxiaomo/cloudflare_temp_email
[2026-07-12 00:20:27]   👤 用户仓库: 12 个 → 队列
[2026-07-12 00:20:27]   用户 mgskkk 共查 12 个仓库
[2026-07-12 00:20:27] 仓库 https://github.com/kvein10086/cloudflare_temp_email (分支: main, size: 10175KB, pushed: 2026-07-11T08:56:05Z)
[2026-07-12 00:20:27] ⏱️ [75/122] hysteria (订阅 OR 配置 OR 节点) github pushed:>2026-07-10T15:34:46 | 3s | +0
[2026-07-12 00:20:27] 仓库 https://github.com/mw03251214/live_fanmingming 无候选文件 (总计 1447 blob, 扩展名过滤 1437, processed_shas 跳过 0, SHA 缓存跳过 10)
[2026-07-12 00:20:27] 🔗 查子仓库: mw03251214/live_fanmingming
[2026-07-12 00:20:27] 🔗 开始 Fork 链追踪 (yingxiaomo/cloudflare_temp_email)
[2026-07-12 00:20:28] 🔗 开始 Fork 链追踪 (mw03251214/live_fanmingming)
[2026-07-12 00:20:28] 👤 遍历用户仓库: ETO-bigbang
[2026-07-12 00:20:28] 仓库 https://github.com/kvein10086/cloudflare_temp_email 无候选文件 (总计 418 blob, 扩展名过滤 278, processed_shas 跳过 2, SHA 缓存跳过 138)
[2026-07-12 00:20:28] 🔗 查子仓库: kvein10086/cloudflare_temp_email
[2026-07-12 00:20:28] 仓库 https://github.com/psorii/cloudflare_temp_email 候选文件 1 个
[2026-07-12 00:20:28] 👤 遍历用户仓库: Madecn
[2026-07-12 00:20:28]   父仓库: dreamhunter2333/cloudflare_temp_email
[2026-07-12 00:20:28] 仓库在黑名单中: https://github.com/dreamhunter2333/cloudflare_temp_email
[2026-07-12 00:20:28]   父仓库 +0 个节点
[2026-07-12 00:20:28] 🔗 开始 Fork 链追踪 (kvein10086/cloudflare_temp_email)
[2026-07-12 00:20:28]   父仓库: fanmingming/live
[2026-07-12 00:20:28]   👤 用户仓库: 7 个 → 队列
[2026-07-12 00:20:28]   用户 ETO-bigbang 共查 7 个仓库
[2026-07-12 00:20:28] 仓库 https://github.com/tohsaka888/cloudflare_temp_email (分支: main, size: 10173KB, pushed: 2026-07-11T08:55:53Z)
[2026-07-12 00:20:28] 👤 遍历用户仓库: ixmust
[2026-07-12 00:20:28] 仓库 https://github.com/psorii/cloudflare_temp_email 未提取到节点，加入黑名单
[2026-07-12 00:20:28] 仓库 https://github.com/gityuanbao/codex-skills-sync-app (分支: main, size: 27096KB, pushed: 2026-07-11T08:47:41Z)
[2026-07-12 00:20:28]   父仓库: dreamhunter2333/cloudflare_temp_email
[2026-07-12 00:20:28] 仓库在黑名单中: https://github.com/dreamhunter2333/cloudflare_temp_email
[2026-07-12 00:20:28]   父仓库 +0 个节点
[2026-07-12 00:20:28] 仓库 https://github.com/tohsaka888/cloudflare_temp_email 无候选文件 (总计 418 blob, 扩展名过滤 278, processed_shas 跳过 2, SHA 缓存跳过 138)
[2026-07-12 00:20:28] 🔗 查子仓库: tohsaka888/cloudflare_temp_email
[2026-07-12 00:20:28] 🔗 开始 Fork 链追踪 (tohsaka888/cloudflare_temp_email)
[2026-07-12 00:20:28] 仓库 https://github.com/gityuanbao/codex-skills-sync-app 候选文件 10 个
[2026-07-12 00:20:28]   👤 用户仓库: 22 个 → 队列
[2026-07-12 00:20:28]   用户 ixmust 共查 22 个仓库
[2026-07-12 00:20:28] 仓库 https://github.com/zy111x/cloudflare_temp_email (分支: main, size: 10173KB, pushed: 2026-07-11T08:41:10Z)
[2026-07-12 00:20:28] 👤 遍历用户仓库: mw03251214
[2026-07-12 00:20:28] 👤 遍历用户仓库: yingxiaomo
[2026-07-12 00:20:28]   父仓库: dreamhunter2333/cloudflare_temp_email
[2026-07-12 00:20:28] 仓库在黑名单中: https://github.com/dreamhunter2333/cloudflare_temp_email
[2026-07-12 00:20:28]   父仓库 +0 个节点
[2026-07-12 00:20:28]   👤 用户仓库: 30 个 → 队列
[2026-07-12 00:20:28]   用户 Madecn 共查 30 个仓库
[2026-07-12 00:20:28] 仓库 https://github.com/qjjer/docker_image_pusher (分支: main, size: 736KB, pushed: 2026-07-11T08:40:24Z)
[2026-07-12 00:20:28] 仓库 https://github.com/zy111x/cloudflare_temp_email 无候选文件 (总计 418 blob, 扩展名过滤 278, processed_shas 跳过 2, SHA 缓存跳过 138)
[2026-07-12 00:20:28] 🔗 查子仓库: zy111x/cloudflare_temp_email
[2026-07-12 00:20:28] 👤 遍历用户仓库: kvein10086
[2026-07-12 00:20:29] 仓库 https://github.com/qjjer/docker_image_pusher 候选文件 1 个
[2026-07-12 00:20:29]   🍴 子仓库: 1 个 → 队列
[2026-07-12 00:20:29] 🔗 开始 Fork 链追踪 (zy111x/cloudflare_temp_email)
[2026-07-12 00:20:29]   👤 用户仓库: 30 个 → 队列
[2026-07-12 00:20:29]   用户 yingxiaomo 共查 30 个仓库
[2026-07-12 00:20:29] 仓库 https://github.com/longge83/Solara (分支: main, size: 32835KB, pushed: 2026-07-11T08:40:12Z)
[2026-07-12 00:20:29] 👤 遍历用户仓库: tohsaka888
[2026-07-12 00:20:29] 仓库 https://github.com/qjjer/docker_image_pusher 未提取到节点，加入黑名单
[2026-07-12 00:20:29] 仓库 https://github.com/ch-jack/ck_free_toolbox (分支: main, size: 138KB, pushed: 2026-07-11T08:32:46Z)
[2026-07-12 00:20:29]   父仓库: dreamhunter2333/cloudflare_temp_email
[2026-07-12 00:20:29] 仓库在黑名单中: https://github.com/dreamhunter2333/cloudflare_temp_email
[2026-07-12 00:20:29]   父仓库 +0 个节点
[2026-07-12 00:20:29]   👤 用户仓库: 30 个 → 队列
[2026-07-12 00:20:29]   用户 mw03251214 共查 30 个仓库
[2026-07-12 00:20:29] 仓库 https://github.com/ggqwx/cloudflare_temp_email (分支: main, size: 10174KB, pushed: 2026-07-11T08:23:50Z)
[2026-07-12 00:20:29] 仓库 https://github.com/longge83/Solara 无候选文件 (总计 34 blob, 扩展名过滤 26, processed_shas 跳过 0, SHA 缓存跳过 8)
[2026-07-12 00:20:29] 🔗 查子仓库: longge83/Solara
[2026-07-12 00:20:29] 仓库 https://github.com/ch-jack/ck_free_toolbox 候选文件 6 个
[2026-07-12 00:20:29] 🔗 开始 Fork 链追踪 (longge83/Solara)
[2026-07-12 00:20:29]   👤 用户仓库: 30 个 → 队列
[2026-07-12 00:20:29]   用户 akvsdk 共查 30 个仓库
[2026-07-12 00:20:29] 仓库 https://github.com/AdjieC/cloudflare_temp_email (分支: main, size: 10174KB, pushed: 2026-07-11T08:23:47Z)
[2026-07-12 00:20:29] 仓库 https://github.com/ggqwx/cloudflare_temp_email 无候选文件 (总计 418 blob, 扩展名过滤 278, processed_shas 跳过 2, SHA 缓存跳过 138)
[2026-07-12 00:20:29] 🔗 查子仓库: ggqwx/cloudflare_temp_email
[2026-07-12 00:20:29]   👤 用户仓库: 30 个 → 队列
[2026-07-12 00:20:29]   用户 kvein10086 共查 30 个仓库
[2026-07-12 00:20:29] 仓库 https://github.com/xuexu/cloudflare_temp_email (分支: main, size: 10174KB, pushed: 2026-07-11T08:21:55Z)
[2026-07-12 00:20:29] 🔗 开始 Fork 链追踪 (ggqwx/cloudflare_temp_email)
[2026-07-12 00:20:29]   父仓库: akudamatata/Solara
[2026-07-12 00:20:29] 仓库在黑名单中: https://github.com/akudamatata/Solara
[2026-07-12 00:20:29]   父仓库 +0 个节点
[2026-07-12 00:20:29] 仓库 https://github.com/AdjieC/cloudflare_temp_email 无候选文件 (总计 418 blob, 扩展名过滤 278, processed_shas 跳过 2, SHA 缓存跳过 138)
[2026-07-12 00:20:29] 🔗 查子仓库: AdjieC/cloudflare_temp_email
[2026-07-12 00:20:30] 仓库 https://github.com/xuexu/cloudflare_temp_email 无候选文件 (总计 418 blob, 扩展名过滤 278, processed_shas 跳过 2, SHA 缓存跳过 138)
[2026-07-12 00:20:30] 🔗 查子仓库: xuexu/cloudflare_temp_email
[2026-07-12 00:20:30]   父仓库: dreamhunter2333/cloudflare_temp_email
[2026-07-12 00:20:30] 仓库在黑名单中: https://github.com/dreamhunter2333/cloudflare_temp_email
[2026-07-12 00:20:30]   父仓库 +0 个节点
[2026-07-12 00:20:30] 🔗 开始 Fork 链追踪 (AdjieC/cloudflare_temp_email)
[2026-07-12 00:20:30] 👤 遍历用户仓库: zy111x
[2026-07-12 00:20:30] 🔗 开始 Fork 链追踪 (xuexu/cloudflare_temp_email)
[2026-07-12 00:20:30]   父仓库: dreamhunter2333/cloudflare_temp_email
[2026-07-12 00:20:30] 仓库在黑名单中: https://github.com/dreamhunter2333/cloudflare_temp_email
[2026-07-12 00:20:30]   父仓库 +0 个节点
[2026-07-12 00:20:30] 仓库 https://github.com/ch-jack/ck_free_toolbox 未提取到节点，加入黑名单
[2026-07-12 00:20:30] 仓库 https://github.com/gitlqhlin/cloudflare_temp_email (分支: main, size: 10174KB, pushed: 2026-07-11T08:15:05Z)
[2026-07-12 00:20:30] ⏱️ [76/122] hysteria2 (订阅 OR 配置 OR 节点) github pushed:>2026-07-10T15:34:4 | 2s | +0
[2026-07-12 00:20:30]   父仓库: dreamhunter2333/cloudflare_temp_email
[2026-07-12 00:20:30] 仓库在黑名单中: https://github.com/dreamhunter2333/cloudflare_temp_email
[2026-07-12 00:20:30]   父仓库 +0 个节点
[2026-07-12 00:20:30] 仓库 https://github.com/gitlqhlin/cloudflare_temp_email 无候选文件 (总计 418 blob, 扩展名过滤 278, processed_shas 跳过 2, SHA 缓存跳过 138)
[2026-07-12 00:20:30] 🔗 查子仓库: gitlqhlin/cloudflare_temp_email
[2026-07-12 00:20:30] 🔗 开始 Fork 链追踪 (gitlqhlin/cloudflare_temp_email)
[2026-07-12 00:20:30]   用户 zy111x 共查 0 个仓库
[2026-07-12 00:20:30] 仓库 https://github.com/wsgehaishan520/cloudflare_temp_email (分支: main, size: 10176KB, pushed: 2026-07-11T08:14:05Z)
[2026-07-12 00:20:30] 👤 遍历用户仓库: ggqwx
[2026-07-12 00:20:38]   父仓库: dreamhunter2333/cloudflare_temp_email
[2026-07-12 00:20:38] 仓库在黑名单中: https://github.com/dreamhunter2333/cloudflare_temp_email
[2026-07-12 00:20:38]   父仓库 +0 个节点
[2026-07-12 00:20:38]   🍴 兄弟仓库: 30 个 → 队列[2026-07-12 00:20:38] 仓库 https://github.com/wsgehaishan520/cloudflare_temp_email 无候选文件 (总计 418 blob, 扩展名过滤 278, processed_shas 跳过 2, SHA 缓存跳过 138)

[2026-07-12 00:20:39] 👤 遍历用户仓库: AdjieC[2026-07-12 00:20:39] 🔗 查子仓库: wsgehaishan520/cloudflare_temp_email[2026-07-12 00:20:39] ⏱️ [77/122] tuic (订阅 OR 配置 OR 节点) github pushed:>2026-07-10T15:34:46Z fo | 9s | +0
[2026-07-12 00:20:39] 👤 遍历用户仓库: longge83
[2026-07-12 00:20:39] 👤 遍历用户仓库: xuexu
[2026-07-12 00:20:39]   👤 用户仓库: 25 个 → 队列


[2026-07-12 00:20:39]   用户 ggqwx 共查 25 个仓库
[2026-07-12 00:20:39] 仓库 https://github.com/haibinml/cloudflare_temp_email (分支: main, size: 10176KB, pushed: 2026-07-11T08:11:09Z)
[2026-07-12 00:20:39] 🔗 开始 Fork 链追踪 (wsgehaishan520/cloudflare_temp_email)
[2026-07-12 00:20:39]   父仓库: dreamhunter2333/cloudflare_temp_email[2026-07-12 00:20:39]   👤 用户仓库: 18 个 → 队列

[2026-07-12 00:20:39] 仓库在黑名单中: https://github.com/dreamhunter2333/cloudflare_temp_email[2026-07-12 00:20:39]   用户 AdjieC 共查 18 个仓库

[2026-07-12 00:20:39]   父仓库 +0 个节点
[2026-07-12 00:20:39] 仓库 https://github.com/bei123/cloudflare_temp_email (分支: main, size: 10174KB, pushed: 2026-07-11T08:08:41Z)
[2026-07-12 00:20:39] 仓库 https://github.com/haibinml/cloudflare_temp_email 无候选文件 (总计 418 blob, 扩展名过滤 278, processed_shas 跳过 2, SHA 缓存跳过 138)
[2026-07-12 00:20:39] 👤 遍历用户仓库: gitlqhlin
[2026-07-12 00:20:39] 🔗 查子仓库: haibinml/cloudflare_temp_email
[2026-07-12 00:20:39] 🔗 开始 Fork 链追踪 (haibinml/cloudflare_temp_email)
[2026-07-12 00:20:40] 仓库 https://github.com/bei123/cloudflare_temp_email 无候选文件 (总计 418 blob, 扩展名过滤 278, processed_shas 跳过 2, SHA 缓存跳过 138)
[2026-07-12 00:20:40] 🔗 查子仓库: bei123/cloudflare_temp_email
[2026-07-12 00:20:40]   👤 用户仓库: 30 个 → 队列
[2026-07-12 00:20:40]   用户 longge83 共查 30 个仓库
[2026-07-12 00:20:40]   👤 用户仓库: 30 个 → 队列
[2026-07-12 00:20:40] 仓库 https://github.com/wsa0227/cloudflare_temp_email (分支: main, size: 10174KB, pushed: 2026-07-11T08:07:39Z)
[2026-07-12 00:20:40]   用户 xuexu 共查 30 个仓库
[2026-07-12 00:20:40] 仓库 https://github.com/yachenIiu/cloudflare_temp_email (分支: main, size: 10174KB, pushed: 2026-07-11T08:05:08Z)
[2026-07-12 00:20:40]   👤 用户仓库: 30 个 → 队列
[2026-07-12 00:20:40]   用户 tohsaka888 共查 30 个仓库
[2026-07-12 00:20:40]   父仓库: dreamhunter2333/cloudflare_temp_email[2026-07-12 00:20:40] 🔗 开始 Fork 链追踪 (bei123/cloudflare_temp_email)[2026-07-12 00:20:40] 仓库 https://github.com/clarencejh/cloudflare_temp_email (分支: main, size: 10174KB, pushed: 2026-07-11T08:01:41Z)


[2026-07-12 00:20:40] 仓库在黑名单中: https://github.com/dreamhunter2333/cloudflare_temp_email
[2026-07-12 00:20:40]   父仓库 +0 个节点
[2026-07-12 00:20:40]   父仓库: dreamhunter2333/cloudflare_temp_email
[2026-07-12 00:20:40] 仓库在黑名单中: https://github.com/dreamhunter2333/cloudflare_temp_email
[2026-07-12 00:20:40]   父仓库 +0 个节点[2026-07-12 00:20:40] 👤 遍历用户仓库: wsgehaishan520

[2026-07-12 00:20:40] 仓库 https://github.com/wsa0227/cloudflare_temp_email 无候选文件 (总计 418 blob, 扩展名过滤 278, processed_shas 跳过 2, SHA 缓存跳过 138)[2026-07-12 00:20:40]   👤 用户仓库: 30 个 → 队列

[2026-07-12 00:20:40] 仓库 https://github.com/yachenIiu/cloudflare_temp_email 无候选文件 (总计 418 blob, 扩展名过滤 278, processed_shas 跳过 2, SHA 缓存跳过 138)
[2026-07-12 00:20:40] 🔗 查子仓库: wsa0227/cloudflare_temp_email[2026-07-12 00:20:40]   用户 gitlqhlin 共查 30 个仓库

[2026-07-12 00:20:40] 🔗 查子仓库: yachenIiu/cloudflare_temp_email[2026-07-12 00:20:40] 仓库 https://github.com/clarencejh/cloudflare_temp_email 无候选文件 (总计 418 blob, 扩展名过滤 278, processed_shas 跳过 2, SHA 缓存跳过 138)

[2026-07-12 00:20:40] 🔗 查子仓库: clarencejh/cloudflare_temp_email[2026-07-12 00:20:40] 仓库 https://github.com/licoba/cloudflare_temp_email (分支: main, size: 10174KB, pushed: 2026-07-11T08:01:41Z)

[2026-07-12 00:20:40] 🔗 开始 Fork 链追踪 (wsa0227/cloudflare_temp_email)
[2026-07-12 00:20:40] 🔗 开始 Fork 链追踪 (yachenIiu/cloudflare_temp_email)
[2026-07-12 00:20:40] 🔗 开始 Fork 链追踪 (clarencejh/cloudflare_temp_email)
[2026-07-12 00:20:41]   父仓库: dreamhunter2333/cloudflare_temp_email[2026-07-12 00:20:41]   父仓库: dreamhunter2333/cloudflare_temp_email[2026-07-12 00:20:41]   父仓库: dreamhunter2333/cloudflare_temp_email


[2026-07-12 00:20:41] 仓库在黑名单中: https://github.com/dreamhunter2333/cloudflare_temp_email[2026-07-12 00:20:41] 仓库在黑名单中: https://github.com/dreamhunter2333/cloudflare_temp_email
[2026-07-12 00:20:42] ⏱️ [78/122] singbox (订阅 OR 配置 OR 节点) github pushed:>2026-07-10T15:34:46Z | 4s | +0
[2026-07-12 00:20:42] 仓库 https://github.com/licoba/cloudflare_temp_email 无候选文件 (总计 418 blob, 扩展名过滤 278, processed_shas 跳过 2, SHA 缓存跳过 138)
[2026-07-12 00:20:43] 仓库在黑名单中: https://github.com/dreamhunter2333/cloudflare_temp_email[2026-07-12 00:20:43]   父仓库 +0 个节点[2026-07-12 00:20:43]   父仓库 +0 个节点


[2026-07-12 00:20:43] 👤 遍历用户仓库: bei123[2026-07-12 00:20:43] 🔗 查子仓库: licoba/cloudflare_temp_email
[2026-07-12 00:20:43] 👤 遍历用户仓库: haibinml


[2026-07-12 00:20:43]   父仓库 +0 个节点
[2026-07-12 00:20:43]   👤 用户仓库: 30 个 → 队列
[2026-07-12 00:20:43]   用户 wsgehaishan520 共查 30 个仓库
[2026-07-12 00:20:43] 仓库 https://github.com/52lkj/cloudflare_temp_email (分支: main, size: 10174KB, pushed: 2026-07-11T07:51:40Z)
[2026-07-12 00:20:43] 🔗 开始 Fork 链追踪 (licoba/cloudflare_temp_email)
[2026-07-12 00:20:43]   父仓库: dreamhunter2333/cloudflare_temp_email
[2026-07-12 00:20:43] 仓库在黑名单中: https://github.com/dreamhunter2333/cloudflare_temp_email
[2026-07-12 00:20:43]   父仓库 +0 个节点
[2026-07-12 00:20:43] 仓库 https://github.com/52lkj/cloudflare_temp_email 无候选文件 (总计 418 blob, 扩展名过滤 278, processed_shas 跳过 2, SHA 缓存跳过 138)
[2026-07-12 00:20:43] 🔗 查子仓库: 52lkj/cloudflare_temp_email
[2026-07-12 00:20:43] 🔗 开始 Fork 链追踪 (52lkj/cloudflare_temp_email)
[2026-07-12 00:20:43]   👤 用户仓库: 30 个 → 队列
[2026-07-12 00:20:43]   用户 bei123 共查 30 个仓库
[2026-07-12 00:20:43]   父仓库: dreamhunter2333/cloudflare_temp_email[2026-07-12 00:20:43] 仓库 https://github.com/ThunderOne18/ppt-expert-team (分支: main, size: 38340KB, pushed: 2026-07-11T07:50:58Z)

[2026-07-12 00:20:43] 仓库在黑名单中: https://github.com/dreamhunter2333/cloudflare_temp_email
[2026-07-12 00:20:43]   父仓库 +0 个节点
[2026-07-12 00:20:44] 👤 遍历用户仓库: wsa0227
[2026-07-12 00:20:44] 👤 遍历用户仓库: clarencejh[2026-07-12 00:20:44] 👤 遍历用户仓库: yachenIiu

[2026-07-12 00:20:44] 仓库 https://github.com/ThunderOne18/ppt-expert-team 候选文件 41 个
[2026-07-12 00:20:44]   👤 用户仓库: 16 个 → 队列[2026-07-12 00:20:44]   👤 用户仓库: 13 个 → 队列[2026-07-12 00:20:44] 👤 遍历用户仓库: licoba

[2026-07-12 00:20:44]   用户 clarencejh 共查 13 个仓库
[2026-07-12 00:20:45]   用户 wsa0227 共查 16 个仓库

[2026-07-12 00:20:45] 仓库 https://github.com/Yuk-0v0/cloudflare_temp_email (分支: main, size: 10176KB, pushed: 2026-07-11T07:49:07Z)[2026-07-12 00:20:45] 仓库 https://github.com/krayush2531/parcel (分支: main, size: 7952KB, pushed: 2026-07-11T07:44:53Z)

[2026-07-12 00:20:45] ⏱️ [79/122] TelegramV2rayCollector pushed:>2026-07-10T15:34:46Z fork:tru | 3s | +0
[2026-07-12 00:20:45] 👤 遍历用户仓库: 52lkj
[2026-07-12 00:20:45] 仓库 https://github.com/krayush2531/parcel 候选文件 11 个[2026-07-12 00:20:45] 仓库 https://github.com/Yuk-0v0/cloudflare_temp_email 无候选文件 (总计 418 blob, 扩展名过滤 278, processed_shas 跳过 2, SHA 缓存跳过 138)

[2026-07-12 00:20:45] 🔗 查子仓库: Yuk-0v0/cloudflare_temp_email
[2026-07-12 00:20:46] 仓库 https://github.com/ThunderOne18/ppt-expert-team 未提取到节点，加入黑名单
[2026-07-12 00:20:46] 🔗 开始 Fork 链追踪 (Yuk-0v0/cloudflare_temp_email)
[2026-07-12 00:20:46]   👤 用户仓库: 30 个 → 队列[2026-07-12 00:20:46]   👤 用户仓库: 30 个 → 队列

[2026-07-12 00:20:46] 仓库 https://github.com/mdtauhid29/parcel (分支: main, size: 7963KB, pushed: 2026-07-11T07:44:53Z)
[2026-07-12 00:20:46]   用户 yachenIiu 共查 30 个仓库[2026-07-12 00:20:46]   用户 haibinml 共查 30 个仓库

[2026-07-12 00:20:46] 仓库 https://github.com/runoober/cloudflare_temp_email (分支: main, size: 10174KB, pushed: 2026-07-11T07:43:35Z)
[2026-07-12 00:20:46]   父仓库: dreamhunter2333/cloudflare_temp_email[2026-07-12 00:20:46] 仓库 https://github.com/sithu015/cloudflare_temp_email (分支: main, size: 10176KB, pushed: 2026-07-11T07:42:05Z)

[2026-07-12 00:20:46] 仓库在黑名单中: https://github.com/dreamhunter2333/cloudflare_temp_email
[2026-07-12 00:20:46]   父仓库 +0 个节点
[2026-07-12 00:20:46] 仓库 https://github.com/krayush2531/parcel 未提取到节点，加入黑名单
[2026-07-12 00:20:46] 仓库 https://github.com/geekerstar/Paster (分支: master, size: 15652KB, pushed: 2026-07-11T07:39:06Z)
[2026-07-12 00:20:46] 仓库 https://github.com/mdtauhid29/parcel 无候选文件 (总计 132 blob, 扩展名过滤 118, processed_shas 跳过 11, SHA 缓存跳过 3)
[2026-07-12 00:20:46] 🔗 查子仓库: mdtauhid29/parcel
[2026-07-12 00:20:46] 仓库 https://github.com/runoober/cloudflare_temp_email 无候选文件 (总计 418 blob, 扩展名过滤 278, processed_shas 跳过 2, SHA 缓存跳过 138)
[2026-07-12 00:20:46] 🔗 查子仓库: runoober/cloudflare_temp_email
[2026-07-12 00:20:47] 🔗 开始 Fork 链追踪 (runoober/cloudflare_temp_email)
[2026-07-12 00:20:47] 仓库 https://github.com/geekerstar/Paster 候选文件 8 个[2026-07-12 00:20:47] 仓库 https://github.com/sithu015/cloudflare_temp_email 无候选文件 (总计 418 blob, 扩展名过滤 278, processed_shas 跳过 2, SHA 缓存跳过 138)

[2026-07-12 00:20:47] 🔗 查子仓库: sithu015/cloudflare_temp_email
[2026-07-12 00:20:47] 🔗 开始 Fork 链追踪 (mdtauhid29/parcel)
[2026-07-12 00:20:47] 🔗 开始 Fork 链追踪 (sithu015/cloudflare_temp_email)
[2026-07-12 00:20:47]   父仓库: dreamhunter2333/cloudflare_temp_email[2026-07-12 00:20:47]   父仓库: shareven/parcel

[2026-07-12 00:20:47] ⚠️ 仓库 https://github.com/shareven/parcel 585h 未更新，废弃 → 加入黑名单[2026-07-12 00:20:47] 仓库在黑名单中: https://github.com/dreamhunter2333/cloudflare_temp_email

[2026-07-12 00:20:47]   父仓库 +0 个节点[2026-07-12 00:20:47]   父仓库 +0 个节点

[2026-07-12 00:20:47] 👤 遍历用户仓库: Yuk-0v0
[2026-07-12 00:20:47]   👤 用户仓库: 30 个 → 队列
[2026-07-12 00:20:47]   用户 licoba 共查 30 个仓库
[2026-07-12 00:20:47] 仓库 https://github.com/cianfox/cloudflare_temp_email (分支: main, size: 10174KB, pushed: 2026-07-11T07:35:38Z)
[2026-07-12 00:20:47] 仓库 https://github.com/gityuanbao/codex-skills-sync-app README 含广告词，加入黑名单[2026-07-12 00:20:47]   👤 用户仓库: 30 个 → 队列

[2026-07-12 00:20:47]   用户 52lkj 共查 30 个仓库
[2026-07-12 00:20:47] 仓库 https://github.com/ranbeioc/awesome-english-ebooks (分支: master, size: 6771016KB, pushed: 2026-07-11T07:31:52Z)
[2026-07-12 00:20:47] 仓库 https://github.com/ASHOTKON/cloudflare_temp_email (分支: main, size: 10174KB, pushed: 2026-07-11T07:31:09Z)
[2026-07-12 00:20:47]   父仓库: dreamhunter2333/cloudflare_temp_email
[2026-07-12 00:20:47] 仓库在黑名单中: https://github.com/dreamhunter2333/cloudflare_temp_email
[2026-07-12 00:20:47]   父仓库 +0 个节点
[2026-07-12 00:20:48] 仓库 https://github.com/cianfox/cloudflare_temp_email 无候选文件 (总计 418 blob, 扩展名过滤 278, processed_shas 跳过 2, SHA 缓存跳过 138)
[2026-07-12 00:20:48] 🔗 查子仓库: cianfox/cloudflare_temp_email
[2026-07-12 00:20:48] 仓库 https://github.com/ASHOTKON/cloudflare_temp_email 无候选文件 (总计 418 blob, 扩展名过滤 278, processed_shas 跳过 2, SHA 缓存跳过 138)
[2026-07-12 00:20:48] 🔗 查子仓库: ASHOTKON/cloudflare_temp_email
[2026-07-12 00:20:48] 🔗 开始 Fork 链追踪 (cianfox/cloudflare_temp_email)
[2026-07-12 00:20:48] 🔗 开始 Fork 链追踪 (ASHOTKON/cloudflare_temp_email)
[2026-07-12 00:20:48]   🍴 兄弟仓库: 21 个 → 队列
[2026-07-12 00:20:48] 👤 遍历用户仓库: mdtauhid29
[2026-07-12 00:20:48] 仓库 https://github.com/ranbeioc/awesome-english-ebooks 候选文件 3 个[2026-07-12 00:20:48]   👤 用户仓库: 22 个 → 队列

[2026-07-12 00:20:48]   用户 Yuk-0v0 共查 22 个仓库
[2026-07-12 00:20:48] 仓库 https://github.com/whr884657/misc-api (分支: main, size: 705KB, pushed: 2026-07-11T07:26:04Z)
[2026-07-12 00:20:48]   父仓库: dreamhunter2333/cloudflare_temp_email
[2026-07-12 00:20:48] 仓库在黑名单中: https://github.com/dreamhunter2333/cloudflare_temp_email[2026-07-12 00:20:48]   父仓库: dreamhunter2333/cloudflare_temp_email
[2026-07-12 00:20:48]   父仓库 +0 个节点
[2026-07-12 00:20:48] 仓库在黑名单中: https://github.com/dreamhunter2333/cloudflare_temp_email

[2026-07-12 00:20:48]   父仓库 +0 个节点
[2026-07-12 00:20:48] ⏱️ [80/122] ProxyCollector pushed:>2026-07-10T15:34:46Z fork:true -langu | 3s | +0
[2026-07-12 00:20:48] 仓库 https://github.com/whr884657/misc-api 候选文件 26 个
[2026-07-12 00:20:48] 仓库 https://github.com/geekerstar/Paster README 含广告词，加入黑名单
[2026-07-12 00:20:48] 仓库 https://github.com/chenyunfei7950/docker_image_pusher (分支: main, size: 749KB, pushed: 2026-07-11T07:24:55Z)[2026-07-12 00:20:48]   👤 用户仓库: 9 个 → 队列

[2026-07-12 00:20:48]   用户 mdtauhid29 共查 9 个仓库
[2026-07-12 00:20:48] 仓库 https://github.com/A-Archives-and-Forks/cloudflare_temp_email (分支: main, size: 10176KB, pushed: 2026-07-11T07:22:09Z)
[2026-07-12 00:20:48] 👤 遍历用户仓库: runoober
[2026-07-12 00:20:48] 仓库 https://github.com/ranbeioc/awesome-english-ebooks 未提取到节点，加入黑名单
[2026-07-12 00:20:48] 仓库 https://github.com/RhaoLi404/cloudflare_temp_email (分支: main, size: 10174KB, pushed: 2026-07-11T07:20:37Z)
[2026-07-12 00:20:48] 👤 遍历用户仓库: sithu015
[2026-07-12 00:20:48] 仓库 https://github.com/whr884657/misc-api 未提取到节点，加入黑名单
[2026-07-12 00:20:48] 仓库 https://github.com/junping2020/docker_image_pusher (分支: main, size: 782KB, pushed: 2026-07-11T07:18:49Z)
[2026-07-12 00:20:48] 仓库 https://github.com/chenyunfei7950/docker_image_pusher 候选文件 2 个
[2026-07-12 00:20:48] 仓库 https://github.com/A-Archives-and-Forks/cloudflare_temp_email 无候选文件 (总计 418 blob, 扩展名过滤 278, processed_shas 跳过 2, SHA 缓存跳过 138)
[2026-07-12 00:20:48] 🔗 查子仓库: A-Archives-and-Forks/cloudflare_temp_email
[2026-07-12 00:20:48] 仓库 https://github.com/RhaoLi404/cloudflare_temp_email 无候选文件 (总计 418 blob, 扩展名过滤 278, processed_shas 跳过 2, SHA 缓存跳过 138)
[2026-07-12 00:20:48] 🔗 查子仓库: RhaoLi404/cloudflare_temp_email
[2026-07-12 00:20:49] 🔗 开始 Fork 链追踪 (A-Archives-and-Forks/cloudflare_temp_email)
[2026-07-12 00:20:49] 🔗 开始 Fork 链追踪 (RhaoLi404/cloudflare_temp_email)
[2026-07-12 00:20:49] 仓库 https://github.com/junping2020/docker_image_pusher 候选文件 3 个
[2026-07-12 00:20:49] 👤 遍历用户仓库: cianfox
[2026-07-12 00:20:49] 👤 遍历用户仓库: ASHOTKON
[2026-07-12 00:20:49]   父仓库: dreamhunter2333/cloudflare_temp_email
[2026-07-12 00:20:49] 仓库在黑名单中: https://github.com/dreamhunter2333/cloudflare_temp_email
[2026-07-12 00:20:49]   父仓库 +0 个节点
[2026-07-12 00:20:49]   父仓库: dreamhunter2333/cloudflare_temp_email
[2026-07-12 00:20:49] 仓库在黑名单中: https://github.com/dreamhunter2333/cloudflare_temp_email
[2026-07-12 00:20:49]   父仓库 +0 个节点
[2026-07-12 00:20:49] 仓库 https://github.com/chenyunfei7950/docker_image_pusher 未提取到节点，加入黑名单
[2026-07-12 00:20:49] 仓库 https://github.com/ACKIY-SATANA/hotclip (分支: main, size: 15999KB, pushed: 2026-07-11T07:08:09Z)
[2026-07-12 00:20:49] 仓库 https://github.com/junping2020/docker_image_pusher 未提取到节点，加入黑名单
[2026-07-12 00:20:49] 仓库 https://github.com/sskaykat/cloudflare_temp_email (分支: main, size: 10176KB, pushed: 2026-07-11T07:03:24Z)
[2026-07-12 00:20:49]   👤 用户仓库: 30 个 → 队列
[2026-07-12 00:20:49]   用户 sithu015 共查 30 个仓库
[2026-07-12 00:20:49] 仓库 https://github.com/xingbaoya/cloudflare_temp_email (分支: main, size: 10174KB, pushed: 2026-07-11T07:01:55Z)
[2026-07-12 00:20:49] 仓库 https://github.com/ACKIY-SATANA/hotclip 候选文件 12 个
[2026-07-12 00:20:49] 仓库 https://github.com/sskaykat/cloudflare_temp_email 无候选文件 (总计 418 blob, 扩展名过滤 278, processed_shas 跳过 2, SHA 缓存跳过 138)
[2026-07-12 00:20:49] 🔗 查子仓库: sskaykat/cloudflare_temp_email
[2026-07-12 00:20:49] 🔗 开始 Fork 链追踪 (sskaykat/cloudflare_temp_email)
[2026-07-12 00:20:49] 仓库 https://github.com/xingbaoya/cloudflare_temp_email 无候选文件 (总计 418 blob, 扩展名过滤 278, processed_shas 跳过 2, SHA 缓存跳过 138)
[2026-07-12 00:20:49] 🔗 查子仓库: xingbaoya/cloudflare_temp_email
[2026-07-12 00:20:49]   👤 用户仓库: 30 个 → 队列
[2026-07-12 00:20:49]   用户 ASHOTKON 共查 30 个仓库
[2026-07-12 00:20:49] 仓库 https://github.com/ishowman/cloudflare_temp_email (分支: main, size: 10181KB, pushed: 2026-07-11T07:01:53Z)
[2026-07-12 00:20:49] 👤 遍历用户仓库: RhaoLi404
[2026-07-12 00:20:49]   👤 用户仓库: 30 个 → 队列[2026-07-12 00:20:49] 🔗 开始 Fork 链追踪 (xingbaoya/cloudflare_temp_email)

[2026-07-12 00:20:49]   用户 cianfox 共查 30 个仓库
[2026-07-12 00:20:49] 仓库 https://github.com/nima789/cloudflare_temp_email (分支: main, size: 10174KB, pushed: 2026-07-11T07:00:30Z)
[2026-07-12 00:20:50]   父仓库: dreamhunter2333/cloudflare_temp_email
[2026-07-12 00:20:50] 仓库在黑名单中: https://github.com/dreamhunter2333/cloudflare_temp_email
[2026-07-12 00:20:50]   父仓库 +0 个节点
[2026-07-12 00:20:50]   父仓库: dreamhunter2333/cloudflare_temp_email
[2026-07-12 00:20:50] 仓库在黑名单中: https://github.com/dreamhunter2333/cloudflare_temp_email
[2026-07-12 00:20:50]   父仓库 +0 个节点
[2026-07-12 00:20:50] 👤 遍历用户仓库: A-Archives-and-Forks
[2026-07-12 00:20:50] 仓库 https://github.com/ishowman/cloudflare_temp_email 无候选文件 (总计 418 blob, 扩展名过滤 278, processed_shas 跳过 2, SHA 缓存跳过 138)
[2026-07-12 00:20:50] 🔗 查子仓库: ishowman/cloudflare_temp_email
[2026-07-12 00:20:50] 仓库 https://github.com/nima789/cloudflare_temp_email 无候选文件 (总计 418 blob, 扩展名过滤 278, processed_shas 跳过 2, SHA 缓存跳过 138)
[2026-07-12 00:20:50] 🔗 查子仓库: nima789/cloudflare_temp_email
[2026-07-12 00:20:50] 仓库 https://github.com/ACKIY-SATANA/hotclip README 含广告词，加入黑名单
[2026-07-12 00:20:50] 仓库 https://github.com/ZengQT1125/cloudflare_temp_email (分支: main, size: 10174KB, pushed: 2026-07-11T06:57:39Z)
[2026-07-12 00:20:50] 🔗 开始 Fork 链追踪 (ishowman/cloudflare_temp_email)
[2026-07-12 00:20:50]   👤 用户仓库: 20 个 → 队列
[2026-07-12 00:20:50]   用户 RhaoLi404 共查 20 个仓库
[2026-07-12 00:20:50] 仓库 https://github.com/linyifang41-jpg/free2use (分支: main, size: 54KB, pushed: 2026-07-11T06:52:23Z)
[2026-07-12 00:20:50] 🔗 开始 Fork 链追踪 (nima789/cloudflare_temp_email)
[2026-07-12 00:20:50] 仓库 https://github.com/ZengQT1125/cloudflare_temp_email 无候选文件 (总计 418 blob, 扩展名过滤 278, processed_shas 跳过 2, SHA 缓存跳过 138)
[2026-07-12 00:20:50] 🔗 查子仓库: ZengQT1125/cloudflare_temp_email
[2026-07-12 00:20:50] 仓库 https://github.com/linyifang41-jpg/free2use 候选文件 6 个
[2026-07-12 00:20:50]   父仓库: dreamhunter2333/cloudflare_temp_email
[2026-07-12 00:20:50] 仓库在黑名单中: https://github.com/dreamhunter2333/cloudflare_temp_email
[2026-07-12 00:20:50]   父仓库 +0 个节点
[2026-07-12 00:20:50]   父仓库: dreamhunter2333/cloudflare_temp_email
[2026-07-12 00:20:50] 仓库在黑名单中: https://github.com/dreamhunter2333/cloudflare_temp_email
[2026-07-12 00:20:50]   父仓库 +0 个节点
[2026-07-12 00:20:50] 🔗 开始 Fork 链追踪 (ZengQT1125/cloudflare_temp_email)
[2026-07-12 00:20:50]   👤 用户仓库: 30 个 → 队列
[2026-07-12 00:20:50]   用户 runoober 共查 30 个仓库
[2026-07-12 00:20:50] 仓库 https://github.com/FerryLee33/docker_image_pusher (分支: main, size: 774KB, pushed: 2026-07-11T06:51:00Z)
[2026-07-12 00:20:50]   父仓库: dreamhunter2333/cloudflare_temp_email
[2026-07-12 00:20:50] 仓库在黑名单中: https://github.com/dreamhunter2333/cloudflare_temp_email
[2026-07-12 00:20:50]   父仓库 +0 个节点
[2026-07-12 00:20:51] ⏱️ [81/122] V2RAY-CLASH-BASE64-Subscription pushed:>2026-07-10T15:34:46Z | 3s | +0
[2026-07-12 00:20:51] 👤 遍历用户仓库: sskaykat
[2026-07-12 00:20:51] 仓库 https://github.com/FerryLee33/docker_image_pusher 候选文件 1 个
[2026-07-12 00:20:51] 👤 遍历用户仓库: xingbaoya
[2026-07-12 00:20:51] 仓库 https://github.com/FerryLee33/docker_image_pusher 未提取到节点，加入黑名单
[2026-07-12 00:20:51] 仓库 https://github.com/myh333777/cloudflare_temp_email (分支: main, size: 10174KB, pushed: 2026-07-11T06:41:39Z)
[2026-07-12 00:20:51] 👤 遍历用户仓库: ishowman
[2026-07-12 00:20:51] 👤 遍历用户仓库: nima789
[2026-07-12 00:20:51] 仓库 https://github.com/linyifang41-jpg/free2use 未提取到节点，加入黑名单
[2026-07-12 00:20:51] 仓库 https://github.com/fanqinxin/docker_image_pusher (分支: main, size: 772KB, pushed: 2026-07-11T06:39:13Z)
[2026-07-12 00:20:51]   👤 用户仓库: 5 个 → 队列
[2026-07-12 00:20:51]   用户 xingbaoya 共查 5 个仓库
[2026-07-12 00:20:51] 仓库 https://github.com/zhxnix/Madedown (分支: main, size: 3146KB, pushed: 2026-07-11T06:39:35Z)
[2026-07-12 00:20:51] 仓库 https://github.com/myh333777/cloudflare_temp_email 无候选文件 (总计 418 blob, 扩展名过滤 278, processed_shas 跳过 2, SHA 缓存跳过 138)
[2026-07-12 00:20:51] 🔗 查子仓库: myh333777/cloudflare_temp_email
[2026-07-12 00:20:51] 🔗 开始 Fork 链追踪 (myh333777/cloudflare_temp_email)
[2026-07-12 00:20:51] 仓库 https://github.com/fanqinxin/docker_image_pusher 候选文件 1 个
[2026-07-12 00:20:51] 仓库 https://github.com/zhxnix/Madedown 候选文件 12 个
[2026-07-12 00:20:51]   👤 用户仓库: 23 个 → 队列
[2026-07-12 00:20:51]   用户 nima789 共查 23 个仓库
[2026-07-12 00:20:51] 仓库 https://github.com/pick7/cloudflare_temp_email (分支: main, size: 10174KB, pushed: 2026-07-11T06:33:08Z)
[2026-07-12 00:20:51]   父仓库: dreamhunter2333/cloudflare_temp_email
[2026-07-12 00:20:51] 仓库在黑名单中: https://github.com/dreamhunter2333/cloudflare_temp_email
[2026-07-12 00:20:51]   父仓库 +0 个节点
[2026-07-12 00:20:51] 仓库 https://github.com/fanqinxin/docker_image_pusher 未提取到节点，加入黑名单[2026-07-12 00:20:51] 仓库 https://github.com/zhxnix/Madedown 未提取到节点，加入黑名单

[2026-07-12 00:20:51] 仓库 https://github.com/yjiace/cloudflare_temp_email (分支: main, size: 10174KB, pushed: 2026-07-11T06:32:04Z)
[2026-07-12 00:20:51] 仓库 https://github.com/mc373906408/cloudflare_temp_email (分支: main, size: 10177KB, pushed: 2026-07-11T06:26:18Z)
[2026-07-12 00:20:51] 👤 遍历用户仓库: ZengQT1125
[2026-07-12 00:20:51] 仓库 https://github.com/pick7/cloudflare_temp_email 无候选文件 (总计 418 blob, 扩展名过滤 278, processed_shas 跳过 2, SHA 缓存跳过 138)
[2026-07-12 00:20:51] 🔗 查子仓库: pick7/cloudflare_temp_email
[2026-07-12 00:20:51] 🔗 开始 Fork 链追踪 (pick7/cloudflare_temp_email)
[2026-07-12 00:20:52] 仓库 https://github.com/yjiace/cloudflare_temp_email 无候选文件 (总计 418 blob, 扩展名过滤 278, processed_shas 跳过 2, SHA 缓存跳过 138)
[2026-07-12 00:20:52] 🔗 查子仓库: yjiace/cloudflare_temp_email
[2026-07-12 00:20:52] 仓库 https://github.com/mc373906408/cloudflare_temp_email 无候选文件 (总计 418 blob, 扩展名过滤 278, processed_shas 跳过 2, SHA 缓存跳过 138)
[2026-07-12 00:20:52] 🔗 查子仓库: mc373906408/cloudflare_temp_email
[2026-07-12 00:20:52]   👤 用户仓库: 30 个 → 队列
[2026-07-12 00:20:52]   用户 sskaykat 共查 30 个仓库
[2026-07-12 00:20:52] 仓库 https://github.com/niyoh120/cloudflare_temp_email (分支: main, size: 10174KB, pushed: 2026-07-11T06:18:36Z)
[2026-07-12 00:20:52] 🔗 开始 Fork 链追踪 (yjiace/cloudflare_temp_email)
[2026-07-12 00:20:52] 🔗 开始 Fork 链追踪 (mc373906408/cloudflare_temp_email)
[2026-07-12 00:20:52]   父仓库: dreamhunter2333/cloudflare_temp_email
[2026-07-12 00:20:52] 仓库在黑名单中: https://github.com/dreamhunter2333/cloudflare_temp_email
[2026-07-12 00:20:52]   父仓库 +0 个节点
[2026-07-12 00:20:52] 仓库 https://github.com/niyoh120/cloudflare_temp_email 无候选文件 (总计 418 blob, 扩展名过滤 278, processed_shas 跳过 2, SHA 缓存跳过 138)
[2026-07-12 00:20:52] 🔗 查子仓库: niyoh120/cloudflare_temp_email
[2026-07-12 00:20:52]   👤 用户仓库: 29 个 → 队列
[2026-07-12 00:20:52]   用户 ZengQT1125 共查 29 个仓库
[2026-07-12 00:20:52] 仓库 https://github.com/gwozai/cloudflare_temp_email (分支: main, size: 10526KB, pushed: 2026-07-11T06:17:13Z)
[2026-07-12 00:20:52]   父仓库: dreamhunter2333/cloudflare_temp_email
[2026-07-12 00:20:52] 仓库在黑名单中: https://github.com/dreamhunter2333/cloudflare_temp_email
[2026-07-12 00:20:52]   父仓库 +0 个节点
[2026-07-12 00:20:52]   父仓库: dreamhunter2333/cloudflare_temp_email
[2026-07-12 00:20:52] 仓库在黑名单中: https://github.com/dreamhunter2333/cloudflare_temp_email
[2026-07-12 00:20:52]   父仓库 +0 个节点
[2026-07-12 00:20:52] 🔗 开始 Fork 链追踪 (niyoh120/cloudflare_temp_email)
[2026-07-12 00:20:52] 👤 遍历用户仓库: myh333777
[2026-07-12 00:20:52] 仓库 https://github.com/gwozai/cloudflare_temp_email 无候选文件 (总计 418 blob, 扩展名过滤 278, processed_shas 跳过 2, SHA 缓存跳过 138)
[2026-07-12 00:20:52] 🔗 查子仓库: gwozai/cloudflare_temp_email
[2026-07-12 00:20:52]   父仓库: dreamhunter2333/cloudflare_temp_email
[2026-07-12 00:20:52] 仓库在黑名单中: https://github.com/dreamhunter2333/cloudflare_temp_email
[2026-07-12 00:20:52]   父仓库 +0 个节点
[2026-07-12 00:20:52] 🔗 开始 Fork 链追踪 (gwozai/cloudflare_temp_email)
[2026-07-12 00:20:52]   父仓库: dreamhunter2333/cloudflare_temp_email
[2026-07-12 00:20:52] 仓库在黑名单中: https://github.com/dreamhunter2333/cloudflare_temp_email
[2026-07-12 00:20:52]   父仓库 +0 个节点
[2026-07-12 00:20:52] 👤 遍历用户仓库: yjiace
[2026-07-12 00:20:53] 👤 遍历用户仓库: mc373906408
[2026-07-12 00:20:53] 👤 遍历用户仓库: pick7
[2026-07-12 00:20:53]   👤 用户仓库: 30 个 → 队列
[2026-07-12 00:20:53]   用户 ishowman 共查 30 个仓库
[2026-07-12 00:20:53] 仓库 https://github.com/mxlapan/cloudflare_temp_email (分支: main, size: 10174KB, pushed: 2026-07-11T06:14:48Z)
[2026-07-12 00:20:53] 👤 遍历用户仓库: niyoh120
[2026-07-12 00:20:53] 仓库 https://github.com/mxlapan/cloudflare_temp_email 无候选文件 (总计 418 blob, 扩展名过滤 278, processed_shas 跳过 2, SHA 缓存跳过 138)
[2026-07-12 00:20:53] 🔗 查子仓库: mxlapan/cloudflare_temp_email
[2026-07-12 00:20:53]   👤 用户仓库: 30 个 → 队列
[2026-07-12 00:20:53]   用户 myh333777 共查 30 个仓库
[2026-07-12 00:20:53] 仓库 https://github.com/lyffaye/FG (分支: main, size: 37813KB, pushed: 2026-07-11T06:12:55Z)
[2026-07-12 00:20:53]   👤 用户仓库: 23 个 → 队列
[2026-07-12 00:20:53]   用户 yjiace 共查 23 个仓库
[2026-07-12 00:20:53] 仓库 https://github.com/xialaup/cloudflare_temp_email (分支: main, size: 10174KB, pushed: 2026-07-11T06:11:08Z)
[2026-07-12 00:20:53] 👤 遍历用户仓库: gwozai
[2026-07-12 00:20:53] 🔗 开始 Fork 链追踪 (mxlapan/cloudflare_temp_email)
[2026-07-12 00:20:53] 仓库 https://github.com/lyffaye/FG 无候选文件 (总计 91 blob, 扩展名过滤 79, processed_shas 跳过 0, SHA 缓存跳过 12)
[2026-07-12 00:20:53] 🔗 查子仓库: lyffaye/FG
[2026-07-12 00:20:53] 仓库 https://github.com/xialaup/cloudflare_temp_email 无候选文件 (总计 418 blob, 扩展名过滤 278, processed_shas 跳过 2, SHA 缓存跳过 138)
[2026-07-12 00:20:53]   👤 用户仓库: 30 个 → 队列[2026-07-12 00:20:53] 🔗 查子仓库: xialaup/cloudflare_temp_email

[2026-07-12 00:20:53]   用户 pick7 共查 30 个仓库
[2026-07-12 00:20:53] 仓库 https://github.com/jinmo100/cloudflare_temp_email (分支: main, size: 10174KB, pushed: 2026-07-11T06:09:07Z)
[2026-07-12 00:20:53] ⏱️ [82/122] free airport nodes pushed:>2026-07-10T15:34:46Z fork:true -l | 3s | +0
[2026-07-12 00:20:53]   父仓库: dreamhunter2333/cloudflare_temp_email
[2026-07-12 00:20:53] 仓库在黑名单中: https://github.com/dreamhunter2333/cloudflare_temp_email
[2026-07-12 00:20:53]   父仓库 +0 个节点
[2026-07-12 00:20:53] 🔗 开始 Fork 链追踪 (lyffaye/FG)
[2026-07-12 00:20:53]   👤 用户仓库: 30 个 → 队列
[2026-07-12 00:20:53]   用户 mc373906408 共查 30 个仓库
[2026-07-12 00:20:53] 仓库 https://github.com/bluewatercg/cloudflare_temp_email (分支: main, size: 10174KB, pushed: 2026-07-11T06:06:38Z)
[2026-07-12 00:20:53] 🔗 开始 Fork 链追踪 (xialaup/cloudflare_temp_email)
[2026-07-12 00:20:53] 仓库 https://github.com/jinmo100/cloudflare_temp_email 无候选文件 (总计 418 blob, 扩展名过滤 278, processed_shas 跳过 2, SHA 缓存跳过 138)
[2026-07-12 00:20:53] 🔗 查子仓库: jinmo100/cloudflare_temp_email
[2026-07-12 00:20:53]   父仓库: FGBLH/HKL
[2026-07-12 00:20:53] 仓库在黑名单中: https://github.com/FGBLH/HKL
[2026-07-12 00:20:53]   父仓库 +0 个节点
[2026-07-12 00:20:53]   👤 用户仓库: 30 个 → 队列
[2026-07-12 00:20:53]   用户 A-Archives-and-Forks 共查 30 个仓库
[2026-07-12 00:20:53] 仓库 https://github.com/landsun-y/cloudflare_temp_email (分支: main, size: 10210KB, pushed: 2026-07-11T06:06:14Z)
[2026-07-12 00:20:53] 仓库 https://github.com/bluewatercg/cloudflare_temp_email 无候选文件 (总计 418 blob, 扩展名过滤 278, processed_shas 跳过 2, SHA 缓存跳过 138)
[2026-07-12 00:20:53] 🔗 查子仓库: bluewatercg/cloudflare_temp_email
[2026-07-12 00:20:53]   父仓库: dreamhunter2333/cloudflare_temp_email
[2026-07-12 00:20:53] 仓库在黑名单中: https://github.com/dreamhunter2333/cloudflare_temp_email
[2026-07-12 00:20:53]   父仓库 +0 个节点
[2026-07-12 00:20:54] 🔗 开始 Fork 链追踪 (jinmo100/cloudflare_temp_email)
[2026-07-12 00:20:54] 🔗 开始 Fork 链追踪 (bluewatercg/cloudflare_temp_email)
[2026-07-12 00:20:54] 仓库 https://github.com/landsun-y/cloudflare_temp_email 无候选文件 (总计 418 blob, 扩展名过滤 278, processed_shas 跳过 2, SHA 缓存跳过 138)
[2026-07-12 00:20:54] 🔗 查子仓库: landsun-y/cloudflare_temp_email
[2026-07-12 00:20:54]   父仓库: dreamhunter2333/cloudflare_temp_email
[2026-07-12 00:20:54] 仓库在黑名单中: https://github.com/dreamhunter2333/cloudflare_temp_email
[2026-07-12 00:20:54]   父仓库 +0 个节点
[2026-07-12 00:20:54] 🔗 开始 Fork 链追踪 (landsun-y/cloudflare_temp_email)
[2026-07-12 00:20:54]   父仓库: dreamhunter2333/cloudflare_temp_email
[2026-07-12 00:20:54] 仓库在黑名单中: https://github.com/dreamhunter2333/cloudflare_temp_email
[2026-07-12 00:20:54]   父仓库 +0 个节点
[2026-07-12 00:20:54]   父仓库: dreamhunter2333/cloudflare_temp_email
[2026-07-12 00:20:54] 仓库在黑名单中: https://github.com/dreamhunter2333/cloudflare_temp_email
[2026-07-12 00:20:54]   父仓库 +0 个节点
[2026-07-12 00:20:54] 👤 遍历用户仓库: mxlapan
[2026-07-12 00:20:54] 👤 遍历用户仓库: xialaup
[2026-07-12 00:20:54]   👤 用户仓库: 8 个 → 队列
[2026-07-12 00:20:54]   用户 mxlapan 共查 8 个仓库
[2026-07-12 00:20:54] 仓库 https://github.com/zhuguang-ZFG/cloudflare_temp_email (分支: main, size: 10210KB, pushed: 2026-07-11T06:06:14Z)
[2026-07-12 00:20:54] 👤 遍历用户仓库: jinmo100
[2026-07-12 00:20:55]   🍴 兄弟仓库: 30 个 → 队列
[2026-07-12 00:20:55] 👤 遍历用户仓库: lyffaye
[2026-07-12 00:20:55] 👤 遍历用户仓库: landsun-y
[2026-07-12 00:20:55] 仓库 https://github.com/zhuguang-ZFG/cloudflare_temp_email 无候选文件 (总计 418 blob, 扩展名过滤 278, processed_shas 跳过 2, SHA 缓存跳过 138)
[2026-07-12 00:20:55] 🔗 查子仓库: zhuguang-ZFG/cloudflare_temp_email
[2026-07-12 00:20:55] 👤 遍历用户仓库: bluewatercg[2026-07-12 00:20:55] 🔗 开始 Fork 链追踪 (zhuguang-ZFG/cloudflare_temp_email)

[2026-07-12 00:20:55]   👤 用户仓库: 7 个 → 队列
[2026-07-12 00:20:55]   用户 jinmo100 共查 7 个仓库
[2026-07-12 00:20:55] 仓库 https://github.com/xieshang/cloudflare_temp_email (分支: main, size: 10210KB, pushed: 2026-07-11T06:06:14Z)
[2026-07-12 00:20:55]   👤 用户仓库: 8 个 → 队列
[2026-07-12 00:20:55]   用户 lyffaye 共查 8 个仓库
[2026-07-12 00:20:55] 仓库 https://github.com/stfzy/cloudflare_temp_email (分支: main, size: 10210KB, pushed: 2026-07-11T06:06:14Z)
[2026-07-12 00:20:55]   父仓库: dreamhunter2333/cloudflare_temp_email
[2026-07-12 00:20:55] 仓库在黑名单中: https://github.com/dreamhunter2333/cloudflare_temp_email
[2026-07-12 00:20:55]   父仓库 +0 个节点
[2026-07-12 00:20:55] 仓库 https://github.com/xieshang/cloudflare_temp_email 无候选文件 (总计 418 blob, 扩展名过滤 278, processed_shas 跳过 2, SHA 缓存跳过 138)
[2026-07-12 00:20:55] 🔗 查子仓库: xieshang/cloudflare_temp_email
[2026-07-12 00:20:55]   👤 用户仓库: 13 个 → 队列
[2026-07-12 00:20:55]   用户 landsun-y 共查 13 个仓库
[2026-07-12 00:20:55] 仓库 https://github.com/gguu272727-dot/cloudflare_temp_email (分支: main, size: 10210KB, pushed: 2026-07-11T06:06:14Z)
[2026-07-12 00:20:55] 🔗 开始 Fork 链追踪 (xieshang/cloudflare_temp_email)
[2026-07-12 00:20:55] 仓库 https://github.com/stfzy/cloudflare_temp_email 无候选文件 (总计 418 blob, 扩展名过滤 278, processed_shas 跳过 2, SHA 缓存跳过 138)
[2026-07-12 00:20:55] 🔗 查子仓库: stfzy/cloudflare_temp_email
[2026-07-12 00:20:55] 仓库 https://github.com/gguu272727-dot/cloudflare_temp_email 无候选文件 (总计 418 blob, 扩展名过滤 278, processed_shas 跳过 2, SHA 缓存跳过 138)
[2026-07-12 00:20:55] 🔗 查子仓库: gguu272727-dot/cloudflare_temp_email
[2026-07-12 00:20:55] 🔗 开始 Fork 链追踪 (stfzy/cloudflare_temp_email)
[2026-07-12 00:20:55]   父仓库: dreamhunter2333/cloudflare_temp_email
[2026-07-12 00:20:55] 仓库在黑名单中: https://github.com/dreamhunter2333/cloudflare_temp_email
[2026-07-12 00:20:55]   父仓库 +0 个节点
[2026-07-12 00:20:55] 🔗 开始 Fork 链追踪 (gguu272727-dot/cloudflare_temp_email)
[2026-07-12 00:20:55]   父仓库: dreamhunter2333/cloudflare_temp_email
[2026-07-12 00:20:55] 仓库在黑名单中: https://github.com/dreamhunter2333/cloudflare_temp_email
[2026-07-12 00:20:55]   父仓库 +0 个节点
[2026-07-12 00:20:55]   父仓库: dreamhunter2333/cloudflare_temp_email
[2026-07-12 00:20:55] 仓库在黑名单中: https://github.com/dreamhunter2333/cloudflare_temp_email
[2026-07-12 00:20:55]   父仓库 +0 个节点
[2026-07-12 00:20:55] 👤 遍历用户仓库: zhuguang-ZFG
[2026-07-12 00:20:56]   👤 用户仓库: 30 个 → 队列
[2026-07-12 00:20:56]   用户 bluewatercg 共查 30 个仓库
[2026-07-12 00:20:56] 仓库 https://github.com/XxSbyH/cloudflare_temp_email (分支: main, size: 10210KB, pushed: 2026-07-11T06:06:14Z)
[2026-07-12 00:20:56] ⏱️ [83/122] free shadowrocket nodes pushed:>2026-07-10T15:34:46Z fork:tr | 3s | +0
[2026-07-12 00:20:56] 👤 遍历用户仓库: xieshang
[2026-07-12 00:20:56] 仓库 https://github.com/XxSbyH/cloudflare_temp_email 无候选文件 (总计 418 blob, 扩展名过滤 278, processed_shas 跳过 2, SHA 缓存跳过 138)
[2026-07-12 00:20:56] 🔗 查子仓库: XxSbyH/cloudflare_temp_email
[2026-07-12 00:20:56] 👤 遍历用户仓库: gguu272727-dot
[2026-07-12 00:20:56] 🔗 开始 Fork 链追踪 (XxSbyH/cloudflare_temp_email)
[2026-07-12 00:20:56]   👤 用户仓库: 30 个 → 队列
[2026-07-12 00:20:56]   用户 niyoh120 共查 30 个仓库
[2026-07-12 00:20:56] 仓库 https://github.com/zlkio/cloudflare_temp_email (分支: main, size: 10210KB, pushed: 2026-07-11T06:06:14Z)
[2026-07-12 00:20:56]   父仓库: dreamhunter2333/cloudflare_temp_email
[2026-07-12 00:20:56] 仓库在黑名单中: https://github.com/dreamhunter2333/cloudflare_temp_email
[2026-07-12 00:20:56]   父仓库 +0 个节点
[2026-07-12 00:20:56]   👤 用户仓库: 1 个 → 队列
[2026-07-12 00:20:56]   用户 gguu272727-dot 共查 1 个仓库
[2026-07-12 00:20:56] 仓库 https://github.com/HelloZYHs/cloudflare_temp_email (分支: main, size: 10210KB, pushed: 2026-07-11T06:06:14Z)
[2026-07-12 00:20:56] 仓库 https://github.com/zlkio/cloudflare_temp_email 无候选文件 (总计 418 blob, 扩展名过滤 278, processed_shas 跳过 2, SHA 缓存跳过 138)
[2026-07-12 00:20:56] 🔗 查子仓库: zlkio/cloudflare_temp_email
[2026-07-12 00:20:56] 仓库 https://github.com/HelloZYHs/cloudflare_temp_email 无候选文件 (总计 418 blob, 扩展名过滤 278, processed_shas 跳过 2, SHA 缓存跳过 138)
[2026-07-12 00:20:56] 🔗 查子仓库: HelloZYHs/cloudflare_temp_email
[2026-07-12 00:20:56] 🔗 开始 Fork 链追踪 (zlkio/cloudflare_temp_email)
[2026-07-12 00:20:56]   👤 用户仓库: 30 个 → 队列
[2026-07-12 00:20:56]   用户 xieshang 共查 30 个仓库
[2026-07-12 00:20:56] 仓库 https://github.com/cfgrpg/cloudflare_temp_email (分支: main, size: 10210KB, pushed: 2026-07-11T06:06:14Z)
[2026-07-12 00:20:56] 👤 遍历用户仓库: stfzy
[2026-07-12 00:20:56] 🔗 开始 Fork 链追踪 (HelloZYHs/cloudflare_temp_email)
[2026-07-12 00:20:57]   父仓库: dreamhunter2333/cloudflare_temp_email
[2026-07-12 00:20:57] 仓库在黑名单中: https://github.com/dreamhunter2333/cloudflare_temp_email
[2026-07-12 00:20:57]   父仓库 +0 个节点
[2026-07-12 00:20:57]   父仓库: dreamhunter2333/cloudflare_temp_email
[2026-07-12 00:20:57] 仓库在黑名单中: https://github.com/dreamhunter2333/cloudflare_temp_email
[2026-07-12 00:20:57]   父仓库 +0 个节点
[2026-07-12 00:20:57] 仓库 https://github.com/cfgrpg/cloudflare_temp_email 无候选文件 (总计 418 blob, 扩展名过滤 278, processed_shas 跳过 2, SHA 缓存跳过 138)
[2026-07-12 00:20:57] 🔗 查子仓库: cfgrpg/cloudflare_temp_email
[2026-07-12 00:20:57]   👤 用户仓库: 30 个 → 队列
[2026-07-12 00:20:57]   用户 zhuguang-ZFG 共查 30 个仓库
[2026-07-12 00:20:57] 仓库 https://github.com/Yorick-Ryu/cloudflare_temp_email (分支: main, size: 10210KB, pushed: 2026-07-11T06:06:14Z)
[2026-07-12 00:20:57] 🔗 开始 Fork 链追踪 (cfgrpg/cloudflare_temp_email)
[2026-07-12 00:20:57] 👤 遍历用户仓库: XxSbyH
[2026-07-12 00:20:57] 仓库 https://github.com/Yorick-Ryu/cloudflare_temp_email 无候选文件 (总计 418 blob, 扩展名过滤 278, processed_shas 跳过 2, SHA 缓存跳过 138)
[2026-07-12 00:20:57] 🔗 查子仓库: Yorick-Ryu/cloudflare_temp_email
[2026-07-12 00:20:57]   父仓库: dreamhunter2333/cloudflare_temp_email
[2026-07-12 00:20:57] 仓库在黑名单中: https://github.com/dreamhunter2333/cloudflare_temp_email
[2026-07-12 00:20:57]   父仓库 +0 个节点
[2026-07-12 00:20:57] 🔗 开始 Fork 链追踪 (Yorick-Ryu/cloudflare_temp_email)
[2026-07-12 00:20:57]   父仓库: dreamhunter2333/cloudflare_temp_email
[2026-07-12 00:20:57] 仓库在黑名单中: https://github.com/dreamhunter2333/cloudflare_temp_email
[2026-07-12 00:20:57]   父仓库 +0 个节点
[2026-07-12 00:20:57]   👤 用户仓库: 15 个 → 队列
[2026-07-12 00:20:57]   用户 XxSbyH 共查 15 个仓库
[2026-07-12 00:20:57] 仓库 https://github.com/YOUYCG/cloudflare_temp_email (分支: main, size: 10210KB, pushed: 2026-07-11T06:06:14Z)
[2026-07-12 00:20:57] 👤 遍历用户仓库: zlkio
[2026-07-12 00:20:57]   👤 用户仓库: 30 个 → 队列
[2026-07-12 00:20:57]   用户 xialaup 共查 30 个仓库
[2026-07-12 00:20:58] 仓库 https://github.com/lindingchan/cloudflare_temp_email (分支: main, size: 10210KB, pushed: 2026-07-11T06:06:14Z)
[2026-07-12 00:20:58] 仓库 https://github.com/YOUYCG/cloudflare_temp_email 无候选文件 (总计 418 blob, 扩展名过滤 278, processed_shas 跳过 2, SHA 缓存跳过 138)
[2026-07-12 00:20:58] 🔗 查子仓库: YOUYCG/cloudflare_temp_email
[2026-07-12 00:20:58] 🔗 开始 Fork 链追踪 (YOUYCG/cloudflare_temp_email)
[2026-07-12 00:20:58]   👤 用户仓库: 1 个 → 队列
[2026-07-12 00:20:58]   用户 zlkio 共查 1 个仓库
[2026-07-12 00:20:58] 仓库 https://github.com/wMMVC05/cloudflare_temp_email (分支: main, size: 10210KB, pushed: 2026-07-11T06:06:14Z)
[2026-07-12 00:20:58] 👤 遍历用户仓库: cfgrpg
[2026-07-12 00:20:58] 👤 遍历用户仓库: HelloZYHs
[2026-07-12 00:20:58] 仓库 https://github.com/lindingchan/cloudflare_temp_email 无候选文件 (总计 418 blob, 扩展名过滤 278, processed_shas 跳过 2, SHA 缓存跳过 138)
[2026-07-12 00:20:58] 🔗 查子仓库: lindingchan/cloudflare_temp_email
[2026-07-12 00:20:58]   父仓库: dreamhunter2333/cloudflare_temp_email
[2026-07-12 00:20:58] 仓库在黑名单中: https://github.com/dreamhunter2333/cloudflare_temp_email
[2026-07-12 00:20:58]   父仓库 +0 个节点
[2026-07-12 00:20:58] 🔗 开始 Fork 链追踪 (lindingchan/cloudflare_temp_email)
[2026-07-12 00:20:58] 仓库 https://github.com/wMMVC05/cloudflare_temp_email 无候选文件 (总计 418 blob, 扩展名过滤 278, processed_shas 跳过 2, SHA 缓存跳过 138)
[2026-07-12 00:20:58] 🔗 查子仓库: wMMVC05/cloudflare_temp_email
[2026-07-12 00:20:58]   👤 用户仓库: 3 个 → 队列
[2026-07-12 00:20:58]   用户 HelloZYHs 共查 3 个仓库
[2026-07-12 00:20:58] 仓库 https://github.com/Yiyi-philosophy/cloudflare_temp_email (分支: main, size: 10210KB, pushed: 2026-07-11T06:06:14Z)
[2026-07-12 00:20:58] 👤 遍历用户仓库: Yorick-Ryu
[2026-07-12 00:20:58] 🔗 开始 Fork 链追踪 (wMMVC05/cloudflare_temp_email)
[2026-07-12 00:20:58]   父仓库: dreamhunter2333/cloudflare_temp_email
[2026-07-12 00:20:58] 仓库在黑名单中: https://github.com/dreamhunter2333/cloudflare_temp_email
[2026-07-12 00:20:58]   父仓库 +0 个节点
[2026-07-12 00:20:58] 仓库 https://github.com/Yiyi-philosophy/cloudflare_temp_email 无候选文件 (总计 418 blob, 扩展名过滤 278, processed_shas 跳过 2, SHA 缓存跳过 138)
[2026-07-12 00:20:58] 🔗 查子仓库: Yiyi-philosophy/cloudflare_temp_email
[2026-07-12 00:20:58]   父仓库: dreamhunter2333/cloudflare_temp_email
[2026-07-12 00:20:58] 仓库在黑名单中: https://github.com/dreamhunter2333/cloudflare_temp_email
[2026-07-12 00:20:58]   父仓库 +0 个节点
[2026-07-12 00:20:58] 🔗 开始 Fork 链追踪 (Yiyi-philosophy/cloudflare_temp_email)
[2026-07-12 00:20:58] ⏱️ [84/122] free hiddify nodes pushed:>2026-07-10T15:34:46Z fork:true -l | 2s | +0
[2026-07-12 00:20:58]   父仓库: dreamhunter2333/cloudflare_temp_email
[2026-07-12 00:20:58] 仓库在黑名单中: https://github.com/dreamhunter2333/cloudflare_temp_email
[2026-07-12 00:20:58]   父仓库 +0 个节点
[2026-07-12 00:20:58] 👤 遍历用户仓库: YOUYCG
[2026-07-12 00:20:59]   👤 用户仓库: 30 个 → 队列
[2026-07-12 00:20:59]   用户 cfgrpg 共查 30 个仓库
[2026-07-12 00:20:59] 仓库 https://github.com/Gsww123/cloudflare_temp_email (分支: main, size: 10210KB, pushed: 2026-07-11T06:06:14Z)
[2026-07-12 00:20:59] 👤 遍历用户仓库: lindingchan
[2026-07-12 00:20:59] 👤 遍历用户仓库: wMMVC05
[2026-07-12 00:20:59] 仓库 https://github.com/Gsww123/cloudflare_temp_email 无候选文件 (总计 418 blob, 扩展名过滤 278, processed_shas 跳过 2, SHA 缓存跳过 138)
[2026-07-12 00:20:59] 🔗 查子仓库: Gsww123/cloudflare_temp_email
[2026-07-12 00:20:59]   👤 用户仓库: 30 个 → 队列
[2026-07-12 00:20:59]   用户 gwozai 共查 30 个仓库
[2026-07-12 00:20:59] 仓库 https://github.com/zhangx16/cloudflare_temp_email (分支: main, size: 10210KB, pushed: 2026-07-11T06:06:14Z)
[2026-07-12 00:20:59]   👤 用户仓库: 30 个 → 队列
[2026-07-12 00:20:59]   用户 YOUYCG 共查 30 个仓库
[2026-07-12 00:20:59] 仓库 https://github.com/x-dr/cloudflare_temp_email (分支: main, size: 10210KB, pushed: 2026-07-11T06:06:14Z)
[2026-07-12 00:20:59] 🔗 开始 Fork 链追踪 (Gsww123/cloudflare_temp_email)
[2026-07-12 00:20:59]   👤 用户仓库: 30 个 → 队列
[2026-07-12 00:20:59]   用户 Yorick-Ryu 共查 30 个仓库
[2026-07-12 00:20:59] 仓库 https://github.com/qlp3220813/cloudflare_temp_email (分支: main, size: 10210KB, pushed: 2026-07-11T06:06:14Z)
[2026-07-12 00:20:59] 👤 遍历用户仓库: Yiyi-philosophy[2026-07-12 00:20:59]   👤 用户仓库: 2 个 → 队列

[2026-07-12 00:20:59]   用户 wMMVC05 共查 2 个仓库
[2026-07-12 00:20:59] 仓库 https://github.com/wx2cyj/cloudflare_temp_email (分支: main, size: 10210KB, pushed: 2026-07-11T06:06:14Z)
[2026-07-12 00:20:59] 仓库 https://github.com/x-dr/cloudflare_temp_email 无候选文件 (总计 418 blob, 扩展名过滤 278, processed_shas 跳过 2, SHA 缓存跳过 138)
[2026-07-12 00:20:59] 🔗 查子仓库: x-dr/cloudflare_temp_email
[2026-07-12 00:20:59]   父仓库: dreamhunter2333/cloudflare_temp_email
[2026-07-12 00:20:59] 仓库在黑名单中: https://github.com/dreamhunter2333/cloudflare_temp_email
[2026-07-12 00:20:59]   父仓库 +0 个节点
[2026-07-12 00:20:59] 仓库 https://github.com/qlp3220813/cloudflare_temp_email 无候选文件 (总计 418 blob, 扩展名过滤 278, processed_shas 跳过 2, SHA 缓存跳过 138)
[2026-07-12 00:20:59] 🔗 查子仓库: qlp3220813/cloudflare_temp_email
[2026-07-12 00:20:59] 仓库 https://github.com/zhangx16/cloudflare_temp_email 无候选文件 (总计 418 blob, 扩展名过滤 278, processed_shas 跳过 2, SHA 缓存跳过 138)
[2026-07-12 00:20:59] 🔗 开始 Fork 链追踪 (x-dr/cloudflare_temp_email)[2026-07-12 00:20:59] 🔗 查子仓库: zhangx16/cloudflare_temp_email

[2026-07-12 00:20:59] 🔗 开始 Fork 链追踪 (qlp3220813/cloudflare_temp_email)
[2026-07-12 00:20:59] 🔗 开始 Fork 链追踪 (zhangx16/cloudflare_temp_email)
[2026-07-12 00:20:59] 仓库 https://github.com/wx2cyj/cloudflare_temp_email 无候选文件 (总计 418 blob, 扩展名过滤 278, processed_shas 跳过 2, SHA 缓存跳过 138)
[2026-07-12 00:20:59] 🔗 查子仓库: wx2cyj/cloudflare_temp_email
[2026-07-12 00:20:59]   父仓库: dreamhunter2333/cloudflare_temp_email
[2026-07-12 00:20:59] 仓库在黑名单中: https://github.com/dreamhunter2333/cloudflare_temp_email
[2026-07-12 00:20:59]   父仓库 +0 个节点
[2026-07-12 00:20:59] 🔗 开始 Fork 链追踪 (wx2cyj/cloudflare_temp_email)
[2026-07-12 00:20:59]   父仓库: dreamhunter2333/cloudflare_temp_email
[2026-07-12 00:20:59] 仓库在黑名单中: https://github.com/dreamhunter2333/cloudflare_temp_email
[2026-07-12 00:20:59]   父仓库 +0 个节点
[2026-07-12 00:20:59]   父仓库: dreamhunter2333/cloudflare_temp_email
[2026-07-12 00:20:59] 仓库在黑名单中: https://github.com/dreamhunter2333/cloudflare_temp_email
[2026-07-12 00:20:59]   父仓库 +0 个节点
[2026-07-12 00:21:00]   父仓库: dreamhunter2333/cloudflare_temp_email
[2026-07-12 00:21:00] 仓库在黑名单中: https://github.com/dreamhunter2333/cloudflare_temp_email
[2026-07-12 00:21:00]   父仓库 +0 个节点
[2026-07-12 00:21:00] 👤 遍历用户仓库: Gsww123
[2026-07-12 00:21:00] 👤 遍历用户仓库: x-dr
[2026-07-12 00:21:00]   👤 用户仓库: 4 个 → 队列
[2026-07-12 00:21:00]   用户 Gsww123 共查 4 个仓库
[2026-07-12 00:21:00] 仓库 https://github.com/Autsunset/cloudflare_temp_email (分支: main, size: 10208KB, pushed: 2026-07-11T06:06:14Z)
[2026-07-12 00:21:00] 👤 遍历用户仓库: zhangx16
[2026-07-12 00:21:00] 👤 遍历用户仓库: qlp3220813
[2026-07-12 00:21:00]   👤 用户仓库: 30 个 → 队列
[2026-07-12 00:21:00]   用户 lindingchan 共查 30 个仓库
[2026-07-12 00:21:00] 仓库 https://github.com/youjiaping123/cloudflare_temp_email (分支: main, size: 10210KB, pushed: 2026-07-11T06:06:14Z)
[2026-07-12 00:21:00] 👤 遍历用户仓库: wx2cyj
[2026-07-12 00:21:00] 仓库 https://github.com/Autsunset/cloudflare_temp_email 无候选文件 (总计 418 blob, 扩展名过滤 278, processed_shas 跳过 2, SHA 缓存跳过 138)
[2026-07-12 00:21:00] 🔗 查子仓库: Autsunset/cloudflare_temp_email
[2026-07-12 00:21:00]   👤 用户仓库: 30 个 → 队列
[2026-07-12 00:21:00]   用户 stfzy 共查 30 个仓库
[2026-07-12 00:21:00] 仓库 https://github.com/xuuaaannnn/cloudflare_temp_email (分支: main, size: 10210KB, pushed: 2026-07-11T06:06:14Z)
[2026-07-12 00:21:00] 🔗 开始 Fork 链追踪 (Autsunset/cloudflare_temp_email)
[2026-07-12 00:21:00] 仓库 https://github.com/youjiaping123/cloudflare_temp_email 无候选文件 (总计 418 blob, 扩展名过滤 278, processed_shas 跳过 2, SHA 缓存跳过 138)
[2026-07-12 00:21:00] 🔗 查子仓库: youjiaping123/cloudflare_temp_email
[2026-07-12 00:21:00]   👤 用户仓库: 4 个 → 队列
[2026-07-12 00:21:00]   用户 wx2cyj 共查 4 个仓库
[2026-07-12 00:21:00] 仓库 https://github.com/fruitsugar9/cloudflare_temp_email (分支: main, size: 10210KB, pushed: 2026-07-11T06:06:14Z)
[2026-07-12 00:21:01]   父仓库: dreamhunter2333/cloudflare_temp_email
[2026-07-12 00:21:01] 仓库在黑名单中: https://github.com/dreamhunter2333/cloudflare_temp_email
[2026-07-12 00:21:01]   父仓库 +0 个节点
[2026-07-12 00:21:01] 仓库 https://github.com/xuuaaannnn/cloudflare_temp_email 无候选文件 (总计 418 blob, 扩展名过滤 278, processed_shas 跳过 2, SHA 缓存跳过 138)
[2026-07-12 00:21:01] 🔗 查子仓库: xuuaaannnn/cloudflare_temp_email
[2026-07-12 00:21:01] 仓库 https://github.com/fruitsugar9/cloudflare_temp_email 无候选文件 (总计 418 blob, 扩展名过滤 278, processed_shas 跳过 2, SHA 缓存跳过 138)
[2026-07-12 00:21:01] 🔗 查子仓库: fruitsugar9/cloudflare_temp_email
[2026-07-12 00:21:01] 🔗 开始 Fork 链追踪 (xuuaaannnn/cloudflare_temp_email)
[2026-07-12 00:21:01] 🔗 开始 Fork 链追踪 (fruitsugar9/cloudflare_temp_email)
[2026-07-12 00:21:01] ⏱️ [85/122] free v2rayng nodes pushed:>2026-07-10T15:34:46Z fork:true -l | 3s | +0
[2026-07-12 00:21:01]   👤 用户仓库: 30 个 → 队列
[2026-07-12 00:21:01]   用户 qlp3220813 共查 30 个仓库
[2026-07-12 00:21:01] 仓库 https://github.com/ark-soo/cloudflare_temp_email (分支: main, size: 10210KB, pushed: 2026-07-11T06:06:14Z)
[2026-07-12 00:21:01]   父仓库: dreamhunter2333/cloudflare_temp_email
[2026-07-12 00:21:01] 仓库在黑名单中: https://github.com/dreamhunter2333/cloudflare_temp_email
[2026-07-12 00:21:01]   父仓库 +0 个节点
[2026-07-12 00:21:01]   父仓库: dreamhunter2333/cloudflare_temp_email
[2026-07-12 00:21:01] 仓库在黑名单中: https://github.com/dreamhunter2333/cloudflare_temp_email
[2026-07-12 00:21:01]   父仓库 +0 个节点
[2026-07-12 00:21:01]   👤 用户仓库: 30 个 → 队列
[2026-07-12 00:21:01]   用户 zhangx16 共查 30 个仓库
[2026-07-12 00:21:01] 仓库 https://github.com/kimi2062/cloudflare_temp_email (分支: main, size: 10210KB, pushed: 2026-07-11T06:06:14Z)
[2026-07-12 00:21:01] 仓库 https://github.com/ark-soo/cloudflare_temp_email 无候选文件 (总计 418 blob, 扩展名过滤 278, processed_shas 跳过 2, SHA 缓存跳过 138)
[2026-07-12 00:21:01] 🔗 查子仓库: ark-soo/cloudflare_temp_email
[2026-07-12 00:21:01] 🔗 开始 Fork 链追踪 (ark-soo/cloudflare_temp_email)
[2026-07-12 00:21:01] 👤 遍历用户仓库: Autsunset
[2026-07-12 00:21:01] 仓库 https://github.com/kimi2062/cloudflare_temp_email 无候选文件 (总计 418 blob, 扩展名过滤 278, processed_shas 跳过 2, SHA 缓存跳过 138)
[2026-07-12 00:21:01] 🔗 查子仓库: kimi2062/cloudflare_temp_email
[2026-07-12 00:21:01] forks of dreamhunter2333/cloudflare_temp_email (p2) 返回 403 (尝试 1/2)
[2026-07-12 00:21:01] 触发限流，等待 834s ...
[2026-07-12 00:21:01]   父仓库: dreamhunter2333/cloudflare_temp_email
[2026-07-12 00:21:01] 仓库在黑名单中: https://github.com/dreamhunter2333/cloudflare_temp_email
[2026-07-12 00:21:01]   父仓库 +0 个节点
[2026-07-12 00:21:01] forks of dreamhunter2333/cloudflare_temp_email (p1) 返回 403 (尝试 1/2)
[2026-07-12 00:21:01] 触发限流，等待 834s ...
[2026-07-12 00:21:01] 🔗 开始 Fork 链追踪 (kimi2062/cloudflare_temp_email)
[2026-07-12 00:21:01] forks of dreamhunter2333/cloudflare_temp_email (p2) 返回 403 (尝试 1/2)
[2026-07-12 00:21:01] 触发限流，等待 834s ...
[2026-07-12 00:21:01] 🔗 开始 Fork 链追踪 (youjiaping123/cloudflare_temp_email)
[2026-07-12 00:21:02]   父仓库: dreamhunter2333/cloudflare_temp_email
[2026-07-12 00:21:02] 仓库在黑名单中: https://github.com/dreamhunter2333/cloudflare_temp_email
[2026-07-12 00:21:02]   父仓库 +0 个节点
[2026-07-12 00:21:02] forks of dreamhunter2333/cloudflare_temp_email (p1) 返回 403 (尝试 1/2)
[2026-07-12 00:21:02] 触发限流，等待 833s ...
[2026-07-12 00:21:02]   父仓库: dreamhunter2333/cloudflare_temp_email
[2026-07-12 00:21:02] 仓库在黑名单中: https://github.com/dreamhunter2333/cloudflare_temp_email
[2026-07-12 00:21:02]   父仓库 +0 个节点
[2026-07-12 00:21:02] forks of dreamhunter2333/cloudflare_temp_email (p1) 返回 403 (尝试 1/2)
[2026-07-12 00:21:02] 触发限流，等待 833s ...
[2026-07-12 00:21:02] user repos Autsunset (p2) 返回 403 (尝试 1/2)
[2026-07-12 00:21:02] 触发限流，等待 833s ...
[2026-07-12 00:21:02] user repos Yiyi-philosophy (p3) 返回 403 (尝试 1/2)
[2026-07-12 00:21:02] 触发限流，等待 833s ...
[2026-07-12 00:21:02] user repos x-dr (p2) 返回 403 (尝试 1/2)
[2026-07-12 00:21:02] 触发限流，等待 833s ...
[2026-07-12 00:21:03] ⏱️ [86/122] free clash meta nodes pushed:>2026-07-10T15:34:46Z fork:true | 2s | +0
[2026-07-12 00:21:06] ⏱️ [87/122] free mihomo nodes pushed:>2026-07-10T15:34:46Z fork:true -la | 2s | +0
[2026-07-12 00:21:08] ⏱️ [88/122] free proxy scraper pushed:>2026-07-10T15:34:46Z fork:true -l | 3s | +0
[2026-07-12 00:21:11] ⏱️ [89/122] free proxy spider pushed:>2026-07-10T15:34:46Z fork:true -la | 2s | +0
[2026-07-12 00:21:13] ⏱️ [90/122] free proxy bot pushed:>2026-07-10T15:34:46Z fork:true -langu | 3s | +0
[2026-07-12 00:21:16] 搜索第2页 返回 403 (尝试 1/2)
[2026-07-12 00:21:16] 触发限流，等待 19s ...
[2026-07-12 00:21:35] ⏱️ [91/122] topic:proxypool pushed:>2026-07-10T15:34:47Z fork:true | 22s | +0
[2026-07-12 00:21:47] ⏱️ [92/122] topic:v2ray pushed:>2026-07-10T15:34:47Z fork:true | 12s | +0
[2026-07-12 00:21:51] ⏱️ [93/122] topic:sing-box pushed:>2026-07-10T15:34:47Z fork:true | 4s | +0
[2026-07-12 00:21:55] ⏱️ [94/122] topic:hysteria2 pushed:>2026-07-10T15:34:47Z fork:true | 3s | +0
[2026-07-12 00:21:59] ⏱️ [95/122] topic:mihomo pushed:>2026-07-10T15:34:47Z fork:true | 4s | +0
[2026-07-12 00:22:10] ⏱️ [96/122] topic:clash pushed:>2026-07-10T15:34:47Z fork:true | 11s | +0
[2026-07-12 00:22:12] ⏱️ [97/122] topic:subconverter pushed:>2026-07-10T15:34:47Z fork:true | 2s | +0
[2026-07-12 00:22:20] ⏱️ [98/122] topic:shadowsocks pushed:>2026-07-10T15:34:47Z fork:true | 8s | +0
[2026-07-12 00:22:28] ⏱️ [99/122] topic:wireguard pushed:>2026-07-10T15:34:47Z fork:true | 8s | +0
[2026-07-12 00:22:32] ⏱️ [100/122] topic:free-proxy pushed:>2026-07-10T15:34:47Z fork:true | 4s | +0
[2026-07-12 00:22:38] ⏱️ [101/122] topic:proxy-list pushed:>2026-07-10T15:34:47Z fork:true | 7s | +0
[2026-07-12 00:22:41] ⏱️ [102/122] topic:v2ray-nodes pushed:>2026-07-10T15:34:47Z fork:true | 2s | +0
[2026-07-12 00:34:55]   👤 用户仓库: 29 个 → 队列
[2026-07-12 00:34:55]   用户 Autsunset 共查 29 个仓库
[2026-07-12 00:34:55] 仓库 https://github.com/entheosl/cloudflare_temp_email (分支: main, size: 10210KB, pushed: 2026-07-11T06:06:14Z)
[2026-07-12 00:34:55]   👤 用户仓库: 30 个 → 队列
[2026-07-12 00:34:55]   用户 Yiyi-philosophy 共查 30 个仓库
[2026-07-12 00:34:55] 仓库 https://github.com/iyangl/cloudflare_temp_email (分支: main, size: 10210KB, pushed: 2026-07-11T06:06:14Z)
[2026-07-12 00:34:55]   👤 用户仓库: 30 个 → 队列
[2026-07-12 00:34:55]   用户 x-dr 共查 30 个仓库
[2026-07-12 00:34:55] 仓库 https://github.com/qzzq2002/cloudflare_temp_email (分支: main, size: 10210KB, pushed: 2026-07-11T06:06:14Z)
[2026-07-12 00:34:55] ⚠️ Worker 异常: qzzq2002/cloudflare_temp_email: 限流超限
[2026-07-12 00:34:55] 仓库 https://github.com/mobaidu666-hub/cloudflare_temp_email (分支: main, size: 10210KB, pushed: 2026-07-11T06:06:14Z)
[2026-07-12 00:34:55] ⚠️ Worker 异常: mobaidu666-hub/cloudflare_temp_email: 限流超限
[2026-07-12 00:34:55] 仓库 https://github.com/Elijah-Guo/cloudflare_temp_email (分支: main, size: 10210KB, pushed: 2026-07-11T06:06:14Z)
[2026-07-12 00:34:55] ⚠️ Worker 异常: Elijah-Guo/cloudflare_temp_email: 限流超限
[2026-07-12 00:34:55] 仓库 https://github.com/antikvo/cloudflare_temp_email (分支: main, size: 10210KB, pushed: 2026-07-11T06:06:14Z)
[2026-07-12 00:34:55] ⚠️ Worker 异常: antikvo/cloudflare_temp_email: 限流超限
[2026-07-12 00:34:55] 仓库 https://github.com/hailuo1122/cloudflare_temp_email (分支: main, size: 10210KB, pushed: 2026-07-11T06:06:14Z)
[2026-07-12 00:34:55] ⚠️ Worker 异常: hailuo1122/cloudflare_temp_email: 限流超限
[2026-07-12 00:34:55] 仓库 https://github.com/lulu1113/cloudflare_temp_email (分支: main, size: 10210KB, pushed: 2026-07-11T06:06:14Z)
[2026-07-12 00:34:55] ⚠️ Worker 异常: lulu1113/cloudflare_temp_email: 限流超限
[2026-07-12 00:34:55] 仓库 https://github.com/czp0312/cloudflare_temp_email (分支: main, size: 10210KB, pushed: 2026-07-11T06:06:14Z)
[2026-07-12 00:34:55] ⚠️ Worker 异常: czp0312/cloudflare_temp_email: 限流超限
[2026-07-12 00:34:55] 仓库 https://github.com/zsystemx/cloudflare_temp_email (分支: main, size: 10210KB, pushed: 2026-07-11T06:06:14Z)
[2026-07-12 00:34:55] ⚠️ Worker 异常: zsystemx/cloudflare_temp_email: 限流超限
[2026-07-12 00:34:55] 仓库 https://github.com/awf-forge/cloudflare_temp_email (分支: main, size: 10210KB, pushed: 2026-07-11T06:06:14Z)
[2026-07-12 00:34:55] ⚠️ Worker 异常: awf-forge/cloudflare_temp_email: 限流超限
[2026-07-12 00:34:55] 仓库 https://github.com/OtwakO/cloudflare_temp_email (分支: main, size: 10210KB, pushed: 2026-07-11T06:06:14Z)
[2026-07-12 00:34:55] ⚠️ Worker 异常: OtwakO/cloudflare_temp_email: 限流超限
[2026-07-12 00:34:55] 仓库 https://github.com/ench2/cloudflare_temp_email (分支: main, size: 10210KB, pushed: 2026-07-11T06:06:14Z)
[2026-07-12 00:34:55] ⚠️ Worker 异常: ench2/cloudflare_temp_email: 限流超限
[2026-07-12 00:34:55] 仓库 https://github.com/kunish/cloudflare_temp_email (分支: main, size: 10210KB, pushed: 2026-07-11T06:06:14Z)
[2026-07-12 00:34:55] ⚠️ Worker 异常: kunish/cloudflare_temp_email: 限流超限
[2026-07-12 00:34:55] 仓库 https://github.com/Agu168/cloudflare_temp_email (分支: main, size: 10210KB, pushed: 2026-07-11T06:06:14Z)
[2026-07-12 00:34:55] ⚠️ Worker 异常: Agu168/cloudflare_temp_email: 限流超限
[2026-07-12 00:34:55] 仓库 https://github.com/quttloy/cloudflare_temp_email (分支: main, size: 10210KB, pushed: 2026-07-11T06:06:14Z)
[2026-07-12 00:34:55] ⚠️ Worker 异常: quttloy/cloudflare_temp_email: 限流超限
[2026-07-12 00:34:55] 仓库 https://github.com/king233333/cloudflare_temp_email (分支: main, size: 10210KB, pushed: 2026-07-11T06:06:14Z)
[2026-07-12 00:34:55] ⚠️ Worker 异常: king233333/cloudflare_temp_email: 限流超限
[2026-07-12 00:34:55] 仓库 https://github.com/bzym2/cloudflare_temp_email (分支: main, size: 10208KB, pushed: 2026-07-11T06:06:14Z)
[2026-07-12 00:34:55] ⚠️ Worker 异常: bzym2/cloudflare_temp_email: 限流超限
[2026-07-12 00:34:55] 仓库 https://github.com/wangl886/cloudflare_temp_email (分支: main, size: 10210KB, pushed: 2026-07-11T06:06:14Z)
[2026-07-12 00:34:55] ⚠️ Worker 异常: wangl886/cloudflare_temp_email: 限流超限
[2026-07-12 00:34:55] 仓库 https://github.com/HUGHHUXIAOJUN/cloudflare_temp_email (分支: main, size: 10210KB, pushed: 2026-07-11T06:06:14Z)
[2026-07-12 00:34:55] ⚠️ Worker 异常: HUGHHUXIAOJUN/cloudflare_temp_email: 限流超限
[2026-07-12 00:34:55] 仓库 https://github.com/lulu-1113/cloudflare_temp_email (分支: main, size: 10210KB, pushed: 2026-07-11T06:06:14Z)
[2026-07-12 00:34:55] ⚠️ Worker 异常: lulu-1113/cloudflare_temp_email: 限流超限
[2026-07-12 00:34:55] 仓库 https://github.com/QT-7274/cloudflare_temp_email (分支: main, size: 10210KB, pushed: 2026-07-11T06:06:14Z)
[2026-07-12 00:34:55] ⚠️ Worker 异常: QT-7274/cloudflare_temp_email: 限流超限
[2026-07-12 00:34:55] 仓库 https://github.com/Nancy0308/GHK (分支: main, size: 37813KB, pushed: 2026-07-11T06:03:23Z)
[2026-07-12 00:34:55] ⚠️ Worker 异常: Nancy0308/GHK: 限流超限
[2026-07-12 00:34:55] 仓库 https://github.com/Maxkinger/code-roadmap (分支: main, size: 6725KB, pushed: 2026-07-11T05:50:01Z)
[2026-07-12 00:34:55] ⚠️ Worker 异常: Maxkinger/code-roadmap: 限流超限
[2026-07-12 00:34:55] 仓库 https://github.com/ylorraine8/claude-code-feishu-tag (分支: main, size: 5KB, pushed: 2026-07-11T05:46:35Z)
[2026-07-12 00:34:55] ⚠️ Worker 异常: ylorraine8/claude-code-feishu-tag: 限流超限
[2026-07-12 00:34:55] 仓库 https://github.com/s78910/Free-LLM-Collection (分支: main, size: 24247KB, pushed: 2026-07-11T05:30:40Z)
[2026-07-12 00:34:55] ⚠️ Worker 异常: s78910/Free-LLM-Collection: 限流超限
[2026-07-12 00:34:55] 仓库 https://github.com/lygao-123/docker_image_pusher (分支: main, size: 746KB, pushed: 2026-07-11T05:08:03Z)
[2026-07-12 00:34:55] ⚠️ Worker 异常: lygao-123/docker_image_pusher: 限流超限
[2026-07-12 00:34:55] 仓库 https://github.com/fxxisme/cloudflare_temp_email-1 (分支: main, size: 10141KB, pushed: 2026-07-11T04:58:27Z)
[2026-07-12 00:34:55] ⚠️ Worker 异常: fxxisme/cloudflare_temp_email-1: 限流超限
[2026-07-12 00:34:55] 仓库 https://github.com/dongwangxingchen/dongfangai (分支: main, size: 408KB, pushed: 2026-07-11T04:51:23Z)
[2026-07-12 00:34:55] ⚠️ Worker 异常: dongwangxingchen/dongfangai: 限流超限
[2026-07-12 00:34:55] 仓库 https://github.com/nellekr/awesome-zhuiju-free (分支: main, size: 801KB, pushed: 2026-07-11T04:44:20Z)
[2026-07-12 00:34:55] ⚠️ Worker 异常: nellekr/awesome-zhuiju-free: 限流超限
[2026-07-12 00:34:55] 仓库 https://github.com/mliangw/cloudflare_temp_email (分支: main, size: 10144KB, pushed: 2026-07-11T04:38:03Z)
[2026-07-12 00:34:55] ⚠️ Worker 异常: mliangw/cloudflare_temp_email: 限流超限
[2026-07-12 00:34:55] 仓库 https://github.com/changzhaoCZ/legado-E-f (分支: main, size: 45434KB, pushed: 2026-07-11T04:36:00Z)
[2026-07-12 00:34:55] ⚠️ Worker 异常: changzhaoCZ/legado-E-f: 限流超限
[2026-07-12 00:34:55] 仓库 https://github.com/githubtvbox/live (分支: main, size: 1697008KB, pushed: 2026-07-11T04:02:36Z)
[2026-07-12 00:34:55] ⚠️ Worker 异常: githubtvbox/live: 限流超限
[2026-07-12 00:34:55] 仓库 https://github.com/for-the-zero/Free-LLM-Collection (分支: main, size: 24282KB, pushed: 2026-07-11T03:56:56Z)
[2026-07-12 00:34:55] ⚠️ Worker 异常: for-the-zero/Free-LLM-Collection: 限流超限
[2026-07-12 00:34:55] 仓库 https://github.com/jm6-lang/jm6-lang (分支: main, size: 75KB, pushed: 2026-07-11T03:51:50Z)
[2026-07-12 00:34:55] ⚠️ Worker 异常: jm6-lang/jm6-lang: 限流超限
[2026-07-12 00:34:55] 仓库 https://github.com/alchaincyf/doubao-search-mcp (分支: master, size: 61KB, pushed: 2026-07-11T03:50:53Z)
[2026-07-12 00:34:55] ⚠️ Worker 异常: alchaincyf/doubao-search-mcp: 限流超限
[2026-07-12 00:34:55] 仓库 https://github.com/YFTree/ClashNodes (分支: main, size: 9246KB, pushed: 2026-07-11T03:50:27Z)
[2026-07-12 00:34:55] ⚠️ Worker 异常: YFTree/ClashNodes: 限流超限
[2026-07-12 00:34:55] 仓库 https://github.com/slashiewn/ClashNodes (分支: main, size: 9278KB, pushed: 2026-07-11T03:50:11Z)
[2026-07-12 00:34:55] ⚠️ Worker 异常: slashiewn/ClashNodes: 限流超限
[2026-07-12 00:34:55] 仓库 https://github.com/boy-lin/MarkRs (分支: main, size: 19617KB, pushed: 2026-07-11T03:49:18Z)
[2026-07-12 00:34:55] ⚠️ Worker 异常: boy-lin/MarkRs: 限流超限
[2026-07-12 00:34:55] 仓库 https://github.com/muks999/Clash-Vless-convert (分支: main, size: 17880KB, pushed: 2026-07-11T16:03:12Z)
[2026-07-12 00:34:55] ⚠️ Worker 异常: muks999/Clash-Vless-convert: 限流超限
[2026-07-12 00:34:55] 仓库 https://github.com/YangLang116/auto_gen (分支: master, size: 9501KB, pushed: 2026-07-11T15:59:07Z)
[2026-07-12 00:34:55] ⚠️ Worker 异常: YangLang116/auto_gen: 限流超限
[2026-07-12 00:34:55] 仓库 https://github.com/chuanzhuo/local_clash_servers (分支: master, size: 1931KB, pushed: 2026-07-11T03:51:30Z)
[2026-07-12 00:34:55] ⚠️ Worker 异常: chuanzhuo/local_clash_servers: 限流超限
[2026-07-12 00:34:55] 仓库 https://github.com/ShatakVPN/ConfigForge-V2Ray (分支: main, size: 4670372KB, pushed: 2026-07-11T16:17:28Z)
[2026-07-12 00:34:55] ⚠️ Worker 异常: ShatakVPN/ConfigForge-V2Ray: 限流超限
[2026-07-12 00:34:55] 仓库 https://github.com/mfranjbar/ConfigForge-V2Ray (分支: main, size: 4666733KB, pushed: 2026-07-11T16:15:26Z)
[2026-07-12 00:34:55] ⚠️ Worker 异常: mfranjbar/ConfigForge-V2Ray: 限流超限
[2026-07-12 00:34:55] 仓库 https://github.com/pandaedward/ProxyCollector (分支: master, size: 210242KB, pushed: 2026-07-11T15:58:06Z)
[2026-07-12 00:34:55] ⚠️ Worker 异常: pandaedward/ProxyCollector: 限流超限
[2026-07-12 00:34:55] 仓库 https://github.com/David3e234234/ConfigForge-V2Ray (分支: main, size: 9694KB, pushed: 2026-07-11T15:52:05Z)
[2026-07-12 00:34:55] ⚠️ Worker 异常: David3e234234/ConfigForge-V2Ray: 限流超限
[2026-07-12 00:34:55] 仓库 https://github.com/klawiat/ConfigForge-V2Ray (分支: main, size: 4595736KB, pushed: 2026-07-11T15:40:56Z)
[2026-07-12 00:34:55] ⚠️ Worker 异常: klawiat/ConfigForge-V2Ray: 限流超限
[2026-07-12 00:34:55] 仓库 https://github.com/Caocao1214/ConfigForge-V2Ray (分支: main, size: 4617983KB, pushed: 2026-07-11T15:40:26Z)
[2026-07-12 00:34:55] ⚠️ Worker 异常: Caocao1214/ConfigForge-V2Ray: 限流超限
[2026-07-12 00:34:55] 仓库 https://github.com/johnadoe/ConfigForge-V2Ray (分支: main, size: 4661354KB, pushed: 2026-07-11T15:02:06Z)
[2026-07-12 00:34:55] ⚠️ Worker 异常: johnadoe/ConfigForge-V2Ray: 限流超限
[2026-07-12 00:34:55] 仓库 https://github.com/bandit139/ProxyCollector (分支: master, size: 43332KB, pushed: 2026-07-11T13:44:32Z)
[2026-07-12 00:34:55] ⚠️ Worker 异常: bandit139/ProxyCollector: 限流超限
[2026-07-12 00:34:55] 仓库 https://github.com/Mahdi0024/ProxyCollector (分支: master, size: 43273KB, pushed: 2026-07-11T13:22:21Z)
[2026-07-12 00:34:55] ⚠️ Worker 异常: Mahdi0024/ProxyCollector: 限流超限
[2026-07-12 00:34:55] 仓库 https://github.com/OldManSpb/ProxyCollector (分支: master, size: 43430KB, pushed: 2026-07-11T10:17:37Z)
[2026-07-12 00:34:55] ⚠️ Worker 异常: OldManSpb/ProxyCollector: 限流超限
[2026-07-12 00:34:55] 仓库 https://github.com/timberseoul/domain-list-custom (分支: master, size: 1413KB, pushed: 2026-07-10T18:50:49Z)
[2026-07-12 00:34:55] ⚠️ Worker 异常: timberseoul/domain-list-custom: 限流超限
[2026-07-12 00:34:55] 仓库 https://github.com/mobinsamadir/ivpn-servers (分支: main, size: 91446KB, pushed: 2026-07-11T02:51:34Z)
[2026-07-12 00:34:55] ⚠️ Worker 异常: mobinsamadir/ivpn-servers: 限流超限
[2026-07-12 00:34:55] 仓库 https://github.com/LexterS999/tg_id_scraper (分支: main, size: 403KB, pushed: 2026-07-11T15:58:18Z)
[2026-07-12 00:34:55] ⚠️ Worker 异常: LexterS999/tg_id_scraper: 限流超限
[2026-07-12 00:34:55] 仓库 https://github.com/alihusainsorathiya/TelegramV2rayCollector (分支: main, size: 1037011KB, pushed: 2026-07-11T16:05:29Z)
[2026-07-12 00:34:55] ⚠️ Worker 异常: alihusainsorathiya/TelegramV2rayCollector: 限流超限
[2026-07-12 00:34:55] 仓库 https://github.com/VinoosIr/TelegramV2rayCollector (分支: main, size: 13002KB, pushed: 2026-07-11T15:53:39Z)
[2026-07-12 00:34:55] ⚠️ Worker 异常: VinoosIr/TelegramV2rayCollector: 限流超限
[2026-07-12 00:34:55] 仓库 https://github.com/asghariali1/TelegramV2rayCollector (分支: main, size: 74526KB, pushed: 2026-07-11T02:39:43Z)
[2026-07-12 00:34:55] ⚠️ Worker 异常: asghariali1/TelegramV2rayCollector: 限流超限
[2026-07-12 00:34:55] 仓库 https://github.com/sky-bon/ProxyCollector (分支: main, size: 1290KB, pushed: 2026-07-11T15:52:59Z)
[2026-07-12 00:34:55] ⚠️ Worker 异常: sky-bon/ProxyCollector: 限流超限
[2026-07-12 00:34:55] 仓库 https://github.com/Thordata/how-to-bypass-amazon-captcha-when-scraping (分支: main, size: 89KB, pushed: 2026-07-10T17:04:18Z)
[2026-07-12 00:34:55] ⚠️ Worker 异常: Thordata/how-to-bypass-amazon-captcha-when-scraping: 限流超限
[2026-07-12 00:34:55] 仓库 https://github.com/thomasproject-stack/gcc-re-intel-bot (分支: main, size: 157KB, pushed: 2026-07-11T04:48:21Z)
[2026-07-12 00:34:55] ⚠️ Worker 异常: thomasproject-stack/gcc-re-intel-bot: 限流超限
[2026-07-12 00:34:55] 仓库 https://github.com/whoahaow/rjsxrd (分支: main, size: 17762KB, pushed: 2026-07-11T16:14:24Z)
[2026-07-12 00:34:55] ⚠️ Worker 异常: whoahaow/rjsxrd: 限流超限
[2026-07-12 00:34:55] 仓库 https://github.com/MustafaBaqer/VestraNet-Nodes (分支: main, size: 6943619KB, pushed: 2026-07-11T16:13:28Z)
[2026-07-12 00:34:55] ⚠️ Worker 异常: MustafaBaqer/VestraNet-Nodes: 限流超限
[2026-07-12 00:34:55] 仓库 https://github.com/Hidashimora/free-vpn-anti-rkn (分支: main, size: 1089044KB, pushed: 2026-07-11T16:11:14Z)
[2026-07-12 00:34:55] ⚠️ Worker 异常: Hidashimora/free-vpn-anti-rkn: 限流超限
[2026-07-12 00:34:55] 仓库 https://github.com/VOID-Anonymity/V.O.I.D-VPN_Bypass (分支: main, size: 134203KB, pushed: 2026-07-11T16:11:01Z)
[2026-07-12 00:34:55] ⚠️ Worker 异常: VOID-Anonymity/V.O.I.D-VPN_Bypass: 限流超限
[2026-07-12 00:34:55] 仓库 https://github.com/FLAT447/v2ray-lists (分支: main, size: 419635KB, pushed: 2026-07-11T16:08:16Z)
[2026-07-12 00:34:55] ⚠️ Worker 异常: FLAT447/v2ray-lists: 限流超限
[2026-07-12 00:34:55] 仓库 https://github.com/ALIILAPRO/v2rayNG-Config (分支: main, size: 103043KB, pushed: 2026-07-11T16:05:50Z)
[2026-07-12 00:34:55] ⚠️ Worker 异常: ALIILAPRO/v2rayNG-Config: 限流超限
[2026-07-12 00:34:55] 仓库 https://github.com/Arianlavi/RebeldevConfig (分支: main, size: 19993KB, pushed: 2026-07-11T16:02:26Z)
[2026-07-12 00:34:55] ⚠️ Worker 异常: Arianlavi/RebeldevConfig: 限流超限
[2026-07-12 00:34:55] 仓库 https://github.com/SoliSpirit/SolVPN (分支: main, size: 117060KB, pushed: 2026-07-11T16:02:04Z)
[2026-07-12 00:34:55] ⚠️ Worker 异常: SoliSpirit/SolVPN: 限流超限
[2026-07-12 00:34:55] 仓库 https://github.com/Romaxa55/MegaV_Public (分支: main, size: 2846809KB, pushed: 2026-07-11T16:01:39Z)
[2026-07-12 00:34:55] ⚠️ Worker 异常: Romaxa55/MegaV_Public: 限流超限
[2026-07-12 00:34:55] 仓库 https://github.com/sakha1370/OpenRay (分支: main, size: 2618742KB, pushed: 2026-07-11T15:59:35Z)
[2026-07-12 00:34:55] ⚠️ Worker 异常: sakha1370/OpenRay: 限流超限
[2026-07-12 00:34:55] 仓库 https://github.com/igareck/vpn-configs-for-russia (分支: main, size: 106696KB, pushed: 2026-07-11T15:59:17Z)
[2026-07-12 00:34:55] ⚠️ Worker 异常: igareck/vpn-configs-for-russia: 限流超限
[2026-07-12 00:34:55] 仓库 https://github.com/T3stAcc/V2Ray (分支: main, size: 929959KB, pushed: 2026-07-11T15:58:33Z)
[2026-07-12 00:34:55] ⚠️ Worker 异常: T3stAcc/V2Ray: 限流超限
[2026-07-12 00:34:55] 仓库 https://github.com/Shayanthn/V2ray-Tester-Pro (分支: main, size: 244756KB, pushed: 2026-07-11T15:57:24Z)
[2026-07-12 00:34:55] ⚠️ Worker 异常: Shayanthn/V2ray-Tester-Pro: 限流超限
[2026-07-12 00:34:55] 仓库 https://github.com/LalatinaHub/Mineral (分支: master, size: 307844KB, pushed: 2026-07-11T15:55:23Z)
[2026-07-12 00:34:55] ⚠️ Worker 异常: LalatinaHub/Mineral: 限流超限
[2026-07-12 00:34:55] 仓库 https://github.com/R3ZARAHIMI/tg-v2ray-configs-every2h (分支: main, size: 132218KB, pushed: 2026-07-11T15:32:11Z)
[2026-07-12 00:34:55] ⚠️ Worker 异常: R3ZARAHIMI/tg-v2ray-configs-every2h: 限流超限
[2026-07-12 00:34:55] 仓库 https://github.com/flaafix/AetrisVPN-white-list-lite (分支: main, size: 1276KB, pushed: 2026-07-11T15:31:49Z)
[2026-07-12 00:34:55] ⚠️ Worker 异常: flaafix/AetrisVPN-white-list-lite: 限流超限
[2026-07-12 00:34:55] 仓库 https://github.com/MahanKenway/Freedom-V2Ray (分支: main, size: 196442KB, pushed: 2026-07-11T14:59:56Z)
[2026-07-12 00:34:55] ⚠️ Worker 异常: MahanKenway/Freedom-V2Ray: 限流超限
[2026-07-12 00:34:55] 仓库 https://github.com/MatinGhanbari/v2ray-configs (分支: main, size: 1303192KB, pushed: 2026-07-11T14:51:18Z)
[2026-07-12 00:34:55] ⚠️ Worker 异常: MatinGhanbari/v2ray-configs: 限流超限
[2026-07-12 00:34:55] 仓库 https://github.com/kasesm/Free-Config (分支: main, size: 108569KB, pushed: 2026-07-11T14:45:10Z)
[2026-07-12 00:34:55] ⚠️ Worker 异常: kasesm/Free-Config: 限流超限
[2026-07-12 00:34:55] 仓库 https://github.com/FrontierTM/Pantegnos (分支: main, size: 89KB, pushed: 2026-07-11T14:25:41Z)
[2026-07-12 00:34:55] ⚠️ Worker 异常: FrontierTM/Pantegnos: 限流超限
[2026-07-12 00:34:55] 仓库 https://github.com/sentinel-official/sentinel-dvpncli (分支: development, size: 508KB, pushed: 2026-07-11T13:14:26Z)
[2026-07-12 00:34:55] ⚠️ Worker 异常: sentinel-official/sentinel-dvpncli: 限流超限
[2026-07-12 00:34:55] 仓库 https://github.com/sentinel-official/sentinel-dvpnx (分支: development, size: 1645KB, pushed: 2026-07-11T13:08:31Z)
[2026-07-12 00:34:55] ⚠️ Worker 异常: sentinel-official/sentinel-dvpnx: 限流超限
[2026-07-12 00:34:55] 仓库 https://github.com/jdnei/WestData (分支: main, size: 12KB, pushed: 2026-07-11T12:59:14Z)
[2026-07-12 00:34:55] ⚠️ Worker 异常: jdnei/WestData: 限流超限
[2026-07-12 00:34:55] 仓库 https://github.com/hamedcode/port-based-v2ray-configs (分支: main, size: 1160867KB, pushed: 2026-07-11T12:48:40Z)
[2026-07-12 00:34:55] ⚠️ Worker 异常: hamedcode/port-based-v2ray-configs: 限流超限
[2026-07-12 00:34:55] 仓库 https://github.com/jichangtuijian-1024/anliangfufeijichang (分支: main, size: 107KB, pushed: 2026-07-11T12:12:09Z)
[2026-07-12 00:34:55] ⚠️ Worker 异常: jichangtuijian-1024/anliangfufeijichang: 限流超限
[2026-07-12 00:34:55] 仓库 https://github.com/motao123/x-ui (分支: main, size: 34636KB, pushed: 2026-07-11T09:57:32Z)
[2026-07-12 00:34:55] ⚠️ Worker 异常: motao123/x-ui: 限流超限
[2026-07-12 00:34:55] 仓库 https://github.com/vpnrecommend/vpnrecommend.github.io (分支: main, size: 34324KB, pushed: 2026-07-11T05:18:16Z)
[2026-07-12 00:34:55] ⚠️ Worker 异常: vpnrecommend/vpnrecommend.github.io: 限流超限
[2026-07-12 00:34:55] 仓库 https://github.com/LoneKingCode/free-proxy-db (分支: main, size: 306888KB, pushed: 2026-07-11T04:00:13Z)
[2026-07-12 00:34:55] ⚠️ Worker 异常: LoneKingCode/free-proxy-db: 限流超限
[2026-07-12 00:34:55] 仓库 https://github.com/flclash-us/sub-converter-ccyfuh (分支: main, size: 3KB, pushed: 2026-07-11T03:04:42Z)
[2026-07-12 00:34:55] ⚠️ Worker 异常: flclash-us/sub-converter-ccyfuh: 限流超限
[2026-07-12 00:34:55] 仓库 https://github.com/Islagagnon365287/top-4-vpn-android-2026 (分支: main, size: 8KB, pushed: 2026-07-10T19:18:43Z)
[2026-07-12 00:34:55] ⚠️ Worker 异常: Islagagnon365287/top-4-vpn-android-2026: 限流超限
[2026-07-12 00:34:55] 仓库 https://github.com/mehdiyahyavi/ZinixRobot (分支: main, size: 11KB, pushed: 2026-07-10T16:38:47Z)
[2026-07-12 00:34:55] ⚠️ Worker 异常: mehdiyahyavi/ZinixRobot: 限流超限
[2026-07-12 00:34:55] 仓库 https://github.com/JegoVPN/sbcv (分支: main, size: 4869KB, pushed: 2026-07-11T16:00:44Z)
[2026-07-12 00:34:55] ⚠️ Worker 异常: JegoVPN/sbcv: 限流超限
[2026-07-12 00:34:55] 仓库 https://github.com/roriruri9370/Whitelist-bypass (分支: main, size: 1974KB, pushed: 2026-07-11T16:00:40Z)
[2026-07-12 00:34:55] ⚠️ Worker 异常: roriruri9370/Whitelist-bypass: 限流超限
[2026-07-12 00:34:55] 仓库 https://github.com/huanfeng123/xboard-node-ao3 (分支: main, size: 359KB, pushed: 2026-07-11T11:49:08Z)
[2026-07-12 00:34:55] ⚠️ Worker 异常: huanfeng123/xboard-node-ao3: 限流超限
[2026-07-12 00:34:55] 仓库 https://github.com/d43m0n4rch7/sing-box (分支: main, size: 25821KB, pushed: 2026-07-11T09:58:18Z)
[2026-07-12 00:34:55] ⚠️ Worker 异常: d43m0n4rch7/sing-box: 限流超限
[2026-07-12 00:34:55] 仓库 https://github.com/imengying/AeroBoxForAndroid (分支: main, size: 1086KB, pushed: 2026-07-11T09:09:42Z)
[2026-07-12 00:34:55] ⚠️ Worker 异常: imengying/AeroBoxForAndroid: 限流超限
[2026-07-12 00:34:55] 仓库 https://github.com/demarcush/breakfree (分支: master, size: 216440KB, pushed: 2026-07-11T01:29:12Z)
[2026-07-12 00:34:55] ⚠️ Worker 异常: demarcush/breakfree: 限流超限
[2026-07-12 00:34:55] 仓库 https://github.com/theyhatelose/tunnelcrab (分支: main, size: 660KB, pushed: 2026-07-10T22:13:32Z)
[2026-07-12 00:34:55] ⚠️ Worker 异常: theyhatelose/tunnelcrab: 限流超限
[2026-07-12 00:34:55] 仓库 https://github.com/Omegaplexx/Happwner (分支: main, size: 1201KB, pushed: 2026-07-10T21:40:41Z)
[2026-07-12 00:34:55] ⚠️ Worker 异常: Omegaplexx/Happwner: 限流超限
[2026-07-12 00:34:55] 仓库 https://github.com/framki/lt-rtk-ban (分支: main, size: 2KB, pushed: 2026-07-10T19:52:20Z)
[2026-07-12 00:34:55] ⚠️ Worker 异常: framki/lt-rtk-ban: 限流超限
[2026-07-12 00:34:55] ⏭️ 仓库 https://github.com/Omegaplexx/hpwnr 25h 未更新，跳过
[2026-07-12 00:34:55] ⏭️ 仓库 https://github.com/Sjeary/ShareGPT 25h 未更新，跳过
[2026-07-12 00:34:55] 仓库 https://github.com/wlunlocker/vpn-configs (分支: main, size: 9322KB, pushed: 2026-07-11T16:03:08Z)
[2026-07-12 00:34:55] ⚠️ Worker 异常: wlunlocker/vpn-configs: 限流超限
[2026-07-12 00:34:55] 仓库 https://github.com/Flirexa/flirexa (分支: main, size: 23787KB, pushed: 2026-07-11T10:53:02Z)
[2026-07-12 00:34:55] ⚠️ Worker 异常: Flirexa/flirexa: 限流超限
[2026-07-12 00:34:55] 仓库 https://github.com/mdaltoon10/D-UI (分支: main, size: 10126KB, pushed: 2026-07-11T04:52:38Z)
[2026-07-12 00:34:55] ⚠️ Worker 异常: mdaltoon10/D-UI: 限流超限
[2026-07-12 00:34:55] 仓库 https://github.com/flclash-us/proxy-protocol-compare-tusnj1 (分支: main, size: 3KB, pushed: 2026-07-11T03:02:56Z)
[2026-07-12 00:34:55] ⚠️ Worker 异常: flclash-us/proxy-protocol-compare-tusnj1: 限流超限
[2026-07-12 00:34:55] 仓库 https://github.com/Sitoi/ClashBar (分支: main, size: 8213KB, pushed: 2026-07-11T02:04:14Z)
[2026-07-12 00:34:55] ⚠️ Worker 异常: Sitoi/ClashBar: 限流超限
[2026-07-12 00:34:55] 仓库 https://github.com/Watfaq/clash-rs (分支: master, size: 33406KB, pushed: 2026-07-11T00:26:30Z)
[2026-07-12 00:34:55] ⚠️ Worker 异常: Watfaq/clash-rs: 限流超限
[2026-07-12 00:34:55] 仓库 https://github.com/QiuSimons/YAOF (分支: 25.12, size: 3518KB, pushed: 2026-07-10T19:46:37Z)
[2026-07-12 00:34:55] ⚠️ Worker 异常: QiuSimons/YAOF: 限流超限
[2026-07-12 00:34:55] ⚠️ 仓库 https://github.com/luestr/ShuntRules 大小为 0，跳过
[2026-07-12 00:34:55] 仓库 https://github.com/flaafix/AetrisVPN-black-list (分支: main, size: 2991KB, pushed: 2026-07-11T15:43:12Z)
[2026-07-12 00:34:55] ⚠️ Worker 异常: flaafix/AetrisVPN-black-list: 限流超限
[2026-07-12 00:34:55] 仓库 https://github.com/reddxae/MaterialXray (分支: master, size: 65966KB, pushed: 2026-07-11T15:33:32Z)
[2026-07-12 00:34:55] ⚠️ Worker 异常: reddxae/MaterialXray: 限流超限
[2026-07-12 00:34:55] 仓库 https://github.com/flaafix/AetrisVPN (分支: main, size: 4714KB, pushed: 2026-07-11T15:28:02Z)
[2026-07-12 00:34:55] ⚠️ Worker 异常: flaafix/AetrisVPN: 限流超限
[2026-07-12 00:34:55] 仓库 https://github.com/kudryash0vv/kudryash0vv.YKTFLOW (分支: main, size: 701007KB, pushed: 2026-07-11T13:59:25Z)
[2026-07-12 00:34:55] ⚠️ Worker 异常: kudryash0vv/kudryash0vv.YKTFLOW: 限流超限
[2026-07-12 00:34:55] 仓库 https://github.com/anonymouskeys/Vpn (分支: main, size: 991KB, pushed: 2026-07-11T13:43:08Z)
[2026-07-12 00:34:55] ⚠️ Worker 异常: anonymouskeys/Vpn: 限流超限
[2026-07-12 00:34:55] 仓库 https://github.com/fun90/AirOpsCat (分支: dev, size: 11340KB, pushed: 2026-07-11T13:44:33Z)
[2026-07-12 00:34:55] ⚠️ Worker 异常: fun90/AirOpsCat: 限流超限
[2026-07-12 00:34:55] 仓库 https://github.com/xjasonlyu/tun2socks (分支: main, size: 6535KB, pushed: 2026-07-11T06:59:32Z)
[2026-07-12 00:34:55] ⚠️ Worker 异常: xjasonlyu/tun2socks: 限流超限
[2026-07-12 00:34:55] 仓库 https://github.com/xieou/psnd (分支: main, size: 21031KB, pushed: 2026-07-11T02:04:30Z)
[2026-07-12 00:34:55] ⚠️ Worker 异常: xieou/psnd: 限流超限
[2026-07-12 00:34:55] 仓库 https://github.com/sheiyll/SyUK (分支: main, size: 21031KB, pushed: 2026-07-11T01:26:10Z)
[2026-07-12 00:34:55] ⚠️ Worker 异常: sheiyll/SyUK: 限流超限
[2026-07-12 00:34:55] 仓库 https://github.com/passteque/gluetun (分支: master, size: 19115KB, pushed: 2026-07-10T18:14:39Z)
[2026-07-12 00:34:55] ⚠️ Worker 异常: passteque/gluetun: 限流超限
[2026-07-12 00:34:55] 仓库 https://github.com/andrewthomaslee/home (分支: main, size: 5779KB, pushed: 2026-07-11T16:05:45Z)
[2026-07-12 00:34:55] ⚠️ Worker 异常: andrewthomaslee/home: 限流超限
[2026-07-12 00:34:55] 仓库 https://github.com/frkn-dev/fcore (分支: main, size: 8589KB, pushed: 2026-07-11T16:04:53Z)
[2026-07-12 00:34:55] ⚠️ Worker 异常: frkn-dev/fcore: 限流超限
[2026-07-12 00:34:55] 仓库 https://github.com/tomdee2/snorkel (分支: main, size: 323KB, pushed: 2026-07-11T15:26:29Z)
[2026-07-12 00:34:55] ⚠️ Worker 异常: tomdee2/snorkel: 限流超限
[2026-07-12 00:34:55] 仓库 https://github.com/phanuphun/vas (分支: main, size: 2874KB, pushed: 2026-07-11T14:48:18Z)
[2026-07-12 00:34:55] ⚠️ Worker 异常: phanuphun/vas: 限流超限
[2026-07-12 00:34:55] 仓库 https://github.com/okhsunrog/floppa-vpn (分支: main, size: 13115KB, pushed: 2026-07-11T14:27:05Z)
[2026-07-12 00:34:55] ⚠️ Worker 异常: okhsunrog/floppa-vpn: 限流超限
[2026-07-12 00:34:55] 仓库 https://github.com/average-vibecoding-enjoyer/pinus-smart-awg (分支: main, size: 760KB, pushed: 2026-07-11T16:20:11Z)
[2026-07-12 00:34:55] ⚠️ Worker 异常: average-vibecoding-enjoyer/pinus-smart-awg: 限流超限
[2026-07-12 00:34:55] 仓库 https://github.com/Maku-hub/smart-homelab (分支: main, size: 4224KB, pushed: 2026-07-11T12:58:58Z)
[2026-07-12 00:34:55] ⚠️ Worker 异常: Maku-hub/smart-homelab: 限流超限
[2026-07-12 00:34:55] 仓库 https://github.com/hkdone/headscalemanager (分支: master, size: 18827KB, pushed: 2026-07-11T12:31:27Z)
[2026-07-12 00:34:55] ⚠️ Worker 异常: hkdone/headscalemanager: 限流超限
[2026-07-12 00:34:55] 仓库 https://github.com/wwlwgo/engineering-nas-gateway (分支: main, size: 25KB, pushed: 2026-07-11T12:16:01Z)
[2026-07-12 00:34:55] ⚠️ Worker 异常: wwlwgo/engineering-nas-gateway: 限流超限
[2026-07-12 00:34:55] 仓库 https://github.com/nucleoid/pi-remote (分支: main, size: 3440KB, pushed: 2026-07-11T11:14:30Z)
[2026-07-12 00:34:55] ⚠️ Worker 异常: nucleoid/pi-remote: 限流超限
[2026-07-12 00:34:55] 仓库 https://github.com/GeiserX/tailscale-rs (分支: main, size: 8428KB, pushed: 2026-07-11T11:02:15Z)
[2026-07-12 00:34:55] ⚠️ Worker 异常: GeiserX/tailscale-rs: 限流超限
[2026-07-12 00:34:55] 仓库 https://github.com/JPClaw12/surfshark-cli (分支: main, size: 41KB, pushed: 2026-07-11T10:47:37Z)
[2026-07-12 00:34:55] ⚠️ Worker 异常: JPClaw12/surfshark-cli: 限流超限
[2026-07-12 00:34:55] 仓库 https://github.com/Garfieldttt/hekate (分支: main, size: 1020KB, pushed: 2026-07-11T09:52:03Z)
[2026-07-12 00:34:55] ⚠️ Worker 异常: Garfieldttt/hekate: 限流超限
[2026-07-12 00:34:55] 仓库 https://github.com/RecordEvolutionApps/wireguard-easy (分支: master, size: 61KB, pushed: 2026-07-11T09:36:30Z)
[2026-07-12 00:34:55] ⚠️ Worker 异常: RecordEvolutionApps/wireguard-easy: 限流超限
[2026-07-12 00:34:55] 仓库 https://github.com/dedene/vpngrok (分支: main, size: 18KB, pushed: 2026-07-11T09:30:36Z)
[2026-07-12 00:34:55] ⚠️ Worker 异常: dedene/vpngrok: 限流超限
[2026-07-12 00:34:55] 仓库 https://github.com/fernvenue/wg-ddns (分支: master, size: 99KB, pushed: 2026-07-11T07:40:23Z)
[2026-07-12 00:34:55] ⚠️ Worker 异常: fernvenue/wg-ddns: 限流超限
[2026-07-12 00:34:55] 仓库 https://github.com/InvictusSn/InvictusLink (分支: main, size: 65944KB, pushed: 2026-07-11T07:06:26Z)
[2026-07-12 00:34:55] ⚠️ Worker 异常: InvictusSn/InvictusLink: 限流超限
[2026-07-12 00:34:55] 仓库 https://github.com/Bios-Mod/build-your-infra (分支: main, size: 1374KB, pushed: 2026-07-11T06:42:58Z)
[2026-07-12 00:34:55] ⚠️ Worker 异常: Bios-Mod/build-your-infra: 限流超限
[2026-07-12 00:34:55] 仓库 https://github.com/affectioned/mullvad_server_picker (分支: master, size: 8KB, pushed: 2026-07-11T04:28:03Z)
[2026-07-12 00:34:55] ⚠️ Worker 异常: affectioned/mullvad_server_picker: 限流超限
[2026-07-12 00:34:55] 仓库 https://github.com/cesarvcanal/mikrotik-wireguard-filial (分支: main, size: 6KB, pushed: 2026-07-11T03:45:36Z)
[2026-07-12 00:34:55] ⚠️ Worker 异常: cesarvcanal/mikrotik-wireguard-filial: 限流超限
[2026-07-12 00:34:55] 仓库 https://github.com/dantraynor/tailchrome (分支: main, size: 1770KB, pushed: 2026-07-11T01:09:06Z)
[2026-07-12 00:34:55] ⚠️ Worker 异常: dantraynor/tailchrome: 限流超限
[2026-07-12 00:34:55] 仓库 https://github.com/floppy007/floppyguard (分支: master, size: 17765KB, pushed: 2026-07-10T23:42:01Z)
[2026-07-12 00:34:55] ⚠️ Worker 异常: floppy007/floppyguard: 限流超限
[2026-07-12 00:34:55] 仓库 https://github.com/HoratioConkerhead/gatecrash (分支: master, size: 1747KB, pushed: 2026-07-10T22:51:16Z)
[2026-07-12 00:34:55] ⚠️ Worker 异常: HoratioConkerhead/gatecrash: 限流超限
[2026-07-12 00:34:55] 仓库 https://github.com/Sirherobrine23/Wireguard-tools.js (分支: main, size: 1463KB, pushed: 2026-07-10T21:00:28Z)
[2026-07-12 00:34:55] ⚠️ Worker 异常: Sirherobrine23/Wireguard-tools.js: 限流超限
[2026-07-12 00:34:55] 仓库 https://github.com/BTreeMap/Dockerfiles (分支: main, size: 708KB, pushed: 2026-07-10T17:56:52Z)
[2026-07-12 00:34:55] ⚠️ Worker 异常: BTreeMap/Dockerfiles: 限流超限
[2026-07-12 00:34:55] 仓库 https://github.com/mihsergeev/amnezia-control (分支: main, size: 5685KB, pushed: 2026-07-10T17:47:09Z)
[2026-07-12 00:34:55] ⚠️ Worker 异常: mihsergeev/amnezia-control: 限流超限
[2026-07-12 00:34:55] 仓库 https://github.com/Terence0816/easy-wireguard-server (分支: main, size: 4111KB, pushed: 2026-07-10T17:20:27Z)
[2026-07-12 00:34:55] ⚠️ Worker 异常: Terence0816/easy-wireguard-server: 限流超限
[2026-07-12 00:34:55] 仓库 https://github.com/sandialabs/wiretap (分支: main, size: 7659KB, pushed: 2026-07-10T17:19:19Z)
[2026-07-12 00:34:55] ⚠️ Worker 异常: sandialabs/wiretap: 限流超限
[2026-07-12 00:34:55] 仓库 https://github.com/tinosingh/wildflora (分支: main, size: 39KB, pushed: 2026-07-10T16:47:16Z)
[2026-07-12 00:34:55] ⚠️ Worker 异常: tinosingh/wildflora: 限流超限
[2026-07-12 00:34:55] 仓库 https://github.com/lanbat/openwrt-router (分支: main, size: 345KB, pushed: 2026-07-10T16:45:46Z)
[2026-07-12 00:34:55] ⚠️ Worker 异常: lanbat/openwrt-router: 限流超限
[2026-07-12 00:34:55] ⚠️ 仓库 https://github.com/gnxD3RfTT2WE/rotating-socks5-proxies 大小为 0，跳过
[2026-07-12 00:34:55] 仓库 https://github.com/Ch4120N/Ch4120N-Proxy-List (分支: master, size: 3243KB, pushed: 2026-07-11T15:44:54Z)
[2026-07-12 00:34:55] ⚠️ Worker 异常: Ch4120N/Ch4120N-Proxy-List: 限流超限
[2026-07-12 00:34:55] 仓库 https://github.com/gnxD3RfTT2WE/rotating-http-proxies (分支: main, size: 12KB, pushed: 2026-07-11T15:17:56Z)
[2026-07-12 00:34:55] ⚠️ Worker 异常: gnxD3RfTT2WE/rotating-http-proxies: 限流超限
[2026-07-12 00:34:55] 仓库 https://github.com/haker23378-netizen/free-vpn-telegram (分支: main, size: 6327KB, pushed: 2026-07-11T14:18:28Z)
[2026-07-12 00:34:55] ⚠️ Worker 异常: haker23378-netizen/free-vpn-telegram: 限流超限
[2026-07-12 00:34:55] 仓库 https://github.com/gnxD3RfTT2WE/proxies-st-http-socks (分支: main, size: 10KB, pushed: 2026-07-11T14:17:27Z)
[2026-07-12 00:34:55] ⚠️ Worker 异常: gnxD3RfTT2WE/proxies-st-http-socks: 限流超限
[2026-07-12 00:34:55] 仓库 https://github.com/gnxD3RfTT2WE/mixed-proxy-list (分支: main, size: 10KB, pushed: 2026-07-11T11:16:23Z)
[2026-07-12 00:34:55] ⚠️ Worker 异常: gnxD3RfTT2WE/mixed-proxy-list: 限流超限
[2026-07-12 00:34:55] 仓库 https://github.com/gnxD3RfTT2WE/geo-proxy-list (分支: main, size: 11KB, pushed: 2026-07-11T10:16:02Z)
[2026-07-12 00:34:55] ⚠️ Worker 异常: gnxD3RfTT2WE/geo-proxy-list: 限流超限
[2026-07-12 00:34:55] 仓库 https://github.com/gnxD3RfTT2WE/public-socks5-proxies (分支: main, size: 10KB, pushed: 2026-07-11T08:15:21Z)
[2026-07-12 00:34:55] ⚠️ Worker 异常: gnxD3RfTT2WE/public-socks5-proxies: 限流超限
[2026-07-12 00:34:55] 仓库 https://github.com/gnxD3RfTT2WE/public-http-proxies (分支: main, size: 11KB, pushed: 2026-07-11T07:14:59Z)
[2026-07-12 00:34:55] ⚠️ Worker 异常: gnxD3RfTT2WE/public-http-proxies: 限流超限
[2026-07-12 00:34:55] 仓库 https://github.com/gnxD3RfTT2WE/bot-proxy-list (分支: main, size: 10KB, pushed: 2026-07-11T05:14:19Z)
[2026-07-12 00:34:55] ⚠️ Worker 异常: gnxD3RfTT2WE/bot-proxy-list: 限流超限
[2026-07-12 00:34:55] 仓库 https://github.com/gnxD3RfTT2WE/http-socks4-socks5-proxies (分支: main, size: 11KB, pushed: 2026-07-11T02:13:08Z)
[2026-07-12 00:34:55] ⚠️ Worker 异常: gnxD3RfTT2WE/http-socks4-socks5-proxies: 限流超限
[2026-07-12 00:34:55] 仓库 https://github.com/gnxD3RfTT2WE/verified-proxy-list (分支: main, size: 10KB, pushed: 2026-07-10T23:12:04Z)
[2026-07-12 00:34:55] ⚠️ Worker 异常: gnxD3RfTT2WE/verified-proxy-list: 限流超限
[2026-07-12 00:34:55] 仓库 https://github.com/gnxD3RfTT2WE/plain-text-proxy-list (分支: main, size: 11KB, pushed: 2026-07-10T19:10:29Z)
[2026-07-12 00:34:55] ⚠️ Worker 异常: gnxD3RfTT2WE/plain-text-proxy-list: 限流超限
[2026-07-12 00:34:55] 仓库 https://github.com/gnxD3RfTT2WE/txt-proxy-list (分支: main, size: 12KB, pushed: 2026-07-10T18:10:05Z)
[2026-07-12 00:34:55] ⚠️ Worker 异常: gnxD3RfTT2WE/txt-proxy-list: 限流超限
[2026-07-12 00:34:55] ⏭️ 仓库 https://github.com/gnxD3RfTT2WE/free-rotating-proxies 24h 未更新，跳过
[2026-07-12 00:34:55] 仓库 https://github.com/NetScanner-X/Proxy-Checker (分支: main, size: 504KB, pushed: 2026-07-11T15:28:40Z)
[2026-07-12 00:34:55] ⚠️ Worker 异常: NetScanner-X/Proxy-Checker: 限流超限
[2026-07-12 00:34:55] 仓库 https://github.com/kawaiipantsu/ip-blacklist-collection (分支: main, size: 298067KB, pushed: 2026-07-11T10:00:33Z)
[2026-07-12 00:34:55] ⚠️ Worker 异常: kawaiipantsu/ip-blacklist-collection: 限流超限
[2026-07-12 00:34:55] 仓库 https://github.com/solovyov-jenya2004/all_subs (分支: main, size: 26401904KB, pushed: 2026-07-11T16:22:21Z)
[2026-07-12 00:34:55] ⚠️ Worker 异常: solovyov-jenya2004/all_subs: 限流超限
[2026-07-12 00:34:55] ⚠️ 仓库 https://github.com/Skytrespigot/happ-windows64 大小为 0，跳过
[2026-07-12 00:34:55] 仓库 https://github.com/FLEXIY0/matryoshka-vpn (分支: main, size: 32373KB, pushed: 2026-07-11T16:06:15Z)
[2026-07-12 00:34:55] ⚠️ Worker 异常: FLEXIY0/matryoshka-vpn: 限流超限
[2026-07-12 00:34:55] ⚠️ 仓库 https://github.com/ShipperExist/happ-win64 大小为 0，跳过
[2026-07-12 00:34:55] ⚠️ 仓库 https://github.com/ShipperExist/happ-proxy 大小为 0，跳过
[2026-07-12 00:34:55] 仓库 https://github.com/xiaoqianran/figma-001 (分支: main, size: 1143KB, pushed: 2026-07-11T15:57:23Z)
[2026-07-12 00:34:55] ⚠️ Worker 异常: xiaoqianran/figma-001: 限流超限
[2026-07-12 00:34:55] ⚠️ 仓库 https://github.com/Tailtruseize/happ-windows-64 大小为 0，跳过
[2026-07-12 00:34:55] 仓库 https://github.com/terraform-ibm-modules/terraform-ibm-client-to-site-vpn (分支: main, size: 2048KB, pushed: 2026-07-11T15:50:34Z)
[2026-07-12 00:34:55] ⚠️ Worker 异常: terraform-ibm-modules/terraform-ibm-client-to-site-vpn: 限流超限
[2026-07-12 00:34:55] ⚠️ 仓库 https://github.com/PlatoonLoopTea/StrongVPN-Premium-client-crackeds 大小为 0，跳过
[2026-07-12 00:34:55] ⚠️ 仓库 https://github.com/PlatoonLoopTea/-Perfect-Privacy-VPN-protection-crackeds 大小为 0，跳过
[2026-07-12 00:34:55] 仓库 https://github.com/Sabariranil/nashvpn (分支: main, size: 12552KB, pushed: 2026-07-11T15:43:59Z)
[2026-07-12 00:34:55] ⚠️ Worker 异常: Sabariranil/nashvpn: 限流超限
[2026-07-12 00:34:55] ⚠️ 仓库 https://github.com/ClosedStarlingHex/happ-windows-64 大小为 0，跳过
[2026-07-12 00:34:55] ⚠️ 仓库 https://github.com/Streameomar/VyprVPN-Premium-crackeds-2026 大小为 0，跳过
[2026-07-12 00:34:55] ⚠️ 仓库 https://github.com/DomeDeveloperImprove/happ-vpn 大小为 0，跳过
[2026-07-12 00:34:55] ⚠️ 仓库 https://github.com/Streameomar/Malwarebytes-Privacy-VPN-crackeds 大小为 0，跳过
[2026-07-12 00:34:55] 仓库 https://github.com/tourrty-droid/BlankedVPN (分支: main, size: 2835KB, pushed: 2026-07-11T15:28:07Z)
[2026-07-12 00:34:55] ⚠️ Worker 异常: tourrty-droid/BlankedVPN: 限流超限
[2026-07-12 00:34:55] 仓库 https://github.com/Code-Leafy/G2Leafy (分支: main, size: 9927KB, pushed: 2026-07-11T14:44:48Z)
[2026-07-12 00:34:55] ⚠️ Worker 异常: Code-Leafy/G2Leafy: 限流超限
[2026-07-12 00:34:55] 仓库 https://github.com/xtclovver/RKNHardering (分支: main, size: 16236KB, pushed: 2026-07-11T14:40:51Z)
[2026-07-12 00:34:55] ⚠️ Worker 异常: xtclovver/RKNHardering: 限流超限
[2026-07-12 00:34:55] 仓库 https://github.com/Rodrigotravelworn727/vpnx (分支: main, size: 38KB, pushed: 2026-07-11T14:37:53Z)
[2026-07-12 00:34:55] ⚠️ Worker 异常: Rodrigotravelworn727/vpnx: 限流超限
[2026-07-12 00:34:55] 仓库 https://github.com/code-Uchiha/Form-Z-Setup-Help (分支: main, size: 4KB, pushed: 2026-07-11T14:37:37Z)
[2026-07-12 00:34:55] ⚠️ Worker 异常: code-Uchiha/Form-Z-Setup-Help: 限流超限
[2026-07-12 00:34:55] 仓库 https://github.com/rajputkishankr1012-ctrl/CyberGhost-VPN-2026 (分支: main, size: 385KB, pushed: 2026-07-11T14:33:58Z)
[2026-07-12 00:34:55] ⚠️ Worker 异常: rajputkishankr1012-ctrl/CyberGhost-VPN-2026: 限流超限
[2026-07-12 00:34:55] 仓库 https://github.com/Sayali204334/Panda-Dome-Essential-2026 (分支: main, size: 471KB, pushed: 2026-07-11T14:33:30Z)
[2026-07-12 00:34:55] ⚠️ Worker 异常: Sayali204334/Panda-Dome-Essential-2026: 限流超限
[2026-07-12 00:34:55] 仓库 https://github.com/shini4i/openfortivpn-gui (分支: main, size: 367KB, pushed: 2026-07-11T14:25:18Z)
[2026-07-12 00:34:55] ⚠️ Worker 异常: shini4i/openfortivpn-gui: 限流超限
[2026-07-12 00:34:55] 仓库 https://github.com/NetSepio/erebrus (分支: main, size: 1245KB, pushed: 2026-07-11T14:06:10Z)
[2026-07-12 00:34:55] ⚠️ Worker 异常: NetSepio/erebrus: 限流超限
[2026-07-12 00:34:55] 仓库 https://github.com/mazze93/daedalus (分支: main, size: 343KB, pushed: 2026-07-11T13:58:59Z)
[2026-07-12 00:34:55] ⚠️ Worker 异常: mazze93/daedalus: 限流超限
[2026-07-12 00:34:55] 仓库 https://github.com/Micky203/zenproxy (分支: main, size: 16980KB, pushed: 2026-07-11T13:54:14Z)
[2026-07-12 00:34:55] ⚠️ Worker 异常: Micky203/zenproxy: 限流超限
[2026-07-12 00:34:55] 仓库 https://github.com/ZeroTworu/anet (分支: master, size: 1816KB, pushed: 2026-07-11T12:58:42Z)
[2026-07-12 00:34:55] ⚠️ Worker 异常: ZeroTworu/anet: 限流超限
[2026-07-12 00:34:55] 仓库 https://github.com/ssrlive/anytls-rs (分支: master, size: 248KB, pushed: 2026-07-11T12:27:13Z)
[2026-07-12 00:34:55] ⚠️ Worker 异常: ssrlive/anytls-rs: 限流超限
[2026-07-12 00:34:55] 仓库 https://github.com/Sir-MmD/RTX-VPN (分支: v2, size: 84132KB, pushed: 2026-07-11T11:43:51Z)
[2026-07-12 00:34:55] ⚠️ Worker 异常: Sir-MmD/RTX-VPN: 限流超限
[2026-07-12 00:34:55] 仓库 https://github.com/pritunl/pritunl-client (分支: master, size: 428315KB, pushed: 2026-07-11T11:33:44Z)
[2026-07-12 00:34:55] ⚠️ Worker 异常: pritunl/pritunl-client: 限流超限
[2026-07-12 00:34:55] 仓库 https://github.com/evokelektrique/tunnel-forge (分支: main, size: 3294KB, pushed: 2026-07-11T11:22:21Z)
[2026-07-12 00:34:55] ⚠️ Worker 异常: evokelektrique/tunnel-forge: 限流超限
[2026-07-12 00:34:55] 仓库 https://github.com/kureinmaxim/vpn-server-manager (分支: main, size: 30042KB, pushed: 2026-07-11T11:01:57Z)
[2026-07-12 00:34:55] ⚠️ Worker 异常: kureinmaxim/vpn-server-manager: 限流超限
[2026-07-12 00:34:55] 仓库 https://github.com/M-Fahim-Feroz/GateKeeper-Mobile (分支: master, size: 12641KB, pushed: 2026-07-11T10:36:08Z)
[2026-07-12 00:34:55] ⚠️ Worker 异常: M-Fahim-Feroz/GateKeeper-Mobile: 限流超限
[2026-07-12 00:34:55] 仓库 https://github.com/EnamelBossStrainer/happ-windows64 (分支: main, size: 4KB, pushed: 2026-07-11T10:36:49Z)
[2026-07-12 00:34:55] ⚠️ Worker 异常: EnamelBossStrainer/happ-windows64: 限流超限
[2026-07-12 00:34:55] 仓库 https://github.com/Mythicinignite/happ-win64 (分支: main, size: 4KB, pushed: 2026-07-11T10:30:30Z)
[2026-07-12 00:34:55] ⚠️ Worker 异常: Mythicinignite/happ-win64: 限流超限
[2026-07-12 00:34:55] 仓库 https://github.com/BeingStarlingLook/happ-proxy (分支: main, size: 4KB, pushed: 2026-07-11T10:26:56Z)
[2026-07-12 00:34:55] ⚠️ Worker 异常: BeingStarlingLook/happ-proxy: 限流超限
[2026-07-12 00:34:55] 仓库 https://github.com/po4yka/ripdpi-vpn-deploy (分支: main, size: 2625KB, pushed: 2026-07-11T10:22:37Z)
[2026-07-12 00:34:55] ⚠️ Worker 异常: po4yka/ripdpi-vpn-deploy: 限流超限
[2026-07-12 00:34:55] 仓库 https://github.com/CementType21/happ-windows-64 (分支: main, size: 4KB, pushed: 2026-07-11T10:22:37Z)
[2026-07-12 00:34:55] ⚠️ Worker 异常: CementType21/happ-windows-64: 限流超限
[2026-07-12 00:34:55] 👤 遍历用户仓库: kimi2062
[2026-07-12 00:34:55]   用户 kimi2062 共查 0 个仓库
[2026-07-12 00:34:55] 仓库 https://github.com/entheosl/cloudflare_temp_email 无候选文件 (总计 418 blob, 扩展名过滤 278, processed_shas 跳过 2, SHA 缓存跳过 138)
[2026-07-12 00:34:55] 🔗 查子仓库: entheosl/cloudflare_temp_email
[2026-07-12 00:34:55] 🔗 开始 Fork 链追踪 (entheosl/cloudflare_temp_email)
[2026-07-12 00:34:55] 👤 遍历用户仓库: entheosl
[2026-07-12 00:34:55]   用户 entheosl 共查 0 个仓库
[2026-07-12 00:34:55] 仓库 https://github.com/iyangl/cloudflare_temp_email 无候选文件 (总计 418 blob, 扩展名过滤 278, processed_shas 跳过 2, SHA 缓存跳过 138)
[2026-07-12 00:34:55] 🔗 查子仓库: iyangl/cloudflare_temp_email
[2026-07-12 00:34:55] 🔗 开始 Fork 链追踪 (iyangl/cloudflare_temp_email)
[2026-07-12 00:34:55] 👤 遍历用户仓库: iyangl
[2026-07-12 00:34:55]   用户 iyangl 共查 0 个仓库
[2026-07-12 00:34:55] 👤 遍历用户仓库: fruitsugar9
[2026-07-12 00:34:55]   用户 fruitsugar9 共查 0 个仓库
[2026-07-12 00:34:55] 👤 遍历用户仓库: ark-soo
[2026-07-12 00:34:55]   用户 ark-soo 共查 0 个仓库
[2026-07-12 00:34:55] 👤 遍历用户仓库: youjiaping123
[2026-07-12 00:34:55]   用户 youjiaping123 共查 0 个仓库
[2026-07-12 00:34:55] 👤 遍历用户仓库: xuuaaannnn
[2026-07-12 00:34:55]   用户 xuuaaannnn 共查 0 个仓库
[2026-07-12 00:34:57] ⏱️ [103/122] topic:vpn pushed:>2026-07-10T15:34:47Z fork:true | 736s | +0
[2026-07-12 00:34:57] ⏳ 等待队列清空 (剩余 0)...
[2026-07-12 00:34:57] 📦 批次 0036 已持久化: /home/runner/work/test-college/test-college/batches/no_batch_0036.txt (241 个节点, 累计 178820 个)
[2026-07-12 00:35:00] SHA 缓存已保存: 1167338 条, 2 分片
[2026-07-12 00:35:01] 保存 no_w_li.txt (36 分片)
[2026-07-12 00:35:04] SHA 缓存已保存: 1167338 条, 2 分片

============================================================
  搜集完成 — 总耗时 3610s
============================================================
  [Code]
    文件匹配: 0, 仓库处理: 0, 耗时: 138s
    新增节点: 42450, API 调用: 28
  [GitHub]
    检查仓库: 1647, 下载文件: 8634, 耗时: 3610s
    新增节点: 715410, API 调用: 289
    API 详情:
API 调用统计
========================================
  总请求数:    289

  按端点类型:
    repo            38
    search          251

  按状态码:
    2xx             287
    4xx             2

  最后剩余配额: 23
========================================
  [种子仓库]
    检查仓库: 0, 下载文件: 8634, 耗时: 40s
    新增节点: 674253, API 调用: 0
  ─────────────────────────
  节点总数: 178820, 批次: 36, 源链接: 3582
  新增节点: 1432113, 总API: 317
  限流等待: 6797s
============================================================
[2026-07-12 00:35:04] 🎉 全部完成，总耗时 3617.6 秒
